date,commodity,price_ngn_mt,currency,unit,source,market_type,region,fx_rate,rainfall_index,data_quality_score,is_validated,notes,data_source,record_type,outlier_flag,outlier_reason,price_raw_ngn_mt,fx_rate_usd_ngn,fuel_diesel_ngn_litre,fuel_petrol_ngn_litre,headline_inflation_yoy,food_inflation_yoy,season_dry,season_rainy,season_planting,season_planting_early,season_planting_late,season_harvesting,season_harvest_early,season_harvest_lean,cashew_harvest,cocoa_main_crop,cocoa_mid_crop,sesame_harvest,ginger_harvest,hibiscus_harvest,sorghum_harvest,maize_harvest,soybean_harvest,is_ramadan,is_lean_season,is_festive_period,month_sin,month_cos,week_sin,week_cos,price_usd_mt,price_lag_1w,price_lag_2w,price_lag_4w,price_lag_8w,price_lag_12w,price_lag_26w,price_lag_52w,rolling_mean_4w,rolling_std_4w,rolling_mean_8w,rolling_std_8w,rolling_mean_12w,rolling_std_12w,rolling_mean_26w,rolling_std_26w,rolling_max_4w,rolling_min_4w,rolling_max_12w,rolling_min_12w,pct_change_1w,pct_change_4w,pct_change_12w,pct_change_52w,momentum_4w_vs_26w,acceleration_1w,price_zscore_52w,log_price,fuel_cost_index,shock_active,shock_severity,commodity_season_score,price_real_ngn_mt,weeks_since_start,year,quarter
2002-01-14,Beans (white),197460.0,NGN,NGN/MT,WFP Nigeria Food Prices,wholesale,National,,,0.96,True,WFP VAM data,WFP,historical,False,,196870.0,120.97,160.55555555555554,97.0,11.4,12.5,1,0,0,0,0,0,0,0,0,1,0,0,1,0,0,0,0,0,0,1,0.4999999999999999,0.8660254037844387,0.3546048870425356,0.9350162426854148,1632.31,,,,,,,,,,,,,,,,,,,,,,,,,,,12.19329637546944,1.0,0,0,0.0,177253.14,0,2002,1
2002-01-21,Beans (white),198050.0,NGN,NGN/MT,Interpolated,wholesale,National,,,0.69,False,Gap-filled by interpolation,Interpolated,historical,False,,198050.0,120.97,160.55555555555554,97.0,11.4,12.5,1,0,0,0,0,0,0,0,0,1,0,0,1,0,0,0,0,0,0,1,0.4999999999999999,0.8660254037844387,0.4647231720437685,0.8854560256532099,1637.18,197460.0,,,,,,,197755.0,417.19300090006305,197755.0,417.19300090006305,197755.0,417.19300090006305,197755.0,417.19300090006305,198050.0,197460.0,198050.0,197460.0,0.2987946925959717,,,,0.0,,,12.196279852267308,1.0,0,0,0.0,177782.76,1,2002,1
2002-01-28,Beans (white),199230.0,NGN,NGN/MT,Interpolated,wholesale,National,,,0.69,False,Gap-filled by interpolation,Interpolated,historical,False,,199230.0,120.97,160.55555555555554,97.0,11.4,12.5,1,0,0,0,0,0,0,0,0,1,0,0,1,0,0,0,0,0,0,1,0.4999999999999999,0.8660254037844387,0.5680647467311558,0.8229838658936564,1646.94,198050.0,197460.0,,,,,,198246.66666666666,901.2398866746526,198246.66666666666,901.2398866746526,198246.66666666666,901.2398866746526,198246.66666666666,901.2398866746526,199230.0,197460.0,199230.0,197460.0,0.5958091391062847,,,,0.0,0.29701444651031306,,12.202220234514671,1.0,0,0,0.0,178842.01,2,2002,1
2002-02-04,Beans (white),200410.0,NGN,NGN/MT,Interpolated,wholesale,National,,,0.69,False,Gap-filled by interpolation,Interpolated,historical,False,,200410.0,120.97,160.55555555555554,97.0,11.4,12.5,1,0,0,0,0,0,0,0,1,1,0,0,1,0,0,0,0,0,0,0,0.8660254037844386,0.5000000000000001,0.6631226582407952,0.7485107481711011,1656.69,199230.0,198050.0,,,,,,198787.5,1308.2399117389273,198787.5,1308.2399117389273,198787.5,1308.2399117389273,198787.5,1308.2399117389273,200410.0,197460.0,200410.0,197460.0,0.5922802790744308,,,,0.0,-0.003528860031853931,,12.208125536905994,1.0,0,0,0.0,179901.26,3,2002,1
2002-02-11,Beans (white),201590.0,NGN,NGN/MT,WFP Nigeria Food Prices,wholesale,National,,,0.96,True,WFP VAM data,WFP,historical,False,,201590.0,120.97,160.55555555555554,97.0,11.4,12.5,1,0,0,0,0,0,0,0,1,1,0,0,1,0,0,0,0,0,0,0,0.8660254037844386,0.5000000000000001,0.7485107481711011,0.6631226582407953,1666.45,200410.0,199230.0,197460.0,,,,,199820.0,1523.373449508254,199348.0,1689.5028854666118,199348.0,1689.5028854666118,199348.0,1689.5028854666118,201590.0,198050.0,201590.0,197460.0,0.5887929744024856,2.0915628481717796,,,0.237,-0.003487304671945246,,12.213996171325686,1.0,0,0,0.0,180960.5,4,2002,1
2002-02-18,Beans (white),209525.0,NGN,NGN/MT,Interpolated,wholesale,National,,,0.69,False,Gap-filled by interpolation,Interpolated,historical,False,,209525.0,120.97,160.55555555555554,97.0,11.4,12.5,1,0,0,0,0,0,0,0,1,1,0,0,1,0,0,0,0,0,0,0,0.8660254037844386,0.5000000000000001,0.8229838658936564,0.5680647467311559,1732.04,201590.0,200410.0,198050.0,,,,,202688.75,4658.226370268697,201044.16666666666,4421.020715475861,201044.16666666666,4421.020715475861,201044.16666666666,4421.020715475861,209525.0,199230.0,209525.0,197460.0,3.936207153132587,5.793991416309008,,,0.818,3.3474141787301015,,12.252603115655873,1.0,0,0,0.0,188083.48,5,2002,1
2002-02-25,Beans (white),217460.0,NGN,NGN/MT,Interpolated,wholesale,National,,,0.69,False,Gap-filled by interpolation,Interpolated,historical,False,,217460.0,120.97,160.55555555555554,97.0,11.4,12.5,1,0,0,0,0,0,0,0,1,1,0,0,1,0,0,0,0,0,0,0,0.8660254037844386,0.5000000000000001,0.8854560256532099,0.4647231720437686,1797.64,209525.0,201590.0,199230.0,,,,,207246.25,7921.297636751195,203389.2857142857,7401.684734218417,203389.2857142857,7401.684734218417,203389.2857142857,7401.684734218417,217460.0,200410.0,217460.0,197460.0,3.787137573081978,9.150228379260161,,,1.896,-0.14906958005060922,,12.289774803088026,1.0,0,0,0.0,195206.46,6,2002,1
2002-03-04,Beans (white),225395.0,NGN,NGN/MT,Interpolated,wholesale,National,,,0.69,False,Gap-filled by interpolation,Interpolated,historical,False,,225395.0,120.97,160.55555555555554,97.0,11.4,12.5,1,0,0,1,0,0,0,0,1,1,0,0,0,0,0,0,0,0,0,0,1.0,6.123233995736766e-17,0.9350162426854148,0.3546048870425355,1863.23,217460.0,209525.0,200410.0,,,,,213492.5,10244.040950718621,206140.0,10367.736011299674,206140.0,10367.736011299674,206140.0,10367.736011299674,225395.0,201590.0,225395.0,197460.0,3.648946932769248,12.466942767326984,,,3.567,-0.13819064031272976,,12.32561413420142,1.0,0,0,0.0,202329.44,7,2002,1
2002-03-11,Beans (white),233330.0,NGN,NGN/MT,WFP Nigeria Food Prices,wholesale,National,,,0.96,True,WFP VAM data,WFP,historical,False,,233330.0,120.97,160.55555555555554,97.0,11.4,12.5,1,0,0,1,0,0,0,0,1,1,0,0,0,0,0,0,0,0,0,0,1.0,6.123233995736766e-17,0.970941817426052,0.239315664287558,1928.83,225395.0,217460.0,201590.0,197460.0,,,,221427.5,10244.040950718621,210623.75,13392.701837194765,209161.11111111112,13273.948823206721,209161.11111111112,13273.948823206721,233330.0,209525.0,233330.0,197460.0,3.5204862574591322,15.744828612530393,,,5.865,-0.12846067531011585,,12.360213325307432,1.0,0,0,0.0,209452.42,8,2002,1
2002-03-18,Beans (white),269768.0,NGN,NGN/MT,Interpolated,wholesale,National,,,0.69,False,Gap-filled by interpolation,Interpolated,historical,False,,269768.0,120.97,160.55555555555554,97.0,11.4,12.5,1,0,0,1,0,0,0,0,1,1,0,0,0,0,0,0,0,0,0,0,1.0,6.123233995736766e-17,0.992708874098054,0.120536680255323,2230.04,233330.0,225395.0,209525.0,198050.0,,,,236488.25,23113.13332826166,219588.5,23762.39651213657,215221.8,22889.7289474753,215221.8,22889.7289474753,269768.0,217460.0,269768.0,197460.0,15.61650880726868,28.752177544445768,,,9.881,12.096022549809547,,12.50532131622842,1.0,0,0,0.0,242161.58,9,2002,1
2002-03-25,Beans (white),306206.0,NGN,NGN/MT,Interpolated,wholesale,National,,,0.69,False,Gap-filled by interpolation,Interpolated,historical,False,,306206.0,120.97,160.55555555555554,97.0,11.4,12.5,1,0,0,1,0,0,0,0,1,1,0,0,0,0,0,0,0,0,0,0,1.0,6.123233995736766e-17,1.0,-1.6081226496766364e-16,2531.26,269768.0,233330.0,217460.0,199230.0,,,,258674.75,37113.241279225396,232960.5,37052.47269173042,223493.0909090909,34987.17634349632,223493.0909090909,34987.17634349632,306206.0,225395.0,306206.0,197460.0,13.507161709320602,40.81026395658971,,,15.742,-2.1093470979480777,,12.632016622819659,1.0,0,0,0.0,274870.74,10,2002,1
2002-04-01,Beans (white),342644.0,NGN,NGN/MT,Interpolated,wholesale,National,,,0.69,False,Gap-filled by interpolation,Interpolated,historical,False,,342644.0,120.97,160.55555555555554,97.0,11.4,12.5,0,1,1,1,0,0,0,0,1,0,0,0,0,0,0,0,0,0,0,0,0.8660254037844387,-0.4999999999999998,0.992708874098054,-0.1205366802553228,2832.47,306206.0,269768.0,225395.0,200410.0,,,,287987.0,47041.25572303528,250739.75,50782.901235835,233422.33333333334,47915.537393385974,233422.33333333334,47915.537393385974,342644.0,233330.0,342644.0,197460.0,11.89983213914816,52.019343818629515,,,23.376,-1.6073295701724426,2.279,12.74445020475808,1.0,0,0,0.333,307579.89,11,2002,2
2002-04-08,Beans (white),379082.0,NGN,NGN/MT,Interpolated,wholesale,National,,,0.69,False,Gap-filled by interpolation,Interpolated,historical,False,,379082.0,120.97,160.55555555555554,97.0,11.4,12.5,0,1,1,1,0,0,0,0,1,0,0,0,0,0,0,0,0,0,0,0,0.8660254037844387,-0.4999999999999998,0.970941817426052,-0.2393156642875575,3133.69,342644.0,306206.0,233330.0,201590.0,197460.0,,,324425.0,47041.25572303528,272926.25,63437.74266104188,248557.5,62106.547594363255,244626.92307692306,61127.98571230357,379082.0,269768.0,379082.0,198050.0,10.634361027772265,62.4660352290747,91.9791350146865,,32.62,-1.265471111375895,2.2,12.845510457449619,1.0,0,0,0.333,340289.05,12,2002,2
2002-04-15,Beans (white),394348.75,NGN,NGN/MT,WFP Nigeria Food Prices,wholesale,National,,,0.96,True,WFP VAM data,WFP,historical,False,,415520.0,120.97,160.55555555555554,97.0,11.4,12.5,0,1,1,1,0,0,0,0,1,0,0,0,0,0,0,0,0,0,0,0,0.8660254037844387,-0.4999999999999998,0.9350162426854148,-0.3546048870425354,3259.89,379082.0,342644.0,269768.0,209525.0,198050.0,,,355570.1875,39414.428692302834,296029.21875,70329.99567516358,264915.7291666667,72564.97832831826,255321.3392857143,71066.0611259535,394348.75,306206.0,394348.75,199230.0,4.027294886066857,46.180699712345415,99.11575359757636,,39.264,-6.607066141705408,1.956,12.884993484871327,1.0,0,0,0.333,353993.49,13,2002,2
2002-04-22,Beans (white),394348.75,NGN,NGN/MT,Interpolated,wholesale,National,,,0.69,False,Gap-filled by interpolation,Interpolated,historical,False,,394348.75,120.97,160.55555555555554,97.0,11.4,12.5,0,1,1,1,0,0,0,0,1,0,0,0,0,0,0,0,0,0,0,0,0.8660254037844387,-0.4999999999999998,0.8854560256532099,-0.4647231720437685,3259.89,394348.75,379082.0,306206.0,217460.0,199230.0,,,377605.875,24393.710767753906,318140.3125,69904.59048624137,281175.625,78153.76347213199,264589.8333333333,77318.93677337318,394348.75,342644.0,394348.75,200410.0,0.0,28.785441826744098,97.93643025648748,,42.714,-4.027294886066857,1.678,12.884993484871327,1.0,0,0,0.333,353993.49,14,2002,2
2002-04-29,Beans (white),373177.5,NGN,NGN/MT,Interpolated,wholesale,National,,,0.69,False,Gap-filled by interpolation,Interpolated,historical,False,,373177.5,120.97,160.55555555555554,97.0,11.4,12.5,0,1,1,1,0,0,0,0,1,0,0,0,0,0,0,0,0,0,0,0,0.8660254037844387,-0.4999999999999998,0.8229838658936565,-0.5680647467311557,3084.88,394348.75,394348.75,342644.0,225395.0,200410.0,,,385239.25,10791.408946086067,336613.125,60832.32575959455,295572.9166666667,77835.4867228962,271376.5625,79477.19926298044,394348.75,373177.5,394348.75,201590.0,-5.368661622485171,8.911143927808451,86.20702559752506,,41.957,-5.368661622485171,1.281,12.82981213643515,1.0,0,0,0.333,334988.78,15,2002,2
2002-05-06,Beans (white),352006.25,NGN,NGN/MT,Interpolated,wholesale,National,,,0.69,False,Gap-filled by interpolation,Interpolated,historical,False,,352006.25,120.97,160.55555555555554,97.0,11.4,12.5,0,1,1,1,0,0,0,0,1,0,1,0,0,0,0,0,0,0,0,0,0.4999999999999999,-0.8660254037844387,0.7485107481711013,-0.663122658240795,2909.86,373177.5,394348.75,379082.0,233330.0,201590.0,,,378470.3125,20269.92865508637,351447.65625,44260.65787628718,308107.6041666667,73304.16379377918,276119.48529411765,79399.34829862184,394348.75,352006.25,394348.75,209525.0,-5.673238606293252,-7.142452028848645,74.61493625675877,,37.068,-0.3045769838080803,0.956,12.771407050959036,1.0,0,0,0.333,315984.07,16,2002,2
2002-05-13,Beans (white),333450.0,NGN,NGN/MT,WFP Nigeria Food Prices,wholesale,National,,,0.96,True,WFP VAM data,WFP,historical,False,,330835.0,120.97,160.55555555555554,97.0,11.4,12.5,0,1,1,1,0,0,0,0,1,0,1,0,0,0,0,0,0,0,0,0,0.4999999999999999,-0.8660254037844387,0.6631226582407952,-0.7485107481711012,2756.47,352006.25,373177.5,394348.75,269768.0,209525.0,,,363245.625,26332.16882644053,359407.90625,31301.4504327725,318434.6875,66573.56020684981,279304.5138888889,78204.96928384599,394348.75,333450.0,394348.75,217460.0,-5.27156833152821,-15.442866244662879,59.14568667223481,,30.054,0.401670274765042,0.692,12.717251207006322,1.0,0,0,0.333,299326.75,17,2002,2
2002-05-20,Beans (white),333450.0,NGN,NGN/MT,Interpolated,wholesale,National,,,0.69,False,Gap-filled by interpolation,Interpolated,historical,False,,333450.0,120.97,160.55555555555554,97.0,11.4,12.5,0,1,1,1,0,0,0,0,1,0,1,0,0,0,0,0,0,0,0,0,0.4999999999999999,-0.8660254037844387,0.5680647467311558,-0.8229838658936564,2756.47,333450.0,352006.25,394348.75,306206.0,217460.0,,,348020.9375,18915.247745288063,362813.40625,25660.019542964375,328100.5208333333,58512.51629133586,282154.2763157895,77010.00102655745,373177.5,333450.0,394348.75,225395.0,0.0,-15.442866244662879,53.338545019773754,,23.344,5.27156833152821,0.666,12.717251207006322,1.0,0,0,0.333,299326.75,18,2002,2
2002-05-27,Beans (white),336065.0,NGN,NGN/MT,Interpolated,wholesale,National,,,0.69,False,Gap-filled by interpolation,Interpolated,historical,False,,336065.0,120.97,160.55555555555554,97.0,11.4,12.5,0,1,1,1,0,0,0,0,1,0,1,0,0,0,0,0,0,0,0,0,0.4999999999999999,-0.8660254037844387,0.464723172043769,-0.8854560256532096,2778.09,333450.0,333450.0,373177.5,342644.0,225395.0,,,338742.8125,8927.806420054067,361991.03125,26490.74799119145,337323.0208333333,48762.14537186168,284849.8125,75919.19959221687,352006.25,333450.0,394348.75,233330.0,0.7842255210676274,-9.944999363573636,49.100468067170965,,18.92,0.7842255210676274,0.675,12.725062848227203,1.0,0,0,0.333,301674.15,19,2002,2
2002-06-03,Beans (white),338680.0,NGN,NGN/MT,Interpolated,wholesale,National,,,0.69,False,Gap-filled by interpolation,Interpolated,historical,False,,338680.0,120.97,160.55555555555554,97.0,11.4,12.5,0,1,1,0,0,0,0,1,0,0,1,0,0,0,0,0,0,0,1,0,1.2246467991473532e-16,-1.0,0.3546048870425358,-0.9350162426854148,2799.7,336065.0,333450.0,352006.25,379082.0,233330.0,,,335411.25,2503.6718867828927,356940.78125,26617.880318512794,346102.1875,36203.49410060208,287413.15476190473,74923.45305691488,338680.0,333450.0,394348.75,269768.0,0.7781232797226645,-3.7857992578256727,45.150645009214415,,16.7,-0.006102241344962955,0.684,12.732813940391514,1.0,0,0,0.667,304021.54,20,2002,2
2002-06-10,Beans (white),341295.0,NGN,NGN/MT,WFP Nigeria Food Prices,wholesale,National,,,0.96,True,WFP VAM data,WFP,historical,False,,341295.0,120.97,160.55555555555554,97.0,11.4,12.5,0,1,1,0,0,0,0,1,0,0,1,0,0,0,0,0,0,0,1,0,1.2246467991473532e-16,-1.0,0.2393156642875576,-0.970941817426052,2821.32,338680.0,336065.0,333450.0,394348.75,269768.0,,,337372.5,3375.9504834441823,350309.0625,22210.60771293032,352062.7708333333,27282.163774337143,289862.32954545453,74014.72297199623,341295.0,333450.0,394348.75,306206.0,0.7721152710523205,2.3526765632028823,26.514264108419084,,16.391,-0.006008008670344012,0.695,12.740505414931599,1.0,0,0,0.667,306368.94,21,2002,2
2002-06-17,Beans (white),344791.11,NGN,NGN/MT,Interpolated,wholesale,National,,,0.69,False,Gap-filled by interpolation,Interpolated,historical,False,,344791.11,120.97,160.55555555555554,97.0,11.4,12.5,0,1,1,0,0,0,0,1,0,0,1,0,0,0,0,0,0,0,1,0,1.2246467991473532e-16,-1.0,0.120536680255323,-0.992708874098054,2850.22,341295.0,338680.0,333450.0,394348.75,306206.0,,,340207.77749999997,3727.6310204595125,344114.3575,13294.125605169478,355278.1966666667,23381.125104831237,292250.5373913044,73214.42764138631,344791.11,336065.0,394348.75,333450.0,1.0243660176679992,3.401142600089968,12.601030025538362,,16.41,0.2522507466156787,0.718,12.750696934679233,1.0,0,0,0.667,309507.28,22,2002,2
2002-06-24,Beans (white),348287.22,NGN,NGN/MT,Interpolated,wholesale,National,,,0.69,False,Gap-filled by interpolation,Interpolated,historical,False,,348287.22,120.97,160.55555555555554,97.0,11.4,12.5,0,1,1,0,0,0,0,1,0,0,1,0,0,0,0,0,0,0,1,0,1.2246467991473532e-16,-1.0,-3.216245299353273e-16,-1.0,2879.12,344791.11,341295.0,336065.0,373177.5,342644.0,,,343263.3325,4181.499704582731,341003.0725,6891.4253543387185,355748.465,23159.612425166706,294585.39916666667,72512.97485589073,348287.22,338680.0,394348.75,333450.0,1.0139791597294945,3.6368619165935145,1.646963028682813,,16.524,-0.01038685793850469,0.741,12.760785634363819,1.0,0,0,0.667,312645.62,23,2002,2
2002-07-01,Beans (white),351783.33,NGN,NGN/MT,Interpolated,wholesale,National,,,0.69,False,Gap-filled by interpolation,Interpolated,historical,False,,351783.33,120.97,160.55555555555554,97.0,11.4,12.5,0,1,1,0,0,0,1,1,0,0,1,0,0,0,0,0,0,0,1,0,-0.4999999999999997,-0.8660254037844388,-0.1205366802553228,-0.992708874098054,2908.02,348287.22,344791.11,338680.0,352006.25,379082.0,,,346539.165,4513.458602169852,340975.2075,6840.844025880327,353473.57583333337,21969.423205586714,296873.3164,71902.06423100921,351783.33,341295.0,394348.75,333450.0,1.0038008285230937,3.8689411834179843,-7.201257247772242,,16.73,-0.01017833120640077,0.764,12.770773567939944,1.0,0,0,0.667,315783.96,24,2002,3
2002-07-08,Beans (white),355279.44,NGN,NGN/MT,Interpolated,wholesale,National,,,0.69,False,Gap-filled by interpolation,Interpolated,historical,False,,355279.44,120.97,160.55555555555554,97.0,11.4,12.5,0,1,1,0,0,0,1,1,0,0,1,0,0,0,0,0,0,0,1,0,-0.4999999999999997,-0.8660254037844388,-0.2393156642875574,-0.970941817426052,2936.92,351783.33,348287.22,341295.0,333450.0,394348.75,,,350035.275,4513.4586021699315,343703.8875,7708.963169692772,350217.8,17874.54127258301,299119.7057692307,71374.4594529863,355279.44,344791.11,394348.75,333450.0,0.9938248068775746,4.097464070671997,-9.907299059525354,,17.022,-0.00997602164551914,0.787,12.780662728425023,1.0,0,0,0.667,318922.3,25,2002,3
2002-07-15,Beans (white),355279.44,NGN,NGN/MT,Interpolated,wholesale,National,,,0.69,False,Gap-filled by interpolation,Interpolated,historical,False,,355279.44,120.97,160.55555555555554,97.0,11.4,12.5,0,1,1,0,0,0,1,1,0,0,1,0,0,0,0,0,0,0,1,0,-0.4999999999999997,-0.8660254037844388,-0.3546048870425356,-0.9350162426854148,2936.92,355279.44,351783.33,344791.11,333450.0,394348.75,197460.0,,352657.35750000004,3347.270485698349,346432.5675,7418.918312955615,346962.02416666667,11541.900028796692,305189.6842307692,69056.23677129288,355279.44,348287.22,373177.5,333450.0,0.0,3.0419374791884835,-9.907299059525354,,15.553,-0.9938248068775746,0.764,12.780662728425023,1.0,0,0,0.667,318922.3,26,2002,3
2002-07-22,Beans (white),355279.44,NGN,NGN/MT,Interpolated,wholesale,National,,,0.69,False,Gap-filled by interpolation,Interpolated,historical,False,,355279.44,120.97,160.55555555555554,97.0,11.4,12.5,0,1,1,0,0,0,1,1,0,0,1,0,0,0,0,0,0,0,1,0,-0.4999999999999997,-0.8660254037844388,-0.464723172043768,-0.8854560256532101,2936.92,355279.44,355279.44,348287.22,336065.0,373177.5,198050.0,,354405.4125,1748.0550000007254,348834.3725,6653.825984672896,345470.51916666667,8637.146024944248,311236.9703846154,66120.60381024505,355279.44,351783.33,355279.44,333450.0,0.0,2.0076016570461652,-4.796125168318022,,13.87,0.0,0.742,12.780662728425023,1.0,0,0,0.667,318922.3,27,2002,3
2002-07-29,Beans (white),355279.44,NGN,NGN/MT,Interpolated,wholesale,National,,,0.69,False,Gap-filled by interpolation,Interpolated,historical,False,,355279.44,120.97,160.55555555555554,97.0,11.4,12.5,0,1,1,0,0,0,1,1,0,0,1,0,0,0,0,0,0,0,1,0,-0.4999999999999997,-0.8660254037844388,-0.5680647467311556,-0.8229838658936565,2936.92,355279.44,355279.44,351783.33,338680.0,352006.25,199230.0,,355279.44,0.0016623912053852824,350909.3025,5527.835275245741,345743.285,8909.69615852262,317238.8719230769,62531.89283776871,355279.44,355279.44,355279.44,333450.0,0.0,0.9938248068775746,0.9298670123044639,,11.991,0.0,0.723,12.780662728425023,1.0,0,0,0.667,318922.3,28,2002,3
2002-08-05,Beans (white),355279.44,NGN,NGN/MT,Interpolated,wholesale,National,,,0.69,False,Gap-filled by interpolation,Interpolated,historical,False,,355279.44,120.97,160.55555555555554,97.0,11.4,12.5,0,1,0,0,1,0,1,1,0,0,1,0,0,0,0,1,0,0,1,0,-0.8660254037844384,-0.5000000000000004,-0.663122658240795,-0.7485107481711013,2936.92,355279.44,355279.44,355279.44,341295.0,333450.0,200410.0,,355279.44,0.0016623912053852824,352657.3575,4072.8448947170414,347562.40499999997,8384.577656242207,323195.3888461538,58183.00700769035,355279.44,355279.44,355279.44,333450.0,0.0,0.0,6.546540710751247,,9.927,0.0,0.705,12.780662728425023,1.0,0,0,0.333,318922.3,29,2002,3
2002-08-12,Beans (white),355279.44,NGN,NGN/MT,WFP Nigeria Food Prices,wholesale,National,,,0.96,True,WFP VAM data,WFP,historical,False,,372760.0,120.97,160.55555555555554,97.0,11.4,12.5,0,1,0,0,1,0,1,1,0,0,1,0,0,0,0,1,0,0,1,0,-0.8660254037844384,-0.5000000000000004,-0.7485107481711011,-0.6631226582407952,2936.92,355279.44,355279.44,355279.44,344791.11,333450.0,201590.0,,355279.44,0.0016623912053852824,353968.39875,2601.18907938264,349381.52499999997,7348.437376399475,329106.5211538462,52901.64259805429,355279.44,355279.44,355279.44,336065.0,0.0,0.0,6.546540710751247,,7.953,0.0,0.688,12.780662728425023,1.0,0,0,0.333,318922.3,30,2002,3
2002-08-19,Beans (white),333985.0,NGN,NGN/MT,Interpolated,wholesale,National,,,0.69,False,Gap-filled by interpolation,Interpolated,historical,False,,333985.0,120.97,160.55555555555554,97.0,11.4,12.5,0,1,0,0,1,0,1,1,0,0,1,0,0,0,0,1,0,0,1,0,-0.8660254037844384,-0.5000000000000004,-0.8229838658936564,-0.5680647467311559,2760.89,355279.44,355279.44,355279.44,348287.22,336065.0,209525.0,,349955.83,10647.220000000101,352180.62124999997,7453.230736522394,349208.19166666665,7706.88866174683,333893.44423076924,46943.74235083418,355279.44,333985.0,355279.44,333985.0,-5.99371581986281,-5.99371581986281,-0.6189278859744407,,4.811,-5.99371581986281,0.37,12.718854354912665,1.0,0,0,0.333,299807.0,31,2002,3
2002-08-26,Beans (white),295210.0,NGN,NGN/MT,Interpolated,wholesale,National,,,0.69,False,Gap-filled by interpolation,Interpolated,historical,False,,295210.0,120.97,160.55555555555554,97.0,11.4,12.5,0,1,0,0,1,0,1,1,0,0,1,0,0,0,0,1,0,0,1,0,-0.8660254037844384,-0.5000000000000004,-0.8854560256532096,-0.4647231720437691,2440.36,333985.0,355279.44,355279.44,351783.33,338680.0,217460.0,,334938.47000000003,28324.13902582979,345108.95499999996,21495.11796978695,345585.69166666665,17322.736687503006,336883.82884615386,41376.337762449104,355279.44,295210.0,355279.44,295210.0,-11.609802835456684,-16.90766006611585,-12.835124601393645,,-0.577,-5.616087015593873,-0.201,12.59544563388684,1.0,0,0,0.333,265000.0,32,2002,3
2002-09-02,Beans (white),256435.0,NGN,NGN/MT,Interpolated,wholesale,National,,,0.69,False,Gap-filled by interpolation,Interpolated,historical,False,,256435.0,120.97,160.55555555555554,97.0,11.4,12.5,0,1,0,0,1,1,0,0,0,0,0,0,0,0,0,1,0,0,0,0,-1.0,-1.8369701987210294e-16,-0.9350162426854148,-0.3546048870425359,2119.82,295210.0,333985.0,355279.44,355279.44,341295.0,225395.0,,310227.36,43639.6397267255,332753.39999999997,37364.29596570194,338514.02499999997,31086.658094201375,338077.67500000005,38369.379086152636,355279.44,256435.0,355279.44,256435.0,-13.134717658615902,-27.821604312368876,-24.864120482280725,,-8.238,-1.524914823159218,-0.766,12.454634399788931,1.0,0,0,0.333,230193.0,33,2002,3
2002-09-09,Beans (white),217660.0,NGN,NGN/MT,WFP Nigeria Food Prices,wholesale,National,,,0.96,True,WFP VAM data,WFP,historical,False,,217660.0,120.97,160.55555555555554,97.0,11.4,12.5,0,1,0,0,1,1,0,0,0,0,0,0,0,0,0,1,0,0,0,0,-1.0,-1.8369701987210294e-16,-0.970941817426052,-0.2393156642875577,1799.29,256435.0,295210.0,355279.44,355279.44,344791.11,233330.0,,275822.5,50058.30974973084,315550.97,53644.74911506406,327919.7658333333,46563.365487981624,337474.98269230773,40161.737080191466,333985.0,217660.0,355279.44,217660.0,-15.120790843683585,-38.735548558621915,-36.8719222488074,,-18.269,-1.9860731850676832,-1.299,12.290694085560917,1.0,0,0,0.333,195386.0,34,2002,3
2002-09-16,Beans (white),205628.0,NGN,NGN/MT,Interpolated,wholesale,National,,,0.69,False,Gap-filled by interpolation,Interpolated,historical,False,,205628.0,120.97,160.55555555555554,97.0,11.4,12.5,0,1,0,0,1,1,0,0,0,0,0,0,0,0,0,1,0,0,0,0,-1.0,-1.8369701987210294e-16,-0.992708874098054,-0.1205366802553235,1699.83,217660.0,256435.0,333985.0,355279.44,348287.22,269768.0,,243733.25,40591.520817160796,296844.54,63075.439607378015,316031.4975,57756.61219529956,335008.0596153847,46028.378648862286,295210.0,205628.0,355279.44,205628.0,-5.527887531011666,-38.43196550743296,-40.960222427914516,,-27.246,9.592903312671918,-1.416,12.233828853200107,1.0,0,0,0.333,184585.28,35,2002,3
2002-09-23,Beans (white),193596.0,NGN,NGN/MT,Interpolated,wholesale,National,,,0.69,False,Gap-filled by interpolation,Interpolated,historical,False,,193596.0,120.97,160.55555555555554,97.0,11.4,12.5,0,1,0,0,1,1,0,0,0,0,0,0,0,0,0,1,0,0,0,0,-1.0,-1.8369701987210294e-16,-1.0,-1.8369701987210294e-16,1600.36,205628.0,217660.0,295210.0,355279.44,351783.33,306206.0,,218329.75,27236.932553367034,276634.11,67429.86748095103,302849.22,66278.39152529338,330676.9057692308,53533.30617775726,256435.0,193596.0,355279.44,193596.0,-5.851343202287628,-34.42092070051827,-44.96726152430247,,-33.975,-0.323455671275962,-1.519,12.173533957836783,1.0,0,0,0.333,173784.56,36,2002,3
2002-09-30,Beans (white),181564.0,NGN,NGN/MT,Interpolated,wholesale,National,,,0.69,False,Gap-filled by interpolation,Interpolated,historical,False,,181564.0,120.97,160.55555555555554,97.0,11.4,12.5,0,1,0,0,1,1,0,0,0,0,0,0,0,0,0,1,0,0,0,0,-1.0,-1.8369701987210294e-16,-0.992708874098054,0.1205366802553232,1500.9,193596.0,205628.0,256435.0,355279.44,355279.44,342644.0,,199612.0,15533.245207189157,254919.68000000002,66449.35270274249,288372.9333333333,72467.86066834592,324481.5211538462,60906.11349505297,217660.0,181564.0,355279.44,181564.0,-6.215004442240546,-29.196872501803572,-48.89543847513382,,-38.483,-0.36366123995291755,-1.61,12.109368995296737,1.0,0,0,0.333,162983.84,37,2002,3
2002-10-07,Beans (white),169532.0,NGN,NGN/MT,Interpolated,wholesale,National,,,0.69,False,Gap-filled by interpolation,Interpolated,historical,False,,169532.0,120.97,160.55555555555554,97.0,11.4,12.5,0,1,0,0,0,1,0,0,0,1,0,1,0,1,1,1,1,0,0,0,-0.8660254037844386,0.5000000000000001,-0.970941817426052,0.2393156642875573,1401.44,181564.0,193596.0,217660.0,355279.44,355279.44,379082.0,,187580.0,15533.245207189157,231701.25,58327.677646575634,272893.98,76597.53732925325,316421.90576923074,66956.13965531097,205628.0,169532.0,355279.44,169532.0,-6.62686435637021,-22.111550124046676,-52.28206844730446,,-40.718,-0.41185991412966416,-1.688,12.040802877118438,1.0,0,0,0.333,152183.12,38,2002,4
2002-10-14,Beans (white),157500.0,NGN,NGN/MT,WFP Nigeria Food Prices,wholesale,National,,,0.96,True,WFP VAM data,WFP,historical,False,,157500.0,120.97,160.55555555555554,97.0,11.4,12.5,0,1,0,0,0,1,0,0,0,1,0,1,0,1,1,1,1,0,0,0,-0.8660254037844386,0.5000000000000001,-0.9350162426854148,0.3546048870425355,1301.98,169532.0,181564.0,205628.0,333985.0,355279.44,394348.75,,175548.0,15533.245207189157,209640.625,46237.456124221026,256412.36,78513.28260579158,307312.3384615384,71862.11947618231,193596.0,157500.0,355279.44,157500.0,-7.097185192176103,-23.405372809150503,-55.668698419475106,,-42.876,-0.470320835805893,-1.755,11.967187086434018,1.0,0,0,0.333,141382.41,39,2002,4
2002-10-21,Beans (white),152071.67,NGN,NGN/MT,Interpolated,wholesale,National,,,0.69,False,Gap-filled by interpolation,Interpolated,historical,False,,152071.67,120.97,160.55555555555554,97.0,11.4,12.5,0,1,0,0,0,1,0,0,0,1,0,1,0,1,1,1,1,0,0,0,-0.8660254037844386,0.5000000000000001,-0.8854560256532101,0.464723172043768,1257.1,157500.0,169532.0,193596.0,295210.0,355279.44,394348.75,,165166.9175,13142.620119058827,191748.33375,34633.40747721074,239478.37916666668,77153.24455587851,297993.9892307692,75728.67651268425,181564.0,152071.67,355279.44,152071.67,-3.446558730158722,-21.44896072232897,-57.19660276429168,,-44.574,3.650626462017381,-1.734,11.932113777684059,1.0,0,0,0.333,136509.58,40,2002,4
2002-10-28,Beans (white),146643.33,NGN,NGN/MT,Interpolated,wholesale,National,,,0.69,False,Gap-filled by interpolation,Interpolated,historical,False,,146643.33,120.97,160.55555555555554,97.0,11.4,12.5,0,1,0,0,0,1,0,0,0,1,0,1,0,1,1,1,1,0,0,0,-0.8660254037844386,0.5000000000000001,-0.822983865893657,0.5680647467311548,1212.23,152071.67,157500.0,181564.0,256435.0,355279.44,373177.5,,156436.75,9790.830264892344,178024.375,26020.954789094278,222092.03666666665,72022.65830203942,289281.13653846155,79662.16518877368,169532.0,146643.33,355279.44,146643.33,-3.5695932056247104,-19.23325659271663,-58.72450992379407,,-45.922,-0.12303447546598845,-1.717,11.895765410173658,1.0,0,0,0.333,131636.74,41,2002,4
2002-11-04,Beans (white),141215.0,NGN,NGN/MT,Interpolated,wholesale,National,,,0.69,False,Gap-filled by interpolation,Interpolated,historical,False,,141215.0,120.97,160.55555555555554,97.0,11.4,12.5,1,0,0,0,0,1,0,0,0,1,0,1,1,1,1,0,1,0,0,0,-0.5000000000000004,0.8660254037844384,-0.7485107481711011,0.6631226582407952,1167.36,146643.33,152071.67,169532.0,217660.0,355279.44,352006.25,,149357.5,7007.9490598841985,168468.75,23278.126405268496,204253.33333333334,61823.41054953864,281173.78076923074,83649.67312260321,157500.0,141215.0,333985.0,141215.0,-3.7017230855300287,-16.70304131373428,-60.25241426861066,,-46.881,-0.13212987990531833,-1.702,11.858045912069274,1.0,0,0,0.333,126763.91,42,2002,4
2002-11-11,Beans (white),137091.25,NGN,NGN/MT,WFP Nigeria Food Prices,wholesale,National,,,0.96,True,WFP VAM data,WFP,historical,False,,135786.67,120.97,160.55555555555554,97.0,11.4,12.5,1,0,0,0,0,1,0,0,0,1,0,1,1,1,1,0,1,1,0,0,-0.5000000000000004,0.8660254037844384,-0.6631226582407955,0.7485107481711007,1133.27,141215.0,146643.33,157500.0,205628.0,333985.0,333450.0,,144255.3125,6515.759453040774,159901.65625,20034.524008373963,187845.52083333334,49076.303651360126,273621.5211538462,87515.87642388315,152071.67,137091.25,295210.0,137091.25,-2.920192614099071,-12.957936507936507,-58.95287213497612,,-47.279,0.7815304714309579,-1.674,11.82840933587094,1.0,0,0,0.333,123062.16,43,2002,4
2002-11-18,Beans (white),137091.25,NGN,NGN/MT,Interpolated,wholesale,National,,,0.69,False,Gap-filled by interpolation,Interpolated,historical,False,,137091.25,120.97,160.55555555555554,97.0,11.4,12.5,1,0,0,0,0,1,0,0,0,1,0,1,1,1,1,0,1,1,0,0,-0.5000000000000004,0.8660254037844384,-0.5680647467311559,0.8229838658936564,1133.27,137091.25,141215.0,152071.67,193596.0,295210.0,333450.0,,140510.2075,4527.341561434267,152838.5625,16015.985548691855,174668.95833333334,37487.84337522868,266069.26153846155,90565.73998119935,146643.33,137091.25,256435.0,137091.25,0.0,-9.850894647241004,-53.56144778293419,,-47.19,2.920192614099071,-1.606,11.82840933587094,1.0,0,0,0.333,123062.16,44,2002,4
2002-11-25,Beans (white),138395.83,NGN,NGN/MT,Interpolated,wholesale,National,,,0.69,False,Gap-filled by interpolation,Interpolated,historical,False,,138395.83,120.97,160.55555555555554,97.0,11.4,12.5,1,0,0,0,0,1,0,0,0,1,0,1,1,1,1,0,1,1,0,0,-0.5000000000000004,0.8660254037844384,-0.4647231720437684,0.88545602565321,1144.05,137091.25,137091.25,146643.33,181564.0,256435.0,336065.0,,138448.3325,1944.269476493263,147442.54124999998,11625.636397498396,164832.3608333333,28488.710483133495,258466.60115384616,92725.85866058434,141215.0,137091.25,217660.0,137091.25,0.9516143444603387,-5.624190339922041,-46.03083432448769,,-46.435,0.9516143444603387,-1.531,11.837880417279115,1.0,0,0,0.333,124233.24,45,2002,4
2002-12-02,Beans (white),139700.42,NGN,NGN/MT,Interpolated,wholesale,National,,,0.69,False,Gap-filled by interpolation,Interpolated,historical,False,,139700.42,120.97,160.55555555555554,97.0,11.4,12.5,1,0,0,0,0,0,0,0,0,1,0,1,1,1,1,0,0,1,0,1,-2.4492935982947064e-16,1.0,-0.3546048870425359,0.9350162426854148,1154.84,138395.83,137091.25,141215.0,169532.0,217660.0,338680.0,,138069.6875,1249.0446081799423,143713.59375,7623.683112957673,158335.72916666666,23859.538189709798,250813.54038461536,94042.65738959244,139700.42,137091.25,205628.0,137091.25,0.9426512345061422,-1.0725347873809299,-35.817136818891846,,-44.951,-0.008963109954196469,-1.464,11.847262709831904,1.0,0,0,0.0,125404.33,46,2002,4
2002-12-09,Beans (white),141005.0,NGN,NGN/MT,WFP Nigeria Food Prices,wholesale,National,,,0.96,True,WFP VAM data,WFP,historical,False,,141005.0,120.97,160.55555555555554,97.0,11.4,12.5,1,0,0,0,0,0,0,0,0,1,0,1,1,1,1,0,0,0,0,1,-2.4492935982947064e-16,1.0,-0.2393156642875578,0.970941817426052,1165.62,139700.42,138395.83,137091.25,157500.0,205628.0,341295.0,,139048.125,1684.2107019110495,141651.71875,5211.315492479116,152950.47916666666,19016.35055087987,243110.07884615383,94536.47548288172,141005.0,137091.25,193596.0,137091.25,0.933841143784675,2.854850327792624,-31.427140272725506,,-42.804,-0.008810090721467212,-1.403,11.856557721646434,1.0,0,0,0.0,126575.4,47,2002,4
2002-12-16,Beans (white),141063.33,NGN,NGN/MT,Interpolated,wholesale,National,,,0.69,False,Gap-filled by interpolation,Interpolated,historical,False,,141063.33,120.97,160.55555555555554,97.0,11.4,12.5,1,0,0,0,0,0,0,0,0,1,0,1,1,1,1,0,0,0,0,1,-2.4492935982947064e-16,1.0,-0.1205366802553236,0.992708874098054,1166.1,141005.0,139700.42,137091.25,152071.67,193596.0,344791.11,,140041.145,1264.520147472964,140275.67625,3087.475568656796,148572.75666666665,14260.912794536203,235274.395,94213.96718044288,141063.33,138395.83,181564.0,137091.25,0.04136732739972171,2.897398630474224,-27.135204239757027,,-40.478,-0.8924738163849533,-1.36,11.856971306448717,1.0,0,0,0.0,126627.76,48,2002,4
2002-12-23,Beans (white),141121.66,NGN,NGN/MT,Interpolated,wholesale,National,,,0.69,False,Gap-filled by interpolation,Interpolated,historical,False,,141121.66,120.97,160.55555555555554,97.0,11.4,12.5,1,0,0,0,0,0,0,0,0,1,0,1,1,1,1,0,0,0,0,1,-2.4492935982947064e-16,1.0,6.432490598706546e-16,1.0,1166.58,141063.33,141005.0,138395.83,146643.33,181564.0,348287.22,,140722.6025,683.117249299164,139585.4675,1816.0045227339137,145202.56166666668,9853.048000342289,227306.48884615384,93026.65283671123,141121.66,139700.42,169532.0,137091.25,0.041350221918068364,1.9695896906720467,-22.274426648454536,,-38.091,-1.7105481653345578e-05,-1.322,11.857384720269323,1.0,0,0,0.0,126680.13,49,2002,4
2002-12-30,Beans (white),141179.99,NGN,NGN/MT,Interpolated,wholesale,National,,,0.69,False,Gap-filled by interpolation,Interpolated,historical,False,,141179.99,120.97,160.55555555555554,97.0,11.4,12.5,1,0,0,0,0,0,0,0,0,1,0,1,1,1,1,0,0,0,0,1,-2.4492935982947064e-16,1.0,0.120536680255323,0.992708874098054,1167.07,141121.66,141063.33,139700.42,141215.0,169532.0,351783.33,,141092.495,75.30370618430467,139581.09125,1811.5533826789047,142839.89416666667,6217.140854699241,219206.3603846154,90899.13732516443,141179.99,141005.0,157500.0,137091.25,0.041333130576837185,1.0591020413539098,-16.723692282282997,,-35.635,-1.7091341231179058e-05,-1.286,11.857797963249569,1.0,0,0,0.0,126732.49,50,2002,4
2003-01-06,Beans (white),141238.32,NGN,NGN/MT,Interpolated,wholesale,National,,,0.69,False,Gap-filled by interpolation,Interpolated,historical,False,,141238.32,129.22,160.55555555555554,97.0,11.4,12.5,1,0,0,0,0,0,0,0,0,1,0,0,1,0,0,0,0,0,0,1,0.4999999999999999,0.8660254037844387,0.2393156642875577,0.970941817426052,1093.01,141179.99,141121.66,141005.0,137091.25,157500.0,355279.44,,141150.825,75.30370618434976,140099.47499999998,1575.2280374409586,141484.75416666665,4164.686261352481,210974.00961538462,87719.41630175174,141238.32,141063.33,152071.67,137091.25,0.041316053358575466,0.16546930959895345,-10.324876190476184,,-33.096,-1.7077218261718485e-05,-1.253,11.85821103553059,1.0,0,0,0.0,126784.85,51,2003,1
2003-01-13,Beans (white),141238.32,NGN,NGN/MT,Interpolated,wholesale,National,,,0.69,False,Gap-filled by interpolation,Interpolated,historical,False,,141238.32,129.22,160.55555555555554,97.0,11.4,12.5,1,0,0,0,0,0,0,0,0,1,0,0,1,0,0,0,0,0,0,1,0.4999999999999999,0.8660254037844387,0.3546048870425356,0.9350162426854148,1093.01,141238.32,141179.99,141063.33,137091.25,152071.67,355279.44,197460.0,141194.5725,55.846723181436154,140617.85874999998,1032.8310728193826,140581.975,2504.3334889327466,202741.65884615385,83580.9422049706,141238.32,141121.66,146643.33,137091.25,0.0,0.12405066575418289,-7.123844960734638,-28.472439987845632,-30.357,-0.041316053358575466,-1.227,11.85821103553059,1.0,0,0,0.0,126784.85,52,2003,1
2003-01-20,Beans (white),141238.32,NGN,NGN/MT,Interpolated,wholesale,National,,,0.69,False,Gap-filled by interpolation,Interpolated,historical,False,,141238.32,129.22,160.55555555555554,97.0,11.4,12.5,1,0,0,0,0,0,0,0,0,1,0,0,1,0,0,0,0,0,0,1,0.4999999999999999,0.8660254037844387,0.4647231720437685,0.8854560256532099,1093.01,141238.32,141238.32,141121.66,138395.83,146643.33,355279.44,198050.0,141223.7375,29.164999973286893,140973.16999999998,521.6418991691447,140131.5575,1658.1699028259993,194509.30807692307,78331.90203940489,141238.32,141179.99,141238.32,137091.25,0.0,0.08266626115367437,-3.685820555220598,-28.685523857611706,-27.395,0.0,-1.202,11.85821103553059,1.0,0,0,0.0,126784.85,53,2003,1
2003-01-27,Beans (white),141238.32,NGN,NGN/MT,Interpolated,wholesale,National,,,0.69,False,Gap-filled by interpolation,Interpolated,historical,False,,141238.32,129.22,160.55555555555554,97.0,11.4,12.5,1,0,0,0,0,0,0,0,0,1,0,0,1,0,0,0,0,0,0,1,0.4999999999999999,0.8660254037844387,0.5680647467311558,0.8229838658936564,1093.01,141238.32,141238.32,141179.99,139700.42,141215.0,355279.44,199230.0,141238.32,0.0,141165.4075,92.227827789826,140133.50083333332,1659.568179187381,186276.9573076923,71728.89883471576,141238.32,141238.32,141238.32,137091.25,0.0,0.041316053358575466,0.016513826434882972,-29.107905435928316,-24.178,0.0,-1.177,11.85821103553059,1.0,0,0,0.0,126784.85,54,2003,1
2003-02-03,Beans (white),141238.32,NGN,NGN/MT,Interpolated,wholesale,National,,,0.69,False,Gap-filled by interpolation,Interpolated,historical,False,,141238.32,129.22,160.55555555555554,97.0,11.4,12.5,1,0,0,0,0,0,0,0,1,1,0,0,1,0,0,0,0,0,0,0,0.8660254037844386,0.5000000000000001,0.6631226582407952,0.7485107481711011,1093.01,141238.32,141238.32,141238.32,141005.0,137091.25,355279.44,200410.0,141238.32,0.0,141194.5725,67.95239334779382,140479.09,1376.0280371017648,178044.60653846152,63349.96489865271,141238.32,141238.32,141238.32,137091.25,0.0,0.0,3.0250435385190677,-29.525313108128337,-20.673,0.0,-1.153,11.85821103553059,1.0,0,0,0.0,126784.85,55,2003,1
2003-02-10,Beans (white),141238.32,NGN,NGN/MT,Interpolated,wholesale,National,,,0.69,False,Gap-filled by interpolation,Interpolated,historical,False,,141238.32,129.22,160.55555555555554,97.0,11.4,12.5,1,0,0,0,0,0,0,0,1,1,0,0,1,0,0,0,0,0,0,0,0.8660254037844386,0.5000000000000001,0.7485107481711011,0.6631226582407953,1093.01,141238.32,141238.32,141238.32,141063.33,137091.25,355279.44,201590.0,141238.32,0.0,141216.44625,43.39890842831953,140824.67916666667,878.7270033034738,169812.25576923077,52349.1762205467,141238.32,141238.32,141238.32,138395.83,0.0,0.0,3.0250435385190677,-29.937834217967165,-16.827,0.0,-1.129,11.85821103553059,1.0,0,0,0.0,126784.85,56,2003,1
2003-02-17,Beans (white),141238.32,NGN,NGN/MT,Interpolated,wholesale,National,,,0.69,False,Gap-filled by interpolation,Interpolated,historical,False,,141238.32,129.22,160.55555555555554,97.0,11.4,12.5,1,0,0,0,0,0,0,0,1,1,0,0,1,0,0,0,0,0,0,0,0.8660254037844386,0.5000000000000001,0.8229838658936564,0.5680647467311559,1093.01,141238.32,141238.32,141238.32,141121.66,138395.83,333985.0,209525.0,141238.32,0.0,141231.02875,20.622768517947296,141061.55333333334,436.12452603019705,162398.92192307694,40470.13251510357,141238.32,141238.32,141238.32,139700.42,0.0,0.0,2.053884137983064,-32.5911848228135,-13.03,0.0,-1.104,11.85821103553059,1.0,0,0,0.0,126784.85,57,2003,1
2003-02-24,Beans (white),141238.32,NGN,NGN/MT,Interpolated,wholesale,National,,,0.69,False,Gap-filled by interpolation,Interpolated,historical,False,,141238.32,129.22,160.55555555555554,97.0,11.4,12.5,1,0,0,0,0,0,0,0,1,1,0,0,1,0,0,0,0,0,0,0,0.8660254037844386,0.5000000000000001,0.8854560256532099,0.4647231720437686,1093.01,141238.32,141238.32,141238.32,141179.99,139700.42,295210.0,217460.0,141238.32,0.0,141238.32,0.0,141189.71166666667,81.86375974488921,156476.93423076923,30227.775878896227,141238.32,141238.32,141238.32,141005.0,0.0,0.0,1.1008556738769881,-35.05089671663754,-9.739,0.0,-1.077,11.85821103553059,1.0,0,0,0.0,126784.85,58,2003,1
2003-03-03,Beans (white),141238.32,NGN,NGN/MT,Interpolated,wholesale,National,,,0.69,False,Gap-filled by interpolation,Interpolated,historical,False,,141238.32,129.22,160.55555555555554,97.0,11.4,12.5,1,0,0,1,0,0,0,0,1,1,0,0,0,0,0,0,0,0,0,0,1.0,6.123233995736766e-17,0.9350162426854148,0.3546048870425355,1093.01,141238.32,141238.32,141238.32,141238.32,141005.0,256435.0,225395.0,141238.32,0.0,141238.32,0.0,141209.155,58.33000045861417,152046.2926923077,22426.02605943995,141238.32,141238.32,141238.32,141063.33,0.0,0.0,0.16546930959895345,-37.33742097207124,-7.108,0.0,-1.049,11.85821103553059,1.0,0,0,0.0,126784.85,59,2003,1
2003-03-10,Beans (white),141238.32,NGN,NGN/MT,Interpolated,wholesale,National,,,0.69,False,Gap-filled by interpolation,Interpolated,historical,False,,141238.32,129.22,160.55555555555554,97.0,11.4,12.5,1,0,0,1,0,0,0,0,1,1,0,0,0,0,0,0,0,0,0,0,1.0,6.123233995736766e-17,0.970941817426052,0.239315664287558,1093.01,141238.32,141238.32,141238.32,141238.32,141063.33,217660.0,233330.0,141238.32,0.0,141238.32,0.0,141223.73750000002,36.256853162184264,149106.9973076923,18066.758332602556,141238.32,141238.32,141238.32,141121.66,0.0,0.0,0.12405066575418289,-39.468426691809874,-5.277,0.0,-1.021,11.85821103553059,1.0,0,0,0.0,126784.85,60,2003,1
2003-03-17,Beans (white),141238.32,NGN,NGN/MT,Interpolated,wholesale,National,,,0.69,False,Gap-filled by interpolation,Interpolated,historical,False,,141238.32,129.22,160.55555555555554,97.0,11.4,12.5,1,0,0,1,0,0,0,0,1,1,0,0,0,0,0,0,0,0,0,0,1.0,6.123233995736766e-17,0.992708874098054,0.120536680255323,1093.01,141238.32,141238.32,141238.32,141238.32,141121.66,205628.0,269768.0,141238.32,0.0,141238.32,0.0,141233.45916666667,16.838422189352894,146630.47115384616,13954.244554095438,141238.32,141238.32,141238.32,141179.99,0.0,0.0,0.08266626115367437,-47.644524183743066,-3.677,0.0,-0.987,11.85821103553059,1.0,0,0,0.0,126784.85,61,2003,1
2003-03-24,Beans (white),141238.32,NGN,NGN/MT,Interpolated,wholesale,National,,,0.69,False,Gap-filled by interpolation,Interpolated,historical,False,,141238.32,129.22,160.55555555555554,97.0,11.4,12.5,1,0,0,1,0,0,0,0,1,1,0,0,0,0,0,0,0,0,0,0,1.0,6.123233995736766e-17,1.0,-1.6081226496766364e-16,1093.01,141238.32,141238.32,141238.32,141238.32,141179.99,193596.0,306206.0,141238.32,0.0,141238.32,0.0,141238.32,0.007313798674409305,144616.71423076926,10170.353544647942,141238.32,141238.32,141238.32,141238.32,0.0,0.0,0.041316053358575466,-53.87473792152995,-2.336,0.0,-0.951,11.85821103553059,1.0,0,0,0.0,126784.85,62,2003,1
2003-03-31,Beans (white),141238.32,NGN,NGN/MT,Interpolated,wholesale,National,,,0.69,False,Gap-filled by interpolation,Interpolated,historical,False,,141238.32,129.22,160.55555555555554,97.0,11.4,12.5,1,0,0,1,0,0,0,0,1,1,0,0,0,0,0,0,0,0,0,0,1.0,6.123233995736766e-17,0.992708874098054,-0.1205366802553228,1093.01,141238.32,141238.32,141238.32,141238.32,141238.32,181564.0,342644.0,141238.32,0.0,141238.32,0.0,141238.32,0.007313798674409305,143065.72653846155,6840.085581568925,141238.32,141238.32,141238.32,141238.32,0.0,0.0,0.0,-58.77986481596058,-1.277,0.0,-0.915,11.85821103553059,1.0,0,0,0.0,126784.85,63,2003,1
2003-04-07,Beans (white),141238.32,NGN,NGN/MT,Interpolated,wholesale,National,,,0.69,False,Gap-filled by interpolation,Interpolated,historical,False,,141238.32,129.22,160.55555555555554,97.0,11.4,12.5,0,1,1,1,0,0,0,0,1,0,0,0,0,0,0,0,0,0,0,0,0.8660254037844387,-0.4999999999999998,0.970941817426052,-0.2393156642875575,1093.01,141238.32,141238.32,141238.32,141238.32,141238.32,169532.0,379082.0,141238.32,0.0,141238.32,0.0,141238.32,0.007313798674409305,141977.50807692308,4203.595355762461,141238.32,141238.32,141238.32,141238.32,0.0,0.0,0.0,-62.74201360127888,-0.521,0.0,-0.881,11.85821103553059,1.0,0,0,0.333,126784.85,64,2003,2
2003-04-14,Beans (white),141238.32,NGN,NGN/MT,Interpolated,wholesale,National,,,0.69,False,Gap-filled by interpolation,Interpolated,historical,False,,141238.32,129.22,160.55555555555554,97.0,11.4,12.5,0,1,1,1,0,0,0,0,1,0,0,0,0,0,0,0,0,0,0,0,0.8660254037844387,-0.4999999999999998,0.9350162426854148,-0.3546048870425354,1093.01,141238.32,141238.32,141238.32,141238.32,141238.32,157500.0,394348.75,141238.32,0.0,141238.32,0.0,141238.32,0.007313798674409305,141352.05884615384,2765.379801320281,141238.32,141238.32,141238.32,141238.32,0.0,0.0,0.0,-64.18441290862467,-0.08,0.0,-0.85,11.85821103553059,1.0,0,0,0.333,126784.85,65,2003,2
2003-04-21,Beans (white),141238.32,NGN,NGN/MT,Interpolated,wholesale,National,,,0.69,False,Gap-filled by interpolation,Interpolated,historical,False,,141238.32,129.22,160.55555555555554,97.0,11.4,12.5,0,1,1,1,0,0,0,0,1,0,0,0,0,0,0,0,0,0,0,0,0.8660254037844387,-0.4999999999999998,0.8854560256532099,-0.4647231720437685,1093.01,141238.32,141238.32,141238.32,141238.32,141238.32,152071.67,394348.75,141238.32,0.0,141238.32,0.0,141238.32,0.007313798674409305,140935.39153846152,1694.3683967358172,141238.32,141238.32,141238.32,141238.32,0.0,0.0,0.0,-64.18441290862467,0.215,0.0,-0.82,11.85821103553059,1.0,0,0,0.333,126784.85,66,2003,2
2003-04-28,Beans (white),141238.32,NGN,NGN/MT,Interpolated,wholesale,National,,,0.69,False,Gap-filled by interpolation,Interpolated,historical,False,,141238.32,129.22,160.55555555555554,97.0,11.4,12.5,0,1,1,1,0,0,0,0,1,0,0,0,0,0,0,0,0,0,0,0,0.8660254037844387,-0.4999999999999998,0.8229838658936565,-0.5680647467311557,1093.01,141238.32,141238.32,141238.32,141238.32,141238.32,146643.33,373177.5,141238.32,0.0,141238.32,0.0,141238.32,0.007313798674409305,140727.50653846154,1235.470602882604,141238.32,141238.32,141238.32,141238.32,0.0,0.0,0.0,-62.152509194686175,0.363,0.0,-0.789,11.85821103553059,1.0,0,0,0.333,126784.85,67,2003,2
2003-05-05,Beans (white),141238.32,NGN,NGN/MT,Interpolated,wholesale,National,,,0.69,False,Gap-filled by interpolation,Interpolated,historical,False,,141238.32,129.22,160.55555555555554,97.0,11.4,12.5,0,1,1,1,0,0,0,0,1,0,1,0,0,0,0,0,0,0,0,0,0.4999999999999999,-0.8660254037844387,0.7485107481711013,-0.663122658240795,1093.01,141238.32,141238.32,141238.32,141238.32,141238.32,141215.0,352006.25,141238.32,0.0,141238.32,0.0,141238.32,0.007313798674409305,140728.40346153846,1235.8470757480902,141238.32,141238.32,141238.32,141238.32,0.0,0.0,0.0,-59.876189698336326,0.362,0.0,-0.758,11.85821103553059,1.0,0,0,0.333,126784.85,68,2003,2
2003-05-12,Beans (white),141238.32,NGN,NGN/MT,Interpolated,wholesale,National,,,0.69,False,Gap-filled by interpolation,Interpolated,historical,False,,141238.32,129.22,160.55555555555554,97.0,11.4,12.5,0,1,1,1,0,0,0,0,1,0,1,0,0,0,0,0,0,0,0,0,0.4999999999999999,-0.8660254037844387,0.6631226582407952,-0.7485107481711012,1093.01,141238.32,141238.32,141238.32,141238.32,141238.32,137091.25,333450.0,141238.32,0.0,141238.32,0.0,141238.32,0.007313798674409305,140887.90615384618,991.0118184785609,141238.32,141238.32,141238.32,141238.32,0.0,0.0,0.0,-57.643328834907784,0.249,0.0,-0.727,11.85821103553059,1.0,0,0,0.333,126784.85,69,2003,2
2003-05-19,Beans (white),141238.32,NGN,NGN/MT,Interpolated,wholesale,National,,,0.69,False,Gap-filled by interpolation,Interpolated,historical,False,,141238.32,129.22,160.55555555555554,97.0,11.4,12.5,0,1,1,1,0,0,0,0,1,0,1,0,0,0,0,0,0,0,0,0,0.4999999999999999,-0.8660254037844387,0.5680647467311558,-0.8229838658936564,1093.01,141238.32,141238.32,141238.32,141238.32,141238.32,137091.25,333450.0,141238.32,0.0,141238.32,0.0,141238.32,0.007313798674409305,141047.40884615385,619.655830020332,141238.32,141238.32,141238.32,141238.32,0.0,0.0,0.0,-57.643328834907784,0.135,0.0,-0.697,11.85821103553059,1.0,0,0,0.333,126784.85,70,2003,2
2003-05-26,Beans (white),141238.32,NGN,NGN/MT,Interpolated,wholesale,National,,,0.69,False,Gap-filled by interpolation,Interpolated,historical,False,,141238.32,129.22,160.55555555555554,97.0,11.4,12.5,0,1,1,1,0,0,0,0,1,0,1,0,0,0,0,0,0,0,0,0,0.4999999999999999,-0.8660254037844387,0.464723172043769,-0.8854560256532096,1093.01,141238.32,141238.32,141238.32,141238.32,141238.32,138395.83,336065.0,141238.32,0.0,141238.32,0.0,141238.32,0.007313798674409305,141156.7353846154,302.9290868131019,141238.32,141238.32,141238.32,141238.32,0.0,0.0,0.0,-57.97291595375894,0.058,0.0,-0.667,11.85821103553059,1.0,0,0,0.333,126784.85,71,2003,2
2003-06-02,Beans (white),141238.32,NGN,NGN/MT,Interpolated,wholesale,National,,,0.69,False,Gap-filled by interpolation,Interpolated,historical,False,,141238.32,129.22,160.55555555555554,97.0,11.4,12.5,0,1,1,0,0,0,0,1,0,0,1,0,0,0,0,0,0,0,1,0,1.2246467991473532e-16,-1.0,0.3546048870425358,-0.9350162426854148,1093.01,141238.32,141238.32,141238.32,141238.32,141238.32,139700.42,338680.0,141238.32,0.0,141238.32,0.0,141238.32,0.007313798674409305,141215.8853846154,59.66089370285377,141238.32,141238.32,141238.32,141238.32,0.0,0.0,0.0,-58.297413487657955,0.016,0.0,-0.637,11.85821103553059,1.0,0,0,0.667,126784.85,72,2003,2
2003-06-09,Beans (white),141238.32,NGN,NGN/MT,Interpolated,wholesale,National,,,0.69,False,Gap-filled by interpolation,Interpolated,historical,False,,141238.32,129.22,160.55555555555554,97.0,11.4,12.5,0,1,1,0,0,0,0,1,0,0,1,0,0,0,0,0,0,0,1,0,1.2246467991473532e-16,-1.0,0.2393156642875576,-0.970941817426052,1093.01,141238.32,141238.32,141238.32,141238.32,141238.32,141005.0,341295.0,141238.32,0.0,141238.32,0.0,141238.32,0.007313798674409305,141224.85923076925,41.43546532817006,141238.32,141238.32,141238.32,141238.32,0.0,0.0,0.0,-58.6169384257021,0.01,0.0,-0.608,11.85821103553059,1.0,0,0,0.667,126784.85,73,2003,2
2003-06-16,Beans (white),141238.32,NGN,NGN/MT,Interpolated,wholesale,National,,,0.69,False,Gap-filled by interpolation,Interpolated,historical,False,,141238.32,129.22,160.55555555555554,97.0,11.4,12.5,0,1,1,0,0,0,0,1,0,0,1,0,0,0,0,0,0,0,1,0,1.2246467991473532e-16,-1.0,0.120536680255323,-0.992708874098054,1093.01,141238.32,141238.32,141238.32,141238.32,141238.32,141063.33,344791.11,141238.32,0.0,141238.32,0.0,141238.32,0.007313798674409305,141231.5896153846,25.166799228814888,141238.32,141238.32,141238.32,141238.32,0.0,0.0,0.0,-59.0365540457235,0.005,0.0,-0.578,11.85821103553059,1.0,0,0,0.667,126784.85,74,2003,2
2003-06-23,Beans (white),141238.32,NGN,NGN/MT,Interpolated,wholesale,National,,,0.69,False,Gap-filled by interpolation,Interpolated,historical,False,,141238.32,129.22,160.55555555555554,97.0,11.4,12.5,0,1,1,0,0,0,0,1,0,0,1,0,0,0,0,0,0,0,1,0,1.2246467991473532e-16,-1.0,-3.216245299353273e-16,-1.0,1093.01,141238.32,141238.32,141238.32,141238.32,141238.32,141121.66,348287.22,141238.32,0.0,141238.32,0.0,141238.32,0.007313798674409305,141236.07653846155,11.439454318974652,141238.32,141238.32,141238.32,141238.32,0.0,0.0,0.0,-59.44774545560414,0.002,0.0,-0.55,11.85821103553059,1.0,0,0,0.667,126784.85,75,2003,2
2003-06-30,Beans (white),141238.32,NGN,NGN/MT,Interpolated,wholesale,National,,,0.69,False,Gap-filled by interpolation,Interpolated,historical,False,,141238.32,129.22,160.55555555555554,97.0,11.4,12.5,0,1,1,0,0,0,0,1,0,0,1,0,0,0,0,0,0,0,1,0,1.2246467991473532e-16,-1.0,-0.1205366802553228,-0.992708874098054,1093.01,141238.32,141238.32,141238.32,141238.32,141238.32,141179.99,351783.33,141238.32,0.0,141238.32,0.0,141238.32,0.007313798674409305,141238.32,0.0018914255727765009,141238.32,141238.32,141238.32,141238.32,0.0,0.0,0.0,-59.85076382101448,0.0,0.0,-0.521,11.85821103553059,1.0,0,0,0.667,126784.85,76,2003,2
2003-07-07,Beans (white),141238.32,NGN,NGN/MT,Interpolated,wholesale,National,,,0.69,False,Gap-filled by interpolation,Interpolated,historical,False,,141238.32,129.22,160.55555555555554,97.0,11.4,12.5,0,1,1,0,0,0,1,1,0,0,1,0,0,0,0,0,0,0,1,0,-0.4999999999999997,-0.8660254037844388,-0.2393156642875574,-0.970941817426052,1093.01,141238.32,141238.32,141238.32,141238.32,141238.32,141238.32,355279.44,141238.32,0.0,141238.32,0.0,141238.32,0.007313798674409305,141238.32,0.0018914255727765009,141238.32,141238.32,141238.32,141238.32,0.0,0.0,0.0,-60.24585042129091,0.0,0.0,-0.493,11.85821103553059,1.0,0,0,0.667,126784.85,77,2003,3
2003-07-14,Beans (white),141238.32,NGN,NGN/MT,Interpolated,wholesale,National,,,0.69,False,Gap-filled by interpolation,Interpolated,historical,False,,141238.32,129.22,160.55555555555554,97.0,11.4,12.5,0,1,1,0,0,0,1,1,0,0,1,0,0,0,0,0,0,0,1,0,-0.4999999999999997,-0.8660254037844388,-0.3546048870425356,-0.9350162426854148,1093.01,141238.32,141238.32,141238.32,141238.32,141238.32,141238.32,355279.44,141238.32,0.0,141238.32,0.0,141238.32,0.007313798674409305,141238.32,0.0018914255727765009,141238.32,141238.32,141238.32,141238.32,0.0,0.0,0.0,-60.24585042129091,0.0,0.0,-0.464,11.85821103553059,1.0,0,0,0.667,126784.85,78,2003,3
2003-07-21,Beans (white),141238.32,NGN,NGN/MT,Interpolated,wholesale,National,,,0.69,False,Gap-filled by interpolation,Interpolated,historical,False,,141238.32,129.22,160.55555555555554,97.0,11.4,12.5,0,1,1,0,0,0,1,1,0,0,1,0,0,0,0,0,0,0,1,0,-0.4999999999999997,-0.8660254037844388,-0.464723172043768,-0.8854560256532101,1093.01,141238.32,141238.32,141238.32,141238.32,141238.32,141238.32,355279.44,141238.32,0.0,141238.32,0.0,141238.32,0.007313798674409305,141238.32,0.0018914255727765009,141238.32,141238.32,141238.32,141238.32,0.0,0.0,0.0,-60.24585042129091,0.0,0.0,-0.436,11.85821103553059,1.0,0,0,0.667,126784.85,79,2003,3
2003-07-28,Beans (white),141238.32,NGN,NGN/MT,Interpolated,wholesale,National,,,0.69,False,Gap-filled by interpolation,Interpolated,historical,False,,141238.32,129.22,160.55555555555554,97.0,11.4,12.5,0,1,1,0,0,0,1,1,0,0,1,0,0,0,0,0,0,0,1,0,-0.4999999999999997,-0.8660254037844388,-0.5680647467311556,-0.8229838658936565,1093.01,141238.32,141238.32,141238.32,141238.32,141238.32,141238.32,355279.44,141238.32,0.0,141238.32,0.0,141238.32,0.007313798674409305,141238.32,0.0018914255727765009,141238.32,141238.32,141238.32,141238.32,0.0,0.0,0.0,-60.24585042129091,0.0,0.0,-0.408,11.85821103553059,1.0,0,0,0.667,126784.85,80,2003,3
2003-08-04,Beans (white),141238.32,NGN,NGN/MT,Interpolated,wholesale,National,,,0.69,False,Gap-filled by interpolation,Interpolated,historical,False,,141238.32,129.22,160.55555555555554,97.0,11.4,12.5,0,1,0,0,1,0,1,1,0,0,1,0,0,0,0,1,0,0,1,0,-0.8660254037844384,-0.5000000000000004,-0.663122658240795,-0.7485107481711013,1093.01,141238.32,141238.32,141238.32,141238.32,141238.32,141238.32,355279.44,141238.32,0.0,141238.32,0.0,141238.32,0.007313798674409305,141238.32,0.0018914255727765009,141238.32,141238.32,141238.32,141238.32,0.0,0.0,0.0,-60.24585042129091,0.0,0.0,-0.383,11.85821103553059,1.0,0,0,0.333,126784.85,81,2003,3
2003-08-11,Beans (white),141238.32,NGN,NGN/MT,Interpolated,wholesale,National,,,0.69,False,Gap-filled by interpolation,Interpolated,historical,False,,141238.32,129.22,160.55555555555554,97.0,11.4,12.5,0,1,0,0,1,0,1,1,0,0,1,0,0,0,0,1,0,0,1,0,-0.8660254037844384,-0.5000000000000004,-0.7485107481711011,-0.6631226582407952,1093.01,141238.32,141238.32,141238.32,141238.32,141238.32,141238.32,355279.44,141238.32,0.0,141238.32,0.0,141238.32,0.007313798674409305,141238.32,0.0018914255727765009,141238.32,141238.32,141238.32,141238.32,0.0,0.0,0.0,-60.24585042129091,0.0,0.0,-0.363,11.85821103553059,1.0,0,0,0.333,126784.85,82,2003,3
2003-08-18,Beans (white),141238.32,NGN,NGN/MT,Interpolated,wholesale,National,,,0.69,False,Gap-filled by interpolation,Interpolated,historical,False,,141238.32,129.22,160.55555555555554,97.0,11.4,12.5,0,1,0,0,1,0,1,1,0,0,1,0,0,0,0,1,0,0,1,0,-0.8660254037844384,-0.5000000000000004,-0.8229838658936564,-0.5680647467311559,1093.01,141238.32,141238.32,141238.32,141238.32,141238.32,141238.32,333985.0,141238.32,0.0,141238.32,0.0,141238.32,0.007313798674409305,141238.32,0.0018914255727765009,141238.32,141238.32,141238.32,141238.32,0.0,0.0,0.0,-57.711178645747566,0.0,0.0,-0.349,11.85821103553059,1.0,0,0,0.333,126784.85,83,2003,3
2003-08-25,Beans (white),141238.32,NGN,NGN/MT,Interpolated,wholesale,National,,,0.69,False,Gap-filled by interpolation,Interpolated,historical,False,,141238.32,129.22,160.55555555555554,97.0,11.4,12.5,0,1,0,0,1,0,1,1,0,0,1,0,0,0,0,1,0,0,1,0,-0.8660254037844384,-0.5000000000000004,-0.8854560256532096,-0.4647231720437691,1093.01,141238.32,141238.32,141238.32,141238.32,141238.32,141238.32,295210.0,141238.32,0.0,141238.32,0.0,141238.32,0.007313798674409305,141238.32,0.0018914255727765009,141238.32,141238.32,141238.32,141238.32,0.0,0.0,0.0,-52.156661359710036,0.0,0.0,-0.338,11.85821103553059,1.0,0,0,0.333,126784.85,84,2003,3
2003-09-01,Beans (white),141238.32,NGN,NGN/MT,Interpolated,wholesale,National,,,0.69,False,Gap-filled by interpolation,Interpolated,historical,False,,141238.32,129.22,160.55555555555554,97.0,11.4,12.5,0,1,0,0,1,1,0,0,0,0,0,0,0,0,0,1,0,0,0,0,-1.0,-1.8369701987210294e-16,-0.9350162426854148,-0.3546048870425359,1093.01,141238.32,141238.32,141238.32,141238.32,141238.32,141238.32,256435.0,141238.32,0.0,141238.32,0.0,141238.32,0.007313798674409305,141238.32,0.0018914255727765009,141238.32,141238.32,141238.32,141238.32,0.0,0.0,0.0,-44.92237019127654,0.0,0.0,-0.325,11.85821103553059,1.0,0,0,0.333,126784.85,85,2003,3
2003-09-08,Beans (white),141238.32,NGN,NGN/MT,Interpolated,wholesale,National,,,0.69,False,Gap-filled by interpolation,Interpolated,historical,False,,141238.32,129.22,160.55555555555554,97.0,11.4,12.5,0,1,0,0,1,1,0,0,0,0,0,0,0,0,0,1,0,0,0,0,-1.0,-1.8369701987210294e-16,-0.970941817426052,-0.2393156642875577,1093.01,141238.32,141238.32,141238.32,141238.32,141238.32,141238.32,217660.0,141238.32,0.0,141238.32,0.0,141238.32,0.007313798674409305,141238.32,0.0018914255727765009,141238.32,141238.32,141238.32,141238.32,0.0,0.0,0.0,-35.1105761279059,0.0,0.0,-0.297,11.85821103553059,1.0,0,0,0.333,126784.85,86,2003,3
2003-09-15,Beans (white),141238.32,NGN,NGN/MT,Interpolated,wholesale,National,,,0.69,False,Gap-filled by interpolation,Interpolated,historical,False,,141238.32,129.22,160.55555555555554,97.0,11.4,12.5,0,1,0,0,1,1,0,0,0,0,0,0,0,0,0,1,0,0,0,0,-1.0,-1.8369701987210294e-16,-0.992708874098054,-0.1205366802553235,1093.01,141238.32,141238.32,141238.32,141238.32,141238.32,141238.32,205628.0,141238.32,0.0,141238.32,0.0,141238.32,0.007313798674409305,141238.32,0.0018914255727765009,141238.32,141238.32,141238.32,141238.32,0.0,0.0,0.0,-31.31367323516252,0.0,0.0,-0.266,11.85821103553059,1.0,0,0,0.333,126784.85,87,2003,3
2003-09-22,Beans (white),141238.32,NGN,NGN/MT,Interpolated,wholesale,National,,,0.69,False,Gap-filled by interpolation,Interpolated,historical,False,,141238.32,129.22,160.55555555555554,97.0,11.4,12.5,0,1,0,0,1,1,0,0,0,0,0,0,0,0,0,1,0,0,0,0,-1.0,-1.8369701987210294e-16,-1.0,-1.8369701987210294e-16,1093.01,141238.32,141238.32,141238.32,141238.32,141238.32,141238.32,193596.0,141238.32,0.0,141238.32,0.0,141238.32,0.007313798674409305,141238.32,0.0018914255727765009,141238.32,141238.32,141238.32,141238.32,0.0,0.0,0.0,-27.04481497551602,0.0,0.0,-0.231,11.85821103553059,1.0,0,0,0.333,126784.85,88,2003,3
2003-09-29,Beans (white),141238.32,NGN,NGN/MT,Interpolated,wholesale,National,,,0.69,False,Gap-filled by interpolation,Interpolated,historical,False,,141238.32,129.22,160.55555555555554,97.0,11.4,12.5,0,1,0,0,1,1,0,0,0,0,0,0,0,0,0,1,0,0,0,0,-1.0,-1.8369701987210294e-16,-0.992708874098054,0.1205366802553232,1093.01,141238.32,141238.32,141238.32,141238.32,141238.32,141238.32,181564.0,141238.32,0.0,141238.32,0.0,141238.32,0.007313798674409305,141238.32,0.0018914255727765009,141238.32,141238.32,141238.32,141238.32,0.0,0.0,0.0,-22.210173823004553,0.0,0.0,-0.187,11.85821103553059,1.0,0,0,0.333,126784.85,89,2003,3
2003-10-06,Beans (white),141238.32,NGN,NGN/MT,Interpolated,wholesale,National,,,0.69,False,Gap-filled by interpolation,Interpolated,historical,False,,141238.32,129.22,160.55555555555554,97.0,11.4,12.5,0,1,0,0,0,1,0,0,0,1,0,1,0,1,1,1,1,0,0,0,-0.8660254037844386,0.5000000000000001,-0.970941817426052,0.2393156642875573,1093.01,141238.32,141238.32,141238.32,141238.32,141238.32,141238.32,169532.0,141238.32,0.0,141238.32,0.0,141238.32,0.007313798674409305,141238.32,0.0018914255727765009,141238.32,141238.32,141238.32,141238.32,0.0,0.0,0.0,-16.6892857985513,0.0,0.0,-0.125,11.85821103553059,1.0,0,0,0.333,126784.85,90,2003,4
2003-10-13,Beans (white),141238.32,NGN,NGN/MT,Interpolated,wholesale,National,,,0.69,False,Gap-filled by interpolation,Interpolated,historical,False,,141238.32,129.22,160.55555555555554,97.0,11.4,12.5,0,1,0,0,0,1,0,0,0,1,0,1,0,1,1,1,1,0,0,0,-0.8660254037844386,0.5000000000000001,-0.9350162426854148,0.3546048870425355,1093.01,141238.32,141238.32,141238.32,141238.32,141238.32,141238.32,157500.0,141238.32,0.0,141238.32,0.0,141238.32,0.007313798674409305,141238.32,0.0018914255727765009,141238.32,141238.32,141238.32,141238.32,0.0,0.0,0.0,-10.324876190476184,0.0,0.0,-0.029,11.85821103553059,1.0,0,0,0.333,126784.85,91,2003,4
2003-10-20,Beans (white),141238.32,NGN,NGN/MT,Interpolated,wholesale,National,,,0.69,False,Gap-filled by interpolation,Interpolated,historical,False,,141238.32,129.22,160.55555555555554,97.0,11.4,12.5,0,1,0,0,0,1,0,0,0,1,0,1,0,1,1,1,1,0,0,0,-0.8660254037844386,0.5000000000000001,-0.8854560256532101,0.464723172043768,1093.01,141238.32,141238.32,141238.32,141238.32,141238.32,141238.32,152071.67,141238.32,0.0,141238.32,0.0,141238.32,0.007313798674409305,141238.32,0.0018914255727765009,141238.32,141238.32,141238.32,141238.32,0.0,0.0,0.0,-7.123844960734638,0.0,0.0,0.127,11.85821103553059,1.0,0,0,0.333,126784.85,92,2003,4
2003-10-27,Beans (white),141238.32,NGN,NGN/MT,Interpolated,wholesale,National,,,0.69,False,Gap-filled by interpolation,Interpolated,historical,False,,141238.32,129.22,160.55555555555554,97.0,11.4,12.5,0,1,0,0,0,1,0,0,0,1,0,1,0,1,1,1,1,1,0,0,-0.8660254037844386,0.5000000000000001,-0.822983865893657,0.5680647467311548,1093.01,141238.32,141238.32,141238.32,141238.32,141238.32,141238.32,146643.33,141238.32,0.0,141238.32,0.0,141238.32,0.007313798674409305,141238.32,0.0018914255727765009,141238.32,141238.32,141238.32,141238.32,0.0,0.0,0.0,-3.685820555220598,0.0,0.0,0.283,11.85821103553059,1.0,0,0,0.333,126784.85,93,2003,4
2003-11-03,Beans (white),141238.32,NGN,NGN/MT,Interpolated,wholesale,National,,,0.69,False,Gap-filled by interpolation,Interpolated,historical,False,,141238.32,129.22,160.55555555555554,97.0,11.4,12.5,1,0,0,0,0,1,0,0,0,1,0,1,1,1,1,0,1,1,0,0,-0.5000000000000004,0.8660254037844384,-0.7485107481711011,0.6631226582407952,1093.01,141238.32,141238.32,141238.32,141238.32,141238.32,141238.32,141215.0,141238.32,0.0,141238.32,0.0,141238.32,0.007313798674409305,141238.32,0.0018914255727765009,141238.32,141238.32,141238.32,141238.32,0.0,0.0,0.0,0.016513826434882972,0.0,0.0,0.282,11.85821103553059,1.0,0,0,0.333,126784.85,94,2003,4
2003-11-10,Beans (white),141238.32,NGN,NGN/MT,Interpolated,wholesale,National,,,0.69,False,Gap-filled by interpolation,Interpolated,historical,False,,141238.32,129.22,160.55555555555554,97.0,11.4,12.5,1,0,0,0,0,1,0,0,0,1,0,1,1,1,1,0,1,1,0,0,-0.5000000000000004,0.8660254037844384,-0.6631226582407955,0.7485107481711007,1093.01,141238.32,141238.32,141238.32,141238.32,141238.32,141238.32,137091.25,141238.32,0.0,141238.32,0.0,141238.32,0.007313798674409305,141238.32,0.0018914255727765009,141238.32,141238.32,141238.32,141238.32,0.0,0.0,0.0,3.0250435385190677,0.0,0.0,0.245,11.85821103553059,1.0,0,0,0.333,126784.85,95,2003,4
2003-11-17,Beans (white),141238.32,NGN,NGN/MT,Interpolated,wholesale,National,,,0.69,False,Gap-filled by interpolation,Interpolated,historical,False,,141238.32,129.22,160.55555555555554,97.0,11.4,12.5,1,0,0,0,0,1,0,0,0,1,0,1,1,1,1,0,1,1,0,0,-0.5000000000000004,0.8660254037844384,-0.5680647467311559,0.8229838658936564,1093.01,141238.32,141238.32,141238.32,141238.32,141238.32,141238.32,137091.25,141238.32,0.0,141238.32,0.0,141238.32,0.007313798674409305,141238.32,0.0018914255727765009,141238.32,141238.32,141238.32,141238.32,0.0,0.0,0.0,3.0250435385190677,0.0,0.0,0.215,11.85821103553059,1.0,0,0,0.333,126784.85,96,2003,4
2003-11-24,Beans (white),141238.32,NGN,NGN/MT,Interpolated,wholesale,National,,,0.69,False,Gap-filled by interpolation,Interpolated,historical,False,,141238.32,129.22,160.55555555555554,97.0,11.4,12.5,1,0,0,0,0,1,0,0,0,1,0,1,1,1,1,0,1,1,0,0,-0.5000000000000004,0.8660254037844384,-0.4647231720437684,0.88545602565321,1093.01,141238.32,141238.32,141238.32,141238.32,141238.32,141238.32,138395.83,141238.32,0.0,141238.32,0.0,141238.32,0.007313798674409305,141238.32,0.0018914255727765009,141238.32,141238.32,141238.32,141238.32,0.0,0.0,0.0,2.053884137983064,0.0,0.0,0.189,11.85821103553059,1.0,0,0,0.333,126784.85,97,2003,4
2003-12-01,Beans (white),141238.32,NGN,NGN/MT,Interpolated,wholesale,National,,,0.69,False,Gap-filled by interpolation,Interpolated,historical,False,,141238.32,129.22,160.55555555555554,97.0,11.4,12.5,1,0,0,0,0,0,0,0,0,1,0,1,1,1,1,0,0,0,0,1,-2.4492935982947064e-16,1.0,-0.3546048870425359,0.9350162426854148,1093.01,141238.32,141238.32,141238.32,141238.32,141238.32,141238.32,139700.42,141238.32,0.0,141238.32,0.0,141238.32,0.007313798674409305,141238.32,0.0018914255727765009,141238.32,141238.32,141238.32,141238.32,0.0,0.0,0.0,1.1008556738769881,0.0,0.0,0.259,11.85821103553059,1.0,0,0,0.0,126784.85,98,2003,4
2003-12-08,Beans (white),141238.32,NGN,NGN/MT,Interpolated,wholesale,National,,,0.69,False,Gap-filled by interpolation,Interpolated,historical,False,,141238.32,129.22,160.55555555555554,97.0,11.4,12.5,1,0,0,0,0,0,0,0,0,1,0,1,1,1,1,0,0,0,0,1,-2.4492935982947064e-16,1.0,-0.2393156642875578,0.970941817426052,1093.01,141238.32,141238.32,141238.32,141238.32,141238.32,141238.32,141005.0,141238.32,0.0,141238.32,0.0,141238.32,0.007313798674409305,141238.32,0.0018914255727765009,141238.32,141238.32,141238.32,141238.32,0.0,0.0,0.0,0.16546930959895345,0.0,0.0,0.226,11.85821103553059,1.0,0,0,0.0,126784.85,99,2003,4
2003-12-15,Beans (white),141238.32,NGN,NGN/MT,Interpolated,wholesale,National,,,0.69,False,Gap-filled by interpolation,Interpolated,historical,False,,141238.32,129.22,160.55555555555554,97.0,11.4,12.5,1,0,0,0,0,0,0,0,0,1,0,1,1,1,1,0,0,0,0,1,-2.4492935982947064e-16,1.0,-0.1205366802553236,0.992708874098054,1093.01,141238.32,141238.32,141238.32,141238.32,141238.32,141238.32,141063.33,141238.32,0.0,141238.32,0.0,141238.32,0.007313798674409305,141238.32,0.0018914255727765009,141238.32,141238.32,141238.32,141238.32,0.0,0.0,0.0,0.12405066575418289,0.0,0.0,0.188,11.85821103553059,1.0,0,0,0.0,126784.85,100,2003,4
2003-12-22,Beans (white),141238.32,NGN,NGN/MT,Interpolated,wholesale,National,,,0.69,False,Gap-filled by interpolation,Interpolated,historical,False,,141238.32,129.22,160.55555555555554,97.0,11.4,12.5,1,0,0,0,0,0,0,0,0,1,0,1,1,1,1,0,0,0,0,1,-2.4492935982947064e-16,1.0,6.432490598706546e-16,1.0,1093.01,141238.32,141238.32,141238.32,141238.32,141238.32,141238.32,141121.66,141238.32,0.0,141238.32,0.0,141238.32,0.007313798674409305,141238.32,0.0018914255727765009,141238.32,141238.32,141238.32,141238.32,0.0,0.0,0.0,0.08266626115367437,0.0,0.0,0.139,11.85821103553059,1.0,0,0,0.0,126784.85,101,2003,4
2003-12-29,Beans (white),141238.32,NGN,NGN/MT,Interpolated,wholesale,National,,,0.69,False,Gap-filled by interpolation,Interpolated,historical,False,,141238.32,129.22,160.55555555555554,97.0,11.4,12.5,1,0,0,0,0,0,0,0,0,1,0,1,1,1,1,0,0,0,0,1,-2.4492935982947064e-16,1.0,0.120536680255323,0.992708874098054,1093.01,141238.32,141238.32,141238.32,141238.32,141238.32,141238.32,141179.99,141238.32,0.0,141238.32,0.0,141238.32,0.007313798674409305,141238.32,0.0018914255727765009,141238.32,141238.32,141238.32,141238.32,0.0,0.0,0.0,0.041316053358575466,0.0,0.0,0.0,11.85821103553059,1.0,0,0,0.0,126784.85,102,2003,4
2004-01-05,Beans (white),141238.32,NGN,NGN/MT,Interpolated,wholesale,National,,,0.69,False,Gap-filled by interpolation,Interpolated,historical,False,,141238.32,133.5,160.55555555555554,97.0,11.4,12.5,1,0,0,0,0,0,0,0,0,1,0,0,1,0,0,0,0,0,0,1,0.4999999999999999,0.8660254037844387,0.2393156642875577,0.970941817426052,1057.96,141238.32,141238.32,141238.32,141238.32,141238.32,141238.32,141238.32,141238.32,0.0,141238.32,0.0,141238.32,0.007313798674409305,141238.32,0.0018914255727765009,141238.32,141238.32,141238.32,141238.32,0.0,0.0,0.0,0.0,0.0,0.0,0.0,11.85821103553059,1.0,0,0,0.0,126784.85,103,2004,1
2004-01-12,Beans (white),141238.32,NGN,NGN/MT,Interpolated,wholesale,National,,,0.69,False,Gap-filled by interpolation,Interpolated,historical,False,,141238.32,133.5,160.55555555555554,97.0,11.4,12.5,1,0,0,0,0,0,0,0,0,1,0,0,1,0,0,0,0,0,0,1,0.4999999999999999,0.8660254037844387,0.3546048870425356,0.9350162426854148,1057.96,141238.32,141238.32,141238.32,141238.32,141238.32,141238.32,141238.32,141238.32,0.0,141238.32,0.0,141238.32,0.007313798674409305,141238.32,0.0018914255727765009,141238.32,141238.32,141238.32,141238.32,0.0,0.0,0.0,0.0,0.0,0.0,0.0,11.85821103553059,1.0,0,0,0.0,126784.85,104,2004,1
2004-01-19,Beans (white),141238.32,NGN,NGN/MT,Interpolated,wholesale,National,,,0.69,False,Gap-filled by interpolation,Interpolated,historical,False,,141238.32,133.5,160.55555555555554,97.0,11.4,12.5,1,0,0,0,0,0,0,0,0,1,0,0,1,0,0,0,0,0,0,1,0.4999999999999999,0.8660254037844387,0.4647231720437685,0.8854560256532099,1057.96,141238.32,141238.32,141238.32,141238.32,141238.32,141238.32,141238.32,141238.32,0.0,141238.32,0.0,141238.32,0.007313798674409305,141238.32,0.0018914255727765009,141238.32,141238.32,141238.32,141238.32,0.0,0.0,0.0,0.0,0.0,0.0,0.0,11.85821103553059,1.0,0,0,0.0,126784.85,105,2004,1
2004-01-26,Beans (white),141238.32,NGN,NGN/MT,Interpolated,wholesale,National,,,0.69,False,Gap-filled by interpolation,Interpolated,historical,False,,141238.32,133.5,160.55555555555554,97.0,11.4,12.5,1,0,0,0,0,0,0,0,0,1,0,0,1,0,0,0,0,0,0,1,0.4999999999999999,0.8660254037844387,0.5680647467311558,0.8229838658936564,1057.96,141238.32,141238.32,141238.32,141238.32,141238.32,141238.32,141238.32,141238.32,0.0,141238.32,0.0,141238.32,0.007313798674409305,141238.32,0.0018914255727765009,141238.32,141238.32,141238.32,141238.32,0.0,0.0,0.0,0.0,0.0,0.0,0.0,11.85821103553059,1.0,0,0,0.0,126784.85,106,2004,1
2004-02-02,Beans (white),141238.32,NGN,NGN/MT,Interpolated,wholesale,National,,,0.69,False,Gap-filled by interpolation,Interpolated,historical,False,,141238.32,133.5,160.55555555555554,97.0,11.4,12.5,1,0,0,0,0,0,0,0,1,1,0,0,1,0,0,0,0,0,0,0,0.8660254037844386,0.5000000000000001,0.6631226582407952,0.7485107481711011,1057.96,141238.32,141238.32,141238.32,141238.32,141238.32,141238.32,141238.32,141238.32,0.0,141238.32,0.0,141238.32,0.007313798674409305,141238.32,0.0018914255727765009,141238.32,141238.32,141238.32,141238.32,0.0,0.0,0.0,0.0,0.0,0.0,0.0,11.85821103553059,1.0,0,0,0.0,126784.85,107,2004,1
2004-02-09,Beans (white),141238.32,NGN,NGN/MT,Interpolated,wholesale,National,,,0.69,False,Gap-filled by interpolation,Interpolated,historical,False,,141238.32,133.5,160.55555555555554,97.0,11.4,12.5,1,0,0,0,0,0,0,0,1,1,0,0,1,0,0,0,0,0,0,0,0.8660254037844386,0.5000000000000001,0.7485107481711011,0.6631226582407953,1057.96,141238.32,141238.32,141238.32,141238.32,141238.32,141238.32,141238.32,141238.32,0.0,141238.32,0.0,141238.32,0.007313798674409305,141238.32,0.0018914255727765009,141238.32,141238.32,141238.32,141238.32,0.0,0.0,0.0,0.0,0.0,0.0,0.0,11.85821103553059,1.0,0,0,0.0,126784.85,108,2004,1
2004-02-16,Beans (white),141238.32,NGN,NGN/MT,Interpolated,wholesale,National,,,0.69,False,Gap-filled by interpolation,Interpolated,historical,False,,141238.32,133.5,160.55555555555554,97.0,11.4,12.5,1,0,0,0,0,0,0,0,1,1,0,0,1,0,0,0,0,0,0,0,0.8660254037844386,0.5000000000000001,0.8229838658936564,0.5680647467311559,1057.96,141238.32,141238.32,141238.32,141238.32,141238.32,141238.32,141238.32,141238.32,0.0,141238.32,0.0,141238.32,0.007313798674409305,141238.32,0.0018914255727765009,141238.32,141238.32,141238.32,141238.32,0.0,0.0,0.0,0.0,0.0,0.0,0.0,11.85821103553059,1.0,0,0,0.0,126784.85,109,2004,1
2004-02-23,Beans (white),141238.32,NGN,NGN/MT,Interpolated,wholesale,National,,,0.69,False,Gap-filled by interpolation,Interpolated,historical,False,,141238.32,133.5,160.55555555555554,97.0,11.4,12.5,1,0,0,0,0,0,0,0,1,1,0,0,1,0,0,0,0,0,0,0,0.8660254037844386,0.5000000000000001,0.8854560256532099,0.4647231720437686,1057.96,141238.32,141238.32,141238.32,141238.32,141238.32,141238.32,141238.32,141238.32,0.0,141238.32,0.0,141238.32,0.007313798674409305,141238.32,0.0018914255727765009,141238.32,141238.32,141238.32,141238.32,0.0,0.0,0.0,0.0,0.0,0.0,0.0,11.85821103553059,1.0,0,0,0.0,126784.85,110,2004,1
2004-03-01,Beans (white),141238.32,NGN,NGN/MT,Interpolated,wholesale,National,,,0.69,False,Gap-filled by interpolation,Interpolated,historical,False,,141238.32,133.5,160.55555555555554,97.0,11.4,12.5,1,0,0,1,0,0,0,0,1,1,0,0,0,0,0,0,0,0,0,0,1.0,6.123233995736766e-17,0.9350162426854148,0.3546048870425355,1057.96,141238.32,141238.32,141238.32,141238.32,141238.32,141238.32,141238.32,141238.32,0.0,141238.32,0.0,141238.32,0.007313798674409305,141238.32,0.0018914255727765009,141238.32,141238.32,141238.32,141238.32,0.0,0.0,0.0,0.0,0.0,0.0,0.0,11.85821103553059,1.0,0,0,0.0,126784.85,111,2004,1
2004-03-08,Beans (white),141238.32,NGN,NGN/MT,Interpolated,wholesale,National,,,0.69,False,Gap-filled by interpolation,Interpolated,historical,False,,141238.32,133.5,160.55555555555554,97.0,11.4,12.5,1,0,0,1,0,0,0,0,1,1,0,0,0,0,0,0,0,0,0,0,1.0,6.123233995736766e-17,0.970941817426052,0.239315664287558,1057.96,141238.32,141238.32,141238.32,141238.32,141238.32,141238.32,141238.32,141238.32,0.0,141238.32,0.0,141238.32,0.007313798674409305,141238.32,0.0018914255727765009,141238.32,141238.32,141238.32,141238.32,0.0,0.0,0.0,0.0,0.0,0.0,0.0,11.85821103553059,1.0,0,0,0.0,126784.85,112,2004,1
2004-03-15,Beans (white),141238.32,NGN,NGN/MT,Interpolated,wholesale,National,,,0.69,False,Gap-filled by interpolation,Interpolated,historical,False,,141238.32,133.5,160.55555555555554,97.0,11.4,12.5,1,0,0,1,0,0,0,0,1,1,0,0,0,0,0,0,0,0,0,0,1.0,6.123233995736766e-17,0.992708874098054,0.120536680255323,1057.96,141238.32,141238.32,141238.32,141238.32,141238.32,141238.32,141238.32,141238.32,0.0,141238.32,0.0,141238.32,0.007313798674409305,141238.32,0.0018914255727765009,141238.32,141238.32,141238.32,141238.32,0.0,0.0,0.0,0.0,0.0,0.0,0.0,11.85821103553059,1.0,0,0,0.0,126784.85,113,2004,1
2004-03-22,Beans (white),141238.32,NGN,NGN/MT,Interpolated,wholesale,National,,,0.69,False,Gap-filled by interpolation,Interpolated,historical,False,,141238.32,133.5,160.55555555555554,97.0,11.4,12.5,1,0,0,1,0,0,0,0,1,1,0,0,0,0,0,0,0,0,0,0,1.0,6.123233995736766e-17,1.0,-1.6081226496766364e-16,1057.96,141238.32,141238.32,141238.32,141238.32,141238.32,141238.32,141238.32,141238.32,0.0,141238.32,0.0,141238.32,0.007313798674409305,141238.32,0.0018914255727765009,141238.32,141238.32,141238.32,141238.32,0.0,0.0,0.0,0.0,0.0,0.0,0.0,11.85821103553059,1.0,0,0,0.0,126784.85,114,2004,1
2004-03-29,Beans (white),141238.32,NGN,NGN/MT,Interpolated,wholesale,National,,,0.69,False,Gap-filled by interpolation,Interpolated,historical,False,,141238.32,133.5,160.55555555555554,97.0,11.4,12.5,1,0,0,1,0,0,0,0,1,1,0,0,0,0,0,0,0,0,0,0,1.0,6.123233995736766e-17,0.992708874098054,-0.1205366802553228,1057.96,141238.32,141238.32,141238.32,141238.32,141238.32,141238.32,141238.32,141238.32,0.0,141238.32,0.0,141238.32,0.007313798674409305,141238.32,0.0018914255727765009,141238.32,141238.32,141238.32,141238.32,0.0,0.0,0.0,0.0,0.0,0.0,0.0,11.85821103553059,1.0,0,0,0.0,126784.85,115,2004,1
2004-04-05,Beans (white),141238.32,NGN,NGN/MT,Interpolated,wholesale,National,,,0.69,False,Gap-filled by interpolation,Interpolated,historical,False,,141238.32,133.5,160.55555555555554,97.0,11.4,12.5,0,1,1,1,0,0,0,0,1,0,0,0,0,0,0,0,0,0,0,0,0.8660254037844387,-0.4999999999999998,0.970941817426052,-0.2393156642875575,1057.96,141238.32,141238.32,141238.32,141238.32,141238.32,141238.32,141238.32,141238.32,0.0,141238.32,0.0,141238.32,0.007313798674409305,141238.32,0.0018914255727765009,141238.32,141238.32,141238.32,141238.32,0.0,0.0,0.0,0.0,0.0,0.0,0.0,11.85821103553059,1.0,0,0,0.333,126784.85,116,2004,2
2004-04-12,Beans (white),141238.32,NGN,NGN/MT,Interpolated,wholesale,National,,,0.69,False,Gap-filled by interpolation,Interpolated,historical,False,,141238.32,133.5,160.55555555555554,97.0,11.4,12.5,0,1,1,1,0,0,0,0,1,0,0,0,0,0,0,0,0,0,0,0,0.8660254037844387,-0.4999999999999998,0.9350162426854148,-0.3546048870425354,1057.96,141238.32,141238.32,141238.32,141238.32,141238.32,141238.32,141238.32,141238.32,0.0,141238.32,0.0,141238.32,0.007313798674409305,141238.32,0.0018914255727765009,141238.32,141238.32,141238.32,141238.32,0.0,0.0,0.0,0.0,0.0,0.0,0.0,11.85821103553059,1.0,0,0,0.333,126784.85,117,2004,2
2004-04-19,Beans (white),141238.32,NGN,NGN/MT,Interpolated,wholesale,National,,,0.69,False,Gap-filled by interpolation,Interpolated,historical,False,,141238.32,133.5,160.55555555555554,97.0,11.4,12.5,0,1,1,1,0,0,0,0,1,0,0,0,0,0,0,0,0,0,0,0,0.8660254037844387,-0.4999999999999998,0.8854560256532099,-0.4647231720437685,1057.96,141238.32,141238.32,141238.32,141238.32,141238.32,141238.32,141238.32,141238.32,0.0,141238.32,0.0,141238.32,0.007313798674409305,141238.32,0.0018914255727765009,141238.32,141238.32,141238.32,141238.32,0.0,0.0,0.0,0.0,0.0,0.0,0.0,11.85821103553059,1.0,0,0,0.333,126784.85,118,2004,2
2004-04-26,Beans (white),141238.32,NGN,NGN/MT,Interpolated,wholesale,National,,,0.69,False,Gap-filled by interpolation,Interpolated,historical,False,,141238.32,133.5,160.55555555555554,97.0,11.4,12.5,0,1,1,1,0,0,0,0,1,0,0,0,0,0,0,0,0,0,0,0,0.8660254037844387,-0.4999999999999998,0.8229838658936565,-0.5680647467311557,1057.96,141238.32,141238.32,141238.32,141238.32,141238.32,141238.32,141238.32,141238.32,0.0,141238.32,0.0,141238.32,0.007313798674409305,141238.32,0.0018914255727765009,141238.32,141238.32,141238.32,141238.32,0.0,0.0,0.0,0.0,0.0,0.0,0.0,11.85821103553059,1.0,0,0,0.333,126784.85,119,2004,2
2004-05-03,Beans (white),141238.32,NGN,NGN/MT,Interpolated,wholesale,National,,,0.69,False,Gap-filled by interpolation,Interpolated,historical,False,,141238.32,133.5,160.55555555555554,97.0,11.4,12.5,0,1,1,1,0,0,0,0,1,0,1,0,0,0,0,0,0,0,0,0,0.4999999999999999,-0.8660254037844387,0.7485107481711013,-0.663122658240795,1057.96,141238.32,141238.32,141238.32,141238.32,141238.32,141238.32,141238.32,141238.32,0.0,141238.32,0.0,141238.32,0.007313798674409305,141238.32,0.0018914255727765009,141238.32,141238.32,141238.32,141238.32,0.0,0.0,0.0,0.0,0.0,0.0,0.0,11.85821103553059,1.0,0,0,0.333,126784.85,120,2004,2
2004-05-10,Beans (white),141238.32,NGN,NGN/MT,Interpolated,wholesale,National,,,0.69,False,Gap-filled by interpolation,Interpolated,historical,False,,141238.32,133.5,160.55555555555554,97.0,11.4,12.5,0,1,1,1,0,0,0,0,1,0,1,0,0,0,0,0,0,0,0,0,0.4999999999999999,-0.8660254037844387,0.6631226582407952,-0.7485107481711012,1057.96,141238.32,141238.32,141238.32,141238.32,141238.32,141238.32,141238.32,141238.32,0.0,141238.32,0.0,141238.32,0.007313798674409305,141238.32,0.0018914255727765009,141238.32,141238.32,141238.32,141238.32,0.0,0.0,0.0,0.0,0.0,0.0,0.0,11.85821103553059,1.0,0,0,0.333,126784.85,121,2004,2
2004-05-17,Beans (white),141238.32,NGN,NGN/MT,Interpolated,wholesale,National,,,0.69,False,Gap-filled by interpolation,Interpolated,historical,False,,141238.32,133.5,160.55555555555554,97.0,11.4,12.5,0,1,1,1,0,0,0,0,1,0,1,0,0,0,0,0,0,0,0,0,0.4999999999999999,-0.8660254037844387,0.5680647467311558,-0.8229838658936564,1057.96,141238.32,141238.32,141238.32,141238.32,141238.32,141238.32,141238.32,141238.32,0.0,141238.32,0.0,141238.32,0.007313798674409305,141238.32,0.0018914255727765009,141238.32,141238.32,141238.32,141238.32,0.0,0.0,0.0,0.0,0.0,0.0,0.0,11.85821103553059,1.0,0,0,0.333,126784.85,122,2004,2
2004-05-24,Beans (white),141238.32,NGN,NGN/MT,Interpolated,wholesale,National,,,0.69,False,Gap-filled by interpolation,Interpolated,historical,False,,141238.32,133.5,160.55555555555554,97.0,11.4,12.5,0,1,1,1,0,0,0,0,1,0,1,0,0,0,0,0,0,0,0,0,0.4999999999999999,-0.8660254037844387,0.464723172043769,-0.8854560256532096,1057.96,141238.32,141238.32,141238.32,141238.32,141238.32,141238.32,141238.32,141238.32,0.0,141238.32,0.0,141238.32,0.007313798674409305,141238.32,0.0018914255727765009,141238.32,141238.32,141238.32,141238.32,0.0,0.0,0.0,0.0,0.0,0.0,0.0,11.85821103553059,1.0,0,0,0.333,126784.85,123,2004,2
2004-05-31,Beans (white),141238.32,NGN,NGN/MT,Interpolated,wholesale,National,,,0.69,False,Gap-filled by interpolation,Interpolated,historical,False,,141238.32,133.5,160.55555555555554,97.0,11.4,12.5,0,1,1,1,0,0,0,0,1,0,1,0,0,0,0,0,0,0,0,0,0.4999999999999999,-0.8660254037844387,0.3546048870425358,-0.9350162426854148,1057.96,141238.32,141238.32,141238.32,141238.32,141238.32,141238.32,141238.32,141238.32,0.0,141238.32,0.0,141238.32,0.007313798674409305,141238.32,0.0018914255727765009,141238.32,141238.32,141238.32,141238.32,0.0,0.0,0.0,0.0,0.0,0.0,0.0,11.85821103553059,1.0,0,0,0.333,126784.85,124,2004,2
2004-06-07,Beans (white),141238.32,NGN,NGN/MT,Interpolated,wholesale,National,,,0.69,False,Gap-filled by interpolation,Interpolated,historical,False,,141238.32,133.5,160.55555555555554,97.0,11.4,12.5,0,1,1,0,0,0,0,1,0,0,1,0,0,0,0,0,0,0,1,0,1.2246467991473532e-16,-1.0,0.2393156642875576,-0.970941817426052,1057.96,141238.32,141238.32,141238.32,141238.32,141238.32,141238.32,141238.32,141238.32,0.0,141238.32,0.0,141238.32,0.007313798674409305,141238.32,0.0018914255727765009,141238.32,141238.32,141238.32,141238.32,0.0,0.0,0.0,0.0,0.0,0.0,0.0,11.85821103553059,1.0,0,0,0.667,126784.85,125,2004,2
2004-06-14,Beans (white),141238.32,NGN,NGN/MT,Interpolated,wholesale,National,,,0.69,False,Gap-filled by interpolation,Interpolated,historical,False,,141238.32,133.5,160.55555555555554,97.0,11.4,12.5,0,1,1,0,0,0,0,1,0,0,1,0,0,0,0,0,0,0,1,0,1.2246467991473532e-16,-1.0,0.120536680255323,-0.992708874098054,1057.96,141238.32,141238.32,141238.32,141238.32,141238.32,141238.32,141238.32,141238.32,0.0,141238.32,0.0,141238.32,0.007313798674409305,141238.32,0.0018914255727765009,141238.32,141238.32,141238.32,141238.32,0.0,0.0,0.0,0.0,0.0,0.0,0.0,11.85821103553059,1.0,0,0,0.667,126784.85,126,2004,2
2004-06-21,Beans (white),141238.32,NGN,NGN/MT,Interpolated,wholesale,National,,,0.69,False,Gap-filled by interpolation,Interpolated,historical,False,,141238.32,133.5,160.55555555555554,97.0,11.4,12.5,0,1,1,0,0,0,0,1,0,0,1,0,0,0,0,0,0,0,1,0,1.2246467991473532e-16,-1.0,-3.216245299353273e-16,-1.0,1057.96,141238.32,141238.32,141238.32,141238.32,141238.32,141238.32,141238.32,141238.32,0.0,141238.32,0.0,141238.32,0.007313798674409305,141238.32,0.0018914255727765009,141238.32,141238.32,141238.32,141238.32,0.0,0.0,0.0,0.0,0.0,0.0,0.0,11.85821103553059,1.0,0,0,0.667,126784.85,127,2004,2
2004-06-28,Beans (white),141238.32,NGN,NGN/MT,Interpolated,wholesale,National,,,0.69,False,Gap-filled by interpolation,Interpolated,historical,False,,141238.32,133.5,160.55555555555554,97.0,11.4,12.5,0,1,1,0,0,0,0,1,0,0,1,0,0,0,0,0,0,0,1,0,1.2246467991473532e-16,-1.0,-0.1205366802553228,-0.992708874098054,1057.96,141238.32,141238.32,141238.32,141238.32,141238.32,141238.32,141238.32,141238.32,0.0,141238.32,0.0,141238.32,0.007313798674409305,141238.32,0.0018914255727765009,141238.32,141238.32,141238.32,141238.32,0.0,0.0,0.0,0.0,0.0,0.0,0.0,11.85821103553059,1.0,0,0,0.667,126784.85,128,2004,2
2004-07-05,Beans (white),141238.32,NGN,NGN/MT,Interpolated,wholesale,National,,,0.69,False,Gap-filled by interpolation,Interpolated,historical,False,,141238.32,133.5,160.55555555555554,97.0,11.4,12.5,0,1,1,0,0,0,1,1,0,0,1,0,0,0,0,0,0,0,1,0,-0.4999999999999997,-0.8660254037844388,-0.2393156642875574,-0.970941817426052,1057.96,141238.32,141238.32,141238.32,141238.32,141238.32,141238.32,141238.32,141238.32,0.0,141238.32,0.0,141238.32,0.007313798674409305,141238.32,0.0018914255727765009,141238.32,141238.32,141238.32,141238.32,0.0,0.0,0.0,0.0,0.0,0.0,0.0,11.85821103553059,1.0,0,0,0.667,126784.85,129,2004,3
2004-07-12,Beans (white),141238.32,NGN,NGN/MT,Interpolated,wholesale,National,,,0.69,False,Gap-filled by interpolation,Interpolated,historical,False,,141238.32,133.5,160.55555555555554,97.0,11.4,12.5,0,1,1,0,0,0,1,1,0,0,1,0,0,0,0,0,0,0,1,0,-0.4999999999999997,-0.8660254037844388,-0.3546048870425356,-0.9350162426854148,1057.96,141238.32,141238.32,141238.32,141238.32,141238.32,141238.32,141238.32,141238.32,0.0,141238.32,0.0,141238.32,0.007313798674409305,141238.32,0.0018914255727765009,141238.32,141238.32,141238.32,141238.32,0.0,0.0,0.0,0.0,0.0,0.0,0.0,11.85821103553059,1.0,0,0,0.667,126784.85,130,2004,3
2004-07-19,Beans (white),141238.32,NGN,NGN/MT,Interpolated,wholesale,National,,,0.69,False,Gap-filled by interpolation,Interpolated,historical,False,,141238.32,133.5,160.55555555555554,97.0,11.4,12.5,0,1,1,0,0,0,1,1,0,0,1,0,0,0,0,0,0,0,1,0,-0.4999999999999997,-0.8660254037844388,-0.464723172043768,-0.8854560256532101,1057.96,141238.32,141238.32,141238.32,141238.32,141238.32,141238.32,141238.32,141238.32,0.0,141238.32,0.0,141238.32,0.007313798674409305,141238.32,0.0018914255727765009,141238.32,141238.32,141238.32,141238.32,0.0,0.0,0.0,0.0,0.0,0.0,0.0,11.85821103553059,1.0,0,0,0.667,126784.85,131,2004,3
2004-07-26,Beans (white),141238.32,NGN,NGN/MT,Interpolated,wholesale,National,,,0.69,False,Gap-filled by interpolation,Interpolated,historical,False,,141238.32,133.5,160.55555555555554,97.0,11.4,12.5,0,1,1,0,0,0,1,1,0,0,1,0,0,0,0,0,0,0,1,0,-0.4999999999999997,-0.8660254037844388,-0.5680647467311556,-0.8229838658936565,1057.96,141238.32,141238.32,141238.32,141238.32,141238.32,141238.32,141238.32,141238.32,0.0,141238.32,0.0,141238.32,0.007313798674409305,141238.32,0.0018914255727765009,141238.32,141238.32,141238.32,141238.32,0.0,0.0,0.0,0.0,0.0,0.0,0.0,11.85821103553059,1.0,0,0,0.667,126784.85,132,2004,3
2004-08-02,Beans (white),141238.32,NGN,NGN/MT,Interpolated,wholesale,National,,,0.69,False,Gap-filled by interpolation,Interpolated,historical,False,,141238.32,133.5,160.55555555555554,97.0,11.4,12.5,0,1,0,0,1,0,1,1,0,0,1,0,0,0,0,1,0,0,1,0,-0.8660254037844384,-0.5000000000000004,-0.663122658240795,-0.7485107481711013,1057.96,141238.32,141238.32,141238.32,141238.32,141238.32,141238.32,141238.32,141238.32,0.0,141238.32,0.0,141238.32,0.007313798674409305,141238.32,0.0018914255727765009,141238.32,141238.32,141238.32,141238.32,0.0,0.0,0.0,0.0,0.0,0.0,0.0,11.85821103553059,1.0,0,0,0.333,126784.85,133,2004,3
2004-08-09,Beans (white),141238.32,NGN,NGN/MT,Interpolated,wholesale,National,,,0.69,False,Gap-filled by interpolation,Interpolated,historical,False,,141238.32,133.5,160.55555555555554,97.0,11.4,12.5,0,1,0,0,1,0,1,1,0,0,1,0,0,0,0,1,0,0,1,0,-0.8660254037844384,-0.5000000000000004,-0.7485107481711011,-0.6631226582407952,1057.96,141238.32,141238.32,141238.32,141238.32,141238.32,141238.32,141238.32,141238.32,0.0,141238.32,0.0,141238.32,0.007313798674409305,141238.32,0.0018914255727765009,141238.32,141238.32,141238.32,141238.32,0.0,0.0,0.0,0.0,0.0,0.0,0.0,11.85821103553059,1.0,0,0,0.333,126784.85,134,2004,3
2004-08-16,Beans (white),141238.32,NGN,NGN/MT,Interpolated,wholesale,National,,,0.69,False,Gap-filled by interpolation,Interpolated,historical,False,,141238.32,133.5,160.55555555555554,97.0,11.4,12.5,0,1,0,0,1,0,1,1,0,0,1,0,0,0,0,1,0,0,1,0,-0.8660254037844384,-0.5000000000000004,-0.8229838658936564,-0.5680647467311559,1057.96,141238.32,141238.32,141238.32,141238.32,141238.32,141238.32,141238.32,141238.32,0.0,141238.32,0.0,141238.32,0.007313798674409305,141238.32,0.0018914255727765009,141238.32,141238.32,141238.32,141238.32,0.0,0.0,0.0,0.0,0.0,0.0,0.0,11.85821103553059,1.0,0,0,0.333,126784.85,135,2004,3
2004-08-23,Beans (white),141238.32,NGN,NGN/MT,Interpolated,wholesale,National,,,0.69,False,Gap-filled by interpolation,Interpolated,historical,False,,141238.32,133.5,160.55555555555554,97.0,11.4,12.5,0,1,0,0,1,0,1,1,0,0,1,0,0,0,0,1,0,0,1,0,-0.8660254037844384,-0.5000000000000004,-0.8854560256532096,-0.4647231720437691,1057.96,141238.32,141238.32,141238.32,141238.32,141238.32,141238.32,141238.32,141238.32,0.0,141238.32,0.0,141238.32,0.007313798674409305,141238.32,0.0018914255727765009,141238.32,141238.32,141238.32,141238.32,0.0,0.0,0.0,0.0,0.0,0.0,0.0,11.85821103553059,1.0,0,0,0.333,126784.85,136,2004,3
2004-08-30,Beans (white),141238.32,NGN,NGN/MT,Interpolated,wholesale,National,,,0.69,False,Gap-filled by interpolation,Interpolated,historical,False,,141238.32,133.5,160.55555555555554,97.0,11.4,12.5,0,1,0,0,1,0,1,1,0,0,1,0,0,0,0,1,0,0,1,0,-0.8660254037844384,-0.5000000000000004,-0.9350162426854148,-0.3546048870425359,1057.96,141238.32,141238.32,141238.32,141238.32,141238.32,141238.32,141238.32,141238.32,0.0,141238.32,0.0,141238.32,0.007313798674409305,141238.32,0.0018914255727765009,141238.32,141238.32,141238.32,141238.32,0.0,0.0,0.0,0.0,0.0,0.0,0.0,11.85821103553059,1.0,0,0,0.333,126784.85,137,2004,3
2004-09-06,Beans (white),141238.32,NGN,NGN/MT,Interpolated,wholesale,National,,,0.69,False,Gap-filled by interpolation,Interpolated,historical,False,,141238.32,133.5,160.55555555555554,97.0,11.4,12.5,0,1,0,0,1,1,0,0,0,0,0,0,0,0,0,1,0,0,0,0,-1.0,-1.8369701987210294e-16,-0.970941817426052,-0.2393156642875577,1057.96,141238.32,141238.32,141238.32,141238.32,141238.32,141238.32,141238.32,141238.32,0.0,141238.32,0.0,141238.32,0.007313798674409305,141238.32,0.0018914255727765009,141238.32,141238.32,141238.32,141238.32,0.0,0.0,0.0,0.0,0.0,0.0,0.0,11.85821103553059,1.0,0,0,0.333,126784.85,138,2004,3
2004-09-13,Beans (white),141238.32,NGN,NGN/MT,Interpolated,wholesale,National,,,0.69,False,Gap-filled by interpolation,Interpolated,historical,False,,141238.32,133.5,160.55555555555554,97.0,11.4,12.5,0,1,0,0,1,1,0,0,0,0,0,0,0,0,0,1,0,0,0,0,-1.0,-1.8369701987210294e-16,-0.992708874098054,-0.1205366802553235,1057.96,141238.32,141238.32,141238.32,141238.32,141238.32,141238.32,141238.32,141238.32,0.0,141238.32,0.0,141238.32,0.007313798674409305,141238.32,0.0018914255727765009,141238.32,141238.32,141238.32,141238.32,0.0,0.0,0.0,0.0,0.0,0.0,0.0,11.85821103553059,1.0,0,0,0.333,126784.85,139,2004,3
2004-09-20,Beans (white),141238.32,NGN,NGN/MT,Interpolated,wholesale,National,,,0.69,False,Gap-filled by interpolation,Interpolated,historical,False,,141238.32,133.5,160.55555555555554,97.0,11.4,12.5,0,1,0,0,1,1,0,0,0,0,0,0,0,0,0,1,0,0,0,0,-1.0,-1.8369701987210294e-16,-1.0,-1.8369701987210294e-16,1057.96,141238.32,141238.32,141238.32,141238.32,141238.32,141238.32,141238.32,141238.32,0.0,141238.32,0.0,141238.32,0.007313798674409305,141238.32,0.0018914255727765009,141238.32,141238.32,141238.32,141238.32,0.0,0.0,0.0,0.0,0.0,0.0,0.0,11.85821103553059,1.0,0,0,0.333,126784.85,140,2004,3
2004-09-27,Beans (white),141238.32,NGN,NGN/MT,Interpolated,wholesale,National,,,0.69,False,Gap-filled by interpolation,Interpolated,historical,False,,141238.32,133.5,160.55555555555554,97.0,11.4,12.5,0,1,0,0,1,1,0,0,0,0,0,0,0,0,0,1,0,0,0,0,-1.0,-1.8369701987210294e-16,-0.992708874098054,0.1205366802553232,1057.96,141238.32,141238.32,141238.32,141238.32,141238.32,141238.32,141238.32,141238.32,0.0,141238.32,0.0,141238.32,0.007313798674409305,141238.32,0.0018914255727765009,141238.32,141238.32,141238.32,141238.32,0.0,0.0,0.0,0.0,0.0,0.0,0.0,11.85821103553059,1.0,0,0,0.333,126784.85,141,2004,3
2004-10-04,Beans (white),141238.32,NGN,NGN/MT,Interpolated,wholesale,National,,,0.69,False,Gap-filled by interpolation,Interpolated,historical,False,,141238.32,133.5,160.55555555555554,97.0,11.4,12.5,0,1,0,0,0,1,0,0,0,1,0,1,0,1,1,1,1,0,0,0,-0.8660254037844386,0.5000000000000001,-0.970941817426052,0.2393156642875573,1057.96,141238.32,141238.32,141238.32,141238.32,141238.32,141238.32,141238.32,141238.32,0.0,141238.32,0.0,141238.32,0.007313798674409305,141238.32,0.0018914255727765009,141238.32,141238.32,141238.32,141238.32,0.0,0.0,0.0,0.0,0.0,0.0,0.0,11.85821103553059,1.0,0,0,0.333,126784.85,142,2004,4
2004-10-11,Beans (white),141238.32,NGN,NGN/MT,Interpolated,wholesale,National,,,0.69,False,Gap-filled by interpolation,Interpolated,historical,False,,141238.32,133.5,160.55555555555554,97.0,11.4,12.5,0,1,0,0,0,1,0,0,0,1,0,1,0,1,1,1,1,0,0,0,-0.8660254037844386,0.5000000000000001,-0.9350162426854148,0.3546048870425355,1057.96,141238.32,141238.32,141238.32,141238.32,141238.32,141238.32,141238.32,141238.32,0.0,141238.32,0.0,141238.32,0.007313798674409305,141238.32,0.0018914255727765009,141238.32,141238.32,141238.32,141238.32,0.0,0.0,0.0,0.0,0.0,0.0,0.0,11.85821103553059,1.0,0,0,0.333,126784.85,143,2004,4
2004-10-18,Beans (white),141238.32,NGN,NGN/MT,Interpolated,wholesale,National,,,0.69,False,Gap-filled by interpolation,Interpolated,historical,False,,141238.32,133.5,160.55555555555554,97.0,11.4,12.5,0,1,0,0,0,1,0,0,0,1,0,1,0,1,1,1,1,1,0,0,-0.8660254037844386,0.5000000000000001,-0.8854560256532101,0.464723172043768,1057.96,141238.32,141238.32,141238.32,141238.32,141238.32,141238.32,141238.32,141238.32,0.0,141238.32,0.0,141238.32,0.007313798674409305,141238.32,0.0018914255727765009,141238.32,141238.32,141238.32,141238.32,0.0,0.0,0.0,0.0,0.0,0.0,0.0,11.85821103553059,1.0,0,0,0.333,126784.85,144,2004,4
2004-10-25,Beans (white),141238.32,NGN,NGN/MT,Interpolated,wholesale,National,,,0.69,False,Gap-filled by interpolation,Interpolated,historical,False,,141238.32,133.5,160.55555555555554,97.0,11.4,12.5,0,1,0,0,0,1,0,0,0,1,0,1,0,1,1,1,1,1,0,0,-0.8660254037844386,0.5000000000000001,-0.822983865893657,0.5680647467311548,1057.96,141238.32,141238.32,141238.32,141238.32,141238.32,141238.32,141238.32,141238.32,0.0,141238.32,0.0,141238.32,0.007313798674409305,141238.32,0.0018914255727765009,141238.32,141238.32,141238.32,141238.32,0.0,0.0,0.0,0.0,0.0,0.0,0.0,11.85821103553059,1.0,0,0,0.333,126784.85,145,2004,4
2004-11-01,Beans (white),141238.32,NGN,NGN/MT,Interpolated,wholesale,National,,,0.69,False,Gap-filled by interpolation,Interpolated,historical,False,,141238.32,133.5,160.55555555555554,97.0,11.4,12.5,1,0,0,0,0,1,0,0,0,1,0,1,1,1,1,0,1,1,0,0,-0.5000000000000004,0.8660254037844384,-0.7485107481711011,0.6631226582407952,1057.96,141238.32,141238.32,141238.32,141238.32,141238.32,141238.32,141238.32,141238.32,0.0,141238.32,0.0,141238.32,0.007313798674409305,141238.32,0.0018914255727765009,141238.32,141238.32,141238.32,141238.32,0.0,0.0,0.0,0.0,0.0,0.0,0.0,11.85821103553059,1.0,0,0,0.333,126784.85,146,2004,4
2004-11-08,Beans (white),141238.32,NGN,NGN/MT,Interpolated,wholesale,National,,,0.69,False,Gap-filled by interpolation,Interpolated,historical,False,,141238.32,133.5,160.55555555555554,97.0,11.4,12.5,1,0,0,0,0,1,0,0,0,1,0,1,1,1,1,0,1,1,0,0,-0.5000000000000004,0.8660254037844384,-0.6631226582407955,0.7485107481711007,1057.96,141238.32,141238.32,141238.32,141238.32,141238.32,141238.32,141238.32,141238.32,0.0,141238.32,0.0,141238.32,0.007313798674409305,141238.32,0.0018914255727765009,141238.32,141238.32,141238.32,141238.32,0.0,0.0,0.0,0.0,0.0,0.0,0.0,11.85821103553059,1.0,0,0,0.333,126784.85,147,2004,4
2004-11-15,Beans (white),141238.32,NGN,NGN/MT,Interpolated,wholesale,National,,,0.69,False,Gap-filled by interpolation,Interpolated,historical,False,,141238.32,133.5,160.55555555555554,97.0,11.4,12.5,1,0,0,0,0,1,0,0,0,1,0,1,1,1,1,0,1,0,0,0,-0.5000000000000004,0.8660254037844384,-0.5680647467311559,0.8229838658936564,1057.96,141238.32,141238.32,141238.32,141238.32,141238.32,141238.32,141238.32,141238.32,0.0,141238.32,0.0,141238.32,0.007313798674409305,141238.32,0.0018914255727765009,141238.32,141238.32,141238.32,141238.32,0.0,0.0,0.0,0.0,0.0,0.0,0.0,11.85821103553059,1.0,0,0,0.333,126784.85,148,2004,4
2004-11-22,Beans (white),141238.32,NGN,NGN/MT,Interpolated,wholesale,National,,,0.69,False,Gap-filled by interpolation,Interpolated,historical,False,,141238.32,133.5,160.55555555555554,97.0,11.4,12.5,1,0,0,0,0,1,0,0,0,1,0,1,1,1,1,0,1,0,0,0,-0.5000000000000004,0.8660254037844384,-0.4647231720437684,0.88545602565321,1057.96,141238.32,141238.32,141238.32,141238.32,141238.32,141238.32,141238.32,141238.32,0.0,141238.32,0.0,141238.32,0.007313798674409305,141238.32,0.0018914255727765009,141238.32,141238.32,141238.32,141238.32,0.0,0.0,0.0,0.0,0.0,0.0,0.0,11.85821103553059,1.0,0,0,0.333,126784.85,149,2004,4
2004-11-29,Beans (white),141238.32,NGN,NGN/MT,Interpolated,wholesale,National,,,0.69,False,Gap-filled by interpolation,Interpolated,historical,False,,141238.32,133.5,160.55555555555554,97.0,11.4,12.5,1,0,0,0,0,1,0,0,0,1,0,1,1,1,1,0,1,0,0,0,-0.5000000000000004,0.8660254037844384,-0.3546048870425359,0.9350162426854148,1057.96,141238.32,141238.32,141238.32,141238.32,141238.32,141238.32,141238.32,141238.32,0.0,141238.32,0.0,141238.32,0.007313798674409305,141238.32,0.0018914255727765009,141238.32,141238.32,141238.32,141238.32,0.0,0.0,0.0,0.0,0.0,0.0,0.0,11.85821103553059,1.0,0,0,0.333,126784.85,150,2004,4
2004-12-06,Beans (white),141238.32,NGN,NGN/MT,Interpolated,wholesale,National,,,0.69,False,Gap-filled by interpolation,Interpolated,historical,False,,141238.32,133.5,160.55555555555554,97.0,11.4,12.5,1,0,0,0,0,0,0,0,0,1,0,1,1,1,1,0,0,0,0,1,-2.4492935982947064e-16,1.0,-0.2393156642875578,0.970941817426052,1057.96,141238.32,141238.32,141238.32,141238.32,141238.32,141238.32,141238.32,141238.32,0.0,141238.32,0.0,141238.32,0.007313798674409305,141238.32,0.0018914255727765009,141238.32,141238.32,141238.32,141238.32,0.0,0.0,0.0,0.0,0.0,0.0,0.0,11.85821103553059,1.0,0,0,0.0,126784.85,151,2004,4
2004-12-13,Beans (white),141238.32,NGN,NGN/MT,Interpolated,wholesale,National,,,0.69,False,Gap-filled by interpolation,Interpolated,historical,False,,141238.32,133.5,160.55555555555554,97.0,11.4,12.5,1,0,0,0,0,0,0,0,0,1,0,1,1,1,1,0,0,0,0,1,-2.4492935982947064e-16,1.0,-0.1205366802553236,0.992708874098054,1057.96,141238.32,141238.32,141238.32,141238.32,141238.32,141238.32,141238.32,141238.32,0.0,141238.32,0.0,141238.32,0.007313798674409305,141238.32,0.0018914255727765009,141238.32,141238.32,141238.32,141238.32,0.0,0.0,0.0,0.0,0.0,0.0,0.0,11.85821103553059,1.0,0,0,0.0,126784.85,152,2004,4
2004-12-20,Beans (white),141238.32,NGN,NGN/MT,Interpolated,wholesale,National,,,0.69,False,Gap-filled by interpolation,Interpolated,historical,False,,141238.32,133.5,160.55555555555554,97.0,11.4,12.5,1,0,0,0,0,0,0,0,0,1,0,1,1,1,1,0,0,0,0,1,-2.4492935982947064e-16,1.0,6.432490598706546e-16,1.0,1057.96,141238.32,141238.32,141238.32,141238.32,141238.32,141238.32,141238.32,141238.32,0.0,141238.32,0.0,141238.32,0.007313798674409305,141238.32,0.0018914255727765009,141238.32,141238.32,141238.32,141238.32,0.0,0.0,0.0,0.0,0.0,0.0,0.0,11.85821103553059,1.0,0,0,0.0,126784.85,153,2004,4
2004-12-27,Beans (white),141238.32,NGN,NGN/MT,Interpolated,wholesale,National,,,0.69,False,Gap-filled by interpolation,Interpolated,historical,False,,141238.32,133.5,160.55555555555554,97.0,11.4,12.5,1,0,0,0,0,0,0,0,0,1,0,1,1,1,1,0,0,0,0,1,-2.4492935982947064e-16,1.0,0.1205366802553231,0.992708874098054,1057.96,141238.32,141238.32,141238.32,141238.32,141238.32,141238.32,141238.32,141238.32,0.0,141238.32,0.0,141238.32,0.007313798674409305,141238.32,0.0018914255727765009,141238.32,141238.32,141238.32,141238.32,0.0,0.0,0.0,0.0,0.0,0.0,0.0,11.85821103553059,1.0,0,0,0.0,126784.85,154,2004,4
2005-01-03,Beans (white),141238.32,NGN,NGN/MT,Interpolated,wholesale,National,,,0.69,False,Gap-filled by interpolation,Interpolated,historical,False,,141238.32,132.15,160.55555555555554,97.0,11.4,12.5,1,0,0,0,0,0,0,0,0,1,0,0,1,0,0,0,0,0,0,1,0.4999999999999999,0.8660254037844387,0.120536680255323,0.992708874098054,1068.77,141238.32,141238.32,141238.32,141238.32,141238.32,141238.32,141238.32,141238.32,0.0,141238.32,0.0,141238.32,0.007313798674409305,141238.32,0.0018914255727765009,141238.32,141238.32,141238.32,141238.32,0.0,0.0,0.0,0.0,0.0,0.0,0.0,11.85821103553059,1.0,0,0,0.0,126784.85,155,2005,1
2005-01-10,Beans (white),141238.32,NGN,NGN/MT,Interpolated,wholesale,National,,,0.69,False,Gap-filled by interpolation,Interpolated,historical,False,,141238.32,132.15,160.55555555555554,97.0,11.4,12.5,1,0,0,0,0,0,0,0,0,1,0,0,1,0,0,0,0,0,0,1,0.4999999999999999,0.8660254037844387,0.2393156642875577,0.970941817426052,1068.77,141238.32,141238.32,141238.32,141238.32,141238.32,141238.32,141238.32,141238.32,0.0,141238.32,0.0,141238.32,0.007313798674409305,141238.32,0.0018914255727765009,141238.32,141238.32,141238.32,141238.32,0.0,0.0,0.0,0.0,0.0,0.0,0.0,11.85821103553059,1.0,0,0,0.0,126784.85,156,2005,1
2005-01-17,Beans (white),141238.32,NGN,NGN/MT,Interpolated,wholesale,National,,,0.69,False,Gap-filled by interpolation,Interpolated,historical,False,,141238.32,132.15,160.55555555555554,97.0,11.4,12.5,1,0,0,0,0,0,0,0,0,1,0,0,1,0,0,0,0,0,0,1,0.4999999999999999,0.8660254037844387,0.3546048870425356,0.9350162426854148,1068.77,141238.32,141238.32,141238.32,141238.32,141238.32,141238.32,141238.32,141238.32,0.0,141238.32,0.0,141238.32,0.007313798674409305,141238.32,0.0018914255727765009,141238.32,141238.32,141238.32,141238.32,0.0,0.0,0.0,0.0,0.0,0.0,0.0,11.85821103553059,1.0,0,0,0.0,126784.85,157,2005,1
2005-01-24,Beans (white),141238.32,NGN,NGN/MT,Interpolated,wholesale,National,,,0.69,False,Gap-filled by interpolation,Interpolated,historical,False,,141238.32,132.15,160.55555555555554,97.0,11.4,12.5,1,0,0,0,0,0,0,0,0,1,0,0,1,0,0,0,0,0,0,1,0.4999999999999999,0.8660254037844387,0.4647231720437685,0.8854560256532099,1068.77,141238.32,141238.32,141238.32,141238.32,141238.32,141238.32,141238.32,141238.32,0.0,141238.32,0.0,141238.32,0.007313798674409305,141238.32,0.0018914255727765009,141238.32,141238.32,141238.32,141238.32,0.0,0.0,0.0,0.0,0.0,0.0,0.0,11.85821103553059,1.0,0,0,0.0,126784.85,158,2005,1
2005-01-31,Beans (white),141238.32,NGN,NGN/MT,Interpolated,wholesale,National,,,0.69,False,Gap-filled by interpolation,Interpolated,historical,False,,141238.32,132.15,160.55555555555554,97.0,11.4,12.5,1,0,0,0,0,0,0,0,0,1,0,0,1,0,0,0,0,0,0,1,0.4999999999999999,0.8660254037844387,0.5680647467311558,0.8229838658936564,1068.77,141238.32,141238.32,141238.32,141238.32,141238.32,141238.32,141238.32,141238.32,0.0,141238.32,0.0,141238.32,0.007313798674409305,141238.32,0.0018914255727765009,141238.32,141238.32,141238.32,141238.32,0.0,0.0,0.0,0.0,0.0,0.0,0.0,11.85821103553059,1.0,0,0,0.0,126784.85,159,2005,1
2005-02-07,Beans (white),141238.32,NGN,NGN/MT,Interpolated,wholesale,National,,,0.69,False,Gap-filled by interpolation,Interpolated,historical,False,,141238.32,132.15,160.55555555555554,97.0,11.4,12.5,1,0,0,0,0,0,0,0,1,1,0,0,1,0,0,0,0,0,0,0,0.8660254037844386,0.5000000000000001,0.6631226582407952,0.7485107481711011,1068.77,141238.32,141238.32,141238.32,141238.32,141238.32,141238.32,141238.32,141238.32,0.0,141238.32,0.0,141238.32,0.007313798674409305,141238.32,0.0018914255727765009,141238.32,141238.32,141238.32,141238.32,0.0,0.0,0.0,0.0,0.0,0.0,0.0,11.85821103553059,1.0,0,0,0.0,126784.85,160,2005,1
2005-02-14,Beans (white),141238.32,NGN,NGN/MT,Interpolated,wholesale,National,,,0.69,False,Gap-filled by interpolation,Interpolated,historical,False,,141238.32,132.15,160.55555555555554,97.0,11.4,12.5,1,0,0,0,0,0,0,0,1,1,0,0,1,0,0,0,0,0,0,0,0.8660254037844386,0.5000000000000001,0.7485107481711011,0.6631226582407953,1068.77,141238.32,141238.32,141238.32,141238.32,141238.32,141238.32,141238.32,141238.32,0.0,141238.32,0.0,141238.32,0.007313798674409305,141238.32,0.0018914255727765009,141238.32,141238.32,141238.32,141238.32,0.0,0.0,0.0,0.0,0.0,0.0,0.0,11.85821103553059,1.0,0,0,0.0,126784.85,161,2005,1
2005-02-21,Beans (white),141238.32,NGN,NGN/MT,Interpolated,wholesale,National,,,0.69,False,Gap-filled by interpolation,Interpolated,historical,False,,141238.32,132.15,160.55555555555554,97.0,11.4,12.5,1,0,0,0,0,0,0,0,1,1,0,0,1,0,0,0,0,0,0,0,0.8660254037844386,0.5000000000000001,0.8229838658936564,0.5680647467311559,1068.77,141238.32,141238.32,141238.32,141238.32,141238.32,141238.32,141238.32,141238.32,0.0,141238.32,0.0,141238.32,0.007313798674409305,141238.32,0.0018914255727765009,141238.32,141238.32,141238.32,141238.32,0.0,0.0,0.0,0.0,0.0,0.0,0.0,11.85821103553059,1.0,0,0,0.0,126784.85,162,2005,1
2005-02-28,Beans (white),141238.32,NGN,NGN/MT,Interpolated,wholesale,National,,,0.69,False,Gap-filled by interpolation,Interpolated,historical,False,,141238.32,132.15,160.55555555555554,97.0,11.4,12.5,1,0,0,0,0,0,0,0,1,1,0,0,1,0,0,0,0,0,0,0,0.8660254037844386,0.5000000000000001,0.8854560256532099,0.4647231720437686,1068.77,141238.32,141238.32,141238.32,141238.32,141238.32,141238.32,141238.32,141238.32,0.0,141238.32,0.0,141238.32,0.007313798674409305,141238.32,0.0018914255727765009,141238.32,141238.32,141238.32,141238.32,0.0,0.0,0.0,0.0,0.0,0.0,0.0,11.85821103553059,1.0,0,0,0.0,126784.85,163,2005,1
2005-03-07,Beans (white),141238.32,NGN,NGN/MT,Interpolated,wholesale,National,,,0.69,False,Gap-filled by interpolation,Interpolated,historical,False,,141238.32,132.15,160.55555555555554,97.0,11.4,12.5,1,0,0,1,0,0,0,0,1,1,0,0,0,0,0,0,0,0,0,0,1.0,6.123233995736766e-17,0.9350162426854148,0.3546048870425355,1068.77,141238.32,141238.32,141238.32,141238.32,141238.32,141238.32,141238.32,141238.32,0.0,141238.32,0.0,141238.32,0.007313798674409305,141238.32,0.0018914255727765009,141238.32,141238.32,141238.32,141238.32,0.0,0.0,0.0,0.0,0.0,0.0,0.0,11.85821103553059,1.0,0,0,0.0,126784.85,164,2005,1
2005-03-14,Beans (white),141238.32,NGN,NGN/MT,Interpolated,wholesale,National,,,0.69,False,Gap-filled by interpolation,Interpolated,historical,False,,141238.32,132.15,160.55555555555554,97.0,11.4,12.5,1,0,0,1,0,0,0,0,1,1,0,0,0,0,0,0,0,0,0,0,1.0,6.123233995736766e-17,0.970941817426052,0.239315664287558,1068.77,141238.32,141238.32,141238.32,141238.32,141238.32,141238.32,141238.32,141238.32,0.0,141238.32,0.0,141238.32,0.007313798674409305,141238.32,0.0018914255727765009,141238.32,141238.32,141238.32,141238.32,0.0,0.0,0.0,0.0,0.0,0.0,0.0,11.85821103553059,1.0,0,0,0.0,126784.85,165,2005,1
2005-03-21,Beans (white),141238.32,NGN,NGN/MT,Interpolated,wholesale,National,,,0.69,False,Gap-filled by interpolation,Interpolated,historical,False,,141238.32,132.15,160.55555555555554,97.0,11.4,12.5,1,0,0,1,0,0,0,0,1,1,0,0,0,0,0,0,0,0,0,0,1.0,6.123233995736766e-17,0.992708874098054,0.120536680255323,1068.77,141238.32,141238.32,141238.32,141238.32,141238.32,141238.32,141238.32,141238.32,0.0,141238.32,0.0,141238.32,0.007313798674409305,141238.32,0.0018914255727765009,141238.32,141238.32,141238.32,141238.32,0.0,0.0,0.0,0.0,0.0,0.0,0.0,11.85821103553059,1.0,0,0,0.0,126784.85,166,2005,1
2005-03-28,Beans (white),141238.32,NGN,NGN/MT,Interpolated,wholesale,National,,,0.69,False,Gap-filled by interpolation,Interpolated,historical,False,,141238.32,132.15,160.55555555555554,97.0,11.4,12.5,1,0,0,1,0,0,0,0,1,1,0,0,0,0,0,0,0,0,0,0,1.0,6.123233995736766e-17,1.0,-1.6081226496766364e-16,1068.77,141238.32,141238.32,141238.32,141238.32,141238.32,141238.32,141238.32,141238.32,0.0,141238.32,0.0,141238.32,0.007313798674409305,141238.32,0.0018914255727765009,141238.32,141238.32,141238.32,141238.32,0.0,0.0,0.0,0.0,0.0,0.0,0.0,11.85821103553059,1.0,0,0,0.0,126784.85,167,2005,1
2005-04-04,Beans (white),141238.32,NGN,NGN/MT,Interpolated,wholesale,National,,,0.69,False,Gap-filled by interpolation,Interpolated,historical,False,,141238.32,132.15,160.55555555555554,97.0,11.4,12.5,0,1,1,1,0,0,0,0,1,0,0,0,0,0,0,0,0,0,0,0,0.8660254037844387,-0.4999999999999998,0.992708874098054,-0.1205366802553228,1068.77,141238.32,141238.32,141238.32,141238.32,141238.32,141238.32,141238.32,141238.32,0.0,141238.32,0.0,141238.32,0.007313798674409305,141238.32,0.0018914255727765009,141238.32,141238.32,141238.32,141238.32,0.0,0.0,0.0,0.0,0.0,0.0,0.0,11.85821103553059,1.0,0,0,0.333,126784.85,168,2005,2
2005-04-11,Beans (white),141238.32,NGN,NGN/MT,Interpolated,wholesale,National,,,0.69,False,Gap-filled by interpolation,Interpolated,historical,False,,141238.32,132.15,160.55555555555554,97.0,11.4,12.5,0,1,1,1,0,0,0,0,1,0,0,0,0,0,0,0,0,0,0,0,0.8660254037844387,-0.4999999999999998,0.970941817426052,-0.2393156642875575,1068.77,141238.32,141238.32,141238.32,141238.32,141238.32,141238.32,141238.32,141238.32,0.0,141238.32,0.0,141238.32,0.007313798674409305,141238.32,0.0018914255727765009,141238.32,141238.32,141238.32,141238.32,0.0,0.0,0.0,0.0,0.0,0.0,0.0,11.85821103553059,1.0,0,0,0.333,126784.85,169,2005,2
2005-04-18,Beans (white),141238.32,NGN,NGN/MT,Interpolated,wholesale,National,,,0.69,False,Gap-filled by interpolation,Interpolated,historical,False,,141238.32,132.15,160.55555555555554,97.0,11.4,12.5,0,1,1,1,0,0,0,0,1,0,0,0,0,0,0,0,0,0,0,0,0.8660254037844387,-0.4999999999999998,0.9350162426854148,-0.3546048870425354,1068.77,141238.32,141238.32,141238.32,141238.32,141238.32,141238.32,141238.32,141238.32,0.0,141238.32,0.0,141238.32,0.007313798674409305,141238.32,0.0018914255727765009,141238.32,141238.32,141238.32,141238.32,0.0,0.0,0.0,0.0,0.0,0.0,0.0,11.85821103553059,1.0,0,0,0.333,126784.85,170,2005,2
2005-04-25,Beans (white),141238.32,NGN,NGN/MT,Interpolated,wholesale,National,,,0.69,False,Gap-filled by interpolation,Interpolated,historical,False,,141238.32,132.15,160.55555555555554,97.0,11.4,12.5,0,1,1,1,0,0,0,0,1,0,0,0,0,0,0,0,0,0,0,0,0.8660254037844387,-0.4999999999999998,0.8854560256532099,-0.4647231720437685,1068.77,141238.32,141238.32,141238.32,141238.32,141238.32,141238.32,141238.32,141238.32,0.0,141238.32,0.0,141238.32,0.007313798674409305,141238.32,0.0018914255727765009,141238.32,141238.32,141238.32,141238.32,0.0,0.0,0.0,0.0,0.0,0.0,0.0,11.85821103553059,1.0,0,0,0.333,126784.85,171,2005,2
2005-05-02,Beans (white),141238.32,NGN,NGN/MT,Interpolated,wholesale,National,,,0.69,False,Gap-filled by interpolation,Interpolated,historical,False,,141238.32,132.15,160.55555555555554,97.0,11.4,12.5,0,1,1,1,0,0,0,0,1,0,1,0,0,0,0,0,0,0,0,0,0.4999999999999999,-0.8660254037844387,0.8229838658936565,-0.5680647467311557,1068.77,141238.32,141238.32,141238.32,141238.32,141238.32,141238.32,141238.32,141238.32,0.0,141238.32,0.0,141238.32,0.007313798674409305,141238.32,0.0018914255727765009,141238.32,141238.32,141238.32,141238.32,0.0,0.0,0.0,0.0,0.0,0.0,0.0,11.85821103553059,1.0,0,0,0.333,126784.85,172,2005,2
2005-05-09,Beans (white),141238.32,NGN,NGN/MT,Interpolated,wholesale,National,,,0.69,False,Gap-filled by interpolation,Interpolated,historical,False,,141238.32,132.15,160.55555555555554,97.0,11.4,12.5,0,1,1,1,0,0,0,0,1,0,1,0,0,0,0,0,0,0,0,0,0.4999999999999999,-0.8660254037844387,0.7485107481711013,-0.663122658240795,1068.77,141238.32,141238.32,141238.32,141238.32,141238.32,141238.32,141238.32,141238.32,0.0,141238.32,0.0,141238.32,0.007313798674409305,141238.32,0.0018914255727765009,141238.32,141238.32,141238.32,141238.32,0.0,0.0,0.0,0.0,0.0,0.0,0.0,11.85821103553059,1.0,0,0,0.333,126784.85,173,2005,2
2005-05-16,Beans (white),141238.32,NGN,NGN/MT,Interpolated,wholesale,National,,,0.69,False,Gap-filled by interpolation,Interpolated,historical,False,,141238.32,132.15,160.55555555555554,97.0,11.4,12.5,0,1,1,1,0,0,0,0,1,0,1,0,0,0,0,0,0,0,0,0,0.4999999999999999,-0.8660254037844387,0.6631226582407952,-0.7485107481711012,1068.77,141238.32,141238.32,141238.32,141238.32,141238.32,141238.32,141238.32,141238.32,0.0,141238.32,0.0,141238.32,0.007313798674409305,141238.32,0.0018914255727765009,141238.32,141238.32,141238.32,141238.32,0.0,0.0,0.0,0.0,0.0,0.0,0.0,11.85821103553059,1.0,0,0,0.333,126784.85,174,2005,2
2005-05-23,Beans (white),141238.32,NGN,NGN/MT,Interpolated,wholesale,National,,,0.69,False,Gap-filled by interpolation,Interpolated,historical,False,,141238.32,132.15,160.55555555555554,97.0,11.4,12.5,0,1,1,1,0,0,0,0,1,0,1,0,0,0,0,0,0,0,0,0,0.4999999999999999,-0.8660254037844387,0.5680647467311558,-0.8229838658936564,1068.77,141238.32,141238.32,141238.32,141238.32,141238.32,141238.32,141238.32,141238.32,0.0,141238.32,0.0,141238.32,0.007313798674409305,141238.32,0.0018914255727765009,141238.32,141238.32,141238.32,141238.32,0.0,0.0,0.0,0.0,0.0,0.0,0.0,11.85821103553059,1.0,0,0,0.333,126784.85,175,2005,2
2005-05-30,Beans (white),141238.32,NGN,NGN/MT,Interpolated,wholesale,National,,,0.69,False,Gap-filled by interpolation,Interpolated,historical,False,,141238.32,132.15,160.55555555555554,97.0,11.4,12.5,0,1,1,1,0,0,0,0,1,0,1,0,0,0,0,0,0,0,0,0,0.4999999999999999,-0.8660254037844387,0.464723172043769,-0.8854560256532096,1068.77,141238.32,141238.32,141238.32,141238.32,141238.32,141238.32,141238.32,141238.32,0.0,141238.32,0.0,141238.32,0.007313798674409305,141238.32,0.0018914255727765009,141238.32,141238.32,141238.32,141238.32,0.0,0.0,0.0,0.0,0.0,0.0,0.0,11.85821103553059,1.0,0,0,0.333,126784.85,176,2005,2
2005-06-06,Beans (white),141238.32,NGN,NGN/MT,Interpolated,wholesale,National,,,0.69,False,Gap-filled by interpolation,Interpolated,historical,False,,141238.32,132.15,160.55555555555554,97.0,11.4,12.5,0,1,1,0,0,0,0,1,0,0,1,0,0,0,0,0,0,0,1,0,1.2246467991473532e-16,-1.0,0.3546048870425358,-0.9350162426854148,1068.77,141238.32,141238.32,141238.32,141238.32,141238.32,141238.32,141238.32,141238.32,0.0,141238.32,0.0,141238.32,0.007313798674409305,141238.32,0.0018914255727765009,141238.32,141238.32,141238.32,141238.32,0.0,0.0,0.0,0.0,0.0,0.0,0.0,11.85821103553059,1.0,0,0,0.667,126784.85,177,2005,2
2005-06-13,Beans (white),141238.32,NGN,NGN/MT,Interpolated,wholesale,National,,,0.69,False,Gap-filled by interpolation,Interpolated,historical,False,,141238.32,132.15,160.55555555555554,97.0,11.4,12.5,0,1,1,0,0,0,0,1,0,0,1,0,0,0,0,0,0,0,1,0,1.2246467991473532e-16,-1.0,0.2393156642875576,-0.970941817426052,1068.77,141238.32,141238.32,141238.32,141238.32,141238.32,141238.32,141238.32,141238.32,0.0,141238.32,0.0,141238.32,0.007313798674409305,141238.32,0.0018914255727765009,141238.32,141238.32,141238.32,141238.32,0.0,0.0,0.0,0.0,0.0,0.0,0.0,11.85821103553059,1.0,0,0,0.667,126784.85,178,2005,2
2005-06-20,Beans (white),141238.32,NGN,NGN/MT,Interpolated,wholesale,National,,,0.69,False,Gap-filled by interpolation,Interpolated,historical,False,,141238.32,132.15,160.55555555555554,97.0,11.4,12.5,0,1,1,0,0,0,0,1,0,0,1,0,0,0,0,0,0,0,1,0,1.2246467991473532e-16,-1.0,0.120536680255323,-0.992708874098054,1068.77,141238.32,141238.32,141238.32,141238.32,141238.32,141238.32,141238.32,141238.32,0.0,141238.32,0.0,141238.32,0.007313798674409305,141238.32,0.0018914255727765009,141238.32,141238.32,141238.32,141238.32,0.0,0.0,0.0,0.0,0.0,0.0,0.0,11.85821103553059,1.0,0,0,0.667,126784.85,179,2005,2
2005-06-27,Beans (white),141238.32,NGN,NGN/MT,Interpolated,wholesale,National,,,0.69,False,Gap-filled by interpolation,Interpolated,historical,False,,141238.32,132.15,160.55555555555554,97.0,11.4,12.5,0,1,1,0,0,0,0,1,0,0,1,0,0,0,0,0,0,0,1,0,1.2246467991473532e-16,-1.0,-3.216245299353273e-16,-1.0,1068.77,141238.32,141238.32,141238.32,141238.32,141238.32,141238.32,141238.32,141238.32,0.0,141238.32,0.0,141238.32,0.007313798674409305,141238.32,0.0018914255727765009,141238.32,141238.32,141238.32,141238.32,0.0,0.0,0.0,0.0,0.0,0.0,0.0,11.85821103553059,1.0,0,0,0.667,126784.85,180,2005,2
2005-07-04,Beans (white),141238.32,NGN,NGN/MT,Interpolated,wholesale,National,,,0.69,False,Gap-filled by interpolation,Interpolated,historical,False,,141238.32,132.15,160.55555555555554,97.0,11.4,12.5,0,1,1,0,0,0,1,1,0,0,1,0,0,0,0,0,0,0,1,0,-0.4999999999999997,-0.8660254037844388,-0.1205366802553228,-0.992708874098054,1068.77,141238.32,141238.32,141238.32,141238.32,141238.32,141238.32,141238.32,141238.32,0.0,141238.32,0.0,141238.32,0.007313798674409305,141238.32,0.0018914255727765009,141238.32,141238.32,141238.32,141238.32,0.0,0.0,0.0,0.0,0.0,0.0,0.0,11.85821103553059,1.0,0,0,0.667,126784.85,181,2005,3
2005-07-11,Beans (white),141238.32,NGN,NGN/MT,Interpolated,wholesale,National,,,0.69,False,Gap-filled by interpolation,Interpolated,historical,False,,141238.32,132.15,160.55555555555554,97.0,11.4,12.5,0,1,1,0,0,0,1,1,0,0,1,0,0,0,0,0,0,0,1,0,-0.4999999999999997,-0.8660254037844388,-0.2393156642875574,-0.970941817426052,1068.77,141238.32,141238.32,141238.32,141238.32,141238.32,141238.32,141238.32,141238.32,0.0,141238.32,0.0,141238.32,0.007313798674409305,141238.32,0.0018914255727765009,141238.32,141238.32,141238.32,141238.32,0.0,0.0,0.0,0.0,0.0,0.0,0.0,11.85821103553059,1.0,0,0,0.667,126784.85,182,2005,3
2005-07-18,Beans (white),141238.32,NGN,NGN/MT,Interpolated,wholesale,National,,,0.69,False,Gap-filled by interpolation,Interpolated,historical,False,,141238.32,132.15,160.55555555555554,97.0,11.4,12.5,0,1,1,0,0,0,1,1,0,0,1,0,0,0,0,0,0,0,1,0,-0.4999999999999997,-0.8660254037844388,-0.3546048870425356,-0.9350162426854148,1068.77,141238.32,141238.32,141238.32,141238.32,141238.32,141238.32,141238.32,141238.32,0.0,141238.32,0.0,141238.32,0.007313798674409305,141238.32,0.0018914255727765009,141238.32,141238.32,141238.32,141238.32,0.0,0.0,0.0,0.0,0.0,0.0,0.0,11.85821103553059,1.0,0,0,0.667,126784.85,183,2005,3
2005-07-25,Beans (white),141238.32,NGN,NGN/MT,Interpolated,wholesale,National,,,0.69,False,Gap-filled by interpolation,Interpolated,historical,False,,141238.32,132.15,160.55555555555554,97.0,11.4,12.5,0,1,1,0,0,0,1,1,0,0,1,0,0,0,0,0,0,0,1,0,-0.4999999999999997,-0.8660254037844388,-0.464723172043768,-0.8854560256532101,1068.77,141238.32,141238.32,141238.32,141238.32,141238.32,141238.32,141238.32,141238.32,0.0,141238.32,0.0,141238.32,0.007313798674409305,141238.32,0.0018914255727765009,141238.32,141238.32,141238.32,141238.32,0.0,0.0,0.0,0.0,0.0,0.0,0.0,11.85821103553059,1.0,0,0,0.667,126784.85,184,2005,3
2005-08-01,Beans (white),141238.32,NGN,NGN/MT,Interpolated,wholesale,National,,,0.69,False,Gap-filled by interpolation,Interpolated,historical,False,,141238.32,132.15,160.55555555555554,97.0,11.4,12.5,0,1,0,0,1,0,1,1,0,0,1,0,0,0,0,1,0,0,1,0,-0.8660254037844384,-0.5000000000000004,-0.5680647467311556,-0.8229838658936565,1068.77,141238.32,141238.32,141238.32,141238.32,141238.32,141238.32,141238.32,141238.32,0.0,141238.32,0.0,141238.32,0.007313798674409305,141238.32,0.0018914255727765009,141238.32,141238.32,141238.32,141238.32,0.0,0.0,0.0,0.0,0.0,0.0,0.0,11.85821103553059,1.0,0,0,0.333,126784.85,185,2005,3
2005-08-08,Beans (white),141238.32,NGN,NGN/MT,Interpolated,wholesale,National,,,0.69,False,Gap-filled by interpolation,Interpolated,historical,False,,141238.32,132.15,160.55555555555554,97.0,11.4,12.5,0,1,0,0,1,0,1,1,0,0,1,0,0,0,0,1,0,0,1,0,-0.8660254037844384,-0.5000000000000004,-0.663122658240795,-0.7485107481711013,1068.77,141238.32,141238.32,141238.32,141238.32,141238.32,141238.32,141238.32,141238.32,0.0,141238.32,0.0,141238.32,0.007313798674409305,141238.32,0.0018914255727765009,141238.32,141238.32,141238.32,141238.32,0.0,0.0,0.0,0.0,0.0,0.0,0.0,11.85821103553059,1.0,0,0,0.333,126784.85,186,2005,3
2005-08-15,Beans (white),141238.32,NGN,NGN/MT,Interpolated,wholesale,National,,,0.69,False,Gap-filled by interpolation,Interpolated,historical,False,,141238.32,132.15,160.55555555555554,97.0,11.4,12.5,0,1,0,0,1,0,1,1,0,0,1,0,0,0,0,1,0,0,1,0,-0.8660254037844384,-0.5000000000000004,-0.7485107481711011,-0.6631226582407952,1068.77,141238.32,141238.32,141238.32,141238.32,141238.32,141238.32,141238.32,141238.32,0.0,141238.32,0.0,141238.32,0.007313798674409305,141238.32,0.0018914255727765009,141238.32,141238.32,141238.32,141238.32,0.0,0.0,0.0,0.0,0.0,0.0,0.0,11.85821103553059,1.0,0,0,0.333,126784.85,187,2005,3
2005-08-22,Beans (white),141238.32,NGN,NGN/MT,Interpolated,wholesale,National,,,0.69,False,Gap-filled by interpolation,Interpolated,historical,False,,141238.32,132.15,160.55555555555554,97.0,11.4,12.5,0,1,0,0,1,0,1,1,0,0,1,0,0,0,0,1,0,0,1,0,-0.8660254037844384,-0.5000000000000004,-0.8229838658936564,-0.5680647467311559,1068.77,141238.32,141238.32,141238.32,141238.32,141238.32,141238.32,141238.32,141238.32,0.0,141238.32,0.0,141238.32,0.007313798674409305,141238.32,0.0018914255727765009,141238.32,141238.32,141238.32,141238.32,0.0,0.0,0.0,0.0,0.0,0.0,0.0,11.85821103553059,1.0,0,0,0.333,126784.85,188,2005,3
2005-08-29,Beans (white),141238.32,NGN,NGN/MT,Interpolated,wholesale,National,,,0.69,False,Gap-filled by interpolation,Interpolated,historical,False,,141238.32,132.15,160.55555555555554,97.0,11.4,12.5,0,1,0,0,1,0,1,1,0,0,1,0,0,0,0,1,0,0,1,0,-0.8660254037844384,-0.5000000000000004,-0.8854560256532096,-0.4647231720437691,1068.77,141238.32,141238.32,141238.32,141238.32,141238.32,141238.32,141238.32,141238.32,0.0,141238.32,0.0,141238.32,0.007313798674409305,141238.32,0.0018914255727765009,141238.32,141238.32,141238.32,141238.32,0.0,0.0,0.0,0.0,0.0,0.0,0.0,11.85821103553059,1.0,0,0,0.333,126784.85,189,2005,3
2005-09-05,Beans (white),141238.32,NGN,NGN/MT,Interpolated,wholesale,National,,,0.69,False,Gap-filled by interpolation,Interpolated,historical,False,,141238.32,132.15,160.55555555555554,97.0,11.4,12.5,0,1,0,0,1,1,0,0,0,0,0,0,0,0,0,1,0,0,0,0,-1.0,-1.8369701987210294e-16,-0.9350162426854148,-0.3546048870425359,1068.77,141238.32,141238.32,141238.32,141238.32,141238.32,141238.32,141238.32,141238.32,0.0,141238.32,0.0,141238.32,0.007313798674409305,141238.32,0.0018914255727765009,141238.32,141238.32,141238.32,141238.32,0.0,0.0,0.0,0.0,0.0,0.0,0.0,11.85821103553059,1.0,0,0,0.333,126784.85,190,2005,3
2005-09-12,Beans (white),141238.32,NGN,NGN/MT,Interpolated,wholesale,National,,,0.69,False,Gap-filled by interpolation,Interpolated,historical,False,,141238.32,132.15,160.55555555555554,97.0,11.4,12.5,0,1,0,0,1,1,0,0,0,0,0,0,0,0,0,1,0,0,0,0,-1.0,-1.8369701987210294e-16,-0.970941817426052,-0.2393156642875577,1068.77,141238.32,141238.32,141238.32,141238.32,141238.32,141238.32,141238.32,141238.32,0.0,141238.32,0.0,141238.32,0.007313798674409305,141238.32,0.0018914255727765009,141238.32,141238.32,141238.32,141238.32,0.0,0.0,0.0,0.0,0.0,0.0,0.0,11.85821103553059,1.0,0,0,0.333,126784.85,191,2005,3
2005-09-19,Beans (white),141238.32,NGN,NGN/MT,Interpolated,wholesale,National,,,0.69,False,Gap-filled by interpolation,Interpolated,historical,False,,141238.32,132.15,160.55555555555554,97.0,11.4,12.5,0,1,0,0,1,1,0,0,0,0,0,0,0,0,0,1,0,0,0,0,-1.0,-1.8369701987210294e-16,-0.992708874098054,-0.1205366802553235,1068.77,141238.32,141238.32,141238.32,141238.32,141238.32,141238.32,141238.32,141238.32,0.0,141238.32,0.0,141238.32,0.007313798674409305,141238.32,0.0018914255727765009,141238.32,141238.32,141238.32,141238.32,0.0,0.0,0.0,0.0,0.0,0.0,0.0,11.85821103553059,1.0,0,0,0.333,126784.85,192,2005,3
2005-09-26,Beans (white),141238.32,NGN,NGN/MT,Interpolated,wholesale,National,,,0.69,False,Gap-filled by interpolation,Interpolated,historical,False,,141238.32,132.15,160.55555555555554,97.0,11.4,12.5,0,1,0,0,1,1,0,0,0,0,0,0,0,0,0,1,0,0,0,0,-1.0,-1.8369701987210294e-16,-1.0,-1.8369701987210294e-16,1068.77,141238.32,141238.32,141238.32,141238.32,141238.32,141238.32,141238.32,141238.32,0.0,141238.32,0.0,141238.32,0.007313798674409305,141238.32,0.0018914255727765009,141238.32,141238.32,141238.32,141238.32,0.0,0.0,0.0,0.0,0.0,0.0,0.0,11.85821103553059,1.0,0,0,0.333,126784.85,193,2005,3
2005-10-03,Beans (white),141238.32,NGN,NGN/MT,Interpolated,wholesale,National,,,0.69,False,Gap-filled by interpolation,Interpolated,historical,False,,141238.32,132.15,160.55555555555554,97.0,11.4,12.5,0,1,0,0,0,1,0,0,0,1,0,1,0,1,1,1,1,0,0,0,-0.8660254037844386,0.5000000000000001,-0.992708874098054,0.1205366802553232,1068.77,141238.32,141238.32,141238.32,141238.32,141238.32,141238.32,141238.32,141238.32,0.0,141238.32,0.0,141238.32,0.007313798674409305,141238.32,0.0018914255727765009,141238.32,141238.32,141238.32,141238.32,0.0,0.0,0.0,0.0,0.0,0.0,0.0,11.85821103553059,1.0,0,0,0.333,126784.85,194,2005,4
2005-10-10,Beans (white),141238.32,NGN,NGN/MT,Interpolated,wholesale,National,,,0.69,False,Gap-filled by interpolation,Interpolated,historical,False,,141238.32,132.15,160.55555555555554,97.0,11.4,12.5,0,1,0,0,0,1,0,0,0,1,0,1,0,1,1,1,1,1,0,0,-0.8660254037844386,0.5000000000000001,-0.970941817426052,0.2393156642875573,1068.77,141238.32,141238.32,141238.32,141238.32,141238.32,141238.32,141238.32,141238.32,0.0,141238.32,0.0,141238.32,0.007313798674409305,141238.32,0.0018914255727765009,141238.32,141238.32,141238.32,141238.32,0.0,0.0,0.0,0.0,0.0,0.0,0.0,11.85821103553059,1.0,0,0,0.333,126784.85,195,2005,4
2005-10-17,Beans (white),141238.32,NGN,NGN/MT,Interpolated,wholesale,National,,,0.69,False,Gap-filled by interpolation,Interpolated,historical,False,,141238.32,132.15,160.55555555555554,97.0,11.4,12.5,0,1,0,0,0,1,0,0,0,1,0,1,0,1,1,1,1,1,0,0,-0.8660254037844386,0.5000000000000001,-0.9350162426854148,0.3546048870425355,1068.77,141238.32,141238.32,141238.32,141238.32,141238.32,141238.32,141238.32,141238.32,0.0,141238.32,0.0,141238.32,0.007313798674409305,141238.32,0.0018914255727765009,141238.32,141238.32,141238.32,141238.32,0.0,0.0,0.0,0.0,0.0,0.0,0.0,11.85821103553059,1.0,0,0,0.333,126784.85,196,2005,4
2005-10-24,Beans (white),141238.32,NGN,NGN/MT,Interpolated,wholesale,National,,,0.69,False,Gap-filled by interpolation,Interpolated,historical,False,,141238.32,132.15,160.55555555555554,97.0,11.4,12.5,0,1,0,0,0,1,0,0,0,1,0,1,0,1,1,1,1,1,0,0,-0.8660254037844386,0.5000000000000001,-0.8854560256532101,0.464723172043768,1068.77,141238.32,141238.32,141238.32,141238.32,141238.32,141238.32,141238.32,141238.32,0.0,141238.32,0.0,141238.32,0.007313798674409305,141238.32,0.0018914255727765009,141238.32,141238.32,141238.32,141238.32,0.0,0.0,0.0,0.0,0.0,0.0,0.0,11.85821103553059,1.0,0,0,0.333,126784.85,197,2005,4
2005-10-31,Beans (white),141238.32,NGN,NGN/MT,Interpolated,wholesale,National,,,0.69,False,Gap-filled by interpolation,Interpolated,historical,False,,141238.32,132.15,160.55555555555554,97.0,11.4,12.5,0,1,0,0,0,1,0,0,0,1,0,1,0,1,1,1,1,1,0,0,-0.8660254037844386,0.5000000000000001,-0.822983865893657,0.5680647467311548,1068.77,141238.32,141238.32,141238.32,141238.32,141238.32,141238.32,141238.32,141238.32,0.0,141238.32,0.0,141238.32,0.007313798674409305,141238.32,0.0018914255727765009,141238.32,141238.32,141238.32,141238.32,0.0,0.0,0.0,0.0,0.0,0.0,0.0,11.85821103553059,1.0,0,0,0.333,126784.85,198,2005,4
2005-11-07,Beans (white),141238.32,NGN,NGN/MT,Interpolated,wholesale,National,,,0.69,False,Gap-filled by interpolation,Interpolated,historical,False,,141238.32,132.15,160.55555555555554,97.0,11.4,12.5,1,0,0,0,0,1,0,0,0,1,0,1,1,1,1,0,1,0,0,0,-0.5000000000000004,0.8660254037844384,-0.7485107481711011,0.6631226582407952,1068.77,141238.32,141238.32,141238.32,141238.32,141238.32,141238.32,141238.32,141238.32,0.0,141238.32,0.0,141238.32,0.007313798674409305,141238.32,0.0018914255727765009,141238.32,141238.32,141238.32,141238.32,0.0,0.0,0.0,0.0,0.0,0.0,0.0,11.85821103553059,1.0,0,0,0.333,126784.85,199,2005,4
2005-11-14,Beans (white),141238.32,NGN,NGN/MT,Interpolated,wholesale,National,,,0.69,False,Gap-filled by interpolation,Interpolated,historical,False,,141238.32,132.15,160.55555555555554,97.0,11.4,12.5,1,0,0,0,0,1,0,0,0,1,0,1,1,1,1,0,1,0,0,0,-0.5000000000000004,0.8660254037844384,-0.6631226582407955,0.7485107481711007,1068.77,141238.32,141238.32,141238.32,141238.32,141238.32,141238.32,141238.32,141238.32,0.0,141238.32,0.0,141238.32,0.007313798674409305,141238.32,0.0018914255727765009,141238.32,141238.32,141238.32,141238.32,0.0,0.0,0.0,0.0,0.0,0.0,0.0,11.85821103553059,1.0,0,0,0.333,126784.85,200,2005,4
2005-11-21,Beans (white),141238.32,NGN,NGN/MT,Interpolated,wholesale,National,,,0.69,False,Gap-filled by interpolation,Interpolated,historical,False,,141238.32,132.15,160.55555555555554,97.0,11.4,12.5,1,0,0,0,0,1,0,0,0,1,0,1,1,1,1,0,1,0,0,0,-0.5000000000000004,0.8660254037844384,-0.5680647467311559,0.8229838658936564,1068.77,141238.32,141238.32,141238.32,141238.32,141238.32,141238.32,141238.32,141238.32,0.0,141238.32,0.0,141238.32,0.007313798674409305,141238.32,0.0018914255727765009,141238.32,141238.32,141238.32,141238.32,0.0,0.0,0.0,0.0,0.0,0.0,0.0,11.85821103553059,1.0,0,0,0.333,126784.85,201,2005,4
2005-11-28,Beans (white),141238.32,NGN,NGN/MT,Interpolated,wholesale,National,,,0.69,False,Gap-filled by interpolation,Interpolated,historical,False,,141238.32,132.15,160.55555555555554,97.0,11.4,12.5,1,0,0,0,0,1,0,0,0,1,0,1,1,1,1,0,1,0,0,0,-0.5000000000000004,0.8660254037844384,-0.4647231720437684,0.88545602565321,1068.77,141238.32,141238.32,141238.32,141238.32,141238.32,141238.32,141238.32,141238.32,0.0,141238.32,0.0,141238.32,0.007313798674409305,141238.32,0.0018914255727765009,141238.32,141238.32,141238.32,141238.32,0.0,0.0,0.0,0.0,0.0,0.0,0.0,11.85821103553059,1.0,0,0,0.333,126784.85,202,2005,4
2005-12-05,Beans (white),141238.32,NGN,NGN/MT,Interpolated,wholesale,National,,,0.69,False,Gap-filled by interpolation,Interpolated,historical,False,,141238.32,132.15,160.55555555555554,97.0,11.4,12.5,1,0,0,0,0,0,0,0,0,1,0,1,1,1,1,0,0,0,0,1,-2.4492935982947064e-16,1.0,-0.3546048870425359,0.9350162426854148,1068.77,141238.32,141238.32,141238.32,141238.32,141238.32,141238.32,141238.32,141238.32,0.0,141238.32,0.0,141238.32,0.007313798674409305,141238.32,0.0018914255727765009,141238.32,141238.32,141238.32,141238.32,0.0,0.0,0.0,0.0,0.0,0.0,0.0,11.85821103553059,1.0,0,0,0.0,126784.85,203,2005,4
2005-12-12,Beans (white),141238.32,NGN,NGN/MT,Interpolated,wholesale,National,,,0.69,False,Gap-filled by interpolation,Interpolated,historical,False,,141238.32,132.15,160.55555555555554,97.0,11.4,12.5,1,0,0,0,0,0,0,0,0,1,0,1,1,1,1,0,0,0,0,1,-2.4492935982947064e-16,1.0,-0.2393156642875578,0.970941817426052,1068.77,141238.32,141238.32,141238.32,141238.32,141238.32,141238.32,141238.32,141238.32,0.0,141238.32,0.0,141238.32,0.007313798674409305,141238.32,0.0018914255727765009,141238.32,141238.32,141238.32,141238.32,0.0,0.0,0.0,0.0,0.0,0.0,0.0,11.85821103553059,1.0,0,0,0.0,126784.85,204,2005,4
2005-12-19,Beans (white),141238.32,NGN,NGN/MT,Interpolated,wholesale,National,,,0.69,False,Gap-filled by interpolation,Interpolated,historical,False,,141238.32,132.15,160.55555555555554,97.0,11.4,12.5,1,0,0,0,0,0,0,0,0,1,0,1,1,1,1,0,0,0,0,1,-2.4492935982947064e-16,1.0,-0.1205366802553236,0.992708874098054,1068.77,141238.32,141238.32,141238.32,141238.32,141238.32,141238.32,141238.32,141238.32,0.0,141238.32,0.0,141238.32,0.007313798674409305,141238.32,0.0018914255727765009,141238.32,141238.32,141238.32,141238.32,0.0,0.0,0.0,0.0,0.0,0.0,0.0,11.85821103553059,1.0,0,0,0.0,126784.85,205,2005,4
2005-12-26,Beans (white),141238.32,NGN,NGN/MT,Interpolated,wholesale,National,,,0.69,False,Gap-filled by interpolation,Interpolated,historical,False,,141238.32,132.15,160.55555555555554,97.0,11.4,12.5,1,0,0,0,0,0,0,0,0,1,0,1,1,1,1,0,0,0,0,1,-2.4492935982947064e-16,1.0,6.432490598706546e-16,1.0,1068.77,141238.32,141238.32,141238.32,141238.32,141238.32,141238.32,141238.32,141238.32,0.0,141238.32,0.0,141238.32,0.007313798674409305,141238.32,0.0018914255727765009,141238.32,141238.32,141238.32,141238.32,0.0,0.0,0.0,0.0,0.0,0.0,0.0,11.85821103553059,1.0,0,0,0.0,126784.85,206,2005,4
2006-01-02,Beans (white),141238.32,NGN,NGN/MT,Interpolated,wholesale,National,,,0.69,False,Gap-filled by interpolation,Interpolated,historical,False,,141238.32,128.65,160.55555555555554,97.0,11.4,12.5,1,0,0,0,0,0,0,0,0,1,0,0,1,0,0,0,0,0,0,1,0.4999999999999999,0.8660254037844387,0.120536680255323,0.992708874098054,1097.85,141238.32,141238.32,141238.32,141238.32,141238.32,141238.32,141238.32,141238.32,0.0,141238.32,0.0,141238.32,0.007313798674409305,141238.32,0.0018914255727765009,141238.32,141238.32,141238.32,141238.32,0.0,0.0,0.0,0.0,0.0,0.0,0.0,11.85821103553059,1.0,0,0,0.0,126784.85,207,2006,1
2006-01-09,Beans (white),141238.32,NGN,NGN/MT,Interpolated,wholesale,National,,,0.69,False,Gap-filled by interpolation,Interpolated,historical,False,,141238.32,128.65,160.55555555555554,97.0,11.4,12.5,1,0,0,0,0,0,0,0,0,1,0,0,1,0,0,0,0,0,0,1,0.4999999999999999,0.8660254037844387,0.2393156642875577,0.970941817426052,1097.85,141238.32,141238.32,141238.32,141238.32,141238.32,141238.32,141238.32,141238.32,0.0,141238.32,0.0,141238.32,0.007313798674409305,141238.32,0.0018914255727765009,141238.32,141238.32,141238.32,141238.32,0.0,0.0,0.0,0.0,0.0,0.0,0.0,11.85821103553059,1.0,0,0,0.0,126784.85,208,2006,1
2006-01-16,Beans (white),141238.32,NGN,NGN/MT,Interpolated,wholesale,National,,,0.69,False,Gap-filled by interpolation,Interpolated,historical,False,,141238.32,128.65,160.55555555555554,97.0,11.4,12.5,1,0,0,0,0,0,0,0,0,1,0,0,1,0,0,0,0,0,0,1,0.4999999999999999,0.8660254037844387,0.3546048870425356,0.9350162426854148,1097.85,141238.32,141238.32,141238.32,141238.32,141238.32,141238.32,141238.32,141238.32,0.0,141238.32,0.0,141238.32,0.007313798674409305,141238.32,0.0018914255727765009,141238.32,141238.32,141238.32,141238.32,0.0,0.0,0.0,0.0,0.0,0.0,0.0,11.85821103553059,1.0,0,0,0.0,126784.85,209,2006,1
2006-01-23,Beans (white),141238.32,NGN,NGN/MT,Interpolated,wholesale,National,,,0.69,False,Gap-filled by interpolation,Interpolated,historical,False,,141238.32,128.65,160.55555555555554,97.0,11.4,12.5,1,0,0,0,0,0,0,0,0,1,0,0,1,0,0,0,0,0,0,1,0.4999999999999999,0.8660254037844387,0.4647231720437685,0.8854560256532099,1097.85,141238.32,141238.32,141238.32,141238.32,141238.32,141238.32,141238.32,141238.32,0.0,141238.32,0.0,141238.32,0.007313798674409305,141238.32,0.0018914255727765009,141238.32,141238.32,141238.32,141238.32,0.0,0.0,0.0,0.0,0.0,0.0,0.0,11.85821103553059,1.0,0,0,0.0,126784.85,210,2006,1
2006-01-30,Beans (white),141238.32,NGN,NGN/MT,Interpolated,wholesale,National,,,0.69,False,Gap-filled by interpolation,Interpolated,historical,False,,141238.32,128.65,160.55555555555554,97.0,11.4,12.5,1,0,0,0,0,0,0,0,0,1,0,0,1,0,0,0,0,0,0,1,0.4999999999999999,0.8660254037844387,0.5680647467311558,0.8229838658936564,1097.85,141238.32,141238.32,141238.32,141238.32,141238.32,141238.32,141238.32,141238.32,0.0,141238.32,0.0,141238.32,0.007313798674409305,141238.32,0.0018914255727765009,141238.32,141238.32,141238.32,141238.32,0.0,0.0,0.0,0.0,0.0,0.0,0.0,11.85821103553059,1.0,0,0,0.0,126784.85,211,2006,1
2006-02-06,Beans (white),141238.32,NGN,NGN/MT,Interpolated,wholesale,National,,,0.69,False,Gap-filled by interpolation,Interpolated,historical,False,,141238.32,128.65,160.55555555555554,97.0,11.4,12.5,1,0,0,0,0,0,0,0,1,1,0,0,1,0,0,0,0,0,0,0,0.8660254037844386,0.5000000000000001,0.6631226582407952,0.7485107481711011,1097.85,141238.32,141238.32,141238.32,141238.32,141238.32,141238.32,141238.32,141238.32,0.0,141238.32,0.0,141238.32,0.007313798674409305,141238.32,0.0018914255727765009,141238.32,141238.32,141238.32,141238.32,0.0,0.0,0.0,0.0,0.0,0.0,0.0,11.85821103553059,1.0,0,0,0.0,126784.85,212,2006,1
2006-02-13,Beans (white),141238.32,NGN,NGN/MT,Interpolated,wholesale,National,,,0.69,False,Gap-filled by interpolation,Interpolated,historical,False,,141238.32,128.65,160.55555555555554,97.0,11.4,12.5,1,0,0,0,0,0,0,0,1,1,0,0,1,0,0,0,0,0,0,0,0.8660254037844386,0.5000000000000001,0.7485107481711011,0.6631226582407953,1097.85,141238.32,141238.32,141238.32,141238.32,141238.32,141238.32,141238.32,141238.32,0.0,141238.32,0.0,141238.32,0.007313798674409305,141238.32,0.0018914255727765009,141238.32,141238.32,141238.32,141238.32,0.0,0.0,0.0,0.0,0.0,0.0,0.0,11.85821103553059,1.0,0,0,0.0,126784.85,213,2006,1
2006-02-20,Beans (white),141238.32,NGN,NGN/MT,Interpolated,wholesale,National,,,0.69,False,Gap-filled by interpolation,Interpolated,historical,False,,141238.32,128.65,160.55555555555554,97.0,11.4,12.5,1,0,0,0,0,0,0,0,1,1,0,0,1,0,0,0,0,0,0,0,0.8660254037844386,0.5000000000000001,0.8229838658936564,0.5680647467311559,1097.85,141238.32,141238.32,141238.32,141238.32,141238.32,141238.32,141238.32,141238.32,0.0,141238.32,0.0,141238.32,0.007313798674409305,141238.32,0.0018914255727765009,141238.32,141238.32,141238.32,141238.32,0.0,0.0,0.0,0.0,0.0,0.0,0.0,11.85821103553059,1.0,0,0,0.0,126784.85,214,2006,1
2006-02-27,Beans (white),141238.32,NGN,NGN/MT,Interpolated,wholesale,National,,,0.69,False,Gap-filled by interpolation,Interpolated,historical,False,,141238.32,128.65,160.55555555555554,97.0,11.4,12.5,1,0,0,0,0,0,0,0,1,1,0,0,1,0,0,0,0,0,0,0,0.8660254037844386,0.5000000000000001,0.8854560256532099,0.4647231720437686,1097.85,141238.32,141238.32,141238.32,141238.32,141238.32,141238.32,141238.32,141238.32,0.0,141238.32,0.0,141238.32,0.007313798674409305,141238.32,0.0018914255727765009,141238.32,141238.32,141238.32,141238.32,0.0,0.0,0.0,0.0,0.0,0.0,0.0,11.85821103553059,1.0,0,0,0.0,126784.85,215,2006,1
2006-03-06,Beans (white),141238.32,NGN,NGN/MT,Interpolated,wholesale,National,,,0.69,False,Gap-filled by interpolation,Interpolated,historical,False,,141238.32,128.65,160.55555555555554,97.0,11.4,12.5,1,0,0,1,0,0,0,0,1,1,0,0,0,0,0,0,0,0,0,0,1.0,6.123233995736766e-17,0.9350162426854148,0.3546048870425355,1097.85,141238.32,141238.32,141238.32,141238.32,141238.32,141238.32,141238.32,141238.32,0.0,141238.32,0.0,141238.32,0.007313798674409305,141238.32,0.0018914255727765009,141238.32,141238.32,141238.32,141238.32,0.0,0.0,0.0,0.0,0.0,0.0,0.0,11.85821103553059,1.0,0,0,0.0,126784.85,216,2006,1
2006-03-13,Beans (white),141238.32,NGN,NGN/MT,Interpolated,wholesale,National,,,0.69,False,Gap-filled by interpolation,Interpolated,historical,False,,141238.32,128.65,160.55555555555554,97.0,11.4,12.5,1,0,0,1,0,0,0,0,1,1,0,0,0,0,0,0,0,0,0,0,1.0,6.123233995736766e-17,0.970941817426052,0.239315664287558,1097.85,141238.32,141238.32,141238.32,141238.32,141238.32,141238.32,141238.32,141238.32,0.0,141238.32,0.0,141238.32,0.007313798674409305,141238.32,0.0018914255727765009,141238.32,141238.32,141238.32,141238.32,0.0,0.0,0.0,0.0,0.0,0.0,0.0,11.85821103553059,1.0,0,0,0.0,126784.85,217,2006,1
2006-03-20,Beans (white),141238.32,NGN,NGN/MT,Interpolated,wholesale,National,,,0.69,False,Gap-filled by interpolation,Interpolated,historical,False,,141238.32,128.65,160.55555555555554,97.0,11.4,12.5,1,0,0,1,0,0,0,0,1,1,0,0,0,0,0,0,0,0,0,0,1.0,6.123233995736766e-17,0.992708874098054,0.120536680255323,1097.85,141238.32,141238.32,141238.32,141238.32,141238.32,141238.32,141238.32,141238.32,0.0,141238.32,0.0,141238.32,0.007313798674409305,141238.32,0.0018914255727765009,141238.32,141238.32,141238.32,141238.32,0.0,0.0,0.0,0.0,0.0,0.0,0.0,11.85821103553059,1.0,0,0,0.0,126784.85,218,2006,1
2006-03-27,Beans (white),141238.32,NGN,NGN/MT,Interpolated,wholesale,National,,,0.69,False,Gap-filled by interpolation,Interpolated,historical,False,,141238.32,128.65,160.55555555555554,97.0,11.4,12.5,1,0,0,1,0,0,0,0,1,1,0,0,0,0,0,0,0,0,0,0,1.0,6.123233995736766e-17,1.0,-1.6081226496766364e-16,1097.85,141238.32,141238.32,141238.32,141238.32,141238.32,141238.32,141238.32,141238.32,0.0,141238.32,0.0,141238.32,0.007313798674409305,141238.32,0.0018914255727765009,141238.32,141238.32,141238.32,141238.32,0.0,0.0,0.0,0.0,0.0,0.0,0.0,11.85821103553059,1.0,0,0,0.0,126784.85,219,2006,1
2006-04-03,Beans (white),141238.32,NGN,NGN/MT,Interpolated,wholesale,National,,,0.69,False,Gap-filled by interpolation,Interpolated,historical,False,,141238.32,128.65,160.55555555555554,97.0,11.4,12.5,0,1,1,1,0,0,0,0,1,0,0,0,0,0,0,0,0,0,0,0,0.8660254037844387,-0.4999999999999998,0.992708874098054,-0.1205366802553228,1097.85,141238.32,141238.32,141238.32,141238.32,141238.32,141238.32,141238.32,141238.32,0.0,141238.32,0.0,141238.32,0.007313798674409305,141238.32,0.0018914255727765009,141238.32,141238.32,141238.32,141238.32,0.0,0.0,0.0,0.0,0.0,0.0,0.0,11.85821103553059,1.0,0,0,0.333,126784.85,220,2006,2
2006-04-10,Beans (white),141238.32,NGN,NGN/MT,Interpolated,wholesale,National,,,0.69,False,Gap-filled by interpolation,Interpolated,historical,False,,141238.32,128.65,160.55555555555554,97.0,11.4,12.5,0,1,1,1,0,0,0,0,1,0,0,0,0,0,0,0,0,0,0,0,0.8660254037844387,-0.4999999999999998,0.970941817426052,-0.2393156642875575,1097.85,141238.32,141238.32,141238.32,141238.32,141238.32,141238.32,141238.32,141238.32,0.0,141238.32,0.0,141238.32,0.007313798674409305,141238.32,0.0018914255727765009,141238.32,141238.32,141238.32,141238.32,0.0,0.0,0.0,0.0,0.0,0.0,0.0,11.85821103553059,1.0,0,0,0.333,126784.85,221,2006,2
2006-04-17,Beans (white),141238.32,NGN,NGN/MT,Interpolated,wholesale,National,,,0.69,False,Gap-filled by interpolation,Interpolated,historical,False,,141238.32,128.65,160.55555555555554,97.0,11.4,12.5,0,1,1,1,0,0,0,0,1,0,0,0,0,0,0,0,0,0,0,0,0.8660254037844387,-0.4999999999999998,0.9350162426854148,-0.3546048870425354,1097.85,141238.32,141238.32,141238.32,141238.32,141238.32,141238.32,141238.32,141238.32,0.0,141238.32,0.0,141238.32,0.007313798674409305,141238.32,0.0018914255727765009,141238.32,141238.32,141238.32,141238.32,0.0,0.0,0.0,0.0,0.0,0.0,0.0,11.85821103553059,1.0,0,0,0.333,126784.85,222,2006,2
2006-04-24,Beans (white),141238.32,NGN,NGN/MT,Interpolated,wholesale,National,,,0.69,False,Gap-filled by interpolation,Interpolated,historical,False,,141238.32,128.65,160.55555555555554,97.0,11.4,12.5,0,1,1,1,0,0,0,0,1,0,0,0,0,0,0,0,0,0,0,0,0.8660254037844387,-0.4999999999999998,0.8854560256532099,-0.4647231720437685,1097.85,141238.32,141238.32,141238.32,141238.32,141238.32,141238.32,141238.32,141238.32,0.0,141238.32,0.0,141238.32,0.007313798674409305,141238.32,0.0018914255727765009,141238.32,141238.32,141238.32,141238.32,0.0,0.0,0.0,0.0,0.0,0.0,0.0,11.85821103553059,1.0,0,0,0.333,126784.85,223,2006,2
2006-05-01,Beans (white),141238.32,NGN,NGN/MT,Interpolated,wholesale,National,,,0.69,False,Gap-filled by interpolation,Interpolated,historical,False,,141238.32,128.65,160.55555555555554,97.0,11.4,12.5,0,1,1,1,0,0,0,0,1,0,1,0,0,0,0,0,0,0,0,0,0.4999999999999999,-0.8660254037844387,0.8229838658936565,-0.5680647467311557,1097.85,141238.32,141238.32,141238.32,141238.32,141238.32,141238.32,141238.32,141238.32,0.0,141238.32,0.0,141238.32,0.007313798674409305,141238.32,0.0018914255727765009,141238.32,141238.32,141238.32,141238.32,0.0,0.0,0.0,0.0,0.0,0.0,0.0,11.85821103553059,1.0,0,0,0.333,126784.85,224,2006,2
2006-05-08,Beans (white),141238.32,NGN,NGN/MT,Interpolated,wholesale,National,,,0.69,False,Gap-filled by interpolation,Interpolated,historical,False,,141238.32,128.65,160.55555555555554,97.0,11.4,12.5,0,1,1,1,0,0,0,0,1,0,1,0,0,0,0,0,0,0,0,0,0.4999999999999999,-0.8660254037844387,0.7485107481711013,-0.663122658240795,1097.85,141238.32,141238.32,141238.32,141238.32,141238.32,141238.32,141238.32,141238.32,0.0,141238.32,0.0,141238.32,0.007313798674409305,141238.32,0.0018914255727765009,141238.32,141238.32,141238.32,141238.32,0.0,0.0,0.0,0.0,0.0,0.0,0.0,11.85821103553059,1.0,0,0,0.333,126784.85,225,2006,2
2006-05-15,Beans (white),141238.32,NGN,NGN/MT,Interpolated,wholesale,National,,,0.69,False,Gap-filled by interpolation,Interpolated,historical,False,,141238.32,128.65,160.55555555555554,97.0,11.4,12.5,0,1,1,1,0,0,0,0,1,0,1,0,0,0,0,0,0,0,0,0,0.4999999999999999,-0.8660254037844387,0.6631226582407952,-0.7485107481711012,1097.85,141238.32,141238.32,141238.32,141238.32,141238.32,141238.32,141238.32,141238.32,0.0,141238.32,0.0,141238.32,0.007313798674409305,141238.32,0.0018914255727765009,141238.32,141238.32,141238.32,141238.32,0.0,0.0,0.0,0.0,0.0,0.0,0.0,11.85821103553059,1.0,0,0,0.333,126784.85,226,2006,2
2006-05-22,Beans (white),141238.32,NGN,NGN/MT,Interpolated,wholesale,National,,,0.69,False,Gap-filled by interpolation,Interpolated,historical,False,,141238.32,128.65,160.55555555555554,97.0,11.4,12.5,0,1,1,1,0,0,0,0,1,0,1,0,0,0,0,0,0,0,0,0,0.4999999999999999,-0.8660254037844387,0.5680647467311558,-0.8229838658936564,1097.85,141238.32,141238.32,141238.32,141238.32,141238.32,141238.32,141238.32,141238.32,0.0,141238.32,0.0,141238.32,0.007313798674409305,141238.32,0.0018914255727765009,141238.32,141238.32,141238.32,141238.32,0.0,0.0,0.0,0.0,0.0,0.0,0.0,11.85821103553059,1.0,0,0,0.333,126784.85,227,2006,2
2006-05-29,Beans (white),141238.32,NGN,NGN/MT,Interpolated,wholesale,National,,,0.69,False,Gap-filled by interpolation,Interpolated,historical,False,,141238.32,128.65,160.55555555555554,97.0,11.4,12.5,0,1,1,1,0,0,0,0,1,0,1,0,0,0,0,0,0,0,0,0,0.4999999999999999,-0.8660254037844387,0.464723172043769,-0.8854560256532096,1097.85,141238.32,141238.32,141238.32,141238.32,141238.32,141238.32,141238.32,141238.32,0.0,141238.32,0.0,141238.32,0.007313798674409305,141238.32,0.0018914255727765009,141238.32,141238.32,141238.32,141238.32,0.0,0.0,0.0,0.0,0.0,0.0,0.0,11.85821103553059,1.0,0,0,0.333,126784.85,228,2006,2
2006-06-05,Beans (white),141238.32,NGN,NGN/MT,Interpolated,wholesale,National,,,0.69,False,Gap-filled by interpolation,Interpolated,historical,False,,141238.32,128.65,160.55555555555554,97.0,11.4,12.5,0,1,1,0,0,0,0,1,0,0,1,0,0,0,0,0,0,0,1,0,1.2246467991473532e-16,-1.0,0.3546048870425358,-0.9350162426854148,1097.85,141238.32,141238.32,141238.32,141238.32,141238.32,141238.32,141238.32,141238.32,0.0,141238.32,0.0,141238.32,0.007313798674409305,141238.32,0.0018914255727765009,141238.32,141238.32,141238.32,141238.32,0.0,0.0,0.0,0.0,0.0,0.0,0.0,11.85821103553059,1.0,0,0,0.667,126784.85,229,2006,2
2006-06-12,Beans (white),141238.32,NGN,NGN/MT,Interpolated,wholesale,National,,,0.69,False,Gap-filled by interpolation,Interpolated,historical,False,,141238.32,128.65,160.55555555555554,97.0,11.4,12.5,0,1,1,0,0,0,0,1,0,0,1,0,0,0,0,0,0,0,1,0,1.2246467991473532e-16,-1.0,0.2393156642875576,-0.970941817426052,1097.85,141238.32,141238.32,141238.32,141238.32,141238.32,141238.32,141238.32,141238.32,0.0,141238.32,0.0,141238.32,0.007313798674409305,141238.32,0.0018914255727765009,141238.32,141238.32,141238.32,141238.32,0.0,0.0,0.0,0.0,0.0,0.0,0.0,11.85821103553059,1.0,0,0,0.667,126784.85,230,2006,2
2006-06-19,Beans (white),141238.32,NGN,NGN/MT,Interpolated,wholesale,National,,,0.69,False,Gap-filled by interpolation,Interpolated,historical,False,,141238.32,128.65,160.55555555555554,97.0,11.4,12.5,0,1,1,0,0,0,0,1,0,0,1,0,0,0,0,0,0,0,1,0,1.2246467991473532e-16,-1.0,0.120536680255323,-0.992708874098054,1097.85,141238.32,141238.32,141238.32,141238.32,141238.32,141238.32,141238.32,141238.32,0.0,141238.32,0.0,141238.32,0.007313798674409305,141238.32,0.0018914255727765009,141238.32,141238.32,141238.32,141238.32,0.0,0.0,0.0,0.0,0.0,0.0,0.0,11.85821103553059,1.0,0,0,0.667,126784.85,231,2006,2
2006-06-26,Beans (white),141238.32,NGN,NGN/MT,Interpolated,wholesale,National,,,0.69,False,Gap-filled by interpolation,Interpolated,historical,False,,141238.32,128.65,160.55555555555554,97.0,11.4,12.5,0,1,1,0,0,0,0,1,0,0,1,0,0,0,0,0,0,0,1,0,1.2246467991473532e-16,-1.0,-3.216245299353273e-16,-1.0,1097.85,141238.32,141238.32,141238.32,141238.32,141238.32,141238.32,141238.32,141238.32,0.0,141238.32,0.0,141238.32,0.007313798674409305,141238.32,0.0018914255727765009,141238.32,141238.32,141238.32,141238.32,0.0,0.0,0.0,0.0,0.0,0.0,0.0,11.85821103553059,1.0,0,0,0.667,126784.85,232,2006,2
2006-07-03,Beans (white),141238.32,NGN,NGN/MT,Interpolated,wholesale,National,,,0.69,False,Gap-filled by interpolation,Interpolated,historical,False,,141238.32,128.65,160.55555555555554,97.0,11.4,12.5,0,1,1,0,0,0,1,1,0,0,1,0,0,0,0,0,0,0,1,0,-0.4999999999999997,-0.8660254037844388,-0.1205366802553228,-0.992708874098054,1097.85,141238.32,141238.32,141238.32,141238.32,141238.32,141238.32,141238.32,141238.32,0.0,141238.32,0.0,141238.32,0.007313798674409305,141238.32,0.0018914255727765009,141238.32,141238.32,141238.32,141238.32,0.0,0.0,0.0,0.0,0.0,0.0,0.0,11.85821103553059,1.0,0,0,0.667,126784.85,233,2006,3
2006-07-10,Beans (white),141238.32,NGN,NGN/MT,Interpolated,wholesale,National,,,0.69,False,Gap-filled by interpolation,Interpolated,historical,False,,141238.32,128.65,160.55555555555554,97.0,11.4,12.5,0,1,1,0,0,0,1,1,0,0,1,0,0,0,0,0,0,0,1,0,-0.4999999999999997,-0.8660254037844388,-0.2393156642875574,-0.970941817426052,1097.85,141238.32,141238.32,141238.32,141238.32,141238.32,141238.32,141238.32,141238.32,0.0,141238.32,0.0,141238.32,0.007313798674409305,141238.32,0.0018914255727765009,141238.32,141238.32,141238.32,141238.32,0.0,0.0,0.0,0.0,0.0,0.0,0.0,11.85821103553059,1.0,0,0,0.667,126784.85,234,2006,3
2006-07-17,Beans (white),141238.32,NGN,NGN/MT,Interpolated,wholesale,National,,,0.69,False,Gap-filled by interpolation,Interpolated,historical,False,,141238.32,128.65,160.55555555555554,97.0,11.4,12.5,0,1,1,0,0,0,1,1,0,0,1,0,0,0,0,0,0,0,1,0,-0.4999999999999997,-0.8660254037844388,-0.3546048870425356,-0.9350162426854148,1097.85,141238.32,141238.32,141238.32,141238.32,141238.32,141238.32,141238.32,141238.32,0.0,141238.32,0.0,141238.32,0.007313798674409305,141238.32,0.0018914255727765009,141238.32,141238.32,141238.32,141238.32,0.0,0.0,0.0,0.0,0.0,0.0,0.0,11.85821103553059,1.0,0,0,0.667,126784.85,235,2006,3
2006-07-24,Beans (white),141238.32,NGN,NGN/MT,Interpolated,wholesale,National,,,0.69,False,Gap-filled by interpolation,Interpolated,historical,False,,141238.32,128.65,160.55555555555554,97.0,11.4,12.5,0,1,1,0,0,0,1,1,0,0,1,0,0,0,0,0,0,0,1,0,-0.4999999999999997,-0.8660254037844388,-0.464723172043768,-0.8854560256532101,1097.85,141238.32,141238.32,141238.32,141238.32,141238.32,141238.32,141238.32,141238.32,0.0,141238.32,0.0,141238.32,0.007313798674409305,141238.32,0.0018914255727765009,141238.32,141238.32,141238.32,141238.32,0.0,0.0,0.0,0.0,0.0,0.0,0.0,11.85821103553059,1.0,0,0,0.667,126784.85,236,2006,3
2006-07-31,Beans (white),141238.32,NGN,NGN/MT,Interpolated,wholesale,National,,,0.69,False,Gap-filled by interpolation,Interpolated,historical,False,,141238.32,128.65,160.55555555555554,97.0,11.4,12.5,0,1,1,0,0,0,1,1,0,0,1,0,0,0,0,0,0,0,1,0,-0.4999999999999997,-0.8660254037844388,-0.5680647467311556,-0.8229838658936565,1097.85,141238.32,141238.32,141238.32,141238.32,141238.32,141238.32,141238.32,141238.32,0.0,141238.32,0.0,141238.32,0.007313798674409305,141238.32,0.0018914255727765009,141238.32,141238.32,141238.32,141238.32,0.0,0.0,0.0,0.0,0.0,0.0,0.0,11.85821103553059,1.0,0,0,0.667,126784.85,237,2006,3
2006-08-07,Beans (white),141238.32,NGN,NGN/MT,Interpolated,wholesale,National,,,0.69,False,Gap-filled by interpolation,Interpolated,historical,False,,141238.32,128.65,160.55555555555554,97.0,11.4,12.5,0,1,0,0,1,0,1,1,0,0,1,0,0,0,0,1,0,0,1,0,-0.8660254037844384,-0.5000000000000004,-0.663122658240795,-0.7485107481711013,1097.85,141238.32,141238.32,141238.32,141238.32,141238.32,141238.32,141238.32,141238.32,0.0,141238.32,0.0,141238.32,0.007313798674409305,141238.32,0.0018914255727765009,141238.32,141238.32,141238.32,141238.32,0.0,0.0,0.0,0.0,0.0,0.0,0.0,11.85821103553059,1.0,0,0,0.333,126784.85,238,2006,3
2006-08-14,Beans (white),141238.32,NGN,NGN/MT,Interpolated,wholesale,National,,,0.69,False,Gap-filled by interpolation,Interpolated,historical,False,,141238.32,128.65,160.55555555555554,97.0,11.4,12.5,0,1,0,0,1,0,1,1,0,0,1,0,0,0,0,1,0,0,1,0,-0.8660254037844384,-0.5000000000000004,-0.7485107481711011,-0.6631226582407952,1097.85,141238.32,141238.32,141238.32,141238.32,141238.32,141238.32,141238.32,141238.32,0.0,141238.32,0.0,141238.32,0.007313798674409305,141238.32,0.0018914255727765009,141238.32,141238.32,141238.32,141238.32,0.0,0.0,0.0,0.0,0.0,0.0,0.0,11.85821103553059,1.0,0,0,0.333,126784.85,239,2006,3
2006-08-21,Beans (white),141238.32,NGN,NGN/MT,Interpolated,wholesale,National,,,0.69,False,Gap-filled by interpolation,Interpolated,historical,False,,141238.32,128.65,160.55555555555554,97.0,11.4,12.5,0,1,0,0,1,0,1,1,0,0,1,0,0,0,0,1,0,0,1,0,-0.8660254037844384,-0.5000000000000004,-0.8229838658936564,-0.5680647467311559,1097.85,141238.32,141238.32,141238.32,141238.32,141238.32,141238.32,141238.32,141238.32,0.0,141238.32,0.0,141238.32,0.007313798674409305,141238.32,0.0018914255727765009,141238.32,141238.32,141238.32,141238.32,0.0,0.0,0.0,0.0,0.0,0.0,0.0,11.85821103553059,1.0,0,0,0.333,126784.85,240,2006,3
2006-08-28,Beans (white),141238.32,NGN,NGN/MT,Interpolated,wholesale,National,,,0.69,False,Gap-filled by interpolation,Interpolated,historical,False,,141238.32,128.65,160.55555555555554,97.0,11.4,12.5,0,1,0,0,1,0,1,1,0,0,1,0,0,0,0,1,0,0,1,0,-0.8660254037844384,-0.5000000000000004,-0.8854560256532096,-0.4647231720437691,1097.85,141238.32,141238.32,141238.32,141238.32,141238.32,141238.32,141238.32,141238.32,0.0,141238.32,0.0,141238.32,0.007313798674409305,141238.32,0.0018914255727765009,141238.32,141238.32,141238.32,141238.32,0.0,0.0,0.0,0.0,0.0,0.0,0.0,11.85821103553059,1.0,0,0,0.333,126784.85,241,2006,3
2006-09-04,Beans (white),141238.32,NGN,NGN/MT,Interpolated,wholesale,National,,,0.69,False,Gap-filled by interpolation,Interpolated,historical,False,,141238.32,128.65,160.55555555555554,97.0,11.4,12.5,0,1,0,0,1,1,0,0,0,0,0,0,0,0,0,1,0,0,0,0,-1.0,-1.8369701987210294e-16,-0.9350162426854148,-0.3546048870425359,1097.85,141238.32,141238.32,141238.32,141238.32,141238.32,141238.32,141238.32,141238.32,0.0,141238.32,0.0,141238.32,0.007313798674409305,141238.32,0.0018914255727765009,141238.32,141238.32,141238.32,141238.32,0.0,0.0,0.0,0.0,0.0,0.0,0.0,11.85821103553059,1.0,0,0,0.333,126784.85,242,2006,3
2006-09-11,Beans (white),141238.32,NGN,NGN/MT,Interpolated,wholesale,National,,,0.69,False,Gap-filled by interpolation,Interpolated,historical,False,,141238.32,128.65,160.55555555555554,97.0,11.4,12.5,0,1,0,0,1,1,0,0,0,0,0,0,0,0,0,1,0,0,0,0,-1.0,-1.8369701987210294e-16,-0.970941817426052,-0.2393156642875577,1097.85,141238.32,141238.32,141238.32,141238.32,141238.32,141238.32,141238.32,141238.32,0.0,141238.32,0.0,141238.32,0.007313798674409305,141238.32,0.0018914255727765009,141238.32,141238.32,141238.32,141238.32,0.0,0.0,0.0,0.0,0.0,0.0,0.0,11.85821103553059,1.0,0,0,0.333,126784.85,243,2006,3
2006-09-18,Beans (white),141238.32,NGN,NGN/MT,Interpolated,wholesale,National,,,0.69,False,Gap-filled by interpolation,Interpolated,historical,False,,141238.32,128.65,160.55555555555554,97.0,11.4,12.5,0,1,0,0,1,1,0,0,0,0,0,0,0,0,0,1,0,0,0,0,-1.0,-1.8369701987210294e-16,-0.992708874098054,-0.1205366802553235,1097.85,141238.32,141238.32,141238.32,141238.32,141238.32,141238.32,141238.32,141238.32,0.0,141238.32,0.0,141238.32,0.007313798674409305,141238.32,0.0018914255727765009,141238.32,141238.32,141238.32,141238.32,0.0,0.0,0.0,0.0,0.0,0.0,0.0,11.85821103553059,1.0,0,0,0.333,126784.85,244,2006,3
2006-09-25,Beans (white),141238.32,NGN,NGN/MT,Interpolated,wholesale,National,,,0.69,False,Gap-filled by interpolation,Interpolated,historical,False,,141238.32,128.65,160.55555555555554,97.0,11.4,12.5,0,1,0,0,1,1,0,0,0,0,0,0,0,0,0,1,0,1,0,0,-1.0,-1.8369701987210294e-16,-1.0,-1.8369701987210294e-16,1097.85,141238.32,141238.32,141238.32,141238.32,141238.32,141238.32,141238.32,141238.32,0.0,141238.32,0.0,141238.32,0.007313798674409305,141238.32,0.0018914255727765009,141238.32,141238.32,141238.32,141238.32,0.0,0.0,0.0,0.0,0.0,0.0,0.0,11.85821103553059,1.0,0,0,0.333,126784.85,245,2006,3
2006-10-02,Beans (white),141238.32,NGN,NGN/MT,Interpolated,wholesale,National,,,0.69,False,Gap-filled by interpolation,Interpolated,historical,False,,141238.32,128.65,160.55555555555554,97.0,11.4,12.5,0,1,0,0,0,1,0,0,0,1,0,1,0,1,1,1,1,1,0,0,-0.8660254037844386,0.5000000000000001,-0.992708874098054,0.1205366802553232,1097.85,141238.32,141238.32,141238.32,141238.32,141238.32,141238.32,141238.32,141238.32,0.0,141238.32,0.0,141238.32,0.007313798674409305,141238.32,0.0018914255727765009,141238.32,141238.32,141238.32,141238.32,0.0,0.0,0.0,0.0,0.0,0.0,0.0,11.85821103553059,1.0,0,0,0.333,126784.85,246,2006,4
2006-10-09,Beans (white),141238.32,NGN,NGN/MT,Interpolated,wholesale,National,,,0.69,False,Gap-filled by interpolation,Interpolated,historical,False,,141238.32,128.65,160.55555555555554,97.0,11.4,12.5,0,1,0,0,0,1,0,0,0,1,0,1,0,1,1,1,1,1,0,0,-0.8660254037844386,0.5000000000000001,-0.970941817426052,0.2393156642875573,1097.85,141238.32,141238.32,141238.32,141238.32,141238.32,141238.32,141238.32,141238.32,0.0,141238.32,0.0,141238.32,0.007313798674409305,141238.32,0.0018914255727765009,141238.32,141238.32,141238.32,141238.32,0.0,0.0,0.0,0.0,0.0,0.0,0.0,11.85821103553059,1.0,0,0,0.333,126784.85,247,2006,4
2006-10-16,Beans (white),141238.32,NGN,NGN/MT,Interpolated,wholesale,National,,,0.69,False,Gap-filled by interpolation,Interpolated,historical,False,,141238.32,128.65,160.55555555555554,97.0,11.4,12.5,0,1,0,0,0,1,0,0,0,1,0,1,0,1,1,1,1,1,0,0,-0.8660254037844386,0.5000000000000001,-0.9350162426854148,0.3546048870425355,1097.85,141238.32,141238.32,141238.32,141238.32,141238.32,141238.32,141238.32,141238.32,0.0,141238.32,0.0,141238.32,0.007313798674409305,141238.32,0.0018914255727765009,141238.32,141238.32,141238.32,141238.32,0.0,0.0,0.0,0.0,0.0,0.0,0.0,11.85821103553059,1.0,0,0,0.333,126784.85,248,2006,4
2006-10-23,Beans (white),141238.32,NGN,NGN/MT,Interpolated,wholesale,National,,,0.69,False,Gap-filled by interpolation,Interpolated,historical,False,,141238.32,128.65,160.55555555555554,97.0,11.4,12.5,0,1,0,0,0,1,0,0,0,1,0,1,0,1,1,1,1,1,0,0,-0.8660254037844386,0.5000000000000001,-0.8854560256532101,0.464723172043768,1097.85,141238.32,141238.32,141238.32,141238.32,141238.32,141238.32,141238.32,141238.32,0.0,141238.32,0.0,141238.32,0.007313798674409305,141238.32,0.0018914255727765009,141238.32,141238.32,141238.32,141238.32,0.0,0.0,0.0,0.0,0.0,0.0,0.0,11.85821103553059,1.0,0,0,0.333,126784.85,249,2006,4
2006-10-30,Beans (white),141238.32,NGN,NGN/MT,Interpolated,wholesale,National,,,0.69,False,Gap-filled by interpolation,Interpolated,historical,False,,141238.32,128.65,160.55555555555554,97.0,11.4,12.5,0,1,0,0,0,1,0,0,0,1,0,1,0,1,1,1,1,0,0,0,-0.8660254037844386,0.5000000000000001,-0.822983865893657,0.5680647467311548,1097.85,141238.32,141238.32,141238.32,141238.32,141238.32,141238.32,141238.32,141238.32,0.0,141238.32,0.0,141238.32,0.007313798674409305,141238.32,0.0018914255727765009,141238.32,141238.32,141238.32,141238.32,0.0,0.0,0.0,0.0,0.0,0.0,0.0,11.85821103553059,1.0,0,0,0.333,126784.85,250,2006,4
2006-11-06,Beans (white),141238.32,NGN,NGN/MT,Interpolated,wholesale,National,,,0.69,False,Gap-filled by interpolation,Interpolated,historical,False,,141238.32,128.65,160.55555555555554,97.0,11.4,12.5,1,0,0,0,0,1,0,0,0,1,0,1,1,1,1,0,1,0,0,0,-0.5000000000000004,0.8660254037844384,-0.7485107481711011,0.6631226582407952,1097.85,141238.32,141238.32,141238.32,141238.32,141238.32,141238.32,141238.32,141238.32,0.0,141238.32,0.0,141238.32,0.007313798674409305,141238.32,0.0018914255727765009,141238.32,141238.32,141238.32,141238.32,0.0,0.0,0.0,0.0,0.0,0.0,0.0,11.85821103553059,1.0,0,0,0.333,126784.85,251,2006,4
2006-11-13,Beans (white),141238.32,NGN,NGN/MT,Interpolated,wholesale,National,,,0.69,False,Gap-filled by interpolation,Interpolated,historical,False,,141238.32,128.65,160.55555555555554,97.0,11.4,12.5,1,0,0,0,0,1,0,0,0,1,0,1,1,1,1,0,1,0,0,0,-0.5000000000000004,0.8660254037844384,-0.6631226582407955,0.7485107481711007,1097.85,141238.32,141238.32,141238.32,141238.32,141238.32,141238.32,141238.32,141238.32,0.0,141238.32,0.0,141238.32,0.007313798674409305,141238.32,0.0018914255727765009,141238.32,141238.32,141238.32,141238.32,0.0,0.0,0.0,0.0,0.0,0.0,0.0,11.85821103553059,1.0,0,0,0.333,126784.85,252,2006,4
2006-11-20,Beans (white),141238.32,NGN,NGN/MT,Interpolated,wholesale,National,,,0.69,False,Gap-filled by interpolation,Interpolated,historical,False,,141238.32,128.65,160.55555555555554,97.0,11.4,12.5,1,0,0,0,0,1,0,0,0,1,0,1,1,1,1,0,1,0,0,0,-0.5000000000000004,0.8660254037844384,-0.5680647467311559,0.8229838658936564,1097.85,141238.32,141238.32,141238.32,141238.32,141238.32,141238.32,141238.32,141238.32,0.0,141238.32,0.0,141238.32,0.007313798674409305,141238.32,0.0018914255727765009,141238.32,141238.32,141238.32,141238.32,0.0,0.0,0.0,0.0,0.0,0.0,0.0,11.85821103553059,1.0,0,0,0.333,126784.85,253,2006,4
2006-11-27,Beans (white),141238.32,NGN,NGN/MT,Interpolated,wholesale,National,,,0.69,False,Gap-filled by interpolation,Interpolated,historical,False,,141238.32,128.65,160.55555555555554,97.0,11.4,12.5,1,0,0,0,0,1,0,0,0,1,0,1,1,1,1,0,1,0,0,0,-0.5000000000000004,0.8660254037844384,-0.4647231720437684,0.88545602565321,1097.85,141238.32,141238.32,141238.32,141238.32,141238.32,141238.32,141238.32,141238.32,0.0,141238.32,0.0,141238.32,0.007313798674409305,141238.32,0.0018914255727765009,141238.32,141238.32,141238.32,141238.32,0.0,0.0,0.0,0.0,0.0,0.0,0.0,11.85821103553059,1.0,0,0,0.333,126784.85,254,2006,4
2006-12-04,Beans (white),141238.32,NGN,NGN/MT,Interpolated,wholesale,National,,,0.69,False,Gap-filled by interpolation,Interpolated,historical,False,,141238.32,128.65,160.55555555555554,97.0,11.4,12.5,1,0,0,0,0,0,0,0,0,1,0,1,1,1,1,0,0,0,0,1,-2.4492935982947064e-16,1.0,-0.3546048870425359,0.9350162426854148,1097.85,141238.32,141238.32,141238.32,141238.32,141238.32,141238.32,141238.32,141238.32,0.0,141238.32,0.0,141238.32,0.007313798674409305,141238.32,0.0018914255727765009,141238.32,141238.32,141238.32,141238.32,0.0,0.0,0.0,0.0,0.0,0.0,0.0,11.85821103553059,1.0,0,0,0.0,126784.85,255,2006,4
2006-12-11,Beans (white),141238.32,NGN,NGN/MT,Interpolated,wholesale,National,,,0.69,False,Gap-filled by interpolation,Interpolated,historical,False,,141238.32,128.65,160.55555555555554,97.0,11.4,12.5,1,0,0,0,0,0,0,0,0,1,0,1,1,1,1,0,0,0,0,1,-2.4492935982947064e-16,1.0,-0.2393156642875578,0.970941817426052,1097.85,141238.32,141238.32,141238.32,141238.32,141238.32,141238.32,141238.32,141238.32,0.0,141238.32,0.0,141238.32,0.007313798674409305,141238.32,0.0018914255727765009,141238.32,141238.32,141238.32,141238.32,0.0,0.0,0.0,0.0,0.0,0.0,0.0,11.85821103553059,1.0,0,0,0.0,126784.85,256,2006,4
2006-12-18,Beans (white),141238.32,NGN,NGN/MT,Interpolated,wholesale,National,,,0.69,False,Gap-filled by interpolation,Interpolated,historical,False,,141238.32,128.65,160.55555555555554,97.0,11.4,12.5,1,0,0,0,0,0,0,0,0,1,0,1,1,1,1,0,0,0,0,1,-2.4492935982947064e-16,1.0,-0.1205366802553236,0.992708874098054,1097.85,141238.32,141238.32,141238.32,141238.32,141238.32,141238.32,141238.32,141238.32,0.0,141238.32,0.0,141238.32,0.007313798674409305,141238.32,0.0018914255727765009,141238.32,141238.32,141238.32,141238.32,0.0,0.0,0.0,0.0,0.0,0.0,0.0,11.85821103553059,1.0,0,0,0.0,126784.85,257,2006,4
2006-12-25,Beans (white),141238.32,NGN,NGN/MT,Interpolated,wholesale,National,,,0.69,False,Gap-filled by interpolation,Interpolated,historical,False,,141238.32,128.65,160.55555555555554,97.0,11.4,12.5,1,0,0,0,0,0,0,0,0,1,0,1,1,1,1,0,0,0,0,1,-2.4492935982947064e-16,1.0,6.432490598706546e-16,1.0,1097.85,141238.32,141238.32,141238.32,141238.32,141238.32,141238.32,141238.32,141238.32,0.0,141238.32,0.0,141238.32,0.007313798674409305,141238.32,0.0018914255727765009,141238.32,141238.32,141238.32,141238.32,0.0,0.0,0.0,0.0,0.0,0.0,0.0,11.85821103553059,1.0,0,0,0.0,126784.85,258,2006,4
2007-01-01,Beans (white),141238.32,NGN,NGN/MT,Interpolated,wholesale,National,,,0.69,False,Gap-filled by interpolation,Interpolated,historical,False,,141238.32,125.83,160.55555555555554,97.0,11.4,12.5,1,0,0,0,0,0,0,0,0,1,0,0,1,0,0,0,0,0,0,1,0.4999999999999999,0.8660254037844387,0.120536680255323,0.992708874098054,1122.45,141238.32,141238.32,141238.32,141238.32,141238.32,141238.32,141238.32,141238.32,0.0,141238.32,0.0,141238.32,0.007313798674409305,141238.32,0.0018914255727765009,141238.32,141238.32,141238.32,141238.32,0.0,0.0,0.0,0.0,0.0,0.0,0.0,11.85821103553059,1.0,0,0,0.0,126784.85,259,2007,1
2007-01-08,Beans (white),141238.32,NGN,NGN/MT,Interpolated,wholesale,National,,,0.69,False,Gap-filled by interpolation,Interpolated,historical,False,,141238.32,125.83,160.55555555555554,97.0,11.4,12.5,1,0,0,0,0,0,0,0,0,1,0,0,1,0,0,0,0,0,0,1,0.4999999999999999,0.8660254037844387,0.2393156642875577,0.970941817426052,1122.45,141238.32,141238.32,141238.32,141238.32,141238.32,141238.32,141238.32,141238.32,0.0,141238.32,0.0,141238.32,0.007313798674409305,141238.32,0.0018914255727765009,141238.32,141238.32,141238.32,141238.32,0.0,0.0,0.0,0.0,0.0,0.0,0.0,11.85821103553059,1.0,0,0,0.0,126784.85,260,2007,1
2007-01-15,Beans (white),141238.32,NGN,NGN/MT,Interpolated,wholesale,National,,,0.69,False,Gap-filled by interpolation,Interpolated,historical,False,,141238.32,125.83,160.55555555555554,97.0,11.4,12.5,1,0,0,0,0,0,0,0,0,1,0,0,1,0,0,0,0,0,0,1,0.4999999999999999,0.8660254037844387,0.3546048870425356,0.9350162426854148,1122.45,141238.32,141238.32,141238.32,141238.32,141238.32,141238.32,141238.32,141238.32,0.0,141238.32,0.0,141238.32,0.007313798674409305,141238.32,0.0018914255727765009,141238.32,141238.32,141238.32,141238.32,0.0,0.0,0.0,0.0,0.0,0.0,0.0,11.85821103553059,1.0,0,0,0.0,126784.85,261,2007,1
2007-01-22,Beans (white),141238.32,NGN,NGN/MT,Interpolated,wholesale,National,,,0.69,False,Gap-filled by interpolation,Interpolated,historical,False,,141238.32,125.83,160.55555555555554,97.0,11.4,12.5,1,0,0,0,0,0,0,0,0,1,0,0,1,0,0,0,0,0,0,1,0.4999999999999999,0.8660254037844387,0.4647231720437685,0.8854560256532099,1122.45,141238.32,141238.32,141238.32,141238.32,141238.32,141238.32,141238.32,141238.32,0.0,141238.32,0.0,141238.32,0.007313798674409305,141238.32,0.0018914255727765009,141238.32,141238.32,141238.32,141238.32,0.0,0.0,0.0,0.0,0.0,0.0,0.0,11.85821103553059,1.0,0,0,0.0,126784.85,262,2007,1
2007-01-29,Beans (white),141238.32,NGN,NGN/MT,Interpolated,wholesale,National,,,0.69,False,Gap-filled by interpolation,Interpolated,historical,False,,141238.32,125.83,160.55555555555554,97.0,11.4,12.5,1,0,0,0,0,0,0,0,0,1,0,0,1,0,0,0,0,0,0,1,0.4999999999999999,0.8660254037844387,0.5680647467311558,0.8229838658936564,1122.45,141238.32,141238.32,141238.32,141238.32,141238.32,141238.32,141238.32,141238.32,0.0,141238.32,0.0,141238.32,0.007313798674409305,141238.32,0.0018914255727765009,141238.32,141238.32,141238.32,141238.32,0.0,0.0,0.0,0.0,0.0,0.0,0.0,11.85821103553059,1.0,0,0,0.0,126784.85,263,2007,1
2007-02-05,Beans (white),141238.32,NGN,NGN/MT,Interpolated,wholesale,National,,,0.69,False,Gap-filled by interpolation,Interpolated,historical,False,,141238.32,125.83,160.55555555555554,97.0,11.4,12.5,1,0,0,0,0,0,0,0,1,1,0,0,1,0,0,0,0,0,0,0,0.8660254037844386,0.5000000000000001,0.6631226582407952,0.7485107481711011,1122.45,141238.32,141238.32,141238.32,141238.32,141238.32,141238.32,141238.32,141238.32,0.0,141238.32,0.0,141238.32,0.007313798674409305,141238.32,0.0018914255727765009,141238.32,141238.32,141238.32,141238.32,0.0,0.0,0.0,0.0,0.0,0.0,0.0,11.85821103553059,1.0,0,0,0.0,126784.85,264,2007,1
2007-02-12,Beans (white),141238.32,NGN,NGN/MT,Interpolated,wholesale,National,,,0.69,False,Gap-filled by interpolation,Interpolated,historical,False,,141238.32,125.83,160.55555555555554,97.0,11.4,12.5,1,0,0,0,0,0,0,0,1,1,0,0,1,0,0,0,0,0,0,0,0.8660254037844386,0.5000000000000001,0.7485107481711011,0.6631226582407953,1122.45,141238.32,141238.32,141238.32,141238.32,141238.32,141238.32,141238.32,141238.32,0.0,141238.32,0.0,141238.32,0.007313798674409305,141238.32,0.0018914255727765009,141238.32,141238.32,141238.32,141238.32,0.0,0.0,0.0,0.0,0.0,0.0,0.0,11.85821103553059,1.0,0,0,0.0,126784.85,265,2007,1
2007-02-19,Beans (white),141238.32,NGN,NGN/MT,Interpolated,wholesale,National,,,0.69,False,Gap-filled by interpolation,Interpolated,historical,False,,141238.32,125.83,160.55555555555554,97.0,11.4,12.5,1,0,0,0,0,0,0,0,1,1,0,0,1,0,0,0,0,0,0,0,0.8660254037844386,0.5000000000000001,0.8229838658936564,0.5680647467311559,1122.45,141238.32,141238.32,141238.32,141238.32,141238.32,141238.32,141238.32,141238.32,0.0,141238.32,0.0,141238.32,0.007313798674409305,141238.32,0.0018914255727765009,141238.32,141238.32,141238.32,141238.32,0.0,0.0,0.0,0.0,0.0,0.0,0.0,11.85821103553059,1.0,0,0,0.0,126784.85,266,2007,1
2007-02-26,Beans (white),141238.32,NGN,NGN/MT,Interpolated,wholesale,National,,,0.69,False,Gap-filled by interpolation,Interpolated,historical,False,,141238.32,125.83,160.55555555555554,97.0,11.4,12.5,1,0,0,0,0,0,0,0,1,1,0,0,1,0,0,0,0,0,0,0,0.8660254037844386,0.5000000000000001,0.8854560256532099,0.4647231720437686,1122.45,141238.32,141238.32,141238.32,141238.32,141238.32,141238.32,141238.32,141238.32,0.0,141238.32,0.0,141238.32,0.007313798674409305,141238.32,0.0018914255727765009,141238.32,141238.32,141238.32,141238.32,0.0,0.0,0.0,0.0,0.0,0.0,0.0,11.85821103553059,1.0,0,0,0.0,126784.85,267,2007,1
2007-03-05,Beans (white),141238.32,NGN,NGN/MT,Interpolated,wholesale,National,,,0.69,False,Gap-filled by interpolation,Interpolated,historical,False,,141238.32,125.83,160.55555555555554,97.0,11.4,12.5,1,0,0,1,0,0,0,0,1,1,0,0,0,0,0,0,0,0,0,0,1.0,6.123233995736766e-17,0.9350162426854148,0.3546048870425355,1122.45,141238.32,141238.32,141238.32,141238.32,141238.32,141238.32,141238.32,141238.32,0.0,141238.32,0.0,141238.32,0.007313798674409305,141238.32,0.0018914255727765009,141238.32,141238.32,141238.32,141238.32,0.0,0.0,0.0,0.0,0.0,0.0,0.0,11.85821103553059,1.0,0,0,0.0,126784.85,268,2007,1
2007-03-12,Beans (white),141238.32,NGN,NGN/MT,Interpolated,wholesale,National,,,0.69,False,Gap-filled by interpolation,Interpolated,historical,False,,141238.32,125.83,160.55555555555554,97.0,11.4,12.5,1,0,0,1,0,0,0,0,1,1,0,0,0,0,0,0,0,0,0,0,1.0,6.123233995736766e-17,0.970941817426052,0.239315664287558,1122.45,141238.32,141238.32,141238.32,141238.32,141238.32,141238.32,141238.32,141238.32,0.0,141238.32,0.0,141238.32,0.007313798674409305,141238.32,0.0018914255727765009,141238.32,141238.32,141238.32,141238.32,0.0,0.0,0.0,0.0,0.0,0.0,0.0,11.85821103553059,1.0,0,0,0.0,126784.85,269,2007,1
2007-03-19,Beans (white),141238.32,NGN,NGN/MT,Interpolated,wholesale,National,,,0.69,False,Gap-filled by interpolation,Interpolated,historical,False,,141238.32,125.83,160.55555555555554,97.0,11.4,12.5,1,0,0,1,0,0,0,0,1,1,0,0,0,0,0,0,0,0,0,0,1.0,6.123233995736766e-17,0.992708874098054,0.120536680255323,1122.45,141238.32,141238.32,141238.32,141238.32,141238.32,141238.32,141238.32,141238.32,0.0,141238.32,0.0,141238.32,0.007313798674409305,141238.32,0.0018914255727765009,141238.32,141238.32,141238.32,141238.32,0.0,0.0,0.0,0.0,0.0,0.0,0.0,11.85821103553059,1.0,0,0,0.0,126784.85,270,2007,1
2007-03-26,Beans (white),141238.32,NGN,NGN/MT,Interpolated,wholesale,National,,,0.69,False,Gap-filled by interpolation,Interpolated,historical,False,,141238.32,125.83,160.55555555555554,97.0,11.4,12.5,1,0,0,1,0,0,0,0,1,1,0,0,0,0,0,0,0,0,0,0,1.0,6.123233995736766e-17,1.0,-1.6081226496766364e-16,1122.45,141238.32,141238.32,141238.32,141238.32,141238.32,141238.32,141238.32,141238.32,0.0,141238.32,0.0,141238.32,0.007313798674409305,141238.32,0.0018914255727765009,141238.32,141238.32,141238.32,141238.32,0.0,0.0,0.0,0.0,0.0,0.0,0.0,11.85821103553059,1.0,0,0,0.0,126784.85,271,2007,1
2007-04-02,Beans (white),141238.32,NGN,NGN/MT,Interpolated,wholesale,National,,,0.69,False,Gap-filled by interpolation,Interpolated,historical,False,,141238.32,125.83,160.55555555555554,97.0,11.4,12.5,0,1,1,1,0,0,0,0,1,0,0,0,0,0,0,0,0,0,0,0,0.8660254037844387,-0.4999999999999998,0.992708874098054,-0.1205366802553228,1122.45,141238.32,141238.32,141238.32,141238.32,141238.32,141238.32,141238.32,141238.32,0.0,141238.32,0.0,141238.32,0.007313798674409305,141238.32,0.0018914255727765009,141238.32,141238.32,141238.32,141238.32,0.0,0.0,0.0,0.0,0.0,0.0,0.0,11.85821103553059,1.0,0,0,0.333,126784.85,272,2007,2
2007-04-09,Beans (white),141238.32,NGN,NGN/MT,Interpolated,wholesale,National,,,0.69,False,Gap-filled by interpolation,Interpolated,historical,False,,141238.32,125.83,160.55555555555554,97.0,11.4,12.5,0,1,1,1,0,0,0,0,1,0,0,0,0,0,0,0,0,0,0,0,0.8660254037844387,-0.4999999999999998,0.970941817426052,-0.2393156642875575,1122.45,141238.32,141238.32,141238.32,141238.32,141238.32,141238.32,141238.32,141238.32,0.0,141238.32,0.0,141238.32,0.007313798674409305,141238.32,0.0018914255727765009,141238.32,141238.32,141238.32,141238.32,0.0,0.0,0.0,0.0,0.0,0.0,0.0,11.85821103553059,1.0,0,0,0.333,126784.85,273,2007,2
2007-04-16,Beans (white),141238.32,NGN,NGN/MT,Interpolated,wholesale,National,,,0.69,False,Gap-filled by interpolation,Interpolated,historical,False,,141238.32,125.83,160.55555555555554,97.0,11.4,12.5,0,1,1,1,0,0,0,0,1,0,0,0,0,0,0,0,0,0,0,0,0.8660254037844387,-0.4999999999999998,0.9350162426854148,-0.3546048870425354,1122.45,141238.32,141238.32,141238.32,141238.32,141238.32,141238.32,141238.32,141238.32,0.0,141238.32,0.0,141238.32,0.007313798674409305,141238.32,0.0018914255727765009,141238.32,141238.32,141238.32,141238.32,0.0,0.0,0.0,0.0,0.0,0.0,0.0,11.85821103553059,1.0,0,0,0.333,126784.85,274,2007,2
2007-04-23,Beans (white),141238.32,NGN,NGN/MT,Interpolated,wholesale,National,,,0.69,False,Gap-filled by interpolation,Interpolated,historical,False,,141238.32,125.83,160.55555555555554,97.0,11.4,12.5,0,1,1,1,0,0,0,0,1,0,0,0,0,0,0,0,0,0,0,0,0.8660254037844387,-0.4999999999999998,0.8854560256532099,-0.4647231720437685,1122.45,141238.32,141238.32,141238.32,141238.32,141238.32,141238.32,141238.32,141238.32,0.0,141238.32,0.0,141238.32,0.007313798674409305,141238.32,0.0018914255727765009,141238.32,141238.32,141238.32,141238.32,0.0,0.0,0.0,0.0,0.0,0.0,0.0,11.85821103553059,1.0,0,0,0.333,126784.85,275,2007,2
2007-04-30,Beans (white),141238.32,NGN,NGN/MT,Interpolated,wholesale,National,,,0.69,False,Gap-filled by interpolation,Interpolated,historical,False,,141238.32,125.83,160.55555555555554,97.0,11.4,12.5,0,1,1,1,0,0,0,0,1,0,0,0,0,0,0,0,0,0,0,0,0.8660254037844387,-0.4999999999999998,0.8229838658936565,-0.5680647467311557,1122.45,141238.32,141238.32,141238.32,141238.32,141238.32,141238.32,141238.32,141238.32,0.0,141238.32,0.0,141238.32,0.007313798674409305,141238.32,0.0018914255727765009,141238.32,141238.32,141238.32,141238.32,0.0,0.0,0.0,0.0,0.0,0.0,0.0,11.85821103553059,1.0,0,0,0.333,126784.85,276,2007,2
2007-05-07,Beans (white),141238.32,NGN,NGN/MT,Interpolated,wholesale,National,,,0.69,False,Gap-filled by interpolation,Interpolated,historical,False,,141238.32,125.83,160.55555555555554,97.0,11.4,12.5,0,1,1,1,0,0,0,0,1,0,1,0,0,0,0,0,0,0,0,0,0.4999999999999999,-0.8660254037844387,0.7485107481711013,-0.663122658240795,1122.45,141238.32,141238.32,141238.32,141238.32,141238.32,141238.32,141238.32,141238.32,0.0,141238.32,0.0,141238.32,0.007313798674409305,141238.32,0.0018914255727765009,141238.32,141238.32,141238.32,141238.32,0.0,0.0,0.0,0.0,0.0,0.0,0.0,11.85821103553059,1.0,0,0,0.333,126784.85,277,2007,2
2007-05-14,Beans (white),141238.32,NGN,NGN/MT,Interpolated,wholesale,National,,,0.69,False,Gap-filled by interpolation,Interpolated,historical,False,,141238.32,125.83,160.55555555555554,97.0,11.4,12.5,0,1,1,1,0,0,0,0,1,0,1,0,0,0,0,0,0,0,0,0,0.4999999999999999,-0.8660254037844387,0.6631226582407952,-0.7485107481711012,1122.45,141238.32,141238.32,141238.32,141238.32,141238.32,141238.32,141238.32,141238.32,0.0,141238.32,0.0,141238.32,0.007313798674409305,141238.32,0.0018914255727765009,141238.32,141238.32,141238.32,141238.32,0.0,0.0,0.0,0.0,0.0,0.0,0.0,11.85821103553059,1.0,0,0,0.333,126784.85,278,2007,2
2007-05-21,Beans (white),141238.32,NGN,NGN/MT,Interpolated,wholesale,National,,,0.69,False,Gap-filled by interpolation,Interpolated,historical,False,,141238.32,125.83,160.55555555555554,97.0,11.4,12.5,0,1,1,1,0,0,0,0,1,0,1,0,0,0,0,0,0,0,0,0,0.4999999999999999,-0.8660254037844387,0.5680647467311558,-0.8229838658936564,1122.45,141238.32,141238.32,141238.32,141238.32,141238.32,141238.32,141238.32,141238.32,0.0,141238.32,0.0,141238.32,0.007313798674409305,141238.32,0.0018914255727765009,141238.32,141238.32,141238.32,141238.32,0.0,0.0,0.0,0.0,0.0,0.0,0.0,11.85821103553059,1.0,0,0,0.333,126784.85,279,2007,2
2007-05-28,Beans (white),141238.32,NGN,NGN/MT,Interpolated,wholesale,National,,,0.69,False,Gap-filled by interpolation,Interpolated,historical,False,,141238.32,125.83,160.55555555555554,97.0,11.4,12.5,0,1,1,1,0,0,0,0,1,0,1,0,0,0,0,0,0,0,0,0,0.4999999999999999,-0.8660254037844387,0.464723172043769,-0.8854560256532096,1122.45,141238.32,141238.32,141238.32,141238.32,141238.32,141238.32,141238.32,141238.32,0.0,141238.32,0.0,141238.32,0.007313798674409305,141238.32,0.0018914255727765009,141238.32,141238.32,141238.32,141238.32,0.0,0.0,0.0,0.0,0.0,0.0,0.0,11.85821103553059,1.0,0,0,0.333,126784.85,280,2007,2
2007-06-04,Beans (white),141238.32,NGN,NGN/MT,Interpolated,wholesale,National,,,0.69,False,Gap-filled by interpolation,Interpolated,historical,False,,141238.32,125.83,160.55555555555554,97.0,11.4,12.5,0,1,1,0,0,0,0,1,0,0,1,0,0,0,0,0,0,0,1,0,1.2246467991473532e-16,-1.0,0.3546048870425358,-0.9350162426854148,1122.45,141238.32,141238.32,141238.32,141238.32,141238.32,141238.32,141238.32,141238.32,0.0,141238.32,0.0,141238.32,0.007313798674409305,141238.32,0.0018914255727765009,141238.32,141238.32,141238.32,141238.32,0.0,0.0,0.0,0.0,0.0,0.0,0.0,11.85821103553059,1.0,0,0,0.667,126784.85,281,2007,2
2007-06-11,Beans (white),141238.32,NGN,NGN/MT,Interpolated,wholesale,National,,,0.69,False,Gap-filled by interpolation,Interpolated,historical,False,,141238.32,125.83,160.55555555555554,97.0,11.4,12.5,0,1,1,0,0,0,0,1,0,0,1,0,0,0,0,0,0,0,1,0,1.2246467991473532e-16,-1.0,0.2393156642875576,-0.970941817426052,1122.45,141238.32,141238.32,141238.32,141238.32,141238.32,141238.32,141238.32,141238.32,0.0,141238.32,0.0,141238.32,0.007313798674409305,141238.32,0.0018914255727765009,141238.32,141238.32,141238.32,141238.32,0.0,0.0,0.0,0.0,0.0,0.0,0.0,11.85821103553059,1.0,0,0,0.667,126784.85,282,2007,2
2007-06-18,Beans (white),141238.32,NGN,NGN/MT,Interpolated,wholesale,National,,,0.69,False,Gap-filled by interpolation,Interpolated,historical,False,,141238.32,125.83,160.55555555555554,97.0,11.4,12.5,0,1,1,0,0,0,0,1,0,0,1,0,0,0,0,0,0,0,1,0,1.2246467991473532e-16,-1.0,0.120536680255323,-0.992708874098054,1122.45,141238.32,141238.32,141238.32,141238.32,141238.32,141238.32,141238.32,141238.32,0.0,141238.32,0.0,141238.32,0.007313798674409305,141238.32,0.0018914255727765009,141238.32,141238.32,141238.32,141238.32,0.0,0.0,0.0,0.0,0.0,0.0,0.0,11.85821103553059,1.0,0,0,0.667,126784.85,283,2007,2
2007-06-25,Beans (white),141238.32,NGN,NGN/MT,Interpolated,wholesale,National,,,0.69,False,Gap-filled by interpolation,Interpolated,historical,False,,141238.32,125.83,160.55555555555554,97.0,11.4,12.5,0,1,1,0,0,0,0,1,0,0,1,0,0,0,0,0,0,0,1,0,1.2246467991473532e-16,-1.0,-3.216245299353273e-16,-1.0,1122.45,141238.32,141238.32,141238.32,141238.32,141238.32,141238.32,141238.32,141238.32,0.0,141238.32,0.0,141238.32,0.007313798674409305,141238.32,0.0018914255727765009,141238.32,141238.32,141238.32,141238.32,0.0,0.0,0.0,0.0,0.0,0.0,0.0,11.85821103553059,1.0,0,0,0.667,126784.85,284,2007,2
2007-07-02,Beans (white),141238.32,NGN,NGN/MT,Interpolated,wholesale,National,,,0.69,False,Gap-filled by interpolation,Interpolated,historical,False,,141238.32,125.83,160.55555555555554,97.0,11.4,12.5,0,1,1,0,0,0,1,1,0,0,1,0,0,0,0,0,0,0,1,0,-0.4999999999999997,-0.8660254037844388,-0.1205366802553228,-0.992708874098054,1122.45,141238.32,141238.32,141238.32,141238.32,141238.32,141238.32,141238.32,141238.32,0.0,141238.32,0.0,141238.32,0.007313798674409305,141238.32,0.0018914255727765009,141238.32,141238.32,141238.32,141238.32,0.0,0.0,0.0,0.0,0.0,0.0,0.0,11.85821103553059,1.0,0,0,0.667,126784.85,285,2007,3
2007-07-09,Beans (white),141238.32,NGN,NGN/MT,Interpolated,wholesale,National,,,0.69,False,Gap-filled by interpolation,Interpolated,historical,False,,141238.32,125.83,160.55555555555554,97.0,11.4,12.5,0,1,1,0,0,0,1,1,0,0,1,0,0,0,0,0,0,0,1,0,-0.4999999999999997,-0.8660254037844388,-0.2393156642875574,-0.970941817426052,1122.45,141238.32,141238.32,141238.32,141238.32,141238.32,141238.32,141238.32,141238.32,0.0,141238.32,0.0,141238.32,0.007313798674409305,141238.32,0.0018914255727765009,141238.32,141238.32,141238.32,141238.32,0.0,0.0,0.0,0.0,0.0,0.0,0.0,11.85821103553059,1.0,0,0,0.667,126784.85,286,2007,3
2007-07-16,Beans (white),141238.32,NGN,NGN/MT,Interpolated,wholesale,National,,,0.69,False,Gap-filled by interpolation,Interpolated,historical,False,,141238.32,125.83,160.55555555555554,97.0,11.4,12.5,0,1,1,0,0,0,1,1,0,0,1,0,0,0,0,0,0,0,1,0,-0.4999999999999997,-0.8660254037844388,-0.3546048870425356,-0.9350162426854148,1122.45,141238.32,141238.32,141238.32,141238.32,141238.32,141238.32,141238.32,141238.32,0.0,141238.32,0.0,141238.32,0.007313798674409305,141238.32,0.0018914255727765009,141238.32,141238.32,141238.32,141238.32,0.0,0.0,0.0,0.0,0.0,0.0,0.0,11.85821103553059,1.0,0,0,0.667,126784.85,287,2007,3
2007-07-23,Beans (white),141238.32,NGN,NGN/MT,Interpolated,wholesale,National,,,0.69,False,Gap-filled by interpolation,Interpolated,historical,False,,141238.32,125.83,160.55555555555554,97.0,11.4,12.5,0,1,1,0,0,0,1,1,0,0,1,0,0,0,0,0,0,0,1,0,-0.4999999999999997,-0.8660254037844388,-0.464723172043768,-0.8854560256532101,1122.45,141238.32,141238.32,141238.32,141238.32,141238.32,141238.32,141238.32,141238.32,0.0,141238.32,0.0,141238.32,0.007313798674409305,141238.32,0.0018914255727765009,141238.32,141238.32,141238.32,141238.32,0.0,0.0,0.0,0.0,0.0,0.0,0.0,11.85821103553059,1.0,0,0,0.667,126784.85,288,2007,3
2007-07-30,Beans (white),141238.32,NGN,NGN/MT,Interpolated,wholesale,National,,,0.69,False,Gap-filled by interpolation,Interpolated,historical,False,,141238.32,125.83,160.55555555555554,97.0,11.4,12.5,0,1,1,0,0,0,1,1,0,0,1,0,0,0,0,0,0,0,1,0,-0.4999999999999997,-0.8660254037844388,-0.5680647467311556,-0.8229838658936565,1122.45,141238.32,141238.32,141238.32,141238.32,141238.32,141238.32,141238.32,141238.32,0.0,141238.32,0.0,141238.32,0.007313798674409305,141238.32,0.0018914255727765009,141238.32,141238.32,141238.32,141238.32,0.0,0.0,0.0,0.0,0.0,0.0,0.0,11.85821103553059,1.0,0,0,0.667,126784.85,289,2007,3
2007-08-06,Beans (white),141238.32,NGN,NGN/MT,Interpolated,wholesale,National,,,0.69,False,Gap-filled by interpolation,Interpolated,historical,False,,141238.32,125.83,160.55555555555554,97.0,11.4,12.5,0,1,0,0,1,0,1,1,0,0,1,0,0,0,0,1,0,0,1,0,-0.8660254037844384,-0.5000000000000004,-0.663122658240795,-0.7485107481711013,1122.45,141238.32,141238.32,141238.32,141238.32,141238.32,141238.32,141238.32,141238.32,0.0,141238.32,0.0,141238.32,0.007313798674409305,141238.32,0.0018914255727765009,141238.32,141238.32,141238.32,141238.32,0.0,0.0,0.0,0.0,0.0,0.0,0.0,11.85821103553059,1.0,0,0,0.333,126784.85,290,2007,3
2007-08-13,Beans (white),141238.32,NGN,NGN/MT,Interpolated,wholesale,National,,,0.69,False,Gap-filled by interpolation,Interpolated,historical,False,,141238.32,125.83,160.55555555555554,97.0,11.4,12.5,0,1,0,0,1,0,1,1,0,0,1,0,0,0,0,1,0,0,1,0,-0.8660254037844384,-0.5000000000000004,-0.7485107481711011,-0.6631226582407952,1122.45,141238.32,141238.32,141238.32,141238.32,141238.32,141238.32,141238.32,141238.32,0.0,141238.32,0.0,141238.32,0.007313798674409305,141238.32,0.0018914255727765009,141238.32,141238.32,141238.32,141238.32,0.0,0.0,0.0,0.0,0.0,0.0,0.0,11.85821103553059,1.0,0,0,0.333,126784.85,291,2007,3
2007-08-20,Beans (white),141238.32,NGN,NGN/MT,Interpolated,wholesale,National,,,0.69,False,Gap-filled by interpolation,Interpolated,historical,False,,141238.32,125.83,160.55555555555554,97.0,11.4,12.5,0,1,0,0,1,0,1,1,0,0,1,0,0,0,0,1,0,0,1,0,-0.8660254037844384,-0.5000000000000004,-0.8229838658936564,-0.5680647467311559,1122.45,141238.32,141238.32,141238.32,141238.32,141238.32,141238.32,141238.32,141238.32,0.0,141238.32,0.0,141238.32,0.007313798674409305,141238.32,0.0018914255727765009,141238.32,141238.32,141238.32,141238.32,0.0,0.0,0.0,0.0,0.0,0.0,0.0,11.85821103553059,1.0,0,0,0.333,126784.85,292,2007,3
2007-08-27,Beans (white),141238.32,NGN,NGN/MT,Interpolated,wholesale,National,,,0.69,False,Gap-filled by interpolation,Interpolated,historical,False,,141238.32,125.83,160.55555555555554,97.0,11.4,12.5,0,1,0,0,1,0,1,1,0,0,1,0,0,0,0,1,0,0,1,0,-0.8660254037844384,-0.5000000000000004,-0.8854560256532096,-0.4647231720437691,1122.45,141238.32,141238.32,141238.32,141238.32,141238.32,141238.32,141238.32,141238.32,0.0,141238.32,0.0,141238.32,0.007313798674409305,141238.32,0.0018914255727765009,141238.32,141238.32,141238.32,141238.32,0.0,0.0,0.0,0.0,0.0,0.0,0.0,11.85821103553059,1.0,0,0,0.333,126784.85,293,2007,3
2007-09-03,Beans (white),141238.32,NGN,NGN/MT,Interpolated,wholesale,National,,,0.69,False,Gap-filled by interpolation,Interpolated,historical,False,,141238.32,125.83,160.55555555555554,97.0,11.4,12.5,0,1,0,0,1,1,0,0,0,0,0,0,0,0,0,1,0,0,0,0,-1.0,-1.8369701987210294e-16,-0.9350162426854148,-0.3546048870425359,1122.45,141238.32,141238.32,141238.32,141238.32,141238.32,141238.32,141238.32,141238.32,0.0,141238.32,0.0,141238.32,0.007313798674409305,141238.32,0.0018914255727765009,141238.32,141238.32,141238.32,141238.32,0.0,0.0,0.0,0.0,0.0,0.0,0.0,11.85821103553059,1.0,0,0,0.333,126784.85,294,2007,3
2007-09-10,Beans (white),141238.32,NGN,NGN/MT,Interpolated,wholesale,National,,,0.69,False,Gap-filled by interpolation,Interpolated,historical,False,,141238.32,125.83,160.55555555555554,97.0,11.4,12.5,0,1,0,0,1,1,0,0,0,0,0,0,0,0,0,1,0,0,0,0,-1.0,-1.8369701987210294e-16,-0.970941817426052,-0.2393156642875577,1122.45,141238.32,141238.32,141238.32,141238.32,141238.32,141238.32,141238.32,141238.32,0.0,141238.32,0.0,141238.32,0.007313798674409305,141238.32,0.0018914255727765009,141238.32,141238.32,141238.32,141238.32,0.0,0.0,0.0,0.0,0.0,0.0,0.0,11.85821103553059,1.0,0,0,0.333,126784.85,295,2007,3
2007-09-17,Beans (white),141238.32,NGN,NGN/MT,Interpolated,wholesale,National,,,0.69,False,Gap-filled by interpolation,Interpolated,historical,False,,141238.32,125.83,160.55555555555554,97.0,11.4,12.5,0,1,0,0,1,1,0,0,0,0,0,0,0,0,0,1,0,1,0,0,-1.0,-1.8369701987210294e-16,-0.992708874098054,-0.1205366802553235,1122.45,141238.32,141238.32,141238.32,141238.32,141238.32,141238.32,141238.32,141238.32,0.0,141238.32,0.0,141238.32,0.007313798674409305,141238.32,0.0018914255727765009,141238.32,141238.32,141238.32,141238.32,0.0,0.0,0.0,0.0,0.0,0.0,0.0,11.85821103553059,1.0,0,0,0.333,126784.85,296,2007,3
2007-09-24,Beans (white),141238.32,NGN,NGN/MT,Interpolated,wholesale,National,,,0.69,False,Gap-filled by interpolation,Interpolated,historical,False,,141238.32,125.83,160.55555555555554,97.0,11.4,12.5,0,1,0,0,1,1,0,0,0,0,0,0,0,0,0,1,0,1,0,0,-1.0,-1.8369701987210294e-16,-1.0,-1.8369701987210294e-16,1122.45,141238.32,141238.32,141238.32,141238.32,141238.32,141238.32,141238.32,141238.32,0.0,141238.32,0.0,141238.32,0.007313798674409305,141238.32,0.0018914255727765009,141238.32,141238.32,141238.32,141238.32,0.0,0.0,0.0,0.0,0.0,0.0,0.0,11.85821103553059,1.0,0,0,0.333,126784.85,297,2007,3
2007-10-01,Beans (white),141238.32,NGN,NGN/MT,Interpolated,wholesale,National,,,0.69,False,Gap-filled by interpolation,Interpolated,historical,False,,141238.32,125.83,160.55555555555554,97.0,11.4,12.5,0,1,0,0,0,1,0,0,0,1,0,1,0,1,1,1,1,1,0,0,-0.8660254037844386,0.5000000000000001,-0.992708874098054,0.1205366802553232,1122.45,141238.32,141238.32,141238.32,141238.32,141238.32,141238.32,141238.32,141238.32,0.0,141238.32,0.0,141238.32,0.007313798674409305,141238.32,0.0018914255727765009,141238.32,141238.32,141238.32,141238.32,0.0,0.0,0.0,0.0,0.0,0.0,0.0,11.85821103553059,1.0,0,0,0.333,126784.85,298,2007,4
2007-10-08,Beans (white),141238.32,NGN,NGN/MT,Interpolated,wholesale,National,,,0.69,False,Gap-filled by interpolation,Interpolated,historical,False,,141238.32,125.83,160.55555555555554,97.0,11.4,12.5,0,1,0,0,0,1,0,0,0,1,0,1,0,1,1,1,1,1,0,0,-0.8660254037844386,0.5000000000000001,-0.970941817426052,0.2393156642875573,1122.45,141238.32,141238.32,141238.32,141238.32,141238.32,141238.32,141238.32,141238.32,0.0,141238.32,0.0,141238.32,0.007313798674409305,141238.32,0.0018914255727765009,141238.32,141238.32,141238.32,141238.32,0.0,0.0,0.0,0.0,0.0,0.0,0.0,11.85821103553059,1.0,0,0,0.333,126784.85,299,2007,4
2007-10-15,Beans (white),141238.32,NGN,NGN/MT,Interpolated,wholesale,National,,,0.69,False,Gap-filled by interpolation,Interpolated,historical,False,,141238.32,125.83,160.55555555555554,97.0,11.4,12.5,0,1,0,0,0,1,0,0,0,1,0,1,0,1,1,1,1,0,0,0,-0.8660254037844386,0.5000000000000001,-0.9350162426854148,0.3546048870425355,1122.45,141238.32,141238.32,141238.32,141238.32,141238.32,141238.32,141238.32,141238.32,0.0,141238.32,0.0,141238.32,0.007313798674409305,141238.32,0.0018914255727765009,141238.32,141238.32,141238.32,141238.32,0.0,0.0,0.0,0.0,0.0,0.0,0.0,11.85821103553059,1.0,0,0,0.333,126784.85,300,2007,4
2007-10-22,Beans (white),141238.32,NGN,NGN/MT,Interpolated,wholesale,National,,,0.69,False,Gap-filled by interpolation,Interpolated,historical,False,,141238.32,125.83,160.55555555555554,97.0,11.4,12.5,0,1,0,0,0,1,0,0,0,1,0,1,0,1,1,1,1,0,0,0,-0.8660254037844386,0.5000000000000001,-0.8854560256532101,0.464723172043768,1122.45,141238.32,141238.32,141238.32,141238.32,141238.32,141238.32,141238.32,141238.32,0.0,141238.32,0.0,141238.32,0.007313798674409305,141238.32,0.0018914255727765009,141238.32,141238.32,141238.32,141238.32,0.0,0.0,0.0,0.0,0.0,0.0,0.0,11.85821103553059,1.0,0,0,0.333,126784.85,301,2007,4
2007-10-29,Beans (white),141238.32,NGN,NGN/MT,Interpolated,wholesale,National,,,0.69,False,Gap-filled by interpolation,Interpolated,historical,False,,141238.32,125.83,160.55555555555554,97.0,11.4,12.5,0,1,0,0,0,1,0,0,0,1,0,1,0,1,1,1,1,0,0,0,-0.8660254037844386,0.5000000000000001,-0.822983865893657,0.5680647467311548,1122.45,141238.32,141238.32,141238.32,141238.32,141238.32,141238.32,141238.32,141238.32,0.0,141238.32,0.0,141238.32,0.007313798674409305,141238.32,0.0018914255727765009,141238.32,141238.32,141238.32,141238.32,0.0,0.0,0.0,0.0,0.0,0.0,0.0,11.85821103553059,1.0,0,0,0.333,126784.85,302,2007,4
2007-11-05,Beans (white),141238.32,NGN,NGN/MT,Interpolated,wholesale,National,,,0.69,False,Gap-filled by interpolation,Interpolated,historical,False,,141238.32,125.83,160.55555555555554,97.0,11.4,12.5,1,0,0,0,0,1,0,0,0,1,0,1,1,1,1,0,1,0,0,0,-0.5000000000000004,0.8660254037844384,-0.7485107481711011,0.6631226582407952,1122.45,141238.32,141238.32,141238.32,141238.32,141238.32,141238.32,141238.32,141238.32,0.0,141238.32,0.0,141238.32,0.007313798674409305,141238.32,0.0018914255727765009,141238.32,141238.32,141238.32,141238.32,0.0,0.0,0.0,0.0,0.0,0.0,0.0,11.85821103553059,1.0,0,0,0.333,126784.85,303,2007,4
2007-11-12,Beans (white),141238.32,NGN,NGN/MT,Interpolated,wholesale,National,,,0.69,False,Gap-filled by interpolation,Interpolated,historical,False,,141238.32,125.83,160.55555555555554,97.0,11.4,12.5,1,0,0,0,0,1,0,0,0,1,0,1,1,1,1,0,1,0,0,0,-0.5000000000000004,0.8660254037844384,-0.6631226582407955,0.7485107481711007,1122.45,141238.32,141238.32,141238.32,141238.32,141238.32,141238.32,141238.32,141238.32,0.0,141238.32,0.0,141238.32,0.007313798674409305,141238.32,0.0018914255727765009,141238.32,141238.32,141238.32,141238.32,0.0,0.0,0.0,0.0,0.0,0.0,0.0,11.85821103553059,1.0,0,0,0.333,126784.85,304,2007,4
2007-11-19,Beans (white),141238.32,NGN,NGN/MT,Interpolated,wholesale,National,,,0.69,False,Gap-filled by interpolation,Interpolated,historical,False,,141238.32,125.83,160.55555555555554,97.0,11.4,12.5,1,0,0,0,0,1,0,0,0,1,0,1,1,1,1,0,1,0,0,0,-0.5000000000000004,0.8660254037844384,-0.5680647467311559,0.8229838658936564,1122.45,141238.32,141238.32,141238.32,141238.32,141238.32,141238.32,141238.32,141238.32,0.0,141238.32,0.0,141238.32,0.007313798674409305,141238.32,0.0018914255727765009,141238.32,141238.32,141238.32,141238.32,0.0,0.0,0.0,0.0,0.0,0.0,0.0,11.85821103553059,1.0,0,0,0.333,126784.85,305,2007,4
2007-11-26,Beans (white),141238.32,NGN,NGN/MT,Interpolated,wholesale,National,,,0.69,False,Gap-filled by interpolation,Interpolated,historical,False,,141238.32,125.83,160.55555555555554,97.0,11.4,12.5,1,0,0,0,0,1,0,0,0,1,0,1,1,1,1,0,1,0,0,0,-0.5000000000000004,0.8660254037844384,-0.4647231720437684,0.88545602565321,1122.45,141238.32,141238.32,141238.32,141238.32,141238.32,141238.32,141238.32,141238.32,0.0,141238.32,0.0,141238.32,0.007313798674409305,141238.32,0.0018914255727765009,141238.32,141238.32,141238.32,141238.32,0.0,0.0,0.0,0.0,0.0,0.0,0.0,11.85821103553059,1.0,0,0,0.333,126784.85,306,2007,4
2007-12-03,Beans (white),141238.32,NGN,NGN/MT,Interpolated,wholesale,National,,,0.69,False,Gap-filled by interpolation,Interpolated,historical,False,,141238.32,125.83,160.55555555555554,97.0,11.4,12.5,1,0,0,0,0,0,0,0,0,1,0,1,1,1,1,0,0,0,0,1,-2.4492935982947064e-16,1.0,-0.3546048870425359,0.9350162426854148,1122.45,141238.32,141238.32,141238.32,141238.32,141238.32,141238.32,141238.32,141238.32,0.0,141238.32,0.0,141238.32,0.007313798674409305,141238.32,0.0018914255727765009,141238.32,141238.32,141238.32,141238.32,0.0,0.0,0.0,0.0,0.0,0.0,0.0,11.85821103553059,1.0,0,0,0.0,126784.85,307,2007,4
2007-12-10,Beans (white),141238.32,NGN,NGN/MT,Interpolated,wholesale,National,,,0.69,False,Gap-filled by interpolation,Interpolated,historical,False,,141238.32,125.83,160.55555555555554,97.0,11.4,12.5,1,0,0,0,0,0,0,0,0,1,0,1,1,1,1,0,0,0,0,1,-2.4492935982947064e-16,1.0,-0.2393156642875578,0.970941817426052,1122.45,141238.32,141238.32,141238.32,141238.32,141238.32,141238.32,141238.32,141238.32,0.0,141238.32,0.0,141238.32,0.007313798674409305,141238.32,0.0018914255727765009,141238.32,141238.32,141238.32,141238.32,0.0,0.0,0.0,0.0,0.0,0.0,0.0,11.85821103553059,1.0,0,0,0.0,126784.85,308,2007,4
2007-12-17,Beans (white),141238.32,NGN,NGN/MT,Interpolated,wholesale,National,,,0.69,False,Gap-filled by interpolation,Interpolated,historical,False,,141238.32,125.83,160.55555555555554,97.0,11.4,12.5,1,0,0,0,0,0,0,0,0,1,0,1,1,1,1,0,0,0,0,1,-2.4492935982947064e-16,1.0,-0.1205366802553236,0.992708874098054,1122.45,141238.32,141238.32,141238.32,141238.32,141238.32,141238.32,141238.32,141238.32,0.0,141238.32,0.0,141238.32,0.007313798674409305,141238.32,0.0018914255727765009,141238.32,141238.32,141238.32,141238.32,0.0,0.0,0.0,0.0,0.0,0.0,0.0,11.85821103553059,1.0,0,0,0.0,126784.85,309,2007,4
2007-12-24,Beans (white),141238.32,NGN,NGN/MT,Interpolated,wholesale,National,,,0.69,False,Gap-filled by interpolation,Interpolated,historical,False,,141238.32,125.83,160.55555555555554,97.0,11.4,12.5,1,0,0,0,0,0,0,0,0,1,0,1,1,1,1,0,0,0,0,1,-2.4492935982947064e-16,1.0,6.432490598706546e-16,1.0,1122.45,141238.32,141238.32,141238.32,141238.32,141238.32,141238.32,141238.32,141238.32,0.0,141238.32,0.0,141238.32,0.007313798674409305,141238.32,0.0018914255727765009,141238.32,141238.32,141238.32,141238.32,0.0,0.0,0.0,0.0,0.0,0.0,0.0,11.85821103553059,1.0,0,0,0.0,126784.85,310,2007,4
2007-12-31,Beans (white),141238.32,NGN,NGN/MT,Interpolated,wholesale,National,,,0.69,False,Gap-filled by interpolation,Interpolated,historical,False,,141238.32,125.83,160.55555555555554,97.0,11.4,12.5,1,0,0,0,0,0,0,0,0,1,0,1,1,1,1,0,0,0,0,1,-2.4492935982947064e-16,1.0,0.120536680255323,0.992708874098054,1122.45,141238.32,141238.32,141238.32,141238.32,141238.32,141238.32,141238.32,141238.32,0.0,141238.32,0.0,141238.32,0.007313798674409305,141238.32,0.0018914255727765009,141238.32,141238.32,141238.32,141238.32,0.0,0.0,0.0,0.0,0.0,0.0,0.0,11.85821103553059,1.0,0,0,0.0,126784.85,311,2007,4
2008-01-07,Beans (white),141238.32,NGN,NGN/MT,Interpolated,wholesale,National,,,0.69,False,Gap-filled by interpolation,Interpolated,historical,False,,141238.32,118.57,160.55555555555554,97.0,11.4,12.5,1,0,0,0,0,0,0,0,0,1,0,0,1,0,0,0,0,0,0,1,0.4999999999999999,0.8660254037844387,0.2393156642875577,0.970941817426052,1191.18,141238.32,141238.32,141238.32,141238.32,141238.32,141238.32,141238.32,141238.32,0.0,141238.32,0.0,141238.32,0.007313798674409305,141238.32,0.0018914255727765009,141238.32,141238.32,141238.32,141238.32,0.0,0.0,0.0,0.0,0.0,0.0,0.0,11.85821103553059,1.0,0,0,0.0,126784.85,312,2008,1
2008-01-14,Beans (white),141238.32,NGN,NGN/MT,Interpolated,wholesale,National,,,0.69,False,Gap-filled by interpolation,Interpolated,historical,False,,141238.32,118.57,160.55555555555554,97.0,11.4,12.5,1,0,0,0,0,0,0,0,0,1,0,0,1,0,0,0,0,0,0,1,0.4999999999999999,0.8660254037844387,0.3546048870425356,0.9350162426854148,1191.18,141238.32,141238.32,141238.32,141238.32,141238.32,141238.32,141238.32,141238.32,0.0,141238.32,0.0,141238.32,0.007313798674409305,141238.32,0.0018914255727765009,141238.32,141238.32,141238.32,141238.32,0.0,0.0,0.0,0.0,0.0,0.0,0.0,11.85821103553059,1.0,0,0,0.0,126784.85,313,2008,1
2008-01-21,Beans (white),141238.32,NGN,NGN/MT,Interpolated,wholesale,National,,,0.69,False,Gap-filled by interpolation,Interpolated,historical,False,,141238.32,118.57,160.55555555555554,97.0,11.4,12.5,1,0,0,0,0,0,0,0,0,1,0,0,1,0,0,0,0,0,0,1,0.4999999999999999,0.8660254037844387,0.4647231720437685,0.8854560256532099,1191.18,141238.32,141238.32,141238.32,141238.32,141238.32,141238.32,141238.32,141238.32,0.0,141238.32,0.0,141238.32,0.007313798674409305,141238.32,0.0018914255727765009,141238.32,141238.32,141238.32,141238.32,0.0,0.0,0.0,0.0,0.0,0.0,0.0,11.85821103553059,1.0,0,0,0.0,126784.85,314,2008,1
2008-01-28,Beans (white),141238.32,NGN,NGN/MT,Interpolated,wholesale,National,,,0.69,False,Gap-filled by interpolation,Interpolated,historical,False,,141238.32,118.57,160.55555555555554,97.0,11.4,12.5,1,0,0,0,0,0,0,0,0,1,0,0,1,0,0,0,0,0,0,1,0.4999999999999999,0.8660254037844387,0.5680647467311558,0.8229838658936564,1191.18,141238.32,141238.32,141238.32,141238.32,141238.32,141238.32,141238.32,141238.32,0.0,141238.32,0.0,141238.32,0.007313798674409305,141238.32,0.0018914255727765009,141238.32,141238.32,141238.32,141238.32,0.0,0.0,0.0,0.0,0.0,0.0,0.0,11.85821103553059,1.0,0,0,0.0,126784.85,315,2008,1
2008-02-04,Beans (white),141238.32,NGN,NGN/MT,Interpolated,wholesale,National,,,0.69,False,Gap-filled by interpolation,Interpolated,historical,False,,141238.32,118.57,160.55555555555554,97.0,11.4,12.5,1,0,0,0,0,0,0,0,1,1,0,0,1,0,0,0,0,0,0,0,0.8660254037844386,0.5000000000000001,0.6631226582407952,0.7485107481711011,1191.18,141238.32,141238.32,141238.32,141238.32,141238.32,141238.32,141238.32,141238.32,0.0,141238.32,0.0,141238.32,0.007313798674409305,141238.32,0.0018914255727765009,141238.32,141238.32,141238.32,141238.32,0.0,0.0,0.0,0.0,0.0,0.0,0.0,11.85821103553059,1.0,0,0,0.0,126784.85,316,2008,1
2008-02-11,Beans (white),141238.32,NGN,NGN/MT,Interpolated,wholesale,National,,,0.69,False,Gap-filled by interpolation,Interpolated,historical,False,,141238.32,118.57,160.55555555555554,97.0,11.4,12.5,1,0,0,0,0,0,0,0,1,1,0,0,1,0,0,0,0,0,0,0,0.8660254037844386,0.5000000000000001,0.7485107481711011,0.6631226582407953,1191.18,141238.32,141238.32,141238.32,141238.32,141238.32,141238.32,141238.32,141238.32,0.0,141238.32,0.0,141238.32,0.007313798674409305,141238.32,0.0018914255727765009,141238.32,141238.32,141238.32,141238.32,0.0,0.0,0.0,0.0,0.0,0.0,0.0,11.85821103553059,1.0,0,0,0.0,126784.85,317,2008,1
2008-02-18,Beans (white),141238.32,NGN,NGN/MT,Interpolated,wholesale,National,,,0.69,False,Gap-filled by interpolation,Interpolated,historical,False,,141238.32,118.57,160.55555555555554,97.0,11.4,12.5,1,0,0,0,0,0,0,0,1,1,0,0,1,0,0,0,0,0,0,0,0.8660254037844386,0.5000000000000001,0.8229838658936564,0.5680647467311559,1191.18,141238.32,141238.32,141238.32,141238.32,141238.32,141238.32,141238.32,141238.32,0.0,141238.32,0.0,141238.32,0.007313798674409305,141238.32,0.0018914255727765009,141238.32,141238.32,141238.32,141238.32,0.0,0.0,0.0,0.0,0.0,0.0,0.0,11.85821103553059,1.0,0,0,0.0,126784.85,318,2008,1
2008-02-25,Beans (white),141238.32,NGN,NGN/MT,Interpolated,wholesale,National,,,0.69,False,Gap-filled by interpolation,Interpolated,historical,False,,141238.32,118.57,160.55555555555554,97.0,11.4,12.5,1,0,0,0,0,0,0,0,1,1,0,0,1,0,0,0,0,0,0,0,0.8660254037844386,0.5000000000000001,0.8854560256532099,0.4647231720437686,1191.18,141238.32,141238.32,141238.32,141238.32,141238.32,141238.32,141238.32,141238.32,0.0,141238.32,0.0,141238.32,0.007313798674409305,141238.32,0.0018914255727765009,141238.32,141238.32,141238.32,141238.32,0.0,0.0,0.0,0.0,0.0,0.0,0.0,11.85821103553059,1.0,0,0,0.0,126784.85,319,2008,1
2008-03-03,Beans (white),141238.32,NGN,NGN/MT,Interpolated,wholesale,National,,,0.69,False,Gap-filled by interpolation,Interpolated,historical,False,,141238.32,118.57,160.55555555555554,97.0,11.4,12.5,1,0,0,1,0,0,0,0,1,1,0,0,0,0,0,0,0,0,0,0,1.0,6.123233995736766e-17,0.9350162426854148,0.3546048870425355,1191.18,141238.32,141238.32,141238.32,141238.32,141238.32,141238.32,141238.32,141238.32,0.0,141238.32,0.0,141238.32,0.007313798674409305,141238.32,0.0018914255727765009,141238.32,141238.32,141238.32,141238.32,0.0,0.0,0.0,0.0,0.0,0.0,0.0,11.85821103553059,1.0,0,0,0.0,126784.85,320,2008,1
2008-03-10,Beans (white),141238.32,NGN,NGN/MT,Interpolated,wholesale,National,,,0.69,False,Gap-filled by interpolation,Interpolated,historical,False,,141238.32,118.57,160.55555555555554,97.0,11.4,12.5,1,0,0,1,0,0,0,0,1,1,0,0,0,0,0,0,0,0,0,0,1.0,6.123233995736766e-17,0.970941817426052,0.239315664287558,1191.18,141238.32,141238.32,141238.32,141238.32,141238.32,141238.32,141238.32,141238.32,0.0,141238.32,0.0,141238.32,0.007313798674409305,141238.32,0.0018914255727765009,141238.32,141238.32,141238.32,141238.32,0.0,0.0,0.0,0.0,0.0,0.0,0.0,11.85821103553059,1.0,0,0,0.0,126784.85,321,2008,1
2008-03-17,Beans (white),141238.32,NGN,NGN/MT,Interpolated,wholesale,National,,,0.69,False,Gap-filled by interpolation,Interpolated,historical,False,,141238.32,118.57,160.55555555555554,97.0,11.4,12.5,1,0,0,1,0,0,0,0,1,1,0,0,0,0,0,0,0,0,0,0,1.0,6.123233995736766e-17,0.992708874098054,0.120536680255323,1191.18,141238.32,141238.32,141238.32,141238.32,141238.32,141238.32,141238.32,141238.32,0.0,141238.32,0.0,141238.32,0.007313798674409305,141238.32,0.0018914255727765009,141238.32,141238.32,141238.32,141238.32,0.0,0.0,0.0,0.0,0.0,0.0,0.0,11.85821103553059,1.0,0,0,0.0,126784.85,322,2008,1
2008-03-24,Beans (white),141238.32,NGN,NGN/MT,Interpolated,wholesale,National,,,0.69,False,Gap-filled by interpolation,Interpolated,historical,False,,141238.32,118.57,160.55555555555554,97.0,11.4,12.5,1,0,0,1,0,0,0,0,1,1,0,0,0,0,0,0,0,0,0,0,1.0,6.123233995736766e-17,1.0,-1.6081226496766364e-16,1191.18,141238.32,141238.32,141238.32,141238.32,141238.32,141238.32,141238.32,141238.32,0.0,141238.32,0.0,141238.32,0.007313798674409305,141238.32,0.0018914255727765009,141238.32,141238.32,141238.32,141238.32,0.0,0.0,0.0,0.0,0.0,0.0,0.0,11.85821103553059,1.0,0,0,0.0,126784.85,323,2008,1
2008-03-31,Beans (white),141238.32,NGN,NGN/MT,Interpolated,wholesale,National,,,0.69,False,Gap-filled by interpolation,Interpolated,historical,False,,141238.32,118.57,160.55555555555554,97.0,11.4,12.5,1,0,0,1,0,0,0,0,1,1,0,0,0,0,0,0,0,0,0,0,1.0,6.123233995736766e-17,0.992708874098054,-0.1205366802553228,1191.18,141238.32,141238.32,141238.32,141238.32,141238.32,141238.32,141238.32,141238.32,0.0,141238.32,0.0,141238.32,0.007313798674409305,141238.32,0.0018914255727765009,141238.32,141238.32,141238.32,141238.32,0.0,0.0,0.0,0.0,0.0,0.0,0.0,11.85821103553059,1.0,0,0,0.0,126784.85,324,2008,1
2008-04-07,Beans (white),141238.32,NGN,NGN/MT,Interpolated,wholesale,National,,,0.69,False,Gap-filled by interpolation,Interpolated,historical,False,,141238.32,118.57,160.55555555555554,97.0,11.4,12.5,0,1,1,1,0,0,0,0,1,0,0,0,0,0,0,0,0,0,0,0,0.8660254037844387,-0.4999999999999998,0.970941817426052,-0.2393156642875575,1191.18,141238.32,141238.32,141238.32,141238.32,141238.32,141238.32,141238.32,141238.32,0.0,141238.32,0.0,141238.32,0.007313798674409305,141238.32,0.0018914255727765009,141238.32,141238.32,141238.32,141238.32,0.0,0.0,0.0,0.0,0.0,0.0,0.0,11.85821103553059,1.0,0,0,0.333,126784.85,325,2008,2
2008-04-14,Beans (white),141238.32,NGN,NGN/MT,Interpolated,wholesale,National,,,0.69,False,Gap-filled by interpolation,Interpolated,historical,False,,141238.32,118.57,160.55555555555554,97.0,11.4,12.5,0,1,1,1,0,0,0,0,1,0,0,0,0,0,0,0,0,0,0,0,0.8660254037844387,-0.4999999999999998,0.9350162426854148,-0.3546048870425354,1191.18,141238.32,141238.32,141238.32,141238.32,141238.32,141238.32,141238.32,141238.32,0.0,141238.32,0.0,141238.32,0.007313798674409305,141238.32,0.0018914255727765009,141238.32,141238.32,141238.32,141238.32,0.0,0.0,0.0,0.0,0.0,0.0,0.0,11.85821103553059,1.0,0,0,0.333,126784.85,326,2008,2
2008-04-21,Beans (white),141238.32,NGN,NGN/MT,Interpolated,wholesale,National,,,0.69,False,Gap-filled by interpolation,Interpolated,historical,False,,141238.32,118.57,160.55555555555554,97.0,11.4,12.5,0,1,1,1,0,0,0,0,1,0,0,0,0,0,0,0,0,0,0,0,0.8660254037844387,-0.4999999999999998,0.8854560256532099,-0.4647231720437685,1191.18,141238.32,141238.32,141238.32,141238.32,141238.32,141238.32,141238.32,141238.32,0.0,141238.32,0.0,141238.32,0.007313798674409305,141238.32,0.0018914255727765009,141238.32,141238.32,141238.32,141238.32,0.0,0.0,0.0,0.0,0.0,0.0,0.0,11.85821103553059,1.0,0,0,0.333,126784.85,327,2008,2
2008-04-28,Beans (white),141238.32,NGN,NGN/MT,Interpolated,wholesale,National,,,0.69,False,Gap-filled by interpolation,Interpolated,historical,False,,141238.32,118.57,160.55555555555554,97.0,11.4,12.5,0,1,1,1,0,0,0,0,1,0,0,0,0,0,0,0,0,0,0,0,0.8660254037844387,-0.4999999999999998,0.8229838658936565,-0.5680647467311557,1191.18,141238.32,141238.32,141238.32,141238.32,141238.32,141238.32,141238.32,141238.32,0.0,141238.32,0.0,141238.32,0.007313798674409305,141238.32,0.0018914255727765009,141238.32,141238.32,141238.32,141238.32,0.0,0.0,0.0,0.0,0.0,0.0,0.0,11.85821103553059,1.0,0,0,0.333,126784.85,328,2008,2
2008-05-05,Beans (white),141238.32,NGN,NGN/MT,Interpolated,wholesale,National,,,0.69,False,Gap-filled by interpolation,Interpolated,historical,False,,141238.32,118.57,160.55555555555554,97.0,11.4,12.5,0,1,1,1,0,0,0,0,1,0,1,0,0,0,0,0,0,0,0,0,0.4999999999999999,-0.8660254037844387,0.7485107481711013,-0.663122658240795,1191.18,141238.32,141238.32,141238.32,141238.32,141238.32,141238.32,141238.32,141238.32,0.0,141238.32,0.0,141238.32,0.007313798674409305,141238.32,0.0018914255727765009,141238.32,141238.32,141238.32,141238.32,0.0,0.0,0.0,0.0,0.0,0.0,0.0,11.85821103553059,1.0,0,0,0.333,126784.85,329,2008,2
2008-05-12,Beans (white),141238.32,NGN,NGN/MT,Interpolated,wholesale,National,,,0.69,False,Gap-filled by interpolation,Interpolated,historical,False,,141238.32,118.57,160.55555555555554,97.0,11.4,12.5,0,1,1,1,0,0,0,0,1,0,1,0,0,0,0,0,0,0,0,0,0.4999999999999999,-0.8660254037844387,0.6631226582407952,-0.7485107481711012,1191.18,141238.32,141238.32,141238.32,141238.32,141238.32,141238.32,141238.32,141238.32,0.0,141238.32,0.0,141238.32,0.007313798674409305,141238.32,0.0018914255727765009,141238.32,141238.32,141238.32,141238.32,0.0,0.0,0.0,0.0,0.0,0.0,0.0,11.85821103553059,1.0,0,0,0.333,126784.85,330,2008,2
2008-05-19,Beans (white),141238.32,NGN,NGN/MT,Interpolated,wholesale,National,,,0.69,False,Gap-filled by interpolation,Interpolated,historical,False,,141238.32,118.57,160.55555555555554,97.0,11.4,12.5,0,1,1,1,0,0,0,0,1,0,1,0,0,0,0,0,0,0,0,0,0.4999999999999999,-0.8660254037844387,0.5680647467311558,-0.8229838658936564,1191.18,141238.32,141238.32,141238.32,141238.32,141238.32,141238.32,141238.32,141238.32,0.0,141238.32,0.0,141238.32,0.007313798674409305,141238.32,0.0018914255727765009,141238.32,141238.32,141238.32,141238.32,0.0,0.0,0.0,0.0,0.0,0.0,0.0,11.85821103553059,1.0,0,0,0.333,126784.85,331,2008,2
2008-05-26,Beans (white),141238.32,NGN,NGN/MT,Interpolated,wholesale,National,,,0.69,False,Gap-filled by interpolation,Interpolated,historical,False,,141238.32,118.57,160.55555555555554,97.0,11.4,12.5,0,1,1,1,0,0,0,0,1,0,1,0,0,0,0,0,0,0,0,0,0.4999999999999999,-0.8660254037844387,0.464723172043769,-0.8854560256532096,1191.18,141238.32,141238.32,141238.32,141238.32,141238.32,141238.32,141238.32,141238.32,0.0,141238.32,0.0,141238.32,0.007313798674409305,141238.32,0.0018914255727765009,141238.32,141238.32,141238.32,141238.32,0.0,0.0,0.0,0.0,0.0,0.0,0.0,11.85821103553059,1.0,0,0,0.333,126784.85,332,2008,2
2008-06-02,Beans (white),141238.32,NGN,NGN/MT,Interpolated,wholesale,National,,,0.69,False,Gap-filled by interpolation,Interpolated,historical,False,,141238.32,118.57,160.55555555555554,97.0,11.4,12.5,0,1,1,0,0,0,0,1,0,0,1,0,0,0,0,0,0,0,1,0,1.2246467991473532e-16,-1.0,0.3546048870425358,-0.9350162426854148,1191.18,141238.32,141238.32,141238.32,141238.32,141238.32,141238.32,141238.32,141238.32,0.0,141238.32,0.0,141238.32,0.007313798674409305,141238.32,0.0018914255727765009,141238.32,141238.32,141238.32,141238.32,0.0,0.0,0.0,0.0,0.0,0.0,0.0,11.85821103553059,1.0,0,0,0.667,126784.85,333,2008,2
2008-06-09,Beans (white),141238.32,NGN,NGN/MT,Interpolated,wholesale,National,,,0.69,False,Gap-filled by interpolation,Interpolated,historical,False,,141238.32,118.57,160.55555555555554,97.0,11.4,12.5,0,1,1,0,0,0,0,1,0,0,1,0,0,0,0,0,0,0,1,0,1.2246467991473532e-16,-1.0,0.2393156642875576,-0.970941817426052,1191.18,141238.32,141238.32,141238.32,141238.32,141238.32,141238.32,141238.32,141238.32,0.0,141238.32,0.0,141238.32,0.007313798674409305,141238.32,0.0018914255727765009,141238.32,141238.32,141238.32,141238.32,0.0,0.0,0.0,0.0,0.0,0.0,0.0,11.85821103553059,1.0,0,0,0.667,126784.85,334,2008,2
2008-06-16,Beans (white),141238.32,NGN,NGN/MT,Interpolated,wholesale,National,,,0.69,False,Gap-filled by interpolation,Interpolated,historical,False,,141238.32,118.57,160.55555555555554,97.0,11.4,12.5,0,1,1,0,0,0,0,1,0,0,1,0,0,0,0,0,0,0,1,0,1.2246467991473532e-16,-1.0,0.120536680255323,-0.992708874098054,1191.18,141238.32,141238.32,141238.32,141238.32,141238.32,141238.32,141238.32,141238.32,0.0,141238.32,0.0,141238.32,0.007313798674409305,141238.32,0.0018914255727765009,141238.32,141238.32,141238.32,141238.32,0.0,0.0,0.0,0.0,0.0,0.0,0.0,11.85821103553059,1.0,0,0,0.667,126784.85,335,2008,2
2008-06-23,Beans (white),141238.32,NGN,NGN/MT,Interpolated,wholesale,National,,,0.69,False,Gap-filled by interpolation,Interpolated,historical,False,,141238.32,118.57,160.55555555555554,97.0,11.4,12.5,0,1,1,0,0,0,0,1,0,0,1,0,0,0,0,0,0,0,1,0,1.2246467991473532e-16,-1.0,-3.216245299353273e-16,-1.0,1191.18,141238.32,141238.32,141238.32,141238.32,141238.32,141238.32,141238.32,141238.32,0.0,141238.32,0.0,141238.32,0.007313798674409305,141238.32,0.0018914255727765009,141238.32,141238.32,141238.32,141238.32,0.0,0.0,0.0,0.0,0.0,0.0,0.0,11.85821103553059,1.0,0,0,0.667,126784.85,336,2008,2
2008-06-30,Beans (white),141238.32,NGN,NGN/MT,Interpolated,wholesale,National,,,0.69,False,Gap-filled by interpolation,Interpolated,historical,False,,141238.32,118.57,160.55555555555554,97.0,11.4,12.5,0,1,1,0,0,0,0,1,0,0,1,0,0,0,0,0,0,0,1,0,1.2246467991473532e-16,-1.0,-0.1205366802553228,-0.992708874098054,1191.18,141238.32,141238.32,141238.32,141238.32,141238.32,141238.32,141238.32,141238.32,0.0,141238.32,0.0,141238.32,0.007313798674409305,141238.32,0.0018914255727765009,141238.32,141238.32,141238.32,141238.32,0.0,0.0,0.0,0.0,0.0,0.0,0.0,11.85821103553059,1.0,0,0,0.667,126784.85,337,2008,2
2008-07-07,Beans (white),141238.32,NGN,NGN/MT,Interpolated,wholesale,National,,,0.69,False,Gap-filled by interpolation,Interpolated,historical,False,,141238.32,118.57,160.55555555555554,97.0,11.4,12.5,0,1,1,0,0,0,1,1,0,0,1,0,0,0,0,0,0,0,1,0,-0.4999999999999997,-0.8660254037844388,-0.2393156642875574,-0.970941817426052,1191.18,141238.32,141238.32,141238.32,141238.32,141238.32,141238.32,141238.32,141238.32,0.0,141238.32,0.0,141238.32,0.007313798674409305,141238.32,0.0018914255727765009,141238.32,141238.32,141238.32,141238.32,0.0,0.0,0.0,0.0,0.0,0.0,0.0,11.85821103553059,1.0,0,0,0.667,126784.85,338,2008,3
2008-07-14,Beans (white),141238.32,NGN,NGN/MT,Interpolated,wholesale,National,,,0.69,False,Gap-filled by interpolation,Interpolated,historical,False,,141238.32,118.57,160.55555555555554,97.0,11.4,12.5,0,1,1,0,0,0,1,1,0,0,1,0,0,0,0,0,0,0,1,0,-0.4999999999999997,-0.8660254037844388,-0.3546048870425356,-0.9350162426854148,1191.18,141238.32,141238.32,141238.32,141238.32,141238.32,141238.32,141238.32,141238.32,0.0,141238.32,0.0,141238.32,0.007313798674409305,141238.32,0.0018914255727765009,141238.32,141238.32,141238.32,141238.32,0.0,0.0,0.0,0.0,0.0,0.0,0.0,11.85821103553059,1.0,0,0,0.667,126784.85,339,2008,3
2008-07-21,Beans (white),141238.32,NGN,NGN/MT,Interpolated,wholesale,National,,,0.69,False,Gap-filled by interpolation,Interpolated,historical,False,,141238.32,118.57,160.55555555555554,97.0,11.4,12.5,0,1,1,0,0,0,1,1,0,0,1,0,0,0,0,0,0,0,1,0,-0.4999999999999997,-0.8660254037844388,-0.464723172043768,-0.8854560256532101,1191.18,141238.32,141238.32,141238.32,141238.32,141238.32,141238.32,141238.32,141238.32,0.0,141238.32,0.0,141238.32,0.007313798674409305,141238.32,0.0018914255727765009,141238.32,141238.32,141238.32,141238.32,0.0,0.0,0.0,0.0,0.0,0.0,0.0,11.85821103553059,1.0,0,0,0.667,126784.85,340,2008,3
2008-07-28,Beans (white),141238.32,NGN,NGN/MT,Interpolated,wholesale,National,,,0.69,False,Gap-filled by interpolation,Interpolated,historical,False,,141238.32,118.57,160.55555555555554,97.0,11.4,12.5,0,1,1,0,0,0,1,1,0,0,1,0,0,0,0,0,0,0,1,0,-0.4999999999999997,-0.8660254037844388,-0.5680647467311556,-0.8229838658936565,1191.18,141238.32,141238.32,141238.32,141238.32,141238.32,141238.32,141238.32,141238.32,0.0,141238.32,0.0,141238.32,0.007313798674409305,141238.32,0.0018914255727765009,141238.32,141238.32,141238.32,141238.32,0.0,0.0,0.0,0.0,0.0,0.0,0.0,11.85821103553059,1.0,0,0,0.667,126784.85,341,2008,3
2008-08-04,Beans (white),141238.32,NGN,NGN/MT,Interpolated,wholesale,National,,,0.69,False,Gap-filled by interpolation,Interpolated,historical,False,,141238.32,118.57,160.55555555555554,97.0,11.4,12.5,0,1,0,0,1,0,1,1,0,0,1,0,0,0,0,1,0,0,1,0,-0.8660254037844384,-0.5000000000000004,-0.663122658240795,-0.7485107481711013,1191.18,141238.32,141238.32,141238.32,141238.32,141238.32,141238.32,141238.32,141238.32,0.0,141238.32,0.0,141238.32,0.007313798674409305,141238.32,0.0018914255727765009,141238.32,141238.32,141238.32,141238.32,0.0,0.0,0.0,0.0,0.0,0.0,0.0,11.85821103553059,1.0,0,0,0.333,126784.85,342,2008,3
2008-08-11,Beans (white),141238.32,NGN,NGN/MT,Interpolated,wholesale,National,,,0.69,False,Gap-filled by interpolation,Interpolated,historical,False,,141238.32,118.57,160.55555555555554,97.0,11.4,12.5,0,1,0,0,1,0,1,1,0,0,1,0,0,0,0,1,0,0,1,0,-0.8660254037844384,-0.5000000000000004,-0.7485107481711011,-0.6631226582407952,1191.18,141238.32,141238.32,141238.32,141238.32,141238.32,141238.32,141238.32,141238.32,0.0,141238.32,0.0,141238.32,0.007313798674409305,141238.32,0.0018914255727765009,141238.32,141238.32,141238.32,141238.32,0.0,0.0,0.0,0.0,0.0,0.0,0.0,11.85821103553059,1.0,0,0,0.333,126784.85,343,2008,3
2008-08-18,Beans (white),141238.32,NGN,NGN/MT,Interpolated,wholesale,National,,,0.69,False,Gap-filled by interpolation,Interpolated,historical,False,,141238.32,118.57,160.55555555555554,97.0,11.4,12.5,0,1,0,0,1,0,1,1,0,0,1,0,0,0,0,1,0,0,1,0,-0.8660254037844384,-0.5000000000000004,-0.8229838658936564,-0.5680647467311559,1191.18,141238.32,141238.32,141238.32,141238.32,141238.32,141238.32,141238.32,141238.32,0.0,141238.32,0.0,141238.32,0.007313798674409305,141238.32,0.0018914255727765009,141238.32,141238.32,141238.32,141238.32,0.0,0.0,0.0,0.0,0.0,0.0,0.0,11.85821103553059,1.0,0,0,0.333,126784.85,344,2008,3
2008-08-25,Beans (white),141238.32,NGN,NGN/MT,Interpolated,wholesale,National,,,0.69,False,Gap-filled by interpolation,Interpolated,historical,False,,141238.32,118.57,160.55555555555554,97.0,11.4,12.5,0,1,0,0,1,0,1,1,0,0,1,0,0,0,0,1,0,0,1,0,-0.8660254037844384,-0.5000000000000004,-0.8854560256532096,-0.4647231720437691,1191.18,141238.32,141238.32,141238.32,141238.32,141238.32,141238.32,141238.32,141238.32,0.0,141238.32,0.0,141238.32,0.007313798674409305,141238.32,0.0018914255727765009,141238.32,141238.32,141238.32,141238.32,0.0,0.0,0.0,0.0,0.0,0.0,0.0,11.85821103553059,1.0,0,0,0.333,126784.85,345,2008,3
2008-09-01,Beans (white),141238.32,NGN,NGN/MT,Interpolated,wholesale,National,,,0.69,False,Gap-filled by interpolation,Interpolated,historical,False,,141238.32,118.57,160.55555555555554,97.0,11.4,12.5,0,1,0,0,1,1,0,0,0,0,0,0,0,0,0,1,0,1,0,0,-1.0,-1.8369701987210294e-16,-0.9350162426854148,-0.3546048870425359,1191.18,141238.32,141238.32,141238.32,141238.32,141238.32,141238.32,141238.32,141238.32,0.0,141238.32,0.0,141238.32,0.007313798674409305,141238.32,0.0018914255727765009,141238.32,141238.32,141238.32,141238.32,0.0,0.0,0.0,0.0,0.0,0.0,0.0,11.85821103553059,1.0,0,0,0.333,126784.85,346,2008,3
2008-09-08,Beans (white),141238.32,NGN,NGN/MT,Interpolated,wholesale,National,,,0.69,False,Gap-filled by interpolation,Interpolated,historical,False,,141238.32,118.57,160.55555555555554,97.0,11.4,12.5,0,1,0,0,1,1,0,0,0,0,0,0,0,0,0,1,0,1,0,0,-1.0,-1.8369701987210294e-16,-0.970941817426052,-0.2393156642875577,1191.18,141238.32,141238.32,141238.32,141238.32,141238.32,141238.32,141238.32,141238.32,0.0,141238.32,0.0,141238.32,0.007313798674409305,141238.32,0.0018914255727765009,141238.32,141238.32,141238.32,141238.32,0.0,0.0,0.0,0.0,0.0,0.0,0.0,11.85821103553059,1.0,0,0,0.333,126784.85,347,2008,3
2008-09-15,Beans (white),141238.32,NGN,NGN/MT,Interpolated,wholesale,National,,,0.69,False,Gap-filled by interpolation,Interpolated,historical,False,,141238.32,118.57,160.55555555555554,97.0,11.4,12.5,0,1,0,0,1,1,0,0,0,0,0,0,0,0,0,1,0,1,0,0,-1.0,-1.8369701987210294e-16,-0.992708874098054,-0.1205366802553235,1191.18,141238.32,141238.32,141238.32,141238.32,141238.32,141238.32,141238.32,141238.32,0.0,141238.32,0.0,141238.32,0.007313798674409305,141238.32,0.0018914255727765009,141238.32,141238.32,141238.32,141238.32,0.0,0.0,0.0,0.0,0.0,0.0,0.0,11.85821103553059,1.0,0,0,0.333,126784.85,348,2008,3
2008-09-22,Beans (white),141238.32,NGN,NGN/MT,Interpolated,wholesale,National,,,0.69,False,Gap-filled by interpolation,Interpolated,historical,False,,141238.32,118.57,160.55555555555554,97.0,11.4,12.5,0,1,0,0,1,1,0,0,0,0,0,0,0,0,0,1,0,1,0,0,-1.0,-1.8369701987210294e-16,-1.0,-1.8369701987210294e-16,1191.18,141238.32,141238.32,141238.32,141238.32,141238.32,141238.32,141238.32,141238.32,0.0,141238.32,0.0,141238.32,0.007313798674409305,141238.32,0.0018914255727765009,141238.32,141238.32,141238.32,141238.32,0.0,0.0,0.0,0.0,0.0,0.0,0.0,11.85821103553059,1.0,0,0,0.333,126784.85,349,2008,3
2008-09-29,Beans (white),141238.32,NGN,NGN/MT,Interpolated,wholesale,National,,,0.69,False,Gap-filled by interpolation,Interpolated,historical,False,,141238.32,118.57,160.55555555555554,97.0,11.4,12.5,0,1,0,0,1,1,0,0,0,0,0,0,0,0,0,1,0,1,0,0,-1.0,-1.8369701987210294e-16,-0.992708874098054,0.1205366802553232,1191.18,141238.32,141238.32,141238.32,141238.32,141238.32,141238.32,141238.32,141238.32,0.0,141238.32,0.0,141238.32,0.007313798674409305,141238.32,0.0018914255727765009,141238.32,141238.32,141238.32,141238.32,0.0,0.0,0.0,0.0,0.0,0.0,0.0,11.85821103553059,1.0,0,0,0.333,126784.85,350,2008,3
2008-10-06,Beans (white),141238.32,NGN,NGN/MT,Interpolated,wholesale,National,,,0.69,False,Gap-filled by interpolation,Interpolated,historical,False,,141238.32,118.57,160.55555555555554,97.0,11.4,12.5,0,1,0,0,0,1,0,0,0,1,0,1,0,1,1,1,1,0,0,0,-0.8660254037844386,0.5000000000000001,-0.970941817426052,0.2393156642875573,1191.18,141238.32,141238.32,141238.32,141238.32,141238.32,141238.32,141238.32,141238.32,0.0,141238.32,0.0,141238.32,0.007313798674409305,141238.32,0.0018914255727765009,141238.32,141238.32,141238.32,141238.32,0.0,0.0,0.0,0.0,0.0,0.0,0.0,11.85821103553059,1.0,0,0,0.333,126784.85,351,2008,4
2008-10-13,Beans (white),141238.32,NGN,NGN/MT,Interpolated,wholesale,National,,,0.69,False,Gap-filled by interpolation,Interpolated,historical,False,,141238.32,118.57,160.55555555555554,97.0,11.4,12.5,0,1,0,0,0,1,0,0,0,1,0,1,0,1,1,1,1,0,0,0,-0.8660254037844386,0.5000000000000001,-0.9350162426854148,0.3546048870425355,1191.18,141238.32,141238.32,141238.32,141238.32,141238.32,141238.32,141238.32,141238.32,0.0,141238.32,0.0,141238.32,0.007313798674409305,141238.32,0.0018914255727765009,141238.32,141238.32,141238.32,141238.32,0.0,0.0,0.0,0.0,0.0,0.0,0.0,11.85821103553059,1.0,0,0,0.333,126784.85,352,2008,4
2008-10-20,Beans (white),141238.32,NGN,NGN/MT,Interpolated,wholesale,National,,,0.69,False,Gap-filled by interpolation,Interpolated,historical,False,,141238.32,118.57,160.55555555555554,97.0,11.4,12.5,0,1,0,0,0,1,0,0,0,1,0,1,0,1,1,1,1,0,0,0,-0.8660254037844386,0.5000000000000001,-0.8854560256532101,0.464723172043768,1191.18,141238.32,141238.32,141238.32,141238.32,141238.32,141238.32,141238.32,141238.32,0.0,141238.32,0.0,141238.32,0.007313798674409305,141238.32,0.0018914255727765009,141238.32,141238.32,141238.32,141238.32,0.0,0.0,0.0,0.0,0.0,0.0,0.0,11.85821103553059,1.0,0,0,0.333,126784.85,353,2008,4
2008-10-27,Beans (white),141238.32,NGN,NGN/MT,Interpolated,wholesale,National,,,0.69,False,Gap-filled by interpolation,Interpolated,historical,False,,141238.32,118.57,160.55555555555554,97.0,11.4,12.5,0,1,0,0,0,1,0,0,0,1,0,1,0,1,1,1,1,0,0,0,-0.8660254037844386,0.5000000000000001,-0.822983865893657,0.5680647467311548,1191.18,141238.32,141238.32,141238.32,141238.32,141238.32,141238.32,141238.32,141238.32,0.0,141238.32,0.0,141238.32,0.007313798674409305,141238.32,0.0018914255727765009,141238.32,141238.32,141238.32,141238.32,0.0,0.0,0.0,0.0,0.0,0.0,0.0,11.85821103553059,1.0,0,0,0.333,126784.85,354,2008,4
2008-11-03,Beans (white),141238.32,NGN,NGN/MT,Interpolated,wholesale,National,,,0.69,False,Gap-filled by interpolation,Interpolated,historical,False,,141238.32,118.57,160.55555555555554,97.0,11.4,12.5,1,0,0,0,0,1,0,0,0,1,0,1,1,1,1,0,1,0,0,0,-0.5000000000000004,0.8660254037844384,-0.7485107481711011,0.6631226582407952,1191.18,141238.32,141238.32,141238.32,141238.32,141238.32,141238.32,141238.32,141238.32,0.0,141238.32,0.0,141238.32,0.007313798674409305,141238.32,0.0018914255727765009,141238.32,141238.32,141238.32,141238.32,0.0,0.0,0.0,0.0,0.0,0.0,0.0,11.85821103553059,1.0,0,0,0.333,126784.85,355,2008,4
2008-11-10,Beans (white),141238.32,NGN,NGN/MT,Interpolated,wholesale,National,,,0.69,False,Gap-filled by interpolation,Interpolated,historical,False,,141238.32,118.57,160.55555555555554,97.0,11.4,12.5,1,0,0,0,0,1,0,0,0,1,0,1,1,1,1,0,1,0,0,0,-0.5000000000000004,0.8660254037844384,-0.6631226582407955,0.7485107481711007,1191.18,141238.32,141238.32,141238.32,141238.32,141238.32,141238.32,141238.32,141238.32,0.0,141238.32,0.0,141238.32,0.007313798674409305,141238.32,0.0018914255727765009,141238.32,141238.32,141238.32,141238.32,0.0,0.0,0.0,0.0,0.0,0.0,0.0,11.85821103553059,1.0,0,0,0.333,126784.85,356,2008,4
2008-11-17,Beans (white),141238.32,NGN,NGN/MT,Interpolated,wholesale,National,,,0.69,False,Gap-filled by interpolation,Interpolated,historical,False,,141238.32,118.57,160.55555555555554,97.0,11.4,12.5,1,0,0,0,0,1,0,0,0,1,0,1,1,1,1,0,1,0,0,0,-0.5000000000000004,0.8660254037844384,-0.5680647467311559,0.8229838658936564,1191.18,141238.32,141238.32,141238.32,141238.32,141238.32,141238.32,141238.32,141238.32,0.0,141238.32,0.0,141238.32,0.007313798674409305,141238.32,0.0018914255727765009,141238.32,141238.32,141238.32,141238.32,0.0,0.0,0.0,0.0,0.0,0.0,0.0,11.85821103553059,1.0,0,0,0.333,126784.85,357,2008,4
2008-11-24,Beans (white),141238.32,NGN,NGN/MT,Interpolated,wholesale,National,,,0.69,False,Gap-filled by interpolation,Interpolated,historical,False,,141238.32,118.57,160.55555555555554,97.0,11.4,12.5,1,0,0,0,0,1,0,0,0,1,0,1,1,1,1,0,1,0,0,0,-0.5000000000000004,0.8660254037844384,-0.4647231720437684,0.88545602565321,1191.18,141238.32,141238.32,141238.32,141238.32,141238.32,141238.32,141238.32,141238.32,0.0,141238.32,0.0,141238.32,0.007313798674409305,141238.32,0.0018914255727765009,141238.32,141238.32,141238.32,141238.32,0.0,0.0,0.0,0.0,0.0,0.0,0.0,11.85821103553059,1.0,0,0,0.333,126784.85,358,2008,4
2008-12-01,Beans (white),141238.32,NGN,NGN/MT,Interpolated,wholesale,National,,,0.69,False,Gap-filled by interpolation,Interpolated,historical,False,,141238.32,118.57,160.55555555555554,97.0,11.4,12.5,1,0,0,0,0,0,0,0,0,1,0,1,1,1,1,0,0,0,0,1,-2.4492935982947064e-16,1.0,-0.3546048870425359,0.9350162426854148,1191.18,141238.32,141238.32,141238.32,141238.32,141238.32,141238.32,141238.32,141238.32,0.0,141238.32,0.0,141238.32,0.007313798674409305,141238.32,0.0018914255727765009,141238.32,141238.32,141238.32,141238.32,0.0,0.0,0.0,0.0,0.0,0.0,0.0,11.85821103553059,1.0,0,0,0.0,126784.85,359,2008,4
2008-12-08,Beans (white),141238.32,NGN,NGN/MT,Interpolated,wholesale,National,,,0.69,False,Gap-filled by interpolation,Interpolated,historical,False,,141238.32,118.57,160.55555555555554,97.0,11.4,12.5,1,0,0,0,0,0,0,0,0,1,0,1,1,1,1,0,0,0,0,1,-2.4492935982947064e-16,1.0,-0.2393156642875578,0.970941817426052,1191.18,141238.32,141238.32,141238.32,141238.32,141238.32,141238.32,141238.32,141238.32,0.0,141238.32,0.0,141238.32,0.007313798674409305,141238.32,0.0018914255727765009,141238.32,141238.32,141238.32,141238.32,0.0,0.0,0.0,0.0,0.0,0.0,0.0,11.85821103553059,1.0,0,0,0.0,126784.85,360,2008,4
2008-12-15,Beans (white),141238.32,NGN,NGN/MT,Interpolated,wholesale,National,,,0.69,False,Gap-filled by interpolation,Interpolated,historical,False,,141238.32,118.57,160.55555555555554,97.0,11.4,12.5,1,0,0,0,0,0,0,0,0,1,0,1,1,1,1,0,0,0,0,1,-2.4492935982947064e-16,1.0,-0.1205366802553236,0.992708874098054,1191.18,141238.32,141238.32,141238.32,141238.32,141238.32,141238.32,141238.32,141238.32,0.0,141238.32,0.0,141238.32,0.007313798674409305,141238.32,0.0018914255727765009,141238.32,141238.32,141238.32,141238.32,0.0,0.0,0.0,0.0,0.0,0.0,0.0,11.85821103553059,1.0,0,0,0.0,126784.85,361,2008,4
2008-12-22,Beans (white),141238.32,NGN,NGN/MT,Interpolated,wholesale,National,,,0.69,False,Gap-filled by interpolation,Interpolated,historical,False,,141238.32,118.57,160.55555555555554,97.0,11.4,12.5,1,0,0,0,0,0,0,0,0,1,0,1,1,1,1,0,0,0,0,1,-2.4492935982947064e-16,1.0,6.432490598706546e-16,1.0,1191.18,141238.32,141238.32,141238.32,141238.32,141238.32,141238.32,141238.32,141238.32,0.0,141238.32,0.0,141238.32,0.007313798674409305,141238.32,0.0018914255727765009,141238.32,141238.32,141238.32,141238.32,0.0,0.0,0.0,0.0,0.0,0.0,0.0,11.85821103553059,1.0,0,0,0.0,126784.85,362,2008,4
2008-12-29,Beans (white),141238.32,NGN,NGN/MT,Interpolated,wholesale,National,,,0.69,False,Gap-filled by interpolation,Interpolated,historical,False,,141238.32,118.57,160.55555555555554,97.0,11.4,12.5,1,0,0,0,0,0,0,0,0,1,0,1,1,1,1,0,0,0,0,1,-2.4492935982947064e-16,1.0,0.120536680255323,0.992708874098054,1191.18,141238.32,141238.32,141238.32,141238.32,141238.32,141238.32,141238.32,141238.32,0.0,141238.32,0.0,141238.32,0.007313798674409305,141238.32,0.0018914255727765009,141238.32,141238.32,141238.32,141238.32,0.0,0.0,0.0,0.0,0.0,0.0,0.0,11.85821103553059,1.0,0,0,0.0,126784.85,363,2008,4
2009-01-05,Beans (white),141238.32,NGN,NGN/MT,Interpolated,wholesale,National,,,0.69,False,Gap-filled by interpolation,Interpolated,historical,False,,141238.32,148.88,160.55555555555554,97.0,11.4,12.5,1,0,0,0,0,0,0,0,0,1,0,0,1,0,0,0,0,0,0,1,0.4999999999999999,0.8660254037844387,0.2393156642875577,0.970941817426052,948.67,141238.32,141238.32,141238.32,141238.32,141238.32,141238.32,141238.32,141238.32,0.0,141238.32,0.0,141238.32,0.007313798674409305,141238.32,0.0018914255727765009,141238.32,141238.32,141238.32,141238.32,0.0,0.0,0.0,0.0,0.0,0.0,0.0,11.85821103553059,1.0,0,0,0.0,126784.85,364,2009,1
2009-01-12,Beans (white),141238.32,NGN,NGN/MT,Interpolated,wholesale,National,,,0.69,False,Gap-filled by interpolation,Interpolated,historical,False,,141238.32,148.88,160.55555555555554,97.0,11.4,12.5,1,0,0,0,0,0,0,0,0,1,0,0,1,0,0,0,0,0,0,1,0.4999999999999999,0.8660254037844387,0.3546048870425356,0.9350162426854148,948.67,141238.32,141238.32,141238.32,141238.32,141238.32,141238.32,141238.32,141238.32,0.0,141238.32,0.0,141238.32,0.007313798674409305,141238.32,0.0018914255727765009,141238.32,141238.32,141238.32,141238.32,0.0,0.0,0.0,0.0,0.0,0.0,0.0,11.85821103553059,1.0,0,0,0.0,126784.85,365,2009,1
2009-01-19,Beans (white),141238.32,NGN,NGN/MT,Interpolated,wholesale,National,,,0.69,False,Gap-filled by interpolation,Interpolated,historical,False,,141238.32,148.88,160.55555555555554,97.0,11.4,12.5,1,0,0,0,0,0,0,0,0,1,0,0,1,0,0,0,0,0,0,1,0.4999999999999999,0.8660254037844387,0.4647231720437685,0.8854560256532099,948.67,141238.32,141238.32,141238.32,141238.32,141238.32,141238.32,141238.32,141238.32,0.0,141238.32,0.0,141238.32,0.007313798674409305,141238.32,0.0018914255727765009,141238.32,141238.32,141238.32,141238.32,0.0,0.0,0.0,0.0,0.0,0.0,0.0,11.85821103553059,1.0,0,0,0.0,126784.85,366,2009,1
2009-01-26,Beans (white),141238.32,NGN,NGN/MT,Interpolated,wholesale,National,,,0.69,False,Gap-filled by interpolation,Interpolated,historical,False,,141238.32,148.88,160.55555555555554,97.0,11.4,12.5,1,0,0,0,0,0,0,0,0,1,0,0,1,0,0,0,0,0,0,1,0.4999999999999999,0.8660254037844387,0.5680647467311558,0.8229838658936564,948.67,141238.32,141238.32,141238.32,141238.32,141238.32,141238.32,141238.32,141238.32,0.0,141238.32,0.0,141238.32,0.007313798674409305,141238.32,0.0018914255727765009,141238.32,141238.32,141238.32,141238.32,0.0,0.0,0.0,0.0,0.0,0.0,0.0,11.85821103553059,1.0,0,0,0.0,126784.85,367,2009,1
2009-02-02,Beans (white),141238.32,NGN,NGN/MT,Interpolated,wholesale,National,,,0.69,False,Gap-filled by interpolation,Interpolated,historical,False,,141238.32,148.88,160.55555555555554,97.0,11.4,12.5,1,0,0,0,0,0,0,0,1,1,0,0,1,0,0,0,0,0,0,0,0.8660254037844386,0.5000000000000001,0.6631226582407952,0.7485107481711011,948.67,141238.32,141238.32,141238.32,141238.32,141238.32,141238.32,141238.32,141238.32,0.0,141238.32,0.0,141238.32,0.007313798674409305,141238.32,0.0018914255727765009,141238.32,141238.32,141238.32,141238.32,0.0,0.0,0.0,0.0,0.0,0.0,0.0,11.85821103553059,1.0,0,0,0.0,126784.85,368,2009,1
2009-02-09,Beans (white),141238.32,NGN,NGN/MT,Interpolated,wholesale,National,,,0.69,False,Gap-filled by interpolation,Interpolated,historical,False,,141238.32,148.88,160.55555555555554,97.0,11.4,12.5,1,0,0,0,0,0,0,0,1,1,0,0,1,0,0,0,0,0,0,0,0.8660254037844386,0.5000000000000001,0.7485107481711011,0.6631226582407953,948.67,141238.32,141238.32,141238.32,141238.32,141238.32,141238.32,141238.32,141238.32,0.0,141238.32,0.0,141238.32,0.007313798674409305,141238.32,0.0018914255727765009,141238.32,141238.32,141238.32,141238.32,0.0,0.0,0.0,0.0,0.0,0.0,0.0,11.85821103553059,1.0,0,0,0.0,126784.85,369,2009,1
2009-02-16,Beans (white),141238.32,NGN,NGN/MT,Interpolated,wholesale,National,,,0.69,False,Gap-filled by interpolation,Interpolated,historical,False,,141238.32,148.88,160.55555555555554,97.0,11.4,12.5,1,0,0,0,0,0,0,0,1,1,0,0,1,0,0,0,0,0,0,0,0.8660254037844386,0.5000000000000001,0.8229838658936564,0.5680647467311559,948.67,141238.32,141238.32,141238.32,141238.32,141238.32,141238.32,141238.32,141238.32,0.0,141238.32,0.0,141238.32,0.007313798674409305,141238.32,0.0018914255727765009,141238.32,141238.32,141238.32,141238.32,0.0,0.0,0.0,0.0,0.0,0.0,0.0,11.85821103553059,1.0,0,0,0.0,126784.85,370,2009,1
2009-02-23,Beans (white),141238.32,NGN,NGN/MT,Interpolated,wholesale,National,,,0.69,False,Gap-filled by interpolation,Interpolated,historical,False,,141238.32,148.88,160.55555555555554,97.0,11.4,12.5,1,0,0,0,0,0,0,0,1,1,0,0,1,0,0,0,0,0,0,0,0.8660254037844386,0.5000000000000001,0.8854560256532099,0.4647231720437686,948.67,141238.32,141238.32,141238.32,141238.32,141238.32,141238.32,141238.32,141238.32,0.0,141238.32,0.0,141238.32,0.007313798674409305,141238.32,0.0018914255727765009,141238.32,141238.32,141238.32,141238.32,0.0,0.0,0.0,0.0,0.0,0.0,0.0,11.85821103553059,1.0,0,0,0.0,126784.85,371,2009,1
2009-03-02,Beans (white),141238.32,NGN,NGN/MT,Interpolated,wholesale,National,,,0.69,False,Gap-filled by interpolation,Interpolated,historical,False,,141238.32,148.88,160.55555555555554,97.0,11.4,12.5,1,0,0,1,0,0,0,0,1,1,0,0,0,0,0,0,0,0,0,0,1.0,6.123233995736766e-17,0.9350162426854148,0.3546048870425355,948.67,141238.32,141238.32,141238.32,141238.32,141238.32,141238.32,141238.32,141238.32,0.0,141238.32,0.0,141238.32,0.007313798674409305,141238.32,0.0018914255727765009,141238.32,141238.32,141238.32,141238.32,0.0,0.0,0.0,0.0,0.0,0.0,0.0,11.85821103553059,1.0,0,0,0.0,126784.85,372,2009,1
2009-03-09,Beans (white),141238.32,NGN,NGN/MT,Interpolated,wholesale,National,,,0.69,False,Gap-filled by interpolation,Interpolated,historical,False,,141238.32,148.88,160.55555555555554,97.0,11.4,12.5,1,0,0,1,0,0,0,0,1,1,0,0,0,0,0,0,0,0,0,0,1.0,6.123233995736766e-17,0.970941817426052,0.239315664287558,948.67,141238.32,141238.32,141238.32,141238.32,141238.32,141238.32,141238.32,141238.32,0.0,141238.32,0.0,141238.32,0.007313798674409305,141238.32,0.0018914255727765009,141238.32,141238.32,141238.32,141238.32,0.0,0.0,0.0,0.0,0.0,0.0,0.0,11.85821103553059,1.0,0,0,0.0,126784.85,373,2009,1
2009-03-16,Beans (white),141238.32,NGN,NGN/MT,Interpolated,wholesale,National,,,0.69,False,Gap-filled by interpolation,Interpolated,historical,False,,141238.32,148.88,160.55555555555554,97.0,11.4,12.5,1,0,0,1,0,0,0,0,1,1,0,0,0,0,0,0,0,0,0,0,1.0,6.123233995736766e-17,0.992708874098054,0.120536680255323,948.67,141238.32,141238.32,141238.32,141238.32,141238.32,141238.32,141238.32,141238.32,0.0,141238.32,0.0,141238.32,0.007313798674409305,141238.32,0.0018914255727765009,141238.32,141238.32,141238.32,141238.32,0.0,0.0,0.0,0.0,0.0,0.0,0.0,11.85821103553059,1.0,0,0,0.0,126784.85,374,2009,1
2009-03-23,Beans (white),141238.32,NGN,NGN/MT,Interpolated,wholesale,National,,,0.69,False,Gap-filled by interpolation,Interpolated,historical,False,,141238.32,148.88,160.55555555555554,97.0,11.4,12.5,1,0,0,1,0,0,0,0,1,1,0,0,0,0,0,0,0,0,0,0,1.0,6.123233995736766e-17,1.0,-1.6081226496766364e-16,948.67,141238.32,141238.32,141238.32,141238.32,141238.32,141238.32,141238.32,141238.32,0.0,141238.32,0.0,141238.32,0.007313798674409305,141238.32,0.0018914255727765009,141238.32,141238.32,141238.32,141238.32,0.0,0.0,0.0,0.0,0.0,0.0,0.0,11.85821103553059,1.0,0,0,0.0,126784.85,375,2009,1
2009-03-30,Beans (white),141238.32,NGN,NGN/MT,Interpolated,wholesale,National,,,0.69,False,Gap-filled by interpolation,Interpolated,historical,False,,141238.32,148.88,160.55555555555554,97.0,11.4,12.5,1,0,0,1,0,0,0,0,1,1,0,0,0,0,0,0,0,0,0,0,1.0,6.123233995736766e-17,0.992708874098054,-0.1205366802553228,948.67,141238.32,141238.32,141238.32,141238.32,141238.32,141238.32,141238.32,141238.32,0.0,141238.32,0.0,141238.32,0.007313798674409305,141238.32,0.0018914255727765009,141238.32,141238.32,141238.32,141238.32,0.0,0.0,0.0,0.0,0.0,0.0,0.0,11.85821103553059,1.0,0,0,0.0,126784.85,376,2009,1
2009-04-06,Beans (white),141238.32,NGN,NGN/MT,Interpolated,wholesale,National,,,0.69,False,Gap-filled by interpolation,Interpolated,historical,False,,141238.32,148.88,160.55555555555554,97.0,11.4,12.5,0,1,1,1,0,0,0,0,1,0,0,0,0,0,0,0,0,0,0,0,0.8660254037844387,-0.4999999999999998,0.970941817426052,-0.2393156642875575,948.67,141238.32,141238.32,141238.32,141238.32,141238.32,141238.32,141238.32,141238.32,0.0,141238.32,0.0,141238.32,0.007313798674409305,141238.32,0.0018914255727765009,141238.32,141238.32,141238.32,141238.32,0.0,0.0,0.0,0.0,0.0,0.0,0.0,11.85821103553059,1.0,0,0,0.333,126784.85,377,2009,2
2009-04-13,Beans (white),141238.32,NGN,NGN/MT,Interpolated,wholesale,National,,,0.69,False,Gap-filled by interpolation,Interpolated,historical,False,,141238.32,148.88,160.55555555555554,97.0,11.4,12.5,0,1,1,1,0,0,0,0,1,0,0,0,0,0,0,0,0,0,0,0,0.8660254037844387,-0.4999999999999998,0.9350162426854148,-0.3546048870425354,948.67,141238.32,141238.32,141238.32,141238.32,141238.32,141238.32,141238.32,141238.32,0.0,141238.32,0.0,141238.32,0.007313798674409305,141238.32,0.0018914255727765009,141238.32,141238.32,141238.32,141238.32,0.0,0.0,0.0,0.0,0.0,0.0,0.0,11.85821103553059,1.0,0,0,0.333,126784.85,378,2009,2
2009-04-20,Beans (white),141238.32,NGN,NGN/MT,Interpolated,wholesale,National,,,0.69,False,Gap-filled by interpolation,Interpolated,historical,False,,141238.32,148.88,160.55555555555554,97.0,11.4,12.5,0,1,1,1,0,0,0,0,1,0,0,0,0,0,0,0,0,0,0,0,0.8660254037844387,-0.4999999999999998,0.8854560256532099,-0.4647231720437685,948.67,141238.32,141238.32,141238.32,141238.32,141238.32,141238.32,141238.32,141238.32,0.0,141238.32,0.0,141238.32,0.007313798674409305,141238.32,0.0018914255727765009,141238.32,141238.32,141238.32,141238.32,0.0,0.0,0.0,0.0,0.0,0.0,0.0,11.85821103553059,1.0,0,0,0.333,126784.85,379,2009,2
2009-04-27,Beans (white),141238.32,NGN,NGN/MT,Interpolated,wholesale,National,,,0.69,False,Gap-filled by interpolation,Interpolated,historical,False,,141238.32,148.88,160.55555555555554,97.0,11.4,12.5,0,1,1,1,0,0,0,0,1,0,0,0,0,0,0,0,0,0,0,0,0.8660254037844387,-0.4999999999999998,0.8229838658936565,-0.5680647467311557,948.67,141238.32,141238.32,141238.32,141238.32,141238.32,141238.32,141238.32,141238.32,0.0,141238.32,0.0,141238.32,0.007313798674409305,141238.32,0.0018914255727765009,141238.32,141238.32,141238.32,141238.32,0.0,0.0,0.0,0.0,0.0,0.0,0.0,11.85821103553059,1.0,0,0,0.333,126784.85,380,2009,2
2009-05-04,Beans (white),141238.32,NGN,NGN/MT,Interpolated,wholesale,National,,,0.69,False,Gap-filled by interpolation,Interpolated,historical,False,,141238.32,148.88,160.55555555555554,97.0,11.4,12.5,0,1,1,1,0,0,0,0,1,0,1,0,0,0,0,0,0,0,0,0,0.4999999999999999,-0.8660254037844387,0.7485107481711013,-0.663122658240795,948.67,141238.32,141238.32,141238.32,141238.32,141238.32,141238.32,141238.32,141238.32,0.0,141238.32,0.0,141238.32,0.007313798674409305,141238.32,0.0018914255727765009,141238.32,141238.32,141238.32,141238.32,0.0,0.0,0.0,0.0,0.0,0.0,0.0,11.85821103553059,1.0,0,0,0.333,126784.85,381,2009,2
2009-05-11,Beans (white),141238.32,NGN,NGN/MT,Interpolated,wholesale,National,,,0.69,False,Gap-filled by interpolation,Interpolated,historical,False,,141238.32,148.88,160.55555555555554,97.0,11.4,12.5,0,1,1,1,0,0,0,0,1,0,1,0,0,0,0,0,0,0,0,0,0.4999999999999999,-0.8660254037844387,0.6631226582407952,-0.7485107481711012,948.67,141238.32,141238.32,141238.32,141238.32,141238.32,141238.32,141238.32,141238.32,0.0,141238.32,0.0,141238.32,0.007313798674409305,141238.32,0.0018914255727765009,141238.32,141238.32,141238.32,141238.32,0.0,0.0,0.0,0.0,0.0,0.0,0.0,11.85821103553059,1.0,0,0,0.333,126784.85,382,2009,2
2009-05-18,Beans (white),141238.32,NGN,NGN/MT,Interpolated,wholesale,National,,,0.69,False,Gap-filled by interpolation,Interpolated,historical,False,,141238.32,148.88,160.55555555555554,97.0,11.4,12.5,0,1,1,1,0,0,0,0,1,0,1,0,0,0,0,0,0,0,0,0,0.4999999999999999,-0.8660254037844387,0.5680647467311558,-0.8229838658936564,948.67,141238.32,141238.32,141238.32,141238.32,141238.32,141238.32,141238.32,141238.32,0.0,141238.32,0.0,141238.32,0.007313798674409305,141238.32,0.0018914255727765009,141238.32,141238.32,141238.32,141238.32,0.0,0.0,0.0,0.0,0.0,0.0,0.0,11.85821103553059,1.0,0,0,0.333,126784.85,383,2009,2
2009-05-25,Beans (white),141238.32,NGN,NGN/MT,Interpolated,wholesale,National,,,0.69,False,Gap-filled by interpolation,Interpolated,historical,False,,141238.32,148.88,160.55555555555554,97.0,11.4,12.5,0,1,1,1,0,0,0,0,1,0,1,0,0,0,0,0,0,0,0,0,0.4999999999999999,-0.8660254037844387,0.464723172043769,-0.8854560256532096,948.67,141238.32,141238.32,141238.32,141238.32,141238.32,141238.32,141238.32,141238.32,0.0,141238.32,0.0,141238.32,0.007313798674409305,141238.32,0.0018914255727765009,141238.32,141238.32,141238.32,141238.32,0.0,0.0,0.0,0.0,0.0,0.0,0.0,11.85821103553059,1.0,0,0,0.333,126784.85,384,2009,2
2009-06-01,Beans (white),141238.32,NGN,NGN/MT,Interpolated,wholesale,National,,,0.69,False,Gap-filled by interpolation,Interpolated,historical,False,,141238.32,148.88,160.55555555555554,97.0,11.4,12.5,0,1,1,0,0,0,0,1,0,0,1,0,0,0,0,0,0,0,1,0,1.2246467991473532e-16,-1.0,0.3546048870425358,-0.9350162426854148,948.67,141238.32,141238.32,141238.32,141238.32,141238.32,141238.32,141238.32,141238.32,0.0,141238.32,0.0,141238.32,0.007313798674409305,141238.32,0.0018914255727765009,141238.32,141238.32,141238.32,141238.32,0.0,0.0,0.0,0.0,0.0,0.0,0.0,11.85821103553059,1.0,0,0,0.667,126784.85,385,2009,2
2009-06-08,Beans (white),141238.32,NGN,NGN/MT,Interpolated,wholesale,National,,,0.69,False,Gap-filled by interpolation,Interpolated,historical,False,,141238.32,148.88,160.55555555555554,97.0,11.4,12.5,0,1,1,0,0,0,0,1,0,0,1,0,0,0,0,0,0,0,1,0,1.2246467991473532e-16,-1.0,0.2393156642875576,-0.970941817426052,948.67,141238.32,141238.32,141238.32,141238.32,141238.32,141238.32,141238.32,141238.32,0.0,141238.32,0.0,141238.32,0.007313798674409305,141238.32,0.0018914255727765009,141238.32,141238.32,141238.32,141238.32,0.0,0.0,0.0,0.0,0.0,0.0,0.0,11.85821103553059,1.0,0,0,0.667,126784.85,386,2009,2
2009-06-15,Beans (white),141238.32,NGN,NGN/MT,Interpolated,wholesale,National,,,0.69,False,Gap-filled by interpolation,Interpolated,historical,False,,141238.32,148.88,160.55555555555554,97.0,11.4,12.5,0,1,1,0,0,0,0,1,0,0,1,0,0,0,0,0,0,0,1,0,1.2246467991473532e-16,-1.0,0.120536680255323,-0.992708874098054,948.67,141238.32,141238.32,141238.32,141238.32,141238.32,141238.32,141238.32,141238.32,0.0,141238.32,0.0,141238.32,0.007313798674409305,141238.32,0.0018914255727765009,141238.32,141238.32,141238.32,141238.32,0.0,0.0,0.0,0.0,0.0,0.0,0.0,11.85821103553059,1.0,0,0,0.667,126784.85,387,2009,2
2009-06-22,Beans (white),141238.32,NGN,NGN/MT,Interpolated,wholesale,National,,,0.69,False,Gap-filled by interpolation,Interpolated,historical,False,,141238.32,148.88,160.55555555555554,97.0,11.4,12.5,0,1,1,0,0,0,0,1,0,0,1,0,0,0,0,0,0,0,1,0,1.2246467991473532e-16,-1.0,-3.216245299353273e-16,-1.0,948.67,141238.32,141238.32,141238.32,141238.32,141238.32,141238.32,141238.32,141238.32,0.0,141238.32,0.0,141238.32,0.007313798674409305,141238.32,0.0018914255727765009,141238.32,141238.32,141238.32,141238.32,0.0,0.0,0.0,0.0,0.0,0.0,0.0,11.85821103553059,1.0,0,0,0.667,126784.85,388,2009,2
2009-06-29,Beans (white),141238.32,NGN,NGN/MT,Interpolated,wholesale,National,,,0.69,False,Gap-filled by interpolation,Interpolated,historical,False,,141238.32,148.88,160.55555555555554,97.0,11.4,12.5,0,1,1,0,0,0,0,1,0,0,1,0,0,0,0,0,0,0,1,0,1.2246467991473532e-16,-1.0,-0.1205366802553228,-0.992708874098054,948.67,141238.32,141238.32,141238.32,141238.32,141238.32,141238.32,141238.32,141238.32,0.0,141238.32,0.0,141238.32,0.007313798674409305,141238.32,0.0018914255727765009,141238.32,141238.32,141238.32,141238.32,0.0,0.0,0.0,0.0,0.0,0.0,0.0,11.85821103553059,1.0,0,0,0.667,126784.85,389,2009,2
2009-07-06,Beans (white),141238.32,NGN,NGN/MT,Interpolated,wholesale,National,,,0.69,False,Gap-filled by interpolation,Interpolated,historical,False,,141238.32,148.88,160.55555555555554,97.0,11.4,12.5,0,1,1,0,0,0,1,1,0,0,1,0,0,0,0,0,0,0,1,0,-0.4999999999999997,-0.8660254037844388,-0.2393156642875574,-0.970941817426052,948.67,141238.32,141238.32,141238.32,141238.32,141238.32,141238.32,141238.32,141238.32,0.0,141238.32,0.0,141238.32,0.007313798674409305,141238.32,0.0018914255727765009,141238.32,141238.32,141238.32,141238.32,0.0,0.0,0.0,0.0,0.0,0.0,0.0,11.85821103553059,1.0,0,0,0.667,126784.85,390,2009,3
2009-07-13,Beans (white),141238.32,NGN,NGN/MT,Interpolated,wholesale,National,,,0.69,False,Gap-filled by interpolation,Interpolated,historical,False,,141238.32,148.88,160.55555555555554,97.0,11.4,12.5,0,1,1,0,0,0,1,1,0,0,1,0,0,0,0,0,0,0,1,0,-0.4999999999999997,-0.8660254037844388,-0.3546048870425356,-0.9350162426854148,948.67,141238.32,141238.32,141238.32,141238.32,141238.32,141238.32,141238.32,141238.32,0.0,141238.32,0.0,141238.32,0.007313798674409305,141238.32,0.0018914255727765009,141238.32,141238.32,141238.32,141238.32,0.0,0.0,0.0,0.0,0.0,0.0,0.0,11.85821103553059,1.0,0,0,0.667,126784.85,391,2009,3
2009-07-20,Beans (white),141238.32,NGN,NGN/MT,Interpolated,wholesale,National,,,0.69,False,Gap-filled by interpolation,Interpolated,historical,False,,141238.32,148.88,160.55555555555554,97.0,11.4,12.5,0,1,1,0,0,0,1,1,0,0,1,0,0,0,0,0,0,0,1,0,-0.4999999999999997,-0.8660254037844388,-0.464723172043768,-0.8854560256532101,948.67,141238.32,141238.32,141238.32,141238.32,141238.32,141238.32,141238.32,141238.32,0.0,141238.32,0.0,141238.32,0.007313798674409305,141238.32,0.0018914255727765009,141238.32,141238.32,141238.32,141238.32,0.0,0.0,0.0,0.0,0.0,0.0,0.0,11.85821103553059,1.0,0,0,0.667,126784.85,392,2009,3
2009-07-27,Beans (white),141238.32,NGN,NGN/MT,Interpolated,wholesale,National,,,0.69,False,Gap-filled by interpolation,Interpolated,historical,False,,141238.32,148.88,160.55555555555554,97.0,11.4,12.5,0,1,1,0,0,0,1,1,0,0,1,0,0,0,0,0,0,0,1,0,-0.4999999999999997,-0.8660254037844388,-0.5680647467311556,-0.8229838658936565,948.67,141238.32,141238.32,141238.32,141238.32,141238.32,141238.32,141238.32,141238.32,0.0,141238.32,0.0,141238.32,0.007313798674409305,141238.32,0.0018914255727765009,141238.32,141238.32,141238.32,141238.32,0.0,0.0,0.0,0.0,0.0,0.0,0.0,11.85821103553059,1.0,0,0,0.667,126784.85,393,2009,3
2009-08-03,Beans (white),141238.32,NGN,NGN/MT,Interpolated,wholesale,National,,,0.69,False,Gap-filled by interpolation,Interpolated,historical,False,,141238.32,148.88,160.55555555555554,97.0,11.4,12.5,0,1,0,0,1,0,1,1,0,0,1,0,0,0,0,1,0,0,1,0,-0.8660254037844384,-0.5000000000000004,-0.663122658240795,-0.7485107481711013,948.67,141238.32,141238.32,141238.32,141238.32,141238.32,141238.32,141238.32,141238.32,0.0,141238.32,0.0,141238.32,0.007313798674409305,141238.32,0.0018914255727765009,141238.32,141238.32,141238.32,141238.32,0.0,0.0,0.0,0.0,0.0,0.0,0.0,11.85821103553059,1.0,0,0,0.333,126784.85,394,2009,3
2009-08-10,Beans (white),141238.32,NGN,NGN/MT,Interpolated,wholesale,National,,,0.69,False,Gap-filled by interpolation,Interpolated,historical,False,,141238.32,148.88,160.55555555555554,97.0,11.4,12.5,0,1,0,0,1,0,1,1,0,0,1,0,0,0,0,1,0,0,1,0,-0.8660254037844384,-0.5000000000000004,-0.7485107481711011,-0.6631226582407952,948.67,141238.32,141238.32,141238.32,141238.32,141238.32,141238.32,141238.32,141238.32,0.0,141238.32,0.0,141238.32,0.007313798674409305,141238.32,0.0018914255727765009,141238.32,141238.32,141238.32,141238.32,0.0,0.0,0.0,0.0,0.0,0.0,0.0,11.85821103553059,1.0,0,0,0.333,126784.85,395,2009,3
2009-08-17,Beans (white),141238.32,NGN,NGN/MT,Interpolated,wholesale,National,,,0.69,False,Gap-filled by interpolation,Interpolated,historical,False,,141238.32,148.88,160.55555555555554,97.0,11.4,12.5,0,1,0,0,1,0,1,1,0,0,1,0,0,0,0,1,0,0,1,0,-0.8660254037844384,-0.5000000000000004,-0.8229838658936564,-0.5680647467311559,948.67,141238.32,141238.32,141238.32,141238.32,141238.32,141238.32,141238.32,141238.32,0.0,141238.32,0.0,141238.32,0.007313798674409305,141238.32,0.0018914255727765009,141238.32,141238.32,141238.32,141238.32,0.0,0.0,0.0,0.0,0.0,0.0,0.0,11.85821103553059,1.0,0,0,0.333,126784.85,396,2009,3
2009-08-24,Beans (white),141238.32,NGN,NGN/MT,Interpolated,wholesale,National,,,0.69,False,Gap-filled by interpolation,Interpolated,historical,False,,141238.32,148.88,160.55555555555554,97.0,11.4,12.5,0,1,0,0,1,0,1,1,0,0,1,0,0,0,0,1,0,1,1,0,-0.8660254037844384,-0.5000000000000004,-0.8854560256532096,-0.4647231720437691,948.67,141238.32,141238.32,141238.32,141238.32,141238.32,141238.32,141238.32,141238.32,0.0,141238.32,0.0,141238.32,0.007313798674409305,141238.32,0.0018914255727765009,141238.32,141238.32,141238.32,141238.32,0.0,0.0,0.0,0.0,0.0,0.0,0.0,11.85821103553059,1.0,0,0,0.333,126784.85,397,2009,3
2009-08-31,Beans (white),141238.32,NGN,NGN/MT,Interpolated,wholesale,National,,,0.69,False,Gap-filled by interpolation,Interpolated,historical,False,,141238.32,148.88,160.55555555555554,97.0,11.4,12.5,0,1,0,0,1,0,1,1,0,0,1,0,0,0,0,1,0,1,1,0,-0.8660254037844384,-0.5000000000000004,-0.9350162426854148,-0.3546048870425359,948.67,141238.32,141238.32,141238.32,141238.32,141238.32,141238.32,141238.32,141238.32,0.0,141238.32,0.0,141238.32,0.007313798674409305,141238.32,0.0018914255727765009,141238.32,141238.32,141238.32,141238.32,0.0,0.0,0.0,0.0,0.0,0.0,0.0,11.85821103553059,1.0,0,0,0.333,126784.85,398,2009,3
2009-09-07,Beans (white),141238.32,NGN,NGN/MT,Interpolated,wholesale,National,,,0.69,False,Gap-filled by interpolation,Interpolated,historical,False,,141238.32,148.88,160.55555555555554,97.0,11.4,12.5,0,1,0,0,1,1,0,0,0,0,0,0,0,0,0,1,0,1,0,0,-1.0,-1.8369701987210294e-16,-0.970941817426052,-0.2393156642875577,948.67,141238.32,141238.32,141238.32,141238.32,141238.32,141238.32,141238.32,141238.32,0.0,141238.32,0.0,141238.32,0.007313798674409305,141238.32,0.0018914255727765009,141238.32,141238.32,141238.32,141238.32,0.0,0.0,0.0,0.0,0.0,0.0,0.0,11.85821103553059,1.0,0,0,0.333,126784.85,399,2009,3
2009-09-14,Beans (white),141238.32,NGN,NGN/MT,Interpolated,wholesale,National,,,0.69,False,Gap-filled by interpolation,Interpolated,historical,False,,141238.32,148.88,160.55555555555554,97.0,11.4,12.5,0,1,0,0,1,1,0,0,0,0,0,0,0,0,0,1,0,1,0,0,-1.0,-1.8369701987210294e-16,-0.992708874098054,-0.1205366802553235,948.67,141238.32,141238.32,141238.32,141238.32,141238.32,141238.32,141238.32,141238.32,0.0,141238.32,0.0,141238.32,0.007313798674409305,141238.32,0.0018914255727765009,141238.32,141238.32,141238.32,141238.32,0.0,0.0,0.0,0.0,0.0,0.0,0.0,11.85821103553059,1.0,0,0,0.333,126784.85,400,2009,3
2009-09-21,Beans (white),141238.32,NGN,NGN/MT,Interpolated,wholesale,National,,,0.69,False,Gap-filled by interpolation,Interpolated,historical,False,,141238.32,148.88,160.55555555555554,97.0,11.4,12.5,0,1,0,0,1,1,0,0,0,0,0,0,0,0,0,1,0,0,0,0,-1.0,-1.8369701987210294e-16,-1.0,-1.8369701987210294e-16,948.67,141238.32,141238.32,141238.32,141238.32,141238.32,141238.32,141238.32,141238.32,0.0,141238.32,0.0,141238.32,0.007313798674409305,141238.32,0.0018914255727765009,141238.32,141238.32,141238.32,141238.32,0.0,0.0,0.0,0.0,0.0,0.0,0.0,11.85821103553059,1.0,0,0,0.333,126784.85,401,2009,3
2009-09-28,Beans (white),141238.32,NGN,NGN/MT,Interpolated,wholesale,National,,,0.69,False,Gap-filled by interpolation,Interpolated,historical,False,,141238.32,148.88,160.55555555555554,97.0,11.4,12.5,0,1,0,0,1,1,0,0,0,0,0,0,0,0,0,1,0,0,0,0,-1.0,-1.8369701987210294e-16,-0.992708874098054,0.1205366802553232,948.67,141238.32,141238.32,141238.32,141238.32,141238.32,141238.32,141238.32,141238.32,0.0,141238.32,0.0,141238.32,0.007313798674409305,141238.32,0.0018914255727765009,141238.32,141238.32,141238.32,141238.32,0.0,0.0,0.0,0.0,0.0,0.0,0.0,11.85821103553059,1.0,0,0,0.333,126784.85,402,2009,3
2009-10-05,Beans (white),141238.32,NGN,NGN/MT,Interpolated,wholesale,National,,,0.69,False,Gap-filled by interpolation,Interpolated,historical,False,,141238.32,148.88,160.55555555555554,97.0,11.4,12.5,0,1,0,0,0,1,0,0,0,1,0,1,0,1,1,1,1,0,0,0,-0.8660254037844386,0.5000000000000001,-0.970941817426052,0.2393156642875573,948.67,141238.32,141238.32,141238.32,141238.32,141238.32,141238.32,141238.32,141238.32,0.0,141238.32,0.0,141238.32,0.007313798674409305,141238.32,0.0018914255727765009,141238.32,141238.32,141238.32,141238.32,0.0,0.0,0.0,0.0,0.0,0.0,0.0,11.85821103553059,1.0,0,0,0.333,126784.85,403,2009,4
2009-10-12,Beans (white),141238.32,NGN,NGN/MT,Interpolated,wholesale,National,,,0.69,False,Gap-filled by interpolation,Interpolated,historical,False,,141238.32,148.88,160.55555555555554,97.0,11.4,12.5,0,1,0,0,0,1,0,0,0,1,0,1,0,1,1,1,1,0,0,0,-0.8660254037844386,0.5000000000000001,-0.9350162426854148,0.3546048870425355,948.67,141238.32,141238.32,141238.32,141238.32,141238.32,141238.32,141238.32,141238.32,0.0,141238.32,0.0,141238.32,0.007313798674409305,141238.32,0.0018914255727765009,141238.32,141238.32,141238.32,141238.32,0.0,0.0,0.0,0.0,0.0,0.0,0.0,11.85821103553059,1.0,0,0,0.333,126784.85,404,2009,4
2009-10-19,Beans (white),141238.32,NGN,NGN/MT,Interpolated,wholesale,National,,,0.69,False,Gap-filled by interpolation,Interpolated,historical,False,,141238.32,148.88,160.55555555555554,97.0,11.4,12.5,0,1,0,0,0,1,0,0,0,1,0,1,0,1,1,1,1,0,0,0,-0.8660254037844386,0.5000000000000001,-0.8854560256532101,0.464723172043768,948.67,141238.32,141238.32,141238.32,141238.32,141238.32,141238.32,141238.32,141238.32,0.0,141238.32,0.0,141238.32,0.007313798674409305,141238.32,0.0018914255727765009,141238.32,141238.32,141238.32,141238.32,0.0,0.0,0.0,0.0,0.0,0.0,0.0,11.85821103553059,1.0,0,0,0.333,126784.85,405,2009,4
2009-10-26,Beans (white),141238.32,NGN,NGN/MT,Interpolated,wholesale,National,,,0.69,False,Gap-filled by interpolation,Interpolated,historical,False,,141238.32,148.88,160.55555555555554,97.0,11.4,12.5,0,1,0,0,0,1,0,0,0,1,0,1,0,1,1,1,1,0,0,0,-0.8660254037844386,0.5000000000000001,-0.822983865893657,0.5680647467311548,948.67,141238.32,141238.32,141238.32,141238.32,141238.32,141238.32,141238.32,141238.32,0.0,141238.32,0.0,141238.32,0.007313798674409305,141238.32,0.0018914255727765009,141238.32,141238.32,141238.32,141238.32,0.0,0.0,0.0,0.0,0.0,0.0,0.0,11.85821103553059,1.0,0,0,0.333,126784.85,406,2009,4
2009-11-02,Beans (white),141238.32,NGN,NGN/MT,Interpolated,wholesale,National,,,0.69,False,Gap-filled by interpolation,Interpolated,historical,False,,141238.32,148.88,160.55555555555554,97.0,11.4,12.5,1,0,0,0,0,1,0,0,0,1,0,1,1,1,1,0,1,0,0,0,-0.5000000000000004,0.8660254037844384,-0.7485107481711011,0.6631226582407952,948.67,141238.32,141238.32,141238.32,141238.32,141238.32,141238.32,141238.32,141238.32,0.0,141238.32,0.0,141238.32,0.007313798674409305,141238.32,0.0018914255727765009,141238.32,141238.32,141238.32,141238.32,0.0,0.0,0.0,0.0,0.0,0.0,0.0,11.85821103553059,1.0,0,0,0.333,126784.85,407,2009,4
2009-11-09,Beans (white),141238.32,NGN,NGN/MT,Interpolated,wholesale,National,,,0.69,False,Gap-filled by interpolation,Interpolated,historical,False,,141238.32,148.88,160.55555555555554,97.0,11.4,12.5,1,0,0,0,0,1,0,0,0,1,0,1,1,1,1,0,1,0,0,0,-0.5000000000000004,0.8660254037844384,-0.6631226582407955,0.7485107481711007,948.67,141238.32,141238.32,141238.32,141238.32,141238.32,141238.32,141238.32,141238.32,0.0,141238.32,0.0,141238.32,0.007313798674409305,141238.32,0.0018914255727765009,141238.32,141238.32,141238.32,141238.32,0.0,0.0,0.0,0.0,0.0,0.0,0.0,11.85821103553059,1.0,0,0,0.333,126784.85,408,2009,4
2009-11-16,Beans (white),141238.32,NGN,NGN/MT,Interpolated,wholesale,National,,,0.69,False,Gap-filled by interpolation,Interpolated,historical,False,,141238.32,148.88,160.55555555555554,97.0,11.4,12.5,1,0,0,0,0,1,0,0,0,1,0,1,1,1,1,0,1,0,0,0,-0.5000000000000004,0.8660254037844384,-0.5680647467311559,0.8229838658936564,948.67,141238.32,141238.32,141238.32,141238.32,141238.32,141238.32,141238.32,141238.32,0.0,141238.32,0.0,141238.32,0.007313798674409305,141238.32,0.0018914255727765009,141238.32,141238.32,141238.32,141238.32,0.0,0.0,0.0,0.0,0.0,0.0,0.0,11.85821103553059,1.0,0,0,0.333,126784.85,409,2009,4
2009-11-23,Beans (white),141238.32,NGN,NGN/MT,Interpolated,wholesale,National,,,0.69,False,Gap-filled by interpolation,Interpolated,historical,False,,141238.32,148.88,160.55555555555554,97.0,11.4,12.5,1,0,0,0,0,1,0,0,0,1,0,1,1,1,1,0,1,0,0,0,-0.5000000000000004,0.8660254037844384,-0.4647231720437684,0.88545602565321,948.67,141238.32,141238.32,141238.32,141238.32,141238.32,141238.32,141238.32,141238.32,0.0,141238.32,0.0,141238.32,0.007313798674409305,141238.32,0.0018914255727765009,141238.32,141238.32,141238.32,141238.32,0.0,0.0,0.0,0.0,0.0,0.0,0.0,11.85821103553059,1.0,0,0,0.333,126784.85,410,2009,4
2009-11-30,Beans (white),141238.32,NGN,NGN/MT,Interpolated,wholesale,National,,,0.69,False,Gap-filled by interpolation,Interpolated,historical,False,,141238.32,148.88,160.55555555555554,97.0,11.4,12.5,1,0,0,0,0,1,0,0,0,1,0,1,1,1,1,0,1,0,0,0,-0.5000000000000004,0.8660254037844384,-0.3546048870425359,0.9350162426854148,948.67,141238.32,141238.32,141238.32,141238.32,141238.32,141238.32,141238.32,141238.32,0.0,141238.32,0.0,141238.32,0.007313798674409305,141238.32,0.0018914255727765009,141238.32,141238.32,141238.32,141238.32,0.0,0.0,0.0,0.0,0.0,0.0,0.0,11.85821103553059,1.0,0,0,0.333,126784.85,411,2009,4
2009-12-07,Beans (white),141238.32,NGN,NGN/MT,Interpolated,wholesale,National,,,0.69,False,Gap-filled by interpolation,Interpolated,historical,False,,141238.32,148.88,160.55555555555554,97.0,11.4,12.5,1,0,0,0,0,0,0,0,0,1,0,1,1,1,1,0,0,0,0,1,-2.4492935982947064e-16,1.0,-0.2393156642875578,0.970941817426052,948.67,141238.32,141238.32,141238.32,141238.32,141238.32,141238.32,141238.32,141238.32,0.0,141238.32,0.0,141238.32,0.007313798674409305,141238.32,0.0018914255727765009,141238.32,141238.32,141238.32,141238.32,0.0,0.0,0.0,0.0,0.0,0.0,0.0,11.85821103553059,1.0,0,0,0.0,126784.85,412,2009,4
2009-12-14,Beans (white),141238.32,NGN,NGN/MT,Interpolated,wholesale,National,,,0.69,False,Gap-filled by interpolation,Interpolated,historical,False,,141238.32,148.88,160.55555555555554,97.0,11.4,12.5,1,0,0,0,0,0,0,0,0,1,0,1,1,1,1,0,0,0,0,1,-2.4492935982947064e-16,1.0,-0.1205366802553236,0.992708874098054,948.67,141238.32,141238.32,141238.32,141238.32,141238.32,141238.32,141238.32,141238.32,0.0,141238.32,0.0,141238.32,0.007313798674409305,141238.32,0.0018914255727765009,141238.32,141238.32,141238.32,141238.32,0.0,0.0,0.0,0.0,0.0,0.0,0.0,11.85821103553059,1.0,0,0,0.0,126784.85,413,2009,4
2009-12-21,Beans (white),141238.32,NGN,NGN/MT,Interpolated,wholesale,National,,,0.69,False,Gap-filled by interpolation,Interpolated,historical,False,,141238.32,148.88,160.55555555555554,97.0,11.4,12.5,1,0,0,0,0,0,0,0,0,1,0,1,1,1,1,0,0,0,0,1,-2.4492935982947064e-16,1.0,6.432490598706546e-16,1.0,948.67,141238.32,141238.32,141238.32,141238.32,141238.32,141238.32,141238.32,141238.32,0.0,141238.32,0.0,141238.32,0.007313798674409305,141238.32,0.0018914255727765009,141238.32,141238.32,141238.32,141238.32,0.0,0.0,0.0,0.0,0.0,0.0,0.0,11.85821103553059,1.0,0,0,0.0,126784.85,414,2009,4
2009-12-28,Beans (white),141238.32,NGN,NGN/MT,Interpolated,wholesale,National,,,0.69,False,Gap-filled by interpolation,Interpolated,historical,False,,141238.32,148.88,160.55555555555554,97.0,11.4,12.5,1,0,0,0,0,0,0,0,0,1,0,1,1,1,1,0,0,0,0,1,-2.4492935982947064e-16,1.0,0.1205366802553231,0.992708874098054,948.67,141238.32,141238.32,141238.32,141238.32,141238.32,141238.32,141238.32,141238.32,0.0,141238.32,0.0,141238.32,0.007313798674409305,141238.32,0.0018914255727765009,141238.32,141238.32,141238.32,141238.32,0.0,0.0,0.0,0.0,0.0,0.0,0.0,11.85821103553059,1.0,0,0,0.0,126784.85,415,2009,4
2010-01-04,Beans (white),141238.32,NGN,NGN/MT,Interpolated,wholesale,National,,,0.69,False,Gap-filled by interpolation,Interpolated,historical,False,,141238.32,150.3,160.55555555555554,97.0,11.4,12.5,1,0,0,0,0,0,0,0,0,1,0,0,1,0,0,0,0,0,0,1,0.4999999999999999,0.8660254037844387,0.120536680255323,0.992708874098054,939.71,141238.32,141238.32,141238.32,141238.32,141238.32,141238.32,141238.32,141238.32,0.0,141238.32,0.0,141238.32,0.007313798674409305,141238.32,0.0018914255727765009,141238.32,141238.32,141238.32,141238.32,0.0,0.0,0.0,0.0,0.0,0.0,0.0,11.85821103553059,1.0,0,0,0.0,126784.85,416,2010,1
2010-01-11,Beans (white),141238.32,NGN,NGN/MT,Interpolated,wholesale,National,,,0.69,False,Gap-filled by interpolation,Interpolated,historical,False,,141238.32,150.3,160.55555555555554,97.0,11.4,12.5,1,0,0,0,0,0,0,0,0,1,0,0,1,0,0,0,0,0,0,1,0.4999999999999999,0.8660254037844387,0.2393156642875577,0.970941817426052,939.71,141238.32,141238.32,141238.32,141238.32,141238.32,141238.32,141238.32,141238.32,0.0,141238.32,0.0,141238.32,0.007313798674409305,141238.32,0.0018914255727765009,141238.32,141238.32,141238.32,141238.32,0.0,0.0,0.0,0.0,0.0,0.0,0.0,11.85821103553059,1.0,0,0,0.0,126784.85,417,2010,1
2010-01-18,Beans (white),141238.32,NGN,NGN/MT,Interpolated,wholesale,National,,,0.69,False,Gap-filled by interpolation,Interpolated,historical,False,,141238.32,150.3,160.55555555555554,97.0,11.4,12.5,1,0,0,0,0,0,0,0,0,1,0,0,1,0,0,0,0,0,0,1,0.4999999999999999,0.8660254037844387,0.3546048870425356,0.9350162426854148,939.71,141238.32,141238.32,141238.32,141238.32,141238.32,141238.32,141238.32,141238.32,0.0,141238.32,0.0,141238.32,0.007313798674409305,141238.32,0.0018914255727765009,141238.32,141238.32,141238.32,141238.32,0.0,0.0,0.0,0.0,0.0,0.0,0.0,11.85821103553059,1.0,0,0,0.0,126784.85,418,2010,1
2010-01-25,Beans (white),141238.32,NGN,NGN/MT,Interpolated,wholesale,National,,,0.69,False,Gap-filled by interpolation,Interpolated,historical,False,,141238.32,150.3,160.55555555555554,97.0,11.4,12.5,1,0,0,0,0,0,0,0,0,1,0,0,1,0,0,0,0,0,0,1,0.4999999999999999,0.8660254037844387,0.4647231720437685,0.8854560256532099,939.71,141238.32,141238.32,141238.32,141238.32,141238.32,141238.32,141238.32,141238.32,0.0,141238.32,0.0,141238.32,0.007313798674409305,141238.32,0.0018914255727765009,141238.32,141238.32,141238.32,141238.32,0.0,0.0,0.0,0.0,0.0,0.0,0.0,11.85821103553059,1.0,0,0,0.0,126784.85,419,2010,1
2010-02-01,Beans (white),141238.32,NGN,NGN/MT,Interpolated,wholesale,National,,,0.69,False,Gap-filled by interpolation,Interpolated,historical,False,,141238.32,150.3,160.55555555555554,97.0,11.4,12.5,1,0,0,0,0,0,0,0,1,1,0,0,1,0,0,0,0,0,0,0,0.8660254037844386,0.5000000000000001,0.5680647467311558,0.8229838658936564,939.71,141238.32,141238.32,141238.32,141238.32,141238.32,141238.32,141238.32,141238.32,0.0,141238.32,0.0,141238.32,0.007313798674409305,141238.32,0.0018914255727765009,141238.32,141238.32,141238.32,141238.32,0.0,0.0,0.0,0.0,0.0,0.0,0.0,11.85821103553059,1.0,0,0,0.0,126784.85,420,2010,1
2010-02-08,Beans (white),141238.32,NGN,NGN/MT,Interpolated,wholesale,National,,,0.69,False,Gap-filled by interpolation,Interpolated,historical,False,,141238.32,150.3,160.55555555555554,97.0,11.4,12.5,1,0,0,0,0,0,0,0,1,1,0,0,1,0,0,0,0,0,0,0,0.8660254037844386,0.5000000000000001,0.6631226582407952,0.7485107481711011,939.71,141238.32,141238.32,141238.32,141238.32,141238.32,141238.32,141238.32,141238.32,0.0,141238.32,0.0,141238.32,0.007313798674409305,141238.32,0.0018914255727765009,141238.32,141238.32,141238.32,141238.32,0.0,0.0,0.0,0.0,0.0,0.0,0.0,11.85821103553059,1.0,0,0,0.0,126784.85,421,2010,1
2010-02-15,Beans (white),141238.32,NGN,NGN/MT,Interpolated,wholesale,National,,,0.69,False,Gap-filled by interpolation,Interpolated,historical,False,,141238.32,150.3,160.55555555555554,97.0,11.4,12.5,1,0,0,0,0,0,0,0,1,1,0,0,1,0,0,0,0,0,0,0,0.8660254037844386,0.5000000000000001,0.7485107481711011,0.6631226582407953,939.71,141238.32,141238.32,141238.32,141238.32,141238.32,141238.32,141238.32,141238.32,0.0,141238.32,0.0,141238.32,0.007313798674409305,141238.32,0.0018914255727765009,141238.32,141238.32,141238.32,141238.32,0.0,0.0,0.0,0.0,0.0,0.0,0.0,11.85821103553059,1.0,0,0,0.0,126784.85,422,2010,1
2010-02-22,Beans (white),141238.32,NGN,NGN/MT,Interpolated,wholesale,National,,,0.69,False,Gap-filled by interpolation,Interpolated,historical,False,,141238.32,150.3,160.55555555555554,97.0,11.4,12.5,1,0,0,0,0,0,0,0,1,1,0,0,1,0,0,0,0,0,0,0,0.8660254037844386,0.5000000000000001,0.8229838658936564,0.5680647467311559,939.71,141238.32,141238.32,141238.32,141238.32,141238.32,141238.32,141238.32,141238.32,0.0,141238.32,0.0,141238.32,0.007313798674409305,141238.32,0.0018914255727765009,141238.32,141238.32,141238.32,141238.32,0.0,0.0,0.0,0.0,0.0,0.0,0.0,11.85821103553059,1.0,0,0,0.0,126784.85,423,2010,1
2010-03-01,Beans (white),141238.32,NGN,NGN/MT,Interpolated,wholesale,National,,,0.69,False,Gap-filled by interpolation,Interpolated,historical,False,,141238.32,150.3,160.55555555555554,97.0,11.4,12.5,1,0,0,1,0,0,0,0,1,1,0,0,0,0,0,0,0,0,0,0,1.0,6.123233995736766e-17,0.8854560256532099,0.4647231720437686,939.71,141238.32,141238.32,141238.32,141238.32,141238.32,141238.32,141238.32,141238.32,0.0,141238.32,0.0,141238.32,0.007313798674409305,141238.32,0.0018914255727765009,141238.32,141238.32,141238.32,141238.32,0.0,0.0,0.0,0.0,0.0,0.0,0.0,11.85821103553059,1.0,0,0,0.0,126784.85,424,2010,1
2010-03-08,Beans (white),141238.32,NGN,NGN/MT,Interpolated,wholesale,National,,,0.69,False,Gap-filled by interpolation,Interpolated,historical,False,,141238.32,150.3,160.55555555555554,97.0,11.4,12.5,1,0,0,1,0,0,0,0,1,1,0,0,0,0,0,0,0,0,0,0,1.0,6.123233995736766e-17,0.9350162426854148,0.3546048870425355,939.71,141238.32,141238.32,141238.32,141238.32,141238.32,141238.32,141238.32,141238.32,0.0,141238.32,0.0,141238.32,0.007313798674409305,141238.32,0.0018914255727765009,141238.32,141238.32,141238.32,141238.32,0.0,0.0,0.0,0.0,0.0,0.0,0.0,11.85821103553059,1.0,0,0,0.0,126784.85,425,2010,1
2010-03-15,Beans (white),141238.32,NGN,NGN/MT,Interpolated,wholesale,National,,,0.69,False,Gap-filled by interpolation,Interpolated,historical,False,,141238.32,150.3,160.55555555555554,97.0,11.4,12.5,1,0,0,1,0,0,0,0,1,1,0,0,0,0,0,0,0,0,0,0,1.0,6.123233995736766e-17,0.970941817426052,0.239315664287558,939.71,141238.32,141238.32,141238.32,141238.32,141238.32,141238.32,141238.32,141238.32,0.0,141238.32,0.0,141238.32,0.007313798674409305,141238.32,0.0018914255727765009,141238.32,141238.32,141238.32,141238.32,0.0,0.0,0.0,0.0,0.0,0.0,0.0,11.85821103553059,1.0,0,0,0.0,126784.85,426,2010,1
2010-03-22,Beans (white),141238.32,NGN,NGN/MT,Interpolated,wholesale,National,,,0.69,False,Gap-filled by interpolation,Interpolated,historical,False,,141238.32,150.3,160.55555555555554,97.0,11.4,12.5,1,0,0,1,0,0,0,0,1,1,0,0,0,0,0,0,0,0,0,0,1.0,6.123233995736766e-17,0.992708874098054,0.120536680255323,939.71,141238.32,141238.32,141238.32,141238.32,141238.32,141238.32,141238.32,141238.32,0.0,141238.32,0.0,141238.32,0.007313798674409305,141238.32,0.0018914255727765009,141238.32,141238.32,141238.32,141238.32,0.0,0.0,0.0,0.0,0.0,0.0,0.0,11.85821103553059,1.0,0,0,0.0,126784.85,427,2010,1
2010-03-29,Beans (white),141238.32,NGN,NGN/MT,Interpolated,wholesale,National,,,0.69,False,Gap-filled by interpolation,Interpolated,historical,False,,141238.32,150.3,160.55555555555554,97.0,11.4,12.5,1,0,0,1,0,0,0,0,1,1,0,0,0,0,0,0,0,0,0,0,1.0,6.123233995736766e-17,1.0,-1.6081226496766364e-16,939.71,141238.32,141238.32,141238.32,141238.32,141238.32,141238.32,141238.32,141238.32,0.0,141238.32,0.0,141238.32,0.007313798674409305,141238.32,0.0018914255727765009,141238.32,141238.32,141238.32,141238.32,0.0,0.0,0.0,0.0,0.0,0.0,0.0,11.85821103553059,1.0,0,0,0.0,126784.85,428,2010,1
2010-04-05,Beans (white),141238.32,NGN,NGN/MT,Interpolated,wholesale,National,,,0.69,False,Gap-filled by interpolation,Interpolated,historical,False,,141238.32,150.3,160.55555555555554,97.0,11.4,12.5,0,1,1,1,0,0,0,0,1,0,0,0,0,0,0,0,0,0,0,0,0.8660254037844387,-0.4999999999999998,0.992708874098054,-0.1205366802553228,939.71,141238.32,141238.32,141238.32,141238.32,141238.32,141238.32,141238.32,141238.32,0.0,141238.32,0.0,141238.32,0.007313798674409305,141238.32,0.0018914255727765009,141238.32,141238.32,141238.32,141238.32,0.0,0.0,0.0,0.0,0.0,0.0,0.0,11.85821103553059,1.0,0,0,0.333,126784.85,429,2010,2
2010-04-12,Beans (white),141238.32,NGN,NGN/MT,Interpolated,wholesale,National,,,0.69,False,Gap-filled by interpolation,Interpolated,historical,False,,141238.32,150.3,160.55555555555554,97.0,11.4,12.5,0,1,1,1,0,0,0,0,1,0,0,0,0,0,0,0,0,0,0,0,0.8660254037844387,-0.4999999999999998,0.970941817426052,-0.2393156642875575,939.71,141238.32,141238.32,141238.32,141238.32,141238.32,141238.32,141238.32,141238.32,0.0,141238.32,0.0,141238.32,0.007313798674409305,141238.32,0.0018914255727765009,141238.32,141238.32,141238.32,141238.32,0.0,0.0,0.0,0.0,0.0,0.0,0.0,11.85821103553059,1.0,0,0,0.333,126784.85,430,2010,2
2010-04-19,Beans (white),141238.32,NGN,NGN/MT,Interpolated,wholesale,National,,,0.69,False,Gap-filled by interpolation,Interpolated,historical,False,,141238.32,150.3,160.55555555555554,97.0,11.4,12.5,0,1,1,1,0,0,0,0,1,0,0,0,0,0,0,0,0,0,0,0,0.8660254037844387,-0.4999999999999998,0.9350162426854148,-0.3546048870425354,939.71,141238.32,141238.32,141238.32,141238.32,141238.32,141238.32,141238.32,141238.32,0.0,141238.32,0.0,141238.32,0.007313798674409305,141238.32,0.0018914255727765009,141238.32,141238.32,141238.32,141238.32,0.0,0.0,0.0,0.0,0.0,0.0,0.0,11.85821103553059,1.0,0,0,0.333,126784.85,431,2010,2
2010-04-26,Beans (white),141238.32,NGN,NGN/MT,Interpolated,wholesale,National,,,0.69,False,Gap-filled by interpolation,Interpolated,historical,False,,141238.32,150.3,160.55555555555554,97.0,11.4,12.5,0,1,1,1,0,0,0,0,1,0,0,0,0,0,0,0,0,0,0,0,0.8660254037844387,-0.4999999999999998,0.8854560256532099,-0.4647231720437685,939.71,141238.32,141238.32,141238.32,141238.32,141238.32,141238.32,141238.32,141238.32,0.0,141238.32,0.0,141238.32,0.007313798674409305,141238.32,0.0018914255727765009,141238.32,141238.32,141238.32,141238.32,0.0,0.0,0.0,0.0,0.0,0.0,0.0,11.85821103553059,1.0,0,0,0.333,126784.85,432,2010,2
2010-05-03,Beans (white),141238.32,NGN,NGN/MT,Interpolated,wholesale,National,,,0.69,False,Gap-filled by interpolation,Interpolated,historical,False,,141238.32,150.3,160.55555555555554,97.0,11.4,12.5,0,1,1,1,0,0,0,0,1,0,1,0,0,0,0,0,0,0,0,0,0.4999999999999999,-0.8660254037844387,0.8229838658936565,-0.5680647467311557,939.71,141238.32,141238.32,141238.32,141238.32,141238.32,141238.32,141238.32,141238.32,0.0,141238.32,0.0,141238.32,0.007313798674409305,141238.32,0.0018914255727765009,141238.32,141238.32,141238.32,141238.32,0.0,0.0,0.0,0.0,0.0,0.0,0.0,11.85821103553059,1.0,0,0,0.333,126784.85,433,2010,2
2010-05-10,Beans (white),141238.32,NGN,NGN/MT,Interpolated,wholesale,National,,,0.69,False,Gap-filled by interpolation,Interpolated,historical,False,,141238.32,150.3,160.55555555555554,97.0,11.4,12.5,0,1,1,1,0,0,0,0,1,0,1,0,0,0,0,0,0,0,0,0,0.4999999999999999,-0.8660254037844387,0.7485107481711013,-0.663122658240795,939.71,141238.32,141238.32,141238.32,141238.32,141238.32,141238.32,141238.32,141238.32,0.0,141238.32,0.0,141238.32,0.007313798674409305,141238.32,0.0018914255727765009,141238.32,141238.32,141238.32,141238.32,0.0,0.0,0.0,0.0,0.0,0.0,0.0,11.85821103553059,1.0,0,0,0.333,126784.85,434,2010,2
2010-05-17,Beans (white),141238.32,NGN,NGN/MT,Interpolated,wholesale,National,,,0.69,False,Gap-filled by interpolation,Interpolated,historical,False,,141238.32,150.3,160.55555555555554,97.0,11.4,12.5,0,1,1,1,0,0,0,0,1,0,1,0,0,0,0,0,0,0,0,0,0.4999999999999999,-0.8660254037844387,0.6631226582407952,-0.7485107481711012,939.71,141238.32,141238.32,141238.32,141238.32,141238.32,141238.32,141238.32,141238.32,0.0,141238.32,0.0,141238.32,0.007313798674409305,141238.32,0.0018914255727765009,141238.32,141238.32,141238.32,141238.32,0.0,0.0,0.0,0.0,0.0,0.0,0.0,11.85821103553059,1.0,0,0,0.333,126784.85,435,2010,2
2010-05-24,Beans (white),141238.32,NGN,NGN/MT,Interpolated,wholesale,National,,,0.69,False,Gap-filled by interpolation,Interpolated,historical,False,,141238.32,150.3,160.55555555555554,97.0,11.4,12.5,0,1,1,1,0,0,0,0,1,0,1,0,0,0,0,0,0,0,0,0,0.4999999999999999,-0.8660254037844387,0.5680647467311558,-0.8229838658936564,939.71,141238.32,141238.32,141238.32,141238.32,141238.32,141238.32,141238.32,141238.32,0.0,141238.32,0.0,141238.32,0.007313798674409305,141238.32,0.0018914255727765009,141238.32,141238.32,141238.32,141238.32,0.0,0.0,0.0,0.0,0.0,0.0,0.0,11.85821103553059,1.0,0,0,0.333,126784.85,436,2010,2
2010-05-31,Beans (white),141238.32,NGN,NGN/MT,Interpolated,wholesale,National,,,0.69,False,Gap-filled by interpolation,Interpolated,historical,False,,141238.32,150.3,160.55555555555554,97.0,11.4,12.5,0,1,1,1,0,0,0,0,1,0,1,0,0,0,0,0,0,0,0,0,0.4999999999999999,-0.8660254037844387,0.464723172043769,-0.8854560256532096,939.71,141238.32,141238.32,141238.32,141238.32,141238.32,141238.32,141238.32,141238.32,0.0,141238.32,0.0,141238.32,0.007313798674409305,141238.32,0.0018914255727765009,141238.32,141238.32,141238.32,141238.32,0.0,0.0,0.0,0.0,0.0,0.0,0.0,11.85821103553059,1.0,0,0,0.333,126784.85,437,2010,2
2010-06-07,Beans (white),141238.32,NGN,NGN/MT,Interpolated,wholesale,National,,,0.69,False,Gap-filled by interpolation,Interpolated,historical,False,,141238.32,150.3,160.55555555555554,97.0,11.4,12.5,0,1,1,0,0,0,0,1,0,0,1,0,0,0,0,0,0,0,1,0,1.2246467991473532e-16,-1.0,0.3546048870425358,-0.9350162426854148,939.71,141238.32,141238.32,141238.32,141238.32,141238.32,141238.32,141238.32,141238.32,0.0,141238.32,0.0,141238.32,0.007313798674409305,141238.32,0.0018914255727765009,141238.32,141238.32,141238.32,141238.32,0.0,0.0,0.0,0.0,0.0,0.0,0.0,11.85821103553059,1.0,0,0,0.667,126784.85,438,2010,2
2010-06-14,Beans (white),141238.32,NGN,NGN/MT,Interpolated,wholesale,National,,,0.69,False,Gap-filled by interpolation,Interpolated,historical,False,,141238.32,150.3,160.55555555555554,97.0,11.4,12.5,0,1,1,0,0,0,0,1,0,0,1,0,0,0,0,0,0,0,1,0,1.2246467991473532e-16,-1.0,0.2393156642875576,-0.970941817426052,939.71,141238.32,141238.32,141238.32,141238.32,141238.32,141238.32,141238.32,141238.32,0.0,141238.32,0.0,141238.32,0.007313798674409305,141238.32,0.0018914255727765009,141238.32,141238.32,141238.32,141238.32,0.0,0.0,0.0,0.0,0.0,0.0,0.0,11.85821103553059,1.0,0,0,0.667,126784.85,439,2010,2
2010-06-21,Beans (white),141238.32,NGN,NGN/MT,Interpolated,wholesale,National,,,0.69,False,Gap-filled by interpolation,Interpolated,historical,False,,141238.32,150.3,160.55555555555554,97.0,11.4,12.5,0,1,1,0,0,0,0,1,0,0,1,0,0,0,0,0,0,0,1,0,1.2246467991473532e-16,-1.0,0.120536680255323,-0.992708874098054,939.71,141238.32,141238.32,141238.32,141238.32,141238.32,141238.32,141238.32,141238.32,0.0,141238.32,0.0,141238.32,0.007313798674409305,141238.32,0.0018914255727765009,141238.32,141238.32,141238.32,141238.32,0.0,0.0,0.0,0.0,0.0,0.0,0.0,11.85821103553059,1.0,0,0,0.667,126784.85,440,2010,2
2010-06-28,Beans (white),141238.32,NGN,NGN/MT,Interpolated,wholesale,National,,,0.69,False,Gap-filled by interpolation,Interpolated,historical,False,,141238.32,150.3,160.55555555555554,97.0,11.4,12.5,0,1,1,0,0,0,0,1,0,0,1,0,0,0,0,0,0,0,1,0,1.2246467991473532e-16,-1.0,-3.216245299353273e-16,-1.0,939.71,141238.32,141238.32,141238.32,141238.32,141238.32,141238.32,141238.32,141238.32,0.0,141238.32,0.0,141238.32,0.007313798674409305,141238.32,0.0018914255727765009,141238.32,141238.32,141238.32,141238.32,0.0,0.0,0.0,0.0,0.0,0.0,0.0,11.85821103553059,1.0,0,0,0.667,126784.85,441,2010,2
2010-07-05,Beans (white),141238.32,NGN,NGN/MT,Interpolated,wholesale,National,,,0.69,False,Gap-filled by interpolation,Interpolated,historical,False,,141238.32,150.3,160.55555555555554,97.0,11.4,12.5,0,1,1,0,0,0,1,1,0,0,1,0,0,0,0,0,0,0,1,0,-0.4999999999999997,-0.8660254037844388,-0.1205366802553228,-0.992708874098054,939.71,141238.32,141238.32,141238.32,141238.32,141238.32,141238.32,141238.32,141238.32,0.0,141238.32,0.0,141238.32,0.007313798674409305,141238.32,0.0018914255727765009,141238.32,141238.32,141238.32,141238.32,0.0,0.0,0.0,0.0,0.0,0.0,0.0,11.85821103553059,1.0,0,0,0.667,126784.85,442,2010,3
2010-07-12,Beans (white),141238.32,NGN,NGN/MT,Interpolated,wholesale,National,,,0.69,False,Gap-filled by interpolation,Interpolated,historical,False,,141238.32,150.3,160.55555555555554,97.0,11.4,12.5,0,1,1,0,0,0,1,1,0,0,1,0,0,0,0,0,0,0,1,0,-0.4999999999999997,-0.8660254037844388,-0.2393156642875574,-0.970941817426052,939.71,141238.32,141238.32,141238.32,141238.32,141238.32,141238.32,141238.32,141238.32,0.0,141238.32,0.0,141238.32,0.007313798674409305,141238.32,0.0018914255727765009,141238.32,141238.32,141238.32,141238.32,0.0,0.0,0.0,0.0,0.0,0.0,0.0,11.85821103553059,1.0,0,0,0.667,126784.85,443,2010,3
2010-07-19,Beans (white),141238.32,NGN,NGN/MT,Interpolated,wholesale,National,,,0.69,False,Gap-filled by interpolation,Interpolated,historical,False,,141238.32,150.3,160.55555555555554,97.0,11.4,12.5,0,1,1,0,0,0,1,1,0,0,1,0,0,0,0,0,0,0,1,0,-0.4999999999999997,-0.8660254037844388,-0.3546048870425356,-0.9350162426854148,939.71,141238.32,141238.32,141238.32,141238.32,141238.32,141238.32,141238.32,141238.32,0.0,141238.32,0.0,141238.32,0.007313798674409305,141238.32,0.0018914255727765009,141238.32,141238.32,141238.32,141238.32,0.0,0.0,0.0,0.0,0.0,0.0,0.0,11.85821103553059,1.0,0,0,0.667,126784.85,444,2010,3
2010-07-26,Beans (white),141238.32,NGN,NGN/MT,Interpolated,wholesale,National,,,0.69,False,Gap-filled by interpolation,Interpolated,historical,False,,141238.32,150.3,160.55555555555554,97.0,11.4,12.5,0,1,1,0,0,0,1,1,0,0,1,0,0,0,0,0,0,0,1,0,-0.4999999999999997,-0.8660254037844388,-0.464723172043768,-0.8854560256532101,939.71,141238.32,141238.32,141238.32,141238.32,141238.32,141238.32,141238.32,141238.32,0.0,141238.32,0.0,141238.32,0.007313798674409305,141238.32,0.0018914255727765009,141238.32,141238.32,141238.32,141238.32,0.0,0.0,0.0,0.0,0.0,0.0,0.0,11.85821103553059,1.0,0,0,0.667,126784.85,445,2010,3
2010-08-02,Beans (white),141238.32,NGN,NGN/MT,Interpolated,wholesale,National,,,0.69,False,Gap-filled by interpolation,Interpolated,historical,False,,141238.32,150.3,160.55555555555554,97.0,11.4,12.5,0,1,0,0,1,0,1,1,0,0,1,0,0,0,0,1,0,0,1,0,-0.8660254037844384,-0.5000000000000004,-0.5680647467311556,-0.8229838658936565,939.71,141238.32,141238.32,141238.32,141238.32,141238.32,141238.32,141238.32,141238.32,0.0,141238.32,0.0,141238.32,0.007313798674409305,141238.32,0.0018914255727765009,141238.32,141238.32,141238.32,141238.32,0.0,0.0,0.0,0.0,0.0,0.0,0.0,11.85821103553059,1.0,0,0,0.333,126784.85,446,2010,3
2010-08-09,Beans (white),141238.32,NGN,NGN/MT,Interpolated,wholesale,National,,,0.69,False,Gap-filled by interpolation,Interpolated,historical,False,,141238.32,150.3,160.55555555555554,97.0,11.4,12.5,0,1,0,0,1,0,1,1,0,0,1,0,0,0,0,1,0,0,1,0,-0.8660254037844384,-0.5000000000000004,-0.663122658240795,-0.7485107481711013,939.71,141238.32,141238.32,141238.32,141238.32,141238.32,141238.32,141238.32,141238.32,0.0,141238.32,0.0,141238.32,0.007313798674409305,141238.32,0.0018914255727765009,141238.32,141238.32,141238.32,141238.32,0.0,0.0,0.0,0.0,0.0,0.0,0.0,11.85821103553059,1.0,0,0,0.333,126784.85,447,2010,3
2010-08-16,Beans (white),141238.32,NGN,NGN/MT,Interpolated,wholesale,National,,,0.69,False,Gap-filled by interpolation,Interpolated,historical,False,,141238.32,150.3,160.55555555555554,97.0,11.4,12.5,0,1,0,0,1,0,1,1,0,0,1,0,0,0,0,1,0,1,1,0,-0.8660254037844384,-0.5000000000000004,-0.7485107481711011,-0.6631226582407952,939.71,141238.32,141238.32,141238.32,141238.32,141238.32,141238.32,141238.32,141238.32,0.0,141238.32,0.0,141238.32,0.007313798674409305,141238.32,0.0018914255727765009,141238.32,141238.32,141238.32,141238.32,0.0,0.0,0.0,0.0,0.0,0.0,0.0,11.85821103553059,1.0,0,0,0.333,126784.85,448,2010,3
2010-08-23,Beans (white),141238.32,NGN,NGN/MT,Interpolated,wholesale,National,,,0.69,False,Gap-filled by interpolation,Interpolated,historical,False,,141238.32,150.3,160.55555555555554,97.0,11.4,12.5,0,1,0,0,1,0,1,1,0,0,1,0,0,0,0,1,0,1,1,0,-0.8660254037844384,-0.5000000000000004,-0.8229838658936564,-0.5680647467311559,939.71,141238.32,141238.32,141238.32,141238.32,141238.32,141238.32,141238.32,141238.32,0.0,141238.32,0.0,141238.32,0.007313798674409305,141238.32,0.0018914255727765009,141238.32,141238.32,141238.32,141238.32,0.0,0.0,0.0,0.0,0.0,0.0,0.0,11.85821103553059,1.0,0,0,0.333,126784.85,449,2010,3
2010-08-30,Beans (white),141238.32,NGN,NGN/MT,Interpolated,wholesale,National,,,0.69,False,Gap-filled by interpolation,Interpolated,historical,False,,141238.32,150.3,160.55555555555554,97.0,11.4,12.5,0,1,0,0,1,0,1,1,0,0,1,0,0,0,0,1,0,1,1,0,-0.8660254037844384,-0.5000000000000004,-0.8854560256532096,-0.4647231720437691,939.71,141238.32,141238.32,141238.32,141238.32,141238.32,141238.32,141238.32,141238.32,0.0,141238.32,0.0,141238.32,0.007313798674409305,141238.32,0.0018914255727765009,141238.32,141238.32,141238.32,141238.32,0.0,0.0,0.0,0.0,0.0,0.0,0.0,11.85821103553059,1.0,0,0,0.333,126784.85,450,2010,3
2010-09-06,Beans (white),141238.32,NGN,NGN/MT,Interpolated,wholesale,National,,,0.69,False,Gap-filled by interpolation,Interpolated,historical,False,,141238.32,150.3,160.55555555555554,97.0,11.4,12.5,0,1,0,0,1,1,0,0,0,0,0,0,0,0,0,1,0,1,0,0,-1.0,-1.8369701987210294e-16,-0.9350162426854148,-0.3546048870425359,939.71,141238.32,141238.32,141238.32,141238.32,141238.32,141238.32,141238.32,141238.32,0.0,141238.32,0.0,141238.32,0.007313798674409305,141238.32,0.0018914255727765009,141238.32,141238.32,141238.32,141238.32,0.0,0.0,0.0,0.0,0.0,0.0,0.0,11.85821103553059,1.0,0,0,0.333,126784.85,451,2010,3
2010-09-13,Beans (white),141238.32,NGN,NGN/MT,Interpolated,wholesale,National,,,0.69,False,Gap-filled by interpolation,Interpolated,historical,False,,141238.32,150.3,160.55555555555554,97.0,11.4,12.5,0,1,0,0,1,1,0,0,0,0,0,0,0,0,0,1,0,0,0,0,-1.0,-1.8369701987210294e-16,-0.970941817426052,-0.2393156642875577,939.71,141238.32,141238.32,141238.32,141238.32,141238.32,141238.32,141238.32,141238.32,0.0,141238.32,0.0,141238.32,0.007313798674409305,141238.32,0.0018914255727765009,141238.32,141238.32,141238.32,141238.32,0.0,0.0,0.0,0.0,0.0,0.0,0.0,11.85821103553059,1.0,0,0,0.333,126784.85,452,2010,3
2010-09-20,Beans (white),141238.32,NGN,NGN/MT,Interpolated,wholesale,National,,,0.69,False,Gap-filled by interpolation,Interpolated,historical,False,,141238.32,150.3,160.55555555555554,97.0,11.4,12.5,0,1,0,0,1,1,0,0,0,0,0,0,0,0,0,1,0,0,0,0,-1.0,-1.8369701987210294e-16,-0.992708874098054,-0.1205366802553235,939.71,141238.32,141238.32,141238.32,141238.32,141238.32,141238.32,141238.32,141238.32,0.0,141238.32,0.0,141238.32,0.007313798674409305,141238.32,0.0018914255727765009,141238.32,141238.32,141238.32,141238.32,0.0,0.0,0.0,0.0,0.0,0.0,0.0,11.85821103553059,1.0,0,0,0.333,126784.85,453,2010,3
2010-09-27,Beans (white),141238.32,NGN,NGN/MT,Interpolated,wholesale,National,,,0.69,False,Gap-filled by interpolation,Interpolated,historical,False,,141238.32,150.3,160.55555555555554,97.0,11.4,12.5,0,1,0,0,1,1,0,0,0,0,0,0,0,0,0,1,0,0,0,0,-1.0,-1.8369701987210294e-16,-1.0,-1.8369701987210294e-16,939.71,141238.32,141238.32,141238.32,141238.32,141238.32,141238.32,141238.32,141238.32,0.0,141238.32,0.0,141238.32,0.007313798674409305,141238.32,0.0018914255727765009,141238.32,141238.32,141238.32,141238.32,0.0,0.0,0.0,0.0,0.0,0.0,0.0,11.85821103553059,1.0,0,0,0.333,126784.85,454,2010,3
2010-10-04,Beans (white),141238.32,NGN,NGN/MT,Interpolated,wholesale,National,,,0.69,False,Gap-filled by interpolation,Interpolated,historical,False,,141238.32,150.3,160.55555555555554,97.0,11.4,12.5,0,1,0,0,0,1,0,0,0,1,0,1,0,1,1,1,1,0,0,0,-0.8660254037844386,0.5000000000000001,-0.992708874098054,0.1205366802553232,939.71,141238.32,141238.32,141238.32,141238.32,141238.32,141238.32,141238.32,141238.32,0.0,141238.32,0.0,141238.32,0.007313798674409305,141238.32,0.0018914255727765009,141238.32,141238.32,141238.32,141238.32,0.0,0.0,0.0,0.0,0.0,0.0,0.0,11.85821103553059,1.0,0,0,0.333,126784.85,455,2010,4
2010-10-11,Beans (white),141238.32,NGN,NGN/MT,Interpolated,wholesale,National,,,0.69,False,Gap-filled by interpolation,Interpolated,historical,False,,141238.32,150.3,160.55555555555554,97.0,11.4,12.5,0,1,0,0,0,1,0,0,0,1,0,1,0,1,1,1,1,0,0,0,-0.8660254037844386,0.5000000000000001,-0.970941817426052,0.2393156642875573,939.71,141238.32,141238.32,141238.32,141238.32,141238.32,141238.32,141238.32,141238.32,0.0,141238.32,0.0,141238.32,0.007313798674409305,141238.32,0.0018914255727765009,141238.32,141238.32,141238.32,141238.32,0.0,0.0,0.0,0.0,0.0,0.0,0.0,11.85821103553059,1.0,0,0,0.333,126784.85,456,2010,4
2010-10-18,Beans (white),141238.32,NGN,NGN/MT,Interpolated,wholesale,National,,,0.69,False,Gap-filled by interpolation,Interpolated,historical,False,,141238.32,150.3,160.55555555555554,97.0,11.4,12.5,0,1,0,0,0,1,0,0,0,1,0,1,0,1,1,1,1,0,0,0,-0.8660254037844386,0.5000000000000001,-0.9350162426854148,0.3546048870425355,939.71,141238.32,141238.32,141238.32,141238.32,141238.32,141238.32,141238.32,141238.32,0.0,141238.32,0.0,141238.32,0.007313798674409305,141238.32,0.0018914255727765009,141238.32,141238.32,141238.32,141238.32,0.0,0.0,0.0,0.0,0.0,0.0,0.0,11.85821103553059,1.0,0,0,0.333,126784.85,457,2010,4
2010-10-25,Beans (white),141238.32,NGN,NGN/MT,Interpolated,wholesale,National,,,0.69,False,Gap-filled by interpolation,Interpolated,historical,False,,141238.32,150.3,160.55555555555554,97.0,11.4,12.5,0,1,0,0,0,1,0,0,0,1,0,1,0,1,1,1,1,0,0,0,-0.8660254037844386,0.5000000000000001,-0.8854560256532101,0.464723172043768,939.71,141238.32,141238.32,141238.32,141238.32,141238.32,141238.32,141238.32,141238.32,0.0,141238.32,0.0,141238.32,0.007313798674409305,141238.32,0.0018914255727765009,141238.32,141238.32,141238.32,141238.32,0.0,0.0,0.0,0.0,0.0,0.0,0.0,11.85821103553059,1.0,0,0,0.333,126784.85,458,2010,4
2010-11-01,Beans (white),141238.32,NGN,NGN/MT,Interpolated,wholesale,National,,,0.69,False,Gap-filled by interpolation,Interpolated,historical,False,,141238.32,150.3,160.55555555555554,97.0,11.4,12.5,1,0,0,0,0,1,0,0,0,1,0,1,1,1,1,0,1,0,0,0,-0.5000000000000004,0.8660254037844384,-0.822983865893657,0.5680647467311548,939.71,141238.32,141238.32,141238.32,141238.32,141238.32,141238.32,141238.32,141238.32,0.0,141238.32,0.0,141238.32,0.007313798674409305,141238.32,0.0018914255727765009,141238.32,141238.32,141238.32,141238.32,0.0,0.0,0.0,0.0,0.0,0.0,0.0,11.85821103553059,1.0,0,0,0.333,126784.85,459,2010,4
2010-11-08,Beans (white),141238.32,NGN,NGN/MT,Interpolated,wholesale,National,,,0.69,False,Gap-filled by interpolation,Interpolated,historical,False,,141238.32,150.3,160.55555555555554,97.0,11.4,12.5,1,0,0,0,0,1,0,0,0,1,0,1,1,1,1,0,1,0,0,0,-0.5000000000000004,0.8660254037844384,-0.7485107481711011,0.6631226582407952,939.71,141238.32,141238.32,141238.32,141238.32,141238.32,141238.32,141238.32,141238.32,0.0,141238.32,0.0,141238.32,0.007313798674409305,141238.32,0.0018914255727765009,141238.32,141238.32,141238.32,141238.32,0.0,0.0,0.0,0.0,0.0,0.0,0.0,11.85821103553059,1.0,0,0,0.333,126784.85,460,2010,4
2010-11-15,Beans (white),141238.32,NGN,NGN/MT,Interpolated,wholesale,National,,,0.69,False,Gap-filled by interpolation,Interpolated,historical,False,,141238.32,150.3,160.55555555555554,97.0,11.4,12.5,1,0,0,0,0,1,0,0,0,1,0,1,1,1,1,0,1,0,0,0,-0.5000000000000004,0.8660254037844384,-0.6631226582407955,0.7485107481711007,939.71,141238.32,141238.32,141238.32,141238.32,141238.32,141238.32,141238.32,141238.32,0.0,141238.32,0.0,141238.32,0.007313798674409305,141238.32,0.0018914255727765009,141238.32,141238.32,141238.32,141238.32,0.0,0.0,0.0,0.0,0.0,0.0,0.0,11.85821103553059,1.0,0,0,0.333,126784.85,461,2010,4
2010-11-22,Beans (white),141238.32,NGN,NGN/MT,Interpolated,wholesale,National,,,0.69,False,Gap-filled by interpolation,Interpolated,historical,False,,141238.32,150.3,160.55555555555554,97.0,11.4,12.5,1,0,0,0,0,1,0,0,0,1,0,1,1,1,1,0,1,0,0,0,-0.5000000000000004,0.8660254037844384,-0.5680647467311559,0.8229838658936564,939.71,141238.32,141238.32,141238.32,141238.32,141238.32,141238.32,141238.32,141238.32,0.0,141238.32,0.0,141238.32,0.007313798674409305,141238.32,0.0018914255727765009,141238.32,141238.32,141238.32,141238.32,0.0,0.0,0.0,0.0,0.0,0.0,0.0,11.85821103553059,1.0,0,0,0.333,126784.85,462,2010,4
2010-11-29,Beans (white),141238.32,NGN,NGN/MT,Interpolated,wholesale,National,,,0.69,False,Gap-filled by interpolation,Interpolated,historical,False,,141238.32,150.3,160.55555555555554,97.0,11.4,12.5,1,0,0,0,0,1,0,0,0,1,0,1,1,1,1,0,1,0,0,0,-0.5000000000000004,0.8660254037844384,-0.4647231720437684,0.88545602565321,939.71,141238.32,141238.32,141238.32,141238.32,141238.32,141238.32,141238.32,141238.32,0.0,141238.32,0.0,141238.32,0.007313798674409305,141238.32,0.0018914255727765009,141238.32,141238.32,141238.32,141238.32,0.0,0.0,0.0,0.0,0.0,0.0,0.0,11.85821103553059,1.0,0,0,0.333,126784.85,463,2010,4
2010-12-06,Beans (white),141238.32,NGN,NGN/MT,Interpolated,wholesale,National,,,0.69,False,Gap-filled by interpolation,Interpolated,historical,False,,141238.32,150.3,160.55555555555554,97.0,11.4,12.5,1,0,0,0,0,0,0,0,0,1,0,1,1,1,1,0,0,0,0,1,-2.4492935982947064e-16,1.0,-0.3546048870425359,0.9350162426854148,939.71,141238.32,141238.32,141238.32,141238.32,141238.32,141238.32,141238.32,141238.32,0.0,141238.32,0.0,141238.32,0.007313798674409305,141238.32,0.0018914255727765009,141238.32,141238.32,141238.32,141238.32,0.0,0.0,0.0,0.0,0.0,0.0,0.0,11.85821103553059,1.0,0,0,0.0,126784.85,464,2010,4
2010-12-13,Beans (white),141238.32,NGN,NGN/MT,Interpolated,wholesale,National,,,0.69,False,Gap-filled by interpolation,Interpolated,historical,False,,141238.32,150.3,160.55555555555554,97.0,11.4,12.5,1,0,0,0,0,0,0,0,0,1,0,1,1,1,1,0,0,0,0,1,-2.4492935982947064e-16,1.0,-0.2393156642875578,0.970941817426052,939.71,141238.32,141238.32,141238.32,141238.32,141238.32,141238.32,141238.32,141238.32,0.0,141238.32,0.0,141238.32,0.007313798674409305,141238.32,0.0018914255727765009,141238.32,141238.32,141238.32,141238.32,0.0,0.0,0.0,0.0,0.0,0.0,0.0,11.85821103553059,1.0,0,0,0.0,126784.85,465,2010,4
2010-12-20,Beans (white),141238.32,NGN,NGN/MT,Interpolated,wholesale,National,,,0.69,False,Gap-filled by interpolation,Interpolated,historical,False,,141238.32,150.3,160.55555555555554,97.0,11.4,12.5,1,0,0,0,0,0,0,0,0,1,0,1,1,1,1,0,0,0,0,1,-2.4492935982947064e-16,1.0,-0.1205366802553236,0.992708874098054,939.71,141238.32,141238.32,141238.32,141238.32,141238.32,141238.32,141238.32,141238.32,0.0,141238.32,0.0,141238.32,0.007313798674409305,141238.32,0.0018914255727765009,141238.32,141238.32,141238.32,141238.32,0.0,0.0,0.0,0.0,0.0,0.0,0.0,11.85821103553059,1.0,0,0,0.0,126784.85,466,2010,4
2010-12-27,Beans (white),141238.32,NGN,NGN/MT,Interpolated,wholesale,National,,,0.69,False,Gap-filled by interpolation,Interpolated,historical,False,,141238.32,150.3,160.55555555555554,97.0,11.4,12.5,1,0,0,0,0,0,0,0,0,1,0,1,1,1,1,0,0,0,0,1,-2.4492935982947064e-16,1.0,6.432490598706546e-16,1.0,939.71,141238.32,141238.32,141238.32,141238.32,141238.32,141238.32,141238.32,141238.32,0.0,141238.32,0.0,141238.32,0.007313798674409305,141238.32,0.0018914255727765009,141238.32,141238.32,141238.32,141238.32,0.0,0.0,0.0,0.0,0.0,0.0,0.0,11.85821103553059,1.0,0,0,0.0,126784.85,467,2010,4
2011-01-03,Beans (white),141238.32,NGN,NGN/MT,Interpolated,wholesale,National,,,0.69,False,Gap-filled by interpolation,Interpolated,historical,False,,141238.32,153.86,160.55555555555554,97.0,11.4,12.5,1,0,0,0,0,0,0,0,0,1,0,0,1,0,0,0,0,0,0,1,0.4999999999999999,0.8660254037844387,0.120536680255323,0.992708874098054,917.97,141238.32,141238.32,141238.32,141238.32,141238.32,141238.32,141238.32,141238.32,0.0,141238.32,0.0,141238.32,0.007313798674409305,141238.32,0.0018914255727765009,141238.32,141238.32,141238.32,141238.32,0.0,0.0,0.0,0.0,0.0,0.0,0.0,11.85821103553059,1.0,0,0,0.0,126784.85,468,2011,1
2011-01-10,Beans (white),141238.32,NGN,NGN/MT,Interpolated,wholesale,National,,,0.69,False,Gap-filled by interpolation,Interpolated,historical,False,,141238.32,153.86,160.55555555555554,97.0,11.4,12.5,1,0,0,0,0,0,0,0,0,1,0,0,1,0,0,0,0,0,0,1,0.4999999999999999,0.8660254037844387,0.2393156642875577,0.970941817426052,917.97,141238.32,141238.32,141238.32,141238.32,141238.32,141238.32,141238.32,141238.32,0.0,141238.32,0.0,141238.32,0.007313798674409305,141238.32,0.0018914255727765009,141238.32,141238.32,141238.32,141238.32,0.0,0.0,0.0,0.0,0.0,0.0,0.0,11.85821103553059,1.0,0,0,0.0,126784.85,469,2011,1
2011-01-17,Beans (white),141238.32,NGN,NGN/MT,Interpolated,wholesale,National,,,0.69,False,Gap-filled by interpolation,Interpolated,historical,False,,141238.32,153.86,160.55555555555554,97.0,11.4,12.5,1,0,0,0,0,0,0,0,0,1,0,0,1,0,0,0,0,0,0,1,0.4999999999999999,0.8660254037844387,0.3546048870425356,0.9350162426854148,917.97,141238.32,141238.32,141238.32,141238.32,141238.32,141238.32,141238.32,141238.32,0.0,141238.32,0.0,141238.32,0.007313798674409305,141238.32,0.0018914255727765009,141238.32,141238.32,141238.32,141238.32,0.0,0.0,0.0,0.0,0.0,0.0,0.0,11.85821103553059,1.0,0,0,0.0,126784.85,470,2011,1
2011-01-24,Beans (white),141238.32,NGN,NGN/MT,Interpolated,wholesale,National,,,0.69,False,Gap-filled by interpolation,Interpolated,historical,False,,141238.32,153.86,160.55555555555554,97.0,11.4,12.5,1,0,0,0,0,0,0,0,0,1,0,0,1,0,0,0,0,0,0,1,0.4999999999999999,0.8660254037844387,0.4647231720437685,0.8854560256532099,917.97,141238.32,141238.32,141238.32,141238.32,141238.32,141238.32,141238.32,141238.32,0.0,141238.32,0.0,141238.32,0.007313798674409305,141238.32,0.0018914255727765009,141238.32,141238.32,141238.32,141238.32,0.0,0.0,0.0,0.0,0.0,0.0,0.0,11.85821103553059,1.0,0,0,0.0,126784.85,471,2011,1
2011-01-31,Beans (white),141238.32,NGN,NGN/MT,Interpolated,wholesale,National,,,0.69,False,Gap-filled by interpolation,Interpolated,historical,False,,141238.32,153.86,160.55555555555554,97.0,11.4,12.5,1,0,0,0,0,0,0,0,0,1,0,0,1,0,0,0,0,0,0,1,0.4999999999999999,0.8660254037844387,0.5680647467311558,0.8229838658936564,917.97,141238.32,141238.32,141238.32,141238.32,141238.32,141238.32,141238.32,141238.32,0.0,141238.32,0.0,141238.32,0.007313798674409305,141238.32,0.0018914255727765009,141238.32,141238.32,141238.32,141238.32,0.0,0.0,0.0,0.0,0.0,0.0,0.0,11.85821103553059,1.0,0,0,0.0,126784.85,472,2011,1
2011-02-07,Beans (white),141238.32,NGN,NGN/MT,Interpolated,wholesale,National,,,0.69,False,Gap-filled by interpolation,Interpolated,historical,False,,141238.32,153.86,160.55555555555554,97.0,11.4,12.5,1,0,0,0,0,0,0,0,1,1,0,0,1,0,0,0,0,0,0,0,0.8660254037844386,0.5000000000000001,0.6631226582407952,0.7485107481711011,917.97,141238.32,141238.32,141238.32,141238.32,141238.32,141238.32,141238.32,141238.32,0.0,141238.32,0.0,141238.32,0.007313798674409305,141238.32,0.0018914255727765009,141238.32,141238.32,141238.32,141238.32,0.0,0.0,0.0,0.0,0.0,0.0,0.0,11.85821103553059,1.0,0,0,0.0,126784.85,473,2011,1
2011-02-14,Beans (white),141238.32,NGN,NGN/MT,Interpolated,wholesale,National,,,0.69,False,Gap-filled by interpolation,Interpolated,historical,False,,141238.32,153.86,160.55555555555554,97.0,11.4,12.5,1,0,0,0,0,0,0,0,1,1,0,0,1,0,0,0,0,0,0,0,0.8660254037844386,0.5000000000000001,0.7485107481711011,0.6631226582407953,917.97,141238.32,141238.32,141238.32,141238.32,141238.32,141238.32,141238.32,141238.32,0.0,141238.32,0.0,141238.32,0.007313798674409305,141238.32,0.0018914255727765009,141238.32,141238.32,141238.32,141238.32,0.0,0.0,0.0,0.0,0.0,0.0,0.0,11.85821103553059,1.0,0,0,0.0,126784.85,474,2011,1
2011-02-21,Beans (white),141238.32,NGN,NGN/MT,Interpolated,wholesale,National,,,0.69,False,Gap-filled by interpolation,Interpolated,historical,False,,141238.32,153.86,160.55555555555554,97.0,11.4,12.5,1,0,0,0,0,0,0,0,1,1,0,0,1,0,0,0,0,0,0,0,0.8660254037844386,0.5000000000000001,0.8229838658936564,0.5680647467311559,917.97,141238.32,141238.32,141238.32,141238.32,141238.32,141238.32,141238.32,141238.32,0.0,141238.32,0.0,141238.32,0.007313798674409305,141238.32,0.0018914255727765009,141238.32,141238.32,141238.32,141238.32,0.0,0.0,0.0,0.0,0.0,0.0,0.0,11.85821103553059,1.0,0,0,0.0,126784.85,475,2011,1
2011-02-28,Beans (white),141238.32,NGN,NGN/MT,Interpolated,wholesale,National,,,0.69,False,Gap-filled by interpolation,Interpolated,historical,False,,141238.32,153.86,160.55555555555554,97.0,11.4,12.5,1,0,0,0,0,0,0,0,1,1,0,0,1,0,0,0,0,0,0,0,0.8660254037844386,0.5000000000000001,0.8854560256532099,0.4647231720437686,917.97,141238.32,141238.32,141238.32,141238.32,141238.32,141238.32,141238.32,141238.32,0.0,141238.32,0.0,141238.32,0.007313798674409305,141238.32,0.0018914255727765009,141238.32,141238.32,141238.32,141238.32,0.0,0.0,0.0,0.0,0.0,0.0,0.0,11.85821103553059,1.0,0,0,0.0,126784.85,476,2011,1
2011-03-07,Beans (white),141238.32,NGN,NGN/MT,Interpolated,wholesale,National,,,0.69,False,Gap-filled by interpolation,Interpolated,historical,False,,141238.32,153.86,160.55555555555554,97.0,11.4,12.5,1,0,0,1,0,0,0,0,1,1,0,0,0,0,0,0,0,0,0,0,1.0,6.123233995736766e-17,0.9350162426854148,0.3546048870425355,917.97,141238.32,141238.32,141238.32,141238.32,141238.32,141238.32,141238.32,141238.32,0.0,141238.32,0.0,141238.32,0.007313798674409305,141238.32,0.0018914255727765009,141238.32,141238.32,141238.32,141238.32,0.0,0.0,0.0,0.0,0.0,0.0,0.0,11.85821103553059,1.0,0,0,0.0,126784.85,477,2011,1
2011-03-14,Beans (white),141238.32,NGN,NGN/MT,Interpolated,wholesale,National,,,0.69,False,Gap-filled by interpolation,Interpolated,historical,False,,141238.32,153.86,160.55555555555554,97.0,11.4,12.5,1,0,0,1,0,0,0,0,1,1,0,0,0,0,0,0,0,0,0,0,1.0,6.123233995736766e-17,0.970941817426052,0.239315664287558,917.97,141238.32,141238.32,141238.32,141238.32,141238.32,141238.32,141238.32,141238.32,0.0,141238.32,0.0,141238.32,0.007313798674409305,141238.32,0.0018914255727765009,141238.32,141238.32,141238.32,141238.32,0.0,0.0,0.0,0.0,0.0,0.0,0.0,11.85821103553059,1.0,0,0,0.0,126784.85,478,2011,1
2011-03-21,Beans (white),141238.32,NGN,NGN/MT,Interpolated,wholesale,National,,,0.69,False,Gap-filled by interpolation,Interpolated,historical,False,,141238.32,153.86,160.55555555555554,97.0,11.4,12.5,1,0,0,1,0,0,0,0,1,1,0,0,0,0,0,0,0,0,0,0,1.0,6.123233995736766e-17,0.992708874098054,0.120536680255323,917.97,141238.32,141238.32,141238.32,141238.32,141238.32,141238.32,141238.32,141238.32,0.0,141238.32,0.0,141238.32,0.007313798674409305,141238.32,0.0018914255727765009,141238.32,141238.32,141238.32,141238.32,0.0,0.0,0.0,0.0,0.0,0.0,0.0,11.85821103553059,1.0,0,0,0.0,126784.85,479,2011,1
2011-03-28,Beans (white),141238.32,NGN,NGN/MT,Interpolated,wholesale,National,,,0.69,False,Gap-filled by interpolation,Interpolated,historical,False,,141238.32,153.86,160.55555555555554,97.0,11.4,12.5,1,0,0,1,0,0,0,0,1,1,0,0,0,0,0,0,0,0,0,0,1.0,6.123233995736766e-17,1.0,-1.6081226496766364e-16,917.97,141238.32,141238.32,141238.32,141238.32,141238.32,141238.32,141238.32,141238.32,0.0,141238.32,0.0,141238.32,0.007313798674409305,141238.32,0.0018914255727765009,141238.32,141238.32,141238.32,141238.32,0.0,0.0,0.0,0.0,0.0,0.0,0.0,11.85821103553059,1.0,0,0,0.0,126784.85,480,2011,1
2011-04-04,Beans (white),141238.32,NGN,NGN/MT,Interpolated,wholesale,National,,,0.69,False,Gap-filled by interpolation,Interpolated,historical,False,,141238.32,153.86,160.55555555555554,97.0,11.4,12.5,0,1,1,1,0,0,0,0,1,0,0,0,0,0,0,0,0,0,0,0,0.8660254037844387,-0.4999999999999998,0.992708874098054,-0.1205366802553228,917.97,141238.32,141238.32,141238.32,141238.32,141238.32,141238.32,141238.32,141238.32,0.0,141238.32,0.0,141238.32,0.007313798674409305,141238.32,0.0018914255727765009,141238.32,141238.32,141238.32,141238.32,0.0,0.0,0.0,0.0,0.0,0.0,0.0,11.85821103553059,1.0,0,0,0.333,126784.85,481,2011,2
2011-04-11,Beans (white),141238.32,NGN,NGN/MT,Interpolated,wholesale,National,,,0.69,False,Gap-filled by interpolation,Interpolated,historical,False,,141238.32,153.86,160.55555555555554,97.0,11.4,12.5,0,1,1,1,0,0,0,0,1,0,0,0,0,0,0,0,0,0,0,0,0.8660254037844387,-0.4999999999999998,0.970941817426052,-0.2393156642875575,917.97,141238.32,141238.32,141238.32,141238.32,141238.32,141238.32,141238.32,141238.32,0.0,141238.32,0.0,141238.32,0.007313798674409305,141238.32,0.0018914255727765009,141238.32,141238.32,141238.32,141238.32,0.0,0.0,0.0,0.0,0.0,0.0,0.0,11.85821103553059,1.0,0,0,0.333,126784.85,482,2011,2
2011-04-18,Beans (white),141238.32,NGN,NGN/MT,Interpolated,wholesale,National,,,0.69,False,Gap-filled by interpolation,Interpolated,historical,False,,141238.32,153.86,160.55555555555554,97.0,11.4,12.5,0,1,1,1,0,0,0,0,1,0,0,0,0,0,0,0,0,0,0,0,0.8660254037844387,-0.4999999999999998,0.9350162426854148,-0.3546048870425354,917.97,141238.32,141238.32,141238.32,141238.32,141238.32,141238.32,141238.32,141238.32,0.0,141238.32,0.0,141238.32,0.007313798674409305,141238.32,0.0018914255727765009,141238.32,141238.32,141238.32,141238.32,0.0,0.0,0.0,0.0,0.0,0.0,0.0,11.85821103553059,1.0,0,0,0.333,126784.85,483,2011,2
2011-04-25,Beans (white),141238.32,NGN,NGN/MT,Interpolated,wholesale,National,,,0.69,False,Gap-filled by interpolation,Interpolated,historical,False,,141238.32,153.86,160.55555555555554,97.0,11.4,12.5,0,1,1,1,0,0,0,0,1,0,0,0,0,0,0,0,0,0,0,0,0.8660254037844387,-0.4999999999999998,0.8854560256532099,-0.4647231720437685,917.97,141238.32,141238.32,141238.32,141238.32,141238.32,141238.32,141238.32,141238.32,0.0,141238.32,0.0,141238.32,0.007313798674409305,141238.32,0.0018914255727765009,141238.32,141238.32,141238.32,141238.32,0.0,0.0,0.0,0.0,0.0,0.0,0.0,11.85821103553059,1.0,0,0,0.333,126784.85,484,2011,2
2011-05-02,Beans (white),141238.32,NGN,NGN/MT,Interpolated,wholesale,National,,,0.69,False,Gap-filled by interpolation,Interpolated,historical,False,,141238.32,153.86,160.55555555555554,97.0,11.4,12.5,0,1,1,1,0,0,0,0,1,0,1,0,0,0,0,0,0,0,0,0,0.4999999999999999,-0.8660254037844387,0.8229838658936565,-0.5680647467311557,917.97,141238.32,141238.32,141238.32,141238.32,141238.32,141238.32,141238.32,141238.32,0.0,141238.32,0.0,141238.32,0.007313798674409305,141238.32,0.0018914255727765009,141238.32,141238.32,141238.32,141238.32,0.0,0.0,0.0,0.0,0.0,0.0,0.0,11.85821103553059,1.0,0,0,0.333,126784.85,485,2011,2
2011-05-09,Beans (white),141238.32,NGN,NGN/MT,Interpolated,wholesale,National,,,0.69,False,Gap-filled by interpolation,Interpolated,historical,False,,141238.32,153.86,160.55555555555554,97.0,11.4,12.5,0,1,1,1,0,0,0,0,1,0,1,0,0,0,0,0,0,0,0,0,0.4999999999999999,-0.8660254037844387,0.7485107481711013,-0.663122658240795,917.97,141238.32,141238.32,141238.32,141238.32,141238.32,141238.32,141238.32,141238.32,0.0,141238.32,0.0,141238.32,0.007313798674409305,141238.32,0.0018914255727765009,141238.32,141238.32,141238.32,141238.32,0.0,0.0,0.0,0.0,0.0,0.0,0.0,11.85821103553059,1.0,0,0,0.333,126784.85,486,2011,2
2011-05-16,Beans (white),141238.32,NGN,NGN/MT,Interpolated,wholesale,National,,,0.69,False,Gap-filled by interpolation,Interpolated,historical,False,,141238.32,153.86,160.55555555555554,97.0,11.4,12.5,0,1,1,1,0,0,0,0,1,0,1,0,0,0,0,0,0,0,0,0,0.4999999999999999,-0.8660254037844387,0.6631226582407952,-0.7485107481711012,917.97,141238.32,141238.32,141238.32,141238.32,141238.32,141238.32,141238.32,141238.32,0.0,141238.32,0.0,141238.32,0.007313798674409305,141238.32,0.0018914255727765009,141238.32,141238.32,141238.32,141238.32,0.0,0.0,0.0,0.0,0.0,0.0,0.0,11.85821103553059,1.0,0,0,0.333,126784.85,487,2011,2
2011-05-23,Beans (white),141238.32,NGN,NGN/MT,Interpolated,wholesale,National,,,0.69,False,Gap-filled by interpolation,Interpolated,historical,False,,141238.32,153.86,160.55555555555554,97.0,11.4,12.5,0,1,1,1,0,0,0,0,1,0,1,0,0,0,0,0,0,0,0,0,0.4999999999999999,-0.8660254037844387,0.5680647467311558,-0.8229838658936564,917.97,141238.32,141238.32,141238.32,141238.32,141238.32,141238.32,141238.32,141238.32,0.0,141238.32,0.0,141238.32,0.007313798674409305,141238.32,0.0018914255727765009,141238.32,141238.32,141238.32,141238.32,0.0,0.0,0.0,0.0,0.0,0.0,0.0,11.85821103553059,1.0,0,0,0.333,126784.85,488,2011,2
2011-05-30,Beans (white),141238.32,NGN,NGN/MT,Interpolated,wholesale,National,,,0.69,False,Gap-filled by interpolation,Interpolated,historical,False,,141238.32,153.86,160.55555555555554,97.0,11.4,12.5,0,1,1,1,0,0,0,0,1,0,1,0,0,0,0,0,0,0,0,0,0.4999999999999999,-0.8660254037844387,0.464723172043769,-0.8854560256532096,917.97,141238.32,141238.32,141238.32,141238.32,141238.32,141238.32,141238.32,141238.32,0.0,141238.32,0.0,141238.32,0.007313798674409305,141238.32,0.0018914255727765009,141238.32,141238.32,141238.32,141238.32,0.0,0.0,0.0,0.0,0.0,0.0,0.0,11.85821103553059,1.0,0,0,0.333,126784.85,489,2011,2
2011-06-06,Beans (white),141238.32,NGN,NGN/MT,Interpolated,wholesale,National,,,0.69,False,Gap-filled by interpolation,Interpolated,historical,False,,141238.32,153.86,160.55555555555554,97.0,11.4,12.5,0,1,1,0,0,0,0,1,0,0,1,0,0,0,0,0,0,0,1,0,1.2246467991473532e-16,-1.0,0.3546048870425358,-0.9350162426854148,917.97,141238.32,141238.32,141238.32,141238.32,141238.32,141238.32,141238.32,141238.32,0.0,141238.32,0.0,141238.32,0.007313798674409305,141238.32,0.0018914255727765009,141238.32,141238.32,141238.32,141238.32,0.0,0.0,0.0,0.0,0.0,0.0,0.0,11.85821103553059,1.0,0,0,0.667,126784.85,490,2011,2
2011-06-13,Beans (white),141238.32,NGN,NGN/MT,Interpolated,wholesale,National,,,0.69,False,Gap-filled by interpolation,Interpolated,historical,False,,141238.32,153.86,160.55555555555554,97.0,11.4,12.5,0,1,1,0,0,0,0,1,0,0,1,0,0,0,0,0,0,0,1,0,1.2246467991473532e-16,-1.0,0.2393156642875576,-0.970941817426052,917.97,141238.32,141238.32,141238.32,141238.32,141238.32,141238.32,141238.32,141238.32,0.0,141238.32,0.0,141238.32,0.007313798674409305,141238.32,0.0018914255727765009,141238.32,141238.32,141238.32,141238.32,0.0,0.0,0.0,0.0,0.0,0.0,0.0,11.85821103553059,1.0,0,0,0.667,126784.85,491,2011,2
2011-06-20,Beans (white),141238.32,NGN,NGN/MT,Interpolated,wholesale,National,,,0.69,False,Gap-filled by interpolation,Interpolated,historical,False,,141238.32,153.86,160.55555555555554,97.0,11.4,12.5,0,1,1,0,0,0,0,1,0,0,1,0,0,0,0,0,0,0,1,0,1.2246467991473532e-16,-1.0,0.120536680255323,-0.992708874098054,917.97,141238.32,141238.32,141238.32,141238.32,141238.32,141238.32,141238.32,141238.32,0.0,141238.32,0.0,141238.32,0.007313798674409305,141238.32,0.0018914255727765009,141238.32,141238.32,141238.32,141238.32,0.0,0.0,0.0,0.0,0.0,0.0,0.0,11.85821103553059,1.0,0,0,0.667,126784.85,492,2011,2
2011-06-27,Beans (white),141238.32,NGN,NGN/MT,Interpolated,wholesale,National,,,0.69,False,Gap-filled by interpolation,Interpolated,historical,False,,141238.32,153.86,160.55555555555554,97.0,11.4,12.5,0,1,1,0,0,0,0,1,0,0,1,0,0,0,0,0,0,0,1,0,1.2246467991473532e-16,-1.0,-3.216245299353273e-16,-1.0,917.97,141238.32,141238.32,141238.32,141238.32,141238.32,141238.32,141238.32,141238.32,0.0,141238.32,0.0,141238.32,0.007313798674409305,141238.32,0.0018914255727765009,141238.32,141238.32,141238.32,141238.32,0.0,0.0,0.0,0.0,0.0,0.0,0.0,11.85821103553059,1.0,0,0,0.667,126784.85,493,2011,2
2011-07-04,Beans (white),141238.32,NGN,NGN/MT,Interpolated,wholesale,National,,,0.69,False,Gap-filled by interpolation,Interpolated,historical,False,,141238.32,153.86,160.55555555555554,97.0,11.4,12.5,0,1,1,0,0,0,1,1,0,0,1,0,0,0,0,0,0,0,1,0,-0.4999999999999997,-0.8660254037844388,-0.1205366802553228,-0.992708874098054,917.97,141238.32,141238.32,141238.32,141238.32,141238.32,141238.32,141238.32,141238.32,0.0,141238.32,0.0,141238.32,0.007313798674409305,141238.32,0.0018914255727765009,141238.32,141238.32,141238.32,141238.32,0.0,0.0,0.0,0.0,0.0,0.0,0.0,11.85821103553059,1.0,0,0,0.667,126784.85,494,2011,3
2011-07-11,Beans (white),141238.32,NGN,NGN/MT,Interpolated,wholesale,National,,,0.69,False,Gap-filled by interpolation,Interpolated,historical,False,,141238.32,153.86,160.55555555555554,97.0,11.4,12.5,0,1,1,0,0,0,1,1,0,0,1,0,0,0,0,0,0,0,1,0,-0.4999999999999997,-0.8660254037844388,-0.2393156642875574,-0.970941817426052,917.97,141238.32,141238.32,141238.32,141238.32,141238.32,141238.32,141238.32,141238.32,0.0,141238.32,0.0,141238.32,0.007313798674409305,141238.32,0.0018914255727765009,141238.32,141238.32,141238.32,141238.32,0.0,0.0,0.0,0.0,0.0,0.0,0.0,11.85821103553059,1.0,0,0,0.667,126784.85,495,2011,3
2011-07-18,Beans (white),141238.32,NGN,NGN/MT,Interpolated,wholesale,National,,,0.69,False,Gap-filled by interpolation,Interpolated,historical,False,,141238.32,153.86,160.55555555555554,97.0,11.4,12.5,0,1,1,0,0,0,1,1,0,0,1,0,0,0,0,0,0,0,1,0,-0.4999999999999997,-0.8660254037844388,-0.3546048870425356,-0.9350162426854148,917.97,141238.32,141238.32,141238.32,141238.32,141238.32,141238.32,141238.32,141238.32,0.0,141238.32,0.0,141238.32,0.007313798674409305,141238.32,0.0018914255727765009,141238.32,141238.32,141238.32,141238.32,0.0,0.0,0.0,0.0,0.0,0.0,0.0,11.85821103553059,1.0,0,0,0.667,126784.85,496,2011,3
2011-07-25,Beans (white),141238.32,NGN,NGN/MT,Interpolated,wholesale,National,,,0.69,False,Gap-filled by interpolation,Interpolated,historical,False,,141238.32,153.86,160.55555555555554,97.0,11.4,12.5,0,1,1,0,0,0,1,1,0,0,1,0,0,0,0,0,0,0,1,0,-0.4999999999999997,-0.8660254037844388,-0.464723172043768,-0.8854560256532101,917.97,141238.32,141238.32,141238.32,141238.32,141238.32,141238.32,141238.32,141238.32,0.0,141238.32,0.0,141238.32,0.007313798674409305,141238.32,0.0018914255727765009,141238.32,141238.32,141238.32,141238.32,0.0,0.0,0.0,0.0,0.0,0.0,0.0,11.85821103553059,1.0,0,0,0.667,126784.85,497,2011,3
2011-08-01,Beans (white),141238.32,NGN,NGN/MT,Interpolated,wholesale,National,,,0.69,False,Gap-filled by interpolation,Interpolated,historical,False,,141238.32,153.86,160.55555555555554,97.0,11.4,12.5,0,1,0,0,1,0,1,1,0,0,1,0,0,0,0,1,0,1,1,0,-0.8660254037844384,-0.5000000000000004,-0.5680647467311556,-0.8229838658936565,917.97,141238.32,141238.32,141238.32,141238.32,141238.32,141238.32,141238.32,141238.32,0.0,141238.32,0.0,141238.32,0.007313798674409305,141238.32,0.0018914255727765009,141238.32,141238.32,141238.32,141238.32,0.0,0.0,0.0,0.0,0.0,0.0,0.0,11.85821103553059,1.0,0,0,0.333,126784.85,498,2011,3
2011-08-08,Beans (white),141238.32,NGN,NGN/MT,Interpolated,wholesale,National,,,0.69,False,Gap-filled by interpolation,Interpolated,historical,False,,141238.32,153.86,160.55555555555554,97.0,11.4,12.5,0,1,0,0,1,0,1,1,0,0,1,0,0,0,0,1,0,1,1,0,-0.8660254037844384,-0.5000000000000004,-0.663122658240795,-0.7485107481711013,917.97,141238.32,141238.32,141238.32,141238.32,141238.32,141238.32,141238.32,141238.32,0.0,141238.32,0.0,141238.32,0.007313798674409305,141238.32,0.0018914255727765009,141238.32,141238.32,141238.32,141238.32,0.0,0.0,0.0,0.0,0.0,0.0,0.0,11.85821103553059,1.0,0,0,0.333,126784.85,499,2011,3
2011-08-15,Beans (white),141238.32,NGN,NGN/MT,Interpolated,wholesale,National,,,0.69,False,Gap-filled by interpolation,Interpolated,historical,False,,141238.32,153.86,160.55555555555554,97.0,11.4,12.5,0,1,0,0,1,0,1,1,0,0,1,0,0,0,0,1,0,1,1,0,-0.8660254037844384,-0.5000000000000004,-0.7485107481711011,-0.6631226582407952,917.97,141238.32,141238.32,141238.32,141238.32,141238.32,141238.32,141238.32,141238.32,0.0,141238.32,0.0,141238.32,0.007313798674409305,141238.32,0.0018914255727765009,141238.32,141238.32,141238.32,141238.32,0.0,0.0,0.0,0.0,0.0,0.0,0.0,11.85821103553059,1.0,0,0,0.333,126784.85,500,2011,3
2011-08-22,Beans (white),141238.32,NGN,NGN/MT,Interpolated,wholesale,National,,,0.69,False,Gap-filled by interpolation,Interpolated,historical,False,,141238.32,153.86,160.55555555555554,97.0,11.4,12.5,0,1,0,0,1,0,1,1,0,0,1,0,0,0,0,1,0,1,1,0,-0.8660254037844384,-0.5000000000000004,-0.8229838658936564,-0.5680647467311559,917.97,141238.32,141238.32,141238.32,141238.32,141238.32,141238.32,141238.32,141238.32,0.0,141238.32,0.0,141238.32,0.007313798674409305,141238.32,0.0018914255727765009,141238.32,141238.32,141238.32,141238.32,0.0,0.0,0.0,0.0,0.0,0.0,0.0,11.85821103553059,1.0,0,0,0.333,126784.85,501,2011,3
2011-08-29,Beans (white),141238.32,NGN,NGN/MT,Interpolated,wholesale,National,,,0.69,False,Gap-filled by interpolation,Interpolated,historical,False,,141238.32,153.86,160.55555555555554,97.0,11.4,12.5,0,1,0,0,1,0,1,1,0,0,1,0,0,0,0,1,0,1,1,0,-0.8660254037844384,-0.5000000000000004,-0.8854560256532096,-0.4647231720437691,917.97,141238.32,141238.32,141238.32,141238.32,141238.32,141238.32,141238.32,141238.32,0.0,141238.32,0.0,141238.32,0.007313798674409305,141238.32,0.0018914255727765009,141238.32,141238.32,141238.32,141238.32,0.0,0.0,0.0,0.0,0.0,0.0,0.0,11.85821103553059,1.0,0,0,0.333,126784.85,502,2011,3
2011-09-05,Beans (white),141238.32,NGN,NGN/MT,Interpolated,wholesale,National,,,0.69,False,Gap-filled by interpolation,Interpolated,historical,False,,141238.32,153.86,160.55555555555554,97.0,11.4,12.5,0,1,0,0,1,1,0,0,0,0,0,0,0,0,0,1,0,0,0,0,-1.0,-1.8369701987210294e-16,-0.9350162426854148,-0.3546048870425359,917.97,141238.32,141238.32,141238.32,141238.32,141238.32,141238.32,141238.32,141238.32,0.0,141238.32,0.0,141238.32,0.007313798674409305,141238.32,0.0018914255727765009,141238.32,141238.32,141238.32,141238.32,0.0,0.0,0.0,0.0,0.0,0.0,0.0,11.85821103553059,1.0,0,0,0.333,126784.85,503,2011,3
2011-09-12,Beans (white),141238.32,NGN,NGN/MT,Interpolated,wholesale,National,,,0.69,False,Gap-filled by interpolation,Interpolated,historical,False,,141238.32,153.86,160.55555555555554,97.0,11.4,12.5,0,1,0,0,1,1,0,0,0,0,0,0,0,0,0,1,0,0,0,0,-1.0,-1.8369701987210294e-16,-0.970941817426052,-0.2393156642875577,917.97,141238.32,141238.32,141238.32,141238.32,141238.32,141238.32,141238.32,141238.32,0.0,141238.32,0.0,141238.32,0.007313798674409305,141238.32,0.0018914255727765009,141238.32,141238.32,141238.32,141238.32,0.0,0.0,0.0,0.0,0.0,0.0,0.0,11.85821103553059,1.0,0,0,0.333,126784.85,504,2011,3
2011-09-19,Beans (white),141238.32,NGN,NGN/MT,Interpolated,wholesale,National,,,0.69,False,Gap-filled by interpolation,Interpolated,historical,False,,141238.32,153.86,160.55555555555554,97.0,11.4,12.5,0,1,0,0,1,1,0,0,0,0,0,0,0,0,0,1,0,0,0,0,-1.0,-1.8369701987210294e-16,-0.992708874098054,-0.1205366802553235,917.97,141238.32,141238.32,141238.32,141238.32,141238.32,141238.32,141238.32,141238.32,0.0,141238.32,0.0,141238.32,0.007313798674409305,141238.32,0.0018914255727765009,141238.32,141238.32,141238.32,141238.32,0.0,0.0,0.0,0.0,0.0,0.0,0.0,11.85821103553059,1.0,0,0,0.333,126784.85,505,2011,3
2011-09-26,Beans (white),141238.32,NGN,NGN/MT,Interpolated,wholesale,National,,,0.69,False,Gap-filled by interpolation,Interpolated,historical,False,,141238.32,153.86,160.55555555555554,97.0,11.4,12.5,0,1,0,0,1,1,0,0,0,0,0,0,0,0,0,1,0,0,0,0,-1.0,-1.8369701987210294e-16,-1.0,-1.8369701987210294e-16,917.97,141238.32,141238.32,141238.32,141238.32,141238.32,141238.32,141238.32,141238.32,0.0,141238.32,0.0,141238.32,0.007313798674409305,141238.32,0.0018914255727765009,141238.32,141238.32,141238.32,141238.32,0.0,0.0,0.0,0.0,0.0,0.0,0.0,11.85821103553059,1.0,0,0,0.333,126784.85,506,2011,3
2011-10-03,Beans (white),141238.32,NGN,NGN/MT,Interpolated,wholesale,National,,,0.69,False,Gap-filled by interpolation,Interpolated,historical,False,,141238.32,153.86,160.55555555555554,97.0,11.4,12.5,0,1,0,0,0,1,0,0,0,1,0,1,0,1,1,1,1,0,0,0,-0.8660254037844386,0.5000000000000001,-0.992708874098054,0.1205366802553232,917.97,141238.32,141238.32,141238.32,141238.32,141238.32,141238.32,141238.32,141238.32,0.0,141238.32,0.0,141238.32,0.007313798674409305,141238.32,0.0018914255727765009,141238.32,141238.32,141238.32,141238.32,0.0,0.0,0.0,0.0,0.0,0.0,0.0,11.85821103553059,1.0,0,0,0.333,126784.85,507,2011,4
2011-10-10,Beans (white),141238.32,NGN,NGN/MT,Interpolated,wholesale,National,,,0.69,False,Gap-filled by interpolation,Interpolated,historical,False,,141238.32,153.86,160.55555555555554,97.0,11.4,12.5,0,1,0,0,0,1,0,0,0,1,0,1,0,1,1,1,1,0,0,0,-0.8660254037844386,0.5000000000000001,-0.970941817426052,0.2393156642875573,917.97,141238.32,141238.32,141238.32,141238.32,141238.32,141238.32,141238.32,141238.32,0.0,141238.32,0.0,141238.32,0.007313798674409305,141238.32,0.0018914255727765009,141238.32,141238.32,141238.32,141238.32,0.0,0.0,0.0,0.0,0.0,0.0,0.0,11.85821103553059,1.0,0,0,0.333,126784.85,508,2011,4
2011-10-17,Beans (white),141238.32,NGN,NGN/MT,Interpolated,wholesale,National,,,0.69,False,Gap-filled by interpolation,Interpolated,historical,False,,141238.32,153.86,160.55555555555554,97.0,11.4,12.5,0,1,0,0,0,1,0,0,0,1,0,1,0,1,1,1,1,0,0,0,-0.8660254037844386,0.5000000000000001,-0.9350162426854148,0.3546048870425355,917.97,141238.32,141238.32,141238.32,141238.32,141238.32,141238.32,141238.32,141238.32,0.0,141238.32,0.0,141238.32,0.007313798674409305,141238.32,0.0018914255727765009,141238.32,141238.32,141238.32,141238.32,0.0,0.0,0.0,0.0,0.0,0.0,0.0,11.85821103553059,1.0,0,0,0.333,126784.85,509,2011,4
2011-10-24,Beans (white),141238.32,NGN,NGN/MT,Interpolated,wholesale,National,,,0.69,False,Gap-filled by interpolation,Interpolated,historical,False,,141238.32,153.86,160.55555555555554,97.0,11.4,12.5,0,1,0,0,0,1,0,0,0,1,0,1,0,1,1,1,1,0,0,0,-0.8660254037844386,0.5000000000000001,-0.8854560256532101,0.464723172043768,917.97,141238.32,141238.32,141238.32,141238.32,141238.32,141238.32,141238.32,141238.32,0.0,141238.32,0.0,141238.32,0.007313798674409305,141238.32,0.0018914255727765009,141238.32,141238.32,141238.32,141238.32,0.0,0.0,0.0,0.0,0.0,0.0,0.0,11.85821103553059,1.0,0,0,0.333,126784.85,510,2011,4
2011-10-31,Beans (white),141238.32,NGN,NGN/MT,Interpolated,wholesale,National,,,0.69,False,Gap-filled by interpolation,Interpolated,historical,False,,141238.32,153.86,160.55555555555554,97.0,11.4,12.5,0,1,0,0,0,1,0,0,0,1,0,1,0,1,1,1,1,0,0,0,-0.8660254037844386,0.5000000000000001,-0.822983865893657,0.5680647467311548,917.97,141238.32,141238.32,141238.32,141238.32,141238.32,141238.32,141238.32,141238.32,0.0,141238.32,0.0,141238.32,0.007313798674409305,141238.32,0.0018914255727765009,141238.32,141238.32,141238.32,141238.32,0.0,0.0,0.0,0.0,0.0,0.0,0.0,11.85821103553059,1.0,0,0,0.333,126784.85,511,2011,4
2011-11-07,Beans (white),141238.32,NGN,NGN/MT,Interpolated,wholesale,National,,,0.69,False,Gap-filled by interpolation,Interpolated,historical,False,,141238.32,153.86,160.55555555555554,97.0,11.4,12.5,1,0,0,0,0,1,0,0,0,1,0,1,1,1,1,0,1,0,0,0,-0.5000000000000004,0.8660254037844384,-0.7485107481711011,0.6631226582407952,917.97,141238.32,141238.32,141238.32,141238.32,141238.32,141238.32,141238.32,141238.32,0.0,141238.32,0.0,141238.32,0.007313798674409305,141238.32,0.0018914255727765009,141238.32,141238.32,141238.32,141238.32,0.0,0.0,0.0,0.0,0.0,0.0,0.0,11.85821103553059,1.0,0,0,0.333,126784.85,512,2011,4
2011-11-14,Beans (white),141238.32,NGN,NGN/MT,Interpolated,wholesale,National,,,0.69,False,Gap-filled by interpolation,Interpolated,historical,False,,141238.32,153.86,160.55555555555554,97.0,11.4,12.5,1,0,0,0,0,1,0,0,0,1,0,1,1,1,1,0,1,0,0,0,-0.5000000000000004,0.8660254037844384,-0.6631226582407955,0.7485107481711007,917.97,141238.32,141238.32,141238.32,141238.32,141238.32,141238.32,141238.32,141238.32,0.0,141238.32,0.0,141238.32,0.007313798674409305,141238.32,0.0018914255727765009,141238.32,141238.32,141238.32,141238.32,0.0,0.0,0.0,0.0,0.0,0.0,0.0,11.85821103553059,1.0,0,0,0.333,126784.85,513,2011,4
2011-11-21,Beans (white),141238.32,NGN,NGN/MT,Interpolated,wholesale,National,,,0.69,False,Gap-filled by interpolation,Interpolated,historical,False,,141238.32,153.86,160.55555555555554,97.0,11.4,12.5,1,0,0,0,0,1,0,0,0,1,0,1,1,1,1,0,1,0,0,0,-0.5000000000000004,0.8660254037844384,-0.5680647467311559,0.8229838658936564,917.97,141238.32,141238.32,141238.32,141238.32,141238.32,141238.32,141238.32,141238.32,0.0,141238.32,0.0,141238.32,0.007313798674409305,141238.32,0.0018914255727765009,141238.32,141238.32,141238.32,141238.32,0.0,0.0,0.0,0.0,0.0,0.0,0.0,11.85821103553059,1.0,0,0,0.333,126784.85,514,2011,4
2011-11-28,Beans (white),141238.32,NGN,NGN/MT,Interpolated,wholesale,National,,,0.69,False,Gap-filled by interpolation,Interpolated,historical,False,,141238.32,153.86,160.55555555555554,97.0,11.4,12.5,1,0,0,0,0,1,0,0,0,1,0,1,1,1,1,0,1,0,0,0,-0.5000000000000004,0.8660254037844384,-0.4647231720437684,0.88545602565321,917.97,141238.32,141238.32,141238.32,141238.32,141238.32,141238.32,141238.32,141238.32,0.0,141238.32,0.0,141238.32,0.007313798674409305,141238.32,0.0018914255727765009,141238.32,141238.32,141238.32,141238.32,0.0,0.0,0.0,0.0,0.0,0.0,0.0,11.85821103553059,1.0,0,0,0.333,126784.85,515,2011,4
2011-12-05,Beans (white),141238.32,NGN,NGN/MT,Interpolated,wholesale,National,,,0.69,False,Gap-filled by interpolation,Interpolated,historical,False,,141238.32,153.86,160.55555555555554,97.0,11.4,12.5,1,0,0,0,0,0,0,0,0,1,0,1,1,1,1,0,0,0,0,1,-2.4492935982947064e-16,1.0,-0.3546048870425359,0.9350162426854148,917.97,141238.32,141238.32,141238.32,141238.32,141238.32,141238.32,141238.32,141238.32,0.0,141238.32,0.0,141238.32,0.007313798674409305,141238.32,0.0018914255727765009,141238.32,141238.32,141238.32,141238.32,0.0,0.0,0.0,0.0,0.0,0.0,0.0,11.85821103553059,1.0,0,0,0.0,126784.85,516,2011,4
2011-12-12,Beans (white),141238.32,NGN,NGN/MT,Interpolated,wholesale,National,,,0.69,False,Gap-filled by interpolation,Interpolated,historical,False,,141238.32,153.86,160.55555555555554,97.0,11.4,12.5,1,0,0,0,0,0,0,0,0,1,0,1,1,1,1,0,0,0,0,1,-2.4492935982947064e-16,1.0,-0.2393156642875578,0.970941817426052,917.97,141238.32,141238.32,141238.32,141238.32,141238.32,141238.32,141238.32,141238.32,0.0,141238.32,0.0,141238.32,0.007313798674409305,141238.32,0.0018914255727765009,141238.32,141238.32,141238.32,141238.32,0.0,0.0,0.0,0.0,0.0,0.0,0.0,11.85821103553059,1.0,0,0,0.0,126784.85,517,2011,4
2011-12-19,Beans (white),141238.32,NGN,NGN/MT,Interpolated,wholesale,National,,,0.69,False,Gap-filled by interpolation,Interpolated,historical,False,,141238.32,153.86,160.55555555555554,97.0,11.4,12.5,1,0,0,0,0,0,0,0,0,1,0,1,1,1,1,0,0,0,0,1,-2.4492935982947064e-16,1.0,-0.1205366802553236,0.992708874098054,917.97,141238.32,141238.32,141238.32,141238.32,141238.32,141238.32,141238.32,141238.32,0.0,141238.32,0.0,141238.32,0.007313798674409305,141238.32,0.0018914255727765009,141238.32,141238.32,141238.32,141238.32,0.0,0.0,0.0,0.0,0.0,0.0,0.0,11.85821103553059,1.0,0,0,0.0,126784.85,518,2011,4
2011-12-26,Beans (white),141238.32,NGN,NGN/MT,Interpolated,wholesale,National,,,0.69,False,Gap-filled by interpolation,Interpolated,historical,False,,141238.32,153.86,160.55555555555554,97.0,11.4,12.5,1,0,0,0,0,0,0,0,0,1,0,1,1,1,1,0,0,0,0,1,-2.4492935982947064e-16,1.0,6.432490598706546e-16,1.0,917.97,141238.32,141238.32,141238.32,141238.32,141238.32,141238.32,141238.32,141238.32,0.0,141238.32,0.0,141238.32,0.007313798674409305,141238.32,0.0018914255727765009,141238.32,141238.32,141238.32,141238.32,0.0,0.0,0.0,0.0,0.0,0.0,0.0,11.85821103553059,1.0,0,0,0.0,126784.85,519,2011,4
2012-01-02,Beans (white),141238.32,NGN,NGN/MT,Interpolated,wholesale,National,,,0.69,False,Gap-filled by interpolation,Interpolated,historical,False,,141238.32,157.5,160.55555555555554,97.0,11.4,12.5,1,0,0,0,0,0,0,0,0,1,0,0,1,0,0,0,0,0,0,1,0.4999999999999999,0.8660254037844387,0.120536680255323,0.992708874098054,896.75,141238.32,141238.32,141238.32,141238.32,141238.32,141238.32,141238.32,141238.32,0.0,141238.32,0.0,141238.32,0.007313798674409305,141238.32,0.0018914255727765009,141238.32,141238.32,141238.32,141238.32,0.0,0.0,0.0,0.0,0.0,0.0,0.0,11.85821103553059,1.0,0,0,0.0,126784.85,520,2012,1
2012-01-09,Beans (white),141238.32,NGN,NGN/MT,Interpolated,wholesale,National,,,0.69,False,Gap-filled by interpolation,Interpolated,historical,False,,141238.32,157.5,160.55555555555554,97.0,11.4,12.5,1,0,0,0,0,0,0,0,0,1,0,0,1,0,0,0,0,0,0,1,0.4999999999999999,0.8660254037844387,0.2393156642875577,0.970941817426052,896.75,141238.32,141238.32,141238.32,141238.32,141238.32,141238.32,141238.32,141238.32,0.0,141238.32,0.0,141238.32,0.007313798674409305,141238.32,0.0018914255727765009,141238.32,141238.32,141238.32,141238.32,0.0,0.0,0.0,0.0,0.0,0.0,0.0,11.85821103553059,1.0,0,0,0.0,126784.85,521,2012,1
2012-01-16,Beans (white),141238.32,NGN,NGN/MT,Interpolated,wholesale,National,,,0.69,False,Gap-filled by interpolation,Interpolated,historical,False,,141238.32,157.5,160.55555555555554,97.0,11.4,12.5,1,0,0,0,0,0,0,0,0,1,0,0,1,0,0,0,0,0,0,1,0.4999999999999999,0.8660254037844387,0.3546048870425356,0.9350162426854148,896.75,141238.32,141238.32,141238.32,141238.32,141238.32,141238.32,141238.32,141238.32,0.0,141238.32,0.0,141238.32,0.007313798674409305,141238.32,0.0018914255727765009,141238.32,141238.32,141238.32,141238.32,0.0,0.0,0.0,0.0,0.0,0.0,0.0,11.85821103553059,1.0,0,0,0.0,126784.85,522,2012,1
2012-01-23,Beans (white),141238.32,NGN,NGN/MT,Interpolated,wholesale,National,,,0.69,False,Gap-filled by interpolation,Interpolated,historical,False,,141238.32,157.5,160.55555555555554,97.0,11.4,12.5,1,0,0,0,0,0,0,0,0,1,0,0,1,0,0,0,0,0,0,1,0.4999999999999999,0.8660254037844387,0.4647231720437685,0.8854560256532099,896.75,141238.32,141238.32,141238.32,141238.32,141238.32,141238.32,141238.32,141238.32,0.0,141238.32,0.0,141238.32,0.007313798674409305,141238.32,0.0018914255727765009,141238.32,141238.32,141238.32,141238.32,0.0,0.0,0.0,0.0,0.0,0.0,0.0,11.85821103553059,1.0,0,0,0.0,126784.85,523,2012,1
2012-01-30,Beans (white),141238.32,NGN,NGN/MT,Interpolated,wholesale,National,,,0.69,False,Gap-filled by interpolation,Interpolated,historical,False,,141238.32,157.5,160.55555555555554,97.0,11.4,12.5,1,0,0,0,0,0,0,0,0,1,0,0,1,0,0,0,0,0,0,1,0.4999999999999999,0.8660254037844387,0.5680647467311558,0.8229838658936564,896.75,141238.32,141238.32,141238.32,141238.32,141238.32,141238.32,141238.32,141238.32,0.0,141238.32,0.0,141238.32,0.007313798674409305,141238.32,0.0018914255727765009,141238.32,141238.32,141238.32,141238.32,0.0,0.0,0.0,0.0,0.0,0.0,0.0,11.85821103553059,1.0,0,0,0.0,126784.85,524,2012,1
2012-02-06,Beans (white),141238.32,NGN,NGN/MT,Interpolated,wholesale,National,,,0.69,False,Gap-filled by interpolation,Interpolated,historical,False,,141238.32,157.5,160.55555555555554,97.0,11.4,12.5,1,0,0,0,0,0,0,0,1,1,0,0,1,0,0,0,0,0,0,0,0.8660254037844386,0.5000000000000001,0.6631226582407952,0.7485107481711011,896.75,141238.32,141238.32,141238.32,141238.32,141238.32,141238.32,141238.32,141238.32,0.0,141238.32,0.0,141238.32,0.007313798674409305,141238.32,0.0018914255727765009,141238.32,141238.32,141238.32,141238.32,0.0,0.0,0.0,0.0,0.0,0.0,0.0,11.85821103553059,1.0,0,0,0.0,126784.85,525,2012,1
2012-02-13,Beans (white),141238.32,NGN,NGN/MT,Interpolated,wholesale,National,,,0.69,False,Gap-filled by interpolation,Interpolated,historical,False,,141238.32,157.5,160.55555555555554,97.0,11.4,12.5,1,0,0,0,0,0,0,0,1,1,0,0,1,0,0,0,0,0,0,0,0.8660254037844386,0.5000000000000001,0.7485107481711011,0.6631226582407953,896.75,141238.32,141238.32,141238.32,141238.32,141238.32,141238.32,141238.32,141238.32,0.0,141238.32,0.0,141238.32,0.007313798674409305,141238.32,0.0018914255727765009,141238.32,141238.32,141238.32,141238.32,0.0,0.0,0.0,0.0,0.0,0.0,0.0,11.85821103553059,1.0,0,0,0.0,126784.85,526,2012,1
2012-02-20,Beans (white),141238.32,NGN,NGN/MT,Interpolated,wholesale,National,,,0.69,False,Gap-filled by interpolation,Interpolated,historical,False,,141238.32,157.5,160.55555555555554,97.0,11.4,12.5,1,0,0,0,0,0,0,0,1,1,0,0,1,0,0,0,0,0,0,0,0.8660254037844386,0.5000000000000001,0.8229838658936564,0.5680647467311559,896.75,141238.32,141238.32,141238.32,141238.32,141238.32,141238.32,141238.32,141238.32,0.0,141238.32,0.0,141238.32,0.007313798674409305,141238.32,0.0018914255727765009,141238.32,141238.32,141238.32,141238.32,0.0,0.0,0.0,0.0,0.0,0.0,0.0,11.85821103553059,1.0,0,0,0.0,126784.85,527,2012,1
2012-02-27,Beans (white),141238.32,NGN,NGN/MT,Interpolated,wholesale,National,,,0.69,False,Gap-filled by interpolation,Interpolated,historical,False,,141238.32,157.5,160.55555555555554,97.0,11.4,12.5,1,0,0,0,0,0,0,0,1,1,0,0,1,0,0,0,0,0,0,0,0.8660254037844386,0.5000000000000001,0.8854560256532099,0.4647231720437686,896.75,141238.32,141238.32,141238.32,141238.32,141238.32,141238.32,141238.32,141238.32,0.0,141238.32,0.0,141238.32,0.007313798674409305,141238.32,0.0018914255727765009,141238.32,141238.32,141238.32,141238.32,0.0,0.0,0.0,0.0,0.0,0.0,0.0,11.85821103553059,1.0,0,0,0.0,126784.85,528,2012,1
2012-03-05,Beans (white),141238.32,NGN,NGN/MT,Interpolated,wholesale,National,,,0.69,False,Gap-filled by interpolation,Interpolated,historical,False,,141238.32,157.5,160.55555555555554,97.0,11.4,12.5,1,0,0,1,0,0,0,0,1,1,0,0,0,0,0,0,0,0,0,0,1.0,6.123233995736766e-17,0.9350162426854148,0.3546048870425355,896.75,141238.32,141238.32,141238.32,141238.32,141238.32,141238.32,141238.32,141238.32,0.0,141238.32,0.0,141238.32,0.007313798674409305,141238.32,0.0018914255727765009,141238.32,141238.32,141238.32,141238.32,0.0,0.0,0.0,0.0,0.0,0.0,0.0,11.85821103553059,1.0,0,0,0.0,126784.85,529,2012,1
2012-03-12,Beans (white),141238.32,NGN,NGN/MT,Interpolated,wholesale,National,,,0.69,False,Gap-filled by interpolation,Interpolated,historical,False,,141238.32,157.5,160.55555555555554,97.0,11.4,12.5,1,0,0,1,0,0,0,0,1,1,0,0,0,0,0,0,0,0,0,0,1.0,6.123233995736766e-17,0.970941817426052,0.239315664287558,896.75,141238.32,141238.32,141238.32,141238.32,141238.32,141238.32,141238.32,141238.32,0.0,141238.32,0.0,141238.32,0.007313798674409305,141238.32,0.0018914255727765009,141238.32,141238.32,141238.32,141238.32,0.0,0.0,0.0,0.0,0.0,0.0,0.0,11.85821103553059,1.0,0,0,0.0,126784.85,530,2012,1
2012-03-19,Beans (white),141238.32,NGN,NGN/MT,Interpolated,wholesale,National,,,0.69,False,Gap-filled by interpolation,Interpolated,historical,False,,141238.32,157.5,160.55555555555554,97.0,11.4,12.5,1,0,0,1,0,0,0,0,1,1,0,0,0,0,0,0,0,0,0,0,1.0,6.123233995736766e-17,0.992708874098054,0.120536680255323,896.75,141238.32,141238.32,141238.32,141238.32,141238.32,141238.32,141238.32,141238.32,0.0,141238.32,0.0,141238.32,0.007313798674409305,141238.32,0.0018914255727765009,141238.32,141238.32,141238.32,141238.32,0.0,0.0,0.0,0.0,0.0,0.0,0.0,11.85821103553059,1.0,0,0,0.0,126784.85,531,2012,1
2012-03-26,Beans (white),141238.32,NGN,NGN/MT,Interpolated,wholesale,National,,,0.69,False,Gap-filled by interpolation,Interpolated,historical,False,,141238.32,157.5,160.55555555555554,97.0,11.4,12.5,1,0,0,1,0,0,0,0,1,1,0,0,0,0,0,0,0,0,0,0,1.0,6.123233995736766e-17,1.0,-1.6081226496766364e-16,896.75,141238.32,141238.32,141238.32,141238.32,141238.32,141238.32,141238.32,141238.32,0.0,141238.32,0.0,141238.32,0.007313798674409305,141238.32,0.0018914255727765009,141238.32,141238.32,141238.32,141238.32,0.0,0.0,0.0,0.0,0.0,0.0,0.0,11.85821103553059,1.0,0,0,0.0,126784.85,532,2012,1
2012-04-02,Beans (white),141238.32,NGN,NGN/MT,Interpolated,wholesale,National,,,0.69,False,Gap-filled by interpolation,Interpolated,historical,False,,141238.32,157.5,160.55555555555554,97.0,11.4,12.5,0,1,1,1,0,0,0,0,1,0,0,0,0,0,0,0,0,0,0,0,0.8660254037844387,-0.4999999999999998,0.992708874098054,-0.1205366802553228,896.75,141238.32,141238.32,141238.32,141238.32,141238.32,141238.32,141238.32,141238.32,0.0,141238.32,0.0,141238.32,0.007313798674409305,141238.32,0.0018914255727765009,141238.32,141238.32,141238.32,141238.32,0.0,0.0,0.0,0.0,0.0,0.0,0.0,11.85821103553059,1.0,0,0,0.333,126784.85,533,2012,2
2012-04-09,Beans (white),141238.32,NGN,NGN/MT,Interpolated,wholesale,National,,,0.69,False,Gap-filled by interpolation,Interpolated,historical,False,,141238.32,157.5,160.55555555555554,97.0,11.4,12.5,0,1,1,1,0,0,0,0,1,0,0,0,0,0,0,0,0,0,0,0,0.8660254037844387,-0.4999999999999998,0.970941817426052,-0.2393156642875575,896.75,141238.32,141238.32,141238.32,141238.32,141238.32,141238.32,141238.32,141238.32,0.0,141238.32,0.0,141238.32,0.007313798674409305,141238.32,0.0018914255727765009,141238.32,141238.32,141238.32,141238.32,0.0,0.0,0.0,0.0,0.0,0.0,0.0,11.85821103553059,1.0,0,0,0.333,126784.85,534,2012,2
2012-04-16,Beans (white),141238.32,NGN,NGN/MT,Interpolated,wholesale,National,,,0.69,False,Gap-filled by interpolation,Interpolated,historical,False,,141238.32,157.5,160.55555555555554,97.0,11.4,12.5,0,1,1,1,0,0,0,0,1,0,0,0,0,0,0,0,0,0,0,0,0.8660254037844387,-0.4999999999999998,0.9350162426854148,-0.3546048870425354,896.75,141238.32,141238.32,141238.32,141238.32,141238.32,141238.32,141238.32,141238.32,0.0,141238.32,0.0,141238.32,0.007313798674409305,141238.32,0.0018914255727765009,141238.32,141238.32,141238.32,141238.32,0.0,0.0,0.0,0.0,0.0,0.0,0.0,11.85821103553059,1.0,0,0,0.333,126784.85,535,2012,2
2012-04-23,Beans (white),141238.32,NGN,NGN/MT,Interpolated,wholesale,National,,,0.69,False,Gap-filled by interpolation,Interpolated,historical,False,,141238.32,157.5,160.55555555555554,97.0,11.4,12.5,0,1,1,1,0,0,0,0,1,0,0,0,0,0,0,0,0,0,0,0,0.8660254037844387,-0.4999999999999998,0.8854560256532099,-0.4647231720437685,896.75,141238.32,141238.32,141238.32,141238.32,141238.32,141238.32,141238.32,141238.32,0.0,141238.32,0.0,141238.32,0.007313798674409305,141238.32,0.0018914255727765009,141238.32,141238.32,141238.32,141238.32,0.0,0.0,0.0,0.0,0.0,0.0,0.0,11.85821103553059,1.0,0,0,0.333,126784.85,536,2012,2
2012-04-30,Beans (white),141238.32,NGN,NGN/MT,Interpolated,wholesale,National,,,0.69,False,Gap-filled by interpolation,Interpolated,historical,False,,141238.32,157.5,160.55555555555554,97.0,11.4,12.5,0,1,1,1,0,0,0,0,1,0,0,0,0,0,0,0,0,0,0,0,0.8660254037844387,-0.4999999999999998,0.8229838658936565,-0.5680647467311557,896.75,141238.32,141238.32,141238.32,141238.32,141238.32,141238.32,141238.32,141238.32,0.0,141238.32,0.0,141238.32,0.007313798674409305,141238.32,0.0018914255727765009,141238.32,141238.32,141238.32,141238.32,0.0,0.0,0.0,0.0,0.0,0.0,0.0,11.85821103553059,1.0,0,0,0.333,126784.85,537,2012,2
2012-05-07,Beans (white),141238.32,NGN,NGN/MT,Interpolated,wholesale,National,,,0.69,False,Gap-filled by interpolation,Interpolated,historical,False,,141238.32,157.5,160.55555555555554,97.0,11.4,12.5,0,1,1,1,0,0,0,0,1,0,1,0,0,0,0,0,0,0,0,0,0.4999999999999999,-0.8660254037844387,0.7485107481711013,-0.663122658240795,896.75,141238.32,141238.32,141238.32,141238.32,141238.32,141238.32,141238.32,141238.32,0.0,141238.32,0.0,141238.32,0.007313798674409305,141238.32,0.0018914255727765009,141238.32,141238.32,141238.32,141238.32,0.0,0.0,0.0,0.0,0.0,0.0,0.0,11.85821103553059,1.0,0,0,0.333,126784.85,538,2012,2
2012-05-14,Beans (white),141238.32,NGN,NGN/MT,Interpolated,wholesale,National,,,0.69,False,Gap-filled by interpolation,Interpolated,historical,False,,141238.32,157.5,160.55555555555554,97.0,11.4,12.5,0,1,1,1,0,0,0,0,1,0,1,0,0,0,0,0,0,0,0,0,0.4999999999999999,-0.8660254037844387,0.6631226582407952,-0.7485107481711012,896.75,141238.32,141238.32,141238.32,141238.32,141238.32,141238.32,141238.32,141238.32,0.0,141238.32,0.0,141238.32,0.007313798674409305,141238.32,0.0018914255727765009,141238.32,141238.32,141238.32,141238.32,0.0,0.0,0.0,0.0,0.0,0.0,0.0,11.85821103553059,1.0,0,0,0.333,126784.85,539,2012,2
2012-05-21,Beans (white),141238.32,NGN,NGN/MT,Interpolated,wholesale,National,,,0.69,False,Gap-filled by interpolation,Interpolated,historical,False,,141238.32,157.5,160.55555555555554,97.0,11.4,12.5,0,1,1,1,0,0,0,0,1,0,1,0,0,0,0,0,0,0,0,0,0.4999999999999999,-0.8660254037844387,0.5680647467311558,-0.8229838658936564,896.75,141238.32,141238.32,141238.32,141238.32,141238.32,141238.32,141238.32,141238.32,0.0,141238.32,0.0,141238.32,0.007313798674409305,141238.32,0.0018914255727765009,141238.32,141238.32,141238.32,141238.32,0.0,0.0,0.0,0.0,0.0,0.0,0.0,11.85821103553059,1.0,0,0,0.333,126784.85,540,2012,2
2012-05-28,Beans (white),141238.32,NGN,NGN/MT,Interpolated,wholesale,National,,,0.69,False,Gap-filled by interpolation,Interpolated,historical,False,,141238.32,157.5,160.55555555555554,97.0,11.4,12.5,0,1,1,1,0,0,0,0,1,0,1,0,0,0,0,0,0,0,0,0,0.4999999999999999,-0.8660254037844387,0.464723172043769,-0.8854560256532096,896.75,141238.32,141238.32,141238.32,141238.32,141238.32,141238.32,141238.32,141238.32,0.0,141238.32,0.0,141238.32,0.007313798674409305,141238.32,0.0018914255727765009,141238.32,141238.32,141238.32,141238.32,0.0,0.0,0.0,0.0,0.0,0.0,0.0,11.85821103553059,1.0,0,0,0.333,126784.85,541,2012,2
2012-06-04,Beans (white),141238.32,NGN,NGN/MT,Interpolated,wholesale,National,,,0.69,False,Gap-filled by interpolation,Interpolated,historical,False,,141238.32,157.5,160.55555555555554,97.0,11.4,12.5,0,1,1,0,0,0,0,1,0,0,1,0,0,0,0,0,0,0,1,0,1.2246467991473532e-16,-1.0,0.3546048870425358,-0.9350162426854148,896.75,141238.32,141238.32,141238.32,141238.32,141238.32,141238.32,141238.32,141238.32,0.0,141238.32,0.0,141238.32,0.007313798674409305,141238.32,0.0018914255727765009,141238.32,141238.32,141238.32,141238.32,0.0,0.0,0.0,0.0,0.0,0.0,0.0,11.85821103553059,1.0,0,0,0.667,126784.85,542,2012,2
2012-06-11,Beans (white),141238.32,NGN,NGN/MT,Interpolated,wholesale,National,,,0.69,False,Gap-filled by interpolation,Interpolated,historical,False,,141238.32,157.5,160.55555555555554,97.0,11.4,12.5,0,1,1,0,0,0,0,1,0,0,1,0,0,0,0,0,0,0,1,0,1.2246467991473532e-16,-1.0,0.2393156642875576,-0.970941817426052,896.75,141238.32,141238.32,141238.32,141238.32,141238.32,141238.32,141238.32,141238.32,0.0,141238.32,0.0,141238.32,0.007313798674409305,141238.32,0.0018914255727765009,141238.32,141238.32,141238.32,141238.32,0.0,0.0,0.0,0.0,0.0,0.0,0.0,11.85821103553059,1.0,0,0,0.667,126784.85,543,2012,2
2012-06-18,Beans (white),141238.32,NGN,NGN/MT,Interpolated,wholesale,National,,,0.69,False,Gap-filled by interpolation,Interpolated,historical,False,,141238.32,157.5,160.55555555555554,97.0,11.4,12.5,0,1,1,0,0,0,0,1,0,0,1,0,0,0,0,0,0,0,1,0,1.2246467991473532e-16,-1.0,0.120536680255323,-0.992708874098054,896.75,141238.32,141238.32,141238.32,141238.32,141238.32,141238.32,141238.32,141238.32,0.0,141238.32,0.0,141238.32,0.007313798674409305,141238.32,0.0018914255727765009,141238.32,141238.32,141238.32,141238.32,0.0,0.0,0.0,0.0,0.0,0.0,0.0,11.85821103553059,1.0,0,0,0.667,126784.85,544,2012,2
2012-06-25,Beans (white),141238.32,NGN,NGN/MT,Interpolated,wholesale,National,,,0.69,False,Gap-filled by interpolation,Interpolated,historical,False,,141238.32,157.5,160.55555555555554,97.0,11.4,12.5,0,1,1,0,0,0,0,1,0,0,1,0,0,0,0,0,0,0,1,0,1.2246467991473532e-16,-1.0,-3.216245299353273e-16,-1.0,896.75,141238.32,141238.32,141238.32,141238.32,141238.32,141238.32,141238.32,141238.32,0.0,141238.32,0.0,141238.32,0.007313798674409305,141238.32,0.0018914255727765009,141238.32,141238.32,141238.32,141238.32,0.0,0.0,0.0,0.0,0.0,0.0,0.0,11.85821103553059,1.0,0,0,0.667,126784.85,545,2012,2
2012-07-02,Beans (white),141238.32,NGN,NGN/MT,Interpolated,wholesale,National,,,0.69,False,Gap-filled by interpolation,Interpolated,historical,False,,141238.32,157.5,160.55555555555554,97.0,11.4,12.5,0,1,1,0,0,0,1,1,0,0,1,0,0,0,0,0,0,0,1,0,-0.4999999999999997,-0.8660254037844388,-0.1205366802553228,-0.992708874098054,896.75,141238.32,141238.32,141238.32,141238.32,141238.32,141238.32,141238.32,141238.32,0.0,141238.32,0.0,141238.32,0.007313798674409305,141238.32,0.0018914255727765009,141238.32,141238.32,141238.32,141238.32,0.0,0.0,0.0,0.0,0.0,0.0,0.0,11.85821103553059,1.0,0,0,0.667,126784.85,546,2012,3
2012-07-09,Beans (white),141238.32,NGN,NGN/MT,Interpolated,wholesale,National,,,0.69,False,Gap-filled by interpolation,Interpolated,historical,False,,141238.32,157.5,160.55555555555554,97.0,11.4,12.5,0,1,1,0,0,0,1,1,0,0,1,0,0,0,0,0,0,0,1,0,-0.4999999999999997,-0.8660254037844388,-0.2393156642875574,-0.970941817426052,896.75,141238.32,141238.32,141238.32,141238.32,141238.32,141238.32,141238.32,141238.32,0.0,141238.32,0.0,141238.32,0.007313798674409305,141238.32,0.0018914255727765009,141238.32,141238.32,141238.32,141238.32,0.0,0.0,0.0,0.0,0.0,0.0,0.0,11.85821103553059,1.0,0,0,0.667,126784.85,547,2012,3
2012-07-16,Beans (white),141238.32,NGN,NGN/MT,Interpolated,wholesale,National,,,0.69,False,Gap-filled by interpolation,Interpolated,historical,False,,141238.32,157.5,160.55555555555554,97.0,11.4,12.5,0,1,1,0,0,0,1,1,0,0,1,0,0,0,0,0,0,0,1,0,-0.4999999999999997,-0.8660254037844388,-0.3546048870425356,-0.9350162426854148,896.75,141238.32,141238.32,141238.32,141238.32,141238.32,141238.32,141238.32,141238.32,0.0,141238.32,0.0,141238.32,0.007313798674409305,141238.32,0.0018914255727765009,141238.32,141238.32,141238.32,141238.32,0.0,0.0,0.0,0.0,0.0,0.0,0.0,11.85821103553059,1.0,0,0,0.667,126784.85,548,2012,3
2012-07-23,Beans (white),141238.32,NGN,NGN/MT,Interpolated,wholesale,National,,,0.69,False,Gap-filled by interpolation,Interpolated,historical,False,,141238.32,157.5,160.55555555555554,97.0,11.4,12.5,0,1,1,0,0,0,1,1,0,0,1,0,0,0,0,0,0,1,1,0,-0.4999999999999997,-0.8660254037844388,-0.464723172043768,-0.8854560256532101,896.75,141238.32,141238.32,141238.32,141238.32,141238.32,141238.32,141238.32,141238.32,0.0,141238.32,0.0,141238.32,0.007313798674409305,141238.32,0.0018914255727765009,141238.32,141238.32,141238.32,141238.32,0.0,0.0,0.0,0.0,0.0,0.0,0.0,11.85821103553059,1.0,0,0,0.667,126784.85,549,2012,3
2012-07-30,Beans (white),141238.32,NGN,NGN/MT,Interpolated,wholesale,National,,,0.69,False,Gap-filled by interpolation,Interpolated,historical,False,,141238.32,157.5,160.55555555555554,97.0,11.4,12.5,0,1,1,0,0,0,1,1,0,0,1,0,0,0,0,0,0,1,1,0,-0.4999999999999997,-0.8660254037844388,-0.5680647467311556,-0.8229838658936565,896.75,141238.32,141238.32,141238.32,141238.32,141238.32,141238.32,141238.32,141238.32,0.0,141238.32,0.0,141238.32,0.007313798674409305,141238.32,0.0018914255727765009,141238.32,141238.32,141238.32,141238.32,0.0,0.0,0.0,0.0,0.0,0.0,0.0,11.85821103553059,1.0,0,0,0.667,126784.85,550,2012,3
2012-08-06,Beans (white),141238.32,NGN,NGN/MT,Interpolated,wholesale,National,,,0.69,False,Gap-filled by interpolation,Interpolated,historical,False,,141238.32,157.5,160.55555555555554,97.0,11.4,12.5,0,1,0,0,1,0,1,1,0,0,1,0,0,0,0,1,0,1,1,0,-0.8660254037844384,-0.5000000000000004,-0.663122658240795,-0.7485107481711013,896.75,141238.32,141238.32,141238.32,141238.32,141238.32,141238.32,141238.32,141238.32,0.0,141238.32,0.0,141238.32,0.007313798674409305,141238.32,0.0018914255727765009,141238.32,141238.32,141238.32,141238.32,0.0,0.0,0.0,0.0,0.0,0.0,0.0,11.85821103553059,1.0,0,0,0.333,126784.85,551,2012,3
2012-08-13,Beans (white),141238.32,NGN,NGN/MT,Interpolated,wholesale,National,,,0.69,False,Gap-filled by interpolation,Interpolated,historical,False,,141238.32,157.5,160.55555555555554,97.0,11.4,12.5,0,1,0,0,1,0,1,1,0,0,1,0,0,0,0,1,0,1,1,0,-0.8660254037844384,-0.5000000000000004,-0.7485107481711011,-0.6631226582407952,896.75,141238.32,141238.32,141238.32,141238.32,141238.32,141238.32,141238.32,141238.32,0.0,141238.32,0.0,141238.32,0.007313798674409305,141238.32,0.0018914255727765009,141238.32,141238.32,141238.32,141238.32,0.0,0.0,0.0,0.0,0.0,0.0,0.0,11.85821103553059,1.0,0,0,0.333,126784.85,552,2012,3
2012-08-20,Beans (white),141238.32,NGN,NGN/MT,Interpolated,wholesale,National,,,0.69,False,Gap-filled by interpolation,Interpolated,historical,False,,141238.32,157.5,160.55555555555554,97.0,11.4,12.5,0,1,0,0,1,0,1,1,0,0,1,0,0,0,0,1,0,0,1,0,-0.8660254037844384,-0.5000000000000004,-0.8229838658936564,-0.5680647467311559,896.75,141238.32,141238.32,141238.32,141238.32,141238.32,141238.32,141238.32,141238.32,0.0,141238.32,0.0,141238.32,0.007313798674409305,141238.32,0.0018914255727765009,141238.32,141238.32,141238.32,141238.32,0.0,0.0,0.0,0.0,0.0,0.0,0.0,11.85821103553059,1.0,0,0,0.333,126784.85,553,2012,3
2012-08-27,Beans (white),141238.32,NGN,NGN/MT,Interpolated,wholesale,National,,,0.69,False,Gap-filled by interpolation,Interpolated,historical,False,,141238.32,157.5,160.55555555555554,97.0,11.4,12.5,0,1,0,0,1,0,1,1,0,0,1,0,0,0,0,1,0,0,1,0,-0.8660254037844384,-0.5000000000000004,-0.8854560256532096,-0.4647231720437691,896.75,141238.32,141238.32,141238.32,141238.32,141238.32,141238.32,141238.32,141238.32,0.0,141238.32,0.0,141238.32,0.007313798674409305,141238.32,0.0018914255727765009,141238.32,141238.32,141238.32,141238.32,0.0,0.0,0.0,0.0,0.0,0.0,0.0,11.85821103553059,1.0,0,0,0.333,126784.85,554,2012,3
2012-09-03,Beans (white),141238.32,NGN,NGN/MT,Interpolated,wholesale,National,,,0.69,False,Gap-filled by interpolation,Interpolated,historical,False,,141238.32,157.5,160.55555555555554,97.0,11.4,12.5,0,1,0,0,1,1,0,0,0,0,0,0,0,0,0,1,0,0,0,0,-1.0,-1.8369701987210294e-16,-0.9350162426854148,-0.3546048870425359,896.75,141238.32,141238.32,141238.32,141238.32,141238.32,141238.32,141238.32,141238.32,0.0,141238.32,0.0,141238.32,0.007313798674409305,141238.32,0.0018914255727765009,141238.32,141238.32,141238.32,141238.32,0.0,0.0,0.0,0.0,0.0,0.0,0.0,11.85821103553059,1.0,0,0,0.333,126784.85,555,2012,3
2012-09-10,Beans (white),141238.32,NGN,NGN/MT,Interpolated,wholesale,National,,,0.69,False,Gap-filled by interpolation,Interpolated,historical,False,,141238.32,157.5,160.55555555555554,97.0,11.4,12.5,0,1,0,0,1,1,0,0,0,0,0,0,0,0,0,1,0,0,0,0,-1.0,-1.8369701987210294e-16,-0.970941817426052,-0.2393156642875577,896.75,141238.32,141238.32,141238.32,141238.32,141238.32,141238.32,141238.32,141238.32,0.0,141238.32,0.0,141238.32,0.007313798674409305,141238.32,0.0018914255727765009,141238.32,141238.32,141238.32,141238.32,0.0,0.0,0.0,0.0,0.0,0.0,0.0,11.85821103553059,1.0,0,0,0.333,126784.85,556,2012,3
2012-09-17,Beans (white),141238.32,NGN,NGN/MT,Interpolated,wholesale,National,,,0.69,False,Gap-filled by interpolation,Interpolated,historical,False,,141238.32,157.5,160.55555555555554,97.0,11.4,12.5,0,1,0,0,1,1,0,0,0,0,0,0,0,0,0,1,0,0,0,0,-1.0,-1.8369701987210294e-16,-0.992708874098054,-0.1205366802553235,896.75,141238.32,141238.32,141238.32,141238.32,141238.32,141238.32,141238.32,141238.32,0.0,141238.32,0.0,141238.32,0.007313798674409305,141238.32,0.0018914255727765009,141238.32,141238.32,141238.32,141238.32,0.0,0.0,0.0,0.0,0.0,0.0,0.0,11.85821103553059,1.0,0,0,0.333,126784.85,557,2012,3
2012-09-24,Beans (white),141238.32,NGN,NGN/MT,Interpolated,wholesale,National,,,0.69,False,Gap-filled by interpolation,Interpolated,historical,False,,141238.32,157.5,160.55555555555554,97.0,11.4,12.5,0,1,0,0,1,1,0,0,0,0,0,0,0,0,0,1,0,0,0,0,-1.0,-1.8369701987210294e-16,-1.0,-1.8369701987210294e-16,896.75,141238.32,141238.32,141238.32,141238.32,141238.32,141238.32,141238.32,141238.32,0.0,141238.32,0.0,141238.32,0.007313798674409305,141238.32,0.0018914255727765009,141238.32,141238.32,141238.32,141238.32,0.0,0.0,0.0,0.0,0.0,0.0,0.0,11.85821103553059,1.0,0,0,0.333,126784.85,558,2012,3
2012-10-01,Beans (white),141238.32,NGN,NGN/MT,Interpolated,wholesale,National,,,0.69,False,Gap-filled by interpolation,Interpolated,historical,False,,141238.32,157.5,160.55555555555554,97.0,11.4,12.5,0,1,0,0,0,1,0,0,0,1,0,1,0,1,1,1,1,0,0,0,-0.8660254037844386,0.5000000000000001,-0.992708874098054,0.1205366802553232,896.75,141238.32,141238.32,141238.32,141238.32,141238.32,141238.32,141238.32,141238.32,0.0,141238.32,0.0,141238.32,0.007313798674409305,141238.32,0.0018914255727765009,141238.32,141238.32,141238.32,141238.32,0.0,0.0,0.0,0.0,0.0,0.0,0.0,11.85821103553059,1.0,0,0,0.333,126784.85,559,2012,4
2012-10-08,Beans (white),141238.32,NGN,NGN/MT,Interpolated,wholesale,National,,,0.69,False,Gap-filled by interpolation,Interpolated,historical,False,,141238.32,157.5,160.55555555555554,97.0,11.4,12.5,0,1,0,0,0,1,0,0,0,1,0,1,0,1,1,1,1,0,0,0,-0.8660254037844386,0.5000000000000001,-0.970941817426052,0.2393156642875573,896.75,141238.32,141238.32,141238.32,141238.32,141238.32,141238.32,141238.32,141238.32,0.0,141238.32,0.0,141238.32,0.007313798674409305,141238.32,0.0018914255727765009,141238.32,141238.32,141238.32,141238.32,0.0,0.0,0.0,0.0,0.0,0.0,0.0,11.85821103553059,1.0,0,0,0.333,126784.85,560,2012,4
2012-10-15,Beans (white),141238.32,NGN,NGN/MT,Interpolated,wholesale,National,,,0.69,False,Gap-filled by interpolation,Interpolated,historical,False,,141238.32,157.5,160.55555555555554,97.0,11.4,12.5,0,1,0,0,0,1,0,0,0,1,0,1,0,1,1,1,1,0,0,0,-0.8660254037844386,0.5000000000000001,-0.9350162426854148,0.3546048870425355,896.75,141238.32,141238.32,141238.32,141238.32,141238.32,141238.32,141238.32,141238.32,0.0,141238.32,0.0,141238.32,0.007313798674409305,141238.32,0.0018914255727765009,141238.32,141238.32,141238.32,141238.32,0.0,0.0,0.0,0.0,0.0,0.0,0.0,11.85821103553059,1.0,0,0,0.333,126784.85,561,2012,4
2012-10-22,Beans (white),141238.32,NGN,NGN/MT,Interpolated,wholesale,National,,,0.69,False,Gap-filled by interpolation,Interpolated,historical,False,,141238.32,157.5,160.55555555555554,97.0,11.4,12.5,0,1,0,0,0,1,0,0,0,1,0,1,0,1,1,1,1,0,0,0,-0.8660254037844386,0.5000000000000001,-0.8854560256532101,0.464723172043768,896.75,141238.32,141238.32,141238.32,141238.32,141238.32,141238.32,141238.32,141238.32,0.0,141238.32,0.0,141238.32,0.007313798674409305,141238.32,0.0018914255727765009,141238.32,141238.32,141238.32,141238.32,0.0,0.0,0.0,0.0,0.0,0.0,0.0,11.85821103553059,1.0,0,0,0.333,126784.85,562,2012,4
2012-10-29,Beans (white),141238.32,NGN,NGN/MT,Interpolated,wholesale,National,,,0.69,False,Gap-filled by interpolation,Interpolated,historical,False,,141238.32,157.5,160.55555555555554,97.0,11.4,12.5,0,1,0,0,0,1,0,0,0,1,0,1,0,1,1,1,1,0,0,0,-0.8660254037844386,0.5000000000000001,-0.822983865893657,0.5680647467311548,896.75,141238.32,141238.32,141238.32,141238.32,141238.32,141238.32,141238.32,141238.32,0.0,141238.32,0.0,141238.32,0.007313798674409305,141238.32,0.0018914255727765009,141238.32,141238.32,141238.32,141238.32,0.0,0.0,0.0,0.0,0.0,0.0,0.0,11.85821103553059,1.0,0,0,0.333,126784.85,563,2012,4
2012-11-05,Beans (white),141238.32,NGN,NGN/MT,Interpolated,wholesale,National,,,0.69,False,Gap-filled by interpolation,Interpolated,historical,False,,141238.32,157.5,160.55555555555554,97.0,11.4,12.5,1,0,0,0,0,1,0,0,0,1,0,1,1,1,1,0,1,0,0,0,-0.5000000000000004,0.8660254037844384,-0.7485107481711011,0.6631226582407952,896.75,141238.32,141238.32,141238.32,141238.32,141238.32,141238.32,141238.32,141238.32,0.0,141238.32,0.0,141238.32,0.007313798674409305,141238.32,0.0018914255727765009,141238.32,141238.32,141238.32,141238.32,0.0,0.0,0.0,0.0,0.0,0.0,0.0,11.85821103553059,1.0,0,0,0.333,126784.85,564,2012,4
2012-11-12,Beans (white),141238.32,NGN,NGN/MT,Interpolated,wholesale,National,,,0.69,False,Gap-filled by interpolation,Interpolated,historical,False,,141238.32,157.5,160.55555555555554,97.0,11.4,12.5,1,0,0,0,0,1,0,0,0,1,0,1,1,1,1,0,1,0,0,0,-0.5000000000000004,0.8660254037844384,-0.6631226582407955,0.7485107481711007,896.75,141238.32,141238.32,141238.32,141238.32,141238.32,141238.32,141238.32,141238.32,0.0,141238.32,0.0,141238.32,0.007313798674409305,141238.32,0.0018914255727765009,141238.32,141238.32,141238.32,141238.32,0.0,0.0,0.0,0.0,0.0,0.0,0.0,11.85821103553059,1.0,0,0,0.333,126784.85,565,2012,4
2012-11-19,Beans (white),141238.32,NGN,NGN/MT,Interpolated,wholesale,National,,,0.69,False,Gap-filled by interpolation,Interpolated,historical,False,,141238.32,157.5,160.55555555555554,97.0,11.4,12.5,1,0,0,0,0,1,0,0,0,1,0,1,1,1,1,0,1,0,0,0,-0.5000000000000004,0.8660254037844384,-0.5680647467311559,0.8229838658936564,896.75,141238.32,141238.32,141238.32,141238.32,141238.32,141238.32,141238.32,141238.32,0.0,141238.32,0.0,141238.32,0.007313798674409305,141238.32,0.0018914255727765009,141238.32,141238.32,141238.32,141238.32,0.0,0.0,0.0,0.0,0.0,0.0,0.0,11.85821103553059,1.0,0,0,0.333,126784.85,566,2012,4
2012-11-26,Beans (white),141238.32,NGN,NGN/MT,Interpolated,wholesale,National,,,0.69,False,Gap-filled by interpolation,Interpolated,historical,False,,141238.32,157.5,160.55555555555554,97.0,11.4,12.5,1,0,0,0,0,1,0,0,0,1,0,1,1,1,1,0,1,0,0,0,-0.5000000000000004,0.8660254037844384,-0.4647231720437684,0.88545602565321,896.75,141238.32,141238.32,141238.32,141238.32,141238.32,141238.32,141238.32,141238.32,0.0,141238.32,0.0,141238.32,0.007313798674409305,141238.32,0.0018914255727765009,141238.32,141238.32,141238.32,141238.32,0.0,0.0,0.0,0.0,0.0,0.0,0.0,11.85821103553059,1.0,0,0,0.333,126784.85,567,2012,4
2012-12-03,Beans (white),141238.32,NGN,NGN/MT,Interpolated,wholesale,National,,,0.69,False,Gap-filled by interpolation,Interpolated,historical,False,,141238.32,157.5,160.55555555555554,97.0,11.4,12.5,1,0,0,0,0,0,0,0,0,1,0,1,1,1,1,0,0,0,0,1,-2.4492935982947064e-16,1.0,-0.3546048870425359,0.9350162426854148,896.75,141238.32,141238.32,141238.32,141238.32,141238.32,141238.32,141238.32,141238.32,0.0,141238.32,0.0,141238.32,0.007313798674409305,141238.32,0.0018914255727765009,141238.32,141238.32,141238.32,141238.32,0.0,0.0,0.0,0.0,0.0,0.0,0.0,11.85821103553059,1.0,0,0,0.0,126784.85,568,2012,4
2012-12-10,Beans (white),141238.32,NGN,NGN/MT,Interpolated,wholesale,National,,,0.69,False,Gap-filled by interpolation,Interpolated,historical,False,,141238.32,157.5,160.55555555555554,97.0,11.4,12.5,1,0,0,0,0,0,0,0,0,1,0,1,1,1,1,0,0,0,0,1,-2.4492935982947064e-16,1.0,-0.2393156642875578,0.970941817426052,896.75,141238.32,141238.32,141238.32,141238.32,141238.32,141238.32,141238.32,141238.32,0.0,141238.32,0.0,141238.32,0.007313798674409305,141238.32,0.0018914255727765009,141238.32,141238.32,141238.32,141238.32,0.0,0.0,0.0,0.0,0.0,0.0,0.0,11.85821103553059,1.0,0,0,0.0,126784.85,569,2012,4
2012-12-17,Beans (white),141238.32,NGN,NGN/MT,Interpolated,wholesale,National,,,0.69,False,Gap-filled by interpolation,Interpolated,historical,False,,141238.32,157.5,160.55555555555554,97.0,11.4,12.5,1,0,0,0,0,0,0,0,0,1,0,1,1,1,1,0,0,0,0,1,-2.4492935982947064e-16,1.0,-0.1205366802553236,0.992708874098054,896.75,141238.32,141238.32,141238.32,141238.32,141238.32,141238.32,141238.32,141238.32,0.0,141238.32,0.0,141238.32,0.007313798674409305,141238.32,0.0018914255727765009,141238.32,141238.32,141238.32,141238.32,0.0,0.0,0.0,0.0,0.0,0.0,0.0,11.85821103553059,1.0,0,0,0.0,126784.85,570,2012,4
2012-12-24,Beans (white),141238.32,NGN,NGN/MT,Interpolated,wholesale,National,,,0.69,False,Gap-filled by interpolation,Interpolated,historical,False,,141238.32,157.5,160.55555555555554,97.0,11.4,12.5,1,0,0,0,0,0,0,0,0,1,0,1,1,1,1,0,0,0,0,1,-2.4492935982947064e-16,1.0,6.432490598706546e-16,1.0,896.75,141238.32,141238.32,141238.32,141238.32,141238.32,141238.32,141238.32,141238.32,0.0,141238.32,0.0,141238.32,0.007313798674409305,141238.32,0.0018914255727765009,141238.32,141238.32,141238.32,141238.32,0.0,0.0,0.0,0.0,0.0,0.0,0.0,11.85821103553059,1.0,0,0,0.0,126784.85,571,2012,4
2012-12-31,Beans (white),141238.32,NGN,NGN/MT,Interpolated,wholesale,National,,,0.69,False,Gap-filled by interpolation,Interpolated,historical,False,,141238.32,157.5,160.55555555555554,97.0,11.4,12.5,1,0,0,0,0,0,0,0,0,1,0,1,1,1,1,0,0,0,0,1,-2.4492935982947064e-16,1.0,0.120536680255323,0.992708874098054,896.75,141238.32,141238.32,141238.32,141238.32,141238.32,141238.32,141238.32,141238.32,0.0,141238.32,0.0,141238.32,0.007313798674409305,141238.32,0.0018914255727765009,141238.32,141238.32,141238.32,141238.32,0.0,0.0,0.0,0.0,0.0,0.0,0.0,11.85821103553059,1.0,0,0,0.0,126784.85,572,2012,4
2013-01-07,Beans (white),141238.32,NGN,NGN/MT,Interpolated,wholesale,National,,,0.69,False,Gap-filled by interpolation,Interpolated,historical,False,,141238.32,157.31,160.55555555555554,97.0,11.4,12.5,1,0,0,0,0,0,0,0,0,1,0,0,1,0,0,0,0,0,0,1,0.4999999999999999,0.8660254037844387,0.2393156642875577,0.970941817426052,897.83,141238.32,141238.32,141238.32,141238.32,141238.32,141238.32,141238.32,141238.32,0.0,141238.32,0.0,141238.32,0.007313798674409305,141238.32,0.0018914255727765009,141238.32,141238.32,141238.32,141238.32,0.0,0.0,0.0,0.0,0.0,0.0,0.0,11.85821103553059,1.0,0,0,0.0,126784.85,573,2013,1
2013-01-14,Beans (white),141238.32,NGN,NGN/MT,Interpolated,wholesale,National,,,0.69,False,Gap-filled by interpolation,Interpolated,historical,False,,141238.32,157.31,160.55555555555554,97.0,11.4,12.5,1,0,0,0,0,0,0,0,0,1,0,0,1,0,0,0,0,0,0,1,0.4999999999999999,0.8660254037844387,0.3546048870425356,0.9350162426854148,897.83,141238.32,141238.32,141238.32,141238.32,141238.32,141238.32,141238.32,141238.32,0.0,141238.32,0.0,141238.32,0.007313798674409305,141238.32,0.0018914255727765009,141238.32,141238.32,141238.32,141238.32,0.0,0.0,0.0,0.0,0.0,0.0,0.0,11.85821103553059,1.0,0,0,0.0,126784.85,574,2013,1
2013-01-21,Beans (white),141238.32,NGN,NGN/MT,Interpolated,wholesale,National,,,0.69,False,Gap-filled by interpolation,Interpolated,historical,False,,141238.32,157.31,160.55555555555554,97.0,11.4,12.5,1,0,0,0,0,0,0,0,0,1,0,0,1,0,0,0,0,0,0,1,0.4999999999999999,0.8660254037844387,0.4647231720437685,0.8854560256532099,897.83,141238.32,141238.32,141238.32,141238.32,141238.32,141238.32,141238.32,141238.32,0.0,141238.32,0.0,141238.32,0.007313798674409305,141238.32,0.0018914255727765009,141238.32,141238.32,141238.32,141238.32,0.0,0.0,0.0,0.0,0.0,0.0,0.0,11.85821103553059,1.0,0,0,0.0,126784.85,575,2013,1
2013-01-28,Beans (white),141238.32,NGN,NGN/MT,Interpolated,wholesale,National,,,0.69,False,Gap-filled by interpolation,Interpolated,historical,False,,141238.32,157.31,160.55555555555554,97.0,11.4,12.5,1,0,0,0,0,0,0,0,0,1,0,0,1,0,0,0,0,0,0,1,0.4999999999999999,0.8660254037844387,0.5680647467311558,0.8229838658936564,897.83,141238.32,141238.32,141238.32,141238.32,141238.32,141238.32,141238.32,141238.32,0.0,141238.32,0.0,141238.32,0.007313798674409305,141238.32,0.0018914255727765009,141238.32,141238.32,141238.32,141238.32,0.0,0.0,0.0,0.0,0.0,0.0,0.0,11.85821103553059,1.0,0,0,0.0,126784.85,576,2013,1
2013-02-04,Beans (white),141238.32,NGN,NGN/MT,Interpolated,wholesale,National,,,0.69,False,Gap-filled by interpolation,Interpolated,historical,False,,141238.32,157.31,160.55555555555554,97.0,11.4,12.5,1,0,0,0,0,0,0,0,1,1,0,0,1,0,0,0,0,0,0,0,0.8660254037844386,0.5000000000000001,0.6631226582407952,0.7485107481711011,897.83,141238.32,141238.32,141238.32,141238.32,141238.32,141238.32,141238.32,141238.32,0.0,141238.32,0.0,141238.32,0.007313798674409305,141238.32,0.0018914255727765009,141238.32,141238.32,141238.32,141238.32,0.0,0.0,0.0,0.0,0.0,0.0,0.0,11.85821103553059,1.0,0,0,0.0,126784.85,577,2013,1
2013-02-11,Beans (white),141238.32,NGN,NGN/MT,Interpolated,wholesale,National,,,0.69,False,Gap-filled by interpolation,Interpolated,historical,False,,141238.32,157.31,160.55555555555554,97.0,11.4,12.5,1,0,0,0,0,0,0,0,1,1,0,0,1,0,0,0,0,0,0,0,0.8660254037844386,0.5000000000000001,0.7485107481711011,0.6631226582407953,897.83,141238.32,141238.32,141238.32,141238.32,141238.32,141238.32,141238.32,141238.32,0.0,141238.32,0.0,141238.32,0.007313798674409305,141238.32,0.0018914255727765009,141238.32,141238.32,141238.32,141238.32,0.0,0.0,0.0,0.0,0.0,0.0,0.0,11.85821103553059,1.0,0,0,0.0,126784.85,578,2013,1
2013-02-18,Beans (white),141238.32,NGN,NGN/MT,Interpolated,wholesale,National,,,0.69,False,Gap-filled by interpolation,Interpolated,historical,False,,141238.32,157.31,160.55555555555554,97.0,11.4,12.5,1,0,0,0,0,0,0,0,1,1,0,0,1,0,0,0,0,0,0,0,0.8660254037844386,0.5000000000000001,0.8229838658936564,0.5680647467311559,897.83,141238.32,141238.32,141238.32,141238.32,141238.32,141238.32,141238.32,141238.32,0.0,141238.32,0.0,141238.32,0.007313798674409305,141238.32,0.0018914255727765009,141238.32,141238.32,141238.32,141238.32,0.0,0.0,0.0,0.0,0.0,0.0,0.0,11.85821103553059,1.0,0,0,0.0,126784.85,579,2013,1
2013-02-25,Beans (white),141238.32,NGN,NGN/MT,Interpolated,wholesale,National,,,0.69,False,Gap-filled by interpolation,Interpolated,historical,False,,141238.32,157.31,160.55555555555554,97.0,11.4,12.5,1,0,0,0,0,0,0,0,1,1,0,0,1,0,0,0,0,0,0,0,0.8660254037844386,0.5000000000000001,0.8854560256532099,0.4647231720437686,897.83,141238.32,141238.32,141238.32,141238.32,141238.32,141238.32,141238.32,141238.32,0.0,141238.32,0.0,141238.32,0.007313798674409305,141238.32,0.0018914255727765009,141238.32,141238.32,141238.32,141238.32,0.0,0.0,0.0,0.0,0.0,0.0,0.0,11.85821103553059,1.0,0,0,0.0,126784.85,580,2013,1
2013-03-04,Beans (white),141238.32,NGN,NGN/MT,Interpolated,wholesale,National,,,0.69,False,Gap-filled by interpolation,Interpolated,historical,False,,141238.32,157.31,160.55555555555554,97.0,11.4,12.5,1,0,0,1,0,0,0,0,1,1,0,0,0,0,0,0,0,0,0,0,1.0,6.123233995736766e-17,0.9350162426854148,0.3546048870425355,897.83,141238.32,141238.32,141238.32,141238.32,141238.32,141238.32,141238.32,141238.32,0.0,141238.32,0.0,141238.32,0.007313798674409305,141238.32,0.0018914255727765009,141238.32,141238.32,141238.32,141238.32,0.0,0.0,0.0,0.0,0.0,0.0,0.0,11.85821103553059,1.0,0,0,0.0,126784.85,581,2013,1
2013-03-11,Beans (white),141238.32,NGN,NGN/MT,Interpolated,wholesale,National,,,0.69,False,Gap-filled by interpolation,Interpolated,historical,False,,141238.32,157.31,160.55555555555554,97.0,11.4,12.5,1,0,0,1,0,0,0,0,1,1,0,0,0,0,0,0,0,0,0,0,1.0,6.123233995736766e-17,0.970941817426052,0.239315664287558,897.83,141238.32,141238.32,141238.32,141238.32,141238.32,141238.32,141238.32,141238.32,0.0,141238.32,0.0,141238.32,0.007313798674409305,141238.32,0.0018914255727765009,141238.32,141238.32,141238.32,141238.32,0.0,0.0,0.0,0.0,0.0,0.0,0.0,11.85821103553059,1.0,0,0,0.0,126784.85,582,2013,1
2013-03-18,Beans (white),141238.32,NGN,NGN/MT,Interpolated,wholesale,National,,,0.69,False,Gap-filled by interpolation,Interpolated,historical,False,,141238.32,157.31,160.55555555555554,97.0,11.4,12.5,1,0,0,1,0,0,0,0,1,1,0,0,0,0,0,0,0,0,0,0,1.0,6.123233995736766e-17,0.992708874098054,0.120536680255323,897.83,141238.32,141238.32,141238.32,141238.32,141238.32,141238.32,141238.32,141238.32,0.0,141238.32,0.0,141238.32,0.007313798674409305,141238.32,0.0018914255727765009,141238.32,141238.32,141238.32,141238.32,0.0,0.0,0.0,0.0,0.0,0.0,0.0,11.85821103553059,1.0,0,0,0.0,126784.85,583,2013,1
2013-03-25,Beans (white),141238.32,NGN,NGN/MT,Interpolated,wholesale,National,,,0.69,False,Gap-filled by interpolation,Interpolated,historical,False,,141238.32,157.31,160.55555555555554,97.0,11.4,12.5,1,0,0,1,0,0,0,0,1,1,0,0,0,0,0,0,0,0,0,0,1.0,6.123233995736766e-17,1.0,-1.6081226496766364e-16,897.83,141238.32,141238.32,141238.32,141238.32,141238.32,141238.32,141238.32,141238.32,0.0,141238.32,0.0,141238.32,0.007313798674409305,141238.32,0.0018914255727765009,141238.32,141238.32,141238.32,141238.32,0.0,0.0,0.0,0.0,0.0,0.0,0.0,11.85821103553059,1.0,0,0,0.0,126784.85,584,2013,1
2013-04-01,Beans (white),141238.32,NGN,NGN/MT,Interpolated,wholesale,National,,,0.69,False,Gap-filled by interpolation,Interpolated,historical,False,,141238.32,157.31,160.55555555555554,97.0,11.4,12.5,0,1,1,1,0,0,0,0,1,0,0,0,0,0,0,0,0,0,0,0,0.8660254037844387,-0.4999999999999998,0.992708874098054,-0.1205366802553228,897.83,141238.32,141238.32,141238.32,141238.32,141238.32,141238.32,141238.32,141238.32,0.0,141238.32,0.0,141238.32,0.007313798674409305,141238.32,0.0018914255727765009,141238.32,141238.32,141238.32,141238.32,0.0,0.0,0.0,0.0,0.0,0.0,0.0,11.85821103553059,1.0,0,0,0.333,126784.85,585,2013,2
2013-04-08,Beans (white),141238.32,NGN,NGN/MT,Interpolated,wholesale,National,,,0.69,False,Gap-filled by interpolation,Interpolated,historical,False,,141238.32,157.31,160.55555555555554,97.0,11.4,12.5,0,1,1,1,0,0,0,0,1,0,0,0,0,0,0,0,0,0,0,0,0.8660254037844387,-0.4999999999999998,0.970941817426052,-0.2393156642875575,897.83,141238.32,141238.32,141238.32,141238.32,141238.32,141238.32,141238.32,141238.32,0.0,141238.32,0.0,141238.32,0.007313798674409305,141238.32,0.0018914255727765009,141238.32,141238.32,141238.32,141238.32,0.0,0.0,0.0,0.0,0.0,0.0,0.0,11.85821103553059,1.0,0,0,0.333,126784.85,586,2013,2
2013-04-15,Beans (white),141238.32,NGN,NGN/MT,Interpolated,wholesale,National,,,0.69,False,Gap-filled by interpolation,Interpolated,historical,False,,141238.32,157.31,160.55555555555554,97.0,11.4,12.5,0,1,1,1,0,0,0,0,1,0,0,0,0,0,0,0,0,0,0,0,0.8660254037844387,-0.4999999999999998,0.9350162426854148,-0.3546048870425354,897.83,141238.32,141238.32,141238.32,141238.32,141238.32,141238.32,141238.32,141238.32,0.0,141238.32,0.0,141238.32,0.007313798674409305,141238.32,0.0018914255727765009,141238.32,141238.32,141238.32,141238.32,0.0,0.0,0.0,0.0,0.0,0.0,0.0,11.85821103553059,1.0,0,0,0.333,126784.85,587,2013,2
2013-04-22,Beans (white),141238.32,NGN,NGN/MT,Interpolated,wholesale,National,,,0.69,False,Gap-filled by interpolation,Interpolated,historical,False,,141238.32,157.31,160.55555555555554,97.0,11.4,12.5,0,1,1,1,0,0,0,0,1,0,0,0,0,0,0,0,0,0,0,0,0.8660254037844387,-0.4999999999999998,0.8854560256532099,-0.4647231720437685,897.83,141238.32,141238.32,141238.32,141238.32,141238.32,141238.32,141238.32,141238.32,0.0,141238.32,0.0,141238.32,0.007313798674409305,141238.32,0.0018914255727765009,141238.32,141238.32,141238.32,141238.32,0.0,0.0,0.0,0.0,0.0,0.0,0.0,11.85821103553059,1.0,0,0,0.333,126784.85,588,2013,2
2013-04-29,Beans (white),141238.32,NGN,NGN/MT,Interpolated,wholesale,National,,,0.69,False,Gap-filled by interpolation,Interpolated,historical,False,,141238.32,157.31,160.55555555555554,97.0,11.4,12.5,0,1,1,1,0,0,0,0,1,0,0,0,0,0,0,0,0,0,0,0,0.8660254037844387,-0.4999999999999998,0.8229838658936565,-0.5680647467311557,897.83,141238.32,141238.32,141238.32,141238.32,141238.32,141238.32,141238.32,141238.32,0.0,141238.32,0.0,141238.32,0.007313798674409305,141238.32,0.0018914255727765009,141238.32,141238.32,141238.32,141238.32,0.0,0.0,0.0,0.0,0.0,0.0,0.0,11.85821103553059,1.0,0,0,0.333,126784.85,589,2013,2
2013-05-06,Beans (white),141238.32,NGN,NGN/MT,Interpolated,wholesale,National,,,0.69,False,Gap-filled by interpolation,Interpolated,historical,False,,141238.32,157.31,160.55555555555554,97.0,11.4,12.5,0,1,1,1,0,0,0,0,1,0,1,0,0,0,0,0,0,0,0,0,0.4999999999999999,-0.8660254037844387,0.7485107481711013,-0.663122658240795,897.83,141238.32,141238.32,141238.32,141238.32,141238.32,141238.32,141238.32,141238.32,0.0,141238.32,0.0,141238.32,0.007313798674409305,141238.32,0.0018914255727765009,141238.32,141238.32,141238.32,141238.32,0.0,0.0,0.0,0.0,0.0,0.0,0.0,11.85821103553059,1.0,0,0,0.333,126784.85,590,2013,2
2013-05-13,Beans (white),141238.32,NGN,NGN/MT,Interpolated,wholesale,National,,,0.69,False,Gap-filled by interpolation,Interpolated,historical,False,,141238.32,157.31,160.55555555555554,97.0,11.4,12.5,0,1,1,1,0,0,0,0,1,0,1,0,0,0,0,0,0,0,0,0,0.4999999999999999,-0.8660254037844387,0.6631226582407952,-0.7485107481711012,897.83,141238.32,141238.32,141238.32,141238.32,141238.32,141238.32,141238.32,141238.32,0.0,141238.32,0.0,141238.32,0.007313798674409305,141238.32,0.0018914255727765009,141238.32,141238.32,141238.32,141238.32,0.0,0.0,0.0,0.0,0.0,0.0,0.0,11.85821103553059,1.0,0,0,0.333,126784.85,591,2013,2
2013-05-20,Beans (white),141238.32,NGN,NGN/MT,Interpolated,wholesale,National,,,0.69,False,Gap-filled by interpolation,Interpolated,historical,False,,141238.32,157.31,160.55555555555554,97.0,11.4,12.5,0,1,1,1,0,0,0,0,1,0,1,0,0,0,0,0,0,0,0,0,0.4999999999999999,-0.8660254037844387,0.5680647467311558,-0.8229838658936564,897.83,141238.32,141238.32,141238.32,141238.32,141238.32,141238.32,141238.32,141238.32,0.0,141238.32,0.0,141238.32,0.007313798674409305,141238.32,0.0018914255727765009,141238.32,141238.32,141238.32,141238.32,0.0,0.0,0.0,0.0,0.0,0.0,0.0,11.85821103553059,1.0,0,0,0.333,126784.85,592,2013,2
2013-05-27,Beans (white),141238.32,NGN,NGN/MT,Interpolated,wholesale,National,,,0.69,False,Gap-filled by interpolation,Interpolated,historical,False,,141238.32,157.31,160.55555555555554,97.0,11.4,12.5,0,1,1,1,0,0,0,0,1,0,1,0,0,0,0,0,0,0,0,0,0.4999999999999999,-0.8660254037844387,0.464723172043769,-0.8854560256532096,897.83,141238.32,141238.32,141238.32,141238.32,141238.32,141238.32,141238.32,141238.32,0.0,141238.32,0.0,141238.32,0.007313798674409305,141238.32,0.0018914255727765009,141238.32,141238.32,141238.32,141238.32,0.0,0.0,0.0,0.0,0.0,0.0,0.0,11.85821103553059,1.0,0,0,0.333,126784.85,593,2013,2
2013-06-03,Beans (white),141238.32,NGN,NGN/MT,Interpolated,wholesale,National,,,0.69,False,Gap-filled by interpolation,Interpolated,historical,False,,141238.32,157.31,160.55555555555554,97.0,11.4,12.5,0,1,1,0,0,0,0,1,0,0,1,0,0,0,0,0,0,0,1,0,1.2246467991473532e-16,-1.0,0.3546048870425358,-0.9350162426854148,897.83,141238.32,141238.32,141238.32,141238.32,141238.32,141238.32,141238.32,141238.32,0.0,141238.32,0.0,141238.32,0.007313798674409305,141238.32,0.0018914255727765009,141238.32,141238.32,141238.32,141238.32,0.0,0.0,0.0,0.0,0.0,0.0,0.0,11.85821103553059,1.0,0,0,0.667,126784.85,594,2013,2
2013-06-10,Beans (white),141238.32,NGN,NGN/MT,Interpolated,wholesale,National,,,0.69,False,Gap-filled by interpolation,Interpolated,historical,False,,141238.32,157.31,160.55555555555554,97.0,11.4,12.5,0,1,1,0,0,0,0,1,0,0,1,0,0,0,0,0,0,0,1,0,1.2246467991473532e-16,-1.0,0.2393156642875576,-0.970941817426052,897.83,141238.32,141238.32,141238.32,141238.32,141238.32,141238.32,141238.32,141238.32,0.0,141238.32,0.0,141238.32,0.007313798674409305,141238.32,0.0018914255727765009,141238.32,141238.32,141238.32,141238.32,0.0,0.0,0.0,0.0,0.0,0.0,0.0,11.85821103553059,1.0,0,0,0.667,126784.85,595,2013,2
2013-06-17,Beans (white),141238.32,NGN,NGN/MT,Interpolated,wholesale,National,,,0.69,False,Gap-filled by interpolation,Interpolated,historical,False,,141238.32,157.31,160.55555555555554,97.0,11.4,12.5,0,1,1,0,0,0,0,1,0,0,1,0,0,0,0,0,0,0,1,0,1.2246467991473532e-16,-1.0,0.120536680255323,-0.992708874098054,897.83,141238.32,141238.32,141238.32,141238.32,141238.32,141238.32,141238.32,141238.32,0.0,141238.32,0.0,141238.32,0.007313798674409305,141238.32,0.0018914255727765009,141238.32,141238.32,141238.32,141238.32,0.0,0.0,0.0,0.0,0.0,0.0,0.0,11.85821103553059,1.0,0,0,0.667,126784.85,596,2013,2
2013-06-24,Beans (white),141238.32,NGN,NGN/MT,Interpolated,wholesale,National,,,0.69,False,Gap-filled by interpolation,Interpolated,historical,False,,141238.32,157.31,160.55555555555554,97.0,11.4,12.5,0,1,1,0,0,0,0,1,0,0,1,0,0,0,0,0,0,0,1,0,1.2246467991473532e-16,-1.0,-3.216245299353273e-16,-1.0,897.83,141238.32,141238.32,141238.32,141238.32,141238.32,141238.32,141238.32,141238.32,0.0,141238.32,0.0,141238.32,0.007313798674409305,141238.32,0.0018914255727765009,141238.32,141238.32,141238.32,141238.32,0.0,0.0,0.0,0.0,0.0,0.0,0.0,11.85821103553059,1.0,0,0,0.667,126784.85,597,2013,2
2013-07-01,Beans (white),141238.32,NGN,NGN/MT,Interpolated,wholesale,National,,,0.69,False,Gap-filled by interpolation,Interpolated,historical,False,,141238.32,157.31,160.55555555555554,97.0,11.4,12.5,0,1,1,0,0,0,1,1,0,0,1,0,0,0,0,0,0,0,1,0,-0.4999999999999997,-0.8660254037844388,-0.1205366802553228,-0.992708874098054,897.83,141238.32,141238.32,141238.32,141238.32,141238.32,141238.32,141238.32,141238.32,0.0,141238.32,0.0,141238.32,0.007313798674409305,141238.32,0.0018914255727765009,141238.32,141238.32,141238.32,141238.32,0.0,0.0,0.0,0.0,0.0,0.0,0.0,11.85821103553059,1.0,0,0,0.667,126784.85,598,2013,3
2013-07-08,Beans (white),141238.32,NGN,NGN/MT,Interpolated,wholesale,National,,,0.69,False,Gap-filled by interpolation,Interpolated,historical,False,,141238.32,157.31,160.55555555555554,97.0,11.4,12.5,0,1,1,0,0,0,1,1,0,0,1,0,0,0,0,0,0,0,1,0,-0.4999999999999997,-0.8660254037844388,-0.2393156642875574,-0.970941817426052,897.83,141238.32,141238.32,141238.32,141238.32,141238.32,141238.32,141238.32,141238.32,0.0,141238.32,0.0,141238.32,0.007313798674409305,141238.32,0.0018914255727765009,141238.32,141238.32,141238.32,141238.32,0.0,0.0,0.0,0.0,0.0,0.0,0.0,11.85821103553059,1.0,0,0,0.667,126784.85,599,2013,3
2013-07-15,Beans (white),141238.32,NGN,NGN/MT,Interpolated,wholesale,National,,,0.69,False,Gap-filled by interpolation,Interpolated,historical,False,,141238.32,157.31,160.55555555555554,97.0,11.4,12.5,0,1,1,0,0,0,1,1,0,0,1,0,0,0,0,0,0,1,1,0,-0.4999999999999997,-0.8660254037844388,-0.3546048870425356,-0.9350162426854148,897.83,141238.32,141238.32,141238.32,141238.32,141238.32,141238.32,141238.32,141238.32,0.0,141238.32,0.0,141238.32,0.007313798674409305,141238.32,0.0018914255727765009,141238.32,141238.32,141238.32,141238.32,0.0,0.0,0.0,0.0,0.0,0.0,0.0,11.85821103553059,1.0,0,0,0.667,126784.85,600,2013,3
2013-07-22,Beans (white),141238.32,NGN,NGN/MT,Interpolated,wholesale,National,,,0.69,False,Gap-filled by interpolation,Interpolated,historical,False,,141238.32,157.31,160.55555555555554,97.0,11.4,12.5,0,1,1,0,0,0,1,1,0,0,1,0,0,0,0,0,0,1,1,0,-0.4999999999999997,-0.8660254037844388,-0.464723172043768,-0.8854560256532101,897.83,141238.32,141238.32,141238.32,141238.32,141238.32,141238.32,141238.32,141238.32,0.0,141238.32,0.0,141238.32,0.007313798674409305,141238.32,0.0018914255727765009,141238.32,141238.32,141238.32,141238.32,0.0,0.0,0.0,0.0,0.0,0.0,0.0,11.85821103553059,1.0,0,0,0.667,126784.85,601,2013,3
2013-07-29,Beans (white),141238.32,NGN,NGN/MT,Interpolated,wholesale,National,,,0.69,False,Gap-filled by interpolation,Interpolated,historical,False,,141238.32,157.31,160.55555555555554,97.0,11.4,12.5,0,1,1,0,0,0,1,1,0,0,1,0,0,0,0,0,0,1,1,0,-0.4999999999999997,-0.8660254037844388,-0.5680647467311556,-0.8229838658936565,897.83,141238.32,141238.32,141238.32,141238.32,141238.32,141238.32,141238.32,141238.32,0.0,141238.32,0.0,141238.32,0.007313798674409305,141238.32,0.0018914255727765009,141238.32,141238.32,141238.32,141238.32,0.0,0.0,0.0,0.0,0.0,0.0,0.0,11.85821103553059,1.0,0,0,0.667,126784.85,602,2013,3
2013-08-05,Beans (white),141238.32,NGN,NGN/MT,Interpolated,wholesale,National,,,0.69,False,Gap-filled by interpolation,Interpolated,historical,False,,141238.32,157.31,160.55555555555554,97.0,11.4,12.5,0,1,0,0,1,0,1,1,0,0,1,0,0,0,0,1,0,1,1,0,-0.8660254037844384,-0.5000000000000004,-0.663122658240795,-0.7485107481711013,897.83,141238.32,141238.32,141238.32,141238.32,141238.32,141238.32,141238.32,141238.32,0.0,141238.32,0.0,141238.32,0.007313798674409305,141238.32,0.0018914255727765009,141238.32,141238.32,141238.32,141238.32,0.0,0.0,0.0,0.0,0.0,0.0,0.0,11.85821103553059,1.0,0,0,0.333,126784.85,603,2013,3
2013-08-12,Beans (white),141238.32,NGN,NGN/MT,Interpolated,wholesale,National,,,0.69,False,Gap-filled by interpolation,Interpolated,historical,False,,141238.32,157.31,160.55555555555554,97.0,11.4,12.5,0,1,0,0,1,0,1,1,0,0,1,0,0,0,0,1,0,0,1,0,-0.8660254037844384,-0.5000000000000004,-0.7485107481711011,-0.6631226582407952,897.83,141238.32,141238.32,141238.32,141238.32,141238.32,141238.32,141238.32,141238.32,0.0,141238.32,0.0,141238.32,0.007313798674409305,141238.32,0.0018914255727765009,141238.32,141238.32,141238.32,141238.32,0.0,0.0,0.0,0.0,0.0,0.0,0.0,11.85821103553059,1.0,0,0,0.333,126784.85,604,2013,3
2013-08-19,Beans (white),141238.32,NGN,NGN/MT,Interpolated,wholesale,National,,,0.69,False,Gap-filled by interpolation,Interpolated,historical,False,,141238.32,157.31,160.55555555555554,97.0,11.4,12.5,0,1,0,0,1,0,1,1,0,0,1,0,0,0,0,1,0,0,1,0,-0.8660254037844384,-0.5000000000000004,-0.8229838658936564,-0.5680647467311559,897.83,141238.32,141238.32,141238.32,141238.32,141238.32,141238.32,141238.32,141238.32,0.0,141238.32,0.0,141238.32,0.007313798674409305,141238.32,0.0018914255727765009,141238.32,141238.32,141238.32,141238.32,0.0,0.0,0.0,0.0,0.0,0.0,0.0,11.85821103553059,1.0,0,0,0.333,126784.85,605,2013,3
2013-08-26,Beans (white),141238.32,NGN,NGN/MT,Interpolated,wholesale,National,,,0.69,False,Gap-filled by interpolation,Interpolated,historical,False,,141238.32,157.31,160.55555555555554,97.0,11.4,12.5,0,1,0,0,1,0,1,1,0,0,1,0,0,0,0,1,0,0,1,0,-0.8660254037844384,-0.5000000000000004,-0.8854560256532096,-0.4647231720437691,897.83,141238.32,141238.32,141238.32,141238.32,141238.32,141238.32,141238.32,141238.32,0.0,141238.32,0.0,141238.32,0.007313798674409305,141238.32,0.0018914255727765009,141238.32,141238.32,141238.32,141238.32,0.0,0.0,0.0,0.0,0.0,0.0,0.0,11.85821103553059,1.0,0,0,0.333,126784.85,606,2013,3
2013-09-02,Beans (white),141238.32,NGN,NGN/MT,Interpolated,wholesale,National,,,0.69,False,Gap-filled by interpolation,Interpolated,historical,False,,141238.32,157.31,160.55555555555554,97.0,11.4,12.5,0,1,0,0,1,1,0,0,0,0,0,0,0,0,0,1,0,0,0,0,-1.0,-1.8369701987210294e-16,-0.9350162426854148,-0.3546048870425359,897.83,141238.32,141238.32,141238.32,141238.32,141238.32,141238.32,141238.32,141238.32,0.0,141238.32,0.0,141238.32,0.007313798674409305,141238.32,0.0018914255727765009,141238.32,141238.32,141238.32,141238.32,0.0,0.0,0.0,0.0,0.0,0.0,0.0,11.85821103553059,1.0,0,0,0.333,126784.85,607,2013,3
2013-09-09,Beans (white),141238.32,NGN,NGN/MT,Interpolated,wholesale,National,,,0.69,False,Gap-filled by interpolation,Interpolated,historical,False,,141238.32,157.31,160.55555555555554,97.0,11.4,12.5,0,1,0,0,1,1,0,0,0,0,0,0,0,0,0,1,0,0,0,0,-1.0,-1.8369701987210294e-16,-0.970941817426052,-0.2393156642875577,897.83,141238.32,141238.32,141238.32,141238.32,141238.32,141238.32,141238.32,141238.32,0.0,141238.32,0.0,141238.32,0.007313798674409305,141238.32,0.0018914255727765009,141238.32,141238.32,141238.32,141238.32,0.0,0.0,0.0,0.0,0.0,0.0,0.0,11.85821103553059,1.0,0,0,0.333,126784.85,608,2013,3
2013-09-16,Beans (white),141238.32,NGN,NGN/MT,Interpolated,wholesale,National,,,0.69,False,Gap-filled by interpolation,Interpolated,historical,False,,141238.32,157.31,160.55555555555554,97.0,11.4,12.5,0,1,0,0,1,1,0,0,0,0,0,0,0,0,0,1,0,0,0,0,-1.0,-1.8369701987210294e-16,-0.992708874098054,-0.1205366802553235,897.83,141238.32,141238.32,141238.32,141238.32,141238.32,141238.32,141238.32,141238.32,0.0,141238.32,0.0,141238.32,0.007313798674409305,141238.32,0.0018914255727765009,141238.32,141238.32,141238.32,141238.32,0.0,0.0,0.0,0.0,0.0,0.0,0.0,11.85821103553059,1.0,0,0,0.333,126784.85,609,2013,3
2013-09-23,Beans (white),141238.32,NGN,NGN/MT,Interpolated,wholesale,National,,,0.69,False,Gap-filled by interpolation,Interpolated,historical,False,,141238.32,157.31,160.55555555555554,97.0,11.4,12.5,0,1,0,0,1,1,0,0,0,0,0,0,0,0,0,1,0,0,0,0,-1.0,-1.8369701987210294e-16,-1.0,-1.8369701987210294e-16,897.83,141238.32,141238.32,141238.32,141238.32,141238.32,141238.32,141238.32,141238.32,0.0,141238.32,0.0,141238.32,0.007313798674409305,141238.32,0.0018914255727765009,141238.32,141238.32,141238.32,141238.32,0.0,0.0,0.0,0.0,0.0,0.0,0.0,11.85821103553059,1.0,0,0,0.333,126784.85,610,2013,3
2013-09-30,Beans (white),141238.32,NGN,NGN/MT,Interpolated,wholesale,National,,,0.69,False,Gap-filled by interpolation,Interpolated,historical,False,,141238.32,157.31,160.55555555555554,97.0,11.4,12.5,0,1,0,0,1,1,0,0,0,0,0,0,0,0,0,1,0,0,0,0,-1.0,-1.8369701987210294e-16,-0.992708874098054,0.1205366802553232,897.83,141238.32,141238.32,141238.32,141238.32,141238.32,141238.32,141238.32,141238.32,0.0,141238.32,0.0,141238.32,0.007313798674409305,141238.32,0.0018914255727765009,141238.32,141238.32,141238.32,141238.32,0.0,0.0,0.0,0.0,0.0,0.0,0.0,11.85821103553059,1.0,0,0,0.333,126784.85,611,2013,3
2013-10-07,Beans (white),141238.32,NGN,NGN/MT,Interpolated,wholesale,National,,,0.69,False,Gap-filled by interpolation,Interpolated,historical,False,,141238.32,157.31,160.55555555555554,97.0,11.4,12.5,0,1,0,0,0,1,0,0,0,1,0,1,0,1,1,1,1,0,0,0,-0.8660254037844386,0.5000000000000001,-0.970941817426052,0.2393156642875573,897.83,141238.32,141238.32,141238.32,141238.32,141238.32,141238.32,141238.32,141238.32,0.0,141238.32,0.0,141238.32,0.007313798674409305,141238.32,0.0018914255727765009,141238.32,141238.32,141238.32,141238.32,0.0,0.0,0.0,0.0,0.0,0.0,0.0,11.85821103553059,1.0,0,0,0.333,126784.85,612,2013,4
2013-10-14,Beans (white),141238.32,NGN,NGN/MT,Interpolated,wholesale,National,,,0.69,False,Gap-filled by interpolation,Interpolated,historical,False,,141238.32,157.31,160.55555555555554,97.0,11.4,12.5,0,1,0,0,0,1,0,0,0,1,0,1,0,1,1,1,1,0,0,0,-0.8660254037844386,0.5000000000000001,-0.9350162426854148,0.3546048870425355,897.83,141238.32,141238.32,141238.32,141238.32,141238.32,141238.32,141238.32,141238.32,0.0,141238.32,0.0,141238.32,0.007313798674409305,141238.32,0.0018914255727765009,141238.32,141238.32,141238.32,141238.32,0.0,0.0,0.0,0.0,0.0,0.0,0.0,11.85821103553059,1.0,0,0,0.333,126784.85,613,2013,4
2013-10-21,Beans (white),141238.32,NGN,NGN/MT,Interpolated,wholesale,National,,,0.69,False,Gap-filled by interpolation,Interpolated,historical,False,,141238.32,157.31,160.55555555555554,97.0,11.4,12.5,0,1,0,0,0,1,0,0,0,1,0,1,0,1,1,1,1,0,0,0,-0.8660254037844386,0.5000000000000001,-0.8854560256532101,0.464723172043768,897.83,141238.32,141238.32,141238.32,141238.32,141238.32,141238.32,141238.32,141238.32,0.0,141238.32,0.0,141238.32,0.007313798674409305,141238.32,0.0018914255727765009,141238.32,141238.32,141238.32,141238.32,0.0,0.0,0.0,0.0,0.0,0.0,0.0,11.85821103553059,1.0,0,0,0.333,126784.85,614,2013,4
2013-10-28,Beans (white),141238.32,NGN,NGN/MT,Interpolated,wholesale,National,,,0.69,False,Gap-filled by interpolation,Interpolated,historical,False,,141238.32,157.31,160.55555555555554,97.0,11.4,12.5,0,1,0,0,0,1,0,0,0,1,0,1,0,1,1,1,1,0,0,0,-0.8660254037844386,0.5000000000000001,-0.822983865893657,0.5680647467311548,897.83,141238.32,141238.32,141238.32,141238.32,141238.32,141238.32,141238.32,141238.32,0.0,141238.32,0.0,141238.32,0.007313798674409305,141238.32,0.0018914255727765009,141238.32,141238.32,141238.32,141238.32,0.0,0.0,0.0,0.0,0.0,0.0,0.0,11.85821103553059,1.0,0,0,0.333,126784.85,615,2013,4
2013-11-04,Beans (white),141238.32,NGN,NGN/MT,Interpolated,wholesale,National,,,0.69,False,Gap-filled by interpolation,Interpolated,historical,False,,141238.32,157.31,160.55555555555554,97.0,11.4,12.5,1,0,0,0,0,1,0,0,0,1,0,1,1,1,1,0,1,0,0,0,-0.5000000000000004,0.8660254037844384,-0.7485107481711011,0.6631226582407952,897.83,141238.32,141238.32,141238.32,141238.32,141238.32,141238.32,141238.32,141238.32,0.0,141238.32,0.0,141238.32,0.007313798674409305,141238.32,0.0018914255727765009,141238.32,141238.32,141238.32,141238.32,0.0,0.0,0.0,0.0,0.0,0.0,0.0,11.85821103553059,1.0,0,0,0.333,126784.85,616,2013,4
2013-11-11,Beans (white),141238.32,NGN,NGN/MT,Interpolated,wholesale,National,,,0.69,False,Gap-filled by interpolation,Interpolated,historical,False,,141238.32,157.31,160.55555555555554,97.0,11.4,12.5,1,0,0,0,0,1,0,0,0,1,0,1,1,1,1,0,1,0,0,0,-0.5000000000000004,0.8660254037844384,-0.6631226582407955,0.7485107481711007,897.83,141238.32,141238.32,141238.32,141238.32,141238.32,141238.32,141238.32,141238.32,0.0,141238.32,0.0,141238.32,0.007313798674409305,141238.32,0.0018914255727765009,141238.32,141238.32,141238.32,141238.32,0.0,0.0,0.0,0.0,0.0,0.0,0.0,11.85821103553059,1.0,0,0,0.333,126784.85,617,2013,4
2013-11-18,Beans (white),141238.32,NGN,NGN/MT,Interpolated,wholesale,National,,,0.69,False,Gap-filled by interpolation,Interpolated,historical,False,,141238.32,157.31,160.55555555555554,97.0,11.4,12.5,1,0,0,0,0,1,0,0,0,1,0,1,1,1,1,0,1,0,0,0,-0.5000000000000004,0.8660254037844384,-0.5680647467311559,0.8229838658936564,897.83,141238.32,141238.32,141238.32,141238.32,141238.32,141238.32,141238.32,141238.32,0.0,141238.32,0.0,141238.32,0.007313798674409305,141238.32,0.0018914255727765009,141238.32,141238.32,141238.32,141238.32,0.0,0.0,0.0,0.0,0.0,0.0,0.0,11.85821103553059,1.0,0,0,0.333,126784.85,618,2013,4
2013-11-25,Beans (white),141238.32,NGN,NGN/MT,Interpolated,wholesale,National,,,0.69,False,Gap-filled by interpolation,Interpolated,historical,False,,141238.32,157.31,160.55555555555554,97.0,11.4,12.5,1,0,0,0,0,1,0,0,0,1,0,1,1,1,1,0,1,0,0,0,-0.5000000000000004,0.8660254037844384,-0.4647231720437684,0.88545602565321,897.83,141238.32,141238.32,141238.32,141238.32,141238.32,141238.32,141238.32,141238.32,0.0,141238.32,0.0,141238.32,0.007313798674409305,141238.32,0.0018914255727765009,141238.32,141238.32,141238.32,141238.32,0.0,0.0,0.0,0.0,0.0,0.0,0.0,11.85821103553059,1.0,0,0,0.333,126784.85,619,2013,4
2013-12-02,Beans (white),141238.32,NGN,NGN/MT,Interpolated,wholesale,National,,,0.69,False,Gap-filled by interpolation,Interpolated,historical,False,,141238.32,157.31,160.55555555555554,97.0,11.4,12.5,1,0,0,0,0,0,0,0,0,1,0,1,1,1,1,0,0,0,0,1,-2.4492935982947064e-16,1.0,-0.3546048870425359,0.9350162426854148,897.83,141238.32,141238.32,141238.32,141238.32,141238.32,141238.32,141238.32,141238.32,0.0,141238.32,0.0,141238.32,0.007313798674409305,141238.32,0.0018914255727765009,141238.32,141238.32,141238.32,141238.32,0.0,0.0,0.0,0.0,0.0,0.0,0.0,11.85821103553059,1.0,0,0,0.0,126784.85,620,2013,4
2013-12-09,Beans (white),141238.32,NGN,NGN/MT,Interpolated,wholesale,National,,,0.69,False,Gap-filled by interpolation,Interpolated,historical,False,,141238.32,157.31,160.55555555555554,97.0,11.4,12.5,1,0,0,0,0,0,0,0,0,1,0,1,1,1,1,0,0,0,0,1,-2.4492935982947064e-16,1.0,-0.2393156642875578,0.970941817426052,897.83,141238.32,141238.32,141238.32,141238.32,141238.32,141238.32,141238.32,141238.32,0.0,141238.32,0.0,141238.32,0.007313798674409305,141238.32,0.0018914255727765009,141238.32,141238.32,141238.32,141238.32,0.0,0.0,0.0,0.0,0.0,0.0,0.0,11.85821103553059,1.0,0,0,0.0,126784.85,621,2013,4
2013-12-16,Beans (white),141238.32,NGN,NGN/MT,Interpolated,wholesale,National,,,0.69,False,Gap-filled by interpolation,Interpolated,historical,False,,141238.32,157.31,160.55555555555554,97.0,11.4,12.5,1,0,0,0,0,0,0,0,0,1,0,1,1,1,1,0,0,0,0,1,-2.4492935982947064e-16,1.0,-0.1205366802553236,0.992708874098054,897.83,141238.32,141238.32,141238.32,141238.32,141238.32,141238.32,141238.32,141238.32,0.0,141238.32,0.0,141238.32,0.007313798674409305,141238.32,0.0018914255727765009,141238.32,141238.32,141238.32,141238.32,0.0,0.0,0.0,0.0,0.0,0.0,0.0,11.85821103553059,1.0,0,0,0.0,126784.85,622,2013,4
2013-12-23,Beans (white),141238.32,NGN,NGN/MT,Interpolated,wholesale,National,,,0.69,False,Gap-filled by interpolation,Interpolated,historical,False,,141238.32,157.31,160.55555555555554,97.0,11.4,12.5,1,0,0,0,0,0,0,0,0,1,0,1,1,1,1,0,0,0,0,1,-2.4492935982947064e-16,1.0,6.432490598706546e-16,1.0,897.83,141238.32,141238.32,141238.32,141238.32,141238.32,141238.32,141238.32,141238.32,0.0,141238.32,0.0,141238.32,0.007313798674409305,141238.32,0.0018914255727765009,141238.32,141238.32,141238.32,141238.32,0.0,0.0,0.0,0.0,0.0,0.0,0.0,11.85821103553059,1.0,0,0,0.0,126784.85,623,2013,4
2013-12-30,Beans (white),141238.32,NGN,NGN/MT,Interpolated,wholesale,National,,,0.69,False,Gap-filled by interpolation,Interpolated,historical,False,,141238.32,157.31,160.55555555555554,97.0,11.4,12.5,1,0,0,0,0,0,0,0,0,1,0,1,1,1,1,0,0,0,0,1,-2.4492935982947064e-16,1.0,0.120536680255323,0.992708874098054,897.83,141238.32,141238.32,141238.32,141238.32,141238.32,141238.32,141238.32,141238.32,0.0,141238.32,0.0,141238.32,0.007313798674409305,141238.32,0.0018914255727765009,141238.32,141238.32,141238.32,141238.32,0.0,0.0,0.0,0.0,0.0,0.0,0.0,11.85821103553059,1.0,0,0,0.0,126784.85,624,2013,4
2014-01-06,Beans (white),141238.32,NGN,NGN/MT,Interpolated,wholesale,National,,,0.69,False,Gap-filled by interpolation,Interpolated,historical,False,,141238.32,158.55,160.55555555555554,97.0,11.4,12.5,1,0,0,0,0,0,0,0,0,1,0,0,1,0,0,0,0,0,0,1,0.4999999999999999,0.8660254037844387,0.2393156642875577,0.970941817426052,890.81,141238.32,141238.32,141238.32,141238.32,141238.32,141238.32,141238.32,141238.32,0.0,141238.32,0.0,141238.32,0.007313798674409305,141238.32,0.0018914255727765009,141238.32,141238.32,141238.32,141238.32,0.0,0.0,0.0,0.0,0.0,0.0,0.0,11.85821103553059,1.0,0,0,0.0,126784.85,625,2014,1
2014-01-13,Beans (white),141238.32,NGN,NGN/MT,Interpolated,wholesale,National,,,0.69,False,Gap-filled by interpolation,Interpolated,historical,False,,141238.32,158.55,160.55555555555554,97.0,11.4,12.5,1,0,0,0,0,0,0,0,0,1,0,0,1,0,0,0,0,0,0,1,0.4999999999999999,0.8660254037844387,0.3546048870425356,0.9350162426854148,890.81,141238.32,141238.32,141238.32,141238.32,141238.32,141238.32,141238.32,141238.32,0.0,141238.32,0.0,141238.32,0.007313798674409305,141238.32,0.0018914255727765009,141238.32,141238.32,141238.32,141238.32,0.0,0.0,0.0,0.0,0.0,0.0,0.0,11.85821103553059,1.0,0,0,0.0,126784.85,626,2014,1
2014-01-20,Beans (white),141238.32,NGN,NGN/MT,Interpolated,wholesale,National,,,0.69,False,Gap-filled by interpolation,Interpolated,historical,False,,141238.32,158.55,160.55555555555554,97.0,11.4,12.5,1,0,0,0,0,0,0,0,0,1,0,0,1,0,0,0,0,0,0,1,0.4999999999999999,0.8660254037844387,0.4647231720437685,0.8854560256532099,890.81,141238.32,141238.32,141238.32,141238.32,141238.32,141238.32,141238.32,141238.32,0.0,141238.32,0.0,141238.32,0.007313798674409305,141238.32,0.0018914255727765009,141238.32,141238.32,141238.32,141238.32,0.0,0.0,0.0,0.0,0.0,0.0,0.0,11.85821103553059,1.0,0,0,0.0,126784.85,627,2014,1
2014-01-27,Beans (white),141238.32,NGN,NGN/MT,Interpolated,wholesale,National,,,0.69,False,Gap-filled by interpolation,Interpolated,historical,False,,141238.32,158.55,160.55555555555554,97.0,11.4,12.5,1,0,0,0,0,0,0,0,0,1,0,0,1,0,0,0,0,0,0,1,0.4999999999999999,0.8660254037844387,0.5680647467311558,0.8229838658936564,890.81,141238.32,141238.32,141238.32,141238.32,141238.32,141238.32,141238.32,141238.32,0.0,141238.32,0.0,141238.32,0.007313798674409305,141238.32,0.0018914255727765009,141238.32,141238.32,141238.32,141238.32,0.0,0.0,0.0,0.0,0.0,0.0,0.0,11.85821103553059,1.0,0,0,0.0,126784.85,628,2014,1
2014-02-03,Beans (white),141238.32,NGN,NGN/MT,Interpolated,wholesale,National,,,0.69,False,Gap-filled by interpolation,Interpolated,historical,False,,141238.32,158.55,160.55555555555554,97.0,11.4,12.5,1,0,0,0,0,0,0,0,1,1,0,0,1,0,0,0,0,0,0,0,0.8660254037844386,0.5000000000000001,0.6631226582407952,0.7485107481711011,890.81,141238.32,141238.32,141238.32,141238.32,141238.32,141238.32,141238.32,141238.32,0.0,141238.32,0.0,141238.32,0.007313798674409305,141238.32,0.0018914255727765009,141238.32,141238.32,141238.32,141238.32,0.0,0.0,0.0,0.0,0.0,0.0,0.0,11.85821103553059,1.0,0,0,0.0,126784.85,629,2014,1
2014-02-10,Beans (white),141238.32,NGN,NGN/MT,Interpolated,wholesale,National,,,0.69,False,Gap-filled by interpolation,Interpolated,historical,False,,141238.32,158.55,160.55555555555554,97.0,11.4,12.5,1,0,0,0,0,0,0,0,1,1,0,0,1,0,0,0,0,0,0,0,0.8660254037844386,0.5000000000000001,0.7485107481711011,0.6631226582407953,890.81,141238.32,141238.32,141238.32,141238.32,141238.32,141238.32,141238.32,141238.32,0.0,141238.32,0.0,141238.32,0.007313798674409305,141238.32,0.0018914255727765009,141238.32,141238.32,141238.32,141238.32,0.0,0.0,0.0,0.0,0.0,0.0,0.0,11.85821103553059,1.0,0,0,0.0,126784.85,630,2014,1
2014-02-17,Beans (white),141238.32,NGN,NGN/MT,Interpolated,wholesale,National,,,0.69,False,Gap-filled by interpolation,Interpolated,historical,False,,141238.32,158.55,160.55555555555554,97.0,11.4,12.5,1,0,0,0,0,0,0,0,1,1,0,0,1,0,0,0,0,0,0,0,0.8660254037844386,0.5000000000000001,0.8229838658936564,0.5680647467311559,890.81,141238.32,141238.32,141238.32,141238.32,141238.32,141238.32,141238.32,141238.32,0.0,141238.32,0.0,141238.32,0.007313798674409305,141238.32,0.0018914255727765009,141238.32,141238.32,141238.32,141238.32,0.0,0.0,0.0,0.0,0.0,0.0,0.0,11.85821103553059,1.0,0,0,0.0,126784.85,631,2014,1
2014-02-24,Beans (white),141238.32,NGN,NGN/MT,Interpolated,wholesale,National,,,0.69,False,Gap-filled by interpolation,Interpolated,historical,False,,141238.32,158.55,160.55555555555554,97.0,11.4,12.5,1,0,0,0,0,0,0,0,1,1,0,0,1,0,0,0,0,0,0,0,0.8660254037844386,0.5000000000000001,0.8854560256532099,0.4647231720437686,890.81,141238.32,141238.32,141238.32,141238.32,141238.32,141238.32,141238.32,141238.32,0.0,141238.32,0.0,141238.32,0.007313798674409305,141238.32,0.0018914255727765009,141238.32,141238.32,141238.32,141238.32,0.0,0.0,0.0,0.0,0.0,0.0,0.0,11.85821103553059,1.0,0,0,0.0,126784.85,632,2014,1
2014-03-03,Beans (white),141238.32,NGN,NGN/MT,Interpolated,wholesale,National,,,0.69,False,Gap-filled by interpolation,Interpolated,historical,False,,141238.32,158.55,160.55555555555554,97.0,11.4,12.5,1,0,0,1,0,0,0,0,1,1,0,0,0,0,0,0,0,0,0,0,1.0,6.123233995736766e-17,0.9350162426854148,0.3546048870425355,890.81,141238.32,141238.32,141238.32,141238.32,141238.32,141238.32,141238.32,141238.32,0.0,141238.32,0.0,141238.32,0.007313798674409305,141238.32,0.0018914255727765009,141238.32,141238.32,141238.32,141238.32,0.0,0.0,0.0,0.0,0.0,0.0,0.0,11.85821103553059,1.0,0,0,0.0,126784.85,633,2014,1
2014-03-10,Beans (white),141238.32,NGN,NGN/MT,Interpolated,wholesale,National,,,0.69,False,Gap-filled by interpolation,Interpolated,historical,False,,141238.32,158.55,160.55555555555554,97.0,11.4,12.5,1,0,0,1,0,0,0,0,1,1,0,0,0,0,0,0,0,0,0,0,1.0,6.123233995736766e-17,0.970941817426052,0.239315664287558,890.81,141238.32,141238.32,141238.32,141238.32,141238.32,141238.32,141238.32,141238.32,0.0,141238.32,0.0,141238.32,0.007313798674409305,141238.32,0.0018914255727765009,141238.32,141238.32,141238.32,141238.32,0.0,0.0,0.0,0.0,0.0,0.0,0.0,11.85821103553059,1.0,0,0,0.0,126784.85,634,2014,1
2014-03-17,Beans (white),141238.32,NGN,NGN/MT,Interpolated,wholesale,National,,,0.69,False,Gap-filled by interpolation,Interpolated,historical,False,,141238.32,158.55,160.55555555555554,97.0,11.4,12.5,1,0,0,1,0,0,0,0,1,1,0,0,0,0,0,0,0,0,0,0,1.0,6.123233995736766e-17,0.992708874098054,0.120536680255323,890.81,141238.32,141238.32,141238.32,141238.32,141238.32,141238.32,141238.32,141238.32,0.0,141238.32,0.0,141238.32,0.007313798674409305,141238.32,0.0018914255727765009,141238.32,141238.32,141238.32,141238.32,0.0,0.0,0.0,0.0,0.0,0.0,0.0,11.85821103553059,1.0,0,0,0.0,126784.85,635,2014,1
2014-03-24,Beans (white),141238.32,NGN,NGN/MT,Interpolated,wholesale,National,,,0.69,False,Gap-filled by interpolation,Interpolated,historical,False,,141238.32,158.55,160.55555555555554,97.0,11.4,12.5,1,0,0,1,0,0,0,0,1,1,0,0,0,0,0,0,0,0,0,0,1.0,6.123233995736766e-17,1.0,-1.6081226496766364e-16,890.81,141238.32,141238.32,141238.32,141238.32,141238.32,141238.32,141238.32,141238.32,0.0,141238.32,0.0,141238.32,0.007313798674409305,141238.32,0.0018914255727765009,141238.32,141238.32,141238.32,141238.32,0.0,0.0,0.0,0.0,0.0,0.0,0.0,11.85821103553059,1.0,0,0,0.0,126784.85,636,2014,1
2014-03-31,Beans (white),141238.32,NGN,NGN/MT,Interpolated,wholesale,National,,,0.69,False,Gap-filled by interpolation,Interpolated,historical,False,,141238.32,158.55,160.55555555555554,97.0,11.4,12.5,1,0,0,1,0,0,0,0,1,1,0,0,0,0,0,0,0,0,0,0,1.0,6.123233995736766e-17,0.992708874098054,-0.1205366802553228,890.81,141238.32,141238.32,141238.32,141238.32,141238.32,141238.32,141238.32,141238.32,0.0,141238.32,0.0,141238.32,0.007313798674409305,141238.32,0.0018914255727765009,141238.32,141238.32,141238.32,141238.32,0.0,0.0,0.0,0.0,0.0,0.0,0.0,11.85821103553059,1.0,0,0,0.0,126784.85,637,2014,1
2014-04-07,Beans (white),141238.32,NGN,NGN/MT,Interpolated,wholesale,National,,,0.69,False,Gap-filled by interpolation,Interpolated,historical,False,,141238.32,158.55,160.55555555555554,97.0,11.4,12.5,0,1,1,1,0,0,0,0,1,0,0,0,0,0,0,0,0,0,0,0,0.8660254037844387,-0.4999999999999998,0.970941817426052,-0.2393156642875575,890.81,141238.32,141238.32,141238.32,141238.32,141238.32,141238.32,141238.32,141238.32,0.0,141238.32,0.0,141238.32,0.007313798674409305,141238.32,0.0018914255727765009,141238.32,141238.32,141238.32,141238.32,0.0,0.0,0.0,0.0,0.0,0.0,0.0,11.85821103553059,1.0,0,0,0.333,126784.85,638,2014,2
2014-04-14,Beans (white),141238.32,NGN,NGN/MT,Interpolated,wholesale,National,,,0.69,False,Gap-filled by interpolation,Interpolated,historical,False,,141238.32,158.55,160.55555555555554,97.0,11.4,12.5,0,1,1,1,0,0,0,0,1,0,0,0,0,0,0,0,0,0,0,0,0.8660254037844387,-0.4999999999999998,0.9350162426854148,-0.3546048870425354,890.81,141238.32,141238.32,141238.32,141238.32,141238.32,141238.32,141238.32,141238.32,0.0,141238.32,0.0,141238.32,0.007313798674409305,141238.32,0.0018914255727765009,141238.32,141238.32,141238.32,141238.32,0.0,0.0,0.0,0.0,0.0,0.0,0.0,11.85821103553059,1.0,0,0,0.333,126784.85,639,2014,2
2014-04-21,Beans (white),141238.32,NGN,NGN/MT,Interpolated,wholesale,National,,,0.69,False,Gap-filled by interpolation,Interpolated,historical,False,,141238.32,158.55,160.55555555555554,97.0,11.4,12.5,0,1,1,1,0,0,0,0,1,0,0,0,0,0,0,0,0,0,0,0,0.8660254037844387,-0.4999999999999998,0.8854560256532099,-0.4647231720437685,890.81,141238.32,141238.32,141238.32,141238.32,141238.32,141238.32,141238.32,141238.32,0.0,141238.32,0.0,141238.32,0.007313798674409305,141238.32,0.0018914255727765009,141238.32,141238.32,141238.32,141238.32,0.0,0.0,0.0,0.0,0.0,0.0,0.0,11.85821103553059,1.0,0,0,0.333,126784.85,640,2014,2
2014-04-28,Beans (white),141238.32,NGN,NGN/MT,Interpolated,wholesale,National,,,0.69,False,Gap-filled by interpolation,Interpolated,historical,False,,141238.32,158.55,160.55555555555554,97.0,11.4,12.5,0,1,1,1,0,0,0,0,1,0,0,0,0,0,0,0,0,0,0,0,0.8660254037844387,-0.4999999999999998,0.8229838658936565,-0.5680647467311557,890.81,141238.32,141238.32,141238.32,141238.32,141238.32,141238.32,141238.32,141238.32,0.0,141238.32,0.0,141238.32,0.007313798674409305,141238.32,0.0018914255727765009,141238.32,141238.32,141238.32,141238.32,0.0,0.0,0.0,0.0,0.0,0.0,0.0,11.85821103553059,1.0,0,0,0.333,126784.85,641,2014,2
2014-05-05,Beans (white),141238.32,NGN,NGN/MT,Interpolated,wholesale,National,,,0.69,False,Gap-filled by interpolation,Interpolated,historical,False,,141238.32,158.55,160.55555555555554,97.0,11.4,12.5,0,1,1,1,0,0,0,0,1,0,1,0,0,0,0,0,0,0,0,0,0.4999999999999999,-0.8660254037844387,0.7485107481711013,-0.663122658240795,890.81,141238.32,141238.32,141238.32,141238.32,141238.32,141238.32,141238.32,141238.32,0.0,141238.32,0.0,141238.32,0.007313798674409305,141238.32,0.0018914255727765009,141238.32,141238.32,141238.32,141238.32,0.0,0.0,0.0,0.0,0.0,0.0,0.0,11.85821103553059,1.0,0,0,0.333,126784.85,642,2014,2
2014-05-12,Beans (white),141238.32,NGN,NGN/MT,Interpolated,wholesale,National,,,0.69,False,Gap-filled by interpolation,Interpolated,historical,False,,141238.32,158.55,160.55555555555554,97.0,11.4,12.5,0,1,1,1,0,0,0,0,1,0,1,0,0,0,0,0,0,0,0,0,0.4999999999999999,-0.8660254037844387,0.6631226582407952,-0.7485107481711012,890.81,141238.32,141238.32,141238.32,141238.32,141238.32,141238.32,141238.32,141238.32,0.0,141238.32,0.0,141238.32,0.007313798674409305,141238.32,0.0018914255727765009,141238.32,141238.32,141238.32,141238.32,0.0,0.0,0.0,0.0,0.0,0.0,0.0,11.85821103553059,1.0,0,0,0.333,126784.85,643,2014,2
2014-05-19,Beans (white),141238.32,NGN,NGN/MT,Interpolated,wholesale,National,,,0.69,False,Gap-filled by interpolation,Interpolated,historical,False,,141238.32,158.55,160.55555555555554,97.0,11.4,12.5,0,1,1,1,0,0,0,0,1,0,1,0,0,0,0,0,0,0,0,0,0.4999999999999999,-0.8660254037844387,0.5680647467311558,-0.8229838658936564,890.81,141238.32,141238.32,141238.32,141238.32,141238.32,141238.32,141238.32,141238.32,0.0,141238.32,0.0,141238.32,0.007313798674409305,141238.32,0.0018914255727765009,141238.32,141238.32,141238.32,141238.32,0.0,0.0,0.0,0.0,0.0,0.0,0.0,11.85821103553059,1.0,0,0,0.333,126784.85,644,2014,2
2014-05-26,Beans (white),141238.32,NGN,NGN/MT,Interpolated,wholesale,National,,,0.69,False,Gap-filled by interpolation,Interpolated,historical,False,,141238.32,158.55,160.55555555555554,97.0,11.4,12.5,0,1,1,1,0,0,0,0,1,0,1,0,0,0,0,0,0,0,0,0,0.4999999999999999,-0.8660254037844387,0.464723172043769,-0.8854560256532096,890.81,141238.32,141238.32,141238.32,141238.32,141238.32,141238.32,141238.32,141238.32,0.0,141238.32,0.0,141238.32,0.007313798674409305,141238.32,0.0018914255727765009,141238.32,141238.32,141238.32,141238.32,0.0,0.0,0.0,0.0,0.0,0.0,0.0,11.85821103553059,1.0,0,0,0.333,126784.85,645,2014,2
2014-06-02,Beans (white),141238.32,NGN,NGN/MT,Interpolated,wholesale,National,,,0.69,False,Gap-filled by interpolation,Interpolated,historical,False,,141238.32,158.55,160.55555555555554,97.0,11.4,12.5,0,1,1,0,0,0,0,1,0,0,1,0,0,0,0,0,0,0,1,0,1.2246467991473532e-16,-1.0,0.3546048870425358,-0.9350162426854148,890.81,141238.32,141238.32,141238.32,141238.32,141238.32,141238.32,141238.32,141238.32,0.0,141238.32,0.0,141238.32,0.007313798674409305,141238.32,0.0018914255727765009,141238.32,141238.32,141238.32,141238.32,0.0,0.0,0.0,0.0,0.0,0.0,0.0,11.85821103553059,1.0,0,0,0.667,126784.85,646,2014,2
2014-06-09,Beans (white),141238.32,NGN,NGN/MT,Interpolated,wholesale,National,,,0.69,False,Gap-filled by interpolation,Interpolated,historical,False,,141238.32,158.55,160.55555555555554,97.0,11.4,12.5,0,1,1,0,0,0,0,1,0,0,1,0,0,0,0,0,0,0,1,0,1.2246467991473532e-16,-1.0,0.2393156642875576,-0.970941817426052,890.81,141238.32,141238.32,141238.32,141238.32,141238.32,141238.32,141238.32,141238.32,0.0,141238.32,0.0,141238.32,0.007313798674409305,141238.32,0.0018914255727765009,141238.32,141238.32,141238.32,141238.32,0.0,0.0,0.0,0.0,0.0,0.0,0.0,11.85821103553059,1.0,0,0,0.667,126784.85,647,2014,2
2014-06-16,Beans (white),141238.32,NGN,NGN/MT,Interpolated,wholesale,National,,,0.69,False,Gap-filled by interpolation,Interpolated,historical,False,,141238.32,158.55,160.55555555555554,97.0,11.4,12.5,0,1,1,0,0,0,0,1,0,0,1,0,0,0,0,0,0,0,1,0,1.2246467991473532e-16,-1.0,0.120536680255323,-0.992708874098054,890.81,141238.32,141238.32,141238.32,141238.32,141238.32,141238.32,141238.32,141238.32,0.0,141238.32,0.0,141238.32,0.007313798674409305,141238.32,0.0018914255727765009,141238.32,141238.32,141238.32,141238.32,0.0,0.0,0.0,0.0,0.0,0.0,0.0,11.85821103553059,1.0,0,0,0.667,126784.85,648,2014,2
2014-06-23,Beans (white),141238.32,NGN,NGN/MT,Interpolated,wholesale,National,,,0.69,False,Gap-filled by interpolation,Interpolated,historical,False,,141238.32,158.55,160.55555555555554,97.0,11.4,12.5,0,1,1,0,0,0,0,1,0,0,1,0,0,0,0,0,0,0,1,0,1.2246467991473532e-16,-1.0,-3.216245299353273e-16,-1.0,890.81,141238.32,141238.32,141238.32,141238.32,141238.32,141238.32,141238.32,141238.32,0.0,141238.32,0.0,141238.32,0.007313798674409305,141238.32,0.0018914255727765009,141238.32,141238.32,141238.32,141238.32,0.0,0.0,0.0,0.0,0.0,0.0,0.0,11.85821103553059,1.0,0,0,0.667,126784.85,649,2014,2
2014-06-30,Beans (white),141238.32,NGN,NGN/MT,Interpolated,wholesale,National,,,0.69,False,Gap-filled by interpolation,Interpolated,historical,False,,141238.32,158.55,160.55555555555554,97.0,11.4,12.5,0,1,1,0,0,0,0,1,0,0,1,0,0,0,0,0,0,1,1,0,1.2246467991473532e-16,-1.0,-0.1205366802553228,-0.992708874098054,890.81,141238.32,141238.32,141238.32,141238.32,141238.32,141238.32,141238.32,141238.32,0.0,141238.32,0.0,141238.32,0.007313798674409305,141238.32,0.0018914255727765009,141238.32,141238.32,141238.32,141238.32,0.0,0.0,0.0,0.0,0.0,0.0,0.0,11.85821103553059,1.0,0,0,0.667,126784.85,650,2014,2
2014-07-07,Beans (white),141238.32,NGN,NGN/MT,Interpolated,wholesale,National,,,0.69,False,Gap-filled by interpolation,Interpolated,historical,False,,141238.32,158.55,160.55555555555554,97.0,11.4,12.5,0,1,1,0,0,0,1,1,0,0,1,0,0,0,0,0,0,1,1,0,-0.4999999999999997,-0.8660254037844388,-0.2393156642875574,-0.970941817426052,890.81,141238.32,141238.32,141238.32,141238.32,141238.32,141238.32,141238.32,141238.32,0.0,141238.32,0.0,141238.32,0.007313798674409305,141238.32,0.0018914255727765009,141238.32,141238.32,141238.32,141238.32,0.0,0.0,0.0,0.0,0.0,0.0,0.0,11.85821103553059,1.0,0,0,0.667,126784.85,651,2014,3
2014-07-14,Beans (white),141238.32,NGN,NGN/MT,Interpolated,wholesale,National,,,0.69,False,Gap-filled by interpolation,Interpolated,historical,False,,141238.32,158.55,160.55555555555554,99.72222222222224,11.4,12.5,0,1,1,0,0,0,1,1,0,0,1,0,0,0,0,0,0,1,1,0,-0.4999999999999997,-0.8660254037844388,-0.3546048870425356,-0.9350162426854148,890.81,141238.32,141238.32,141238.32,141238.32,141238.32,141238.32,141238.32,141238.32,0.0,141238.32,0.0,141238.32,0.007313798674409305,141238.32,0.0018914255727765009,141238.32,141238.32,141238.32,141238.32,0.0,0.0,0.0,0.0,0.0,0.0,0.0,11.85821103553059,1.008,0,0,0.667,126784.85,652,2014,3
2014-07-21,Beans (white),141238.32,NGN,NGN/MT,Interpolated,wholesale,National,,,0.69,False,Gap-filled by interpolation,Interpolated,historical,False,,141238.32,158.55,160.55555555555554,99.72222222222224,11.4,12.5,0,1,1,0,0,0,1,1,0,0,1,0,0,0,0,0,0,1,1,0,-0.4999999999999997,-0.8660254037844388,-0.464723172043768,-0.8854560256532101,890.81,141238.32,141238.32,141238.32,141238.32,141238.32,141238.32,141238.32,141238.32,0.0,141238.32,0.0,141238.32,0.007313798674409305,141238.32,0.0018914255727765009,141238.32,141238.32,141238.32,141238.32,0.0,0.0,0.0,0.0,0.0,0.0,0.0,11.85821103553059,1.008,0,0,0.667,126784.85,653,2014,3
2014-07-28,Beans (white),141238.32,NGN,NGN/MT,Interpolated,wholesale,National,,,0.69,False,Gap-filled by interpolation,Interpolated,historical,False,,141238.32,158.55,160.55555555555554,99.72222222222224,11.4,12.5,0,1,1,0,0,0,1,1,0,0,1,0,0,0,0,0,0,1,1,0,-0.4999999999999997,-0.8660254037844388,-0.5680647467311556,-0.8229838658936565,890.81,141238.32,141238.32,141238.32,141238.32,141238.32,141238.32,141238.32,141238.32,0.0,141238.32,0.0,141238.32,0.007313798674409305,141238.32,0.0018914255727765009,141238.32,141238.32,141238.32,141238.32,0.0,0.0,0.0,0.0,0.0,0.0,0.0,11.85821103553059,1.008,0,0,0.667,126784.85,654,2014,3
2014-08-04,Beans (white),141238.32,NGN,NGN/MT,Interpolated,wholesale,National,,,0.69,False,Gap-filled by interpolation,Interpolated,historical,False,,141238.32,158.55,160.55555555555554,99.72222222222224,11.4,12.5,0,1,0,0,1,0,1,1,0,0,1,0,0,0,0,1,0,0,1,0,-0.8660254037844384,-0.5000000000000004,-0.663122658240795,-0.7485107481711013,890.81,141238.32,141238.32,141238.32,141238.32,141238.32,141238.32,141238.32,141238.32,0.0,141238.32,0.0,141238.32,0.007313798674409305,141238.32,0.0018914255727765009,141238.32,141238.32,141238.32,141238.32,0.0,0.0,0.0,0.0,0.0,0.0,0.0,11.85821103553059,1.008,0,0,0.333,126784.85,655,2014,3
2014-08-11,Beans (white),141238.32,NGN,NGN/MT,Interpolated,wholesale,National,,,0.69,False,Gap-filled by interpolation,Interpolated,historical,False,,141238.32,158.55,157.25,100.15625,11.4,12.5,0,1,0,0,1,0,1,1,0,0,1,0,0,0,0,1,0,0,1,0,-0.8660254037844384,-0.5000000000000004,-0.7485107481711011,-0.6631226582407952,890.81,141238.32,141238.32,141238.32,141238.32,141238.32,141238.32,141238.32,141238.32,0.0,141238.32,0.0,141238.32,0.007313798674409305,141238.32,0.0018914255727765009,141238.32,141238.32,141238.32,141238.32,0.0,0.0,0.0,0.0,0.0,0.0,0.0,11.85821103553059,0.995,0,0,0.333,126784.85,656,2014,3
2014-08-18,Beans (white),141238.32,NGN,NGN/MT,Interpolated,wholesale,National,,,0.69,False,Gap-filled by interpolation,Interpolated,historical,False,,141238.32,158.55,157.25,100.15625,11.4,12.5,0,1,0,0,1,0,1,1,0,0,1,0,0,0,0,1,0,0,1,0,-0.8660254037844384,-0.5000000000000004,-0.8229838658936564,-0.5680647467311559,890.81,141238.32,141238.32,141238.32,141238.32,141238.32,141238.32,141238.32,141238.32,0.0,141238.32,0.0,141238.32,0.007313798674409305,141238.32,0.0018914255727765009,141238.32,141238.32,141238.32,141238.32,0.0,0.0,0.0,0.0,0.0,0.0,0.0,11.85821103553059,0.995,0,0,0.333,126784.85,657,2014,3
2014-08-25,Beans (white),141238.32,NGN,NGN/MT,Interpolated,wholesale,National,,,0.69,False,Gap-filled by interpolation,Interpolated,historical,False,,141238.32,158.55,157.25,100.15625,11.4,12.5,0,1,0,0,1,0,1,1,0,0,1,0,0,0,0,1,0,0,1,0,-0.8660254037844384,-0.5000000000000004,-0.8854560256532096,-0.4647231720437691,890.81,141238.32,141238.32,141238.32,141238.32,141238.32,141238.32,141238.32,141238.32,0.0,141238.32,0.0,141238.32,0.007313798674409305,141238.32,0.0018914255727765009,141238.32,141238.32,141238.32,141238.32,0.0,0.0,0.0,0.0,0.0,0.0,0.0,11.85821103553059,0.995,0,0,0.333,126784.85,658,2014,3
2014-09-01,Beans (white),141238.32,NGN,NGN/MT,Interpolated,wholesale,National,,,0.69,False,Gap-filled by interpolation,Interpolated,historical,False,,141238.32,158.55,157.25,100.15625,11.4,12.5,0,1,0,0,1,1,0,0,0,0,0,0,0,0,0,1,0,0,0,0,-1.0,-1.8369701987210294e-16,-0.9350162426854148,-0.3546048870425359,890.81,141238.32,141238.32,141238.32,141238.32,141238.32,141238.32,141238.32,141238.32,0.0,141238.32,0.0,141238.32,0.007313798674409305,141238.32,0.0018914255727765009,141238.32,141238.32,141238.32,141238.32,0.0,0.0,0.0,0.0,0.0,0.0,0.0,11.85821103553059,0.995,0,0,0.333,126784.85,659,2014,3
2014-09-08,Beans (white),141238.32,NGN,NGN/MT,Interpolated,wholesale,National,,,0.69,False,Gap-filled by interpolation,Interpolated,historical,False,,141238.32,158.55,157.25,100.15625,11.4,12.5,0,1,0,0,1,1,0,0,0,0,0,0,0,0,0,1,0,0,0,0,-1.0,-1.8369701987210294e-16,-0.970941817426052,-0.2393156642875577,890.81,141238.32,141238.32,141238.32,141238.32,141238.32,141238.32,141238.32,141238.32,0.0,141238.32,0.0,141238.32,0.007313798674409305,141238.32,0.0018914255727765009,141238.32,141238.32,141238.32,141238.32,0.0,0.0,0.0,0.0,0.0,0.0,0.0,11.85821103553059,0.995,0,0,0.333,126784.85,660,2014,3
2014-09-15,Beans (white),141238.32,NGN,NGN/MT,Interpolated,wholesale,National,,,0.69,False,Gap-filled by interpolation,Interpolated,historical,False,,141238.32,158.55,157.32,101.13444444444444,11.4,12.5,0,1,0,0,1,1,0,0,0,0,0,0,0,0,0,1,0,0,0,0,-1.0,-1.8369701987210294e-16,-0.992708874098054,-0.1205366802553235,890.81,141238.32,141238.32,141238.32,141238.32,141238.32,141238.32,141238.32,141238.32,0.0,141238.32,0.0,141238.32,0.007313798674409305,141238.32,0.0018914255727765009,141238.32,141238.32,141238.32,141238.32,0.0,0.0,0.0,0.0,0.0,0.0,0.0,11.85821103553059,0.999,0,0,0.333,126784.85,661,2014,3
2014-09-22,Beans (white),141238.32,NGN,NGN/MT,Interpolated,wholesale,National,,,0.69,False,Gap-filled by interpolation,Interpolated,historical,False,,141238.32,158.55,157.32,101.13444444444444,11.4,12.5,0,1,0,0,1,1,0,0,0,0,0,0,0,0,0,1,0,0,0,0,-1.0,-1.8369701987210294e-16,-1.0,-1.8369701987210294e-16,890.81,141238.32,141238.32,141238.32,141238.32,141238.32,141238.32,141238.32,141238.32,0.0,141238.32,0.0,141238.32,0.007313798674409305,141238.32,0.0018914255727765009,141238.32,141238.32,141238.32,141238.32,0.0,0.0,0.0,0.0,0.0,0.0,0.0,11.85821103553059,0.999,0,0,0.333,126784.85,662,2014,3
2014-09-29,Beans (white),141238.32,NGN,NGN/MT,Interpolated,wholesale,National,,,0.69,False,Gap-filled by interpolation,Interpolated,historical,False,,141238.32,158.55,157.32,101.13444444444444,11.4,12.5,0,1,0,0,1,1,0,0,0,0,0,0,0,0,0,1,0,0,0,0,-1.0,-1.8369701987210294e-16,-0.992708874098054,0.1205366802553232,890.81,141238.32,141238.32,141238.32,141238.32,141238.32,141238.32,141238.32,141238.32,0.0,141238.32,0.0,141238.32,0.007313798674409305,141238.32,0.0018914255727765009,141238.32,141238.32,141238.32,141238.32,0.0,0.0,0.0,0.0,0.0,0.0,0.0,11.85821103553059,0.999,0,0,0.333,126784.85,663,2014,3
2014-10-06,Beans (white),141238.32,NGN,NGN/MT,Interpolated,wholesale,National,,,0.69,False,Gap-filled by interpolation,Interpolated,historical,False,,141238.32,158.55,157.32,101.13444444444444,11.4,12.5,0,1,0,0,0,1,0,0,0,1,0,1,0,1,1,1,1,0,0,0,-0.8660254037844386,0.5000000000000001,-0.970941817426052,0.2393156642875573,890.81,141238.32,141238.32,141238.32,141238.32,141238.32,141238.32,141238.32,141238.32,0.0,141238.32,0.0,141238.32,0.007313798674409305,141238.32,0.0018914255727765009,141238.32,141238.32,141238.32,141238.32,0.0,0.0,0.0,0.0,0.0,0.0,0.0,11.85821103553059,0.999,0,0,0.333,126784.85,664,2014,4
2014-10-13,Beans (white),141238.32,NGN,NGN/MT,Interpolated,wholesale,National,,,0.69,False,Gap-filled by interpolation,Interpolated,historical,False,,141238.32,158.55,156.1875,101.07833333333332,11.4,12.5,0,1,0,0,0,1,0,0,0,1,0,1,0,1,1,1,1,0,0,0,-0.8660254037844386,0.5000000000000001,-0.9350162426854148,0.3546048870425355,890.81,141238.32,141238.32,141238.32,141238.32,141238.32,141238.32,141238.32,141238.32,0.0,141238.32,0.0,141238.32,0.007313798674409305,141238.32,0.0018914255727765009,141238.32,141238.32,141238.32,141238.32,0.0,0.0,0.0,0.0,0.0,0.0,0.0,11.85821103553059,0.994,0,0,0.333,126784.85,665,2014,4
2014-10-20,Beans (white),141238.32,NGN,NGN/MT,Interpolated,wholesale,National,,,0.69,False,Gap-filled by interpolation,Interpolated,historical,False,,141238.32,158.55,156.1875,101.07833333333332,11.4,12.5,0,1,0,0,0,1,0,0,0,1,0,1,0,1,1,1,1,0,0,0,-0.8660254037844386,0.5000000000000001,-0.8854560256532101,0.464723172043768,890.81,141238.32,141238.32,141238.32,141238.32,141238.32,141238.32,141238.32,141238.32,0.0,141238.32,0.0,141238.32,0.007313798674409305,141238.32,0.0018914255727765009,141238.32,141238.32,141238.32,141238.32,0.0,0.0,0.0,0.0,0.0,0.0,0.0,11.85821103553059,0.994,0,0,0.333,126784.85,666,2014,4
2014-10-27,Beans (white),141238.32,NGN,NGN/MT,Interpolated,wholesale,National,,,0.69,False,Gap-filled by interpolation,Interpolated,historical,False,,141238.32,158.55,156.1875,101.07833333333332,11.4,12.5,0,1,0,0,0,1,0,0,0,1,0,1,0,1,1,1,1,0,0,0,-0.8660254037844386,0.5000000000000001,-0.822983865893657,0.5680647467311548,890.81,141238.32,141238.32,141238.32,141238.32,141238.32,141238.32,141238.32,141238.32,0.0,141238.32,0.0,141238.32,0.007313798674409305,141238.32,0.0018914255727765009,141238.32,141238.32,141238.32,141238.32,0.0,0.0,0.0,0.0,0.0,0.0,0.0,11.85821103553059,0.994,0,0,0.333,126784.85,667,2014,4
2014-11-03,Beans (white),141238.32,NGN,NGN/MT,Interpolated,wholesale,National,,,0.69,False,Gap-filled by interpolation,Interpolated,historical,False,,141238.32,158.55,156.1875,101.07833333333332,11.4,12.5,1,0,0,0,0,1,0,0,0,1,0,1,1,1,1,0,1,0,0,0,-0.5000000000000004,0.8660254037844384,-0.7485107481711011,0.6631226582407952,890.81,141238.32,141238.32,141238.32,141238.32,141238.32,141238.32,141238.32,141238.32,0.0,141238.32,0.0,141238.32,0.007313798674409305,141238.32,0.0018914255727765009,141238.32,141238.32,141238.32,141238.32,0.0,0.0,0.0,0.0,0.0,0.0,0.0,11.85821103553059,0.994,0,0,0.333,126784.85,668,2014,4
2014-11-10,Beans (white),141238.32,NGN,NGN/MT,Interpolated,wholesale,National,,,0.69,False,Gap-filled by interpolation,Interpolated,historical,False,,141238.32,158.55,158.36363636363637,98.416,11.4,12.5,1,0,0,0,0,1,0,0,0,1,0,1,1,1,1,0,1,0,0,0,-0.5000000000000004,0.8660254037844384,-0.6631226582407955,0.7485107481711007,890.81,141238.32,141238.32,141238.32,141238.32,141238.32,141238.32,141238.32,141238.32,0.0,141238.32,0.0,141238.32,0.007313798674409305,141238.32,0.0018914255727765009,141238.32,141238.32,141238.32,141238.32,0.0,0.0,0.0,0.0,0.0,0.0,0.0,11.85821103553059,0.995,0,0,0.333,126784.85,669,2014,4
2014-11-17,Beans (white),141238.32,NGN,NGN/MT,Interpolated,wholesale,National,,,0.69,False,Gap-filled by interpolation,Interpolated,historical,False,,141238.32,158.55,158.36363636363637,98.416,11.4,12.5,1,0,0,0,0,1,0,0,0,1,0,1,1,1,1,0,1,0,0,0,-0.5000000000000004,0.8660254037844384,-0.5680647467311559,0.8229838658936564,890.81,141238.32,141238.32,141238.32,141238.32,141238.32,141238.32,141238.32,141238.32,0.0,141238.32,0.0,141238.32,0.007313798674409305,141238.32,0.0018914255727765009,141238.32,141238.32,141238.32,141238.32,0.0,0.0,0.0,0.0,0.0,0.0,0.0,11.85821103553059,0.995,0,0,0.333,126784.85,670,2014,4
2014-11-24,Beans (white),141238.32,NGN,NGN/MT,Interpolated,wholesale,National,,,0.69,False,Gap-filled by interpolation,Interpolated,historical,False,,141238.32,158.55,158.36363636363637,98.416,11.4,12.5,1,0,0,0,0,1,0,0,0,1,0,1,1,1,1,0,1,0,0,0,-0.5000000000000004,0.8660254037844384,-0.4647231720437684,0.88545602565321,890.81,141238.32,141238.32,141238.32,141238.32,141238.32,141238.32,141238.32,141238.32,0.0,141238.32,0.0,141238.32,0.007313798674409305,141238.32,0.0018914255727765009,141238.32,141238.32,141238.32,141238.32,0.0,0.0,0.0,0.0,0.0,0.0,0.0,11.85821103553059,0.995,0,0,0.333,126784.85,671,2014,4
2014-12-01,Beans (white),141238.32,NGN,NGN/MT,Interpolated,wholesale,National,,,0.69,False,Gap-filled by interpolation,Interpolated,historical,False,,141238.32,158.55,158.36363636363637,98.416,11.4,12.5,1,0,0,0,0,0,0,0,0,1,0,1,1,1,1,0,0,0,0,1,-2.4492935982947064e-16,1.0,-0.3546048870425359,0.9350162426854148,890.81,141238.32,141238.32,141238.32,141238.32,141238.32,141238.32,141238.32,141238.32,0.0,141238.32,0.0,141238.32,0.007313798674409305,141238.32,0.0018914255727765009,141238.32,141238.32,141238.32,141238.32,0.0,0.0,0.0,0.0,0.0,0.0,0.0,11.85821103553059,0.995,0,0,0.0,126784.85,672,2014,4
2014-12-08,Beans (white),141238.32,NGN,NGN/MT,Interpolated,wholesale,National,,,0.69,False,Gap-filled by interpolation,Interpolated,historical,False,,141238.32,158.55,158.36363636363637,98.416,11.4,12.5,1,0,0,0,0,0,0,0,0,1,0,1,1,1,1,0,0,0,0,1,-2.4492935982947064e-16,1.0,-0.2393156642875578,0.970941817426052,890.81,141238.32,141238.32,141238.32,141238.32,141238.32,141238.32,141238.32,141238.32,0.0,141238.32,0.0,141238.32,0.007313798674409305,141238.32,0.0018914255727765009,141238.32,141238.32,141238.32,141238.32,0.0,0.0,0.0,0.0,0.0,0.0,0.0,11.85821103553059,0.995,0,0,0.0,126784.85,673,2014,4
2014-12-15,Beans (white),141238.32,NGN,NGN/MT,Interpolated,wholesale,National,,,0.69,False,Gap-filled by interpolation,Interpolated,historical,False,,141238.32,158.55,156.575,103.53777777777778,11.4,12.5,1,0,0,0,0,0,0,0,0,1,0,1,1,1,1,0,0,0,0,1,-2.4492935982947064e-16,1.0,-0.1205366802553236,0.992708874098054,890.81,141238.32,141238.32,141238.32,141238.32,141238.32,141238.32,141238.32,141238.32,0.0,141238.32,0.0,141238.32,0.007313798674409305,141238.32,0.0018914255727765009,141238.32,141238.32,141238.32,141238.32,0.0,0.0,0.0,0.0,0.0,0.0,0.0,11.85821103553059,1.003,0,0,0.0,126784.85,674,2014,4
2014-12-22,Beans (white),141238.32,NGN,NGN/MT,Interpolated,wholesale,National,,,0.69,False,Gap-filled by interpolation,Interpolated,historical,False,,141238.32,158.55,156.575,103.53777777777778,11.4,12.5,1,0,0,0,0,0,0,0,0,1,0,1,1,1,1,0,0,0,0,1,-2.4492935982947064e-16,1.0,6.432490598706546e-16,1.0,890.81,141238.32,141238.32,141238.32,141238.32,141238.32,141238.32,141238.32,141238.32,0.0,141238.32,0.0,141238.32,0.007313798674409305,141238.32,0.0018914255727765009,141238.32,141238.32,141238.32,141238.32,0.0,0.0,0.0,0.0,0.0,0.0,0.0,11.85821103553059,1.003,0,0,0.0,126784.85,675,2014,4
2014-12-29,Beans (white),141238.32,NGN,NGN/MT,Interpolated,wholesale,National,,,0.69,False,Gap-filled by interpolation,Interpolated,historical,False,,141238.32,158.55,156.575,103.53777777777778,11.4,12.5,1,0,0,0,0,0,0,0,0,1,0,1,1,1,1,0,0,0,0,1,-2.4492935982947064e-16,1.0,0.120536680255323,0.992708874098054,890.81,141238.32,141238.32,141238.32,141238.32,141238.32,141238.32,141238.32,141238.32,0.0,141238.32,0.0,141238.32,0.007313798674409305,141238.32,0.0018914255727765009,141238.32,141238.32,141238.32,141238.32,0.0,0.0,0.0,0.0,0.0,0.0,0.0,11.85821103553059,1.003,0,0,0.0,126784.85,676,2014,4
2015-01-05,Beans (white),141238.32,NGN,NGN/MT,Interpolated,wholesale,National,,,0.69,False,Gap-filled by interpolation,Interpolated,historical,False,,141238.32,193.28,156.575,103.53777777777778,11.4,12.5,1,0,0,0,0,0,0,0,0,1,0,0,1,0,0,0,0,0,0,1,0.4999999999999999,0.8660254037844387,0.2393156642875577,0.970941817426052,730.74,141238.32,141238.32,141238.32,141238.32,141238.32,141238.32,141238.32,141238.32,0.0,141238.32,0.0,141238.32,0.007313798674409305,141238.32,0.0018914255727765009,141238.32,141238.32,141238.32,141238.32,0.0,0.0,0.0,0.0,0.0,0.0,0.0,11.85821103553059,1.003,0,0,0.0,126784.85,677,2015,1
2015-01-12,Beans (white),141238.32,NGN,NGN/MT,Interpolated,wholesale,National,,,0.69,False,Gap-filled by interpolation,Interpolated,historical,False,,141238.32,193.28,162.94444444444446,100.82222222222222,11.4,12.5,1,0,0,0,0,0,0,0,0,1,0,0,1,0,0,0,0,0,0,1,0.4999999999999999,0.8660254037844387,0.3546048870425356,0.9350162426854148,730.74,141238.32,141238.32,141238.32,141238.32,141238.32,141238.32,141238.32,141238.32,0.0,141238.32,0.0,141238.32,0.007313798674409305,141238.32,0.0018914255727765009,141238.32,141238.32,141238.32,141238.32,0.0,0.0,0.0,0.0,0.0,0.0,0.0,11.85821103553059,1.022,0,0,0.0,126784.85,678,2015,1
2015-01-19,Beans (white),141238.32,NGN,NGN/MT,Interpolated,wholesale,National,,,0.69,False,Gap-filled by interpolation,Interpolated,historical,False,,141238.32,193.28,162.94444444444446,100.82222222222222,11.4,12.5,1,0,0,0,0,0,0,0,0,1,0,0,1,0,0,0,0,0,0,1,0.4999999999999999,0.8660254037844387,0.4647231720437685,0.8854560256532099,730.74,141238.32,141238.32,141238.32,141238.32,141238.32,141238.32,141238.32,141238.32,0.0,141238.32,0.0,141238.32,0.007313798674409305,141238.32,0.0018914255727765009,141238.32,141238.32,141238.32,141238.32,0.0,0.0,0.0,0.0,0.0,0.0,0.0,11.85821103553059,1.022,0,0,0.0,126784.85,679,2015,1
2015-01-26,Beans (white),141238.32,NGN,NGN/MT,Interpolated,wholesale,National,,,0.69,False,Gap-filled by interpolation,Interpolated,historical,False,,141238.32,193.28,162.94444444444446,100.82222222222222,11.4,12.5,1,0,0,0,0,0,0,0,0,1,0,0,1,0,0,0,0,0,0,1,0.4999999999999999,0.8660254037844387,0.5680647467311558,0.8229838658936564,730.74,141238.32,141238.32,141238.32,141238.32,141238.32,141238.32,141238.32,141238.32,0.0,141238.32,0.0,141238.32,0.007313798674409305,141238.32,0.0018914255727765009,141238.32,141238.32,141238.32,141238.32,0.0,0.0,0.0,0.0,0.0,0.0,0.0,11.85821103553059,1.022,0,0,0.0,126784.85,680,2015,1
2015-02-02,Beans (white),141238.32,NGN,NGN/MT,Interpolated,wholesale,National,,,0.69,False,Gap-filled by interpolation,Interpolated,historical,False,,141238.32,193.28,162.94444444444446,100.82222222222222,11.4,12.5,1,0,0,0,0,0,0,0,1,1,0,0,1,0,0,0,0,0,0,0,0.8660254037844386,0.5000000000000001,0.6631226582407952,0.7485107481711011,730.74,141238.32,141238.32,141238.32,141238.32,141238.32,141238.32,141238.32,141238.32,0.0,141238.32,0.0,141238.32,0.007313798674409305,141238.32,0.0018914255727765009,141238.32,141238.32,141238.32,141238.32,0.0,0.0,0.0,0.0,0.0,0.0,0.0,11.85821103553059,1.022,0,0,0.0,126784.85,681,2015,1
2015-02-09,Beans (white),141238.32,NGN,NGN/MT,Interpolated,wholesale,National,,,0.69,False,Gap-filled by interpolation,Interpolated,historical,False,,141238.32,193.28,155.50416666666666,92.3,11.4,12.5,1,0,0,0,0,0,0,0,1,1,0,0,1,0,0,0,0,0,0,0,0.8660254037844386,0.5000000000000001,0.7485107481711011,0.6631226582407953,730.74,141238.32,141238.32,141238.32,141238.32,141238.32,141238.32,141238.32,141238.32,0.0,141238.32,0.0,141238.32,0.007313798674409305,141238.32,0.0018914255727765009,141238.32,141238.32,141238.32,141238.32,0.0,0.0,0.0,0.0,0.0,0.0,0.0,11.85821103553059,0.963,0,0,0.0,126784.85,682,2015,1
2015-02-16,Beans (white),141238.32,NGN,NGN/MT,Interpolated,wholesale,National,,,0.69,False,Gap-filled by interpolation,Interpolated,historical,False,,141238.32,193.28,155.50416666666666,92.3,11.4,12.5,1,0,0,0,0,0,0,0,1,1,0,0,1,0,0,0,0,0,0,0,0.8660254037844386,0.5000000000000001,0.8229838658936564,0.5680647467311559,730.74,141238.32,141238.32,141238.32,141238.32,141238.32,141238.32,141238.32,141238.32,0.0,141238.32,0.0,141238.32,0.007313798674409305,141238.32,0.0018914255727765009,141238.32,141238.32,141238.32,141238.32,0.0,0.0,0.0,0.0,0.0,0.0,0.0,11.85821103553059,0.963,0,0,0.0,126784.85,683,2015,1
2015-02-23,Beans (white),141238.32,NGN,NGN/MT,Interpolated,wholesale,National,,,0.69,False,Gap-filled by interpolation,Interpolated,historical,False,,141238.32,193.28,155.50416666666666,92.3,11.4,12.5,1,0,0,0,0,0,0,0,1,1,0,0,1,0,0,0,0,0,0,0,0.8660254037844386,0.5000000000000001,0.8854560256532099,0.4647231720437686,730.74,141238.32,141238.32,141238.32,141238.32,141238.32,141238.32,141238.32,141238.32,0.0,141238.32,0.0,141238.32,0.007313798674409305,141238.32,0.0018914255727765009,141238.32,141238.32,141238.32,141238.32,0.0,0.0,0.0,0.0,0.0,0.0,0.0,11.85821103553059,0.963,0,0,0.0,126784.85,684,2015,1
2015-03-02,Beans (white),141238.32,NGN,NGN/MT,Interpolated,wholesale,National,,,0.69,False,Gap-filled by interpolation,Interpolated,historical,False,,141238.32,193.28,155.50416666666666,92.3,11.4,12.5,1,0,0,1,0,0,0,0,1,1,0,0,0,0,0,0,0,0,0,0,1.0,6.123233995736766e-17,0.9350162426854148,0.3546048870425355,730.74,141238.32,141238.32,141238.32,141238.32,141238.32,141238.32,141238.32,141238.32,0.0,141238.32,0.0,141238.32,0.007313798674409305,141238.32,0.0018914255727765009,141238.32,141238.32,141238.32,141238.32,0.0,0.0,0.0,0.0,0.0,0.0,0.0,11.85821103553059,0.963,0,0,0.0,126784.85,685,2015,1
2015-03-09,Beans (white),141238.32,NGN,NGN/MT,Interpolated,wholesale,National,,,0.69,False,Gap-filled by interpolation,Interpolated,historical,False,,141238.32,193.28,159.375,104.82555555555555,11.4,12.5,1,0,0,1,0,0,0,0,1,1,0,0,0,0,0,0,0,0,0,0,1.0,6.123233995736766e-17,0.970941817426052,0.239315664287558,730.74,141238.32,141238.32,141238.32,141238.32,141238.32,141238.32,141238.32,141238.32,0.0,141238.32,0.0,141238.32,0.007313798674409305,141238.32,0.0018914255727765009,141238.32,141238.32,141238.32,141238.32,0.0,0.0,0.0,0.0,0.0,0.0,0.0,11.85821103553059,1.019,0,0,0.0,126784.85,686,2015,1
2015-03-16,Beans (white),141238.32,NGN,NGN/MT,Interpolated,wholesale,National,,,0.69,False,Gap-filled by interpolation,Interpolated,historical,False,,141238.32,193.28,159.375,104.82555555555555,11.4,12.5,1,0,0,1,0,0,0,0,1,1,0,0,0,0,0,0,0,0,0,0,1.0,6.123233995736766e-17,0.992708874098054,0.120536680255323,730.74,141238.32,141238.32,141238.32,141238.32,141238.32,141238.32,141238.32,141238.32,0.0,141238.32,0.0,141238.32,0.007313798674409305,141238.32,0.0018914255727765009,141238.32,141238.32,141238.32,141238.32,0.0,0.0,0.0,0.0,0.0,0.0,0.0,11.85821103553059,1.019,0,0,0.0,126784.85,687,2015,1
2015-03-23,Beans (white),141238.32,NGN,NGN/MT,Interpolated,wholesale,National,,,0.69,False,Gap-filled by interpolation,Interpolated,historical,False,,141238.32,193.28,159.375,104.82555555555555,11.4,12.5,1,0,0,1,0,0,0,0,1,1,0,0,0,0,0,0,0,0,0,0,1.0,6.123233995736766e-17,1.0,-1.6081226496766364e-16,730.74,141238.32,141238.32,141238.32,141238.32,141238.32,141238.32,141238.32,141238.32,0.0,141238.32,0.0,141238.32,0.007313798674409305,141238.32,0.0018914255727765009,141238.32,141238.32,141238.32,141238.32,0.0,0.0,0.0,0.0,0.0,0.0,0.0,11.85821103553059,1.019,0,0,0.0,126784.85,688,2015,1
2015-03-30,Beans (white),141238.32,NGN,NGN/MT,Interpolated,wholesale,National,,,0.69,False,Gap-filled by interpolation,Interpolated,historical,False,,141238.32,193.28,159.375,104.82555555555555,11.4,12.5,1,0,0,1,0,0,0,0,1,1,0,0,0,0,0,0,0,0,0,0,1.0,6.123233995736766e-17,0.992708874098054,-0.1205366802553228,730.74,141238.32,141238.32,141238.32,141238.32,141238.32,141238.32,141238.32,141238.32,0.0,141238.32,0.0,141238.32,0.007313798674409305,141238.32,0.0018914255727765009,141238.32,141238.32,141238.32,141238.32,0.0,0.0,0.0,0.0,0.0,0.0,0.0,11.85821103553059,1.019,0,0,0.0,126784.85,689,2015,1
2015-04-06,Beans (white),141238.32,NGN,NGN/MT,Interpolated,wholesale,National,,,0.69,False,Gap-filled by interpolation,Interpolated,historical,False,,141238.32,193.28,159.375,104.82555555555555,11.4,12.5,0,1,1,1,0,0,0,0,1,0,0,0,0,0,0,0,0,0,0,0,0.8660254037844387,-0.4999999999999998,0.970941817426052,-0.2393156642875575,730.74,141238.32,141238.32,141238.32,141238.32,141238.32,141238.32,141238.32,141238.32,0.0,141238.32,0.0,141238.32,0.007313798674409305,141238.32,0.0018914255727765009,141238.32,141238.32,141238.32,141238.32,0.0,0.0,0.0,0.0,0.0,0.0,0.0,11.85821103553059,1.019,0,0,0.333,126784.85,690,2015,2
2015-04-13,Beans (white),141238.32,NGN,NGN/MT,Interpolated,wholesale,National,,,0.69,False,Gap-filled by interpolation,Interpolated,historical,False,,141238.32,193.28,158.54166666666666,108.0681818181818,11.4,12.5,0,1,1,1,0,0,0,0,1,0,0,0,0,0,0,0,0,0,0,0,0.8660254037844387,-0.4999999999999998,0.9350162426854148,-0.3546048870425354,730.74,141238.32,141238.32,141238.32,141238.32,141238.32,141238.32,141238.32,141238.32,0.0,141238.32,0.0,141238.32,0.007313798674409305,141238.32,0.0018914255727765009,141238.32,141238.32,141238.32,141238.32,0.0,0.0,0.0,0.0,0.0,0.0,0.0,11.85821103553059,1.025,0,0,0.333,126784.85,691,2015,2
2015-04-20,Beans (white),141238.32,NGN,NGN/MT,Interpolated,wholesale,National,,,0.69,False,Gap-filled by interpolation,Interpolated,historical,False,,141238.32,193.28,158.54166666666666,108.0681818181818,11.4,12.5,0,1,1,1,0,0,0,0,1,0,0,0,0,0,0,0,0,0,0,0,0.8660254037844387,-0.4999999999999998,0.8854560256532099,-0.4647231720437685,730.74,141238.32,141238.32,141238.32,141238.32,141238.32,141238.32,141238.32,141238.32,0.0,141238.32,0.0,141238.32,0.007313798674409305,141238.32,0.0018914255727765009,141238.32,141238.32,141238.32,141238.32,0.0,0.0,0.0,0.0,0.0,0.0,0.0,11.85821103553059,1.025,0,0,0.333,126784.85,692,2015,2
2015-04-27,Beans (white),141238.32,NGN,NGN/MT,Interpolated,wholesale,National,,,0.69,False,Gap-filled by interpolation,Interpolated,historical,False,,141238.32,193.28,158.54166666666666,108.0681818181818,11.4,12.5,0,1,1,1,0,0,0,0,1,0,0,0,0,0,0,0,0,0,0,0,0.8660254037844387,-0.4999999999999998,0.8229838658936565,-0.5680647467311557,730.74,141238.32,141238.32,141238.32,141238.32,141238.32,141238.32,141238.32,141238.32,0.0,141238.32,0.0,141238.32,0.007313798674409305,141238.32,0.0018914255727765009,141238.32,141238.32,141238.32,141238.32,0.0,0.0,0.0,0.0,0.0,0.0,0.0,11.85821103553059,1.025,0,0,0.333,126784.85,693,2015,2
2015-05-04,Beans (white),141238.32,NGN,NGN/MT,Interpolated,wholesale,National,,,0.69,False,Gap-filled by interpolation,Interpolated,historical,False,,141238.32,193.28,158.54166666666666,108.0681818181818,11.4,12.5,0,1,1,1,0,0,0,0,1,0,1,0,0,0,0,0,0,0,0,0,0.4999999999999999,-0.8660254037844387,0.7485107481711013,-0.663122658240795,730.74,141238.32,141238.32,141238.32,141238.32,141238.32,141238.32,141238.32,141238.32,0.0,141238.32,0.0,141238.32,0.007313798674409305,141238.32,0.0018914255727765009,141238.32,141238.32,141238.32,141238.32,0.0,0.0,0.0,0.0,0.0,0.0,0.0,11.85821103553059,1.025,0,0,0.333,126784.85,694,2015,2
2015-05-11,Beans (white),141238.32,NGN,NGN/MT,Interpolated,wholesale,National,,,0.69,False,Gap-filled by interpolation,Interpolated,historical,False,,141238.32,193.28,155.0,117.72,11.4,12.5,0,1,1,1,0,0,0,0,1,0,1,0,0,0,0,0,0,0,0,0,0.4999999999999999,-0.8660254037844387,0.6631226582407952,-0.7485107481711012,730.74,141238.32,141238.32,141238.32,141238.32,141238.32,141238.32,141238.32,141238.32,0.0,141238.32,0.0,141238.32,0.007313798674409305,141238.32,0.0018914255727765009,141238.32,141238.32,141238.32,141238.32,0.0,0.0,0.0,0.0,0.0,0.0,0.0,11.85821103553059,1.04,0,0,0.333,126784.85,695,2015,2
2015-05-18,Beans (white),141238.32,NGN,NGN/MT,Interpolated,wholesale,National,,,0.69,False,Gap-filled by interpolation,Interpolated,historical,False,,141238.32,193.28,155.0,117.72,11.4,12.5,0,1,1,1,0,0,0,0,1,0,1,0,0,0,0,0,0,0,0,0,0.4999999999999999,-0.8660254037844387,0.5680647467311558,-0.8229838658936564,730.74,141238.32,141238.32,141238.32,141238.32,141238.32,141238.32,141238.32,141238.32,0.0,141238.32,0.0,141238.32,0.007313798674409305,141238.32,0.0018914255727765009,141238.32,141238.32,141238.32,141238.32,0.0,0.0,0.0,0.0,0.0,0.0,0.0,11.85821103553059,1.04,0,0,0.333,126784.85,696,2015,2
2015-05-25,Beans (white),141238.32,NGN,NGN/MT,Interpolated,wholesale,National,,,0.69,False,Gap-filled by interpolation,Interpolated,historical,False,,141238.32,193.28,155.0,117.72,11.4,12.5,0,1,1,1,0,0,0,0,1,0,1,0,0,0,0,0,0,0,0,0,0.4999999999999999,-0.8660254037844387,0.464723172043769,-0.8854560256532096,730.74,141238.32,141238.32,141238.32,141238.32,141238.32,141238.32,141238.32,141238.32,0.0,141238.32,0.0,141238.32,0.007313798674409305,141238.32,0.0018914255727765009,141238.32,141238.32,141238.32,141238.32,0.0,0.0,0.0,0.0,0.0,0.0,0.0,11.85821103553059,1.04,0,0,0.333,126784.85,697,2015,2
2015-06-01,Beans (white),141238.32,NGN,NGN/MT,Interpolated,wholesale,National,,,0.69,False,Gap-filled by interpolation,Interpolated,historical,False,,141238.32,193.28,155.0,117.72,11.4,12.5,0,1,1,0,0,0,0,1,0,0,1,0,0,0,0,0,0,0,1,0,1.2246467991473532e-16,-1.0,0.3546048870425358,-0.9350162426854148,730.74,141238.32,141238.32,141238.32,141238.32,141238.32,141238.32,141238.32,141238.32,0.0,141238.32,0.0,141238.32,0.007313798674409305,141238.32,0.0018914255727765009,141238.32,141238.32,141238.32,141238.32,0.0,0.0,0.0,0.0,0.0,0.0,0.0,11.85821103553059,1.04,0,0,0.667,126784.85,698,2015,2
2015-06-08,Beans (white),141238.32,NGN,NGN/MT,Interpolated,wholesale,National,,,0.69,False,Gap-filled by interpolation,Interpolated,historical,False,,141238.32,193.28,155.0,117.72,11.4,12.5,0,1,1,0,0,0,0,1,0,0,1,0,0,0,0,0,0,0,1,0,1.2246467991473532e-16,-1.0,0.2393156642875576,-0.970941817426052,730.74,141238.32,141238.32,141238.32,141238.32,141238.32,141238.32,141238.32,141238.32,0.0,141238.32,0.0,141238.32,0.007313798674409305,141238.32,0.0018914255727765009,141238.32,141238.32,141238.32,141238.32,0.0,0.0,0.0,0.0,0.0,0.0,0.0,11.85821103553059,1.04,0,0,0.667,126784.85,699,2015,2
2015-06-15,Beans (white),141238.32,NGN,NGN/MT,Interpolated,wholesale,National,,,0.69,False,Gap-filled by interpolation,Interpolated,historical,False,,141238.32,193.28,178.0,115.046,11.4,12.5,0,1,1,0,0,0,0,1,0,0,1,0,0,0,0,0,0,0,1,0,1.2246467991473532e-16,-1.0,0.120536680255323,-0.992708874098054,730.74,141238.32,141238.32,141238.32,141238.32,141238.32,141238.32,141238.32,141238.32,0.0,141238.32,0.0,141238.32,0.007313798674409305,141238.32,0.0018914255727765009,141238.32,141238.32,141238.32,141238.32,0.0,0.0,0.0,0.0,0.0,0.0,0.0,11.85821103553059,1.132,0,0,0.667,126784.85,700,2015,2
2015-06-22,Beans (white),141238.32,NGN,NGN/MT,Interpolated,wholesale,National,,,0.69,False,Gap-filled by interpolation,Interpolated,historical,False,,141238.32,193.28,178.0,115.046,11.4,12.5,0,1,1,0,0,0,0,1,0,0,1,0,0,0,0,0,0,1,1,0,1.2246467991473532e-16,-1.0,-3.216245299353273e-16,-1.0,730.74,141238.32,141238.32,141238.32,141238.32,141238.32,141238.32,141238.32,141238.32,0.0,141238.32,0.0,141238.32,0.007313798674409305,141238.32,0.0018914255727765009,141238.32,141238.32,141238.32,141238.32,0.0,0.0,0.0,0.0,0.0,0.0,0.0,11.85821103553059,1.132,0,0,0.667,126784.85,701,2015,2
2015-06-29,Beans (white),141238.32,NGN,NGN/MT,Interpolated,wholesale,National,,,0.69,False,Gap-filled by interpolation,Interpolated,historical,False,,141238.32,193.28,178.0,115.046,11.4,12.5,0,1,1,0,0,0,0,1,0,0,1,0,0,0,0,0,0,1,1,0,1.2246467991473532e-16,-1.0,-0.1205366802553228,-0.992708874098054,730.74,141238.32,141238.32,141238.32,141238.32,141238.32,141238.32,141238.32,141238.32,0.0,141238.32,0.0,141238.32,0.007313798674409305,141238.32,0.0018914255727765009,141238.32,141238.32,141238.32,141238.32,0.0,0.0,0.0,0.0,0.0,0.0,0.0,11.85821103553059,1.132,0,0,0.667,126784.85,702,2015,2
2015-07-06,Beans (white),141238.32,NGN,NGN/MT,Interpolated,wholesale,National,,,0.69,False,Gap-filled by interpolation,Interpolated,historical,False,,141238.32,193.28,178.0,115.046,11.4,12.5,0,1,1,0,0,0,1,1,0,0,1,0,0,0,0,0,0,1,1,0,-0.4999999999999997,-0.8660254037844388,-0.2393156642875574,-0.970941817426052,730.74,141238.32,141238.32,141238.32,141238.32,141238.32,141238.32,141238.32,141238.32,0.0,141238.32,0.0,141238.32,0.007313798674409305,141238.32,0.0018914255727765009,141238.32,141238.32,141238.32,141238.32,0.0,0.0,0.0,0.0,0.0,0.0,0.0,11.85821103553059,1.132,0,0,0.667,126784.85,703,2015,3
2015-07-13,Beans (white),141238.32,NGN,NGN/MT,Interpolated,wholesale,National,,,0.69,False,Gap-filled by interpolation,Interpolated,historical,False,,141238.32,193.28,161.52,100.36666666666667,11.4,12.5,0,1,1,0,0,0,1,1,0,0,1,0,0,0,0,0,0,1,1,0,-0.4999999999999997,-0.8660254037844388,-0.3546048870425356,-0.9350162426854148,730.74,141238.32,141238.32,141238.32,141238.32,141238.32,141238.32,141238.32,141238.32,0.0,141238.32,0.0,141238.32,0.007313798674409305,141238.32,0.0018914255727765009,141238.32,141238.32,141238.32,141238.32,0.0,0.0,0.0,0.0,0.0,0.0,0.0,11.85821103553059,1.015,0,0,0.667,126784.85,704,2015,3
2015-07-20,Beans (white),141238.32,NGN,NGN/MT,Interpolated,wholesale,National,,,0.69,False,Gap-filled by interpolation,Interpolated,historical,False,,141238.32,193.28,161.52,100.36666666666667,11.4,12.5,0,1,1,0,0,0,1,1,0,0,1,0,0,0,0,0,0,0,1,0,-0.4999999999999997,-0.8660254037844388,-0.464723172043768,-0.8854560256532101,730.74,141238.32,141238.32,141238.32,141238.32,141238.32,141238.32,141238.32,141238.32,0.0,141238.32,0.0,141238.32,0.007313798674409305,141238.32,0.0018914255727765009,141238.32,141238.32,141238.32,141238.32,0.0,0.0,0.0,0.0,0.0,0.0,0.0,11.85821103553059,1.015,0,0,0.667,126784.85,705,2015,3
2015-07-27,Beans (white),141238.32,NGN,NGN/MT,Interpolated,wholesale,National,,,0.69,False,Gap-filled by interpolation,Interpolated,historical,False,,141238.32,193.28,161.52,100.36666666666667,11.4,12.5,0,1,1,0,0,0,1,1,0,0,1,0,0,0,0,0,0,0,1,0,-0.4999999999999997,-0.8660254037844388,-0.5680647467311556,-0.8229838658936565,730.74,141238.32,141238.32,141238.32,141238.32,141238.32,141238.32,141238.32,141238.32,0.0,141238.32,0.0,141238.32,0.007313798674409305,141238.32,0.0018914255727765009,141238.32,141238.32,141238.32,141238.32,0.0,0.0,0.0,0.0,0.0,0.0,0.0,11.85821103553059,1.015,0,0,0.667,126784.85,706,2015,3
2015-08-03,Beans (white),141238.32,NGN,NGN/MT,Interpolated,wholesale,National,,,0.69,False,Gap-filled by interpolation,Interpolated,historical,False,,141238.32,193.28,161.52,100.36666666666667,11.4,12.5,0,1,0,0,1,0,1,1,0,0,1,0,0,0,0,1,0,0,1,0,-0.8660254037844384,-0.5000000000000004,-0.663122658240795,-0.7485107481711013,730.74,141238.32,141238.32,141238.32,141238.32,141238.32,141238.32,141238.32,141238.32,0.0,141238.32,0.0,141238.32,0.007313798674409305,141238.32,0.0018914255727765009,141238.32,141238.32,141238.32,141238.32,0.0,0.0,0.0,0.0,0.0,0.0,0.0,11.85821103553059,1.015,0,0,0.333,126784.85,707,2015,3
2015-08-10,Beans (white),141238.32,NGN,NGN/MT,Interpolated,wholesale,National,,,0.69,False,Gap-filled by interpolation,Interpolated,historical,False,,141238.32,193.28,158.63636363636363,108.36153846153846,11.4,12.5,0,1,0,0,1,0,1,1,0,0,1,0,0,0,0,1,0,0,1,0,-0.8660254037844384,-0.5000000000000004,-0.7485107481711011,-0.6631226582407952,730.74,141238.32,141238.32,141238.32,141238.32,141238.32,141238.32,141238.32,141238.32,0.0,141238.32,0.0,141238.32,0.007313798674409305,141238.32,0.0018914255727765009,141238.32,141238.32,141238.32,141238.32,0.0,0.0,0.0,0.0,0.0,0.0,0.0,11.85821103553059,1.027,0,0,0.333,126784.85,708,2015,3
2015-08-17,Beans (white),141238.32,NGN,NGN/MT,Interpolated,wholesale,National,,,0.69,False,Gap-filled by interpolation,Interpolated,historical,False,,141238.32,193.28,158.63636363636363,108.36153846153846,11.4,12.5,0,1,0,0,1,0,1,1,0,0,1,0,0,0,0,1,0,0,1,0,-0.8660254037844384,-0.5000000000000004,-0.8229838658936564,-0.5680647467311559,730.74,141238.32,141238.32,141238.32,141238.32,141238.32,141238.32,141238.32,141238.32,0.0,141238.32,0.0,141238.32,0.007313798674409305,141238.32,0.0018914255727765009,141238.32,141238.32,141238.32,141238.32,0.0,0.0,0.0,0.0,0.0,0.0,0.0,11.85821103553059,1.027,0,0,0.333,126784.85,709,2015,3
2015-08-24,Beans (white),141238.32,NGN,NGN/MT,Interpolated,wholesale,National,,,0.69,False,Gap-filled by interpolation,Interpolated,historical,False,,141238.32,193.28,158.63636363636363,108.36153846153846,11.4,12.5,0,1,0,0,1,0,1,1,0,0,1,0,0,0,0,1,0,0,1,0,-0.8660254037844384,-0.5000000000000004,-0.8854560256532096,-0.4647231720437691,730.74,141238.32,141238.32,141238.32,141238.32,141238.32,141238.32,141238.32,141238.32,0.0,141238.32,0.0,141238.32,0.007313798674409305,141238.32,0.0018914255727765009,141238.32,141238.32,141238.32,141238.32,0.0,0.0,0.0,0.0,0.0,0.0,0.0,11.85821103553059,1.027,0,0,0.333,126784.85,710,2015,3
2015-08-31,Beans (white),141238.32,NGN,NGN/MT,Interpolated,wholesale,National,,,0.69,False,Gap-filled by interpolation,Interpolated,historical,False,,141238.32,193.28,158.63636363636363,108.36153846153846,11.4,12.5,0,1,0,0,1,0,1,1,0,0,1,0,0,0,0,1,0,0,1,0,-0.8660254037844384,-0.5000000000000004,-0.9350162426854148,-0.3546048870425359,730.74,141238.32,141238.32,141238.32,141238.32,141238.32,141238.32,141238.32,141238.32,0.0,141238.32,0.0,141238.32,0.007313798674409305,141238.32,0.0018914255727765009,141238.32,141238.32,141238.32,141238.32,0.0,0.0,0.0,0.0,0.0,0.0,0.0,11.85821103553059,1.027,0,0,0.333,126784.85,711,2015,3
2015-09-07,Beans (white),141238.32,NGN,NGN/MT,Interpolated,wholesale,National,,,0.69,False,Gap-filled by interpolation,Interpolated,historical,False,,141238.32,193.28,158.63636363636363,108.36153846153846,11.4,12.5,0,1,0,0,1,1,0,0,0,0,0,0,0,0,0,1,0,0,0,0,-1.0,-1.8369701987210294e-16,-0.970941817426052,-0.2393156642875577,730.74,141238.32,141238.32,141238.32,141238.32,141238.32,141238.32,141238.32,141238.32,0.0,141238.32,0.0,141238.32,0.007313798674409305,141238.32,0.0018914255727765009,141238.32,141238.32,141238.32,141238.32,0.0,0.0,0.0,0.0,0.0,0.0,0.0,11.85821103553059,1.027,0,0,0.333,126784.85,712,2015,3
2015-09-14,Beans (white),141238.32,NGN,NGN/MT,Interpolated,wholesale,National,,,0.69,False,Gap-filled by interpolation,Interpolated,historical,False,,141238.32,193.28,155.40615384615384,92.80285714285716,11.4,12.5,0,1,0,0,1,1,0,0,0,0,0,0,0,0,0,1,0,0,0,0,-1.0,-1.8369701987210294e-16,-0.992708874098054,-0.1205366802553235,730.74,141238.32,141238.32,141238.32,141238.32,141238.32,141238.32,141238.32,141238.32,0.0,141238.32,0.0,141238.32,0.007313798674409305,141238.32,0.0018914255727765009,141238.32,141238.32,141238.32,141238.32,0.0,0.0,0.0,0.0,0.0,0.0,0.0,11.85821103553059,0.965,0,0,0.333,126784.85,713,2015,3
2015-09-21,Beans (white),141238.32,NGN,NGN/MT,Interpolated,wholesale,National,,,0.69,False,Gap-filled by interpolation,Interpolated,historical,False,,141238.32,193.28,155.40615384615384,92.80285714285716,11.4,12.5,0,1,0,0,1,1,0,0,0,0,0,0,0,0,0,1,0,0,0,0,-1.0,-1.8369701987210294e-16,-1.0,-1.8369701987210294e-16,730.74,141238.32,141238.32,141238.32,141238.32,141238.32,141238.32,141238.32,141238.32,0.0,141238.32,0.0,141238.32,0.007313798674409305,141238.32,0.0018914255727765009,141238.32,141238.32,141238.32,141238.32,0.0,0.0,0.0,0.0,0.0,0.0,0.0,11.85821103553059,0.965,0,0,0.333,126784.85,714,2015,3
2015-09-28,Beans (white),141238.32,NGN,NGN/MT,Interpolated,wholesale,National,,,0.69,False,Gap-filled by interpolation,Interpolated,historical,False,,141238.32,193.28,155.40615384615384,92.80285714285716,11.4,12.5,0,1,0,0,1,1,0,0,0,0,0,0,0,0,0,1,0,0,0,0,-1.0,-1.8369701987210294e-16,-0.992708874098054,0.1205366802553232,730.74,141238.32,141238.32,141238.32,141238.32,141238.32,141238.32,141238.32,141238.32,0.0,141238.32,0.0,141238.32,0.007313798674409305,141238.32,0.0018914255727765009,141238.32,141238.32,141238.32,141238.32,0.0,0.0,0.0,0.0,0.0,0.0,0.0,11.85821103553059,0.965,0,0,0.333,126784.85,715,2015,3
2015-10-05,Beans (white),141238.32,NGN,NGN/MT,Interpolated,wholesale,National,,,0.69,False,Gap-filled by interpolation,Interpolated,historical,False,,141238.32,193.28,155.40615384615384,92.80285714285716,11.4,12.5,0,1,0,0,0,1,0,0,0,1,0,1,0,1,1,1,1,0,0,0,-0.8660254037844386,0.5000000000000001,-0.970941817426052,0.2393156642875573,730.74,141238.32,141238.32,141238.32,141238.32,141238.32,141238.32,141238.32,141238.32,0.0,141238.32,0.0,141238.32,0.007313798674409305,141238.32,0.0018914255727765009,141238.32,141238.32,141238.32,141238.32,0.0,0.0,0.0,0.0,0.0,0.0,0.0,11.85821103553059,0.965,0,0,0.333,126784.85,716,2015,4
2015-10-12,Beans (white),141238.32,NGN,NGN/MT,Interpolated,wholesale,National,,,0.69,False,Gap-filled by interpolation,Interpolated,historical,False,,141238.32,193.28,145.15,87.17857142857143,11.4,12.5,0,1,0,0,0,1,0,0,0,1,0,1,0,1,1,1,1,0,0,0,-0.8660254037844386,0.5000000000000001,-0.9350162426854148,0.3546048870425355,730.74,141238.32,141238.32,141238.32,141238.32,141238.32,141238.32,141238.32,141238.32,0.0,141238.32,0.0,141238.32,0.007313798674409305,141238.32,0.0018914255727765009,141238.32,141238.32,141238.32,141238.32,0.0,0.0,0.0,0.0,0.0,0.0,0.0,11.85821103553059,0.902,0,0,0.333,126784.85,717,2015,4
2015-10-19,Beans (white),141238.32,NGN,NGN/MT,Interpolated,wholesale,National,,,0.69,False,Gap-filled by interpolation,Interpolated,historical,False,,141238.32,193.28,145.15,87.17857142857143,11.4,12.5,0,1,0,0,0,1,0,0,0,1,0,1,0,1,1,1,1,0,0,0,-0.8660254037844386,0.5000000000000001,-0.8854560256532101,0.464723172043768,730.74,141238.32,141238.32,141238.32,141238.32,141238.32,141238.32,141238.32,141238.32,0.0,141238.32,0.0,141238.32,0.007313798674409305,141238.32,0.0018914255727765009,141238.32,141238.32,141238.32,141238.32,0.0,0.0,0.0,0.0,0.0,0.0,0.0,11.85821103553059,0.902,0,0,0.333,126784.85,718,2015,4
2015-10-26,Beans (white),141238.32,NGN,NGN/MT,Interpolated,wholesale,National,,,0.69,False,Gap-filled by interpolation,Interpolated,historical,False,,141238.32,193.28,145.15,87.17857142857143,11.4,12.5,0,1,0,0,0,1,0,0,0,1,0,1,0,1,1,1,1,0,0,0,-0.8660254037844386,0.5000000000000001,-0.822983865893657,0.5680647467311548,730.74,141238.32,141238.32,141238.32,141238.32,141238.32,141238.32,141238.32,141238.32,0.0,141238.32,0.0,141238.32,0.007313798674409305,141238.32,0.0018914255727765009,141238.32,141238.32,141238.32,141238.32,0.0,0.0,0.0,0.0,0.0,0.0,0.0,11.85821103553059,0.902,0,0,0.333,126784.85,719,2015,4
2015-11-02,Beans (white),141238.32,NGN,NGN/MT,Interpolated,wholesale,National,,,0.69,False,Gap-filled by interpolation,Interpolated,historical,False,,141238.32,193.28,145.15,87.17857142857143,11.4,12.5,1,0,0,0,0,1,0,0,0,1,0,1,1,1,1,0,1,0,0,0,-0.5000000000000004,0.8660254037844384,-0.7485107481711011,0.6631226582407952,730.74,141238.32,141238.32,141238.32,141238.32,141238.32,141238.32,141238.32,141238.32,0.0,141238.32,0.0,141238.32,0.007313798674409305,141238.32,0.0018914255727765009,141238.32,141238.32,141238.32,141238.32,0.0,0.0,0.0,0.0,0.0,0.0,0.0,11.85821103553059,0.902,0,0,0.333,126784.85,720,2015,4
2015-11-09,Beans (white),141238.32,NGN,NGN/MT,Interpolated,wholesale,National,,,0.69,False,Gap-filled by interpolation,Interpolated,historical,False,,141238.32,193.28,148.26923076923077,102.61875,11.4,12.5,1,0,0,0,0,1,0,0,0,1,0,1,1,1,1,0,1,0,0,0,-0.5000000000000004,0.8660254037844384,-0.6631226582407955,0.7485107481711007,730.74,141238.32,141238.32,141238.32,141238.32,141238.32,141238.32,141238.32,141238.32,0.0,141238.32,0.0,141238.32,0.007313798674409305,141238.32,0.0018914255727765009,141238.32,141238.32,141238.32,141238.32,0.0,0.0,0.0,0.0,0.0,0.0,0.0,11.85821103553059,0.964,0,0,0.333,126784.85,721,2015,4
2015-11-16,Beans (white),141238.32,NGN,NGN/MT,Interpolated,wholesale,National,,,0.69,False,Gap-filled by interpolation,Interpolated,historical,False,,141238.32,193.28,148.26923076923077,102.61875,11.4,12.5,1,0,0,0,0,1,0,0,0,1,0,1,1,1,1,0,1,0,0,0,-0.5000000000000004,0.8660254037844384,-0.5680647467311559,0.8229838658936564,730.74,141238.32,141238.32,141238.32,141238.32,141238.32,141238.32,141238.32,141238.32,0.0,141238.32,0.0,141238.32,0.007313798674409305,141238.32,0.0018914255727765009,141238.32,141238.32,141238.32,141238.32,0.0,0.0,0.0,0.0,0.0,0.0,0.0,11.85821103553059,0.964,0,0,0.333,126784.85,722,2015,4
2015-11-23,Beans (white),141238.32,NGN,NGN/MT,Interpolated,wholesale,National,,,0.69,False,Gap-filled by interpolation,Interpolated,historical,False,,141238.32,193.28,148.26923076923077,102.61875,11.4,12.5,1,0,0,0,0,1,0,0,0,1,0,1,1,1,1,0,1,0,0,0,-0.5000000000000004,0.8660254037844384,-0.4647231720437684,0.88545602565321,730.74,141238.32,141238.32,141238.32,141238.32,141238.32,141238.32,141238.32,141238.32,0.0,141238.32,0.0,141238.32,0.007313798674409305,141238.32,0.0018914255727765009,141238.32,141238.32,141238.32,141238.32,0.0,0.0,0.0,0.0,0.0,0.0,0.0,11.85821103553059,0.964,0,0,0.333,126784.85,723,2015,4
2015-11-30,Beans (white),141238.32,NGN,NGN/MT,Interpolated,wholesale,National,,,0.69,False,Gap-filled by interpolation,Interpolated,historical,False,,141238.32,193.28,148.26923076923077,102.61875,11.4,12.5,1,0,0,0,0,1,0,0,0,1,0,1,1,1,1,0,1,0,0,0,-0.5000000000000004,0.8660254037844384,-0.3546048870425359,0.9350162426854148,730.74,141238.32,141238.32,141238.32,141238.32,141238.32,141238.32,141238.32,141238.32,0.0,141238.32,0.0,141238.32,0.007313798674409305,141238.32,0.0018914255727765009,141238.32,141238.32,141238.32,141238.32,0.0,0.0,0.0,0.0,0.0,0.0,0.0,11.85821103553059,0.964,0,0,0.333,126784.85,724,2015,4
2015-12-07,Beans (white),141238.32,NGN,NGN/MT,Interpolated,wholesale,National,,,0.69,False,Gap-filled by interpolation,Interpolated,historical,False,,141238.32,193.28,148.26923076923077,102.61875,11.4,12.5,1,0,0,0,0,0,0,0,0,1,0,1,1,1,1,0,0,0,0,1,-2.4492935982947064e-16,1.0,-0.2393156642875578,0.970941817426052,730.74,141238.32,141238.32,141238.32,141238.32,141238.32,141238.32,141238.32,141238.32,0.0,141238.32,0.0,141238.32,0.007313798674409305,141238.32,0.0018914255727765009,141238.32,141238.32,141238.32,141238.32,0.0,0.0,0.0,0.0,0.0,0.0,0.0,11.85821103553059,0.964,0,0,0.0,126784.85,725,2015,4
2015-12-14,Beans (white),141238.32,NGN,NGN/MT,Interpolated,wholesale,National,,,0.69,False,Gap-filled by interpolation,Interpolated,historical,False,,141238.32,193.28,154.61666666666667,130.36,11.4,12.5,1,0,0,0,0,0,0,0,0,1,0,1,1,1,1,0,0,0,0,1,-2.4492935982947064e-16,1.0,-0.1205366802553236,0.992708874098054,730.74,141238.32,141238.32,141238.32,141238.32,141238.32,141238.32,141238.32,141238.32,0.0,141238.32,0.0,141238.32,0.007313798674409305,141238.32,0.0018914255727765009,141238.32,141238.32,141238.32,141238.32,0.0,0.0,0.0,0.0,0.0,0.0,0.0,11.85821103553059,1.077,0,0,0.0,126784.85,726,2015,4
2015-12-21,Beans (white),141238.32,NGN,NGN/MT,Interpolated,wholesale,National,,,0.69,False,Gap-filled by interpolation,Interpolated,historical,False,,141238.32,193.28,154.61666666666667,130.36,11.4,12.5,1,0,0,0,0,0,0,0,0,1,0,1,1,1,1,0,0,0,0,1,-2.4492935982947064e-16,1.0,6.432490598706546e-16,1.0,730.74,141238.32,141238.32,141238.32,141238.32,141238.32,141238.32,141238.32,141238.32,0.0,141238.32,0.0,141238.32,0.007313798674409305,141238.32,0.0018914255727765009,141238.32,141238.32,141238.32,141238.32,0.0,0.0,0.0,0.0,0.0,0.0,0.0,11.85821103553059,1.077,0,0,0.0,126784.85,727,2015,4
2015-12-28,Beans (white),141238.32,NGN,NGN/MT,Interpolated,wholesale,National,,,0.69,False,Gap-filled by interpolation,Interpolated,historical,False,,141238.32,193.28,154.61666666666667,130.36,11.4,12.5,1,0,0,0,0,0,0,0,0,1,0,1,1,1,1,0,0,0,0,1,-2.4492935982947064e-16,1.0,0.1205366802553231,0.992708874098054,730.74,141238.32,141238.32,141238.32,141238.32,141238.32,141238.32,141238.32,141238.32,0.0,141238.32,0.0,141238.32,0.007313798674409305,141238.32,0.0018914255727765009,141238.32,141238.32,141238.32,141238.32,0.0,0.0,0.0,0.0,0.0,0.0,0.0,11.85821103553059,1.077,0,0,0.0,126784.85,728,2015,4
2016-01-04,Beans (white),141238.32,NGN,NGN/MT,Interpolated,wholesale,National,,,0.69,False,Gap-filled by interpolation,Interpolated,historical,False,,141238.32,199.0,154.61666666666667,130.36,11.4,12.5,1,0,0,0,0,0,0,0,0,1,0,0,1,0,0,0,0,0,0,1,0.4999999999999999,0.8660254037844387,0.120536680255323,0.992708874098054,709.74,141238.32,141238.32,141238.32,141238.32,141238.32,141238.32,141238.32,141238.32,0.0,141238.32,0.0,141238.32,0.007313798674409305,141238.32,0.0018914255727765009,141238.32,141238.32,141238.32,141238.32,0.0,0.0,0.0,0.0,0.0,0.0,0.0,11.85821103553059,1.077,0,0,0.0,126784.85,729,2016,1
2016-01-11,Beans (white),141238.32,NGN,NGN/MT,Interpolated,wholesale,National,,,0.69,False,Gap-filled by interpolation,Interpolated,historical,False,,141238.32,199.0,146.8090909090909,122.67454545454548,11.4,12.5,1,0,0,0,0,0,0,0,0,1,0,0,1,0,0,0,0,0,0,1,0.4999999999999999,0.8660254037844387,0.2393156642875577,0.970941817426052,709.74,141238.32,141238.32,141238.32,141238.32,141238.32,141238.32,141238.32,141238.32,0.0,141238.32,0.0,141238.32,0.007313798674409305,141238.32,0.0018914255727765009,141238.32,141238.32,141238.32,141238.32,0.0,0.0,0.0,0.0,0.0,0.0,0.0,11.85821103553059,1.019,0,0,0.0,126784.85,730,2016,1
2016-01-18,Beans (white),180902.5,NGN,NGN/MT,WFP Nigeria Food Prices,retail,National,,,0.9,True,WFP VAM data — converted from NGN/2.5KG to NGN/MT (×400),Agricome,historical,True,IQR outlier (k=3.0),180902.5,199.0,146.8090909090909,122.67454545454548,11.4,12.5,1,0,0,0,0,0,0,0,0,1,0,0,1,0,0,0,0,0,0,1,0.4999999999999999,0.8660254037844387,0.3546048870425356,0.9350162426854148,909.06,141238.32,141238.32,141238.32,141238.32,141238.32,141238.32,141238.32,151154.365,19832.09,146196.3425,14023.405324101916,144543.66833333333,11450.062500095159,142763.86538461538,7778.785685025489,180902.5,141238.32,180902.5,141238.32,28.083157601987896,28.083157601987896,28.083157601987896,28.083157601987896,5.877,28.083157601987896,7.072,12.105719018902137,1.019,0,0,0.0,162390.04,731,2016,1
2016-01-25,Beans (white),182716.02,NGN,NGN/MT,Interpolated,retail,National,,,0.69,False,Gap-filled by interpolation,Interpolated,historical,False,,182716.02,199.0,146.8090909090909,122.67454545454548,11.4,12.5,1,0,0,0,0,0,0,0,0,1,0,0,1,0,0,0,0,0,0,1,0.4999999999999999,0.8660254037844387,0.4647231720437685,0.8854560256532099,918.17,180902.5,141238.32,141238.32,141238.32,141238.32,141238.32,141238.32,161523.79,23435.34083301543,151381.055,18786.94906471207,148000.14333333334,15796.949403051964,144359.16153846154,11027.993149707028,182716.02,141238.32,182716.02,141238.32,1.002484763892153,29.36717174205978,29.36717174205978,29.36717174205978,11.89,-27.080672838095744,5.065,12.115693896209958,1.019,0,0,0.0,164017.97,732,2016,1
2016-02-01,Beans (white),184529.55,NGN,NGN/MT,Interpolated,retail,National,,,0.69,False,Gap-filled by interpolation,Interpolated,historical,False,,184529.55,199.0,146.8090909090909,122.67454545454548,11.4,12.5,1,0,0,0,0,0,0,0,1,1,0,0,1,0,0,0,0,0,0,0,0.8660254037844386,0.5000000000000001,0.5680647467311558,0.8229838658936564,927.28,182716.02,180902.5,141238.32,141238.32,141238.32,141238.32,141238.32,172346.5975,20791.646168652107,156792.45875000002,21488.626590565425,151607.74583333332,18774.92879037416,146024.20884615387,13523.68933987195,184529.55,141238.32,184529.55,141238.32,0.992540227178762,30.651192962363183,30.651192962363183,30.651192962363183,18.026,-0.009944536713391017,4.185,12.12557031141125,1.019,0,0,0.0,165645.92,733,2016,1
2016-02-08,Beans (white),186343.07,NGN,NGN/MT,Interpolated,retail,National,,,0.69,False,Gap-filled by interpolation,Interpolated,historical,False,,186343.07,199.0,146.8090909090909,122.67454545454548,11.4,12.5,1,0,0,0,0,0,0,0,1,1,0,0,1,0,0,0,0,0,0,0,0.8660254037844386,0.5000000000000001,0.6631226582407952,0.7485107481711011,936.4,184529.55,182716.02,141238.32,141238.32,141238.32,141238.32,141238.32,183622.785,2341.249416650966,162430.55250000002,22707.23639586965,155366.475,20904.45510452913,147759.00692307693,15616.289614590843,186343.07,180902.5,186343.07,141238.32,0.9827802647326855,31.935207102435093,31.935207102435093,31.935207102435093,24.272,-0.009759962446076464,3.665,12.135350082560457,1.019,0,0,0.0,167273.85,734,2016,1
2016-02-15,Beans (white),188156.59,NGN,NGN/MT,Interpolated,retail,National,,,0.69,False,Gap-filled by interpolation,Interpolated,historical,False,,188156.59,199.0,137.4375,102.07,11.4,12.5,1,0,0,0,0,0,0,0,1,1,0,0,1,0,0,0,0,0,0,0,0.8660254037844386,0.5000000000000001,0.7485107481711011,0.6631226582407953,945.51,186343.07,184529.55,180902.5,141238.32,141238.32,141238.32,141238.32,185436.3075,2341.248125657256,168295.33625,22509.9434308123,159276.33083333334,22358.854015497844,149563.55576923076,17437.306654051285,188156.59,182716.02,188156.59,141238.32,0.9732156929688873,4.009944583408198,33.21922124250698,33.21922124250698,23.985,-0.009564571763798213,3.311,12.145035135362074,0.915,0,0,0.0,168901.79,735,2016,1
2016-02-22,Beans (white),188156.59,NGN,NGN/MT,Interpolated,retail,National,,,0.69,False,Gap-filled by interpolation,Interpolated,historical,False,,188156.59,199.0,137.4375,102.07,11.4,12.5,1,0,0,0,0,0,0,0,1,1,0,0,1,0,0,0,0,0,0,0,0.8660254037844386,0.5000000000000001,0.8229838658936564,0.5680647467311559,945.51,188156.59,186343.07,182716.02,141238.32,141238.32,141238.32,141238.32,186796.45,1736.3132084588674,174160.12,20473.34377569179,163186.18666666668,23010.585992322467,151368.10461538463,18907.075939147802,188156.59,184529.55,188156.59,141238.32,0.0,2.9776097355886044,33.21922124250698,33.21922124250698,23.405,-0.9732156929688873,2.949,12.145035135362074,0.915,0,0,0.0,168901.79,736,2016,1
2016-02-29,Beans (white),188156.59,NGN,NGN/MT,Interpolated,retail,National,,,0.69,False,Gap-filled by interpolation,Interpolated,historical,False,,188156.59,199.0,137.4375,102.07,11.4,12.5,1,0,0,0,0,0,0,0,1,1,0,0,1,0,0,0,0,0,0,0,0.8660254037844386,0.5000000000000001,0.8854560256532099,0.4647231720437686,945.51,188156.59,188156.59,184529.55,141238.32,141238.32,141238.32,141238.32,187703.21,906.7600000011781,180024.90375,15905.953006210295,167096.0425,22928.200707609896,153172.65346153846,20102.787692024696,188156.59,186343.07,188156.59,141238.32,0.0,1.9655605294653489,33.21922124250698,33.21922124250698,22.544,0.0,2.675,12.145035135362074,0.915,0,0,0.0,168901.79,737,2016,1
2016-03-07,Beans (white),188156.59,NGN,NGN/MT,Interpolated,retail,National,,,0.69,False,Gap-filled by interpolation,Interpolated,historical,False,,188156.59,199.0,137.4375,102.07,11.4,12.5,1,0,0,1,0,0,0,0,1,1,0,0,0,0,0,0,0,0,0,0,1.0,6.123233995736766e-17,0.9350162426854148,0.3546048870425355,945.51,188156.59,188156.59,186343.07,141238.32,141238.32,141238.32,141238.32,188156.59,0.0014813342655265794,185889.6875,2867.430956920821,171005.89833333335,22103.490964584576,154977.2023076923,21071.149010274094,188156.59,188156.59,188156.59,141238.32,0.0,0.9732156929688873,33.21922124250698,33.21922124250698,21.409,0.0,2.457,12.145035135362074,0.915,0,0,0.0,168901.79,738,2016,1
2016-03-14,Beans (white),188156.59,NGN,NGN/MT,Interpolated,retail,National,,,0.69,False,Gap-filled by interpolation,Interpolated,historical,False,,188156.59,199.0,135.085,114.64888888888888,11.4,12.5,1,0,0,1,0,0,0,0,1,1,0,0,0,0,0,0,0,0,0,0,1.0,6.123233995736766e-17,0.970941817426052,0.239315664287558,945.51,188156.59,188156.59,188156.59,180902.5,141238.32,141238.32,141238.32,188156.59,0.0014813342655265794,186796.44875,2112.6896235196223,174915.75416666665,20446.829659122075,156781.75115384615,21842.41890076205,188156.59,188156.59,188156.59,141238.32,0.0,0.0,33.21922124250698,33.21922124250698,20.012,0.0,2.277,12.145035135362074,0.944,0,0,0.0,168901.79,739,2016,1
2016-03-21,Beans (white),188156.59,NGN,NGN/MT,Interpolated,retail,National,,,0.69,False,Gap-filled by interpolation,Interpolated,historical,False,,188156.59,199.0,135.085,114.64888888888888,11.4,12.5,1,0,0,1,0,0,0,0,1,1,0,0,0,0,0,0,0,0,0,0,1.0,6.123233995736766e-17,0.992708874098054,0.120536680255323,945.51,188156.59,188156.59,188156.59,182716.02,141238.32,141238.32,141238.32,188156.59,0.0014813342655265794,187476.52,1349.3020583569755,178825.61,17726.47676644994,158586.30000000002,22436.93164093961,188156.59,188156.59,188156.59,141238.32,0.0,0.0,33.21922124250698,33.21922124250698,18.646,0.0,2.126,12.145035135362074,0.944,0,0,0.0,168901.79,740,2016,1
2016-03-28,Beans (white),188156.59,NGN,NGN/MT,Interpolated,retail,National,,,0.69,False,Gap-filled by interpolation,Interpolated,historical,False,,188156.59,199.0,135.085,114.64888888888888,11.4,12.5,1,0,0,1,0,0,0,0,1,1,0,0,0,0,0,0,0,0,0,0,1.0,6.123233995736766e-17,1.0,-1.6081226496766364e-16,945.51,188156.59,188156.59,188156.59,184529.55,141238.32,141238.32,141238.32,188156.59,0.0014813342655265794,187929.9,641.1761449091973,182735.46583333332,13305.25156276565,160390.84884615385,22868.4768772357,188156.59,188156.59,188156.59,141238.32,0.0,0.0,33.21922124250698,33.21922124250698,17.311,0.0,1.996,12.145035135362074,0.944,0,0,0.0,168901.79,741,2016,1
2016-04-04,Beans (white),188156.59,NGN,NGN/MT,Interpolated,retail,National,,,0.69,False,Gap-filled by interpolation,Interpolated,historical,False,,188156.59,199.0,135.085,114.64888888888888,11.4,12.5,0,1,1,1,0,0,0,0,1,0,0,0,0,0,0,0,0,0,0,0,0.8660254037844387,-0.4999999999999998,0.992708874098054,-0.1205366802553228,945.51,188156.59,188156.59,188156.59,186343.07,141238.32,141238.32,141238.32,188156.59,0.0014813342655265794,188156.59,0.000782056800595835,186645.32166666666,2545.2042943777847,162195.39769230768,23146.171672865643,188156.59,188156.59,188156.59,180902.5,0.0,0.0,33.21922124250698,33.21922124250698,16.006,0.0,1.883,12.145035135362074,0.944,0,0,0.333,168901.79,742,2016,2
2016-04-11,Beans (white),188156.59,NGN,NGN/MT,Interpolated,retail,National,,,0.69,False,Gap-filled by interpolation,Interpolated,historical,False,,188156.59,199.0,134.45714285714286,134.37,11.4,12.5,0,1,1,1,0,0,0,0,1,0,0,0,0,0,0,0,0,0,0,0,0.8660254037844387,-0.4999999999999998,0.970941817426052,-0.2393156642875575,945.51,188156.59,188156.59,188156.59,188156.59,180902.5,141238.32,141238.32,188156.59,0.0014813342655265794,188156.59,0.000782056800595835,187249.82916666663,1813.5222727366804,163999.94653846152,23275.5233396697,188156.59,188156.59,188156.59,182716.02,0.0,0.0,4.009944583408198,33.21922124250698,14.73,0.0,1.782,12.145035135362074,1.002,0,0,0.333,168901.79,743,2016,2
2016-04-18,Beans (white),188156.59,NGN,NGN/MT,Interpolated,retail,National,,,0.69,False,Gap-filled by interpolation,Interpolated,historical,False,,188156.59,199.0,134.45714285714286,134.37,11.4,12.5,0,1,1,1,0,0,0,0,1,0,0,0,0,0,0,0,0,0,0,0,0.8660254037844387,-0.4999999999999998,0.9350162426854148,-0.3546048870425354,945.51,188156.59,188156.59,188156.59,188156.59,182716.02,141238.32,141238.32,188156.59,0.0014813342655265794,188156.59,0.000782056800595835,187703.21,1127.2505916262169,165804.49538461538,23259.006977123667,188156.59,188156.59,188156.59,184529.55,0.0,0.0,2.9776097355886044,33.21922124250698,13.481,0.0,1.692,12.145035135362074,1.002,0,0,0.333,168901.79,744,2016,2
2016-04-25,Beans (white),188156.59,NGN,NGN/MT,Interpolated,retail,National,,,0.69,False,Gap-filled by interpolation,Interpolated,historical,False,,188156.59,199.0,134.45714285714286,134.37,11.4,12.5,0,1,1,1,0,0,0,0,1,0,0,0,0,0,0,0,0,0,0,0,0.8660254037844387,-0.4999999999999998,0.8854560256532099,-0.4647231720437685,945.51,188156.59,188156.59,188156.59,188156.59,184529.55,141238.32,141238.32,188156.59,0.0014813342655265794,188156.59,0.000782056800595835,188005.46333333335,523.5181301196226,167609.04423076924,23096.309653035547,188156.59,188156.59,188156.59,186343.07,0.0,0.0,1.9655605294653489,33.21922124250698,12.259,0.0,1.61,12.145035135362074,1.002,0,0,0.333,168901.79,745,2016,2
2016-05-02,Beans (white),188156.59,NGN,NGN/MT,Interpolated,retail,National,,,0.69,False,Gap-filled by interpolation,Interpolated,historical,False,,188156.59,199.0,134.45714285714286,134.37,11.4,12.5,0,1,1,1,0,0,0,0,1,0,1,0,0,0,0,0,0,0,0,0,0.4999999999999999,-0.8660254037844387,0.8229838658936565,-0.5680647467311557,945.51,188156.59,188156.59,188156.59,188156.59,186343.07,141238.32,141238.32,188156.59,0.0014813342655265794,188156.59,0.000782056800595835,188156.59,0.005527523741225477,169413.59307692308,22784.300051056118,188156.59,188156.59,188156.59,188156.59,0.0,0.0,0.9732156929688873,33.21922124250698,11.063,0.0,1.536,12.145035135362074,1.002,0,0,0.333,168901.79,746,2016,2
2016-05-09,Beans (white),188156.59,NGN,NGN/MT,Interpolated,retail,National,,,0.69,False,Gap-filled by interpolation,Interpolated,historical,False,,188156.59,199.0,134.03181818181818,137.62363636363636,11.4,12.5,0,1,1,1,0,0,0,0,1,0,1,0,0,0,0,0,0,0,0,0,0.4999999999999999,-0.8660254037844387,0.7485107481711013,-0.663122658240795,945.51,188156.59,188156.59,188156.59,188156.59,188156.59,141238.32,141238.32,188156.59,0.0014813342655265794,188156.59,0.000782056800595835,188156.59,0.005527523741225477,171218.1419230769,22316.716453027893,188156.59,188156.59,188156.59,188156.59,0.0,0.0,0.0,33.21922124250698,9.893,0.0,1.468,12.145035135362074,1.01,0,0,0.333,168901.79,747,2016,2
2016-05-16,Beans (white),188156.59,NGN,NGN/MT,Interpolated,retail,National,,,0.69,False,Gap-filled by interpolation,Interpolated,historical,False,,188156.59,199.0,134.03181818181818,137.62363636363636,11.4,12.5,0,1,1,1,0,0,0,0,1,0,1,0,0,0,0,0,0,0,0,0,0.4999999999999999,-0.8660254037844387,0.6631226582407952,-0.7485107481711012,945.51,188156.59,188156.59,188156.59,188156.59,188156.59,141238.32,141238.32,188156.59,0.0014813342655265794,188156.59,0.000782056800595835,188156.59,0.005527523741225477,173022.69076923077,21683.496786122236,188156.59,188156.59,188156.59,188156.59,0.0,0.0,0.0,33.21922124250698,8.747,0.0,1.404,12.145035135362074,1.01,0,0,0.333,168901.79,748,2016,2
2016-05-23,Beans (white),188156.59,NGN,NGN/MT,Interpolated,retail,National,,,0.69,False,Gap-filled by interpolation,Interpolated,historical,False,,188156.59,199.0,134.03181818181818,137.62363636363636,11.4,12.5,0,1,1,1,0,0,0,0,1,0,1,0,0,0,0,0,0,0,0,0,0.4999999999999999,-0.8660254037844387,0.5680647467311558,-0.8229838658936564,945.51,188156.59,188156.59,188156.59,188156.59,188156.59,141238.32,141238.32,188156.59,0.0014813342655265794,188156.59,0.000782056800595835,188156.59,0.005527523741225477,174827.2396153846,20869.56941825437,188156.59,188156.59,188156.59,188156.59,0.0,0.0,0.0,33.21922124250698,7.624,0.0,1.346,12.145035135362074,1.01,0,0,0.333,168901.79,749,2016,2
2016-05-30,Beans (white),188156.59,NGN,NGN/MT,Interpolated,retail,National,,,0.69,False,Gap-filled by interpolation,Interpolated,historical,False,,188156.59,199.0,134.03181818181818,137.62363636363636,11.4,12.5,0,1,1,1,0,0,0,0,1,0,1,0,0,0,0,0,0,0,0,0,0.4999999999999999,-0.8660254037844387,0.464723172043769,-0.8854560256532096,945.51,188156.59,188156.59,188156.59,188156.59,188156.59,141238.32,141238.32,188156.59,0.0014813342655265794,188156.59,0.000782056800595835,188156.59,0.005527523741225477,176631.78846153847,19852.720663262753,188156.59,188156.59,188156.59,188156.59,0.0,0.0,0.0,33.21922124250698,6.525,0.0,1.291,12.145035135362074,1.01,0,0,0.333,168901.79,750,2016,2
2016-06-06,Beans (white),188156.59,NGN,NGN/MT,Interpolated,retail,National,,,0.69,False,Gap-filled by interpolation,Interpolated,historical,False,,188156.59,199.0,134.03181818181818,137.62363636363636,11.4,12.5,0,1,1,0,0,0,0,1,0,0,1,0,0,0,0,0,0,1,1,0,1.2246467991473532e-16,-1.0,0.3546048870425358,-0.9350162426854148,945.51,188156.59,188156.59,188156.59,188156.59,188156.59,141238.32,141238.32,188156.59,0.0014813342655265794,188156.59,0.000782056800595835,188156.59,0.005527523741225477,178436.33730769233,18599.699001983314,188156.59,188156.59,188156.59,188156.59,0.0,0.0,0.0,33.21922124250698,5.447,0.0,1.239,12.145035135362074,1.01,1,3,0.667,168901.79,751,2016,2
2016-06-13,Beans (white),188156.59,NGN,NGN/MT,Interpolated,retail,National,,,0.69,False,Gap-filled by interpolation,Interpolated,historical,False,,188156.59,199.0,142.53,149.172,11.4,12.5,0,1,1,0,0,0,0,1,0,0,1,0,0,0,0,0,0,1,1,0,1.2246467991473532e-16,-1.0,0.2393156642875576,-0.970941817426052,945.51,188156.59,188156.59,188156.59,188156.59,188156.59,141238.32,141238.32,188156.59,0.0014813342655265794,188156.59,0.000782056800595835,188156.59,0.005527523741225477,180240.88615384616,17058.539896364382,188156.59,188156.59,188156.59,188156.59,0.0,0.0,0.0,33.21922124250698,4.392,0.0,1.19,12.145035135362074,1.083,1,3,0.667,168901.79,752,2016,2
2016-06-20,Beans (white),220800.0,NGN,NGN/MT,WFP Nigeria Food Prices,retail,National,,,0.96,True,WFP VAM data — converted from NGN/2.5KG to NGN/MT (×400),Agricome,historical,False,,220800.0,305.0,142.53,149.172,11.4,12.5,0,1,1,0,0,0,0,1,0,0,1,0,0,0,0,0,0,1,1,0,1.2246467991473532e-16,-1.0,0.120536680255323,-0.992708874098054,723.93,188156.59,188156.59,188156.59,188156.59,188156.59,141238.32,141238.32,196317.4425,16321.705000000084,192237.01625,11541.188286026398,190876.87416666668,9423.340775385224,183300.95076923075,16917.70936337181,220800.0,188156.59,220800.0,188156.59,17.34906547785544,17.34906547785544,17.34906547785544,56.33151116495863,7.101,17.34906547785544,2.407,12.30501712236033,1.083,1,3,0.667,198204.67,753,2016,2
2016-06-27,Beans (white),228100.0,NGN,NGN/MT,Interpolated,retail,National,,,0.69,False,Gap-filled by interpolation,Interpolated,historical,False,,228100.0,305.0,142.53,149.172,11.4,12.5,0,1,1,0,0,0,0,1,0,0,1,0,0,0,0,0,0,1,1,0,1.2246467991473532e-16,-1.0,-3.216245299353273e-16,-1.0,747.87,220800.0,188156.59,188156.59,188156.59,188156.59,141238.32,141238.32,206303.295,21164.88136377578,197229.9425,16913.487492624477,194205.49166666667,14212.662991407205,186641.78461538462,16855.52932050776,228100.0,188156.59,228100.0,188156.59,3.3061594202898448,21.228812660773677,21.228812660773677,61.50008014822039,10.534,-14.042906057565595,2.488,12.337543792304956,1.083,1,3,0.667,204757.63,754,2016,2
2016-07-04,Beans (white),235400.0,NGN,NGN/MT,Interpolated,retail,National,,,0.69,False,Gap-filled by interpolation,Interpolated,historical,False,,235400.0,305.0,142.53,149.172,11.4,12.5,0,1,1,0,0,0,1,1,0,0,1,0,0,0,0,0,0,1,1,0,-0.4999999999999997,-0.8660254037844388,-0.1205366802553228,-0.992708874098054,771.8,228100.0,220800.0,188156.59,188156.59,188156.59,141238.32,141238.32,218114.14750000002,20842.160811050646,203135.36875,21037.712750991766,198142.4425,18331.297145650602,190263.3876923077,16825.68804567379,235400.0,188156.59,235400.0,188156.59,3.2003507233669515,25.108559843691893,25.108559843691893,66.66864913148216,14.638,-0.1058086969228933,2.541,12.36904572188765,1.083,1,3,0.667,211310.59,755,2016,3
2016-07-11,Beans (white),242700.0,NGN,NGN/MT,Interpolated,retail,National,,,0.69,False,Gap-filled by interpolation,Interpolated,historical,False,,242700.0,305.0,165.32,147.02083333333334,11.4,12.5,0,1,1,0,0,0,1,1,0,0,1,0,0,0,0,0,0,0,1,0,-0.4999999999999997,-0.8660254037844388,-0.2393156642875574,-0.970941817426052,795.74,235400.0,228100.0,188156.59,188156.59,188156.59,141238.32,141238.32,231750.0,9424.259475771574,209953.295,24104.59585952202,202687.72666666668,22020.94950435843,194165.75999999998,16766.388105977025,242700.0,220800.0,242700.0,188156.59,3.101104502973673,28.988307026610126,28.988307026610126,71.83721811474393,19.357,-0.09924622039327868,2.57,12.399585512019348,1.175,1,3,0.667,217863.55,756,2016,3
2016-07-18,Beans (white),250000.0,NGN,NGN/MT,WFP Nigeria Food Prices,retail,National,,,0.96,True,WFP VAM data — converted from NGN/2.5KG to NGN/MT (×400),Agricome,historical,False,,250000.0,305.0,165.32,147.02083333333334,11.4,12.5,0,1,1,0,0,0,1,1,0,0,1,0,0,0,0,0,0,0,1,0,-0.4999999999999997,-0.8660254037844388,-0.3546048870425356,-0.9350162426854148,819.67,242700.0,235400.0,220800.0,188156.59,188156.59,180902.5,141238.32,239050.0,9424.259475771574,217683.72125,25960.924216716532,207841.34416666665,25303.115839242808,196823.35615384614,19784.54881296596,250000.0,228100.0,250000.0,188156.59,3.0078285949732164,13.224637681159424,32.86805420952837,77.0057870980057,21.454,-0.09327590800045638,2.58,12.429220196836383,1.175,1,3,0.667,224416.52,757,2016,3
2016-07-25,Beans (white),252133.33,NGN,NGN/MT,Interpolated,retail,National,,,0.69,False,Gap-filled by interpolation,Interpolated,historical,False,,252133.33,305.0,165.32,147.02083333333334,11.4,12.5,0,1,1,0,0,0,1,1,0,0,1,0,0,0,0,0,0,0,1,0,-0.4999999999999997,-0.8660254037844388,-0.464723172043768,-0.8854560256532101,826.67,250000.0,242700.0,228100.0,188156.59,188156.59,182716.02,141238.32,245058.3325,7600.894380853827,225680.81374999997,25413.95358810249,213172.73916666667,27429.131119406138,199493.2526923077,22325.365422444596,252133.33,235400.0,252133.33,188156.59,0.8533319999999955,10.536313020604982,34.0018598338756,78.51623412116484,22.84,-2.154496594973221,2.442,12.437717280025472,1.175,1,3,0.667,226331.54,758,2016,3
2016-08-01,Beans (white),254266.67,NGN,NGN/MT,Interpolated,retail,National,,,0.69,False,Gap-filled by interpolation,Interpolated,historical,False,,254266.67,305.0,165.32,147.02083333333334,17.6,19.4,0,1,0,0,1,0,1,1,0,0,1,0,0,0,0,1,0,0,1,0,-0.8660254037844384,-0.5000000000000004,-0.5680647467311556,-0.8229838658936565,833.66,252133.33,250000.0,235400.0,188156.59,188156.59,184529.55,141238.32,249775.0,5028.023792631702,233944.57375,21986.51935570778,218681.9125,28563.51951198436,202175.44961538463,24535.455722486764,254266.67,242700.0,254266.67,188156.59,0.8461158229259302,8.01472812234496,35.13567077294504,80.0266882245555,23.544,-0.0072161770740653,2.325,12.44614281002097,1.175,1,3,0.333,216213.15,759,2016,3
2016-08-08,Beans (white),256400.0,NGN,NGN/MT,Interpolated,retail,National,,,0.69,False,Gap-filled by interpolation,Interpolated,historical,False,,256400.0,305.0,165.32,147.02083333333334,17.6,19.4,0,1,0,0,1,0,1,1,0,0,1,0,0,0,0,1,0,0,1,0,-0.8660254037844384,-0.5000000000000004,-0.663122658240795,-0.7485107481711013,840.66,254266.67,252133.33,242700.0,188156.59,188156.59,186343.07,141238.32,253200.0,2754.1223513012483,242475.0,13144.312022304019,224368.86333333337,28726.584155362307,204869.94692307693,26495.72350294332,256400.0,250000.0,256400.0,188156.59,0.839012836405173,5.644829007004537,36.26947639729228,81.53713524771464,23.591,-0.0071029865207572485,2.225,12.454497904177053,1.175,1,3,0.333,218027.21,760,2016,3
2016-08-15,Beans (white),258533.33,NGN,NGN/MT,Interpolated,retail,National,,,0.69,False,Gap-filled by interpolation,Interpolated,historical,False,,258533.33,305.0,170.29545454545453,145.92000000000002,17.6,19.4,0,1,0,0,1,0,1,1,0,0,1,0,0,0,0,1,0,0,1,0,-0.8660254037844384,-0.5000000000000004,-0.7485107481711011,-0.6631226582407952,847.65,256400.0,254266.67,250000.0,220800.0,188156.59,188156.59,141238.32,255333.3325,2754.1210603074055,247191.66625,10819.951036696637,230233.59166666665,27831.51351705523,207576.74461538464,28256.33442951076,258533.33,252133.33,258533.33,188156.59,0.8320319812792354,3.4133320000000023,37.40328202163952,83.04758227087379,23.007,-0.006980855125937602,2.138,12.462783768755031,1.194,1,3,0.333,219841.27,761,2016,3
2016-08-22,Beans (white),258533.33,NGN,NGN/MT,Interpolated,retail,National,,,0.69,False,Gap-filled by interpolation,Interpolated,historical,False,,258533.33,305.0,170.29545454545453,145.92000000000002,17.6,19.4,0,1,0,0,1,0,1,1,0,0,1,0,0,0,0,1,0,0,1,0,-0.8660254037844384,-0.5000000000000004,-0.8229838658936564,-0.5680647467311559,847.65,258533.33,256400.0,252133.33,228100.0,188156.59,188156.59,141238.32,256933.3325,2042.5079717907497,250995.8325,8175.4646229797145,236098.31999999998,25474.024649975425,210283.54230769232,29657.677910557253,258533.33,254266.67,258533.33,188156.59,0.0,2.5383395364666717,37.40328202163952,83.04758227087379,22.184,-0.8320319812792354,2.012,12.462783768755031,1.194,1,3,0.333,219841.27,762,2016,3
2016-08-29,Beans (white),258533.33,NGN,NGN/MT,Interpolated,retail,National,,,0.69,False,Gap-filled by interpolation,Interpolated,historical,False,,258533.33,305.0,170.29545454545453,145.92000000000002,17.6,19.4,0,1,0,0,1,0,1,1,0,0,1,0,0,0,0,1,0,0,1,0,-0.8660254037844384,-0.5000000000000004,-0.8854560256532096,-0.4647231720437691,847.65,258533.33,258533.33,254266.67,235400.0,188156.59,188156.59,141238.32,257999.9975,1066.665000001797,253887.49875,5536.341754966344,241963.04833333334,21171.088750645187,212990.34,30748.912743484532,258533.33,256400.0,258533.33,188156.59,0.0,1.678025672810346,37.40328202163952,83.04758227087379,21.132,0.0,1.902,12.462783768755031,1.194,1,3,0.333,219841.27,763,2016,3
2016-09-05,Beans (white),258533.33,NGN,NGN/MT,Interpolated,retail,National,,,0.69,False,Gap-filled by interpolation,Interpolated,historical,False,,258533.33,305.0,170.29545454545453,145.92000000000002,17.6,19.4,0,1,0,0,1,1,0,0,0,0,0,0,0,0,0,1,0,0,0,0,-1.0,-1.8369701987210294e-16,-0.9350162426854148,-0.3546048870425359,847.65,258533.33,258533.33,256400.0,242700.0,188156.59,188156.59,141238.32,258533.33,0.001969270728137412,255866.66499999998,3373.0949661697787,247827.77666666664,13132.415836792823,215697.13769230765,31562.220501298125,258533.33,258533.33,258533.33,220800.0,0.0,0.8320319812792354,37.40328202163952,83.04758227087379,19.859,0.0,1.804,12.462783768755031,1.194,1,3,0.333,219841.27,764,2016,3
2016-09-12,Beans (white),258533.33,NGN,NGN/MT,Interpolated,retail,National,,,0.69,False,Gap-filled by interpolation,Interpolated,historical,False,,258533.33,305.0,181.75,147.37142857142857,17.6,19.4,0,1,0,0,1,1,0,0,0,0,0,0,0,0,0,1,0,0,0,0,-1.0,-1.8369701987210294e-16,-0.970941817426052,-0.2393156642875577,847.65,258533.33,258533.33,258533.33,250000.0,220800.0,188156.59,141238.32,258533.33,0.001969270728137412,256933.33125,2485.2569986245767,250972.22083333333,10280.261820317815,218403.93538461535,32118.721071125652,258533.33,258533.33,258533.33,228100.0,0.0,0.0,17.089370471014487,83.04758227087379,18.374,0.0,1.717,12.462783768755031,1.248,1,3,0.333,219841.27,765,2016,3
2016-09-19,Beans (white),269200.0,NGN,NGN/MT,WFP Nigeria Food Prices,retail,National,,,0.96,True,WFP VAM data — converted from NGN/2.5KG to NGN/MT (×400),Agricome,historical,False,,269200.0,305.0,181.75,147.37142857142857,17.6,19.4,0,1,0,0,1,1,0,0,0,0,0,0,0,0,0,1,0,0,0,0,-1.0,-1.8369701987210294e-16,-0.992708874098054,-0.1205366802553235,882.62,258533.33,258533.33,258533.33,252133.33,228100.0,188156.59,141238.32,261199.9975,5333.335000000385,259066.66499999998,4379.461212060552,254397.22083333333,8690.99618485659,221520.9896153846,32986.680739169205,269200.0,258533.33,269200.0,235400.0,4.125839403375964,4.125839403375964,18.018412976764587,90.59983154713251,17.912,4.125839403375964,1.871,12.503213591456063,1.248,1,3,0.333,228911.56,766,2016,3
2016-09-26,Beans (white),288500.0,NGN,NGN/MT,Interpolated,retail,National,,,0.69,False,Gap-filled by interpolation,Interpolated,historical,False,,288500.0,305.0,181.75,147.37142857142857,17.6,19.4,0,1,0,0,1,1,0,0,0,0,0,0,0,0,0,1,0,0,0,0,-1.0,-1.8369701987210294e-16,-1.0,-1.8369701987210294e-16,945.9,269200.0,258533.33,258533.33,254266.67,235400.0,188156.59,141238.32,268691.665,14130.488077073083,263345.83125,10895.929190145736,258822.22083333333,11273.48138951475,225380.35153846152,34749.83210855474,288500.0,258533.33,288500.0,242700.0,7.16939078751857,11.591027740987991,22.557349192863207,104.26467831109858,19.217,3.0435513841426065,2.179,12.57245383112879,1.248,1,3,0.333,245323.13,767,2016,3
2016-10-03,Beans (white),307800.0,NGN,NGN/MT,Interpolated,retail,National,,,0.69,False,Gap-filled by interpolation,Interpolated,historical,False,,307800.0,305.0,181.75,147.37142857142857,17.6,19.4,0,1,0,0,0,1,0,0,0,1,0,1,0,1,1,1,1,0,0,0,-0.8660254037844386,0.5000000000000001,-0.992708874098054,0.1205366802553232,1009.18,288500.0,269200.0,258533.33,256400.0,242700.0,188156.59,141238.32,281008.3325,21744.585403932113,269770.83125,18626.910095407246,264247.2208333333,17012.654532160526,229982.02115384614,37440.94089324779,307800.0,258533.33,307800.0,250000.0,6.689774696707107,19.056216078599995,26.823238566131025,117.92952507506462,22.187,-0.4796160908114633,2.426,12.637208749244536,1.248,1,3,0.333,261734.69,768,2016,4
2016-10-10,Beans (white),327100.0,NGN,NGN/MT,Interpolated,retail,National,,,0.69,False,Gap-filled by interpolation,Interpolated,historical,False,,327100.0,305.0,185.25,146.3576923076923,17.6,19.4,0,1,0,0,0,1,0,0,0,1,0,1,0,1,1,1,1,0,0,0,-0.8660254037844386,0.5000000000000001,-0.970941817426052,0.2393156642875573,1072.46,307800.0,288500.0,258533.33,258533.33,250000.0,188156.59,141238.32,298150.0,24916.1928606012,278341.665,26729.895205229364,270672.2208333333,24188.381140233105,235325.99846153846,40980.78870307663,327100.0,269200.0,327100.0,252133.33,6.270305393112419,26.521404416212025,30.84,131.59437183903063,26.697,-0.41946930359468837,2.609,12.698024270690864,1.26,1,3,0.333,278146.26,769,2016,4
2016-10-17,Beans (white),338640.0,NGN,NGN/MT,WFP Nigeria Food Prices,retail,National,,,0.96,True,WFP VAM data — converted from NGN/2.5KG to NGN/MT (×400),Agricome,historical,False,,346400.0,305.0,185.25,146.3576923076923,17.6,19.4,0,1,0,0,0,1,0,0,0,1,0,1,0,1,1,1,1,0,0,0,-0.8660254037844386,0.5000000000000001,-0.9350162426854148,0.3546048870425355,1110.3,327100.0,307800.0,269200.0,258533.33,252133.33,188156.59,141238.32,315510.0,22047.745160598093,288354.99875,32607.613768581054,277881.11000000004,30283.75973318207,241113.8219230769,44525.71592976929,338640.0,288500.0,338640.0,254266.67,3.5279730969122625,25.79494799405646,34.309890723293115,139.76495897147458,30.855,-2.742332296200156,2.61,12.73269582817887,1.26,1,3,0.333,287959.18,770,2016,4
2016-10-24,Beans (white),338640.0,NGN,NGN/MT,Interpolated,retail,National,,,0.69,False,Gap-filled by interpolation,Interpolated,historical,False,,338640.0,305.0,185.25,146.3576923076923,17.6,19.4,0,1,0,0,0,1,0,0,0,1,0,1,0,1,1,1,1,0,0,0,-0.8660254037844386,0.5000000000000001,-0.8854560256532101,0.464723172043768,1110.3,338640.0,327100.0,288500.0,258533.33,254266.67,188156.59,141238.32,328045.0,14551.759343804855,298368.3325,34392.50319293719,284912.2208333333,33883.39609771235,246901.64538461535,47074.15429418976,338640.0,307800.0,338640.0,256400.0,0.0,17.379549393414216,33.183008217317656,139.76495897147458,32.865,-3.5279730969122625,2.419,12.73269582817887,1.26,1,3,0.333,287959.18,771,2016,4
2016-10-31,Beans (white),330880.0,NGN,NGN/MT,Interpolated,retail,National,,,0.69,False,Gap-filled by interpolation,Interpolated,historical,False,,330880.0,305.0,185.25,146.3576923076923,17.6,19.4,0,1,0,0,0,1,0,0,0,1,0,1,0,1,1,1,1,0,0,0,-0.8660254037844386,0.5000000000000001,-0.822983865893657,0.5680647467311548,1084.85,338640.0,338640.0,307800.0,258533.33,256400.0,188156.59,141238.32,333815.0,5781.1965312853845,307411.66625,31838.512052628983,291118.8875,34989.28055795018,252391.00730769229,48256.532043738756,338640.0,327100.0,338640.0,258533.33,-2.291519017245447,7.498375568550997,29.048361934477374,134.2706993399525,32.261,-2.291519017245447,2.137,12.709514073101293,1.26,1,3,0.333,281360.54,772,2016,4
2016-11-07,Beans (white),323120.0,NGN,NGN/MT,Interpolated,retail,National,,,0.69,False,Gap-filled by interpolation,Interpolated,historical,False,,323120.0,305.0,185.25,146.3576923076923,17.6,19.4,1,0,0,0,0,1,0,0,0,1,0,1,1,1,1,0,1,0,0,0,-0.5000000000000004,0.8660254037844384,-0.7485107481711011,0.6631226582407952,1059.41,330880.0,338640.0,327100.0,258533.33,258533.33,188156.59,141238.32,332820.0,7429.634356190037,315485.0,25162.518043425574,296501.11000000004,34485.01665251975,257581.90769230766,48329.39914616832,338640.0,323120.0,338640.0,258533.33,-2.3452611218568675,-1.2167532864567399,24.98195106990655,128.7764397084304,29.209,-0.053742104611420594,1.895,12.685782145057958,1.26,0,0,0.333,274761.9,773,2016,4
2016-11-14,Beans (white),315360.0,NGN,NGN/MT,Interpolated,retail,National,,,0.69,False,Gap-filled by interpolation,Interpolated,historical,False,,315360.0,305.0,188.7,145.23555555555555,17.6,19.4,1,0,0,0,0,1,0,0,0,1,0,1,1,1,1,0,1,0,0,0,-0.5000000000000004,0.8660254037844384,-0.6631226582407955,0.7485107481711007,1033.97,323120.0,330880.0,338640.0,269200.0,258533.33,188156.59,141238.32,327000.0,10018.116922190444,321255.0,17001.837715796755,301236.66583333333,32650.18398119746,262474.3465384615,47450.76136600233,338640.0,315360.0,338640.0,258533.33,-2.4015845506313416,-6.8745570517363515,21.98040384193405,123.2821800769083,24.584,-0.05632342877447405,1.681,12.661473293360718,1.272,0,0,0.333,268163.27,774,2016,4
2016-11-21,Beans (white),307600.0,NGN,NGN/MT,WFP Nigeria Food Prices,retail,National,,,0.96,True,WFP VAM data — converted from NGN/2.5KG to NGN/MT (×400),Agricome,historical,False,,307600.0,305.0,188.7,145.23555555555555,17.6,19.4,1,0,0,0,0,1,0,0,0,1,0,1,1,1,1,0,1,0,0,0,-0.5000000000000004,0.8660254037844384,-0.5680647467311559,0.8229838658936564,1008.52,315360.0,323120.0,338640.0,288500.0,258533.33,188156.59,141238.32,319240.0,10018.116922190391,323642.5,12486.593667953432,305325.555,29760.66441261208,267068.32384615386,45718.19952870405,330880.0,307600.0,338640.0,258533.33,-2.460679857940129,-9.166076068981809,18.978856613961547,117.78792044538622,19.535,-0.059095307308787426,1.485,12.636558767583635,1.272,0,0,0.333,261564.63,775,2016,4
2016-11-28,Beans (white),295100.0,NGN,NGN/MT,Interpolated,retail,National,,,0.69,False,Gap-filled by interpolation,Interpolated,historical,False,,295100.0,305.0,188.7,145.23555555555555,17.6,19.4,1,0,0,0,0,1,0,0,0,1,0,1,1,1,1,0,1,0,0,0,-0.5000000000000004,0.8660254037844384,-0.4647231720437684,0.88545602565321,967.54,307600.0,315360.0,330880.0,307800.0,258533.33,188156.59,141238.32,310295.0,11948.303924267924,322055.0,15282.732552973552,308372.7775,26192.10756231485,271181.5319230769,43068.632128388774,323120.0,295100.0,338640.0,258533.33,-4.06371911573472,-10.813588007736941,14.143890074057385,108.93763109048594,14.423,-1.6030392577945913,1.224,12.595072949607092,1.272,0,0,0.333,250935.37,776,2016,4
2016-12-05,Beans (white),282600.0,NGN,NGN/MT,Interpolated,retail,National,,,0.69,False,Gap-filled by interpolation,Interpolated,historical,False,,282600.0,305.0,188.7,145.23555555555555,17.6,19.4,1,0,0,0,0,0,0,0,0,1,0,1,1,1,1,0,0,0,0,1,-2.4492935982947064e-16,1.0,-0.3546048870425359,0.9350162426854148,926.56,295100.0,307600.0,323120.0,327100.0,258533.33,188156.59,141238.32,300165.0,14379.97102454226,316492.5,20419.343595158643,310378.3333333333,22720.215201178347,274813.97076923074,39631.73342457189,315360.0,282600.0,338640.0,269200.0,-4.235852253473393,-12.54023273087398,9.308923534153223,100.08734173558564,9.225,-0.17213313773867256,0.973,12.551791287796721,1.272,0,0,0.0,240306.12,777,2016,4
2016-12-12,Beans (white),270100.0,NGN,NGN/MT,Interpolated,retail,National,,,0.69,False,Gap-filled by interpolation,Interpolated,historical,False,,270100.0,305.0,197.77777777777777,147.89444444444445,17.6,19.4,1,0,0,0,0,0,0,0,0,1,0,1,1,1,1,0,0,0,0,1,-2.4492935982947064e-16,1.0,-0.2393156642875578,0.970941817426052,885.57,282600.0,295100.0,315360.0,338640.0,269200.0,188156.59,141238.32,288850.0,16137.43060919778,307925.0,23884.193816951778,310453.3333333333,22572.935255756678,277965.64038461534,35508.48838182775,307600.0,270100.0,338640.0,270100.0,-4.423213021939132,-14.35185185185185,0.33432392273402556,91.23705238068534,3.916,-0.187360768465739,0.725,12.506551242106323,1.32,0,0,0.0,229676.87,778,2016,4
2016-12-19,Beans (white),265300.0,NGN,NGN/MT,WFP Nigeria Food Prices,retail,National,,,0.96,True,WFP VAM data — converted from NGN/2.5KG to NGN/MT (×400),Agricome,historical,False,,257600.0,305.0,197.77777777777777,147.89444444444445,17.6,19.4,1,0,0,0,0,0,0,0,0,1,0,1,1,1,1,0,0,0,0,1,-2.4492935982947064e-16,1.0,-0.1205366802553236,0.992708874098054,869.84,270100.0,282600.0,307600.0,338640.0,288500.0,220800.0,141238.32,278275.0,13378.683293458738,298757.5,24478.322625773028,308520.0,25436.074597096704,279677.17884615384,33667.588700880064,295100.0,265300.0,338640.0,265300.0,-1.77711958533876,-13.75162548764629,-8.041594454072786,87.83854126840365,-0.501,2.646093436600372,0.611,12.488620309436481,1.32,0,0,0.0,225595.24,779,2016,4
2016-12-26,Beans (white),265300.0,NGN,NGN/MT,Interpolated,retail,National,,,0.69,False,Gap-filled by interpolation,Interpolated,historical,False,,265300.0,305.0,197.77777777777777,147.89444444444445,17.6,19.4,1,0,0,0,0,0,0,0,0,1,0,1,1,1,1,0,0,0,0,1,-2.4492935982947064e-16,1.0,6.432490598706546e-16,1.0,869.84,265300.0,270100.0,295100.0,330880.0,307800.0,228100.0,141238.32,270825.0,8169.608313744544,290560.0,23127.82863009107,304978.3333333333,28338.637239748117,281107.948076923,32144.011262910048,282600.0,265300.0,338640.0,265300.0,0.0,-10.098271772280587,-13.807667316439243,87.83854126840365,-3.658,1.77711958533876,0.582,12.488620309436481,1.32,0,0,0.0,225595.24,780,2016,4
2017-01-02,Beans (white),273000.0,NGN,NGN/MT,Interpolated,retail,National,,,0.69,False,Gap-filled by interpolation,Interpolated,historical,False,,273000.0,305.79,197.77777777777777,147.89444444444445,17.6,19.4,1,0,0,0,0,0,0,0,0,1,0,0,1,0,0,0,0,0,0,1,0.4999999999999999,0.8660254037844387,0.120536680255323,0.992708874098054,892.77,265300.0,265300.0,282600.0,323120.0,327100.0,235400.0,141238.32,268425.0,3797.696670352129,284295.0,19561.16195789146,300470.0,28799.000613972967,282554.1019230769,30824.070738143713,273000.0,265300.0,338640.0,265300.0,2.902374670184704,-3.397027600849256,-16.53928462243962,93.2903195110222,-5.0,2.902374670184704,0.695,12.51723073716405,1.32,0,0,0.0,232142.86,781,2017,1
2017-01-09,Beans (white),280700.0,NGN,NGN/MT,Interpolated,retail,National,,,0.69,False,Gap-filled by interpolation,Interpolated,historical,False,,280700.0,305.79,222.22222222222223,147.66666666666666,17.6,19.4,1,0,0,0,0,0,0,0,0,1,0,0,1,0,0,0,0,0,0,1,0.4999999999999999,0.8660254037844387,0.2393156642875577,0.970941817426052,917.95,273000.0,265300.0,270100.0,315360.0,338640.0,242700.0,141238.32,271075.0,7372.188729724082,279962.5,15005.7072475776,295641.6666666667,26590.082167924,284015.64038461534,29740.634299933732,280700.0,265300.0,338640.0,265300.0,2.8205128205128105,3.924472417623104,-17.10961493030947,98.74209775364078,-4.556,-0.0818618496718937,0.811,12.545045324865894,1.426,0,0,0.0,238690.48,782,2017,1
2017-01-16,Beans (white),280720.0,NGN,NGN/MT,WFP Nigeria Food Prices,retail,National,,,0.96,True,WFP VAM data — converted from NGN/2.5KG to NGN/MT (×400),Agricome,historical,False,,288400.0,305.79,222.22222222222223,147.66666666666666,17.6,19.4,1,0,0,0,0,0,0,0,0,1,0,0,1,0,0,0,0,0,0,1,0.4999999999999999,0.8660254037844387,0.3546048870425356,0.9350162426854148,918.02,280700.0,273000.0,265300.0,307600.0,338640.0,250000.0,180902.5,274930.0,7377.415988452278,276602.5,10160.317416301668,290815.0,23103.711036029355,285197.17884615384,28934.501072104653,280720.0,265300.0,330880.0,265300.0,0.007125044531530733,5.812287975876362,-17.103708953460906,55.17751274858003,-3.6,-2.8133877759812798,0.78,12.545116572519204,1.426,0,0,0.0,238707.48,783,2017,1
2017-01-23,Beans (white),280720.0,NGN,NGN/MT,Interpolated,retail,National,,,0.69,False,Gap-filled by interpolation,Interpolated,historical,False,,280720.0,305.79,222.22222222222223,147.66666666666666,17.6,19.4,1,0,0,0,0,0,0,0,0,1,0,0,1,0,0,0,0,0,0,1,0.4999999999999999,0.8660254037844387,0.4647231720437685,0.8854560256532099,918.02,280720.0,280700.0,265300.0,295100.0,330880.0,252133.33,182716.02,278785.0,3856.678190706585,274805.0,7285.725770299277,286635.0,19443.69984432863,286296.66615384613,28160.632206224047,280720.0,273000.0,323120.0,265300.0,0.0,5.812287975876362,-15.159574468085102,53.637322003839635,-2.624,-0.007125044531530733,0.749,12.545116572519204,1.426,0,0,0.0,238707.48,784,2017,1
2017-01-30,Beans (white),273040.0,NGN,NGN/MT,Interpolated,retail,National,,,0.69,False,Gap-filled by interpolation,Interpolated,historical,False,,273040.0,305.79,222.22222222222223,147.66666666666666,17.6,19.4,1,0,0,0,0,0,0,0,0,1,0,0,1,0,0,0,0,0,0,1,0.4999999999999999,0.8660254037844387,0.5680647467311558,0.8229838658936564,892.9,280720.0,280720.0,273000.0,282600.0,323120.0,254266.67,184529.55,278795.0,3836.678250779593,273610.0,6573.7747364598135,282461.6666666667,15963.880727403657,287018.7173076923,27540.365571768772,280720.0,273040.0,315360.0,265300.0,-2.7358221715588438,0.014652014652005718,-15.49888586283733,47.965461358356976,-2.865,-2.7358221715588438,0.569,12.517377246040919,1.426,0,0,0.0,232176.87,785,2017,1
2017-02-06,Beans (white),265360.0,NGN,NGN/MT,Interpolated,retail,National,,,0.69,False,Gap-filled by interpolation,Interpolated,historical,False,,265360.0,305.79,222.22222222222223,147.66666666666666,17.6,19.4,1,0,0,0,0,0,0,0,1,1,0,0,1,0,0,0,0,0,0,0,0.8660254037844386,0.5000000000000001,0.6631226582407952,0.7485107481711011,867.79,273040.0,280720.0,280700.0,270100.0,315360.0,256400.0,186343.07,274960.0,7353.040187568992,273017.5,7125.763618227885,278295.0,12810.271801813822,287363.33269230765,27195.808373840748,280720.0,265360.0,307600.0,265300.0,-2.81277468502783,-5.464909155682218,-15.85489599188229,42.40400783350837,-4.316,-0.07695251346898635,0.389,12.488846442079314,1.426,0,0,0.0,225646.26,786,2017,1
2017-02-13,Beans (white),257680.0,NGN,NGN/MT,Interpolated,retail,National,,,0.69,False,Gap-filled by interpolation,Interpolated,historical,False,,257680.0,305.79,275.42857142857144,151.29285714285714,17.6,19.4,1,0,0,0,0,0,0,0,1,1,0,0,1,0,0,0,0,0,0,0,0.8660254037844386,0.5000000000000001,0.7485107481711011,0.6631226582407953,842.67,265360.0,273040.0,280720.0,265300.0,307600.0,258533.33,188156.59,269200.0,9914.837366291182,272065.0,8650.818293251808,274135.0,10285.301515887153,287330.51230769226,27232.482814118594,280720.0,257680.0,295100.0,257680.0,-2.8941814892975537,-8.207466514676543,-16.228868660598184,36.949760834845065,-6.31,-0.08140680426972358,0.21,12.459477664779916,1.669,0,0,0.0,219115.65,787,2017,1
2017-02-20,Beans (white),257680.0,NGN,NGN/MT,WFP Nigeria Food Prices,retail,National,,,0.96,True,WFP VAM data — converted from NGN/2.5KG to NGN/MT (×400),Agricome,historical,False,,250000.0,305.79,275.42857142857144,151.29285714285714,17.6,19.4,1,0,0,0,0,0,0,0,1,1,0,0,1,0,0,0,0,0,0,0,0.8660254037844386,0.5000000000000001,0.8229838658936564,0.5680647467311559,842.67,257680.0,265360.0,280720.0,265300.0,295100.0,258533.33,188156.59,263440.0,7353.040187568886,271112.5,9839.871877795544,271016.6666666667,8935.167835156095,287297.69192307687,27269.066848837316,273040.0,257680.0,282600.0,257680.0,0.0,-8.207466514676543,-12.680447305997966,36.949760834845065,-8.304,2.8941814892975537,0.185,12.459477664779916,1.669,0,0,0.0,219115.65,788,2017,1
2017-02-27,Beans (white),260400.0,NGN,NGN/MT,Interpolated,retail,National,,,0.69,False,Gap-filled by interpolation,Interpolated,historical,False,,260400.0,305.79,275.42857142857144,151.29285714285714,17.6,19.4,1,0,0,0,0,0,0,0,1,1,0,0,1,0,0,0,0,0,0,0,0.8660254037844386,0.5000000000000001,0.8854560256532099,0.4647231720437686,851.56,257680.0,257680.0,273040.0,273000.0,282600.0,258533.33,188156.59,260280.0,3621.27049528236,269537.5,10482.035993614581,269166.6666666667,8611.194968636059,287369.4869230769,27192.655969237952,265360.0,257680.0,280720.0,257680.0,1.0555728034771894,-4.62935833577498,-7.855626326963905,38.39536526464473,-9.427,1.0555728034771894,0.216,12.469978029554953,1.669,0,0,0.0,221428.57,789,2017,1
2017-03-06,Beans (white),270800.0,NGN,NGN/MT,Interpolated,retail,National,,,0.69,False,Gap-filled by interpolation,Interpolated,historical,False,,270800.0,305.79,275.42857142857144,151.29285714285714,17.6,19.4,1,0,0,1,0,0,0,0,1,1,0,0,0,0,0,0,0,0,0,0,1.0,6.123233995736766e-17,0.9350162426854148,0.3546048870425355,885.58,260400.0,257680.0,265360.0,280700.0,270100.0,258533.33,188156.59,261640.0,6239.8290574878265,268300.0,9515.797391706228,269225.0,8620.458224478798,287841.28192307695,26775.548594762615,270800.0,257680.0,280720.0,257680.0,3.9938556067588227,2.050045221585761,0.25916327286190644,43.92267631976112,-9.103,2.9382828032816333,0.409,12.509139512775626,1.669,0,0,0.0,230272.11,790,2017,1
2017-03-13,Beans (white),281200.0,NGN,NGN/MT,Interpolated,retail,National,,,0.69,False,Gap-filled by interpolation,Interpolated,historical,False,,281200.0,305.79,277.25,179.0,17.6,19.4,1,0,0,1,0,0,0,0,1,1,0,0,0,0,0,0,0,0,0,0,1.0,6.123233995736766e-17,0.970941817426052,0.239315664287558,919.59,270800.0,260400.0,257680.0,280720.0,265300.0,258533.33,188156.59,267520.0,10730.343268818115,268360.0,9606.378833135686,270550.0,9166.95051902025,288713.07692307694,26144.704973547592,281200.0,257680.0,281200.0,257680.0,3.840472673559825,9.127600124185031,5.9932152280437245,49.449987374877495,-7.341,-0.15338293319899776,0.603,12.54682499510009,1.762,0,0,0.0,239115.65,791,2017,1
2017-03-20,Beans (white),291600.0,NGN,NGN/MT,WFP Nigeria Food Prices,retail,National,,,0.96,True,WFP VAM data — converted from NGN/2.5KG to NGN/MT (×400),Agricome,historical,False,,291600.0,305.79,277.25,179.0,17.6,19.4,1,0,0,1,0,0,0,0,1,1,0,0,0,0,0,0,0,0,0,0,1.0,6.123233995736766e-17,0.992708874098054,0.120536680255323,953.6,281200.0,270800.0,257680.0,280720.0,265300.0,269200.0,188156.59,276000.0,13426.342266852553,269720.0,12062.390191950357,272741.6666666667,10796.724952361845,289574.6153846154,25843.30911176337,291600.0,260400.0,291600.0,257680.0,3.69843527738265,13.163613784538963,9.913305691669816,54.97729842999388,-4.688,-0.1420373961771748,0.798,12.58314170846604,1.762,0,0,0.0,247959.18,792,2017,1
2017-03-27,Beans (white),298500.0,NGN,NGN/MT,Interpolated,retail,National,,,0.69,False,Gap-filled by interpolation,Interpolated,historical,False,,298500.0,305.79,277.25,179.0,17.6,19.4,1,0,0,1,0,0,0,0,1,1,0,0,0,0,0,0,0,0,0,0,1.0,6.123233995736766e-17,1.0,-1.6081226496766364e-16,976.16,291600.0,281200.0,260400.0,273040.0,273000.0,288500.0,188156.59,285525.0,12121.4341835722,272902.5,15832.824628419556,274866.6666666667,13113.14214708586,289959.23076923075,25901.024832709092,298500.0,270800.0,298500.0,257680.0,2.366255144032925,14.63133640552996,9.340659340659329,58.64445672617686,-1.529,-1.3321801333497252,0.917,12.606528561892935,1.762,0,0,0.0,253826.53,793,2017,1
2017-04-03,Beans (white),305400.0,NGN,NGN/MT,Interpolated,retail,National,,,0.69,False,Gap-filled by interpolation,Interpolated,historical,False,,305400.0,305.79,277.25,179.0,17.6,19.4,0,1,1,1,0,0,0,0,1,0,0,0,0,0,0,0,0,0,0,0,0.8660254037844387,-0.4999999999999998,0.992708874098054,-0.1205366802553228,998.72,298500.0,291600.0,270800.0,265360.0,280700.0,307800.0,188156.59,294175.0,10322.911411031644,277907.5,19099.537578545947,276925.0,15779.489852336232,289866.92307692306,25839.10211586006,305400.0,281200.0,305400.0,257680.0,2.311557788944718,12.776957163958635,8.79942999643748,62.311615022359845,1.486,-0.054697355088206834,1.036,12.629380946155546,1.762,0,0,0.333,259693.88,794,2017,2
2017-04-10,Beans (white),312300.0,NGN,NGN/MT,Interpolated,retail,National,,,0.69,False,Gap-filled by interpolation,Interpolated,historical,False,,312300.0,305.79,248.5833333333333,154.875,17.6,19.4,0,1,1,1,0,0,0,0,1,0,0,0,0,0,0,0,0,0,0,0,0.8660254037844387,-0.4999999999999998,0.970941817426052,-0.2393156642875575,1021.29,305400.0,298500.0,281200.0,257680.0,280720.0,327100.0,188156.59,301950.0,8907.86169627753,284735.0,20543.753308487798,279556.6666666667,18811.978453456588,289297.6923076923,25139.60720579254,312300.0,291600.0,312300.0,257680.0,2.259332023575644,11.059743954480794,11.249643773154737,65.97877331854282,4.373,-0.05222576536907386,1.154,12.651722745315356,1.563,0,0,0.333,265561.22,795,2017,2
2017-04-17,Beans (white),316300.0,NGN,NGN/MT,WFP Nigeria Food Prices,retail,National,,,0.96,True,WFP VAM data — converted from NGN/2.5KG to NGN/MT (×400),Agricome,historical,False,,319200.0,305.79,248.5833333333333,154.875,17.6,19.4,0,1,1,1,0,0,0,0,1,0,0,0,0,0,0,0,0,0,0,0,0.8660254037844387,-0.4999999999999998,0.9350162426854148,-0.3546048870425354,1034.37,312300.0,305400.0,291600.0,257680.0,280720.0,338640.0,188156.59,308125.0,7838.526647273022,292062.5,19961.243698727874,282521.6666666667,21608.122140163487,288438.46153846156,23727.842159338034,316300.0,298500.0,316300.0,257680.0,1.2808197246237496,8.47050754458163,12.674551154174974,68.10466218589528,6.825,-0.9785122989518946,1.208,12.664449570844228,1.563,0,0,0.333,268962.59,796,2017,2
2017-04-24,Beans (white),316300.0,NGN,NGN/MT,Interpolated,retail,National,,,0.69,False,Gap-filled by interpolation,Interpolated,historical,False,,316300.0,305.79,248.5833333333333,154.875,17.6,19.4,0,1,1,1,0,0,0,0,1,0,0,0,0,0,0,0,0,0,0,0,0.8660254037844387,-0.4999999999999998,0.8854560256532099,-0.4647231720437685,1034.37,316300.0,312300.0,298500.0,260400.0,273040.0,338640.0,188156.59,312575.0,5141.578875534563,299050.0,16833.21546399102,286126.6666666667,23415.499658183777,287579.23076923075,22192.01476623097,316300.0,305400.0,316300.0,257680.0,0.0,5.96314907872697,15.843832405508351,68.10466218589528,8.692,-1.2808197246237496,1.173,12.664449570844228,1.563,0,0,0.333,268962.59,797,2017,2
2017-05-01,Beans (white),313400.0,NGN,NGN/MT,Interpolated,retail,National,,,0.69,False,Gap-filled by interpolation,Interpolated,historical,False,,313400.0,305.79,248.5833333333333,154.875,16.3,17.9,0,1,1,1,0,0,0,0,1,0,1,0,0,0,0,0,0,0,0,0,0.4999999999999999,-0.8660254037844387,0.8229838658936565,-0.5680647467311557,1024.89,316300.0,316300.0,305400.0,270800.0,265360.0,330880.0,188156.59,314575.0,2041.8537329292092,304375.0,12898.03418022643,290130.0,23647.798283061016,286906.92307692306,21063.8472780697,316300.0,312300.0,316300.0,257680.0,-0.9168510907366478,2.6195153896529044,18.103708170033173,66.56339275706475,9.644,-0.9168510907366478,1.073,12.655238799709434,1.563,0,0,0.333,269475.49,798,2017,2
2017-05-08,Beans (white),310500.0,NGN,NGN/MT,Interpolated,retail,National,,,0.69,False,Gap-filled by interpolation,Interpolated,historical,False,,310500.0,305.79,248.5833333333333,154.875,16.3,17.9,0,1,1,1,0,0,0,0,1,0,1,0,0,0,0,0,0,0,0,0,0.4999999999999999,-0.8660254037844387,0.7485107481711013,-0.663122658240795,1015.4,313400.0,316300.0,312300.0,281200.0,257680.0,323120.0,188156.59,314125.0,2776.5386124952192,308037.5,8925.395149315926,294531.6666666667,21910.64574515494,286421.53846153844,20328.563489298987,316300.0,310500.0,316300.0,257680.0,-0.9253350350989176,-0.5763688760806907,20.49829245575907,65.0221233282342,9.672,-0.008483944362269735,0.975,12.6459424009624,1.563,0,0,0.333,266981.94,799,2017,2
2017-05-15,Beans (white),307600.0,NGN,NGN/MT,WFP Nigeria Food Prices,retail,National,,,0.96,True,WFP VAM data — converted from NGN/2.5KG to NGN/MT (×400),Agricome,historical,False,,307600.0,305.79,229.2,161.0,16.3,17.9,0,1,1,1,0,0,0,0,1,0,1,0,0,0,0,0,0,0,0,0,0.4999999999999999,-0.8660254037844387,0.6631226582407952,-0.7485107481711012,1005.92,310500.0,313400.0,316300.0,291600.0,257680.0,315360.0,188156.59,311950.0,3743.8839013351603,310037.5,6043.1631972482055,298691.6666666667,18795.3310611159,286123.07692307694,19939.94880018112,316300.0,307600.0,316300.0,260400.0,-0.9339774557165836,-2.7505532722099324,19.37286556969886,63.48085389940368,9.027,-0.008642420617666069,0.877,12.636558767583635,1.497,0,0,0.333,264488.39,800,2017,2
2017-05-22,Beans (white),304400.0,NGN,NGN/MT,Interpolated,retail,National,,,0.69,False,Gap-filled by interpolation,Interpolated,historical,False,,304400.0,305.79,229.2,161.0,16.3,17.9,0,1,1,1,0,0,0,0,1,0,1,0,0,0,0,0,0,0,0,0,0.4999999999999999,-0.8660254037844387,0.5680647467311558,-0.8229838658936564,995.45,307600.0,310500.0,316300.0,298500.0,260400.0,307600.0,188156.59,308975.0,3861.239006675989,310775.0,4628.406081703139,302358.3333333333,14431.371026238203,286000.0,19811.544917042647,313400.0,304400.0,316300.0,270800.0,-1.040312093628093,-3.7622510275055365,16.897081413210447,61.780142805521734,8.033,-0.10633463791150932,0.77,12.626101190115389,1.497,0,0,0.333,261736.89,801,2017,2
2017-05-29,Beans (white),301200.0,NGN,NGN/MT,Interpolated,retail,National,,,0.69,False,Gap-filled by interpolation,Interpolated,historical,False,,301200.0,305.79,229.2,161.0,16.3,17.9,0,1,1,1,0,0,0,0,1,0,1,0,0,0,0,0,0,1,0,0,0.4999999999999999,-0.8660254037844387,0.464723172043769,-0.8854560256532096,984.99,304400.0,307600.0,313400.0,305400.0,270800.0,295100.0,188156.59,305925.0,4016.1133782147836,310250.0,5484.263200936532,304891.6666666667,10528.356371189435,286234.6153846154,19959.190009771242,310500.0,301200.0,316300.0,281200.0,-1.0512483574244391,-3.892788768347155,11.225997045790258,60.079431711639764,6.879,-0.010936263796346157,0.66,12.615533094955484,1.497,0,0,0.333,258985.38,802,2017,2
2017-06-05,Beans (white),298000.0,NGN,NGN/MT,Interpolated,retail,National,,,0.69,False,Gap-filled by interpolation,Interpolated,historical,False,,298000.0,305.79,229.2,161.0,16.3,17.9,0,1,1,0,0,0,0,1,0,0,1,0,0,0,0,0,0,1,1,0,1.2246467991473532e-16,-1.0,0.3546048870425358,-0.9350162426854148,974.53,301200.0,304400.0,310500.0,312300.0,281200.0,282600.0,188156.59,302800.0,4131.182235955627,308462.5,6874.785710946364,306291.6666666667,7873.945335820675,286826.92307692306,20075.18264310052,307600.0,298000.0,316300.0,291600.0,-1.0624169986719778,-4.025764895330108,5.97439544807965,58.37872061775779,5.569,-0.011168641247538691,0.542,12.604852121186608,1.497,0,0,0.667,256233.88,803,2017,2
2017-06-12,Beans (white),294800.0,NGN,NGN/MT,Interpolated,retail,National,,,0.69,False,Gap-filled by interpolation,Interpolated,historical,False,,294800.0,305.79,223.5,161.0,16.3,17.9,0,1,1,0,0,0,0,1,0,0,1,0,0,0,0,0,0,1,1,0,1.2246467991473532e-16,-1.0,0.2393156642875576,-0.970941817426052,964.06,298000.0,301200.0,307600.0,316300.0,291600.0,270100.0,188156.59,299600.0,4131.1822359555745,305775.0,7543.161519833013,306558.3333333333,7369.156647605389,287776.92307692306,19834.95798215474,304400.0,294800.0,316300.0,294800.0,-1.0738255033557076,-4.16124837451235,1.0973936899862924,56.67800952387583,4.108,-0.011408504683729781,0.413,12.594055831421823,1.472,0,0,0.667,253482.37,804,2017,2
2017-06-19,Beans (white),294800.0,NGN,NGN/MT,WFP Nigeria Food Prices,retail,National,,,0.96,True,WFP VAM data — converted from NGN/2.5KG to NGN/MT (×400),Agricome,historical,False,,291600.0,305.79,223.5,161.0,16.3,17.9,0,1,1,0,0,0,0,1,0,0,1,0,0,0,0,0,0,1,1,0,1.2246467991473532e-16,-1.0,0.120536680255323,-0.992708874098054,964.06,294800.0,298000.0,304400.0,316300.0,298500.0,265300.0,220800.0,297200.0,3063.766744821573,303087.5,7072.974217803857,306250.0,7801.689793649875,288911.53846153844,19335.23140638506,301200.0,294800.0,316300.0,294800.0,0.0,-3.1537450722733285,-1.2395309882747063,33.514492753623195,2.869,1.0738255033557076,0.381,12.594055831421823,1.472,0,0,0.667,253482.37,805,2017,2
2017-06-26,Beans (white),344950.0,NGN,NGN/MT,Interpolated,retail,National,,,0.69,False,Gap-filled by interpolation,Interpolated,historical,False,,344950.0,305.79,223.5,161.0,16.3,17.9,0,1,1,0,0,0,0,1,0,0,1,0,0,0,0,0,0,0,1,0,1.2246467991473532e-16,-1.0,-3.216245299353273e-16,-1.0,1128.06,294800.0,294800.0,301200.0,313400.0,305400.0,265300.0,228100.0,308137.5,24587.984023366844,307031.25,16352.739777000348,309545.8333333333,13605.30408489281,291975.0,21619.508828833208,344950.0,294800.0,344950.0,294800.0,17.01153324287652,14.525232403718459,12.950229207596585,51.22753178430513,5.536,17.01153324287652,2.111,12.751157656940919,1.472,0,0,0.667,296603.61,806,2017,2
2017-07-03,Beans (white),398300.0,NGN,NGN/MT,Interpolated,retail,National,,,0.69,False,Gap-filled by interpolation,Interpolated,historical,False,,398300.0,305.79,223.5,161.0,16.3,17.9,0,1,1,0,0,0,1,1,0,0,1,0,0,0,0,0,0,0,1,0,-0.4999999999999997,-0.8660254037844388,-0.1205366802553228,-0.992708874098054,1302.53,344950.0,294800.0,298000.0,310500.0,312300.0,273000.0,235400.0,333212.5,49413.8707753199,318006.25,36304.72654686798,316712.5,29060.33007539462,296794.23076923075,29682.442240904154,398300.0,294800.0,398300.0,294800.0,15.466009566603866,33.65771812080538,27.537624079410826,69.20135938827528,12.271,-1.545523676272655,3.526,12.894963279836933,1.472,0,0,0.667,342476.35,807,2017,3
2017-07-10,Beans (white),451650.0,NGN,NGN/MT,Interpolated,retail,National,,,0.69,False,Gap-filled by interpolation,Interpolated,historical,False,,451650.0,305.79,210.3636363636364,147.3,16.3,17.9,0,1,1,0,0,0,1,1,0,0,1,0,0,0,0,0,0,0,1,0,-0.4999999999999997,-0.8660254037844388,-0.2393156642875574,-0.970941817426052,1476.99,398300.0,344950.0,294800.0,307600.0,316300.0,280700.0,242700.0,372425.0,67642.76876848469,336012.5,59021.53813893465,327991.6666666667,48589.98603029452,303369.23076923075,42248.53757687489,451650.0,294800.0,451650.0,294800.0,13.394426311825258,53.205563093622786,42.79165349351881,86.09394313967861,22.763,-2.0715832547786075,4.216,13.02066503667938,1.373,0,0,0.667,388349.1,808,2017,3
2017-07-17,Beans (white),505000.0,NGN,NGN/MT,WFP Nigeria Food Prices,retail,National,,,0.96,True,WFP VAM data — converted from NGN/2.5KG to NGN/MT (×400),Agricome,historical,False,,505000.0,305.79,210.3636363636364,147.3,16.3,17.9,0,1,1,0,0,0,1,1,0,0,1,0,0,0,0,0,0,0,1,0,-0.4999999999999997,-0.8660254037844388,-0.3546048870425356,-0.9350162426854148,1651.46,451650.0,398300.0,294800.0,304400.0,316300.0,280720.0,250000.0,424975.0,68874.55384005544,361087.5,81864.15031711293,343716.6666666667,70193.75889549412,311995.3846153846,57560.673674359874,505000.0,344950.0,505000.0,294800.0,11.812243994243321,71.30257801899593,59.65855200758774,102.0,36.212,-1.5821823175819372,4.383,13.132315688453556,1.373,0,0,0.667,434221.84,809,2017,3
2017-07-24,Beans (white),517440.0,NGN,NGN/MT,Interpolated,retail,National,,,0.69,False,Gap-filled by interpolation,Interpolated,historical,False,,517440.0,305.79,210.3636363636364,147.3,16.3,17.9,0,1,1,0,0,0,1,1,0,0,1,0,0,0,0,0,0,0,1,0,-0.4999999999999997,-0.8660254037844388,-0.464723172043768,-0.8854560256532101,1692.14,505000.0,451650.0,344950.0,301200.0,313400.0,280720.0,252133.33,468097.5,54585.37067444628,388117.5,94056.82032686414,360720.0,85275.02980996769,321100.0,69829.75715266372,517440.0,398300.0,517440.0,294800.0,2.4633663366336656,50.00434845629802,65.10529674537334,105.22475152333092,45.779,-9.348877657609656,3.847,13.15665078796023,1.373,0,0,0.667,444918.31,810,2017,3
2017-07-31,Beans (white),529880.0,NGN,NGN/MT,Interpolated,retail,National,,,0.69,False,Gap-filled by interpolation,Interpolated,historical,False,,529880.0,305.79,210.3636363636364,147.3,16.3,17.9,0,1,1,0,0,0,1,1,0,0,1,0,0,0,0,0,0,0,1,0,-0.4999999999999997,-0.8660254037844388,-0.5680647467311556,-0.8229838658936565,1732.82,517440.0,505000.0,398300.0,298000.0,310500.0,273040.0,254266.67,500992.5,34427.46130150618,417102.5,97965.88250873,379001.6666666667,96329.24740731952,330978.46153846156,80161.59063752696,529880.0,451650.0,529880.0,294800.0,2.4041434755720514,33.03540045192066,70.65378421900161,108.39538269014967,51.367,-0.05922286106161412,3.486,13.180407732016166,1.373,0,0,0.667,455614.79,811,2017,3
2017-08-07,Beans (white),542320.0,NGN,NGN/MT,Interpolated,retail,National,,,0.69,False,Gap-filled by interpolation,Interpolated,historical,False,,542320.0,305.79,210.3636363636364,147.3,16.3,17.9,0,1,0,0,1,0,1,1,0,0,1,0,0,0,0,1,0,0,1,0,-0.8660254037844384,-0.5000000000000004,-0.663122658240795,-0.7485107481711013,1773.5,529880.0,517440.0,451650.0,294800.0,307600.0,265360.0,256400.0,523660.0,16059.970942274726,448042.5,92770.41627433979,398561.6666666667,104035.01148724636,341630.76923076925,89007.01446169622,542320.0,505000.0,542320.0,294800.0,2.347701366347099,20.07527953060999,76.3068920676203,111.5132605304212,53.282,-0.0564421092249523,3.223,13.20361335603293,1.373,0,0,0.333,466311.26,812,2017,3
2017-08-14,Beans (white),554760.0,NGN,NGN/MT,Interpolated,retail,National,,,0.69,False,Gap-filled by interpolation,Interpolated,historical,False,,554760.0,305.79,195.63636363636363,152.83333333333334,16.3,17.9,0,1,0,0,1,0,1,1,0,0,1,0,0,0,0,1,0,0,1,0,-0.8660254037844384,-0.5000000000000004,-0.7485107481711011,-0.6631226582407952,1814.19,542320.0,529880.0,505000.0,294800.0,304400.0,257680.0,258533.33,536100.0,16059.970942274816,480537.5,75311.17518099728,419425.0,108445.32577210577,353056.92307692306,96548.03388031175,554760.0,517440.0,554760.0,294800.0,2.293848650243402,9.853465346534662,82.24704336399475,114.57968301417849,51.845,-0.05385271610369724,3.02,13.226292669349943,1.326,0,0,0.333,477007.74,813,2017,3
2017-08-21,Beans (white),555600.0,NGN,NGN/MT,WFP Nigeria Food Prices,retail,National,,,0.96,True,WFP VAM data — converted from NGN/2.5KG to NGN/MT (×400),Agricome,historical,False,,567200.0,305.79,195.63636363636363,152.83333333333334,16.3,17.9,0,1,0,0,1,0,1,1,0,0,1,0,0,0,0,1,0,0,1,0,-0.8660254037844384,-0.5000000000000004,-0.8229838658936564,-0.5680647467311559,1816.93,554760.0,542320.0,517440.0,344950.0,301200.0,257680.0,258533.33,545640.0,12135.018198038026,506868.75,55299.37055635058,440625.0,108098.21943702178,364515.3846153846,102284.17411235292,555600.0,529880.0,555600.0,294800.0,0.151416828898987,7.374768089053796,84.4621513944223,114.90459276566006,49.689,-2.142431821344415,2.743,13.227805689716718,1.326,0,0,0.333,477730.01,814,2017,3
2017-08-28,Beans (white),555600.0,NGN,NGN/MT,Interpolated,retail,National,,,0.69,False,Gap-filled by interpolation,Interpolated,historical,False,,555600.0,305.79,195.63636363636363,152.83333333333334,16.3,17.9,0,1,0,0,1,0,1,1,0,0,1,0,0,0,0,1,0,0,1,0,-0.8660254037844384,-0.5000000000000004,-0.8854560256532096,-0.4647231720437691,1816.93,555600.0,554760.0,529880.0,398300.0,298000.0,260400.0,258533.33,552070.0,6512.050368359386,526531.25,35658.684951916024,462091.6666666667,102640.15790689082,375869.23076923075,106559.46103178537,555600.0,542320.0,555600.0,294800.0,0.0,4.853929191515061,86.44295302013423,114.90459276566006,46.878,-0.151416828898987,2.516,13.227805689716718,1.326,0,0,0.333,477730.01,815,2017,3
2017-09-04,Beans (white),544000.0,NGN,NGN/MT,Interpolated,retail,National,,,0.69,False,Gap-filled by interpolation,Interpolated,historical,False,,544000.0,305.79,195.63636363636363,152.83333333333334,16.3,17.9,0,1,0,0,1,1,0,0,0,0,0,0,0,0,0,1,0,0,0,0,-1.0,-1.8369701987210294e-16,-0.9350162426854148,-0.3546048870425359,1779.0,555600.0,555600.0,542320.0,451650.0,294800.0,270800.0,258533.33,552490.0,5673.834682121936,538075.0,19021.352663332305,482858.3333333333,90167.74376212084,386376.92307692306,109221.00148851326,555600.0,544000.0,555600.0,294800.0,-2.087832973362136,0.3097802035698427,84.53188602442334,110.41774381662898,42.992,-2.087832973362136,2.221,13.206706364071684,1.326,0,0,0.333,467755.8,816,2017,3
2017-09-11,Beans (white),532400.0,NGN,NGN/MT,Interpolated,retail,National,,,0.69,False,Gap-filled by interpolation,Interpolated,historical,False,,532400.0,305.79,206.0,148.8,16.3,17.9,0,1,0,0,1,1,0,0,0,0,0,0,0,0,0,1,0,0,0,0,-1.0,-1.8369701987210294e-16,-0.970941817426052,-0.2393156642875577,1741.06,544000.0,555600.0,554760.0,505000.0,294800.0,281200.0,258533.33,546900.0,11106.154449975673,541500.0,14025.935161081383,502658.3333333333,68633.67988933335,396038.46153846156,110646.14851651379,555600.0,532400.0,555600.0,344950.0,-2.132352941176474,-4.030571778787229,80.59701492537314,105.93089486759793,38.093,-0.0445199678143382,1.973,13.185152243788332,1.358,0,0,0.333,457781.6,817,2017,3
2017-09-18,Beans (white),532250.0,NGN,NGN/MT,WFP Nigeria Food Prices,retail,National,,,0.96,True,WFP VAM data — converted from NGN/2.5KG to NGN/MT (×400),Agricome,historical,False,,520800.0,305.79,206.0,148.8,16.3,17.9,0,1,0,0,1,1,0,0,0,0,0,0,0,0,0,1,0,0,0,0,-1.0,-1.8369701987210294e-16,-0.992708874098054,-0.1205366802553235,1740.57,532400.0,544000.0,555600.0,517440.0,344950.0,291600.0,269200.0,541062.5,11145.50544689261,543351.25,11060.546922023686,518266.6666666667,47574.54405902604,405294.23076923075,111621.33212511207,555600.0,532250.0,555600.0,398300.0,-0.028174305033812352,-4.202663786897043,54.297724307870695,97.71545319465082,33.499,2.1041786361426618,1.862,13.184870461570307,1.358,0,0,0.333,457652.62,818,2017,3
2017-09-25,Beans (white),532250.0,NGN,NGN/MT,Interpolated,retail,National,,,0.69,False,Gap-filled by interpolation,Interpolated,historical,False,,532250.0,305.79,206.0,148.8,16.3,17.9,0,1,0,0,1,1,0,0,0,0,0,0,0,0,0,1,0,0,0,0,-1.0,-1.8369701987210294e-16,-1.0,-1.8369701987210294e-16,1740.57,532250.0,532400.0,555600.0,529880.0,398300.0,298500.0,288500.0,535225.0,5850.427334823018,543647.5,10673.13683974875,529429.1666666666,28927.849575462304,414284.6153846154,112088.23343173052,544000.0,532250.0,555600.0,451650.0,0.0,-4.202663786897043,33.630429324629674,84.48873483535529,29.193,0.028174305033812352,1.764,13.184870461570307,1.358,0,0,0.333,457652.62,819,2017,3
2017-10-02,Beans (white),543700.0,NGN,NGN/MT,Interpolated,retail,National,,,0.69,False,Gap-filled by interpolation,Interpolated,historical,False,,543700.0,305.79,206.0,148.8,16.3,17.9,0,1,0,0,0,1,0,0,0,1,0,1,0,1,1,1,1,0,0,0,-0.8660254037844386,0.5000000000000001,-0.992708874098054,0.1205366802553232,1778.02,532250.0,532250.0,544000.0,542320.0,451650.0,305400.0,307800.0,535150.0,5700.438579622128,543820.0,10659.760115231846,537100.0,15529.979804469856,423450.0,112570.45313935605,543700.0,532250.0,555600.0,505000.0,2.151244715829037,-0.05514705882353477,20.380825860732866,76.64067576348279,26.379,2.151244715829037,1.776,13.206154742381907,1.358,0,0,0.333,467497.85,820,2017,4
2017-10-09,Beans (white),555150.0,NGN,NGN/MT,Interpolated,retail,National,,,0.69,False,Gap-filled by interpolation,Interpolated,historical,False,,555150.0,305.79,190.25,157.0,16.3,17.9,0,1,0,0,0,1,0,0,0,1,0,1,0,1,1,1,1,0,0,0,-0.8660254037844386,0.5000000000000001,-0.970941817426052,0.2393156642875573,1815.46,543700.0,532250.0,532400.0,554760.0,505000.0,312300.0,327100.0,540837.5,10962.540383812175,543868.75,10717.673571522704,541279.1666666666,12572.662593776184,432790.3846153846,113053.07215571855,555150.0,532250.0,555600.0,517440.0,2.1059407761633286,4.273102930127726,9.93069306930694,69.71874044634667,24.965,-0.04530393966570845,1.785,13.22699542779575,1.315,0,0,0.333,477343.08,821,2017,4
2017-10-16,Beans (white),555150.0,NGN,NGN/MT,WFP Nigeria Food Prices,retail,National,,,0.96,True,WFP VAM data — converted from NGN/2.5KG to NGN/MT (×400),Agricome,historical,False,,566600.0,305.79,190.25,157.0,16.3,17.9,0,1,0,0,0,1,0,0,0,1,0,1,0,1,1,1,1,0,0,0,-0.8660254037844386,0.5000000000000001,-0.9350162426854148,0.3546048870425355,1815.46,555150.0,543700.0,532250.0,555600.0,517440.0,316300.0,338640.0,546562.5,10962.540383812246,543812.5,10648.264446109877,544421.6666666666,10636.048337723625,441976.92307692306,112912.81400334416,555150.0,532250.0,555600.0,529880.0,0.0,4.302489431658052,7.28780148423005,63.93515237420269,23.663,-2.1059407761633286,1.697,13.22699542779575,1.315,0,0,0.333,477343.08,822,2017,4
2017-10-23,Beans (white),544960.0,NGN,NGN/MT,Interpolated,retail,National,,,0.69,False,Gap-filled by interpolation,Interpolated,historical,False,,544960.0,305.79,190.25,157.0,16.3,17.9,0,1,0,0,0,1,0,0,0,1,0,1,0,1,1,1,1,0,0,0,-0.8660254037844386,0.5000000000000001,-0.8854560256532101,0.464723172043768,1782.14,555150.0,555150.0,532250.0,555600.0,529880.0,316300.0,338640.0,549740.0,6268.072537342091,542482.5,9576.154536884194,545678.3333333334,9602.366974612085,450771.53846153844,111630.18185749947,555150.0,543700.0,555600.0,532250.0,-1.8355399441592368,2.387975575387502,2.845927379784108,60.92605716985589,21.955,-1.8355399441592368,1.534,13.208469511451842,1.315,0,0,0.333,468581.26,823,2017,4
2017-10-30,Beans (white),523320.0,NGN,NGN/MT,Interpolated,retail,National,,,0.69,False,Gap-filled by interpolation,Interpolated,historical,False,,523320.0,305.79,190.25,157.0,16.3,17.9,0,1,0,0,0,1,0,0,0,1,0,1,0,1,1,1,1,0,0,0,-0.8660254037844386,0.5000000000000001,-0.822983865893657,0.5680647467311548,1711.37,544960.0,555150.0,543700.0,544000.0,542320.0,313400.0,330880.0,544645.0,15006.275353999306,539897.5,11670.230442087708,544095.0,11571.097614313401,458845.3846153846,108854.01516639657,555150.0,523320.0,555600.0,523320.0,-3.9709336465061695,-3.7483906566120995,-3.503466587992332,58.16005802707931,18.699,-2.1353937023469327,1.292,13.167950321499697,1.315,0,0,0.333,449974.2,824,2017,4
2017-11-06,Beans (white),501680.0,NGN,NGN/MT,Interpolated,retail,National,,,0.69,False,Gap-filled by interpolation,Interpolated,historical,False,,501680.0,305.79,190.25,157.0,16.3,17.9,1,0,0,0,0,1,0,0,0,1,0,1,1,1,1,0,1,0,0,0,-0.5000000000000004,0.8660254037844384,-0.7485107481711011,0.6631226582407952,1640.6,523320.0,544960.0,555150.0,532400.0,554760.0,310500.0,323120.0,531277.5,23779.829512986613,536057.5,17887.585279820734,539671.6666666666,16301.959633085762,466198.46153846156,104814.61831986222,555150.0,501680.0,555600.0,501680.0,-4.135137200947792,-9.631631090696214,-9.568101521378614,55.26120326813568,13.96,-0.1642035544416225,1.066,13.12571973851742,1.315,0,0,0.333,431367.15,825,2017,4
2017-11-13,Beans (white),480040.0,NGN,NGN/MT,Interpolated,retail,National,,,0.69,False,Gap-filled by interpolation,Interpolated,historical,False,,480040.0,305.79,227.91875,154.92666666666668,16.3,17.9,1,0,0,0,0,1,0,0,0,1,0,1,1,1,1,0,1,0,0,0,-0.5000000000000004,0.8660254037844384,-0.6631226582407955,0.7485107481711007,1569.84,501680.0,523320.0,555150.0,532250.0,555600.0,307600.0,315360.0,512500.0,27937.11987064348,529531.25,26786.157639188015,533375.0,22862.71378944663,472830.76923076925,99708.98583068904,544960.0,480040.0,555600.0,480040.0,-4.313506617764307,-13.529676663964697,-13.599712023038158,52.21968543886353,8.39,-0.17836941681651464,0.851,13.081626795902945,1.473,0,0,0.333,412760.1,826,2017,4
2017-11-20,Beans (white),468800.0,NGN,NGN/MT,WFP Nigeria Food Prices,retail,National,,,0.96,True,WFP VAM data — converted from NGN/2.5KG to NGN/MT (×400),Agricome,historical,False,,458400.0,305.79,227.91875,154.92666666666668,16.3,17.9,1,0,0,0,0,1,0,0,0,1,0,1,1,1,1,0,1,0,0,0,-0.5000000000000004,0.8660254037844384,-0.5680647467311559,0.8229838658936564,1533.08,480040.0,501680.0,544960.0,532250.0,555600.0,304400.0,307600.0,493460.0,24134.34620342338,521600.0,34226.43715024983,526141.6666666666,28280.84344676761,479153.8461538461,93627.956426568,523320.0,468800.0,555150.0,468800.0,-2.3414715440379985,-13.975337639459774,-15.622750179985601,52.40572171651496,2.986,1.9720350737263082,0.729,13.057933650348467,1.473,0,0,0.333,403095.44,827,2017,4
2017-11-27,Beans (white),468800.0,NGN,NGN/MT,Interpolated,retail,National,,,0.69,False,Gap-filled by interpolation,Interpolated,historical,False,,468800.0,305.79,227.91875,154.92666666666668,16.3,17.9,1,0,0,0,0,1,0,0,0,1,0,1,1,1,1,0,1,0,0,0,-0.5000000000000004,0.8660254037844384,-0.4647231720437684,0.88545602565321,1533.08,468800.0,480040.0,523320.0,543700.0,544000.0,301200.0,295100.0,479830.0,15500.412897727136,512237.5,37413.36993642784,519875.0,32045.082589717123,485600.0,86374.5589858491,501680.0,468800.0,555150.0,468800.0,0.0,-10.418099824199345,-13.823529411764701,58.86140291426636,-1.188,2.3414715440379985,0.701,13.057933650348467,1.473,0,0,0.333,403095.44,828,2017,4
2017-12-04,Beans (white),479200.0,NGN,NGN/MT,Interpolated,retail,National,,,0.69,False,Gap-filled by interpolation,Interpolated,historical,False,,479200.0,305.79,227.91875,154.92666666666668,16.3,17.9,1,0,0,0,0,0,0,0,0,1,0,1,1,1,1,0,0,0,0,1,-2.4492935982947064e-16,1.0,-0.3546048870425359,0.9350162426854148,1567.09,468800.0,468800.0,501680.0,555150.0,532400.0,298000.0,282600.0,474210.0,6256.335455628744,502743.75,34490.71342405086,515441.6666666667,33787.419884096154,492569.23076923075,77485.09182665101,480040.0,468800.0,555150.0,468800.0,2.2184300341296925,-4.480944028065704,-9.99248685199099,69.56829440905874,-3.727,2.2184300341296925,0.758,13.079875412592552,1.473,0,0,0.0,412037.83,829,2017,4
2017-12-11,Beans (white),489600.0,NGN,NGN/MT,Interpolated,retail,National,,,0.69,False,Gap-filled by interpolation,Interpolated,historical,False,,489600.0,305.79,240.99375,169.78285714285715,16.3,17.9,1,0,0,0,0,0,0,0,0,1,0,1,1,1,1,0,0,0,0,1,-2.4492935982947064e-16,1.0,-0.2393156642875578,0.970941817426052,1601.1,479200.0,468800.0,480040.0,555150.0,532250.0,294800.0,270100.0,476600.0,9957.241920667157,494550.0,27298.634188754397,511887.5,34100.35140448065,500061.53846153844,66192.184595603,489600.0,468800.0,555150.0,468800.0,2.170283806343898,1.9915007082743186,-8.01315171441992,81.26619770455387,-4.692,-0.04814622778579469,0.814,13.101346052661828,1.576,0,0,0.0,420980.22,830,2017,4
2017-12-18,Beans (white),500000.0,NGN,NGN/MT,WFP Nigeria Food Prices,retail,National,,,0.96,True,WFP VAM data — converted from NGN/2.5KG to NGN/MT (×400),Agricome,historical,False,,500000.0,305.79,240.99375,169.78285714285715,16.3,17.9,1,0,0,0,0,0,0,0,0,1,0,1,1,1,1,0,0,0,0,1,-2.4492935982947064e-16,1.0,-0.1205366802553236,0.992708874098054,1635.11,489600.0,479200.0,468800.0,544960.0,532250.0,294800.0,265300.0,484400.0,13426.342266853393,488930.0,18717.322763380806,509200.0,33617.07223204485,507953.8461538461,51296.52448865619,500000.0,468800.0,555150.0,468800.0,2.12418300653594,6.655290102389078,-6.059182714889621,88.46588767433094,-4.637,-0.04610079980795767,0.868,13.122365377402328,1.576,0,0,0.0,429922.61,831,2017,4
2017-12-25,Beans (white),500000.0,NGN,NGN/MT,Interpolated,retail,National,,,0.69,False,Gap-filled by interpolation,Interpolated,historical,False,,500000.0,305.79,240.99375,169.78285714285715,16.3,17.9,1,0,0,0,0,0,0,0,0,1,0,1,1,1,1,0,0,0,0,1,-2.4492935982947064e-16,1.0,6.432490598706546e-16,1.0,1635.11,500000.0,489600.0,468800.0,523320.0,543700.0,344950.0,265300.0,492200.0,9957.241920667413,486015.0,13754.283488634226,505558.3333333333,31861.107905558987,513917.3076923077,39167.18560812681,500000.0,479200.0,555150.0,468800.0,0.0,6.655290102389078,-8.037520691557843,88.46588767433094,-4.226,-2.12418300653594,0.834,13.122365377402328,1.576,0,0,0.0,429922.61,832,2017,4
2018-01-01,Beans (white),500000.0,NGN,NGN/MT,Interpolated,retail,National,,,0.69,False,Gap-filled by interpolation,Interpolated,historical,False,,500000.0,306.08,240.99375,169.78285714285715,15.1,16.2,1,0,0,0,0,0,0,0,0,1,0,0,1,0,0,0,0,0,0,1,0.4999999999999999,0.8660254037844387,0.120536680255323,0.992708874098054,1633.56,500000.0,500000.0,479200.0,501680.0,555150.0,398300.0,273000.0,497400.0,5200.000000003013,485805.0,13491.253251114817,500962.5,27772.670714865377,517828.8461538461,31483.479391822326,500000.0,489600.0,555150.0,468800.0,0.0,4.340567612687818,-9.934252003962897,83.15018315018314,-3.945,0.0,0.802,13.122365377402328,1.576,0,0,0.0,434404.87,833,2018,1
2018-01-08,Beans (white),500000.0,NGN,NGN/MT,Interpolated,retail,National,,,0.69,False,Gap-filled by interpolation,Interpolated,historical,False,,500000.0,306.08,240.99375,169.78285714285715,15.1,16.2,1,0,0,0,0,0,0,0,0,1,0,0,1,0,0,0,0,0,0,1,0.4999999999999999,0.8660254037844387,0.2393156642875577,0.970941817426052,1633.56,500000.0,500000.0,489600.0,480040.0,555150.0,451650.0,280700.0,500000.0,0.005673753187480244,488300.0,14104.507891349656,496366.6666666667,21941.48140077567,519688.46153846156,28725.286796451266,500000.0,500000.0,544960.0,468800.0,0.0,2.12418300653594,-9.934252003962897,78.12611328820805,-3.789,0.0,0.77,13.122365377402328,1.576,0,0,0.0,434404.87,834,2018,1
2018-01-15,Beans (white),500000.0,NGN,NGN/MT,WFP Nigeria Food Prices,retail,National,,,0.96,True,WFP VAM data — converted from NGN/2.5KG to NGN/MT (×400),Agricome,historical,False,,500000.0,306.08,221.41166666666663,195.76,15.1,16.2,1,0,0,0,0,0,0,0,0,1,0,0,1,0,0,0,0,0,0,1,0.4999999999999999,0.8660254037844387,0.3546048870425356,0.9350162426854148,1633.56,500000.0,500000.0,500000.0,468800.0,544960.0,505000.0,280720.0,500000.0,0.005673753187480244,492200.0,12115.633348223006,492620.0,15894.978051973112,519496.1538461539,28844.046606107484,500000.0,500000.0,523320.0,468800.0,0.0,0.0,-8.250146799765123,78.1134226275292,-3.753,0.0,0.739,13.122365377402328,1.571,0,0,0.0,434404.87,835,2018,1
2018-01-22,Beans (white),516640.0,NGN,NGN/MT,Interpolated,retail,National,,,0.69,False,Gap-filled by interpolation,Interpolated,historical,False,,516640.0,306.08,221.41166666666663,195.76,15.1,16.2,1,0,0,0,0,0,0,0,0,1,0,0,1,0,0,0,0,0,0,1,0.4999999999999999,0.8660254037844387,0.4647231720437685,0.8854560256532099,1687.92,500000.0,500000.0,500000.0,468800.0,523320.0,517440.0,280720.0,504160.0,8320.000000002017,498180.0,10631.425116135742,492063.3333333333,14801.429496893024,519465.3846153846,28846.754303492617,516640.0,500000.0,516640.0,468800.0,3.3279999999999976,3.3279999999999976,-1.2764656424367526,84.04103733257338,-2.946,3.3279999999999976,0.851,13.155103521574,1.571,0,0,0.0,448861.86,836,2018,1
2018-01-29,Beans (white),533280.0,NGN,NGN/MT,Interpolated,retail,National,,,0.69,False,Gap-filled by interpolation,Interpolated,historical,False,,533280.0,306.08,221.41166666666663,195.76,15.1,16.2,1,0,0,0,0,0,0,0,0,1,0,0,1,0,0,0,0,0,0,1,0.4999999999999999,0.8660254037844387,0.5680647467311558,0.8229838658936564,1742.29,516640.0,500000.0,500000.0,479200.0,501680.0,529880.0,273040.0,512480.0,15931.587073066601,504940.0,13613.959222587951,494696.6666666667,18908.93359491615,519596.1538461539,28903.505403589035,533280.0,500000.0,533280.0,468800.0,3.2208113967172602,6.655999999999995,6.298835911337908,95.31204219162028,-1.37,-0.10718860328273738,0.961,13.186803768727327,1.571,0,0,0.0,463318.85,837,2018,1
2018-02-05,Beans (white),549920.0,NGN,NGN/MT,Interpolated,retail,National,,,0.69,False,Gap-filled by interpolation,Interpolated,historical,False,,549920.0,306.08,221.41166666666663,195.76,15.1,16.2,1,0,0,0,0,0,0,0,1,1,0,0,1,0,0,0,0,0,0,0,0.8660254037844386,0.5000000000000001,0.6631226582407952,0.7485107481711011,1796.65,533280.0,516640.0,500000.0,489600.0,480040.0,542320.0,265360.0,524960.0,21482.147626964743,512480.0,19385.013357156724,500520.0,24047.09319042674,519888.46153846156,29179.620654463233,549920.0,500000.0,549920.0,468800.0,3.1203120312031096,9.983999999999993,14.557120239979993,107.23545372324388,0.976,-0.10049936551415062,1.07,13.217529910528327,1.571,0,0,0.0,477775.85,838,2018,1
2018-02-12,Beans (white),566560.0,NGN,NGN/MT,Interpolated,retail,National,,,0.69,False,Gap-filled by interpolation,Interpolated,historical,False,,566560.0,306.08,218.217,198.105,15.1,16.2,1,0,0,0,0,0,0,0,1,1,0,0,1,0,0,0,0,0,0,0,0.8660254037844386,0.5000000000000001,0.7485107481711011,0.6631226582407953,1851.02,549920.0,533280.0,500000.0,500000.0,468800.0,554760.0,257680.0,541600.0,21482.14762696485,520800.0,26310.15013260095,508666.6666666667,28475.818555824135,520342.3076923077,29828.247995171525,566560.0,516640.0,566560.0,468800.0,3.0258946755891802,13.31199999999999,20.85324232081911,119.86960571251166,4.085,-0.09441735561392939,1.179,13.247340032382297,1.564,0,0,0.0,492232.84,839,2018,1
2018-02-19,Beans (white),583200.0,NGN,NGN/MT,WFP Nigeria Food Prices,retail,National,,,0.96,True,WFP VAM data — converted from NGN/2.5KG to NGN/MT (×400),Agricome,historical,False,,583200.0,306.08,218.217,198.105,15.1,16.2,1,0,0,0,0,0,0,0,1,1,0,0,1,0,0,0,0,0,0,0,0.8660254037844386,0.5000000000000001,0.8229838658936564,0.5680647467311559,1905.38,566560.0,549920.0,516640.0,500000.0,468800.0,555600.0,257680.0,558240.0,21482.147626964954,531200.0,32604.57461330062,518200.0,32745.364696257137,521403.8461538461,31573.277064874022,583200.0,533280.0,583200.0,479200.0,2.937023439706299,12.883245586868997,24.402730375426618,126.32722756907793,7.065,-0.08887123588288137,1.286,13.276287174352756,1.564,0,0,0.0,506689.83,840,2018,1
2018-02-26,Beans (white),593700.0,NGN,NGN/MT,Interpolated,retail,National,,,0.69,False,Gap-filled by interpolation,Interpolated,historical,False,,593700.0,306.08,218.217,198.105,15.1,16.2,1,0,0,0,0,0,0,0,1,1,0,0,1,0,0,0,0,0,0,0,0.8660254037844386,0.5000000000000001,0.8854560256532099,0.4647231720437686,1939.69,583200.0,566560.0,533280.0,500000.0,479200.0,555600.0,260400.0,573345.0,19202.551045804306,542912.5,36403.99654276596,527741.6666666666,36781.39001608184,522869.23076923075,34013.71569506234,593700.0,549920.0,593700.0,489600.0,1.8004115226337492,11.329882988298824,23.89398998330552,127.99539170506912,9.654,-1.1366119170725497,1.338,13.294131104609715,1.564,0,0,0.0,515812.34,841,2018,1
2018-03-05,Beans (white),604200.0,NGN,NGN/MT,Interpolated,retail,National,,,0.69,False,Gap-filled by interpolation,Interpolated,historical,False,,604200.0,306.08,218.217,198.105,15.1,16.2,1,0,0,1,0,0,0,0,1,1,0,0,0,0,0,0,0,0,0,0,1.0,6.123233995736766e-17,0.9350162426854148,0.3546048870425355,1973.99,593700.0,583200.0,549920.0,500000.0,489600.0,544000.0,270800.0,586915.0,16051.320817928292,555937.5,37481.85608683603,537291.6666666666,40651.77751527585,525184.6153846154,37390.97209014587,604200.0,566560.0,604200.0,500000.0,1.7685699848408287,9.870526622054122,23.406862745098046,123.11669128508123,11.754,-0.03184153779292043,1.387,13.311662203014437,1.564,0,0,0.0,524934.84,842,2018,1
2018-03-12,Beans (white),614700.0,NGN,NGN/MT,Interpolated,retail,National,,,0.69,False,Gap-filled by interpolation,Interpolated,historical,False,,614700.0,306.08,218.417,179.65699999999998,15.1,16.2,1,0,0,1,0,0,0,0,1,1,0,0,0,0,0,0,0,0,0,0,1.0,6.123233995736766e-17,0.970941817426052,0.239315664287558,2008.3,604200.0,593700.0,566560.0,500000.0,500000.0,532400.0,281200.0,598950.0,13555.441711728225,570275.0,34874.76164793103,546850.0,44398.278017385564,528350.0,41304.98807650128,614700.0,583200.0,614700.0,500000.0,1.73783515392254,8.496893532900307,22.940000000000005,118.59886201991463,13.362,-0.030734830918288658,1.435,13.328891249703604,1.508,0,0,0.0,534057.34,843,2018,1
2018-03-19,Beans (white),625200.0,NGN,NGN/MT,WFP Nigeria Food Prices,retail,National,,,0.96,True,WFP VAM data — converted from NGN/2.5KG to NGN/MT (×400),Agricome,historical,False,,625200.0,306.08,218.417,179.65699999999998,15.1,16.2,1,0,0,1,0,0,0,0,1,1,0,0,0,0,0,0,0,0,0,0,1.0,6.123233995736766e-17,0.992708874098054,0.120536680255323,2042.6,614700.0,604200.0,583200.0,516640.0,500000.0,532250.0,291600.0,609450.0,13555.44171172833,583845.0,32028.171081988807,557283.3333333334,47021.102290418836,531925.0,45468.65612704988,625200.0,593700.0,625200.0,500000.0,1.7081503172279078,7.201646090534974,25.039999999999996,114.40329218106994,14.574,-0.02968483669463229,1.479,13.345828477016344,1.508,0,0,0.0,543179.84,844,2018,1
2018-03-26,Beans (white),625200.0,NGN,NGN/MT,Interpolated,retail,National,,,0.69,False,Gap-filled by interpolation,Interpolated,historical,False,,625200.0,306.08,218.417,179.65699999999998,15.1,16.2,1,0,0,1,0,0,0,0,1,1,0,0,0,0,0,0,0,0,0,0,1.0,6.123233995736766e-17,1.0,-1.6081226496766364e-16,2042.6,625200.0,614700.0,593700.0,533280.0,500000.0,532250.0,298500.0,617325.0,10052.984631444855,595335.0,27458.75400357001,567716.6666666666,47045.30182964494,535500.0,49011.34195265325,625200.0,604200.0,625200.0,500000.0,0.0,5.305709954522486,25.039999999999996,109.44723618090451,15.28,-1.7081503172279078,1.428,13.345828477016344,1.508,0,0,0.0,543179.84,845,2018,1
2018-04-02,Beans (white),625200.0,NGN,NGN/MT,Interpolated,retail,National,,,0.69,False,Gap-filled by interpolation,Interpolated,historical,False,,625200.0,306.08,218.417,179.65699999999998,15.1,16.2,0,1,1,1,0,0,0,0,1,0,0,0,0,0,0,0,0,0,0,0,0.8660254037844387,-0.4999999999999998,0.992708874098054,-0.1205366802553228,2042.6,625200.0,625200.0,604200.0,549920.0,500000.0,543700.0,305400.0,622575.0,5250.000000006464,604745.0,22035.339797697707,578150.0,44475.11868245152,538634.6153846154,52067.713545402214,625200.0,614700.0,625200.0,500000.0,0.0,3.47567030784508,25.039999999999996,104.71512770137524,15.584,0.0,1.379,13.345828477016344,1.508,0,0,0.333,543179.84,846,2018,2
2018-04-09,Beans (white),625200.0,NGN,NGN/MT,Interpolated,retail,National,,,0.69,False,Gap-filled by interpolation,Interpolated,historical,False,,625200.0,306.08,222.99444444444444,155.70000000000002,15.1,16.2,0,1,1,1,0,0,0,0,1,0,0,0,0,0,0,0,0,0,0,0,0.8660254037844387,-0.4999999999999998,0.970941817426052,-0.2393156642875575,2042.6,625200.0,625200.0,614700.0,566560.0,500000.0,555150.0,312300.0,625200.0,0.008281610828911818,612075.0,16601.957715884007,588583.3333333334,38798.34188896863,541328.8461538461,54702.19259422141,625200.0,625200.0,625200.0,516640.0,0.0,1.7081503172279078,25.039999999999996,100.19212295869355,15.494,0.0,1.333,13.345828477016344,1.454,0,0,0.333,543179.84,847,2018,2
2018-04-16,Beans (white),625200.0,NGN,NGN/MT,WFP Nigeria Food Prices,retail,National,,,0.96,True,WFP VAM data — converted from NGN/2.5KG to NGN/MT (×400),Agricome,historical,False,,625200.0,306.08,222.99444444444444,155.70000000000002,15.1,16.2,0,1,1,1,0,0,0,0,1,0,0,0,0,0,0,0,0,0,0,0,0.8660254037844387,-0.4999999999999998,0.9350162426854148,-0.3546048870425354,2042.6,625200.0,625200.0,625200.0,583200.0,516640.0,555150.0,316300.0,625200.0,0.008281610828911818,617325.0,12232.129822725088,597630.0,32670.887235078837,544023.0769230769,57083.39939206276,625200.0,625200.0,625200.0,533280.0,0.0,0.0,21.012697429544748,97.66044894087891,14.922,0.0,1.29,13.345828477016344,1.454,0,0,0.333,543179.84,848,2018,2
2018-04-23,Beans (white),577120.0,NGN,NGN/MT,Interpolated,retail,National,,,0.69,False,Gap-filled by interpolation,Interpolated,historical,False,,577120.0,306.08,222.99444444444444,155.70000000000002,15.1,16.2,0,1,1,1,0,0,0,0,1,0,0,0,0,0,0,0,0,0,0,0,0.8660254037844387,-0.4999999999999998,0.8854560256532099,-0.4647231720437685,1885.52,625200.0,625200.0,625200.0,593700.0,533280.0,544960.0,316300.0,613180.0,24040.000000001357,615252.5,17201.803684497754,601283.3333333334,26732.39619002701,545260.0,57451.75757102566,625200.0,577120.0,625200.0,549920.0,-7.690339091490728,-7.690339091490728,8.220822082208223,82.45969016756246,12.456,-7.690339091490728,0.791,13.265807228877755,1.454,0,0,0.333,501407.47,849,2018,2
2018-04-30,Beans (white),529040.0,NGN,NGN/MT,Interpolated,retail,National,,,0.69,False,Gap-filled by interpolation,Interpolated,historical,False,,529040.0,306.08,222.99444444444444,155.70000000000002,15.1,16.2,0,1,1,1,0,0,0,0,1,0,0,0,0,0,0,0,0,0,0,0,0.8660254037844387,-0.4999999999999998,0.8229838658936565,-0.5680647467311557,1728.44,577120.0,625200.0,625200.0,604200.0,549920.0,523320.0,313400.0,589140.0,46033.095340925356,605857.5,35204.755259157006,599543.3333333334,30756.23671663459,545480.0,57375.28304069535,625200.0,529040.0,625200.0,529040.0,-8.331023010812311,-15.380678182981445,-3.796915915042187,68.80663688576898,8.004,-0.6406839193215834,0.278,13.178821212562998,1.454,0,0,0.333,459635.1,850,2018,2
2018-05-07,Beans (white),480960.0,NGN,NGN/MT,Interpolated,retail,National,,,0.69,False,Gap-filled by interpolation,Interpolated,historical,False,,480960.0,306.08,222.99444444444444,155.70000000000002,15.1,16.2,0,1,1,1,0,0,0,0,1,0,1,0,0,0,0,0,0,0,0,0,0.4999999999999999,-0.8660254037844387,0.7485107481711013,-0.663122658240795,1571.35,529040.0,577120.0,625200.0,614700.0,566560.0,501680.0,310500.0,553080.0,62071.01309521792,589140.0,56011.50494063059,592410.0,45496.15408321457,544683.0769230769,58146.69578018814,625200.0,480960.0,625200.0,480960.0,-9.088159685468023,-23.071017274472172,-15.108726348489132,54.89855072463767,1.542,-0.7571366746557118,-0.264,13.083541464719568,1.454,0,0,0.333,417862.73,851,2018,2
2018-05-14,Beans (white),432880.0,NGN,NGN/MT,Interpolated,retail,National,,,0.69,False,Gap-filled by interpolation,Interpolated,historical,False,,432880.0,306.08,213.8225,151.3422222222222,15.1,16.2,0,1,1,1,0,0,0,0,1,0,1,0,0,0,0,0,0,0,0,0,0.4999999999999999,-0.8660254037844387,0.6631226582407952,-0.7485107481711012,1414.27,480960.0,529040.0,625200.0,625200.0,583200.0,480040.0,307600.0,505000.0,62071.01309521781,565100.0,76021.15495044785,579883.3333333334,64843.08939605057,542869.2307692308,60913.583176369786,577120.0,432880.0,625200.0,432880.0,-9.996673320026616,-30.76135636596289,-25.775034293552814,40.72821846553967,-6.976,-0.9085136345585934,-0.841,12.978218142422985,1.4,0,0,0.333,376090.36,852,2018,2
2018-05-21,Beans (white),384800.0,NGN,NGN/MT,WFP Nigeria Food Prices,retail,National,,,0.96,True,WFP VAM data — converted from NGN/2.5KG to NGN/MT (×400),Agricome,historical,False,,384800.0,306.08,213.8225,151.3422222222222,15.1,16.2,0,1,1,1,0,0,0,0,1,0,1,0,0,0,0,0,0,1,0,0,0.4999999999999999,-0.8660254037844387,0.5680647467311558,-0.8229838658936564,1257.19,432880.0,480960.0,577120.0,625200.0,593700.0,468800.0,304400.0,456920.0,62071.01309521768,535050.0,94208.41030093103,562475.0,85536.22013244106,539638.4615384615,66929.77260934305,529040.0,384800.0,625200.0,384800.0,-11.107004250600628,-33.324092043249244,-35.18612093649992,26.412614980289085,-15.328,-1.1103309305740119,-1.446,12.860481596522911,1.4,0,0,0.333,334317.98,853,2018,2
2018-05-28,Beans (white),367800.0,NGN,NGN/MT,Interpolated,retail,National,,,0.69,False,Gap-filled by interpolation,Interpolated,historical,False,,367800.0,306.08,213.8225,151.3422222222222,15.1,16.2,0,1,1,1,0,0,0,0,1,0,1,0,0,0,0,0,0,1,0,0,0.4999999999999999,-0.8660254037844387,0.464723172043769,-0.8854560256532096,1201.65,384800.0,432880.0,529040.0,625200.0,604200.0,468800.0,301200.0,416610.0,50989.958488575685,502875.0,102602.05163640734,542775.0,100896.52417654953,535753.8461538461,73785.60418276246,480960.0,367800.0,625200.0,367800.0,-4.417879417879423,-30.477846665658546,-39.126117179741804,22.11155378486056,-22.239,6.689124832721205,-1.712,12.815297310017613,1.4,0,0,0.333,319548.22,854,2018,2
2018-06-04,Beans (white),350800.0,NGN,NGN/MT,Interpolated,retail,National,,,0.69,False,Gap-filled by interpolation,Interpolated,historical,False,,350800.0,306.08,213.8225,151.3422222222222,15.1,16.2,0,1,1,0,0,0,0,1,0,0,1,0,0,0,0,0,0,1,1,0,1.2246467991473532e-16,-1.0,0.3546048870425358,-0.9350162426854148,1146.11,367800.0,384800.0,480960.0,625200.0,614700.0,479200.0,298000.0,384070.0,35376.804076494256,468575.0,101729.15511297632,520783.3333333333,111949.17217878434,530815.3846153846,81604.74835354903,432880.0,350800.0,625200.0,350800.0,-4.622077215878195,-27.062541583499666,-42.93151130632828,17.718120805369118,-27.645,-0.20419779799877258,-1.983,12.76797439010324,1.4,0,0,0.667,304778.45,855,2018,2
2018-06-11,Beans (white),333800.0,NGN,NGN/MT,Interpolated,retail,National,,,0.69,False,Gap-filled by interpolation,Interpolated,historical,False,,333800.0,306.08,213.8225,151.3422222222222,15.1,16.2,0,1,1,0,0,0,0,1,0,0,1,0,0,0,0,0,0,1,1,0,1.2246467991473532e-16,-1.0,0.2393156642875576,-0.970941817426052,1090.56,350800.0,367800.0,432880.0,625200.0,625200.0,489600.0,294800.0,359300.0,21946.905628508368,432150.0,89010.76339409745,496500.0,118644.82979196178,524823.0769230769,90036.90935474052,384800.0,333800.0,625200.0,333800.0,-4.846066134549599,-22.88856034004805,-46.60908509277031,13.22930800542741,-31.539,-0.22398891867140325,-2.255,12.718300286011257,1.4,0,0,0.667,290008.69,856,2018,2
2018-06-18,Beans (white),316800.0,NGN,NGN/MT,WFP Nigeria Food Prices,retail,National,,,0.96,True,WFP VAM data — converted from NGN/2.5KG to NGN/MT (×400),Agricome,historical,False,,316800.0,306.08,213.8225,151.3422222222222,15.1,16.2,0,1,1,0,0,0,0,1,0,0,1,0,0,0,0,0,0,0,1,0,1.2246467991473532e-16,-1.0,0.120536680255323,-0.992708874098054,1035.02,333800.0,350800.0,384800.0,577120.0,625200.0,500000.0,294800.0,342300.0,21946.905628508237,399610.0,74908.44011191261,470800.0,121597.35044960305,517776.92307692306,98799.32917866277,367800.0,316800.0,625200.0,316800.0,-5.092869982025161,-17.671517671517666,-49.32821497120921,7.462686567164178,-33.89,-0.2468038474755625,-2.51,12.666029095483083,1.4,0,0,0.667,275238.92,857,2018,2
2018-06-25,Beans (white),314500.0,NGN,NGN/MT,Interpolated,retail,National,,,0.69,False,Gap-filled by interpolation,Interpolated,historical,False,,314500.0,306.08,213.8225,151.3422222222222,15.1,16.2,0,1,1,0,0,0,0,1,0,0,1,0,0,0,0,0,0,0,1,0,1.2246467991473532e-16,-1.0,-3.216245299353273e-16,-1.0,1027.51,316800.0,333800.0,367800.0,529040.0,625200.0,500000.0,344950.0,328975.0,16905.29995790202,372792.5,58574.83802794505,444908.3333333333,118778.19709888067,510642.3076923077,106529.75236271537,350800.0,314500.0,625200.0,314500.0,-0.7260101010100994,-14.491571506253397,-49.696097248880356,-8.827366284968841,-35.576,4.366859881015062,-2.488,12.658742534767816,1.4,0,0,0.667,273240.66,858,2018,2
2018-07-02,Beans (white),312200.0,NGN,NGN/MT,Interpolated,retail,National,,,0.69,False,Gap-filled by interpolation,Interpolated,historical,False,,312200.0,306.08,213.8225,151.3422222222222,15.1,16.2,0,1,1,0,0,0,1,1,0,0,1,0,0,0,0,0,0,0,1,0,-0.4999999999999997,-0.8660254037844388,-0.1205366802553228,-0.992708874098054,1019.99,314500.0,316800.0,350800.0,480960.0,625200.0,500000.0,398300.0,319325.0,9831.030803869906,351697.5,42136.39816120972,418825.0,109599.76546922454,503419.23076923075,113423.85999155795,333800.0,312200.0,625200.0,312200.0,-0.7313195548489637,-11.003420752565562,-50.063979526551506,-21.616871704745165,-36.569,-0.005309453838864275,-2.398,12.651402490133291,1.4,0,0,0.667,271242.4,859,2018,3
2018-07-09,Beans (white),309900.0,NGN,NGN/MT,Interpolated,retail,National,,,0.69,False,Gap-filled by interpolation,Interpolated,historical,False,,309900.0,306.08,220.24166666666667,144.49375,15.1,16.2,0,1,1,0,0,0,1,1,0,0,1,0,0,0,0,0,0,0,1,0,-0.4999999999999997,-0.8660254037844388,-0.2393156642875574,-0.970941817426052,1012.48,312200.0,314500.0,333800.0,432880.0,625200.0,500000.0,451650.0,313350.0,2969.2872320873576,336325.0,28521.307824151365,392550.0,92009.23965460267,496107.6923076923,119611.43397878595,316800.0,309900.0,577120.0,309900.0,-0.7367072389493967,-7.159976033553028,-50.431861804222656,-31.384921952839584,-36.838,-0.005387684100432999,-2.277,12.644008170618003,1.407,0,0,0.667,269244.14,860,2018,3
2018-07-16,Beans (white),309900.0,NGN,NGN/MT,WFP Nigeria Food Prices,retail,National,,,0.96,True,WFP VAM data — converted from NGN/2.5KG to NGN/MT (×400),Agricome,historical,False,,307600.0,306.08,220.24166666666667,144.49375,15.1,16.2,0,1,1,0,0,0,1,1,0,0,1,0,0,0,0,0,0,0,1,0,-0.4999999999999997,-0.8660254037844388,-0.3546048870425356,-0.9350162426854148,1012.48,309900.0,312200.0,316800.0,384800.0,577120.0,500000.0,505000.0,311625.0,2202.082347832713,326962.5,21848.369504381735,370281.6666666667,73816.16943256329,488796.1538461539,125050.48734257424,314500.0,309900.0,529040.0,309900.0,0.0,-2.1780303030302983,-46.30232880510119,-38.633663366336634,-36.246,0.7367072389493967,-2.13,12.644008170618003,1.407,0,0,0.667,269244.14,861,2018,3
2018-07-23,Beans (white),312720.0,NGN,NGN/MT,Interpolated,retail,National,,,0.69,False,Gap-filled by interpolation,Interpolated,historical,False,,312720.0,306.08,220.24166666666667,144.49375,15.1,16.2,0,1,1,0,0,0,1,1,0,0,1,0,0,0,0,0,0,0,1,0,-0.4999999999999997,-0.8660254037844388,-0.464723172043768,-0.8854560256532101,1021.69,309900.0,309900.0,314500.0,367800.0,529040.0,516640.0,517440.0,311180.0,1493.1845163842368,320077.5,14625.712925236374,352255.0,55715.75923625778,480953.07692307694,129548.25842964383,312720.0,309900.0,480960.0,309900.0,0.9099709583736626,-0.5659777424483314,-40.88915771964313,-39.56400742115028,-35.299,0.9099709583736626,-1.975,12.653066698210509,1.407,0,0,0.667,271694.18,862,2018,3
2018-07-30,Beans (white),317840.0,NGN,NGN/MT,Interpolated,retail,National,,,0.69,False,Gap-filled by interpolation,Interpolated,historical,False,,317840.0,306.08,220.24166666666667,144.49375,15.1,16.2,0,1,1,0,0,0,1,1,0,0,1,0,0,0,0,0,0,0,1,0,-0.4999999999999997,-0.8660254037844388,-0.5680647467311556,-0.8229838658936565,1038.42,312720.0,309900.0,312200.0,350800.0,480960.0,533280.0,529880.0,312590.0,3743.955127932237,315957.5,7771.004255748086,338661.6666666667,38787.0348144439,472666.92307692306,132913.71359703175,317840.0,309900.0,432880.0,309900.0,1.6372473778460073,1.8065342729019829,-33.915502328675984,-40.01660753378123,-33.867,0.7272764194723447,-1.817,12.669306536720631,1.407,0,0,0.667,276142.48,863,2018,3
2018-08-06,Beans (white),322960.0,NGN,NGN/MT,Interpolated,retail,National,,,0.69,False,Gap-filled by interpolation,Interpolated,historical,False,,322960.0,306.08,220.24166666666667,144.49375,15.1,16.2,0,1,0,0,1,0,1,1,0,0,1,0,0,0,0,1,0,0,1,0,-0.8660254037844384,-0.5000000000000004,-0.663122658240795,-0.7485107481711013,1055.15,317840.0,312720.0,309900.0,333800.0,432880.0,549920.0,542320.0,315855.0,5765.168398810027,314602.5,4451.509374839438,329501.6666666667,25066.013873670916,463937.6923076923,135072.4724378046,322960.0,309900.0,384800.0,309900.0,1.6108733954190768,4.214262665375923,-25.392718536314916,-40.44844372326302,-31.919,-0.026373982426930453,-1.676,12.685286851880711,1.407,0,0,0.333,280590.79,864,2018,3
2018-08-13,Beans (white),328080.0,NGN,NGN/MT,Interpolated,retail,National,,,0.69,False,Gap-filled by interpolation,Interpolated,historical,False,,328080.0,306.08,218.1288888888889,152.544,15.1,16.2,0,1,0,0,1,0,1,1,0,0,1,0,0,0,0,1,0,0,1,0,-0.8660254037844384,-0.5000000000000004,-0.7485107481711011,-0.6631226582407952,1071.88,322960.0,317840.0,309900.0,316800.0,384800.0,566560.0,554760.0,320400.0,6609.891577525253,316012.5,6542.3974417419795,324775.0,18058.930049849707,454765.3846153846,135919.5177810976,328080.0,312720.0,367800.0,309900.0,1.5853356452811385,5.866408518877053,-14.740124740124738,-40.860912827168505,-29.546,-0.025537750137938353,-1.55,12.70101580809836,1.423,0,0,0.333,285039.1,865,2018,3
2018-08-20,Beans (white),328080.0,NGN,NGN/MT,WFP Nigeria Food Prices,retail,National,,,0.96,True,WFP VAM data — converted from NGN/2.5KG to NGN/MT (×400),Agricome,historical,False,,333200.0,306.08,218.1288888888889,152.544,15.1,16.2,0,1,0,0,1,0,1,1,0,0,1,0,0,0,0,1,0,0,1,0,-0.8660254037844384,-0.5000000000000004,-0.8229838658936564,-0.5680647467311559,1071.88,328080.0,322960.0,312720.0,314500.0,367800.0,583200.0,555600.0,324240.0,4902.026791709785,317710.0,7745.096144381425,321465.0,12119.38229748681,444953.07692307694,135484.80404146362,328080.0,317840.0,350800.0,309900.0,0.0,4.911742133538,-10.799347471451881,-40.95032397408207,-27.129,-1.5853356452811385,-1.48,12.70101580809836,1.423,0,0,0.333,285039.1,866,2018,3
2018-08-27,Beans (white),326800.0,NGN,NGN/MT,Interpolated,retail,National,,,0.69,False,Gap-filled by interpolation,Interpolated,historical,False,,326800.0,306.08,218.1288888888889,152.544,15.1,16.2,0,1,0,0,1,0,1,1,0,0,1,0,0,0,0,1,0,0,1,0,-0.8660254037844384,-0.5000000000000004,-0.8854560256532096,-0.4647231720437691,1067.69,328080.0,328080.0,317840.0,312200.0,350800.0,593700.0,555600.0,326480.0,2423.0008942028585,319535.0,7977.903412372239,319465.0,8177.539638874488,434687.6923076923,133865.30162242003,328080.0,322960.0,333800.0,309900.0,-0.39014874420872925,2.8190284419833844,-6.841505131128844,-41.18070554355652,-24.893,-0.39014874420872925,-1.428,12.697106701938823,1.423,0,0,0.333,283927.02,867,2018,3
2018-09-03,Beans (white),320400.0,NGN,NGN/MT,Interpolated,retail,National,,,0.69,False,Gap-filled by interpolation,Interpolated,historical,False,,320400.0,306.08,218.1288888888889,152.544,15.1,16.2,0,1,0,0,1,1,0,0,0,0,0,0,0,0,0,1,0,0,0,0,-1.0,-1.8369701987210294e-16,-0.9350162426854148,-0.3546048870425359,1046.79,326800.0,328080.0,322960.0,309900.0,333800.0,604200.0,544000.0,325840.0,3676.5200937808477,320847.5,6965.859089670174,318348.3333333333,6849.103237024817,423772.3076923077,131030.90360087385,328080.0,320400.0,328080.0,309900.0,-1.9583843329253336,-0.7926678226405692,-4.014379868184537,-41.10294117647059,-23.11,-1.5682355887166044,-1.423,12.677328615270097,1.423,0,0,0.333,278366.64,868,2018,3
2018-09-10,Beans (white),314000.0,NGN,NGN/MT,Interpolated,retail,National,,,0.69,False,Gap-filled by interpolation,Interpolated,historical,False,,314000.0,306.08,227.9375,152.80555555555554,15.1,16.2,0,1,0,0,1,1,0,0,0,0,0,0,0,0,0,1,0,0,0,0,-1.0,-1.8369701987210294e-16,-0.970941817426052,-0.2393156642875577,1025.88,320400.0,326800.0,328080.0,309900.0,316800.0,614700.0,532400.0,322320.0,6484.771905521426,321360.0,6148.189048120292,318115.0,6953.54520435436,412206.92307692306,126703.79744172552,328080.0,314000.0,328080.0,309900.0,-1.9975031210986316,-4.291636186296022,-0.8838383838383868,-41.021788129226145,-21.806,-0.03911878817329795,-1.418,12.657151449598695,1.466,0,0,0.333,272806.26,869,2018,3
2018-09-17,Beans (white),307600.0,NGN,NGN/MT,WFP Nigeria Food Prices,retail,National,,,0.96,True,WFP VAM data — converted from NGN/2.5KG to NGN/MT (×400),Agricome,historical,False,,307600.0,306.08,227.9375,152.80555555555554,15.1,16.2,0,1,0,0,1,1,0,0,0,0,0,0,0,0,0,1,0,0,0,0,-1.0,-1.8369701987210294e-16,-0.992708874098054,-0.1205366802553235,1004.97,314000.0,320400.0,328080.0,312720.0,314500.0,625200.0,532250.0,317200.0,8262.364471907438,320720.0,7329.127798429498,317540.0,7540.190496743514,399991.53846153844,120506.14233946097,326800.0,307600.0,328080.0,307600.0,-2.0382165605095537,-6.242379907339668,-2.1939586645469022,-42.20760920620009,-20.698,-0.04071343941092209,-1.413,12.636558767583635,1.466,0,0,0.333,267245.87,870,2018,3
2018-09-24,Beans (white),304400.0,NGN,NGN/MT,Interpolated,retail,National,,,0.69,False,Gap-filled by interpolation,Interpolated,historical,False,,304400.0,306.08,227.9375,152.80555555555554,15.1,16.2,0,1,0,0,1,1,0,0,0,0,0,0,0,0,0,1,0,0,0,0,-1.0,-1.8369701987210294e-16,-1.0,-1.8369701987210294e-16,994.51,307600.0,314000.0,326800.0,317840.0,312200.0,625200.0,532250.0,311600.0,7095.538504344574,319040.0,9346.363693207752,316890.0,8336.519875599886,387653.07692307694,112694.98145948566,320400.0,304400.0,328080.0,304400.0,-1.040312093628093,-6.854345165238673,-2.4983984625240208,-42.8088304368248,-19.619,0.9979044668814607,-1.38,12.626101190115389,1.466,0,0,0.333,264465.68,871,2018,3
2018-10-01,Beans (white),301200.0,NGN,NGN/MT,Interpolated,retail,National,,,0.69,False,Gap-filled by interpolation,Interpolated,historical,False,,301200.0,306.08,227.9375,152.80555555555554,11.3,11.8,0,1,0,0,0,1,0,0,0,1,0,1,0,1,1,1,1,0,0,0,-0.8660254037844386,0.5000000000000001,-0.992708874098054,0.1205366802553232,984.06,304400.0,307600.0,320400.0,322960.0,309900.0,625200.0,543700.0,306800.0,5465.040408508884,316320.0,11053.077141036882,316165.0,9319.977077610269,375191.53846153844,102861.46538689033,314000.0,301200.0,328080.0,301200.0,-1.0512483574244391,-5.992509363295884,-2.8073572120038692,-44.60180246459444,-18.228,-0.010936263796346157,-1.349,12.615533094955484,1.466,0,0,0.333,270619.95,872,2018,4
2018-10-08,Beans (white),298000.0,NGN,NGN/MT,Interpolated,retail,National,,,0.69,False,Gap-filled by interpolation,Interpolated,historical,False,,298000.0,306.08,227.9375,152.80555555555554,11.3,11.8,0,1,0,0,0,1,0,0,0,1,0,1,0,1,1,1,1,0,0,0,-0.8660254037844386,0.5000000000000001,-0.970941817426052,0.2393156642875573,973.6,301200.0,304400.0,314000.0,328080.0,309900.0,625200.0,555150.0,302800.0,4131.1822359505795,312560.0,11584.58088519874,315173.3333333333,10593.29919707245,362606.92307692306,90299.20113796038,307600.0,298000.0,328080.0,298000.0,-1.0624169986719778,-5.095541401273884,-3.839948370442081,-46.32081419436188,-16.494,-0.011168641247538691,-1.32,12.604852121186608,1.466,0,0,0.333,267744.83,873,2018,4
2018-10-15,Beans (white),294800.0,NGN,NGN/MT,WFP Nigeria Food Prices,retail,National,,,0.96,True,WFP VAM data — converted from NGN/2.5KG to NGN/MT (×400),Agricome,historical,False,,294800.0,306.08,209.81375,149.6233333333333,11.3,11.8,0,1,0,0,0,1,0,0,0,1,0,1,0,1,1,1,1,0,0,0,-0.8660254037844386,0.5000000000000001,-0.9350162426854148,0.3546048870425355,963.15,298000.0,301200.0,307600.0,328080.0,312720.0,625200.0,555150.0,299600.0,4131.182235950452,308400.0,11183.66155220568,313680.0,12123.197897940743,349899.23076923075,73564.30557943574,304400.0,294800.0,328080.0,294800.0,-1.0738255033557076,-4.16124837451235,-5.730365822460993,-46.89723498153652,-14.375,-0.011408504683729781,-1.293,12.594055831421823,1.378,0,0,0.333,264869.72,874,2018,4
2018-10-22,Beans (white),289680.0,NGN,NGN/MT,Interpolated,retail,National,,,0.69,False,Gap-filled by interpolation,Interpolated,historical,False,,289680.0,306.08,209.81375,149.6233333333333,11.3,11.8,0,1,0,0,0,1,0,0,0,1,0,1,0,1,1,1,1,0,0,0,-0.8660254037844386,0.5000000000000001,-0.8854560256532101,0.464723172043768,946.42,294800.0,298000.0,304400.0,326800.0,317840.0,577120.0,544960.0,295920.0,4912.460347588707,303760.0,10107.716995303177,311333.3333333333,13847.557929323406,338843.8461538461,58004.13585784527,301200.0,289680.0,328080.0,289680.0,-1.7367706919945713,-4.8357424441524355,-8.859803674804933,-46.84380504991192,-12.668,-0.6629451886388638,-1.282,12.576535596518625,1.378,0,0,0.333,260269.54,875,2018,4
2018-10-29,Beans (white),284560.0,NGN,NGN/MT,Interpolated,retail,National,,,0.69,False,Gap-filled by interpolation,Interpolated,historical,False,,284560.0,306.08,209.81375,149.6233333333333,11.3,11.8,0,1,0,0,0,1,0,0,0,1,0,1,0,1,1,1,1,0,0,0,-0.8660254037844386,0.5000000000000001,-0.822983865893657,0.5680647467311548,929.69,289680.0,294800.0,301200.0,320400.0,322960.0,529040.0,523320.0,291760.0,5897.6153372893,299280.0,9609.138507542742,308133.3333333333,15279.384407714006,329440.76923076925,44084.1419036892,298000.0,284560.0,328080.0,284560.0,-1.7674675504004367,-5.524568393094286,-11.890017339608615,-45.624092333562636,-11.438,-0.030696858405865335,-1.271,12.55870292081352,1.378,0,0,0.333,255669.36,876,2018,4
2018-11-05,Beans (white),279440.0,NGN,NGN/MT,Interpolated,retail,National,,,0.69,False,Gap-filled by interpolation,Interpolated,historical,False,,279440.0,306.08,209.81375,149.6233333333333,11.3,11.8,1,0,0,0,0,1,0,0,0,1,0,1,1,1,1,0,1,0,0,0,-0.5000000000000004,0.8660254037844384,-0.7485107481711011,0.6631226582407952,912.96,284560.0,289680.0,298000.0,314000.0,328080.0,480960.0,501680.0,287120.0,6609.891577524434,294960.0,9812.50514103585,304080.0,15944.047621145613,321690.0,32597.762990732866,294800.0,279440.0,328080.0,279440.0,-1.7992690469496808,-6.228187919463091,-14.825652279931722,-44.29915483973848,-10.746,-0.031801496549244135,-1.262,12.540546458060053,1.378,0,0,0.333,251069.18,877,2018,4
2018-11-12,Beans (white),274320.0,NGN,NGN/MT,Interpolated,retail,National,,,0.69,False,Gap-filled by interpolation,Interpolated,historical,False,,274320.0,306.08,231.8846153846154,149.85416666666666,11.3,11.8,1,0,0,0,0,1,0,0,0,1,0,1,1,1,1,0,1,0,0,0,-0.5000000000000004,0.8660254037844384,-0.6631226582407955,0.7485107481711007,896.24,279440.0,284560.0,294800.0,307600.0,328080.0,432880.0,480040.0,282000.0,6609.891577524307,290800.0,10702.41628258368,299600.0,16139.03230172945,315591.53846153844,24882.992214331,289680.0,274320.0,326800.0,274320.0,-1.83223590037217,-6.947082767978285,-16.38624725676664,-42.85476210315807,-10.644,-0.03296685342248917,-1.253,12.522054232507818,1.474,0,0,0.333,246469.0,878,2018,4
2018-11-19,Beans (white),271600.0,NGN,NGN/MT,WFP Nigeria Food Prices,retail,National,,,0.96,True,WFP VAM data — converted from NGN/2.5KG to NGN/MT (×400),Agricome,historical,False,,269200.0,306.08,231.8846153846154,149.85416666666666,11.3,11.8,1,0,0,0,0,1,0,0,0,1,0,1,1,1,1,0,1,0,0,0,-0.5000000000000004,0.8660254037844384,-0.5680647467311559,0.8229838658936564,887.35,274320.0,279440.0,289680.0,304400.0,326800.0,384800.0,468800.0,277480.0,5730.852176301993,286700.0,11025.891606318448,295000.0,15537.02908303817,311237.6923076923,22028.773421630543,284560.0,271600.0,320400.0,271600.0,-0.9915427238261887,-6.241369787351559,-16.89106487148103,-42.06484641638225,-10.846,0.8406931765459813,-1.227,12.512089356545026,1.474,0,0,0.333,244025.16,879,2018,4
2018-11-26,Beans (white),271600.0,NGN,NGN/MT,Interpolated,retail,National,,,0.69,False,Gap-filled by interpolation,Interpolated,historical,False,,271600.0,306.08,231.8846153846154,149.85416666666666,11.3,11.8,1,0,0,0,0,1,0,0,0,1,0,1,1,1,1,0,1,0,0,0,-0.5000000000000004,0.8660254037844384,-0.4647231720437684,0.88545602565321,887.35,271600.0,274320.0,284560.0,301200.0,320400.0,367800.0,468800.0,274240.0,3696.1962429806417,283000.0,10414.495392754856,290933.3333333333,14645.31779556978,307537.6923076923,20147.042921022876,279440.0,271600.0,314000.0,271600.0,0.0,-4.554399775091367,-15.230961298377032,-42.06484641638225,-10.827,0.9915427238261887,-1.181,12.512089356545026,1.474,0,0,0.333,244025.16,880,2018,4
2018-12-03,Beans (white),274000.0,NGN,NGN/MT,Interpolated,retail,National,,,0.69,False,Gap-filled by interpolation,Interpolated,historical,False,,274000.0,306.08,231.8846153846154,149.85416666666666,11.3,11.8,1,0,0,0,0,0,0,0,0,1,0,1,1,1,1,0,0,0,0,1,-2.4492935982947064e-16,1.0,-0.3546048870425359,0.9350162426854148,895.19,271600.0,271600.0,279440.0,298000.0,314000.0,350800.0,479200.0,272880.0,1483.7789592648649,280000.0,8809.3456867448,287600.0,13418.684395610062,304583.8461538461,19156.072264829905,274320.0,271600.0,307600.0,271600.0,0.8836524300441795,-1.946750644145434,-12.73885350318471,-42.82136894824708,-10.409,0.8836524300441795,-1.119,12.520887034998584,1.474,0,0,0.0,246181.49,881,2018,4
2018-12-10,Beans (white),276400.0,NGN,NGN/MT,Interpolated,retail,National,,,0.69,False,Gap-filled by interpolation,Interpolated,historical,False,,276400.0,306.08,235.53181818181807,149.88750000000002,11.3,11.8,1,0,0,0,0,0,0,0,0,1,0,1,1,1,1,0,0,0,0,1,-2.4492935982947064e-16,1.0,-0.2393156642875578,0.970941817426052,903.03,274000.0,271600.0,274320.0,294800.0,307600.0,333800.0,489600.0,273400.0,2297.8250586059194,277700.0,6489.904247587547,285000.0,12154.280951765195,302376.1538461539,18960.90885520487,276400.0,271600.0,304400.0,271600.0,0.8759124087591275,0.7582385535141345,-10.143042912873867,-43.54575163398693,-9.583,-0.007740021285052023,-1.06,12.529607988814114,1.49,0,0,0.0,248337.83,882,2018,4
2018-12-17,Beans (white),276400.0,NGN,NGN/MT,WFP Nigeria Food Prices,retail,National,,,0.96,True,WFP VAM data — converted from NGN/2.5KG to NGN/MT (×400),Agricome,historical,False,,278800.0,306.08,235.53181818181807,149.88750000000002,11.3,11.8,1,0,0,0,0,0,0,0,0,1,0,1,1,1,1,0,0,0,0,1,-2.4492935982947064e-16,1.0,-0.1205366802553236,0.992708874098054,903.03,276400.0,274000.0,271600.0,289680.0,304400.0,316800.0,500000.0,274600.0,2297.8250586060058,276040.0,4325.287769121497,282666.6666666667,10690.942073743452,300822.3076923077,19382.300649343488,276400.0,271600.0,301200.0,271600.0,0.0,1.767304860088359,-9.198423127463862,-44.720000000000006,-8.717,-0.8759124087591275,-1.02,12.529607988814114,1.49,0,0,0.0,248337.83,883,2018,4
2018-12-24,Beans (white),273040.0,NGN,NGN/MT,Interpolated,retail,National,,,0.69,False,Gap-filled by interpolation,Interpolated,historical,False,,273040.0,306.08,235.53181818181807,149.88750000000002,11.3,11.8,1,0,0,0,0,0,0,0,0,1,0,1,1,1,1,0,0,0,0,1,-2.4492935982947064e-16,1.0,6.432490598706546e-16,1.0,892.05,276400.0,276400.0,271600.0,284560.0,301200.0,314500.0,500000.0,274960.0,1708.3325203126617,274600.0,2693.314474238129,280320.0,9245.956364314252,299227.6923076923,19910.30292239527,276400.0,273040.0,298000.0,271600.0,-1.2156295224312608,0.5301914580265077,-9.349269588313414,-45.391999999999996,-8.11,-1.2156295224312608,-1.007,12.517377246040919,1.49,0,0,0.0,245318.96,884,2018,4
2018-12-31,Beans (white),267280.0,NGN,NGN/MT,Interpolated,retail,National,,,0.69,False,Gap-filled by interpolation,Interpolated,historical,False,,267280.0,306.08,235.53181818181807,149.88750000000002,11.3,11.8,1,0,0,0,0,0,0,0,0,1,0,1,1,1,1,0,0,0,0,1,-2.4492935982947064e-16,1.0,0.120536680255323,0.992708874098054,873.24,273040.0,276400.0,274000.0,279440.0,298000.0,312200.0,500000.0,273280.0,4302.185491114633,273080.0,2986.904752414737,277760.0,8085.794501912918,297500.0,20673.916319846216,276400.0,267280.0,294800.0,267280.0,-2.109581013770878,-2.452554744525548,-10.308724832214766,-46.544,-8.141,-0.8939514913396174,-1.012,12.496055818418432,1.49,0,0,0.0,240143.76,885,2018,4
2019-01-07,Beans (white),261520.0,NGN,NGN/MT,Interpolated,retail,National,,,0.69,False,Gap-filled by interpolation,Interpolated,historical,False,,261520.0,306.92,235.53181818181807,149.88750000000002,11.3,11.8,1,0,0,0,0,0,0,0,0,1,0,0,1,0,0,0,0,0,0,1,0.4999999999999999,0.8660254037844387,0.2393156642875577,0.970941817426052,852.08,267280.0,273040.0,276400.0,274320.0,294800.0,309900.0,500000.0,269560.0,6550.725150695611,271480.0,4986.656480763501,274986.6666666667,7387.091115683213,295639.23076923075,21666.60728828165,276400.0,261520.0,289680.0,261520.0,-2.1550434001795904,-5.383502170767008,-11.28900949796472,-47.696000000000005,-8.821,-0.04546238640871225,-1.016,12.47426986519011,1.49,0,0,0.0,234968.55,886,2019,1
2019-01-14,Beans (white),255760.0,NGN,NGN/MT,Interpolated,retail,National,,,0.69,False,Gap-filled by interpolation,Interpolated,historical,False,,255760.0,306.92,220.93,156.13333333333333,11.3,11.8,1,0,0,0,0,0,0,0,0,1,0,0,1,0,0,0,0,0,0,1,0.4999999999999999,0.8660254037844387,0.3546048870425356,0.9350162426854148,833.31,261520.0,267280.0,276400.0,271600.0,289680.0,309900.0,500000.0,264400.0,7436.12802471517,269500.0,7462.362705125967,272160.0,7735.105335116224,293556.92307692306,22812.53528553657,273040.0,255760.0,284560.0,255760.0,-2.202508412358517,-7.467438494934875,-11.70947252140293,-48.848,-9.932,-0.047465012178926624,-1.02,12.451998693641626,1.446,0,0,0.0,229793.35,887,2019,1
2019-01-21,Beans (white),250000.0,NGN,NGN/MT,WFP Nigeria Food Prices,retail,National,,,0.96,True,WFP VAM data — converted from NGN/2.5KG to NGN/MT (×400),Agricome,historical,False,,250000.0,306.92,220.93,156.13333333333333,11.3,11.8,1,0,0,0,0,0,0,0,0,1,0,0,1,0,0,0,0,0,0,1,0.4999999999999999,0.8660254037844387,0.4647231720437685,0.8854560256532099,814.54,255760.0,261520.0,273040.0,271600.0,284560.0,312720.0,516640.0,258640.0,7436.1280247150535,266800.0,10052.206580788865,269280.0,9024.83039376645,291144.6153846154,23990.81177964096,267280.0,250000.0,279440.0,250000.0,-2.252111354394748,-8.438324055083502,-12.145066066910315,-51.61040569835862,-11.164,-0.049602942036230946,-1.023,12.429220196836383,1.446,0,0,0.0,224618.15,888,2019,1
2019-01-28,Beans (white),250000.0,NGN,NGN/MT,Interpolated,retail,National,,,0.69,False,Gap-filled by interpolation,Interpolated,historical,False,,250000.0,306.92,220.93,156.13333333333333,11.3,11.8,1,0,0,0,0,0,0,0,0,1,0,0,1,0,0,0,0,0,0,1,0.4999999999999999,0.8660254037844387,0.5680647467311558,0.8229838658936564,814.54,250000.0,255760.0,267280.0,274000.0,279440.0,317840.0,533280.0,254320.0,5514.780140672093,263800.0,11120.945489095178,266826.6666666667,9964.436154578605,288535.3846153846,24651.330062415702,261520.0,250000.0,276400.0,250000.0,0.0,-6.46513020053876,-10.535356427139996,-53.12031203120312,-11.858,2.252111354394748,-0.984,12.429220196836383,1.446,0,0,0.0,224618.15,889,2019,1
2019-02-04,Beans (white),250000.0,NGN,NGN/MT,Interpolated,retail,National,,,0.69,False,Gap-filled by interpolation,Interpolated,historical,False,,250000.0,306.92,220.93,156.13333333333333,11.3,11.8,1,0,0,0,0,0,0,0,1,1,0,0,1,0,0,0,0,0,0,0,0.8660254037844386,0.5000000000000001,0.6631226582407952,0.7485107481711011,814.54,250000.0,250000.0,261520.0,276400.0,274320.0,322960.0,549920.0,251440.0,2879.9999999913966,260500.0,10758.969679826521,264800.0,10744.503880414744,285729.23076923075,24728.4343092041,255760.0,250000.0,276400.0,250000.0,0.0,-4.405016824717034,-8.865558471857682,-54.53884201338377,-12.001,0.0,-0.948,12.429220196836383,1.446,0,0,0.0,224618.15,890,2019,1
2019-02-11,Beans (white),250000.0,NGN,NGN/MT,Interpolated,retail,National,,,0.69,False,Gap-filled by interpolation,Interpolated,historical,False,,250000.0,306.92,238.28,144.69666666666666,11.3,11.8,1,0,0,0,0,0,0,0,1,1,0,0,1,0,0,0,0,0,0,0,0.8660254037844386,0.5000000000000001,0.7485107481711011,0.6631226582407953,814.54,250000.0,250000.0,255760.0,276400.0,271600.0,328080.0,566560.0,250000.0,0.0,257200.0,9107.35966128481,263000.0,11296.8539465991,282726.1538461539,24112.981246942338,250000.0,250000.0,276400.0,250000.0,0.0,-2.252111354394748,-7.952871870397649,-55.874046879412596,-11.575,0.0,-0.914,12.429220196836383,1.486,0,0,0.0,224618.15,891,2019,1
2019-02-18,Beans (white),250000.0,NGN,NGN/MT,WFP Nigeria Food Prices,retail,National,,,0.96,True,WFP VAM data — converted from NGN/2.5KG to NGN/MT (×400),Agricome,historical,False,,250000.0,306.92,238.28,144.69666666666666,11.3,11.8,1,0,0,0,0,0,0,0,1,1,0,0,1,0,0,0,0,0,0,0,0.8660254037844386,0.5000000000000001,0.8229838658936564,0.5680647467311559,814.54,250000.0,250000.0,250000.0,273040.0,271600.0,328080.0,583200.0,250000.0,0.0,254320.0,6710.196931323303,261200.0,11520.606044659487,279723.07692307694,23078.51481689963,250000.0,250000.0,276400.0,250000.0,0.0,0.0,-7.952871870397649,-57.13305898491083,-10.626,0.0,-0.882,12.429220196836383,1.486,0,0,0.0,224618.15,892,2019,1
2019-02-25,Beans (white),250000.0,NGN,NGN/MT,Interpolated,retail,National,,,0.69,False,Gap-filled by interpolation,Interpolated,historical,False,,250000.0,306.92,238.28,144.69666666666666,11.3,11.8,1,0,0,0,0,0,0,0,1,1,0,0,1,0,0,0,0,0,0,0,0.8660254037844386,0.5000000000000001,0.8854560256532099,0.4647231720437686,814.54,250000.0,250000.0,250000.0,267280.0,274000.0,326800.0,593700.0,250000.0,0.0,252160.0,4285.577140662531,259200.0,11174.51646299282,276769.23076923075,21684.8475988333,250000.0,250000.0,276400.0,250000.0,0.0,0.0,-8.75912408759124,-57.89119083712313,-9.672,0.0,-0.853,12.429220196836383,1.486,0,0,0.0,224618.15,893,2019,1
2019-03-04,Beans (white),250000.0,NGN,NGN/MT,Interpolated,retail,National,,,0.69,False,Gap-filled by interpolation,Interpolated,historical,False,,250000.0,306.92,238.28,144.69666666666666,11.3,11.8,1,0,0,1,0,0,0,0,1,1,0,0,0,0,0,0,0,0,0,0,1.0,6.123233995736766e-17,0.9350162426854148,0.3546048870425355,814.54,250000.0,250000.0,250000.0,261520.0,276400.0,320400.0,604200.0,250000.0,0.0,250720.0,2036.4675298167133,257000.0,10019.471951240532,274061.53846153844,20374.632795181213,250000.0,250000.0,276400.0,250000.0,0.0,0.0,-9.551374819102755,-58.62297252565376,-8.78,0.0,-0.826,12.429220196836383,1.486,0,0,0.0,224618.15,894,2019,1
2019-03-11,Beans (white),250000.0,NGN,NGN/MT,Interpolated,retail,National,,,0.69,False,Gap-filled by interpolation,Interpolated,historical,False,,250000.0,306.92,236.09166666666667,145.71923076923076,11.3,11.8,1,0,0,1,0,0,0,0,1,1,0,0,0,0,0,0,0,0,0,0,1.0,6.123233995736766e-17,0.970941817426052,0.239315664287558,814.54,250000.0,250000.0,250000.0,255760.0,276400.0,314000.0,614700.0,250000.0,0.0,250000.0,0.0,254800.0,8083.923439870884,271600.0,19187.996247654766,250000.0,250000.0,273040.0,250000.0,0.0,0.0,-9.551374819102755,-59.32975435171628,-7.953,0.0,-0.803,12.429220196836383,1.48,0,0,0.0,224618.15,895,2019,1
2019-03-18,Beans (white),250000.0,NGN,NGN/MT,WFP Nigeria Food Prices,retail,National,,,0.96,True,WFP VAM data — converted from NGN/2.5KG to NGN/MT (×400),Agricome,historical,False,,250000.0,306.92,236.09166666666667,145.71923076923076,11.3,11.8,1,0,0,1,0,0,0,0,1,1,0,0,0,0,0,0,0,0,0,0,1.0,6.123233995736766e-17,0.992708874098054,0.120536680255323,814.54,250000.0,250000.0,250000.0,250000.0,273040.0,307600.0,625200.0,250000.0,0.0,250000.0,0.0,252880.0,5759.999999989074,269384.6153846154,18163.076662453645,250000.0,250000.0,267280.0,250000.0,0.0,0.0,-8.438324055083502,-60.0127959053103,-7.196,0.0,-0.785,12.429220196836383,1.48,0,0,0.0,224618.15,896,2019,1
2019-03-25,Beans (white),252400.0,NGN,NGN/MT,Interpolated,retail,National,,,0.69,False,Gap-filled by interpolation,Interpolated,historical,False,,252400.0,306.92,236.09166666666667,145.71923076923076,11.3,11.8,1,0,0,1,0,0,0,0,1,1,0,0,0,0,0,0,0,0,0,0,1.0,6.123233995736766e-17,1.0,-1.6081226496766364e-16,822.36,250000.0,250000.0,250000.0,250000.0,267280.0,304400.0,625200.0,250600.0,1200.0,250300.0,848.5281374238571,251640.0,3559.5301017588913,267384.6153846154,16977.436609988246,252400.0,250000.0,261520.0,250000.0,0.9600000000000053,0.9600000000000053,-5.567195450463935,-59.62891874600128,-6.277,0.9600000000000053,-0.749,12.438774371606481,1.48,0,0,0.0,226774.48,897,2019,1
2019-04-01,Beans (white),254800.0,NGN,NGN/MT,Interpolated,retail,National,,,0.69,False,Gap-filled by interpolation,Interpolated,historical,False,,254800.0,306.92,236.09166666666667,145.71923076923076,11.4,12.0,0,1,1,1,0,0,0,0,1,0,0,0,0,0,0,0,0,0,0,0,0.8660254037844387,-0.4999999999999998,0.992708874098054,-0.1205366802553228,830.18,252400.0,250000.0,250000.0,250000.0,261520.0,301200.0,625200.0,251800.0,2297.8250586152117,250900.0,1785.65714194283,251080.0,2088.5140432765984,265600.0,15668.975716364366,254800.0,250000.0,255760.0,250000.0,0.9508716323296307,1.9200000000000106,-2.569593147751603,-59.24504158669226,-5.196,-0.009128367670374615,-0.717,12.448238127319225,1.48,0,0,0.333,228725.31,898,2019,2
2019-04-08,Beans (white),257200.0,NGN,NGN/MT,Interpolated,retail,National,,,0.69,False,Gap-filled by interpolation,Interpolated,historical,False,,257200.0,306.92,236.09166666666667,145.71923076923076,11.4,12.0,0,1,1,1,0,0,0,0,1,0,0,0,0,0,0,0,0,0,0,0,0.8660254037844387,-0.4999999999999998,0.970941817426052,-0.2393156642875575,838.0,254800.0,252400.0,250000.0,250000.0,255760.0,298000.0,625200.0,253600.0,3098.3866769659335,251800.0,2795.915388051447,251200.0,2399.9999999734905,264030.76923076925,14275.426977314279,257200.0,250000.0,257200.0,250000.0,0.9419152276295195,2.8799999999999937,0.5630278385986953,-58.86116442738324,-3.951,-0.008956404700111165,-0.692,12.457613159362927,1.48,0,0,0.333,230879.71,899,2019,2
2019-04-15,Beans (white),257680.0,NGN,NGN/MT,WFP Nigeria Food Prices,retail,National,,,0.96,True,WFP VAM data — converted from NGN/2.5KG to NGN/MT (×400),Agricome,historical,False,,259600.0,306.92,236.7192307692308,144.58125,11.4,12.0,0,1,1,1,0,0,0,0,1,0,0,0,0,0,0,0,0,0,0,0,0.8660254037844387,-0.4999999999999998,0.9350162426854148,-0.3546048870425354,839.57,257200.0,254800.0,250000.0,250000.0,250000.0,294800.0,625200.0,255520.0,2431.7894645713063,252760.0,3352.6450112453863,251840.0,2999.9272718245875,262603.07692307694,12861.23812678483,257680.0,252400.0,257680.0,250000.0,0.18662519440124647,3.072000000000008,3.072000000000008,-58.78438899552143,-2.697,-0.755290033228273,-0.71,12.459477664779916,1.479,0,0,0.333,231310.59,900,2019,2
2019-04-22,Beans (white),257680.0,NGN,NGN/MT,Interpolated,retail,National,,,0.69,False,Gap-filled by interpolation,Interpolated,historical,False,,257680.0,306.92,236.7192307692308,144.58125,11.4,12.0,0,1,1,1,0,0,0,0,1,0,0,0,0,0,0,0,0,0,0,0,0.8660254037844387,-0.4999999999999998,0.8854560256532099,-0.4647231720437685,839.57,257680.0,257200.0,252400.0,250000.0,250000.0,289680.0,577120.0,256840.0,1378.6950351691269,253720.0,3543.5575344560175,252480.0,3368.301433264004,261372.3076923077,11639.550612526102,257680.0,254800.0,257680.0,250000.0,0.0,2.091917591125192,3.072000000000008,-55.35070695869143,-1.734,-0.18662519440124647,-0.745,12.459477664779916,1.479,0,0,0.333,231310.59,901,2019,2
2019-04-29,Beans (white),255760.0,NGN,NGN/MT,Interpolated,retail,National,,,0.69,False,Gap-filled by interpolation,Interpolated,historical,False,,255760.0,306.92,236.7192307692308,144.58125,11.4,12.0,0,1,1,1,0,0,0,0,1,0,0,0,0,0,0,0,0,0,0,0,0.8660254037844387,-0.4999999999999998,0.8229838658936565,-0.5680647467311557,833.31,257680.0,257680.0,254800.0,250000.0,250000.0,284560.0,529040.0,257080.0,908.6253353280438,254440.0,3252.989833544344,252960.0,3393.083874838991,260264.61538461538,10675.028517347047,257680.0,255760.0,257680.0,250000.0,-0.7451102142191912,0.3767660910517945,2.303999999999995,-51.655829426886434,-1.224,-0.7451102142191912,-0.828,12.451998693641626,1.479,0,0,0.333,229587.07,902,2019,2
2019-05-06,Beans (white),253840.0,NGN,NGN/MT,Interpolated,retail,National,,,0.69,False,Gap-filled by interpolation,Interpolated,historical,False,,253840.0,306.92,236.7192307692308,144.58125,11.4,12.0,0,1,1,1,0,0,0,0,1,0,1,0,0,0,0,0,0,1,0,0,0.4999999999999999,-0.8660254037844387,0.7485107481711013,-0.663122658240795,827.06,255760.0,257680.0,257200.0,250000.0,250000.0,279440.0,480960.0,256240.0,1838.2600468921692,254920.0,2748.4229244111207,253280.0,3267.2924570467303,259280.0,9994.55851951548,257680.0,253840.0,257680.0,250000.0,-0.7507037847982456,-1.3063763608087142,1.536000000000004,-47.22222222222222,-1.172,-0.005593570579054408,-0.927,12.444463365738759,1.479,0,0,0.333,227863.55,903,2019,2
2019-05-13,Beans (white),251920.0,NGN,NGN/MT,Interpolated,retail,National,,,0.69,False,Gap-filled by interpolation,Interpolated,historical,False,,251920.0,306.92,202.46666666666667,137.31199999999998,11.4,12.0,0,1,1,1,0,0,0,0,1,0,1,0,0,0,0,0,0,1,0,0,0.4999999999999999,-0.8660254037844387,0.6631226582407952,-0.7485107481711012,820.8,253840.0,255760.0,257680.0,250000.0,250000.0,274320.0,432880.0,254800.0,2478.709341572747,255160.0,2305.57089304518,253440.0,3136.4600775486383,258418.46153846153,9604.060679654285,257680.0,251920.0,257680.0,250000.0,-0.7563819728963139,-2.2353306426575625,0.7679999999999909,-41.80373313620402,-1.4,-0.005678188098068304,-1.021,12.43687082528116,1.307,0,0,0.333,226140.04,904,2019,2
2019-05-20,Beans (white),250000.0,NGN,NGN/MT,WFP Nigeria Food Prices,retail,National,,,0.96,True,WFP VAM data — converted from NGN/2.5KG to NGN/MT (×400),Agricome,historical,False,,250000.0,306.92,202.46666666666667,137.31199999999998,11.4,12.0,0,1,1,1,0,0,0,0,1,0,1,0,0,0,0,0,0,1,0,0,0.4999999999999999,-0.8660254037844387,0.5680647467311558,-0.8229838658936564,814.54,251920.0,253840.0,257680.0,252400.0,250000.0,271600.0,384800.0,252880.0,2478.709341572747,254860.0,2815.7110241337937,253440.0,3136.4600775486383,257587.6923076923,9349.058693877101,255760.0,250000.0,257680.0,250000.0,-0.7621467132422954,-2.9804408568767427,0.0,-35.03118503118503,-1.828,-0.005764740345981512,-1.08,12.429220196836383,1.307,0,0,0.333,224416.52,905,2019,2
2019-05-27,Beans (white),239600.0,NGN,NGN/MT,Interpolated,retail,National,,,0.69,False,Gap-filled by interpolation,Interpolated,historical,False,,239600.0,306.92,202.46666666666667,137.31199999999998,11.4,12.0,0,1,1,1,0,0,0,0,1,0,1,0,0,0,0,0,0,1,0,0,0.4999999999999999,-0.8660254037844387,0.464723172043769,-0.8854560256532096,780.66,250000.0,251920.0,255760.0,254800.0,250000.0,271600.0,367800.0,248840.0,6356.351154554002,252960.0,6088.415228940943,252573.33333333334,5035.41879331961,256356.92307692306,9535.093400374613,253840.0,239600.0,257680.0,239600.0,-4.159999999999997,-6.318423522051919,-4.159999999999997,-34.855899945622625,-2.932,-3.397853286757701,-1.403,12.386730318837426,1.307,0,0,0.333,215080.79,906,2019,2
2019-06-03,Beans (white),229200.0,NGN,NGN/MT,Interpolated,retail,National,,,0.69,False,Gap-filled by interpolation,Interpolated,historical,False,,229200.0,306.92,202.46666666666667,137.31199999999998,11.4,12.0,0,1,1,0,0,0,0,1,0,0,1,0,0,0,0,0,0,1,1,0,1.2246467991473532e-16,-1.0,0.3546048870425358,-0.9350162426854148,746.77,239600.0,250000.0,253840.0,257200.0,250000.0,274000.0,350800.0,242680.0,10490.579901352772,249460.0,10057.275973145013,250840.0,8434.491955377456,254633.84615384616,10241.048023293666,251920.0,229200.0,257680.0,229200.0,-4.340567612687818,-9.70690198550268,-8.320000000000006,-34.66362599771949,-4.695,-0.1805676126878213,-1.712,12.342354626814949,1.307,0,0,0.667,205745.06,907,2019,2
2019-06-10,Beans (white),218800.0,NGN,NGN/MT,Interpolated,retail,National,,,0.69,False,Gap-filled by interpolation,Interpolated,historical,False,,218800.0,306.92,185.61166666666668,135.6,11.4,12.0,0,1,1,0,0,0,0,1,0,0,1,0,0,0,0,0,0,0,1,0,1.2246467991473532e-16,-1.0,0.2393156642875576,-0.970941817426052,712.89,229200.0,239600.0,251920.0,257680.0,250000.0,276400.0,333800.0,234400.0,13426.342266852382,244600.0,14099.402216304876,248240.0,12530.991399502906,252418.46153846153,11497.251042683441,250000.0,218800.0,257680.0,218800.0,-4.537521815008727,-13.14703080342966,-12.480000000000002,-34.45176752546435,-7.138,-0.1969542023209092,-1.978,12.295917919903431,1.229,0,0,0.667,196409.34,908,2019,2
2019-06-17,Beans (white),208400.0,NGN,NGN/MT,WFP Nigeria Food Prices,retail,National,,,0.96,True,WFP VAM data — converted from NGN/2.5KG to NGN/MT (×400),Agricome,historical,False,,208400.0,306.92,185.61166666666668,135.6,11.4,12.0,0,1,1,0,0,0,0,1,0,0,1,0,0,0,0,0,0,0,1,0,1.2246467991473532e-16,-1.0,0.120536680255323,-0.992708874098054,679.0,218800.0,229200.0,250000.0,257680.0,252400.0,276400.0,316800.0,224000.0,13426.342266852382,238440.0,17837.924286674806,244573.33333333334,16884.284965249375,249803.07692307694,13400.49872780382,239600.0,208400.0,257680.0,208400.0,-4.753199268738573,-16.64,-17.43264659270999,-34.21717171717171,-10.329,-0.21567745372984604,-2.187,12.247219387314328,1.229,0,0,0.667,187073.61,909,2019,2
2019-06-24,Beans (white),198000.0,NGN,NGN/MT,Interpolated,retail,National,,,0.69,False,Gap-filled by interpolation,Interpolated,historical,False,,198000.0,306.92,185.61166666666668,135.6,11.4,12.0,0,1,1,0,0,0,0,1,0,0,1,0,0,0,0,0,0,0,1,0,1.2246467991473532e-16,-1.0,-3.216245299353273e-16,-1.0,645.12,208400.0,218800.0,239600.0,255760.0,254800.0,273040.0,314500.0,213600.0,13426.342266852382,231220.0,21198.803200720016,239840.0,21173.540950051316,246916.92307692306,16020.438637998452,229200.0,198000.0,257680.0,198000.0,-4.99040307101728,-17.36227045075125,-22.291993720565152,-37.0429252782194,-13.493,-0.23720380227870663,-2.353,12.19602736016897,1.229,0,0,0.667,177737.88,910,2019,2
2019-07-01,Beans (white),187600.0,NGN,NGN/MT,Interpolated,retail,National,,,0.69,False,Gap-filled by interpolation,Interpolated,historical,False,,187600.0,306.92,185.61166666666668,135.6,11.1,11.6,0,1,1,0,0,0,1,1,0,0,1,0,0,0,0,0,0,0,1,0,-0.4999999999999997,-0.8660254037844388,-0.1205366802553228,-0.992708874098054,611.23,198000.0,208400.0,229200.0,253840.0,257200.0,267280.0,312200.0,203200.0,13426.342266852382,222940.0,23869.578965704444,234040.0,25145.892850972432,243852.3076923077,19262.41445046721,218800.0,187600.0,257680.0,187600.0,-5.252525252525253,-18.15008726003491,-27.060653188180407,-39.9103139013453,-16.671,-0.26212218150797284,-2.477,12.14207264603046,1.229,0,0,0.667,168856.89,911,2019,3
2019-07-08,Beans (white),177200.0,NGN,NGN/MT,Interpolated,retail,National,,,0.69,False,Gap-filled by interpolation,Interpolated,historical,False,,177200.0,306.92,185.61166666666668,135.6,11.1,11.6,0,1,1,0,0,0,1,1,0,0,1,0,0,0,0,0,0,0,1,0,-0.4999999999999997,-0.8660254037844388,-0.2393156642875574,-0.970941817426052,577.35,187600.0,198000.0,218800.0,251920.0,257680.0,261520.0,309900.0,192800.0,13426.342266852382,213600.0,25474.693324945052,227333.33333333334,28742.838897343492,240609.23076923078,22919.80958438894,208400.0,177200.0,257680.0,177200.0,-5.543710021321957,-19.012797074954292,-31.232536479354234,-42.82026460148435,-19.87,-0.29118476879670396,-2.562,12.085039960478051,1.229,0,0,0.667,159495.95,912,2019,3
2019-07-15,Beans (white),166800.0,NGN,NGN/MT,WFP Nigeria Food Prices,retail,National,,,0.96,True,WFP VAM data — converted from NGN/2.5KG to NGN/MT (×400),Agricome,historical,False,,166800.0,306.92,188.84333333333333,137.494,11.1,11.6,0,1,1,0,0,0,1,1,0,0,1,0,0,0,0,0,0,0,1,0,-0.4999999999999997,-0.8660254037844388,-0.3546048870425356,-0.9350162426854148,543.46,177200.0,187600.0,208400.0,250000.0,257680.0,255760.0,309900.0,182400.0,13426.342266852382,203200.0,25474.693324945052,219760.0,31827.31588374183,237187.6923076923,26867.689488706917,198000.0,166800.0,255760.0,166800.0,-5.869074492099324,-19.961612284069098,-35.26855013970817,-46.17618586640852,-23.099,-0.32536447077736774,-2.617,12.02455676409265,1.249,0,0,0.667,150135.01,913,2019,3
2019-07-22,Beans (white),166800.0,NGN,NGN/MT,Interpolated,retail,National,,,0.69,False,Gap-filled by interpolation,Interpolated,historical,False,,166800.0,306.92,188.84333333333333,137.494,11.1,11.6,0,1,1,0,0,0,1,1,0,0,1,0,0,0,0,0,0,0,1,0,-0.4999999999999997,-0.8660254037844388,-0.464723172043768,-0.8854560256532101,543.46,166800.0,177200.0,198000.0,239600.0,255760.0,250000.0,312720.0,174600.0,9957.24192066592,194100.0,23544.001359157282,212346.66666666666,33017.94259691504,233987.6923076923,30047.196515841108,187600.0,166800.0,253840.0,166800.0,0.0,-15.75757575757576,-34.78260869565217,-46.661550268610895,-25.381,5.869074492099324,-2.427,12.02455676409265,1.249,0,0,0.667,150135.01,914,2019,3
2019-07-29,Beans (white),166800.0,NGN,NGN/MT,Interpolated,retail,National,,,0.69,False,Gap-filled by interpolation,Interpolated,historical,False,,166800.0,306.92,188.84333333333333,137.494,11.1,11.6,0,1,1,0,0,0,1,1,0,0,1,0,0,0,0,0,0,0,1,0,-0.4999999999999997,-0.8660254037844388,-0.5680647467311556,-0.8229838658936565,543.46,166800.0,166800.0,187600.0,229200.0,253840.0,250000.0,317840.0,169400.0,5200.000000000003,186300.0,20377.859133312875,205093.33333333334,32632.251011238022,230787.6923076923,32595.95217909083,177200.0,166800.0,251920.0,166800.0,0.0,-11.087420042643926,-34.28931610463284,-47.52076516486282,-26.599,0.0,-2.273,12.02455676409265,1.249,0,0,0.667,150135.01,915,2019,3
2019-08-05,Beans (white),166800.0,NGN,NGN/MT,Interpolated,retail,National,,,0.69,False,Gap-filled by interpolation,Interpolated,historical,False,,166800.0,306.92,188.84333333333333,137.494,11.1,11.6,0,1,0,0,1,0,1,1,0,0,1,0,0,0,0,1,0,0,1,0,-0.8660254037844384,-0.5000000000000004,-0.663122658240795,-0.7485107481711013,543.46,166800.0,166800.0,177200.0,218800.0,251920.0,250000.0,322960.0,166800.0,0.0,179800.0,16443.843832875576,198000.0,30723.636148438745,227587.6923076923,34653.4122196008,166800.0,166800.0,250000.0,166800.0,0.0,-5.869074492099324,-33.78850428707526,-48.35273718107506,-26.71,0.0,-2.148,12.02455676409265,1.249,0,0,0.333,150135.01,916,2019,3
2019-08-12,Beans (white),166800.0,NGN,NGN/MT,Interpolated,retail,National,,,0.69,False,Gap-filled by interpolation,Interpolated,historical,False,,166800.0,306.92,235.9284615384616,144.58333333333334,11.1,11.6,0,1,0,0,1,0,1,1,0,0,1,0,0,0,0,1,0,0,1,0,-0.8660254037844384,-0.5000000000000004,-0.7485107481711011,-0.6631226582407952,543.46,166800.0,166800.0,166800.0,208400.0,250000.0,250000.0,328080.0,166800.0,0.0,174600.0,12115.63334822293,191066.66666666666,27095.700206800317,224387.6923076923,36303.204520559615,166800.0,166800.0,239600.0,166800.0,0.0,0.0,-33.28,-49.158741770299926,-25.664,0.0,-2.046,12.02455676409265,1.476,0,0,0.333,150135.01,917,2019,3
2019-08-19,Beans (white),166800.0,NGN,NGN/MT,WFP Nigeria Food Prices,retail,National,,,0.96,True,WFP VAM data — converted from NGN/2.5KG to NGN/MT (×400),Agricome,historical,False,,166800.0,306.92,235.9284615384616,144.58333333333334,11.1,11.6,0,1,0,0,1,0,1,1,0,0,1,0,0,0,0,1,0,0,1,0,-0.8660254037844384,-0.5000000000000004,-0.8229838658936564,-0.5680647467311559,543.46,166800.0,166800.0,166800.0,198000.0,239600.0,250000.0,328080.0,166800.0,0.0,170700.0,7737.847615085599,185000.0,23096.00516421139,221187.6923076923,37599.03108407957,166800.0,166800.0,229200.0,166800.0,0.0,0.0,-30.38397328881469,-49.158741770299926,-24.589,0.0,-1.957,12.02455676409265,1.476,0,0,0.333,150135.01,918,2019,3
2019-08-26,Beans (white),172000.0,NGN,NGN/MT,Interpolated,retail,National,,,0.69,False,Gap-filled by interpolation,Interpolated,historical,False,,172000.0,306.92,235.9284615384616,144.58333333333334,11.1,11.6,0,1,0,0,1,0,1,1,0,0,1,0,0,0,0,1,0,0,1,0,-0.8660254037844384,-0.5000000000000004,-0.8854560256532096,-0.4647231720437691,560.41,166800.0,166800.0,166800.0,187600.0,229200.0,250000.0,326800.0,168100.0,2600.0,168750.0,3868.923807542817,180233.33333333334,18611.79163537485,218187.6923076923,38313.16142608939,172000.0,166800.0,218800.0,166800.0,3.1175059952038398,3.1175059952038398,-24.956369982547987,-47.36842105263158,-22.956,3.1175059952038398,-1.767,12.055255569732177,1.476,0,0,0.333,154815.48,919,2019,3
2019-09-02,Beans (white),177200.0,NGN,NGN/MT,Interpolated,retail,National,,,0.69,False,Gap-filled by interpolation,Interpolated,historical,False,,177200.0,306.92,235.9284615384616,144.58333333333334,11.1,11.6,0,1,0,0,1,1,0,0,0,0,0,0,0,0,0,1,0,0,0,0,-1.0,-1.8369701987210294e-16,-0.9350162426854148,-0.3546048870425359,577.35,172000.0,166800.0,166800.0,177200.0,218800.0,250000.0,320400.0,170700.0,4978.620960332955,168750.0,3868.923807542817,176766.66666666666,14103.470451902886,215387.6923076923,38554.68140786,177200.0,166800.0,208400.0,166800.0,3.023255813953485,6.2350119904076795,-19.012797074954292,-44.694132334581774,-20.748,-0.09425018125035489,-1.587,12.085039960478051,1.476,0,0,0.333,159495.95,920,2019,3
2019-09-09,Beans (white),182400.0,NGN,NGN/MT,Interpolated,retail,National,,,0.69,False,Gap-filled by interpolation,Interpolated,historical,False,,182400.0,306.92,233.15666666666664,151.78636363636363,11.1,11.6,0,1,0,0,1,1,0,0,0,0,0,0,0,0,0,1,0,0,0,0,-1.0,-1.8369701987210294e-16,-0.970941817426052,-0.2393156642875577,594.29,177200.0,172000.0,166800.0,166800.0,208400.0,250000.0,314000.0,174600.0,6713.171133426188,170700.0,6057.816674111478,174600.0,10281.138953522404,212787.6923076923,38406.25077329975,182400.0,166800.0,198000.0,166800.0,2.934537246049662,9.35251798561152,-12.476007677543189,-41.910828025477706,-17.946,-0.08871856790382271,-1.415,12.113962839063479,1.486,0,0,0.333,164176.42,921,2019,3
2019-09-16,Beans (white),184080.0,NGN,NGN/MT,WFP Nigeria Food Prices,retail,National,,,0.96,True,WFP VAM data — converted from NGN/2.5KG to NGN/MT (×400),Agricome,historical,False,,187600.0,306.92,233.15666666666664,151.78636363636363,11.1,11.6,0,1,0,0,1,1,0,0,0,0,0,0,0,0,0,1,0,0,0,0,-1.0,-1.8369701987210294e-16,-0.992708874098054,-0.1205366802553235,599.77,182400.0,177200.0,166800.0,166800.0,198000.0,250000.0,307600.0,178920.0,5464.454837096437,172860.0,7400.478748992249,173440.0,7913.642995129506,210252.3076923077,38025.38397520252,184080.0,172000.0,187600.0,166800.0,0.9210526315789558,10.359712230215834,-7.030303030303031,-40.15604681404421,-14.902,-2.0134846144707064,-1.328,12.123131157115179,1.486,0,0,0.333,165688.57,922,2019,3
2019-09-23,Beans (white),184080.0,NGN,NGN/MT,Interpolated,retail,National,,,0.69,False,Gap-filled by interpolation,Interpolated,historical,False,,184080.0,306.92,233.15666666666664,151.78636363636363,11.1,11.6,0,1,0,0,1,1,0,0,0,0,0,0,0,0,0,1,0,0,0,0,-1.0,-1.8369701987210294e-16,-1.0,-1.8369701987210294e-16,599.77,184080.0,182400.0,172000.0,166800.0,187600.0,252400.0,304400.0,181940.0,3257.729270519576,175020.0,7884.973050049072,173146.66666666666,7388.902407509214,207624.61538461538,37350.92151267765,184080.0,177200.0,184080.0,166800.0,0.0,7.023255813953488,-1.8763326226012844,-39.526938239159,-12.371,-0.9210526315789558,-1.282,12.123131157115179,1.486,0,0,0.333,165688.57,923,2019,3
2019-09-30,Beans (white),180560.0,NGN,NGN/MT,Interpolated,retail,National,,,0.69,False,Gap-filled by interpolation,Interpolated,historical,False,,180560.0,306.92,233.15666666666664,151.78636363636363,11.1,11.6,0,1,0,0,1,1,0,0,0,0,0,0,0,0,0,1,0,0,0,0,-1.0,-1.8369701987210294e-16,-0.992708874098054,0.1205366802553232,588.3,184080.0,184080.0,177200.0,166800.0,177200.0,254800.0,301200.0,182780.0,1678.5708206685856,176740.0,7315.986409422677,173426.66666666666,7616.61978633001,204769.23076923078,36426.51571842508,184080.0,180560.0,184080.0,166800.0,-1.9122120817036126,1.8961625282166938,1.8961625282166938,-40.0531208499336,-10.739,-1.9122120817036126,-1.319,12.103823949801292,1.486,0,0,0.333,162520.25,924,2019,3
2019-10-07,Beans (white),177040.0,NGN,NGN/MT,Interpolated,retail,National,,,0.69,False,Gap-filled by interpolation,Interpolated,historical,False,,177040.0,306.92,233.15666666666664,151.78636363636363,11.1,11.6,0,1,0,0,0,1,0,0,0,1,0,1,0,1,1,1,1,0,0,0,-0.8660254037844386,0.5000000000000001,-0.970941817426052,0.2393156642875573,576.83,180560.0,184080.0,182400.0,166800.0,166800.0,257200.0,298000.0,181440.0,3370.1434193023097,178020.0,6127.744866005545,174280.0,7376.542673773345,201686.15384615384,35182.41686717159,184080.0,177040.0,184080.0,166800.0,-1.9494904740806396,-2.9385964912280738,6.139088729016784,-40.59060402684563,-10.038,-0.037278392377027014,-1.355,12.084136623150009,1.486,0,0,0.333,159351.94,925,2019,4
2019-10-14,Beans (white),173520.0,NGN,NGN/MT,Interpolated,retail,National,,,0.69,False,Gap-filled by interpolation,Interpolated,historical,False,,173520.0,306.92,231.66666666666663,144.34666666666666,11.1,11.6,0,1,0,0,0,1,0,0,0,1,0,1,0,1,1,1,1,0,0,0,-0.8660254037844386,0.5000000000000001,-0.9350162426854148,0.3546048870425355,565.36,177040.0,180560.0,184080.0,166800.0,166800.0,257680.0,294800.0,178800.0,4544.300459550035,178860.0,4653.134120445844,174840.0,7002.669620794599,198449.23076923078,33663.430237940294,184080.0,173520.0,184080.0,166800.0,-1.9882512426570242,-5.736636245110827,4.028776978417259,-41.139755766621434,-9.901,-0.03876076857638466,-1.388,12.064053908508585,1.456,0,0,0.333,156183.62,926,2019,4
2019-10-21,Beans (white),170000.0,NGN,NGN/MT,WFP Nigeria Food Prices,retail,National,,,0.96,True,WFP VAM data — converted from NGN/2.5KG to NGN/MT (×400),Agricome,historical,False,,170000.0,306.92,231.66666666666663,144.34666666666666,11.1,11.6,0,1,0,0,0,1,0,0,0,1,0,1,0,1,1,1,1,0,0,0,-0.8660254037844386,0.5000000000000001,-0.8854560256532101,0.464723172043768,553.89,173520.0,177040.0,184080.0,172000.0,166800.0,257680.0,289680.0,175280.0,4544.300459550035,178610.0,5106.041239831237,175106.66666666666,6724.053611439671,195076.92307692306,31834.606423731795,180560.0,170000.0,184080.0,166800.0,-2.028584601198713,-7.648848326814428,1.918465227817756,-41.31455399061033,-10.148,-0.040333358541688735,-1.419,12.04355959836804,1.456,0,0,0.333,153015.3,927,2019,4
2019-10-28,Beans (white),169400.0,NGN,NGN/MT,Interpolated,retail,National,,,0.69,False,Gap-filled by interpolation,Interpolated,historical,False,,169400.0,306.92,231.66666666666663,144.34666666666666,11.1,11.6,0,1,0,0,0,1,0,0,0,1,0,1,0,1,1,1,1,0,0,0,-0.8660254037844386,0.5000000000000001,-0.822983865893657,0.5680647467311548,551.94,170000.0,173520.0,180560.0,177200.0,166800.0,255760.0,284560.0,172490.0,3536.0806928952657,177635.0,6067.8614731339285,175323.33333333334,6469.114500769056,191755.38461538462,29682.368265457113,177040.0,169400.0,184080.0,166800.0,-0.3529411764705892,-6.180770934869296,1.5587529976019088,-40.46949676693843,-10.047,1.6756434247281238,-1.379,12.04002396437039,1.456,0,0,0.333,152475.25,928,2019,4
2019-11-04,Beans (white),168800.0,NGN,NGN/MT,Interpolated,retail,National,,,0.69,False,Gap-filled by interpolation,Interpolated,historical,False,,168800.0,306.92,231.66666666666663,144.34666666666666,11.1,11.6,1,0,0,0,0,1,0,0,0,1,0,1,1,1,1,0,1,0,0,0,-0.5000000000000004,0.8660254037844384,-0.7485107481711011,0.6631226582407952,549.98,169400.0,170000.0,177040.0,182400.0,166800.0,253840.0,279440.0,170430.0,2117.4512981412386,175935.0,6436.110182844484,175490.0,6251.670322241886,188484.61538461538,27144.339112349327,173520.0,168800.0,184080.0,166800.0,-0.35419126328217754,-4.654315408947129,1.1990407673860837,-39.59347265960492,-9.579,-0.0012500868115883357,-1.341,12.036475785297062,1.456,0,0,0.333,151935.19,929,2019,4
2019-11-11,Beans (white),168200.0,NGN,NGN/MT,Interpolated,retail,National,,,0.69,False,Gap-filled by interpolation,Interpolated,historical,False,,168200.0,306.92,233.4333333333333,144.32916666666668,11.1,11.6,1,0,0,0,0,1,0,0,0,1,0,1,1,1,1,0,1,0,0,0,-0.5000000000000004,0.8660254037844384,-0.6631226582407955,0.7485107481711007,548.03,168800.0,169400.0,173520.0,184080.0,166800.0,251920.0,274320.0,169100.0,774.5966692414934,173950.0,5999.19042157239,175606.66666666666,6085.615429135609,185264.61538461538,24114.906465632823,170000.0,168200.0,184080.0,168200.0,-0.35545023696682554,-3.0659289995389583,0.8393285371702586,-38.684747739865855,-8.725,-0.0012589736846480015,-1.303,12.032914971806521,1.464,0,0,0.333,151395.14,930,2019,4
2019-11-18,Beans (white),167600.0,NGN,NGN/MT,WFP Nigeria Food Prices,retail,National,,,0.96,True,WFP VAM data — converted from NGN/2.5KG to NGN/MT (×400),Agricome,historical,False,,167600.0,306.92,233.4333333333333,144.32916666666668,11.1,11.6,1,0,0,0,0,1,0,0,0,1,0,1,1,1,1,0,1,0,0,0,-0.5000000000000004,0.8660254037844384,-0.5680647467311559,0.8229838658936564,546.07,168200.0,168800.0,170000.0,184080.0,172000.0,250000.0,271600.0,168500.0,774.5966692414934,171890.0,4716.0637339689665,175240.0,6444.639774106835,182095.38461538462,20394.550101588946,169400.0,167600.0,184080.0,167600.0,-0.3567181926278251,-1.4117647058823568,-2.558139534883719,-38.29160530191458,-7.466,-0.0012679556609995757,-1.267,12.029341433599432,1.464,0,0,0.333,150855.09,931,2019,4
2019-11-25,Beans (white),163700.0,NGN,NGN/MT,Interpolated,retail,National,,,0.69,False,Gap-filled by interpolation,Interpolated,historical,False,,163700.0,306.92,233.4333333333333,144.32916666666668,11.1,11.6,1,0,0,0,0,1,0,0,0,1,0,1,1,1,1,0,1,0,0,0,-0.5000000000000004,0.8660254037844384,-0.4647231720437684,0.88545602565321,533.36,167600.0,168200.0,169400.0,180560.0,177200.0,239600.0,271600.0,167075.0,2302.7157879338943,169782.5,4001.1346604967894,174115.0,7204.857578543098,179176.15384615384,16980.5554860686,168800.0,163700.0,184080.0,163700.0,-2.3269689737470123,-3.364817001180642,-7.618510158013548,-39.72754050073638,-6.754,-1.9702507811191872,-1.31,12.00579687207606,1.464,0,0,0.333,147344.73,932,2019,4
2019-12-02,Beans (white),159800.0,NGN,NGN/MT,Interpolated,retail,National,,,0.69,False,Gap-filled by interpolation,Interpolated,historical,False,,159800.0,306.92,233.4333333333333,144.32916666666668,11.1,11.6,1,0,0,0,0,0,0,0,0,1,0,1,1,1,1,0,0,0,0,1,-2.4492935982947064e-16,1.0,-0.3546048870425359,0.9350162426854148,520.66,163700.0,167600.0,168800.0,177040.0,182400.0,229200.0,274000.0,164825.0,3899.0383429763824,167627.5,4172.877561450532,172231.66666666666,7773.640580744888,176506.92307692306,13994.694928933526,168200.0,159800.0,184080.0,159800.0,-2.3824068417837463,-5.331753554502372,-12.39035087719298,-41.67883211678832,-6.618,-0.055437868036734006,-1.351,11.98168457011701,1.464,0,0,0.0,143834.38,933,2019,4
2019-12-09,Beans (white),155900.0,NGN,NGN/MT,Interpolated,retail,National,,,0.69,False,Gap-filled by interpolation,Interpolated,historical,False,,155900.0,306.92,232.16666666666663,144.225,11.1,11.6,1,0,0,0,0,0,0,0,0,1,0,1,1,1,1,0,0,0,0,1,-2.4492935982947064e-16,1.0,-0.2393156642875578,0.970941817426052,507.95,159800.0,163700.0,168200.0,173520.0,184080.0,218800.0,276400.0,161750.0,5034.878350069644,165425.0,5153.29298327087,169883.33333333334,8117.818037920279,174087.6923076923,11627.654039470372,167600.0,155900.0,184080.0,155900.0,-2.4405506883604544,-7.3127229488703875,-15.30856149500217,-43.59623733719248,-7.087,-0.058143846576708125,-1.393,11.956976469393481,1.458,0,0,0.0,140324.03,934,2019,4
2019-12-16,Beans (white),152000.0,NGN,NGN/MT,WFP Nigeria Food Prices,retail,National,,,0.96,True,WFP VAM data — converted from NGN/2.5KG to NGN/MT (×400),Agricome,historical,False,,152000.0,306.92,232.16666666666663,144.225,11.1,11.6,1,0,0,0,0,0,0,0,0,1,0,1,1,1,1,0,0,0,0,1,-2.4492935982947064e-16,1.0,-0.1205366802553236,0.992708874098054,495.24,155900.0,159800.0,167600.0,170000.0,184080.0,208400.0,276400.0,157850.0,5034.878350069644,163175.0,6597.564485691471,167210.0,8297.844188801717,171918.46153846153,10135.572087382941,163700.0,152000.0,180560.0,152000.0,-2.5016035920461865,-9.307875894988072,-17.427205562798786,-45.00723589001447,-8.183,-0.06105290368573213,-1.434,11.931642378754141,1.458,0,0,0.0,136813.68,935,2019,4
2019-12-23,Beans (white),146640.0,NGN,NGN/MT,Interpolated,retail,National,,,0.69,False,Gap-filled by interpolation,Interpolated,historical,False,,146640.0,306.92,232.16666666666663,144.225,11.1,11.6,1,0,0,0,0,0,0,0,0,1,0,1,1,1,1,0,0,0,0,1,-2.4492935982947064e-16,1.0,6.432490598706546e-16,1.0,477.78,152000.0,155900.0,163700.0,169400.0,180560.0,198000.0,273040.0,153585.0,5619.3327005971105,160330.0,8234.06166047909,164383.33333333334,9077.53604266438,169943.07692307694,9849.96193667377,159800.0,146640.0,177040.0,146640.0,-3.5263157894736885,-10.421502748930966,-18.78599911386797,-46.29358335774978,-9.626,-1.024712197427502,-1.506,11.895742701912047,1.458,0,0,0.0,131989.2,936,2019,4
2019-12-30,Beans (white),141280.0,NGN,NGN/MT,Interpolated,retail,National,,,0.69,False,Gap-filled by interpolation,Interpolated,historical,False,,141280.0,306.92,232.16666666666663,144.225,11.1,11.6,1,0,0,0,0,0,0,0,0,1,0,1,1,1,1,0,0,0,0,1,-2.4492935982947064e-16,1.0,0.120536680255323,0.992708874098054,460.32,146640.0,152000.0,159800.0,168800.0,177040.0,187600.0,267280.0,148955.0,6371.025558469117,156890.0,9791.331443096577,161403.33333333334,10328.364592292599,168161.53846153847,10682.37415271243,155900.0,141280.0,173520.0,141280.0,-3.655210038188761,-11.589486858573217,-20.198825124265706,-47.14157437892846,-11.421,-0.12889424871507238,-1.571,11.858506093955432,1.458,0,0,0.0,127164.72,937,2019,4
2020-01-06,Beans (white),135920.0,NGN,NGN/MT,Interpolated,retail,National,,,0.69,False,Gap-filled by interpolation,Interpolated,historical,False,,135920.0,358.81,232.16666666666663,144.225,11.1,11.6,1,0,0,0,0,0,0,0,0,1,0,0,1,0,0,0,0,0,0,1,0.4999999999999999,0.8660254037844387,0.2393156642875577,0.970941817426052,378.81,141280.0,146640.0,155900.0,168200.0,173520.0,177200.0,261520.0,143960.0,6919.730245223922,152855.0,11036.732176820155,158270.0,11901.869982936101,166573.84615384616,12239.462431637376,152000.0,135920.0,170000.0,135920.0,-3.7938844847112074,-12.815907633098146,-21.668971876440757,-48.02691954726216,-13.576,-0.13867444652244654,-1.628,11.819829113587732,1.458,0,0,0.0,122340.23,938,2020,1
2020-01-13,Beans (white),130560.0,NGN,NGN/MT,Interpolated,retail,National,,,0.69,False,Gap-filled by interpolation,Interpolated,historical,False,,130560.0,358.81,236.5727272727273,144.32416666666666,11.1,11.6,1,0,0,0,0,0,0,0,0,1,0,0,1,0,0,0,0,0,0,1,0.4999999999999999,0.8660254037844387,0.3546048870425356,0.9350162426854148,363.87,135920.0,141280.0,152000.0,167600.0,170000.0,166800.0,255760.0,138600.0,6919.730245223922,148225.0,11715.819585988373,154983.33333333334,13680.858115910818,165180.0,14130.17197347856,146640.0,130560.0,169400.0,130560.0,-3.943496174220129,-14.105263157894733,-23.2,-48.952142633719106,-16.092,-0.14961168950892167,-1.677,11.779595829482327,1.478,0,0,0.0,117515.75,939,2020,1
2020-01-20,Beans (white),125200.0,NGN,NGN/MT,WFP Nigeria Food Prices,retail,National,,,0.96,True,WFP VAM data — converted from NGN/2.5KG to NGN/MT (×400),Agricome,historical,False,,125200.0,358.81,236.5727272727273,144.32416666666666,11.1,11.6,1,0,0,0,0,0,0,0,0,1,0,0,1,0,0,0,0,0,0,1,0.4999999999999999,0.8660254037844387,0.4647231720437685,0.8854560256532099,348.93,130560.0,135920.0,146640.0,163700.0,169400.0,166800.0,250000.0,133240.0,6919.730245223922,143412.5,12341.664335551697,151300.0,15300.707054363143,163580.0,16150.244580193827,141280.0,125200.0,168800.0,125200.0,-4.105392156862742,-14.620840152755044,-26.09208972845336,-49.919999999999995,-18.547,-0.1618959826426125,-1.718,11.737675724836684,1.478,0,0,0.0,112691.27,940,2020,1
2020-01-27,Beans (white),125200.0,NGN,NGN/MT,Interpolated,retail,National,,,0.69,False,Gap-filled by interpolation,Interpolated,historical,False,,125200.0,358.81,236.5727272727273,144.32416666666666,11.1,11.6,1,0,0,0,0,0,0,0,0,1,0,0,1,0,0,0,0,0,0,1,0.4999999999999999,0.8660254037844387,0.5680647467311558,0.8229838658936564,348.93,125200.0,130560.0,141280.0,159800.0,168800.0,166800.0,250000.0,129220.0,5131.809297573978,139087.5,11830.449514464186,147666.66666666666,15931.029375702512,161980.0,17795.343211078598,135920.0,125200.0,168200.0,125200.0,0.0,-11.381653454133634,-25.82938388625592,-49.919999999999995,-20.225,4.105392156862742,-1.64,11.737675724836684,1.478,0,0,0.0,112691.27,941,2020,1
2020-02-03,Beans (white),125200.0,NGN,NGN/MT,Interpolated,retail,National,,,0.69,False,Gap-filled by interpolation,Interpolated,historical,False,,125200.0,358.81,236.5727272727273,144.32416666666666,11.1,11.6,1,0,0,0,0,0,0,0,1,1,0,0,1,0,0,0,0,0,0,0,0.8660254037844386,0.5000000000000001,0.6631226582407952,0.7485107481711011,348.93,125200.0,125200.0,135920.0,155900.0,168200.0,166800.0,250000.0,126540.0,2680.0000000000136,135250.0,10502.435091784335,144083.33333333334,15727.29146959177,160380.0,19162.287963603987,130560.0,125200.0,167600.0,125200.0,0.0,-7.886992348440258,-25.564803804994053,-49.919999999999995,-21.1,0.0,-1.57,11.737675724836684,1.478,0,0,0.0,112691.27,942,2020,1
2020-02-10,Beans (white),125200.0,NGN,NGN/MT,Interpolated,retail,National,,,0.69,False,Gap-filled by interpolation,Interpolated,historical,False,,125200.0,358.81,229.79,143.97222222222223,11.1,11.6,1,0,0,0,0,0,0,0,1,1,0,0,1,0,0,0,0,0,0,0,0.8660254037844386,0.5000000000000001,0.7485107481711011,0.6631226582407953,348.93,125200.0,125200.0,130560.0,152000.0,167600.0,166800.0,250000.0,125200.0,0.0,131900.0,8474.90412925127,140550.0,14692.477976526083,158780.0,20307.326756618735,125200.0,125200.0,163700.0,125200.0,0.0,-4.105392156862742,-25.298329355608594,-49.919999999999995,-21.149,0.0,-1.505,11.737675724836684,1.447,0,0,0.0,112691.27,943,2020,1
2020-02-17,Beans (white),125200.0,NGN,NGN/MT,WFP Nigeria Food Prices,retail,National,,,0.96,True,WFP VAM data — converted from NGN/2.5KG to NGN/MT (×400),Agricome,historical,False,,125200.0,358.81,229.79,143.97222222222223,11.1,11.6,1,0,0,0,0,0,0,0,1,1,0,0,1,0,0,0,0,0,0,0,0.8660254037844386,0.5000000000000001,0.8229838658936564,0.5680647467311559,348.93,125200.0,125200.0,125200.0,146640.0,163700.0,166800.0,250000.0,125200.0,0.0,129220.0,6244.2110333149085,137341.66666666666,13316.896876676463,157180.0,21266.333957692008,125200.0,125200.0,159800.0,125200.0,0.0,0.0,-23.518631643249844,-49.919999999999995,-20.346,0.0,-1.446,11.737675724836684,1.447,0,0,0.0,112691.27,944,2020,1
2020-02-24,Beans (white),132400.0,NGN,NGN/MT,Interpolated,retail,National,,,0.69,False,Gap-filled by interpolation,Interpolated,historical,False,,132400.0,358.81,229.79,143.97222222222223,11.1,11.6,1,0,0,0,0,0,0,0,1,1,0,0,1,0,0,0,0,0,0,0,0.8660254037844386,0.5000000000000001,0.8854560256532099,0.4647231720437686,369.0,125200.0,125200.0,125200.0,141280.0,159800.0,172000.0,250000.0,127000.0,3600.0,128110.0,4271.888174031336,135058.33333333334,11314.580965463721,155656.92307692306,21578.254010784363,132400.0,125200.0,155900.0,125200.0,5.7507987220447365,5.7507987220447365,-17.146433041301623,-47.040000000000006,-18.41,5.7507987220447365,-1.236,11.793590475326612,1.447,0,0,0.0,119171.92,945,2020,1
2020-03-02,Beans (white),139600.0,NGN,NGN/MT,Interpolated,retail,National,,,0.69,False,Gap-filled by interpolation,Interpolated,historical,False,,139600.0,358.81,229.79,143.97222222222223,11.1,11.6,1,0,0,1,0,0,0,0,1,1,0,0,0,0,0,0,0,0,0,0,1.0,6.123233995736766e-17,0.9350162426854148,0.3546048870425355,389.06,132400.0,125200.0,125200.0,135920.0,155900.0,177200.0,250000.0,130600.0,6893.475175845634,128570.0,5305.985838115847,133700.0,9401.779328682702,154210.76923076922,21335.295999462993,139600.0,125200.0,152000.0,125200.0,5.438066465256797,11.501597444089452,-10.4554201411161,-44.16,-15.311,-0.3127322567879398,-1.035,11.846543632608535,1.447,1,3,0.0,125652.57,946,2020,1
2020-03-09,Beans (white),146800.0,NGN,NGN/MT,Interpolated,retail,National,,,0.69,False,Gap-filled by interpolation,Interpolated,historical,False,,146800.0,358.81,230.77272727272728,132.113,11.1,11.6,1,0,0,1,0,0,0,0,1,1,0,0,0,0,0,0,0,0,0,0,1.0,6.123233995736766e-17,0.970941817426052,0.239315664287558,409.13,139600.0,132400.0,125200.0,130560.0,152000.0,182400.0,250000.0,136000.0,9295.160030897801,130600.0,8387.746164154345,133266.66666666666,8564.167776074933,152841.53846153847,20582.918683669443,146800.0,125200.0,146800.0,125200.0,5.157593123209159,17.252396166134186,-3.421052631578947,-41.279999999999994,-11.019,-0.28047334204763796,-0.838,11.896833207128452,1.415,1,3,0.0,132133.21,947,2020,1
2020-03-16,Beans (white),154000.0,NGN,NGN/MT,WFP Nigeria Food Prices,retail,National,,,0.96,True,WFP VAM data — converted from NGN/2.5KG to NGN/MT (×400),Agricome,historical,False,,154000.0,358.81,230.77272727272728,132.113,11.1,11.6,1,0,0,1,0,0,0,0,1,1,0,0,0,0,0,0,0,0,0,0,1.0,6.123233995736766e-17,0.992708874098054,0.120536680255323,429.2,146800.0,139600.0,125200.0,125200.0,146640.0,184080.0,250000.0,143200.0,9295.160030897801,134200.0,11384.199576606174,133880.0,9785.451167179031,151684.61538461538,19577.65445211049,154000.0,132400.0,154000.0,125200.0,4.904632152588562,23.003194888178925,5.019094380796507,-38.4,-5.594,-0.2529609706205971,-0.641,11.944714374881176,1.415,1,3,0.0,138613.86,948,2020,1
2020-03-23,Beans (white),155520.0,NGN,NGN/MT,Interpolated,retail,National,,,0.69,False,Gap-filled by interpolation,Interpolated,historical,False,,155520.0,358.81,230.77272727272728,132.113,11.1,11.6,1,0,0,1,0,0,0,0,1,1,0,0,0,0,0,0,0,0,0,0,1.0,6.123233995736766e-17,1.0,-1.6081226496766364e-16,433.43,154000.0,146800.0,132400.0,125200.0,141280.0,184080.0,252400.0,148980.0,7319.1256308387,137990.0,12905.312305957026,135066.66666666666,11480.96078757576,150586.15384615384,18456.425456070127,155520.0,139600.0,155520.0,125200.0,0.9870129870129807,17.46223564954683,10.079275198187986,-38.383518225039616,-1.067,-3.917619165575581,-0.575,11.954536049714745,1.415,1,3,0.0,139982.0,949,2020,1
2020-03-30,Beans (white),157040.0,NGN,NGN/MT,Interpolated,retail,National,,,0.69,False,Gap-filled by interpolation,Interpolated,historical,False,,157040.0,358.81,230.77272727272728,132.113,11.1,11.6,1,0,0,1,0,0,0,0,1,1,0,0,0,0,0,0,0,0,0,0,1.0,6.123233995736766e-17,0.992708874098054,-0.1205366802553228,437.67,155520.0,154000.0,139600.0,125200.0,135920.0,180560.0,254800.0,153340.0,4533.196076353494,141970.0,13301.046145752169,136826.66666666666,13124.80325970082,149681.53846153847,17479.056197019076,157040.0,146800.0,157040.0,125200.0,0.977366255144041,12.492836676217767,15.538552089464396,-38.36734693877551,2.444,-0.009646731868939717,-0.509,11.964262196734449,1.415,1,3,0.0,141350.14,950,2020,1
2020-04-06,Beans (white),158560.0,NGN,NGN/MT,Interpolated,retail,National,,,0.69,False,Gap-filled by interpolation,Interpolated,historical,False,,158560.0,358.81,230.77272727272728,132.113,11.1,11.6,0,1,1,1,0,0,0,0,1,0,0,0,0,0,0,0,0,0,0,0,0.8660254037844387,-0.4999999999999998,0.970941817426052,-0.2393156642875575,441.91,157040.0,155520.0,146800.0,125200.0,130560.0,177040.0,257200.0,156280.0,1962.3115620784358,146140.0,12497.478602845114,139160.0,14341.92328929972,148970.76923076922,16679.498535169016,158560.0,154000.0,158560.0,125200.0,0.9679062659195159,8.010899182561303,21.44607843137254,-38.35147744945567,4.906,-0.009459989224525067,-0.44,11.973894656304775,1.415,1,3,0.333,142718.27,951,2020,2
2020-04-13,Beans (white),160080.0,NGN,NGN/MT,Interpolated,retail,National,,,0.69,False,Gap-filled by interpolation,Interpolated,historical,False,,160080.0,358.81,226.692,125.355,11.1,11.6,0,1,1,1,0,0,0,0,1,0,0,0,0,0,0,0,0,0,0,0,0.8660254037844387,-0.4999999999999998,0.9350162426854148,-0.3546048870425354,446.14,158560.0,157040.0,154000.0,125200.0,125200.0,173520.0,257680.0,157800.0,1962.3115620784358,150500.0,9979.063798058127,142066.66666666666,14783.217347766727,148453.84615384616,16085.949913370825,160080.0,155520.0,160080.0,125200.0,0.9586276488395606,3.948051948051945,27.859424920127807,-37.87643588947531,6.296,-0.009278617079955254,-0.368,11.983435216114666,1.376,1,3,0.333,144086.41,952,2020,2
2020-04-20,Beans (white),161600.0,NGN,NGN/MT,WFP Nigeria Food Prices,retail,National,,,0.96,True,WFP VAM data — converted from NGN/2.5KG to NGN/MT (×400),Agricome,historical,False,,161600.0,358.81,226.692,125.355,11.1,11.6,0,1,1,1,0,0,0,0,1,0,0,0,0,0,0,0,0,0,0,0,0.8660254037844387,-0.4999999999999998,0.8854560256532099,-0.4647231720437685,450.38,160080.0,158560.0,155520.0,132400.0,125200.0,170000.0,257680.0,159320.0,1962.3115620784358,154150.0,7426.708557631704,145100.0,14742.122703938525,148130.76923076922,15715.998707836095,161600.0,157040.0,161600.0,125200.0,0.949525237381299,3.9094650205761416,29.073482428115007,-37.28655696988513,7.554,-0.009102411458261628,-0.291,11.992885613168797,1.376,1,3,0.333,145454.55,953,2020,2
2020-04-27,Beans (white),163200.0,NGN,NGN/MT,Interpolated,retail,National,,,0.69,False,Gap-filled by interpolation,Interpolated,historical,False,,163200.0,358.81,226.692,125.355,11.1,11.6,0,1,1,1,0,0,0,0,1,0,0,0,0,0,0,0,0,1,0,0,0.8660254037844387,-0.4999999999999998,0.8229838658936565,-0.5680647467311557,454.84,161600.0,160080.0,157040.0,139600.0,125200.0,169400.0,255760.0,160860.0,1993.4559605536087,157100.0,5164.05156552765,148266.66666666666,14148.236853417673,147892.3076923077,15424.705457856533,163200.0,158560.0,163200.0,125200.0,0.990099009900991,3.922567498726437,30.351437699680517,-36.190178292148886,8.768,0.040573772519691964,-0.206,12.002737848944351,1.376,1,3,0.333,146894.69,954,2020,2
2020-05-04,Beans (white),164800.0,NGN,NGN/MT,Interpolated,retail,National,,,0.69,False,Gap-filled by interpolation,Interpolated,historical,False,,164800.0,358.81,226.692,125.355,11.1,11.6,0,1,1,1,0,0,0,0,1,0,1,0,0,0,0,0,0,1,0,0,0.4999999999999999,-0.8660254037844387,0.7485107481711013,-0.663122658240795,459.3,163200.0,161600.0,158560.0,146800.0,125200.0,168800.0,253840.0,162420.0,2034.7645236406904,159350.0,3767.757954009252,151566.66666666666,12836.378229874974,147738.46153846153,15226.505230634912,164800.0,160080.0,164800.0,125200.0,0.9803921568627416,3.9354187689202735,31.629392971246006,-35.0772139930665,9.938,-0.009706853038249363,-0.111,12.012493964400264,1.376,1,3,0.333,148334.83,955,2020,2
2020-05-11,Beans (white),166400.0,NGN,NGN/MT,Interpolated,retail,National,,,0.69,False,Gap-filled by interpolation,Interpolated,historical,False,,166400.0,358.81,220.14555555555555,124.92125,11.1,11.6,0,1,1,1,0,0,0,0,1,0,1,0,0,0,0,0,0,1,0,0,0.4999999999999999,-0.8660254037844387,0.6631226582407952,-0.7485107481711012,463.76,164800.0,163200.0,160080.0,154000.0,125200.0,168200.0,251920.0,164000.0,2065.5911179773034,160900.0,3802.856069550132,155000.0,10426.679066866916,147669.23076923078,15133.559243770324,166400.0,161600.0,166400.0,132400.0,0.9708737864077666,3.948025987006498,32.907348242811494,-33.94728485233407,11.059,-0.009518370454975056,-0.002,12.022155816966572,1.346,1,3,0.333,149774.98,956,2020,2
2020-05-18,Beans (white),168000.0,NGN,NGN/MT,WFP Nigeria Food Prices,retail,National,,,0.96,True,WFP VAM data — converted from NGN/2.5KG to NGN/MT (×400),Agricome,historical,False,,168000.0,358.81,220.14555555555555,124.92125,11.1,11.6,0,1,1,1,0,0,0,0,1,0,1,0,0,0,0,0,0,1,0,0,0.4999999999999999,-0.8660254037844387,0.5680647467311558,-0.8229838658936564,468.21,166400.0,164800.0,161600.0,155520.0,132400.0,167600.0,250000.0,165600.0,2065.5911179773034,162460.0,3840.1785672767137,157966.66666666666,8248.959530337115,147684.61538461538,15154.819492367591,168000.0,163200.0,168000.0,139600.0,0.9615384615384581,3.960396039603964,26.88821752265862,-32.8,12.131,-0.009335324869308437,0.125,12.031725210748633,1.346,1,3,0.333,151215.12,957,2020,2
2020-05-25,Beans (white),174100.0,NGN,NGN/MT,Interpolated,retail,National,,,0.69,False,Gap-filled by interpolation,Interpolated,historical,False,,174100.0,358.81,220.14555555555555,124.92125,11.1,11.6,0,1,1,1,0,0,0,0,1,0,1,0,0,0,0,0,0,0,0,0,0.4999999999999999,-0.8660254037844387,0.464723172043769,-0.8854560256532096,485.22,168000.0,166400.0,163200.0,157040.0,139600.0,163700.0,239600.0,168325.0,4065.607785641247,164592.5,4970.79398659237,160841.66666666666,7212.748603968556,148084.61538461538,15721.111724246615,174100.0,164800.0,174100.0,146800.0,3.6309523809523903,6.678921568627461,24.7134670487106,-27.33722871452421,13.668,2.669413919413932,0.464,12.067390869565173,1.346,1,3,0.333,156705.67,958,2020,2
2020-06-01,Beans (white),180200.0,NGN,NGN/MT,Interpolated,retail,National,,,0.69,False,Gap-filled by interpolation,Interpolated,historical,False,,180200.0,358.81,220.14555555555555,124.92125,12.6,13.5,0,1,1,0,0,0,0,1,0,0,1,0,0,0,0,0,0,0,1,0,1.2246467991473532e-16,-1.0,0.3546048870425358,-0.9350162426854148,502.22,174100.0,168000.0,164800.0,158560.0,146800.0,159800.0,229200.0,172175.0,6295.170106253422,167297.5,6778.4147957215755,163625.0,7727.604003581781,148869.23076923078,16801.16113203803,180200.0,166400.0,180200.0,154000.0,3.503733486502014,9.344660194174747,22.752043596730243,-21.378708551483417,15.655,-0.12721889445037604,0.845,12.101828173530544,1.346,1,3,0.667,160035.52,959,2020,2
2020-06-08,Beans (white),186300.0,NGN,NGN/MT,Interpolated,retail,National,,,0.69,False,Gap-filled by interpolation,Interpolated,historical,False,,186300.0,358.81,220.14555555555555,124.92125,12.6,13.5,0,1,1,0,0,0,0,1,0,0,1,0,0,0,0,0,0,0,1,0,1.2246467991473532e-16,-1.0,0.2393156642875576,-0.970941817426052,519.22,180200.0,174100.0,166400.0,160080.0,154000.0,155900.0,218800.0,177150.0,7875.066137288418,170575.0,8821.200112715473,166316.66666666666,9493.771482899096,150038.46153846153,18300.88690579095,186300.0,168000.0,186300.0,155520.0,3.385127635960039,11.959134615384626,20.974025974025977,-14.85374771480804,18.07,-0.11860585054197514,1.247,12.135118924261802,1.346,1,3,0.667,165452.93,960,2020,2
2020-06-15,Beans (white),192400.0,NGN,NGN/MT,WFP Nigeria Food Prices,retail,National,,,0.96,True,WFP VAM data — converted from NGN/2.5KG to NGN/MT (×400),Agricome,historical,False,,192400.0,358.81,216.856,124.09,12.6,13.5,0,1,1,0,0,0,0,1,0,0,1,0,0,0,0,0,0,0,1,0,1.2246467991473532e-16,-1.0,0.120536680255323,-0.992708874098054,536.22,186300.0,180200.0,168000.0,161600.0,155520.0,152000.0,208400.0,183250.0,7875.066137288418,174425.0,10835.75430824137,169390.0,11449.003132460295,151592.3076923077,20100.685024685765,192400.0,174100.0,192400.0,157040.0,3.2742887815351507,14.523809523809517,23.713991769547317,-7.677543186180424,20.883,-0.11083885442488839,1.629,12.167337014705433,1.329,1,3,0.667,170870.34,961,2020,2
2020-06-22,Beans (white),201840.0,NGN,NGN/MT,Interpolated,retail,National,,,0.69,False,Gap-filled by interpolation,Interpolated,historical,False,,201840.0,358.81,216.856,124.09,12.6,13.5,0,1,1,0,0,0,0,1,0,0,1,0,0,0,0,0,0,0,1,0,1.2246467991473532e-16,-1.0,-3.216245299353273e-16,-1.0,562.53,192400.0,186300.0,174100.0,163200.0,157040.0,146640.0,198000.0,190185.0,9229.277689324703,179255.0,13420.90799568239,173123.33333333334,14061.886161680359,153715.38461538462,22346.408969815267,201840.0,180200.0,201840.0,158560.0,4.906444906444896,15.933371625502591,28.527763627101365,1.9393939393939297,23.725,1.632156124909745,2.11,12.215235537722009,1.329,1,3,0.667,179254.0,962,2020,2
2020-06-29,Beans (white),211280.0,NGN,NGN/MT,Interpolated,retail,National,,,0.69,False,Gap-filled by interpolation,Interpolated,historical,False,,211280.0,358.81,216.856,124.09,12.6,13.5,0,1,1,0,0,0,0,1,0,0,1,0,0,0,0,0,0,0,1,0,1.2246467991473532e-16,-1.0,-0.1205366802553228,-0.992708874098054,588.84,201840.0,192400.0,180200.0,164800.0,158560.0,141280.0,187600.0,197955.0,10944.494810938815,185065.0,16068.826074999115,177516.66666666666,17022.250323045537,156407.6923076923,24863.33401741655,211280.0,186300.0,211280.0,160080.0,4.676971858898127,17.24750277469478,33.24924318869829,12.622601279317692,26.563,-0.22947304754676878,2.468,12.260944280015474,1.329,1,3,0.667,187637.66,963,2020,2
2020-07-06,Beans (white),220720.0,NGN,NGN/MT,Interpolated,retail,National,,,0.69,False,Gap-filled by interpolation,Interpolated,historical,False,,220720.0,358.81,216.856,124.09,12.6,13.5,0,1,1,0,0,0,1,1,0,0,1,0,0,0,0,0,0,0,1,0,-0.4999999999999997,-0.8660254037844388,-0.2393156642875574,-0.970941817426052,615.14,211280.0,201840.0,186300.0,166400.0,160080.0,135920.0,177200.0,206560.0,12186.987596066005,191855.0,18367.3398027197,182570.0,20098.357237251617,159669.23076923078,27491.368379633223,220720.0,192400.0,220720.0,161600.0,4.468004543733439,18.47557702630167,37.88105947026488,24.559819413092555,29.367,-0.20896731516468758,2.697,12.304654739507944,1.329,1,3,0.667,196021.31,964,2020,3
2020-07-13,Beans (white),230160.0,NGN,NGN/MT,Interpolated,retail,National,,,0.69,False,Gap-filled by interpolation,Interpolated,historical,False,,230160.0,358.81,217.8825,137.41916666666663,12.6,13.5,0,1,1,0,0,0,1,1,0,0,1,0,0,0,0,0,0,0,1,0,-0.4999999999999997,-0.8660254037844388,-0.3546048870425356,-0.9350162426854148,641.45,220720.0,211280.0,192400.0,168000.0,161600.0,130560.0,166800.0,216000.0,12186.987596066005,199625.0,19916.766088614175,188283.33333333334,23113.838174378117,163500.0,30089.493182838407,230160.0,201840.0,230160.0,163200.0,4.2769119246103715,19.62577962577963,42.42574257425742,37.98561151079136,32.11,-0.19109261912306774,2.826,12.346534343019606,1.375,1,3,0.667,204404.97,965,2020,3
2020-07-20,Beans (white),239600.0,NGN,NGN/MT,WFP Nigeria Food Prices,retail,National,,,0.96,True,WFP VAM data — converted from NGN/2.5KG to NGN/MT (×400),Agricome,historical,False,,239600.0,358.81,217.8825,137.41916666666663,12.6,13.5,0,1,1,0,0,0,1,1,0,0,1,0,0,0,0,0,0,0,1,0,-0.4999999999999997,-0.8660254037844388,-0.464723172043768,-0.8854560256532101,667.76,230160.0,220720.0,201840.0,174100.0,163200.0,125200.0,166800.0,225440.0,12186.987596066005,207812.5,21337.213467822563,194650.0,25927.447723491274,167900.0,32530.2320926254,239600.0,211280.0,239600.0,164800.0,4.1014946124435125,18.707887435592554,46.81372549019607,43.64508393285371,34.27,-0.17541731216685896,2.894,12.386730318837426,1.375,1,3,0.667,212788.63,966,2020,3
2020-07-27,Beans (white),242200.0,NGN,NGN/MT,Interpolated,retail,National,,,0.69,False,Gap-filled by interpolation,Interpolated,historical,False,,242200.0,358.81,217.8825,137.41916666666663,12.6,13.5,0,1,1,0,0,0,1,1,0,0,1,0,0,0,0,0,0,0,1,0,-0.4999999999999997,-0.8660254037844388,-0.5680647467311556,-0.8229838658936565,675.01,239600.0,230160.0,211280.0,180200.0,164800.0,125200.0,166800.0,233170.0,9780.05453290863,215562.5,21133.881902899764,201100.0,27411.5237876968,172400.0,34424.46804236881,242200.0,220720.0,242200.0,166400.0,1.085141903171949,14.634608102991287,46.966019417475735,45.203836930455644,35.249,-3.0163527092715636,2.714,12.397523238911763,1.375,1,3,0.667,215097.69,967,2020,3
2020-08-03,Beans (white),244800.0,NGN,NGN/MT,Interpolated,retail,National,,,0.69,False,Gap-filled by interpolation,Interpolated,historical,False,,244800.0,358.81,217.8825,137.41916666666663,12.6,13.5,0,1,0,0,1,0,1,1,0,0,1,0,0,0,0,1,0,0,1,0,-0.8660254037844384,-0.5000000000000004,-0.663122658240795,-0.7485107481711013,682.26,242200.0,239600.0,220720.0,186300.0,166400.0,125200.0,166800.0,239190.0,6383.342906868364,222875.0,19629.580448176384,207633.33333333334,27730.348761313428,177000.0,35827.2856912168,244800.0,230160.0,244800.0,168000.0,1.073492981007429,10.909749909387468,47.11538461538463,46.76258992805755,35.136,-0.01164892216451996,2.566,12.408200914579284,1.375,1,3,0.333,217406.75,968,2020,3
2020-08-10,Beans (white),247400.0,NGN,NGN/MT,Interpolated,retail,National,,,0.69,False,Gap-filled by interpolation,Interpolated,historical,False,,247400.0,358.81,196.12625,146.58375,12.6,13.5,0,1,0,0,1,0,1,1,0,0,1,0,0,0,0,1,0,0,1,0,-0.8660254037844384,-0.5000000000000004,-0.7485107481711011,-0.6631226582407952,689.5,244800.0,242200.0,230160.0,192400.0,168000.0,125200.0,166800.0,243500.0,3356.585566713092,229750.0,16868.686120399878,214250.0,26873.302060524715,181700.0,36763.264272913315,247400.0,239600.0,247400.0,174100.0,1.06209150326797,7.490441432047268,47.26190476190477,48.32134292565948,34.012,-0.011401477739458876,2.442,12.418765780969542,1.308,1,3,0.333,219715.81,969,2020,3
2020-08-17,Beans (white),250000.0,NGN,NGN/MT,WFP Nigeria Food Prices,retail,National,,,0.96,True,WFP VAM data — converted from NGN/2.5KG to NGN/MT (×400),Agricome,historical,False,,250000.0,358.81,196.12625,146.58375,12.6,13.5,0,1,0,0,1,0,1,1,0,0,1,0,0,0,0,1,0,0,1,0,-0.8660254037844384,-0.5000000000000004,-0.8229838658936564,-0.5680647467311559,696.75,247400.0,244800.0,239600.0,201840.0,174100.0,125200.0,166800.0,246100.0,3356.585566713092,235770.0,13799.788818259916,220575.0,25459.21961954462,186500.0,37235.48844852261,250000.0,242200.0,250000.0,180200.0,1.0509296685529579,4.340567612687818,43.59563469270533,49.88009592326139,31.957,-0.011161834715012198,2.335,12.429220196836383,1.308,1,3,0.333,222024.87,970,2020,3
2020-08-24,Beans (white),250000.0,NGN,NGN/MT,Interpolated,retail,National,,,0.69,False,Gap-filled by interpolation,Interpolated,historical,False,,250000.0,358.81,196.12625,146.58375,12.6,13.5,0,1,0,0,1,0,1,1,0,0,1,0,0,0,0,1,0,0,1,0,-0.8660254037844384,-0.5000000000000004,-0.8854560256532096,-0.4647231720437691,696.75,250000.0,247400.0,242200.0,211280.0,180200.0,132400.0,172000.0,248050.0,2489.310480166475,240610.0,10339.709860532841,226391.66666666666,23276.16253646824,191023.07692307694,37542.27811619725,250000.0,244800.0,250000.0,186300.0,0.0,3.220478943022287,38.73473917869035,45.34883720930232,29.853,-1.0509296685529579,2.179,12.429220196836383,1.308,1,3,0.333,222024.87,971,2020,3
2020-08-31,Beans (white),250000.0,NGN,NGN/MT,Interpolated,retail,National,,,0.69,False,Gap-filled by interpolation,Interpolated,historical,False,,250000.0,358.81,196.12625,146.58375,12.6,13.5,0,1,0,0,1,0,1,1,0,0,1,0,0,0,0,1,0,0,1,0,-0.8660254037844384,-0.5000000000000004,-0.9350162426854148,-0.3546048870425359,696.75,250000.0,250000.0,244800.0,220720.0,186300.0,139600.0,177200.0,249350.0,1299.9999999999873,244270.0,6905.095427084471,231700.0,20385.930977466538,195269.23076923078,37736.31427928102,250000.0,247400.0,250000.0,192400.0,0.0,2.12418300653594,34.19216317767042,41.08352144469527,27.695,0.0,2.048,12.429220196836383,1.308,1,3,0.333,222024.87,972,2020,3
2020-09-07,Beans (white),250000.0,NGN,NGN/MT,Interpolated,retail,National,,,0.69,False,Gap-filled by interpolation,Interpolated,historical,False,,250000.0,358.81,196.12625,146.58375,12.6,13.5,0,1,0,0,1,1,0,0,0,0,0,0,0,0,0,1,0,0,0,0,-1.0,-1.8369701987210294e-16,-0.970941817426052,-0.2393156642875577,696.75,250000.0,250000.0,247400.0,230160.0,192400.0,146800.0,182400.0,250000.0,0.0,246750.0,4110.960958218894,236500.0,16747.77597174772,199238.46153846153,37861.48519985067,250000.0,250000.0,250000.0,201840.0,0.0,1.0509296685529579,29.93762993762994,37.06140350877194,25.478,0.0,1.936,12.429220196836383,1.308,1,3,0.333,222024.87,973,2020,3
2020-09-14,Beans (white),250000.0,NGN,NGN/MT,Interpolated,retail,National,,,0.69,False,Gap-filled by interpolation,Interpolated,historical,False,,250000.0,358.81,214.01545454545456,157.59300000000002,12.6,13.5,0,1,0,0,1,1,0,0,0,0,0,0,0,0,0,1,0,0,0,0,-1.0,-1.8369701987210294e-16,-0.992708874098054,-0.1205366802553235,696.75,250000.0,250000.0,250000.0,239600.0,201840.0,154000.0,184080.0,250000.0,0.0,248050.0,3028.9083370557305,240513.33333333334,13048.929829561584,202930.76923076922,37954.212090157554,250000.0,250000.0,250000.0,211280.0,0.0,0.0,23.860483551327793,35.810517166449365,23.195,0.0,1.838,12.429220196836383,1.42,1,3,0.333,222024.87,974,2020,3
2020-09-21,Beans (white),250000.0,NGN,NGN/MT,WFP Nigeria Food Prices,retail,National,,,0.96,True,WFP VAM data — converted from NGN/2.5KG to NGN/MT (×400),Agricome,historical,False,,250000.0,358.81,214.01545454545456,157.59300000000002,12.6,13.5,0,1,0,0,1,1,0,0,0,0,0,0,0,0,0,1,0,0,0,0,-1.0,-1.8369701987210294e-16,-1.0,-1.8369701987210294e-16,696.75,250000.0,250000.0,250000.0,242200.0,211280.0,155520.0,184080.0,250000.0,0.0,249025.0,1934.4619037713946,243740.0,9455.603437300579,206564.61538461538,37755.773622668596,250000.0,250000.0,250000.0,220720.0,0.0,0.0,18.32639151836426,35.810517166449365,21.028,0.0,1.751,12.429220196836383,1.42,1,3,0.333,222024.87,975,2020,3
2020-09-28,Beans (white),230000.0,NGN,NGN/MT,Interpolated,retail,National,,,0.69,False,Gap-filled by interpolation,Interpolated,historical,False,,230000.0,358.81,214.01545454545456,157.59300000000002,12.6,13.5,0,1,0,0,1,1,0,0,0,0,0,0,0,0,0,1,0,0,0,0,-1.0,-1.8369701987210294e-16,-0.992708874098054,0.1205366802553232,641.01,250000.0,250000.0,250000.0,244800.0,220720.0,157040.0,180560.0,245000.0,10000.0,247175.0,6999.132599319512,244513.33333333334,7598.9441052692355,209370.76923076922,36621.98999760467,250000.0,230000.0,250000.0,230000.0,-7.9999999999999964,-7.9999999999999964,4.204421891989862,27.381479840496237,17.017,-7.9999999999999964,1.219,12.345838935721968,1.42,1,3,0.333,204262.88,976,2020,3
2020-10-05,Beans (white),210000.0,NGN,NGN/MT,Interpolated,retail,National,,,0.69,False,Gap-filled by interpolation,Interpolated,historical,False,,210000.0,358.81,214.01545454545456,157.59300000000002,12.6,13.5,0,1,0,0,0,1,0,0,0,1,0,1,0,1,1,1,1,0,0,0,-0.8660254037844386,0.5000000000000001,-0.970941817426052,0.2393156642875573,585.27,230000.0,250000.0,250000.0,247400.0,230160.0,158560.0,177040.0,235000.0,19148.542155126765,242500.0,14880.476182856897,242833.33333333334,12009.339799676589,211349.23076923078,35126.14034283663,250000.0,210000.0,250000.0,210000.0,-8.695652173913048,-16.000000000000004,-8.75912408759124,18.617261635788516,11.19,-0.6956521739130519,0.717,12.25486757159303,1.42,0,0,0.333,186500.89,977,2020,4
2020-10-12,Beans (white),190000.0,NGN,NGN/MT,Interpolated,retail,National,,,0.69,False,Gap-filled by interpolation,Interpolated,historical,False,,190000.0,358.81,194.20625,159.38222222222225,12.6,13.5,0,1,0,0,0,1,0,0,0,1,0,1,0,1,1,1,1,0,0,0,-0.8660254037844386,0.5000000000000001,-0.9350162426854148,0.3546048870425355,529.53,210000.0,230000.0,250000.0,250000.0,239600.0,160080.0,173520.0,220000.0,25819.888974716116,235000.0,23299.294900428697,238700.0,19452.41279729112,212500.0,33846.10346849455,250000.0,190000.0,250000.0,190000.0,-9.523809523809524,-24.0,-20.701168614357258,9.497464269248512,3.529,-0.8281573498964754,0.229,12.154784614286667,1.34,0,0,0.333,168738.9,978,2020,4
2020-10-19,Beans (white),190000.0,NGN,NGN/MT,WFP Nigeria Food Prices,retail,National,,,0.96,True,WFP VAM data — converted from NGN/2.5KG to NGN/MT (×400),Agricome,historical,False,,170000.0,358.81,194.20625,159.38222222222225,12.6,13.5,0,1,0,0,0,1,0,0,0,1,0,1,0,1,1,1,1,0,0,0,-0.8660254037844386,0.5000000000000001,-0.8854560256532101,0.464723172043768,529.53,190000.0,210000.0,250000.0,250000.0,242200.0,161600.0,170000.0,205000.0,19148.542155126765,227500.0,27124.05363721075,234350.0,23921.709425081463,213592.3076923077,32572.00421315177,230000.0,190000.0,250000.0,190000.0,0.0,-24.0,-21.552436003303054,11.764705882352944,-4.023,9.523809523809524,0.219,12.154784614286667,1.34,0,0,0.333,168738.9,979,2020,4
2020-10-26,Beans (white),191700.0,NGN,NGN/MT,Interpolated,retail,National,,,0.69,False,Gap-filled by interpolation,Interpolated,historical,False,,191700.0,358.81,194.20625,159.38222222222225,12.6,13.5,0,1,0,0,0,1,0,0,0,1,0,1,0,1,1,1,1,0,0,0,-0.8660254037844386,0.5000000000000001,-0.822983865893657,0.5680647467311548,534.27,190000.0,190000.0,230000.0,250000.0,244800.0,163200.0,169400.0,195425.0,9749.65811366395,220212.5,28031.942876450277,229925.0,26576.78840300364,214688.46153846153,31261.49998862017,210000.0,190000.0,250000.0,190000.0,0.8947368421052593,-16.652173913043477,-21.691176470588236,13.164108618654069,-8.973,0.8947368421052593,0.25,12.16369214550422,1.34,0,0,0.333,170248.67,980,2020,4
2020-11-02,Beans (white),213400.0,NGN,NGN/MT,Interpolated,retail,National,,,0.69,False,Gap-filled by interpolation,Interpolated,historical,False,,213400.0,358.81,194.20625,159.38222222222225,12.6,13.5,1,0,0,0,0,1,0,0,0,1,0,1,1,1,1,0,1,0,0,0,-0.5000000000000004,0.8660254037844384,-0.7485107481711011,0.6631226582407952,594.74,191700.0,190000.0,210000.0,250000.0,247400.0,164800.0,168800.0,196275.0,11444.758625676646,215637.5,25332.64057636765,227091.66666666666,26355.867324451458,216557.6923076923,29566.191138893326,213400.0,190000.0,250000.0,190000.0,11.319770474700054,1.6190476190476089,-13.742926434923197,26.421800947867304,-9.366,10.425033632594793,0.747,12.270928303874424,1.34,0,0,0.333,189520.43,981,2020,4
2020-11-09,Beans (white),235100.0,NGN,NGN/MT,Interpolated,retail,National,,,0.69,False,Gap-filled by interpolation,Interpolated,historical,False,,235100.0,358.81,198.351,165.82076923076923,12.6,13.5,1,0,0,0,0,1,0,0,0,1,0,1,1,1,1,0,1,0,0,0,-0.5000000000000004,0.8660254037844384,-0.6631226582407955,0.7485107481711007,655.22,213400.0,191700.0,190000.0,250000.0,250000.0,166400.0,168200.0,207550.0,21232.44372809373,213775.0,22873.737279746336,225850.0,25516.10899376437,219200.0,27928.829549410653,235100.0,190000.0,250000.0,190000.0,10.168697282099348,23.736842105263168,-5.959999999999999,39.77407847800238,-5.315,-1.1510731926007054,1.218,12.36777048802826,1.378,0,0,0.333,208792.18,982,2020,4
2020-11-16,Beans (white),254160.0,NGN,NGN/MT,WFP Nigeria Food Prices,retail,National,,,0.96,True,WFP VAM data — converted from NGN/2.5KG to NGN/MT (×400),Agricome,historical,False,,256800.0,358.81,198.351,165.82076923076923,12.6,13.5,1,0,0,0,0,1,0,0,0,1,0,1,1,1,1,0,1,0,0,0,-0.5000000000000004,0.8660254037844384,-0.5680647467311559,0.8229838658936564,708.34,235100.0,213400.0,190000.0,250000.0,250000.0,168000.0,167600.0,223590.0,27005.019286544986,214295.0,23841.70835202162,226196.66666666666,25899.42341700252,222513.84615384616,26695.11462075815,254160.0,191700.0,254160.0,190000.0,8.107188430455125,33.76842105263158,1.6639999999999988,51.646778042959426,0.484,-2.0615088516442235,1.589,12.445723203465088,1.378,0,0,0.333,225719.36,983,2020,4
2020-11-23,Beans (white),254160.0,NGN,NGN/MT,Interpolated,retail,National,,,0.69,False,Gap-filled by interpolation,Interpolated,historical,False,,254160.0,358.81,198.351,165.82076923076923,12.6,13.5,1,0,0,0,0,1,0,0,0,1,0,1,1,1,1,0,1,0,0,0,-0.5000000000000004,0.8660254037844384,-0.4647231720437684,0.88545602565321,708.34,254160.0,235100.0,191700.0,230000.0,250000.0,174100.0,163700.0,239205.0,19408.35816514799,217315.0,27382.469365844794,226543.33333333334,26272.15717112106,225593.07692307694,25476.87889349625,254160.0,213400.0,254160.0,190000.0,0.0,32.58215962441315,1.6639999999999988,55.25962125839952,6.034,-8.107188430455125,1.517,12.445723203465088,1.378,0,0,0.333,225719.36,984,2020,4
2020-11-30,Beans (white),251520.0,NGN,NGN/MT,Interpolated,retail,National,,,0.69,False,Gap-filled by interpolation,Interpolated,historical,False,,251520.0,358.81,198.351,165.82076923076923,12.6,13.5,1,0,0,0,0,1,0,0,0,1,0,1,1,1,1,0,1,0,0,0,-0.5000000000000004,0.8660254037844384,-0.3546048870425359,0.9350162426854148,700.98,254160.0,254160.0,213400.0,210000.0,250000.0,180200.0,159800.0,248735.0,9174.797000479088,222505.0,29639.696836699066,226670.0,26398.88909508108,228336.15384615384,24201.50542043637,254160.0,235100.0,254160.0,190000.0,-1.0387157695939564,17.863167760074973,0.6080000000000085,57.39674593241553,8.934,-1.0387157695939564,1.395,12.435281764042047,1.378,0,0,0.333,223374.78,985,2020,4
2020-12-07,Beans (white),248880.0,NGN,NGN/MT,Interpolated,retail,National,,,0.69,False,Gap-filled by interpolation,Interpolated,historical,False,,248880.0,358.81,198.351,165.82076923076923,12.6,13.5,1,0,0,0,0,0,0,0,0,1,0,1,1,1,1,0,0,0,0,1,-2.4492935982947064e-16,1.0,-0.2393156642875578,0.970941817426052,693.63,251520.0,254160.0,235100.0,190000.0,250000.0,186300.0,155900.0,252180.0,2527.6075644767484,229865.0,27659.382804807075,226576.66666666666,26310.740058464482,230743.07692307694,22932.254798729904,254160.0,248880.0,254160.0,190000.0,-1.0496183206106902,5.861335601871542,-0.44800000000000395,59.6407953816549,9.29,-0.010902551016733764,1.282,12.42473014956409,1.378,0,0,0.0,221030.2,986,2020,4
2020-12-14,Beans (white),246240.0,NGN,NGN/MT,Interpolated,retail,National,,,0.69,False,Gap-filled by interpolation,Interpolated,historical,False,,246240.0,358.81,198.351,165.82076923076923,12.6,13.5,1,0,0,0,0,0,0,0,0,1,0,1,1,1,1,0,0,0,0,1,-2.4492935982947064e-16,1.0,-0.1205366802553236,0.992708874098054,686.27,248880.0,251520.0,254160.0,190000.0,250000.0,192400.0,152000.0,250200.0,3408.2253446625386,236895.0,22799.891603752356,226263.33333333334,26027.295928182368,232813.84615384616,21730.78978351702,254160.0,246240.0,254160.0,190000.0,-1.060752169720347,-3.116147308781869,-1.5040000000000053,62.000000000000014,7.468,-0.011133849109656868,1.176,12.414066010143083,1.378,0,0,0.0,218685.61,987,2020,4
2020-12-21,Beans (white),246240.0,NGN,NGN/MT,WFP Nigeria Food Prices,retail,National,,,0.96,True,WFP VAM data — converted from NGN/2.5KG to NGN/MT (×400),Agricome,historical,False,,243600.0,358.81,198.351,165.82076923076923,12.6,13.5,1,0,0,0,0,0,0,0,0,1,0,1,1,1,1,0,0,0,0,1,-2.4492935982947064e-16,1.0,6.432490598706546e-16,1.0,686.27,246240.0,248880.0,254160.0,191700.0,230000.0,201840.0,146640.0,248220.0,2527.6075644767484,243712.5,13689.202992556895,227616.66666666666,26653.923242972505,234521.53846153847,20929.15816602482,251520.0,246240.0,254160.0,190000.0,0.0,-3.116147308781869,7.060869565217387,67.9214402618658,5.841,1.060752169720347,1.131,12.414066010143083,1.378,0,0,0.0,218685.61,988,2020,4
2020-12-28,Beans (white),249800.0,NGN,NGN/MT,Interpolated,retail,National,,,0.69,False,Gap-filled by interpolation,Interpolated,historical,False,,249800.0,358.81,198.351,165.82076923076923,12.6,13.5,1,0,0,0,0,0,0,0,0,1,0,1,1,1,1,0,0,0,0,1,-2.4492935982947064e-16,1.0,0.1205366802553231,0.992708874098054,696.19,246240.0,246240.0,251520.0,213400.0,210000.0,211280.0,141280.0,247790.0,1828.7700784954022,248262.5,6145.2647275303525,230933.33333333334,26738.630322344456,236003.07692307694,20578.56647470535,249800.0,246240.0,254160.0,190000.0,1.4457439896036428,-0.6838422391857502,18.952380952380942,76.81200453001134,4.994,1.4457439896036428,1.162,12.428419879868164,1.378,0,0,0.0,221847.25,989,2020,4
2021-01-04,Beans (white),256000.0,NGN,NGN/MT,Interpolated,retail,National,,,0.69,False,Gap-filled by interpolation,Interpolated,historical,False,,256000.0,401.0,198.351,165.82076923076923,12.6,13.5,1,0,0,0,0,0,0,0,0,1,0,0,1,0,0,0,0,0,0,1,0.4999999999999999,0.8660254037844387,0.120536680255323,0.992708874098054,638.4,249800.0,246240.0,248880.0,235100.0,190000.0,220720.0,135920.0,249570.0,4603.462465000313,250875.0,3710.336911925946,236433.33333333334,24223.01284966428,237360.0,20693.348883156148,256000.0,246240.0,256000.0,190000.0,2.4819855884707698,2.8608164577306416,34.73684210526316,88.3460859329017,5.144,1.036241598867127,1.249,12.45293662970407,1.378,0,0,0.0,227353.46,990,2021,1
2021-01-11,Beans (white),262200.0,NGN,NGN/MT,Interpolated,retail,National,,,0.69,False,Gap-filled by interpolation,Interpolated,historical,False,,262200.0,401.0,219.7090909090909,164.0090909090909,12.6,13.5,1,0,0,0,0,0,0,0,0,1,0,0,1,0,0,0,0,0,0,1,0.4999999999999999,0.8660254037844387,0.2393156642875577,0.970941817426052,653.87,256000.0,249800.0,246240.0,254160.0,190000.0,230160.0,130560.0,253560.0,7031.4341827728695,251880.0,5421.523244044468,242450.0,20288.28860562927,238592.3076923077,21195.348226947284,262200.0,246240.0,262200.0,191700.0,2.4218749999999956,6.481481481481488,37.999999999999986,100.82720588235294,6.273,-0.06011058847077422,1.334,12.476866664186996,1.465,0,0,0.0,232859.68,991,2021,1
2021-01-18,Beans (white),268400.0,NGN,NGN/MT,WFP Nigeria Food Prices,retail,National,,,0.96,True,WFP VAM data — converted from NGN/2.5KG to NGN/MT (×400),Agricome,historical,False,,268400.0,401.0,219.7090909090909,164.0090909090909,12.6,13.5,1,0,0,0,0,0,0,0,0,1,0,0,1,0,0,0,0,0,0,1,0.4999999999999999,0.8660254037844387,0.3546048870425356,0.9350162426854148,669.33,262200.0,256000.0,246240.0,254160.0,191700.0,239600.0,125200.0,259100.0,8004.165582162002,253660.0,8001.028505314634,248841.66666666666,13932.827053287656,239700.0,21987.861378497415,268400.0,249800.0,268400.0,213400.0,2.3646071700991644,8.9993502274204,40.01043296817946,114.37699680511182,8.093,-0.057267829900831124,1.42,12.500237409855137,1.465,0,0,0.0,238365.9,992,2021,1
2021-01-25,Beans (white),279400.0,NGN,NGN/MT,Interpolated,retail,National,,,0.69,False,Gap-filled by interpolation,Interpolated,historical,False,,279400.0,401.0,219.7090909090909,164.0090909090909,12.6,13.5,1,0,0,0,0,0,0,0,0,1,0,0,1,0,0,0,0,0,0,1,0.4999999999999999,0.8660254037844387,0.4647231720437685,0.8854560256532099,696.76,268400.0,262200.0,249800.0,251520.0,213400.0,242200.0,125200.0,266500.0,9979.311933528621,257145.0,12005.483271048639,254341.66666666666,11481.448937169327,241130.76923076922,23326.60848440323,279400.0,256000.0,279400.0,235100.0,4.098360655737698,11.849479583666934,30.927835051546392,123.16293929712461,10.521,1.733753485638534,1.604,12.54040330489666,1.465,0,0,0.0,248134.99,993,2021,1
2021-02-01,Beans (white),290400.0,NGN,NGN/MT,Interpolated,retail,National,,,0.69,False,Gap-filled by interpolation,Interpolated,historical,False,,290400.0,401.0,219.7090909090909,164.0090909090909,17.3,20.1,1,0,0,0,0,0,0,0,1,1,0,0,1,0,0,0,0,0,0,0,0.8660254037844386,0.5000000000000001,0.5680647467311558,0.8229838658936564,724.19,279400.0,268400.0,256000.0,248880.0,235100.0,244800.0,125200.0,275100.0,12434.89713132629,262335.0,16173.246869002971,258950.0,13899.578803292916,242884.61538461538,25248.592076513298,290400.0,262200.0,290400.0,246240.0,3.937007874015741,13.437499999999991,23.52190557209699,131.9488817891374,13.264,-0.16135278172195733,1.778,12.57901800545302,1.465,0,0,0.0,247570.33,994,2021,1
2021-02-08,Beans (white),301400.0,NGN,NGN/MT,Interpolated,retail,National,,,0.69,False,Gap-filled by interpolation,Interpolated,historical,False,,301400.0,401.0,219.7090909090909,164.0090909090909,17.3,20.1,1,0,0,0,0,0,0,0,1,1,0,0,1,0,0,0,0,0,0,0,0.8660254037844386,0.5000000000000001,0.6631226582407952,0.7485107481711011,751.62,290400.0,279400.0,262200.0,246240.0,254160.0,247400.0,125200.0,284900.0,14200.938936093864,269230.0,19703.931442372465,262886.6666666667,18385.447473144053,244961.53846153847,27733.584505766226,301400.0,268400.0,301400.0,246240.0,3.7878787878787845,14.950419527078562,18.586717028643385,140.73482428115014,16.304,-0.14912908613695652,1.941,12.616196883019061,1.465,0,0,0.0,256948.0,995,2021,1
2021-02-15,Beans (white),312400.0,NGN,NGN/MT,WFP Nigeria Food Prices,retail,National,,,0.96,True,WFP VAM data — converted from NGN/2.5KG to NGN/MT (×400),Agricome,historical,False,,312400.0,401.0,228.93846153846152,164.82,17.3,20.1,1,0,0,0,0,0,0,0,1,1,0,0,1,0,0,0,0,0,0,0,0.8660254037844386,0.5000000000000001,0.7485107481711011,0.6631226582407953,779.05,301400.0,290400.0,268400.0,246240.0,254160.0,250000.0,125200.0,295900.0,14200.938936093864,277500.0,22378.816514092705,267740.0,22984.24124165093,247361.53846153847,30725.6197584113,312400.0,279400.0,312400.0,246240.0,3.649635036496357,16.393442622950815,22.914699401951523,149.52076677316293,19.622,-0.1382437513824275,2.09,12.652042897966872,1.508,0,0,0.0,266325.66,996,2021,1
2021-02-22,Beans (white),342400.0,NGN,NGN/MT,Interpolated,retail,National,,,0.69,False,Gap-filled by interpolation,Interpolated,historical,False,,342400.0,401.0,228.93846153846152,164.82,17.3,20.1,1,0,0,0,0,0,0,0,1,1,0,0,1,0,0,0,0,0,0,0,0.8660254037844386,0.5000000000000001,0.8229838658936564,0.5680647467311559,853.87,312400.0,301400.0,279400.0,249800.0,251520.0,250000.0,132400.0,311650.0,22381.167678802343,289075.0,28979.192042370185,275313.3333333333,30798.157363218375,250915.38461538462,35943.603072677135,342400.0,290400.0,342400.0,246240.0,9.603072983354677,22.54831782390838,36.1323155216285,158.61027190332325,24.205,5.95343794685832,2.567,12.743737843806207,1.508,0,0,0.0,291901.11,997,2021,1
2021-03-01,Beans (white),372400.0,NGN,NGN/MT,Interpolated,retail,National,,,0.69,False,Gap-filled by interpolation,Interpolated,historical,False,,372400.0,401.0,228.93846153846152,164.82,18.2,22.9,1,0,0,1,0,0,0,0,1,1,0,0,0,0,0,0,0,0,0,0,1.0,6.123233995736766e-17,0.8854560256532099,0.4647231720437686,928.68,342400.0,312400.0,290400.0,256000.0,248880.0,250000.0,139600.0,332150.0,31941.352507368883,303625.0,37860.71276968477,285606.6666666667,40327.58887216411,255623.07692307694,43118.449579662,372400.0,301400.0,372400.0,246240.0,8.761682242990654,28.236914600550953,49.630343940855035,166.76217765042983,29.937,-0.8413907403640231,2.917,12.827726509666084,1.508,0,0,0.0,315059.22,998,2021,1
2021-03-08,Beans (white),402400.0,NGN,NGN/MT,Interpolated,retail,National,,,0.69,False,Gap-filled by interpolation,Interpolated,historical,False,,402400.0,401.0,228.93846153846152,164.82,18.2,22.9,1,0,0,1,0,0,0,0,1,1,0,0,0,0,0,0,0,0,0,0,1.0,6.123233995736766e-17,0.9350162426854148,0.3546048870425355,1003.49,372400.0,342400.0,301400.0,262200.0,246240.0,250000.0,146800.0,357400.0,38729.83346207418,321150.0,47234.21883096436,298620.0,50405.848145553544,261484.61538461538,51806.78142720466,402400.0,312400.0,402400.0,246240.0,8.055853920515577,33.51028533510285,63.417803768680955,174.11444141689373,36.681,-0.7058283224750763,3.138,12.905204382854041,1.508,0,0,0.0,340439.93,999,2021,1
2021-03-15,Beans (white),432400.0,NGN,NGN/MT,WFP Nigeria Food Prices,retail,National,,,0.96,True,WFP VAM data — converted from NGN/2.5KG to NGN/MT (×400),Agricome,historical,False,,432400.0,401.0,238.7888888888889,174.31230769230768,18.2,22.9,1,0,0,1,0,0,0,0,1,1,0,0,0,0,0,0,0,0,0,0,1.0,6.123233995736766e-17,0.970941817426052,0.239315664287558,1078.3,402400.0,372400.0,312400.0,268400.0,246240.0,250000.0,154000.0,387400.0,38729.83346207418,341650.0,55869.107231610054,314133.3333333333,60463.141790279136,268500.0,61611.405177937624,432400.0,342400.0,432400.0,249800.0,7.4552683896620175,38.412291933418686,75.60103963612737,180.7792207792208,44.283,-0.6005855308535599,3.25,12.977108677417966,1.58,0,0,0.0,365820.64,1000,2021,1
2021-03-22,Beans (white),450960.0,NGN,NGN/MT,Interpolated,retail,National,,,0.69,False,Gap-filled by interpolation,Interpolated,historical,False,,450960.0,401.0,238.7888888888889,174.31230769230768,18.2,22.9,1,0,0,1,0,0,0,0,1,1,0,0,0,0,0,0,0,0,0,0,1.0,6.123233995736766e-17,0.992708874098054,0.120536680255323,1124.59,432400.0,402400.0,342400.0,279400.0,249800.0,250000.0,155520.0,414540.0,34489.39547165187,363095.0,61230.25559312977,330896.6666666667,68373.54184362775,276229.23076923075,71076.0906591282,450960.0,372400.0,450960.0,256000.0,4.2923219241443045,31.70560747663551,80.52842273819054,189.96913580246914,50.071,-3.162946465517713,3.155,13.019136140244571,1.58,0,0,0.0,381522.84,1001,2021,1
2021-03-29,Beans (white),469520.0,NGN,NGN/MT,Interpolated,retail,National,,,0.69,False,Gap-filled by interpolation,Interpolated,historical,False,,469520.0,401.0,238.7888888888889,174.31230769230768,18.2,22.9,1,0,0,1,0,0,0,0,1,1,0,0,0,0,0,0,0,0,0,0,1.0,6.123233995736766e-17,1.0,-1.6081226496766364e-16,1170.87,450960.0,432400.0,372400.0,290400.0,256000.0,230000.0,157040.0,438820.0,28621.101772410282,385485.0,63555.63389661061,348690.0,74609.30894880398,285441.53846153844,79828.04377872762,469520.0,402400.0,469520.0,262200.0,4.115664360475435,26.079484425349087,83.40625,198.9811512990321,53.734,-0.17665756366886942,3.064,13.059468305064673,1.58,0,0,0.0,397225.04,1002,2021,1
2021-04-05,Beans (white),488080.0,NGN,NGN/MT,Interpolated,retail,National,,,0.69,False,Gap-filled by interpolation,Interpolated,historical,False,,488080.0,401.0,238.7888888888889,174.31230769230768,18.2,22.9,0,1,1,1,0,0,0,0,1,0,0,0,0,0,0,0,0,0,0,0,0.8660254037844387,-0.4999999999999998,0.992708874098054,-0.1205366802553228,1217.16,469520.0,450960.0,402400.0,301400.0,262200.0,210000.0,158560.0,460240.0,23960.85696853656,408820.0,62535.1320687591,367513.3333333333,79159.9510006427,296136.92307692306,87569.32388772813,488080.0,432400.0,488080.0,268400.0,3.9529732492758596,21.29224652087476,86.14797864225783,207.82038345105954,55.415,-0.16269111119957547,2.977,13.098236654668087,1.58,0,0,0.333,412927.24,1003,2021,2
2021-04-12,Beans (white),506640.0,NGN,NGN/MT,Interpolated,retail,National,,,0.69,False,Gap-filled by interpolation,Interpolated,historical,False,,506640.0,401.0,255.78384615384616,168.0411111111111,18.2,22.9,0,1,1,1,0,0,0,0,1,0,0,0,0,0,0,0,0,0,0,0,0.8660254037844387,-0.4999999999999998,0.970941817426052,-0.2393156642875575,1263.44,488080.0,469520.0,432400.0,312400.0,268400.0,190000.0,160080.0,478800.0,23960.85696853656,433100.0,57234.215540805904,387366.6666666667,81871.40396914363,308315.3846153846,93999.99426513881,506640.0,450960.0,506640.0,279400.0,3.802655302409441,17.16928769657724,88.76304023845007,216.49175412293852,55.296,-0.15031794686641842,2.895,13.135557944976458,1.635,0,0,0.333,428629.44,1004,2021,2
2021-04-19,Beans (white),511300.0,NGN,NGN/MT,WFP Nigeria Food Prices,retail,National,,,0.96,True,WFP VAM data — converted from NGN/2.5KG to NGN/MT (×400),Agricome,historical,False,,525200.0,401.0,255.78384615384616,168.0411111111111,18.2,22.9,0,1,1,1,0,0,0,0,1,0,0,0,0,0,0,0,0,1,0,0,0.8660254037844387,-0.4999999999999998,0.9350162426854148,-0.3546048870425354,1275.06,506640.0,488080.0,450960.0,342400.0,279400.0,190000.0,161600.0,493885.0,19090.342235451593,454212.5,49646.08566069002,406691.6666666667,81437.87211826845,320673.07692307694,98819.76934881914,511300.0,469520.0,511300.0,290400.0,0.9197852518553651,13.380344154692203,82.99928418038654,216.39851485148515,54.015,-2.882870050554076,2.691,13.144713736865121,1.635,0,0,0.333,432571.91,1005,2021,2
2021-04-26,Beans (white),511300.0,NGN,NGN/MT,Interpolated,retail,National,,,0.69,False,Gap-filled by interpolation,Interpolated,historical,False,,511300.0,401.0,255.78384615384616,168.0411111111111,18.2,22.9,0,1,1,1,0,0,0,0,1,0,0,0,0,0,0,0,0,1,0,0,0.8660254037844387,-0.4999999999999998,0.8854560256532099,-0.4647231720437685,1275.06,511300.0,506640.0,469520.0,372400.0,290400.0,191700.0,163200.0,504330.0,11053.813821482616,471575.0,40368.27431818917,425100.0,77639.1115119408,332965.3846153846,101962.66337167795,511300.0,488080.0,511300.0,301400.0,0.0,8.898449480320325,76.06749311294764,213.29656862745097,51.466,-0.9197852518553651,2.484,13.144713736865121,1.635,0,0,0.333,432571.91,1006,2021,2
2021-05-03,Beans (white),497400.0,NGN,NGN/MT,Interpolated,retail,National,,,0.69,False,Gap-filled by interpolation,Interpolated,historical,False,,497400.0,401.0,255.78384615384616,168.0411111111111,18.2,22.9,0,1,1,1,0,0,0,0,1,0,1,0,0,0,0,0,0,1,0,0,0.4999999999999999,-0.8660254037844387,0.8229838658936565,-0.5680647467311557,1240.4,511300.0,511300.0,488080.0,402400.0,301400.0,213400.0,164800.0,506660.0,6552.536404579022,483450.0,29666.73943276256,441433.3333333333,69433.03815820493,343888.46153846156,103836.47253994338,511300.0,497400.0,511300.0,312400.0,-2.71856053197731,1.9095230290116394,65.02986065029862,201.82038834951456,47.333,-2.71856053197731,2.189,13.117151820803784,1.635,0,0,0.333,420812.18,1007,2021,2
2021-05-10,Beans (white),483500.0,NGN,NGN/MT,Interpolated,retail,National,,,0.69,False,Gap-filled by interpolation,Interpolated,historical,False,,483500.0,401.0,260.6045454545455,168.54999999999998,18.2,22.9,0,1,1,1,0,0,0,0,1,0,1,0,0,0,0,0,0,1,0,0,0.4999999999999999,-0.8660254037844387,0.7485107481711013,-0.663122658240795,1205.74,497400.0,511300.0,506640.0,432400.0,312400.0,235100.0,166400.0,500875.0,13308.236797813106,489837.5,21475.257357513292,455691.6666666667,56977.521218831454,353442.3076923077,104849.14928821067,511300.0,483500.0,511300.0,342400.0,-2.7945315641334956,-4.567345649771037,54.76952624839948,190.56490384615384,41.713,-0.07597103215618572,1.937,13.088808662125674,1.657,0,0,0.333,409052.45,1008,2021,2
2021-05-17,Beans (white),480160.0,NGN,NGN/MT,WFP Nigeria Food Prices,retail,National,,,0.96,True,WFP VAM data — converted from NGN/2.5KG to NGN/MT (×400),Agricome,historical,False,,469600.0,401.0,260.6045454545455,168.54999999999998,18.2,22.9,0,1,1,1,0,0,0,0,1,0,1,0,0,0,0,0,0,0,0,0,0.4999999999999999,-0.8660254037844387,0.6631226582407952,-0.7485107481711012,1197.41,483500.0,497400.0,511300.0,450960.0,342400.0,254160.0,168000.0,493090.0,14251.703991686989,493487.5,15601.834827993793,467171.6666666667,44612.50330921954,362134.6153846154,105654.06533515925,511300.0,480160.0,511300.0,372400.0,-0.6907962771458109,-6.090357911206723,40.23364485981309,185.80952380952382,36.162,2.1037352869876846,1.808,13.081876743311145,1.657,0,0,0.333,406226.73,1009,2021,2
2021-05-24,Beans (white),480160.0,NGN,NGN/MT,Interpolated,retail,National,,,0.69,False,Gap-filled by interpolation,Interpolated,historical,False,,480160.0,401.0,260.6045454545455,168.54999999999998,18.2,22.9,0,1,1,1,0,0,0,0,1,0,1,0,0,0,0,0,0,0,0,0,0.4999999999999999,-0.8660254037844387,0.5680647467311558,-0.8229838658936564,1197.41,480160.0,483500.0,511300.0,469520.0,372400.0,254160.0,174100.0,485305.0,8215.61724197682,494817.5,13590.704543915304,476151.6666666667,33183.20107122447,370826.92307692306,105712.16587580534,497400.0,480160.0,511300.0,402400.0,0.0,-6.090357911206723,28.936627282491933,175.7955198161976,30.871,0.6907962771458109,1.721,13.081876743311145,1.657,0,0,0.333,406226.73,1010,2021,2
2021-05-31,Beans (white),490720.0,NGN,NGN/MT,Interpolated,retail,National,,,0.69,False,Gap-filled by interpolation,Interpolated,historical,False,,490720.0,401.0,260.6045454545455,168.54999999999998,18.2,22.9,0,1,1,1,0,0,0,0,1,0,1,0,0,0,0,0,0,0,0,0,0.4999999999999999,-0.8660254037844387,0.464723172043769,-0.8854560256532096,1223.74,480160.0,480160.0,497400.0,488080.0,402400.0,251520.0,180200.0,483635.0,4978.845247645293,495147.5,13434.89672457515,483511.6666666667,23808.451453339945,380026.92307692306,105321.625197078,490720.0,480160.0,511300.0,432400.0,2.1992669110296514,-1.3429835142742208,21.948310139165006,172.31964483906773,27.263,2.1992669110296514,1.733,13.103631017167977,1.657,0,0,0.333,415160.74,1011,2021,2
2021-06-07,Beans (white),501280.0,NGN,NGN/MT,Interpolated,retail,National,,,0.69,False,Gap-filled by interpolation,Interpolated,historical,False,,501280.0,401.0,260.6045454545455,168.54999999999998,18.2,22.9,0,1,1,0,0,0,0,1,0,0,1,0,0,0,0,0,0,0,1,0,1.2246467991473532e-16,-1.0,0.3546048870425358,-0.9350162426854148,1250.07,490720.0,480160.0,483500.0,506640.0,432400.0,248880.0,186300.0,488080.0,10110.430257906937,494477.5,12903.011553232727,489251.6666666667,17947.412998349424,389734.6153846154,104377.90763301436,501280.0,480160.0,511300.0,450960.0,2.151940006521036,3.6773526370217136,15.929694727104525,169.07139023081052,25.234,-0.04732690450861554,1.741,13.124922101077102,1.657,0,0,0.667,424094.75,1012,2021,2
2021-06-14,Beans (white),511840.0,NGN,NGN/MT,Interpolated,retail,National,,,0.69,False,Gap-filled by interpolation,Interpolated,historical,False,,511840.0,401.0,254.2758333333333,167.08272727272728,18.2,22.9,0,1,1,0,0,0,0,1,0,0,1,0,0,0,0,0,0,0,1,0,1.2246467991473532e-16,-1.0,0.2393156642875576,-0.970941817426052,1276.41,501280.0,490720.0,480160.0,511300.0,450960.0,246240.0,192400.0,496000.0,13632.901378650111,494545.0,13004.600284954116,494325.0,14391.672149987282,399950.0,102756.89839616568,511840.0,480160.0,511840.0,469520.0,2.1066070858601904,6.5978007330889765,13.50008869966295,166.029106029106,24.016,-0.04533292066084549,1.746,13.145769308916979,1.625,0,0,0.667,433028.76,1013,2021,2
2021-06-21,Beans (white),522400.0,NGN,NGN/MT,WFP Nigeria Food Prices,retail,National,,,0.96,True,WFP VAM data — converted from NGN/2.5KG to NGN/MT (×400),Agricome,historical,False,,522400.0,401.0,254.2758333333333,167.08272727272728,18.2,22.9,0,1,1,0,0,0,0,1,0,0,1,0,0,0,0,0,0,0,1,0,1.2246467991473532e-16,-1.0,0.120536680255323,-0.992708874098054,1302.74,511840.0,501280.0,480160.0,511300.0,469520.0,246240.0,201840.0,506560.0,13632.901378650111,495932.5,15416.165680405564,498731.6666666667,14200.561982050445,410571.53846153844,100480.5450897753,522400.0,490720.0,522400.0,480160.0,2.063144732728972,8.797067644118627,11.262566024876474,158.81886642885453,23.379,-0.04346235313121838,1.749,13.166190771184487,1.625,0,0,0.667,441962.77,1014,2021,2
2021-06-28,Beans (white),531100.0,NGN,NGN/MT,Interpolated,retail,National,,,0.69,False,Gap-filled by interpolation,Interpolated,historical,False,,531100.0,401.0,254.2758333333333,167.08272727272728,18.2,22.9,0,1,1,0,0,0,0,1,0,0,1,0,0,0,0,0,0,0,1,0,1.2246467991473532e-16,-1.0,-3.216245299353273e-16,-1.0,1324.44,522400.0,511840.0,490720.0,497400.0,488080.0,249800.0,211280.0,516655.0,12925.915828288536,500145.0,19843.118274533943,502316.6666666667,16509.611158536092,421390.76923076925,97579.64365268257,531100.0,501280.0,531100.0,480160.0,1.665390505359876,8.22872513857189,8.814128831339119,151.37258614161306,22.607,-0.39775422736909594,1.733,13.182707489293296,1.625,0,0,0.667,449323.18,1015,2021,2
2021-07-05,Beans (white),539800.0,NGN,NGN/MT,Interpolated,retail,National,,,0.69,False,Gap-filled by interpolation,Interpolated,historical,False,,539800.0,401.0,254.2758333333333,167.08272727272728,18.2,22.9,0,1,1,0,0,0,1,1,0,0,1,0,0,0,0,0,0,0,1,0,-0.4999999999999997,-0.8660254037844388,-0.1205366802553228,-0.992708874098054,1346.13,531100.0,522400.0,501280.0,483500.0,506640.0,256000.0,220720.0,526285.0,11966.490713655367,507182.5,22851.999443624805,505080.0,19755.13005870538,432306.1538461539,94151.69135291874,539800.0,511840.0,539800.0,480160.0,1.6381095838825077,7.684328120012762,6.545081320069479,144.56324755346142,21.739,-0.02728092147736838,1.717,13.198955832102303,1.625,0,0,0.667,456683.59,1016,2021,3
2021-07-12,Beans (white),548500.0,NGN,NGN/MT,Interpolated,retail,National,,,0.69,False,Gap-filled by interpolation,Interpolated,historical,False,,548500.0,401.0,263.6,168.27,18.2,22.9,0,1,1,0,0,0,1,1,0,0,1,0,0,0,0,0,0,0,1,0,-0.4999999999999997,-0.8660254037844388,-0.2393156642875574,-0.970941817426052,1367.83,539800.0,531100.0,511840.0,480160.0,511300.0,262200.0,230160.0,535450.0,11231.651704001515,515725.0,24049.422327484583,508180.0,23402.02943802494,443317.6923076923,90116.77478949977,548500.0,522400.0,548500.0,480160.0,1.6117080400148254,7.162394498280711,7.275572071191072,138.31247827598193,20.782,-0.026401543867682342,1.701,13.214944381849817,1.67,0,0,0.667,464043.99,1017,2021,3
2021-07-19,Beans (white),557200.0,NGN,NGN/MT,WFP Nigeria Food Prices,retail,National,,,0.96,True,WFP VAM data — converted from NGN/2.5KG to NGN/MT (×400),Agricome,historical,False,,557200.0,401.0,263.6,168.27,18.2,22.9,0,1,1,0,0,0,1,1,0,0,1,0,0,0,0,0,0,0,1,0,-0.4999999999999997,-0.8660254037844388,-0.3546048870425356,-0.9350162426854148,1389.53,548500.0,539800.0,522400.0,480160.0,511300.0,268400.0,239600.0,544150.0,11231.651704001515,525355.0,23182.611094155403,512005.0,27372.61953120321,454425.3846153846,85367.65355710575,557200.0,531100.0,557200.0,480160.0,1.5861440291704554,6.661562021439504,8.97711715235674,132.5542570951586,19.745,-0.02556401084436999,1.684,13.230681315573902,1.67,0,0,0.667,471404.4,1018,2021,3
2021-07-26,Beans (white),563700.0,NGN,NGN/MT,Interpolated,retail,National,,,0.69,False,Gap-filled by interpolation,Interpolated,historical,False,,563700.0,401.0,263.6,168.27,18.2,22.9,0,1,1,0,0,0,1,1,0,0,1,0,0,0,0,0,0,0,1,0,-0.4999999999999997,-0.8660254037844388,-0.464723172043768,-0.8854560256532101,1405.74,557200.0,548500.0,531100.0,490720.0,497400.0,279400.0,242200.0,552300.0,10402.884215447182,534477.5,21931.80974227682,517530.0,30651.4463547216,465360.0,80097.25388551013,563700.0,539800.0,563700.0,480160.0,1.166547020818376,6.138203728111469,13.329312424607952,132.74153592072668,18.682,-0.41959700835207947,1.652,13.242279248061351,1.67,0,0,0.667,476903.55,1019,2021,3
2021-08-02,Beans (white),570200.0,NGN,NGN/MT,Interpolated,retail,National,,,0.69,False,Gap-filled by interpolation,Interpolated,historical,False,,570200.0,401.0,263.6,168.27,18.2,22.9,0,1,0,0,1,0,1,1,0,0,1,0,0,0,0,1,0,0,1,0,-0.8660254037844384,-0.5000000000000004,-0.5680647467311556,-0.8229838658936565,1421.95,563700.0,557200.0,539800.0,501280.0,483500.0,290400.0,244800.0,559900.0,9269.663783906462,543092.5,20519.353756184148,524755.0,32085.54375699182,476121.53846153844,74231.69068220339,570200.0,548500.0,570200.0,480160.0,1.1530956182366436,5.631715450166719,17.931747673216126,132.92483660130722,17.596,-0.013451402581732275,1.622,13.253744209229778,1.67,0,0,0.333,482402.71,1020,2021,3
2021-08-09,Beans (white),576700.0,NGN,NGN/MT,Interpolated,retail,National,,,0.69,False,Gap-filled by interpolation,Interpolated,historical,False,,576700.0,401.0,267.7263636363636,167.119,18.2,22.9,0,1,0,0,1,0,1,1,0,0,1,0,0,0,0,1,0,0,1,0,-0.8660254037844384,-0.5000000000000004,-0.663122658240795,-0.7485107481711013,1438.15,570200.0,563700.0,548500.0,511840.0,480160.0,301400.0,247400.0,566950.0,8391.46391678276,551200.0,19176.622673006244,532800.0,31990.350817935254,486710.0,67655.59991604429,576700.0,557200.0,576700.0,480160.0,1.139950894423003,5.141294439380117,20.1057980673109,133.10428455941798,16.486,-0.013144723813640624,1.593,13.265079213605816,1.684,0,0,0.333,487901.86,1021,2021,3
2021-08-16,Beans (white),583200.0,NGN,NGN/MT,WFP Nigeria Food Prices,retail,National,,,0.96,True,WFP VAM data — converted from NGN/2.5KG to NGN/MT (×400),Agricome,historical,False,,583200.0,401.0,267.7263636363636,167.119,18.2,22.9,0,1,0,0,1,0,1,1,0,0,1,0,0,0,0,1,0,0,1,0,-0.8660254037844384,-0.5000000000000004,-0.7485107481711011,-0.6631226582407952,1454.36,576700.0,570200.0,557200.0,522400.0,480160.0,312400.0,250000.0,573450.0,8391.46391678276,558800.0,18152.84314606708,541386.6666666666,30363.896424217994,497125.3846153846,60179.02054575165,583200.0,563700.0,583200.0,490720.0,1.1271024796254636,4.666188083273504,21.459513495501504,133.28000000000003,15.353,-0.012848414797539398,1.566,13.276287174352756,1.684,0,0,0.333,493401.02,1022,2021,3
2021-08-23,Beans (white),583840.0,NGN,NGN/MT,Interpolated,retail,National,,,0.69,False,Gap-filled by interpolation,Interpolated,historical,False,,583840.0,401.0,267.7263636363636,167.119,18.2,22.9,0,1,0,0,1,0,1,1,0,0,1,0,0,0,0,1,0,0,1,0,-0.8660254037844384,-0.5000000000000004,-0.8229838658936564,-0.5680647467311559,1455.96,583200.0,576700.0,563700.0,531100.0,490720.0,342400.0,250000.0,578485.0,6396.2150266127765,565392.5,16118.769671233786,549146.6666666666,28048.969299921126,506411.53846153844,53619.13603871568,583840.0,570200.0,583840.0,501280.0,0.10973936899862924,3.5728224232747907,18.976198239321818,133.536,14.232,-1.0173631106268344,1.501,13.277383964466834,1.684,0,0,0.333,493942.47,1023,2021,3
2021-08-30,Beans (white),584480.0,NGN,NGN/MT,Interpolated,retail,National,,,0.69,False,Gap-filled by interpolation,Interpolated,historical,False,,584480.0,401.0,267.7263636363636,167.119,18.2,22.9,0,1,0,0,1,0,1,1,0,0,1,0,0,0,0,1,0,0,1,0,-0.8660254037844384,-0.5000000000000004,-0.8854560256532096,-0.4647231720437691,1457.56,583840.0,583200.0,570200.0,539800.0,501280.0,372400.0,250000.0,582055.0,3608.0419435848057,570977.5,13514.658443969014,556080.0,25288.453707356948,514568.46153846156,48282.90204138824,584480.0,576700.0,584480.0,511840.0,0.10961907371882518,2.5043844265170145,16.597510373443992,133.792,13.115,-0.0001202952798040613,1.441,13.278479552950175,1.684,0,0,0.333,494483.93,1024,2021,3
2021-09-06,Beans (white),585120.0,NGN,NGN/MT,Interpolated,retail,National,,,0.69,False,Gap-filled by interpolation,Interpolated,historical,False,,585120.0,401.0,267.7263636363636,167.119,18.2,22.9,0,1,0,0,1,1,0,0,0,0,0,0,0,0,0,1,0,0,0,0,-1.0,-1.8369701987210294e-16,-0.9350162426854148,-0.3546048870425359,1459.15,584480.0,583840.0,576700.0,548500.0,511840.0,402400.0,250000.0,584160.0,826.2364471912508,575555.0,10728.241767809455,562186.6666666666,22306.159497215136,521596.1538461539,44448.90172563559,585120.0,583200.0,585120.0,522400.0,0.10949904188337634,1.4600312120686576,14.316974054392006,134.048,11.995,-0.00012003183544884166,1.385,13.279573942432883,1.684,0,0,0.333,495025.38,1025,2021,3
2021-09-13,Beans (white),585760.0,NGN,NGN/MT,Interpolated,retail,National,,,0.69,False,Gap-filled by interpolation,Interpolated,historical,False,,585760.0,401.0,279.04357142857145,166.08692307692309,18.2,22.9,0,1,0,0,1,1,0,0,0,0,0,0,0,0,0,1,0,0,0,0,-1.0,-1.8369701987210294e-16,-0.970941817426052,-0.2393156642875577,1460.75,585120.0,584480.0,583200.0,557200.0,522400.0,432400.0,250000.0,584800.0,826.2364471912508,579125.0,8202.29062083095,567466.6666666666,19332.95506422145,527494.6153846154,42260.657281282016,585760.0,583840.0,585760.0,531100.0,0.10937927262784086,0.43895747599451695,12.128637059724356,134.30399999999997,10.864,-0.00011976925553547346,1.333,13.280667135536435,1.73,0,0,0.333,495566.84,1026,2021,3
2021-09-20,Beans (white),585760.0,NGN,NGN/MT,WFP Nigeria Food Prices,retail,National,,,0.96,True,WFP VAM data — converted from NGN/2.5KG to NGN/MT (×400),Agricome,historical,False,,586400.0,401.0,279.04357142857145,166.08692307692309,18.2,22.9,0,1,0,0,1,1,0,0,0,0,0,0,0,0,0,1,0,0,0,0,-1.0,-1.8369701987210294e-16,-0.992708874098054,-0.1205366802553235,1460.75,585760.0,585120.0,583840.0,563700.0,531100.0,450960.0,250000.0,585280.0,612.7533489645083,581882.5,5557.557916927166,572021.6666666666,16165.423163674504,532679.2307692308,40736.961292963824,585760.0,584480.0,585760.0,539800.0,0.0,0.32885722115647553,10.291847109772178,134.30399999999997,9.875,-0.10937927262784086,1.28,13.280667135536435,1.73,0,0,0.333,495566.84,1027,2021,3
2021-09-27,Beans (white),571700.0,NGN,NGN/MT,Interpolated,retail,National,,,0.69,False,Gap-filled by interpolation,Interpolated,historical,False,,571700.0,401.0,279.04357142857145,166.08692307692309,18.2,22.9,0,1,0,0,1,1,0,0,0,0,0,0,0,0,0,1,0,0,0,0,-1.0,-1.8369701987210294e-16,-1.0,-1.8369701987210294e-16,1425.69,585760.0,585760.0,584480.0,570200.0,539800.0,469520.0,230000.0,582085.0,6929.903799236112,582070.0,5114.774118738199,574680.0,12618.877633424181,536609.2307692308,39303.67157638623,585760.0,571700.0,585760.0,548500.0,-2.4003004643539994,-2.1865589926088114,5.909596146720997,148.56521739130434,8.475,-2.4003004643539994,1.137,13.256371406419678,1.73,0,0,0.333,483671.74,1028,2021,3
2021-10-04,Beans (white),557000.0,NGN,NGN/MT,Interpolated,retail,National,,,0.69,False,Gap-filled by interpolation,Interpolated,historical,False,,557000.0,401.0,279.04357142857145,166.08692307692309,18.2,22.9,0,1,0,0,0,1,0,0,0,1,0,1,0,1,1,1,1,0,0,0,-0.8660254037844386,0.5000000000000001,-0.992708874098054,0.1205366802553232,1389.03,571700.0,585760.0,585120.0,576700.0,548500.0,488080.0,210000.0,575055.0,13740.85271492763,579607.5,10241.95259006517,575388.3333333334,11171.25355815841,539260.0,38208.62269174084,585760.0,557000.0,585760.0,557000.0,-2.5712786426447476,-4.805851791085591,1.5496809480401108,165.23809523809524,6.638,-0.17097817829074824,0.996,13.230322314239945,1.73,0,0,0.333,471235.19,1029,2021,4
2021-10-11,Beans (white),542300.0,NGN,NGN/MT,Interpolated,retail,National,,,0.69,False,Gap-filled by interpolation,Interpolated,historical,False,,542300.0,401.0,277.7688888888889,165.30888888888887,18.2,22.9,0,1,0,0,0,1,0,0,0,1,0,1,0,1,1,1,1,0,0,0,-0.8660254037844386,0.5000000000000001,-0.970941817426052,0.2393156642875573,1352.37,557000.0,571700.0,585760.0,583200.0,557200.0,506640.0,190000.0,564190.0,18730.840878081268,574495.0,16492.965600088843,574146.6666666666,13877.016533781607,540631.5384615385,37626.447793251406,585760.0,542300.0,585760.0,542300.0,-2.639138240574501,-7.419420923245013,-2.6740847092605935,185.42105263157893,4.358,-0.0678595979297536,0.86,13.203576476825239,1.722,0,0,0.333,458798.65,1030,2021,4
2021-10-18,Beans (white),527600.0,NGN,NGN/MT,WFP Nigeria Food Prices,retail,National,,,0.96,True,WFP VAM data — converted from NGN/2.5KG to NGN/MT (×400),Agricome,historical,False,,527600.0,401.0,277.7688888888889,165.30888888888887,18.2,22.9,0,1,0,0,0,1,0,0,0,1,0,1,0,1,1,1,1,0,0,0,-0.8660254037844386,0.5000000000000001,-0.9350162426854148,0.3546048870425355,1315.71,542300.0,557000.0,585760.0,583840.0,563700.0,511300.0,190000.0,549650.0,18977.61839641635,567465.0,22742.566132380794,571138.3333333334,19228.6386003872,541258.4615384615,37252.1152894473,571700.0,527600.0,585760.0,527600.0,-2.710676747187901,-9.928981152690518,-6.404115664360477,177.6842105263158,1.55,-0.0715385066134,0.723,13.176095595198785,1.722,0,0,0.333,446362.1,1031,2021,4
2021-10-25,Beans (white),499900.0,NGN,NGN/MT,Interpolated,retail,National,,,0.69,False,Gap-filled by interpolation,Interpolated,historical,False,,499900.0,401.0,277.7688888888889,165.30888888888887,18.2,22.9,0,1,0,0,0,1,0,0,0,1,0,1,0,1,1,1,1,0,0,0,-0.8660254037844386,0.5000000000000001,-0.8854560256532101,0.464723172043768,1246.63,527600.0,542300.0,571700.0,584480.0,570200.0,511300.0,191700.0,531700.0,24361.855430159674,556892.5,31626.993782436624,565280.0,28170.462932267114,540820.0,37683.427020373456,557000.0,499900.0,585760.0,499900.0,-5.250189537528427,-12.559034458632146,-12.329007365836553,160.77203964527905,-1.686,-2.5395127903405257,0.486,13.12216535779974,1.722,0,0,0.333,422927.24,1032,2021,4
2021-11-01,Beans (white),472200.0,NGN,NGN/MT,Interpolated,retail,National,,,0.69,False,Gap-filled by interpolation,Interpolated,historical,False,,472200.0,401.0,277.7688888888889,165.30888888888887,15.4,18.1,1,0,0,0,0,1,0,0,0,1,0,1,1,1,1,0,1,0,0,0,-0.5000000000000004,0.8660254037844384,-0.822983865893657,0.5680647467311548,1177.56,499900.0,527600.0,557000.0,585120.0,576700.0,497400.0,213400.0,510500.0,30999.462360929218,542777.5,41029.65678279901,556571.6666666666,38556.65720924937,539850.7692307692,39140.77167589351,542300.0,472200.0,585760.0,472200.0,-5.541108221644331,-15.22441651705565,-18.120339864747702,121.27460168697284,-5.437,-0.29091868411590394,0.241,13.065160021378025,1.722,0,0,0.333,409185.44,1033,2021,4
2021-11-08,Beans (white),444500.0,NGN,NGN/MT,Interpolated,retail,National,,,0.69,False,Gap-filled by interpolation,Interpolated,historical,False,,444500.0,401.0,277.7688888888889,165.30888888888887,15.4,18.1,1,0,0,0,0,1,0,0,0,1,0,1,1,1,1,0,1,0,0,0,-0.5000000000000004,0.8660254037844384,-0.7485107481711011,0.6631226582407952,1108.48,472200.0,499900.0,542300.0,585760.0,583200.0,483500.0,235100.0,486050.0,35760.546229981825,525120.0,49426.28334918866,545013.3333333334,49175.58842525155,538350.7692307692,42027.54343742243,527600.0,444500.0,585760.0,444500.0,-5.866158407454469,-18.034298358841973,-23.782578875171467,89.06848149723523,-9.715,-0.325050185810138,-0.011,13.004707583652351,1.722,0,0,0.333,385181.98,1034,2021,4
2021-11-15,Beans (white),416800.0,NGN,NGN/MT,WFP Nigeria Food Prices,retail,National,,,0.96,True,WFP VAM data — converted from NGN/2.5KG to NGN/MT (×400),Agricome,historical,False,,416800.0,401.0,311.60714285714283,170.8409090909091,15.4,18.1,1,0,0,0,0,1,0,0,0,1,0,1,1,1,1,0,1,0,0,0,-0.5000000000000004,0.8660254037844384,-0.6631226582407955,0.7485107481711007,1039.4,444500.0,472200.0,527600.0,585760.0,583840.0,480160.0,254160.0,458350.0,35760.546229981825,504000.0,55534.13364769454,531093.3333333334,59701.20713464144,535913.8461538461,47070.959461383405,499900.0,416800.0,585760.0,416800.0,-6.231721034870641,-21.000758150113718,-28.610578240613872,63.991186654076174,-14.473,-0.36556262741617207,-0.27,12.940364168650662,1.887,0,0,0.333,361178.51,1035,2021,4
2021-11-22,Beans (white),416800.0,NGN,NGN/MT,Interpolated,retail,National,,,0.69,False,Gap-filled by interpolation,Interpolated,historical,False,,416800.0,401.0,311.60714285714283,170.8409090909091,15.4,18.1,1,0,0,0,0,1,0,0,0,1,0,1,1,1,1,0,1,0,0,0,-0.5000000000000004,0.8660254037844384,-0.5680647467311559,0.8229838658936564,1039.4,416800.0,444500.0,499900.0,571700.0,584480.0,480160.0,254160.0,437575.0,26520.730884850578,484637.5,55561.52156458125,517120.0,65419.17761635358,533476.9230769231,51504.2111497076,472200.0,416800.0,585760.0,416800.0,0.0,-16.62332466493298,-28.688748973446486,63.991186654076174,-17.977,6.231721034870641,-0.304,12.940364168650662,1.887,0,0,0.333,361178.51,1036,2021,4
2021-11-29,Beans (white),416800.0,NGN,NGN/MT,Interpolated,retail,National,,,0.69,False,Gap-filled by interpolation,Interpolated,historical,False,,416800.0,401.0,311.60714285714283,170.8409090909091,15.4,18.1,1,0,0,0,0,1,0,0,0,1,0,1,1,1,1,0,1,0,0,0,-0.5000000000000004,0.8660254037844384,-0.4647231720437684,0.88545602565321,1039.4,416800.0,416800.0,472200.0,557000.0,585120.0,490720.0,251520.0,423725.0,13850.000000000015,467112.5,51433.96425098329,503093.3333333333,67524.73665706566,530633.8461538461,55818.37826930486,444500.0,416800.0,585760.0,416800.0,0.0,-11.732316814908938,-28.766748701121138,65.71246819338424,-20.147,0.0,-0.341,12.940364168650662,1.887,0,0,0.333,361178.51,1037,2021,4
2021-12-06,Beans (white),416800.0,NGN,NGN/MT,Interpolated,retail,National,,,0.69,False,Gap-filled by interpolation,Interpolated,historical,False,,416800.0,401.0,311.60714285714283,170.8409090909091,15.4,18.1,1,0,0,0,0,0,0,0,0,1,0,1,1,1,1,0,0,0,0,1,-2.4492935982947064e-16,1.0,-0.3546048870425359,0.9350162426854148,1039.4,416800.0,416800.0,444500.0,542300.0,585760.0,501280.0,248880.0,416800.0,0.0,451425.0,43797.54559333205,489013.3333333333,66325.16008730062,527384.6153846154,59904.68597568956,416800.0,416800.0,585760.0,416800.0,0.0,-6.231721034870641,-28.84457798415734,67.47026679524268,-20.968,0.0,-0.382,12.940364168650662,1.887,0,0,0.0,361178.51,1038,2021,4
2021-12-13,Beans (white),416800.0,NGN,NGN/MT,Interpolated,retail,National,,,0.69,False,Gap-filled by interpolation,Interpolated,historical,False,,416800.0,401.0,328.8,170.82500000000002,15.4,18.1,1,0,0,0,0,0,0,0,0,1,0,1,1,1,1,0,0,0,0,1,-2.4492935982947064e-16,1.0,-0.2393156642875578,0.970941817426052,1039.4,416800.0,416800.0,416800.0,527600.0,585760.0,511840.0,246240.0,416800.0,0.0,437575.0,32269.523437093743,474933.3333333333,61692.18800306927,523729.23076923075,63672.34859328217,416800.0,416800.0,571700.0,416800.0,0.0,0.0,-28.84457798415734,69.26575698505523,-20.417,0.0,-0.428,12.940364168650662,1.962,0,0,0.0,361178.51,1039,2021,4
2021-12-20,Beans (white),416800.0,NGN,NGN/MT,WFP Nigeria Food Prices,retail,National,,,0.96,True,WFP VAM data — converted from NGN/2.5KG to NGN/MT (×400),Agricome,historical,False,,416800.0,401.0,328.8,170.82500000000002,15.4,18.1,1,0,0,0,0,0,0,0,0,1,0,1,1,1,1,0,0,0,0,1,-2.4492935982947064e-16,1.0,-0.1205366802553236,0.992708874098054,1039.4,416800.0,416800.0,416800.0,499900.0,571700.0,522400.0,246240.0,416800.0,0.0,427187.5,20609.459513256792,462025.0,55498.88000507898,519667.6923076923,67039.50908577246,416800.0,416800.0,557000.0,416800.0,0.0,0.0,-27.09463005072591,69.26575698505523,-19.795,0.0,-0.479,12.940364168650662,1.962,0,0,0.0,361178.51,1040,2021,4
2021-12-27,Beans (white),427200.0,NGN,NGN/MT,Interpolated,retail,National,,,0.69,False,Gap-filled by interpolation,Interpolated,historical,False,,427200.0,401.0,328.8,170.82500000000002,15.4,18.1,1,0,0,0,0,0,0,0,0,1,0,1,1,1,1,0,0,0,0,1,-2.4492935982947064e-16,1.0,6.432490598706546e-16,1.0,1065.34,416800.0,416800.0,416800.0,472200.0,557000.0,531100.0,249800.0,419400.0,5200.0,421562.5,9957.04165761236,451208.3333333333,47357.35439349923,515671.53846153844,69386.38786922328,427200.0,416800.0,542300.0,416800.0,2.49520153550864,2.49520153550864,-23.30341113105925,71.01681345076061,-18.669,2.49520153550864,-0.429,12.965009907449353,1.962,0,0,0.0,370190.64,1041,2021,4
2022-01-03,Beans (white),437600.0,NGN,NGN/MT,Interpolated,retail,National,,,0.69,False,Gap-filled by interpolation,Interpolated,historical,False,,437600.0,425.98,328.8,170.82500000000002,15.4,18.1,1,0,0,0,0,0,0,0,0,1,0,0,1,0,0,0,0,0,0,1,0.4999999999999999,0.8660254037844387,0.120536680255323,0.992708874098054,1027.28,427200.0,416800.0,416800.0,444500.0,542300.0,539800.0,256000.0,424600.0,9957.24192066591,420700.0,7737.847615085543,442483.3333333333,37711.7014233299,511740.76923076925,70844.34441354126,437600.0,416800.0,527600.0,416800.0,2.434456928838946,4.99040307101728,-19.306656832011804,70.93750000000001,-17.028,-0.060744606669693724,-0.375,12.989062815279254,1.962,0,0,0.0,379202.77,1042,2022,1
2022-01-10,Beans (white),448000.0,NGN,NGN/MT,Interpolated,retail,National,,,0.69,False,Gap-filled by interpolation,Interpolated,historical,False,,448000.0,425.98,369.25,214.0,15.4,18.1,1,0,0,0,0,0,0,0,0,1,0,0,1,0,0,0,0,0,0,1,0.4999999999999999,0.8660254037844387,0.2393156642875577,0.970941817426052,1051.69,437600.0,427200.0,416800.0,416800.0,527600.0,548500.0,262200.0,432400.0,13426.342266852376,424600.0,12115.633348222898,435850.0,26801.407697085742,507875.3846153846,71497.18927234829,448000.0,416800.0,499900.0,416800.0,2.376599634369292,7.48560460652592,-15.087187263078095,70.86193745232647,-14.861,-0.057857294469654263,-0.318,13.012550743537489,2.272,0,0,0.0,388214.9,1043,2022,1
2022-01-17,Beans (white),458400.0,NGN,NGN/MT,WFP Nigeria Food Prices,retail,National,,,0.96,True,WFP VAM data — converted from NGN/2.5KG to NGN/MT (×400),Agricome,historical,False,,458400.0,425.98,369.25,214.0,15.4,18.1,1,0,0,0,0,0,0,0,0,1,0,0,1,0,0,0,0,0,0,1,0.4999999999999999,0.8660254037844387,0.3546048870425356,0.9350162426854148,1076.11,448000.0,437600.0,416800.0,416800.0,499900.0,557200.0,268400.0,442800.0,13426.342266852376,429800.0,16443.843832875547,432391.6666666667,19456.359480703824,504075.3846153846,71396.26260418678,458400.0,427200.0,472200.0,416800.0,2.321428571428563,9.98080614203456,-8.301660332066419,70.78986587183309,-12.156,-0.05517106294072871,-0.255,13.03549962588116,2.272,0,0,0.0,397227.04,1044,2022,1
2022-01-24,Beans (white),460560.0,NGN,NGN/MT,Interpolated,retail,National,,,0.69,False,Gap-filled by interpolation,Interpolated,historical,False,,460560.0,425.98,369.25,214.0,15.4,18.1,1,0,0,0,0,0,0,0,0,1,0,0,1,0,0,0,0,0,0,1,0.4999999999999999,0.8660254037844387,0.4647231720437685,0.8854560256532099,1081.18,458400.0,448000.0,427200.0,416800.0,472200.0,563700.0,279400.0,451140.0,10561.489793900602,435270.0,18634.110044293946,431421.6666666667,17481.18460378082,500108.46153846156,70813.84139798032,460560.0,437600.0,460560.0,416800.0,0.47120418848167755,7.808988764044944,-2.4650571791613674,64.83894058697209,-9.792,-1.8502243829468856,-0.288,13.040200590617092,2.272,0,0,0.0,399098.79,1045,2022,1
2022-01-31,Beans (white),462720.0,NGN,NGN/MT,Interpolated,retail,National,,,0.69,False,Gap-filled by interpolation,Interpolated,historical,False,,462720.0,425.98,369.25,214.0,15.4,18.1,1,0,0,0,0,0,0,0,0,1,0,0,1,0,0,0,0,0,0,1,0.4999999999999999,0.8660254037844387,0.5680647467311558,0.8229838658936564,1086.25,460560.0,458400.0,437600.0,416800.0,444500.0,570200.0,290400.0,457420.0,6522.944120563968,441010.0,19195.94897739772,432940.0,19405.689887245695,495974.6153846154,69686.6618073072,462720.0,448000.0,462720.0,416800.0,0.46899426784783316,5.740402193784289,4.09898762654668,59.33884297520662,-7.774,-0.0022099206338443977,-0.324,13.04487955964431,2.272,0,0,0.0,400970.54,1046,2022,1
2022-02-07,Beans (white),464880.0,NGN,NGN/MT,Interpolated,retail,National,,,0.69,False,Gap-filled by interpolation,Interpolated,historical,False,,464880.0,425.98,369.25,214.0,15.4,18.1,1,0,0,0,0,0,0,0,1,1,0,0,1,0,0,0,0,0,0,0,0.8660254037844386,0.5000000000000001,0.6631226582407952,0.7485107481711011,1091.32,462720.0,460560.0,448000.0,416800.0,416800.0,576700.0,301400.0,461640.0,2788.5480092693474,447020.0,18024.12351742597,436946.6666666667,20691.263564092485,491673.8461538461,67933.83434353785,464880.0,458400.0,464880.0,416800.0,0.4668049792531104,3.767857142857145,11.535508637236092,54.24021234240213,-6.108,-0.0021892885947227825,-0.362,13.049536737839428,2.272,0,0,0.0,402842.29,1047,2022,1
2022-02-14,Beans (white),467040.0,NGN,NGN/MT,Interpolated,retail,National,,,0.69,False,Gap-filled by interpolation,Interpolated,historical,False,,467040.0,425.98,383.6,213.775,15.4,18.1,1,0,0,0,0,0,0,0,1,1,0,0,1,0,0,0,0,0,0,0,0.8660254037844386,0.5000000000000001,0.7485107481711011,0.6631226582407953,1096.39,464880.0,462720.0,458400.0,416800.0,416800.0,583200.0,312400.0,463800.0,2788.5480092693474,453300.0,14373.229083463251,441133.3333333333,21317.501701368186,487206.1538461539,65447.985030978976,467040.0,460560.0,467040.0,416800.0,0.4646360351058254,1.8848167539267102,12.053742802303269,49.500640204865554,-4.804,-0.002168944147284968,-0.402,13.054172327229876,2.334,0,0,0.0,404714.04,1048,2022,1
2022-02-21,Beans (white),469200.0,NGN,NGN/MT,WFP Nigeria Food Prices,retail,National,,,0.96,True,WFP VAM data — converted from NGN/2.5KG to NGN/MT (×400),Agricome,historical,False,,469200.0,425.98,383.6,213.775,15.4,18.1,1,0,0,0,0,0,0,0,1,1,0,0,1,0,0,0,0,0,0,0,0.8660254037844386,0.5000000000000001,0.8229838658936564,0.5680647467311559,1101.46,467040.0,464880.0,460560.0,427200.0,416800.0,583840.0,342400.0,465960.0,2788.5480092693474,458550.0,10671.912400582845,445500.0,21246.62112174238,482796.92307692306,62471.31045651047,469200.0,462720.0,469200.0,416800.0,0.4624871531346386,1.8759770713913548,12.571976967370446,37.03271028037383,-3.487,-0.002148881971186789,-0.432,13.058786527046484,2.334,0,0,0.0,406585.79,1049,2022,1
2022-02-28,Beans (white),486700.0,NGN,NGN/MT,Interpolated,retail,National,,,0.69,False,Gap-filled by interpolation,Interpolated,historical,False,,486700.0,425.98,383.6,213.775,15.4,18.1,1,0,0,0,0,0,0,0,1,1,0,0,1,0,0,0,0,0,0,0,0.8660254037844386,0.5000000000000001,0.8854560256532099,0.4647231720437686,1142.54,469200.0,467040.0,462720.0,437600.0,416800.0,584480.0,372400.0,471955.0,9986.956493346712,464687.5,11015.552317389373,451325.0,22222.409860318152,479036.1538461539,58949.01987832587,486700.0,464880.0,486700.0,416800.0,3.729752770673489,5.18239972337482,16.770633397312864,30.69280343716434,-1.478,3.2672656175388504,-0.179,13.095405250473226,2.334,1,2,0.0,421750.43,1050,2022,1
2022-03-07,Beans (white),504200.0,NGN,NGN/MT,Interpolated,retail,National,,,0.69,False,Gap-filled by interpolation,Interpolated,historical,False,,504200.0,425.98,383.6,213.775,15.4,18.1,1,0,0,1,0,0,0,0,1,1,0,0,0,0,0,0,0,0,0,0,1.0,6.123233995736766e-17,0.9350162426854148,0.3546048870425355,1183.62,486700.0,469200.0,464880.0,448000.0,416800.0,585120.0,402400.0,481785.0,17343.458901461003,471712.5,15754.168382639908,458608.3333333333,24119.809223326552,475923.8461538461,55137.01566656707,504200.0,467040.0,504200.0,416800.0,3.595644133963427,8.45809671313027,20.969289827255277,25.29821073558649,1.232,-0.1341086367100619,0.099,13.130730277073933,2.334,1,2,0.0,436915.08,1051,2022,1
2022-03-14,Beans (white),521700.0,NGN,NGN/MT,Interpolated,retail,National,,,0.69,False,Gap-filled by interpolation,Interpolated,historical,False,,521700.0,425.98,546.281111111111,217.0390909090909,15.4,18.1,1,0,0,1,0,0,0,0,1,1,0,0,0,0,0,0,0,0,0,0,1.0,6.123233995736766e-17,0.970941817426052,0.239315664287558,1224.71,504200.0,486700.0,467040.0,458400.0,416800.0,585760.0,432400.0,495450.0,22592.402852876603,479625.0,22545.26557838695,467350.0,26483.336098555807,473460.0,51332.60328485086,521700.0,469200.0,521700.0,427200.0,3.47084490281635,11.703494347379229,25.16794625719769,20.65217391304348,4.645,-0.12479923114707692,0.393,13.164849905819075,3.053,1,2,0.0,452079.72,1052,2022,1
2022-03-21,Beans (white),521700.0,NGN,NGN/MT,WFP Nigeria Food Prices,retail,National,,,0.96,True,WFP VAM data — converted from NGN/2.5KG to NGN/MT (×400),Agricome,historical,False,,539200.0,425.98,546.281111111111,217.0390909090909,15.4,18.1,1,0,0,1,0,0,0,0,1,1,0,0,0,0,0,0,0,0,0,0,1.0,6.123233995736766e-17,0.992708874098054,0.120536680255323,1224.71,521700.0,504200.0,469200.0,460560.0,427200.0,585760.0,450960.0,508575.0,16754.974385735924,487267.5,25347.84282171335,475225.0,27490.08168247369,470996.1538461539,47088.80020360754,521700.0,486700.0,521700.0,437600.0,0.0,11.189258312020467,22.12078651685394,15.686535391165513,7.979,-3.47084490281635,0.371,13.164849905819075,3.053,1,2,0.0,452079.72,1053,2022,1
2022-03-28,Beans (white),469600.0,NGN,NGN/MT,Interpolated,retail,National,,,0.69,False,Gap-filled by interpolation,Interpolated,historical,False,,469600.0,425.98,546.281111111111,217.0390909090909,15.4,18.1,1,0,0,1,0,0,0,0,1,1,0,0,0,0,0,0,0,0,0,0,1.0,6.123233995736766e-17,1.0,-1.6081226496766364e-16,1102.4,521700.0,521700.0,486700.0,462720.0,437600.0,571700.0,469520.0,504300.0,24560.266013760254,488127.5,24498.50126611246,477891.6666666667,24942.510565965888,467069.23076923075,42376.23078312304,521700.0,469600.0,521700.0,448000.0,-9.986582327007854,-3.5134579823299816,7.312614259597816,0.01703867779860868,7.971,-9.986582327007854,-0.602,13.059638676965648,3.053,1,2,0.0,406932.41,1054,2022,1
2022-04-04,Beans (white),400000.0,NGN,NGN/MT,Interpolated,retail,National,,,0.69,False,Gap-filled by interpolation,Interpolated,historical,False,,400000.0,425.98,546.281111111111,217.0390909090909,15.4,18.1,0,1,1,1,0,0,0,0,1,0,0,0,0,0,0,0,0,1,0,0,0.8660254037844387,-0.4999999999999998,0.992708874098054,-0.1205366802553228,939.01,469600.0,521700.0,504200.0,464880.0,448000.0,557000.0,488080.0,478250.0,57659.02646883082,480017.5,39462.58472093715,473891.6666666667,32787.216420520424,461030.76923076925,40177.76667990038,521700.0,400000.0,521700.0,400000.0,-14.821124361158432,-20.66640222134074,-10.71428571428571,-18.04622193083101,3.735,-4.834542034150578,-1.808,12.899222326086994,3.053,1,2,0.333,346620.45,1055,2022,2
2022-04-11,Beans (white),330400.0,NGN,NGN/MT,Interpolated,retail,National,,,0.69,False,Gap-filled by interpolation,Interpolated,historical,False,,330400.0,425.98,636.4309999999999,206.715,15.4,18.1,0,1,1,1,0,0,0,0,1,0,0,0,0,0,0,0,0,1,0,0,0.8660254037844387,-0.4999999999999998,0.970941817426052,-0.2393156642875575,775.62,400000.0,469600.0,521700.0,467040.0,458400.0,542300.0,506640.0,430425.0,83259.60905505142,462937.5,66315.52150784266,463225.0,52923.22956200522,452880.76923076925,44312.0969418569,521700.0,330400.0,521700.0,330400.0,-17.400000000000006,-36.66858347709412,-27.923211169284468,-34.786041370598454,-4.958,-2.5788756388415734,-2.765,12.708062347258762,3.414,1,2,0.333,286308.49,1056,2022,2
2022-04-18,Beans (white),325800.0,NGN,NGN/MT,WFP Nigeria Food Prices,retail,National,,,0.96,True,WFP VAM data — converted from NGN/2.5KG to NGN/MT (×400),Agricome,historical,False,,260800.0,425.98,636.4309999999999,206.715,15.4,18.1,0,1,1,1,0,0,0,0,1,0,0,0,0,0,0,0,0,1,0,0,0.8660254037844387,-0.4999999999999998,0.9350162426854148,-0.3546048870425354,764.82,330400.0,400000.0,521700.0,469200.0,460560.0,527600.0,511300.0,381450.0,67866.41290063887,445012.5,81924.41529500575,451995.0,66177.94476052608,445119.23076923075,48203.455637376595,469600.0,325800.0,521700.0,325800.0,-1.3922518159806274,-37.55031627372053,-29.260031266284525,-36.28007040876198,-14.304,16.007748184019377,-2.591,12.69404204451308,3.414,1,2,0.333,282322.36,1057,2022,2
2022-04-25,Beans (white),325800.0,NGN,NGN/MT,Interpolated,retail,National,,,0.69,False,Gap-filled by interpolation,Interpolated,historical,False,,325800.0,425.98,636.4309999999999,206.715,15.4,18.1,0,1,1,1,0,0,0,0,1,0,0,0,0,0,0,0,0,1,0,0,0.8660254037844387,-0.4999999999999998,0.8854560256532099,-0.4647231720437685,764.82,325800.0,330400.0,469600.0,486700.0,462720.0,499900.0,511300.0,345500.0,36397.98529222923,424900.0,89617.39308224236,440585.0,75331.1593746388,438423.07692307694,52214.81558096105,400000.0,325800.0,521700.0,325800.0,0.0,-30.62180579216355,-29.590248962655597,-36.28007040876198,-21.195,1.3922518159806274,-2.388,12.69404204451308,3.414,1,2,0.333,282322.36,1058,2022,2
2022-05-02,Beans (white),390800.0,NGN,NGN/MT,Interpolated,retail,National,,,0.69,False,Gap-filled by interpolation,Interpolated,historical,False,,390800.0,425.98,636.4309999999999,206.715,15.4,18.1,0,1,1,1,0,0,0,0,1,0,1,0,0,0,0,0,0,0,0,0,0.4999999999999999,-0.8660254037844387,0.8229838658936565,-0.5680647467311557,917.41,325800.0,325800.0,400000.0,504200.0,464880.0,472200.0,497400.0,343200.0,31807.336679871023,410725.0,84079.73681486605,434411.6666666667,76189.71415108601,435292.3076923077,52547.84732471416,390800.0,325800.0,521700.0,325800.0,19.95089011663598,-2.300000000000002,-15.935295129925997,-21.431443506232405,-21.156,19.95089011663598,-1.384,12.875953758001124,3.414,1,2,0.333,338648.18,1059,2022,2
2022-05-09,Beans (white),455800.0,NGN,NGN/MT,Interpolated,retail,National,,,0.69,False,Gap-filled by interpolation,Interpolated,historical,False,,455800.0,425.98,672.7941666666667,191.519,15.4,18.1,0,1,1,1,0,0,0,0,1,0,1,0,0,0,0,0,0,0,0,0,0.4999999999999999,-0.8660254037844387,0.7485107481711013,-0.663122658240795,1070.0,390800.0,325800.0,330400.0,521700.0,467040.0,444500.0,483500.0,374550.0,62232.76200416199,402487.5,74315.2250791951,433475.0,75820.31539945399,435726.92307692306,52673.628754375524,455800.0,325800.0,521700.0,325800.0,16.632548618219033,37.95399515738498,-2.406646111682087,-5.729058945191312,-14.04,-3.3183414984169453,-0.446,13.029811589736028,3.526,1,2,0.333,394974.0,1060,2022,2
2022-05-16,Beans (white),515720.0,NGN,NGN/MT,WFP Nigeria Food Prices,retail,National,,,0.96,True,WFP VAM data — converted from NGN/2.5KG to NGN/MT (×400),Agricome,historical,False,,520800.0,425.98,672.7941666666667,191.519,15.4,18.1,0,1,1,1,0,0,0,0,1,0,1,0,0,0,0,0,0,0,0,0,0.4999999999999999,-0.8660254037844387,0.6631226582407952,-0.7485107481711012,1210.67,455800.0,390800.0,325800.0,521700.0,469200.0,416800.0,480160.0,422030.0,81962.90787097947,401740.0,72962.59080613061,437351.6666666667,78938.14861054547,439531.53846153844,54782.1469234128,515720.0,325800.0,521700.0,325800.0,13.146116717858703,58.29343155310007,9.914748508098882,7.405864711762744,-3.982,-3.48643190036033,0.399,13.15332120055958,3.526,1,2,0.333,446897.75,1061,2022,2
2022-05-23,Beans (white),515720.0,NGN,NGN/MT,Interpolated,retail,National,,,0.69,False,Gap-filled by interpolation,Interpolated,historical,False,,515720.0,425.98,672.7941666666667,191.519,15.4,18.1,0,1,1,1,0,0,0,0,1,0,1,0,0,0,0,0,0,0,0,0,0.4999999999999999,-0.8660254037844387,0.5680647467311558,-0.8229838658936564,1210.67,515720.0,455800.0,325800.0,469600.0,486700.0,416800.0,480160.0,469510.0,59592.94253516938,407505.0,80520.94368193018,439770.0,81004.88313002524,443336.1538461539,56546.86439242502,515720.0,390800.0,521700.0,325800.0,0.0,58.29343155310007,5.962605301006785,7.405864711762744,5.904,-13.146116717858703,0.389,13.15332120055958,3.526,1,2,0.333,446897.75,1062,2022,2
2022-05-30,Beans (white),510640.0,NGN,NGN/MT,Interpolated,retail,National,,,0.69,False,Gap-filled by interpolation,Interpolated,historical,False,,510640.0,425.98,672.7941666666667,191.519,15.4,18.1,0,1,1,1,0,0,0,0,1,0,1,0,0,0,0,0,0,0,0,0,0.4999999999999999,-0.8660254037844387,0.464723172043769,-0.8854560256532096,1198.74,515720.0,515720.0,390800.0,400000.0,504200.0,416800.0,490720.0,499470.0,29211.657490346774,421335.0,88184.63471603201,440306.6666666667,81490.42211799895,446945.3846153846,57766.99640665135,515720.0,455800.0,521700.0,325800.0,-0.9850306367796491,30.66530194472876,1.2772709242364177,4.0593413759373975,11.752,-0.9850306367796491,0.311,13.143422078254828,3.526,1,2,0.333,442495.67,1063,2022,2
2022-06-06,Beans (white),505560.0,NGN,NGN/MT,Interpolated,retail,National,,,0.69,False,Gap-filled by interpolation,Interpolated,historical,False,,505560.0,425.98,672.7941666666667,191.519,15.4,18.1,0,1,1,0,0,0,0,1,0,0,1,0,0,0,0,0,0,0,1,0,1.2246467991473532e-16,-1.0,0.3546048870425358,-0.9350162426854148,1186.82,510640.0,515720.0,455800.0,330400.0,521700.0,416800.0,501280.0,511910.0,4863.729707402115,443230.0,84028.27483310943,438961.6666666667,80147.01966140735,450359.23076923075,58531.8931129391,515720.0,505560.0,521700.0,325800.0,-0.9948300172332725,10.917068889863968,-3.093732029902241,0.8538142355569711,13.667,-0.009799380453623385,0.237,13.133423982763695,3.526,1,2,0.667,438093.59,1064,2022,2
2022-06-13,Beans (white),500480.0,NGN,NGN/MT,Interpolated,retail,National,,,0.69,False,Gap-filled by interpolation,Interpolated,historical,False,,500480.0,425.98,746.3121428571429,197.45916666666668,15.4,18.1,0,1,1,0,0,0,0,1,0,0,1,0,0,0,0,0,0,0,1,0,1.2246467991473532e-16,-1.0,0.2393156642875576,-0.970941817426052,1174.89,505560.0,510640.0,515720.0,325800.0,521700.0,416800.0,511840.0,508100.0,6558.251799577831,465065.0,70810.48812549896,437193.3333333333,78369.95126070971,453577.6923076923,58912.17580824398,515720.0,500480.0,515720.0,325800.0,-1.004826331197084,-2.9550919103389472,-4.06747172704619,-2.2194435761175413,12.021,-0.00999631396381151,0.168,13.123324914978873,3.865,1,2,0.667,433691.51,1065,2022,2
2022-06-20,Beans (white),500480.0,NGN,NGN/MT,Interpolated,retail,National,,,0.69,False,Gap-filled by interpolation,Interpolated,historical,False,,500480.0,425.98,746.3121428571429,197.45916666666668,15.4,18.1,0,1,1,0,0,0,0,1,0,0,1,0,0,0,0,0,0,0,1,0,1.2246467991473532e-16,-1.0,0.120536680255323,-0.992708874098054,1174.89,500480.0,505560.0,515720.0,325800.0,469600.0,416800.0,522400.0,504290.0,4863.729707402115,486900.0,43332.96468707661,439766.6666666667,80020.38800811737,456796.1538461539,59108.042909702985,510640.0,500480.0,515720.0,325800.0,0.0,-2.9550919103389472,6.575809199318572,-4.1960183767228205,10.397,1.004826331197084,0.175,13.123324914978873,3.865,1,2,0.667,433691.51,1066,2022,2
2022-06-27,Beans (white),500480.0,NGN,NGN/MT,Interpolated,retail,National,,,0.69,False,Gap-filled by interpolation,Interpolated,historical,False,,500480.0,425.98,746.3121428571429,197.45916666666668,15.4,18.1,0,1,1,0,0,0,0,1,0,0,1,0,0,0,0,0,0,0,1,0,1.2246467991473532e-16,-1.0,-3.216245299353273e-16,-1.0,1174.89,500480.0,500480.0,510640.0,390800.0,400000.0,427200.0,531100.0,501750.0,2539.999999999832,500610.0,19234.32348693346,448140.0,80734.83871178629,459614.6153846154,59386.80919064482,505560.0,500480.0,515720.0,325800.0,0.0,-1.989660034466556,25.120000000000008,-5.765392581434758,9.168,0.0,0.184,13.123324914978873,3.865,1,2,0.667,433691.51,1067,2022,2
2022-07-04,Beans (white),500480.0,NGN,NGN/MT,Interpolated,retail,National,,,0.69,False,Gap-filled by interpolation,Interpolated,historical,False,,500480.0,425.98,746.3121428571429,197.45916666666668,15.4,18.1,0,1,1,0,0,0,1,1,0,0,1,0,0,0,0,0,0,0,1,0,-0.4999999999999997,-0.8660254037844388,-0.1205366802553228,-0.992708874098054,1174.89,500480.0,500480.0,505560.0,455800.0,330400.0,437600.0,539800.0,500480.0,0.0,506195.0,6889.509623851537,462313.3333333333,72717.02530836189,462033.07692307694,59733.77307816529,500480.0,500480.0,515720.0,325800.0,0.0,-1.004826331197084,51.47699757869248,-7.284179325676177,8.321,0.0,0.195,13.123324914978873,3.865,1,2,0.667,433691.51,1068,2022,3
2022-07-11,Beans (white),500480.0,NGN,NGN/MT,Interpolated,retail,National,,,0.69,False,Gap-filled by interpolation,Interpolated,historical,False,,500480.0,425.98,862.6516666666666,202.13466666666667,15.4,18.1,0,1,1,0,0,0,1,1,0,0,1,0,0,0,0,0,0,0,1,0,-0.4999999999999997,-0.8660254037844388,-0.2393156642875574,-0.970941817426052,1174.89,500480.0,500480.0,500480.0,515720.0,325800.0,448000.0,548500.0,500480.0,0.0,504290.0,5918.020904708902,476870.0,59117.34801531289,464051.53846153844,60126.00134333198,500480.0,500480.0,515720.0,325800.0,0.0,0.0,53.615715162676494,-8.754785779398356,7.85,0.0,0.21,13.123324914978873,4.386,1,2,0.667,433691.51,1069,2022,3
2022-07-18,Beans (white),500480.0,NGN,NGN/MT,Interpolated,retail,National,,,0.69,False,Gap-filled by interpolation,Interpolated,historical,False,,500480.0,425.98,862.6516666666666,202.13466666666667,15.4,18.1,0,1,1,0,0,0,1,1,0,0,1,0,0,0,0,0,0,0,1,0,-0.4999999999999997,-0.8660254037844388,-0.3546048870425356,-0.9350162426854148,1174.89,500480.0,500480.0,500480.0,515720.0,325800.0,458400.0,557200.0,500480.0,0.0,502385.0,3779.6409504456665,491426.6666666667,35208.46730116157,465670.0,60532.7643512164,500480.0,500480.0,515720.0,390800.0,0.0,0.0,53.615715162676494,-10.179468772433598,7.475,0.0,0.228,13.123324914978873,4.386,1,2,0.667,433691.51,1070,2022,3
2022-07-25,Beans (white),500480.0,NGN,NGN/MT,Interpolated,retail,National,,,0.69,False,Gap-filled by interpolation,Interpolated,historical,False,,500480.0,425.98,862.6516666666666,202.13466666666667,15.4,18.1,0,1,1,0,0,0,1,1,0,0,1,0,0,0,0,0,0,0,1,0,-0.4999999999999997,-0.8660254037844388,-0.464723172043768,-0.8854560256532101,1174.89,500480.0,500480.0,500480.0,510640.0,390800.0,460560.0,563700.0,500480.0,0.0,501115.0,1796.0512242138516,500566.6666666667,15343.815652825035,467205.3846153846,60903.11008352567,500480.0,500480.0,515720.0,455800.0,0.0,0.0,28.065506653019455,-11.215185382295545,7.122,0.0,0.249,13.123324914978873,4.386,1,2,0.667,433691.51,1071,2022,3
2022-08-01,Beans (white),500480.0,NGN,NGN/MT,Interpolated,retail,National,,,0.69,False,Gap-filled by interpolation,Interpolated,historical,False,,500480.0,425.98,862.6516666666666,202.13466666666667,20.5,25.7,0,1,0,0,1,0,1,1,0,0,1,0,0,0,0,1,0,0,1,0,-0.8660254037844384,-0.5000000000000004,-0.5680647467311556,-0.8229838658936565,1174.89,500480.0,500480.0,500480.0,505560.0,455800.0,462720.0,570200.0,500480.0,0.0,500480.0,0.0,504290.0,6174.389922016043,468657.6923076923,61241.15043384986,500480.0,500480.0,515720.0,500480.0,0.0,0.0,9.802544975866612,-12.227288670641878,6.79,0.0,0.274,13.123324914978873,4.386,1,2,0.333,415336.1,1072,2022,3
2022-08-08,Beans (white),500480.0,NGN,NGN/MT,Interpolated,retail,National,,,0.69,False,Gap-filled by interpolation,Interpolated,historical,False,,500480.0,425.98,862.6516666666666,202.13466666666667,20.5,25.7,0,1,0,0,1,0,1,1,0,0,1,0,0,0,0,1,0,0,1,0,-0.8660254037844384,-0.5000000000000004,-0.663122658240795,-0.7485107481711013,1174.89,500480.0,500480.0,500480.0,500480.0,515720.0,464880.0,576700.0,500480.0,0.0,500480.0,0.0,503020.0,5080.000000000153,470026.92307692306,61550.5016563938,500480.0,500480.0,515720.0,500480.0,0.0,0.0,-2.9550919103389472,-13.216577076469571,6.479,0.0,0.302,13.123324914978873,4.386,1,2,0.333,415336.1,1073,2022,3
2022-08-15,Beans (white),500480.0,NGN,NGN/MT,Interpolated,retail,National,,,0.69,False,Gap-filled by interpolation,Interpolated,historical,False,,500480.0,425.98,885.6577777777778,203.46615384615384,20.5,25.7,0,1,0,0,1,0,1,1,0,0,1,0,0,0,0,1,0,0,1,0,-0.8660254037844384,-0.5000000000000004,-0.7485107481711011,-0.6631226582407952,1174.89,500480.0,500480.0,500480.0,500480.0,515720.0,467040.0,583200.0,500480.0,0.0,500480.0,0.0,501750.0,3157.6343273810708,471313.07692307694,61834.31589460446,500480.0,500480.0,510640.0,500480.0,0.0,0.0,-2.9550919103389472,-14.183813443072701,6.188,0.0,0.334,13.123324914978873,4.491,1,2,0.333,415336.1,1074,2022,3
2022-08-22,Beans (white),500480.0,NGN,NGN/MT,Interpolated,retail,National,,,0.69,False,Gap-filled by interpolation,Interpolated,historical,False,,500480.0,425.98,885.6577777777778,203.46615384615384,20.5,25.7,0,1,0,0,1,0,1,1,0,0,1,0,0,0,0,1,0,0,1,0,-0.8660254037844384,-0.5000000000000004,-0.8229838658936564,-0.5680647467311559,1174.89,500480.0,500480.0,500480.0,500480.0,510640.0,469200.0,583840.0,500480.0,0.0,500480.0,0.0,500903.3333333333,1466.4696837417328,472516.1538461539,62095.30662308763,500480.0,500480.0,505560.0,500480.0,0.0,0.0,-1.989660034466556,-14.277884351877223,5.918,0.0,0.369,13.123324914978873,4.491,1,2,0.333,415336.1,1075,2022,3
2022-08-29,Beans (white),500480.0,NGN,NGN/MT,Interpolated,retail,National,,,0.69,False,Gap-filled by interpolation,Interpolated,historical,False,,500480.0,425.98,885.6577777777778,203.46615384615384,20.5,25.7,0,1,0,0,1,0,1,1,0,0,1,0,0,0,0,1,0,0,1,0,-0.8660254037844384,-0.5000000000000004,-0.8854560256532096,-0.4647231720437691,1174.89,500480.0,500480.0,500480.0,500480.0,505560.0,486700.0,584480.0,500480.0,0.0,500480.0,0.0,500480.0,0.0,473046.1538461539,62279.74611874449,500480.0,500480.0,500480.0,500480.0,0.0,0.0,-1.004826331197084,-14.371749247194089,5.799,0.0,0.407,13.123324914978873,4.491,1,2,0.333,415336.1,1076,2022,3
2022-09-05,Beans (white),500480.0,NGN,NGN/MT,Interpolated,retail,National,,,0.69,False,Gap-filled by interpolation,Interpolated,historical,False,,500480.0,425.98,885.6577777777778,203.46615384615384,20.5,25.7,0,1,0,0,1,1,0,0,0,0,0,0,0,0,0,1,0,0,0,0,-1.0,-1.8369701987210294e-16,-0.9350162426854148,-0.3546048870425359,1174.89,500480.0,500480.0,500480.0,500480.0,500480.0,504200.0,585120.0,500480.0,0.0,500480.0,0.0,500480.0,0.0,472903.07692307694,62209.5461979408,500480.0,500480.0,500480.0,500480.0,0.0,0.0,0.0,-14.465408805031444,5.831,0.0,0.448,13.123324914978873,4.491,1,2,0.333,415336.1,1077,2022,3
2022-09-12,Beans (white),500480.0,NGN,NGN/MT,Interpolated,retail,National,,,0.69,False,Gap-filled by interpolation,Interpolated,historical,False,,500480.0,425.98,851.5890909090908,199.2236363636364,20.5,25.7,0,1,0,0,1,1,0,0,0,0,0,0,0,0,0,1,0,0,0,0,-1.0,-1.8369701987210294e-16,-0.970941817426052,-0.2393156642875577,1174.89,500480.0,500480.0,500480.0,500480.0,500480.0,521700.0,585760.0,500480.0,0.0,500480.0,0.0,500480.0,0.0,472086.92307692306,61680.700110761805,500480.0,500480.0,500480.0,500480.0,0.0,0.0,0.0,-14.558863698443048,6.014,0.0,0.493,13.123324914978873,4.329,1,2,0.333,415336.1,1078,2022,3
2022-09-19,Beans (white),500480.0,NGN,NGN/MT,Interpolated,retail,National,,,0.69,False,Gap-filled by interpolation,Interpolated,historical,False,,500480.0,425.98,851.5890909090908,199.2236363636364,20.5,25.7,0,1,0,0,1,1,0,0,0,0,0,0,0,0,0,1,0,0,0,0,-1.0,-1.8369701987210294e-16,-0.992708874098054,-0.1205366802553235,1174.89,500480.0,500480.0,500480.0,500480.0,500480.0,521700.0,585760.0,500480.0,0.0,500480.0,0.0,500480.0,0.0,471270.76923076925,61135.950073459244,500480.0,500480.0,500480.0,500480.0,0.0,0.0,0.0,-14.558863698443048,6.198,0.0,0.543,13.123324914978873,4.329,1,2,0.333,415336.1,1079,2022,3
2022-09-26,Beans (white),500480.0,NGN,NGN/MT,Interpolated,retail,National,,,0.69,False,Gap-filled by interpolation,Interpolated,historical,False,,500480.0,425.98,851.5890909090908,199.2236363636364,20.5,25.7,0,1,0,0,1,1,0,0,0,0,0,0,0,0,0,1,0,0,0,0,-1.0,-1.8369701987210294e-16,-1.0,-1.8369701987210294e-16,1174.89,500480.0,500480.0,500480.0,500480.0,500480.0,469600.0,571700.0,500480.0,0.0,500480.0,0.0,500480.0,0.0,472458.46153846156,61401.57051361427,500480.0,500480.0,500480.0,500480.0,0.0,0.0,0.0,-12.457582648242083,5.931,0.0,0.587,13.123324914978873,4.329,1,2,0.333,415336.1,1080,2022,3
2022-10-03,Beans (white),500480.0,NGN,NGN/MT,Interpolated,retail,National,,,0.69,False,Gap-filled by interpolation,Interpolated,historical,False,,500480.0,425.98,851.5890909090908,199.2236363636364,20.5,25.7,0,1,0,0,0,1,0,0,0,1,0,1,0,1,1,1,1,0,0,0,-0.8660254037844386,0.5000000000000001,-0.992708874098054,0.1205366802553232,1174.89,500480.0,500480.0,500480.0,500480.0,500480.0,400000.0,557000.0,500480.0,0.0,500480.0,0.0,500480.0,0.0,476323.07692307694,59799.8270746139,500480.0,500480.0,500480.0,500480.0,0.0,0.0,0.0,-10.14721723518851,5.072,0.0,0.623,13.123324914978873,4.329,1,2,0.333,415336.1,1081,2022,4
2022-10-10,Beans (white),500480.0,NGN,NGN/MT,Interpolated,retail,National,,,0.69,False,Gap-filled by interpolation,Interpolated,historical,False,,500480.0,425.98,854.7120000000001,209.93166666666664,20.5,25.7,0,1,0,0,0,1,0,0,0,1,0,1,0,1,1,1,1,0,0,0,-0.8660254037844386,0.5000000000000001,-0.970941817426052,0.2393156642875573,1174.89,500480.0,500480.0,500480.0,500480.0,500480.0,330400.0,542300.0,500480.0,0.0,500480.0,0.0,500480.0,0.0,482864.6153846154,51991.503400517526,500480.0,500480.0,500480.0,500480.0,0.0,0.0,0.0,-7.7115987460815045,3.648,0.0,0.65,13.123324914978873,4.376,1,2,0.333,415336.1,1082,2022,4
2022-10-17,Beans (white),500480.0,NGN,NGN/MT,Interpolated,retail,National,,,0.69,False,Gap-filled by interpolation,Interpolated,historical,False,,500480.0,425.98,854.7120000000001,209.93166666666664,20.5,25.7,0,1,0,0,0,1,0,0,0,1,0,1,0,1,1,1,1,0,0,0,-0.8660254037844386,0.5000000000000001,-0.9350162426854148,0.3546048870425355,1174.89,500480.0,500480.0,500480.0,500480.0,500480.0,325800.0,527600.0,500480.0,0.0,500480.0,0.0,500480.0,0.0,489583.07692307694,41009.919850613085,500480.0,500480.0,500480.0,500480.0,0.0,0.0,0.0,-5.140257771038669,2.226,0.0,0.667,13.123324914978873,4.376,1,2,0.333,415336.1,1083,2022,4
2022-10-24,Beans (white),500480.0,NGN,NGN/MT,Interpolated,retail,National,,,0.69,False,Gap-filled by interpolation,Interpolated,historical,False,,500480.0,425.98,854.7120000000001,209.93166666666664,20.5,25.7,0,1,0,0,0,1,0,0,0,1,0,1,0,1,1,1,1,0,0,0,-0.8660254037844386,0.5000000000000001,-0.8854560256532101,0.464723172043768,1174.89,500480.0,500480.0,500480.0,500480.0,500480.0,325800.0,499900.0,500480.0,0.0,500480.0,0.0,500480.0,0.0,496301.53846153844,23803.86854144333,500480.0,500480.0,500480.0,500480.0,0.0,0.0,0.0,0.11602320464092486,0.842,0.0,0.667,13.123324914978873,4.376,1,2,0.333,415336.1,1084,2022,4
2022-10-31,Beans (white),500480.0,NGN,NGN/MT,Interpolated,retail,National,,,0.69,False,Gap-filled by interpolation,Interpolated,historical,False,,500480.0,425.98,854.7120000000001,209.93166666666664,20.5,25.7,0,1,0,0,0,1,0,0,0,1,0,1,0,1,1,1,1,0,0,0,-0.8660254037844386,0.5000000000000001,-0.822983865893657,0.5680647467311548,1174.89,500480.0,500480.0,500480.0,500480.0,500480.0,390800.0,472200.0,500480.0,0.0,500480.0,0.0,500480.0,0.0,500520.0,10178.03124380391,500480.0,500480.0,500480.0,500480.0,0.0,0.0,0.0,5.988987717069039,-0.008,0.0,0.653,13.123324914978873,4.376,1,2,0.333,415336.1,1085,2022,4
2022-11-07,Beans (white),500480.0,NGN,NGN/MT,Interpolated,retail,National,,,0.69,False,Gap-filled by interpolation,Interpolated,historical,False,,500480.0,425.98,854.7120000000001,209.93166666666664,20.5,25.7,1,0,0,0,0,1,0,0,0,1,0,1,1,1,1,0,1,0,0,0,-0.5000000000000004,0.8660254037844384,-0.7485107481711011,0.6631226582407952,1174.89,500480.0,500480.0,500480.0,500480.0,500480.0,455800.0,444500.0,500480.0,0.0,500480.0,0.0,500480.0,0.0,502238.46153846156,4530.564373045369,500480.0,500480.0,500480.0,500480.0,0.0,0.0,0.0,12.59392575928009,-0.35,0.0,0.63,13.123324914978873,4.376,1,2,0.333,415336.1,1086,2022,4
2022-11-14,Beans (white),500480.0,NGN,NGN/MT,Interpolated,retail,National,,,0.69,False,Gap-filled by interpolation,Interpolated,historical,False,,500480.0,425.98,891.027142857143,239.774,20.5,25.7,1,0,0,0,0,1,0,0,0,1,0,1,1,1,1,0,1,0,0,0,-0.5000000000000004,0.8660254037844384,-0.6631226582407955,0.7485107481711007,1174.89,500480.0,500480.0,500480.0,500480.0,500480.0,515720.0,416800.0,500480.0,0.0,500480.0,0.0,500480.0,0.0,501652.3076923077,3608.643299272686,500480.0,500480.0,500480.0,500480.0,0.0,0.0,0.0,20.076775431861815,-0.234,0.0,0.602,13.123324914978873,4.626,1,2,0.333,415336.1,1087,2022,4
2022-11-21,Beans (white),500480.0,NGN,NGN/MT,Interpolated,retail,National,,,0.69,False,Gap-filled by interpolation,Interpolated,historical,False,,500480.0,425.98,891.027142857143,239.774,20.5,25.7,1,0,0,0,0,1,0,0,0,1,0,1,1,1,1,0,1,0,0,0,-0.5000000000000004,0.8660254037844384,-0.5680647467311559,0.8229838658936564,1174.89,500480.0,500480.0,500480.0,500480.0,500480.0,515720.0,416800.0,500480.0,0.0,500480.0,0.0,500480.0,0.0,501066.1538461539,2191.793926269665,500480.0,500480.0,500480.0,500480.0,0.0,0.0,0.0,20.076775431861815,-0.117,0.0,0.575,13.123324914978873,4.626,1,2,0.333,415336.1,1088,2022,4
2022-11-28,Beans (white),500480.0,NGN,NGN/MT,Interpolated,retail,National,,,0.69,False,Gap-filled by interpolation,Interpolated,historical,False,,500480.0,425.98,891.027142857143,239.774,20.5,25.7,1,0,0,0,0,1,0,0,0,1,0,1,1,1,1,0,1,0,0,0,-0.5000000000000004,0.8660254037844384,-0.4647231720437684,0.88545602565321,1174.89,500480.0,500480.0,500480.0,500480.0,500480.0,510640.0,416800.0,500480.0,0.0,500480.0,0.0,500480.0,0.0,500675.3846153846,996.2699664259546,500480.0,500480.0,500480.0,500480.0,0.0,0.0,0.0,20.076775431861815,-0.039,0.0,0.548,13.123324914978873,4.626,1,2,0.333,415336.1,1089,2022,4
2022-12-05,Beans (white),500480.0,NGN,NGN/MT,Interpolated,retail,National,,,0.69,False,Gap-filled by interpolation,Interpolated,historical,False,,500480.0,425.98,891.027142857143,239.774,20.5,25.7,1,0,0,0,0,0,0,0,0,1,0,1,1,1,1,0,0,0,0,1,-2.4492935982947064e-16,1.0,-0.3546048870425359,0.9350162426854148,1174.89,500480.0,500480.0,500480.0,500480.0,500480.0,505560.0,416800.0,500480.0,0.0,500480.0,0.0,500480.0,0.0,500480.0,0.0,500480.0,500480.0,500480.0,500480.0,0.0,0.0,0.0,20.076775431861815,0.0,0.0,0.52,13.123324914978873,4.626,1,2,0.0,415336.1,1090,2022,4
2022-12-12,Beans (white),500480.0,NGN,NGN/MT,Interpolated,retail,National,,,0.69,False,Gap-filled by interpolation,Interpolated,historical,False,,500480.0,425.98,903.882,283.076,20.5,25.7,1,0,0,0,0,0,0,0,0,1,0,1,1,1,1,0,0,0,0,1,-2.4492935982947064e-16,1.0,-0.2393156642875578,0.970941817426052,1174.89,500480.0,500480.0,500480.0,500480.0,500480.0,500480.0,416800.0,500480.0,0.0,500480.0,0.0,500480.0,0.0,500480.0,0.0,500480.0,500480.0,500480.0,500480.0,0.0,0.0,0.0,20.076775431861815,0.0,0.0,0.493,13.123324914978873,4.816,1,2,0.0,415336.1,1091,2022,4
2022-12-19,Beans (white),500480.0,NGN,NGN/MT,Interpolated,retail,National,,,0.69,False,Gap-filled by interpolation,Interpolated,historical,False,,500480.0,425.98,903.882,283.076,20.5,25.7,1,0,0,0,0,0,0,0,0,1,0,1,1,1,1,0,0,0,0,1,-2.4492935982947064e-16,1.0,-0.1205366802553236,0.992708874098054,1174.89,500480.0,500480.0,500480.0,500480.0,500480.0,500480.0,416800.0,500480.0,0.0,500480.0,0.0,500480.0,0.0,500480.0,0.0,500480.0,500480.0,500480.0,500480.0,0.0,0.0,0.0,20.076775431861815,0.0,0.0,0.466,13.123324914978873,4.816,1,2,0.0,415336.1,1092,2022,4
2022-12-26,Beans (white),500480.0,NGN,NGN/MT,Interpolated,retail,National,,,0.69,False,Gap-filled by interpolation,Interpolated,historical,False,,500480.0,425.98,903.882,283.076,20.5,25.7,1,0,0,0,0,0,0,0,0,1,0,1,1,1,1,0,0,0,0,1,-2.4492935982947064e-16,1.0,6.432490598706546e-16,1.0,1174.89,500480.0,500480.0,500480.0,500480.0,500480.0,500480.0,427200.0,500480.0,0.0,500480.0,0.0,500480.0,0.0,500480.0,0.0,500480.0,500480.0,500480.0,500480.0,0.0,0.0,0.0,17.15355805243446,0.0,0.0,0.44,13.123324914978873,4.816,1,2,0.0,415336.1,1093,2022,4
2023-01-02,Beans (white),500480.0,NGN,NGN/MT,Interpolated,retail,National,,,0.69,False,Gap-filled by interpolation,Interpolated,historical,False,,500480.0,460.0,903.882,283.076,20.5,25.7,1,0,0,0,0,0,0,0,0,1,0,0,1,0,0,0,0,0,0,1,0.4999999999999999,0.8660254037844387,0.120536680255323,0.992708874098054,1088.0,500480.0,500480.0,500480.0,500480.0,500480.0,500480.0,437600.0,500480.0,0.0,500480.0,0.0,500480.0,0.0,500480.0,0.0,500480.0,500480.0,500480.0,500480.0,0.0,0.0,0.0,14.369287020109688,0.0,0.0,0.417,13.123324914978873,4.816,0,0,0.0,415336.1,1094,2023,1
2023-01-09,Beans (white),500480.0,NGN,NGN/MT,Interpolated,retail,National,,,0.69,False,Gap-filled by interpolation,Interpolated,historical,False,,500480.0,460.0,896.8909090909091,291.6933333333333,20.5,25.7,1,0,0,0,0,0,0,0,0,1,0,0,1,0,0,0,0,0,0,1,0.4999999999999999,0.8660254037844387,0.2393156642875577,0.970941817426052,1088.0,500480.0,500480.0,500480.0,500480.0,500480.0,500480.0,448000.0,500480.0,0.0,500480.0,0.0,500480.0,0.0,500480.0,0.0,500480.0,500480.0,500480.0,500480.0,0.0,0.0,0.0,11.714285714285722,0.0,0.0,0.396,13.123324914978873,4.812,0,0,0.0,415336.1,1095,2023,1
2023-01-16,Beans (white),500480.0,NGN,NGN/MT,Interpolated,retail,National,,,0.69,False,Gap-filled by interpolation,Interpolated,historical,False,,500480.0,460.0,896.8909090909091,291.6933333333333,20.5,25.7,1,0,0,0,0,0,0,0,0,1,0,0,1,0,0,0,0,0,0,1,0.4999999999999999,0.8660254037844387,0.3546048870425356,0.9350162426854148,1088.0,500480.0,500480.0,500480.0,500480.0,500480.0,500480.0,458400.0,500480.0,0.0,500480.0,0.0,500480.0,0.0,500480.0,0.0,500480.0,500480.0,500480.0,500480.0,0.0,0.0,0.0,9.179755671902278,0.0,0.0,0.379,13.123324914978873,4.812,0,0,0.0,415336.1,1096,2023,1
2023-01-23,Beans (white),500480.0,NGN,NGN/MT,Interpolated,retail,National,,,0.69,False,Gap-filled by interpolation,Interpolated,historical,False,,500480.0,460.0,896.8909090909091,291.6933333333333,20.5,25.7,1,0,0,0,0,0,0,0,0,1,0,0,1,0,0,0,0,0,0,1,0.4999999999999999,0.8660254037844387,0.4647231720437685,0.8854560256532099,1088.0,500480.0,500480.0,500480.0,500480.0,500480.0,500480.0,460560.0,500480.0,0.0,500480.0,0.0,500480.0,0.0,500480.0,0.0,500480.0,500480.0,500480.0,500480.0,0.0,0.0,0.0,8.667708876150781,0.0,0.0,0.363,13.123324914978873,4.812,0,0,0.0,415336.1,1097,2023,1
2023-01-30,Beans (white),500480.0,NGN,NGN/MT,Interpolated,retail,National,,,0.69,False,Gap-filled by interpolation,Interpolated,historical,False,,500480.0,460.0,896.8909090909091,291.6933333333333,20.5,25.7,1,0,0,0,0,0,0,0,0,1,0,0,1,0,0,0,0,0,0,1,0.4999999999999999,0.8660254037844387,0.5680647467311558,0.8229838658936564,1088.0,500480.0,500480.0,500480.0,500480.0,500480.0,500480.0,462720.0,500480.0,0.0,500480.0,0.0,500480.0,0.0,500480.0,0.0,500480.0,500480.0,500480.0,500480.0,0.0,0.0,0.0,8.160442600276617,0.0,0.0,0.347,13.123324914978873,4.812,0,0,0.0,415336.1,1098,2023,1
2023-02-06,Beans (white),500480.0,NGN,NGN/MT,Interpolated,retail,National,,,0.69,False,Gap-filled by interpolation,Interpolated,historical,False,,500480.0,460.0,896.8909090909091,291.6933333333333,20.5,25.7,1,0,0,0,0,0,0,0,1,1,0,0,1,0,0,0,0,0,0,0,0.8660254037844386,0.5000000000000001,0.6631226582407952,0.7485107481711011,1088.0,500480.0,500480.0,500480.0,500480.0,500480.0,500480.0,464880.0,500480.0,0.0,500480.0,0.0,500480.0,0.0,500480.0,0.0,500480.0,500480.0,500480.0,500480.0,0.0,0.0,0.0,7.657890208225782,0.0,0.0,0.333,13.123324914978873,4.812,0,0,0.0,415336.1,1099,2023,1
2023-02-13,Beans (white),500480.0,NGN,NGN/MT,Interpolated,retail,National,,,0.69,False,Gap-filled by interpolation,Interpolated,historical,False,,500480.0,460.0,896.8909090909091,291.6933333333333,20.5,25.7,1,0,0,0,0,0,0,0,1,1,0,0,1,0,0,0,0,0,0,0,0.8660254037844386,0.5000000000000001,0.7485107481711011,0.6631226582407953,1088.0,500480.0,500480.0,500480.0,500480.0,500480.0,500480.0,467040.0,500480.0,0.0,500480.0,0.0,500480.0,0.0,500480.0,0.0,500480.0,500480.0,500480.0,500480.0,0.0,0.0,0.0,7.1599862966769345,0.0,0.0,0.319,13.123324914978873,4.812,0,0,0.0,415336.1,1100,2023,1
2023-02-20,Beans (white),317600.0,NGN,NGN/MT,WFP Nigeria Food Prices,retail,National,,,0.96,True,WFP VAM data — converted from NGN/2.5KG to NGN/MT (×400),Agricome,historical,False,,317600.0,460.0,896.8909090909091,291.6933333333333,20.5,25.7,1,0,0,0,0,0,0,0,1,1,0,0,1,0,0,0,0,0,0,0,0.8660254037844386,0.5000000000000001,0.8229838658936564,0.5680647467311559,690.43,500480.0,500480.0,500480.0,500480.0,500480.0,500480.0,469200.0,454760.0,91440.0,477620.0,64657.8440716979,485240.0,52792.90861469938,493446.1538461539,35865.7187940711,500480.0,317600.0,500480.0,317600.0,-36.54092071611254,-36.54092071611254,-36.54092071611254,-32.310315430520035,-7.84,-36.54092071611254,-3.223,12.66855115696477,4.812,0,0,0.0,263568.46,1101,2023,1
2023-02-27,Beans (white),315800.0,NGN,NGN/MT,Interpolated,retail,National,,,0.69,False,Gap-filled by interpolation,Interpolated,historical,False,,315800.0,460.0,896.8909090909091,291.6933333333333,20.5,25.7,1,0,0,0,0,0,0,0,1,1,0,0,1,0,0,0,0,0,0,0,0.8660254037844386,0.5000000000000001,0.8854560256532099,0.4647231720437686,686.52,317600.0,500480.0,500480.0,500480.0,500480.0,500480.0,486700.0,408590.0,106107.9770799538,454535.0,85074.96912387668,469850.0,71537.2973286726,486343.07692307694,49942.218354352735,500480.0,315800.0,500480.0,315800.0,-0.566750629722923,-36.900575447570326,-36.900575447570326,-35.11403328539141,-15.987,35.97417008638961,-2.911,12.66286754735978,4.812,0,0,0.0,262074.69,1102,2023,1
2023-03-06,Beans (white),314000.0,NGN,NGN/MT,Interpolated,retail,National,,,0.69,False,Gap-filled by interpolation,Interpolated,historical,False,,314000.0,460.0,896.8909090909091,291.6933333333333,20.5,25.7,1,0,0,1,0,0,0,0,1,1,0,0,0,0,0,0,0,0,0,0,1.0,6.123233995736766e-17,0.9350162426854148,0.3546048870425355,682.61,315800.0,317600.0,500480.0,500480.0,500480.0,500480.0,504200.0,361970.0,92351.69516581707,431225.0,95585.82306717127,454310.0,83528.1990489657,479170.76923076925,60173.22360805193,500480.0,314000.0,500480.0,314000.0,-0.5699810006333128,-37.26023017902813,-37.26023017902813,-37.72312574375248,-24.459,-0.0032303709103898015,-2.67,12.657151449598695,4.812,0,0,0.0,260580.91,1103,2023,1
2023-03-13,Beans (white),312200.0,NGN,NGN/MT,Interpolated,retail,National,,,0.69,False,Gap-filled by interpolation,Interpolated,historical,False,,312200.0,460.0,896.8909090909091,291.6933333333333,20.5,25.7,1,0,0,1,0,0,0,0,1,1,0,0,0,0,0,0,0,0,0,0,1.0,6.123233995736766e-17,0.970941817426052,0.239315664287558,678.7,314000.0,315800.0,500480.0,500480.0,500480.0,500480.0,521700.0,314900.0,2323.7900077244503,407690.0,99208.34699905908,438620.0,91381.33407967853,471929.23076923075,68288.25333382469,317600.0,312200.0,500480.0,312200.0,-0.573248407643312,-37.619884910485936,-37.619884910485936,-40.15717845505079,-33.274,-0.003267407009999168,-2.48,12.651402490133291,4.812,0,0,0.0,259087.14,1104,2023,1
2023-03-20,Beans (white),312200.0,NGN,NGN/MT,WFP Nigeria Food Prices,retail,National,,,0.96,True,WFP VAM data — converted from NGN/2.5KG to NGN/MT (×400),Agricome,historical,False,,310400.0,460.0,896.8909090909091,291.6933333333333,20.5,25.7,1,0,0,1,0,0,0,0,1,1,0,0,0,0,0,0,0,0,0,0,1.0,6.123233995736766e-17,0.992708874098054,0.120536680255323,678.7,312200.0,314000.0,317600.0,500480.0,500480.0,500480.0,521700.0,313550.0,1723.3687939614085,384155.0,96342.58737888008,422930.0,95848.96926462438,464687.6923076923,74810.9570748934,315800.0,312200.0,500480.0,312200.0,0.0,-1.700251889168769,-37.619884910485936,-40.15717845505079,-32.525,0.573248407643312,-2.3,12.651402490133291,4.812,0,0,0.0,259087.14,1105,2023,1
2023-03-27,Beans (white),338400.0,NGN,NGN/MT,Interpolated,retail,National,,,0.69,False,Gap-filled by interpolation,Interpolated,historical,False,,338400.0,460.0,896.8909090909091,291.6933333333333,20.5,25.7,1,0,0,1,0,0,0,0,1,1,0,0,0,0,0,0,0,1,0,0,1.0,6.123233995736766e-17,1.0,-1.6081226496766364e-16,735.65,312200.0,312200.0,315800.0,500480.0,500480.0,500480.0,469600.0,319200.0,12828.094168659662,363895.0,84727.74263149333,409423.3333333333,95345.98807723502,458453.8461538461,78377.06108687281,338400.0,312200.0,500480.0,312200.0,8.39205637411915,7.156428119062697,-32.3849104859335,-27.938671209540033,-30.375,8.39205637411915,-1.813,12.731986861792581,4.812,0,0,0.0,280829.88,1106,2023,1
2023-04-03,Beans (white),366400.0,NGN,NGN/MT,Interpolated,retail,National,,,0.69,False,Gap-filled by interpolation,Interpolated,historical,False,,366400.0,460.0,896.8909090909091,291.6933333333333,20.5,25.7,0,1,1,1,0,0,0,0,1,0,0,0,0,0,0,0,0,1,0,0,0.8660254037844387,-0.4999999999999998,0.992708874098054,-0.1205366802553228,796.52,338400.0,312200.0,314000.0,500480.0,500480.0,500480.0,400000.0,332300.0,25871.734898662417,347135.0,64757.97204095526,398250.0,91483.23343651557,453296.92307692306,79897.52570733248,366400.0,312200.0,500480.0,312200.0,8.274231678486998,16.68789808917197,-26.79028132992327,-8.399999999999997,-26.693,-0.11782469563215159,-1.389,12.81148364103603,4.812,0,0,0.333,304066.39,1107,2023,2
2023-04-10,Beans (white),394400.0,NGN,NGN/MT,Interpolated,retail,National,,,0.69,False,Gap-filled by interpolation,Interpolated,historical,False,,394400.0,460.0,896.8909090909091,291.6933333333333,20.5,25.7,0,1,1,1,0,0,0,0,1,0,0,0,0,0,0,0,0,1,0,0,0.8660254037844387,-0.4999999999999998,0.970941817426052,-0.2393156642875575,857.39,366400.0,338400.0,312200.0,500480.0,500480.0,500480.0,330400.0,352850.0,35455.276993230036,333875.0,30863.37404016056,389410.0,85645.73141196769,449216.92307692306,80099.97846537697,394400.0,312200.0,500480.0,312200.0,7.641921397379914,26.329276105060863,-21.19565217391305,19.370460048426153,-21.452,-0.6323102811070846,-1.039,12.88512343720436,4.812,0,0,0.333,327302.9,1108,2023,2
2023-04-17,Beans (white),422400.0,NGN,NGN/MT,WFP Nigeria Food Prices,retail,National,,,0.96,True,WFP VAM data — converted from NGN/2.5KG to NGN/MT (×400),Agricome,historical,False,,422400.0,460.0,896.8909090909091,291.6933333333333,20.5,25.7,0,1,1,1,0,0,0,0,1,0,0,0,0,0,0,0,0,1,0,0,0.8660254037844387,-0.4999999999999998,0.9350162426854148,-0.3546048870425354,918.26,394400.0,366400.0,312200.0,317600.0,500480.0,500480.0,325800.0,380400.0,36147.844564602565,346975.0,42873.16010212983,382903.3333333333,79160.85985721312,446213.8461538461,79563.03860848576,422400.0,338400.0,500480.0,312200.0,7.099391480730222,35.297885970531716,-15.601023017902815,29.65009208103131,-14.749,-0.5425299166496922,-0.685,12.953710378795629,4.812,0,0,0.333,350539.42,1109,2023,2
2023-04-24,Beans (white),428950.0,NGN,NGN/MT,Interpolated,retail,National,,,0.69,False,Gap-filled by interpolation,Interpolated,historical,False,,428950.0,460.0,896.8909090909091,291.6933333333333,20.5,25.7,0,1,1,1,0,0,0,0,1,0,0,0,0,0,0,0,0,0,0,0,0.8660254037844387,-0.4999999999999998,0.8854560256532099,-0.4647231720437685,932.5,422400.0,394400.0,338400.0,315800.0,500480.0,500480.0,325800.0,403037.5,28654.708019218535,361118.75,49301.41940509566,376942.5,71858.76528112123,443462.6923076923,78845.00306589852,428950.0,366400.0,500480.0,312200.0,1.5506628787878896,26.75827423167849,-14.292279411764708,31.660527931246165,-9.116,-5.548728601942332,-0.644,12.969097972272435,4.812,0,0,0.333,355975.1,1110,2023,2
2023-05-01,Beans (white),435500.0,NGN,NGN/MT,Interpolated,retail,National,,,0.69,False,Gap-filled by interpolation,Interpolated,historical,False,,435500.0,460.0,896.8909090909091,291.6933333333333,22.4,28.8,0,1,1,1,0,0,0,0,1,0,1,0,0,0,0,0,0,0,0,0,0.4999999999999999,-0.8660254037844387,0.8229838658936565,-0.5680647467311557,946.74,428950.0,422400.0,366400.0,314000.0,500480.0,500480.0,390800.0,420312.5,18083.895920588213,376306.25,51383.04638066084,371527.5,63686.807414380295,440963.46153846156,77990.61322709594,435500.0,394400.0,500480.0,312200.0,1.526984497027617,18.859170305676855,-12.9835358056266,11.438075742067543,-4.683,-0.023678381760272593,-0.562,12.98425237148331,4.812,0,0,0.333,355800.65,1111,2023,2
2023-05-08,Beans (white),442050.0,NGN,NGN/MT,Interpolated,retail,National,,,0.69,False,Gap-filled by interpolation,Interpolated,historical,False,,442050.0,460.0,896.8909090909091,291.6933333333333,22.4,28.8,0,1,1,1,0,0,0,0,1,0,1,0,0,0,0,0,0,0,0,0,0.4999999999999999,-0.8660254037844387,0.7485107481711013,-0.663122658240795,960.98,435500.0,428950.0,394400.0,312200.0,500480.0,500480.0,455800.0,432225.0,8456.013639219545,392537.5,48677.54505783074,366658.3333333333,54502.939175680054,438716.1538461539,77043.11671145837,442050.0,422400.0,442050.0,312200.0,1.5040183696900078,12.081643002028407,-11.674792199488493,-3.0166739798157094,-1.48,-0.022966127337609166,-0.452,12.999180539018926,4.812,0,0,0.333,361151.96,1112,2023,2
2023-05-15,Beans (white),448600.0,NGN,NGN/MT,WFP Nigeria Food Prices,retail,National,,,0.96,True,WFP VAM data — converted from NGN/2.5KG to NGN/MT (×400),Agricome,historical,False,,448600.0,460.0,896.8909090909091,291.6933333333333,22.4,28.8,0,1,1,1,0,0,0,0,1,0,1,0,0,0,0,0,0,0,0,0,0.4999999999999999,-0.8660254037844387,0.6631226582407952,-0.7485107481711012,975.22,442050.0,435500.0,422400.0,312200.0,317600.0,500480.0,515720.0,438775.0,8456.013639219545,409587.5,39550.679513758034,377575.0,56852.20672138337,436720.76923076925,76044.84018909256,448600.0,428950.0,448600.0,312200.0,1.481732835652072,6.202651515151514,41.246851385390435,-13.014814240285421,0.47,-0.02228553403793576,-0.329,13.01388913022314,4.812,0,0,0.333,366503.27,1113,2023,2
2023-05-22,Beans (white),455546.8,NGN,NGN/MT,Interpolated,retail,National,,,0.69,False,Gap-filled by interpolation,Interpolated,historical,False,,455546.8,460.0,896.8909090909091,291.6933333333333,22.4,28.8,0,1,1,1,0,0,0,0,1,0,1,0,0,0,0,0,0,0,0,0,0.4999999999999999,-0.8660254037844387,0.5680647467311558,-0.8229838658936564,990.32,448600.0,442050.0,428950.0,338400.0,315800.0,500480.0,515720.0,445424.2,8610.607947564842,424230.85,29949.884942445333,389220.56666666665,57358.464378444885,434992.56923076924,75041.84682018844,455546.8,435500.0,455546.8,312200.0,1.5485510477039721,6.20044294206783,44.25167827739076,-11.667804234856128,2.398,0.06681821205190008,-0.201,13.029255929803156,4.812,0,0,0.333,372178.76,1114,2023,2
2023-05-29,Beans (white),462493.6,NGN,NGN/MT,Interpolated,retail,National,,,0.69,False,Gap-filled by interpolation,Interpolated,historical,False,,462493.6,460.0,896.8909090909091,291.6933333333333,22.4,28.8,0,1,1,1,0,0,0,0,1,0,1,0,0,0,0,0,0,0,0,0,0.4999999999999999,-0.8660254037844387,0.464723172043769,-0.8854560256532096,1005.42,455546.8,448600.0,435500.0,366400.0,314000.0,500480.0,510640.0,452172.6,8815.493333897999,436242.55,21528.561053301128,401595.03333333327,55647.59445522626,433531.55384615384,74079.46375195352,462493.6,442050.0,462493.6,312200.0,1.5249366256112395,6.1983008036739395,47.290955414012736,-9.428638571204772,4.3,-0.023614422092732568,-0.074,13.04439016019078,4.812,1,3,0.333,377854.25,1115,2023,2
2023-06-05,Beans (white),469440.4,NGN,NGN/MT,Interpolated,retail,National,,,0.69,False,Gap-filled by interpolation,Interpolated,historical,False,,469440.4,460.0,896.8909090909091,291.6933333333333,22.4,28.8,0,1,1,0,0,0,0,1,0,0,1,0,0,0,0,0,0,0,1,0,1.2246467991473532e-16,-1.0,0.3546048870425358,-0.9350162426854148,1020.52,462493.6,455546.8,442050.0,394400.0,312200.0,500480.0,505560.0,459020.2,8968.280236477916,445622.6,16439.36102894515,414698.39999999997,51002.981760107024,432337.7230769231,73202.31376249426,469440.4,448600.0,469440.4,312200.0,1.5020315956804753,6.196222146815966,50.365278667520826,-7.144473455178413,6.172,-0.022905029930764265,0.049,13.059298756209062,4.812,1,3,0.667,383529.74,1116,2023,2
2023-06-12,Beans (white),476387.2,NGN,NGN/MT,Interpolated,retail,National,,,0.69,False,Gap-filled by interpolation,Interpolated,historical,False,,476387.2,460.0,896.8909090909091,291.6933333333333,22.4,28.8,0,1,1,0,0,0,0,1,0,0,1,0,0,0,0,0,0,0,1,0,1.2246467991473532e-16,-1.0,0.2393156642875576,-0.970941817426052,1035.62,469440.4,462493.6,448600.0,422400.0,312200.0,500480.0,500480.0,465967.0,8968.280236477905,452371.0,16624.475842220476,428380.6666666667,42284.18855775603,431411.07692307694,72453.88313045657,476387.2,455546.8,476387.2,338400.0,1.479804465060952,6.194204190815866,52.59039077514414,-4.813938618925828,8.01,-0.022227130619523194,0.17,13.073988347054927,4.812,1,3,0.667,389205.23,1117,2023,2
2023-06-19,Beans (white),483334.0,NGN,NGN/MT,WFP Nigeria Food Prices,retail,National,,,0.96,True,WFP VAM data — converted from NGN/2.5KG to NGN/MT (×400),Agricome,historical,False,,483334.0,920.0,896.8909090909091,291.6933333333333,22.4,28.8,0,1,1,0,0,0,0,1,0,0,1,0,0,0,0,0,0,0,1,0,1.2246467991473532e-16,-1.0,0.120536680255323,-0.992708874098054,525.36,476387.2,469440.4,455546.8,428950.0,338400.0,500480.0,500480.0,472913.8,8968.280236477878,459169.0,16797.4235915597,440458.5,34165.8234287368,430751.6153846154,71875.80850198602,483334.0,462493.6,483334.0,366400.0,1.4582255778492703,6.09974650244498,42.82919621749408,-3.4259111253196917,9.788,-0.021578887211681774,0.289,13.088465273998564,4.812,1,3,0.667,394880.72,1118,2023,2
2023-06-26,Beans (white),502500.5,NGN,NGN/MT,Interpolated,retail,National,,,0.69,False,Gap-filled by interpolation,Interpolated,historical,False,,502500.5,920.0,896.8909090909091,291.6933333333333,22.4,28.8,0,1,1,0,0,0,0,1,0,0,1,0,0,0,0,0,0,0,1,0,1.2246467991473532e-16,-1.0,-3.216245299353273e-16,-1.0,546.2,483334.0,476387.2,462493.6,435500.0,366400.0,500480.0,500480.0,482915.525,14235.453255253182,467544.0625,19753.256626327115,451800.2083333333,29636.087588259627,430829.32692307694,71955.26221248074,502500.5,469440.4,502500.5,394400.0,3.9654772889968326,8.650260241439023,37.14533296943232,0.4037124360613875,12.09,2.5072517111475623,0.6,13.12735390398554,4.812,1,3,0.667,410539.62,1119,2023,2
2023-07-03,Beans (white),521667.0,NGN,NGN/MT,Interpolated,retail,National,,,0.69,False,Gap-filled by interpolation,Interpolated,historical,False,,521667.0,920.0,896.8909090909091,291.6933333333333,22.4,28.8,0,1,1,0,0,0,1,1,0,0,1,0,0,0,0,0,0,0,1,0,-0.4999999999999997,-0.8660254037844388,-0.1205366802553228,-0.992708874098054,567.03,502500.5,483334.0,469440.4,442050.0,394400.0,500480.0,500480.0,495972.175,20380.85516824957,477496.1875,24548.275575656906,462405.7916666667,29997.149031091914,431644.21153846156,72889.50421872461,521667.0,476387.2,521667.0,422400.0,3.814225060472576,11.125288748049812,32.268509127789045,4.2333359974424445,14.903,-0.1512522285242568,0.901,13.164786649195557,4.812,1,3,0.667,426198.53,1120,2023,3
2023-07-10,Beans (white),540833.5,NGN,NGN/MT,Interpolated,retail,National,,,0.69,False,Gap-filled by interpolation,Interpolated,historical,False,,540833.5,920.0,896.8909090909091,291.6933333333333,22.4,28.8,0,1,1,0,0,0,1,1,0,0,1,0,0,0,0,0,0,0,1,0,-0.4999999999999997,-0.8660254037844388,-0.2393156642875574,-0.970941817426052,587.86,521667.0,502500.5,476387.2,448600.0,422400.0,500480.0,500480.0,512083.75,24743.845101694795,489025.375,30075.07991575893,472275.25,34745.41961173343,433196.26923076925,74817.99238493791,540833.5,483334.0,540833.5,428950.0,3.6740871092095118,13.528134257175672,28.03823390151514,8.062959558823524,18.211,-0.14013795126306405,1.185,13.200868596054814,4.812,1,3,0.667,441857.43,1121,2023,3
2023-07-17,Beans (white),554074.4,NGN,NGN/MT,WFP Nigeria Food Prices,retail,National,,,0.96,True,WFP VAM data — converted from NGN/2.5KG to NGN/MT (×400),Agricome,historical,False,,560000.0,920.0,896.8909090909091,291.6933333333333,22.4,28.8,0,1,1,0,0,0,1,1,0,0,1,0,0,0,0,0,0,0,1,0,-0.4999999999999997,-0.8660254037844388,-0.3546048870425356,-0.9350162426854148,602.25,540833.5,521667.0,483334.0,455546.8,428950.0,500480.0,500480.0,529768.85,22526.94035719601,501341.325,34285.92526257262,482702.2833333334,39067.57942974801,435257.59230769234,77438.2970658159,554074.4,502500.5,554074.4,435500.0,2.448239615334491,14.635924640103948,29.169926564867698,10.70859974424554,21.714,-1.2258474938750208,1.359,13.22505605755154,4.812,1,3,0.667,452675.16,1122,2023,3
2023-07-24,Beans (white),554074.4,NGN,NGN/MT,Interpolated,retail,National,,,0.69,False,Gap-filled by interpolation,Interpolated,historical,False,,554074.4,920.0,896.8909090909091,291.6933333333333,22.4,28.8,0,1,1,0,0,0,1,1,0,0,1,0,0,0,0,0,0,0,1,0,-0.4999999999999997,-0.8660254037844388,-0.464723172043768,-0.8854560256532101,602.25,554074.4,540833.5,502500.5,462493.6,435500.0,500480.0,500480.0,542662.325,15325.568878484344,512788.92500000005,34747.916264298714,492583.48333333334,40991.46198441411,437318.9153846154,79917.51804525318,554074.4,521667.0,554074.4,442050.0,0.0,10.263452474176638,27.22718714121699,10.70859974424554,24.088,-2.448239615334491,1.323,13.22505605755154,4.812,1,3,0.667,452675.16,1123,2023,3
2023-07-31,Beans (white),548148.8,NGN,NGN/MT,Interpolated,retail,National,,,0.69,False,Gap-filled by interpolation,Interpolated,historical,False,,548148.8,920.0,896.8909090909091,291.6933333333333,22.4,28.8,0,1,1,0,0,0,1,1,0,0,1,0,0,0,0,0,0,0,1,0,-0.4999999999999997,-0.8660254037844388,-0.5680647467311556,-0.8229838658936565,595.81,554074.4,554074.4,521667.0,469440.4,442050.0,500480.0,500480.0,549282.775,6287.434230471279,522627.47500000003,31732.753256116517,501425.05,40540.7666618426,439152.3307692307,81945.53954075005,554074.4,540833.5,554074.4,448600.0,-1.069459263954442,5.076380142888093,24.00153828752405,9.524616368286454,25.078,-1.069459263954442,1.202,13.214303886238987,4.812,1,3,0.667,447833.99,1124,2023,3
2023-08-07,Beans (white),542223.2,NGN,NGN/MT,Interpolated,retail,National,,,0.69,False,Gap-filled by interpolation,Interpolated,historical,False,,542223.2,920.0,896.8909090909091,291.6933333333333,22.4,28.8,0,1,0,0,1,0,1,1,0,0,1,0,0,0,0,1,0,0,1,0,-0.8660254037844384,-0.5000000000000004,-0.663122658240795,-0.7485107481711013,589.37,548148.8,554074.4,540833.5,476387.2,448600.0,500480.0,500480.0,549630.2,5673.3300697211425,530856.975,26057.095136573276,509226.98333333334,38402.95034581716,440757.8384615385,83587.62786623913,554074.4,542223.2,554074.4,455546.8,-1.0810203360839377,0.2569552366855854,20.870084707980375,8.340632992327347,24.701,-0.011561072129495642,1.088,13.203434848027442,4.812,1,3,0.333,442992.81,1125,2023,3
2023-08-14,Beans (white),536297.6,NGN,NGN/MT,Interpolated,retail,National,,,0.69,False,Gap-filled by interpolation,Interpolated,historical,False,,536297.6,920.0,896.8909090909091,291.6933333333333,22.4,28.8,0,1,0,0,1,0,1,1,0,0,1,0,0,0,0,1,0,0,1,0,-0.8660254037844384,-0.5000000000000004,-0.7485107481711011,-0.6631226582407952,582.93,542223.2,548148.8,554074.4,483334.0,455546.8,500480.0,500480.0,545186.0,7649.916705428928,537477.425,17620.32037415494,515956.2166666666,35072.02689642125,442135.43846153846,84896.18494087044,554074.4,536297.6,554074.4,462493.6,-1.0928340948893278,-3.208377791863337,17.72612605334951,7.1566496163682825,23.307,-0.011813758805390151,0.98,13.1924463744884,4.812,1,3,0.333,438151.63,1126,2023,3
2023-08-21,Beans (white),536297.6,NGN,NGN/MT,WFP Nigeria Food Prices,retail,National,,,0.96,True,WFP VAM data — converted from NGN/2.5KG to NGN/MT (×400),Agricome,historical,False,,530372.0,920.0,896.8909090909091,291.6933333333333,22.4,28.8,0,1,0,0,1,0,1,1,0,0,1,0,0,0,0,1,0,0,1,0,-0.8660254037844384,-0.5000000000000004,-0.8229838658936564,-0.5680647467311559,582.93,536297.6,542223.2,554074.4,502500.5,462493.6,317600.0,500480.0,540741.8,5673.330069720865,541702.0625,10747.465077461442,522106.55000000005,31089.48824192037,450546.8846153846,82873.86308946248,548148.8,536297.6,554074.4,469440.4,0.0,-3.208377791863337,15.957842443657611,7.1566496163682825,20.019,1.0928340948893278,0.962,13.1924463744884,4.812,1,3,0.333,438151.63,1127,2023,3
2023-08-28,Beans (white),545279.0,NGN,NGN/MT,Interpolated,retail,National,,,0.69,False,Gap-filled by interpolation,Interpolated,historical,False,,545279.0,920.0,896.8909090909091,291.6933333333333,22.4,28.8,0,1,0,0,1,0,1,1,0,0,1,0,0,0,0,1,0,0,1,0,-0.8660254037844384,-0.5000000000000004,-0.8854560256532096,-0.4647231720437691,592.69,536297.6,536297.6,548148.8,521667.0,469440.4,315800.0,500480.0,540024.35,4480.461995151666,544653.5625,7073.653063494316,528426.4333333333,26826.1525205369,459373.0,80123.39788691455,545279.0,536297.6,554074.4,476387.2,1.6747044924310783,-0.523543972001772,16.155107229799558,8.951206841432224,17.557,1.6747044924310783,1.073,13.209054703183034,4.812,1,3,0.333,445489.38,1128,2023,3
2023-09-04,Beans (white),560186.0,NGN,NGN/MT,Interpolated,retail,National,,,0.69,False,Gap-filled by interpolation,Interpolated,historical,False,,560186.0,920.0,896.8909090909091,291.6933333333333,22.4,28.8,0,1,0,0,1,1,0,0,0,0,0,0,0,0,0,1,0,0,0,0,-1.0,-1.8369701987210294e-16,-0.9350162426854148,-0.3546048870425359,608.9,545279.0,536297.6,542223.2,540833.5,476387.2,314000.0,500480.0,544515.05,11272.610796528063,547072.625,8702.255896318185,535409.6666666666,22626.349774074068,468841.6923076923,76731.44455284525,560186.0,536297.6,560186.0,483334.0,2.7338298375694015,3.312805501498284,17.59048102048082,11.929747442455252,16.14,1.0591253451383231,1.259,13.236025935541024,4.812,1,3,0.333,457668.3,1129,2023,3
2023-09-11,Beans (white),575093.0,NGN,NGN/MT,Interpolated,retail,National,,,0.69,False,Gap-filled by interpolation,Interpolated,historical,False,,575093.0,920.0,896.8909090909091,291.6933333333333,22.4,28.8,0,1,0,0,1,1,0,0,0,0,0,0,0,0,0,1,0,0,0,0,-1.0,-1.8369701987210294e-16,-0.970941817426052,-0.2393156642875577,625.1,560186.0,545279.0,536297.6,554074.4,483334.0,312200.0,500480.0,554213.8999999999,17053.14280829215,549699.95,13152.939229041645,543056.25,18568.589780177073,478952.96153846156,72467.20728566332,575093.0,536297.6,575093.0,502500.5,2.66108042685822,7.2339313097802505,18.98459450400758,14.908288043478258,15.714,-0.07274941071118146,1.428,13.262288784679242,4.812,1,3,0.333,469847.22,1130,2023,3
2023-09-18,Beans (white),590000.0,NGN,NGN/MT,WFP Nigeria Food Prices,retail,National,,,0.96,True,WFP VAM data — converted from NGN/2.5KG to NGN/MT (×400),Agricome,historical,False,,590000.0,920.0,896.8909090909091,291.6933333333333,22.4,28.8,0,1,0,0,1,1,0,0,0,0,0,0,0,0,0,1,0,0,0,0,-1.0,-1.8369701987210294e-16,-0.992708874098054,-0.1205366802553235,641.3,575093.0,560186.0,536297.6,554074.4,502500.5,312200.0,500480.0,567639.5,19244.854247304993,554190.6499999999,19473.886536370595,550347.875,18374.020827298384,489637.57692307694,67184.55528169166,590000.0,545279.0,590000.0,521667.0,2.5921024947269444,10.013544718454837,17.41281849470797,17.886828644501286,15.931,-0.06897793213127557,1.578,13.28787951079572,4.812,1,3,0.333,482026.14,1131,2023,3
2023-09-25,Beans (white),603467.5,NGN,NGN/MT,Interpolated,retail,National,,,0.69,False,Gap-filled by interpolation,Interpolated,historical,False,,603467.5,920.0,896.8909090909091,291.6933333333333,22.4,28.8,0,1,0,0,1,1,0,0,0,0,0,0,0,0,0,1,0,0,0,0,-1.0,-1.8369701987210294e-16,-1.0,-1.8369701987210294e-16,655.94,590000.0,575093.0,545279.0,548148.8,521667.0,338400.0,500480.0,582186.625,18692.88176185049,561105.4875,25811.984954692278,557164.5833333334,21648.31060873738,499832.48076923075,63317.05007306054,603467.5,560186.0,603467.5,536297.6,2.282627118644065,10.67132605510206,15.68059700920319,20.577745364450116,16.476,-0.30947537608287945,1.69,13.310449122631391,4.812,1,3,0.333,493029.0,1132,2023,3
2023-10-02,Beans (white),616935.0,NGN,NGN/MT,Interpolated,retail,National,,,0.69,False,Gap-filled by interpolation,Interpolated,historical,False,,616935.0,920.0,896.8909090909091,291.6933333333333,22.4,28.8,0,1,0,0,0,1,0,0,0,1,0,1,0,1,1,1,1,0,0,0,-0.8660254037844386,0.5000000000000001,-0.992708874098054,0.1205366802553232,670.58,603467.5,590000.0,560186.0,542223.2,540833.5,366400.0,500480.0,596373.875,17949.75673175538,570444.4624999999,30998.783440319654,563506.375,26931.4305083415,509468.4423076923,61227.72189483603,616935.0,575093.0,616935.0,536297.6,2.2316860477159084,10.130385264894159,14.071151287780804,23.268662084398972,17.058,-0.050941070928156584,1.784,13.332520569792685,4.812,1,3,0.333,504031.86,1133,2023,4
2023-10-09,Beans (white),630402.5,NGN,NGN/MT,Interpolated,retail,National,,,0.69,False,Gap-filled by interpolation,Interpolated,historical,False,,630402.5,920.0,896.8909090909091,291.6933333333333,22.4,28.8,0,1,0,0,0,1,0,0,0,1,0,1,0,1,1,1,1,0,0,0,-0.8660254037844386,0.5000000000000001,-0.970941817426052,0.2393156642875573,685.22,616935.0,603467.5,575093.0,536297.6,554074.4,394400.0,500480.0,610201.25,17386.467738350613,582207.575,33908.41349495755,569867.0499999999,32861.90470829737,518545.46153846156,60979.65197492774,630402.5,590000.0,630402.5,536297.6,2.182969032394011,9.617487954122206,13.775785345794711,25.959578804347828,17.676,-0.04871701532189743,1.862,13.354115369540851,4.812,1,3,0.333,515034.72,1134,2023,4
2023-10-16,Beans (white),643870.0,NGN,NGN/MT,WFP Nigeria Food Prices,retail,National,,,0.96,True,WFP VAM data — converted from NGN/2.5KG to NGN/MT (×400),Agricome,historical,False,,643870.0,920.0,896.8909090909091,291.6933333333333,22.4,28.8,0,1,0,0,0,1,0,0,0,1,0,1,0,1,1,1,1,0,0,0,-0.8660254037844386,0.5000000000000001,-0.9350162426854148,0.3546048870425355,699.86,630402.5,616935.0,590000.0,536297.6,554074.4,422400.0,500480.0,623668.75,17386.46773835087,595654.125,34426.97185425396,577350.0166666667,38652.347834952874,527063.5384615385,62462.385655555234,643870.0,603467.5,643870.0,536297.6,2.136333532941248,9.130508474576281,16.206415600504197,28.65049552429668,18.329,-0.04663549945276291,1.923,13.375253674462645,4.812,1,3,0.333,526037.58,1135,2023,4
2023-10-23,Beans (white),662326.4,NGN,NGN/MT,Interpolated,retail,National,,,0.69,False,Gap-filled by interpolation,Interpolated,historical,False,,662326.4,920.0,896.8909090909091,291.6933333333333,22.4,28.8,0,1,0,0,0,1,0,0,0,1,0,1,0,1,1,1,1,0,0,0,-0.8660254037844386,0.5000000000000001,-0.8854560256532101,0.464723172043768,719.92,643870.0,630402.5,603467.5,545279.0,548148.8,428950.0,500480.0,638383.475,19382.970669358867,610285.05,34829.26118210746,586864.8166666668,44431.706089044994,536039.5538461539,64533.31718419749,662326.4,616935.0,662326.4,536297.6,2.866479258235355,9.753449854383224,20.82967252687591,32.33823529411766,19.093,0.7301457252941068,2.024,13.403515274597234,4.812,1,3,0.333,541116.34,1136,2023,4
2023-10-30,Beans (white),680782.8,NGN,NGN/MT,Interpolated,retail,National,,,0.69,False,Gap-filled by interpolation,Interpolated,historical,False,,680782.8,920.0,896.8909090909091,291.6933333333333,22.4,28.8,0,1,0,0,0,1,0,0,0,1,0,1,0,1,1,1,1,0,0,0,-0.8660254037844386,0.5000000000000001,-0.822983865893657,0.5680647467311548,739.98,662326.4,643870.0,616935.0,560186.0,542223.2,435500.0,500480.0,654345.425,21951.68137317133,625359.65,36122.03811747113,598411.4500000001,49491.74249268936,545473.5076923077,67124.40524131888,680782.8,630402.5,680782.8,536297.6,2.786601892963958,10.349193999367845,25.5539785092191,36.02597506393863,19.959,-0.07987736527139688,2.1,13.431000060423518,4.812,1,3,0.333,556195.1,1137,2023,4
2023-11-06,Beans (white),699239.2,NGN,NGN/MT,Interpolated,retail,National,,,0.69,False,Gap-filled by interpolation,Interpolated,historical,False,,699239.2,920.0,896.8909090909091,291.6933333333333,22.4,28.8,1,0,0,0,0,1,0,0,0,1,0,1,1,1,1,0,1,0,0,0,-0.5000000000000004,0.8660254037844384,-0.7485107481711011,0.6631226582407952,760.04,680782.8,662326.4,630402.5,575093.0,536297.6,442050.0,500480.0,671554.6,23827.109943649135,640877.925,38057.3409447513,611989.9166666666,53120.24613905877,555365.4,70155.69051570987,699239.2,643870.0,699239.2,536297.6,2.7110555672087866,10.919483980472776,30.382683047621327,39.71371483375958,20.921,-0.0755463257551714,2.157,13.457749595949906,4.812,1,3,0.333,571273.86,1138,2023,4
2023-11-13,Beans (white),717695.6,NGN,NGN/MT,Interpolated,retail,National,,,0.69,False,Gap-filled by interpolation,Interpolated,historical,False,,717695.6,920.0,896.8909090909091,291.6933333333333,22.4,28.8,1,0,0,0,0,1,0,0,0,1,0,1,1,1,1,0,1,0,0,0,-0.5000000000000004,0.8660254037844384,-0.6631226582407955,0.7485107481711007,780.1,699239.2,680782.8,643870.0,590000.0,536297.6,448600.0,500480.0,690011.0,23827.109943649262,656839.875,40377.945812349695,627106.4166666666,55384.30026002288,565715.2307692308,73542.55151068313,717695.6,662326.4,717695.6,545279.0,2.639497327953011,11.46591703294142,33.824130482776724,43.40145460358056,21.971,-0.07155823925577565,2.195,13.483802196051501,4.812,1,3,0.333,586352.61,1139,2023,4
2023-11-20,Beans (white),722114.0,NGN,NGN/MT,WFP Nigeria Food Prices,retail,National,,,0.96,True,WFP VAM data — converted from NGN/2.5KG to NGN/MT (×400),Agricome,historical,False,,736152.0,920.0,896.8909090909091,291.6933333333333,22.4,28.8,1,0,0,0,0,1,0,0,0,1,0,1,1,1,1,0,1,0,0,0,-0.5000000000000004,0.8660254037844384,-0.5680647467311559,0.8229838658936564,784.91,717695.6,699239.2,662326.4,603467.5,545279.0,455546.8,500480.0,704957.9,18918.41922748184,671670.6875,39758.425059115485,641842.6666666666,55158.00269306191,575967.8153846153,76106.02109494244,722114.0,680782.8,722114.0,560186.0,0.6156370472384154,9.026908786966658,32.43018711521992,44.284287084398976,22.395,-2.0238602807145956,2.098,13.489939684969679,4.812,1,3,0.333,589962.42,1140,2023,4
2023-11-27,Beans (white),722114.0,NGN,NGN/MT,Interpolated,retail,National,,,0.69,False,Gap-filled by interpolation,Interpolated,historical,False,,722114.0,920.0,896.8909090909091,291.6933333333333,22.4,28.8,1,0,0,0,0,1,0,0,0,1,0,1,1,1,1,0,1,0,0,0,-0.5000000000000004,0.8660254037844384,-0.4647231720437684,0.88545602565321,784.91,722114.0,717695.6,680782.8,616935.0,560186.0,462493.6,500480.0,715290.7,10901.820062727696,684818.0625,36313.77361084741,655336.6666666666,53135.39924652704,585953.2153846154,77638.40733835688,722114.0,699239.2,722114.0,575093.0,0.0,6.0711287065419395,28.906113326645077,44.284287084398976,22.073,-0.6156370472384154,1.975,13.489939684969679,4.812,1,3,0.333,589962.42,1141,2023,4
2023-12-04,Beans (white),708076.0,NGN,NGN/MT,Interpolated,retail,National,,,0.69,False,Gap-filled by interpolation,Interpolated,historical,False,,708076.0,920.0,896.8909090909091,291.6933333333333,22.4,28.8,1,0,0,0,0,0,0,0,0,1,0,1,1,1,1,0,0,0,0,1,-2.4492935982947064e-16,1.0,-0.3546048870425359,0.9350162426854148,769.65,722114.0,722114.0,699239.2,630402.5,575093.0,469440.4,500480.0,717499.9,6618.862624355687,694527.25,29414.677376877222,666418.5833333334,48547.78517578522,595131.5076923077,77418.73892862382,722114.0,708076.0,722114.0,590000.0,-1.9440143800009468,1.263773541300317,23.123738247553007,41.47937979539642,20.562,-1.9440143800009468,1.751,13.470308123824383,4.812,1,3,0.0,578493.46,1142,2023,4
2023-12-11,Beans (white),694038.0,NGN,NGN/MT,Interpolated,retail,National,,,0.69,False,Gap-filled by interpolation,Interpolated,historical,False,,694038.0,920.0,896.8909090909091,291.6933333333333,22.4,28.8,1,0,0,0,0,0,0,0,0,1,0,1,1,1,1,0,0,0,0,1,-2.4492935982947064e-16,1.0,-0.2393156642875578,0.970941817426052,754.39,708076.0,722114.0,717695.6,643870.0,590000.0,476387.2,500480.0,711585.5,13440.361738686854,700798.25,21300.70949958649,675088.4166666666,42583.39633559296,603502.6923076923,75816.04500770543,722114.0,694038.0,722114.0,603467.5,-1.9825555448850118,-3.2963278582173294,17.633559322033896,38.67447250639386,17.909,-0.038541164884065005,1.552,13.450283433875425,4.812,1,3,0.0,567024.51,1143,2023,4
2023-12-18,Beans (white),694038.0,NGN,NGN/MT,WFP Nigeria Food Prices,retail,National,,,0.96,True,WFP VAM data — converted from NGN/2.5KG to NGN/MT (×400),Agricome,historical,False,,680000.0,920.0,896.8909090909091,291.6933333333333,22.4,28.8,1,0,0,0,0,0,0,0,0,1,0,1,1,1,1,0,0,0,0,1,-2.4492935982947064e-16,1.0,-0.1205366802553236,0.992708874098054,754.39,694038.0,708076.0,722114.0,662326.4,603467.5,483334.0,500480.0,704566.5,13440.361738686783,704762.2,15193.777472187323,682635.9583333334,36297.69396635728,611606.6923076923,73688.64203586883,722114.0,694038.0,722114.0,616935.0,0.0,-3.8880287600018826,15.008347591212456,38.67447250639386,15.199,1.9825555448850118,1.486,13.450283433875425,4.812,1,3,0.0,567024.51,1144,2023,4
2023-12-25,Beans (white),718333.0,NGN,NGN/MT,Interpolated,retail,National,,,0.69,False,Gap-filled by interpolation,Interpolated,historical,False,,718333.0,920.0,896.8909090909091,291.6933333333333,22.4,28.8,1,0,0,0,0,0,0,0,0,1,0,1,1,1,1,0,0,0,0,1,-2.4492935982947064e-16,1.0,6.432490598706546e-16,1.0,780.8,694038.0,694038.0,722114.0,680782.8,616935.0,502500.5,500480.0,703621.25,11831.564375999564,709455.975,12240.791964314785,691085.7916666666,31033.14228007424,619907.9423076923,73060.26639436388,718333.0,694038.0,722114.0,630402.5,3.5005287894899206,-0.5236015365994828,16.435767139163772,43.52881234015344,13.504,3.5005287894899206,1.615,13.48468992092569,4.812,1,3,0.0,586873.37,1145,2023,4
2024-01-01,Beans (white),756666.0,NGN,NGN/MT,Interpolated,retail,National,,,0.69,False,Gap-filled by interpolation,Interpolated,historical,False,,756666.0,1500.0,896.8909090909091,291.6933333333333,29.9,37.9,1,0,0,0,0,0,0,0,0,1,0,0,1,0,0,0,0,0,0,1,0.4999999999999999,0.8660254037844387,0.120536680255323,0.992708874098054,504.44,718333.0,694038.0,708076.0,699239.2,630402.5,521667.0,500480.0,715768.75,29572.574156642044,716634.325,19860.345323984664,701607.75,29974.804069493137,628946.3653846154,74932.64344836657,756666.0,694038.0,756666.0,643870.0,5.336382986720634,6.862257723747178,20.029029072695614,51.188059462915604,13.804,1.835854197230713,1.831,13.536678541318013,4.812,1,3,0.0,582498.85,1146,2024,1
2024-01-08,Beans (white),794999.0,NGN,NGN/MT,Interpolated,retail,National,,,0.69,False,Gap-filled by interpolation,Interpolated,historical,False,,794999.0,1500.0,896.8909090909091,291.6933333333333,29.9,37.9,1,0,0,0,0,0,0,0,0,1,0,0,1,0,0,0,0,0,0,1,0.4999999999999999,0.8660254037844387,0.2393156642875577,0.970941817426052,530.0,756666.0,718333.0,694038.0,717695.6,643870.0,540833.5,500480.0,741009.0,44273.91092581237,726297.25,34129.903606871645,714201.8333333334,34861.184784626035,638721.9615384615,79422.29094811696,794999.0,694038.0,794999.0,662326.4,5.066039705761849,14.546898008466403,23.471974156273777,58.84730658567774,16.014,-0.2703432809587847,2.01,13.58609739363647,4.812,1,3,0.0,612008.47,1147,2024,1
2024-01-15,Beans (white),833332.0,NGN,NGN/MT,WFP Nigeria Food Prices,retail,National,,,0.96,True,WFP VAM data — converted from NGN/2.5KG to NGN/MT (×400),Agricome,historical,False,,833332.0,1500.0,896.8909090909091,291.6933333333333,29.9,37.9,1,0,0,0,0,0,0,0,0,1,0,0,1,0,0,0,0,0,0,1,0.4999999999999999,0.8660254037844387,0.3546048870425356,0.9350162426854148,555.55,794999.0,756666.0,694038.0,722114.0,662326.4,554074.4,500480.0,775832.5,49487.69020339076,740199.5,50775.0078117747,728452.2999999999,45158.66037384157,649462.6384615384,86117.58222845403,833332.0,718333.0,833332.0,680782.8,4.821767071405114,20.070082617954643,25.81893157210704,66.5065537084399,19.458,-0.24427263435673474,2.153,13.63318860117024,4.812,1,3,0.0,641518.09,1148,2024,1
2024-01-22,Beans (white),856120.0,NGN,NGN/MT,Interpolated,retail,National,,,0.69,False,Gap-filled by interpolation,Interpolated,historical,False,,856120.0,1500.0,896.8909090909091,291.6933333333333,29.9,37.9,1,0,0,0,0,0,0,0,0,1,0,0,1,0,0,0,0,0,0,1,0.4999999999999999,0.8660254037844387,0.4647231720437685,0.8854560256532099,570.75,833332.0,794999.0,718333.0,722114.0,680782.8,554074.4,500480.0,810279.25,43744.21965147838,756950.25,64267.839028220136,743063.7333333333,55511.73770944663,661079.776923077,92845.11677114919,856120.0,756666.0,856120.0,694038.0,2.7345643753029947,19.18149381971872,25.755233534102207,71.05978260869566,22.569,-2.0872026961021195,2.164,13.66016700027437,4.812,1,3,0.0,659060.82,1149,2024,1
2024-01-29,Beans (white),878908.0,NGN,NGN/MT,Interpolated,retail,National,,,0.69,False,Gap-filled by interpolation,Interpolated,historical,False,,878908.0,1500.0,896.8909090909091,291.6933333333333,29.9,37.9,1,0,0,0,0,0,0,0,0,1,0,0,1,0,0,0,0,0,0,1,0.4999999999999999,0.8660254037844387,0.5680647467311558,0.8229838658936564,585.94,856120.0,833332.0,756666.0,708076.0,699239.2,548148.8,500480.0,840839.75,35779.03654725951,778304.25,73435.62766853366,758036.1333333333,65878.7351412678,673801.2846153845,99195.43663277177,878908.0,794999.0,878908.0,694038.0,2.6617763864878796,16.155344630259584,25.69489811211958,75.61301150895142,24.79,-0.07278798881511506,2.166,13.686436644573126,4.812,1,3,0.0,676603.54,1150,2024,1
2024-02-05,Beans (white),901696.0,NGN,NGN/MT,Interpolated,retail,National,,,0.69,False,Gap-filled by interpolation,Interpolated,historical,False,,901696.0,1500.0,896.8909090909091,291.6933333333333,29.9,37.9,1,0,0,0,0,0,0,0,1,1,0,0,1,0,0,0,0,0,0,0,0.8660254037844386,0.5000000000000001,0.6631226582407952,0.7485107481711011,601.13,878908.0,856120.0,794999.0,694038.0,717695.6,542223.2,500480.0,867514.0,29419.181497793896,804261.5,76048.88684824538,773369.5,76235.00642033866,687627.1615384615,105004.10439184628,901696.0,833332.0,901696.0,694038.0,2.592762837521101,13.421023171098323,25.63766588509111,80.16624040920716,26.161,-0.06901354896677869,2.162,13.712033822433556,4.812,1,3,0.0,694146.27,1151,2024,1
2024-02-12,Beans (white),924484.0,NGN,NGN/MT,Interpolated,retail,National,,,0.69,False,Gap-filled by interpolation,Interpolated,historical,False,,924484.0,1500.0,896.8909090909091,291.6933333333333,29.9,37.9,1,0,0,0,0,0,0,0,1,1,0,0,1,0,0,0,0,0,0,0,0.8660254037844386,0.5000000000000001,0.7485107481711011,0.6631226582407953,616.32,901696.0,878908.0,833332.0,694038.0,722114.0,536297.6,500480.0,890302.0,29419.181497794,833067.25,71863.05630006148,790233.6666666666,85665.94882272046,702557.4076923076,110100.20085419294,924484.0,856120.0,924484.0,694038.0,2.5272375612179765,10.938257501212,28.02466092611415,84.71946930946292,26.723,-0.06552527630312444,2.153,13.736992104691211,4.812,1,3,0.0,711688.99,1152,2024,1
2024-02-19,Beans (white),947272.0,NGN,NGN/MT,WFP Nigeria Food Prices,retail,National,,,0.96,True,WFP VAM data — converted from NGN/2.5KG to NGN/MT (×400),Agricome,historical,False,,947272.0,1500.0,896.8909090909091,291.6933333333333,29.9,37.9,1,0,0,0,0,0,0,0,1,1,0,0,1,0,0,0,0,0,0,0,0.8660254037844386,0.5000000000000001,0.8229838658936564,0.5680647467311559,631.51,924484.0,901696.0,856120.0,718333.0,722114.0,536297.6,317600.0,913090.0,29419.181497794107,861684.625,64892.47767309914,808996.8333333334,93673.16232210932,718364.1153846154,114681.84015404638,947272.0,878908.0,947272.0,694038.0,2.4649426058211965,10.647105545951497,31.180395339240064,198.2594458438287,27.107,-0.06229495539677998,2.165,13.761342609398952,4.812,1,3,0.0,729231.72,1153,2024,1
2024-02-26,Beans (white),990037.5,NGN,NGN/MT,Interpolated,retail,National,,,0.69,False,Gap-filled by interpolation,Interpolated,historical,False,,990037.5,1500.0,896.8909090909091,291.6933333333333,29.9,37.9,1,0,0,0,0,0,0,0,1,1,0,0,1,0,0,0,0,0,0,0,0.8660254037844386,0.5000000000000001,0.8854560256532099,0.4647231720437686,660.02,947272.0,924484.0,878908.0,756666.0,708076.0,545279.0,315800.0,940872.375,37689.66219751324,890856.0625,63375.30209251133,832493.625,101124.04286391074,735470.2115384615,120836.74947670329,990037.5,901696.0,990037.5,694038.0,4.514595596618509,12.644042379862274,39.82079607273796,213.50142495250157,27.928,2.0496529907973127,2.277,13.805499110243508,4.812,1,3,0.0,762153.58,1154,2024,1
2024-03-04,Beans (white),1032803.0,NGN,NGN/MT,Interpolated,retail,National,,,0.69,False,Gap-filled by interpolation,Interpolated,historical,False,,1032803.0,1500.0,896.8909090909091,291.6933333333333,29.9,37.9,1,0,0,1,0,0,0,0,1,1,0,0,0,0,0,0,0,0,0,0,1.0,6.123233995736766e-17,0.9350162426854148,0.3546048870425355,688.54,990037.5,947272.0,901696.0,794999.0,694038.0,560186.0,314000.0,973649.125,47891.27269899325,920581.5625,67619.2240625185,860724.0416666666,106120.51511595391,753647.7884615385,128705.74206450759,1032803.0,924484.0,1032803.0,694038.0,4.319583854146947,14.540044538292275,48.8107279428504,228.91815286624202,29.192,-0.1950117424715625,2.368,13.847787991473762,4.812,1,3,0.0,795075.44,1155,2024,1
2024-03-11,Beans (white),1075568.5,NGN,NGN/MT,Interpolated,retail,National,,,0.69,False,Gap-filled by interpolation,Interpolated,historical,False,,1075568.5,1500.0,896.8909090909091,291.6933333333333,29.9,37.9,1,0,0,1,0,0,0,0,1,1,0,0,0,0,0,0,0,1,0,0,1.0,6.123233995736766e-17,0.970941817426052,0.239315664287558,717.05,1032803.0,990037.5,924484.0,833332.0,694038.0,575093.0,312200.0,1011420.25,55210.02309741272,950861.125,76606.7561710695,892518.25,108761.8940625264,772896.8461538461,138021.2521709881,1075568.5,947272.0,1075568.5,718333.0,4.14072189952972,16.342575966701432,54.972566343629595,244.51265214606025,30.861,-0.17886195461722654,2.441,13.88836084670853,4.812,1,3,0.0,827997.31,1156,2024,1
2024-03-18,Beans (white),1118334.0,NGN,NGN/MT,WFP Nigeria Food Prices,retail,National,,,0.96,True,WFP VAM data — converted from NGN/2.5KG to NGN/MT (×400),Agricome,historical,False,,1118334.0,1500.0,896.8909090909091,291.6933333333333,29.9,37.9,1,0,0,1,0,0,0,0,1,1,0,0,0,0,0,0,0,1,0,0,1.0,6.123233995736766e-17,0.992708874098054,0.120536680255323,745.56,1075568.5,1032803.0,947272.0,856120.0,718333.0,590000.0,312200.0,1054185.75,55210.0230974128,983637.875,85821.1812078513,925851.6666666666,111778.79829506096,793217.3846153846,148510.7660512135,1118334.0,990037.5,1118334.0,756666.0,3.976083345691128,18.058382386473994,55.68461980724817,258.21076233183857,32.9,-0.16463855383859194,2.496,13.927351530031665,4.812,1,3,0.0,860919.17,1157,2024,1
2024-03-25,Beans (white),1126084.0,NGN,NGN/MT,Interpolated,retail,National,,,0.69,False,Gap-filled by interpolation,Interpolated,historical,False,,1126084.0,1500.0,896.8909090909091,291.6933333333333,29.9,37.9,1,0,0,1,0,0,0,0,1,1,0,0,0,0,0,0,0,1,0,0,1.0,6.123233995736766e-17,1.0,-1.6081226496766364e-16,750.72,1118334.0,1075568.5,990037.5,878908.0,756666.0,603467.5,338400.0,1088197.375,43095.38948924066,1014534.875,87212.77834401497,956636.5,111818.12472106844,813318.0192307692,156930.10322351073,1126084.0,1032803.0,1126084.0,794999.0,0.6929951159492687,13.741550193805786,48.82180512934373,232.76713947990544,33.797,-3.2830882297418595,2.375,13.93425757328737,4.812,1,3,0.0,866885.3,1158,2024,1
2024-04-01,Beans (white),1133834.0,NGN,NGN/MT,Interpolated,retail,National,,,0.69,False,Gap-filled by interpolation,Interpolated,historical,False,,1133834.0,1460.0,896.8909090909091,291.6933333333333,33.7,40.5,0,1,1,1,0,0,0,0,1,0,0,0,0,0,0,0,0,1,0,0,0.8660254037844387,-0.4999999999999998,0.992708874098054,-0.1205366802553228,776.6,1126084.0,1118334.0,1032803.0,901696.0,794999.0,616935.0,366400.0,1113455.125,26038.348675162797,1043552.125,82813.16672346256,984872.75,110058.27630221045,833198.75,163653.81832098242,1133834.0,1075568.5,1133834.0,833332.0,0.6882257451486851,9.78221403307311,42.62080832806079,209.45251091703057,33.636,-0.004769370800583594,2.265,13.941116250037794,4.812,1,3,0.333,848043.38,1159,2024,2
2024-04-08,Beans (white),1141584.0,NGN,NGN/MT,Interpolated,retail,National,,,0.69,False,Gap-filled by interpolation,Interpolated,historical,False,,1141584.0,1460.0,896.8909090909091,291.6933333333333,33.7,40.5,0,1,1,1,0,0,0,0,1,0,0,0,0,0,0,0,0,1,0,0,0.8660254037844387,-0.4999999999999998,0.970941817426052,-0.2393156642875575,781.91,1133834.0,1126084.0,1075568.5,924484.0,833332.0,630402.5,394400.0,1129959.0,10005.206977711763,1070689.625,73238.96596989501,1010560.4166666666,107414.49383724097,852859.5769230769,168936.57966013745,1141584.0,1118334.0,1141584.0,856120.0,0.6835215737047928,6.137730883714054,36.990299184478694,189.44827586206898,32.491,-0.0047041714438922355,2.166,13.947928205605042,4.812,1,3,0.333,853839.94,1160,2024,2
2024-04-15,Beans (white),1149334.0,NGN,NGN/MT,WFP Nigeria Food Prices,retail,National,,,0.96,True,WFP VAM data — converted from NGN/2.5KG to NGN/MT (×400),Agricome,historical,False,,1149334.0,1460.0,896.8909090909091,291.6933333333333,33.7,40.5,0,1,1,1,0,0,0,0,1,0,0,0,0,0,0,0,0,0,0,0,0.8660254037844387,-0.4999999999999998,0.9350162426854148,-0.3546048870425354,787.22,1141584.0,1133834.0,1118334.0,947272.0,856120.0,643870.0,422400.0,1137709.0,10005.206977711763,1095947.375,57813.76384858055,1034994.9166666666,102317.83635382868,872300.5,172960.45238328943,1149334.0,1126084.0,1149334.0,878908.0,0.6788812737389405,2.7719804637970302,34.2491706770079,172.09611742424244,30.426,-0.004640299965852357,2.075,13.954694072212568,4.812,1,3,0.333,859636.5,1161,2024,2
2024-04-22,Beans (white),1188905.6,NGN,NGN/MT,Interpolated,retail,National,,,0.69,False,Gap-filled by interpolation,Interpolated,historical,False,,1188905.6,1460.0,896.8909090909091,291.6933333333333,33.7,40.5,0,1,1,1,0,0,0,0,1,0,0,0,0,0,0,0,0,0,0,0,0.8660254037844387,-0.4999999999999998,0.8854560256532099,-0.4647231720437685,814.32,1149334.0,1141584.0,1126084.0,990037.5,878908.0,662326.4,428950.0,1153414.4,24492.348260361974,1120805.8875,47626.19905548664,1060828.05,98384.91179279241,892553.5461538461,178142.39091802356,1188905.6,1133834.0,1188905.6,901696.0,3.4430026432699323,5.5787667705073485,35.270767816426755,177.16647627928666,29.226,2.764121369530992,2.123,13.988544619181216,4.812,1,3,0.333,889233.81,1162,2024,2
2024-04-29,Beans (white),1228477.2,NGN,NGN/MT,Interpolated,retail,National,,,0.69,False,Gap-filled by interpolation,Interpolated,historical,False,,1228477.2,1460.0,896.8909090909091,291.6933333333333,33.7,40.5,0,1,1,1,0,0,0,0,1,0,0,0,0,0,0,0,0,0,0,0,0.8660254037844387,-0.4999999999999998,0.8229838658936565,-0.5680647467311557,841.42,1188905.6,1149334.0,1133834.0,1032803.0,901696.0,680782.8,435500.0,1177075.2,40047.15313660707,1145265.1625,46198.85297623724,1088059.8166666667,95517.67962115121,913618.7153846154,184372.27157181717,1228477.2,1141584.0,1228477.2,924484.0,3.328405552131297,8.347183097349342,36.24072858258216,182.0843168771527,28.837,-0.11459709113863514,2.159,14.021286725568178,4.812,1,3,0.333,918831.11,1163,2024,2
2024-05-06,Beans (white),1268048.8,NGN,NGN/MT,Interpolated,retail,National,,,0.69,False,Gap-filled by interpolation,Interpolated,historical,False,,1268048.8,1460.0,896.8909090909091,291.6933333333333,33.7,40.5,0,1,1,1,0,0,0,0,1,0,1,0,0,0,0,0,0,0,0,0,0.4999999999999999,-0.8660254037844387,0.7485107481711013,-0.663122658240795,868.53,1228477.2,1188905.6,1141584.0,1075568.5,924484.0,699239.2,442050.0,1208691.4,51086.71592759577,1169325.2,54152.49862632806,1116690.2166666666,93498.89984553434,935496.0076923077,191525.08530123174,1268048.8,1149334.0,1268048.8,947272.0,3.2211912439237933,11.078010904147217,37.16287139636813,186.85641895713155,29.203,-0.10721430820750388,2.185,14.052990687656036,4.812,1,3,0.333,948428.42,1164,2024,2
2024-05-13,Beans (white),1307620.4,NGN,NGN/MT,Interpolated,retail,National,,,0.69,False,Gap-filled by interpolation,Interpolated,historical,False,,1307620.4,1460.0,896.8909090909091,291.6933333333333,33.7,40.5,0,1,1,1,0,0,0,0,1,0,1,0,0,0,0,0,0,0,0,0,0.4999999999999999,-0.8660254037844387,0.6631226582407952,-0.7485107481711012,895.63,1268048.8,1228477.2,1149334.0,1118334.0,947272.0,717695.6,448600.0,1248263.0,51086.71592759577,1192986.0,68216.29881152336,1146719.25,91994.75066523747,958185.4230769231,199469.39157852266,1307620.4,1188905.6,1307620.4,990037.5,3.120668542093963,13.772010573079708,38.040647248097684,191.48916629514042,30.274,-0.10052270182983047,2.202,14.083720319559394,4.812,1,3,0.333,978025.73,1165,2024,2
2024-05-20,Beans (white),1347192.0,NGN,NGN/MT,WFP Nigeria Food Prices,retail,National,,,0.96,True,WFP VAM data — converted from NGN/2.5KG to NGN/MT (×400),Agricome,historical,False,,1347192.0,1460.0,896.8909090909091,291.6933333333333,33.7,40.5,0,1,1,1,0,0,0,0,1,0,1,0,0,0,0,0,0,0,0,0,0.4999999999999999,-0.8660254037844387,0.5680647467311558,-0.8229838658936564,922.73,1307620.4,1268048.8,1188905.6,1126084.0,990037.5,722114.0,455546.8,1287834.6,51086.71592759577,1220624.5,80858.57436537079,1176482.125,94437.85047217993,982226.8846153846,207390.41113975912,1347192.0,1228477.2,1347192.0,1032803.0,3.0262299364555822,13.31362220852521,36.074845649786,195.7307569716218,31.114,-0.09443860563838058,2.211,14.113533726494705,4.812,1,3,0.333,1007623.04,1166,2024,2
2024-05-27,Beans (white),1376535.0,NGN,NGN/MT,Interpolated,retail,National,,,0.69,False,Gap-filled by interpolation,Interpolated,historical,False,,1376535.0,1460.0,896.8909090909091,291.6933333333333,33.7,40.5,0,1,1,1,0,0,0,0,1,0,1,0,0,0,0,0,0,0,0,0,0.4999999999999999,-0.8660254037844387,0.464723172043769,-0.8854560256532096,942.83,1347192.0,1307620.4,1228477.2,1133834.0,1032803.0,722114.0,462493.6,1324849.0499999998,47236.07245524183,1250962.125,88784.88009443026,1205126.4583333333,98919.19175382539,1007396.9230769231,214160.49506789536,1376535.0,1268048.8,1376535.0,1075568.5,2.178085974382271,12.052140650229415,33.28146800503098,197.63330779063756,31.512,-0.8481439620733111,2.181,14.135080756510131,4.812,1,3,0.333,1029569.93,1167,2024,2
2024-06-03,Beans (white),1405878.0,NGN,NGN/MT,Interpolated,retail,National,,,0.69,False,Gap-filled by interpolation,Interpolated,historical,False,,1405878.0,1460.0,896.8909090909091,291.6933333333333,33.7,40.5,0,1,1,0,0,0,0,1,0,0,1,0,0,0,0,0,0,0,1,0,1.2246467991473532e-16,-1.0,0.3546048870425358,-0.9350162426854148,962.93,1376535.0,1347192.0,1268048.8,1141584.0,1075568.5,708076.0,469440.4,1359306.35,41968.00316062445,1283998.875,91404.3011082994,1232652.25,105338.82902375376,1034235.4615384615,218822.67789712898,1405878.0,1307620.4,1405878.0,1118334.0,2.1316566596563113,10.869392408241696,30.710224406906672,199.47955054571355,31.431,-0.04642931472595979,2.151,14.15617328790544,4.812,1,3,0.667,1051516.83,1168,2024,2
2024-06-10,Beans (white),1435221.0,NGN,NGN/MT,Interpolated,retail,National,,,0.69,False,Gap-filled by interpolation,Interpolated,historical,False,,1435221.0,1460.0,896.8909090909091,291.6933333333333,33.7,40.5,0,1,1,0,0,0,0,1,0,0,1,0,0,0,0,0,0,0,1,0,1.2246467991473532e-16,-1.0,0.2393156642875576,-0.970941817426052,983.03,1405878.0,1376535.0,1307620.4,1149334.0,1118334.0,694038.0,476387.2,1391206.5,37881.650109256945,1319734.75,87014.20595208394,1259059.5,113480.58699170542,1062742.5,220998.66660066575,1435221.0,1347192.0,1435221.0,1126084.0,2.0871654581692045,9.758229528997875,28.33563139455655,201.2719485326222,30.907,-0.044491201487106835,2.122,14.176830099043208,4.812,1,3,0.667,1073463.72,1169,2024,2
2024-06-17,Beans (white),1464564.0,NGN,NGN/MT,WFP Nigeria Food Prices,retail,National,,,0.9,True,WFP VAM data — converted from NGN/2.5KG to NGN/MT (×400),Agricome,historical,True,IQR outlier (k=3.0),1464564.0,1460.0,896.8909090909091,291.6933333333333,33.7,40.5,0,1,1,0,0,0,0,1,0,0,1,0,0,0,0,0,0,0,1,0,1.2246467991473532e-16,-1.0,0.120536680255323,-0.992708874098054,1003.13,1435221.0,1405878.0,1347192.0,1188905.6,1126084.0,694038.0,483334.0,1420549.5,37881.650109256734,1354192.05,82254.92190381758,1287266.1666666667,119338.5189856109,1092378.1153846155,221241.2948202898,1464564.0,1376535.0,1464564.0,1133834.0,2.0444934961235894,8.712343897529085,30.058148415215925,203.01282343058836,30.042,-0.042671962045615075,2.094,14.197068828013716,4.812,1,3,0.667,1095410.62,1170,2024,2
2024-06-24,Beans (white),1471084.67,NGN,NGN/MT,Interpolated,retail,National,,,0.69,False,Gap-filled by interpolation,Interpolated,historical,False,,1471084.67,1460.0,896.8909090909091,291.6933333333333,33.7,40.5,0,1,1,0,0,0,0,1,0,0,1,0,0,0,0,0,0,0,1,0,1.2246467991473532e-16,-1.0,-3.216245299353273e-16,-1.0,1007.59,1464564.0,1435221.0,1376535.0,1228477.2,1133834.0,718333.0,502500.5,1444186.9175,29925.882985592278,1384517.98375,73546.35882925303,1315370.3891666667,119631.30776841528,1121330.1026923077,219582.1497949085,1471084.67,1405878.0,1471084.67,1141584.0,0.4452294334696072,6.868671701046458,29.74427208921235,192.75287686280907,28.792,-1.5992640626539822,1.998,14.20151123718073,4.812,1,3,0.667,1100287.71,1171,2024,2
2024-07-01,Beans (white),1477605.33,NGN,NGN/MT,Interpolated,retail,National,,,0.69,False,Gap-filled by interpolation,Interpolated,historical,False,,1477605.33,1580.0,896.8909090909091,291.6933333333333,33.4,39.5,0,1,1,0,0,0,1,1,0,0,1,0,0,0,0,0,0,0,1,0,-0.4999999999999997,-0.8660254037844388,-0.1205366802553228,-0.992708874098054,935.19,1471084.67,1464564.0,1405878.0,1268048.8,1141584.0,756666.0,521667.0,1462118.75,18705.525780440614,1410712.55,62649.14677284669,1343372.1666666667,114470.09146175478,1149058.5384615385,217197.57112907004,1477605.33,1435221.0,1477605.33,1149334.0,0.4432552478437657,5.101959771758291,29.43465658243283,183.24684712661528,27.245,-0.001974185625841507,1.911,14.205933991832003,4.812,0,0,0.667,1107650.17,1172,2024,3
2024-07-08,Beans (white),1484126.0,NGN,NGN/MT,Interpolated,retail,National,,,0.69,False,Gap-filled by interpolation,Interpolated,historical,False,,1484126.0,1580.0,896.8909090909091,291.6933333333333,33.4,39.5,0,1,1,0,0,0,1,1,0,0,1,0,0,0,0,0,0,0,1,0,-0.4999999999999997,-0.8660254037844388,-0.2393156642875574,-0.970941817426052,939.32,1477605.33,1471084.67,1435221.0,1307620.4,1149334.0,794999.0,540833.5,1474345.0,8418.14360806788,1432775.75,51188.27158486301,1371271.5,103114.13715843816,1175563.423076923,214291.0579557692,1484126.0,1464564.0,1484126.0,1188905.6,0.44129984290188773,3.40748916020599,29.129217442449274,174.4145841557522,25.416,-0.0019554049418779584,1.833,14.21033727856257,4.812,0,0,0.667,1112538.23,1173,2024,3
2024-07-15,Beans (white),1490646.67,NGN,NGN/MT,Interpolated,retail,National,,,0.69,False,Gap-filled by interpolation,Interpolated,historical,False,,1490646.67,1580.0,896.8909090909091,291.6933333333333,33.4,39.5,0,1,1,0,0,0,1,1,0,0,1,0,0,0,0,0,0,0,1,0,-0.4999999999999997,-0.8660254037844388,-0.3546048870425356,-0.9350162426854148,943.45,1484126.0,1477605.33,1464564.0,1347192.0,1188905.6,833332.0,554074.4,1480865.6675,8418.144899062227,1450707.58375,41046.54824430203,1396416.5891666666,90635.92590967496,1200844.7565384617,211050.11273950772,1490646.67,1471084.67,1490646.67,1228477.2,0.4393609437473689,1.7809170510814099,25.379733260571726,169.03366587591844,23.319,-0.001938899154518836,1.762,14.214721261328942,4.812,0,0,0.667,1117426.29,1174,2024,3
2024-07-22,Beans (white),1490646.67,NGN,NGN/MT,Interpolated,retail,National,,,0.69,False,Gap-filled by interpolation,Interpolated,historical,False,,1490646.67,1580.0,896.8909090909091,291.6933333333333,33.4,39.5,0,1,1,0,0,0,1,1,0,0,1,0,0,0,0,0,0,0,1,0,-0.4999999999999997,-0.8660254037844388,-0.464723172043768,-0.8854560256532101,943.45,1490646.67,1484126.0,1471084.67,1376535.0,1228477.2,856120.0,554074.4,1485756.1675,6243.066218742519,1464971.5425,29903.67425098536,1418264.045,77054.59428462823,1225249.6284615386,206224.9452754263,1490646.67,1477605.33,1490646.67,1268048.8,0.0,1.3297671030723102,21.341012271127212,169.03366587591844,21.262,-0.4393609437473689,1.68,14.214721261328942,4.812,0,0,0.667,1117426.29,1175,2024,3
2024-07-29,Beans (white),1490646.67,NGN,NGN/MT,Interpolated,retail,National,,,0.69,False,Gap-filled by interpolation,Interpolated,historical,False,,1490646.67,1580.0,896.8909090909091,291.6933333333333,33.4,39.5,0,1,1,0,0,0,1,1,0,0,1,0,0,0,0,0,0,0,1,0,-0.4999999999999997,-0.8660254037844388,-0.5680647467311556,-0.8229838658936565,943.45,1490646.67,1490646.67,1477605.33,1405878.0,1268048.8,878908.0,548148.8,1489016.5025,3260.335000017057,1475567.62625,19005.85479796456,1436813.8675,63142.6876916358,1248778.038846154,199930.79091749658,1490646.67,1484126.0,1490646.67,1307620.4,0.0,0.8825996858037755,17.55436147252376,171.94197451494918,19.238,0.0,1.606,14.214721261328942,4.812,0,0,0.667,1117426.29,1176,2024,3
2024-08-05,Beans (white),1490646.67,NGN,NGN/MT,Interpolated,retail,National,,,0.69,False,Gap-filled by interpolation,Interpolated,historical,False,,1490646.67,1580.0,896.8909090909091,291.6933333333333,33.4,39.5,0,1,0,0,1,0,1,1,0,0,1,0,0,0,0,1,0,0,1,0,-0.8660254037844384,-0.5000000000000004,-0.663122658240795,-0.7485107481711013,943.45,1490646.67,1490646.67,1484126.0,1435221.0,1307620.4,901696.0,542223.2,1490646.67,0.010515774684707897,1482495.835,10310.080469395178,1452066.0566666666,49792.71248794548,1271429.9876923077,192250.00822047086,1490646.67,1490646.67,1490646.67,1347192.0,0.0,0.4393609437473689,13.99689619403308,174.91384913076388,17.242,0.0,1.538,14.214721261328942,4.812,0,0,0.333,1117426.29,1177,2024,3
2024-08-12,Beans (white),1490646.67,NGN,NGN/MT,Interpolated,retail,National,,,0.69,False,Gap-filled by interpolation,Interpolated,historical,False,,1490646.67,1580.0,896.8909090909091,291.6933333333333,33.4,39.5,0,1,0,0,1,0,1,1,0,0,1,0,0,0,0,1,0,0,1,0,-0.8660254037844384,-0.5000000000000004,-0.7485107481711011,-0.6631226582407952,943.45,1490646.67,1490646.67,1490646.67,1464564.0,1347192.0,924484.0,536297.6,1490646.67,0.010515774684707897,1485756.16875,7596.347904813275,1464020.6125,38194.9728812158,1293205.475,183232.92377853987,1490646.67,1490646.67,1490646.67,1376535.0,0.0,0.0,10.648420566630445,177.95139676179792,15.268,0.0,1.477,14.214721261328942,4.812,0,0,0.333,1117426.29,1178,2024,3
2024-08-19,Beans (white),1490646.67,NGN,NGN/MT,Interpolated,retail,National,,,0.69,False,Gap-filled by interpolation,Interpolated,historical,False,,1490646.67,1580.0,896.8909090909091,291.6933333333333,33.4,39.5,0,1,0,0,1,0,1,1,0,0,1,0,0,0,0,1,0,0,1,0,-0.8660254037844384,-0.5000000000000004,-0.8229838658936564,-0.5680647467311559,943.45,1490646.67,1490646.67,1490646.67,1471084.67,1376535.0,947272.0,536297.6,1490646.67,0.010515774684707897,1488201.41875,4851.533731596577,1473529.9183333332,26997.486855557057,1314104.500769231,172894.72681809368,1490646.67,1490646.67,1490646.67,1405878.0,0.0,0.0,8.28977614081734,177.95139676179792,13.434,0.0,1.42,14.214721261328942,4.812,0,0,0.333,1117426.29,1179,2024,3
2024-08-26,Beans (white),1490646.67,NGN,NGN/MT,Interpolated,retail,National,,,0.69,False,Gap-filled by interpolation,Interpolated,historical,False,,1490646.67,1580.0,896.8909090909091,291.6933333333333,33.4,39.5,0,1,0,0,1,0,1,1,0,0,1,0,0,0,0,1,0,0,1,0,-0.8660254037844384,-0.5000000000000004,-0.8854560256532096,-0.4647231720437691,943.45,1490646.67,1490646.67,1490646.67,1477605.33,1405878.0,990037.5,545279.0,1490646.67,0.010515774684707897,1489831.58625,2305.404987509806,1480593.9741666664,16881.66777983719,1333358.6996153845,162950.73513959176,1490646.67,1490646.67,1490646.67,1435221.0,0.0,0.0,6.029589338477437,173.37320344264126,11.796,0.0,1.368,14.214721261328942,4.812,0,0,0.333,1117426.29,1180,2024,3
2024-09-02,Beans (white),1490646.67,NGN,NGN/MT,Interpolated,retail,National,,,0.69,False,Gap-filled by interpolation,Interpolated,historical,False,,1490646.67,1580.0,896.8909090909091,291.6933333333333,33.4,39.5,0,1,0,0,1,1,0,0,0,0,0,0,0,0,0,1,0,0,0,0,-1.0,-1.8369701987210294e-16,-0.9350162426854148,-0.3546048870425359,943.45,1490646.67,1490646.67,1490646.67,1484126.0,1435221.0,1032803.0,560186.0,1490646.67,0.010515774684707897,1490646.67,0.01797541974360365,1485212.78,9151.489089923585,1350968.0715384616,153644.65362024112,1490646.67,1490646.67,1490646.67,1464564.0,0.0,0.0,3.861821280485711,166.09852263355384,10.339,0.0,1.318,14.214721261328942,4.812,0,0,0.333,1117426.29,1181,2024,3
2024-09-09,Beans (white),1490646.67,NGN,NGN/MT,Interpolated,retail,National,,,0.69,False,Gap-filled by interpolation,Interpolated,historical,False,,1490646.67,1580.0,896.8909090909091,291.6933333333333,33.4,39.5,0,1,0,0,1,1,0,0,0,0,0,0,0,0,0,1,0,0,0,0,-1.0,-1.8369701987210294e-16,-0.970941817426052,-0.2393156642875577,943.45,1490646.67,1490646.67,1490646.67,1490646.67,1464564.0,1075568.5,575093.0,1490646.67,0.010515774684707897,1490646.67,0.01797541974360365,1487386.3358333334,6520.667727305917,1366932.6165384615,145217.85598103647,1490646.67,1490646.67,1490646.67,1471084.67,0.0,0.0,1.7809170510814099,159.20097618993796,9.05,0.0,1.271,14.214721261328942,4.812,0,0,0.333,1117426.29,1182,2024,3
2024-09-16,Beans (white),1490646.67,NGN,NGN/MT,Interpolated,retail,National,,,0.69,False,Gap-filled by interpolation,Interpolated,historical,False,,1490646.67,1580.0,896.8909090909091,291.6933333333333,33.4,39.5,0,1,0,0,1,1,0,0,0,0,0,0,0,0,0,1,0,0,0,0,-1.0,-1.8369701987210294e-16,-0.992708874098054,-0.1205366802553235,943.45,1490646.67,1490646.67,1490646.67,1490646.67,1471084.67,1118334.0,590000.0,1490646.67,0.010515774684707897,1490646.67,0.01797541974360365,1489016.5025000002,4053.1282342113527,1381252.3346153847,137895.34071917116,1490646.67,1490646.67,1490646.67,1477605.33,0.0,0.0,1.3297671030723102,152.6519779661017,7.92,0.0,1.226,14.214721261328942,4.812,0,0,0.333,1117426.29,1183,2024,3
2024-09-23,Beans (white),1490646.67,NGN,NGN/MT,Interpolated,retail,National,,,0.69,False,Gap-filled by interpolation,Interpolated,historical,False,,1490646.67,1580.0,896.8909090909091,291.6933333333333,33.4,39.5,0,1,0,0,1,1,0,0,0,0,0,0,0,0,0,1,0,0,0,0,-1.0,-1.8369701987210294e-16,-1.0,-1.8369701987210294e-16,943.45,1490646.67,1490646.67,1490646.67,1490646.67,1477605.33,1126084.0,603467.5,1490646.67,0.010515774684707897,1490646.67,0.01797541974360365,1490103.280833333,1882.3552900135699,1395273.9757692309,129170.05837088301,1490646.67,1490646.67,1490646.67,1484126.0,0.0,0.0,0.8825996858037755,147.0135790245539,6.835,0.0,1.183,14.214721261328942,4.812,0,0,0.333,1117426.29,1184,2024,3
2024-09-30,Beans (white),1490646.67,NGN,NGN/MT,Interpolated,retail,National,,,0.69,False,Gap-filled by interpolation,Interpolated,historical,False,,1490646.67,1580.0,896.8909090909091,291.6933333333333,33.4,39.5,0,1,0,0,1,1,0,0,0,0,0,0,0,0,0,1,0,0,0,0,-1.0,-1.8369701987210294e-16,-0.992708874098054,0.1205366802553232,943.45,1490646.67,1490646.67,1490646.67,1490646.67,1484126.0,1133834.0,616935.0,1490646.67,0.010515774684707897,1490646.67,0.01797541974360365,1490646.67,0.02084735015915266,1408997.54,118822.71630760783,1490646.67,1490646.67,1490646.67,1490646.67,0.0,0.0,0.4393609437473689,141.62134908863982,5.795,0.0,1.143,14.214721261328942,4.812,0,0,0.333,1117426.29,1185,2024,3
2024-10-07,Beans (white),1490646.67,NGN,NGN/MT,Interpolated,retail,National,,,0.69,False,Gap-filled by interpolation,Interpolated,historical,False,,1490646.67,1700.0,896.8909090909091,291.6933333333333,33.4,39.5,0,1,0,0,0,1,0,0,0,1,0,1,0,1,1,1,1,0,0,0,-0.8660254037844386,0.5000000000000001,-0.970941817426052,0.2393156642875573,876.85,1490646.67,1490646.67,1490646.67,1490646.67,1490646.67,1141584.0,630402.5,1490646.67,0.010515774684707897,1490646.67,0.01797541974360365,1490646.67,0.02084735015915266,1422423.0273076924,106478.39036662944,1490646.67,1490646.67,1490646.67,1490646.67,0.0,0.0,0.0,136.45951118531414,4.796,0.0,1.104,14.214721261328942,4.812,0,0,0.333,1117426.29,1186,2024,4
2024-10-14,Beans (white),1490646.67,NGN,NGN/MT,Interpolated,retail,National,,,0.69,False,Gap-filled by interpolation,Interpolated,historical,False,,1490646.67,1700.0,896.8909090909091,291.6933333333333,33.4,39.5,0,1,0,0,0,1,0,0,0,1,0,1,0,1,1,1,1,0,0,0,-0.8660254037844386,0.5000000000000001,-0.9350162426854148,0.3546048870425355,876.85,1490646.67,1490646.67,1490646.67,1490646.67,1490646.67,1149334.0,643870.0,1490646.67,0.010515774684707897,1490646.67,0.01797541974360365,1490646.67,0.02084735015915266,1435550.4376923079,91441.23522229918,1490646.67,1490646.67,1490646.67,1490646.67,0.0,0.0,0.0,131.51360833708665,3.838,0.0,1.067,14.214721261328942,4.812,0,0,0.333,1117426.29,1187,2024,4
2024-10-21,Beans (white),1490646.67,NGN,NGN/MT,WFP Nigeria Food Prices,retail,National,,,0.96,True,WFP VAM data — converted from NGN/2.5KG to NGN/MT (×400),Agricome,historical,False,,1581936.0,1700.0,896.8909090909091,291.6933333333333,33.4,39.5,0,1,0,0,0,1,0,0,0,1,0,1,0,1,1,1,1,0,0,0,-0.8660254037844386,0.5000000000000001,-0.8854560256532101,0.464723172043768,876.85,1490646.67,1490646.67,1490646.67,1490646.67,1490646.67,1188905.6,662326.4,1490646.67,0.010515774684707897,1490646.67,0.01797541974360365,1490646.67,0.02084735015915266,1447155.8634615387,76873.2912627844,1490646.67,1490646.67,1490646.67,1490646.67,0.0,0.0,0.0,125.06224574469624,3.005,0.0,1.031,14.214721261328942,4.812,0,0,0.333,1117426.29,1188,2024,4
2024-10-28,Beans (white),1486452.0,NGN,NGN/MT,Interpolated,retail,National,,,0.69,False,Gap-filled by interpolation,Interpolated,historical,False,,1486452.0,1700.0,896.8909090909091,291.6933333333333,33.4,39.5,0,1,0,0,0,1,0,0,0,1,0,1,0,1,1,1,1,0,0,0,-0.8660254037844386,0.5000000000000001,-0.822983865893657,0.5680647467311548,874.38,1490646.67,1490646.67,1490646.67,1490646.67,1490646.67,1228477.2,680782.8,1489598.0025,2097.335000026461,1490122.33625,1483.0398010287101,1490297.1141666665,1210.8969270100745,1457077.9711538462,62897.296439623184,1490646.67,1486452.0,1490646.67,1486452.0,-0.2813993473047449,-0.2813993473047449,-0.2813993473047449,118.34452926836576,2.232,-0.2813993473047449,0.983,14.21190330302605,4.812,0,0,0.333,1114281.86,1189,2024,4
2024-11-04,Beans (white),1390968.0,NGN,NGN/MT,Interpolated,retail,National,,,0.69,False,Gap-filled by interpolation,Interpolated,historical,False,,1390968.0,1700.0,896.8909090909091,291.6933333333333,33.4,39.5,1,0,0,0,0,1,0,0,0,1,0,1,1,1,1,0,1,0,0,0,-0.5000000000000004,0.8660254037844384,-0.7485107481711011,0.6631226582407952,818.22,1486452.0,1490646.67,1490646.67,1490646.67,1490646.67,1268048.8,699239.2,1464678.335,49179.99192994809,1477662.5025,35060.60806260159,1481990.5583333333,28690.025633172132,1461805.6326923077,51752.92372418009,1490646.67,1390968.0,1490646.67,1390968.0,-6.4236181188494506,-6.686941446694405,-6.686941446694405,98.92591834096258,0.197,-6.142218771544705,0.641,14.14551118453215,4.812,0,0,0.333,1042704.65,1190,2024,4
2024-11-11,Beans (white),1295484.0,NGN,NGN/MT,Interpolated,retail,National,,,0.69,False,Gap-filled by interpolation,Interpolated,historical,False,,1295484.0,1700.0,896.8909090909091,291.6933333333333,33.4,39.5,1,0,0,0,0,1,0,0,0,1,0,1,1,1,1,0,1,0,0,0,-0.5000000000000004,0.8660254037844384,-0.6631226582407955,0.7485107481711007,762.05,1390968.0,1486452.0,1490646.67,1490646.67,1490646.67,1307620.4,717695.6,1415887.6675,92531.55579175345,1453267.16875,72569.26086881098,1465727.0025000002,60745.38690392611,1461338.848076923,53232.79526241983,1490646.67,1295484.0,1490646.67,1295484.0,-6.864572010283487,-13.092483546084054,-13.092483546084054,80.50605298402276,-3.11,-0.4409538914340363,0.293,14.074395700376167,4.812,0,0,0.333,971127.44,1191,2024,4
2024-11-18,Beans (white),1200000.0,NGN,NGN/MT,WFP Nigeria Food Prices,retail,National,,,0.96,True,WFP VAM data — converted from NGN/2.5KG to NGN/MT (×400),Agricome,historical,False,,1200000.0,1700.0,896.8909090909091,291.6933333333333,33.4,39.5,1,0,0,0,0,1,0,0,0,1,0,1,1,1,1,0,1,0,0,0,-0.5000000000000004,0.8660254037844384,-0.5680647467311559,0.8229838658936564,705.88,1295484.0,1390968.0,1490646.67,1490646.67,1490646.67,1347192.0,722114.0,1343226.0,123269.31394309047,1416936.335,112790.3739348226,1441506.4466666665,97019.32725071811,1455677.6173076923,70789.39609720076,1486452.0,1200000.0,1490646.67,1200000.0,-7.370527154329965,-19.498025645473717,-19.498025645473717,66.178747399995,-7.725,-0.505955144046478,-0.067,13.997832948091215,4.812,0,0,0.333,899550.22,1192,2024,4
2024-11-25,Beans (white),1185909.0,NGN,NGN/MT,Interpolated,retail,National,,,0.69,False,Gap-filled by interpolation,Interpolated,historical,False,,1185909.0,1700.0,896.8909090909091,291.6933333333333,33.4,39.5,1,0,0,0,0,1,0,0,0,1,0,1,1,1,1,0,1,0,0,0,-0.5000000000000004,0.8660254037844384,-0.4647231720437684,0.88545602565321,697.59,1200000.0,1295484.0,1486452.0,1490646.67,1490646.67,1376535.0,722114.0,1268090.25,95287.98276934106,1378844.12625,133835.70111908586,1416111.6408333331,120119.93540379032,1448345.848076923,87267.95337661282,1390968.0,1185909.0,1490646.67,1185909.0,-1.174249999999999,-20.21881634926658,-20.44332007933174,64.22739345865058,-12.446,6.196277154329966,-0.152,13.986020970331534,4.812,0,0,0.333,888987.26,1193,2024,4
2024-12-02,Beans (white),1171818.0,NGN,NGN/MT,Interpolated,retail,National,,,0.69,False,Gap-filled by interpolation,Interpolated,historical,False,,1171818.0,1700.0,896.8909090909091,291.6933333333333,33.4,39.5,1,0,0,0,0,0,0,0,0,1,0,1,1,1,1,0,0,0,0,1,-2.4492935982947064e-16,1.0,-0.3546048870425359,0.9350162426854148,689.3,1185909.0,1200000.0,1390968.0,1490646.67,1490646.67,1405878.0,708076.0,1213302.75,55982.50628768123,1338990.5425,142947.29664041768,1389542.585,136305.0467083268,1439343.5403846153,102557.19275933283,1295484.0,1171818.0,1490646.67,1171818.0,-1.1882024674743197,-15.755215073243956,-21.388614513189765,65.49325213677628,-15.704,-0.013952467474320773,-0.245,13.974067800332428,4.812,0,0,0.0,878424.29,1194,2024,4
2024-12-09,Beans (white),1157727.0,NGN,NGN/MT,Interpolated,retail,National,,,0.69,False,Gap-filled by interpolation,Interpolated,historical,False,,1157727.0,1700.0,896.8909090909091,912.8571428571428,33.4,39.5,1,0,0,0,0,0,0,0,0,1,0,1,1,1,1,0,0,0,0,1,-2.4492935982947064e-16,1.0,-0.2393156642875578,0.970941817426052,681.02,1171818.0,1185909.0,1295484.0,1490646.67,1490646.67,1435221.0,694038.0,1178863.5,18191.402777144118,1297375.58375,140935.6285760399,1361799.2791666666,147293.72651030353,1428670.694230769,116495.26589097676,1200000.0,1157727.0,1490646.67,1157727.0,-1.2024904891373867,-10.633631909000806,-22.33390894704779,66.8103187433541,-17.485,-0.014288021663066974,-0.346,13.961970021787154,6.734,0,0,0.0,867861.32,1195,2024,4
2024-12-16,Beans (white),1150908.8,NGN,NGN/MT,WFP Nigeria Food Prices,retail,National,,,0.96,True,WFP VAM data — converted from NGN/2.5KG to NGN/MT (×400),Agricome,historical,False,,1143636.0,1700.0,896.8909090909091,912.8571428571428,33.4,39.5,1,0,0,0,0,0,0,0,0,1,0,1,1,1,1,0,0,0,0,1,-2.4492935982947064e-16,1.0,-0.1205366802553236,0.992708874098054,677.01,1157727.0,1171818.0,1200000.0,1490646.67,1490646.67,1464564.0,694038.0,1166590.7,15545.723372049706,1254908.35,124620.01572647113,1333487.79,152823.2846415011,1416607.0326923078,128274.4221877887,1185909.0,1150908.8,1490646.67,1150908.8,-0.5889298599756176,-4.090933333333324,-22.79130774833448,65.82792296675399,-17.649,0.613560629161769,-0.427,13.956063317995488,6.734,0,0,0.0,862750.22,1196,2024,4
2024-12-23,Beans (white),1150908.8,NGN,NGN/MT,Interpolated,retail,National,,,0.69,False,Gap-filled by interpolation,Interpolated,historical,False,,1150908.8,1700.0,896.8909090909091,912.8571428571428,33.4,39.5,1,0,0,0,0,0,0,0,0,1,0,1,1,1,1,0,0,0,0,1,-2.4492935982947064e-16,1.0,6.432490598706546e-16,1.0,677.01,1150908.8,1157727.0,1185909.0,1486452.0,1490646.67,1471084.67,718333.0,1157840.65,9856.982604409379,1212965.45,86057.14704216803,1305176.3008333333,152530.83402600154,1404292.576153846,137846.74544488653,1171818.0,1150908.8,1490646.67,1150908.8,0.0,-2.95133943666841,-22.79130774833448,60.219396853548425,-17.55,0.5889298599756176,-0.484,13.956063317995488,6.734,0,0,0.0,862750.22,1197,2024,4
2024-12-30,Beans (white),1158181.6,NGN,NGN/MT,Interpolated,retail,National,,,0.69,False,Gap-filled by interpolation,Interpolated,historical,False,,1158181.6,1700.0,896.8909090909091,912.8571428571428,33.4,39.5,1,0,0,0,0,0,0,0,0,1,0,1,1,1,1,0,0,0,0,1,-2.4492935982947064e-16,1.0,0.120536680255323,0.992708874098054,681.28,1150908.8,1150908.8,1171818.0,1390968.0,1490646.67,1477605.33,756666.0,1154431.55,4071.95288245872,1183867.15,48378.71700073621,1277470.8783333332,145826.58057331576,1392007.048076923,145095.09905537462,1158181.6,1150908.8,1490646.67,1150908.8,0.631918011227306,-1.163696068843445,-22.303412115763145,53.06378243505061,-17.067,0.631918011227306,-0.51,13.96236261034894,6.734,0,0,0.0,868202.1,1198,2024,4
2025-01-06,Beans (white),1165454.4,NGN,NGN/MT,Interpolated,retail,National,,,0.69,False,Gap-filled by interpolation,Interpolated,historical,False,,1165454.4,1570.0,896.8909090909091,912.8571428571428,33.4,39.5,1,0,0,0,0,0,0,0,0,1,0,0,1,0,0,0,0,0,0,1,0.4999999999999999,0.8660254037844387,0.2393156642875577,0.970941817426052,742.33,1158181.6,1150908.8,1157727.0,1295484.0,1490646.67,1484126.0,794999.0,1156363.4,6963.175869311624,1167613.45,17528.539420781457,1250371.5225,132188.0822042716,1379750.448076923,150366.0952425012,1165454.4,1150908.8,1490646.67,1150908.8,0.6279498828162922,0.6674630547615967,-21.81551648319182,46.598222136128456,-16.19,-0.003968128411013794,-0.534,13.968622469887487,6.734,0,0,0.0,873653.97,1199,2025,1
2025-01-13,Beans (white),1172727.2,NGN,NGN/MT,Interpolated,retail,National,,,0.69,False,Gap-filled by interpolation,Interpolated,historical,False,,1172727.2,1570.0,896.8909090909091,924.2857142857144,33.4,39.5,1,0,0,0,0,0,0,0,0,1,0,0,1,0,0,0,0,0,0,1,0.4999999999999999,0.8660254037844387,0.3546048870425356,0.9350162426854148,746.96,1165454.4,1158181.6,1150908.8,1200000.0,1490646.67,1490646.67,833332.0,1161818.0,9389.144426781628,1164204.35,12159.851827464307,1223878.2333333334,109579.50277193505,1367522.7761538462,153872.97400028518,1172727.2,1150908.8,1486452.0,1150908.8,0.624031279130266,1.8957540336818957,-21.327620850620487,40.72748916398265,-15.042,-0.003918603686026145,-0.554,13.974843387230893,6.769,0,0,0.0,879105.85,1200,2025,1
2025-01-20,Beans (white),1172727.2,NGN,NGN/MT,WFP Nigeria Food Prices,retail,National,,,0.96,True,WFP VAM data — converted from NGN/2.5KG to NGN/MT (×400),Agricome,historical,False,,1180000.0,1570.0,896.8909090909091,924.2857142857144,33.4,39.5,1,0,0,0,0,0,0,0,0,1,0,0,1,0,0,0,0,0,0,1,0.4999999999999999,0.8660254037844387,0.4647231720437685,0.8854560256532099,746.96,1172727.2,1165454.4,1150908.8,1185909.0,1486452.0,1490646.67,856120.0,1167272.6,6963.175869311755,1162556.625,9372.155830332114,1197734.5,72333.72749308516,1355295.104230769,156310.03953277747,1172727.2,1158181.6,1390968.0,1150908.8,0.0,1.8957540336818957,-21.10561255930229,36.98163808811847,-13.873,-0.624031279130266,-0.61,13.974843387230893,6.769,0,0,0.0,879105.85,1201,2025,1
2025-01-27,Beans (white),1171071.0,NGN,NGN/MT,Interpolated,retail,National,,,0.69,False,Gap-filled by interpolation,Interpolated,historical,False,,1171071.0,1570.0,896.8909090909091,924.2857142857144,33.4,39.5,1,0,0,0,0,0,0,0,0,1,0,0,1,0,0,0,0,0,0,1,0.4999999999999999,0.8660254037844387,0.5680647467311558,0.8229838658936564,745.91,1172727.2,1172727.2,1158181.6,1171818.0,1390968.0,1490646.67,878908.0,1170494.95,3449.8723662817124,1162463.25,9269.865910427932,1179409.75,39191.89227695494,1343003.732307692,157798.75313504483,1172727.2,1165454.4,1295484.0,1150908.8,-0.14122636534736888,1.1128997386938178,-15.808918681091155,33.24159070118829,-12.845,-0.14122636534736888,-0.676,13.973430126599153,6.769,0,0,0.0,877864.32,1202,2025,1
2025-02-03,Beans (white),1162142.0,NGN,NGN/MT,Interpolated,retail,National,,,0.69,False,Gap-filled by interpolation,Interpolated,historical,False,,1162142.0,1585.0,896.8909090909091,924.2857142857144,33.4,39.5,1,0,0,0,0,0,0,0,1,1,0,0,1,0,0,0,0,0,0,0,0.8660254037844386,0.5000000000000001,0.6631226582407952,0.7485107481711011,733.21,1171071.0,1172727.2,1165454.4,1157727.0,1295484.0,1490646.67,901696.0,1169666.85,5076.957389056995,1163015.125,9077.031510955861,1168297.9166666667,14267.94952268081,1330368.9373076926,158653.4717269435,1172727.2,1162142.0,1200000.0,1150908.8,-0.7624644449397144,-0.28421532408302586,-10.292832640156114,28.884014124494286,-12.08,-0.6212380795923456,-0.784,13.965776272505584,6.769,0,0,0.0,871170.91,1203,2025,1
2025-02-10,Beans (white),1153213.0,NGN,NGN/MT,Interpolated,retail,National,,,0.69,False,Gap-filled by interpolation,Interpolated,historical,False,,1153213.0,1585.0,896.8909090909091,924.2857142857144,33.4,39.5,1,0,0,0,0,0,0,0,1,1,0,0,1,0,0,0,0,0,0,0,0.8660254037844386,0.5000000000000001,0.7485107481711011,0.6631226582407953,727.58,1162142.0,1171071.0,1172727.2,1150908.8,1200000.0,1490646.67,924484.0,1164788.2999999998,9009.049640609448,1163303.15,8665.221039643815,1164399.0,10784.80508730502,1317390.7192307694,158819.2795659172,1172727.2,1153213.0,1185909.0,1150908.8,-0.7683226318298431,-1.6640016535814928,-3.898916666666663,24.74126107104071,-11.584,-0.005858186890128625,-0.894,13.9580633848045,6.769,0,0,0.0,864477.51,1204,2025,1
2025-02-17,Beans (white),1144284.0,NGN,NGN/MT,WFP Nigeria Food Prices,retail,National,,,0.96,True,WFP VAM data — converted from NGN/2.5KG to NGN/MT (×400),Agricome,historical,False,,1144284.0,1585.0,896.8909090909091,924.2857142857144,33.4,39.5,1,0,0,0,0,0,0,0,1,1,0,0,1,0,0,0,0,0,0,0,0.8660254037844386,0.5000000000000001,0.8229838658936564,0.5680647467311559,721.95,1153213.0,1162142.0,1172727.2,1150908.8,1185909.0,1490646.67,947272.0,1157677.5,11527.28943277481,1162475.0499999998,10199.611670347349,1160930.25,9894.804121965602,1304069.078076923,158230.62682211498,1171071.0,1144284.0,1172727.2,1144284.0,-0.7742715352671237,-2.4253892976985547,-3.5099657730905176,20.7978278678141,-11.226,-0.005948903437280606,-1.004,13.950290545769308,6.769,0,0,0.0,857784.11,1205,2025,1
2025-02-24,Beans (white),1143213.0,NGN,NGN/MT,Interpolated,retail,National,,,0.69,False,Gap-filled by interpolation,Interpolated,historical,False,,1143213.0,1585.0,896.8909090909091,924.2857142857144,33.4,39.5,1,0,0,0,0,0,0,0,1,1,0,0,1,0,0,0,0,0,0,0,0.8660254037844386,0.5000000000000001,0.8854560256532099,0.4647231720437686,721.27,1144284.0,1153213.0,1171071.0,1158181.6,1171818.0,1490646.67,990037.5,1150713.0,8840.325823574494,1160603.975,12263.826201103979,1158546.5,10462.701343702827,1290706.2446153846,156504.8323072892,1162142.0,1143213.0,1172727.2,1143213.0,-0.0935956458361753,-2.3788480800907896,-2.441078734069624,15.471686678534912,-10.846,0.6806758894309484,-1.057,13.949354151848912,6.769,0,0,0.0,856981.26,1206,2025,1
2025-03-03,Beans (white),1142142.0,NGN,NGN/MT,Interpolated,retail,National,,,0.69,False,Gap-filled by interpolation,Interpolated,historical,False,,1142142.0,1575.0,896.8909090909091,924.2857142857144,33.4,39.5,1,0,0,1,0,0,0,0,1,1,0,0,0,0,0,0,0,1,0,0,1.0,6.123233995736766e-17,0.9350162426854148,0.3546048870425355,725.17,1143213.0,1144284.0,1162142.0,1165454.4,1157727.0,1490646.67,1032803.0,1145713.0,5075.893418925212,1157689.9249999998,13639.199969395853,1157247.75,11490.487507391508,1277302.2188461537,153592.68978517153,1153213.0,1142142.0,1172727.2,1142142.0,-0.09368332935332235,-1.7209600892145738,-1.346172284139524,10.586626878504424,-10.302,-8.768351714705247e-05,-1.098,13.948416880273044,6.769,0,0,0.0,856178.41,1207,2025,1
2025-03-10,Beans (white),1141071.0,NGN,NGN/MT,Interpolated,retail,National,,,0.69,False,Gap-filled by interpolation,Interpolated,historical,False,,1141071.0,1575.0,896.8909090909091,924.2857142857144,33.4,39.5,1,0,0,1,0,0,0,0,1,1,0,0,0,0,0,0,0,1,0,0,1.0,6.123233995736766e-17,0.970941817426052,0.239315664287558,724.49,1142142.0,1143213.0,1153213.0,1172727.2,1150908.8,1490646.67,1075568.5,1142677.5,1382.6550546997003,1153732.9,13239.546197235588,1156427.9333333333,12305.889557404416,1263857.0007692308,149413.63096032885,1144284.0,1141071.0,1172727.2,1141071.0,-0.09377117731420581,-1.052884419443767,-0.8547853661384885,6.090035176746067,-9.588,-8.784796088345814e-05,-1.126,13.94747872939496,6.769,0,0,0.0,855375.56,1208,2025,1
2025-03-17,Beans (white),1140000.0,NGN,NGN/MT,WFP Nigeria Food Prices,retail,National,,,0.96,True,WFP VAM data — converted from NGN/2.5KG to NGN/MT (×400),Agricome,historical,False,,1140000.0,1575.0,896.8909090909091,924.2857142857144,33.4,39.5,1,0,0,1,0,0,0,0,1,1,0,0,0,0,0,0,0,1,0,0,1.0,6.123233995736766e-17,0.992708874098054,0.120536680255323,723.81,1141071.0,1142142.0,1144284.0,1172727.2,1150908.8,1490646.67,1118334.0,1141606.5,1382.65505469949,1149642.0,11469.988740815957,1155518.8666666667,13126.25207946197,1250370.5903846154,143845.5929942744,1143213.0,1140000.0,1172727.2,1140000.0,-0.09385919018185529,-0.3743825833446901,-0.9478422616978954,1.9373460880202087,-8.699,-8.801286764947847e-05,-1.139,13.946539697563276,6.769,0,0,0.0,854572.71,1209,2025,1
2025-03-24,Beans (white),1112000.0,NGN,NGN/MT,Interpolated,retail,National,,,0.69,False,Gap-filled by interpolation,Interpolated,historical,False,,1112000.0,1575.0,896.8909090909091,924.2857142857144,33.4,39.5,1,0,0,1,0,0,0,0,1,1,0,0,0,0,0,0,0,1,0,0,1.0,6.123233995736766e-17,1.0,-1.6081226496766364e-16,706.03,1140000.0,1141071.0,1143213.0,1171071.0,1158181.6,1490646.67,1126084.0,1133803.25,14561.78060026595,1142258.125,14355.037616888882,1151670.4000000001,18101.623958094016,1235807.256923077,137577.37222749926,1142142.0,1112000.0,1172727.2,1112000.0,-2.4561403508771895,-2.730287356774286,-3.9874230431566238,-1.2507059864095393,-8.254,-2.3622811606953342,-1.316,13.921671653072837,6.769,0,0,0.0,833583.21,1210,2025,1
2025-03-31,Beans (white),1084000.0,NGN,NGN/MT,Interpolated,retail,National,,,0.69,False,Gap-filled by interpolation,Interpolated,historical,False,,1084000.0,1575.0,896.8909090909091,924.2857142857144,33.4,39.5,1,0,0,1,0,0,0,0,1,1,0,0,0,0,0,0,0,0,0,0,1.0,6.123233995736766e-17,0.992708874098054,-0.1205366802553228,688.25,1112000.0,1140000.0,1142142.0,1162142.0,1165454.4,1490646.67,1133834.0,1119267.75,27091.464096961212,1132490.375,22921.72661745056,1144882.5333333334,26008.284454047807,1220167.0003846153,130373.4010116179,1141071.0,1084000.0,1172727.2,1084000.0,-2.517985611510787,-5.090610449488764,-6.989067954953876,-4.395176013419954,-8.269,-0.0618452606335973,-1.478,13.896169383490529,6.769,0,0,0.0,812593.7,1211,2025,1
2025-04-07,Beans (white),1056000.0,NGN,NGN/MT,Interpolated,retail,National,,,0.69,False,Gap-filled by interpolation,Interpolated,historical,False,,1056000.0,1590.0,896.8909090909091,924.2857142857144,33.4,39.5,0,1,1,1,0,0,0,0,1,0,0,0,0,0,0,0,0,0,0,0,0.8660254037844387,-0.4999999999999998,0.970941817426052,-0.2393156642875575,664.15,1084000.0,1112000.0,1141071.0,1153213.0,1172727.2,1490646.67,1141584.0,1098000.0,36147.84456460615,1120338.75,33632.240521561,1135155.2666666666,34941.61641027307,1203449.8207692308,121894.39333649729,1140000.0,1056000.0,1172727.2,1056000.0,-2.583025830258301,-7.455364302484247,-9.953482787812884,-7.496951604086954,-8.762,-0.06504021874751409,-1.623,13.869999690217593,6.769,0,0,0.333,791604.2,1212,2025,2
2025-04-14,Beans (white),1028000.0,NGN,NGN/MT,Interpolated,retail,National,,,0.69,False,Gap-filled by interpolation,Interpolated,historical,False,,1028000.0,1590.0,896.8909090909091,924.2857142857144,33.4,39.5,0,1,1,1,0,0,0,0,1,0,0,0,0,0,0,0,0,0,0,0,0.8660254037844387,-0.4999999999999998,0.9350162426854148,-0.3546048870425354,646.54,1056000.0,1084000.0,1140000.0,1144284.0,1172727.2,1490646.67,1149334.0,1070000.0,36147.84456460594,1105803.25,45009.0735130164,1123094.6666666667,44471.83609541219,1185655.7180769232,111628.72483647859,1112000.0,1028000.0,1171071.0,1028000.0,-2.651515151515149,-9.824561403508769,-12.341079835105727,-10.556896428714369,-9.755,-0.06848932125684826,-1.748,13.84312669775942,6.769,0,0,0.333,770614.69,1213,2025,2
2025-04-21,Beans (white),1000000.0,NGN,NGN/MT,WFP Nigeria Food Prices,retail,National,,,0.96,True,WFP VAM data — converted from NGN/2.5KG to NGN/MT (×400),Agricome,historical,False,,1000000.0,1590.0,896.8909090909091,924.2857142857144,33.4,39.5,0,1,1,1,0,0,0,0,1,0,0,0,0,0,0,0,0,0,0,0,0.8660254037844387,-0.4999999999999998,0.8854560256532099,-0.4647231720437685,628.93,1028000.0,1056000.0,1112000.0,1143213.0,1171071.0,1490646.67,1188905.6,1042000.0,36147.84456460573,1087901.625,55306.690093740894,1108838.75,54076.528889623005,1166784.6923076923,98734.76878223008,1084000.0,1000000.0,1162142.0,1000000.0,-2.7237354085603127,-10.07194244604317,-14.608080978864646,-15.88903273733424,-10.695,-0.07222025704516355,-1.844,13.815511557963774,6.769,0,0,0.333,749625.19,1214,2025,2
2025-04-28,Beans (white),1000000.0,NGN,NGN/MT,Interpolated,retail,National,,,0.69,False,Gap-filled by interpolation,Interpolated,historical,False,,1000000.0,1590.0,896.8909090909091,924.2857142857144,33.4,39.5,0,1,1,1,0,0,0,0,1,0,0,0,0,0,0,0,0,0,0,0,0.8660254037844387,-0.4999999999999998,0.8229838658936565,-0.5680647467311557,628.93,1000000.0,1028000.0,1084000.0,1142142.0,1162142.0,1486452.0,1228477.2,1021000.0,26807.95901718149,1070133.875,58151.21133841564,1095326.9166666667,59529.04722976472,1148075.0,80060.58778212189,1056000.0,1000000.0,1153213.0,1000000.0,0.0,-7.749077490774903,-13.951995539271444,-18.598407849978816,-11.069,2.7237354085603127,-1.764,13.815511557963774,6.769,0,0,0.333,749625.19,1215,2025,2
2025-05-05,Beans (white),1000000.0,NGN,NGN/MT,Interpolated,retail,National,,,0.69,False,Gap-filled by interpolation,Interpolated,historical,False,,1000000.0,1600.0,896.8909090909091,924.2857142857144,33.4,39.5,0,1,1,1,0,0,0,0,1,0,1,0,0,0,0,0,0,0,0,0,0.4999999999999999,-0.8660254037844387,0.7485107481711013,-0.663122658240795,625.0,1000000.0,1000000.0,1056000.0,1141071.0,1153213.0,1390968.0,1268048.8,1007000.0,14000.000000007394,1052500.0,54863.466897381375,1082559.1666666667,62348.740033685506,1133037.7692307692,68496.00368987535,1028000.0,1000000.0,1144284.0,1000000.0,0.0,-5.303030303030298,-13.285750334066648,-21.138681728968166,-11.124,0.0,-1.685,13.815511557963774,6.769,0,0,0.333,749625.19,1216,2025,2
2025-05-12,Beans (white),1000000.0,NGN,NGN/MT,Interpolated,retail,National,,,0.69,False,Gap-filled by interpolation,Interpolated,historical,False,,1000000.0,1600.0,896.8909090909091,924.2857142857144,33.4,39.5,0,1,1,1,0,0,0,0,1,0,1,0,0,0,0,0,0,0,0,0,0.4999999999999999,-0.8660254037844387,0.6631226582407952,-0.7485107481711012,625.0,1000000.0,1000000.0,1028000.0,1140000.0,1144284.0,1295484.0,1307620.4,1000000.0,0.014227345980794401,1035000.0,44271.88724235779,1070535.5,63268.732368727535,1121673.0,64882.887024690644,1000000.0,1000000.0,1143213.0,1000000.0,0.0,-2.7237354085603127,-12.60910752924973,-23.525206550769617,-10.847,0.0,-1.608,13.815511557963774,6.769,0,0,0.333,749625.19,1217,2025,2
2025-05-19,Beans (white),1000000.0,NGN,NGN/MT,WFP Nigeria Food Prices,retail,National,,,0.96,True,WFP VAM data — converted from NGN/2.5KG to NGN/MT (×400),Agricome,historical,False,,1000000.0,1600.0,896.8909090909091,924.2857142857144,33.4,39.5,0,1,1,1,0,0,0,0,1,0,1,0,0,0,0,0,0,0,0,0,0.4999999999999999,-0.8660254037844387,0.5680647467311558,-0.8229838658936564,625.0,1000000.0,1000000.0,1000000.0,1112000.0,1143213.0,1200000.0,1347192.0,1000000.0,0.014227345980794401,1021000.0,32619.012860600593,1058601.0833333333,61803.45061778808,1113980.6923076923,67044.89963539572,1000000.0,1000000.0,1142142.0,1000000.0,0.0,0.0,-12.52723683163155,-25.771530709802313,-10.232,0.0,-1.535,13.815511557963774,6.769,0,0,0.333,749625.19,1218,2025,2
2025-05-26,Beans (white),1000000.0,NGN,NGN/MT,Interpolated,retail,National,,,0.69,False,Gap-filled by interpolation,Interpolated,historical,False,,1000000.0,1600.0,896.8909090909091,924.2857142857144,33.4,39.5,0,1,1,1,0,0,0,0,1,0,1,0,0,0,0,0,0,0,0,0,0.4999999999999999,-0.8660254037844387,0.464723172043769,-0.8854560256532096,625.0,1000000.0,1000000.0,1000000.0,1084000.0,1142142.0,1185909.0,1376535.0,1000000.0,0.014227345980794401,1010500.0,20832.66665600002,1046755.9166666666,57830.18881402149,1106830.3461538462,68953.33704654263,1000000.0,1000000.0,1141071.0,1000000.0,0.0,0.0,-12.44521259177931,-27.353826818787752,-9.652,0.0,-1.467,13.815511557963774,6.769,0,0,0.333,749625.19,1219,2025,2
2025-06-02,Beans (white),1000000.0,NGN,NGN/MT,Interpolated,retail,National,,,0.69,False,Gap-filled by interpolation,Interpolated,historical,False,,1000000.0,1610.0,896.8909090909091,924.2857142857144,33.4,39.5,0,1,1,0,0,0,0,1,0,0,1,0,0,0,0,0,0,0,1,0,1.2246467991473532e-16,-1.0,0.3546048870425358,-0.9350162426854148,621.12,1000000.0,1000000.0,1000000.0,1056000.0,1141071.0,1171818.0,1405878.0,1000000.0,0.014227345980794401,1003500.0,9899.494936612033,1035000.0,50829.483212369916,1100221.9615384615,70687.46862787749,1000000.0,1000000.0,1140000.0,1000000.0,0.0,0.0,-12.3630343773525,-28.870072652107794,-9.109,0.0,-1.404,13.815511557963774,6.769,0,0,0.667,749625.19,1220,2025,2
2025-06-09,Beans (white),1000000.0,NGN,NGN/MT,Interpolated,retail,National,,,0.69,False,Gap-filled by interpolation,Interpolated,historical,False,,1000000.0,1610.0,896.8909090909091,924.2857142857144,33.4,39.5,0,1,1,0,0,0,0,1,0,0,1,0,0,0,0,0,0,0,1,0,1.2246467991473532e-16,-1.0,0.2393156642875576,-0.970941817426052,621.12,1000000.0,1000000.0,1000000.0,1028000.0,1140000.0,1157727.0,1435221.0,1000000.0,0.014227345980794401,1000000.0,0.0,1023333.3333333334,39296.8500549683,1094155.5384615385,72304.5583456337,1000000.0,1000000.0,1112000.0,1000000.0,0.0,0.0,-12.28070175438597,-30.324319390532885,-8.605,0.0,-1.346,13.815511557963774,6.769,0,0,0.667,749625.19,1221,2025,2
2025-06-16,Beans (white),1000000.0,NGN,NGN/MT,WFP Nigeria Food Prices,retail,National,,,0.96,True,WFP VAM data — converted from NGN/2.5KG to NGN/MT (×400),Agricome,historical,False,,1000000.0,1610.0,896.8909090909091,924.2857142857144,33.4,39.5,0,1,1,0,0,0,0,1,0,0,1,0,0,0,0,0,0,0,1,0,1.2246467991473532e-16,-1.0,0.120536680255323,-0.992708874098054,621.12,1000000.0,1000000.0,1000000.0,1000000.0,1112000.0,1150908.8,1464564.0,1000000.0,0.014227345980794401,1000000.0,0.0,1014000.0,28000.000000004344,1088351.3538461537,73611.72709055844,1000000.0,1000000.0,1084000.0,1000000.0,0.0,0.0,-10.07194244604317,-31.720293548113975,-8.118,0.0,-1.292,13.815511557963774,6.769,0,0,0.667,749625.19,1222,2025,2
2025-06-23,Beans (white),999741.6,NGN,NGN/MT,Interpolated,retail,National,,,0.69,False,Gap-filled by interpolation,Interpolated,historical,False,,999741.6,1610.0,896.8909090909091,924.2857142857144,33.4,39.5,0,1,1,0,0,0,0,1,0,0,1,0,0,0,0,0,0,0,1,0,1.2246467991473532e-16,-1.0,-3.216245299353273e-16,-1.0,620.96,1000000.0,1000000.0,1000000.0,1000000.0,1084000.0,1150908.8,1471084.67,999935.4,129.2000007831666,999967.7,91.35819612930135,1006978.4666666667,17413.888935270712,1082537.2307692308,74438.29896841056,1000000.0,999741.6,1056000.0,999741.6,-0.025839999999999197,-0.025839999999999197,-7.772915129151292,-32.04051266471289,-7.63,-0.025839999999999197,-1.243,13.815253124831209,6.769,0,0,0.667,749431.48,1223,2025,2
2025-06-30,Beans (white),999483.2,NGN,NGN/MT,Interpolated,retail,National,,,0.69,False,Gap-filled by interpolation,Interpolated,historical,False,,999483.2,1610.0,896.8909090909091,924.2857142857144,33.4,39.5,0,1,1,0,0,0,0,1,0,0,1,0,0,0,0,0,0,0,1,0,1.2246467991473532e-16,-1.0,-0.1205366802553228,-0.992708874098054,620.8,999741.6,1000000.0,1000000.0,1000000.0,1056000.0,1158181.6,1477605.33,999806.2,247.39916505304336,999903.1,192.25575228248354,1002268.7333333334,8104.813617673066,1076433.446153846,74493.95932853901,1000000.0,999483.2,1028000.0,999483.2,-0.025846678781804577,-0.051680000000009496,-5.3519696969697055,-32.3579050706321,-7.119,-6.678781805380396e-06,-1.197,13.814994624893693,6.769,0,0,0.667,749237.78,1224,2025,2
2025-07-07,Beans (white),999224.8,NGN,NGN/MT,Interpolated,retail,National,,,0.69,False,Gap-filled by interpolation,Interpolated,historical,False,,999224.8,1595.0,896.8909090909091,924.2857142857144,33.4,39.5,0,1,1,0,0,0,1,1,0,0,1,0,0,0,0,0,0,0,1,0,-0.4999999999999997,-0.8660254037844388,-0.2393156642875574,-0.970941817426052,626.47,999483.2,999741.6,1000000.0,1000000.0,1028000.0,1165454.4,1484126.0,999612.4,333.59296585626106,999806.2,301.026890113447,999870.7999999999,258.40000048368375,1070040.0,73676.97448497885,1000000.0,999224.8,1000000.0,999224.8,-0.025853361016969778,-0.07751999999999759,-2.799143968871587,-32.67250893792036,-6.582,-6.682235165200723e-06,-1.155,13.814736058116683,6.769,0,0,0.667,749044.08,1225,2025,3
2025-07-14,Beans (white),998966.4,NGN,NGN/MT,Interpolated,retail,National,,,0.69,False,Gap-filled by interpolation,Interpolated,historical,False,,998966.4,1595.0,896.8909090909091,924.2857142857144,33.4,39.5,0,1,1,0,0,0,1,1,0,0,1,0,0,0,0,0,0,0,1,0,-0.4999999999999997,-0.8660254037844388,-0.3546048870425356,-0.9350162426854148,626.31,999224.8,999483.2,1000000.0,1000000.0,1000000.0,1172727.2,1490646.67,999354.0,333.5929658559529,999677.0,408.5662736936338,999784.6666666666,362.6537879947677,1063356.8923076922,71847.88032100144,999741.6,998966.4,1000000.0,998966.4,-0.025860046708214846,-0.10335999999999679,-0.10335999999999679,-32.98436040513879,-6.019,-6.68569124506746e-06,-1.115,13.814477424465602,6.769,0,0,0.667,748850.37,1226,2025,3
2025-07-21,Beans (white),998708.0,NGN,NGN/MT,WFP Nigeria Food Prices,retail,National,,,0.96,True,WFP VAM data — converted from NGN/2.5KG to NGN/MT (×400),Agricome,historical,False,,998708.0,1595.0,896.8909090909091,924.2857142857144,33.4,39.5,0,1,1,0,0,0,1,1,0,0,1,0,0,0,0,0,0,0,1,0,-0.4999999999999997,-0.8660254037844388,-0.464723172043768,-0.8854560256532101,626.15,998966.4,999224.8,999741.6,1000000.0,1000000.0,1172727.2,1490646.67,999095.6,333.59296585571997,999515.5,506.31142308140824,999677.0,469.0835167691727,1056663.8461538462,69312.58015690064,999483.2,998708.0,1000000.0,998708.0,-0.02586673585818211,-0.103386715127185,-0.12919999999999598,-33.001695163616475,-5.448,-6.689149967264996e-06,-1.077,13.814218723905851,6.769,0,0,0.667,748656.67,1227,2025,3
2025-07-28,Beans (white),980698.0,NGN,NGN/MT,Interpolated,retail,National,,,0.69,False,Gap-filled by interpolation,Interpolated,historical,False,,980698.0,1595.0,896.8909090909091,924.2857142857144,33.4,39.5,0,1,1,0,0,0,1,1,0,0,1,0,0,0,0,0,0,0,1,0,-0.4999999999999997,-0.8660254037844388,-0.5680647467311556,-0.8229838658936565,614.86,998708.0,998966.4,999483.2,1000000.0,1000000.0,1171071.0,1490646.67,994399.3,9136.636325632411,997102.75,6644.945708689255,998068.5,5489.421875527759,1049341.8076923077,66751.40109475539,999224.8,980698.0,1000000.0,980698.0,-1.8033299022336857,-1.8794913211147457,-1.9302000000000041,-34.20989562872065,-5.236,-1.7774631663755036,-1.13,13.796020861700072,6.769,0,0,0.667,735155.92,1228,2025,3
2025-08-04,Beans (white),962688.0,NGN,NGN/MT,Interpolated,retail,National,,,0.69,False,Gap-filled by interpolation,Interpolated,historical,False,,962688.0,1585.0,896.8909090909091,924.2857142857144,33.4,39.5,0,1,0,0,1,0,1,1,0,0,1,0,0,0,0,1,0,0,1,0,-0.8660254037844384,-0.5000000000000004,-0.663122658240795,-0.7485107481711013,607.37,980698.0,998708.0,999224.8,1000000.0,1000000.0,1162142.0,1490646.67,985265.1,17311.08535900796,992438.75,13685.471526403397,994959.1666666666,11534.55252104978,1041670.5,64698.891706514965,998966.4,962688.0,1000000.0,962688.0,-1.8364471019620687,-3.6565145300637147,-3.731200000000001,-35.418096093824836,-5.415,-0.03311719972838301,-1.183,13.777485689503624,6.769,0,0,0.333,721655.17,1229,2025,3
2025-08-11,Beans (white),944678.0,NGN,NGN/MT,Interpolated,retail,National,,,0.69,False,Gap-filled by interpolation,Interpolated,historical,False,,944678.0,1585.0,896.8909090909091,924.2857142857144,33.4,39.5,0,1,0,0,1,0,1,1,0,0,1,0,0,0,0,1,0,0,1,0,-0.8660254037844384,-0.5000000000000004,-0.7485107481711011,-0.6631226582407952,596.01,962688.0,980698.0,998966.4,1000000.0,1000000.0,1153213.0,1490646.67,971693.0,23250.81002173581,985523.5,21221.270309358322,990349.0,18368.072598453757,1033649.9230769231,63227.180687621796,998708.0,944678.0,1000000.0,944678.0,-1.8708034170987875,-5.434457054811858,-5.532199999999998,-36.62629655892901,-5.994,-0.034356315136718774,-1.237,13.758600466231016,6.769,0,0,0.333,708154.42,1230,2025,3
2025-08-18,Beans (white),926668.0,NGN,NGN/MT,WFP Nigeria Food Prices,retail,National,,,0.96,True,WFP VAM data — converted from NGN/2.5KG to NGN/MT (×400),Agricome,historical,False,,926668.0,1585.0,896.8909090909091,924.2857142857144,33.4,39.5,0,1,0,0,1,0,1,1,0,0,1,0,0,0,0,1,0,0,1,0,-0.8660254037844384,-0.5000000000000004,-0.8229838658936564,-0.5680647467311559,584.65,944678.0,962688.0,998708.0,999741.6,1000000.0,1144284.0,1490646.67,953683.0,23250.810021735557,976389.3,28652.456464922485,984238.0,25628.895462318138,1025280.0769230769,62394.14392092539,980698.0,926668.0,1000000.0,926668.0,-1.9064697177239243,-7.213319608934743,-7.333199999999995,-37.8344970240332,-6.983,-0.03566630062513676,-1.291,13.73935171498115,6.769,0,0,0.333,694653.67,1231,2025,3
2025-08-25,Beans (white),910218.0,NGN,NGN/MT,Interpolated,retail,National,,,0.69,False,Gap-filled by interpolation,Interpolated,historical,False,,910218.0,1585.0,896.8909090909091,924.2857142857144,33.4,39.5,0,1,0,0,1,0,1,1,0,0,1,0,0,0,0,1,0,0,1,0,-0.8660254037844384,-0.5000000000000004,-0.8854560256532096,-0.4647231720437691,574.27,926668.0,944678.0,980698.0,999483.2,1000000.0,1143213.0,1490646.67,936063.0,22651.996968630094,965231.15,35042.873873951925,976756.1666666666,32730.34303137939,1016318.7307692308,61504.10986069055,962688.0,910218.0,1000000.0,910218.0,-1.7751773019031636,-7.186718031442907,-8.978200000000003,-38.9380449224765,-7.897,0.13129241582076068,-1.338,13.721440508879878,6.769,0,0,0.333,682322.34,1232,2025,3
2025-09-01,Beans (white),893768.0,NGN,NGN/MT,Interpolated,retail,National,,,0.69,False,Gap-filled by interpolation,Interpolated,historical,False,,893768.0,1580.0,896.8909090909091,924.2857142857144,23.9,25.8,0,1,0,0,1,1,0,0,0,0,0,0,0,0,0,1,0,0,0,0,-1.0,-1.8369701987210294e-16,-0.9350162426854148,-0.3546048870425359,565.68,910218.0,926668.0,962688.0,999224.8,1000000.0,1142142.0,1490646.67,918833.0,21846.61453559374,952049.05,39923.66385587781,967903.5,39531.75068887695,1006765.8846153846,60459.37352154258,944678.0,893768.0,1000000.0,893768.0,-1.8072593598456588,-7.159121127509637,-10.623199999999999,-40.04159282091979,-8.734,-0.03208205794249519,-1.388,13.703202631505649,6.769,0,0,0.333,721362.39,1233,2025,3
2025-09-08,Beans (white),877318.0,NGN,NGN/MT,Interpolated,retail,National,,,0.69,False,Gap-filled by interpolation,Interpolated,historical,False,,877318.0,1580.0,896.8909090909091,924.2857142857144,23.9,25.8,0,1,0,0,1,1,0,0,0,0,0,0,0,0,0,1,0,0,0,0,-1.0,-1.8369701987210294e-16,-0.970941817426052,-0.2393156642875577,555.26,893768.0,910218.0,944678.0,998966.4,1000000.0,1141071.0,1490646.67,901993.0,21236.85868170725,936843.0,42579.32596930082,957680.0,45837.321543200975,996621.5384615385,59136.00772701588,926668.0,877318.0,999741.6,877318.0,-1.8405223726962738,-7.130471970343333,-12.268199999999997,-41.14514071936309,-9.495,-0.03326301285061506,-1.44,13.68462594523976,6.769,0,0,0.333,708085.55,1234,2025,3
2025-09-15,Beans (white),860868.0,NGN,NGN/MT,WFP Nigeria Food Prices,retail,National,,,0.96,True,WFP VAM data — converted from NGN/2.5KG to NGN/MT (×400),Agricome,historical,False,,860868.0,1580.0,896.8909090909091,924.2857142857144,23.9,25.8,0,1,0,0,1,1,0,0,0,0,0,0,0,0,0,1,0,0,0,0,-1.0,-1.8369701987210294e-16,-0.992708874098054,-0.1205366802553235,544.85,877318.0,893768.0,926668.0,998708.0,999741.6,1140000.0,1490646.67,885543.0,21236.85868170699,919613.0,41851.66356140594,946107.2000000001,51440.95402423915,985885.6923076923,57376.51331697256,910218.0,860868.0,999483.2,860868.0,-1.8750327703295766,-7.100709207612654,-13.890949421330468,-42.24868861780639,-10.178,-0.03451039763330277,-1.496,13.665697623169741,6.769,0,0,0.333,694808.72,1235,2025,3
2025-09-22,Beans (white),843791.2,NGN,NGN/MT,Interpolated,retail,National,,,0.69,False,Gap-filled by interpolation,Interpolated,historical,False,,843791.2,1580.0,896.8909090909091,924.2857142857144,23.9,25.8,0,1,0,0,1,1,0,0,0,0,0,0,0,0,0,1,0,0,0,0,-1.0,-1.8369701987210294e-16,-1.0,-1.8369701987210294e-16,534.05,860868.0,877318.0,910218.0,980698.0,999483.2,1112000.0,1490646.67,868936.3,21480.53179571639,902499.65,41292.625326459856,933132.8666666666,56171.37400590949,975569.9692307692,57903.666703307994,893768.0,843791.2,999224.8,843791.2,-1.9836722935455908,-7.297900063501272,-15.577250322966908,-43.3942853808542,-10.93,-0.10863952321601422,-1.56,13.645661534732993,6.769,0,0,0.333,681025.99,1236,2025,3
2025-09-29,Beans (white),826714.4,NGN,NGN/MT,Interpolated,retail,National,,,0.69,False,Gap-filled by interpolation,Interpolated,historical,False,,826714.4,1580.0,896.8909090909091,924.2857142857144,23.9,25.8,0,1,0,0,1,1,0,0,0,0,0,0,0,0,0,1,0,0,0,0,-1.0,-1.8369701987210294e-16,-0.992708874098054,0.1205366802553232,523.24,843791.2,860868.0,893768.0,962688.0,999224.8,1084000.0,1490646.67,852172.9,21804.19634810623,885502.95,40962.0564829378,918757.0,59684.180728658386,965674.3692307693,60556.016704282585,877318.0,826714.4,998966.4,826714.4,-2.023818214743167,-7.502349603028968,-17.264423381004956,-44.53988214390201,-11.754,-0.04014592119757632,-1.631,13.62521577934838,6.769,0,0,0.333,667243.26,1237,2025,3
2025-10-06,Beans (white),809637.6,NGN,NGN/MT,Interpolated,retail,National,,,0.69,False,Gap-filled by interpolation,Interpolated,historical,False,,809637.6,1595.0,896.8909090909091,924.2857142857144,23.9,25.8,0,1,0,0,0,1,0,0,0,1,0,1,0,1,1,1,1,0,0,0,-0.8660254037844386,0.5000000000000001,-0.970941817426052,0.2393156642875573,507.61,826714.4,843791.2,877318.0,944678.0,998966.4,1056000.0,1490646.67,835252.8,22046.054002173627,868622.9,40917.34976629225,902979.6,61548.64677682547,956198.8923076923,64970.80314092977,860868.0,809637.6,998708.0,809637.6,-2.065622662433364,-7.714466134286546,-18.952469272239792,-45.685478906949825,-12.649,-0.041804447690196866,-1.711,13.604343254244398,6.769,0,0,0.333,653460.53,1238,2025,4
2025-10-13,Beans (white),792560.8,NGN,NGN/MT,Interpolated,retail,National,,,0.69,False,Gap-filled by interpolation,Interpolated,historical,False,,792560.8,1595.0,896.8909090909091,924.2857142857144,23.9,25.8,0,1,0,0,0,1,0,0,0,1,0,1,0,1,1,1,1,0,0,0,-0.8660254037844386,0.5000000000000001,-0.9350162426854148,0.3546048870425355,496.9,809637.6,826714.4,860868.0,926668.0,998708.0,1028000.0,1490646.67,818176.0,22046.054002173267,851859.5,41209.78276574566,885800.6666666666,61168.61267458645,947143.5384615385,70716.38351681702,843791.2,792560.8,980698.0,792560.8,-2.109190581069842,-7.9346891741823296,-20.641388674167015,-46.83107566999764,-13.616,-0.04356791863647791,-1.803,13.583025762765763,6.769,0,0,0.333,639677.8,1239,2025,4
2025-10-20,Beans (white),775484.0,NGN,NGN/MT,WFP Nigeria Food Prices,retail,National,,,0.96,True,WFP VAM data — converted from NGN/2.5KG to NGN/MT (×400),Agricome,historical,False,,775484.0,1595.0,896.8909090909091,924.2857142857144,23.9,25.8,0,1,0,0,0,1,0,0,0,1,0,1,0,1,1,1,1,0,0,0,-0.8660254037844386,0.5000000000000001,-0.8854560256532101,0.464723172043768,486.2,792560.8,809637.6,843791.2,910218.0,980698.0,1000000.0,1490646.67,801099.2,22046.054002172907,835017.75,41483.33486852556,868699.5,60911.60151937224,938508.3076923077,77396.28326722546,826714.4,775484.0,962688.0,775484.0,-2.1546359597900966,-8.095272858972692,-20.925300143367277,-47.97667243304545,-14.641,-0.04544537872025467,-1.913,13.561243919051897,6.769,0,0,0.333,625895.08,1240,2025,4
2025-10-27,Beans (white),764113.0,NGN,NGN/MT,Interpolated,retail,National,,,0.69,False,Gap-filled by interpolation,Interpolated,historical,False,,764113.0,1595.0,896.8909090909091,924.2857142857144,23.9,25.8,0,1,0,0,0,1,0,0,0,1,0,1,0,1,1,1,1,0,0,0,-0.8660254037844386,0.5000000000000001,-0.822983865893657,0.5680647467311548,479.07,775484.0,792560.8,826714.4,893768.0,962688.0,1000000.0,1486452.0,785448.85,19918.100562973043,818810.875,40568.56422346631,852151.5833333334,60023.4427643365,929435.7307692308,83485.80927537121,809637.6,764113.0,944678.0,764113.0,-1.4663100721613809,-7.5723127600051505,-20.627139841776355,-48.59484194578769,-15.492,0.6883258876287157,-2.006,13.546472271676944,6.769,0,0,0.333,616717.51,1241,2025,4
2025-11-03,Beans (white),752742.0,NGN,NGN/MT,Interpolated,retail,National,,,0.69,False,Gap-filled by interpolation,Interpolated,historical,False,,752742.0,1600.0,896.8909090909091,924.2857142857144,23.9,25.8,1,0,0,0,0,1,0,0,0,1,0,1,1,1,1,0,1,0,0,0,-0.5000000000000004,0.8660254037844384,-0.7485107481711011,0.6631226582407952,470.46,764113.0,775484.0,809637.6,877318.0,944678.0,1000000.0,1390968.0,771224.95,16985.84975433066,803238.875,38771.8121432026,836156.9166666666,58684.151205739756,919925.8076923077,89025.1565794779,792560.8,752742.0,926668.0,752742.0,-1.4881306822420282,-7.0272922107372455,-20.31761086846523,-45.88358610694135,-16.164,-0.021820610080647285,-2.054,13.531479147064609,6.769,0,0,0.333,607539.95,1242,2025,4
2025-11-10,Beans (white),741371.0,NGN,NGN/MT,Interpolated,retail,National,,,0.69,False,Gap-filled by interpolation,Interpolated,historical,False,,741371.0,1600.0,896.8909090909091,924.2857142857144,23.9,25.8,1,0,0,0,0,1,0,0,0,1,0,1,1,1,1,0,1,0,0,0,-0.5000000000000004,0.8660254037844384,-0.6631226582407955,0.7485107481711007,463.36,752742.0,764113.0,792560.8,860868.0,926668.0,1000000.0,1295484.0,758427.5,14679.897876575476,788301.75,36340.3557665963,820715.5,57058.97366935592,909978.5384615385,94028.56021070117,775484.0,741371.0,910218.0,741371.0,-1.5106105411947235,-6.458785243983812,-19.996050365395156,-42.77266257244396,-16.654,-0.02247985895269533,-2.056,13.516257802597686,6.769,0,0,0.333,598362.39,1243,2025,4
2025-11-17,Beans (white),730000.0,NGN,NGN/MT,WFP Nigeria Food Prices,retail,National,,,0.96,True,WFP VAM data — converted from NGN/2.5KG to NGN/MT (×400),Agricome,historical,False,,730000.0,1600.0,896.8909090909091,924.2857142857144,23.9,25.8,1,0,0,0,0,1,0,0,0,1,0,1,1,1,1,0,1,0,0,0,-0.5000000000000004,0.8660254037844384,-0.5680647467311559,0.8229838658936564,456.25,741371.0,752742.0,775484.0,843791.2,910218.0,1000000.0,1200000.0,747056.5,14679.897876575222,774077.85,33691.479513753075,805697.3333333334,55041.34950766103,899593.9230769231,98492.39930021408,764113.0,730000.0,893768.0,730000.0,-1.533779983301209,-5.865240288645546,-19.799432663383932,-39.16666666666667,-16.956,-0.023169442106485416,-2.025,13.500801182986649,6.769,0,0,0.333,589184.83,1244,2025,4
2025-11-24,Beans (white),694062.5,NGN,NGN/MT,Interpolated,retail,National,,,0.69,False,Gap-filled by interpolation,Interpolated,historical,False,,694062.5,1600.0,896.8909090909091,924.2857142857144,23.9,25.8,1,0,0,0,0,1,0,0,0,1,0,1,1,1,1,0,1,0,0,0,-0.5000000000000004,0.8660254037844384,-0.4647231720437684,0.88545602565321,433.79,730000.0,741371.0,764113.0,826714.4,893768.0,1000000.0,1185909.0,729543.875,25411.086236703188,757496.3625,36602.292201442026,789055.2083333334,56171.34622493117,887827.0961538461,104130.8196404855,752742.0,694062.5,877318.0,694062.5,-4.922945205479456,-9.167557677987414,-22.344221319179024,-41.47421935409884,-17.828,-3.389165222178247,-2.151,13.450318733862282,6.769,0,0,0.333,560179.58,1245,2025,4
2025-12-01,Beans (white),658125.0,NGN,NGN/MT,Interpolated,retail,National,,,0.69,False,Gap-filled by interpolation,Interpolated,historical,False,,658125.0,1610.0,896.8909090909091,924.2857142857144,24.2,26.1,1,0,0,0,0,0,0,0,0,1,0,1,1,1,1,0,0,0,0,1,-2.4492935982947064e-16,1.0,-0.3546048870425359,0.9350162426854148,408.77,694062.5,730000.0,752742.0,809637.6,877318.0,1000000.0,1171818.0,705889.625,37689.867965132915,738557.2875,44182.32533334077,770789.125,60344.48303567032,874678.0576923077,110772.85860194023,741371.0,658125.0,860868.0,658125.0,-5.177847816298964,-12.569645376503502,-24.98444121743769,-43.837268244727426,-19.297,-0.25490261081950827,-2.25,13.397151681337409,6.769,0,0,0.0,529891.3,1246,2025,4
2025-12-08,Beans (white),622187.5,NGN,NGN/MT,Interpolated,retail,National,,,0.69,False,Gap-filled by interpolation,Interpolated,historical,False,,622187.5,1610.0,896.8909090909091,924.2857142857144,24.2,26.1,1,0,0,0,0,0,0,0,0,1,0,1,1,1,1,0,0,0,0,1,-2.4492935982947064e-16,1.0,-0.2393156642875578,0.970941817426052,386.45,658125.0,694062.5,741371.0,792560.8,860868.0,1000000.0,1157727.0,676093.75,46395.113001442645,717260.625,54329.3008479302,750899.0833333334,66930.69488971375,860146.8076923077,118206.84577138671,730000.0,622187.5,843791.2,622187.5,-5.460588793922128,-16.07609415528797,-27.725563036377242,-46.257839715235114,-21.398,-0.2827409776231633,-2.322,13.340998380471907,6.769,0,0,0.0,500956.12,1247,2025,4
2025-12-15,Beans (white),586250.0,NGN,NGN/MT,WFP Nigeria Food Prices,retail,National,,,0.96,True,WFP VAM data — converted from NGN/2.5KG to NGN/MT (×400),Agricome,historical,False,,586250.0,1610.0,896.8909090909091,924.2857142857144,24.2,26.1,1,0,0,0,0,0,0,0,0,1,0,1,1,1,1,0,0,0,0,1,-2.4492935982947064e-16,1.0,-0.1205366802553236,0.992708874098054,364.13,622187.5,658125.0,730000.0,775484.0,843791.2,1000000.0,1150908.8,640156.25,46395.11300144239,693606.375,65420.99339374864,729437.3166666668,75214.8336825677,844233.3461538461,126205.83359486285,694062.5,586250.0,826714.4,586250.0,-5.775991963837268,-19.691780821917803,-30.521911107866494,-49.06199344378981,-24.173,-0.3154031699151405,-2.373,13.2815033044981,6.769,0,0,0.0,472020.93,1248,2025,4
2025-12-22,Beans (white),571600.0,NGN,NGN/MT,Interpolated,retail,National,,,0.69,False,Gap-filled by interpolation,Interpolated,historical,False,,571600.0,1610.0,896.8909090909091,924.2857142857144,24.2,26.1,1,0,0,0,0,0,0,0,0,1,0,1,1,1,1,0,0,0,0,1,-2.4492935982947064e-16,1.0,6.432490598706546e-16,1.0,355.03,586250.0,622187.5,694062.5,764113.0,826714.4,999741.6,1150908.8,609540.625,38739.855358907684,669542.25,70953.76674990481,708177.7833333333,81047.77365846948,827766.3615384615,132859.88621321504,658125.0,571600.0,809637.6,571600.0,-2.498933901918976,-17.644304367402075,-30.85883105459395,-50.334900558584664,-26.363,3.277058061918292,-2.296,13.256196474511476,6.769,0,0,0.0,460225.44,1249,2025,4
2025-12-29,Beans (white),556950.0,NGN,NGN/MT,Interpolated,retail,National,,,0.69,False,Gap-filled by interpolation,Interpolated,historical,False,,556950.0,1610.0,896.8909090909091,924.2857142857144,24.2,26.1,1,0,0,0,0,0,0,0,0,1,0,1,1,1,1,0,0,0,0,1,-2.4492935982947064e-16,1.0,0.120536680255323,0.992708874098054,345.93,571600.0,586250.0,658125.0,752742.0,809637.6,999483.2,1158181.6,584246.875,27979.554244645726,645068.25,71916.6800282494,687120.4833333333,85019.24232427914,810745.8538461538,138219.59679375618,622187.5,556950.0,792560.8,556950.0,-2.562981105668305,-15.37321937321937,-31.209963568885634,-51.91168638838677,-27.937,-0.06404720374932893,-2.229,13.230232543765036,6.769,0,0,0.0,448429.95,1250,2025,4
2026-01-05,Beans (white),542300.0,NGN,NGN/MT,Interpolated,retail,National,,,0.69,False,Gap-filled by interpolation,Interpolated,historical,False,,542300.0,1590.0,896.8909090909091,924.2857142857144,24.2,26.1,1,0,0,0,0,0,0,0,0,1,0,0,1,0,0,0,0,0,0,1,0.4999999999999999,0.8660254037844387,0.2393156642875577,0.970941817426052,341.07,556950.0,571600.0,622187.5,741371.0,792560.8,999224.8,1165454.4,564275.0,18913.06867397672,620184.375,68177.8113615673,666265.4166666666,87462.76795685403,793171.823076923,142284.9642450268,586250.0,542300.0,775484.0,542300.0,-2.630397701768561,-12.839779005524864,-31.576227338016217,-53.46879294462315,-28.858,-0.06741659610025597,-2.172,13.203576476825239,6.769,0,0,0.0,436634.46,1251,2026,1
2026-01-12,Beans (white),527650.0,NGN,NGN/MT,Interpolated,retail,National,,,0.69,False,Gap-filled by interpolation,Interpolated,historical,False,,527650.0,1590.0,896.8909090909091,1128.8472222222222,24.2,26.1,1,0,0,0,0,0,0,0,0,1,0,0,1,0,0,0,0,0,0,1,0.4999999999999999,0.8660254037844387,0.3546048870425356,0.9350162426854148,331.86,542300.0,556950.0,586250.0,730000.0,775484.0,998966.4,1172727.2,549625.0,18913.068673976464,594890.625,58459.32222418073,645612.5833333334,88581.83379401697,775044.2692307692,145014.7431780344,571600.0,527650.0,764113.0,527650.0,-2.7014567582518856,-9.995735607675904,-31.95862197027921,-55.0065863569976,-29.085,-0.07105905648332467,-2.123,13.17619035929312,7.402,0,0,0.0,424838.97,1252,2026,1
2026-01-19,Beans (white),527650.0,NGN,NGN/MT,WFP Nigeria Food Prices,retail,National,,,0.96,True,WFP VAM data — converted from NGN/2.5KG to NGN/MT (×400),Agricome,historical,False,,513000.0,1590.0,896.8909090909091,1128.8472222222222,24.2,26.1,1,0,0,0,0,0,0,0,0,1,0,0,1,0,0,0,0,0,0,1,0.4999999999999999,0.8660254037844387,0.4647231720437685,0.8854560256532099,331.86,527650.0,542300.0,571600.0,694062.5,764113.0,998708.0,1172727.2,538637.5,14026.30712862593,574089.0625,46517.35056363049,625907.3333333334,86090.55161291153,756926.6538461539,145378.9401245655,556950.0,527650.0,752742.0,527650.0,0.0,-7.688943317004904,-30.946077347198653,-55.0065863569976,-28.839,2.7014567582518856,-2.009,13.17619035929312,7.402,0,0,0.0,424838.97,1253,2026,1
2026-01-26,Beans (white),539482.0,NGN,NGN/MT,Interpolated,retail,National,,,0.69,False,Gap-filled by interpolation,Interpolated,historical,False,,539482.0,1590.0,896.8909090909091,1128.8472222222222,24.2,26.1,1,0,0,0,0,0,0,0,0,1,0,0,1,0,0,0,0,0,0,1,0.4999999999999999,0.8660254037844387,0.5680647467311558,0.8229838658936564,339.3,527650.0,527650.0,556950.0,658125.0,752742.0,980698.0,1171071.0,534270.5,7730.77492880715,559258.6875,32783.13400530354,608135.6666666666,79269.23843755484,739956.8076923077,143957.92444734718,542300.0,527650.0,741371.0,527650.0,2.2423955273382035,-3.136367717030253,-28.33108820817757,-53.93259674263986,-27.797,2.2423955273382035,-1.853,13.198366552525838,7.402,0,0,0.0,434365.54,1254,2026,1
2026-02-02,Beans (white),565964.0,NGN,NGN/MT,Interpolated,retail,National,,,0.69,False,Gap-filled by interpolation,Interpolated,historical,False,,565964.0,1600.0,896.8909090909091,1128.8472222222222,24.2,26.1,1,0,0,0,0,0,0,0,1,1,0,0,1,0,0,0,0,0,0,0,0.8660254037844386,0.5000000000000001,0.6631226582407952,0.7485107481711011,353.73,539482.0,527650.0,542300.0,622187.5,741371.0,962688.0,1162142.0,540186.5,18067.49836031201,552230.75,21424.044087690236,593518.4166666666,67811.6115274308,724698.1923076923,140386.31763127085,565964.0,527650.0,730000.0,527650.0,4.908782869493322,4.3636363636363695,-23.65981404721792,-51.29992720338823,-25.46,2.6663873421551187,-1.642,13.246287517817475,7.402,0,0,0.0,455687.6,1255,2026,1
2026-02-09,Beans (white),592446.0,NGN,NGN/MT,Interpolated,retail,National,,,0.69,False,Gap-filled by interpolation,Interpolated,historical,False,,592446.0,1600.0,896.8909090909091,1075.261304347826,24.2,26.1,1,0,0,0,0,0,0,0,1,1,0,0,1,0,0,0,0,0,0,0,0.8660254037844386,0.5000000000000001,0.7485107481711011,0.6631226582407953,370.28,565964.0,539482.0,527650.0,586250.0,730000.0,944678.0,1153213.0,556385.5,28888.086327525296,553005.25,22891.314059201784,582055.5833333334,52552.77014532324,711150.8076923077,135208.82495631726,592446.0,527650.0,694062.5,527650.0,4.679096196931254,12.28010992134938,-18.84301369863014,-48.626489642416445,-21.763,-0.22968667256206832,-1.447,13.292016696513608,7.236,0,0,0.0,477009.66,1256,2026,1
2026-02-16,Beans (white),618928.0,NGN,NGN/MT,WFP Nigeria Food Prices,retail,National,,,0.96,True,WFP VAM data — converted from NGN/2.5KG to NGN/MT (×400),Agricome,historical,False,,618928.0,1600.0,896.8909090909091,1075.261304347826,24.2,26.1,1,0,0,0,0,0,0,0,1,1,0,0,1,0,0,0,0,0,0,0,0.8660254037844386,0.5000000000000001,0.8229838658936564,0.5680647467311559,386.83,592446.0,565964.0,527650.0,571600.0,694062.5,926668.0,1144284.0,579205.0,34188.114991420174,558921.25,32487.662729761356,575794.375,41256.76046151239,699314.6538461539,128910.91291982171,618928.0,539482.0,658125.0,527650.0,4.469943252212016,17.29896711835497,-10.825321927059884,-45.911329704863476,-17.175,-0.2091529447192375,-1.263,13.335745843957199,7.236,0,0,0.0,498331.72,1257,2026,1
2026-02-23,Beans (white),667529.5,NGN,NGN/MT,Interpolated,retail,National,,,0.69,False,Gap-filled by interpolation,Interpolated,historical,False,,667529.5,1600.0,896.8909090909091,1075.261304347826,24.2,26.1,1,0,0,0,0,0,0,0,1,1,0,0,1,0,0,0,0,1,0,0,0.8660254037844386,0.5000000000000001,0.8854560256532099,0.4647231720437686,417.21,618928.0,592446.0,539482.0,556950.0,658125.0,910218.0,1143213.0,611216.875,43323.36408601126,572743.6875,50215.99847724663,576578.0833333334,43014.74808652462,689980.4807692308,121608.44787577902,667529.5,565964.0,667529.5,527650.0,7.852528888659105,23.73526827586463,1.428983855650512,-41.6093501386006,-11.415,3.3825856364470885,-0.975,13.41134036109655,7.236,0,0,0.0,537463.37,1258,2026,1
2026-03-02,Beans (white),716131.0,NGN,NGN/MT,Interpolated,retail,National,,,0.69,False,Gap-filled by interpolation,Interpolated,historical,False,,716131.0,1620.0,896.8909090909091,1075.261304347826,24.2,26.1,1,0,0,1,0,0,0,0,1,1,0,0,0,0,0,0,0,1,0,0,1.0,6.123233995736766e-17,0.9350162426854148,0.3546048870425355,442.06,667529.5,618928.0,565964.0,542300.0,622187.5,893768.0,1142142.0,648758.625,54627.10128281058,594472.5625,69186.57665918181,584406.7083333334,58006.506932201904,683148.2884615385,114482.52467267611,716131.0,592446.0,716131.0,527650.0,7.280801822241556,26.532959693549408,15.098905072827717,-37.29930253856351,-5.034,-0.5717270664175489,-0.689,13.481619786492919,7.236,0,0,0.0,576595.01,1259,2026,1
2026-03-09,Beans (white),764732.5,NGN,NGN/MT,Interpolated,retail,National,,,0.69,False,Gap-filled by interpolation,Interpolated,historical,False,,764732.5,1620.0,896.8909090909091,1082.29875,24.2,26.1,1,0,0,1,0,0,0,0,1,1,0,0,0,0,0,0,0,1,0,0,1.0,6.123233995736766e-17,0.970941817426052,0.239315664287558,472.06,716131.0,667529.5,592446.0,527650.0,586250.0,877318.0,1141071.0,691830.25,62744.26670023304,624107.875,85360.29037587358,599280.25,77969.47527820943,678818.0769230769,108834.3326433358,764732.5,618928.0,764732.5,527650.0,6.786677297868682,29.080540673749166,30.444776119402995,-32.98116418697873,1.917,-0.49412452437287424,-0.4,13.547282686102065,7.258,0,0,0.0,615726.65,1260,2026,1
2026-03-16,Beans (white),813334.0,NGN,NGN/MT,WFP Nigeria Food Prices,retail,National,,,0.96,True,WFP VAM data — converted from NGN/2.5KG to NGN/MT (×400),Agricome,historical,False,,813334.0,1620.0,1380.0,1200.0,24.2,26.1,1,0,0,1,0,0,0,0,1,1,0,0,0,0,0,0,0,1,0,0,1.0,6.123233995736766e-17,0.992708874098054,0.120536680255323,502.06,764732.5,716131.0,618928.0,527650.0,571600.0,860868.0,1140000.0,740431.75,62744.2667002333,659818.375,98056.20870731983,619424.75,98652.20400834833,676989.8461538461,106016.65057820777,813334.0,667529.5,813334.0,527650.0,6.355359553830908,31.4101155546364,42.29076277116866,-28.65491228070175,9.371,-0.43131774403777356,-0.102,13.608898357779504,9.728,1,2,0.0,654858.29,1261,2026,1
2026-03-23,Beans (white),1025146.0,NGN,NGN/MT,Agrolinking Forecast,wholesale,National,,,0.83,False,Carry-forward from old Agrolinking pipeline — bridge estimate,Agrolinking_old,carry_forward,False,,1025146.0,1620.0,1450.0,1250.0,24.2,26.1,1,0,0,1,0,0,0,0,1,1,0,0,0,0,0,0,0,0,0,0,1.0,6.123233995736766e-17,1.0,-1.6081226496766364e-16,632.81,813334.0,764732.5,667529.5,539482.0,556950.0,843791.2,1112000.0,829835.875,136119.56122123875,720526.375,149668.6248208614,658441.0833333334,150603.0840036212,683965.0307692308,122165.9997872888,1025146.0,716131.0,1025146.0,527650.0,26.042437670133054,53.573137966187254,84.06427866056198,-7.810611510791365,21.327,19.687078116302146,1.116,13.840346574905896,10.188,1,2,0.0,825399.36,1262,2026,1
2026-03-30,Beans (white),1093723.0,NGN,NGN/MT,Agrolinking AI Pipeline,wholesale,National,,,0.83,False,Carry-forward from old Agrolinking pipeline — bridge estimate,Agrolinking_old,carry_forward,False,,1162300.0,1620.0,1420.0,1270.0,24.2,26.1,1,0,0,1,0,0,0,0,1,1,0,0,0,0,0,0,0,0,0,0,1.0,6.123233995736766e-17,0.992708874098054,-0.1205366802553228,675.14,1025146.0,813334.0,716131.0,565964.0,542300.0,826714.4,1084000.0,924233.875,159842.93474865452,786496.25,184148.5730428401,704393.0,190725.1306367606,694234.5923076923,143929.9047848,1093723.0,764732.5,1093723.0,527650.0,6.689486180505022,52.72666593123325,101.682279181265,0.8969557195571909,33.13,-19.352951489628033,1.505,13.905098944942845,10.119,1,2,0.0,880614.33,1263,2026,1
