commodity,date,price_ngn_mt,currency,unit,source,market_type,region,fx_rate,rainfall_index,data_quality_score,is_validated,notes,data_source,record_type,outlier_flag,outlier_reason,price_raw_ngn_mt
Wheat,2010-01-04,100000.0,NGN,NGN/MT,Historical (World Bank Pink Sheet × FX),wholesale,National,,,0.65,False,Synthetic: World Bank wheat USD × NGN/USD FX + import premium,Synthetic (World Bank/FAO × FX),historical,False,,100000.0
Wheat,2010-01-11,100000.0,NGN,NGN/MT,Historical (World Bank Pink Sheet × FX),wholesale,National,,,0.65,False,Synthetic: World Bank wheat USD × NGN/USD FX + import premium,Synthetic (World Bank/FAO × FX),historical,False,,100000.0
Wheat,2010-01-18,100000.0,NGN,NGN/MT,Historical (World Bank Pink Sheet × FX),wholesale,National,,,0.65,False,Synthetic: World Bank wheat USD × NGN/USD FX + import premium,Synthetic (World Bank/FAO × FX),historical,False,,100000.0
Wheat,2010-01-25,100000.0,NGN,NGN/MT,Historical (World Bank Pink Sheet × FX),wholesale,National,,,0.65,False,Synthetic: World Bank wheat USD × NGN/USD FX + import premium,Synthetic (World Bank/FAO × FX),historical,False,,100000.0
Wheat,2010-02-01,100000.0,NGN,NGN/MT,Historical (World Bank Pink Sheet × FX),wholesale,National,,,0.65,False,Synthetic: World Bank wheat USD × NGN/USD FX + import premium,Synthetic (World Bank/FAO × FX),historical,False,,100000.0
Wheat,2010-02-08,100000.0,NGN,NGN/MT,Historical (World Bank Pink Sheet × FX),wholesale,National,,,0.65,False,Synthetic: World Bank wheat USD × NGN/USD FX + import premium,Synthetic (World Bank/FAO × FX),historical,False,,100000.0
Wheat,2010-02-15,100000.0,NGN,NGN/MT,Historical (World Bank Pink Sheet × FX),wholesale,National,,,0.65,False,Synthetic: World Bank wheat USD × NGN/USD FX + import premium,Synthetic (World Bank/FAO × FX),historical,False,,100000.0
Wheat,2010-02-22,100000.0,NGN,NGN/MT,Historical (World Bank Pink Sheet × FX),wholesale,National,,,0.65,False,Synthetic: World Bank wheat USD × NGN/USD FX + import premium,Synthetic (World Bank/FAO × FX),historical,False,,100000.0
Wheat,2010-03-01,100000.0,NGN,NGN/MT,Historical (World Bank Pink Sheet × FX),wholesale,National,,,0.65,False,Synthetic: World Bank wheat USD × NGN/USD FX + import premium,Synthetic (World Bank/FAO × FX),historical,False,,100000.0
Wheat,2010-03-08,100000.0,NGN,NGN/MT,Historical (World Bank Pink Sheet × FX),wholesale,National,,,0.65,False,Synthetic: World Bank wheat USD × NGN/USD FX + import premium,Synthetic (World Bank/FAO × FX),historical,False,,100000.0
Wheat,2010-03-15,100000.0,NGN,NGN/MT,Historical (World Bank Pink Sheet × FX),wholesale,National,,,0.65,False,Synthetic: World Bank wheat USD × NGN/USD FX + import premium,Synthetic (World Bank/FAO × FX),historical,False,,100000.0
Wheat,2010-03-22,100000.0,NGN,NGN/MT,Historical (World Bank Pink Sheet × FX),wholesale,National,,,0.65,False,Synthetic: World Bank wheat USD × NGN/USD FX + import premium,Synthetic (World Bank/FAO × FX),historical,False,,100000.0
Wheat,2010-03-29,100000.0,NGN,NGN/MT,Historical (World Bank Pink Sheet × FX),wholesale,National,,,0.65,False,Synthetic: World Bank wheat USD × NGN/USD FX + import premium,Synthetic (World Bank/FAO × FX),historical,False,,100000.0
Wheat,2010-04-05,100000.0,NGN,NGN/MT,Historical (World Bank Pink Sheet × FX),wholesale,National,,,0.65,False,Synthetic: World Bank wheat USD × NGN/USD FX + import premium,Synthetic (World Bank/FAO × FX),historical,False,,100000.0
Wheat,2010-04-12,100000.0,NGN,NGN/MT,Historical (World Bank Pink Sheet × FX),wholesale,National,,,0.65,False,Synthetic: World Bank wheat USD × NGN/USD FX + import premium,Synthetic (World Bank/FAO × FX),historical,False,,100000.0
Wheat,2010-04-19,100000.0,NGN,NGN/MT,Historical (World Bank Pink Sheet × FX),wholesale,National,,,0.65,False,Synthetic: World Bank wheat USD × NGN/USD FX + import premium,Synthetic (World Bank/FAO × FX),historical,False,,100000.0
Wheat,2010-04-26,100000.0,NGN,NGN/MT,Historical (World Bank Pink Sheet × FX),wholesale,National,,,0.65,False,Synthetic: World Bank wheat USD × NGN/USD FX + import premium,Synthetic (World Bank/FAO × FX),historical,False,,100000.0
Wheat,2010-05-03,100000.0,NGN,NGN/MT,Historical (World Bank Pink Sheet × FX),wholesale,National,,,0.65,False,Synthetic: World Bank wheat USD × NGN/USD FX + import premium,Synthetic (World Bank/FAO × FX),historical,False,,100000.0
Wheat,2010-05-10,100000.0,NGN,NGN/MT,Historical (World Bank Pink Sheet × FX),wholesale,National,,,0.65,False,Synthetic: World Bank wheat USD × NGN/USD FX + import premium,Synthetic (World Bank/FAO × FX),historical,False,,100000.0
Wheat,2010-05-17,100000.0,NGN,NGN/MT,Historical (World Bank Pink Sheet × FX),wholesale,National,,,0.65,False,Synthetic: World Bank wheat USD × NGN/USD FX + import premium,Synthetic (World Bank/FAO × FX),historical,False,,100000.0
Wheat,2010-05-24,100000.0,NGN,NGN/MT,Historical (World Bank Pink Sheet × FX),wholesale,National,,,0.65,False,Synthetic: World Bank wheat USD × NGN/USD FX + import premium,Synthetic (World Bank/FAO × FX),historical,False,,100000.0
Wheat,2010-05-31,100000.0,NGN,NGN/MT,Historical (World Bank Pink Sheet × FX),wholesale,National,,,0.65,False,Synthetic: World Bank wheat USD × NGN/USD FX + import premium,Synthetic (World Bank/FAO × FX),historical,False,,100000.0
Wheat,2010-06-07,100000.0,NGN,NGN/MT,Historical (World Bank Pink Sheet × FX),wholesale,National,,,0.65,False,Synthetic: World Bank wheat USD × NGN/USD FX + import premium,Synthetic (World Bank/FAO × FX),historical,False,,100000.0
Wheat,2010-06-14,100000.0,NGN,NGN/MT,Historical (World Bank Pink Sheet × FX),wholesale,National,,,0.65,False,Synthetic: World Bank wheat USD × NGN/USD FX + import premium,Synthetic (World Bank/FAO × FX),historical,False,,100000.0
Wheat,2010-06-21,100000.0,NGN,NGN/MT,Historical (World Bank Pink Sheet × FX),wholesale,National,,,0.65,False,Synthetic: World Bank wheat USD × NGN/USD FX + import premium,Synthetic (World Bank/FAO × FX),historical,False,,100000.0
Wheat,2010-06-28,100000.0,NGN,NGN/MT,Historical (World Bank Pink Sheet × FX),wholesale,National,,,0.65,False,Synthetic: World Bank wheat USD × NGN/USD FX + import premium,Synthetic (World Bank/FAO × FX),historical,False,,100000.0
Wheat,2010-07-05,100000.0,NGN,NGN/MT,Historical (World Bank Pink Sheet × FX),wholesale,National,,,0.65,False,Synthetic: World Bank wheat USD × NGN/USD FX + import premium,Synthetic (World Bank/FAO × FX),historical,False,,100000.0
Wheat,2010-07-12,100000.0,NGN,NGN/MT,Historical (World Bank Pink Sheet × FX),wholesale,National,,,0.65,False,Synthetic: World Bank wheat USD × NGN/USD FX + import premium,Synthetic (World Bank/FAO × FX),historical,False,,100000.0
Wheat,2010-07-19,100000.0,NGN,NGN/MT,Historical (World Bank Pink Sheet × FX),wholesale,National,,,0.65,False,Synthetic: World Bank wheat USD × NGN/USD FX + import premium,Synthetic (World Bank/FAO × FX),historical,False,,100000.0
Wheat,2010-07-26,100000.0,NGN,NGN/MT,Historical (World Bank Pink Sheet × FX),wholesale,National,,,0.65,False,Synthetic: World Bank wheat USD × NGN/USD FX + import premium,Synthetic (World Bank/FAO × FX),historical,False,,100000.0
Wheat,2010-08-02,100000.0,NGN,NGN/MT,Historical (World Bank Pink Sheet × FX),wholesale,National,,,0.65,False,Synthetic: World Bank wheat USD × NGN/USD FX + import premium,Synthetic (World Bank/FAO × FX),historical,False,,100000.0
Wheat,2010-08-09,100000.0,NGN,NGN/MT,Historical (World Bank Pink Sheet × FX),wholesale,National,,,0.65,False,Synthetic: World Bank wheat USD × NGN/USD FX + import premium,Synthetic (World Bank/FAO × FX),historical,False,,100000.0
Wheat,2010-08-16,100000.0,NGN,NGN/MT,Historical (World Bank Pink Sheet × FX),wholesale,National,,,0.65,False,Synthetic: World Bank wheat USD × NGN/USD FX + import premium,Synthetic (World Bank/FAO × FX),historical,False,,100000.0
Wheat,2010-08-23,100000.0,NGN,NGN/MT,Historical (World Bank Pink Sheet × FX),wholesale,National,,,0.65,False,Synthetic: World Bank wheat USD × NGN/USD FX + import premium,Synthetic (World Bank/FAO × FX),historical,False,,100000.0
Wheat,2010-08-30,100000.0,NGN,NGN/MT,Historical (World Bank Pink Sheet × FX),wholesale,National,,,0.65,False,Synthetic: World Bank wheat USD × NGN/USD FX + import premium,Synthetic (World Bank/FAO × FX),historical,False,,100000.0
Wheat,2010-09-06,100000.0,NGN,NGN/MT,Historical (World Bank Pink Sheet × FX),wholesale,National,,,0.65,False,Synthetic: World Bank wheat USD × NGN/USD FX + import premium,Synthetic (World Bank/FAO × FX),historical,False,,100000.0
Wheat,2010-09-13,100000.0,NGN,NGN/MT,Historical (World Bank Pink Sheet × FX),wholesale,National,,,0.65,False,Synthetic: World Bank wheat USD × NGN/USD FX + import premium,Synthetic (World Bank/FAO × FX),historical,False,,100000.0
Wheat,2010-09-20,100000.0,NGN,NGN/MT,Historical (World Bank Pink Sheet × FX),wholesale,National,,,0.65,False,Synthetic: World Bank wheat USD × NGN/USD FX + import premium,Synthetic (World Bank/FAO × FX),historical,False,,100000.0
Wheat,2010-09-27,100000.0,NGN,NGN/MT,Historical (World Bank Pink Sheet × FX),wholesale,National,,,0.65,False,Synthetic: World Bank wheat USD × NGN/USD FX + import premium,Synthetic (World Bank/FAO × FX),historical,False,,100000.0
Wheat,2010-10-04,100000.0,NGN,NGN/MT,Historical (World Bank Pink Sheet × FX),wholesale,National,,,0.65,False,Synthetic: World Bank wheat USD × NGN/USD FX + import premium,Synthetic (World Bank/FAO × FX),historical,False,,100000.0
Wheat,2010-10-11,100000.0,NGN,NGN/MT,Historical (World Bank Pink Sheet × FX),wholesale,National,,,0.65,False,Synthetic: World Bank wheat USD × NGN/USD FX + import premium,Synthetic (World Bank/FAO × FX),historical,False,,100000.0
Wheat,2010-10-18,100000.0,NGN,NGN/MT,Historical (World Bank Pink Sheet × FX),wholesale,National,,,0.65,False,Synthetic: World Bank wheat USD × NGN/USD FX + import premium,Synthetic (World Bank/FAO × FX),historical,False,,100000.0
Wheat,2010-10-25,100000.0,NGN,NGN/MT,Historical (World Bank Pink Sheet × FX),wholesale,National,,,0.65,False,Synthetic: World Bank wheat USD × NGN/USD FX + import premium,Synthetic (World Bank/FAO × FX),historical,False,,100000.0
Wheat,2010-11-01,100000.0,NGN,NGN/MT,Historical (World Bank Pink Sheet × FX),wholesale,National,,,0.65,False,Synthetic: World Bank wheat USD × NGN/USD FX + import premium,Synthetic (World Bank/FAO × FX),historical,False,,100000.0
Wheat,2010-11-08,100000.0,NGN,NGN/MT,Historical (World Bank Pink Sheet × FX),wholesale,National,,,0.65,False,Synthetic: World Bank wheat USD × NGN/USD FX + import premium,Synthetic (World Bank/FAO × FX),historical,False,,100000.0
Wheat,2010-11-15,100000.0,NGN,NGN/MT,Historical (World Bank Pink Sheet × FX),wholesale,National,,,0.65,False,Synthetic: World Bank wheat USD × NGN/USD FX + import premium,Synthetic (World Bank/FAO × FX),historical,False,,100000.0
Wheat,2010-11-22,100000.0,NGN,NGN/MT,Historical (World Bank Pink Sheet × FX),wholesale,National,,,0.65,False,Synthetic: World Bank wheat USD × NGN/USD FX + import premium,Synthetic (World Bank/FAO × FX),historical,False,,100000.0
Wheat,2010-11-29,100000.0,NGN,NGN/MT,Historical (World Bank Pink Sheet × FX),wholesale,National,,,0.65,False,Synthetic: World Bank wheat USD × NGN/USD FX + import premium,Synthetic (World Bank/FAO × FX),historical,False,,100000.0
Wheat,2010-12-06,100000.0,NGN,NGN/MT,Historical (World Bank Pink Sheet × FX),wholesale,National,,,0.65,False,Synthetic: World Bank wheat USD × NGN/USD FX + import premium,Synthetic (World Bank/FAO × FX),historical,False,,100000.0
Wheat,2010-12-13,100000.0,NGN,NGN/MT,Historical (World Bank Pink Sheet × FX),wholesale,National,,,0.65,False,Synthetic: World Bank wheat USD × NGN/USD FX + import premium,Synthetic (World Bank/FAO × FX),historical,False,,100000.0
Wheat,2010-12-20,100000.0,NGN,NGN/MT,Historical (World Bank Pink Sheet × FX),wholesale,National,,,0.65,False,Synthetic: World Bank wheat USD × NGN/USD FX + import premium,Synthetic (World Bank/FAO × FX),historical,False,,100000.0
Wheat,2010-12-27,100000.0,NGN,NGN/MT,Historical (World Bank Pink Sheet × FX),wholesale,National,,,0.65,False,Synthetic: World Bank wheat USD × NGN/USD FX + import premium,Synthetic (World Bank/FAO × FX),historical,False,,100000.0
Wheat,2011-01-03,100000.0,NGN,NGN/MT,Historical (World Bank Pink Sheet × FX),wholesale,National,,,0.65,False,Synthetic: World Bank wheat USD × NGN/USD FX + import premium,Synthetic (World Bank/FAO × FX),historical,False,,100000.0
Wheat,2011-01-10,100000.0,NGN,NGN/MT,Historical (World Bank Pink Sheet × FX),wholesale,National,,,0.65,False,Synthetic: World Bank wheat USD × NGN/USD FX + import premium,Synthetic (World Bank/FAO × FX),historical,False,,100000.0
Wheat,2011-01-17,100000.0,NGN,NGN/MT,Historical (World Bank Pink Sheet × FX),wholesale,National,,,0.65,False,Synthetic: World Bank wheat USD × NGN/USD FX + import premium,Synthetic (World Bank/FAO × FX),historical,False,,100000.0
Wheat,2011-01-24,100000.0,NGN,NGN/MT,Historical (World Bank Pink Sheet × FX),wholesale,National,,,0.65,False,Synthetic: World Bank wheat USD × NGN/USD FX + import premium,Synthetic (World Bank/FAO × FX),historical,False,,100000.0
Wheat,2011-01-31,100000.0,NGN,NGN/MT,Historical (World Bank Pink Sheet × FX),wholesale,National,,,0.65,False,Synthetic: World Bank wheat USD × NGN/USD FX + import premium,Synthetic (World Bank/FAO × FX),historical,False,,100000.0
Wheat,2011-02-07,100000.0,NGN,NGN/MT,Historical (World Bank Pink Sheet × FX),wholesale,National,,,0.65,False,Synthetic: World Bank wheat USD × NGN/USD FX + import premium,Synthetic (World Bank/FAO × FX),historical,False,,100000.0
Wheat,2011-02-14,100000.0,NGN,NGN/MT,Historical (World Bank Pink Sheet × FX),wholesale,National,,,0.65,False,Synthetic: World Bank wheat USD × NGN/USD FX + import premium,Synthetic (World Bank/FAO × FX),historical,False,,100000.0
Wheat,2011-02-21,100000.0,NGN,NGN/MT,Historical (World Bank Pink Sheet × FX),wholesale,National,,,0.65,False,Synthetic: World Bank wheat USD × NGN/USD FX + import premium,Synthetic (World Bank/FAO × FX),historical,False,,100000.0
Wheat,2011-02-28,100000.0,NGN,NGN/MT,Historical (World Bank Pink Sheet × FX),wholesale,National,,,0.65,False,Synthetic: World Bank wheat USD × NGN/USD FX + import premium,Synthetic (World Bank/FAO × FX),historical,False,,100000.0
Wheat,2011-03-07,100000.0,NGN,NGN/MT,Historical (World Bank Pink Sheet × FX),wholesale,National,,,0.65,False,Synthetic: World Bank wheat USD × NGN/USD FX + import premium,Synthetic (World Bank/FAO × FX),historical,False,,100000.0
Wheat,2011-03-14,100000.0,NGN,NGN/MT,Historical (World Bank Pink Sheet × FX),wholesale,National,,,0.65,False,Synthetic: World Bank wheat USD × NGN/USD FX + import premium,Synthetic (World Bank/FAO × FX),historical,False,,100000.0
Wheat,2011-03-21,100000.0,NGN,NGN/MT,Historical (World Bank Pink Sheet × FX),wholesale,National,,,0.65,False,Synthetic: World Bank wheat USD × NGN/USD FX + import premium,Synthetic (World Bank/FAO × FX),historical,False,,100000.0
Wheat,2011-03-28,100000.0,NGN,NGN/MT,Historical (World Bank Pink Sheet × FX),wholesale,National,,,0.65,False,Synthetic: World Bank wheat USD × NGN/USD FX + import premium,Synthetic (World Bank/FAO × FX),historical,False,,100000.0
Wheat,2011-04-04,100000.0,NGN,NGN/MT,Historical (World Bank Pink Sheet × FX),wholesale,National,,,0.65,False,Synthetic: World Bank wheat USD × NGN/USD FX + import premium,Synthetic (World Bank/FAO × FX),historical,False,,100000.0
Wheat,2011-04-11,100000.0,NGN,NGN/MT,Historical (World Bank Pink Sheet × FX),wholesale,National,,,0.65,False,Synthetic: World Bank wheat USD × NGN/USD FX + import premium,Synthetic (World Bank/FAO × FX),historical,False,,100000.0
Wheat,2011-04-18,100000.0,NGN,NGN/MT,Historical (World Bank Pink Sheet × FX),wholesale,National,,,0.65,False,Synthetic: World Bank wheat USD × NGN/USD FX + import premium,Synthetic (World Bank/FAO × FX),historical,False,,100000.0
Wheat,2011-04-25,100000.0,NGN,NGN/MT,Historical (World Bank Pink Sheet × FX),wholesale,National,,,0.65,False,Synthetic: World Bank wheat USD × NGN/USD FX + import premium,Synthetic (World Bank/FAO × FX),historical,False,,100000.0
Wheat,2011-05-02,100000.0,NGN,NGN/MT,Historical (World Bank Pink Sheet × FX),wholesale,National,,,0.65,False,Synthetic: World Bank wheat USD × NGN/USD FX + import premium,Synthetic (World Bank/FAO × FX),historical,False,,100000.0
Wheat,2011-05-09,100000.0,NGN,NGN/MT,Historical (World Bank Pink Sheet × FX),wholesale,National,,,0.65,False,Synthetic: World Bank wheat USD × NGN/USD FX + import premium,Synthetic (World Bank/FAO × FX),historical,False,,100000.0
Wheat,2011-05-16,100000.0,NGN,NGN/MT,Historical (World Bank Pink Sheet × FX),wholesale,National,,,0.65,False,Synthetic: World Bank wheat USD × NGN/USD FX + import premium,Synthetic (World Bank/FAO × FX),historical,False,,100000.0
Wheat,2011-05-23,100000.0,NGN,NGN/MT,Historical (World Bank Pink Sheet × FX),wholesale,National,,,0.65,False,Synthetic: World Bank wheat USD × NGN/USD FX + import premium,Synthetic (World Bank/FAO × FX),historical,False,,100000.0
Wheat,2011-05-30,100000.0,NGN,NGN/MT,Historical (World Bank Pink Sheet × FX),wholesale,National,,,0.65,False,Synthetic: World Bank wheat USD × NGN/USD FX + import premium,Synthetic (World Bank/FAO × FX),historical,False,,100000.0
Wheat,2011-06-06,100000.0,NGN,NGN/MT,Historical (World Bank Pink Sheet × FX),wholesale,National,,,0.65,False,Synthetic: World Bank wheat USD × NGN/USD FX + import premium,Synthetic (World Bank/FAO × FX),historical,False,,100000.0
Wheat,2011-06-13,100000.0,NGN,NGN/MT,Historical (World Bank Pink Sheet × FX),wholesale,National,,,0.65,False,Synthetic: World Bank wheat USD × NGN/USD FX + import premium,Synthetic (World Bank/FAO × FX),historical,False,,100000.0
Wheat,2011-06-20,100000.0,NGN,NGN/MT,Historical (World Bank Pink Sheet × FX),wholesale,National,,,0.65,False,Synthetic: World Bank wheat USD × NGN/USD FX + import premium,Synthetic (World Bank/FAO × FX),historical,False,,100000.0
Wheat,2011-06-27,100000.0,NGN,NGN/MT,Historical (World Bank Pink Sheet × FX),wholesale,National,,,0.65,False,Synthetic: World Bank wheat USD × NGN/USD FX + import premium,Synthetic (World Bank/FAO × FX),historical,False,,100000.0
Wheat,2011-07-04,100000.0,NGN,NGN/MT,Historical (World Bank Pink Sheet × FX),wholesale,National,,,0.65,False,Synthetic: World Bank wheat USD × NGN/USD FX + import premium,Synthetic (World Bank/FAO × FX),historical,False,,100000.0
Wheat,2011-07-11,100000.0,NGN,NGN/MT,Historical (World Bank Pink Sheet × FX),wholesale,National,,,0.65,False,Synthetic: World Bank wheat USD × NGN/USD FX + import premium,Synthetic (World Bank/FAO × FX),historical,False,,100000.0
Wheat,2011-07-18,100000.0,NGN,NGN/MT,Historical (World Bank Pink Sheet × FX),wholesale,National,,,0.65,False,Synthetic: World Bank wheat USD × NGN/USD FX + import premium,Synthetic (World Bank/FAO × FX),historical,False,,100000.0
Wheat,2011-07-25,100000.0,NGN,NGN/MT,Historical (World Bank Pink Sheet × FX),wholesale,National,,,0.65,False,Synthetic: World Bank wheat USD × NGN/USD FX + import premium,Synthetic (World Bank/FAO × FX),historical,False,,100000.0
Wheat,2011-08-01,100000.0,NGN,NGN/MT,Historical (World Bank Pink Sheet × FX),wholesale,National,,,0.65,False,Synthetic: World Bank wheat USD × NGN/USD FX + import premium,Synthetic (World Bank/FAO × FX),historical,False,,100000.0
Wheat,2011-08-08,100000.0,NGN,NGN/MT,Historical (World Bank Pink Sheet × FX),wholesale,National,,,0.65,False,Synthetic: World Bank wheat USD × NGN/USD FX + import premium,Synthetic (World Bank/FAO × FX),historical,False,,100000.0
Wheat,2011-08-15,100000.0,NGN,NGN/MT,Historical (World Bank Pink Sheet × FX),wholesale,National,,,0.65,False,Synthetic: World Bank wheat USD × NGN/USD FX + import premium,Synthetic (World Bank/FAO × FX),historical,False,,100000.0
Wheat,2011-08-22,100000.0,NGN,NGN/MT,Historical (World Bank Pink Sheet × FX),wholesale,National,,,0.65,False,Synthetic: World Bank wheat USD × NGN/USD FX + import premium,Synthetic (World Bank/FAO × FX),historical,False,,100000.0
Wheat,2011-08-29,100000.0,NGN,NGN/MT,Historical (World Bank Pink Sheet × FX),wholesale,National,,,0.65,False,Synthetic: World Bank wheat USD × NGN/USD FX + import premium,Synthetic (World Bank/FAO × FX),historical,False,,100000.0
Wheat,2011-09-05,100000.0,NGN,NGN/MT,Historical (World Bank Pink Sheet × FX),wholesale,National,,,0.65,False,Synthetic: World Bank wheat USD × NGN/USD FX + import premium,Synthetic (World Bank/FAO × FX),historical,False,,100000.0
Wheat,2011-09-12,100000.0,NGN,NGN/MT,Historical (World Bank Pink Sheet × FX),wholesale,National,,,0.65,False,Synthetic: World Bank wheat USD × NGN/USD FX + import premium,Synthetic (World Bank/FAO × FX),historical,False,,100000.0
Wheat,2011-09-19,100000.0,NGN,NGN/MT,Historical (World Bank Pink Sheet × FX),wholesale,National,,,0.65,False,Synthetic: World Bank wheat USD × NGN/USD FX + import premium,Synthetic (World Bank/FAO × FX),historical,False,,100000.0
Wheat,2011-09-26,100000.0,NGN,NGN/MT,Historical (World Bank Pink Sheet × FX),wholesale,National,,,0.65,False,Synthetic: World Bank wheat USD × NGN/USD FX + import premium,Synthetic (World Bank/FAO × FX),historical,False,,100000.0
Wheat,2011-10-03,100000.0,NGN,NGN/MT,Historical (World Bank Pink Sheet × FX),wholesale,National,,,0.65,False,Synthetic: World Bank wheat USD × NGN/USD FX + import premium,Synthetic (World Bank/FAO × FX),historical,False,,100000.0
Wheat,2011-10-10,100000.0,NGN,NGN/MT,Historical (World Bank Pink Sheet × FX),wholesale,National,,,0.65,False,Synthetic: World Bank wheat USD × NGN/USD FX + import premium,Synthetic (World Bank/FAO × FX),historical,False,,100000.0
Wheat,2011-10-17,100000.0,NGN,NGN/MT,Historical (World Bank Pink Sheet × FX),wholesale,National,,,0.65,False,Synthetic: World Bank wheat USD × NGN/USD FX + import premium,Synthetic (World Bank/FAO × FX),historical,False,,100000.0
Wheat,2011-10-24,100000.0,NGN,NGN/MT,Historical (World Bank Pink Sheet × FX),wholesale,National,,,0.65,False,Synthetic: World Bank wheat USD × NGN/USD FX + import premium,Synthetic (World Bank/FAO × FX),historical,False,,100000.0
Wheat,2011-10-31,100000.0,NGN,NGN/MT,Historical (World Bank Pink Sheet × FX),wholesale,National,,,0.65,False,Synthetic: World Bank wheat USD × NGN/USD FX + import premium,Synthetic (World Bank/FAO × FX),historical,False,,100000.0
Wheat,2011-11-07,100000.0,NGN,NGN/MT,Historical (World Bank Pink Sheet × FX),wholesale,National,,,0.65,False,Synthetic: World Bank wheat USD × NGN/USD FX + import premium,Synthetic (World Bank/FAO × FX),historical,False,,100000.0
Wheat,2011-11-14,100000.0,NGN,NGN/MT,Historical (World Bank Pink Sheet × FX),wholesale,National,,,0.65,False,Synthetic: World Bank wheat USD × NGN/USD FX + import premium,Synthetic (World Bank/FAO × FX),historical,False,,100000.0
Wheat,2011-11-21,100000.0,NGN,NGN/MT,Historical (World Bank Pink Sheet × FX),wholesale,National,,,0.65,False,Synthetic: World Bank wheat USD × NGN/USD FX + import premium,Synthetic (World Bank/FAO × FX),historical,False,,100000.0
Wheat,2011-11-28,100000.0,NGN,NGN/MT,Historical (World Bank Pink Sheet × FX),wholesale,National,,,0.65,False,Synthetic: World Bank wheat USD × NGN/USD FX + import premium,Synthetic (World Bank/FAO × FX),historical,False,,100000.0
Wheat,2011-12-05,100000.0,NGN,NGN/MT,Historical (World Bank Pink Sheet × FX),wholesale,National,,,0.65,False,Synthetic: World Bank wheat USD × NGN/USD FX + import premium,Synthetic (World Bank/FAO × FX),historical,False,,100000.0
Wheat,2011-12-12,100000.0,NGN,NGN/MT,Historical (World Bank Pink Sheet × FX),wholesale,National,,,0.65,False,Synthetic: World Bank wheat USD × NGN/USD FX + import premium,Synthetic (World Bank/FAO × FX),historical,False,,100000.0
Wheat,2011-12-19,100000.0,NGN,NGN/MT,Historical (World Bank Pink Sheet × FX),wholesale,National,,,0.65,False,Synthetic: World Bank wheat USD × NGN/USD FX + import premium,Synthetic (World Bank/FAO × FX),historical,False,,100000.0
Wheat,2011-12-26,100000.0,NGN,NGN/MT,Historical (World Bank Pink Sheet × FX),wholesale,National,,,0.65,False,Synthetic: World Bank wheat USD × NGN/USD FX + import premium,Synthetic (World Bank/FAO × FX),historical,False,,100000.0
Wheat,2012-01-02,100000.0,NGN,NGN/MT,Historical (World Bank Pink Sheet × FX),wholesale,National,,,0.65,False,Synthetic: World Bank wheat USD × NGN/USD FX + import premium,Synthetic (World Bank/FAO × FX),historical,False,,100000.0
Wheat,2012-01-09,100000.0,NGN,NGN/MT,Historical (World Bank Pink Sheet × FX),wholesale,National,,,0.65,False,Synthetic: World Bank wheat USD × NGN/USD FX + import premium,Synthetic (World Bank/FAO × FX),historical,False,,100000.0
Wheat,2012-01-16,100000.0,NGN,NGN/MT,Historical (World Bank Pink Sheet × FX),wholesale,National,,,0.65,False,Synthetic: World Bank wheat USD × NGN/USD FX + import premium,Synthetic (World Bank/FAO × FX),historical,False,,100000.0
Wheat,2012-01-23,100000.0,NGN,NGN/MT,Historical (World Bank Pink Sheet × FX),wholesale,National,,,0.65,False,Synthetic: World Bank wheat USD × NGN/USD FX + import premium,Synthetic (World Bank/FAO × FX),historical,False,,100000.0
Wheat,2012-01-30,100000.0,NGN,NGN/MT,Historical (World Bank Pink Sheet × FX),wholesale,National,,,0.65,False,Synthetic: World Bank wheat USD × NGN/USD FX + import premium,Synthetic (World Bank/FAO × FX),historical,False,,100000.0
Wheat,2012-02-06,100000.0,NGN,NGN/MT,Historical (World Bank Pink Sheet × FX),wholesale,National,,,0.65,False,Synthetic: World Bank wheat USD × NGN/USD FX + import premium,Synthetic (World Bank/FAO × FX),historical,False,,100000.0
Wheat,2012-02-13,100000.0,NGN,NGN/MT,Historical (World Bank Pink Sheet × FX),wholesale,National,,,0.65,False,Synthetic: World Bank wheat USD × NGN/USD FX + import premium,Synthetic (World Bank/FAO × FX),historical,False,,100000.0
Wheat,2012-02-20,100000.0,NGN,NGN/MT,Historical (World Bank Pink Sheet × FX),wholesale,National,,,0.65,False,Synthetic: World Bank wheat USD × NGN/USD FX + import premium,Synthetic (World Bank/FAO × FX),historical,False,,100000.0
Wheat,2012-02-27,100000.0,NGN,NGN/MT,Historical (World Bank Pink Sheet × FX),wholesale,National,,,0.65,False,Synthetic: World Bank wheat USD × NGN/USD FX + import premium,Synthetic (World Bank/FAO × FX),historical,False,,100000.0
Wheat,2012-03-05,100000.0,NGN,NGN/MT,Historical (World Bank Pink Sheet × FX),wholesale,National,,,0.65,False,Synthetic: World Bank wheat USD × NGN/USD FX + import premium,Synthetic (World Bank/FAO × FX),historical,False,,100000.0
Wheat,2012-03-12,100000.0,NGN,NGN/MT,Historical (World Bank Pink Sheet × FX),wholesale,National,,,0.65,False,Synthetic: World Bank wheat USD × NGN/USD FX + import premium,Synthetic (World Bank/FAO × FX),historical,False,,100000.0
Wheat,2012-03-19,100000.0,NGN,NGN/MT,Historical (World Bank Pink Sheet × FX),wholesale,National,,,0.65,False,Synthetic: World Bank wheat USD × NGN/USD FX + import premium,Synthetic (World Bank/FAO × FX),historical,False,,100000.0
Wheat,2012-03-26,100000.0,NGN,NGN/MT,Historical (World Bank Pink Sheet × FX),wholesale,National,,,0.65,False,Synthetic: World Bank wheat USD × NGN/USD FX + import premium,Synthetic (World Bank/FAO × FX),historical,False,,100000.0
Wheat,2012-04-02,100000.0,NGN,NGN/MT,Historical (World Bank Pink Sheet × FX),wholesale,National,,,0.65,False,Synthetic: World Bank wheat USD × NGN/USD FX + import premium,Synthetic (World Bank/FAO × FX),historical,False,,100000.0
Wheat,2012-04-09,100000.0,NGN,NGN/MT,Historical (World Bank Pink Sheet × FX),wholesale,National,,,0.65,False,Synthetic: World Bank wheat USD × NGN/USD FX + import premium,Synthetic (World Bank/FAO × FX),historical,False,,100000.0
Wheat,2012-04-16,100000.0,NGN,NGN/MT,Historical (World Bank Pink Sheet × FX),wholesale,National,,,0.65,False,Synthetic: World Bank wheat USD × NGN/USD FX + import premium,Synthetic (World Bank/FAO × FX),historical,False,,100000.0
Wheat,2012-04-23,100000.0,NGN,NGN/MT,Historical (World Bank Pink Sheet × FX),wholesale,National,,,0.65,False,Synthetic: World Bank wheat USD × NGN/USD FX + import premium,Synthetic (World Bank/FAO × FX),historical,False,,100000.0
Wheat,2012-04-30,100000.0,NGN,NGN/MT,Historical (World Bank Pink Sheet × FX),wholesale,National,,,0.65,False,Synthetic: World Bank wheat USD × NGN/USD FX + import premium,Synthetic (World Bank/FAO × FX),historical,False,,100000.0
Wheat,2012-05-07,100000.0,NGN,NGN/MT,Historical (World Bank Pink Sheet × FX),wholesale,National,,,0.65,False,Synthetic: World Bank wheat USD × NGN/USD FX + import premium,Synthetic (World Bank/FAO × FX),historical,False,,100000.0
Wheat,2012-05-14,100000.0,NGN,NGN/MT,Historical (World Bank Pink Sheet × FX),wholesale,National,,,0.65,False,Synthetic: World Bank wheat USD × NGN/USD FX + import premium,Synthetic (World Bank/FAO × FX),historical,False,,100000.0
Wheat,2012-05-21,100000.0,NGN,NGN/MT,Historical (World Bank Pink Sheet × FX),wholesale,National,,,0.65,False,Synthetic: World Bank wheat USD × NGN/USD FX + import premium,Synthetic (World Bank/FAO × FX),historical,False,,100000.0
Wheat,2012-05-28,100000.0,NGN,NGN/MT,Historical (World Bank Pink Sheet × FX),wholesale,National,,,0.65,False,Synthetic: World Bank wheat USD × NGN/USD FX + import premium,Synthetic (World Bank/FAO × FX),historical,False,,100000.0
Wheat,2012-06-04,100000.0,NGN,NGN/MT,Historical (World Bank Pink Sheet × FX),wholesale,National,,,0.65,False,Synthetic: World Bank wheat USD × NGN/USD FX + import premium,Synthetic (World Bank/FAO × FX),historical,False,,100000.0
Wheat,2012-06-11,100000.0,NGN,NGN/MT,Historical (World Bank Pink Sheet × FX),wholesale,National,,,0.65,False,Synthetic: World Bank wheat USD × NGN/USD FX + import premium,Synthetic (World Bank/FAO × FX),historical,False,,100000.0
Wheat,2012-06-18,100000.0,NGN,NGN/MT,Historical (World Bank Pink Sheet × FX),wholesale,National,,,0.65,False,Synthetic: World Bank wheat USD × NGN/USD FX + import premium,Synthetic (World Bank/FAO × FX),historical,False,,100000.0
Wheat,2012-06-25,100000.0,NGN,NGN/MT,Historical (World Bank Pink Sheet × FX),wholesale,National,,,0.65,False,Synthetic: World Bank wheat USD × NGN/USD FX + import premium,Synthetic (World Bank/FAO × FX),historical,False,,100000.0
Wheat,2012-07-02,100000.0,NGN,NGN/MT,Historical (World Bank Pink Sheet × FX),wholesale,National,,,0.65,False,Synthetic: World Bank wheat USD × NGN/USD FX + import premium,Synthetic (World Bank/FAO × FX),historical,False,,100000.0
Wheat,2012-07-09,100000.0,NGN,NGN/MT,Historical (World Bank Pink Sheet × FX),wholesale,National,,,0.65,False,Synthetic: World Bank wheat USD × NGN/USD FX + import premium,Synthetic (World Bank/FAO × FX),historical,False,,100000.0
Wheat,2012-07-16,100000.0,NGN,NGN/MT,Historical (World Bank Pink Sheet × FX),wholesale,National,,,0.65,False,Synthetic: World Bank wheat USD × NGN/USD FX + import premium,Synthetic (World Bank/FAO × FX),historical,False,,100000.0
Wheat,2012-07-23,100000.0,NGN,NGN/MT,Historical (World Bank Pink Sheet × FX),wholesale,National,,,0.65,False,Synthetic: World Bank wheat USD × NGN/USD FX + import premium,Synthetic (World Bank/FAO × FX),historical,False,,100000.0
Wheat,2012-07-30,100000.0,NGN,NGN/MT,Historical (World Bank Pink Sheet × FX),wholesale,National,,,0.65,False,Synthetic: World Bank wheat USD × NGN/USD FX + import premium,Synthetic (World Bank/FAO × FX),historical,False,,100000.0
Wheat,2012-08-06,100000.0,NGN,NGN/MT,Historical (World Bank Pink Sheet × FX),wholesale,National,,,0.65,False,Synthetic: World Bank wheat USD × NGN/USD FX + import premium,Synthetic (World Bank/FAO × FX),historical,False,,100000.0
Wheat,2012-08-13,100000.0,NGN,NGN/MT,Historical (World Bank Pink Sheet × FX),wholesale,National,,,0.65,False,Synthetic: World Bank wheat USD × NGN/USD FX + import premium,Synthetic (World Bank/FAO × FX),historical,False,,100000.0
Wheat,2012-08-20,100000.0,NGN,NGN/MT,Historical (World Bank Pink Sheet × FX),wholesale,National,,,0.65,False,Synthetic: World Bank wheat USD × NGN/USD FX + import premium,Synthetic (World Bank/FAO × FX),historical,False,,100000.0
Wheat,2012-08-27,100000.0,NGN,NGN/MT,Historical (World Bank Pink Sheet × FX),wholesale,National,,,0.65,False,Synthetic: World Bank wheat USD × NGN/USD FX + import premium,Synthetic (World Bank/FAO × FX),historical,False,,100000.0
Wheat,2012-09-03,100000.0,NGN,NGN/MT,Historical (World Bank Pink Sheet × FX),wholesale,National,,,0.65,False,Synthetic: World Bank wheat USD × NGN/USD FX + import premium,Synthetic (World Bank/FAO × FX),historical,False,,100000.0
Wheat,2012-09-10,100000.0,NGN,NGN/MT,Historical (World Bank Pink Sheet × FX),wholesale,National,,,0.65,False,Synthetic: World Bank wheat USD × NGN/USD FX + import premium,Synthetic (World Bank/FAO × FX),historical,False,,100000.0
Wheat,2012-09-17,100000.0,NGN,NGN/MT,Historical (World Bank Pink Sheet × FX),wholesale,National,,,0.65,False,Synthetic: World Bank wheat USD × NGN/USD FX + import premium,Synthetic (World Bank/FAO × FX),historical,False,,100000.0
Wheat,2012-09-24,100000.0,NGN,NGN/MT,Historical (World Bank Pink Sheet × FX),wholesale,National,,,0.65,False,Synthetic: World Bank wheat USD × NGN/USD FX + import premium,Synthetic (World Bank/FAO × FX),historical,False,,100000.0
Wheat,2012-10-01,100000.0,NGN,NGN/MT,Historical (World Bank Pink Sheet × FX),wholesale,National,,,0.65,False,Synthetic: World Bank wheat USD × NGN/USD FX + import premium,Synthetic (World Bank/FAO × FX),historical,False,,100000.0
Wheat,2012-10-08,100000.0,NGN,NGN/MT,Historical (World Bank Pink Sheet × FX),wholesale,National,,,0.65,False,Synthetic: World Bank wheat USD × NGN/USD FX + import premium,Synthetic (World Bank/FAO × FX),historical,False,,100000.0
Wheat,2012-10-15,100000.0,NGN,NGN/MT,Historical (World Bank Pink Sheet × FX),wholesale,National,,,0.65,False,Synthetic: World Bank wheat USD × NGN/USD FX + import premium,Synthetic (World Bank/FAO × FX),historical,False,,100000.0
Wheat,2012-10-22,100000.0,NGN,NGN/MT,Historical (World Bank Pink Sheet × FX),wholesale,National,,,0.65,False,Synthetic: World Bank wheat USD × NGN/USD FX + import premium,Synthetic (World Bank/FAO × FX),historical,False,,100000.0
Wheat,2012-10-29,100000.0,NGN,NGN/MT,Historical (World Bank Pink Sheet × FX),wholesale,National,,,0.65,False,Synthetic: World Bank wheat USD × NGN/USD FX + import premium,Synthetic (World Bank/FAO × FX),historical,False,,100000.0
Wheat,2012-11-05,100000.0,NGN,NGN/MT,Historical (World Bank Pink Sheet × FX),wholesale,National,,,0.65,False,Synthetic: World Bank wheat USD × NGN/USD FX + import premium,Synthetic (World Bank/FAO × FX),historical,False,,100000.0
Wheat,2012-11-12,100000.0,NGN,NGN/MT,Historical (World Bank Pink Sheet × FX),wholesale,National,,,0.65,False,Synthetic: World Bank wheat USD × NGN/USD FX + import premium,Synthetic (World Bank/FAO × FX),historical,False,,100000.0
Wheat,2012-11-19,100000.0,NGN,NGN/MT,Historical (World Bank Pink Sheet × FX),wholesale,National,,,0.65,False,Synthetic: World Bank wheat USD × NGN/USD FX + import premium,Synthetic (World Bank/FAO × FX),historical,False,,100000.0
Wheat,2012-11-26,100000.0,NGN,NGN/MT,Historical (World Bank Pink Sheet × FX),wholesale,National,,,0.65,False,Synthetic: World Bank wheat USD × NGN/USD FX + import premium,Synthetic (World Bank/FAO × FX),historical,False,,100000.0
Wheat,2012-12-03,100000.0,NGN,NGN/MT,Historical (World Bank Pink Sheet × FX),wholesale,National,,,0.65,False,Synthetic: World Bank wheat USD × NGN/USD FX + import premium,Synthetic (World Bank/FAO × FX),historical,False,,100000.0
Wheat,2012-12-10,100000.0,NGN,NGN/MT,Historical (World Bank Pink Sheet × FX),wholesale,National,,,0.65,False,Synthetic: World Bank wheat USD × NGN/USD FX + import premium,Synthetic (World Bank/FAO × FX),historical,False,,100000.0
Wheat,2012-12-17,100000.0,NGN,NGN/MT,Historical (World Bank Pink Sheet × FX),wholesale,National,,,0.65,False,Synthetic: World Bank wheat USD × NGN/USD FX + import premium,Synthetic (World Bank/FAO × FX),historical,False,,100000.0
Wheat,2012-12-24,100000.0,NGN,NGN/MT,Historical (World Bank Pink Sheet × FX),wholesale,National,,,0.65,False,Synthetic: World Bank wheat USD × NGN/USD FX + import premium,Synthetic (World Bank/FAO × FX),historical,False,,100000.0
Wheat,2012-12-31,100000.0,NGN,NGN/MT,Historical (World Bank Pink Sheet × FX),wholesale,National,,,0.65,False,Synthetic: World Bank wheat USD × NGN/USD FX + import premium,Synthetic (World Bank/FAO × FX),historical,False,,100000.0
Wheat,2013-01-07,100000.0,NGN,NGN/MT,Historical (World Bank Pink Sheet × FX),wholesale,National,,,0.65,False,Synthetic: World Bank wheat USD × NGN/USD FX + import premium,Synthetic (World Bank/FAO × FX),historical,False,,100000.0
Wheat,2013-01-14,100000.0,NGN,NGN/MT,Historical (World Bank Pink Sheet × FX),wholesale,National,,,0.65,False,Synthetic: World Bank wheat USD × NGN/USD FX + import premium,Synthetic (World Bank/FAO × FX),historical,False,,100000.0
Wheat,2013-01-21,100000.0,NGN,NGN/MT,Historical (World Bank Pink Sheet × FX),wholesale,National,,,0.65,False,Synthetic: World Bank wheat USD × NGN/USD FX + import premium,Synthetic (World Bank/FAO × FX),historical,False,,100000.0
Wheat,2013-01-28,100000.0,NGN,NGN/MT,Historical (World Bank Pink Sheet × FX),wholesale,National,,,0.65,False,Synthetic: World Bank wheat USD × NGN/USD FX + import premium,Synthetic (World Bank/FAO × FX),historical,False,,100000.0
Wheat,2013-02-04,100000.0,NGN,NGN/MT,Historical (World Bank Pink Sheet × FX),wholesale,National,,,0.65,False,Synthetic: World Bank wheat USD × NGN/USD FX + import premium,Synthetic (World Bank/FAO × FX),historical,False,,100000.0
Wheat,2013-02-11,100000.0,NGN,NGN/MT,Historical (World Bank Pink Sheet × FX),wholesale,National,,,0.65,False,Synthetic: World Bank wheat USD × NGN/USD FX + import premium,Synthetic (World Bank/FAO × FX),historical,False,,100000.0
Wheat,2013-02-18,100000.0,NGN,NGN/MT,Historical (World Bank Pink Sheet × FX),wholesale,National,,,0.65,False,Synthetic: World Bank wheat USD × NGN/USD FX + import premium,Synthetic (World Bank/FAO × FX),historical,False,,100000.0
Wheat,2013-02-25,100000.0,NGN,NGN/MT,Historical (World Bank Pink Sheet × FX),wholesale,National,,,0.65,False,Synthetic: World Bank wheat USD × NGN/USD FX + import premium,Synthetic (World Bank/FAO × FX),historical,False,,100000.0
Wheat,2013-03-04,100000.0,NGN,NGN/MT,Historical (World Bank Pink Sheet × FX),wholesale,National,,,0.65,False,Synthetic: World Bank wheat USD × NGN/USD FX + import premium,Synthetic (World Bank/FAO × FX),historical,False,,100000.0
Wheat,2013-03-11,100000.0,NGN,NGN/MT,Historical (World Bank Pink Sheet × FX),wholesale,National,,,0.65,False,Synthetic: World Bank wheat USD × NGN/USD FX + import premium,Synthetic (World Bank/FAO × FX),historical,False,,100000.0
Wheat,2013-03-18,100000.0,NGN,NGN/MT,Historical (World Bank Pink Sheet × FX),wholesale,National,,,0.65,False,Synthetic: World Bank wheat USD × NGN/USD FX + import premium,Synthetic (World Bank/FAO × FX),historical,False,,100000.0
Wheat,2013-03-25,100000.0,NGN,NGN/MT,Historical (World Bank Pink Sheet × FX),wholesale,National,,,0.65,False,Synthetic: World Bank wheat USD × NGN/USD FX + import premium,Synthetic (World Bank/FAO × FX),historical,False,,100000.0
Wheat,2013-04-01,100000.0,NGN,NGN/MT,Historical (World Bank Pink Sheet × FX),wholesale,National,,,0.65,False,Synthetic: World Bank wheat USD × NGN/USD FX + import premium,Synthetic (World Bank/FAO × FX),historical,False,,100000.0
Wheat,2013-04-08,100000.0,NGN,NGN/MT,Historical (World Bank Pink Sheet × FX),wholesale,National,,,0.65,False,Synthetic: World Bank wheat USD × NGN/USD FX + import premium,Synthetic (World Bank/FAO × FX),historical,False,,100000.0
Wheat,2013-04-15,100000.0,NGN,NGN/MT,Historical (World Bank Pink Sheet × FX),wholesale,National,,,0.65,False,Synthetic: World Bank wheat USD × NGN/USD FX + import premium,Synthetic (World Bank/FAO × FX),historical,False,,100000.0
Wheat,2013-04-22,100000.0,NGN,NGN/MT,Historical (World Bank Pink Sheet × FX),wholesale,National,,,0.65,False,Synthetic: World Bank wheat USD × NGN/USD FX + import premium,Synthetic (World Bank/FAO × FX),historical,False,,100000.0
Wheat,2013-04-29,100000.0,NGN,NGN/MT,Historical (World Bank Pink Sheet × FX),wholesale,National,,,0.65,False,Synthetic: World Bank wheat USD × NGN/USD FX + import premium,Synthetic (World Bank/FAO × FX),historical,False,,100000.0
Wheat,2013-05-06,100000.0,NGN,NGN/MT,Historical (World Bank Pink Sheet × FX),wholesale,National,,,0.65,False,Synthetic: World Bank wheat USD × NGN/USD FX + import premium,Synthetic (World Bank/FAO × FX),historical,False,,100000.0
Wheat,2013-05-13,100000.0,NGN,NGN/MT,Historical (World Bank Pink Sheet × FX),wholesale,National,,,0.65,False,Synthetic: World Bank wheat USD × NGN/USD FX + import premium,Synthetic (World Bank/FAO × FX),historical,False,,100000.0
Wheat,2013-05-20,100000.0,NGN,NGN/MT,Historical (World Bank Pink Sheet × FX),wholesale,National,,,0.65,False,Synthetic: World Bank wheat USD × NGN/USD FX + import premium,Synthetic (World Bank/FAO × FX),historical,False,,100000.0
Wheat,2013-05-27,100000.0,NGN,NGN/MT,Historical (World Bank Pink Sheet × FX),wholesale,National,,,0.65,False,Synthetic: World Bank wheat USD × NGN/USD FX + import premium,Synthetic (World Bank/FAO × FX),historical,False,,100000.0
Wheat,2013-06-03,100000.0,NGN,NGN/MT,Historical (World Bank Pink Sheet × FX),wholesale,National,,,0.65,False,Synthetic: World Bank wheat USD × NGN/USD FX + import premium,Synthetic (World Bank/FAO × FX),historical,False,,100000.0
Wheat,2013-06-10,100000.0,NGN,NGN/MT,Historical (World Bank Pink Sheet × FX),wholesale,National,,,0.65,False,Synthetic: World Bank wheat USD × NGN/USD FX + import premium,Synthetic (World Bank/FAO × FX),historical,False,,100000.0
Wheat,2013-06-17,100000.0,NGN,NGN/MT,Historical (World Bank Pink Sheet × FX),wholesale,National,,,0.65,False,Synthetic: World Bank wheat USD × NGN/USD FX + import premium,Synthetic (World Bank/FAO × FX),historical,False,,100000.0
Wheat,2013-06-24,100000.0,NGN,NGN/MT,Historical (World Bank Pink Sheet × FX),wholesale,National,,,0.65,False,Synthetic: World Bank wheat USD × NGN/USD FX + import premium,Synthetic (World Bank/FAO × FX),historical,False,,100000.0
Wheat,2013-07-01,100000.0,NGN,NGN/MT,Historical (World Bank Pink Sheet × FX),wholesale,National,,,0.65,False,Synthetic: World Bank wheat USD × NGN/USD FX + import premium,Synthetic (World Bank/FAO × FX),historical,False,,100000.0
Wheat,2013-07-08,100000.0,NGN,NGN/MT,Historical (World Bank Pink Sheet × FX),wholesale,National,,,0.65,False,Synthetic: World Bank wheat USD × NGN/USD FX + import premium,Synthetic (World Bank/FAO × FX),historical,False,,100000.0
Wheat,2013-07-15,100000.0,NGN,NGN/MT,Historical (World Bank Pink Sheet × FX),wholesale,National,,,0.65,False,Synthetic: World Bank wheat USD × NGN/USD FX + import premium,Synthetic (World Bank/FAO × FX),historical,False,,100000.0
Wheat,2013-07-22,100000.0,NGN,NGN/MT,Historical (World Bank Pink Sheet × FX),wholesale,National,,,0.65,False,Synthetic: World Bank wheat USD × NGN/USD FX + import premium,Synthetic (World Bank/FAO × FX),historical,False,,100000.0
Wheat,2013-07-29,100000.0,NGN,NGN/MT,Historical (World Bank Pink Sheet × FX),wholesale,National,,,0.65,False,Synthetic: World Bank wheat USD × NGN/USD FX + import premium,Synthetic (World Bank/FAO × FX),historical,False,,100000.0
Wheat,2013-08-05,100000.0,NGN,NGN/MT,Historical (World Bank Pink Sheet × FX),wholesale,National,,,0.65,False,Synthetic: World Bank wheat USD × NGN/USD FX + import premium,Synthetic (World Bank/FAO × FX),historical,False,,100000.0
Wheat,2013-08-12,100000.0,NGN,NGN/MT,Historical (World Bank Pink Sheet × FX),wholesale,National,,,0.65,False,Synthetic: World Bank wheat USD × NGN/USD FX + import premium,Synthetic (World Bank/FAO × FX),historical,False,,100000.0
Wheat,2013-08-19,100000.0,NGN,NGN/MT,Historical (World Bank Pink Sheet × FX),wholesale,National,,,0.65,False,Synthetic: World Bank wheat USD × NGN/USD FX + import premium,Synthetic (World Bank/FAO × FX),historical,False,,100000.0
Wheat,2013-08-26,100000.0,NGN,NGN/MT,Historical (World Bank Pink Sheet × FX),wholesale,National,,,0.65,False,Synthetic: World Bank wheat USD × NGN/USD FX + import premium,Synthetic (World Bank/FAO × FX),historical,False,,100000.0
Wheat,2013-09-02,100000.0,NGN,NGN/MT,Historical (World Bank Pink Sheet × FX),wholesale,National,,,0.65,False,Synthetic: World Bank wheat USD × NGN/USD FX + import premium,Synthetic (World Bank/FAO × FX),historical,False,,100000.0
Wheat,2013-09-09,100000.0,NGN,NGN/MT,Historical (World Bank Pink Sheet × FX),wholesale,National,,,0.65,False,Synthetic: World Bank wheat USD × NGN/USD FX + import premium,Synthetic (World Bank/FAO × FX),historical,False,,100000.0
Wheat,2013-09-16,100000.0,NGN,NGN/MT,Historical (World Bank Pink Sheet × FX),wholesale,National,,,0.65,False,Synthetic: World Bank wheat USD × NGN/USD FX + import premium,Synthetic (World Bank/FAO × FX),historical,False,,100000.0
Wheat,2013-09-23,100000.0,NGN,NGN/MT,Historical (World Bank Pink Sheet × FX),wholesale,National,,,0.65,False,Synthetic: World Bank wheat USD × NGN/USD FX + import premium,Synthetic (World Bank/FAO × FX),historical,False,,100000.0
Wheat,2013-09-30,100000.0,NGN,NGN/MT,Historical (World Bank Pink Sheet × FX),wholesale,National,,,0.65,False,Synthetic: World Bank wheat USD × NGN/USD FX + import premium,Synthetic (World Bank/FAO × FX),historical,False,,100000.0
Wheat,2013-10-07,100000.0,NGN,NGN/MT,Historical (World Bank Pink Sheet × FX),wholesale,National,,,0.65,False,Synthetic: World Bank wheat USD × NGN/USD FX + import premium,Synthetic (World Bank/FAO × FX),historical,False,,100000.0
Wheat,2013-10-14,100000.0,NGN,NGN/MT,Historical (World Bank Pink Sheet × FX),wholesale,National,,,0.65,False,Synthetic: World Bank wheat USD × NGN/USD FX + import premium,Synthetic (World Bank/FAO × FX),historical,False,,100000.0
Wheat,2013-10-21,100000.0,NGN,NGN/MT,Historical (World Bank Pink Sheet × FX),wholesale,National,,,0.65,False,Synthetic: World Bank wheat USD × NGN/USD FX + import premium,Synthetic (World Bank/FAO × FX),historical,False,,100000.0
Wheat,2013-10-28,100000.0,NGN,NGN/MT,Historical (World Bank Pink Sheet × FX),wholesale,National,,,0.65,False,Synthetic: World Bank wheat USD × NGN/USD FX + import premium,Synthetic (World Bank/FAO × FX),historical,False,,100000.0
Wheat,2013-11-04,100000.0,NGN,NGN/MT,Historical (World Bank Pink Sheet × FX),wholesale,National,,,0.65,False,Synthetic: World Bank wheat USD × NGN/USD FX + import premium,Synthetic (World Bank/FAO × FX),historical,False,,100000.0
Wheat,2013-11-11,100000.0,NGN,NGN/MT,Historical (World Bank Pink Sheet × FX),wholesale,National,,,0.65,False,Synthetic: World Bank wheat USD × NGN/USD FX + import premium,Synthetic (World Bank/FAO × FX),historical,False,,100000.0
Wheat,2013-11-18,100000.0,NGN,NGN/MT,Historical (World Bank Pink Sheet × FX),wholesale,National,,,0.65,False,Synthetic: World Bank wheat USD × NGN/USD FX + import premium,Synthetic (World Bank/FAO × FX),historical,False,,100000.0
Wheat,2013-11-25,100000.0,NGN,NGN/MT,Historical (World Bank Pink Sheet × FX),wholesale,National,,,0.65,False,Synthetic: World Bank wheat USD × NGN/USD FX + import premium,Synthetic (World Bank/FAO × FX),historical,False,,100000.0
Wheat,2013-12-02,100000.0,NGN,NGN/MT,Historical (World Bank Pink Sheet × FX),wholesale,National,,,0.65,False,Synthetic: World Bank wheat USD × NGN/USD FX + import premium,Synthetic (World Bank/FAO × FX),historical,False,,100000.0
Wheat,2013-12-09,100000.0,NGN,NGN/MT,Historical (World Bank Pink Sheet × FX),wholesale,National,,,0.65,False,Synthetic: World Bank wheat USD × NGN/USD FX + import premium,Synthetic (World Bank/FAO × FX),historical,False,,100000.0
Wheat,2013-12-16,100000.0,NGN,NGN/MT,Historical (World Bank Pink Sheet × FX),wholesale,National,,,0.65,False,Synthetic: World Bank wheat USD × NGN/USD FX + import premium,Synthetic (World Bank/FAO × FX),historical,False,,100000.0
Wheat,2013-12-23,100000.0,NGN,NGN/MT,Historical (World Bank Pink Sheet × FX),wholesale,National,,,0.65,False,Synthetic: World Bank wheat USD × NGN/USD FX + import premium,Synthetic (World Bank/FAO × FX),historical,False,,100000.0
Wheat,2013-12-30,100000.0,NGN,NGN/MT,Historical (World Bank Pink Sheet × FX),wholesale,National,,,0.65,False,Synthetic: World Bank wheat USD × NGN/USD FX + import premium,Synthetic (World Bank/FAO × FX),historical,False,,100000.0
Wheat,2014-01-06,100000.0,NGN,NGN/MT,Historical (World Bank Pink Sheet × FX),wholesale,National,,,0.65,False,Synthetic: World Bank wheat USD × NGN/USD FX + import premium,Synthetic (World Bank/FAO × FX),historical,False,,100000.0
Wheat,2014-01-13,100000.0,NGN,NGN/MT,Historical (World Bank Pink Sheet × FX),wholesale,National,,,0.65,False,Synthetic: World Bank wheat USD × NGN/USD FX + import premium,Synthetic (World Bank/FAO × FX),historical,False,,100000.0
Wheat,2014-01-20,100000.0,NGN,NGN/MT,Historical (World Bank Pink Sheet × FX),wholesale,National,,,0.65,False,Synthetic: World Bank wheat USD × NGN/USD FX + import premium,Synthetic (World Bank/FAO × FX),historical,False,,100000.0
Wheat,2014-01-27,100000.0,NGN,NGN/MT,Historical (World Bank Pink Sheet × FX),wholesale,National,,,0.65,False,Synthetic: World Bank wheat USD × NGN/USD FX + import premium,Synthetic (World Bank/FAO × FX),historical,False,,100000.0
Wheat,2014-02-03,100000.0,NGN,NGN/MT,Historical (World Bank Pink Sheet × FX),wholesale,National,,,0.65,False,Synthetic: World Bank wheat USD × NGN/USD FX + import premium,Synthetic (World Bank/FAO × FX),historical,False,,100000.0
Wheat,2014-02-10,100000.0,NGN,NGN/MT,Historical (World Bank Pink Sheet × FX),wholesale,National,,,0.65,False,Synthetic: World Bank wheat USD × NGN/USD FX + import premium,Synthetic (World Bank/FAO × FX),historical,False,,100000.0
Wheat,2014-02-17,100000.0,NGN,NGN/MT,Historical (World Bank Pink Sheet × FX),wholesale,National,,,0.65,False,Synthetic: World Bank wheat USD × NGN/USD FX + import premium,Synthetic (World Bank/FAO × FX),historical,False,,100000.0
Wheat,2014-02-24,100000.0,NGN,NGN/MT,Historical (World Bank Pink Sheet × FX),wholesale,National,,,0.65,False,Synthetic: World Bank wheat USD × NGN/USD FX + import premium,Synthetic (World Bank/FAO × FX),historical,False,,100000.0
Wheat,2014-03-03,100000.0,NGN,NGN/MT,Historical (World Bank Pink Sheet × FX),wholesale,National,,,0.65,False,Synthetic: World Bank wheat USD × NGN/USD FX + import premium,Synthetic (World Bank/FAO × FX),historical,False,,100000.0
Wheat,2014-03-10,100000.0,NGN,NGN/MT,Historical (World Bank Pink Sheet × FX),wholesale,National,,,0.65,False,Synthetic: World Bank wheat USD × NGN/USD FX + import premium,Synthetic (World Bank/FAO × FX),historical,False,,100000.0
Wheat,2014-03-17,100000.0,NGN,NGN/MT,Historical (World Bank Pink Sheet × FX),wholesale,National,,,0.65,False,Synthetic: World Bank wheat USD × NGN/USD FX + import premium,Synthetic (World Bank/FAO × FX),historical,False,,100000.0
Wheat,2014-03-24,100000.0,NGN,NGN/MT,Historical (World Bank Pink Sheet × FX),wholesale,National,,,0.65,False,Synthetic: World Bank wheat USD × NGN/USD FX + import premium,Synthetic (World Bank/FAO × FX),historical,False,,100000.0
Wheat,2014-03-31,100000.0,NGN,NGN/MT,Historical (World Bank Pink Sheet × FX),wholesale,National,,,0.65,False,Synthetic: World Bank wheat USD × NGN/USD FX + import premium,Synthetic (World Bank/FAO × FX),historical,False,,100000.0
Wheat,2014-04-07,100000.0,NGN,NGN/MT,Historical (World Bank Pink Sheet × FX),wholesale,National,,,0.65,False,Synthetic: World Bank wheat USD × NGN/USD FX + import premium,Synthetic (World Bank/FAO × FX),historical,False,,100000.0
Wheat,2014-04-14,100000.0,NGN,NGN/MT,Historical (World Bank Pink Sheet × FX),wholesale,National,,,0.65,False,Synthetic: World Bank wheat USD × NGN/USD FX + import premium,Synthetic (World Bank/FAO × FX),historical,False,,100000.0
Wheat,2014-04-21,100000.0,NGN,NGN/MT,Historical (World Bank Pink Sheet × FX),wholesale,National,,,0.65,False,Synthetic: World Bank wheat USD × NGN/USD FX + import premium,Synthetic (World Bank/FAO × FX),historical,False,,100000.0
Wheat,2014-04-28,100000.0,NGN,NGN/MT,Historical (World Bank Pink Sheet × FX),wholesale,National,,,0.65,False,Synthetic: World Bank wheat USD × NGN/USD FX + import premium,Synthetic (World Bank/FAO × FX),historical,False,,100000.0
Wheat,2014-05-05,100000.0,NGN,NGN/MT,Historical (World Bank Pink Sheet × FX),wholesale,National,,,0.65,False,Synthetic: World Bank wheat USD × NGN/USD FX + import premium,Synthetic (World Bank/FAO × FX),historical,False,,100000.0
Wheat,2014-05-12,100000.0,NGN,NGN/MT,Historical (World Bank Pink Sheet × FX),wholesale,National,,,0.65,False,Synthetic: World Bank wheat USD × NGN/USD FX + import premium,Synthetic (World Bank/FAO × FX),historical,False,,100000.0
Wheat,2014-05-19,100000.0,NGN,NGN/MT,Historical (World Bank Pink Sheet × FX),wholesale,National,,,0.65,False,Synthetic: World Bank wheat USD × NGN/USD FX + import premium,Synthetic (World Bank/FAO × FX),historical,False,,100000.0
Wheat,2014-05-26,100000.0,NGN,NGN/MT,Historical (World Bank Pink Sheet × FX),wholesale,National,,,0.65,False,Synthetic: World Bank wheat USD × NGN/USD FX + import premium,Synthetic (World Bank/FAO × FX),historical,False,,100000.0
Wheat,2014-06-02,100000.0,NGN,NGN/MT,Historical (World Bank Pink Sheet × FX),wholesale,National,,,0.65,False,Synthetic: World Bank wheat USD × NGN/USD FX + import premium,Synthetic (World Bank/FAO × FX),historical,False,,100000.0
Wheat,2014-06-09,100000.0,NGN,NGN/MT,Historical (World Bank Pink Sheet × FX),wholesale,National,,,0.65,False,Synthetic: World Bank wheat USD × NGN/USD FX + import premium,Synthetic (World Bank/FAO × FX),historical,False,,100000.0
Wheat,2014-06-16,100000.0,NGN,NGN/MT,Historical (World Bank Pink Sheet × FX),wholesale,National,,,0.65,False,Synthetic: World Bank wheat USD × NGN/USD FX + import premium,Synthetic (World Bank/FAO × FX),historical,False,,100000.0
Wheat,2014-06-23,100000.0,NGN,NGN/MT,Historical (World Bank Pink Sheet × FX),wholesale,National,,,0.65,False,Synthetic: World Bank wheat USD × NGN/USD FX + import premium,Synthetic (World Bank/FAO × FX),historical,False,,100000.0
Wheat,2014-06-30,100000.0,NGN,NGN/MT,Historical (World Bank Pink Sheet × FX),wholesale,National,,,0.65,False,Synthetic: World Bank wheat USD × NGN/USD FX + import premium,Synthetic (World Bank/FAO × FX),historical,False,,100000.0
Wheat,2014-07-07,100000.0,NGN,NGN/MT,Historical (World Bank Pink Sheet × FX),wholesale,National,,,0.65,False,Synthetic: World Bank wheat USD × NGN/USD FX + import premium,Synthetic (World Bank/FAO × FX),historical,False,,100000.0
Wheat,2014-07-14,100000.0,NGN,NGN/MT,Historical (World Bank Pink Sheet × FX),wholesale,National,,,0.65,False,Synthetic: World Bank wheat USD × NGN/USD FX + import premium,Synthetic (World Bank/FAO × FX),historical,False,,100000.0
Wheat,2014-07-21,100000.0,NGN,NGN/MT,Historical (World Bank Pink Sheet × FX),wholesale,National,,,0.65,False,Synthetic: World Bank wheat USD × NGN/USD FX + import premium,Synthetic (World Bank/FAO × FX),historical,False,,100000.0
Wheat,2014-07-28,100000.0,NGN,NGN/MT,Historical (World Bank Pink Sheet × FX),wholesale,National,,,0.65,False,Synthetic: World Bank wheat USD × NGN/USD FX + import premium,Synthetic (World Bank/FAO × FX),historical,False,,100000.0
Wheat,2014-08-04,100000.0,NGN,NGN/MT,Historical (World Bank Pink Sheet × FX),wholesale,National,,,0.65,False,Synthetic: World Bank wheat USD × NGN/USD FX + import premium,Synthetic (World Bank/FAO × FX),historical,False,,100000.0
Wheat,2014-08-11,100000.0,NGN,NGN/MT,Historical (World Bank Pink Sheet × FX),wholesale,National,,,0.65,False,Synthetic: World Bank wheat USD × NGN/USD FX + import premium,Synthetic (World Bank/FAO × FX),historical,False,,100000.0
Wheat,2014-08-18,100000.0,NGN,NGN/MT,Historical (World Bank Pink Sheet × FX),wholesale,National,,,0.65,False,Synthetic: World Bank wheat USD × NGN/USD FX + import premium,Synthetic (World Bank/FAO × FX),historical,False,,100000.0
Wheat,2014-08-25,100000.0,NGN,NGN/MT,Historical (World Bank Pink Sheet × FX),wholesale,National,,,0.65,False,Synthetic: World Bank wheat USD × NGN/USD FX + import premium,Synthetic (World Bank/FAO × FX),historical,False,,100000.0
Wheat,2014-09-01,100000.0,NGN,NGN/MT,Historical (World Bank Pink Sheet × FX),wholesale,National,,,0.65,False,Synthetic: World Bank wheat USD × NGN/USD FX + import premium,Synthetic (World Bank/FAO × FX),historical,False,,100000.0
Wheat,2014-09-08,100000.0,NGN,NGN/MT,Historical (World Bank Pink Sheet × FX),wholesale,National,,,0.65,False,Synthetic: World Bank wheat USD × NGN/USD FX + import premium,Synthetic (World Bank/FAO × FX),historical,False,,100000.0
Wheat,2014-09-15,100000.0,NGN,NGN/MT,Historical (World Bank Pink Sheet × FX),wholesale,National,,,0.65,False,Synthetic: World Bank wheat USD × NGN/USD FX + import premium,Synthetic (World Bank/FAO × FX),historical,False,,100000.0
Wheat,2014-09-22,100000.0,NGN,NGN/MT,Historical (World Bank Pink Sheet × FX),wholesale,National,,,0.65,False,Synthetic: World Bank wheat USD × NGN/USD FX + import premium,Synthetic (World Bank/FAO × FX),historical,False,,100000.0
Wheat,2014-09-29,100000.0,NGN,NGN/MT,Historical (World Bank Pink Sheet × FX),wholesale,National,,,0.65,False,Synthetic: World Bank wheat USD × NGN/USD FX + import premium,Synthetic (World Bank/FAO × FX),historical,False,,100000.0
Wheat,2014-10-06,100000.0,NGN,NGN/MT,Historical (World Bank Pink Sheet × FX),wholesale,National,,,0.65,False,Synthetic: World Bank wheat USD × NGN/USD FX + import premium,Synthetic (World Bank/FAO × FX),historical,False,,100000.0
Wheat,2014-10-13,100000.0,NGN,NGN/MT,Historical (World Bank Pink Sheet × FX),wholesale,National,,,0.65,False,Synthetic: World Bank wheat USD × NGN/USD FX + import premium,Synthetic (World Bank/FAO × FX),historical,False,,100000.0
Wheat,2014-10-20,100000.0,NGN,NGN/MT,Historical (World Bank Pink Sheet × FX),wholesale,National,,,0.65,False,Synthetic: World Bank wheat USD × NGN/USD FX + import premium,Synthetic (World Bank/FAO × FX),historical,False,,100000.0
Wheat,2014-10-27,100000.0,NGN,NGN/MT,Historical (World Bank Pink Sheet × FX),wholesale,National,,,0.65,False,Synthetic: World Bank wheat USD × NGN/USD FX + import premium,Synthetic (World Bank/FAO × FX),historical,False,,100000.0
Wheat,2014-11-03,100000.0,NGN,NGN/MT,Historical (World Bank Pink Sheet × FX),wholesale,National,,,0.65,False,Synthetic: World Bank wheat USD × NGN/USD FX + import premium,Synthetic (World Bank/FAO × FX),historical,False,,100000.0
Wheat,2014-11-10,100000.0,NGN,NGN/MT,Historical (World Bank Pink Sheet × FX),wholesale,National,,,0.65,False,Synthetic: World Bank wheat USD × NGN/USD FX + import premium,Synthetic (World Bank/FAO × FX),historical,False,,100000.0
Wheat,2014-11-17,100000.0,NGN,NGN/MT,Historical (World Bank Pink Sheet × FX),wholesale,National,,,0.65,False,Synthetic: World Bank wheat USD × NGN/USD FX + import premium,Synthetic (World Bank/FAO × FX),historical,False,,100000.0
Wheat,2014-11-24,100000.0,NGN,NGN/MT,Historical (World Bank Pink Sheet × FX),wholesale,National,,,0.65,False,Synthetic: World Bank wheat USD × NGN/USD FX + import premium,Synthetic (World Bank/FAO × FX),historical,False,,100000.0
Wheat,2014-12-01,100000.0,NGN,NGN/MT,Historical (World Bank Pink Sheet × FX),wholesale,National,,,0.65,False,Synthetic: World Bank wheat USD × NGN/USD FX + import premium,Synthetic (World Bank/FAO × FX),historical,False,,100000.0
Wheat,2014-12-08,100000.0,NGN,NGN/MT,Historical (World Bank Pink Sheet × FX),wholesale,National,,,0.65,False,Synthetic: World Bank wheat USD × NGN/USD FX + import premium,Synthetic (World Bank/FAO × FX),historical,False,,100000.0
Wheat,2014-12-15,100000.0,NGN,NGN/MT,Historical (World Bank Pink Sheet × FX),wholesale,National,,,0.65,False,Synthetic: World Bank wheat USD × NGN/USD FX + import premium,Synthetic (World Bank/FAO × FX),historical,False,,100000.0
Wheat,2014-12-22,100000.0,NGN,NGN/MT,Historical (World Bank Pink Sheet × FX),wholesale,National,,,0.65,False,Synthetic: World Bank wheat USD × NGN/USD FX + import premium,Synthetic (World Bank/FAO × FX),historical,False,,100000.0
Wheat,2014-12-29,100000.0,NGN,NGN/MT,Historical (World Bank Pink Sheet × FX),wholesale,National,,,0.65,False,Synthetic: World Bank wheat USD × NGN/USD FX + import premium,Synthetic (World Bank/FAO × FX),historical,False,,100000.0
Wheat,2015-01-05,100000.0,NGN,NGN/MT,Historical (World Bank Pink Sheet × FX),wholesale,National,,,0.65,False,Synthetic: World Bank wheat USD × NGN/USD FX + import premium,Synthetic (World Bank/FAO × FX),historical,False,,100000.0
Wheat,2015-01-12,100000.0,NGN,NGN/MT,Historical (World Bank Pink Sheet × FX),wholesale,National,,,0.65,False,Synthetic: World Bank wheat USD × NGN/USD FX + import premium,Synthetic (World Bank/FAO × FX),historical,False,,100000.0
Wheat,2015-01-19,100000.0,NGN,NGN/MT,Historical (World Bank Pink Sheet × FX),wholesale,National,,,0.65,False,Synthetic: World Bank wheat USD × NGN/USD FX + import premium,Synthetic (World Bank/FAO × FX),historical,False,,100000.0
Wheat,2015-01-26,100000.0,NGN,NGN/MT,Historical (World Bank Pink Sheet × FX),wholesale,National,,,0.65,False,Synthetic: World Bank wheat USD × NGN/USD FX + import premium,Synthetic (World Bank/FAO × FX),historical,False,,100000.0
Wheat,2015-02-02,100000.0,NGN,NGN/MT,Historical (World Bank Pink Sheet × FX),wholesale,National,,,0.65,False,Synthetic: World Bank wheat USD × NGN/USD FX + import premium,Synthetic (World Bank/FAO × FX),historical,False,,100000.0
Wheat,2015-02-09,100000.0,NGN,NGN/MT,Historical (World Bank Pink Sheet × FX),wholesale,National,,,0.65,False,Synthetic: World Bank wheat USD × NGN/USD FX + import premium,Synthetic (World Bank/FAO × FX),historical,False,,100000.0
Wheat,2015-02-16,100000.0,NGN,NGN/MT,Historical (World Bank Pink Sheet × FX),wholesale,National,,,0.65,False,Synthetic: World Bank wheat USD × NGN/USD FX + import premium,Synthetic (World Bank/FAO × FX),historical,False,,100000.0
Wheat,2015-02-23,100000.0,NGN,NGN/MT,Historical (World Bank Pink Sheet × FX),wholesale,National,,,0.65,False,Synthetic: World Bank wheat USD × NGN/USD FX + import premium,Synthetic (World Bank/FAO × FX),historical,False,,100000.0
Wheat,2015-03-02,100000.0,NGN,NGN/MT,Historical (World Bank Pink Sheet × FX),wholesale,National,,,0.65,False,Synthetic: World Bank wheat USD × NGN/USD FX + import premium,Synthetic (World Bank/FAO × FX),historical,False,,100000.0
Wheat,2015-03-09,100000.0,NGN,NGN/MT,Historical (World Bank Pink Sheet × FX),wholesale,National,,,0.65,False,Synthetic: World Bank wheat USD × NGN/USD FX + import premium,Synthetic (World Bank/FAO × FX),historical,False,,100000.0
Wheat,2015-03-16,100000.0,NGN,NGN/MT,Historical (World Bank Pink Sheet × FX),wholesale,National,,,0.65,False,Synthetic: World Bank wheat USD × NGN/USD FX + import premium,Synthetic (World Bank/FAO × FX),historical,False,,100000.0
Wheat,2015-03-23,100000.0,NGN,NGN/MT,Historical (World Bank Pink Sheet × FX),wholesale,National,,,0.65,False,Synthetic: World Bank wheat USD × NGN/USD FX + import premium,Synthetic (World Bank/FAO × FX),historical,False,,100000.0
Wheat,2015-03-30,100000.0,NGN,NGN/MT,Historical (World Bank Pink Sheet × FX),wholesale,National,,,0.65,False,Synthetic: World Bank wheat USD × NGN/USD FX + import premium,Synthetic (World Bank/FAO × FX),historical,False,,100000.0
Wheat,2015-04-06,100000.0,NGN,NGN/MT,Historical (World Bank Pink Sheet × FX),wholesale,National,,,0.65,False,Synthetic: World Bank wheat USD × NGN/USD FX + import premium,Synthetic (World Bank/FAO × FX),historical,False,,100000.0
Wheat,2015-04-13,100000.0,NGN,NGN/MT,Historical (World Bank Pink Sheet × FX),wholesale,National,,,0.65,False,Synthetic: World Bank wheat USD × NGN/USD FX + import premium,Synthetic (World Bank/FAO × FX),historical,False,,100000.0
Wheat,2015-04-20,100000.0,NGN,NGN/MT,Historical (World Bank Pink Sheet × FX),wholesale,National,,,0.65,False,Synthetic: World Bank wheat USD × NGN/USD FX + import premium,Synthetic (World Bank/FAO × FX),historical,False,,100000.0
Wheat,2015-04-27,100000.0,NGN,NGN/MT,Historical (World Bank Pink Sheet × FX),wholesale,National,,,0.65,False,Synthetic: World Bank wheat USD × NGN/USD FX + import premium,Synthetic (World Bank/FAO × FX),historical,False,,100000.0
Wheat,2015-05-04,100000.0,NGN,NGN/MT,Historical (World Bank Pink Sheet × FX),wholesale,National,,,0.65,False,Synthetic: World Bank wheat USD × NGN/USD FX + import premium,Synthetic (World Bank/FAO × FX),historical,False,,100000.0
Wheat,2015-05-11,100000.0,NGN,NGN/MT,Historical (World Bank Pink Sheet × FX),wholesale,National,,,0.65,False,Synthetic: World Bank wheat USD × NGN/USD FX + import premium,Synthetic (World Bank/FAO × FX),historical,False,,100000.0
Wheat,2015-05-18,100000.0,NGN,NGN/MT,Historical (World Bank Pink Sheet × FX),wholesale,National,,,0.65,False,Synthetic: World Bank wheat USD × NGN/USD FX + import premium,Synthetic (World Bank/FAO × FX),historical,False,,100000.0
Wheat,2015-05-25,100000.0,NGN,NGN/MT,Historical (World Bank Pink Sheet × FX),wholesale,National,,,0.65,False,Synthetic: World Bank wheat USD × NGN/USD FX + import premium,Synthetic (World Bank/FAO × FX),historical,False,,100000.0
Wheat,2015-06-01,100000.0,NGN,NGN/MT,Historical (World Bank Pink Sheet × FX),wholesale,National,,,0.65,False,Synthetic: World Bank wheat USD × NGN/USD FX + import premium,Synthetic (World Bank/FAO × FX),historical,False,,100000.0
Wheat,2015-06-08,100000.0,NGN,NGN/MT,Historical (World Bank Pink Sheet × FX),wholesale,National,,,0.65,False,Synthetic: World Bank wheat USD × NGN/USD FX + import premium,Synthetic (World Bank/FAO × FX),historical,False,,100000.0
Wheat,2015-06-15,100000.0,NGN,NGN/MT,Historical (World Bank Pink Sheet × FX),wholesale,National,,,0.65,False,Synthetic: World Bank wheat USD × NGN/USD FX + import premium,Synthetic (World Bank/FAO × FX),historical,False,,100000.0
Wheat,2015-06-22,100000.0,NGN,NGN/MT,Historical (World Bank Pink Sheet × FX),wholesale,National,,,0.65,False,Synthetic: World Bank wheat USD × NGN/USD FX + import premium,Synthetic (World Bank/FAO × FX),historical,False,,100000.0
Wheat,2015-06-29,100000.0,NGN,NGN/MT,Historical (World Bank Pink Sheet × FX),wholesale,National,,,0.65,False,Synthetic: World Bank wheat USD × NGN/USD FX + import premium,Synthetic (World Bank/FAO × FX),historical,False,,100000.0
Wheat,2015-07-06,100000.0,NGN,NGN/MT,Historical (World Bank Pink Sheet × FX),wholesale,National,,,0.65,False,Synthetic: World Bank wheat USD × NGN/USD FX + import premium,Synthetic (World Bank/FAO × FX),historical,False,,100000.0
Wheat,2015-07-13,100000.0,NGN,NGN/MT,Historical (World Bank Pink Sheet × FX),wholesale,National,,,0.65,False,Synthetic: World Bank wheat USD × NGN/USD FX + import premium,Synthetic (World Bank/FAO × FX),historical,False,,100000.0
Wheat,2015-07-20,100000.0,NGN,NGN/MT,Historical (World Bank Pink Sheet × FX),wholesale,National,,,0.65,False,Synthetic: World Bank wheat USD × NGN/USD FX + import premium,Synthetic (World Bank/FAO × FX),historical,False,,100000.0
Wheat,2015-07-27,100000.0,NGN,NGN/MT,Historical (World Bank Pink Sheet × FX),wholesale,National,,,0.65,False,Synthetic: World Bank wheat USD × NGN/USD FX + import premium,Synthetic (World Bank/FAO × FX),historical,False,,100000.0
Wheat,2015-08-03,100000.0,NGN,NGN/MT,Historical (World Bank Pink Sheet × FX),wholesale,National,,,0.65,False,Synthetic: World Bank wheat USD × NGN/USD FX + import premium,Synthetic (World Bank/FAO × FX),historical,False,,100000.0
Wheat,2015-08-10,100000.0,NGN,NGN/MT,Historical (World Bank Pink Sheet × FX),wholesale,National,,,0.65,False,Synthetic: World Bank wheat USD × NGN/USD FX + import premium,Synthetic (World Bank/FAO × FX),historical,False,,100000.0
Wheat,2015-08-17,100000.0,NGN,NGN/MT,Historical (World Bank Pink Sheet × FX),wholesale,National,,,0.65,False,Synthetic: World Bank wheat USD × NGN/USD FX + import premium,Synthetic (World Bank/FAO × FX),historical,False,,100000.0
Wheat,2015-08-24,100000.0,NGN,NGN/MT,Historical (World Bank Pink Sheet × FX),wholesale,National,,,0.65,False,Synthetic: World Bank wheat USD × NGN/USD FX + import premium,Synthetic (World Bank/FAO × FX),historical,False,,100000.0
Wheat,2015-08-31,100000.0,NGN,NGN/MT,Historical (World Bank Pink Sheet × FX),wholesale,National,,,0.65,False,Synthetic: World Bank wheat USD × NGN/USD FX + import premium,Synthetic (World Bank/FAO × FX),historical,False,,100000.0
Wheat,2015-09-07,100000.0,NGN,NGN/MT,Historical (World Bank Pink Sheet × FX),wholesale,National,,,0.65,False,Synthetic: World Bank wheat USD × NGN/USD FX + import premium,Synthetic (World Bank/FAO × FX),historical,False,,100000.0
Wheat,2015-09-14,100000.0,NGN,NGN/MT,Historical (World Bank Pink Sheet × FX),wholesale,National,,,0.65,False,Synthetic: World Bank wheat USD × NGN/USD FX + import premium,Synthetic (World Bank/FAO × FX),historical,False,,100000.0
Wheat,2015-09-21,100000.0,NGN,NGN/MT,Historical (World Bank Pink Sheet × FX),wholesale,National,,,0.65,False,Synthetic: World Bank wheat USD × NGN/USD FX + import premium,Synthetic (World Bank/FAO × FX),historical,False,,100000.0
Wheat,2015-09-28,100000.0,NGN,NGN/MT,Historical (World Bank Pink Sheet × FX),wholesale,National,,,0.65,False,Synthetic: World Bank wheat USD × NGN/USD FX + import premium,Synthetic (World Bank/FAO × FX),historical,False,,100000.0
Wheat,2015-10-05,100000.0,NGN,NGN/MT,Historical (World Bank Pink Sheet × FX),wholesale,National,,,0.65,False,Synthetic: World Bank wheat USD × NGN/USD FX + import premium,Synthetic (World Bank/FAO × FX),historical,False,,100000.0
Wheat,2015-10-12,100000.0,NGN,NGN/MT,Historical (World Bank Pink Sheet × FX),wholesale,National,,,0.65,False,Synthetic: World Bank wheat USD × NGN/USD FX + import premium,Synthetic (World Bank/FAO × FX),historical,False,,100000.0
Wheat,2015-10-19,100000.0,NGN,NGN/MT,Historical (World Bank Pink Sheet × FX),wholesale,National,,,0.65,False,Synthetic: World Bank wheat USD × NGN/USD FX + import premium,Synthetic (World Bank/FAO × FX),historical,False,,100000.0
Wheat,2015-10-26,100000.0,NGN,NGN/MT,Historical (World Bank Pink Sheet × FX),wholesale,National,,,0.65,False,Synthetic: World Bank wheat USD × NGN/USD FX + import premium,Synthetic (World Bank/FAO × FX),historical,False,,100000.0
Wheat,2015-11-02,100000.0,NGN,NGN/MT,Historical (World Bank Pink Sheet × FX),wholesale,National,,,0.65,False,Synthetic: World Bank wheat USD × NGN/USD FX + import premium,Synthetic (World Bank/FAO × FX),historical,False,,100000.0
Wheat,2015-11-09,100000.0,NGN,NGN/MT,Historical (World Bank Pink Sheet × FX),wholesale,National,,,0.65,False,Synthetic: World Bank wheat USD × NGN/USD FX + import premium,Synthetic (World Bank/FAO × FX),historical,False,,100000.0
Wheat,2015-11-16,100000.0,NGN,NGN/MT,Historical (World Bank Pink Sheet × FX),wholesale,National,,,0.65,False,Synthetic: World Bank wheat USD × NGN/USD FX + import premium,Synthetic (World Bank/FAO × FX),historical,False,,100000.0
Wheat,2015-11-23,100000.0,NGN,NGN/MT,Historical (World Bank Pink Sheet × FX),wholesale,National,,,0.65,False,Synthetic: World Bank wheat USD × NGN/USD FX + import premium,Synthetic (World Bank/FAO × FX),historical,False,,100000.0
Wheat,2015-11-30,100000.0,NGN,NGN/MT,Historical (World Bank Pink Sheet × FX),wholesale,National,,,0.65,False,Synthetic: World Bank wheat USD × NGN/USD FX + import premium,Synthetic (World Bank/FAO × FX),historical,False,,100000.0
Wheat,2015-12-07,100000.0,NGN,NGN/MT,Historical (World Bank Pink Sheet × FX),wholesale,National,,,0.65,False,Synthetic: World Bank wheat USD × NGN/USD FX + import premium,Synthetic (World Bank/FAO × FX),historical,False,,100000.0
Wheat,2015-12-14,100000.0,NGN,NGN/MT,Historical (World Bank Pink Sheet × FX),wholesale,National,,,0.65,False,Synthetic: World Bank wheat USD × NGN/USD FX + import premium,Synthetic (World Bank/FAO × FX),historical,False,,100000.0
Wheat,2015-12-21,100000.0,NGN,NGN/MT,Historical (World Bank Pink Sheet × FX),wholesale,National,,,0.65,False,Synthetic: World Bank wheat USD × NGN/USD FX + import premium,Synthetic (World Bank/FAO × FX),historical,False,,100000.0
Wheat,2015-12-28,100000.0,NGN,NGN/MT,Historical (World Bank Pink Sheet × FX),wholesale,National,,,0.65,False,Synthetic: World Bank wheat USD × NGN/USD FX + import premium,Synthetic (World Bank/FAO × FX),historical,False,,100000.0
Wheat,2016-01-04,100000.0,NGN,NGN/MT,Historical (World Bank Pink Sheet × FX),wholesale,National,,,0.65,False,Synthetic: World Bank wheat USD × NGN/USD FX + import premium,Synthetic (World Bank/FAO × FX),historical,False,,100000.0
Wheat,2016-01-11,100000.0,NGN,NGN/MT,Historical (World Bank Pink Sheet × FX),wholesale,National,,,0.65,False,Synthetic: World Bank wheat USD × NGN/USD FX + import premium,Synthetic (World Bank/FAO × FX),historical,False,,100000.0
Wheat,2016-01-18,100000.0,NGN,NGN/MT,Historical (World Bank Pink Sheet × FX),wholesale,National,,,0.65,False,Synthetic: World Bank wheat USD × NGN/USD FX + import premium,Synthetic (World Bank/FAO × FX),historical,False,,100000.0
Wheat,2016-01-25,100000.0,NGN,NGN/MT,Historical (World Bank Pink Sheet × FX),wholesale,National,,,0.65,False,Synthetic: World Bank wheat USD × NGN/USD FX + import premium,Synthetic (World Bank/FAO × FX),historical,False,,100000.0
Wheat,2016-02-01,100000.0,NGN,NGN/MT,Historical (World Bank Pink Sheet × FX),wholesale,National,,,0.65,False,Synthetic: World Bank wheat USD × NGN/USD FX + import premium,Synthetic (World Bank/FAO × FX),historical,False,,100000.0
Wheat,2016-02-08,100000.0,NGN,NGN/MT,Historical (World Bank Pink Sheet × FX),wholesale,National,,,0.65,False,Synthetic: World Bank wheat USD × NGN/USD FX + import premium,Synthetic (World Bank/FAO × FX),historical,False,,100000.0
Wheat,2016-02-15,100000.0,NGN,NGN/MT,Historical (World Bank Pink Sheet × FX),wholesale,National,,,0.65,False,Synthetic: World Bank wheat USD × NGN/USD FX + import premium,Synthetic (World Bank/FAO × FX),historical,False,,100000.0
Wheat,2016-02-22,100000.0,NGN,NGN/MT,Historical (World Bank Pink Sheet × FX),wholesale,National,,,0.65,False,Synthetic: World Bank wheat USD × NGN/USD FX + import premium,Synthetic (World Bank/FAO × FX),historical,False,,100000.0
Wheat,2016-02-29,100000.0,NGN,NGN/MT,Historical (World Bank Pink Sheet × FX),wholesale,National,,,0.65,False,Synthetic: World Bank wheat USD × NGN/USD FX + import premium,Synthetic (World Bank/FAO × FX),historical,False,,100000.0
Wheat,2016-03-07,100000.0,NGN,NGN/MT,Historical (World Bank Pink Sheet × FX),wholesale,National,,,0.65,False,Synthetic: World Bank wheat USD × NGN/USD FX + import premium,Synthetic (World Bank/FAO × FX),historical,False,,100000.0
Wheat,2016-03-14,100000.0,NGN,NGN/MT,Historical (World Bank Pink Sheet × FX),wholesale,National,,,0.65,False,Synthetic: World Bank wheat USD × NGN/USD FX + import premium,Synthetic (World Bank/FAO × FX),historical,False,,100000.0
Wheat,2016-03-21,100000.0,NGN,NGN/MT,Historical (World Bank Pink Sheet × FX),wholesale,National,,,0.65,False,Synthetic: World Bank wheat USD × NGN/USD FX + import premium,Synthetic (World Bank/FAO × FX),historical,False,,100000.0
Wheat,2016-03-28,100000.0,NGN,NGN/MT,Historical (World Bank Pink Sheet × FX),wholesale,National,,,0.65,False,Synthetic: World Bank wheat USD × NGN/USD FX + import premium,Synthetic (World Bank/FAO × FX),historical,False,,100000.0
Wheat,2016-04-04,100000.0,NGN,NGN/MT,Historical (World Bank Pink Sheet × FX),wholesale,National,,,0.65,False,Synthetic: World Bank wheat USD × NGN/USD FX + import premium,Synthetic (World Bank/FAO × FX),historical,False,,100000.0
Wheat,2016-04-11,100000.0,NGN,NGN/MT,Historical (World Bank Pink Sheet × FX),wholesale,National,,,0.65,False,Synthetic: World Bank wheat USD × NGN/USD FX + import premium,Synthetic (World Bank/FAO × FX),historical,False,,100000.0
Wheat,2016-04-18,100000.0,NGN,NGN/MT,Historical (World Bank Pink Sheet × FX),wholesale,National,,,0.65,False,Synthetic: World Bank wheat USD × NGN/USD FX + import premium,Synthetic (World Bank/FAO × FX),historical,False,,100000.0
Wheat,2016-04-25,100000.0,NGN,NGN/MT,Historical (World Bank Pink Sheet × FX),wholesale,National,,,0.65,False,Synthetic: World Bank wheat USD × NGN/USD FX + import premium,Synthetic (World Bank/FAO × FX),historical,False,,100000.0
Wheat,2016-05-02,100000.0,NGN,NGN/MT,Historical (World Bank Pink Sheet × FX),wholesale,National,,,0.65,False,Synthetic: World Bank wheat USD × NGN/USD FX + import premium,Synthetic (World Bank/FAO × FX),historical,False,,100000.0
Wheat,2016-05-09,100000.0,NGN,NGN/MT,Historical (World Bank Pink Sheet × FX),wholesale,National,,,0.65,False,Synthetic: World Bank wheat USD × NGN/USD FX + import premium,Synthetic (World Bank/FAO × FX),historical,False,,100000.0
Wheat,2016-05-16,100000.0,NGN,NGN/MT,Historical (World Bank Pink Sheet × FX),wholesale,National,,,0.65,False,Synthetic: World Bank wheat USD × NGN/USD FX + import premium,Synthetic (World Bank/FAO × FX),historical,False,,100000.0
Wheat,2016-05-23,100000.0,NGN,NGN/MT,Historical (World Bank Pink Sheet × FX),wholesale,National,,,0.65,False,Synthetic: World Bank wheat USD × NGN/USD FX + import premium,Synthetic (World Bank/FAO × FX),historical,False,,100000.0
Wheat,2016-05-30,100000.0,NGN,NGN/MT,Historical (World Bank Pink Sheet × FX),wholesale,National,,,0.65,False,Synthetic: World Bank wheat USD × NGN/USD FX + import premium,Synthetic (World Bank/FAO × FX),historical,False,,100000.0
Wheat,2016-06-06,100000.0,NGN,NGN/MT,Historical (World Bank Pink Sheet × FX),wholesale,National,,,0.65,False,Synthetic: World Bank wheat USD × NGN/USD FX + import premium,Synthetic (World Bank/FAO × FX),historical,False,,100000.0
Wheat,2016-06-13,100000.0,NGN,NGN/MT,Historical (World Bank Pink Sheet × FX),wholesale,National,,,0.65,False,Synthetic: World Bank wheat USD × NGN/USD FX + import premium,Synthetic (World Bank/FAO × FX),historical,False,,100000.0
Wheat,2016-06-20,100000.0,NGN,NGN/MT,Historical (World Bank Pink Sheet × FX),wholesale,National,,,0.65,False,Synthetic: World Bank wheat USD × NGN/USD FX + import premium,Synthetic (World Bank/FAO × FX),historical,False,,100000.0
Wheat,2016-06-27,100000.0,NGN,NGN/MT,Historical (World Bank Pink Sheet × FX),wholesale,National,,,0.65,False,Synthetic: World Bank wheat USD × NGN/USD FX + import premium,Synthetic (World Bank/FAO × FX),historical,False,,100000.0
Wheat,2016-07-04,100000.0,NGN,NGN/MT,Historical (World Bank Pink Sheet × FX),wholesale,National,,,0.65,False,Synthetic: World Bank wheat USD × NGN/USD FX + import premium,Synthetic (World Bank/FAO × FX),historical,False,,100000.0
Wheat,2016-07-11,100000.0,NGN,NGN/MT,Historical (World Bank Pink Sheet × FX),wholesale,National,,,0.65,False,Synthetic: World Bank wheat USD × NGN/USD FX + import premium,Synthetic (World Bank/FAO × FX),historical,False,,100000.0
Wheat,2016-07-18,100000.0,NGN,NGN/MT,Historical (World Bank Pink Sheet × FX),wholesale,National,,,0.65,False,Synthetic: World Bank wheat USD × NGN/USD FX + import premium,Synthetic (World Bank/FAO × FX),historical,False,,100000.0
Wheat,2016-07-25,100000.0,NGN,NGN/MT,Historical (World Bank Pink Sheet × FX),wholesale,National,,,0.65,False,Synthetic: World Bank wheat USD × NGN/USD FX + import premium,Synthetic (World Bank/FAO × FX),historical,False,,100000.0
Wheat,2016-08-01,100000.0,NGN,NGN/MT,Historical (World Bank Pink Sheet × FX),wholesale,National,,,0.65,False,Synthetic: World Bank wheat USD × NGN/USD FX + import premium,Synthetic (World Bank/FAO × FX),historical,False,,100000.0
Wheat,2016-08-08,100000.0,NGN,NGN/MT,Historical (World Bank Pink Sheet × FX),wholesale,National,,,0.65,False,Synthetic: World Bank wheat USD × NGN/USD FX + import premium,Synthetic (World Bank/FAO × FX),historical,False,,100000.0
Wheat,2016-08-15,100000.0,NGN,NGN/MT,Historical (World Bank Pink Sheet × FX),wholesale,National,,,0.65,False,Synthetic: World Bank wheat USD × NGN/USD FX + import premium,Synthetic (World Bank/FAO × FX),historical,False,,100000.0
Wheat,2016-08-22,100000.0,NGN,NGN/MT,Historical (World Bank Pink Sheet × FX),wholesale,National,,,0.65,False,Synthetic: World Bank wheat USD × NGN/USD FX + import premium,Synthetic (World Bank/FAO × FX),historical,False,,100000.0
Wheat,2016-08-29,100000.0,NGN,NGN/MT,Historical (World Bank Pink Sheet × FX),wholesale,National,,,0.65,False,Synthetic: World Bank wheat USD × NGN/USD FX + import premium,Synthetic (World Bank/FAO × FX),historical,False,,100000.0
Wheat,2016-09-05,100000.0,NGN,NGN/MT,Historical (World Bank Pink Sheet × FX),wholesale,National,,,0.65,False,Synthetic: World Bank wheat USD × NGN/USD FX + import premium,Synthetic (World Bank/FAO × FX),historical,False,,100000.0
Wheat,2016-09-12,100000.0,NGN,NGN/MT,Historical (World Bank Pink Sheet × FX),wholesale,National,,,0.65,False,Synthetic: World Bank wheat USD × NGN/USD FX + import premium,Synthetic (World Bank/FAO × FX),historical,False,,100000.0
Wheat,2016-09-19,100000.0,NGN,NGN/MT,Historical (World Bank Pink Sheet × FX),wholesale,National,,,0.65,False,Synthetic: World Bank wheat USD × NGN/USD FX + import premium,Synthetic (World Bank/FAO × FX),historical,False,,100000.0
Wheat,2016-09-26,100000.0,NGN,NGN/MT,Historical (World Bank Pink Sheet × FX),wholesale,National,,,0.65,False,Synthetic: World Bank wheat USD × NGN/USD FX + import premium,Synthetic (World Bank/FAO × FX),historical,False,,100000.0
Wheat,2016-10-03,100000.0,NGN,NGN/MT,Historical (World Bank Pink Sheet × FX),wholesale,National,,,0.65,False,Synthetic: World Bank wheat USD × NGN/USD FX + import premium,Synthetic (World Bank/FAO × FX),historical,False,,100000.0
Wheat,2016-10-10,100000.0,NGN,NGN/MT,Historical (World Bank Pink Sheet × FX),wholesale,National,,,0.65,False,Synthetic: World Bank wheat USD × NGN/USD FX + import premium,Synthetic (World Bank/FAO × FX),historical,False,,100000.0
Wheat,2016-10-17,100000.0,NGN,NGN/MT,Historical (World Bank Pink Sheet × FX),wholesale,National,,,0.65,False,Synthetic: World Bank wheat USD × NGN/USD FX + import premium,Synthetic (World Bank/FAO × FX),historical,False,,100000.0
Wheat,2016-10-24,100000.0,NGN,NGN/MT,Historical (World Bank Pink Sheet × FX),wholesale,National,,,0.65,False,Synthetic: World Bank wheat USD × NGN/USD FX + import premium,Synthetic (World Bank/FAO × FX),historical,False,,100000.0
Wheat,2016-10-31,100000.0,NGN,NGN/MT,Historical (World Bank Pink Sheet × FX),wholesale,National,,,0.65,False,Synthetic: World Bank wheat USD × NGN/USD FX + import premium,Synthetic (World Bank/FAO × FX),historical,False,,100000.0
Wheat,2016-11-07,100000.0,NGN,NGN/MT,Historical (World Bank Pink Sheet × FX),wholesale,National,,,0.65,False,Synthetic: World Bank wheat USD × NGN/USD FX + import premium,Synthetic (World Bank/FAO × FX),historical,False,,100000.0
Wheat,2016-11-14,100000.0,NGN,NGN/MT,Historical (World Bank Pink Sheet × FX),wholesale,National,,,0.65,False,Synthetic: World Bank wheat USD × NGN/USD FX + import premium,Synthetic (World Bank/FAO × FX),historical,False,,100000.0
Wheat,2016-11-21,100000.0,NGN,NGN/MT,Historical (World Bank Pink Sheet × FX),wholesale,National,,,0.65,False,Synthetic: World Bank wheat USD × NGN/USD FX + import premium,Synthetic (World Bank/FAO × FX),historical,False,,100000.0
Wheat,2016-11-28,100000.0,NGN,NGN/MT,Historical (World Bank Pink Sheet × FX),wholesale,National,,,0.65,False,Synthetic: World Bank wheat USD × NGN/USD FX + import premium,Synthetic (World Bank/FAO × FX),historical,False,,100000.0
Wheat,2016-12-05,100000.0,NGN,NGN/MT,Historical (World Bank Pink Sheet × FX),wholesale,National,,,0.65,False,Synthetic: World Bank wheat USD × NGN/USD FX + import premium,Synthetic (World Bank/FAO × FX),historical,False,,100000.0
Wheat,2016-12-12,100000.0,NGN,NGN/MT,Historical (World Bank Pink Sheet × FX),wholesale,National,,,0.65,False,Synthetic: World Bank wheat USD × NGN/USD FX + import premium,Synthetic (World Bank/FAO × FX),historical,False,,100000.0
Wheat,2016-12-19,100000.0,NGN,NGN/MT,Historical (World Bank Pink Sheet × FX),wholesale,National,,,0.65,False,Synthetic: World Bank wheat USD × NGN/USD FX + import premium,Synthetic (World Bank/FAO × FX),historical,False,,100000.0
Wheat,2016-12-26,100000.0,NGN,NGN/MT,Historical (World Bank Pink Sheet × FX),wholesale,National,,,0.65,False,Synthetic: World Bank wheat USD × NGN/USD FX + import premium,Synthetic (World Bank/FAO × FX),historical,False,,100000.0
Wheat,2017-01-02,100000.0,NGN,NGN/MT,Historical (World Bank Pink Sheet × FX),wholesale,National,,,0.65,False,Synthetic: World Bank wheat USD × NGN/USD FX + import premium,Synthetic (World Bank/FAO × FX),historical,False,,100000.0
Wheat,2017-01-09,100000.0,NGN,NGN/MT,Historical (World Bank Pink Sheet × FX),wholesale,National,,,0.65,False,Synthetic: World Bank wheat USD × NGN/USD FX + import premium,Synthetic (World Bank/FAO × FX),historical,False,,100000.0
Wheat,2017-01-16,100000.0,NGN,NGN/MT,Historical (World Bank Pink Sheet × FX),wholesale,National,,,0.65,False,Synthetic: World Bank wheat USD × NGN/USD FX + import premium,Synthetic (World Bank/FAO × FX),historical,False,,100000.0
Wheat,2017-01-23,100000.0,NGN,NGN/MT,Historical (World Bank Pink Sheet × FX),wholesale,National,,,0.65,False,Synthetic: World Bank wheat USD × NGN/USD FX + import premium,Synthetic (World Bank/FAO × FX),historical,False,,100000.0
Wheat,2017-01-30,100000.0,NGN,NGN/MT,Historical (World Bank Pink Sheet × FX),wholesale,National,,,0.65,False,Synthetic: World Bank wheat USD × NGN/USD FX + import premium,Synthetic (World Bank/FAO × FX),historical,False,,100000.0
Wheat,2017-02-06,100000.0,NGN,NGN/MT,Historical (World Bank Pink Sheet × FX),wholesale,National,,,0.65,False,Synthetic: World Bank wheat USD × NGN/USD FX + import premium,Synthetic (World Bank/FAO × FX),historical,False,,100000.0
Wheat,2017-02-13,100000.0,NGN,NGN/MT,Historical (World Bank Pink Sheet × FX),wholesale,National,,,0.65,False,Synthetic: World Bank wheat USD × NGN/USD FX + import premium,Synthetic (World Bank/FAO × FX),historical,False,,100000.0
Wheat,2017-02-20,100000.0,NGN,NGN/MT,Historical (World Bank Pink Sheet × FX),wholesale,National,,,0.65,False,Synthetic: World Bank wheat USD × NGN/USD FX + import premium,Synthetic (World Bank/FAO × FX),historical,False,,100000.0
Wheat,2017-02-27,100000.0,NGN,NGN/MT,Historical (World Bank Pink Sheet × FX),wholesale,National,,,0.65,False,Synthetic: World Bank wheat USD × NGN/USD FX + import premium,Synthetic (World Bank/FAO × FX),historical,False,,100000.0
Wheat,2017-03-06,100000.0,NGN,NGN/MT,Historical (World Bank Pink Sheet × FX),wholesale,National,,,0.65,False,Synthetic: World Bank wheat USD × NGN/USD FX + import premium,Synthetic (World Bank/FAO × FX),historical,False,,100000.0
Wheat,2017-03-13,100000.0,NGN,NGN/MT,Historical (World Bank Pink Sheet × FX),wholesale,National,,,0.65,False,Synthetic: World Bank wheat USD × NGN/USD FX + import premium,Synthetic (World Bank/FAO × FX),historical,False,,100000.0
Wheat,2017-03-20,100000.0,NGN,NGN/MT,Historical (World Bank Pink Sheet × FX),wholesale,National,,,0.65,False,Synthetic: World Bank wheat USD × NGN/USD FX + import premium,Synthetic (World Bank/FAO × FX),historical,False,,100000.0
Wheat,2017-03-27,100000.0,NGN,NGN/MT,Historical (World Bank Pink Sheet × FX),wholesale,National,,,0.65,False,Synthetic: World Bank wheat USD × NGN/USD FX + import premium,Synthetic (World Bank/FAO × FX),historical,False,,100000.0
Wheat,2017-04-03,100000.0,NGN,NGN/MT,Historical (World Bank Pink Sheet × FX),wholesale,National,,,0.65,False,Synthetic: World Bank wheat USD × NGN/USD FX + import premium,Synthetic (World Bank/FAO × FX),historical,False,,100000.0
Wheat,2017-04-10,100000.0,NGN,NGN/MT,Historical (World Bank Pink Sheet × FX),wholesale,National,,,0.65,False,Synthetic: World Bank wheat USD × NGN/USD FX + import premium,Synthetic (World Bank/FAO × FX),historical,False,,100000.0
Wheat,2017-04-17,100000.0,NGN,NGN/MT,Historical (World Bank Pink Sheet × FX),wholesale,National,,,0.65,False,Synthetic: World Bank wheat USD × NGN/USD FX + import premium,Synthetic (World Bank/FAO × FX),historical,False,,100000.0
Wheat,2017-04-24,100000.0,NGN,NGN/MT,Historical (World Bank Pink Sheet × FX),wholesale,National,,,0.65,False,Synthetic: World Bank wheat USD × NGN/USD FX + import premium,Synthetic (World Bank/FAO × FX),historical,False,,100000.0
Wheat,2017-05-01,100000.0,NGN,NGN/MT,Historical (World Bank Pink Sheet × FX),wholesale,National,,,0.65,False,Synthetic: World Bank wheat USD × NGN/USD FX + import premium,Synthetic (World Bank/FAO × FX),historical,False,,100000.0
Wheat,2017-05-08,100000.0,NGN,NGN/MT,Historical (World Bank Pink Sheet × FX),wholesale,National,,,0.65,False,Synthetic: World Bank wheat USD × NGN/USD FX + import premium,Synthetic (World Bank/FAO × FX),historical,False,,100000.0
Wheat,2017-05-15,100000.0,NGN,NGN/MT,Historical (World Bank Pink Sheet × FX),wholesale,National,,,0.65,False,Synthetic: World Bank wheat USD × NGN/USD FX + import premium,Synthetic (World Bank/FAO × FX),historical,False,,100000.0
Wheat,2017-05-22,100000.0,NGN,NGN/MT,Historical (World Bank Pink Sheet × FX),wholesale,National,,,0.65,False,Synthetic: World Bank wheat USD × NGN/USD FX + import premium,Synthetic (World Bank/FAO × FX),historical,False,,100000.0
Wheat,2017-05-29,100000.0,NGN,NGN/MT,Historical (World Bank Pink Sheet × FX),wholesale,National,,,0.65,False,Synthetic: World Bank wheat USD × NGN/USD FX + import premium,Synthetic (World Bank/FAO × FX),historical,False,,100000.0
Wheat,2017-06-05,100000.0,NGN,NGN/MT,Historical (World Bank Pink Sheet × FX),wholesale,National,,,0.65,False,Synthetic: World Bank wheat USD × NGN/USD FX + import premium,Synthetic (World Bank/FAO × FX),historical,False,,100000.0
Wheat,2017-06-12,100000.0,NGN,NGN/MT,Historical (World Bank Pink Sheet × FX),wholesale,National,,,0.65,False,Synthetic: World Bank wheat USD × NGN/USD FX + import premium,Synthetic (World Bank/FAO × FX),historical,False,,100000.0
Wheat,2017-06-19,100000.0,NGN,NGN/MT,Historical (World Bank Pink Sheet × FX),wholesale,National,,,0.65,False,Synthetic: World Bank wheat USD × NGN/USD FX + import premium,Synthetic (World Bank/FAO × FX),historical,False,,100000.0
Wheat,2017-06-26,100000.0,NGN,NGN/MT,Historical (World Bank Pink Sheet × FX),wholesale,National,,,0.65,False,Synthetic: World Bank wheat USD × NGN/USD FX + import premium,Synthetic (World Bank/FAO × FX),historical,False,,100000.0
Wheat,2017-07-03,100000.0,NGN,NGN/MT,Historical (World Bank Pink Sheet × FX),wholesale,National,,,0.65,False,Synthetic: World Bank wheat USD × NGN/USD FX + import premium,Synthetic (World Bank/FAO × FX),historical,False,,100000.0
Wheat,2017-07-10,100000.0,NGN,NGN/MT,Historical (World Bank Pink Sheet × FX),wholesale,National,,,0.65,False,Synthetic: World Bank wheat USD × NGN/USD FX + import premium,Synthetic (World Bank/FAO × FX),historical,False,,100000.0
Wheat,2017-07-17,100000.0,NGN,NGN/MT,Historical (World Bank Pink Sheet × FX),wholesale,National,,,0.65,False,Synthetic: World Bank wheat USD × NGN/USD FX + import premium,Synthetic (World Bank/FAO × FX),historical,False,,100000.0
Wheat,2017-07-24,100000.0,NGN,NGN/MT,Historical (World Bank Pink Sheet × FX),wholesale,National,,,0.65,False,Synthetic: World Bank wheat USD × NGN/USD FX + import premium,Synthetic (World Bank/FAO × FX),historical,False,,100000.0
Wheat,2017-07-31,100000.0,NGN,NGN/MT,Historical (World Bank Pink Sheet × FX),wholesale,National,,,0.65,False,Synthetic: World Bank wheat USD × NGN/USD FX + import premium,Synthetic (World Bank/FAO × FX),historical,False,,100000.0
Wheat,2017-08-07,100000.0,NGN,NGN/MT,Historical (World Bank Pink Sheet × FX),wholesale,National,,,0.65,False,Synthetic: World Bank wheat USD × NGN/USD FX + import premium,Synthetic (World Bank/FAO × FX),historical,False,,100000.0
Wheat,2017-08-14,100000.0,NGN,NGN/MT,Historical (World Bank Pink Sheet × FX),wholesale,National,,,0.65,False,Synthetic: World Bank wheat USD × NGN/USD FX + import premium,Synthetic (World Bank/FAO × FX),historical,False,,100000.0
Wheat,2017-08-21,100000.0,NGN,NGN/MT,Historical (World Bank Pink Sheet × FX),wholesale,National,,,0.65,False,Synthetic: World Bank wheat USD × NGN/USD FX + import premium,Synthetic (World Bank/FAO × FX),historical,False,,100000.0
Wheat,2017-08-28,100000.0,NGN,NGN/MT,Historical (World Bank Pink Sheet × FX),wholesale,National,,,0.65,False,Synthetic: World Bank wheat USD × NGN/USD FX + import premium,Synthetic (World Bank/FAO × FX),historical,False,,100000.0
Wheat,2017-09-04,100000.0,NGN,NGN/MT,Historical (World Bank Pink Sheet × FX),wholesale,National,,,0.65,False,Synthetic: World Bank wheat USD × NGN/USD FX + import premium,Synthetic (World Bank/FAO × FX),historical,False,,100000.0
Wheat,2017-09-11,100000.0,NGN,NGN/MT,Historical (World Bank Pink Sheet × FX),wholesale,National,,,0.65,False,Synthetic: World Bank wheat USD × NGN/USD FX + import premium,Synthetic (World Bank/FAO × FX),historical,False,,100000.0
Wheat,2017-09-18,100000.0,NGN,NGN/MT,Historical (World Bank Pink Sheet × FX),wholesale,National,,,0.65,False,Synthetic: World Bank wheat USD × NGN/USD FX + import premium,Synthetic (World Bank/FAO × FX),historical,False,,100000.0
Wheat,2017-09-25,100000.0,NGN,NGN/MT,Historical (World Bank Pink Sheet × FX),wholesale,National,,,0.65,False,Synthetic: World Bank wheat USD × NGN/USD FX + import premium,Synthetic (World Bank/FAO × FX),historical,False,,100000.0
Wheat,2017-10-02,100000.0,NGN,NGN/MT,Historical (World Bank Pink Sheet × FX),wholesale,National,,,0.65,False,Synthetic: World Bank wheat USD × NGN/USD FX + import premium,Synthetic (World Bank/FAO × FX),historical,False,,100000.0
Wheat,2017-10-09,100000.0,NGN,NGN/MT,Historical (World Bank Pink Sheet × FX),wholesale,National,,,0.65,False,Synthetic: World Bank wheat USD × NGN/USD FX + import premium,Synthetic (World Bank/FAO × FX),historical,False,,100000.0
Wheat,2017-10-16,100000.0,NGN,NGN/MT,Historical (World Bank Pink Sheet × FX),wholesale,National,,,0.65,False,Synthetic: World Bank wheat USD × NGN/USD FX + import premium,Synthetic (World Bank/FAO × FX),historical,False,,100000.0
Wheat,2017-10-23,100000.0,NGN,NGN/MT,Historical (World Bank Pink Sheet × FX),wholesale,National,,,0.65,False,Synthetic: World Bank wheat USD × NGN/USD FX + import premium,Synthetic (World Bank/FAO × FX),historical,False,,100000.0
Wheat,2017-10-30,100000.0,NGN,NGN/MT,Historical (World Bank Pink Sheet × FX),wholesale,National,,,0.65,False,Synthetic: World Bank wheat USD × NGN/USD FX + import premium,Synthetic (World Bank/FAO × FX),historical,False,,100000.0
Wheat,2017-11-06,100000.0,NGN,NGN/MT,Historical (World Bank Pink Sheet × FX),wholesale,National,,,0.65,False,Synthetic: World Bank wheat USD × NGN/USD FX + import premium,Synthetic (World Bank/FAO × FX),historical,False,,100000.0
Wheat,2017-11-13,100000.0,NGN,NGN/MT,Historical (World Bank Pink Sheet × FX),wholesale,National,,,0.65,False,Synthetic: World Bank wheat USD × NGN/USD FX + import premium,Synthetic (World Bank/FAO × FX),historical,False,,100000.0
Wheat,2017-11-20,100000.0,NGN,NGN/MT,Historical (World Bank Pink Sheet × FX),wholesale,National,,,0.65,False,Synthetic: World Bank wheat USD × NGN/USD FX + import premium,Synthetic (World Bank/FAO × FX),historical,False,,100000.0
Wheat,2017-11-27,100000.0,NGN,NGN/MT,Historical (World Bank Pink Sheet × FX),wholesale,National,,,0.65,False,Synthetic: World Bank wheat USD × NGN/USD FX + import premium,Synthetic (World Bank/FAO × FX),historical,False,,100000.0
Wheat,2017-12-04,100000.0,NGN,NGN/MT,Historical (World Bank Pink Sheet × FX),wholesale,National,,,0.65,False,Synthetic: World Bank wheat USD × NGN/USD FX + import premium,Synthetic (World Bank/FAO × FX),historical,False,,100000.0
Wheat,2017-12-11,100000.0,NGN,NGN/MT,Historical (World Bank Pink Sheet × FX),wholesale,National,,,0.65,False,Synthetic: World Bank wheat USD × NGN/USD FX + import premium,Synthetic (World Bank/FAO × FX),historical,False,,100000.0
Wheat,2017-12-18,100000.0,NGN,NGN/MT,Historical (World Bank Pink Sheet × FX),wholesale,National,,,0.65,False,Synthetic: World Bank wheat USD × NGN/USD FX + import premium,Synthetic (World Bank/FAO × FX),historical,False,,100000.0
Wheat,2017-12-25,100000.0,NGN,NGN/MT,Historical (World Bank Pink Sheet × FX),wholesale,National,,,0.65,False,Synthetic: World Bank wheat USD × NGN/USD FX + import premium,Synthetic (World Bank/FAO × FX),historical,False,,100000.0
Wheat,2018-01-01,100000.0,NGN,NGN/MT,Historical (World Bank Pink Sheet × FX),wholesale,National,,,0.65,False,Synthetic: World Bank wheat USD × NGN/USD FX + import premium,Synthetic (World Bank/FAO × FX),historical,False,,100000.0
Wheat,2018-01-08,100000.0,NGN,NGN/MT,Historical (World Bank Pink Sheet × FX),wholesale,National,,,0.65,False,Synthetic: World Bank wheat USD × NGN/USD FX + import premium,Synthetic (World Bank/FAO × FX),historical,False,,100000.0
Wheat,2018-01-15,100000.0,NGN,NGN/MT,Historical (World Bank Pink Sheet × FX),wholesale,National,,,0.65,False,Synthetic: World Bank wheat USD × NGN/USD FX + import premium,Synthetic (World Bank/FAO × FX),historical,False,,100000.0
Wheat,2018-01-22,100000.0,NGN,NGN/MT,Historical (World Bank Pink Sheet × FX),wholesale,National,,,0.65,False,Synthetic: World Bank wheat USD × NGN/USD FX + import premium,Synthetic (World Bank/FAO × FX),historical,False,,100000.0
Wheat,2018-01-29,100000.0,NGN,NGN/MT,Historical (World Bank Pink Sheet × FX),wholesale,National,,,0.65,False,Synthetic: World Bank wheat USD × NGN/USD FX + import premium,Synthetic (World Bank/FAO × FX),historical,False,,100000.0
Wheat,2018-02-05,100000.0,NGN,NGN/MT,Historical (World Bank Pink Sheet × FX),wholesale,National,,,0.65,False,Synthetic: World Bank wheat USD × NGN/USD FX + import premium,Synthetic (World Bank/FAO × FX),historical,False,,100000.0
Wheat,2018-02-12,100000.0,NGN,NGN/MT,Historical (World Bank Pink Sheet × FX),wholesale,National,,,0.65,False,Synthetic: World Bank wheat USD × NGN/USD FX + import premium,Synthetic (World Bank/FAO × FX),historical,False,,100000.0
Wheat,2018-02-19,100000.0,NGN,NGN/MT,Historical (World Bank Pink Sheet × FX),wholesale,National,,,0.65,False,Synthetic: World Bank wheat USD × NGN/USD FX + import premium,Synthetic (World Bank/FAO × FX),historical,False,,100000.0
Wheat,2018-02-26,100000.0,NGN,NGN/MT,Historical (World Bank Pink Sheet × FX),wholesale,National,,,0.65,False,Synthetic: World Bank wheat USD × NGN/USD FX + import premium,Synthetic (World Bank/FAO × FX),historical,False,,100000.0
Wheat,2018-03-05,100000.0,NGN,NGN/MT,Historical (World Bank Pink Sheet × FX),wholesale,National,,,0.65,False,Synthetic: World Bank wheat USD × NGN/USD FX + import premium,Synthetic (World Bank/FAO × FX),historical,False,,100000.0
Wheat,2018-03-12,100000.0,NGN,NGN/MT,Historical (World Bank Pink Sheet × FX),wholesale,National,,,0.65,False,Synthetic: World Bank wheat USD × NGN/USD FX + import premium,Synthetic (World Bank/FAO × FX),historical,False,,100000.0
Wheat,2018-03-19,100000.0,NGN,NGN/MT,Historical (World Bank Pink Sheet × FX),wholesale,National,,,0.65,False,Synthetic: World Bank wheat USD × NGN/USD FX + import premium,Synthetic (World Bank/FAO × FX),historical,False,,100000.0
Wheat,2018-03-26,100000.0,NGN,NGN/MT,Historical (World Bank Pink Sheet × FX),wholesale,National,,,0.65,False,Synthetic: World Bank wheat USD × NGN/USD FX + import premium,Synthetic (World Bank/FAO × FX),historical,False,,100000.0
Wheat,2018-04-02,100000.0,NGN,NGN/MT,Historical (World Bank Pink Sheet × FX),wholesale,National,,,0.65,False,Synthetic: World Bank wheat USD × NGN/USD FX + import premium,Synthetic (World Bank/FAO × FX),historical,False,,100000.0
Wheat,2018-04-09,100000.0,NGN,NGN/MT,Historical (World Bank Pink Sheet × FX),wholesale,National,,,0.65,False,Synthetic: World Bank wheat USD × NGN/USD FX + import premium,Synthetic (World Bank/FAO × FX),historical,False,,100000.0
Wheat,2018-04-16,100000.0,NGN,NGN/MT,Historical (World Bank Pink Sheet × FX),wholesale,National,,,0.65,False,Synthetic: World Bank wheat USD × NGN/USD FX + import premium,Synthetic (World Bank/FAO × FX),historical,False,,100000.0
Wheat,2018-04-23,100000.0,NGN,NGN/MT,Historical (World Bank Pink Sheet × FX),wholesale,National,,,0.65,False,Synthetic: World Bank wheat USD × NGN/USD FX + import premium,Synthetic (World Bank/FAO × FX),historical,False,,100000.0
Wheat,2018-04-30,100000.0,NGN,NGN/MT,Historical (World Bank Pink Sheet × FX),wholesale,National,,,0.65,False,Synthetic: World Bank wheat USD × NGN/USD FX + import premium,Synthetic (World Bank/FAO × FX),historical,False,,100000.0
Wheat,2018-05-07,100000.0,NGN,NGN/MT,Historical (World Bank Pink Sheet × FX),wholesale,National,,,0.65,False,Synthetic: World Bank wheat USD × NGN/USD FX + import premium,Synthetic (World Bank/FAO × FX),historical,False,,100000.0
Wheat,2018-05-14,100000.0,NGN,NGN/MT,Historical (World Bank Pink Sheet × FX),wholesale,National,,,0.65,False,Synthetic: World Bank wheat USD × NGN/USD FX + import premium,Synthetic (World Bank/FAO × FX),historical,False,,100000.0
Wheat,2018-05-21,100000.0,NGN,NGN/MT,Historical (World Bank Pink Sheet × FX),wholesale,National,,,0.65,False,Synthetic: World Bank wheat USD × NGN/USD FX + import premium,Synthetic (World Bank/FAO × FX),historical,False,,100000.0
Wheat,2018-05-28,100000.0,NGN,NGN/MT,Historical (World Bank Pink Sheet × FX),wholesale,National,,,0.65,False,Synthetic: World Bank wheat USD × NGN/USD FX + import premium,Synthetic (World Bank/FAO × FX),historical,False,,100000.0
Wheat,2018-06-04,100000.0,NGN,NGN/MT,Historical (World Bank Pink Sheet × FX),wholesale,National,,,0.65,False,Synthetic: World Bank wheat USD × NGN/USD FX + import premium,Synthetic (World Bank/FAO × FX),historical,False,,100000.0
Wheat,2018-06-11,100000.0,NGN,NGN/MT,Historical (World Bank Pink Sheet × FX),wholesale,National,,,0.65,False,Synthetic: World Bank wheat USD × NGN/USD FX + import premium,Synthetic (World Bank/FAO × FX),historical,False,,100000.0
Wheat,2018-06-18,100000.0,NGN,NGN/MT,Historical (World Bank Pink Sheet × FX),wholesale,National,,,0.65,False,Synthetic: World Bank wheat USD × NGN/USD FX + import premium,Synthetic (World Bank/FAO × FX),historical,False,,100000.0
Wheat,2018-06-25,100000.0,NGN,NGN/MT,Historical (World Bank Pink Sheet × FX),wholesale,National,,,0.65,False,Synthetic: World Bank wheat USD × NGN/USD FX + import premium,Synthetic (World Bank/FAO × FX),historical,False,,100000.0
Wheat,2018-07-02,100000.0,NGN,NGN/MT,Historical (World Bank Pink Sheet × FX),wholesale,National,,,0.65,False,Synthetic: World Bank wheat USD × NGN/USD FX + import premium,Synthetic (World Bank/FAO × FX),historical,False,,100000.0
Wheat,2018-07-09,100000.0,NGN,NGN/MT,Historical (World Bank Pink Sheet × FX),wholesale,National,,,0.65,False,Synthetic: World Bank wheat USD × NGN/USD FX + import premium,Synthetic (World Bank/FAO × FX),historical,False,,100000.0
Wheat,2018-07-16,100000.0,NGN,NGN/MT,Historical (World Bank Pink Sheet × FX),wholesale,National,,,0.65,False,Synthetic: World Bank wheat USD × NGN/USD FX + import premium,Synthetic (World Bank/FAO × FX),historical,False,,100000.0
Wheat,2018-07-23,100000.0,NGN,NGN/MT,Historical (World Bank Pink Sheet × FX),wholesale,National,,,0.65,False,Synthetic: World Bank wheat USD × NGN/USD FX + import premium,Synthetic (World Bank/FAO × FX),historical,False,,100000.0
Wheat,2018-07-30,100000.0,NGN,NGN/MT,Historical (World Bank Pink Sheet × FX),wholesale,National,,,0.65,False,Synthetic: World Bank wheat USD × NGN/USD FX + import premium,Synthetic (World Bank/FAO × FX),historical,False,,100000.0
Wheat,2018-08-06,100000.0,NGN,NGN/MT,Historical (World Bank Pink Sheet × FX),wholesale,National,,,0.65,False,Synthetic: World Bank wheat USD × NGN/USD FX + import premium,Synthetic (World Bank/FAO × FX),historical,False,,100000.0
Wheat,2018-08-13,100000.0,NGN,NGN/MT,Historical (World Bank Pink Sheet × FX),wholesale,National,,,0.65,False,Synthetic: World Bank wheat USD × NGN/USD FX + import premium,Synthetic (World Bank/FAO × FX),historical,False,,100000.0
Wheat,2018-08-20,100000.0,NGN,NGN/MT,Historical (World Bank Pink Sheet × FX),wholesale,National,,,0.65,False,Synthetic: World Bank wheat USD × NGN/USD FX + import premium,Synthetic (World Bank/FAO × FX),historical,False,,100000.0
Wheat,2018-08-27,100000.0,NGN,NGN/MT,Historical (World Bank Pink Sheet × FX),wholesale,National,,,0.65,False,Synthetic: World Bank wheat USD × NGN/USD FX + import premium,Synthetic (World Bank/FAO × FX),historical,False,,100000.0
Wheat,2018-09-03,100000.0,NGN,NGN/MT,Historical (World Bank Pink Sheet × FX),wholesale,National,,,0.65,False,Synthetic: World Bank wheat USD × NGN/USD FX + import premium,Synthetic (World Bank/FAO × FX),historical,False,,100000.0
Wheat,2018-09-10,100000.0,NGN,NGN/MT,Historical (World Bank Pink Sheet × FX),wholesale,National,,,0.65,False,Synthetic: World Bank wheat USD × NGN/USD FX + import premium,Synthetic (World Bank/FAO × FX),historical,False,,100000.0
Wheat,2018-09-17,100000.0,NGN,NGN/MT,Historical (World Bank Pink Sheet × FX),wholesale,National,,,0.65,False,Synthetic: World Bank wheat USD × NGN/USD FX + import premium,Synthetic (World Bank/FAO × FX),historical,False,,100000.0
Wheat,2018-09-24,100000.0,NGN,NGN/MT,Historical (World Bank Pink Sheet × FX),wholesale,National,,,0.65,False,Synthetic: World Bank wheat USD × NGN/USD FX + import premium,Synthetic (World Bank/FAO × FX),historical,False,,100000.0
Wheat,2018-10-01,100000.0,NGN,NGN/MT,Historical (World Bank Pink Sheet × FX),wholesale,National,,,0.65,False,Synthetic: World Bank wheat USD × NGN/USD FX + import premium,Synthetic (World Bank/FAO × FX),historical,False,,100000.0
Wheat,2018-10-08,100000.0,NGN,NGN/MT,Historical (World Bank Pink Sheet × FX),wholesale,National,,,0.65,False,Synthetic: World Bank wheat USD × NGN/USD FX + import premium,Synthetic (World Bank/FAO × FX),historical,False,,100000.0
Wheat,2018-10-15,100000.0,NGN,NGN/MT,Historical (World Bank Pink Sheet × FX),wholesale,National,,,0.65,False,Synthetic: World Bank wheat USD × NGN/USD FX + import premium,Synthetic (World Bank/FAO × FX),historical,False,,100000.0
Wheat,2018-10-22,100000.0,NGN,NGN/MT,Historical (World Bank Pink Sheet × FX),wholesale,National,,,0.65,False,Synthetic: World Bank wheat USD × NGN/USD FX + import premium,Synthetic (World Bank/FAO × FX),historical,False,,100000.0
Wheat,2018-10-29,100000.0,NGN,NGN/MT,Historical (World Bank Pink Sheet × FX),wholesale,National,,,0.65,False,Synthetic: World Bank wheat USD × NGN/USD FX + import premium,Synthetic (World Bank/FAO × FX),historical,False,,100000.0
Wheat,2018-11-05,100000.0,NGN,NGN/MT,Historical (World Bank Pink Sheet × FX),wholesale,National,,,0.65,False,Synthetic: World Bank wheat USD × NGN/USD FX + import premium,Synthetic (World Bank/FAO × FX),historical,False,,100000.0
Wheat,2018-11-12,100000.0,NGN,NGN/MT,Historical (World Bank Pink Sheet × FX),wholesale,National,,,0.65,False,Synthetic: World Bank wheat USD × NGN/USD FX + import premium,Synthetic (World Bank/FAO × FX),historical,False,,100000.0
Wheat,2018-11-19,100000.0,NGN,NGN/MT,Historical (World Bank Pink Sheet × FX),wholesale,National,,,0.65,False,Synthetic: World Bank wheat USD × NGN/USD FX + import premium,Synthetic (World Bank/FAO × FX),historical,False,,100000.0
Wheat,2018-11-26,100000.0,NGN,NGN/MT,Historical (World Bank Pink Sheet × FX),wholesale,National,,,0.65,False,Synthetic: World Bank wheat USD × NGN/USD FX + import premium,Synthetic (World Bank/FAO × FX),historical,False,,100000.0
Wheat,2018-12-03,100000.0,NGN,NGN/MT,Historical (World Bank Pink Sheet × FX),wholesale,National,,,0.65,False,Synthetic: World Bank wheat USD × NGN/USD FX + import premium,Synthetic (World Bank/FAO × FX),historical,False,,100000.0
Wheat,2018-12-10,100000.0,NGN,NGN/MT,Historical (World Bank Pink Sheet × FX),wholesale,National,,,0.65,False,Synthetic: World Bank wheat USD × NGN/USD FX + import premium,Synthetic (World Bank/FAO × FX),historical,False,,100000.0
Wheat,2018-12-17,100000.0,NGN,NGN/MT,Historical (World Bank Pink Sheet × FX),wholesale,National,,,0.65,False,Synthetic: World Bank wheat USD × NGN/USD FX + import premium,Synthetic (World Bank/FAO × FX),historical,False,,100000.0
Wheat,2018-12-24,100000.0,NGN,NGN/MT,Historical (World Bank Pink Sheet × FX),wholesale,National,,,0.65,False,Synthetic: World Bank wheat USD × NGN/USD FX + import premium,Synthetic (World Bank/FAO × FX),historical,False,,100000.0
Wheat,2018-12-31,100000.0,NGN,NGN/MT,Historical (World Bank Pink Sheet × FX),wholesale,National,,,0.65,False,Synthetic: World Bank wheat USD × NGN/USD FX + import premium,Synthetic (World Bank/FAO × FX),historical,False,,100000.0
Wheat,2019-01-07,100000.0,NGN,NGN/MT,Historical (World Bank Pink Sheet × FX),wholesale,National,,,0.65,False,Synthetic: World Bank wheat USD × NGN/USD FX + import premium,Synthetic (World Bank/FAO × FX),historical,False,,100000.0
Wheat,2019-01-14,100000.0,NGN,NGN/MT,Historical (World Bank Pink Sheet × FX),wholesale,National,,,0.65,False,Synthetic: World Bank wheat USD × NGN/USD FX + import premium,Synthetic (World Bank/FAO × FX),historical,False,,100000.0
Wheat,2019-01-21,100000.0,NGN,NGN/MT,Historical (World Bank Pink Sheet × FX),wholesale,National,,,0.65,False,Synthetic: World Bank wheat USD × NGN/USD FX + import premium,Synthetic (World Bank/FAO × FX),historical,False,,100000.0
Wheat,2019-01-28,100000.0,NGN,NGN/MT,Historical (World Bank Pink Sheet × FX),wholesale,National,,,0.65,False,Synthetic: World Bank wheat USD × NGN/USD FX + import premium,Synthetic (World Bank/FAO × FX),historical,False,,100000.0
Wheat,2019-02-04,100000.0,NGN,NGN/MT,Historical (World Bank Pink Sheet × FX),wholesale,National,,,0.65,False,Synthetic: World Bank wheat USD × NGN/USD FX + import premium,Synthetic (World Bank/FAO × FX),historical,False,,100000.0
Wheat,2019-02-11,100000.0,NGN,NGN/MT,Historical (World Bank Pink Sheet × FX),wholesale,National,,,0.65,False,Synthetic: World Bank wheat USD × NGN/USD FX + import premium,Synthetic (World Bank/FAO × FX),historical,False,,100000.0
Wheat,2019-02-18,100000.0,NGN,NGN/MT,Historical (World Bank Pink Sheet × FX),wholesale,National,,,0.65,False,Synthetic: World Bank wheat USD × NGN/USD FX + import premium,Synthetic (World Bank/FAO × FX),historical,False,,100000.0
Wheat,2019-02-25,100000.0,NGN,NGN/MT,Historical (World Bank Pink Sheet × FX),wholesale,National,,,0.65,False,Synthetic: World Bank wheat USD × NGN/USD FX + import premium,Synthetic (World Bank/FAO × FX),historical,False,,100000.0
Wheat,2019-03-04,100000.0,NGN,NGN/MT,Historical (World Bank Pink Sheet × FX),wholesale,National,,,0.65,False,Synthetic: World Bank wheat USD × NGN/USD FX + import premium,Synthetic (World Bank/FAO × FX),historical,False,,100000.0
Wheat,2019-03-11,100000.0,NGN,NGN/MT,Historical (World Bank Pink Sheet × FX),wholesale,National,,,0.65,False,Synthetic: World Bank wheat USD × NGN/USD FX + import premium,Synthetic (World Bank/FAO × FX),historical,False,,100000.0
Wheat,2019-03-18,100000.0,NGN,NGN/MT,Historical (World Bank Pink Sheet × FX),wholesale,National,,,0.65,False,Synthetic: World Bank wheat USD × NGN/USD FX + import premium,Synthetic (World Bank/FAO × FX),historical,False,,100000.0
Wheat,2019-03-25,100000.0,NGN,NGN/MT,Historical (World Bank Pink Sheet × FX),wholesale,National,,,0.65,False,Synthetic: World Bank wheat USD × NGN/USD FX + import premium,Synthetic (World Bank/FAO × FX),historical,False,,100000.0
Wheat,2019-04-01,100000.0,NGN,NGN/MT,Historical (World Bank Pink Sheet × FX),wholesale,National,,,0.65,False,Synthetic: World Bank wheat USD × NGN/USD FX + import premium,Synthetic (World Bank/FAO × FX),historical,False,,100000.0
Wheat,2019-04-08,100000.0,NGN,NGN/MT,Historical (World Bank Pink Sheet × FX),wholesale,National,,,0.65,False,Synthetic: World Bank wheat USD × NGN/USD FX + import premium,Synthetic (World Bank/FAO × FX),historical,False,,100000.0
Wheat,2019-04-15,100000.0,NGN,NGN/MT,Historical (World Bank Pink Sheet × FX),wholesale,National,,,0.65,False,Synthetic: World Bank wheat USD × NGN/USD FX + import premium,Synthetic (World Bank/FAO × FX),historical,False,,100000.0
Wheat,2019-04-22,100000.0,NGN,NGN/MT,Historical (World Bank Pink Sheet × FX),wholesale,National,,,0.65,False,Synthetic: World Bank wheat USD × NGN/USD FX + import premium,Synthetic (World Bank/FAO × FX),historical,False,,100000.0
Wheat,2019-04-29,100000.0,NGN,NGN/MT,Historical (World Bank Pink Sheet × FX),wholesale,National,,,0.65,False,Synthetic: World Bank wheat USD × NGN/USD FX + import premium,Synthetic (World Bank/FAO × FX),historical,False,,100000.0
Wheat,2019-05-06,100000.0,NGN,NGN/MT,Historical (World Bank Pink Sheet × FX),wholesale,National,,,0.65,False,Synthetic: World Bank wheat USD × NGN/USD FX + import premium,Synthetic (World Bank/FAO × FX),historical,False,,100000.0
Wheat,2019-05-13,100000.0,NGN,NGN/MT,Historical (World Bank Pink Sheet × FX),wholesale,National,,,0.65,False,Synthetic: World Bank wheat USD × NGN/USD FX + import premium,Synthetic (World Bank/FAO × FX),historical,False,,100000.0
Wheat,2019-05-20,100000.0,NGN,NGN/MT,Historical (World Bank Pink Sheet × FX),wholesale,National,,,0.65,False,Synthetic: World Bank wheat USD × NGN/USD FX + import premium,Synthetic (World Bank/FAO × FX),historical,False,,100000.0
Wheat,2019-05-27,100000.0,NGN,NGN/MT,Historical (World Bank Pink Sheet × FX),wholesale,National,,,0.65,False,Synthetic: World Bank wheat USD × NGN/USD FX + import premium,Synthetic (World Bank/FAO × FX),historical,False,,100000.0
Wheat,2019-06-03,100000.0,NGN,NGN/MT,Historical (World Bank Pink Sheet × FX),wholesale,National,,,0.65,False,Synthetic: World Bank wheat USD × NGN/USD FX + import premium,Synthetic (World Bank/FAO × FX),historical,False,,100000.0
Wheat,2019-06-10,100000.0,NGN,NGN/MT,Historical (World Bank Pink Sheet × FX),wholesale,National,,,0.65,False,Synthetic: World Bank wheat USD × NGN/USD FX + import premium,Synthetic (World Bank/FAO × FX),historical,False,,100000.0
Wheat,2019-06-17,100000.0,NGN,NGN/MT,Historical (World Bank Pink Sheet × FX),wholesale,National,,,0.65,False,Synthetic: World Bank wheat USD × NGN/USD FX + import premium,Synthetic (World Bank/FAO × FX),historical,False,,100000.0
Wheat,2019-06-24,100000.0,NGN,NGN/MT,Historical (World Bank Pink Sheet × FX),wholesale,National,,,0.65,False,Synthetic: World Bank wheat USD × NGN/USD FX + import premium,Synthetic (World Bank/FAO × FX),historical,False,,100000.0
Wheat,2019-07-01,100000.0,NGN,NGN/MT,Historical (World Bank Pink Sheet × FX),wholesale,National,,,0.65,False,Synthetic: World Bank wheat USD × NGN/USD FX + import premium,Synthetic (World Bank/FAO × FX),historical,False,,100000.0
Wheat,2019-07-08,100000.0,NGN,NGN/MT,Historical (World Bank Pink Sheet × FX),wholesale,National,,,0.65,False,Synthetic: World Bank wheat USD × NGN/USD FX + import premium,Synthetic (World Bank/FAO × FX),historical,False,,100000.0
Wheat,2019-07-15,100000.0,NGN,NGN/MT,Historical (World Bank Pink Sheet × FX),wholesale,National,,,0.65,False,Synthetic: World Bank wheat USD × NGN/USD FX + import premium,Synthetic (World Bank/FAO × FX),historical,False,,100000.0
Wheat,2019-07-22,100000.0,NGN,NGN/MT,Historical (World Bank Pink Sheet × FX),wholesale,National,,,0.65,False,Synthetic: World Bank wheat USD × NGN/USD FX + import premium,Synthetic (World Bank/FAO × FX),historical,False,,100000.0
Wheat,2019-07-29,100000.0,NGN,NGN/MT,Historical (World Bank Pink Sheet × FX),wholesale,National,,,0.65,False,Synthetic: World Bank wheat USD × NGN/USD FX + import premium,Synthetic (World Bank/FAO × FX),historical,False,,100000.0
Wheat,2019-08-05,100000.0,NGN,NGN/MT,Historical (World Bank Pink Sheet × FX),wholesale,National,,,0.65,False,Synthetic: World Bank wheat USD × NGN/USD FX + import premium,Synthetic (World Bank/FAO × FX),historical,False,,100000.0
Wheat,2019-08-12,100000.0,NGN,NGN/MT,Historical (World Bank Pink Sheet × FX),wholesale,National,,,0.65,False,Synthetic: World Bank wheat USD × NGN/USD FX + import premium,Synthetic (World Bank/FAO × FX),historical,False,,100000.0
Wheat,2019-08-19,100000.0,NGN,NGN/MT,Historical (World Bank Pink Sheet × FX),wholesale,National,,,0.65,False,Synthetic: World Bank wheat USD × NGN/USD FX + import premium,Synthetic (World Bank/FAO × FX),historical,False,,100000.0
Wheat,2019-08-26,100000.0,NGN,NGN/MT,Historical (World Bank Pink Sheet × FX),wholesale,National,,,0.65,False,Synthetic: World Bank wheat USD × NGN/USD FX + import premium,Synthetic (World Bank/FAO × FX),historical,False,,100000.0
Wheat,2019-09-02,100000.0,NGN,NGN/MT,Historical (World Bank Pink Sheet × FX),wholesale,National,,,0.65,False,Synthetic: World Bank wheat USD × NGN/USD FX + import premium,Synthetic (World Bank/FAO × FX),historical,False,,100000.0
Wheat,2019-09-09,100000.0,NGN,NGN/MT,Historical (World Bank Pink Sheet × FX),wholesale,National,,,0.65,False,Synthetic: World Bank wheat USD × NGN/USD FX + import premium,Synthetic (World Bank/FAO × FX),historical,False,,100000.0
Wheat,2019-09-16,100000.0,NGN,NGN/MT,Historical (World Bank Pink Sheet × FX),wholesale,National,,,0.65,False,Synthetic: World Bank wheat USD × NGN/USD FX + import premium,Synthetic (World Bank/FAO × FX),historical,False,,100000.0
Wheat,2019-09-23,100000.0,NGN,NGN/MT,Historical (World Bank Pink Sheet × FX),wholesale,National,,,0.65,False,Synthetic: World Bank wheat USD × NGN/USD FX + import premium,Synthetic (World Bank/FAO × FX),historical,False,,100000.0
Wheat,2019-09-30,100000.0,NGN,NGN/MT,Historical (World Bank Pink Sheet × FX),wholesale,National,,,0.65,False,Synthetic: World Bank wheat USD × NGN/USD FX + import premium,Synthetic (World Bank/FAO × FX),historical,False,,100000.0
Wheat,2019-10-07,100000.0,NGN,NGN/MT,Historical (World Bank Pink Sheet × FX),wholesale,National,,,0.65,False,Synthetic: World Bank wheat USD × NGN/USD FX + import premium,Synthetic (World Bank/FAO × FX),historical,False,,100000.0
Wheat,2019-10-14,100000.0,NGN,NGN/MT,Historical (World Bank Pink Sheet × FX),wholesale,National,,,0.65,False,Synthetic: World Bank wheat USD × NGN/USD FX + import premium,Synthetic (World Bank/FAO × FX),historical,False,,100000.0
Wheat,2019-10-21,100000.0,NGN,NGN/MT,Historical (World Bank Pink Sheet × FX),wholesale,National,,,0.65,False,Synthetic: World Bank wheat USD × NGN/USD FX + import premium,Synthetic (World Bank/FAO × FX),historical,False,,100000.0
Wheat,2019-10-28,100000.0,NGN,NGN/MT,Historical (World Bank Pink Sheet × FX),wholesale,National,,,0.65,False,Synthetic: World Bank wheat USD × NGN/USD FX + import premium,Synthetic (World Bank/FAO × FX),historical,False,,100000.0
Wheat,2019-11-04,100000.0,NGN,NGN/MT,Historical (World Bank Pink Sheet × FX),wholesale,National,,,0.65,False,Synthetic: World Bank wheat USD × NGN/USD FX + import premium,Synthetic (World Bank/FAO × FX),historical,False,,100000.0
Wheat,2019-11-11,100000.0,NGN,NGN/MT,Historical (World Bank Pink Sheet × FX),wholesale,National,,,0.65,False,Synthetic: World Bank wheat USD × NGN/USD FX + import premium,Synthetic (World Bank/FAO × FX),historical,False,,100000.0
Wheat,2019-11-18,100000.0,NGN,NGN/MT,Historical (World Bank Pink Sheet × FX),wholesale,National,,,0.65,False,Synthetic: World Bank wheat USD × NGN/USD FX + import premium,Synthetic (World Bank/FAO × FX),historical,False,,100000.0
Wheat,2019-11-25,100000.0,NGN,NGN/MT,Historical (World Bank Pink Sheet × FX),wholesale,National,,,0.65,False,Synthetic: World Bank wheat USD × NGN/USD FX + import premium,Synthetic (World Bank/FAO × FX),historical,False,,100000.0
Wheat,2019-12-02,100000.0,NGN,NGN/MT,Historical (World Bank Pink Sheet × FX),wholesale,National,,,0.65,False,Synthetic: World Bank wheat USD × NGN/USD FX + import premium,Synthetic (World Bank/FAO × FX),historical,False,,100000.0
Wheat,2019-12-09,100000.0,NGN,NGN/MT,Historical (World Bank Pink Sheet × FX),wholesale,National,,,0.65,False,Synthetic: World Bank wheat USD × NGN/USD FX + import premium,Synthetic (World Bank/FAO × FX),historical,False,,100000.0
Wheat,2019-12-16,100000.0,NGN,NGN/MT,Historical (World Bank Pink Sheet × FX),wholesale,National,,,0.65,False,Synthetic: World Bank wheat USD × NGN/USD FX + import premium,Synthetic (World Bank/FAO × FX),historical,False,,100000.0
Wheat,2019-12-23,100000.0,NGN,NGN/MT,Historical (World Bank Pink Sheet × FX),wholesale,National,,,0.65,False,Synthetic: World Bank wheat USD × NGN/USD FX + import premium,Synthetic (World Bank/FAO × FX),historical,False,,100000.0
Wheat,2019-12-30,100000.0,NGN,NGN/MT,Historical (World Bank Pink Sheet × FX),wholesale,National,,,0.65,False,Synthetic: World Bank wheat USD × NGN/USD FX + import premium,Synthetic (World Bank/FAO × FX),historical,False,,100000.0
Wheat,2020-01-06,104278.34,NGN,NGN/MT,Historical (World Bank Pink Sheet × FX),wholesale,National,,,0.65,False,Synthetic: World Bank wheat USD × NGN/USD FX + import premium,Synthetic (World Bank/FAO × FX),historical,False,,104278.34
Wheat,2020-01-13,108214.53,NGN,NGN/MT,Historical (World Bank Pink Sheet × FX),wholesale,National,,,0.65,False,Synthetic: World Bank wheat USD × NGN/USD FX + import premium,Synthetic (World Bank/FAO × FX),historical,False,,108214.53
Wheat,2020-01-20,103957.13,NGN,NGN/MT,Historical (World Bank Pink Sheet × FX),wholesale,National,,,0.65,False,Synthetic: World Bank wheat USD × NGN/USD FX + import premium,Synthetic (World Bank/FAO × FX),historical,False,,103957.13
Wheat,2020-01-27,100632.48,NGN,NGN/MT,Historical (World Bank Pink Sheet × FX),wholesale,National,,,0.65,False,Synthetic: World Bank wheat USD × NGN/USD FX + import premium,Synthetic (World Bank/FAO × FX),historical,False,,100632.48
Wheat,2020-02-03,104089.9,NGN,NGN/MT,Historical (World Bank Pink Sheet × FX),wholesale,National,,,0.65,False,Synthetic: World Bank wheat USD × NGN/USD FX + import premium,Synthetic (World Bank/FAO × FX),historical,False,,104089.9
Wheat,2020-02-10,109590.97,NGN,NGN/MT,Historical (World Bank Pink Sheet × FX),wholesale,National,,,0.65,False,Synthetic: World Bank wheat USD × NGN/USD FX + import premium,Synthetic (World Bank/FAO × FX),historical,False,,109590.97
Wheat,2020-02-17,110285.77,NGN,NGN/MT,Historical (World Bank Pink Sheet × FX),wholesale,National,,,0.65,False,Synthetic: World Bank wheat USD × NGN/USD FX + import premium,Synthetic (World Bank/FAO × FX),historical,False,,110285.77
Wheat,2020-02-24,106464.24,NGN,NGN/MT,Historical (World Bank Pink Sheet × FX),wholesale,National,,,0.65,False,Synthetic: World Bank wheat USD × NGN/USD FX + import premium,Synthetic (World Bank/FAO × FX),historical,False,,106464.24
Wheat,2020-03-02,113594.96,NGN,NGN/MT,Historical (World Bank Pink Sheet × FX),wholesale,National,,,0.65,False,Synthetic: World Bank wheat USD × NGN/USD FX + import premium,Synthetic (World Bank/FAO × FX),historical,False,,113594.96
Wheat,2020-03-09,105903.87,NGN,NGN/MT,Historical (World Bank Pink Sheet × FX),wholesale,National,,,0.65,False,Synthetic: World Bank wheat USD × NGN/USD FX + import premium,Synthetic (World Bank/FAO × FX),historical,False,,105903.87
Wheat,2020-03-16,111238.69,NGN,NGN/MT,Historical (World Bank Pink Sheet × FX),wholesale,National,,,0.65,False,Synthetic: World Bank wheat USD × NGN/USD FX + import premium,Synthetic (World Bank/FAO × FX),historical,False,,111238.69
Wheat,2020-03-23,107410.26,NGN,NGN/MT,Historical (World Bank Pink Sheet × FX),wholesale,National,,,0.65,False,Synthetic: World Bank wheat USD × NGN/USD FX + import premium,Synthetic (World Bank/FAO × FX),historical,False,,107410.26
Wheat,2020-03-30,109280.04,NGN,NGN/MT,Historical (World Bank Pink Sheet × FX),wholesale,National,,,0.65,False,Synthetic: World Bank wheat USD × NGN/USD FX + import premium,Synthetic (World Bank/FAO × FX),historical,False,,109280.04
Wheat,2020-04-06,109588.72,NGN,NGN/MT,Historical (World Bank Pink Sheet × FX),wholesale,National,,,0.65,False,Synthetic: World Bank wheat USD × NGN/USD FX + import premium,Synthetic (World Bank/FAO × FX),historical,False,,109588.72
Wheat,2020-04-13,106608.37,NGN,NGN/MT,Historical (World Bank Pink Sheet × FX),wholesale,National,,,0.65,False,Synthetic: World Bank wheat USD × NGN/USD FX + import premium,Synthetic (World Bank/FAO × FX),historical,False,,106608.37
Wheat,2020-04-20,108170.61,NGN,NGN/MT,Historical (World Bank Pink Sheet × FX),wholesale,National,,,0.65,False,Synthetic: World Bank wheat USD × NGN/USD FX + import premium,Synthetic (World Bank/FAO × FX),historical,False,,108170.61
Wheat,2020-04-27,112736.76,NGN,NGN/MT,Historical (World Bank Pink Sheet × FX),wholesale,National,,,0.65,False,Synthetic: World Bank wheat USD × NGN/USD FX + import premium,Synthetic (World Bank/FAO × FX),historical,False,,112736.76
Wheat,2020-05-04,102560.51,NGN,NGN/MT,Historical (World Bank Pink Sheet × FX),wholesale,National,,,0.65,False,Synthetic: World Bank wheat USD × NGN/USD FX + import premium,Synthetic (World Bank/FAO × FX),historical,False,,102560.51
Wheat,2020-05-11,106983.31,NGN,NGN/MT,Historical (World Bank Pink Sheet × FX),wholesale,National,,,0.65,False,Synthetic: World Bank wheat USD × NGN/USD FX + import premium,Synthetic (World Bank/FAO × FX),historical,False,,106983.31
Wheat,2020-05-18,100829.64,NGN,NGN/MT,Historical (World Bank Pink Sheet × FX),wholesale,National,,,0.65,False,Synthetic: World Bank wheat USD × NGN/USD FX + import premium,Synthetic (World Bank/FAO × FX),historical,False,,100829.64
Wheat,2020-05-25,106025.58,NGN,NGN/MT,Historical (World Bank Pink Sheet × FX),wholesale,National,,,0.65,False,Synthetic: World Bank wheat USD × NGN/USD FX + import premium,Synthetic (World Bank/FAO × FX),historical,False,,106025.58
Wheat,2020-06-01,102537.77,NGN,NGN/MT,Historical (World Bank Pink Sheet × FX),wholesale,National,,,0.65,False,Synthetic: World Bank wheat USD × NGN/USD FX + import premium,Synthetic (World Bank/FAO × FX),historical,False,,102537.77
Wheat,2020-06-08,100000.0,NGN,NGN/MT,Historical (World Bank Pink Sheet × FX),wholesale,National,,,0.65,False,Synthetic: World Bank wheat USD × NGN/USD FX + import premium,Synthetic (World Bank/FAO × FX),historical,False,,100000.0
Wheat,2020-06-15,100000.0,NGN,NGN/MT,Historical (World Bank Pink Sheet × FX),wholesale,National,,,0.65,False,Synthetic: World Bank wheat USD × NGN/USD FX + import premium,Synthetic (World Bank/FAO × FX),historical,False,,100000.0
Wheat,2020-06-22,100000.0,NGN,NGN/MT,Historical (World Bank Pink Sheet × FX),wholesale,National,,,0.65,False,Synthetic: World Bank wheat USD × NGN/USD FX + import premium,Synthetic (World Bank/FAO × FX),historical,False,,100000.0
Wheat,2020-06-29,100000.0,NGN,NGN/MT,Historical (World Bank Pink Sheet × FX),wholesale,National,,,0.65,False,Synthetic: World Bank wheat USD × NGN/USD FX + import premium,Synthetic (World Bank/FAO × FX),historical,False,,100000.0
Wheat,2020-07-06,100000.0,NGN,NGN/MT,Historical (World Bank Pink Sheet × FX),wholesale,National,,,0.65,False,Synthetic: World Bank wheat USD × NGN/USD FX + import premium,Synthetic (World Bank/FAO × FX),historical,False,,100000.0
Wheat,2020-07-13,100000.0,NGN,NGN/MT,Historical (World Bank Pink Sheet × FX),wholesale,National,,,0.65,False,Synthetic: World Bank wheat USD × NGN/USD FX + import premium,Synthetic (World Bank/FAO × FX),historical,False,,100000.0
Wheat,2020-07-20,100000.0,NGN,NGN/MT,Historical (World Bank Pink Sheet × FX),wholesale,National,,,0.65,False,Synthetic: World Bank wheat USD × NGN/USD FX + import premium,Synthetic (World Bank/FAO × FX),historical,False,,100000.0
Wheat,2020-07-27,100000.0,NGN,NGN/MT,Historical (World Bank Pink Sheet × FX),wholesale,National,,,0.65,False,Synthetic: World Bank wheat USD × NGN/USD FX + import premium,Synthetic (World Bank/FAO × FX),historical,False,,100000.0
Wheat,2020-08-03,100000.0,NGN,NGN/MT,Historical (World Bank Pink Sheet × FX),wholesale,National,,,0.65,False,Synthetic: World Bank wheat USD × NGN/USD FX + import premium,Synthetic (World Bank/FAO × FX),historical,False,,100000.0
Wheat,2020-08-10,100000.0,NGN,NGN/MT,Historical (World Bank Pink Sheet × FX),wholesale,National,,,0.65,False,Synthetic: World Bank wheat USD × NGN/USD FX + import premium,Synthetic (World Bank/FAO × FX),historical,False,,100000.0
Wheat,2020-08-17,100000.0,NGN,NGN/MT,Historical (World Bank Pink Sheet × FX),wholesale,National,,,0.65,False,Synthetic: World Bank wheat USD × NGN/USD FX + import premium,Synthetic (World Bank/FAO × FX),historical,False,,100000.0
Wheat,2020-08-24,100000.0,NGN,NGN/MT,Historical (World Bank Pink Sheet × FX),wholesale,National,,,0.65,False,Synthetic: World Bank wheat USD × NGN/USD FX + import premium,Synthetic (World Bank/FAO × FX),historical,False,,100000.0
Wheat,2020-08-31,100000.0,NGN,NGN/MT,Historical (World Bank Pink Sheet × FX),wholesale,National,,,0.65,False,Synthetic: World Bank wheat USD × NGN/USD FX + import premium,Synthetic (World Bank/FAO × FX),historical,False,,100000.0
Wheat,2020-09-07,100000.0,NGN,NGN/MT,Historical (World Bank Pink Sheet × FX),wholesale,National,,,0.65,False,Synthetic: World Bank wheat USD × NGN/USD FX + import premium,Synthetic (World Bank/FAO × FX),historical,False,,100000.0
Wheat,2020-09-14,100000.0,NGN,NGN/MT,Historical (World Bank Pink Sheet × FX),wholesale,National,,,0.65,False,Synthetic: World Bank wheat USD × NGN/USD FX + import premium,Synthetic (World Bank/FAO × FX),historical,False,,100000.0
Wheat,2020-09-21,100000.0,NGN,NGN/MT,Historical (World Bank Pink Sheet × FX),wholesale,National,,,0.65,False,Synthetic: World Bank wheat USD × NGN/USD FX + import premium,Synthetic (World Bank/FAO × FX),historical,False,,100000.0
Wheat,2020-09-28,100000.0,NGN,NGN/MT,Historical (World Bank Pink Sheet × FX),wholesale,National,,,0.65,False,Synthetic: World Bank wheat USD × NGN/USD FX + import premium,Synthetic (World Bank/FAO × FX),historical,False,,100000.0
Wheat,2020-10-05,104406.7,NGN,NGN/MT,Historical (World Bank Pink Sheet × FX),wholesale,National,,,0.65,False,Synthetic: World Bank wheat USD × NGN/USD FX + import premium,Synthetic (World Bank/FAO × FX),historical,False,,104406.7
Wheat,2020-10-12,100855.75,NGN,NGN/MT,Historical (World Bank Pink Sheet × FX),wholesale,National,,,0.65,False,Synthetic: World Bank wheat USD × NGN/USD FX + import premium,Synthetic (World Bank/FAO × FX),historical,False,,100855.75
Wheat,2020-10-19,100000.0,NGN,NGN/MT,Historical (World Bank Pink Sheet × FX),wholesale,National,,,0.65,False,Synthetic: World Bank wheat USD × NGN/USD FX + import premium,Synthetic (World Bank/FAO × FX),historical,False,,100000.0
Wheat,2020-10-26,101829.06,NGN,NGN/MT,Historical (World Bank Pink Sheet × FX),wholesale,National,,,0.65,False,Synthetic: World Bank wheat USD × NGN/USD FX + import premium,Synthetic (World Bank/FAO × FX),historical,False,,101829.06
Wheat,2020-11-02,100086.48,NGN,NGN/MT,Historical (World Bank Pink Sheet × FX),wholesale,National,,,0.65,False,Synthetic: World Bank wheat USD × NGN/USD FX + import premium,Synthetic (World Bank/FAO × FX),historical,False,,100086.48
Wheat,2020-11-09,100000.0,NGN,NGN/MT,Historical (World Bank Pink Sheet × FX),wholesale,National,,,0.65,False,Synthetic: World Bank wheat USD × NGN/USD FX + import premium,Synthetic (World Bank/FAO × FX),historical,False,,100000.0
Wheat,2020-11-16,100000.0,NGN,NGN/MT,Historical (World Bank Pink Sheet × FX),wholesale,National,,,0.65,False,Synthetic: World Bank wheat USD × NGN/USD FX + import premium,Synthetic (World Bank/FAO × FX),historical,False,,100000.0
Wheat,2020-11-23,100000.0,NGN,NGN/MT,Historical (World Bank Pink Sheet × FX),wholesale,National,,,0.65,False,Synthetic: World Bank wheat USD × NGN/USD FX + import premium,Synthetic (World Bank/FAO × FX),historical,False,,100000.0
Wheat,2020-11-30,100258.42,NGN,NGN/MT,Historical (World Bank Pink Sheet × FX),wholesale,National,,,0.65,False,Synthetic: World Bank wheat USD × NGN/USD FX + import premium,Synthetic (World Bank/FAO × FX),historical,False,,100258.42
Wheat,2020-12-07,104424.43,NGN,NGN/MT,Historical (World Bank Pink Sheet × FX),wholesale,National,,,0.65,False,Synthetic: World Bank wheat USD × NGN/USD FX + import premium,Synthetic (World Bank/FAO × FX),historical,False,,104424.43
Wheat,2020-12-14,109615.69,NGN,NGN/MT,Historical (World Bank Pink Sheet × FX),wholesale,National,,,0.65,False,Synthetic: World Bank wheat USD × NGN/USD FX + import premium,Synthetic (World Bank/FAO × FX),historical,False,,109615.69
Wheat,2020-12-21,105390.37,NGN,NGN/MT,Historical (World Bank Pink Sheet × FX),wholesale,National,,,0.65,False,Synthetic: World Bank wheat USD × NGN/USD FX + import premium,Synthetic (World Bank/FAO × FX),historical,False,,105390.37
Wheat,2020-12-28,103680.75,NGN,NGN/MT,Historical (World Bank Pink Sheet × FX),wholesale,National,,,0.65,False,Synthetic: World Bank wheat USD × NGN/USD FX + import premium,Synthetic (World Bank/FAO × FX),historical,False,,103680.75
Wheat,2021-01-04,166778.05,NGN,NGN/MT,Historical (World Bank Pink Sheet × FX),wholesale,National,,,0.65,False,Synthetic: World Bank wheat USD × NGN/USD FX + import premium,Synthetic (World Bank/FAO × FX),historical,False,,166778.05
Wheat,2021-01-11,151934.52,NGN,NGN/MT,Historical (World Bank Pink Sheet × FX),wholesale,National,,,0.65,False,Synthetic: World Bank wheat USD × NGN/USD FX + import premium,Synthetic (World Bank/FAO × FX),historical,False,,151934.52
Wheat,2021-01-18,163879.24,NGN,NGN/MT,Historical (World Bank Pink Sheet × FX),wholesale,National,,,0.65,False,Synthetic: World Bank wheat USD × NGN/USD FX + import premium,Synthetic (World Bank/FAO × FX),historical,False,,163879.24
Wheat,2021-01-25,166492.26,NGN,NGN/MT,Historical (World Bank Pink Sheet × FX),wholesale,National,,,0.65,False,Synthetic: World Bank wheat USD × NGN/USD FX + import premium,Synthetic (World Bank/FAO × FX),historical,False,,166492.26
Wheat,2021-02-01,159953.9,NGN,NGN/MT,Historical (World Bank Pink Sheet × FX),wholesale,National,,,0.65,False,Synthetic: World Bank wheat USD × NGN/USD FX + import premium,Synthetic (World Bank/FAO × FX),historical,False,,159953.9
Wheat,2021-02-08,173121.59,NGN,NGN/MT,Historical (World Bank Pink Sheet × FX),wholesale,National,,,0.65,False,Synthetic: World Bank wheat USD × NGN/USD FX + import premium,Synthetic (World Bank/FAO × FX),historical,False,,173121.59
Wheat,2021-02-15,169078.11,NGN,NGN/MT,Historical (World Bank Pink Sheet × FX),wholesale,National,,,0.65,False,Synthetic: World Bank wheat USD × NGN/USD FX + import premium,Synthetic (World Bank/FAO × FX),historical,False,,169078.11
Wheat,2021-02-22,165293.09,NGN,NGN/MT,Historical (World Bank Pink Sheet × FX),wholesale,National,,,0.65,False,Synthetic: World Bank wheat USD × NGN/USD FX + import premium,Synthetic (World Bank/FAO × FX),historical,False,,165293.09
Wheat,2021-03-01,173714.26,NGN,NGN/MT,Historical (World Bank Pink Sheet × FX),wholesale,National,,,0.65,False,Synthetic: World Bank wheat USD × NGN/USD FX + import premium,Synthetic (World Bank/FAO × FX),historical,False,,173714.26
Wheat,2021-03-08,182091.1,NGN,NGN/MT,Historical (World Bank Pink Sheet × FX),wholesale,National,,,0.65,False,Synthetic: World Bank wheat USD × NGN/USD FX + import premium,Synthetic (World Bank/FAO × FX),historical,False,,182091.1
Wheat,2021-03-15,171408.13,NGN,NGN/MT,Historical (World Bank Pink Sheet × FX),wholesale,National,,,0.65,False,Synthetic: World Bank wheat USD × NGN/USD FX + import premium,Synthetic (World Bank/FAO × FX),historical,False,,171408.13
Wheat,2021-03-22,171747.48,NGN,NGN/MT,Historical (World Bank Pink Sheet × FX),wholesale,National,,,0.65,False,Synthetic: World Bank wheat USD × NGN/USD FX + import premium,Synthetic (World Bank/FAO × FX),historical,False,,171747.48
Wheat,2021-03-29,168128.67,NGN,NGN/MT,Historical (World Bank Pink Sheet × FX),wholesale,National,,,0.65,False,Synthetic: World Bank wheat USD × NGN/USD FX + import premium,Synthetic (World Bank/FAO × FX),historical,False,,168128.67
Wheat,2021-04-05,163111.03,NGN,NGN/MT,Historical (World Bank Pink Sheet × FX),wholesale,National,,,0.65,False,Synthetic: World Bank wheat USD × NGN/USD FX + import premium,Synthetic (World Bank/FAO × FX),historical,False,,163111.03
Wheat,2021-04-12,171547.81,NGN,NGN/MT,Historical (World Bank Pink Sheet × FX),wholesale,National,,,0.65,False,Synthetic: World Bank wheat USD × NGN/USD FX + import premium,Synthetic (World Bank/FAO × FX),historical,False,,171547.81
Wheat,2021-04-19,163079.7,NGN,NGN/MT,Historical (World Bank Pink Sheet × FX),wholesale,National,,,0.65,False,Synthetic: World Bank wheat USD × NGN/USD FX + import premium,Synthetic (World Bank/FAO × FX),historical,False,,163079.7
Wheat,2021-04-26,167737.76,NGN,NGN/MT,Historical (World Bank Pink Sheet × FX),wholesale,National,,,0.65,False,Synthetic: World Bank wheat USD × NGN/USD FX + import premium,Synthetic (World Bank/FAO × FX),historical,False,,167737.76
Wheat,2021-05-03,157341.95,NGN,NGN/MT,Historical (World Bank Pink Sheet × FX),wholesale,National,,,0.65,False,Synthetic: World Bank wheat USD × NGN/USD FX + import premium,Synthetic (World Bank/FAO × FX),historical,False,,157341.95
Wheat,2021-05-10,161923.18,NGN,NGN/MT,Historical (World Bank Pink Sheet × FX),wholesale,National,,,0.65,False,Synthetic: World Bank wheat USD × NGN/USD FX + import premium,Synthetic (World Bank/FAO × FX),historical,False,,161923.18
Wheat,2021-05-17,161227.27,NGN,NGN/MT,Historical (World Bank Pink Sheet × FX),wholesale,National,,,0.65,False,Synthetic: World Bank wheat USD × NGN/USD FX + import premium,Synthetic (World Bank/FAO × FX),historical,False,,161227.27
Wheat,2021-05-24,164598.06,NGN,NGN/MT,Historical (World Bank Pink Sheet × FX),wholesale,National,,,0.65,False,Synthetic: World Bank wheat USD × NGN/USD FX + import premium,Synthetic (World Bank/FAO × FX),historical,False,,164598.06
Wheat,2021-05-31,157186.99,NGN,NGN/MT,Historical (World Bank Pink Sheet × FX),wholesale,National,,,0.65,False,Synthetic: World Bank wheat USD × NGN/USD FX + import premium,Synthetic (World Bank/FAO × FX),historical,False,,157186.99
Wheat,2021-06-07,149113.49,NGN,NGN/MT,Historical (World Bank Pink Sheet × FX),wholesale,National,,,0.65,False,Synthetic: World Bank wheat USD × NGN/USD FX + import premium,Synthetic (World Bank/FAO × FX),historical,False,,149113.49
Wheat,2021-06-14,145916.46,NGN,NGN/MT,Historical (World Bank Pink Sheet × FX),wholesale,National,,,0.65,False,Synthetic: World Bank wheat USD × NGN/USD FX + import premium,Synthetic (World Bank/FAO × FX),historical,False,,145916.46
Wheat,2021-06-21,148326.87,NGN,NGN/MT,Historical (World Bank Pink Sheet × FX),wholesale,National,,,0.65,False,Synthetic: World Bank wheat USD × NGN/USD FX + import premium,Synthetic (World Bank/FAO × FX),historical,False,,148326.87
Wheat,2021-06-28,152032.19,NGN,NGN/MT,Historical (World Bank Pink Sheet × FX),wholesale,National,,,0.65,False,Synthetic: World Bank wheat USD × NGN/USD FX + import premium,Synthetic (World Bank/FAO × FX),historical,False,,152032.19
Wheat,2021-07-05,150574.57,NGN,NGN/MT,Historical (World Bank Pink Sheet × FX),wholesale,National,,,0.65,False,Synthetic: World Bank wheat USD × NGN/USD FX + import premium,Synthetic (World Bank/FAO × FX),historical,False,,150574.57
Wheat,2021-07-12,143157.86,NGN,NGN/MT,Historical (World Bank Pink Sheet × FX),wholesale,National,,,0.65,False,Synthetic: World Bank wheat USD × NGN/USD FX + import premium,Synthetic (World Bank/FAO × FX),historical,False,,143157.86
Wheat,2021-07-19,151071.99,NGN,NGN/MT,Historical (World Bank Pink Sheet × FX),wholesale,National,,,0.65,False,Synthetic: World Bank wheat USD × NGN/USD FX + import premium,Synthetic (World Bank/FAO × FX),historical,False,,151071.99
Wheat,2021-07-26,153218.76,NGN,NGN/MT,Historical (World Bank Pink Sheet × FX),wholesale,National,,,0.65,False,Synthetic: World Bank wheat USD × NGN/USD FX + import premium,Synthetic (World Bank/FAO × FX),historical,False,,153218.76
Wheat,2021-08-02,145919.07,NGN,NGN/MT,Historical (World Bank Pink Sheet × FX),wholesale,National,,,0.65,False,Synthetic: World Bank wheat USD × NGN/USD FX + import premium,Synthetic (World Bank/FAO × FX),historical,False,,145919.07
Wheat,2021-08-09,152246.56,NGN,NGN/MT,Historical (World Bank Pink Sheet × FX),wholesale,National,,,0.65,False,Synthetic: World Bank wheat USD × NGN/USD FX + import premium,Synthetic (World Bank/FAO × FX),historical,False,,152246.56
Wheat,2021-08-16,140785.58,NGN,NGN/MT,Historical (World Bank Pink Sheet × FX),wholesale,National,,,0.65,False,Synthetic: World Bank wheat USD × NGN/USD FX + import premium,Synthetic (World Bank/FAO × FX),historical,False,,140785.58
Wheat,2021-08-23,138749.59,NGN,NGN/MT,Historical (World Bank Pink Sheet × FX),wholesale,National,,,0.65,False,Synthetic: World Bank wheat USD × NGN/USD FX + import premium,Synthetic (World Bank/FAO × FX),historical,False,,138749.59
Wheat,2021-08-30,136440.32,NGN,NGN/MT,Historical (World Bank Pink Sheet × FX),wholesale,National,,,0.65,False,Synthetic: World Bank wheat USD × NGN/USD FX + import premium,Synthetic (World Bank/FAO × FX),historical,False,,136440.32
Wheat,2021-09-06,153838.92,NGN,NGN/MT,Historical (World Bank Pink Sheet × FX),wholesale,National,,,0.65,False,Synthetic: World Bank wheat USD × NGN/USD FX + import premium,Synthetic (World Bank/FAO × FX),historical,False,,153838.92
Wheat,2021-09-13,150121.29,NGN,NGN/MT,Historical (World Bank Pink Sheet × FX),wholesale,National,,,0.65,False,Synthetic: World Bank wheat USD × NGN/USD FX + import premium,Synthetic (World Bank/FAO × FX),historical,False,,150121.29
Wheat,2021-09-20,146985.49,NGN,NGN/MT,Historical (World Bank Pink Sheet × FX),wholesale,National,,,0.65,False,Synthetic: World Bank wheat USD × NGN/USD FX + import premium,Synthetic (World Bank/FAO × FX),historical,False,,146985.49
Wheat,2021-09-27,148467.6,NGN,NGN/MT,Historical (World Bank Pink Sheet × FX),wholesale,National,,,0.65,False,Synthetic: World Bank wheat USD × NGN/USD FX + import premium,Synthetic (World Bank/FAO × FX),historical,False,,148467.6
Wheat,2021-10-04,145254.74,NGN,NGN/MT,Historical (World Bank Pink Sheet × FX),wholesale,National,,,0.65,False,Synthetic: World Bank wheat USD × NGN/USD FX + import premium,Synthetic (World Bank/FAO × FX),historical,False,,145254.74
Wheat,2021-10-11,161360.74,NGN,NGN/MT,Historical (World Bank Pink Sheet × FX),wholesale,National,,,0.65,False,Synthetic: World Bank wheat USD × NGN/USD FX + import premium,Synthetic (World Bank/FAO × FX),historical,False,,161360.74
Wheat,2021-10-18,150913.38,NGN,NGN/MT,Historical (World Bank Pink Sheet × FX),wholesale,National,,,0.65,False,Synthetic: World Bank wheat USD × NGN/USD FX + import premium,Synthetic (World Bank/FAO × FX),historical,False,,150913.38
Wheat,2021-10-25,150823.96,NGN,NGN/MT,Historical (World Bank Pink Sheet × FX),wholesale,National,,,0.65,False,Synthetic: World Bank wheat USD × NGN/USD FX + import premium,Synthetic (World Bank/FAO × FX),historical,False,,150823.96
Wheat,2021-11-01,158354.38,NGN,NGN/MT,Historical (World Bank Pink Sheet × FX),wholesale,National,,,0.65,False,Synthetic: World Bank wheat USD × NGN/USD FX + import premium,Synthetic (World Bank/FAO × FX),historical,False,,158354.38
Wheat,2021-11-08,157216.4,NGN,NGN/MT,Historical (World Bank Pink Sheet × FX),wholesale,National,,,0.65,False,Synthetic: World Bank wheat USD × NGN/USD FX + import premium,Synthetic (World Bank/FAO × FX),historical,False,,157216.4
Wheat,2021-11-15,156020.93,NGN,NGN/MT,Historical (World Bank Pink Sheet × FX),wholesale,National,,,0.65,False,Synthetic: World Bank wheat USD × NGN/USD FX + import premium,Synthetic (World Bank/FAO × FX),historical,False,,156020.93
Wheat,2021-11-22,151304.77,NGN,NGN/MT,Historical (World Bank Pink Sheet × FX),wholesale,National,,,0.65,False,Synthetic: World Bank wheat USD × NGN/USD FX + import premium,Synthetic (World Bank/FAO × FX),historical,False,,151304.77
Wheat,2021-11-29,157172.04,NGN,NGN/MT,Historical (World Bank Pink Sheet × FX),wholesale,National,,,0.65,False,Synthetic: World Bank wheat USD × NGN/USD FX + import premium,Synthetic (World Bank/FAO × FX),historical,False,,157172.04
Wheat,2021-12-06,168642.19,NGN,NGN/MT,Historical (World Bank Pink Sheet × FX),wholesale,National,,,0.65,False,Synthetic: World Bank wheat USD × NGN/USD FX + import premium,Synthetic (World Bank/FAO × FX),historical,False,,168642.19
Wheat,2021-12-13,166072.46,NGN,NGN/MT,Historical (World Bank Pink Sheet × FX),wholesale,National,,,0.65,False,Synthetic: World Bank wheat USD × NGN/USD FX + import premium,Synthetic (World Bank/FAO × FX),historical,False,,166072.46
Wheat,2021-12-20,167258.98,NGN,NGN/MT,Historical (World Bank Pink Sheet × FX),wholesale,National,,,0.65,False,Synthetic: World Bank wheat USD × NGN/USD FX + import premium,Synthetic (World Bank/FAO × FX),historical,False,,167258.98
Wheat,2021-12-27,157181.25,NGN,NGN/MT,Historical (World Bank Pink Sheet × FX),wholesale,National,,,0.65,False,Synthetic: World Bank wheat USD × NGN/USD FX + import premium,Synthetic (World Bank/FAO × FX),historical,False,,157181.25
Wheat,2022-01-03,227438.96,NGN,NGN/MT,Historical (World Bank Pink Sheet × FX),wholesale,National,,,0.65,False,Synthetic: World Bank wheat USD × NGN/USD FX + import premium,Synthetic (World Bank/FAO × FX),historical,False,,227438.96
Wheat,2022-01-10,233513.27,NGN,NGN/MT,Historical (World Bank Pink Sheet × FX),wholesale,National,,,0.65,False,Synthetic: World Bank wheat USD × NGN/USD FX + import premium,Synthetic (World Bank/FAO × FX),historical,False,,233513.27
Wheat,2022-01-17,234789.65,NGN,NGN/MT,Historical (World Bank Pink Sheet × FX),wholesale,National,,,0.65,False,Synthetic: World Bank wheat USD × NGN/USD FX + import premium,Synthetic (World Bank/FAO × FX),historical,False,,234789.65
Wheat,2022-01-24,242092.08,NGN,NGN/MT,Historical (World Bank Pink Sheet × FX),wholesale,National,,,0.65,False,Synthetic: World Bank wheat USD × NGN/USD FX + import premium,Synthetic (World Bank/FAO × FX),historical,False,,242092.08
Wheat,2022-01-31,222496.5,NGN,NGN/MT,Historical (World Bank Pink Sheet × FX),wholesale,National,,,0.65,False,Synthetic: World Bank wheat USD × NGN/USD FX + import premium,Synthetic (World Bank/FAO × FX),historical,False,,222496.5
Wheat,2022-02-07,252157.88,NGN,NGN/MT,Historical (World Bank Pink Sheet × FX),wholesale,National,,,0.65,False,Synthetic: World Bank wheat USD × NGN/USD FX + import premium,Synthetic (World Bank/FAO × FX),historical,False,,252157.88
Wheat,2022-02-14,239952.03,NGN,NGN/MT,Historical (World Bank Pink Sheet × FX),wholesale,National,,,0.65,False,Synthetic: World Bank wheat USD × NGN/USD FX + import premium,Synthetic (World Bank/FAO × FX),historical,False,,239952.03
Wheat,2022-02-21,238007.31,NGN,NGN/MT,Historical (World Bank Pink Sheet × FX),wholesale,National,,,0.65,False,Synthetic: World Bank wheat USD × NGN/USD FX + import premium,Synthetic (World Bank/FAO × FX),historical,False,,238007.31
Wheat,2022-02-28,233774.48,NGN,NGN/MT,Historical (World Bank Pink Sheet × FX),wholesale,National,,,0.65,False,Synthetic: World Bank wheat USD × NGN/USD FX + import premium,Synthetic (World Bank/FAO × FX),historical,False,,233774.48
Wheat,2022-03-07,233368.62,NGN,NGN/MT,Historical (World Bank Pink Sheet × FX),wholesale,National,,,0.65,False,Synthetic: World Bank wheat USD × NGN/USD FX + import premium,Synthetic (World Bank/FAO × FX),historical,False,,233368.62
Wheat,2022-03-14,251623.72,NGN,NGN/MT,Historical (World Bank Pink Sheet × FX),wholesale,National,,,0.65,False,Synthetic: World Bank wheat USD × NGN/USD FX + import premium,Synthetic (World Bank/FAO × FX),historical,False,,251623.72
Wheat,2022-03-21,246099.72,NGN,NGN/MT,Historical (World Bank Pink Sheet × FX),wholesale,National,,,0.65,False,Synthetic: World Bank wheat USD × NGN/USD FX + import premium,Synthetic (World Bank/FAO × FX),historical,False,,246099.72
Wheat,2022-03-28,236056.73,NGN,NGN/MT,Historical (World Bank Pink Sheet × FX),wholesale,National,,,0.65,False,Synthetic: World Bank wheat USD × NGN/USD FX + import premium,Synthetic (World Bank/FAO × FX),historical,False,,236056.73
Wheat,2022-04-04,231727.77,NGN,NGN/MT,Historical (World Bank Pink Sheet × FX),wholesale,National,,,0.65,False,Synthetic: World Bank wheat USD × NGN/USD FX + import premium,Synthetic (World Bank/FAO × FX),historical,False,,231727.77
Wheat,2022-04-11,238666.2,NGN,NGN/MT,Historical (World Bank Pink Sheet × FX),wholesale,National,,,0.65,False,Synthetic: World Bank wheat USD × NGN/USD FX + import premium,Synthetic (World Bank/FAO × FX),historical,False,,238666.2
Wheat,2022-04-18,253166.66,NGN,NGN/MT,Historical (World Bank Pink Sheet × FX),wholesale,National,,,0.65,False,Synthetic: World Bank wheat USD × NGN/USD FX + import premium,Synthetic (World Bank/FAO × FX),historical,False,,253166.66
Wheat,2022-04-25,239217.3,NGN,NGN/MT,Historical (World Bank Pink Sheet × FX),wholesale,National,,,0.65,False,Synthetic: World Bank wheat USD × NGN/USD FX + import premium,Synthetic (World Bank/FAO × FX),historical,False,,239217.3
Wheat,2022-05-02,219564.41,NGN,NGN/MT,Historical (World Bank Pink Sheet × FX),wholesale,National,,,0.65,False,Synthetic: World Bank wheat USD × NGN/USD FX + import premium,Synthetic (World Bank/FAO × FX),historical,False,,219564.41
Wheat,2022-05-09,228237.95,NGN,NGN/MT,Historical (World Bank Pink Sheet × FX),wholesale,National,,,0.65,False,Synthetic: World Bank wheat USD × NGN/USD FX + import premium,Synthetic (World Bank/FAO × FX),historical,False,,228237.95
Wheat,2022-05-16,228051.83,NGN,NGN/MT,Historical (World Bank Pink Sheet × FX),wholesale,National,,,0.65,False,Synthetic: World Bank wheat USD × NGN/USD FX + import premium,Synthetic (World Bank/FAO × FX),historical,False,,228051.83
Wheat,2022-05-23,211329.98,NGN,NGN/MT,Historical (World Bank Pink Sheet × FX),wholesale,National,,,0.65,False,Synthetic: World Bank wheat USD × NGN/USD FX + import premium,Synthetic (World Bank/FAO × FX),historical,False,,211329.98
Wheat,2022-05-30,229558.55,NGN,NGN/MT,Historical (World Bank Pink Sheet × FX),wholesale,National,,,0.65,False,Synthetic: World Bank wheat USD × NGN/USD FX + import premium,Synthetic (World Bank/FAO × FX),historical,False,,229558.55
Wheat,2022-06-06,215038.73,NGN,NGN/MT,Historical (World Bank Pink Sheet × FX),wholesale,National,,,0.65,False,Synthetic: World Bank wheat USD × NGN/USD FX + import premium,Synthetic (World Bank/FAO × FX),historical,False,,215038.73
Wheat,2022-06-13,221061.59,NGN,NGN/MT,Historical (World Bank Pink Sheet × FX),wholesale,National,,,0.65,False,Synthetic: World Bank wheat USD × NGN/USD FX + import premium,Synthetic (World Bank/FAO × FX),historical,False,,221061.59
Wheat,2022-06-20,228550.05,NGN,NGN/MT,Historical (World Bank Pink Sheet × FX),wholesale,National,,,0.65,False,Synthetic: World Bank wheat USD × NGN/USD FX + import premium,Synthetic (World Bank/FAO × FX),historical,False,,228550.05
Wheat,2022-06-27,223857.28,NGN,NGN/MT,Historical (World Bank Pink Sheet × FX),wholesale,National,,,0.65,False,Synthetic: World Bank wheat USD × NGN/USD FX + import premium,Synthetic (World Bank/FAO × FX),historical,False,,223857.28
Wheat,2022-07-04,210363.47,NGN,NGN/MT,Historical (World Bank Pink Sheet × FX),wholesale,National,,,0.65,False,Synthetic: World Bank wheat USD × NGN/USD FX + import premium,Synthetic (World Bank/FAO × FX),historical,False,,210363.47
Wheat,2022-07-11,205034.23,NGN,NGN/MT,Historical (World Bank Pink Sheet × FX),wholesale,National,,,0.65,False,Synthetic: World Bank wheat USD × NGN/USD FX + import premium,Synthetic (World Bank/FAO × FX),historical,False,,205034.23
Wheat,2022-07-18,228446.5,NGN,NGN/MT,Historical (World Bank Pink Sheet × FX),wholesale,National,,,0.65,False,Synthetic: World Bank wheat USD × NGN/USD FX + import premium,Synthetic (World Bank/FAO × FX),historical,False,,228446.5
Wheat,2022-07-25,212450.96,NGN,NGN/MT,Historical (World Bank Pink Sheet × FX),wholesale,National,,,0.65,False,Synthetic: World Bank wheat USD × NGN/USD FX + import premium,Synthetic (World Bank/FAO × FX),historical,False,,212450.96
Wheat,2022-08-01,207696.24,NGN,NGN/MT,Historical (World Bank Pink Sheet × FX),wholesale,National,,,0.65,False,Synthetic: World Bank wheat USD × NGN/USD FX + import premium,Synthetic (World Bank/FAO × FX),historical,False,,207696.24
Wheat,2022-08-08,207459.22,NGN,NGN/MT,Historical (World Bank Pink Sheet × FX),wholesale,National,,,0.65,False,Synthetic: World Bank wheat USD × NGN/USD FX + import premium,Synthetic (World Bank/FAO × FX),historical,False,,207459.22
Wheat,2022-08-15,208843.21,NGN,NGN/MT,Historical (World Bank Pink Sheet × FX),wholesale,National,,,0.65,False,Synthetic: World Bank wheat USD × NGN/USD FX + import premium,Synthetic (World Bank/FAO × FX),historical,False,,208843.21
Wheat,2022-08-22,206710.36,NGN,NGN/MT,Historical (World Bank Pink Sheet × FX),wholesale,National,,,0.65,False,Synthetic: World Bank wheat USD × NGN/USD FX + import premium,Synthetic (World Bank/FAO × FX),historical,False,,206710.36
Wheat,2022-08-29,204036.55,NGN,NGN/MT,Historical (World Bank Pink Sheet × FX),wholesale,National,,,0.65,False,Synthetic: World Bank wheat USD × NGN/USD FX + import premium,Synthetic (World Bank/FAO × FX),historical,False,,204036.55
Wheat,2022-09-05,208594.96,NGN,NGN/MT,Historical (World Bank Pink Sheet × FX),wholesale,National,,,0.65,False,Synthetic: World Bank wheat USD × NGN/USD FX + import premium,Synthetic (World Bank/FAO × FX),historical,False,,208594.96
Wheat,2022-09-12,211865.82,NGN,NGN/MT,Historical (World Bank Pink Sheet × FX),wholesale,National,,,0.65,False,Synthetic: World Bank wheat USD × NGN/USD FX + import premium,Synthetic (World Bank/FAO × FX),historical,False,,211865.82
Wheat,2022-09-19,208616.81,NGN,NGN/MT,Historical (World Bank Pink Sheet × FX),wholesale,National,,,0.65,False,Synthetic: World Bank wheat USD × NGN/USD FX + import premium,Synthetic (World Bank/FAO × FX),historical,False,,208616.81
Wheat,2022-09-26,207538.91,NGN,NGN/MT,Historical (World Bank Pink Sheet × FX),wholesale,National,,,0.65,False,Synthetic: World Bank wheat USD × NGN/USD FX + import premium,Synthetic (World Bank/FAO × FX),historical,False,,207538.91
Wheat,2022-10-03,217230.31,NGN,NGN/MT,Historical (World Bank Pink Sheet × FX),wholesale,National,,,0.65,False,Synthetic: World Bank wheat USD × NGN/USD FX + import premium,Synthetic (World Bank/FAO × FX),historical,False,,217230.31
Wheat,2022-10-10,214882.55,NGN,NGN/MT,Historical (World Bank Pink Sheet × FX),wholesale,National,,,0.65,False,Synthetic: World Bank wheat USD × NGN/USD FX + import premium,Synthetic (World Bank/FAO × FX),historical,False,,214882.55
Wheat,2022-10-17,226309.11,NGN,NGN/MT,Historical (World Bank Pink Sheet × FX),wholesale,National,,,0.65,False,Synthetic: World Bank wheat USD × NGN/USD FX + import premium,Synthetic (World Bank/FAO × FX),historical,False,,226309.11
Wheat,2022-10-24,199317.78,NGN,NGN/MT,Historical (World Bank Pink Sheet × FX),wholesale,National,,,0.65,False,Synthetic: World Bank wheat USD × NGN/USD FX + import premium,Synthetic (World Bank/FAO × FX),historical,False,,199317.78
Wheat,2022-10-31,223629.53,NGN,NGN/MT,Historical (World Bank Pink Sheet × FX),wholesale,National,,,0.65,False,Synthetic: World Bank wheat USD × NGN/USD FX + import premium,Synthetic (World Bank/FAO × FX),historical,False,,223629.53
Wheat,2022-11-07,231581.13,NGN,NGN/MT,Historical (World Bank Pink Sheet × FX),wholesale,National,,,0.65,False,Synthetic: World Bank wheat USD × NGN/USD FX + import premium,Synthetic (World Bank/FAO × FX),historical,False,,231581.13
Wheat,2022-11-14,209350.34,NGN,NGN/MT,Historical (World Bank Pink Sheet × FX),wholesale,National,,,0.65,False,Synthetic: World Bank wheat USD × NGN/USD FX + import premium,Synthetic (World Bank/FAO × FX),historical,False,,209350.34
Wheat,2022-11-21,220940.99,NGN,NGN/MT,Historical (World Bank Pink Sheet × FX),wholesale,National,,,0.65,False,Synthetic: World Bank wheat USD × NGN/USD FX + import premium,Synthetic (World Bank/FAO × FX),historical,False,,220940.99
Wheat,2022-11-28,220748.43,NGN,NGN/MT,Historical (World Bank Pink Sheet × FX),wholesale,National,,,0.65,False,Synthetic: World Bank wheat USD × NGN/USD FX + import premium,Synthetic (World Bank/FAO × FX),historical,False,,220748.43
Wheat,2022-12-05,220224.08,NGN,NGN/MT,Historical (World Bank Pink Sheet × FX),wholesale,National,,,0.65,False,Synthetic: World Bank wheat USD × NGN/USD FX + import premium,Synthetic (World Bank/FAO × FX),historical,False,,220224.08
Wheat,2022-12-12,224567.71,NGN,NGN/MT,Historical (World Bank Pink Sheet × FX),wholesale,National,,,0.65,False,Synthetic: World Bank wheat USD × NGN/USD FX + import premium,Synthetic (World Bank/FAO × FX),historical,False,,224567.71
Wheat,2022-12-19,222272.34,NGN,NGN/MT,Historical (World Bank Pink Sheet × FX),wholesale,National,,,0.65,False,Synthetic: World Bank wheat USD × NGN/USD FX + import premium,Synthetic (World Bank/FAO × FX),historical,False,,222272.34
Wheat,2022-12-26,242020.23,NGN,NGN/MT,Historical (World Bank Pink Sheet × FX),wholesale,National,,,0.65,False,Synthetic: World Bank wheat USD × NGN/USD FX + import premium,Synthetic (World Bank/FAO × FX),historical,False,,242020.23
Wheat,2023-01-02,301658.97,NGN,NGN/MT,Historical (World Bank Pink Sheet × FX),wholesale,National,,,0.65,False,Synthetic: World Bank wheat USD × NGN/USD FX + import premium,Synthetic (World Bank/FAO × FX),historical,False,,301658.97
Wheat,2023-01-09,304615.59,NGN,NGN/MT,Historical (World Bank Pink Sheet × FX),wholesale,National,,,0.65,False,Synthetic: World Bank wheat USD × NGN/USD FX + import premium,Synthetic (World Bank/FAO × FX),historical,False,,304615.59
Wheat,2023-01-16,299775.14,NGN,NGN/MT,Historical (World Bank Pink Sheet × FX),wholesale,National,,,0.65,False,Synthetic: World Bank wheat USD × NGN/USD FX + import premium,Synthetic (World Bank/FAO × FX),historical,False,,299775.14
Wheat,2023-01-23,283483.82,NGN,NGN/MT,Historical (World Bank Pink Sheet × FX),wholesale,National,,,0.65,False,Synthetic: World Bank wheat USD × NGN/USD FX + import premium,Synthetic (World Bank/FAO × FX),historical,False,,283483.82
Wheat,2023-01-30,288805.32,NGN,NGN/MT,Historical (World Bank Pink Sheet × FX),wholesale,National,,,0.65,False,Synthetic: World Bank wheat USD × NGN/USD FX + import premium,Synthetic (World Bank/FAO × FX),historical,False,,288805.32
Wheat,2023-02-06,306236.89,NGN,NGN/MT,Historical (World Bank Pink Sheet × FX),wholesale,National,,,0.65,False,Synthetic: World Bank wheat USD × NGN/USD FX + import premium,Synthetic (World Bank/FAO × FX),historical,False,,306236.89
Wheat,2023-02-13,290740.63,NGN,NGN/MT,Historical (World Bank Pink Sheet × FX),wholesale,National,,,0.65,False,Synthetic: World Bank wheat USD × NGN/USD FX + import premium,Synthetic (World Bank/FAO × FX),historical,False,,290740.63
Wheat,2023-02-20,308261.62,NGN,NGN/MT,Historical (World Bank Pink Sheet × FX),wholesale,National,,,0.65,False,Synthetic: World Bank wheat USD × NGN/USD FX + import premium,Synthetic (World Bank/FAO × FX),historical,False,,308261.62
Wheat,2023-02-27,299630.05,NGN,NGN/MT,Historical (World Bank Pink Sheet × FX),wholesale,National,,,0.65,False,Synthetic: World Bank wheat USD × NGN/USD FX + import premium,Synthetic (World Bank/FAO × FX),historical,False,,299630.05
Wheat,2023-03-06,303938.46,NGN,NGN/MT,Historical (World Bank Pink Sheet × FX),wholesale,National,,,0.65,False,Synthetic: World Bank wheat USD × NGN/USD FX + import premium,Synthetic (World Bank/FAO × FX),historical,False,,303938.46
Wheat,2023-03-13,313951.37,NGN,NGN/MT,Historical (World Bank Pink Sheet × FX),wholesale,National,,,0.65,False,Synthetic: World Bank wheat USD × NGN/USD FX + import premium,Synthetic (World Bank/FAO × FX),historical,False,,313951.37
Wheat,2023-03-20,311491.93,NGN,NGN/MT,Historical (World Bank Pink Sheet × FX),wholesale,National,,,0.65,False,Synthetic: World Bank wheat USD × NGN/USD FX + import premium,Synthetic (World Bank/FAO × FX),historical,False,,311491.93
Wheat,2023-03-27,304066.22,NGN,NGN/MT,Historical (World Bank Pink Sheet × FX),wholesale,National,,,0.65,False,Synthetic: World Bank wheat USD × NGN/USD FX + import premium,Synthetic (World Bank/FAO × FX),historical,False,,304066.22
Wheat,2023-04-03,312302.78,NGN,NGN/MT,Historical (World Bank Pink Sheet × FX),wholesale,National,,,0.65,False,Synthetic: World Bank wheat USD × NGN/USD FX + import premium,Synthetic (World Bank/FAO × FX),historical,False,,312302.78
Wheat,2023-04-10,292017.86,NGN,NGN/MT,Historical (World Bank Pink Sheet × FX),wholesale,National,,,0.65,False,Synthetic: World Bank wheat USD × NGN/USD FX + import premium,Synthetic (World Bank/FAO × FX),historical,False,,292017.86
Wheat,2023-04-17,307382.79,NGN,NGN/MT,Historical (World Bank Pink Sheet × FX),wholesale,National,,,0.65,False,Synthetic: World Bank wheat USD × NGN/USD FX + import premium,Synthetic (World Bank/FAO × FX),historical,False,,307382.79
Wheat,2023-04-24,307176.05,NGN,NGN/MT,Historical (World Bank Pink Sheet × FX),wholesale,National,,,0.65,False,Synthetic: World Bank wheat USD × NGN/USD FX + import premium,Synthetic (World Bank/FAO × FX),historical,False,,307176.05
Wheat,2023-05-01,285160.56,NGN,NGN/MT,Historical (World Bank Pink Sheet × FX),wholesale,National,,,0.65,False,Synthetic: World Bank wheat USD × NGN/USD FX + import premium,Synthetic (World Bank/FAO × FX),historical,False,,285160.56
Wheat,2023-05-08,290649.66,NGN,NGN/MT,Historical (World Bank Pink Sheet × FX),wholesale,National,,,0.65,False,Synthetic: World Bank wheat USD × NGN/USD FX + import premium,Synthetic (World Bank/FAO × FX),historical,False,,290649.66
Wheat,2023-05-15,277030.13,NGN,NGN/MT,Historical (World Bank Pink Sheet × FX),wholesale,National,,,0.65,False,Synthetic: World Bank wheat USD × NGN/USD FX + import premium,Synthetic (World Bank/FAO × FX),historical,False,,277030.13
Wheat,2023-05-22,295812.48,NGN,NGN/MT,Historical (World Bank Pink Sheet × FX),wholesale,National,,,0.65,False,Synthetic: World Bank wheat USD × NGN/USD FX + import premium,Synthetic (World Bank/FAO × FX),historical,False,,295812.48
Wheat,2023-05-29,286236.87,NGN,NGN/MT,Historical (World Bank Pink Sheet × FX),wholesale,National,,,0.65,False,Synthetic: World Bank wheat USD × NGN/USD FX + import premium,Synthetic (World Bank/FAO × FX),historical,False,,286236.87
Wheat,2023-06-05,266815.72,NGN,NGN/MT,Historical (World Bank Pink Sheet × FX),wholesale,National,,,0.65,False,Synthetic: World Bank wheat USD × NGN/USD FX + import premium,Synthetic (World Bank/FAO × FX),historical,False,,266815.72
Wheat,2023-06-12,279597.04,NGN,NGN/MT,Historical (World Bank Pink Sheet × FX),wholesale,National,,,0.65,False,Synthetic: World Bank wheat USD × NGN/USD FX + import premium,Synthetic (World Bank/FAO × FX),historical,False,,279597.04
Wheat,2023-06-19,265338.78,NGN,NGN/MT,Historical (World Bank Pink Sheet × FX),wholesale,National,,,0.65,False,Synthetic: World Bank wheat USD × NGN/USD FX + import premium,Synthetic (World Bank/FAO × FX),historical,False,,265338.78
Wheat,2023-06-26,259612.9,NGN,NGN/MT,Historical (World Bank Pink Sheet × FX),wholesale,National,,,0.65,False,Synthetic: World Bank wheat USD × NGN/USD FX + import premium,Synthetic (World Bank/FAO × FX),historical,False,,259612.9
Wheat,2023-07-03,253080.0,NGN,NGN/MT,Historical (World Bank Pink Sheet × FX),wholesale,National,,,0.65,False,Synthetic: World Bank wheat USD × NGN/USD FX + import premium,Synthetic (World Bank/FAO × FX),historical,False,,253080.0
Wheat,2023-07-10,270303.96,NGN,NGN/MT,Historical (World Bank Pink Sheet × FX),wholesale,National,,,0.65,False,Synthetic: World Bank wheat USD × NGN/USD FX + import premium,Synthetic (World Bank/FAO × FX),historical,False,,270303.96
Wheat,2023-07-17,255279.74,NGN,NGN/MT,Historical (World Bank Pink Sheet × FX),wholesale,National,,,0.65,False,Synthetic: World Bank wheat USD × NGN/USD FX + import premium,Synthetic (World Bank/FAO × FX),historical,False,,255279.74
Wheat,2023-07-24,279453.25,NGN,NGN/MT,Historical (World Bank Pink Sheet × FX),wholesale,National,,,0.65,False,Synthetic: World Bank wheat USD × NGN/USD FX + import premium,Synthetic (World Bank/FAO × FX),historical,False,,279453.25
Wheat,2023-07-31,248896.34,NGN,NGN/MT,Historical (World Bank Pink Sheet × FX),wholesale,National,,,0.65,False,Synthetic: World Bank wheat USD × NGN/USD FX + import premium,Synthetic (World Bank/FAO × FX),historical,False,,248896.34
Wheat,2023-08-07,273115.19,NGN,NGN/MT,Historical (World Bank Pink Sheet × FX),wholesale,National,,,0.65,False,Synthetic: World Bank wheat USD × NGN/USD FX + import premium,Synthetic (World Bank/FAO × FX),historical,False,,273115.19
Wheat,2023-08-14,261533.73,NGN,NGN/MT,Historical (World Bank Pink Sheet × FX),wholesale,National,,,0.65,False,Synthetic: World Bank wheat USD × NGN/USD FX + import premium,Synthetic (World Bank/FAO × FX),historical,False,,261533.73
Wheat,2023-08-21,259134.46,NGN,NGN/MT,Historical (World Bank Pink Sheet × FX),wholesale,National,,,0.65,False,Synthetic: World Bank wheat USD × NGN/USD FX + import premium,Synthetic (World Bank/FAO × FX),historical,False,,259134.46
Wheat,2023-08-28,255639.95,NGN,NGN/MT,Historical (World Bank Pink Sheet × FX),wholesale,National,,,0.65,False,Synthetic: World Bank wheat USD × NGN/USD FX + import premium,Synthetic (World Bank/FAO × FX),historical,False,,255639.95
Wheat,2023-09-04,268656.35,NGN,NGN/MT,Historical (World Bank Pink Sheet × FX),wholesale,National,,,0.65,False,Synthetic: World Bank wheat USD × NGN/USD FX + import premium,Synthetic (World Bank/FAO × FX),historical,False,,268656.35
Wheat,2023-09-11,265177.76,NGN,NGN/MT,Historical (World Bank Pink Sheet × FX),wholesale,National,,,0.65,False,Synthetic: World Bank wheat USD × NGN/USD FX + import premium,Synthetic (World Bank/FAO × FX),historical,False,,265177.76
Wheat,2023-09-18,274264.55,NGN,NGN/MT,Historical (World Bank Pink Sheet × FX),wholesale,National,,,0.65,False,Synthetic: World Bank wheat USD × NGN/USD FX + import premium,Synthetic (World Bank/FAO × FX),historical,False,,274264.55
Wheat,2023-09-25,266387.25,NGN,NGN/MT,Historical (World Bank Pink Sheet × FX),wholesale,National,,,0.65,False,Synthetic: World Bank wheat USD × NGN/USD FX + import premium,Synthetic (World Bank/FAO × FX),historical,False,,266387.25
Wheat,2023-10-02,272288.75,NGN,NGN/MT,Historical (World Bank Pink Sheet × FX),wholesale,National,,,0.65,False,Synthetic: World Bank wheat USD × NGN/USD FX + import premium,Synthetic (World Bank/FAO × FX),historical,False,,272288.75
Wheat,2023-10-09,268109.61,NGN,NGN/MT,Historical (World Bank Pink Sheet × FX),wholesale,National,,,0.65,False,Synthetic: World Bank wheat USD × NGN/USD FX + import premium,Synthetic (World Bank/FAO × FX),historical,False,,268109.61
Wheat,2023-10-16,270603.42,NGN,NGN/MT,Historical (World Bank Pink Sheet × FX),wholesale,National,,,0.65,False,Synthetic: World Bank wheat USD × NGN/USD FX + import premium,Synthetic (World Bank/FAO × FX),historical,False,,270603.42
Wheat,2023-10-23,273569.54,NGN,NGN/MT,Historical (World Bank Pink Sheet × FX),wholesale,National,,,0.65,False,Synthetic: World Bank wheat USD × NGN/USD FX + import premium,Synthetic (World Bank/FAO × FX),historical,False,,273569.54
Wheat,2023-10-30,257159.42,NGN,NGN/MT,Historical (World Bank Pink Sheet × FX),wholesale,National,,,0.65,False,Synthetic: World Bank wheat USD × NGN/USD FX + import premium,Synthetic (World Bank/FAO × FX),historical,False,,257159.42
Wheat,2023-11-06,268147.49,NGN,NGN/MT,Historical (World Bank Pink Sheet × FX),wholesale,National,,,0.65,False,Synthetic: World Bank wheat USD × NGN/USD FX + import premium,Synthetic (World Bank/FAO × FX),historical,False,,268147.49
Wheat,2023-11-13,285681.15,NGN,NGN/MT,Historical (World Bank Pink Sheet × FX),wholesale,National,,,0.65,False,Synthetic: World Bank wheat USD × NGN/USD FX + import premium,Synthetic (World Bank/FAO × FX),historical,False,,285681.15
Wheat,2023-11-20,280882.45,NGN,NGN/MT,Historical (World Bank Pink Sheet × FX),wholesale,National,,,0.65,False,Synthetic: World Bank wheat USD × NGN/USD FX + import premium,Synthetic (World Bank/FAO × FX),historical,False,,280882.45
Wheat,2023-11-27,277907.58,NGN,NGN/MT,Historical (World Bank Pink Sheet × FX),wholesale,National,,,0.65,False,Synthetic: World Bank wheat USD × NGN/USD FX + import premium,Synthetic (World Bank/FAO × FX),historical,False,,277907.58
Wheat,2023-12-04,287992.68,NGN,NGN/MT,Historical (World Bank Pink Sheet × FX),wholesale,National,,,0.65,False,Synthetic: World Bank wheat USD × NGN/USD FX + import premium,Synthetic (World Bank/FAO × FX),historical,False,,287992.68
Wheat,2023-12-11,290834.87,NGN,NGN/MT,Historical (World Bank Pink Sheet × FX),wholesale,National,,,0.65,False,Synthetic: World Bank wheat USD × NGN/USD FX + import premium,Synthetic (World Bank/FAO × FX),historical,False,,290834.87
Wheat,2023-12-18,283172.67,NGN,NGN/MT,Historical (World Bank Pink Sheet × FX),wholesale,National,,,0.65,False,Synthetic: World Bank wheat USD × NGN/USD FX + import premium,Synthetic (World Bank/FAO × FX),historical,False,,283172.67
Wheat,2023-12-25,281112.83,NGN,NGN/MT,Historical (World Bank Pink Sheet × FX),wholesale,National,,,0.65,False,Synthetic: World Bank wheat USD × NGN/USD FX + import premium,Synthetic (World Bank/FAO × FX),historical,False,,281112.83
Wheat,2024-01-01,470523.35,NGN,NGN/MT,Historical (World Bank Pink Sheet × FX),wholesale,National,,,0.65,False,Synthetic: World Bank wheat USD × NGN/USD FX + import premium,Synthetic (World Bank/FAO × FX),historical,False,,470523.35
Wheat,2024-01-08,454045.25,NGN,NGN/MT,Historical (World Bank Pink Sheet × FX),wholesale,National,,,0.65,False,Synthetic: World Bank wheat USD × NGN/USD FX + import premium,Synthetic (World Bank/FAO × FX),historical,False,,454045.25
Wheat,2024-01-15,473504.11,NGN,NGN/MT,Historical (World Bank Pink Sheet × FX),wholesale,National,,,0.65,False,Synthetic: World Bank wheat USD × NGN/USD FX + import premium,Synthetic (World Bank/FAO × FX),historical,False,,473504.11
Wheat,2024-01-22,443882.22,NGN,NGN/MT,Historical (World Bank Pink Sheet × FX),wholesale,National,,,0.65,False,Synthetic: World Bank wheat USD × NGN/USD FX + import premium,Synthetic (World Bank/FAO × FX),historical,False,,443882.22
Wheat,2024-01-29,482217.4,NGN,NGN/MT,Historical (World Bank Pink Sheet × FX),wholesale,National,,,0.65,False,Synthetic: World Bank wheat USD × NGN/USD FX + import premium,Synthetic (World Bank/FAO × FX),historical,False,,482217.4
Wheat,2024-02-05,487961.57,NGN,NGN/MT,Historical (World Bank Pink Sheet × FX),wholesale,National,,,0.65,False,Synthetic: World Bank wheat USD × NGN/USD FX + import premium,Synthetic (World Bank/FAO × FX),historical,False,,487961.57
Wheat,2024-02-12,484835.58,NGN,NGN/MT,Historical (World Bank Pink Sheet × FX),wholesale,National,,,0.65,False,Synthetic: World Bank wheat USD × NGN/USD FX + import premium,Synthetic (World Bank/FAO × FX),historical,False,,484835.58
Wheat,2024-02-19,495324.36,NGN,NGN/MT,Historical (World Bank Pink Sheet × FX),wholesale,National,,,0.65,False,Synthetic: World Bank wheat USD × NGN/USD FX + import premium,Synthetic (World Bank/FAO × FX),historical,False,,495324.36
Wheat,2024-02-26,505179.79,NGN,NGN/MT,Historical (World Bank Pink Sheet × FX),wholesale,National,,,0.65,False,Synthetic: World Bank wheat USD × NGN/USD FX + import premium,Synthetic (World Bank/FAO × FX),historical,False,,505179.79
Wheat,2024-03-04,504962.76,NGN,NGN/MT,Historical (World Bank Pink Sheet × FX),wholesale,National,,,0.65,False,Synthetic: World Bank wheat USD × NGN/USD FX + import premium,Synthetic (World Bank/FAO × FX),historical,False,,504962.76
Wheat,2024-03-11,462986.39,NGN,NGN/MT,Historical (World Bank Pink Sheet × FX),wholesale,National,,,0.65,False,Synthetic: World Bank wheat USD × NGN/USD FX + import premium,Synthetic (World Bank/FAO × FX),historical,False,,462986.39
Wheat,2024-03-18,471238.3,NGN,NGN/MT,Historical (World Bank Pink Sheet × FX),wholesale,National,,,0.65,False,Synthetic: World Bank wheat USD × NGN/USD FX + import premium,Synthetic (World Bank/FAO × FX),historical,False,,471238.3
Wheat,2024-03-25,480864.23,NGN,NGN/MT,Historical (World Bank Pink Sheet × FX),wholesale,National,,,0.65,False,Synthetic: World Bank wheat USD × NGN/USD FX + import premium,Synthetic (World Bank/FAO × FX),historical,False,,480864.23
Wheat,2024-04-01,481516.6,NGN,NGN/MT,Historical (World Bank Pink Sheet × FX),wholesale,National,,,0.65,False,Synthetic: World Bank wheat USD × NGN/USD FX + import premium,Synthetic (World Bank/FAO × FX),historical,False,,481516.6
Wheat,2024-04-08,488611.99,NGN,NGN/MT,Historical (World Bank Pink Sheet × FX),wholesale,National,,,0.65,False,Synthetic: World Bank wheat USD × NGN/USD FX + import premium,Synthetic (World Bank/FAO × FX),historical,False,,488611.99
Wheat,2024-04-15,470664.47,NGN,NGN/MT,Historical (World Bank Pink Sheet × FX),wholesale,National,,,0.65,False,Synthetic: World Bank wheat USD × NGN/USD FX + import premium,Synthetic (World Bank/FAO × FX),historical,False,,470664.47
Wheat,2024-04-22,483835.83,NGN,NGN/MT,Historical (World Bank Pink Sheet × FX),wholesale,National,,,0.65,False,Synthetic: World Bank wheat USD × NGN/USD FX + import premium,Synthetic (World Bank/FAO × FX),historical,False,,483835.83
Wheat,2024-04-29,470236.65,NGN,NGN/MT,Historical (World Bank Pink Sheet × FX),wholesale,National,,,0.65,False,Synthetic: World Bank wheat USD × NGN/USD FX + import premium,Synthetic (World Bank/FAO × FX),historical,False,,470236.65
Wheat,2024-05-06,450446.88,NGN,NGN/MT,Historical (World Bank Pink Sheet × FX),wholesale,National,,,0.65,False,Synthetic: World Bank wheat USD × NGN/USD FX + import premium,Synthetic (World Bank/FAO × FX),historical,False,,450446.88
Wheat,2024-05-13,439500.97,NGN,NGN/MT,Historical (World Bank Pink Sheet × FX),wholesale,National,,,0.65,False,Synthetic: World Bank wheat USD × NGN/USD FX + import premium,Synthetic (World Bank/FAO × FX),historical,False,,439500.97
Wheat,2024-05-20,446155.82,NGN,NGN/MT,Historical (World Bank Pink Sheet × FX),wholesale,National,,,0.65,False,Synthetic: World Bank wheat USD × NGN/USD FX + import premium,Synthetic (World Bank/FAO × FX),historical,False,,446155.82
Wheat,2024-05-27,440257.78,NGN,NGN/MT,Historical (World Bank Pink Sheet × FX),wholesale,National,,,0.65,False,Synthetic: World Bank wheat USD × NGN/USD FX + import premium,Synthetic (World Bank/FAO × FX),historical,False,,440257.78
Wheat,2024-06-03,419483.73,NGN,NGN/MT,Historical (World Bank Pink Sheet × FX),wholesale,National,,,0.65,False,Synthetic: World Bank wheat USD × NGN/USD FX + import premium,Synthetic (World Bank/FAO × FX),historical,False,,419483.73
Wheat,2024-06-10,445794.46,NGN,NGN/MT,Historical (World Bank Pink Sheet × FX),wholesale,National,,,0.65,False,Synthetic: World Bank wheat USD × NGN/USD FX + import premium,Synthetic (World Bank/FAO × FX),historical,False,,445794.46
Wheat,2024-06-17,419826.95,NGN,NGN/MT,Historical (World Bank Pink Sheet × FX),wholesale,National,,,0.65,False,Synthetic: World Bank wheat USD × NGN/USD FX + import premium,Synthetic (World Bank/FAO × FX),historical,False,,419826.95
Wheat,2024-06-24,466261.33,NGN,NGN/MT,Historical (World Bank Pink Sheet × FX),wholesale,National,,,0.65,False,Synthetic: World Bank wheat USD × NGN/USD FX + import premium,Synthetic (World Bank/FAO × FX),historical,False,,466261.33
Wheat,2024-07-01,429488.53,NGN,NGN/MT,Historical (World Bank Pink Sheet × FX),wholesale,National,,,0.65,False,Synthetic: World Bank wheat USD × NGN/USD FX + import premium,Synthetic (World Bank/FAO × FX),historical,False,,429488.53
Wheat,2024-07-08,425571.82,NGN,NGN/MT,Historical (World Bank Pink Sheet × FX),wholesale,National,,,0.65,False,Synthetic: World Bank wheat USD × NGN/USD FX + import premium,Synthetic (World Bank/FAO × FX),historical,False,,425571.82
Wheat,2024-07-15,412326.65,NGN,NGN/MT,Historical (World Bank Pink Sheet × FX),wholesale,National,,,0.65,False,Synthetic: World Bank wheat USD × NGN/USD FX + import premium,Synthetic (World Bank/FAO × FX),historical,False,,412326.65
Wheat,2024-07-22,432116.66,NGN,NGN/MT,Historical (World Bank Pink Sheet × FX),wholesale,National,,,0.65,False,Synthetic: World Bank wheat USD × NGN/USD FX + import premium,Synthetic (World Bank/FAO × FX),historical,False,,432116.66
Wheat,2024-07-29,415916.27,NGN,NGN/MT,Historical (World Bank Pink Sheet × FX),wholesale,National,,,0.65,False,Synthetic: World Bank wheat USD × NGN/USD FX + import premium,Synthetic (World Bank/FAO × FX),historical,False,,415916.27
Wheat,2024-08-05,415831.51,NGN,NGN/MT,Historical (World Bank Pink Sheet × FX),wholesale,National,,,0.65,False,Synthetic: World Bank wheat USD × NGN/USD FX + import premium,Synthetic (World Bank/FAO × FX),historical,False,,415831.51
Wheat,2024-08-12,446135.44,NGN,NGN/MT,Historical (World Bank Pink Sheet × FX),wholesale,National,,,0.65,False,Synthetic: World Bank wheat USD × NGN/USD FX + import premium,Synthetic (World Bank/FAO × FX),historical,False,,446135.44
Wheat,2024-08-19,413121.03,NGN,NGN/MT,Historical (World Bank Pink Sheet × FX),wholesale,National,,,0.65,False,Synthetic: World Bank wheat USD × NGN/USD FX + import premium,Synthetic (World Bank/FAO × FX),historical,False,,413121.03
Wheat,2024-08-26,428599.84,NGN,NGN/MT,Historical (World Bank Pink Sheet × FX),wholesale,National,,,0.65,False,Synthetic: World Bank wheat USD × NGN/USD FX + import premium,Synthetic (World Bank/FAO × FX),historical,False,,428599.84
Wheat,2024-09-02,414296.94,NGN,NGN/MT,Historical (World Bank Pink Sheet × FX),wholesale,National,,,0.65,False,Synthetic: World Bank wheat USD × NGN/USD FX + import premium,Synthetic (World Bank/FAO × FX),historical,False,,414296.94
Wheat,2024-09-09,422780.76,NGN,NGN/MT,Historical (World Bank Pink Sheet × FX),wholesale,National,,,0.65,False,Synthetic: World Bank wheat USD × NGN/USD FX + import premium,Synthetic (World Bank/FAO × FX),historical,False,,422780.76
Wheat,2024-09-16,445708.41,NGN,NGN/MT,Historical (World Bank Pink Sheet × FX),wholesale,National,,,0.65,False,Synthetic: World Bank wheat USD × NGN/USD FX + import premium,Synthetic (World Bank/FAO × FX),historical,False,,445708.41
Wheat,2024-09-23,415264.56,NGN,NGN/MT,Historical (World Bank Pink Sheet × FX),wholesale,National,,,0.65,False,Synthetic: World Bank wheat USD × NGN/USD FX + import premium,Synthetic (World Bank/FAO × FX),historical,False,,415264.56
Wheat,2024-09-30,446237.21,NGN,NGN/MT,Historical (World Bank Pink Sheet × FX),wholesale,National,,,0.65,False,Synthetic: World Bank wheat USD × NGN/USD FX + import premium,Synthetic (World Bank/FAO × FX),historical,False,,446237.21
Wheat,2024-10-07,441310.33,NGN,NGN/MT,Historical (World Bank Pink Sheet × FX),wholesale,National,,,0.65,False,Synthetic: World Bank wheat USD × NGN/USD FX + import premium,Synthetic (World Bank/FAO × FX),historical,False,,441310.33
Wheat,2024-10-14,424843.15,NGN,NGN/MT,Historical (World Bank Pink Sheet × FX),wholesale,National,,,0.65,False,Synthetic: World Bank wheat USD × NGN/USD FX + import premium,Synthetic (World Bank/FAO × FX),historical,False,,424843.15
Wheat,2024-10-21,440333.57,NGN,NGN/MT,Historical (World Bank Pink Sheet × FX),wholesale,National,,,0.65,False,Synthetic: World Bank wheat USD × NGN/USD FX + import premium,Synthetic (World Bank/FAO × FX),historical,False,,440333.57
Wheat,2024-10-28,444743.24,NGN,NGN/MT,Historical (World Bank Pink Sheet × FX),wholesale,National,,,0.65,False,Synthetic: World Bank wheat USD × NGN/USD FX + import premium,Synthetic (World Bank/FAO × FX),historical,False,,444743.24
Wheat,2024-11-04,453810.49,NGN,NGN/MT,Historical (World Bank Pink Sheet × FX),wholesale,National,,,0.65,False,Synthetic: World Bank wheat USD × NGN/USD FX + import premium,Synthetic (World Bank/FAO × FX),historical,False,,453810.49
Wheat,2024-11-11,424513.95,NGN,NGN/MT,Historical (World Bank Pink Sheet × FX),wholesale,National,,,0.65,False,Synthetic: World Bank wheat USD × NGN/USD FX + import premium,Synthetic (World Bank/FAO × FX),historical,False,,424513.95
Wheat,2024-11-18,435781.81,NGN,NGN/MT,Historical (World Bank Pink Sheet × FX),wholesale,National,,,0.65,False,Synthetic: World Bank wheat USD × NGN/USD FX + import premium,Synthetic (World Bank/FAO × FX),historical,False,,435781.81
Wheat,2024-11-25,442191.91,NGN,NGN/MT,Historical (World Bank Pink Sheet × FX),wholesale,National,,,0.65,False,Synthetic: World Bank wheat USD × NGN/USD FX + import premium,Synthetic (World Bank/FAO × FX),historical,False,,442191.91
Wheat,2024-12-02,457840.35,NGN,NGN/MT,Historical (World Bank Pink Sheet × FX),wholesale,National,,,0.65,False,Synthetic: World Bank wheat USD × NGN/USD FX + import premium,Synthetic (World Bank/FAO × FX),historical,False,,457840.35
Wheat,2024-12-09,467409.14,NGN,NGN/MT,Historical (World Bank Pink Sheet × FX),wholesale,National,,,0.65,False,Synthetic: World Bank wheat USD × NGN/USD FX + import premium,Synthetic (World Bank/FAO × FX),historical,False,,467409.14
Wheat,2024-12-16,461311.22,NGN,NGN/MT,Historical (World Bank Pink Sheet × FX),wholesale,National,,,0.65,False,Synthetic: World Bank wheat USD × NGN/USD FX + import premium,Synthetic (World Bank/FAO × FX),historical,False,,461311.22
Wheat,2024-12-23,440482.72,NGN,NGN/MT,Historical (World Bank Pink Sheet × FX),wholesale,National,,,0.65,False,Synthetic: World Bank wheat USD × NGN/USD FX + import premium,Synthetic (World Bank/FAO × FX),historical,False,,440482.72
Wheat,2024-12-30,464098.78,NGN,NGN/MT,Historical (World Bank Pink Sheet × FX),wholesale,National,,,0.65,False,Synthetic: World Bank wheat USD × NGN/USD FX + import premium,Synthetic (World Bank/FAO × FX),historical,False,,464098.78
Wheat,2025-01-06,508965.81,NGN,NGN/MT,Historical (World Bank Pink Sheet × FX),wholesale,National,,,0.65,False,Synthetic: World Bank wheat USD × NGN/USD FX + import premium,Synthetic (World Bank/FAO × FX),historical,False,,508965.81
Wheat,2025-01-13,508204.17,NGN,NGN/MT,Historical (World Bank Pink Sheet × FX),wholesale,National,,,0.65,False,Synthetic: World Bank wheat USD × NGN/USD FX + import premium,Synthetic (World Bank/FAO × FX),historical,False,,508204.17
Wheat,2025-01-20,516016.07,NGN,NGN/MT,Historical (World Bank Pink Sheet × FX),wholesale,National,,,0.65,False,Synthetic: World Bank wheat USD × NGN/USD FX + import premium,Synthetic (World Bank/FAO × FX),historical,False,,516016.07
Wheat,2025-01-27,512314.59,NGN,NGN/MT,Historical (World Bank Pink Sheet × FX),wholesale,National,,,0.65,False,Synthetic: World Bank wheat USD × NGN/USD FX + import premium,Synthetic (World Bank/FAO × FX),historical,False,,512314.59
Wheat,2025-02-03,521172.61,NGN,NGN/MT,Historical (World Bank Pink Sheet × FX),wholesale,National,,,0.65,False,Synthetic: World Bank wheat USD × NGN/USD FX + import premium,Synthetic (World Bank/FAO × FX),historical,False,,521172.61
Wheat,2025-02-10,513008.65,NGN,NGN/MT,Historical (World Bank Pink Sheet × FX),wholesale,National,,,0.65,False,Synthetic: World Bank wheat USD × NGN/USD FX + import premium,Synthetic (World Bank/FAO × FX),historical,False,,513008.65
Wheat,2025-02-17,488474.26,NGN,NGN/MT,Historical (World Bank Pink Sheet × FX),wholesale,National,,,0.65,False,Synthetic: World Bank wheat USD × NGN/USD FX + import premium,Synthetic (World Bank/FAO × FX),historical,False,,488474.26
Wheat,2025-02-24,520716.68,NGN,NGN/MT,Historical (World Bank Pink Sheet × FX),wholesale,National,,,0.65,False,Synthetic: World Bank wheat USD × NGN/USD FX + import premium,Synthetic (World Bank/FAO × FX),historical,False,,520716.68
Wheat,2025-03-03,526873.43,NGN,NGN/MT,Historical (World Bank Pink Sheet × FX),wholesale,National,,,0.65,False,Synthetic: World Bank wheat USD × NGN/USD FX + import premium,Synthetic (World Bank/FAO × FX),historical,False,,526873.43
Wheat,2025-03-10,527877.05,NGN,NGN/MT,Historical (World Bank Pink Sheet × FX),wholesale,National,,,0.65,False,Synthetic: World Bank wheat USD × NGN/USD FX + import premium,Synthetic (World Bank/FAO × FX),historical,False,,527877.05
Wheat,2025-03-17,503555.41,NGN,NGN/MT,Historical (World Bank Pink Sheet × FX),wholesale,National,,,0.65,False,Synthetic: World Bank wheat USD × NGN/USD FX + import premium,Synthetic (World Bank/FAO × FX),historical,False,,503555.41
Wheat,2025-03-24,506629.41,NGN,NGN/MT,Historical (World Bank Pink Sheet × FX),wholesale,National,,,0.65,False,Synthetic: World Bank wheat USD × NGN/USD FX + import premium,Synthetic (World Bank/FAO × FX),historical,False,,506629.41
Wheat,2025-03-31,540154.27,NGN,NGN/MT,Historical (World Bank Pink Sheet × FX),wholesale,National,,,0.65,False,Synthetic: World Bank wheat USD × NGN/USD FX + import premium,Synthetic (World Bank/FAO × FX),historical,False,,540154.27
Wheat,2025-04-07,513480.75,NGN,NGN/MT,Historical (World Bank Pink Sheet × FX),wholesale,National,,,0.65,False,Synthetic: World Bank wheat USD × NGN/USD FX + import premium,Synthetic (World Bank/FAO × FX),historical,False,,513480.75
Wheat,2025-04-14,524601.4,NGN,NGN/MT,Historical (World Bank Pink Sheet × FX),wholesale,National,,,0.65,False,Synthetic: World Bank wheat USD × NGN/USD FX + import premium,Synthetic (World Bank/FAO × FX),historical,False,,524601.4
Wheat,2025-04-21,514527.55,NGN,NGN/MT,Historical (World Bank Pink Sheet × FX),wholesale,National,,,0.65,False,Synthetic: World Bank wheat USD × NGN/USD FX + import premium,Synthetic (World Bank/FAO × FX),historical,False,,514527.55
Wheat,2025-04-28,514549.72,NGN,NGN/MT,Historical (World Bank Pink Sheet × FX),wholesale,National,,,0.65,False,Synthetic: World Bank wheat USD × NGN/USD FX + import premium,Synthetic (World Bank/FAO × FX),historical,False,,514549.72
Wheat,2025-05-05,504091.24,NGN,NGN/MT,Historical (World Bank Pink Sheet × FX),wholesale,National,,,0.65,False,Synthetic: World Bank wheat USD × NGN/USD FX + import premium,Synthetic (World Bank/FAO × FX),historical,False,,504091.24
Wheat,2025-05-12,482699.95,NGN,NGN/MT,Historical (World Bank Pink Sheet × FX),wholesale,National,,,0.65,False,Synthetic: World Bank wheat USD × NGN/USD FX + import premium,Synthetic (World Bank/FAO × FX),historical,False,,482699.95
Wheat,2025-05-19,491704.11,NGN,NGN/MT,Historical (World Bank Pink Sheet × FX),wholesale,National,,,0.65,False,Synthetic: World Bank wheat USD × NGN/USD FX + import premium,Synthetic (World Bank/FAO × FX),historical,False,,491704.11
Wheat,2025-05-26,483490.83,NGN,NGN/MT,Historical (World Bank Pink Sheet × FX),wholesale,National,,,0.65,False,Synthetic: World Bank wheat USD × NGN/USD FX + import premium,Synthetic (World Bank/FAO × FX),historical,False,,483490.83
Wheat,2025-06-02,455711.11,NGN,NGN/MT,Historical (World Bank Pink Sheet × FX),wholesale,National,,,0.65,False,Synthetic: World Bank wheat USD × NGN/USD FX + import premium,Synthetic (World Bank/FAO × FX),historical,False,,455711.11
Wheat,2025-06-09,457447.08,NGN,NGN/MT,Historical (World Bank Pink Sheet × FX),wholesale,National,,,0.65,False,Synthetic: World Bank wheat USD × NGN/USD FX + import premium,Synthetic (World Bank/FAO × FX),historical,False,,457447.08
Wheat,2025-06-16,464806.67,NGN,NGN/MT,Historical (World Bank Pink Sheet × FX),wholesale,National,,,0.65,False,Synthetic: World Bank wheat USD × NGN/USD FX + import premium,Synthetic (World Bank/FAO × FX),historical,False,,464806.67
Wheat,2025-06-23,455098.13,NGN,NGN/MT,Historical (World Bank Pink Sheet × FX),wholesale,National,,,0.65,False,Synthetic: World Bank wheat USD × NGN/USD FX + import premium,Synthetic (World Bank/FAO × FX),historical,False,,455098.13
Wheat,2025-06-30,479124.3,NGN,NGN/MT,Historical (World Bank Pink Sheet × FX),wholesale,National,,,0.65,False,Synthetic: World Bank wheat USD × NGN/USD FX + import premium,Synthetic (World Bank/FAO × FX),historical,False,,479124.3
Wheat,2025-07-07,440073.0,NGN,NGN/MT,Historical (World Bank Pink Sheet × FX),wholesale,National,,,0.65,False,Synthetic: World Bank wheat USD × NGN/USD FX + import premium,Synthetic (World Bank/FAO × FX),historical,False,,440073.0
Wheat,2025-07-14,449674.35,NGN,NGN/MT,Historical (World Bank Pink Sheet × FX),wholesale,National,,,0.65,False,Synthetic: World Bank wheat USD × NGN/USD FX + import premium,Synthetic (World Bank/FAO × FX),historical,False,,449674.35
Wheat,2025-07-21,446243.98,NGN,NGN/MT,Historical (World Bank Pink Sheet × FX),wholesale,National,,,0.65,False,Synthetic: World Bank wheat USD × NGN/USD FX + import premium,Synthetic (World Bank/FAO × FX),historical,False,,446243.98
Wheat,2025-07-28,471839.61,NGN,NGN/MT,Historical (World Bank Pink Sheet × FX),wholesale,National,,,0.65,False,Synthetic: World Bank wheat USD × NGN/USD FX + import premium,Synthetic (World Bank/FAO × FX),historical,False,,471839.61
Wheat,2025-08-04,445299.68,NGN,NGN/MT,Historical (World Bank Pink Sheet × FX),wholesale,National,,,0.65,False,Synthetic: World Bank wheat USD × NGN/USD FX + import premium,Synthetic (World Bank/FAO × FX),historical,False,,445299.68
Wheat,2025-08-11,456392.9,NGN,NGN/MT,Historical (World Bank Pink Sheet × FX),wholesale,National,,,0.65,False,Synthetic: World Bank wheat USD × NGN/USD FX + import premium,Synthetic (World Bank/FAO × FX),historical,False,,456392.9
Wheat,2025-08-18,422960.05,NGN,NGN/MT,Historical (World Bank Pink Sheet × FX),wholesale,National,,,0.65,False,Synthetic: World Bank wheat USD × NGN/USD FX + import premium,Synthetic (World Bank/FAO × FX),historical,False,,422960.05
Wheat,2025-08-25,446235.91,NGN,NGN/MT,Historical (World Bank Pink Sheet × FX),wholesale,National,,,0.65,False,Synthetic: World Bank wheat USD × NGN/USD FX + import premium,Synthetic (World Bank/FAO × FX),historical,False,,446235.91
Wheat,2025-09-01,464278.48,NGN,NGN/MT,Historical (World Bank Pink Sheet × FX),wholesale,National,,,0.65,False,Synthetic: World Bank wheat USD × NGN/USD FX + import premium,Synthetic (World Bank/FAO × FX),historical,False,,464278.48
Wheat,2025-09-08,453325.79,NGN,NGN/MT,Historical (World Bank Pink Sheet × FX),wholesale,National,,,0.65,False,Synthetic: World Bank wheat USD × NGN/USD FX + import premium,Synthetic (World Bank/FAO × FX),historical,False,,453325.79
Wheat,2025-09-15,466664.11,NGN,NGN/MT,Historical (World Bank Pink Sheet × FX),wholesale,National,,,0.65,False,Synthetic: World Bank wheat USD × NGN/USD FX + import premium,Synthetic (World Bank/FAO × FX),historical,False,,466664.11
Wheat,2025-09-22,445191.82,NGN,NGN/MT,Historical (World Bank Pink Sheet × FX),wholesale,National,,,0.65,False,Synthetic: World Bank wheat USD × NGN/USD FX + import premium,Synthetic (World Bank/FAO × FX),historical,False,,445191.82
Wheat,2025-09-29,471329.11,NGN,NGN/MT,Historical (World Bank Pink Sheet × FX),wholesale,National,,,0.65,False,Synthetic: World Bank wheat USD × NGN/USD FX + import premium,Synthetic (World Bank/FAO × FX),historical,False,,471329.11
Wheat,2025-10-06,493573.79,NGN,NGN/MT,Historical (World Bank Pink Sheet × FX),wholesale,National,,,0.65,False,Synthetic: World Bank wheat USD × NGN/USD FX + import premium,Synthetic (World Bank/FAO × FX),historical,False,,493573.79
Wheat,2025-10-13,456703.7,NGN,NGN/MT,Historical (World Bank Pink Sheet × FX),wholesale,National,,,0.65,False,Synthetic: World Bank wheat USD × NGN/USD FX + import premium,Synthetic (World Bank/FAO × FX),historical,False,,456703.7
Wheat,2025-10-20,455558.65,NGN,NGN/MT,Historical (World Bank Pink Sheet × FX),wholesale,National,,,0.65,False,Synthetic: World Bank wheat USD × NGN/USD FX + import premium,Synthetic (World Bank/FAO × FX),historical,False,,455558.65
Wheat,2025-10-27,481861.82,NGN,NGN/MT,Historical (World Bank Pink Sheet × FX),wholesale,National,,,0.65,False,Synthetic: World Bank wheat USD × NGN/USD FX + import premium,Synthetic (World Bank/FAO × FX),historical,False,,481861.82
Wheat,2025-11-03,498566.76,NGN,NGN/MT,Historical (World Bank Pink Sheet × FX),wholesale,National,,,0.65,False,Synthetic: World Bank wheat USD × NGN/USD FX + import premium,Synthetic (World Bank/FAO × FX),historical,False,,498566.76
Wheat,2025-11-10,468543.4,NGN,NGN/MT,Historical (World Bank Pink Sheet × FX),wholesale,National,,,0.65,False,Synthetic: World Bank wheat USD × NGN/USD FX + import premium,Synthetic (World Bank/FAO × FX),historical,False,,468543.4
Wheat,2025-11-17,470009.61,NGN,NGN/MT,Historical (World Bank Pink Sheet × FX),wholesale,National,,,0.65,False,Synthetic: World Bank wheat USD × NGN/USD FX + import premium,Synthetic (World Bank/FAO × FX),historical,False,,470009.61
Wheat,2025-11-24,471986.03,NGN,NGN/MT,Historical (World Bank Pink Sheet × FX),wholesale,National,,,0.65,False,Synthetic: World Bank wheat USD × NGN/USD FX + import premium,Synthetic (World Bank/FAO × FX),historical,False,,471986.03
Wheat,2025-12-01,470515.17,NGN,NGN/MT,Historical (World Bank Pink Sheet × FX),wholesale,National,,,0.65,False,Synthetic: World Bank wheat USD × NGN/USD FX + import premium,Synthetic (World Bank/FAO × FX),historical,False,,470515.17
Wheat,2025-12-08,476778.12,NGN,NGN/MT,Historical (World Bank Pink Sheet × FX),wholesale,National,,,0.65,False,Synthetic: World Bank wheat USD × NGN/USD FX + import premium,Synthetic (World Bank/FAO × FX),historical,False,,476778.12
Wheat,2025-12-15,475520.69,NGN,NGN/MT,Historical (World Bank Pink Sheet × FX),wholesale,National,,,0.65,False,Synthetic: World Bank wheat USD × NGN/USD FX + import premium,Synthetic (World Bank/FAO × FX),historical,False,,475520.69
Wheat,2025-12-22,478996.99,NGN,NGN/MT,Historical (World Bank Pink Sheet × FX),wholesale,National,,,0.65,False,Synthetic: World Bank wheat USD × NGN/USD FX + import premium,Synthetic (World Bank/FAO × FX),historical,False,,478996.99
Wheat,2025-12-29,489780.13,NGN,NGN/MT,Historical (World Bank Pink Sheet × FX),wholesale,National,,,0.65,False,Synthetic: World Bank wheat USD × NGN/USD FX + import premium,Synthetic (World Bank/FAO × FX),historical,False,,489780.13
