commodity,date,price_ngn_mt,currency,unit,source,market_type,region,fx_rate,rainfall_index,data_quality_score,is_validated,notes,data_source,record_type,outlier_flag,outlier_reason,price_raw_ngn_mt,fx_rate_usd_ngn,fuel_diesel_ngn_litre,fuel_petrol_ngn_litre,headline_inflation_yoy,food_inflation_yoy,season_dry,season_rainy,season_planting,season_planting_early,season_planting_late,season_harvesting,season_harvest_early,season_harvest_lean,cashew_harvest,cocoa_main_crop,cocoa_mid_crop,sesame_harvest,ginger_harvest,hibiscus_harvest,sorghum_harvest,maize_harvest,soybean_harvest,is_ramadan,is_lean_season,is_festive_period,month_sin,month_cos,week_sin,week_cos,wheat_harvest,price_usd_mt,price_lag_1w,price_lag_2w,price_lag_4w,price_lag_8w,price_lag_12w,price_lag_26w,price_lag_52w,rolling_mean_4w,rolling_std_4w,rolling_mean_8w,rolling_std_8w,rolling_mean_12w,rolling_std_12w,rolling_mean_26w,rolling_std_26w,rolling_max_4w,rolling_min_4w,rolling_max_12w,rolling_min_12w,pct_change_1w,pct_change_4w,pct_change_12w,pct_change_52w,momentum_4w_vs_26w,acceleration_1w,price_zscore_52w,log_price,fuel_cost_index,shock_active,shock_severity,commodity_season_score,price_real_ngn_mt,weeks_since_start,year,quarter
Sorghum,2002-01-14,148555.0,NGN,NGN/MT,WFP Nigeria Food Prices,wholesale,National,,,0.9,True,WFP VAM data — converted to NGN/MT,WFP,historical,False,,,120.97,155.0,97.0,11.4,12.5,1,0,0,0,0,0,0,0,0,1,0,0,1,0,0,0,0,0,0,1,0.4999999999999999,0.8660254037844387,0.3546048870425356,0.9350162426854148,1,1228.03,,,,,,,,,,,,,,,,,,,,,,,,,,,11.90871727051601,1.0,0,0,0.333,133352.78,0,2002,1
Sorghum,2002-01-21,152528.125,NGN,NGN/MT,Gap-filled,wholesale,National,,,0.6,False,Weekly gap-fill,Interpolated,historical,False,,,120.97,155.0,97.0,11.4,12.5,1,0,0,0,0,0,0,0,0,1,0,0,1,0,0,0,0,0,0,1,0.4999999999999999,0.8660254037844387,0.4647231720437685,0.8854560256532099,1,1260.88,148555.0,,,,,,,150541.5625,2809.4236300018015,150541.5625,2809.4236300018015,150541.5625,2809.4236300018015,150541.5625,2809.4236300018015,152528.125,148555.0,152528.125,148555.0,2.6745144895829798,,,,0.0,,,11.935110840401114,1.0,0,0,0.333,136919.32,1,2002,1
Sorghum,2002-01-28,153852.5,NGN,NGN/MT,Gap-filled,wholesale,National,,,0.6,False,Weekly gap-fill,Interpolated,historical,False,,,120.97,155.0,97.0,11.4,12.5,1,0,0,0,0,0,0,0,0,1,0,0,1,0,0,0,0,0,0,1,0.4999999999999999,0.8660254037844387,0.5680647467311558,0.8229838658936564,1,1271.82,152528.125,148555.0,,,,,,151645.20833333334,2756.9064080429566,151645.20833333334,2756.9064080429566,151645.20833333334,2756.9064080429566,151645.20833333334,2756.9064080429566,153852.5,148555.0,153852.5,148555.0,0.8682824888852414,,,,0.0,-1.8062320006977384,,11.943756129922688,1.0,0,0,0.333,138108.17,2,2002,1
Sorghum,2002-02-04,156501.25,NGN,NGN/MT,Gap-filled,wholesale,National,,,0.6,False,Weekly gap-fill,Interpolated,historical,False,,,120.97,155.0,97.0,11.4,12.5,1,0,0,0,0,0,0,0,1,1,0,0,1,0,0,0,0,0,0,0,0.8660254037844386,0.5000000000000001,0.6631226582407952,0.7485107481711011,1,1293.72,153852.5,152528.125,,,,,,152859.21875,3310.937499999997,152859.21875,3310.937499999997,152859.21875,3310.937499999997,152859.21875,3310.937499999997,156501.25,148555.0,156501.25,148555.0,1.7216164833200542,,,,0.0,0.8533339944348128,,11.960825665855802,1.0,0,0,0.333,140485.86,3,2002,1
Sorghum,2002-02-11,159150.0,NGN,NGN/MT,WFP Nigeria Food Prices,wholesale,National,,,0.9,True,WFP VAM data — converted to NGN/MT,WFP,historical,False,,,120.97,155.0,97.0,11.4,12.5,1,0,0,0,0,0,0,0,1,1,0,0,1,0,0,0,0,0,0,0,0.8660254037844386,0.5000000000000001,0.7485107481711011,0.6631226582407953,1,1315.62,156501.25,153852.5,148555.0,,,,,155507.96875,2936.610564591919,154117.375,4017.0282664863066,154117.375,4017.0282664863066,154117.375,4017.0282664863066,159150.0,152528.125,159150.0,148555.0,1.692478494580718,7.132038638887961,,,0.902,-0.02913798873933615,,11.977608716070957,1.0,0,0,0.333,142863.55,4,2002,1
Sorghum,2002-02-18,162642.5,NGN,NGN/MT,Gap-filled,wholesale,National,,,0.6,False,Weekly gap-fill,Interpolated,historical,False,,,120.97,155.0,97.0,11.4,12.5,1,0,0,0,0,0,0,0,1,1,0,0,1,0,0,0,0,0,0,0,0.8660254037844386,0.5000000000000001,0.8229838658936564,0.5680647467311559,1,1344.49,159150.0,156501.25,152528.125,,,,,158036.5625,3755.7940481729847,155538.22916666666,5002.216733869512,155538.22916666666,5002.216733869512,155538.22916666666,5002.216733869512,162642.5,153852.5,162642.5,148555.0,2.194470625196354,6.631154090434133,,,1.606,0.5019921306156361,,11.999315967991977,1.0,0,0,0.333,145998.65,5,2002,1
Sorghum,2002-02-25,166135.0,NGN,NGN/MT,Gap-filled,wholesale,National,,,0.6,False,Weekly gap-fill,Interpolated,historical,False,,,120.97,155.0,97.0,11.4,12.5,1,0,0,0,0,0,0,0,1,1,0,0,1,0,0,0,0,0,0,0,0.8660254037844386,0.5000000000000001,0.8854560256532099,0.4647231720437686,1,1373.36,162642.5,159150.0,153852.5,,,,,161107.1875,4190.5181132279595,157052.05357142858,6073.998724865907,157052.05357142858,6073.998724865907,157052.05357142858,6073.998724865907,166135.0,156501.25,166135.0,148555.0,2.1473477104692718,7.983295689052827,,,2.582,-0.04712291472708241,,12.020562009022814,1.0,0,0,0.333,149133.75,6,2002,1
Sorghum,2002-03-04,169627.5,NGN,NGN/MT,Gap-filled,wholesale,National,,,0.6,False,Weekly gap-fill,Interpolated,historical,False,,,120.97,155.0,97.0,11.4,12.5,1,0,0,1,0,0,0,0,1,1,0,0,0,0,0,0,0,0,0,0,1.0,6.123233995736766e-17,0.9350162426854148,0.3546048870425355,0,1402.23,166135.0,162642.5,156501.25,,,,,164388.75,4508.798112209795,158623.984375,7168.730554350737,158623.984375,7168.730554350737,158623.984375,7168.730554350737,169627.5,159150.0,169627.5,148555.0,2.102206037258858,8.387313200373804,,,3.634,-0.045141673210413735,,12.041366030675219,1.0,0,0,0.333,152268.85,7,2002,1
Sorghum,2002-03-11,173120.0,NGN,NGN/MT,WFP Nigeria Food Prices,wholesale,National,,,0.9,True,WFP VAM data — converted to NGN/MT,WFP,historical,False,,,120.97,155.0,97.0,11.4,12.5,1,0,0,1,0,0,0,0,1,1,0,0,0,0,0,0,0,0,0,0,1.0,6.123233995736766e-17,0.970941817426052,0.239315664287558,0,1431.1,169627.5,166135.0,159150.0,148555.0,,,,167881.25,4508.798112209795,161694.609375,7493.378065784143,160234.65277777778,8265.297022741055,160234.65277777778,8265.297022741055,173120.0,162642.5,173120.0,148555.0,2.058923228839671,8.777882500785417,,,4.772,-0.04328280841918719,,12.061746050963682,1.0,0,0,0.333,155403.95,8,2002,1
Sorghum,2002-03-18,175533.0,NGN,NGN/MT,Gap-filled,wholesale,National,,,0.6,False,Weekly gap-fill,Interpolated,historical,False,,,120.97,155.0,97.0,11.4,12.5,1,0,0,1,0,0,0,0,1,1,0,0,0,0,0,0,0,0,0,0,1.0,6.123233995736766e-17,0.992708874098054,0.120536680255323,0,1451.05,173120.0,169627.5,162642.5,152528.125,,,,171103.875,4104.928346410765,164570.21875,7877.4414712400785,161764.4875,9172.159348034105,161764.4875,9172.159348034105,175533.0,166135.0,175533.0,148555.0,1.3938308687615475,7.925665185913888,,,5.773,-0.6650923600781233,,12.075588035318132,1.0,0,0,0.333,157570.02,9,2002,1
Sorghum,2002-03-25,177946.0,NGN,NGN/MT,Gap-filled,wholesale,National,,,0.6,False,Weekly gap-fill,Interpolated,historical,False,,,120.97,155.0,97.0,11.4,12.5,1,0,0,1,0,0,0,0,1,1,0,0,0,0,0,0,0,0,0,0,1.0,6.123233995736766e-17,1.0,-1.6081226496766364e-16,0,1470.99,175533.0,173120.0,166135.0,153852.5,,,,174056.625,3549.7105838598513,167581.90625,7799.80333994017,163235.5340909091,9975.941819900232,163235.5340909091,9975.941819900232,177946.0,169627.5,177946.0,148555.0,1.3746702899170016,7.10927859872994,,,6.629,-0.019160578844545917,,12.089241032128065,1.0,0,0,0.333,159736.09,10,2002,1
Sorghum,2002-04-01,180359.0,NGN,NGN/MT,Gap-filled,wholesale,National,,,0.6,False,Weekly gap-fill,Interpolated,historical,False,,,120.97,155.0,97.0,11.4,12.5,0,1,1,1,0,0,0,0,1,0,0,0,0,0,0,0,0,0,0,0,0.8660254037844387,-0.4999999999999998,0.992708874098054,-0.1205366802553228,0,1490.94,177946.0,175533.0,169627.5,156501.25,,,,176739.5,3115.169604799496,170564.125,7513.63215738098,164662.48958333334,10719.45051573339,164662.48958333334,10719.45051573339,180359.0,173120.0,180359.0,148555.0,1.3560293572207227,6.326509557707327,,,7.334,-0.018640932696278867,1.464,12.102710132535021,1.0,0,0,0.333,161902.15,11,2002,2
Sorghum,2002-04-08,182772.0,NGN,NGN/MT,Gap-filled,wholesale,National,,,0.6,False,Weekly gap-fill,Interpolated,historical,False,,,120.97,155.0,97.0,11.4,12.5,0,1,1,1,0,0,0,0,1,0,0,0,0,0,0,0,0,0,0,0,0.8660254037844387,-0.4999999999999998,0.970941817426052,-0.2393156642875575,0,1510.89,180359.0,177946.0,173120.0,159150.0,148555.0,,,179152.5,3115.169604799496,173516.875,7012.058790551033,167513.90625,10595.492333675153,166055.52884615384,11426.212267714054,182772.0,175533.0,182772.0,152528.125,1.337887213834632,5.575323475046212,23.033220019521394,,7.887,-0.01814214338609066,1.463,12.11600022468611,1.0,0,0,0.333,164068.22,12,2002,2
Sorghum,2002-04-15,185185.0,NGN,NGN/MT,WFP Nigeria Food Prices,wholesale,National,,,0.9,True,WFP VAM data — converted to NGN/MT,WFP,historical,False,,,120.97,155.0,97.0,11.4,12.5,0,1,1,1,0,0,0,0,1,0,0,0,0,0,0,0,0,0,0,0,0.8660254037844387,-0.4999999999999998,0.9350162426854148,-0.3546048870425354,0,1530.83,182772.0,180359.0,175533.0,162642.5,152528.125,,,181565.5,3115.169604799496,176334.6875,6530.755266634936,170235.3125,10590.434477483686,167421.91964285713,12110.066552372946,185185.0,177946.0,185185.0,153852.5,1.3202241043485774,5.498681159667984,21.410395623757907,,8.448,-0.01766310948605465,1.467,12.129116004384365,1.0,0,0,0.333,166234.29,13,2002,2
Sorghum,2002-04-22,186561.25,NGN,NGN/MT,Gap-filled,wholesale,National,,,0.6,False,Weekly gap-fill,Interpolated,historical,False,,,120.97,155.0,97.0,11.4,12.5,0,1,1,1,0,0,0,0,1,0,0,0,0,0,0,0,0,0,0,0,0.8660254037844387,-0.4999999999999998,0.8854560256532099,-0.4647231720437685,0,1542.21,185185.0,182772.0,177946.0,166135.0,153852.5,,,183719.3125,2733.3709146933656,178887.96875,5939.580851068993,172961.04166666666,10192.309144216932,168697.875,12672.78098399494,186561.25,180359.0,186561.25,156501.25,0.7431757431757502,4.84149685859756,21.259810532815514,,8.904,-0.5770483611728272,1.41,12.13652024253466,1.0,0,0,0.333,167469.7,14,2002,2
Sorghum,2002-04-29,187937.5,NGN,NGN/MT,Gap-filled,wholesale,National,,,0.6,False,Weekly gap-fill,Interpolated,historical,False,,,120.97,155.0,97.0,11.4,12.5,0,1,1,1,0,0,0,0,1,0,0,0,0,0,0,0,0,0,0,0,0.8660254037844387,-0.4999999999999998,0.8229838658936565,-0.5680647467311557,0,1553.59,186561.25,185185.0,180359.0,169627.5,156501.25,,,185613.9375,2202.796691849931,181176.71875,5360.98427369585,175580.72916666666,9599.863796061685,169900.3515625,13154.008925452064,187937.5,182772.0,187937.5,159150.0,0.7376933848803002,4.201897326997828,20.086900264374897,,9.249,-0.005482358295449963,1.371,12.143870060634587,1.0,0,0,0.333,168705.12,15,2002,2
Sorghum,2002-05-06,189313.75,NGN,NGN/MT,Gap-filled,wholesale,National,,,0.6,False,Weekly gap-fill,Interpolated,historical,False,,,120.97,155.0,97.0,11.4,12.5,0,1,1,1,0,0,0,0,1,0,1,0,0,0,0,0,0,0,0,0,0.4999999999999999,-0.8660254037844387,0.7485107481711013,-0.663122658240795,0,1564.96,187937.5,186561.25,182772.0,173120.0,159150.0,,,187249.375,1776.7311100726522,183200.9375,4923.7316690807775,178094.375,8824.229297727026,171042.3161764706,13578.7745374069,189313.75,185185.0,189313.75,162642.5,0.7322913202527426,3.5791860897730565,18.953031731071324,,9.475,-0.005402064627557657,1.346,12.151166252809563,1.0,0,0,0.333,169940.53,16,2002,2
Sorghum,2002-05-13,190690.0,NGN,NGN/MT,WFP Nigeria Food Prices,wholesale,National,,,0.9,True,WFP VAM data — converted to NGN/MT,WFP,historical,False,,,120.97,155.0,97.0,11.4,12.5,0,1,1,1,0,0,0,0,1,0,1,0,0,0,0,0,0,0,0,0,0.4999999999999999,-0.8660254037844387,0.6631226582407952,-0.7485107481711012,0,1576.34,189313.75,187937.5,185185.0,175533.0,162642.5,,,188625.625,1776.7311100726522,185095.5625,4444.481254380278,180431.66666666666,8038.947182264786,172133.85416666666,13963.640123170971,190690.0,186561.25,190690.0,166135.0,0.7269677981657452,2.9727029727029786,17.244877568901117,,9.581,-0.005323522086997379,1.329,12.158409595928404,1.0,0,0,0.333,171175.94,17,2002,2
Sorghum,2002-05-20,193616.25,NGN,NGN/MT,Gap-filled,wholesale,National,,,0.6,False,Weekly gap-fill,Interpolated,historical,False,,,120.97,155.0,97.0,11.4,12.5,0,1,1,1,0,0,0,0,1,0,1,0,0,0,0,0,0,0,0,0,0.4999999999999999,-0.8660254037844387,0.5680647467311558,-0.8229838658936564,0,1600.53,190690.0,189313.75,186561.25,177946.0,166135.0,,,190389.375,2427.0529325706925,187054.34375,4293.935507403802,182721.77083333334,7491.662180883612,173264.50657894736,14437.450108407886,193616.25,187937.5,193616.25,169627.5,1.534558707850442,3.7815998767160908,16.541517440635634,,9.884,0.8075909096846967,1.41,12.173638551095003,1.0,0,0,0.333,173802.74,18,2002,2
Sorghum,2002-05-27,196542.5,NGN,NGN/MT,Gap-filled,wholesale,National,,,0.6,False,Weekly gap-fill,Interpolated,historical,False,,,120.97,155.0,97.0,11.4,12.5,0,1,1,1,0,0,0,0,1,0,1,0,0,0,0,0,0,0,0,0,0.4999999999999999,-0.8660254037844387,0.464723172043769,-0.8854560256532096,0,1624.72,193616.25,190690.0,187937.5,180359.0,169627.5,,,192540.625,3215.0431729864354,189077.28125,4496.418369176946,184964.6875,7239.786213039191,174428.40625,14985.415910521388,196542.5,189313.75,196542.5,173120.0,1.5113659106609,4.578649817093439,15.867120602496643,,10.384,-0.023192797189541814,1.476,12.188639059837636,1.0,0,0,0.333,176429.53,19,2002,2
Sorghum,2002-06-03,199468.75,NGN,NGN/MT,Gap-filled,wholesale,National,,,0.6,False,Weekly gap-fill,Interpolated,historical,False,,,120.97,155.0,97.0,11.4,12.5,0,1,1,0,0,0,0,1,0,0,1,0,0,0,0,0,0,0,1,0,1.2246467991473532e-16,-1.0,0.3546048870425358,-0.9350162426854148,0,1648.91,196542.5,193616.25,189313.75,182772.0,173120.0,,,195079.375,3777.772505613154,191164.375,4998.611458981334,187160.41666666666,7316.084625154737,175620.80357142858,15594.633510470607,199468.75,190690.0,199468.75,175533.0,1.4888637317628461,5.364111164667129,15.219934149722736,,11.08,-0.02250217889805395,1.529,12.203417874742524,1.0,0,0,0.333,179056.33,20,2002,2
Sorghum,2002-06-10,202395.0,NGN,NGN/MT,WFP Nigeria Food Prices,wholesale,National,,,0.9,True,WFP VAM data — converted to NGN/MT,WFP,historical,False,,,120.97,155.0,97.0,11.4,12.5,0,1,1,0,0,0,0,1,0,0,1,0,0,0,0,0,0,0,1,0,1.2246467991473532e-16,-1.0,0.2393156642875576,-0.970941817426052,0,1673.1,199468.75,196542.5,190690.0,185185.0,175533.0,,,198005.625,3777.772505613154,193315.625,5710.314172305328,189398.91666666666,7541.046229962118,176837.8125,16254.120422372445,202395.0,193616.25,202395.0,177946.0,1.4670217765940796,6.138234831401745,15.303105398984806,,11.97,-0.021841955168766525,1.572,12.21798145335431,1.0,0,0,0.333,181683.12,21,2002,2
Sorghum,2002-06-17,207916.0,NGN,NGN/MT,Gap-filled,wholesale,National,,,0.6,False,Weekly gap-fill,Interpolated,historical,False,,,120.97,155.0,97.0,11.4,12.5,0,1,1,0,0,0,0,1,0,0,1,0,0,0,0,0,0,0,1,0,1.2246467991473532e-16,-1.0,0.120536680255323,-0.992708874098054,0,1718.74,202395.0,199468.75,193616.25,186561.25,177946.0,,,201580.5625,4852.590461010664,195984.96875,6957.011013356098,191896.41666666666,8325.230876769554,178189.03804347827,17151.709618332025,207916.0,196542.5,207916.0,180359.0,2.7278341856271204,7.385614585552602,16.842188079529752,,13.127,1.2608124090330408,1.733,12.244894240584884,1.0,0,0,0.333,186639.14,22,2002,2
Sorghum,2002-06-24,213437.0,NGN,NGN/MT,Gap-filled,wholesale,National,,,0.6,False,Weekly gap-fill,Interpolated,historical,False,,,120.97,155.0,97.0,11.4,12.5,0,1,1,0,0,0,0,1,0,0,1,0,0,0,0,0,0,0,1,0,1.2246467991473532e-16,-1.0,-3.216245299353273e-16,-1.0,0,1764.38,207916.0,202395.0,196542.5,187937.5,180359.0,,,205804.1875,6177.375559838638,199172.40625,8428.977184325917,194652.91666666666,9544.676768024314,179657.703125,18252.61924439873,213437.0,199468.75,213437.0,182772.0,2.655399295869487,8.59585077018965,18.340088379287977,,14.554,-0.07243488975763324,1.851,12.271101671350651,1.0,0,0,0.333,191595.15,23,2002,2
Sorghum,2002-07-01,218958.0,NGN,NGN/MT,Gap-filled,wholesale,National,,,0.6,False,Weekly gap-fill,Interpolated,historical,False,,,120.97,155.0,97.0,11.4,12.5,0,1,1,0,0,0,1,1,0,0,1,0,0,0,0,0,0,0,1,0,-0.4999999999999997,-0.8660254037844388,-0.1205366802553228,-0.992708874098054,0,1810.02,213437.0,207916.0,199468.75,189313.75,182772.0,,,210676.5,7127.580351470387,202877.9375,9868.872542666464,197668.41666666666,11047.712279294004,181229.715,19520.6827435111,218958.0,202395.0,218958.0,185185.0,2.5867117697493835,9.770578098073003,19.79843739741316,,16.248,-0.06868752612010365,1.933,12.296639776659923,1.0,0,0,0.333,196551.17,24,2002,3
Sorghum,2002-07-08,224479.0,NGN,NGN/MT,Gap-filled,wholesale,National,,,0.6,False,Weekly gap-fill,Interpolated,historical,False,,,120.97,155.0,97.0,11.4,12.5,0,1,1,0,0,0,1,1,0,0,1,0,0,0,0,0,0,0,1,0,-0.4999999999999997,-0.8660254037844388,-0.2393156642875574,-0.970941817426052,0,1855.66,218958.0,213437.0,202395.0,190690.0,185185.0,,,216197.5,7127.580351470387,207101.5625,11065.458045801644,200942.91666666666,12709.60587568139,182893.14903846153,20922.645755019214,224479.0,207916.0,224479.0,186561.25,2.521488139277861,10.91133674250846,21.218781218781224,,18.21,-0.06522363047152258,1.988,12.321541895336289,1.0,0,0,0.333,201507.18,25,2002,3
Sorghum,2002-07-15,230000.0,NGN,NGN/MT,WFP Nigeria Food Prices,wholesale,National,,,0.9,True,WFP VAM data — converted to NGN/MT,WFP,historical,False,,,120.97,155.0,97.0,11.4,12.5,0,1,1,0,0,0,1,1,0,0,1,0,0,0,0,0,0,0,1,0,-0.4999999999999997,-0.8660254037844388,-0.3546048870425356,-0.9350162426854148,0,1901.3,224479.0,218958.0,207916.0,193616.25,186561.25,148555.0,,221718.5,7127.580351470387,211649.53125,12154.500407284268,204562.8125,14324.527287982379,186025.64903846153,21659.868975019755,230000.0,213437.0,230000.0,187937.5,2.459472823738529,10.621597183477949,23.283908099886762,,19.187,-0.06201531553933215,2.022,12.345838935721968,1.0,0,0,0.333,206463.2,26,2002,3
Sorghum,2002-07-22,224479.0,NGN,NGN/MT,Gap-filled,wholesale,National,,,0.6,False,Weekly gap-fill,Interpolated,historical,False,,,120.97,155.0,97.0,11.4,12.5,0,1,1,0,0,0,1,1,0,0,1,0,0,0,0,0,0,0,1,0,-0.4999999999999997,-0.8660254037844388,-0.464723172043768,-0.8854560256532101,0,1855.66,230000.0,224479.0,213437.0,196542.5,187937.5,152528.125,,224479.0,4507.877623301983,215141.59375,11167.171481254554,207607.9375,14352.994543080475,188792.99038461538,21804.78071667778,230000.0,218958.0,230000.0,189313.75,-2.400434782608696,5.173423539498767,19.443431992018635,,18.902,-4.859907606347225,1.651,12.321541895336289,1.0,0,0,0.333,201507.18,27,2002,3
Sorghum,2002-07-29,220980.0,NGN,NGN/MT,Gap-filled,wholesale,National,,,0.6,False,Weekly gap-fill,Interpolated,historical,False,,,120.97,155.0,97.0,11.4,12.5,0,1,1,0,0,0,1,1,0,0,1,0,0,0,0,0,0,0,1,0,-0.4999999999999997,-0.8660254037844388,-0.5680647467311556,-0.8229838658936565,0,1826.73,224479.0,230000.0,218958.0,199468.75,189313.75,153852.5,,224984.5,3728.3741317988356,217830.5,9285.528325610689,210246.79166666666,13573.587719451947,191374.8173076923,21473.766027825386,230000.0,220980.0,230000.0,190690.0,-1.5587204148272193,0.9234647740662627,16.726862153435775,,17.562,0.8417143677814765,1.42,12.305832003953334,1.0,0,0,0.333,198366.25,28,2002,3
Sorghum,2002-08-05,216470.0,NGN,NGN/MT,Gap-filled,wholesale,National,,,0.6,False,Weekly gap-fill,Interpolated,historical,False,,,120.97,155.0,97.0,11.4,12.5,0,1,0,0,1,0,1,1,0,0,1,0,0,0,0,1,0,0,1,0,-0.8660254037844384,-0.5000000000000004,-0.663122658240795,-0.7485107481711013,0,1789.45,220980.0,224479.0,224479.0,202395.0,190690.0,156501.25,,222982.25,5712.777513317556,219589.875,6993.67419146995,212395.125,12163.811109141301,193681.3076923077,20787.83378593204,230000.0,216470.0,230000.0,193616.25,-2.040908679518505,-3.567817034110099,13.519324558183431,,15.128,-0.4821882646912856,1.18,12.285211868261001,1.0,0,0,0.0,194317.77,29,2002,3
Sorghum,2002-08-12,211960.0,NGN,NGN/MT,WFP Nigeria Food Prices,wholesale,National,,,0.9,True,WFP VAM data — converted to NGN/MT,WFP,historical,False,,,120.97,155.0,97.0,11.4,12.5,0,1,0,0,1,0,1,1,0,0,1,0,0,0,0,1,0,0,1,0,-0.8660254037844384,-0.5000000000000004,-0.7485107481711011,-0.6631226582407952,0,1752.17,216470.0,220980.0,230000.0,207916.0,193616.25,159150.0,,218472.25,5440.228572097566,220095.375,6121.061344419542,213923.77083333334,10647.421361669769,195712.46153846153,19837.121751616607,224479.0,211960.0,230000.0,196542.5,-2.083429574536888,-7.8434782608695635,9.474282246454013,,11.629,-0.042520895018383076,0.96,12.264157574466866,1.0,0,0,0.0,190269.3,30,2002,3
Sorghum,2002-08-19,195717.5,NGN,NGN/MT,Gap-filled,wholesale,National,,,0.6,False,Weekly gap-fill,Interpolated,historical,False,,,120.97,155.0,97.0,11.4,12.5,0,1,0,0,1,0,1,1,0,0,1,0,0,0,0,1,0,0,1,0,-0.8660254037844384,-0.5000000000000004,-0.8229838658936564,-0.5680647467311559,0,1617.9,211960.0,216470.0,224479.0,213437.0,196542.5,162642.5,,211281.875,11010.296577711553,217880.4375,10508.302776639997,213855.02083333334,10771.791449333843,196984.57692307694,18656.995939964327,220980.0,195717.5,230000.0,195717.5,-7.663002453293077,-12.812557076608499,-0.4197565412060955,,7.258,-5.579572878756189,0.276,12.184432681363882,1.0,0,0,0.0,175688.96,31,2002,3
Sorghum,2002-08-26,179475.0,NGN,NGN/MT,Gap-filled,wholesale,National,,,0.6,False,Weekly gap-fill,Interpolated,historical,False,,,120.97,155.0,97.0,11.4,12.5,0,1,0,0,1,0,1,1,0,0,1,0,0,0,0,1,0,0,1,0,-0.8660254037844384,-0.5000000000000004,-0.8854560256532096,-0.4647231720437691,0,1483.63,195717.5,211960.0,220980.0,218958.0,199468.75,166135.0,,200905.625,16838.81730494059,212945.0625,17121.098380230735,212188.875,14200.04782982522,197497.65384615384,17944.50543106117,216470.0,179475.0,230000.0,179475.0,-8.298951294595525,-18.782242736899267,-10.023499921666923,,1.726,-0.6359488413024481,-0.406,12.09779677323582,1.0,0,0,0.0,161108.62,32,2002,3
Sorghum,2002-09-02,163232.5,NGN,NGN/MT,Gap-filled,wholesale,National,,,0.6,False,Weekly gap-fill,Interpolated,historical,False,,,120.97,155.0,97.0,11.4,12.5,0,1,0,0,1,1,0,0,0,0,0,0,0,0,0,1,0,0,0,0,-1.0,-1.8369701987210287e-16,-0.9350162426854148,-0.3546048870425359,0,1349.36,179475.0,195717.5,216470.0,224479.0,202395.0,169627.5,,187596.25,20968.977333591323,205289.25,23668.361956719542,208925.33333333334,19979.655919247467,197251.6923076923,18380.331060988476,211960.0,163232.5,230000.0,163232.5,-9.050006964758328,-24.593477156187927,-19.349539267274384,,-4.895,-0.7510556701628026,-1.069,12.002936970055064,1.0,0,0,0.0,146528.28,33,2002,3
Sorghum,2002-09-09,146990.0,NGN,NGN/MT,WFP Nigeria Food Prices,wholesale,National,,,0.9,True,WFP VAM data — converted to NGN/MT,WFP,historical,False,,,120.97,155.0,97.0,11.4,12.5,0,1,0,0,1,1,0,0,0,0,0,0,0,0,0,1,0,0,0,0,-1.0,-1.8369701987210287e-16,-0.970941817426052,-0.2393156642875577,0,1215.09,163232.5,179475.0,211960.0,230000.0,207916.0,173120.0,,171353.75,20968.977333591323,194913.0,28904.246787576827,203848.16666666666,26827.205428558245,196246.6923076923,20360.307205725992,195717.5,146990.0,230000.0,146990.0,-9.950530684759473,-30.6520098131723,-29.30318013043729,,-12.685,-0.9005237200011447,-1.667,11.898126639396782,1.0,0,0,0.0,131947.94,34,2002,3
Sorghum,2002-09-16,140903.0,NGN,NGN/MT,Gap-filled,wholesale,National,,,0.6,False,Weekly gap-fill,Interpolated,historical,False,,,120.97,155.0,97.0,11.4,12.5,0,1,0,0,1,1,0,0,0,0,0,0,0,0,0,1,0,0,0,0,-1.0,-1.8369701987210287e-16,-0.992708874098054,-0.1205366802553235,0,1164.78,146990.0,163232.5,195717.5,224479.0,213437.0,175533.0,,157650.125,17335.825527766676,184466.0,31663.41207247618,197803.66666666666,32119.669676166723,194914.76923076922,22760.7517194537,179475.0,140903.0,230000.0,140903.0,-4.141098033879853,-28.006948790987007,-33.98379849791742,,-19.118,5.80943265087962,-1.802,11.855834086412132,1.0,0,0,0.0,126483.84,35,2002,3
Sorghum,2002-09-23,134816.0,NGN,NGN/MT,Gap-filled,wholesale,National,,,0.6,False,Weekly gap-fill,Interpolated,historical,False,,,120.97,155.0,97.0,11.4,12.5,0,1,0,0,1,1,0,0,0,0,0,0,0,0,0,1,0,0,0,0,-1.0,-1.8369701987210287e-16,-1.0,-1.8369701987210287e-16,0,1114.46,140903.0,146990.0,179475.0,220980.0,218958.0,177946.0,,146485.375,12220.99376329519,173695.5,32119.915029464213,190791.83333333334,36028.21575347287,193255.92307692306,25458.729245660423,163232.5,134816.0,230000.0,134816.0,-4.319993186802273,-24.88313135534197,-38.4283743914358,,-24.201,-0.1788951529224203,-1.911,11.811673582268442,1.0,0,0,0.0,121019.75,36,2002,3
Sorghum,2002-09-30,128729.0,NGN,NGN/MT,Gap-filled,wholesale,National,,,0.6,False,Weekly gap-fill,Interpolated,historical,False,,,120.97,155.0,97.0,11.4,12.5,0,1,0,0,1,1,0,0,0,0,0,0,0,0,0,1,0,0,0,0,-1.0,-1.8369701987210287e-16,-0.992708874098054,0.1205366802553232,0,1064.14,134816.0,140903.0,163232.5,216470.0,224479.0,180359.0,,137859.5,7858.283209454844,162727.875,30359.37246992858,182812.66666666666,38413.208558286635,191270.15384615384,28353.864132872324,146990.0,128729.0,230000.0,128729.0,-4.515042724899121,-21.137641094757477,-42.65432401249115,,-27.924,-0.195049538096848,-1.998,11.76547246665368,1.0,0,0,0.0,115555.66,37,2002,3
Sorghum,2002-10-07,122642.0,NGN,NGN/MT,Gap-filled,wholesale,National,,,0.6,False,Weekly gap-fill,Interpolated,historical,False,,,120.97,155.0,97.0,11.4,12.5,0,1,0,0,0,1,0,0,0,1,0,1,0,1,1,1,1,0,0,0,-0.8660254037844386,0.5000000000000001,-0.970941817426052,0.2393156642875573,0,1013.82,128729.0,134816.0,146990.0,211960.0,230000.0,182772.0,,131772.5,7858.283209454844,151563.125,25739.637524850925,173866.16666666666,38922.658582194264,188957.46153846153,31366.914400183843,140903.0,122642.0,224479.0,122642.0,-4.728538247015046,-16.564392135519423,-46.67739130434783,,-30.263,-0.2134955221159247,-2.064,11.71703297508604,1.0,0,0,0.333,110091.56,38,2002,4
Sorghum,2002-10-14,116555.0,NGN,NGN/MT,WFP Nigeria Food Prices,wholesale,National,,,0.9,True,WFP VAM data — converted to NGN/MT,WFP,historical,False,,,120.97,155.0,97.0,11.4,12.5,0,1,0,0,0,1,0,0,0,1,0,1,0,1,1,1,1,0,0,0,-0.8660254037844386,0.5000000000000001,-0.9350162426854148,0.3546048870425355,0,963.5,122642.0,128729.0,140903.0,195717.5,224479.0,185185.0,,125685.5,7858.283209454844,141667.8125,21146.85011319228,164872.5,38632.2819643459,186317.84615384616,34434.75636134781,134816.0,116555.0,220980.0,116555.0,-4.963226300940948,-17.279972747209072,-48.077548456648515,,-32.542,-0.2346880539259022,-2.114,11.66612712319033,1.0,0,0,0.333,104627.47,39,2002,4
Sorghum,2002-10-21,111229.58333333331,NGN,NGN/MT,Gap-filled,wholesale,National,,,0.6,False,Weekly gap-fill,Interpolated,historical,False,,,120.97,155.0,97.0,11.4,12.5,0,1,0,0,0,1,0,0,0,1,0,1,0,1,1,1,1,0,0,0,-0.8660254037844386,0.5000000000000001,-0.8854560256532101,0.464723172043768,0,919.48,116555.0,122642.0,134816.0,179475.0,220980.0,186561.25,,119788.89583333333,7567.156635315726,133137.13541666666,17093.22189854476,155726.63194444444,37102.724023839706,183420.47435897434,37450.62630362488,128729.0,111229.58333333331,216470.0,111229.58333333331,-4.569016058227183,-17.49526515151517,-49.665316619905276,,-34.692,0.3942102427137657,-2.129,11.619360652960827,1.0,0,0,0.333,99847.02,40,2002,4
Sorghum,2002-10-28,105904.16666666666,NGN,NGN/MT,Gap-filled,wholesale,National,,,0.6,False,Weekly gap-fill,Interpolated,historical,False,,,120.97,155.0,97.0,11.4,12.5,0,1,0,0,0,1,0,0,0,1,0,1,0,1,1,1,1,0,0,0,-0.8660254037844386,0.5000000000000001,-0.822983865893657,0.5680647467311548,0,875.46,111229.58333333331,116555.0,128729.0,163232.5,216470.0,187937.5,,114082.6875,7174.086840321695,125971.09375,14493.023130841402,146512.8125,34267.027735984615,180265.34615384616,40394.69470967203,122642.0,105904.16666666666,211960.0,105904.16666666666,-4.787770040194639,-17.7309179231823,-51.0767465853621,,-36.714,-0.2187539819674562,-2.138,11.570299318564329,1.0,0,0,0.333,95066.58,41,2002,4
Sorghum,2002-11-04,100578.75,NGN,NGN/MT,Gap-filled,wholesale,National,,,0.6,False,Weekly gap-fill,Interpolated,historical,False,,,120.97,155.0,97.0,11.4,12.5,1,0,0,0,0,1,0,0,0,1,0,1,1,1,1,0,1,0,0,0,-0.5000000000000004,0.8660254037844384,-0.7485107481711011,0.6631226582407952,1,831.44,105904.16666666666,111229.58333333331,122642.0,146990.0,211960.0,189313.75,,108566.875,6875.083353871808,120169.6875,14162.627992861482,137231.04166666666,29709.67029116897,176852.46153846153,43247.43770225795,116555.0,100578.75,195717.5,100578.75,-5.028524216075847,-17.989962655533997,-52.548240234006414,,-38.612,-0.24075417588120818,-2.143,11.518706224139251,1.0,0,0,0.667,90286.13,42,2002,4
Sorghum,2002-11-11,95253.33333333331,NGN,NGN/MT,WFP Nigeria Food Prices,wholesale,National,,,0.9,True,WFP VAM data — converted to NGN/MT,WFP,historical,False,,,120.97,155.0,97.0,11.4,12.5,1,0,0,0,0,1,0,0,0,1,0,1,1,1,1,0,1,1,0,0,-0.5000000000000004,0.8660254037844384,-0.6631226582407955,0.7485107481711007,1,787.41,100578.75,105904.16666666666,116555.0,140903.0,195717.5,190690.0,,103241.45833333331,6875.083353871818,114463.47916666666,13807.493674700041,128859.02777777777,25601.286165812977,173181.8205128205,45989.193602155,111229.58333333331,95253.33333333331,179475.0,95253.33333333331,-5.2947731669628855,-18.276064232908663,-51.331212930201275,,-40.386,-0.2662489508870385,-2.144,11.464305786267323,1.0,0,0,0.667,85505.69,43,2002,4
Sorghum,2002-11-18,96360.0,NGN,NGN/MT,Gap-filled,wholesale,National,,,0.6,False,Weekly gap-fill,Interpolated,historical,False,,,120.97,155.0,97.0,11.4,12.5,1,0,0,0,0,1,0,0,0,1,0,1,1,1,1,0,1,1,0,0,-0.5000000000000004,0.8660254037844384,-0.5680647467311559,0.8229838658936564,1,796.56,95253.33333333331,100578.75,111229.58333333331,134816.0,179475.0,193616.25,,99524.0625,4832.822295481115,109656.47916666666,12324.08230547489,121932.77777777777,21591.705647670897,169441.1955128205,48164.45795093872,105904.16666666666,95253.33333333331,163232.5,95253.33333333331,1.161814109742454,-13.368370974448485,-46.31007104053489,,-41.263,6.456587276705339,-1.991,11.475856834425063,1.0,0,0,0.667,86499.1,44,2002,4
Sorghum,2002-11-25,96360.0,NGN,NGN/MT,Gap-filled,wholesale,National,,,0.6,False,Weekly gap-fill,Interpolated,historical,False,,,120.97,155.0,97.0,11.4,12.5,1,0,0,0,0,1,0,0,0,1,0,1,1,1,1,0,1,1,0,0,-0.5000000000000004,0.8660254037844384,-0.4647231720437684,0.88545602565321,1,796.56,96360.0,95253.33333333331,105904.16666666666,128729.0,163232.5,196542.5,,97138.02083333334,2352.3957295495798,105610.35416666666,10318.134658880237,116360.06944444444,18349.778919030698,165588.02243589744,49886.16448018068,100578.75,95253.33333333331,146990.0,95253.33333333331,0.0,-9.012078530117629,-40.967638184797764,,-41.338,-1.161814109742454,-1.889,11.475856834425063,1.0,0,0,0.667,86499.1,45,2002,4
Sorghum,2002-12-02,96913.33333333334,NGN,NGN/MT,Gap-filled,wholesale,National,,,0.6,False,Weekly gap-fill,Interpolated,historical,False,,,120.97,155.0,97.0,11.4,12.5,1,0,0,0,0,0,0,0,0,1,0,1,1,1,1,0,0,1,0,1,-2.4492935982947064e-16,1.0,-0.3546048870425359,0.9350162426854148,1,801.14,96360.0,96360.0,100578.75,122642.0,146990.0,199468.75,,96221.66666666667,696.2625090307516,102394.27083333333,8000.5624391509855,112187.01388888888,16334.20403951705,161643.58333333334,51138.838778749036,96913.33333333334,95253.33333333331,140903.0,95253.33333333331,0.5742355057423598,-3.6443251349481454,-34.068077193459864,,-40.473,0.5742355057423598,-1.788,11.481582705756598,1.0,0,0,0.667,86995.81,46,2002,4
Sorghum,2002-12-09,97466.66666666669,NGN,NGN/MT,WFP Nigeria Food Prices,wholesale,National,,,0.9,True,WFP VAM data — converted to NGN/MT,WFP,historical,False,,,120.97,155.0,97.0,11.4,12.5,1,0,0,0,0,0,0,0,0,1,0,1,1,1,1,0,0,0,0,1,-2.4492935982947064e-16,1.0,-0.2393156642875578,0.970941817426052,1,805.71,96913.33333333334,96360.0,95253.33333333331,116555.0,140903.0,202395.0,,96775.00000000001,529.7763329587909,100008.22916666666,5685.476095284804,108567.31944444444,14044.484349917564,157607.87820512822,51928.43523563744,97466.66666666669,96360.0,134816.0,95253.33333333331,0.5709568686799393,2.32362821948493,-30.82711747324991,,-38.598,-0.0032786370624204864,-1.7,11.487275978054939,1.0,0,0,0.667,87492.52,47,2002,4
Sorghum,2002-12-16,100466.66666666669,NGN,NGN/MT,Gap-filled,wholesale,National,,,0.6,False,Weekly gap-fill,Interpolated,historical,False,,,120.97,155.0,97.0,11.4,12.5,1,0,0,0,0,0,0,0,0,1,0,1,1,1,1,0,0,0,0,1,-2.4492935982947064e-16,1.0,-0.1205366802553236,0.992708874098054,1,830.51,97466.66666666669,96913.33333333334,96360.0,111229.58333333331,134816.0,207916.0,,97801.66666666667,1833.2111070368446,98662.86458333334,3506.805581830887,105704.875,11473.397029468628,153475.21153846153,52040.06852796338,100466.66666666669,96360.0,128729.0,95253.33333333331,3.077975376196984,4.261796042617982,-25.478677110530878,,-36.275,2.507018507517045,-1.567,11.517591230006985,1.0,0,0,0.667,90185.52,48,2002,4
Sorghum,2002-12-23,103466.66666666669,NGN,NGN/MT,Gap-filled,wholesale,National,,,0.6,False,Weekly gap-fill,Interpolated,historical,False,,,120.97,155.0,97.0,11.4,12.5,1,0,0,0,0,0,0,0,0,1,0,1,1,1,1,0,0,0,0,1,-2.4492935982947064e-16,1.0,6.432490598706546e-16,1.0,1,855.31,100466.66666666669,97466.66666666669,96360.0,105904.16666666666,128729.0,213437.0,,99578.33333333336,3025.978262387999,98358.17708333334,2827.951821518838,103599.68055555556,8892.00025607671,149245.5833333333,51437.15511999945,103466.66666666669,96913.33333333334,122642.0,95253.33333333331,2.9860650298606517,7.375121073751223,-19.624430651471936,,-33.279,-0.09191034633633244,-1.447,11.547014443524839,1.0,0,0,0.667,92878.52,49,2002,4
Sorghum,2002-12-30,106466.66666666669,NGN,NGN/MT,Gap-filled,wholesale,National,,,0.6,False,Weekly gap-fill,Interpolated,historical,False,,,120.97,155.0,97.0,11.4,12.5,1,0,0,0,0,0,0,0,0,1,0,1,1,1,1,0,0,0,0,1,-2.4492935982947064e-16,1.0,0.120536680255323,0.992708874098054,1,880.11,103466.66666666669,100466.66666666669,96913.33333333334,100578.75,122642.0,218958.0,,101966.66666666669,3872.9833462074375,99094.16666666667,4008.284179482233,102251.73611111112,6698.375535280462,144918.9935897436,50051.18739674257,106466.66666666669,97466.66666666669,116555.0,95253.33333333331,2.899484536082464,9.857604732750925,-13.18906519245716,,-29.639,-0.08658049377818777,-1.336,11.575596618661976,1.0,0,0,0.667,95571.51,50,2002,4
Sorghum,2003-01-06,109466.66666666669,NGN,NGN/MT,Gap-filled,wholesale,National,,,0.6,False,Weekly gap-fill,Interpolated,historical,False,,,129.22,155.0,97.0,11.4,12.5,1,0,0,0,0,0,0,0,0,1,0,0,1,0,0,0,0,0,0,1,0.4999999999999999,0.8660254037844387,0.2393156642875577,0.970941817426052,1,847.13,106466.66666666669,103466.66666666669,97466.66666666669,95253.33333333331,116555.0,224479.0,,104966.66666666669,3872.9833462074243,100870.83333333334,5071.612795669831,101661.04166666667,5533.660705618816,140495.4423076923,47768.752927112655,109466.66666666669,100466.66666666669,111229.58333333331,95253.33333333331,2.8177833437695643,12.311901504787958,-6.08153518367579,,-25.288,-0.08170119231289963,-1.234,11.603384503051549,1.0,0,0,0.333,98264.51,51,2003,1
Sorghum,2003-01-13,112466.66666666669,NGN,NGN/MT,WFP Nigeria Food Prices,wholesale,National,,,0.9,True,WFP VAM data — converted to NGN/MT,WFP,historical,False,,,129.22,155.0,97.0,11.4,12.5,1,0,0,0,0,0,0,0,0,1,0,0,1,0,0,0,0,0,0,1,0.4999999999999999,0.8660254037844387,0.3546048870425356,0.9350162426854148,1,870.35,109466.66666666669,106466.66666666669,100466.66666666669,96360.0,111229.58333333331,230000.0,148555.0,107966.66666666669,3872.983346207411,102884.16666666669,6114.81151314295,101764.13194444445,5735.950579882746,135974.9294871795,44402.513163719326,112466.66666666669,103466.66666666669,112466.66666666669,95253.33333333331,2.7405602923264327,11.944260119442607,1.112189128341945,-24.29291059428045,-20.598,-0.07722305144313157,-1.133,11.63042105190978,1.0,0,0,0.333,100957.51,52,2003,1
Sorghum,2003-01-20,111831.66666666669,NGN,NGN/MT,Gap-filled,wholesale,National,,,0.6,False,Weekly gap-fill,Interpolated,historical,False,,,129.22,155.0,97.0,11.4,12.5,1,0,0,0,0,0,0,0,0,1,0,0,1,0,0,0,0,0,0,1,0.4999999999999999,0.8660254037844387,0.4647231720437685,0.8854560256532099,1,865.44,112466.66666666669,109466.66666666669,103466.66666666669,96360.0,105904.16666666666,224479.0,152528.125,110057.91666666669,2719.982766489502,104818.12500000003,6202.6248563912695,102258.0902777778,6347.51096146099,131642.33974358975,40768.346222330874,112466.66666666669,106466.66666666669,112466.66666666669,95253.33333333331,-0.5646117368109049,8.084729381443289,5.59704135027741,-26.68128145765466,-16.396,-3.3051720291373377,-1.116,11.624758985456133,1.0,0,0,0.333,100387.49,53,2003,1
Sorghum,2003-01-27,111831.66666666669,NGN,NGN/MT,Gap-filled,wholesale,National,,,0.6,False,Weekly gap-fill,Interpolated,historical,False,,,129.22,155.0,97.0,11.4,12.5,1,0,0,0,0,0,0,0,0,1,0,0,1,0,0,0,0,0,0,1,0.4999999999999999,0.8660254037844387,0.5680647467311558,0.8229838658936564,1,865.44,111831.66666666669,112466.66666666669,106466.66666666669,96913.33333333334,100578.75,220980.0,153852.5,111399.16666666669,1322.6520076471966,106682.91666666669,5709.545109475782,103195.83333333333,6885.298475810325,127444.32692307692,36608.46375776836,112466.66666666669,109466.66666666669,112466.66666666669,95253.33333333331,0.0,5.039135879774581,11.188165160798569,-27.31241502954669,-12.59,0.5646117368109049,-1.084,11.624758985456133,1.0,0,0,0.333,100387.49,54,2003,1
Sorghum,2003-02-03,111514.16666666669,NGN,NGN/MT,Gap-filled,wholesale,National,,,0.6,False,Weekly gap-fill,Interpolated,historical,False,,,129.22,155.0,97.0,11.4,12.5,1,0,0,0,0,0,0,0,1,1,0,0,1,0,0,0,0,0,0,0,0.8660254037844386,0.5000000000000001,0.6631226582407952,0.7485107481711011,1,862.98,111831.66666666669,111831.66666666669,109466.66666666669,97466.66666666669,95253.33333333331,216470.0,156501.25,111911.04166666669,399.51207219950174,108438.85416666669,4502.816863899474,104550.9027777778,6779.363679674576,123407.56410256411,31880.40664784298,112466.66666666669,111514.16666666669,112466.66666666669,96360.0,-0.2839088511006116,1.8704323995127892,17.071143617021313,-28.74551055236512,-9.316,-0.2839088511006116,-1.06,11.621915884548189,1.0,0,0,0.333,100102.48,55,2003,1
Sorghum,2003-02-10,111196.66666666669,NGN,NGN/MT,WFP Nigeria Food Prices,wholesale,National,,,0.9,True,WFP VAM data — converted to NGN/MT,WFP,historical,False,,,129.22,155.0,97.0,11.4,12.5,1,0,0,0,0,0,0,0,1,1,0,0,1,0,0,0,0,0,0,0,0.8660254037844386,0.5000000000000001,0.7485107481711011,0.6631226582407953,1,860.52,111514.16666666669,111831.66666666669,112466.66666666669,100466.66666666669,96360.0,211960.0,159150.0,111593.54166666669,303.9831067123394,109780.10416666669,3197.8935414855086,105787.29166666669,6496.774657482939,119532.05128205128,26325.706618015283,111831.66666666669,111196.66666666669,112466.66666666669,96360.0,-0.2847171883990862,-1.1292234736218099,15.397121903971245,-30.13090375955596,-6.641,-0.0008083372984746262,-1.035,11.619064677365039,1.0,0,0,0.333,99817.47,56,2003,1
Sorghum,2003-02-17,109247.5,NGN,NGN/MT,Gap-filled,wholesale,National,,,0.6,False,Weekly gap-fill,Interpolated,historical,False,,,129.22,155.0,97.0,11.4,12.5,1,0,0,0,0,0,0,0,1,1,0,0,1,0,0,0,0,0,0,0,0.8660254037844386,0.5000000000000001,0.8229838658936564,0.5680647467311559,1,845.44,111196.66666666669,111514.16666666669,111831.66666666669,103466.66666666669,96360.0,195717.5,162642.5,110947.50000000001,1162.6042366648135,110502.70833333334,1994.011806713709,106861.25000000001,5827.423147748562,116206.28205128206,21297.9255861022,111831.66666666669,109247.5,112466.66666666669,96913.33333333334,-1.752900266794588,-2.310764690979017,13.374325446243262,-32.82967244109012,-4.525,-1.4681830783955019,-1.044,11.601380382886463,1.0,0,0,0.333,98067.77,57,2003,1
Sorghum,2003-02-24,107298.33333333334,NGN,NGN/MT,Gap-filled,wholesale,National,,,0.6,False,Weekly gap-fill,Interpolated,historical,False,,,129.22,155.0,97.0,11.4,12.5,1,0,0,0,0,0,0,0,1,1,0,0,1,0,0,0,0,0,0,0,0.8660254037844386,0.5000000000000001,0.8854560256532099,0.4647231720437686,1,830.35,109247.5,111196.66666666669,111831.66666666669,106466.66666666669,96913.33333333334,179475.0,166135.0,109814.16666666669,1953.785617907103,110606.66666666669,1761.675733182787,107726.66666666669,4915.560725640705,113430.25641025642,16989.523193916204,111514.16666666669,107298.33333333334,112466.66666666669,97466.66666666669,-1.7841750764700848,-4.0537116797567885,10.715759785375244,-35.41497376631454,-3.188,-0.03127480967549667,-1.051,11.583377715489828,1.0,0,0,0.333,96318.07,58,2003,1
Sorghum,2003-03-03,105349.16666666669,NGN,NGN/MT,Gap-filled,wholesale,National,,,0.6,False,Weekly gap-fill,Interpolated,historical,False,,,129.22,155.0,97.0,11.4,12.5,1,0,0,1,0,0,0,0,1,1,0,0,0,0,0,0,0,0,0,0,1.0,6.123233995736766e-17,0.9350162426854148,0.3546048870425355,0,815.27,107298.33333333334,109247.5,111514.16666666669,109466.66666666669,97466.66666666669,163232.5,169627.5,108272.91666666669,2516.36334632752,110091.97916666667,2562.002291482904,108383.54166666669,3825.716793022722,111203.97435897436,13670.805942180337,111196.66666666669,105349.16666666669,112466.66666666669,100466.66666666669,-1.8165861538700367,-5.52844556371761,8.08738030095759,-37.893816352497865,-2.636,-0.03241107739995197,-1.055,11.565045001259245,1.0,0,0,0.333,94568.37,59,2003,1
Sorghum,2003-03-10,103400.0,NGN,NGN/MT,WFP Nigeria Food Prices,wholesale,National,,,0.9,True,WFP VAM data — converted to NGN/MT,WFP,historical,False,,,129.22,155.0,97.0,11.4,12.5,1,0,0,1,0,0,0,0,1,1,0,0,0,0,0,0,0,0,0,0,1.0,6.123233995736766e-17,0.970941817426052,0.239315664287558,0,800.19,105349.16666666669,107298.33333333334,111196.66666666669,112466.66666666669,100466.66666666669,146990.0,173120.0,106323.75,2516.363346327529,108958.64583333334,3269.22618803712,108627.98611111112,3336.287260431847,109527.4358974359,11626.616792164004,109247.5,103400.0,112466.66666666669,103400.0,-1.8501965685537969,-7.011601067178286,2.9197080291970545,-40.272643253234754,-2.925,-0.03361041468376014,-1.058,11.546369912189585,1.0,0,0,0.333,92818.67,60,2003,1
Sorghum,2003-03-17,104050.0,NGN,NGN/MT,Gap-filled,wholesale,National,,,0.6,False,Weekly gap-fill,Interpolated,historical,False,,,129.22,155.0,97.0,11.4,12.5,1,0,0,1,0,0,0,0,1,1,0,0,0,0,0,0,0,0,0,0,1.0,6.123233995736766e-17,0.992708874098054,0.120536680255323,0,805.22,103400.0,105349.16666666669,109247.5,111831.66666666669,103466.66666666669,140903.0,175533.0,105024.375,1718.9509310159876,107985.9375,3445.2066550971117,108676.59722222223,3257.569108591739,108110.01282051283,9742.269631658346,107298.33333333334,103400.0,112466.66666666669,103400.0,0.6286266924564687,-4.75754593926635,0.5637886597937847,-40.72339674021409,-2.854,2.4788232610102656,-1.007,11.552636442539653,1.0,0,0,0.333,93402.15,61,2003,1
Sorghum,2003-03-24,104050.0,NGN,NGN/MT,Gap-filled,wholesale,National,,,0.6,False,Weekly gap-fill,Interpolated,historical,False,,,129.22,155.0,97.0,11.4,12.5,1,0,0,1,0,0,0,0,1,1,0,0,0,0,0,0,0,0,0,0,1.0,6.123233995736766e-17,1.0,-1.6081226496766364e-16,0,805.22,104050.0,103400.0,107298.33333333334,111831.66666666669,106466.66666666669,134816.0,177946.0,104212.29166666666,817.5124234530031,107013.22916666667,3299.7580309762134,108475.20833333333,3474.1151973788305,106926.70512820514,8098.552334358442,105349.16666666669,103400.0,112466.66666666669,103400.0,0.0,-3.027384706193026,-2.269881026925502,-41.527204882380055,-2.539,-0.6286266924564687,-0.971,11.552636442539653,1.0,0,0,0.333,93402.15,62,2003,1
Sorghum,2003-03-31,104375.0,NGN,NGN/MT,Gap-filled,wholesale,National,,,0.6,False,Weekly gap-fill,Interpolated,historical,False,,,129.22,155.0,97.0,11.4,12.5,1,0,0,1,0,0,0,0,1,1,0,0,0,0,0,0,0,0,0,0,1.0,6.123233995736766e-17,0.992708874098054,-0.1205366802553228,0,807.73,104050.0,104050.0,105349.16666666669,111514.16666666669,109466.66666666669,128729.0,180359.0,103968.75,408.9493652438299,106120.83333333334,2842.2745823694095,108050.9027777778,3648.5680472249464,105990.01282051283,6776.496678171218,104375.0,103400.0,112466.66666666669,103400.0,0.31234983181163134,-0.9247027741083436,-4.651339829476264,-42.129308767513685,-1.907,0.31234983181163134,-0.929,11.555755042945584,1.0,0,0,0.333,93693.9,63,2003,1
Sorghum,2003-04-07,104700.0,NGN,NGN/MT,Gap-filled,wholesale,National,,,0.6,False,Weekly gap-fill,Interpolated,historical,False,,,129.22,155.0,97.0,11.4,12.5,0,1,1,1,0,0,0,0,1,0,0,0,0,0,0,0,0,0,0,0,0.8660254037844387,-0.4999999999999998,0.970941817426052,-0.2393156642875575,0,810.25,104375.0,104050.0,103400.0,111196.66666666669,112466.66666666669,122642.0,182772.0,104293.75,311.16381002078396,105308.75,1983.090021088765,107403.68055555556,3478.9674041691064,105299.9358974359,5865.208526997392,104700.0,104050.0,111831.66666666669,103400.0,0.3113772455089814,1.2572533849129597,-6.905749851807963,-42.715514411397805,-0.956,-0.0009725863026499582,-0.888,11.558863947911393,1.0,0,0,0.333,93985.64,64,2003,2
Sorghum,2003-04-14,105025.0,NGN,NGN/MT,WFP Nigeria Food Prices,wholesale,National,,,0.9,True,WFP VAM data — converted to NGN/MT,WFP,historical,False,,,129.22,155.0,97.0,11.4,12.5,0,1,1,1,0,0,0,0,1,0,0,0,0,0,0,0,0,0,0,0,0.8660254037844387,-0.4999999999999998,0.9350162426854148,-0.3546048870425354,0,812.76,104700.0,104375.0,104050.0,109247.5,111831.66666666669,116555.0,185185.0,104537.5,419.57319583910777,104780.9375,1187.2294543505545,106836.45833333333,3237.9219456111573,104856.47435897436,5397.417111491318,105025.0,104050.0,111831.66666666669,103400.0,0.3104106972301901,0.937049495434894,-6.086528860340712,-43.28644328644329,-0.304,-0.0009665482787912794,-0.848,11.561963217534743,1.0,0,0,0.333,94277.38,65,2003,2
Sorghum,2003-04-21,104810.83333333334,NGN,NGN/MT,Gap-filled,wholesale,National,,,0.6,False,Weekly gap-fill,Interpolated,historical,False,,,129.22,155.0,97.0,11.4,12.5,0,1,1,1,0,0,0,0,1,0,0,0,0,0,0,0,0,0,0,0,0.8660254037844387,-0.4999999999999998,0.8854560256532099,-0.4647231720437685,0,811.1,105025.0,104700.0,104050.0,107298.33333333334,111831.66666666669,111229.58333333331,186561.25,104727.70833333334,271.0860999960733,104470.0,627.5520910489159,106251.38888888892,2866.2439640173407,104609.59935897436,5238.716343087868,105025.0,104375.0,111514.16666666669,103400.0,-0.2039197016583283,0.7312189652410872,-6.278036930505682,-43.81961241504688,0.113,-0.5143303988885184,-0.82,11.559921957980837,1.0,0,0,0.333,94085.13,66,2003,2
Sorghum,2003-04-28,104810.83333333334,NGN,NGN/MT,Gap-filled,wholesale,National,,,0.6,False,Weekly gap-fill,Interpolated,historical,False,,,129.22,155.0,97.0,11.4,12.5,0,1,1,1,0,0,0,0,1,0,0,0,0,0,0,0,0,0,0,0,0.8660254037844387,-0.4999999999999998,0.8229838658936565,-0.5680647467311557,0,811.1,104810.83333333334,105025.0,104375.0,105349.16666666669,111514.16666666669,105904.16666666666,187937.5,104836.66666666669,135.9925787734316,104402.70833333334,542.975844631116,105692.7777777778,2354.931247072286,104567.54807692308,5232.293331277644,105025.0,104700.0,111196.66666666669,103400.0,0.0,0.4175648702595014,-6.01119439234179,-44.231016517015846,0.257,0.2039197016583283,-0.789,11.559921957980837,1.0,0,0,0.333,94085.13,67,2003,2
Sorghum,2003-05-05,104703.75,NGN,NGN/MT,Gap-filled,wholesale,National,,,0.6,False,Weekly gap-fill,Interpolated,historical,False,,,129.22,155.0,97.0,11.4,12.5,0,1,1,1,0,0,0,0,1,0,1,0,0,0,0,0,0,0,0,0,0.4999999999999999,-0.8660254037844387,0.7485107481711013,-0.663122658240795,0,810.28,104810.83333333334,104810.83333333334,104700.0,103400.0,111196.66666666669,100578.75,189313.75,104837.60416666669,134.74357290713826,104565.67708333334,365.76552803499754,105151.70138888889,1600.42415126387,104726.20192307692,5168.659135069029,105025.0,104703.75,109247.5,103400.0,-0.10216819190128623,0.0035816618911166387,-5.839128870769528,-44.693003017477594,0.106,-0.10216819190128623,-0.76,11.558899763546831,1.0,0,0,0.333,93989.0,68,2003,2
Sorghum,2003-05-12,104596.66666666669,NGN,NGN/MT,WFP Nigeria Food Prices,wholesale,National,,,0.9,True,WFP VAM data — converted to NGN/MT,WFP,historical,False,,,129.22,155.0,97.0,11.4,12.5,0,1,1,1,0,0,0,0,1,0,1,0,0,0,0,0,0,0,0,0,0.4999999999999999,-0.8660254037844387,0.6631226582407952,-0.7485107481711012,0,809.45,104703.75,104810.83333333334,105025.0,104050.0,109247.5,95253.33333333331,190690.0,104730.52083333334,102.52448612209879,104634.01041666667,300.99190661533146,104764.13194444445,948.9184509613384,105085.5608974359,4794.99681227696,104810.83333333334,104596.66666666669,107298.33333333334,103400.0,-0.10227268205132978,-0.4078394033166566,-4.257153100376043,-45.14832100966664,-0.338,-0.00010449015004354578,-0.731,11.557876523162111,1.0,0,0,0.333,93892.88,69,2003,2
Sorghum,2003-05-19,100882.5,NGN,NGN/MT,Gap-filled,wholesale,National,,,0.6,False,Weekly gap-fill,Interpolated,historical,False,,,129.22,155.0,97.0,11.4,12.5,0,1,1,1,0,0,0,0,1,0,1,0,0,0,0,0,0,0,0,0,0.4999999999999999,-0.8660254037844387,0.5680647467311558,-0.8229838658936564,0,780.7,104596.66666666669,104703.75,104810.83333333334,104050.0,107298.33333333334,96360.0,193616.25,103748.4375,1912.6244928919584,104238.07291666667,1368.670006313147,104229.47916666669,1172.3928620010645,105259.50320512822,4541.116667031621,104810.83333333334,100882.5,105349.16666666669,100882.5,-3.550941712610367,-3.7480222305264377,-5.979434287578256,-47.89564408979101,-1.436,-3.4486690305590373,-0.778,11.52172166472371,1.0,0,0,0.333,90558.8,70,2003,2
Sorghum,2003-05-26,97168.33333333334,NGN,NGN/MT,Gap-filled,wholesale,National,,,0.6,False,Weekly gap-fill,Interpolated,historical,False,,,129.22,155.0,97.0,11.4,12.5,0,1,1,1,0,0,0,0,1,0,1,0,0,0,0,0,0,0,0,0,0.4999999999999999,-0.8660254037844387,0.464723172043769,-0.8854560256532096,0,751.96,100882.5,104596.66666666669,104810.83333333334,104375.0,105349.16666666669,96360.0,196542.5,101837.8125,3584.2959200485925,103337.23958333334,2843.1186673820107,103547.74305555556,2299.179026032186,105290.59294871797,4480.108285789061,104703.75,97168.33333333334,105025.0,97168.33333333334,-3.681675877051671,-7.291708077250281,-7.765446649633367,-50.56115937604674,-3.279,-0.13073416444130403,-0.824,11.484210439981847,1.0,0,0,0.333,87224.72,71,2003,2
Sorghum,2003-06-02,93454.16666666669,NGN,NGN/MT,Gap-filled,wholesale,National,,,0.6,False,Weekly gap-fill,Interpolated,historical,False,,,129.22,155.0,97.0,11.4,12.5,0,1,1,0,0,0,0,1,0,0,1,0,0,0,0,0,0,0,1,0,1.2246467991473532e-16,-1.0,0.3546048870425358,-0.9350162426854148,0,723.22,97168.33333333334,100882.5,104703.75,104700.0,103400.0,96913.33333333334,199468.75,99025.41666666667,4794.968548346269,101931.51041666669,4417.379389581387,102718.92361111112,3714.3899827220766,105157.54807692309,4780.152886220652,104596.66666666669,93454.16666666669,105025.0,93454.16666666669,-3.822404418449077,-10.744202889899658,-9.61879432624112,-53.14846728288683,-5.831,-0.14072854139740576,-0.87,11.445237099388198,1.0,0,0,0.333,83890.63,72,2003,2
Sorghum,2003-06-09,89740.0,NGN,NGN/MT,WFP Nigeria Food Prices,wholesale,National,,,0.9,True,WFP VAM data — converted to NGN/MT,WFP,historical,False,,,129.22,155.0,97.0,11.4,12.5,0,1,1,0,0,0,0,1,0,0,1,0,0,0,0,0,0,0,1,0,1.2246467991473532e-16,-1.0,0.2393156642875576,-0.970941817426052,0,694.47,93454.16666666669,97168.33333333334,104596.66666666669,105025.0,104050.0,97466.66666666669,202395.0,95311.25,4794.968548346291,100020.88541666669,5933.585160676322,101526.42361111112,5234.324139155491,104860.3685897436,5468.09460558645,100882.5,89740.0,105025.0,89740.0,-3.9743189620580655,-14.20376685044139,-13.753003363767425,-55.66096000395267,-9.107,-0.1519145436089886,-0.917,11.404683022770763,1.0,0,0,0.333,80556.55,73,2003,2
Sorghum,2003-06-16,87942.0,NGN,NGN/MT,Gap-filled,wholesale,National,,,0.6,False,Weekly gap-fill,Interpolated,historical,False,,,129.22,155.0,97.0,11.4,12.5,0,1,1,0,0,0,0,1,0,0,1,0,0,0,0,0,0,0,1,0,1.2246467991473532e-16,-1.0,0.120536680255323,-0.992708874098054,0,680.56,89740.0,93454.16666666669,100882.5,104810.83333333334,104050.0,100466.66666666669,207916.0,92076.125,4097.887833034279,97912.28125,6905.879582170725,100184.0902777778,6452.099467005252,104378.65064102566,6351.04617462547,97168.33333333334,87942.0,105025.0,87942.0,-2.0035658569199866,-12.827299085569843,-15.481018740989905,-57.70311087169819,-11.786,1.9707531051380789,-0.925,11.384444156321678,1.0,0,0,0.333,78942.55,74,2003,2
Sorghum,2003-06-23,86144.0,NGN,NGN/MT,Gap-filled,wholesale,National,,,0.6,False,Weekly gap-fill,Interpolated,historical,False,,,129.22,155.0,97.0,11.4,12.5,0,1,1,0,0,0,0,1,0,0,1,0,0,0,0,0,0,0,1,0,1.2246467991473532e-16,-1.0,-3.216245299353273e-16,-1.0,0,666.65,87942.0,89740.0,97168.33333333334,104810.83333333334,104375.0,103466.66666666669,213437.0,89320.04166666667,3122.690827947169,95578.92708333334,7379.356331008142,98664.8402777778,7445.489341093795,103712.39423076925,7289.784960688447,93454.16666666669,86144.0,105025.0,86144.0,-2.044529348889046,-11.345602991372372,-17.466826347305386,-59.63961262573968,-13.877,-0.04096349196905935,-0.937,11.363787201966506,1.0,0,0,0.333,77328.55,75,2003,2
Sorghum,2003-06-30,84346.0,NGN,NGN/MT,Gap-filled,wholesale,National,,,0.6,False,Weekly gap-fill,Interpolated,historical,False,,,129.22,155.0,97.0,11.4,12.5,0,1,1,0,0,0,0,1,0,0,1,0,0,0,0,0,0,0,1,0,1.2246467991473532e-16,-1.0,-0.1205366802553228,-0.992708874098054,0,652.73,86144.0,87942.0,93454.16666666669,104703.75,104700.0,106466.66666666669,218958.0,87043.0,2321.208018827208,93034.20833333334,7292.812591724169,96968.67361111112,8223.418248051197,102861.59935897436,8190.6658542922605,89740.0,84346.0,105025.0,84346.0,-2.08720282317979,-9.746132239511363,-19.440305635148047,-61.47845705569104,-15.379,-0.042673474290744196,-0.956,11.342694521247969,1.0,0,0,0.333,75714.54,76,2003,2
Sorghum,2003-07-07,82548.0,NGN,NGN/MT,Gap-filled,wholesale,National,,,0.6,False,Weekly gap-fill,Interpolated,historical,False,,,129.22,155.0,97.0,11.4,12.5,0,1,1,0,0,0,1,1,0,0,1,0,0,0,0,0,0,0,1,0,-0.4999999999999997,-0.8660254037844388,-0.2393156642875574,-0.970941817426052,0,638.82,84346.0,86144.0,89740.0,104596.66666666669,105025.0,109466.66666666669,224479.0,85245.0,2321.20801882724,90278.125,6412.019609004974,95095.5902777778,8763.66892313087,101826.26602564103,8985.145052375317,87942.0,82548.0,104810.83333333334,82548.0,-2.1316956346477567,-8.014263427679968,-21.401571054510825,-63.22684972759145,-16.284,-0.044492811467966575,-0.984,11.321147335404518,1.0,0,0,0.333,74100.54,77,2003,3
Sorghum,2003-07-14,80750.0,NGN,NGN/MT,WFP Nigeria Food Prices,wholesale,National,,,0.9,True,WFP VAM data — converted to NGN/MT,WFP,historical,False,,,129.22,155.0,97.0,11.4,12.5,0,1,1,0,0,0,1,1,0,0,1,0,0,0,0,0,0,0,1,0,-0.4999999999999997,-0.8660254037844388,-0.3546048870425356,-0.9350162426854148,0,624.9,82548.0,84346.0,87942.0,100882.5,104810.83333333334,112466.66666666669,230000.0,83447.0,2321.2080188272716,87761.5625,5548.045609653892,93090.52083333333,9085.388839437639,100606.39423076923,9613.784659526442,86144.0,80750.0,104810.83333333334,80750.0,-2.178126665697533,-8.17811739555616,-22.95643739117299,-64.89130434782608,-17.056,-0.046431031049776195,-1.029,11.299125624909152,1.0,0,0,0.333,72486.54,78,2003,3
Sorghum,2003-07-21,76045.625,NGN,NGN/MT,Gap-filled,wholesale,National,,,0.6,False,Weekly gap-fill,Interpolated,historical,False,,,129.22,155.0,97.0,11.4,12.5,0,1,1,0,0,0,1,1,0,0,1,0,0,0,0,0,0,0,1,0,-0.4999999999999997,-0.8660254037844388,-0.464723172043768,-0.8854560256532101,0,588.5,80750.0,82548.0,86144.0,97168.33333333334,104810.83333333334,111831.66666666669,224479.0,80922.40625,3567.2710615853803,85121.22395833334,5457.241894737791,90693.42013888889,9497.352942226527,99230.00801282052,10466.309027342331,84346.0,76045.625,104703.75,76045.625,-5.825851393188852,-11.722667858469539,-27.444880856781673,-66.12350153020996,-18.45,-3.6477247274913194,-1.169,11.239101918004451,1.0,0,0,0.333,68263.58,79,2003,3
Sorghum,2003-07-28,71341.25,NGN,NGN/MT,Gap-filled,wholesale,National,,,0.6,False,Weekly gap-fill,Interpolated,historical,False,,,129.22,155.0,97.0,11.4,12.5,0,1,1,0,0,0,1,1,0,0,1,0,0,0,0,0,0,0,1,0,-0.4999999999999997,-0.8660254037844388,-0.5680647467311556,-0.8229838658936565,0,552.09,76045.625,80750.0,84346.0,93454.16666666669,104703.75,111831.66666666669,220980.0,77671.21875,5032.327121114849,82357.109375,6185.207426448764,87913.21180555556,9897.93039776006,97672.68429487181,11479.573080634429,82548.0,71341.25,104596.66666666669,71341.25,-6.186253318320412,-15.418336376354535,-31.863710707591654,-67.71596977102,-20.478,-0.36040192513155933,-1.339,11.17524399752403,1.0,0,0,0.333,64040.62,80,2003,3
Sorghum,2003-08-04,66636.875,NGN,NGN/MT,Gap-filled,wholesale,National,,,0.6,False,Weekly gap-fill,Interpolated,historical,False,,,129.22,155.0,97.0,11.4,12.5,0,1,0,0,1,0,1,1,0,0,1,0,0,0,0,1,0,0,1,0,-0.8660254037844384,-0.5000000000000004,-0.663122658240795,-0.7485107481711013,0,515.69,71341.25,76045.625,82548.0,89740.0,104596.66666666669,111514.16666666669,216470.0,73693.4375,6073.322009771683,79469.21875,7499.494583788324,84749.89583333333,10144.077153363174,95946.63461538461,12631.214260366422,80750.0,66636.875,100882.5,66636.875,-6.594186392865275,-19.27499757716722,-36.291588323401015,-69.21657735482977,-23.193,-0.4079330745448635,-1.552,11.107028388577197,1.0,0,0,0.0,59817.66,81,2003,3
Sorghum,2003-08-11,61932.5,NGN,NGN/MT,WFP Nigeria Food Prices,wholesale,National,,,0.9,True,WFP VAM data — converted to NGN/MT,WFP,historical,False,,,129.22,155.0,97.0,11.4,12.5,0,1,0,0,1,0,1,1,0,0,1,0,0,0,0,1,0,0,1,0,-0.8660254037844384,-0.5000000000000004,-0.7485107481711011,-0.6631226582407952,0,479.28,66636.875,71341.25,80750.0,87942.0,100882.5,111196.66666666669,211960.0,68989.0625,6073.322009771715,76218.03125,8822.727584490372,81504.0625,10727.503909071376,94051.85897435898,13884.873316490932,76045.625,61932.5,97168.33333333334,61932.5,-7.05971731117343,-23.30340557275542,-38.60927316432483,-70.78104359313078,-26.648,-0.4655309183081551,-1.832,11.033816507755807,1.0,0,0,0.0,55594.7,82,2003,3
Sorghum,2003-08-18,61646.5,NGN,NGN/MT,Gap-filled,wholesale,National,,,0.6,False,Weekly gap-fill,Interpolated,historical,False,,,129.22,155.0,97.0,11.4,12.5,0,1,0,0,1,0,1,1,0,0,1,0,0,0,0,1,0,0,1,0,-0.8660254037844384,-0.5000000000000004,-0.8229838658936564,-0.5680647467311559,0,477.07,61932.5,66636.875,76045.625,86144.0,97168.33333333334,109247.5,195717.5,65389.28125,4580.399191545327,73155.84375,9131.361839236013,78543.90972222223,10911.528912945554,92221.05128205128,14902.072584027268,71341.25,61646.5,93454.16666666669,61646.5,-0.4617930811770865,-18.93484996671406,-36.55700588326102,-68.5023056190683,-29.095,6.597924229996344,-1.947,11.029187956269851,1.0,0,0,0.0,55337.97,83,2003,3
Sorghum,2003-08-25,61360.5,NGN,NGN/MT,Gap-filled,wholesale,National,,,0.6,False,Weekly gap-fill,Interpolated,historical,False,,,129.22,155.0,97.0,11.4,12.5,0,1,0,0,1,0,1,1,0,0,1,0,0,0,0,1,0,0,1,0,-0.8660254037844384,-0.5000000000000004,-0.8854560256532096,-0.4647231720437691,0,474.85,61646.5,61932.5,71341.25,84346.0,93454.16666666669,107298.33333333334,179475.0,62894.09375,2506.090845684959,70282.65625,8714.038503418235,75869.4375,10857.74245295476,90454.21153846153,15742.52658781416,66636.875,61360.5,89740.0,61360.5,-0.46393550323213795,-13.990152961996039,-34.341611306790334,-65.81111575428334,-30.469,-0.0021424220550514406,-2.035,11.024537881635432,1.0,0,0,0.0,55081.24,84,2003,3
Sorghum,2003-09-01,61074.5,NGN,NGN/MT,Gap-filled,wholesale,National,,,0.6,False,Weekly gap-fill,Interpolated,historical,False,,,129.22,155.0,97.0,11.4,12.5,0,1,0,0,1,1,0,0,0,0,0,0,0,0,0,1,0,0,0,0,-1.0,-1.8369701987210287e-16,-0.9350162426854148,-0.3546048870425359,0,472.64,61360.5,61646.5,66636.875,82548.0,89740.0,105349.16666666669,163232.5,61503.5,369.2244123426926,67598.46875,7636.882808458354,73480.64583333333,10680.560280516946,88751.33974358975,16445.78032799762,61932.5,61074.5,87942.0,61074.5,-0.4660978968554663,-8.347292696423715,-31.94283485625139,-62.58435054293723,-30.701,-0.0021623936233283736,-2.072,11.019866082748182,1.0,0,0,0.0,54824.51,85,2003,3
Sorghum,2003-09-08,60788.5,NGN,NGN/MT,Gap-filled,wholesale,National,,,0.6,False,Weekly gap-fill,Interpolated,historical,False,,,129.22,155.0,97.0,11.4,12.5,0,1,0,0,1,1,0,0,0,0,0,0,0,0,0,1,0,0,0,0,-1.0,-1.8369701987210287e-16,-0.970941817426052,-0.2393156642875577,0,470.43,61074.5,61360.5,61932.5,80750.0,87942.0,103400.0,146990.0,61217.5,369.2244123427217,65103.28125,5755.234488035169,71217.85416666667,10203.988235281133,87112.4358974359,17040.06252675899,61646.5,60788.5,86144.0,60788.5,-0.4682805426159842,-1.8471723247083571,-30.876600486684403,-58.64446560990544,-29.726,-0.002182645760517854,-2.045,11.015172355671929,1.0,0,0,0.0,54567.77,86,2003,3
Sorghum,2003-09-15,60502.5,NGN,NGN/MT,WFP Nigeria Food Prices,wholesale,National,,,0.9,True,WFP VAM data — converted to NGN/MT,WFP,historical,False,,,129.22,155.0,97.0,11.4,12.5,0,1,0,0,1,1,0,0,0,0,0,0,0,0,0,1,0,0,0,0,-1.0,-1.8369701987210287e-16,-0.992708874098054,-0.1205366802553235,0,468.21,60788.5,61074.5,61646.5,76045.625,86144.0,104050.0,140903.0,60931.5,369.2244123427508,63160.390625,3837.6476724936138,69081.0625,9451.183557059941,85437.53205128206,17444.039679378388,61360.5,60502.5,84346.0,60502.5,-0.47048372636271374,-1.8557420129285518,-29.765857169390785,-57.060885857646745,-28.683,-0.0022031837467295645,-2.007,11.010456493585284,1.0,0,0,0.0,54311.04,87,2003,3
Sorghum,2003-09-22,58655.208333333336,NGN,NGN/MT,Gap-filled,wholesale,National,,,0.6,False,Weekly gap-fill,Interpolated,historical,False,,,129.22,155.0,97.0,11.4,12.5,0,1,0,0,1,1,0,0,0,0,0,0,0,0,0,1,0,0,0,0,-1.0,-1.8369701987210287e-16,-1.0,-1.8369701987210287e-16,0,453.92,60502.5,60788.5,61360.5,71341.25,84346.0,104050.0,134816.0,60255.177083333336,1091.9084212685857,61574.635416666664,2278.6596413850725,66940.16319444444,8545.345873679868,83691.57852564103,17775.235258558998,61074.5,58655.208333333336,82548.0,58655.208333333336,-3.0532484883544764,-4.408848797950904,-30.458814486361728,-56.492398281114006,-28.003,-2.5827647619917626,-2.034,10.979448702415267,1.0,0,0,0.0,52652.79,88,2003,3
Sorghum,2003-09-29,56807.91666666667,NGN,NGN/MT,Gap-filled,wholesale,National,,,0.6,False,Weekly gap-fill,Interpolated,historical,False,,,129.22,155.0,97.0,11.4,12.5,0,1,0,0,1,1,0,0,0,0,0,0,0,0,0,1,0,0,0,0,-1.0,-1.8369701987210287e-16,-0.992708874098054,0.1205366802553232,0,439.62,58655.208333333336,60502.5,61074.5,66636.875,82548.0,104375.0,128729.0,59188.53125,1847.3560390266005,60346.015625,1747.0511331004889,64795.15625,7429.043065497733,81862.07532051283,18007.640525146802,60788.5,56807.91666666667,80750.0,56807.91666666667,-3.1494077323340863,-6.985866987586187,-31.181958779538366,-55.87014839960951,-27.697,-0.09615924397960995,-2.044,10.947448575956686,1.0,0,0,0.0,50994.54,89,2003,3
Sorghum,2003-10-06,54960.625,NGN,NGN/MT,Gap-filled,wholesale,National,,,0.6,False,Weekly gap-fill,Interpolated,historical,False,,,129.22,155.0,97.0,11.4,12.5,0,1,0,0,0,1,0,0,0,1,0,1,0,1,1,1,1,0,0,0,-0.8660254037844386,0.5000000000000001,-0.970941817426052,0.2393156642875573,0,425.33,56807.91666666667,58655.208333333336,60788.5,61932.5,80750.0,104700.0,122642.0,57731.5625,2384.8432868632876,59474.53125,2442.917840161031,62646.041666666664,5983.569423254552,79949.02243589744,18126.048772891572,60502.5,54960.625,76045.625,54960.625,-3.2518208289631034,-9.587134079636773,-31.93730650154799,-55.18613117855221,-27.79,-0.1024130966290171,-2.037,10.914390493416924,1.0,0,0,0.333,49336.29,90,2003,4
Sorghum,2003-10-13,53113.333333333336,NGN,NGN/MT,WFP Nigeria Food Prices,wholesale,National,,,0.9,True,WFP VAM data — converted to NGN/MT,WFP,historical,False,,,129.22,155.0,97.0,11.4,12.5,0,1,0,0,0,1,0,0,0,1,0,1,0,1,1,1,1,0,0,0,-0.8660254037844386,0.5000000000000001,-0.9350162426854148,0.3546048870425355,0,411.03,54960.625,56807.91666666667,60502.5,61646.5,76045.625,105025.0,116555.0,55884.270833333336,2384.8432868633085,58407.88541666667,3126.39584895012,60735.0173611111,4874.177425952736,77952.41987179487,18112.47492196657,58655.208333333336,53113.333333333336,71341.25,53113.333333333336,-3.361118376413408,-12.212993953417895,-30.155964484040553,-54.43066935495402,-28.31,-0.1092975474503044,-2.019,10.880202101753124,1.0,0,0,0.333,47678.04,91,2003,4
Sorghum,2003-10-20,54960.625,NGN,NGN/MT,Gap-filled,wholesale,National,,,0.6,False,Weekly gap-fill,Interpolated,historical,False,,,129.22,155.0,97.0,11.4,12.5,0,1,0,0,0,1,0,0,0,1,0,1,0,1,1,1,1,0,0,0,-0.8660254037844386,0.5000000000000001,-0.8854560256532101,0.464723172043768,0,425.33,53113.333333333336,54960.625,58655.208333333336,61360.5,71341.25,104810.83333333334,111229.58333333331,54960.625,1508.3073298107815,57607.90104166667,3081.426583603738,59369.965277777774,3811.760407471148,76035.10416666667,17791.248821132278,56807.91666666667,53113.333333333336,66636.875,53113.333333333336,3.478018702146346,-6.298815464668173,-22.96094475496294,-50.588122913943,-27.717,6.839137078559753,-1.822,10.914390493416924,1.0,0,0,0.333,49336.29,92,2003,4
Sorghum,2003-10-27,56017.91666666667,NGN,NGN/MT,Gap-filled,wholesale,National,,,0.6,False,Weekly gap-fill,Interpolated,historical,False,,,129.22,155.0,97.0,11.4,12.5,0,1,0,0,0,1,0,0,0,1,0,1,0,1,1,1,1,1,0,0,-0.8660254037844386,0.5000000000000001,-0.822983865893657,0.5680647467311548,0,433.51,54960.625,53113.333333333336,56807.91666666667,61074.5,66636.875,104810.83333333334,105904.16666666666,54763.125,1207.5218659372154,56975.828125,2771.820988085444,58485.052083333336,3145.792111311845,74158.45352564103,17198.013040328588,56017.91666666667,53113.333333333336,61932.5,53113.333333333336,1.923725697563805,-1.3906512443248031,-15.935558702795305,-47.10508714639807,-26.154,-1.554293004582541,-1.68,10.933444710295563,1.0,0,0,0.333,50285.38,93,2003,4
Sorghum,2003-11-03,57470.208333333336,NGN,NGN/MT,Gap-filled,wholesale,National,,,0.6,False,Weekly gap-fill,Interpolated,historical,False,,,129.22,155.0,97.0,11.4,12.5,1,0,0,0,0,1,0,0,0,1,0,1,1,1,1,0,1,1,0,0,-0.5000000000000004,0.8660254037844384,-0.7485107481711011,0.6631226582407952,1,444.75,56017.91666666667,54960.625,54960.625,60788.5,61932.5,104703.75,100578.75,55390.520833333336,1833.8592246066203,56561.04166666667,2333.3759615562117,58113.19444444444,2959.4496039127675,72341.77884615384,16314.368789636399,57470.208333333336,53113.333333333336,61646.5,53113.333333333336,2.59254851498405,4.566147734552395,-7.205088873639309,-42.860486600466466,-23.432,0.6688228174202449,-1.532,10.959039376743316,1.0,0,0,0.667,51589.06,94,2003,4
Sorghum,2003-11-10,58922.5,NGN,NGN/MT,WFP Nigeria Food Prices,wholesale,National,,,0.9,True,WFP VAM data — converted to NGN/MT,WFP,historical,False,,,129.22,155.0,97.0,11.4,12.5,1,0,0,0,0,1,0,0,0,1,0,1,1,1,1,0,1,1,0,0,-0.5000000000000004,0.8660254037844384,-0.6631226582407955,0.7485107481711007,1,455.99,57470.208333333336,56017.91666666667,53113.333333333336,60502.5,61646.5,104596.66666666669,95253.33333333331,56842.8125,1726.44225218197,56363.54166666667,1994.3436196419261,57886.19444444444,2761.6553150803425,70585.08012820513,15117.445857705996,58922.5,54960.625,61360.5,53113.333333333336,2.527033934248535,10.937303878498806,-4.41874234546974,-38.14127239641656,-19.469,-0.06551458073551508,-1.4,10.983995271392072,1.0,0,0,0.667,52892.73,95,2003,4
Sorghum,2003-11-17,59300.0,NGN,NGN/MT,Gap-filled,wholesale,National,,,0.6,False,Weekly gap-fill,Interpolated,historical,False,,,129.22,155.0,97.0,11.4,12.5,1,0,0,0,0,1,0,0,0,1,0,1,1,1,1,0,1,1,0,0,-0.5000000000000004,0.8660254037844384,-0.5680647467311559,0.8229838658936564,1,458.91,58922.5,57470.208333333336,54960.625,58655.208333333336,61360.5,100882.5,96360.0,57927.65625,1497.709954975819,56444.14062500001,2109.8722780592852,57714.4861111111,2584.365280034897,68985.7532051282,13937.495617721474,59300.0,56017.91666666667,61074.5,53113.333333333336,0.6406720692434975,7.895425133902689,-3.358023484163264,-38.45994188459942,-16.03,-1.8863618650050373,-1.325,10.990381448250039,1.0,0,0,0.667,53231.6,96,2003,4
Sorghum,2003-11-24,59677.5,NGN,NGN/MT,Gap-filled,wholesale,National,,,0.6,False,Weekly gap-fill,Interpolated,historical,False,,,129.22,155.0,97.0,11.4,12.5,1,0,0,0,0,1,0,0,0,1,0,1,1,1,1,0,1,1,0,0,-0.5000000000000004,0.8660254037844384,-0.4647231720437684,0.88545602565321,1,461.83,59300.0,58922.5,56017.91666666667,56807.91666666667,61074.5,97168.33333333334,96360.0,58842.55208333333,965.4214377776481,56802.83854166667,2403.9816223478474,57598.06944444444,2447.066500160014,67543.79807692308,12797.92210948718,59677.5,57470.208333333336,60788.5,53113.333333333336,0.6365935919055543,6.532880105323446,-2.2873703427780834,-38.06818181818182,-12.882,-0.004078477337943198,-1.256,10.99672710051352,1.0,0,0,0.667,53570.47,97,2003,4
Sorghum,2003-12-01,60055.0,NGN,NGN/MT,Gap-filled,wholesale,National,,,0.6,False,Weekly gap-fill,Interpolated,historical,False,,,129.22,155.0,97.0,11.4,12.5,1,0,0,0,0,0,0,0,0,1,0,1,1,1,1,0,0,0,0,1,-2.4492935982947064e-16,1.0,-0.3546048870425359,0.9350162426854148,1,464.75,59677.5,59300.0,57470.208333333336,54960.625,60788.5,93454.16666666669,96913.33333333334,59488.75,487.35040440111504,57439.63541666667,2518.293493107531,57536.94444444444,2368.0122937288183,66259.21474358974,11724.335616734703,60055.0,58922.5,60502.5,53113.333333333336,0.6325667127476953,4.497620143770131,-1.2066427038008865,-38.03226250257963,-10.218,-0.004026879157859042,-1.191,11.003032739252838,1.0,0,0,0.667,53909.34,98,2003,4
Sorghum,2003-12-08,60055.0,NGN,NGN/MT,Gap-filled,wholesale,National,,,0.6,False,Weekly gap-fill,Interpolated,historical,False,,,129.22,155.0,97.0,11.4,12.5,1,0,0,0,0,0,0,0,0,1,0,1,1,1,1,0,0,0,0,1,-2.4492935982947064e-16,1.0,-0.2393156642875578,0.970941817426052,1,464.75,60055.0,59677.5,58922.5,53113.333333333336,60502.5,89740.0,97466.66666666669,59771.875,361.42873318250986,58307.34375,1945.416407706127,57499.652777777774,2320.103846866722,65117.48397435897,10751.286188709053,60055.0,59300.0,60055.0,53113.333333333336,0.0,1.9220162077304925,-0.7396388578984392,-38.384062927496586,-8.209,-0.6325667127476953,-1.145,11.003032739252838,1.0,0,0,0.667,53909.34,99,2003,4
Sorghum,2003-12-15,60810.0,NGN,NGN/MT,WFP Nigeria Food Prices,wholesale,National,,,0.9,True,WFP VAM data — converted to NGN/MT,WFP,historical,False,,,129.22,155.0,97.0,11.4,12.5,1,0,0,0,0,0,0,0,0,1,0,1,1,1,1,0,0,0,0,1,-2.4492935982947064e-16,1.0,-0.1205366802553236,0.992708874098054,1,470.59,60055.0,60055.0,59300.0,54960.625,58655.208333333336,87942.0,100466.66666666669,60149.375,475.0104165558472,59038.515625,1571.095087753399,57679.21875,2494.5005565305164,64073.94551282051,9713.98264077984,60810.0,59677.5,60810.0,53113.333333333336,1.2571809174922954,2.5463743676222617,3.673657852208345,-39.47246184472463,-6.125,1.2571809174922954,-1.069,11.01552597264265,1.0,0,0,0.667,54587.07,100,2003,4
Sorghum,2003-12-22,50607.5,NGN,NGN/MT,Gap-filled,wholesale,National,,,0.6,False,Weekly gap-fill,Interpolated,historical,False,,,129.22,155.0,97.0,11.4,12.5,1,0,0,0,0,0,0,0,0,1,0,1,1,1,1,0,0,0,0,1,-2.4492935982947064e-16,1.0,6.432490598706546e-16,1.0,1,391.64,60810.0,60055.0,59677.5,56017.91666666667,56807.91666666667,86144.0,103466.66666666669,57881.875,4862.625908824369,58362.21354166667,3285.8421134550126,57162.5173611111,3226.2296901148507,62707.15705128205,8954.827614540724,60810.0,50607.5,60810.0,50607.5,-16.7776681466864,-15.198357840056975,-10.914705256749723,-51.088112113402076,-7.695,-18.034849064178694,-1.467,10.831874825357517,1.0,0,0,0.667,45428.64,101,2003,4
Sorghum,2003-12-29,40405.0,NGN,NGN/MT,Gap-filled,wholesale,National,,,0.6,False,Weekly gap-fill,Interpolated,historical,False,,,129.22,155.0,97.0,11.4,12.5,1,0,0,0,0,0,0,0,0,1,0,1,1,1,1,0,0,0,0,1,-2.4492935982947064e-16,1.0,0.120536680255323,0.992708874098054,1,312.68,50607.5,60810.0,60055.0,57470.208333333336,54960.625,84346.0,106466.66666666669,52969.375,9576.419906685916,56229.0625,7179.738223627211,55949.5486111111,5821.6264364668195,61017.118589743586,8853.492294221145,60810.0,40405.0,60810.0,40405.0,-20.160055327767623,-32.720006660561154,-26.483732672254,-62.04915466499688,-13.189,-3.3823871810812243,-1.826,10.606733567773487,1.0,0,0,0.667,36270.2,102,2003,4
Sorghum,2004-01-05,30202.5,NGN,NGN/MT,Gap-filled,wholesale,National,,,0.6,False,Weekly gap-fill,Interpolated,historical,False,,,133.5,155.0,97.0,11.4,12.5,1,0,0,0,0,0,0,0,0,1,0,0,1,0,0,0,0,0,0,1,0.4999999999999999,0.8660254037844387,0.2393156642875577,0.970941817426052,1,226.24,40405.0,50607.5,60055.0,58922.5,53113.333333333336,82548.0,109466.66666666669,45506.25,13171.370863227212,52639.0625,11513.116971019834,54040.3125,9457.699522173012,59003.830128205125,9675.088461530899,60810.0,30202.5,60810.0,30202.5,-25.25058779853978,-49.708600449587884,-43.13574745826535,-72.40940925700366,-22.876,-5.090532470772157,-2.135,10.3157130906875,1.0,0,0,0.333,27111.76,103,2004,1
Sorghum,2004-01-12,20000.0,NGN,NGN/MT,WFP Nigeria Food Prices,wholesale,National,,,0.9,True,WFP VAM data — converted to NGN/MT,WFP,historical,False,,,133.5,155.0,97.0,11.4,12.5,1,0,0,0,0,0,0,0,0,1,0,0,1,0,0,0,0,0,0,1,0.4999999999999999,0.8660254037844387,0.3546048870425356,0.9350162426854148,1,149.81,30202.5,40405.0,60810.0,59300.0,54960.625,80750.0,112466.66666666669,35303.75,13171.370863227234,47726.5625,15837.307217086645,51126.927083333336,13618.072910445373,56667.291666666664,11395.861647983733,50607.5,20000.0,60810.0,20000.0,-33.78031619899014,-67.11067258674561,-63.610311927857445,-82.21695317131001,-37.7,-8.529728400450363,-2.392,9.90353755128617,1.0,0,0,0.333,17953.32,104,2004,1
Sorghum,2004-01-19,24000.0,NGN,NGN/MT,Gap-filled,wholesale,National,,,0.6,False,Weekly gap-fill,Interpolated,historical,False,,,133.5,155.0,97.0,11.4,12.5,1,0,0,0,0,0,0,0,0,1,0,0,1,0,0,0,0,0,0,1,0.4999999999999999,0.8660254037844387,0.4647231720437685,0.8854560256532099,1,179.78,20000.0,30202.5,50607.5,59677.5,56017.91666666667,76045.625,111831.66666666669,28651.875,8888.85570414841,43266.875,16973.74636387005,48458.7673611111,15569.464537931583,54665.53685897436,12384.007638069103,40405.0,20000.0,60810.0,20000.0,19.999999999999996,-52.576199179963446,-57.15656449201521,-78.53917346011119,-47.587,53.780316198990135,-2.101,10.085850775128717,1.0,0,0,0.333,21543.99,105,2004,1
Sorghum,2004-01-26,24000.0,NGN,NGN/MT,Gap-filled,wholesale,National,,,0.6,False,Weekly gap-fill,Interpolated,historical,False,,,133.5,155.0,97.0,11.4,12.5,1,0,0,0,0,0,0,0,0,1,0,0,1,0,0,0,0,0,0,1,0.4999999999999999,0.8660254037844387,0.5680647467311558,0.8229838658936564,1,179.78,24000.0,20000.0,40405.0,60055.0,57470.208333333336,71341.25,111831.66666666669,24550.625,4213.401424325161,38760.0,16663.18616634518,45669.583333333336,16760.779836262696,52844.71955128205,13281.847919944561,30202.5,20000.0,60810.0,20000.0,0.0,-40.60141071649548,-58.239232645899875,-78.53917346011119,-53.542,-19.999999999999996,-1.99,10.085850775128717,1.0,0,0,0.333,21543.99,106,2004,1
Sorghum,2004-02-02,26000.0,NGN,NGN/MT,Gap-filled,wholesale,National,,,0.6,False,Weekly gap-fill,Interpolated,historical,False,,,133.5,155.0,97.0,11.4,12.5,1,0,0,0,0,0,0,0,1,1,0,0,1,0,0,0,0,0,0,0,0.8660254037844386,0.5000000000000001,0.6631226582407952,0.7485107481711011,1,194.76,24000.0,24000.0,30202.5,60055.0,58922.5,66636.875,111514.16666666669,23500.0,2516.611478424649,34503.125,14677.510052433185,42926.041666666664,17085.58564651625,51281.76282051282,13967.231426134664,26000.0,20000.0,60810.0,20000.0,8.333333333333325,-13.914411058687193,-55.8742415885273,-76.68457669802791,-54.175,8.333333333333325,-1.823,10.165890277802454,1.0,0,0,0.333,23339.32,107,2004,1
Sorghum,2004-02-09,28000.0,NGN,NGN/MT,WFP Nigeria Food Prices,wholesale,National,,,0.9,True,WFP VAM data — converted to NGN/MT,WFP,historical,False,,,133.5,155.0,97.0,11.4,12.5,1,0,0,0,0,0,0,0,1,1,0,0,1,0,0,0,0,0,0,0,0.8660254037844386,0.5000000000000001,0.7485107481711011,0.6631226582407953,1,209.74,26000.0,24000.0,20000.0,60810.0,59300.0,61932.5,111196.66666666669,25500.0,1914.854215514046,30401.875,10167.750554536486,40317.708333333336,16744.41285576898,49976.666666666664,14507.109905289624,28000.0,24000.0,60810.0,20000.0,7.692307692307687,39.99999999999999,-52.782462057335586,-74.81938907041578,-48.976,-0.6410256410256379,-1.672,10.239995502805316,1.0,0,0,0.333,25134.65,108,2004,1
Sorghum,2004-02-16,28000.0,NGN,NGN/MT,Gap-filled,wholesale,National,,,0.6,False,Weekly gap-fill,Interpolated,historical,False,,,133.5,155.0,97.0,11.4,12.5,1,0,0,0,0,0,0,0,1,1,0,0,1,0,0,0,0,0,0,0,0.8660254037844386,0.5000000000000001,0.8229838658936564,0.5680647467311559,1,209.74,28000.0,26000.0,24000.0,50607.5,59677.5,61646.5,109247.5,26500.0,1914.8542155140308,27575.9375,6062.724507992478,37677.916666666664,15890.052306728792,48682.57051282051,14919.320368721115,28000.0,24000.0,60810.0,20000.0,0.0,16.666666666666675,-53.08114448493988,-74.37012288610723,-45.566,-7.692307692307687,-1.603,10.239995502805316,1.0,0,0,0.333,25134.65,109,2004,1
Sorghum,2004-02-23,28000.0,NGN,NGN/MT,Gap-filled,wholesale,National,,,0.6,False,Weekly gap-fill,Interpolated,historical,False,,,133.5,155.0,97.0,11.4,12.5,1,0,0,0,0,0,0,0,1,1,0,0,1,0,0,0,0,0,0,0,0.8660254037844386,0.5000000000000001,0.8854560256532099,0.4647231720437686,1,209.74,28000.0,28000.0,24000.0,40405.0,60055.0,61360.5,107298.33333333334,27500.0,1000.0000000025653,26025.3125,3243.8046547817908,35006.666666666664,14411.903789343849,47399.47435897436,15216.947268501559,28000.0,26000.0,60810.0,20000.0,0.0,16.666666666666675,-53.37607193406044,-73.90453408720235,-41.982,0.0,-1.539,10.239995502805316,1.0,0,0,0.333,25134.65,110,2004,1
Sorghum,2004-03-01,28000.0,NGN,NGN/MT,Gap-filled,wholesale,National,,,0.6,False,Weekly gap-fill,Interpolated,historical,False,,,133.5,155.0,97.0,11.4,12.5,1,0,0,1,0,0,0,0,1,1,0,0,0,0,0,0,0,0,0,0,1.0,6.123233995736766e-17,0.9350162426854148,0.3546048870425355,0,209.74,28000.0,28000.0,26000.0,30202.5,60055.0,61074.5,105349.16666666669,28000.0,0.0,25750.0,2915.475947421132,32335.416666666668,12138.519212581572,46127.3782051282,15409.278294833059,28000.0,28000.0,60810.0,20000.0,0.0,7.692307692307687,-53.37607193406044,-73.42171667233566,-39.299,0.0,-1.478,10.239995502805316,1.0,0,0,0.333,25134.65,111,2004,1
Sorghum,2004-03-08,28000.0,NGN,NGN/MT,Gap-filled,wholesale,National,,,0.6,False,Weekly gap-fill,Interpolated,historical,False,,,133.5,155.0,97.0,11.4,12.5,1,0,0,1,0,0,0,0,1,1,0,0,0,0,0,0,0,0,0,0,1.0,6.123233995736766e-17,0.970941817426052,0.239315664287558,0,209.74,28000.0,28000.0,28000.0,20000.0,60810.0,60788.5,103400.0,28000.0,0.0,26750.0,1832.250762623402,29601.25,8196.817945507082,44866.28205128205,15502.83888358211,28000.0,28000.0,50607.5,20000.0,0.0,0.0,-53.954941621443844,-72.92069632495163,-37.592,0.0,-1.421,10.239995502805316,1.0,0,0,0.333,25134.65,112,2004,1
Sorghum,2004-03-15,28000.0,NGN,NGN/MT,WFP Nigeria Food Prices,wholesale,National,,,0.9,True,WFP VAM data — converted to NGN/MT,WFP,historical,False,,,133.5,155.0,97.0,11.4,12.5,1,0,0,1,0,0,0,0,1,1,0,0,0,0,0,0,0,0,0,0,1.0,6.123233995736766e-17,0.992708874098054,0.120536680255323,0,209.74,28000.0,28000.0,28000.0,24000.0,50607.5,60502.5,104050.0,28000.0,0.0,27250.0,1488.047618282732,27717.291666666668,4840.885937219058,43616.18589743589,15501.998896285388,28000.0,28000.0,40405.0,20000.0,0.0,0.0,-44.672232376624024,-73.08986064392118,-35.804,0.0,-1.368,10.239995502805316,1.0,0,0,0.333,25134.65,113,2004,1
Sorghum,2004-03-22,28250.0,NGN,NGN/MT,Gap-filled,wholesale,National,,,0.6,False,Weekly gap-fill,Interpolated,historical,False,,,133.5,155.0,97.0,11.4,12.5,1,0,0,1,0,0,0,0,1,1,0,0,0,0,0,0,0,0,0,0,1.0,6.123233995736766e-17,1.0,-1.6081226496766364e-16,0,211.61,28000.0,28000.0,28000.0,24000.0,40405.0,58655.208333333336,104050.0,28062.5,125.00000002039134,27781.25,725.0307875175763,26704.375,2776.0301374141504,42446.754807692305,15468.923584791324,28250.0,28000.0,30202.5,20000.0,0.8928571428571397,0.8928571428571397,-30.082910530874894,-72.84959154252763,-33.888,0.8928571428571397,-1.311,10.248884134178173,1.0,0,0,0.333,25359.07,114,2004,1
Sorghum,2004-03-29,28500.0,NGN,NGN/MT,Gap-filled,wholesale,National,,,0.6,False,Weekly gap-fill,Interpolated,historical,False,,,133.5,155.0,97.0,11.4,12.5,1,0,0,1,0,0,0,0,1,1,0,0,0,0,0,0,0,0,0,0,1.0,6.123233995736766e-17,0.992708874098054,-0.1205366802553228,0,213.48,28250.0,28000.0,28000.0,26000.0,30202.5,56807.91666666667,104375.0,28187.5,239.35677694971866,28093.75,186.00595226212243,26562.5,2620.125343976843,41357.98878205128,15413.809683015697,28500.0,28000.0,28500.0,20000.0,0.8849557522123908,1.7857142857142794,-5.636950583560962,-72.69461077844312,-31.845,-0.007901390644748929,-1.257,10.25769445336048,1.0,0,0,0.333,25583.48,115,2004,1
Sorghum,2004-04-05,28750.0,NGN,NGN/MT,Gap-filled,wholesale,National,,,0.6,False,Weekly gap-fill,Interpolated,historical,False,,,133.5,155.0,97.0,11.4,12.5,0,1,1,1,0,0,0,0,1,0,0,0,0,0,0,0,0,0,0,0,0.8660254037844387,-0.4999999999999998,0.970941817426052,-0.2393156642875575,0,215.36,28500.0,28250.0,28000.0,28000.0,20000.0,54960.625,104700.0,28375.0,322.748612191821,28187.5,291.24118624029876,27291.666666666668,1674.7908055612186,40349.88782051282,15345.546502345447,28750.0,28000.0,28750.0,24000.0,0.8771929824561431,2.678571428571419,43.75,-72.54059216809934,-29.678,-0.007762769756247678,-1.207,10.266427828229292,1.0,0,0,0.333,25807.9,116,2004,2
Sorghum,2004-04-12,29000.0,NGN,NGN/MT,WFP Nigeria Food Prices,wholesale,National,,,0.9,True,WFP VAM data — converted to NGN/MT,WFP,historical,False,,,133.5,155.0,97.0,11.4,12.5,0,1,1,1,0,0,0,0,1,0,0,0,0,0,0,0,0,0,0,0,0.8660254037844387,-0.4999999999999998,0.9350162426854148,-0.3546048870425354,0,217.23,28750.0,28500.0,28000.0,28000.0,24000.0,53113.333333333336,105025.0,28625.0,322.74861219179843,28312.5,395.2847075099564,27708.333333333332,1376.8926368100022,39422.45192307692,15271.79855502354,29000.0,28250.0,29000.0,24000.0,0.8695652173912993,3.571428571428581,20.833333333333325,-72.38752677933824,-27.389,-0.00762776506484375,-1.161,10.275085591132715,1.0,0,0,0.333,26032.32,117,2004,2
Sorghum,2004-04-19,28750.0,NGN,NGN/MT,Gap-filled,wholesale,National,,,0.6,False,Weekly gap-fill,Interpolated,historical,False,,,133.5,155.0,97.0,11.4,12.5,0,1,1,1,0,0,0,0,1,0,0,0,0,0,0,0,0,0,0,0,0.8660254037844387,-0.4999999999999998,0.8854560256532099,-0.4647231720437685,0,215.36,29000.0,28750.0,28250.0,28000.0,24000.0,54960.625,104810.83333333334,28750.0,204.1241452443209,28406.25,399.4974521532636,28104.166666666668,757.2252977044061,38414.35096153846,15068.82772991638,29000.0,28500.0,29000.0,26000.0,-0.8620689655172376,1.7699115044247815,19.791666666666675,-72.56962941171794,-25.158,-1.7316341829085369,-1.137,10.266427828229292,1.0,0,0,0.333,25807.9,118,2004,2
Sorghum,2004-04-26,28500.0,NGN,NGN/MT,Gap-filled,wholesale,National,,,0.6,False,Weekly gap-fill,Interpolated,historical,False,,,133.5,155.0,97.0,11.4,12.5,0,1,1,1,0,0,0,0,1,0,0,0,0,0,0,0,0,0,0,0,0.8660254037844387,-0.4999999999999998,0.8229838658936565,-0.5680647467311557,0,213.48,28750.0,29000.0,28500.0,28000.0,26000.0,56017.91666666667,104810.83333333334,28750.0,204.1241452443209,28468.75,364.43449341580833,28312.5,371.19279475432006,37355.96955128205,14745.87889120513,29000.0,28500.0,29000.0,28000.0,-0.8695652173912993,0.0,9.615384615384626,-72.80815437335517,-23.038,-0.007496251874061777,-1.116,10.25769445336048,1.0,0,0,0.333,25583.48,119,2004,2
Sorghum,2004-05-03,28500.0,NGN,NGN/MT,Gap-filled,wholesale,National,,,0.6,False,Weekly gap-fill,Interpolated,historical,False,,,133.5,155.0,97.0,11.4,12.5,0,1,1,1,0,0,0,0,1,0,1,0,0,0,0,0,0,0,0,0,0.4999999999999999,-0.8660254037844387,0.7485107481711013,-0.663122658240795,0,213.48,28500.0,28750.0,28750.0,28000.0,28000.0,57470.208333333336,104703.75,28687.5,239.35677694965784,28531.25,311.60586367549837,28354.166666666668,360.84391819978947,36241.730769230766,14251.441291483434,29000.0,28500.0,29000.0,28000.0,0.0,-0.8695652173912993,1.7857142857142794,-72.78034454353354,-20.844,0.8695652173912993,-1.088,10.25769445336048,1.0,0,0,0.333,25583.48,120,2004,2
Sorghum,2004-05-10,28000.0,NGN,NGN/MT,WFP Nigeria Food Prices,wholesale,National,,,0.9,True,WFP VAM data — converted to NGN/MT,WFP,historical,False,,,133.5,155.0,97.0,11.4,12.5,0,1,1,1,0,0,0,0,1,0,1,0,0,0,0,0,0,0,0,0,0.4999999999999999,-0.8660254037844387,0.6631226582407952,-0.7485107481711012,0,209.74,28500.0,28500.0,29000.0,28000.0,28000.0,58922.5,104596.66666666669,28437.5,314.57643481101564,28531.25,311.60586367549837,28354.166666666668,360.84391819978947,35052.403846153844,13556.28465842939,28750.0,28000.0,29000.0,28000.0,-1.7543859649122862,-3.4482758620689613,0.0,-73.23050447751682,-18.871,-1.7543859649122862,-1.084,10.239995502805316,1.0,0,0,0.333,25134.65,121,2004,2
Sorghum,2004-05-17,28600.0,NGN,NGN/MT,Gap-filled,wholesale,National,,,0.6,False,Weekly gap-fill,Interpolated,historical,False,,,133.5,155.0,97.0,11.4,12.5,0,1,1,1,0,0,0,0,1,0,1,0,0,0,0,0,0,0,0,0,0.4999999999999999,-0.8660254037844387,0.5680647467311558,-0.8229838658936564,0,214.23,28000.0,28500.0,28750.0,28250.0,28000.0,59300.0,100882.5,28400.0,270.80128016390785,28575.0,290.3200204549365,28404.166666666668,348.6717219182338,33871.63461538462,12667.690119794417,28600.0,28000.0,29000.0,28000.0,2.1428571428571352,-0.521739130434784,2.1428571428571352,-71.65018709885263,-16.154,3.8972431077694214,-1.033,10.261196961231647,1.0,0,0,0.333,25673.25,122,2004,2
Sorghum,2004-05-24,29200.0,NGN,NGN/MT,Gap-filled,wholesale,National,,,0.6,False,Weekly gap-fill,Interpolated,historical,False,,,133.5,155.0,97.0,11.4,12.5,0,1,1,1,0,0,0,0,1,0,1,0,0,0,0,0,0,0,0,0,0.4999999999999999,-0.8660254037844387,0.464723172043769,-0.8854560256532096,0,218.73,28600.0,28000.0,28500.0,28500.0,28000.0,59677.5,97168.33333333334,28575.0,492.44289009495054,28662.5,361.297265803324,28504.166666666668,391.65054766160443,32699.423076923078,11544.548027265044,29200.0,28000.0,29200.0,28000.0,2.0979020979021046,2.4561403508772006,4.285714285714293,-69.94905747757329,-12.613,-0.044955044955030665,-0.981,10.281958234245314,1.0,0,0,0.333,26211.85,123,2004,2
Sorghum,2004-05-31,29800.0,NGN,NGN/MT,Gap-filled,wholesale,National,,,0.6,False,Weekly gap-fill,Interpolated,historical,False,,,133.5,155.0,97.0,11.4,12.5,0,1,1,1,0,0,0,0,1,0,1,0,0,0,0,0,0,0,0,0,0.4999999999999999,-0.8660254037844387,0.3546048870425358,-0.9350162426854148,0,223.22,29200.0,28600.0,28500.0,28750.0,28000.0,60055.0,93454.16666666669,28900.0,774.5966692447422,28793.75,542.7690247950433,28654.166666666668,508.3209138759441,31535.76923076923,10112.937154190087,29800.0,28000.0,29800.0,28000.0,2.0547945205479534,4.561403508771922,6.428571428571428,-68.11271122207856,-8.358,-0.04310757735415116,-0.927,10.30229722897745,1.0,0,0,0.333,26750.45,124,2004,2
Sorghum,2004-06-07,30400.0,NGN,NGN/MT,Gap-filled,wholesale,National,,,0.6,False,Weekly gap-fill,Interpolated,historical,False,,,133.5,155.0,97.0,11.4,12.5,0,1,1,0,0,0,0,1,0,0,1,0,0,0,0,0,0,0,1,0,1.2246467991473532e-16,-1.0,0.2393156642875576,-0.970941817426052,0,227.72,29800.0,29200.0,28000.0,29000.0,28000.0,60055.0,89740.0,29500.0,774.5966692447197,28968.75,788.7320294478777,28854.166666666668,673.0049078789716,30395.19230769231,8272.622526232004,30400.0,28600.0,30400.0,28000.0,2.0134228187919545,8.571428571428562,8.571428571428562,-66.12435926008469,-2.945,-0.04137170175599891,-0.871,10.322230781590136,1.0,0,0,0.333,27289.05,125,2004,2
Sorghum,2004-06-14,31000.0,NGN,NGN/MT,WFP Nigeria Food Prices,wholesale,National,,,0.9,True,WFP VAM data — converted to NGN/MT,WFP,historical,False,,,133.5,155.0,97.0,11.4,12.5,0,1,1,0,0,0,0,1,0,0,1,0,0,0,0,0,0,0,1,0,1.2246467991473532e-16,-1.0,0.120536680255323,-0.992708874098054,0,232.21,30400.0,29800.0,28600.0,28750.0,28250.0,60810.0,87942.0,30100.0,774.5966692446972,29250.0,1055.597325819357,29083.333333333332,883.7763325803899,29248.653846153848,5484.647811424831,31000.0,29200.0,31000.0,28000.0,1.9736842105263053,8.391608391608397,9.734513274336276,-64.74949398467172,2.911,-0.03973860826564923,-0.814,10.34177474101152,1.0,0,0,0.333,27827.65,126,2004,2
Sorghum,2004-06-21,30500.0,NGN,NGN/MT,Gap-filled,wholesale,National,,,0.6,False,Weekly gap-fill,Interpolated,historical,False,,,133.5,155.0,97.0,11.4,12.5,0,1,1,0,0,0,0,1,0,0,1,0,0,0,0,0,0,0,1,0,1.2246467991473532e-16,-1.0,-3.216245299353273e-16,-1.0,0,228.46,31000.0,30400.0,29200.0,28500.0,28500.0,50607.5,86144.0,30425.0,492.4428900948412,29500.0,1088.9050857193924,29250.0,949.8803752270118,28475.28846153846,3357.672730246949,31000.0,29800.0,31000.0,28000.0,-1.6129032258064502,4.452054794520555,7.017543859649122,-64.59416790490341,6.847,-3.5865874363327555,-0.814,10.32551474894327,1.0,0,0,0.333,27378.82,127,2004,2
Sorghum,2004-06-28,30500.0,NGN,NGN/MT,Gap-filled,wholesale,National,,,0.6,False,Weekly gap-fill,Interpolated,historical,False,,,133.5,155.0,97.0,11.4,12.5,0,1,1,0,0,0,0,1,0,0,1,0,0,0,0,0,0,0,1,0,1.2246467991473532e-16,-1.0,-0.1205366802553228,-0.992708874098054,0,228.46,30500.0,31000.0,29800.0,28500.0,28750.0,40405.0,84346.0,30600.0,270.80128016367127,29750.0,1055.5973258193646,29395.833333333332,999.194751529386,28094.326923076922,2365.2244669013057,31000.0,30400.0,31000.0,28000.0,0.0,2.348993288590595,6.08695652173914,-63.83942332772152,8.919,1.6129032258064502,-0.789,10.32551474894327,1.0,0,0,0.333,27378.82,128,2004,2
Sorghum,2004-07-05,30500.0,NGN,NGN/MT,Gap-filled,wholesale,National,,,0.6,False,Weekly gap-fill,Interpolated,historical,False,,,133.5,155.0,97.0,11.4,12.5,0,1,1,0,0,0,1,1,0,0,1,0,0,0,0,0,0,0,1,0,-0.4999999999999997,-0.8660254037844388,-0.2393156642875574,-0.970941817426052,0,228.46,30500.0,30500.0,30400.0,28000.0,29000.0,30202.5,82548.0,30625.0,250.00000000989675,30062.5,803.4523721273123,29520.833333333332,1038.236777440175,28105.76923076923,2376.523802657528,31000.0,30500.0,31000.0,28000.0,0.0,0.328947368421062,5.1724137931034475,-63.05180016475263,8.963,0.0,-0.764,10.32551474894327,1.0,0,0,0.333,27378.82,129,2004,3
Sorghum,2004-07-12,30000.0,NGN,NGN/MT,WFP Nigeria Food Prices,wholesale,National,,,0.9,True,WFP VAM data — converted to NGN/MT,WFP,historical,False,,,133.5,155.0,97.0,11.4,12.5,0,1,1,0,0,0,1,1,0,0,1,0,0,0,0,0,0,0,1,0,-0.4999999999999997,-0.8660254037844388,-0.3546048870425356,-0.9350162426854148,0,224.72,30500.0,30500.0,31000.0,28600.0,28750.0,20000.0,80750.0,30375.0,250.00000000992586,30237.5,552.7528509894915,29625.0,1016.3437142145007,28490.384615384617,1734.7633400946393,30500.0,30000.0,31000.0,28000.0,-1.6393442622950838,-3.2258064516129004,4.347826086956519,-62.84829721362228,6.615,-1.6393442622950838,-0.769,10.308985993422082,1.0,0,0,0.333,26929.98,130,2004,3
Sorghum,2004-07-19,33750.0,NGN,NGN/MT,Gap-filled,wholesale,National,,,0.6,False,Weekly gap-fill,Interpolated,historical,False,,,133.5,155.0,97.0,11.4,12.5,0,1,1,0,0,0,1,1,0,0,1,0,0,0,0,0,0,0,1,0,-0.4999999999999997,-0.8660254037844388,-0.464723172043768,-0.8854560256532101,0,252.81,30000.0,30500.0,30500.0,29200.0,28500.0,24000.0,76045.625,31187.5,1724.5168405493318,30806.25,1242.818657036106,30062.5,1501.9873198731764,28865.384615384617,1778.525750765605,33750.0,30000.0,33750.0,28000.0,12.5,10.655737704918034,18.421052631578938,-55.61874861308589,8.045,14.139344262295083,-0.511,10.426765325491356,1.0,0,0,0.333,30296.23,131,2004,3
Sorghum,2004-07-26,37500.0,NGN,NGN/MT,Gap-filled,wholesale,National,,,0.6,False,Weekly gap-fill,Interpolated,historical,False,,,133.5,155.0,97.0,11.4,12.5,0,1,1,0,0,0,1,1,0,0,1,0,0,0,0,0,0,0,1,0,-0.4999999999999997,-0.8660254037844388,-0.5680647467311556,-0.8229838658936565,0,280.9,33750.0,30000.0,30500.0,29800.0,28500.0,24000.0,71341.25,32937.5,3466.356155966206,31768.75,2596.5550666752792,30812.5,2539.5172232615055,29384.615384615383,2217.691107015679,37500.0,30000.0,37500.0,28000.0,11.111111111111116,22.95081967213115,31.578947368421062,-47.43574019238519,12.091,-1.388888888888884,-0.239,10.53212287826962,1.0,0,0,0.333,33662.48,132,2004,3
Sorghum,2004-08-02,41250.0,NGN,NGN/MT,Gap-filled,wholesale,National,,,0.6,False,Weekly gap-fill,Interpolated,historical,False,,,133.5,155.0,97.0,11.4,12.5,0,1,0,0,1,0,1,1,0,0,1,0,0,0,0,1,0,0,1,0,-0.8660254037844384,-0.5000000000000004,-0.663122658240795,-0.7485107481711013,0,308.99,37500.0,33750.0,30500.0,30400.0,28000.0,26000.0,66636.875,35625.0,4841.229182759753,33125.0,4149.010208986851,31916.666666666668,3782.034885978351,29971.153846153848,3119.8773397951522,41250.0,30000.0,41250.0,28600.0,10.000000000000009,35.24590163934427,47.321428571428584,-38.097337247582516,18.864,-1.1111111111111072,0.042,10.627430633893226,1.0,0,0,0.0,37028.73,133,2004,3
Sorghum,2004-08-09,45000.0,NGN,NGN/MT,WFP Nigeria Food Prices,wholesale,National,,,0.9,True,WFP VAM data — converted to NGN/MT,WFP,historical,False,,,133.5,155.0,97.0,11.4,12.5,0,1,0,0,1,0,1,1,0,0,1,0,0,0,0,1,0,0,1,0,-0.8660254037844384,-0.5000000000000004,-0.7485107481711011,-0.6631226582407952,0,337.08,41250.0,37500.0,30000.0,31000.0,28600.0,28000.0,61932.5,39375.0,4841.22918275973,34875.0,5763.183643983347,33283.333333333336,5179.519692248889,30625.0,4262.42301983071,45000.0,33750.0,45000.0,29200.0,9.090909090909083,50.0,57.34265734265733,-27.340249465143508,28.571,-0.909090909090926,0.326,10.714439990727769,1.0,0,0,0.0,40394.97,134,2004,3
Sorghum,2004-08-16,46600.0,NGN,NGN/MT,Gap-filled,wholesale,National,,,0.6,False,Weekly gap-fill,Interpolated,historical,False,,,133.5,155.0,97.0,11.4,12.5,0,1,0,0,1,0,1,1,0,0,1,0,0,0,0,1,0,0,1,0,-0.8660254037844384,-0.5000000000000004,-0.8229838658936564,-0.5680647467311559,0,349.06,45000.0,41250.0,33750.0,30500.0,29200.0,28000.0,61646.5,42587.5,4065.7871316639603,36887.5,6744.6672055986,34733.333333333336,6256.136381522753,31340.384615384617,5250.562240954457,46600.0,37500.0,46600.0,29800.0,3.5555555555555562,38.07407407407408,59.58904109589041,-24.407711711127156,35.887,-5.535353535353527,0.467,10.74937727911096,1.0,0,0,0.0,41831.24,135,2004,3
Sorghum,2004-08-23,48200.0,NGN,NGN/MT,Gap-filled,wholesale,National,,,0.6,False,Weekly gap-fill,Interpolated,historical,False,,,133.5,155.0,97.0,11.4,12.5,0,1,0,0,1,0,1,1,0,0,1,0,0,0,0,1,0,0,1,0,-0.8660254037844384,-0.5000000000000004,-0.8854560256532096,-0.4647231720437691,0,361.05,46600.0,45000.0,37500.0,30500.0,29800.0,28000.0,61360.5,45262.5,2976.960138576054,39100.0,7235.280624431737,36266.666666666664,7130.801731453761,32117.30769230769,6153.388372394628,48200.0,41250.0,48200.0,30000.0,3.433476394849788,28.533333333333346,61.74496644295302,-21.447836963518874,40.929,-0.12207916070576807,0.61,10.783135046711445,1.0,0,0,0.0,43267.5,136,2004,3
Sorghum,2004-08-30,49800.0,NGN,NGN/MT,Gap-filled,wholesale,National,,,0.6,False,Weekly gap-fill,Interpolated,historical,False,,,133.5,155.0,97.0,11.4,12.5,0,1,0,0,1,0,1,1,0,0,1,0,0,0,0,1,0,0,1,0,-0.8660254037844384,-0.5000000000000004,-0.9350162426854148,-0.3546048870425359,0,373.03,48200.0,46600.0,41250.0,30500.0,30400.0,28000.0,61074.5,47400.0,2065.591117978249,41512.5,7175.491521242307,37883.333333333336,7843.362374218371,32955.769230769234,6997.289859981393,49800.0,45000.0,49800.0,30000.0,3.319502074688807,20.727272727272727,63.815789473684205,-18.460241180852886,43.829,-0.11397432016098108,0.755,10.815790343132422,1.0,0,0,0.0,44703.77,137,2004,3
Sorghum,2004-09-06,51400.0,NGN,NGN/MT,Gap-filled,wholesale,National,,,0.6,False,Weekly gap-fill,Interpolated,historical,False,,,133.5,155.0,97.0,11.4,12.5,0,1,0,0,1,1,0,0,0,0,0,0,0,0,0,1,0,0,0,0,-1.0,-1.8369701987210287e-16,-0.970941817426052,-0.2393156642875577,0,385.02,49800.0,48200.0,45000.0,30000.0,31000.0,28000.0,60788.5,49000.0,2065.5911179782265,44187.5,6192.0888467225695,39583.333333333336,8406.391868239065,33855.769230769234,7793.89924136812,51400.0,46600.0,51400.0,30000.0,3.2128514056224855,14.222222222222225,65.80645161290322,-15.444533094253021,44.732,-0.10665066906632159,0.901,10.847412906506923,1.0,0,0,0.0,46140.04,138,2004,3
Sorghum,2004-09-13,53000.0,NGN,NGN/MT,WFP Nigeria Food Prices,wholesale,National,,,0.9,True,WFP VAM data — converted to NGN/MT,WFP,historical,False,,,133.5,155.0,97.0,11.4,12.5,0,1,0,0,1,1,0,0,0,0,0,0,0,0,0,1,0,0,0,0,-1.0,-1.8369701987210287e-16,-0.992708874098054,-0.1205366802553235,0,397.0,51400.0,49800.0,46600.0,33750.0,30500.0,28000.0,60502.5,50600.0,2065.591117978204,46593.75,5220.730483917564,41458.333333333336,8700.33524258149,34817.307692307695,8548.203814926372,53000.0,48200.0,53000.0,30000.0,3.112840466926059,13.733905579399153,73.77049180327869,-12.40031403661006,45.33,-0.10001093869642652,1.047,10.87806606028079,1.0,0,0,0.0,47576.3,139,2004,3
Sorghum,2004-09-20,54750.0,NGN,NGN/MT,Gap-filled,wholesale,National,,,0.6,False,Weekly gap-fill,Interpolated,historical,False,,,133.5,155.0,97.0,11.4,12.5,0,1,0,0,1,1,0,0,0,0,0,0,0,0,0,1,0,0,0,0,-1.0,-1.8369701987210287e-16,-1.0,-1.8369701987210287e-16,0,410.11,53000.0,51400.0,48200.0,37500.0,30500.0,28250.0,58655.208333333336,52237.5,2124.2155414812196,48750.0,4430.8174028202475,43479.166666666664,8739.837171701289,35836.53846153846,9282.171703779508,54750.0,49800.0,54750.0,30000.0,3.301886792452824,13.589211618257258,79.50819672131149,-6.657905485801563,45.766,0.18904632552676492,1.195,10.91055091235213,1.0,0,0,0.0,49147.22,140,2004,3
Sorghum,2004-09-27,56500.0,NGN,NGN/MT,Gap-filled,wholesale,National,,,0.6,False,Weekly gap-fill,Interpolated,historical,False,,,133.5,155.0,97.0,11.4,12.5,0,1,0,0,1,1,0,0,0,0,0,0,0,0,0,1,0,0,0,0,-1.0,-1.8369701987210287e-16,-0.992708874098054,0.1205366802553232,0,423.22,54750.0,53000.0,49800.0,41250.0,30500.0,28500.0,56807.91666666667,53912.5,2201.656573280731,50656.25,4002.9843777566,45645.833333333336,8447.604779765976,36913.46153846154,9993.933736944884,56500.0,51400.0,56500.0,30000.0,3.1963470319634757,13.453815261044166,85.24590163934427,-0.5420312603143684,46.051,-0.10553976048934821,1.33,10.942013616092948,1.0,0,0,0.0,50718.13,141,2004,3
Sorghum,2004-10-04,58250.0,NGN,NGN/MT,Gap-filled,wholesale,National,,,0.6,False,Weekly gap-fill,Interpolated,historical,False,,,133.5,155.0,97.0,11.4,12.5,0,1,0,0,0,1,0,0,0,1,0,1,0,1,1,1,1,0,0,0,-0.8660254037844386,0.5000000000000001,-0.970941817426052,0.2393156642875573,0,436.33,56500.0,54750.0,51400.0,45000.0,30000.0,28750.0,54960.625,55625.0,2259.2402852884316,52312.5,4068.9372076737714,48000.0,7583.175156523788,38048.07692307692,10681.01568924182,58250.0,53000.0,58250.0,33750.0,3.0973451327433565,13.326848249027234,94.16666666666667,5.984966510115197,46.197,-0.09900189922011915,1.45,10.972516538662564,1.0,0,0,0.333,52289.05,142,2004,4
Sorghum,2004-10-11,60000.0,NGN,NGN/MT,WFP Nigeria Food Prices,wholesale,National,,,0.9,True,WFP VAM data — converted to NGN/MT,WFP,historical,False,,,133.5,155.0,97.0,11.4,12.5,0,1,0,0,0,1,0,0,0,1,0,1,0,1,1,1,1,0,0,0,-0.8660254037844386,0.5000000000000001,-0.9350162426854148,0.3546048870425355,0,449.44,58250.0,56500.0,53000.0,46600.0,33750.0,29000.0,53113.333333333336,57375.0,2259.240285288409,53987.5,4138.905134727998,50187.5,6849.4566805080685,39240.38461538462,11340.476350054161,60000.0,54750.0,60000.0,37500.0,3.0042918454935563,13.207547169811317,77.77777777777777,12.965984686833188,46.214,-0.09305328724980022,1.552,11.002116507732017,1.0,0,0,0.333,53859.96,143,2004,4
Sorghum,2004-10-18,60200.0,NGN,NGN/MT,Gap-filled,wholesale,National,,,0.6,False,Weekly gap-fill,Interpolated,historical,False,,,133.5,155.0,97.0,11.4,12.5,0,1,0,0,0,1,0,0,0,1,0,1,0,1,1,1,1,1,0,0,-0.8660254037844386,0.5000000000000001,-0.8854560256532101,0.464723172043768,0,450.94,60000.0,58250.0,54750.0,48200.0,37500.0,28750.0,54960.625,58737.5,1729.824172183396,55487.5,3909.9461085059347,52079.166666666664,6122.999054729453,40450.0,11842.930380610367,60200.0,56500.0,60200.0,41250.0,0.33333333333334103,9.954337899543386,60.53333333333333,9.532961097149094,45.21,-2.6709585121602153,1.543,11.005444242454628,1.0,0,0,0.333,54039.5,144,2004,4
Sorghum,2004-10-25,60400.0,NGN,NGN/MT,Gap-filled,wholesale,National,,,0.6,False,Weekly gap-fill,Interpolated,historical,False,,,133.5,155.0,97.0,11.4,12.5,0,1,0,0,0,1,0,0,0,1,0,1,0,1,1,1,1,1,0,0,-0.8660254037844386,0.5000000000000001,-0.822983865893657,0.5680647467311548,0,452.43,60200.0,60000.0,56500.0,49800.0,41250.0,28500.0,56017.91666666667,59712.5,988.5806323562649,56812.5,3479.6089681774224,53675.0,5508.7327366293775,41676.92307692308,12202.354123439884,60400.0,58250.0,60400.0,45000.0,0.33222591362125353,6.90265486725663,46.424242424242436,7.822646028428393,43.275,-0.0011074197120874985,1.538,11.008760940077243,1.0,0,0,0.333,54219.03,145,2004,4
Sorghum,2004-11-01,60600.0,NGN,NGN/MT,Gap-filled,wholesale,National,,,0.6,False,Weekly gap-fill,Interpolated,historical,False,,,133.5,155.0,97.0,11.4,12.5,1,0,0,0,0,1,0,0,0,1,0,1,1,1,1,0,1,1,0,0,-0.5000000000000004,0.8660254037844384,-0.7485107481711011,0.6631226582407952,1,453.93,60400.0,60200.0,58250.0,51400.0,45000.0,28500.0,57470.208333333336,60300.0,258.19888975338034,57962.5,2908.70000417333,54975.0,5101.047129576244,42911.53846153846,12437.453981359926,60600.0,60000.0,60600.0,46600.0,0.3311258278145601,4.034334763948499,34.66666666666667,5.445937569102832,40.522,-0.0011000858066934072,1.538,11.01206667357142,1.0,0,0,0.667,54398.56,146,2004,4
Sorghum,2004-11-08,60800.0,NGN,NGN/MT,Gap-filled,wholesale,National,,,0.6,False,Weekly gap-fill,Interpolated,historical,False,,,133.5,155.0,97.0,11.4,12.5,1,0,0,0,0,1,0,0,0,1,0,1,1,1,1,0,1,1,0,0,-0.5000000000000004,0.8660254037844384,-0.6631226582407955,0.7485107481711007,1,455.43,60600.0,60400.0,60000.0,53000.0,46600.0,28000.0,58922.5,60500.0,258.1988897533578,58937.5,2237.4650835247116,56158.333333333336,4604.485625861422,44173.07692307692,12527.603368315531,60800.0,60200.0,60800.0,48200.0,0.3300330033003229,1.333333333333342,30.47210300429184,3.1863889006746193,36.961,-0.0010928245142372006,1.544,11.015361515187424,1.0,0,0,0.667,54578.1,147,2004,4
Sorghum,2004-11-15,61000.0,NGN,NGN/MT,WFP Nigeria Food Prices,wholesale,National,,,0.9,True,WFP VAM data — converted to NGN/MT,WFP,historical,False,,,133.5,155.0,97.0,11.4,12.5,1,0,0,0,0,1,0,0,0,1,0,1,1,1,1,0,1,0,0,0,-0.5000000000000004,0.8660254037844384,-0.5680647467311559,0.8229838658936564,1,456.93,60800.0,60600.0,60200.0,54750.0,48200.0,28600.0,59300.0,60700.0,258.19888975333527,59718.75,1552.8631390318012,57225.0,4041.461256882958,45419.230769230766,12528.001252578162,61000.0,60400.0,61000.0,49800.0,0.328947368421062,1.3289036544850585,26.556016597510368,2.866779089376048,33.644,-0.0010856348792609438,1.551,11.0186455364637,1.0,0,0,0.667,54757.63,148,2004,4
Sorghum,2004-11-22,62000.0,NGN,NGN/MT,Gap-filled,wholesale,National,,,0.6,False,Weekly gap-fill,Interpolated,historical,False,,,133.5,155.0,97.0,11.4,12.5,1,0,0,0,0,1,0,0,0,1,0,1,1,1,1,0,1,0,0,0,-0.5000000000000004,0.8660254037844384,-0.4647231720437684,0.88545602565321,1,464.42,61000.0,60800.0,60400.0,56500.0,49800.0,29200.0,59677.5,61100.0,621.8252702084659,60406.25,1065.175203559493,58241.666666666664,3502.3909582197734,46680.769230769234,12480.785848038582,62000.0,60600.0,62000.0,51400.0,1.6393442622950838,2.6490066225165476,24.497991967871478,3.8917514976331002,30.889,1.3103968938740218,1.612,11.034905792929415,1.0,0,0,0.667,55655.3,149,2004,4
Sorghum,2004-11-29,63000.0,NGN,NGN/MT,Gap-filled,wholesale,National,,,0.6,False,Weekly gap-fill,Interpolated,historical,False,,,133.5,155.0,97.0,11.4,12.5,1,0,0,0,0,1,0,0,0,1,0,1,1,1,1,0,1,0,0,0,-0.5000000000000004,0.8660254037844384,-0.3546048870425359,0.9350162426854148,1,471.91,62000.0,61000.0,60600.0,58250.0,51400.0,29800.0,60055.0,61700.0,1013.2456102395895,61000.0,1014.1851056704305,59208.333333333336,3008.384747311468,47957.692307692305,12382.590135408802,63000.0,60800.0,63000.0,53000.0,1.6129032258064502,3.960396039603964,22.568093385214016,4.903838148363993,28.655,-0.026441036488633607,1.669,11.050905878263567,1.0,0,0,0.667,56552.96,150,2004,4
Sorghum,2004-12-06,64000.0,NGN,NGN/MT,Gap-filled,wholesale,National,,,0.6,False,Weekly gap-fill,Interpolated,historical,False,,,133.5,155.0,97.0,11.4,12.5,1,0,0,0,0,0,0,0,0,1,0,1,1,1,1,0,0,0,0,1,-2.4492935982947064e-16,1.0,-0.2393156642875578,0.970941817426052,1,479.4,63000.0,62000.0,60800.0,60000.0,53000.0,30400.0,60055.0,62500.0,1290.9944487370005,61500.0,1373.2131246483984,60125.0,2591.7263463805807,49250.0,12229.268171071608,64000.0,61000.0,64000.0,54750.0,1.5873015873015817,5.263157894736836,20.75471698113207,6.56897843643327,26.904,-0.025601638504868518,1.72,11.06665398721974,1.0,0,0,0.667,57450.63,151,2004,4
Sorghum,2004-12-13,65000.0,NGN,NGN/MT,WFP Nigeria Food Prices,wholesale,National,,,0.9,True,WFP VAM data — converted to NGN/MT,WFP,historical,False,,,133.5,155.0,97.0,11.4,12.5,1,0,0,0,0,0,0,0,0,1,0,1,1,1,1,0,0,0,0,1,-2.4492935982947064e-16,1.0,-0.1205366802553236,0.992708874098054,1,486.89,64000.0,63000.0,61000.0,60200.0,54750.0,31000.0,60810.0,63500.0,1290.994448736978,62100.0,1727.0950011072046,60979.166666666664,2335.638742038538,50557.692307692305,12015.678859786645,65000.0,62000.0,65000.0,56500.0,1.5625,6.557377049180335,18.721461187214604,6.890314093076788,25.599,-0.024801587301581662,1.769,11.082157933374816,1.0,0,0,0.667,58348.29,152,2004,4
Sorghum,2004-12-20,77484.16666666667,NGN,NGN/MT,Gap-filled,wholesale,National,,,0.6,False,Weekly gap-fill,Interpolated,historical,False,,,133.5,155.0,97.0,11.4,12.5,1,0,0,0,0,0,0,0,0,1,0,1,1,1,1,0,0,0,0,1,-2.4492935982947064e-16,1.0,6.432490598706546e-16,1.0,1,580.41,65000.0,64000.0,62000.0,60400.0,56500.0,30500.0,50607.5,67371.04166666667,6791.344074649776,64235.520833333336,5582.869080511503,62727.84722222222,5006.03979221932,52364.77564102564,12405.21367444939,77484.16666666667,63000.0,77484.16666666667,58250.0,19.206410256410255,24.9744623655914,37.14011799410031,53.10807027943818,28.657,17.643910256410255,2.463,11.25784179917307,1.0,0,0,0.667,69554.91,153,2004,4
Sorghum,2004-12-27,89968.33333333334,NGN,NGN/MT,Gap-filled,wholesale,National,,,0.6,False,Weekly gap-fill,Interpolated,historical,False,,,133.5,155.0,97.0,11.4,12.5,1,0,0,0,0,0,0,0,0,1,0,1,1,1,1,0,0,0,0,1,-2.4492935982947064e-16,1.0,0.1205366802553231,0.992708874098054,1,673.92,77484.16666666667,65000.0,63000.0,60600.0,58250.0,30500.0,40405.0,74113.125,12221.236949712627,67906.5625,10415.148598310707,65371.041666666664,9114.52399287929,54652.019230769234,13634.036424765167,89968.33333333334,64000.0,89968.33333333334,60000.0,16.111893827771272,42.806878306878325,54.45207439198858,122.666336674504,35.609,-3.0945164286389826,2.938,11.407224150506345,1.0,0,0,0.667,80761.52,154,2004,4
Sorghum,2005-01-03,102452.5,NGN,NGN/MT,Gap-filled,wholesale,National,,,0.6,False,Weekly gap-fill,Interpolated,historical,False,,,132.15,155.0,97.0,11.4,12.5,1,0,0,0,0,0,0,0,0,1,0,0,1,0,0,0,0,0,0,1,0.4999999999999999,0.8660254037844387,0.120536680255323,0.992708874098054,1,775.27,89968.33333333334,77484.16666666667,64000.0,60800.0,60000.0,30500.0,30202.5,83726.25,16116.989863759325,73113.125,15516.716630462524,68908.75,13849.25965958712,57419.42307692308,15683.90006905344,102452.5,65000.0,102452.5,60200.0,13.876178655452831,60.08203125,70.75416666666668,239.2186077311481,45.815,-2.235715172318441,3.226,11.537164316089848,1.0,0,0,0.333,91968.13,155,2005,1
Sorghum,2005-01-10,114936.66666666669,NGN,NGN/MT,WFP Nigeria Food Prices,wholesale,National,,,0.9,True,WFP VAM data — converted to NGN/MT,WFP,historical,False,,,132.15,155.0,97.0,11.4,12.5,1,0,0,0,0,0,0,0,0,1,0,0,1,0,0,0,0,0,0,1,0.4999999999999999,0.8660254037844387,0.2393156642875577,0.970941817426052,1,869.74,102452.5,89968.33333333334,65000.0,61000.0,60200.0,30000.0,20000.0,96210.41666666669,16116.989863759314,79855.20833333334,20438.810434421073,73470.13888888889,18836.312820208634,60686.21794871795,18361.43340330265,114936.66666666669,77484.16666666667,114936.66666666669,60400.0,12.185321653123825,76.82564102564105,90.92469545957923,474.6833333333334,58.538,-1.6908570023290057,3.389,11.652145231409065,1.0,0,0,0.333,103174.75,156,2005,1
Sorghum,2005-01-17,117856.33333333334,NGN,NGN/MT,Gap-filled,wholesale,National,,,0.6,False,Weekly gap-fill,Interpolated,historical,False,,,132.15,155.0,97.0,11.4,12.5,1,0,0,0,0,0,0,0,0,1,0,0,1,0,0,0,0,0,0,1,0.4999999999999999,0.8660254037844387,0.3546048870425356,0.9350162426854148,1,891.84,114936.66666666669,102452.5,77484.16666666667,62000.0,60400.0,33750.0,24000.0,106303.45833333334,12775.854775618216,86837.25,22864.509596995624,78258.16666666667,22211.947427913365,63921.07692307692,20687.52865290933,117856.33333333334,89968.33333333334,117856.33333333334,60600.0,2.5402395522171606,52.10376313440381,95.12637969094924,391.06805555555565,66.304,-9.645082100906665,3.12,11.677230132421816,1.0,0,0,0.333,105795.63,157,2005,1
Sorghum,2005-01-24,120776.0,NGN,NGN/MT,Gap-filled,wholesale,National,,,0.6,False,Weekly gap-fill,Interpolated,historical,False,,,132.15,155.0,97.0,11.4,12.5,1,0,0,0,0,0,0,0,0,1,0,0,1,0,0,0,0,0,0,1,0.4999999999999999,0.8660254037844387,0.4647231720437685,0.8854560256532099,1,913.93,117856.33333333334,114936.66666666669,89968.33333333334,63000.0,60600.0,37500.0,24000.0,114005.375,8062.412126853969,94059.25,23378.45951718846,83272.83333333333,24534.33477977023,67124.0,22774.57213146053,120776.0,102452.5,120776.0,60800.0,2.4773099451592007,34.24278912950851,99.30033003300329,403.23333333333335,69.843,-0.06292960705795991,2.913,11.701701149003982,1.0,0,0,0.333,108416.52,158,2005,1
Sorghum,2005-01-31,123695.66666666669,NGN,NGN/MT,Gap-filled,wholesale,National,,,0.6,False,Weekly gap-fill,Interpolated,historical,False,,,132.15,155.0,97.0,11.4,12.5,1,0,0,0,0,0,0,0,0,1,0,0,1,0,0,0,0,0,0,1,0.4999999999999999,0.8660254037844387,0.5680647467311558,0.8229838658936564,1,936.02,120776.0,117856.33333333334,102452.5,64000.0,60800.0,41250.0,26000.0,119316.16666666667,3769.2734588257536,101521.20833333334,21893.177967799853,88514.13888888889,25973.047609695477,70294.98717948719,24687.230574301077,123695.66666666669,114936.66666666669,123695.66666666669,61000.0,2.4174228875494252,20.73464939036791,103.44682017543865,375.7525641025642,69.736,-0.05988705760977542,2.745,11.725587611102927,1.0,0,0,0.333,111037.4,159,2005,1
Sorghum,2005-02-07,126615.33333333334,NGN,NGN/MT,Gap-filled,wholesale,National,,,0.6,False,Weekly gap-fill,Interpolated,historical,False,,,132.15,155.0,97.0,11.4,12.5,1,0,0,0,0,0,0,0,1,1,0,0,1,0,0,0,0,0,0,0,0.8660254037844386,0.5000000000000001,0.6631226582407952,0.7485107481711011,1,958.12,123695.66666666669,120776.0,114936.66666666669,65000.0,61000.0,45000.0,28000.0,122235.83333333334,3769.273458825731,109223.12500000001,17633.324698159162,93982.08333333333,26554.375440553416,73434.03846153847,26466.910763034848,126615.33333333334,117856.33333333334,126615.33333333334,62000.0,2.3603629337594523,10.160958208868642,107.56612021857923,352.19761904761907,66.457,-0.05705995378997297,2.606,11.748916795641653,1.0,0,0,0.333,113658.29,160,2005,1
Sorghum,2005-02-14,129535.0,NGN,NGN/MT,WFP Nigeria Food Prices,wholesale,National,,,0.9,True,WFP VAM data — converted to NGN/MT,WFP,historical,False,,,132.15,155.0,97.0,11.4,12.5,1,0,0,0,0,0,0,0,1,1,0,0,1,0,0,0,0,0,0,0,0.8660254037844386,0.5000000000000001,0.7485107481711011,0.6631226582407953,1,980.21,126615.33333333334,123695.66666666669,117856.33333333334,77484.16666666667,62000.0,46600.0,28000.0,125155.5,3769.273458825699,115729.47916666669,13326.067970971797,99610.0,26315.495404971578,76623.84615384616,28053.619871869898,129535.0,120776.0,129535.0,63000.0,2.305934510301544,9.90923978063687,108.92741935483872,362.625,63.338,-0.05442842345790844,2.488,11.771714113767027,1.0,0,0,0.333,116279.17,161,2005,1
Sorghum,2005-02-21,129599.375,NGN,NGN/MT,Gap-filled,wholesale,National,,,0.6,False,Weekly gap-fill,Interpolated,historical,False,,,132.15,155.0,97.0,11.4,12.5,1,0,0,0,0,0,0,0,1,1,0,0,1,0,0,0,0,0,0,0,0.8660254037844386,0.5000000000000001,0.8229838658936564,0.5680647467311559,1,980.7,129535.0,126615.33333333334,120776.0,89968.33333333334,63000.0,48200.0,28000.0,127361.34375,2812.311350128916,120683.35937500001,9067.197990573675,105159.94791666667,24876.06687133415,79754.59134615384,29270.319863164055,129599.375,123695.66666666669,129599.375,64000.0,0.049696993090675434,7.305569815195079,105.71329365079367,362.85491071428567,59.692,-2.2562375172108684,2.31,11.772210956414643,1.0,0,0,0.333,116336.96,162,2005,1
Sorghum,2005-02-28,129663.75,NGN,NGN/MT,Gap-filled,wholesale,National,,,0.6,False,Weekly gap-fill,Interpolated,historical,False,,,132.15,155.0,97.0,11.4,12.5,1,0,0,0,0,0,0,0,1,1,0,0,1,0,0,0,0,0,0,0,0.8660254037844386,0.5000000000000001,0.8854560256532099,0.4647231720437686,1,981.19,129599.375,129535.0,123695.66666666669,102452.5,64000.0,49800.0,28000.0,128853.36458333334,1492.9463913743145,124084.76562500001,5747.362403847216,110631.92708333333,22061.875929652615,82826.27403846153,30177.55530091882,129663.75,126615.33333333334,129663.75,65000.0,0.04967230744747919,4.824811971316678,102.59960937499999,363.0848214285714,55.571,-2.468564319624278e-05,2.16,11.772707552332223,1.0,0,0,0.333,116394.75,163,2005,1
Sorghum,2005-03-07,129728.125,NGN,NGN/MT,Gap-filled,wholesale,National,,,0.6,False,Weekly gap-fill,Interpolated,historical,False,,,132.15,155.0,97.0,11.4,12.5,1,0,0,1,0,0,0,0,1,1,0,0,0,0,0,0,0,0,0,0,1.0,6.123233995736766e-17,0.9350162426854148,0.3546048870425355,0,981.67,129663.75,129599.375,126615.33333333334,114936.66666666669,65000.0,51400.0,28000.0,129631.5625,83.1077676385422,125933.69791666667,4660.4200874215485,116025.9375,17286.98377897978,85838.89423076923,30817.735887749855,129728.125,129535.0,129728.125,77484.16666666667,0.04964764631594232,2.4584634299163355,99.58173076923076,363.3147321428571,51.017,-2.466113153687388e-05,2.031,11.773203901764697,1.0,0,0,0.333,116452.54,164,2005,1
Sorghum,2005-03-14,129792.5,NGN,NGN/MT,WFP Nigeria Food Prices,wholesale,National,,,0.9,True,WFP VAM data — converted to NGN/MT,WFP,historical,False,,,132.15,155.0,97.0,11.4,12.5,1,0,0,1,0,0,0,0,1,1,0,0,0,0,0,0,0,0,0,0,1.0,6.123233995736766e-17,0.970941817426052,0.239315664287558,0,982.16,129728.125,129663.75,129535.0,117856.33333333334,77484.16666666667,53000.0,28000.0,129695.9375,83.10776763851025,127425.71875,3461.505314746786,120384.96527777777,12660.872280770414,88792.45192307692,31221.810670048217,129792.5,129599.375,129792.5,89968.33333333334,0.04962300965962729,0.19878797236267953,67.50841569783073,363.5446428571429,46.066,-2.4636656315024652e-05,1.918,11.773700004956627,1.0,0,0,0.333,116510.32,165,2005,1
Sorghum,2005-03-21,129972.70833333331,NGN,NGN/MT,Gap-filled,wholesale,National,,,0.6,False,Weekly gap-fill,Interpolated,historical,False,,,132.15,155.0,97.0,11.4,12.5,1,0,0,1,0,0,0,0,1,1,0,0,0,0,0,0,0,0,0,0,1.0,6.123233995736766e-17,0.992708874098054,0.120536680255323,0,983.52,129792.5,129728.125,129599.375,120776.0,89968.33333333334,54750.0,28250.0,129789.27083333331,133.10902355947795,128575.30729166666,2254.205570249245,123718.66319444445,8510.236469689158,91685.63301282052,31425.676511870726,129972.70833333331,129663.75,129972.70833333331,102452.5,0.13884341031515923,0.2880672328344991,44.464950630777466,360.0803834808259,41.559,0.08922040065553194,1.821,11.775087465393984,1.0,0,0,0.333,116672.09,166,2005,1
Sorghum,2005-03-28,130152.91666666666,NGN,NGN/MT,Gap-filled,wholesale,National,,,0.6,False,Weekly gap-fill,Interpolated,historical,False,,,132.15,155.0,97.0,11.4,12.5,1,0,0,1,0,0,0,0,1,1,0,0,0,0,0,0,0,0,0,0,1.0,6.123233995736766e-17,1.0,-1.6081226496766364e-16,0,984.89,129972.70833333331,129792.5,129663.75,123695.66666666669,102452.5,56500.0,28500.0,129911.56249999999,191.32506545528236,129382.46354166666,1136.161978280058,126027.03125,5409.356676952998,94518.4375,31446.708847880396,130152.91666666666,129728.125,130152.91666666666,114936.66666666669,0.13865090267348723,0.3772578432034157,27.037326240615567,356.6769005847953,37.446,-0.00019250764167200174,1.735,11.776473003451791,1.0,0,0,0.333,116833.86,167,2005,1
Sorghum,2005-04-04,130333.125,NGN,NGN/MT,Gap-filled,wholesale,National,,,0.6,False,Weekly gap-fill,Interpolated,historical,False,,,132.15,155.0,97.0,11.4,12.5,0,1,1,1,0,0,0,0,1,0,0,0,0,0,0,0,0,0,0,0,0.8660254037844387,-0.4999999999999998,0.992708874098054,-0.1205366802553228,0,986.25,130152.91666666666,129972.70833333331,129728.125,126615.33333333334,114936.66666666669,58250.0,28750.0,130062.8125,232.64795794961998,129847.1875,281.5896317903332,127310.06944444444,4239.045228427092,97290.86538461539,31298.45647974035,130333.125,129792.5,130333.125,117856.33333333334,0.1384589281198112,0.4663599354419068,13.395601925698198,353.3326086956522,33.685,-0.0001919745536760331,1.657,11.777856624449743,1.0,0,0,0.333,116995.62,168,2005,2
Sorghum,2005-04-11,130513.33333333331,NGN,NGN/MT,WFP Nigeria Food Prices,wholesale,National,,,0.9,True,WFP VAM data — converted to NGN/MT,WFP,historical,False,,,132.15,155.0,97.0,11.4,12.5,0,1,1,1,0,0,0,0,1,0,0,0,0,0,0,0,0,0,0,0,0.8660254037844387,-0.4999999999999998,0.970941817426052,-0.2393156642875575,0,987.62,130333.125,130152.91666666666,129792.5,129535.0,117856.33333333334,60000.0,29000.0,130243.02083333333,232.64795794959744,129969.47916666666,334.1719547403677,128364.81944444444,3092.5475122166604,100002.91666666667,30991.432628877763,130513.33333333331,129972.70833333331,130513.33333333331,120776.0,0.13826748444289994,0.5553736412607257,10.739346492480939,350.0459770114942,30.239,-0.00019144367691126263,1.585,11.779238333685479,1.0,0,0,0.333,117157.39,169,2005,2
Sorghum,2005-04-18,133881.875,NGN,NGN/MT,Gap-filled,wholesale,National,,,0.6,False,Weekly gap-fill,Interpolated,historical,False,,,132.15,155.0,97.0,11.4,12.5,0,1,1,1,0,0,0,0,1,0,0,0,0,0,0,0,0,0,0,0,0.8660254037844387,-0.4999999999999998,0.9350162426854148,-0.3546048870425354,0,1013.11,130513.33333333331,130333.125,129972.70833333331,129599.375,120776.0,60200.0,28750.0,131220.3125,1780.465295803409,130504.79166666666,1396.88861139909,129456.97569444444,2407.1184096386605,102836.83493589744,30572.160957747943,133881.875,130152.91666666666,133881.875,123695.66666666669,2.580994279000892,3.0076827026186637,10.851390176856324,365.6760869565217,27.6,2.4427267945579922,1.597,11.804720629549426,1.0,0,0,0.333,120181.22,170,2005,2
Sorghum,2005-04-25,137250.41666666666,NGN,NGN/MT,Gap-filled,wholesale,National,,,0.6,False,Weekly gap-fill,Interpolated,historical,False,,,132.15,155.0,97.0,11.4,12.5,0,1,1,1,0,0,0,0,1,0,0,0,0,0,0,0,0,0,0,0,0.8660254037844387,-0.4999999999999998,0.8854560256532099,-0.4647231720437685,0,1038.6,133881.875,130513.33333333331,130152.91666666666,129663.75,123695.66666666669,60400.0,28500.0,132994.6875,3273.090580374768,131453.125,2706.091045223255,130586.53819444444,2628.004991612145,105792.62019230769,30015.117497882704,137250.41666666666,130333.125,137250.41666666666,126615.33333333334,2.516055042302523,5.453200882295506,10.958144586040452,381.58040935672506,25.713,-0.06493923669836921,1.607,11.829569681115714,1.0,0,0,0.333,123205.04,171,2005,2
Sorghum,2005-05-02,140618.9583333333,NGN,NGN/MT,Gap-filled,wholesale,National,,,0.6,False,Weekly gap-fill,Interpolated,historical,False,,,132.15,155.0,97.0,11.4,12.5,0,1,1,1,0,0,0,0,1,0,1,0,0,0,0,0,0,0,0,0,0.4999999999999999,-0.8660254037844387,0.8229838658936565,-0.5680647467311557,0,1064.09,137250.41666666666,133881.875,130333.125,129728.125,126615.33333333334,60600.0,28500.0,135566.1458333333,4348.76859200193,132814.47916666666,4096.533300467976,131753.50694444444,3624.5088147208144,108870.27243589744,29289.528737837485,140618.9583333333,130513.33333333331,140618.9583333333,129535.0,2.454303417415238,7.891956349035079,11.05997562169929,393.39985380116957,24.521,-0.06175162488728514,1.616,11.853816199446277,1.0,0,0,0.333,126228.87,172,2005,2
Sorghum,2005-05-09,143987.5,NGN,NGN/MT,WFP Nigeria Food Prices,wholesale,National,,,0.9,True,WFP VAM data — converted to NGN/MT,WFP,historical,False,,,132.15,155.0,97.0,11.4,12.5,0,1,1,1,0,0,0,0,1,0,1,0,0,0,0,0,0,0,0,0,0.4999999999999999,-0.8660254037844387,0.7485107481711013,-0.663122658240795,0,1089.58,140618.9583333333,137250.41666666666,130513.33333333331,129792.5,129535.0,60800.0,28000.0,138934.6875,4348.76859200193,134588.85416666666,5450.922319155,132957.88194444444,4971.283801276868,112069.79166666667,28357.16552537165,143987.5,133881.875,143987.5,129599.375,2.3955103256288135,10.32397711600348,11.157216196394803,414.2410714285714,23.972,-0.058793091786424334,1.623,11.877488714257959,1.0,0,0,0.333,129252.69,173,2005,2
Sorghum,2005-05-16,150474.5,NGN,NGN/MT,Gap-filled,wholesale,National,,,0.6,False,Weekly gap-fill,Interpolated,historical,False,,,132.15,155.0,97.0,11.4,12.5,0,1,1,1,0,0,0,0,1,0,1,0,0,0,0,0,0,0,0,0,0.4999999999999999,-0.8660254037844387,0.6631226582407952,-0.7485107481711012,0,1138.66,143987.5,140618.9583333333,133881.875,129972.70833333331,129599.375,61000.0,28600.0,143082.84375,5643.371394172429,137151.578125,7430.5584043270765,134697.47569444444,6948.435999228279,115511.1185897436,27321.865171577138,150474.5,137250.41666666666,150474.5,129663.75,4.505252192030551,12.393481193776235,16.107427215601923,426.1346153846154,23.869,2.1097418664017376,1.7,11.921555559221549,1.0,0,0,0.333,135075.85,174,2005,2
Sorghum,2005-05-23,156961.5,NGN,NGN/MT,Gap-filled,wholesale,National,,,0.6,False,Weekly gap-fill,Interpolated,historical,False,,,132.15,155.0,97.0,11.4,12.5,0,1,1,1,0,0,0,0,1,0,1,0,0,0,0,0,0,0,0,0,0.4999999999999999,-0.8660254037844387,0.5680647467311558,-0.8229838658936564,0,1187.75,150474.5,143987.5,137250.41666666666,130152.91666666666,129663.75,62000.0,29200.0,148010.61458333334,7234.4341902126125,140502.65104166666,9562.625254780198,136972.28819444444,9240.914516818808,119163.48397435898,26206.84500065201,156961.5,140618.9583333333,156961.5,129728.125,4.31102944352697,14.361401452940337,21.05272290829163,437.53938356164383,24.208,-0.1942227485035808,1.769,11.96376220229722,1.0,0,0,0.333,140899.01,175,2005,2
Sorghum,2005-05-30,163448.5,NGN,NGN/MT,Gap-filled,wholesale,National,,,0.6,False,Weekly gap-fill,Interpolated,historical,False,,,132.15,155.0,97.0,11.4,12.5,0,1,1,1,0,0,0,0,1,0,1,0,0,0,0,0,0,0,0,0,0.4999999999999999,-0.8660254037844387,0.464723172043769,-0.8854560256532096,0,1236.84,156961.5,150474.5,140618.9583333333,130333.125,129728.125,63000.0,29800.0,153718.0,8374.680988949136,144642.07291666666,11502.30305619708,139782.31944444444,11650.579758698963,123026.88782051283,24970.95970379818,163448.5,143987.5,163448.5,129792.5,4.132860605944777,16.23503824608763,25.993110591862802,448.48489932885906,24.947,-0.17816883758219326,1.829,12.004259353108216,1.0,0,0,0.333,146722.17,176,2005,2
Sorghum,2005-06-06,169935.5,NGN,NGN/MT,Gap-filled,wholesale,National,,,0.6,False,Weekly gap-fill,Interpolated,historical,False,,,132.15,155.0,97.0,11.4,12.5,0,1,1,0,0,0,0,1,0,0,1,0,0,0,0,0,0,0,1,0,1.2246467991473532e-16,-1.0,0.3546048870425358,-0.9350162426854148,0,1285.93,163448.5,156961.5,143987.5,130513.33333333331,129792.5,64000.0,30400.0,160205.0,8374.68098894911,149569.84375,12939.383941482425,143127.56944444444,14039.637168923533,127101.33012820514,23557.026162876686,169935.5,150474.5,169935.5,129972.70833333331,3.9688342199530657,18.021008768122226,30.92859756919699,458.99835526315786,26.045,-0.16402638599171127,1.881,12.043180116841146,1.0,0,0,0.333,152545.33,177,2005,2
Sorghum,2005-06-13,176422.5,NGN,NGN/MT,WFP Nigeria Food Prices,wholesale,National,,,0.9,True,WFP VAM data — converted to NGN/MT,WFP,historical,False,,,132.15,155.0,97.0,11.4,12.5,0,1,1,0,0,0,0,1,0,0,1,0,0,0,0,0,0,0,1,0,1.2246467991473532e-16,-1.0,0.2393156642875576,-0.970941817426052,0,1335.02,169935.5,163448.5,150474.5,133881.875,129972.70833333331,65000.0,31000.0,166692.0,8374.680988949085,154887.421875,14246.469661696729,146998.38541666666,16303.733438979109,131386.8108974359,21883.18135352531,176422.5,156961.5,176422.5,130152.91666666666,3.8173306931159168,17.244117774107902,35.73811168690866,469.10483870967744,26.871,-0.15150352683714896,1.925,12.080642633636486,1.0,0,0,0.333,158368.49,178,2005,2
Sorghum,2005-06-20,180443.54166666663,NGN,NGN/MT,Gap-filled,wholesale,National,,,0.6,False,Weekly gap-fill,Interpolated,historical,False,,,132.15,155.0,97.0,11.4,12.5,0,1,1,0,0,0,0,1,0,0,1,0,0,0,0,0,0,0,1,0,1.2246467991473532e-16,-1.0,0.120536680255323,-0.992708874098054,0,1365.44,176422.5,169935.5,156961.5,137250.41666666666,130152.91666666666,77484.16666666667,30500.0,172562.51041666666,7460.485747172586,160286.56249999997,14782.12644151499,151189.27083333334,17959.488190759395,135346.78685897437,21038.24306586731,180443.54166666663,163448.5,180443.54166666663,130333.125,2.279211362874145,14.96038306633578,38.63964503292598,491.61816939890696,27.497,-1.5381193302417717,1.913,12.1031787611605,1.0,0,0,0.333,161978.04,179,2005,2
Sorghum,2005-06-27,184464.5833333333,NGN,NGN/MT,Gap-filled,wholesale,National,,,0.6,False,Weekly gap-fill,Interpolated,historical,False,,,132.15,155.0,97.0,11.4,12.5,0,1,1,0,0,0,0,1,0,0,1,0,0,0,0,0,0,0,1,0,1.2246467991473532e-16,-1.0,-3.216245299353273e-16,-1.0,0,1395.87,180443.54166666663,176422.5,163448.5,140618.9583333333,130333.125,89968.33333333334,30500.0,177816.53124999997,6195.4756858381215,165767.265625,14575.1060703609,155700.22569444444,19012.097619094835,138981.25801282053,21047.66188801884,184464.5833333333,169935.5,184464.5833333333,130513.33333333331,2.2284209396060017,12.857923647713697,41.53315462460776,504.80191256830597,27.943,-0.050790423268143314,1.903,12.125218184863197,1.0,0,0,0.333,165587.6,180,2005,2
Sorghum,2005-07-04,188485.625,NGN,NGN/MT,Gap-filled,wholesale,National,,,0.6,False,Weekly gap-fill,Interpolated,historical,False,,,132.15,155.0,97.0,11.4,12.5,0,1,1,0,0,0,1,1,0,0,1,0,0,0,0,0,0,0,1,0,-0.4999999999999997,-0.8660254037844388,-0.1205366802553228,-0.992708874098054,0,1426.3,184464.5833333333,180443.54166666663,169935.5,143987.5,130513.33333333331,102452.5,30500.0,182454.06249999997,5191.14246980182,171329.53125,13529.287224827523,160531.25,19391.88144414616,142290.22435897437,21823.614042932248,188485.625,176422.5,188485.625,133881.875,2.1798448211603594,10.915979886486337,44.418673698728114,517.985655737705,28.227,-0.04857611844564236,1.894,12.146782328445623,1.0,0,0,0.333,169197.15,181,2005,3
Sorghum,2005-07-11,192506.66666666663,NGN,NGN/MT,WFP Nigeria Food Prices,wholesale,National,,,0.9,True,WFP VAM data — converted to NGN/MT,WFP,historical,False,,,132.15,155.0,97.0,11.4,12.5,0,1,1,0,0,0,1,1,0,0,1,0,0,0,0,0,0,0,1,0,-0.4999999999999997,-0.8660254037844388,-0.2393156642875574,-0.970941817426052,0,1456.73,188485.625,184464.5833333333,176422.5,150474.5,133881.875,114936.66666666669,30000.0,186475.10416666663,5191.142469801801,176583.5520833333,12386.583446638246,165416.64930555553,19452.338704923422,145273.6858974359,23193.792355239086,192506.66666666663,180443.54166666663,192506.66666666663,137250.41666666666,2.1333412914998906,9.116845451496625,43.788445349056126,541.6888888888888,28.361,-0.04650352966046878,1.886,12.167891258756734,1.0,0,0,0.333,172806.7,182,2005,3
Sorghum,2005-07-18,192960.3333333333,NGN,NGN/MT,Gap-filled,wholesale,National,,,0.6,False,Weekly gap-fill,Interpolated,historical,False,,,132.15,155.0,97.0,11.4,12.5,0,1,1,0,0,0,1,1,0,0,1,0,0,0,0,0,0,0,1,0,-0.4999999999999997,-0.8660254037844388,-0.3546048870425356,-0.9350162426854148,0,1460.16,192506.66666666663,188485.625,180443.54166666663,156961.5,137250.41666666666,117856.33333333334,33750.0,189604.3020833333,3973.026267697083,181083.40624999997,10658.173807277146,170059.1423611111,18754.42556136639,148162.30128205128,24293.33953795058,192960.3333333333,184464.5833333333,192960.3333333333,140618.9583333333,0.23566283418756662,6.936680332837275,40.589979993989076,471.73432098765426,27.971,-1.897678457312324,1.809,12.170245102392053,1.0,0,0,0.333,173213.94,183,2005,3
Sorghum,2005-07-25,193414.0,NGN,NGN/MT,Gap-filled,wholesale,National,,,0.6,False,Weekly gap-fill,Interpolated,historical,False,,,132.15,155.0,97.0,11.4,12.5,0,1,1,0,0,0,1,1,0,0,1,0,0,0,0,0,0,0,1,0,-0.4999999999999997,-0.8660254037844388,-0.464723172043768,-0.8854560256532101,0,1463.59,192960.3333333333,192506.66666666663,184464.5833333333,163448.5,140618.9583333333,120776.0,37500.0,191841.65625,2267.8100956784283,184829.09374999997,8651.910667121088,174458.72916666666,17361.0374389768,150956.0705128205,25178.50795993912,193414.0,188485.625,193414.0,143987.5,0.23510877019630172,4.851563647041557,37.54475377460662,415.77066666666667,27.084,-0.000554063991264897,1.738,12.172593418456005,1.0,0,0,0.333,173621.18,184,2005,3
Sorghum,2005-08-01,193867.66666666663,NGN,NGN/MT,Gap-filled,wholesale,National,,,0.6,False,Weekly gap-fill,Interpolated,historical,False,,,132.15,155.0,97.0,11.4,12.5,0,1,0,0,1,0,1,1,0,0,1,0,0,0,0,1,0,0,1,0,-0.8660254037844384,-0.5000000000000004,-0.5680647467311556,-0.8229838658936565,0,1467.03,193414.0,192960.3333333333,188485.625,169935.5,143987.5,123695.66666666669,41250.0,193187.16666666666,585.6811482408511,187820.6145833333,6679.093156502089,178615.40972222222,15244.483233417111,153654.99358974356,25890.398385254328,193867.66666666663,192506.66666666663,193867.66666666663,150474.5,0.23455730540014041,2.8554122717138863,34.642011748705,369.9822222222221,25.728,-0.0005514647961613051,1.672,12.174936232848761,1.0,0,0,0.0,174028.43,185,2005,3
Sorghum,2005-08-08,193867.66666666663,NGN,NGN/MT,Gap-filled,wholesale,National,,,0.6,False,Weekly gap-fill,Interpolated,historical,False,,,132.15,155.0,97.0,11.4,12.5,0,1,0,0,1,0,1,1,0,0,1,0,0,0,0,1,0,0,1,0,-0.8660254037844384,-0.5000000000000004,-0.663122658240795,-0.7485107481711013,0,1467.03,193867.66666666663,193414.0,192506.66666666663,176422.5,150474.5,126615.33333333334,45000.0,193527.41666666666,434.3527645490036,190001.26041666663,5083.307283830531,182231.5069444444,12933.90045947482,156241.62179487178,26434.657009787916,193867.66666666663,192960.3333333333,193867.66666666663,156961.5,0.0,0.7069885025626776,28.83755497886129,330.8170370370369,23.864,-0.23455730540014041,1.602,12.174936232848761,1.0,0,0,0.0,174028.43,186,2005,3
Sorghum,2005-08-15,194775.0,NGN,NGN/MT,WFP Nigeria Food Prices,wholesale,National,,,0.9,True,WFP VAM data — converted to NGN/MT,WFP,historical,False,,,132.15,155.0,97.0,11.4,12.5,0,1,0,0,1,0,1,1,0,0,1,0,0,0,0,1,0,0,1,0,-0.8660254037844384,-0.5000000000000004,-0.7485107481711011,-0.6631226582407952,0,1473.89,193867.66666666663,193867.66666666663,192960.3333333333,180443.54166666663,156961.5,129535.0,46600.0,193981.0833333333,570.8513703533773,191792.6927083333,3518.2149543135197,185382.6319444444,10616.258945284402,158750.85256410256,26890.632311977173,194775.0,193414.0,194775.0,163448.5,0.4680168431043352,0.9404350807851847,24.090939497902355,317.9721030042918,22.192,0.4680168431043352,1.554,12.179605459315002,1.0,0,0,0.0,174842.91,187,2005,3
Sorghum,2005-08-22,177738.125,NGN,NGN/MT,Gap-filled,wholesale,National,,,0.6,False,Weekly gap-fill,Interpolated,historical,False,,,132.15,155.0,97.0,11.4,12.5,0,1,0,0,1,0,1,1,0,0,1,0,0,0,0,1,0,0,1,0,-0.8660254037844384,-0.5000000000000004,-0.8229838658936564,-0.5680647467311559,0,1344.97,194775.0,193867.66666666663,193414.0,184464.5833333333,163448.5,129599.375,48200.0,190062.1145833333,8227.119008066242,190951.88541666663,5667.184820093532,186573.43402777775,8528.405589951919,160602.34294871794,26456.932619697996,194775.0,177738.125,194775.0,169935.5,-8.746951610833008,-8.104829536641612,8.742585585061956,268.7512966804979,18.343,-9.214968453937344,1.168,12.088072164359227,1.0,0,0,0.0,159549.48,188,2005,3
Sorghum,2005-08-29,160701.25,NGN,NGN/MT,Gap-filled,wholesale,National,,,0.6,False,Weekly gap-fill,Interpolated,historical,False,,,132.15,155.0,97.0,11.4,12.5,0,1,0,0,1,0,1,1,0,0,1,0,0,0,0,1,0,0,1,0,-0.8660254037844384,-0.5000000000000004,-0.8854560256532096,-0.4647231720437691,0,1216.05,177738.125,194775.0,193867.66666666663,188485.625,169935.5,129663.75,49800.0,181770.51041666666,16079.301449521923,187478.83854166663,12173.395772264892,185803.9131944444,10381.424980456277,161796.09294871794,25694.352939441258,194775.0,160701.25,194775.0,160701.25,-9.585380176594072,-17.107760792155457,-5.433973478172605,222.69327309236945,12.345,-0.8384285657610633,0.79,11.987308552872143,1.0,0,0,0.0,144256.06,189,2005,3
Sorghum,2005-09-05,143664.375,NGN,NGN/MT,Gap-filled,wholesale,National,,,0.6,False,Weekly gap-fill,Interpolated,historical,False,,,132.15,155.0,97.0,11.4,12.5,0,1,0,0,1,1,0,0,0,0,0,0,0,0,0,1,0,0,0,0,-1.0,-1.8369701987210287e-16,-0.9350162426854148,-0.3546048870425359,0,1087.13,160701.25,177738.125,193867.66666666663,192506.66666666663,176422.5,129728.125,51400.0,169219.6875,21994.51104880577,181373.5520833333,19396.51268464956,183074.0694444444,15908.314103570403,162332.10256410253,25137.962517136348,194775.0,143664.375,194775.0,143664.375,-10.601582128328191,-25.895649609785355,-18.5679972792586,179.50267509727627,4.243,-1.0162019517341196,0.411,11.875242089658101,1.0,0,0,0.0,128962.63,190,2005,3
Sorghum,2005-09-12,126627.5,NGN,NGN/MT,WFP Nigeria Food Prices,wholesale,National,,,0.9,True,WFP VAM data — converted to NGN/MT,WFP,historical,False,,,132.15,155.0,97.0,11.4,12.5,0,1,0,0,1,1,0,0,0,0,0,0,0,0,0,1,0,0,0,0,-1.0,-1.8369701987210287e-16,-0.970941817426052,-0.2393156642875577,0,958.21,143664.375,160701.25,194775.0,192960.3333333333,180443.54166666663,129792.5,53000.0,152182.8125,21994.51104880577,173081.94791666666,26582.604548309442,178589.39930555553,22807.031141529264,162210.37179487178,25308.92065590309,177738.125,126627.5,194775.0,126627.5,-11.858802852133666,-34.98780644333205,-29.824310235542264,138.91981132075472,-6.182,-1.2572207238054744,0.024,11.749012881840262,1.0,0,0,0.0,113669.21,191,2005,3
Sorghum,2005-09-19,119968.125,NGN,NGN/MT,Gap-filled,wholesale,National,,,0.6,False,Weekly gap-fill,Interpolated,historical,False,,,132.15,155.0,97.0,11.4,12.5,0,1,0,0,1,1,0,0,0,0,0,0,0,0,0,1,0,0,0,0,-1.0,-1.8369701987210287e-16,-0.992708874098054,-0.1205366802553235,0,907.82,126627.5,143664.375,177738.125,193414.0,184464.5833333333,129972.70833333331,54750.0,137740.3125,18272.42382734264,163901.21354166666,30891.151820526666,173214.69444444444,28247.371478866433,161825.58012820513,25888.087922976665,160701.25,119968.125,194775.0,119968.125,-5.259027462439048,-32.50287466462246,-34.964141716454144,119.11986301369862,-14.883,6.599775389694618,-0.149,11.694989696992337,1.0,0,0,0.0,107691.32,192,2005,3
Sorghum,2005-09-26,113308.75,NGN,NGN/MT,Gap-filled,wholesale,National,,,0.6,False,Weekly gap-fill,Interpolated,historical,False,,,132.15,155.0,97.0,11.4,12.5,0,1,0,0,1,1,0,0,0,0,0,0,0,0,0,1,0,0,0,0,-1.0,-1.8369701987210287e-16,-1.0,-1.8369701987210287e-16,0,857.43,119968.125,126627.5,160701.25,193867.66666666663,188485.625,130152.91666666666,56500.0,125892.1875,13036.215565724555,153831.3489583333,32798.59426016494,166949.9548611111,32559.890642685863,161177.72756410256,26903.263791644553,143664.375,113308.75,194775.0,113308.75,-5.550953638726952,-29.49105871920722,-39.88467290277442,100.54646017699116,-21.892,-0.2919261762879044,-0.327,11.63788049803558,1.0,0,0,0.0,101713.42,193,2005,3
Sorghum,2005-10-03,106649.375,NGN,NGN/MT,Gap-filled,wholesale,National,,,0.6,False,Weekly gap-fill,Interpolated,historical,False,,,132.15,155.0,97.0,11.4,12.5,0,1,0,0,0,1,0,0,0,1,0,1,0,1,1,1,1,0,0,0,-0.8660254037844386,0.5000000000000001,-0.992708874098054,0.1205366802553232,0,807.03,113308.75,119968.125,143664.375,193867.66666666663,192506.66666666663,130333.125,58250.0,116638.4375,8597.216157049861,142929.0625,32077.1116194047,159795.18055555553,35713.934298957814,160266.8141025641,28351.379469361436,126627.5,106649.375,194775.0,106649.375,-5.87719395015831,-25.764912143320153,-44.599645899709095,83.08905579399142,-27.222,-0.32624031143135834,-0.51,11.577311240067717,1.0,0,0,0.333,95735.53,194,2005,4
Sorghum,2005-10-10,99990.0,NGN,NGN/MT,WFP Nigeria Food Prices,wholesale,National,,,0.9,True,WFP VAM data — converted to NGN/MT,WFP,historical,False,,,132.15,155.0,97.0,11.4,12.5,0,1,0,0,0,1,0,0,0,1,0,1,0,1,1,1,1,1,0,0,-0.8660254037844386,0.5000000000000001,-0.970941817426052,0.2393156642875573,0,756.64,106649.375,113308.75,126627.5,194775.0,192960.3333333333,130513.33333333331,60000.0,109979.0625,8597.216157049861,131080.9375,27347.825596265353,152047.65277777778,37883.52743093327,159092.83974358972,30204.11166393049,119968.125,99990.0,194775.0,99990.0,-6.244176302017712,-21.03610984975618,-48.181059665112514,66.65,-30.871,-0.3669823518594013,-0.695,11.512835460919986,1.0,0,0,0.333,89757.63,195,2005,4
Sorghum,2005-10-17,102143.0,NGN,NGN/MT,Gap-filled,wholesale,National,,,0.6,False,Weekly gap-fill,Interpolated,historical,False,,,132.15,155.0,97.0,11.4,12.5,0,1,0,0,0,1,0,0,0,1,0,1,0,1,1,1,1,1,0,0,-0.8660254037844386,0.5000000000000001,-0.9350162426854148,0.3546048870425355,0,772.93,99990.0,106649.375,119968.125,177738.125,193414.0,133881.875,60200.0,105522.78125,5885.720361227707,121631.546875,21319.032977865652,144441.7361111111,37985.4974993337,157872.11378205128,31859.7903759551,113308.75,99990.0,194775.0,99990.0,2.1532153215321426,-14.858217547369357,-47.18944854043657,69.67275747508306,-33.159,8.397391623549854,-0.679,11.534138861369426,1.0,0,0,0.333,91690.31,196,2005,4
Sorghum,2005-10-24,102143.0,NGN,NGN/MT,Gap-filled,wholesale,National,,,0.6,False,Weekly gap-fill,Interpolated,historical,False,,,132.15,155.0,97.0,11.4,12.5,0,1,0,0,0,1,0,0,0,1,0,1,0,1,1,1,1,1,0,0,-0.8660254037844386,0.5000000000000001,-0.8854560256532101,0.464723172043768,0,772.93,102143.0,99990.0,113308.75,160701.25,193867.66666666663,137250.41666666666,60400.0,102731.34375,2802.2747407514726,114311.765625,15148.014232989093,136798.0138888889,36328.07681442153,156521.82852564103,33471.91704930778,106649.375,99990.0,194775.0,99990.0,0.0,-9.854269860006404,-47.313029678320085,69.11092715231788,-34.366,-2.1532153215321426,-0.715,11.534138861369426,1.0,0,0,0.333,91690.31,197,2005,4
Sorghum,2005-10-31,103219.5,NGN,NGN/MT,Gap-filled,wholesale,National,,,0.6,False,Weekly gap-fill,Interpolated,historical,False,,,132.15,155.0,97.0,11.4,12.5,0,1,0,0,0,1,0,0,0,1,0,1,0,1,1,1,1,1,0,0,-0.8660254037844386,0.5000000000000001,-0.822983865893657,0.5680647467311548,0,781.08,102143.0,102143.0,106649.375,143664.375,193867.66666666663,140618.9583333333,60600.0,101873.875,1354.5661282605631,109256.15625,9733.78165223269,129244.0,32617.38888187693,155083.3878205128,34953.49528535255,103219.5,99990.0,194775.0,99990.0,1.0539146099096453,-3.216029160977263,-46.757754000581144,70.32920792079207,-34.31,1.0539146099096453,-0.727,11.544622755713462,1.0,0,0,0.333,92656.64,198,2005,4
Sorghum,2005-11-07,104296.0,NGN,NGN/MT,Gap-filled,wholesale,National,,,0.6,False,Weekly gap-fill,Interpolated,historical,False,,,132.15,155.0,97.0,11.4,12.5,1,0,0,0,0,1,0,0,0,1,0,1,1,1,1,0,1,0,0,0,-0.5000000000000004,0.8660254037844384,-0.7485107481711011,0.6631226582407952,1,789.22,103219.5,102143.0,99990.0,126627.5,194775.0,143987.5,60800.0,102950.375,1030.6702814984776,106464.71875,6800.505407540254,121704.08333333333,25846.964399051376,153556.79166666666,36298.384515261525,104296.0,102143.0,177738.125,99990.0,1.0429230910826037,4.306430643064307,-46.45308689513541,71.53947368421052,-32.956,-0.010991518827041524,-0.742,11.55499787739207,1.0,0,0,0.667,93622.98,199,2005,4
Sorghum,2005-11-14,105372.5,NGN,NGN/MT,WFP Nigeria Food Prices,wholesale,National,,,0.9,True,WFP VAM data — converted to NGN/MT,WFP,historical,False,,,132.15,155.0,97.0,11.4,12.5,1,0,0,0,0,1,0,0,0,1,0,1,1,1,1,0,1,0,0,0,-0.5000000000000004,0.8660254037844384,-0.6631226582407955,0.7485107481711007,1,797.37,104296.0,103219.5,102143.0,119968.125,177738.125,150474.5,61000.0,103757.75,1389.7555240631896,104640.265625,4069.9253132603662,115673.61458333333,19162.533054325428,151822.09935897434,37509.095062122135,105372.5,102143.0,160701.25,99990.0,1.0321584720411225,3.1617438297289135,-40.714745359218796,72.74180327868854,-31.658,-0.010764619041481183,-0.758,11.565266460327395,1.0,0,0,0.667,94589.32,200,2005,4
Sorghum,2005-11-21,105418.75,NGN,NGN/MT,Gap-filled,wholesale,National,,,0.6,False,Weekly gap-fill,Interpolated,historical,False,,,132.15,155.0,97.0,11.4,12.5,1,0,0,0,0,1,0,0,0,1,0,1,1,1,1,0,1,0,0,0,-0.5000000000000004,0.8660254037844384,-0.5680647467311559,0.8229838658936564,1,797.72,105372.5,104296.0,102143.0,113308.75,160701.25,156961.5,62000.0,104576.6875,1042.9333906291192,103654.015625,2191.9315829756033,111066.73958333333,13011.268308166222,149839.68589743588,38573.55760664043,105418.75,103219.5,143664.375,99990.0,0.04389190728131265,3.2070234866804492,-34.40079028632322,70.03024193548386,-30.208,-0.9882665647598099,-0.805,11.565705278939872,1.0,0,0,0.667,94630.83,201,2005,4
Sorghum,2005-11-28,105465.0,NGN,NGN/MT,Gap-filled,wholesale,National,,,0.6,False,Weekly gap-fill,Interpolated,historical,False,,,132.15,155.0,97.0,11.4,12.5,1,0,0,0,0,1,0,0,0,1,0,1,1,1,1,0,1,0,0,0,-0.5000000000000004,0.8660254037844384,-0.4647231720437684,0.88545602565321,1,798.07,105418.75,105372.5,103219.5,106649.375,143664.375,163448.5,63000.0,105138.0625,562.6436992352741,103505.96875,1991.5568947303877,107883.45833333333,8030.614321912296,147609.55128205128,39422.11845021369,105465.0,104296.0,126627.5,99990.0,0.0438726507381304,2.1754610320724233,-26.589316244893702,67.4047619047619,-28.773,-1.9256543182244457e-05,-0.854,11.566143905075032,1.0,0,0,0.667,94672.35,202,2005,4
Sorghum,2005-12-05,105465.0,NGN,NGN/MT,Gap-filled,wholesale,National,,,0.6,False,Weekly gap-fill,Interpolated,historical,False,,,132.15,155.0,97.0,11.4,12.5,1,0,0,0,0,0,0,0,0,1,0,1,1,1,1,0,0,0,0,1,-2.4492935982947064e-16,1.0,-0.3546048870425359,0.9350162426854148,1,798.07,105465.0,105418.75,104296.0,99990.0,126627.5,169935.5,64000.0,105430.3125,44.28100370535307,104190.34375,1487.7070620415298,106119.91666666667,5448.830754039444,145129.91666666666,39985.21602327779,105465.0,105372.5,119968.125,99990.0,0.0,1.120848354682824,-16.712404493494702,64.7890625,-27.355,-0.0438726507381304,-0.908,11.566143905075032,1.0,0,0,0.667,94672.35,203,2005,4
Sorghum,2005-12-12,105557.5,NGN,NGN/MT,WFP Nigeria Food Prices,wholesale,National,,,0.9,True,WFP VAM data — converted to NGN/MT,WFP,historical,False,,,132.15,155.0,97.0,11.4,12.5,1,0,0,0,0,0,0,0,0,1,0,1,1,1,1,0,0,0,0,1,-2.4492935982947064e-16,1.0,-0.2393156642875578,0.970941817426052,1,798.77,105465.0,105465.0,105372.5,102143.0,119968.125,176422.5,65000.0,105476.5625,58.196640416955205,104617.15625,1293.5584705509107,104919.03125,3272.825461332547,142404.33974358972,40181.607678746535,105557.5,105418.75,113308.75,99990.0,0.08770682216849846,0.1755676291252506,-12.012044866084215,62.396153846153844,-25.932,0.08770682216849846,-0.964,11.567020580588295,1.0,0,0,0.667,94755.39,204,2005,4
Sorghum,2005-12-19,102463.125,NGN,NGN/MT,Gap-filled,wholesale,National,,,0.6,False,Weekly gap-fill,Interpolated,historical,False,,,132.15,155.0,97.0,11.4,12.5,1,0,0,0,0,0,0,0,0,1,0,1,1,1,1,0,0,0,0,1,-2.4492935982947064e-16,1.0,-0.1205366802553236,0.992708874098054,1,775.35,105557.5,105465.0,105418.75,102143.0,113308.75,180443.54166666663,77484.16666666667,104737.65625,1516.9809977892712,104657.171875,1208.2245588198232,104015.22916666667,1992.4185357692434,139405.09294871794,40138.99706206731,105557.5,102463.125,106649.375,99990.0,-2.9314591573313176,-2.803699531629811,-9.57174534182047,32.23750013443607,-24.868,-3.019165979499816,-1.098,11.537268016296304,1.0,0,0,0.667,91977.67,205,2005,4
Sorghum,2005-12-26,99368.75,NGN,NGN/MT,Gap-filled,wholesale,National,,,0.6,False,Weekly gap-fill,Interpolated,historical,False,,,132.15,155.0,97.0,11.4,12.5,1,0,0,0,0,0,0,0,0,1,0,1,1,1,1,0,0,0,0,1,-2.4492935982947064e-16,1.0,6.432490598706546e-16,1.0,1,751.94,102463.125,105557.5,105465.0,103219.5,106649.375,184464.5833333333,89968.33333333334,103213.59375,2938.7499280000657,104175.828125,2212.484613481512,103408.51041666667,2213.61080003248,136132.17628205128,39785.68417937373,105557.5,99368.75,105557.5,99368.75,-3.0199888984451695,-5.780353671834259,-6.826692608372065,10.448583760952923,-24.181,-0.08852974111385192,-1.211,11.50660302037239,1.0,0,0,0.667,89199.96,206,2005,4
Sorghum,2006-01-02,96274.375,NGN,NGN/MT,Gap-filled,wholesale,National,,,0.6,False,Weekly gap-fill,Interpolated,historical,False,,,128.65,155.0,97.0,11.4,12.5,1,0,0,0,0,0,0,0,0,1,0,0,1,0,0,0,0,0,0,1,0.4999999999999999,0.8660254037844387,0.120536680255323,0.992708874098054,1,748.34,99368.75,102463.125,105465.0,104296.0,99990.0,188485.625,102452.5,100915.9375,3994.8209473065426,103173.125,3558.5074902307665,103098.875,2891.3662403414855,132585.58974358972,39034.980308924765,105557.5,96274.375,105557.5,96274.375,-3.1140323290772987,-8.714383918835633,-3.7159965996599653,-6.030233522852058,-23.886,-0.09404343063212917,-1.299,11.474967853767708,1.0,0,0,0.333,86422.24,207,2006,1
Sorghum,2006-01-09,93180.0,NGN,NGN/MT,WFP Nigeria Food Prices,wholesale,National,,,0.9,True,WFP VAM data — converted to NGN/MT,WFP,historical,False,,,128.65,155.0,97.0,11.4,12.5,1,0,0,0,0,0,0,0,0,1,0,0,1,0,0,0,0,0,0,1,0.4999999999999999,0.8660254037844387,0.2393156642875577,0.970941817426052,1,724.29,96274.375,99368.75,105557.5,105372.5,102143.0,192506.66666666663,114936.66666666669,97821.5625,3994.8209473065426,101649.0625,4856.277141861241,102351.95833333333,4075.8240244410113,128765.33333333333,37776.211510065245,102463.125,93180.0,105557.5,93180.0,-3.2141210992021496,-11.725836629325247,-8.774952762303833,-18.929265392535033,-24.031,-0.10008877012485096,-1.364,11.442299117229922,1.0,0,0,0.333,83644.52,208,2006,1
Sorghum,2006-01-16,93430.0,NGN,NGN/MT,Gap-filled,wholesale,National,,,0.6,False,Weekly gap-fill,Interpolated,historical,False,,,128.65,155.0,97.0,11.4,12.5,1,0,0,0,0,0,0,0,0,1,0,0,1,0,0,0,0,0,0,1,0.4999999999999999,0.8660254037844387,0.3546048870425356,0.9350162426854148,1,726.23,93180.0,96274.375,102463.125,105418.75,102143.0,192960.3333333333,117856.33333333334,95563.28125,2899.31975566173,100150.46875,5351.370618300699,101625.875,4823.871220707279,124937.24358974358,36012.570366414,99368.75,93180.0,105557.5,93180.0,0.2682979180081535,-8.81597647934318,-8.530197859863131,-20.725516094453987,-23.511,3.482419017210303,-1.323,11.444978474929979,1.0,0,0,0.333,83868.94,209,2006,1
Sorghum,2006-01-23,93430.0,NGN,NGN/MT,Gap-filled,wholesale,National,,,0.6,False,Weekly gap-fill,Interpolated,historical,False,,,128.65,155.0,97.0,11.4,12.5,1,0,0,0,0,0,0,0,0,1,0,0,1,0,0,0,0,0,0,1,0.4999999999999999,0.8660254037844387,0.4647231720437685,0.8854560256532099,1,726.23,93430.0,93180.0,99368.75,105465.0,103219.5,193414.0,120776.0,94078.59375,1468.59045010981,98646.09375,5335.534210077919,100810.08333333333,5330.986630052741,121091.70512820511,33670.03327738977,96274.375,93180.0,105557.5,93180.0,0.0,-5.976476507956474,-9.484157547750183,-22.64191561237332,-22.308,-0.2682979180081535,-1.288,11.444978474929979,1.0,0,0,0.333,83868.94,210,2006,1
Sorghum,2006-01-30,93555.0,NGN,NGN/MT,Gap-filled,wholesale,National,,,0.6,False,Weekly gap-fill,Interpolated,historical,False,,,128.65,155.0,97.0,11.4,12.5,1,0,0,0,0,0,0,0,0,1,0,0,1,0,0,0,0,0,0,1,0.4999999999999999,0.8660254037844387,0.5680647467311558,0.8229838658936564,1,727.21,93430.0,93430.0,96274.375,105465.0,104296.0,193867.66666666663,123695.66666666669,93398.75,157.28821739348786,97157.34375,4795.32834825999,99915.0,5588.0077115774775,117233.52564102564,30605.02168020524,93555.0,93180.0,105557.5,93180.0,0.13379000321096512,-2.8246093521770432,-10.298573291401391,-24.366792692818674,-20.331,0.13379000321096512,-1.248,11.446315466470784,1.0,0,0,0.333,83981.15,211,2006,1
Sorghum,2006-02-06,93680.0,NGN,NGN/MT,Gap-filled,wholesale,National,,,0.6,False,Weekly gap-fill,Interpolated,historical,False,,,128.65,155.0,97.0,11.4,12.5,1,0,0,0,0,0,0,0,1,1,0,0,1,0,0,0,0,0,0,0,0.8660254037844386,0.5000000000000001,0.6631226582407952,0.7485107481711011,1,728.18,93555.0,93430.0,93180.0,105557.5,105372.5,193867.66666666663,126615.33333333334,93523.75,119.67838845904394,95672.65625,3481.8126749352805,98940.625,5569.251386722706,113380.15384615384,26617.738800734416,93680.0,93430.0,105557.5,93180.0,0.13361124472235364,0.536595836016307,-11.0963486678213,-26.01212070154747,-17.513,-0.0001787584886114857,-1.209,11.447650672851688,1.0,0,0,0.333,84093.36,212,2006,1
Sorghum,2006-02-13,93805.0,NGN,NGN/MT,WFP Nigeria Food Prices,wholesale,National,,,0.9,True,WFP VAM data — converted to NGN/MT,WFP,historical,False,,,128.65,155.0,97.0,11.4,12.5,1,0,0,0,0,0,0,0,1,1,0,0,1,0,0,0,0,0,0,0,0.8660254037844386,0.5000000000000001,0.7485107481711011,0.6631226582407953,1,729.15,93680.0,93555.0,93430.0,102463.125,105418.75,194775.0,129535.0,93617.5,161.37430608418993,94590.390625,2166.9075885880443,97972.8125,5345.77810729486,109496.69230769231,21050.941097971732,93805.0,93430.0,105557.5,93180.0,0.13343296327925636,0.40137000963287317,-11.016778324539045,-27.583278650557762,-14.502,-0.00017828144309728344,-1.169,11.448984098833447,1.0,0,0,0.333,84205.57,213,2006,1
Sorghum,2006-02-20,96344.375,NGN,NGN/MT,Gap-filled,wholesale,National,,,0.6,False,Weekly gap-fill,Interpolated,historical,False,,,128.65,155.0,97.0,11.4,12.5,1,0,0,0,0,0,0,0,1,1,0,0,1,0,0,0,0,0,0,0,0.8660254037844386,0.5000000000000001,0.8229838658936564,0.5680647467311559,1,748.89,93805.0,93680.0,93430.0,99368.75,105465.0,177738.125,129599.375,94346.09375,1336.0913897710755,94212.34375,1307.6045074802385,97212.76041666667,4804.709473957052,106366.16346153847,15924.619757028657,96344.375,93555.0,105557.5,93180.0,2.707078513938499,3.1193139248635315,-8.648011188545969,-25.659845967621376,-11.301,2.5736455506592426,-1.065,11.47569467061461,1.0,0,0,0.333,86485.08,214,2006,1
Sorghum,2006-02-27,98883.75,NGN,NGN/MT,Gap-filled,wholesale,National,,,0.6,False,Weekly gap-fill,Interpolated,historical,False,,,128.65,155.0,97.0,11.4,12.5,1,0,0,0,0,0,0,0,1,1,0,0,1,0,0,0,0,0,0,0,0.8660254037844386,0.5000000000000001,0.8854560256532099,0.4647231720437686,1,768.63,96344.375,93805.0,93555.0,96274.375,105465.0,160701.25,129663.75,95678.28125,2464.4824599843264,94538.515625,2024.414044892748,96664.32291666667,4101.229396284814,103988.56730769231,11483.110540224878,98883.75,93680.0,105557.5,93180.0,2.6357273063424724,5.695847362514028,-6.240221874555541,-23.738323162796082,-7.992,-0.07135120759602653,-0.966,11.501710309563618,1.0,0,0,0.333,88764.59,215,2006,1
Sorghum,2006-03-06,101423.125,NGN,NGN/MT,Gap-filled,wholesale,National,,,0.6,False,Weekly gap-fill,Interpolated,historical,False,,,128.65,155.0,97.0,11.4,12.5,1,0,0,1,0,0,0,0,1,1,0,0,0,0,0,0,0,0,0,0,1.0,6.123233995736766e-17,0.9350162426854148,0.3546048870425355,0,788.36,98883.75,96344.375,93680.0,93180.0,105557.5,143664.375,129728.125,97614.0625,3278.319028258102,95568.90625,3064.6931423735377,96319.79166666667,3399.9209271092614,102363.90384615384,8149.428580527554,101423.125,93805.0,102463.125,93180.0,2.5680407549268702,8.265504910333043,-3.9167041659758928,-21.818707392864887,-4.64,-0.0676865514156022,-0.872,11.527066260973102,1.0,0,0,0.333,91044.1,216,2006,1
Sorghum,2006-03-13,103962.5,NGN,NGN/MT,WFP Nigeria Food Prices,wholesale,National,,,0.9,True,WFP VAM data — converted to NGN/MT,WFP,historical,False,,,128.65,155.0,97.0,11.4,12.5,1,0,0,1,0,0,0,0,1,1,0,0,0,0,0,0,0,0,0,0,1.0,6.123233995736766e-17,0.970941817426052,0.239315664287558,0,808.1,101423.125,98883.75,93805.0,93430.0,102463.125,126627.5,129792.5,100153.4375,3278.319028258102,96885.46875,4101.519055891383,96444.73958333333,3663.5450771816036,101492.17307692308,6494.32148323292,103962.5,96344.375,103962.5,93180.0,2.503743598908037,10.828314055753951,1.463331320414052,-19.900995820251556,-1.319,-0.06429715601883323,-0.781,11.551795154983633,1.0,0,0,0.333,93323.61,217,2006,1
Sorghum,2006-03-20,101423.125,NGN,NGN/MT,Gap-filled,wholesale,National,,,0.6,False,Weekly gap-fill,Interpolated,historical,False,,,128.65,155.0,97.0,11.4,12.5,1,0,0,1,0,0,0,0,1,1,0,0,0,0,0,0,0,0,0,0,1.0,6.123233995736766e-17,0.992708874098054,0.120536680255323,0,788.36,103962.5,101423.125,96344.375,93430.0,99368.75,119968.125,129972.70833333331,101423.125,2073.3910051927364,97884.609375,4113.063057653128,96615.9375,3855.574094476837,100778.90384615384,5290.828587198691,103962.5,98883.75,103962.5,93180.0,-2.4425874714440354,5.271454612684967,2.0674256242531053,-21.965829364818568,0.639,-4.946331070352072,-0.831,11.527066260973102,1.0,0,0,0.333,91044.1,218,2006,1
Sorghum,2006-03-27,101169.58333333334,NGN,NGN/MT,Gap-filled,wholesale,National,,,0.6,False,Weekly gap-fill,Interpolated,historical,False,,,128.65,155.0,97.0,11.4,12.5,1,0,0,1,0,0,0,0,1,1,0,0,0,0,0,0,0,0,0,0,1.0,6.123233995736766e-17,1.0,-1.6081226496766364e-16,0,786.39,101423.125,103962.5,98883.75,93555.0,96274.375,113308.75,130152.91666666666,101994.58333333333,1317.3774782257226,98836.43229166666,3839.9928508661656,97023.87152777777,4069.197720344333,100312.01282051283,4635.987904752086,103962.5,101169.58333333334,103962.5,93180.0,-0.24998408071793543,2.3116369811352566,5.084643066582717,-22.268677549164906,1.677,2.1926033907261,-0.817,11.524563315055937,1.0,0,0,0.333,90816.5,219,2006,1
Sorghum,2006-04-03,99773.125,NGN,NGN/MT,Gap-filled,wholesale,National,,,0.6,False,Weekly gap-fill,Interpolated,historical,False,,,128.65,155.0,97.0,11.4,12.5,0,1,1,1,0,0,0,0,1,0,0,0,0,0,0,0,0,0,0,0,0.8660254037844387,-0.4999999999999998,0.992708874098054,-0.1205366802553228,0,775.54,101169.58333333334,101423.125,101423.125,93680.0,93180.0,106649.375,130333.125,101582.08333333334,1744.9104810284753,99598.07291666666,3226.3788498877857,97573.29861111111,3946.260322398171,100047.54166666667,4452.501621527642,103962.5,99773.125,103962.5,93430.0,-1.3803144060920869,-1.6268479205309494,7.075686842670104,-23.447607812672334,1.534,-1.1303303253741515,-0.834,11.510664160146584,1.0,0,0,0.333,89562.95,220,2006,2
Sorghum,2006-04-10,98376.66666666669,NGN,NGN/MT,WFP Nigeria Food Prices,wholesale,National,,,0.9,True,WFP VAM data — converted to NGN/MT,WFP,historical,False,,,128.65,155.0,97.0,11.4,12.5,0,1,1,1,0,0,0,0,1,0,0,0,0,0,0,0,0,0,0,0,0.8660254037844387,-0.4999999999999998,0.970941817426052,-0.2393156642875575,0,764.68,99773.125,101169.58333333334,103962.5,93805.0,93430.0,99990.0,130513.33333333331,100185.62500000001,1407.369502945658,100169.53125,2335.6328532680845,97985.52083333333,3726.343891554761,99985.49038461539,4464.561210525259,101423.125,98376.66666666669,103962.5,93430.0,-1.3996337524090907,-5.3729309446514995,5.2945163937350825,-24.623282423251748,0.2,-0.019319346317003827,-0.849,11.496569092510295,1.0,0,0,0.333,88309.4,221,2006,2
Sorghum,2006-04-17,99773.125,NGN,NGN/MT,Gap-filled,wholesale,National,,,0.6,False,Weekly gap-fill,Interpolated,historical,False,,,128.65,155.0,97.0,11.4,12.5,0,1,1,1,0,0,0,0,1,0,0,0,0,0,0,0,0,0,0,0,0.8660254037844387,-0.4999999999999998,0.9350162426854148,-0.3546048870425354,0,775.54,98376.66666666669,99773.125,101423.125,96344.375,93430.0,102143.0,133881.875,99773.125,1140.2034545735726,100598.125,1782.5360158521103,98514.11458333333,3461.8945042311584,99894.34134615384,4442.890543561703,101169.58333333334,98376.66666666669,103962.5,93555.0,1.4195015755768425,-1.6268479205309494,6.789173712940166,-25.476749560013257,-0.121,2.8191353279859332,-0.788,11.510664160146584,1.0,0,0,0.333,89562.95,222,2006,2
Sorghum,2006-04-24,100940.0,NGN,NGN/MT,Gap-filled,wholesale,National,,,0.6,False,Weekly gap-fill,Interpolated,historical,False,,,128.65,155.0,97.0,11.4,12.5,0,1,1,1,0,0,0,0,1,0,0,0,0,0,0,0,0,0,0,0,0.8660254037844387,-0.4999999999999998,0.8854560256532099,-0.4647231720437685,0,784.61,99773.125,98376.66666666669,101169.58333333334,98883.75,93555.0,102143.0,137250.41666666666,99715.72916666667,1048.5730010538553,100855.15625,1642.790261452279,99129.53125,3141.787268759323,99848.07211538461,4424.762971938636,100940.0,98376.66666666669,103962.5,93680.0,1.1695283674837187,-0.2269292071480744,7.89375233819678,-26.455596673962734,-0.133,-0.24997320809312384,-0.734,11.522291466720553,1.0,0,0,0.333,90610.41,223,2006,2
Sorghum,2006-05-01,102221.66666666669,NGN,NGN/MT,Gap-filled,wholesale,National,,,0.6,False,Weekly gap-fill,Interpolated,historical,False,,,128.65,155.0,97.0,11.4,12.5,0,1,1,1,0,0,0,0,1,0,1,0,0,0,0,0,0,0,0,0,0.4999999999999999,-0.8660254037844387,0.8229838658936565,-0.5680647467311557,0,794.57,100940.0,99773.125,99773.125,101423.125,93680.0,103219.5,140618.9583333333,100327.86458333334,1640.7422522026257,100954.97395833334,1705.3015033194006,99841.33680555556,2736.338038440204,99809.6939102564,4398.601204957521,102221.66666666669,98376.66666666669,103962.5,93805.0,1.2697311934482647,2.4541094274301622,9.117919157415333,-27.30591388370758,0.519,0.100202825964546,-0.677,11.534908719505639,1.0,0,0,0.333,91760.92,224,2006,2
Sorghum,2006-05-08,103503.33333333334,NGN,NGN/MT,Gap-filled,wholesale,National,,,0.6,False,Weekly gap-fill,Interpolated,historical,False,,,128.65,155.0,97.0,11.4,12.5,0,1,1,1,0,0,0,0,1,0,1,0,0,0,0,0,0,0,0,0,0.4999999999999999,-0.8660254037844387,0.7485107481711013,-0.663122658240795,0,804.53,102221.66666666669,100940.0,98376.66666666669,103962.5,93805.0,104296.0,143987.5,101609.53125,1610.5750638548723,100897.578125,1593.6902764132437,100649.53125,2163.703094355227,99779.20673076923,4368.90914390419,103503.33333333334,99773.125,103962.5,96344.375,1.253811162017171,5.211262833327668,10.338823445800704,-28.116445293283554,1.834,-0.015920031431093662,-0.621,11.547368758766034,1.0,0,0,0.333,92911.43,225,2006,2
Sorghum,2006-05-15,104785.0,NGN,NGN/MT,WFP Nigeria Food Prices,wholesale,National,,,0.9,True,WFP VAM data — converted to NGN/MT,WFP,historical,False,,,128.65,155.0,97.0,11.4,12.5,0,1,1,1,0,0,0,0,1,0,1,0,0,0,0,0,0,0,0,0,0.4999999999999999,-0.8660254037844387,0.6631226582407952,-0.7485107481711012,0,814.5,103503.33333333334,102221.66666666669,99773.125,101423.125,96344.375,105372.5,150474.5,102862.5,1654.624551795624,101317.8125,2111.2628163154004,101352.91666666667,2002.916981861212,99756.61057692308,4340.248560211778,104785.0,100940.0,104785.0,98376.66666666669,1.2382854014363343,5.023271547322983,8.76089029587872,-30.363616426703533,3.113,-0.015525760580836767,-0.563,11.559675454159176,1.0,0,0,0.333,94061.94,226,2006,2
Sorghum,2006-05-22,103790.0,NGN,NGN/MT,Gap-filled,wholesale,National,,,0.6,False,Weekly gap-fill,Interpolated,historical,False,,,128.65,155.0,97.0,11.4,12.5,0,1,1,1,0,0,0,0,1,0,1,0,0,0,0,0,0,0,0,0,0.4999999999999999,-0.8660254037844387,0.5680647467311558,-0.8229838658936564,0,806.76,104785.0,103503.33333333334,100940.0,101169.58333333334,98883.75,105418.75,156961.5,103575.0,1056.2468496544136,101645.36458333334,2281.3977848124473,101761.77083333333,1953.2046205969564,99693.96634615384,4266.381674025291,104785.0,102221.66666666669,104785.0,98376.66666666669,-0.9495633917068314,2.8234594808797198,4.961634242228885,-33.875504502696515,3.893,-2.1878487931431656,-0.565,11.5501345407525,1.0,0,0,0.333,93168.76,227,2006,2
Sorghum,2006-05-29,103790.0,NGN,NGN/MT,Gap-filled,wholesale,National,,,0.6,False,Weekly gap-fill,Interpolated,historical,False,,,128.65,155.0,97.0,11.4,12.5,0,1,1,1,0,0,0,0,1,0,1,0,0,0,0,0,0,0,0,0,0.4999999999999999,-0.8660254037844387,0.464723172043769,-0.8854560256532096,0,806.76,103790.0,104785.0,102221.66666666669,99773.125,101423.125,105465.0,163448.5,103967.08333333334,561.7736050499524,102147.47395833334,2252.3226229557567,101959.01041666667,2033.7444709075205,99629.54326923077,4187.672710789323,104785.0,103503.33333333334,104785.0,98376.66666666669,0.0,1.5342474687362273,2.3336640435797973,-36.49987610776483,4.354,0.9495633917068314,-0.538,11.5501345407525,1.0,0,0,0.333,93168.76,228,2006,2
Sorghum,2006-06-05,103292.5,NGN,NGN/MT,Gap-filled,wholesale,National,,,0.6,False,Weekly gap-fill,Interpolated,historical,False,,,128.65,155.0,97.0,11.4,12.5,0,1,1,0,0,0,0,1,0,0,1,0,0,0,0,0,0,0,1,0,1.2246467991473532e-16,-1.0,0.3546048870425358,-0.9350162426854148,0,802.9,103790.0,103790.0,103503.33333333334,98376.66666666669,103962.5,105465.0,169935.5,103914.375,626.007105255862,102761.953125,1672.5566494876814,101903.17708333333,1982.287428186664,99545.98557692308,4087.044095605079,104785.0,103292.5,104785.0,98376.66666666669,-0.47933326910106766,-0.20369714340924272,-0.644463147769625,-39.21664396197381,4.388,-0.47933326910106766,-0.524,11.545329729604244,1.0,0,0,0.333,92722.17,229,2006,2
Sorghum,2006-06-12,102795.0,NGN,NGN/MT,WFP Nigeria Food Prices,wholesale,National,,,0.9,True,WFP VAM data — converted to NGN/MT,WFP,historical,False,,,128.65,155.0,97.0,11.4,12.5,0,1,1,0,0,0,0,1,0,0,1,0,0,0,0,0,0,0,1,0,1.2246467991473532e-16,-1.0,0.2393156642875576,-0.970941817426052,0,799.03,103292.5,103790.0,104785.0,99773.125,101423.125,105557.5,176422.5,103416.875,476.31998610614653,103139.6875,1165.4951547929982,102017.5,1991.6224379337575,99439.73557692308,3958.396187462835,103790.0,102795.0,104785.0,98376.66666666669,-0.4816419391533766,-1.8991267834136516,1.3526254490778156,-41.733622412107295,4.0,-0.0023086700523089476,-0.509,11.540501720740332,1.0,0,0,0.333,92275.58,230,2006,2
Sorghum,2006-06-19,84596.25,NGN,NGN/MT,Gap-filled,wholesale,National,,,0.6,False,Weekly gap-fill,Interpolated,historical,False,,,128.65,155.0,97.0,11.4,12.5,0,1,1,0,0,0,0,1,0,0,1,0,0,0,0,0,0,0,1,0,1.2246467991473532e-16,-1.0,0.120536680255323,-0.992708874098054,0,657.57,102795.0,103292.5,103790.0,100940.0,101169.58333333334,102463.125,180443.54166666663,98618.4375,9356.946359913001,101096.71875,6709.687361269496,100636.38888888889,5423.212175975717,98752.54807692308,4860.587605332052,103790.0,84596.25,104785.0,84596.25,-17.703925288194956,-18.492870218710856,-16.38173528769764,-53.11760719246208,-0.136,-17.22228334904158,-0.986,11.345657039155821,1.0,0,0,0.333,75939.18,231,2006,2
Sorghum,2006-06-26,66397.5,NGN,NGN/MT,Gap-filled,wholesale,National,,,0.6,False,Weekly gap-fill,Interpolated,historical,False,,,128.65,155.0,97.0,11.4,12.5,0,1,1,0,0,0,0,1,0,0,1,0,0,0,0,0,0,0,1,0,1.2246467991473532e-16,-1.0,-3.216245299353273e-16,-1.0,0,516.11,84596.25,102795.0,103790.0,102221.66666666669,99773.125,99368.75,184464.5833333333,89270.3125,17555.16378136708,96618.69791666666,13925.763589101689,97855.08680555556,11290.591923531752,97484.42307692308,7988.217727557077,103292.5,66397.5,104785.0,66397.5,-21.512478389999558,-36.02707389921957,-33.45151813176144,-64.00528556746438,-8.426,-3.808553101804602,-1.463,11.103429744847913,1.0,0,0,0.333,59602.78,232,2006,2
Sorghum,2006-07-03,48198.75,NGN,NGN/MT,Gap-filled,wholesale,National,,,0.6,False,Weekly gap-fill,Interpolated,historical,False,,,128.65,155.0,97.0,11.4,12.5,0,1,1,0,0,0,1,1,0,0,1,0,0,0,0,0,0,0,1,0,-0.4999999999999997,-0.8660254037844388,-0.1205366802553228,-0.992708874098054,0,374.65,66397.5,84596.25,103292.5,103503.33333333334,98376.66666666669,96274.375,188485.625,75496.875,23494.48522393069,89705.625,21620.944789056266,93673.59375,18235.612648013423,95635.36057692308,12544.335901938734,102795.0,48198.75,104785.0,48198.75,-27.408787981475204,-53.337609216545246,-51.00591264866331,-74.42842126554744,-21.058,-5.896309591475646,-1.925,10.783109113303249,1.0,0,0,0.333,43266.38,233,2006,3
Sorghum,2006-07-10,30000.0,NGN,NGN/MT,WFP Nigeria Food Prices,wholesale,National,,,0.9,True,WFP VAM data — converted to NGN/MT,WFP,historical,False,,,128.65,155.0,97.0,11.4,12.5,0,1,1,0,0,0,1,1,0,0,1,0,0,0,0,0,0,0,1,0,-0.4999999999999997,-0.8660254037844388,-0.2393156642875574,-0.970941817426052,0,233.19,48198.75,66397.5,102795.0,104785.0,99773.125,93180.0,192506.66666666663,57298.125,23494.48522393069,80357.5,29057.901195285755,87859.16666666667,25706.993684092617,93205.36057692308,17980.493255766603,84596.25,30000.0,104785.0,30000.0,-37.75772193262274,-70.8157011527798,-69.93178273207339,-84.41612411691369,-38.525,-10.348933951147533,-2.357,10.308985993422082,1.0,0,0,0.333,26929.98,234,2006,3
Sorghum,2006-07-17,30000.0,NGN,NGN/MT,Gap-filled,wholesale,National,,,0.6,False,Weekly gap-fill,Interpolated,historical,False,,,128.65,155.0,97.0,11.4,12.5,0,1,1,0,0,0,1,1,0,0,1,0,0,0,0,0,0,0,1,0,-0.4999999999999997,-0.8660254037844388,-0.3546048870425356,-0.9350162426854148,0,233.19,30000.0,48198.75,84596.25,103790.0,100940.0,93430.0,192960.3333333333,43649.0625,17423.976577280584,71133.75,32108.536004853722,81947.5,30191.12768580603,90765.74519230769,21838.10960862592,66397.5,30000.0,104785.0,30000.0,0.0,-64.53743516999867,-70.27937388547652,-84.45276317585135,-51.91,37.75772193262274,-2.279,10.308985993422082,1.0,0,0,0.333,26929.98,235,2006,3
Sorghum,2006-07-24,30000.0,NGN,NGN/MT,Gap-filled,wholesale,National,,,0.6,False,Weekly gap-fill,Interpolated,historical,False,,,128.65,155.0,97.0,11.4,12.5,0,1,1,0,0,0,1,1,0,0,1,0,0,0,0,0,0,0,1,0,-0.4999999999999997,-0.8660254037844388,-0.464723172043768,-0.8854560256532101,0,233.19,30000.0,30000.0,66397.5,103790.0,102221.66666666669,93430.0,193414.0,34549.6875,9099.37499999986,61910.0,31985.802214475683,75929.02777777778,32862.49994348817,88326.12980769231,24862.186961897758,48198.75,30000.0,104785.0,30000.0,0.0,-54.81757596295041,-70.6520144131218,-84.48923035561025,-60.884,0.0,-2.22,10.308985993422082,1.0,0,0,0.333,26929.98,236,2006,3
Sorghum,2006-07-31,30000.0,NGN,NGN/MT,Gap-filled,wholesale,National,,,0.6,False,Weekly gap-fill,Interpolated,historical,False,,,128.65,155.0,97.0,11.4,12.5,0,1,1,0,0,0,1,1,0,0,1,0,0,0,0,0,0,0,1,0,-0.4999999999999997,-0.8660254037844388,-0.5680647467311556,-0.8229838658936565,0,233.19,30000.0,30000.0,48198.75,103292.5,103503.33333333334,93555.0,193867.66666666663,30000.0,0.0,52748.4375,28774.75028399438,69803.75,34083.1708130338,85881.70673076923,27329.434344245677,30000.0,30000.0,104785.0,30000.0,0.0,-37.75772193262274,-71.01542623425978,-84.52552686282567,-65.068,0.0,-2.182,10.308985993422082,1.0,0,0,0.333,26929.98,237,2006,3
Sorghum,2006-08-07,30000.0,NGN,NGN/MT,Gap-filled,wholesale,National,,,0.6,False,Weekly gap-fill,Interpolated,historical,False,,,128.65,155.0,97.0,11.4,12.5,0,1,0,0,1,0,1,1,0,0,1,0,0,0,0,1,0,0,1,0,-0.8660254037844384,-0.5000000000000004,-0.663122658240795,-0.7485107481711013,0,233.19,30000.0,30000.0,30000.0,102795.0,104785.0,93680.0,193867.66666666663,30000.0,0.0,43649.0625,21200.902153458443,63571.666666666664,33942.29350180777,83432.47596153847,29379.199644140757,30000.0,30000.0,103790.0,30000.0,0.0,0.0,-71.36994798873884,-84.52552686282567,-64.043,0.0,-2.164,10.308985993422082,1.0,0,0,0.0,26929.98,238,2006,3
Sorghum,2006-08-14,30000.0,NGN,NGN/MT,WFP Nigeria Food Prices,wholesale,National,,,0.9,True,WFP VAM data — converted to NGN/MT,WFP,historical,False,,,128.65,155.0,97.0,11.4,12.5,0,1,0,0,1,0,1,1,0,0,1,0,0,0,0,1,0,0,1,0,-0.8660254037844384,-0.5000000000000004,-0.7485107481711011,-0.6631226582407952,0,233.19,30000.0,30000.0,30000.0,84596.25,103790.0,93805.0,194775.0,30000.0,0.0,36824.53125,13540.303296637685,57422.5,32653.369070399294,80978.4375,31092.95392957733,30000.0,30000.0,103790.0,30000.0,0.0,0.0,-71.09548126023701,-84.59761262995764,-62.953,0.0,-2.176,10.308985993422082,1.0,0,0,0.0,26929.98,239,2006,3
Sorghum,2006-08-21,30000.0,NGN,NGN/MT,Gap-filled,wholesale,National,,,0.6,False,Weekly gap-fill,Interpolated,historical,False,,,128.65,155.0,97.0,11.4,12.5,0,1,0,0,1,0,1,1,0,0,1,0,0,0,0,1,0,0,1,0,-0.8660254037844384,-0.5000000000000004,-0.8229838658936564,-0.5680647467311559,0,233.19,30000.0,30000.0,30000.0,66397.5,103790.0,96344.375,177738.125,30000.0,0.0,32274.84375,6434.2297670578855,51273.333333333336,29965.08433280225,78426.73076923077,32473.184179024858,30000.0,30000.0,103292.5,30000.0,0.0,0.0,-71.09548126023701,-83.12123524426738,-61.748,0.0,-2.153,10.308985993422082,1.0,0,0,0.0,26929.98,240,2006,3
Sorghum,2006-08-28,30000.0,NGN,NGN/MT,Gap-filled,wholesale,National,,,0.6,False,Weekly gap-fill,Interpolated,historical,False,,,128.65,155.0,97.0,11.4,12.5,0,1,0,0,1,0,1,1,0,0,1,0,0,0,0,1,0,0,1,0,-0.8660254037844384,-0.5000000000000004,-0.8854560256532096,-0.4647231720437691,0,233.19,30000.0,30000.0,30000.0,48198.75,103292.5,98883.75,160701.25,30000.0,0.0,30000.0,0.0,45165.625,25541.198212063868,75777.35576923077,33530.19653992681,30000.0,30000.0,102795.0,30000.0,0.0,0.0,-70.95626497567586,-81.33181913644107,-60.41,0.0,-2.093,10.308985993422082,1.0,0,0,0.0,26929.98,241,2006,3
Sorghum,2006-09-04,30000.0,NGN,NGN/MT,Gap-filled,wholesale,National,,,0.6,False,Weekly gap-fill,Interpolated,historical,False,,,128.65,155.0,97.0,11.4,12.5,0,1,0,0,1,1,0,0,0,0,0,0,0,0,0,1,0,0,0,0,-1.0,-1.8369701987210287e-16,-0.9350162426854148,-0.3546048870425359,0,233.19,30000.0,30000.0,30000.0,30000.0,102795.0,101423.125,143664.375,30000.0,0.0,30000.0,0.0,39099.375,18198.749999999414,73030.3125,34262.81389911759,30000.0,30000.0,84596.25,30000.0,0.0,0.0,-70.8157011527798,-79.11799637175187,-58.921,0.0,-2.006,10.308985993422082,1.0,0,0,0.0,26929.98,242,2006,3
Sorghum,2006-09-11,30000.0,NGN,NGN/MT,WFP Nigeria Food Prices,wholesale,National,,,0.9,True,WFP VAM data — converted to NGN/MT,WFP,historical,False,,,128.65,155.0,97.0,11.4,12.5,0,1,0,0,1,1,0,0,0,0,0,0,0,0,0,1,0,0,0,0,-1.0,-1.8369701987210287e-16,-0.970941817426052,-0.2393156642875577,0,233.19,30000.0,30000.0,30000.0,30000.0,84596.25,103962.5,126627.5,30000.0,0.0,30000.0,0.0,34549.6875,11312.007424295094,70185.60096153847,34660.0150030482,30000.0,30000.0,66397.5,30000.0,0.0,0.0,-64.53743516999867,-76.30846380130698,-57.256,0.0,-1.905,10.308985993422082,1.0,0,0,0.0,26929.98,243,2006,3
Sorghum,2006-09-18,30000.0,NGN,NGN/MT,Gap-filled,wholesale,National,,,0.6,False,Weekly gap-fill,Interpolated,historical,False,,,128.65,155.0,97.0,11.4,12.5,0,1,0,0,1,1,0,0,0,0,0,0,0,0,0,1,0,0,0,0,-1.0,-1.8369701987210287e-16,-0.992708874098054,-0.1205366802553235,0,233.19,30000.0,30000.0,30000.0,30000.0,66397.5,101423.125,119968.125,30000.0,0.0,30000.0,0.0,31516.5625,5253.526605705184,67438.55769230769,34914.64632619153,30000.0,30000.0,48198.75,30000.0,0.0,0.0,-54.81757596295041,-74.99335761061532,-55.515,0.0,-1.809,10.308985993422082,1.0,0,0,0.0,26929.98,244,2006,3
Sorghum,2006-09-25,30000.0,NGN,NGN/MT,Gap-filled,wholesale,National,,,0.6,False,Weekly gap-fill,Interpolated,historical,False,,,128.65,155.0,97.0,11.4,12.5,0,1,0,0,1,1,0,0,0,0,0,0,0,0,0,1,0,1,0,0,-1.0,-1.8369701987210287e-16,-1.0,-1.8369701987210287e-16,0,233.19,30000.0,30000.0,30000.0,30000.0,48198.75,101169.58333333334,113308.75,30000.0,0.0,30000.0,0.0,30000.0,0.0,64701.26602564103,34954.17846609027,30000.0,30000.0,30000.0,30000.0,0.0,0.0,-37.75772193262274,-73.52366873696867,-53.633,0.0,-1.719,10.308985993422082,1.0,0,0,0.0,26929.98,245,2006,3
Sorghum,2006-10-02,30000.0,NGN,NGN/MT,Gap-filled,wholesale,National,,,0.6,False,Weekly gap-fill,Interpolated,historical,False,,,128.65,155.0,97.0,11.4,12.5,0,1,0,0,0,1,0,0,0,1,0,1,0,1,1,1,1,1,0,0,-0.8660254037844386,0.5000000000000001,-0.992708874098054,0.1205366802553232,0,233.19,30000.0,30000.0,30000.0,30000.0,30000.0,99773.125,106649.375,30000.0,0.0,30000.0,0.0,30000.0,0.0,62017.6842948718,34832.03439037031,30000.0,30000.0,30000.0,30000.0,0.0,0.0,0.0,-71.87043993459878,-51.627,0.0,-1.636,10.308985993422082,1.0,0,0,0.333,26929.98,246,2006,4
Sorghum,2006-10-09,30000.0,NGN,NGN/MT,WFP Nigeria Food Prices,wholesale,National,,,0.9,True,WFP VAM data — converted to NGN/MT,WFP,historical,False,,,128.65,155.0,97.0,11.4,12.5,0,1,0,0,0,1,0,0,0,1,0,1,0,1,1,1,1,1,0,0,-0.8660254037844386,0.5000000000000001,-0.970941817426052,0.2393156642875573,0,233.19,30000.0,30000.0,30000.0,30000.0,30000.0,98376.66666666669,99990.0,30000.0,0.0,30000.0,0.0,30000.0,0.0,59387.8125,34557.25691411171,30000.0,30000.0,30000.0,30000.0,0.0,0.0,0.0,-69.99699969996999,-49.485,0.0,-1.559,10.308985993422082,1.0,0,0,0.333,26929.98,247,2006,4
Sorghum,2006-10-16,30000.0,NGN,NGN/MT,Gap-filled,wholesale,National,,,0.6,False,Weekly gap-fill,Interpolated,historical,False,,,128.65,155.0,97.0,11.4,12.5,0,1,0,0,0,1,0,0,0,1,0,1,0,1,1,1,1,1,0,0,-0.8660254037844386,0.5000000000000001,-0.9350162426854148,0.3546048870425355,0,233.19,30000.0,30000.0,30000.0,30000.0,30000.0,99773.125,102143.0,30000.0,0.0,30000.0,0.0,30000.0,0.0,56704.230769230766,34000.31076914554,30000.0,30000.0,30000.0,30000.0,0.0,0.0,0.0,-70.6294117071165,-47.094,0.0,-1.489,10.308985993422082,1.0,0,0,0.333,26929.98,248,2006,4
Sorghum,2006-10-23,30000.0,NGN,NGN/MT,Gap-filled,wholesale,National,,,0.6,False,Weekly gap-fill,Interpolated,historical,False,,,128.65,155.0,97.0,11.4,12.5,0,1,0,0,0,1,0,0,0,1,0,1,0,1,1,1,1,1,0,0,-0.8660254037844386,0.5000000000000001,-0.8854560256532101,0.464723172043768,0,233.19,30000.0,30000.0,30000.0,30000.0,30000.0,100940.0,102143.0,30000.0,0.0,30000.0,0.0,30000.0,0.0,53975.769230769234,33144.09987310672,30000.0,30000.0,30000.0,30000.0,0.0,0.0,0.0,-70.6294117071165,-44.42,0.0,-1.425,10.308985993422082,1.0,0,0,0.333,26929.98,249,2006,4
Sorghum,2006-10-30,30000.0,NGN,NGN/MT,Gap-filled,wholesale,National,,,0.6,False,Weekly gap-fill,Interpolated,historical,False,,,128.65,155.0,97.0,11.4,12.5,0,1,0,0,0,1,0,0,0,1,0,1,0,1,1,1,1,0,0,0,-0.8660254037844386,0.5000000000000001,-0.822983865893657,0.5680647467311548,0,233.19,30000.0,30000.0,30000.0,30000.0,30000.0,102221.66666666669,103219.5,30000.0,0.0,30000.0,0.0,30000.0,0.0,51198.01282051282,31943.600675710328,30000.0,30000.0,30000.0,30000.0,0.0,0.0,0.0,-70.93572435440979,-41.404,0.0,-1.365,10.308985993422082,1.0,0,0,0.333,26929.98,250,2006,4
Sorghum,2006-11-06,30000.0,NGN,NGN/MT,Gap-filled,wholesale,National,,,0.6,False,Weekly gap-fill,Interpolated,historical,False,,,128.65,155.0,97.0,11.4,12.5,1,0,0,0,0,1,0,0,0,1,0,1,1,1,1,0,1,0,0,0,-0.5000000000000004,0.8660254037844384,-0.7485107481711011,0.6631226582407952,1,233.19,30000.0,30000.0,30000.0,30000.0,30000.0,103503.33333333334,104296.0,30000.0,0.0,30000.0,0.0,30000.0,0.0,48370.96153846154,30341.754797035523,30000.0,30000.0,30000.0,30000.0,0.0,0.0,0.0,-71.23571373782312,-37.979,0.0,-1.309,10.308985993422082,1.0,0,0,0.667,26929.98,251,2006,4
Sorghum,2006-11-13,30000.0,NGN,NGN/MT,WFP Nigeria Food Prices,wholesale,National,,,0.9,True,WFP VAM data — converted to NGN/MT,WFP,historical,False,,,128.65,155.0,97.0,11.4,12.5,1,0,0,0,0,1,0,0,0,1,0,1,1,1,1,0,1,0,0,0,-0.5000000000000004,0.8660254037844384,-0.6631226582407955,0.7485107481711007,1,233.19,30000.0,30000.0,30000.0,30000.0,30000.0,104785.0,105372.5,30000.0,0.0,30000.0,0.0,30000.0,0.0,45494.61538461538,28252.711763140887,30000.0,30000.0,30000.0,30000.0,0.0,0.0,0.0,-71.5295736553655,-34.058,0.0,-1.256,10.308985993422082,1.0,0,0,0.667,26929.98,252,2006,4
Sorghum,2006-11-20,30000.0,NGN,NGN/MT,Gap-filled,wholesale,National,,,0.6,False,Weekly gap-fill,Interpolated,historical,False,,,128.65,155.0,97.0,11.4,12.5,1,0,0,0,0,1,0,0,0,1,0,1,1,1,1,0,1,0,0,0,-0.5000000000000004,0.8660254037844384,-0.5680647467311559,0.8229838658936564,1,233.19,30000.0,30000.0,30000.0,30000.0,30000.0,103790.0,105418.75,30000.0,0.0,30000.0,0.0,30000.0,0.0,42656.53846153846,25758.651045103783,30000.0,30000.0,30000.0,30000.0,0.0,0.0,0.0,-71.54206438607933,-29.671,0.0,-1.207,10.308985993422082,1.0,0,0,0.667,26929.98,253,2006,4
Sorghum,2006-11-27,30000.0,NGN,NGN/MT,Gap-filled,wholesale,National,,,0.6,False,Weekly gap-fill,Interpolated,historical,False,,,128.65,155.0,97.0,11.4,12.5,1,0,0,0,0,1,0,0,0,1,0,1,1,1,1,0,1,0,0,0,-0.5000000000000004,0.8660254037844384,-0.4647231720437684,0.88545602565321,1,233.19,30000.0,30000.0,30000.0,30000.0,30000.0,103790.0,105465.0,30000.0,0.0,30000.0,0.0,30000.0,0.0,39818.46153846154,22628.450005765422,30000.0,30000.0,30000.0,30000.0,0.0,0.0,0.0,-71.55454416157019,-24.658,0.0,-1.161,10.308985993422082,1.0,0,0,0.667,26929.98,254,2006,4
Sorghum,2006-12-04,30000.0,NGN,NGN/MT,Gap-filled,wholesale,National,,,0.6,False,Weekly gap-fill,Interpolated,historical,False,,,128.65,155.0,97.0,11.4,12.5,1,0,0,0,0,0,0,0,0,1,0,1,1,1,1,0,0,0,0,1,-2.4492935982947064e-16,1.0,-0.3546048870425359,0.9350162426854148,1,233.19,30000.0,30000.0,30000.0,30000.0,30000.0,103292.5,105465.0,30000.0,0.0,30000.0,0.0,30000.0,0.0,36999.519230769234,18613.984034445122,30000.0,30000.0,30000.0,30000.0,0.0,0.0,0.0,-71.55454416157019,-18.918,0.0,-1.116,10.308985993422082,1.0,0,0,0.667,26929.98,255,2006,4
Sorghum,2006-12-11,30000.0,NGN,NGN/MT,WFP Nigeria Food Prices,wholesale,National,,,0.9,True,WFP VAM data — converted to NGN/MT,WFP,historical,False,,,128.65,155.0,97.0,11.4,12.5,1,0,0,0,0,0,0,0,0,1,0,1,1,1,1,0,0,0,0,1,-2.4492935982947064e-16,1.0,-0.2393156642875578,0.970941817426052,1,233.19,30000.0,30000.0,30000.0,30000.0,30000.0,102795.0,105557.5,30000.0,0.0,30000.0,0.0,30000.0,0.0,34199.71153846154,12927.715992719792,30000.0,30000.0,30000.0,30000.0,0.0,0.0,0.0,-71.57947090448333,-12.28,0.0,-1.074,10.308985993422082,1.0,0,0,0.667,26929.98,256,2006,4
Sorghum,2006-12-18,38470.66666666666,NGN,NGN/MT,Gap-filled,wholesale,National,,,0.6,False,Weekly gap-fill,Interpolated,historical,False,,,128.65,155.0,97.0,11.4,12.5,1,0,0,0,0,0,0,0,0,1,0,1,1,1,1,0,0,0,0,1,-2.4492935982947064e-16,1.0,-0.1205366802553236,0.992708874098054,1,299.03,30000.0,30000.0,30000.0,30000.0,30000.0,84596.25,102463.125,32117.666666666664,4235.333333333028,31058.833333333332,2994.832920582259,30705.888888888887,2445.2708401031036,32425.650641025644,7936.614882301622,38470.66666666666,30000.0,38470.66666666666,30000.0,28.235555555555525,28.235555555555525,28.235555555555525,-62.45413492252294,-0.95,28.235555555555525,-0.795,10.557677318609988,1.0,0,0,0.667,34533.81,257,2006,4
Sorghum,2006-12-25,46941.33333333333,NGN,NGN/MT,Gap-filled,wholesale,National,,,0.6,False,Weekly gap-fill,Interpolated,historical,False,,,128.65,155.0,97.0,11.4,12.5,1,0,0,0,0,0,0,0,0,1,0,1,1,1,1,0,0,0,0,1,-2.4492935982947064e-16,1.0,6.432490598706546e-16,1.0,1,364.88,38470.66666666666,30000.0,30000.0,30000.0,30000.0,66397.5,99368.75,36353.0,8110.045887434527,33176.5,6302.377679311181,32117.666666666668,5265.210205208127,31677.33653846154,4967.114115885372,46941.33333333333,30000.0,46941.33333333333,30000.0,22.018507607527837,56.47111111111109,56.47111111111109,-52.7604671153322,14.76,-6.2170479480276875,-0.521,10.756675177017746,1.0,0,0,0.667,42137.64,258,2006,4
Sorghum,2007-01-01,55412.0,NGN,NGN/MT,Gap-filled,wholesale,National,,,0.6,False,Weekly gap-fill,Interpolated,historical,False,,,125.83,155.0,97.0,11.4,12.5,1,0,0,0,0,0,0,0,0,1,0,0,1,0,0,0,0,0,0,1,0.4999999999999999,0.8660254037844387,0.120536680255323,0.992708874098054,1,440.37,46941.33333333333,38470.66666666666,30000.0,30000.0,30000.0,48198.75,96274.375,42706.0,10935.583643757978,36353.0,9868.028033493985,34235.333333333336,8470.666666665351,31954.76923076923,6017.246950236601,55412.0,30000.0,55412.0,30000.0,18.045219564846903,84.70666666666666,84.70666666666666,-42.44366686358649,33.645,-3.9732880426809345,-0.25,10.922569502247429,1.0,0,0,0.333,49741.47,259,2007,1
Sorghum,2007-01-08,63882.66666666666,NGN,NGN/MT,Gap-filled,wholesale,National,,,0.6,False,Weekly gap-fill,Interpolated,historical,False,,,125.83,155.0,97.0,11.4,12.5,1,0,0,0,0,0,0,0,0,1,0,0,1,0,0,0,0,0,0,1,0.4999999999999999,0.8660254037844387,0.2393156642875577,0.970941817426052,1,507.69,55412.0,46941.33333333333,30000.0,30000.0,30000.0,30000.0,93180.0,51176.66666666666,10935.583643757973,40588.33333333333,13393.299983365823,37058.88888888888,11888.2327809131,33257.94871794872,8663.93868229453,63882.66666666666,38470.66666666666,63882.66666666666,30000.0,15.28670083495751,112.94222222222218,112.94222222222218,-31.441654146097175,53.878,-2.758518729889392,0.02,11.064818999972008,1.0,0,0,0.333,57345.3,260,2007,1
Sorghum,2007-01-15,72353.33333333333,NGN,NGN/MT,WFP Nigeria Food Prices,wholesale,National,,,0.9,True,WFP VAM data — converted to NGN/MT,WFP,historical,False,,,125.83,155.0,97.0,11.4,12.5,1,0,0,0,0,0,0,0,0,1,0,0,1,0,0,0,0,0,0,1,0.4999999999999999,0.8660254037844387,0.3546048870425356,0.9350162426854148,1,575.01,63882.66666666666,55412.0,38470.66666666666,30000.0,30000.0,30000.0,93430.0,59647.33333333333,10935.58364375797,45882.5,16597.50500947856,40588.333333333336,15377.128897531291,34886.92307692308,11533.322524967341,72353.33333333333,46941.33333333333,72353.33333333333,30000.0,13.259726164635177,88.07403043011128,141.17777777777775,-22.55877840807735,70.973,-2.0269746703223337,0.288,11.189330624299687,1.0,0,0,0.333,64949.13,261,2007,1
Sorghum,2007-01-22,75358.125,NGN,NGN/MT,Gap-filled,wholesale,National,,,0.6,False,Weekly gap-fill,Interpolated,historical,False,,,125.83,155.0,97.0,11.4,12.5,1,0,0,0,0,0,0,0,0,1,0,0,1,0,0,0,0,0,0,1,0.4999999999999999,0.8660254037844387,0.4647231720437685,0.8854560256532099,1,598.89,72353.33333333333,63882.66666666666,46941.33333333333,30000.0,30000.0,30000.0,93430.0,66751.53125,8986.452684005319,51552.265625,18078.11989564354,44368.177083333336,17904.78861523027,36631.466346153844,13943.235159586195,75358.125,55412.0,75358.125,30000.0,4.152941582972458,60.536822558654805,151.19375000000002,-19.342689714224548,82.225,-9.106784581662719,0.392,11.230020298248654,1.0,0,0,0.333,67646.43,262,2007,1
Sorghum,2007-01-29,78362.91666666666,NGN,NGN/MT,Gap-filled,wholesale,National,,,0.6,False,Weekly gap-fill,Interpolated,historical,False,,,125.83,155.0,97.0,11.4,12.5,1,0,0,0,0,0,0,0,0,1,0,0,1,0,0,0,0,0,0,1,0.4999999999999999,0.8660254037844387,0.5680647467311558,0.8229838658936564,1,622.77,75358.125,72353.33333333333,55412.0,30000.0,30000.0,30000.0,93555.0,72489.26041666666,6240.249831809153,57597.63020833333,17927.107665977896,48398.42013888888,19726.953196337196,38491.57852564103,16084.678818694641,78362.91666666666,63882.66666666666,78362.91666666666,30000.0,3.987349296000464,41.41867585841814,161.20972222222218,-16.238665312739396,88.325,-0.1655922869719939,0.496,11.269118853793884,1.0,0,0,0.333,70343.73,263,2007,1
Sorghum,2007-02-05,81367.70833333333,NGN,NGN/MT,Gap-filled,wholesale,National,,,0.6,False,Weekly gap-fill,Interpolated,historical,False,,,125.83,155.0,97.0,11.4,12.5,1,0,0,0,0,0,0,0,1,1,0,0,1,0,0,0,0,0,0,0,0.8660254037844386,0.5000000000000001,0.6631226582407952,0.7485107481711011,1,646.65,78362.91666666666,75358.125,63882.66666666666,30000.0,30000.0,30000.0,93680.0,76860.52083333333,3879.1693612739177,64018.59374999999,15689.967510657167,52679.0625,20909.468969979007,40467.25961538462,18036.287543688628,81367.70833333333,72353.33333333333,81367.70833333333,30000.0,3.8344561362464225,27.370556958590765,171.22569444444446,-13.142924494733855,89.933,-0.15289315975404172,0.598,11.306746059573475,1.0,0,0,0.333,73041.03,264,2007,1
Sorghum,2007-02-12,84372.5,NGN,NGN/MT,WFP Nigeria Food Prices,wholesale,National,,,0.9,True,WFP VAM data — converted to NGN/MT,WFP,historical,False,,,125.83,155.0,97.0,11.4,12.5,1,0,0,0,0,0,0,0,1,1,0,0,1,0,0,0,0,0,0,0,0.8660254037844386,0.5000000000000001,0.7485107481711011,0.6631226582407953,1,670.53,81367.70833333333,78362.91666666666,72353.33333333333,38470.66666666666,30000.0,30000.0,93805.0,79865.3125,3879.1693612739336,69756.32291666666,13209.51062604236,57210.104166666664,21432.84408297937,42558.50961538462,19836.422890950333,84372.5,75358.125,84372.5,30000.0,3.692855222562197,16.61176633188981,181.24166666666665,-10.055434145301422,87.66,-0.14160091368422556,0.7,11.343008650239026,1.0,0,0,0.333,75738.33,265,2007,1
Sorghum,2007-02-19,83175.0,NGN,NGN/MT,Gap-filled,wholesale,National,,,0.6,False,Weekly gap-fill,Interpolated,historical,False,,,125.83,155.0,97.0,11.4,12.5,1,0,0,0,0,0,0,0,1,1,0,0,1,0,0,0,0,0,0,0,0.8660254037844386,0.5000000000000001,0.8229838658936564,0.5680647467311559,1,661.01,84372.5,81367.70833333333,75358.125,46941.33333333333,30000.0,30000.0,96344.375,81819.53125,2614.5282108781585,74285.53125,10119.750962647013,61641.354166666664,20782.83642480748,44603.70192307692,21185.20413322259,84372.5,78362.91666666666,84372.5,30000.0,-1.4193013126314824,10.372969072677973,177.25,-13.669064748201443,83.437,-5.112156535193679,0.675,11.328714123657806,1.0,0,0,0.333,74663.38,266,2007,1
Sorghum,2007-02-26,83175.0,NGN,NGN/MT,Gap-filled,wholesale,National,,,0.6,False,Weekly gap-fill,Interpolated,historical,False,,,125.83,155.0,97.0,11.4,12.5,1,0,0,0,0,0,0,0,1,1,0,0,1,0,0,0,0,0,0,0,0.8660254037844386,0.5000000000000001,0.8854560256532099,0.4647231720437686,1,661.01,83175.0,84372.5,78362.91666666666,55412.0,30000.0,30000.0,98883.75,83022.55208333333,1239.2669808144735,77755.90625,7003.366216220299,66072.60416666667,19016.930445092526,46648.894230769234,22258.522573321923,84372.5,81367.70833333333,84372.5,30000.0,0.0,6.140765987313324,177.25,-15.88607834957716,77.973,1.4193013126314824,0.691,11.328714123657806,1.0,0,0,0.333,74663.38,267,2007,1
Sorghum,2007-03-05,82576.25,NGN,NGN/MT,Gap-filled,wholesale,National,,,0.6,False,Weekly gap-fill,Interpolated,historical,False,,,125.83,155.0,97.0,11.4,12.5,1,0,0,1,0,0,0,0,1,1,0,0,0,0,0,0,0,0,0,0,1.0,6.123233995736766e-17,0.9350162426854148,0.3546048870425355,0,656.25,83175.0,83175.0,81367.70833333333,63882.66666666666,30000.0,30000.0,101423.125,83324.6875,753.4105613513665,80092.60416666667,4316.374944177056,70453.95833333333,15721.619340346251,48671.057692307695,23059.329669740087,84372.5,82576.25,84372.5,38470.66666666666,-0.7198677487225691,1.485284139643861,175.25416666666666,-18.58242388015554,71.2,-0.7198677487225691,0.691,11.321489497844174,1.0,0,0,0.333,74125.9,268,2007,1
Sorghum,2007-03-12,81977.5,NGN,NGN/MT,WFP Nigeria Food Prices,wholesale,National,,,0.9,True,WFP VAM data — converted to NGN/MT,WFP,historical,False,,,125.83,155.0,97.0,11.4,12.5,1,0,0,1,0,0,0,0,1,1,0,0,0,0,0,0,0,0,0,0,1.0,6.123233995736766e-17,0.970941817426052,0.239315664287558,0,651.49,82576.25,83175.0,84372.5,72353.33333333333,38470.66666666666,30000.0,103962.5,82725.9375,573.2594807668586,81295.625,2987.9781716165603,74079.52777777778,12325.090752609685,50670.192307692305,23622.12336333794,83175.0,81977.5,84372.5,46941.33333333333,-0.7250874192034629,-2.838602625262976,113.09092642012968,-21.14704821450042,63.264,-0.005219670480893779,0.696,11.31421229674529,1.0,0,0,0.333,73588.42,269,2007,1
Sorghum,2007-03-19,81696.45833333333,NGN,NGN/MT,Gap-filled,wholesale,National,,,0.6,False,Weekly gap-fill,Interpolated,historical,False,,,125.83,155.0,97.0,11.4,12.5,1,0,0,1,0,0,0,0,1,1,0,0,0,0,0,0,0,0,0,0,1.0,6.123233995736766e-17,0.992708874098054,0.120536680255323,0,649.26,81977.5,82576.25,83175.0,75358.125,46941.33333333333,30000.0,101423.125,82356.30208333334,657.6544577877539,82087.91666666666,1788.0974449699377,76975.78819444444,9004.355629010368,52658.517628205125,23985.579635431604,83175.0,81696.45833333333,84372.5,55412.0,-0.34282780844338,-1.7776274922352564,74.0394925580867,-19.449870694347737,56.397,0.38225961076008286,0.708,11.310778170613053,1.0,0,0,0.333,73336.14,270,2007,1
Sorghum,2007-03-26,81415.41666666666,NGN,NGN/MT,Gap-filled,wholesale,National,,,0.6,False,Weekly gap-fill,Interpolated,historical,False,,,125.83,155.0,97.0,11.4,12.5,1,0,0,1,0,0,0,0,1,1,0,0,0,0,0,0,0,0,0,0,1.0,6.123233995736766e-17,1.0,-1.6081226496766364e-16,0,647.03,81696.45833333333,81977.5,83175.0,78362.91666666666,55412.0,30000.0,101169.58333333334,81916.40625,496.149799069396,82469.47916666666,1055.1207803379448,79142.73958333333,5956.11086536278,54636.033653846156,24161.60323485844,82576.25,81415.41666666666,84372.5,63882.66666666666,-0.34400716065313697,-2.1155194870253635,46.927410428547354,-19.525796208511302,49.931,-0.0011793522097569564,0.721,11.307332210607845,1.0,0,0,0.333,73083.86,271,2007,1
Sorghum,2007-04-02,81134.375,NGN,NGN/MT,Gap-filled,wholesale,National,,,0.6,False,Weekly gap-fill,Interpolated,historical,False,,,125.83,155.0,97.0,11.4,12.5,0,1,1,1,0,0,0,0,1,0,0,0,0,0,0,0,0,0,0,0,0.8660254037844387,-0.4999999999999998,0.992708874098054,-0.1205366802553228,0,644.79,81415.41666666666,81696.45833333333,82576.25,81367.70833333333,63882.66666666666,30000.0,99773.125,81555.9375,362.82323152649116,82440.3125,1092.4911008998604,80580.38194444444,3522.9484365801227,56602.74038461538,24157.183935538294,81977.5,81134.375,84372.5,72353.33333333333,-0.3451946549844598,-1.7461134406079215,27.00530399482386,-18.681132820085566,44.085,-0.0011874943313228137,0.732,11.303874334889375,1.0,0,0,0.333,72831.58,272,2007,2
Sorghum,2007-04-09,80853.33333333333,NGN,NGN/MT,WFP Nigeria Food Prices,wholesale,National,,,0.9,True,WFP VAM data — converted to NGN/MT,WFP,historical,False,,,125.83,155.0,97.0,11.4,12.5,0,1,1,1,0,0,0,0,1,0,0,0,0,0,0,0,0,0,0,0,0.8660254037844387,-0.4999999999999998,0.970941817426052,-0.2393156642875575,0,642.56,81134.375,81415.41666666666,81977.5,84372.5,72353.33333333333,30000.0,98376.66666666669,81274.89583333333,362.823231526462,82000.41666666666,893.7757169624786,81288.71527777777,2391.1230307992623,58558.63782051282,23975.120396365404,81696.45833333333,80853.33333333333,84372.5,75358.125,-0.34639037604796696,-1.3713112337734978,11.747903805399428,-17.81248941144582,38.792,-0.0011957210635071824,0.743,11.300404460765428,1.0,0,0,0.333,72579.29,273,2007,2
Sorghum,2007-04-16,69272.66666666666,NGN,NGN/MT,Gap-filled,wholesale,National,,,0.6,False,Weekly gap-fill,Interpolated,historical,False,,,125.83,155.0,97.0,11.4,12.5,0,1,1,1,0,0,0,0,1,0,0,0,0,0,0,0,0,0,0,0,0.8660254037844387,-0.4999999999999998,0.9350162426854148,-0.3546048870425354,0,550.53,80853.33333333333,81134.375,81696.45833333333,83175.0,75358.125,30000.0,99773.125,78168.94791666666,5935.291688299713,80262.62499999999,4504.734973451924,80781.59374999999,3919.874987420913,60069.125,23332.409829208937,81415.41666666666,69272.66666666666,84372.5,69272.66666666666,-14.323054089709775,-15.207258576590688,-8.075384483535576,-30.56981359793366,30.132,-13.976663713661807,0.376,11.145820122583364,1.0,0,0,0.333,62183.72,274,2007,2
Sorghum,2007-04-23,57692.0,NGN,NGN/MT,Gap-filled,wholesale,National,,,0.6,False,Weekly gap-fill,Interpolated,historical,False,,,125.83,155.0,97.0,11.4,12.5,0,1,1,1,0,0,0,0,1,0,0,0,0,0,0,0,0,0,0,0,0.8660254037844387,-0.4999999999999998,0.8854560256532099,-0.4647231720437685,0,458.49,69272.66666666666,80853.33333333333,81415.41666666666,83175.0,78362.91666666666,30000.0,100940.0,72238.09375,11161.67213171456,77077.24999999999,8958.848251009249,79059.01736111111,7750.024790617196,61134.20192307692,22522.911042580894,81134.375,57692.0,84372.5,57692.0,-16.717512438768523,-29.13872782079561,-26.378442184068774,-42.84525460669705,18.163,-2.3944583490587483,0.005,10.962891127978956,1.0,0,0,0.333,51788.15,275,2007,2
Sorghum,2007-04-30,46111.33333333333,NGN,NGN/MT,Gap-filled,wholesale,National,,,0.6,False,Weekly gap-fill,Interpolated,historical,False,,,125.83,155.0,97.0,11.4,12.5,0,1,1,1,0,0,0,0,1,0,0,0,0,0,0,0,0,0,0,0,0.8660254037844387,-0.4999999999999998,0.8229838658936565,-0.5680647467311557,0,366.46,57692.0,69272.66666666666,81134.375,82576.25,81367.70833333333,30000.0,102221.66666666669,63482.33333333333,14950.576379326305,72519.13541666666,13754.295222432716,76120.98611111111,12200.324973631306,61753.868589743586,21843.44518692587,80853.33333333333,46111.33333333333,84372.5,46111.33333333333,-20.073262612956167,-43.16671160240856,-43.32968904023659,-54.89084179805326,2.799,-3.3557501741876443,-0.375,10.738835727549434,1.0,0,0,0.333,41392.58,276,2007,2
Sorghum,2007-05-07,34530.666666666664,NGN,NGN/MT,Gap-filled,wholesale,National,,,0.6,False,Weekly gap-fill,Interpolated,historical,False,,,125.83,155.0,97.0,11.4,12.5,0,1,1,1,0,0,0,0,1,0,1,0,0,0,0,0,0,0,0,0,0.4999999999999999,-0.8660254037844387,0.7485107481711013,-0.663122658240795,0,274.42,46111.33333333333,57692.0,80853.33333333333,81977.5,84372.5,30000.0,103503.33333333334,51901.666666666664,14950.576379326269,66588.28125,18503.000944515417,71967.49999999999,16765.70376912456,61928.125,21596.67335093661,69272.66666666666,34530.666666666664,83175.0,34530.666666666664,-25.114577761071033,-57.292216358839056,-59.073552796626075,-66.63811149399376,-16.19,-5.041315148114865,-0.765,10.449632056426474,1.0,0,0,0.333,30997.01,277,2007,2
Sorghum,2007-05-14,22950.0,NGN,NGN/MT,WFP Nigeria Food Prices,wholesale,National,,,0.9,True,WFP VAM data — converted to NGN/MT,WFP,historical,False,,,125.83,155.0,97.0,11.4,12.5,0,1,1,1,0,0,0,0,1,0,1,0,0,0,0,0,0,0,0,0,0.4999999999999999,-0.8660254037844387,0.6631226582407952,-0.7485107481711012,0,182.39,34530.666666666664,46111.33333333333,69272.66666666666,81696.45833333333,83175.0,30000.0,104785.0,40321.0,14950.576379326234,59244.97395833333,22807.193688155057,66948.74999999999,21462.080901535068,61656.971153846156,22053.013330210455,57692.0,22950.0,83175.0,22950.0,-33.537338790640206,-66.87004975507415,-72.40757439134356,-78.09801021138522,-34.604,-8.422761029569173,-1.161,10.041116787524166,1.0,0,0,0.333,20601.44,278,2007,2
Sorghum,2007-05-21,23475.0,NGN,NGN/MT,Gap-filled,wholesale,National,,,0.6,False,Weekly gap-fill,Interpolated,historical,False,,,125.83,155.0,97.0,11.4,12.5,0,1,1,1,0,0,0,0,1,0,1,0,0,0,0,0,0,0,0,0,0.4999999999999999,-0.8660254037844387,0.5680647467311558,-0.8229838658936564,0,186.56,22950.0,34530.666666666664,57692.0,81415.41666666666,83175.0,30000.0,103790.0,31766.75,10952.845976764824,52002.421875,23932.949818670822,61973.74999999999,24114.307961088518,61406.00961538462,22461.029805492202,46111.33333333333,22950.0,82576.25,22950.0,2.287581699346397,-59.309782985509266,-71.77637511271415,-77.38221408613546,-48.268,35.8249204899866,-1.11,10.063733901678225,1.0,0,0,0.333,21072.71,279,2007,2
Sorghum,2007-05-28,23475.0,NGN,NGN/MT,Gap-filled,wholesale,National,,,0.6,False,Weekly gap-fill,Interpolated,historical,False,,,125.83,155.0,97.0,11.4,12.5,0,1,1,1,0,0,0,0,1,0,1,0,0,0,0,0,0,0,0,0,0.4999999999999999,-0.8660254037844387,0.464723172043769,-0.8854560256532096,0,186.56,23475.0,22950.0,46111.33333333333,81134.375,82576.25,30000.0,103790.0,26107.666666666664,5620.784504358497,44795.0,22548.58333986638,57048.64583333332,25518.459032890943,61155.04807692308,22858.900257468675,34530.666666666664,22950.0,81977.5,22950.0,0.0,-49.090606792256416,-71.57172915941328,-77.38221408613546,-57.309,-2.287581699346397,-1.082,10.063733901678225,1.0,0,0,0.333,21072.71,280,2007,2
Sorghum,2007-06-04,23737.5,NGN,NGN/MT,Gap-filled,wholesale,National,,,0.6,False,Weekly gap-fill,Interpolated,historical,False,,,125.83,155.0,97.0,11.4,12.5,0,1,1,0,0,0,0,1,0,0,1,0,0,0,0,0,0,0,1,0,1.2246467991473532e-16,-1.0,0.3546048870425358,-0.9350162426854148,0,188.65,23475.0,23475.0,34530.666666666664,80853.33333333333,81977.5,30000.0,103292.5,23409.375,330.3052565308554,37655.520833333336,18104.8844070416,52195.31249999999,25881.962478072688,60914.182692307695,23230.290991259528,23737.5,22950.0,81696.45833333333,22950.0,1.1182108626198062,-31.256757278554325,-71.04388399255893,-77.01914466200354,-61.57,1.1182108626198062,-1.047,10.074853481668699,1.0,0,0,0.333,21308.35,281,2007,2
Sorghum,2007-06-11,24000.0,NGN,NGN/MT,WFP Nigeria Food Prices,wholesale,National,,,0.9,True,WFP VAM data — converted to NGN/MT,WFP,historical,False,,,125.83,155.0,97.0,11.4,12.5,0,1,1,0,0,0,0,1,0,0,1,0,0,0,0,0,0,0,1,0,1.2246467991473532e-16,-1.0,0.2393156642875576,-0.970941817426052,0,190.73,23737.5,23475.0,22950.0,69272.66666666666,81696.45833333333,30000.0,102795.0,23671.875,251.32461577000237,31996.437499999996,13229.48773946617,47387.274305555555,25254.85923544255,60683.41346153846,23576.892132245008,24000.0,23475.0,81415.41666666666,22950.0,1.1058451816745585,4.575163398692816,-70.62296152168979,-76.65256092222384,-60.991,-0.012365680945247703,-1.015,10.085850775128717,1.0,0,0,0.333,21543.99,282,2007,2
Sorghum,2007-06-18,23875.0,NGN,NGN/MT,Gap-filled,wholesale,National,,,0.6,False,Weekly gap-fill,Interpolated,historical,False,,,125.83,155.0,97.0,11.4,12.5,0,1,1,0,0,0,0,1,0,0,1,0,0,0,0,0,0,0,1,0,1.2246467991473532e-16,-1.0,0.120536680255323,-0.992708874098054,0,189.74,24000.0,23737.5,23475.0,57692.0,81415.41666666666,38470.66666666666,84596.25,23771.875,225.0867887992294,27769.3125,8348.503284941833,42592.239583333336,23616.04104233551,60122.041666666664,24289.920256086778,24000.0,23475.0,81134.375,22950.0,-0.520833333333337,1.7039403620873195,-70.67508713030395,-71.77770882279061,-60.461,-1.6266785150078955,-0.986,10.080629049288541,1.0,0,0,0.333,21431.78,283,2007,2
Sorghum,2007-06-25,23875.0,NGN,NGN/MT,Gap-filled,wholesale,National,,,0.6,False,Weekly gap-fill,Interpolated,historical,False,,,125.83,155.0,97.0,11.4,12.5,0,1,1,0,0,0,0,1,0,0,1,0,0,0,0,0,0,0,1,0,1.2246467991473532e-16,-1.0,-3.216245299353273e-16,-1.0,0,189.74,23875.0,24000.0,23475.0,46111.33333333333,81134.375,46941.33333333333,66397.5,23871.875,107.22591023298396,24989.770833333332,3869.5085748178103,37820.625,20728.79097032718,59234.875,25194.9668993928,24000.0,23737.5,80853.33333333333,22950.0,0.0,1.7039403620873195,-70.57350845433888,-64.0423208705147,-59.7,0.520833333333337,-0.949,10.080629049288541,1.0,0,0,0.333,21431.78,284,2007,2
Sorghum,2007-07-02,23875.0,NGN,NGN/MT,Gap-filled,wholesale,National,,,0.6,False,Weekly gap-fill,Interpolated,historical,False,,,125.83,155.0,97.0,11.4,12.5,0,1,1,0,0,0,1,1,0,0,1,0,0,0,0,0,0,0,1,0,-0.4999999999999997,-0.8660254037844388,-0.1205366802553228,-0.992708874098054,0,189.74,23875.0,23875.0,23737.5,34530.666666666664,80853.33333333333,55412.0,48198.75,23906.25,62.499999935695826,23657.8125,344.920895395233,33072.430555555555,15950.58502876515,58021.91346153846,26128.231585967693,24000.0,23875.0,69272.66666666666,22950.0,0.0,0.5792522380200005,-70.47122361477572,-50.46552037137892,-58.798,0.0,-0.921,10.080629049288541,1.0,0,0,0.333,21431.78,285,2007,3
Sorghum,2007-07-09,23750.0,NGN,NGN/MT,WFP Nigeria Food Prices,wholesale,National,,,0.9,True,WFP VAM data — converted to NGN/MT,WFP,historical,False,,,125.83,155.0,97.0,11.4,12.5,0,1,1,0,0,0,1,1,0,0,1,0,0,0,0,0,0,0,1,0,-0.4999999999999997,-0.8660254037844388,-0.2393156642875574,-0.970941817426052,0,188.75,23875.0,23875.0,24000.0,22950.0,69272.66666666666,63882.66666666666,30000.0,23843.75,62.49999993564793,23757.8125,192.83337313484725,29278.875,11291.149560142045,56478.34935897436,26940.95798283788,23875.0,23750.0,57692.0,22950.0,-0.5235602094240788,-1.041666666666663,-65.71519310165625,-20.833333333333336,-57.782,-0.5235602094240788,-0.917,10.075379913839543,1.0,0,0,0.333,21319.57,286,2007,3
Sorghum,2007-07-16,24600.0,NGN,NGN/MT,Gap-filled,wholesale,National,,,0.6,False,Weekly gap-fill,Interpolated,historical,False,,,125.83,155.0,97.0,11.4,12.5,0,1,1,0,0,0,1,1,0,0,1,0,0,0,0,0,0,0,1,0,-0.4999999999999997,-0.8660254037844388,-0.3546048870425356,-0.9350162426854148,0,195.5,23750.0,23875.0,23875.0,23475.0,57692.0,72353.33333333333,30000.0,24025.0,387.8358759303222,23898.4375,323.2395658601529,26521.208333333332,6913.229320073191,54641.682692307695,27438.576866839867,24600.0,23750.0,46111.33333333333,22950.0,3.5789473684210593,3.0366492146596924,-57.3597725854538,-18.000000000000004,-56.032,4.102507577845138,-0.873,10.110542371500753,1.0,0,0,0.333,22082.59,287,2007,3
Sorghum,2007-07-23,25450.0,NGN,NGN/MT,Gap-filled,wholesale,National,,,0.6,False,Weekly gap-fill,Interpolated,historical,False,,,125.83,155.0,97.0,11.4,12.5,0,1,1,0,0,0,1,1,0,0,1,0,0,0,0,0,0,0,1,0,-0.4999999999999997,-0.8660254037844388,-0.464723172043768,-0.8854560256532101,0,202.26,24600.0,23750.0,23875.0,23475.0,46111.33333333333,75358.125,30000.0,24418.75,782.9897295997425,24145.3125,594.2408684991908,24799.43055555556,3126.43277898016,52722.13942307692,27676.032998270348,25450.0,23750.0,34530.666666666664,22950.0,3.455284552845539,6.596858638743464,-44.80749490363901,-15.16666666666666,-53.684,-0.12366281557552039,-0.83,10.144510313937575,1.0,0,0,0.333,22845.6,288,2007,3
Sorghum,2007-07-30,26300.0,NGN,NGN/MT,Gap-filled,wholesale,National,,,0.6,False,Weekly gap-fill,Interpolated,historical,False,,,125.83,155.0,97.0,11.4,12.5,0,1,1,0,0,0,1,1,0,0,1,0,0,0,0,0,0,0,1,0,-0.4999999999999997,-0.8660254037844388,-0.5680647467311556,-0.8229838658936565,0,209.01,25450.0,24600.0,23875.0,23737.5,34530.666666666664,78362.91666666666,30000.0,25025.0,1097.3452814218213,24465.625,935.5992636359823,24113.541666666668,925.8819249720204,50719.71955128205,27630.05482307547,26300.0,23750.0,26300.0,22950.0,3.3398821218074692,10.157068062827236,-23.83581743763997,-12.333333333333329,-50.66,-0.11540243103806969,-0.788,10.177362240256695,1.0,0,0,0.333,23608.62,289,2007,3
Sorghum,2007-08-06,27150.0,NGN,NGN/MT,Gap-filled,wholesale,National,,,0.6,False,Weekly gap-fill,Interpolated,historical,False,,,125.83,155.0,97.0,11.4,12.5,0,1,0,0,1,0,1,1,0,0,1,0,0,0,0,1,0,0,1,0,-0.8660254037844384,-0.5000000000000004,-0.663122658240795,-0.7485107481711013,0,215.77,26300.0,25450.0,23750.0,24000.0,22950.0,81367.70833333333,30000.0,25875.0,1097.3452814218583,24859.375,1302.5344456544337,24463.541666666668,1199.4726390031726,48634.42307692308,27268.055086830012,27150.0,24600.0,27150.0,23475.0,3.23193916349811,14.315789473684216,18.300653594771244,-9.499999999999996,-46.797,-0.1079429583093594,-0.748,10.209169157096309,1.0,0,0,0.0,24371.63,290,2007,3
Sorghum,2007-08-13,28000.0,NGN,NGN/MT,WFP Nigeria Food Prices,wholesale,National,,,0.9,True,WFP VAM data — converted to NGN/MT,WFP,historical,False,,,125.83,155.0,97.0,11.4,12.5,0,1,0,0,1,0,1,1,0,0,1,0,0,0,0,1,0,0,1,0,-0.8660254037844384,-0.5000000000000004,-0.7485107481711011,-0.6631226582407952,0,222.52,27150.0,26300.0,24600.0,23875.0,23475.0,84372.5,30000.0,26725.0,1097.3452814218954,25375.0,1631.9904586474913,24840.625,1527.002457645927,46466.25,26544.313622498306,28000.0,25450.0,28000.0,23475.0,3.130755064456725,13.821138211382111,19.275825346112896,-6.666666666666665,-42.485,-0.10118409904138481,-0.709,10.239995502805316,1.0,0,0,0.0,25134.65,291,2007,3
Sorghum,2007-08-20,27750.0,NGN,NGN/MT,Gap-filled,wholesale,National,,,0.6,False,Weekly gap-fill,Interpolated,historical,False,,,125.83,155.0,97.0,11.4,12.5,0,1,0,0,1,0,1,1,0,0,1,0,0,0,0,1,0,0,1,0,-0.8660254037844384,-0.5000000000000004,-0.8229838658936564,-0.5680647467311559,0,220.54,28000.0,27150.0,25450.0,23875.0,23475.0,83175.0,30000.0,27300.0,756.0864148091497,25859.375,1696.9477588901493,25196.875,1671.2995504920566,44334.519230769234,25690.176450817995,28000.0,26300.0,28000.0,23737.5,-0.8928571428571397,9.037328094302556,18.21086261980831,-7.499999999999996,-38.423,-4.023612207313865,-0.717,10.231027154561334,1.0,0,0,0.0,24910.23,292,2007,3
Sorghum,2007-08-27,27750.0,NGN,NGN/MT,Gap-filled,wholesale,National,,,0.6,False,Weekly gap-fill,Interpolated,historical,False,,,125.83,155.0,97.0,11.4,12.5,0,1,0,0,1,0,1,1,0,0,1,0,0,0,0,1,0,0,1,0,-0.8660254037844384,-0.5000000000000004,-0.8854560256532096,-0.4647231720437691,0,220.54,27750.0,28000.0,26300.0,23875.0,23737.5,83175.0,30000.0,27662.5,361.42080735940226,26343.75,1599.874437029225,25531.25,1752.2104546109015,42202.78846153846,24615.394618571707,28000.0,27150.0,28000.0,23750.0,0.0,5.513307984790883,16.90363349131121,-7.499999999999996,-34.453,0.8928571428571397,-0.714,10.231027154561334,1.0,0,0,0.0,24910.23,293,2007,3
Sorghum,2007-09-03,27750.0,NGN,NGN/MT,Gap-filled,wholesale,National,,,0.6,False,Weekly gap-fill,Interpolated,historical,False,,,125.83,155.0,97.0,11.4,12.5,0,1,0,0,1,1,0,0,0,0,0,0,0,0,0,1,0,0,0,0,-1.0,-1.8369701987210287e-16,-0.9350162426854148,-0.3546048870425359,0,220.54,27750.0,27750.0,27150.0,23750.0,24000.0,82576.25,30000.0,27812.5,124.99999996934685,26843.75,1263.0568078966232,25843.75,1788.318312364639,40094.08653846154,23333.405910502177,28000.0,27750.0,28000.0,23750.0,0.0,2.20994475138121,15.625,-7.499999999999996,-30.632,0.0,-0.712,10.231027154561334,1.0,0,0,0.0,24910.23,294,2007,3
Sorghum,2007-09-10,27500.0,NGN,NGN/MT,WFP Nigeria Food Prices,wholesale,National,,,0.9,True,WFP VAM data — converted to NGN/MT,WFP,historical,False,,,125.83,155.0,97.0,11.4,12.5,0,1,0,0,1,1,0,0,0,0,0,0,0,0,0,1,0,0,0,0,-1.0,-1.8369701987210287e-16,-0.970941817426052,-0.2393156642875577,0,218.55,27750.0,27750.0,28000.0,24600.0,23875.0,81977.5,30000.0,27687.5,124.99999996929894,27206.25,887.3868136934238,26145.833333333332,1730.765507629319,37998.79807692308,21818.744601824408,27750.0,27500.0,28000.0,23750.0,-0.9009009009009028,-1.7857142857142905,15.18324607329844,-8.333333333333337,-27.136,-0.9009009009009028,-0.719,10.221977646629885,1.0,0,0,0.0,24685.82,295,2007,3
Sorghum,2007-09-17,30000.0,NGN,NGN/MT,Gap-filled,wholesale,National,,,0.6,False,Weekly gap-fill,Interpolated,historical,False,,,125.83,155.0,97.0,11.4,12.5,0,1,0,0,1,1,0,0,0,0,0,0,0,0,0,1,0,1,0,0,-1.0,-1.8369701987210287e-16,-0.992708874098054,-0.1205366802553235,0,238.42,27500.0,27750.0,27750.0,25450.0,23875.0,81696.45833333333,30000.0,28250.0,1172.6039399526082,27775.0,1045.056389443712,26656.25,1895.5127934084833,36010.47275641026,19953.09127097528,30000.0,27500.0,30000.0,23750.0,9.090909090909083,8.108108108108114,25.654450261780106,0.0,-21.551,9.991809991809985,-0.612,10.308985993422082,1.0,0,0,0.0,26929.98,296,2007,3
Sorghum,2007-09-24,32500.0,NGN,NGN/MT,Gap-filled,wholesale,National,,,0.6,False,Weekly gap-fill,Interpolated,historical,False,,,125.83,155.0,97.0,11.4,12.5,0,1,0,0,1,1,0,0,0,0,0,0,0,0,0,1,0,1,0,0,-1.0,-1.8369701987210287e-16,-1.0,-1.8369701987210287e-16,0,258.28,30000.0,27500.0,27750.0,26300.0,23875.0,81415.41666666666,30000.0,29437.5,2330.72771182289,28550.0,1812.2598362983724,27375.0,2330.3823330426258,34129.11057692308,17676.91506373912,32500.0,27500.0,32500.0,23750.0,8.333333333333325,17.117117117117118,36.12565445026179,8.333333333333325,-13.747,-0.7575757575757578,-0.508,10.389026137075234,1.0,0,0,0.0,29174.15,297,2007,3
Sorghum,2007-10-01,35000.0,NGN,NGN/MT,Gap-filled,wholesale,National,,,0.6,False,Weekly gap-fill,Interpolated,historical,False,,,125.83,155.0,97.0,11.4,12.5,0,1,0,0,0,1,0,0,0,1,0,1,0,1,1,1,1,1,0,0,-0.8660254037844386,0.5000000000000001,-0.992708874098054,0.1205366802553232,0,278.15,32500.0,30000.0,27750.0,27150.0,23750.0,81134.375,30000.0,31250.0,3227.4861218383785,29531.25,2801.2672514882406,28312.5,2926.2235203218247,32354.71153846154,14861.003907583066,35000.0,27500.0,35000.0,24600.0,7.692307692307687,26.126126126126124,47.36842105263157,16.666666666666675,-3.414,-0.6410256410256379,-0.406,10.463131911491967,1.0,0,0,0.333,31418.31,298,2007,4
Sorghum,2007-10-08,37500.0,NGN,NGN/MT,Gap-filled,wholesale,National,,,0.6,False,Weekly gap-fill,Interpolated,historical,False,,,125.83,155.0,97.0,11.4,12.5,0,1,0,0,0,1,0,0,0,1,0,1,0,1,1,1,1,1,0,0,-0.8660254037844386,0.5000000000000001,-0.970941817426052,0.2393156642875573,0,298.02,35000.0,32500.0,27500.0,28000.0,24600.0,80853.33333333333,30000.0,33750.0,3227.4861218384153,30718.75,3869.3795645117084,29387.5,3704.4276333712965,30687.27564102564,11177.306834129382,37500.0,30000.0,37500.0,25450.0,7.14285714285714,36.36363636363635,52.4390243902439,25.0,9.98,-0.5494505494505475,-0.306,10.53212287826962,1.0,0,0,0.333,33662.48,299,2007,4
Sorghum,2007-10-15,40000.0,NGN,NGN/MT,WFP Nigeria Food Prices,wholesale,National,,,0.9,True,WFP VAM data — converted to NGN/MT,WFP,historical,False,,,125.83,155.0,97.0,11.4,12.5,0,1,0,0,0,1,0,0,0,1,0,1,0,1,1,1,1,0,0,0,-0.8660254037844386,0.5000000000000001,-0.9350162426854148,0.3546048870425355,0,317.89,37500.0,35000.0,30000.0,27750.0,25450.0,69272.66666666666,30000.0,36250.0,3227.486121838454,32250.0,4831.075006068655,30600.0,4576.91837573687,29561.403846153848,8217.644105778261,40000.0,32500.0,40000.0,26300.0,6.666666666666665,33.33333333333333,57.170923379174845,33.33333333333333,22.626,-0.4761904761904745,-0.208,10.596659732783579,1.0,0,0,0.333,35906.64,300,2007,4
Sorghum,2007-10-22,40750.0,NGN,NGN/MT,Gap-filled,wholesale,National,,,0.6,False,Weekly gap-fill,Interpolated,historical,False,,,125.83,155.0,97.0,11.4,12.5,0,1,0,0,0,1,0,0,0,1,0,1,0,1,1,1,1,0,0,0,-0.8660254037844386,0.5000000000000001,-0.8854560256532101,0.464723172043768,0,323.85,40000.0,37500.0,32500.0,27750.0,26300.0,57692.0,30000.0,38312.5,2609.0787007409394,33875.0,5267.826876424092,31804.166666666668,5201.068873243142,28909.78846153846,6359.422748356085,40750.0,35000.0,40750.0,27150.0,1.8750000000000044,25.384615384615383,54.94296577946769,35.83333333333334,32.524,-4.791666666666661,-0.185,10.615235658245211,1.0,0,0,0.333,36579.89,301,2007,4
Sorghum,2007-10-29,41500.0,NGN,NGN/MT,Gap-filled,wholesale,National,,,0.6,False,Weekly gap-fill,Interpolated,historical,False,,,125.83,155.0,97.0,11.4,12.5,0,1,0,0,0,1,0,0,0,1,0,1,0,1,1,1,1,0,0,0,-0.8660254037844386,0.5000000000000001,-0.822983865893657,0.5680647467311548,0,329.81,40750.0,40000.0,35000.0,27750.0,27150.0,46111.33333333333,30000.0,39937.5,1736.5554986793586,35593.75,5226.883631761519,33000.0,5662.877521027478,28732.429487179492,5908.836980537304,41500.0,37500.0,41500.0,27500.0,1.8404907975460016,18.571428571428573,52.85451197053408,38.33333333333333,38.998,-0.034509202454002796,-0.163,10.633472802314019,1.0,0,0,0.333,37253.14,302,2007,4
Sorghum,2007-11-05,42250.0,NGN,NGN/MT,Gap-filled,wholesale,National,,,0.6,False,Weekly gap-fill,Interpolated,historical,False,,,125.83,155.0,97.0,11.4,12.5,1,0,0,0,0,1,0,0,0,1,0,1,1,1,1,0,1,0,0,0,-0.5000000000000004,0.8660254037844384,-0.7485107481711011,0.6631226582407952,1,335.77,41500.0,40750.0,37500.0,27500.0,28000.0,34530.666666666664,30000.0,41125.0,968.2458365485666,37437.5,4517.327749895617,34187.5,6002.958550882482,29029.326923076922,6386.461209371325,42250.0,40000.0,42250.0,27500.0,1.8072289156626509,12.666666666666671,50.89285714285714,40.83333333333334,41.667,-0.033261881883350775,-0.141,10.651383301144275,1.0,0,0,0.667,37926.39,303,2007,4
Sorghum,2007-11-12,43000.0,NGN,NGN/MT,WFP Nigeria Food Prices,wholesale,National,,,0.9,True,WFP VAM data — converted to NGN/MT,WFP,historical,False,,,125.83,155.0,97.0,11.4,12.5,1,0,0,0,0,1,0,0,0,1,0,1,1,1,1,0,1,0,0,0,-0.5000000000000004,0.8660254037844384,-0.6631226582407955,0.7485107481711007,1,341.73,42250.0,41500.0,40000.0,30000.0,27750.0,22950.0,30000.0,41875.0,968.245836548605,39062.5,3729.1084725410515,35458.333333333336,6129.134349870696,29800.48076923077,6818.891479527608,43000.0,40750.0,43000.0,27500.0,1.775147928994092,7.499999999999996,54.95495495495495,43.333333333333336,40.518,-0.032080986668558964,-0.12,10.668978650219241,1.0,0,0,0.667,38599.64,304,2007,4
Sorghum,2007-11-19,43250.0,NGN,NGN/MT,Gap-filled,wholesale,National,,,0.6,False,Weekly gap-fill,Interpolated,historical,False,,,125.83,155.0,97.0,11.4,12.5,1,0,0,0,0,1,0,0,0,1,0,1,1,1,1,0,1,0,0,0,-0.5000000000000004,0.8660254037844384,-0.5680647467311559,0.8229838658936564,1,343.72,43000.0,42250.0,40750.0,32500.0,27750.0,23475.0,30000.0,42500.0,790.5694150381546,40406.25,2862.7456226458244,36750.0,5988.625582186085,30561.05769230769,7178.494207457272,43250.0,41500.0,43250.0,27500.0,0.5813953488372103,6.134969325153383,55.855855855855864,44.166666666666664,39.066,-1.1937525801568816,-0.12,10.674775633480014,1.0,0,0,0.667,38824.06,305,2007,4
Sorghum,2007-11-26,43500.0,NGN,NGN/MT,Gap-filled,wholesale,National,,,0.6,False,Weekly gap-fill,Interpolated,historical,False,,,125.83,155.0,97.0,11.4,12.5,1,0,0,0,0,1,0,0,0,1,0,1,1,1,1,0,1,0,0,0,-0.5000000000000004,0.8660254037844384,-0.4647231720437684,0.88545602565321,1,345.7,43250.0,43000.0,41500.0,35000.0,27750.0,23475.0,30000.0,43000.0,540.0617248615988,41468.75,2024.1290013889532,38062.5,5546.420836078579,31331.25,7456.675909878307,43500.0,42250.0,43500.0,27500.0,0.5780346820809301,4.819277108433728,56.75675675675676,44.99999999999999,37.243,-0.0033606667562802173,-0.121,10.680539205318292,1.0,0,0,0.667,39048.47,306,2007,4
Sorghum,2007-12-03,43750.0,NGN,NGN/MT,Gap-filled,wholesale,National,,,0.6,False,Weekly gap-fill,Interpolated,historical,False,,,125.83,155.0,97.0,11.4,12.5,1,0,0,0,0,0,0,0,0,1,0,1,1,1,1,0,0,0,0,1,-2.4492935982947064e-16,1.0,-0.3546048870425359,0.9350162426854148,1,347.69,43500.0,43250.0,42250.0,37500.0,27500.0,23737.5,30000.0,43375.0,322.74861217443294,42250.0,1375.8114488677181,39416.666666666664,4643.339968232332,32100.96153846154,7671.262871158915,43750.0,43000.0,43750.0,30000.0,0.5747126436781658,3.5502958579881616,59.09090909090908,45.83333333333333,35.121,-0.003322038402764349,-0.123,10.686269748667398,1.0,0,0,0.667,39272.89,307,2007,4
Sorghum,2007-12-10,44000.0,NGN,NGN/MT,WFP Nigeria Food Prices,wholesale,National,,,0.9,True,WFP VAM data — converted to NGN/MT,WFP,historical,False,,,125.83,155.0,97.0,11.4,12.5,1,0,0,0,0,0,0,0,0,1,0,1,1,1,1,0,0,0,0,1,-2.4492935982947064e-16,1.0,-0.2393156642875578,0.970941817426052,1,349.68,43750.0,43500.0,43000.0,40000.0,30000.0,24000.0,30000.0,43625.0,322.7486121744715,42750.0,1149.534067092864,40583.333333333336,3731.5201224461352,32870.192307692305,7827.601865290452,44000.0,43250.0,44000.0,32500.0,0.5714285714285783,2.3255813953488413,46.66666666666666,46.66666666666666,32.719,-0.0032840722495874886,-0.124,10.691967639914864,1.0,0,0,0.667,39497.31,308,2007,4
Sorghum,2007-12-17,57118.66666666666,NGN,NGN/MT,Gap-filled,wholesale,National,,,0.6,False,Weekly gap-fill,Interpolated,historical,False,,,125.83,155.0,97.0,11.4,12.5,1,0,0,0,0,0,0,0,0,1,0,1,1,1,1,0,0,0,0,1,-2.4492935982947064e-16,1.0,-0.1205366802553236,0.992708874098054,1,453.94,44000.0,43750.0,43250.0,40750.0,32500.0,23875.0,38470.66666666666,47092.166666666664,6687.449347678975,44796.083333333336,5045.746804729638,42634.88888888888,5314.962370197116,34148.79487179487,8936.114056306076,57118.66666666666,43500.0,57118.66666666666,35000.0,29.815151515151484,32.06628131021192,75.74974358974356,48.47329567116072,37.903,29.243722943722908,0.446,10.952903761328837,1.0,0,0,0.667,51273.49,309,2007,4
Sorghum,2007-12-24,70237.33333333333,NGN,NGN/MT,Gap-filled,wholesale,National,,,0.6,False,Weekly gap-fill,Interpolated,historical,False,,,125.83,155.0,97.0,11.4,12.5,1,0,0,0,0,0,0,0,0,1,0,1,1,1,1,0,0,0,0,1,-2.4492935982947064e-16,1.0,6.432490598706546e-16,1.0,1,558.19,57118.66666666666,44000.0,43500.0,41500.0,35000.0,23875.0,46941.33333333333,53776.5,12625.896226348186,48388.25,10080.962759120463,45571.333333333336,9099.790278412464,35931.96153846154,11154.395260194302,70237.33333333333,43750.0,70237.33333333333,37500.0,22.96738952823363,61.46513409961685,100.67809523809524,49.62790433448845,49.662,-6.847761986917856,1.003,11.159649499857398,1.0,0,0,0.667,63049.67,310,2007,4
Sorghum,2007-12-31,83355.99999999999,NGN,NGN/MT,Gap-filled,wholesale,National,,,0.6,False,Weekly gap-fill,Interpolated,historical,False,,,125.83,155.0,97.0,11.4,12.5,1,0,0,0,0,0,0,0,0,1,0,1,1,1,1,0,0,0,0,1,-2.4492935982947064e-16,1.0,0.120536680255323,0.992708874098054,1,662.45,70237.33333333333,57118.66666666666,43750.0,42250.0,37500.0,23875.0,55412.0,63678.0,16936.125841482,53526.5,15516.043280403235,49392.666666666664,13810.96917875589,38219.692307692305,14252.16605164713,83355.99999999999,44000.0,83355.99999999999,40000.0,18.67762633357377,90.52799999999996,122.28266666666663,50.429509853461305,66.61,-4.289763194659859,1.525,11.330887867855907,1.0,0,0,0.667,74825.85,311,2007,4
Sorghum,2008-01-07,96474.66666666666,NGN,NGN/MT,Gap-filled,wholesale,National,,,0.6,False,Weekly gap-fill,Interpolated,historical,False,,,118.57,155.0,97.0,11.4,12.5,1,0,0,0,0,0,0,0,0,1,0,0,1,0,0,0,0,0,0,1,0.4999999999999999,0.8660254037844387,0.2393156642875577,0.970941817426052,1,813.65,83355.99999999999,70237.33333333333,44000.0,43000.0,40000.0,23750.0,63882.66666666666,76796.66666666666,16936.125841482048,60210.83333333333,20913.18283641181,54098.88888888888,18975.778273299395,41016.79487179487,17954.339441563126,96474.66666666666,57118.66666666666,96474.66666666666,40750.0,15.738119231569026,119.26060606060602,141.18666666666667,51.018533978961436,87.232,-2.939507102004743,1.991,11.477046096635032,1.0,0,0,0.333,86602.03,312,2008,1
Sorghum,2008-01-14,109593.33333333331,NGN,NGN/MT,WFP Nigeria Food Prices,wholesale,National,,,0.9,True,WFP VAM data — converted to NGN/MT,WFP,historical,False,,,118.57,155.0,97.0,11.4,12.5,1,0,0,0,0,0,0,0,0,1,0,0,1,0,0,0,0,0,0,1,0.4999999999999999,0.8660254037844387,0.3546048870425356,0.9350162426854148,1,924.29,96474.66666666666,83355.99999999999,57118.66666666666,43250.0,40750.0,24600.0,72353.33333333333,89915.33333333333,16936.12584148209,68503.75,25807.834410202453,59835.83333333332,24247.533937922188,44285.769230769234,22103.707440812377,109593.33333333331,70237.33333333333,109593.33333333331,41500.0,13.59804300956382,91.86955811293447,168.94069529652347,51.46963973094996,103.034,-2.140076222005206,2.384,11.60454094899638,1.0,0,0,0.333,98378.22,313,2008,1
Sorghum,2008-01-21,114886.5,NGN,NGN/MT,Gap-filled,wholesale,National,,,0.6,False,Weekly gap-fill,Interpolated,historical,False,,,118.57,155.0,97.0,11.4,12.5,1,0,0,0,0,0,0,0,0,1,0,0,1,0,0,0,0,0,0,1,0.4999999999999999,0.8660254037844387,0.4647231720437685,0.8854560256532099,1,968.93,109593.33333333331,96474.66666666666,70237.33333333333,43500.0,41500.0,25450.0,75358.125,101077.625,14123.80420003829,77427.0625,28161.468494405555,65951.37499999999,28144.023813677675,47725.63461538462,25718.767099446355,114886.5,83355.99999999999,114886.5,42250.0,4.829825415171252,63.56899464672161,176.83493975903613,52.4540319972133,111.789,-8.768217594392569,2.433,11.651708667666364,1.0,0,0,0.333,103129.71,314,2008,1
Sorghum,2008-01-28,120179.66666666666,NGN,NGN/MT,Gap-filled,wholesale,National,,,0.6,False,Weekly gap-fill,Interpolated,historical,False,,,118.57,155.0,97.0,11.4,12.5,1,0,0,0,0,0,0,0,0,1,0,0,1,0,0,0,0,0,0,1,0.4999999999999999,0.8660254037844387,0.5680647467311558,0.8229838658936564,1,1013.58,114886.5,109593.33333333331,83355.99999999999,43750.0,42250.0,26300.0,78362.91666666666,110283.54166666666,10169.921857173753,86980.77083333333,28068.620087679392,72445.51388888889,31021.71263364614,51336.391025641016,28974.421037526175,120179.66666666666,96474.66666666666,120179.66666666666,43000.0,4.607300828788974,44.1763840235456,184.4489151873767,53.36293208415972,114.825,-0.2225245863822778,2.467,11.696751445107237,1.0,0,0,0.333,107881.21,315,2008,1
Sorghum,2008-02-04,125472.83333333331,NGN,NGN/MT,Gap-filled,wholesale,National,,,0.6,False,Weekly gap-fill,Interpolated,historical,False,,,118.57,155.0,97.0,11.4,12.5,1,0,0,0,0,0,0,0,1,1,0,0,1,0,0,0,0,0,0,0,0.8660254037844386,0.5000000000000001,0.6631226582407952,0.7485107481711011,1,1058.22,120179.66666666666,114886.5,96474.66666666666,44000.0,43000.0,27150.0,81367.70833333333,117533.08333333331,6833.448782900296,97164.87499999999,24840.91218718951,79318.24999999999,32979.135968361596,55118.03846153846,31954.552187835416,125472.83333333331,109593.33333333331,125472.83333333331,43250.0,4.404377889770594,30.057804466803017,191.79728682170537,54.204703442448746,113.239,-0.20292293901837954,2.487,11.739852516478978,1.0,0,0,0.333,112632.7,316,2008,1
Sorghum,2008-02-11,130766.0,NGN,NGN/MT,WFP Nigeria Food Prices,wholesale,National,,,0.9,True,WFP VAM data — converted to NGN/MT,WFP,historical,False,,,118.57,155.0,97.0,11.4,12.5,1,0,0,0,0,0,0,0,1,1,0,0,1,0,0,0,0,0,0,0,0.8660254037844386,0.5000000000000001,0.7485107481711011,0.6631226582407953,1,1102.86,125472.83333333331,120179.66666666666,109593.33333333331,57118.66666666666,43250.0,28000.0,84372.5,122826.24999999999,6833.448782900363,106370.79166666666,21269.837846254228,86611.24999999999,33940.53039096006,59070.57692307692,34703.52987551098,130766.0,114886.5,130766.0,43500.0,4.218575867020369,19.319301660684985,202.34913294797687,54.986518119055376,107.931,-0.1858020227502255,2.496,11.781172392595876,1.0,0,0,0.333,117384.2,317,2008,1
Sorghum,2008-02-18,133336.5,NGN,NGN/MT,Gap-filled,wholesale,National,,,0.6,False,Weekly gap-fill,Interpolated,historical,False,,,118.57,155.0,97.0,11.4,12.5,1,0,0,0,0,0,0,0,1,1,0,0,1,0,0,0,0,0,0,0,0.8660254037844386,0.5000000000000001,0.8229838658936564,0.5680647467311559,1,1124.54,130766.0,125472.83333333331,114886.5,70237.33333333333,43500.0,27750.0,83175.0,127438.74999999999,5842.749546961885,114258.1875,17282.015939698085,94097.625,33471.392152280285,63131.596153846156,36994.0722982348,133336.5,120179.66666666666,133336.5,43750.0,1.9657250355596956,16.059328119491845,206.52068965517242,60.308385933273215,101.862,-2.252850831460673,2.417,11.800638786933739,1.0,0,0,0.333,119691.65,318,2008,1
Sorghum,2008-02-25,135907.0,NGN,NGN/MT,Gap-filled,wholesale,National,,,0.6,False,Weekly gap-fill,Interpolated,historical,False,,,118.57,155.0,97.0,11.4,12.5,1,0,0,0,0,0,0,0,1,1,0,0,1,0,0,0,0,0,0,0,0.8660254037844386,0.5000000000000001,0.8854560256532099,0.4647231720437686,1,1146.22,133336.5,130766.0,120179.66666666666,83355.99999999999,43750.0,27750.0,83175.0,131370.5833333333,4456.9376849786995,120827.0625,13412.155812811121,101777.375,31376.124091024507,67291.48076923077,38888.824126428095,135907.0,125472.83333333331,135907.0,44000.0,1.9278292140561648,13.086517686020116,210.64457142857145,63.398857829876775,95.226,-0.03789582150353077,2.344,11.819733465220486,1.0,0,0,0.333,121999.1,319,2008,1
Sorghum,2008-03-03,138477.5,NGN,NGN/MT,Gap-filled,wholesale,National,,,0.6,False,Weekly gap-fill,Interpolated,historical,False,,,118.57,155.0,97.0,11.4,12.5,1,0,0,1,0,0,0,0,1,1,0,0,0,0,0,0,0,0,0,0,1.0,6.123233995736766e-17,0.9350162426854148,0.3546048870425355,0,1167.9,135907.0,133336.5,125472.83333333331,96474.66666666666,44000.0,27750.0,82576.25,134621.75,3318.501230476293,126077.41666666666,10400.346662796903,109650.5,27125.824224874334,71550.23076923077,40418.25129333601,138477.5,130766.0,138477.5,57118.66666666666,1.8913668905943037,10.364527779585764,214.72159090909088,67.69652291064318,88.15,-0.03646232346186107,2.275,11.838470357902343,1.0,0,0,0.333,124306.55,320,2008,1
Sorghum,2008-03-10,141048.0,NGN,NGN/MT,WFP Nigeria Food Prices,wholesale,National,,,0.9,True,WFP VAM data — converted to NGN/MT,WFP,historical,False,,,118.57,155.0,97.0,11.4,12.5,1,0,0,1,0,0,0,0,1,1,0,0,0,0,0,0,0,0,0,0,1.0,6.123233995736766e-17,0.970941817426052,0.239315664287558,0,1189.58,138477.5,135907.0,130766.0,109593.33333333331,57118.66666666666,27500.0,81977.5,137192.25,3318.5012304763573,130009.25,9148.687103744705,116644.61111111108,22829.630166121362,75917.46153846153,41585.8161964522,141048.0,133336.5,141048.0,70237.33333333333,1.856258236897701,7.8629001422388045,146.9385373141297,72.05696685066023,80.712,-0.035108653696602765,2.21,11.8568626267205,1.0,0,0,0.333,126614.0,321,2008,1
Sorghum,2008-03-17,138977.6,NGN,NGN/MT,Gap-filled,wholesale,National,,,0.6,False,Weekly gap-fill,Interpolated,historical,False,,,118.57,155.0,97.0,11.4,12.5,1,0,0,1,0,0,0,0,1,1,0,0,0,0,0,0,0,0,0,0,1.0,6.123233995736766e-17,0.992708874098054,0.120536680255323,0,1172.11,141048.0,138477.5,133336.5,114886.5,70237.33333333333,30000.0,81696.45833333333,138602.525,2113.647361594013,133020.63749999998,7221.747184860939,122372.96666666666,18301.68999215327,80108.9076923077,42259.15132342561,141048.0,135907.0,141048.0,83355.99999999999,-1.4678690942090622,4.23072452029265,97.86855993014163,70.11459595096687,73.018,-3.324127331106763,2.045,11.842075243425727,1.0,0,0,0.333,124755.48,322,2008,1
Sorghum,2008-03-24,138977.6,NGN,NGN/MT,Gap-filled,wholesale,National,,,0.6,False,Weekly gap-fill,Interpolated,historical,False,,,118.57,155.0,97.0,11.4,12.5,1,0,0,1,0,0,0,0,1,1,0,0,0,0,0,0,0,0,0,0,1.0,6.123233995736766e-17,1.0,-1.6081226496766364e-16,0,1172.11,138977.6,141048.0,135907.0,120179.66666666666,83355.99999999999,32500.0,81415.41666666666,139370.175,1143.1237389306557,135370.37916666665,5230.405746315962,127008.09999999999,14077.858341481618,84204.19999999998,42618.66009650993,141048.0,138477.5,141048.0,96474.66666666666,0.0,2.2593391068892688,66.72777004654738,70.70182244353806,65.515,1.4678690942090622,1.946,11.842075243425727,1.0,0,0,0.333,124755.48,323,2008,1
Sorghum,2008-03-31,137942.4,NGN,NGN/MT,Gap-filled,wholesale,National,,,0.6,False,Weekly gap-fill,Interpolated,historical,False,,,118.57,155.0,97.0,11.4,12.5,1,0,0,1,0,0,0,0,1,1,0,0,0,0,0,0,0,0,0,0,1.0,6.123233995736766e-17,0.992708874098054,-0.1205366802553228,0,1163.38,138977.6,138977.6,138477.5,125472.83333333331,96474.66666666666,35000.0,81134.375,139236.4,1302.5981012346522,136929.075,3395.7457824886956,130463.74444444444,10548.665031276878,88163.52307692308,42646.41290060977,141048.0,137942.4,141048.0,109593.33333333331,-0.7448682377591886,-0.38641656586810846,42.983028359776675,70.01720910526518,57.93,-0.7448682377591886,1.834,11.83459873507937,1.0,0,0,0.333,123826.21,324,2008,1
Sorghum,2008-04-07,137942.4,NGN,NGN/MT,Gap-filled,wholesale,National,,,0.6,False,Weekly gap-fill,Interpolated,historical,False,,,118.57,155.0,97.0,11.4,12.5,0,1,1,1,0,0,0,0,1,0,0,0,0,0,0,0,0,0,0,0,0.8660254037844387,-0.4999999999999998,0.970941817426052,-0.2393156642875575,0,1163.38,137942.4,138977.6,141048.0,130766.0,109593.33333333331,37500.0,80853.33333333333,138460.0,597.6729986706649,137826.125,2309.0929083278525,132826.16666666666,8406.715050061222,92026.69230769231,42422.17880318961,138977.6,137942.4,141048.0,114886.5,0.0,-2.2018036413136044,25.867510189184273,70.60817941952506,50.456,0.7448682377591886,1.756,11.83459873507937,1.0,0,0,0.333,123826.21,325,2008,2
Sorghum,2008-04-14,135872.0,NGN,NGN/MT,WFP Nigeria Food Prices,wholesale,National,,,0.9,True,WFP VAM data — converted to NGN/MT,WFP,historical,False,,,118.57,155.0,97.0,11.4,12.5,0,1,1,1,0,0,0,0,1,0,0,0,0,0,0,0,0,0,0,0,0.8660254037844387,-0.4999999999999998,0.9350162426854148,-0.3546048870425354,0,1145.92,137942.4,137942.4,138977.6,133336.5,114886.5,40000.0,69272.66666666666,137683.6,1302.598101234554,138143.0625,1697.9671567907515,134574.95833333334,6238.790896295454,95714.07692307692,41882.28681270996,138977.6,135872.0,141048.0,120179.66666666666,-1.500916324494861,-2.2346047132775437,18.26628890252553,96.14085401649524,43.849,-1.500916324494861,1.634,11.819475904903955,1.0,0,0,0.333,121967.68,326,2008,2
Sorghum,2008-04-21,139443.0,NGN,NGN/MT,Gap-filled,wholesale,National,,,0.6,False,Weekly gap-fill,Interpolated,historical,False,,,118.57,155.0,97.0,11.4,12.5,0,1,1,1,0,0,0,0,1,0,0,0,0,0,0,0,0,0,0,0,0.8660254037844387,-0.4999999999999998,0.8854560256532099,-0.4647231720437685,0,1176.04,135872.0,137942.4,138977.6,135907.0,120179.66666666666,40750.0,57692.0,137799.95,1467.1046895182828,138585.0625,1478.8314527153498,136180.23611111112,4407.617753789942,99509.96153846153,41167.79830773946,139443.0,135872.0,141048.0,125472.83333333331,2.628208902496465,0.3348741092089602,16.028779133464077,141.70248907994173,38.479,4.1291252269913254,1.634,11.845418365955727,1.0,0,0,0.333,125173.25,327,2008,2
Sorghum,2008-04-28,143014.0,NGN,NGN/MT,Gap-filled,wholesale,National,,,0.6,False,Weekly gap-fill,Interpolated,historical,False,,,118.57,155.0,97.0,11.4,12.5,0,1,1,1,0,0,0,0,1,0,0,0,0,0,0,0,0,0,0,0,0.8660254037844387,-0.4999999999999998,0.8229838658936565,-0.5680647467311557,0,1206.16,139443.0,135872.0,137942.4,138477.5,125472.83333333331,41500.0,46111.33333333333,139067.84999999998,3010.699379990189,139152.125,2149.4197195333713,137642.0,3304.3889208138953,103414.34615384616,40249.61438950242,143014.0,135872.0,143014.0,130766.0,2.5609030213062045,3.6766070475792834,13.980051458682308,210.14934867783774,34.476,-0.06730588119026049,1.628,11.870704798845832,1.0,0,0,0.333,128378.82,328,2008,2
Sorghum,2008-05-05,146585.0,NGN,NGN/MT,Gap-filled,wholesale,National,,,0.6,False,Weekly gap-fill,Interpolated,historical,False,,,118.57,155.0,97.0,11.4,12.5,0,1,1,1,0,0,0,0,1,0,1,0,0,0,0,0,0,0,0,0,0.4999999999999999,-0.8660254037844387,0.7485107481711013,-0.663122658240795,0,1236.27,143014.0,139443.0,137942.4,141048.0,130766.0,42250.0,34530.666666666664,141228.5,4610.141176436297,139844.25,3384.0176574183374,138960.25,3463.4890945662983,107427.23076923077,39092.06070767916,146585.0,135872.0,146585.0,133336.5,2.4969583397429718,6.265368733616361,12.097181224477316,324.5067186655341,31.464,-0.06394468156323274,1.621,11.895367565920854,1.0,0,0,0.333,131584.38,329,2008,2
Sorghum,2008-05-12,150156.0,NGN,NGN/MT,WFP Nigeria Food Prices,wholesale,National,,,0.9,True,WFP VAM data — converted to NGN/MT,WFP,historical,False,,,118.57,155.0,97.0,11.4,12.5,0,1,1,1,0,0,0,0,1,0,1,0,0,0,0,0,0,0,0,0,0.4999999999999999,-0.8660254037844387,0.6631226582407952,-0.7485107481711012,0,1266.39,146585.0,143014.0,135872.0,138977.6,133336.5,43000.0,22950.0,144799.5,4610.141176436324,141241.55,4929.829844354766,140361.875,4286.309560178771,111548.61538461539,37649.95555102838,150156.0,139443.0,150156.0,135872.0,2.436129208309179,10.51283560998586,12.61432540977152,554.2745098039215,29.808,-0.06082913143379276,1.615,11.919436692371416,1.0,0,0,0.333,134789.95,330,2008,2
Sorghum,2008-05-19,152914.5,NGN,NGN/MT,Gap-filled,wholesale,National,,,0.6,False,Weekly gap-fill,Interpolated,historical,False,,,118.57,155.0,97.0,11.4,12.5,0,1,1,1,0,0,0,0,1,0,1,0,0,0,0,0,0,0,0,0,0.4999999999999999,-0.8660254037844387,0.5680647467311558,-0.8229838658936564,0,1289.66,150156.0,146585.0,139443.0,138977.6,135907.0,43250.0,23475.0,148167.375,4303.138764805745,142983.6625,6290.30092919466,141779.16666666666,5357.364016062795,115766.48076923077,35789.30805307468,152914.5,143014.0,152914.5,135872.0,1.8370894269959193,9.660936726834613,12.514072122848718,551.3929712460064,27.988,-0.5990397813132597,1.594,11.93764076022591,1.0,0,0,0.333,137266.16,331,2008,2
Sorghum,2008-05-26,155673.0,NGN,NGN/MT,Gap-filled,wholesale,National,,,0.6,False,Weekly gap-fill,Interpolated,historical,False,,,118.57,155.0,97.0,11.4,12.5,0,1,1,1,0,0,0,0,1,0,1,0,0,0,0,0,0,0,0,0,0.4999999999999999,-0.8660254037844387,0.464723172043769,-0.8854560256532096,0,1312.92,152914.5,150156.0,143014.0,137942.4,138477.5,43500.0,23475.0,151332.125,3884.3949416231476,145199.9875,7302.478904051252,143212.125,6558.907947506377,120080.82692307692,33411.37360611067,155673.0,146585.0,155673.0,135872.0,1.8039492657661693,8.851580964101412,12.417540755718438,563.1437699680511,26.025,-0.03314016122974994,1.574,11.95551935608103,1.0,0,0,0.333,139742.37,332,2008,2
Sorghum,2008-06-02,158431.5,NGN,NGN/MT,Gap-filled,wholesale,National,,,0.6,False,Weekly gap-fill,Interpolated,historical,False,,,118.57,155.0,97.0,11.4,12.5,0,1,1,0,0,0,0,1,0,0,1,0,0,0,0,0,0,0,1,0,1.2246467991473532e-16,-1.0,0.3546048870425358,-0.9350162426854148,0,1336.19,155673.0,152914.5,146585.0,137942.4,141048.0,43750.0,23737.5,154293.75,3561.208186838801,147761.125,7957.102230757214,144660.75,7833.353942016667,124491.65384615384,30362.171131255567,158431.5,150156.0,158431.5,135872.0,1.7719835809677953,8.081659105638362,12.324527820316478,567.431279620853,23.939,-0.03196568479837403,1.555,11.973083914084265,1.0,0,0,0.333,142218.58,333,2008,2
Sorghum,2008-06-09,161190.0,NGN,NGN/MT,WFP Nigeria Food Prices,wholesale,National,,,0.9,True,WFP VAM data — converted to NGN/MT,WFP,historical,False,,,118.57,155.0,97.0,11.4,12.5,0,1,1,0,0,0,0,1,0,0,1,0,0,0,0,0,0,0,1,0,1.2246467991473532e-16,-1.0,0.2393156642875576,-0.970941817426052,0,1359.45,158431.5,155673.0,150156.0,135872.0,138977.6,44000.0,24000.0,157052.25,3561.208186838827,150925.875,7578.791661840257,146511.78333333333,8917.693304562665,128998.96153846153,26371.33806098446,161190.0,152914.5,161190.0,135872.0,1.7411310250802448,7.348357707983699,15.982719517389853,571.625,21.747,-0.030852555887550537,1.537,11.990345276230533,1.0,0,0,0.333,144694.79,334,2008,2
Sorghum,2008-06-16,164459.2,NGN,NGN/MT,Gap-filled,wholesale,National,,,0.6,False,Weekly gap-fill,Interpolated,historical,False,,,118.57,155.0,97.0,11.4,12.5,0,1,1,0,0,0,0,1,0,0,1,0,0,0,0,0,0,0,1,0,1.2246467991473532e-16,-1.0,0.120536680255323,-0.992708874098054,0,1387.02,161190.0,158431.5,152914.5,139443.0,138977.6,57118.66666666666,23875.0,159938.425,3762.4690460531483,154052.90000000002,7320.565609100954,148635.25,9936.225325499152,133127.44358974358,22833.03311767362,164459.2,155673.0,164459.2,135872.0,2.028165518952796,7.549774547214305,18.335041042585274,588.8343455497383,20.139,0.2870344938725511,1.53,12.010423874625326,1.0,0,0,0.333,147629.44,335,2008,2
Sorghum,2008-06-23,167728.4,NGN,NGN/MT,Gap-filled,wholesale,National,,,0.6,False,Weekly gap-fill,Interpolated,historical,False,,,118.57,155.0,97.0,11.4,12.5,0,1,1,0,0,0,0,1,0,0,1,0,0,0,0,0,0,0,1,0,1.2246467991473532e-16,-1.0,-3.216245299353273e-16,-1.0,0,1414.59,164459.2,161190.0,155673.0,143014.0,137942.4,70237.33333333333,23875.0,162952.275,4025.9662503770323,157142.2,7210.573159109239,151117.41666666666,10712.320139050895,136877.1,19909.984678237368,167728.4,158431.5,167728.4,135872.0,1.987848657904201,7.744053239803939,21.593070730971764,602.5273298429319,19.05,-0.04031686104859489,1.523,12.030107245504796,1.0,0,0,0.333,150564.09,336,2008,2
Sorghum,2008-06-30,170997.6,NGN,NGN/MT,Gap-filled,wholesale,National,,,0.6,False,Weekly gap-fill,Interpolated,historical,False,,,118.57,155.0,97.0,11.4,12.5,0,1,1,0,0,0,0,1,0,0,1,0,0,0,0,0,0,0,1,0,1.2246467991473532e-16,-1.0,-0.1205366802553228,-0.992708874098054,0,1442.17,167728.4,164459.2,158431.5,146585.0,137942.4,83355.99999999999,23875.0,166093.8,4220.51905180811,160193.77500000002,7269.970666624561,153872.0166666667,11252.791983473884,140247.93076923076,17792.65311333483,170997.6,161190.0,170997.6,135872.0,1.9491034314999878,7.931566639210019,23.963045445055343,616.2203141361257,18.429,-0.038745226404213184,1.516,12.04941064831678,1.0,0,0,0.333,153498.74,337,2008,2
Sorghum,2008-07-07,173727.0,NGN,NGN/MT,Gap-filled,wholesale,National,,,0.6,False,Weekly gap-fill,Interpolated,historical,False,,,118.57,155.0,97.0,11.4,12.5,0,1,1,0,0,0,1,1,0,0,1,0,0,0,0,0,0,0,1,0,-0.4999999999999997,-0.8660254037844388,-0.2393156642875574,-0.970941817426052,0,1465.19,170997.6,167728.4,161190.0,150156.0,135872.0,96474.66666666666,23750.0,169228.05,4015.0856674142838,163140.15000000002,7396.037175214414,157026.6,11052.27912629137,143219.17435897436,16600.815096184924,173727.0,164459.2,173727.0,139443.0,1.5961627531614342,7.777777777777772,27.860780734809243,631.4821052631579,18.16,-0.3529406783385536,1.501,12.065246136705177,1.0,0,0,0.333,155948.83,338,2008,3
Sorghum,2008-07-14,177536.0,NGN,NGN/MT,WFP Nigeria Food Prices,wholesale,National,,,0.9,True,WFP VAM data — converted to NGN/MT,WFP,historical,False,,,118.57,155.0,97.0,11.4,12.5,0,1,1,0,0,0,1,1,0,0,1,0,0,0,0,0,0,0,1,0,-0.4999999999999997,-0.8660254037844388,-0.3546048870425356,-0.9350162426854148,0,1497.31,173727.0,170997.6,164459.2,152914.5,139443.0,109593.33333333331,24600.0,172497.25,4159.012986676376,166217.83750000002,7651.413107569734,160201.0166666667,11013.26084176661,145832.35384615383,16442.721795372356,177536.0,167728.4,177536.0,143014.0,2.192520448750046,7.951394631616826,27.31797221803891,621.691056910569,18.285,0.5963576955886118,1.506,12.086934316879004,1.0,0,0,0.333,159368.04,339,2008,3
Sorghum,2008-07-21,173727.0,NGN,NGN/MT,Gap-filled,wholesale,National,,,0.6,False,Weekly gap-fill,Interpolated,historical,False,,,118.57,155.0,97.0,11.4,12.5,0,1,1,0,0,0,1,1,0,0,1,0,0,0,0,0,0,0,1,0,-0.4999999999999997,-0.8660254037844388,-0.464723172043768,-0.8854560256532101,0,1465.19,177536.0,173727.0,167728.4,155673.0,143014.0,114886.5,25450.0,173996.9,2687.422638888353,168474.58750000002,6700.313605121488,162760.43333333335,10194.304903883129,148095.44999999998,16057.871845971049,177536.0,170997.6,177536.0,146585.0,-2.14548035328046,3.57637704765561,21.475519879172666,582.6208251473477,17.49,-4.338000802030506,1.38,12.065246136705177,1.0,0,0,0.333,155948.83,340,2008,3
Sorghum,2008-07-28,169918.0,NGN,NGN/MT,Gap-filled,wholesale,National,,,0.6,False,Weekly gap-fill,Interpolated,historical,False,,,118.57,155.0,97.0,11.4,12.5,0,1,1,0,0,0,1,1,0,0,1,0,0,0,0,0,0,0,1,0,-0.4999999999999997,-0.8660254037844388,-0.5680647467311556,-0.8229838658936565,0,1433.06,173727.0,177536.0,170997.6,158431.5,146585.0,120179.66666666666,26300.0,173727.0,3110.035476755254,169910.40000000002,5331.668054184556,164704.85,8981.695629496231,150008.46282051282,15553.988383166612,177536.0,169918.0,177536.0,150156.0,-2.192520448750046,-0.6313538903469973,15.917726916123742,546.0760456273764,15.811,-0.047040095469585985,1.262,12.043077131895982,1.0,0,0,0.333,152529.62,341,2008,3
Sorghum,2008-08-04,166109.0,NGN,NGN/MT,Gap-filled,wholesale,National,,,0.6,False,Weekly gap-fill,Interpolated,historical,False,,,118.57,155.0,97.0,11.4,12.5,0,1,0,0,1,0,1,1,0,0,1,0,0,0,0,1,0,0,1,0,-0.8660254037844384,-0.5000000000000004,-0.663122658240795,-0.7485107481711013,0,1400.94,169918.0,173727.0,173727.0,161190.0,150156.0,125472.83333333331,27150.0,171822.5,4917.397855235629,170525.27500000002,4381.250398085752,166034.2666666667,7725.24690400777,151571.3923076923,15022.493249256186,177536.0,166109.0,177536.0,152914.5,-2.241669511175981,-4.385040897500103,10.624284077892332,511.81952117863716,13.361,-0.049149062425934975,1.149,12.020405498485122,1.0,0,0,0.0,149110.41,342,2008,3
Sorghum,2008-08-11,162300.0,NGN,NGN/MT,WFP Nigeria Food Prices,wholesale,National,,,0.9,True,WFP VAM data — converted to NGN/MT,WFP,historical,False,,,118.57,155.0,97.0,11.4,12.5,0,1,0,0,1,0,1,1,0,0,1,0,0,0,0,1,0,0,1,0,-0.8660254037844384,-0.5000000000000004,-0.7485107481711011,-0.6631226582407952,0,1368.81,166109.0,169918.0,177536.0,164459.2,152914.5,130766.0,28000.0,168013.5,4917.397855235566,170255.375,4849.78055755524,166816.3916666667,6680.70269146483,152784.23846153845,14540.805161918352,173727.0,162300.0,177536.0,155673.0,-2.2930726209898333,-8.58192141312184,6.137743641054305,479.64285714285717,9.968,-0.05140310981385232,1.041,11.997207914913153,1.0,0,0,0.0,145691.2,343,2008,3
Sorghum,2008-08-18,157901.6,NGN,NGN/MT,Gap-filled,wholesale,National,,,0.6,False,Weekly gap-fill,Interpolated,historical,False,,,118.57,155.0,97.0,11.4,12.5,0,1,0,0,1,0,1,1,0,0,1,0,0,0,0,1,0,0,1,0,-0.8660254037844384,-0.5000000000000004,-0.8229838658936564,-0.5680647467311559,0,1331.72,162300.0,166109.0,173727.0,167728.4,155673.0,133336.5,27750.0,164057.15,5149.045965678947,169027.025,6533.452429230043,167002.10833333334,6366.347014713024,153729.05,14015.190097669396,169918.0,157901.6,177536.0,157901.6,-2.7100431300061567,-9.10934972687032,1.431590577685271,469.01477477477476,6.718,-0.4169705090163234,0.925,11.969733666225965,1.0,0,0,0.0,141742.91,344,2008,3
Sorghum,2008-08-25,153503.2,NGN,NGN/MT,Gap-filled,wholesale,National,,,0.6,False,Weekly gap-fill,Interpolated,historical,False,,,118.57,155.0,97.0,11.4,12.5,0,1,0,0,1,0,1,1,0,0,1,0,0,0,0,1,0,0,1,0,-0.8660254037844384,-0.5000000000000004,-0.8854560256532096,-0.4647231720437691,0,1294.62,157901.6,162300.0,169918.0,170997.6,158431.5,135907.0,27750.0,159953.45,5453.222478193404,166840.225,8431.668428313076,166591.41666666666,7087.603163762246,154405.82692307694,13536.847013646007,166109.0,153503.2,177536.0,153503.2,-2.7855322555312867,-9.660424440024007,-3.110681903535595,453.16468468468474,3.593,-0.07548912552512999,0.811,11.941483207198587,1.0,0,0,0.0,137794.61,345,2008,3
Sorghum,2008-09-01,149104.8,NGN,NGN/MT,Gap-filled,wholesale,National,,,0.6,False,Weekly gap-fill,Interpolated,historical,False,,,118.57,155.0,97.0,11.4,12.5,0,1,0,0,1,1,0,0,0,0,0,0,0,0,0,1,0,1,0,0,-1.0,-1.8369701987210287e-16,-0.9350162426854148,-0.3546048870425359,0,1257.53,153503.2,157901.6,166109.0,173727.0,161190.0,138477.5,27750.0,155702.4,5678.309983320119,163762.44999999998,9921.025766522884,165584.31666666665,8618.219391059094,154814.56923076924,13192.726992575352,162300.0,149104.8,177536.0,149104.8,-2.8653474324965345,-10.23677223991476,-7.497487437185935,437.31459459459455,0.573,-0.07981517696524776,0.697,11.912411400063311,1.0,0,0,0.0,133846.32,346,2008,3
Sorghum,2008-09-08,144706.4,NGN,NGN/MT,Gap-filled,wholesale,National,,,0.6,False,Weekly gap-fill,Interpolated,historical,False,,,118.57,155.0,97.0,11.4,12.5,0,1,0,0,1,1,0,0,0,0,0,0,0,0,0,1,0,1,0,0,-1.0,-1.8369701987210287e-16,-0.970941817426052,-0.2393156642875577,0,1220.43,149104.8,153503.2,162300.0,177536.0,164459.2,141048.0,27500.0,151304.0,5678.309983320015,159658.75,10195.845080228035,163938.25,10527.53036467211,154955.27692307692,13058.856043783358,157901.6,144706.4,177536.0,144706.4,-2.9498714997773345,-10.840172520024648,-12.010760115578833,426.20509090909087,-2.356,-0.08452406728080009,0.583,11.882469051602211,1.0,0,0,0.0,129898.03,347,2008,3
Sorghum,2008-09-15,140308.0,NGN,NGN/MT,WFP Nigeria Food Prices,wholesale,National,,,0.9,True,WFP VAM data — converted to NGN/MT,WFP,historical,False,,,118.57,155.0,97.0,11.4,12.5,0,1,0,0,1,1,0,0,0,0,0,0,0,0,0,1,0,1,0,0,-1.0,-1.8369701987210287e-16,-0.992708874098054,-0.1205366802553235,0,1183.33,144706.4,149104.8,157901.6,173727.0,167728.4,138977.6,30000.0,146905.6,5678.309983319892,155481.375,10451.377015733833,161653.21666666667,12433.40369326512,155006.44615384613,12996.201776157357,153503.2,140308.0,177536.0,140308.0,-3.039533842317954,-11.14212902212518,-16.34809608867669,367.6933333333333,-5.226,-0.08966234254061956,0.466,11.851602412286883,1.0,0,0,0.0,125949.73,348,2008,3
Sorghum,2008-09-22,136547.25,NGN,NGN/MT,Gap-filled,wholesale,National,,,0.6,False,Weekly gap-fill,Interpolated,historical,False,,,118.57,155.0,97.0,11.4,12.5,0,1,0,0,1,1,0,0,0,0,0,0,0,0,0,1,0,1,0,0,-1.0,-1.8369701987210287e-16,-1.0,-1.8369701987210287e-16,0,1151.62,140308.0,144706.4,153503.2,169918.0,170997.6,138977.6,32500.0,142666.6125,5435.090973230714,151310.03125,10525.499983745245,158782.35416666666,13962.855418630274,154912.97115384616,13124.210226632518,149104.8,136547.25,177536.0,136547.25,-2.680353222909604,-11.045991223635731,-20.146686269280977,320.1453846153846,-7.905,0.3591806194083502,0.358,11.824433311001346,1.0,0,0,0.0,122573.83,349,2008,3
Sorghum,2008-09-29,132786.5,NGN,NGN/MT,Gap-filled,wholesale,National,,,0.6,False,Weekly gap-fill,Interpolated,historical,False,,,118.57,155.0,97.0,11.4,12.5,0,1,0,0,1,1,0,0,0,0,0,0,0,0,0,1,0,1,0,0,-1.0,-1.8369701987210287e-16,-0.992708874098054,0.1205366802553232,0,1119.9,136547.25,140308.0,149104.8,166109.0,173727.0,137942.4,35000.0,138587.0375,5106.051235768473,147144.71875,10425.354789987055,155370.64583333334,14946.387814170072,154714.6673076923,13426.362660758099,144706.4,132786.5,177536.0,132786.5,-2.754174836915424,-10.944181542109977,-23.56599722553201,279.39,-10.424,-0.0738216140058201,0.247,11.796505385088269,1.0,0,0,0.0,119197.94,350,2008,3
Sorghum,2008-10-06,129025.75,NGN,NGN/MT,Gap-filled,wholesale,National,,,0.6,False,Weekly gap-fill,Interpolated,historical,False,,,118.57,155.0,97.0,11.4,12.5,0,1,0,0,0,1,0,0,0,1,0,1,0,1,1,1,1,0,0,0,-0.8660254037844386,0.5000000000000001,-0.970941817426052,0.2393156642875573,0,1088.18,132786.5,136547.25,144706.4,162300.0,177536.0,137942.4,37500.0,134666.875,4855.107373083176,142985.4375,10149.12854910494,151328.125,14966.588578586636,154371.71923076923,13974.596854701249,140308.0,129025.75,173727.0,129025.75,-2.8321779698990523,-10.836182781134763,-27.32417650504686,244.06866666666667,-12.765,-0.07800313298362838,0.131,11.76777502618788,1.0,0,0,0.333,115822.04,351,2008,4
Sorghum,2008-10-13,125265.0,NGN,NGN/MT,WFP Nigeria Food Prices,wholesale,National,,,0.9,True,WFP VAM data — converted to NGN/MT,WFP,historical,False,,,118.57,155.0,97.0,11.4,12.5,0,1,0,0,0,1,0,0,0,1,0,1,0,1,1,1,1,0,0,0,-0.8660254037844386,0.5000000000000001,-0.9350162426854148,0.3546048870425355,0,1056.46,129025.75,132786.5,140308.0,157901.6,173727.0,135872.0,40000.0,130906.125,4855.107373083059,138905.8625,9851.846934631041,147289.625,14911.403833026166,153963.75769230767,14673.606476948635,136547.25,125265.0,169918.0,125265.0,-2.9147282616066916,-10.721412891638394,-27.89549120171303,213.16250000000002,-14.976,-0.08255029170763928,0.01,11.738194755299453,1.0,0,0,0.333,112446.14,352,2008,4
Sorghum,2008-10-20,129025.75,NGN,NGN/MT,Gap-filled,wholesale,National,,,0.6,False,Weekly gap-fill,Interpolated,historical,False,,,118.57,155.0,97.0,11.4,12.5,0,1,0,0,0,1,0,0,0,1,0,1,0,1,1,1,1,0,0,0,-0.8660254037844386,0.5000000000000001,-0.8854560256532101,0.464723172043768,0,1088.18,125265.0,129025.75,136547.25,153503.2,169918.0,139443.0,40750.0,129025.75,3070.6395167236565,135846.18125,8358.514754212592,143881.9375,13908.883272245874,153563.09423076923,15218.076341334197,132786.5,125265.0,166109.0,125265.0,3.0022352612461667,-5.508349673830848,-24.065872950481992,216.62760736196321,-15.979,5.916963522852859,0.061,11.76777502618788,1.0,0,0,0.333,115822.04,353,2008,4
Sorghum,2008-10-27,129232.5,NGN,NGN/MT,Gap-filled,wholesale,National,,,0.6,False,Weekly gap-fill,Interpolated,historical,False,,,118.57,155.0,97.0,11.4,12.5,0,1,0,0,0,1,0,0,0,1,0,1,0,1,1,1,1,0,0,0,-0.8660254037844386,0.5000000000000001,-0.822983865893657,0.5680647467311548,0,1089.93,129025.75,125265.0,132786.5,149104.8,166109.0,143014.0,41500.0,128137.25,1917.31210509173,133362.14375,6629.368127422801,140808.89583333334,12559.922058810085,153033.0365384615,15827.994976892098,129232.5,125265.0,162300.0,125265.0,0.16023933207132135,-2.6764769008897793,-22.200181808330676,211.40361445783134,-16.268,-2.8419959291748453,0.026,11.76937612464703,1.0,0,0,0.333,116007.63,354,2008,4
Sorghum,2008-11-03,131216.25,NGN,NGN/MT,Gap-filled,wholesale,National,,,0.6,False,Weekly gap-fill,Interpolated,historical,False,,,118.57,155.0,97.0,11.4,12.5,1,0,0,0,0,1,0,0,0,1,0,1,1,1,1,0,1,0,0,0,-0.5000000000000004,0.8660254037844384,-0.7485107481711011,0.6631226582407952,1,1106.66,129232.5,129025.75,129025.75,144706.4,162300.0,146585.0,42250.0,128684.875,2484.58536530708,131675.875,4792.9165610011805,138218.58333333334,10807.836941802887,152441.93076923076,16356.584078083817,131216.25,125265.0,157901.6,125265.0,1.5350240844988594,1.6977231289103223,-19.152033271719038,210.57100591715977,-15.584,1.374784752427538,0.034,11.784609625508102,1.0,0,0,0.667,117788.38,355,2008,4
Sorghum,2008-11-10,133200.0,NGN,NGN/MT,WFP Nigeria Food Prices,wholesale,National,,,0.9,True,WFP VAM data — converted to NGN/MT,WFP,historical,False,,,118.57,155.0,97.0,11.4,12.5,1,0,0,0,0,1,0,0,0,1,0,1,1,1,1,0,1,0,0,0,-0.5000000000000004,0.8660254037844384,-0.6631226582407955,0.7485107481711007,1,1123.39,131216.25,129232.5,125265.0,140308.0,157901.6,150156.0,43000.0,130668.625,1955.2702978101827,130787.375,3428.8328110938123,136160.11666666667,8902.606085894084,151789.77692307692,16783.81907340089,133200.0,129025.75,153503.2,125265.0,1.5118173244548672,6.3345707100946,-15.643666688621272,209.7674418604651,-13.915,-0.023206760043992247,0.043,11.799614544567753,1.0,0,0,0.667,119569.12,356,2008,4
Sorghum,2008-11-17,131216.25,NGN,NGN/MT,Gap-filled,wholesale,National,,,0.6,False,Weekly gap-fill,Interpolated,historical,False,,,118.57,155.0,97.0,11.4,12.5,1,0,0,0,0,1,0,0,0,1,0,1,1,1,1,0,1,0,0,0,-0.5000000000000004,0.8660254037844384,-0.5680647467311559,0.8229838658936564,1,1106.66,133200.0,131216.25,129025.75,136547.25,153503.2,152914.5,43250.0,131216.25,1619.7250924150326,130121.0,2556.6046051643657,134302.87083333332,7097.293206262123,150955.22884615383,17258.402408636885,133200.0,129232.5,149104.8,125265.0,-1.4893018018018012,1.6977231289103223,-14.518882993970161,203.39017341040463,-13.076,-3.0011191262566683,-0.065,11.784609625508102,1.0,0,0,0.667,117788.38,357,2008,4
Sorghum,2008-11-24,130320.0,NGN,NGN/MT,Gap-filled,wholesale,National,,,0.6,False,Weekly gap-fill,Interpolated,historical,False,,,118.57,155.0,97.0,11.4,12.5,1,0,0,0,0,1,0,0,0,1,0,1,1,1,1,0,1,0,0,0,-0.5000000000000004,0.8660254037844384,-0.4647231720437684,0.88545602565321,1,1099.1,131216.25,133200.0,129232.5,132786.5,149104.8,155673.0,43500.0,131488.125,1216.9448169489722,129812.6875,2327.716468951095,132737.47083333335,5405.78567590649,149980.11346153845,17691.96941777596,133200.0,130320.0,144706.4,125265.0,-0.683032779857673,0.8415065869653571,-12.598387174658354,199.58620689655172,-12.33,0.8062690219441282,-0.155,11.777755916665761,1.0,0,0,0.667,116983.84,358,2008,4
Sorghum,2008-12-01,128880.0,NGN,NGN/MT,Gap-filled,wholesale,National,,,0.6,False,Weekly gap-fill,Interpolated,historical,False,,,118.57,155.0,97.0,11.4,12.5,1,0,0,0,0,0,0,0,0,1,0,1,1,1,1,0,0,0,0,1,-2.4492935982947064e-16,1.0,-0.3546048870425359,0.9350162426854148,1,1086.95,130320.0,131216.25,131216.25,129025.75,144706.4,158431.5,43750.0,130904.0625,1808.0143847944883,129794.46875,2335.3136124579732,131418.60416666666,3956.578077675767,148843.5173076923,18072.460020058035,133200.0,128880.0,140308.0,125265.0,-1.104972375690605,-1.7804578320139486,-10.936903965546785,194.58285714285714,-12.053,-0.42193959583293195,-0.282,11.766644776976557,1.0,0,0,0.667,115691.2,359,2008,4
Sorghum,2008-12-08,127440.0,NGN,NGN/MT,Gap-filled,wholesale,National,,,0.6,False,Weekly gap-fill,Interpolated,historical,False,,,118.57,155.0,97.0,11.4,12.5,1,0,0,0,0,0,0,0,0,1,0,1,1,1,1,0,0,0,0,1,-2.4492935982947064e-16,1.0,-0.2393156642875578,0.970941817426052,1,1074.81,128880.0,130320.0,133200.0,125265.0,140308.0,161190.0,44000.0,129464.0625,1657.3822780587882,130066.34375,1797.2969979635272,130346.27083333333,2941.9962059209383,147545.4403846154,18359.96743083197,131216.25,127440.0,136547.25,125265.0,-1.1173184357541888,-4.324324324324325,-9.171251817430226,189.63636363636365,-12.255,-0.012346060063583852,-0.445,11.755408791383024,1.0,0,0,0.667,114398.56,360,2008,4
Sorghum,2008-12-15,126000.0,NGN,NGN/MT,WFP Nigeria Food Prices,wholesale,National,,,0.9,True,WFP VAM data — converted to NGN/MT,WFP,historical,False,,,118.57,155.0,97.0,11.4,12.5,1,0,0,0,0,0,0,0,0,1,0,1,1,1,1,0,0,0,0,1,-2.4492935982947064e-16,1.0,-0.1205366802553236,0.992708874098054,1,1062.66,127440.0,128880.0,131216.25,129025.75,136547.25,164459.2,57118.66666666666,128160.0,1859.0320061790026,129688.125,2296.5768392492623,129467.33333333333,2456.4629489750105,146066.24038461538,18491.567797166626,130320.0,126000.0,133200.0,125265.0,-1.1299435028248594,-3.9753079363264887,-7.7242492983198074,120.59338453278556,-12.259,-0.012625067070670681,-0.63,11.744045122410057,1.0,0,0,0.667,113105.92,361,2008,4
Sorghum,2008-12-22,126171.66666666666,NGN,NGN/MT,Gap-filled,wholesale,National,,,0.6,False,Weekly gap-fill,Interpolated,historical,False,,,118.57,155.0,97.0,11.4,12.5,1,0,0,0,0,0,0,0,0,1,0,1,1,1,1,0,0,0,0,1,-2.4492935982947064e-16,1.0,6.432490598706546e-16,1.0,1,1064.11,126000.0,127440.0,130320.0,129232.5,132786.5,167728.4,70237.33333333333,127122.91666666666,1335.8770007409792,129305.52083333333,2616.0672155156685,128916.0972222222,2385.0772587240135,144467.90448717948,18339.65678575243,128880.0,126000.0,133200.0,125265.0,0.13624338624338428,-3.183190096173527,-4.981555604924703,79.63618588405026,-12.006,1.2661868890682437,-0.75,11.745406618203441,1.0,0,0,0.667,113260.02,362,2008,4
Sorghum,2008-12-29,126171.66666666666,NGN,NGN/MT,Gap-filled,wholesale,National,,,0.6,False,Weekly gap-fill,Interpolated,historical,False,,,118.57,155.0,97.0,11.4,12.5,1,0,0,0,0,0,0,0,0,1,0,1,1,1,1,0,0,0,0,1,-2.4492935982947064e-16,1.0,0.120536680255323,0.992708874098054,1,1064.11,126171.66666666666,126000.0,128880.0,131216.25,129025.75,170997.6,83355.99999999999,126445.83333333333,667.6998937737892,128674.94791666666,2696.448248460656,128678.25694444444,2512.0724548159956,142743.83012820513,17846.254069226467,127440.0,126000.0,133200.0,125265.0,0.0,-2.101438030208991,-2.212026152402402,51.36482876657551,-11.418,-0.13624338624338428,-0.866,11.745406618203441,1.0,0,0,0.667,113260.02,363,2008,4
Sorghum,2009-01-05,126171.66666666666,NGN,NGN/MT,Gap-filled,wholesale,National,,,0.6,False,Weekly gap-fill,Interpolated,historical,False,,,148.88,155.0,97.0,11.4,12.5,1,0,0,0,0,0,0,0,0,1,0,0,1,0,0,0,0,0,0,1,0.4999999999999999,0.8660254037844387,0.2393156642875577,0.970941817426052,1,847.47,126171.66666666666,126171.66666666666,127440.0,133200.0,125265.0,173727.0,96474.66666666666,126128.75,85.8333333174711,127796.40625,2087.769454826688,128753.8125,2411.709245796176,140914.77884615384,16958.677130807428,126171.66666666666,126000.0,133200.0,126000.0,0.0,-0.9952395898723654,0.7237988797083483,30.782174249543925,-10.493,0.0,-0.954,11.745406618203441,1.0,0,0,0.333,113260.02,364,2009,1
Sorghum,2009-01-12,126343.33333333331,NGN,NGN/MT,WFP Nigeria Food Prices,wholesale,National,,,0.9,True,WFP VAM data — converted to NGN/MT,WFP,historical,False,,,148.88,155.0,97.0,11.4,12.5,1,0,0,0,0,0,0,0,0,1,0,0,1,0,0,0,0,0,0,1,0.4999999999999999,0.8660254037844387,0.3546048870425356,0.9350162426854148,1,848.63,126171.66666666666,126171.66666666666,126000.0,131216.25,129025.75,177536.0,109593.33333333331,126214.58333333331,85.83333331763359,127187.29166666666,1601.7576995846896,128530.27777777777,2506.656644968387,138945.83012820513,15440.642086139707,126343.33333333331,126171.66666666666,133200.0,126000.0,0.13605801619485103,0.27248677248674635,-2.078977775108215,15.283776385424908,-9.163,0.13605801619485103,-0.992,11.746766262846078,1.0,0,0,0.333,113414.12,365,2009,1
Sorghum,2009-01-19,125550.41666666666,NGN,NGN/MT,Gap-filled,wholesale,National,,,0.6,False,Weekly gap-fill,Interpolated,historical,False,,,148.88,155.0,97.0,11.4,12.5,1,0,0,0,0,0,0,0,0,1,0,0,1,0,0,0,0,0,0,1,0.4999999999999999,0.8660254037844387,0.4647231720437685,0.8854560256532099,1,843.3,126343.33333333331,126171.66666666666,126171.66666666666,130320.0,129232.5,173727.0,114886.5,126059.27083333333,348.7547913809103,126591.09375,1067.7932326892317,128223.4375,2634.961576617106,137092.88461538462,13915.134840958002,126343.33333333331,125550.41666666666,133200.0,125550.41666666666,-0.6275888452101364,-0.49238471394792427,-2.8491929919589487,9.282132075280082,-8.048,-0.7636468614049874,-1.073,11.74047064820719,1.0,0,0,0.333,112702.35,366,2009,1
Sorghum,2009-01-26,124757.5,NGN,NGN/MT,Gap-filled,wholesale,National,,,0.6,False,Weekly gap-fill,Interpolated,historical,False,,,148.88,155.0,97.0,11.4,12.5,1,0,0,0,0,0,0,0,0,1,0,0,1,0,0,0,0,0,0,1,0.4999999999999999,0.8660254037844387,0.5680647467311558,0.8229838658936564,1,837.97,125550.41666666666,126343.33333333331,126171.66666666666,128880.0,131216.25,169918.0,120179.66666666666,125705.72916666666,718.0755188747969,126075.78125,754.0249287218186,127685.20833333333,2627.6978530519705,135355.9423076923,12388.715464584162,126343.33333333331,124757.5,133200.0,124757.5,-0.6315523976091919,-1.1208274440907107,-4.9222180941766,3.8091579551726706,-7.13,-0.003963552399055548,-1.137,11.734135147565139,1.0,0,0,0.333,111990.57,367,2009,1
Sorghum,2009-02-02,123964.58333333334,NGN,NGN/MT,Gap-filled,wholesale,National,,,0.6,False,Weekly gap-fill,Interpolated,historical,False,,,148.88,155.0,97.0,11.4,12.5,1,0,0,0,0,0,0,0,1,1,0,0,1,0,0,0,0,0,0,0,0.8660254037844386,0.5000000000000001,0.6631226582407952,0.7485107481711011,1,832.65,124757.5,125550.41666666666,126171.66666666666,127440.0,133200.0,166109.0,125472.83333333331,125153.95833333334,1023.6510149752593,125641.35416666666,850.7243864205981,126915.59027777777,2179.9736429372883,133735.00320512822,10867.761021456428,126343.33333333331,123964.58333333334,131216.25,123964.58333333334,-0.6355663320174343,-1.749270174233497,-6.933495995995987,-1.2020530340564828,-6.416,-0.004013934408242381,-1.183,11.727759252298558,1.0,0,0,0.333,111278.8,368,2009,1
Sorghum,2009-02-09,123171.66666666669,NGN,NGN/MT,WFP Nigeria Food Prices,wholesale,National,,,0.9,True,WFP VAM data — converted to NGN/MT,WFP,historical,False,,,148.88,155.0,97.0,11.4,12.5,1,0,0,0,0,0,0,0,1,1,0,0,1,0,0,0,0,0,0,0,0.8660254037844386,0.5000000000000001,0.7485107481711011,0.6631226582407953,1,827.32,123964.58333333334,124757.5,126343.33333333331,126000.0,131216.25,162300.0,130766.0,124361.04166666666,1023.651014975124,125287.8125,1197.4329509942531,126245.20833333333,1963.3802592180139,132230.0673076923,9358.30143558275,125550.41666666666,123171.66666666669,130320.0,123171.66666666669,-0.6396316152126658,-2.5103553808405343,-6.1307828362213606,-5.8075748538100935,-5.951,-0.004065283195231473,-1.213,11.721342443994798,1.0,0,0,0.333,110567.03,369,2009,1
Sorghum,2009-02-16,103378.75,NGN,NGN/MT,Gap-filled,wholesale,National,,,0.6,False,Weekly gap-fill,Interpolated,historical,False,,,148.88,155.0,97.0,11.4,12.5,1,0,0,0,0,0,0,0,1,1,0,0,1,0,0,0,0,0,0,0,0.8660254037844386,0.5000000000000001,0.8229838658936564,0.5680647467311559,1,694.38,123171.66666666669,123964.58333333334,125550.41666666666,126171.66666666666,130320.0,157901.6,133336.5,118818.125,10313.257393623242,122438.69791666667,7785.729710494655,124000.10416666667,6661.889981749476,130133.03461538462,9483.627712367983,124757.5,103378.75,128880.0,103378.75,-16.069374720917974,-17.65957234975325,-20.67315070595457,-22.467778890251356,-8.695,-15.429743105705308,-2.295,11.546164380484386,1.0,0,0,0.333,92799.6,370,2009,1
Sorghum,2009-02-23,83585.83333333334,NGN,NGN/MT,Gap-filled,wholesale,National,,,0.6,False,Weekly gap-fill,Interpolated,historical,False,,,148.88,155.0,97.0,11.4,12.5,1,0,0,0,0,0,0,0,1,1,0,0,1,0,0,0,0,0,0,0,0.8660254037844386,0.5000000000000001,0.8854560256532099,0.4647231720437686,1,561.43,103378.75,123171.66666666669,124757.5,126171.66666666666,128880.0,153503.2,135907.0,108525.20833333334,19160.301849292722,117115.46875,15552.854540151146,120225.59027777777,13234.682404731182,127443.90512820512,12134.150698566498,123964.58333333334,83585.83333333334,127440.0,83585.83333333334,-19.14602049905484,-33.0013559639033,-35.14444961721497,-38.497771760591185,-14.845,-3.0766457781368644,-3.077,11.333641290656235,1.0,0,0,0.333,75032.17,371,2009,1
Sorghum,2009-03-02,63792.91666666667,NGN,NGN/MT,Gap-filled,wholesale,National,,,0.6,False,Weekly gap-fill,Interpolated,historical,False,,,148.88,155.0,97.0,11.4,12.5,1,0,0,1,0,0,0,0,1,1,0,0,0,0,0,0,0,0,0,0,1.0,6.123233995736766e-17,0.9350162426854148,0.3546048870425355,0,428.49,83585.83333333334,103378.75,123964.58333333334,126171.66666666666,127440.0,149104.8,138477.5,93482.29166666667,25552.54554095682,109318.125,23809.152723745112,114921.66666666667,20718.337677006577,124162.67884615384,16713.18844638247,123171.66666666669,63792.91666666667,126343.33333333331,63792.91666666667,-23.679750356420048,-48.539401374720605,-49.942783532119684,-53.93264850487143,-24.71,-4.533729857365209,-3.523,11.06341311473453,1.0,0,0,0.333,57264.74,372,2009,1
Sorghum,2009-03-09,44000.0,NGN,NGN/MT,WFP Nigeria Food Prices,wholesale,National,,,0.9,True,WFP VAM data — converted to NGN/MT,WFP,historical,False,,,148.88,155.0,97.0,11.4,12.5,1,0,0,1,0,0,0,0,1,1,0,0,0,0,0,0,0,0,0,0,1.0,6.123233995736766e-17,0.970941817426052,0.239315664287558,0,295.54,63792.91666666667,83585.83333333334,123171.66666666669,126343.33333333331,126000.0,144706.4,141048.0,73689.375,25552.545540956693,99025.20833333334,31841.520379675403,108088.33333333333,28712.62737270699,120289.35576923077,22447.4576546548,103378.75,44000.0,126343.33333333331,44000.0,-31.026825078541897,-64.27749888367185,-65.07936507936508,-68.80494583404231,-38.74,-7.3470747221218495,-3.71,10.691967639914864,1.0,0,0,0.333,39497.31,373,2009,1
Sorghum,2009-03-16,45600.0,NGN,NGN/MT,Gap-filled,wholesale,National,,,0.6,False,Weekly gap-fill,Interpolated,historical,False,,,148.88,155.0,97.0,11.4,12.5,1,0,0,1,0,0,0,0,1,1,0,0,0,0,0,0,0,0,0,0,1.0,6.123233995736766e-17,0.992708874098054,0.120536680255323,0,306.29,44000.0,63792.91666666667,103378.75,125550.41666666666,126171.66666666666,140308.0,138977.6,59244.6875,18545.04213150026,89031.40625,34741.565283248674,101374.0277777778,33173.602246770206,116646.74038461539,26404.52825518866,83585.83333333334,44000.0,126343.33333333331,44000.0,3.6363636363636376,-55.890354642515994,-63.85876385348004,-67.18895706934067,-49.21,34.66318871490554,-3.191,10.727684925086583,1.0,0,0,0.333,40933.57,374,2009,1
Sorghum,2009-03-23,45600.0,NGN,NGN/MT,Gap-filled,wholesale,National,,,0.6,False,Weekly gap-fill,Interpolated,historical,False,,,148.88,155.0,97.0,11.4,12.5,1,0,0,1,0,0,0,0,1,1,0,0,0,0,0,0,0,0,0,0,1.0,6.123233995736766e-17,1.0,-1.6081226496766364e-16,0,306.29,45600.0,44000.0,83585.83333333334,124757.5,126171.66666666666,136547.25,138977.6,49748.22916666667,9393.455096740863,79136.71875,34383.40350632034,94659.72222222223,35751.9271410244,113148.76923076923,29504.885011659768,63792.91666666667,44000.0,126343.33333333331,44000.0,0.0,-45.44530073876156,-63.85876385348004,-67.18895706934067,-56.033,-3.6363636363636376,-2.86,10.727684925086583,1.0,0,0,0.333,40933.57,375,2009,1
Sorghum,2009-03-30,46400.0,NGN,NGN/MT,Gap-filled,wholesale,National,,,0.6,False,Weekly gap-fill,Interpolated,historical,False,,,148.88,155.0,97.0,11.4,12.5,1,0,0,1,0,0,0,0,1,1,0,0,0,0,0,0,0,0,0,0,1.0,6.123233995736766e-17,0.992708874098054,-0.1205366802553228,0,311.66,45600.0,45600.0,63792.91666666667,123964.58333333334,126171.66666666666,132786.5,137942.4,45400.0,1006.6445913553048,69441.14583333334,30672.58267272211,88012.08333333333,36762.02110132851,109826.21153846153,31966.350797520026,46400.0,44000.0,126343.33333333331,44000.0,1.7543859649122862,-27.26465190100782,-63.22470707897969,-66.36277170761129,-58.662,1.7543859649122862,-2.586,10.74507628970625,1.0,0,0,0.333,41651.71,376,2009,1
Sorghum,2009-04-06,47200.0,NGN,NGN/MT,Gap-filled,wholesale,National,,,0.6,False,Weekly gap-fill,Interpolated,historical,False,,,148.88,155.0,97.0,11.4,12.5,0,1,1,1,0,0,0,0,1,0,0,0,0,0,0,0,0,0,0,0,0.8660254037844387,-0.4999999999999998,0.970941817426052,-0.2393156642875575,0,317.03,46400.0,45600.0,44000.0,123171.66666666669,126343.33333333331,129025.75,137942.4,46200.0,765.941686186673,59944.6875,22270.70217203771,81416.80555555555,36357.16423316615,106679.06730769231,33965.919531339554,47200.0,45600.0,125550.41666666666,44000.0,1.724137931034475,7.272727272727275,-62.64147956626124,-65.78281949567355,-56.693,-0.030248033877811054,-2.365,10.762170357789895,1.0,0,0,0.333,42369.84,377,2009,2
Sorghum,2009-04-13,48000.0,NGN,NGN/MT,WFP Nigeria Food Prices,wholesale,National,,,0.9,True,WFP VAM data — converted to NGN/MT,WFP,historical,False,,,148.88,155.0,97.0,11.4,12.5,0,1,1,1,0,0,0,0,1,0,0,0,0,0,0,0,0,0,0,0,0.8660254037844387,-0.4999999999999998,0.9350162426854148,-0.3546048870425354,0,322.41,47200.0,46400.0,45600.0,103378.75,125550.41666666666,125265.0,135872.0,46800.0,1032.795558975097,53022.34375,13859.995139777866,74954.27083333333,34651.52798054502,103707.33653846153,35614.7595855476,48000.0,45600.0,124757.5,44000.0,1.6949152542372836,5.263157894736836,-61.76834671330573,-64.67263306641546,-54.873,-0.029222676797191482,-2.183,10.778977123006351,1.0,0,0,0.333,43087.97,378,2009,2
Sorghum,2009-04-20,48500.0,NGN,NGN/MT,Gap-filled,wholesale,National,,,0.6,False,Weekly gap-fill,Interpolated,historical,False,,,148.88,155.0,97.0,11.4,12.5,0,1,1,1,0,0,0,0,1,0,0,0,0,0,0,0,0,0,0,0,0.8660254037844387,-0.4999999999999998,0.8854560256532099,-0.4647231720437685,0,325.77,48000.0,47200.0,45600.0,83585.83333333334,124757.5,129025.75,139443.0,47525.0,921.5023964368862,48636.614583333336,6292.217322312748,68599.47916666667,31540.56347802766,100610.19230769231,36806.36118598495,48500.0,46400.0,123964.58333333334,44000.0,1.041666666666674,6.359649122807021,-61.124581688475644,-65.21876322224851,-52.763,-0.6532485875706096,-2.034,10.789339695269716,1.0,0,0,0.333,43536.8,379,2009,2
Sorghum,2009-04-27,49000.0,NGN,NGN/MT,Gap-filled,wholesale,National,,,0.6,False,Weekly gap-fill,Interpolated,historical,False,,,148.88,155.0,97.0,11.4,12.5,0,1,1,1,0,0,0,0,1,0,0,0,0,0,0,0,0,0,0,0,0.8660254037844387,-0.4999999999999998,0.8229838658936565,-0.5680647467311557,0,329.12,48500.0,48000.0,46400.0,63792.91666666667,123964.58333333334,129232.5,143014.0,48175.0,767.571929293366,46787.5,1699.1069082613037,62352.430555555555,26617.519892749588,97524.32692307692,37664.038207161015,49000.0,47200.0,123171.66666666669,44000.0,1.0309278350515427,5.603448275862077,-60.47258121439256,-65.73762009313772,-50.602,-0.010738831615131339,-1.905,10.799595985047786,1.0,0,0,0.333,43985.64,380,2009,2
Sorghum,2009-05-04,49500.0,NGN,NGN/MT,Gap-filled,wholesale,National,,,0.6,False,Weekly gap-fill,Interpolated,historical,False,,,148.88,155.0,97.0,11.4,12.5,0,1,1,1,0,0,0,0,1,0,1,0,0,0,0,0,0,0,0,0,0.4999999999999999,-0.8660254037844387,0.7485107481711013,-0.663122658240795,0,332.48,49000.0,48500.0,47200.0,44000.0,123171.66666666669,131216.25,146585.0,48750.0,645.4972243467288,47475.0,1512.5664093996963,56213.125,18604.32167594568,94381.39423076923,38146.483965858526,49500.0,48000.0,103378.75,44000.0,1.0204081632652962,4.8728813559322015,-59.81218624413083,-66.23119691646485,-48.348,-0.010519671786246576,-1.791,10.809748150372926,1.0,0,0,0.333,44434.47,381,2009,2
Sorghum,2009-05-11,50000.0,NGN,NGN/MT,WFP Nigeria Food Prices,wholesale,National,,,0.9,True,WFP VAM data — converted to NGN/MT,WFP,historical,False,,,148.88,155.0,97.0,11.4,12.5,0,1,1,1,0,0,0,0,1,0,1,0,0,0,0,0,0,0,0,0,0.4999999999999999,-0.8660254037844387,0.6631226582407952,-0.7485107481711012,0,335.84,49500.0,49000.0,48000.0,45600.0,103378.75,133200.0,150156.0,49250.0,645.4972243468575,48025.0,1533.2039282827157,51764.895833333336,11216.442732303405,91181.39423076923,38249.41305376463,50000.0,48500.0,83585.83333333334,44000.0,1.0101010101010166,4.166666666666674,-51.63416079223244,-66.70129731745651,-45.987,-0.010307153164279548,-1.689,10.819798284210286,1.0,0,0,0.333,44883.3,382,2009,2
Sorghum,2009-05-18,50000.0,NGN,NGN/MT,Gap-filled,wholesale,National,,,0.6,False,Weekly gap-fill,Interpolated,historical,False,,,148.88,155.0,97.0,11.4,12.5,0,1,1,1,0,0,0,0,1,0,1,0,0,0,0,0,0,0,0,0,0.4999999999999999,-0.8660254037844387,0.5680647467311558,-0.8229838658936564,0,335.84,50000.0,49500.0,48500.0,45600.0,83585.83333333334,131216.25,152914.5,49625.0,478.71355384992165,48575.0,1312.3044071899785,48966.07638888888,5049.181515758563,88057.69230769231,38165.35715643403,50000.0,49000.0,63792.91666666667,44000.0,0.0,3.092783505154628,-40.18125081004557,-67.30198902000791,-43.645,-1.0101010101010166,-1.608,10.819798284210286,1.0,0,0,0.333,44883.3,383,2009,2
Sorghum,2009-05-25,50000.0,NGN,NGN/MT,Gap-filled,wholesale,National,,,0.6,False,Weekly gap-fill,Interpolated,historical,False,,,148.88,155.0,97.0,11.4,12.5,0,1,1,1,0,0,0,0,1,0,1,0,0,0,0,0,0,0,0,0,0.4999999999999999,-0.8660254037844387,0.464723172043769,-0.8854560256532096,0,335.84,50000.0,50000.0,49000.0,46400.0,63792.91666666667,130320.0,155673.0,49875.0,249.99999994607532,49025.0,1051.1898020754768,47816.666666666664,2040.870283755196,84968.46153846153,37857.110533624866,50000.0,49500.0,50000.0,44000.0,0.0,2.0408163265306145,-21.621392134706706,-67.88139240587643,-41.302,0.0,-1.535,10.819798284210286,1.0,0,0,0.333,44883.3,384,2009,2
Sorghum,2009-06-01,50000.0,NGN,NGN/MT,Gap-filled,wholesale,National,,,0.6,False,Weekly gap-fill,Interpolated,historical,False,,,148.88,155.0,97.0,11.4,12.5,0,1,1,0,0,0,0,1,0,0,1,0,0,0,0,0,0,0,1,0,1.2246467991473532e-16,-1.0,0.3546048870425358,-0.9350162426854148,0,335.84,50000.0,50000.0,49500.0,47200.0,44000.0,128880.0,158431.5,50000.0,0.0,49375.0,790.5694150342237,48316.666666666664,1732.4881389143225,81934.61538461539,37354.66811876102,50000.0,50000.0,50000.0,45600.0,0.0,1.0101010101010166,13.636363636363647,-68.44061944752148,-38.976,0.0,-1.468,10.819798284210286,1.0,0,0,0.333,44883.3,385,2009,2
Sorghum,2009-06-08,50000.0,NGN,NGN/MT,Gap-filled,wholesale,National,,,0.6,False,Weekly gap-fill,Interpolated,historical,False,,,148.88,155.0,97.0,11.4,12.5,0,1,1,0,0,0,0,1,0,0,1,0,0,0,0,0,0,0,1,0,1.2246467991473532e-16,-1.0,0.2393156642875576,-0.970941817426052,0,335.84,50000.0,50000.0,50000.0,48000.0,45600.0,127440.0,161190.0,50000.0,0.0,49625.0,582.4823725000808,48683.333333333336,1562.5348480846537,78956.15384615384,36662.08304272972,50000.0,50000.0,50000.0,45600.0,0.0,0.0,9.649122807017552,-68.98070599913146,-36.674,0.0,-1.406,10.819798284210286,1.0,0,0,0.333,44883.3,386,2009,2
Sorghum,2009-06-15,50000.0,NGN,NGN/MT,WFP Nigeria Food Prices,wholesale,National,,,0.9,True,WFP VAM data — converted to NGN/MT,WFP,historical,False,,,148.88,155.0,97.0,11.4,12.5,0,1,1,0,0,0,0,1,0,0,1,0,0,0,0,0,0,0,1,0,1.2246467991473532e-16,-1.0,0.120536680255323,-0.992708874098054,0,335.84,50000.0,50000.0,50000.0,48500.0,45600.0,126000.0,164459.2,50000.0,0.0,49812.5,372.01190455482174,49050.0,1260.2308590673852,76033.07692307692,35780.380022722915,50000.0,50000.0,50000.0,46400.0,0.0,0.0,9.649122807017552,-69.59732261861909,-34.239,0.0,-1.35,10.819798284210286,1.0,0,0,0.333,44883.3,387,2009,2
Sorghum,2009-06-22,76583.33333333334,NGN,NGN/MT,Gap-filled,wholesale,National,,,0.6,False,Weekly gap-fill,Interpolated,historical,False,,,148.88,155.0,97.0,11.4,12.5,0,1,1,0,0,0,0,1,0,0,1,0,0,0,0,0,0,0,1,0,1.2246467991473532e-16,-1.0,-3.216245299353273e-16,-1.0,0,514.4,50000.0,50000.0,50000.0,49000.0,46400.0,126171.66666666666,167728.4,56645.83333333333,13291.666666665742,53260.416666666664,9425.50549147523,51565.27777777778,7935.034380698072,74125.83333333334,34291.536818303524,76583.33333333334,50000.0,76583.33333333334,47200.0,53.16666666666669,53.16666666666669,65.05028735632186,-54.34086694123753,-23.582,53.16666666666669,-0.731,11.246147809135955,1.0,0,0,0.333,68746.26,388,2009,2
Sorghum,2009-06-29,103166.66666666669,NGN,NGN/MT,Gap-filled,wholesale,National,,,0.6,False,Weekly gap-fill,Interpolated,historical,False,,,148.88,155.0,97.0,11.4,12.5,0,1,1,0,0,0,0,1,0,0,1,0,0,0,0,0,0,0,1,0,1.2246467991473532e-16,-1.0,-0.1205366802553228,-0.992708874098054,0,692.95,76583.33333333334,50000.0,50000.0,49500.0,47200.0,126171.66666666666,170997.6,69937.5,25451.6039478556,59968.75,19778.632926380382,56229.166666666664,16720.25947825477,73241.02564102564,33173.47353919902,103166.66666666669,50000.0,103166.66666666669,48000.0,34.71164309031556,106.33333333333339,118.57344632768365,-39.6677692162541,-4.51,-18.45502357635113,-0.11,11.544110775445013,1.0,0,0,0.333,92609.22,389,2009,2
Sorghum,2009-07-06,129750.0,NGN,NGN/MT,Gap-filled,wholesale,National,,,0.6,False,Weekly gap-fill,Interpolated,historical,False,,,148.88,155.0,97.0,11.4,12.5,0,1,1,0,0,0,1,1,0,0,1,0,0,0,0,0,0,0,1,0,-0.4999999999999997,-0.8660254037844388,-0.2393156642875574,-0.970941817426052,0,871.51,103166.66666666669,76583.33333333334,50000.0,50000.0,48000.0,126171.66666666666,173727.0,89875.0,34318.93576222663,69937.5,30968.646138486354,63041.666666666664,26724.026850590464,73378.65384615384,33408.44360967591,129750.0,50000.0,129750.0,48500.0,25.76736672051694,159.50000000000003,170.3125,-25.313854495846932,22.481,-8.944276369798622,0.525,11.77337250812753,1.0,0,0,0.333,116472.17,390,2009,3
Sorghum,2009-07-13,156333.33333333334,NGN,NGN/MT,WFP Nigeria Food Prices,wholesale,National,,,0.9,True,WFP VAM data — converted to NGN/MT,WFP,historical,False,,,148.88,155.0,97.0,11.4,12.5,0,1,1,0,0,0,1,1,0,0,1,0,0,0,0,0,0,0,1,0,-0.4999999999999997,-0.8660254037844388,-0.3546048870425356,-0.9350162426854148,0,1050.06,129750.0,103166.66666666669,50000.0,50000.0,48500.0,126343.33333333331,177536.0,116458.33333333334,34318.935762226756,83229.16666666667,42031.94056640465,72027.77777777778,37390.78934638984,74532.11538461539,35746.178466865495,156333.33333333334,76583.33333333334,156333.33333333334,49000.0,20.488118175979466,212.66666666666669,222.3367697594502,-11.942742129295835,56.253,-5.279248544537474,1.169,11.959752155328335,1.0,0,0,0.333,140335.13,391,2009,3
Sorghum,2009-07-20,152067.5,NGN,NGN/MT,Gap-filled,wholesale,National,,,0.6,False,Weekly gap-fill,Interpolated,historical,False,,,148.88,155.0,97.0,11.4,12.5,0,1,1,0,0,0,1,1,0,0,1,0,0,0,0,0,0,0,1,0,-0.4999999999999997,-0.8660254037844388,-0.464723172043768,-0.8854560256532101,0,1021.41,156333.33333333334,129750.0,76583.33333333334,50000.0,49000.0,125550.41666666666,173727.0,135329.375,24405.602682647303,95987.60416666667,45824.361882647994,80616.73611111111,43032.354137126844,75552.00320512822,37590.720251704275,156333.33333333334,103166.66666666669,156333.33333333334,49500.0,-2.7286780383795395,98.56474428726874,210.34183673469386,-12.467549661250121,79.121,-23.216796214359004,1.093,11.93208635620738,1.0,0,0,0.333,136505.83,392,2009,3
Sorghum,2009-07-27,152067.5,NGN,NGN/MT,Gap-filled,wholesale,National,,,0.6,False,Weekly gap-fill,Interpolated,historical,False,,,148.88,155.0,97.0,11.4,12.5,0,1,1,0,0,0,1,1,0,0,1,0,0,0,0,0,0,0,1,0,-0.4999999999999997,-0.8660254037844388,-0.5680647467311556,-0.8229838658936565,0,1021.41,152067.5,156333.33333333334,103166.66666666669,50000.0,49500.0,124757.5,169918.0,147554.58333333334,12038.860313123245,108746.04166666667,45398.20347896008,89164.0277777778,46348.38879664093,76602.38782051283,39360.54397852601,156333.33333333334,129750.0,156333.33333333334,50000.0,0.0,47.39983844911144,207.2070707070707,-10.505361409621116,92.624,2.7286780383795395,1.113,11.93208635620738,1.0,0,0,0.333,136505.83,393,2009,3
Sorghum,2009-08-03,149934.5833333333,NGN,NGN/MT,Gap-filled,wholesale,National,,,0.6,False,Weekly gap-fill,Interpolated,historical,False,,,148.88,155.0,97.0,11.4,12.5,0,1,0,0,1,0,1,1,0,0,1,0,0,0,0,1,0,0,1,0,-0.8660254037844384,-0.5000000000000004,-0.663122658240795,-0.7485107481711013,0,1007.08,152067.5,152067.5,129750.0,50000.0,50000.0,123964.58333333334,166109.0,152600.7291666667,2683.861282928433,121237.86458333334,40398.04024365113,97491.90972222223,47632.01799694631,77601.23397435898,40909.56067104976,156333.33333333334,149934.5833333333,156333.33333333334,50000.0,-1.402611778760543,15.556518946692343,199.86916666666664,-9.737230774170392,96.647,-1.402611778760543,1.08,11.917961036396274,1.0,0,0,0.0,134591.19,394,2009,3
Sorghum,2009-08-10,147801.66666666666,NGN,NGN/MT,WFP Nigeria Food Prices,wholesale,National,,,0.9,True,WFP VAM data — converted to NGN/MT,WFP,historical,False,,,148.88,155.0,97.0,11.4,12.5,0,1,0,0,1,0,1,1,0,0,1,0,0,0,0,1,0,0,1,0,-0.8660254037844384,-0.5000000000000004,-0.7485107481711011,-0.6631226582407952,0,992.76,149934.5833333333,152067.5,156333.33333333334,50000.0,50000.0,123171.66666666669,162300.0,150467.8125,2042.1122352534298,133463.07291666666,28931.367231223896,105642.04861111111,47131.72403046482,78548.54166666666,42269.56734267295,152067.5,147801.66666666666,156333.33333333334,50000.0,-1.4225648407777736,-5.457356076759079,195.6033333333333,-8.933045799958927,91.56,-0.01995306201723057,1.043,11.903633329733115,1.0,0,0,0.0,132676.54,395,2009,3
Sorghum,2009-08-17,145142.0,NGN,NGN/MT,Gap-filled,wholesale,National,,,0.6,False,Weekly gap-fill,Interpolated,historical,False,,,148.88,155.0,97.0,11.4,12.5,0,1,0,0,1,0,1,1,0,0,1,0,0,0,0,1,0,0,1,0,-0.8660254037844384,-0.5000000000000004,-0.8229838658936564,-0.5680647467311559,0,974.89,147801.66666666666,149934.5833333333,152067.5,76583.33333333334,50000.0,103378.75,157901.6,148736.4375,2962.279992905986,142032.90625,17617.865465554627,113570.54861111111,44868.766976601495,80154.82051282052,44008.62374822196,152067.5,145142.0,156333.33333333334,50000.0,-1.7994835421341615,-4.554227563417557,190.284,-8.080728757656674,85.561,-0.37691870135638794,0.991,11.885474742316735,1.0,0,0,0.0,130289.05,396,2009,3
Sorghum,2009-08-24,142482.33333333334,NGN,NGN/MT,Gap-filled,wholesale,National,,,0.6,False,Weekly gap-fill,Interpolated,historical,False,,,148.88,155.0,97.0,11.4,12.5,0,1,0,0,1,0,1,1,0,0,1,0,0,0,0,1,0,1,1,0,-0.8660254037844384,-0.5000000000000004,-0.8854560256532096,-0.4647231720437691,0,957.03,145142.0,147801.66666666666,152067.5,103166.66666666669,50000.0,83585.83333333334,153503.2,146340.1458333333,3233.898308583471,146947.36458333334,8186.456451361763,121277.40972222223,40706.48473789497,82420.07051282052,45676.473512785924,149934.5833333333,142482.33333333334,156333.33333333334,50000.0,-1.8324583281659756,-6.303231569314061,184.96466666666666,-7.179568026377736,77.554,-0.03297478603181414,0.935,11.86698031278627,1.0,0,0,0.0,127901.56,397,2009,3
Sorghum,2009-08-31,139822.66666666666,NGN,NGN/MT,Gap-filled,wholesale,National,,,0.6,False,Weekly gap-fill,Interpolated,historical,False,,,148.88,155.0,97.0,11.4,12.5,0,1,0,0,1,0,1,1,0,0,1,0,0,0,0,1,0,1,1,0,-0.8660254037844384,-0.5000000000000004,-0.9350162426854148,-0.3546048870425359,0,939.16,142482.33333333334,145142.0,149934.5833333333,129750.0,50000.0,63792.91666666667,149104.8,143812.16666666666,3433.6149021548563,148206.44791666666,5496.182177264314,128762.63194444444,34136.50631151163,85344.29166666667,46854.78212333402,147801.66666666666,139822.66666666666,156333.33333333334,50000.0,-1.8666641712306031,-6.744219006622332,179.6453333333333,-6.225241127940439,68.508,-0.034205843064627484,0.877,11.848137383915137,1.0,0,0,0.0,125514.06,398,2009,3
Sorghum,2009-09-07,137163.0,NGN,NGN/MT,Gap-filled,wholesale,National,,,0.6,False,Weekly gap-fill,Interpolated,historical,False,,,148.88,155.0,97.0,11.4,12.5,0,1,0,0,1,1,0,0,0,0,0,0,0,0,0,1,0,1,0,0,-1.0,-1.8369701987210287e-16,-0.970941817426052,-0.2393156642875577,0,921.3,139822.66666666666,142482.33333333334,147801.66666666666,156333.33333333334,50000.0,44000.0,144706.4,141152.5,3433.614902154734,145810.15625,5624.308147653777,136026.21527777778,23456.361752458302,88927.48397435898,47128.02662135673,145142.0,137163.0,156333.33333333334,76583.33333333334,-1.9021713217694747,-7.197934168536657,174.326,-5.212900051414449,58.728,-0.035507150538871546,0.817,11.828932569172913,1.0,0,0,0.0,123126.57,399,2009,3
Sorghum,2009-09-14,134503.33333333334,NGN,NGN/MT,WFP Nigeria Food Prices,wholesale,National,,,0.9,True,WFP VAM data — converted to NGN/MT,WFP,historical,False,,,148.88,155.0,97.0,11.4,12.5,0,1,0,0,1,1,0,0,0,0,0,0,0,0,0,1,0,1,0,0,-1.0,-1.8369701987210287e-16,-0.992708874098054,-0.1205366802553235,0,903.43,137163.0,139822.66666666666,145142.0,152067.5,76583.33333333334,45600.0,140308.0,138492.83333333334,3433.614902154612,143614.63541666666,6228.474874142129,140852.88194444447,14274.937973138021,92346.84294871794,47083.82613898009,142482.33333333334,134503.33333333334,156333.33333333334,103166.66666666669,-1.9390554790042924,-7.329833312663913,75.63003264417844,-4.137088880653028,49.97,-0.03688415723481775,0.755,11.809351695596737,1.0,0,0,0.0,120739.08,400,2009,3
Sorghum,2009-09-21,131570.0,NGN,NGN/MT,Gap-filled,wholesale,National,,,0.6,False,Weekly gap-fill,Interpolated,historical,False,,,148.88,155.0,97.0,11.4,12.5,0,1,0,0,1,1,0,0,0,0,0,0,0,0,0,1,0,0,0,0,-1.0,-1.8369701987210287e-16,-1.0,-1.8369701987210287e-16,0,883.73,134503.33333333334,137163.0,142482.33333333334,152067.5,103166.66666666669,45600.0,136547.25,135764.75,3540.663323237556,141052.44791666666,6465.967822593878,143219.8263888889,8739.691895447046,95653.3814102564,46686.65449954693,139822.66666666666,131570.0,156333.33333333334,129750.0,-2.1808629278084912,-7.658727280809085,27.531502423263298,-3.64507523952331,41.934,-0.2418074488041988,0.685,11.787301908847835,1.0,0,0,0.0,118105.92,401,2009,3
Sorghum,2009-09-28,128636.66666666669,NGN,NGN/MT,Gap-filled,wholesale,National,,,0.6,False,Weekly gap-fill,Interpolated,historical,False,,,148.88,155.0,97.0,11.4,12.5,0,1,0,0,1,1,0,0,0,0,0,0,0,0,0,1,0,0,0,0,-1.0,-1.8369701987210287e-16,-0.992708874098054,0.1205366802553232,0,864.03,131570.0,134503.33333333334,139822.66666666666,149934.5833333333,129750.0,46400.0,132786.5,132968.25,3681.943582715041,138390.20833333334,6667.8366257627895,143127.04861111112,8900.119461124788,98816.33012820514,45996.94940996045,137163.0,128636.66666666669,156333.33333333334,128636.66666666669,-2.229484938309123,-8.000133502436402,-0.8580603725112268,-3.125192194487625,34.561,-0.04862201050063186,0.614,11.764754945773994,1.0,0,0,0.0,115472.77,402,2009,3
Sorghum,2009-10-05,125703.33333333334,NGN,NGN/MT,Gap-filled,wholesale,National,,,0.6,False,Weekly gap-fill,Interpolated,historical,False,,,148.88,155.0,97.0,11.4,12.5,0,1,0,0,0,1,0,0,0,1,0,1,0,1,1,1,1,0,0,0,-0.8660254037844386,0.5000000000000001,-0.970941817426052,0.2393156642875573,0,844.33,128636.66666666669,131570.0,137163.0,147801.66666666666,156333.33333333334,47200.0,129025.75,130103.33333333334,3786.9170496249376,135627.91666666666,6788.220092470175,140574.5486111111,9156.866343509513,101835.6891025641,45039.81329312686,134503.33333333334,125703.33333333334,152067.5,125703.33333333334,-2.280324427975444,-8.354779836156002,-19.592750533049042,-2.5750027933700514,27.758,-0.050839489666321125,0.542,11.741687867598563,1.0,0,0,0.333,112839.62,403,2009,4
Sorghum,2009-10-12,122770.0,NGN,NGN/MT,WFP Nigeria Food Prices,wholesale,National,,,0.9,True,WFP VAM data — converted to NGN/MT,WFP,historical,False,,,148.88,155.0,97.0,11.4,12.5,0,1,0,0,0,1,0,0,0,1,0,1,0,1,1,1,1,0,0,0,-0.8660254037844386,0.5000000000000001,-0.9350162426854148,0.3546048870425355,0,824.62,125703.33333333334,128636.66666666669,134503.33333333334,145142.0,152067.5,48000.0,125265.0,127170.0,3786.917049624825,132831.41666666666,6915.866493589136,138133.09027777778,9703.399627586397,104711.45833333333,43835.858482849944,131570.0,122770.0,152067.5,122770.0,-2.333536633873412,-8.723451711233931,-19.266115376395355,-1.991777431844488,21.448,-0.053212205897967824,0.469,11.718076110454085,1.0,0,0,0.333,110206.46,404,2009,4
Sorghum,2009-10-19,122614.16666666669,NGN,NGN/MT,Gap-filled,wholesale,National,,,0.6,False,Weekly gap-fill,Interpolated,historical,False,,,148.88,155.0,97.0,11.4,12.5,0,1,0,0,0,1,0,0,0,1,0,1,0,1,1,1,1,0,0,0,-0.8660254037844386,0.5000000000000001,-0.8854560256532101,0.464723172043768,0,823.58,122770.0,125703.33333333334,131570.0,142482.33333333334,152067.5,48500.0,129025.75,124931.04166666669,2849.9182391614704,130347.89583333334,6510.578915654888,135678.64583333334,9582.622781175984,107562.00320512822,42421.25664484754,128636.66666666669,122614.16666666669,149934.5833333333,122614.16666666669,-0.12693111780834876,-6.80689620227507,-19.3685917985982,-4.969227718756386,16.148,2.2066055160650633,0.469,11.716806003370227,1.0,0,0,0.333,110066.58,405,2009,4
Sorghum,2009-10-26,122458.33333333334,NGN,NGN/MT,Gap-filled,wholesale,National,,,0.6,False,Weekly gap-fill,Interpolated,historical,False,,,148.88,155.0,97.0,11.4,12.5,0,1,0,0,0,1,0,0,0,1,0,1,0,1,1,1,1,0,0,0,-0.8660254037844386,0.5000000000000001,-0.822983865893657,0.5680647467311548,0,822.53,122614.16666666669,122770.0,128636.66666666669,139822.66666666666,149934.5833333333,49000.0,129232.5,123386.45833333334,1549.8151584819054,128177.35416666667,5750.743676158285,133388.95833333334,9138.958243054883,110387.32371794872,40779.3695287641,125703.33333333334,122458.33333333334,147801.66666666666,122458.33333333334,-0.12709243766014788,-4.802933326423265,-18.325491950656236,-5.241844479265401,11.776,-0.00016131985179912434,0.47,11.715534281062638,1.0,0,0,0.333,109926.69,406,2009,4
Sorghum,2009-11-02,122458.33333333334,NGN,NGN/MT,Gap-filled,wholesale,National,,,0.6,False,Weekly gap-fill,Interpolated,historical,False,,,148.88,155.0,97.0,11.4,12.5,1,0,0,0,0,1,0,0,0,1,0,1,1,1,1,0,1,0,0,0,-0.5000000000000004,0.8660254037844384,-0.7485107481711011,0.6631226582407952,1,822.53,122458.33333333334,122614.16666666669,125703.33333333334,137163.0,147801.66666666666,49500.0,131216.25,122575.20833333334,149.19905761558758,126339.27083333334,4727.341979377564,131277.0138888889,8404.299899473282,113193.41346153847,38888.37354881881,122770.0,122458.33333333334,145142.0,122458.33333333334,0.0,-2.581474901222458,-17.146852200584107,-6.674414690761743,8.288,0.12709243766014788,0.475,11.715534281062638,1.0,0,0,0.667,109926.69,407,2009,4
Sorghum,2009-11-09,122146.66666666669,NGN,NGN/MT,WFP Nigeria Food Prices,wholesale,National,,,0.9,True,WFP VAM data — converted to NGN/MT,WFP,historical,False,,,148.88,155.0,97.0,11.4,12.5,1,0,0,0,0,1,0,0,0,1,0,1,1,1,1,0,1,0,0,0,-0.5000000000000004,0.8660254037844384,-0.6631226582407955,0.7485107481711007,1,820.44,122458.33333333334,122458.33333333334,122770.0,134503.33333333334,145142.0,50000.0,133200.0,122419.375,196.08597768627772,124794.68750000001,3551.145632759173,129360.73611111112,7531.840165595916,115968.28525641025,36711.95740868016,122614.16666666669,122146.66666666669,142482.33333333334,122146.66666666669,-0.25450833616875723,-0.5077244712334505,-15.843335032818418,-8.29829829829828,5.563,-0.25450833616875723,0.474,11.712985974306685,1.0,0,0,0.667,109646.92,408,2009,4
Sorghum,2009-11-16,124330.66666666669,NGN,NGN/MT,Gap-filled,wholesale,National,,,0.6,False,Weekly gap-fill,Interpolated,historical,False,,,148.88,155.0,97.0,11.4,12.5,1,0,0,0,0,1,0,0,0,1,0,1,1,1,1,0,1,0,0,0,-0.5000000000000004,0.8660254037844384,-0.5680647467311559,0.8229838658936564,1,835.11,122146.66666666669,122458.33333333334,122614.16666666669,131570.0,142482.33333333334,50000.0,131216.25,122848.50000000003,998.9741590089017,123889.77083333334,2268.8546389147064,127848.09722222223,6393.7693189006795,118827.15705128206,34175.902818313865,124330.66666666669,122146.66666666669,139822.66666666666,122146.66666666669,1.7880144089073235,1.3999198026329207,-12.739591107201587,-5.247508089381703,3.384,2.042522745076081,0.534,11.73070800504226,1.0,0,0,0.667,111607.42,409,2009,4
Sorghum,2009-11-23,126514.66666666669,NGN,NGN/MT,Gap-filled,wholesale,National,,,0.6,False,Weekly gap-fill,Interpolated,historical,False,,,148.88,155.0,97.0,11.4,12.5,1,0,0,0,0,1,0,0,0,1,0,1,1,1,1,0,1,0,0,0,-0.5000000000000004,0.8660254037844384,-0.4647231720437684,0.88545602565321,1,849.78,124330.66666666669,122146.66666666669,122458.33333333334,128636.66666666669,139822.66666666666,50000.0,130320.0,123862.58333333334,2014.0288051006812,123624.52083333334,1683.029037649787,126739.09722222225,5163.792640748526,121770.02884615384,31174.704962881893,126514.66666666669,122146.66666666669,137163.0,122146.66666666669,1.7566060398078287,3.312419190200755,-9.517770127876247,-2.9199918150194293,1.718,-0.03140836909949485,0.593,11.748121426648611,1.0,0,0,0.667,113567.92,410,2009,4
Sorghum,2009-11-30,128698.66666666669,NGN,NGN/MT,Gap-filled,wholesale,National,,,0.6,False,Weekly gap-fill,Interpolated,historical,False,,,148.88,155.0,97.0,11.4,12.5,1,0,0,0,0,1,0,0,0,1,0,1,1,1,1,0,1,0,0,0,-0.5000000000000004,0.8660254037844384,-0.3546048870425359,0.9350162426854148,1,864.45,126514.66666666669,124330.66666666669,122458.33333333334,125703.33333333334,137163.0,50000.0,128880.0,125422.66666666669,2819.5318760386426,123998.93750000001,2394.4011776452426,126033.73611111112,4073.4623482125075,124796.90064102566,27535.732381842405,128698.66666666669,122146.66666666669,134503.33333333334,122146.66666666669,1.7262820647935495,5.095882953385522,-6.1710033561042765,-0.1406993585764349,0.501,-0.030323975014279192,0.649,11.765236803578274,1.0,0,0,0.667,115528.43,411,2009,4
Sorghum,2009-12-07,130882.66666666666,NGN,NGN/MT,Gap-filled,wholesale,National,,,0.6,False,Weekly gap-fill,Interpolated,historical,False,,,148.88,155.0,97.0,11.4,12.5,1,0,0,0,0,0,0,0,0,1,0,1,1,1,1,0,0,0,0,1,-2.4492935982947064e-16,1.0,-0.2393156642875578,0.970941817426052,1,879.12,128698.66666666669,126514.66666666669,122146.66666666669,122770.0,134503.33333333334,50000.0,127440.0,127606.66666666669,2819.5318760387554,125013.02083333334,3333.3942118704144,125732.01388888889,3479.938157218085,127907.77243589744,22931.42694321415,130882.66666666666,124330.66666666669,131570.0,122146.66666666669,1.6969872777754524,7.152057635629272,-2.691878763847255,2.701401966938688,-0.235,-0.029294787018097068,0.702,11.78206416692907,1.0,0,0,0.667,117488.93,412,2009,4
Sorghum,2009-12-14,133066.66666666666,NGN,NGN/MT,WFP Nigeria Food Prices,wholesale,National,,,0.9,True,WFP VAM data — converted to NGN/MT,WFP,historical,False,,,148.88,155.0,97.0,11.4,12.5,1,0,0,0,0,0,0,0,0,1,0,1,1,1,1,0,0,0,0,1,-2.4492935982947064e-16,1.0,-0.1205366802553236,0.992708874098054,1,893.78,130882.66666666666,128698.66666666669,124330.66666666669,122614.16666666669,131570.0,50000.0,126000.0,129790.66666666666,2819.5318760388814,126319.58333333334,4195.7543875872225,125856.73611111112,3726.2953489434235,131102.64423076922,16538.276058444037,133066.66666666666,126514.66666666669,133066.66666666666,122146.66666666669,1.668670157494745,7.02642415923127,1.1375440196599973,5.608465608465596,-1.001,-0.02831712028070754,0.753,11.79861304975316,1.0,0,0,0.667,119449.43,413,2009,4
Sorghum,2009-12-21,132787.5,NGN,NGN/MT,Gap-filled,wholesale,National,,,0.6,False,Weekly gap-fill,Interpolated,historical,False,,,148.88,155.0,97.0,11.4,12.5,1,0,0,0,0,0,0,0,0,1,0,1,1,1,1,0,0,0,0,1,-2.4492935982947064e-16,1.0,6.432490598706546e-16,1.0,1,891.91,133066.66666666666,130882.66666666666,126514.66666666669,122458.33333333334,128636.66666666669,76583.33333333334,126171.66666666666,131358.875,2021.633375996833,127610.72916666667,4421.032815784025,126202.63888888892,4173.615575720396,133264.34294871794,12242.305955722135,133066.66666666666,128698.66666666669,133066.66666666666,122146.66666666669,-0.20979458917834704,4.958186666104569,3.2267886294731873,5.243517429956546,-1.43,-1.878464746673092,0.741,11.796512915889245,1.0,0,0,0.667,119198.83,414,2009,4
Sorghum,2009-12-28,132787.5,NGN,NGN/MT,Gap-filled,wholesale,National,,,0.6,False,Weekly gap-fill,Interpolated,historical,False,,,148.88,155.0,97.0,11.4,12.5,1,0,0,0,0,0,0,0,0,1,0,1,1,1,1,0,0,0,0,1,-2.4492935982947064e-16,1.0,0.1205366802553231,0.992708874098054,1,891.91,132787.5,133066.66666666666,128698.66666666669,122458.33333333334,125703.33333333334,103166.66666666669,126171.66666666666,132381.0833333333,1007.5756427813254,128901.875,4204.318036116521,126792.98611111112,4577.997859468166,134403.60576923078,10597.099084800664,133066.66666666666,130882.66666666666,133066.66666666666,122146.66666666669,0.0,3.1770595913969357,5.635623558113001,5.243517429956546,-1.505,0.20979458917834704,0.736,11.796512915889245,1.0,0,0,0.667,119198.83,415,2009,4
Sorghum,2010-01-04,132647.9166666667,NGN,NGN/MT,Gap-filled,wholesale,National,,,0.6,False,Weekly gap-fill,Interpolated,historical,False,,,150.3,155.0,97.0,11.4,12.5,1,0,0,0,0,0,0,0,0,1,0,0,1,0,0,0,0,0,0,1,0.4999999999999999,0.8660254037844387,0.120536680255323,0.992708874098054,1,882.55,132787.5,132787.5,130882.66666666666,122146.66666666669,122770.0,129750.0,126171.66666666666,132822.39583333334,175.63850943282813,130214.53125000001,3345.561839171788,127616.14583333333,4675.889801903216,134515.06410256412,10561.375148975096,133066.66666666666,132647.9166666667,133066.66666666666,122146.66666666669,-0.10511782610058695,1.3487271041747517,8.045871684179096,5.132887732322389,-1.258,-0.10511782610058695,0.728,11.795461192677404,1.0,0,0,0.333,119073.53,416,2010,1
Sorghum,2010-01-11,132508.33333333334,NGN,NGN/MT,WFP Nigeria Food Prices,wholesale,National,,,0.9,True,WFP VAM data — converted to NGN/MT,WFP,historical,False,,,150.3,155.0,97.0,11.4,12.5,1,0,0,0,0,0,0,0,0,1,0,0,1,0,0,0,0,0,0,1,0.4999999999999999,0.8660254037844387,0.2393156642875577,0.970941817426052,1,881.63,132647.9166666667,132787.5,133066.66666666666,124330.66666666669,122614.16666666669,156333.33333333334,126343.33333333331,132682.8125,133.64086712569608,131236.73958333334,2409.2641047977777,128440.65972222223,4585.146224997649,133598.71794871794,9580.656083949918,132787.5,132508.33333333334,133066.66666666666,122146.66666666669,-0.10522843994912323,-0.41958917835669407,8.06935033336278,4.879560984618658,-0.686,-0.00011061384853627843,0.72,11.794408362179189,1.0,0,0,0.333,118948.23,417,2010,1
Sorghum,2010-01-18,131264.6666666667,NGN,NGN/MT,Gap-filled,wholesale,National,,,0.6,False,Weekly gap-fill,Interpolated,historical,False,,,150.3,155.0,97.0,11.4,12.5,1,0,0,0,0,0,0,0,0,1,0,0,1,0,0,0,0,0,0,1,0.4999999999999999,0.8660254037844387,0.3546048870425356,0.9350162426854148,1,873.35,132508.33333333334,132647.9166666667,132787.5,126514.66666666669,122458.33333333334,152067.5,125550.41666666666,132302.1041666667,700.9523131104369,131830.48958333334,1488.7372155303942,129174.52083333333,4231.734928811701,132798.60897435897,8814.60521239731,132787.5,131264.6666666667,133066.66666666666,122146.66666666669,-0.9385573234387712,-1.146819793529752,7.191289554270175,4.551358849864462,-0.374,-0.833328883489648,0.685,11.784978538409792,1.0,0,0,0.333,117831.84,418,2010,1
Sorghum,2010-01-25,130021.0,NGN,NGN/MT,Gap-filled,wholesale,National,,,0.6,False,Weekly gap-fill,Interpolated,historical,False,,,150.3,155.0,97.0,11.4,12.5,1,0,0,0,0,0,0,0,0,1,0,0,1,0,0,0,0,0,0,1,0.4999999999999999,0.8660254037844387,0.4647231720437685,0.8854560256532099,1,865.08,131264.6666666667,132508.33333333334,132787.5,128698.66666666669,122458.33333333334,152067.5,124757.5,131610.4791666667,1228.6101873567989,131995.78125,1118.7835593443401,129804.74305555558,3665.894129265668,131950.6666666667,7899.778266332299,132647.9166666667,130021.0,133066.66666666666,122146.66666666669,-0.9474496818133504,-2.08340393485833,6.175706022456606,4.218984830571304,-0.258,-0.008892358374579246,0.65,11.775458945889039,1.0,0,0,0.333,116715.44,419,2010,1
Sorghum,2010-02-01,128777.33333333334,NGN,NGN/MT,Gap-filled,wholesale,National,,,0.6,False,Weekly gap-fill,Interpolated,historical,False,,,150.3,155.0,97.0,11.4,12.5,1,0,0,0,0,0,0,0,1,1,0,0,1,0,0,0,0,0,0,0,0.8660254037844386,0.5000000000000001,0.5680647467311558,0.8229838658936564,1,856.8,130021.0,131264.6666666667,132647.9166666667,130882.66666666666,122146.66666666669,149934.5833333333,123964.58333333334,130642.83333333334,1605.566762744363,131732.61458333334,1573.3070688260182,130357.29861111112,2805.387714128066,131136.92628205128,7013.11540885738,132508.33333333334,128777.33333333334,133066.66666666666,124330.66666666669,-0.95651215316499,-2.9179375225770077,5.428446676127052,3.882358872661884,-0.377,-0.009062471351639623,0.615,11.765847859040212,1.0,0,0,0.333,115599.04,420,2010,1
Sorghum,2010-02-08,127533.66666666669,NGN,NGN/MT,Gap-filled,wholesale,National,,,0.6,False,Weekly gap-fill,Interpolated,historical,False,,,150.3,155.0,97.0,11.4,12.5,1,0,0,0,0,0,0,0,1,1,0,0,1,0,0,0,0,0,0,0,0.8660254037844386,0.5000000000000001,0.6631226582407952,0.7485107481711011,1,848.53,128777.33333333334,130021.0,132508.33333333334,133066.66666666666,124330.66666666669,147801.66666666666,123171.66666666669,129399.16666666669,1605.5667627442501,131040.98958333334,2047.7085957081347,130624.2152777778,2283.734445096939,130357.38782051283,6161.379441909343,131264.6666666667,127533.66666666669,133066.66666666666,126514.66666666669,-0.9657496660902987,-3.754229293755107,2.5761946636925215,3.5413988606687097,-0.735,-0.00923751292530861,0.581,11.756143502048593,1.0,0,0,0.333,114482.65,421,2010,1
Sorghum,2010-02-15,126290.0,NGN,NGN/MT,WFP Nigeria Food Prices,wholesale,National,,,0.9,True,WFP VAM data — converted to NGN/MT,WFP,historical,False,,,150.3,155.0,97.0,11.4,12.5,1,0,0,0,0,0,0,0,1,1,0,0,1,0,0,0,0,0,0,0,0.8660254037844386,0.5000000000000001,0.7485107481711011,0.6631226582407953,1,840.25,127533.66666666669,128777.33333333334,131264.6666666667,132787.5,126514.66666666669,145142.0,103378.75,128155.5,1605.5667627441376,130228.80208333334,2495.6015179490105,130605.49305555556,2321.102778671504,129632.3108974359,5416.104326581365,130021.0,126290.0,133066.66666666666,126290.0,-0.9751673414340467,-3.789798727253346,-0.1775815188753027,22.16243667097928,-1.139,-0.009417675343748044,0.537,11.746344046892183,1.0,0,0,0.333,113366.25,422,2010,1
Sorghum,2010-02-22,127129.16666666666,NGN,NGN/MT,Gap-filled,wholesale,National,,,0.6,False,Weekly gap-fill,Interpolated,historical,False,,,150.3,155.0,97.0,11.4,12.5,1,0,0,0,0,0,0,0,1,1,0,0,1,0,0,0,0,0,0,0,0.8660254037844386,0.5000000000000001,0.8229838658936564,0.5680647467311559,1,845.84,126290.0,127533.66666666669,130021.0,132787.5,128698.66666666669,142482.33333333334,83585.83333333334,127432.54166666667,1035.3950523112967,129521.51041666669,2468.5131796962096,130474.70138888889,2477.283702412251,129041.8044871795,4755.7593001029345,128777.33333333334,126290.0,133066.66666666666,126290.0,0.6644759416158497,-2.224127897288397,-1.2195153536944447,52.09415471122496,-1.247,1.6396432830498964,0.537,11.752966774937304,1.0,0,0,0.333,114119.54,423,2010,1
Sorghum,2010-03-01,127129.16666666666,NGN,NGN/MT,Gap-filled,wholesale,National,,,0.6,False,Weekly gap-fill,Interpolated,historical,False,,,150.3,155.0,97.0,11.4,12.5,1,0,0,1,0,0,0,0,1,1,0,0,0,0,0,0,0,0,0,0,1.0,6.123233995736766e-17,0.8854560256532099,0.4647231720437686,0,845.84,127129.16666666666,126290.0,128777.33333333334,132647.9166666667,130882.66666666666,139822.66666666666,63792.91666666667,127020.5,523.0000531111634,128831.66666666667,2229.5649354959,130161.90972222223,2651.9012622764626,128553.59294871794,4226.891264032132,127533.66666666669,126290.0,133066.66666666666,126290.0,0.0,-1.2798577389395827,-2.8678358224160094,99.28414204816363,-1.193,-0.6644759416158497,0.511,11.752966774937304,1.0,0,0,0.333,114119.54,424,2010,1
Sorghum,2010-03-08,127548.75,NGN,NGN/MT,Gap-filled,wholesale,National,,,0.6,False,Weekly gap-fill,Interpolated,historical,False,,,150.3,155.0,97.0,11.4,12.5,1,0,0,1,0,0,0,0,1,1,0,0,0,0,0,0,0,0,0,0,1.0,6.123233995736766e-17,0.9350162426854148,0.3546048870425355,0,848.63,127129.16666666666,127129.16666666666,127533.66666666669,132508.33333333334,133066.66666666666,137163.0,44000.0,127024.27083333331,527.9641164097342,128211.71875,1683.9593077857821,129702.08333333333,2579.853598489294,128183.8141025641,3847.0659846384833,127548.75,126290.0,132787.5,126290.0,0.3300449018386997,0.01182694242825022,-4.146730961923839,189.88352272727275,-0.905,0.3300449018386997,0.492,11.756261763552356,1.0,0,0,0.333,114496.18,425,2010,1
Sorghum,2010-03-15,127968.33333333331,NGN,NGN/MT,WFP Nigeria Food Prices,wholesale,National,,,0.9,True,WFP VAM data — converted to NGN/MT,WFP,historical,False,,,150.3,155.0,97.0,11.4,12.5,1,0,0,1,0,0,0,0,1,1,0,0,0,0,0,0,0,0,0,0,1.0,6.123233995736766e-17,0.970941817426052,0.239315664287558,0,851.42,127548.75,127129.16666666666,126290.0,131264.6666666667,132787.5,134503.33333333334,45600.0,127443.85416666666,401.72045729466015,127799.67708333333,1148.3249571540307,129300.48611111111,2426.4230987348524,127932.46794871797,3624.723320710253,127968.33333333331,127129.16666666666,132787.5,126290.0,0.3289591888068877,1.3289518832316993,-3.629232169192642,180.63230994152045,-0.382,-0.0010857130318120412,0.474,11.75954593086375,1.0,0,0,0.333,114872.83,426,2010,1
Sorghum,2010-03-22,131197.5,NGN,NGN/MT,Gap-filled,wholesale,National,,,0.6,False,Weekly gap-fill,Interpolated,historical,False,,,150.3,155.0,97.0,11.4,12.5,1,0,0,1,0,0,0,0,1,1,0,0,0,0,0,0,0,0,0,0,1.0,6.123233995736766e-17,0.992708874098054,0.120536680255323,0,872.9,127968.33333333331,127548.75,127129.16666666666,130021.0,132787.5,131570.0,45600.0,128460.9375,1856.2626223224916,127946.73958333333,1496.1119845513037,129167.98611111111,2256.133869902776,127918.14102564103,3610.478842954034,131197.5,127129.16666666666,132647.9166666667,126290.0,2.523410739636134,3.2001573203107148,-1.1974018638802653,187.71381578947367,0.424,2.194451550829246,0.53,11.78446672249994,1.0,0,0,0.333,117771.54,427,2010,1
Sorghum,2010-03-29,134426.66666666666,NGN,NGN/MT,Gap-filled,wholesale,National,,,0.6,False,Weekly gap-fill,Interpolated,historical,False,,,150.3,155.0,97.0,11.4,12.5,1,0,0,1,0,0,0,0,1,1,0,0,0,0,0,0,0,0,0,0,1.0,6.123233995736766e-17,1.0,-1.6081226496766364e-16,0,894.39,131197.5,127968.33333333331,127129.16666666666,128777.33333333334,132647.9166666667,128636.66666666669,46400.0,130285.3125,3206.247398652421,128652.90625,2751.0687697463272,129316.2152777778,2545.4358853700937,128140.83333333333,3828.546331687834,134426.66666666666,127548.75,134426.66666666666,126290.0,2.461301981109898,5.740224836944052,1.3409558511724207,189.71264367816093,1.674,-0.062108758526235874,0.589,11.808781539060933,1.0,0,0,0.333,120670.26,428,2010,1
Sorghum,2010-04-05,137655.8333333333,NGN,NGN/MT,Gap-filled,wholesale,National,,,0.6,False,Weekly gap-fill,Interpolated,historical,False,,,150.3,155.0,97.0,11.4,12.5,0,1,1,1,0,0,0,0,1,0,0,0,0,0,0,0,0,0,0,0,0.8660254037844387,-0.4999999999999998,0.992708874098054,-0.1205366802553228,0,915.87,134426.66666666666,131197.5,127548.75,127533.66666666669,132508.33333333334,125703.33333333334,47200.0,132812.0833333333,4168.836240709414,129918.17708333333,4139.899450134356,129745.17361111111,3416.846378579636,128600.54487179489,4221.579287108342,137655.8333333333,127968.33333333331,137655.8333333333,126290.0,2.4021771473913933,7.924094382213331,3.884661342053941,191.64371468926552,3.275,-0.05912483371850463,0.652,11.83251915215249,1.0,0,0,0.333,123568.97,429,2010,2
Sorghum,2010-04-12,140885.0,NGN,NGN/MT,WFP Nigeria Food Prices,wholesale,National,,,0.9,True,WFP VAM data — converted to NGN/MT,WFP,historical,False,,,150.3,155.0,97.0,11.4,12.5,0,1,1,1,0,0,0,0,1,0,0,0,0,0,0,0,0,0,0,0,0.8660254037844387,-0.4999999999999998,0.970941817426052,-0.2393156642875575,0,937.36,137655.8333333333,134426.66666666666,127968.33333333331,126290.0,131264.6666666667,122770.0,48000.0,136041.25,4168.836240709504,131742.5520833333,5351.263602619734,130546.86805555555,4695.234876152343,129297.27564102566,4689.710431759392,140885.0,131197.5,140885.0,126290.0,2.3458262454067347,10.093642958544446,7.328958795715512,193.51041666666666,5.216,-0.05635090198465864,0.718,11.855706331701002,1.0,0,0,0.333,126467.68,430,2010,2
Sorghum,2010-04-19,140092.5,NGN,NGN/MT,Gap-filled,wholesale,National,,,0.6,False,Weekly gap-fill,Interpolated,historical,False,,,150.3,155.0,97.0,11.4,12.5,0,1,1,1,0,0,0,0,1,0,0,0,0,0,0,0,0,0,0,0,0.8660254037844387,-0.4999999999999998,0.9350162426854148,-0.3546048870425354,0,932.09,140885.0,137655.8333333333,131197.5,127129.16666666666,130021.0,122614.16666666669,48500.0,138265.0,2904.4817699296104,133362.96875,5705.692130702252,131386.15972222222,5434.629383957563,129969.51923076923,4939.464846310915,140885.0,134426.66666666666,140885.0,126290.0,-0.5625155268481397,6.77985479906249,7.746056406272839,188.8505154639175,6.383,-2.9083417722548743,0.667,11.850065335816963,1.0,0,0,0.333,125756.28,431,2010,2
Sorghum,2010-04-26,140092.5,NGN,NGN/MT,Gap-filled,wholesale,National,,,0.6,False,Weekly gap-fill,Interpolated,historical,False,,,150.3,155.0,97.0,11.4,12.5,0,1,1,1,0,0,0,0,1,0,0,0,0,0,0,0,0,0,0,0,0.8660254037844387,-0.4999999999999998,0.8854560256532099,-0.4647231720437685,0,932.09,140092.5,140885.0,134426.66666666666,127129.16666666666,128777.33333333334,122458.33333333334,49000.0,139681.4583333333,1401.1399748663819,134983.38541666666,5520.154758107136,132329.09027777778,5902.327210243714,130647.75641025642,5075.645782772128,140885.0,137655.8333333333,140885.0,126290.0,0.0,4.214813529061701,8.786613586241888,185.90306122448982,6.915,0.5625155268481397,0.641,11.850065335816963,1.0,0,0,0.333,125756.28,432,2010,2
Sorghum,2010-05-03,140092.5,NGN,NGN/MT,Gap-filled,wholesale,National,,,0.6,False,Weekly gap-fill,Interpolated,historical,False,,,150.3,155.0,97.0,11.4,12.5,0,1,1,1,0,0,0,0,1,0,1,0,0,0,0,0,0,0,0,0,0.4999999999999999,-0.8660254037844387,0.8229838658936565,-0.5680647467311557,0,932.09,140092.5,140092.5,137655.8333333333,127548.75,127533.66666666669,122458.33333333334,49500.0,140290.625,396.25000000251333,136551.35416666666,4847.175906991509,133375.65972222222,6085.324247319612,131325.9935897436,5115.587498948202,140885.0,140092.5,140885.0,126290.0,0.0,1.7701150816953115,9.847465113786935,183.0151515151515,6.826,0.0,0.616,11.850065335816963,1.0,0,0,0.333,125756.28,433,2010,2
Sorghum,2010-05-10,139300.0,NGN,NGN/MT,WFP Nigeria Food Prices,wholesale,National,,,0.9,True,WFP VAM data — converted to NGN/MT,WFP,historical,False,,,150.3,155.0,97.0,11.4,12.5,0,1,1,1,0,0,0,0,1,0,1,0,0,0,0,0,0,0,0,0,0.4999999999999999,-0.8660254037844387,0.7485107481711013,-0.663122658240795,0,926.81,140092.5,140092.5,140885.0,127968.33333333331,126290.0,122146.66666666669,50000.0,139894.375,396.2500000024309,137967.8125,3428.9059797205528,134459.82638888888,5863.0515545128,131985.7371794872,4988.943055379854,140092.5,139300.0,140885.0,127129.16666666666,-0.5656976640433964,-1.1250310536962793,10.301686594346338,178.6,5.992,-0.5656976640433964,0.564,11.844392338493027,1.0,0,0,0.333,125044.88,434,2010,2
Sorghum,2010-05-17,143158.0,NGN,NGN/MT,Gap-filled,wholesale,National,,,0.6,False,Weekly gap-fill,Interpolated,historical,False,,,150.3,155.0,97.0,11.4,12.5,0,1,1,1,0,0,0,0,1,0,1,0,0,0,0,0,0,0,0,0,0.4999999999999999,-0.8660254037844387,0.6631226582407952,-0.7485107481711012,0,952.48,139300.0,140092.5,140092.5,131197.5,127129.16666666666,124330.66666666669,50000.0,140660.75,1706.2350609852615,139462.875,2550.097853321194,135795.5625,5866.9991519851055,132709.86538461538,5195.477914979235,143158.0,139300.0,143158.0,127129.16666666666,2.769562096195255,2.1881970840694542,12.608305201402793,186.316,5.991,3.3352597602386513,0.69,11.871711179664171,1.0,0,0,0.333,128508.08,435,2010,2
Sorghum,2010-05-24,147016.0,NGN,NGN/MT,Gap-filled,wholesale,National,,,0.6,False,Weekly gap-fill,Interpolated,historical,False,,,150.3,155.0,97.0,11.4,12.5,0,1,1,1,0,0,0,0,1,0,1,0,0,0,0,0,0,0,0,0,0.4999999999999999,-0.8660254037844387,0.5680647467311558,-0.8229838658936564,0,978.15,143158.0,139300.0,140092.5,134426.66666666666,127129.16666666666,126514.66666666669,50000.0,142391.625,3503.155515032454,141036.54166666666,2863.4614940976558,137452.7986111111,6003.58296170697,133498.37820512822,5744.368391507036,147016.0,139300.0,147016.0,127548.75,2.694924489026107,4.942091832182305,15.643013994952648,194.03199999999998,6.662,-0.07463760716914791,0.844,11.898303505332864,1.0,0,0,0.333,131971.27,436,2010,2
Sorghum,2010-05-31,150874.0,NGN,NGN/MT,Gap-filled,wholesale,National,,,0.6,False,Weekly gap-fill,Interpolated,historical,False,,,150.3,155.0,97.0,11.4,12.5,0,1,1,1,0,0,0,0,1,0,1,0,0,0,0,0,0,0,0,0,0.4999999999999999,-0.8660254037844387,0.464723172043769,-0.8854560256532096,0,1003.82,147016.0,143158.0,140092.5,137655.8333333333,127548.75,128698.66666666669,50000.0,145087.0,4980.6565832230135,142688.8125,4155.930160089432,139396.56944444444,6275.295135100248,134351.27564102563,6587.582021954498,150874.0,139300.0,150874.0,127968.33333333331,2.6242041682537964,7.6959865802951555,18.28732151432295,201.748,7.991,-0.07072032077231061,1.044,11.924206958399832,1.0,0,0,0.333,135434.47,437,2010,2
Sorghum,2010-06-07,154732.0,NGN,NGN/MT,Gap-filled,wholesale,National,,,0.6,False,Weekly gap-fill,Interpolated,historical,False,,,150.3,155.0,97.0,11.4,12.5,0,1,1,0,0,0,0,1,0,0,1,0,0,0,0,0,0,0,1,0,1.2246467991473532e-16,-1.0,0.3546048870425358,-0.9350162426854148,0,1029.49,150874.0,147016.0,139300.0,140885.0,127968.33333333331,130882.66666666666,50000.0,148945.0,4980.656583223077,144419.6875,5839.758898750946,141626.875,6592.36689883914,135268.5576923077,7658.647489412851,154732.0,143158.0,154732.0,131197.5,2.5571006270132646,11.078248384781041,20.91428869121268,209.464,10.111,-0.06710354124053186,1.335,11.949456329908184,1.0,0,0,0.333,138897.67,438,2010,2
Sorghum,2010-06-14,158590.0,NGN,NGN/MT,WFP Nigeria Food Prices,wholesale,National,,,0.9,True,WFP VAM data — converted to NGN/MT,WFP,historical,False,,,150.3,155.0,97.0,11.4,12.5,0,1,1,0,0,0,0,1,0,0,1,0,0,0,0,0,0,0,1,0,1.2246467991473532e-16,-1.0,0.2393156642875576,-0.970941817426052,0,1055.16,154732.0,150874.0,143158.0,140092.5,131197.5,133066.66666666666,50000.0,152803.0,4980.656583223141,146731.875,7348.692832013779,143909.58333333334,7351.555020860841,136250.22435897437,8900.242639038388,158590.0,147016.0,158590.0,134426.66666666666,2.4933433291109752,10.77969795610445,20.878827721564818,217.18,12.149,-0.06375729790228934,1.859,11.974083840040583,1.0,0,0,0.333,142360.86,439,2010,2
Sorghum,2010-06-21,158076.6666666667,NGN,NGN/MT,Gap-filled,wholesale,National,,,0.6,False,Weekly gap-fill,Interpolated,historical,False,,,150.3,155.0,97.0,11.4,12.5,0,1,1,0,0,0,0,1,0,0,1,0,0,0,0,0,0,0,1,0,1.2246467991473532e-16,-1.0,0.120536680255323,-0.992708874098054,0,1051.74,158590.0,154732.0,147016.0,140092.5,134426.66666666666,132787.5,76583.33333333334,155568.1666666667,3566.4372667666953,148979.89583333334,7766.385633040385,145880.41666666666,7738.154036423141,137222.88461538462,9839.031115581096,158590.0,150874.0,158590.0,137655.8333333333,-0.3236858145742594,7.523444160272819,17.59323546915297,106.41131664853103,13.369,-2.8170291436852346,2.043,11.97084175241392,1.0,0,0,0.333,141900.06,440,2010,2
Sorghum,2010-06-28,158076.6666666667,NGN,NGN/MT,Gap-filled,wholesale,National,,,0.6,False,Weekly gap-fill,Interpolated,historical,False,,,150.3,155.0,97.0,11.4,12.5,0,1,1,0,0,0,0,1,0,0,1,0,0,0,0,0,0,0,1,0,1.2246467991473532e-16,-1.0,-3.216245299353273e-16,-1.0,0,1051.74,158076.6666666667,158590.0,150874.0,140092.5,137655.8333333333,132787.5,103166.66666666669,157368.83333333334,1774.4665030299236,151227.9166666667,7421.53116822648,147582.15277777778,8005.8114139825,138195.54487179487,10603.345046080358,158590.0,154732.0,158590.0,139300.0,0.0,4.7739614954642295,14.834702488694651,53.22455573505653,13.874,0.3236858145742594,2.041,11.97084175241392,1.0,0,0,0.333,141900.06,441,2010,2
Sorghum,2010-07-05,157820.0,NGN,NGN/MT,Gap-filled,wholesale,National,,,0.6,False,Weekly gap-fill,Interpolated,historical,False,,,150.3,155.0,97.0,11.4,12.5,0,1,1,0,0,0,1,1,0,0,1,0,0,0,0,0,0,0,1,0,-0.4999999999999997,-0.8660254037844388,-0.1205366802553228,-0.992708874098054,0,1050.03,158076.6666666667,158076.6666666667,154732.0,139300.0,140885.0,132647.9166666667,129750.0,158140.83333333334,322.96513973883447,153542.9166666667,5902.305128789762,148993.40277777778,8208.00785278648,139163.70192307694,11208.471233059241,158590.0,157820.0,158590.0,139300.0,-0.1623684709951001,1.9957087092521197,12.020442204634985,21.633911368015426,13.637,-0.1623684709951001,1.901,11.969216758387482,1.0,0,0,0.333,141669.66,442,2010,3
Sorghum,2010-07-12,157563.33333333334,NGN,NGN/MT,WFP Nigeria Food Prices,wholesale,National,,,0.9,True,WFP VAM data — converted to NGN/MT,WFP,historical,False,,,150.3,155.0,97.0,11.4,12.5,0,1,1,0,0,0,1,1,0,0,1,0,0,0,0,0,0,0,1,0,-0.4999999999999997,-0.8660254037844388,-0.2393156642875574,-0.970941817426052,0,1048.33,157820.0,158076.6666666667,158590.0,143158.0,140092.5,132508.33333333334,156333.33333333334,157884.1666666667,245.73962433427823,155343.58333333334,4246.654032089086,150449.30555555556,8033.266779817739,140127.35576923078,11680.503143975424,158076.6666666667,157563.33333333334,158590.0,139300.0,-0.1626325349554314,-0.6473716291485299,12.470926947076633,0.7867803837953158,12.672,-0.00026406396033129553,1.868,11.967589119456923,1.0,0,0,0.333,141439.26,443,2010,3
Sorghum,2010-07-19,156077.9166666667,NGN,NGN/MT,Gap-filled,wholesale,National,,,0.6,False,Weekly gap-fill,Interpolated,historical,False,,,150.3,155.0,97.0,11.4,12.5,0,1,1,0,0,0,1,1,0,0,1,0,0,0,0,0,0,0,1,0,-0.4999999999999997,-0.8660254037844388,-0.3546048870425356,-0.9350162426854148,0,1038.44,157563.33333333334,157820.0,158076.6666666667,147016.0,140092.5,131264.6666666667,152067.5,157384.4791666667,895.8973733597173,156476.3229166667,2595.719081197271,151781.42361111112,7465.012368437987,141081.71153846153,11938.251645754075,158076.6666666667,156077.9166666667,158590.0,139300.0,-0.9427426008589035,-1.2644181093562246,11.410615605165653,2.637260865514768,11.556,-0.7801100659034721,1.709,11.95811703438789,1.0,0,0,0.333,140105.85,444,2010,3
Sorghum,2010-07-26,154592.5,NGN,NGN/MT,Gap-filled,wholesale,National,,,0.6,False,Weekly gap-fill,Interpolated,historical,False,,,150.3,155.0,97.0,11.4,12.5,0,1,1,0,0,0,1,1,0,0,1,0,0,0,0,0,0,0,1,0,-0.4999999999999997,-0.8660254037844388,-0.464723172043768,-0.8854560256532101,0,1028.56,156077.9166666667,157563.33333333334,158076.6666666667,150874.0,140092.5,130021.0,152067.5,156513.4375,1493.2142179924842,156941.1354166667,1585.5897630553327,152989.75694444447,6513.90741703474,142026.76923076922,12000.044814853996,157820.0,154592.5,158590.0,139300.0,-0.951714821923888,-2.2040992767222822,10.350304263254628,1.6604468410409856,10.2,-0.00897222106498452,1.562,11.948554370267109,1.0,0,0,0.333,138772.44,445,2010,3
Sorghum,2010-08-02,153107.0833333333,NGN,NGN/MT,Gap-filled,wholesale,National,,,0.6,False,Weekly gap-fill,Interpolated,historical,False,,,150.3,155.0,97.0,11.4,12.5,0,1,0,0,1,0,1,1,0,0,1,0,0,0,0,1,0,0,1,0,-0.8660254037844384,-0.5000000000000004,-0.5680647467311556,-0.8229838658936565,0,1018.68,154592.5,156077.9166666667,157820.0,154732.0,139300.0,128777.33333333334,149934.5833333333,155335.20833333334,1917.6646707275086,156738.02083333334,1967.1696888743306,154140.34722222222,4893.956501742927,142962.52884615384,11873.476155652877,157563.33333333334,153107.0833333333,158590.0,143158.0,-0.9608594638592982,-2.986260718962541,9.911761186886793,2.1159227774334877,8.654,-0.009144641935410203,1.415,11.938899377987708,1.0,0,0,0.0,137439.03,446,2010,3
Sorghum,2010-08-09,151621.66666666666,NGN,NGN/MT,WFP Nigeria Food Prices,wholesale,National,,,0.9,True,WFP VAM data — converted to NGN/MT,WFP,historical,False,,,150.3,155.0,97.0,11.4,12.5,0,1,0,0,1,0,1,1,0,0,1,0,0,0,0,1,0,0,1,0,-0.8660254037844384,-0.5000000000000004,-0.663122658240795,-0.7485107481711013,0,1008.79,153107.0833333333,154592.5,157563.33333333334,158590.0,143158.0,127533.66666666669,147801.66666666666,153849.79166666666,1917.6646707274635,155866.9791666667,2500.4525458469157,154845.65277777778,3608.3393657367983,143888.99038461538,11556.989529412951,156077.9166666667,151621.66666666666,158590.0,147016.0,-0.9701815450515183,-3.7709704034356695,5.912115750895275,2.584544603691885,6.923,-0.00932208119222011,1.268,11.929150257284853,1.0,0,0,0.0,136105.63,447,2010,3
Sorghum,2010-08-16,145441.3333333333,NGN,NGN/MT,Gap-filled,wholesale,National,,,0.6,False,Weekly gap-fill,Interpolated,historical,False,,,150.3,155.0,97.0,11.4,12.5,0,1,0,0,1,0,1,1,0,0,1,0,0,0,0,1,0,1,1,0,-0.8660254037844384,-0.5000000000000004,-0.7485107481711011,-0.6631226582407952,0,967.67,151621.66666666666,153107.0833333333,156077.9166666667,158076.6666666667,147016.0,126290.0,145142.0,151190.6458333333,4020.1872943147714,154287.5625,4269.8403562849335,154714.43055555556,3932.988374516687,144625.58012820513,10986.68067240925,154592.5,145441.3333333333,158590.0,145441.3333333333,-4.076154463412229,-6.814918830605466,-1.0710852333532972,0.20623481372263885,4.539,-3.105972918360711,0.727,11.887534952553608,1.0,0,0,0.0,130557.75,448,2010,3
Sorghum,2010-08-23,139261.0,NGN,NGN/MT,Gap-filled,wholesale,National,,,0.6,False,Weekly gap-fill,Interpolated,historical,False,,,150.3,155.0,97.0,11.4,12.5,0,1,0,0,1,0,1,1,0,0,1,0,0,0,0,1,0,1,1,0,-0.8660254037844384,-0.5000000000000004,-0.8229838658936564,-0.5680647467311559,0,926.55,145441.3333333333,151621.66666666666,154592.5,158076.6666666667,150874.0,127129.16666666666,142482.33333333334,147357.7708333333,6336.8191947040295,151935.6041666667,6489.633082779943,153746.68055555556,5900.489204897627,145092.1891025641,10458.818706839409,153107.0833333333,139261.0,158590.0,139261.0,-4.249365150667838,-9.917363390850142,-7.697151265294222,-2.2608650897070315,1.561,-0.17321068725560895,0.192,11.844112330019147,1.0,0,0,0.0,125009.87,449,2010,3
Sorghum,2010-08-30,133080.66666666666,NGN,NGN/MT,Gap-filled,wholesale,National,,,0.6,False,Weekly gap-fill,Interpolated,historical,False,,,150.3,155.0,97.0,11.4,12.5,0,1,0,0,1,0,1,1,0,0,1,0,0,0,0,1,0,1,1,0,-0.8660254037844384,-0.5000000000000004,-0.8854560256532096,-0.4647231720437691,0,885.43,139261.0,145441.3333333333,153107.0833333333,157820.0,154732.0,127129.16666666666,139822.66666666666,142351.16666666666,7978.776024670398,148843.1875,8776.47496702014,151942.40277777778,8366.71846981076,145321.09294871797,10109.236160103255,151621.66666666666,133080.66666666666,158590.0,133080.66666666666,-4.437949844775879,-13.080006640232734,-13.992796146455378,-4.82182192682159,-2.044,-0.1885846941080409,-0.338,11.798718253849202,1.0,0,0,0.0,119462.0,450,2010,3
Sorghum,2010-09-06,126900.33333333331,NGN,NGN/MT,Gap-filled,wholesale,National,,,0.6,False,Weekly gap-fill,Interpolated,historical,False,,,150.3,155.0,97.0,11.4,12.5,0,1,0,0,1,1,0,0,0,0,0,0,0,0,0,1,0,1,0,0,-1.0,-1.8369701987210287e-16,-0.9350162426854148,-0.3546048870425359,0,844.31,133080.66666666666,139261.0,151621.66666666666,157563.33333333334,158590.0,127548.75,137163.0,136170.8333333333,7978.7760246703665,145010.3125,10870.050922650604,149301.59722222222,10741.805345675599,145296.15384615384,10155.52742797668,145441.3333333333,126900.33333333331,158076.6666666667,126900.33333333331,-4.644050475651362,-16.304617853648896,-19.982134224520266,-7.482095511666187,-6.28,-0.2061006308754827,-0.855,11.751165160608142,1.0,0,0,0.0,113914.12,451,2010,3
Sorghum,2010-09-13,120720.0,NGN,NGN/MT,WFP Nigeria Food Prices,wholesale,National,,,0.9,True,WFP VAM data — converted to NGN/MT,WFP,historical,False,,,150.3,155.0,97.0,11.4,12.5,0,1,0,0,1,1,0,0,0,0,0,0,0,0,0,1,0,0,0,0,-1.0,-1.8369701987210287e-16,-0.970941817426052,-0.2393156642875577,0,803.19,126900.33333333331,133080.66666666666,145441.3333333333,156077.9166666667,158076.6666666667,127968.33333333331,134503.33333333334,129990.5,7978.776024670322,140590.57291666666,12752.370563427989,146188.54166666666,13117.8666511228,145017.37179487178,10733.27853438998,139261.0,120720.0,158076.6666666667,120720.0,-4.870226240540465,-16.9974606026714,-23.63199291483037,-10.247577507372807,-10.362,-0.22617576488910274,-1.344,11.701237377038966,1.0,0,0,0.0,108366.25,452,2010,3
Sorghum,2010-09-20,120492.91666666669,NGN,NGN/MT,Gap-filled,wholesale,National,,,0.6,False,Weekly gap-fill,Interpolated,historical,False,,,150.3,155.0,97.0,11.4,12.5,0,1,0,0,1,1,0,0,0,0,0,0,0,0,0,1,0,0,0,0,-1.0,-1.8369701987210287e-16,-0.992708874098054,-0.1205366802553235,0,801.68,120720.0,126900.33333333331,139261.0,154592.5,158076.6666666667,131197.5,131570.0,125298.47916666666,5977.2982045244735,136328.125,13097.845033585296,143056.5625,14441.382414193708,144605.65705128206,11464.9631670516,133080.66666666666,120492.91666666669,157820.0,120492.91666666669,-0.1881074663132143,-13.476912655613072,-23.775646838032173,-8.419155835930159,-13.352,4.68211877422725,-1.324,11.699354546544429,1.0,0,0,0.0,108162.4,453,2010,3
Sorghum,2010-09-27,120265.83333333334,NGN,NGN/MT,Gap-filled,wholesale,National,,,0.6,False,Weekly gap-fill,Interpolated,historical,False,,,150.3,155.0,97.0,11.4,12.5,0,1,0,0,1,1,0,0,0,0,0,0,0,0,0,1,0,0,0,0,-1.0,-1.8369701987210287e-16,-1.0,-1.8369701987210287e-16,0,800.17,120492.91666666669,120720.0,133080.66666666666,153107.0833333333,157820.0,134426.66666666666,128636.66666666669,122094.77083333334,3209.069176348318,132222.96875,12203.747198561165,139927.04861111112,15009.15099447899,144061.00961538462,12275.564381895916,126900.33333333331,120265.83333333334,157563.33333333334,120265.83333333334,-0.18846197736381853,-9.629372661192948,-23.795568791450172,-6.507346272446945,-15.248,-0.0003545110506042448,-1.312,11.697468164310848,1.0,0,0,0.0,107958.56,454,2010,3
Sorghum,2010-10-04,120265.83333333334,NGN,NGN/MT,Gap-filled,wholesale,National,,,0.6,False,Weekly gap-fill,Interpolated,historical,False,,,150.3,155.0,97.0,11.4,12.5,0,1,0,0,0,1,0,0,0,1,0,1,0,1,1,1,1,0,0,0,-0.8660254037844386,0.5000000000000001,-0.992708874098054,0.1205366802553232,0,800.17,120265.83333333334,120492.91666666669,126900.33333333331,151621.66666666666,157563.33333333334,137655.8333333333,125703.33333333334,120436.14583333334,217.41573905480536,128303.48958333333,9901.552481531593,136818.9236111111,14886.297251725668,143392.16346153847,13085.549157488409,120720.0,120265.83333333334,156077.9166666667,120265.83333333334,0.0,-5.228118654797309,-23.6714337091963,-4.325660947734078,-16.009,0.18846197736381853,-1.291,11.697468164310848,1.0,0,0,0.333,107958.56,455,2010,4
Sorghum,2010-10-11,119811.66666666669,NGN,NGN/MT,WFP Nigeria Food Prices,wholesale,National,,,0.9,True,WFP VAM data — converted to NGN/MT,WFP,historical,False,,,150.3,155.0,97.0,11.4,12.5,0,1,0,0,0,1,0,0,0,1,0,1,0,1,1,1,1,0,0,0,-0.8660254037844386,0.5000000000000001,-0.970941817426052,0.2393156642875573,0,797.15,120265.83333333334,120265.83333333334,120720.0,145441.3333333333,156077.9166666667,140885.0,122770.0,120209.0625,285.74026161400695,125099.78125,7392.859317126104,133796.7361111111,14290.349166713926,142581.65064102563,13875.82598976883,120492.91666666669,119811.66666666669,154592.5,119811.66666666669,-0.37763565434904,-0.7524298652529127,-23.235990570948807,-2.4096549102657905,-15.691,-0.37763565434904,-1.316,11.693684690849457,1.0,0,0,0.333,107550.87,456,2010,4
Sorghum,2010-10-18,120290.0,NGN,NGN/MT,Gap-filled,wholesale,National,,,0.6,False,Weekly gap-fill,Interpolated,historical,False,,,150.3,155.0,97.0,11.4,12.5,0,1,0,0,0,1,0,0,0,1,0,1,0,1,1,1,1,0,0,0,-0.8660254037844386,0.5000000000000001,-0.9350162426854148,0.3546048870425355,0,800.33,119811.66666666669,120265.83333333334,120492.91666666669,139261.0,154592.5,140092.5,122614.16666666669,120158.33333333334,231.39172334027157,122728.40625,4783.70905473131,130938.19444444444,13136.582755816427,141820.01602564103,14545.244199222312,120290.0,119811.66666666669,153107.0833333333,119811.66666666669,0.39923769248959573,-0.1684054733507967,-22.188980707343497,-1.8955123456370737,-15.274,0.7768733468386357,-1.268,11.69766908619656,1.0,0,0,0.333,107980.25,457,2010,4
Sorghum,2010-10-25,120768.33333333334,NGN,NGN/MT,Gap-filled,wholesale,National,,,0.6,False,Weekly gap-fill,Interpolated,historical,False,,,150.3,155.0,97.0,11.4,12.5,0,1,0,0,0,1,0,0,0,1,0,1,0,1,1,1,1,0,0,0,-0.8660254037844386,0.5000000000000001,-0.8854560256532101,0.464723172043768,0,803.52,120290.0,119811.66666666669,120265.83333333334,133080.66666666666,153107.0833333333,140092.5,122458.33333333334,120283.95833333334,390.744407676418,121189.36458333334,2327.1841455933277,128243.29861111111,11374.152313372317,141076.77884615384,15119.430959933292,120768.33333333334,119811.66666666669,151621.66666666666,119811.66666666669,0.3976501233131202,0.41782440288526956,-21.12165505079504,-1.38006124532154,-14.739,-0.0015875691764755118,-1.223,11.701637669119494,1.0,0,0,0.333,108409.63,458,2010,4
Sorghum,2010-11-01,121246.66666666666,NGN,NGN/MT,Gap-filled,wholesale,National,,,0.6,False,Weekly gap-fill,Interpolated,historical,False,,,150.3,155.0,97.0,11.4,12.5,1,0,0,0,0,1,0,0,0,1,0,1,1,1,1,0,1,0,0,0,-0.5000000000000004,0.8660254037844384,-0.822983865893657,0.5680647467311548,1,806.7,120768.33333333334,120290.0,120265.83333333334,126900.33333333331,151621.66666666666,140092.5,122458.33333333334,120529.16666666666,617.5256779792612,120482.65625000001,431.4640277279435,125712.04861111111,8783.26298965933,140351.9391025641,15612.2184829802,121246.66666666666,119811.66666666669,145441.3333333333,119811.66666666669,0.39607513006996165,0.8155544315024299,-20.033416508194748,-0.9894521946240409,-14.124,-0.0015749932431585734,-1.179,11.705590564628308,1.0,0,0,0.667,108839.02,459,2010,4
Sorghum,2010-11-08,121725.0,NGN,NGN/MT,Gap-filled,wholesale,National,,,0.6,False,Weekly gap-fill,Interpolated,historical,False,,,150.3,155.0,97.0,11.4,12.5,1,0,0,0,0,1,0,0,0,1,0,1,1,1,1,0,1,0,0,0,-0.5000000000000004,0.8660254037844384,-0.7485107481711011,0.6631226582407952,1,809.88,121246.66666666666,120768.33333333334,119811.66666666669,120720.0,145441.3333333333,139300.0,122146.66666666669,121007.5,617.5256779793157,120608.28125000001,616.9002307693,123735.6875,6240.502880955919,139675.97756410256,16034.351136761812,121725.0,120290.0,139261.0,119811.66666666669,0.39451256391929146,1.596950769958383,-16.30646033681392,-0.3452134046501687,-13.366,-0.001562566150670186,-1.139,11.709527896256425,1.0,0,0,0.667,109268.4,460,2010,4
Sorghum,2010-11-15,122203.33333333331,NGN,NGN/MT,WFP Nigeria Food Prices,wholesale,National,,,0.9,True,WFP VAM data — converted to NGN/MT,WFP,historical,False,,,150.3,155.0,97.0,11.4,12.5,1,0,0,0,0,1,0,0,0,1,0,1,1,1,1,0,1,0,0,0,-0.5000000000000004,0.8660254037844384,-0.6631226582407955,0.7485107481711007,1,813.06,121725.0,121246.66666666666,120290.0,120492.91666666669,139261.0,143158.0,124330.66666666669,121485.83333333334,617.5256779793514,120822.08333333333,830.5895305503846,122314.21527777777,3878.2425730109117,138870.02884615384,16375.33613561597,122203.33333333331,120768.33333333334,133080.66666666666,119811.66666666669,0.39296227835967645,1.590600493252392,-12.248703274187811,-1.7110286547701081,-12.518,-0.0015502855596150056,-1.094,11.713449786083814,1.0,0,0,0.667,109697.79,461,2010,4
Sorghum,2010-11-22,123008.33333333331,NGN,NGN/MT,Gap-filled,wholesale,National,,,0.6,False,Weekly gap-fill,Interpolated,historical,False,,,150.3,155.0,97.0,11.4,12.5,1,0,0,0,0,1,0,0,0,1,0,1,1,1,1,0,1,0,0,0,-0.5000000000000004,0.8660254037844384,-0.5680647467311559,0.8229838658936564,1,818.42,122203.33333333331,121725.0,120768.33333333334,120265.83333333334,133080.66666666666,147016.0,126514.66666666669,122045.83333333331,751.1799360321501,121164.89583333333,1092.7857257335645,121474.85416666667,1943.7409917674252,137946.65705128206,16573.303080679714,123008.33333333331,121246.66666666666,126900.33333333331,119811.66666666669,0.6587381686260496,1.8547908530105683,-7.568592482754832,-2.771483675147046,-11.527,0.26577589026637316,-1.018,11.720015512234562,1.0,0,0,0.667,110420.41,462,2010,4
Sorghum,2010-11-29,123813.33333333331,NGN,NGN/MT,Gap-filled,wholesale,National,,,0.6,False,Weekly gap-fill,Interpolated,historical,False,,,150.3,155.0,97.0,11.4,12.5,1,0,0,0,0,1,0,0,0,1,0,1,1,1,1,0,1,0,0,0,-0.5000000000000004,0.8660254037844384,-0.4647231720437684,0.88545602565321,1,823.77,123008.33333333331,122203.33333333331,121246.66666666666,120265.83333333334,126900.33333333331,150874.0,128698.66666666669,122687.5,918.5601655737221,121608.33333333333,1362.3549871883663,121217.60416666667,1235.7533347883723,136905.8621794872,16578.69646939737,123813.33333333331,121725.0,123813.33333333331,119811.66666666669,0.6544272068288004,2.1168966844449244,-2.4326177236203783,-3.795947121959331,-10.386,-0.004310961797249213,-0.941,11.726538410667642,1.0,0,0,0.667,111143.03,463,2010,4
Sorghum,2010-12-06,124618.33333333331,NGN,NGN/MT,Gap-filled,wholesale,National,,,0.6,False,Weekly gap-fill,Interpolated,historical,False,,,150.3,155.0,97.0,11.4,12.5,1,0,0,0,0,0,0,0,0,1,0,1,1,1,1,0,0,0,0,1,-2.4492935982947064e-16,1.0,-0.3546048870425359,0.9350162426854148,1,829.13,123813.33333333331,123008.33333333331,121725.0,119811.66666666669,120720.0,154732.0,130882.66666666666,123410.83333333331,1039.2505312328733,122209.16666666666,1508.83877351105,121542.46527777777,1562.3083565100533,135747.64423076922,16333.601442332678,124618.33333333331,122203.33333333331,124618.33333333331,119811.66666666669,0.6501723023907058,2.3769425617854223,3.229235696929522,-4.786220737148805,-9.088,-0.00425490443809462,-0.862,11.733019036487798,1.0,0,0,0.667,111865.65,464,2010,4
Sorghum,2010-12-13,125423.33333333331,NGN,NGN/MT,WFP Nigeria Food Prices,wholesale,National,,,0.9,True,WFP VAM data — converted to NGN/MT,WFP,historical,False,,,150.3,155.0,97.0,11.4,12.5,1,0,0,0,0,0,0,0,0,1,0,1,1,1,1,0,0,0,0,1,-2.4492935982947064e-16,1.0,-0.2393156642875578,0.970941817426052,1,834.49,124618.33333333331,123813.33333333331,122203.33333333331,120290.0,120492.91666666669,158590.0,133066.66666666666,124215.83333333331,1039.2505312329183,122850.83333333331,1660.0317935393327,121953.33333333333,1877.6851144105415,134472.0032051282,15763.467663758913,125423.33333333331,123008.33333333331,125423.33333333331,119811.66666666669,0.6459723689665742,2.634952674504243,4.091872620451387,-5.743987975951914,-7.627,-0.004199933424131608,-0.782,11.739457934076883,1.0,0,0,0.667,112588.27,465,2010,4
Sorghum,2010-12-20,126205.41666666666,NGN,NGN/MT,Gap-filled,wholesale,National,,,0.6,False,Weekly gap-fill,Interpolated,historical,False,,,150.3,155.0,97.0,11.4,12.5,1,0,0,0,0,0,0,0,0,1,0,1,1,1,1,0,0,0,0,1,-2.4492935982947064e-16,1.0,-0.1205366802553236,0.992708874098054,1,839.69,125423.33333333331,124618.33333333331,123008.33333333331,120768.33333333334,120265.83333333334,158076.6666666667,132787.5,125015.10416666666,1030.4004286703878,123530.46875,1793.2861927002778,122448.29861111111,2154.812461504661,133246.1858974359,15078.807387398905,126205.41666666666,123813.33333333331,126205.41666666666,119811.66666666669,0.6235548940920266,2.599078653207787,4.938712158482228,-4.9568546236154365,-6.177,-0.022417474874547594,-0.707,11.745674073015904,1.0,0,0,0.667,113290.32,466,2010,4
Sorghum,2010-12-27,126987.5,NGN,NGN/MT,Gap-filled,wholesale,National,,,0.6,False,Weekly gap-fill,Interpolated,historical,False,,,150.3,155.0,97.0,11.4,12.5,1,0,0,0,0,0,0,0,0,1,0,1,1,1,1,0,0,0,0,1,-2.4492935982947064e-16,1.0,6.432490598706546e-16,1.0,1,844.89,126205.41666666666,125423.33333333331,123813.33333333331,121246.66666666666,120265.83333333334,158076.6666666667,132787.5,125808.64583333331,1018.5666089769247,124248.07291666666,1894.608695747191,123008.4375,2396.04810713681,132050.44871794872,14240.371774818082,126987.5,124618.33333333331,126987.5,119811.66666666669,0.6196907818932784,2.563671117811772,5.5890076843658765,-4.367881012896547,-4.727,-0.0038641121987481597,-0.635,11.75185181015962,1.0,0,0,0.667,113992.37,467,2010,4
Sorghum,2011-01-03,127596.0,NGN,NGN/MT,Gap-filled,wholesale,National,,,0.6,False,Weekly gap-fill,Interpolated,historical,False,,,153.86,155.0,97.0,11.4,12.5,1,0,0,0,0,0,0,0,0,1,0,0,1,0,0,0,0,0,0,1,0.4999999999999999,0.8660254037844387,0.120536680255323,0.992708874098054,1,829.3,126987.5,126205.41666666666,124618.33333333331,121725.0,119811.66666666669,157820.0,132647.9166666667,126553.0625,944.0339304934199,124981.94791666666,1914.6403413661217,123657.13194444444,2503.2387020231863,130887.98717948717,13251.93240201589,127596.0,125423.33333333331,127596.0,120290.0,0.4791810217541048,2.3894290567198606,6.497141346835988,-3.8085156507672413,-3.312,-0.1405097601391736,-0.578,11.756632138644653,1.0,0,0,0.333,114538.6,468,2011,1
Sorghum,2011-01-10,128551.66666666669,NGN,NGN/MT,WFP Nigeria Food Prices,wholesale,National,,,0.9,True,WFP VAM data — converted to NGN/MT,WFP,historical,False,,,153.86,155.0,97.0,11.4,12.5,1,0,0,0,0,0,0,0,0,1,0,0,1,0,0,0,0,0,0,1,0.4999999999999999,0.8660254037844387,0.2393156642875577,0.970941817426052,1,835.51,127596.0,126987.5,125423.33333333331,122203.33333333331,120290.0,157563.33333333334,132508.33333333334,127335.14583333333,990.8100136854006,125775.48958333333,1914.0629708631373,124345.60416666667,2626.0791478562296,129772.15384615384,12086.115879104971,128551.66666666669,126205.41666666666,128551.66666666669,120768.33333333334,0.7489785468719035,2.494219576368062,6.86812425527199,-2.985975724797174,-1.878,0.26979752511779864,-0.497,11.764093956676986,1.0,0,0,0.333,115396.47,469,2011,1
Sorghum,2011-01-17,127596.0,NGN,NGN/MT,Gap-filled,wholesale,National,,,0.6,False,Weekly gap-fill,Interpolated,historical,False,,,153.86,155.0,97.0,11.4,12.5,1,0,0,0,0,0,0,0,0,1,0,0,1,0,0,0,0,0,0,1,0.4999999999999999,0.8660254037844387,0.3546048870425356,0.9350162426854148,1,829.3,128551.66666666669,127596.0,126205.41666666666,123008.33333333331,120768.33333333334,156077.9166666667,131264.6666666667,127682.79166666667,646.3847807025852,126348.94791666666,1633.2145419267895,124914.57638888888,2517.9837240658885,128676.6955128205,10832.16813220707,128551.66666666669,126987.5,128551.66666666669,121246.66666666666,-0.743410561252944,1.101841244267776,5.653523964615448,-2.7948622884046093,-0.772,-1.4923891081248475,-0.564,11.756632138644653,1.0,0,0,0.333,114538.6,470,2011,1
Sorghum,2011-01-24,126640.33333333334,NGN,NGN/MT,Gap-filled,wholesale,National,,,0.6,False,Weekly gap-fill,Interpolated,historical,False,,,153.86,155.0,97.0,11.4,12.5,1,0,0,0,0,0,0,0,0,1,0,0,1,0,0,0,0,0,0,1,0.4999999999999999,0.8660254037844387,0.4647231720437685,0.8854560256532099,1,823.09,127596.0,128551.66666666669,126987.5,123813.33333333331,121246.66666666666,154592.5,130021.0,127596.0,780.2985658410162,126702.32291666667,1272.1355049432793,125364.04861111111,2273.2242688145698,127601.61217948717,9456.983877123794,128551.66666666669,126640.33333333334,128551.66666666669,121725.0,-0.7489785468718924,-0.273386488171401,4.448507175455019,-2.600092805521148,-0.004,-0.0055679856189483345,-0.632,11.749114223031793,1.0,0,0,0.333,113680.73,471,2011,1
Sorghum,2011-01-31,125684.66666666666,NGN,NGN/MT,Gap-filled,wholesale,National,,,0.6,False,Weekly gap-fill,Interpolated,historical,False,,,153.86,155.0,97.0,11.4,12.5,1,0,0,0,0,0,0,0,0,1,0,0,1,0,0,0,0,0,0,1,0.4999999999999999,0.8660254037844387,0.5680647467311558,0.8229838658936564,1,816.88,126640.33333333334,127596.0,127596.0,124618.33333333331,121725.0,153107.0833333333,128777.33333333334,127118.16666666667,1233.760361509191,126835.61458333333,1060.9146668970495,125694.02083333333,1963.220347792772,126546.90384615384,7899.586245482575,128551.66666666669,125684.66666666666,128551.66666666669,122203.33333333331,-0.7546305679338783,-1.497957093743807,3.2529609091531464,-2.4015613513765466,0.451,-0.0056520210619859235,-0.699,11.741539359967385,1.0,0,0,0.333,112822.86,472,2011,1
Sorghum,2011-02-07,124729.0,NGN,NGN/MT,Gap-filled,wholesale,National,,,0.6,False,Weekly gap-fill,Interpolated,historical,False,,,153.86,155.0,97.0,11.4,12.5,1,0,0,0,0,0,0,0,1,1,0,0,1,0,0,0,0,0,0,0,0.8660254037844386,0.5000000000000001,0.6631226582407952,0.7485107481711011,1,810.67,125684.66666666666,126640.33333333334,128551.66666666669,125423.33333333331,122203.33333333331,151621.66666666666,127533.66666666669,126162.5,1233.7603615091366,126748.82291666667,1210.773297138759,125904.49305555555,1668.1878786725188,125512.5705128205,6022.7290610777145,127596.0,124729.0,128551.66666666669,123008.33333333331,-0.760368541376033,-2.973642245011743,2.066773955975032,-2.199157869425339,0.518,-0.005737973442154765,-0.766,11.733906680119755,1.0,0,0,0.333,111964.99,473,2011,1
Sorghum,2011-02-14,123773.33333333331,NGN,NGN/MT,WFP Nigeria Food Prices,wholesale,National,,,0.9,True,WFP VAM data — converted to NGN/MT,WFP,historical,False,,,153.86,155.0,97.0,11.4,12.5,1,0,0,0,0,0,0,0,1,1,0,0,1,0,0,0,0,0,0,0,0.8660254037844386,0.5000000000000001,0.7485107481711011,0.6631226582407953,1,804.45,124729.0,125684.66666666666,127596.0,126205.41666666666,123008.33333333331,145441.3333333333,126290.0,125206.83333333333,1233.760361509101,126444.8125,1607.1568987279315,125968.24305555556,1558.4575900272587,124679.1858974359,4448.115170014548,126640.33333333334,123773.33333333331,128551.66666666669,123773.33333333331,-0.7661944428855261,-2.9959141874876027,0.6219090847503495,-1.992767967904574,0.423,-0.0058259015094930255,-0.834,11.726215294097836,1.0,0,0,0.333,111107.12,474,2011,1
Sorghum,2011-02-21,123879.16666666666,NGN,NGN/MT,Gap-filled,wholesale,National,,,0.6,False,Weekly gap-fill,Interpolated,historical,False,,,153.86,155.0,97.0,11.4,12.5,1,0,0,0,0,0,0,0,1,1,0,0,1,0,0,0,0,0,0,0,0.8660254037844386,0.5000000000000001,0.8229838658936564,0.5680647467311559,1,805.14,123773.33333333331,124729.0,126640.33333333334,126987.5,123813.33333333331,139261.0,127129.16666666666,124516.54166666666,888.4931206623372,126056.27083333334,1818.9865657815894,125973.72916666664,1550.2766245167331,124087.57692307692,3307.89305600164,125684.66666666666,123773.33333333331,128551.66666666669,123773.33333333331,0.08550576322310377,-2.180321698458376,0.05317144087875203,-2.556455048998718,0.346,0.8517002061086298,-0.818,11.727069979474244,1.0,0,0,0.333,111202.12,475,2011,1
Sorghum,2011-02-28,123879.16666666666,NGN,NGN/MT,Gap-filled,wholesale,National,,,0.6,False,Weekly gap-fill,Interpolated,historical,False,,,153.86,155.0,97.0,11.4,12.5,1,0,0,0,0,0,0,0,1,1,0,0,1,0,0,0,0,0,0,0,0.8660254037844386,0.5000000000000001,0.8854560256532099,0.4647231720437686,1,805.14,123879.16666666666,123773.33333333331,125684.66666666666,127596.0,124618.33333333331,133080.66666666666,127129.16666666666,124065.16666666666,445.35880250001344,125591.66666666667,1844.0307278900416,125912.13194444444,1622.0496945003565,123733.67307692306,2752.9274397043123,124729.0,123773.33333333331,128551.66666666669,123773.33333333331,0.0,-1.4365316373782022,-0.5931444009040887,-2.556455048998718,0.268,-0.08550576322310377,-0.811,11.727069979474244,1.0,0,0,0.333,111202.12,476,2011,1
Sorghum,2011-03-07,123932.08333333331,NGN,NGN/MT,Gap-filled,wholesale,National,,,0.6,False,Weekly gap-fill,Interpolated,historical,False,,,153.86,155.0,97.0,11.4,12.5,1,0,0,1,0,0,0,0,1,1,0,0,0,0,0,0,0,0,0,0,1.0,6.123233995736766e-17,0.9350162426854148,0.3546048870425355,0,805.49,123879.16666666666,123879.16666666666,124729.0,128551.66666666669,125423.33333333331,126900.33333333331,127548.75,123865.93749999999,66.58534537603893,125014.21875,1470.0919964602472,125787.86111111111,1717.234745049195,123619.50961538461,2676.848900947011,123932.08333333331,123773.33333333331,128551.66666666669,123773.33333333331,0.04271635666475149,-0.6389185086601246,-1.188973343609645,-2.835517138871757,0.199,0.04271635666475149,-0.798,11.72749704838578,1.0,0,0,0.333,111249.63,477,2011,1
Sorghum,2011-03-14,123985.0,NGN,NGN/MT,WFP Nigeria Food Prices,wholesale,National,,,0.9,True,WFP VAM data — converted to NGN/MT,WFP,historical,False,,,153.86,155.0,97.0,11.4,12.5,1,0,0,1,0,0,0,0,1,1,0,0,0,0,0,0,0,0,0,0,1.0,6.123233995736766e-17,0.970941817426052,0.239315664287558,0,805.83,123932.08333333331,123879.16666666666,123773.33333333331,127596.0,126205.41666666666,120720.0,127968.33333333331,123918.85416666666,50.66385113120652,124562.84375,1061.8027146519341,125602.82638888888,1786.3866075631956,123745.08653846153,2611.163874751833,123985.0,123879.16666666666,128551.66666666669,123773.33333333331,0.04269811758457198,0.17101152644620754,-1.7593671692643809,-3.11274924786078,0.14,-1.823908017950515e-05,-0.786,11.727923934987318,1.0,0,0,0.333,111297.13,478,2011,1
Sorghum,2011-03-21,125130.0,NGN,NGN/MT,Gap-filled,wholesale,National,,,0.6,False,Weekly gap-fill,Interpolated,historical,False,,,153.86,155.0,97.0,11.4,12.5,1,0,0,1,0,0,0,0,1,1,0,0,0,0,0,0,0,0,0,0,1.0,6.123233995736766e-17,0.992708874098054,0.120536680255323,0,813.27,123985.0,123932.08333333331,123879.16666666666,126640.33333333334,126987.5,120492.91666666669,131197.5,124231.5625,600.5146688284555,124374.05208333331,718.3850867177116,125448.0347222222,1735.2407873884397,123923.43589743589,2537.4694094799115,125130.0,123879.16666666666,128551.66666666669,123773.33333333331,0.9234988103399511,1.0097204937607351,-1.4627423959051034,-4.624707025667407,0.249,0.8808006927553791,-0.687,11.737116467515811,1.0,0,0,0.333,112324.96,479,2011,1
Sorghum,2011-03-28,126275.0,NGN,NGN/MT,Gap-filled,wholesale,National,,,0.6,False,Weekly gap-fill,Interpolated,historical,False,,,153.86,155.0,97.0,11.4,12.5,1,0,0,1,0,0,0,0,1,1,0,0,0,0,0,0,0,0,0,0,1.0,6.123233995736766e-17,1.0,-1.6081226496766364e-16,0,820.71,125130.0,123985.0,123879.16666666666,125684.66666666666,127596.0,120265.83333333334,134426.66666666666,124830.52083333333,1110.300748327892,124447.84375,883.5699216414754,125337.95138888888,1624.9856823189773,124154.55769230769,2463.5886257816464,126275.0,123932.08333333331,128551.66666666669,123773.33333333331,0.9150483497162964,1.934008274191923,-1.0352989121916067,-6.064024995040662,0.544,-0.008450460623654621,-0.587,11.746225266528812,1.0,0,0,0.333,113352.78,480,2011,1
Sorghum,2011-04-04,127420.0,NGN,NGN/MT,Gap-filled,wholesale,National,,,0.6,False,Weekly gap-fill,Interpolated,historical,False,,,153.86,155.0,97.0,11.4,12.5,0,1,1,1,0,0,0,0,1,0,0,0,0,0,0,0,0,0,0,0,0.8660254037844387,-0.4999999999999998,0.992708874098054,-0.1205366802553228,0,828.16,126275.0,125130.0,123932.08333333331,124729.0,128551.66666666669,120265.83333333334,137655.8333333333,125702.5,1478.1886438029899,124784.21875,1379.1482597969398,125243.64583333333,1444.318059401979,124429.71794871794,2410.8431464316172,127420.0,123985.0,127596.0,123773.33333333331,0.9067511383884286,2.8143774984282555,-0.8803204937055331,-7.435815167053084,1.023,-0.00829721132786787,-0.486,11.755251843701211,1.0,0,0,0.333,114380.61,481,2011,2
Sorghum,2011-04-11,128565.0,NGN,NGN/MT,WFP Nigeria Food Prices,wholesale,National,,,0.9,True,WFP VAM data — converted to NGN/MT,WFP,historical,False,,,153.86,155.0,97.0,11.4,12.5,0,1,1,1,0,0,0,0,1,0,0,0,0,0,0,0,0,0,0,0,0.8660254037844387,-0.4999999999999998,0.970941817426052,-0.2393156642875575,0,835.6,127420.0,126275.0,123985.0,123773.33333333331,127596.0,119811.66666666669,140885.0,126847.5,1478.188643803035,125383.17708333334,1840.681485276301,125324.39583333333,1605.8466429910522,124766.38461538461,2350.585640744524,128565.0,125130.0,128565.0,123773.33333333331,0.8986030450478744,3.6939952413598487,0.7594281952412407,-8.744720871632893,1.668,-0.008148093340554219,-0.383,11.764197670137529,1.0,0,0,0.333,115408.44,482,2011,2
Sorghum,2011-04-18,130192.5,NGN,NGN/MT,Gap-filled,wholesale,National,,,0.6,False,Weekly gap-fill,Interpolated,historical,False,,,153.86,155.0,97.0,11.4,12.5,0,1,1,1,0,0,0,0,1,0,0,0,0,0,0,0,0,0,0,0,0.8660254037844387,-0.4999999999999998,0.9350162426854148,-0.3546048870425354,0,846.18,128565.0,127420.0,125130.0,123879.16666666666,126640.33333333334,120290.0,140092.5,128113.125,1672.0364018670175,126172.34375,2378.5357342215957,125620.4097222222,2116.6318409958544,125147.25,2398.0367873159903,130192.5,126275.0,130192.5,123773.33333333331,1.2658966281647421,4.045792375929036,2.8049252344566344,-7.066759462497996,2.37,0.3672935831168678,-0.247,11.776777084315317,1.0,0,0,0.333,116869.39,483,2011,2
Sorghum,2011-04-25,131820.0,NGN,NGN/MT,Gap-filled,wholesale,National,,,0.6,False,Weekly gap-fill,Interpolated,historical,False,,,153.86,155.0,97.0,11.4,12.5,0,1,1,1,0,0,0,0,1,0,0,0,0,0,0,0,0,0,0,0,0.8660254037844387,-0.4999999999999998,0.8854560256532099,-0.4647231720437685,0,856.75,130192.5,128565.0,126275.0,123879.16666666666,125684.66666666666,120768.33333333334,140092.5,129499.375,1920.2933532410884,127164.94791666666,2887.3438461660207,126131.6875,2772.845025966669,125572.3141025641,2564.5079485032843,131820.0,127420.0,131820.0,123773.33333333331,1.2500720087562645,4.391209661453188,4.881528905673993,-5.905027035708555,3.127,-0.01582461940847768,-0.113,11.789200220680197,1.0,0,0,0.333,118330.34,484,2011,2
Sorghum,2011-05-02,133447.5,NGN,NGN/MT,Gap-filled,wholesale,National,,,0.6,False,Weekly gap-fill,Interpolated,historical,False,,,153.86,155.0,97.0,11.4,12.5,0,1,1,1,0,0,0,0,1,0,1,0,0,0,0,0,0,0,0,0,0.4999999999999999,-0.8660254037844387,0.8229838658936565,-0.5680647467311557,0,867.33,131820.0,130192.5,127420.0,123932.08333333331,124729.0,121246.66666666666,140092.5,131006.25,2101.0934653180184,128354.375,3296.2843665262826,126858.22916666667,3435.041242441022,126041.57692307692,2842.530247264241,133447.5,128565.0,133447.5,123773.33333333331,1.234638142922173,4.730419086485638,6.989954220750594,-4.743294608919102,3.939,-0.015433865834091343,0.019,11.801470914604643,1.0,0,0,0.333,119791.29,485,2011,2
Sorghum,2011-05-09,135075.0,NGN,NGN/MT,WFP Nigeria Food Prices,wholesale,National,,,0.9,True,WFP VAM data — converted to NGN/MT,WFP,historical,False,,,153.86,155.0,97.0,11.4,12.5,0,1,1,1,0,0,0,0,1,0,1,0,0,0,0,0,0,0,0,0,0.4999999999999999,-0.8660254037844387,0.7485107481711013,-0.663122658240795,0,877.91,133447.5,131820.0,128565.0,123985.0,123773.33333333331,121725.0,139300.0,132633.75,2101.093465318067,129740.625,3520.557674473065,127800.0347222222,4013.0396536708126,126555.03846153847,3213.1893176761137,135075.0,130192.5,135075.0,123879.16666666666,1.219580733996506,5.0635865126589685,9.13093827426481,-3.033022254127782,4.803,-0.015057408925667204,0.148,11.813592861979329,1.0,0,0,0.333,121252.24,486,2011,2
Sorghum,2011-05-16,135383.66666666666,NGN,NGN/MT,Gap-filled,wholesale,National,,,0.6,False,Weekly gap-fill,Interpolated,historical,False,,,153.86,155.0,97.0,11.4,12.5,0,1,1,1,0,0,0,0,1,0,1,0,0,0,0,0,0,0,0,0,0.4999999999999999,-0.8660254037844387,0.6631226582407952,-0.7485107481711012,0,879.91,135075.0,133447.5,130192.5,125130.0,123879.16666666666,122203.33333333331,143158.0,133931.54166666666,1644.0872362135383,131022.33333333334,3468.308165626492,128758.74305555556,4351.156241529059,127061.97435897434,3523.8637552289533,135383.66666666666,131820.0,135383.66666666666,123879.16666666666,0.22851502251834965,3.9873008557840484,9.286872288184057,-5.430596497110429,5.406,-0.9910657114781563,0.184,11.815875388340604,1.0,0,0,0.333,121529.32,487,2011,2
Sorghum,2011-05-23,135692.33333333334,NGN,NGN/MT,Gap-filled,wholesale,National,,,0.6,False,Weekly gap-fill,Interpolated,historical,False,,,153.86,155.0,97.0,11.4,12.5,0,1,1,1,0,0,0,0,1,0,1,0,0,0,0,0,0,0,0,0,0.4999999999999999,-0.8660254037844387,0.5680647467311558,-0.8229838658936564,0,881.92,135383.66666666666,135075.0,131820.0,126275.0,123879.16666666666,123008.33333333331,147016.0,134899.625,1000.3509789174992,132199.5,3215.8110742213476,129743.17361111111,4481.206546138798,127549.8205128205,3806.855100901904,135692.33333333334,133447.5,135692.33333333334,123932.08333333331,0.22799402192781315,2.937591665402328,9.536039823752995,-7.7023362536503885,5.762,-0.0005210005905365023,0.226,11.818152716637758,1.0,0,0,0.333,121806.4,488,2011,2
Sorghum,2011-05-30,136001.0,NGN,NGN/MT,Gap-filled,wholesale,National,,,0.6,False,Weekly gap-fill,Interpolated,historical,False,,,153.86,155.0,97.0,11.4,12.5,0,1,1,1,0,0,0,0,1,0,1,0,0,0,0,0,0,0,0,0,0.4999999999999999,-0.8660254037844387,0.464723172043769,-0.8854560256532096,0,883.93,135692.33333333334,135383.66666666666,133447.5,127420.0,123932.08333333331,123813.33333333331,150874.0,135538.0,398.48695317993185,133272.125,2797.7969121280344,130748.91666666667,4412.2425237487605,128018.57692307692,4069.6520509132624,136001.0,135075.0,136001.0,123985.0,0.22747539163352481,1.9134865771183396,9.738331142393196,-9.857894667073186,5.874,-0.0005186302942883358,0.277,11.820424870492412,1.0,0,0,0.333,122083.48,489,2011,2
Sorghum,2011-06-06,136261.25,NGN,NGN/MT,Gap-filled,wholesale,National,,,0.6,False,Weekly gap-fill,Interpolated,historical,False,,,153.86,155.0,97.0,11.4,12.5,0,1,1,0,0,0,0,1,0,0,1,0,0,0,0,0,0,0,1,0,1.2246467991473532e-16,-1.0,0.3546048870425358,-0.9350162426854148,0,885.62,136001.0,135692.33333333334,135075.0,128565.0,123985.0,124618.33333333331,154732.0,135834.5625,380.04379240600406,134234.15625,2209.3141283076743,131771.9375,4114.532068513739,128466.3814102564,4313.782322017752,136261.25,135383.66666666666,136261.25,125130.0,0.19135888706700577,0.8782158060336887,9.901399362826147,-11.937252798386888,5.735,-0.03611650456651905,0.335,11.822336616740866,1.0,0,0,0.333,122317.1,490,2011,2
Sorghum,2011-06-13,136618.33333333334,NGN,NGN/MT,WFP Nigeria Food Prices,wholesale,National,,,0.9,True,WFP VAM data — converted to NGN/MT,WFP,historical,False,,,153.86,155.0,97.0,11.4,12.5,0,1,1,0,0,0,0,1,0,0,1,0,0,0,0,0,0,0,1,0,1.2246467991473532e-16,-1.0,0.2393156642875576,-0.970941817426052,0,887.94,136261.25,136001.0,135383.66666666666,130192.5,125130.0,125423.33333333331,158590.0,136143.2291666667,392.933020017986,135037.3854166667,1619.3199979724545,132729.29861111112,3748.9010611079734,128896.95833333334,4550.128868274728,136618.33333333334,135692.33333333334,136618.33333333334,126275.0,0.2620578728973477,0.9119760877112304,9.181118303630909,-13.854383420560346,5.622,0.07069898583034195,0.417,11.82495374855891,1.0,0,0,0.333,122637.64,491,2011,2
Sorghum,2011-06-20,136261.25,NGN,NGN/MT,Gap-filled,wholesale,National,,,0.6,False,Weekly gap-fill,Interpolated,historical,False,,,153.86,155.0,97.0,11.4,12.5,0,1,1,0,0,0,0,1,0,0,1,0,0,0,0,0,0,0,1,0,1.2246467991473532e-16,-1.0,0.120536680255323,-0.992708874098054,0,885.62,136618.33333333334,136261.25,135692.33333333334,131820.0,126275.0,126205.41666666666,158076.6666666667,136285.45833333334,253.57076319506024,135592.5416666667,1002.5730250909585,133561.48611111112,3262.780861556782,129283.72115384616,4735.782894911507,136618.33333333334,136001.0,136618.33333333334,127420.0,-0.2613729245708907,0.4192695730782958,7.90833498317165,-13.800529279041829,5.416,-0.5234307974682384,0.444,11.822336616740866,1.0,0,0,0.333,122317.1,492,2011,2
Sorghum,2011-06-27,135904.1666666667,NGN,NGN/MT,Gap-filled,wholesale,National,,,0.6,False,Weekly gap-fill,Interpolated,historical,False,,,153.86,155.0,97.0,11.4,12.5,0,1,1,0,0,0,0,1,0,0,1,0,0,0,0,0,0,0,1,0,1.2246467991473532e-16,-1.0,-3.216245299353273e-16,-1.0,0,883.3,136261.25,136618.33333333334,136001.0,133447.5,127420.0,126987.5,158076.6666666667,136261.25,291.5573207778737,135899.625,503.9237037602524,134268.5,2677.7705333046692,129626.66987179486,4883.403315281517,136618.33333333334,135904.1666666667,136618.33333333334,128565.0,-0.2620578728973255,-0.07120045685936605,6.658426202061429,-14.026421778461929,5.118,-0.0006849483264348422,0.477,11.819712617567165,1.0,0,0,0.333,121996.56,493,2011,2
Sorghum,2011-07-04,135547.08333333334,NGN,NGN/MT,Gap-filled,wholesale,National,,,0.6,False,Weekly gap-fill,Interpolated,historical,False,,,153.86,155.0,97.0,11.4,12.5,0,1,1,0,0,0,1,1,0,0,1,0,0,0,0,0,0,0,1,0,-0.4999999999999997,-0.8660254037844388,-0.1205366802553228,-0.992708874098054,0,880.98,135904.1666666667,136261.25,136261.25,135075.0,128565.0,127596.0,157820.0,136082.70833333334,460.99260107251456,135958.6354166667,413.00209207180853,134850.34027777778,1998.122097996666,129932.48076923077,4998.747227016645,136618.33333333334,135547.08333333334,136618.33333333334,130192.5,-0.2627464205782304,-0.5241157457946843,5.430780798299173,-14.112860642926538,4.733,-0.0006885476809048718,0.517,11.817081714903075,1.0,0,0,0.333,121676.02,494,2011,3
Sorghum,2011-07-11,135190.0,NGN,NGN/MT,WFP Nigeria Food Prices,wholesale,National,,,0.9,True,WFP VAM data — converted to NGN/MT,WFP,historical,False,,,153.86,155.0,97.0,11.4,12.5,0,1,1,0,0,0,1,1,0,0,1,0,0,0,0,0,0,0,1,0,-0.4999999999999997,-0.8660254037844388,-0.2393156642875574,-0.970941817426052,0,878.66,135547.08333333334,135904.1666666667,136618.33333333334,135383.66666666666,130192.5,128551.66666666669,157563.33333333334,135725.625,460.9926010724826,135934.42708333334,455.0538570080633,135266.79861111112,1357.0038271637738,130187.80128205128,5094.023180926049,136261.25,135190.0,136618.33333333334,131820.0,-0.26343859605980624,-1.0454916982835516,3.838546767286899,-14.199581120819149,4.254,-0.0006921754815758518,0.567,11.814443872327912,1.0,0,0,0.333,121355.48,495,2011,3
Sorghum,2011-07-18,135336.0,NGN,NGN/MT,Gap-filled,wholesale,National,,,0.6,False,Weekly gap-fill,Interpolated,historical,False,,,153.86,155.0,97.0,11.4,12.5,0,1,1,0,0,0,1,1,0,0,1,0,0,0,0,0,0,0,1,0,-0.4999999999999997,-0.8660254037844388,-0.3546048870425356,-0.9350162426854148,0,879.6,135190.0,135547.08333333334,136261.25,135692.33333333334,131820.0,127596.0,156077.9166666667,135494.3125,310.07211209956665,135889.8854166667,497.5873217217637,135559.79861111112,817.4368712337513,130485.4935897436,5162.205659938829,135904.1666666667,135190.0,136618.33333333334,133447.5,0.10799615356165138,-0.6790265023988828,2.667273554847527,-13.289462795024932,3.839,0.3714347496214576,0.681,11.815523243144794,1.0,0,0,0.333,121486.54,496,2011,3
Sorghum,2011-07-25,135336.0,NGN,NGN/MT,Gap-filled,wholesale,National,,,0.6,False,Weekly gap-fill,Interpolated,historical,False,,,153.86,155.0,97.0,11.4,12.5,0,1,1,0,0,0,1,1,0,0,1,0,0,0,0,0,0,0,1,0,-0.4999999999999997,-0.8660254037844388,-0.464723172043768,-0.8854560256532101,0,879.6,135336.0,135190.0,135904.1666666667,136001.0,133447.5,126640.33333333334,154592.5,135352.27083333334,146.98436827324315,135806.7604166667,530.8102268277366,135717.17361111112,490.0195850734245,130819.94230769231,5184.758749865626,135547.08333333334,135190.0,136618.33333333334,135075.0,0.0,-0.418064199650503,1.415163266453101,-12.456296392127687,3.465,-0.10799615356165138,0.793,11.815523243144794,1.0,0,0,0.333,121486.54,497,2011,3
Sorghum,2011-08-01,135409.0,NGN,NGN/MT,Gap-filled,wholesale,National,,,0.6,False,Weekly gap-fill,Interpolated,historical,False,,,153.86,155.0,97.0,11.4,12.5,0,1,0,0,1,0,1,1,0,0,1,0,0,0,0,1,0,1,1,0,-0.8660254037844384,-0.5000000000000004,-0.5680647467311556,-0.8229838658936565,0,880.08,135336.0,135336.0,135547.08333333334,136261.25,135075.0,125684.66666666666,153107.0833333333,135317.75,91.85631897765657,135700.2291666667,511.7446054193045,135745.00694444447,458.7134999852037,131193.95512820513,5150.124082443536,135409.0,135190.0,136618.33333333334,135190.0,0.05393982384582774,-0.10187112104342866,0.2472700351656476,-11.559284487708755,3.143,0.05393982384582774,0.933,11.81606249197687,1.0,0,0,0.0,121552.06,498,2011,3
Sorghum,2011-08-08,135409.0,NGN,NGN/MT,Gap-filled,wholesale,National,,,0.6,False,Weekly gap-fill,Interpolated,historical,False,,,153.86,155.0,97.0,11.4,12.5,0,1,0,0,1,0,1,1,0,0,1,0,0,0,0,1,0,1,1,0,-0.8660254037844384,-0.5000000000000004,-0.663122658240795,-0.7485107481711013,0,880.08,135409.0,135336.0,135190.0,136618.33333333334,135383.66666666666,124729.0,151621.66666666666,135372.5,42.14656968395484,135549.0625,357.02462220176466,135747.11805555556,456.9542661266023,131604.72435897437,5038.564853968055,135409.0,135336.0,136618.33333333334,135190.0,0.0,0.16199423034248817,0.018712252339647684,-10.69284293141921,2.863,-0.05393982384582774,1.087,11.81606249197687,1.0,0,0,0.0,121552.06,499,2011,3
Sorghum,2011-08-15,135555.0,NGN,NGN/MT,WFP Nigeria Food Prices,wholesale,National,,,0.9,True,WFP VAM data — converted to NGN/MT,WFP,historical,False,,,153.86,155.0,97.0,11.4,12.5,0,1,0,0,1,0,1,1,0,0,1,0,0,0,0,1,0,1,1,0,-0.8660254037844384,-0.5000000000000004,-0.7485107481711011,-0.6631226582407952,0,881.03,135409.0,135409.0,135336.0,136261.25,135692.33333333334,123773.33333333331,145441.3333333333,135427.25,91.85631897765657,135460.78125,214.72296169242932,135735.67361111112,460.15960594934586,132057.86538461538,4831.619316202624,135555.0,135336.0,136618.33333333334,135190.0,0.10782148897046095,0.16181947153750542,-0.10120935351297655,-6.797471603670657,2.551,0.10782148897046095,1.214,11.81714011805637,1.0,0,0,0.0,121683.12,500,2011,3
Sorghum,2011-08-22,133464.5833333333,NGN,NGN/MT,Gap-filled,wholesale,National,,,0.6,False,Weekly gap-fill,Interpolated,historical,False,,,153.86,155.0,97.0,11.4,12.5,0,1,0,0,1,0,1,1,0,0,1,0,0,0,0,1,0,1,1,0,-0.8660254037844384,-0.5000000000000004,-0.8229838658936564,-0.5680647467311559,0,867.44,135555.0,135409.0,135336.0,135904.1666666667,136001.0,123879.16666666666,139261.0,134959.3958333333,998.9155030804475,135155.8333333333,693.5427983192013,135524.30555555556,790.8885101686526,132426.53525641025,4539.460402965242,135555.0,133464.5833333333,136618.33333333334,133464.5833333333,-1.5421169758892628,-1.3827929498926306,-1.8649985416773984,-4.16226845036779,1.913,-1.6499384648597237,0.904,11.801598920839034,1.0,0,0,0.0,119806.63,501,2011,3
Sorghum,2011-08-29,131374.16666666666,NGN,NGN/MT,Gap-filled,wholesale,National,,,0.6,False,Weekly gap-fill,Interpolated,historical,False,,,153.86,155.0,97.0,11.4,12.5,0,1,0,0,1,0,1,1,0,0,1,0,0,0,0,1,0,1,1,0,-0.8660254037844384,-0.5000000000000004,-0.8854560256532096,-0.4647231720437691,0,853.86,133464.5833333333,135555.0,135409.0,135547.08333333334,136261.25,123879.16666666666,133080.66666666666,133950.6875,1964.285350178036,134634.21875,1480.2646152733842,135117.04861111112,1400.3511912754993,132714.8044871795,4200.270994625787,135555.0,131374.16666666666,136618.33333333334,131374.16666666666,-1.5662707022774391,-2.979737929778181,-3.586554015417698,-1.282304967914194,0.931,-0.024153726388176366,0.549,11.785812376811496,1.0,0,0,0.0,117930.13,502,2011,3
Sorghum,2011-09-05,129283.75,NGN,NGN/MT,Gap-filled,wholesale,National,,,0.6,False,Weekly gap-fill,Interpolated,historical,False,,,153.86,155.0,97.0,11.4,12.5,0,1,0,0,1,1,0,0,0,0,0,0,0,0,0,1,0,0,0,0,-1.0,-1.8369701987210287e-16,-0.9350162426854148,-0.3546048870425359,0,840.27,131374.16666666666,133464.5833333333,135409.0,135190.0,136618.33333333334,123932.08333333331,126900.33333333331,132419.375,2698.716312211959,133895.9375,2369.340858692153,134505.83333333334,2107.5907297997246,132920.6378205128,3870.8722704127554,135555.0,129283.75,136261.25,129283.75,-1.591193093517873,-4.523517639152496,-5.368666967586099,1.8781799890202677,-0.377,-0.02492239124043394,0.177,11.769772615035398,1.0,0,0,0.0,116053.64,503,2011,3
Sorghum,2011-09-12,127193.33333333331,NGN,NGN/MT,WFP Nigeria Food Prices,wholesale,National,,,0.9,True,WFP VAM data — converted to NGN/MT,WFP,historical,False,,,153.86,155.0,97.0,11.4,12.5,0,1,0,0,1,1,0,0,0,0,0,0,0,0,0,1,0,0,0,0,-1.0,-1.8369701987210287e-16,-0.970941817426052,-0.2393156642875577,0,826.68,129283.75,131374.16666666666,135555.0,135336.0,136261.25,123985.0,120720.0,130328.95833333331,2698.7163122119364,132878.10416666666,3248.2891714218053,133750.1736111111,2898.279030337443,133044.03525641025,3617.4676041060106,133464.5833333333,127193.33333333331,135904.1666666667,127193.33333333331,-1.616921435730856,-6.168467903556996,-6.6548022028762315,5.362270819527271,-2.041,-0.025728342212982813,-0.213,11.753471379629563,1.0,0,0,0.0,114177.14,504,2011,3
Sorghum,2011-09-19,127135.0,NGN,NGN/MT,Gap-filled,wholesale,National,,,0.6,False,Weekly gap-fill,Interpolated,historical,False,,,153.86,155.0,97.0,11.4,12.5,0,1,0,0,1,1,0,0,0,0,0,0,0,0,0,1,0,0,0,0,-1.0,-1.8369701987210287e-16,-0.992708874098054,-0.1205366802553235,0,826.3,127193.33333333331,129283.75,133464.5833333333,135336.0,135904.1666666667,125130.0,120492.91666666669,128746.5625,2016.8067666848817,131852.97916666666,3633.074675904705,133019.40972222222,3372.5210451629505,133121.15064102563,3459.9533172836564,131374.16666666666,127135.0,135555.0,127135.0,-0.045861942449798576,-4.742519082777874,-6.452463439310807,5.5124263874432256,-3.286,1.5710594932810573,-0.251,11.753012658614326,1.0,0,0,0.0,114124.78,505,2011,3
Sorghum,2011-09-26,127076.66666666666,NGN,NGN/MT,Gap-filled,wholesale,National,,,0.6,False,Weekly gap-fill,Interpolated,historical,False,,,153.86,155.0,97.0,11.4,12.5,0,1,0,0,1,1,0,0,0,0,0,0,0,0,0,1,0,0,0,0,-1.0,-1.8369701987210287e-16,-1.0,-1.8369701987210287e-16,0,825.92,127135.0,127193.33333333331,131374.16666666666,135409.0,135547.08333333334,126275.0,120265.83333333334,127672.1875,1075.430220491256,130811.4375,3662.240254821293,132313.54166666666,3668.7989711587807,133151.98397435897,3399.548286497289,129283.75,127076.66666666666,135555.0,127076.66666666666,-0.045882985278122845,-3.271191063692125,-6.249058598949331,5.663148996320633,-4.115,-2.104282832426918e-05,-0.291,11.752553727077544,1.0,0,0,0.0,114072.41,506,2011,3
Sorghum,2011-10-03,127076.66666666666,NGN,NGN/MT,Gap-filled,wholesale,National,,,0.6,False,Weekly gap-fill,Interpolated,historical,False,,,153.86,155.0,97.0,11.4,12.5,0,1,0,0,0,1,0,0,0,1,0,1,0,1,1,1,1,0,0,0,-0.8660254037844386,0.5000000000000001,-0.992708874098054,0.1205366802553232,0,825.92,127076.66666666666,127135.0,129283.75,135409.0,135190.0,127420.0,120265.83333333334,127120.41666666666,55.84991463977791,129769.89583333333,3338.4445838727365,131637.43055555553,3834.369418418527,133138.77884615384,3423.2880109731936,127193.33333333331,127076.66666666666,135555.0,127076.66666666666,0.0,-1.7071622174738454,-6.00143008605174,5.663148996320633,-4.52,0.045882985278122845,-0.323,11.752553727077544,1.0,0,0,0.333,114072.41,507,2011,4
Sorghum,2011-10-10,126960.0,NGN,NGN/MT,WFP Nigeria Food Prices,wholesale,National,,,0.9,True,WFP VAM data — converted to NGN/MT,WFP,historical,False,,,153.86,155.0,97.0,11.4,12.5,0,1,0,0,0,1,0,0,0,1,0,1,0,1,1,1,1,0,0,0,-0.8660254037844386,0.5000000000000001,-0.970941817426052,0.2393156642875573,0,825.17,127076.66666666666,127076.66666666666,127193.33333333331,135555.0,135336.0,128565.0,119811.66666666669,127062.08333333331,73.40116813637681,128695.52083333331,2484.532635760852,130939.43055555555,3862.156367445489,133077.04807692306,3522.109012301336,127135.0,126960.0,135555.0,126960.0,-0.09180809485086483,-0.1834477697992387,-6.189040610037244,5.966308233755746,-4.52,-0.09180809485086483,-0.382,11.751635231665805,1.0,0,0,0.333,113967.68,508,2011,4
Sorghum,2011-10-17,128818.66666666669,NGN,NGN/MT,Gap-filled,wholesale,National,,,0.6,False,Weekly gap-fill,Interpolated,historical,False,,,153.86,155.0,97.0,11.4,12.5,0,1,0,0,0,1,0,0,0,1,0,1,0,1,1,1,1,0,0,0,-0.8660254037844386,0.5000000000000001,-0.9350162426854148,0.3546048870425355,0,837.25,126960.0,127076.66666666666,127135.0,133464.5833333333,135336.0,130192.5,120290.0,127483.0,892.1412444239738,128114.78125,1593.8926736266878,130396.31944444444,3639.5173295998966,133024.2083333333,3576.9925858990787,128818.66666666669,126960.0,135555.0,126960.0,1.4639781558496212,1.324314049370101,-4.815668656775218,7.090087843267678,-4.166,1.555786250700486,-0.054,11.766168772507616,1.0,0,0,0.333,115636.15,509,2011,4
Sorghum,2011-10-24,130677.33333333334,NGN,NGN/MT,Gap-filled,wholesale,National,,,0.6,False,Weekly gap-fill,Interpolated,historical,False,,,153.86,155.0,97.0,11.4,12.5,0,1,0,0,0,1,0,0,0,1,0,1,0,1,1,1,1,0,0,0,-0.8660254037844386,0.5000000000000001,-0.8854560256532101,0.464723172043768,0,849.33,128818.66666666669,126960.0,127076.66666666666,131374.16666666666,135409.0,131820.0,120768.33333333334,128383.16666666667,1749.7815630875048,128027.67708333334,1397.2339912380517,130002.01388888888,3286.24170965495,132980.25961538462,3599.3298532362182,130677.33333333334,126960.0,135555.0,126960.0,1.4428550727637823,2.8334601159405226,-3.4943516802181995,8.204965429679412,-3.457,-0.02112308308583888,0.289,11.780494111833043,1.0,0,0,0.333,117304.61,510,2011,4
Sorghum,2011-10-31,132536.0,NGN,NGN/MT,Gap-filled,wholesale,National,,,0.6,False,Weekly gap-fill,Interpolated,historical,False,,,153.86,155.0,97.0,11.4,12.5,0,1,0,0,0,1,0,0,0,1,0,1,0,1,1,1,1,0,0,0,-0.8660254037844386,0.5000000000000001,-0.822983865893657,0.5680647467311548,0,861.41,130677.33333333334,128818.66666666669,127076.66666666666,129283.75,135409.0,133447.5,121246.66666666666,129748.0,2399.5283487174693,128434.20833333334,2107.5020716831873,129762.5972222222,2943.266167175742,132945.20192307694,3599.0358861908753,132536.0,126960.0,135555.0,126960.0,1.4223328707860583,4.296094221336211,-2.1217201220007587,9.311046351789741,-2.405,-0.02052220197772403,0.642,11.794617130709726,1.0,0,0,0.333,118973.07,511,2011,4
Sorghum,2011-11-07,134394.6666666667,NGN,NGN/MT,Gap-filled,wholesale,National,,,0.6,False,Weekly gap-fill,Interpolated,historical,False,,,153.86,155.0,97.0,11.4,12.5,1,0,0,0,0,1,0,0,0,1,0,1,1,1,1,0,1,0,0,0,-0.5000000000000004,0.8660254037844384,-0.7485107481711011,0.6631226582407952,1,873.49,132536.0,130677.33333333334,126960.0,127193.33333333331,135555.0,135075.0,121725.0,131606.6666666667,2399.5283487174916,129334.375,2893.2395938166214,129665.90277777777,2748.270739778772,132919.03525641025,3585.37913694567,134394.6666666667,128818.66666666669,134394.6666666667,126960.0,1.4023862698939737,5.855912623398463,-0.8559871147012732,10.40843431231604,-0.987,-0.019946600892084554,1.0,11.808543464487908,1.0,0,0,0.667,120641.53,512,2011,4
Sorghum,2011-11-14,136253.33333333334,NGN,NGN/MT,WFP Nigeria Food Prices,wholesale,National,,,0.9,True,WFP VAM data — converted to NGN/MT,WFP,historical,False,,,153.86,155.0,97.0,11.4,12.5,1,0,0,0,0,1,0,0,0,1,0,1,1,1,1,0,1,0,0,0,-0.5000000000000004,0.8660254037844384,-0.6631226582407955,0.7485107481711007,1,885.57,134394.6666666667,132536.0,128818.66666666669,127135.0,133464.5833333333,135383.66666666666,122203.33333333331,133465.33333333334,2399.5283487175234,130474.16666666667,3610.2548606346245,129898.29861111111,3182.324566774626,132952.48397435897,3613.2402927756702,136253.33333333334,130677.33333333334,136253.33333333334,126960.0,1.3829913885471612,5.771420291055107,2.0895056428828163,11.497231390305807,0.386,-0.019394881346812554,1.352,11.822278516301091,1.0,0,0,0.667,122309.99,513,2011,4
Sorghum,2011-11-21,138546.25,NGN,NGN/MT,Gap-filled,wholesale,National,,,0.6,False,Weekly gap-fill,Interpolated,historical,False,,,153.86,155.0,97.0,11.4,12.5,1,0,0,0,0,1,0,0,0,1,0,1,1,1,1,0,1,0,0,0,-0.5000000000000004,0.8660254037844384,-0.5680647467311559,0.8229838658936564,1,900.47,136253.33333333334,134394.6666666667,130677.33333333334,127076.66666666666,131374.16666666666,135692.33333333334,123008.33333333331,135432.5625,2571.38203344509,131907.86458333334,4283.009397131089,130495.9722222222,4042.067404114199,133062.25,3740.8973045683847,138546.25,132536.0,138546.25,126960.0,1.6828334474997542,6.021638539711027,5.459279792450333,12.631596775286248,1.781,0.29984205895259297,1.769,11.838966701663972,1.0,0,0,0.667,124368.27,514,2011,4
Sorghum,2011-11-28,140839.1666666667,NGN,NGN/MT,Gap-filled,wholesale,National,,,0.6,False,Weekly gap-fill,Interpolated,historical,False,,,153.86,155.0,97.0,11.4,12.5,1,0,0,0,0,1,0,0,0,1,0,1,1,1,1,0,1,0,0,0,-0.5000000000000004,0.8660254037844384,-0.4647231720437684,0.88545602565321,1,915.37,138546.25,136253.33333333334,132536.0,127076.66666666666,129283.75,136001.0,123813.33333333331,137508.3541666667,2795.3334214230067,133628.17708333334,4798.22987128572,131458.9236111111,4991.868678748883,133248.3333333333,4004.006469427346,140839.1666666667,134394.6666666667,140839.1666666667,126960.0,1.6549828426728919,6.264838735639144,8.938027143138005,13.751211501184613,3.197,-0.027850604826862302,2.13,11.855380956644224,1.0,0,0,0.667,126426.54,515,2011,4
Sorghum,2011-12-05,143132.08333333334,NGN,NGN/MT,Gap-filled,wholesale,National,,,0.6,False,Weekly gap-fill,Interpolated,historical,False,,,153.86,155.0,97.0,11.4,12.5,1,0,0,0,0,0,0,0,0,1,0,1,1,1,1,0,0,0,0,1,-2.4492935982947064e-16,1.0,-0.3546048870425359,0.9350162426854148,1,930.27,140839.1666666667,138546.25,134394.6666666667,126960.0,127193.33333333331,136261.25,124618.33333333331,139692.70833333334,2960.1426880810627,135649.6875,4990.400538755083,132787.15277777778,5807.5449891972885,133512.59615384616,4416.318994849389,143132.08333333334,136253.33333333334,143132.08333333334,126960.0,1.628039075304577,6.50131205603397,12.531120603805256,14.856361423546582,4.629,-0.02694376736831483,2.42,11.871530129133987,1.0,0,0,0.667,128484.81,516,2011,4
Sorghum,2011-12-12,145425.0,NGN,NGN/MT,WFP Nigeria Food Prices,wholesale,National,,,0.9,True,WFP VAM data — converted to NGN/MT,WFP,historical,False,,,153.86,155.0,97.0,11.4,12.5,1,0,0,0,0,0,0,0,0,1,0,1,1,1,1,0,0,0,0,1,-2.4492935982947064e-16,1.0,-0.2393156642875578,0.970941817426052,1,945.18,143132.08333333334,140839.1666666667,136253.33333333334,128818.66666666669,127135.0,136618.33333333334,125423.33333333331,141985.625,2960.1426880811214,137725.4791666667,5192.732328669227,134311.31944444447,6542.828897993607,133851.3141025641,4967.388136653425,145425.0,138546.25,145425.0,126960.0,1.6019585639138523,6.731333789999017,14.386282298344288,15.947325059133078,6.077,-0.02608051139072476,2.632,11.887422645152087,1.0,0,0,0.667,130543.09,517,2011,4
Sorghum,2011-12-19,145437.91666666666,NGN,NGN/MT,Gap-filled,wholesale,National,,,0.6,False,Weekly gap-fill,Interpolated,historical,False,,,153.86,155.0,97.0,11.4,12.5,1,0,0,0,0,0,0,0,0,1,0,1,1,1,1,0,0,0,0,1,-2.4492935982947064e-16,1.0,-0.1205366802553236,0.992708874098054,1,945.26,145425.0,143132.08333333334,138546.25,130677.33333333334,127076.66666666666,136261.25,126205.41666666666,143708.54166666666,2198.6802254535305,139570.55208333334,4947.181928292681,135841.42361111112,6837.470622659048,134204.2628205128,5448.215479284242,145437.91666666666,140839.1666666667,145437.91666666666,126960.0,0.008882012492117397,4.974271527859231,14.448954699262906,15.23904481120395,7.082,-1.5930765514217349,2.432,11.887511460722031,1.0,0,0,0.667,130554.68,518,2011,4
Sorghum,2011-12-26,145450.8333333333,NGN,NGN/MT,Gap-filled,wholesale,National,,,0.6,False,Weekly gap-fill,Interpolated,historical,False,,,153.86,155.0,97.0,11.4,12.5,1,0,0,0,0,0,0,0,0,1,0,1,1,1,1,0,0,0,0,1,-2.4492935982947064e-16,1.0,6.432490598706546e-16,1.0,1,945.35,145437.91666666666,145425.0,140839.1666666667,132536.0,127076.66666666666,135904.1666666667,126987.5,144861.45833333334,1152.9649028196663,141184.90625,4400.745598903442,137372.60416666666,6753.091371989342,134571.4423076923,5872.53482837029,145450.8333333333,143132.08333333334,145450.8333333333,126960.0,0.008881223660717197,3.274420586129545,14.459119166907119,14.53948879482887,7.647,-7.888314002002517e-07,2.262,11.88760026840447,1.0,0,0,0.667,130566.28,519,2011,4
Sorghum,2012-01-02,145463.75,NGN,NGN/MT,Gap-filled,wholesale,National,,,0.6,False,Weekly gap-fill,Interpolated,historical,False,,,157.5,155.0,97.0,11.4,12.5,1,0,0,0,0,0,0,0,0,1,0,0,1,0,0,0,0,0,0,1,0.4999999999999999,0.8660254037844387,0.120536680255323,0.992708874098054,1,923.58,145450.8333333333,145437.91666666666,143132.08333333334,134394.6666666667,126960.0,135547.08333333334,127596.0,145444.375,16.675345096660116,142568.54166666666,3634.192920653295,138914.58333333334,6253.425186699993,134952.85256410256,6248.439183788161,145463.75,145425.0,145463.75,128818.66666666669,0.008880434969449347,1.6290314598695232,14.574472274732209,14.003377848835385,7.774,-7.886912678500835e-07,2.118,11.887689068200805,1.0,0,0,0.333,130577.87,520,2012,1
Sorghum,2012-01-09,145476.66666666666,NGN,NGN/MT,WFP Nigeria Food Prices,wholesale,National,,,0.9,True,WFP VAM data — converted to NGN/MT,WFP,historical,False,,,157.5,155.0,97.0,11.4,12.5,1,0,0,0,0,0,0,0,0,1,0,0,1,0,0,0,0,0,0,1,0.4999999999999999,0.8660254037844387,0.2393156642875577,0.970941817426052,1,923.66,145463.75,145450.8333333333,145425.0,136253.33333333334,128818.66666666669,135190.0,128551.66666666669,145457.29166666666,16.675345096718353,143721.4583333333,2683.0980838171636,140302.75,5625.978025861193,135348.49358974356,6580.879585119412,145476.66666666666,145437.91666666666,145476.66666666666,130677.33333333334,0.008879646418202825,0.03552804996846959,12.931355704142234,13.165912538408664,7.469,-7.885512465222178e-07,1.991,11.887777860112434,1.0,0,0,0.333,130589.47,521,2012,1
Sorghum,2012-01-16,146180.3333333333,NGN,NGN/MT,Gap-filled,wholesale,National,,,0.6,False,Weekly gap-fill,Interpolated,historical,False,,,157.5,155.0,97.0,11.4,12.5,1,0,0,0,0,0,0,0,0,1,0,0,1,0,0,0,0,0,0,1,0.4999999999999999,0.8660254037844387,0.3546048870425356,0.9350162426854148,1,928.13,145476.66666666666,145463.75,145437.91666666666,138546.25,130677.33333333334,135336.0,127596.0,145642.8958333333,358.4468513728663,144675.71875,1787.715570272728,141594.66666666666,4954.673385916602,135765.5833333333,6915.214931663853,146180.3333333333,145450.8333333333,146180.3333333333,132536.0,0.4836972710400289,0.5104698167316402,11.863572361439868,14.56498113838467,7.275,0.4748176246218261,1.977,11.892603139167592,1.0,0,0,0.333,131221.13,522,2012,1
Sorghum,2012-01-23,146884.0,NGN,NGN/MT,Gap-filled,wholesale,National,,,0.6,False,Weekly gap-fill,Interpolated,historical,False,,,157.5,155.0,97.0,11.4,12.5,1,0,0,0,0,0,0,0,0,1,0,0,1,0,0,0,0,0,0,1,0.4999999999999999,0.8660254037844387,0.4647231720437685,0.8854560256532099,1,932.6,146180.3333333333,145476.66666666666,145450.8333333333,140839.1666666667,132536.0,135336.0,126640.33333333334,146001.1875,677.1046966748813,145431.32291666666,1066.4602101523658,142790.33333333334,4251.190763370389,136209.7371794872,7249.304787345129,146884.0,145463.75,146884.0,134394.6666666667,0.4813689027935997,0.9853272297053461,10.825737912718058,15.98516533700427,7.189,-0.0023283682464292355,1.964,11.897405246669258,1.0,0,0,0.333,131852.78,523,2012,1
Sorghum,2012-01-30,147587.66666666666,NGN,NGN/MT,Gap-filled,wholesale,National,,,0.6,False,Weekly gap-fill,Interpolated,historical,False,,,157.5,155.0,97.0,11.4,12.5,1,0,0,0,0,0,0,0,0,1,0,0,1,0,0,0,0,0,0,1,0.4999999999999999,0.8660254037844387,0.5680647467311558,0.8229838658936564,1,937.06,146884.0,146180.3333333333,145463.75,143132.08333333334,134394.6666666667,135409.0,125684.66666666666,146532.16666666666,908.429760429645,145988.2708333333,831.7923427694487,143889.75,3526.7991697627544,136678.14743589744,7581.350762243312,147587.66666666666,145476.66666666666,147587.66666666666,136253.33333333334,0.4790628432413735,1.4601003113605016,9.816609786102592,17.426946803375643,7.21,-0.0023060595522261806,1.953,11.902184404099284,1.0,0,0,0.333,132484.44,524,2012,1
Sorghum,2012-02-06,148104.58333333334,NGN,NGN/MT,Gap-filled,wholesale,National,,,0.6,False,Weekly gap-fill,Interpolated,historical,False,,,157.5,155.0,97.0,11.4,12.5,1,0,0,0,0,0,0,0,1,1,0,0,1,0,0,0,0,0,0,0,0.8660254037844386,0.5000000000000001,0.6631226582407952,0.7485107481711011,1,940.35,147587.66666666666,146884.0,145476.66666666666,145425.0,136253.33333333334,135409.0,124729.0,147189.1458333333,838.184806745733,146323.21875,1076.1793014022392,144877.35416666666,2772.7087652012897,137166.4391025641,7898.545534624,148104.58333333334,146180.3333333333,148104.58333333334,138546.25,0.350243809893791,1.8064179822652182,8.697952343673542,18.741097365755643,7.307,-0.1288190333475825,1.923,11.905680699297692,1.0,0,0,0.333,132948.46,525,2012,1
Sorghum,2012-02-13,148995.0,NGN,NGN/MT,WFP Nigeria Food Prices,wholesale,National,,,0.9,True,WFP VAM data — converted to NGN/MT,WFP,historical,False,,,157.5,155.0,97.0,11.4,12.5,1,0,0,0,0,0,0,0,1,1,0,0,1,0,0,0,0,0,0,0,0.8660254037844386,0.5000000000000001,0.7485107481711011,0.6631226582407953,1,946.0,148104.58333333334,147587.66666666666,146180.3333333333,145437.91666666666,138546.25,135555.0,123773.33333333331,147892.8125,888.9095962242156,146767.85416666666,1356.4756466892984,145748.08333333334,2181.3496389797183,137683.3621794872,8222.034322070076,148995.0,146884.0,148995.0,140839.1666666667,0.6012080427400646,1.925475611174332,7.54170538719019,20.377302596143497,7.415,0.25096423284627356,1.947,11.911674738929662,1.0,0,0,0.333,133747.76,526,2012,1
Sorghum,2012-02-20,148104.58333333334,NGN,NGN/MT,Gap-filled,wholesale,National,,,0.6,False,Weekly gap-fill,Interpolated,historical,False,,,157.5,155.0,97.0,11.4,12.5,1,0,0,0,0,0,0,0,1,1,0,0,1,0,0,0,0,0,0,0,0.8660254037844386,0.5000000000000001,0.8229838658936564,0.5680647467311559,1,940.35,148995.0,148104.58333333334,146884.0,145450.8333333333,140839.1666666667,133464.5833333333,123879.16666666666,148197.95833333334,584.5708163745153,147099.57291666666,1312.1512117347222,146353.53472222222,1634.7899926369105,138246.43910256412,8420.46677818573,148995.0,147587.66666666666,148995.0,143132.08333333334,-0.5976151324988521,0.8309845410891192,5.15866206725164,19.555682620833494,7.198,-1.1988231752389167,1.746,11.905680699297692,1.0,0,0,0.333,132948.46,527,2012,1
Sorghum,2012-02-27,147214.1666666667,NGN,NGN/MT,Gap-filled,wholesale,National,,,0.6,False,Weekly gap-fill,Interpolated,historical,False,,,157.5,155.0,97.0,11.4,12.5,1,0,0,0,0,0,0,0,1,1,0,0,1,0,0,0,0,0,0,0,0.8660254037844386,0.5000000000000001,0.8854560256532099,0.4647231720437686,1,934.69,148104.58333333334,148995.0,147587.66666666666,145463.75,143132.08333333334,131374.16666666666,123879.16666666666,148104.58333333334,727.0221639377554,147318.375,1134.2968820675444,146693.70833333334,1292.3636831492506,138855.66987179487,8476.197998889373,148995.0,147214.1666666667,148995.0,145425.0,-0.6012080427400646,-0.2530699268005532,2.8519694804041817,18.83690424136426,6.661,-0.0035929102412124436,1.563,11.899650514389522,1.0,0,0,0.333,132149.16,528,2012,1
Sorghum,2012-03-05,147214.1666666667,NGN,NGN/MT,Gap-filled,wholesale,National,,,0.6,False,Weekly gap-fill,Interpolated,historical,False,,,157.5,155.0,97.0,11.4,12.5,1,0,0,1,0,0,0,0,1,1,0,0,0,0,0,0,0,0,0,0,1.0,6.123233995736766e-17,0.9350162426854148,0.3546048870425355,0,934.69,147214.1666666667,148104.58333333334,148104.58333333334,145476.66666666666,145425.0,129283.75,123932.08333333331,147881.9791666667,852.5090538675482,147535.5625,865.8614560155246,146842.80555555556,1234.604796771728,139545.30128205128,8395.298095993783,148995.0,147214.1666666667,148995.0,145437.91666666666,0.0,-0.6012080427400646,1.2303019884247535,18.786163120257427,5.974,0.6012080427400646,1.507,11.899650514389522,1.0,0,0,0.333,132149.16,529,2012,1
Sorghum,2012-03-12,145433.33333333334,NGN,NGN/MT,WFP Nigeria Food Prices,wholesale,National,,,0.9,True,WFP VAM data — converted to NGN/MT,WFP,historical,False,,,157.5,155.0,97.0,11.4,12.5,1,0,0,1,0,0,0,0,1,1,0,0,0,0,0,0,0,0,0,0,1.0,6.123233995736766e-17,0.970941817426052,0.239315664287558,0,923.39,147214.1666666667,147214.1666666667,148995.0,146180.3333333333,145437.91666666666,127193.33333333331,123985.0,146991.5625,1120.4164019586058,147442.1875,1052.9538503720546,146842.42361111112,1235.0795502845958,140246.83974358975,8077.939095356543,148104.58333333334,145433.33333333334,148995.0,145433.33333333334,-1.2096888320304422,-2.3904605299954085,-0.003151401944112564,17.299135648129482,4.809,-1.2096888320304422,1.223,11.887479946422703,1.0,0,0,0.333,130550.57,530,2012,1
Sorghum,2012-03-19,147862.08333333334,NGN,NGN/MT,Gap-filled,wholesale,National,,,0.6,False,Weekly gap-fill,Interpolated,historical,False,,,157.5,155.0,97.0,11.4,12.5,1,0,0,1,0,0,0,0,1,1,0,0,0,0,0,0,0,0,0,0,1.0,6.123233995736766e-17,0.992708874098054,0.120536680255323,0,938.81,145433.33333333334,147214.1666666667,148104.58333333334,146884.0,145450.8333333333,127135.0,125130.0,146930.9375,1044.076677367281,147564.4479166667,1035.522023420315,147043.36111111112,1183.150968307874,141044.03525641028,7748.227039393257,147862.08333333334,145433.33333333334,148995.0,145433.33333333334,1.670009168003661,-0.16373564851414057,1.6577766828424378,18.166773222515253,4.174,2.8796980000341033,1.505,11.90404201195287,1.0,0,0,0.333,132730.77,531,2012,1
Sorghum,2012-03-26,150290.83333333334,NGN,NGN/MT,Gap-filled,wholesale,National,,,0.6,False,Weekly gap-fill,Interpolated,historical,False,,,157.5,155.0,97.0,11.4,12.5,1,0,0,1,0,0,0,0,1,1,0,0,0,0,0,0,0,0,0,0,1.0,6.123233995736766e-17,1.0,-1.6081226496766364e-16,0,954.23,147862.08333333334,145433.33333333334,147214.1666666667,147587.66666666666,145463.75,127076.66666666666,126275.0,147700.1041666667,2009.3531405424078,147902.34375,1415.4954005732393,147445.61805555556,1398.2939322748632,141936.8878205128,7404.227488324312,150290.83333333334,145433.33333333334,150290.83333333334,145433.33333333334,1.6425779653900463,2.08992567517845,3.3184097985466066,19.018676169735382,4.06,-0.027431202613614758,1.764,11.920334238491925,1.0,0,0,0.333,134910.98,532,2012,1
Sorghum,2012-04-02,151643.77777777778,NGN,NGN/MT,Gap-filled,wholesale,National,,,0.6,False,Weekly gap-fill,Interpolated,historical,False,,,157.5,155.0,97.0,11.4,12.5,0,1,1,1,0,0,0,0,1,0,0,0,0,0,0,0,0,0,0,0,0.8660254037844387,-0.4999999999999998,0.992708874098054,-0.1205366802553228,0,962.82,150290.83333333334,147862.08333333334,147214.1666666667,148104.58333333334,145476.66666666666,127076.66666666666,127420.0,148807.50694444444,2740.0463973183464,148344.74305555556,1942.6447794549733,147959.5439814815,1707.8913720199885,142881.77670940172,6987.843636063134,151643.77777777778,145433.33333333334,151643.77777777778,145433.33333333334,0.900217541174797,3.008957093878717,4.23924417050463,19.01096984600359,4.147,-0.7423604242152493,1.857,11.929296076505183,1.0,0,0,0.333,136125.47,533,2012,2
Sorghum,2012-04-09,155148.33333333334,NGN,NGN/MT,WFP Nigeria Food Prices,wholesale,National,,,0.9,True,WFP VAM data — converted to NGN/MT,WFP,historical,False,,,157.5,155.0,97.0,11.4,12.5,0,1,1,1,0,0,0,0,1,0,0,0,0,0,0,0,0,0,0,0,0.8660254037844387,-0.4999999999999998,0.970941817426052,-0.2393156642875575,0,985.07,151643.77777777778,150290.83333333334,145433.33333333334,148995.0,146180.3333333333,126960.0,128565.0,151236.25694444444,3041.3422620330116,149113.90972222225,3106.4483362191218,148706.87731481483,2591.8901282533875,143965.94337606838,6594.402333758261,155148.33333333334,147862.08333333334,155148.33333333334,145433.33333333334,2.31104474374888,6.680036672014666,6.134888186053322,20.67695977391464,5.05,1.4108272025740831,2.19,11.952143372950333,1.0,0,0,0.333,139271.39,534,2012,2
Sorghum,2012-04-16,151643.77777777778,NGN,NGN/MT,Gap-filled,wholesale,National,,,0.6,False,Weekly gap-fill,Interpolated,historical,False,,,157.5,155.0,97.0,11.4,12.5,0,1,1,1,0,0,0,0,1,0,0,0,0,0,0,0,0,0,0,0,0.8660254037844387,-0.4999999999999998,0.9350162426854148,-0.3546048870425354,0,962.82,155148.33333333334,151643.77777777778,147862.08333333334,148104.58333333334,146884.0,128818.66666666669,130192.5,152181.68055555556,2078.06085236384,149556.30902777778,3192.981238232965,149103.52546296298,2651.0955606665957,144843.83226495728,5988.738736808343,155148.33333333334,150290.83333333334,155148.33333333334,145433.33333333334,-2.258841896822761,2.557582281536752,3.2405011967115316,16.476584886055477,5.066,-4.5698866405716405,1.648,11.929296076505183,1.0,0,0,0.333,136125.47,535,2012,2
Sorghum,2012-04-23,148139.22222222222,NGN,NGN/MT,Gap-filled,wholesale,National,,,0.6,False,Weekly gap-fill,Interpolated,historical,False,,,157.5,155.0,97.0,11.4,12.5,0,1,1,1,0,0,0,0,1,0,0,0,0,0,0,0,0,0,0,0,0.8660254037844387,-0.4999999999999998,0.8854560256532099,-0.4647231720437685,0,940.57,151643.77777777778,155148.33333333334,150290.83333333334,147214.1666666667,147587.66666666666,130677.33333333334,131820.0,151643.77777777778,2861.4576287833693,149671.94097222222,3111.7620758322428,149149.48842592593,2627.0980552671003,145515.44337606838,5272.825033454876,155148.33333333334,148139.22222222222,155148.33333333334,145433.33333333334,-2.31104474374888,-1.4316316327417145,0.37371385293412107,12.379928859218792,4.211,-0.05220284692611932,1.148,11.90591455164866,1.0,0,0,0.333,132979.55,536,2012,2
Sorghum,2012-04-30,144634.6666666667,NGN,NGN/MT,Gap-filled,wholesale,National,,,0.6,False,Weekly gap-fill,Interpolated,historical,False,,,157.5,155.0,97.0,11.4,12.5,0,1,1,1,0,0,0,0,1,0,0,0,0,0,0,0,0,0,0,0,0.8660254037844387,-0.4999999999999998,0.8229838658936565,-0.5680647467311557,0,918.32,148139.22222222222,151643.77777777778,151643.77777777778,147214.1666666667,148104.58333333334,132536.0,133447.5,149891.5,4524.361767509036,149349.50347222222,3510.864624424055,148860.3287037037,2926.4703349964216,145980.77670940172,4568.356379294816,155148.33333333334,144634.6666666667,155148.33333333334,144634.6666666667,-2.3657175344814374,-4.622089487497738,-2.342882703945126,8.383196887664957,2.679,-0.054672790732557264,0.668,11.881973215737682,1.0,0,0,0.333,129833.63,537,2012,2
Sorghum,2012-05-07,141130.11111111112,NGN,NGN/MT,Gap-filled,wholesale,National,,,0.6,False,Weekly gap-fill,Interpolated,historical,False,,,157.5,155.0,97.0,11.4,12.5,0,1,1,1,0,0,0,0,1,0,1,0,0,0,0,0,0,0,0,0,0.4999999999999999,-0.8660254037844387,0.7485107481711013,-0.663122658240795,0,896.06,144634.6666666667,148139.22222222222,155148.33333333334,145433.33333333334,148995.0,134394.6666666667,135075.0,146386.94444444444,4524.361767508959,148811.60069444444,4410.8713088016075,148204.92129629632,3677.819710746585,146239.83226495728,4046.1989903004132,151643.77777777778,141130.11111111112,155148.33333333334,141130.11111111112,-2.423039812185801,-9.03536758729101,-5.2786260538198455,4.482777058013054,0.101,-0.0573222777043636,0.201,11.857444603338948,1.0,0,0,0.333,126687.71,538,2012,2
Sorghum,2012-05-14,137625.55555555556,NGN,NGN/MT,WFP Nigeria Food Prices,wholesale,National,,,0.9,True,WFP VAM data — converted to NGN/MT,WFP,historical,False,,,157.5,155.0,97.0,11.4,12.5,0,1,1,1,0,0,0,0,1,0,1,0,0,0,0,0,0,0,0,0,0.4999999999999999,-0.8660254037844387,0.6631226582407952,-0.7485107481711012,0,873.81,141130.11111111112,144634.6666666667,151643.77777777778,147862.08333333334,148104.58333333334,136253.33333333334,135383.66666666666,142882.3888888889,4524.361767508882,147532.03472222222,5944.003099544012,147331.6689814815,4782.0879100879565,146292.61004273503,3917.633654148953,148139.22222222222,137625.55555555556,155148.33333333334,137625.55555555556,-2.483208953755045,-9.244178974995487,-7.075424366977911,1.6559522607765942,-2.331,-0.06016914156924402,-0.259,11.832299176817093,1.0,0,0,0.333,123541.79,539,2012,2
Sorghum,2012-05-21,119672.29166666669,NGN,NGN/MT,Gap-filled,wholesale,National,,,0.6,False,Weekly gap-fill,Interpolated,historical,False,,,157.5,155.0,97.0,11.4,12.5,0,1,1,1,0,0,0,0,1,0,1,0,0,0,0,0,0,0,0,0,0.4999999999999999,-0.8660254037844387,0.5680647467311558,-0.8229838658936564,0,759.82,137625.55555555556,141130.11111111112,148139.22222222222,150290.83333333334,147214.1666666667,138546.25,135692.33333333334,135765.65625,11103.938201778401,143704.7170138889,11330.651453673645,145036.5127314815,9309.655069697648,145566.68856837606,6383.198511950679,144634.6666666667,119672.29166666669,155148.33333333334,119672.29166666669,-13.045007387193907,-19.216335909238513,-18.708712363506685,-11.806150924763614,-6.733,-10.561798433438863,-2.405,11.692520739386872,1.0,0,0,0.333,107425.76,540,2012,2
Sorghum,2012-05-28,101719.02777777778,NGN,NGN/MT,Gap-filled,wholesale,National,,,0.6,False,Weekly gap-fill,Interpolated,historical,False,,,157.5,155.0,97.0,11.4,12.5,0,1,1,1,0,0,0,0,1,0,1,0,0,0,0,0,0,0,0,0,0.4999999999999999,-0.8660254037844387,0.464723172043769,-0.8854560256532096,0,645.84,119672.29166666669,137625.55555555556,144634.6666666667,151643.77777777778,147214.1666666667,140839.1666666667,136001.0,125036.74652777778,18165.60743099395,137464.1232638889,18074.82451426659,141245.25115740742,15528.69720830816,144062.06784188034,10695.863691642326,141130.11111111112,101719.02777777778,155148.33333333334,101719.02777777778,-15.002022305126106,-29.671751508782286,-30.90404946685763,-25.207147169669497,-13.206,-1.9570149179321987,-3.815,11.529979492616807,1.0,0,0,0.333,91309.72,541,2012,2
Sorghum,2012-06-04,85297.43055555556,NGN,NGN/MT,Gap-filled,wholesale,National,,,0.6,False,Weekly gap-fill,Interpolated,historical,False,,,157.5,155.0,97.0,11.4,12.5,0,1,1,0,0,0,0,1,0,0,1,0,0,0,0,0,0,0,1,0,1.2246467991473532e-16,-1.0,0.3546048870425358,-0.9350162426854148,0,541.57,101719.02777777778,119672.29166666669,141130.11111111112,155148.33333333334,145433.33333333334,143132.08333333334,136261.25,111078.5763888889,22589.545338749736,128732.76041666669,24159.097468766016,136233.92592592593,22286.97711411704,141837.65811965812,15727.437506525599,137625.55555555556,85297.43055555556,155148.33333333334,85297.43055555556,-16.144076070111424,-39.56113979928687,-41.34946328978531,-37.401549922993105,-21.686,-1.1420537649853184,-4.298,11.353911334196267,1.0,0,0,0.333,76568.61,542,2012,2
Sorghum,2012-06-11,65812.5,NGN,NGN/MT,WFP Nigeria Food Prices,wholesale,National,,,0.9,True,WFP VAM data — converted to NGN/MT,WFP,historical,False,,,157.5,155.0,97.0,11.4,12.5,0,1,1,0,0,0,0,1,0,0,1,0,0,0,0,0,0,0,1,0,1.2246467991473532e-16,-1.0,0.2393156642875576,-0.970941817426052,0,417.86,85297.43055555556,101719.02777777778,137625.55555555556,151643.77777777778,147862.08333333334,145425.0,136618.33333333334,93125.3125,22991.734076599805,118003.85069444445,30703.19284768891,129396.46064814815,29736.34880898874,138775.6388888889,21639.767006494858,119672.29166666669,65812.5,155148.33333333334,65812.5,-22.843514076153472,-52.180029548775664,-55.49061766454664,-51.827475570628636,-32.895,-6.6994380060420475,-4.478,11.094580263442754,1.0,0,0,0.333,59077.65,543,2012,2
Sorghum,2012-06-18,85297.43055555556,NGN,NGN/MT,Gap-filled,wholesale,National,,,0.6,False,Weekly gap-fill,Interpolated,historical,False,,,157.5,155.0,97.0,11.4,12.5,0,1,1,0,0,0,0,1,0,0,1,0,0,0,0,0,0,0,1,0,1.2246467991473532e-16,-1.0,0.120536680255323,-0.992708874098054,0,541.57,65812.5,85297.43055555556,119672.29166666669,148139.22222222222,150290.83333333334,145437.91666666666,136261.25,84531.59722222222,14685.427826090234,110148.62673611112,29920.693534256676,123980.34375000001,31453.99616689191,136462.54326923078,23986.171039790363,101719.02777777778,65812.5,155148.33333333334,65812.5,29.606732088213583,-28.724160482242887,-43.24508776501857,-37.401549922993105,-38.055,52.45024616436706,-2.899,11.353911334196267,1.0,0,0,0.333,76568.61,544,2012,2
Sorghum,2012-06-25,104782.36111111112,NGN,NGN/MT,Gap-filled,wholesale,National,,,0.6,False,Weekly gap-fill,Interpolated,historical,False,,,157.5,155.0,97.0,11.4,12.5,0,1,1,0,0,0,0,1,0,0,1,0,0,0,0,0,0,0,1,0,1.2246467991473532e-16,-1.0,-3.216245299353273e-16,-1.0,0,665.28,85297.43055555556,65812.5,101719.02777777778,144634.6666666667,151643.77777777778,145450.8333333333,135904.1666666667,85297.43055555556,15909.37917822503,105167.08854166667,26478.345290878417,120075.22569444445,30604.797922125155,134898.37126068378,24692.21911952568,104782.36111111112,65812.5,155148.33333333334,65812.5,22.84351407615346,3.01156371650122,-30.902301006598787,-22.8998170688087,-36.769,-6.763218012060122,-1.685,11.559650270240352,1.0,0,0,0.333,94059.57,545,2012,2
Sorghum,2012-07-02,124267.29166666666,NGN,NGN/MT,Gap-filled,wholesale,National,,,0.6,False,Weekly gap-fill,Interpolated,historical,False,,,157.5,155.0,97.0,11.4,12.5,0,1,1,0,0,0,1,1,0,0,1,0,0,0,0,0,0,0,1,0,-0.4999999999999997,-0.8660254037844388,-0.1205366802553228,-0.992708874098054,0,789.0,104782.36111111112,85297.43055555556,85297.43055555556,141130.11111111112,155148.33333333334,145463.75,135547.08333333334,95039.89583333334,25154.93718122477,103059.23611111112,23735.608624821125,117501.80555555556,28621.623830318422,134083.12286324787,24679.34713310568,124267.29166666666,65812.5,151643.77777777778,65812.5,18.59562081722297,45.687028152306894,-19.90420457841422,-8.321677891753499,-29.119,-4.2478932589304925,-0.575,11.730198149756703,1.0,0,0,0.333,111550.53,546,2012,3
Sorghum,2012-07-09,143752.22222222222,NGN,NGN/MT,WFP Nigeria Food Prices,wholesale,National,,,0.9,True,WFP VAM data — converted to NGN/MT,WFP,historical,False,,,157.5,155.0,97.0,11.4,12.5,0,1,1,0,0,0,1,1,0,0,1,0,0,0,0,0,0,0,1,0,-0.4999999999999997,-0.8660254037844388,-0.2393156642875574,-0.970941817426052,0,912.71,124267.29166666666,104782.36111111112,65812.5,137625.55555555556,151643.77777777778,145476.66666666666,135190.0,114524.82638888889,25154.93718122485,103825.06944444445,25071.470669390987,116844.17592592594,27845.990807753107,134016.7980769231,24649.802142420758,143752.22222222222,85297.43055555556,148139.22222222222,65812.5,15.67985452505214,118.42692835285429,-5.204008810120797,6.333473054384364,-14.544,-2.9157662921708294,0.507,11.875853373867312,1.0,0,0,0.333,129041.49,547,2012,3
Sorghum,2012-07-16,144649.1111111111,NGN,NGN/MT,Gap-filled,wholesale,National,,,0.6,False,Weekly gap-fill,Interpolated,historical,False,,,157.5,155.0,97.0,11.4,12.5,0,1,1,0,0,0,1,1,0,0,1,0,0,0,0,0,0,0,1,0,-0.4999999999999997,-0.8660254037844388,-0.3546048870425356,-0.9350162426854148,0,918.41,143752.22222222222,124267.29166666666,85297.43055555556,119672.29166666669,148139.22222222222,146180.3333333333,135336.0,129362.74652777778,18893.46412924406,106947.171875,28629.50083849354,116553.33333333333,27505.5542650789,133957.90491452994,24621.39147450144,144649.1111111111,104782.36111111112,144649.1111111111,65812.5,0.6239130602811782,69.58202629198642,-2.35596694700857,6.881473599863375,-3.43,-15.05594146477096,0.546,11.882073078541636,1.0,0,0,0.333,129846.6,548,2012,3
Sorghum,2012-07-23,145546.0,NGN,NGN/MT,Gap-filled,wholesale,National,,,0.6,False,Weekly gap-fill,Interpolated,historical,False,,,157.5,155.0,97.0,11.4,12.5,0,1,1,0,0,0,1,1,0,0,1,0,0,0,0,0,0,1,1,0,-0.4999999999999997,-0.8660254037844388,-0.464723172043768,-0.8854560256532101,0,924.1,144649.1111111111,143752.22222222222,104782.36111111112,101719.02777777778,144634.6666666667,146884.0,135336.0,139553.65625,10217.187190505407,112425.54340277778,31532.23709380642,116629.2777777778,27591.26162340692,133906.44337606838,24594.67756367554,145546.0,124267.29166666666,145546.0,65812.5,0.6200445215318151,38.90314978268445,0.6300932925255243,7.544186321451796,4.217,-0.003868538749363104,0.583,11.888254337487629,1.0,0,0,0.333,130651.71,549,2012,3
Sorghum,2012-07-30,146442.88888888888,NGN,NGN/MT,Gap-filled,wholesale,National,,,0.6,False,Weekly gap-fill,Interpolated,historical,False,,,157.5,155.0,97.0,11.4,12.5,0,1,1,0,0,0,1,1,0,0,1,0,0,0,0,0,0,1,1,0,-0.4999999999999997,-0.8660254037844388,-0.5680647467311556,-0.8229838658936565,0,929.8,145546.0,144649.1111111111,124267.29166666666,85297.43055555556,141130.11111111112,147587.66666666666,135409.0,145097.55555555556,1157.8785766900664,120068.72569444444,31427.633963715038,117072.00925925926,28058.807298510845,133862.41346153847,24570.217990429082,146442.88888888888,143752.22222222222,146442.88888888888,65812.5,0.6162236604845717,17.845079686540387,3.7644537625248775,8.148563898181704,8.393,-0.00382086104724344,0.619,11.894397623074466,1.0,0,0,0.333,131456.81,550,2012,3
Sorghum,2012-08-06,147339.77777777778,NGN,NGN/MT,Gap-filled,wholesale,National,,,0.6,False,Weekly gap-fill,Interpolated,historical,False,,,157.5,155.0,97.0,11.4,12.5,0,1,0,0,1,0,1,1,0,0,1,0,0,0,0,1,0,1,1,0,-0.8660254037844384,-0.5000000000000004,-0.663122658240795,-0.7485107481711013,0,935.49,146442.88888888888,145546.0,143752.22222222222,65812.5,137625.55555555556,148104.58333333334,135409.0,145994.44444444444,1157.8785766901565,130259.63541666666,23552.39861395465,117881.5277777778,28835.09389634185,133832.99786324787,24552.93689274072,147339.77777777778,144649.1111111111,147339.77777777778,65812.5,0.6124496011338687,2.4956522411247795,7.058443603012998,8.81091934640812,9.087,-0.003774059350702963,0.653,11.900503399018703,1.0,0,0,0.0,132261.92,551,2012,3
Sorghum,2012-08-13,148236.66666666666,NGN,NGN/MT,WFP Nigeria Food Prices,wholesale,National,,,0.9,True,WFP VAM data — converted to NGN/MT,WFP,historical,False,,,157.5,155.0,97.0,11.4,12.5,0,1,0,0,1,0,1,1,0,0,1,0,0,0,0,1,0,1,1,0,-0.8660254037844384,-0.5000000000000004,-0.7485107481711011,-0.6631226582407952,0,941.19,147339.77777777778,146442.88888888888,144649.1111111111,85297.43055555556,119672.29166666669,148995.0,135555.0,146891.3333333333,1157.8785766902467,138127.03993055556,15535.276537167916,120261.89236111111,30145.59071509511,133803.8311965812,24534.64896803772,148236.66666666666,145546.0,148236.66666666666,65812.5,0.608721488803643,2.480178086127194,23.86882928553147,9.355366210517246,9.781,-0.0037281123302257413,0.686,11.906572120594312,1.0,0,0,0.0,133067.03,552,2012,3
Sorghum,2012-08-20,149641.94444444444,NGN,NGN/MT,Gap-filled,wholesale,National,,,0.6,False,Weekly gap-fill,Interpolated,historical,False,,,157.5,155.0,97.0,11.4,12.5,0,1,0,0,1,0,1,1,0,0,1,0,0,0,0,1,0,0,1,0,-0.8660254037844384,-0.5000000000000004,-0.8229838658936564,-0.5680647467311559,0,950.11,148236.66666666666,147339.77777777778,145546.0,104782.36111111112,101719.02777777778,148104.58333333334,133464.5833333333,147915.31944444444,1364.2822140686137,143734.48784722222,8094.013333419349,124255.46875,30636.117781823228,133862.96047008547,24572.31646886436,149641.94444444444,146442.88888888888,149641.94444444444,65812.5,0.9479960723467684,2.814192382095304,47.11303058397518,12.12108913621488,10.498,0.33927458354312545,0.742,11.916007365122574,1.0,0,0,0.0,134328.5,553,2012,3
Sorghum,2012-08-27,151047.22222222222,NGN,NGN/MT,Gap-filled,wholesale,National,,,0.6,False,Weekly gap-fill,Interpolated,historical,False,,,157.5,155.0,97.0,11.4,12.5,0,1,0,0,1,0,1,1,0,0,1,0,0,0,0,1,0,0,1,0,-0.8660254037844384,-0.5000000000000004,-0.8854560256532096,-0.4647231720437691,0,959.03,149641.94444444444,148236.66666666666,146442.88888888888,124267.29166666666,85297.43055555556,147214.1666666667,131374.16666666666,149066.40277777775,1625.2784157676315,147081.97916666666,2491.41768958986,129734.61805555556,28863.479959291984,134010.3856837607,24666.93939034884,151047.22222222222,147339.77777777778,151047.22222222222,65812.5,0.9390935028243286,3.144115339616671,77.0829686643876,14.974828046271572,11.235,-0.00890256952243984,0.793,11.925354417279964,1.0,0,0,0.0,135589.97,554,2012,3
Sorghum,2012-09-03,151047.22222222222,NGN,NGN/MT,Gap-filled,wholesale,National,,,0.6,False,Weekly gap-fill,Interpolated,historical,False,,,157.5,155.0,97.0,11.4,12.5,0,1,0,0,1,1,0,0,0,0,0,0,0,0,0,1,0,0,0,0,-1.0,-1.8369701987210287e-16,-0.9350162426854148,-0.3546048870425359,0,959.03,151047.22222222222,149641.94444444444,147339.77777777778,143752.22222222222,65812.5,147214.1666666667,129283.75,149993.26388888888,1345.4510383740153,147993.85416666666,2432.92527580522,136837.51157407407,21163.609403013856,134157.8108974359,24760.28784173398,151047.22222222222,148236.66666666666,151047.22222222222,85297.43055555556,0.0,2.5162549451079874,129.51144877070803,16.833880686646395,11.804,-0.9390935028243286,0.767,11.925354417279964,1.0,0,0,0.0,135589.97,555,2012,3
Sorghum,2012-09-10,153857.77777777778,NGN,NGN/MT,WFP Nigeria Food Prices,wholesale,National,,,0.9,True,WFP VAM data — converted to NGN/MT,WFP,historical,False,,,157.5,155.0,97.0,11.4,12.5,0,1,0,0,1,1,0,0,0,0,0,0,0,0,0,1,0,0,0,0,-1.0,-1.8369701987210287e-16,-0.970941817426052,-0.2393156642875577,0,976.87,151047.22222222222,151047.22222222222,148236.66666666666,144649.1111111111,85297.43055555556,145433.33333333334,127193.33333333331,151398.5416666667,1768.2690929662162,149144.9375,2778.2890179440274,142550.87384259258,14040.465551431455,134481.827991453,24967.99389219289,153857.77777777778,149641.94444444444,153857.77777777778,104782.36111111112,1.8607131691708023,3.791984289387096,80.37797478268445,20.963712284012104,12.579,1.8607131691708023,0.887,11.943790433251865,1.0,0,0,0.0,138112.91,556,2012,3
Sorghum,2012-09-17,149180.66666666666,NGN,NGN/MT,Gap-filled,wholesale,National,,,0.6,False,Weekly gap-fill,Interpolated,historical,False,,,157.5,155.0,97.0,11.4,12.5,0,1,0,0,1,1,0,0,0,0,0,0,0,0,0,1,0,0,0,0,-1.0,-1.8369701987210287e-16,-0.992708874098054,-0.1205366802553235,0,947.18,153857.77777777778,151047.22222222222,149641.94444444444,145546.0,104782.36111111112,147862.08333333334,127135.0,151283.22222222222,1928.7706078274148,149599.2708333333,2373.3582082544162,146250.73263888888,7517.903113731525,134532.54273504272,24997.580465945044,153857.77777777778,149180.66666666666,153857.77777777778,124267.29166666666,-3.039892541452427,-0.30825433302829053,42.3719269968307,17.340359984793064,12.451,-4.900605710623229,0.612,11.912920081632473,1.0,0,0,0.0,133914.42,557,2012,3
Sorghum,2012-09-24,144503.55555555556,NGN,NGN/MT,Gap-filled,wholesale,National,,,0.6,False,Weekly gap-fill,Interpolated,historical,False,,,157.5,155.0,97.0,11.4,12.5,0,1,0,0,1,1,0,0,0,0,0,0,0,0,0,1,0,0,0,0,-1.0,-1.8369701987210287e-16,-1.0,-1.8369701987210287e-16,0,917.48,149180.66666666666,153857.77777777778,151047.22222222222,146442.88888888888,124267.29166666666,150290.83333333334,127076.66666666666,149647.30555555556,3931.232161500806,149356.85416666666,2802.1227867346097,147937.08796296295,3124.142921520625,134309.95512820513,24877.125980756635,153857.77777777778,144503.55555555556,153857.77777777778,143752.22222222222,-3.135199228973662,-4.3321992754289385,16.284465218064348,13.713681154858403,11.419,-0.09530668752123495,0.343,11.881066312373704,1.0,0,0,0.0,129715.94,558,2012,3
Sorghum,2012-10-01,139826.44444444444,NGN,NGN/MT,Gap-filled,wholesale,National,,,0.6,False,Weekly gap-fill,Interpolated,historical,False,,,157.5,155.0,97.0,11.4,12.5,0,1,0,0,0,1,0,0,0,1,0,1,0,1,1,1,1,0,0,0,-0.8660254037844386,0.5000000000000001,-0.992708874098054,0.1205366802553232,0,887.79,144503.55555555556,149180.66666666666,151047.22222222222,147339.77777777778,143752.22222222222,151643.77777777778,127076.66666666666,146842.1111111111,6038.124480565344,148417.6875,4386.132120936157,147609.9398148148,3745.88361976885,133855.4423076923,24654.722909646323,153857.77777777778,139826.44444444444,153857.77777777778,139826.44444444444,-3.236675452814708,-7.42865549772882,-2.7309336280791796,10.03313835042714,9.702,-0.10147622384104604,0.079,11.84816440170715,1.0,0,0,0.333,125517.45,559,2012,4
Sorghum,2012-10-08,135149.33333333334,NGN,NGN/MT,Gap-filled,wholesale,National,,,0.6,False,Weekly gap-fill,Interpolated,historical,False,,,157.5,155.0,97.0,11.4,12.5,0,1,0,0,0,1,0,0,0,1,0,1,0,1,1,1,1,0,0,0,-0.8660254037844386,0.5000000000000001,-0.970941817426052,0.2393156642875573,0,858.09,139826.44444444444,144503.55555555556,153857.77777777778,148236.66666666666,144649.1111111111,155148.33333333334,126960.0,142165.0,6038.124480565209,146781.7708333333,6428.43851184424,146818.29166666666,5163.929184161968,133086.25,24272.85554901263,149180.66666666666,135149.33333333334,153857.77777777778,135149.33333333334,-3.3449403148983037,-12.159570165809686,-6.5674636399808755,6.450325561856762,6.822,-0.10826486208359576,-0.183,11.814143018096916,1.0,0,0,0.333,121318.97,560,2012,4
Sorghum,2012-10-15,130472.22222222222,NGN,NGN/MT,WFP Nigeria Food Prices,wholesale,National,,,0.9,True,WFP VAM data — converted to NGN/MT,WFP,historical,False,,,157.5,155.0,97.0,11.4,12.5,0,1,0,0,0,1,0,0,0,1,0,1,0,1,1,1,1,0,0,0,-0.8660254037844386,0.5000000000000001,-0.9350162426854148,0.3546048870425355,0,828.4,135149.33333333334,139826.44444444444,149180.66666666666,149641.94444444444,145546.0,151643.77777777778,128818.66666666669,137487.8888888889,6038.124480565092,144385.55555555556,8461.33857577084,145562.1435185185,7006.28401680691,132271.9594017094,23978.740098629652,144503.55555555556,130472.22222222222,153857.77777777778,130472.22222222222,-3.460698618154079,-12.54079691589467,-10.356710440532735,1.2836303917306502,3.943,-0.11575830325577519,-0.439,11.778923290990331,1.0,0,0,0.333,117120.49,561,2012,4
Sorghum,2012-10-22,130487.77777777777,NGN,NGN/MT,Gap-filled,wholesale,National,,,0.6,False,Weekly gap-fill,Interpolated,historical,False,,,157.5,155.0,97.0,11.4,12.5,0,1,0,0,0,1,0,0,0,1,0,1,0,1,1,1,1,0,0,0,-0.8660254037844386,0.5000000000000001,-0.8854560256532101,0.464723172043768,0,828.49,130472.22222222222,135149.33333333334,144503.55555555556,151047.22222222222,146442.88888888888,148139.22222222222,130677.33333333334,133983.94444444444,4473.93606866504,141815.625,9235.752219008858,144232.55092592593,8230.84644656725,131593.0576923077,23760.4116940645,139826.44444444444,130472.22222222222,153857.77777777778,130472.22222222222,0.01192250372576975,-9.69926153297267,-10.895108142271614,-0.14505618588960267,1.817,3.4726211218798486,-0.438,11.77904250800717,1.0,0,0,0.333,117134.45,562,2012,4
Sorghum,2012-10-29,130487.77777777777,NGN,NGN/MT,Gap-filled,wholesale,National,,,0.6,False,Weekly gap-fill,Interpolated,historical,False,,,157.5,155.0,97.0,11.4,12.5,0,1,0,0,0,1,0,0,0,1,0,1,0,1,1,1,1,0,0,0,-0.8660254037844386,0.5000000000000001,-0.822983865893657,0.5680647467311548,0,828.49,130487.77777777777,130472.22222222222,139826.44444444444,151047.22222222222,147339.77777777778,144634.6666666667,132536.0,131649.27777777778,2333.3818927926072,139245.69444444444,9160.124954622892,142828.21759259258,9049.426251770154,131048.94658119658,23611.327532693456,135149.33333333334,130472.22222222222,153857.77777777778,130472.22222222222,0.0,-6.6787557273381815,-11.43750876658488,-1.5454082077490106,0.458,-0.01192250372576975,-0.435,11.77904250800717,1.0,0,0,0.333,117134.45,563,2012,4
Sorghum,2012-11-05,130487.77777777777,NGN,NGN/MT,Gap-filled,wholesale,National,,,0.6,False,Weekly gap-fill,Interpolated,historical,False,,,157.5,155.0,97.0,11.4,12.5,1,0,0,0,0,1,0,0,0,1,0,1,1,1,1,0,1,0,0,0,-0.5000000000000004,0.8660254037844384,-0.7485107481711011,0.6631226582407952,1,828.49,130487.77777777777,130487.77777777777,135149.33333333334,153857.77777777778,148236.66666666666,141130.11111111112,134394.6666666667,130483.88888888888,7.777777704463549,136324.44444444444,7389.894033554385,141349.1435185185,9523.160678460405,130639.62606837608,23521.64841435422,130487.77777777777,130472.22222222222,153857.77777777778,130472.22222222222,0.0,-3.4491887163499935,-11.973345925809332,-2.9070267338651257,-0.119,0.0,-0.43,11.77904250800717,1.0,0,0,0.667,117134.45,564,2012,4
Sorghum,2012-11-12,130503.33333333331,NGN,NGN/MT,WFP Nigeria Food Prices,wholesale,National,,,0.9,True,WFP VAM data — converted to NGN/MT,WFP,historical,False,,,157.5,155.0,97.0,11.4,12.5,1,0,0,0,0,1,0,0,0,1,0,1,1,1,1,0,1,0,0,0,-0.5000000000000004,0.8660254037844384,-0.6631226582407955,0.7485107481711007,1,828.59,130487.77777777777,130487.77777777777,130472.22222222222,149180.66666666666,149641.94444444444,137625.55555555556,136253.33333333334,130491.66666666664,7.7777777046090675,133989.77777777778,5441.52386712356,139754.25925925924,9610.286459434723,130365.69444444442,23478.469256936445,130503.33333333331,130487.77777777777,153857.77777777778,130472.22222222222,0.011921082434285246,0.023845007451561706,-12.789603330913991,-4.220080242685221,0.097,0.011921082434285246,-0.423,11.779161710813003,1.0,0,0,0.667,117148.41,565,2012,4
Sorghum,2012-11-19,128953.33333333331,NGN,NGN/MT,Gap-filled,wholesale,National,,,0.6,False,Weekly gap-fill,Interpolated,historical,False,,,157.5,155.0,97.0,11.4,12.5,1,0,0,0,0,1,0,0,0,1,0,1,1,1,1,0,1,0,0,0,-0.5000000000000004,0.8660254037844384,-0.5680647467311559,0.8229838658936564,1,818.75,130503.33333333331,130487.77777777777,130487.77777777777,144503.55555555556,151047.22222222222,119672.29166666669,138546.25,130108.05555555553,769.849739493319,132046.0,3622.772163920682,137913.10185185182,9363.295483111382,130722.65758547008,23379.73128791503,130503.33333333331,128953.33333333331,153857.77777777778,128953.33333333331,-1.1877091262036732,-1.1759296315534074,-14.627140151166863,-6.923981462267426,-0.47,-1.1996302086379584,-0.496,11.767213615501229,1.0,0,0,0.667,115757.03,566,2012,4
Sorghum,2012-11-26,127403.33333333331,NGN,NGN/MT,Gap-filled,wholesale,National,,,0.6,False,Weekly gap-fill,Interpolated,historical,False,,,157.5,155.0,97.0,11.4,12.5,1,0,0,0,0,1,0,0,0,1,0,1,1,1,1,0,1,0,0,0,-0.5000000000000004,0.8660254037844384,-0.4647231720437684,0.88545602565321,1,808.91,128953.33333333331,130503.33333333331,130487.77777777777,139826.44444444444,151047.22222222222,101719.02777777778,140839.1666666667,129336.94444444442,1479.965068823181,130493.1111111111,2190.8469946108235,135942.77777777778,8820.164491722833,131710.515491453,22636.016261298522,130503.33333333331,127403.33333333331,153857.77777777778,127403.33333333331,-1.2019852142894027,-2.3637803455411,-15.653309303565855,-9.539841545024785,-1.802,-0.014276088085729555,-0.563,11.755121035147193,1.0,0,0,0.667,114365.65,567,2012,4
Sorghum,2012-12-03,125853.33333333331,NGN,NGN/MT,Gap-filled,wholesale,National,,,0.6,False,Weekly gap-fill,Interpolated,historical,False,,,157.5,155.0,97.0,11.4,12.5,1,0,0,0,0,0,0,0,0,1,0,1,1,1,1,0,0,0,0,1,-2.4492935982947064e-16,1.0,-0.3546048870425359,0.9350162426854148,1,799.07,127403.33333333331,128953.33333333331,130487.77777777777,135149.33333333334,153857.77777777778,85297.43055555556,143132.08333333334,128178.33333333331,2001.0413955400445,129331.1111111111,1798.5650757126623,133609.07407407407,7206.335008164543,133270.35790598288,20617.08235109765,130503.33333333331,125853.33333333331,149180.66666666666,125853.33333333331,-1.216608670626096,-3.5516310595287814,-18.201513663412115,-12.071891638550658,-3.821,-0.014623456336693152,-0.627,11.74288043249617,1.0,0,0,0.667,112974.27,568,2012,4
Sorghum,2012-12-10,124303.33333333331,NGN,NGN/MT,WFP Nigeria Food Prices,wholesale,National,,,0.9,True,WFP VAM data — converted to NGN/MT,WFP,historical,False,,,157.5,155.0,97.0,11.4,12.5,1,0,0,0,0,0,0,0,0,1,0,1,1,1,1,0,0,0,0,1,-2.4492935982947064e-16,1.0,-0.2393156642875578,0.970941817426052,1,789.23,125853.33333333331,127403.33333333331,130503.33333333331,130472.22222222222,149180.66666666666,65812.5,145425.0,126628.33333333331,2001.0413955399224,128559.99999999997,2445.502296356577,131535.96296296295,5750.83191977796,135520.0053418803,15523.998582825878,128953.33333333331,124303.33333333331,144503.55555555556,124303.33333333331,-1.2315923296959408,-4.750836504814693,-16.675976779832958,-14.524096040341538,-6.561,-0.01498365906984489,-0.686,11.730488138784409,1.0,0,0,0.667,111582.88,569,2012,4
Sorghum,2012-12-17,125404.22222222222,NGN,NGN/MT,Gap-filled,wholesale,National,,,0.6,False,Weekly gap-fill,Interpolated,historical,False,,,157.5,155.0,97.0,11.4,12.5,1,0,0,0,0,0,0,0,0,1,0,1,1,1,1,0,0,0,0,1,-2.4492935982947064e-16,1.0,-0.1205366802553236,0.992708874098054,1,796.22,124303.33333333331,125853.33333333331,128953.33333333331,130487.77777777777,144503.55555555556,85297.43055555556,145437.91666666666,125741.05555555555,1285.337256985473,127924.55555555553,2531.957443131917,129944.35185185184,4294.116706515615,137062.57425213672,11904.650956714993,127403.33333333331,124303.33333333331,139826.44444444444,124303.33333333331,0.8856471177138392,-2.7522445673714757,-13.21720649703353,-13.774739698974258,-8.26,2.11723944740978,-0.606,11.739305550829178,1.0,0,0,0.667,112571.12,570,2012,4
Sorghum,2012-12-24,125404.22222222222,NGN,NGN/MT,Gap-filled,wholesale,National,,,0.6,False,Weekly gap-fill,Interpolated,historical,False,,,157.5,155.0,97.0,11.4,12.5,1,0,0,0,0,0,0,0,0,1,0,1,1,1,1,0,0,0,0,1,-2.4492935982947064e-16,1.0,6.432490598706546e-16,1.0,1,796.22,125404.22222222222,124303.33333333331,127403.33333333331,130487.77777777777,139826.44444444444,104782.36111111112,145450.8333333333,125241.27777777777,660.1650217667786,127289.1111111111,2432.732569167956,128742.49999999999,3140.027066191987,137855.72275641025,10238.29414181514,125853.33333333331,124303.33333333331,135149.33333333334,124303.33333333331,0.0,-1.5691199427888547,-10.31437385075784,-13.78239687714251,-9.15,-0.8856471177138392,-0.584,11.739305550829178,1.0,0,0,0.667,112571.12,571,2012,4
Sorghum,2012-12-31,125954.66666666666,NGN,NGN/MT,Gap-filled,wholesale,National,,,0.6,False,Weekly gap-fill,Interpolated,historical,False,,,157.5,155.0,97.0,11.4,12.5,1,0,0,0,0,0,0,0,0,1,0,1,1,1,1,0,0,0,0,1,-2.4492935982947064e-16,1.0,0.120536680255323,0.992708874098054,1,799.71,125404.22222222222,125404.22222222222,125853.33333333331,130487.77777777777,135149.33333333334,124267.29166666666,145463.75,125266.61111111111,692.6274035597178,126722.4722222222,2084.22478768791,127976.27777777777,2488.8261772826418,137920.62179487178,10153.712308143551,125954.66666666666,124303.33333333331,130503.33333333331,124303.33333333331,0.4389361336407216,0.08051700391991101,-6.803338529231873,-13.4116460859378,-9.175,0.4389361336407216,-0.535,11.743685272167376,1.0,0,0,0.667,113065.23,572,2012,4
Sorghum,2013-01-07,126505.11111111112,NGN,NGN/MT,Gap-filled,wholesale,National,,,0.6,False,Weekly gap-fill,Interpolated,historical,False,,,157.31,155.0,97.0,11.4,12.5,1,0,0,0,0,0,0,0,0,1,0,0,1,0,0,0,0,0,0,1,0.4999999999999999,0.8660254037844387,0.2393156642875577,0.970941817426052,1,804.18,125954.66666666666,125404.22222222222,124303.33333333331,130503.33333333331,130472.22222222222,143752.22222222222,145476.66666666666,125817.05555555556,527.0104324225676,126222.69444444444,1422.3754403470427,127645.68518518517,2388.6075877729236,137257.27136752135,10319.519917155629,126505.11111111112,125404.22222222222,130503.33333333331,124303.33333333331,0.4370179041489619,1.7712942354277006,-3.0405790930380983,-13.040961131605666,-8.335,-0.001918229491759682,-0.486,11.748045895161605,1.0,0,0,0.333,113559.35,573,2013,1
Sorghum,2013-01-14,127055.55555555556,NGN,NGN/MT,WFP Nigeria Food Prices,wholesale,National,,,0.9,True,WFP VAM data — converted to NGN/MT,WFP,historical,False,,,157.31,155.0,97.0,11.4,12.5,1,0,0,0,0,0,0,0,0,1,0,0,1,0,0,0,0,0,0,1,0.4999999999999999,0.8660254037844387,0.3546048870425356,0.9350162426854148,1,807.68,126505.11111111112,125954.66666666666,125404.22222222222,128953.33333333331,130487.77777777777,144649.1111111111,146180.3333333333,126229.88888888889,710.6207221135478,125985.47222222222,996.3603106362452,127359.66666666664,2216.6516897768915,136580.59615384616,10392.00244565524,127055.55555555556,125404.22222222222,130503.33333333331,124303.33333333331,0.4351163677181136,1.316808400922187,-2.630301688536163,-13.083003261572635,-7.578,-0.0019015364308483385,-0.438,11.752387585650583,1.0,0,0,0.333,114053.46,574,2013,1
Sorghum,2013-01-21,128062.5,NGN,NGN/MT,Gap-filled,wholesale,National,,,0.6,False,Weekly gap-fill,Interpolated,historical,False,,,157.31,155.0,97.0,11.4,12.5,1,0,0,0,0,0,0,0,0,1,0,0,1,0,0,0,0,0,0,1,0.4999999999999999,0.8660254037844387,0.4647231720437685,0.8854560256532099,1,814.08,127055.55555555556,126505.11111111112,125404.22222222222,127403.33333333331,130487.77777777777,145546.0,146884.0,126894.45833333334,899.0871826949276,126067.86805555556,1146.3319609414875,127157.56018518517,2006.0753875166774,135908.15384615384,10354.256557836676,128062.5,125954.66666666666,130503.33333333331,124303.33333333331,0.7925229558373381,2.119767365621228,-1.8586244773882488,-12.81385310857548,-6.632,0.35740658811922454,-0.366,11.760281513637933,1.0,0,0,0.333,114957.36,575,2013,1
Sorghum,2013-01-28,129069.44444444444,NGN,NGN/MT,Gap-filled,wholesale,National,,,0.6,False,Weekly gap-fill,Interpolated,historical,False,,,157.31,155.0,97.0,11.4,12.5,1,0,0,0,0,0,0,0,0,1,0,0,1,0,0,0,0,0,0,1,0.4999999999999999,0.8660254037844387,0.5680647467311558,0.8229838658936564,1,820.48,128062.5,127055.55555555556,125954.66666666666,125853.33333333331,130487.77777777777,146442.88888888888,147587.66666666666,127673.15277777778,1132.3970654935588,126469.88194444444,1552.3739005218833,127039.36574074073,1825.7012637942894,135239.94444444444,10206.750563387199,129069.44444444444,126505.11111111112,130503.33333333331,124303.33333333331,0.7862914158668133,2.472935588818559,-1.0869472662403457,-12.547269457173849,-5.595,-0.006231539970524835,-0.294,11.768113615260544,1.0,0,0,0.333,115861.26,576,2013,1
Sorghum,2013-02-04,130076.3888888889,NGN,NGN/MT,Gap-filled,wholesale,National,,,0.6,False,Weekly gap-fill,Interpolated,historical,False,,,157.31,155.0,97.0,11.4,12.5,1,0,0,0,0,0,0,0,1,1,0,0,1,0,0,0,0,0,0,0,0.8660254037844386,0.5000000000000001,0.6631226582407952,0.7485107481711011,1,826.88,129069.44444444444,128062.5,126505.11111111112,124303.33333333331,130503.33333333331,147339.77777777778,148104.58333333334,128565.97222222222,1299.9596879625444,127191.51388888889,1732.710149663424,127003.78703703704,1754.8448297315156,134575.96794871794,9946.33154766552,130076.3888888889,127055.55555555556,130076.3888888889,124303.33333333331,0.7801571075002789,2.823030426526474,-0.3271521374506925,-12.172610758351121,-4.466,-0.006134308366534391,-0.223,11.775884851462772,1.0,0,0,0.333,116765.16,577,2013,1
Sorghum,2013-02-11,131083.33333333334,NGN,NGN/MT,WFP Nigeria Food Prices,wholesale,National,,,0.9,True,WFP VAM data — converted to NGN/MT,WFP,historical,False,,,157.31,155.0,97.0,11.4,12.5,1,0,0,0,0,0,0,0,1,1,0,0,1,0,0,0,0,0,0,0,0.8660254037844386,0.5000000000000001,0.7485107481711011,0.6631226582407953,1,833.28,130076.3888888889,129069.44444444444,127055.55555555556,125404.22222222222,128953.33333333331,148236.66666666666,148995.0,129572.91666666667,1299.959687962689,127901.40277777778,2033.164333499518,127181.28703703704,2052.452554274208,133916.22435897437,9565.57324322334,131083.33333333334,128062.5,131083.33333333334,124303.33333333331,0.7741177726763082,3.1700918233493747,1.6517603267331982,-12.021656207702714,-3.243,-0.006039334823970677,-0.151,11.783596160958217,1.0,0,0,0.333,117669.06,578,2013,1
Sorghum,2013-02-18,133081.6666666667,NGN,NGN/MT,Gap-filled,wholesale,National,,,0.6,False,Weekly gap-fill,Interpolated,historical,False,,,157.31,155.0,97.0,11.4,12.5,1,0,0,0,0,0,0,0,1,1,0,0,1,0,0,0,0,0,0,0,0.8660254037844386,0.5000000000000001,0.8229838658936564,0.5680647467311559,1,845.98,131083.33333333334,130076.3888888889,128062.5,125404.22222222222,127403.33333333331,149641.94444444444,148104.58333333334,130827.70833333334,1712.8577601576299,128861.08333333334,2454.3730514820786,127654.48148148147,2669.9743919785114,133279.2905982906,9011.892589504172,133081.6666666667,129069.44444444444,133081.6666666667,124303.33333333331,1.5244755244755215,3.9193102326338103,4.456973914863593,-10.143451558723982,-1.839,0.7503577517992133,-0.027,11.79872576800399,1.0,0,0,0.333,119462.9,579,2013,1
Sorghum,2013-02-25,135080.0,NGN,NGN/MT,Gap-filled,wholesale,National,,,0.6,False,Weekly gap-fill,Interpolated,historical,False,,,157.31,155.0,97.0,11.4,12.5,1,0,0,0,0,0,0,0,1,1,0,0,1,0,0,0,0,0,0,0,0.8660254037844386,0.5000000000000001,0.8854560256532099,0.4647231720437686,1,858.69,133081.6666666667,131083.33333333334,129069.44444444444,125954.66666666666,125853.33333333331,151047.22222222222,147214.1666666667,132330.34722222225,2218.1405961920123,130001.75,2975.7671914026514,128423.37037037038,3346.861554675871,132665.16666666666,8265.815163642266,135080.0,130076.3888888889,135080.0,124303.33333333331,1.5015842402534618,4.656838480576786,7.331285093759954,-8.242526477863898,-0.252,-0.02289128422205966,0.096,11.813629877492534,1.0,0,0,0.333,121256.73,580,2013,1
Sorghum,2013-03-04,137078.3333333333,NGN,NGN/MT,Gap-filled,wholesale,National,,,0.6,False,Weekly gap-fill,Interpolated,historical,False,,,157.31,155.0,97.0,11.4,12.5,1,0,0,1,0,0,0,0,1,1,0,0,0,0,0,0,0,0,0,0,1.0,6.123233995736766e-17,0.9350162426854148,0.3546048870425355,0,871.39,135080.0,133081.6666666667,130076.3888888889,126505.11111111112,124303.33333333331,151047.22222222222,147214.1666666667,134080.83333333334,2579.83724005711,131323.40277777778,3502.320705643528,129487.95370370371,3902.795403160311,132127.90170940172,7435.492148004099,137078.3333333333,131083.33333333334,137078.3333333333,125404.22222222222,1.479370249728551,5.382948054028058,10.277278699954406,-6.885093712674872,1.478,-0.0222139905249108,0.217,11.828315112636577,1.0,0,0,0.333,123050.57,581,2013,1
Sorghum,2013-03-11,139076.66666666666,NGN,NGN/MT,WFP Nigeria Food Prices,wholesale,National,,,0.9,True,WFP VAM data — converted to NGN/MT,WFP,historical,False,,,157.31,155.0,97.0,11.4,12.5,1,0,0,1,0,0,0,0,1,1,0,0,0,0,0,0,0,0,0,0,1.0,6.123233995736766e-17,0.970941817426052,0.239315664287558,0,884.09,137078.3333333333,135080.0,131083.33333333334,127055.55555555556,125404.22222222222,153857.77777777778,145433.33333333334,136079.16666666666,2579.8372400572457,132826.04166666666,3958.696471090329,130627.32407407409,4545.112329154442,131559.39743589744,6163.954194269364,139076.66666666666,133081.6666666667,139076.66666666666,125404.22222222222,1.4578039320583214,6.097902097902086,10.902698650940334,-4.370845748338315,3.436,-0.02156631767022965,0.335,11.842787809066099,1.0,0,0,0.333,124844.4,582,2013,1
Sorghum,2013-03-18,139884.88888888888,NGN,NGN/MT,Gap-filled,wholesale,National,,,0.6,False,Weekly gap-fill,Interpolated,historical,False,,,157.31,155.0,97.0,11.4,12.5,1,0,0,1,0,0,0,0,1,1,0,0,0,0,0,0,0,0,0,0,1.0,6.123233995736766e-17,0.992708874098054,0.120536680255323,0,889.23,139076.66666666666,137078.3333333333,133081.6666666667,128062.5,125404.22222222222,149180.66666666666,147862.08333333334,137779.97222222222,2152.0716985455197,134303.84027777778,4129.403783808906,131834.0462962963,4937.6667108093225,131201.86752136753,5311.64548034774,139884.88888888888,135080.0,139884.88888888888,125954.66666666666,0.5811343064177299,5.112065690657763,11.547192279544017,-5.3950237035826465,5.014,-0.8766696256405915,0.39,11.848582289868565,1.0,0,0,0.333,125569.92,583,2013,1
Sorghum,2013-03-25,140693.1111111111,NGN,NGN/MT,Gap-filled,wholesale,National,,,0.6,False,Weekly gap-fill,Interpolated,historical,False,,,157.31,155.0,97.0,11.4,12.5,1,0,0,1,0,0,0,0,1,1,0,0,0,0,0,0,0,0,0,0,1.0,6.123233995736766e-17,1.0,-1.6081226496766364e-16,0,894.37,139884.88888888888,139076.66666666666,135080.0,129069.44444444444,125954.66666666666,144503.55555555556,150290.83333333334,139183.25,1550.7000446904087,135756.79861111112,4069.029508066093,133062.25,5169.844296298573,131055.31196581197,4971.638769021654,140693.1111111111,137078.3333333333,140693.1111111111,126505.11111111112,0.5777766481011248,4.155397624452983,11.70138815376256,-6.386099544032231,6.202,-0.003357658316605061,0.449,11.85434338800561,1.0,0,0,0.333,126295.43,584,2013,1
Sorghum,2013-04-01,141501.33333333334,NGN,NGN/MT,Gap-filled,wholesale,National,,,0.6,False,Weekly gap-fill,Interpolated,historical,False,,,157.31,155.0,97.0,11.4,12.5,0,1,1,1,0,0,0,0,1,0,0,0,0,0,0,0,0,0,0,0,0.8660254037844387,-0.4999999999999998,0.992708874098054,-0.1205366802553228,0,899.51,140693.1111111111,139884.88888888888,137078.3333333333,130076.3888888889,126505.11111111112,139826.44444444444,151643.77777777778,140289.0,1043.4104022349252,137184.91666666666,3785.601727603746,134311.9351851852,5252.546489618169,131119.73076923078,5099.05287031186,141501.33333333334,139076.66666666666,141501.33333333334,127055.55555555556,0.5744575664290874,3.2266222476200035,11.854242165006944,-6.688335382482624,6.993,-0.003319081672037427,0.51,11.860071485917693,1.0,0,0,0.333,127020.95,585,2013,2
Sorghum,2013-04-08,142309.55555555556,NGN,NGN/MT,Gap-filled,wholesale,National,,,0.6,False,Weekly gap-fill,Interpolated,historical,False,,,157.31,155.0,97.0,11.4,12.5,0,1,1,1,0,0,0,0,1,0,0,0,0,0,0,0,0,0,0,0,0.8660254037844387,-0.4999999999999998,0.970941817426052,-0.2393156642875575,0,904.64,141501.33333333334,140693.1111111111,139076.66666666666,131083.33333333334,127055.55555555556,135149.33333333334,155148.33333333334,141097.22222222222,1043.4104022350473,138588.19444444444,3242.4540854842385,135583.10185185185,5182.121369824766,131395.12393162394,5502.766976853403,142309.55555555556,139884.88888888888,142309.55555555556,128062.5,0.5711764003794251,2.3245372256708974,12.005771753388728,-8.27516319507855,7.384,-0.003281166049662332,0.577,11.865766959510685,1.0,0,0,0.333,127746.46,586,2013,2
Sorghum,2013-04-15,143117.77777777778,NGN,NGN/MT,WFP Nigeria Food Prices,wholesale,National,,,0.9,True,WFP VAM data — converted to NGN/MT,WFP,historical,False,,,157.31,155.0,97.0,11.4,12.5,0,1,1,1,0,0,0,0,1,0,0,0,0,0,0,0,0,0,0,0,0.8660254037844387,-0.4999999999999998,0.9350162426854148,-0.3546048870425354,0,909.78,142309.55555555556,141501.33333333334,139884.88888888888,133081.6666666667,128062.5,130472.22222222222,151643.77777777778,141905.44444444444,1043.4104022351694,139842.7083333333,2704.4776549314197,136837.70833333334,5015.626860320897,131881.49145299147,5957.951285998835,143117.77777777778,140693.1111111111,143117.77777777778,129069.44444444444,0.5679325039467997,2.311106592404566,11.75619543408708,-5.6223869682897165,7.601,-0.0032438964326253483,0.638,11.871430178303891,1.0,0,0,0.333,128471.97,587,2013,2
Sorghum,2013-04-22,143425.55555555556,NGN,NGN/MT,Gap-filled,wholesale,National,,,0.6,False,Weekly gap-fill,Interpolated,historical,False,,,157.31,155.0,97.0,11.4,12.5,0,1,1,1,0,0,0,0,1,0,0,0,0,0,0,0,0,0,0,0,0.8660254037844387,-0.4999999999999998,0.8854560256532099,-0.4647231720437685,0,911.74,143117.77777777778,142309.55555555556,140693.1111111111,135080.0,129069.44444444444,130487.77777777777,148139.22222222222,142588.55555555556,864.2025844667105,140885.90277777775,2159.588653298391,138034.05092592593,4696.2327340057645,132379.09829059828,6363.378472693147,143425.55555555556,141501.33333333334,143425.55555555556,130076.3888888889,0.2150520938465572,1.9421309422083421,11.122780587539015,-3.1819167104818025,7.712,-0.3528804101002425,0.664,11.873578375188183,1.0,0,0,0.333,128748.25,588,2013,2
Sorghum,2013-04-29,143733.3333333333,NGN,NGN/MT,Gap-filled,wholesale,National,,,0.6,False,Weekly gap-fill,Interpolated,historical,False,,,157.31,155.0,97.0,11.4,12.5,0,1,1,1,0,0,0,0,1,0,0,0,0,0,0,0,0,0,0,0,0.8660254037844387,-0.4999999999999998,0.8229838658936565,-0.5680647467311557,0,913.69,143425.55555555556,143117.77777777778,141501.33333333334,137078.3333333333,130076.3888888889,130487.77777777777,144634.6666666667,143146.55555555556,611.9766664934583,141717.77777777778,1720.5028180999318,139172.12962962964,4223.477434588131,132888.54273504272,6725.796087008514,143733.3333333333,142309.55555555556,143733.3333333333,131083.33333333334,0.21459061224171627,1.5773702956862312,10.499172494794706,-0.6231793207714387,7.719,-0.0004614816048409409,0.683,11.875721967212998,1.0,0,0,0.333,129024.54,589,2013,2
Sorghum,2013-05-06,144041.1111111111,NGN,NGN/MT,Gap-filled,wholesale,National,,,0.6,False,Weekly gap-fill,Interpolated,historical,False,,,157.31,155.0,97.0,11.4,12.5,0,1,1,1,0,0,0,0,1,0,1,0,0,0,0,0,0,0,0,0,0.4999999999999999,-0.8660254037844387,0.7485107481711013,-0.663122658240795,0,915.65,143733.3333333333,143425.55555555556,142309.55555555556,139076.66666666666,131083.33333333334,130487.77777777777,141130.11111111112,143579.44444444444,397.3394025595716,142338.33333333334,1514.812856235936,140251.94444444444,3573.917290310027,133409.82478632478,7049.707298041895,144041.1111111111,143117.77777777778,144041.1111111111,133081.6666666667,0.21413110698824678,1.2167528377105663,9.8851451578724,2.0626356608676844,7.623,-0.00045950525346949433,0.697,11.877860974078006,1.0,0,0,0.333,129300.82,590,2013,2
Sorghum,2013-05-13,144348.88888888888,NGN,NGN/MT,WFP Nigeria Food Prices,wholesale,National,,,0.9,True,WFP VAM data — converted to NGN/MT,WFP,historical,False,,,157.31,155.0,97.0,11.4,12.5,0,1,1,1,0,0,0,0,1,0,1,0,0,0,0,0,0,0,0,0,0.4999999999999999,-0.8660254037844387,0.6631226582407952,-0.7485107481711012,0,917.61,144041.1111111111,143733.3333333333,143117.77777777778,139884.88888888888,133081.6666666667,130503.33333333331,137625.55555555556,143887.22222222222,397.3394025596938,142896.33333333334,1287.003048388152,141190.87962962964,2943.322361555837,133942.34615384616,7338.396831452491,144348.88888888888,143425.55555555556,144348.88888888888,135080.0,0.21367356541728277,0.8602083753862289,8.466396990987125,4.885236107635027,7.425,-0.00045754157096400405,0.704,11.879995415356728,1.0,0,0,0.333,129577.1,591,2013,2
Sorghum,2013-05-20,146715.0,NGN,NGN/MT,Gap-filled,wholesale,National,,,0.6,False,Weekly gap-fill,Interpolated,historical,False,,,157.31,155.0,97.0,11.4,12.5,0,1,1,1,0,0,0,0,1,0,1,0,0,0,0,0,0,0,0,0,0.4999999999999999,-0.8660254037844387,0.5680647467311558,-0.8229838658936564,0,932.65,144348.88888888888,144041.1111111111,143425.55555555556,140693.1111111111,135080.0,128953.33333333331,119672.29166666669,144709.5833333333,1360.357264788854,143649.06944444444,1548.7216688414576,142160.46296296295,2648.9546085471484,134625.4871794872,7674.420930763396,146715.0,143733.3333333333,146715.0,137078.3333333333,1.639161291315805,2.293485586792987,8.613414273023402,22.597301310697414,7.49,1.4254877258985221,0.81,11.896254024305133,1.0,0,0,0.333,131701.08,592,2013,2
Sorghum,2013-05-27,149081.11111111112,NGN,NGN/MT,Gap-filled,wholesale,National,,,0.6,False,Weekly gap-fill,Interpolated,historical,False,,,157.31,155.0,97.0,11.4,12.5,0,1,1,1,0,0,0,0,1,0,1,0,0,0,0,0,0,0,0,0,0.4999999999999999,-0.8660254037844387,0.464723172043769,-0.8854560256532096,0,947.69,146715.0,144348.88888888888,143733.3333333333,141501.33333333334,137078.3333333333,127403.33333333331,101719.02777777778,146046.52777777778,2349.4130417937863,144596.54166666666,2220.117404332571,143160.69444444444,2816.3215647870675,135459.24786324785,8027.826340463814,149081.11111111112,144041.1111111111,149081.11111111112,139076.66666666666,1.6127261091988698,3.720624613481771,8.756145107622991,46.56167520279857,7.816,-0.026435182116935074,0.916,11.912252514420695,1.0,0,0,0.333,133825.05,593,2013,2
Sorghum,2013-06-03,151447.22222222222,NGN,NGN/MT,Gap-filled,wholesale,National,,,0.6,False,Weekly gap-fill,Interpolated,historical,False,,,157.31,155.0,97.0,11.4,12.5,0,1,1,0,0,0,0,1,0,0,1,0,0,0,0,0,0,0,1,0,1.2246467991473532e-16,-1.0,0.3546048870425358,-0.9350162426854148,0,962.73,149081.11111111112,146715.0,144041.1111111111,142309.55555555556,139076.66666666666,125853.33333333331,85297.43055555556,147898.05555555556,3054.63630953735,145738.75,3065.1695038448743,144191.57407407407,3390.937718415995,136443.62820512822,8364.920807440669,151447.22222222222,144348.88888888888,151447.22222222222,139884.88888888888,1.5871300485194473,5.141664802486945,8.894774265193472,77.55191596724858,8.395,-0.02559606067942255,1.059,11.927999078005652,1.0,0,0,0.333,135949.03,594,2013,2
Sorghum,2013-06-10,153813.33333333334,NGN,NGN/MT,WFP Nigeria Food Prices,wholesale,National,,,0.9,True,WFP VAM data — converted to NGN/MT,WFP,historical,False,,,157.31,155.0,97.0,11.4,12.5,0,1,1,0,0,0,0,1,0,0,1,0,0,0,0,0,0,0,1,0,1.2246467991473532e-16,-1.0,0.2393156642875576,-0.970941817426052,0,977.77,151447.22222222222,149081.11111111112,144348.88888888888,143117.77777777778,139884.88888888888,124303.33333333331,65812.5,150264.16666666666,3054.636309537498,147075.69444444444,3960.4632782423037,145352.27777777778,4093.7531303782534,137578.62820512822,8648.985026083792,153813.33333333334,146715.0,153813.33333333334,140693.1111111111,1.5623337796445425,6.556645165263197,9.957075817894733,133.71446660335548,9.221,-0.024796268874904825,1.383,11.943501526336386,1.0,0,0,0.333,138073.01,595,2013,2
Sorghum,2013-06-17,155776.6666666667,NGN,NGN/MT,Gap-filled,wholesale,National,,,0.6,False,Weekly gap-fill,Interpolated,historical,False,,,157.31,155.0,97.0,11.4,12.5,0,1,1,0,0,0,0,1,0,0,1,0,0,0,0,0,0,0,1,0,1.2246467991473532e-16,-1.0,0.120536680255323,-0.992708874098054,0,990.25,153813.33333333334,151447.22222222222,146715.0,143425.55555555556,140693.1111111111,125404.22222222222,85297.43055555556,152529.58333333334,2901.438176629839,148619.58333333334,4676.866260679358,146609.24074074073,4789.643568188606,138746.79914529916,8983.531121701824,155776.6666666667,149081.11111111112,155776.6666666667,141501.33333333334,1.2764389736477089,6.176373695032322,10.720891333224891,82.62761920502035,9.934,-0.2858948059968336,1.706,11.956185055973437,1.0,0,0,0.333,139835.43,596,2013,2
Sorghum,2013-06-24,157740.0,NGN,NGN/MT,Gap-filled,wholesale,National,,,0.6,False,Weekly gap-fill,Interpolated,historical,False,,,157.31,155.0,97.0,11.4,12.5,0,1,1,0,0,0,0,1,0,0,1,0,0,0,0,0,0,0,1,0,1.2246467991473532e-16,-1.0,-3.216245299353273e-16,-1.0,0,1002.73,155776.6666666667,153813.33333333334,149081.11111111112,143733.3333333333,141501.33333333334,125404.22222222222,104782.36111111112,154694.30555555556,2693.660610503009,150370.4166666667,5180.9371513571095,147962.46296296295,5462.068369679219,139990.4829059829,9295.370080663051,157740.0,151447.22222222222,157740.0,142309.55555555556,1.2603513577129632,5.808173030341424,11.475981380623024,50.540604666020684,10.503,-0.016087615934745614,1.932,11.968709726477975,1.0,0,0,0.333,141597.85,597,2013,2
Sorghum,2013-07-01,159703.33333333334,NGN,NGN/MT,Gap-filled,wholesale,National,,,0.6,False,Weekly gap-fill,Interpolated,historical,False,,,157.31,155.0,97.0,11.4,12.5,0,1,1,0,0,0,1,1,0,0,1,0,0,0,0,0,0,0,1,0,-0.4999999999999997,-0.8660254037844388,-0.1205366802553228,-0.992708874098054,0,1015.21,157740.0,155776.6666666667,151447.22222222222,144041.1111111111,142309.55555555556,125954.66666666666,124267.29166666666,156758.33333333334,2534.6524343529386,152328.19444444444,5402.047792117593,149411.94444444447,6096.62213286841,141288.50854700856,9608.086850555952,159703.33333333334,153813.33333333334,159703.33333333334,143117.77777777778,1.2446642153755239,5.451477412373218,12.22249462439471,28.51598452931603,10.949,-0.015687142337439397,2.023,11.981079468044955,1.0,0,0,0.333,143360.26,598,2013,3
Sorghum,2013-07-08,161666.66666666666,NGN,NGN/MT,Gap-filled,wholesale,National,,,0.6,False,Weekly gap-fill,Interpolated,historical,False,,,157.31,155.0,97.0,11.4,12.5,0,1,1,0,0,0,1,1,0,0,1,0,0,0,0,0,0,0,1,0,-0.4999999999999997,-0.8660254037844388,-0.2393156642875574,-0.970941817426052,0,1027.69,159703.33333333334,157740.0,153813.33333333334,144348.88888888888,143117.77777777778,126505.11111111112,143752.22222222222,158721.66666666666,2534.6524343530737,154492.9166666667,5214.326560263552,150957.6851851852,6679.3217211835845,142640.87606837606,9913.73283090418,161666.66666666666,155776.6666666667,161666.66666666666,143425.55555555556,1.2293627768153348,5.1057558945908355,12.960576370665944,12.462029572489698,11.274,-0.015301438560189062,2.092,11.99329806679939,1.0,0,0,0.333,145122.68,599,2013,3
Sorghum,2013-07-15,163630.0,NGN,NGN/MT,WFP Nigeria Food Prices,wholesale,National,,,0.9,True,WFP VAM data — converted to NGN/MT,WFP,historical,False,,,157.31,155.0,97.0,11.4,12.5,0,1,1,0,0,0,1,1,0,0,1,0,0,0,0,0,0,1,1,0,-0.4999999999999997,-0.8660254037844388,-0.3546048870425356,-0.9350162426854148,0,1040.18,161666.66666666666,159703.33333333334,155776.6666666667,146715.0,143425.55555555556,127055.55555555556,144649.1111111111,160685.0,2534.652434353209,156607.2916666667,5036.297696028492,152641.38888888888,7138.773852392814,144047.58547008547,10204.398971289093,163630.0,157740.0,163630.0,143733.3333333333,1.214432989690728,5.041405430851853,14.087060263551354,13.122022488136054,11.55,-0.014929787124606797,2.145,12.005369171753042,1.0,0,0,0.333,146885.1,600,2013,3
Sorghum,2013-07-22,162181.11111111112,NGN,NGN/MT,Gap-filled,wholesale,National,,,0.6,False,Weekly gap-fill,Interpolated,historical,False,,,157.31,155.0,97.0,11.4,12.5,0,1,1,0,0,0,1,1,0,0,1,0,0,0,0,0,0,1,1,0,-0.4999999999999997,-0.8660254037844388,-0.464723172043768,-0.8854560256532101,0,1030.97,163630.0,161666.66666666666,157740.0,149081.11111111112,143733.3333333333,128062.5,145546.0,161795.27777777778,1623.5604259774739,158244.79166666666,4318.1160049526225,154178.7037037037,7031.589872527859,145359.83974358972,10260.162689903882,163630.0,159703.33333333334,163630.0,144041.1111111111,-0.8854665335750633,2.8154628573038742,12.834724799010534,11.429452620553725,11.307,-2.0998995232657913,1.913,11.996475125500465,1.0,0,0,0.333,145584.48,601,2013,3
Sorghum,2013-07-29,162181.11111111112,NGN,NGN/MT,Gap-filled,wholesale,National,,,0.6,False,Weekly gap-fill,Interpolated,historical,False,,,157.31,155.0,97.0,11.4,12.5,0,1,1,0,0,0,1,1,0,0,1,0,0,0,0,0,0,1,1,0,-0.4999999999999997,-0.8660254037844388,-0.5680647467311556,-0.8229838658936565,0,1030.97,162181.11111111112,163630.0,159703.33333333334,151447.22222222222,144041.1111111111,129069.44444444444,146442.88888888888,162414.72222222222,845.7019754535019,159586.52777777778,3493.0235553453936,155690.37037037036,6590.088459174674,146633.36538461538,10212.116520061272,163630.0,161666.66666666666,163630.0,144348.88888888888,0.0,1.5514878281257527,12.593626819503712,10.74700338243353,10.762,0.8854665335750633,1.827,11.996475125500465,1.0,0,0,0.333,145584.48,602,2013,3
Sorghum,2013-08-05,161456.66666666666,NGN,NGN/MT,Gap-filled,wholesale,National,,,0.6,False,Weekly gap-fill,Interpolated,historical,False,,,157.31,155.0,97.0,11.4,12.5,0,1,0,0,1,0,1,1,0,0,1,0,0,0,0,1,0,1,1,0,-0.8660254037844384,-0.5000000000000004,-0.663122658240795,-0.7485107481711013,0,1026.36,162181.11111111112,162181.11111111112,161666.66666666666,153813.33333333334,144348.88888888888,130076.3888888889,147339.77777777778,162362.22222222225,911.5726021901482,160541.94444444444,2626.0663744793546,157116.0185185185,5704.489651073923,147840.29914529916,10029.767632465924,163630.0,161456.66666666666,163630.0,146715.0,-0.44668854435714334,-0.12989690721649794,11.851686500300197,9.58117970707162,9.823,-0.44668854435714334,1.695,11.991998261380855,1.0,0,0,0.0,144934.17,603,2013,3
Sorghum,2013-08-12,160732.22222222222,NGN,NGN/MT,WFP Nigeria Food Prices,wholesale,National,,,0.9,True,WFP VAM data — converted to NGN/MT,WFP,historical,False,,,157.31,155.0,97.0,11.4,12.5,0,1,0,0,1,0,1,1,0,0,1,0,0,0,0,1,0,0,1,0,-0.8660254037844384,-0.5000000000000004,-0.7485107481711011,-0.6631226582407952,0,1021.75,161456.66666666666,162181.11111111112,163630.0,155776.6666666667,146715.0,131083.33333333334,148236.66666666666,161637.77777777778,693.6027491817825,161161.38888888888,1794.1258992893647,158284.12037037036,4733.588142584977,148980.64102564103,9729.340937029321,162181.11111111112,160732.22222222222,163630.0,149081.11111111112,-0.44869280371065967,-1.7709330671501489,9.55404847644905,8.429463395621116,8.496,-0.0020042593535163356,1.579,11.987501264784763,1.0,0,0,0.0,144283.86,604,2013,3
Sorghum,2013-08-19,158301.80555555556,NGN,NGN/MT,Gap-filled,wholesale,National,,,0.6,False,Weekly gap-fill,Interpolated,historical,False,,,157.31,155.0,97.0,11.4,12.5,0,1,0,0,1,0,1,1,0,0,1,0,0,0,0,1,0,0,1,0,-0.8660254037844384,-0.5000000000000004,-0.8229838658936564,-0.5680647467311559,0,1006.3,160732.22222222222,161456.66666666666,162181.11111111112,157740.0,149081.11111111112,133081.6666666667,149641.94444444444,160667.9513888889,1684.6860220827095,161231.6145833333,1645.9506989444362,159052.51157407407,3750.0940179299128,149950.64636752137,9329.833717285892,162181.11111111112,158301.80555555556,163630.0,151447.22222222222,-1.5120905024920583,-2.3919589210964487,6.185018595395486,5.787054654536483,7.147,-1.0633976987813987,1.348,11.972264968741463,1.0,0,0,0.0,142102.16,605,2013,3
Sorghum,2013-08-26,155871.38888888888,NGN,NGN/MT,Gap-filled,wholesale,National,,,0.6,False,Weekly gap-fill,Interpolated,historical,False,,,157.31,155.0,97.0,11.4,12.5,0,1,0,0,1,0,1,1,0,0,1,0,0,0,0,1,0,0,1,0,-0.8660254037844384,-0.5000000000000004,-0.8854560256532096,-0.4647231720437691,0,990.85,158301.80555555556,160732.22222222222,162181.11111111112,159703.33333333334,151447.22222222222,135080.0,151047.22222222222,159090.52083333334,2535.0024207779566,160752.62152777778,2493.562484868578,159421.19212962964,3094.6180226134734,150750.3151709402,8884.678437281558,161456.66666666666,155871.38888888888,163630.0,153813.33333333334,-1.5353057143834947,-3.890540753478633,2.9212596980979777,3.1938135608805096,5.532,-0.023215211891436383,1.136,11.956792931527767,1.0,0,0,0.0,139920.46,606,2013,3
Sorghum,2013-09-02,153440.97222222222,NGN,NGN/MT,Gap-filled,wholesale,National,,,0.6,False,Weekly gap-fill,Interpolated,historical,False,,,157.31,155.0,97.0,11.4,12.5,0,1,0,0,1,1,0,0,0,0,0,0,0,0,0,1,0,0,0,0,-1.0,-1.8369701987210287e-16,-0.9350162426854148,-0.3546048870425359,0,975.41,155871.38888888888,158301.80555555556,161456.66666666666,161666.66666666666,153813.33333333334,137078.3333333333,151047.22222222222,157086.59722222222,3137.6544247829866,159724.40972222222,3539.40991806025,159390.16203703705,3157.1947160662594,151379.64743589744,8446.198635491714,160732.22222222222,153440.97222222222,163630.0,153440.97222222222,-1.5592448902852496,-4.964610387376034,-0.24208636731392064,1.5847692958419923,3.77,-0.023939175901754872,0.934,11.941077743412022,1.0,0,0,0.0,137738.75,607,2013,3
Sorghum,2013-09-09,151010.55555555556,NGN,NGN/MT,WFP Nigeria Food Prices,wholesale,National,,,0.9,True,WFP VAM data — converted to NGN/MT,WFP,historical,False,,,157.31,155.0,97.0,11.4,12.5,0,1,0,0,1,1,0,0,0,0,0,0,0,0,0,1,0,0,0,0,-1.0,-1.8369701987210287e-16,-0.970941817426052,-0.2393156642875577,0,959.96,153440.97222222222,155871.38888888888,160732.22222222222,163630.0,155776.6666666667,139076.66666666666,153857.77777777778,154656.18055555556,3137.6544247828647,158146.97916666666,4283.911425916795,158992.98611111112,3871.9754721459444,151838.6431623932,8066.602937450586,158301.80555555556,151010.55555555556,163630.0,151010.55555555556,-1.583942431716856,-6.048362009968267,-3.0595795975720264,-1.85055462476168,1.856,-0.024697541431606407,0.747,11.925111639727014,1.0,0,0,0.0,135557.05,608,2013,3
Sorghum,2013-09-16,147221.11111111112,NGN,NGN/MT,Gap-filled,wholesale,National,,,0.6,False,Weekly gap-fill,Interpolated,historical,False,,,157.31,155.0,97.0,11.4,12.5,0,1,0,0,1,1,0,0,0,0,0,0,0,0,0,1,0,0,0,0,-1.0,-1.8369701987210287e-16,-0.992708874098054,-0.1205366802553235,0,935.87,151010.55555555556,153440.97222222222,158301.80555555556,162181.11111111112,157740.0,139884.88888888888,149180.66666666666,151886.00694444444,3689.1215995309176,156276.9791666667,5392.964357885009,158116.41203703705,5158.40546327336,152120.80555555556,7753.996205200179,155871.38888888888,147221.11111111112,163630.0,147221.11111111112,-2.5093904399618783,-6.999727138649536,-6.668498091092223,-1.3135452464051678,-0.154,-0.9254480082450223,0.447,11.899697685348974,1.0,0,0,0.0,132155.4,609,2013,3
Sorghum,2013-09-23,143431.6666666667,NGN,NGN/MT,Gap-filled,wholesale,National,,,0.6,False,Weekly gap-fill,Interpolated,historical,False,,,157.31,155.0,97.0,11.4,12.5,0,1,0,0,1,1,0,0,0,0,0,0,0,0,0,1,0,0,0,0,-1.0,-1.8369701987210287e-16,-1.0,-1.8369701987210287e-16,0,911.78,147221.11111111112,151010.55555555556,155871.38888888888,162181.11111111112,159703.33333333334,140693.1111111111,144503.55555555556,148776.0763888889,4386.904093481464,153933.2986111111,6434.161314990711,156760.4398148148,6631.605561397346,152226.13461538462,7609.814488118169,153440.97222222222,143431.6666666667,163630.0,143431.6666666667,-2.573981690427851,-7.980760491644623,-10.188683183402548,-0.7417733665915138,-2.266,-0.06459125046597292,0.144,11.873620982227724,1.0,0,0,0.0,128753.74,610,2013,3
Sorghum,2013-09-30,139642.22222222222,NGN,NGN/MT,Gap-filled,wholesale,National,,,0.6,False,Weekly gap-fill,Interpolated,historical,False,,,157.31,155.0,97.0,11.4,12.5,0,1,0,0,1,1,0,0,0,0,0,0,0,0,0,1,0,0,0,0,-1.0,-1.8369701987210287e-16,-0.992708874098054,0.1205366802553232,0,887.69,143431.6666666667,147221.11111111112,153440.97222222222,161456.66666666666,161666.66666666666,141501.33333333334,139826.44444444444,145326.3888888889,4892.151741571014,151206.49305555556,7347.876971737172,154925.06944444447,8047.017597785801,152154.63034188034,7722.518935630425,151010.55555555556,139642.22222222222,163630.0,139642.22222222222,-2.641985924385226,-8.992871851734519,-13.623367697594501,-0.13175063054358116,-4.488,-0.06800423395737498,-0.16,11.846846036162011,1.0,0,0,0.0,125352.08,611,2013,3
Sorghum,2013-10-07,135852.77777777778,NGN,NGN/MT,Gap-filled,wholesale,National,,,0.6,False,Weekly gap-fill,Interpolated,historical,False,,,157.31,155.0,97.0,11.4,12.5,0,1,0,0,0,1,0,0,0,1,0,1,0,1,1,1,1,0,0,0,-0.8660254037844386,0.5000000000000001,-0.970941817426052,0.2393156642875573,0,863.6,139642.22222222222,143431.6666666667,151010.55555555556,160732.22222222222,163630.0,142309.55555555556,135149.33333333334,141536.94444444444,4892.15174157091,148096.5625,7978.2094673452275,152610.30092592593,9224.365306174268,151906.29273504272,8144.087196270555,147221.11111111112,135852.77777777778,162181.11111111112,135852.77777777778,-2.713680994286982,-10.037561759847547,-16.975629299164098,0.5204942022980275,-6.826,-0.071695069901756,-0.466,11.819334422916707,1.0,0,0,0.333,121950.43,612,2013,4
Sorghum,2013-10-14,132063.33333333334,NGN,NGN/MT,WFP Nigeria Food Prices,wholesale,National,,,0.9,True,WFP VAM data — converted to NGN/MT,WFP,historical,False,,,157.31,155.0,97.0,11.4,12.5,0,1,0,0,0,1,0,0,0,1,0,1,0,1,1,1,1,0,0,0,-0.8660254037844386,0.5000000000000001,-0.9350162426854148,0.3546048870425355,0,839.51,135852.77777777778,139642.22222222222,147221.11111111112,158301.80555555556,162181.11111111112,143117.77777777778,130472.22222222222,137747.5,4892.151741570808,144816.75347222222,8555.892353495396,150100.4861111111,10405.267429674464,151481.12179487178,8876.843854969504,143431.6666666667,132063.33333333334,162181.11111111112,132063.33333333334,-2.7893757539820374,-10.295926761711415,-18.5704596370313,1.2195018096657462,-9.066,-0.07569475969505524,-0.775,11.791044456577877,1.0,0,0,0.333,118548.77,613,2013,4
Sorghum,2013-10-21,128789.3181818182,NGN,NGN/MT,Gap-filled,wholesale,National,,,0.6,False,Weekly gap-fill,Interpolated,historical,False,,,157.31,155.0,97.0,11.4,12.5,0,1,0,0,0,1,0,0,0,1,0,1,0,1,1,1,1,0,0,0,-0.8660254037844386,0.5000000000000001,-0.8854560256532101,0.464723172043768,0,818.7,132063.33333333334,135852.77777777778,143431.6666666667,155871.38888888888,162181.11111111112,143425.55555555556,130487.77777777777,134086.9128787879,4695.356730958874,141431.4946338384,8907.596728331147,147317.8367003367,11306.76474229623,150918.1895881896,9821.905141087018,139642.22222222222,128789.3181818182,161456.66666666666,128789.3181818182,-2.4791250295427503,-10.208588399713092,-20.589199753611275,-1.3016235120901998,-11.153,0.31025072443928714,-1.034,11.765940920431209,1.0,0,0,0.333,115609.8,614,2013,4
Sorghum,2013-10-28,125515.30303030304,NGN,NGN/MT,Gap-filled,wholesale,National,,,0.6,False,Weekly gap-fill,Interpolated,historical,False,,,157.31,155.0,97.0,11.4,12.5,0,1,0,0,0,1,0,0,0,1,0,1,0,1,1,1,1,0,0,0,-0.8660254037844386,0.5000000000000001,-0.822983865893657,0.5680647467311548,0,797.89,128789.3181818182,132063.33333333334,139642.22222222222,153440.97222222222,161456.66666666666,143733.3333333333,130487.77777777777,130555.18308080808,4429.360244343786,137940.78598484848,9000.271301938837,144322.72306397307,11962.318533223503,150217.49611499612,10941.05067377883,135852.77777777778,125515.30303030304,160732.22222222222,125515.30303030304,-2.5421480583452394,-10.116509868654234,-22.26068726574537,-3.810682373595875,-13.089,-0.06302302880248911,-1.278,11.74019093374103,1.0,0,0,0.333,112670.83,615,2013,4
Sorghum,2013-11-04,122241.28787878789,NGN,NGN/MT,Gap-filled,wholesale,National,,,0.6,False,Weekly gap-fill,Interpolated,historical,False,,,157.31,155.0,97.0,11.4,12.5,1,0,0,0,0,1,0,0,0,1,0,1,1,1,1,0,1,0,0,0,-0.5000000000000004,0.8660254037844384,-0.7485107481711011,0.6631226582407952,1,777.07,125515.30303030304,128789.3181818182,135852.77777777778,151010.55555555556,160732.22222222222,144041.1111111111,130487.77777777777,127152.31060606062,4226.735385682999,134344.62752525252,8776.842121483774,141115.1452020202,12317.47893302395,149379.0413752914,12196.568495442452,132063.33333333334,122241.28787878789,158301.80555555556,122241.28787878789,-2.608458946814407,-10.019294505155418,-23.947242072108132,-6.319741235101539,-14.879,-0.06631088846916766,-1.503,11.713760320511096,1.0,0,0,0.667,109731.86,616,2013,4
Sorghum,2013-11-11,118967.27272727272,NGN,NGN/MT,WFP Nigeria Food Prices,wholesale,National,,,0.9,True,WFP VAM data — converted to NGN/MT,WFP,historical,False,,,157.31,155.0,97.0,11.4,12.5,1,0,0,0,0,1,0,0,0,1,0,1,1,1,1,0,1,0,0,0,-0.5000000000000004,0.8660254037844384,-0.6631226582407955,0.7485107481711007,1,756.26,122241.28787878789,125515.30303030304,132063.33333333334,147221.11111111112,158301.80555555556,144348.88888888888,130503.33333333331,123878.29545454547,4226.735385682901,130812.89772727274,8536.518121716219,137837.26746632997,12559.44531045221,148402.82536907538,13555.371444418643,128789.3181818182,118967.27272727272,155871.38888888888,118967.27272727272,-2.678321873344147,-9.916500118171045,-24.847810604711327,-8.839667395004414,-16.526,-0.06986292652974013,-1.704,11.686612120808167,1.0,0,0,0.667,106792.88,617,2013,4
Sorghum,2013-11-18,118413.86363636365,NGN,NGN/MT,Gap-filled,wholesale,National,,,0.6,False,Weekly gap-fill,Interpolated,historical,False,,,157.31,155.0,97.0,11.4,12.5,1,0,0,0,0,1,0,0,0,1,0,1,1,1,1,0,1,0,0,0,-0.5000000000000004,0.8660254037844384,-0.5680647467311559,0.8229838658936564,1,752.74,118967.27272727272,122241.28787878789,128789.3181818182,143431.6666666667,155871.38888888888,146715.0,128953.33333333331,121284.43181818182,3287.6147723093395,127685.67234848485,7804.498700663074,134715.80702861954,12322.386240485137,147314.32012432013,14777.530931612606,125515.30303030304,118413.86363636365,153440.97222222222,118413.86363636365,-0.46517758894728534,-8.056145254847157,-24.031046056326854,-8.173088220779867,-17.67,2.213144284396862,-1.696,11.68194953102216,1.0,0,0,0.667,106296.11,618,2013,4
Sorghum,2013-11-25,117860.45454545452,NGN,NGN/MT,Gap-filled,wholesale,National,,,0.6,False,Weekly gap-fill,Interpolated,historical,False,,,157.31,155.0,97.0,11.4,12.5,1,0,0,0,0,1,0,0,0,1,0,1,1,1,1,0,1,0,0,0,-0.5000000000000004,0.8660254037844384,-0.4647231720437684,0.88545602565321,1,749.22,118413.86363636365,118967.27272727272,125515.30303030304,139642.22222222222,153440.97222222222,149081.11111111112,127403.33333333331,119370.7196969697,1966.3337706179977,124962.95138888889,6768.008193846296,131750.7638888889,11670.57899636795,146113.52564102566,15857.24385364261,122241.28787878789,117860.45454545452,151010.55555555556,117860.45454545452,-0.4673516038701253,-6.098737205773563,-23.188407347444272,-7.490289726494959,-18.303,-0.002174014922839973,-1.691,11.677265099614363,1.0,0,0,0.667,105799.33,619,2013,4
Sorghum,2013-12-02,117307.04545454544,NGN,NGN/MT,Gap-filled,wholesale,National,,,0.6,False,Weekly gap-fill,Interpolated,historical,False,,,157.31,155.0,97.0,11.4,12.5,1,0,0,0,0,0,0,0,0,1,0,1,1,1,1,0,0,0,0,1,-2.4492935982947064e-16,1.0,-0.3546048870425359,0.9350162426854148,1,745.71,117860.45454545452,118413.86363636365,122241.28787878789,135852.77777777778,151010.55555555556,151447.22222222222,125853.33333333331,118137.15909090907,714.4480642419543,122644.73484848485,5576.392815810342,128942.13804713804,10622.64918573377,144800.44191919192,16784.326780644817,118967.27272727272,117307.04545454544,147221.11111111112,117307.04545454544,-0.469546034794599,-4.036477780842052,-22.318645194713472,-6.7906726444442285,-18.414,-0.0021944309244736893,-1.691,11.672558620989772,1.0,0,0,0.667,105302.55,620,2013,4
Sorghum,2013-12-09,116753.63636363635,NGN,NGN/MT,WFP Nigeria Food Prices,wholesale,National,,,0.9,True,WFP VAM data — converted to NGN/MT,WFP,historical,False,,,157.31,155.0,97.0,11.4,12.5,1,0,0,0,0,0,0,0,0,1,0,1,1,1,1,0,0,0,0,1,-2.4492935982947064e-16,1.0,-0.2393156642875578,0.970941817426052,1,742.19,117307.04545454544,117860.45454545452,118967.27272727272,132063.33333333334,147221.11111111112,153813.33333333334,124303.33333333331,117583.74999999999,714.4480642418575,120731.02272727274,4381.287956916499,126403.18181818182,9430.75512825148,143375.06895881894,17544.694739133596,118413.86363636365,116753.63636363635,143431.6666666667,116753.63636363635,-0.47176117066517476,-1.860710355789219,-20.695044696735287,-6.073607816655735,-17.989,-0.0022151358705757573,-1.694,11.66782988663675,1.0,0,0,0.667,104805.78,621,2013,4
Sorghum,2013-12-16,116380.54545454544,NGN,NGN/MT,Gap-filled,wholesale,National,,,0.6,False,Weekly gap-fill,Interpolated,historical,False,,,157.31,155.0,97.0,11.4,12.5,1,0,0,0,0,0,0,0,0,1,0,1,1,1,1,0,0,0,0,1,-2.4492935982947064e-16,1.0,-0.1205366802553236,0.992708874098054,1,739.82,116753.63636363635,117307.04545454544,118413.86363636365,128789.3181818182,143431.6666666667,155776.6666666667,125404.22222222222,117075.42045454544,647.128253979043,119179.92613636363,3142.1810196804913,124148.92171717172,8134.294657838698,141859.8335275835,18122.492226000428,117860.45454545452,116380.54545454544,139642.22222222222,116380.54545454544,-0.31955399481425895,-1.717128484264574,-18.859936470645422,-7.195672209254955,-17.471,0.1522071758509158,-1.679,11.664629257505078,1.0,0,0,0.667,104470.87,622,2013,4
Sorghum,2013-12-23,116007.45454545454,NGN,NGN/MT,Gap-filled,wholesale,National,,,0.6,False,Weekly gap-fill,Interpolated,historical,False,,,157.31,155.0,97.0,11.4,12.5,1,0,0,0,0,0,0,0,0,1,0,1,1,1,1,0,0,0,0,1,-2.4492935982947064e-16,1.0,6.432490598706546e-16,1.0,1,737.44,116380.54545454544,116753.63636363635,117860.45454545452,125515.30303030304,139642.22222222222,157740.0,125404.22222222222,116612.17045454544,554.4352503176747,117991.44507575757,1990.72092751033,122179.35774410774,6792.54394455897,140254.73562548563,18503.836470009974,117307.04545454544,116007.45454545454,135852.77777777778,116007.45454545454,-0.32057841594892444,-1.572198246771006,-16.925230278243532,-7.493182853218572,-16.857,-0.0010244211346654986,-1.663,11.66141835144513,1.0,0,0,0.667,104135.96,623,2013,4
Sorghum,2013-12-30,115634.36363636365,NGN,NGN/MT,Gap-filled,wholesale,National,,,0.6,False,Weekly gap-fill,Interpolated,historical,False,,,157.31,155.0,97.0,11.4,12.5,1,0,0,0,0,0,0,0,0,1,0,1,1,1,1,0,0,0,0,1,-2.4492935982947064e-16,1.0,0.120536680255323,0.992708874098054,1,735.07,116007.45454545454,116380.54545454544,117307.04545454544,122241.28787878789,135852.77777777778,159703.33333333334,125954.66666666666,116194.0,481.6582925072494,117165.57954545453,1181.9491617613915,120494.4898989899,5471.698774051225,138559.77525252526,18668.710410190874,116753.63636363635,115634.36363636365,132063.33333333334,115634.36363636365,-0.3216094263534641,-1.4259005601073849,-14.882591634958365,-8.193664675891066,-16.142,-0.0010310104045396784,-1.645,11.6581971022477,1.0,0,0,0.667,103801.04,624,2013,4
Sorghum,2014-01-06,115261.27272727274,NGN,NGN/MT,Gap-filled,wholesale,National,,,0.6,False,Weekly gap-fill,Interpolated,historical,False,,,158.55,155.0,97.0,11.4,12.5,1,0,0,0,0,0,0,0,0,1,0,0,1,0,0,0,0,0,0,1,0.4999999999999999,0.8660254037844387,0.2393156642875577,0.970941817426052,1,726.97,115634.36363636365,116007.45454545454,116753.63636363635,118967.27272727272,132063.33333333334,161666.66666666666,126505.11111111112,115820.90909090909,481.6582925071592,116702.32954545454,1098.2133791678812,119094.31818181818,4257.154573833991,136774.9524087024,18589.33575080491,116380.54545454544,115261.27272727274,128789.3181818182,115261.27272727274,-0.32264708980815904,-1.2782159792570025,-12.722729452581294,-8.88805067643692,-15.32,-0.0010376634546949148,-1.625,11.654965443061679,1.0,0,0,0.333,103466.13,625,2014,1
Sorghum,2014-01-13,114888.18181818182,NGN,NGN/MT,WFP Nigeria Food Prices,wholesale,National,,,0.9,True,WFP VAM data — converted to NGN/MT,WFP,historical,False,,,158.55,155.0,97.0,11.4,12.5,1,0,0,0,0,0,0,0,0,1,0,0,1,0,0,0,0,0,0,1,0.4999999999999999,0.8660254037844387,0.3546048870425356,0.9350162426854148,1,724.62,115261.27272727274,115634.36363636365,116380.54545454544,118413.86363636365,128789.3181818182,163630.0,127055.55555555556,115447.81818181818,481.65829250706906,116261.61931818181,1017.7346959881282,117935.89015151515,3118.1595360297492,134900.2670940171,18226.95439880014,116007.45454545454,114888.18181818182,125515.30303030304,114888.18181818182,-0.3236914709190408,-1.2823136637957089,-10.79370289390884,-9.576420081885761,-14.42,-0.0010443811108817869,-1.603,11.651723306385739,1.0,0,0,0.333,103131.22,626,2014,1
Sorghum,2014-01-20,114481.59090909093,NGN,NGN/MT,Gap-filled,wholesale,National,,,0.6,False,Weekly gap-fill,Interpolated,historical,False,,,158.55,155.0,97.0,11.4,12.5,1,0,0,0,0,0,0,0,0,1,0,0,1,0,0,0,0,0,0,1,0.4999999999999999,0.8660254037844387,0.4647231720437685,0.8854560256532099,1,722.05,114888.18181818182,115261.27272727274,116007.45454545454,117860.45454545452,125515.30303030304,162181.11111111112,128062.5,115066.35227272728,494.74621645371764,115839.26136363637,958.8404082154034,117016.41414141415,2159.367708059687,133065.67016317017,17765.939502196677,115634.36363636365,114481.59090909093,122241.28787878789,114481.59090909093,-0.35390142193594265,-1.3153151599975432,-8.79073057613401,-10.604907050002211,-13.527,-0.030209951016901826,-1.58,11.648178045954413,1.0,0,0,0.333,102766.24,627,2014,1
Sorghum,2014-01-27,114075.0,NGN,NGN/MT,Gap-filled,wholesale,National,,,0.6,False,Weekly gap-fill,Interpolated,historical,False,,,158.55,155.0,97.0,11.4,12.5,1,0,0,0,0,0,0,0,0,1,0,0,1,0,0,0,0,0,0,1,0.4999999999999999,0.8660254037844387,0.5680647467311558,0.8229838658936564,1,719.49,114481.59090909093,114888.18181818182,115634.36363636365,117307.04545454544,122241.28787878789,162181.11111111112,129069.44444444444,114676.51136363637,512.0417098582468,115435.25568181818,932.5914580312935,116335.89015151515,1569.215630776081,131215.43512043514,17105.138641938644,115261.27272727274,114075.0,118967.27272727272,114075.0,-0.35515833232419025,-1.3485296129335689,-6.680466166951238,-11.617346389755722,-12.604,-0.0012569103882476007,-1.556,11.644620171919794,1.0,0,0,0.333,102401.26,628,2014,1
Sorghum,2014-02-03,113668.40909090907,NGN,NGN/MT,Gap-filled,wholesale,National,,,0.6,False,Weekly gap-fill,Interpolated,historical,False,,,158.55,155.0,97.0,11.4,12.5,1,0,0,0,0,0,0,0,1,1,0,0,1,0,0,0,0,0,0,0,0.8660254037844386,0.5000000000000001,0.6631226582407952,0.7485107481711011,1,716.92,114075.0,114481.59090909093,115261.27272727274,116753.63636363635,118967.27272727272,161456.66666666666,130076.3888888889,114278.29545454544,524.9066065396808,115049.60227272726,947.3179155021447,115894.31818181818,1505.6942207444333,129377.42521367522,16272.891501138396,114888.18181818182,113668.40909090907,118413.86363636365,113668.40909090907,-0.35642420257806506,-1.3819590905721157,-4.454051534417425,-12.614110783776066,-11.671,-0.0012658702538748123,-1.529,11.641049594205988,1.0,0,0,0.333,102036.27,629,2014,1
Sorghum,2014-02-10,113261.81818181818,NGN,NGN/MT,WFP Nigeria Food Prices,wholesale,National,,,0.9,True,WFP VAM data — converted to NGN/MT,WFP,historical,False,,,158.55,155.0,97.0,11.4,12.5,1,0,0,0,0,0,0,0,1,1,0,0,1,0,0,0,0,0,0,0,0.8660254037844386,0.5000000000000001,0.7485107481711011,0.6631226582407953,1,714.36,113668.40909090907,114075.0,114888.18181818182,116380.54545454544,118413.86363636365,160732.22222222222,131083.33333333334,113871.70454545456,524.9066065395774,114659.76136363637,962.9443952565905,115464.98106060606,1455.655070871169,127551.64044289045,15244.794126512295,114481.59090909093,113261.81818181818,117860.45454545452,113261.81818181818,-0.3576991288456566,-1.4156056877438261,-4.35088029081363,-13.595561463330064,-10.725,-0.001274926267591514,-1.501,11.637466221768777,1.0,0,0,0.333,101671.29,630,2014,1
Sorghum,2014-02-17,113668.40909090907,NGN,NGN/MT,Gap-filled,wholesale,National,,,0.6,False,Weekly gap-fill,Interpolated,historical,False,,,158.55,155.0,97.0,11.4,12.5,1,0,0,0,0,0,0,0,1,1,0,0,1,0,0,0,0,0,0,0,0.8660254037844386,0.5000000000000001,0.8229838658936564,0.5680647467311559,1,716.92,113261.81818181818,113668.40909090907,114481.59090909093,116007.45454545454,117860.45454545452,158301.80555555556,133081.6666666667,113668.40909090909,331.980087103815,114367.38068181819,842.9068809789434,115115.64393939394,1325.7309844173885,125834.97134809635,14114.7361080588,114075.0,113261.81818181818,117307.04545454544,113261.81818181818,0.35898320865572764,-0.7103166646483805,-3.5567871095632975,-14.58747704474015,-9.669,0.7166823375013842,-1.426,11.641049594205988,1.0,0,0,0.333,102036.27,631,2014,1
Sorghum,2014-02-24,113854.09090909093,NGN,NGN/MT,Gap-filled,wholesale,National,,,0.6,False,Weekly gap-fill,Interpolated,historical,False,,,158.55,155.0,97.0,11.4,12.5,1,0,0,0,0,0,0,0,1,1,0,0,1,0,0,0,0,0,0,0,0.8660254037844386,0.5000000000000001,0.8854560256532099,0.4647231720437686,1,718.1,113668.40909090907,113261.81818181818,114075.0,115634.36363636365,117307.04545454544,155871.38888888888,135080.0,113613.18181818182,250.06245775584887,114144.8465909091,679.862725719119,114827.89772727272,1172.7547186030206,124218.92142579643,12890.45763544001,113854.09090909093,113261.81818181818,116753.63636363635,113261.81818181818,0.16335393419057986,-0.19365250134479872,-2.943518466495243,-15.713583869491465,-8.538,-0.19562927446514777,-1.365,11.642681786426202,1.0,0,0,0.333,102202.95,632,2014,1
Sorghum,2014-03-03,114053.72727272728,NGN,NGN/MT,Gap-filled,wholesale,National,,,0.6,False,Weekly gap-fill,Interpolated,historical,False,,,158.55,155.0,97.0,11.4,12.5,1,0,0,1,0,0,0,0,1,1,0,0,0,0,0,0,0,0,0,0,1.0,6.123233995736766e-17,0.9350162426854148,0.3546048870425355,0,719.35,113854.09090909093,113668.40909090907,113668.40909090907,115261.27272727274,116753.63636363635,153440.97222222222,137078.3333333333,113709.51136363637,337.3951288398724,113993.90340909091,509.2175987092774,114602.90530303029,1018.5685782941613,122704.0273892774,11565.176813535712,114053.72727272728,113261.81818181818,116380.54545454544,113261.81818181818,0.175344040817782,0.33898440639741345,-2.3124839405430087,-16.796677856169374,-7.33,0.011990106627202124,-1.305,11.644433675978727,1.0,0,0,0.333,102382.16,633,2014,1
Sorghum,2014-03-10,114446.36363636365,NGN,NGN/MT,WFP Nigeria Food Prices,wholesale,National,,,0.9,True,WFP VAM data — converted to NGN/MT,WFP,historical,False,,,158.55,155.0,97.0,11.4,12.5,1,0,0,1,0,0,0,0,1,1,0,0,0,0,0,0,0,0,0,0,1.0,6.123233995736766e-17,0.970941817426052,0.239315664287558,0,721.83,114053.72727272728,113854.09090909093,113261.81818181818,114888.18181818182,116380.54545454544,151010.55555555556,139076.66666666666,114005.64772727274,333.287424605568,113938.67613636365,413.2975252978257,114441.7234848485,850.937839762913,121297.71231546231,10117.987087911559,114446.36363636365,113668.40909090907,116007.45454545454,113261.81818181818,0.3442556179663381,1.0458471120814439,-1.6619459984720808,-17.70987443158666,-6.012,0.1689115771485561,-1.237,11.647870290046495,1.0,0,0,0.333,102734.62,634,2014,1
Sorghum,2014-03-17,114053.72727272728,NGN,NGN/MT,Gap-filled,wholesale,National,,,0.6,False,Weekly gap-fill,Interpolated,historical,False,,,158.55,155.0,97.0,11.4,12.5,1,0,0,1,0,0,0,0,1,1,0,0,0,0,0,0,0,0,0,0,1.0,6.123233995736766e-17,0.992708874098054,0.120536680255323,0,719.35,114446.36363636365,114053.72727272728,113668.40909090907,114481.59090909093,116007.45454545454,147221.11111111112,139884.88888888888,114101.97727272728,248.13016861148094,113885.19318181818,356.831455419774,114278.91287878789,697.1361588453979,120022.0437062937,8712.023166977562,114446.36363636365,113854.09090909093,115634.36363636365,113261.81818181818,-0.3430745645042199,0.33898440639741345,-1.6841394205074578,-18.46601289198535,-4.932,-0.687330182470558,-1.213,11.644433675978727,1.0,0,0,0.333,102382.16,635,2014,1
Sorghum,2014-03-24,113661.09090909093,NGN,NGN/MT,Gap-filled,wholesale,National,,,0.6,False,Weekly gap-fill,Interpolated,historical,False,,,158.55,155.0,97.0,11.4,12.5,1,0,0,1,0,0,0,0,1,1,0,0,0,0,0,0,0,0,0,0,1.0,6.123233995736766e-17,1.0,-1.6081226496766364e-16,0,716.88,114053.72727272728,114446.36363636365,113854.09090909093,114075.0,115634.36363636365,143431.6666666667,140693.1111111111,114053.7272727273,320.5862484517411,113833.45454545454,355.38327830870196,114114.4734848485,569.366515790962,118877.02156177156,7364.365543324521,114446.36363636365,113661.09090909093,115261.27272727274,113261.81818181818,-0.344255617966327,-0.1695152088598273,-1.706476055403472,-19.213463963187138,-4.057,-0.0011810534621070623,-1.19,11.6409852108555,1.0,0,0,0.333,102029.7,636,2014,1
Sorghum,2014-03-31,113268.45454545456,NGN,NGN/MT,Gap-filled,wholesale,National,,,0.6,False,Weekly gap-fill,Interpolated,historical,False,,,158.55,155.0,97.0,11.4,12.5,1,0,0,1,0,0,0,0,1,1,0,0,0,0,0,0,0,0,0,0,1.0,6.123233995736766e-17,0.992708874098054,-0.1205366802553228,0,714.4,113661.09090909093,114053.72727272728,114053.72727272728,113668.40909090907,115261.27272727274,139642.22222222222,141501.33333333334,113857.4090909091,506.89136582299454,113783.46022727274,406.39011247819695,113948.40530303032,489.4910504875824,117862.64588189588,6097.069963129321,114446.36363636365,113268.45454545456,114888.18181818182,113261.81818181818,-0.3454448312047331,-0.6885112359326651,-1.7289572938635867,-19.952376506142777,-3.398,-0.0011892132384061505,-1.167,11.637524812657912,1.0,0,0,0.333,101677.25,637,2014,1
Sorghum,2014-04-07,113268.45454545456,NGN,NGN/MT,Gap-filled,wholesale,National,,,0.6,False,Weekly gap-fill,Interpolated,historical,False,,,158.55,155.0,97.0,11.4,12.5,0,1,1,1,0,0,0,0,1,0,0,0,0,0,0,0,0,0,0,0,0.8660254037844387,-0.4999999999999998,0.970941817426052,-0.2393156642875575,0,714.4,113268.45454545456,113661.09090909093,114446.36363636365,113261.81818181818,114888.18181818182,135852.77777777778,142309.55555555556,113562.93181818184,375.9206980317061,113784.28977272728,405.1781597897024,113813.42803030304,425.99009143871973,116994.01806526807,4928.289481788251,114053.72727272728,113268.45454545456,114481.59090909093,113261.81818181818,0.0,-1.0292236935126375,-1.4098293202085777,-20.406992978601345,-2.933,0.3454448312047331,-1.124,11.637524812657912,1.0,0,0,0.333,101677.25,638,2014,2
Sorghum,2014-04-14,112483.18181818182,NGN,NGN/MT,WFP Nigeria Food Prices,wholesale,National,,,0.9,True,WFP VAM data — converted to NGN/MT,WFP,historical,False,,,158.55,155.0,97.0,11.4,12.5,0,1,1,1,0,0,0,0,1,0,0,0,0,0,0,0,0,0,0,0,0.8660254037844387,-0.4999999999999998,0.9350162426854148,-0.3546048870425354,0,709.45,113268.45454545456,113268.45454545456,114053.72727272728,113668.40909090907,114481.59090909093,132063.33333333334,143117.77777777778,113170.29545454547,494.0565897832875,113636.13636363637,615.6348064228262,113646.89393939394,521.052540458097,116240.93531468532,3927.9451984335165,113661.09090909093,112483.18181818182,114446.36363636365,112483.18181818182,-0.6932845781502217,-1.3770224718653301,-1.745616107393222,-21.40516463801093,-2.642,-0.6932845781502217,-1.122,11.630567884680048,1.0,0,0,0.333,100972.34,639,2014,2
Sorghum,2014-04-21,122304.88636363635,NGN,NGN/MT,Gap-filled,wholesale,National,,,0.6,False,Weekly gap-fill,Interpolated,historical,False,,,158.55,155.0,97.0,11.4,12.5,0,1,1,1,0,0,0,0,1,0,0,0,0,0,0,0,0,0,0,0,0.8660254037844387,-0.4999999999999998,0.8854560256532099,-0.4647231720437685,0,771.4,112483.18181818182,113268.45454545456,113661.09090909093,113854.09090909093,114075.0,128789.3181818182,143425.55555555556,115331.24431818182,4663.809125416858,114692.48579545454,3135.6424018497937,114332.71780303029,2560.535434151772,115991.53409090909,3245.989535167289,122304.88636363635,112483.18181818182,122304.88636363635,112483.18181818182,8.731709386857812,7.604885176985454,7.214452214452205,-14.725875810701094,-0.569,9.424993965008033,-0.585,11.714280451045534,1.0,0,0,0.333,109788.95,640,2014,2
Sorghum,2014-04-28,132126.5909090909,NGN,NGN/MT,Gap-filled,wholesale,National,,,0.6,False,Weekly gap-fill,Interpolated,historical,False,,,158.55,155.0,97.0,11.4,12.5,0,1,1,1,0,0,0,0,1,0,0,0,0,0,0,0,0,0,0,0,0.8660254037844387,-0.4999999999999998,0.8229838658936565,-0.5680647467311557,0,833.34,122304.88636363635,112483.18181818182,113268.45454545456,114053.72727272728,113668.40909090907,125515.30303030304,143733.3333333333,120045.77840909091,9204.610898165573,116951.59375,6882.03906210721,115870.89962121211,5720.047148448326,116245.81439393939,4153.87994525671,132126.5909090909,112483.18181818182,132126.5909090909,112483.18181818182,8.03050870449502,16.649063006389486,16.238620708960095,-8.075191853600927,3.269,-0.7012006823627921,-0.058,11.791523332509819,1.0,0,0,0.333,118605.56,641,2014,2
Sorghum,2014-05-05,141948.29545454547,NGN,NGN/MT,Gap-filled,wholesale,National,,,0.6,False,Weekly gap-fill,Interpolated,historical,False,,,158.55,155.0,97.0,11.4,12.5,0,1,1,1,0,0,0,0,1,0,1,0,0,0,0,0,0,0,0,0,0.4999999999999999,-0.8660254037844387,0.7485107481711013,-0.663122658240795,0,895.29,132126.5909090909,122304.88636363635,113268.45454545456,114446.36363636365,113261.81818181818,122241.28787878789,144041.1111111111,127215.73863636363,12679.766045305038,120389.33522727274,11055.39052766211,118261.4393939394,9364.12610986629,117003.77622377622,6453.2244214213715,141948.29545454547,112483.18181818182,141948.29545454547,112483.18181818182,7.433556317374701,25.320236798659334,25.32757970270012,-1.452929403572334,8.728,-0.5969523871203188,0.461,11.863225198553438,1.0,0,0,0.333,127422.17,642,2014,2
Sorghum,2014-05-12,151770.0,NGN,NGN/MT,WFP Nigeria Food Prices,wholesale,National,,,0.9,True,WFP VAM data — converted to NGN/MT,WFP,historical,False,,,158.55,155.0,97.0,11.4,12.5,0,1,1,1,0,0,0,0,1,0,1,0,0,0,0,0,0,0,0,0,0.4999999999999999,-0.8660254037844387,0.6631226582407952,-0.7485107481711012,0,957.24,141948.29545454547,132126.5909090909,112483.18181818182,114053.72727272728,113668.40909090907,118967.27272727272,144348.88888888888,137037.44318181818,12679.766045305129,125103.86931818182,15223.774442363294,121436.57196969698,13298.344188992902,118265.41958041958,9390.532019063812,151770.0,122304.88636363635,151770.0,112483.18181818182,6.9192127415151905,34.92683754743133,33.51994737484032,5.141093338670211,15.873,-0.5143435758595105,0.965,11.930128084849825,1.0,0,0,0.333,136238.78,643,2014,2
Sorghum,2014-05-19,151827.08333333334,NGN,NGN/MT,Gap-filled,wholesale,National,,,0.6,False,Weekly gap-fill,Interpolated,historical,False,,,158.55,155.0,97.0,11.4,12.5,0,1,1,1,0,0,0,0,1,0,1,0,0,0,0,0,0,0,0,0,0.4999999999999999,-0.8660254037844387,0.5680647467311558,-0.8229838658936564,0,957.6,151770.0,141948.29545454547,122304.88636363635,113661.09090909093,113854.09090909093,118413.86363636365,146715.0,144417.99242424243,9418.50302723282,129874.61837121213,17001.91491428366,124600.98800505052,15641.530835420126,119550.54341491841,11468.174053845849,151827.08333333334,132126.5909090909,151827.08333333334,112483.18181818182,0.03761173705827403,24.138199091998437,33.35233026853881,3.484363107612265,20.801,-6.8816010044569165,0.959,11.930504129028742,1.0,0,0,0.333,136290.02,644,2014,2
Sorghum,2014-05-26,151884.1666666667,NGN,NGN/MT,Gap-filled,wholesale,National,,,0.6,False,Weekly gap-fill,Interpolated,historical,False,,,158.55,155.0,97.0,11.4,12.5,0,1,1,1,0,0,0,0,1,0,1,0,0,0,0,0,0,0,0,0,0.4999999999999999,-0.8660254037844387,0.464723172043769,-0.8854560256532096,0,957.96,151827.08333333334,151770.0,132126.5909090909,113268.45454545456,114053.72727272728,117860.45454545452,149081.11111111112,149357.38636363638,4939.613833741452,134701.58238636365,17095.173343880633,127753.52462121214,17069.637156394467,120859.14772727272,13093.599381419614,151884.1666666667,141948.29545454547,151884.1666666667,112483.18181818182,0.03759759594934575,14.95351966749061,33.16896369680107,1.8802218031943818,23.58,-1.4141108928278356e-05,0.957,11.93088003185159,1.0,0,0,0.333,136341.26,645,2014,2
Sorghum,2014-06-02,151884.1666666667,NGN,NGN/MT,Gap-filled,wholesale,National,,,0.6,False,Weekly gap-fill,Interpolated,historical,False,,,158.55,155.0,97.0,11.4,12.5,0,1,1,0,0,0,0,1,0,0,1,0,0,0,0,0,0,0,1,0,1.2246467991473532e-16,-1.0,0.3546048870425358,-0.9350162426854148,0,957.96,151884.1666666667,151827.08333333334,141948.29545454547,113268.45454545456,114446.36363636365,117307.04545454544,151447.22222222222,151841.3541666667,54.653130790559985,139528.54640151517,15561.7674458807,130873.34154040406,17821.0955175409,122189.03700466201,14408.343757585306,151884.1666666667,151770.0,151884.1666666667,112483.18181818182,0.0,6.999641087837416,32.712094854543494,0.28851268318630385,24.268,-0.03759759594934575,0.956,11.93088003185159,1.0,0,0,0.333,136341.26,646,2014,2
Sorghum,2014-06-09,151998.33333333334,NGN,NGN/MT,WFP Nigeria Food Prices,wholesale,National,,,0.9,True,WFP VAM data — converted to NGN/MT,WFP,historical,False,,,158.55,155.0,97.0,11.4,12.5,0,1,1,0,0,0,0,1,0,0,1,0,0,0,0,0,0,0,1,0,1.2246467991473532e-16,-1.0,0.2393156642875576,-0.970941817426052,0,958.68,151884.1666666667,151884.1666666667,151770.0,112483.18181818182,114053.72727272728,116753.63636363635,153813.33333333334,151898.4375,71.82828598949101,144467.94034090912,11489.39376150922,134035.39204545456,17931.407168020007,123544.60227272728,15493.590063384521,151998.33333333334,151827.08333333334,151998.33333333334,112483.18181818182,0.07516693093969629,0.15044694823307392,33.269062719776144,-1.1800017337031954,22.95,0.07516693093969629,0.965,11.931631413853882,1.0,0,0,0.333,136443.75,647,2014,2
Sorghum,2014-06-16,140144.0416666667,NGN,NGN/MT,Gap-filled,wholesale,National,,,0.6,False,Weekly gap-fill,Interpolated,historical,False,,,158.55,155.0,97.0,11.4,12.5,0,1,1,0,0,0,0,1,0,0,1,0,0,0,0,0,0,0,1,0,1.2246467991473532e-16,-1.0,0.120536680255323,-0.992708874098054,0,883.91,151998.33333333334,151884.1666666667,151827.08333333334,122304.88636363635,113661.09090909093,116380.54545454544,155776.6666666667,148977.67708333334,5889.33618928648,146697.8347537879,7669.595709720595,136242.30460858587,16789.192654644216,124458.58289627041,15752.817689948199,151998.33333333334,140144.0416666667,151998.33333333334,112483.18181818182,-7.7989616114211735,-7.694965489797867,23.29992660263793,-10.035280208845998,19.701,-7.87412854236087,0.368,11.85043317720624,1.0,0,0,0.333,125802.55,648,2014,2
Sorghum,2014-06-23,128289.75,NGN,NGN/MT,Gap-filled,wholesale,National,,,0.6,False,Weekly gap-fill,Interpolated,historical,False,,,158.55,155.0,97.0,11.4,12.5,0,1,1,0,0,0,0,1,0,0,1,0,0,0,0,0,0,0,1,0,1.2246467991473532e-16,-1.0,-3.216245299353273e-16,-1.0,0,809.14,140144.0416666667,151998.33333333334,151884.1666666667,132126.5909090909,113268.45454545456,116007.45454545454,157740.0,143079.0729166667,11319.914061784155,146218.22964015152,8754.224751959653,137494.079229798,15425.153459068473,124930.97887529139,15673.207448773841,151998.33333333334,128289.75,151998.33333333334,112483.18181818182,-8.458648349005216,-15.534480772079606,13.261676002224787,-18.670121719284904,14.526,-0.6596867375840425,-0.231,11.762054451356159,1.0,0,0,0.333,115161.36,649,2014,2
Sorghum,2014-06-30,116435.45833333334,NGN,NGN/MT,Gap-filled,wholesale,National,,,0.6,False,Weekly gap-fill,Interpolated,historical,False,,,158.55,155.0,97.0,11.4,12.5,0,1,1,0,0,0,0,1,0,0,1,0,0,0,0,0,0,1,1,0,1.2246467991473532e-16,-1.0,-0.1205366802553228,-0.992708874098054,0,734.38,128289.75,140144.0416666667,151884.1666666667,141948.29545454547,113268.45454545456,115634.36363636365,159703.33333333334,134216.89583333334,15303.824735361837,143029.12500000003,13752.26307907643,137757.99621212122,14994.052603450895,124961.79020979021,15654.97738725801,151998.33333333334,116435.45833333334,151998.33333333334,112483.18181818182,-9.240248473994727,-23.339304623589253,2.796015713808364,-27.092656174991127,7.406,-0.7816001249895113,-0.833,11.665100981159716,1.0,0,0,0.333,104520.16,650,2014,2
Sorghum,2014-07-07,104581.16666666669,NGN,NGN/MT,Gap-filled,wholesale,National,,,0.6,False,Weekly gap-fill,Interpolated,historical,False,,,158.55,155.0,97.0,11.4,12.5,0,1,1,0,0,0,1,1,0,0,1,0,0,0,0,0,0,1,1,0,-0.4999999999999997,-0.8660254037844388,-0.2393156642875574,-0.970941817426052,0,659.61,116435.45833333334,128289.75,151998.33333333334,151770.0,112483.18181818182,115261.27272727274,161666.66666666666,122362.60416666669,15303.824735361746,137130.52083333334,18698.23343026546,137099.49494949495,16319.870869896524,124551.0168997669,16054.707221184644,140144.0416666667,104581.16666666669,151998.33333333334,104581.16666666669,-10.180997984935136,-31.195846445684705,-7.025063679553433,-35.310618556701016,-1.757,-0.9407495109404085,-1.427,11.557728325319314,1.0,0,0,0.333,93878.96,651,2014,3
Sorghum,2014-07-14,92726.875,NGN,NGN/MT,WFP Nigeria Food Prices,wholesale,National,,,0.9,True,WFP VAM data — converted to NGN/MT,WFP,historical,False,,,158.55,160.55555555555554,99.72222222222224,11.4,12.5,0,1,1,0,0,0,1,1,0,0,1,0,0,0,0,0,0,1,1,0,-0.4999999999999997,-0.8660254037844388,-0.3546048870425356,-0.9350162426854148,0,584.84,104581.16666666669,116435.45833333334,140144.0416666667,151827.08333333334,122304.88636363635,114888.18181818182,163630.0,110508.3125,15303.824735361664,129742.99479166669,23196.237440382298,134634.66066919194,20464.745959226224,123698.65894522145,17139.84464181858,128289.75,92726.875,151998.33333333334,92726.875,-11.33501570550467,-33.83459339602083,-24.18383454909163,-43.33137260893479,-10.663,-1.1540177205695343,-1.987,11.43742440753903,1.034,0,0,0.333,83237.77,652,2014,3
Sorghum,2014-07-21,92008.28125,NGN,NGN/MT,Gap-filled,wholesale,National,,,0.6,False,Weekly gap-fill,Interpolated,historical,False,,,158.55,160.55555555555554,99.72222222222224,11.4,12.5,0,1,1,0,0,0,1,1,0,0,1,0,0,0,0,0,0,1,1,0,-0.4999999999999997,-0.8660254037844388,-0.464723172043768,-0.8854560256532101,0,580.31,92726.875,104581.16666666669,128289.75,151884.1666666667,132126.5909090909,114481.59090909093,162181.11111111112,101437.9453125,11541.324990546811,122258.50911458334,24646.051341235714,131291.46819760103,23900.28276092614,122834.30088141026,18159.578813949043,116435.45833333334,92008.28125,151998.33333333334,92008.28125,-0.774957368076945,-28.280878830927648,-30.36353952906734,-43.26818911299439,-17.419,10.560058337427725,-1.941,11.429644734094989,1.034,0,0,0.333,82592.71,653,2014,3
Sorghum,2014-07-28,91289.6875,NGN,NGN/MT,Gap-filled,wholesale,National,,,0.6,False,Weekly gap-fill,Interpolated,historical,False,,,158.55,160.55555555555554,99.72222222222224,11.4,12.5,0,1,1,0,0,0,1,1,0,0,1,0,0,0,0,0,0,1,1,0,-0.4999999999999997,-0.8660254037844388,-0.5680647467311556,-0.8229838658936565,0,575.78,92008.28125,92726.875,116435.45833333334,151884.1666666667,141948.29545454547,114075.0,162181.11111111112,95151.50260416666,6313.763793769124,114684.19921875001,23526.343564552168,127069.91753472223,26209.25459100627,121957.94270833334,19123.416801520318,104581.16666666669,91289.6875,151998.33333333334,91289.6875,-0.7810098615443906,-21.596317129912112,-35.68807064031798,-43.71127015065463,-21.98,-0.006052493467445519,-1.902,11.421804062476108,1.034,0,0,0.333,81947.65,654,2014,3
Sorghum,2014-08-04,90571.09375,NGN,NGN/MT,Gap-filled,wholesale,National,,,0.6,False,Weekly gap-fill,Interpolated,historical,False,,,158.55,160.55555555555554,99.72222222222224,11.4,12.5,0,1,0,0,1,0,1,1,0,0,1,0,0,0,0,1,0,0,1,0,-0.8660254037844384,-0.5000000000000004,-0.663122658240795,-0.7485107481711013,0,571.25,91289.6875,92008.28125,104581.16666666669,151998.33333333334,151770.0,113668.40909090907,161456.66666666666,91648.984375,927.700542142127,107005.79427083334,19242.274594139424,121970.00868055556,26910.857066188288,121069.58442599069,20038.488947695198,92726.875,90571.09375,151998.33333333334,90571.09375,-0.7871576403413627,-13.396363191588046,-40.32345407524544,-43.90377578091128,-24.301,-0.006147778796972148,-1.868,11.413901428579983,1.034,0,0,0.0,81302.6,655,2014,3
Sorghum,2014-08-11,89852.5,NGN,NGN/MT,WFP Nigeria Food Prices,wholesale,National,,,0.9,True,WFP VAM data — converted to NGN/MT,WFP,historical,False,,,158.55,159.29583333333332,100.1875,11.4,12.5,0,1,0,0,1,0,1,1,0,0,1,0,0,0,0,1,0,0,1,0,-0.8660254037844384,-0.5000000000000004,-0.7485107481711011,-0.6631226582407952,0,566.71,90571.09375,91289.6875,92726.875,140144.0416666667,151827.08333333334,113261.81818181818,160732.22222222222,90930.390625,927.7005421420499,100719.3515625,14500.212261337725,116805.46006944445,26605.1177871521,120169.22603438229,20910.27914968282,92008.28125,89852.5,151998.33333333334,89852.5,-0.7934029724577574,-3.09982947230778,-40.819188495684514,-44.09801671517154,-24.331,-0.006245332116394664,-1.839,11.405935845264933,1.029,0,0,0.0,80657.54,656,2014,3
Sorghum,2014-08-18,89512.0,NGN,NGN/MT,Gap-filled,wholesale,National,,,0.6,False,Weekly gap-fill,Interpolated,historical,False,,,158.55,159.29583333333332,100.1875,11.4,12.5,0,1,0,0,1,0,1,1,0,0,1,0,0,0,0,1,0,0,1,0,-0.8660254037844384,-0.5000000000000004,-0.8229838658936564,-0.5680647467311559,0,564.57,89852.5,90571.09375,92008.28125,128289.75,151884.1666666667,113668.40909090907,158301.80555555556,90306.3203125,790.3614433749487,95872.1328125,9631.100749484936,111607.77951388889,25183.65618139115,119240.13337703964,21731.22702271366,91289.6875,89512.0,151998.33333333334,89512.0,-0.37895439748476534,-2.7131049684726016,-41.06561469540934,-43.45484583333699,-24.265,0.41444857497299203,-1.79,11.402139145111631,1.029,0,0,0.0,80351.89,657,2014,3
Sorghum,2014-08-25,89171.5,NGN,NGN/MT,Gap-filled,wholesale,National,,,0.6,False,Weekly gap-fill,Interpolated,historical,False,,,158.55,159.29583333333332,100.1875,11.4,12.5,0,1,0,0,1,0,1,1,0,0,1,0,0,0,0,1,0,0,1,0,-0.8660254037844384,-0.5000000000000004,-0.8854560256532096,-0.4647231720437691,0,562.42,89512.0,89852.5,91289.6875,116435.45833333334,151884.1666666667,113854.09090909093,155871.38888888888,89776.7734375,598.0914585698846,92464.13802083334,5048.895312542405,106381.72395833333,22421.258827679118,118290.80295745921,22501.410643006544,90571.09375,89171.5,151998.33333333334,89171.5,-0.38039592456877713,-2.320292201679408,-41.28979869527766,-42.791617733280816,-24.105,-0.0014415270840117955,-1.744,11.398327975071005,1.029,0,0,0.0,80046.23,658,2014,3
Sorghum,2014-09-01,88831.0,NGN,NGN/MT,Gap-filled,wholesale,National,,,0.6,False,Weekly gap-fill,Interpolated,historical,False,,,158.55,159.29583333333332,100.1875,11.4,12.5,0,1,0,0,1,1,0,0,0,0,0,0,0,0,0,1,0,0,0,0,-1.0,-1.8369701987210287e-16,-0.9350162426854148,-0.3546048870425359,0,560.27,89171.5,89512.0,90571.09375,104581.16666666669,151998.33333333334,114053.72727272728,153440.97222222222,89341.75,439.58360978532835,90495.3671875,1404.4951843531396,101117.77951388889,17644.17196803997,117320.69806235432,23223.518692798632,89852.5,88831.0,140144.0416666667,88831.0,-0.38184846055073773,-1.9212462585503465,-41.55791181920855,-42.10737933063293,-23.848,-0.001452535981960601,-1.698,11.394502224426422,1.029,0,0,0.0,79740.57,659,2014,3
Sorghum,2014-09-08,88490.5,NGN,NGN/MT,Gap-filled,wholesale,National,,,0.6,False,Weekly gap-fill,Interpolated,historical,False,,,158.55,159.29583333333332,100.1875,11.4,12.5,0,1,0,0,1,1,0,0,0,0,0,0,0,0,0,1,0,0,0,0,-1.0,-1.8369701987210287e-16,-0.970941817426052,-0.2393156642875577,0,558.12,88831.0,89171.5,89852.5,92726.875,140144.0416666667,114446.36363636365,151010.55555555556,89001.25,439.5836097852513,89965.8203125,1230.8390424994277,96813.31770833333,12928.274868724111,116322.39561480188,23900.043708407557,89512.0,88490.5,128289.75,88490.5,-0.38331213202598136,-1.5158175899390613,-36.85746539943874,-41.40111618393122,-23.487,-0.001463671475243622,-1.653,11.390661781185646,1.029,0,0,0.0,79434.92,660,2014,3
Sorghum,2014-09-15,88150.0,NGN,NGN/MT,WFP Nigeria Food Prices,wholesale,National,,,0.9,True,WFP VAM data — converted to NGN/MT,WFP,historical,False,,,158.55,157.93333333333334,100.10083333333334,11.4,12.5,0,1,0,0,1,1,0,0,0,0,0,0,0,0,0,1,0,0,0,0,-1.0,-1.8369701987210287e-16,-0.992708874098054,-0.1205366802553235,0,555.98,88490.5,88831.0,89512.0,92008.28125,128289.75,114053.72727272728,147221.11111111112,88660.75,439.5836097851743,89483.53515625,1060.2909432488352,93468.33854166667,8466.85440297278,115326.09841200468,24530.007288381716,89171.5,88150.0,116435.45833333334,88150.0,-0.38478706753832803,-1.5215836982750863,-31.288353122521485,-40.12407640812384,-23.122,-0.0014749355123466756,-1.606,11.38680653206116,1.023,0,0,0.0,79129.26,661,2014,3
Sorghum,2014-09-22,87564.975,NGN,NGN/MT,Gap-filled,wholesale,National,,,0.6,False,Weekly gap-fill,Interpolated,historical,False,,,158.55,157.93333333333334,100.10083333333334,11.4,12.5,0,1,0,0,1,1,0,0,0,0,0,0,0,0,0,1,0,0,0,0,-1.0,-1.8369701987210287e-16,-1.0,-1.8369701987210287e-16,0,552.29,88150.0,88490.5,89171.5,91289.6875,116435.45833333334,113661.09090909093,143431.6666666667,88259.11875000001,539.854268666952,89017.94609375,967.6200238367312,91062.46493055555,4537.382444068421,114322.40164627042,25127.472276516073,88831.0,87564.975,104581.16666666669,87564.975,-0.663669880884854,-1.8016126228671658,-24.795267478298953,-38.950040088776305,-22.798,-0.278882813346526,-1.571,11.380147788230513,1.023,0,0,0.0,78604.11,662,2014,3
Sorghum,2014-09-29,86979.95,NGN,NGN/MT,Gap-filled,wholesale,National,,,0.6,False,Weekly gap-fill,Interpolated,historical,False,,,158.55,157.93333333333334,100.10083333333334,11.4,12.5,0,1,0,0,1,1,0,0,0,0,0,0,0,0,0,1,0,0,0,0,-1.0,-1.8369701987210287e-16,-0.992708874098054,0.1205366802553232,0,548.6,87564.975,88150.0,88831.0,90571.09375,104581.16666666669,113268.45454545456,139642.22222222222,87796.35625,665.0703961345027,88569.05312499999,977.1051142890852,89595.69687500001,1772.5421667976138,113311.30531759908,25694.09677126808,88490.5,86979.95,92726.875,86979.95,-0.6681038851435894,-2.083788317141544,-16.83019727898747,-37.71228456850045,-22.518,-0.004434004258735413,-1.535,11.37344440814303,1.023,0,0,0.0,78078.95,663,2014,3
Sorghum,2014-10-06,86394.92499999999,NGN,NGN/MT,Gap-filled,wholesale,National,,,0.6,False,Weekly gap-fill,Interpolated,historical,False,,,158.55,157.93333333333334,100.10083333333334,11.4,12.5,0,1,0,0,0,1,0,0,0,1,0,1,0,1,1,1,1,0,0,0,-0.8660254037844386,0.5000000000000001,-0.970941817426052,0.2393156642875573,0,544.91,86979.95,87564.975,88490.5,89852.5,92726.875,113268.45454545456,135852.77777777778,87272.46250000001,755.2640273660318,88136.85625,1086.829263991661,89068.03437499999,1696.5337561217414,112277.7080273893,26230.805178780618,88150.0,86394.92499999999,92008.28125,86394.92499999999,-0.6725975354090363,-2.368135562574525,-6.828602818762097,-36.40547774347232,-22.271,-0.004493650265446902,-1.499,11.366695789328022,1.023,0,0,0.333,77553.79,664,2014,4
Sorghum,2014-10-13,85809.9,NGN,NGN/MT,WFP Nigeria Food Prices,wholesale,National,,,0.9,True,WFP VAM data — converted to NGN/MT,WFP,historical,False,,,158.55,156.1875,101.07833333333332,11.4,12.5,0,1,0,0,0,1,0,0,0,1,0,1,0,1,1,1,1,0,0,0,-0.8660254037844386,0.5000000000000001,-0.9350162426854148,0.3546048870425355,0,541.22,86394.92499999999,86979.95,88150.0,89512.0,92008.28125,112483.18181818182,132063.33333333334,86687.4375,755.264027365951,87674.09375,1199.9343403751782,88551.50260416667,1663.2176296266523,111251.81257284383,26739.122761900417,87564.975,85809.9,91289.6875,85809.9,-0.6771520433636491,-2.654679523539427,-6.736764523573802,-35.023675509225384,-22.08,-0.004554507954612763,-1.463,11.359901317034243,1.018,0,0,0.333,77028.64,665,2014,4
Sorghum,2014-10-20,78090.09545454544,NGN,NGN/MT,Gap-filled,wholesale,National,,,0.6,False,Weekly gap-fill,Interpolated,historical,False,,,158.55,156.1875,101.07833333333332,11.4,12.5,0,1,0,0,0,1,0,0,0,1,0,1,0,1,1,1,1,0,0,0,-0.8660254037844386,0.5000000000000001,-0.8854560256532101,0.464723172043768,0,492.53,85809.9,86394.92499999999,87564.975,89171.5,91289.6875,122304.88636363635,128789.3181818182,84318.71761363636,4179.798792426645,86288.91818181818,3471.105298660384,87451.5366003788,3273.21779725605,109551.24369172494,27405.733631051477,86979.95,78090.09545454544,90571.09375,78090.09545454544,-8.996403148651321,-10.820398847204105,-14.4590176688408,-39.36601532100526,-23.033,-8.319251105287673,-1.77,11.2656313146611,1.018,0,0,0.333,70098.83,666,2014,4
Sorghum,2014-10-27,70370.29090909091,NGN,NGN/MT,Gap-filled,wholesale,National,,,0.6,False,Weekly gap-fill,Interpolated,historical,False,,,158.55,156.1875,101.07833333333332,11.4,12.5,0,1,0,0,0,1,0,0,0,1,0,1,0,1,1,1,1,0,0,0,-0.8660254037844386,0.5000000000000001,-0.822983865893657,0.5680647467311548,0,443.84,78090.09545454544,85809.9,86979.95,88831.0,90571.09375,132126.5909090909,125515.30303030304,80166.30284090908,7548.033072138785,83981.32954545454,6421.846593810072,85768.13636363637,5767.343673277361,107176.00138403264,28039.736431605357,86394.92499999999,70370.29090909091,89852.5,70370.29090909091,-9.885766562992703,-19.09596302470752,-22.303807986098313,-43.934891435428014,-25.201,-0.889363414341382,-2.03,11.161540659386493,1.018,0,0,0.333,63169.02,667,2014,4
Sorghum,2014-11-03,62650.48636363636,NGN,NGN/MT,Gap-filled,wholesale,National,,,0.6,False,Weekly gap-fill,Interpolated,historical,False,,,158.55,156.1875,101.07833333333332,11.4,12.5,1,0,0,0,0,1,0,0,0,1,0,1,1,1,1,0,1,0,0,0,-0.5000000000000004,0.8660254037844384,-0.7485107481711011,0.6631226582407952,1,395.15,70370.29090909091,78090.09545454544,86394.92499999999,88490.5,89852.5,141948.29545454547,122241.28787878789,74230.19318181818,9966.224813506704,80751.32784090909,9561.00532885874,83501.3018939394,8644.31519215731,104126.0856497669,28416.35296523007,85809.9,62650.48636363636,89512.0,62650.48636363636,-10.970260952065003,-27.483603506066622,-30.27407544182259,-48.74850596652796,-28.711,-1.0844943890722991,-2.238,11.045342684921257,1.018,0,0,0.667,56239.22,668,2014,4
Sorghum,2014-11-10,54930.681818181816,NGN,NGN/MT,WFP Nigeria Food Prices,wholesale,National,,,0.9,True,WFP VAM data — converted to NGN/MT,WFP,historical,False,,,158.55,158.36363636363637,98.416,11.4,12.5,1,0,0,0,0,1,0,0,0,1,0,1,1,1,1,0,1,0,0,0,-0.5000000000000004,0.8660254037844384,-0.6631226582407955,0.7485107481711007,1,346.46,62650.48636363636,70370.29090909091,85809.9,88150.0,89512.0,151770.0,118967.27272727272,66510.38863636364,9966.224813506626,76598.9130681818,12614.701083851267,80619.52537878788,11687.064511076487,100401.49648892773,28267.85199112995,78090.09545454544,54930.681818181816,89171.5,54930.681818181816,-12.322018540522105,-35.985612594605264,-38.63316447159954,-53.82706473896563,-33.756,-1.3517575884571027,-2.394,10.913845543348058,1.02,0,0,0.667,49309.41,669,2014,4
Sorghum,2014-11-17,54263.63636363636,NGN,NGN/MT,Gap-filled,wholesale,National,,,0.6,False,Weekly gap-fill,Interpolated,historical,False,,,158.55,158.36363636363637,98.416,11.4,12.5,1,0,0,0,0,1,0,0,0,1,0,1,1,1,1,0,1,0,0,0,-0.5000000000000004,0.8660254037844384,-0.5680647467311559,0.8229838658936564,1,342.25,54930.681818181816,62650.48636363636,78090.09545454544,87564.975,89171.5,151827.08333333334,118413.86363636365,60553.773863636365,7570.671571529066,72436.24573863635,13907.359104593572,77710.53674242423,13559.338556427041,96649.05622086248,27636.78458313106,70370.29090909091,54263.63636363636,88831.0,54263.63636363636,-1.2143403876786918,-30.51149950863865,-39.14688396669747,-54.17459181107864,-37.347,11.107678152843413,-2.25,10.901628029736063,1.02,0,0,0.667,48710.63,670,2014,4
Sorghum,2014-11-24,53596.5909090909,NGN,NGN/MT,Gap-filled,wholesale,National,,,0.6,False,Weekly gap-fill,Interpolated,historical,False,,,158.55,158.36363636363637,98.416,11.4,12.5,1,0,0,0,0,1,0,0,0,1,0,1,1,1,1,0,1,0,0,0,-0.5000000000000004,0.8660254037844384,-0.4647231720437684,0.88545602565321,1,338.04,54263.63636363636,54930.681818181816,70370.29090909091,86979.95,88831.0,151884.1666666667,117860.45454545452,56360.34886363636,4228.645920728867,68263.32585227271,13928.437704819153,74774.33598484848,14699.334137331973,92868.7648455711,26477.03776549493,62650.48636363636,53596.5909090909,88490.5,53596.5909090909,-1.2292678840676974,-23.836337441988707,-39.664541760094,-54.525382482365515,-39.312,-0.01492749638900559,-2.127,10.889259400322889,1.02,0,0,0.667,48111.84,671,2014,4
Sorghum,2014-12-01,52929.545454545456,NGN,NGN/MT,Gap-filled,wholesale,National,,,0.6,False,Weekly gap-fill,Interpolated,historical,False,,,158.55,158.36363636363637,98.416,11.4,12.5,1,0,0,0,0,0,0,0,0,1,0,1,1,1,1,0,0,0,0,1,-2.4492935982947064e-16,1.0,-0.3546048870425359,0.9350162426854148,1,333.84,53596.5909090909,54263.63636363636,62650.48636363636,86394.92499999999,88490.5,151884.1666666667,117307.04545454544,53930.11363636363,861.1519788638625,64080.153409090904,12673.865789748472,71810.9231060606,15256.755857445096,89062.81787587413,24707.525795680438,54930.681818181816,52929.545454545456,88150.0,52929.545454545456,-1.2445669458284514,-15.516145960413708,-40.186183313976684,-54.87948294200727,-39.447,-0.015299061760754018,-2.02,10.876735870004781,1.02,0,0,0.667,47513.06,672,2014,4
Sorghum,2014-12-08,52929.545454545456,NGN,NGN/MT,Gap-filled,wholesale,National,,,0.6,False,Weekly gap-fill,Interpolated,historical,False,,,158.55,158.36363636363637,98.416,11.4,12.5,1,0,0,0,0,0,0,0,0,1,0,1,1,1,1,0,0,0,0,1,-2.4492935982947064e-16,1.0,-0.2393156642875578,0.970941817426052,1,333.84,52929.545454545456,53596.5909090909,54930.681818181816,85809.9,88150.0,151998.33333333334,116753.63636363635,53429.829545454544,638.6474002755614,59970.109090909085,9572.30062559527,68875.88522727272,15215.489154460507,85252.47988053614,22116.77596484307,54263.63636363636,52929.545454545456,87564.975,52929.545454545456,0.0,-3.643021163036053,-39.955138452018765,-54.66561290674223,-37.328,1.2445669458284514,-1.903,10.876735870004781,1.02,0,0,0.667,47513.06,673,2014,4
Sorghum,2014-12-15,51595.454545454544,NGN,NGN/MT,WFP Nigeria Food Prices,wholesale,National,,,0.9,True,WFP VAM data — converted to NGN/MT,WFP,historical,False,,,158.55,156.575,103.53777777777778,11.4,12.5,1,0,0,0,0,0,0,0,0,1,0,1,1,1,1,0,0,0,0,1,-2.4492935982947064e-16,1.0,-0.1205366802553236,0.992708874098054,1,325.42,52929.545454545456,52929.545454545456,54263.63636363636,78090.09545454544,87564.975,140144.0416666667,116380.54545454544,52762.78409090909,839.3471237605488,56658.27897727273,6496.787757830044,65878.42518939394,14734.425429697387,81846.76499125874,20046.880090905885,53596.5909090909,51595.454545454544,86979.95,51595.454545454544,-2.5205032418738504,-4.9170715362707345,-41.07752038362994,-55.66659844741311,-35.535,-2.5205032418738504,-1.844,10.851208238749582,1.027,0,0,0.667,46315.49,674,2014,4
Sorghum,2014-12-22,54080.82702020202,NGN,NGN/MT,Gap-filled,wholesale,National,,,0.6,False,Weekly gap-fill,Interpolated,historical,False,,,158.55,156.575,103.53777777777778,11.4,12.5,1,0,0,0,0,0,0,0,0,1,0,1,1,1,1,0,0,0,0,1,-2.4492935982947064e-16,1.0,6.432490598706546e-16,1.0,1,341.1,51595.454545454544,52929.545454545456,53596.5909090909,70370.29090909091,86979.95,128289.75,116007.45454545454,52883.84311868687,1016.0205022672208,54622.095991161616,3399.861685028886,63136.831607744105,13456.492751903024,78992.5756458819,18383.824598889616,54080.82702020202,51595.454545454544,86394.92499999999,51595.454545454544,4.81703765698569,0.9034830441594144,-37.8238007492508,-53.381593250102874,-33.052,7.33754089885954,-1.668,10.898253493803773,1.027,0,0,0.667,48546.52,675,2014,4
Sorghum,2014-12-29,56566.1994949495,NGN,NGN/MT,Gap-filled,wholesale,National,,,0.6,False,Weekly gap-fill,Interpolated,historical,False,,,158.55,156.575,103.53777777777778,11.4,12.5,1,0,0,0,0,0,0,0,0,1,0,1,1,1,1,0,0,0,0,1,-2.4492935982947064e-16,1.0,0.120536680255323,0.992708874098054,1,356.77,54080.82702020202,51595.454545454544,52929.545454545456,62650.48636363636,86394.92499999999,116435.45833333334,115634.36363636365,53793.00662878787,2109.363222158517,53861.56013257575,1493.3464082068062,60651.10448232323,11361.567573568303,76689.9118444056,17218.872530147746,56566.1994949495,51595.454545454544,85809.9,51595.454545454544,4.595662847054949,6.870744891484293,-34.526015856892634,-51.08184304725047,-29.856,-0.2213748099307411,-1.51,10.943184581984497,1.027,0,0,0.667,50777.56,676,2014,4
Sorghum,2015-01-05,59051.57196969697,NGN,NGN/MT,Gap-filled,wholesale,National,,,0.6,False,Weekly gap-fill,Interpolated,historical,False,,,193.28,156.575,103.53777777777778,11.4,12.5,1,0,0,0,0,0,0,0,0,1,0,0,1,0,0,0,0,0,0,1,0.4999999999999999,0.8660254037844387,0.2393156642875577,0.970941817426052,1,305.52,56566.1994949495,54080.82702020202,52929.545454545456,54930.681818181816,85809.9,104581.16666666669,115261.27272727274,55323.51325757576,3208.6020679374487,54376.671401515145,2368.877648653976,58421.2438131313,8145.62662429636,74938.77358682983,16571.90345504888,59051.57196969697,51595.454545454544,78090.09545454544,51595.454545454544,4.393741310072241,11.566368958163364,-31.183264437207157,-48.767204653879915,-26.175,-0.20192153698270765,-1.365,10.98618337647202,1.027,0,0,0.333,53008.59,677,2015,1
Sorghum,2015-01-12,61536.944444444445,NGN,NGN/MT,WFP Nigeria Food Prices,wholesale,National,,,0.9,True,WFP VAM data — converted to NGN/MT,WFP,historical,False,,,193.28,162.94444444444446,100.82222222222222,11.4,12.5,1,0,0,0,0,0,0,0,0,1,0,0,1,0,0,0,0,0,0,1,0.4999999999999999,0.8660254037844387,0.3546048870425356,0.9350162426854148,1,318.38,59051.57196969697,56566.1994949495,51595.454545454544,54263.63636363636,78090.09545454544,92726.875,114888.18181818182,57808.88573232324,3208.6020679375197,55285.834911616155,3462.558427042134,57041.81456228957,5476.175913254262,73739.16087315461,16360.288797365247,61536.944444444445,54080.82702020202,70370.29090909091,51595.454545454544,4.208816788184522,19.268150627942717,-21.19750387516971,-46.437533025084555,-21.604,-0.18492452188771935,-1.232,11.027409246375447,1.048,0,0,0.333,55239.63,678,2015,1
Sorghum,2015-01-19,61343.194444444445,NGN,NGN/MT,Gap-filled,wholesale,National,,,0.6,False,Weekly gap-fill,Interpolated,historical,False,,,193.28,162.94444444444446,100.82222222222222,11.4,12.5,1,0,0,0,0,0,0,0,0,1,0,0,1,0,0,0,0,0,0,1,0.4999999999999999,0.8660254037844387,0.4647231720437685,0.8854560256532099,1,317.38,61536.944444444445,59051.57196969697,54080.82702020202,53596.5909090909,70370.29090909091,92008.28125,114481.59090909093,59624.47758838384,2330.436500708141,56254.16035353536,3968.842975386009,56289.556523569016,3860.480542903385,72559.73445755633,16093.735736954051,61536.944444444445,56566.1994949495,62650.48636363636,51595.454545454544,-0.31485151196435357,13.42872848732426,-12.827993671801464,-46.416542644697635,-17.827,-4.523668300148875,-1.19,11.024255815578943,1.048,0,0,0.333,55065.7,679,2015,1
Sorghum,2015-01-26,61343.194444444445,NGN,NGN/MT,Gap-filled,wholesale,National,,,0.6,False,Weekly gap-fill,Interpolated,historical,False,,,193.28,162.94444444444446,100.82222222222222,11.4,12.5,1,0,0,0,0,0,0,0,0,1,0,0,1,0,0,0,0,0,0,1,0.4999999999999999,0.8660254037844387,0.5680647467311558,0.8229838658936564,1,317.38,61343.194444444445,61536.944444444445,56566.1994949495,52929.545454545456,62650.48636363636,91289.6875,114075.0,60818.72632575757,1181.638043727219,57305.86647727273,4075.335560751676,56180.61553030303,3678.8315878374515,71407.94626311188,15767.962279254685,61536.944444444445,59051.57196969697,61536.944444444445,51595.454545454544,0.0,8.444963586286992,-2.086642889895729,-46.22555823410524,-14.829,0.31485151196435357,-1.145,11.024255815578943,1.048,0,0,0.333,55065.7,680,2015,1
Sorghum,2015-02-02,61343.194444444445,NGN,NGN/MT,Gap-filled,wholesale,National,,,0.6,False,Weekly gap-fill,Interpolated,historical,False,,,193.28,162.94444444444446,100.82222222222222,11.4,12.5,1,0,0,0,0,0,0,0,1,1,0,0,1,0,0,0,0,0,0,0,0.8660254037844386,0.5000000000000001,0.6631226582407952,0.7485107481711011,1,317.38,61343.194444444445,61343.194444444445,59051.57196969697,52929.545454545456,54930.681818181816,90571.09375,113668.40909090907,61391.631944444445,96.87499992909592,58357.5726010101,3864.8168462236226,56714.99158249158,3937.4081685867286,70283.79628982129,15384.319713712923,61536.944444444445,61343.194444444445,61536.944444444445,51595.454545454544,0.0,3.8807137529267566,11.673826746749238,-46.033207524367,-12.652,0.0,-1.102,11.024255815578943,1.048,0,0,0.333,55065.7,681,2015,1
Sorghum,2015-02-09,61149.444444444445,NGN,NGN/MT,WFP Nigeria Food Prices,wholesale,National,,,0.9,True,WFP VAM data — converted to NGN/MT,WFP,historical,False,,,193.28,155.17000000000002,95.95666666666666,11.4,12.5,1,0,0,0,0,0,0,0,1,1,0,0,1,0,0,0,0,0,0,0,0.8660254037844386,0.5000000000000001,0.7485107481711011,0.6631226582407953,1,316.38,61343.194444444445,61343.194444444445,61536.944444444445,51595.454545454544,54263.63636363636,89852.5,113261.81818181818,61294.756944444445,96.87499992900861,59551.82133838384,2808.5617112962814,57288.80892255893,4047.8843817179923,69179.83261460761,14947.571594584562,61343.194444444445,61149.444444444445,61536.944444444445,51595.454545454544,-0.31584595773777036,-0.6297030239287182,12.689544126133168,-46.01053962750113,-11.398,-0.31584595773777036,-1.067,11.021092409191024,0.998,0,0,0.333,54891.78,682,2015,1
Sorghum,2015-02-16,61345.694444444445,NGN,NGN/MT,Gap-filled,wholesale,National,,,0.6,False,Weekly gap-fill,Interpolated,historical,False,,,193.28,155.17000000000002,95.95666666666666,11.4,12.5,1,0,0,0,0,0,0,0,1,1,0,0,1,0,0,0,0,0,0,0,0.8660254037844386,0.5000000000000001,0.8229838658936564,0.5680647467311559,1,317.39,61149.444444444445,61343.194444444445,61343.194444444445,54080.82702020202,53596.5909090909,89512.0,113668.40909090907,61295.381944444445,97.29880409291881,60459.92976641414,1768.9806087004524,57934.56755050505,4023.3505198034363,68096.51317016316,14426.657267954837,61345.694444444445,61149.444444444445,61536.944444444445,51595.454545454544,0.32093504983237153,0.004075431712746713,14.458202292189393,-46.0310081445921,-9.987,0.6367810075701419,-1.022,11.024296568401308,0.998,0,0,0.333,55067.95,683,2015,1
Sorghum,2015-02-23,61541.944444444445,NGN,NGN/MT,Gap-filled,wholesale,National,,,0.6,False,Weekly gap-fill,Interpolated,historical,False,,,193.28,155.17000000000002,95.95666666666666,11.4,12.5,1,0,0,0,0,0,0,0,1,1,0,0,1,0,0,0,0,0,0,0,0.8660254037844386,0.5000000000000001,0.8854560256532099,0.4647231720437686,1,318.41,61345.694444444445,61149.444444444445,61343.194444444445,56566.1994949495,52929.545454545456,89171.5,113854.09090909093,61345.06944444444,160.2423294667201,61081.89788510101,829.794498566317,58652.26746632997,3811.9745217718496,67033.83795648796,13816.883954965322,61541.944444444445,61149.444444444445,61541.944444444445,51595.454545454544,0.31990835180408794,0.3239968211632638,16.271439544658662,-45.94665509772167,-8.486,-0.0010266980282835902,-0.979,11.02749049375752,0.998,0,0,0.333,55244.12,684,2015,1
Sorghum,2015-03-02,61738.194444444445,NGN,NGN/MT,Gap-filled,wholesale,National,,,0.6,False,Weekly gap-fill,Interpolated,historical,False,,,193.28,155.17000000000002,95.95666666666666,11.4,12.5,1,0,0,1,0,0,0,0,1,1,0,0,0,0,0,0,0,0,0,0,1.0,6.123233995736766e-17,0.9350162426854148,0.3546048870425355,0,319.42,61541.944444444445,61345.694444444445,61343.194444444445,59051.57196969697,52929.545454545456,88831.0,114053.72727272728,61443.819444444445,253.35766053730865,61417.725694444445,179.75049365060485,59386.32154882155,3439.7412777818527,65991.80697358197,13110.839911885463,61738.194444444445,61149.444444444445,61738.194444444445,51595.454545454544,0.318888201813583,0.6439182106137809,16.642215447445373,-45.869200489331675,-6.892,-0.001020149990504926,-0.937,11.030674250423969,0.998,0,0,0.333,55420.28,685,2015,1
Sorghum,2015-03-09,61934.444444444445,NGN,NGN/MT,WFP Nigeria Food Prices,wholesale,National,,,0.9,True,WFP VAM data — converted to NGN/MT,WFP,historical,False,,,193.28,155.73333333333332,105.30866666666668,11.4,12.5,1,0,0,1,0,0,0,0,1,1,0,0,0,0,0,0,0,0,0,0,1.0,6.123233995736766e-17,0.970941817426052,0.239315664287558,0,320.44,61738.194444444445,61541.944444444445,61149.444444444445,61536.944444444445,51595.454545454544,88490.5,114446.36363636365,61640.069444444445,253.35766053737626,61467.41319444445,256.12665805734736,60247.90404040404,2468.666360392531,64970.420221445216,12297.15427135824,61934.444444444445,61345.694444444445,61934.444444444445,54080.82702020202,0.3178745374171843,1.2837401993295083,20.03856733131688,-45.883431787110375,-5.126,-0.0010136643963987169,-0.896,11.033847902944542,1.029,0,0,0.333,55596.45,686,2015,1
Sorghum,2015-03-16,62507.74111111112,NGN,NGN/MT,Gap-filled,wholesale,National,,,0.6,False,Weekly gap-fill,Interpolated,historical,False,,,193.28,155.73333333333332,105.30866666666668,11.4,12.5,1,0,0,1,0,0,0,0,1,1,0,0,0,0,0,0,0,0,0,0,1.0,6.123233995736766e-17,0.992708874098054,0.120536680255323,0,323.41,61934.444444444445,61738.194444444445,61345.694444444445,61343.194444444445,54080.82702020202,88150.0,114053.72727272728,61930.58111111112,416.80518194651836,61612.981527777774,440.2169617297606,60950.14688131313,1600.9580685558674,63984.17949494949,11356.024848500649,62507.74111111112,61541.944444444445,62507.74111111112,56566.1994949495,0.9256507777040346,1.8942595355555758,15.582073269259,-45.19447754509459,-3.21,0.6077762402868503,-0.846,11.043061683723083,1.029,0,0,0.333,56111.08,687,2015,1
Sorghum,2015-03-23,63081.037777777776,NGN,NGN/MT,Gap-filled,wholesale,National,,,0.6,False,Weekly gap-fill,Interpolated,historical,False,,,193.28,155.73333333333332,105.30866666666668,11.4,12.5,1,0,0,1,0,0,0,0,1,1,0,0,0,0,0,0,0,0,0,0,1.0,6.123233995736766e-17,1.0,-1.6081226496766364e-16,0,326.37,62507.74111111112,61934.444444444445,61541.944444444445,61343.194444444445,56566.1994949495,87564.975,113661.09090909093,62315.35444444444,605.9399558027761,61830.21194444445,661.3221027598448,61493.050071548816,952.4374925150746,63042.4896017871,10287.25032470267,63081.037777777776,61738.194444444445,63081.037777777776,59051.57196969697,0.9171610691347531,2.500885123515584,11.517192848372204,-44.50076338944202,-1.153,-0.00848970856928144,-0.797,11.052191345212416,1.029,0,0,0.333,56625.71,688,2015,1
Sorghum,2015-03-30,63654.334444444445,NGN,NGN/MT,Gap-filled,wholesale,National,,,0.6,False,Weekly gap-fill,Interpolated,historical,False,,,193.28,155.73333333333332,105.30866666666668,11.4,12.5,1,0,0,1,0,0,0,0,1,1,0,0,0,0,0,0,0,0,0,0,1.0,6.123233995736766e-17,0.992708874098054,-0.1205366802553228,0,329.34,63081.037777777776,62507.74111111112,61738.194444444445,61343.194444444445,59051.57196969697,86979.95,113268.45454545456,62794.389444444445,740.1228141362881,62119.10444444444,885.1145448423607,61876.61361111112,793.3468747686114,62145.35054195805,9060.09713869204,63654.334444444445,61934.444444444445,63654.334444444445,61149.444444444445,0.9088256738677636,3.1036540949124225,7.79447916663325,-43.80223982053185,1.044,-0.008335395266989565,-0.75,11.061238409498822,1.029,0,0,0.333,57140.34,689,2015,1
Sorghum,2015-04-06,64227.63111111111,NGN,NGN/MT,Gap-filled,wholesale,National,,,0.6,False,Weekly gap-fill,Interpolated,historical,False,,,193.28,155.73333333333332,105.30866666666668,11.4,12.5,0,1,1,1,0,0,0,0,1,0,0,0,0,0,0,0,0,0,0,0,0.8660254037844387,-0.4999999999999998,0.970941817426052,-0.2393156642875575,0,332.3,63654.334444444445,63081.037777777776,61934.444444444445,61149.444444444445,61536.944444444445,86394.92499999999,113268.45454545456,63367.686111111114,740.1228141363571,62503.87777777778,1055.9514563063728,62100.8375,1032.7361633983505,61292.762315462314,7614.534683755766,64227.63111111111,62507.74111111112,64227.63111111111,61149.444444444445,0.9006404224790376,3.702603110816094,4.37247362695401,-43.296100075827724,3.385,-0.008185251388725945,-0.703,11.07020435772691,1.029,0,0,0.333,57654.97,690,2015,2
Sorghum,2015-04-13,64800.927777777775,NGN,NGN/MT,WFP Nigeria Food Prices,wholesale,National,,,0.9,True,WFP VAM data — converted to NGN/MT,WFP,historical,False,,,193.28,157.08333333333334,107.49333333333334,11.4,12.5,0,1,1,1,0,0,0,0,1,0,0,0,0,0,0,0,0,0,0,0,0.8660254037844387,-0.4999999999999998,0.9350162426854148,-0.3546048870425354,0,335.27,64227.63111111111,63654.334444444445,62507.74111111112,61345.694444444445,61343.194444444445,85809.9,112483.18181818182,63940.982777777775,740.122814136428,62935.78194444445,1209.956005218188,62388.98194444445,1259.5858508850415,60484.72492229992,5809.542531986182,64800.927777777775,63081.037777777776,64800.927777777775,61149.444444444445,0.8926012944100004,3.6686442765391014,5.63670243235348,-42.39056298876556,5.714,-0.008039128069037282,-0.658,11.079090631554918,1.042,0,0,0.333,58169.59,691,2015,2
Sorghum,2015-04-20,65102.08472222222,NGN,NGN/MT,Gap-filled,wholesale,National,,,0.6,False,Weekly gap-fill,Interpolated,historical,False,,,193.28,157.08333333333334,107.49333333333334,11.4,12.5,0,1,1,1,0,0,0,0,1,0,0,0,0,0,0,0,0,0,0,0,0.8660254037844387,-0.4999999999999998,0.8854560256532099,-0.4647231720437685,0,336.83,64800.927777777775,64227.63111111111,63081.037777777776,61541.944444444445,61343.194444444445,78090.09545454544,122304.88636363635,64446.24451388889,640.5310230508127,63380.79947916667,1276.9223402308132,62702.22280092593,1431.5261675075528,59985.1860479798,4684.666624029065,65102.08472222222,63654.334444444445,65102.08472222222,61149.444444444445,0.46474171708961176,3.203889814819161,6.127640257114453,-46.77065924523981,7.437,-0.4278595773203886,-0.62,11.08372721143999,1.042,0,0,0.333,58439.93,692,2015,2
Sorghum,2015-04-27,65403.24166666667,NGN,NGN/MT,Gap-filled,wholesale,National,,,0.6,False,Weekly gap-fill,Interpolated,historical,False,,,193.28,157.08333333333334,107.49333333333334,11.4,12.5,0,1,1,1,0,0,0,0,1,0,0,0,0,0,0,0,0,0,0,0,0.8660254037844387,-0.4999999999999998,0.8229838658936565,-0.5680647467311557,0,338.39,65102.08472222222,64800.927777777775,63654.334444444445,61738.194444444445,61343.194444444445,70370.29090909091,132126.5909090909,64883.47131944445,501.62829825273604,63838.93038194445,1260.7687195804808,63040.56006944445,1555.5419518317237,59794.145692501945,4332.244459008539,65403.24166666667,64227.63111111111,65403.24166666667,61149.444444444445,0.46259185973756,2.747506886194251,6.618578081875426,-50.49956165775361,8.511,-0.002149857352051754,-0.582,11.088342392630627,1.042,0,0,0.333,58710.27,693,2015,2
Sorghum,2015-05-04,65704.39861111112,NGN,NGN/MT,Gap-filled,wholesale,National,,,0.6,False,Weekly gap-fill,Interpolated,historical,False,,,193.28,157.08333333333334,107.49333333333334,11.4,12.5,0,1,1,1,0,0,0,0,1,0,1,0,0,0,0,0,0,0,0,0,0.4999999999999999,-0.8660254037844387,0.7485107481711013,-0.663122658240795,0,339.94,65403.24166666667,65102.08472222222,64227.63111111111,61934.444444444445,61149.444444444445,62650.48636363636,141948.29545454547,65252.663194444445,388.79194345923213,64310.17465277777,1146.6161442296589,63420.13958333334,1607.0178078884035,59911.60385586636,4452.515028268605,65704.39861111112,64800.927777777775,65704.39861111112,61345.694444444445,0.46046180092924605,2.299271317426066,7.448888878794224,-53.712442688576765,8.915,-0.0021300588083139615,-0.543,11.09293637173784,1.042,0,0,0.333,58980.61,694,2015,2
Sorghum,2015-05-11,66005.55555555556,NGN,NGN/MT,WFP Nigeria Food Prices,wholesale,National,,,0.9,True,WFP VAM data — converted to NGN/MT,WFP,historical,False,,,193.28,160.53571428571428,115.10666666666664,11.4,12.5,0,1,1,1,0,0,0,0,1,0,1,0,0,0,0,0,0,0,0,0,0.4999999999999999,-0.8660254037844387,0.6631226582407952,-0.7485107481711012,0,341.5,65704.39861111112,65403.24166666667,64800.927777777775,62507.74111111112,61345.694444444445,54930.681818181816,151770.0,65553.8201388889,388.7919434593045,64747.401458333334,1021.1556179757524,63808.461342592585,1623.102983182309,60337.560538073034,4486.564380117943,66005.55555555556,65102.08472222222,66005.55555555556,61541.944444444445,0.45835126842408425,1.8589668683584692,7.596068727090799,-56.509484380605144,8.645,-0.0021105325051617996,-0.504,11.097509342675329,1.081,0,0,0.333,59250.95,695,2015,2
Sorghum,2015-05-18,68753.81944444445,NGN,NGN/MT,Gap-filled,wholesale,National,,,0.6,False,Weekly gap-fill,Interpolated,historical,False,,,193.28,160.53571428571428,115.10666666666664,11.4,12.5,0,1,1,1,0,0,0,0,1,0,1,0,0,0,0,0,0,0,0,0,0.4999999999999999,-0.8660254037844387,0.5680647467311558,-0.8229838658936564,0,355.72,66005.55555555556,65704.39861111112,65102.08472222222,63081.037777777776,61541.944444444445,54263.63636363636,151827.08333333334,66466.75381944445,1544.4110608266653,65456.49916666667,1537.6871433939996,64409.45092592593,1999.1885260327267,60894.87527195027,4600.420698146405,68753.81944444445,65403.24166666667,68753.81944444445,61738.194444444445,4.163685716690524,5.6092439094745705,11.718633632888142,-54.71570820240497,9.15,3.7053344482664397,-0.376,11.138302114081958,1.081,0,0,0.333,61717.97,696,2015,2
Sorghum,2015-05-25,71502.08333333334,NGN,NGN/MT,Gap-filled,wholesale,National,,,0.6,False,Weekly gap-fill,Interpolated,historical,False,,,193.28,160.53571428571428,115.10666666666664,11.4,12.5,0,1,1,1,0,0,0,0,1,0,1,0,0,0,0,0,0,0,0,0,0.4999999999999999,-0.8660254037844387,0.464723172043769,-0.8854560256532096,0,369.94,68753.81944444445,66005.55555555556,65403.24166666667,63654.334444444445,61738.194444444445,53596.5909090909,151884.1666666667,67991.46423611112,2712.9402481427824,66437.46777777778,2453.984141264957,65223.10833333334,2683.106495803219,61583.54805749806,4800.056865789261,71502.08333333334,65704.39861111112,71502.08333333334,61934.444444444445,3.9972526778815354,9.32498376418398,15.81498937043746,-52.92328035070586,10.405,-0.16643303880898852,-0.233,11.17749585129543,1.081,0,0,0.333,64184.99,697,2015,2
Sorghum,2015-06-01,74250.34722222222,NGN,NGN/MT,Gap-filled,wholesale,National,,,0.6,False,Weekly gap-fill,Interpolated,historical,False,,,193.28,160.53571428571428,115.10666666666664,11.4,12.5,0,1,1,0,0,0,0,1,0,0,1,0,0,0,0,0,0,0,1,0,1.2246467991473532e-16,-1.0,0.3546048870425358,-0.9350162426854148,0,384.16,71502.08333333334,68753.81944444445,65704.39861111112,64227.63111111111,61934.444444444445,52929.545454545456,151884.1666666667,70127.95138888889,3547.9934242148934,67690.30729166667,3500.104478004801,66249.43356481481,3532.0001436183506,62403.57889471639,5075.76978585166,74250.34722222222,66005.55555555556,74250.34722222222,62507.74111111112,3.843613725318784,13.006661337382553,19.885385084587636,-51.11383309283575,12.378,-0.15363895256275129,-0.067,11.21521120090737,1.081,0,0,0.333,66652.02,698,2015,2
Sorghum,2015-06-08,76998.61111111111,NGN,NGN/MT,Gap-filled,wholesale,National,,,0.6,False,Weekly gap-fill,Interpolated,historical,False,,,193.28,160.53571428571428,115.10666666666664,11.4,12.5,0,1,1,0,0,0,0,1,0,0,1,0,0,0,0,0,0,0,1,0,1.2246467991473532e-16,-1.0,0.2393156642875576,-0.970941817426052,0,398.38,74250.34722222222,71502.08333333334,66005.55555555556,64800.927777777775,62507.74111111112,52929.545454545456,151998.33333333334,72876.21527777778,3547.993424214945,69215.01770833334,4558.401829603237,67457.00606481482,4485.03627785418,63329.31218919969,5459.165113095114,76998.61111111111,68753.81944444445,76998.61111111111,63081.037777777776,3.701348197960175,16.65474286676205,23.182520664507187,-49.34246355040444,15.075,-0.1422655273586093,0.139,11.251555650318016,1.081,0,0,0.333,69119.04,699,2015,2
Sorghum,2015-06-15,79746.875,NGN,NGN/MT,WFP Nigeria Food Prices,wholesale,National,,,0.9,True,WFP VAM data — converted to NGN/MT,WFP,historical,False,,,193.28,169.33333333333334,114.73,11.4,12.5,0,1,1,0,0,0,0,1,0,0,1,0,0,0,0,0,0,0,1,0,1.2246467991473532e-16,-1.0,0.120536680255323,-0.992708874098054,0,412.6,76998.61111111111,74250.34722222222,68753.81944444445,65102.08472222222,63081.037777777776,51595.454545454544,140144.0416666667,75624.47916666667,3547.993424215006,71045.61649305555,5511.6533124914795,68845.82583333334,5477.366573223254,64412.05912975913,5818.708387174006,79746.875,71502.08333333334,79746.875,63654.334444444445,3.5692382618734086,15.98901071152612,26.419725815121687,-43.09649268594783,17.407,-0.13210993608676613,0.388,11.28662537452406,1.12,0,0,0.333,71586.06,700,2015,2
Sorghum,2015-06-22,76998.61111111111,NGN,NGN/MT,Gap-filled,wholesale,National,,,0.6,False,Weekly gap-fill,Interpolated,historical,False,,,193.28,169.33333333333334,114.73,11.4,12.5,0,1,1,0,0,0,0,1,0,0,1,0,0,0,0,0,0,1,1,0,1.2246467991473532e-16,-1.0,-3.216245299353273e-16,-1.0,0,398.38,79746.875,76998.61111111111,71502.08333333334,65403.24166666667,63654.334444444445,54080.82702020202,128289.75,76998.61111111111,2243.9480687623936,72495.03767361112,5337.782215110812,69957.84888888888,5678.461475240541,65293.512364024864,5925.943507468976,79746.875,74250.34722222222,79746.875,64227.63111111111,-3.446233960752554,7.68722745063759,20.963657515440893,-39.98069907291026,17.927,-7.015472222625963,0.32,11.251555650318016,1.12,0,0,0.333,69119.04,701,2015,2
Sorghum,2015-06-29,75321.4375,NGN,NGN/MT,Gap-filled,wholesale,National,,,0.6,False,Weekly gap-fill,Interpolated,historical,False,,,193.28,169.33333333333334,114.73,11.4,12.5,0,1,1,0,0,0,0,1,0,0,1,0,0,0,0,0,0,1,1,0,1.2246467991473532e-16,-1.0,-0.1205366802553228,-0.992708874098054,0,389.7,76998.61111111111,79746.875,74250.34722222222,65704.39861111112,64227.63111111111,56566.1994949495,116435.45833333334,77266.38368055556,1832.9445462567273,73697.16753472223,4625.368870376434,70882.33275462962,5562.625393691907,66014.86767191142,5962.497005366905,79746.875,75321.4375,79746.875,64800.927777777775,-2.178186835981888,1.4425390827764506,17.27263826638268,-35.31056726348039,17.044,1.268047124770666,0.287,11.229533344169917,1.12,0,0,0.333,67613.5,702,2015,2
Sorghum,2015-07-06,73108.71875,NGN,NGN/MT,Gap-filled,wholesale,National,,,0.6,False,Weekly gap-fill,Interpolated,historical,False,,,193.28,169.33333333333334,114.73,11.4,12.5,0,1,1,0,0,0,1,1,0,0,1,0,0,0,0,0,0,1,1,0,-0.4999999999999997,-0.8660254037844388,-0.2393156642875574,-0.970941817426052,0,378.25,75321.4375,76998.61111111111,76998.61111111111,66005.55555555556,64800.927777777775,59051.57196969697,104581.16666666669,76293.91059027778,2799.4473865106206,74585.06293402778,3477.2068331317632,71574.64866898149,5244.846008491963,66555.52716346153,5943.12836720184,79746.875,73108.71875,79746.875,65102.08472222222,-2.9377011690728816,-5.051899384909541,12.820481522598225,-30.093800748063316,14.632,-0.7595143330909937,0.181,11.199716588337,1.12,0,0,0.333,65627.22,703,2015,3
Sorghum,2015-07-13,70896.0,NGN,NGN/MT,WFP Nigeria Food Prices,wholesale,National,,,0.9,True,WFP VAM data — converted to NGN/MT,WFP,historical,False,,,193.28,161.26666666666668,109.14666666666666,11.4,12.5,0,1,1,0,0,0,1,1,0,0,1,0,0,0,0,0,0,1,1,0,-0.4999999999999997,-0.8660254037844388,-0.3546048870425356,-0.9350162426854148,0,366.8,73108.71875,75321.4375,79746.875,68753.81944444445,65102.08472222222,61536.944444444445,92726.875,74081.19184027778,2654.599497032832,74852.83550347223,3015.885063826487,72057.47494212963,4846.381326977653,66915.4908386752,5910.343413470293,76998.61111111111,70896.0,79746.875,65403.24166666667,-3.02661404526392,-11.098710764528386,8.899738468436569,-23.543201472065135,10.709,-0.08891287619103849,0.045,11.168983398507928,1.066,0,0,0.333,63640.93,704,2015,3
Sorghum,2015-07-20,70049.77777777778,NGN,NGN/MT,Gap-filled,wholesale,National,,,0.6,False,Weekly gap-fill,Interpolated,historical,False,,,193.28,161.26666666666668,109.14666666666666,11.4,12.5,0,1,1,0,0,0,1,1,0,0,1,0,0,0,0,0,0,0,1,0,-0.4999999999999997,-0.8660254037844388,-0.464723172043768,-0.8854560256532101,0,362.43,70896.0,73108.71875,76998.61111111111,71502.08333333334,65403.24166666667,61343.194444444445,92008.28125,72343.98350694444,2367.1423303794027,74671.29730902778,3278.656377886865,72444.68628472222,4434.517167165452,67250.3594284188,5828.075798607813,75321.4375,70049.77777777778,79746.875,65704.39861111112,-1.1936106722836515,-9.024621656234777,7.104443132639493,-23.865790311371804,7.574,1.8330033729802686,0.012,11.156975654883782,1.066,0,0,0.333,62881.31,705,2015,3
Sorghum,2015-07-27,69203.55555555556,NGN,NGN/MT,Gap-filled,wholesale,National,,,0.6,False,Weekly gap-fill,Interpolated,historical,False,,,193.28,161.26666666666668,109.14666666666666,11.4,12.5,0,1,1,0,0,0,1,1,0,0,1,0,0,0,0,0,0,0,1,0,-0.4999999999999997,-0.8660254037844388,-0.5680647467311556,-0.8229838658936565,0,358.05,70049.77777777778,70896.0,75321.4375,74250.34722222222,65704.39861111112,61343.194444444445,91289.6875,70814.51302083333,1678.2951669659462,74040.44835069444,3813.1792350637234,72736.28269675926,4049.326278812515,67552.6810096154,5712.112421937232,73108.71875,69203.55555555556,79746.875,66005.55555555556,-1.208029845443237,-8.122364824017648,5.325605314729587,-24.193457716069457,4.829,-0.014419173159585519,-0.023,11.14482197116663,1.066,0,0,0.333,62121.68,706,2015,3
Sorghum,2015-08-03,68357.33333333333,NGN,NGN/MT,Gap-filled,wholesale,National,,,0.6,False,Weekly gap-fill,Interpolated,historical,False,,,193.28,161.26666666666668,109.14666666666666,11.4,12.5,0,1,0,0,1,0,1,1,0,0,1,0,0,0,0,1,0,0,1,0,-0.8660254037844384,-0.5000000000000004,-0.663122658240795,-0.7485107481711013,0,353.67,69203.55555555556,70049.77777777778,73108.71875,76998.61111111111,66005.55555555556,61343.194444444445,90571.09375,69626.66666666666,1092.4681912801186,72960.28862847222,4070.7223004277675,72932.26417824074,3738.9726496143644,67822.45558226496,5571.00785732355,70896.0,68357.33333333333,79746.875,68357.33333333333,-1.2228016543787246,-6.499068097355587,3.5629997474959874,-24.526324566624403,2.66,-0.014771808935487574,-0.06,11.13251875620284,1.066,0,0,0.0,61362.06,707,2015,3
Sorghum,2015-08-10,67511.11111111111,NGN,NGN/MT,WFP Nigeria Food Prices,wholesale,National,,,0.9,True,WFP VAM data — converted to NGN/MT,WFP,historical,False,,,193.28,160.83333333333334,107.98,11.4,12.5,0,1,0,0,1,0,1,1,0,0,1,0,0,0,0,1,0,0,1,0,-0.8660254037844384,-0.5000000000000004,-0.7485107481711011,-0.6631226582407952,0,349.29,68357.33333333333,69203.55555555556,70896.0,79746.875,68753.81944444445,61149.444444444445,89852.5,68780.44444444444,1092.468191280067,71430.81814236111,3399.93700834146,72828.70515046296,3879.783121132301,68067.13506944444,5403.385983087486,70049.77777777778,67511.11111111111,79746.875,67511.11111111111,-1.2379391953395213,-4.77444268913464,-1.8074753422789747,-24.86451561046036,1.048,-0.01513754096079678,-0.1,11.120062284634397,1.06,0,0,0.0,60602.43,708,2015,3
Sorghum,2015-08-17,68304.62222222223,NGN,NGN/MT,Gap-filled,wholesale,National,,,0.6,False,Weekly gap-fill,Interpolated,historical,False,,,193.28,160.83333333333334,107.98,11.4,12.5,0,1,0,0,1,0,1,1,0,0,1,0,0,0,0,1,0,0,1,0,-0.8660254037844384,-0.5000000000000004,-0.8229838658936564,-0.5680647467311559,0,353.4,67511.11111111111,68357.33333333333,70049.77777777778,76998.61111111111,71502.08333333334,61345.694444444445,89512.0,68344.15555555557,691.440029854077,70344.06953125,2679.0617670863367,72562.25005787036,4083.6181465676787,68334.78613782051,5226.588078942223,69203.55555555556,67511.11111111111,79746.875,67511.11111111111,1.175378538512195,-2.491307768444029,-4.471843283509614,-23.692217554939866,0.014,2.4133177338517164,0.008,11.13174735874825,1.06,0,0,0.0,61314.74,709,2015,3
Sorghum,2015-08-24,68304.62222222223,NGN,NGN/MT,Gap-filled,wholesale,National,,,0.6,False,Weekly gap-fill,Interpolated,historical,False,,,193.28,160.83333333333334,107.98,11.4,12.5,0,1,0,0,1,0,1,1,0,0,1,0,0,0,0,1,0,0,1,0,-0.8660254037844384,-0.5000000000000004,-0.8854560256532096,-0.4647231720437691,0,353.4,68304.62222222223,67511.11111111111,69203.55555555556,75321.4375,74250.34722222222,61541.944444444445,89171.5,68119.42222222223,406.301277647398,69466.96762152779,1831.170391256557,72066.77297453705,4218.649731264018,68594.8891292735,5039.959494058788,68357.33333333333,67511.11111111111,79746.875,67511.11111111111,0.0,-1.298969866673516,-8.007672990679982,-23.400837462393,-0.693,-1.175378538512195,0.047,11.13174735874825,1.06,0,0,0.0,61314.74,710,2015,3
Sorghum,2015-08-31,68701.37777777777,NGN,NGN/MT,Gap-filled,wholesale,National,,,0.6,False,Weekly gap-fill,Interpolated,historical,False,,,193.28,160.83333333333334,107.98,11.4,12.5,0,1,0,0,1,0,1,1,0,0,1,0,0,0,0,1,0,0,1,0,-0.8660254037844384,-0.5000000000000004,-0.9350162426854148,-0.3546048870425359,0,355.45,68304.62222222223,68304.62222222223,68357.33333333333,73108.71875,76998.61111111111,61738.194444444445,88831.0,68205.43333333333,499.2397926071627,68916.05,1093.355891225956,71375.33686342592,4011.72046273113,68862.70387286325,4842.156656764217,68701.37777777777,67511.11111111111,79746.875,67511.11111111111,0.5808619426438622,0.5033029049959614,-10.77582207471275,-22.6605827044863,-0.954,0.5808619426438622,0.129,11.137539088641738,1.06,0,0,0.0,61670.9,711,2015,3
Sorghum,2015-09-07,68701.37777777777,NGN,NGN/MT,Gap-filled,wholesale,National,,,0.6,False,Weekly gap-fill,Interpolated,historical,False,,,193.28,160.83333333333334,107.98,11.4,12.5,0,1,0,0,1,1,0,0,0,0,0,0,0,0,0,1,0,0,0,0,-1.0,-1.8369701987210287e-16,-0.970941817426052,-0.2393156642875577,0,355.45,68701.37777777777,68304.62222222223,67511.11111111111,70896.0,79746.875,61934.444444444445,88490.5,68503.0,229.06692677518507,68641.72222222222,745.6374125883165,70454.87876157407,3073.839778081497,69122.97053952991,4632.17472656382,68701.37777777777,68304.62222222223,76998.61111111111,67511.11111111111,0.0,1.7630678077682704,-13.85069599557629,-22.36299062862367,-0.897,-0.5808619426438622,0.175,11.137539088641738,1.06,0,0,0.0,61670.9,712,2015,3
Sorghum,2015-09-14,69494.88888888889,NGN,NGN/MT,WFP Nigeria Food Prices,wholesale,National,,,0.9,True,WFP VAM data — converted to NGN/MT,WFP,historical,False,,,193.28,155.40615384615384,92.80285714285716,11.4,12.5,0,1,0,0,1,1,0,0,0,0,0,0,0,0,0,1,0,0,0,0,-1.0,-1.8369701987210287e-16,-0.992708874098054,-0.1205366802553235,0,359.56,68701.37777777777,68701.37777777777,68304.62222222223,70049.77777777778,76998.61111111111,62507.74111111112,88150.0,68800.56666666667,499.2397926072321,68572.36111111111,609.2866157662913,69829.56857638889,2283.187452094082,69391.70699252137,4431.367414210044,69494.88888888889,68304.62222222223,75321.4375,67511.11111111111,1.1550148436292096,1.7425858279316087,-9.745269575569537,-21.162916745446523,-0.852,1.1550148436292096,0.313,11.149022877125438,0.989,0,0,0.0,62383.2,713,2015,3
Sorghum,2015-09-21,68074.84313725491,NGN,NGN/MT,Gap-filled,wholesale,National,,,0.6,False,Weekly gap-fill,Interpolated,historical,False,,,193.28,155.40615384615384,92.80285714285716,11.4,12.5,0,1,0,0,1,1,0,0,0,0,0,0,0,0,0,1,0,0,0,0,-1.0,-1.8369701987210287e-16,-1.0,-1.8369701987210287e-16,0,352.21,69494.88888888889,68701.37777777777,68304.62222222223,69203.55555555556,75321.4375,63081.037777777776,87564.975,68743.12189542485,581.7316832131355,68431.27205882352,571.7741816078085,69225.6857128268,1534.0006309458934,69583.77642942434,4251.474361136693,69494.88888888889,68074.84313725491,73108.71875,67511.11111111111,-2.043381569980496,-0.3364034196979504,-9.620892276179793,-22.25790832778185,-1.208,-3.1983964136097054,0.208,11.128377702882153,0.989,0,0,0.0,61108.48,714,2015,3
Sorghum,2015-09-28,66654.79738562091,NGN,NGN/MT,Gap-filled,wholesale,National,,,0.6,False,Weekly gap-fill,Interpolated,historical,False,,,193.28,155.40615384615384,92.80285714285716,11.4,12.5,0,1,0,0,1,1,0,0,0,0,0,0,0,0,0,1,0,0,0,0,-1.0,-1.8369701987210287e-16,-0.992708874098054,0.1205366802553232,0,344.86,68074.84313725491,69494.88888888889,68701.37777777777,68357.33333333333,73108.71875,63654.334444444445,86979.95,68231.47679738562,1201.036929110455,68218.45506535948,851.5990631931246,68687.85893246188,1125.9406882576802,69699.17885023881,4122.864205301407,69494.88888888889,66654.79738562091,70896.0,66654.79738562091,-2.086006645319549,-2.97895101722232,-8.827840885091543,-23.367629682908632,-2.106,-0.04262507533905335,0.092,11.10729730435404,0.989,0,0,0.0,59833.75,715,2015,3
Sorghum,2015-10-05,65234.75163398693,NGN,NGN/MT,Gap-filled,wholesale,National,,,0.6,False,Weekly gap-fill,Interpolated,historical,False,,,193.28,155.40615384615384,92.80285714285716,11.4,12.5,0,1,0,0,0,1,0,0,0,1,0,1,0,1,1,1,1,0,0,0,-0.8660254037844386,0.5000000000000001,-0.970941817426052,0.2393156642875573,0,337.51,66654.79738562091,68074.84313725491,68701.37777777777,67511.11111111111,70896.0,64227.63111111111,86394.92499999999,67364.82026143791,1833.271182306897,67933.91013071896,1353.881767846819,68216.08823529411,1290.6100995749014,69737.91425496481,4073.840919184188,69494.88888888889,65234.75163398693,70049.77777777778,65234.75163398693,-2.1304479307296176,-5.045933947648074,-7.9852860048706065,-24.492380039699157,-3.403,-0.04444128541006842,-0.038,11.085762935577012,0.989,0,0,0.333,58559.02,716,2015,4
Sorghum,2015-10-12,63814.705882352944,NGN,NGN/MT,WFP Nigeria Food Prices,wholesale,National,,,0.9,True,WFP VAM data — converted to NGN/MT,WFP,historical,False,,,193.28,146.6375,91.6375,11.4,12.5,0,1,0,0,0,1,0,0,0,1,0,1,0,1,1,1,1,0,0,0,-0.8660254037844386,0.5000000000000001,-0.9350162426854148,0.3546048870425355,0,330.17,65234.75163398693,66654.79738562091,69494.88888888889,68304.62222222223,70049.77777777778,64800.927777777775,85809.9,65944.77450980393,1833.2711823068485,67372.6705882353,1969.099449050203,67696.4989106754,1681.2465938821688,69699.98264360231,4125.906682581578,68074.84313725491,63814.705882352944,69494.88888888889,63814.705882352944,-2.176824033302749,-8.173526279922028,-8.900916024608463,-25.63246678722042,-5.388,-0.046376102573131295,-0.187,11.063754612741699,0.946,0,0,0.333,57284.3,717,2015,4
Sorghum,2015-10-19,61485.19607843137,NGN,NGN/MT,Gap-filled,wholesale,National,,,0.6,False,Weekly gap-fill,Interpolated,historical,False,,,193.28,146.6375,91.6375,11.4,12.5,0,1,0,0,0,1,0,0,0,1,0,1,0,1,1,1,1,0,0,0,-0.8660254037844386,0.5000000000000001,-0.8854560256532101,0.464723172043768,0,318.11,63814.705882352944,65234.75163398693,68074.84313725491,68304.62222222223,69203.55555555556,65102.08472222222,78090.09545454544,64297.36274509804,2204.3468436687003,66520.24232026144,2806.172256216711,67053.3022875817,2382.457318043637,69560.87154191805,4342.425831197373,66654.79738562091,61485.19607843137,69494.88888888889,61485.19607843137,-3.650427862530925,-9.680003295104566,-11.153125609171932,-21.26377139054648,-7.567,-1.4736038292281761,-0.499,11.026567974591792,0.946,0,0,0.333,55193.17,718,2015,4
Sorghum,2015-10-26,59155.68627450981,NGN,NGN/MT,Gap-filled,wholesale,National,,,0.6,False,Weekly gap-fill,Interpolated,historical,False,,,193.28,146.6375,91.6375,11.4,12.5,0,1,0,0,0,1,0,0,0,1,0,1,0,1,1,1,1,0,0,0,-0.8660254037844386,0.5000000000000001,-0.822983865893657,0.5680647467311548,0,306.06,61485.19607843137,63814.705882352944,66654.79738562091,68701.37777777777,68357.33333333333,65403.24166666667,70370.29090909091,62422.58496732026,2670.680749749121,65327.03088235294,3649.1001768236556,66286.49836601307,3248.119935472344,69320.58094991202,4736.654169229518,65234.75163398693,59155.68627450981,69494.88888888889,59155.68627450981,-3.7887328210680193,-11.250669727080808,-13.461097164152369,-15.936561423440587,-9.951,-0.13830495853709435,-0.821,10.987944902316633,0.946,0,0,0.333,53102.05,719,2015,4
Sorghum,2015-11-02,56826.17647058823,NGN,NGN/MT,Gap-filled,wholesale,National,,,0.6,False,Weekly gap-fill,Interpolated,historical,False,,,193.28,146.6375,91.6375,11.4,12.5,1,0,0,0,0,1,0,0,0,1,0,1,1,1,1,0,1,0,0,0,-0.5000000000000004,0.8660254037844384,-0.7485107481711011,0.6631226582407952,1,294.01,59155.68627450981,61485.19607843137,65234.75163398693,68701.37777777777,67511.11111111111,65704.39861111112,62650.48636363636,60320.44117647059,3007.3842251361175,63842.63071895425,4415.270299152301,65396.087145969504,4205.376889039911,68979.11086758421,5294.899580963623,63814.705882352944,56826.17647058823,69494.88888888889,56826.17647058823,-3.9379304858565556,-12.88971744780566,-15.826927545211634,-9.296511856656043,-12.553,-0.14919766478853624,-1.143,10.947769949273466,0.946,0,0,0.667,51010.93,720,2015,4
Sorghum,2015-11-09,54496.66666666666,NGN,NGN/MT,WFP Nigeria Food Prices,wholesale,National,,,0.9,True,WFP VAM data — converted to NGN/MT,WFP,historical,False,,,193.28,150.296875,106.303125,11.4,12.5,1,0,0,0,0,1,0,0,0,1,0,1,1,1,1,0,1,0,0,0,-0.5000000000000004,0.8660254037844384,-0.6631226582407955,0.7485107481711007,1,281.96,56826.17647058823,59155.68627450981,63814.705882352944,69494.88888888889,68304.62222222223,66005.55555555556,54930.681818181816,57990.93137254902,3007.3842251360643,61967.85294117647,4836.512477582845,64245.42418300654,5125.574291640729,68536.46129493465,5989.002566046762,61485.19607843137,54496.66666666666,69494.88888888889,54496.66666666666,-4.09936045077266,-14.60171145012369,-20.215257923003772,-0.7901142624657909,-15.387,-0.1614299649161044,-1.489,10.905913166279156,1.008,0,0,0.667,48919.81,721,2015,4
Sorghum,2015-11-16,56826.17647058823,NGN,NGN/MT,Gap-filled,wholesale,National,,,0.6,False,Weekly gap-fill,Interpolated,historical,False,,,193.28,150.296875,106.303125,11.4,12.5,1,0,0,0,0,1,0,0,0,1,0,1,1,1,1,0,1,0,0,0,-0.5000000000000004,0.8660254037844384,-0.5680647467311559,0.8229838658936564,1,294.01,54496.66666666666,56826.17647058823,61485.19607843137,68074.84313725491,68304.62222222223,68753.81944444445,54263.63636363636,56826.17647058823,1902.036790135871,60561.76960784314,4425.057151716223,63288.887037037035,5364.658916274724,68077.70579594017,6413.471595635915,59155.68627450981,54496.66666666666,69494.88888888889,54496.66666666666,4.274591358348956,-7.577465642136083,-16.80478623289947,4.722389206981159,-16.527,8.373951809121616,-1.159,10.947769949273466,1.008,0,0,0.667,51010.93,722,2015,4
Sorghum,2015-11-23,59135.33333333333,NGN,NGN/MT,Gap-filled,wholesale,National,,,0.6,False,Weekly gap-fill,Interpolated,historical,False,,,193.28,150.296875,106.303125,11.4,12.5,1,0,0,0,0,1,0,0,0,1,0,1,1,1,1,0,1,0,0,0,-0.5000000000000004,0.8660254037844384,-0.4647231720437684,0.88545602565321,1,305.96,56826.17647058823,54496.66666666666,59155.68627450981,66654.79738562091,68701.37777777777,71502.08333333334,53596.5909090909,56821.08823529411,1893.7368510200056,59621.836601307186,3682.1937572583347,62491.71666666667,5195.333599629312,67602.06156517094,6605.067564079046,59135.33333333333,54496.66666666666,69494.88888888889,54496.66666666666,4.063544313843215,-0.034405722354458046,-13.924094034019053,10.33413194812538,-15.948,-0.21104704450574108,-0.843,10.987600791709857,1.008,0,0,0.667,53083.78,723,2015,4
Sorghum,2015-11-30,61454.66666666666,NGN,NGN/MT,Gap-filled,wholesale,National,,,0.6,False,Weekly gap-fill,Interpolated,historical,False,,,193.28,150.296875,106.303125,11.4,12.5,1,0,0,0,0,1,0,0,0,1,0,1,1,1,1,0,1,0,0,0,-0.5000000000000004,0.8660254037844384,-0.3546048870425359,0.9350162426854148,1,317.96,59135.33333333333,56826.17647058823,56826.17647058823,65234.75163398693,68701.37777777777,74250.34722222222,52929.545454545456,57978.21078431372,2992.9367182572787,59149.325980392154,3046.7354109728108,61887.82407407407,4815.181954013242,67109.92000534189,6566.479768716062,61454.66666666666,54496.66666666666,69494.88888888889,54496.66666666666,3.922077043617467,8.144996696151141,-10.548130686041556,16.106545293199925,-13.607,-0.141467270225748,-0.526,11.026071326636236,1.008,0,0,0.667,55165.77,724,2015,4
Sorghum,2015-12-07,63773.99999999999,NGN,NGN/MT,Gap-filled,wholesale,National,,,0.6,False,Weekly gap-fill,Interpolated,historical,False,,,193.28,150.296875,106.303125,11.4,12.5,1,0,0,0,0,0,0,0,0,1,0,1,1,1,1,0,0,0,0,1,-2.4492935982947064e-16,1.0,-0.2393156642875578,0.970941817426052,1,329.96,61454.66666666666,59135.33333333333,54496.66666666666,63814.705882352944,69494.88888888889,76998.61111111111,52929.545454545456,60297.54411764705,2990.306859592451,59144.237745098035,3037.851912318459,61411.083333333336,4242.732754347716,66601.28111645298,6275.609971370432,63773.99999999999,56826.17647058823,68074.84313725491,54496.66666666666,3.7740556724740193,17.023671172548795,-8.232100202412983,20.48847095195154,-9.465,-0.1480213711434475,-0.197,11.063116543010013,1.008,0,0,0.667,57247.76,725,2015,4
Sorghum,2015-12-14,66093.33333333333,NGN,NGN/MT,WFP Nigeria Food Prices,wholesale,National,,,0.9,True,WFP VAM data — converted to NGN/MT,WFP,historical,False,,,193.28,152.15,126.3175,11.4,12.5,1,0,0,0,0,0,0,0,0,1,0,1,1,1,1,0,0,0,0,1,-2.4492935982947064e-16,1.0,-0.1205366802553236,0.992708874098054,1,341.96,63773.99999999999,61454.66666666666,56826.17647058823,61485.19607843137,68074.84313725491,79746.875,51595.454545454544,62614.33333333333,2994.2464580990318,59720.25490196078,3868.467528700371,61245.95751633987,3990.8892308931668,66076.14489850427,5674.022967827594,66093.33333333333,59135.33333333333,66654.79738562091,54496.66666666666,3.6368007861092844,16.307901460767017,-2.9107812998208304,28.09913957654244,-5.239,-0.13725488636473493,0.148,11.098838293470966,1.078,0,0,0.667,59329.74,726,2015,4
Sorghum,2015-12-21,66589.2125,NGN,NGN/MT,Gap-filled,wholesale,National,,,0.6,False,Weekly gap-fill,Interpolated,historical,False,,,193.28,152.15,126.3175,11.4,12.5,1,0,0,0,0,0,0,0,0,1,0,1,1,1,1,0,0,0,0,1,-2.4492935982947064e-16,1.0,6.432490598706546e-16,1.0,1,344.52,66093.33333333333,63773.99999999999,59135.33333333333,59155.68627450981,66654.79738562091,76998.61111111111,54080.82702020202,64477.803125,2359.5677773199964,60649.44568014705,4546.772228337849,61240.49210920479,3982.845397070613,65675.78341346154,5221.719501841085,66589.2125,61454.66666666666,66589.2125,54496.66666666666,0.7502710812991698,12.60478084168517,-0.09839484657269137,23.12905731845676,-1.824,-2.8865297048101146,0.2,11.106312886269421,1.078,0,0,0.667,59774.88,727,2015,4
Sorghum,2015-12-28,67085.09166666667,NGN,NGN/MT,Gap-filled,wholesale,National,,,0.6,False,Weekly gap-fill,Interpolated,historical,False,,,193.28,152.15,126.3175,11.4,12.5,1,0,0,0,0,0,0,0,0,1,0,1,1,1,1,0,0,0,0,1,-2.4492935982947064e-16,1.0,0.1205366802553231,0.992708874098054,1,347.09,66589.2125,66093.33333333333,61454.66666666666,56826.17647058823,65234.75163398693,75321.4375,56566.1994949495,65885.409375,1464.67952819572,61931.81007965686,4756.295798573462,61394.687111928106,4182.360726106139,65359.000881410255,4849.730880802122,67085.09166666667,63773.99999999999,67085.09166666667,54496.66666666666,0.7446839331020527,9.161916100757228,2.8364330151227746,18.59572017500726,0.805,-0.005587148197117031,0.259,11.1137320237798,1.078,0,0,0.667,60220.01,728,2015,4
Sorghum,2016-01-04,67580.97083333334,NGN,NGN/MT,Gap-filled,wholesale,National,,,0.6,False,Weekly gap-fill,Interpolated,historical,False,,,199.0,152.15,126.3175,11.4,12.5,1,0,0,0,0,0,0,0,0,1,0,0,1,0,0,0,0,0,0,1,0.4999999999999999,0.8660254037844387,0.120536680255323,0.992708874098054,1,339.6,67085.09166666667,66589.2125,63773.99999999999,54496.66666666666,63814.705882352944,73108.71875,59051.57196969697,66837.15208333333,640.1772514005172,63567.3481004902,4028.261425285576,61708.5425245098,4509.032414533585,65146.3951923077,4611.728670139388,67580.97083333334,66093.33333333333,67580.97083333334,54496.66666666666,0.7391793830000326,5.969471623754741,5.901876219446622,14.443982741074768,2.595,-0.0055045501020201115,0.326,11.121096522810397,1.078,0,0,0.333,60665.14,729,2016,1
Sorghum,2016-01-11,68076.85,NGN,NGN/MT,WFP Nigeria Food Prices,wholesale,National,,,0.9,True,WFP VAM data — converted to NGN/MT,WFP,historical,False,,,199.0,146.55625,122.736875,11.4,12.5,1,0,0,0,0,0,0,0,0,1,0,0,1,0,0,0,0,0,0,1,0.4999999999999999,0.8660254037844387,0.2393156642875577,0.970941817426052,1,342.09,67580.97083333334,67085.09166666667,66093.33333333333,56826.17647058823,61485.19607843137,70896.0,61536.944444444445,67333.03125,640.1772514005557,64973.682291666664,3221.761637738321,62257.84701797386,4866.674595631303,65037.966346153844,4502.998849337146,68076.85,66589.2125,68076.85,54496.66666666666,0.733755612788678,3.001084325196701,10.720717086370236,10.62760852784914,3.529,-0.00542377021135465,0.397,11.128407182255044,1.041,0,0,0.333,61110.28,730,2016,1
Sorghum,2016-01-18,69242.03555555556,NGN,NGN/MT,Gap-filled,wholesale,National,,,0.6,False,Weekly gap-fill,Interpolated,historical,False,,,199.0,146.55625,122.736875,11.4,12.5,1,0,0,0,0,0,0,0,0,1,0,0,1,0,0,0,0,0,0,1,0.4999999999999999,0.8660254037844387,0.3546048870425356,0.9350162426854148,1,347.95,68076.85,67580.97083333334,66589.2125,59135.33333333333,59155.68627450981,70049.77777777778,61343.194444444445,67996.2370138889,923.9668652768808,66237.02006944445,2507.775868682087,63098.37612472766,5145.230411979911,65006.89933760685,4469.701627111378,69242.03555555556,67085.09166666667,69242.03555555556,54496.66666666666,1.7115738397936342,3.9838630852641055,17.0505152019375,12.876475023263922,4.598,0.9778182270049562,0.591,11.145377849397258,1.041,0,0,0.333,62156.23,731,2016,1
Sorghum,2016-01-25,70407.22111111111,NGN,NGN/MT,Gap-filled,wholesale,National,,,0.6,False,Weekly gap-fill,Interpolated,historical,False,,,199.0,146.55625,122.736875,11.4,12.5,1,0,0,0,0,0,0,0,0,1,0,0,1,0,0,0,0,0,0,1,0.4999999999999999,0.8660254037844387,0.4647231720437685,0.8854560256532099,1,353.81,69242.03555555556,68076.85,67085.09166666667,61454.66666666666,56826.17647058823,69203.55555555556,61343.194444444445,68826.769375,1262.8891171003474,67356.089375,2018.6177175261153,64230.12984477124,5133.806709677302,65053.19416666667,4520.847903832423,70407.22111111111,67580.97083333334,70407.22111111111,54496.66666666666,1.6827719552246156,4.952112849381618,23.899275798631425,14.77592868900155,5.801,-0.028801884569018554,0.781,11.162065312474677,1.041,0,0,0.333,63202.17,732,2016,1
Sorghum,2016-02-01,71572.40666666668,NGN,NGN/MT,Gap-filled,wholesale,National,,,0.6,False,Weekly gap-fill,Interpolated,historical,False,,,199.0,146.55625,122.736875,11.4,12.5,1,0,0,0,0,0,0,0,1,1,0,0,1,0,0,0,0,0,0,0,0.8660254037844386,0.5000000000000001,0.5680647467311558,0.8229838658936564,1,359.66,70407.22111111111,69242.03555555556,67580.97083333334,63773.99999999999,54496.66666666666,68357.33333333333,61343.194444444445,69824.62833333334,1504.2480839652449,68330.89020833334,1922.342184596376,65653.10817810458,4520.518877094086,65176.85083333333,4656.766581977757,71572.40666666668,68076.85,71572.40666666668,56826.17647058823,1.654923368892458,5.906153439519124,31.333549452565947,16.675382354739178,7.131,-0.027848586332157588,0.965,11.178478868686984,1.041,0,0,0.333,64248.12,733,2016,1
Sorghum,2016-02-08,72737.59222222223,NGN,NGN/MT,Gap-filled,wholesale,National,,,0.6,False,Weekly gap-fill,Interpolated,historical,False,,,199.0,146.55625,122.736875,11.4,12.5,1,0,0,0,0,0,0,0,1,1,0,0,1,0,0,0,0,0,0,0,0.8660254037844386,0.5000000000000001,0.6631226582407952,0.7485107481711011,1,365.52,71572.40666666668,70407.22111111111,68076.85,66093.33333333333,56826.17647058823,67511.11111111111,61149.444444444445,70989.8138888889,1504.2480839652835,69161.42256944445,2228.448729186171,66979.05949074074,3999.58439091127,65377.86933760684,4869.50631939338,72737.59222222223,69242.03555555556,72737.59222222223,59135.33333333333,1.627981522239641,6.846295359174559,28.00015193679155,18.950536481661516,8.584,-0.02694184665281707,1.141,11.194627364796126,1.041,0,0,0.333,65294.07,734,2016,1
Sorghum,2016-02-15,73902.77777777778,NGN,NGN/MT,WFP Nigeria Food Prices,wholesale,National,,,0.9,True,WFP VAM data — converted to NGN/MT,WFP,historical,False,,,199.0,137.4375,102.07,11.4,12.5,1,0,0,0,0,0,0,0,1,1,0,0,1,0,0,0,0,0,0,0,0.8660254037844386,0.5000000000000001,0.7485107481711011,0.6631226582407953,1,371.37,72737.59222222223,71572.40666666668,69242.03555555556,66589.2125,59135.33333333333,68304.62222222223,61345.694444444445,72154.99944444445,1504.2480839653126,70075.61822916666,2505.4238622430275,68209.67986111112,3620.699897614544,65593.18301282052,5121.347935393241,73902.77777777778,70407.22111111111,73902.77777777778,61454.66666666666,1.6019028400002133,6.731087820898529,24.97228579266393,20.469380038896155,10.004,-0.026078682239427664,1.307,11.210519225762015,0.936,0,0,0.333,66340.02,735,2016,1
Sorghum,2016-02-22,75157.63888888889,NGN,NGN/MT,Gap-filled,wholesale,National,,,0.6,False,Weekly gap-fill,Interpolated,historical,False,,,199.0,137.4375,102.07,11.4,12.5,1,0,0,0,0,0,0,0,1,1,0,0,1,0,0,0,0,0,0,0,0.8660254037844386,0.5000000000000001,0.8229838658936564,0.5680647467311559,1,377.68,73902.77777777778,72737.59222222223,70407.22111111111,67085.09166666667,61454.66666666666,68304.62222222223,61541.944444444445,73342.6038888889,1539.2405226114624,71084.68663194444,2743.2507733767607,69351.59421296297,3453.5943856355634,65856.76057692307,5433.3257920472415,75157.63888888889,71572.40666666668,75157.63888888889,63773.99999999999,1.6979890997932623,6.747060461711807,22.297691884894387,22.12425130105484,11.367,0.09608625979304897,1.477,11.227356343848905,0.936,0,0,0.333,67466.46,736,2016,1
Sorghum,2016-02-29,76412.5,NGN,NGN/MT,Gap-filled,wholesale,National,,,0.6,False,Weekly gap-fill,Interpolated,historical,False,,,199.0,137.4375,102.07,11.4,12.5,1,0,0,0,0,0,0,0,1,1,0,0,1,0,0,0,0,0,0,0,0.8660254037844386,0.5000000000000001,0.8854560256532099,0.4647231720437686,1,383.98,75157.63888888889,73902.77777777778,71572.40666666668,67580.97083333334,63773.99999999999,68701.37777777777,61738.194444444445,74552.62722222222,1585.5411503075106,72188.62777777779,2904.136362872486,70404.80254629631,3524.412469328433,66153.3422008547,5793.342868018952,76412.5,72737.59222222223,76412.5,66093.33333333333,1.6696388147135144,6.762513039242957,19.817637281650846,23.768601734474657,12.697,-0.028350285079747906,1.631,11.243914661115408,0.936,0,0,0.333,68592.91,737,2016,1
Sorghum,2016-03-07,77667.36111111111,NGN,NGN/MT,Gap-filled,wholesale,National,,,0.6,False,Weekly gap-fill,Interpolated,historical,False,,,199.0,137.4375,102.07,11.4,12.5,1,0,0,1,0,0,0,0,1,1,0,0,0,0,0,0,0,0,0,0,1.0,6.123233995736766e-17,0.9350162426854148,0.3546048870425355,0,390.29,76412.5,75157.63888888889,72737.59222222223,68076.85,66093.33333333333,68701.37777777777,61934.444444444445,75785.06944444444,1620.0187283752248,73387.44166666667,2943.5309365627368,71369.30486111112,3809.427651393073,66498.18771367522,6203.4145652361885,77667.36111111111,73902.77777777778,77667.36111111111,66589.2125,1.642219677554202,6.777470546217468,17.51164178602651,25.402531350352508,13.966,-0.027419137159312434,1.766,11.260203260523003,0.936,0,0,0.333,69719.35,738,2016,1
Sorghum,2016-03-14,78922.22222222222,NGN,NGN/MT,WFP Nigeria Food Prices,wholesale,National,,,0.9,True,WFP VAM data — converted to NGN/MT,WFP,historical,False,,,199.0,135.085,114.64888888888888,11.4,12.5,1,0,0,1,0,0,0,0,1,1,0,0,0,0,0,0,0,0,0,0,1.0,6.123233995736766e-17,0.970941817426052,0.239315664287558,0,396.59,77667.36111111111,76412.5,73902.77777777778,69242.03555555556,66589.2125,69494.88888888889,62507.74111111112,77039.93055555556,1620.0187283752607,74597.465,2985.3636499222885,72397.0556712963,4058.1136044424466,66860.77745726497,6645.350157409592,78922.22222222222,75157.63888888889,78922.22222222222,67085.09166666667,1.6156865550200683,6.791956399173071,18.521032550463378,26.259917282778478,15.224,-0.026533122534133646,1.882,11.27623078827193,0.965,0,0,0.333,70845.8,739,2016,1
Sorghum,2016-03-21,80369.79166666666,NGN,NGN/MT,Gap-filled,wholesale,National,,,0.6,False,Weekly gap-fill,Interpolated,historical,False,,,199.0,135.085,114.64888888888888,11.4,12.5,1,0,0,1,0,0,0,0,1,1,0,0,0,0,0,0,0,0,0,0,1.0,6.123233995736766e-17,0.992708874098054,0.120536680255323,0,403.87,78922.22222222222,77667.36111111111,75157.63888888889,70407.22111111111,67085.09166666667,68074.84313725491,63081.037777777776,78342.96875,1695.7496864241978,75842.78631944444,3064.585328392199,73504.11400462962,4283.0720295848705,67333.66009301155,7153.243766661762,80369.79166666666,76412.5,80369.79166666666,67580.97083333334,1.8341721807686895,6.934960776885601,19.802760449384472,27.40721221136817,16.35,0.21848562574862118,2.007,11.294406101434058,0.965,0,0,0.333,72145.23,740,2016,1
Sorghum,2016-03-28,81817.36111111111,NGN,NGN/MT,Gap-filled,wholesale,National,,,0.6,False,Weekly gap-fill,Interpolated,historical,False,,,199.0,135.085,114.64888888888888,11.4,12.5,1,0,0,1,0,0,0,0,1,1,0,0,0,0,0,0,0,0,0,0,1.0,6.123233995736766e-17,1.0,-1.6081226496766364e-16,0,411.14,80369.79166666666,78922.22222222222,76412.5,71572.40666666668,67580.97083333334,66654.79738562091,63654.334444444445,79694.18402777778,1795.2031244071839,77123.405625,3164.1134565454217,74690.4798611111,4461.23353505598,67916.83562091504,7693.365230205508,81817.36111111111,77667.36111111111,81817.36111111111,68076.85,1.8011362409003695,7.073268262537025,21.065678847507584,28.53384113617401,17.341,-0.033035939868319986,2.106,11.312256960863701,0.965,0,0,0.333,73444.67,741,2016,1
Sorghum,2016-04-04,83264.93055555556,NGN,NGN/MT,Gap-filled,wholesale,National,,,0.6,False,Weekly gap-fill,Interpolated,historical,False,,,199.0,135.085,114.64888888888888,11.4,12.5,0,1,1,1,0,0,0,0,1,0,0,0,0,0,0,0,0,0,0,0,0.8660254037844387,-0.4999999999999998,0.992708874098054,-0.1205366802553228,0,418.42,81817.36111111111,80369.79166666666,77667.36111111111,72737.59222222223,68076.85,65234.75163398693,64227.63111111111,81093.57638888888,1868.804116934289,78439.32291666667,3266.959278285548,75956.15324074075,4567.53968706683,68610.30404097537,8235.444852715727,83264.93055555556,78922.22222222222,83264.93055555556,69242.03555555556,1.7692692905098673,7.207106517287953,22.310198776170687,29.6403574522478,18.194,-0.03186695039050225,2.182,11.32979474756077,0.965,0,0,0.333,74744.1,742,2016,2
Sorghum,2016-04-11,84712.5,NGN,NGN/MT,WFP Nigeria Food Prices,wholesale,National,,,0.9,True,WFP VAM data — converted to NGN/MT,WFP,historical,False,,,199.0,134.45714285714286,134.37,11.4,12.5,0,1,1,1,0,0,0,0,1,0,0,0,0,0,0,0,0,0,0,0,0.8660254037844387,-0.4999999999999998,0.970941817426052,-0.2393156642875575,0,425.69,83264.93055555556,81817.36111111111,78922.22222222222,73902.77777777778,69242.03555555556,63814.705882352944,64800.927777777775,82541.14583333334,1868.8041169343114,79790.53819444445,3356.814127121799,77245.3586111111,4682.037563013992,69414.06535319256,8752.2566521657,84712.5,80369.79166666666,84712.5,70407.22111111111,1.7385103605876306,7.336688723074758,22.342590480362023,30.72729497099964,18.911,-0.03075892992223661,2.237,11.347030254008013,1.023,0,0,0.333,76043.54,743,2016,2
Sorghum,2016-04-18,87547.53289473684,NGN,NGN/MT,Gap-filled,wholesale,National,,,0.6,False,Weekly gap-fill,Interpolated,historical,False,,,199.0,134.45714285714286,134.37,11.4,12.5,0,1,1,1,0,0,0,0,1,0,0,0,0,0,0,0,0,0,0,0,0.8660254037844387,-0.4999999999999998,0.9350162426854148,-0.3546048870425354,0,439.94,84712.5,83264.93055555556,80369.79166666666,75157.63888888889,70407.22111111111,61485.19607843137,65102.08472222222,84335.58114035087,2445.8418243769893,81339.27494517545,3749.208187046918,78673.71792641326,5009.340182047103,70416.46292305047,9284.138660422943,87547.53289473684,81817.36111111111,87547.53289473684,71572.40666666668,3.346652376847392,8.930894405997503,24.344536701109455,34.477310931416284,19.767,1.6081420162597615,2.442,11.379948580231922,1.023,0,0,0.333,78588.45,744,2016,2
Sorghum,2016-04-25,90382.56578947368,NGN,NGN/MT,Gap-filled,wholesale,National,,,0.6,False,Weekly gap-fill,Interpolated,historical,False,,,199.0,134.45714285714286,134.37,11.4,12.5,0,1,1,1,0,0,0,0,1,0,0,0,0,0,0,0,0,0,0,0,0.8660254037844387,-0.4999999999999998,0.8854560256532099,-0.4647231720437685,0,454.18,87547.53289473684,84712.5,81817.36111111111,76412.5,71572.40666666668,59155.68627450981,65403.24166666667,86476.88230994152,3153.322857194571,83085.53316885965,4334.390546590576,80241.23118664717,5503.814400235011,71617.49675054908,9775.922260264973,90382.56578947368,83264.93055555556,90382.56578947368,72737.59222222223,3.238278453997734,10.468688505769208,26.281300292738983,38.192792109779994,20.748,-0.1083739228496583,2.588,11.411817735489441,1.023,0,0,0.333,81133.36,745,2016,2
Sorghum,2016-05-02,93217.59868421052,NGN,NGN/MT,Gap-filled,wholesale,National,,,0.6,False,Weekly gap-fill,Interpolated,historical,False,,,199.0,134.45714285714286,134.37,11.4,12.5,0,1,1,1,0,0,0,0,1,0,1,0,0,0,0,0,0,0,0,0,0.4999999999999999,-0.8660254037844387,0.8229838658936565,-0.5680647467311557,0,468.43,90382.56578947368,87547.53289473684,83264.93055555556,77667.36111111111,72737.59222222223,56826.17647058823,65704.39861111112,88965.04934210525,3660.0117290871713,85029.31286549708,4994.061000830727,81947.89839181287,6107.675222118702,73017.16683568839,10170.666967039557,93217.59868421052,84712.5,93217.59868421052,73902.77777777778,3.136703267907248,11.953013186042828,28.156013742411723,41.874213377925514,21.841,-0.10157518609048566,2.683,11.44270253746243,1.023,0,0,0.333,83678.28,746,2016,2
Sorghum,2016-05-09,96052.63157894736,NGN,NGN/MT,WFP Nigeria Food Prices,wholesale,National,,,0.9,True,WFP VAM data — converted to NGN/MT,WFP,historical,False,,,199.0,134.03181818181818,137.62363636363636,11.4,12.5,0,1,1,1,0,0,0,0,1,0,1,0,0,0,0,0,0,0,0,0,0.4999999999999999,-0.8660254037844387,0.7485107481711013,-0.663122658240795,0,482.68,93217.59868421052,90382.56578947368,84712.5,78922.22222222222,73902.77777777778,54496.66666666666,66005.55555555556,91800.0822368421,3660.0117290872067,87170.61403508772,5633.067556873818,83793.71954191034,6766.733647214774,74615.47317846841,10406.279279335775,96052.63157894736,87547.53289473684,96052.63157894736,75157.63888888889,3.041306507305519,13.386609507389524,29.97161198429261,45.52204094108681,23.031,-0.09539676060172919,2.735,11.472661976737,1.031,0,0,0.333,86223.19,747,2016,2
Sorghum,2016-05-16,98439.15789473684,NGN,NGN/MT,Gap-filled,wholesale,National,,,0.6,False,Weekly gap-fill,Interpolated,historical,False,,,199.0,134.03181818181818,137.62363636363636,11.4,12.5,0,1,1,1,0,0,0,0,1,0,1,0,0,0,0,0,0,0,0,0,0.4999999999999999,-0.8660254037844387,0.6631226582407952,-0.7485107481711012,0,494.67,96052.63157894736,93217.59868421052,87547.53289473684,80369.79166666666,75157.63888888889,56826.17647058823,68753.81944444445,94522.98848684209,3489.189660949128,89429.28481359649,6118.313225141974,85733.84612573098,7375.718198261485,76215.9724640126,10755.042612744617,98439.15789473684,90382.56578947368,98439.15789473684,76412.5,2.4846027397260384,12.440813167283181,30.976916451921465,43.176275427548006,24.02,-0.5567037675794806,2.716,11.497204108472996,1.031,0,0,0.333,88365.49,748,2016,2
Sorghum,2016-05-23,100825.6842105263,NGN,NGN/MT,Gap-filled,wholesale,National,,,0.6,False,Weekly gap-fill,Interpolated,historical,False,,,199.0,134.03181818181818,137.62363636363636,11.4,12.5,0,1,1,1,0,0,0,0,1,0,1,0,0,0,0,0,0,0,0,0,0.4999999999999999,-0.8660254037844387,0.5680647467311558,-0.8229838658936564,0,506.66,98439.15789473684,96052.63157894736,90382.56578947368,81817.36111111111,76412.5,59135.33333333333,71502.08333333334,97133.76809210525,3257.7868844587856,91805.3252010234,6423.264528560433,87768.27814327485,7917.888423263429,77819.44749775079,11205.023484854439,100825.6842105263,93217.59868421052,100825.6842105263,77667.36111111111,2.424366854439608,11.554350476592546,31.949202303976843,41.01083424449352,24.819,-0.060235885286430424,2.686,11.521158323896884,1.031,0,0,0.333,90507.8,749,2016,2
Sorghum,2016-05-30,103212.21052631576,NGN,NGN/MT,Gap-filled,wholesale,National,,,0.6,False,Weekly gap-fill,Interpolated,historical,False,,,199.0,134.03181818181818,137.62363636363636,11.4,12.5,0,1,1,1,0,0,0,0,1,0,1,0,0,0,0,0,0,0,0,0,0.4999999999999999,-0.8660254037844387,0.464723172043769,-0.8854560256532096,0,518.65,100825.6842105263,98439.15789473684,93217.59868421052,83264.93055555556,77667.36111111111,61454.66666666666,74250.34722222222,99632.42105263156,3080.9922254444978,94298.73519736841,6505.494768403556,89897.01559454191,8375.998029216962,79425.50687696807,11745.186333149584,103212.21052631576,96052.63157894736,103212.21052631576,78922.22222222222,2.3669825148980195,10.721807880895518,32.89006997245616,39.005694097852796,25.441,-0.0573843395415885,2.653,11.544552132813077,1.031,0,0,0.333,92650.1,750,2016,2
Sorghum,2016-06-06,105598.73684210524,NGN,NGN/MT,Gap-filled,wholesale,National,,,0.6,False,Weekly gap-fill,Interpolated,historical,False,,,199.0,134.03181818181818,137.62363636363636,11.4,12.5,0,1,1,0,0,0,0,1,0,0,1,0,0,0,0,0,0,1,1,0,1.2246467991473532e-16,-1.0,0.3546048870425358,-0.9350162426854148,0,530.65,103212.21052631576,100825.6842105263,96052.63157894736,84712.5,78922.22222222222,63773.99999999999,76998.61111111111,102018.94736842102,3080.9922254445173,96909.51480263156,6296.427626676237,92120.05847953215,8730.956926565292,81034.15060166441,12363.692407756149,105598.73684210524,98439.15789473684,105598.73684210524,80369.79166666666,2.3122519163379263,9.938410958904086,33.80101810206211,37.14369040984826,25.896,-0.05473059856009321,2.618,11.567411158225674,1.031,1,3,0.333,94792.4,751,2016,2
Sorghum,2016-06-13,107985.26315789472,NGN,NGN/MT,WFP Nigeria Food Prices,wholesale,National,,,0.9,True,WFP VAM data — converted to NGN/MT,WFP,historical,False,,,199.0,147.138,148.41333333333333,11.4,12.5,0,1,1,0,0,0,0,1,0,0,1,0,0,0,0,0,0,1,1,0,1.2246467991473532e-16,-1.0,0.2393156642875576,-0.970941817426052,0,542.64,105598.73684210524,103212.21052631576,98439.15789473684,87547.53289473684,80369.79166666666,66093.33333333333,79746.875,104405.4736842105,3080.9922254445555,99464.23108552629,6098.335839771173,94421.34777046782,8987.923503208684,82645.37867183985,13049.381966922405,107985.26315789472,100825.6842105263,107985.26315789472,81817.36111111111,2.2599951355080083,9.697467417758432,34.360511478943614,35.410024728736666,26.329,-0.052256780829917915,2.585,11.589759305034187,1.124,1,3,0.333,96934.71,752,2016,2
Sorghum,2016-06-20,109898.15789473684,NGN,NGN/MT,Gap-filled,wholesale,National,,,0.6,False,Weekly gap-fill,Interpolated,historical,False,,,305.0,147.138,148.41333333333333,11.4,12.5,0,1,1,0,0,0,0,1,0,0,1,0,0,0,0,0,0,1,1,0,1.2246467991473532e-16,-1.0,0.120536680255323,-0.992708874098054,0,360.32,107985.26315789472,105598.73684210524,100825.6842105263,90382.56578947368,81817.36111111111,66589.2125,76998.61111111111,106673.59210526315,2901.4238891012305,101903.6800986842,5844.543148594953,96761.4141691033,9063.266021834885,84311.10734086818,13667.379842868,109898.15789473684,103212.21052631576,109898.15789473684,83264.93055555556,1.7714405474431372,8.99817715619664,34.321318119134816,42.727454831816104,26.524,-0.4885545880648712,2.51,11.607318477894083,1.124,1,3,0.333,98651.85,753,2016,2
Sorghum,2016-06-27,111811.05263157892,NGN,NGN/MT,Gap-filled,wholesale,National,,,0.6,False,Weekly gap-fill,Interpolated,historical,False,,,305.0,147.138,148.41333333333333,11.4,12.5,0,1,1,0,0,0,0,1,0,0,1,0,0,0,0,0,0,1,1,0,1.2246467991473532e-16,-1.0,-3.216245299353273e-16,-1.0,0,366.59,109898.15789473684,107985.26315789472,103212.21052631576,93217.59868421052,83264.93055555556,67085.09166666667,75321.4375,108823.30263157893,2657.1976836075173,104227.86184210525,5588.307260516506,99140.25767543858,8944.274408280759,86031.33660874942,14216.193952150752,111811.05263157892,105598.73684210524,111811.05263157892,84712.5,1.74060673398575,8.33122559958226,34.283487520567824,48.44519215605638,26.493,-0.030833813457387116,2.438,11.624574639183967,1.124,1,3,0.333,100368.99,754,2016,2
Sorghum,2016-07-04,113723.94736842104,NGN,NGN/MT,Gap-filled,wholesale,National,,,0.6,False,Weekly gap-fill,Interpolated,historical,False,,,305.0,147.138,148.41333333333333,11.4,12.5,0,1,1,0,0,0,1,1,0,0,1,0,0,0,0,0,0,1,1,0,-0.4999999999999997,-0.8660254037844388,-0.1205366802553228,-0.992708874098054,0,372.87,111811.05263157892,109898.15789473684,105598.73684210524,96052.63157894736,84712.5,67580.97083333334,73108.71875,110854.60526315788,2469.5364862772717,106436.77631578945,5383.985134725615,101557.87828947367,8604.36269847526,87806.06647548357,14692.961086142479,113723.94736842104,107985.26315789472,113723.94736842104,87547.53289473684,1.7108279475242627,7.694420188439266,34.24694982254217,55.554562181984664,26.249,-0.02977878646148735,2.369,11.641538069641184,1.124,1,3,0.333,102086.13,755,2016,3
Sorghum,2016-07-11,115636.84210526316,NGN,NGN/MT,WFP Nigeria Food Prices,wholesale,National,,,0.9,True,WFP VAM data — converted to NGN/MT,WFP,historical,False,,,305.0,160.38933333333335,147.95,11.4,12.5,0,1,1,0,0,0,1,1,0,0,1,0,0,0,0,0,0,0,1,0,-0.4999999999999997,-0.8660254037844388,-0.2393156642875574,-0.970941817426052,0,379.14,113723.94736842104,111811.05263157892,107985.26315789472,98439.15789473684,87547.53289473684,68076.85,70896.0,112767.5,2469.536486277323,108586.48684210525,5163.336945133744,103898.65405701753,8260.323027116869,89635.29694107061,15093.560931588121,115636.84210526316,109898.15789473684,115636.84210526316,90382.56578947368,1.6820509497837755,7.085762189772504,32.084638232238504,63.107710033377295,25.807,-0.028776997740487253,2.306,11.65821853550359,1.182,1,3,0.333,103803.27,756,2016,3
Sorghum,2016-07-18,123398.73684210528,NGN,NGN/MT,Gap-filled,wholesale,National,,,0.6,False,Weekly gap-fill,Interpolated,historical,False,,,305.0,160.38933333333335,147.95,11.4,12.5,0,1,1,0,0,0,1,1,0,0,1,0,0,0,0,0,0,0,1,0,-0.4999999999999997,-0.8660254037844388,-0.3546048870425356,-0.9350162426854148,0,404.59,115636.84210526316,113723.94736842104,109898.15789473684,100825.6842105263,90382.56578947368,69242.03555555556,70049.77777777778,116142.6447368421,5083.289488396763,111408.11842105263,6348.230274207472,106650.00164473681,8828.115857991634,91718.2469905533,15882.907290892721,123398.73684210528,111811.05263157892,123398.73684210528,93217.59868421052,6.712302580674545,12.284627154806028,36.52935802855555,76.1586414072132,26.63,5.03025163089077,2.536,11.723184257891226,1.182,1,3,0.333,110770.86,757,2016,3
Sorghum,2016-07-25,131160.63157894736,NGN,NGN/MT,Gap-filled,wholesale,National,,,0.6,False,Weekly gap-fill,Interpolated,historical,False,,,305.0,160.38933333333335,147.95,11.4,12.5,0,1,1,0,0,0,1,1,0,0,1,0,0,0,0,0,0,0,1,0,-0.4999999999999997,-0.8660254037844388,-0.464723172043768,-0.8854560256532101,0,430.03,123398.73684210528,115636.84210526316,111811.05263157892,103212.21052631576,93217.59868421052,70407.22111111111,69203.55555555556,120980.03947368421,7972.769977276707,114901.67105263157,8514.271910969253,109811.92105263157,10258.746352600694,94054.91662393163,17048.46014031478,131160.63157894736,113723.94736842104,131160.63157894736,96052.63157894736,6.290092536987468,17.30560485028787,40.70372272007876,89.52874679055125,28.627,-0.4222100436870768,2.694,11.784185670488924,1.182,1,3,0.333,117738.45,758,2016,3
Sorghum,2016-08-01,138922.52631578947,NGN,NGN/MT,Gap-filled,wholesale,National,,,0.6,False,Weekly gap-fill,Interpolated,historical,False,,,305.0,160.38933333333335,147.95,17.6,19.4,0,1,0,0,1,0,1,1,0,0,1,0,0,0,0,1,0,0,1,0,-0.8660254037844384,-0.5000000000000004,-0.5680647467311556,-0.8229838658936565,0,455.48,131160.63157894736,123398.73684210528,113723.94736842104,105598.73684210524,96052.63157894736,71572.40666666668,68357.33333333333,127279.68421052632,10020.56301693448,119067.1447368421,11078.27550888177,113384.41228070174,12294.187884259107,96645.30584120557,18546.617967337097,138922.52631578947,115636.84210526316,138922.52631578947,98439.15789473684,5.9178540415689485,22.157671739739126,44.63167123287673,103.22987972388647,31.698,-0.37223849541851983,2.792,11.841678890323562,1.182,1,3,0.0,118131.4,759,2016,3
Sorghum,2016-08-08,146684.42105263157,NGN,NGN/MT,Gap-filled,wholesale,National,,,0.6,False,Weekly gap-fill,Interpolated,historical,False,,,305.0,160.38933333333335,147.95,17.6,19.4,0,1,0,0,1,0,1,1,0,0,1,0,0,0,0,1,0,0,1,0,-0.8660254037844384,-0.5000000000000004,-0.663122658240795,-0.7485107481711013,0,480.93,138922.52631578947,131160.63157894736,115636.84210526316,107985.26315789472,98439.15789473684,72737.59222222223,67511.11111111111,135041.57894736843,10020.563016934531,123904.53947368421,13689.412315505779,117404.85087719298,14629.299525018105,99489.41464237518,20318.904896296684,146684.42105263157,123398.73684210528,146684.42105263157,100825.6842105263,5.587211046823515,26.84921032269809,49.01023555025172,117.27448806347667,35.735,-0.3306429947454337,2.843,11.896045579864955,1.182,1,3,0.0,124731.65,760,2016,3
Sorghum,2016-08-15,154446.31578947368,NGN,NGN/MT,WFP Nigeria Food Prices,wholesale,National,,,0.9,True,WFP VAM data — converted to NGN/MT,WFP,historical,False,,,305.0,174.41666666666666,148.05428571428573,17.6,19.4,0,1,0,0,1,0,1,1,0,0,1,0,0,0,0,1,0,0,1,0,-0.8660254037844384,-0.5000000000000004,-0.7485107481711011,-0.6631226582407952,0,506.38,146684.42105263157,138922.52631578947,123398.73684210528,109898.15789473684,100825.6842105263,73902.77777777778,68304.62222222223,142803.47368421053,10020.563016934588,129473.05921052632,16037.251928464553,121873.23684210527,17087.43325697993,102587.24302744037,22304.728058403914,154446.31578947368,131160.63157894736,154446.31578947368,103212.21052631576,5.291560399626261,25.160370147949962,53.18152016403508,126.11400336422052,39.202,-0.2956506471972542,2.859,11.947608319040471,1.246,1,3,0.0,131331.9,761,2016,3
Sorghum,2016-08-22,157441.9736842105,NGN,NGN/MT,Gap-filled,wholesale,National,,,0.6,False,Weekly gap-fill,Interpolated,historical,False,,,305.0,174.41666666666666,148.05428571428573,17.6,19.4,0,1,0,0,1,0,1,1,0,0,1,0,0,0,0,1,0,0,1,0,-0.8660254037844384,-0.5000000000000004,-0.8229838658936564,-0.5680647467311559,0,516.2,154446.31578947368,146684.42105263157,131160.63157894736,111811.05263157892,103212.21052631576,75157.63888888889,68304.62222222223,149373.8092105263,8312.394836979202,135176.92434210525,16946.95601342533,126392.38377192982,18789.777196737596,105752.02513495275,24028.12405971319,157441.9736842105,138922.52631578947,157441.9736842105,105598.73684210524,1.9396111065674182,20.03752329405646,52.542003394131285,130.49973568697717,41.249,-3.3519492930588424,2.701,11.966818599837705,1.246,1,3,0.0,133879.23,762,2016,3
Sorghum,2016-08-29,160437.63157894736,NGN,NGN/MT,Gap-filled,wholesale,National,,,0.6,False,Weekly gap-fill,Interpolated,historical,False,,,305.0,174.41666666666666,148.05428571428573,17.6,19.4,0,1,0,0,1,0,1,1,0,0,1,0,0,0,0,1,0,0,1,0,-0.8660254037844384,-0.5000000000000004,-0.8854560256532096,-0.4647231720437691,0,526.03,157441.9736842105,154446.31578947368,138922.52631578947,113723.94736842104,105598.73684210524,76412.5,68701.37777777777,154752.5855263158,5908.796730595306,141016.13486842104,16542.142283762587,130962.29166666664,19908.21540272887,108983.76096491228,25527.968532091585,160437.63157894736,146684.42105263157,160437.63157894736,107985.26315789472,1.9027060094821913,15.487124970828114,51.93139272000864,133.52898699921374,41.996,-0.036905097085226934,2.571,11.98566679067127,1.246,1,3,0.0,136426.56,763,2016,3
Sorghum,2016-09-05,163433.2894736842,NGN,NGN/MT,Gap-filled,wholesale,National,,,0.6,False,Weekly gap-fill,Interpolated,historical,False,,,305.0,174.41666666666666,148.05428571428573,17.6,19.4,0,1,0,0,1,1,0,0,0,0,0,0,0,0,0,1,0,0,0,0,-1.0,-1.8369701987210287e-16,-0.9350162426854148,-0.3546048870425359,0,535.85,160437.63157894736,157441.9736842105,146684.42105263157,115636.84210526316,107985.26315789472,77667.36111111111,68701.37777777777,158939.80263157893,3867.377712416494,146990.69078947368,14581.568949296536,135582.9605263158,20515.897021799803,112282.45051731892,26827.633900565183,163433.2894736842,154446.31578947368,163433.2894736842,109898.15789473684,1.8671790809020816,11.418300798994196,51.34777162575792,137.88939139230555,41.554,-0.03552692858010964,2.46,12.004166289292778,1.246,1,3,0.0,138973.89,764,2016,3
Sorghum,2016-09-12,166428.94736842104,NGN,NGN/MT,WFP Nigeria Food Prices,wholesale,National,,,0.9,True,WFP VAM data — converted to NGN/MT,WFP,historical,False,,,305.0,182.05,147.20000000000002,17.6,19.4,0,1,0,0,1,1,0,0,0,0,0,0,0,0,0,1,0,0,0,0,-1.0,-1.8369701987210287e-16,-0.970941817426052,-0.2393156642875577,0,545.67,163433.2894736842,160437.63157894736,154446.31578947368,123398.73684210528,109898.15789473684,78922.22222222222,69494.88888888889,161935.4605263158,3867.377712416558,152369.46710526315,12410.65626038174,140293.8596491228,20572.217161186232,115648.09379217275,27940.988089845054,166428.94736842104,157441.9736842105,166428.94736842104,111811.05263157892,1.8329545372206324,7.758444426269717,51.43925117273647,139.48372323396913,40.024,-0.03422454368144923,2.364,12.02232976334219,1.277,1,3,0.0,141521.21,765,2016,3
Sorghum,2016-09-19,167298.6842105263,NGN,NGN/MT,Gap-filled,wholesale,National,,,0.6,False,Weekly gap-fill,Interpolated,historical,False,,,305.0,182.05,147.20000000000002,17.6,19.4,0,1,0,0,1,1,0,0,0,0,0,0,0,0,0,1,0,0,0,0,-1.0,-1.8369701987210287e-16,-0.992708874098054,-0.1205366802553235,0,548.52,166428.94736842104,163433.2894736842,157441.9736842105,131160.63157894736,111811.05263157892,80369.79166666666,68074.84313725491,164399.63815789472,3117.364795159386,156886.72368421053,9913.862478417916,144917.82894736843,19809.99393634252,118991.51273616732,28740.254396588814,167298.6842105263,160437.63157894736,167298.6842105263,113723.94736842104,0.5225874800373065,6.260535418646307,49.626249170357916,145.75698819197095,38.161,-1.310367057183326,2.225,12.027541999409035,1.277,1,3,0.0,142260.79,766,2016,3
Sorghum,2016-09-26,168168.42105263157,NGN,NGN/MT,Gap-filled,wholesale,National,,,0.6,False,Weekly gap-fill,Interpolated,historical,False,,,305.0,182.05,147.20000000000002,17.6,19.4,0,1,0,0,1,1,0,0,0,0,0,0,0,0,0,1,0,0,0,0,-1.0,-1.8369701987210287e-16,-1.0,-1.8369701987210287e-16,0,551.37,167298.6842105263,166428.94736842104,160437.63157894736,138922.52631578947,113723.94736842104,81817.36111111111,66654.79738562091,166332.3355263158,2059.0322729161317,160542.4605263158,7422.376383401338,149454.8684210526,18184.18272813424,122312.70734930273,29257.284670265002,168168.42105263157,163433.2894736842,168168.42105263157,115636.84210526316,0.5198707008423398,4.818563698305467,47.87423840278051,152.29755043694672,35.989,-0.002716779194966712,2.106,12.032727208879196,1.277,1,3,0.0,143000.36,767,2016,3
Sorghum,2016-10-03,168568.42105263157,NGN,NGN/MT,Gap-filled,wholesale,National,,,0.6,False,Weekly gap-fill,Interpolated,historical,False,,,305.0,182.05,147.20000000000002,17.6,19.4,0,1,0,0,0,1,0,0,0,1,0,1,0,1,1,1,1,0,0,0,-0.8660254037844386,0.5000000000000001,-0.992708874098054,0.1205366802553232,0,552.68,168168.42105263157,167298.6842105263,163433.2894736842,146684.42105263157,115636.84210526316,83264.93055555556,65234.75163398693,167616.11842105264,952.5506259819366,163277.9605263158,5320.4296356309615,153865.83333333334,15449.328226667061,125593.61082995949,29485.391173060023,168568.42105263157,166428.94736842104,168568.42105263157,123398.73684210528,0.2378567851777591,3.1420352582294475,45.77397478494378,158.40279426281802,33.459,-0.28201391566458067,1.992,12.035102938305808,1.277,1,3,0.333,143340.49,768,2016,4
Sorghum,2016-10-10,169907.8947368421,NGN,NGN/MT,WFP Nigeria Food Prices,wholesale,National,,,0.9,True,WFP VAM data — converted to NGN/MT,WFP,historical,False,,,305.0,185.25,146.3576923076923,17.6,19.4,0,1,0,0,0,1,0,0,0,1,0,1,0,1,1,1,1,0,0,0,-0.8660254037844386,0.5000000000000001,-0.970941817426052,0.2393156642875573,0,557.08,168568.42105263157,168168.42105263157,166428.94736842104,154446.31578947368,123398.73684210528,84712.5,63814.705882352944,168485.8552631579,1086.1480808377128,165210.65789473683,4378.915822908046,157741.59649122806,12700.55279399374,128870.35678137651,29494.429430937806,169907.8947368421,167298.6842105263,169907.8947368421,131160.63157894736,0.7946172099412951,2.0903499201492703,37.690140989244945,166.25194363518605,30.741,0.556760424763536,1.915,12.04301765906684,1.289,1,3,0.333,144479.5,769,2016,4
Sorghum,2016-10-17,168568.42105263157,NGN,NGN/MT,Gap-filled,wholesale,National,,,0.6,False,Weekly gap-fill,Interpolated,historical,False,,,305.0,185.25,146.3576923076923,17.6,19.4,0,1,0,0,0,1,0,0,0,1,0,1,0,1,1,1,1,0,0,0,-0.8660254037844386,0.5000000000000001,-0.9350162426854148,0.3546048870425355,0,552.68,169907.8947368421,168568.42105263157,167298.6842105263,157441.9736842105,131160.63157894736,87547.53289473684,61485.19607843137,168803.2894736842,760.1616165565516,166601.46381578944,3154.8537813106864,160858.91228070177,9855.340018317485,131986.54478744935,29232.802396905965,169907.8947368421,168168.42105263157,169907.8947368421,138922.52631578947,-0.788352822736782,0.7589640337562154,28.52059266821079,174.1609880166981,27.894,-1.5829700326780771,1.783,12.035102938305808,1.289,1,3,0.333,143340.49,770,2016,4
Sorghum,2016-10-24,167228.94736842104,NGN,NGN/MT,Gap-filled,wholesale,National,,,0.6,False,Weekly gap-fill,Interpolated,historical,False,,,305.0,185.25,146.3576923076923,17.6,19.4,0,1,0,0,0,1,0,0,0,1,0,1,0,1,1,1,1,0,0,0,-0.8660254037844386,0.5000000000000001,-0.8854560256532101,0.464723172043768,0,548.29,168568.42105263157,169907.8947368421,168168.42105263157,160437.63157894736,138922.52631578947,90382.56578947368,59155.68627450981,168568.42105263157,1093.6756833999543,167450.37828947368,1938.6069433633286,163217.78070175438,7141.4678318464075,134942.17484817814,28738.77157790579,169907.8947368421,167228.94736842104,169907.8947368421,146684.42105263157,-0.7946172099413062,-0.5586504757135735,20.37568838064987,182.6929377378891,24.919,-0.006264387204524269,1.666,12.027125074649419,1.289,1,3,0.333,142201.49,771,2016,4
Sorghum,2016-10-31,165889.47368421053,NGN,NGN/MT,Gap-filled,wholesale,National,,,0.6,False,Weekly gap-fill,Interpolated,historical,False,,,305.0,185.25,146.3576923076923,17.6,19.4,0,1,0,0,0,1,0,0,0,1,0,1,0,1,1,1,1,0,0,0,-0.8660254037844386,0.5000000000000001,-0.822983865893657,0.5680647467311548,0,543.9,167228.94736842104,168568.42105263157,168568.42105263157,163433.2894736842,146684.42105263157,93217.59868421052,56826.17647058823,167898.68421052632,1729.2530905430613,167757.40131578947,1301.246308587107,164818.20175438595,4899.498882381776,137737.24696356273,28043.963138597184,169907.8947368421,165889.47368421053,169907.8947368421,154446.31578947368,-0.8009819503674298,-1.5892344198825903,13.092769152825046,191.9243982041809,21.898,-0.006364740426123561,1.56,12.019083052493725,1.289,1,3,0.333,141062.48,772,2016,4
Sorghum,2016-11-07,164550.0,NGN,NGN/MT,Gap-filled,wholesale,National,,,0.6,False,Weekly gap-fill,Interpolated,historical,False,,,305.0,185.25,146.3576923076923,17.6,19.4,1,0,0,0,0,1,0,0,0,1,0,1,1,1,1,0,1,0,0,0,-0.5000000000000004,0.8660254037844384,-0.7485107481711011,0.6631226582407952,1,539.51,165889.47368421053,167228.94736842104,169907.8947368421,166428.94736842104,154446.31578947368,96052.63157894736,54496.66666666666,166559.2105263158,1729.2530905429844,167522.53289473683,1687.5181098655162,165660.1754385965,3668.5996805338355,140371.76113360323,27175.324094397776,168568.42105263157,164550.0,169907.8947368421,157441.9736842105,-0.8074494749198968,-3.1534112909471057,6.5418745399525635,201.9450730931556,18.656,-0.006467524552467019,1.465,12.010975831533209,1.289,0,0,0.667,139923.47,773,2016,4
Sorghum,2016-11-14,163210.52631578947,NGN,NGN/MT,WFP Nigeria Food Prices,wholesale,National,,,0.9,True,WFP VAM data — converted to NGN/MT,WFP,historical,False,,,305.0,190.09333333333333,146.51142857142855,17.6,19.4,1,0,0,0,0,1,0,0,0,1,0,1,1,1,1,0,1,0,0,0,-0.5000000000000004,0.8660254037844384,-0.6631226582407955,0.7485107481711007,1,535.12,164550.0,165889.47368421053,168568.42105263157,167298.6842105263,157441.9736842105,98439.15789473684,56826.17647058823,165219.73684210525,1729.253090542926,167011.51315789472,2279.9807245361476,166140.88815789475,2759.0147105489436,142862.96761133603,26126.127243788484,167228.94736842104,163210.52631578947,169907.8947368421,160437.63157894736,-0.8140222936557473,-3.178468839765203,3.663922965771027,187.21011416325544,15.649,-0.006572818735850472,1.375,12.002802345953164,1.312,0,0,0.667,138784.46,774,2016,4
Sorghum,2016-11-21,155348.86640350876,NGN,NGN/MT,Gap-filled,wholesale,National,,,0.6,False,Weekly gap-fill,Interpolated,historical,False,,,305.0,190.09333333333333,146.51142857142855,17.6,19.4,1,0,0,0,0,1,0,0,0,1,0,1,1,1,1,0,1,0,0,0,-0.5000000000000004,0.8660254037844384,-0.5680647467311559,0.8229838658936564,1,509.34,163210.52631578947,164550.0,167228.94736842104,168168.42105263157,160437.63157894736,100825.6842105263,59135.33333333333,162249.71660087717,4728.777999185328,165409.06882675437,4637.185961569671,165716.82439327484,3879.0394889778863,144960.0130802969,24769.97375834135,165889.47368421053,155348.86640350876,169907.8947368421,155348.86640350876,-4.816882887240681,-7.104081650851601,-3.171802728173878,162.70058465357783,11.927,-4.002860593584933,1.131,11.953435054849846,1.312,0,0,0.667,132099.38,775,2016,4
Sorghum,2016-11-28,147487.20649122808,NGN,NGN/MT,Gap-filled,wholesale,National,,,0.6,False,Weekly gap-fill,Interpolated,historical,False,,,305.0,190.09333333333333,146.51142857142855,17.6,19.4,1,0,0,0,0,1,0,0,0,1,0,1,1,1,1,0,1,0,0,0,-0.5000000000000004,0.8660254037844384,-0.4647231720437684,0.88545602565321,1,483.56,155348.86640350876,163210.52631578947,165889.47368421053,168568.42105263157,163433.2894736842,103212.21052631576,61454.66666666666,157649.14980263158,7897.405433602275,162773.91700657894,7617.497692424671,164387.98414473684,6546.553994136286,146662.89754048584,23261.04252656746,164550.0,147487.20649122808,169907.8947368421,147487.20649122808,-5.0606483937002285,-11.093089141999002,-9.756936933600514,139.99350169972678,7.491,-0.24376550645954786,0.894,11.901503495573687,1.312,0,0,0.667,125414.29,776,2016,4
Sorghum,2016-12-05,139625.54657894737,NGN,NGN/MT,Gap-filled,wholesale,National,,,0.6,False,Weekly gap-fill,Interpolated,historical,False,,,305.0,190.09333333333333,146.51142857142855,17.6,19.4,1,0,0,0,0,0,0,0,0,1,0,1,1,1,1,0,0,0,0,1,-2.4492935982947064e-16,1.0,-0.3546048870425359,0.9350162426854148,1,457.79,147487.20649122808,155348.86640350876,164550.0,169907.8947368421,166428.94736842104,105598.73684210524,63773.99999999999,151418.03644736842,10149.35930460297,158988.6234868421,10532.329389707926,162154.36741228067,9632.215453686647,147971.62099190283,21767.526103242377,163210.52631578947,139625.54657894737,169907.8947368421,139625.54657894737,-5.330401259412487,-15.14703945369349,-16.10501130559904,118.93804148861196,2.329,-0.26975286571225876,0.66,11.846726612972267,1.312,0,0,0.667,118729.21,777,2016,4
Sorghum,2016-12-12,131763.88666666666,NGN,NGN/MT,WFP Nigeria Food Prices,wholesale,National,,,0.9,True,WFP VAM data — converted to NGN/MT,WFP,historical,False,,,305.0,200.63333333333333,146.76785714285714,17.6,19.4,1,0,0,0,0,0,0,0,0,1,0,1,1,1,1,0,0,0,0,1,-2.4492935982947064e-16,1.0,-0.2393156642875578,0.970941817426052,1,432.01,139625.54657894737,147487.20649122808,163210.52631578947,168568.42105263157,167298.6842105263,107985.26315789472,66093.33333333333,143556.3765350877,10149.359304602891,154388.0566885965,13398.303683774397,159193.13428362572,12836.261934388423,148886.1834345479,20481.859895539423,155348.86640350876,131763.88666666666,169907.8947368421,131763.88666666666,-5.630531163461228,-19.2675315489627,-21.240332947952623,99.36032882792011,-3.58,-0.30012990404874085,0.426,11.788774451797874,1.36,0,0,0.667,112044.12,778,2016,4
Sorghum,2016-12-19,139625.54657894737,NGN,NGN/MT,Gap-filled,wholesale,National,,,0.6,False,Weekly gap-fill,Interpolated,historical,False,,,305.0,200.63333333333333,146.76785714285714,17.6,19.4,1,0,0,0,0,0,0,0,0,1,0,1,1,1,1,0,0,0,0,1,-2.4492935982947064e-16,1.0,-0.1205366802553236,0.992708874098054,1,457.79,131763.88666666666,139625.54657894737,155348.86640350876,167228.94736842104,168168.42105263157,109898.15789473684,66589.2125,139625.54657894737,6419.018438793218,150937.6315899123,13171.406018947435,156814.56141081871,13641.211736331976,150029.54453778677,18994.071431969118,147487.20649122808,131763.88666666666,169907.8947368421,131763.88666666666,5.966475421424811,-10.12129678740048,-16.972790905107658,109.68193095683083,-6.935,11.597006584886039,0.607,11.846726612972267,1.36,0,0,0.667,118729.21,779,2016,4
Sorghum,2016-12-26,140379.31175438594,NGN,NGN/MT,Gap-filled,wholesale,National,,,0.6,False,Weekly gap-fill,Interpolated,historical,False,,,305.0,200.63333333333333,146.76785714285714,17.6,19.4,1,0,0,0,0,0,0,0,0,1,0,1,1,1,1,0,0,0,0,1,-2.4492935982947064e-16,1.0,6.432490598706546e-16,1.0,1,460.26,139625.54657894737,131763.88666666666,147487.20649122808,165889.47368421053,168568.42105263157,111811.05263157892,67085.09166666667,137848.57289473683,4071.990365842256,147748.8613486842,12076.991383485405,154465.46896929824,13858.553726174685,151128.32373481782,17459.04052282149,140379.31175438594,131763.88666666666,169907.8947368421,131763.88666666666,0.5398476094862659,-4.81932969370118,-16.722651325923167,109.25560100879727,-8.787,-5.426627811938545,0.598,11.852110531071133,1.36,0,0,0.667,119370.16,780,2016,4
Sorghum,2017-01-02,144687.0242982456,NGN,NGN/MT,Gap-filled,wholesale,National,,,0.6,False,Weekly gap-fill,Interpolated,historical,False,,,305.79,200.63333333333333,146.76785714285714,17.6,19.4,1,0,0,0,0,0,0,0,0,1,0,0,1,0,0,0,0,0,0,1,0.4999999999999999,0.8660254037844387,0.120536680255323,0.992708874098054,1,473.16,140379.31175438594,139625.54657894737,139625.54657894737,164550.0,169907.8947368421,113723.94736842104,67580.97083333334,139113.94232456142,5383.476558463357,145265.9893859649,9991.106093593658,152363.72976608187,13200.538555310592,152319.21130904183,15780.978199002939,144687.0242982456,131763.88666666666,168568.42105263157,131763.88666666666,3.0686234958870795,3.625036995960018,-14.843848473114951,114.09432642669408,-8.669,2.5287758864008136,0.686,11.882335146915706,1.36,0,0,0.333,123033.18,781,2017,1
Sorghum,2017-01-09,148994.73684210525,NGN,NGN/MT,WFP Nigeria Food Prices,wholesale,National,,,0.9,True,WFP VAM data — converted to NGN/MT,WFP,historical,False,,,305.79,222.22222222222223,147.66666666666666,17.6,19.4,1,0,0,0,0,0,0,0,0,1,0,0,1,0,0,0,0,0,0,1,0.4999999999999999,0.8660254037844387,0.2393156642875577,0.970941817426052,1,487.25,144687.0242982456,140379.31175438594,131763.88666666666,163210.52631578947,168568.42105263157,115636.84210526316,68076.85,143421.65486842103,4333.077899455426,143489.01570175437,7224.872465359166,150732.58941520468,12186.531563951146,153602.20726045882,13926.43486197239,148994.73684210525,139625.54657894737,167228.94736842104,131763.88666666666,2.9772625187038715,13.07706581168846,-11.611714749594103,118.8625602419989,-6.628,-0.09136097718320801,0.774,11.91167297272032,1.46,0,0,0.333,126696.2,782,2017,1
Sorghum,2017-01-16,149321.50712074302,NGN,NGN/MT,Gap-filled,wholesale,National,,,0.6,False,Weekly gap-fill,Interpolated,historical,False,,,305.79,222.22222222222223,147.66666666666666,17.6,19.4,1,0,0,0,0,0,0,0,0,1,0,0,1,0,0,0,0,0,0,1,0.4999999999999999,0.8660254037844387,0.3546048870425356,0.9350162426854148,1,488.31,148994.73684210525,144687.0242982456,139625.54657894737,155348.86640350876,167228.94736842104,123398.73684210528,69242.03555555556,145845.64500386995,4211.951170777903,142735.59579140865,6026.278642971797,149240.30272789818,11023.798058525665,154599.23688656028,12536.137678781932,149321.50712074302,140379.31175438594,165889.47368421053,131763.88666666666,0.21931665880523532,6.944259685539245,-10.708337599127649,115.65152717230069,-5.662,-2.757945859898636,0.753,11.91386372314167,1.46,0,0,0.333,126974.07,783,2017,1
Sorghum,2017-01-23,149648.2773993808,NGN,NGN/MT,Gap-filled,wholesale,National,,,0.6,False,Weekly gap-fill,Interpolated,historical,False,,,305.79,222.22222222222223,147.66666666666666,17.6,19.4,1,0,0,0,0,0,0,0,0,1,0,0,1,0,0,0,0,0,0,1,0.4999999999999999,0.8660254037844387,0.4647231720437685,0.8854560256532099,1,489.38,149321.50712074302,148994.73684210525,140379.31175438594,147487.20649122808,165889.47368421053,131160.63157894736,70407.22111111111,148162.88641511867,2332.550885761763,143005.72965492774,6311.393601099133,147886.86970416235,9712.950765905194,155310.30018734618,11646.229590989884,149648.2773993808,144687.0242982456,164550.0,131763.88666666666,0.21883671343709832,6.602800319474622,-9.790371820545218,112.54677437590917,-4.602,-0.0004799453681370025,0.731,11.916049684664983,1.46,0,0,0.333,127251.94,784,2017,1
Sorghum,2017-01-30,149975.04767801857,NGN,NGN/MT,Gap-filled,wholesale,National,,,0.6,False,Weekly gap-fill,Interpolated,historical,False,,,305.79,222.22222222222223,147.66666666666666,17.6,19.4,1,0,0,0,0,0,0,0,0,1,0,0,1,0,0,0,0,0,0,1,0.4999999999999999,0.8660254037844387,0.5680647467311558,0.8229838658936564,1,490.45,149648.2773993808,149321.50712074302,144687.0242982456,139625.54657894737,164550.0,138922.52631578947,71572.40666666668,149484.89226006193,421.8586157273737,144299.41729231164,6574.7629916092055,146672.29034399724,8239.33844497151,155735.39716281655,11217.974836166863,149975.04767801857,148994.73684210525,163210.52631578947,131763.88666666666,0.2183588640754408,3.654801393159257,-8.857461149791202,109.54311118319046,-4.014,-0.0004778493616575119,0.711,11.918230878181298,1.46,0,0,0.333,127529.8,785,2017,1
Sorghum,2017-02-06,150301.81795665636,NGN,NGN/MT,Gap-filled,wholesale,National,,,0.6,False,Weekly gap-fill,Interpolated,historical,False,,,305.79,222.22222222222223,147.66666666666666,17.6,19.4,1,0,0,0,0,0,0,0,1,1,0,0,1,0,0,0,0,0,0,0,0.8660254037844386,0.5000000000000001,0.6631226582407952,0.7485107481711011,1,491.52,149975.04767801857,149648.2773993808,148994.73684210525,131763.88666666666,163210.52631578947,146684.42105263157,72737.59222222223,149811.6625386997,421.8586157274902,146616.65870356036,4448.514718028753,145596.56464740282,6554.163634731776,155874.52781297133,11123.262667547107,150301.81795665636,149321.50712074302,155348.86640350876,131763.88666666666,0.2178830970197998,0.8772666352209857,-7.909237627330823,106.63567952244826,-3.89,-0.00047576705564100763,0.69,11.920407324445257,1.46,0,0,0.333,127807.67,786,2017,1
Sorghum,2017-02-13,150628.58823529413,NGN,NGN/MT,WFP Nigeria Food Prices,wholesale,National,,,0.9,True,WFP VAM data — converted to NGN/MT,WFP,historical,False,,,305.79,260.86538461538464,151.98461538461538,17.6,19.4,1,0,0,0,0,0,0,0,1,1,0,0,1,0,0,0,0,0,0,0,0.8660254037844386,0.5000000000000001,0.7485107481711011,0.6631226582407953,1,492.59,150301.81795665636,149975.04767801857,149321.50712074302,139625.54657894737,155348.86640350876,154446.31578947368,73902.77777777778,150138.43281733745,421.8586157276066,147992.0389106037,3597.8475011933106,145203.20813338493,6036.892564140675,155727.69213781058,11167.978909626854,150628.58823529413,149648.2773993808,150628.58823529413,131763.88666666666,0.217409398688706,0.8753468537483933,-3.038501842655239,103.81992770045439,-3.589,-0.0004736983310937859,0.671,11.922579044076276,1.648,0,0,0.333,128085.53,787,2017,1
Sorghum,2017-02-20,153533.66339869282,NGN,NGN/MT,Gap-filled,wholesale,National,,,0.6,False,Weekly gap-fill,Interpolated,historical,False,,,305.79,260.86538461538464,151.98461538461538,17.6,19.4,1,0,0,0,0,0,0,0,1,1,0,0,1,0,0,0,0,0,0,0,0.8660254037844386,0.5000000000000001,0.8229838658936564,0.5680647467311559,1,502.09,150628.58823529413,150301.81795665636,149648.2773993808,140379.31175438594,147487.20649122808,157441.9736842105,75157.63888888889,151109.77931716546,1637.8010004166867,149636.33286614207,2441.8351648799826,145707.07954234033,6480.86687389232,155577.37251144453,11170.284380073155,153533.66339869282,149975.04767801857,153533.66339869282,131763.88666666666,1.928634661874895,2.596345288320756,4.099648404300327,104.28218031925272,-2.872,1.711225263186189,0.732,11.941681640702772,1.648,0,0,0.333,130555.84,788,2017,1
Sorghum,2017-02-27,156438.7385620915,NGN,NGN/MT,Gap-filled,wholesale,National,,,0.6,False,Weekly gap-fill,Interpolated,historical,False,,,305.79,260.86538461538464,151.98461538461538,17.6,19.4,1,0,0,0,0,0,0,0,1,1,0,0,1,0,0,0,0,0,0,0,0.8660254037844386,0.5000000000000001,0.8854560256532099,0.4647231720437686,1,511.59,153533.66339869282,150628.58823529413,149975.04767801857,144687.0242982456,139625.54657894737,160437.63157894736,76412.5,152725.7020381837,2870.106974248458,151105.2971491228,2570.495567611021,147108.17887426898,6853.297148648895,155423.56893387315,11128.137521634608,156438.7385620915,150301.81795665636,156438.7385620915,131763.88666666666,1.8921421524703774,4.309844193515322,12.041630199554909,104.72925053111925,-1.736,-0.03649250940451765,0.795,11.960426157697583,1.648,0,0,0.333,133026.14,789,2017,1
Sorghum,2017-03-06,159343.81372549018,NGN,NGN/MT,Gap-filled,wholesale,National,,,0.6,False,Weekly gap-fill,Interpolated,historical,False,,,305.79,260.86538461538464,151.98461538461538,17.6,19.4,1,0,0,1,0,0,0,0,1,1,0,0,0,0,0,0,0,0,0,0,1.0,6.123233995736766e-17,0.9350162426854148,0.3546048870425355,0,521.09,156438.7385620915,153533.66339869282,150301.81795665636,148994.73684210525,131763.88666666666,163433.2894736842,77667.36111111111,154986.20098039217,3750.435909107547,152398.93175954593,3708.7329135626105,149406.50612917097,5780.219079656789,155266.28140509644,11038.941235600814,159343.81372549018,150628.58823529413,159343.81372549018,139625.54657894737,1.8570049784987663,6.015892483377239,20.931324778385306,105.1618742363765,-0.18,-0.03513717397161109,0.86,11.978825772880255,1.648,0,0,0.333,135496.44,790,2017,1
Sorghum,2017-03-13,162248.88888888888,NGN,NGN/MT,WFP Nigeria Food Prices,wholesale,National,,,0.9,True,WFP VAM data — converted to NGN/MT,WFP,historical,False,,,305.79,269.90909090909093,171.36363636363637,17.6,19.4,1,0,0,1,0,0,0,0,1,1,0,0,0,0,0,0,0,0,0,0,1.0,6.123233995736766e-17,0.970941817426052,0.239315664287558,0,530.59,159343.81372549018,156438.7385620915,150628.58823529413,149321.50712074302,139625.54657894737,166428.94736842104,78922.22222222222,157891.27614379083,3750.4359091076954,154014.85448056416,4824.703719829469,151291.7846549994,5985.805804960693,155105.50992511443,10899.422464978556,162248.88888888888,153533.66339869282,162248.88888888888,140379.31175438594,1.8231490106063397,7.714538647499558,16.2028675011487,105.5807405321695,1.796,-0.03385596789242662,0.928,11.996892949751858,1.749,0,0,0.333,137966.74,791,2017,1
Sorghum,2017-03-20,161229.44444444444,NGN,NGN/MT,Gap-filled,wholesale,National,,,0.6,False,Weekly gap-fill,Interpolated,historical,False,,,305.79,269.90909090909093,171.36363636363637,17.6,19.4,1,0,0,1,0,0,0,0,1,1,0,0,0,0,0,0,0,0,0,0,1.0,6.123233995736766e-17,0.992708874098054,0.120536680255323,0,527.26,162248.88888888888,159343.81372549018,153533.66339869282,149648.2773993808,140379.31175438594,167298.6842105263,80369.79166666666,159815.22140522875,2552.4906670535283,155462.5003611971,5059.111244142301,153029.2957125043,5539.74288594721,154872.077626419,10690.832652332852,162248.88888888888,156438.7385620915,162248.88888888888,144687.0242982456,-0.6283213718292879,5.012438884993831,14.852710438229554,100.60950899704059,3.192,-2.4514703824356276,0.865,11.990589952540505,1.749,0,0,0.333,137099.87,792,2017,1
Sorghum,2017-03-27,161229.44444444444,NGN,NGN/MT,Gap-filled,wholesale,National,,,0.6,False,Weekly gap-fill,Interpolated,historical,False,,,305.79,269.90909090909093,171.36363636363637,17.6,19.4,1,0,0,1,0,0,0,0,1,1,0,0,0,0,0,0,0,0,0,0,1.0,6.123233995736766e-17,1.0,-1.6081226496766364e-16,0,527.26,161229.44444444444,162248.88888888888,156438.7385620915,149975.04767801857,144687.0242982456,168168.42105263157,81817.36111111111,161012.89787581697,1212.064425959949,156869.29995700033,4876.694904651947,154407.83072468752,5329.343343358876,154605.19391071948,10429.034537281868,162248.88888888888,159343.81372549018,162248.88888888888,148994.73684210525,0.0,3.0623526668565493,11.433243738636634,97.06018656051334,4.145,0.6283213718292879,0.838,11.990589952540505,1.749,0,0,0.333,137099.87,793,2017,1
Sorghum,2017-04-03,161229.44444444444,NGN,NGN/MT,Gap-filled,wholesale,National,,,0.6,False,Weekly gap-fill,Interpolated,historical,False,,,305.79,269.90909090909093,171.36363636363637,17.6,19.4,0,1,1,1,0,0,0,0,1,0,0,0,0,0,0,0,0,0,0,0,0.8660254037844387,-0.4999999999999998,0.992708874098054,-0.1205366802553228,0,527.26,161229.44444444444,161229.44444444444,159343.81372549018,150301.81795665636,148994.73684210525,168568.42105263157,83264.93055555556,161484.30555555556,509.72222222159553,158235.25326797384,4266.605959506532,155427.38969154912,5369.778459138249,154322.92557963537,10131.054153903848,162248.88888888888,161229.44444444444,162248.88888888888,149321.50712074302,0.0,1.183372403903138,8.211503212562942,93.63427480056544,4.641,0.0,0.812,11.990589952540505,1.749,0,0,0.333,137099.87,794,2017,2
Sorghum,2017-04-10,160210.0,NGN,NGN/MT,WFP Nigeria Food Prices,wholesale,National,,,0.9,True,WFP VAM data — converted to NGN/MT,WFP,historical,False,,,305.79,244.8571428571429,153.07142857142858,17.6,19.4,0,1,1,1,0,0,0,0,1,0,0,0,0,0,0,0,0,0,0,0,0.8660254037844387,-0.4999999999999998,0.970941817426052,-0.2393156642875575,0,523.92,161229.44444444444,161229.44444444444,162248.88888888888,150628.58823529413,149321.50712074302,169907.8947368421,84712.5,160974.58333333334,509.72222222142085,159432.9297385621,2975.863025038156,156334.7640981539,5160.08586372687,153949.92962821835,9703.825148587577,161229.44444444444,160210.0,162248.88888888888,149648.2773993808,-0.6322942114929342,-1.2566427436585648,7.291978958163359,89.12203039693078,4.563,-0.6322942114929342,0.747,11.984246975428908,1.579,0,0,0.333,136232.99,795,2017,2
Sorghum,2017-04-17,161424.5,NGN,NGN/MT,Gap-filled,wholesale,National,,,0.6,False,Weekly gap-fill,Interpolated,historical,False,,,305.79,244.8571428571429,153.07142857142858,17.6,19.4,0,1,1,1,0,0,0,0,1,0,0,0,0,0,0,0,0,0,0,0,0.8660254037844387,-0.4999999999999998,0.9350162426854148,-0.3546048870425354,0,527.89,160210.0,161229.44444444444,161229.44444444444,153533.66339869282,149648.2773993808,168568.42105263157,87547.53289473684,161023.34722222222,549.9725402322252,160419.28431372548,1827.260681241833,157316.1159815388,4885.330883748474,153675.1634338864,9368.695886996964,161424.5,160210.0,162248.88888888888,149975.04767801857,0.7580675363585199,0.12098010771399714,7.869267060917018,84.38497883668458,4.782,1.390361747851454,0.771,11.991799014903531,1.579,0,0,0.333,137265.73,796,2017,2
Sorghum,2017-04-24,162639.0,NGN,NGN/MT,Gap-filled,wholesale,National,,,0.6,False,Weekly gap-fill,Interpolated,historical,False,,,305.79,244.8571428571429,153.07142857142858,17.6,19.4,0,1,1,1,0,0,0,0,1,0,0,0,0,0,0,0,0,0,0,0,0.8660254037844387,-0.4999999999999998,0.8854560256532099,-0.4647231720437685,0,531.87,161424.5,160210.0,161229.44444444444,156438.7385620915,149975.04767801857,167228.94736842104,90382.56578947368,161375.73611111112,996.4195070873698,161194.31699346405,1045.3406273435703,158371.44534170392,4508.660414002262,153498.62699663942,9143.624182259931,162639.0,160210.0,162639.0,150301.81795665636,0.752364108298309,0.8742544269209285,8.444039537276682,79.94510177862378,5.132,-0.005703428060210847,0.797,11.999294448302228,1.579,0,0,0.333,138298.47,797,2017,2
Sorghum,2017-05-01,163853.5,NGN,NGN/MT,Gap-filled,wholesale,National,,,0.6,False,Weekly gap-fill,Interpolated,historical,False,,,305.79,244.8571428571429,153.07142857142858,16.3,17.9,0,1,1,1,0,0,0,0,1,0,1,0,0,0,0,0,0,0,0,0,0.4999999999999999,-0.8660254037844387,0.8229838658936565,-0.5680647467311557,0,535.84,162639.0,161424.5,161229.44444444444,159343.81372549018,150301.81795665636,165889.47368421053,93217.59868421052,162031.75,1567.9127579894746,161758.02777777778,1118.28263236085,159500.7521786492,3968.492225427781,153420.32031647747,9041.410205495467,163853.5,160210.0,163853.5,150628.58823529413,0.746745860463971,1.6275287461278376,9.016312794866943,75.77528526032928,5.613,-0.005618247834338064,0.827,12.006734117893862,1.579,0,0,0.333,140888.65,798,2017,2
Sorghum,2017-05-08,165068.0,NGN,NGN/MT,Gap-filled,wholesale,National,,,0.6,False,Weekly gap-fill,Interpolated,historical,False,,,305.79,244.8571428571429,153.07142857142858,16.3,17.9,0,1,1,1,0,0,0,0,1,0,1,0,0,0,0,0,0,0,0,0,0.4999999999999999,-0.8660254037844387,0.7485107481711013,-0.663122658240795,0,539.81,163853.5,162639.0,160210.0,162248.88888888888,150628.58823529413,164550.0,96052.63157894736,163246.25,1567.912757989591,162110.41666666666,1624.6072215532815,160704.03649237473,3135.4639147365674,153440.24339340054,9067.449067073327,165068.0,161424.5,165068.0,153533.66339869282,0.7412108987601806,3.032270145434124,9.586103098935194,71.85161643835617,6.391,-0.005534961703790309,0.86,12.014118847287252,1.579,0,0,0.333,141932.93,799,2017,2
Sorghum,2017-05-15,166282.5,NGN,NGN/MT,WFP Nigeria Food Prices,wholesale,National,,,0.9,True,WFP VAM data — converted to NGN/MT,WFP,historical,False,,,305.79,238.9333333333333,156.8,16.3,17.9,0,1,1,1,0,0,0,0,1,0,1,0,0,0,0,0,0,0,0,0,0.4999999999999999,-0.8660254037844387,0.6631226582407952,-0.7485107481711012,0,543.78,165068.0,163853.5,161424.5,161229.44444444444,153533.66339869282,163210.52631578947,98439.15789473684,164460.75,1567.9127579897074,162742.04861111112,2135.2128146951827,161766.43954248365,2599.004625542678,153558.39622740864,9218.6072235857,166282.5,162639.0,166282.5,156438.7385620915,0.7357573848353338,3.009456433193236,8.30360998304409,68.9190598093185,7.1,-0.005453513924846831,0.898,12.021449441978344,1.564,0,0,0.333,142977.21,800,2017,2
Sorghum,2017-05-22,166211.25,NGN,NGN/MT,Gap-filled,wholesale,National,,,0.6,False,Weekly gap-fill,Interpolated,historical,False,,,305.79,238.9333333333333,156.8,16.3,17.9,0,1,1,1,0,0,0,0,1,0,1,0,0,0,0,0,0,0,0,0,0.4999999999999999,-0.8660254037844387,0.5680647467311558,-0.8229838658936564,0,543.55,166282.5,165068.0,162639.0,161229.44444444444,156438.7385620915,155348.86640350876,100825.6842105263,165353.8125,1144.5939486526038,163364.77430555556,2347.00492834559,162580.8154956427,2290.623563956707,153976.18021188906,9543.414009269112,166282.5,163853.5,166282.5,159343.81372549018,-0.042848766406566874,2.196428900817149,6.246861568772966,64.85010868158074,7.389,-0.7786061512419007,0.875,12.02102086506516,1.564,0,0,0.333,142915.95,801,2017,2
Sorghum,2017-05-29,166211.25,NGN,NGN/MT,Gap-filled,wholesale,National,,,0.6,False,Weekly gap-fill,Interpolated,historical,False,,,305.79,238.9333333333333,156.8,16.3,17.9,0,1,1,1,0,0,0,0,1,0,1,0,0,0,0,0,0,1,0,0,0.4999999999999999,-0.8660254037844387,0.464723172043769,-0.8854560256532096,0,543.55,166211.25,166282.5,163853.5,161229.44444444444,159343.81372549018,147487.20649122808,103212.21052631576,165943.25,584.4658886544843,163987.5,2360.3727573320803,163153.10185185185,2266.11910097247,154696.33573145722,9738.633791859935,166282.5,165068.0,166282.5,160210.0,0.0,1.4389378316606027,4.309822963281595,61.03835888450575,7.27,0.042848766406566874,0.857,12.02102086506516,1.564,0,0,0.333,142915.95,802,2017,2
Sorghum,2017-06-05,166211.25,NGN,NGN/MT,Gap-filled,wholesale,National,,,0.6,False,Weekly gap-fill,Interpolated,historical,False,,,305.79,238.9333333333333,156.8,16.3,17.9,0,1,1,0,0,0,0,1,0,0,1,0,0,0,0,0,0,1,1,0,1.2246467991473532e-16,-1.0,0.3546048870425358,-0.9350162426854148,0,543.55,166211.25,166211.25,165068.0,160210.0,162248.88888888888,139625.54657894737,105598.73684210524,166229.0625,35.62500001069441,164737.65625,1896.3573914245844,163483.2986111111,2406.705854925233,155718.8627861131,9485.366977015336,166282.5,166211.25,166282.5,160210.0,0.0,0.6925933554656316,2.442149920561021,57.398899807414,6.749,0.0,0.841,12.02102086506516,1.564,0,0,0.333,142915.95,803,2017,2
Sorghum,2017-06-12,166140.0,NGN,NGN/MT,WFP Nigeria Food Prices,wholesale,National,,,0.9,True,WFP VAM data — converted to NGN/MT,WFP,historical,False,,,305.79,230.26666666666668,156.73333333333332,16.3,17.9,0,1,1,0,0,0,0,1,0,0,1,0,0,0,0,0,0,1,1,0,1.2246467991473532e-16,-1.0,0.2393156642875576,-0.970941817426052,0,543.31,166211.25,166211.25,166282.5,161424.5,161229.44444444444,131763.88666666666,107985.26315789472,166193.4375,35.625000010544035,165327.09375,1382.7132032490013,163892.51157407407,2406.115399444594,157041.0209912413,8339.33624903009,166211.25,166140.0,166282.5,160210.0,-0.04286713444486834,-0.08569753281313375,3.0456940247335584,53.85432710116393,5.828,-0.04286713444486834,0.822,12.020592104395051,1.525,0,0,0.333,142854.69,804,2017,2
Sorghum,2017-06-19,166401.09375,NGN,NGN/MT,Gap-filled,wholesale,National,,,0.6,False,Weekly gap-fill,Interpolated,historical,False,,,305.79,230.26666666666668,156.73333333333332,16.3,17.9,0,1,1,0,0,0,0,1,0,0,1,0,0,0,0,0,0,1,1,0,1.2246467991473532e-16,-1.0,0.120536680255323,-0.992708874098054,0,544.17,166140.0,166211.25,166211.25,162639.0,161229.44444444444,139625.54657894737,109898.15789473684,166240.8984375,111.95399729590346,165797.35546875,889.7616001178894,164323.48234953705,2348.2204626775488,158070.84972858947,7733.954258899454,166401.09375,166140.0,166401.09375,160210.0,0.15715285301551862,0.11421835164586724,3.20763327280309,51.41390623615645,5.169,0.20001998746038696,0.828,12.022162389922297,1.525,0,0,0.333,143079.19,805,2017,2
Sorghum,2017-06-26,166662.1875,NGN,NGN/MT,Gap-filled,wholesale,National,,,0.6,False,Weekly gap-fill,Interpolated,historical,False,,,305.79,230.26666666666668,156.73333333333332,16.3,17.9,0,1,1,0,0,0,0,1,0,0,1,0,0,0,0,0,0,0,1,0,1.2246467991473532e-16,-1.0,-3.216245299353273e-16,-1.0,0,545.02,166401.09375,166140.0,166211.25,163853.5,161229.44444444444,140379.31175438594,111811.05263157892,166353.6328125,233.35979348141802,166148.44140625,466.75163326894983,164776.2109375,2217.5425769216013,159081.72956495924,7013.138959540084,166662.1875,166140.0,166662.1875,160210.0,0.15690627033513316,0.27130383773661393,3.369572520872599,49.05698817554054,4.571,-0.0002465826803854654,0.839,12.023730213518332,1.525,0,0,0.333,143303.69,806,2017,2
Sorghum,2017-07-03,166923.28125,NGN,NGN/MT,Gap-filled,wholesale,National,,,0.6,False,Weekly gap-fill,Interpolated,historical,False,,,305.79,230.26666666666668,156.73333333333332,16.3,17.9,0,1,1,0,0,0,1,1,0,0,1,0,0,0,0,0,0,0,1,0,-0.4999999999999997,-0.8660254037844388,-0.1205366802553228,-0.992708874098054,0,545.88,166662.1875,166401.09375,166211.25,165068.0,160210.0,144687.0242982456,113723.94736842104,166531.640625,337.07058185087953,166380.3515625,274.58129076367993,165335.65104166666,1760.5886341153773,159936.97021694982,6526.463035567914,166923.28125,166140.0,166923.28125,161424.5,0.1566604602498689,0.4283893238273606,4.190301011172837,46.779359240173,4.123,-0.0002458100852642531,0.859,12.02529558289083,1.525,0,0,0.333,143528.19,807,2017,3
Sorghum,2017-07-10,167184.375,NGN,NGN/MT,WFP Nigeria Food Prices,wholesale,National,,,0.9,True,WFP VAM data — converted to NGN/MT,WFP,historical,False,,,305.79,212.53333333333333,151.26666666666668,16.3,17.9,0,1,1,0,0,0,1,1,0,0,1,0,0,0,0,0,0,0,1,0,-0.4999999999999997,-0.8660254037844388,-0.2393156642875574,-0.970941817426052,0,546.73,166923.28125,166662.1875,166140.0,166282.5,161424.5,148994.73684210525,115636.84210526316,166792.734375,337.070581850996,166493.0859375,389.6831390418342,165815.640625,1329.8117955158893,160636.57168456115,6276.734505059488,167184.375,166401.09375,167184.375,162639.0,0.1564154191343592,0.6286114120621189,3.5681541525604876,44.57708456601883,3.832,-0.0002450411155097143,0.893,12.026858505711312,1.428,0,0,0.333,143752.69,808,2017,3
Sorghum,2017-07-17,169350.125,NGN,NGN/MT,Gap-filled,wholesale,National,,,0.6,False,Weekly gap-fill,Interpolated,historical,False,,,305.79,212.53333333333333,151.26666666666668,16.3,17.9,0,1,1,0,0,0,1,1,0,0,1,0,0,0,0,0,0,0,1,0,-0.4999999999999997,-0.8660254037844388,-0.3546048870425356,-0.9350162426854148,0,553.81,167184.375,166923.28125,166401.09375,166211.25,162639.0,149321.50712074302,123398.73684210528,167529.9921875,1232.0062003046266,166885.4453125,1063.3266073812981,166374.90104166666,1282.7761478118575,161406.9031414556,6057.727468555311,169350.125,166662.1875,169350.125,163853.5,1.295426082730522,1.7722427079900127,4.126393423471608,37.23813495489161,3.794,1.1390106635961628,1.098,12.039729501270797,1.428,0,0,0.333,145614.9,809,2017,3
Sorghum,2017-07-24,171515.875,NGN,NGN/MT,Gap-filled,wholesale,National,,,0.6,False,Weekly gap-fill,Interpolated,historical,False,,,305.79,212.53333333333333,151.26666666666668,16.3,17.9,0,1,1,0,0,0,1,1,0,0,1,0,0,0,0,0,0,0,1,0,-0.4999999999999997,-0.8660254037844388,-0.464723172043768,-0.8854560256532101,0,560.89,169350.125,167184.375,166662.1875,166211.25,163853.5,149648.2773993808,131160.63157894736,168743.4140625,2144.6152774790894,167548.5234375,1904.2660112198623,167013.43229166666,1739.3871763033617,162247.9645876333,5875.153075501971,171515.875,166923.28125,171515.875,165068.0,1.2788594044438995,2.912290767814385,4.6763572337484405,30.767801996106027,4.003,-0.016566678286622505,1.302,12.052436937248972,1.428,0,0,0.333,147477.11,810,2017,3
Sorghum,2017-07-31,173681.625,NGN,NGN/MT,Gap-filled,wholesale,National,,,0.6,False,Weekly gap-fill,Interpolated,historical,False,,,305.79,212.53333333333333,151.26666666666668,16.3,17.9,0,1,1,0,0,0,1,1,0,0,1,0,0,0,0,0,0,0,1,0,-0.4999999999999997,-0.8660254037844388,-0.5680647467311556,-0.8229838658936565,0,567.98,171515.875,169350.125,166923.28125,166211.25,165068.0,149975.04767801857,138922.52631578947,170433.0,2795.971227349936,168482.3203125,2783.4825306651883,167731.234375,2482.2525412495324,163159.75602309412,5732.099923425165,173681.625,167184.375,173681.625,166140.0,1.2627111047301076,4.048772405736534,5.218228245329204,25.020491352999485,4.458,-0.016148299713791836,1.485,12.064984918440722,1.428,0,0,0.333,149339.32,811,2017,3
Sorghum,2017-08-07,173681.625,NGN,NGN/MT,Gap-filled,wholesale,National,,,0.6,False,Weekly gap-fill,Interpolated,historical,False,,,305.79,212.53333333333333,151.26666666666668,16.3,17.9,0,1,0,0,1,0,1,1,0,0,1,0,0,0,0,1,0,0,1,0,-0.8660254037844384,-0.5000000000000004,-0.663122658240795,-0.7485107481711013,0,567.98,173681.625,171515.875,167184.375,166140.0,166282.5,150301.81795665636,146684.42105263157,172057.3125,2073.547758623899,169425.0234375,3132.119691237366,168347.828125,2962.2383664178033,164058.97937091504,5461.80821849026,173681.625,169350.125,173681.625,166140.0,0.0,3.886278248191566,4.449731631410403,18.404956541145978,4.875,-1.2627111047301076,1.427,12.064984918440722,1.428,0,0,0.0,149339.32,812,2017,3
Sorghum,2017-08-14,178013.125,NGN,NGN/MT,WFP Nigeria Food Prices,wholesale,National,,,0.9,True,WFP VAM data — converted to NGN/MT,WFP,historical,False,,,305.79,204.8125,153.4375,16.3,17.9,0,1,0,0,1,0,1,1,0,0,1,0,0,0,0,1,0,0,1,0,-0.8660254037844384,-0.5000000000000004,-0.7485107481711011,-0.6631226582407952,0,582.14,173681.625,173681.625,169350.125,166401.09375,166211.25,150628.58823529413,154446.31578947368,174223.0625,2725.175654698529,170876.52734375,4078.2987576343808,169331.31770833334,3974.571377755595,165112.2307849422,5408.451525164149,178013.125,171515.875,178013.125,166140.0,2.4939310649586544,5.115437617775598,7.100527190548167,15.258900214007266,5.518,2.4939310649586544,1.778,12.08961818005845,1.4,0,0,0.0,153063.74,813,2017,3
Sorghum,2017-08-21,173655.5580357143,NGN,NGN/MT,Gap-filled,wholesale,National,,,0.6,False,Weekly gap-fill,Interpolated,historical,False,,,305.79,204.8125,153.4375,16.3,17.9,0,1,0,0,1,0,1,1,0,0,1,0,0,0,0,1,0,0,1,0,-0.8660254037844384,-0.5000000000000004,-0.8229838658936564,-0.5680647467311559,0,567.89,178013.125,173681.625,171515.875,166662.1875,166211.25,153533.66339869282,157441.9736842105,174757.98325892858,2170.1292841965483,171750.6986607143,3784.8682300650426,169951.67671130953,4023.967765991196,165886.14980944298,5117.17186824345,178013.125,173655.5580357143,178013.125,166140.0,-2.44789083068212,1.2475131154561003,4.4788232058385224,10.298133319913916,5.348,-4.941821895640775,1.285,12.06483482328528,1.4,0,0,0.0,149316.9,814,2017,3
Sorghum,2017-08-28,169297.99107142858,NGN,NGN/MT,Gap-filled,wholesale,National,,,0.6,False,Weekly gap-fill,Interpolated,historical,False,,,305.79,204.8125,153.4375,16.3,17.9,0,1,0,0,1,0,1,1,0,0,1,0,0,0,0,1,0,0,1,0,-0.8660254037844384,-0.5000000000000004,-0.8854560256532096,-0.4647231720437691,0,553.64,173655.5580357143,178013.125,173681.625,166923.28125,166211.25,156438.7385620915,160437.63157894736,173662.0747767857,3557.962399625569,172047.53738839287,3428.52534839195,170208.90513392858,3858.379285227169,166380.7364444175,4777.711859549879,178013.125,169297.99107142858,178013.125,166140.0,-2.5093161506466344,-2.523948016130906,1.8571192211288778,5.5226192292182175,4.376,-0.06142531996451428,0.829,12.03942160869076,1.4,0,0,0.0,145570.07,815,2017,3
Sorghum,2017-09-04,164940.42410714284,NGN,NGN/MT,Gap-filled,wholesale,National,,,0.6,False,Weekly gap-fill,Interpolated,historical,False,,,305.79,204.8125,153.4375,16.3,17.9,0,1,0,0,1,1,0,0,0,0,0,0,0,0,0,1,0,0,0,0,-1.0,-1.8369701987210287e-16,-0.9350162426854148,-0.3546048870425359,0,539.39,169297.99107142858,173655.5580357143,173681.625,167184.375,166140.0,159343.81372549018,163433.2894736842,171476.77455357142,5625.5947608876295,171767.0435267857,3937.2724202242644,170108.94047619047,3986.7848283422713,166595.99068986572,4569.528594741801,178013.125,164940.42410714284,178013.125,164940.42410714284,-2.573903527565924,-5.0328875566757025,-0.7220271414813739,0.9221711429245216,2.93,-0.06458737691928951,0.396,12.013345684442124,1.4,0,0,0.0,141823.24,816,2017,3
Sorghum,2017-09-11,160582.85714285713,NGN,NGN/MT,WFP Nigeria Food Prices,wholesale,National,,,0.9,True,WFP VAM data — converted to NGN/MT,WFP,historical,False,,,305.79,203.5,154.71428571428572,16.3,17.9,0,1,0,0,1,1,0,0,0,0,0,0,0,0,0,1,0,0,0,0,-1.0,-1.8369701987210287e-16,-0.970941817426052,-0.2393156642875577,0,525.14,164940.42410714284,169297.99107142858,178013.125,169350.125,166401.09375,162248.88888888888,166428.94736842104,167119.2075892857,5625.594760887533,170671.13504464284,5582.513584819813,169624.08742559524,4757.922890039022,166531.91254578752,4644.000491894529,173655.5580357143,160582.85714285713,178013.125,160582.85714285713,-2.641903576927329,-9.791563322728514,-3.496513439920146,-3.5126643038981165,0.353,-0.06800004936140525,-0.023,11.9865715595203,1.398,0,0,0.0,138076.4,817,2017,3
Sorghum,2017-09-18,156704.45054945053,NGN,NGN/MT,Gap-filled,wholesale,National,,,0.6,False,Weekly gap-fill,Interpolated,historical,False,,,305.79,203.5,154.71428571428572,16.3,17.9,0,1,0,0,1,1,0,0,0,0,0,0,0,0,0,1,0,0,0,0,-1.0,-1.8369701987210287e-16,-0.992708874098054,-0.1205366802553235,0,512.46,160582.85714285713,164940.42410714284,173655.5580357143,171515.875,166662.1875,161229.44444444444,167298.6842105263,162881.43071771978,5442.126576646458,168819.70698832418,7417.003716241334,168794.27601304944,6021.908898352498,166357.874319057,4926.840097377413,169297.99107142858,156704.45054945053,178013.125,156704.45054945053,-2.415205870920767,-9.761338869889535,-5.974802743153407,-6.33252658923732,-2.09,0.22669770600656225,-0.388,11.962123211079648,1.398,0,0,0.0,134741.57,818,2017,3
Sorghum,2017-09-25,152826.04395604396,NGN,NGN/MT,Gap-filled,wholesale,National,,,0.6,False,Weekly gap-fill,Interpolated,historical,False,,,305.79,203.5,154.71428571428572,16.3,17.9,0,1,0,0,1,1,0,0,0,0,0,0,0,0,0,1,0,0,0,0,-1.0,-1.8369701987210287e-16,-1.0,-1.8369701987210287e-16,0,499.77,156704.45054945053,160582.85714285713,169297.99107142858,173681.625,166923.28125,161229.44444444444,168168.42105263157,158763.44393887362,5194.789721115191,166212.75935782967,8967.187899223874,167619.50623855312,7590.78424458834,166034.66660796467,5517.018868140415,164940.42410714284,152826.04395604396,178013.125,152826.04395604396,-2.4749817760808757,-9.729558520534919,-8.44533919318462,-9.12322123294832,-4.379,-0.05977590516010878,-0.744,11.937062129294935,1.398,0,0,0.0,131406.74,819,2017,3
Sorghum,2017-10-02,148947.63736263738,NGN,NGN/MT,Gap-filled,wholesale,National,,,0.6,False,Weekly gap-fill,Interpolated,historical,False,,,305.79,203.5,154.71428571428572,16.3,17.9,0,1,0,0,0,1,0,0,0,1,0,1,0,1,1,1,1,0,0,0,-0.8660254037844386,0.5000000000000001,-0.992708874098054,0.1205366802553232,0,487.09,152826.04395604396,156704.45054945053,164940.42410714284,173681.625,167184.375,161229.44444444444,168568.42105263157,154765.24725274724,5007.001382028042,163121.01090315933,10202.957744919877,166099.7781021062,9315.454045182183,165562.28941251055,6400.038101733124,160582.85714285713,148947.63736263738,178013.125,148947.63736263738,-2.537791657109234,-9.696098958807564,-10.908159113172278,-11.63965561726894,-6.521,-0.06280988102835838,-1.086,11.911356809812489,1.398,0,0,0.333,128071.92,820,2017,4
Sorghum,2017-10-09,145069.23076923078,NGN,NGN/MT,WFP Nigeria Food Prices,wholesale,National,,,0.9,True,WFP VAM data — converted to NGN/MT,WFP,historical,False,,,305.79,190.25,157.0,16.3,17.9,0,1,0,0,0,1,0,0,0,1,0,1,0,1,1,1,1,0,0,0,-0.8660254037844386,0.5000000000000001,-0.970941817426052,0.2393156642875573,0,474.41,148947.63736263738,152826.04395604396,160582.85714285713,178013.125,169350.125,160210.0,169907.8947368421,150886.84065934067,5007.001382027907,159003.02412431317,9979.490468360698,164076.37024954212,11025.357297268496,164979.95213440404,7500.702923993787,156704.45054945053,145069.23076923078,178013.125,145069.23076923078,-2.6038725165972165,-9.660823483683057,-14.337688992416876,-14.618899260733064,-8.542,-0.06608085948798248,-1.407,11.884973254275673,1.345,0,0,0.333,124737.09,821,2017,4
Sorghum,2017-10-16,140776.0,NGN,NGN/MT,Gap-filled,wholesale,National,,,0.6,False,Weekly gap-fill,Interpolated,historical,False,,,305.79,190.25,157.0,16.3,17.9,0,1,0,0,0,1,0,0,0,1,0,1,0,1,1,1,1,0,0,0,-0.8660254037844386,0.5000000000000001,-0.9350162426854148,0.3546048870425355,0,460.37,145069.23076923078,148947.63736263738,156704.45054945053,173655.5580357143,171515.875,161424.5,168568.42105263157,146904.72802197805,5169.32678716107,154893.07936984889,9852.672598859872,161514.71399954212,12598.555360085124,164185.77905748098,8861.839955936555,152826.04395604396,140776.0,178013.125,140776.0,-2.9594358131396215,-10.164644650232225,-17.922466360621137,-16.487323591857116,-10.525,-0.3555632965424049,-1.733,11.854932357089917,1.345,0,0,0.333,121045.57,822,2017,4
Sorghum,2017-10-23,136482.76923076925,NGN,NGN/MT,Gap-filled,wholesale,National,,,0.6,False,Weekly gap-fill,Interpolated,historical,False,,,305.79,190.25,157.0,16.3,17.9,0,1,0,0,0,1,0,0,0,1,0,1,0,1,1,1,1,0,0,0,-0.8660254037844386,0.5000000000000001,-0.8854560256532101,0.464723172043768,0,446.33,140776.0,145069.23076923078,152826.04395604396,169297.99107142858,173681.625,162639.0,167228.94736842104,142818.90934065933,5383.474830923423,150791.17663976646,9829.687479500968,158414.8093521062,13847.255056206179,163179.7701817413,10396.26089094016,148947.63736263738,136482.76923076925,178013.125,136482.76923076925,-3.0496894138423825,-10.694037679844271,-21.41784185243013,-18.38567940627831,-12.478,-0.090253600702761,-2.013,11.823960979802894,1.345,0,0,0.333,117354.06,823,2017,4
Sorghum,2017-10-30,132189.53846153847,NGN,NGN/MT,Gap-filled,wholesale,National,,,0.6,False,Weekly gap-fill,Interpolated,historical,False,,,305.79,190.25,157.0,16.3,17.9,0,1,0,0,0,1,0,0,0,1,0,1,0,1,1,1,1,0,0,0,-0.8660254037844386,0.5000000000000001,-0.822983865893657,0.5680647467311548,0,432.29,136482.76923076925,140776.0,148947.63736263738,164940.42410714284,173681.625,163853.5,165889.47368421053,138629.38461538462,5542.5370902179075,146697.31593406593,9914.646213786345,154957.1354739011,14833.72774821103,161961.9255071851,12038.994602675348,145069.23076923078,132189.53846153847,178013.125,132189.53846153847,-3.1456210871363965,-11.251000148662026,-23.88973878984696,-20.314691748810855,-14.406,-0.09593167329401409,-2.239,11.791999633956014,1.345,0,0,0.333,113662.54,824,2017,4
Sorghum,2017-11-06,127896.30769230767,NGN,NGN/MT,Gap-filled,wholesale,National,,,0.6,False,Weekly gap-fill,Interpolated,historical,False,,,305.79,190.25,157.0,16.3,17.9,1,0,0,0,0,1,0,0,0,1,0,1,1,1,1,0,1,0,0,0,-0.5000000000000004,0.8660254037844384,-0.7485107481711011,0.6631226582407952,1,418.25,132189.53846153847,136482.76923076925,145069.23076923078,160582.85714285713,178013.125,165068.0,164550.0,134336.15384615384,5542.53709021774,142611.49725274724,10108.128332362485,150780.7340315934,14807.357099822302,160532.24503381233,13742.066441086607,140776.0,127896.30769230767,173655.5580357143,127896.30769230767,-3.2477840676325087,-11.837743252558475,-28.15343942065639,-22.27510927237455,-16.318,-0.10216298049611217,-2.41,11.758982937246142,1.345,0,0,0.667,109971.03,825,2017,4
Sorghum,2017-11-13,123603.07692307692,NGN,NGN/MT,WFP Nigeria Food Prices,wholesale,National,,,0.9,True,WFP VAM data — converted to NGN/MT,WFP,historical,False,,,305.79,215.95,156.19538461538465,16.3,17.9,1,0,0,0,0,1,0,0,0,1,0,1,1,1,1,0,1,0,0,0,-0.5000000000000004,0.8660254037844384,-0.6631226582407955,0.7485107481711007,1,404.21,127896.30769230767,132189.53846153847,140776.0,156704.45054945053,173655.5580357143,166282.5,163210.52631578947,130042.92307692308,5542.537090217562,138473.82554945056,10288.45332327764,146609.69393887362,14827.59293383268,158890.72876162297,15468.353253643121,136482.76923076925,123603.07692307692,169297.99107142858,123603.07692307692,-3.356805873989255,-12.198757655369574,-28.822850059508887,-24.267705206757118,-18.156,-0.10902180635674608,-2.53,11.724838808276278,1.458,0,0,0.667,106279.52,826,2017,4
Sorghum,2017-11-20,119889.80769230767,NGN,NGN/MT,Gap-filled,wholesale,National,,,0.6,False,Weekly gap-fill,Interpolated,historical,False,,,305.79,215.95,156.19538461538465,16.3,17.9,1,0,0,0,0,1,0,0,0,1,0,1,1,1,1,0,1,0,0,0,-0.5000000000000004,0.8660254037844384,-0.5680647467311559,0.8229838658936564,1,392.07,123603.07692307692,127896.30769230767,136482.76923076925,152826.04395604396,169297.99107142858,166211.25,155348.86640350876,125894.68269230769,5321.080484362699,134356.7960164835,10314.663567800046,142492.34532394688,14814.597878070126,157109.13482671173,17165.901807792045,132189.53846153847,119889.80769230767,164940.42410714284,119889.80769230767,-3.0041883448258866,-12.157550460018651,-29.184152196038216,-22.825437695244233,-19.868,0.3526175291633682,-2.576,11.69433667162377,1.458,0,0,0.667,103086.68,827,2017,4
Sorghum,2017-11-27,116176.53846153848,NGN,NGN/MT,Gap-filled,wholesale,National,,,0.6,False,Weekly gap-fill,Interpolated,historical,False,,,305.79,215.95,156.19538461538465,16.3,17.9,1,0,0,0,0,1,0,0,0,1,0,1,1,1,1,0,1,0,0,0,-0.5000000000000004,0.8660254037844384,-0.4647231720437684,0.88545602565321,1,379.92,119889.80769230767,123603.07692307692,132189.53846153847,148947.63736263738,164940.42410714284,166211.25,147487.20649122808,121891.43269230769,5021.77818598837,130260.40865384616,10198.963461307654,138428.68818681317,14785.254174354595,155184.72284446322,18828.75053530885,127896.30769230767,116176.53846153848,160582.85714285713,116176.53846153848,-3.097235121353392,-12.113666623217,-29.564544840704464,-21.22941289253575,-21.454,-0.09304677652750559,-2.611,11.662874804039737,1.458,0,0,0.667,99893.84,828,2017,4
Sorghum,2017-12-04,112463.26923076923,NGN,NGN/MT,Gap-filled,wholesale,National,,,0.6,False,Weekly gap-fill,Interpolated,historical,False,,,305.79,215.95,156.19538461538465,16.3,17.9,1,0,0,0,0,0,0,0,0,1,0,1,1,1,1,0,0,0,0,1,-2.4492935982947064e-16,1.0,-0.3546048870425359,0.9350162426854148,1,367.78,116176.53846153848,119889.80769230767,127896.30769230767,145069.23076923078,160582.85714285713,166211.25,139625.54657894737,118033.17307692308,4793.809963582663,126184.66346153845,9947.543544686268,134418.7225274725,14755.827925275653,153117.49281487742,20450.40344433502,123603.07692307692,112463.26923076923,156704.45054945053,112463.26923076923,-3.196229875620338,-12.066836595992413,-29.96558211022483,-19.453658742041146,-22.913,-0.0989947542669456,-2.649,11.63039084334127,1.458,0,0,0.667,96701.01,829,2017,4
Sorghum,2017-12-11,108750.0,NGN,NGN/MT,WFP Nigeria Food Prices,wholesale,National,,,0.9,True,WFP VAM data — converted to NGN/MT,WFP,historical,False,,,305.79,240.99375,169.78285714285715,16.3,17.9,1,0,0,0,0,0,0,0,0,1,0,1,1,1,1,0,0,0,0,1,-2.4492935982947064e-16,1.0,-0.2393156642875578,0.970941817426052,1,355.64,112463.26923076923,116176.53846153848,123603.07692307692,140776.0,156704.45054945053,166140.0,131763.88666666666,114319.90384615384,4793.809963582486,122181.41346153845,9677.128127353206,130422.51831501831,14664.964125409193,150910.18512256973,22025.155039392368,119889.80769230767,108750.0,152826.04395604396,108750.0,-3.3017617717921555,-12.01675337930348,-30.601843394561246,-17.466004721678164,-24.246,-0.10553189617181769,-2.696,11.596816144310951,1.613,0,0,0.667,93508.17,830,2017,4
Sorghum,2017-12-18,112463.26923076923,NGN,NGN/MT,Gap-filled,wholesale,National,,,0.6,False,Weekly gap-fill,Interpolated,historical,False,,,305.79,240.99375,169.78285714285715,16.3,17.9,1,0,0,0,0,0,0,0,0,1,0,1,1,1,1,0,0,0,0,1,-2.4492935982947064e-16,1.0,-0.1205366802553236,0.992708874098054,1,367.78,108750.0,112463.26923076923,119889.80769230767,136482.76923076925,152826.04395604396,166401.09375,139625.54657894737,112463.26923076923,3031.8716309838082,119178.97596153845,8223.000533982635,127058.95375457876,13653.260578571002,148835.65341029162,23025.19292146155,116176.53846153848,108750.0,148947.63736263738,108750.0,3.414500442086643,-6.194470242706829,-26.41092688160136,-19.453658742041146,-24.438,6.716262213878799,-2.325,11.63039084334127,1.613,0,0,0.667,96701.01,831,2017,4
Sorghum,2017-12-25,113723.6,NGN,NGN/MT,Gap-filled,wholesale,National,,,0.6,False,Weekly gap-fill,Interpolated,historical,False,,,305.79,240.99375,169.78285714285715,16.3,17.9,1,0,0,0,0,0,0,0,0,1,0,1,1,1,1,0,0,0,0,1,-2.4492935982947064e-16,1.0,6.432490598706546e-16,1.0,1,371.9,112463.26923076923,108750.0,116176.53846153848,132189.53846153847,148947.63736263738,166662.1875,140379.31175438594,111850.03461538462,2150.3933945490744,116870.73365384617,6449.658843472862,124123.61730769232,12232.035278796611,146799.55389106084,23716.045598911427,113723.6,108750.0,145069.23076923078,108750.0,1.1206599077647539,-2.1113888346316556,-23.648604292311592,-18.988347656970983,-23.808,-2.2938405343218893,-2.132,11.64153501517548,1.613,0,0,0.667,97784.69,832,2017,4
Sorghum,2018-01-01,116210.4,NGN,NGN/MT,Gap-filled,wholesale,National,,,0.6,False,Weekly gap-fill,Interpolated,historical,False,,,306.08,240.99375,169.78285714285715,15.1,16.2,1,0,0,0,0,0,0,0,0,1,0,0,1,0,0,0,0,0,0,1,0.4999999999999999,0.8660254037844387,0.120536680255323,0.992708874098054,1,379.67,113723.6,112463.26923076923,112463.26923076923,127896.30769230767,145069.23076923078,166923.28125,144687.0242982456,112786.81730769231,3109.0758325360543,115409.99519230769,4675.0003393885145,121718.71474358975,10446.170096101825,144849.05845836856,24077.44767282313,116210.4,108750.0,140776.0,108750.0,2.1867053100675493,3.3318707475431975,-19.893143857044393,-19.681532906189503,-22.135,1.0660454023027954,-1.899,11.663166225300364,1.613,0,0,0.333,100964.73,833,2018,1
Sorghum,2018-01-08,118697.2,NGN,NGN/MT,Gap-filled,wholesale,National,,,0.6,False,Weekly gap-fill,Interpolated,historical,False,,,306.08,240.99375,169.78285714285715,15.1,16.2,1,0,0,0,0,0,0,0,0,1,0,0,1,0,0,0,0,0,0,1,0.4999999999999999,0.8660254037844387,0.2393156642875577,0.970941817426052,1,387.8,116210.4,113723.6,108750.0,123603.07692307692,140776.0,167184.375,148994.73684210525,115273.61730769232,2762.793889720385,114796.76057692309,3657.869615453069,119878.81474358974,8558.216744610982,142984.1671122147,24155.92447719033,118697.2,112463.26923076923,136482.76923076925,108750.0,2.139911746280876,9.146850574712651,-15.683639256691484,-20.334635628245433,-19.38,-0.04679356378667343,-1.688,11.684339416203084,1.613,0,0,0.333,103125.28,834,2018,1
Sorghum,2018-01-15,121184.0,NGN,NGN/MT,WFP Nigeria Food Prices,wholesale,National,,,0.9,True,WFP VAM data — converted to NGN/MT,WFP,historical,False,,,306.08,220.75923076923075,203.8007692307692,15.1,16.2,1,0,0,0,0,0,0,0,0,1,0,0,1,0,0,0,0,0,0,1,0.4999999999999999,0.8660254037844387,0.3546048870425356,0.9350162426854148,1,395.92,118697.2,116210.4,112463.26923076923,119889.80769230767,136482.76923076925,169350.125,149321.50712074302,117453.8,3210.4449951133506,114958.53461538462,3933.526274723894,118603.9173076923,6823.633093898781,141131.62384298394,23898.594857270895,121184.0,113723.6,132189.53846153847,108750.0,2.095078906663339,7.754292427100129,-11.209304527593233,-18.84357294759336,-16.777,-0.04483283961753681,-1.499,11.70507358258192,1.627,0,0,0.333,105285.84,835,2018,1
Sorghum,2018-01-22,118745.57142857142,NGN,NGN/MT,Gap-filled,wholesale,National,,,0.6,False,Weekly gap-fill,Interpolated,historical,False,,,306.08,220.75923076923075,203.8007692307692,15.1,16.2,1,0,0,0,0,0,0,0,0,1,0,0,1,0,0,0,0,0,0,1,0.4999999999999999,0.8660254037844387,0.4647231720437685,0.8854560256532099,1,387.96,121184.0,118697.2,113723.6,116176.53846153848,132189.53846153847,171515.875,149648.2773993808,118709.29285714285,2030.6077354882002,115279.66373626373,4146.281050266198,117483.58672161173,5330.622775235787,139101.99678254436,23451.56667859214,121184.0,116210.4,127896.30769230767,108750.0,-2.012170394960211,4.4159448246198885,-10.17022011683525,-20.6502249861095,-14.66,-4.1072493016235505,-1.552,11.684746849299627,1.627,0,0,0.333,103167.31,836,2018,1
Sorghum,2018-01-29,118745.57142857142,NGN,NGN/MT,Gap-filled,wholesale,National,,,0.6,False,Weekly gap-fill,Interpolated,historical,False,,,306.08,220.75923076923075,203.8007692307692,15.1,16.2,1,0,0,0,0,0,0,0,0,1,0,0,1,0,0,0,0,0,0,1,0.4999999999999999,0.8660254037844387,0.5680647467311558,0.8229838658936564,1,387.96,118745.57142857142,121184.0,116210.4,112463.26923076923,127896.30769230767,173681.625,149975.04767801857,119343.08571428571,1227.4880048943596,116064.95151098902,4131.560563732533,116721.02536630037,4250.7836756632805,136989.07164518174,22673.29450168821,121184.0,118697.2,123603.07692307692,108750.0,0.0,2.1815357563276905,-7.154808789125521,-20.823114733387992,-12.881,2.012170394960211,-1.489,11.684746849299627,1.627,0,0,0.333,103167.31,837,2018,1
Sorghum,2018-02-05,117526.35714285714,NGN,NGN/MT,Gap-filled,wholesale,National,,,0.6,False,Weekly gap-fill,Interpolated,historical,False,,,306.08,220.75923076923075,203.8007692307692,15.1,16.2,1,0,0,0,0,0,0,0,1,1,0,0,1,0,0,0,0,0,0,0,0.8660254037844386,0.5000000000000001,0.6631226582407952,0.7485107481711011,1,383.97,118745.57142857142,118745.57142857142,118697.2,108750.0,123603.07692307692,173681.625,150301.81795665636,119050.375,1534.1443330375885,117161.99615384615,2890.568013084999,116214.63205128204,3680.0382383931706,134829.25365067626,21691.588890725125,121184.0,117526.35714285714,121184.0,108750.0,-1.02674505756003,-0.9864115220433622,-4.916317563843142,-21.806430061445383,-11.703,-1.02674505756003,-1.483,11.67442641221413,1.627,0,0,0.333,102108.04,838,2018,1
Sorghum,2018-02-12,116307.14285714286,NGN,NGN/MT,WFP Nigeria Food Prices,wholesale,National,,,0.9,True,WFP VAM data — converted to NGN/MT,WFP,historical,False,,,306.08,218.217,198.105,15.1,16.2,1,0,0,0,0,0,0,0,1,1,0,0,1,0,0,0,0,0,0,0,0.8660254037844386,0.5000000000000001,0.7485107481711011,0.6631226582407953,1,379.99,117526.35714285714,118745.57142857142,121184.0,112463.26923076923,119889.80769230767,178013.125,150628.58823529413,117831.16071428571,1167.30880729886,117642.48035714286,2245.4240125255997,115916.07664835166,3495.4712793163294,132455.94664518174,20094.67622922857,118745.57142857142,116307.14285714286,121184.0,108750.0,-1.037396474590202,-4.02434078992041,-2.9882980914938018,-22.785479025096066,-11.041,-0.010651417030171917,-1.476,11.663998352024306,1.598,0,0,0.333,101048.78,839,2018,1
Sorghum,2018-02-19,116057.14285714286,NGN,NGN/MT,Gap-filled,wholesale,National,,,0.6,False,Weekly gap-fill,Interpolated,historical,False,,,306.08,218.217,198.105,15.1,16.2,1,0,0,0,0,0,0,0,1,1,0,0,1,0,0,0,0,0,0,0,0.8660254037844386,0.5000000000000001,0.8229838658936564,0.5680647467311559,1,379.17,116307.14285714286,117526.35714285714,118745.57142857142,113723.6,116176.53846153848,173655.5580357143,153533.66339869282,117159.05357142857,1237.1890063007386,117934.1732142857,1763.4583280841969,115906.12701465201,3494.8323602191394,130240.62298446745,18481.1406292155,118745.57142857142,116057.14285714286,121184.0,108750.0,-0.21494810538598141,-2.264024282409327,-0.10277083994472136,-24.409318264120206,-10.044,0.8224483692042206,-1.425,11.661846576041032,1.598,0,0,0.333,100831.58,840,2018,1
Sorghum,2018-02-26,115807.14285714286,NGN,NGN/MT,Gap-filled,wholesale,National,,,0.6,False,Weekly gap-fill,Interpolated,historical,False,,,306.08,218.217,198.105,15.1,16.2,1,0,0,0,0,0,0,0,1,1,0,0,1,0,0,0,0,0,0,0,0.8660254037844386,0.5000000000000001,0.8854560256532099,0.4647231720437686,1,378.36,116057.14285714286,116307.14285714286,118745.57142857142,116210.4,112463.26923076923,169297.99107142858,156438.7385620915,116424.44642857142,762.4397162953169,117883.76607142857,1824.47776988911,116184.78315018315,3324.524883721955,128183.2826685334,16866.07534912813,117526.35714285714,115807.14285714286,121184.0,108750.0,-0.21541112752339053,-2.4745584496985717,2.9733028830169816,-25.972847952121334,-9.173,-0.00046302213740911924,-1.377,11.659690159931571,1.598,0,0,0.333,100614.37,841,2018,1
Sorghum,2018-03-05,115807.14285714286,NGN,NGN/MT,Gap-filled,wholesale,National,,,0.6,False,Weekly gap-fill,Interpolated,historical,False,,,306.08,218.217,198.105,15.1,16.2,1,0,0,1,0,0,0,0,1,1,0,0,0,0,0,0,0,0,0,0,1.0,6.123233995736766e-17,0.9350162426854148,0.3546048870425355,0,378.36,115807.14285714286,116057.14285714286,117526.35714285714,118697.2,108750.0,164940.42410714284,159343.81372549018,115994.64285714284,239.35677689906,117522.50892857142,1923.8231787464154,116772.87838827838,2379.7146948778177,126293.54108199493,15258.892000526863,116307.14285714286,115807.14285714286,121184.0,112463.26923076923,0.0,-1.4628329572272225,6.48932676518883,-27.32247324226229,-8.155,0.21541112752339053,-1.32,11.659690159931571,1.598,0,0,0.333,100614.37,842,2018,1
Sorghum,2018-03-12,115307.14285714286,NGN,NGN/MT,WFP Nigeria Food Prices,wholesale,National,,,0.9,True,WFP VAM data — converted to NGN/MT,WFP,historical,False,,,306.08,216.24428571428567,172.50142857142856,15.1,16.2,1,0,0,1,0,0,0,0,1,1,0,0,0,0,0,0,0,0,0,0,1.0,6.123233995736766e-17,0.970941817426052,0.239315664287558,0,376.72,115807.14285714286,115807.14285714286,116307.14285714286,121184.0,112463.26923076923,160582.85714285713,162248.88888888888,115744.64285714286,314.57643477227987,116787.90178571428,1367.5743955300682,117009.86785714286,2026.9803734015868,124552.1674556213,13692.255391066115,116057.14285714286,115307.14285714286,121184.0,113723.6,-0.431752297539012,-0.8597924215439368,2.528713281967754,-28.931936824475034,-7.071,-0.431752297539012,-1.287,11.65536332698238,1.51,0,0,0.333,100179.97,843,2018,1
Sorghum,2018-03-19,116529.01785714286,NGN,NGN/MT,Gap-filled,wholesale,National,,,0.6,False,Weekly gap-fill,Interpolated,historical,False,,,306.08,216.24428571428567,172.50142857142856,15.1,16.2,1,0,0,1,0,0,0,0,1,1,0,0,0,0,0,0,0,0,0,0,1.0,6.123233995736766e-17,0.992708874098054,0.120536680255323,0,380.71,115307.14285714286,115807.14285714286,116057.14285714286,118745.57142857142,113723.6,156704.45054945053,161229.44444444444,115862.61160714286,502.923581557893,116510.83258928571,1115.618331573365,117243.65267857142,1757.3466558359075,123006.95850591717,12092.094319072894,116529.01785714286,115307.14285714286,121184.0,115307.14285714286,1.0596698259307535,0.4065885032003891,2.4668739444960064,-27.724729029072737,-5.808,1.4914221234697655,-1.187,11.665904182808033,1.51,0,0,0.333,101241.54,844,2018,1
Sorghum,2018-03-26,117750.89285714286,NGN,NGN/MT,Gap-filled,wholesale,National,,,0.6,False,Weekly gap-fill,Interpolated,historical,False,,,306.08,216.24428571428567,172.50142857142856,15.1,16.2,1,0,0,1,0,0,0,0,1,1,0,0,0,0,0,0,0,0,0,0,1.0,6.123233995736766e-17,1.0,-1.6081226496766364e-16,0,384.71,116529.01785714286,115307.14285714286,115807.14285714286,118745.57142857142,116210.4,152826.04395604396,161229.44444444444,116348.54910714286,1060.9405682242275,116386.49776785713,856.2583420028525,117372.02708333333,1731.075903066734,121657.91423288251,10481.601142650487,117750.89285714286,115307.14285714286,121184.0,115307.14285714286,1.0485585671870412,1.6784370566829132,1.3256067074399969,-26.96688048334942,-4.364,-0.011111258743712327,-1.092,11.676335086969356,1.51,0,0,0.333,102303.12,845,2018,1
Sorghum,2018-04-02,118972.76785714286,NGN,NGN/MT,Gap-filled,wholesale,National,,,0.6,False,Weekly gap-fill,Interpolated,historical,False,,,306.08,216.24428571428567,172.50142857142856,15.1,16.2,0,1,1,1,0,0,0,0,1,0,0,0,0,0,0,0,0,0,0,0,0.8660254037844387,-0.4999999999999998,0.992708874098054,-0.1205366802553228,0,388.7,117750.89285714286,116529.01785714286,115807.14285714286,117526.35714285714,118697.2,148947.63736263738,161229.44444444444,117139.95535714284,1577.4338420431873,116567.29910714287,1210.6815685746521,117394.99107142858,1751.955303312174,120505.03463651732,8887.120275869218,118972.76785714286,115307.14285714286,121184.0,115307.14285714286,1.0376779065976116,2.7335317337938703,0.23216036868844991,-26.209031937626104,-2.792,-0.010880660589429603,-1.002,11.68665830961833,1.51,0,0,0.333,103364.7,846,2018,2
Sorghum,2018-04-09,120194.64285714286,NGN,NGN/MT,WFP Nigeria Food Prices,wholesale,National,,,0.9,True,WFP VAM data — converted to NGN/MT,WFP,historical,False,,,306.08,222.99444444444444,155.70000000000002,15.1,16.2,0,1,1,1,0,0,0,0,1,0,0,0,0,0,0,0,0,0,0,0,0.8660254037844387,-0.4999999999999998,0.970941817426052,-0.2393156642875575,0,392.69,118972.76785714286,117750.89285714286,115307.14285714286,116307.14285714286,121184.0,145069.23076923078,160210.0,118361.83035714286,1577.4338420433996,117053.23660714286,1750.9633429468117,117312.54464285714,1571.4126166746976,119548.31971682164,7341.447791757782,120194.64285714286,116529.01785714286,120194.64285714286,115307.14285714286,1.027020739289819,4.23867930372297,-0.8164090497566834,-24.976816143097903,-0.992,-0.010657167307792648,-0.916,11.6968760513176,1.489,0,0,0.333,104426.28,847,2018,2
Sorghum,2018-04-16,119614.38571428572,NGN,NGN/MT,Gap-filled,wholesale,National,,,0.6,False,Weekly gap-fill,Interpolated,historical,False,,,306.08,222.99444444444444,155.70000000000002,15.1,16.2,0,1,1,1,0,0,0,0,1,0,0,0,0,0,0,0,0,0,0,0,0.8660254037844387,-0.4999999999999998,0.9350162426854148,-0.3546048870425354,0,390.79,120194.64285714286,118972.76785714286,116529.01785714286,116057.14285714286,118745.57142857142,140776.0,161424.5,119133.17232142857,1047.9682147137726,117497.8919642857,1906.6291607196958,117384.94583333332,1660.9065731275546,118734.4114750634,5931.568879184455,120194.64285714286,117750.89285714286,120194.64285714286,115307.14285714286,-0.4827645634313371,2.647724930562201,0.7316603686874368,-25.900724044809976,0.336,-1.509785302721156,-0.905,11.69203675532089,1.489,0,0,0.333,103922.14,848,2018,2
Sorghum,2018-04-23,119614.38571428572,NGN,NGN/MT,Gap-filled,wholesale,National,,,0.6,False,Weekly gap-fill,Interpolated,historical,False,,,306.08,222.99444444444444,155.70000000000002,15.1,16.2,0,1,1,1,0,0,0,0,1,0,0,0,0,0,0,0,0,0,0,0,0.8660254037844387,-0.4999999999999998,0.8854560256532099,-0.4647231720437685,0,390.79,119614.38571428572,120194.64285714286,117750.89285714286,115807.14285714286,118745.57142857142,136482.76923076925,162639.0,119599.0455357143,499.14277919760286,117973.79732142857,1899.4611745128823,117457.34702380952,1742.5403106076185,118085.62749366018,4709.199290037452,120194.64285714286,118972.76785714286,120194.64285714286,115307.14285714286,0.0,1.5825721673326854,0.7316603686874368,-26.454057320639134,1.282,0.4827645634313371,-0.871,11.69203675532089,1.489,0,0,0.333,103922.14,849,2018,2
Sorghum,2018-04-30,119324.25714285714,NGN,NGN/MT,Gap-filled,wholesale,National,,,0.6,False,Weekly gap-fill,Interpolated,historical,False,,,306.08,222.99444444444444,155.70000000000002,15.1,16.2,0,1,1,1,0,0,0,0,1,0,0,0,0,0,0,0,0,0,0,0,0.8660254037844387,-0.4999999999999998,0.8229838658936565,-0.5680647467311557,0,389.85,119614.38571428572,119614.38571428572,118972.76785714286,115807.14285714286,117526.35714285714,132189.53846153847,163853.5,119686.91785714285,365.0704465143996,118413.43660714285,1725.3884789771432,117607.17202380953,1824.3836992651864,117590.80898140321,3745.193550610556,120194.64285714286,119324.25714285714,120194.64285714286,115307.14285714286,-0.24255324281946544,0.29543675586025664,1.5297845042662184,-27.1762537004964,1.783,-0.24255324281946544,-0.849,11.689608296850674,1.489,0,0,0.333,103670.08,850,2018,2
Sorghum,2018-05-07,119324.25714285714,NGN,NGN/MT,Gap-filled,wholesale,National,,,0.6,False,Weekly gap-fill,Interpolated,historical,False,,,306.08,222.99444444444444,155.70000000000002,15.1,16.2,0,1,1,1,0,0,0,0,1,0,1,0,0,0,0,0,0,0,0,0,0.4999999999999999,-0.8660254037844387,0.7485107481711013,-0.663122658240795,0,389.85,119324.25714285714,119614.38571428572,120194.64285714286,115307.14285714286,116307.14285714286,127896.30769230767,165068.0,119469.32142857142,167.50580876235767,118915.57589285714,1195.3564986849055,117858.5982142857,1836.7921301792726,117261.11472950128,3128.176793873333,119614.38571428572,119324.25714285714,120194.64285714286,115307.14285714286,0.0,-0.7241468451470112,2.5940919977891053,-27.71205979180874,1.883,0.24255324281946544,-0.816,11.689608296850674,1.489,0,0,0.333,103670.08,851,2018,2
Sorghum,2018-05-14,118744.0,NGN,NGN/MT,WFP Nigeria Food Prices,wholesale,National,,,0.9,True,WFP VAM data — converted to NGN/MT,WFP,historical,False,,,306.08,212.72466666666665,148.632,15.1,16.2,0,1,1,1,0,0,0,0,1,0,1,0,0,0,0,0,0,0,0,0,0.4999999999999999,-0.8660254037844387,0.6631226582407952,-0.7485107481711012,0,387.95,119324.25714285714,119324.25714285714,119614.38571428572,116529.01785714286,116057.14285714286,123603.07692307692,166282.5,119251.72499999999,365.0704465140873,119192.44866071429,729.251172208052,118082.50297619047,1759.3633516365244,117074.22715553678,2868.5021492482397,119614.38571428572,118744.0,120194.64285714286,115307.14285714286,-0.4862859880723547,-0.727659728458363,2.3151157065484984,-28.58899763955919,1.86,-0.4862859880723547,-0.808,11.684733615747279,1.42,0,0,0.333,103165.94,852,2018,2
Sorghum,2018-05-21,120604.875,NGN,NGN/MT,Gap-filled,wholesale,National,,,0.6,False,Weekly gap-fill,Interpolated,historical,False,,,306.08,212.72466666666665,148.632,15.1,16.2,0,1,1,1,0,0,0,0,1,0,1,0,0,0,0,0,0,1,0,0,0.4999999999999999,-0.8660254037844387,0.5680647467311558,-0.8229838658936564,0,394.03,118744.0,119324.25714285714,119614.38571428572,117750.89285714286,115807.14285714286,119889.80769230767,166211.25,119499.34732142856,786.1412437319921,119549.19642857143,611.9481975387639,118482.31398809522,1740.320353115848,117101.72974429418,2899.833986603491,120604.875,118744.0,120604.875,115307.14285714286,1.5671318129758083,0.8280686974225571,4.142863751310677,-27.438801525167523,2.047,2.053417801048163,-0.699,11.700283276848232,1.42,0,0,0.333,104782.69,853,2018,2
Sorghum,2018-05-28,122465.75,NGN,NGN/MT,Gap-filled,wholesale,National,,,0.6,False,Weekly gap-fill,Interpolated,historical,False,,,306.08,212.72466666666665,148.632,15.1,16.2,0,1,1,1,0,0,0,0,1,0,1,0,0,0,0,0,0,1,0,0,0.4999999999999999,-0.8660254037844387,0.464723172043769,-0.8854560256532096,0,400.11,120604.875,118744.0,119324.25714285714,118972.76785714286,115807.14285714286,116176.53846153848,166211.25,120284.72053571428,1648.8074582582763,119985.81919642858,1150.7924897378916,119037.19791666667,1866.7505076756822,117343.62249577347,3076.5002743818227,122465.75,118744.0,122465.75,115307.14285714286,1.542951725624686,2.6327361530370297,5.749737864676496,-26.319217261166138,2.506,-0.024180087351122204,-0.592,11.715594843552088,1.42,0,0,0.333,106399.44,854,2018,2
Sorghum,2018-06-04,124326.625,NGN,NGN/MT,Gap-filled,wholesale,National,,,0.6,False,Weekly gap-fill,Interpolated,historical,False,,,306.08,212.72466666666665,148.632,15.1,16.2,0,1,1,0,0,0,0,1,0,0,1,0,0,0,0,0,0,1,1,0,1.2246467991473532e-16,-1.0,0.3546048870425358,-0.9350162426854148,0,406.19,122465.75,120604.875,119324.25714285714,120194.64285714286,115307.14285714286,112463.26923076923,166211.25,121535.3125,2402.3792947878746,120502.31696428571,1924.8410557940886,119788.82142857142,2036.4363998289296,117799.90540997464,3200.954719436097,124326.625,118744.0,124326.625,116529.01785714286,1.5195064742591358,4.192247223591705,7.822136529765222,-25.199632997164755,3.171,-0.023445251365550313,-0.484,11.730675497375726,1.42,0,0,0.333,108016.18,855,2018,2
Sorghum,2018-06-11,126187.5,NGN,NGN/MT,WFP Nigeria Food Prices,wholesale,National,,,0.9,True,WFP VAM data — converted to NGN/MT,WFP,historical,False,,,306.08,212.72466666666665,148.632,15.1,16.2,0,1,1,0,0,0,0,1,0,0,1,0,0,0,0,0,0,1,1,0,1.2246467991473532e-16,-1.0,0.2393156642875576,-0.970941817426052,0,412.27,124326.625,122465.75,118744.0,119614.38571428572,116529.01785714286,108750.0,166140.0,123396.1875,2402.379294788087,121323.95625,2727.302354989192,120593.69494047617,2489.2627059250945,118470.57848689772,3052.270441460343,126187.5,120604.875,126187.5,117750.89285714286,1.4967630626183226,6.268527251903255,8.288478115123077,-24.047490068616828,4.158,-0.02274341164081317,-0.376,11.745532099738998,1.42,0,0,0.333,109632.93,856,2018,2
Sorghum,2018-06-18,124326.625,NGN,NGN/MT,Gap-filled,wholesale,National,,,0.6,False,Weekly gap-fill,Interpolated,historical,False,,,306.08,212.72466666666665,148.632,15.1,16.2,0,1,1,0,0,0,0,1,0,0,1,0,0,0,0,0,0,0,1,0,1.2246467991473532e-16,-1.0,0.120536680255323,-0.992708874098054,0,406.19,126187.5,124326.625,120604.875,119614.38571428572,117750.89285714286,112463.26923076923,166401.09375,124326.625,1519.398075029061,121912.98616071428,2812.852778348046,121141.67261904762,2530.012679090574,118926.86140109891,3004.6719682360417,126187.5,122465.75,126187.5,118744.0,-1.4746904408122874,3.085903451249372,5.584443551383456,-25.284971271410285,4.54,-2.97145350343061,-0.431,11.730675497375726,1.42,0,0,0.333,108016.18,857,2018,2
Sorghum,2018-06-25,123017.75,NGN,NGN/MT,Gap-filled,wholesale,National,,,0.6,False,Weekly gap-fill,Interpolated,historical,False,,,306.08,212.72466666666665,148.632,15.1,16.2,0,1,1,0,0,0,0,1,0,0,1,0,0,0,0,0,0,0,1,0,1.2246467991473532e-16,-1.0,-3.216245299353273e-16,-1.0,0,401.91,124326.625,126187.5,122465.75,119324.25714285714,118972.76785714286,113723.6,166662.1875,124464.625,1303.819201577462,122374.67276785715,2624.0300056973147,121478.7544642857,2483.813676008404,119284.3287087912,2912.321592546134,126187.5,123017.75,126187.5,118744.0,-1.0527712788793275,0.45073826763808444,3.3999227013985056,-26.187366285468926,4.343,0.42191916193295986,-0.461,11.720092061761298,1.42,0,0,0.333,106879.02,858,2018,2
Sorghum,2018-07-02,121432.875,NGN,NGN/MT,Gap-filled,wholesale,National,,,0.6,False,Weekly gap-fill,Interpolated,historical,False,,,306.08,212.72466666666665,148.632,15.1,16.2,0,1,1,0,0,0,1,1,0,0,1,0,0,0,0,0,0,0,1,0,-0.4999999999999997,-0.8660254037844388,-0.1205366802553228,-0.992708874098054,0,396.74,123017.75,124326.625,124326.625,119324.25714285714,120194.64285714286,116210.4,166923.28125,123741.1875,2014.8490702845943,122638.25,2367.183322838184,121581.94047619047,2451.1227152507668,119485.19313186813,2871.645037194496,126187.5,121432.875,126187.5,118744.0,-1.288330342572519,-2.3275384496281415,1.0301891277540998,-27.252283749364647,3.562,-0.23555906369319146,-0.505,11.707125154927985,1.42,0,0,0.333,105502.06,859,2018,3
Sorghum,2018-07-09,119848.0,NGN,NGN/MT,WFP Nigeria Food Prices,wholesale,National,,,0.9,True,WFP VAM data — converted to NGN/MT,WFP,historical,False,,,306.08,220.24166666666667,144.49375,15.1,16.2,0,1,1,0,0,0,1,1,0,0,1,0,0,0,0,0,0,0,1,0,-0.4999999999999997,-0.8660254037844388,-0.2393156642875574,-0.970941817426052,0,391.56,121432.875,123017.75,126187.5,118744.0,119614.38571428572,118697.2,167184.375,122156.3125,1941.1336316765587,122776.25,2127.804307176178,121601.40833333333,2434.949282311796,119529.45467032967,2867.8799832651753,124326.625,119848.0,126187.5,118744.0,-1.3051449205991328,-5.023873204556706,0.1953061785329835,-28.313875025701417,2.198,-0.01681457802661379,-0.55,11.693987896064684,1.442,0,0,0.333,104125.11,860,2018,3
Sorghum,2018-07-16,119197.25333333333,NGN,NGN/MT,Gap-filled,wholesale,National,,,0.6,False,Weekly gap-fill,Interpolated,historical,False,,,306.08,220.24166666666667,144.49375,15.1,16.2,0,1,1,0,0,0,1,1,0,0,1,0,0,0,0,0,0,0,1,0,-0.4999999999999997,-0.8660254037844388,-0.3546048870425356,-0.9350162426854148,0,389.43,119848.0,121432.875,124326.625,120604.875,119614.38571428572,121184.0,169350.125,120873.96958333334,1709.9864237816294,122600.29729166666,2376.658250938852,121566.64730158729,2468.6389423622127,119453.04133699634,2848.4340505295445,123017.75,119197.25333333333,126187.5,118744.0,-0.5429766593240348,-4.125722600984849,-0.34873094775469404,-29.61490088458256,1.19,0.762168261275098,-0.552,11.688543380262178,1.442,0,0,0.333,103559.73,861,2018,3
Sorghum,2018-07-23,118546.50666666668,NGN,NGN/MT,Gap-filled,wholesale,National,,,0.6,False,Weekly gap-fill,Interpolated,historical,False,,,306.08,220.24166666666667,144.49375,15.1,16.2,0,1,1,0,0,0,1,1,0,0,1,0,0,0,0,0,0,0,1,0,-0.4999999999999997,-0.8660254037844388,-0.464723172043768,-0.8854560256532101,0,387.31,119197.25333333333,119848.0,123017.75,122465.75,119324.25714285714,118745.57142857142,171515.875,119756.15875,1237.6652247486127,122110.391875,2778.349664605607,121501.83476190474,2541.983626875722,119445.385,2850.678381267766,121432.875,118546.50666666668,126187.5,118546.50666666668,-0.5459409914814417,-3.6346326715724464,-0.651795783031206,-30.883070347472685,0.26,-0.0029643321574068793,-0.556,11.68306905935898,1.442,0,0,0.333,102994.36,862,2018,3
Sorghum,2018-07-30,117895.76,NGN,NGN/MT,Gap-filled,wholesale,National,,,0.6,False,Weekly gap-fill,Interpolated,historical,False,,,306.08,220.24166666666667,144.49375,15.1,16.2,0,1,1,0,0,0,1,1,0,0,1,0,0,0,0,0,0,0,1,0,-0.4999999999999997,-0.8660254037844388,-0.5680647467311556,-0.8229838658936565,0,385.18,118546.50666666668,119197.25333333333,121432.875,124326.625,119324.25714285714,118745.57142857142,173681.625,118871.88,840.1103341894923,121306.53375,2969.283643961714,121382.79333333333,2682.7795781312616,119412.69994505495,2863.8645450392232,119848.0,117895.76,126187.5,117895.76,-0.5489378683224189,-2.912815001703617,-1.1971556974764375,-32.1196125381715,-0.453,-0.0029968768409771585,-0.563,11.677564605231824,1.442,0,0,0.333,102428.98,863,2018,3
Sorghum,2018-08-06,117245.01333333334,NGN,NGN/MT,Gap-filled,wholesale,National,,,0.6,False,Weekly gap-fill,Interpolated,historical,False,,,306.08,220.24166666666667,144.49375,15.1,16.2,0,1,0,0,1,0,1,1,0,0,1,0,0,0,0,1,0,0,1,0,-0.8660254037844384,-0.5000000000000004,-0.663122658240795,-0.7485107481711013,0,383.05,117895.76,118546.50666666668,119848.0,126187.5,118744.0,117526.35714285714,173681.625,118221.13333333333,840.1103341892895,120188.72291666667,2518.2937987146584,121257.87777777779,2846.7064738896474,119401.87902930402,2871.7975902900357,119197.25333333333,117245.01333333334,126187.5,117245.01333333334,-0.5519678287553842,-2.171906637296128,-1.2623683442251066,-32.4942904389953,-0.989,-0.0030299604329653285,-0.574,11.672029684309,1.442,0,0,0.0,101863.61,864,2018,3
Sorghum,2018-08-13,116594.26666666666,NGN,NGN/MT,WFP Nigeria Food Prices,wholesale,National,,,0.9,True,WFP VAM data — converted to NGN/MT,WFP,historical,False,,,306.08,219.816,149.808,15.1,16.2,0,1,0,0,1,0,1,1,0,0,1,0,0,0,0,1,0,0,1,0,-0.8660254037844384,-0.5000000000000004,-0.7485107481711011,-0.6631226582407952,0,380.93,117245.01333333334,117895.76,119197.25333333333,124326.625,120604.875,116307.14285714286,178013.125,117570.38666666666,840.1103341890997,119222.178125,2161.905145402998,120923.66041666667,3149.6544726454804,119412.92225274724,2859.948666819449,118546.50666666668,116594.26666666666,126187.5,116594.26666666666,-0.5550314236534515,-2.1837639659258334,-3.3254114589757133,-34.50243252194654,-1.543,-0.00306359489806729,-0.596,11.666463957449045,1.456,0,0,0.0,101298.23,865,2018,3
Sorghum,2018-08-20,116204.31166666668,NGN,NGN/MT,Gap-filled,wholesale,National,,,0.6,False,Weekly gap-fill,Interpolated,historical,False,,,306.08,219.816,149.808,15.1,16.2,0,1,0,0,1,0,1,1,0,0,1,0,0,0,0,1,0,0,1,0,-0.8660254037844384,-0.5000000000000004,-0.8229838658936564,-0.5680647467311559,0,379.65,116594.26666666666,117245.01333333334,118546.50666666668,123017.75,122465.75,116057.14285714286,173655.5580357143,116984.83791666667,743.6929065037081,118370.49833333334,1757.2348963160323,120401.8738888889,3381.105715346902,119418.5825915751,2853.1789494308086,117895.76,116204.31166666668,126187.5,116204.31166666668,-0.33445469588555543,-1.9757604554184627,-5.11280773059678,-33.08344807324399,-2.038,0.22057672776789605,-0.608,11.66311383377231,1.456,0,0,0.0,100959.44,866,2018,3
Sorghum,2018-08-27,115814.35666666667,NGN,NGN/MT,Gap-filled,wholesale,National,,,0.6,False,Weekly gap-fill,Interpolated,historical,False,,,306.08,219.816,149.808,15.1,16.2,0,1,0,0,1,0,1,1,0,0,1,0,0,0,0,1,0,0,1,0,-0.8660254037844384,-0.5000000000000004,-0.8854560256532096,-0.4647231720437691,0,378.38,116204.31166666668,116594.26666666666,117895.76,121432.875,124326.625,115807.14285714286,169297.99107142858,116464.48708333334,610.034090098108,117668.18354166667,1455.279168338052,119692.51819444446,3375.7699647904024,119418.86004578754,2852.8140387885182,117245.01333333334,115814.35666666667,126187.5,115814.35666666667,-0.33557704908453445,-1.7654607199896977,-6.846697827865366,-31.59141704297992,-2.474,-0.0011223531989790203,-0.626,11.659752449030398,1.456,0,0,0.0,100620.64,867,2018,3
Sorghum,2018-09-03,115424.40166666669,NGN,NGN/MT,Gap-filled,wholesale,National,,,0.6,False,Weekly gap-fill,Interpolated,historical,False,,,306.08,219.816,149.808,15.1,16.2,0,1,0,0,1,1,0,0,0,0,0,0,0,0,0,1,0,0,0,0,-1.0,-1.8369701987210287e-16,-0.9350162426854148,-0.3546048870425359,0,377.11,115814.35666666667,116204.31166666668,117245.01333333334,119848.0,126187.5,115807.14285714286,164940.42410714284,116009.33416666668,503.4297402378057,117115.23375,1344.926537468826,118795.59333333334,2887.7860498915065,119404.13923076923,2873.1116297647295,116594.26666666666,115424.40166666669,124326.625,115424.40166666669,-0.3367069603661843,-1.5528265253299645,-8.529448902096737,-30.020549970401,-2.843,-0.0011299112816498535,-0.65,11.656379727262284,1.456,0,0,0.0,100281.84,868,2018,3
Sorghum,2018-09-10,115034.44666666668,NGN,NGN/MT,WFP Nigeria Food Prices,wholesale,National,,,0.9,True,WFP VAM data — converted to NGN/MT,WFP,historical,False,,,306.08,208.63466666666667,149.40333333333334,15.1,16.2,0,1,0,0,1,1,0,0,0,0,0,0,0,0,0,1,0,0,0,0,-1.0,-1.8369701987210287e-16,-0.970941817426052,-0.2393156642875577,0,375.83,115424.40166666669,115814.35666666667,116594.26666666666,119197.25333333333,124326.625,115307.14285714286,160582.85714285713,115619.37916666668,503.42974023762537,116594.88291666668,1224.1930964104724,118021.2451388889,2487.987912954047,119393.65091575091,2889.1191365047484,116204.31166666668,115034.44666666668,123017.75,115034.44666666668,-0.33784450633423946,-1.3378187835422217,-7.474005132314431,-28.364428984888367,-3.161,-0.0011375459680551536,-0.684,11.652995591735758,1.404,0,0,0.0,99943.05,869,2018,3
Sorghum,2018-09-17,114527.73466666669,NGN,NGN/MT,Gap-filled,wholesale,National,,,0.6,False,Weekly gap-fill,Interpolated,historical,False,,,306.08,208.63466666666667,149.40333333333334,15.1,16.2,0,1,0,0,1,1,0,0,0,0,0,0,0,0,0,1,0,0,0,0,-1.0,-1.8369701987210287e-16,-0.992708874098054,-0.1205366802553235,0,374.18,115034.44666666668,115424.40166666669,116204.31166666668,118546.50666666668,123017.75,116529.01785714286,156704.45054945053,115200.23491666668,549.8904695962466,116092.53641666667,1129.8540827728764,117313.74386111113,2117.5410332138754,119316.67848534799,2993.2738556602717,115814.35666666667,114527.73466666669,121432.875,114527.73466666669,-0.440487188562122,-1.4427838140888216,-6.9014555487588725,-26.914816863784175,-3.45,-0.10264268222788253,-0.744,11.648581028279276,1.404,0,0,0.0,99502.81,870,2018,3
Sorghum,2018-09-24,114021.02266666669,NGN,NGN/MT,Gap-filled,wholesale,National,,,0.6,False,Weekly gap-fill,Interpolated,historical,False,,,306.08,208.63466666666667,149.40333333333334,15.1,16.2,0,1,0,0,1,1,0,0,0,0,0,0,0,0,0,1,0,0,0,0,-1.0,-1.8369701987210287e-16,-1.0,-1.8369701987210287e-16,0,372.52,114527.73466666669,115034.44666666668,115814.35666666667,117895.76,121432.875,117750.89285714286,152826.04395604396,114751.90141666669,610.0608940905654,115608.19425,1075.6291838579812,116696.08950000002,1873.756288319146,119173.22193956043,3156.2599449168097,115424.40166666669,114021.02266666669,119848.0,114021.02266666669,-0.4424360627360624,-1.5484556937629956,-6.103662071192262,-25.391628471740347,-3.71,-0.001948874173940407,-0.823,11.64414689000608,1.404,0,0,0.0,99062.57,871,2018,3
Sorghum,2018-10-01,113514.31066666669,NGN,NGN/MT,Gap-filled,wholesale,National,,,0.6,False,Weekly gap-fill,Interpolated,historical,False,,,306.08,208.63466666666667,149.40333333333334,11.3,11.8,0,1,0,0,0,1,0,0,0,1,0,1,0,1,1,1,1,0,0,0,-0.8660254037844386,0.5000000000000001,-0.992708874098054,0.1205366802553232,0,370.86,114021.02266666669,114527.73466666669,115424.40166666669,117245.01333333334,119848.0,118972.76785714286,148947.63736263738,114274.37866666669,654.162379092613,115141.85641666668,1073.329328955593,116168.28205555557,1795.6208668331844,118963.28127838828,3345.962126748768,115034.44666666668,113514.31066666669,119197.25333333333,113514.31066666669,-0.4444022585916807,-1.654841586717637,-5.284768484524827,-23.789116311863655,-3.941,-0.0019661958556183023,-0.929,11.639693002547538,1.404,0,0,0.333,101989.5,872,2018,4
Sorghum,2018-10-08,113007.59866666669,NGN,NGN/MT,Gap-filled,wholesale,National,,,0.6,False,Weekly gap-fill,Interpolated,historical,False,,,306.08,208.63466666666667,149.40333333333334,11.3,11.8,0,1,0,0,0,1,0,0,0,1,0,1,0,1,1,1,1,0,0,0,-0.8660254037844386,0.5000000000000001,-0.970941817426052,0.2393156642875573,0,369.21,113514.31066666669,114021.02266666669,115034.44666666668,116594.26666666666,119197.25333333333,120194.64285714286,145069.23076923078,113767.66666666669,654.1623790924327,114693.5229166667,1127.6896818670828,115652.47750000002,1734.395301493887,118686.85650183151,3531.8765028828207,114527.73466666669,113007.59866666669,118546.50666666668,113007.59866666669,-0.446386008093691,-1.7619487542485102,-5.192782965692477,-22.100918253000323,-4.145,-0.0019837495020103013,-1.068,11.635219189194727,1.404,0,0,0.333,101534.23,873,2018,4
Sorghum,2018-10-15,112500.88666666669,NGN,NGN/MT,WFP Nigeria Food Prices,wholesale,National,,,0.9,True,WFP VAM data — converted to NGN/MT,WFP,historical,False,,,306.08,209.81375,149.6233333333333,11.3,11.8,0,1,0,0,0,1,0,0,0,1,0,1,0,1,1,1,1,0,0,0,-0.8660254037844386,0.5000000000000001,-0.9350162426854148,0.3546048870425355,0,367.55,113007.59866666669,113514.31066666669,114527.73466666669,116204.31166666668,118546.50666666668,119614.38571428572,140776.0,113260.95466666669,654.1623790922524,114230.59479166668,1177.9243012596526,115148.67583333336,1694.9315945296273,118413.26038461538,3727.2696571766887,114021.02266666669,112500.88666666669,117895.76,112500.88666666669,-0.44838754736716835,-1.7697442509442274,-5.099787560167657,-20.085180239055887,-4.351,-0.0020015392734773485,-1.237,11.630725270856361,1.41,0,0,0.333,101078.96,874,2018,4
Sorghum,2018-10-22,110124.415,NGN,NGN/MT,Gap-filled,wholesale,National,,,0.6,False,Weekly gap-fill,Interpolated,historical,False,,,306.08,209.81375,149.6233333333333,11.3,11.8,0,1,0,0,0,1,0,0,0,1,0,1,0,1,1,1,1,0,0,0,-0.8660254037844386,0.5000000000000001,-0.8854560256532101,0.464723172043768,0,359.79,112500.88666666669,113007.59866666669,114021.02266666669,115814.35666666667,117895.76,119614.38571428572,136482.76923076925,112286.80275000002,1499.786111820144,113519.35208333335,1691.0698600090323,114501.06375000002,2006.0053654497242,118048.26151098902,4055.1789334812984,113514.31066666669,110124.415,117245.01333333334,110124.415,-2.1124026103972238,-3.417446691438808,-6.591708641600002,-19.312587500479083,-4.881,-1.6640150630300554,-1.825,11.609375131676329,1.41,0,0,0.333,98943.77,875,2018,4
Sorghum,2018-10-29,107747.94333333334,NGN,NGN/MT,Gap-filled,wholesale,National,,,0.6,False,Weekly gap-fill,Interpolated,historical,False,,,306.08,209.81375,149.6233333333333,11.3,11.8,0,1,0,0,0,1,0,0,0,1,0,1,0,1,1,1,1,0,0,0,-0.8660254037844386,0.5000000000000001,-0.822983865893657,0.5680647467311548,0,352.03,110124.415,112500.88666666669,113514.31066666669,115424.40166666669,117245.01333333334,119324.25714285714,132189.53846153847,110845.21091666668,2417.2847168310377,112559.79479166669,2459.1509677909607,113709.64125,2608.096030586823,117603.01867216118,4518.521985996897,113007.59866666669,107747.94333333334,116594.26666666666,107747.94333333334,-2.15798800535435,-5.079859358232119,-8.100190984668455,-18.489810474159864,-5.746,-0.0455853949571261,-2.397,11.58755920126671,1.41,0,0,0.333,96808.57,876,2018,4
Sorghum,2018-11-05,105371.47166666668,NGN,NGN/MT,Gap-filled,wholesale,National,,,0.6,False,Weekly gap-fill,Interpolated,historical,False,,,306.08,209.81375,149.6233333333333,11.3,11.8,1,0,0,0,0,1,0,0,0,1,0,1,1,1,1,0,1,0,0,0,-0.5000000000000004,0.8660254037844384,-0.7485107481711011,0.6631226582407952,1,344.26,107747.94333333334,110124.415,113007.59866666669,115034.44666666668,116594.26666666666,119324.25714285714,127896.30769230767,108936.17916666667,3068.011729240964,111351.92291666669,3299.5327827772494,112774.40833333334,3378.163767725806,117066.37307692309,5097.396993980108,112500.88666666669,105371.47166666668,116204.31166666668,105371.47166666668,-2.2055842488934774,-6.7571801277929495,-9.625511889092309,-17.611795392742014,-6.945,-0.0475962435391275,-2.815,11.565256701342916,1.41,0,0,0.667,94673.38,877,2018,4
Sorghum,2018-11-12,102995.0,NGN,NGN/MT,WFP Nigeria Food Prices,wholesale,National,,,0.9,True,WFP VAM data — converted to NGN/MT,WFP,historical,False,,,306.08,219.90666666666667,148.61666666666667,11.3,11.8,1,0,0,0,0,1,0,0,0,1,0,1,1,1,1,0,1,0,0,0,-0.5000000000000004,0.8660254037844384,-0.6631226582407955,0.7485107481711007,1,336.5,105371.47166666668,107747.94333333334,112500.88666666669,114527.73466666669,116204.31166666668,118744.0,123603.07692307692,106559.7075,3068.0117292407836,109910.33108333335,4128.910273815905,111673.63236111111,4208.908219901748,116460.64230769231,5780.089470408661,110124.415,102995.0,115814.35666666667,102995.0,-2.255327394671336,-8.449610441588828,-11.36731630454275,-16.672786338403323,-8.502,-0.049743145777858544,-3.041,11.54244543150622,1.453,0,0,0.667,92538.19,878,2018,4
Sorghum,2018-11-19,99875.0,NGN,NGN/MT,Gap-filled,wholesale,National,,,0.6,False,Weekly gap-fill,Interpolated,historical,False,,,306.08,219.90666666666667,148.61666666666667,11.3,11.8,1,0,0,0,0,1,0,0,0,1,0,1,1,1,1,0,1,0,0,0,-0.5000000000000004,0.8660254037844384,-0.5680647467311559,0.8229838658936564,1,326.3,102995.0,105371.47166666668,110124.415,114021.02266666669,115814.35666666667,120604.875,119889.80769230767,103997.35375000001,3364.2054907371253,108142.07825000002,5044.539343865625,110345.35263888889,5185.2430118519505,115663.33942307693,6562.367664688437,107747.94333333334,99875.0,115424.40166666669,99875.0,-3.0292732656925114,-9.307123220586455,-13.762850414601747,-16.694336305613955,-10.086,-0.7739458710211755,-3.252,11.511684695534095,1.453,0,0,0.667,89734.95,879,2018,4
Sorghum,2018-11-26,96755.0,NGN,NGN/MT,Gap-filled,wholesale,National,,,0.6,False,Weekly gap-fill,Interpolated,historical,False,,,306.08,219.90666666666667,148.61666666666667,11.3,11.8,1,0,0,0,0,1,0,0,0,1,0,1,1,1,1,0,1,0,0,0,-0.5000000000000004,0.8660254037844384,-0.4647231720437684,0.88545602565321,1,316.11,99875.0,102995.0,107747.94333333334,113514.31066666669,115424.40166666669,122465.75,116176.53846153848,101249.11791666667,3747.3190677591883,106047.16441666668,5901.90040244748,108789.56916666667,6220.271809941285,114674.46442307693,7382.261242569735,105371.47166666668,96755.0,115034.44666666668,96755.0,-3.1239048811013803,-10.20246233315576,-16.174570885437134,-16.717263845804975,-11.707,-0.09463161540886889,-3.343,11.479947624473022,1.453,0,0,0.667,86931.72,880,2018,4
Sorghum,2018-12-03,93635.0,NGN,NGN/MT,Gap-filled,wholesale,National,,,0.6,False,Weekly gap-fill,Interpolated,historical,False,,,306.08,219.90666666666667,148.61666666666667,11.3,11.8,1,0,0,0,0,0,0,0,0,1,0,1,1,1,1,0,0,0,0,1,-2.4492935982947064e-16,1.0,-0.3546048870425359,0.9350162426854148,1,305.92,96755.0,99875.0,105371.47166666668,113007.59866666669,115034.44666666668,124326.625,112463.26923076923,98315.0,4027.902680052341,103625.58958333335,6574.072250604724,107006.28194444445,7249.518523943684,113494.01730769231,8187.086284016171,102995.0,93635.0,114527.73466666669,93635.0,-3.2246395535114436,-11.138187102287011,-18.602642327367814,-16.74170541151043,-13.374,-0.10073467241006329,-3.372,11.447170203904761,1.453,0,0,0.667,84128.48,881,2018,4
Sorghum,2018-12-10,90515.0,NGN,NGN/MT,WFP Nigeria Food Prices,wholesale,National,,,0.9,True,WFP VAM data — converted to NGN/MT,WFP,historical,False,,,306.08,227.10666666666663,148.82000000000002,11.3,11.8,1,0,0,0,0,0,0,0,0,1,0,1,1,1,1,0,0,0,0,1,-2.4492935982947064e-16,1.0,-0.2393156642875578,0.970941817426052,1,295.72,93635.0,96755.0,102995.0,112500.88666666669,114527.73466666669,126187.5,108750.0,95195.0,4027.902680052161,100877.35375000001,6920.190346612539,105005.22072222222,8232.142569092844,112121.99807692309,8930.121887423029,99875.0,90515.0,114021.02266666669,90515.0,-3.332087360495539,-12.117093062770035,-20.966742018041153,-16.767816091954025,-15.097,-0.10744780698409562,-3.374,11.413281909641631,1.486,0,0,0.667,81325.25,882,2018,4
Sorghum,2018-12-17,89426.6,NGN,NGN/MT,Gap-filled,wholesale,National,,,0.6,False,Weekly gap-fill,Interpolated,historical,False,,,306.08,227.10666666666663,148.82000000000002,11.3,11.8,1,0,0,0,0,0,0,0,0,1,0,1,1,1,1,0,0,0,0,1,-2.4492935982947064e-16,1.0,-0.1205366802553236,0.992708874098054,1,292.17,90515.0,93635.0,99875.0,110124.415,114021.02266666669,124326.625,112463.26923076923,92582.9,3304.127364368713,98290.126875,6837.761930146851,102955.6855,8823.78751617372,110779.68942307694,9618.645420364179,96755.0,89426.6,113514.31066666669,89426.6,-1.2024526321604112,-10.461476846057572,-21.570077246690666,-20.48372716562159,-16.426,2.129634728335128,-3.113,11.401184638348115,1.486,0,0,0.667,80347.35,883,2018,4
Sorghum,2018-12-24,88338.2,NGN,NGN/MT,Gap-filled,wholesale,National,,,0.6,False,Weekly gap-fill,Interpolated,historical,False,,,306.08,227.10666666666663,148.82000000000002,11.3,11.8,1,0,0,0,0,0,0,0,0,1,0,1,1,1,1,0,0,0,0,1,-2.4492935982947064e-16,1.0,6.432490598706546e-16,1.0,1,288.61,89426.6,90515.0,96755.0,107747.94333333334,113514.31066666669,123017.75,113723.6,90478.7,2284.1630151915924,95863.90895833333,6434.096748974557,100857.67627777778,9074.530250855429,109445.86057692308,10238.265926898523,93635.0,88338.2,113007.59866666669,88338.2,-1.217087533239558,-8.699085318588185,-22.178798883425376,-22.322015834883878,-17.33,-0.01463490107914689,-2.906,11.388939229189205,1.486,0,0,0.667,79369.45,884,2018,4
Sorghum,2018-12-31,87249.8,NGN,NGN/MT,Gap-filled,wholesale,National,,,0.6,False,Weekly gap-fill,Interpolated,historical,False,,,306.08,227.10666666666663,148.82000000000002,11.3,11.8,1,0,0,0,0,0,0,0,0,1,0,1,1,1,1,0,0,0,0,1,-2.4492935982947064e-16,1.0,0.120536680255323,0.992708874098054,1,285.06,88338.2,89426.6,93635.0,105371.47166666668,113007.59866666669,121432.875,116210.4,88882.4,1405.118357992798,93598.7,5763.716042376003,98711.19305555556,8985.256064882002,108131.12692307694,10815.890496872058,90515.0,87249.8,112500.88666666669,87249.8,-1.2320830625935253,-6.8192449404602895,-22.792979384194577,-24.920833247282502,-17.801,-0.014995529353967196,-2.736,11.37654200907708,1.486,0,0,0.667,78391.55,885,2018,4
Sorghum,2019-01-07,86161.4,NGN,NGN/MT,Gap-filled,wholesale,National,,,0.6,False,Weekly gap-fill,Interpolated,historical,False,,,306.92,227.10666666666663,148.82000000000002,11.3,11.8,1,0,0,0,0,0,0,0,0,1,0,0,1,0,0,0,0,0,0,1,0.4999999999999999,0.8660254037844387,0.2393156642875577,0.970941817426052,1,280.73,87249.8,88338.2,90515.0,102995.0,112500.88666666669,119848.0,118697.2,87794.0,1405.1183579926178,91494.5,4842.441456243223,96516.23583333332,8515.284127148823,106835.48846153847,11360.150197569626,89426.6,86161.4,110124.415,86161.4,-1.2474527162240068,-4.809810528641667,-23.412692510334608,-27.410756108821445,-17.823,-0.015369653630481483,-2.596,11.363989166595525,1.486,0,0,0.333,77413.66,886,2019,1
Sorghum,2019-01-14,85073.0,NGN,NGN/MT,WFP Nigeria Food Prices,wholesale,National,,,0.9,True,WFP VAM data — converted to NGN/MT,WFP,historical,False,,,306.92,205.94,153.1,11.3,11.8,1,0,0,0,0,0,0,0,0,1,0,0,1,0,0,0,0,0,0,1,0.4999999999999999,0.8660254037844387,0.3546048870425356,0.9350162426854148,1,277.18,86161.4,87249.8,89426.6,99875.0,110124.415,119197.25333333333,121184.0,86705.6,1405.1183579924373,89644.25,3923.5580845525524,94428.61791666667,7926.239649188918,105523.01717948719,11836.098822762684,88338.2,85073.0,107747.94333333334,85073.0,-1.2632106720642855,-4.86835013295821,-22.748284292815534,-29.798488249273834,-17.833,-0.015757955840278726,-2.481,11.351276744965613,1.404,0,0,0.333,76435.76,887,2019,1
Sorghum,2019-01-21,84824.16666666667,NGN,NGN/MT,Gap-filled,wholesale,National,,,0.6,False,Weekly gap-fill,Interpolated,historical,False,,,306.92,205.94,153.1,11.3,11.8,1,0,0,0,0,0,0,0,0,1,0,0,1,0,0,0,0,0,0,1,0.4999999999999999,0.8660254037844387,0.4647231720437685,0.8854560256532099,1,276.37,85073.0,86161.4,88338.2,96755.0,107747.94333333334,118546.50666666668,118745.57142857142,85827.09166666666,1112.1111845995497,88152.89583333333,2991.3565024753693,92518.30319444445,7148.60094985791,104226.00410256411,12194.135806558885,87249.8,84824.16666666667,105371.47166666668,84824.16666666667,-0.2924938973979163,-3.9779317818716353,-21.275372835422722,-28.566458819316367,-17.653,0.9707167746663692,-2.317,11.348347554480052,1.404,0,0,0.333,76212.19,888,2019,1
Sorghum,2019-01-28,84575.33333333334,NGN,NGN/MT,Gap-filled,wholesale,National,,,0.6,False,Weekly gap-fill,Interpolated,historical,False,,,306.92,205.94,153.1,11.3,11.8,1,0,0,0,0,0,0,0,0,1,0,0,1,0,0,0,0,0,0,1,0.4999999999999999,0.8660254037844387,0.5680647467311558,0.8229838658936564,1,275.56,84824.16666666667,85073.0,87249.8,93635.0,105371.47166666668,117895.76,118745.57142857142,85158.475,698.8039296514386,87020.4375,2240.002819119616,90785.29166666667,6208.310661141362,102944.44923076924,12448.306522543971,86161.4,84575.33333333334,102995.0,84575.33333333334,-0.2933519339024748,-3.0652983349722995,-19.736023426834237,-28.77601049382492,-17.277,-0.0008580365045585125,-2.179,11.345409758624651,1.404,0,0,0.333,75988.62,889,2019,1
Sorghum,2019-02-04,84571.05666666667,NGN,NGN/MT,Gap-filled,wholesale,National,,,0.6,False,Weekly gap-fill,Interpolated,historical,False,,,306.92,205.94,153.1,11.3,11.8,1,0,0,0,0,0,0,0,1,1,0,0,1,0,0,0,0,0,0,0,0.8660254037844386,0.5000000000000001,0.6631226582407952,0.7485107481711011,1,275.55,84575.33333333334,84824.16666666667,86161.4,90515.0,102995.0,117245.01333333334,117526.35714285714,84760.88916666668,239.36343324884106,86277.44458333333,1870.6179274777378,89249.96305555555,5092.12641454384,101687.75858974361,12595.273315168723,85073.0,84571.05666666667,99875.0,84571.05666666667,-0.005056635898570416,-1.845772391503997,-17.888191983429614,-28.04077423767354,-16.646,0.2882952980039044,-2.042,11.345359191585052,1.404,0,0,0.333,75984.78,890,2019,1
Sorghum,2019-02-11,84077.66666666667,NGN,NGN/MT,WFP Nigeria Food Prices,wholesale,National,,,0.9,True,WFP VAM data — converted to NGN/MT,WFP,historical,False,,,306.92,239.8886666666667,144.31133333333335,11.3,11.8,1,0,0,0,0,0,0,0,1,1,0,0,1,0,0,0,0,0,0,0,0.8660254037844386,0.5000000000000001,0.7485107481711011,0.6631226582407953,1,273.94,84571.05666666667,84575.33333333334,85073.0,89426.6,99875.0,116594.26666666666,116307.14285714286,84512.05583333335,312.8323622649458,85608.82791666666,1504.2766217396265,87933.51861111111,4025.9633945705,100437.12012820513,12670.071177366577,84824.16666666667,84077.66666666667,96755.0,84077.66666666667,-0.5834029033652488,-1.1699755895916764,-15.817104714226115,-27.710659378902324,-15.856,-0.5783462674666784,-1.957,11.339508147511996,1.53,0,0,0.333,75541.48,891,2019,1
Sorghum,2019-02-18,84571.05666666667,NGN,NGN/MT,Gap-filled,wholesale,National,,,0.6,False,Weekly gap-fill,Interpolated,historical,False,,,306.92,239.8886666666667,144.31133333333335,11.3,11.8,1,0,0,0,0,0,0,0,1,1,0,0,1,0,0,0,0,0,0,0,0.8660254037844386,0.5000000000000001,0.8229838658936564,0.5680647467311559,1,275.55,84077.66666666667,84571.05666666667,84824.16666666667,88338.2,96755.0,116204.31166666668,116057.14285714286,84448.77833333334,247.41599157809426,85137.93500000001,1048.366972915498,86918.19,3006.192154528954,99220.45647435897,12614.132074989597,84575.33333333334,84077.66666666667,93635.0,84077.66666666667,0.5868264660056299,-0.2983937360618527,-12.592572304618187,-27.129813310356145,-14.888,1.1702293693708787,-1.815,11.345359191585052,1.53,0,0,0.333,75984.78,892,2019,1
Sorghum,2019-02-25,85064.44666666666,NGN,NGN/MT,Gap-filled,wholesale,National,,,0.6,False,Weekly gap-fill,Interpolated,historical,False,,,306.92,239.8886666666667,144.31133333333335,11.3,11.8,1,0,0,0,0,0,0,0,1,1,0,0,1,0,0,0,0,0,0,0,0.8660254037844386,0.5000000000000001,0.8854560256532099,0.4647231720437686,1,277.16,84571.05666666667,84077.66666666667,84575.33333333334,87249.8,93635.0,115814.35666666667,115807.14285714286,84571.05666666667,402.8512480222266,84864.76583333334,614.3485257074877,86203.97722222222,2166.0339340065448,98037.76762820514,12436.35913704325,85064.44666666666,84077.66666666667,90515.0,84077.66666666667,0.5834029033652266,0.5783167669060063,-9.153151421299032,-26.54645942556385,-13.736,-0.0034235626404033326,-1.689,11.351176199989029,1.53,0,0,0.333,76428.07,893,2019,1
Sorghum,2019-03-04,85485.42533333332,NGN,NGN/MT,Gap-filled,wholesale,National,,,0.6,False,Weekly gap-fill,Interpolated,historical,False,,,306.92,239.8886666666667,144.31133333333335,11.3,11.8,1,0,0,1,0,0,0,0,1,1,0,0,0,0,0,0,0,0,0,0,1.0,6.123233995736766e-17,0.9350162426854148,0.3546048870425355,0,278.53,85064.44666666666,84571.05666666667,84571.05666666667,86161.4,90515.0,115424.40166666669,115807.14285714286,84799.64883333333,609.3493601199605,84780.269,429.0869228121673,85784.846,1690.4028751952756,96886.26853846153,12144.739214231808,85485.42533333332,84077.66666666667,89426.6,84077.66666666667,0.49489379307467996,1.081183921197293,-5.556620081386154,-26.18294241246737,-12.475,-0.08850911029054664,-1.58,11.356112874288684,1.53,0,0,0.333,76806.31,894,2019,1
Sorghum,2019-03-11,86051.22666666665,NGN,NGN/MT,WFP Nigeria Food Prices,wholesale,National,,,0.9,True,WFP VAM data — converted to NGN/MT,WFP,historical,False,,,306.92,236.09166666666667,145.71923076923076,11.3,11.8,1,0,0,1,0,0,0,0,1,1,0,0,0,0,0,0,0,0,0,0,1.0,6.123233995736766e-17,0.970941817426052,0.239315664287558,0,280.37,85485.42533333332,85064.44666666666,84077.66666666667,85073.0,89426.6,115034.44666666668,115307.14285714286,85293.03883333332,628.5894217858307,84902.54733333332,620.9250169791833,85503.5648888889,1253.7666299665384,95771.52930769231,11735.587407820596,86051.22666666665,84571.05666666667,88338.2,84077.66666666667,0.6618687701758663,2.3473058640225197,-3.774462333727713,-25.3721629602098,-10.941,0.16697497710118636,-1.472,11.36270967773333,1.517,0,0,0.333,77314.67,895,2019,1
Sorghum,2019-03-18,85485.42533333332,NGN,NGN/MT,Gap-filled,wholesale,National,,,0.6,False,Weekly gap-fill,Interpolated,historical,False,,,306.92,236.09166666666667,145.71923076923076,11.3,11.8,1,0,0,1,0,0,0,0,1,1,0,0,0,0,0,0,0,0,0,0,1.0,6.123233995736766e-17,0.992708874098054,0.120536680255323,0,278.53,86051.22666666665,85485.42533333332,84571.05666666667,84824.16666666667,88338.2,114527.73466666669,116529.01785714286,85521.631,405.0147261913503,84985.20466666666,652.224818045423,85265.83366666666,883.0843472888968,94654.51741025642,11251.077078420287,86051.22666666665,85064.44666666666,87249.8,84077.66666666667,-0.6575168713457868,1.081183921197293,-3.229378305949948,-26.640224979727368,-9.649,-1.3193856415216532,-1.445,11.356112874288684,1.517,0,0,0.333,76806.31,896,2019,1
Sorghum,2019-03-25,84919.624,NGN,NGN/MT,Gap-filled,wholesale,National,,,0.6,False,Weekly gap-fill,Interpolated,historical,False,,,306.92,236.09166666666667,145.71923076923076,11.3,11.8,1,0,0,1,0,0,0,0,1,1,0,0,0,0,0,0,0,0,0,0,1.0,6.123233995736766e-17,1.0,-1.6081226496766364e-16,0,276.68,85485.42533333332,86051.22666666665,85064.44666666666,84575.33333333334,87249.8,114021.02266666669,117750.89285714286,85485.42533333332,461.9748541150818,85028.241,632.3730588571467,85071.65233333333,625.9160303546355,93535.23284615384,10680.453666684612,86051.22666666665,84919.624,86161.4,84077.66666666667,-0.6618687701758441,-0.17025052456305367,-2.6706949471517527,-27.881970200407945,-8.606,-0.004351898830057266,-1.418,11.349472263882518,1.517,0,0,0.333,76297.96,897,2019,1
Sorghum,2019-04-01,84353.82266666666,NGN,NGN/MT,Gap-filled,wholesale,National,,,0.6,False,Weekly gap-fill,Interpolated,historical,False,,,306.92,236.09166666666667,145.71923076923076,11.4,12.0,0,1,1,1,0,0,0,0,1,0,0,0,0,0,0,0,0,0,0,0,0.8660254037844387,-0.4999999999999998,0.992708874098054,-0.1205366802553228,0,274.84,84919.624,85485.42533333332,85485.42533333332,84571.05666666667,86161.4,113514.31066666669,118972.76785714286,85202.52466666666,730.4463803978364,85001.08674999999,658.9161605377475,84921.02088888887,553.0848296171811,92413.6756153846,10008.460119941752,86051.22666666665,84353.82266666666,86051.22666666665,84077.66666666667,-0.6662786605523996,-1.3237375403516993,-2.0978968927307773,-29.098209459197477,-7.803,-0.004409890376555481,-1.394,11.342787260811164,1.517,0,0,0.333,75721.56,898,2019,2
Sorghum,2019-04-08,83788.02133333334,NGN,NGN/MT,Gap-filled,wholesale,National,,,0.6,False,Weekly gap-fill,Interpolated,historical,False,,,306.92,236.09166666666667,145.71923076923076,11.4,12.0,0,1,1,1,0,0,0,0,1,0,0,0,0,0,0,0,0,0,0,0,0.8660254037844387,-0.4999999999999998,0.970941817426052,-0.2393156642875575,0,273.0,84353.82266666666,84919.624,86051.22666666665,84077.66666666667,85073.0,113007.59866666669,120194.64285714286,84636.72333333333,730.4463803976561,84964.88108333331,721.8557234896964,84813.93933333333,638.7433646316967,91289.84571794872,9212.353141006442,85485.42533333332,83788.02133333334,86051.22666666665,83788.02133333334,-0.6707477094063052,-2.630067485383103,-1.510442404366441,-30.28972062180887,-7.288,-0.004469048853905644,-1.371,11.336057267545486,1.517,0,0,0.333,75213.66,899,2019,2
Sorghum,2019-04-15,83222.22,NGN,NGN/MT,WFP Nigeria Food Prices,wholesale,National,,,0.9,True,WFP VAM data — converted to NGN/MT,WFP,historical,False,,,306.92,237.19,145.1,11.4,12.0,0,1,1,1,0,0,0,0,1,0,0,0,0,0,0,0,0,0,0,0,0.8660254037844387,-0.4999999999999998,0.9350162426854148,-0.3546048870425354,0,271.15,83788.02133333334,84353.82266666666,85485.42533333332,84571.05666666667,84824.16666666667,112500.88666666669,119614.38571428572,84070.92199999999,730.4463803974758,84796.27649999999,948.8248170972774,84680.44377777778,786.6810039650093,90163.74315384615,8255.64971363279,84919.624,83222.22,86051.22666666665,83222.22,-0.6752771151885884,-2.6474750807034098,-1.888549843303311,-30.424572677414464,-6.758,-0.0045294057822831135,-1.35,11.329281674410359,1.52,0,0,0.333,74705.76,900,2019,2
Sorghum,2019-04-22,79579.99833333334,NGN,NGN/MT,Gap-filled,wholesale,National,,,0.6,False,Weekly gap-fill,Interpolated,historical,False,,,306.92,237.19,145.1,11.4,12.0,0,1,1,1,0,0,0,0,1,0,0,0,0,0,0,0,0,0,0,0,0.8660254037844387,-0.4999999999999998,0.8854560256532099,-0.4647231720437685,0,259.29,83222.22,83788.02133333334,84919.624,85064.44666666666,84575.33333333334,110124.415,119614.38571428572,82736.01558333333,2154.1321124679407,84110.72045833332,2059.113044784334,84264.1658611111,1671.4605725467488,88988.95789743589,7433.970428688392,84353.82266666666,79579.99833333334,86051.22666666665,79579.99833333334,-4.376501451976001,-6.287858347873354,-5.906373410687127,-33.46954226440593,-7.027,-3.7012243367874125,-1.513,11.284530628930295,1.52,0,0,0.333,71436.26,901,2019,2
Sorghum,2019-04-29,75937.77666666667,NGN,NGN/MT,Gap-filled,wholesale,National,,,0.6,False,Weekly gap-fill,Interpolated,historical,False,,,306.92,237.19,145.1,11.4,12.0,0,1,1,1,0,0,0,0,1,0,0,0,0,0,0,0,0,0,0,0,0.8660254037844387,-0.4999999999999998,0.8229838658936565,-0.5680647467311557,0,247.42,79579.99833333334,83222.22,84353.82266666666,85485.42533333332,84571.05666666667,107747.94333333334,119324.25714285714,80632.00408333333,3642.8995097569573,82917.264375,3447.4032269446866,83544.72586111112,2919.44940308619,87765.48994871795,6815.021602135769,83788.02133333334,75937.77666666667,86051.22666666665,75937.77666666667,-4.576805407070561,-9.977077189799576,-10.208315161566105,-36.36015133473439,-8.128,-0.20030395509455978,-1.66,11.237682724447014,1.52,0,0,0.333,68166.77,902,2019,2
Sorghum,2019-05-06,72295.555,NGN,NGN/MT,Gap-filled,wholesale,National,,,0.6,False,Weekly gap-fill,Interpolated,historical,False,,,306.92,237.19,145.1,11.4,12.0,0,1,1,1,0,0,0,0,1,0,1,0,0,0,0,0,0,1,0,0,0.4999999999999999,-0.8660254037844387,0.7485107481711013,-0.663122658240795,0,235.55,75937.77666666667,79579.99833333334,83788.02133333334,86051.22666666665,84077.66666666667,105371.47166666668,119324.25714285714,77758.8875,4702.087952728025,81197.80541666667,4818.695742185197,82562.88322222221,4353.125027324822,86493.3393076923,6475.750867395079,83222.22,72295.555,86051.22666666665,72295.555,-4.79632381476538,-13.716120932863351,-14.013366609444455,-39.41252455194717,-10.098,-0.21951840769481912,-1.789,11.18853175832559,1.52,0,0,0.333,64897.27,903,2019,2
Sorghum,2019-05-13,68653.33333333333,NGN,NGN/MT,WFP Nigeria Food Prices,wholesale,National,,,0.9,True,WFP VAM data — converted to NGN/MT,WFP,historical,False,,,306.92,196.96,140.57,11.4,12.0,0,1,1,1,0,0,0,0,1,0,1,0,0,0,0,0,0,1,0,0,0.4999999999999999,-0.8660254037844387,0.6631226582407952,-0.7485107481711012,0,223.68,72295.555,75937.77666666667,83222.22,85485.42533333332,84571.05666666667,102995.0,118744.0,74116.66583333333,4702.087952727841,79093.79391666666,6165.618735640352,81236.40627777777,5852.544101480656,85172.50597435897,6477.607959485416,79579.99833333334,68653.33333333333,86051.22666666665,68653.33333333333,-5.0379607247868385,-17.506005807904035,-18.821715088735846,-42.18374542433022,-12.981,-0.24163691002145882,-1.9,11.13683953132102,1.324,0,0,0.333,61627.77,904,2019,2
Sorghum,2019-05-20,67265.0,NGN,NGN/MT,Gap-filled,wholesale,National,,,0.6,False,Weekly gap-fill,Interpolated,historical,False,,,306.92,196.96,140.57,11.4,12.0,0,1,1,1,0,0,0,0,1,0,1,0,0,0,0,0,0,1,0,0,0.4999999999999999,-0.8660254037844387,0.5680647467311558,-0.8229838658936564,0,219.16,68653.33333333333,72295.555,79579.99833333334,84919.624,85064.44666666666,99875.0,120604.875,71037.91625,3894.929183959185,76886.96591666667,6898.481525911404,79753.11905555555,6947.331766512943,83918.2752051282,6671.132126356848,75937.77666666667,67265.0,86051.22666666665,67265.0,-2.0222373276364225,-15.474991946782946,-20.924660494666504,-44.22696429145173,-15.349,3.015723397150416,-1.878,11.116410187381648,1.324,0,0,0.333,60381.51,905,2019,2
Sorghum,2019-05-27,65876.66666666666,NGN,NGN/MT,Gap-filled,wholesale,National,,,0.6,False,Weekly gap-fill,Interpolated,historical,False,,,306.92,196.96,140.57,11.4,12.0,0,1,1,1,0,0,0,0,1,0,1,0,0,0,0,0,0,1,0,0,0.4999999999999999,-0.8660254037844387,0.464723172043769,-0.8854560256532096,0,214.64,67265.0,68653.33333333333,75937.77666666667,84353.82266666666,85485.42533333332,96755.0,122465.75,68522.63874999998,2758.912925700017,74577.32141666666,7130.622189461449,78119.05583333333,7737.595643011215,82730.64699999998,7033.196291259107,72295.555,65876.66666666666,86051.22666666665,65876.66666666666,-2.063975817042063,-13.249150082657602,-22.938130786863642,-46.208089472634875,-17.174,-0.04173848940564051,-1.861,11.095554765732754,1.324,0,0,0.333,59135.25,906,2019,2
Sorghum,2019-06-03,65794.42363636363,NGN,NGN/MT,Gap-filled,wholesale,National,,,0.6,False,Weekly gap-fill,Interpolated,historical,False,,,306.92,196.96,140.57,11.4,12.0,0,1,1,0,0,0,0,1,0,0,1,0,0,0,0,0,0,1,1,0,1.2246467991473532e-16,-1.0,0.3546048870425358,-0.9350162426854148,0,214.37,65876.66666666666,67265.0,72295.555,83788.02133333334,86051.22666666665,93635.0,124326.625,66897.3559090909,1351.158147630793,72328.12170454545,6630.573293100079,76430.98891414142,8052.98722247925,81659.8556013986,7415.5661943147015,68653.33333333333,65794.42363636363,85485.42533333332,65794.42363636363,-0.1248439462172124,-8.992435791711351,-23.540400079095935,-47.0793776985713,-18.078,1.9391318708248506,-1.782,11.094305565295386,1.324,0,0,0.333,59061.42,907,2019,2
Sorghum,2019-06-10,63100.0,NGN,NGN/MT,WFP Nigeria Food Prices,wholesale,National,,,0.9,True,WFP VAM data — converted to NGN/MT,WFP,historical,False,,,306.92,196.70875,140.3,11.4,12.0,0,1,1,0,0,0,0,1,0,0,1,0,0,0,0,0,0,0,1,0,1.2246467991473532e-16,-1.0,0.2393156642875576,-0.970941817426052,0,205.59,65794.42363636363,65876.66666666666,68653.33333333333,83222.22,85485.42533333332,90515.0,126187.5,65509.02257575757,1741.9780354342356,69812.84420454546,5651.995863321666,74565.53680303029,8352.082717247182,80605.43252447552,8029.727762576719,67265.0,63100.0,84919.624,63100.0,-4.095215806213792,-8.088949310545734,-26.186247826510577,-49.99504705299653,-18.729,-3.97037185999658,-1.848,11.052491896264268,1.322,0,0,0.333,56642.73,908,2019,2
Sorghum,2019-06-17,65794.42363636363,NGN,NGN/MT,Gap-filled,wholesale,National,,,0.6,False,Weekly gap-fill,Interpolated,historical,False,,,306.92,196.70875,140.3,11.4,12.0,0,1,1,0,0,0,0,1,0,0,1,0,0,0,0,0,0,0,1,0,1.2246467991473532e-16,-1.0,0.120536680255323,-0.992708874098054,0,214.37,63100.0,65794.42363636363,67265.0,79579.99833333334,84919.624,89426.6,124326.625,65141.37848484848,1361.4711122446324,68089.64736742424,4150.91291240531,72971.7701060606,8014.613584292052,79696.50266433567,8323.427650728598,65876.66666666666,63100.0,84353.82266666666,63100.0,4.2700850021610615,-2.186243014400313,-22.5215320826625,-47.0793776985713,-18.263,8.365300808374855,-1.632,11.094305565295386,1.322,0,0,0.333,59061.42,909,2019,2
Sorghum,2019-06-24,68488.84727272727,NGN,NGN/MT,Gap-filled,wholesale,National,,,0.6,False,Weekly gap-fill,Interpolated,historical,False,,,306.92,196.70875,140.3,11.4,12.0,0,1,1,0,0,0,0,1,0,0,1,0,0,0,0,0,0,0,1,0,1.2246467991473532e-16,-1.0,-3.216245299353273e-16,-1.0,0,223.15,65794.42363636363,63100.0,65876.66666666666,75937.77666666667,84353.82266666666,88338.2,123017.75,65794.42363636363,2199.987686652083,67158.53119318181,2731.848000161204,71649.68882323233,7237.183213836856,78933.06602097902,8408.95969722705,68488.84727272727,63100.0,83788.02133333334,63100.0,4.095215806213814,3.9652592309780132,-18.80765434499817,-44.326044597038006,-16.645,-0.17486919594724704,-1.429,11.134440798268706,1.322,0,0,0.333,61480.11,910,2019,2
Sorghum,2019-07-01,71183.2709090909,NGN,NGN/MT,Gap-filled,wholesale,National,,,0.6,False,Weekly gap-fill,Interpolated,historical,False,,,306.92,196.70875,140.3,11.1,11.6,0,1,1,0,0,0,1,1,0,0,1,0,0,0,0,0,0,0,1,0,-0.4999999999999997,-0.8660254037844388,-0.1205366802553228,-0.992708874098054,0,231.93,68488.84727272727,65794.42363636363,65794.42363636363,72295.555,83788.02133333334,87249.8,121432.875,67141.63545454545,3478.485957081974,67019.49568181818,2446.450013314677,70599.29295454545,6148.048332974225,78315.12259440559,8363.559371221243,71183.2709090909,63100.0,83222.22,63100.0,3.9341056882360004,8.190431612427606,-15.043618674436809,-41.38056032265488,-14.267,-0.16111011797781405,-1.235,11.17302715879677,1.322,0,0,0.333,64071.35,911,2019,3
Sorghum,2019-07-08,73877.69454545455,NGN,NGN/MT,Gap-filled,wholesale,National,,,0.6,False,Weekly gap-fill,Interpolated,historical,False,,,306.92,196.70875,140.3,11.1,11.6,0,1,1,0,0,0,1,1,0,0,1,0,0,0,0,0,0,0,1,0,-0.4999999999999997,-0.8660254037844388,-0.2393156642875574,-0.970941817426052,0,240.71,71183.2709090909,68488.84727272727,63100.0,68653.33333333333,83222.22,86161.4,119848.0,69836.05909090908,3478.485957082177,67672.54083333333,3440.2978711539654,69820.5825,4860.942963913675,77842.67238461538,8248.76086025926,73877.69454545455,65794.42363636363,79579.99833333334,63100.0,3.7851922255788484,17.080340008644292,-11.228402047608743,-38.357173632055144,-10.286,-0.148913462657152,-1.047,11.210179764225478,1.322,0,0,0.333,66496.57,912,2019,3
Sorghum,2019-07-15,76572.11818181818,NGN,NGN/MT,WFP Nigeria Food Prices,wholesale,National,,,0.9,True,WFP VAM data — converted to NGN/MT,WFP,historical,False,,,306.92,196.6325,140.23375,11.1,11.6,0,1,1,0,0,0,1,1,0,0,1,0,0,0,0,0,0,0,1,0,-0.4999999999999997,-0.8660254037844388,-0.3546048870425356,-0.9350162426854148,0,249.49,73877.69454545455,71183.2709090909,65794.42363636363,67265.0,79579.99833333334,85073.0,119197.25333333333,72530.48272727273,3478.4859570823796,68835.9306060606,4645.399066978648,69569.92582070707,4364.104853409705,77515.71539160839,8118.149151236111,76572.11818181818,68488.84727272727,76572.11818181818,63100.0,3.6471409306171987,16.380863224855236,-3.7796936598517905,-35.760165573878275,-6.431,-0.1380512949616497,-0.862,11.246001356561507,1.322,0,0,0.333,68921.8,913,2019,3
Sorghum,2019-07-22,74746.33909090908,NGN,NGN/MT,Gap-filled,wholesale,National,,,0.6,False,Weekly gap-fill,Interpolated,historical,False,,,306.92,196.6325,140.23375,11.1,11.6,0,1,1,0,0,0,1,1,0,0,1,0,0,0,0,0,0,0,1,0,-0.4999999999999997,-0.8660254037844388,-0.464723172043768,-0.8854560256532101,0,243.54,76572.11818181818,73877.69454545455,68488.84727272727,65876.66666666666,75937.77666666667,84824.16666666667,118546.50666666668,74094.85568181818,2242.4499231893924,69944.6396590909,4890.222412718804,69470.6393560606,4217.139909829949,77128.10663869463,7994.894300537394,76572.11818181818,71183.2709090909,76572.11818181818,63100.0,-2.3843915177765407,9.136512099939488,-1.5689655768926114,-36.94766620067218,-3.933,-6.031532448393739,-0.933,11.221868893173296,1.322,0,0,0.333,67278.43,914,2019,3
Sorghum,2019-07-29,74746.33909090908,NGN,NGN/MT,Gap-filled,wholesale,National,,,0.6,False,Weekly gap-fill,Interpolated,historical,False,,,306.92,196.6325,140.23375,11.1,11.6,0,1,1,0,0,0,1,1,0,0,1,0,0,0,0,0,0,0,1,0,-0.4999999999999997,-0.8660254037844388,-0.5680647467311556,-0.8229838658936565,0,243.54,74746.33909090908,76572.11818181818,71183.2709090909,65794.42363636363,72295.555,84575.33333333334,117895.76,74985.62272727273,1134.1643032808895,71063.62909090909,4828.706604864785,69674.87136363635,4420.811216710973,76750.06839860139,7859.9090769402,76572.11818181818,73877.69454545455,76572.11818181818,63100.0,0.0,5.005485328664672,3.3899512783449604,-36.59963760282042,-2.299,2.3843915177765407,-0.901,11.221868893173296,1.322,0,0,0.333,67278.43,915,2019,3
Sorghum,2019-08-05,73833.44954545454,NGN,NGN/MT,Gap-filled,wholesale,National,,,0.6,False,Weekly gap-fill,Interpolated,historical,False,,,306.92,196.6325,140.23375,11.1,11.6,0,1,0,0,1,0,1,1,0,0,1,0,0,0,0,1,0,0,1,0,-0.8660254037844384,-0.5000000000000004,-0.663122658240795,-0.7485107481711013,0,240.56,74746.33909090908,74746.33909090908,73877.69454545455,63100.0,68653.33333333333,84571.05666666667,117245.01333333334,74974.56147727271,1148.6941542954662,72405.3102840909,3646.260354131801,70106.54771464645,4562.628716335851,76337.083509324,7713.257693092901,76572.11818181818,73833.44954545454,76572.11818181818,63100.0,-1.2213167314378492,-0.05988952453407359,7.545323672734328,-37.0263626176216,-1.785,-1.2213167314378492,-0.922,11.20958069768207,1.322,0,0,0.0,66456.75,916,2019,3
Sorghum,2019-08-12,72920.56,NGN,NGN/MT,WFP Nigeria Food Prices,wholesale,National,,,0.9,True,WFP VAM data — converted to NGN/MT,WFP,historical,False,,,306.92,230.71466666666663,149.61,11.1,11.6,0,1,0,0,1,0,1,1,0,0,1,0,0,0,0,1,0,0,1,0,-0.8660254037844384,-0.5000000000000004,-0.7485107481711011,-0.6631226582407952,0,237.59,73833.44954545454,74746.33909090908,76572.11818181818,65794.42363636363,67265.0,84077.66666666667,116594.26666666666,74061.67193181817,874.0251971836713,73296.07732954546,2486.5476513573394,70577.84438131312,4534.436057807929,75907.96402214452,7574.501645347308,74746.33909090908,72920.56,76572.11818181818,63100.0,-1.2364173028276748,-4.768783035553059,8.407879283431207,-37.45785098638355,-2.432,-0.015100571389825568,-0.946,11.1971396218715,1.505,0,0,0.0,65635.07,917,2019,3
Sorghum,2019-08-19,73833.44954545454,NGN,NGN/MT,Gap-filled,wholesale,National,,,0.6,False,Weekly gap-fill,Interpolated,historical,False,,,306.92,230.71466666666663,149.61,11.1,11.6,0,1,0,0,1,0,1,1,0,0,1,0,0,0,0,1,0,0,1,0,-0.8660254037844384,-0.5000000000000004,-0.8229838658936564,-0.5680647467311559,0,240.56,72920.56,73833.44954545454,74746.33909090908,68488.84727272727,65876.66666666666,84571.05666666667,116204.31166666668,73833.44954545454,745.3711926025763,73964.15261363637,1553.29814794398,71240.90962121212,4363.008146155254,75494.97913286713,7373.321764422271,74746.33909090908,72920.56,76572.11818181818,63100.0,1.251895961104177,-1.2213167314378492,12.078302199242863,-36.46238380788607,-2.201,2.4883132639318517,-0.859,11.20958069768207,1.505,0,0,0.0,66456.75,918,2019,3
Sorghum,2019-08-26,74511.11333333334,NGN,NGN/MT,Gap-filled,wholesale,National,,,0.6,False,Weekly gap-fill,Interpolated,historical,False,,,306.92,230.71466666666663,149.61,11.1,11.6,0,1,0,0,1,0,1,1,0,0,1,0,0,0,0,1,0,0,1,0,-0.8660254037844384,-0.5000000000000004,-0.8854560256532096,-0.4647231720437691,0,242.77,73833.44954545454,72920.56,74746.33909090908,71183.2709090909,65794.42363636363,85064.44666666666,115814.35666666667,73774.6431060606,652.8814956867631,74380.13291666665,1073.7578889771644,71967.30042929294,4090.9272163081887,75089.08169696969,7111.277123368051,74511.11333333334,72920.56,76572.11818181818,63100.0,0.917827613433686,-0.3146987002127899,13.24837154155436,-35.6633188855947,-1.751,-0.3340683476704909,-0.786,11.218716986228804,1.505,0,0,0.0,67066.71,919,2019,3
Sorghum,2019-09-02,75306.39,NGN,NGN/MT,Gap-filled,wholesale,National,,,0.6,False,Weekly gap-fill,Interpolated,historical,False,,,306.92,230.71466666666663,149.61,11.1,11.6,0,1,0,0,1,1,0,0,0,0,0,0,0,0,0,1,0,0,0,0,-1.0,-1.8369701987210287e-16,-0.9350162426854148,-0.3546048870425359,0,245.36,74511.11333333334,73833.44954545454,73833.44954545454,73877.69454545455,63100.0,85485.42533333332,115424.40166666669,74142.87821969697,1013.1082035581986,74558.71984848485,1096.8170545989312,72984.4995959596,3077.7310547973793,74697.58033799533,6788.916596514035,75306.39,72920.56,76572.11818181818,65794.42363636363,1.0673262431456498,1.9949500715643387,19.344516640253563,-34.7569587430249,-0.743,0.14949862971196382,-0.706,11.229333549742748,1.505,0,0,0.0,67782.53,920,2019,3
Sorghum,2019-09-09,76101.66666666667,NGN,NGN/MT,WFP Nigeria Food Prices,wholesale,National,,,0.9,True,WFP VAM data — converted to NGN/MT,WFP,historical,False,,,306.92,228.06066666666663,149.61,11.1,11.6,0,1,0,0,1,1,0,0,0,0,0,0,0,0,0,1,0,0,0,0,-1.0,-1.8369701987210287e-16,-0.970941817426052,-0.2393156642875577,0,247.95,75306.39,74511.11333333334,72920.56,76572.11818181818,65794.42363636363,86051.22666666665,115034.44666666668,74938.15488636364,981.8511665816043,74499.9134090909,979.8177684336503,73843.43651515151,2202.5394345957184,74314.90495337996,6392.162186999441,76101.66666666667,73833.44954545454,76572.11818181818,68488.84727272727,1.05605469425194,4.362427642720612,15.665830720350549,-33.84445366422707,0.839,-0.011271548893709848,-0.625,11.239838584847748,1.493,0,0,0.0,68498.35,921,2019,3
Sorghum,2019-09-16,76923.53333333334,NGN,NGN/MT,Gap-filled,wholesale,National,,,0.6,False,Weekly gap-fill,Interpolated,historical,False,,,306.92,228.06066666666663,149.61,11.1,11.6,0,1,0,0,1,1,0,0,0,0,0,0,0,0,0,1,0,0,0,0,-1.0,-1.8369701987210287e-16,-0.992708874098054,-0.1205366802553235,0,250.63,76101.66666666667,75306.39,73833.44954545454,74746.33909090908,68488.84727272727,85485.42533333332,114527.73466666669,75710.67583333334,1037.030114218004,74772.06268939393,1306.083900703452,74546.32702020202,1602.5459652931956,73985.60141491842,6002.327517744582,76923.53333333334,74511.11333333334,76923.53333333334,71183.2709090909,1.079958827007732,4.185208475159263,12.315415423796772,-32.834144011300396,2.332,0.023904132755792062,-0.539,11.250580133656838,1.493,0,0,0.0,69238.1,922,2019,3
Sorghum,2019-09-23,77745.40000000001,NGN,NGN/MT,Gap-filled,wholesale,National,,,0.6,False,Weekly gap-fill,Interpolated,historical,False,,,306.92,228.06066666666663,149.61,11.1,11.6,0,1,0,0,1,1,0,0,0,0,0,0,0,0,0,1,0,0,0,0,-1.0,-1.8369701987210287e-16,-1.0,-1.8369701987210287e-16,0,253.31,76923.53333333334,76101.66666666667,74511.11333333334,74746.33909090908,71183.2709090909,84919.624,114021.02266666669,76519.2475,1050.7606857023336,75146.9453030303,1675.7413436960176,75093.1711111111,1464.2760943738274,73709.66972261072,5633.123575767996,77745.40000000001,75306.39,77745.40000000001,72920.56,1.0684203273727322,4.340676876210048,9.218639445902511,-31.81485468054096,3.812,-0.011538499634999866,-0.449,11.261207526718694,1.493,0,0,0.0,69977.86,923,2019,3
Sorghum,2019-09-30,78567.26666666666,NGN,NGN/MT,Gap-filled,wholesale,National,,,0.6,False,Weekly gap-fill,Interpolated,historical,False,,,306.92,228.06066666666663,149.61,11.1,11.6,0,1,0,0,1,1,0,0,0,0,0,0,0,0,0,1,0,0,0,0,-1.0,-1.8369701987210287e-16,-0.992708874098054,0.1205366802553232,0,255.99,77745.40000000001,76923.53333333334,75306.39,73833.44954545454,73877.69454545455,84353.82266666666,113514.31066666669,77334.46666666667,1061.0253042504178,75738.67244318183,1957.7305525621227,75483.96878787878,1714.7603077549422,73487.10987645687,5300.235585926912,78567.26666666666,76101.66666666667,78567.26666666666,72920.56,1.057125780646384,4.33014604294093,6.347751036446825,-30.786465419872535,5.235,-0.01129454672634811,-0.353,11.271723164919349,1.493,0,0,0.0,70717.61,924,2019,3
Sorghum,2019-10-07,79389.13333333333,NGN,NGN/MT,Gap-filled,wholesale,National,,,0.6,False,Weekly gap-fill,Interpolated,historical,False,,,306.92,228.06066666666663,149.61,11.1,11.6,0,1,0,0,0,1,0,0,0,1,0,1,0,1,1,1,1,0,0,0,-0.8660254037844386,0.5000000000000001,-0.970941817426052,0.2393156642875573,0,258.66,78567.26666666666,77745.40000000001,76101.66666666667,72920.56,76572.11818181818,83788.02133333334,113007.59866666669,78156.33333333334,1061.0253042506047,76547.24410984849,1963.3340543235324,75718.72005050506,2039.3710082781638,73317.92187645688,5021.128545011816,79389.13333333333,76923.53333333334,79389.13333333333,72920.56,1.0460675310922651,4.319835308030906,3.678904565270402,-29.748853820437503,6.599,-0.011058249554118937,-0.25,11.282129374190394,1.493,0,0,0.333,71457.37,925,2019,4
Sorghum,2019-10-14,80211.0,NGN,NGN/MT,WFP Nigeria Food Prices,wholesale,National,,,0.9,True,WFP VAM data — converted to NGN/MT,WFP,historical,False,,,306.92,232.05666666666667,144.06133333333335,11.1,11.6,0,1,0,0,0,1,0,0,0,1,0,1,0,1,1,1,1,0,0,0,-0.8660254037844386,0.5000000000000001,-0.9350162426854148,0.3546048870425355,0,261.34,79389.13333333333,78567.26666666666,76923.53333333334,73833.44954545454,74746.33909090908,83222.22,112500.88666666669,78978.20000000001,1061.0253042507918,77344.43791666668,1998.46536915259,76174.10845959595,2383.578028165762,73202.10572261072,4813.996067371774,80211.0,77745.40000000001,80211.0,72920.56,1.0352382399942295,4.273681309490884,7.31094121204332,-28.701895268025456,7.891,-0.010829291098035654,-0.135,11.292428408596924,1.494,0,0,0.333,72197.12,926,2019,4
Sorghum,2019-10-21,80643.25,NGN,NGN/MT,Gap-filled,wholesale,National,,,0.6,False,Weekly gap-fill,Interpolated,historical,False,,,306.92,232.05666666666667,144.06133333333335,11.1,11.6,0,1,0,0,0,1,0,0,0,1,0,1,0,1,1,1,1,0,0,0,-0.8660254037844386,0.5000000000000001,-0.8854560256532101,0.464723172043768,0,262.75,80211.0,79389.13333333333,77745.40000000001,74511.11333333334,74746.33909090908,79579.99833333334,110124.415,79702.6625,918.4291109747293,78110.955,1931.3611882446369,76665.5177020202,2654.8889823635345,73243.00001748253,4874.478788517219,80643.25,78567.26666666666,80643.25,72920.56,0.5388911745271896,3.727358789073043,7.889230403537084,-26.770780121737758,8.819,-0.4963470654670399,-0.047,11.297802785289438,1.494,0,0,0.333,72586.18,927,2019,4
Sorghum,2019-10-28,81075.5,NGN,NGN/MT,Gap-filled,wholesale,National,,,0.6,False,Weekly gap-fill,Interpolated,historical,False,,,306.92,232.05666666666667,144.06133333333335,11.1,11.6,0,1,0,0,0,1,0,0,0,1,0,1,0,1,1,1,1,0,0,0,-0.8660254037844386,0.5000000000000001,-0.822983865893657,0.5680647467311548,0,264.16,80643.25,80211.0,78567.26666666666,75306.39,73833.44954545454,75937.77666666667,107747.94333333334,80329.72083333333,719.5569435661484,78832.09375,1807.6703918892065,77269.02190656566,2773.0769999086356,73440.60476107226,5087.5714551359115,81075.5,79389.13333333333,81075.5,72920.56,0.5360027032640602,3.192466073657485,9.808630775251803,-24.754480232461052,9.381,-0.0028884712631294107,0.05,11.303148432391975,1.494,0,0,0.333,72975.25,928,2019,4
Sorghum,2019-11-04,81247.91666666667,NGN,NGN/MT,Gap-filled,wholesale,National,,,0.6,False,Weekly gap-fill,Interpolated,historical,False,,,306.92,232.05666666666667,144.06133333333335,11.1,11.6,1,0,0,0,0,1,0,0,0,1,0,1,1,1,1,0,1,0,0,0,-0.5000000000000004,0.8660254037844384,-0.7485107481711011,0.6631226582407952,1,264.72,81075.5,80643.25,79389.13333333333,76101.66666666667,72920.56,72295.555,105371.47166666668,80794.41666666667,464.7208689914056,79475.375,1601.079452586733,77962.96829545456,2623.8982102092573,73784.92636363636,5305.261808800612,81247.91666666667,80211.0,81247.91666666667,73833.44954545454,0.2126618604469499,2.3413573814048627,11.41976510694196,-22.89381994807166,9.5,-0.3233408428171103,0.128,11.305272766769761,1.494,0,0,0.667,73130.44,929,2019,4
Sorghum,2019-11-11,81940.0,NGN,NGN/MT,WFP Nigeria Food Prices,wholesale,National,,,0.9,True,WFP VAM data — converted to NGN/MT,WFP,historical,False,,,306.92,233.4333333333333,144.32916666666668,11.1,11.6,1,0,0,0,0,1,0,0,0,1,0,1,1,1,1,0,1,0,0,0,-0.5000000000000004,0.8660254037844384,-0.6631226582407955,0.7485107481711007,1,266.98,81247.91666666667,81075.5,80211.0,76923.53333333334,73833.44954545454,68653.33333333333,102995.0,81226.66666666667,539.2965711293366,80102.43333333333,1432.3333194543304,78638.51416666668,2504.9182417424336,74295.952004662,5429.649060974036,81940.0,80643.25,81940.0,74511.11333333334,0.851816713249054,2.155564698108736,10.979509293487322,-20.442739938831977,9.329,0.639154852802104,0.273,11.313754755078138,1.501,0,0,0.667,73753.38,930,2019,4
Sorghum,2019-11-18,81247.91666666667,NGN,NGN/MT,Gap-filled,wholesale,National,,,0.6,False,Weekly gap-fill,Interpolated,historical,False,,,306.92,233.4333333333333,144.32916666666668,11.1,11.6,1,0,0,0,0,1,0,0,0,1,0,1,1,1,1,0,1,0,0,0,-0.5000000000000004,0.8660254037844384,-0.5680647467311559,0.8229838658936564,1,264.72,81940.0,81247.91666666667,80643.25,77745.40000000001,74511.11333333334,67265.0,99875.0,81377.83333333334,383.4898894829235,80540.24791666667,1107.38586794034,79199.91444444444,2236.3173843965305,74833.75649184149,5397.787229508527,81940.0,81075.5,81940.0,75306.39,-0.8446220811976213,0.7498044370318313,9.041340320866675,-18.650396328744257,8.745,-1.6964387944466752,0.248,11.305272766769761,1.501,0,0,0.667,73130.44,931,2019,4
Sorghum,2019-11-25,80555.83333333334,NGN,NGN/MT,Gap-filled,wholesale,National,,,0.6,False,Weekly gap-fill,Interpolated,historical,False,,,306.92,233.4333333333333,144.32916666666668,11.1,11.6,1,0,0,0,0,1,0,0,0,1,0,1,1,1,1,0,1,0,0,0,-0.5000000000000004,0.8660254037844384,-0.4647231720437684,0.88545602565321,1,262.47,81247.91666666667,81940.0,81075.5,78567.26666666666,75306.39,65876.66666666666,96755.0,81247.91666666667,565.0836753529342,80788.81875,774.3580237374732,79637.36805555556,1892.4458770348363,75398.33982517483,5187.013656325249,81940.0,80555.83333333334,81940.0,76101.66666666667,-0.851816713249054,-0.6409663420720912,6.9707807442812575,-16.74245947668509,7.758,-0.00719463205143267,0.209,11.296718218443758,1.501,0,0,0.667,72507.5,932,2019,4
Sorghum,2019-12-02,79863.75,NGN,NGN/MT,Gap-filled,wholesale,National,,,0.6,False,Weekly gap-fill,Interpolated,historical,False,,,306.92,233.4333333333333,144.32916666666668,11.1,11.6,1,0,0,0,0,0,0,0,0,1,0,1,1,1,1,0,0,0,0,1,-2.4492935982947064e-16,1.0,-0.3546048870425359,0.9350162426854148,1,260.21,80555.83333333334,81247.91666666667,81247.91666666667,79389.13333333333,76101.66666666667,65794.42363636363,93635.0,80901.875,893.4757413763455,80848.14583333334,661.8035688878233,79950.875,1530.463108621657,75939.46776223776,4869.164787062912,81940.0,79863.75,81940.0,76923.53333333334,-0.8591349685001193,-1.703633426498119,4.943496638268985,-14.707374379238535,6.535,-0.007318255251065331,0.155,11.288089857936805,1.501,0,0,0.667,71884.56,933,2019,4
Sorghum,2019-12-09,79171.66666666667,NGN,NGN/MT,WFP Nigeria Food Prices,wholesale,National,,,0.9,True,WFP VAM data — converted to NGN/MT,WFP,historical,False,,,306.92,233.82,144.06666666666666,11.1,11.6,1,0,0,0,0,0,0,0,0,1,0,1,1,1,1,0,0,0,0,1,-2.4492935982947064e-16,1.0,-0.2393156642875578,0.970941817426052,1,257.96,79863.75,80555.83333333334,81940.0,80211.0,76923.53333333334,63100.0,90515.0,80209.79166666667,893.4757413761811,80718.22916666667,873.0479129103641,80138.21944444445,1235.3388701449603,76557.60878787878,4139.46742425887,81247.91666666667,79171.66666666667,81940.0,77745.40000000001,-0.8665800608327667,-3.378488324790496,2.9225559928344413,-12.531992855696107,4.771,-0.007445092332647452,0.089,11.27938640039053,1.502,0,0,0.667,71261.63,934,2019,4
Sorghum,2019-12-16,79172.41866666666,NGN,NGN/MT,Gap-filled,wholesale,National,,,0.6,False,Weekly gap-fill,Interpolated,historical,False,,,306.92,233.82,144.06666666666666,11.1,11.6,1,0,0,0,0,0,0,0,0,1,0,1,1,1,1,0,0,0,0,1,-2.4492935982947064e-16,1.0,-0.1205366802553236,0.992708874098054,1,257.96,79171.66666666667,79863.75,81247.91666666667,80643.25,77745.40000000001,65794.42363636363,89426.6,79690.91716666667,662.4230621452067,80534.37525,1031.5715287675853,80257.13766666666,1036.7857274344174,77072.14705827506,3535.462343652799,80555.83333333334,79171.66666666667,81940.0,78567.26666666666,0.0009498347472769453,-2.5545245775532743,1.8355023791332359,-11.466589732063326,3.398,0.8675298955800437,0.122,11.279395898572925,1.502,0,0,0.667,71262.3,935,2019,4
Sorghum,2019-12-23,79172.41866666666,NGN,NGN/MT,Gap-filled,wholesale,National,,,0.6,False,Weekly gap-fill,Interpolated,historical,False,,,306.92,233.82,144.06666666666666,11.1,11.6,1,0,0,0,0,0,0,0,0,1,0,1,1,1,1,0,0,0,0,1,-2.4492935982947064e-16,1.0,6.432490598706546e-16,1.0,1,257.96,79172.41866666666,79171.66666666667,80555.83333333334,81075.5,78567.26666666666,68488.84727272727,88338.2,79345.0635,345.79118165872615,80296.49008333334,1105.7236578309912,80307.567,958.910603053079,77483.05365034964,3090.860755792459,79863.75,79171.66666666667,81940.0,79171.66666666667,0.0,-1.7173364229778665,0.7702342536204609,-10.375784579415626,2.403,-0.0009498347472769453,0.153,11.279395898572925,1.502,0,0,0.667,71262.3,936,2019,4
Sorghum,2019-12-30,79172.79466666667,NGN,NGN/MT,Gap-filled,wholesale,National,,,0.6,False,Weekly gap-fill,Interpolated,historical,False,,,306.92,233.82,144.06666666666666,11.1,11.6,1,0,0,0,0,0,0,0,0,1,0,1,1,1,1,0,0,0,0,1,-2.4492935982947064e-16,1.0,0.120536680255323,0.992708874098054,1,257.96,79172.41866666666,79172.41866666666,79863.75,81247.91666666667,79389.13333333333,71183.2709090909,87249.8,79172.32466666667,0.47308523876119285,80037.09983333334,1093.9826378887687,80289.5387777778,979.5589284792593,77790.34302564104,2825.2318251306674,79172.79466666667,79171.66666666667,81940.0,79171.66666666667,0.00047491286274681244,-0.8651676553296461,-0.2725041294484365,-9.25733392321052,1.777,0.00047491286274681244,0.181,11.279400647630291,1.502,0,0,0.667,71262.64,937,2019,4
Sorghum,2020-01-06,79173.17066666666,NGN,NGN/MT,Gap-filled,wholesale,National,,,0.6,False,Weekly gap-fill,Interpolated,historical,False,,,358.81,233.82,144.06666666666666,11.1,11.6,1,0,0,0,0,0,0,0,0,1,0,0,1,0,0,0,0,0,0,1,0.4999999999999999,0.8660254037844387,0.2393156642875577,0.970941817426052,1,220.65,79172.79466666667,79172.41866666666,79171.66666666667,81940.0,80211.0,73877.69454545455,86161.4,79172.70066666666,0.35994301857949723,79691.24616666668,805.8724265183886,80203.053,1031.5585992606404,77994.01518414918,2720.832407529935,79173.17066666666,79172.41866666666,81940.0,79171.66666666667,0.0004749106073287379,0.001899669494531686,-1.2938740737970411,-8.110626490903506,1.511,-2.2554180745260055e-09,0.206,11.279405396665105,1.502,0,0,0.333,71262.98,938,2020,1
Sorghum,2020-01-13,79173.54666666666,NGN,NGN/MT,WFP Nigeria Food Prices,wholesale,National,,,0.9,True,WFP VAM data — converted to NGN/MT,WFP,historical,False,,,358.81,236.5727272727273,144.32416666666666,11.1,11.6,1,0,0,0,0,0,0,0,0,1,0,0,1,0,0,0,0,0,0,1,0.4999999999999999,0.8660254037844387,0.3546048870425356,0.9350162426854148,1,220.66,79173.17066666666,79172.79466666667,79172.41866666666,81247.91666666667,80643.25,76572.11818181818,85073.0,79172.98266666666,0.4853771489628055,79431.94991666666,514.4936400240804,80080.57772222221,1061.3607110410462,78094.07012587412,2714.2766432638405,79173.54666666666,79172.41866666666,81940.0,79171.66666666667,0.0004749083519550723,0.0014247385882626418,-1.8224753259985627,-6.934577754790993,1.382,-2.2553736656050205e-09,0.228,11.279410145677366,1.515,0,0,0.333,71263.32,939,2020,1
Sorghum,2020-01-20,79671.82666666666,NGN,NGN/MT,Gap-filled,wholesale,National,,,0.6,False,Weekly gap-fill,Interpolated,historical,False,,,358.81,236.5727272727273,144.32416666666666,11.1,11.6,1,0,0,0,0,0,0,0,0,1,0,0,1,0,0,0,0,0,0,1,0.4999999999999999,0.8660254037844387,0.4647231720437685,0.8854560256532099,1,222.04,79173.54666666666,79173.17066666666,79172.41866666666,80555.83333333334,81075.5,74746.33909090908,84824.16666666667,79297.83466666666,249.3281889378428,79321.44908333334,280.22169462516143,79963.60494444444,1018.2144650881863,78283.51195571096,2642.206363208989,79671.82666666666,79172.79466666667,81940.0,79171.66666666667,0.6293516218211614,0.6307853270248298,-1.7313162833819562,-6.074141606656925,1.296,0.6288767134692064,0.332,11.285683861432064,1.515,0,0,0.333,71711.82,940,2020,1
Sorghum,2020-01-27,80170.10666666666,NGN,NGN/MT,Gap-filled,wholesale,National,,,0.6,False,Weekly gap-fill,Interpolated,historical,False,,,358.81,236.5727272727273,144.32416666666666,11.1,11.6,1,0,0,0,0,0,0,0,0,1,0,0,1,0,0,0,0,0,0,1,0.4999999999999999,0.8660254037844387,0.5680647467311558,0.8229838658936564,1,223.43,79671.82666666666,79173.54666666666,79172.79466666667,79863.75,81247.91666666667,74746.33909090908,84575.33333333334,79547.16266666666,477.1649859483854,79359.74366666668,371.11164966130855,79873.78744444445,939.0879437871802,78492.11840093239,2564.7422989359957,80170.10666666666,79173.17066666666,81940.0,79171.66666666667,0.6254155588583554,1.259665020287426,-1.3265693992153826,-5.208642393763374,1.344,-0.0039360629628060195,0.435,11.291918462941556,1.515,0,0,0.333,72160.31,941,2020,1
Sorghum,2020-02-03,80668.38666666667,NGN,NGN/MT,Gap-filled,wholesale,National,,,0.6,False,Weekly gap-fill,Interpolated,historical,False,,,358.81,236.5727272727273,144.32416666666666,11.1,11.6,1,0,0,0,0,0,0,0,1,1,0,0,1,0,0,0,0,0,0,0,0.8660254037844386,0.5000000000000001,0.6631226582407952,0.7485107481711011,1,224.82,80170.10666666666,79671.82666666666,79173.17066666666,79171.66666666667,81940.0,73833.44954545454,84571.05666666667,79920.96666666667,643.2767138885713,79546.83366666666,580.790003150877,79767.81966666666,734.113651587898,78755.0005979021,2413.9903999118483,80668.38666666667,79173.54666666666,81247.91666666667,79171.66666666667,0.6215284233957341,1.888538740345691,-1.5518834919859947,-4.6146638741694,1.48,-0.003887135462621316,0.539,11.298114434910506,1.515,0,0,0.333,72608.81,942,2020,1
Sorghum,2020-02-10,81166.66666666667,NGN,NGN/MT,WFP Nigeria Food Prices,wholesale,National,,,0.9,True,WFP VAM data — converted to NGN/MT,WFP,historical,False,,,358.81,229.79,143.97222222222223,11.1,11.6,1,0,0,0,0,0,0,0,1,1,0,0,1,0,0,0,0,0,0,0,0.8660254037844386,0.5000000000000001,0.7485107481711011,0.6631226582407953,1,226.21,80668.38666666667,80170.10666666666,79173.54666666666,79172.41866666666,81247.91666666667,72920.56,84077.66666666667,80419.24666666666,643.2767138887225,79796.11466666668,788.104726026347,79761.04883333333,719.4497302368418,79072.15854662005,2143.304543298936,81166.66666666667,79671.82666666666,81166.66666666667,79171.66666666667,0.617689308773417,2.5174064872846458,-0.1000025641683111,-3.462274960056777,1.704,-0.003839114622317119,0.641,11.30427225308932,1.483,0,0,0.333,73057.31,943,2020,1
Sorghum,2020-02-17,83726.45833333333,NGN,NGN/MT,Gap-filled,wholesale,National,,,0.6,False,Weekly gap-fill,Interpolated,historical,False,,,358.81,229.79,143.97222222222223,11.1,11.6,1,0,0,0,0,0,0,0,1,1,0,0,1,0,0,0,0,0,0,0,0.8660254037844386,0.5000000000000001,0.8229838658936564,0.5680647467311559,1,233.34,81166.66666666667,80668.38666666667,79671.82666666666,79172.41866666666,80555.83333333334,73833.44954545454,84571.05666666667,81432.90458333332,1582.2365663355145,80365.36962499999,1549.8367836318496,80025.26758333333,1346.6705942889935,79452.65888461539,2052.2962793055594,83726.45833333333,80170.10666666666,83726.45833333333,79171.66666666667,3.153747433264864,5.089166191244177,3.935934703673416,-0.9986848534508597,2.492,2.536058124491447,1.093,11.335322259229956,1.483,0,0,0.333,75361.35,944,2020,1
Sorghum,2020-02-24,86286.25,NGN,NGN/MT,Gap-filled,wholesale,National,,,0.6,False,Weekly gap-fill,Interpolated,historical,False,,,358.81,229.79,143.97222222222223,11.1,11.6,1,0,0,0,0,0,0,0,1,1,0,0,1,0,0,0,0,0,0,0,0.8660254037844386,0.5000000000000001,0.8854560256532099,0.4647231720437686,1,240.48,83726.45833333333,81166.66666666667,80170.10666666666,79172.79466666667,79863.75,74511.11333333334,85064.44666666666,82961.94041666668,2589.653676473715,81254.55154166666,2510.645674713025,80560.47591666666,2249.953049126355,79905.54875641027,2211.28248229695,86286.25,80668.38666666667,86286.25,79171.66666666667,3.0573270595963598,7.6289574601206445,8.041821226776857,1.4363266690267107,3.825,-0.09642037366850431,1.528,11.3654371257165,1.483,0,0,0.333,77665.39,945,2020,1
Sorghum,2020-03-02,88846.04166666666,NGN,NGN/MT,Gap-filled,wholesale,National,,,0.6,False,Weekly gap-fill,Interpolated,historical,False,,,358.81,229.79,143.97222222222223,11.1,11.6,1,0,0,1,0,0,0,0,1,1,0,0,0,0,0,0,0,0,0,0,1.0,6.123233995736766e-17,0.9350162426854148,0.3546048870425355,0,247.61,86286.25,83726.45833333333,80668.38666666667,79173.17066666666,79171.66666666667,75306.39,85485.42533333332,85006.35416666666,3304.6768315817662,82463.66041666665,3499.51861436501,81366.67383333333,3227.8267900279448,80426.3045897436,2637.980705295709,88846.04166666666,81166.66666666667,88846.04166666666,79172.41866666666,2.9666275526710972,10.137372690731027,12.219491400543102,3.931215549585554,5.695,-0.09069950692526252,1.925,11.39467153721156,1.483,1,3,0.333,79969.43,946,2020,1
Sorghum,2020-03-09,91405.83333333331,NGN,NGN/MT,WFP Nigeria Food Prices,wholesale,National,,,0.9,True,WFP VAM data — converted to NGN/MT,WFP,historical,False,,,358.81,232.508,132.70999999999998,11.1,11.6,1,0,0,1,0,0,0,0,1,1,0,0,0,0,0,0,0,0,0,0,1.0,6.123233995736766e-17,0.970941817426052,0.239315664287558,0,254.75,88846.04166666666,86286.25,81166.66666666667,79173.54666666666,79172.41866666666,76101.66666666667,86051.22666666665,87566.14583333331,3304.6768315819086,83992.69625,4410.38412762905,82386.12505555555,4243.777496596007,81014.92638461539,3266.88075846717,91405.83333333331,83726.45833333333,91405.83333333331,79172.41866666666,2.8811544314720328,12.614989733059524,15.4516116504815,6.222580286285284,8.086,-0.08547312119906447,2.268,11.423075517594386,1.46,1,3,0.333,82273.48,947,2020,1
Sorghum,2020-03-16,93903.02266666666,NGN,NGN/MT,Gap-filled,wholesale,National,,,0.6,False,Weekly gap-fill,Interpolated,historical,False,,,358.81,232.508,132.70999999999998,11.1,11.6,1,0,0,1,0,0,0,0,1,1,0,0,0,0,0,0,0,0,0,0,1.0,6.123233995736766e-17,0.992708874098054,0.120536680255323,0,261.71,91405.83333333331,88846.04166666666,83726.45833333333,79671.82666666666,79172.41866666666,76923.53333333334,85485.42533333332,90110.28691666666,3280.4907853931472,85771.59575,5215.21408069829,83613.67538888888,5242.610260922243,81667.98366666668,4025.3581046748827,93903.02266666666,86286.25,93903.02266666666,79172.79466666667,2.731980271135148,12.154538166200934,18.605726903480214,9.846821607906374,10.337,-0.14917416033688458,2.522,11.450028504179356,1.46,1,3,0.333,84521.17,948,2020,1
Sorghum,2020-03-23,96400.21199999998,NGN,NGN/MT,Gap-filled,wholesale,National,,,0.6,False,Weekly gap-fill,Interpolated,historical,False,,,358.81,232.508,132.70999999999998,11.1,11.6,1,0,0,1,0,0,0,0,1,1,0,0,0,0,0,0,0,0,0,0,1.0,6.123233995736766e-17,1.0,-1.6081226496766364e-16,0,268.67,93903.02266666666,91405.83333333331,86286.25,80170.10666666666,79172.79466666667,77745.40000000001,84919.624,92638.77741666665,3248.1636739705837,87800.35891666665,5843.836422129683,85049.29349999999,6189.262626179784,82385.47643589742,4871.775418033653,96400.21199999998,88846.04166666666,96400.21199999998,79173.17066666666,2.6593279560315652,11.72140636544059,21.759263906073034,13.51935802259321,12.446,-0.07265231510358294,2.695,11.47627405313371,1.46,1,3,0.333,86768.87,949,2020,1
Sorghum,2020-03-30,98897.40133333331,NGN,NGN/MT,Gap-filled,wholesale,National,,,0.6,False,Weekly gap-fill,Interpolated,historical,False,,,358.81,232.508,132.70999999999998,11.1,11.6,1,0,0,1,0,0,0,0,1,1,0,0,0,0,0,0,0,0,0,0,1.0,6.123233995736766e-17,0.992708874098054,-0.1205366802553228,0,275.63,96400.21199999998,93903.02266666666,88846.04166666666,80668.38666666667,79173.17066666666,78567.26666666666,84353.82266666666,95151.61733333333,3223.857566770983,90078.98574999999,6208.23380862748,86692.97938888888,7046.582161905365,83167.40469230768,5781.083373618369,98897.40133333331,91405.83333333331,98897.40133333331,79173.54666666666,2.59043966971082,11.313232956823715,24.912770955844653,17.241161345037305,14.41,-0.06888828632074517,2.798,11.501848353004256,1.46,1,3,0.333,89016.56,950,2020,1
Sorghum,2020-04-06,101394.59066666666,NGN,NGN/MT,Gap-filled,wholesale,National,,,0.6,False,Weekly gap-fill,Interpolated,historical,False,,,358.81,232.508,132.70999999999998,11.1,11.6,0,1,1,1,0,0,0,0,1,0,0,0,0,0,0,0,0,0,0,0,0.8660254037844387,-0.4999999999999998,0.970941817426052,-0.2393156642875575,0,282.59,98897.40133333331,96400.21199999998,91405.83333333331,81166.66666666667,79173.54666666666,79389.13333333333,83788.02133333334,97648.80666666664,3223.857566771118,92607.47624999998,6179.026029079722,88544.73305555555,7773.177236228432,84013.76843589744,6737.517279093156,101394.59066666666,93903.02266666666,101394.59066666666,79671.82666666666,2.5250302835729377,10.927921084540571,28.06624805322182,21.013229639699006,16.23,-0.06540938613788239,2.846,11.526784884644101,1.46,1,3,0.333,91264.26,951,2020,2
Sorghum,2020-04-13,103891.78,NGN,NGN/MT,WFP Nigeria Food Prices,wholesale,National,,,0.9,True,WFP VAM data — converted to NGN/MT,WFP,historical,False,,,358.81,227.83066666666667,125.68466666666669,11.1,11.6,0,1,1,1,0,0,0,0,1,0,0,0,0,0,0,0,0,0,0,0,0.8660254037844387,-0.4999999999999998,0.9350162426854148,-0.3546048870425354,0,289.55,101394.59066666666,98897.40133333331,93903.02266666666,83726.45833333333,79671.82666666666,80211.0,83222.22,100145.99599999998,3223.8575667712535,95128.14145833332,6151.603110716061,90563.0625,8380.522141344889,84924.56766666667,7730.354033055718,103891.78,96400.21199999998,103891.78,80170.10666666666,2.4628427580942747,10.637311824126305,30.399646081500677,24.836588113126524,17.923,-0.06218752547866302,2.854,11.551114684778655,1.418,1,3,0.333,93511.95,952,2020,2
Sorghum,2020-04-20,105855.35642857142,NGN,NGN/MT,Gap-filled,wholesale,National,,,0.6,False,Weekly gap-fill,Interpolated,historical,False,,,358.81,227.83066666666667,125.68466666666669,11.1,11.6,0,1,1,1,0,0,0,0,1,0,0,0,0,0,0,0,0,0,0,0,0.8660254037844387,-0.4999999999999998,0.8854560256532099,-0.4647231720437685,0,295.02,103891.78,101394.59066666666,96400.21199999998,86286.25,80170.10666666666,80643.25,79579.99833333334,102509.78210714285,3021.9051672679416,97574.27976190475,6022.824461728351,92703.49998015871,8756.440312156175,85894.26406776556,8693.168548404448,105855.35642857142,98897.40133333331,105855.35642857142,80668.38666666667,1.8900209704477255,9.808219538533214,32.03843780413011,33.017540393981434,19.344,-0.5728217876465491,2.779,11.569838326045517,1.418,1,3,0.333,95279.35,953,2020,2
Sorghum,2020-04-27,107818.93285714283,NGN,NGN/MT,Gap-filled,wholesale,National,,,0.6,False,Weekly gap-fill,Interpolated,historical,False,,,358.81,227.83066666666667,125.68466666666669,11.1,11.6,0,1,1,1,0,0,0,0,1,0,0,0,0,0,0,0,0,1,0,0,0.8660254037844387,-0.4999999999999998,0.8229838658936565,-0.5680647467311557,0,300.49,105855.35642857142,103891.78,98897.40133333331,88846.04166666666,80668.38666666667,81075.5,75937.77666666667,104740.16498809523,2746.821688700049,99945.89116071428,5827.218808028021,94966.04549603174,8870.947107358938,86922.85763919415,9631.701773918368,107818.93285714283,101394.59066666666,107818.93285714283,81166.66666666667,1.8549618033702364,9.020996915520097,33.65698424423202,41.98326259987881,20.498,-0.03505916707748913,2.704,11.588217826274459,1.418,1,3,0.333,97046.74,954,2020,2
Sorghum,2020-05-04,109782.50928571427,NGN,NGN/MT,Gap-filled,wholesale,National,,,0.6,False,Weekly gap-fill,Interpolated,historical,False,,,358.81,227.83066666666667,125.68466666666669,11.1,11.6,0,1,1,1,0,0,0,0,1,0,1,0,0,0,0,0,0,1,0,0,0.4999999999999999,-0.8660254037844387,0.7485107481711013,-0.663122658240795,0,305.96,107818.93285714283,105855.35642857142,101394.59066666666,91405.83333333331,81166.66666666667,81247.91666666667,72295.555,106837.14464285714,2534.9662689490574,102242.97565476189,5597.308591969638,97350.69904761903,8668.105595796396,88020.34197069597,10541.88678860853,109782.50928571427,103891.78,109782.50928571427,83726.45833333333,1.821179617102242,8.272550403228895,35.2556582575535,51.852363932629444,21.378,-0.03378218626799434,2.637,11.606265608123424,1.418,1,3,0.333,98814.14,955,2020,2
Sorghum,2020-05-11,111746.08571428571,NGN,NGN/MT,WFP Nigeria Food Prices,wholesale,National,,,0.9,True,WFP VAM data — converted to NGN/MT,WFP,historical,False,,,358.81,224.226,124.632,11.1,11.6,0,1,1,1,0,0,0,0,1,0,1,0,0,0,0,0,0,1,0,0,0.4999999999999999,-0.8660254037844387,0.6631226582407952,-0.7485107481711012,0,311.44,109782.50928571427,107818.93285714283,103891.78,93903.02266666666,83726.45833333333,81940.0,68653.33333333333,108800.72107142856,2534.966268949186,104473.35853571427,5348.784466864229,99685.66799603174,8435.201475096039,89166.72988278388,11436.879728199261,111746.08571428571,105855.35642857142,111746.08571428571,86286.25,1.7886058911817493,7.560083881790947,33.46567851873075,62.768623588491536,22.019,-0.03257372592049279,2.584,11.623993433516395,1.398,1,3,0.333,100581.54,956,2020,2
Sorghum,2020-05-18,116344.05857142856,NGN,NGN/MT,Gap-filled,wholesale,National,,,0.6,False,Weekly gap-fill,Interpolated,historical,False,,,358.81,224.226,124.632,11.1,11.6,0,1,1,1,0,0,0,0,1,0,1,0,0,0,0,0,0,1,0,0,0.4999999999999999,-0.8660254037844387,0.5680647467311558,-0.8229838658936564,0,324.25,111746.08571428571,109782.50928571427,105855.35642857142,96400.21199999998,86286.25,81247.91666666667,67265.0,111422.89660714284,3651.561837225829,106966.33935714285,5685.629306210502,102190.48537698411,8556.481412394294,90516.58149450549,12487.722700502192,116344.05857142856,107818.93285714283,116344.05857142856,88846.04166666666,4.114661223032923,9.908522815219701,34.83499233241514,72.96373830584785,23.097,2.3260553318511734,2.718,11.664315697449762,1.398,1,3,0.333,104720.12,957,2020,2
Sorghum,2020-05-25,120942.03142857144,NGN,NGN/MT,Gap-filled,wholesale,National,,,0.6,False,Weekly gap-fill,Interpolated,historical,False,,,358.81,224.226,124.632,11.1,11.6,0,1,1,1,0,0,0,0,1,0,1,0,0,0,0,0,0,0,0,0,0.4999999999999999,-0.8660254037844387,0.464723172043769,-0.8854560256532096,0,337.06,116344.05857142856,111746.08571428571,107818.93285714283,98897.40133333331,88846.04166666666,80555.83333333334,65876.66666666666,114703.67124999998,4985.751550221814,109721.91811904761,6500.012722979874,104865.15119047619,9010.334322259527,92069.8968058608,13656.26516439585,120942.03142857144,109782.50928571427,120942.03142857144,91405.83333333331,3.9520478429244443,12.171423166297114,36.12540205485213,83.58857171771209,24.583,-0.16261338010847837,2.809,11.70307489907096,1.398,1,3,0.333,108858.71,958,2020,2
Sorghum,2020-06-01,125540.0042857143,NGN,NGN/MT,Gap-filled,wholesale,National,,,0.6,False,Weekly gap-fill,Interpolated,historical,False,,,358.81,224.226,124.632,12.6,13.5,0,1,1,0,0,0,0,1,0,0,1,0,0,0,0,0,0,0,1,0,1.2246467991473532e-16,-1.0,0.3546048870425358,-0.9350162426854148,0,349.88,120942.03142857144,116344.05857142856,109782.50928571427,101394.59066666666,91405.83333333331,79863.75,65794.42363636363,118643.045,5935.9574340074605,112740.09482142857,7594.579838042859,107709.66543650792,9733.954388294285,93826.67581684982,14904.166459140646,125540.0042857143,111746.08571428571,125540.0042857143,93903.02266666666,3.801798930306899,14.353374779392581,37.343536738954654,90.8064503757278,26.449,-0.15024891261754547,2.86,11.74038771156642,1.398,1,3,0.333,111492.01,959,2020,2
Sorghum,2020-06-08,130137.97714285715,NGN,NGN/MT,Gap-filled,wholesale,National,,,0.6,False,Weekly gap-fill,Interpolated,historical,False,,,358.81,224.226,124.632,12.6,13.5,0,1,1,0,0,0,0,1,0,0,1,0,0,0,0,0,0,0,1,0,1.2246467991473532e-16,-1.0,0.2393156642875576,-0.970941817426052,0,362.69,125540.0042857143,120942.03142857144,111746.08571428571,103891.78,93903.02266666666,79171.66666666667,63100.0,123241.01785714286,5935.95743400757,116020.86946428572,8799.588273227768,110729.24497619046,10639.719761487515,95786.91852747252,16195.29489480479,130137.97714285715,116344.05857142856,130137.97714285715,96400.21199999998,3.6625559185726964,16.458644892131737,38.58763376000787,106.24085125650895,28.662,-0.1392430117342025,2.891,11.776358213350477,1.398,1,3,0.333,115575.47,960,2020,2
Sorghum,2020-06-15,134735.95,NGN,NGN/MT,WFP Nigeria Food Prices,wholesale,National,,,0.9,True,WFP VAM data — converted to NGN/MT,WFP,historical,False,,,358.81,215.89333333333332,124.33933333333331,12.6,13.5,0,1,1,0,0,0,0,1,0,0,1,0,0,0,0,0,0,0,1,0,1.2246467991473532e-16,-1.0,0.120536680255323,-0.992708874098054,0,375.51,130137.97714285715,125540.0042857143,116344.05857142856,105855.35642857142,96400.21199999998,79172.41866666666,65794.42363636363,127838.99071428573,5935.957434007673,119630.94366071429,9890.00054165481,113923.88980952383,11653.215066966071,97923.97742490843,17526.474062122914,134735.95,120942.03142857144,134735.95,98897.40133333331,3.5331522420203987,15.808191371697667,39.76727561553499,104.78323625823722,30.549,-0.12940367655229768,2.888,11.811079638070234,1.36,1,3,0.333,119658.93,961,2020,2
Sorghum,2020-06-22,142558.5375,NGN,NGN/MT,Gap-filled,wholesale,National,,,0.6,False,Weekly gap-fill,Interpolated,historical,False,,,358.81,215.89333333333332,124.33933333333331,12.6,13.5,0,1,1,0,0,0,0,1,0,0,1,0,0,0,0,0,0,0,1,0,1.2246467991473532e-16,-1.0,-3.216245299353273e-16,-1.0,0,397.31,134735.95,130137.97714285715,120942.03142857144,107818.93285714283,98897.40133333331,79172.41866666666,68488.84727272727,133243.11723214286,7256.846157917872,123973.39424107144,11464.109950439304,117562.3178234127,13242.704430097727,100361.90507234432,19147.349218022304,142558.5375,125540.0042857143,142558.5375,101394.59066666666,5.805865101333385,17.873443844206726,44.14791043852304,108.14854268509171,32.763,2.2727128593129864,3.009,11.867514998451338,1.36,1,3,0.333,126606.16,962,2020,2
Sorghum,2020-06-29,150381.125,NGN,NGN/MT,Gap-filled,wholesale,National,,,0.6,False,Weekly gap-fill,Interpolated,historical,False,,,358.81,215.89333333333332,124.33933333333331,12.6,13.5,0,1,1,0,0,0,0,1,0,0,1,0,0,0,0,0,0,0,1,0,1.2246467991473532e-16,-1.0,-0.1205366802553228,-0.992708874098054,0,419.11,142558.5375,134735.95,125540.0042857143,109782.50928571427,101394.59066666666,79172.79466666667,71183.2709090909,139453.3974107143,8908.581819035237,129048.22120535716,13147.171325154051,121644.52901785714,15209.94516486057,103100.68700824176,20998.518448221443,150381.125,130137.97714285715,150381.125,103891.78,5.487280970457475,19.787414263385106,48.312768966518064,111.25908247747383,35.259,-0.31858413087590964,3.061,11.920934833700645,1.36,1,3,0.333,133553.4,963,2020,2
Sorghum,2020-07-06,158203.7125,NGN,NGN/MT,Gap-filled,wholesale,National,,,0.6,False,Weekly gap-fill,Interpolated,historical,False,,,358.81,215.89333333333332,124.33933333333331,12.6,13.5,0,1,1,0,0,0,1,1,0,0,1,0,0,0,0,0,0,0,1,0,-0.4999999999999997,-0.8660254037844388,-0.2393156642875574,-0.970941817426052,0,440.91,150381.125,142558.5375,130137.97714285715,111746.08571428571,103891.78,79173.17066666666,73877.69454545455,146469.83125,10098.9170372494,134855.42455357144,14593.671286021667,126170.52339285713,17373.870268826977,106140.32323260073,23019.155247566494,158203.7125,134735.95,158203.7125,105855.35642857142,5.201841321508938,21.566137705009858,52.277410686389246,114.14273072999373,37.996,-0.2854396489485378,3.066,11.97164512211476,1.36,1,3,0.333,140500.63,964,2020,3
Sorghum,2020-07-13,166026.3,NGN,NGN/MT,WFP Nigeria Food Prices,wholesale,National,,,0.9,True,WFP VAM data — converted to NGN/MT,WFP,historical,False,,,358.81,214.39533333333333,137.56199999999998,12.6,13.5,0,1,1,0,0,0,1,1,0,0,1,0,0,0,0,0,0,0,1,0,-0.4999999999999997,-0.8660254037844388,-0.3546048870425356,-0.9350162426854148,0,462.71,158203.7125,150381.125,134735.95,116344.05857142856,105855.35642857142,79173.54666666666,76572.11818181818,154292.41875,10098.91703724951,141065.70473214285,16085.658464395417,131184.7686904762,19527.207356575585,109480.81374542123,25152.359797279805,166026.3,142558.5375,166026.3,107818.93285714283,4.94462953895598,23.22346040533352,56.842606365442094,116.82343905620525,40.931,-0.2572117825529574,3.04,12.019907511648299,1.394,1,3,0.333,147447.87,965,2020,3
Sorghum,2020-07-20,170975.53333333333,NGN,NGN/MT,Gap-filled,wholesale,National,,,0.6,False,Weekly gap-fill,Interpolated,historical,False,,,358.81,214.39533333333333,137.56199999999998,12.6,13.5,0,1,1,0,0,0,1,1,0,0,1,0,0,0,0,0,0,0,1,0,-0.4999999999999997,-0.8660254037844388,-0.464723172043768,-0.8854560256532101,0,476.51,166026.3,158203.7125,142558.5375,120942.03142857144,107818.93285714283,79671.82666666666,74746.33909090908,161396.66770833335,9031.893598785697,147319.8924702381,16852.11119986884,136447.81873015873,21104.451095884247,112992.49477106225,27120.785694045142,170975.53333333333,150381.125,170975.53333333333,109782.50928571427,2.9809935735081394,19.93356296414961,58.57654013314273,128.74101315569044,42.838,-1.9636359654478408,2.908,12.049281594098817,1.394,1,3,0.333,151843.28,966,2020,3
Sorghum,2020-07-27,175924.76666666666,NGN,NGN/MT,Gap-filled,wholesale,National,,,0.6,False,Weekly gap-fill,Interpolated,historical,False,,,358.81,214.39533333333333,137.56199999999998,12.6,13.5,0,1,1,0,0,0,1,1,0,0,1,0,0,0,0,0,0,0,1,0,-0.4999999999999997,-0.8660254037844388,-0.5680647467311556,-0.8229838658936565,0,490.3,170975.53333333333,166026.3,150381.125,125540.0042857143,109782.50928571427,80170.10666666666,74746.33909090908,167782.578125,7557.102106067861,153617.98776785715,16964.260022130635,141959.67351190475,22119.92230308031,116675.36630952382,28926.759230605734,175924.76666666666,158203.7125,175924.76666666666,111746.08571428571,2.894702672858074,16.985936012027224,60.24844741780677,135.36238537743083,43.803,-0.08629090065006562,2.796,12.077817404742927,1.394,1,3,0.333,156238.69,967,2020,3
Sorghum,2020-08-03,180874.0,NGN,NGN/MT,Gap-filled,wholesale,National,,,0.6,False,Weekly gap-fill,Interpolated,historical,False,,,358.81,214.39533333333333,137.56199999999998,12.6,13.5,0,1,0,0,1,0,1,1,0,0,1,0,0,0,0,1,0,0,1,0,-0.8660254037844384,-0.5000000000000004,-0.663122658240795,-0.7485107481711013,0,504.09,175924.76666666666,170975.53333333333,158203.7125,130137.97714285715,111746.08571428571,80668.38666666667,73833.44954545454,173450.15,6389.432758830989,159959.990625,16406.941599813123,147720.33303571428,22533.696243351555,120529.42836080586,30566.451100960574,180874.0,166026.3,180874.0,116344.05857142856,2.813266959001237,14.32980752585058,61.86159796456916,144.97568664815995,43.907,-0.08143571385683668,2.699,12.105561463933785,1.394,1,3,0.0,160634.1,968,2020,3
Sorghum,2020-08-10,185823.2333333333,NGN,NGN/MT,WFP Nigeria Food Prices,wholesale,National,,,0.9,True,WFP VAM data — converted to NGN/MT,WFP,historical,False,,,358.81,209.362,145.88066666666666,12.6,13.5,0,1,0,0,1,0,1,1,0,0,1,0,0,0,0,1,0,0,1,0,-0.8660254037844384,-0.5000000000000004,-0.7485107481711011,-0.6631226582407952,0,517.89,180874.0,175924.76666666666,166026.3,134735.95,116344.05857142856,81166.66666666667,72920.56,178399.38333333333,6389.432758831066,166345.90104166666,15074.72061697382,153510.26426587303,22664.595735312367,124554.68092490842,32031.411563626825,185823.2333333333,170975.53333333333,185823.2333333333,120942.03142857144,2.7362878762748233,11.923974294032536,59.71871328457099,154.82968497956313,43.23,-0.07697908272641385,2.614,12.132556523839433,1.397,1,3,0.0,165029.51,969,2020,3
Sorghum,2020-08-17,189601.87866666663,NGN,NGN/MT,Gap-filled,wholesale,National,,,0.6,False,Weekly gap-fill,Interpolated,historical,False,,,358.81,209.362,145.88066666666666,12.6,13.5,0,1,0,0,1,0,1,1,0,0,1,0,0,0,0,1,0,0,1,0,-0.8660254037844384,-0.5000000000000004,-0.8229838658936564,-0.5680647467311559,0,528.42,185823.2333333333,180874.0,170975.53333333333,142558.5375,120942.03142857144,83726.45833333333,73833.44954545454,183055.96966666667,5947.596732871219,172226.3186875,13570.439245835374,159231.91820238097,22359.846017069365,128626.81247619048,33336.669721725266,189601.87866666663,175924.76666666666,189601.87866666663,125540.0042857143,2.033462267097197,10.894158345463056,56.770873142349856,156.79672266963615,42.316,-0.7028256091776264,2.509,12.152687051528869,1.397,1,3,0.0,168385.33,970,2020,3
Sorghum,2020-08-24,193380.524,NGN,NGN/MT,Gap-filled,wholesale,National,,,0.6,False,Weekly gap-fill,Interpolated,historical,False,,,358.81,209.362,145.88066666666666,12.6,13.5,0,1,0,0,1,0,1,1,0,0,1,0,0,0,0,1,0,0,1,0,-0.8660254037844384,-0.5000000000000004,-0.8854560256532096,-0.4647231720437691,0,538.95,189601.87866666663,185823.2333333333,175924.76666666666,150381.125,125540.0042857143,86286.25,74511.11333333334,187419.90899999999,5344.412054513012,177601.2435625,12120.037276806288,164885.2948452381,21631.298994194618,132745.823014652,34492.0490463983,193380.524,180874.0,193380.524,130137.97714285715,1.9929366522662528,9.922285340532877,54.03896558732677,159.53245811117034,41.187,-0.04052561483094408,2.417,12.17242032486283,1.397,1,3,0.0,171741.14,971,2020,3
Sorghum,2020-08-31,197159.16933333327,NGN,NGN/MT,Gap-filled,wholesale,National,,,0.6,False,Weekly gap-fill,Interpolated,historical,False,,,358.81,209.362,145.88066666666666,12.6,13.5,0,1,0,0,1,0,1,1,0,0,1,0,0,0,0,1,0,0,1,0,-0.8660254037844384,-0.5000000000000004,-0.9350162426854148,-0.3546048870425359,0,549.48,193380.524,189601.87866666663,180874.0,158203.7125,130137.97714285715,88846.04166666666,75306.39,191491.2013333333,4878.210149074405,182470.67566666665,10985.863787732393,170470.39419444444,20464.938815660047,136911.71254029305,35503.91755455289,197159.16933333327,185823.2333333333,197159.16933333327,134735.95,1.9539947742272412,9.003598822016023,51.500102938364044,161.80934889234933,39.865,-0.03894187803901161,2.336,12.191771719681459,1.397,1,3,0.0,175096.95,972,2020,3
Sorghum,2020-09-07,200937.81466666664,NGN,NGN/MT,Gap-filled,wholesale,National,,,0.6,False,Weekly gap-fill,Interpolated,historical,False,,,358.81,209.362,145.88066666666666,12.6,13.5,0,1,0,0,1,1,0,0,0,0,0,0,0,0,0,1,0,0,0,0,-1.0,-1.8369701987210287e-16,-0.970941817426052,-0.2393156642875577,0,560.01,197159.16933333327,193380.524,185823.2333333333,166026.3,134735.95,91405.83333333331,76101.66666666667,195269.84666666665,4878.210149074476,186834.615,10440.925122373106,175987.21624999997,18812.568886613095,141124.48105311353,36375.99641082172,200937.81466666664,189601.87866666663,200937.81466666664,142558.5375,1.9165455738682446,8.133849068388832,49.13452175656654,164.0386518035084,38.367,-0.03744920035899657,2.265,12.210755736057266,1.397,1,3,0.0,178452.77,973,2020,3
Sorghum,2020-09-14,204716.46,NGN,NGN/MT,WFP Nigeria Food Prices,wholesale,National,,,0.9,True,WFP VAM data — converted to NGN/MT,WFP,historical,False,,,358.81,214.01545454545456,157.59300000000002,12.6,13.5,0,1,0,0,1,1,0,0,0,0,0,0,0,0,0,1,0,0,0,0,-1.0,-1.8369701987210287e-16,-0.992708874098054,-0.1205366802553235,0,570.54,200937.81466666664,197159.16933333327,189601.87866666663,170975.53333333333,142558.5375,93903.02266666666,76923.53333333334,199048.49199999997,4878.2101490745545,191052.23083333333,9921.36269896109,181167.043125,17265.219465908332,145386.53633516483,37106.39218804895,204716.46,193380.524,204716.46,150381.125,1.8805048415609038,7.9717466090649,43.601683624174385,166.12981896307411,36.91,-0.03604073230734084,2.2,12.229386063566391,1.454,1,3,0.0,181808.58,974,2020,3
Sorghum,2020-09-21,200937.81466666664,NGN,NGN/MT,Gap-filled,wholesale,National,,,0.6,False,Weekly gap-fill,Interpolated,historical,False,,,358.81,214.01545454545456,157.59300000000002,12.6,13.5,0,1,0,0,1,1,0,0,0,0,0,0,0,0,0,1,0,0,0,0,-1.0,-1.8369701987210287e-16,-1.0,-1.8369701987210287e-16,0,560.01,204716.46,200937.81466666664,193380.524,175924.76666666666,150381.125,96400.21199999998,77745.40000000001,200937.81466666664,3085.250995204873,194178.8618333333,8278.302870940382,185380.10059722222,15102.914374530546,149407.21336080585,37249.473094458226,204716.46,197159.16933333327,204716.46,158203.7125,-1.8457945850242519,3.907989548454549,33.61903940183095,158.45621048533624,34.49,-3.7262994265851557,1.984,12.210755736057266,1.454,1,3,0.0,178452.77,975,2020,3
Sorghum,2020-09-28,199372.2633333333,NGN,NGN/MT,Gap-filled,wholesale,National,,,0.6,False,Weekly gap-fill,Interpolated,historical,False,,,358.81,214.01545454545456,157.59300000000002,12.6,13.5,0,1,0,0,1,1,0,0,0,0,0,0,0,0,0,1,0,0,0,0,-1.0,-1.8369701987210287e-16,-0.992708874098054,0.1205366802553232,0,555.65,200937.81466666664,204716.46,197159.16933333327,180874.0,158203.7125,98897.40133333331,78567.26666666666,201491.08816666665,2273.3723312301845,196491.14474999998,6401.907543889649,188810.81316666666,12880.80083571065,153271.63113003664,37010.8467403825,204716.46,199372.2633333333,204716.46,166026.3,-0.7791223050426899,1.1224910347732209,26.02249351976067,153.7599585578048,31.46,1.066672279981562,1.842,12.202934041929495,1.454,1,3,0.0,177062.4,976,2020,3
Sorghum,2020-10-05,196700.165,NGN,NGN/MT,Gap-filled,wholesale,National,,,0.6,False,Weekly gap-fill,Interpolated,historical,False,,,358.81,214.01545454545456,157.59300000000002,12.6,13.5,0,1,0,0,0,1,0,0,0,1,0,1,0,1,1,1,1,0,0,0,-0.8660254037844386,0.5000000000000001,-0.970941817426052,0.2393156642875573,0,548.2,199372.2633333333,200937.81466666664,200937.81466666664,185823.2333333333,166026.3,101394.59066666666,79389.13333333333,200431.67575,3349.730328347809,197850.7612083333,4756.076437636261,191366.9685833333,10828.271069078919,156937.23014285712,36381.60393312314,204716.46,196700.165,204716.46,170975.53333333333,-1.3402558052249103,-2.1089358783444645,18.475304816164684,147.76711464289406,27.715,-0.5611335001822204,1.693,12.189440927084574,1.454,0,0,0.333,174689.31,977,2020,4
Sorghum,2020-10-12,194028.06666666668,NGN,NGN/MT,WFP Nigeria Food Prices,wholesale,National,,,0.9,True,WFP VAM data — converted to NGN/MT,WFP,historical,False,,,358.81,204.3733333333333,159.67666666666668,12.6,13.5,0,1,0,0,0,1,0,0,0,1,0,1,0,1,1,1,1,0,0,0,-0.8660254037844386,0.5000000000000001,-0.9350162426854148,0.3546048870425355,0,540.75,196700.165,199372.2633333333,204716.46,189601.87866666663,170975.53333333333,103891.78,80211.0,197759.57741666667,3041.297696107595,198404.03470833332,3825.887000995928,193288.01302777775,8721.717242106251,160404.01039926737,35406.18888999018,200937.81466666664,194028.06666666668,204716.46,175924.76666666666,-1.3584626801575572,-5.2210717854994755,13.482942783626362,141.89707978539934,23.288,-0.018206874932646944,1.559,12.175763255001039,1.417,0,0,0.333,172316.22,978,2020,4
Sorghum,2020-10-19,190409.71333333332,NGN,NGN/MT,Gap-filled,wholesale,National,,,0.6,False,Weekly gap-fill,Interpolated,historical,False,,,358.81,204.3733333333333,159.67666666666668,12.6,13.5,0,1,0,0,0,1,0,0,0,1,0,1,0,1,1,1,1,0,0,0,-0.8660254037844386,0.5000000000000001,-0.8854560256532101,0.464723172043768,0,530.67,194028.06666666668,196700.165,200937.81466666664,193380.524,175924.76666666666,105855.35642857142,80643.25,195127.5520833333,3827.8608314130697,198032.68337499996,4472.649890782595,194495.09191666663,6915.527191960419,163656.10104945055,34052.761073294576,199372.2633333333,190409.71333333332,204716.46,180874.0,-1.8648607881815216,-5.239482349700209,8.233602886688484,136.1136404266114,19.23,-0.5063981080239643,1.417,12.156938667263448,1.417,0,0,0.333,169102.76,979,2020,4
Sorghum,2020-10-26,186791.36000000004,NGN,NGN/MT,Gap-filled,wholesale,National,,,0.6,False,Weekly gap-fill,Interpolated,historical,False,,,358.81,204.3733333333333,159.67666666666668,12.6,13.5,0,1,0,0,0,1,0,0,0,1,0,1,0,1,1,1,1,0,0,0,-0.8660254037844386,0.5000000000000001,-0.822983865893657,0.5680647467311548,0,520.59,190409.71333333332,194028.06666666668,199372.2633333333,197159.16933333327,180874.0,107818.93285714283,81075.5,191982.32625,4315.178571727177,196736.70720833333,6002.381312712631,194988.20525,6007.306847026454,166693.5020934066,32352.646469924348,196700.165,186791.36000000004,204716.46,185823.2333333333,-1.9002987137525573,-6.310257566920963,3.271537092119403,130.39186930700404,15.171,-0.035437925571035755,1.285,12.137752904582877,1.417,0,0,0.333,165889.31,980,2020,4
Sorghum,2020-11-02,183173.0066666667,NGN,NGN/MT,Gap-filled,wholesale,National,,,0.6,False,Weekly gap-fill,Interpolated,historical,False,,,358.81,204.3733333333333,159.67666666666668,12.6,13.5,1,0,0,0,0,1,0,0,0,1,0,1,1,1,1,0,1,0,0,0,-0.5000000000000004,0.8660254037844384,-0.7485107481711011,0.6631226582407952,1,510.5,186791.36000000004,190409.71333333332,196700.165,200937.81466666664,185823.2333333333,109782.50928571427,81247.91666666667,188600.5366666667,4671.274066897551,194516.10620833334,7358.922553708455,194767.35302777775,6410.091404675377,169516.21353113555,30326.817249716696,194028.06666666668,183173.0066666667,204716.46,183173.0066666667,-1.9371095822276474,-6.877044731169035,-1.4262084558137933,125.4494812687505,11.258,-0.036810868475090075,1.16,12.11819183614826,1.417,0,0,0.667,162675.85,981,2020,4
Sorghum,2020-11-09,179554.65333333338,NGN,NGN/MT,WFP Nigeria Food Prices,wholesale,National,,,0.9,True,WFP VAM data — converted to NGN/MT,WFP,historical,False,,,358.81,205.4033333333333,165.708,12.6,13.5,1,0,0,0,0,1,0,0,0,1,0,1,1,1,1,0,1,0,0,0,-0.5000000000000004,0.8660254037844384,-0.6631226582407955,0.7485107481711007,1,500.42,183173.0066666667,186791.36000000004,194028.06666666668,204716.46,189601.87866666663,111746.08571428571,81940.0,184982.18333333335,4671.2740668974475,191370.880375,7743.517827140476,193930.08425000004,7677.08436915505,172124.23536263735,27985.305067779245,190409.71333333332,179554.65333333338,204716.46,179554.65333333338,-1.975374755909265,-7.4594431527259975,-5.299116972884521,119.12942803677495,7.47,-0.038265173681617526,1.042,12.098240485281266,1.44,0,0,0.667,159462.39,982,2020,4
Sorghum,2020-11-16,175038.7346666667,NGN,NGN/MT,Gap-filled,wholesale,National,,,0.6,False,Weekly gap-fill,Interpolated,historical,False,,,358.81,205.4033333333333,165.708,12.6,13.5,1,0,0,0,0,1,0,0,0,1,0,1,1,1,1,0,1,0,0,0,-0.5000000000000004,0.8660254037844384,-0.5680647467311559,0.8229838658936564,1,487.83,179554.65333333338,183173.0066666667,190409.71333333332,200937.81466666664,193380.524,116344.05857142856,81247.91666666667,181139.4386666667,5026.919116687602,188133.49537500003,8544.855904210657,192401.60180555555,9423.663822034734,174381.7229047619,25568.727912571223,186791.36000000004,175038.7346666667,204716.46,175038.7346666667,-2.5150663504571513,-8.072581171191617,-9.484817268016755,115.43781286699661,3.875,-0.5396915945478864,0.91,12.072768282370607,1.44,0,0,0.667,155451.81,983,2020,4
Sorghum,2020-11-23,170522.81600000002,NGN,NGN/MT,Gap-filled,wholesale,National,,,0.6,False,Weekly gap-fill,Interpolated,historical,False,,,358.81,205.4033333333333,165.708,12.6,13.5,1,0,0,0,0,1,0,0,0,1,0,1,1,1,1,0,1,0,0,0,-0.5000000000000004,0.8660254037844384,-0.4647231720437684,0.88545602565321,1,475.25,175038.7346666667,179554.65333333338,186791.36000000004,199372.2633333333,197159.16933333327,120942.03142857144,80555.83333333334,177072.30266666668,5489.7428153288,184527.31445833336,9187.660462070216,190181.90569444446,11175.38711053652,176288.67615750915,23159.048750494458,183173.0066666667,170522.81600000002,204716.46,170522.81600000002,-2.5799539029269902,-8.709473500273257,-13.510075855665459,111.68276578356627,0.445,-0.0648875524698389,0.782,12.046630249235365,1.44,0,0,0.667,151441.22,984,2020,4
Sorghum,2020-11-30,166006.89733333336,NGN,NGN/MT,Gap-filled,wholesale,National,,,0.6,False,Weekly gap-fill,Interpolated,historical,False,,,358.81,205.4033333333333,165.708,12.6,13.5,1,0,0,0,0,1,0,0,0,1,0,1,1,1,1,0,1,0,0,0,-0.5000000000000004,0.8660254037844384,-0.3546048870425359,0.9350162426854148,1,462.66,170522.81600000002,175038.7346666667,183173.0066666667,196700.165,200937.81466666664,125540.0042857143,79863.75,172780.77533333335,5830.02592960833,180690.65600000002,9768.460242250923,187270.9959166667,12580.080757084681,177845.09512087915,20857.461317240606,179554.65333333338,166006.89733333336,204716.46,166006.89733333336,-2.648278261289483,-9.371527849936856,-17.38394407806205,107.86263772153619,-2.848,-0.06832435836249262,0.655,12.019790640504247,1.44,0,0,0.667,147430.64,985,2020,4
Sorghum,2020-12-07,161583.98333333334,NGN,NGN/MT,Gap-filled,wholesale,National,,,0.6,False,Weekly gap-fill,Interpolated,historical,False,,,358.81,205.4033333333333,165.708,12.6,13.5,1,0,0,0,0,0,0,0,0,1,0,1,1,1,1,0,0,0,0,1,-2.4492935982947064e-16,1.0,-0.2393156642875578,0.970941817426052,1,450.33,166006.89733333336,170522.81600000002,179554.65333333338,194028.06666666668,204716.46,130137.97714285715,79171.66666666667,168288.10783333337,5794.080021592961,176635.14558333336,10166.898724455652,183676.6228611111,13284.601259372972,179054.55689743592,18789.639936188392,175038.7346666667,161583.98333333334,200937.81466666664,161583.98333333334,-2.6642953220907595,-10.008467988094116,-21.06937403405015,104.09319411405593,-6.013,-0.016017060801276628,0.531,11.992786495833853,1.44,0,0,0.667,143502.65,986,2020,4
Sorghum,2020-12-14,156975.06,NGN,NGN/MT,WFP Nigeria Food Prices,wholesale,National,,,0.9,True,WFP VAM data — converted to NGN/MT,WFP,historical,False,,,358.81,205.4033333333333,165.708,12.6,13.5,1,0,0,0,0,0,0,0,0,1,0,1,1,1,1,0,0,0,0,1,-2.4492935982947064e-16,1.0,-0.1205366802553236,0.992708874098054,1,437.49,161583.98333333334,166006.89733333336,175038.7346666667,190409.71333333332,200937.81466666664,134735.95,79172.41866666666,163772.18916666668,5818.1925289113215,172455.8139166667,10560.076776763683,180013.05997222223,14126.864597809921,179909.90728205128,17123.793105398807,170522.81600000002,156975.06,199372.2633333333,156975.06,-2.8523392221527,-10.319815611707938,-21.87878610086207,98.2698806523767,-8.97,-0.1880439000619405,0.403,11.963848588627133,1.44,0,0,0.667,139409.47,987,2020,4
Sorghum,2020-12-21,161583.98333333334,NGN,NGN/MT,Gap-filled,wholesale,National,,,0.6,False,Weekly gap-fill,Interpolated,historical,False,,,358.81,205.4033333333333,165.708,12.6,13.5,1,0,0,0,0,0,0,0,0,1,0,1,1,1,1,0,0,0,0,1,-2.4492935982947064e-16,1.0,6.432490598706546e-16,1.0,1,450.33,156975.06,161583.98333333334,170522.81600000002,186791.36000000004,199372.2633333333,142558.5375,79172.41866666666,161537.481,3687.623113239022,169304.89183333336,9364.590522978706,176864.0366388889,13621.865018992054,180641.65519871796,15820.745989414127,166006.89733333336,156975.06,196700.165,156975.06,2.93608636514191,-5.242015629548769,-18.9536294408321,104.09125558439425,-10.576,5.7884255872946095,0.478,11.992786495833853,1.44,0,0,0.667,143502.65,988,2020,4
Sorghum,2020-12-28,166192.90666666668,NGN,NGN/MT,Gap-filled,wholesale,National,,,0.6,False,Weekly gap-fill,Interpolated,historical,False,,,358.81,205.4033333333333,165.708,12.6,13.5,1,0,0,0,0,0,0,0,0,1,0,1,1,1,1,0,0,0,0,1,-2.4492935982947064e-16,1.0,0.1205366802553231,0.992708874098054,1,463.18,161583.98333333334,156975.06,166006.89733333336,183173.0066666667,196700.165,150381.125,79172.79466666667,161583.98333333334,3763.1701434231427,167182.37933333335,7513.685207551284,174321.76511111113,12372.809502461432,181249.8006474359,14887.378378636482,166192.90666666668,156975.06,194028.06666666668,156975.06,2.852339222152689,0.11204915959595052,-15.509523509211764,109.91163361906335,-10.85,-0.08374714298922115,0.554,12.020910498075958,1.44,0,0,0.667,147595.83,989,2020,4
Sorghum,2021-01-04,170801.83000000002,NGN,NGN/MT,Gap-filled,wholesale,National,,,0.6,False,Weekly gap-fill,Interpolated,historical,False,,,401.0,205.4033333333333,165.708,12.6,13.5,1,0,0,0,0,0,0,0,0,1,0,0,1,0,0,0,0,0,0,1,0.4999999999999999,0.8660254037844387,0.120536680255323,0.992708874098054,1,425.94,166192.90666666668,161583.98333333334,161583.98333333334,179554.65333333338,194028.06666666668,158203.7125,79173.17066666666,163888.445,5950.094437981333,166088.2764166667,5923.790141051297,172386.2453888889,10715.525473361236,181734.34362820516,14300.747472859039,170801.83000000002,156975.06,190409.71333333332,156975.06,2.773237092830594,5.7046784443054,-11.97055511900168,115.73195637080968,-9.82,-0.07910212932209504,0.63,12.048265129285992,1.44,0,0,0.333,151689.01,990,2021,1
Sorghum,2021-01-11,175410.75333333336,NGN,NGN/MT,WFP Nigeria Food Prices,wholesale,National,,,0.9,True,WFP VAM data — converted to NGN/MT,WFP,historical,False,,,401.0,217.5366666666667,165.32333333333332,12.6,13.5,1,0,0,0,0,0,0,0,0,1,0,0,1,0,0,0,0,0,0,1,0.4999999999999999,0.8660254037844387,0.2393156642875577,0.970941817426052,1,437.43,170801.83000000002,166192.90666666668,156975.06,175038.7346666667,190409.71333333332,166026.3,79173.54666666666,168497.36833333335,5950.094437981423,166134.77875,6004.99316863251,171136.33205555557,9187.947635819823,182095.28414102565,14003.774330165767,175410.75333333336,161583.98333333334,186791.36000000004,156975.06,2.6984039534783344,11.744345460567661,-7.877203183296966,121.55222384042084,-7.467,-0.07483313935225944,0.708,12.074891365417157,1.494,0,0,0.333,155782.2,991,2021,1
Sorghum,2021-01-18,176889.76933333336,NGN,NGN/MT,Gap-filled,wholesale,National,,,0.6,False,Weekly gap-fill,Interpolated,historical,False,,,401.0,217.5366666666667,165.32333333333332,12.6,13.5,1,0,0,0,0,0,0,0,0,1,0,0,1,0,0,0,0,0,0,1,0.4999999999999999,0.8660254037844387,0.3546048870425356,0.9350162426854148,1,441.12,175410.75333333336,170801.83000000002,161583.98333333334,170522.81600000002,186791.36000000004,170975.53333333333,79671.82666666666,172323.81483333337,4840.165375267739,166930.64791666667,7007.825119962649,170311.19950000002,8025.268135431901,182322.7547564103,13863.254450150913,176889.76933333336,166192.90666666668,183173.0066666667,156975.06,0.8431729366040752,9.472341060206158,-5.300882581863897,122.02298696302019,-5.484,-1.8552310168742592,0.713,12.083287698647007,1.494,0,0,0.333,157095.71,992,2021,1
Sorghum,2021-01-25,178368.78533333333,NGN,NGN/MT,Gap-filled,wholesale,National,,,0.6,False,Weekly gap-fill,Interpolated,historical,False,,,401.0,217.5366666666667,165.32333333333332,12.6,13.5,1,0,0,0,0,0,0,0,0,1,0,0,1,0,0,0,0,0,0,1,0.4999999999999999,0.8660254037844387,0.4647231720437685,0.8854560256532099,1,444.81,176889.76933333336,175410.75333333336,166192.90666666668,166006.89733333336,183173.0066666667,175924.76666666666,80170.10666666666,175367.7845,3274.7636378445995,168475.88391666667,8059.093607672797,169910.84772222224,7422.505350246018,182416.75547435897,13826.374046485955,178368.78533333333,170801.83000000002,179554.65333333338,156975.06,0.8361229739708209,7.326352797407787,-2.6227780068468154,122.48789823239186,-3.864,-0.007049962633254303,0.719,12.091614120060754,1.494,0,0,0.333,158409.22,993,2021,1
Sorghum,2021-02-01,179847.80133333334,NGN,NGN/MT,Gap-filled,wholesale,National,,,0.6,False,Weekly gap-fill,Interpolated,historical,False,,,401.0,217.5366666666667,165.32333333333332,17.3,20.1,1,0,0,0,0,0,0,0,1,1,0,0,1,0,0,0,0,0,0,0,0.8660254037844386,0.5000000000000001,0.5680647467311558,0.8229838658936564,1,448.5,178368.78533333333,176889.76933333336,170801.83000000002,161583.98333333334,179554.65333333338,180874.0,80668.38666666667,177629.27733333336,1909.4014455894685,170758.86116666667,8407.218493052098,169935.27672222225,7457.5303096371335,182377.2862948718,13832.417589906938,179847.80133333334,175410.75333333336,179847.80133333334,156975.06,0.82918992649752,5.2961793988584915,0.16326393917274196,122.9470660873512,-2.603,-0.006933047473300924,0.727,12.09987178428829,1.494,0,0,0.333,153322.93,994,2021,1
Sorghum,2021-02-08,181326.8173333333,NGN,NGN/MT,Gap-filled,wholesale,National,,,0.6,False,Weekly gap-fill,Interpolated,historical,False,,,401.0,217.5366666666667,165.32333333333332,17.3,20.1,1,0,0,0,0,0,0,0,1,1,0,0,1,0,0,0,0,0,0,0,0.8660254037844386,0.5000000000000001,0.6631226582407952,0.7485107481711011,1,452.19,179847.80133333334,178368.78533333333,175410.75333333336,156975.06,175038.7346666667,185823.2333333333,81166.66666666667,179108.29333333333,1909.401445589604,173802.83083333334,6993.178020809256,170459.28361111114,8046.395338508978,182204.3472179487,13815.709518593592,181326.8173333333,176889.76933333336,181326.8173333333,156975.06,0.8223709097553655,3.3726917464162787,3.5923949511182496,123.40059630390141,-1.699,-0.00681901674215446,0.736,12.108061817589652,1.494,0,0,0.333,154583.82,995,2021,1
Sorghum,2021-02-15,182805.8333333333,NGN,NGN/MT,WFP Nigeria Food Prices,wholesale,National,,,0.9,True,WFP VAM data — converted to NGN/MT,WFP,historical,False,,,401.0,225.93,165.49333333333334,17.3,20.1,1,0,0,0,0,0,0,0,1,1,0,0,1,0,0,0,0,0,0,0,0.8660254037844386,0.5000000000000001,0.7485107481711011,0.6631226582407953,1,455.87,181326.8173333333,179847.80133333334,176889.76933333336,161583.98333333334,170522.81600000002,189601.87866666663,83726.45833333333,180587.3093333333,1909.4014455897654,176455.56208333335,5577.886529143975,171482.8683888889,8801.083618668083,181942.96085897434,13734.202063492523,182805.8333333333,178368.78533333333,182805.8333333333,156975.06,0.8156631334245157,3.3444918958832837,7.203151825344767,118.33699522502594,-0.745,-0.006707776330849846,0.746,12.116185318776894,1.532,0,0,0.333,155844.7,996,2021,1
Sorghum,2021-02-22,186774.8828125,NGN,NGN/MT,Gap-filled,wholesale,National,,,0.6,False,Weekly gap-fill,Interpolated,historical,False,,,401.0,225.93,165.49333333333334,17.3,20.1,1,0,0,0,0,0,0,0,1,1,0,0,1,0,0,0,0,0,0,0,0.8660254037844386,0.5000000000000001,0.8229838658936564,0.5680647467311559,1,465.77,182805.8333333333,181326.8173333333,178368.78533333333,166192.90666666668,166006.89733333336,193380.524,86286.25,182688.83370312498,2979.711381742719,179028.3091015625,4869.7872243889315,173213.53384548612,9629.343471198385,181688.89773637822,13574.327279617533,186774.8828125,179847.80133333334,186774.8828125,156975.06,2.1711831656539227,4.712762641432722,12.510314819911116,116.45961298874386,0.55,1.355520032229407,0.825,12.137664689442389,1.532,0,0,0.333,159228.37,997,2021,1
Sorghum,2021-03-01,190743.93229166663,NGN,NGN/MT,Gap-filled,wholesale,National,,,0.6,False,Weekly gap-fill,Interpolated,historical,False,,,401.0,225.93,165.49333333333334,18.2,22.9,1,0,0,1,0,0,0,0,1,1,0,0,0,0,0,0,0,0,0,0,1.0,6.123233995736766e-17,0.8854560256532099,0.4647231720437686,0,475.67,186774.8828125,182805.8333333333,179847.80133333334,170801.83000000002,161583.98333333334,197159.16933333327,88846.04166666666,185412.8664427083,4233.5080266487785,181521.07188802082,5152.998171985442,175643.5295920139,10095.798789500417,181442.15785016026,13338.126525131485,190743.93229166663,181326.8173333333,190743.93229166663,156975.06,2.12504455599154,6.058528865825941,18.046311494982103,114.69041131545437,2.188,-0.04613860966238281,0.907,12.158692381515499,1.532,0,0,0.333,161373.89,998,2021,1
Sorghum,2021-03-08,194712.9817708333,NGN,NGN/MT,Gap-filled,wholesale,National,,,0.6,False,Weekly gap-fill,Interpolated,historical,False,,,401.0,225.93,165.49333333333334,18.2,22.9,1,0,0,1,0,0,0,0,1,1,0,0,0,0,0,0,0,0,0,0,1.0,6.123233995736766e-17,0.9350162426854148,0.3546048870425355,0,485.57,190743.93229166663,186774.8828125,181326.8173333333,175410.75333333336,156975.06,200937.81466666664,91405.83333333331,188759.4075520833,5124.020844361623,183933.85044270832,6279.128941048638,178788.35640625,9618.305021594635,181202.74120032054,13026.410532758715,194712.9817708333,182805.8333333333,194712.9817708333,161583.98333333334,2.080826074770026,7.382341252310298,24.04071179895284,113.02030151704399,4.17,-0.04421848122151406,0.993,12.179287000650628,1.532,0,0,0.333,164731.8,999,2021,1
Sorghum,2021-03-15,198682.03125,NGN,NGN/MT,WFP Nigeria Food Prices,wholesale,National,,,0.9,True,WFP VAM data — converted to NGN/MT,WFP,historical,False,,,401.0,245.89,173.6225,18.2,22.9,1,0,0,1,0,0,0,0,1,1,0,0,0,0,0,0,0,0,0,0,1.0,6.123233995736766e-17,0.970941817426052,0.239315664287558,0,495.47,194712.9817708333,190743.93229166663,182805.8333333333,176889.76933333336,161583.98333333334,204716.46,93903.02266666666,192728.45703125,5124.020844361804,186657.88318229164,7411.565723600381,181879.86039930556,9547.530804352202,180970.647786859,12638.693511408082,198682.03125,186774.8828125,198682.03125,166192.90666666668,2.038410301701421,8.684732662615623,22.958988354765776,111.58214678059282,6.497,-0.04241577306860478,1.082,12.199466026050743,1.647,0,0,0.333,168089.7,1000,2021,1
Sorghum,2021-03-22,199528.7484375,NGN,NGN/MT,Gap-filled,wholesale,National,,,0.6,False,Weekly gap-fill,Interpolated,historical,False,,,401.0,245.89,173.6225,18.2,22.9,1,0,0,1,0,0,0,0,1,1,0,0,0,0,0,0,0,0,0,0,1.0,6.123233995736766e-17,0.992708874098054,0.120536680255323,0,497.58,198682.03125,194712.9817708333,186774.8828125,178368.78533333333,166192.90666666668,200937.81466666664,96400.21199999998,195916.9234375,4037.3429371712955,189302.8785703125,7796.53008691911,184657.84721354165,9417.12652445993,180916.45293189102,12552.375590773281,199528.7484375,190743.93229166663,199528.7484375,170801.83000000002,0.4261669674770818,6.828469349277211,20.058522616548903,106.97957431618516,8.291,-1.6122433342243392,1.081,12.20371861917046,1.647,0,0,0.333,168806.05,1001,2021,1
Sorghum,2021-03-29,200375.465625,NGN,NGN/MT,Gap-filled,wholesale,National,,,0.6,False,Weekly gap-fill,Interpolated,historical,False,,,401.0,245.89,173.6225,18.2,22.9,1,0,0,1,0,0,0,0,1,1,0,0,0,0,0,0,0,0,0,0,1.0,6.123233995736766e-17,1.0,-1.6081226496766364e-16,0,499.69,199528.7484375,198682.03125,190743.93229166663,179847.80133333334,170801.83000000002,199372.2633333333,98897.40133333331,198324.80677083333,2505.165758458094,191868.8366067708,7616.070819946762,187122.31684895835,9330.672684773393,180955.0376354167,12612.772658618112,200375.465625,194712.9817708333,200375.465625,175410.75333333336,0.42435849176152285,5.049457258019507,17.31458944263067,102.60943454887683,9.599,-0.001808475715558977,1.082,12.207953204295585,1.647,0,0,0.333,169522.39,1002,2021,1
Sorghum,2021-04-05,201222.1828125,NGN,NGN/MT,Gap-filled,wholesale,National,,,0.6,False,Weekly gap-fill,Interpolated,historical,False,,,401.0,245.89,173.6225,18.2,22.9,0,1,1,1,0,0,0,0,1,0,0,0,0,0,0,0,0,0,0,0,0.8660254037844387,-0.4999999999999998,0.992708874098054,-0.1205366802553228,0,501.8,200375.465625,199528.7484375,194712.9817708333,181326.8173333333,175410.75333333336,196700.165,101394.59066666666,199952.10703125,1093.1071887125117,194355.75729166667,6896.214925388995,189273.26930555553,9360.469698864577,181128.96139743592,12867.186957531585,201222.1828125,198682.03125,201222.1828125,176889.76933333336,0.42256530002759973,3.3429722982351695,14.714850138131009,98.45455412312398,10.392,-0.0017931917339231163,1.086,12.212169933296236,1.647,0,0,0.333,170238.73,1003,2021,2
Sorghum,2021-04-12,202068.9,NGN,NGN/MT,WFP Nigeria Food Prices,wholesale,National,,,0.9,True,WFP VAM data — converted to NGN/MT,WFP,historical,False,,,401.0,255.78384615384616,168.0411111111111,18.2,22.9,0,1,1,1,0,0,0,0,1,0,0,0,0,0,0,0,0,0,0,0,0.8660254037844387,-0.4999999999999998,0.970941817426052,-0.2393156642875575,0,503.91,201222.1828125,200375.465625,198682.03125,182805.8333333333,176889.76933333336,194028.06666666668,103891.78,200798.82421875,1093.1071887126602,196763.64062499997,5511.197327783546,191371.53019444444,9151.984539032008,181438.2242179487,13279.638377814808,202068.9,199528.7484375,202068.9,178368.78533333333,0.42078719933626996,1.7046678699083273,14.234362315900118,94.49941082923019,10.671,-0.0017781006913297759,1.092,12.216368956129406,1.675,0,0,0.333,170955.08,1004,2021,2
Sorghum,2021-04-19,202983.7921875,NGN,NGN/MT,Gap-filled,wholesale,National,,,0.6,False,Weekly gap-fill,Interpolated,historical,False,,,401.0,255.78384615384616,168.0411111111111,18.2,22.9,0,1,1,1,0,0,0,0,1,0,0,0,0,0,0,0,0,1,0,0,0.8660254037844387,-0.4999999999999998,0.9350162426854148,-0.3546048870425354,0,506.19,202068.9,201222.1828125,199528.7484375,186774.8828125,178368.78533333333,190409.71333333332,105855.35642857142,201662.58515625,1119.718816457806,198789.75429687498,4117.679336595821,193422.78076562498,8721.075511408058,181921.8426354167,13836.70873033733,202983.7921875,200375.465625,202983.7921875,179847.80133333334,0.45276249214996067,1.731601975683339,13.80006418060562,91.75580625857931,10.851,0.031975292813690714,1.105,12.220886339885118,1.675,0,0,0.333,171729.1,1005,2021,2
Sorghum,2021-04-26,203898.684375,NGN,NGN/MT,Gap-filled,wholesale,National,,,0.6,False,Weekly gap-fill,Interpolated,historical,False,,,401.0,255.78384615384616,168.0411111111111,18.2,22.9,0,1,1,1,0,0,0,0,1,0,0,0,0,0,0,0,0,1,0,0,0.8660254037844387,-0.4999999999999998,0.8854560256532099,-0.4647231720437685,0,508.48,202983.7921875,202068.9,200375.465625,190743.93229166663,179847.80133333334,186791.36000000004,107818.93285714283,202543.38984375002,1154.9179079154276,200434.09830729166,2888.943426240435,195427.02101909718,8055.994271656724,182579.81664983975,14469.79738737555,203898.684375,201222.1828125,203898.684375,181326.8173333333,0.45072179292764414,1.7583084530885973,13.372909128363663,89.11213362235763,10.934,-0.0020406992223165332,1.122,12.225383408621182,1.675,0,0,0.333,172503.12,1006,2021,2
Sorghum,2021-05-03,204813.5765625,NGN,NGN/MT,Gap-filled,wholesale,National,,,0.6,False,Weekly gap-fill,Interpolated,historical,False,,,401.0,255.78384615384616,168.0411111111111,18.2,22.9,0,1,1,1,0,0,0,0,1,0,1,0,0,0,0,0,0,1,0,0,0.4999999999999999,-0.8660254037844387,0.8229838658936565,-0.5680647467311557,0,510.76,203898.684375,202983.7921875,201222.1828125,194712.9817708333,181326.8173333333,183173.0066666667,109782.50928571427,203441.23828125,1181.120735255542,201696.67265625,2142.023819763783,197384.25095486108,7117.278421921185,183412.14626121795,15113.374248153701,204813.5765625,202068.9,204813.5765625,182805.8333333333,0.44869940691592003,1.7847901756172124,12.952722368689095,86.56303075516591,10.92,-0.002022386011724109,1.146,12.229860344236279,1.675,0,0,0.333,173277.14,1007,2021,2
Sorghum,2021-05-10,205728.46875,NGN,NGN/MT,WFP Nigeria Food Prices,wholesale,National,,,0.9,True,WFP VAM data — converted to NGN/MT,WFP,historical,False,,,401.0,257.04625,169.070625,18.2,22.9,0,1,1,1,0,0,0,0,1,0,1,0,0,0,0,0,0,1,0,0,0.4999999999999999,-0.8660254037844387,0.7485107481711013,-0.663122658240795,0,513.04,204813.5765625,203898.684375,202068.9,198682.03125,182805.8333333333,179554.65333333338,111746.08571428571,204356.13046875,1181.1207352556642,202577.47734375,2173.8262535437266,199294.47057291667,5803.76535990527,184418.83146955125,15706.229635438227,205728.46875,202983.7921875,205728.46875,186774.8828125,0.446695088702187,1.8110499685998205,12.539334767763632,84.10351238253664,10.811,-0.002004318213733036,1.178,12.234317326196921,1.684,0,0,0.333,174051.16,1008,2021,2
Sorghum,2021-05-17,211694.19633333333,NGN,NGN/MT,Gap-filled,wholesale,National,,,0.6,False,Weekly gap-fill,Interpolated,historical,False,,,401.0,257.04625,169.070625,18.2,22.9,0,1,1,1,0,0,0,0,1,0,1,0,0,0,0,0,0,0,0,0,0.4999999999999999,-0.8660254037844387,0.6631226582407952,-0.7485107481711012,0,527.92,205728.46875,204813.5765625,202983.7921875,199528.7484375,186774.8828125,175038.7346666667,116344.05857142856,206533.73150520836,3520.4759030845053,204098.15833072917,3553.643923438004,201371.08003298612,5357.968194688126,185828.65691826926,16457.73100248849,211694.19633333333,203898.684375,211694.19633333333,190743.93229166663,2.8998065360525516,4.291182094867629,13.341897553671277,81.95531334620347,11.142,2.4531114473503646,1.432,12.262902765950697,1.684,0,0,0.333,179098.3,1009,2021,2
Sorghum,2021-05-24,217659.92391666665,NGN,NGN/MT,Gap-filled,wholesale,National,,,0.6,False,Weekly gap-fill,Interpolated,historical,False,,,401.0,257.04625,169.070625,18.2,22.9,0,1,1,1,0,0,0,0,1,0,1,0,0,0,0,0,0,0,0,0,0.4999999999999999,-0.8660254037844387,0.5680647467311558,-0.8229838658936564,0,542.79,211694.19633333333,205728.46875,203898.684375,200375.465625,190743.93229166663,170522.81600000002,120942.03142857144,209974.041390625,5963.416457037313,206258.7156171875,5620.341607108894,203614.07933506943,6088.765141632382,187641.62260737177,17279.960158435875,217659.92391666665,204813.5765625,217659.92391666665,194712.9817708333,2.8180874519298182,6.749057544852843,14.11106046814783,79.9704547258386,11.902,-0.08171908412273332,1.698,12.290693736011175,1.684,0,0,0.333,184145.45,1010,2021,2
Sorghum,2021-05-31,223625.6515,NGN,NGN/MT,Gap-filled,wholesale,National,,,0.6,False,Weekly gap-fill,Interpolated,historical,False,,,401.0,257.04625,169.070625,18.2,22.9,0,1,1,1,0,0,0,0,1,0,1,0,0,0,0,0,0,0,0,0,0.4999999999999999,-0.8660254037844387,0.464723172043769,-0.8854560256532096,0,557.67,217659.92391666665,211694.19633333333,204813.5765625,201222.1828125,194712.9817708333,166006.89733333336,125540.0042857143,214677.060125,7701.721192753827,209059.149203125,7879.6487555442,206023.46847916665,7742.299872902491,189857.72853685898,18070.999210704773,223625.6515,205728.46875,223625.6515,198682.03125,2.7408479595065094,9.184974576995097,14.848865990453252,78.13098921922474,13.073,-0.07723949242330885,1.964,12.31773320591511,1.684,0,0,0.333,189192.6,1011,2021,2
Sorghum,2021-06-07,229591.3790833333,NGN,NGN/MT,Gap-filled,wholesale,National,,,0.6,False,Weekly gap-fill,Interpolated,historical,False,,,401.0,257.04625,169.070625,18.2,22.9,0,1,1,0,0,0,0,1,0,0,1,0,0,0,0,0,0,0,1,0,1.2246467991473532e-16,-1.0,0.3546048870425358,-0.9350162426854148,0,572.55,223625.6515,217659.92391666665,205728.46875,202068.9,198682.03125,161583.98333333334,130137.97714285715,220642.78770833332,7701.721192753917,212499.45908854168,10089.91770209679,208599.2474652778,9914.67847355684,192473.39760416668,18724.848504953425,229591.3790833333,211694.19633333333,229591.3790833333,199528.7484375,2.6677295486082997,11.599226144210206,15.557193390297241,76.42150594618707,14.635,-0.0731184108982097,2.217,12.344060750730916,1.684,0,0,0.333,194239.75,1012,2021,2
Sorghum,2021-06-14,235557.10666666663,NGN,NGN/MT,WFP Nigeria Food Prices,wholesale,National,,,0.9,True,WFP VAM data — converted to NGN/MT,WFP,historical,False,,,401.0,258.7025,167.850625,18.2,22.9,0,1,1,0,0,0,0,1,0,0,1,0,0,0,0,0,0,0,1,0,1.2246467991473532e-16,-1.0,0.2393156642875576,-0.970941817426052,0,587.42,229591.3790833333,223625.6515,211694.19633333333,202983.7921875,199528.7484375,156975.06,134735.95,226608.51529166667,7701.721192754008,216571.12339843748,12077.870365088567,211601.61065104164,12126.572420224247,195495.7840144231,19103.996955950108,235557.10666666663,217659.92391666665,235557.10666666663,200375.465625,2.5984109713317993,11.272349807719252,18.056725414910368,74.82869766136405,15.915,-0.06931857727650037,2.44,12.369712899442009,1.687,0,0,0.333,199286.89,1013,2021,2
Sorghum,2021-06-21,241396.35166666663,NGN,NGN/MT,Gap-filled,wholesale,National,,,0.6,False,Weekly gap-fill,Interpolated,historical,False,,,401.0,258.7025,167.850625,18.2,22.9,0,1,1,0,0,0,0,1,0,0,1,0,0,0,0,0,0,0,1,0,1.2246467991473532e-16,-1.0,0.120536680255323,-0.992708874098054,0,601.99,235557.10666666663,229591.3790833333,217659.92391666665,203898.684375,200375.465625,161583.98333333334,142558.5375,232542.62222916662,7652.839221863105,221258.33180989584,13633.291889020165,215020.01782118052,14267.144437370047,198565.49048878206,19835.2401889983,241396.35166666663,223625.6515,241396.35166666663,201222.1828125,2.47890844077272,10.905281653543032,20.472010340046644,69.33138898585194,17.111,-0.11950253055907911,2.598,12.394199616859071,1.687,0,0,0.333,204227.03,1014,2021,2
Sorghum,2021-06-28,247235.59666666668,NGN,NGN/MT,Gap-filled,wholesale,National,,,0.6,False,Weekly gap-fill,Interpolated,historical,False,,,401.0,258.7025,167.850625,18.2,22.9,0,1,1,0,0,0,0,1,0,0,1,0,0,0,0,0,0,0,1,0,1.2246467991473532e-16,-1.0,-3.216245299353273e-16,-1.0,0,616.55,241396.35166666663,235557.10666666663,223625.6515,204813.5765625,201222.1828125,166192.90666666668,150381.125,238445.1085208333,7587.5247964455,226561.08432291666,14543.046324106885,218854.4689756944,16265.11212244095,201682.51702724356,20884.5413360694,247235.59666666668,229591.3790833333,247235.59666666668,202068.9,2.4189450087726216,10.5577982705918,22.866968845598024,64.40600285884726,18.228,-0.05996343200009857,2.693,12.418101038376196,1.687,0,0,0.333,209167.17,1015,2021,2
Sorghum,2021-07-05,253074.84166666676,NGN,NGN/MT,Gap-filled,wholesale,National,,,0.6,False,Weekly gap-fill,Interpolated,historical,False,,,401.0,258.7025,167.850625,18.2,22.9,0,1,1,0,0,0,1,1,0,0,1,0,0,0,0,0,0,0,1,0,-0.4999999999999997,-0.8660254037844388,-0.1205366802553228,-0.992708874098054,0,631.11,247235.59666666668,241396.35166666663,229591.3790833333,205728.46875,202068.9,170801.83000000002,158203.7125,244315.97416666668,7538.43287980926,232479.38093749998,14487.792659559203,223104.96411458333,18046.834701243322,204846.8636298077,22209.291340399883,253074.84166666676,235557.10666666663,253074.84166666676,202983.7921875,2.361814026267739,10.228372980332946,25.241856449293664,59.96770092652963,19.268,-0.05713098250488269,2.734,12.441444492221244,1.687,0,0,0.333,214107.31,1016,2021,3
Sorghum,2021-07-12,258914.0866666668,NGN,NGN/MT,WFP Nigeria Food Prices,wholesale,National,,,0.9,True,WFP VAM data — converted to NGN/MT,WFP,historical,False,,,401.0,263.16625,167.376875,18.2,22.9,0,1,1,0,0,0,1,1,0,0,1,0,0,0,0,0,0,0,1,0,-0.4999999999999997,-0.8660254037844388,-0.2393156642875574,-0.970941817426052,0,645.67,253074.84166666676,247235.59666666668,235557.10666666663,211694.19633333333,202983.7921875,175410.75333333336,166026.3,250155.2191666667,7538.432879809351,238381.86722916667,14428.780591960152,227765.82198784722,19538.584704787543,208058.53029647438,23765.446085759177,258914.0866666668,241396.35166666663,258914.0866666668,203898.684375,2.3073194322852153,9.915633763090948,27.554069158143868,55.947633999352384,20.233,-0.054494593982523654,2.735,12.464255436219032,1.706,0,0,0.333,219047.45,1017,2021,3
Sorghum,2021-07-19,258891.02,NGN,NGN/MT,Gap-filled,wholesale,National,,,0.6,False,Weekly gap-fill,Interpolated,historical,False,,,401.0,263.16625,167.376875,18.2,22.9,0,1,1,0,0,0,1,1,0,0,1,0,0,0,0,0,0,0,1,0,-0.4999999999999997,-0.8660254037844388,-0.3546048870425356,-0.9350162426854148,0,645.61,258914.0866666668,253074.84166666676,241396.35166666663,217659.92391666665,203898.684375,176889.76933333336,170975.53333333333,254528.88625000007,5584.6370262219925,243535.75423958336,13288.3083293884,232348.51662326392,19877.908768130208,211212.4245528846,24878.69592029598,258914.0866666668,247235.59666666668,258914.0866666668,204813.5765625,-0.008909004127111153,7.247279510458782,26.970421998339567,51.41992246064058,20.508,-2.3162284364123265,2.515,12.464166342553128,1.706,0,0,0.333,219027.94,1018,2021,3
Sorghum,2021-07-26,258891.02,NGN,NGN/MT,Gap-filled,wholesale,National,,,0.6,False,Weekly gap-fill,Interpolated,historical,False,,,401.0,263.16625,167.376875,18.2,22.9,0,1,1,0,0,0,1,1,0,0,1,0,0,0,0,0,0,0,1,0,-0.4999999999999997,-0.8660254037844388,-0.464723172043768,-0.8854560256532101,0,645.61,258891.02,258914.0866666668,247235.59666666668,223625.6515,204813.5765625,178368.78533333333,175924.76666666666,257442.74208333337,2911.9539133645508,247943.92530208334,11464.04432712745,236854.97024305558,19185.879982096234,214309.43357852567,25627.253857143623,258914.0866666668,253074.84166666676,258914.0866666668,205728.46875,0.0,4.714298220190205,26.403251359168543,47.16007581271009,20.127,0.008909004127111153,2.33,12.464166342553128,1.706,0,0,0.333,219027.94,1019,2021,3
Sorghum,2021-08-02,258879.48666666663,NGN,NGN/MT,Gap-filled,wholesale,National,,,0.6,False,Weekly gap-fill,Interpolated,historical,False,,,401.0,263.16625,167.376875,18.2,22.9,0,1,0,0,1,0,1,1,0,0,1,0,0,0,0,1,0,0,1,0,-0.8660254037844384,-0.5000000000000004,-0.5680647467311556,-0.8229838658936565,0,645.58,258891.02,258891.02,253074.84166666676,229591.3790833333,205728.46875,179847.80133333334,180874.0,258893.90333333335,14.512460086584356,251604.93875,9223.545803005562,241284.22173611113,17398.74316409967,217349.11378365385,26059.591702291364,258914.0866666668,258879.48666666663,258914.0866666668,211694.19633333333,-0.004454898950667641,2.293647587319403,25.8355191382168,43.12697605331151,19.114,-0.004454898950667641,2.172,12.464121792743368,1.706,0,0,0.0,219018.18,1020,2021,3
Sorghum,2021-08-09,258867.9533333333,NGN,NGN/MT,WFP Nigeria Food Prices,wholesale,National,,,0.9,True,WFP VAM data — converted to NGN/MT,WFP,historical,False,,,401.0,268.55125,166.130625,18.2,22.9,0,1,0,0,1,0,1,1,0,0,1,0,0,0,0,1,0,0,1,0,-0.8660254037844384,-0.5000000000000004,-0.663122658240795,-0.7485107481711013,0,645.56,258879.48666666663,258891.02,258914.0866666668,235557.10666666663,211694.19633333333,181326.8173333333,185823.2333333333,258882.37,11.042326713220918,254518.79458333337,6790.861506299965,245215.36815277778,15309.088115911742,220331.46516826923,26208.785758929313,258891.02,258867.9533333333,258914.0866666668,217659.92391666665,-0.00445509742074135,-0.017818008254166795,22.283916053003306,39.30871220444807,17.497,-1.984700737089895e-07,2.035,12.464077240948836,1.727,0,0,0.0,219008.42,1021,2021,3
Sorghum,2021-08-16,257532.896,NGN,NGN/MT,Gap-filled,wholesale,National,,,0.6,False,Weekly gap-fill,Interpolated,historical,False,,,401.0,268.55125,166.130625,18.2,22.9,0,1,0,0,1,0,1,1,0,0,1,0,0,0,0,1,0,0,1,0,-0.8660254037844384,-0.5000000000000004,-0.7485107481711011,-0.6631226582407952,0,642.23,258867.9533333333,258879.48666666663,258891.02,241396.35166666663,217659.92391666665,182805.8333333333,189601.87866666663,258542.83899999998,673.3611842266641,256535.862625,4261.931006937938,248538.1158263889,12926.298522202673,223205.582963141,26025.764391990182,258891.02,257532.896,258914.0866666668,223625.6515,-0.5157290874139964,-0.5245929348959177,18.318931370480087,35.828240632974364,15.832,-0.511273989993255,1.876,12.458906625374265,1.727,0,0,0.0,217878.93,1022,2021,3
Sorghum,2021-08-23,256197.83866666668,NGN,NGN/MT,Gap-filled,wholesale,National,,,0.6,False,Weekly gap-fill,Interpolated,historical,False,,,401.0,268.55125,166.130625,18.2,22.9,0,1,0,0,1,0,1,1,0,0,1,0,0,0,0,1,0,0,1,0,-0.8660254037844384,-0.5000000000000004,-0.8229838658936564,-0.5680647467311559,0,638.9,257532.896,258867.9533333333,258891.02,247235.59666666668,223625.6515,186774.8828125,193380.524,257869.54366666664,1281.241062965582,257656.14287500002,2095.1468393014375,251252.46475694445,10390.595932295922,225875.69664983975,25697.810134739713,258879.48666666663,256197.83866666668,258914.0866666668,229591.3790833333,-0.518402640621618,-1.0402760718905224,14.5654968239038,32.48378552675071,14.164,-0.0026735532076216373,1.736,12.453709135517505,1.727,0,0,0.0,216749.44,1023,2021,3
Sorghum,2021-08-30,254862.78133333332,NGN,NGN/MT,Gap-filled,wholesale,National,,,0.6,False,Weekly gap-fill,Interpolated,historical,False,,,401.0,268.55125,166.130625,18.2,22.9,0,1,0,0,1,0,1,1,0,0,1,0,0,0,0,1,0,0,1,0,-0.8660254037844384,-0.5000000000000004,-0.8854560256532096,-0.4647231720437691,0,635.57,256197.83866666668,257532.896,258879.48666666663,253074.84166666676,229591.3790833333,190743.93229166663,197159.16933333327,256865.36733333333,1723.5516060819468,257879.63533333334,1564.9025007134724,253358.41494444443,7852.161028695223,228341.8062283654,25264.45902589048,258867.9533333333,254862.78133333332,258914.0866666668,235557.10666666663,-0.521104057817745,-1.5515734309629714,11.0071215874475,29.267526433143786,12.492,-0.002701417196127043,1.612,12.448484490560125,1.727,0,0,0.0,215619.95,1024,2021,3
Sorghum,2021-09-06,253527.72400000005,NGN,NGN/MT,Gap-filled,wholesale,National,,,0.6,False,Weekly gap-fill,Interpolated,historical,False,,,401.0,268.55125,166.130625,18.2,22.9,0,1,0,0,1,1,0,0,0,0,0,0,0,0,0,1,0,0,0,0,-1.0,-1.8369701987210287e-16,-0.9350162426854148,-0.3546048870425359,0,632.24,254862.78133333332,256197.83866666668,258867.9533333333,258914.0866666668,235557.10666666663,194712.9817708333,200937.81466666664,255530.31000000003,1723.5516060818568,257206.34,2117.440122352202,254855.96638888892,5514.039323209385,230603.91169871794,24761.02559769493,257532.896,253527.72400000005,258914.0866666668,241396.35166666663,-0.5238337768852852,-2.06291634965603,7.628985424228096,26.172231155481708,10.809,-0.0027297190675401595,1.502,12.443232405259014,1.727,0,0,0.0,214490.46,1025,2021,3
Sorghum,2021-09-13,252192.66666666672,NGN,NGN/MT,WFP Nigeria Food Prices,wholesale,National,,,0.9,True,WFP VAM data — converted to NGN/MT,WFP,historical,False,,,401.0,277.9386666666667,165.833125,18.2,22.9,0,1,0,0,1,1,0,0,0,0,0,0,0,0,0,1,0,0,0,0,-1.0,-1.8369701987210287e-16,-0.970941817426052,-0.2393156642875577,0,628.91,253527.72400000005,254862.78133333332,257532.896,258891.02,241396.35166666663,198682.03125,204716.46,254195.2526666667,1723.5516060817795,256369.04583333334,2620.6637687244565,255755.6593055556,3700.976468754567,232662.01306089744,24219.535333514887,256197.83866666668,252192.66666666672,258914.0866666668,247235.59666666668,-0.5265922449307125,-2.073610562486472,4.472443317995234,23.191201463070787,9.255,-0.0027584680454273425,1.402,12.437952589852936,1.768,0,0,0.0,213360.97,1026,2021,3
Sorghum,2021-09-20,248267.58281250004,NGN,NGN/MT,Gap-filled,wholesale,National,,,0.6,False,Weekly gap-fill,Interpolated,historical,False,,,401.0,277.9386666666667,165.833125,18.2,22.9,0,1,0,0,1,1,0,0,0,0,0,0,0,0,0,1,0,0,0,0,-1.0,-1.8369701987210287e-16,-0.992708874098054,-0.1205366802553235,0,619.12,252192.66666666672,253527.72400000005,256197.83866666668,258891.02,247235.59666666668,199528.7484375,200937.81466666664,252212.68870312505,2847.0200883815673,255041.11618489583,3649.6833970700077,255841.65815104172,3491.0348507828808,234536.58361378204,23425.629975094555,254862.78133333332,248267.58281250004,258914.0866666668,248267.58281250004,-1.5563830249491817,-3.095364073107787,0.4174100169016981,23.55443559707673,7.537,-1.0297907800184691,1.234,12.422266434342562,1.768,0,0,0.0,210040.26,1027,2021,3
Sorghum,2021-09-27,244342.4989583333,NGN,NGN/MT,Gap-filled,wholesale,National,,,0.6,False,Weekly gap-fill,Interpolated,historical,False,,,401.0,277.9386666666667,165.833125,18.2,22.9,0,1,0,0,1,1,0,0,0,0,0,0,0,0,0,1,0,0,0,0,-1.0,-1.8369701987210287e-16,-1.0,-1.8369701987210287e-16,0,609.33,248267.58281250004,252192.66666666672,254862.78133333332,258879.48666666663,253074.84166666676,200375.465625,199372.2633333333,249582.61810937503,4145.856586555242,253223.99272135418,4877.838271832622,255113.96292534727,4789.016526540318,236227.62335737178,22426.615871306018,253527.72400000005,244342.4989583333,258914.0866666668,244342.4989583333,-1.580989273630251,-4.127822163739403,-3.450498141508318,22.55591368284444,5.653,-0.02460624868106942,1.076,12.406330296894536,1.768,0,0,0.0,206719.54,1028,2021,3
Sorghum,2021-10-04,240417.41510416663,NGN,NGN/MT,Gap-filled,wholesale,National,,,0.6,False,Weekly gap-fill,Interpolated,historical,False,,,401.0,277.9386666666667,165.833125,18.2,22.9,0,1,0,0,0,1,0,0,0,1,0,1,0,1,1,1,1,0,0,0,-0.8660254037844386,0.5000000000000001,-0.992708874098054,0.1205366802553232,0,599.54,244342.4989583333,248267.58281250004,253527.72400000005,258867.9533333333,258914.0866666668,201222.1828125,196700.165,246305.04088541667,5067.261466553188,250917.67544270834,6049.256001482746,253572.57362847225,6218.144111044439,237735.13229166667,21266.794596513526,252192.66666666672,240417.41510416663,258891.02,240417.41510416663,-1.606386065011145,-5.171153942845875,-7.143941761003248,22.225324571622316,3.605,-0.0253967913808939,0.926,12.390136080640222,1.768,0,0,0.333,203398.83,1029,2021,4
Sorghum,2021-10-11,236492.33125,NGN,NGN/MT,WFP Nigeria Food Prices,wholesale,National,,,0.9,True,WFP VAM data — converted to NGN/MT,WFP,historical,False,,,401.0,291.11,165.603125,18.2,22.9,0,1,0,0,0,1,0,0,0,1,0,1,0,1,1,1,1,0,0,0,-0.8660254037844386,0.5000000000000001,-0.970941817426052,0.2393156642875573,0,589.76,240417.41510416663,244342.4989583333,252192.66666666672,257532.896,258891.02,202068.9,194028.06666666668,242379.95703125,5067.261466553129,248287.60484895835,7222.442489826452,251706.01623263888,7669.057354662462,239059.11041666666,19990.80025295742,248267.58281250004,236492.33125,258891.02,236492.33125,-1.6326121185796794,-6.225532099796737,-8.651782804208509,21.8856299054329,1.389,-0.026226053568534358,0.781,12.373675288842144,1.827,0,0,0.333,200078.11,1030,2021,4
Sorghum,2021-10-18,234666.365,NGN,NGN/MT,Gap-filled,wholesale,National,,,0.6,False,Weekly gap-fill,Interpolated,historical,False,,,401.0,291.11,165.603125,18.2,22.9,0,1,0,0,0,1,0,0,0,1,0,1,0,1,1,1,1,0,0,0,-0.8660254037844386,0.5000000000000001,-0.9350162426854148,0.3546048870425355,0,585.2,236492.33125,240417.41510416663,248267.58281250004,256197.83866666668,258891.02,202983.7921875,190409.71333333332,238979.652578125,4305.751947492146,245596.170640625,7839.110370641549,249687.2949826389,8721.871447274832,240277.6709094551,18622.634469120516,244342.4989583333,234666.365,258879.48666666663,234666.365,-0.772103788883427,-5.478450975523508,-9.357085850254677,23.242853997259317,-0.54,0.8605083296962523,0.7,12.365924322319914,1.827,0,0,0.333,198533.3,1031,2021,4
Sorghum,2021-10-25,232840.39875,NGN,NGN/MT,Gap-filled,wholesale,National,,,0.6,False,Weekly gap-fill,Interpolated,historical,False,,,401.0,291.11,165.603125,18.2,22.9,0,1,0,0,0,1,0,0,0,1,0,1,0,1,1,1,1,0,0,0,-0.8660254037844386,0.5000000000000001,-0.8854560256532101,0.464723172043768,0,580.65,234666.365,236492.33125,244342.4989583333,254862.78133333332,258879.48666666663,203898.684375,186791.36000000004,236104.12752604164,3239.045047942073,242843.37281770832,7985.505045181285,247517.37098958332,9436.872267192533,241390.81377003205,17169.425100954628,240417.41510416663,232840.39875,258867.9533333333,232840.39875,-0.7781116181690528,-4.707367837100951,-10.058382088108274,24.6526599249558,-2.19,-0.006007829285625821,0.621,12.358112808711727,1.827,0,0,0.333,196988.49,1032,2021,4
Sorghum,2021-11-01,231014.4325,NGN,NGN/MT,Gap-filled,wholesale,National,,,0.6,False,Weekly gap-fill,Interpolated,historical,False,,,401.0,291.11,165.603125,15.4,18.1,1,0,0,0,0,1,0,0,0,1,0,1,1,1,1,0,1,0,0,0,-0.5000000000000004,0.8660254037844384,-0.822983865893657,0.5680647467311548,1,576.1,232840.39875,234666.365,240417.41510416663,253527.72400000005,258867.9533333333,204813.5765625,183173.0066666667,233753.381875,2357.3122923316564,240029.21138020832,7641.900173845948,245196.24425347222,9809.364020752666,242398.53899839742,15637.264083495324,236492.33125,231014.4325,257532.896,231014.4325,-0.7842136758924423,-3.911107105153999,-10.759740815607067,26.11816375345839,-3.567,-0.0061020577233894535,0.541,12.350239794631726,1.827,0,0,0.667,200185.82,1033,2021,4
Sorghum,2021-11-08,229188.46625,NGN,NGN/MT,Gap-filled,wholesale,National,,,0.6,False,Weekly gap-fill,Interpolated,historical,False,,,401.0,291.11,165.603125,15.4,18.1,1,0,0,0,0,1,0,0,0,1,0,1,1,1,1,0,1,0,0,0,-0.5000000000000004,0.8660254037844384,-0.7485107481711011,0.6631226582407952,1,571.54,231014.4325,232840.39875,236492.33125,252192.66666666672,257532.896,205728.46875,179554.65333333338,231927.41562500002,2357.3122923315927,237153.68632812498,6678.466716035796,242834.20844097223,9979.821776268609,243300.8465945513,14031.029237329523,234666.365,229188.46625,256197.83866666668,229188.46625,-0.7904121964327881,-3.088415155533708,-11.006139483633193,27.64273272524114,-4.675,-0.006198520540345864,0.462,12.34230430399695,1.827,0,0,0.667,198603.52,1034,2021,4
Sorghum,2021-11-15,227362.5,NGN,NGN/MT,WFP Nigeria Food Prices,wholesale,National,,,0.9,True,WFP VAM data — converted to NGN/MT,WFP,historical,False,,,401.0,317.8233333333334,170.0125,15.4,18.1,1,0,0,0,0,1,0,0,0,1,0,1,1,1,1,0,1,0,0,0,-0.5000000000000004,0.8660254037844384,-0.6631226582407955,0.7485107481711007,1,566.99,229188.46625,231014.4325,234666.365,248267.58281250004,256197.83866666668,211694.19633333333,175038.7346666667,230101.44937500003,2357.3122923315286,234540.5509765625,5731.295633404416,240431.26355208337,9941.020110229336,243903.47365865385,12911.007619957321,232840.39875,227362.5,254862.78133333332,227362.5,-0.7967094853753354,-3.1124464726762113,-11.2551061385743,29.892678002372186,-5.659,-0.006297288942547219,0.381,12.33430533730111,1.961,0,0,0.667,197021.23,1035,2021,4
Sorghum,2021-11-22,226382.5,NGN,NGN/MT,Gap-filled,wholesale,National,,,0.6,False,Weekly gap-fill,Interpolated,historical,False,,,401.0,317.8233333333334,170.0125,15.4,18.1,1,0,0,0,0,1,0,0,0,1,0,1,1,1,1,0,1,0,0,0,-0.5000000000000004,0.8660254037844384,-0.5680647467311559,0.8229838658936564,1,564.54,227362.5,229188.46625,232840.39875,244342.4989583333,254862.78133333332,217659.92391666665,170522.81600000002,228486.97468749998,2047.2249867742323,232295.5511067708,4782.253856533452,238057.9067743056,9575.384503498019,244238.9573541667,12300.71099878892,231014.4325,226382.5,253527.72400000005,226382.5,-0.43102974325142096,-2.773530188347517,-11.174751050089249,32.75789440399575,-6.449,0.3656797421239144,0.324,12.329985742796643,1.961,0,0,0.667,196172.01,1036,2021,4
Sorghum,2021-11-29,225402.5,NGN,NGN/MT,Gap-filled,wholesale,National,,,0.6,False,Weekly gap-fill,Interpolated,historical,False,,,401.0,317.8233333333334,170.0125,15.4,18.1,1,0,0,0,0,1,0,0,0,1,0,1,1,1,1,0,1,0,0,0,-0.5000000000000004,0.8660254037844384,-0.4647231720437684,0.88545602565321,1,562.1,226382.5,227362.5,231014.4325,240417.41510416663,253527.72400000005,223625.6515,166006.89733333336,227083.9915625,1615.1248607191685,230418.68671875,4025.9547751079663,235714.1381076389,8859.98629775604,244307.29768108975,12186.007703762056,229188.46625,225402.5,252192.66666666672,225402.5,-0.43289565226993787,-2.4292562327247635,-11.093549674275483,35.7789969096304,-7.05,-0.0018659090185169092,0.265,12.325647408417566,1.961,0,0,0.667,195322.79,1037,2021,4
Sorghum,2021-12-06,225402.5,NGN,NGN/MT,Gap-filled,wholesale,National,,,0.6,False,Weekly gap-fill,Interpolated,historical,False,,,401.0,317.8233333333334,170.0125,15.4,18.1,1,0,0,0,0,0,0,0,0,1,0,1,1,1,1,0,0,0,0,1,-2.4492935982947064e-16,1.0,-0.3546048870425359,0.9350162426854148,1,562.1,225402.5,226382.5,229188.46625,236492.33125,252192.66666666672,229591.3790833333,161583.98333333334,226137.5,938.2785656073473,229032.45781249998,3512.388475498495,233481.62421875002,7618.586644062042,244146.18694711538,12413.908064275643,227362.5,225402.5,248267.58281250004,225402.5,0.0,-1.6519008621796227,-10.622896779975111,39.49557087908568,-7.376,0.43289565226993787,0.233,12.325647408417566,1.961,0,0,0.667,195322.79,1038,2021,4
Sorghum,2021-12-13,223442.5,NGN,NGN/MT,WFP Nigeria Food Prices,wholesale,National,,,0.9,True,WFP VAM data — converted to NGN/MT,WFP,historical,False,,,401.0,328.8,170.82500000000002,15.4,18.1,1,0,0,0,0,0,0,0,0,1,0,1,1,1,1,0,0,0,0,1,-2.4492935982947064e-16,1.0,-0.2393156642875578,0.970941817426052,1,557.21,225402.5,225402.5,227362.5,234666.365,248267.58281250004,235557.10666666663,156975.06,225157.5,1233.1396244321668,227629.47468749998,3164.940409630705,231412.86731770833,6531.558836212626,243680.24053685897,12964.340988047703,226382.5,223442.5,244342.4989583333,223442.5,-0.8695555728086446,-1.7241189730056616,-9.99932513591546,42.342675326895886,-7.601,-0.8695555728086446,0.132,12.316913864656778,2.013,0,0,0.667,193624.35,1039,2021,4
Sorghum,2021-12-20,226489.6875,NGN,NGN/MT,Gap-filled,wholesale,National,,,0.6,False,Weekly gap-fill,Interpolated,historical,False,,,401.0,328.8,170.82500000000002,15.4,18.1,1,0,0,0,0,0,0,0,0,1,0,1,1,1,1,0,0,0,0,1,-2.4492935982947064e-16,1.0,-0.1205366802553236,0.992708874098054,1,564.81,223442.5,225402.5,226382.5,232840.39875,244342.4989583333,241396.35166666663,161583.98333333334,225184.296875,1269.2683253422442,226835.63578125,2367.092192985003,229925.13302951388,5220.3792490930455,243106.9072996795,13391.94670042974,226489.6875,223442.5,240417.41510416663,223442.5,1.3637457063897962,0.04734796196701474,-7.306470030568724,40.16840210751085,-7.372,2.233301279198441,0.202,12.330459108269702,2.013,0,0,0.667,196264.89,1040,2021,4
Sorghum,2021-12-27,229536.875,NGN,NGN/MT,Gap-filled,wholesale,National,,,0.6,False,Weekly gap-fill,Interpolated,historical,False,,,401.0,328.8,170.82500000000002,15.4,18.1,1,0,0,0,0,0,0,0,0,1,0,1,1,1,1,0,0,0,0,1,-2.4492935982947064e-16,1.0,6.432490598706546e-16,1.0,1,572.41,226489.6875,223442.5,225402.5,231014.4325,240417.41510416663,247235.59666666668,166192.90666666668,226217.890625,2546.709368018812,226650.94109375,2027.7831819215041,229018.42135416667,4044.8980542815484,242426.18723557692,13621.53843948114,229536.875,223442.5,236492.33125,223442.5,1.3453979002907124,1.8342187863932269,-4.525687167650638,38.114724390964774,-6.686,-0.01834780609908382,0.277,12.343823327546081,2.013,0,0,0.667,198905.44,1041,2021,4
Sorghum,2022-01-03,232584.0625,NGN,NGN/MT,Gap-filled,wholesale,National,,,0.6,False,Weekly gap-fill,Interpolated,historical,False,,,425.98,328.8,170.82500000000002,15.4,18.1,1,0,0,0,0,0,0,0,0,1,0,0,1,0,0,0,0,0,0,1,0.4999999999999999,0.8660254037844387,0.120536680255323,0.992708874098054,1,546.0,229536.875,226489.6875,225402.5,229188.46625,236492.33125,253074.84166666676,170801.83000000002,228013.28125,3933.9021467586426,227075.390625,2831.076748625572,228692.73229166667,3510.4362617962347,241638.08034455127,13573.477653587062,232584.0625,223442.5,234666.365,223442.5,1.3275372421097886,3.186105965994157,-1.6525985131706,36.171879715808664,-5.639,-0.01786065818092375,0.359,12.357011297314072,2.013,0,0,0.333,201545.98,1042,2022,1
Sorghum,2022-01-10,235631.25,NGN,NGN/MT,WFP Nigeria Food Prices,wholesale,National,,,0.9,True,WFP VAM data — converted to NGN/MT,WFP,historical,False,,,425.98,379.1333333333333,208.625,15.4,18.1,1,0,0,0,0,0,0,0,0,1,0,0,1,0,0,0,0,0,0,1,0.4999999999999999,0.8660254037844387,0.2393156642875577,0.970941817426052,1,553.15,232584.0625,229536.875,223442.5,227362.5,234666.365,258914.0866666668,175410.75333333336,231060.46875,3933.9021467587067,228108.984375,4152.08619555976,228773.13937500003,3667.2499839879692,240742.58662660254,13149.531356951207,235631.25,226489.6875,235631.25,223442.5,1.310144584820816,5.45498282555914,0.41117311379499366,34.33113165658068,-4.022,-0.017392657288972657,0.446,12.370027605941818,2.357,0,0,0.333,204186.53,1043,2022,1
Sorghum,2022-01-17,235631.25,NGN,NGN/MT,Gap-filled,wholesale,National,,,0.6,False,Weekly gap-fill,Interpolated,historical,False,,,425.98,379.1333333333333,208.625,15.4,18.1,1,0,0,0,0,0,0,0,0,1,0,0,1,0,0,0,0,0,0,1,0.4999999999999999,0.8660254037844387,0.3546048870425356,0.9350162426854148,1,553.15,235631.25,232584.0625,226489.6875,226382.5,232840.39875,258891.02,176889.76933333336,233345.859375,2917.4599149184464,229265.078125,4834.2534981869185,229005.7103125,4020.1533046891764,239847.98008814102,12647.064732281146,235631.25,229536.875,235631.25,223442.5,0.0,4.036193700872137,1.1986112654774006,33.207958203605,-2.711,-1.310144584820816,0.416,12.370027605941818,2.357,0,0,0.333,204186.53,1044,2022,1
Sorghum,2022-01-24,235631.25,NGN,NGN/MT,Gap-filled,wholesale,National,,,0.6,False,Weekly gap-fill,Interpolated,historical,False,,,425.98,379.1333333333333,208.625,15.4,18.1,1,0,0,0,0,0,0,0,0,1,0,0,1,0,0,0,0,0,0,1,0.4999999999999999,0.8660254037844387,0.4647231720437685,0.8854560256532099,1,553.15,235631.25,235631.25,229536.875,225402.5,231014.4325,258891.02,178368.78533333333,234869.453125,1523.5937500042514,230543.671875,5015.978282920685,229390.44510416666,4429.903749521765,238953.37354967947,12054.942985828144,235631.25,232584.0625,235631.25,223442.5,0.0,2.6550744842195773,1.998497431540347,32.103411232887694,-1.709,0.0,0.384,12.370027605941818,2.357,0,0,0.333,204186.53,1045,2022,1
Sorghum,2022-01-31,235631.25,NGN,NGN/MT,Gap-filled,wholesale,National,,,0.6,False,Weekly gap-fill,Interpolated,historical,False,,,425.98,379.1333333333333,208.625,15.4,18.1,1,0,0,0,0,0,0,0,0,1,0,0,1,0,0,0,0,0,0,1,0.4999999999999999,0.8660254037844387,0.5680647467311558,0.8229838658936564,1,553.15,235631.25,235631.25,232584.0625,225402.5,229188.46625,258879.48666666663,179847.80133333334,235631.25,0.0,231822.265625,4818.026478793617,229927.34375,4779.808363882539,238059.21060096152,11360.000121244999,235631.25,235631.25,235631.25,223442.5,0.0,1.310144584820816,2.8111291355177537,31.017031208113877,-1.02,0.0,0.353,12.370027605941818,2.357,0,0,0.333,204186.53,1046,2022,1
Sorghum,2022-02-07,235631.25,NGN,NGN/MT,Gap-filled,wholesale,National,,,0.6,False,Weekly gap-fill,Interpolated,historical,False,,,425.98,379.1333333333333,208.625,15.4,18.1,1,0,0,0,0,0,0,0,1,1,0,0,1,0,0,0,0,0,0,0,0.8660254037844386,0.5000000000000001,0.6631226582407952,0.7485107481711011,1,553.15,235631.25,235631.25,235631.25,223442.5,227362.5,258867.9533333333,181326.8173333333,235631.25,0.0,233345.859375,3549.8660089651,230616.40625,4968.726610692688,237165.49124198718,10542.038125215018,235631.25,235631.25,235631.25,223442.5,0.0,0.0,3.6368134586838297,29.94837358604203,-0.647,0.0,0.32,12.370027605941818,2.357,0,0,0.333,204186.53,1047,2022,1
Sorghum,2022-02-14,235631.25,NGN,NGN/MT,WFP Nigeria Food Prices,wholesale,National,,,0.9,True,WFP VAM data — converted to NGN/MT,WFP,historical,False,,,425.98,383.6,213.775,15.4,18.1,1,0,0,0,0,0,0,0,1,1,0,0,1,0,0,0,0,0,0,0,0.8660254037844386,0.5000000000000001,0.7485107481711011,0.6631226582407953,1,553.15,235631.25,235631.25,235631.25,226489.6875,226382.5,257532.896,182805.8333333333,235631.25,0.0,234488.5546875,2267.1800509146824,231387.13541666666,4969.590249917127,236323.1202419872,9690.072453818648,235631.25,235631.25,235631.25,223442.5,0.0,0.0,4.085452718297566,28.89700820998602,-0.293,0.0,0.286,12.370027605941818,2.394,0,0,0.333,204186.53,1048,2022,1
Sorghum,2022-02-21,235446.9171875,NGN,NGN/MT,Gap-filled,wholesale,National,,,0.6,False,Weekly gap-fill,Interpolated,historical,False,,,425.98,383.6,213.775,15.4,18.1,1,0,0,0,0,0,0,0,1,1,0,0,1,0,0,0,0,0,0,0,0.8660254037844386,0.5000000000000001,0.8229838658936564,0.5680647467311559,1,552.72,235631.25,235631.25,235631.25,229536.875,225402.5,256197.83866666668,186774.8828125,235585.16679687498,92.16640632092403,235227.3099609375,1069.9792924837939,232224.17018229165,4709.019781641326,235525.00787740384,8801.452917171633,235631.25,235446.9171875,235631.25,223442.5,-0.07822935731147673,-0.07822935731147673,4.456213745410986,26.059196848144172,0.026,-0.07822935731147673,0.242,12.369245009539984,2.394,0,0,0.333,204026.79,1049,2022,1
Sorghum,2022-02-28,235262.584375,NGN,NGN/MT,Gap-filled,wholesale,National,,,0.6,False,Weekly gap-fill,Interpolated,historical,False,,,425.98,383.6,213.775,15.4,18.1,1,0,0,0,0,0,0,0,1,1,0,0,1,0,0,0,0,0,0,0,0.8660254037844386,0.5000000000000001,0.8854560256532099,0.4647231720437686,1,552.29,235446.9171875,235631.25,235631.25,232584.0625,225402.5,254862.78133333332,190743.93229166663,235493.000390625,176.48523157345042,235562.12519531252,137.148001176033,233045.84388020833,4248.1926112288875,234771.1541482372,7868.883119279448,235631.25,235262.584375,235631.25,223442.5,-0.07829060354745954,-0.15645871462295347,4.374434345226885,23.33948532384238,0.307,-6.124623598280365e-05,0.197,12.36846180020131,2.394,1,2,0.333,203867.06,1050,2022,1
Sorghum,2022-03-07,235078.2515625,NGN,NGN/MT,Gap-filled,wholesale,National,,,0.6,False,Weekly gap-fill,Interpolated,historical,False,,,425.98,383.6,213.775,15.4,18.1,1,0,0,1,0,0,0,0,1,1,0,0,0,0,0,0,0,0,0,0,1.0,6.123233995736766e-17,0.9350162426854148,0.3546048870425355,0,551.85,235262.584375,235446.9171875,235631.25,235631.25,223442.5,253527.72400000005,194712.9817708333,235354.75078124998,237.97263768473007,235493.000390625,214.741227830043,234015.48984375,3002.1576006910404,234061.55905448718,6879.467362277015,235631.25,235078.2515625,235631.25,226489.6875,-0.07835194575870341,-0.2346880719344302,5.207492559607063,20.730651559316392,0.553,-6.134221124387551e-05,0.152,12.367677976964925,2.394,1,2,0.333,203707.32,1051,2022,1
Sorghum,2022-03-14,234893.91875,NGN,NGN/MT,WFP Nigeria Food Prices,wholesale,National,,,0.9,True,WFP VAM data — converted to NGN/MT,WFP,historical,False,,,425.98,522.234,220.8475,15.4,18.1,1,0,0,1,0,0,0,0,1,1,0,0,0,0,0,0,0,0,0,0,1.0,6.123233995736766e-17,0.970941817426052,0.239315664287558,0,551.42,235078.2515625,235262.584375,235631.25,235631.25,226489.6875,252192.66666666672,198682.03125,235170.41796875,237.9726376846399,235400.833984375,291.45576744120984,234715.84244791666,1843.6738036630945,233396.22259615382,5809.037963248825,235446.9171875,234893.91875,235631.25,229536.875,-0.0784133841709167,-0.31291742924590693,3.710646318058086,18.22605057547195,0.76,-6.143841221328827e-05,0.107,12.3668935388677,3.042,1,2,0.333,203547.59,1052,2022,1
Sorghum,2022-03-21,235078.2515625,NGN,NGN/MT,Gap-filled,wholesale,National,,,0.6,False,Weekly gap-fill,Interpolated,historical,False,,,425.98,522.234,220.8475,15.4,18.1,1,0,0,1,0,0,0,0,1,1,0,0,0,0,0,0,0,0,0,0,1.0,6.123233995736766e-17,0.992708874098054,0.120536680255323,0,551.85,234893.91875,235078.2515625,235446.9171875,235631.25,229536.875,248267.58281250004,199528.7484375,235078.2515625,150.50711120211312,235331.70917968752,294.5619557155961,235177.62382812498,860.2957239926391,232888.94062500002,4974.35104618176,235262.584375,234893.91875,235631.25,232584.0625,0.07847491901065151,-0.15658120709493017,2.4141552691697044,17.81673237735737,0.94,0.1568883031815682,0.081,12.367677976964925,3.042,1,2,0.333,203707.32,1053,2022,1
Sorghum,2022-03-28,235188.209375,NGN,NGN/MT,Gap-filled,wholesale,National,,,0.6,False,Weekly gap-fill,Interpolated,historical,False,,,425.98,522.234,220.8475,15.4,18.1,1,0,0,1,0,0,0,0,1,1,0,0,0,0,0,0,0,0,0,0,1.0,6.123233995736766e-17,1.0,-1.6081226496766364e-16,0,552.11,235078.2515625,234893.91875,235262.584375,235631.25,232584.0625,244342.4989583333,200375.465625,235059.65781250002,122.04698026658424,235276.3291015625,270.89773683913745,235394.63606770834,277.91692765212736,232536.85256410256,4424.855841663534,235188.209375,234893.91875,235631.25,234893.91875,0.0467749831254638,-0.03161361174263133,1.1196583493333856,17.373755634909706,1.085,-0.03169993588518771,0.05,12.368145615446505,3.042,1,2,0.333,203802.61,1054,2022,1
Sorghum,2022-04-04,235188.209375,NGN,NGN/MT,Gap-filled,wholesale,National,,,0.6,False,Weekly gap-fill,Interpolated,historical,False,,,425.98,522.234,220.8475,15.4,18.1,0,1,1,1,0,0,0,0,1,0,0,0,0,0,0,0,0,1,0,0,0.8660254037844387,-0.4999999999999998,0.992708874098054,-0.1205366802553228,0,552.11,235188.209375,235078.2515625,235078.2515625,235631.25,235631.25,240417.41510416663,201222.1828125,235087.147265625,138.85663197014563,235220.9490234375,230.20478597757287,235357.71601562502,273.01094699816446,232335.72926682694,4163.452617143808,235188.209375,234893.91875,235631.25,234893.91875,0.0,0.0467749831254638,-0.18802286411501168,16.879861895817804,1.184,-0.0467749831254638,0.01,12.368145615446505,3.042,1,2,0.333,203802.61,1055,2022,2
Sorghum,2022-04-11,235482.5,NGN,NGN/MT,WFP Nigeria Food Prices,wholesale,National,,,0.9,True,WFP VAM data — converted to NGN/MT,WFP,historical,False,,,425.98,652.89,203.3025,15.4,18.1,0,1,1,1,0,0,0,0,1,0,0,0,0,0,0,0,0,1,0,0,0.8660254037844387,-0.4999999999999998,0.970941817426052,-0.2393156642875575,0,552.8,235188.209375,235188.209375,234893.91875,235631.25,235631.25,236492.33125,202068.9,235234.29257812502,173.40035187452102,235202.3552734375,195.76075269466563,235345.32018229167,262.64235463478917,232296.88960336536,4127.682385430221,235482.5,235078.2515625,235631.25,234893.91875,0.12512983783585785,0.2505732175324793,-0.06312829898411643,16.535745975753823,1.265,0.12512983783585785,-0.013,12.369396126289766,3.577,1,2,0.333,204057.63,1056,2022,2
Sorghum,2022-04-18,234171.23,NGN,NGN/MT,Gap-filled,wholesale,National,,,0.6,False,Weekly gap-fill,Interpolated,historical,False,,,425.98,652.89,203.3025,15.4,18.1,0,1,1,1,0,0,0,0,1,0,0,0,0,0,0,0,0,1,0,0,0.8660254037844387,-0.4999999999999998,0.9350162426854148,-0.3546048870425354,0,549.72,235482.5,235188.209375,235078.2515625,235446.9171875,235631.25,234666.365,202983.7921875,235007.5371875,574.5387320372673,235042.894375,390.64826721328836,235223.65184895834,413.17889218215595,232277.84594951925,4117.44268187148,235482.5,234171.23,235631.25,234171.23,-0.5568439268310743,-0.385838143882411,-0.6196206997161835,15.364496581920006,1.175,-0.6819737646669322,-0.151,12.36381214924683,3.577,1,2,0.333,202921.34,1057,2022,2
Sorghum,2022-04-25,232859.96,NGN,NGN/MT,Gap-filled,wholesale,National,,,0.6,False,Weekly gap-fill,Interpolated,historical,False,,,425.98,652.89,203.3025,15.4,18.1,0,1,1,1,0,0,0,0,1,0,0,0,0,0,0,0,0,1,0,0,0.8660254037844387,-0.4999999999999998,0.8854560256532099,-0.4647231720437685,0,546.65,234171.23,235482.5,235188.209375,235262.584375,235631.25,232840.39875,203898.684375,234425.47484375,1185.2627434061535,234742.566328125,850.5129363488045,234992.711015625,778.0385389194239,232278.59830528844,4117.5513711906215,235482.5,232859.96,235631.25,232859.96,-0.5599620414514672,-0.9899515716315976,-1.1761131004482728,14.203757966253416,0.924,-0.003118114620392909,-0.301,12.358196816231311,3.577,1,2,0.333,201785.06,1058,2022,2
Sorghum,2022-05-02,231548.69,NGN,NGN/MT,Gap-filled,wholesale,National,,,0.6,False,Weekly gap-fill,Interpolated,historical,False,,,425.98,652.89,203.3025,15.4,18.1,0,1,1,1,0,0,0,0,1,0,1,0,0,0,0,0,0,0,0,0,0.4999999999999999,-0.8660254037844387,0.8229838658936565,-0.5680647467311557,0,543.57,232859.96,234171.23,235188.209375,235078.2515625,235631.25,231014.4325,204813.5765625,233515.595,1692.84229079753,234301.3711328125,1393.584361284802,234652.49768229167,1233.0078162343848,232299.14667067304,4112.320051709953,235482.5,231548.69,235631.25,231548.69,-0.5631152732311739,-1.5474922763653143,-1.7326055011803398,13.05338927536457,0.524,-0.003153231779706722,-0.467,12.352549773104288,3.577,1,2,0.333,200648.78,1059,2022,2
Sorghum,2022-05-09,230237.42,NGN,NGN/MT,WFP Nigeria Food Prices,wholesale,National,,,0.9,True,WFP VAM data — converted to NGN/MT,WFP,historical,False,,,425.98,683.074375,192.21,15.4,18.1,0,1,1,1,0,0,0,0,1,0,1,0,0,0,0,0,0,0,0,0,0.4999999999999999,-0.8660254037844387,0.7485107481711013,-0.663122658240795,0,540.49,231548.69,232859.96,235482.5,234893.91875,235631.25,229188.46625,205728.46875,232204.325,1692.8422907974266,233719.30878906252,1965.7334203542707,234203.01184895833,1727.686200797413,232339.4910456731,4085.6405617428118,234171.23,230237.42,235482.5,230237.42,-0.5663042187800671,-2.2273757073243194,-2.289097901912407,11.913252161412391,-0.058,-0.0031889455488931517,-0.652,12.3468706596932,3.679,1,2,0.333,199512.5,1060,2022,2
Sorghum,2022-05-16,231548.69,NGN,NGN/MT,Gap-filled,wholesale,National,,,0.6,False,Weekly gap-fill,Interpolated,historical,False,,,425.98,683.074375,192.21,15.4,18.1,0,1,1,1,0,0,0,0,1,0,1,0,0,0,0,0,0,0,0,0,0.4999999999999999,-0.8660254037844387,0.6631226582407952,-0.7485107481711012,0,543.57,230237.42,231548.69,234171.23,235078.2515625,235446.9171875,227362.5,211694.19633333333,231548.69,1070.6474716787393,233278.11359375,2012.6879689432928,233878.15958333333,1835.648801464673,232500.49835336537,3962.284135383005,232859.96,230237.42,235482.5,230237.42,0.5695294882995139,-1.1199240829029233,-1.6556713649368393,9.378855920737571,-0.409,1.135833707079581,-0.601,12.352549773104288,3.679,1,2,0.333,200648.78,1061,2022,2
Sorghum,2022-05-23,231626.032,NGN,NGN/MT,Gap-filled,wholesale,National,,,0.6,False,Weekly gap-fill,Interpolated,historical,False,,,425.98,683.074375,192.21,15.4,18.1,0,1,1,1,0,0,0,0,1,0,1,0,0,0,0,0,0,0,0,0,0.4999999999999999,-0.8660254037844387,0.5680647467311558,-0.8229838658936564,0,543.75,231548.69,230237.42,232859.96,235188.209375,235262.584375,226382.5,217659.92391666665,231240.208,669.5187875392261,232832.841421875,1921.7239011141212,233575.11355208335,1885.8100653578736,232702.17266105767,3767.0661852594267,231626.032,230237.42,235482.5,230237.42,0.03340204602324537,-0.5299013192306634,-1.5457419141513218,6.416481193239965,-0.628,-0.5361274422762685,-0.638,12.352883736350044,3.679,1,2,0.333,200715.8,1062,2022,2
Sorghum,2022-05-30,232320.338,NGN,NGN/MT,Gap-filled,wholesale,National,,,0.6,False,Weekly gap-fill,Interpolated,historical,False,,,425.98,683.074375,192.21,15.4,18.1,0,1,1,1,0,0,0,0,1,0,1,0,0,0,0,0,0,0,0,0,0.4999999999999999,-0.8660254037844387,0.464723172043769,-0.8854560256532096,0,545.38,231626.032,231548.69,231548.69,235188.209375,235078.2515625,225402.5,223625.6515,231433.12,869.3725197336578,232474.35749999998,1670.670312422795,233345.28742187502,1853.749831971594,232968.2433533654,3462.8868529421597,232320.338,230237.42,235482.5,230237.42,0.2997530087637035,0.33325517842488495,-1.173189584391121,3.8880541841596283,-0.659,0.2663509627404581,-0.598,12.355876769899504,3.679,1,2,0.333,201317.45,1063,2022,2
Sorghum,2022-06-06,233014.644,NGN,NGN/MT,Gap-filled,wholesale,National,,,0.6,False,Weekly gap-fill,Interpolated,historical,False,,,425.98,683.074375,192.21,15.4,18.1,0,1,1,0,0,0,0,1,0,0,1,0,0,0,0,0,0,0,1,0,1.2246467991473532e-16,-1.0,0.3546048870425358,-0.9350162426854148,0,547.01,232320.338,231626.032,230237.42,235482.5,234893.91875,225402.5,229591.3790833333,232127.426,685.7361300667787,232165.8755,1196.4037837775654,233188.68119270832,1789.2871303880095,233261.01812259617,3100.4688080034803,233014.644,231548.69,235482.5,230237.42,0.29885717538857826,1.2062435376490876,-0.8000525343528131,1.4910250246914503,-0.486,-0.0008958333751252212,-0.541,12.35886087192484,3.679,1,2,0.333,201919.1,1064,2022,2
Sorghum,2022-06-13,233708.95,NGN,NGN/MT,WFP Nigeria Food Prices,wholesale,National,,,0.9,True,WFP VAM data — converted to NGN/MT,WFP,historical,False,,,425.98,746.3121428571429,197.45916666666668,15.4,18.1,0,1,1,0,0,0,0,1,0,0,1,0,0,0,0,0,0,0,1,0,1.2246467991473532e-16,-1.0,0.2393156642875576,-0.970941817426052,0,548.64,233014.644,232320.338,231548.69,234171.23,235078.2515625,223442.5,235557.10666666663,232667.491,896.3451917309379,232108.0905,1092.3495966389576,233074.57272916668,1699.2240832674377,233655.8815841346,2366.991082310255,233708.95,231626.032,235482.5,230237.42,0.2979666805833947,0.9329614432282085,-0.5824875561216802,-0.7845896448719358,-0.423,-0.0008904948051835504,-0.471,12.361836095572695,3.981,1,2,0.333,202520.75,1065,2022,2
Sorghum,2022-06-20,234212.609375,NGN,NGN/MT,Gap-filled,wholesale,National,,,0.6,False,Weekly gap-fill,Interpolated,historical,False,,,425.98,746.3121428571429,197.45916666666668,15.4,18.1,0,1,1,0,0,0,0,1,0,0,1,0,0,0,0,0,0,0,1,0,1.2246467991473532e-16,-1.0,0.120536680255323,-0.992708874098054,0,549.82,233708.95,233014.644,231626.032,232859.96,235188.209375,226489.6875,241396.35166666663,233314.13534375,824.714581554207,232277.171671875,1308.6294847053161,232993.27272916667,1609.8938020696755,233952.91704086537,1862.555192724378,234212.609375,232320.338,235482.5,230237.42,0.21550709761006814,1.1167040909287662,-0.4148167132156044,-2.975911707889578,-0.273,-0.08245958297332656,-0.41,12.363988838512938,3.981,1,2,0.333,202957.2,1066,2022,2
Sorghum,2022-06-27,234716.26875,NGN,NGN/MT,Gap-filled,wholesale,National,,,0.6,False,Weekly gap-fill,Interpolated,historical,False,,,425.98,746.3121428571429,197.45916666666668,15.4,18.1,0,1,1,0,0,0,0,1,0,0,1,0,0,0,0,0,0,0,1,0,1.2246467991473532e-16,-1.0,-3.216245299353273e-16,-1.0,0,551.0,234212.609375,233708.95,232320.338,231548.69,235188.209375,229536.875,247235.59666666668,233913.11803125,726.5641315726479,232673.119015625,1519.0171877029334,232953.94434375,1556.2702014506917,234152.12449278848,1634.3475865595215,234716.26875,233014.644,235482.5,230237.42,0.21504366325280078,1.0313047796960406,-0.20066508701868102,-5.06372386721713,-0.102,-0.00046343435726736715,-0.341,12.366136957104267,3.981,1,2,0.333,203393.65,1067,2022,2
Sorghum,2022-07-04,235219.928125,NGN,NGN/MT,Gap-filled,wholesale,National,,,0.6,False,Weekly gap-fill,Interpolated,historical,False,,,425.98,746.3121428571429,197.45916666666668,15.4,18.1,0,1,1,0,0,0,1,1,0,0,1,0,0,0,0,0,0,0,1,0,-0.4999999999999997,-0.8660254037844388,-0.1205366802553228,-0.992708874098054,0,552.19,234716.26875,234212.609375,233014.644,230237.42,235482.5,232584.0625,253074.84166666676,234464.43906250002,650.2214571888368,233295.93253125,1393.9832986637741,232932.06335416666,1518.8838544629161,234253.50393990384,1614.8246273367204,235219.928125,233708.95,235219.928125,230237.42,0.21458221779100395,0.9464143914491574,-0.11150377416581092,-7.055191035221132,0.09,-0.00046144546179682777,-0.265,12.368280471171412,3.981,1,2,0.333,203830.09,1068,2022,3
Sorghum,2022-07-11,235723.5875,NGN,NGN/MT,WFP Nigeria Food Prices,wholesale,National,,,0.9,True,WFP VAM data — converted to NGN/MT,WFP,historical,False,,,425.98,862.6516666666666,202.13466666666667,15.4,18.1,0,1,1,0,0,0,1,1,0,0,1,0,0,0,0,0,0,0,1,0,-0.4999999999999997,-0.8660254037844388,-0.2393156642875574,-0.970941817426052,0,553.37,235219.928125,234716.26875,233708.95,231548.69,234171.23,235631.25,258914.0866666668,234968.09843749998,650.2214571889589,233817.79471875,1427.498166174602,233061.42647916664,1690.436873606616,234257.05538221155,1618.0741387535982,235723.5875,234212.609375,235723.5875,230237.42,0.21412274844856416,0.862028390440317,0.6629155511545859,-8.956831768108042,0.304,-0.0004594693424397889,-0.181,12.370419400411889,4.521,1,2,0.333,204266.54,1069,2022,3
Sorghum,2022-07-18,235262.4885,NGN,NGN/MT,Gap-filled,wholesale,National,,,0.6,False,Weekly gap-fill,Interpolated,historical,False,,,425.98,862.6516666666666,202.13466666666667,15.4,18.1,0,1,1,0,0,0,1,1,0,0,1,0,0,0,0,0,0,0,1,0,-0.4999999999999997,-0.8660254037844388,-0.3546048870425356,-0.9350162426854148,0,552.29,235723.5875,235219.928125,234212.609375,231626.032,232859.96,235631.25,258891.02,235230.56821875,411.7863812022577,234272.35178124998,1188.9128541146274,233261.6371875,1802.9374618481763,234242.87224759615,1607.1260395547226,235723.5875,234716.26875,235723.5875,230237.42,-0.19561003838870494,0.448259010393004,1.031748223266904,-9.126825449565601,0.422,-0.4097327868372691,-0.19,12.368461392679594,4.521,1,2,0.333,203866.97,1070,2022,3
Sorghum,2022-07-25,235262.4885,NGN,NGN/MT,Gap-filled,wholesale,National,,,0.6,False,Weekly gap-fill,Interpolated,historical,False,,,425.98,862.6516666666666,202.13466666666667,15.4,18.1,0,1,1,0,0,0,1,1,0,0,1,0,0,0,0,0,0,0,1,0,-0.4999999999999997,-0.8660254037844388,-0.464723172043768,-0.8854560256532101,0,552.29,235262.4885,235723.5875,234716.26875,232320.338,231548.69,235631.25,258891.02,235367.12315625002,238.48831432384657,234640.12059374998,924.4749974829584,233571.1203958333,1800.9158790454665,234228.6891129808,1595.9717666697172,235723.5875,235219.928125,235723.5875,230237.42,0.0,0.23271490847607268,1.6038952757625236,-9.126825449565601,0.486,0.19561003838870494,-0.15,12.368461392679594,4.521,1,2,0.333,203866.97,1071,2022,3
Sorghum,2022-08-01,235031.939,NGN,NGN/MT,Gap-filled,wholesale,National,,,0.6,False,Weekly gap-fill,Interpolated,historical,False,,,425.98,862.6516666666666,202.13466666666667,20.5,25.7,0,1,0,0,1,0,1,1,0,0,1,0,0,0,0,1,0,0,1,0,-0.8660254037844384,-0.5000000000000004,-0.5680647467311556,-0.8229838658936565,0,551.74,235262.4885,235262.4885,235219.928125,233014.644,230237.42,235631.25,258879.48666666663,235320.12587500003,290.10175904545116,234892.28246875,653.041320483988,233970.66364583335,1500.941916356534,234205.63868990383,1579.1436409303167,235723.5875,235031.939,235723.5875,231548.69,-0.09799671059756987,-0.07992057752015391,2.0824238735823286,-9.211833650370583,0.476,-0.09799671059756987,-0.133,12.367480949261413,4.521,1,2,0.0,195047.25,1072,2022,3
Sorghum,2022-08-08,234801.3895,NGN,NGN/MT,Gap-filled,wholesale,National,,,0.6,False,Weekly gap-fill,Interpolated,historical,False,,,425.98,862.6516666666666,202.13466666666667,20.5,25.7,0,1,0,0,1,0,1,1,0,0,1,0,0,0,0,1,0,0,1,0,-0.8660254037844384,-0.5000000000000004,-0.663122658240795,-0.7485107481711013,0,551.2,235031.939,235262.4885,235723.5875,233708.95,231548.69,235631.25,258867.9533333333,235089.576375,220.73434100974612,235028.83740625,454.19450778921583,234241.72193750003,1304.6619531836072,234173.7209783654,1557.413627004278,235262.4885,234801.3895,235723.5875,231626.032,-0.09809283835250371,-0.391220076777421,1.4047583253440132,-9.29684942590936,0.391,-9.612775493383907e-05,-0.114,12.366499543630463,4.521,1,2,0.0,194855.92,1073,2022,3
Sorghum,2022-08-15,234570.84,NGN,NGN/MT,WFP Nigeria Food Prices,wholesale,National,,,0.9,True,WFP VAM data — converted to NGN/MT,WFP,historical,False,,,425.98,867.885,203.95125,20.5,25.7,0,1,0,0,1,0,1,1,0,0,1,0,0,0,0,1,0,0,1,0,-0.8660254037844384,-0.5000000000000004,-0.7485107481711011,-0.6631226582407952,0,550.66,234801.3895,235031.939,235262.4885,234212.609375,231626.032,235631.25,257532.896,234916.66425000003,297.6381246809903,235073.61623437502,372.54737644811667,234487.12260416665,1012.0814706900478,234132.9359783654,1531.3849155068924,235262.4885,234570.84,235723.5875,232320.338,-0.09818915488146729,-0.2939901317927318,1.2713631428094452,-8.916164248003488,0.335,-9.631652896358034e-05,-0.094,12.365517173896245,4.55,1,2,0.0,194664.6,1074,2022,3
Sorghum,2022-08-22,234788.19666666663,NGN,NGN/MT,Gap-filled,wholesale,National,,,0.6,False,Weekly gap-fill,Interpolated,historical,False,,,425.98,867.885,203.95125,20.5,25.7,0,1,0,0,1,0,1,1,0,0,1,0,0,0,0,1,0,0,1,0,-0.8660254037844384,-0.5000000000000004,-0.8229838658936564,-0.5680647467311559,0,551.17,234570.84,234801.3895,235262.4885,234716.26875,232320.338,235446.9171875,256197.83866666668,234798.09129166664,188.35841904770086,235082.60722395833,363.4480186414544,234692.77749305556,748.0617868761022,234107.60057371794,1514.1284620108017,235031.939,234570.84,235723.5875,233014.644,0.09266141804609163,-0.20160112917166906,1.0622654425832545,-8.356683300461276,0.295,0.19085057292755891,-0.004,12.366443355088226,4.55,1,2,0.0,194844.98,1075,2022,3
Sorghum,2022-08-29,234788.19666666663,NGN,NGN/MT,Gap-filled,wholesale,National,,,0.6,False,Weekly gap-fill,Interpolated,historical,False,,,425.98,867.885,203.95125,20.5,25.7,0,1,0,0,1,0,1,1,0,0,1,0,0,0,0,1,0,0,1,0,-0.8660254037844384,-0.5000000000000004,-0.8854560256532096,-0.4647231720437691,0,551.17,234788.19666666663,234570.84,235031.939,235219.928125,233014.644,235262.584375,254862.78133333332,234737.1557083333,111.05142010915651,235028.64079166664,372.0949908766582,234840.5735486111,529.7005600553678,234089.3548926282,1502.4672098978178,234801.3895,234570.84,235723.5875,233708.95,0.0,-0.10370604708893616,0.7611335649216233,-7.87662465333111,0.277,-0.09266141804609163,0.064,12.366443355088226,4.55,1,2,0.0,194844.98,1076,2022,3
Sorghum,2022-09-05,234896.875,NGN,NGN/MT,Gap-filled,wholesale,National,,,0.6,False,Weekly gap-fill,Interpolated,historical,False,,,425.98,867.885,203.95125,20.5,25.7,0,1,0,0,1,1,0,0,0,0,0,0,0,0,0,1,0,0,0,0,-1.0,-1.8369701987210287e-16,-0.9350162426854148,-0.3546048870425359,0,551.43,234788.19666666663,234788.19666666663,234801.3895,235723.5875,233708.95,235078.2515625,253527.72400000005,234761.02708333332,136.750570609275,234925.30172916665,244.41252521444844,234939.56729861107,392.12826794559726,234082.3788709936,1498.1068017168252,234896.875,234570.84,235723.5875,234212.609375,0.046287818074453035,0.040666496992769474,0.5082924723250892,-7.348643653662135,0.29,0.046287818074453035,0.167,12.36690612420336,4.55,1,2,0.0,194935.17,1077,2022,3
Sorghum,2022-09-12,235005.5533333333,NGN,NGN/MT,WFP Nigeria Food Prices,wholesale,National,,,0.9,True,WFP VAM data — converted to NGN/MT,WFP,historical,False,,,425.98,851.5890909090908,199.2236363636364,20.5,25.7,0,1,0,0,1,1,0,0,0,0,0,0,0,0,0,1,0,0,0,0,-1.0,-1.8369701987210287e-16,-0.970941817426052,-0.2393156642875577,0,551.68,234896.875,234788.19666666663,234570.84,235262.4885,234212.609375,234893.91875,252192.66666666672,234869.70541666663,104.05158242244269,234893.18483333333,207.93399328171063,235005.64596180557,318.3622894904165,234086.67250881408,1500.6835046469305,235005.5533333333,234788.19666666663,235723.5875,234570.84,0.046266402366268444,0.18532283609220546,0.3385573306446954,-6.815072603221384,0.335,-2.1415708184591153e-05,0.3,12.367368679262297,4.462,1,2,0.0,195025.36,1078,2022,3
Sorghum,2022-09-19,235602.28666666665,NGN,NGN/MT,Gap-filled,wholesale,National,,,0.6,False,Weekly gap-fill,Interpolated,historical,False,,,425.98,851.5890909090908,199.2236363636364,20.5,25.7,0,1,0,0,1,1,0,0,0,0,0,0,0,0,0,1,0,0,0,0,-1.0,-1.8369701987210287e-16,-0.992708874098054,-0.1205366802553235,0,553.08,235005.5533333333,234896.875,234788.19666666663,235262.4885,234716.26875,235078.2515625,248267.58281250004,235073.22791666666,363.6968402915504,234935.65960416666,305.8158132646238,235079.48078819446,346.6360420326063,234106.82770512818,1517.953487473973,235602.28666666665,234788.19666666663,235723.5875,234570.84,0.2539230775057355,0.3467337845589391,0.3774846632426554,-5.101469955261395,0.413,0.20765667513946706,0.57,12.36990468086034,4.462,1,2,0.0,195520.57,1079,2022,3
Sorghum,2022-09-26,236199.02,NGN,NGN/MT,Gap-filled,wholesale,National,,,0.6,False,Weekly gap-fill,Interpolated,historical,False,,,425.98,851.5890909090908,199.2236363636364,20.5,25.7,0,1,0,0,1,1,0,0,0,0,0,0,0,0,0,1,0,0,0,0,-1.0,-1.8369701987210287e-16,-1.0,-1.8369701987210287e-16,0,554.48,235602.28666666665,235005.5533333333,234788.19666666663,235031.939,235219.928125,235188.209375,244342.4989583333,235425.93374999997,601.4941276700661,235081.54472916666,543.9555117873093,235161.07177777775,474.3875975093134,234145.70503685897,1559.1427698086154,236199.02,234896.875,236199.02,234570.84,0.25327994128410136,0.6008919329689943,0.41624529129167254,-3.3328131590084076,0.547,-0.0006431362216341441,0.845,12.3724342674194,4.462,1,2,0.0,196015.78,1080,2022,3
Sorghum,2022-10-03,236795.75333333336,NGN,NGN/MT,Gap-filled,wholesale,National,,,0.6,False,Weekly gap-fill,Interpolated,historical,False,,,425.98,851.5890909090908,199.2236363636364,20.5,25.7,0,1,0,0,0,1,0,0,0,1,0,1,0,1,1,1,1,0,0,0,-0.8660254037844386,0.5000000000000001,-0.992708874098054,0.1205366802553232,0,555.88,236199.02,235602.28666666665,234896.875,234801.3895,235723.5875,235188.209375,240417.41510416663,235900.65333333332,770.3794207178653,235330.84020833333,795.8868809009908,235250.41893055555,656.1211366252529,234207.53365064104,1632.2953517085098,236795.75333333336,235005.5533333333,236795.75333333336,234570.84,0.25264005470191364,0.8083880781016628,0.4548402833608467,-1.5064057523720198,0.723,-0.0006398865821877209,1.078,12.374957471312412,4.462,1,2,0.333,196511.0,1081,2022,4
Sorghum,2022-10-10,237392.4866666667,NGN,NGN/MT,WFP Nigeria Food Prices,wholesale,National,,,0.9,True,WFP VAM data — converted to NGN/MT,WFP,historical,False,,,425.98,857.93,204.0275,20.5,25.7,0,1,0,0,0,1,0,0,0,1,0,1,0,1,1,1,1,0,0,0,-0.8660254037844386,0.5000000000000001,-0.970941817426052,0.2393156642875573,0,557.29,236795.75333333336,236199.02,235005.5533333333,234570.84,235262.4885,235482.5,236492.33125,236497.3866666667,770.3794207180456,235683.54604166665,1007.94175383616,235427.91877777778,901.8001475637966,234280.99467628205,1731.9096953713429,237392.4866666667,235602.28666666665,237392.4866666667,234570.84,0.2520033931914911,1.0156923100228976,0.9053709243012964,0.38062774040446,0.946,-0.0006366615104225204,1.247,12.377474324667876,4.506,1,2,0.333,197006.21,1082,2022,4
Sorghum,2022-10-17,238006.36433333336,NGN,NGN/MT,Gap-filled,wholesale,National,,,0.6,False,Weekly gap-fill,Interpolated,historical,False,,,425.98,857.93,204.0275,20.5,25.7,0,1,0,0,0,1,0,0,0,1,0,1,0,1,1,1,1,0,0,0,-0.8660254037844386,0.5000000000000001,-0.9350162426854148,0.3546048870425355,0,558.73,237392.4866666667,236795.75333333336,235602.28666666665,234788.19666666663,235262.4885,234171.23,234666.365,237098.40608333334,777.038306060458,236085.817,1219.5365030162798,235656.57509722223,1165.3828214057978,234428.49984294872,1879.2382338759226,238006.36433333336,236199.02,238006.36433333336,234570.84,0.2585918683806643,1.020396576230187,1.1663040082708909,1.4232970001190282,1.139,0.00658847518917316,1.389,12.380056894751931,4.506,1,2,0.333,197515.66,1083,2022,4
Sorghum,2022-10-24,238620.24200000003,NGN,NGN/MT,Gap-filled,wholesale,National,,,0.6,False,Weekly gap-fill,Interpolated,historical,False,,,425.98,857.93,204.0275,20.5,25.7,0,1,0,0,0,1,0,0,0,1,0,1,0,1,1,1,1,0,0,0,-0.8660254037844386,0.5000000000000001,-0.8854560256532101,0.464723172043768,0,560.17,238006.36433333336,237392.4866666667,236199.02,234788.19666666663,235031.939,232859.96,232840.39875,237703.71158333338,785.8913886576535,236564.82266666667,1379.1718579784242,235955.6003472222,1422.5280434917324,234650.04915064102,2021.1146140147978,238620.24200000003,236795.75333333336,238620.24200000003,234570.84,0.25792489557419085,1.025077072716063,1.5267299479667873,2.482319769691621,1.301,-0.0006669728064734315,1.504,12.382632812344584,4.506,1,2,0.333,198025.1,1084,2022,4
Sorghum,2022-10-31,239234.11966666667,NGN,NGN/MT,Gap-filled,wholesale,National,,,0.6,False,Weekly gap-fill,Interpolated,historical,False,,,425.98,857.93,204.0275,20.5,25.7,0,1,0,0,0,1,0,0,0,1,0,1,0,1,1,1,1,0,0,0,-0.8660254037844386,0.5000000000000001,-0.822983865893657,0.5680647467311548,0,561.61,238620.24200000003,238006.36433333336,236795.75333333336,234896.875,234801.3895,231548.69,231014.4325,238313.30316666668,792.5126598789359,237106.97825,1478.7272877149785,236324.99452777777,1652.505202861098,234945.64259935898,2109.4655088831814,239234.11966666667,237392.4866666667,239234.11966666667,234570.84,0.2572613544942426,1.0297339791820015,1.8878636860309772,3.5580838295315997,1.433,-0.00066354107994826,1.603,12.385202111630356,4.506,1,2,0.333,198534.54,1085,2022,4
Sorghum,2022-11-07,239234.11966666667,NGN,NGN/MT,Gap-filled,wholesale,National,,,0.6,False,Weekly gap-fill,Interpolated,historical,False,,,425.98,857.93,204.0275,20.5,25.7,1,0,0,0,0,1,0,0,0,1,0,1,1,1,1,0,1,0,0,0,-0.5000000000000004,0.8660254037844384,-0.7485107481711011,0.6631226582407952,1,561.61,239234.11966666667,238620.24200000003,237392.4866666667,235005.5533333333,234570.84,230237.42,229188.46625,238773.7114166667,587.7431189257198,237635.54904166667,1372.176998772123,236713.6011666667,1748.0450750701234,235291.66950961534,2043.1024805697093,239234.11966666667,238006.36433333336,239234.11966666667,234788.19666666663,0.0,0.7757756051419928,1.988004846069824,4.3831409062744076,1.48,-0.2572613544942426,1.536,12.385202111630356,4.506,1,2,0.667,198534.54,1086,2022,4
Sorghum,2022-11-14,240461.875,NGN,NGN/MT,WFP Nigeria Food Prices,wholesale,National,,,0.9,True,WFP VAM data — converted to NGN/MT,WFP,historical,False,,,425.98,886.2112500000001,239.705,20.5,25.7,1,0,0,0,0,1,0,0,0,1,0,1,1,1,1,0,1,0,0,0,-0.5000000000000004,0.8660254037844384,-0.6631226582407955,0.7485107481711007,1,564.49,239234.11966666667,239234.11966666667,238006.36433333336,235602.28666666665,234788.19666666663,231548.69,227362.5,239387.58908333335,772.4457911505867,238242.99758333334,1418.3542123928503,237186.40769444444,1937.0103373678655,235634.48431730768,2135.624040457161,240461.875,238620.24200000003,240461.875,234788.19666666663,0.513202437446636,1.0316995822967412,2.416509183120641,5.761449227555127,1.593,0.513202437446636,1.813,12.390320990707945,4.744,1,2,0.667,199553.42,1087,2022,4
Sorghum,2022-11-21,237878.3640625,NGN,NGN/MT,Gap-filled,wholesale,National,,,0.6,False,Weekly gap-fill,Interpolated,historical,False,,,425.98,886.2112500000001,239.705,20.5,25.7,1,0,0,0,0,1,0,0,0,1,0,1,1,1,1,0,1,0,0,0,-0.5000000000000004,0.8660254037844384,-0.5680647467311559,0.8229838658936564,1,558.43,240461.875,239234.11966666667,238620.24200000003,236199.02,234788.19666666663,231626.032,226382.5,239202.11959895832,1055.36098081342,238452.91559114584,1176.2342688185402,237443.92164409722,1788.9490512619186,235874.95862740383,2014.8055205999863,240461.875,237878.3640625,240461.875,234896.875,-1.0743952393700629,-0.3109031871235901,1.316151084128192,5.078070991574002,1.411,-1.5875976768166988,1.058,12.379518950462744,4.744,1,2,0.667,197409.43,1088,2022,4
Sorghum,2022-11-28,235294.853125,NGN,NGN/MT,Gap-filled,wholesale,National,,,0.6,False,Weekly gap-fill,Interpolated,historical,False,,,425.98,886.2112500000001,239.705,20.5,25.7,1,0,0,0,0,1,0,0,0,1,0,1,1,1,1,0,1,0,0,0,-0.5000000000000004,0.8660254037844384,-0.4647231720437684,0.88545602565321,1,552.36,237878.3640625,240461.875,239234.11966666667,236795.75333333336,234896.875,232320.338,225402.5,238217.30296354168,2215.672393960859,238265.30306510418,1541.3479025997747,237477.08648784723,1740.4695238604343,235989.36305528847,1885.172979161885,240461.875,235294.853125,240461.875,235005.5533333333,-1.0860638577543047,-1.6466156864060166,0.16942674311866135,4.388750402058528,0.944,-0.011668618384241825,0.259,12.368598950781998,4.744,1,2,0.667,195265.44,1089,2022,4
Sorghum,2022-12-05,232711.3421875,NGN,NGN/MT,Gap-filled,wholesale,National,,,0.6,False,Weekly gap-fill,Interpolated,historical,False,,,425.98,886.2112500000001,239.705,20.5,25.7,1,0,0,0,0,0,0,0,0,1,0,1,1,1,1,0,0,0,0,1,-2.4492935982947064e-16,1.0,-0.3546048870425359,0.9350162426854148,1,546.3,235294.853125,237878.3640625,239234.11966666667,237392.4866666667,235005.5533333333,233014.644,225402.5,236586.60859375,3335.2982785628346,237680.16000520834,2506.443332640451,237285.90222569442,2121.0375106118236,235977.69760096152,1905.1494244008406,240461.875,232711.3421875,240461.875,232711.3421875,-1.0979887163649504,-2.7265247483323374,-0.9762369923995595,3.2425737014895706,0.258,-0.011924858610645739,-0.659,12.35755838693629,4.744,1,2,0.667,193121.45,1090,2022,4
Sorghum,2022-12-12,230127.83125,NGN,NGN/MT,WFP Nigeria Food Prices,wholesale,National,,,0.9,True,WFP VAM data — converted to NGN/MT,WFP,historical,False,,,425.98,896.946875,274.53625,20.5,25.7,1,0,0,0,0,0,0,0,0,1,0,1,1,1,1,0,0,0,0,1,-2.4492935982947064e-16,1.0,-0.2393156642875578,0.970941817426052,1,540.23,232711.3421875,235294.853125,240461.875,238006.36433333336,235602.28666666665,233708.95,223442.5,234003.09765625,3335.2982785626546,236695.34336979166,3647.859591166899,236829.6976076389,2944.837520378187,235839.96226442308,2184.6769306549227,237878.3640625,230127.83125,240461.875,230127.83125,-1.1101783493726036,-4.297580957480274,-2.323600290183936,2.9919694104747263,-0.779,-0.012189633007653189,-1.84,12.346394566957358,4.9,1,2,0.667,190977.45,1091,2022,4
Sorghum,2022-12-19,229503.6859375,NGN,NGN/MT,Gap-filled,wholesale,National,,,0.6,False,Weekly gap-fill,Interpolated,historical,False,,,425.98,896.946875,274.53625,20.5,25.7,1,0,0,0,0,0,0,0,0,1,0,1,1,1,1,0,0,0,0,1,-2.4492935982947064e-16,1.0,-0.1205366802553236,0.992708874098054,1,538.77,230127.83125,232711.3421875,237878.3640625,238620.24200000003,236199.02,234212.609375,226489.6875,231909.428125,2649.896318224713,235555.7738619792,4322.266431925503,236271.75310243052,3629.7985936014497,235658.84982451925,2497.7398418147245,235294.853125,229503.6859375,240461.875,229503.6859375,-0.271216788125872,-3.520571598852784,-2.8346155130110073,1.3307442253855495,-1.591,0.8389615612467316,-2.261,12.343678726302615,4.9,1,2,0.667,190459.49,1092,2022,4
Sorghum,2022-12-26,228879.540625,NGN,NGN/MT,Gap-filled,wholesale,National,,,0.6,False,Weekly gap-fill,Interpolated,historical,False,,,425.98,896.946875,274.53625,20.5,25.7,1,0,0,0,0,0,0,0,0,1,0,1,1,1,1,0,0,0,0,1,-2.4492935982947064e-16,1.0,6.432490598706546e-16,1.0,1,537.3,229503.6859375,230127.83125,235294.853125,239234.11966666667,236795.75333333336,234716.26875,229536.875,230305.6,1682.845675820941,234261.45148177084,4604.556884904819,235612.0687100695,4200.409538803782,235434.36028124997,2826.5024156677173,232711.3421875,228879.540625,240461.875,228879.540625,-0.2719543740443364,-2.7264992900596363,-3.343055184435606,-0.2863741936889208,-2.178,-0.0007375859184644007,-2.489,12.340955489766815,4.9,1,2,0.667,189941.53,1093,2022,4
Sorghum,2023-01-02,228255.3953125,NGN,NGN/MT,Gap-filled,wholesale,National,,,0.6,False,Weekly gap-fill,Interpolated,historical,False,,,460.0,896.946875,274.53625,20.5,25.7,1,0,0,0,0,0,0,0,0,1,0,0,1,0,0,0,0,0,0,1,0.4999999999999999,0.8660254037844387,0.120536680255323,0.992708874098054,1,496.21,228879.540625,229503.6859375,232711.3421875,239234.11966666667,237392.4866666667,235219.928125,232584.0625,229191.61328125,805.7681336485215,232889.1109375,4546.463963817498,234850.64443055555,4652.188101093722,235166.49363461538,3158.188648370599,230127.83125,228255.3953125,240461.875,228255.3953125,-0.27269598269711315,-1.914795743565323,-3.848938726943152,-1.8611194339680948,-2.541,-0.0007416086527767263,-2.555,12.33822481695845,4.9,0,0,0.333,189423.56,1094,2023,1
Sorghum,2023-01-09,227631.25,NGN,NGN/MT,WFP Nigeria Food Prices,wholesale,National,,,0.9,True,WFP VAM data — converted to NGN/MT,WFP,historical,False,,,460.0,900.9875,289.7125,20.5,25.7,1,0,0,0,0,0,0,0,0,1,0,0,1,0,0,0,0,0,0,1,0.4999999999999999,0.8660254037844387,0.2393156642875577,0.970941817426052,1,494.85,228255.3953125,228879.540625,230127.83125,240461.875,238006.36433333336,235723.5875,235631.25,228567.46796875,805.7681336483411,231285.2828125,3672.534564176743,233986.05156944445,4965.90405081462,234855.24988461536,3483.129294504072,229503.6859375,227631.25,240461.875,227631.25,-0.27344164708374974,-1.0848671525035214,-4.359175168443297,-3.395135407548866,-2.677,-0.0007456643866365908,-2.559,12.33548666715421,4.965,0,0,0.333,188905.6,1095,2023,1
Sorghum,2023-01-16,224938.2905,NGN,NGN/MT,Gap-filled,wholesale,National,,,0.6,False,Weekly gap-fill,Interpolated,historical,False,,,460.0,900.9875,289.7125,20.5,25.7,1,0,0,0,0,0,0,0,0,1,0,0,1,0,0,0,0,0,0,1,0.4999999999999999,0.8660254037844387,0.3546048870425356,0.9350162426854148,1,489.0,227631.25,228255.3953125,229503.6859375,237878.3640625,238620.24200000003,235262.4885,235631.25,227426.119109375,1735.0795366104985,229667.77361718751,3168.989788244419,232845.88894444445,5360.197105828004,234458.16534615384,3986.9055810452037,228879.540625,224938.2905,240461.875,224938.2905,-1.1830359408033786,-1.9892471089737906,-5.733776558654247,-4.538005676242007,-2.999,-0.9095942937196289,-3.125,12.323585824778592,4.965,0,0,0.333,186670.78,1096,2023,1
Sorghum,2023-01-23,222245.331,NGN,NGN/MT,Gap-filled,wholesale,National,,,0.6,False,Weekly gap-fill,Interpolated,historical,False,,,460.0,900.9875,289.7125,20.5,25.7,1,0,0,0,0,0,0,0,0,1,0,0,1,0,0,0,0,0,0,1,0.4999999999999999,0.8660254037844387,0.4647231720437685,0.8854560256532099,1,483.14,224938.2905,227631.25,228879.540625,235294.853125,239234.11966666667,235262.4885,235631.25,225767.566703125,2754.1756171396864,228036.58335156253,3216.916249694172,231430.15655555553,5748.988857785619,233957.50544230768,4644.888033150864,228255.3953125,222245.331,240461.875,222245.331,-1.1971992380728103,-2.8985594810632676,-7.101323461025433,-5.680875944935149,-3.501,-0.014163297269431663,-3.443,12.31154164480344,4.965,0,0,0.333,184435.96,1097,2023,1
Sorghum,2023-01-30,219552.3715,NGN,NGN/MT,Gap-filled,wholesale,National,,,0.6,False,Weekly gap-fill,Interpolated,historical,False,,,460.0,900.9875,289.7125,20.5,25.7,1,0,0,0,0,0,0,0,0,1,0,0,1,0,0,0,0,0,0,1,0.4999999999999999,0.8660254037844387,0.5680647467311558,0.8229838658936564,1,477.29,222245.331,224938.2905,228255.3953125,232711.3421875,239234.11966666667,235031.939,235631.25,223591.81075,3476.5957651715057,226391.712015625,3797.0574693068966,229790.010875,6115.989514092739,233362.13746153846,5427.751131335923,227631.25,219552.3715,240461.875,219552.3715,-1.2117057703227907,-3.812844730607512,-8.226982085201694,-6.823746213628279,-4.187,-0.014506532249980442,-3.575,12.299350632282795,4.965,0,0,0.333,182201.14,1098,2023,1
Sorghum,2023-02-06,216859.412,NGN,NGN/MT,Gap-filled,wholesale,National,,,0.6,False,Weekly gap-fill,Interpolated,historical,False,,,460.0,900.9875,289.7125,20.5,25.7,1,0,0,0,0,0,0,0,1,1,0,0,1,0,0,0,0,0,0,0,0.8660254037844386,0.5000000000000001,0.6631226582407952,0.7485107481711011,1,471.43,219552.3715,222245.331,227631.25,230127.83125,240461.875,234801.3895,235631.25,220898.85125,3476.5957651713516,224733.159609375,4718.100494853144,227823.13895833332,6166.974260498953,232672.06140384616,6306.819264006953,224938.2905,216859.412,237878.3640625,216859.412,-1.2265681675863838,-4.732143763213525,-9.815469915969,-7.96661648232142,-5.06,-0.014862397263593063,-3.592,12.287009162867585,4.965,0,0,0.333,179966.32,1099,2023,1
Sorghum,2023-02-13,214166.4525,NGN,NGN/MT,WFP Nigeria Food Prices,wholesale,National,,,0.9,True,WFP VAM data — converted to NGN/MT,WFP,historical,False,,,460.0,900.9875,289.7125,20.5,25.7,1,0,0,0,0,0,0,0,1,1,0,0,1,0,0,0,0,0,0,0,0.8660254037844386,0.5000000000000001,0.7485107481711011,0.6631226582407953,1,465.58,216859.412,219552.3715,224938.2905,229503.6859375,237878.3640625,234570.84,235631.25,218205.89175,3476.5957651711974,222816.0054296875,5546.129183689079,225847.146328125,6444.802398101428,231887.27726923075,7258.755793879723,222245.331,214166.4525,235294.853125,214166.4525,-1.2417996872554404,-4.78879695229123,-9.96808249289538,-9.10948675101455,-5.9,-0.01523151966905667,-3.544,12.27451347633737,4.965,0,0,0.333,177731.5,1100,2023,1
Sorghum,2023-02-20,214837.748125,NGN,NGN/MT,Gap-filled,wholesale,National,,,0.6,False,Weekly gap-fill,Interpolated,historical,False,,,460.0,900.9875,289.7125,20.5,25.7,1,0,0,0,0,0,0,0,1,1,0,0,1,0,0,0,0,0,0,0,0.8660254037844386,0.5000000000000001,0.8229838658936564,0.5680647467311559,1,467.04,214166.4525,216859.412,222245.331,228879.540625,235294.853125,234788.19666666663,235446.9171875,216353.99603125002,2420.0141428585366,221060.7813671875,5574.898857936491,224142.38757812502,6424.127204836548,231119.9523253205,7960.40457705731,219552.3715,214166.4525,232711.3421875,214166.4525,0.31344574146130455,-3.3330656899154376,-8.694242448699963,-8.753212532440047,-6.389,1.555245428716745,-3.028,12.27764301699162,4.965,0,0,0.333,178288.59,1101,2023,1
Sorghum,2023-02-27,214837.748125,NGN,NGN/MT,Gap-filled,wholesale,National,,,0.6,False,Weekly gap-fill,Interpolated,historical,False,,,460.0,900.9875,289.7125,20.5,25.7,1,0,0,0,0,0,0,0,1,1,0,0,1,0,0,0,0,0,0,0,0.8660254037844386,0.5000000000000001,0.8854560256532099,0.4647231720437686,1,467.04,214837.748125,214166.4525,219552.3715,228255.3953125,232711.3421875,234788.19666666663,235262.584375,215175.34018750003,1166.460320369041,219383.57546875,5099.243597111961,222652.92140625,6328.0812280179025,230352.62738141025,8533.573005548731,216859.412,214166.4525,230127.83125,214166.4525,0.0,-2.1473798450862946,-7.6805856966348,-8.68171889901691,-6.589,-0.31344574146130455,-2.736,12.27764301699162,4.965,0,0,0.333,178288.59,1102,2023,1
Sorghum,2023-03-06,215173.3959375,NGN,NGN/MT,Gap-filled,wholesale,National,,,0.6,False,Weekly gap-fill,Interpolated,historical,False,,,460.0,900.9875,289.7125,20.5,25.7,1,0,0,1,0,0,0,0,1,1,0,0,0,0,0,0,0,0,0,0,1.0,6.123233995736766e-17,0.9350162426854148,0.3546048870425355,0,467.77,214837.748125,214837.748125,216859.412,227631.25,230127.83125,234896.875,235078.2515625,214753.836171875,422.34756882806045,217826.3437109375,4005.6693282400643,221406.71846354168,6193.277110815161,229594.03203285256,8978.515350235306,215173.3959375,214166.4525,229503.6859375,214166.4525,0.1562331645296844,-0.7774696274192694,-6.498316710008966,-8.467331832144376,-6.464,0.1562331645296844,-2.464,12.27920412220573,4.965,0,0,0.333,178567.13,1103,2023,1
Sorghum,2023-03-13,215509.04375,NGN,NGN/MT,WFP Nigeria Food Prices,wholesale,National,,,0.9,True,WFP VAM data — converted to NGN/MT,WFP,historical,False,,,460.0,900.9875,289.7125,20.5,25.7,1,0,0,1,0,0,0,0,1,1,0,0,0,0,0,0,0,0,0,0,1.0,6.123233995736766e-17,0.970941817426052,0.239315664287558,0,468.5,215173.3959375,214837.748125,214166.4525,224938.2905,229503.6859375,235005.5533333333,234893.91875,215089.48398437502,321.3583143539076,216647.6878671875,2828.2746523753153,220240.49828125,5837.374453967861,228844.16627964747,9316.278258315846,215509.04375,214837.748125,228879.540625,214166.4525,0.1559894572642717,0.6268914829226091,-6.097785371216702,-8.252608285117635,-6.011,-0.00024370726541267373,-2.242,12.280762794168417,4.965,0,0,0.333,178845.68,1104,2023,1
Sorghum,2023-03-20,223483.5728125,NGN,NGN/MT,Gap-filled,wholesale,National,,,0.6,False,Weekly gap-fill,Interpolated,historical,False,,,460.0,900.9875,289.7125,20.5,25.7,1,0,0,1,0,0,0,0,1,1,0,0,0,0,0,0,0,0,0,0,1.0,6.123233995736766e-17,0.992708874098054,0.120536680255323,0,485.83,215509.04375,215173.3959375,214837.748125,222245.331,228879.540625,235602.28666666665,235078.2515625,217250.94015625,4164.116500068423,216802.46809375,3189.2234065863954,219790.83429687496,5293.928366845509,228378.061900641,9267.666805012846,223483.5728125,214837.748125,228255.3953125,214166.4525,3.7003222341568165,4.024350824264622,-2.357557952871303,-4.932263479472631,-4.872,3.544332776892545,-1.08,12.317097665205967,4.965,0,0,0.333,185463.55,1105,2023,1
Sorghum,2023-03-27,231458.101875,NGN,NGN/MT,Gap-filled,wholesale,National,,,0.6,False,Weekly gap-fill,Interpolated,historical,False,,,460.0,900.9875,289.7125,20.5,25.7,1,0,0,1,0,0,0,0,1,1,0,0,0,0,0,0,0,1,0,0,1.0,6.123233995736766e-17,1.0,-1.6081226496766364e-16,0,503.17,223483.5728125,215509.04375,214837.748125,219552.3715,228255.3953125,236199.02,235188.209375,221406.02859375,7723.999553505756,218290.684390625,6102.755260371722,220057.7265104167,5814.589919056651,228195.71889583336,9153.569768377103,231458.101875,215173.3959375,231458.101875,214166.4525,3.5682842197938713,7.736235319469875,1.4031241443888787,-1.5860095665138019,-2.975,-0.13203801436294516,0.04,12.352158471134452,4.965,0,0,0.333,192081.41,1106,2023,1
Sorghum,2023-04-03,239432.6309375,NGN,NGN/MT,Gap-filled,wholesale,National,,,0.6,False,Weekly gap-fill,Interpolated,historical,False,,,460.0,900.9875,289.7125,20.5,25.7,0,1,1,1,0,0,0,0,1,0,0,0,0,0,0,0,0,1,0,0,0.8660254037844387,-0.4999999999999998,0.992708874098054,-0.1205366802553228,0,520.51,231458.101875,223483.5728125,215173.3959375,216859.412,227631.25,236795.75333333336,235188.209375,227470.83734375,10295.072750970221,221112.3367578125,9576.346894157456,221041.174921875,7852.773854853053,228297.13726522436,9266.576843026238,239432.6309375,215509.04375,239432.6309375,214166.4525,3.445344534453465,11.274272497445015,5.184429175475702,1.8046914740238673,-0.362,-0.12293968534040634,1.131,12.38603154234612,4.965,0,0,0.333,198699.28,1107,2023,2
Sorghum,2023-04-10,247407.16,NGN,NGN/MT,WFP Nigeria Food Prices,wholesale,National,,,0.9,True,WFP VAM data — converted to NGN/MT,WFP,historical,False,,,460.0,900.9875,289.7125,20.5,25.7,0,1,1,1,0,0,0,0,1,0,0,0,0,0,0,0,0,1,0,0,0.8660254037844387,-0.4999999999999998,0.970941817426052,-0.2393156642875575,0,537.84,239432.6309375,231458.101875,215509.04375,214166.4525,224938.2905,237392.4866666667,235482.5,235445.36640625,10295.072750970325,225267.4251953125,12800.665611533384,222913.58071354168,10938.811001104612,228682.31700881413,9849.5610025532,247407.16,223483.5728125,247407.16,214166.4525,3.3305940929085898,14.801288936627287,9.988903823379957,5.063926194090862,2.957,-0.11475044154487524,2.109,12.41879472142004,4.965,0,0,0.333,205317.15,1108,2023,2
Sorghum,2023-04-17,251652.526125,NGN,NGN/MT,Gap-filled,wholesale,National,,,0.6,False,Weekly gap-fill,Interpolated,historical,False,,,460.0,900.9875,289.7125,20.5,25.7,0,1,1,1,0,0,0,0,1,0,0,0,0,0,0,0,0,1,0,0,0.8660254037844387,-0.4999999999999998,0.9350162426854148,-0.3546048870425354,0,547.07,247407.16,239432.6309375,223483.5728125,214837.748125,222245.331,238006.36433333336,234171.23,242487.60473437503,8928.990355997024,229869.2724453125,14952.203292339698,225364.18030729168,13716.773449630145,229207.1693854167,10693.692956989202,251652.526125,231458.101875,251652.526125,214166.4525,1.7159431137724557,12.604484955202233,13.23186183155407,7.465176710648858,5.794,-1.614650979136134,2.465,12.435808524127003,4.965,0,0,0.333,208840.27,1109,2023,2
Sorghum,2023-04-24,255897.89225,NGN,NGN/MT,Gap-filled,wholesale,National,,,0.6,False,Weekly gap-fill,Interpolated,historical,False,,,460.0,900.9875,289.7125,20.5,25.7,0,1,1,1,0,0,0,0,1,0,0,0,0,0,0,0,0,0,0,0,0.8660254037844387,-0.4999999999999998,0.8854560256532099,-0.4647231720437685,0,556.3,251652.526125,247407.16,231458.101875,214837.748125,219552.3715,238620.24200000003,232859.96,248597.552328125,7024.733586069255,235001.7904609375,16061.395950571638,228392.973703125,16119.147233042004,229871.69439503207,11783.351045856338,255897.89225,239432.6309375,255897.89225,214166.4525,1.6869952352043027,10.559055905590565,16.55437402096109,9.893470844021458,8.146,-0.02894787856815295,2.713,12.45253769329912,4.965,0,0,0.333,212363.4,1110,2023,2
Sorghum,2023-05-01,260143.258375,NGN,NGN/MT,Gap-filled,wholesale,National,,,0.6,False,Weekly gap-fill,Interpolated,historical,False,,,460.0,900.9875,289.7125,22.4,28.8,0,1,1,1,0,0,0,0,1,0,1,0,0,0,0,0,0,0,0,0,0.4999999999999999,-0.8660254037844387,0.8229838658936565,-0.5680647467311557,0,565.53,255897.89225,251652.526125,239432.6309375,215173.3959375,216859.412,239234.11966666667,231548.69,253775.2091875,5480.744100227312,240623.023265625,15999.648177864294,231999.96090104166,18032.872090509565,230675.8920376603,13089.051219266945,260143.258375,247407.16,260143.258375,214166.4525,1.659007851792893,8.649876734180872,19.95940410232229,12.349268041637384,10.014,-0.027987383411409716,2.868,12.468991596034764,4.965,0,0,0.333,212535.34,1111,2023,2
Sorghum,2023-05-08,264388.6245,NGN,NGN/MT,Gap-filled,wholesale,National,,,0.6,False,Weekly gap-fill,Interpolated,historical,False,,,460.0,900.9875,289.7125,22.4,28.8,0,1,1,1,0,0,0,0,1,0,1,0,0,0,0,0,0,0,0,0,0.4999999999999999,-0.8660254037844387,0.7485107481711013,-0.663122658240795,0,574.76,260143.258375,255897.89225,247407.16,215509.04375,214166.4525,239234.11966666667,230237.42,258020.5753125,5480.744100227363,246732.97085937503,14279.662615267951,236185.1419010417,19301.040626591835,231643.37299278847,14590.476498155007,264388.6245,251652.526125,264388.6245,214837.748125,1.631933939598862,6.8637724550898005,23.450064850843045,14.833038217679807,11.387,-0.027073912194031102,2.951,12.48517914451042,4.965,0,0,0.333,216003.78,1112,2023,2
Sorghum,2023-05-15,268633.990625,NGN,NGN/MT,WFP Nigeria Food Prices,wholesale,National,,,0.9,True,WFP VAM data — converted to NGN/MT,WFP,historical,False,,,460.0,900.9875,289.7125,22.4,28.8,0,1,1,1,0,0,0,0,1,0,1,0,0,0,0,0,0,0,0,0,0.4999999999999999,-0.8660254037844387,0.6631226582407952,-0.7485107481711012,0,583.99,264388.6245,260143.258375,251652.526125,223483.5728125,214837.748125,240461.875,231548.69,262265.94143749995,5480.744100227414,252376.7730859375,12601.935676106084,240668.162109375,20122.0791944478,232726.91590144232,16225.984383247027,268633.990625,255897.89225,268633.990625,214837.748125,1.6057294949919365,6.747980940817189,25.040405128757648,16.016199713762134,12.693,-0.026204444606925392,2.982,12.501108824970295,4.965,0,0,0.333,219472.21,1113,2023,2
Sorghum,2023-05-22,274744.8960721983,NGN,NGN/MT,Gap-filled,wholesale,National,,,0.6,False,Weekly gap-fill,Interpolated,historical,False,,,460.0,900.9875,289.7125,22.4,28.8,0,1,1,1,0,0,0,0,1,0,1,0,0,0,0,0,0,0,0,0,0.4999999999999999,-0.8660254037844387,0.5680647467311558,-0.8229838658936564,0,597.27,268633.990625,264388.6245,255897.89225,231458.101875,214837.748125,237878.3640625,231626.032,266977.6923930496,6231.25288976154,257787.6223605873,11589.313311386475,245660.4244383082,20557.723819931074,234144.85944027686,18186.547565435325,274744.8960721983,260143.258375,274744.8960721983,215173.3959375,2.2748072323166335,7.365048479487157,27.884833307944668,18.6157245366092,14.022,0.669077737324697,3.094,12.523601935201437,4.965,0,0,0.333,224464.78,1114,2023,2
Sorghum,2023-05-29,280855.80151939654,NGN,NGN/MT,Gap-filled,wholesale,National,,,0.6,False,Weekly gap-fill,Interpolated,historical,False,,,460.0,900.9875,289.7125,22.4,28.8,0,1,1,1,0,0,0,0,1,0,1,0,0,0,0,0,0,0,0,0,0.4999999999999999,-0.8660254037844387,0.464723172043769,-0.8854560256532096,0,610.56,274744.8960721983,268633.990625,260143.258375,239432.6309375,215173.3959375,235294.853125,232320.338,272155.8281791487,7190.864607891703,262965.51868332434,11470.057778753177,251133.95823679958,20446.295262054868,235897.2036092921,20366.162103780218,280855.80151939654,264388.6245,280855.80151939654,215509.04375,2.224210725862741,7.961975748969485,30.525337621652305,20.891611960118862,15.371,-0.05059650645389269,3.136,12.545600215290255,4.965,1,3,0.333,229457.35,1115,2023,2
Sorghum,2023-06-05,286966.7069665948,NGN,NGN/MT,Gap-filled,wholesale,National,,,0.6,False,Weekly gap-fill,Interpolated,historical,False,,,460.0,900.9875,289.7125,22.4,28.8,0,1,1,0,0,0,0,1,0,0,1,0,0,0,0,0,0,0,1,0,1.2246467991473532e-16,-1.0,0.3546048870425358,-0.9350162426854148,0,623.84,280855.80151939654,274744.8960721983,264388.6245,247407.16,215509.04375,232711.3421875,233014.644,277800.3487957974,7889.14500908352,267910.46205414867,12301.628072856824,257088.76350484914,19511.991113509986,237983.94840848807,22675.309330474705,286966.7069665948,268633.990625,286966.7069665948,223483.5728125,2.1758159931676513,8.539732943992373,33.15761694877586,23.153936611209215,16.731,-0.04839473269508954,3.131,12.567124969130832,4.965,1,3,0.333,234449.92,1116,2023,2
Sorghum,2023-06-12,293077.6124137931,NGN,NGN/MT,WFP Nigeria Food Prices,wholesale,National,,,0.9,True,WFP VAM data — converted to NGN/MT,WFP,historical,False,,,460.0,900.9875,289.7125,22.4,28.8,0,1,1,0,0,0,0,1,0,0,1,0,0,0,0,0,0,0,1,0,1.2246467991473532e-16,-1.0,0.2393156642875576,-0.970941817426052,0,637.13,286966.7069665948,280855.80151939654,268633.990625,251652.526125,223483.5728125,230127.83125,233708.95,283911.2542429957,7889.145009083611,273088.59784024785,13168.526479530587,262888.2668049569,18950.10988535372,240405.09383786473,25040.306701471913,293077.6124137931,274744.8960721983,293077.6124137931,231458.101875,2.129482375079017,9.099228929266534,31.140561574823966,25.40281936733406,18.097,-0.04633361808863423,3.096,12.588196153766285,4.965,1,3,0.333,239442.49,1117,2023,2
Sorghum,2023-06-19,309947.8599113448,NGN,NGN/MT,Gap-filled,wholesale,National,,,0.6,False,Weekly gap-fill,Interpolated,historical,False,,,920.0,900.9875,289.7125,22.4,28.8,0,1,1,0,0,0,0,1,0,0,1,0,0,0,0,0,0,0,1,0,1.2246467991473532e-16,-1.0,0.120536680255323,-0.992708874098054,0,336.9,293077.6124137931,286966.7069665948,274744.8960721983,255897.89225,231458.101875,229503.6859375,234212.609375,292711.99520278233,12527.122225685034,279844.84379791596,16526.085845914968,269429.0799746523,20590.237104248776,243499.10052916643,28385.83083088032,309947.8599113448,280855.80151939654,309947.8599113448,239432.6309375,5.756238887920517,12.81296371376297,33.911000479358286,32.33611150930153,20.211,3.6267565128415002,3.46,12.644162594824687,4.965,1,3,0.333,253225.38,1118,2023,2
Sorghum,2023-06-26,326818.1074088965,NGN,NGN/MT,Gap-filled,wholesale,National,,,0.6,False,Weekly gap-fill,Interpolated,historical,False,,,920.0,900.9875,289.7125,22.4,28.8,0,1,1,0,0,0,0,1,0,0,1,0,0,0,0,0,0,0,1,0,1.2246467991473532e-16,-1.0,-3.216245299353273e-16,-1.0,0,355.24,309947.8599113448,293077.6124137931,280855.80151939654,260143.258375,239432.6309375,228879.540625,234716.26875,304202.5716751573,17937.953657537317,288179.199927153,21295.28345863218,276711.20301393536,24160.25704935492,247265.96848239325,32559.66125500312,326818.1074088965,286966.7069665948,326818.1074088965,247407.16,5.442930789190514,16.36509042748959,36.49689523488844,39.23964842718066,23.026,-0.313308098730003,3.614,12.697162108462264,4.965,1,3,0.333,267008.26,1119,2023,2
Sorghum,2023-07-03,343688.3549064483,NGN,NGN/MT,Gap-filled,wholesale,National,,,0.6,False,Weekly gap-fill,Interpolated,historical,False,,,920.0,900.9875,289.7125,22.4,28.8,0,1,1,0,0,0,1,1,0,0,1,0,0,0,0,0,0,0,1,0,-0.4999999999999997,-0.8660254037844388,-0.1205366802553228,-0.992708874098054,0,373.57,326818.1074088965,309947.8599113448,286966.7069665948,264388.6245,247407.16,228255.3953125,235219.928125,318382.9836601207,21779.395868139072,298091.66622795904,26467.345339190775,284734.63592280605,29038.539373723823,251705.6976975451,37377.35793465084,343688.3549064483,293077.6124137931,343688.3549064483,251652.526125,5.161968420692387,19.765933316597707,38.916090749535414,46.11362125908236,26.49,-0.2809623684981277,3.638,12.747493490308377,4.965,1,3,0.333,280791.14,1120,2023,3
Sorghum,2023-07-10,360558.602404,NGN,NGN/MT,WFP Nigeria Food Prices,wholesale,National,,,0.9,True,WFP VAM data — converted to NGN/MT,WFP,historical,False,,,920.0,900.9875,289.7125,22.4,28.8,0,1,1,0,0,0,1,1,0,0,1,0,0,0,0,0,0,0,1,0,-0.4999999999999997,-0.8660254037844388,-0.2393156642875574,-0.970941817426052,0,391.91,343688.3549064483,326818.1074088965,293077.6124137931,268633.990625,251652.526125,227631.25,235723.5875,335253.2311576724,21779.395868139203,309582.24270033406,31354.514979232248,293810.1422793894,34300.90719086409,256818.28817462202,42669.16679262547,360558.602404,309947.8599113448,360558.602404,255897.89225,4.908588625920651,23.02495555168207,43.27636918888091,52.95821950953466,30.541,-0.25337979477173533,3.59,12.795412554645928,4.965,1,3,0.333,294574.02,1121,2023,3
Sorghum,2023-07-17,380420.52451736666,NGN,NGN/MT,Gap-filled,wholesale,National,,,0.6,False,Weekly gap-fill,Interpolated,historical,False,,,920.0,900.9875,289.7125,22.4,28.8,0,1,1,0,0,0,1,1,0,0,1,0,0,0,0,0,0,0,1,0,-0.4999999999999997,-0.8660254037844388,-0.3546048870425356,-0.9350162426854148,0,413.5,360558.602404,343688.3549064483,309947.8599113448,274744.8960721983,255897.89225,224938.2905,235262.4885,352871.39730917785,22957.567485119016,322791.6962559801,36430.44921857572,304187.0283016699,40129.26502075269,262798.3740983669,48517.141848042374,380420.52451736666,326818.1074088965,380420.52451736666,260143.258375,5.5086529570889775,22.73694182827373,48.661062102736665,61.7004593222122,34.275,0.6000643311683262,3.565,12.849035191957313,4.965,1,3,0.333,310801.08,1122,2023,3
Sorghum,2023-07-24,400282.4466307333,NGN,NGN/MT,Gap-filled,wholesale,National,,,0.6,False,Weekly gap-fill,Interpolated,historical,False,,,920.0,900.9875,289.7125,22.4,28.8,0,1,1,0,0,0,1,1,0,0,1,0,0,0,0,0,0,0,1,0,-0.4999999999999997,-0.8660254037844388,-0.464723172043768,-0.8854560256532101,0,435.09,380420.52451736666,360558.602404,326818.1074088965,280855.80151939654,260143.258375,222245.331,235262.4885,371237.4821146371,24501.232032416832,337720.02689489716,40976.64856412805,315865.2939896477,46094.59651126566,269645.9554687797,54730.62162515195,400282.4466307333,343688.3549064483,400282.4466307333,264388.6245,5.2210437747976846,22.47866245976462,53.87000575418364,70.14291108747382,37.676,-0.28760918229129295,3.496,12.89992819171677,4.965,1,3,0.333,327028.14,1123,2023,3
Sorghum,2023-07-31,420144.3687441,NGN,NGN/MT,Gap-filled,wholesale,National,,,0.6,False,Weekly gap-fill,Interpolated,historical,False,,,920.0,900.9875,289.7125,22.4,28.8,0,1,1,0,0,0,1,1,0,0,1,0,0,0,0,0,0,0,1,0,-0.4999999999999997,-0.8660254037844388,-0.5680647467311556,-0.8229838658936565,0,456.68,400282.4466307333,380420.52451736666,343688.3549064483,286966.7069665948,264388.6245,219552.3715,235031.939,390351.48557405,25641.631189580352,354367.2346170853,44327.412574421,328844.9393433227,51851.583398907496,277361.0322858605,61148.62096983415,420144.3687441,360558.602404,420144.3687441,268633.990625,4.961976794273371,22.245738834666938,58.91166631645304,78.76054230403977,40.738,-0.259066980524314,3.406,12.948356046432586,4.965,1,3,0.333,343255.2,1124,2023,3
Sorghum,2023-08-07,440006.2908574666,NGN,NGN/MT,Gap-filled,wholesale,National,,,0.6,False,Weekly gap-fill,Interpolated,historical,False,,,920.0,900.9875,289.7125,22.4,28.8,0,1,0,0,1,0,1,1,0,0,1,0,0,0,0,1,0,0,1,0,-0.8660254037844384,-0.5000000000000004,-0.663122658240795,-0.7485107481711013,0,478.27,420144.3687441,400282.4466307333,360558.602404,293077.6124137931,268633.990625,216859.412,234801.3895,410213.40768741665,25641.631189580454,372733.31942254456,45722.0830266496,343125.9643626949,57095.27072307696,285943.6045496092,67633.33675878997,440006.2908574666,380420.52451736666,440006.2908574666,274744.8960721983,4.72740409986645,22.03461182835591,63.79397478098519,87.39509667913043,43.46,-0.2345726944069204,3.307,12.994546575887767,4.965,1,3,0.0,359482.26,1125,2023,3
Sorghum,2023-08-14,459868.2129708333,NGN,NGN/MT,WFP Nigeria Food Prices,wholesale,National,,,0.9,True,WFP VAM data — converted to NGN/MT,WFP,historical,False,,,920.0,900.9875,289.7125,22.4,28.8,0,1,0,0,1,0,1,1,0,0,1,0,0,0,0,1,0,0,1,0,-0.8660254037844384,-0.5000000000000004,-0.7485107481711011,-0.6631226582407952,0,499.86,440006.2908574666,420144.3687441,380420.52451736666,309947.8599113448,274744.8960721983,214166.4525,234570.84,430075.3298007833,25641.63118958058,391473.3635549806,47017.51018659319,358552.90743758116,61758.668560675855,295393.67226002587,74062.842941195,459868.2129708333,400282.4466307333,459868.2129708333,280855.80151939654,4.514008668980751,20.884175099190717,67.3800749514152,96.04662411186034,45.594,-0.2133954308856989,3.207,13.038697408410165,4.965,1,3,0.0,375709.32,1126,2023,3
Sorghum,2023-08-21,455024.8278965277,NGN,NGN/MT,Gap-filled,wholesale,National,,,0.6,False,Weekly gap-fill,Interpolated,historical,False,,,920.0,900.9875,289.7125,22.4,28.8,0,1,0,0,1,0,1,1,0,0,1,0,0,0,0,1,0,0,1,0,-0.8660254037844384,-0.5000000000000004,-0.8229838658936564,-0.5680647467311559,0,494.59,459868.2129708333,440006.2908574666,400282.4466307333,326818.1074088965,280855.80151939654,214837.748125,234788.19666666663,443760.9251172319,17871.385333080507,407499.2036159345,43553.56295805649,373066.9929690087,62302.452592519265,304631.63686662307,78461.87018112911,459868.2129708333,420144.3687441,459868.2129708333,286966.7069665948,-1.0532115370654571,13.675938509563235,62.01368297713539,93.80225852772969,45.671,-5.567220206046208,2.813,13.028109460929791,4.965,1,3,0.0,371752.31,1127,2023,3
Sorghum,2023-08-28,455024.8278965277,NGN,NGN/MT,Gap-filled,wholesale,National,,,0.6,False,Weekly gap-fill,Interpolated,historical,False,,,920.0,900.9875,289.7125,22.4,28.8,0,1,0,0,1,0,1,1,0,0,1,0,0,0,0,1,0,0,1,0,-0.8660254037844384,-0.5000000000000004,-0.8854560256532096,-0.4647231720437691,0,494.59,455024.8278965277,459868.2129708333,420144.3687441,343688.3549064483,286966.7069665948,214837.748125,234788.19666666663,452481.03990533884,8624.217923873997,421416.26273969444,37636.93891718432,387071.8363798365,60036.164387688885,313869.6014732203,81545.80467907156,459868.2129708333,440006.2908574666,459868.2129708333,293077.6124137931,0.0,8.302017531900475,58.56363015292092,93.80225852772969,44.162,1.0532115370654571,2.568,13.028109460929791,4.965,1,3,0.0,371752.31,1128,2023,3
Sorghum,2023-09-04,452603.135359375,NGN,NGN/MT,Gap-filled,wholesale,National,,,0.6,False,Weekly gap-fill,Interpolated,historical,False,,,920.0,900.9875,289.7125,22.4,28.8,0,1,0,0,1,1,0,0,0,0,0,0,0,0,0,1,0,0,0,0,-1.0,-1.8369701987210287e-16,-0.9350162426854148,-0.3546048870425359,0,491.96,455024.8278965277,455024.8278965277,440006.2908574666,360558.602404,293077.6124137931,215173.3959375,234896.875,455630.2510308159,3047.229618117781,432921.82935911627,29582.12755263075,400365.62995863496,54761.042068426905,323001.5145279078,83326.06344219712,459868.2129708333,452603.135359375,459868.2129708333,309947.8599113448,-0.5322110769971911,2.8628782732538216,54.431152769304504,92.68163331648196,41.061,-0.5322110769971911,2.342,13.022773149036375,4.965,1,3,0.0,369773.8,1129,2023,3
Sorghum,2023-09-11,450181.4428222222,NGN,NGN/MT,WFP Nigeria Food Prices,wholesale,National,,,0.9,True,WFP VAM data — converted to NGN/MT,WFP,historical,False,,,920.0,900.9875,289.7125,22.4,28.8,0,1,0,0,1,1,0,0,0,0,0,0,0,0,0,1,0,0,0,0,-1.0,-1.8369701987210287e-16,-0.970941817426052,-0.2393156642875577,0,489.33,452603.135359375,455024.8278965277,459868.2129708333,380420.52451736666,309947.8599113448,215509.04375,235005.5533333333,453208.55849366315,2318.5940817370033,441641.9441472232,20904.203012956168,412051.76186787477,48292.61465798774,332027.3760306855,83924.4430505878,455024.8278965277,450181.4428222222,459868.2129708333,326818.1074088965,-0.5350587187669231,-2.1064230741309142,45.244249452468786,91.56204457163706,36.497,-0.0028476417697320677,2.154,13.017408208076406,4.965,1,3,0.0,367795.3,1130,2023,3
Sorghum,2023-09-18,444215.08047583327,NGN,NGN/MT,Gap-filled,wholesale,National,,,0.6,False,Weekly gap-fill,Interpolated,historical,False,,,920.0,900.9875,289.7125,22.4,28.8,0,1,0,0,1,1,0,0,0,0,0,0,0,0,0,1,0,0,0,0,-1.0,-1.8369701987210287e-16,-0.992708874098054,-0.1205366802553235,0,482.84,450181.4428222222,452603.135359375,455024.8278965277,400282.4466307333,326818.1074088965,223483.5728125,235602.28666666665,450506.12163848954,4636.765684404012,447133.5233778607,12613.220849717927,421834.8429567862,40759.98710845083,340517.0494023522,83669.15535428583,455024.8278965277,444215.08047583327,459868.2129708333,343688.3549064483,-1.3253239202809741,-2.375639032855714,35.92119604317281,88.54446905445992,32.301,-0.790265201514051,1.955,13.004066390768388,4.965,1,3,0.0,362920.82,1131,2023,3
Sorghum,2023-09-25,438248.7181294444,NGN,NGN/MT,Gap-filled,wholesale,National,,,0.6,False,Weekly gap-fill,Interpolated,historical,False,,,920.0,900.9875,289.7125,22.4,28.8,0,1,0,0,1,1,0,0,0,0,0,0,0,0,0,1,0,0,0,0,-1.0,-1.8369701987210287e-16,-1.0,-1.8369701987210287e-16,0,476.36,444215.08047583327,450181.4428222222,455024.8278965277,420144.3687441,343688.3549064483,231458.101875,236199.02,446312.0941967187,6428.181646572842,449396.5670510288,7775.490288172169,429714.8732253692,32603.046733073206,348470.5346429078,82710.60581681985,452603.135359375,438248.7181294444,459868.2129708333,360558.602404,-1.3431246728494273,-3.686855911717013,27.513403312351215,85.54214074615739,28.077,-0.01780075256845315,1.781,12.9905441596103,4.965,1,3,0.0,358046.34,1132,2023,3
Sorghum,2023-10-02,432282.3557830555,NGN,NGN/MT,Gap-filled,wholesale,National,,,0.6,False,Weekly gap-fill,Interpolated,historical,False,,,920.0,900.9875,289.7125,22.4,28.8,0,1,0,0,0,1,0,0,0,1,0,1,0,1,1,1,1,0,0,0,-0.8660254037844386,0.5000000000000001,-0.992708874098054,0.1205366802553232,0,469.87,438248.7181294444,444215.08047583327,452603.135359375,440006.2908574666,360558.602404,239432.6309375,236795.75333333336,441231.89930263883,7702.540668338911,448431.07516672736,9414.800568819051,435691.85267362377,24285.903116334277,355887.8317523523,81174.09465496693,450181.4428222222,432282.3557830555,459868.2129708333,380420.52451736666,-1.3614101079074126,-4.489756696047731,19.892398323280112,82.55494437627813,23.981,-0.0182854350579853,1.627,12.976836568371738,4.965,1,3,0.333,353171.86,1133,2023,4
Sorghum,2023-10-09,426315.99343666655,NGN,NGN/MT,WFP Nigeria Food Prices,wholesale,National,,,0.9,True,WFP VAM data — converted to NGN/MT,WFP,historical,False,,,920.0,900.9875,289.7125,22.4,28.8,0,1,0,0,0,1,0,0,0,1,0,1,0,1,1,1,1,0,0,0,-0.8660254037844386,0.5000000000000001,-0.970941817426052,0.2393156642875573,0,463.39,432282.3557830555,438248.7181294444,450181.4428222222,459868.2129708333,380420.52451736666,247407.16,237392.4866666667,435265.5369562499,7702.540668338795,444237.04772495653,10941.526908153985,439516.4750835655,17439.011057414282,362768.9407306856,79168.6351305022,444215.08047583327,426315.99343666655,459868.2129708333,400282.4466307333,-1.3802002942223224,-5.301295681123886,12.06440398491293,79.58276583339207,19.984,-0.018790186314909807,1.488,12.962938464582939,4.965,1,3,0.333,348297.38,1134,2023,4
Sorghum,2023-10-16,432282.3557830555,NGN,NGN/MT,Gap-filled,wholesale,National,,,0.6,False,Weekly gap-fill,Interpolated,historical,False,,,920.0,900.9875,289.7125,22.4,28.8,0,1,0,0,0,1,0,0,0,1,0,1,0,1,1,1,1,0,0,0,-0.8660254037844386,0.5000000000000001,-0.9350162426854148,0.3546048870425355,0,469.87,426315.99343666655,432282.3557830555,444215.08047583327,455024.8278965277,400282.4466307333,251652.526125,238006.36433333336,432282.3557830555,4871.514456409301,441394.23871077254,10689.815120943129,442183.13417959237,12695.743087099967,369716.24187137996,76921.30710445798,438248.7181294444,426315.99343666655,459868.2129708333,420144.3687441,1.3995164240244051,-2.6862493456988767,7.9943323574822145,81.62638507331432,16.923,2.7797167182467275,1.486,12.976836568371738,4.965,1,3,0.333,353171.86,1135,2023,4
Sorghum,2023-10-23,437470.969936,NGN,NGN/MT,Gap-filled,wholesale,National,,,0.6,False,Weekly gap-fill,Interpolated,historical,False,,,920.0,900.9875,289.7125,22.4,28.8,0,1,0,0,0,1,0,0,0,1,0,1,0,1,1,1,1,0,0,0,-0.8660254037844386,0.5000000000000001,-0.8854560256532101,0.464723172043768,0,475.51,432282.3557830555,426315.99343666655,438248.7181294444,455024.8278965277,420144.3687441,255897.89225,238620.24200000003,432087.91873469437,4559.531167917801,439200.0064657065,9188.40003487001,443627.0176122506,10806.06115862255,376699.82178238,74374.7923784203,437470.969936,426315.99343666655,459868.2129708333,426315.99343666655,1.2002835839889148,-0.1774673059544818,4.123963685076371,83.33355388014398,14.704,-0.19923284003549036,1.475,12.988767914009603,4.965,1,3,0.333,357410.92,1136,2023,4
Sorghum,2023-10-30,443048.4581856666,NGN,NGN/MT,Gap-filled,wholesale,National,,,0.6,False,Weekly gap-fill,Interpolated,historical,False,,,920.0,900.9875,289.7125,22.4,28.8,0,1,0,0,0,1,0,0,0,1,0,1,0,1,1,1,1,0,0,0,-0.8660254037844386,0.5000000000000001,-0.822983865893657,0.5680647467311548,0,481.57,437470.969936,432282.3557830555,432282.3557830555,452603.135359375,440006.2908574666,260143.258375,239234.11966666667,434779.44433534716,7152.769917272372,438005.671818993,7697.328858761391,443880.5315562673,10748.929639492448,383734.6371597133,71503.91550127672,443048.4581856666,426315.99343666655,459868.2129708333,426315.99343666655,1.274939054923463,2.490525523094478,0.6913917803928582,85.19451105176034,13.302,0.07465547093454816,1.468,13.001436686555541,4.965,1,3,0.333,361967.69,1137,2023,4
Sorghum,2023-11-06,443048.4581856666,NGN,NGN/MT,Gap-filled,wholesale,National,,,0.6,False,Weekly gap-fill,Interpolated,historical,False,,,920.0,900.9875,289.7125,22.4,28.8,1,0,0,0,0,1,0,0,0,1,0,1,1,1,1,0,1,0,0,0,-0.5000000000000004,0.8660254037844384,-0.7485107481711011,0.6631226582407952,1,481.57,443048.4581856666,437470.969936,426315.99343666655,450181.4428222222,459868.2129708333,264388.6245,239234.11966666667,438962.56052259717,5171.6888687861165,437114.04873942357,6387.067983803703,442478.88532417006,9498.542546112092,390606.1692245467,68078.55467073334,443048.4581856666,432282.3557830555,455024.8278965277,426315.99343666655,0.0,3.924897260859117,-3.657516286352558,85.19451105176034,12.38,-1.274939054923463,1.405,13.001436686555541,4.965,1,3,0.667,361967.69,1138,2023,4
Sorghum,2023-11-13,454203.434685,NGN,NGN/MT,WFP Nigeria Food Prices,wholesale,National,,,0.9,True,WFP VAM data — converted to NGN/MT,WFP,historical,False,,,920.0,900.9875,289.7125,22.4,28.8,1,0,0,0,0,1,0,0,0,1,0,1,1,1,1,0,1,0,0,0,-0.5000000000000004,0.8660254037844384,-0.6631226582407955,0.7485107481711007,1,493.7,443048.4581856666,443048.4581856666,432282.3557830555,444215.08047583327,455024.8278965277,268633.990625,240461.875,444442.8302480833,7018.185474946911,438362.5930155694,8574.997041294837,442410.43588987616,9402.386419938563,397743.45553454664,64408.129213783206,454203.434685,437470.969936,455024.8278965277,426315.99343666655,2.5177779751258456,5.071009401305693,-0.1805161303669589,88.88792025139121,11.741,2.5177779751258456,1.456,13.026302672333363,4.965,1,3,0.667,371081.24,1139,2023,4
Sorghum,2023-11-20,439897.731398125,NGN,NGN/MT,Gap-filled,wholesale,National,,,0.6,False,Weekly gap-fill,Interpolated,historical,False,,,920.0,900.9875,289.7125,22.4,28.8,1,0,0,0,0,1,0,0,0,1,0,1,1,1,1,0,1,0,0,0,-0.5000000000000004,0.8660254037844384,-0.5680647467311559,0.8229838658936564,1,478.15,454203.434685,443048.4581856666,437470.969936,438248.7181294444,455024.8278965277,274744.8960721983,237878.3640625,445049.5206136145,6280.75305008469,438568.7196741545,8591.672019015825,441149.84451500926,8531.094382961723,404095.4876624669,59769.376422461515,454203.434685,439897.731398125,454203.434685,426315.99343666655,-3.1496246383069026,0.5547251426717636,-3.324455188155706,84.9254904420591,10.135,-5.667402613432748,1.254,12.994299823491154,4.965,1,3,0.667,359393.57,1140,2023,4
Sorghum,2023-11-27,425592.02811125,NGN,NGN/MT,Gap-filled,wholesale,National,,,0.6,False,Weekly gap-fill,Interpolated,historical,False,,,920.0,900.9875,289.7125,22.4,28.8,1,0,0,0,0,1,0,0,0,1,0,1,1,1,1,0,1,0,0,0,-0.5000000000000004,0.8660254037844384,-0.4647231720437684,0.88545602565321,1,462.6,439897.731398125,454203.434685,443048.4581856666,432282.3557830555,452603.135359375,280855.80151939654,235294.853125,440685.41309501044,11786.314133091224,437732.4287151788,9561.820575148286,438898.91891099885,8793.815348770386,409662.2656083075,54324.14767843692,454203.434685,425592.02811125,454203.434685,425592.02811125,-3.2520520716047385,-3.9400724123728192,-5.967945234554694,80.87604656832632,7.573,-0.10242743329783588,1.063,12.961238835557845,4.965,1,3,0.667,347705.91,1141,2023,4
Sorghum,2023-12-04,420805.9643788,NGN,NGN/MT,Gap-filled,wholesale,National,,,0.6,False,Weekly gap-fill,Interpolated,historical,False,,,920.0,900.9875,289.7125,22.4,28.8,1,0,0,0,0,0,0,0,0,1,0,1,1,1,1,0,0,0,0,1,-2.4492935982947064e-16,1.0,-0.3546048870425359,0.9350162426854148,1,457.4,425592.02811125,439897.731398125,443048.4581856666,426315.99343666655,450181.4428222222,286966.7069665948,232711.3421875,435124.78964329377,15085.069539167433,437043.67508294544,10639.374558109486,436450.9623740469,9432.982925912725,414809.9293549307,48232.29123454348,454203.434685,420805.9643788,454203.434685,420805.9643788,-1.1245661140999896,-5.020329807252255,-6.525253075574378,80.8274407354621,4.897,2.127485957504749,0.976,12.94992949059853,4.965,1,3,0.667,343795.72,1142,2023,4
Sorghum,2023-12-11,396980.6215375,NGN,NGN/MT,WFP Nigeria Food Prices,wholesale,National,,,0.9,True,WFP VAM data — converted to NGN/MT,WFP,historical,False,,,920.0,900.9875,289.7125,22.4,28.8,1,0,0,0,0,0,0,0,0,1,0,1,1,1,1,0,0,0,0,1,-2.4492935982947064e-16,1.0,-0.2393156642875578,0.970941817426052,1,431.5,420805.9643788,425592.02811125,454203.434685,432282.3557830555,444215.08047583327,293077.6124137931,230127.83125,420819.0863564188,17842.348936651983,432630.958302251,17804.395844569983,432514.75746251916,14430.065212082289,418806.1989366117,41589.7827539075,439897.731398125,396980.6215375,454203.434685,396980.6215375,-5.6618358241360305,-12.598498553227644,-10.633240746292715,72.50439435386633,0.481,-4.537269710036041,0.7,12.891645265241333,4.965,1,3,0.667,324330.57,1143,2023,4
Sorghum,2023-12-18,420805.9643788,NGN,NGN/MT,Gap-filled,wholesale,National,,,0.6,False,Weekly gap-fill,Interpolated,historical,False,,,920.0,900.9875,289.7125,22.4,28.8,1,0,0,0,0,0,0,0,0,1,0,1,1,1,1,0,0,0,0,1,-2.4492935982947064e-16,1.0,-0.1205366802553236,0.992708874098054,1,457.4,396980.6215375,420805.9643788,439897.731398125,437470.969936,438248.7181294444,309947.8599113448,229503.6859375,416046.14460158756,12909.038568777543,430547.83260760107,18129.15980689724,431061.1946499655,14676.381751958577,423069.97218536003,35170.40688088736,425592.02811125,396980.6215375,454203.434685,396980.6215375,6.0016387573339935,-4.340046710094569,-3.980103769634391,83.35477387208358,-1.66,11.663474581470023,0.911,12.94992949059853,4.965,1,3,0.667,343795.72,1144,2023,4
Sorghum,2023-12-25,444631.3072201,NGN,NGN/MT,Gap-filled,wholesale,National,,,0.6,False,Weekly gap-fill,Interpolated,historical,False,,,920.0,900.9875,289.7125,22.4,28.8,1,0,0,0,0,0,0,0,0,1,0,1,1,1,1,0,0,0,0,1,-2.4492935982947064e-16,1.0,6.432490598706546e-16,1.0,1,483.29,420805.9643788,396980.6215375,425592.02811125,443048.4581856666,432282.3557830555,326818.1074088965,228879.540625,420805.9643788,19453.310969353864,430745.6887369052,18292.974795426715,432090.27393638593,15193.619070762255,427601.2491011755,29387.45546455507,444631.3072201,396980.6215375,454203.434685,396980.6215375,5.661835824136041,4.473598622921826,2.856686439277656,94.26433048840799,-1.589,-0.3398029331979524,1.116,13.005002943684392,4.965,1,3,0.667,363260.87,1145,2023,4
Sorghum,2024-01-01,468456.6500614,NGN,NGN/MT,Gap-filled,wholesale,National,,,0.6,False,Weekly gap-fill,Interpolated,historical,False,,,1500.0,900.9875,289.7125,29.9,37.9,1,0,0,0,0,0,0,0,0,1,0,0,1,0,0,0,0,0,0,1,0.4999999999999999,0.8660254037844387,0.120536680255323,0.992708874098054,1,312.3,444631.3072201,420805.9643788,420805.9643788,443048.4581856666,426315.99343666655,343688.3549064483,228255.3953125,432718.63579945,30758.38534734673,433921.71272137185,22464.23166207535,435601.99532178027,18291.804964008723,432400.02968405833,24995.693845433936,468456.6500614,396980.6215375,468456.6500614,396980.6215375,5.358449226227346,11.323671648272061,9.884840651889327,105.2335496473348,0.074,-0.3033865979086947,1.31,13.05720098182855,4.965,1,3,0.333,360628.68,1146,2024,1
Sorghum,2024-01-08,492281.9929027,NGN,NGN/MT,Gap-filled,wholesale,National,,,0.6,False,Weekly gap-fill,Interpolated,historical,False,,,1500.0,900.9875,289.7125,29.9,37.9,1,0,0,0,0,0,0,0,0,1,0,0,1,0,0,0,0,0,0,1,0.4999999999999999,0.8660254037844387,0.2393156642875577,0.970941817426052,1,328.19,468456.6500614,444631.3072201,396980.6215375,454203.434685,432282.3557830555,360558.602404,227631.25,456543.97864075,30758.385347346848,438681.5324985844,30108.895011542376,440601.96508175065,24461.65304224939,437466.3139340083,23131.73445897737,492281.9929027,420805.9643788,492281.9929027,396980.6215375,5.085922643680507,24.006555029335995,13.879733076534784,116.26292211754756,4.361,-0.27252658254683926,1.491,13.106809018943382,4.965,1,3,0.333,378969.97,1147,2024,1
Sorghum,2024-01-15,516107.3357439999,NGN,NGN/MT,WFP Nigeria Food Prices,wholesale,National,,,0.9,True,WFP VAM data — converted to NGN/MT,WFP,historical,False,,,1500.0,900.9875,289.7125,29.9,37.9,1,0,0,0,0,0,0,0,0,1,0,0,1,0,0,0,0,0,0,1,0.4999999999999999,0.8660254037844387,0.3546048870425356,0.9350162426854148,1,344.07,492281.9929027,468456.6500614,420805.9643788,439897.731398125,437470.969936,380420.52451736666,224938.2905,480369.32148204994,30758.385347346943,448207.7330418187,40731.01101096552,447154.9955657507,32694.242655666236,442685.03744272504,24979.195140433738,516107.3357439999,444631.3072201,516107.3357439999,396980.6215375,4.839775410190361,22.647343296544097,17.97521920586047,129.4439664304286,8.513,-0.246147233490146,1.658,13.154071975418903,4.965,1,3,0.333,397311.27,1148,2024,1
Sorghum,2024-01-22,511970.9139545,NGN,NGN/MT,Gap-filled,wholesale,National,,,0.6,False,Weekly gap-fill,Interpolated,historical,False,,,1500.0,900.9875,289.7125,29.9,37.9,1,0,0,0,0,0,0,0,0,1,0,0,1,0,0,0,0,0,0,1,0.4999999999999999,0.8660254037844387,0.4647231720437685,0.8854560256532099,1,341.31,516107.3357439999,492281.9929027,444631.3072201,425592.02811125,443048.4581856666,400282.4466307333,222245.331,497204.22316565,21802.401489661876,459005.09377222497,45094.6875972965,452898.5335464868,37594.03895686433,446980.7477244083,26923.429518250032,516107.3357439999,468456.6500614,516107.3357439999,396980.6215375,-0.8014654129139709,15.14504391411775,15.556414765797545,130.36295595091713,11.236,-5.641240823104332,1.549,13.146025046959407,4.965,1,3,0.333,394126.95,1149,2024,1
Sorghum,2024-01-29,511970.9139545,NGN,NGN/MT,Gap-filled,wholesale,National,,,0.6,False,Weekly gap-fill,Interpolated,historical,False,,,1500.0,900.9875,289.7125,29.9,37.9,1,0,0,0,0,0,0,0,0,1,0,0,1,0,0,0,0,0,0,1,0.4999999999999999,0.8660254037844387,0.5680647467311558,0.8229838658936564,1,341.31,511970.9139545,516107.3357439999,468456.6500614,420805.9643788,443048.4581856666,420144.3687441,219552.3715,508082.78913892497,10712.820031453952,470400.7124691875,45578.87913709488,458642.0715272229,41057.711949726516,450512.5379248082,29189.72065843322,516107.3357439999,492281.9929027,516107.3357439999,396980.6215375,0.0,9.28885605261376,15.556414765797545,133.1885146385221,12.779,0.8014654129139709,1.488,13.146025046959407,4.965,1,3,0.333,394126.95,1150,2024,1
Sorghum,2024-02-05,511970.9139545,NGN,NGN/MT,Gap-filled,wholesale,National,,,0.6,False,Weekly gap-fill,Interpolated,historical,False,,,1500.0,900.9875,289.7125,29.9,37.9,1,0,0,0,0,0,0,0,1,1,0,0,1,0,0,0,0,0,0,0,0.8660254037844386,0.5000000000000001,0.6631226582407952,0.7485107481711011,1,341.31,511970.9139545,511970.9139545,492281.9929027,396980.6215375,454203.434685,440006.2908574666,216859.412,513005.019401875,2068.2108947711267,484774.4990213125,36305.77589644678,463456.0281330146,43785.911614665994,453280.40804392495,31476.05873027775,516107.3357439999,511970.9139545,516107.3357439999,396980.6215375,0.0,3.999520871300999,12.718415330690537,136.0842488840189,13.176,0.0,1.433,13.146025046959407,4.965,1,3,0.333,394126.95,1151,2024,1
Sorghum,2024-02-12,507834.49216500006,NGN,NGN/MT,WFP Nigeria Food Prices,wholesale,National,,,0.9,True,WFP VAM data — converted to NGN/MT,WFP,historical,False,,,1500.0,900.9875,289.7125,29.9,37.9,1,0,0,0,0,0,0,0,1,1,0,0,1,0,0,0,0,0,0,0,0.8660254037844386,0.5000000000000001,0.7485107481711011,0.6631226582407953,1,338.56,511970.9139545,511970.9139545,516107.3357439999,420805.9643788,439897.731398125,459868.2129708333,214166.4525,510936.808507125,2068.210894771059,495653.0649945875,25966.488905341357,469117.4248635874,44842.25319200896,455125.2649360084,33234.208177462446,511970.9139545,507834.49216500006,516107.3357439999,396980.6215375,-0.8079407788129878,-1.6029308258279418,15.443762474280543,137.12140077821013,12.263,-0.8079407788129878,1.344,13.137912839794096,4.965,1,3,0.333,390942.64,1152,2024,1
Sorghum,2024-02-19,533306.7108448027,NGN,NGN/MT,Gap-filled,wholesale,National,,,0.6,False,Weekly gap-fill,Interpolated,historical,False,,,1500.0,900.9875,289.7125,29.9,37.9,1,0,0,0,0,0,0,0,1,1,0,0,1,0,0,0,0,0,0,0,0.8660254037844386,0.5000000000000001,0.8229838658936564,0.5680647467311559,1,355.54,507834.49216500006,511970.9139545,511970.9139545,444631.3072201,425592.02811125,455024.8278965277,214837.748125,516270.75772970065,11523.477313737003,506737.49044767534,19091.775345543618,478093.64842471684,46100.7173913773,458136.10658786504,36600.24528475037,533306.7108448027,507834.49216500006,533306.7108448027,396980.6215375,5.015850453798332,4.167384573764843,25.309375086648945,148.23696743204852,12.689,5.8237912326113195,1.544,13.186853855221843,4.965,1,3,0.333,410551.74,1153,2024,1
Sorghum,2024-02-26,558778.9295246053,NGN,NGN/MT,Gap-filled,wholesale,National,,,0.6,False,Weekly gap-fill,Interpolated,historical,False,,,1500.0,900.9875,289.7125,29.9,37.9,1,0,0,0,0,0,0,0,1,1,0,0,1,0,0,0,0,0,0,0,0.8660254037844386,0.5000000000000001,0.8854560256532099,0.4647231720437686,1,372.52,533306.7108448027,507834.49216500006,511970.9139545,468456.6500614,420805.9643788,455024.8278965277,214837.748125,527972.761622227,23374.345057860763,518027.77538057603,19909.06315691634,489591.3955202007,47692.094987781034,462126.64895817573,41566.67486703161,558778.9295246053,507834.49216500006,558778.9295246053,396980.6215375,4.776279420795682,9.14270992634265,32.78778744248147,160.0934586223127,14.248,-0.23957103300265015,1.733,13.233510988620061,4.965,1,3,0.333,430160.84,1154,2024,1
Sorghum,2024-03-04,584251.1482044079,NGN,NGN/MT,Gap-filled,wholesale,National,,,0.6,False,Weekly gap-fill,Interpolated,historical,False,,,1500.0,900.9875,289.7125,29.9,37.9,1,0,0,1,0,0,0,0,1,1,0,0,0,0,0,0,0,0,0,0,1.0,6.123233995736766e-17,0.9350162426854148,0.3546048870425355,0,389.5,558778.9295246053,533306.7108448027,511970.9139545,492281.9929027,396980.6215375,452603.135359375,215173.3959375,546042.8201847039,32884.49291261101,529523.9197932895,27877.26844685209,505197.272742443,45207.69005541474,467190.03406760003,47896.481250500925,584251.1482044079,507834.49216500006,584251.1482044079,420805.9643788,4.558550319976051,14.118035278920482,47.17371995177295,171.5257365618338,16.878,-0.21772910081963026,1.908,13.278087929252553,4.965,1,3,0.333,449769.94,1155,2024,1
Sorghum,2024-03-11,609723.3668842105,NGN,NGN/MT,WFP Nigeria Food Prices,wholesale,National,,,0.9,True,WFP VAM data — converted to NGN/MT,WFP,historical,False,,,1500.0,900.9875,289.7125,29.9,37.9,1,0,0,1,0,0,0,0,1,1,0,0,0,0,0,0,0,1,0,0,1.0,6.123233995736766e-17,0.970941817426052,0.239315664287558,0,406.48,584251.1482044079,558778.9295246053,507834.49216500006,516107.3357439999,420805.9643788,450181.4428222222,215509.04375,571515.0388645066,32884.49291261108,541225.9236858159,38907.30026566286,520940.38961789384,46034.3254572734,473326.2619161381,55280.845179758115,609723.3668842105,533306.7108448027,609723.3668842105,444631.3072201,4.359806353498308,20.063401815193327,44.89418366117817,182.92240375374521,20.744,-0.1987439664777435,2.066,13.320762276464233,4.965,1,3,0.333,469379.04,1156,2024,1
Sorghum,2024-03-18,584251.1482044079,NGN,NGN/MT,Gap-filled,wholesale,National,,,0.6,False,Weekly gap-fill,Interpolated,historical,False,,,1500.0,900.9875,289.7125,29.9,37.9,1,0,0,1,0,0,0,0,1,1,0,0,0,0,0,0,0,1,0,0,1.0,6.123233995736766e-17,0.992708874098054,0.120536680255323,0,389.5,609723.3668842105,584251.1482044079,533306.7108448027,511970.9139545,444631.3072201,444215.08047583327,223483.5728125,584251.1482044079,20797.97946070449,550260.9529670543,39530.65070356404,532575.3763665861,42502.88912112333,478712.26452108327,59026.07253827844,609723.3668842105,558778.9295246053,609723.3668842105,468456.6500614,-4.177668113651267,9.552558841591342,31.401261835841375,161.42912467870175,22.046,-8.537474467149575,1.746,13.278087929252553,4.965,1,3,0.333,449769.94,1157,2024,1
Sorghum,2024-03-25,576809.7014105263,NGN,NGN/MT,Gap-filled,wholesale,National,,,0.6,False,Weekly gap-fill,Interpolated,historical,False,,,1500.0,900.9875,289.7125,29.9,37.9,1,0,0,1,0,0,0,0,1,1,0,0,0,0,0,0,0,1,0,0,1.0,6.123233995736766e-17,1.0,-1.6081226496766364e-16,0,384.54,584251.1482044079,609723.3668842105,558778.9295246053,511970.9139545,468456.6500614,438248.7181294444,231458.101875,588758.8411758882,14409.856246768706,558365.8013990576,37132.78648852399,541604.7973123466,39008.799191245766,484041.5331088172,61432.66584622791,609723.3668842105,576809.7014105263,609723.3668842105,492281.9929027,-1.273672600687492,3.2268167128744585,23.129792550692695,149.2069608874763,21.634,2.9039955129637747,1.615,13.265269417850337,4.965,1,3,0.333,444041.34,1158,2024,1
Sorghum,2024-04-01,560352.8686736842,NGN,NGN/MT,Gap-filled,wholesale,National,,,0.6,False,Weekly gap-fill,Interpolated,historical,False,,,1460.0,900.9875,289.7125,33.7,40.5,0,1,1,1,0,0,0,0,1,0,0,0,0,0,0,0,0,1,0,0,0.8660254037844387,-0.4999999999999998,0.992708874098054,-0.1205366802553228,0,383.8,576809.7014105263,584251.1482044079,584251.1482044079,511970.9139545,492281.9929027,432282.3557830555,239432.6309375,582784.2712932072,20548.559624268008,564413.5457389556,32095.32228794796,547277.3702932621,36019.14224916843,488967.32206614903,62245.60064918811,609723.3668842105,560352.8686736842,609723.3668842105,507834.49216500006,-2.8530783543686433,-4.0904120777803925,13.827618469164381,134.0336262770947,19.187,-1.5794057536811512,1.405,13.236323771487188,4.965,1,3,0.333,419112.09,1159,2024,2
Sorghum,2024-04-08,554365.5983894737,NGN,NGN/MT,Gap-filled,wholesale,National,,,0.6,False,Weekly gap-fill,Interpolated,historical,False,,,1460.0,900.9875,289.7125,33.7,40.5,0,1,1,1,0,0,0,0,1,0,0,0,0,0,0,0,0,1,0,0,0.8660254037844387,-0.4999999999999998,0.970941817426052,-0.2393156642875575,0,379.7,560352.8686736842,576809.7014105263,609723.3668842105,507834.49216500006,516107.3357439999,426315.99343666655,247407.16,568944.829169523,13934.553850832343,570229.9340170148,23421.287481919444,550465.5588470516,34677.55635292307,493892.3068720262,62155.92432349042,584251.1482044079,554365.5983894737,609723.3668842105,507834.49216500006,-1.0684821331212069,-9.07916138717535,7.412850001506421,124.07015156290294,15.196,1.7845962212474364,1.304,13.2255814768276,4.965,1,3,0.333,414633.96,1160,2024,2
Sorghum,2024-04-15,527439.2032,NGN,NGN/MT,WFP Nigeria Food Prices,wholesale,National,,,0.9,True,WFP VAM data — converted to NGN/MT,WFP,historical,False,,,1460.0,900.9875,289.7125,33.7,40.5,0,1,1,1,0,0,0,0,1,0,0,0,0,0,0,0,0,0,0,0,0.8660254037844387,-0.4999999999999998,0.9350162426854148,-0.3546048870425354,0,361.26,554365.5983894737,560352.8686736842,584251.1482044079,533306.7108448027,511970.9139545,432282.3557830555,251652.526125,554741.842918421,20526.809169096567,569496.4955614145,24794.341894469802,551754.5829508431,33379.76854869742,497552.18561883183,61176.897230659546,576809.7014105263,527439.2032,609723.3668842105,507834.49216500006,-4.857154785163353,-9.723891031966192,3.02132188057751,109.59026770826537,11.494,-3.7886726520421465,0.994,13.175790779044197,4.965,1,3,0.333,394494.54,1161,2024,2
Sorghum,2024-04-22,554365.5983894737,NGN,NGN/MT,Gap-filled,wholesale,National,,,0.6,False,Weekly gap-fill,Interpolated,historical,False,,,1460.0,900.9875,289.7125,33.7,40.5,0,1,1,1,0,0,0,0,1,0,0,0,0,0,0,0,0,0,0,0,0.8660254037844387,-0.4999999999999998,0.8854560256532099,-0.4647231720437685,0,379.7,527439.2032,554365.5983894737,576809.7014105263,558778.9295246053,511970.9139545,437470.969936,255897.89225,549130.8171631579,14733.93391015663,568944.829169523,25113.908698653024,555287.4733204243,30940.705378424518,502048.1328670423,60879.4803456342,560352.8686736842,527439.2032,609723.3668842105,507834.49216500006,5.105118282090149,-3.891075855029469,8.280682218353807,116.63546874699735,9.378,9.962273067253502,1.245,13.2255814768276,4.965,1,3,0.333,414633.96,1162,2024,2
Sorghum,2024-04-29,581291.9935789474,NGN,NGN/MT,Gap-filled,wholesale,National,,,0.6,False,Weekly gap-fill,Interpolated,historical,False,,,1460.0,900.9875,289.7125,33.7,40.5,0,1,1,1,0,0,0,0,1,0,0,0,0,0,0,0,0,0,0,0,0.8660254037844387,-0.4999999999999998,0.8229838658936565,-0.5680647467311557,0,398.15,554365.5983894737,527439.2032,560352.8686736842,584251.1482044079,511970.9139545,443048.4581856666,260143.258375,554365.5983894737,21985.30960891593,568574.9348413405,24876.935281252747,561064.2299557949,28492.518147659688,507365.19192063005,61553.6699102234,581291.9935789474,527439.2032,609723.3668842105,507834.49216500006,4.857154785163331,3.736774820984601,13.540042556130082,123.45072373200124,9.264,-0.2479634969268174,1.494,13.273010200595898,4.965,1,3,0.333,434773.37,1163,2024,2
Sorghum,2024-05-06,608218.388768421,NGN,NGN/MT,Gap-filled,wholesale,National,,,0.6,False,Weekly gap-fill,Interpolated,historical,False,,,1460.0,900.9875,289.7125,33.7,40.5,0,1,1,1,0,0,0,0,1,0,1,0,0,0,0,0,0,0,0,0,0.4999999999999999,-0.8660254037844387,0.7485107481711013,-0.663122658240795,0,416.59,581291.9935789474,554365.5983894737,554365.5983894737,609723.3668842105,507834.49216500006,443048.4581856666,264388.6245,567828.7959842106,34761.82671407832,568386.8125768668,24524.507342377234,569429.5546727468,26077.550970746983,513717.8815584282,63152.76993292214,608218.388768421,527439.2032,609723.3668842105,527439.2032,4.632163437120629,9.714309570326662,19.767049728242036,130.0471095980989,10.533,-0.22499134804270238,1.735,13.318290932652532,4.965,1,3,0.333,454912.78,1164,2024,2
Sorghum,2024-05-13,635144.7839578948,NGN,NGN/MT,WFP Nigeria Food Prices,wholesale,National,,,0.9,True,WFP VAM data — converted to NGN/MT,WFP,historical,False,,,1460.0,900.9875,289.7125,33.7,40.5,0,1,1,1,0,0,0,0,1,0,1,0,0,0,0,0,0,0,0,0,0.4999999999999999,-0.8660254037844387,0.6631226582407952,-0.7485107481711012,0,435.03,608218.388768421,581291.9935789474,527439.2032,584251.1482044079,533306.7108448027,454203.434685,268633.990625,594755.1911736843,34761.8267140785,574748.5170460527,33998.612473126894,577916.0607655044,29587.78525120181,520677.16422277037,66226.91597815408,635144.7839578948,554365.5983894737,635144.7839578948,527439.2032,4.427093242609281,20.420473128360506,19.095591906535738,136.4350030612939,14.227,-0.20507019451134756,1.963,13.36160983256119,4.965,1,3,0.333,475052.19,1165,2024,2
Sorghum,2024-05-20,662280.1150096711,NGN,NGN/MT,Gap-filled,wholesale,National,,,0.6,False,Weekly gap-fill,Interpolated,historical,False,,,1460.0,900.9875,289.7125,33.7,40.5,0,1,1,1,0,0,0,0,1,0,1,0,0,0,0,0,0,0,0,0,0.4999999999999999,-0.8660254037844387,0.5680647467311558,-0.8229838658936564,0,453.62,635144.7839578948,608218.388768421,554365.5983894737,576809.7014105263,558778.9295246053,439897.731398125,274744.8960721983,621733.8203287337,34842.80987012796,585432.3187459458,46036.82184895058,586541.1595559266,37523.52389856796,529230.3328232145,69648.86643233329,662280.1150096711,581291.9935789474,662280.1150096711,527439.2032,4.272306368113887,19.46630832319094,18.522743077145364,141.05274546597406,17.479,-0.15478687449539397,2.171,13.403445389812676,4.965,1,3,0.333,495347.88,1166,2024,2
Sorghum,2024-05-27,689415.4460614474,NGN,NGN/MT,Gap-filled,wholesale,National,,,0.6,False,Weekly gap-fill,Interpolated,historical,False,,,1460.0,900.9875,289.7125,33.7,40.5,0,1,1,1,0,0,0,0,1,0,1,0,0,0,0,0,0,0,0,0,0.4999999999999999,-0.8660254037844387,0.464723172043769,-0.8854560256532096,0,472.2,662280.1150096711,635144.7839578948,581291.9935789474,560352.8686736842,584251.1482044079,425592.02811125,280855.80151939654,648764.6834493586,34950.70369209208,601565.1409194162,57242.70521435439,595304.8510440132,47810.621217732085,539377.3873597605,73079.5338168881,689415.4460614474,608218.388768421,689415.4460614474,527439.2032,4.097258914587831,18.600540464491246,17.999844447074388,145.4695407151256,20.28,-0.175047453526056,2.351,13.443600788396038,4.965,1,3,0.333,515643.56,1167,2024,2
Sorghum,2024-06-03,716550.7771132237,NGN,NGN/MT,Gap-filled,wholesale,National,,,0.6,False,Weekly gap-fill,Interpolated,historical,False,,,1460.0,900.9875,289.7125,33.7,40.5,0,1,1,0,0,0,0,1,0,0,1,0,0,0,0,0,0,0,1,0,1.2246467991473532e-16,-1.0,0.3546048870425358,-0.9350162426854148,0,490.79,689415.4460614474,662280.1150096711,608218.388768421,554365.5983894737,609723.3668842105,420805.9643788,286966.7069665948,675847.7805355592,35031.56175245337,621838.2882598849,66163.20383604938,604207.1352297643,59303.59757456078,550752.1878495461,76806.93875441264,716550.7771132237,635144.7839578948,716550.7771132237,527439.2032,3.9359911656748237,17.811429306529924,17.52063575567382,149.6982262115291,22.714,-0.16126774891300766,2.5,13.48220578757975,4.965,1,3,0.333,535939.25,1168,2024,2
Sorghum,2024-06-10,743686.108165,NGN,NGN/MT,WFP Nigeria Food Prices,wholesale,National,,,0.9,True,WFP VAM data — converted to NGN/MT,WFP,historical,False,,,1460.0,900.9875,289.7125,33.7,40.5,0,1,1,0,0,0,0,1,0,0,1,0,0,0,0,0,0,0,1,0,1.2246467991473532e-16,-1.0,0.2393156642875576,-0.970941817426052,0,509.37,716550.7771132237,689415.4460614474,635144.7839578948,527439.2032,584251.1482044079,396980.6215375,293077.6124137931,702983.1115873356,35031.561752453454,648869.1513805098,66260.68675000133,617493.3818931469,71110.62687892403,564087.0142582961,79104.28346017525,743686.108165,662280.1150096711,743686.108165,527439.2032,3.7869376349149553,17.089225472455528,27.288771352968165,153.75056867700886,24.623,-0.14905353075986838,2.616,13.51937567181612,4.965,1,3,0.333,556234.94,1169,2024,2
Sorghum,2024-06-17,758317.908348,NGN,NGN/MT,Gap-filled,wholesale,National,,,0.6,False,Weekly gap-fill,Interpolated,historical,False,,,1460.0,900.9875,289.7125,33.7,40.5,0,1,1,0,0,0,0,1,0,0,1,0,0,0,0,0,0,0,1,0,1.2246467991473532e-16,-1.0,0.120536680255323,-0.992708874098054,0,519.4,743686.108165,716550.7771132237,662280.1150096711,554365.5983894737,576809.7014105263,420805.9643788,309947.8599113448,726992.5599219177,30446.796882795832,674363.1901253257,63899.352826696406,632619.0658046032,80371.2315301481,577068.242872496,82280.50870122822,758317.908348,689415.4460614474,758317.908348,527439.2032,1.9674698804181157,14.501083629383405,31.46760647291731,144.65983038724758,25.98,-1.8194677544968396,2.586,13.538859299559476,4.965,1,3,0.333,567178.69,1170,2024,2
Sorghum,2024-06-24,772949.7085310001,NGN,NGN/MT,Gap-filled,wholesale,National,,,0.6,False,Weekly gap-fill,Interpolated,historical,False,,,1460.0,900.9875,289.7125,33.7,40.5,0,1,1,0,0,0,0,1,0,0,1,0,0,0,0,0,0,0,1,0,1.2246467991473532e-16,-1.0,-3.216245299353273e-16,-1.0,0,529.42,758317.908348,743686.108165,689415.4460614474,581291.9935789474,560352.8686736842,444631.3072201,326818.1074088965,747876.125539306,24059.29544464519,698320.4044943323,59818.009786699804,650335.469126046,86212.59036657418,589695.873692146,86240.63448370446,772949.7085310001,716550.7771132237,772949.7085310001,527439.2032,1.9295074034154869,12.116679854908163,37.9398146672324,136.5076141769369,26.824,-0.03796247700262878,2.547,13.557970559082317,4.965,1,3,0.333,578122.44,1171,2024,2
Sorghum,2024-07-01,787581.508714,NGN,NGN/MT,Gap-filled,wholesale,National,,,0.6,False,Weekly gap-fill,Interpolated,historical,False,,,1580.0,900.9875,289.7125,33.4,39.5,0,1,1,0,0,0,1,1,0,0,1,0,0,0,0,0,0,0,1,0,-0.4999999999999997,-0.8660254037844388,-0.1205366802553228,-0.992708874098054,0,498.47,772949.7085310001,758317.908348,716550.7771132237,608218.388768421,554365.5983894737,468456.6500614,343688.3549064483,765633.8084394999,18889.572811268386,720740.7944875296,54609.18349372273,669770.1283197566,88857.6520839205,601969.906717246,90879.92122597428,787581.508714,743686.108165,787581.508714,527439.2032,1.892982172256441,9.912867848240792,42.06897235363416,129.1557154819456,27.188,-0.03652523115904582,2.501,13.57672341716378,4.965,0,0,0.333,590390.94,1172,2024,3
Sorghum,2024-07-08,802213.308897,NGN,NGN/MT,Gap-filled,wholesale,National,,,0.6,False,Weekly gap-fill,Interpolated,historical,False,,,1580.0,900.9875,289.7125,33.4,39.5,0,1,1,0,0,0,1,1,0,0,1,0,0,0,0,0,0,0,1,0,-0.4999999999999997,-0.8660254037844388,-0.2393156642875574,-0.970941817426052,0,507.73,787581.508714,772949.7085310001,743686.108165,635144.7839578948,527439.2032,492281.9929027,360558.602404,780265.6086225001,18889.57281126844,741624.3601049178,48839.74893963136,692667.9704611733,84123.21883118266,613890.341947796,96093.80157997474,802213.308897,758317.908348,802213.308897,554365.5983894737,1.8578140828739764,7.86987952167244,52.09588214716157,122.49179566048274,27.102,-0.03516808938246463,2.452,13.595131069228321,4.965,0,0,0.333,601359.3,1173,2024,3
Sorghum,2024-07-15,816845.1090800001,NGN,NGN/MT,WFP Nigeria Food Prices,wholesale,National,,,0.9,True,WFP VAM data — converted to NGN/MT,WFP,historical,False,,,1580.0,900.9875,289.7125,33.4,39.5,0,1,1,0,0,0,1,1,0,0,1,0,0,0,0,0,0,0,1,0,-0.4999999999999997,-0.8660254037844388,-0.3546048870425356,-0.9350162426854148,0,516.99,802213.308897,787581.508714,758317.908348,662280.1150096711,554365.5983894737,516107.3357439999,380420.52451736666,794897.4088055,18889.572811268492,760944.984363709,43216.41091735911,714541.263018717,78852.56663771912,625457.1793837959,101784.28244413431,816845.1090800001,772949.7085310001,816845.1090800001,581291.9935789474,1.8239288753658212,7.718029613661881,47.34772710519446,114.72161895479172,27.091,-0.03388520750815527,2.399,13.61320599512079,4.965,0,0,0.333,612327.67,1174,2024,3
Sorghum,2024-07-22,839250.086675,NGN,NGN/MT,Gap-filled,wholesale,National,,,0.6,False,Weekly gap-fill,Interpolated,historical,False,,,1580.0,900.9875,289.7125,33.4,39.5,0,1,1,0,0,0,1,1,0,0,1,0,0,0,0,0,0,0,1,0,-0.4999999999999997,-0.8660254037844388,-0.464723172043768,-0.8854560256532101,0,531.17,816845.1090800001,802213.308897,772949.7085310001,689415.4460614474,581291.9935789474,511970.9139545,400282.4466307333,811472.5033415001,22037.629442415393,779674.3144404029,40147.08487072308,736037.7707767215,74251.85927328539,638044.8398730461,107277.13632870922,839250.086675,787581.508714,839250.086675,608218.388768421,2.742867325267362,8.577579810464586,44.376680901423505,109.66447410800933,27.181,0.9189384499015407,2.399,13.640265209658244,4.965,0,0,0.333,629123.0,1175,2024,3
Sorghum,2024-07-29,861655.06427,NGN,NGN/MT,Gap-filled,wholesale,National,,,0.6,False,Weekly gap-fill,Interpolated,historical,False,,,1580.0,900.9875,289.7125,33.4,39.5,0,1,1,0,0,0,1,1,0,0,1,0,0,0,0,0,0,0,1,0,-0.4999999999999997,-0.8660254037844388,-0.5680647467311556,-0.8229838658936565,0,545.35,839250.086675,816845.1090800001,787581.508714,716550.7771132237,608218.388768421,511970.9139545,420144.3687441,829990.8922305,26030.483560613193,797812.350335,40332.324105640415,757157.4937351864,70540.84715733696,651494.2302697961,112625.65577654217,861655.06427,802213.308897,861655.06427,635144.7839578948,2.6696425714730188,9.405192318056166,41.66869666909643,105.08547260687284,27.398,-0.07322475379434312,2.387,13.666611472658612,4.965,0,0,0.333,645918.34,1176,2024,3
Sorghum,2024-08-05,884060.041865,NGN,NGN/MT,Gap-filled,wholesale,National,,,0.6,False,Weekly gap-fill,Interpolated,historical,False,,,1580.0,900.9875,289.7125,33.4,39.5,0,1,0,0,1,0,1,1,0,0,1,0,0,0,0,1,0,0,1,0,-0.8660254037844384,-0.5000000000000004,-0.663122658240795,-0.7485107481711013,0,559.53,861655.06427,839250.086675,802213.308897,743686.108165,635144.7839578948,511970.9139545,440006.2908574666,850452.5754725001,28924.701699197645,815359.0920475001,43806.03940643022,777900.4318941119,67950.54609954118,665805.3505740461,117712.96396426212,884060.041865,816845.1090800001,884060.041865,662280.1150096711,2.600225835611103,10.202614698643542,39.190317577040254,100.91986415516456,27.733,-0.06941673586191577,2.367,13.692281391119293,4.965,0,0,0.0,662713.67,1177,2024,3
Sorghum,2024-08-12,906465.01946,NGN,NGN/MT,WFP Nigeria Food Prices,wholesale,National,,,0.9,True,WFP VAM data — converted to NGN/MT,WFP,historical,False,,,1580.0,900.9875,289.7125,33.4,39.5,0,1,0,0,1,0,1,1,0,0,1,0,0,0,0,1,0,0,1,0,-0.8660254037844384,-0.5000000000000004,-0.7485107481711011,-0.6631226582407952,0,573.71,884060.041865,861655.06427,816845.1090800001,758317.908348,662280.1150096711,507834.49216500006,459868.2129708333,872857.5530675,28924.701699197623,833877.4809365,47412.974678188424,798249.1739316393,66730.11023851982,681137.2939315462,122189.86055938377,906465.01946,839250.086675,906465.01946,689415.4460614474,2.5343275947337984,10.971469301069492,36.87033611854149,97.1140848383647,28.147,-0.06589824087730456,2.341,13.717308823046979,4.965,0,0,0.0,679509.01,1178,2024,3
Sorghum,2024-08-19,886494.2871159376,NGN,NGN/MT,Gap-filled,wholesale,National,,,0.6,False,Weekly gap-fill,Interpolated,historical,False,,,1580.0,900.9875,289.7125,33.4,39.5,0,1,0,0,1,0,1,1,0,0,1,0,0,0,0,1,0,0,1,0,-0.8660254037844384,-0.5000000000000004,-0.8229838658936564,-0.5680647467311559,0,561.07,906465.01946,884060.041865,839250.086675,772949.7085310001,689415.4460614474,533306.7108448027,455024.8278965277,884668.6031777344,18334.032148999362,848070.5532596172,43393.086350767255,814672.4106861801,61561.30052803494,694721.4314804359,124704.27664284545,906465.01946,861655.06427,906465.01946,716550.7771132237,-2.203144292976622,5.629335187573581,28.586368666437533,94.8232783723014,27.341,-4.73747188771042,2.065,13.69503108820019,4.965,0,0,0.0,664538.45,1179,2024,3
Sorghum,2024-08-26,886494.2871159376,NGN,NGN/MT,Gap-filled,wholesale,National,,,0.6,False,Weekly gap-fill,Interpolated,historical,False,,,1580.0,900.9875,289.7125,33.4,39.5,0,1,0,0,1,0,1,1,0,0,1,0,0,0,0,1,0,0,1,0,-0.8660254037844384,-0.5000000000000004,-0.8854560256532096,-0.4647231720437691,0,561.07,886494.2871159376,906465.01946,861655.06427,787581.508714,716550.7771132237,558778.9295246053,455024.8278965277,890878.4088892187,10454.24324390971,860434.6505598595,37369.22186264455,828834.3698530729,56255.52486747202,707325.8683108718,126955.85250359183,906465.01946,884060.041865,906465.01946,743686.108165,0.0,2.8827339240420358,23.71688307803772,94.8232783723014,25.95,2.203144292976622,1.945,13.69503108820019,4.965,0,0,0.0,664538.45,1180,2024,3
Sorghum,2024-09-02,876508.9209439063,NGN,NGN/MT,Gap-filled,wholesale,National,,,0.6,False,Weekly gap-fill,Interpolated,historical,False,,,1580.0,900.9875,289.7125,33.4,39.5,0,1,0,0,1,1,0,0,0,0,0,0,0,0,0,1,0,0,0,0,-1.0,-1.8369701987210287e-16,-0.9350162426854148,-0.3546048870425359,0,554.75,886494.2871159376,886494.2871159376,884060.041865,802213.308897,743686.108165,584251.1482044079,452603.135359375,888990.6286589453,12564.643562403979,869721.6020657227,29164.285878242237,839902.9375846485,50779.38281780819,718566.5518777756,128551.16546316637,906465.01946,876508.9209439063,906465.01946,758317.908348,-1.1263881016669641,-0.854141185384194,17.860063717828268,93.65948939967961,23.717,-1.1263881016669641,1.782,13.683703302097289,4.965,0,0,0.0,657053.16,1181,2024,3
Sorghum,2024-09-09,866523.554771875,NGN,NGN/MT,WFP Nigeria Food Prices,wholesale,National,,,0.9,True,WFP VAM data — converted to NGN/MT,WFP,historical,False,,,1580.0,900.9875,289.7125,33.4,39.5,0,1,0,0,1,1,0,0,0,0,0,0,0,0,0,1,0,0,0,0,-1.0,-1.8369701987210287e-16,-0.970941817426052,-0.2393156642875577,0,548.43,876508.9209439063,886494.2871159376,906465.01946,816845.1090800001,758317.908348,609723.3668842105,450181.4428222222,879005.2624869142,9560.260253983624,875931.407777207,20212.087952313315,848920.074786638,44149.37250350193,728443.4821811472,129714.00722769483,886494.2871159376,866523.554771875,906465.01946,772949.7085310001,-1.139220141795949,-4.406288585953256,14.269166695482859,92.48317952414298,20.669,-0.012832040128984978,1.637,13.672245725614966,4.965,0,0,0.0,649567.88,1182,2024,3
Sorghum,2024-09-16,843423.0707175,NGN,NGN/MT,Gap-filled,wholesale,National,,,0.6,False,Weekly gap-fill,Interpolated,historical,False,,,1580.0,900.9875,289.7125,33.4,39.5,0,1,0,0,1,1,0,0,0,0,0,0,0,0,0,1,0,0,0,0,-1.0,-1.8369701987210287e-16,-0.992708874098054,-0.1205366802553235,0,533.81,866523.554771875,876508.9209439063,886494.2871159376,839250.086675,772949.7085310001,584251.1482044079,444215.08047583327,868237.4583873047,18442.886515607068,876453.0307825196,19156.481304737405,854792.8549688463,37277.44133445441,738411.6330470354,128138.75347531344,886494.2871159376,843423.0707175,906465.01946,787581.508714,-2.665880682315269,-4.858600560028714,9.117457631290836,89.86817597773675,17.582,-1.52666054051932,1.431,13.64522515998397,4.965,0,0,0.0,632251.18,1183,2024,3
Sorghum,2024-09-23,820322.5866631251,NGN,NGN/MT,Gap-filled,wholesale,National,,,0.6,False,Weekly gap-fill,Interpolated,historical,False,,,1580.0,900.9875,289.7125,33.4,39.5,0,1,0,0,1,1,0,0,0,0,0,0,0,0,0,1,0,0,0,0,-1.0,-1.8369701987210287e-16,-1.0,-1.8369701987210287e-16,0,519.19,843423.0707175,866523.554771875,886494.2871159376,861655.06427,787581.508714,576809.7014105263,438248.7181294444,851694.5332741016,25088.309634811063,871286.4710816602,27482.190760162488,857521.2781312735,32845.62621100126,747777.5132490584,124707.98066810331,876508.9209439063,820322.5866631251,906465.01946,802213.308897,-2.7388963921420095,-7.464424916723511,4.1571669201053485,87.18197058612469,13.897,-0.07301570982674033,1.239,13.617454159281136,4.965,0,0,0.0,614934.47,1184,2024,3
Sorghum,2024-09-30,797222.1026087501,NGN,NGN/MT,Gap-filled,wholesale,National,,,0.6,False,Weekly gap-fill,Interpolated,historical,False,,,1580.0,900.9875,289.7125,33.4,39.5,0,1,0,0,1,1,0,0,0,0,0,0,0,0,0,1,0,0,0,0,-1.0,-1.8369701987210287e-16,-0.992708874098054,0.1205366802553232,0,504.57,820322.5866631251,843423.0707175,876508.9209439063,884060.041865,802213.308897,560352.8686736842,432282.3557830555,831872.8286903126,29822.596677310717,860431.728674629,37161.15246520538,857105.3442739192,33631.870530675566,756887.8684004071,118989.21265981517,866523.554771875,797222.1026087501,906465.01946,797222.1026087501,-2.816024382352089,-9.045751439674198,-0.6221794419133397,84.42161516507574,9.907,-0.07712799021007966,1.058,13.588889846590726,4.965,0,0,0.0,597617.77,1185,2024,3
Sorghum,2024-10-07,774121.618554375,NGN,NGN/MT,Gap-filled,wholesale,National,,,0.6,False,Weekly gap-fill,Interpolated,historical,False,,,1700.0,900.9875,289.7125,33.4,39.5,0,1,0,0,0,1,0,0,0,1,0,1,0,1,1,1,1,0,0,0,-0.8660254037844386,0.5000000000000001,-0.970941817426052,0.2393156642875573,0,455.37,797222.1026087501,820322.5866631251,866523.554771875,906465.01946,816845.1090800001,554365.5983894737,426315.99343666655,808772.3446359376,29822.59667731085,843888.8035614258,42774.63040806697,853545.0533967839,39949.324732240966,765340.023022134,111603.78822738361,843423.0707175,774121.618554375,906465.01946,774121.618554375,-2.897622127984578,-10.663522729261087,-5.230304993041324,81.58399648906871,5.675,-0.081597745632489,0.883,13.559485561929316,4.965,0,0,0.333,580301.06,1186,2024,4
Sorghum,2024-10-14,751021.1345,NGN,NGN/MT,WFP Nigeria Food Prices,wholesale,National,,,0.9,True,WFP VAM data — converted to NGN/MT,WFP,historical,False,,,1700.0,900.9875,289.7125,33.4,39.5,0,1,0,0,0,1,0,0,0,1,0,1,0,1,1,1,1,0,0,0,-0.8660254037844386,0.5000000000000001,-0.9350162426854148,0.3546048870425355,0,441.78,774121.618554375,797222.1026087501,843423.0707175,886494.2871159376,839250.086675,527439.2032,432282.3557830555,785671.8605815626,29822.5966773109,826954.6594844337,49746.1238818135,846192.6407155339,49738.905768691904,773939.3280721342,100612.26961620866,820322.5866631251,751021.1345,906465.01946,751021.1345,-2.984089773582832,-10.955585568568061,-10.512832059934796,73.73393210545616,1.516,-0.08646764559825382,0.711,13.529190403680783,4.965,0,0,0.333,562984.36,1187,2024,4
Sorghum,2024-10-21,748045.411465625,NGN,NGN/MT,Gap-filled,wholesale,National,,,0.6,False,Weekly gap-fill,Interpolated,historical,False,,,1700.0,900.9875,289.7125,33.4,39.5,0,1,0,0,0,1,0,0,0,1,0,1,0,1,1,1,1,0,0,0,-0.8660254037844386,0.5000000000000001,-0.8854560256532101,0.464723172043768,0,440.03,751021.1345,774121.618554375,820322.5866631251,886494.2871159376,861655.06427,554365.5983894737,437470.969936,767602.5667821876,22929.174713996323,809648.5500281446,50154.65888791866,836725.1696485026,56834.48231817985,781388.5516519861,90351.71893286362,797222.1026087501,748045.411465625,906465.01946,748045.411465625,-0.396223607789159,-8.810823494633524,-13.185050203427496,70.99315448864199,-1.764,2.587866165793673,0.663,13.52522030244569,4.965,0,0,0.333,560753.68,1188,2024,4
Sorghum,2024-10-28,745069.68843125,NGN,NGN/MT,Gap-filled,wholesale,National,,,0.6,False,Weekly gap-fill,Interpolated,historical,False,,,1700.0,900.9875,289.7125,33.4,39.5,0,1,0,0,0,1,0,0,0,1,0,1,0,1,1,1,1,0,0,0,-0.8660254037844386,0.5000000000000001,-0.822983865893657,0.5680647467311548,0,438.28,748045.411465625,751021.1345,797222.1026087501,876508.9209439063,884060.041865,581291.9935789474,443048.4581856666,754564.4632378125,13262.557411206726,793218.6459640625,46520.37164030156,825142.6401956901,60364.06172794086,787687.69376169,81076.40745661469,774121.618554375,745069.68843125,906465.01946,745069.68843125,-0.3977997844468728,-6.541767219805084,-15.721822823316156,68.16889319114085,-4.205,-0.0015761766577138125,0.616,13.52123437666085,4.965,0,0,0.333,558523.0,1189,2024,4
Sorghum,2024-11-04,742093.965396875,NGN,NGN/MT,Gap-filled,wholesale,National,,,0.6,False,Weekly gap-fill,Interpolated,historical,False,,,1700.0,900.9875,289.7125,33.4,39.5,1,0,0,0,0,1,0,0,0,1,0,1,1,1,1,0,1,0,0,0,-0.5000000000000004,0.8660254037844384,-0.7485107481711011,0.6631226582407952,1,436.53,745069.68843125,748045.411465625,774121.618554375,866523.554771875,906465.01946,608218.388768421,443048.4581856666,746557.5499484375,3841.6419183758744,777664.9472921876,38644.529850630206,811445.0523570963,58863.69887423313,792836.754401246,73079.3594172794,751021.1345,742093.965396875,886494.2871159376,742093.965396875,-0.3993885512428297,-4.13728959246864,-18.133193287595827,67.49724588498367,-5.837,-0.0015887667959568752,0.568,13.51723249967012,4.965,0,0,0.667,556292.33,1190,2024,4
Sorghum,2024-11-11,739118.2423625,NGN,NGN/MT,WFP Nigeria Food Prices,wholesale,National,,,0.9,True,WFP VAM data — converted to NGN/MT,WFP,historical,False,,,1700.0,900.9875,289.7125,33.4,39.5,1,0,0,0,0,1,0,0,0,1,0,1,1,1,1,0,1,0,0,0,-0.5000000000000004,0.8660254037844384,-0.6631226582407955,0.7485107481711007,1,434.78,742093.965396875,745069.68843125,751021.1345,843423.0707175,886494.2871159376,635144.7839578948,454203.434685,743581.8269140625,3841.6419183759494,764626.8437478126,29894.047003854677,799163.7152943099,57130.7037512387,796835.7335706538,66668.71908774506,748045.411465625,739118.2423625,886494.2871159376,739118.2423625,-0.40099005963262213,-1.584894431156647,-16.624590467796597,62.72845732113292,-6.683,-0.0016015083897924498,0.521,13.51321454329066,4.965,0,0,0.667,554061.65,1191,2024,4
Sorghum,2024-11-18,718380.2152610418,NGN,NGN/MT,Gap-filled,wholesale,National,,,0.6,False,Weekly gap-fill,Interpolated,historical,False,,,1700.0,900.9875,289.7125,33.4,39.5,1,0,0,0,0,1,0,0,0,1,0,1,1,1,1,0,1,0,0,0,-0.5000000000000004,0.8660254037844384,-0.5680647467311559,0.8229838658936564,1,422.58,739118.2423625,742093.965396875,748045.411465625,820322.5866631251,886494.2871159376,662280.1150096711,439897.731398125,736165.5278629167,12103.254579983774,751884.0473225522,23884.490800219653,785154.209306402,54311.59296040138,798993.4297341681,62943.45383463883,745069.68843125,718380.2152610418,876508.9209439063,718380.2152610418,-2.8057793615229643,-3.9656945621070028,-18.9639205010364,63.306187776376376,-7.863,-2.404789301890342,0.359,13.484755647606326,4.965,0,0,0.667,538515.9,1192,2024,4
Sorghum,2024-11-25,697642.1881595834,NGN,NGN/MT,Gap-filled,wholesale,National,,,0.6,False,Weekly gap-fill,Interpolated,historical,False,,,1700.0,900.9875,289.7125,33.4,39.5,1,0,0,0,0,1,0,0,0,1,0,1,1,1,1,0,1,0,0,0,-0.5000000000000004,0.8660254037844384,-0.4647231720437684,0.88545602565321,1,410.38,718380.2152610418,739118.2423625,745069.68843125,797222.1026087501,876508.9209439063,689415.4460614474,425592.02811125,724308.6527950001,20671.139262675104,739436.5580164064,22804.768967440887,770248.6482410417,51428.504589655924,799309.8428917887,62388.81185896052,742093.965396875,697642.1881595834,866523.554771875,697642.1881595834,-2.8867759246296476,-6.365511979359361,-20.406721313424015,63.92275749517076,-9.383,-0.08099656310668335,0.192,13.455463059293015,4.965,0,0,0.667,522970.16,1193,2024,4
Sorghum,2024-12-02,676904.1610581251,NGN,NGN/MT,Gap-filled,wholesale,National,,,0.6,False,Weekly gap-fill,Interpolated,historical,False,,,1700.0,900.9875,289.7125,33.4,39.5,1,0,0,0,0,0,0,0,0,1,0,1,1,1,1,0,0,0,0,1,-2.4492935982947064e-16,1.0,-0.3546048870425359,0.9350162426854148,1,398.18,697642.1881595834,718380.2152610418,742093.965396875,774121.618554375,866523.554771875,716550.7771132237,420805.9643788,708011.2017103126,26772.677865718742,727284.3758293751,27166.800650740613,754447.0320982292,48186.988733129474,797784.9730435157,64925.412028429666,739118.2423625,676904.1610581251,843423.0707175,676904.1610581251,-2.9725878757656976,-8.78457545519673,-21.882774296155173,60.85897500463926,-11.253,-0.08581195113605,0.018,13.425286455017972,4.965,0,0,0.667,507424.41,1194,2024,4
Sorghum,2024-12-09,656166.1339566668,NGN,NGN/MT,WFP Nigeria Food Prices,wholesale,National,,,0.9,True,WFP VAM data — converted to NGN/MT,WFP,historical,False,,,1700.0,900.9875,912.8571428571428,33.4,39.5,1,0,0,0,0,0,0,0,0,1,0,1,1,1,1,0,0,0,0,1,-2.4492935982947064e-16,1.0,-0.2393156642875578,0.970941817426052,1,385.98,676904.1610581251,697642.1881595834,739118.2423625,751021.1345,843423.0707175,743686.108165,396980.6215375,687273.1746088542,26772.677865718797,715427.5007614584,34920.178626297384,738842.2873681597,47061.03146580536,794418.8201893489,69919.19077584313,718380.2152610418,656166.1339566668,820322.5866631251,656166.1339566668,-3.063657795963459,-11.223117446091857,-22.202017381565554,65.28921019251396,-13.487,-0.09106992019776161,-0.168,13.39417081284895,6.892,0,0,0.667,491878.66,1195,2024,4
Sorghum,2024-12-16,646046.8601253334,NGN,NGN/MT,Gap-filled,wholesale,National,,,0.6,False,Weekly gap-fill,Interpolated,historical,False,,,1700.0,900.9875,912.8571428571428,33.4,39.5,1,0,0,0,0,0,0,0,0,1,0,1,1,1,1,0,0,0,0,1,-2.4492935982947064e-16,1.0,-0.1205366802553236,0.992708874098054,1,380.03,656166.1339566668,676904.1610581251,718380.2152610418,748045.411465625,820322.5866631251,758317.908348,420805.9643788,669189.8358249272,22907.504605586128,702677.681843922,39614.59735281926,724319.3101566773,46517.93129129619,790100.7029500158,75483.37409453053,697642.1881595834,646046.8601253334,797222.1026087501,646046.8601253334,-1.542181668278797,-10.068951454825935,-21.244779720951414,53.52607016372435,-15.303,1.5214761276846622,-0.282,13.378628866901762,6.892,0,0,0.667,484293.0,1196,2024,4
Sorghum,2024-12-23,635927.586294,NGN,NGN/MT,Gap-filled,wholesale,National,,,0.6,False,Weekly gap-fill,Interpolated,historical,False,,,1700.0,900.9875,912.8571428571428,33.4,39.5,1,0,0,0,0,0,0,0,0,1,0,1,1,1,1,0,0,0,0,1,-2.4492935982947064e-16,1.0,6.432490598706546e-16,1.0,1,374.08,646046.8601253334,656166.1339566668,697642.1881595834,745069.68843125,797222.1026087501,772949.7085310001,444631.3072201,653761.1853585313,17501.706311007227,689034.9190767657,41669.9746135175,710878.1004637814,46839.5554786804,784830.6213255157,81288.76174199922,676904.1610581251,635927.586294,774121.618554375,635927.586294,-1.5663374370970873,-8.846168266914834,-20.232067799794564,43.02357390664015,-16.7,-0.02415576881829029,-0.399,13.36284155031649,6.892,0,0,0.667,476707.34,1197,2024,4
Sorghum,2024-12-30,625808.3124626668,NGN,NGN/MT,Gap-filled,wholesale,National,,,0.6,False,Weekly gap-fill,Interpolated,historical,False,,,1700.0,900.9875,912.8571428571428,33.4,39.5,1,0,0,0,0,0,0,0,0,1,0,1,1,1,1,0,0,0,0,1,-2.4492935982947064e-16,1.0,0.120536680255323,0.992708874098054,1,368.12,635927.586294,646046.8601253334,676904.1610581251,742093.965396875,774121.618554375,787581.508714,468456.6500614,640987.2232096668,13063.926341496546,674499.2124599897,40789.975559094986,698518.6582894722,48182.833657191404,778608.575315849,87056.42692027465,656166.1339566668,625808.3124626668,751021.1345,625808.3124626668,-1.5912619690404473,-7.548461294075393,-19.158915412887488,33.589375320137485,-17.675,-0.024924531943359973,-0.514,13.346800990998924,6.892,0,0,0.667,469121.67,1198,2024,4
Sorghum,2025-01-06,615689.0386313334,NGN,NGN/MT,Gap-filled,wholesale,National,,,0.6,False,Weekly gap-fill,Interpolated,historical,False,,,1570.0,900.9875,912.8571428571428,33.4,39.5,1,0,0,0,0,0,0,0,0,1,0,0,1,0,0,0,0,0,0,1,0.4999999999999999,0.8660254037844387,0.2393156642875577,0.970941817426052,1,392.16,625808.3124626668,635927.586294,656166.1339566668,739118.2423625,751021.1345,802213.308897,492281.9929027,630867.9493783334,13063.926341496674,659070.5619935938,35907.47280219472,687240.98363375,50556.39927878328,771434.5649210158,92545.77281224965,646046.8601253334,615689.0386313334,748045.411465625,615689.0386313334,-1.6169925566364318,-6.168726673115154,-18.01974533762827,25.06836478031098,-18.221,-0.025730587595984566,-0.627,13.330498931836042,6.892,0,0,0.333,461536.01,1199,2025,1
Sorghum,2025-01-13,605569.7648,NGN,NGN/MT,WFP Nigeria Food Prices,wholesale,National,,,0.9,True,WFP VAM data — converted to NGN/MT,WFP,historical,False,,,1570.0,900.9875,924.2857142857144,33.4,39.5,1,0,0,0,0,0,0,0,0,1,0,0,1,0,0,0,0,0,0,1,0.4999999999999999,0.8660254037844387,0.3546048870425356,0.9350162426854148,1,385.71,615689.0386313334,625808.3124626668,646046.8601253334,718380.2152610418,748045.411465625,816845.1090800001,516107.3357439999,620748.675547,13063.9263414968,644969.2556859636,31120.39256609435,675368.0130782813,51695.65215803454,763308.5901410157,97539.77607407699,635927.586294,605569.7648,745069.68843125,605569.7648,-1.6435689441261392,-6.265349748388349,-19.046390029513905,17.334074302012127,-18.677,-0.026576387489707365,-0.735,13.313926705171287,6.928,0,0,0.333,453950.35,1200,2025,1
Sorghum,2025-01-20,595903.255948,NGN,NGN/MT,Gap-filled,wholesale,National,,,0.6,False,Weekly gap-fill,Interpolated,historical,False,,,1570.0,900.9875,924.2857142857144,33.4,39.5,1,0,0,0,0,0,0,0,0,1,0,0,1,0,0,0,0,0,0,1,0.4999999999999999,0.8660254037844387,0.4647231720437685,0.8854560256532099,1,379.56,605569.7648,615689.0386313334,635927.586294,697642.1881595834,745069.68843125,839250.086675,511970.9139545,610742.5929605,12889.366457688015,632251.8891595157,27041.066806528474,662937.4770380105,51344.6025633497,753949.0966515157,101553.93244126016,625808.3124626668,595903.255948,742093.965396875,595903.255948,-1.596266757999809,-6.293850307587712,-20.020467185736823,16.393966865265952,-18.994,0.04730218612633008,-0.842,13.297835288760245,6.928,0,0,0.333,446704.09,1201,2025,1
Sorghum,2025-01-27,586236.747096,NGN,NGN/MT,Gap-filled,wholesale,National,,,0.6,False,Weekly gap-fill,Interpolated,historical,False,,,1570.0,900.9875,924.2857142857144,33.4,39.5,1,0,0,0,0,0,0,0,0,1,0,0,1,0,0,0,0,0,0,1,0.4999999999999999,0.8660254037844387,0.5680647467311558,0.8229838658936564,1,373.4,595903.255948,605569.7648,625808.3124626668,676904.1610581251,742093.965396875,861655.06427,511970.9139545,600849.7016188334,12655.574319462294,620918.46241425,24537.23257576919,649949.3755129375,49167.53667160934,743356.0844525156,104199.68848249891,615689.0386313334,586236.747096,739118.2423625,586236.747096,-1.6221607711510044,-6.323272570628802,-21.002356247098962,14.505869594791122,-19.171,-0.025894013151195328,-0.95,13.281480698048302,6.928,0,0,0.333,439457.83,1202,2025,1
Sorghum,2025-02-03,576570.238244,NGN,NGN/MT,Gap-filled,wholesale,National,,,0.6,False,Weekly gap-fill,Interpolated,historical,False,,,1585.0,900.9875,924.2857142857144,33.4,39.5,1,0,0,0,0,0,0,0,1,1,0,0,1,0,0,0,0,0,0,0,0.8660254037844386,0.5000000000000001,0.6631226582407952,0.7485107481711011,1,363.77,586236.747096,595903.255948,615689.0386313334,656166.1339566668,739118.2423625,884060.041865,511970.9139545,591070.001522,12479.409266596169,610968.9754501666,24339.734675296044,636403.7085030626,44541.60784141666,731529.5535440157,105037.66071150458,605569.7648,576570.238244,718380.2152610418,576570.238244,-1.6489087215846299,-6.353661984025871,-21.992151566836647,12.61777232431629,-19.201,-0.026747950433625434,-1.059,13.264854181298187,6.928,0,0,0.333,432211.57,1203,2025,1
Sorghum,2025-02-10,566903.729392,NGN,NGN/MT,WFP Nigeria Food Prices,wholesale,National,,,0.9,True,WFP VAM data — converted to NGN/MT,WFP,historical,False,,,1585.0,900.9875,924.2857142857144,33.4,39.5,1,0,0,0,0,0,0,0,1,1,0,0,1,0,0,0,0,0,0,0,0.8660254037844386,0.5000000000000001,0.7485107481711011,0.6631226582407953,1,357.67,576570.238244,586236.747096,605569.7648,646046.8601253334,718380.2152610418,906465.01946,507834.49216500006,581403.49267,12479.409266596243,601076.0841085,24128.502151560322,623780.6680139757,40476.15318365259,718469.5039260157,103515.66289977104,595903.255948,566903.729392,697642.1881595834,566903.729392,-1.6765535594484127,-6.385067031999214,-21.08583764573735,11.631592209338915,-19.077,-0.0276448378637828,-1.169,13.247946542828311,6.928,0,0,0.333,424965.31,1204,2025,1
Sorghum,2025-02-17,552873.039719,NGN,NGN/MT,Gap-filled,wholesale,National,,,0.6,False,Weekly gap-fill,Interpolated,historical,False,,,1585.0,900.9875,924.2857142857144,33.4,39.5,1,0,0,0,0,0,0,0,1,1,0,0,1,0,0,0,0,0,0,0,0.8660254037844386,0.5000000000000001,0.8229838658936564,0.5680647467311559,1,348.82,566903.729392,576570.238244,595903.255948,635927.586294,697642.1881595834,886494.2871159376,533306.7108448027,570645.93861275,14236.697887527549,590694.265786625,24847.94151585599,611716.5723105938,37956.15589373621,705637.9174876718,102527.31986308399,586236.747096,552873.039719,676904.1610581251,552873.039719,-2.4749686667342674,-7.221007067757146,-20.751203252557303,3.6688698034949896,-19.13,-0.7984151072858547,-1.302,13.222885478282842,6.928,0,0,0.333,414447.56,1205,2025,1
Sorghum,2025-02-24,538842.350046,NGN,NGN/MT,Gap-filled,wholesale,National,,,0.6,False,Weekly gap-fill,Interpolated,historical,False,,,1585.0,900.9875,924.2857142857144,33.4,39.5,1,0,0,0,0,0,0,0,1,1,0,0,1,0,0,0,0,0,0,0,0.8660254037844386,0.5000000000000001,0.8854560256532099,0.4647231720437686,1,339.96,552873.039719,566903.729392,586236.747096,625808.3124626668,676904.1610581251,886494.2871159376,558778.9295246053,558797.33935025,16481.185423088453,579823.5204845417,26273.78228155887,600211.4213929167,37319.475837709775,692266.6891388283,100649.78577309963,576570.238244,538842.350046,656166.1339566668,538842.350046,-2.5377778739457346,-8.084514879828731,-20.396064754027986,-3.5678831869281113,-19.28,-0.06280920721146721,-1.416,13.197180176937414,6.928,0,0,0.333,403929.8,1206,2025,1
Sorghum,2025-03-03,524811.660373,NGN,NGN/MT,Gap-filled,wholesale,National,,,0.6,False,Weekly gap-fill,Interpolated,historical,False,,,1575.0,900.9875,924.2857142857144,33.4,39.5,1,0,0,1,0,0,0,0,1,1,0,0,0,0,0,0,0,1,0,0,1.0,6.123233995736766e-17,0.9350162426854148,0.3546048870425355,0,333.21,538842.350046,552873.039719,576570.238244,615689.0386313334,656166.1339566668,876508.9209439063,584251.1482044079,545857.6948825,18113.542479784017,568463.84820225,28131.866968050817,589265.2152609444,38655.27954577312,678739.8714245625,98508.5024448894,566903.729392,524811.660373,646046.8601253334,524811.660373,-2.603858006298543,-8.97697703381911,-20.018478063109168,-10.173619344024331,-19.578,-0.06608013235280819,-1.51,13.170796640507389,6.928,0,0,0.333,393412.04,1207,2025,1
Sorghum,2025-03-10,510780.9707,NGN,NGN/MT,WFP Nigeria Food Prices,wholesale,National,,,0.9,True,WFP VAM data — converted to NGN/MT,WFP,historical,False,,,1575.0,900.9875,924.2857142857144,33.4,39.5,1,0,0,1,0,0,0,0,1,1,0,0,0,0,0,0,0,1,0,0,1.0,6.123233995736766e-17,0.970941817426052,0.239315664287558,0,324.31,524811.660373,538842.350046,566903.729392,605569.7648,646046.8601253334,866523.554771875,609723.3668842105,531827.0052095,18113.542479784097,556615.24893975,30159.491394609387,577993.0578088333,40280.177903907475,665057.4643448751,96057.93920309497,552873.039719,510780.9707,635927.586294,510780.9707,-2.6734714055377307,-9.899874666937059,-20.93747338994756,-16.227424034906658,-20.033,-0.06961339923918786,-1.583,13.14369810631556,6.928,0,0,0.333,382894.28,1208,2025,1
Sorghum,2025-03-17,505903.51526,NGN,NGN/MT,Gap-filled,wholesale,National,,,0.6,False,Weekly gap-fill,Interpolated,historical,False,,,1575.0,900.9875,924.2857142857144,33.4,39.5,1,0,0,1,0,0,0,0,1,1,0,0,0,0,0,0,0,1,0,0,1.0,6.123233995736766e-17,0.992708874098054,0.120536680255323,0,321.21,510780.9707,524811.660373,552873.039719,595903.255948,635927.586294,843423.0707175,584251.1482044079,520084.62409475003,14853.270898037323,545365.28135375,30196.505760264452,567157.718556,40764.3535067859,652075.9429811251,93768.30269369677,538842.350046,505903.51526,625808.3124626668,505903.51526,-0.9549015565939456,-8.495535337167537,-20.44636430882678,-13.409923657864498,-20.242,1.718569848943785,-1.586,13.134103225442807,6.928,0,0,0.333,379238.02,1209,2025,1
Sorghum,2025-03-24,501026.05982,NGN,NGN/MT,Gap-filled,wholesale,National,,,0.6,False,Weekly gap-fill,Interpolated,historical,False,,,1575.0,900.9875,924.2857142857144,33.4,39.5,1,0,0,1,0,0,0,0,1,1,0,0,0,0,0,0,0,1,0,0,1.0,6.123233995736766e-17,1.0,-1.6081226496766364e-16,0,318.11,505903.51526,510780.9707,538842.350046,586236.747096,625808.3124626668,820322.5866631251,576809.7014105263,510630.55153825006,10258.616002329682,534713.94544425,28712.08038924877,556759.1975024444,40356.37938242834,639795.3073333125,91738.83246136876,524811.660373,501026.05982,615689.0386313334,501026.05982,-0.9641078373399559,-7.018062003250424,-19.93937283313263,-13.138413137852133,-20.188,-0.009206280746010265,-1.589,13.124415390225193,6.928,0,0,0.333,375581.75,1210,2025,1
Sorghum,2025-03-31,496148.60438,NGN,NGN/MT,Gap-filled,wholesale,National,,,0.6,False,Weekly gap-fill,Interpolated,historical,False,,,1575.0,900.9875,924.2857142857144,33.4,39.5,1,0,0,1,0,0,0,0,1,1,0,0,0,0,0,0,0,0,0,0,1.0,6.123233995736766e-17,0.992708874098054,-0.1205366802553228,0,315.01,501026.05982,505903.51526,524811.660373,576570.238244,615689.0386313334,797222.1026087501,560352.8686736842,503464.78754000005,6296.767897014736,524661.24121125,25905.22922181899,546797.4946481667,39225.574291570374,628215.5574014375,90058.90474848903,510780.9707,496148.60438,605569.7648,496148.60438,-0.9734933631500797,-5.461589015119872,-19.41571584855073,-11.457827358973137,-19.858,-0.009385525810123863,-1.596,13.114632781962245,6.928,0,0,0.333,371925.49,1211,2025,1
Sorghum,2025-04-07,491271.14894,NGN,NGN/MT,Gap-filled,wholesale,National,,,0.6,False,Weekly gap-fill,Interpolated,historical,False,,,1590.0,900.9875,924.2857142857144,33.4,39.5,0,1,1,1,0,0,0,0,1,0,0,0,0,0,0,0,0,0,0,0,0.8660254037844387,-0.4999999999999998,0.970941817426052,-0.2393156642875575,0,308.98,496148.60438,501026.05982,510780.9707,566903.729392,605569.7648,774121.618554375,554365.5983894737,498587.3321,6296.767897014801,515207.16865475,21755.13357544486,537272.6099931666,37495.95937036971,617336.6931855001,88803.88698424734,505903.51526,491271.14894,595903.255948,491271.14894,-0.9830634203022659,-3.8196062263758157,-18.874557896355526,-11.381378937072185,-19.236,-0.009570057152186173,-1.604,13.104753528049988,6.928,0,0,0.333,368269.23,1212,2025,2
Sorghum,2025-04-14,486393.6935,NGN,NGN/MT,WFP Nigeria Food Prices,wholesale,National,,,0.9,True,WFP VAM data — converted to NGN/MT,WFP,historical,False,,,1590.0,900.9875,924.2857142857144,33.4,39.5,0,1,1,1,0,0,0,0,1,0,0,0,0,0,0,0,0,0,0,0,0.8660254037844387,-0.4999999999999998,0.9350162426854148,-0.3546048870425354,0,305.91,491271.14894,496148.60438,505903.51526,552873.039719,595903.255948,751021.1345,527439.2032,493709.87665999995,6296.7678970148645,506897.250377375,17615.177836374154,528146.8131225,35184.14691602151,607158.7146855,88030.54594851327,501026.05982,486393.6935,586236.747096,486393.6935,-0.9928235050081669,-3.8564313493598235,-18.377070666241856,-7.782036195067576,-18.685,-0.009760084705900951,-1.622,13.094775699829517,6.928,0,0,0.333,364612.96,1213,2025,2
Sorghum,2025-04-21,489113.3869741935,NGN,NGN/MT,Gap-filled,wholesale,National,,,0.6,False,Weekly gap-fill,Interpolated,historical,False,,,1590.0,900.9875,924.2857142857144,33.4,39.5,0,1,1,1,0,0,0,0,1,0,0,0,0,0,0,0,0,0,0,0,0.8660254037844387,-0.4999999999999998,0.8854560256532099,-0.4647231720437685,0,307.62,486393.6935,491271.14894,501026.05982,538842.350046,586236.747096,748045.411465625,554365.5983894737,490731.70844854834,4125.9784966674415,500681.12999339914,12865.882986352497,520053.19977901614,31594.38261445425,597199.7906665988,86079.35390248154,496148.60438,486393.6935,576570.238244,486393.6935,0.5591547568438049,-2.377655335949247,-16.567258979059176,-11.770609793401498,-17.828,1.5519782618519717,-1.569,13.100351661294571,6.928,0,0,0.333,366651.71,1214,2025,2
Sorghum,2025-04-28,489113.3869741935,NGN,NGN/MT,Gap-filled,wholesale,National,,,0.6,False,Weekly gap-fill,Interpolated,historical,False,,,1590.0,900.9875,924.2857142857144,33.4,39.5,0,1,1,1,0,0,0,0,1,0,0,0,0,0,0,0,0,0,0,0,0.8660254037844387,-0.4999999999999998,0.8229838658936565,-0.5680647467311557,0,307.62,489113.3869741935,486393.6935,496148.60438,524811.660373,576570.238244,745069.68843125,581291.9935789474,488972.90409709676,1997.809428710029,496218.84581854835,8871.712323287134,512765.12883986556,27146.002190260053,587355.3175336351,83075.57722268045,491271.14894,486393.6935,566903.729392,486393.6935,0.0,-1.4179657755155506,-15.168464389727209,-15.85753934734605,-16.75,-0.5591547568438049,-1.529,13.100351661294571,6.928,0,0,0.333,366651.71,1215,2025,2
Sorghum,2025-05-05,490473.2337112903,NGN,NGN/MT,Gap-filled,wholesale,National,,,0.6,False,Weekly gap-fill,Interpolated,historical,False,,,1600.0,900.9875,924.2857142857144,33.4,39.5,0,1,1,1,0,0,0,0,1,0,1,0,0,0,0,0,0,0,0,0,0.4999999999999999,-0.8660254037844387,0.7485107481711013,-0.663122658240795,0,306.55,489113.3869741935,489113.3869741935,491271.14894,510780.9707,566903.729392,742093.965396875,608218.388768421,488773.4252899193,1711.1029538060486,493680.3786949597,6765.004609373406,506395.9208664731,21711.116926650266,577677.5970841895,78878.580665404,490473.2337112903,486393.6935,552873.039719,486393.6935,0.2780228007066343,-0.16241849952542964,-13.48209435183657,-19.359025841943456,-15.39,0.2780228007066343,-1.474,13.103128025947813,6.928,0,0,0.333,367671.09,1216,2025,2
Sorghum,2025-05-12,491833.0804483871,NGN,NGN/MT,WFP Nigeria Food Prices,wholesale,National,,,0.9,True,WFP VAM data — converted to NGN/MT,WFP,historical,False,,,1600.0,900.9875,924.2857142857144,33.4,39.5,0,1,1,1,0,0,0,0,1,0,1,0,0,0,0,0,0,0,0,0,0.4999999999999999,-0.8660254037844387,0.6631226582407952,-0.7485107481711012,0,307.4,490473.2337112903,489113.3869741935,486393.6935,505903.51526,552873.039719,739118.2423625,635144.7839578948,490133.27202701615,1301.9541285807857,491921.57434350805,4623.191737697259,501309.257593922,16311.07433466406,568166.6293182621,73348.49421203292,491833.0804483871,489113.3869741935,538842.350046,486393.6935,0.27725197699519644,1.1183095136876098,-11.040502047565337,-22.5636275585014,-13.734,-0.0007708237114378846,-1.415,13.10589670373698,6.928,0,0,0.333,368690.47,1217,2025,2
Sorghum,2025-05-19,498874.8103362903,NGN,NGN/MT,Gap-filled,wholesale,National,,,0.6,False,Weekly gap-fill,Interpolated,historical,False,,,1600.0,900.9875,924.2857142857144,33.4,39.5,0,1,1,1,0,0,0,0,1,0,1,0,0,0,0,0,0,0,0,0,0.4999999999999999,-0.8660254037844387,0.5680647467311558,-0.8229838658936564,0,311.8,491833.0804483871,490473.2337112903,489113.3869741935,501026.05982,538842.350046,718380.2152610418,662280.1150096711,492573.6278675403,4345.044443071506,491652.66815804434,4044.3022282078578,497978.62928477954,11243.742060243942,559724.1137442333,67789.11330167876,498874.8103362903,489113.3869741935,524811.660373,486393.6935,1.4317316520237933,1.9957383343122137,-7.417297416637303,-24.673140710406905,-11.997,1.1544796750285968,-1.317,13.120112466677034,6.928,0,0,0.333,373969.12,1218,2025,2
Sorghum,2025-05-26,505916.5402241936,NGN,NGN/MT,Gap-filled,wholesale,National,,,0.6,False,Weekly gap-fill,Interpolated,historical,False,,,1600.0,900.9875,924.2857142857144,33.4,39.5,0,1,1,1,0,0,0,0,1,0,1,0,0,0,0,0,0,0,0,0,0.4999999999999999,-0.8660254037844387,0.464723172043769,-0.8854560256532096,0,316.2,498874.8103362903,491833.0804483871,489113.3869741935,496148.60438,524811.660373,697642.1881595834,689415.4460614474,496774.41618004034,7120.6691391655095,492873.66013856855,6389.865816466812,496404.03593904566,7999.351297209151,552350.0503621028,62400.05118379841,505916.5402241936,490473.2337112903,510780.9707,486393.6935,1.4115224384964487,3.4354310672111366,-3.600362106165289,-26.616593359716887,-10.062,-0.020209213527344616,-1.221,13.134128971005723,6.928,0,0,0.333,379247.78,1219,2025,2
Sorghum,2025-06-02,505916.5402241936,NGN,NGN/MT,Gap-filled,wholesale,National,,,0.6,False,Weekly gap-fill,Interpolated,historical,False,,,1610.0,900.9875,924.2857142857144,33.4,39.5,0,1,1,0,0,0,0,1,0,0,1,0,0,0,0,0,0,0,1,0,1.2246467991473532e-16,-1.0,0.3546048870425358,-0.9350162426854148,0,314.23,505916.5402241936,498874.8103362903,490473.2337112903,491271.14894,510780.9707,676904.1610581251,716550.7771132237,500635.24280826614,6741.943080193864,494704.3340490927,7806.137137994395,495998.6667327285,7296.9821113739845,545773.6034069516,57571.525269898746,505916.5402241936,491833.0804483871,505916.5402241936,486393.6935,0.0,3.1486542896637992,-0.9523515469145094,-29.395577203560453,-8.271,-1.4115224384964487,-1.176,13.134128971005723,6.928,0,0,0.333,379247.78,1220,2025,2
Sorghum,2025-06-09,520000.0,NGN,NGN/MT,Agricom,wholesale,National,1650.0,,0.95,True,Historical data from Instagram posts (June-July 2025),Agricome,historical,False,,,1610.0,900.9875,924.2857142857144,33.4,39.5,0,1,1,0,0,0,0,1,0,0,1,0,0,0,0,0,0,0,1,0,1.2246467991473532e-16,-1.0,0.2393156642875576,-0.970941817426052,0,322.98,505916.5402241936,505916.5402241936,491833.0804483871,486393.6935,505903.51526,656166.1339566668,743686.108165,507676.9726961694,8860.649131940883,498905.1223615927,11059.458970959835,497173.3737943952,9756.60224650017,540536.4444086183,53151.35263951581,520000.0,498874.8103362903,520000.0,486393.6935,2.783751598547335,5.726926608095195,2.7863978633861253,-30.078026967174598,-6.079,2.783751598547335,-1.037,13.161586013632684,6.928,0,0,0.333,389805.1,1221,2025,2
Sorghum,2025-06-16,520000.0,NGN,NGN/MT,Agricom,wholesale,National,1650.0,,0.95,True,Historical data from Instagram posts (June-July 2025),Agricome,historical,False,,,1610.0,900.9875,924.2857142857144,33.4,39.5,0,1,1,0,0,0,0,1,0,0,1,0,0,0,0,0,0,0,1,0,1.2246467991473532e-16,-1.0,0.120536680255323,-0.992708874098054,0,322.98,520000.0,505916.5402241936,498874.8103362903,489113.3869741935,501026.05982,646046.8601253334,758317.908348,512958.2701120968,8131.08929269724,502765.9489898186,12455.918568921383,498754.5354760618,11767.887616561426,535688.4882499516,48705.1887411035,520000.0,505916.5402241936,520000.0,486393.6935,0.0,4.234567315489279,3.787016624807227,-31.427176613457142,-4.243,-2.783751598547335,-0.999,13.161586013632684,6.928,0,0,0.333,389805.1,1222,2025,2
Sorghum,2025-06-23,510000.0,NGN,NGN/MT,Agricom,wholesale,National,1650.0,,0.95,True,Historical data from Instagram posts (June-July 2025),Agricome,historical,False,,,1610.0,900.9875,924.2857142857144,33.4,39.5,0,1,1,0,0,0,0,1,0,0,1,0,0,0,0,0,0,0,1,0,1.2246467991473532e-16,-1.0,-3.216245299353273e-16,-1.0,0,316.77,520000.0,520000.0,505916.5402241936,489113.3869741935,496148.60438,635927.586294,772949.7085310001,513979.1350560484,7149.372479787425,505376.77561804437,11322.903910313842,499908.81844439515,12161.773696696133,530845.1195463362,44410.35608016131,520000.0,505916.5402241936,520000.0,486393.6935,-1.9230769230769273,0.8071409908829708,2.791783650648183,-34.01899316719312,-3.177,-1.9230769230769273,-1.029,13.1421679654829,6.928,0,0,0.333,382308.85,1223,2025,2
Sorghum,2025-06-30,494000.0,NGN,NGN/MT,Agricom,wholesale,National,1650.0,,0.95,True,Historical data from Instagram posts (June-July 2025),Agricome,historical,False,,,1610.0,900.9875,924.2857142857144,33.4,39.5,0,1,1,0,0,0,0,1,0,0,1,0,0,0,0,0,0,0,1,0,1.2246467991473532e-16,-1.0,-0.1205366802553228,-0.992708874098054,0,306.83,510000.0,520000.0,505916.5402241936,490473.2337112903,491271.14894,625808.3124626668,787581.508714,511000.0,12274.63509302403,505817.62140413304,10711.927749512695,500136.22269939515,12010.148672705978,525775.569067003,40486.214498795576,520000.0,494000.0,520000.0,486393.6935,-3.1372549019607843,-2.3554359813800274,0.5554673963427348,-37.27633336559332,-2.81,-1.214177978883857,-1.097,13.11029282045951,6.928,0,0,0.333,370314.84,1224,2025,2
Sorghum,2025-07-07,494000.0,NGN,NGN/MT,Agricom,wholesale,National,1650.0,,0.95,True,Historical data from Instagram posts (June-July 2025),Agricome,historical,False,,,1595.0,900.9875,924.2857142857144,33.4,39.5,0,1,1,0,0,0,1,1,0,0,1,0,0,0,0,0,0,0,1,0,-0.4999999999999997,-0.8660254037844388,-0.2393156642875574,-0.970941817426052,0,309.72,494000.0,510000.0,520000.0,491833.0804483871,486393.6935,615689.0386313334,802213.308897,504500.0,12793.227374939363,506088.4863480847,10328.321811829926,500770.0815743951,11404.365901964793,521095.2214273362,36515.22799423085,520000.0,494000.0,520000.0,489113.3869741935,0.0,-5.000000000000004,1.563816842538901,-38.42036843302646,-3.185,3.1372549019607843,-1.055,13.11029282045951,6.928,0,0,0.333,370314.84,1225,2025,3
Sorghum,2025-07-14,495000.0,NGN,NGN/MT,Agricom,wholesale,National,1650.0,,0.95,True,Historical data from Instagram posts (June-July 2025),Agricome,historical,False,,,1595.0,900.9875,924.2857142857144,33.4,39.5,0,1,1,0,0,0,1,1,0,0,1,0,0,0,0,0,0,0,1,0,-0.4999999999999997,-0.8660254037844388,-0.3546048870425356,-0.9350162426854148,0,310.34,494000.0,494000.0,520000.0,498874.8103362903,489113.3869741935,605569.7648,816845.1090800001,498250.0,7847.504911343837,505604.1350560484,10795.238756287728,501260.63265987905,10975.935685307393,516842.53816579777,32501.594300643625,510000.0,494000.0,520000.0,489113.3869741935,0.2024291497975783,-4.807692307692313,1.2035272766143024,-39.400996039810934,-3.597,0.2024291497975783,-1.009,13.112315061750808,6.928,0,0,0.333,371064.47,1226,2025,3
Sorghum,2025-07-21,495000.0,NGN,NGN/MT,Agricom,wholesale,National,1650.0,,0.95,True,Historical data from Instagram posts (June-July 2025),Agricome,historical,False,,,1595.0,900.9875,924.2857142857144,33.4,39.5,0,1,1,0,0,0,1,1,0,0,1,0,0,0,0,0,0,0,1,0,-0.4999999999999997,-0.8660254037844388,-0.464723172043768,-0.8854560256532101,0,310.34,495000.0,494000.0,510000.0,505916.5402241936,489113.3869741935,595903.255948,839250.086675,494500.0,577.3502693913855,504239.5675280242,11421.871160355471,501751.18374536285,10505.12889883257,512961.6437062593,28456.103241603458,495000.0,494000.0,520000.0,490473.2337112903,0.0,-2.941176470588236,1.2035272766143024,-41.01877284742075,-3.599,-0.2024291497975783,-0.973,13.112315061750808,6.928,0,0,0.333,371064.47,1227,2025,3
Sorghum,2025-07-28,461106.0417333333,NGN,NGN/MT,Gap-filled,wholesale,National,,,0.6,False,Weekly gap-fill,Interpolated,historical,False,,,1595.0,900.9875,924.2857142857144,33.4,39.5,0,1,1,0,0,0,1,1,0,0,1,0,0,0,0,0,0,0,1,0,-0.4999999999999997,-0.8660254037844388,-0.5680647467311556,-0.8229838658936565,0,289.09,495000.0,495000.0,494000.0,505916.5402241936,490473.2337112903,586236.747096,861655.06427,486276.51043333334,16786.93267697901,498638.2552166667,18973.309067548224,499303.9177471998,15570.66340272267,508148.9242692337,26047.102713161275,495000.0,461106.0417333333,520000.0,461106.0417333333,-6.847264296296296,-6.658696005398113,-5.98752183798954,-46.48600572852369,-4.304,-6.847264296296296,-1.171,13.041385489675093,6.928,0,0,0.333,345656.7,1228,2025,3
Sorghum,2025-08-04,427212.0834666667,NGN,NGN/MT,Gap-filled,wholesale,National,,,0.6,False,Weekly gap-fill,Interpolated,historical,False,,,1585.0,900.9875,924.2857142857144,33.4,39.5,0,1,0,0,1,0,1,1,0,0,1,0,0,0,0,1,0,0,1,0,-0.8660254037844384,-0.5000000000000004,-0.663122658240795,-0.7485107481711013,0,269.53,461106.0417333333,495000.0,494000.0,520000.0,491833.0804483871,576570.238244,884060.041865,469579.53130000003,32450.994433672357,487039.76565,29493.53291741999,493918.8346653898,26042.501746219397,502404.3798547208,26812.378061654657,495000.0,427212.0834666667,520000.0,427212.0834666667,-7.350577784506274,-13.519821160593793,-13.138806548515946,-51.67612342647831,-6.534,-0.5033134882099777,-1.371,12.965038192251537,6.928,0,0,0.0,320248.94,1229,2025,3
Sorghum,2025-08-11,393318.1252,NGN,NGN/MT,WFP Nigeria Food Prices,wholesale,National,,,0.9,True,WFP VAM data — converted to NGN/MT,WFP,historical,False,,,1585.0,900.9875,924.2857142857144,33.4,39.5,0,1,0,0,1,0,1,1,0,0,1,0,0,0,0,1,0,0,1,0,-0.8660254037844384,-0.5000000000000004,-0.7485107481711011,-0.6631226582407952,0,248.15,427212.0834666667,461106.0417333333,495000.0,520000.0,498874.8103362903,566903.729392,906465.01946,444159.0626,43756.9119679525,471204.53130000003,41023.357549664535,485122.4442373656,38879.48057144902,495728.0104627208,31338.99403756946,495000.0,393318.1252,520000.0,393318.1252,-7.933754586628227,-20.54179288888889,-21.158952696997225,-56.609674200742155,-10.403,-0.5831768021219537,-1.577,12.882376584748428,6.928,0,0,0.0,294841.17,1230,2025,3
Sorghum,2025-08-18,407772.7084,NGN,NGN/MT,Gap-filled,wholesale,National,,,0.6,False,Weekly gap-fill,Interpolated,historical,False,,,1585.0,900.9875,924.2857142857144,33.4,39.5,0,1,0,0,1,0,1,1,0,0,1,0,0,0,0,1,0,0,1,0,-0.8660254037844384,-0.5000000000000004,-0.8229838658936564,-0.5680647467311559,0,257.27,393318.1252,427212.0834666667,495000.0,510000.0,505916.5402241936,552873.039719,886494.2871159376,422352.23970000003,29331.540425525593,458426.11985,43082.340471993964,476943.7915853495,44082.21348214064,490147.22848891316,33594.11922405167,461106.0417333333,393318.1252,520000.0,393318.1252,3.6750361282358757,-17.621675070707067,-19.399213906052925,-54.00165411932647,-13.832,11.608790714864103,-1.435,12.918467663244193,6.928,0,0,0.0,305676.69,1231,2025,3
Sorghum,2025-08-25,400545.4168,NGN,NGN/MT,Gap-filled,wholesale,National,,,0.6,False,Weekly gap-fill,Interpolated,historical,False,,,1585.0,900.9875,924.2857142857144,33.4,39.5,0,1,0,0,1,0,1,1,0,0,1,0,0,0,0,1,0,0,1,0,-0.8660254037844384,-0.5000000000000004,-0.8854560256532096,-0.4647231720437691,0,252.71,407772.7084,393318.1252,461106.0417333333,494000.0,505916.5402241936,538842.350046,886494.2871159376,407212.08346666663,14580.818690742723,446744.29695,44698.308325793085,468162.86463333335,48098.093298864,484828.11567175935,36406.46863691605,427212.0834666667,393318.1252,520000.0,393318.1252,-1.7723823716300435,-13.133773894109313,-20.827768030177285,-54.81692069295695,-16.009,-5.447418499865919,-1.46,12.900584935903588,6.928,0,0,0.0,300258.93,1232,2025,3
Sorghum,2025-09-01,415000.0,NGN,NGN/MT,Agricom,wholesale,National,1650.0,,0.95,True,Historical data from Instagram posts,Agricome,historical,False,,,1580.0,900.9875,924.2857142857144,23.9,25.8,0,1,0,0,1,1,0,0,0,0,0,0,0,0,0,1,0,0,0,0,-1.0,-1.8369701987210287e-16,-0.9350162426854148,-0.3546048870425359,0,262.66,400545.4168,407772.7084,427212.0834666667,494000.0,520000.0,524811.660373,876508.9209439063,404159.06259999995,9330.393335008172,436869.29695,41369.49408926761,459412.86463333335,47355.660064748685,480604.5902727978,37920.58202083589,415000.0,393318.1252,520000.0,393318.1252,3.6087251516892183,-2.858552915350654,-20.192307692307686,-52.65307744351427,-15.906,5.381107523319262,-1.324,12.936036208848487,6.928,0,0,0.0,334947.54,1233,2025,3
Sorghum,2025-09-08,430000.0,NGN,NGN/MT,Agricom,wholesale,National,1650.0,,0.95,True,Historical data from Instagram posts,Agricome,historical,False,,,1580.0,900.9875,924.2857142857144,23.9,25.8,0,1,0,0,1,1,0,0,0,0,0,0,0,0,0,1,0,0,0,0,-1.0,-1.8369701987210287e-16,-0.970941817426052,-0.2393156642875577,0,272.15,415000.0,400545.4168,393318.1252,495000.0,520000.0,510780.9707,866523.554771875,413329.53130000003,12583.148210300624,428744.29695,34058.62360257599,451912.86463333335,43887.72822456727,477497.6298612593,38651.51529396659,430000.0,400545.4168,510000.0,393318.1252,3.6144578313253017,9.326260970390688,-17.307692307692314,-50.37642108722552,-13.438,0.005732679636083482,-1.185,12.971542813248437,6.928,0,0,0.0,347054.08,1234,2025,3
Sorghum,2025-09-15,430000.0,NGN,NGN/MT,Agricom,wholesale,National,1650.0,,0.95,True,Historical data from Instagram posts,Agricome,historical,False,,,1580.0,900.9875,924.2857142857144,23.9,25.8,0,1,0,0,1,1,0,0,0,0,0,0,0,0,0,1,0,0,0,0,-1.0,-1.8369701987210287e-16,-0.992708874098054,-0.1205366802553235,0,272.15,430000.0,415000.0,407772.7084,495000.0,510000.0,505903.51526,843423.0707175,418886.35420000006,14124.682646759802,420619.29695,21392.79750427905,445246.19796666666,40181.61563321327,474578.2638897209,39281.56373698674,430000.0,400545.4168,495000.0,393318.1252,0.0,5.450902216387754,-15.686274509803921,-49.0172826747318,-11.735,-3.6144578313253017,-1.165,12.971542813248437,6.928,0,0,0.0,347054.08,1235,2025,3
Sorghum,2025-09-22,430000.0,NGN,NGN/MT,Agricom,wholesale,National,1650.0,,0.95,True,Historical data from Instagram posts,Agricome,historical,False,,,1580.0,900.9875,924.2857142857144,23.9,25.8,0,1,0,0,1,1,0,0,0,0,0,0,0,0,0,1,0,0,0,0,-1.0,-1.8369701987210287e-16,-1.0,-1.8369701987210287e-16,0,272.15,430000.0,430000.0,400545.4168,461106.0417333333,494000.0,501026.05982,820322.5866631251,426250.0,7500.000000016466,416731.0417333333,14791.094583931426,439912.86463333335,37263.636418275986,471846.49235818244,39834.52772367807,430000.0,415000.0,495000.0,393318.1252,0.0,7.353618831870756,-12.955465587044534,-47.581596924066595,-9.663,0.0,-1.144,12.971542813248437,6.928,0,0,0.0,347054.08,1236,2025,3
Sorghum,2025-09-29,440000.0,NGN,NGN/MT,Agricom,wholesale,National,1650.0,,0.95,True,Historical data from Instagram posts,Agricome,historical,False,,,1580.0,900.9875,924.2857142857144,23.9,25.8,0,1,0,0,1,1,0,0,0,0,0,0,0,0,0,1,0,0,0,0,-1.0,-1.8369701987210287e-16,-0.992708874098054,0.1205366802553232,0,278.48,430000.0,430000.0,415000.0,427212.0834666667,494000.0,496148.60438,797222.1026087501,432500.0,5000.0000000247,418329.5313,16658.700793012053,435412.86463333335,33174.40685315886,469686.9306512593,39986.042577426626,440000.0,430000.0,495000.0,393318.1252,2.3255813953488413,6.024096385542177,-10.93117408906883,-44.808354088504586,-7.917,2.3255813953488413,-1.031,12.994532278619134,6.928,0,0,0.0,355125.1,1237,2025,3
Sorghum,2025-10-06,445000.0,NGN,NGN/MT,Agricom,wholesale,National,1650.0,,0.95,True,Historical data from Instagram posts,Agricome,historical,False,,,1595.0,900.9875,924.2857142857144,23.9,25.8,0,1,0,0,0,1,0,0,0,1,0,1,0,1,1,1,1,0,0,0,-0.8660254037844386,0.5000000000000001,-0.970941817426052,0.2393156642875573,0,279.0,440000.0,430000.0,430000.0,393318.1252,495000.0,491271.14894,774121.618554375,436250.0,7500.000000016472,424789.76564999996,15558.427332849535,431246.19796666666,27697.89473563254,467907.2710766439,40016.6511330965,445000.0,430000.0,495000.0,393318.1252,1.1363636363636465,3.488372093023262,-10.1010101010101,-42.51549248411246,-6.766,-1.1892177589851949,-0.96,13.005831808336863,6.928,0,0,0.333,359160.61,1238,2025,4
Sorghum,2025-10-13,450000.0,NGN,NGN/MT,Agricom,wholesale,National,1650.0,,0.95,True,Historical data from Instagram posts,Agricome,historical,False,,,1595.0,900.9875,924.2857142857144,23.9,25.8,0,1,0,0,0,1,0,0,0,1,0,1,0,1,1,1,1,0,0,0,-0.8660254037844386,0.5000000000000001,-0.9350162426854148,0.3546048870425355,0,282.13,445000.0,440000.0,430000.0,407772.7084,495000.0,486393.6935,751021.1345,441250.0,8539.125638314139,430068.1771,16113.59358052847,427496.19796666666,20354.394025610607,466507.51363433624,39980.640013770026,450000.0,430000.0,461106.0417333333,393318.1252,1.1235955056179803,4.651162790697683,-9.090909090909093,-40.08157968822115,-5.414,-0.012768130745666184,-0.885,13.017005083966255,6.928,0,0,0.333,363196.13,1239,2025,4
Sorghum,2025-10-20,430000.0,NGN,NGN/MT,Agricom,wholesale,National,1650.0,,0.95,True,Historical data from Instagram posts,Agricome,historical,False,,,1595.0,900.9875,924.2857142857144,23.9,25.8,0,1,0,0,0,1,0,0,0,1,0,1,0,1,1,1,1,0,0,0,-0.8660254037844386,0.5000000000000001,-0.8854560256532101,0.464723172043768,0,269.59,450000.0,445000.0,430000.0,400545.4168,461106.0417333333,489113.3869741935,748045.411465625,441250.0,8539.125638314139,433750.0,10938.137736504043,424904.02782222215,17459.90261234243,464233.92182763654,40323.02703308836,450000.0,430000.0,450000.0,393318.1252,-4.444444444444439,0.0,-6.745962732651101,-42.51685881509349,-4.951,-5.56803995006242,-1.065,12.971542813248437,6.928,0,0,0.333,347054.08,1240,2025,4
Sorghum,2025-10-27,430000.0,NGN,NGN/MT,Agricom,wholesale,National,1650.0,,0.95,True,From Agricom Threads - Oct 31,Agricome,historical,False,,,1595.0,900.9875,924.2857142857144,23.9,25.8,0,1,0,0,0,1,0,0,0,1,0,1,0,1,1,1,1,0,0,0,-0.8660254037844386,0.5000000000000001,-0.822983865893657,0.5680647467311548,0,269.59,430000.0,450000.0,440000.0,415000.0,427212.0834666667,489113.3869741935,745069.68843125,438750.0,10307.764064056144,435625.0,8210.402808972965,425136.35419999994,17511.87725928372,461960.3300209368,40530.10566638603,450000.0,430000.0,450000.0,393318.1252,0.0,-2.2727272727272707,0.6525837262631784,-42.287277730306236,-5.024,4.444444444444439,-1.046,12.971542813248437,6.928,0,0,0.333,347054.08,1241,2025,4
Sorghum,2025-11-03,400000.0,NGN,NGN/MT,Agricom,wholesale,National,1650.0,,0.95,True,From Agricom Threads - Nov 7,Agricome,historical,False,,,1600.0,900.9875,924.2857142857144,23.9,25.8,1,0,0,0,0,1,0,0,0,1,0,1,1,1,1,0,1,0,0,0,-0.5000000000000004,0.8660254037844384,-0.7485107481711011,0.6631226582407952,1,250.0,430000.0,430000.0,445000.0,430000.0,393318.1252,490473.2337112903,742093.965396875,427500.0,20615.528128094305,431875.0,15103.807466989121,425693.1771,16484.263243398513,458480.5902628102,41846.62956285335,450000.0,400000.0,450000.0,400000.0,-6.976744186046513,-10.1123595505618,1.6988474143169174,-46.0984701868478,-6.757,-6.976744186046513,-1.361,12.899222326086994,6.928,0,0,0.667,322841.0,1242,2025,4
Sorghum,2025-11-10,350000.0,NGN,NGN/MT,Agricom,wholesale,National,1650.0,,0.95,True,From Agricom Threads - Nov 14,Agricome,historical,False,,,1600.0,900.9875,924.2857142857144,23.9,25.8,1,0,0,0,0,1,0,0,0,1,0,1,1,1,1,0,1,0,0,0,-0.5000000000000004,0.8660254037844384,-0.6631226582407955,0.7485107481711007,1,218.75,400000.0,430000.0,450000.0,430000.0,407772.7084,491833.0804483871,739118.2423625,402500.0,37749.172176357024,421875.0,32725.863515834353,420878.78473333333,27168.18603406275,453025.4717840261,46329.44797788911,430000.0,350000.0,450000.0,350000.0,-12.5,-22.22222222222222,-14.167870288986705,-52.646277694179446,-11.153,-5.523255813953487,-1.91,12.765691290604371,6.928,0,0,0.667,282485.88,1243,2025,4
Sorghum,2025-11-17,360000.0,NGN,NGN/MT,Agricom,wholesale,National,1650.0,,0.95,True,From Agricom Threads - Nov 24,Agricome,historical,False,,,1600.0,900.9875,924.2857142857144,23.9,25.8,1,0,0,0,0,1,0,0,0,1,0,1,1,1,1,0,1,0,0,0,-0.5000000000000004,0.8660254037844384,-0.5680647467311559,0.8229838658936564,1,225.0,350000.0,400000.0,430000.0,430000.0,400545.4168,498874.8103362903,718380.2152610418,385000.0,36968.45502136806,413125.0,38999.77106159749,417500.0,32015.62118716507,447684.132924938,48773.04291608668,430000.0,350000.0,450000.0,350000.0,2.857142857142847,-16.279069767441857,-10.122551675643088,-49.88726132036017,-14.002,15.357142857142847,-1.766,12.793862088206213,6.928,0,0,0.667,290556.9,1244,2025,4
Sorghum,2025-11-24,360000.0,NGN,NGN/MT,Agricom,wholesale,National,1650.0,,0.95,True,From Agricom Threads - Nov 28,Agricome,historical,False,,,1600.0,900.9875,924.2857142857144,23.9,25.8,1,0,0,0,0,1,0,0,0,1,0,1,1,1,1,0,1,0,0,0,-0.5000000000000004,0.8660254037844384,-0.4647231720437684,0.88545602565321,1,225.0,360000.0,350000.0,430000.0,440000.0,415000.0,505916.5402241936,697642.1881595834,367500.0,22173.557826089025,403125.0,41312.18256847853,412916.6666666667,36084.39182435228,442071.9583009305,50179.209912083366,400000.0,350000.0,450000.0,350000.0,0.0,-16.279069767441857,-13.253012048192769,-48.39761612615503,-16.869,-2.857142857142847,-1.737,12.793862088206213,6.928,0,0,0.667,290556.9,1245,2025,4
Sorghum,2025-12-01,330000.0,NGN,NGN/MT,Agricom,wholesale,National,1650.0,,0.95,True,From Agricom Threads - Dec 5,Agricome,historical,False,,,1610.0,900.9875,924.2857142857144,24.2,26.1,1,0,0,0,0,0,0,0,0,1,0,1,1,1,1,0,0,0,0,1,-2.4492935982947064e-16,1.0,-0.3546048870425359,0.9350162426854148,1,204.97,360000.0,360000.0,400000.0,445000.0,430000.0,505916.5402241936,676904.1610581251,350000.0,14142.1356237397,388750.0,44541.3130860378,404583.3333333333,42717.801980680684,435305.93752307695,53006.6282327586,360000.0,330000.0,450000.0,330000.0,-8.333333333333337,-17.500000000000004,-23.25581395348837,-51.24863769722592,-19.597,-8.333333333333337,-2.053,12.706850963741102,6.928,0,0,0.667,265700.48,1246,2025,4
Sorghum,2025-12-08,330000.0,NGN,NGN/MT,Agricom,wholesale,National,1650.0,,0.95,True,From Agricom Threads - Dec 12,Agricome,historical,False,,,1610.0,900.9875,924.2857142857144,24.2,26.1,1,0,0,0,0,0,0,0,0,1,0,1,1,1,1,0,0,0,0,1,-2.4492935982947064e-16,1.0,-0.2393156642875578,0.970941817426052,1,204.97,330000.0,360000.0,350000.0,450000.0,430000.0,520000.0,656166.1339566668,345000.0,17320.508075695918,373750.0,41035.69874424512,396250.0,46861.74054890365,427998.24521538464,53951.96405524245,360000.0,330000.0,450000.0,330000.0,0.0,-5.714285714285716,-23.25581395348837,-49.70785858604017,-19.392,8.333333333333337,-1.985,12.706850963741102,6.928,0,0,0.667,265700.48,1247,2025,4
Sorghum,2025-12-15,350000.0,NGN,NGN/MT,Agricom,wholesale,National,1650.0,,0.95,True,From Agricom Threads - Dec 19,Agricome,historical,False,,,1610.0,900.9875,915.0,24.2,26.1,1,0,0,0,0,0,0,0,0,1,0,1,1,1,1,0,0,0,0,1,-2.4492935982947064e-16,1.0,-0.1205366802553236,0.992708874098054,1,217.39,330000.0,330000.0,360000.0,430000.0,430000.0,520000.0,646046.8601253334,342500.0,15000.00000000825,363750.0,34615.2319898936,389583.3333333333,47312.228542914745,421459.78367692314,52641.5142438537,360000.0,330000.0,450000.0,330000.0,6.060606060606055,-2.777777777777779,-18.6046511627907,-45.82436327728614,-18.735,6.060606060606055,-1.681,12.765691290604371,6.899,0,0,0.667,281803.54,1248,2025,4
Sorghum,2025-12-22,350000.0,NGN,NGN/MT,Agricom,wholesale,National,1650.0,,0.95,True,From Agricom Threads - Dec 23,Agricome,historical,False,,,1610.0,900.9875,915.0,24.2,26.1,1,0,0,0,0,0,0,0,0,1,0,1,1,1,1,0,0,0,0,1,-2.4492935982947064e-16,1.0,6.432490598706546e-16,1.0,1,217.39,350000.0,330000.0,360000.0,430000.0,440000.0,510000.0,635927.586294,340000.0,11547.005383803233,353750.0,21998.376563474794,382083.3333333333,45699.5292065136,415305.93752307695,51209.66351740498,350000.0,330000.0,450000.0,330000.0,0.0,-2.777777777777779,-20.45454545454546,-44.96228697363207,-18.133,-6.060606060606055,-1.637,12.765691290604371,6.899,0,0,0.667,281803.54,1249,2025,4
Sorghum,2025-12-29,350000.0,NGN,NGN/MT,Agricom,wholesale,National,1650.0,,0.95,True,From Agricom Threads - Dec 30,Agricome,historical,False,,,1610.0,900.9875,915.0,24.2,26.1,1,0,0,0,0,0,0,0,0,1,0,1,1,1,1,0,0,0,0,1,-2.4492935982947064e-16,1.0,0.120536680255323,0.992708874098054,1,217.39,350000.0,350000.0,330000.0,400000.0,445000.0,494000.0,625808.3124626668,345000.0,10000.00000001238,347500.0,11649.647450208558,374166.6666666667,41878.250665326166,409767.4759846154,50133.94557951863,350000.0,330000.0,450000.0,330000.0,0.0,6.060606060606055,-21.34831460674157,-44.072331250652795,-15.806,0.0,-1.593,12.765691290604371,6.899,0,0,0.667,281803.54,1250,2025,4
Sorghum,2026-01-05,330000.0,NGN,NGN/MT,Agricom,wholesale,National,1650.0,,0.95,True,From Agricom Threads - Jan 9,Agricome,historical,False,,,1590.0,900.9875,915.0,24.2,26.1,1,0,0,0,0,0,0,0,0,1,0,0,1,0,0,0,0,0,0,1,0.4999999999999999,0.8660254037844387,0.2393156642875577,0.970941817426052,1,207.55,350000.0,350000.0,330000.0,350000.0,450000.0,494000.0,615689.0386313334,345000.0,10000.00000001238,345000.0,13093.07341415438,364166.6666666667,36045.00553811064,403459.78367692314,49424.116813048,350000.0,330000.0,430000.0,330000.0,-5.714285714285716,0.0,-26.66666666666667,-46.40151451557679,-14.49,-5.714285714285716,-1.804,12.706850963741102,6.899,0,0,0.333,265700.48,1251,2026,1
Sorghum,2026-01-12,340000.0,NGN,NGN/MT,Agricom,wholesale,National,1650.0,,0.95,True,From Agricom Threads - Jan 16,Agricome,historical,False,,,1590.0,900.9875,1241.555625,24.2,26.1,1,0,0,0,0,0,0,0,0,1,0,0,1,0,0,0,0,0,0,1,0.4999999999999999,0.8660254037844387,0.3546048870425356,0.9350162426854148,1,213.84,330000.0,350000.0,350000.0,360000.0,430000.0,495000.0,605569.7648,342500.0,9574.27107757631,342500.0,11649.647450208533,356666.6666666667,29949.452365104982,397498.24521538464,47240.69328325008,350000.0,330000.0,430000.0,330000.0,3.0303030303030276,-2.857142857142858,-20.93023255813954,-43.85452845184717,-13.836,8.744588744588743,-1.618,12.73670383776449,7.909,0,0,0.333,273752.01,1252,2026,1
Sorghum,2026-01-19,320000.0,NGN,NGN/MT,Agricom,wholesale,National,1650.0,,0.95,True,From Agricom Threads - Jan 26,Agricome,historical,False,,,1590.0,900.9875,1241.555625,24.2,26.1,1,0,0,0,0,0,0,0,0,1,0,0,1,0,0,0,0,0,0,1,0.4999999999999999,0.8660254037844387,0.4647231720437685,0.8854560256532099,1,201.26,340000.0,330000.0,350000.0,360000.0,430000.0,495000.0,595903.255948,335000.0,12909.944487367646,337500.0,11649.647450208506,347500.0,20943.64733365109,390767.4759846154,45216.62471129502,350000.0,320000.0,400000.0,320000.0,-5.882352941176472,-8.571428571428575,-25.581395348837212,-46.30000812952028,-14.271,-8.912655971479499,-1.828,12.676079399771027,7.909,0,0,0.333,257648.95,1253,2026,1
Sorghum,2026-01-26,300000.0,NGN,NGN/MT,Agricom,wholesale,National,1650.0,,0.95,True,From Agricom Threads - Jan 30,Agricome,historical,False,,,1590.0,900.9875,1241.555625,24.2,26.1,1,0,0,0,0,0,0,0,0,1,0,0,1,0,0,0,0,0,0,1,0.4999999999999999,0.8660254037844387,0.5680647467311558,0.8229838658936564,1,188.68,320000.0,340000.0,350000.0,330000.0,400000.0,461106.0417333333,586236.747096,322500.0,17078.251276606577,333750.0,17677.669529659823,339166.6666666667,17816.403745543656,384571.0897641026,46219.7033158134,340000.0,300000.0,360000.0,300000.0,-6.25,-14.28571428571429,-25.0,-48.82613526257283,-16.14,-0.3676470588235281,-2.016,12.611541086966115,7.909,0,0,0.333,241545.89,1254,2026,1
Sorghum,2026-02-02,300000.0,NGN,NGN/MT,Agricom,wholesale,National,1650.0,,0.95,True,From Agricom Threads - Feb 6,Agricome,historical,False,,,1600.0,900.9875,1241.555625,24.2,26.1,1,0,0,0,0,0,0,0,1,1,0,0,1,0,0,0,0,0,0,0,0.8660254037844386,0.5000000000000001,0.6631226582407952,0.7485107481711011,1,187.5,300000.0,320000.0,330000.0,330000.0,350000.0,427212.0834666667,576570.238244,315000.0,19148.542155133226,330000.0,21380.899352990742,335000.0,20670.576365275923,379678.31732307695,48215.3998091231,340000.0,300000.0,360000.0,300000.0,0.0,-9.090909090909093,-14.28571428571429,-47.96817801181018,-17.035,6.25,-1.932,12.611541086966115,7.909,0,0,0.333,241545.89,1255,2026,1
Sorghum,2026-02-09,300000.0,NGN,NGN/MT,Agricom,wholesale,National,1650.0,,0.95,True,From Agricom Threads - Feb 13,Agricome,historical,False,,,1600.0,900.9875,1075.261304347826,24.2,26.1,1,0,0,0,0,0,0,0,1,1,0,0,1,0,0,0,0,0,0,0,0.8660254037844386,0.5000000000000001,0.7485107481711011,0.6631226582407953,1,187.5,300000.0,300000.0,340000.0,350000.0,360000.0,393318.1252,566903.729392,305000.0,10000.000000012387,323750.0,21998.376563474714,330000.0,21320.071635560398,376089.15866153844,50575.004025315495,320000.0,300000.0,360000.0,300000.0,0.0,-11.764705882352944,-16.666666666666664,-47.080961996537276,-18.902,0.0,-1.852,12.611541086966115,7.395,0,0,0.333,241545.89,1256,2026,1
Sorghum,2026-02-16,300000.0,NGN,NGN/MT,Agricom,wholesale,National,1650.0,,0.95,True,From Agricom Threads - Feb 23,Agricome,historical,False,,,1600.0,900.9875,1075.261304347826,24.2,26.1,1,0,0,0,0,0,0,0,1,1,0,0,1,0,0,0,0,0,0,0,0.8660254037844386,0.5000000000000001,0.8229838658936564,0.5680647467311559,1,187.5,300000.0,300000.0,320000.0,350000.0,360000.0,407772.7084,552873.039719,300000.0,0.0,317500.0,20528.725518853644,325000.0,20670.576365275738,371944.0544923077,52262.705419023165,300000.0,300000.0,350000.0,300000.0,0.0,-6.25,-16.666666666666664,-45.73799435898046,-19.343,0.0,-1.775,12.611541086966115,7.395,0,0,0.333,241545.89,1257,2026,1
Sorghum,2026-02-23,275000.0,NGN,NGN/MT,Agricom,wholesale,National,1650.0,,0.95,True,From Agricom Threads - Feb 26,Agricome,historical,False,,,1600.0,900.9875,1075.261304347826,24.2,26.1,1,0,0,0,0,0,0,0,1,1,0,0,1,0,0,0,0,1,0,0,0.8660254037844386,0.5000000000000001,0.8854560256532099,0.4647231720437686,1,171.88,300000.0,300000.0,300000.0,350000.0,330000.0,400545.4168,538842.350046,293750.0,12500.00000000991,308125.0,20691.181696555177,320416.6666666667,25086.96993672265,367115.3846153846,55229.93892669205,300000.0,275000.0,350000.0,275000.0,-8.333333333333337,-8.333333333333337,-16.666666666666664,-48.964664715658714,-19.984,-8.333333333333337,-2.004,12.524530013005734,7.395,0,0,0.333,221417.07,1258,2026,1
Sorghum,2026-03-02,285000.0,NGN,NGN/MT,Agricom,wholesale,National,1650.0,,0.95,True,Historical data from Instagram posts,Agricome,historical,False,,,1620.0,900.9875,1075.261304347826,24.2,26.1,1,0,0,1,0,0,0,0,1,1,0,0,0,0,0,0,0,1,0,0,1.0,6.123233995736766e-17,0.9350162426854148,0.3546048870425355,0,175.93,275000.0,300000.0,300000.0,330000.0,330000.0,415000.0,524811.660373,290000.0,12247.448713926007,302500.0,19999.999999996482,316666.6666666667,26827.168499432297,362115.3846153846,56589.275961494015,300000.0,275000.0,350000.0,275000.0,3.6363636363636376,-5.000000000000004,-13.636363636363635,-45.69480415175195,-19.915,11.969696969696976,-1.782,12.560247968016562,7.395,0,0,0.333,229468.6,1259,2026,1
Sorghum,2026-03-09,285000.0,NGN,NGN/MT,Agricom,wholesale,National,1650.0,,0.95,True,Historical data from Instagram posts (Jan-Feb 2025),Agricome,historical,False,,,1620.0,900.9875,1273.415,24.2,26.1,1,0,0,1,0,0,0,0,1,1,0,0,0,0,0,0,0,1,0,0,1.0,6.123233995736766e-17,0.970941817426052,0.239315664287558,0,175.93,285000.0,275000.0,300000.0,340000.0,350000.0,430000.0,510780.9707,286250.0,10307.764064056177,295625.0,13741.880719688414,311250.0,26035.378028576197,356538.46153846156,56776.213871113505,300000.0,275000.0,350000.0,275000.0,0.0,-5.000000000000004,-18.571428571428573,-44.203089709974584,-19.714,-3.6363636363636376,-1.698,12.560247968016562,8.007,0,0,0.333,229468.6,1260,2026,1
Sorghum,2026-03-16,280000.0,NGN,NGN/MT,Agricom,wholesale,National,1650.0,,0.95,True,Historical data from Agricom Instagram post,Agricome,historical,False,,,1620.0,1380.0,1200.0,24.2,26.1,1,0,0,1,0,0,0,0,1,1,0,0,0,0,0,0,0,1,0,0,1.0,6.123233995736766e-17,0.992708874098054,0.120536680255323,0,172.84,285000.0,285000.0,300000.0,320000.0,350000.0,430000.0,505903.51526,281250.0,4787.135538807593,290625.0,10500.850305699774,305416.6666666667,24351.4357737358,350769.23076923075,56633.77627692299,285000.0,275000.0,350000.0,275000.0,-1.7543859649122862,-6.666666666666665,-19.999999999999996,-44.65347807356132,-19.819,-1.7543859649122862,-1.68,12.54254845357358,9.944,1,2,0.333,225442.83,1261,2026,1
Sorghum,2026-03-23,320000.0,NGN,NGN/MT,Agricom,wholesale,National,,,0.95,True,Scraped from @agricomeafrica social media posts,Agricome,historical,False,,320000.0,1620.0,1450.0,1250.0,24.2,26.1,1,0,0,1,0,0,0,0,1,1,0,0,0,0,0,0,0,0,0,0,1.0,6.123233995736766e-17,1.0,-1.6081226496766364e-16,0,197.53,280000.0,285000.0,275000.0,300000.0,350000.0,430000.0,501026.05982,292500.0,18484.227510689077,293125.0,14623.244705404612,302916.6666666667,20610.934138475142,346538.46153846156,54548.49641867687,320000.0,280000.0,340000.0,275000.0,14.28571428571428,16.36363636363636,-8.571428571428575,-36.13106669242633,-15.594,16.040100250626566,-1.129,12.676079399771027,10.414,1,2,0.333,257648.95,1262,2026,1
Sorghum,2026-03-30,320000.0,NGN,NGN/MT,Agricom,wholesale,National,,,0.95,True,Scraped from @agricomeafrica social media posts,Agricome,historical,False,,320000.0,1620.0,1420.0,1270.0,24.2,26.1,1,0,0,1,0,0,0,0,1,1,0,0,0,0,0,0,0,0,0,0,1.0,6.123233995736766e-17,0.992708874098054,-0.1205366802553228,0,197.53,320000.0,280000.0,285000.0,300000.0,330000.0,440000.0,496148.60438,301250.0,21746.647251172188,295625.0,17410.485346476085,302083.3333333333,19593.40488918321,341923.07692307694,51304.520718488144,320000.0,280000.0,340000.0,275000.0,0.0,12.280701754385959,-3.0303030303030276,-35.503194572142306,-11.895,-14.28571428571428,-1.087,12.676079399771027,10.341,1,2,0.333,257648.95,1263,2026,1
Sorghum,2026-04-06,320000.0,NGN,NGN/MT,Agricom,wholesale,National,,,0.95,True,Scraped from @agricomeafrica social media posts,Agricome,historical,False,,320000.0,1640.0,1420.0,1260.0,24.2,26.1,0,1,1,1,0,0,0,0,1,0,0,0,0,0,0,0,0,0,0,0,0.8660254037844387,-0.4999999999999998,0.970941817426052,-0.2393156642875575,0,195.12,320000.0,320000.0,285000.0,300000.0,340000.0,445000.0,491271.14894,310000.0,20000.0000000062,298125.0,19445.43648262643,300416.6666666667,16713.948085536616,337115.3846153846,46929.161017922306,320000.0,280000.0,320000.0,275000.0,0.0,12.280701754385959,-5.882352941176472,-34.86285512787516,-8.043,0.0,-1.046,12.676079399771027,10.31,1,2,0.333,257648.95,1264,2026,2
Sorghum,2026-04-13,363579.6934,NGN,NGN/MT,WFP Nigeria Food Prices,wholesale,National,,,0.9,True,WFP VAM data — converted to NGN/MT,WFP,historical,False,,,1640.0,1420.0,1510.0214285714285,25.8,27.8,0,1,1,1,0,0,0,0,1,0,0,0,0,0,0,0,0,0,0,0,0.8660254037844387,-0.4999999999999998,0.9350162426854148,-0.3546048870425354,0,221.69,320000.0,320000.0,280000.0,300000.0,320000.0,450000.0,486393.6935,330894.92335,21789.846700005684,306072.461675,30289.9773298087,304048.3077833333,24347.319923321662,333791.52666923084,41341.90526439983,363579.6934,320000.0,363579.6934,275000.0,13.61865418749999,29.849890499999997,13.61865418749999,-25.24991621833189,-0.868,13.61865418749999,-0.468,12.803756541415842,11.083,1,2,0.333,289014.06,1265,2026,2
Sorghum,2026-04-20,358232.26680694445,NGN,NGN/MT,Gap-filled,wholesale,National,,,0.6,False,Weekly gap-fill,Interpolated,historical,False,,,1640.0,1420.0,1260.0,25.8,27.8,0,1,1,1,0,0,0,0,1,0,0,0,0,0,0,0,0,0,0,0,0.8660254037844387,-0.4999999999999998,0.8854560256532099,-0.4647231720437685,0,218.43,363579.6934,320000.0,320000.0,275000.0,300000.0,430000.0,489113.3869741935,340452.9900517361,23717.761936366504,316476.49502586806,32318.891431687807,308900.99668391206,28853.29886088109,331031.22923872864,36808.69865701926,363579.6934,320000.0,363579.6934,275000.0,-1.4707715227573082,11.947583377170146,19.410755602314822,-26.758850535030355,2.846,-15.089425710257299,-0.509,12.788939636454254,10.31,1,2,0.333,284763.33,1266,2026,2
Sorghum,2026-04-27,352884.8402138889,NGN,NGN/MT,Gap-filled,wholesale,National,,,0.6,False,Weekly gap-fill,Interpolated,historical,False,,,1640.0,1420.0,1260.0,25.8,27.8,0,1,1,1,0,0,0,0,1,0,0,0,0,0,0,0,0,0,0,0,0.8660254037844387,-0.4999999999999998,0.8229838658936565,-0.5680647467311557,0,215.17,358232.26680694445,363579.6934,320000.0,285000.0,300000.0,430000.0,489113.3869741935,348674.2001052083,19608.413255836706,324962.10005260416,31781.236878004907,313308.0667017361,31304.84273124382,328065.26155464747,31193.62054995178,363579.6934,320000.0,363579.6934,275000.0,-1.4927261133451553,10.276512566840278,17.62828007129631,-27.852140298808102,6.282,-0.0219545905878471,-0.551,12.773899884783246,10.31,1,2,0.333,280512.59,1267,2026,2
Sorghum,2026-05-04,348332.6557822222,NGN,NGN/MT,Gap-filled,wholesale,National,,,0.6,False,Weekly gap-fill,Interpolated,historical,False,,,1650.0,1400.0,1240.0,26.0,28.0,0,1,1,1,0,0,0,0,1,0,1,0,0,0,0,0,0,0,0,0,0.4999999999999999,-0.8660254037844387,0.7485107481711013,-0.663122658240795,0,211.11,352884.8402138889,358232.26680694445,320000.0,285000.0,300000.0,400000.0,490473.2337112903,355757.3640507639,6600.294593616769,332878.68202538195,28076.84454165589,317335.7880169213,32522.540009985958,326078.0560078099,27899.48825044213,363579.6934,348332.6557822222,363579.6934,275000.0,-1.2899914966331583,8.853954931944452,16.110885260740737,-28.980292533707765,9.102,0.202734616711997,-0.582,12.760916080403101,10.158,1,2,0.333,276454.49,1268,2026,2
Sorghum,2026-05-11,342189.98702777777,NGN,NGN/MT,WFP Nigeria Food Prices,wholesale,National,,,0.9,True,WFP VAM data — converted to NGN/MT,WFP,historical,False,,,1650.0,1400.0,1240.0,26.0,28.0,0,1,1,1,0,0,0,0,1,0,1,0,0,0,0,0,0,0,0,0,0.4999999999999999,-0.8660254037844387,0.6631226582407952,-0.7485107481711012,0,207.39,348332.6557822222,352884.8402138889,363579.6934,280000.0,300000.0,350000.0,491833.0804483871,350409.93745770835,6811.672930370846,340652.4304038542,18225.80773521042,320851.6202692361,32757.70615914695,325777.67089349363,27672.748342801948,358232.26680694445,342189.98702777777,363579.6934,275000.0,-1.7634490055634777,-5.883086091029255,14.063329009259263,-30.425585299017488,7.561,-0.47345750893031946,-0.633,12.743124301775948,10.158,1,2,0.333,271579.35,1269,2026,2
Sorghum,2026-05-11,342189.98702777777,NGN,NGN/MT,WFP Nigeria Food Prices,wholesale,National,,,0.9,True,WFP VAM data — converted to NGN/MT,WFP,historical,False,,,1650.0,1400.0,1701.628125,26.0,28.0,0,1,1,1,0,0,0,0,1,0,1,0,0,0,0,0,0,0,0,0,0.4999999999999999,-0.8660254037844387,0.6631226582407952,-0.7485107481711012,0,207.39,342189.98702777777,348332.6557822222,358232.26680694445,320000.0,275000.0,360000.0,498874.8103362903,346399.3675129167,5203.739931541909,343426.1787823264,16210.896826584225,326450.78585488425,29818.370470141876,325092.67039456195,27004.089664157804,352884.8402138889,342189.98702777777,363579.6934,280000.0,0.0,-4.478178340035477,24.432722555555554,-31.407643773974403,6.554,1.7634490055634777,-0.604,12.743124301775948,11.585,1,2,0.333,271579.35,1269,2026,2
Sorghum,2026-05-18,348332.6557822222,NGN,NGN/MT,Gap-filled,wholesale,National,,,0.6,False,Weekly gap-fill,Interpolated,historical,False,,,1650.0,1400.0,1240.0,26.0,28.0,0,1,1,1,0,0,0,0,1,0,1,0,0,0,0,0,0,0,0,0,0.4999999999999999,-0.8660254037844387,0.5680647467311558,-0.8229838658936564,0,211.11,342189.98702777777,342189.98702777777,352884.8402138889,320000.0,285000.0,360000.0,505916.5402241936,345261.321405,3546.471458956192,346967.7607551042,13171.926167339318,331728.50717006944,27314.4714701022,324643.9263861859,26492.91307091119,348332.6557822222,342189.98702777777,363579.6934,280000.0,1.7951047626492356,-1.2899914966331583,22.221984484990266,-31.148197758495723,6.351,1.7951047626492356,-0.491,12.760916080403101,10.158,1,2,0.333,276454.49,1270,2026,2
Sorghum,2026-05-25,354475.3245366667,NGN,NGN/MT,Gap-filled,wholesale,National,,,0.6,False,Weekly gap-fill,Interpolated,historical,False,,,1650.0,1400.0,1240.0,26.0,28.0,0,1,1,1,0,0,0,0,1,0,1,0,0,0,0,0,0,0,0,0,0.4999999999999999,-0.8660254037844387,0.464723172043769,-0.8854560256532096,0,214.83,348332.6557822222,342189.98702777777,348332.6557822222,320000.0,285000.0,330000.0,505916.5402241936,346796.9885936111,5881.157579494057,351277.17632218753,7512.203084277598,337518.117548125,23623.010982382035,325585.28502221155,27118.293314665112,354475.3245366667,342189.98702777777,363579.6934,280000.0,1.7634490055634888,1.7634490055634888,24.37730685497077,-29.93403133655538,6.515,-0.03165575708574675,-0.375,12.77839683721396,10.158,1,2,0.333,281329.62,1271,2026,2
Sorghum,2026-06-01,360617.9932911111,NGN,NGN/MT,Gap-filled,wholesale,National,,,0.6,False,Weekly gap-fill,Interpolated,historical,False,,,1655.0,1380.0,1220.0,26.2,28.2,0,1,1,0,0,0,0,1,0,0,1,0,0,0,0,0,0,0,1,0,1.2246467991473532e-16,-1.0,0.3546048870425358,-0.9350162426854148,0,217.9,354475.3245366667,348332.6557822222,342189.98702777777,363579.6934,280000.0,330000.0,520000.0,351403.9901594444,7930.151262426242,350906.96380857634,6864.347258648398,344236.28365571756,16017.542852879686,326762.9001487928,27969.119067842563,360617.9932911111,342189.98702777777,363579.6934,320000.0,1.7328903676083751,5.385314287947707,28.792140461111092,-30.650385905555567,7.541,-0.03055863795511371,-0.252,12.795577259720648,10.005,1,2,0.333,285751.18,1272,2026,2
Sorghum,2026-06-08,360617.9932911111,NGN,NGN/MT,Gap-filled,wholesale,National,,,0.6,False,Weekly gap-fill,Interpolated,historical,False,,,1655.0,1380.0,1220.0,26.2,28.2,0,1,1,0,0,0,0,1,0,0,1,0,0,0,0,0,0,0,1,0,1.2246467991473532e-16,-1.0,0.2393156642875576,-0.970941817426052,0,217.9,360617.9932911111,354475.3245366667,342189.98702777777,358232.26680694445,320000.0,350000.0,520000.0,356010.99172527774,5881.157579493897,351205.1796190972,7268.006321708846,347621.1164299768,14664.912731674054,327171.2845061431,28396.238367496782,360617.9932911111,348332.6557822222,363579.6934,320000.0,0.0,5.385314287947707,12.69312290347222,-30.650385905555567,8.815,-1.7328903676083751,-0.216,12.795577259720648,10.005,1,2,0.333,285751.18,1273,2026,2
Sorghum,2026-06-15,372903.3308,NGN,NGN/MT,WFP Nigeria Food Prices,wholesale,National,,,0.9,True,WFP VAM data — converted to NGN/MT,WFP,historical,False,,,1655.0,1380.0,1220.0,26.2,28.2,0,1,1,0,0,0,0,1,0,0,1,0,0,0,0,0,0,0,1,0,1.2246467991473532e-16,-1.0,0.120536680255323,-0.992708874098054,0,225.32,360617.9932911111,360617.9932911111,348332.6557822222,352884.8402138889,320000.0,350000.0,510000.0,362153.6604797222,7729.355347810227,353707.4909423611,10607.702191831739,352029.72732997686,13513.260859097161,328052.1818446047,29467.78115812104,372903.3308,354475.3245366667,372903.3308,320000.0,3.406745569395775,7.053796022253911,16.532290874999987,-26.881699843137252,10.395,3.406745569395775,0.02,12.829077179936961,10.005,1,2,0.333,295486.0,1274,2026,2
Sorghum,2026-06-22,366760.66204555554,NGN,NGN/MT,Gap-filled,wholesale,National,,,0.6,False,Weekly gap-fill,Interpolated,historical,False,,,1655.0,1380.0,1220.0,26.2,28.2,0,1,1,0,0,0,0,1,0,0,1,0,0,0,0,0,0,0,1,0,1.2246467991473532e-16,-1.0,-3.216245299353273e-16,-1.0,0,221.61,372903.3308,360617.9932911111,354475.3245366667,348332.6557822222,320000.0,350000.0,494000.0,365224.9948569444,5881.157579493728,356010.9917252778,11254.909509882928,355926.4491671065,9618.042332259633,328696.8226925107,30142.71936628509,372903.3308,360617.9932911111,372903.3308,342189.98702777777,-1.6472549980356632,3.4657807352167502,14.612706889236105,-25.756951002923977,11.113,-5.054000567431438,-0.043,12.81246749385156,10.005,1,2,0.333,290618.59,1275,2026,2
Sorghum,2026-06-29,345000.0,NGN,NGN/MT,Agricom,wholesale,National,,,0.95,True,"Agricome official Threads post, 2026-06-30 - direct real price, no scaling",Agricome,historical,False,,,1655.0,1380.0,1220.0,26.2,28.2,0,1,1,0,0,0,0,1,0,0,1,0,0,0,0,0,0,0,1,0,1.2246467991473532e-16,-1.0,-0.1205366802553228,-0.992708874098054,0,208.46,366760.66204555554,372903.3308,360617.9932911111,342189.98702777777,363579.6934,330000.0,494000.0,361320.4965341666,11980.672885249447,356362.24334680557,10796.465445706783,354378.1413837732,9768.326280597788,329273.74576943374,30311.733532040904,372903.3308,345000.0,372903.3308,342189.98702777777,-5.93320502918403,-4.330896844213584,-5.110212076547171,-30.16194331983806,9.733,-4.285950031148367,-0.387,12.75130259456002,10.005,1,2,0.333,273375.59,1276,2026,2
Sorghum,2026-07-06,335000.0,NGN,NGN/MT,Agricom,wholesale,National,,,0.95,True,"Agricome official Threads post, 2026-07-08 - direct real price, no scaling",Agricome,historical,False,,,1660.0,1360.0,1210.0,26.3,28.3,0,1,1,0,0,0,1,1,0,0,1,0,0,0,0,0,0,0,1,0,-0.4999999999999997,-0.8660254037844388,-0.2393156642875574,-0.970941817426052,0,201.81,345000.0,366760.66204555554,360617.9932911111,342189.98702777777,358232.26680694445,340000.0,495000.0,354915.9982113889,17877.49236966958,355463.49496833334,12334.482821376623,352442.1191498611,11140.842457111368,329081.43807712605,30256.771580701807,372903.3308,335000.0,372903.3308,335000.0,-2.898550724637683,-7.103914326990002,-6.485252435248833,-32.32323232323232,7.851,3.0346543045463474,-0.541,12.721888795877375,9.884,1,2,0.333,265241.49,1277,2026,3
Sorghum,2026-07-13,444444.0,NGN,NGN/MT,WFP Nigeria Food Prices,wholesale,National,,,0.9,True,WFP VAM data — converted to NGN/MT,WFP,historical,False,,,1660.0,1360.0,1210.0,26.3,28.3,0,1,1,0,0,0,1,1,0,0,1,0,0,0,0,0,0,0,1,0,-0.4999999999999997,-0.8660254037844388,-0.3546048870425356,-0.9350162426854148,0,267.74,335000.0,345000.0,372903.3308,348332.6557822222,352884.8402138889,320000.0,495000.0,372801.1655113889,49568.18984488287,367477.41299555555,33331.63204304292,360072.04913203703,28811.080849410093,333867.74576943374,37692.02916456903,444444.0,335000.0,444444.0,335000.0,32.66985074626865,19.184776131262172,25.94590340877656,-10.21333333333333,11.661,35.56840147090633,1.635,13.004581591747163,9.884,1,2,0.333,351895.49,1278,2026,3
Sorghum,2026-07-13,444444.0,NGN,NGN/MT,WFP Nigeria Food Prices,wholesale,National,,,0.9,True,WFP VAM data — converted to NGN/MT,WFP,historical,False,,,1660.0,1360.0,2000.0,26.3,28.3,0,1,1,0,0,0,1,1,0,0,1,0,0,0,0,0,0,0,1,0,-0.4999999999999997,-0.8660254037844388,-0.3546048870425356,-0.9350162426854148,0,267.74,444444.0,335000.0,366760.66204555554,354475.3245366667,348332.6557822222,300000.0,461106.0417333333,392222.0,60438.80965075532,378723.4974284722,42291.48808788037,368081.32781685184,37345.91662387988,339423.28423097223,42799.46082005693,444444.0,335000.0,444444.0,335000.0,0.0,21.180935142056036,27.591827129141365,-3.6134945598846224,15.555,-32.66985074626865,1.661,13.004581591747163,12.328,1,2,0.333,351895.49,1278,2026,3
Sorghum,2026-07-20,358951.6654,NGN,NGN/MT,Gap-filled,wholesale,National,,,0.6,False,Weekly gap-fill,Interpolated,historical,False,,,1660.0,1360.0,1210.0,26.3,28.3,0,1,1,0,0,0,1,1,0,0,1,0,0,0,0,0,0,0,1,0,-0.4999999999999997,-0.8660254037844388,-0.464723172043768,-0.8854560256532101,0,216.24,444444.0,444444.0,345000.0,360617.9932911111,342189.98702777777,300000.0,427212.0834666667,395709.91634999996,57116.5030866394,378515.2064420833,42397.369752354956,369478.1343478703,36595.415459794,341690.6559771261,42184.51998219249,444444.0,335000.0,444444.0,335000.0,-19.235794520794524,4.043960985507256,4.898354425216289,-15.978110336383477,15.809,-19.235794520794524,-0.036,12.790945807523793,9.884,1,2,0.333,284205.59,1279,2026,3
Sorghum,2026-07-27,355000.0,NGN,NGN/MT,Agricom,wholesale,National,,,0.95,True,"Agricome official Threads post, 2026-07-29 - direct real price, no scaling",Agricome,historical,False,,,1660.0,1360.0,1210.0,26.3,28.3,0,1,1,0,0,0,1,1,0,0,1,0,0,0,0,0,0,0,1,0,-0.4999999999999997,-0.8660254037844388,-0.5680647467311556,-0.8229838658936565,0,213.86,358951.6654,444444.0,335000.0,360617.9932911111,342189.98702777777,300000.0,393318.1252,400709.91634999996,50525.53189737594,377812.95728069445,42780.95069702737,370545.6354288889,35907.41560123812,343806.04059251066,41381.65044648173,444444.0,355000.0,444444.0,335000.0,-1.100890671616317,5.970149253731338,3.7435382266700845,-9.742272919793738,16.551,18.134903849178208,-0.102,12.779875885354993,9.884,1,2,0.333,281076.8,1280,2026,3
Sorghum,2026-08-03,352250.0,NGN,NGN/MT,Gap-filled,wholesale,National,,,0.6,False,Weekly gap-fill,Interpolated,historical,False,,,1665.0,1350.0,1200.0,26.2,28.2,0,1,0,0,1,0,1,1,0,0,1,0,0,0,0,1,0,0,1,0,-0.8660254037844384,-0.5000000000000004,-0.663122658240795,-0.7485107481711013,0,211.56,355000.0,358951.6654,444444.0,372903.3308,348332.6557822222,300000.0,407772.7084,377661.41634999996,44606.60687791318,375231.29093069443,43732.15316218115,370872.0807803704,35704.34460311005,345815.6559771261,40426.89881556913,444444.0,352250.0,444444.0,335000.0,-0.7746478873239426,-20.74367074367074,1.1245986136387165,-13.616092312273054,9.209,0.3262427842923743,-0.138,12.772099268649729,9.808,1,2,0.0,279120.44,1281,2026,3
Sorghum,2026-08-10,349500.0,NGN,NGN/MT,Gap-filled,wholesale,National,,,0.6,False,Weekly gap-fill,Interpolated,historical,False,,,1665.0,1350.0,1200.0,26.2,28.2,0,1,0,0,1,0,1,1,0,0,1,0,0,0,0,1,0,0,1,0,-0.8660254037844384,-0.5000000000000004,-0.7485107481711011,-0.6631226582407952,0,209.91,352250.0,355000.0,444444.0,366760.66204555554,354475.3245366667,275000.0,400545.4168,353925.41634999996,4033.5773762624544,373073.708175,44626.40956376811,370457.4704023148,35940.16727245704,348681.04059251066,37759.02530610071,358951.6654,349500.0,444444.0,335000.0,-0.7806955287437911,-21.362421362421358,-1.4035742948172558,-12.743977251770167,1.504,-0.006047641419848482,-0.176,12.764261701882237,9.808,1,2,0.0,276941.36,1282,2026,3
Sorghum,2026-08-17,349500.0,NGN,NGN/MT,Gap-filled,wholesale,National,,,0.6,False,Weekly gap-fill,Interpolated,historical,False,,,1665.0,1350.0,1200.0,26.2,28.2,0,1,0,0,1,0,1,1,0,0,1,0,0,0,0,1,0,0,1,0,-0.8660254037844384,-0.5000000000000004,-0.8229838658936564,-0.5680647467311559,0,209.91,349500.0,352250.0,358951.6654,345000.0,360617.9932911111,285000.0,415000.0,351562.5,2632.9245463756774,373636.208175,44248.761710353014,369530.9709613889,36357.756832205545,351161.8098232799,35456.44423788177,355000.0,349500.0,444444.0,335000.0,0.0,-2.633130393605354,-3.083038976964192,-15.783132530120481,0.114,0.7806955287437911,-0.152,12.764261701882237,9.808,1,2,0.0,276941.36,1283,2026,3
Sorghum,2026-08-24,344000.0,NGN,NGN/MT,Agricom,wholesale,National,,,0.95,True,"Agricome official Threads post, 2026-08-28 - direct real price, no scaling",Agricome,historical,False,,,1665.0,1350.0,1200.0,26.2,28.2,0,1,0,0,1,0,1,1,0,0,1,0,0,0,0,1,0,0,1,0,-0.8660254037844384,-0.5000000000000004,-0.8854560256532096,-0.4647231720437691,0,206.61,349500.0,349500.0,355000.0,335000.0,360617.9932911111,285000.0,430000.0,348812.5,3460.340782867351,374761.208175,43228.78281083965,368146.1381871296,37038.220389823044,353431.04059251066,32844.48676738241,352250.0,344000.0,444444.0,335000.0,-1.573676680972813,-3.0985915492957705,-4.608198592491219,-19.999999999999996,-1.307,-1.573676680972813,-0.239,12.748399843328054,9.808,1,2,0.0,272583.2,1284,2026,3
