commodity,date,price_ngn_mt,currency,unit,source,market_type,region,fx_rate,rainfall_index,data_quality_score,is_validated,notes,data_source,record_type,outlier_flag,outlier_reason,price_raw_ngn_mt,fx_rate_usd_ngn,fuel_diesel_ngn_litre,fuel_petrol_ngn_litre,headline_inflation_yoy,food_inflation_yoy,season_dry,season_rainy,season_planting,season_planting_early,season_planting_late,season_harvesting,season_harvest_early,season_harvest_lean,cashew_harvest,cocoa_main_crop,cocoa_mid_crop,sesame_harvest,ginger_harvest,hibiscus_harvest,sorghum_harvest,maize_harvest,soybean_harvest,is_ramadan,is_lean_season,is_festive_period,month_sin,month_cos,week_sin,week_cos,wheat_harvest,price_usd_mt,price_lag_1w,price_lag_2w,price_lag_4w,price_lag_8w,price_lag_12w,price_lag_26w,price_lag_52w,rolling_mean_4w,rolling_std_4w,rolling_mean_8w,rolling_std_8w,rolling_mean_12w,rolling_std_12w,rolling_mean_26w,rolling_std_26w,rolling_max_4w,rolling_min_4w,rolling_max_12w,rolling_min_12w,pct_change_1w,pct_change_4w,pct_change_12w,pct_change_52w,momentum_4w_vs_26w,acceleration_1w,price_zscore_52w,log_price,fuel_cost_index,shock_active,shock_severity,commodity_season_score,price_real_ngn_mt,weeks_since_start,year,quarter
Wheat,2010-01-04,338631.35,NGN,NGN/MT,Historical (World Bank Pink Sheet × FX),wholesale,National,,,0.65,False,Synthetic: World Bank wheat USD × NGN/USD FX + Nigeria import premium (calibrated),Synthetic (World Bank/FAO × FX),historical,True,Hard bound violation (synthetic),100000.0,150.3,155.0,97.0,11.4,12.5,1,0,0,0,0,0,0,0,0,1,0,0,1,0,0,0,0,0,0,1,0.4999999999999999,0.8660254037844387,0.120536680255323,0.992708874098054,1,2253.04,,,,,,,,,,,,,,,,,,,,,,,,,,,12.732670284578193,1.0,0,0,0.0,303977.87,0,2010,1
Wheat,2010-01-11,338631.35,NGN,NGN/MT,Historical (World Bank Pink Sheet × FX),wholesale,National,,,0.65,False,Synthetic: World Bank wheat USD × NGN/USD FX + Nigeria import premium (calibrated),Synthetic (World Bank/FAO × FX),historical,True,Hard bound violation (synthetic),100000.0,150.3,155.0,97.0,11.4,12.5,1,0,0,0,0,0,0,0,0,1,0,0,1,0,0,0,0,0,0,1,0.4999999999999999,0.8660254037844387,0.2393156642875577,0.970941817426052,1,2253.04,338631.35,,,,,,,338631.35,0.0,338631.35,0.0,338631.35,0.0,338631.35,0.0,338631.35,338631.35,338631.35,338631.35,0.0,,,,0.0,,,12.732670284578193,1.0,0,0,0.0,303977.87,1,2010,1
Wheat,2010-01-18,338631.35,NGN,NGN/MT,Historical (World Bank Pink Sheet × FX),wholesale,National,,,0.65,False,Synthetic: World Bank wheat USD × NGN/USD FX + Nigeria import premium (calibrated),Synthetic (World Bank/FAO × FX),historical,True,Hard bound violation (synthetic),100000.0,150.3,155.0,97.0,11.4,12.5,1,0,0,0,0,0,0,0,0,1,0,0,1,0,0,0,0,0,0,1,0.4999999999999999,0.8660254037844387,0.3546048870425356,0.9350162426854148,1,2253.04,338631.35,338631.35,,,,,,338631.35,0.0,338631.35,0.0,338631.35,0.0,338631.35,0.0,338631.35,338631.35,338631.35,338631.35,0.0,,,,0.0,0.0,,12.732670284578193,1.0,0,0,0.0,303977.87,2,2010,1
Wheat,2010-01-25,338631.35,NGN,NGN/MT,Historical (World Bank Pink Sheet × FX),wholesale,National,,,0.65,False,Synthetic: World Bank wheat USD × NGN/USD FX + Nigeria import premium (calibrated),Synthetic (World Bank/FAO × FX),historical,True,Hard bound violation (synthetic),100000.0,150.3,155.0,97.0,11.4,12.5,1,0,0,0,0,0,0,0,0,1,0,0,1,0,0,0,0,0,0,1,0.4999999999999999,0.8660254037844387,0.4647231720437685,0.8854560256532099,1,2253.04,338631.35,338631.35,,,,,,338631.35,0.0,338631.35,0.0,338631.35,0.0,338631.35,0.0,338631.35,338631.35,338631.35,338631.35,0.0,,,,0.0,0.0,,12.732670284578193,1.0,0,0,0.0,303977.87,3,2010,1
Wheat,2010-02-01,338631.35,NGN,NGN/MT,Historical (World Bank Pink Sheet × FX),wholesale,National,,,0.65,False,Synthetic: World Bank wheat USD × NGN/USD FX + Nigeria import premium (calibrated),Synthetic (World Bank/FAO × FX),historical,True,Hard bound violation (synthetic),100000.0,150.3,155.0,97.0,11.4,12.5,1,0,0,0,0,0,0,0,1,1,0,0,1,0,0,0,0,0,0,0,0.8660254037844386,0.5000000000000001,0.5680647467311558,0.8229838658936564,1,2253.04,338631.35,338631.35,338631.35,,,,,338631.35,0.0,338631.35,0.0,338631.35,0.0,338631.35,0.0,338631.35,338631.35,338631.35,338631.35,0.0,0.0,,,0.0,0.0,,12.732670284578193,1.0,0,0,0.0,303977.87,4,2010,1
Wheat,2010-02-08,338631.35,NGN,NGN/MT,Historical (World Bank Pink Sheet × FX),wholesale,National,,,0.65,False,Synthetic: World Bank wheat USD × NGN/USD FX + Nigeria import premium (calibrated),Synthetic (World Bank/FAO × FX),historical,True,Hard bound violation (synthetic),100000.0,150.3,155.0,97.0,11.4,12.5,1,0,0,0,0,0,0,0,1,1,0,0,1,0,0,0,0,0,0,0,0.8660254037844386,0.5000000000000001,0.6631226582407952,0.7485107481711011,1,2253.04,338631.35,338631.35,338631.35,,,,,338631.35,0.0,338631.35,0.0,338631.35,0.0,338631.35,0.0,338631.35,338631.35,338631.35,338631.35,0.0,0.0,,,0.0,0.0,,12.732670284578193,1.0,0,0,0.0,303977.87,5,2010,1
Wheat,2010-02-15,338631.35,NGN,NGN/MT,Historical (World Bank Pink Sheet × FX),wholesale,National,,,0.65,False,Synthetic: World Bank wheat USD × NGN/USD FX + Nigeria import premium (calibrated),Synthetic (World Bank/FAO × FX),historical,True,Hard bound violation (synthetic),100000.0,150.3,155.0,97.0,11.4,12.5,1,0,0,0,0,0,0,0,1,1,0,0,1,0,0,0,0,0,0,0,0.8660254037844386,0.5000000000000001,0.7485107481711011,0.6631226582407953,1,2253.04,338631.35,338631.35,338631.35,,,,,338631.35,0.0,338631.35,0.0,338631.35,0.0,338631.35,0.0,338631.35,338631.35,338631.35,338631.35,0.0,0.0,,,0.0,0.0,,12.732670284578193,1.0,0,0,0.0,303977.87,6,2010,1
Wheat,2010-02-22,338631.35,NGN,NGN/MT,Historical (World Bank Pink Sheet × FX),wholesale,National,,,0.65,False,Synthetic: World Bank wheat USD × NGN/USD FX + Nigeria import premium (calibrated),Synthetic (World Bank/FAO × FX),historical,True,Hard bound violation (synthetic),100000.0,150.3,155.0,97.0,11.4,12.5,1,0,0,0,0,0,0,0,1,1,0,0,1,0,0,0,0,0,0,0,0.8660254037844386,0.5000000000000001,0.8229838658936564,0.5680647467311559,1,2253.04,338631.35,338631.35,338631.35,,,,,338631.35,0.0,338631.35,0.0,338631.35,0.0,338631.35,0.0,338631.35,338631.35,338631.35,338631.35,0.0,0.0,,,0.0,0.0,,12.732670284578193,1.0,0,0,0.0,303977.87,7,2010,1
Wheat,2010-03-01,338631.35,NGN,NGN/MT,Historical (World Bank Pink Sheet × FX),wholesale,National,,,0.65,False,Synthetic: World Bank wheat USD × NGN/USD FX + Nigeria import premium (calibrated),Synthetic (World Bank/FAO × FX),historical,True,Hard bound violation (synthetic),100000.0,150.3,155.0,97.0,11.4,12.5,1,0,0,1,0,0,0,0,1,1,0,0,0,0,0,0,0,0,0,0,1.0,6.123233995736766e-17,0.8854560256532099,0.4647231720437686,0,2253.04,338631.35,338631.35,338631.35,338631.35,,,,338631.35,0.0,338631.35,0.0,338631.35,0.0,338631.35,0.0,338631.35,338631.35,338631.35,338631.35,0.0,0.0,,,0.0,0.0,,12.732670284578193,1.0,0,0,0.0,303977.87,8,2010,1
Wheat,2010-03-08,338631.35,NGN,NGN/MT,Historical (World Bank Pink Sheet × FX),wholesale,National,,,0.65,False,Synthetic: World Bank wheat USD × NGN/USD FX + Nigeria import premium (calibrated),Synthetic (World Bank/FAO × FX),historical,True,Hard bound violation (synthetic),100000.0,150.3,155.0,97.0,11.4,12.5,1,0,0,1,0,0,0,0,1,1,0,0,0,0,0,0,0,0,0,0,1.0,6.123233995736766e-17,0.9350162426854148,0.3546048870425355,0,2253.04,338631.35,338631.35,338631.35,338631.35,,,,338631.35,0.0,338631.35,0.0,338631.35,0.0,338631.35,0.0,338631.35,338631.35,338631.35,338631.35,0.0,0.0,,,0.0,0.0,,12.732670284578193,1.0,0,0,0.0,303977.87,9,2010,1
Wheat,2010-03-15,338631.35,NGN,NGN/MT,Historical (World Bank Pink Sheet × FX),wholesale,National,,,0.65,False,Synthetic: World Bank wheat USD × NGN/USD FX + Nigeria import premium (calibrated),Synthetic (World Bank/FAO × FX),historical,True,Hard bound violation (synthetic),100000.0,150.3,155.0,97.0,11.4,12.5,1,0,0,1,0,0,0,0,1,1,0,0,0,0,0,0,0,0,0,0,1.0,6.123233995736766e-17,0.970941817426052,0.239315664287558,0,2253.04,338631.35,338631.35,338631.35,338631.35,,,,338631.35,0.0,338631.35,0.0,338631.35,0.0,338631.35,0.0,338631.35,338631.35,338631.35,338631.35,0.0,0.0,,,0.0,0.0,,12.732670284578193,1.0,0,0,0.0,303977.87,10,2010,1
Wheat,2010-03-22,338631.35,NGN,NGN/MT,Historical (World Bank Pink Sheet × FX),wholesale,National,,,0.65,False,Synthetic: World Bank wheat USD × NGN/USD FX + Nigeria import premium (calibrated),Synthetic (World Bank/FAO × FX),historical,True,Hard bound violation (synthetic),100000.0,150.3,155.0,97.0,11.4,12.5,1,0,0,1,0,0,0,0,1,1,0,0,0,0,0,0,0,0,0,0,1.0,6.123233995736766e-17,0.992708874098054,0.120536680255323,0,2253.04,338631.35,338631.35,338631.35,338631.35,,,,338631.35,0.0,338631.35,0.0,338631.35,0.0,338631.35,0.0,338631.35,338631.35,338631.35,338631.35,0.0,0.0,,,0.0,0.0,,12.732670284578193,1.0,0,0,0.0,303977.87,11,2010,1
Wheat,2010-03-29,338631.35,NGN,NGN/MT,Historical (World Bank Pink Sheet × FX),wholesale,National,,,0.65,False,Synthetic: World Bank wheat USD × NGN/USD FX + Nigeria import premium (calibrated),Synthetic (World Bank/FAO × FX),historical,True,Hard bound violation (synthetic),100000.0,150.3,155.0,97.0,11.4,12.5,1,0,0,1,0,0,0,0,1,1,0,0,0,0,0,0,0,0,0,0,1.0,6.123233995736766e-17,1.0,-1.6081226496766364e-16,0,2253.04,338631.35,338631.35,338631.35,338631.35,338631.35,,,338631.35,0.0,338631.35,0.0,338631.35,0.0,338631.35,0.0,338631.35,338631.35,338631.35,338631.35,0.0,0.0,0.0,,0.0,0.0,,12.732670284578193,1.0,0,0,0.0,303977.87,12,2010,1
Wheat,2010-04-05,338631.35,NGN,NGN/MT,Historical (World Bank Pink Sheet × FX),wholesale,National,,,0.65,False,Synthetic: World Bank wheat USD × NGN/USD FX + Nigeria import premium (calibrated),Synthetic (World Bank/FAO × FX),historical,True,Hard bound violation (synthetic),100000.0,150.3,155.0,97.0,11.4,12.5,0,1,1,1,0,0,0,0,1,0,0,0,0,0,0,0,0,0,0,0,0.8660254037844387,-0.4999999999999998,0.992708874098054,-0.1205366802553228,0,2253.04,338631.35,338631.35,338631.35,338631.35,338631.35,,,338631.35,0.0,338631.35,0.0,338631.35,0.0,338631.35,0.0,338631.35,338631.35,338631.35,338631.35,0.0,0.0,0.0,,0.0,0.0,,12.732670284578193,1.0,0,0,0.5,303977.87,13,2010,2
Wheat,2010-04-12,338631.35,NGN,NGN/MT,Historical (World Bank Pink Sheet × FX),wholesale,National,,,0.65,False,Synthetic: World Bank wheat USD × NGN/USD FX + Nigeria import premium (calibrated),Synthetic (World Bank/FAO × FX),historical,True,Hard bound violation (synthetic),100000.0,150.3,155.0,97.0,11.4,12.5,0,1,1,1,0,0,0,0,1,0,0,0,0,0,0,0,0,0,0,0,0.8660254037844387,-0.4999999999999998,0.970941817426052,-0.2393156642875575,0,2253.04,338631.35,338631.35,338631.35,338631.35,338631.35,,,338631.35,0.0,338631.35,0.0,338631.35,0.0,338631.35,0.0,338631.35,338631.35,338631.35,338631.35,0.0,0.0,0.0,,0.0,0.0,,12.732670284578193,1.0,0,0,0.5,303977.87,14,2010,2
Wheat,2010-04-19,338631.35,NGN,NGN/MT,Historical (World Bank Pink Sheet × FX),wholesale,National,,,0.65,False,Synthetic: World Bank wheat USD × NGN/USD FX + Nigeria import premium (calibrated),Synthetic (World Bank/FAO × FX),historical,True,Hard bound violation (synthetic),100000.0,150.3,155.0,97.0,11.4,12.5,0,1,1,1,0,0,0,0,1,0,0,0,0,0,0,0,0,0,0,0,0.8660254037844387,-0.4999999999999998,0.9350162426854148,-0.3546048870425354,0,2253.04,338631.35,338631.35,338631.35,338631.35,338631.35,,,338631.35,0.0,338631.35,0.0,338631.35,0.0,338631.35,0.0,338631.35,338631.35,338631.35,338631.35,0.0,0.0,0.0,,0.0,0.0,,12.732670284578193,1.0,0,0,0.5,303977.87,15,2010,2
Wheat,2010-04-26,338631.35,NGN,NGN/MT,Historical (World Bank Pink Sheet × FX),wholesale,National,,,0.65,False,Synthetic: World Bank wheat USD × NGN/USD FX + Nigeria import premium (calibrated),Synthetic (World Bank/FAO × FX),historical,True,Hard bound violation (synthetic),100000.0,150.3,155.0,97.0,11.4,12.5,0,1,1,1,0,0,0,0,1,0,0,0,0,0,0,0,0,0,0,0,0.8660254037844387,-0.4999999999999998,0.8854560256532099,-0.4647231720437685,0,2253.04,338631.35,338631.35,338631.35,338631.35,338631.35,,,338631.35,0.0,338631.35,0.0,338631.35,0.0,338631.35,0.0,338631.35,338631.35,338631.35,338631.35,0.0,0.0,0.0,,0.0,0.0,,12.732670284578193,1.0,0,0,0.5,303977.87,16,2010,2
Wheat,2010-05-03,338631.35,NGN,NGN/MT,Historical (World Bank Pink Sheet × FX),wholesale,National,,,0.65,False,Synthetic: World Bank wheat USD × NGN/USD FX + Nigeria import premium (calibrated),Synthetic (World Bank/FAO × FX),historical,True,Hard bound violation (synthetic),100000.0,150.3,155.0,97.0,11.4,12.5,0,1,1,1,0,0,0,0,1,0,1,0,0,0,0,0,0,0,0,0,0.4999999999999999,-0.8660254037844387,0.8229838658936565,-0.5680647467311557,0,2253.04,338631.35,338631.35,338631.35,338631.35,338631.35,,,338631.35,0.0,338631.35,0.0,338631.35,0.0,338631.35,0.0,338631.35,338631.35,338631.35,338631.35,0.0,0.0,0.0,,0.0,0.0,,12.732670284578193,1.0,0,0,0.5,303977.87,17,2010,2
Wheat,2010-05-10,338631.35,NGN,NGN/MT,Historical (World Bank Pink Sheet × FX),wholesale,National,,,0.65,False,Synthetic: World Bank wheat USD × NGN/USD FX + Nigeria import premium (calibrated),Synthetic (World Bank/FAO × FX),historical,True,Hard bound violation (synthetic),100000.0,150.3,155.0,97.0,11.4,12.5,0,1,1,1,0,0,0,0,1,0,1,0,0,0,0,0,0,0,0,0,0.4999999999999999,-0.8660254037844387,0.7485107481711013,-0.663122658240795,0,2253.04,338631.35,338631.35,338631.35,338631.35,338631.35,,,338631.35,0.0,338631.35,0.0,338631.35,0.0,338631.35,0.0,338631.35,338631.35,338631.35,338631.35,0.0,0.0,0.0,,0.0,0.0,,12.732670284578193,1.0,0,0,0.5,303977.87,18,2010,2
Wheat,2010-05-17,338631.35,NGN,NGN/MT,Historical (World Bank Pink Sheet × FX),wholesale,National,,,0.65,False,Synthetic: World Bank wheat USD × NGN/USD FX + Nigeria import premium (calibrated),Synthetic (World Bank/FAO × FX),historical,True,Hard bound violation (synthetic),100000.0,150.3,155.0,97.0,11.4,12.5,0,1,1,1,0,0,0,0,1,0,1,0,0,0,0,0,0,0,0,0,0.4999999999999999,-0.8660254037844387,0.6631226582407952,-0.7485107481711012,0,2253.04,338631.35,338631.35,338631.35,338631.35,338631.35,,,338631.35,0.0,338631.35,0.0,338631.35,0.0,338631.35,0.0,338631.35,338631.35,338631.35,338631.35,0.0,0.0,0.0,,0.0,0.0,,12.732670284578193,1.0,0,0,0.5,303977.87,19,2010,2
Wheat,2010-05-24,338631.35,NGN,NGN/MT,Historical (World Bank Pink Sheet × FX),wholesale,National,,,0.65,False,Synthetic: World Bank wheat USD × NGN/USD FX + Nigeria import premium (calibrated),Synthetic (World Bank/FAO × FX),historical,True,Hard bound violation (synthetic),100000.0,150.3,155.0,97.0,11.4,12.5,0,1,1,1,0,0,0,0,1,0,1,0,0,0,0,0,0,0,0,0,0.4999999999999999,-0.8660254037844387,0.5680647467311558,-0.8229838658936564,0,2253.04,338631.35,338631.35,338631.35,338631.35,338631.35,,,338631.35,0.0,338631.35,0.0,338631.35,0.0,338631.35,0.0,338631.35,338631.35,338631.35,338631.35,0.0,0.0,0.0,,0.0,0.0,,12.732670284578193,1.0,0,0,0.5,303977.87,20,2010,2
Wheat,2010-05-31,338631.35,NGN,NGN/MT,Historical (World Bank Pink Sheet × FX),wholesale,National,,,0.65,False,Synthetic: World Bank wheat USD × NGN/USD FX + Nigeria import premium (calibrated),Synthetic (World Bank/FAO × FX),historical,True,Hard bound violation (synthetic),100000.0,150.3,155.0,97.0,11.4,12.5,0,1,1,1,0,0,0,0,1,0,1,0,0,0,0,0,0,0,0,0,0.4999999999999999,-0.8660254037844387,0.464723172043769,-0.8854560256532096,0,2253.04,338631.35,338631.35,338631.35,338631.35,338631.35,,,338631.35,0.0,338631.35,0.0,338631.35,0.0,338631.35,0.0,338631.35,338631.35,338631.35,338631.35,0.0,0.0,0.0,,0.0,0.0,,12.732670284578193,1.0,0,0,0.5,303977.87,21,2010,2
Wheat,2010-06-07,338631.35,NGN,NGN/MT,Historical (World Bank Pink Sheet × FX),wholesale,National,,,0.65,False,Synthetic: World Bank wheat USD × NGN/USD FX + Nigeria import premium (calibrated),Synthetic (World Bank/FAO × FX),historical,True,Hard bound violation (synthetic),100000.0,150.3,155.0,97.0,11.4,12.5,0,1,1,0,0,0,0,1,0,0,1,0,0,0,0,0,0,0,1,0,1.2246467991473532e-16,-1.0,0.3546048870425358,-0.9350162426854148,0,2253.04,338631.35,338631.35,338631.35,338631.35,338631.35,,,338631.35,0.0,338631.35,0.0,338631.35,0.0,338631.35,0.0,338631.35,338631.35,338631.35,338631.35,0.0,0.0,0.0,,0.0,0.0,,12.732670284578193,1.0,0,0,0.5,303977.87,22,2010,2
Wheat,2010-06-14,338631.35,NGN,NGN/MT,Historical (World Bank Pink Sheet × FX),wholesale,National,,,0.65,False,Synthetic: World Bank wheat USD × NGN/USD FX + Nigeria import premium (calibrated),Synthetic (World Bank/FAO × FX),historical,True,Hard bound violation (synthetic),100000.0,150.3,155.0,97.0,11.4,12.5,0,1,1,0,0,0,0,1,0,0,1,0,0,0,0,0,0,0,1,0,1.2246467991473532e-16,-1.0,0.2393156642875576,-0.970941817426052,0,2253.04,338631.35,338631.35,338631.35,338631.35,338631.35,,,338631.35,0.0,338631.35,0.0,338631.35,0.0,338631.35,0.0,338631.35,338631.35,338631.35,338631.35,0.0,0.0,0.0,,0.0,0.0,,12.732670284578193,1.0,0,0,0.5,303977.87,23,2010,2
Wheat,2010-06-21,338631.35,NGN,NGN/MT,Historical (World Bank Pink Sheet × FX),wholesale,National,,,0.65,False,Synthetic: World Bank wheat USD × NGN/USD FX + Nigeria import premium (calibrated),Synthetic (World Bank/FAO × FX),historical,True,Hard bound violation (synthetic),100000.0,150.3,155.0,97.0,11.4,12.5,0,1,1,0,0,0,0,1,0,0,1,0,0,0,0,0,0,0,1,0,1.2246467991473532e-16,-1.0,0.120536680255323,-0.992708874098054,0,2253.04,338631.35,338631.35,338631.35,338631.35,338631.35,,,338631.35,0.0,338631.35,0.0,338631.35,0.0,338631.35,0.0,338631.35,338631.35,338631.35,338631.35,0.0,0.0,0.0,,0.0,0.0,,12.732670284578193,1.0,0,0,0.5,303977.87,24,2010,2
Wheat,2010-06-28,338631.35,NGN,NGN/MT,Historical (World Bank Pink Sheet × FX),wholesale,National,,,0.65,False,Synthetic: World Bank wheat USD × NGN/USD FX + Nigeria import premium (calibrated),Synthetic (World Bank/FAO × FX),historical,True,Hard bound violation (synthetic),100000.0,150.3,155.0,97.0,11.4,12.5,0,1,1,0,0,0,0,1,0,0,1,0,0,0,0,0,0,0,1,0,1.2246467991473532e-16,-1.0,-3.216245299353273e-16,-1.0,0,2253.04,338631.35,338631.35,338631.35,338631.35,338631.35,,,338631.35,0.0,338631.35,0.0,338631.35,0.0,338631.35,0.0,338631.35,338631.35,338631.35,338631.35,0.0,0.0,0.0,,0.0,0.0,,12.732670284578193,1.0,0,0,0.5,303977.87,25,2010,2
Wheat,2010-07-05,338631.35,NGN,NGN/MT,Historical (World Bank Pink Sheet × FX),wholesale,National,,,0.65,False,Synthetic: World Bank wheat USD × NGN/USD FX + Nigeria import premium (calibrated),Synthetic (World Bank/FAO × FX),historical,True,Hard bound violation (synthetic),100000.0,150.3,155.0,97.0,11.4,12.5,0,1,1,0,0,0,1,1,0,0,1,0,0,0,0,0,0,0,1,0,-0.4999999999999997,-0.8660254037844388,-0.1205366802553228,-0.992708874098054,0,2253.04,338631.35,338631.35,338631.35,338631.35,338631.35,338631.35,,338631.35,0.0,338631.35,0.0,338631.35,0.0,338631.35,0.0,338631.35,338631.35,338631.35,338631.35,0.0,0.0,0.0,,0.0,0.0,,12.732670284578193,1.0,0,0,0.5,303977.87,26,2010,3
Wheat,2010-07-12,338631.35,NGN,NGN/MT,Historical (World Bank Pink Sheet × FX),wholesale,National,,,0.65,False,Synthetic: World Bank wheat USD × NGN/USD FX + Nigeria import premium (calibrated),Synthetic (World Bank/FAO × FX),historical,True,Hard bound violation (synthetic),100000.0,150.3,155.0,97.0,11.4,12.5,0,1,1,0,0,0,1,1,0,0,1,0,0,0,0,0,0,0,1,0,-0.4999999999999997,-0.8660254037844388,-0.2393156642875574,-0.970941817426052,0,2253.04,338631.35,338631.35,338631.35,338631.35,338631.35,338631.35,,338631.35,0.0,338631.35,0.0,338631.35,0.0,338631.35,0.0,338631.35,338631.35,338631.35,338631.35,0.0,0.0,0.0,,0.0,0.0,,12.732670284578193,1.0,0,0,0.5,303977.87,27,2010,3
Wheat,2010-07-19,338631.35,NGN,NGN/MT,Historical (World Bank Pink Sheet × FX),wholesale,National,,,0.65,False,Synthetic: World Bank wheat USD × NGN/USD FX + Nigeria import premium (calibrated),Synthetic (World Bank/FAO × FX),historical,True,Hard bound violation (synthetic),100000.0,150.3,155.0,97.0,11.4,12.5,0,1,1,0,0,0,1,1,0,0,1,0,0,0,0,0,0,0,1,0,-0.4999999999999997,-0.8660254037844388,-0.3546048870425356,-0.9350162426854148,0,2253.04,338631.35,338631.35,338631.35,338631.35,338631.35,338631.35,,338631.35,0.0,338631.35,0.0,338631.35,0.0,338631.35,0.0,338631.35,338631.35,338631.35,338631.35,0.0,0.0,0.0,,0.0,0.0,,12.732670284578193,1.0,0,0,0.5,303977.87,28,2010,3
Wheat,2010-07-26,338631.35,NGN,NGN/MT,Historical (World Bank Pink Sheet × FX),wholesale,National,,,0.65,False,Synthetic: World Bank wheat USD × NGN/USD FX + Nigeria import premium (calibrated),Synthetic (World Bank/FAO × FX),historical,True,Hard bound violation (synthetic),100000.0,150.3,155.0,97.0,11.4,12.5,0,1,1,0,0,0,1,1,0,0,1,0,0,0,0,0,0,0,1,0,-0.4999999999999997,-0.8660254037844388,-0.464723172043768,-0.8854560256532101,0,2253.04,338631.35,338631.35,338631.35,338631.35,338631.35,338631.35,,338631.35,0.0,338631.35,0.0,338631.35,0.0,338631.35,0.0,338631.35,338631.35,338631.35,338631.35,0.0,0.0,0.0,,0.0,0.0,,12.732670284578193,1.0,0,0,0.5,303977.87,29,2010,3
Wheat,2010-08-02,338631.35,NGN,NGN/MT,Historical (World Bank Pink Sheet × FX),wholesale,National,,,0.65,False,Synthetic: World Bank wheat USD × NGN/USD FX + Nigeria import premium (calibrated),Synthetic (World Bank/FAO × FX),historical,True,Hard bound violation (synthetic),100000.0,150.3,155.0,97.0,11.4,12.5,0,1,0,0,1,0,1,1,0,0,1,0,0,0,0,1,0,0,1,0,-0.8660254037844384,-0.5000000000000004,-0.5680647467311556,-0.8229838658936565,0,2253.04,338631.35,338631.35,338631.35,338631.35,338631.35,338631.35,,338631.35,0.0,338631.35,0.0,338631.35,0.0,338631.35,0.0,338631.35,338631.35,338631.35,338631.35,0.0,0.0,0.0,,0.0,0.0,,12.732670284578193,1.0,0,0,0.0,303977.87,30,2010,3
Wheat,2010-08-09,338631.35,NGN,NGN/MT,Historical (World Bank Pink Sheet × FX),wholesale,National,,,0.65,False,Synthetic: World Bank wheat USD × NGN/USD FX + Nigeria import premium (calibrated),Synthetic (World Bank/FAO × FX),historical,True,Hard bound violation (synthetic),100000.0,150.3,155.0,97.0,11.4,12.5,0,1,0,0,1,0,1,1,0,0,1,0,0,0,0,1,0,0,1,0,-0.8660254037844384,-0.5000000000000004,-0.663122658240795,-0.7485107481711013,0,2253.04,338631.35,338631.35,338631.35,338631.35,338631.35,338631.35,,338631.35,0.0,338631.35,0.0,338631.35,0.0,338631.35,0.0,338631.35,338631.35,338631.35,338631.35,0.0,0.0,0.0,,0.0,0.0,,12.732670284578193,1.0,0,0,0.0,303977.87,31,2010,3
Wheat,2010-08-16,338631.35,NGN,NGN/MT,Historical (World Bank Pink Sheet × FX),wholesale,National,,,0.65,False,Synthetic: World Bank wheat USD × NGN/USD FX + Nigeria import premium (calibrated),Synthetic (World Bank/FAO × FX),historical,True,Hard bound violation (synthetic),100000.0,150.3,155.0,97.0,11.4,12.5,0,1,0,0,1,0,1,1,0,0,1,0,0,0,0,1,0,1,1,0,-0.8660254037844384,-0.5000000000000004,-0.7485107481711011,-0.6631226582407952,0,2253.04,338631.35,338631.35,338631.35,338631.35,338631.35,338631.35,,338631.35,0.0,338631.35,0.0,338631.35,0.0,338631.35,0.0,338631.35,338631.35,338631.35,338631.35,0.0,0.0,0.0,,0.0,0.0,,12.732670284578193,1.0,0,0,0.0,303977.87,32,2010,3
Wheat,2010-08-23,338631.35,NGN,NGN/MT,Historical (World Bank Pink Sheet × FX),wholesale,National,,,0.65,False,Synthetic: World Bank wheat USD × NGN/USD FX + Nigeria import premium (calibrated),Synthetic (World Bank/FAO × FX),historical,True,Hard bound violation (synthetic),100000.0,150.3,155.0,97.0,11.4,12.5,0,1,0,0,1,0,1,1,0,0,1,0,0,0,0,1,0,1,1,0,-0.8660254037844384,-0.5000000000000004,-0.8229838658936564,-0.5680647467311559,0,2253.04,338631.35,338631.35,338631.35,338631.35,338631.35,338631.35,,338631.35,0.0,338631.35,0.0,338631.35,0.0,338631.35,0.0,338631.35,338631.35,338631.35,338631.35,0.0,0.0,0.0,,0.0,0.0,,12.732670284578193,1.0,0,0,0.0,303977.87,33,2010,3
Wheat,2010-08-30,338631.35,NGN,NGN/MT,Historical (World Bank Pink Sheet × FX),wholesale,National,,,0.65,False,Synthetic: World Bank wheat USD × NGN/USD FX + Nigeria import premium (calibrated),Synthetic (World Bank/FAO × FX),historical,True,Hard bound violation (synthetic),100000.0,150.3,155.0,97.0,11.4,12.5,0,1,0,0,1,0,1,1,0,0,1,0,0,0,0,1,0,1,1,0,-0.8660254037844384,-0.5000000000000004,-0.8854560256532096,-0.4647231720437691,0,2253.04,338631.35,338631.35,338631.35,338631.35,338631.35,338631.35,,338631.35,0.0,338631.35,0.0,338631.35,0.0,338631.35,0.0,338631.35,338631.35,338631.35,338631.35,0.0,0.0,0.0,,0.0,0.0,,12.732670284578193,1.0,0,0,0.0,303977.87,34,2010,3
Wheat,2010-09-06,338631.35,NGN,NGN/MT,Historical (World Bank Pink Sheet × FX),wholesale,National,,,0.65,False,Synthetic: World Bank wheat USD × NGN/USD FX + Nigeria import premium (calibrated),Synthetic (World Bank/FAO × FX),historical,True,Hard bound violation (synthetic),100000.0,150.3,155.0,97.0,11.4,12.5,0,1,0,0,1,1,0,0,0,0,0,0,0,0,0,1,0,1,0,0,-1.0,-1.8369701987210287e-16,-0.9350162426854148,-0.3546048870425359,0,2253.04,338631.35,338631.35,338631.35,338631.35,338631.35,338631.35,,338631.35,0.0,338631.35,0.0,338631.35,0.0,338631.35,0.0,338631.35,338631.35,338631.35,338631.35,0.0,0.0,0.0,,0.0,0.0,,12.732670284578193,1.0,0,0,0.5,303977.87,35,2010,3
Wheat,2010-09-13,338631.35,NGN,NGN/MT,Historical (World Bank Pink Sheet × FX),wholesale,National,,,0.65,False,Synthetic: World Bank wheat USD × NGN/USD FX + Nigeria import premium (calibrated),Synthetic (World Bank/FAO × FX),historical,True,Hard bound violation (synthetic),100000.0,150.3,155.0,97.0,11.4,12.5,0,1,0,0,1,1,0,0,0,0,0,0,0,0,0,1,0,0,0,0,-1.0,-1.8369701987210287e-16,-0.970941817426052,-0.2393156642875577,0,2253.04,338631.35,338631.35,338631.35,338631.35,338631.35,338631.35,,338631.35,0.0,338631.35,0.0,338631.35,0.0,338631.35,0.0,338631.35,338631.35,338631.35,338631.35,0.0,0.0,0.0,,0.0,0.0,,12.732670284578193,1.0,0,0,0.5,303977.87,36,2010,3
Wheat,2010-09-20,338631.35,NGN,NGN/MT,Historical (World Bank Pink Sheet × FX),wholesale,National,,,0.65,False,Synthetic: World Bank wheat USD × NGN/USD FX + Nigeria import premium (calibrated),Synthetic (World Bank/FAO × FX),historical,True,Hard bound violation (synthetic),100000.0,150.3,155.0,97.0,11.4,12.5,0,1,0,0,1,1,0,0,0,0,0,0,0,0,0,1,0,0,0,0,-1.0,-1.8369701987210287e-16,-0.992708874098054,-0.1205366802553235,0,2253.04,338631.35,338631.35,338631.35,338631.35,338631.35,338631.35,,338631.35,0.0,338631.35,0.0,338631.35,0.0,338631.35,0.0,338631.35,338631.35,338631.35,338631.35,0.0,0.0,0.0,,0.0,0.0,,12.732670284578193,1.0,0,0,0.5,303977.87,37,2010,3
Wheat,2010-09-27,338631.35,NGN,NGN/MT,Historical (World Bank Pink Sheet × FX),wholesale,National,,,0.65,False,Synthetic: World Bank wheat USD × NGN/USD FX + Nigeria import premium (calibrated),Synthetic (World Bank/FAO × FX),historical,True,Hard bound violation (synthetic),100000.0,150.3,155.0,97.0,11.4,12.5,0,1,0,0,1,1,0,0,0,0,0,0,0,0,0,1,0,0,0,0,-1.0,-1.8369701987210287e-16,-1.0,-1.8369701987210287e-16,0,2253.04,338631.35,338631.35,338631.35,338631.35,338631.35,338631.35,,338631.35,0.0,338631.35,0.0,338631.35,0.0,338631.35,0.0,338631.35,338631.35,338631.35,338631.35,0.0,0.0,0.0,,0.0,0.0,,12.732670284578193,1.0,0,0,0.5,303977.87,38,2010,3
Wheat,2010-10-04,338631.35,NGN,NGN/MT,Historical (World Bank Pink Sheet × FX),wholesale,National,,,0.65,False,Synthetic: World Bank wheat USD × NGN/USD FX + Nigeria import premium (calibrated),Synthetic (World Bank/FAO × FX),historical,True,Hard bound violation (synthetic),100000.0,150.3,155.0,97.0,11.4,12.5,0,1,0,0,0,1,0,0,0,1,0,1,0,1,1,1,1,0,0,0,-0.8660254037844386,0.5000000000000001,-0.992708874098054,0.1205366802553232,0,2253.04,338631.35,338631.35,338631.35,338631.35,338631.35,338631.35,,338631.35,0.0,338631.35,0.0,338631.35,0.0,338631.35,0.0,338631.35,338631.35,338631.35,338631.35,0.0,0.0,0.0,,0.0,0.0,,12.732670284578193,1.0,0,0,0.5,303977.87,39,2010,4
Wheat,2010-10-11,338631.35,NGN,NGN/MT,Historical (World Bank Pink Sheet × FX),wholesale,National,,,0.65,False,Synthetic: World Bank wheat USD × NGN/USD FX + Nigeria import premium (calibrated),Synthetic (World Bank/FAO × FX),historical,True,Hard bound violation (synthetic),100000.0,150.3,155.0,97.0,11.4,12.5,0,1,0,0,0,1,0,0,0,1,0,1,0,1,1,1,1,0,0,0,-0.8660254037844386,0.5000000000000001,-0.970941817426052,0.2393156642875573,0,2253.04,338631.35,338631.35,338631.35,338631.35,338631.35,338631.35,,338631.35,0.0,338631.35,0.0,338631.35,0.0,338631.35,0.0,338631.35,338631.35,338631.35,338631.35,0.0,0.0,0.0,,0.0,0.0,,12.732670284578193,1.0,0,0,0.5,303977.87,40,2010,4
Wheat,2010-10-18,338631.35,NGN,NGN/MT,Historical (World Bank Pink Sheet × FX),wholesale,National,,,0.65,False,Synthetic: World Bank wheat USD × NGN/USD FX + Nigeria import premium (calibrated),Synthetic (World Bank/FAO × FX),historical,True,Hard bound violation (synthetic),100000.0,150.3,155.0,97.0,11.4,12.5,0,1,0,0,0,1,0,0,0,1,0,1,0,1,1,1,1,0,0,0,-0.8660254037844386,0.5000000000000001,-0.9350162426854148,0.3546048870425355,0,2253.04,338631.35,338631.35,338631.35,338631.35,338631.35,338631.35,,338631.35,0.0,338631.35,0.0,338631.35,0.0,338631.35,0.0,338631.35,338631.35,338631.35,338631.35,0.0,0.0,0.0,,0.0,0.0,,12.732670284578193,1.0,0,0,0.5,303977.87,41,2010,4
Wheat,2010-10-25,338631.35,NGN,NGN/MT,Historical (World Bank Pink Sheet × FX),wholesale,National,,,0.65,False,Synthetic: World Bank wheat USD × NGN/USD FX + Nigeria import premium (calibrated),Synthetic (World Bank/FAO × FX),historical,True,Hard bound violation (synthetic),100000.0,150.3,155.0,97.0,11.4,12.5,0,1,0,0,0,1,0,0,0,1,0,1,0,1,1,1,1,0,0,0,-0.8660254037844386,0.5000000000000001,-0.8854560256532101,0.464723172043768,0,2253.04,338631.35,338631.35,338631.35,338631.35,338631.35,338631.35,,338631.35,0.0,338631.35,0.0,338631.35,0.0,338631.35,0.0,338631.35,338631.35,338631.35,338631.35,0.0,0.0,0.0,,0.0,0.0,,12.732670284578193,1.0,0,0,0.5,303977.87,42,2010,4
Wheat,2010-11-01,338631.35,NGN,NGN/MT,Historical (World Bank Pink Sheet × FX),wholesale,National,,,0.65,False,Synthetic: World Bank wheat USD × NGN/USD FX + Nigeria import premium (calibrated),Synthetic (World Bank/FAO × FX),historical,True,Hard bound violation (synthetic),100000.0,150.3,155.0,97.0,11.4,12.5,1,0,0,0,0,1,0,0,0,1,0,1,1,1,1,0,1,0,0,0,-0.5000000000000004,0.8660254037844384,-0.822983865893657,0.5680647467311548,1,2253.04,338631.35,338631.35,338631.35,338631.35,338631.35,338631.35,,338631.35,0.0,338631.35,0.0,338631.35,0.0,338631.35,0.0,338631.35,338631.35,338631.35,338631.35,0.0,0.0,0.0,,0.0,0.0,,12.732670284578193,1.0,0,0,0.5,303977.87,43,2010,4
Wheat,2010-11-08,338631.35,NGN,NGN/MT,Historical (World Bank Pink Sheet × FX),wholesale,National,,,0.65,False,Synthetic: World Bank wheat USD × NGN/USD FX + Nigeria import premium (calibrated),Synthetic (World Bank/FAO × FX),historical,True,Hard bound violation (synthetic),100000.0,150.3,155.0,97.0,11.4,12.5,1,0,0,0,0,1,0,0,0,1,0,1,1,1,1,0,1,0,0,0,-0.5000000000000004,0.8660254037844384,-0.7485107481711011,0.6631226582407952,1,2253.04,338631.35,338631.35,338631.35,338631.35,338631.35,338631.35,,338631.35,0.0,338631.35,0.0,338631.35,0.0,338631.35,0.0,338631.35,338631.35,338631.35,338631.35,0.0,0.0,0.0,,0.0,0.0,,12.732670284578193,1.0,0,0,0.5,303977.87,44,2010,4
Wheat,2010-11-15,338631.35,NGN,NGN/MT,Historical (World Bank Pink Sheet × FX),wholesale,National,,,0.65,False,Synthetic: World Bank wheat USD × NGN/USD FX + Nigeria import premium (calibrated),Synthetic (World Bank/FAO × FX),historical,True,Hard bound violation (synthetic),100000.0,150.3,155.0,97.0,11.4,12.5,1,0,0,0,0,1,0,0,0,1,0,1,1,1,1,0,1,0,0,0,-0.5000000000000004,0.8660254037844384,-0.6631226582407955,0.7485107481711007,1,2253.04,338631.35,338631.35,338631.35,338631.35,338631.35,338631.35,,338631.35,0.0,338631.35,0.0,338631.35,0.0,338631.35,0.0,338631.35,338631.35,338631.35,338631.35,0.0,0.0,0.0,,0.0,0.0,,12.732670284578193,1.0,0,0,0.5,303977.87,45,2010,4
Wheat,2010-11-22,338631.35,NGN,NGN/MT,Historical (World Bank Pink Sheet × FX),wholesale,National,,,0.65,False,Synthetic: World Bank wheat USD × NGN/USD FX + Nigeria import premium (calibrated),Synthetic (World Bank/FAO × FX),historical,True,Hard bound violation (synthetic),100000.0,150.3,155.0,97.0,11.4,12.5,1,0,0,0,0,1,0,0,0,1,0,1,1,1,1,0,1,0,0,0,-0.5000000000000004,0.8660254037844384,-0.5680647467311559,0.8229838658936564,1,2253.04,338631.35,338631.35,338631.35,338631.35,338631.35,338631.35,,338631.35,0.0,338631.35,0.0,338631.35,0.0,338631.35,0.0,338631.35,338631.35,338631.35,338631.35,0.0,0.0,0.0,,0.0,0.0,,12.732670284578193,1.0,0,0,0.5,303977.87,46,2010,4
Wheat,2010-11-29,338631.35,NGN,NGN/MT,Historical (World Bank Pink Sheet × FX),wholesale,National,,,0.65,False,Synthetic: World Bank wheat USD × NGN/USD FX + Nigeria import premium (calibrated),Synthetic (World Bank/FAO × FX),historical,True,Hard bound violation (synthetic),100000.0,150.3,155.0,97.0,11.4,12.5,1,0,0,0,0,1,0,0,0,1,0,1,1,1,1,0,1,0,0,0,-0.5000000000000004,0.8660254037844384,-0.4647231720437684,0.88545602565321,1,2253.04,338631.35,338631.35,338631.35,338631.35,338631.35,338631.35,,338631.35,0.0,338631.35,0.0,338631.35,0.0,338631.35,0.0,338631.35,338631.35,338631.35,338631.35,0.0,0.0,0.0,,0.0,0.0,,12.732670284578193,1.0,0,0,0.5,303977.87,47,2010,4
Wheat,2010-12-06,338631.35,NGN,NGN/MT,Historical (World Bank Pink Sheet × FX),wholesale,National,,,0.65,False,Synthetic: World Bank wheat USD × NGN/USD FX + Nigeria import premium (calibrated),Synthetic (World Bank/FAO × FX),historical,True,Hard bound violation (synthetic),100000.0,150.3,155.0,97.0,11.4,12.5,1,0,0,0,0,0,0,0,0,1,0,1,1,1,1,0,0,0,0,1,-2.4492935982947064e-16,1.0,-0.3546048870425359,0.9350162426854148,1,2253.04,338631.35,338631.35,338631.35,338631.35,338631.35,338631.35,,338631.35,0.0,338631.35,0.0,338631.35,0.0,338631.35,0.0,338631.35,338631.35,338631.35,338631.35,0.0,0.0,0.0,,0.0,0.0,,12.732670284578193,1.0,0,0,0.0,303977.87,48,2010,4
Wheat,2010-12-13,338631.35,NGN,NGN/MT,Historical (World Bank Pink Sheet × FX),wholesale,National,,,0.65,False,Synthetic: World Bank wheat USD × NGN/USD FX + Nigeria import premium (calibrated),Synthetic (World Bank/FAO × FX),historical,True,Hard bound violation (synthetic),100000.0,150.3,155.0,97.0,11.4,12.5,1,0,0,0,0,0,0,0,0,1,0,1,1,1,1,0,0,0,0,1,-2.4492935982947064e-16,1.0,-0.2393156642875578,0.970941817426052,1,2253.04,338631.35,338631.35,338631.35,338631.35,338631.35,338631.35,,338631.35,0.0,338631.35,0.0,338631.35,0.0,338631.35,0.0,338631.35,338631.35,338631.35,338631.35,0.0,0.0,0.0,,0.0,0.0,,12.732670284578193,1.0,0,0,0.0,303977.87,49,2010,4
Wheat,2010-12-20,338631.35,NGN,NGN/MT,Historical (World Bank Pink Sheet × FX),wholesale,National,,,0.65,False,Synthetic: World Bank wheat USD × NGN/USD FX + Nigeria import premium (calibrated),Synthetic (World Bank/FAO × FX),historical,True,Hard bound violation (synthetic),100000.0,150.3,155.0,97.0,11.4,12.5,1,0,0,0,0,0,0,0,0,1,0,1,1,1,1,0,0,0,0,1,-2.4492935982947064e-16,1.0,-0.1205366802553236,0.992708874098054,1,2253.04,338631.35,338631.35,338631.35,338631.35,338631.35,338631.35,,338631.35,0.0,338631.35,0.0,338631.35,0.0,338631.35,0.0,338631.35,338631.35,338631.35,338631.35,0.0,0.0,0.0,,0.0,0.0,,12.732670284578193,1.0,0,0,0.0,303977.87,50,2010,4
Wheat,2010-12-27,338631.35,NGN,NGN/MT,Historical (World Bank Pink Sheet × FX),wholesale,National,,,0.65,False,Synthetic: World Bank wheat USD × NGN/USD FX + Nigeria import premium (calibrated),Synthetic (World Bank/FAO × FX),historical,True,Hard bound violation (synthetic),100000.0,150.3,155.0,97.0,11.4,12.5,1,0,0,0,0,0,0,0,0,1,0,1,1,1,1,0,0,0,0,1,-2.4492935982947064e-16,1.0,6.432490598706546e-16,1.0,1,2253.04,338631.35,338631.35,338631.35,338631.35,338631.35,338631.35,,338631.35,0.0,338631.35,0.0,338631.35,0.0,338631.35,0.0,338631.35,338631.35,338631.35,338631.35,0.0,0.0,0.0,,0.0,0.0,,12.732670284578193,1.0,0,0,0.0,303977.87,51,2010,4
Wheat,2011-01-03,338631.35,NGN,NGN/MT,Historical (World Bank Pink Sheet × FX),wholesale,National,,,0.65,False,Synthetic: World Bank wheat USD × NGN/USD FX + Nigeria import premium (calibrated),Synthetic (World Bank/FAO × FX),historical,True,Hard bound violation (synthetic),100000.0,153.86,155.0,97.0,11.4,12.5,1,0,0,0,0,0,0,0,0,1,0,0,1,0,0,0,0,0,0,1,0.4999999999999999,0.8660254037844387,0.120536680255323,0.992708874098054,1,2200.91,338631.35,338631.35,338631.35,338631.35,338631.35,338631.35,338631.35,338631.35,0.0,338631.35,0.0,338631.35,0.0,338631.35,0.0,338631.35,338631.35,338631.35,338631.35,0.0,0.0,0.0,0.0,0.0,0.0,,12.732670284578193,1.0,0,0,0.0,303977.87,52,2011,1
Wheat,2011-01-10,338631.35,NGN,NGN/MT,Historical (World Bank Pink Sheet × FX),wholesale,National,,,0.65,False,Synthetic: World Bank wheat USD × NGN/USD FX + Nigeria import premium (calibrated),Synthetic (World Bank/FAO × FX),historical,True,Hard bound violation (synthetic),100000.0,153.86,155.0,97.0,11.4,12.5,1,0,0,0,0,0,0,0,0,1,0,0,1,0,0,0,0,0,0,1,0.4999999999999999,0.8660254037844387,0.2393156642875577,0.970941817426052,1,2200.91,338631.35,338631.35,338631.35,338631.35,338631.35,338631.35,338631.35,338631.35,0.0,338631.35,0.0,338631.35,0.0,338631.35,0.0,338631.35,338631.35,338631.35,338631.35,0.0,0.0,0.0,0.0,0.0,0.0,,12.732670284578193,1.0,0,0,0.0,303977.87,53,2011,1
Wheat,2011-01-17,338631.35,NGN,NGN/MT,Historical (World Bank Pink Sheet × FX),wholesale,National,,,0.65,False,Synthetic: World Bank wheat USD × NGN/USD FX + Nigeria import premium (calibrated),Synthetic (World Bank/FAO × FX),historical,True,Hard bound violation (synthetic),100000.0,153.86,155.0,97.0,11.4,12.5,1,0,0,0,0,0,0,0,0,1,0,0,1,0,0,0,0,0,0,1,0.4999999999999999,0.8660254037844387,0.3546048870425356,0.9350162426854148,1,2200.91,338631.35,338631.35,338631.35,338631.35,338631.35,338631.35,338631.35,338631.35,0.0,338631.35,0.0,338631.35,0.0,338631.35,0.0,338631.35,338631.35,338631.35,338631.35,0.0,0.0,0.0,0.0,0.0,0.0,,12.732670284578193,1.0,0,0,0.0,303977.87,54,2011,1
Wheat,2011-01-24,338631.35,NGN,NGN/MT,Historical (World Bank Pink Sheet × FX),wholesale,National,,,0.65,False,Synthetic: World Bank wheat USD × NGN/USD FX + Nigeria import premium (calibrated),Synthetic (World Bank/FAO × FX),historical,True,Hard bound violation (synthetic),100000.0,153.86,155.0,97.0,11.4,12.5,1,0,0,0,0,0,0,0,0,1,0,0,1,0,0,0,0,0,0,1,0.4999999999999999,0.8660254037844387,0.4647231720437685,0.8854560256532099,1,2200.91,338631.35,338631.35,338631.35,338631.35,338631.35,338631.35,338631.35,338631.35,0.0,338631.35,0.0,338631.35,0.0,338631.35,0.0,338631.35,338631.35,338631.35,338631.35,0.0,0.0,0.0,0.0,0.0,0.0,,12.732670284578193,1.0,0,0,0.0,303977.87,55,2011,1
Wheat,2011-01-31,338631.35,NGN,NGN/MT,Historical (World Bank Pink Sheet × FX),wholesale,National,,,0.65,False,Synthetic: World Bank wheat USD × NGN/USD FX + Nigeria import premium (calibrated),Synthetic (World Bank/FAO × FX),historical,True,Hard bound violation (synthetic),100000.0,153.86,155.0,97.0,11.4,12.5,1,0,0,0,0,0,0,0,0,1,0,0,1,0,0,0,0,0,0,1,0.4999999999999999,0.8660254037844387,0.5680647467311558,0.8229838658936564,1,2200.91,338631.35,338631.35,338631.35,338631.35,338631.35,338631.35,338631.35,338631.35,0.0,338631.35,0.0,338631.35,0.0,338631.35,0.0,338631.35,338631.35,338631.35,338631.35,0.0,0.0,0.0,0.0,0.0,0.0,,12.732670284578193,1.0,0,0,0.0,303977.87,56,2011,1
Wheat,2011-02-07,338631.35,NGN,NGN/MT,Historical (World Bank Pink Sheet × FX),wholesale,National,,,0.65,False,Synthetic: World Bank wheat USD × NGN/USD FX + Nigeria import premium (calibrated),Synthetic (World Bank/FAO × FX),historical,True,Hard bound violation (synthetic),100000.0,153.86,155.0,97.0,11.4,12.5,1,0,0,0,0,0,0,0,1,1,0,0,1,0,0,0,0,0,0,0,0.8660254037844386,0.5000000000000001,0.6631226582407952,0.7485107481711011,1,2200.91,338631.35,338631.35,338631.35,338631.35,338631.35,338631.35,338631.35,338631.35,0.0,338631.35,0.0,338631.35,0.0,338631.35,0.0,338631.35,338631.35,338631.35,338631.35,0.0,0.0,0.0,0.0,0.0,0.0,,12.732670284578193,1.0,0,0,0.0,303977.87,57,2011,1
Wheat,2011-02-14,338631.35,NGN,NGN/MT,Historical (World Bank Pink Sheet × FX),wholesale,National,,,0.65,False,Synthetic: World Bank wheat USD × NGN/USD FX + Nigeria import premium (calibrated),Synthetic (World Bank/FAO × FX),historical,True,Hard bound violation (synthetic),100000.0,153.86,155.0,97.0,11.4,12.5,1,0,0,0,0,0,0,0,1,1,0,0,1,0,0,0,0,0,0,0,0.8660254037844386,0.5000000000000001,0.7485107481711011,0.6631226582407953,1,2200.91,338631.35,338631.35,338631.35,338631.35,338631.35,338631.35,338631.35,338631.35,0.0,338631.35,0.0,338631.35,0.0,338631.35,0.0,338631.35,338631.35,338631.35,338631.35,0.0,0.0,0.0,0.0,0.0,0.0,,12.732670284578193,1.0,0,0,0.0,303977.87,58,2011,1
Wheat,2011-02-21,338631.35,NGN,NGN/MT,Historical (World Bank Pink Sheet × FX),wholesale,National,,,0.65,False,Synthetic: World Bank wheat USD × NGN/USD FX + Nigeria import premium (calibrated),Synthetic (World Bank/FAO × FX),historical,True,Hard bound violation (synthetic),100000.0,153.86,155.0,97.0,11.4,12.5,1,0,0,0,0,0,0,0,1,1,0,0,1,0,0,0,0,0,0,0,0.8660254037844386,0.5000000000000001,0.8229838658936564,0.5680647467311559,1,2200.91,338631.35,338631.35,338631.35,338631.35,338631.35,338631.35,338631.35,338631.35,0.0,338631.35,0.0,338631.35,0.0,338631.35,0.0,338631.35,338631.35,338631.35,338631.35,0.0,0.0,0.0,0.0,0.0,0.0,,12.732670284578193,1.0,0,0,0.0,303977.87,59,2011,1
Wheat,2011-02-28,338631.35,NGN,NGN/MT,Historical (World Bank Pink Sheet × FX),wholesale,National,,,0.65,False,Synthetic: World Bank wheat USD × NGN/USD FX + Nigeria import premium (calibrated),Synthetic (World Bank/FAO × FX),historical,True,Hard bound violation (synthetic),100000.0,153.86,155.0,97.0,11.4,12.5,1,0,0,0,0,0,0,0,1,1,0,0,1,0,0,0,0,0,0,0,0.8660254037844386,0.5000000000000001,0.8854560256532099,0.4647231720437686,1,2200.91,338631.35,338631.35,338631.35,338631.35,338631.35,338631.35,338631.35,338631.35,0.0,338631.35,0.0,338631.35,0.0,338631.35,0.0,338631.35,338631.35,338631.35,338631.35,0.0,0.0,0.0,0.0,0.0,0.0,,12.732670284578193,1.0,0,0,0.0,303977.87,60,2011,1
Wheat,2011-03-07,338631.35,NGN,NGN/MT,Historical (World Bank Pink Sheet × FX),wholesale,National,,,0.65,False,Synthetic: World Bank wheat USD × NGN/USD FX + Nigeria import premium (calibrated),Synthetic (World Bank/FAO × FX),historical,True,Hard bound violation (synthetic),100000.0,153.86,155.0,97.0,11.4,12.5,1,0,0,1,0,0,0,0,1,1,0,0,0,0,0,0,0,0,0,0,1.0,6.123233995736766e-17,0.9350162426854148,0.3546048870425355,0,2200.91,338631.35,338631.35,338631.35,338631.35,338631.35,338631.35,338631.35,338631.35,0.0,338631.35,0.0,338631.35,0.0,338631.35,0.0,338631.35,338631.35,338631.35,338631.35,0.0,0.0,0.0,0.0,0.0,0.0,,12.732670284578193,1.0,0,0,0.0,303977.87,61,2011,1
Wheat,2011-03-14,338631.35,NGN,NGN/MT,Historical (World Bank Pink Sheet × FX),wholesale,National,,,0.65,False,Synthetic: World Bank wheat USD × NGN/USD FX + Nigeria import premium (calibrated),Synthetic (World Bank/FAO × FX),historical,True,Hard bound violation (synthetic),100000.0,153.86,155.0,97.0,11.4,12.5,1,0,0,1,0,0,0,0,1,1,0,0,0,0,0,0,0,0,0,0,1.0,6.123233995736766e-17,0.970941817426052,0.239315664287558,0,2200.91,338631.35,338631.35,338631.35,338631.35,338631.35,338631.35,338631.35,338631.35,0.0,338631.35,0.0,338631.35,0.0,338631.35,0.0,338631.35,338631.35,338631.35,338631.35,0.0,0.0,0.0,0.0,0.0,0.0,,12.732670284578193,1.0,0,0,0.0,303977.87,62,2011,1
Wheat,2011-03-21,338631.35,NGN,NGN/MT,Historical (World Bank Pink Sheet × FX),wholesale,National,,,0.65,False,Synthetic: World Bank wheat USD × NGN/USD FX + Nigeria import premium (calibrated),Synthetic (World Bank/FAO × FX),historical,True,Hard bound violation (synthetic),100000.0,153.86,155.0,97.0,11.4,12.5,1,0,0,1,0,0,0,0,1,1,0,0,0,0,0,0,0,0,0,0,1.0,6.123233995736766e-17,0.992708874098054,0.120536680255323,0,2200.91,338631.35,338631.35,338631.35,338631.35,338631.35,338631.35,338631.35,338631.35,0.0,338631.35,0.0,338631.35,0.0,338631.35,0.0,338631.35,338631.35,338631.35,338631.35,0.0,0.0,0.0,0.0,0.0,0.0,,12.732670284578193,1.0,0,0,0.0,303977.87,63,2011,1
Wheat,2011-03-28,338631.35,NGN,NGN/MT,Historical (World Bank Pink Sheet × FX),wholesale,National,,,0.65,False,Synthetic: World Bank wheat USD × NGN/USD FX + Nigeria import premium (calibrated),Synthetic (World Bank/FAO × FX),historical,True,Hard bound violation (synthetic),100000.0,153.86,155.0,97.0,11.4,12.5,1,0,0,1,0,0,0,0,1,1,0,0,0,0,0,0,0,0,0,0,1.0,6.123233995736766e-17,1.0,-1.6081226496766364e-16,0,2200.91,338631.35,338631.35,338631.35,338631.35,338631.35,338631.35,338631.35,338631.35,0.0,338631.35,0.0,338631.35,0.0,338631.35,0.0,338631.35,338631.35,338631.35,338631.35,0.0,0.0,0.0,0.0,0.0,0.0,,12.732670284578193,1.0,0,0,0.0,303977.87,64,2011,1
Wheat,2011-04-04,338631.35,NGN,NGN/MT,Historical (World Bank Pink Sheet × FX),wholesale,National,,,0.65,False,Synthetic: World Bank wheat USD × NGN/USD FX + Nigeria import premium (calibrated),Synthetic (World Bank/FAO × FX),historical,True,Hard bound violation (synthetic),100000.0,153.86,155.0,97.0,11.4,12.5,0,1,1,1,0,0,0,0,1,0,0,0,0,0,0,0,0,0,0,0,0.8660254037844387,-0.4999999999999998,0.992708874098054,-0.1205366802553228,0,2200.91,338631.35,338631.35,338631.35,338631.35,338631.35,338631.35,338631.35,338631.35,0.0,338631.35,0.0,338631.35,0.0,338631.35,0.0,338631.35,338631.35,338631.35,338631.35,0.0,0.0,0.0,0.0,0.0,0.0,,12.732670284578193,1.0,0,0,0.5,303977.87,65,2011,2
Wheat,2011-04-11,338631.35,NGN,NGN/MT,Historical (World Bank Pink Sheet × FX),wholesale,National,,,0.65,False,Synthetic: World Bank wheat USD × NGN/USD FX + Nigeria import premium (calibrated),Synthetic (World Bank/FAO × FX),historical,True,Hard bound violation (synthetic),100000.0,153.86,155.0,97.0,11.4,12.5,0,1,1,1,0,0,0,0,1,0,0,0,0,0,0,0,0,0,0,0,0.8660254037844387,-0.4999999999999998,0.970941817426052,-0.2393156642875575,0,2200.91,338631.35,338631.35,338631.35,338631.35,338631.35,338631.35,338631.35,338631.35,0.0,338631.35,0.0,338631.35,0.0,338631.35,0.0,338631.35,338631.35,338631.35,338631.35,0.0,0.0,0.0,0.0,0.0,0.0,,12.732670284578193,1.0,0,0,0.5,303977.87,66,2011,2
Wheat,2011-04-18,338631.35,NGN,NGN/MT,Historical (World Bank Pink Sheet × FX),wholesale,National,,,0.65,False,Synthetic: World Bank wheat USD × NGN/USD FX + Nigeria import premium (calibrated),Synthetic (World Bank/FAO × FX),historical,True,Hard bound violation (synthetic),100000.0,153.86,155.0,97.0,11.4,12.5,0,1,1,1,0,0,0,0,1,0,0,0,0,0,0,0,0,0,0,0,0.8660254037844387,-0.4999999999999998,0.9350162426854148,-0.3546048870425354,0,2200.91,338631.35,338631.35,338631.35,338631.35,338631.35,338631.35,338631.35,338631.35,0.0,338631.35,0.0,338631.35,0.0,338631.35,0.0,338631.35,338631.35,338631.35,338631.35,0.0,0.0,0.0,0.0,0.0,0.0,,12.732670284578193,1.0,0,0,0.5,303977.87,67,2011,2
Wheat,2011-04-25,338631.35,NGN,NGN/MT,Historical (World Bank Pink Sheet × FX),wholesale,National,,,0.65,False,Synthetic: World Bank wheat USD × NGN/USD FX + Nigeria import premium (calibrated),Synthetic (World Bank/FAO × FX),historical,True,Hard bound violation (synthetic),100000.0,153.86,155.0,97.0,11.4,12.5,0,1,1,1,0,0,0,0,1,0,0,0,0,0,0,0,0,0,0,0,0.8660254037844387,-0.4999999999999998,0.8854560256532099,-0.4647231720437685,0,2200.91,338631.35,338631.35,338631.35,338631.35,338631.35,338631.35,338631.35,338631.35,0.0,338631.35,0.0,338631.35,0.0,338631.35,0.0,338631.35,338631.35,338631.35,338631.35,0.0,0.0,0.0,0.0,0.0,0.0,,12.732670284578193,1.0,0,0,0.5,303977.87,68,2011,2
Wheat,2011-05-02,338631.35,NGN,NGN/MT,Historical (World Bank Pink Sheet × FX),wholesale,National,,,0.65,False,Synthetic: World Bank wheat USD × NGN/USD FX + Nigeria import premium (calibrated),Synthetic (World Bank/FAO × FX),historical,True,Hard bound violation (synthetic),100000.0,153.86,155.0,97.0,11.4,12.5,0,1,1,1,0,0,0,0,1,0,1,0,0,0,0,0,0,0,0,0,0.4999999999999999,-0.8660254037844387,0.8229838658936565,-0.5680647467311557,0,2200.91,338631.35,338631.35,338631.35,338631.35,338631.35,338631.35,338631.35,338631.35,0.0,338631.35,0.0,338631.35,0.0,338631.35,0.0,338631.35,338631.35,338631.35,338631.35,0.0,0.0,0.0,0.0,0.0,0.0,,12.732670284578193,1.0,0,0,0.5,303977.87,69,2011,2
Wheat,2011-05-09,338631.35,NGN,NGN/MT,Historical (World Bank Pink Sheet × FX),wholesale,National,,,0.65,False,Synthetic: World Bank wheat USD × NGN/USD FX + Nigeria import premium (calibrated),Synthetic (World Bank/FAO × FX),historical,True,Hard bound violation (synthetic),100000.0,153.86,155.0,97.0,11.4,12.5,0,1,1,1,0,0,0,0,1,0,1,0,0,0,0,0,0,0,0,0,0.4999999999999999,-0.8660254037844387,0.7485107481711013,-0.663122658240795,0,2200.91,338631.35,338631.35,338631.35,338631.35,338631.35,338631.35,338631.35,338631.35,0.0,338631.35,0.0,338631.35,0.0,338631.35,0.0,338631.35,338631.35,338631.35,338631.35,0.0,0.0,0.0,0.0,0.0,0.0,,12.732670284578193,1.0,0,0,0.5,303977.87,70,2011,2
Wheat,2011-05-16,338631.35,NGN,NGN/MT,Historical (World Bank Pink Sheet × FX),wholesale,National,,,0.65,False,Synthetic: World Bank wheat USD × NGN/USD FX + Nigeria import premium (calibrated),Synthetic (World Bank/FAO × FX),historical,True,Hard bound violation (synthetic),100000.0,153.86,155.0,97.0,11.4,12.5,0,1,1,1,0,0,0,0,1,0,1,0,0,0,0,0,0,0,0,0,0.4999999999999999,-0.8660254037844387,0.6631226582407952,-0.7485107481711012,0,2200.91,338631.35,338631.35,338631.35,338631.35,338631.35,338631.35,338631.35,338631.35,0.0,338631.35,0.0,338631.35,0.0,338631.35,0.0,338631.35,338631.35,338631.35,338631.35,0.0,0.0,0.0,0.0,0.0,0.0,,12.732670284578193,1.0,0,0,0.5,303977.87,71,2011,2
Wheat,2011-05-23,338631.35,NGN,NGN/MT,Historical (World Bank Pink Sheet × FX),wholesale,National,,,0.65,False,Synthetic: World Bank wheat USD × NGN/USD FX + Nigeria import premium (calibrated),Synthetic (World Bank/FAO × FX),historical,True,Hard bound violation (synthetic),100000.0,153.86,155.0,97.0,11.4,12.5,0,1,1,1,0,0,0,0,1,0,1,0,0,0,0,0,0,0,0,0,0.4999999999999999,-0.8660254037844387,0.5680647467311558,-0.8229838658936564,0,2200.91,338631.35,338631.35,338631.35,338631.35,338631.35,338631.35,338631.35,338631.35,0.0,338631.35,0.0,338631.35,0.0,338631.35,0.0,338631.35,338631.35,338631.35,338631.35,0.0,0.0,0.0,0.0,0.0,0.0,,12.732670284578193,1.0,0,0,0.5,303977.87,72,2011,2
Wheat,2011-05-30,338631.35,NGN,NGN/MT,Historical (World Bank Pink Sheet × FX),wholesale,National,,,0.65,False,Synthetic: World Bank wheat USD × NGN/USD FX + Nigeria import premium (calibrated),Synthetic (World Bank/FAO × FX),historical,True,Hard bound violation (synthetic),100000.0,153.86,155.0,97.0,11.4,12.5,0,1,1,1,0,0,0,0,1,0,1,0,0,0,0,0,0,0,0,0,0.4999999999999999,-0.8660254037844387,0.464723172043769,-0.8854560256532096,0,2200.91,338631.35,338631.35,338631.35,338631.35,338631.35,338631.35,338631.35,338631.35,0.0,338631.35,0.0,338631.35,0.0,338631.35,0.0,338631.35,338631.35,338631.35,338631.35,0.0,0.0,0.0,0.0,0.0,0.0,,12.732670284578193,1.0,0,0,0.5,303977.87,73,2011,2
Wheat,2011-06-06,338631.35,NGN,NGN/MT,Historical (World Bank Pink Sheet × FX),wholesale,National,,,0.65,False,Synthetic: World Bank wheat USD × NGN/USD FX + Nigeria import premium (calibrated),Synthetic (World Bank/FAO × FX),historical,True,Hard bound violation (synthetic),100000.0,153.86,155.0,97.0,11.4,12.5,0,1,1,0,0,0,0,1,0,0,1,0,0,0,0,0,0,0,1,0,1.2246467991473532e-16,-1.0,0.3546048870425358,-0.9350162426854148,0,2200.91,338631.35,338631.35,338631.35,338631.35,338631.35,338631.35,338631.35,338631.35,0.0,338631.35,0.0,338631.35,0.0,338631.35,0.0,338631.35,338631.35,338631.35,338631.35,0.0,0.0,0.0,0.0,0.0,0.0,,12.732670284578193,1.0,0,0,0.5,303977.87,74,2011,2
Wheat,2011-06-13,338631.35,NGN,NGN/MT,Historical (World Bank Pink Sheet × FX),wholesale,National,,,0.65,False,Synthetic: World Bank wheat USD × NGN/USD FX + Nigeria import premium (calibrated),Synthetic (World Bank/FAO × FX),historical,True,Hard bound violation (synthetic),100000.0,153.86,155.0,97.0,11.4,12.5,0,1,1,0,0,0,0,1,0,0,1,0,0,0,0,0,0,0,1,0,1.2246467991473532e-16,-1.0,0.2393156642875576,-0.970941817426052,0,2200.91,338631.35,338631.35,338631.35,338631.35,338631.35,338631.35,338631.35,338631.35,0.0,338631.35,0.0,338631.35,0.0,338631.35,0.0,338631.35,338631.35,338631.35,338631.35,0.0,0.0,0.0,0.0,0.0,0.0,,12.732670284578193,1.0,0,0,0.5,303977.87,75,2011,2
Wheat,2011-06-20,338631.35,NGN,NGN/MT,Historical (World Bank Pink Sheet × FX),wholesale,National,,,0.65,False,Synthetic: World Bank wheat USD × NGN/USD FX + Nigeria import premium (calibrated),Synthetic (World Bank/FAO × FX),historical,True,Hard bound violation (synthetic),100000.0,153.86,155.0,97.0,11.4,12.5,0,1,1,0,0,0,0,1,0,0,1,0,0,0,0,0,0,0,1,0,1.2246467991473532e-16,-1.0,0.120536680255323,-0.992708874098054,0,2200.91,338631.35,338631.35,338631.35,338631.35,338631.35,338631.35,338631.35,338631.35,0.0,338631.35,0.0,338631.35,0.0,338631.35,0.0,338631.35,338631.35,338631.35,338631.35,0.0,0.0,0.0,0.0,0.0,0.0,,12.732670284578193,1.0,0,0,0.5,303977.87,76,2011,2
Wheat,2011-06-27,338631.35,NGN,NGN/MT,Historical (World Bank Pink Sheet × FX),wholesale,National,,,0.65,False,Synthetic: World Bank wheat USD × NGN/USD FX + Nigeria import premium (calibrated),Synthetic (World Bank/FAO × FX),historical,True,Hard bound violation (synthetic),100000.0,153.86,155.0,97.0,11.4,12.5,0,1,1,0,0,0,0,1,0,0,1,0,0,0,0,0,0,0,1,0,1.2246467991473532e-16,-1.0,-3.216245299353273e-16,-1.0,0,2200.91,338631.35,338631.35,338631.35,338631.35,338631.35,338631.35,338631.35,338631.35,0.0,338631.35,0.0,338631.35,0.0,338631.35,0.0,338631.35,338631.35,338631.35,338631.35,0.0,0.0,0.0,0.0,0.0,0.0,,12.732670284578193,1.0,0,0,0.5,303977.87,77,2011,2
Wheat,2011-07-04,338631.35,NGN,NGN/MT,Historical (World Bank Pink Sheet × FX),wholesale,National,,,0.65,False,Synthetic: World Bank wheat USD × NGN/USD FX + Nigeria import premium (calibrated),Synthetic (World Bank/FAO × FX),historical,True,Hard bound violation (synthetic),100000.0,153.86,155.0,97.0,11.4,12.5,0,1,1,0,0,0,1,1,0,0,1,0,0,0,0,0,0,0,1,0,-0.4999999999999997,-0.8660254037844388,-0.1205366802553228,-0.992708874098054,0,2200.91,338631.35,338631.35,338631.35,338631.35,338631.35,338631.35,338631.35,338631.35,0.0,338631.35,0.0,338631.35,0.0,338631.35,0.0,338631.35,338631.35,338631.35,338631.35,0.0,0.0,0.0,0.0,0.0,0.0,,12.732670284578193,1.0,0,0,0.5,303977.87,78,2011,3
Wheat,2011-07-11,338631.35,NGN,NGN/MT,Historical (World Bank Pink Sheet × FX),wholesale,National,,,0.65,False,Synthetic: World Bank wheat USD × NGN/USD FX + Nigeria import premium (calibrated),Synthetic (World Bank/FAO × FX),historical,True,Hard bound violation (synthetic),100000.0,153.86,155.0,97.0,11.4,12.5,0,1,1,0,0,0,1,1,0,0,1,0,0,0,0,0,0,0,1,0,-0.4999999999999997,-0.8660254037844388,-0.2393156642875574,-0.970941817426052,0,2200.91,338631.35,338631.35,338631.35,338631.35,338631.35,338631.35,338631.35,338631.35,0.0,338631.35,0.0,338631.35,0.0,338631.35,0.0,338631.35,338631.35,338631.35,338631.35,0.0,0.0,0.0,0.0,0.0,0.0,,12.732670284578193,1.0,0,0,0.5,303977.87,79,2011,3
Wheat,2011-07-18,338631.35,NGN,NGN/MT,Historical (World Bank Pink Sheet × FX),wholesale,National,,,0.65,False,Synthetic: World Bank wheat USD × NGN/USD FX + Nigeria import premium (calibrated),Synthetic (World Bank/FAO × FX),historical,True,Hard bound violation (synthetic),100000.0,153.86,155.0,97.0,11.4,12.5,0,1,1,0,0,0,1,1,0,0,1,0,0,0,0,0,0,0,1,0,-0.4999999999999997,-0.8660254037844388,-0.3546048870425356,-0.9350162426854148,0,2200.91,338631.35,338631.35,338631.35,338631.35,338631.35,338631.35,338631.35,338631.35,0.0,338631.35,0.0,338631.35,0.0,338631.35,0.0,338631.35,338631.35,338631.35,338631.35,0.0,0.0,0.0,0.0,0.0,0.0,,12.732670284578193,1.0,0,0,0.5,303977.87,80,2011,3
Wheat,2011-07-25,338631.35,NGN,NGN/MT,Historical (World Bank Pink Sheet × FX),wholesale,National,,,0.65,False,Synthetic: World Bank wheat USD × NGN/USD FX + Nigeria import premium (calibrated),Synthetic (World Bank/FAO × FX),historical,True,Hard bound violation (synthetic),100000.0,153.86,155.0,97.0,11.4,12.5,0,1,1,0,0,0,1,1,0,0,1,0,0,0,0,0,0,0,1,0,-0.4999999999999997,-0.8660254037844388,-0.464723172043768,-0.8854560256532101,0,2200.91,338631.35,338631.35,338631.35,338631.35,338631.35,338631.35,338631.35,338631.35,0.0,338631.35,0.0,338631.35,0.0,338631.35,0.0,338631.35,338631.35,338631.35,338631.35,0.0,0.0,0.0,0.0,0.0,0.0,,12.732670284578193,1.0,0,0,0.5,303977.87,81,2011,3
Wheat,2011-08-01,338631.35,NGN,NGN/MT,Historical (World Bank Pink Sheet × FX),wholesale,National,,,0.65,False,Synthetic: World Bank wheat USD × NGN/USD FX + Nigeria import premium (calibrated),Synthetic (World Bank/FAO × FX),historical,True,Hard bound violation (synthetic),100000.0,153.86,155.0,97.0,11.4,12.5,0,1,0,0,1,0,1,1,0,0,1,0,0,0,0,1,0,1,1,0,-0.8660254037844384,-0.5000000000000004,-0.5680647467311556,-0.8229838658936565,0,2200.91,338631.35,338631.35,338631.35,338631.35,338631.35,338631.35,338631.35,338631.35,0.0,338631.35,0.0,338631.35,0.0,338631.35,0.0,338631.35,338631.35,338631.35,338631.35,0.0,0.0,0.0,0.0,0.0,0.0,,12.732670284578193,1.0,0,0,0.0,303977.87,82,2011,3
Wheat,2011-08-08,338631.35,NGN,NGN/MT,Historical (World Bank Pink Sheet × FX),wholesale,National,,,0.65,False,Synthetic: World Bank wheat USD × NGN/USD FX + Nigeria import premium (calibrated),Synthetic (World Bank/FAO × FX),historical,True,Hard bound violation (synthetic),100000.0,153.86,155.0,97.0,11.4,12.5,0,1,0,0,1,0,1,1,0,0,1,0,0,0,0,1,0,1,1,0,-0.8660254037844384,-0.5000000000000004,-0.663122658240795,-0.7485107481711013,0,2200.91,338631.35,338631.35,338631.35,338631.35,338631.35,338631.35,338631.35,338631.35,0.0,338631.35,0.0,338631.35,0.0,338631.35,0.0,338631.35,338631.35,338631.35,338631.35,0.0,0.0,0.0,0.0,0.0,0.0,,12.732670284578193,1.0,0,0,0.0,303977.87,83,2011,3
Wheat,2011-08-15,338631.35,NGN,NGN/MT,Historical (World Bank Pink Sheet × FX),wholesale,National,,,0.65,False,Synthetic: World Bank wheat USD × NGN/USD FX + Nigeria import premium (calibrated),Synthetic (World Bank/FAO × FX),historical,True,Hard bound violation (synthetic),100000.0,153.86,155.0,97.0,11.4,12.5,0,1,0,0,1,0,1,1,0,0,1,0,0,0,0,1,0,1,1,0,-0.8660254037844384,-0.5000000000000004,-0.7485107481711011,-0.6631226582407952,0,2200.91,338631.35,338631.35,338631.35,338631.35,338631.35,338631.35,338631.35,338631.35,0.0,338631.35,0.0,338631.35,0.0,338631.35,0.0,338631.35,338631.35,338631.35,338631.35,0.0,0.0,0.0,0.0,0.0,0.0,,12.732670284578193,1.0,0,0,0.0,303977.87,84,2011,3
Wheat,2011-08-22,338631.35,NGN,NGN/MT,Historical (World Bank Pink Sheet × FX),wholesale,National,,,0.65,False,Synthetic: World Bank wheat USD × NGN/USD FX + Nigeria import premium (calibrated),Synthetic (World Bank/FAO × FX),historical,True,Hard bound violation (synthetic),100000.0,153.86,155.0,97.0,11.4,12.5,0,1,0,0,1,0,1,1,0,0,1,0,0,0,0,1,0,1,1,0,-0.8660254037844384,-0.5000000000000004,-0.8229838658936564,-0.5680647467311559,0,2200.91,338631.35,338631.35,338631.35,338631.35,338631.35,338631.35,338631.35,338631.35,0.0,338631.35,0.0,338631.35,0.0,338631.35,0.0,338631.35,338631.35,338631.35,338631.35,0.0,0.0,0.0,0.0,0.0,0.0,,12.732670284578193,1.0,0,0,0.0,303977.87,85,2011,3
Wheat,2011-08-29,338631.35,NGN,NGN/MT,Historical (World Bank Pink Sheet × FX),wholesale,National,,,0.65,False,Synthetic: World Bank wheat USD × NGN/USD FX + Nigeria import premium (calibrated),Synthetic (World Bank/FAO × FX),historical,True,Hard bound violation (synthetic),100000.0,153.86,155.0,97.0,11.4,12.5,0,1,0,0,1,0,1,1,0,0,1,0,0,0,0,1,0,1,1,0,-0.8660254037844384,-0.5000000000000004,-0.8854560256532096,-0.4647231720437691,0,2200.91,338631.35,338631.35,338631.35,338631.35,338631.35,338631.35,338631.35,338631.35,0.0,338631.35,0.0,338631.35,0.0,338631.35,0.0,338631.35,338631.35,338631.35,338631.35,0.0,0.0,0.0,0.0,0.0,0.0,,12.732670284578193,1.0,0,0,0.0,303977.87,86,2011,3
Wheat,2011-09-05,338631.35,NGN,NGN/MT,Historical (World Bank Pink Sheet × FX),wholesale,National,,,0.65,False,Synthetic: World Bank wheat USD × NGN/USD FX + Nigeria import premium (calibrated),Synthetic (World Bank/FAO × FX),historical,True,Hard bound violation (synthetic),100000.0,153.86,155.0,97.0,11.4,12.5,0,1,0,0,1,1,0,0,0,0,0,0,0,0,0,1,0,0,0,0,-1.0,-1.8369701987210287e-16,-0.9350162426854148,-0.3546048870425359,0,2200.91,338631.35,338631.35,338631.35,338631.35,338631.35,338631.35,338631.35,338631.35,0.0,338631.35,0.0,338631.35,0.0,338631.35,0.0,338631.35,338631.35,338631.35,338631.35,0.0,0.0,0.0,0.0,0.0,0.0,,12.732670284578193,1.0,0,0,0.5,303977.87,87,2011,3
Wheat,2011-09-12,338631.35,NGN,NGN/MT,Historical (World Bank Pink Sheet × FX),wholesale,National,,,0.65,False,Synthetic: World Bank wheat USD × NGN/USD FX + Nigeria import premium (calibrated),Synthetic (World Bank/FAO × FX),historical,True,Hard bound violation (synthetic),100000.0,153.86,155.0,97.0,11.4,12.5,0,1,0,0,1,1,0,0,0,0,0,0,0,0,0,1,0,0,0,0,-1.0,-1.8369701987210287e-16,-0.970941817426052,-0.2393156642875577,0,2200.91,338631.35,338631.35,338631.35,338631.35,338631.35,338631.35,338631.35,338631.35,0.0,338631.35,0.0,338631.35,0.0,338631.35,0.0,338631.35,338631.35,338631.35,338631.35,0.0,0.0,0.0,0.0,0.0,0.0,,12.732670284578193,1.0,0,0,0.5,303977.87,88,2011,3
Wheat,2011-09-19,338631.35,NGN,NGN/MT,Historical (World Bank Pink Sheet × FX),wholesale,National,,,0.65,False,Synthetic: World Bank wheat USD × NGN/USD FX + Nigeria import premium (calibrated),Synthetic (World Bank/FAO × FX),historical,True,Hard bound violation (synthetic),100000.0,153.86,155.0,97.0,11.4,12.5,0,1,0,0,1,1,0,0,0,0,0,0,0,0,0,1,0,0,0,0,-1.0,-1.8369701987210287e-16,-0.992708874098054,-0.1205366802553235,0,2200.91,338631.35,338631.35,338631.35,338631.35,338631.35,338631.35,338631.35,338631.35,0.0,338631.35,0.0,338631.35,0.0,338631.35,0.0,338631.35,338631.35,338631.35,338631.35,0.0,0.0,0.0,0.0,0.0,0.0,,12.732670284578193,1.0,0,0,0.5,303977.87,89,2011,3
Wheat,2011-09-26,338631.35,NGN,NGN/MT,Historical (World Bank Pink Sheet × FX),wholesale,National,,,0.65,False,Synthetic: World Bank wheat USD × NGN/USD FX + Nigeria import premium (calibrated),Synthetic (World Bank/FAO × FX),historical,True,Hard bound violation (synthetic),100000.0,153.86,155.0,97.0,11.4,12.5,0,1,0,0,1,1,0,0,0,0,0,0,0,0,0,1,0,0,0,0,-1.0,-1.8369701987210287e-16,-1.0,-1.8369701987210287e-16,0,2200.91,338631.35,338631.35,338631.35,338631.35,338631.35,338631.35,338631.35,338631.35,0.0,338631.35,0.0,338631.35,0.0,338631.35,0.0,338631.35,338631.35,338631.35,338631.35,0.0,0.0,0.0,0.0,0.0,0.0,,12.732670284578193,1.0,0,0,0.5,303977.87,90,2011,3
Wheat,2011-10-03,338631.35,NGN,NGN/MT,Historical (World Bank Pink Sheet × FX),wholesale,National,,,0.65,False,Synthetic: World Bank wheat USD × NGN/USD FX + Nigeria import premium (calibrated),Synthetic (World Bank/FAO × FX),historical,True,Hard bound violation (synthetic),100000.0,153.86,155.0,97.0,11.4,12.5,0,1,0,0,0,1,0,0,0,1,0,1,0,1,1,1,1,0,0,0,-0.8660254037844386,0.5000000000000001,-0.992708874098054,0.1205366802553232,0,2200.91,338631.35,338631.35,338631.35,338631.35,338631.35,338631.35,338631.35,338631.35,0.0,338631.35,0.0,338631.35,0.0,338631.35,0.0,338631.35,338631.35,338631.35,338631.35,0.0,0.0,0.0,0.0,0.0,0.0,,12.732670284578193,1.0,0,0,0.5,303977.87,91,2011,4
Wheat,2011-10-10,338631.35,NGN,NGN/MT,Historical (World Bank Pink Sheet × FX),wholesale,National,,,0.65,False,Synthetic: World Bank wheat USD × NGN/USD FX + Nigeria import premium (calibrated),Synthetic (World Bank/FAO × FX),historical,True,Hard bound violation (synthetic),100000.0,153.86,155.0,97.0,11.4,12.5,0,1,0,0,0,1,0,0,0,1,0,1,0,1,1,1,1,0,0,0,-0.8660254037844386,0.5000000000000001,-0.970941817426052,0.2393156642875573,0,2200.91,338631.35,338631.35,338631.35,338631.35,338631.35,338631.35,338631.35,338631.35,0.0,338631.35,0.0,338631.35,0.0,338631.35,0.0,338631.35,338631.35,338631.35,338631.35,0.0,0.0,0.0,0.0,0.0,0.0,,12.732670284578193,1.0,0,0,0.5,303977.87,92,2011,4
Wheat,2011-10-17,338631.35,NGN,NGN/MT,Historical (World Bank Pink Sheet × FX),wholesale,National,,,0.65,False,Synthetic: World Bank wheat USD × NGN/USD FX + Nigeria import premium (calibrated),Synthetic (World Bank/FAO × FX),historical,True,Hard bound violation (synthetic),100000.0,153.86,155.0,97.0,11.4,12.5,0,1,0,0,0,1,0,0,0,1,0,1,0,1,1,1,1,0,0,0,-0.8660254037844386,0.5000000000000001,-0.9350162426854148,0.3546048870425355,0,2200.91,338631.35,338631.35,338631.35,338631.35,338631.35,338631.35,338631.35,338631.35,0.0,338631.35,0.0,338631.35,0.0,338631.35,0.0,338631.35,338631.35,338631.35,338631.35,0.0,0.0,0.0,0.0,0.0,0.0,,12.732670284578193,1.0,0,0,0.5,303977.87,93,2011,4
Wheat,2011-10-24,338631.35,NGN,NGN/MT,Historical (World Bank Pink Sheet × FX),wholesale,National,,,0.65,False,Synthetic: World Bank wheat USD × NGN/USD FX + Nigeria import premium (calibrated),Synthetic (World Bank/FAO × FX),historical,True,Hard bound violation (synthetic),100000.0,153.86,155.0,97.0,11.4,12.5,0,1,0,0,0,1,0,0,0,1,0,1,0,1,1,1,1,0,0,0,-0.8660254037844386,0.5000000000000001,-0.8854560256532101,0.464723172043768,0,2200.91,338631.35,338631.35,338631.35,338631.35,338631.35,338631.35,338631.35,338631.35,0.0,338631.35,0.0,338631.35,0.0,338631.35,0.0,338631.35,338631.35,338631.35,338631.35,0.0,0.0,0.0,0.0,0.0,0.0,,12.732670284578193,1.0,0,0,0.5,303977.87,94,2011,4
Wheat,2011-10-31,338631.35,NGN,NGN/MT,Historical (World Bank Pink Sheet × FX),wholesale,National,,,0.65,False,Synthetic: World Bank wheat USD × NGN/USD FX + Nigeria import premium (calibrated),Synthetic (World Bank/FAO × FX),historical,True,Hard bound violation (synthetic),100000.0,153.86,155.0,97.0,11.4,12.5,0,1,0,0,0,1,0,0,0,1,0,1,0,1,1,1,1,0,0,0,-0.8660254037844386,0.5000000000000001,-0.822983865893657,0.5680647467311548,0,2200.91,338631.35,338631.35,338631.35,338631.35,338631.35,338631.35,338631.35,338631.35,0.0,338631.35,0.0,338631.35,0.0,338631.35,0.0,338631.35,338631.35,338631.35,338631.35,0.0,0.0,0.0,0.0,0.0,0.0,,12.732670284578193,1.0,0,0,0.5,303977.87,95,2011,4
Wheat,2011-11-07,338631.35,NGN,NGN/MT,Historical (World Bank Pink Sheet × FX),wholesale,National,,,0.65,False,Synthetic: World Bank wheat USD × NGN/USD FX + Nigeria import premium (calibrated),Synthetic (World Bank/FAO × FX),historical,True,Hard bound violation (synthetic),100000.0,153.86,155.0,97.0,11.4,12.5,1,0,0,0,0,1,0,0,0,1,0,1,1,1,1,0,1,0,0,0,-0.5000000000000004,0.8660254037844384,-0.7485107481711011,0.6631226582407952,1,2200.91,338631.35,338631.35,338631.35,338631.35,338631.35,338631.35,338631.35,338631.35,0.0,338631.35,0.0,338631.35,0.0,338631.35,0.0,338631.35,338631.35,338631.35,338631.35,0.0,0.0,0.0,0.0,0.0,0.0,,12.732670284578193,1.0,0,0,0.5,303977.87,96,2011,4
Wheat,2011-11-14,338631.35,NGN,NGN/MT,Historical (World Bank Pink Sheet × FX),wholesale,National,,,0.65,False,Synthetic: World Bank wheat USD × NGN/USD FX + Nigeria import premium (calibrated),Synthetic (World Bank/FAO × FX),historical,True,Hard bound violation (synthetic),100000.0,153.86,155.0,97.0,11.4,12.5,1,0,0,0,0,1,0,0,0,1,0,1,1,1,1,0,1,0,0,0,-0.5000000000000004,0.8660254037844384,-0.6631226582407955,0.7485107481711007,1,2200.91,338631.35,338631.35,338631.35,338631.35,338631.35,338631.35,338631.35,338631.35,0.0,338631.35,0.0,338631.35,0.0,338631.35,0.0,338631.35,338631.35,338631.35,338631.35,0.0,0.0,0.0,0.0,0.0,0.0,,12.732670284578193,1.0,0,0,0.5,303977.87,97,2011,4
Wheat,2011-11-21,338631.35,NGN,NGN/MT,Historical (World Bank Pink Sheet × FX),wholesale,National,,,0.65,False,Synthetic: World Bank wheat USD × NGN/USD FX + Nigeria import premium (calibrated),Synthetic (World Bank/FAO × FX),historical,True,Hard bound violation (synthetic),100000.0,153.86,155.0,97.0,11.4,12.5,1,0,0,0,0,1,0,0,0,1,0,1,1,1,1,0,1,0,0,0,-0.5000000000000004,0.8660254037844384,-0.5680647467311559,0.8229838658936564,1,2200.91,338631.35,338631.35,338631.35,338631.35,338631.35,338631.35,338631.35,338631.35,0.0,338631.35,0.0,338631.35,0.0,338631.35,0.0,338631.35,338631.35,338631.35,338631.35,0.0,0.0,0.0,0.0,0.0,0.0,,12.732670284578193,1.0,0,0,0.5,303977.87,98,2011,4
Wheat,2011-11-28,338631.35,NGN,NGN/MT,Historical (World Bank Pink Sheet × FX),wholesale,National,,,0.65,False,Synthetic: World Bank wheat USD × NGN/USD FX + Nigeria import premium (calibrated),Synthetic (World Bank/FAO × FX),historical,True,Hard bound violation (synthetic),100000.0,153.86,155.0,97.0,11.4,12.5,1,0,0,0,0,1,0,0,0,1,0,1,1,1,1,0,1,0,0,0,-0.5000000000000004,0.8660254037844384,-0.4647231720437684,0.88545602565321,1,2200.91,338631.35,338631.35,338631.35,338631.35,338631.35,338631.35,338631.35,338631.35,0.0,338631.35,0.0,338631.35,0.0,338631.35,0.0,338631.35,338631.35,338631.35,338631.35,0.0,0.0,0.0,0.0,0.0,0.0,,12.732670284578193,1.0,0,0,0.5,303977.87,99,2011,4
Wheat,2011-12-05,338631.35,NGN,NGN/MT,Historical (World Bank Pink Sheet × FX),wholesale,National,,,0.65,False,Synthetic: World Bank wheat USD × NGN/USD FX + Nigeria import premium (calibrated),Synthetic (World Bank/FAO × FX),historical,True,Hard bound violation (synthetic),100000.0,153.86,155.0,97.0,11.4,12.5,1,0,0,0,0,0,0,0,0,1,0,1,1,1,1,0,0,0,0,1,-2.4492935982947064e-16,1.0,-0.3546048870425359,0.9350162426854148,1,2200.91,338631.35,338631.35,338631.35,338631.35,338631.35,338631.35,338631.35,338631.35,0.0,338631.35,0.0,338631.35,0.0,338631.35,0.0,338631.35,338631.35,338631.35,338631.35,0.0,0.0,0.0,0.0,0.0,0.0,,12.732670284578193,1.0,0,0,0.0,303977.87,100,2011,4
Wheat,2011-12-12,338631.35,NGN,NGN/MT,Historical (World Bank Pink Sheet × FX),wholesale,National,,,0.65,False,Synthetic: World Bank wheat USD × NGN/USD FX + Nigeria import premium (calibrated),Synthetic (World Bank/FAO × FX),historical,True,Hard bound violation (synthetic),100000.0,153.86,155.0,97.0,11.4,12.5,1,0,0,0,0,0,0,0,0,1,0,1,1,1,1,0,0,0,0,1,-2.4492935982947064e-16,1.0,-0.2393156642875578,0.970941817426052,1,2200.91,338631.35,338631.35,338631.35,338631.35,338631.35,338631.35,338631.35,338631.35,0.0,338631.35,0.0,338631.35,0.0,338631.35,0.0,338631.35,338631.35,338631.35,338631.35,0.0,0.0,0.0,0.0,0.0,0.0,,12.732670284578193,1.0,0,0,0.0,303977.87,101,2011,4
Wheat,2011-12-19,338631.35,NGN,NGN/MT,Historical (World Bank Pink Sheet × FX),wholesale,National,,,0.65,False,Synthetic: World Bank wheat USD × NGN/USD FX + Nigeria import premium (calibrated),Synthetic (World Bank/FAO × FX),historical,True,Hard bound violation (synthetic),100000.0,153.86,155.0,97.0,11.4,12.5,1,0,0,0,0,0,0,0,0,1,0,1,1,1,1,0,0,0,0,1,-2.4492935982947064e-16,1.0,-0.1205366802553236,0.992708874098054,1,2200.91,338631.35,338631.35,338631.35,338631.35,338631.35,338631.35,338631.35,338631.35,0.0,338631.35,0.0,338631.35,0.0,338631.35,0.0,338631.35,338631.35,338631.35,338631.35,0.0,0.0,0.0,0.0,0.0,0.0,,12.732670284578193,1.0,0,0,0.0,303977.87,102,2011,4
Wheat,2011-12-26,338631.35,NGN,NGN/MT,Historical (World Bank Pink Sheet × FX),wholesale,National,,,0.65,False,Synthetic: World Bank wheat USD × NGN/USD FX + Nigeria import premium (calibrated),Synthetic (World Bank/FAO × FX),historical,True,Hard bound violation (synthetic),100000.0,153.86,155.0,97.0,11.4,12.5,1,0,0,0,0,0,0,0,0,1,0,1,1,1,1,0,0,0,0,1,-2.4492935982947064e-16,1.0,6.432490598706546e-16,1.0,1,2200.91,338631.35,338631.35,338631.35,338631.35,338631.35,338631.35,338631.35,338631.35,0.0,338631.35,0.0,338631.35,0.0,338631.35,0.0,338631.35,338631.35,338631.35,338631.35,0.0,0.0,0.0,0.0,0.0,0.0,,12.732670284578193,1.0,0,0,0.0,303977.87,103,2011,4
Wheat,2012-01-02,338631.35,NGN,NGN/MT,Historical (World Bank Pink Sheet × FX),wholesale,National,,,0.65,False,Synthetic: World Bank wheat USD × NGN/USD FX + Nigeria import premium (calibrated),Synthetic (World Bank/FAO × FX),historical,True,Hard bound violation (synthetic),100000.0,157.5,155.0,97.0,11.4,12.5,1,0,0,0,0,0,0,0,0,1,0,0,1,0,0,0,0,0,0,1,0.4999999999999999,0.8660254037844387,0.120536680255323,0.992708874098054,1,2150.04,338631.35,338631.35,338631.35,338631.35,338631.35,338631.35,338631.35,338631.35,0.0,338631.35,0.0,338631.35,0.0,338631.35,0.0,338631.35,338631.35,338631.35,338631.35,0.0,0.0,0.0,0.0,0.0,0.0,,12.732670284578193,1.0,0,0,0.0,303977.87,104,2012,1
Wheat,2012-01-09,338631.35,NGN,NGN/MT,Historical (World Bank Pink Sheet × FX),wholesale,National,,,0.65,False,Synthetic: World Bank wheat USD × NGN/USD FX + Nigeria import premium (calibrated),Synthetic (World Bank/FAO × FX),historical,True,Hard bound violation (synthetic),100000.0,157.5,155.0,97.0,11.4,12.5,1,0,0,0,0,0,0,0,0,1,0,0,1,0,0,0,0,0,0,1,0.4999999999999999,0.8660254037844387,0.2393156642875577,0.970941817426052,1,2150.04,338631.35,338631.35,338631.35,338631.35,338631.35,338631.35,338631.35,338631.35,0.0,338631.35,0.0,338631.35,0.0,338631.35,0.0,338631.35,338631.35,338631.35,338631.35,0.0,0.0,0.0,0.0,0.0,0.0,,12.732670284578193,1.0,0,0,0.0,303977.87,105,2012,1
Wheat,2012-01-16,338631.35,NGN,NGN/MT,Historical (World Bank Pink Sheet × FX),wholesale,National,,,0.65,False,Synthetic: World Bank wheat USD × NGN/USD FX + Nigeria import premium (calibrated),Synthetic (World Bank/FAO × FX),historical,True,Hard bound violation (synthetic),100000.0,157.5,155.0,97.0,11.4,12.5,1,0,0,0,0,0,0,0,0,1,0,0,1,0,0,0,0,0,0,1,0.4999999999999999,0.8660254037844387,0.3546048870425356,0.9350162426854148,1,2150.04,338631.35,338631.35,338631.35,338631.35,338631.35,338631.35,338631.35,338631.35,0.0,338631.35,0.0,338631.35,0.0,338631.35,0.0,338631.35,338631.35,338631.35,338631.35,0.0,0.0,0.0,0.0,0.0,0.0,,12.732670284578193,1.0,0,0,0.0,303977.87,106,2012,1
Wheat,2012-01-23,338631.35,NGN,NGN/MT,Historical (World Bank Pink Sheet × FX),wholesale,National,,,0.65,False,Synthetic: World Bank wheat USD × NGN/USD FX + Nigeria import premium (calibrated),Synthetic (World Bank/FAO × FX),historical,True,Hard bound violation (synthetic),100000.0,157.5,155.0,97.0,11.4,12.5,1,0,0,0,0,0,0,0,0,1,0,0,1,0,0,0,0,0,0,1,0.4999999999999999,0.8660254037844387,0.4647231720437685,0.8854560256532099,1,2150.04,338631.35,338631.35,338631.35,338631.35,338631.35,338631.35,338631.35,338631.35,0.0,338631.35,0.0,338631.35,0.0,338631.35,0.0,338631.35,338631.35,338631.35,338631.35,0.0,0.0,0.0,0.0,0.0,0.0,,12.732670284578193,1.0,0,0,0.0,303977.87,107,2012,1
Wheat,2012-01-30,338631.35,NGN,NGN/MT,Historical (World Bank Pink Sheet × FX),wholesale,National,,,0.65,False,Synthetic: World Bank wheat USD × NGN/USD FX + Nigeria import premium (calibrated),Synthetic (World Bank/FAO × FX),historical,True,Hard bound violation (synthetic),100000.0,157.5,155.0,97.0,11.4,12.5,1,0,0,0,0,0,0,0,0,1,0,0,1,0,0,0,0,0,0,1,0.4999999999999999,0.8660254037844387,0.5680647467311558,0.8229838658936564,1,2150.04,338631.35,338631.35,338631.35,338631.35,338631.35,338631.35,338631.35,338631.35,0.0,338631.35,0.0,338631.35,0.0,338631.35,0.0,338631.35,338631.35,338631.35,338631.35,0.0,0.0,0.0,0.0,0.0,0.0,,12.732670284578193,1.0,0,0,0.0,303977.87,108,2012,1
Wheat,2012-02-06,338631.35,NGN,NGN/MT,Historical (World Bank Pink Sheet × FX),wholesale,National,,,0.65,False,Synthetic: World Bank wheat USD × NGN/USD FX + Nigeria import premium (calibrated),Synthetic (World Bank/FAO × FX),historical,True,Hard bound violation (synthetic),100000.0,157.5,155.0,97.0,11.4,12.5,1,0,0,0,0,0,0,0,1,1,0,0,1,0,0,0,0,0,0,0,0.8660254037844386,0.5000000000000001,0.6631226582407952,0.7485107481711011,1,2150.04,338631.35,338631.35,338631.35,338631.35,338631.35,338631.35,338631.35,338631.35,0.0,338631.35,0.0,338631.35,0.0,338631.35,0.0,338631.35,338631.35,338631.35,338631.35,0.0,0.0,0.0,0.0,0.0,0.0,,12.732670284578193,1.0,0,0,0.0,303977.87,109,2012,1
Wheat,2012-02-13,338631.35,NGN,NGN/MT,Historical (World Bank Pink Sheet × FX),wholesale,National,,,0.65,False,Synthetic: World Bank wheat USD × NGN/USD FX + Nigeria import premium (calibrated),Synthetic (World Bank/FAO × FX),historical,True,Hard bound violation (synthetic),100000.0,157.5,155.0,97.0,11.4,12.5,1,0,0,0,0,0,0,0,1,1,0,0,1,0,0,0,0,0,0,0,0.8660254037844386,0.5000000000000001,0.7485107481711011,0.6631226582407953,1,2150.04,338631.35,338631.35,338631.35,338631.35,338631.35,338631.35,338631.35,338631.35,0.0,338631.35,0.0,338631.35,0.0,338631.35,0.0,338631.35,338631.35,338631.35,338631.35,0.0,0.0,0.0,0.0,0.0,0.0,,12.732670284578193,1.0,0,0,0.0,303977.87,110,2012,1
Wheat,2012-02-20,338631.35,NGN,NGN/MT,Historical (World Bank Pink Sheet × FX),wholesale,National,,,0.65,False,Synthetic: World Bank wheat USD × NGN/USD FX + Nigeria import premium (calibrated),Synthetic (World Bank/FAO × FX),historical,True,Hard bound violation (synthetic),100000.0,157.5,155.0,97.0,11.4,12.5,1,0,0,0,0,0,0,0,1,1,0,0,1,0,0,0,0,0,0,0,0.8660254037844386,0.5000000000000001,0.8229838658936564,0.5680647467311559,1,2150.04,338631.35,338631.35,338631.35,338631.35,338631.35,338631.35,338631.35,338631.35,0.0,338631.35,0.0,338631.35,0.0,338631.35,0.0,338631.35,338631.35,338631.35,338631.35,0.0,0.0,0.0,0.0,0.0,0.0,,12.732670284578193,1.0,0,0,0.0,303977.87,111,2012,1
Wheat,2012-02-27,338631.35,NGN,NGN/MT,Historical (World Bank Pink Sheet × FX),wholesale,National,,,0.65,False,Synthetic: World Bank wheat USD × NGN/USD FX + Nigeria import premium (calibrated),Synthetic (World Bank/FAO × FX),historical,True,Hard bound violation (synthetic),100000.0,157.5,155.0,97.0,11.4,12.5,1,0,0,0,0,0,0,0,1,1,0,0,1,0,0,0,0,0,0,0,0.8660254037844386,0.5000000000000001,0.8854560256532099,0.4647231720437686,1,2150.04,338631.35,338631.35,338631.35,338631.35,338631.35,338631.35,338631.35,338631.35,0.0,338631.35,0.0,338631.35,0.0,338631.35,0.0,338631.35,338631.35,338631.35,338631.35,0.0,0.0,0.0,0.0,0.0,0.0,,12.732670284578193,1.0,0,0,0.0,303977.87,112,2012,1
Wheat,2012-03-05,338631.35,NGN,NGN/MT,Historical (World Bank Pink Sheet × FX),wholesale,National,,,0.65,False,Synthetic: World Bank wheat USD × NGN/USD FX + Nigeria import premium (calibrated),Synthetic (World Bank/FAO × FX),historical,True,Hard bound violation (synthetic),104950.99,157.5,155.0,97.0,11.4,12.5,1,0,0,1,0,0,0,0,1,1,0,0,0,0,0,0,0,0,0,0,1.0,6.123233995736766e-17,0.9350162426854148,0.3546048870425355,0,2150.04,338631.35,338631.35,338631.35,338631.35,338631.35,338631.35,338631.35,338631.35,0.0,338631.35,0.0,338631.35,0.0,338631.35,0.0,338631.35,338631.35,338631.35,338631.35,0.0,0.0,0.0,0.0,0.0,0.0,,12.732670284578193,1.0,0,0,0.0,303977.87,113,2012,1
Wheat,2012-03-12,338631.35,NGN,NGN/MT,Historical (World Bank Pink Sheet × FX),wholesale,National,,,0.65,False,Synthetic: World Bank wheat USD × NGN/USD FX + Nigeria import premium (calibrated),Synthetic (World Bank/FAO × FX),historical,True,Hard bound violation (synthetic),100000.0,157.5,155.0,97.0,11.4,12.5,1,0,0,1,0,0,0,0,1,1,0,0,0,0,0,0,0,0,0,0,1.0,6.123233995736766e-17,0.970941817426052,0.239315664287558,0,2150.04,338631.35,338631.35,338631.35,338631.35,338631.35,338631.35,338631.35,338631.35,0.0,338631.35,0.0,338631.35,0.0,338631.35,0.0,338631.35,338631.35,338631.35,338631.35,0.0,0.0,0.0,0.0,0.0,0.0,,12.732670284578193,1.0,0,0,0.0,303977.87,114,2012,1
Wheat,2012-03-19,338631.35,NGN,NGN/MT,Historical (World Bank Pink Sheet × FX),wholesale,National,,,0.65,False,Synthetic: World Bank wheat USD × NGN/USD FX + Nigeria import premium (calibrated),Synthetic (World Bank/FAO × FX),historical,True,Hard bound violation (synthetic),100000.0,157.5,155.0,97.0,11.4,12.5,1,0,0,1,0,0,0,0,1,1,0,0,0,0,0,0,0,0,0,0,1.0,6.123233995736766e-17,0.992708874098054,0.120536680255323,0,2150.04,338631.35,338631.35,338631.35,338631.35,338631.35,338631.35,338631.35,338631.35,0.0,338631.35,0.0,338631.35,0.0,338631.35,0.0,338631.35,338631.35,338631.35,338631.35,0.0,0.0,0.0,0.0,0.0,0.0,,12.732670284578193,1.0,0,0,0.0,303977.87,115,2012,1
Wheat,2012-03-26,338631.35,NGN,NGN/MT,Historical (World Bank Pink Sheet × FX),wholesale,National,,,0.65,False,Synthetic: World Bank wheat USD × NGN/USD FX + Nigeria import premium (calibrated),Synthetic (World Bank/FAO × FX),historical,True,Hard bound violation (synthetic),100000.0,157.5,155.0,97.0,11.4,12.5,1,0,0,1,0,0,0,0,1,1,0,0,0,0,0,0,0,0,0,0,1.0,6.123233995736766e-17,1.0,-1.6081226496766364e-16,0,2150.04,338631.35,338631.35,338631.35,338631.35,338631.35,338631.35,338631.35,338631.35,0.0,338631.35,0.0,338631.35,0.0,338631.35,0.0,338631.35,338631.35,338631.35,338631.35,0.0,0.0,0.0,0.0,0.0,0.0,,12.732670284578193,1.0,0,0,0.0,303977.87,116,2012,1
Wheat,2012-04-02,338631.35,NGN,NGN/MT,Historical (World Bank Pink Sheet × FX),wholesale,National,,,0.65,False,Synthetic: World Bank wheat USD × NGN/USD FX + Nigeria import premium (calibrated),Synthetic (World Bank/FAO × FX),historical,True,Hard bound violation (synthetic),100000.0,157.5,155.0,97.0,11.4,12.5,0,1,1,1,0,0,0,0,1,0,0,0,0,0,0,0,0,0,0,0,0.8660254037844387,-0.4999999999999998,0.992708874098054,-0.1205366802553228,0,2150.04,338631.35,338631.35,338631.35,338631.35,338631.35,338631.35,338631.35,338631.35,0.0,338631.35,0.0,338631.35,0.0,338631.35,0.0,338631.35,338631.35,338631.35,338631.35,0.0,0.0,0.0,0.0,0.0,0.0,,12.732670284578193,1.0,0,0,0.5,303977.87,117,2012,2
Wheat,2012-04-09,338631.35,NGN,NGN/MT,Historical (World Bank Pink Sheet × FX),wholesale,National,,,0.65,False,Synthetic: World Bank wheat USD × NGN/USD FX + Nigeria import premium (calibrated),Synthetic (World Bank/FAO × FX),historical,True,Hard bound violation (synthetic),100000.0,157.5,155.0,97.0,11.4,12.5,0,1,1,1,0,0,0,0,1,0,0,0,0,0,0,0,0,0,0,0,0.8660254037844387,-0.4999999999999998,0.970941817426052,-0.2393156642875575,0,2150.04,338631.35,338631.35,338631.35,338631.35,338631.35,338631.35,338631.35,338631.35,0.0,338631.35,0.0,338631.35,0.0,338631.35,0.0,338631.35,338631.35,338631.35,338631.35,0.0,0.0,0.0,0.0,0.0,0.0,,12.732670284578193,1.0,0,0,0.5,303977.87,118,2012,2
Wheat,2012-04-16,338631.35,NGN,NGN/MT,Historical (World Bank Pink Sheet × FX),wholesale,National,,,0.65,False,Synthetic: World Bank wheat USD × NGN/USD FX + Nigeria import premium (calibrated),Synthetic (World Bank/FAO × FX),historical,True,Hard bound violation (synthetic),100000.0,157.5,155.0,97.0,11.4,12.5,0,1,1,1,0,0,0,0,1,0,0,0,0,0,0,0,0,0,0,0,0.8660254037844387,-0.4999999999999998,0.9350162426854148,-0.3546048870425354,0,2150.04,338631.35,338631.35,338631.35,338631.35,338631.35,338631.35,338631.35,338631.35,0.0,338631.35,0.0,338631.35,0.0,338631.35,0.0,338631.35,338631.35,338631.35,338631.35,0.0,0.0,0.0,0.0,0.0,0.0,,12.732670284578193,1.0,0,0,0.5,303977.87,119,2012,2
Wheat,2012-04-23,338631.35,NGN,NGN/MT,Historical (World Bank Pink Sheet × FX),wholesale,National,,,0.65,False,Synthetic: World Bank wheat USD × NGN/USD FX + Nigeria import premium (calibrated),Synthetic (World Bank/FAO × FX),historical,True,Hard bound violation (synthetic),100000.0,157.5,155.0,97.0,11.4,12.5,0,1,1,1,0,0,0,0,1,0,0,0,0,0,0,0,0,0,0,0,0.8660254037844387,-0.4999999999999998,0.8854560256532099,-0.4647231720437685,0,2150.04,338631.35,338631.35,338631.35,338631.35,338631.35,338631.35,338631.35,338631.35,0.0,338631.35,0.0,338631.35,0.0,338631.35,0.0,338631.35,338631.35,338631.35,338631.35,0.0,0.0,0.0,0.0,0.0,0.0,,12.732670284578193,1.0,0,0,0.5,303977.87,120,2012,2
Wheat,2012-04-30,338631.35,NGN,NGN/MT,Historical (World Bank Pink Sheet × FX),wholesale,National,,,0.65,False,Synthetic: World Bank wheat USD × NGN/USD FX + Nigeria import premium (calibrated),Synthetic (World Bank/FAO × FX),historical,True,Hard bound violation (synthetic),100000.0,157.5,155.0,97.0,11.4,12.5,0,1,1,1,0,0,0,0,1,0,0,0,0,0,0,0,0,0,0,0,0.8660254037844387,-0.4999999999999998,0.8229838658936565,-0.5680647467311557,0,2150.04,338631.35,338631.35,338631.35,338631.35,338631.35,338631.35,338631.35,338631.35,0.0,338631.35,0.0,338631.35,0.0,338631.35,0.0,338631.35,338631.35,338631.35,338631.35,0.0,0.0,0.0,0.0,0.0,0.0,,12.732670284578193,1.0,0,0,0.5,303977.87,121,2012,2
Wheat,2012-05-07,338631.35,NGN,NGN/MT,Historical (World Bank Pink Sheet × FX),wholesale,National,,,0.65,False,Synthetic: World Bank wheat USD × NGN/USD FX + Nigeria import premium (calibrated),Synthetic (World Bank/FAO × FX),historical,True,Hard bound violation (synthetic),100000.0,157.5,155.0,97.0,11.4,12.5,0,1,1,1,0,0,0,0,1,0,1,0,0,0,0,0,0,0,0,0,0.4999999999999999,-0.8660254037844387,0.7485107481711013,-0.663122658240795,0,2150.04,338631.35,338631.35,338631.35,338631.35,338631.35,338631.35,338631.35,338631.35,0.0,338631.35,0.0,338631.35,0.0,338631.35,0.0,338631.35,338631.35,338631.35,338631.35,0.0,0.0,0.0,0.0,0.0,0.0,,12.732670284578193,1.0,0,0,0.5,303977.87,122,2012,2
Wheat,2012-05-14,338631.35,NGN,NGN/MT,Historical (World Bank Pink Sheet × FX),wholesale,National,,,0.65,False,Synthetic: World Bank wheat USD × NGN/USD FX + Nigeria import premium (calibrated),Synthetic (World Bank/FAO × FX),historical,True,Hard bound violation (synthetic),100000.0,157.5,155.0,97.0,11.4,12.5,0,1,1,1,0,0,0,0,1,0,1,0,0,0,0,0,0,0,0,0,0.4999999999999999,-0.8660254037844387,0.6631226582407952,-0.7485107481711012,0,2150.04,338631.35,338631.35,338631.35,338631.35,338631.35,338631.35,338631.35,338631.35,0.0,338631.35,0.0,338631.35,0.0,338631.35,0.0,338631.35,338631.35,338631.35,338631.35,0.0,0.0,0.0,0.0,0.0,0.0,,12.732670284578193,1.0,0,0,0.5,303977.87,123,2012,2
Wheat,2012-05-21,338631.35,NGN,NGN/MT,Historical (World Bank Pink Sheet × FX),wholesale,National,,,0.65,False,Synthetic: World Bank wheat USD × NGN/USD FX + Nigeria import premium (calibrated),Synthetic (World Bank/FAO × FX),historical,True,Hard bound violation (synthetic),100000.0,157.5,155.0,97.0,11.4,12.5,0,1,1,1,0,0,0,0,1,0,1,0,0,0,0,0,0,0,0,0,0.4999999999999999,-0.8660254037844387,0.5680647467311558,-0.8229838658936564,0,2150.04,338631.35,338631.35,338631.35,338631.35,338631.35,338631.35,338631.35,338631.35,0.0,338631.35,0.0,338631.35,0.0,338631.35,0.0,338631.35,338631.35,338631.35,338631.35,0.0,0.0,0.0,0.0,0.0,0.0,,12.732670284578193,1.0,0,0,0.5,303977.87,124,2012,2
Wheat,2012-05-28,338631.35,NGN,NGN/MT,Historical (World Bank Pink Sheet × FX),wholesale,National,,,0.65,False,Synthetic: World Bank wheat USD × NGN/USD FX + Nigeria import premium (calibrated),Synthetic (World Bank/FAO × FX),historical,True,Hard bound violation (synthetic),100000.0,157.5,155.0,97.0,11.4,12.5,0,1,1,1,0,0,0,0,1,0,1,0,0,0,0,0,0,0,0,0,0.4999999999999999,-0.8660254037844387,0.464723172043769,-0.8854560256532096,0,2150.04,338631.35,338631.35,338631.35,338631.35,338631.35,338631.35,338631.35,338631.35,0.0,338631.35,0.0,338631.35,0.0,338631.35,0.0,338631.35,338631.35,338631.35,338631.35,0.0,0.0,0.0,0.0,0.0,0.0,,12.732670284578193,1.0,0,0,0.5,303977.87,125,2012,2
Wheat,2012-06-04,338631.35,NGN,NGN/MT,Historical (World Bank Pink Sheet × FX),wholesale,National,,,0.65,False,Synthetic: World Bank wheat USD × NGN/USD FX + Nigeria import premium (calibrated),Synthetic (World Bank/FAO × FX),historical,True,Hard bound violation (synthetic),100000.0,157.5,155.0,97.0,11.4,12.5,0,1,1,0,0,0,0,1,0,0,1,0,0,0,0,0,0,0,1,0,1.2246467991473532e-16,-1.0,0.3546048870425358,-0.9350162426854148,0,2150.04,338631.35,338631.35,338631.35,338631.35,338631.35,338631.35,338631.35,338631.35,0.0,338631.35,0.0,338631.35,0.0,338631.35,0.0,338631.35,338631.35,338631.35,338631.35,0.0,0.0,0.0,0.0,0.0,0.0,,12.732670284578193,1.0,0,0,0.5,303977.87,126,2012,2
Wheat,2012-06-11,338631.35,NGN,NGN/MT,Historical (World Bank Pink Sheet × FX),wholesale,National,,,0.65,False,Synthetic: World Bank wheat USD × NGN/USD FX + Nigeria import premium (calibrated),Synthetic (World Bank/FAO × FX),historical,True,Hard bound violation (synthetic),100000.0,157.5,155.0,97.0,11.4,12.5,0,1,1,0,0,0,0,1,0,0,1,0,0,0,0,0,0,0,1,0,1.2246467991473532e-16,-1.0,0.2393156642875576,-0.970941817426052,0,2150.04,338631.35,338631.35,338631.35,338631.35,338631.35,338631.35,338631.35,338631.35,0.0,338631.35,0.0,338631.35,0.0,338631.35,0.0,338631.35,338631.35,338631.35,338631.35,0.0,0.0,0.0,0.0,0.0,0.0,,12.732670284578193,1.0,0,0,0.5,303977.87,127,2012,2
Wheat,2012-06-18,338631.35,NGN,NGN/MT,Historical (World Bank Pink Sheet × FX),wholesale,National,,,0.65,False,Synthetic: World Bank wheat USD × NGN/USD FX + Nigeria import premium (calibrated),Synthetic (World Bank/FAO × FX),historical,True,Hard bound violation (synthetic),100000.0,157.5,155.0,97.0,11.4,12.5,0,1,1,0,0,0,0,1,0,0,1,0,0,0,0,0,0,0,1,0,1.2246467991473532e-16,-1.0,0.120536680255323,-0.992708874098054,0,2150.04,338631.35,338631.35,338631.35,338631.35,338631.35,338631.35,338631.35,338631.35,0.0,338631.35,0.0,338631.35,0.0,338631.35,0.0,338631.35,338631.35,338631.35,338631.35,0.0,0.0,0.0,0.0,0.0,0.0,,12.732670284578193,1.0,0,0,0.5,303977.87,128,2012,2
Wheat,2012-06-25,338631.35,NGN,NGN/MT,Historical (World Bank Pink Sheet × FX),wholesale,National,,,0.65,False,Synthetic: World Bank wheat USD × NGN/USD FX + Nigeria import premium (calibrated),Synthetic (World Bank/FAO × FX),historical,True,Hard bound violation (synthetic),100000.0,157.5,155.0,97.0,11.4,12.5,0,1,1,0,0,0,0,1,0,0,1,0,0,0,0,0,0,0,1,0,1.2246467991473532e-16,-1.0,-3.216245299353273e-16,-1.0,0,2150.04,338631.35,338631.35,338631.35,338631.35,338631.35,338631.35,338631.35,338631.35,0.0,338631.35,0.0,338631.35,0.0,338631.35,0.0,338631.35,338631.35,338631.35,338631.35,0.0,0.0,0.0,0.0,0.0,0.0,,12.732670284578193,1.0,0,0,0.5,303977.87,129,2012,2
Wheat,2012-07-02,338631.35,NGN,NGN/MT,Historical (World Bank Pink Sheet × FX),wholesale,National,,,0.65,False,Synthetic: World Bank wheat USD × NGN/USD FX + Nigeria import premium (calibrated),Synthetic (World Bank/FAO × FX),historical,True,Hard bound violation (synthetic),100000.0,157.5,155.0,97.0,11.4,12.5,0,1,1,0,0,0,1,1,0,0,1,0,0,0,0,0,0,0,1,0,-0.4999999999999997,-0.8660254037844388,-0.1205366802553228,-0.992708874098054,0,2150.04,338631.35,338631.35,338631.35,338631.35,338631.35,338631.35,338631.35,338631.35,0.0,338631.35,0.0,338631.35,0.0,338631.35,0.0,338631.35,338631.35,338631.35,338631.35,0.0,0.0,0.0,0.0,0.0,0.0,,12.732670284578193,1.0,0,0,0.5,303977.87,130,2012,3
Wheat,2012-07-09,338631.35,NGN,NGN/MT,Historical (World Bank Pink Sheet × FX),wholesale,National,,,0.65,False,Synthetic: World Bank wheat USD × NGN/USD FX + Nigeria import premium (calibrated),Synthetic (World Bank/FAO × FX),historical,True,Hard bound violation (synthetic),100000.0,157.5,155.0,97.0,11.4,12.5,0,1,1,0,0,0,1,1,0,0,1,0,0,0,0,0,0,0,1,0,-0.4999999999999997,-0.8660254037844388,-0.2393156642875574,-0.970941817426052,0,2150.04,338631.35,338631.35,338631.35,338631.35,338631.35,338631.35,338631.35,338631.35,0.0,338631.35,0.0,338631.35,0.0,338631.35,0.0,338631.35,338631.35,338631.35,338631.35,0.0,0.0,0.0,0.0,0.0,0.0,,12.732670284578193,1.0,0,0,0.5,303977.87,131,2012,3
Wheat,2012-07-16,338631.35,NGN,NGN/MT,Historical (World Bank Pink Sheet × FX),wholesale,National,,,0.65,False,Synthetic: World Bank wheat USD × NGN/USD FX + Nigeria import premium (calibrated),Synthetic (World Bank/FAO × FX),historical,True,Hard bound violation (synthetic),100000.0,157.5,155.0,97.0,11.4,12.5,0,1,1,0,0,0,1,1,0,0,1,0,0,0,0,0,0,0,1,0,-0.4999999999999997,-0.8660254037844388,-0.3546048870425356,-0.9350162426854148,0,2150.04,338631.35,338631.35,338631.35,338631.35,338631.35,338631.35,338631.35,338631.35,0.0,338631.35,0.0,338631.35,0.0,338631.35,0.0,338631.35,338631.35,338631.35,338631.35,0.0,0.0,0.0,0.0,0.0,0.0,,12.732670284578193,1.0,0,0,0.5,303977.87,132,2012,3
Wheat,2012-07-23,338631.35,NGN,NGN/MT,Historical (World Bank Pink Sheet × FX),wholesale,National,,,0.65,False,Synthetic: World Bank wheat USD × NGN/USD FX + Nigeria import premium (calibrated),Synthetic (World Bank/FAO × FX),historical,True,Hard bound violation (synthetic),100000.0,157.5,155.0,97.0,11.4,12.5,0,1,1,0,0,0,1,1,0,0,1,0,0,0,0,0,0,1,1,0,-0.4999999999999997,-0.8660254037844388,-0.464723172043768,-0.8854560256532101,0,2150.04,338631.35,338631.35,338631.35,338631.35,338631.35,338631.35,338631.35,338631.35,0.0,338631.35,0.0,338631.35,0.0,338631.35,0.0,338631.35,338631.35,338631.35,338631.35,0.0,0.0,0.0,0.0,0.0,0.0,,12.732670284578193,1.0,0,0,0.5,303977.87,133,2012,3
Wheat,2012-07-30,338631.35,NGN,NGN/MT,Historical (World Bank Pink Sheet × FX),wholesale,National,,,0.65,False,Synthetic: World Bank wheat USD × NGN/USD FX + Nigeria import premium (calibrated),Synthetic (World Bank/FAO × FX),historical,True,Hard bound violation (synthetic),100000.0,157.5,155.0,97.0,11.4,12.5,0,1,1,0,0,0,1,1,0,0,1,0,0,0,0,0,0,1,1,0,-0.4999999999999997,-0.8660254037844388,-0.5680647467311556,-0.8229838658936565,0,2150.04,338631.35,338631.35,338631.35,338631.35,338631.35,338631.35,338631.35,338631.35,0.0,338631.35,0.0,338631.35,0.0,338631.35,0.0,338631.35,338631.35,338631.35,338631.35,0.0,0.0,0.0,0.0,0.0,0.0,,12.732670284578193,1.0,0,0,0.5,303977.87,134,2012,3
Wheat,2012-08-06,338631.35,NGN,NGN/MT,Historical (World Bank Pink Sheet × FX),wholesale,National,,,0.65,False,Synthetic: World Bank wheat USD × NGN/USD FX + Nigeria import premium (calibrated),Synthetic (World Bank/FAO × FX),historical,True,Hard bound violation (synthetic),100000.0,157.5,155.0,97.0,11.4,12.5,0,1,0,0,1,0,1,1,0,0,1,0,0,0,0,1,0,1,1,0,-0.8660254037844384,-0.5000000000000004,-0.663122658240795,-0.7485107481711013,0,2150.04,338631.35,338631.35,338631.35,338631.35,338631.35,338631.35,338631.35,338631.35,0.0,338631.35,0.0,338631.35,0.0,338631.35,0.0,338631.35,338631.35,338631.35,338631.35,0.0,0.0,0.0,0.0,0.0,0.0,,12.732670284578193,1.0,0,0,0.0,303977.87,135,2012,3
Wheat,2012-08-13,338631.35,NGN,NGN/MT,Historical (World Bank Pink Sheet × FX),wholesale,National,,,0.65,False,Synthetic: World Bank wheat USD × NGN/USD FX + Nigeria import premium (calibrated),Synthetic (World Bank/FAO × FX),historical,True,Hard bound violation (synthetic),100000.0,157.5,155.0,97.0,11.4,12.5,0,1,0,0,1,0,1,1,0,0,1,0,0,0,0,1,0,1,1,0,-0.8660254037844384,-0.5000000000000004,-0.7485107481711011,-0.6631226582407952,0,2150.04,338631.35,338631.35,338631.35,338631.35,338631.35,338631.35,338631.35,338631.35,0.0,338631.35,0.0,338631.35,0.0,338631.35,0.0,338631.35,338631.35,338631.35,338631.35,0.0,0.0,0.0,0.0,0.0,0.0,,12.732670284578193,1.0,0,0,0.0,303977.87,136,2012,3
Wheat,2012-08-20,338631.35,NGN,NGN/MT,Historical (World Bank Pink Sheet × FX),wholesale,National,,,0.65,False,Synthetic: World Bank wheat USD × NGN/USD FX + Nigeria import premium (calibrated),Synthetic (World Bank/FAO × FX),historical,True,Hard bound violation (synthetic),100000.0,157.5,155.0,97.0,11.4,12.5,0,1,0,0,1,0,1,1,0,0,1,0,0,0,0,1,0,0,1,0,-0.8660254037844384,-0.5000000000000004,-0.8229838658936564,-0.5680647467311559,0,2150.04,338631.35,338631.35,338631.35,338631.35,338631.35,338631.35,338631.35,338631.35,0.0,338631.35,0.0,338631.35,0.0,338631.35,0.0,338631.35,338631.35,338631.35,338631.35,0.0,0.0,0.0,0.0,0.0,0.0,,12.732670284578193,1.0,0,0,0.0,303977.87,137,2012,3
Wheat,2012-08-27,338631.35,NGN,NGN/MT,Historical (World Bank Pink Sheet × FX),wholesale,National,,,0.65,False,Synthetic: World Bank wheat USD × NGN/USD FX + Nigeria import premium (calibrated),Synthetic (World Bank/FAO × FX),historical,True,Hard bound violation (synthetic),100000.0,157.5,155.0,97.0,11.4,12.5,0,1,0,0,1,0,1,1,0,0,1,0,0,0,0,1,0,0,1,0,-0.8660254037844384,-0.5000000000000004,-0.8854560256532096,-0.4647231720437691,0,2150.04,338631.35,338631.35,338631.35,338631.35,338631.35,338631.35,338631.35,338631.35,0.0,338631.35,0.0,338631.35,0.0,338631.35,0.0,338631.35,338631.35,338631.35,338631.35,0.0,0.0,0.0,0.0,0.0,0.0,,12.732670284578193,1.0,0,0,0.0,303977.87,138,2012,3
Wheat,2012-09-03,338631.35,NGN,NGN/MT,Historical (World Bank Pink Sheet × FX),wholesale,National,,,0.65,False,Synthetic: World Bank wheat USD × NGN/USD FX + Nigeria import premium (calibrated),Synthetic (World Bank/FAO × FX),historical,True,Hard bound violation (synthetic),100000.0,157.5,155.0,97.0,11.4,12.5,0,1,0,0,1,1,0,0,0,0,0,0,0,0,0,1,0,0,0,0,-1.0,-1.8369701987210287e-16,-0.9350162426854148,-0.3546048870425359,0,2150.04,338631.35,338631.35,338631.35,338631.35,338631.35,338631.35,338631.35,338631.35,0.0,338631.35,0.0,338631.35,0.0,338631.35,0.0,338631.35,338631.35,338631.35,338631.35,0.0,0.0,0.0,0.0,0.0,0.0,,12.732670284578193,1.0,0,0,0.5,303977.87,139,2012,3
Wheat,2012-09-10,338631.35,NGN,NGN/MT,Historical (World Bank Pink Sheet × FX),wholesale,National,,,0.65,False,Synthetic: World Bank wheat USD × NGN/USD FX + Nigeria import premium (calibrated),Synthetic (World Bank/FAO × FX),historical,True,Hard bound violation (synthetic),100000.0,157.5,155.0,97.0,11.4,12.5,0,1,0,0,1,1,0,0,0,0,0,0,0,0,0,1,0,0,0,0,-1.0,-1.8369701987210287e-16,-0.970941817426052,-0.2393156642875577,0,2150.04,338631.35,338631.35,338631.35,338631.35,338631.35,338631.35,338631.35,338631.35,0.0,338631.35,0.0,338631.35,0.0,338631.35,0.0,338631.35,338631.35,338631.35,338631.35,0.0,0.0,0.0,0.0,0.0,0.0,,12.732670284578193,1.0,0,0,0.5,303977.87,140,2012,3
Wheat,2012-09-17,338631.35,NGN,NGN/MT,Historical (World Bank Pink Sheet × FX),wholesale,National,,,0.65,False,Synthetic: World Bank wheat USD × NGN/USD FX + Nigeria import premium (calibrated),Synthetic (World Bank/FAO × FX),historical,True,Hard bound violation (synthetic),100000.0,157.5,155.0,97.0,11.4,12.5,0,1,0,0,1,1,0,0,0,0,0,0,0,0,0,1,0,0,0,0,-1.0,-1.8369701987210287e-16,-0.992708874098054,-0.1205366802553235,0,2150.04,338631.35,338631.35,338631.35,338631.35,338631.35,338631.35,338631.35,338631.35,0.0,338631.35,0.0,338631.35,0.0,338631.35,0.0,338631.35,338631.35,338631.35,338631.35,0.0,0.0,0.0,0.0,0.0,0.0,,12.732670284578193,1.0,0,0,0.5,303977.87,141,2012,3
Wheat,2012-09-24,338631.35,NGN,NGN/MT,Historical (World Bank Pink Sheet × FX),wholesale,National,,,0.65,False,Synthetic: World Bank wheat USD × NGN/USD FX + Nigeria import premium (calibrated),Synthetic (World Bank/FAO × FX),historical,True,Hard bound violation (synthetic),100000.0,157.5,155.0,97.0,11.4,12.5,0,1,0,0,1,1,0,0,0,0,0,0,0,0,0,1,0,0,0,0,-1.0,-1.8369701987210287e-16,-1.0,-1.8369701987210287e-16,0,2150.04,338631.35,338631.35,338631.35,338631.35,338631.35,338631.35,338631.35,338631.35,0.0,338631.35,0.0,338631.35,0.0,338631.35,0.0,338631.35,338631.35,338631.35,338631.35,0.0,0.0,0.0,0.0,0.0,0.0,,12.732670284578193,1.0,0,0,0.5,303977.87,142,2012,3
Wheat,2012-10-01,338631.35,NGN,NGN/MT,Historical (World Bank Pink Sheet × FX),wholesale,National,,,0.65,False,Synthetic: World Bank wheat USD × NGN/USD FX + Nigeria import premium (calibrated),Synthetic (World Bank/FAO × FX),historical,True,Hard bound violation (synthetic),100000.0,157.5,155.0,97.0,11.4,12.5,0,1,0,0,0,1,0,0,0,1,0,1,0,1,1,1,1,0,0,0,-0.8660254037844386,0.5000000000000001,-0.992708874098054,0.1205366802553232,0,2150.04,338631.35,338631.35,338631.35,338631.35,338631.35,338631.35,338631.35,338631.35,0.0,338631.35,0.0,338631.35,0.0,338631.35,0.0,338631.35,338631.35,338631.35,338631.35,0.0,0.0,0.0,0.0,0.0,0.0,,12.732670284578193,1.0,0,0,0.5,303977.87,143,2012,4
Wheat,2012-10-08,338631.35,NGN,NGN/MT,Historical (World Bank Pink Sheet × FX),wholesale,National,,,0.65,False,Synthetic: World Bank wheat USD × NGN/USD FX + Nigeria import premium (calibrated),Synthetic (World Bank/FAO × FX),historical,True,Hard bound violation (synthetic),100000.0,157.5,155.0,97.0,11.4,12.5,0,1,0,0,0,1,0,0,0,1,0,1,0,1,1,1,1,0,0,0,-0.8660254037844386,0.5000000000000001,-0.970941817426052,0.2393156642875573,0,2150.04,338631.35,338631.35,338631.35,338631.35,338631.35,338631.35,338631.35,338631.35,0.0,338631.35,0.0,338631.35,0.0,338631.35,0.0,338631.35,338631.35,338631.35,338631.35,0.0,0.0,0.0,0.0,0.0,0.0,,12.732670284578193,1.0,0,0,0.5,303977.87,144,2012,4
Wheat,2012-10-15,338631.35,NGN,NGN/MT,Historical (World Bank Pink Sheet × FX),wholesale,National,,,0.65,False,Synthetic: World Bank wheat USD × NGN/USD FX + Nigeria import premium (calibrated),Synthetic (World Bank/FAO × FX),historical,True,Hard bound violation (synthetic),100000.0,157.5,155.0,97.0,11.4,12.5,0,1,0,0,0,1,0,0,0,1,0,1,0,1,1,1,1,0,0,0,-0.8660254037844386,0.5000000000000001,-0.9350162426854148,0.3546048870425355,0,2150.04,338631.35,338631.35,338631.35,338631.35,338631.35,338631.35,338631.35,338631.35,0.0,338631.35,0.0,338631.35,0.0,338631.35,0.0,338631.35,338631.35,338631.35,338631.35,0.0,0.0,0.0,0.0,0.0,0.0,,12.732670284578193,1.0,0,0,0.5,303977.87,145,2012,4
Wheat,2012-10-22,338631.35,NGN,NGN/MT,Historical (World Bank Pink Sheet × FX),wholesale,National,,,0.65,False,Synthetic: World Bank wheat USD × NGN/USD FX + Nigeria import premium (calibrated),Synthetic (World Bank/FAO × FX),historical,True,Hard bound violation (synthetic),100000.0,157.5,155.0,97.0,11.4,12.5,0,1,0,0,0,1,0,0,0,1,0,1,0,1,1,1,1,0,0,0,-0.8660254037844386,0.5000000000000001,-0.8854560256532101,0.464723172043768,0,2150.04,338631.35,338631.35,338631.35,338631.35,338631.35,338631.35,338631.35,338631.35,0.0,338631.35,0.0,338631.35,0.0,338631.35,0.0,338631.35,338631.35,338631.35,338631.35,0.0,0.0,0.0,0.0,0.0,0.0,,12.732670284578193,1.0,0,0,0.5,303977.87,146,2012,4
Wheat,2012-10-29,338631.35,NGN,NGN/MT,Historical (World Bank Pink Sheet × FX),wholesale,National,,,0.65,False,Synthetic: World Bank wheat USD × NGN/USD FX + Nigeria import premium (calibrated),Synthetic (World Bank/FAO × FX),historical,True,Hard bound violation (synthetic),100000.0,157.5,155.0,97.0,11.4,12.5,0,1,0,0,0,1,0,0,0,1,0,1,0,1,1,1,1,0,0,0,-0.8660254037844386,0.5000000000000001,-0.822983865893657,0.5680647467311548,0,2150.04,338631.35,338631.35,338631.35,338631.35,338631.35,338631.35,338631.35,338631.35,0.0,338631.35,0.0,338631.35,0.0,338631.35,0.0,338631.35,338631.35,338631.35,338631.35,0.0,0.0,0.0,0.0,0.0,0.0,,12.732670284578193,1.0,0,0,0.5,303977.87,147,2012,4
Wheat,2012-11-05,338631.35,NGN,NGN/MT,Historical (World Bank Pink Sheet × FX),wholesale,National,,,0.65,False,Synthetic: World Bank wheat USD × NGN/USD FX + Nigeria import premium (calibrated),Synthetic (World Bank/FAO × FX),historical,True,Hard bound violation (synthetic),100000.0,157.5,155.0,97.0,11.4,12.5,1,0,0,0,0,1,0,0,0,1,0,1,1,1,1,0,1,0,0,0,-0.5000000000000004,0.8660254037844384,-0.7485107481711011,0.6631226582407952,1,2150.04,338631.35,338631.35,338631.35,338631.35,338631.35,338631.35,338631.35,338631.35,0.0,338631.35,0.0,338631.35,0.0,338631.35,0.0,338631.35,338631.35,338631.35,338631.35,0.0,0.0,0.0,0.0,0.0,0.0,,12.732670284578193,1.0,0,0,0.5,303977.87,148,2012,4
Wheat,2012-11-12,338631.35,NGN,NGN/MT,Historical (World Bank Pink Sheet × FX),wholesale,National,,,0.65,False,Synthetic: World Bank wheat USD × NGN/USD FX + Nigeria import premium (calibrated),Synthetic (World Bank/FAO × FX),historical,True,Hard bound violation (synthetic),100000.0,157.5,155.0,97.0,11.4,12.5,1,0,0,0,0,1,0,0,0,1,0,1,1,1,1,0,1,0,0,0,-0.5000000000000004,0.8660254037844384,-0.6631226582407955,0.7485107481711007,1,2150.04,338631.35,338631.35,338631.35,338631.35,338631.35,338631.35,338631.35,338631.35,0.0,338631.35,0.0,338631.35,0.0,338631.35,0.0,338631.35,338631.35,338631.35,338631.35,0.0,0.0,0.0,0.0,0.0,0.0,,12.732670284578193,1.0,0,0,0.5,303977.87,149,2012,4
Wheat,2012-11-19,338631.35,NGN,NGN/MT,Historical (World Bank Pink Sheet × FX),wholesale,National,,,0.65,False,Synthetic: World Bank wheat USD × NGN/USD FX + Nigeria import premium (calibrated),Synthetic (World Bank/FAO × FX),historical,True,Hard bound violation (synthetic),100000.0,157.5,155.0,97.0,11.4,12.5,1,0,0,0,0,1,0,0,0,1,0,1,1,1,1,0,1,0,0,0,-0.5000000000000004,0.8660254037844384,-0.5680647467311559,0.8229838658936564,1,2150.04,338631.35,338631.35,338631.35,338631.35,338631.35,338631.35,338631.35,338631.35,0.0,338631.35,0.0,338631.35,0.0,338631.35,0.0,338631.35,338631.35,338631.35,338631.35,0.0,0.0,0.0,0.0,0.0,0.0,,12.732670284578193,1.0,0,0,0.5,303977.87,150,2012,4
Wheat,2012-11-26,338631.35,NGN,NGN/MT,Historical (World Bank Pink Sheet × FX),wholesale,National,,,0.65,False,Synthetic: World Bank wheat USD × NGN/USD FX + Nigeria import premium (calibrated),Synthetic (World Bank/FAO × FX),historical,True,Hard bound violation (synthetic),100000.0,157.5,155.0,97.0,11.4,12.5,1,0,0,0,0,1,0,0,0,1,0,1,1,1,1,0,1,0,0,0,-0.5000000000000004,0.8660254037844384,-0.4647231720437684,0.88545602565321,1,2150.04,338631.35,338631.35,338631.35,338631.35,338631.35,338631.35,338631.35,338631.35,0.0,338631.35,0.0,338631.35,0.0,338631.35,0.0,338631.35,338631.35,338631.35,338631.35,0.0,0.0,0.0,0.0,0.0,0.0,,12.732670284578193,1.0,0,0,0.5,303977.87,151,2012,4
Wheat,2012-12-03,338631.35,NGN,NGN/MT,Historical (World Bank Pink Sheet × FX),wholesale,National,,,0.65,False,Synthetic: World Bank wheat USD × NGN/USD FX + Nigeria import premium (calibrated),Synthetic (World Bank/FAO × FX),historical,True,Hard bound violation (synthetic),100000.0,157.5,155.0,97.0,11.4,12.5,1,0,0,0,0,0,0,0,0,1,0,1,1,1,1,0,0,0,0,1,-2.4492935982947064e-16,1.0,-0.3546048870425359,0.9350162426854148,1,2150.04,338631.35,338631.35,338631.35,338631.35,338631.35,338631.35,338631.35,338631.35,0.0,338631.35,0.0,338631.35,0.0,338631.35,0.0,338631.35,338631.35,338631.35,338631.35,0.0,0.0,0.0,0.0,0.0,0.0,,12.732670284578193,1.0,0,0,0.0,303977.87,152,2012,4
Wheat,2012-12-10,338631.35,NGN,NGN/MT,Historical (World Bank Pink Sheet × FX),wholesale,National,,,0.65,False,Synthetic: World Bank wheat USD × NGN/USD FX + Nigeria import premium (calibrated),Synthetic (World Bank/FAO × FX),historical,True,Hard bound violation (synthetic),100000.0,157.5,155.0,97.0,11.4,12.5,1,0,0,0,0,0,0,0,0,1,0,1,1,1,1,0,0,0,0,1,-2.4492935982947064e-16,1.0,-0.2393156642875578,0.970941817426052,1,2150.04,338631.35,338631.35,338631.35,338631.35,338631.35,338631.35,338631.35,338631.35,0.0,338631.35,0.0,338631.35,0.0,338631.35,0.0,338631.35,338631.35,338631.35,338631.35,0.0,0.0,0.0,0.0,0.0,0.0,,12.732670284578193,1.0,0,0,0.0,303977.87,153,2012,4
Wheat,2012-12-17,338631.35,NGN,NGN/MT,Historical (World Bank Pink Sheet × FX),wholesale,National,,,0.65,False,Synthetic: World Bank wheat USD × NGN/USD FX + Nigeria import premium (calibrated),Synthetic (World Bank/FAO × FX),historical,True,Hard bound violation (synthetic),100000.0,157.5,155.0,97.0,11.4,12.5,1,0,0,0,0,0,0,0,0,1,0,1,1,1,1,0,0,0,0,1,-2.4492935982947064e-16,1.0,-0.1205366802553236,0.992708874098054,1,2150.04,338631.35,338631.35,338631.35,338631.35,338631.35,338631.35,338631.35,338631.35,0.0,338631.35,0.0,338631.35,0.0,338631.35,0.0,338631.35,338631.35,338631.35,338631.35,0.0,0.0,0.0,0.0,0.0,0.0,,12.732670284578193,1.0,0,0,0.0,303977.87,154,2012,4
Wheat,2012-12-24,338631.35,NGN,NGN/MT,Historical (World Bank Pink Sheet × FX),wholesale,National,,,0.65,False,Synthetic: World Bank wheat USD × NGN/USD FX + Nigeria import premium (calibrated),Synthetic (World Bank/FAO × FX),historical,True,Hard bound violation (synthetic),100000.0,157.5,155.0,97.0,11.4,12.5,1,0,0,0,0,0,0,0,0,1,0,1,1,1,1,0,0,0,0,1,-2.4492935982947064e-16,1.0,6.432490598706546e-16,1.0,1,2150.04,338631.35,338631.35,338631.35,338631.35,338631.35,338631.35,338631.35,338631.35,0.0,338631.35,0.0,338631.35,0.0,338631.35,0.0,338631.35,338631.35,338631.35,338631.35,0.0,0.0,0.0,0.0,0.0,0.0,,12.732670284578193,1.0,0,0,0.0,303977.87,155,2012,4
Wheat,2012-12-31,338631.35,NGN,NGN/MT,Historical (World Bank Pink Sheet × FX),wholesale,National,,,0.65,False,Synthetic: World Bank wheat USD × NGN/USD FX + Nigeria import premium (calibrated),Synthetic (World Bank/FAO × FX),historical,True,Hard bound violation (synthetic),100000.0,157.5,155.0,97.0,11.4,12.5,1,0,0,0,0,0,0,0,0,1,0,1,1,1,1,0,0,0,0,1,-2.4492935982947064e-16,1.0,0.120536680255323,0.992708874098054,1,2150.04,338631.35,338631.35,338631.35,338631.35,338631.35,338631.35,338631.35,338631.35,0.0,338631.35,0.0,338631.35,0.0,338631.35,0.0,338631.35,338631.35,338631.35,338631.35,0.0,0.0,0.0,0.0,0.0,0.0,,12.732670284578193,1.0,0,0,0.0,303977.87,156,2012,4
Wheat,2013-01-07,338631.35,NGN,NGN/MT,Historical (World Bank Pink Sheet × FX),wholesale,National,,,0.65,False,Synthetic: World Bank wheat USD × NGN/USD FX + Nigeria import premium (calibrated),Synthetic (World Bank/FAO × FX),historical,True,Hard bound violation (synthetic),100000.0,157.31,155.0,97.0,11.4,12.5,1,0,0,0,0,0,0,0,0,1,0,0,1,0,0,0,0,0,0,1,0.4999999999999999,0.8660254037844387,0.2393156642875577,0.970941817426052,1,2152.64,338631.35,338631.35,338631.35,338631.35,338631.35,338631.35,338631.35,338631.35,0.0,338631.35,0.0,338631.35,0.0,338631.35,0.0,338631.35,338631.35,338631.35,338631.35,0.0,0.0,0.0,0.0,0.0,0.0,,12.732670284578193,1.0,0,0,0.0,303977.87,157,2013,1
Wheat,2013-01-14,338631.35,NGN,NGN/MT,Historical (World Bank Pink Sheet × FX),wholesale,National,,,0.65,False,Synthetic: World Bank wheat USD × NGN/USD FX + Nigeria import premium (calibrated),Synthetic (World Bank/FAO × FX),historical,True,Hard bound violation (synthetic),100000.0,157.31,155.0,97.0,11.4,12.5,1,0,0,0,0,0,0,0,0,1,0,0,1,0,0,0,0,0,0,1,0.4999999999999999,0.8660254037844387,0.3546048870425356,0.9350162426854148,1,2152.64,338631.35,338631.35,338631.35,338631.35,338631.35,338631.35,338631.35,338631.35,0.0,338631.35,0.0,338631.35,0.0,338631.35,0.0,338631.35,338631.35,338631.35,338631.35,0.0,0.0,0.0,0.0,0.0,0.0,,12.732670284578193,1.0,0,0,0.0,303977.87,158,2013,1
Wheat,2013-01-21,338631.35,NGN,NGN/MT,Historical (World Bank Pink Sheet × FX),wholesale,National,,,0.65,False,Synthetic: World Bank wheat USD × NGN/USD FX + Nigeria import premium (calibrated),Synthetic (World Bank/FAO × FX),historical,True,Hard bound violation (synthetic),100000.0,157.31,155.0,97.0,11.4,12.5,1,0,0,0,0,0,0,0,0,1,0,0,1,0,0,0,0,0,0,1,0.4999999999999999,0.8660254037844387,0.4647231720437685,0.8854560256532099,1,2152.64,338631.35,338631.35,338631.35,338631.35,338631.35,338631.35,338631.35,338631.35,0.0,338631.35,0.0,338631.35,0.0,338631.35,0.0,338631.35,338631.35,338631.35,338631.35,0.0,0.0,0.0,0.0,0.0,0.0,,12.732670284578193,1.0,0,0,0.0,303977.87,159,2013,1
Wheat,2013-01-28,338631.35,NGN,NGN/MT,Historical (World Bank Pink Sheet × FX),wholesale,National,,,0.65,False,Synthetic: World Bank wheat USD × NGN/USD FX + Nigeria import premium (calibrated),Synthetic (World Bank/FAO × FX),historical,True,Hard bound violation (synthetic),100000.0,157.31,155.0,97.0,11.4,12.5,1,0,0,0,0,0,0,0,0,1,0,0,1,0,0,0,0,0,0,1,0.4999999999999999,0.8660254037844387,0.5680647467311558,0.8229838658936564,1,2152.64,338631.35,338631.35,338631.35,338631.35,338631.35,338631.35,338631.35,338631.35,0.0,338631.35,0.0,338631.35,0.0,338631.35,0.0,338631.35,338631.35,338631.35,338631.35,0.0,0.0,0.0,0.0,0.0,0.0,,12.732670284578193,1.0,0,0,0.0,303977.87,160,2013,1
Wheat,2013-02-04,338631.35,NGN,NGN/MT,Historical (World Bank Pink Sheet × FX),wholesale,National,,,0.65,False,Synthetic: World Bank wheat USD × NGN/USD FX + Nigeria import premium (calibrated),Synthetic (World Bank/FAO × FX),historical,True,Hard bound violation (synthetic),100000.0,157.31,155.0,97.0,11.4,12.5,1,0,0,0,0,0,0,0,1,1,0,0,1,0,0,0,0,0,0,0,0.8660254037844386,0.5000000000000001,0.6631226582407952,0.7485107481711011,1,2152.64,338631.35,338631.35,338631.35,338631.35,338631.35,338631.35,338631.35,338631.35,0.0,338631.35,0.0,338631.35,0.0,338631.35,0.0,338631.35,338631.35,338631.35,338631.35,0.0,0.0,0.0,0.0,0.0,0.0,,12.732670284578193,1.0,0,0,0.0,303977.87,161,2013,1
Wheat,2013-02-11,338631.35,NGN,NGN/MT,Historical (World Bank Pink Sheet × FX),wholesale,National,,,0.65,False,Synthetic: World Bank wheat USD × NGN/USD FX + Nigeria import premium (calibrated),Synthetic (World Bank/FAO × FX),historical,True,Hard bound violation (synthetic),100000.0,157.31,155.0,97.0,11.4,12.5,1,0,0,0,0,0,0,0,1,1,0,0,1,0,0,0,0,0,0,0,0.8660254037844386,0.5000000000000001,0.7485107481711011,0.6631226582407953,1,2152.64,338631.35,338631.35,338631.35,338631.35,338631.35,338631.35,338631.35,338631.35,0.0,338631.35,0.0,338631.35,0.0,338631.35,0.0,338631.35,338631.35,338631.35,338631.35,0.0,0.0,0.0,0.0,0.0,0.0,,12.732670284578193,1.0,0,0,0.0,303977.87,162,2013,1
Wheat,2013-02-18,338631.35,NGN,NGN/MT,Historical (World Bank Pink Sheet × FX),wholesale,National,,,0.65,False,Synthetic: World Bank wheat USD × NGN/USD FX + Nigeria import premium (calibrated),Synthetic (World Bank/FAO × FX),historical,True,Hard bound violation (synthetic),100000.0,157.31,155.0,97.0,11.4,12.5,1,0,0,0,0,0,0,0,1,1,0,0,1,0,0,0,0,0,0,0,0.8660254037844386,0.5000000000000001,0.8229838658936564,0.5680647467311559,1,2152.64,338631.35,338631.35,338631.35,338631.35,338631.35,338631.35,338631.35,338631.35,0.0,338631.35,0.0,338631.35,0.0,338631.35,0.0,338631.35,338631.35,338631.35,338631.35,0.0,0.0,0.0,0.0,0.0,0.0,,12.732670284578193,1.0,0,0,0.0,303977.87,163,2013,1
Wheat,2013-02-25,338631.35,NGN,NGN/MT,Historical (World Bank Pink Sheet × FX),wholesale,National,,,0.65,False,Synthetic: World Bank wheat USD × NGN/USD FX + Nigeria import premium (calibrated),Synthetic (World Bank/FAO × FX),historical,True,Hard bound violation (synthetic),100000.0,157.31,155.0,97.0,11.4,12.5,1,0,0,0,0,0,0,0,1,1,0,0,1,0,0,0,0,0,0,0,0.8660254037844386,0.5000000000000001,0.8854560256532099,0.4647231720437686,1,2152.64,338631.35,338631.35,338631.35,338631.35,338631.35,338631.35,338631.35,338631.35,0.0,338631.35,0.0,338631.35,0.0,338631.35,0.0,338631.35,338631.35,338631.35,338631.35,0.0,0.0,0.0,0.0,0.0,0.0,,12.732670284578193,1.0,0,0,0.0,303977.87,164,2013,1
Wheat,2013-03-04,338631.35,NGN,NGN/MT,Historical (World Bank Pink Sheet × FX),wholesale,National,,,0.65,False,Synthetic: World Bank wheat USD × NGN/USD FX + Nigeria import premium (calibrated),Synthetic (World Bank/FAO × FX),historical,True,Hard bound violation (synthetic),100000.0,157.31,155.0,97.0,11.4,12.5,1,0,0,1,0,0,0,0,1,1,0,0,0,0,0,0,0,0,0,0,1.0,6.123233995736766e-17,0.9350162426854148,0.3546048870425355,0,2152.64,338631.35,338631.35,338631.35,338631.35,338631.35,338631.35,338631.35,338631.35,0.0,338631.35,0.0,338631.35,0.0,338631.35,0.0,338631.35,338631.35,338631.35,338631.35,0.0,0.0,0.0,0.0,0.0,0.0,,12.732670284578193,1.0,0,0,0.0,303977.87,165,2013,1
Wheat,2013-03-11,338631.35,NGN,NGN/MT,Historical (World Bank Pink Sheet × FX),wholesale,National,,,0.65,False,Synthetic: World Bank wheat USD × NGN/USD FX + Nigeria import premium (calibrated),Synthetic (World Bank/FAO × FX),historical,True,Hard bound violation (synthetic),100000.0,157.31,155.0,97.0,11.4,12.5,1,0,0,1,0,0,0,0,1,1,0,0,0,0,0,0,0,0,0,0,1.0,6.123233995736766e-17,0.970941817426052,0.239315664287558,0,2152.64,338631.35,338631.35,338631.35,338631.35,338631.35,338631.35,338631.35,338631.35,0.0,338631.35,0.0,338631.35,0.0,338631.35,0.0,338631.35,338631.35,338631.35,338631.35,0.0,0.0,0.0,0.0,0.0,0.0,,12.732670284578193,1.0,0,0,0.0,303977.87,166,2013,1
Wheat,2013-03-18,338631.35,NGN,NGN/MT,Historical (World Bank Pink Sheet × FX),wholesale,National,,,0.65,False,Synthetic: World Bank wheat USD × NGN/USD FX + Nigeria import premium (calibrated),Synthetic (World Bank/FAO × FX),historical,True,Hard bound violation (synthetic),100000.0,157.31,155.0,97.0,11.4,12.5,1,0,0,1,0,0,0,0,1,1,0,0,0,0,0,0,0,0,0,0,1.0,6.123233995736766e-17,0.992708874098054,0.120536680255323,0,2152.64,338631.35,338631.35,338631.35,338631.35,338631.35,338631.35,338631.35,338631.35,0.0,338631.35,0.0,338631.35,0.0,338631.35,0.0,338631.35,338631.35,338631.35,338631.35,0.0,0.0,0.0,0.0,0.0,0.0,,12.732670284578193,1.0,0,0,0.0,303977.87,167,2013,1
Wheat,2013-03-25,338631.35,NGN,NGN/MT,Historical (World Bank Pink Sheet × FX),wholesale,National,,,0.65,False,Synthetic: World Bank wheat USD × NGN/USD FX + Nigeria import premium (calibrated),Synthetic (World Bank/FAO × FX),historical,True,Hard bound violation (synthetic),100000.0,157.31,155.0,97.0,11.4,12.5,1,0,0,1,0,0,0,0,1,1,0,0,0,0,0,0,0,0,0,0,1.0,6.123233995736766e-17,1.0,-1.6081226496766364e-16,0,2152.64,338631.35,338631.35,338631.35,338631.35,338631.35,338631.35,338631.35,338631.35,0.0,338631.35,0.0,338631.35,0.0,338631.35,0.0,338631.35,338631.35,338631.35,338631.35,0.0,0.0,0.0,0.0,0.0,0.0,,12.732670284578193,1.0,0,0,0.0,303977.87,168,2013,1
Wheat,2013-04-01,338631.35,NGN,NGN/MT,Historical (World Bank Pink Sheet × FX),wholesale,National,,,0.65,False,Synthetic: World Bank wheat USD × NGN/USD FX + Nigeria import premium (calibrated),Synthetic (World Bank/FAO × FX),historical,True,Hard bound violation (synthetic),100000.0,157.31,155.0,97.0,11.4,12.5,0,1,1,1,0,0,0,0,1,0,0,0,0,0,0,0,0,0,0,0,0.8660254037844387,-0.4999999999999998,0.992708874098054,-0.1205366802553228,0,2152.64,338631.35,338631.35,338631.35,338631.35,338631.35,338631.35,338631.35,338631.35,0.0,338631.35,0.0,338631.35,0.0,338631.35,0.0,338631.35,338631.35,338631.35,338631.35,0.0,0.0,0.0,0.0,0.0,0.0,,12.732670284578193,1.0,0,0,0.5,303977.87,169,2013,2
Wheat,2013-04-08,338631.35,NGN,NGN/MT,Historical (World Bank Pink Sheet × FX),wholesale,National,,,0.65,False,Synthetic: World Bank wheat USD × NGN/USD FX + Nigeria import premium (calibrated),Synthetic (World Bank/FAO × FX),historical,True,Hard bound violation (synthetic),100000.0,157.31,155.0,97.0,11.4,12.5,0,1,1,1,0,0,0,0,1,0,0,0,0,0,0,0,0,0,0,0,0.8660254037844387,-0.4999999999999998,0.970941817426052,-0.2393156642875575,0,2152.64,338631.35,338631.35,338631.35,338631.35,338631.35,338631.35,338631.35,338631.35,0.0,338631.35,0.0,338631.35,0.0,338631.35,0.0,338631.35,338631.35,338631.35,338631.35,0.0,0.0,0.0,0.0,0.0,0.0,,12.732670284578193,1.0,0,0,0.5,303977.87,170,2013,2
Wheat,2013-04-15,338631.35,NGN,NGN/MT,Historical (World Bank Pink Sheet × FX),wholesale,National,,,0.65,False,Synthetic: World Bank wheat USD × NGN/USD FX + Nigeria import premium (calibrated),Synthetic (World Bank/FAO × FX),historical,True,Hard bound violation (synthetic),100000.0,157.31,155.0,97.0,11.4,12.5,0,1,1,1,0,0,0,0,1,0,0,0,0,0,0,0,0,0,0,0,0.8660254037844387,-0.4999999999999998,0.9350162426854148,-0.3546048870425354,0,2152.64,338631.35,338631.35,338631.35,338631.35,338631.35,338631.35,338631.35,338631.35,0.0,338631.35,0.0,338631.35,0.0,338631.35,0.0,338631.35,338631.35,338631.35,338631.35,0.0,0.0,0.0,0.0,0.0,0.0,,12.732670284578193,1.0,0,0,0.5,303977.87,171,2013,2
Wheat,2013-04-22,338631.35,NGN,NGN/MT,Historical (World Bank Pink Sheet × FX),wholesale,National,,,0.65,False,Synthetic: World Bank wheat USD × NGN/USD FX + Nigeria import premium (calibrated),Synthetic (World Bank/FAO × FX),historical,True,Hard bound violation (synthetic),100000.0,157.31,155.0,97.0,11.4,12.5,0,1,1,1,0,0,0,0,1,0,0,0,0,0,0,0,0,0,0,0,0.8660254037844387,-0.4999999999999998,0.8854560256532099,-0.4647231720437685,0,2152.64,338631.35,338631.35,338631.35,338631.35,338631.35,338631.35,338631.35,338631.35,0.0,338631.35,0.0,338631.35,0.0,338631.35,0.0,338631.35,338631.35,338631.35,338631.35,0.0,0.0,0.0,0.0,0.0,0.0,,12.732670284578193,1.0,0,0,0.5,303977.87,172,2013,2
Wheat,2013-04-29,338631.35,NGN,NGN/MT,Historical (World Bank Pink Sheet × FX),wholesale,National,,,0.65,False,Synthetic: World Bank wheat USD × NGN/USD FX + Nigeria import premium (calibrated),Synthetic (World Bank/FAO × FX),historical,True,Hard bound violation (synthetic),100000.0,157.31,155.0,97.0,11.4,12.5,0,1,1,1,0,0,0,0,1,0,0,0,0,0,0,0,0,0,0,0,0.8660254037844387,-0.4999999999999998,0.8229838658936565,-0.5680647467311557,0,2152.64,338631.35,338631.35,338631.35,338631.35,338631.35,338631.35,338631.35,338631.35,0.0,338631.35,0.0,338631.35,0.0,338631.35,0.0,338631.35,338631.35,338631.35,338631.35,0.0,0.0,0.0,0.0,0.0,0.0,,12.732670284578193,1.0,0,0,0.5,303977.87,173,2013,2
Wheat,2013-05-06,338631.35,NGN,NGN/MT,Historical (World Bank Pink Sheet × FX),wholesale,National,,,0.65,False,Synthetic: World Bank wheat USD × NGN/USD FX + Nigeria import premium (calibrated),Synthetic (World Bank/FAO × FX),historical,True,Hard bound violation (synthetic),100000.0,157.31,155.0,97.0,11.4,12.5,0,1,1,1,0,0,0,0,1,0,1,0,0,0,0,0,0,0,0,0,0.4999999999999999,-0.8660254037844387,0.7485107481711013,-0.663122658240795,0,2152.64,338631.35,338631.35,338631.35,338631.35,338631.35,338631.35,338631.35,338631.35,0.0,338631.35,0.0,338631.35,0.0,338631.35,0.0,338631.35,338631.35,338631.35,338631.35,0.0,0.0,0.0,0.0,0.0,0.0,,12.732670284578193,1.0,0,0,0.5,303977.87,174,2013,2
Wheat,2013-05-13,338631.35,NGN,NGN/MT,Historical (World Bank Pink Sheet × FX),wholesale,National,,,0.65,False,Synthetic: World Bank wheat USD × NGN/USD FX + Nigeria import premium (calibrated),Synthetic (World Bank/FAO × FX),historical,True,Hard bound violation (synthetic),100000.0,157.31,155.0,97.0,11.4,12.5,0,1,1,1,0,0,0,0,1,0,1,0,0,0,0,0,0,0,0,0,0.4999999999999999,-0.8660254037844387,0.6631226582407952,-0.7485107481711012,0,2152.64,338631.35,338631.35,338631.35,338631.35,338631.35,338631.35,338631.35,338631.35,0.0,338631.35,0.0,338631.35,0.0,338631.35,0.0,338631.35,338631.35,338631.35,338631.35,0.0,0.0,0.0,0.0,0.0,0.0,,12.732670284578193,1.0,0,0,0.5,303977.87,175,2013,2
Wheat,2013-05-20,338631.35,NGN,NGN/MT,Historical (World Bank Pink Sheet × FX),wholesale,National,,,0.65,False,Synthetic: World Bank wheat USD × NGN/USD FX + Nigeria import premium (calibrated),Synthetic (World Bank/FAO × FX),historical,True,Hard bound violation (synthetic),100000.0,157.31,155.0,97.0,11.4,12.5,0,1,1,1,0,0,0,0,1,0,1,0,0,0,0,0,0,0,0,0,0.4999999999999999,-0.8660254037844387,0.5680647467311558,-0.8229838658936564,0,2152.64,338631.35,338631.35,338631.35,338631.35,338631.35,338631.35,338631.35,338631.35,0.0,338631.35,0.0,338631.35,0.0,338631.35,0.0,338631.35,338631.35,338631.35,338631.35,0.0,0.0,0.0,0.0,0.0,0.0,,12.732670284578193,1.0,0,0,0.5,303977.87,176,2013,2
Wheat,2013-05-27,338631.35,NGN,NGN/MT,Historical (World Bank Pink Sheet × FX),wholesale,National,,,0.65,False,Synthetic: World Bank wheat USD × NGN/USD FX + Nigeria import premium (calibrated),Synthetic (World Bank/FAO × FX),historical,True,Hard bound violation (synthetic),100000.0,157.31,155.0,97.0,11.4,12.5,0,1,1,1,0,0,0,0,1,0,1,0,0,0,0,0,0,0,0,0,0.4999999999999999,-0.8660254037844387,0.464723172043769,-0.8854560256532096,0,2152.64,338631.35,338631.35,338631.35,338631.35,338631.35,338631.35,338631.35,338631.35,0.0,338631.35,0.0,338631.35,0.0,338631.35,0.0,338631.35,338631.35,338631.35,338631.35,0.0,0.0,0.0,0.0,0.0,0.0,,12.732670284578193,1.0,0,0,0.5,303977.87,177,2013,2
Wheat,2013-06-03,338631.35,NGN,NGN/MT,Historical (World Bank Pink Sheet × FX),wholesale,National,,,0.65,False,Synthetic: World Bank wheat USD × NGN/USD FX + Nigeria import premium (calibrated),Synthetic (World Bank/FAO × FX),historical,True,Hard bound violation (synthetic),100000.0,157.31,155.0,97.0,11.4,12.5,0,1,1,0,0,0,0,1,0,0,1,0,0,0,0,0,0,0,1,0,1.2246467991473532e-16,-1.0,0.3546048870425358,-0.9350162426854148,0,2152.64,338631.35,338631.35,338631.35,338631.35,338631.35,338631.35,338631.35,338631.35,0.0,338631.35,0.0,338631.35,0.0,338631.35,0.0,338631.35,338631.35,338631.35,338631.35,0.0,0.0,0.0,0.0,0.0,0.0,,12.732670284578193,1.0,0,0,0.5,303977.87,178,2013,2
Wheat,2013-06-10,338631.35,NGN,NGN/MT,Historical (World Bank Pink Sheet × FX),wholesale,National,,,0.65,False,Synthetic: World Bank wheat USD × NGN/USD FX + Nigeria import premium (calibrated),Synthetic (World Bank/FAO × FX),historical,True,Hard bound violation (synthetic),100000.0,157.31,155.0,97.0,11.4,12.5,0,1,1,0,0,0,0,1,0,0,1,0,0,0,0,0,0,0,1,0,1.2246467991473532e-16,-1.0,0.2393156642875576,-0.970941817426052,0,2152.64,338631.35,338631.35,338631.35,338631.35,338631.35,338631.35,338631.35,338631.35,0.0,338631.35,0.0,338631.35,0.0,338631.35,0.0,338631.35,338631.35,338631.35,338631.35,0.0,0.0,0.0,0.0,0.0,0.0,,12.732670284578193,1.0,0,0,0.5,303977.87,179,2013,2
Wheat,2013-06-17,338631.35,NGN,NGN/MT,Historical (World Bank Pink Sheet × FX),wholesale,National,,,0.65,False,Synthetic: World Bank wheat USD × NGN/USD FX + Nigeria import premium (calibrated),Synthetic (World Bank/FAO × FX),historical,True,Hard bound violation (synthetic),100000.0,157.31,155.0,97.0,11.4,12.5,0,1,1,0,0,0,0,1,0,0,1,0,0,0,0,0,0,0,1,0,1.2246467991473532e-16,-1.0,0.120536680255323,-0.992708874098054,0,2152.64,338631.35,338631.35,338631.35,338631.35,338631.35,338631.35,338631.35,338631.35,0.0,338631.35,0.0,338631.35,0.0,338631.35,0.0,338631.35,338631.35,338631.35,338631.35,0.0,0.0,0.0,0.0,0.0,0.0,,12.732670284578193,1.0,0,0,0.5,303977.87,180,2013,2
Wheat,2013-06-24,338631.35,NGN,NGN/MT,Historical (World Bank Pink Sheet × FX),wholesale,National,,,0.65,False,Synthetic: World Bank wheat USD × NGN/USD FX + Nigeria import premium (calibrated),Synthetic (World Bank/FAO × FX),historical,True,Hard bound violation (synthetic),100000.0,157.31,155.0,97.0,11.4,12.5,0,1,1,0,0,0,0,1,0,0,1,0,0,0,0,0,0,0,1,0,1.2246467991473532e-16,-1.0,-3.216245299353273e-16,-1.0,0,2152.64,338631.35,338631.35,338631.35,338631.35,338631.35,338631.35,338631.35,338631.35,0.0,338631.35,0.0,338631.35,0.0,338631.35,0.0,338631.35,338631.35,338631.35,338631.35,0.0,0.0,0.0,0.0,0.0,0.0,,12.732670284578193,1.0,0,0,0.5,303977.87,181,2013,2
Wheat,2013-07-01,338631.35,NGN,NGN/MT,Historical (World Bank Pink Sheet × FX),wholesale,National,,,0.65,False,Synthetic: World Bank wheat USD × NGN/USD FX + Nigeria import premium (calibrated),Synthetic (World Bank/FAO × FX),historical,True,Hard bound violation (synthetic),100000.0,157.31,155.0,97.0,11.4,12.5,0,1,1,0,0,0,1,1,0,0,1,0,0,0,0,0,0,0,1,0,-0.4999999999999997,-0.8660254037844388,-0.1205366802553228,-0.992708874098054,0,2152.64,338631.35,338631.35,338631.35,338631.35,338631.35,338631.35,338631.35,338631.35,0.0,338631.35,0.0,338631.35,0.0,338631.35,0.0,338631.35,338631.35,338631.35,338631.35,0.0,0.0,0.0,0.0,0.0,0.0,,12.732670284578193,1.0,0,0,0.5,303977.87,182,2013,3
Wheat,2013-07-08,338631.35,NGN,NGN/MT,Historical (World Bank Pink Sheet × FX),wholesale,National,,,0.65,False,Synthetic: World Bank wheat USD × NGN/USD FX + Nigeria import premium (calibrated),Synthetic (World Bank/FAO × FX),historical,True,Hard bound violation (synthetic),100000.0,157.31,155.0,97.0,11.4,12.5,0,1,1,0,0,0,1,1,0,0,1,0,0,0,0,0,0,0,1,0,-0.4999999999999997,-0.8660254037844388,-0.2393156642875574,-0.970941817426052,0,2152.64,338631.35,338631.35,338631.35,338631.35,338631.35,338631.35,338631.35,338631.35,0.0,338631.35,0.0,338631.35,0.0,338631.35,0.0,338631.35,338631.35,338631.35,338631.35,0.0,0.0,0.0,0.0,0.0,0.0,,12.732670284578193,1.0,0,0,0.5,303977.87,183,2013,3
Wheat,2013-07-15,338631.35,NGN,NGN/MT,Historical (World Bank Pink Sheet × FX),wholesale,National,,,0.65,False,Synthetic: World Bank wheat USD × NGN/USD FX + Nigeria import premium (calibrated),Synthetic (World Bank/FAO × FX),historical,True,Hard bound violation (synthetic),100000.0,157.31,155.0,97.0,11.4,12.5,0,1,1,0,0,0,1,1,0,0,1,0,0,0,0,0,0,1,1,0,-0.4999999999999997,-0.8660254037844388,-0.3546048870425356,-0.9350162426854148,0,2152.64,338631.35,338631.35,338631.35,338631.35,338631.35,338631.35,338631.35,338631.35,0.0,338631.35,0.0,338631.35,0.0,338631.35,0.0,338631.35,338631.35,338631.35,338631.35,0.0,0.0,0.0,0.0,0.0,0.0,,12.732670284578193,1.0,0,0,0.5,303977.87,184,2013,3
Wheat,2013-07-22,338631.35,NGN,NGN/MT,Historical (World Bank Pink Sheet × FX),wholesale,National,,,0.65,False,Synthetic: World Bank wheat USD × NGN/USD FX + Nigeria import premium (calibrated),Synthetic (World Bank/FAO × FX),historical,True,Hard bound violation (synthetic),100000.0,157.31,155.0,97.0,11.4,12.5,0,1,1,0,0,0,1,1,0,0,1,0,0,0,0,0,0,1,1,0,-0.4999999999999997,-0.8660254037844388,-0.464723172043768,-0.8854560256532101,0,2152.64,338631.35,338631.35,338631.35,338631.35,338631.35,338631.35,338631.35,338631.35,0.0,338631.35,0.0,338631.35,0.0,338631.35,0.0,338631.35,338631.35,338631.35,338631.35,0.0,0.0,0.0,0.0,0.0,0.0,,12.732670284578193,1.0,0,0,0.5,303977.87,185,2013,3
Wheat,2013-07-29,338631.35,NGN,NGN/MT,Historical (World Bank Pink Sheet × FX),wholesale,National,,,0.65,False,Synthetic: World Bank wheat USD × NGN/USD FX + Nigeria import premium (calibrated),Synthetic (World Bank/FAO × FX),historical,True,Hard bound violation (synthetic),100000.0,157.31,155.0,97.0,11.4,12.5,0,1,1,0,0,0,1,1,0,0,1,0,0,0,0,0,0,1,1,0,-0.4999999999999997,-0.8660254037844388,-0.5680647467311556,-0.8229838658936565,0,2152.64,338631.35,338631.35,338631.35,338631.35,338631.35,338631.35,338631.35,338631.35,0.0,338631.35,0.0,338631.35,0.0,338631.35,0.0,338631.35,338631.35,338631.35,338631.35,0.0,0.0,0.0,0.0,0.0,0.0,,12.732670284578193,1.0,0,0,0.5,303977.87,186,2013,3
Wheat,2013-08-05,338631.35,NGN,NGN/MT,Historical (World Bank Pink Sheet × FX),wholesale,National,,,0.65,False,Synthetic: World Bank wheat USD × NGN/USD FX + Nigeria import premium (calibrated),Synthetic (World Bank/FAO × FX),historical,True,Hard bound violation (synthetic),100000.0,157.31,155.0,97.0,11.4,12.5,0,1,0,0,1,0,1,1,0,0,1,0,0,0,0,1,0,1,1,0,-0.8660254037844384,-0.5000000000000004,-0.663122658240795,-0.7485107481711013,0,2152.64,338631.35,338631.35,338631.35,338631.35,338631.35,338631.35,338631.35,338631.35,0.0,338631.35,0.0,338631.35,0.0,338631.35,0.0,338631.35,338631.35,338631.35,338631.35,0.0,0.0,0.0,0.0,0.0,0.0,,12.732670284578193,1.0,0,0,0.0,303977.87,187,2013,3
Wheat,2013-08-12,338631.35,NGN,NGN/MT,Historical (World Bank Pink Sheet × FX),wholesale,National,,,0.65,False,Synthetic: World Bank wheat USD × NGN/USD FX + Nigeria import premium (calibrated),Synthetic (World Bank/FAO × FX),historical,True,Hard bound violation (synthetic),100000.0,157.31,155.0,97.0,11.4,12.5,0,1,0,0,1,0,1,1,0,0,1,0,0,0,0,1,0,0,1,0,-0.8660254037844384,-0.5000000000000004,-0.7485107481711011,-0.6631226582407952,0,2152.64,338631.35,338631.35,338631.35,338631.35,338631.35,338631.35,338631.35,338631.35,0.0,338631.35,0.0,338631.35,0.0,338631.35,0.0,338631.35,338631.35,338631.35,338631.35,0.0,0.0,0.0,0.0,0.0,0.0,,12.732670284578193,1.0,0,0,0.0,303977.87,188,2013,3
Wheat,2013-08-19,338631.35,NGN,NGN/MT,Historical (World Bank Pink Sheet × FX),wholesale,National,,,0.65,False,Synthetic: World Bank wheat USD × NGN/USD FX + Nigeria import premium (calibrated),Synthetic (World Bank/FAO × FX),historical,True,Hard bound violation (synthetic),100000.0,157.31,155.0,97.0,11.4,12.5,0,1,0,0,1,0,1,1,0,0,1,0,0,0,0,1,0,0,1,0,-0.8660254037844384,-0.5000000000000004,-0.8229838658936564,-0.5680647467311559,0,2152.64,338631.35,338631.35,338631.35,338631.35,338631.35,338631.35,338631.35,338631.35,0.0,338631.35,0.0,338631.35,0.0,338631.35,0.0,338631.35,338631.35,338631.35,338631.35,0.0,0.0,0.0,0.0,0.0,0.0,,12.732670284578193,1.0,0,0,0.0,303977.87,189,2013,3
Wheat,2013-08-26,338631.35,NGN,NGN/MT,Historical (World Bank Pink Sheet × FX),wholesale,National,,,0.65,False,Synthetic: World Bank wheat USD × NGN/USD FX + Nigeria import premium (calibrated),Synthetic (World Bank/FAO × FX),historical,True,Hard bound violation (synthetic),100000.0,157.31,155.0,97.0,11.4,12.5,0,1,0,0,1,0,1,1,0,0,1,0,0,0,0,1,0,0,1,0,-0.8660254037844384,-0.5000000000000004,-0.8854560256532096,-0.4647231720437691,0,2152.64,338631.35,338631.35,338631.35,338631.35,338631.35,338631.35,338631.35,338631.35,0.0,338631.35,0.0,338631.35,0.0,338631.35,0.0,338631.35,338631.35,338631.35,338631.35,0.0,0.0,0.0,0.0,0.0,0.0,,12.732670284578193,1.0,0,0,0.0,303977.87,190,2013,3
Wheat,2013-09-02,338631.35,NGN,NGN/MT,Historical (World Bank Pink Sheet × FX),wholesale,National,,,0.65,False,Synthetic: World Bank wheat USD × NGN/USD FX + Nigeria import premium (calibrated),Synthetic (World Bank/FAO × FX),historical,True,Hard bound violation (synthetic),100000.0,157.31,155.0,97.0,11.4,12.5,0,1,0,0,1,1,0,0,0,0,0,0,0,0,0,1,0,0,0,0,-1.0,-1.8369701987210287e-16,-0.9350162426854148,-0.3546048870425359,0,2152.64,338631.35,338631.35,338631.35,338631.35,338631.35,338631.35,338631.35,338631.35,0.0,338631.35,0.0,338631.35,0.0,338631.35,0.0,338631.35,338631.35,338631.35,338631.35,0.0,0.0,0.0,0.0,0.0,0.0,,12.732670284578193,1.0,0,0,0.5,303977.87,191,2013,3
Wheat,2013-09-09,338631.35,NGN,NGN/MT,Historical (World Bank Pink Sheet × FX),wholesale,National,,,0.65,False,Synthetic: World Bank wheat USD × NGN/USD FX + Nigeria import premium (calibrated),Synthetic (World Bank/FAO × FX),historical,True,Hard bound violation (synthetic),100000.0,157.31,155.0,97.0,11.4,12.5,0,1,0,0,1,1,0,0,0,0,0,0,0,0,0,1,0,0,0,0,-1.0,-1.8369701987210287e-16,-0.970941817426052,-0.2393156642875577,0,2152.64,338631.35,338631.35,338631.35,338631.35,338631.35,338631.35,338631.35,338631.35,0.0,338631.35,0.0,338631.35,0.0,338631.35,0.0,338631.35,338631.35,338631.35,338631.35,0.0,0.0,0.0,0.0,0.0,0.0,,12.732670284578193,1.0,0,0,0.5,303977.87,192,2013,3
Wheat,2013-09-16,338631.35,NGN,NGN/MT,Historical (World Bank Pink Sheet × FX),wholesale,National,,,0.65,False,Synthetic: World Bank wheat USD × NGN/USD FX + Nigeria import premium (calibrated),Synthetic (World Bank/FAO × FX),historical,True,Hard bound violation (synthetic),100000.0,157.31,155.0,97.0,11.4,12.5,0,1,0,0,1,1,0,0,0,0,0,0,0,0,0,1,0,0,0,0,-1.0,-1.8369701987210287e-16,-0.992708874098054,-0.1205366802553235,0,2152.64,338631.35,338631.35,338631.35,338631.35,338631.35,338631.35,338631.35,338631.35,0.0,338631.35,0.0,338631.35,0.0,338631.35,0.0,338631.35,338631.35,338631.35,338631.35,0.0,0.0,0.0,0.0,0.0,0.0,,12.732670284578193,1.0,0,0,0.5,303977.87,193,2013,3
Wheat,2013-09-23,338631.35,NGN,NGN/MT,Historical (World Bank Pink Sheet × FX),wholesale,National,,,0.65,False,Synthetic: World Bank wheat USD × NGN/USD FX + Nigeria import premium (calibrated),Synthetic (World Bank/FAO × FX),historical,True,Hard bound violation (synthetic),100000.0,157.31,155.0,97.0,11.4,12.5,0,1,0,0,1,1,0,0,0,0,0,0,0,0,0,1,0,0,0,0,-1.0,-1.8369701987210287e-16,-1.0,-1.8369701987210287e-16,0,2152.64,338631.35,338631.35,338631.35,338631.35,338631.35,338631.35,338631.35,338631.35,0.0,338631.35,0.0,338631.35,0.0,338631.35,0.0,338631.35,338631.35,338631.35,338631.35,0.0,0.0,0.0,0.0,0.0,0.0,,12.732670284578193,1.0,0,0,0.5,303977.87,194,2013,3
Wheat,2013-09-30,338631.35,NGN,NGN/MT,Historical (World Bank Pink Sheet × FX),wholesale,National,,,0.65,False,Synthetic: World Bank wheat USD × NGN/USD FX + Nigeria import premium (calibrated),Synthetic (World Bank/FAO × FX),historical,True,Hard bound violation (synthetic),100000.0,157.31,155.0,97.0,11.4,12.5,0,1,0,0,1,1,0,0,0,0,0,0,0,0,0,1,0,0,0,0,-1.0,-1.8369701987210287e-16,-0.992708874098054,0.1205366802553232,0,2152.64,338631.35,338631.35,338631.35,338631.35,338631.35,338631.35,338631.35,338631.35,0.0,338631.35,0.0,338631.35,0.0,338631.35,0.0,338631.35,338631.35,338631.35,338631.35,0.0,0.0,0.0,0.0,0.0,0.0,,12.732670284578193,1.0,0,0,0.5,303977.87,195,2013,3
Wheat,2013-10-07,338631.35,NGN,NGN/MT,Historical (World Bank Pink Sheet × FX),wholesale,National,,,0.65,False,Synthetic: World Bank wheat USD × NGN/USD FX + Nigeria import premium (calibrated),Synthetic (World Bank/FAO × FX),historical,True,Hard bound violation (synthetic),100000.0,157.31,155.0,97.0,11.4,12.5,0,1,0,0,0,1,0,0,0,1,0,1,0,1,1,1,1,0,0,0,-0.8660254037844386,0.5000000000000001,-0.970941817426052,0.2393156642875573,0,2152.64,338631.35,338631.35,338631.35,338631.35,338631.35,338631.35,338631.35,338631.35,0.0,338631.35,0.0,338631.35,0.0,338631.35,0.0,338631.35,338631.35,338631.35,338631.35,0.0,0.0,0.0,0.0,0.0,0.0,,12.732670284578193,1.0,0,0,0.5,303977.87,196,2013,4
Wheat,2013-10-14,338631.35,NGN,NGN/MT,Historical (World Bank Pink Sheet × FX),wholesale,National,,,0.65,False,Synthetic: World Bank wheat USD × NGN/USD FX + Nigeria import premium (calibrated),Synthetic (World Bank/FAO × FX),historical,True,Hard bound violation (synthetic),100000.0,157.31,155.0,97.0,11.4,12.5,0,1,0,0,0,1,0,0,0,1,0,1,0,1,1,1,1,0,0,0,-0.8660254037844386,0.5000000000000001,-0.9350162426854148,0.3546048870425355,0,2152.64,338631.35,338631.35,338631.35,338631.35,338631.35,338631.35,338631.35,338631.35,0.0,338631.35,0.0,338631.35,0.0,338631.35,0.0,338631.35,338631.35,338631.35,338631.35,0.0,0.0,0.0,0.0,0.0,0.0,,12.732670284578193,1.0,0,0,0.5,303977.87,197,2013,4
Wheat,2013-10-21,338631.35,NGN,NGN/MT,Historical (World Bank Pink Sheet × FX),wholesale,National,,,0.65,False,Synthetic: World Bank wheat USD × NGN/USD FX + Nigeria import premium (calibrated),Synthetic (World Bank/FAO × FX),historical,True,Hard bound violation (synthetic),100000.0,157.31,155.0,97.0,11.4,12.5,0,1,0,0,0,1,0,0,0,1,0,1,0,1,1,1,1,0,0,0,-0.8660254037844386,0.5000000000000001,-0.8854560256532101,0.464723172043768,0,2152.64,338631.35,338631.35,338631.35,338631.35,338631.35,338631.35,338631.35,338631.35,0.0,338631.35,0.0,338631.35,0.0,338631.35,0.0,338631.35,338631.35,338631.35,338631.35,0.0,0.0,0.0,0.0,0.0,0.0,,12.732670284578193,1.0,0,0,0.5,303977.87,198,2013,4
Wheat,2013-10-28,338631.35,NGN,NGN/MT,Historical (World Bank Pink Sheet × FX),wholesale,National,,,0.65,False,Synthetic: World Bank wheat USD × NGN/USD FX + Nigeria import premium (calibrated),Synthetic (World Bank/FAO × FX),historical,True,Hard bound violation (synthetic),100000.0,157.31,155.0,97.0,11.4,12.5,0,1,0,0,0,1,0,0,0,1,0,1,0,1,1,1,1,0,0,0,-0.8660254037844386,0.5000000000000001,-0.822983865893657,0.5680647467311548,0,2152.64,338631.35,338631.35,338631.35,338631.35,338631.35,338631.35,338631.35,338631.35,0.0,338631.35,0.0,338631.35,0.0,338631.35,0.0,338631.35,338631.35,338631.35,338631.35,0.0,0.0,0.0,0.0,0.0,0.0,,12.732670284578193,1.0,0,0,0.5,303977.87,199,2013,4
Wheat,2013-11-04,338631.35,NGN,NGN/MT,Historical (World Bank Pink Sheet × FX),wholesale,National,,,0.65,False,Synthetic: World Bank wheat USD × NGN/USD FX + Nigeria import premium (calibrated),Synthetic (World Bank/FAO × FX),historical,True,Hard bound violation (synthetic),100000.0,157.31,155.0,97.0,11.4,12.5,1,0,0,0,0,1,0,0,0,1,0,1,1,1,1,0,1,0,0,0,-0.5000000000000004,0.8660254037844384,-0.7485107481711011,0.6631226582407952,1,2152.64,338631.35,338631.35,338631.35,338631.35,338631.35,338631.35,338631.35,338631.35,0.0,338631.35,0.0,338631.35,0.0,338631.35,0.0,338631.35,338631.35,338631.35,338631.35,0.0,0.0,0.0,0.0,0.0,0.0,,12.732670284578193,1.0,0,0,0.5,303977.87,200,2013,4
Wheat,2013-11-11,338631.35,NGN,NGN/MT,Historical (World Bank Pink Sheet × FX),wholesale,National,,,0.65,False,Synthetic: World Bank wheat USD × NGN/USD FX + Nigeria import premium (calibrated),Synthetic (World Bank/FAO × FX),historical,True,Hard bound violation (synthetic),100000.0,157.31,155.0,97.0,11.4,12.5,1,0,0,0,0,1,0,0,0,1,0,1,1,1,1,0,1,0,0,0,-0.5000000000000004,0.8660254037844384,-0.6631226582407955,0.7485107481711007,1,2152.64,338631.35,338631.35,338631.35,338631.35,338631.35,338631.35,338631.35,338631.35,0.0,338631.35,0.0,338631.35,0.0,338631.35,0.0,338631.35,338631.35,338631.35,338631.35,0.0,0.0,0.0,0.0,0.0,0.0,,12.732670284578193,1.0,0,0,0.5,303977.87,201,2013,4
Wheat,2013-11-18,338631.35,NGN,NGN/MT,Historical (World Bank Pink Sheet × FX),wholesale,National,,,0.65,False,Synthetic: World Bank wheat USD × NGN/USD FX + Nigeria import premium (calibrated),Synthetic (World Bank/FAO × FX),historical,True,Hard bound violation (synthetic),100000.0,157.31,155.0,97.0,11.4,12.5,1,0,0,0,0,1,0,0,0,1,0,1,1,1,1,0,1,0,0,0,-0.5000000000000004,0.8660254037844384,-0.5680647467311559,0.8229838658936564,1,2152.64,338631.35,338631.35,338631.35,338631.35,338631.35,338631.35,338631.35,338631.35,0.0,338631.35,0.0,338631.35,0.0,338631.35,0.0,338631.35,338631.35,338631.35,338631.35,0.0,0.0,0.0,0.0,0.0,0.0,,12.732670284578193,1.0,0,0,0.5,303977.87,202,2013,4
Wheat,2013-11-25,338631.35,NGN,NGN/MT,Historical (World Bank Pink Sheet × FX),wholesale,National,,,0.65,False,Synthetic: World Bank wheat USD × NGN/USD FX + Nigeria import premium (calibrated),Synthetic (World Bank/FAO × FX),historical,True,Hard bound violation (synthetic),100000.0,157.31,155.0,97.0,11.4,12.5,1,0,0,0,0,1,0,0,0,1,0,1,1,1,1,0,1,0,0,0,-0.5000000000000004,0.8660254037844384,-0.4647231720437684,0.88545602565321,1,2152.64,338631.35,338631.35,338631.35,338631.35,338631.35,338631.35,338631.35,338631.35,0.0,338631.35,0.0,338631.35,0.0,338631.35,0.0,338631.35,338631.35,338631.35,338631.35,0.0,0.0,0.0,0.0,0.0,0.0,,12.732670284578193,1.0,0,0,0.5,303977.87,203,2013,4
Wheat,2013-12-02,338631.35,NGN,NGN/MT,Historical (World Bank Pink Sheet × FX),wholesale,National,,,0.65,False,Synthetic: World Bank wheat USD × NGN/USD FX + Nigeria import premium (calibrated),Synthetic (World Bank/FAO × FX),historical,True,Hard bound violation (synthetic),100000.0,157.31,155.0,97.0,11.4,12.5,1,0,0,0,0,0,0,0,0,1,0,1,1,1,1,0,0,0,0,1,-2.4492935982947064e-16,1.0,-0.3546048870425359,0.9350162426854148,1,2152.64,338631.35,338631.35,338631.35,338631.35,338631.35,338631.35,338631.35,338631.35,0.0,338631.35,0.0,338631.35,0.0,338631.35,0.0,338631.35,338631.35,338631.35,338631.35,0.0,0.0,0.0,0.0,0.0,0.0,,12.732670284578193,1.0,0,0,0.0,303977.87,204,2013,4
Wheat,2013-12-09,338631.35,NGN,NGN/MT,Historical (World Bank Pink Sheet × FX),wholesale,National,,,0.65,False,Synthetic: World Bank wheat USD × NGN/USD FX + Nigeria import premium (calibrated),Synthetic (World Bank/FAO × FX),historical,True,Hard bound violation (synthetic),100000.0,157.31,155.0,97.0,11.4,12.5,1,0,0,0,0,0,0,0,0,1,0,1,1,1,1,0,0,0,0,1,-2.4492935982947064e-16,1.0,-0.2393156642875578,0.970941817426052,1,2152.64,338631.35,338631.35,338631.35,338631.35,338631.35,338631.35,338631.35,338631.35,0.0,338631.35,0.0,338631.35,0.0,338631.35,0.0,338631.35,338631.35,338631.35,338631.35,0.0,0.0,0.0,0.0,0.0,0.0,,12.732670284578193,1.0,0,0,0.0,303977.87,205,2013,4
Wheat,2013-12-16,338631.35,NGN,NGN/MT,Historical (World Bank Pink Sheet × FX),wholesale,National,,,0.65,False,Synthetic: World Bank wheat USD × NGN/USD FX + Nigeria import premium (calibrated),Synthetic (World Bank/FAO × FX),historical,True,Hard bound violation (synthetic),100000.0,157.31,155.0,97.0,11.4,12.5,1,0,0,0,0,0,0,0,0,1,0,1,1,1,1,0,0,0,0,1,-2.4492935982947064e-16,1.0,-0.1205366802553236,0.992708874098054,1,2152.64,338631.35,338631.35,338631.35,338631.35,338631.35,338631.35,338631.35,338631.35,0.0,338631.35,0.0,338631.35,0.0,338631.35,0.0,338631.35,338631.35,338631.35,338631.35,0.0,0.0,0.0,0.0,0.0,0.0,,12.732670284578193,1.0,0,0,0.0,303977.87,206,2013,4
Wheat,2013-12-23,338631.35,NGN,NGN/MT,Historical (World Bank Pink Sheet × FX),wholesale,National,,,0.65,False,Synthetic: World Bank wheat USD × NGN/USD FX + Nigeria import premium (calibrated),Synthetic (World Bank/FAO × FX),historical,True,Hard bound violation (synthetic),100000.0,157.31,155.0,97.0,11.4,12.5,1,0,0,0,0,0,0,0,0,1,0,1,1,1,1,0,0,0,0,1,-2.4492935982947064e-16,1.0,6.432490598706546e-16,1.0,1,2152.64,338631.35,338631.35,338631.35,338631.35,338631.35,338631.35,338631.35,338631.35,0.0,338631.35,0.0,338631.35,0.0,338631.35,0.0,338631.35,338631.35,338631.35,338631.35,0.0,0.0,0.0,0.0,0.0,0.0,,12.732670284578193,1.0,0,0,0.0,303977.87,207,2013,4
Wheat,2013-12-30,338631.35,NGN,NGN/MT,Historical (World Bank Pink Sheet × FX),wholesale,National,,,0.65,False,Synthetic: World Bank wheat USD × NGN/USD FX + Nigeria import premium (calibrated),Synthetic (World Bank/FAO × FX),historical,True,Hard bound violation (synthetic),100000.0,157.31,155.0,97.0,11.4,12.5,1,0,0,0,0,0,0,0,0,1,0,1,1,1,1,0,0,0,0,1,-2.4492935982947064e-16,1.0,0.120536680255323,0.992708874098054,1,2152.64,338631.35,338631.35,338631.35,338631.35,338631.35,338631.35,338631.35,338631.35,0.0,338631.35,0.0,338631.35,0.0,338631.35,0.0,338631.35,338631.35,338631.35,338631.35,0.0,0.0,0.0,0.0,0.0,0.0,,12.732670284578193,1.0,0,0,0.0,303977.87,208,2013,4
Wheat,2014-01-06,338631.35,NGN,NGN/MT,Historical (World Bank Pink Sheet × FX),wholesale,National,,,0.65,False,Synthetic: World Bank wheat USD × NGN/USD FX + Nigeria import premium (calibrated),Synthetic (World Bank/FAO × FX),historical,True,Hard bound violation (synthetic),100000.0,158.55,155.0,97.0,11.4,12.5,1,0,0,0,0,0,0,0,0,1,0,0,1,0,0,0,0,0,0,1,0.4999999999999999,0.8660254037844387,0.2393156642875577,0.970941817426052,1,2135.8,338631.35,338631.35,338631.35,338631.35,338631.35,338631.35,338631.35,338631.35,0.0,338631.35,0.0,338631.35,0.0,338631.35,0.0,338631.35,338631.35,338631.35,338631.35,0.0,0.0,0.0,0.0,0.0,0.0,,12.732670284578193,1.0,0,0,0.0,303977.87,209,2014,1
Wheat,2014-01-13,338631.35,NGN,NGN/MT,Historical (World Bank Pink Sheet × FX),wholesale,National,,,0.65,False,Synthetic: World Bank wheat USD × NGN/USD FX + Nigeria import premium (calibrated),Synthetic (World Bank/FAO × FX),historical,True,Hard bound violation (synthetic),100000.0,158.55,155.0,97.0,11.4,12.5,1,0,0,0,0,0,0,0,0,1,0,0,1,0,0,0,0,0,0,1,0.4999999999999999,0.8660254037844387,0.3546048870425356,0.9350162426854148,1,2135.8,338631.35,338631.35,338631.35,338631.35,338631.35,338631.35,338631.35,338631.35,0.0,338631.35,0.0,338631.35,0.0,338631.35,0.0,338631.35,338631.35,338631.35,338631.35,0.0,0.0,0.0,0.0,0.0,0.0,,12.732670284578193,1.0,0,0,0.0,303977.87,210,2014,1
Wheat,2014-01-20,338631.35,NGN,NGN/MT,Historical (World Bank Pink Sheet × FX),wholesale,National,,,0.65,False,Synthetic: World Bank wheat USD × NGN/USD FX + Nigeria import premium (calibrated),Synthetic (World Bank/FAO × FX),historical,True,Hard bound violation (synthetic),100000.0,158.55,155.0,97.0,11.4,12.5,1,0,0,0,0,0,0,0,0,1,0,0,1,0,0,0,0,0,0,1,0.4999999999999999,0.8660254037844387,0.4647231720437685,0.8854560256532099,1,2135.8,338631.35,338631.35,338631.35,338631.35,338631.35,338631.35,338631.35,338631.35,0.0,338631.35,0.0,338631.35,0.0,338631.35,0.0,338631.35,338631.35,338631.35,338631.35,0.0,0.0,0.0,0.0,0.0,0.0,,12.732670284578193,1.0,0,0,0.0,303977.87,211,2014,1
Wheat,2014-01-27,338631.35,NGN,NGN/MT,Historical (World Bank Pink Sheet × FX),wholesale,National,,,0.65,False,Synthetic: World Bank wheat USD × NGN/USD FX + Nigeria import premium (calibrated),Synthetic (World Bank/FAO × FX),historical,True,Hard bound violation (synthetic),100000.0,158.55,155.0,97.0,11.4,12.5,1,0,0,0,0,0,0,0,0,1,0,0,1,0,0,0,0,0,0,1,0.4999999999999999,0.8660254037844387,0.5680647467311558,0.8229838658936564,1,2135.8,338631.35,338631.35,338631.35,338631.35,338631.35,338631.35,338631.35,338631.35,0.0,338631.35,0.0,338631.35,0.0,338631.35,0.0,338631.35,338631.35,338631.35,338631.35,0.0,0.0,0.0,0.0,0.0,0.0,,12.732670284578193,1.0,0,0,0.0,303977.87,212,2014,1
Wheat,2014-02-03,338631.35,NGN,NGN/MT,Historical (World Bank Pink Sheet × FX),wholesale,National,,,0.65,False,Synthetic: World Bank wheat USD × NGN/USD FX + Nigeria import premium (calibrated),Synthetic (World Bank/FAO × FX),historical,True,Hard bound violation (synthetic),100000.0,158.55,155.0,97.0,11.4,12.5,1,0,0,0,0,0,0,0,1,1,0,0,1,0,0,0,0,0,0,0,0.8660254037844386,0.5000000000000001,0.6631226582407952,0.7485107481711011,1,2135.8,338631.35,338631.35,338631.35,338631.35,338631.35,338631.35,338631.35,338631.35,0.0,338631.35,0.0,338631.35,0.0,338631.35,0.0,338631.35,338631.35,338631.35,338631.35,0.0,0.0,0.0,0.0,0.0,0.0,,12.732670284578193,1.0,0,0,0.0,303977.87,213,2014,1
Wheat,2014-02-10,338631.35,NGN,NGN/MT,Historical (World Bank Pink Sheet × FX),wholesale,National,,,0.65,False,Synthetic: World Bank wheat USD × NGN/USD FX + Nigeria import premium (calibrated),Synthetic (World Bank/FAO × FX),historical,True,Hard bound violation (synthetic),100000.0,158.55,155.0,97.0,11.4,12.5,1,0,0,0,0,0,0,0,1,1,0,0,1,0,0,0,0,0,0,0,0.8660254037844386,0.5000000000000001,0.7485107481711011,0.6631226582407953,1,2135.8,338631.35,338631.35,338631.35,338631.35,338631.35,338631.35,338631.35,338631.35,0.0,338631.35,0.0,338631.35,0.0,338631.35,0.0,338631.35,338631.35,338631.35,338631.35,0.0,0.0,0.0,0.0,0.0,0.0,,12.732670284578193,1.0,0,0,0.0,303977.87,214,2014,1
Wheat,2014-02-17,338631.35,NGN,NGN/MT,Historical (World Bank Pink Sheet × FX),wholesale,National,,,0.65,False,Synthetic: World Bank wheat USD × NGN/USD FX + Nigeria import premium (calibrated),Synthetic (World Bank/FAO × FX),historical,True,Hard bound violation (synthetic),100000.0,158.55,155.0,97.0,11.4,12.5,1,0,0,0,0,0,0,0,1,1,0,0,1,0,0,0,0,0,0,0,0.8660254037844386,0.5000000000000001,0.8229838658936564,0.5680647467311559,1,2135.8,338631.35,338631.35,338631.35,338631.35,338631.35,338631.35,338631.35,338631.35,0.0,338631.35,0.0,338631.35,0.0,338631.35,0.0,338631.35,338631.35,338631.35,338631.35,0.0,0.0,0.0,0.0,0.0,0.0,,12.732670284578193,1.0,0,0,0.0,303977.87,215,2014,1
Wheat,2014-02-24,338631.35,NGN,NGN/MT,Historical (World Bank Pink Sheet × FX),wholesale,National,,,0.65,False,Synthetic: World Bank wheat USD × NGN/USD FX + Nigeria import premium (calibrated),Synthetic (World Bank/FAO × FX),historical,True,Hard bound violation (synthetic),100000.0,158.55,155.0,97.0,11.4,12.5,1,0,0,0,0,0,0,0,1,1,0,0,1,0,0,0,0,0,0,0,0.8660254037844386,0.5000000000000001,0.8854560256532099,0.4647231720437686,1,2135.8,338631.35,338631.35,338631.35,338631.35,338631.35,338631.35,338631.35,338631.35,0.0,338631.35,0.0,338631.35,0.0,338631.35,0.0,338631.35,338631.35,338631.35,338631.35,0.0,0.0,0.0,0.0,0.0,0.0,,12.732670284578193,1.0,0,0,0.0,303977.87,216,2014,1
Wheat,2014-03-03,338631.35,NGN,NGN/MT,Historical (World Bank Pink Sheet × FX),wholesale,National,,,0.65,False,Synthetic: World Bank wheat USD × NGN/USD FX + Nigeria import premium (calibrated),Synthetic (World Bank/FAO × FX),historical,True,Hard bound violation (synthetic),100000.0,158.55,155.0,97.0,11.4,12.5,1,0,0,1,0,0,0,0,1,1,0,0,0,0,0,0,0,0,0,0,1.0,6.123233995736766e-17,0.9350162426854148,0.3546048870425355,0,2135.8,338631.35,338631.35,338631.35,338631.35,338631.35,338631.35,338631.35,338631.35,0.0,338631.35,0.0,338631.35,0.0,338631.35,0.0,338631.35,338631.35,338631.35,338631.35,0.0,0.0,0.0,0.0,0.0,0.0,,12.732670284578193,1.0,0,0,0.0,303977.87,217,2014,1
Wheat,2014-03-10,338631.35,NGN,NGN/MT,Historical (World Bank Pink Sheet × FX),wholesale,National,,,0.65,False,Synthetic: World Bank wheat USD × NGN/USD FX + Nigeria import premium (calibrated),Synthetic (World Bank/FAO × FX),historical,True,Hard bound violation (synthetic),100000.0,158.55,155.0,97.0,11.4,12.5,1,0,0,1,0,0,0,0,1,1,0,0,0,0,0,0,0,0,0,0,1.0,6.123233995736766e-17,0.970941817426052,0.239315664287558,0,2135.8,338631.35,338631.35,338631.35,338631.35,338631.35,338631.35,338631.35,338631.35,0.0,338631.35,0.0,338631.35,0.0,338631.35,0.0,338631.35,338631.35,338631.35,338631.35,0.0,0.0,0.0,0.0,0.0,0.0,,12.732670284578193,1.0,0,0,0.0,303977.87,218,2014,1
Wheat,2014-03-17,338631.35,NGN,NGN/MT,Historical (World Bank Pink Sheet × FX),wholesale,National,,,0.65,False,Synthetic: World Bank wheat USD × NGN/USD FX + Nigeria import premium (calibrated),Synthetic (World Bank/FAO × FX),historical,True,Hard bound violation (synthetic),100000.0,158.55,155.0,97.0,11.4,12.5,1,0,0,1,0,0,0,0,1,1,0,0,0,0,0,0,0,0,0,0,1.0,6.123233995736766e-17,0.992708874098054,0.120536680255323,0,2135.8,338631.35,338631.35,338631.35,338631.35,338631.35,338631.35,338631.35,338631.35,0.0,338631.35,0.0,338631.35,0.0,338631.35,0.0,338631.35,338631.35,338631.35,338631.35,0.0,0.0,0.0,0.0,0.0,0.0,,12.732670284578193,1.0,0,0,0.0,303977.87,219,2014,1
Wheat,2014-03-24,338631.35,NGN,NGN/MT,Historical (World Bank Pink Sheet × FX),wholesale,National,,,0.65,False,Synthetic: World Bank wheat USD × NGN/USD FX + Nigeria import premium (calibrated),Synthetic (World Bank/FAO × FX),historical,True,Hard bound violation (synthetic),100000.0,158.55,155.0,97.0,11.4,12.5,1,0,0,1,0,0,0,0,1,1,0,0,0,0,0,0,0,0,0,0,1.0,6.123233995736766e-17,1.0,-1.6081226496766364e-16,0,2135.8,338631.35,338631.35,338631.35,338631.35,338631.35,338631.35,338631.35,338631.35,0.0,338631.35,0.0,338631.35,0.0,338631.35,0.0,338631.35,338631.35,338631.35,338631.35,0.0,0.0,0.0,0.0,0.0,0.0,,12.732670284578193,1.0,0,0,0.0,303977.87,220,2014,1
Wheat,2014-03-31,338631.35,NGN,NGN/MT,Historical (World Bank Pink Sheet × FX),wholesale,National,,,0.65,False,Synthetic: World Bank wheat USD × NGN/USD FX + Nigeria import premium (calibrated),Synthetic (World Bank/FAO × FX),historical,True,Hard bound violation (synthetic),100000.0,158.55,155.0,97.0,11.4,12.5,1,0,0,1,0,0,0,0,1,1,0,0,0,0,0,0,0,0,0,0,1.0,6.123233995736766e-17,0.992708874098054,-0.1205366802553228,0,2135.8,338631.35,338631.35,338631.35,338631.35,338631.35,338631.35,338631.35,338631.35,0.0,338631.35,0.0,338631.35,0.0,338631.35,0.0,338631.35,338631.35,338631.35,338631.35,0.0,0.0,0.0,0.0,0.0,0.0,,12.732670284578193,1.0,0,0,0.0,303977.87,221,2014,1
Wheat,2014-04-07,338631.35,NGN,NGN/MT,Historical (World Bank Pink Sheet × FX),wholesale,National,,,0.65,False,Synthetic: World Bank wheat USD × NGN/USD FX + Nigeria import premium (calibrated),Synthetic (World Bank/FAO × FX),historical,True,Hard bound violation (synthetic),100000.0,158.55,155.0,97.0,11.4,12.5,0,1,1,1,0,0,0,0,1,0,0,0,0,0,0,0,0,0,0,0,0.8660254037844387,-0.4999999999999998,0.970941817426052,-0.2393156642875575,0,2135.8,338631.35,338631.35,338631.35,338631.35,338631.35,338631.35,338631.35,338631.35,0.0,338631.35,0.0,338631.35,0.0,338631.35,0.0,338631.35,338631.35,338631.35,338631.35,0.0,0.0,0.0,0.0,0.0,0.0,,12.732670284578193,1.0,0,0,0.5,303977.87,222,2014,2
Wheat,2014-04-14,338631.35,NGN,NGN/MT,Historical (World Bank Pink Sheet × FX),wholesale,National,,,0.65,False,Synthetic: World Bank wheat USD × NGN/USD FX + Nigeria import premium (calibrated),Synthetic (World Bank/FAO × FX),historical,True,Hard bound violation (synthetic),100000.0,158.55,155.0,97.0,11.4,12.5,0,1,1,1,0,0,0,0,1,0,0,0,0,0,0,0,0,0,0,0,0.8660254037844387,-0.4999999999999998,0.9350162426854148,-0.3546048870425354,0,2135.8,338631.35,338631.35,338631.35,338631.35,338631.35,338631.35,338631.35,338631.35,0.0,338631.35,0.0,338631.35,0.0,338631.35,0.0,338631.35,338631.35,338631.35,338631.35,0.0,0.0,0.0,0.0,0.0,0.0,,12.732670284578193,1.0,0,0,0.5,303977.87,223,2014,2
Wheat,2014-04-21,338631.35,NGN,NGN/MT,Historical (World Bank Pink Sheet × FX),wholesale,National,,,0.65,False,Synthetic: World Bank wheat USD × NGN/USD FX + Nigeria import premium (calibrated),Synthetic (World Bank/FAO × FX),historical,True,Hard bound violation (synthetic),100000.0,158.55,155.0,97.0,11.4,12.5,0,1,1,1,0,0,0,0,1,0,0,0,0,0,0,0,0,0,0,0,0.8660254037844387,-0.4999999999999998,0.8854560256532099,-0.4647231720437685,0,2135.8,338631.35,338631.35,338631.35,338631.35,338631.35,338631.35,338631.35,338631.35,0.0,338631.35,0.0,338631.35,0.0,338631.35,0.0,338631.35,338631.35,338631.35,338631.35,0.0,0.0,0.0,0.0,0.0,0.0,,12.732670284578193,1.0,0,0,0.5,303977.87,224,2014,2
Wheat,2014-04-28,338631.35,NGN,NGN/MT,Historical (World Bank Pink Sheet × FX),wholesale,National,,,0.65,False,Synthetic: World Bank wheat USD × NGN/USD FX + Nigeria import premium (calibrated),Synthetic (World Bank/FAO × FX),historical,True,Hard bound violation (synthetic),100000.0,158.55,155.0,97.0,11.4,12.5,0,1,1,1,0,0,0,0,1,0,0,0,0,0,0,0,0,0,0,0,0.8660254037844387,-0.4999999999999998,0.8229838658936565,-0.5680647467311557,0,2135.8,338631.35,338631.35,338631.35,338631.35,338631.35,338631.35,338631.35,338631.35,0.0,338631.35,0.0,338631.35,0.0,338631.35,0.0,338631.35,338631.35,338631.35,338631.35,0.0,0.0,0.0,0.0,0.0,0.0,,12.732670284578193,1.0,0,0,0.5,303977.87,225,2014,2
Wheat,2014-05-05,338631.35,NGN,NGN/MT,Historical (World Bank Pink Sheet × FX),wholesale,National,,,0.65,False,Synthetic: World Bank wheat USD × NGN/USD FX + Nigeria import premium (calibrated),Synthetic (World Bank/FAO × FX),historical,True,Hard bound violation (synthetic),100000.0,158.55,155.0,97.0,11.4,12.5,0,1,1,1,0,0,0,0,1,0,1,0,0,0,0,0,0,0,0,0,0.4999999999999999,-0.8660254037844387,0.7485107481711013,-0.663122658240795,0,2135.8,338631.35,338631.35,338631.35,338631.35,338631.35,338631.35,338631.35,338631.35,0.0,338631.35,0.0,338631.35,0.0,338631.35,0.0,338631.35,338631.35,338631.35,338631.35,0.0,0.0,0.0,0.0,0.0,0.0,,12.732670284578193,1.0,0,0,0.5,303977.87,226,2014,2
Wheat,2014-05-12,338631.35,NGN,NGN/MT,Historical (World Bank Pink Sheet × FX),wholesale,National,,,0.65,False,Synthetic: World Bank wheat USD × NGN/USD FX + Nigeria import premium (calibrated),Synthetic (World Bank/FAO × FX),historical,True,Hard bound violation (synthetic),100000.0,158.55,155.0,97.0,11.4,12.5,0,1,1,1,0,0,0,0,1,0,1,0,0,0,0,0,0,0,0,0,0.4999999999999999,-0.8660254037844387,0.6631226582407952,-0.7485107481711012,0,2135.8,338631.35,338631.35,338631.35,338631.35,338631.35,338631.35,338631.35,338631.35,0.0,338631.35,0.0,338631.35,0.0,338631.35,0.0,338631.35,338631.35,338631.35,338631.35,0.0,0.0,0.0,0.0,0.0,0.0,,12.732670284578193,1.0,0,0,0.5,303977.87,227,2014,2
Wheat,2014-05-19,338631.35,NGN,NGN/MT,Historical (World Bank Pink Sheet × FX),wholesale,National,,,0.65,False,Synthetic: World Bank wheat USD × NGN/USD FX + Nigeria import premium (calibrated),Synthetic (World Bank/FAO × FX),historical,True,Hard bound violation (synthetic),100000.0,158.55,155.0,97.0,11.4,12.5,0,1,1,1,0,0,0,0,1,0,1,0,0,0,0,0,0,0,0,0,0.4999999999999999,-0.8660254037844387,0.5680647467311558,-0.8229838658936564,0,2135.8,338631.35,338631.35,338631.35,338631.35,338631.35,338631.35,338631.35,338631.35,0.0,338631.35,0.0,338631.35,0.0,338631.35,0.0,338631.35,338631.35,338631.35,338631.35,0.0,0.0,0.0,0.0,0.0,0.0,,12.732670284578193,1.0,0,0,0.5,303977.87,228,2014,2
Wheat,2014-05-26,338631.35,NGN,NGN/MT,Historical (World Bank Pink Sheet × FX),wholesale,National,,,0.65,False,Synthetic: World Bank wheat USD × NGN/USD FX + Nigeria import premium (calibrated),Synthetic (World Bank/FAO × FX),historical,True,Hard bound violation (synthetic),100000.0,158.55,155.0,97.0,11.4,12.5,0,1,1,1,0,0,0,0,1,0,1,0,0,0,0,0,0,0,0,0,0.4999999999999999,-0.8660254037844387,0.464723172043769,-0.8854560256532096,0,2135.8,338631.35,338631.35,338631.35,338631.35,338631.35,338631.35,338631.35,338631.35,0.0,338631.35,0.0,338631.35,0.0,338631.35,0.0,338631.35,338631.35,338631.35,338631.35,0.0,0.0,0.0,0.0,0.0,0.0,,12.732670284578193,1.0,0,0,0.5,303977.87,229,2014,2
Wheat,2014-06-02,338631.35,NGN,NGN/MT,Historical (World Bank Pink Sheet × FX),wholesale,National,,,0.65,False,Synthetic: World Bank wheat USD × NGN/USD FX + Nigeria import premium (calibrated),Synthetic (World Bank/FAO × FX),historical,True,Hard bound violation (synthetic),100000.0,158.55,155.0,97.0,11.4,12.5,0,1,1,0,0,0,0,1,0,0,1,0,0,0,0,0,0,0,1,0,1.2246467991473532e-16,-1.0,0.3546048870425358,-0.9350162426854148,0,2135.8,338631.35,338631.35,338631.35,338631.35,338631.35,338631.35,338631.35,338631.35,0.0,338631.35,0.0,338631.35,0.0,338631.35,0.0,338631.35,338631.35,338631.35,338631.35,0.0,0.0,0.0,0.0,0.0,0.0,,12.732670284578193,1.0,0,0,0.5,303977.87,230,2014,2
Wheat,2014-06-09,338631.35,NGN,NGN/MT,Historical (World Bank Pink Sheet × FX),wholesale,National,,,0.65,False,Synthetic: World Bank wheat USD × NGN/USD FX + Nigeria import premium (calibrated),Synthetic (World Bank/FAO × FX),historical,True,Hard bound violation (synthetic),100000.0,158.55,155.0,97.0,11.4,12.5,0,1,1,0,0,0,0,1,0,0,1,0,0,0,0,0,0,0,1,0,1.2246467991473532e-16,-1.0,0.2393156642875576,-0.970941817426052,0,2135.8,338631.35,338631.35,338631.35,338631.35,338631.35,338631.35,338631.35,338631.35,0.0,338631.35,0.0,338631.35,0.0,338631.35,0.0,338631.35,338631.35,338631.35,338631.35,0.0,0.0,0.0,0.0,0.0,0.0,,12.732670284578193,1.0,0,0,0.5,303977.87,231,2014,2
Wheat,2014-06-16,338631.35,NGN,NGN/MT,Historical (World Bank Pink Sheet × FX),wholesale,National,,,0.65,False,Synthetic: World Bank wheat USD × NGN/USD FX + Nigeria import premium (calibrated),Synthetic (World Bank/FAO × FX),historical,True,Hard bound violation (synthetic),100000.0,158.55,155.0,97.0,11.4,12.5,0,1,1,0,0,0,0,1,0,0,1,0,0,0,0,0,0,0,1,0,1.2246467991473532e-16,-1.0,0.120536680255323,-0.992708874098054,0,2135.8,338631.35,338631.35,338631.35,338631.35,338631.35,338631.35,338631.35,338631.35,0.0,338631.35,0.0,338631.35,0.0,338631.35,0.0,338631.35,338631.35,338631.35,338631.35,0.0,0.0,0.0,0.0,0.0,0.0,,12.732670284578193,1.0,0,0,0.5,303977.87,232,2014,2
Wheat,2014-06-23,338631.35,NGN,NGN/MT,Historical (World Bank Pink Sheet × FX),wholesale,National,,,0.65,False,Synthetic: World Bank wheat USD × NGN/USD FX + Nigeria import premium (calibrated),Synthetic (World Bank/FAO × FX),historical,True,Hard bound violation (synthetic),100000.0,158.55,155.0,97.0,11.4,12.5,0,1,1,0,0,0,0,1,0,0,1,0,0,0,0,0,0,0,1,0,1.2246467991473532e-16,-1.0,-3.216245299353273e-16,-1.0,0,2135.8,338631.35,338631.35,338631.35,338631.35,338631.35,338631.35,338631.35,338631.35,0.0,338631.35,0.0,338631.35,0.0,338631.35,0.0,338631.35,338631.35,338631.35,338631.35,0.0,0.0,0.0,0.0,0.0,0.0,,12.732670284578193,1.0,0,0,0.5,303977.87,233,2014,2
Wheat,2014-06-30,338631.35,NGN,NGN/MT,Historical (World Bank Pink Sheet × FX),wholesale,National,,,0.65,False,Synthetic: World Bank wheat USD × NGN/USD FX + Nigeria import premium (calibrated),Synthetic (World Bank/FAO × FX),historical,True,Hard bound violation (synthetic),100000.0,158.55,155.0,97.0,11.4,12.5,0,1,1,0,0,0,0,1,0,0,1,0,0,0,0,0,0,1,1,0,1.2246467991473532e-16,-1.0,-0.1205366802553228,-0.992708874098054,0,2135.8,338631.35,338631.35,338631.35,338631.35,338631.35,338631.35,338631.35,338631.35,0.0,338631.35,0.0,338631.35,0.0,338631.35,0.0,338631.35,338631.35,338631.35,338631.35,0.0,0.0,0.0,0.0,0.0,0.0,,12.732670284578193,1.0,0,0,0.5,303977.87,234,2014,2
Wheat,2014-07-07,338631.35,NGN,NGN/MT,Historical (World Bank Pink Sheet × FX),wholesale,National,,,0.65,False,Synthetic: World Bank wheat USD × NGN/USD FX + Nigeria import premium (calibrated),Synthetic (World Bank/FAO × FX),historical,True,Hard bound violation (synthetic),100000.0,158.55,155.0,97.0,11.4,12.5,0,1,1,0,0,0,1,1,0,0,1,0,0,0,0,0,0,1,1,0,-0.4999999999999997,-0.8660254037844388,-0.2393156642875574,-0.970941817426052,0,2135.8,338631.35,338631.35,338631.35,338631.35,338631.35,338631.35,338631.35,338631.35,0.0,338631.35,0.0,338631.35,0.0,338631.35,0.0,338631.35,338631.35,338631.35,338631.35,0.0,0.0,0.0,0.0,0.0,0.0,,12.732670284578193,1.0,0,0,0.5,303977.87,235,2014,3
Wheat,2014-07-14,338631.35,NGN,NGN/MT,Historical (World Bank Pink Sheet × FX),wholesale,National,,,0.65,False,Synthetic: World Bank wheat USD × NGN/USD FX + Nigeria import premium (calibrated),Synthetic (World Bank/FAO × FX),historical,True,Hard bound violation (synthetic),100000.0,158.55,160.55555555555554,99.72222222222224,11.4,12.5,0,1,1,0,0,0,1,1,0,0,1,0,0,0,0,0,0,1,1,0,-0.4999999999999997,-0.8660254037844388,-0.3546048870425356,-0.9350162426854148,0,2135.8,338631.35,338631.35,338631.35,338631.35,338631.35,338631.35,338631.35,338631.35,0.0,338631.35,0.0,338631.35,0.0,338631.35,0.0,338631.35,338631.35,338631.35,338631.35,0.0,0.0,0.0,0.0,0.0,0.0,,12.732670284578193,1.034,0,0,0.5,303977.87,236,2014,3
Wheat,2014-07-21,338631.35,NGN,NGN/MT,Historical (World Bank Pink Sheet × FX),wholesale,National,,,0.65,False,Synthetic: World Bank wheat USD × NGN/USD FX + Nigeria import premium (calibrated),Synthetic (World Bank/FAO × FX),historical,True,Hard bound violation (synthetic),100000.0,158.55,160.55555555555554,99.72222222222224,11.4,12.5,0,1,1,0,0,0,1,1,0,0,1,0,0,0,0,0,0,1,1,0,-0.4999999999999997,-0.8660254037844388,-0.464723172043768,-0.8854560256532101,0,2135.8,338631.35,338631.35,338631.35,338631.35,338631.35,338631.35,338631.35,338631.35,0.0,338631.35,0.0,338631.35,0.0,338631.35,0.0,338631.35,338631.35,338631.35,338631.35,0.0,0.0,0.0,0.0,0.0,0.0,,12.732670284578193,1.034,0,0,0.5,303977.87,237,2014,3
Wheat,2014-07-28,338631.35,NGN,NGN/MT,Historical (World Bank Pink Sheet × FX),wholesale,National,,,0.65,False,Synthetic: World Bank wheat USD × NGN/USD FX + Nigeria import premium (calibrated),Synthetic (World Bank/FAO × FX),historical,True,Hard bound violation (synthetic),100000.0,158.55,160.55555555555554,99.72222222222224,11.4,12.5,0,1,1,0,0,0,1,1,0,0,1,0,0,0,0,0,0,1,1,0,-0.4999999999999997,-0.8660254037844388,-0.5680647467311556,-0.8229838658936565,0,2135.8,338631.35,338631.35,338631.35,338631.35,338631.35,338631.35,338631.35,338631.35,0.0,338631.35,0.0,338631.35,0.0,338631.35,0.0,338631.35,338631.35,338631.35,338631.35,0.0,0.0,0.0,0.0,0.0,0.0,,12.732670284578193,1.034,0,0,0.5,303977.87,238,2014,3
Wheat,2014-08-04,338631.35,NGN,NGN/MT,Historical (World Bank Pink Sheet × FX),wholesale,National,,,0.65,False,Synthetic: World Bank wheat USD × NGN/USD FX + Nigeria import premium (calibrated),Synthetic (World Bank/FAO × FX),historical,True,Hard bound violation (synthetic),100000.0,158.55,160.55555555555554,99.72222222222224,11.4,12.5,0,1,0,0,1,0,1,1,0,0,1,0,0,0,0,1,0,0,1,0,-0.8660254037844384,-0.5000000000000004,-0.663122658240795,-0.7485107481711013,0,2135.8,338631.35,338631.35,338631.35,338631.35,338631.35,338631.35,338631.35,338631.35,0.0,338631.35,0.0,338631.35,0.0,338631.35,0.0,338631.35,338631.35,338631.35,338631.35,0.0,0.0,0.0,0.0,0.0,0.0,,12.732670284578193,1.034,0,0,0.0,303977.87,239,2014,3
Wheat,2014-08-11,338631.35,NGN,NGN/MT,Historical (World Bank Pink Sheet × FX),wholesale,National,,,0.65,False,Synthetic: World Bank wheat USD × NGN/USD FX + Nigeria import premium (calibrated),Synthetic (World Bank/FAO × FX),historical,True,Hard bound violation (synthetic),100000.0,158.55,159.29583333333332,100.1875,11.4,12.5,0,1,0,0,1,0,1,1,0,0,1,0,0,0,0,1,0,0,1,0,-0.8660254037844384,-0.5000000000000004,-0.7485107481711011,-0.6631226582407952,0,2135.8,338631.35,338631.35,338631.35,338631.35,338631.35,338631.35,338631.35,338631.35,0.0,338631.35,0.0,338631.35,0.0,338631.35,0.0,338631.35,338631.35,338631.35,338631.35,0.0,0.0,0.0,0.0,0.0,0.0,,12.732670284578193,1.029,0,0,0.0,303977.87,240,2014,3
Wheat,2014-08-18,338631.35,NGN,NGN/MT,Historical (World Bank Pink Sheet × FX),wholesale,National,,,0.65,False,Synthetic: World Bank wheat USD × NGN/USD FX + Nigeria import premium (calibrated),Synthetic (World Bank/FAO × FX),historical,True,Hard bound violation (synthetic),100000.0,158.55,159.29583333333332,100.1875,11.4,12.5,0,1,0,0,1,0,1,1,0,0,1,0,0,0,0,1,0,0,1,0,-0.8660254037844384,-0.5000000000000004,-0.8229838658936564,-0.5680647467311559,0,2135.8,338631.35,338631.35,338631.35,338631.35,338631.35,338631.35,338631.35,338631.35,0.0,338631.35,0.0,338631.35,0.0,338631.35,0.0,338631.35,338631.35,338631.35,338631.35,0.0,0.0,0.0,0.0,0.0,0.0,,12.732670284578193,1.029,0,0,0.0,303977.87,241,2014,3
Wheat,2014-08-25,338631.35,NGN,NGN/MT,Historical (World Bank Pink Sheet × FX),wholesale,National,,,0.65,False,Synthetic: World Bank wheat USD × NGN/USD FX + Nigeria import premium (calibrated),Synthetic (World Bank/FAO × FX),historical,True,Hard bound violation (synthetic),100000.0,158.55,159.29583333333332,100.1875,11.4,12.5,0,1,0,0,1,0,1,1,0,0,1,0,0,0,0,1,0,0,1,0,-0.8660254037844384,-0.5000000000000004,-0.8854560256532096,-0.4647231720437691,0,2135.8,338631.35,338631.35,338631.35,338631.35,338631.35,338631.35,338631.35,338631.35,0.0,338631.35,0.0,338631.35,0.0,338631.35,0.0,338631.35,338631.35,338631.35,338631.35,0.0,0.0,0.0,0.0,0.0,0.0,,12.732670284578193,1.029,0,0,0.0,303977.87,242,2014,3
Wheat,2014-09-01,338631.35,NGN,NGN/MT,Historical (World Bank Pink Sheet × FX),wholesale,National,,,0.65,False,Synthetic: World Bank wheat USD × NGN/USD FX + Nigeria import premium (calibrated),Synthetic (World Bank/FAO × FX),historical,True,Hard bound violation (synthetic),100000.0,158.55,159.29583333333332,100.1875,11.4,12.5,0,1,0,0,1,1,0,0,0,0,0,0,0,0,0,1,0,0,0,0,-1.0,-1.8369701987210287e-16,-0.9350162426854148,-0.3546048870425359,0,2135.8,338631.35,338631.35,338631.35,338631.35,338631.35,338631.35,338631.35,338631.35,0.0,338631.35,0.0,338631.35,0.0,338631.35,0.0,338631.35,338631.35,338631.35,338631.35,0.0,0.0,0.0,0.0,0.0,0.0,,12.732670284578193,1.029,0,0,0.5,303977.87,243,2014,3
Wheat,2014-09-08,338631.35,NGN,NGN/MT,Historical (World Bank Pink Sheet × FX),wholesale,National,,,0.65,False,Synthetic: World Bank wheat USD × NGN/USD FX + Nigeria import premium (calibrated),Synthetic (World Bank/FAO × FX),historical,True,Hard bound violation (synthetic),100000.0,158.55,159.29583333333332,100.1875,11.4,12.5,0,1,0,0,1,1,0,0,0,0,0,0,0,0,0,1,0,0,0,0,-1.0,-1.8369701987210287e-16,-0.970941817426052,-0.2393156642875577,0,2135.8,338631.35,338631.35,338631.35,338631.35,338631.35,338631.35,338631.35,338631.35,0.0,338631.35,0.0,338631.35,0.0,338631.35,0.0,338631.35,338631.35,338631.35,338631.35,0.0,0.0,0.0,0.0,0.0,0.0,,12.732670284578193,1.029,0,0,0.5,303977.87,244,2014,3
Wheat,2014-09-15,338631.35,NGN,NGN/MT,Historical (World Bank Pink Sheet × FX),wholesale,National,,,0.65,False,Synthetic: World Bank wheat USD × NGN/USD FX + Nigeria import premium (calibrated),Synthetic (World Bank/FAO × FX),historical,True,Hard bound violation (synthetic),100000.0,158.55,157.93333333333334,100.10083333333334,11.4,12.5,0,1,0,0,1,1,0,0,0,0,0,0,0,0,0,1,0,0,0,0,-1.0,-1.8369701987210287e-16,-0.992708874098054,-0.1205366802553235,0,2135.8,338631.35,338631.35,338631.35,338631.35,338631.35,338631.35,338631.35,338631.35,0.0,338631.35,0.0,338631.35,0.0,338631.35,0.0,338631.35,338631.35,338631.35,338631.35,0.0,0.0,0.0,0.0,0.0,0.0,,12.732670284578193,1.023,0,0,0.5,303977.87,245,2014,3
Wheat,2014-09-22,338631.35,NGN,NGN/MT,Historical (World Bank Pink Sheet × FX),wholesale,National,,,0.65,False,Synthetic: World Bank wheat USD × NGN/USD FX + Nigeria import premium (calibrated),Synthetic (World Bank/FAO × FX),historical,True,Hard bound violation (synthetic),100000.0,158.55,157.93333333333334,100.10083333333334,11.4,12.5,0,1,0,0,1,1,0,0,0,0,0,0,0,0,0,1,0,0,0,0,-1.0,-1.8369701987210287e-16,-1.0,-1.8369701987210287e-16,0,2135.8,338631.35,338631.35,338631.35,338631.35,338631.35,338631.35,338631.35,338631.35,0.0,338631.35,0.0,338631.35,0.0,338631.35,0.0,338631.35,338631.35,338631.35,338631.35,0.0,0.0,0.0,0.0,0.0,0.0,,12.732670284578193,1.023,0,0,0.5,303977.87,246,2014,3
Wheat,2014-09-29,338631.35,NGN,NGN/MT,Historical (World Bank Pink Sheet × FX),wholesale,National,,,0.65,False,Synthetic: World Bank wheat USD × NGN/USD FX + Nigeria import premium (calibrated),Synthetic (World Bank/FAO × FX),historical,True,Hard bound violation (synthetic),100000.0,158.55,157.93333333333334,100.10083333333334,11.4,12.5,0,1,0,0,1,1,0,0,0,0,0,0,0,0,0,1,0,0,0,0,-1.0,-1.8369701987210287e-16,-0.992708874098054,0.1205366802553232,0,2135.8,338631.35,338631.35,338631.35,338631.35,338631.35,338631.35,338631.35,338631.35,0.0,338631.35,0.0,338631.35,0.0,338631.35,0.0,338631.35,338631.35,338631.35,338631.35,0.0,0.0,0.0,0.0,0.0,0.0,,12.732670284578193,1.023,0,0,0.5,303977.87,247,2014,3
Wheat,2014-10-06,338631.35,NGN,NGN/MT,Historical (World Bank Pink Sheet × FX),wholesale,National,,,0.65,False,Synthetic: World Bank wheat USD × NGN/USD FX + Nigeria import premium (calibrated),Synthetic (World Bank/FAO × FX),historical,True,Hard bound violation (synthetic),100000.0,158.55,157.93333333333334,100.10083333333334,11.4,12.5,0,1,0,0,0,1,0,0,0,1,0,1,0,1,1,1,1,0,0,0,-0.8660254037844386,0.5000000000000001,-0.970941817426052,0.2393156642875573,0,2135.8,338631.35,338631.35,338631.35,338631.35,338631.35,338631.35,338631.35,338631.35,0.0,338631.35,0.0,338631.35,0.0,338631.35,0.0,338631.35,338631.35,338631.35,338631.35,0.0,0.0,0.0,0.0,0.0,0.0,,12.732670284578193,1.023,0,0,0.5,303977.87,248,2014,4
Wheat,2014-10-13,338631.35,NGN,NGN/MT,Historical (World Bank Pink Sheet × FX),wholesale,National,,,0.65,False,Synthetic: World Bank wheat USD × NGN/USD FX + Nigeria import premium (calibrated),Synthetic (World Bank/FAO × FX),historical,True,Hard bound violation (synthetic),100000.0,158.55,156.1875,101.07833333333332,11.4,12.5,0,1,0,0,0,1,0,0,0,1,0,1,0,1,1,1,1,0,0,0,-0.8660254037844386,0.5000000000000001,-0.9350162426854148,0.3546048870425355,0,2135.8,338631.35,338631.35,338631.35,338631.35,338631.35,338631.35,338631.35,338631.35,0.0,338631.35,0.0,338631.35,0.0,338631.35,0.0,338631.35,338631.35,338631.35,338631.35,0.0,0.0,0.0,0.0,0.0,0.0,,12.732670284578193,1.018,0,0,0.5,303977.87,249,2014,4
Wheat,2014-10-20,338631.35,NGN,NGN/MT,Historical (World Bank Pink Sheet × FX),wholesale,National,,,0.65,False,Synthetic: World Bank wheat USD × NGN/USD FX + Nigeria import premium (calibrated),Synthetic (World Bank/FAO × FX),historical,True,Hard bound violation (synthetic),100000.0,158.55,156.1875,101.07833333333332,11.4,12.5,0,1,0,0,0,1,0,0,0,1,0,1,0,1,1,1,1,0,0,0,-0.8660254037844386,0.5000000000000001,-0.8854560256532101,0.464723172043768,0,2135.8,338631.35,338631.35,338631.35,338631.35,338631.35,338631.35,338631.35,338631.35,0.0,338631.35,0.0,338631.35,0.0,338631.35,0.0,338631.35,338631.35,338631.35,338631.35,0.0,0.0,0.0,0.0,0.0,0.0,,12.732670284578193,1.018,0,0,0.5,303977.87,250,2014,4
Wheat,2014-10-27,338631.35,NGN,NGN/MT,Historical (World Bank Pink Sheet × FX),wholesale,National,,,0.65,False,Synthetic: World Bank wheat USD × NGN/USD FX + Nigeria import premium (calibrated),Synthetic (World Bank/FAO × FX),historical,True,Hard bound violation (synthetic),100000.0,158.55,156.1875,101.07833333333332,11.4,12.5,0,1,0,0,0,1,0,0,0,1,0,1,0,1,1,1,1,0,0,0,-0.8660254037844386,0.5000000000000001,-0.822983865893657,0.5680647467311548,0,2135.8,338631.35,338631.35,338631.35,338631.35,338631.35,338631.35,338631.35,338631.35,0.0,338631.35,0.0,338631.35,0.0,338631.35,0.0,338631.35,338631.35,338631.35,338631.35,0.0,0.0,0.0,0.0,0.0,0.0,,12.732670284578193,1.018,0,0,0.5,303977.87,251,2014,4
Wheat,2014-11-03,338631.35,NGN,NGN/MT,Historical (World Bank Pink Sheet × FX),wholesale,National,,,0.65,False,Synthetic: World Bank wheat USD × NGN/USD FX + Nigeria import premium (calibrated),Synthetic (World Bank/FAO × FX),historical,True,Hard bound violation (synthetic),100000.0,158.55,156.1875,101.07833333333332,11.4,12.5,1,0,0,0,0,1,0,0,0,1,0,1,1,1,1,0,1,0,0,0,-0.5000000000000004,0.8660254037844384,-0.7485107481711011,0.6631226582407952,1,2135.8,338631.35,338631.35,338631.35,338631.35,338631.35,338631.35,338631.35,338631.35,0.0,338631.35,0.0,338631.35,0.0,338631.35,0.0,338631.35,338631.35,338631.35,338631.35,0.0,0.0,0.0,0.0,0.0,0.0,,12.732670284578193,1.018,0,0,0.5,303977.87,252,2014,4
Wheat,2014-11-10,338631.35,NGN,NGN/MT,Historical (World Bank Pink Sheet × FX),wholesale,National,,,0.65,False,Synthetic: World Bank wheat USD × NGN/USD FX + Nigeria import premium (calibrated),Synthetic (World Bank/FAO × FX),historical,True,Hard bound violation (synthetic),100000.0,158.55,158.36363636363637,98.416,11.4,12.5,1,0,0,0,0,1,0,0,0,1,0,1,1,1,1,0,1,0,0,0,-0.5000000000000004,0.8660254037844384,-0.6631226582407955,0.7485107481711007,1,2135.8,338631.35,338631.35,338631.35,338631.35,338631.35,338631.35,338631.35,338631.35,0.0,338631.35,0.0,338631.35,0.0,338631.35,0.0,338631.35,338631.35,338631.35,338631.35,0.0,0.0,0.0,0.0,0.0,0.0,,12.732670284578193,1.02,0,0,0.5,303977.87,253,2014,4
Wheat,2014-11-17,338631.35,NGN,NGN/MT,Historical (World Bank Pink Sheet × FX),wholesale,National,,,0.65,False,Synthetic: World Bank wheat USD × NGN/USD FX + Nigeria import premium (calibrated),Synthetic (World Bank/FAO × FX),historical,True,Hard bound violation (synthetic),100000.0,158.55,158.36363636363637,98.416,11.4,12.5,1,0,0,0,0,1,0,0,0,1,0,1,1,1,1,0,1,0,0,0,-0.5000000000000004,0.8660254037844384,-0.5680647467311559,0.8229838658936564,1,2135.8,338631.35,338631.35,338631.35,338631.35,338631.35,338631.35,338631.35,338631.35,0.0,338631.35,0.0,338631.35,0.0,338631.35,0.0,338631.35,338631.35,338631.35,338631.35,0.0,0.0,0.0,0.0,0.0,0.0,,12.732670284578193,1.02,0,0,0.5,303977.87,254,2014,4
Wheat,2014-11-24,338631.35,NGN,NGN/MT,Historical (World Bank Pink Sheet × FX),wholesale,National,,,0.65,False,Synthetic: World Bank wheat USD × NGN/USD FX + Nigeria import premium (calibrated),Synthetic (World Bank/FAO × FX),historical,True,Hard bound violation (synthetic),100000.0,158.55,158.36363636363637,98.416,11.4,12.5,1,0,0,0,0,1,0,0,0,1,0,1,1,1,1,0,1,0,0,0,-0.5000000000000004,0.8660254037844384,-0.4647231720437684,0.88545602565321,1,2135.8,338631.35,338631.35,338631.35,338631.35,338631.35,338631.35,338631.35,338631.35,0.0,338631.35,0.0,338631.35,0.0,338631.35,0.0,338631.35,338631.35,338631.35,338631.35,0.0,0.0,0.0,0.0,0.0,0.0,,12.732670284578193,1.02,0,0,0.5,303977.87,255,2014,4
Wheat,2014-12-01,338631.35,NGN,NGN/MT,Historical (World Bank Pink Sheet × FX),wholesale,National,,,0.65,False,Synthetic: World Bank wheat USD × NGN/USD FX + Nigeria import premium (calibrated),Synthetic (World Bank/FAO × FX),historical,True,Hard bound violation (synthetic),100000.0,158.55,158.36363636363637,98.416,11.4,12.5,1,0,0,0,0,0,0,0,0,1,0,1,1,1,1,0,0,0,0,1,-2.4492935982947064e-16,1.0,-0.3546048870425359,0.9350162426854148,1,2135.8,338631.35,338631.35,338631.35,338631.35,338631.35,338631.35,338631.35,338631.35,0.0,338631.35,0.0,338631.35,0.0,338631.35,0.0,338631.35,338631.35,338631.35,338631.35,0.0,0.0,0.0,0.0,0.0,0.0,,12.732670284578193,1.02,0,0,0.0,303977.87,256,2014,4
Wheat,2014-12-08,338631.35,NGN,NGN/MT,Historical (World Bank Pink Sheet × FX),wholesale,National,,,0.65,False,Synthetic: World Bank wheat USD × NGN/USD FX + Nigeria import premium (calibrated),Synthetic (World Bank/FAO × FX),historical,True,Hard bound violation (synthetic),100000.0,158.55,158.36363636363637,98.416,11.4,12.5,1,0,0,0,0,0,0,0,0,1,0,1,1,1,1,0,0,0,0,1,-2.4492935982947064e-16,1.0,-0.2393156642875578,0.970941817426052,1,2135.8,338631.35,338631.35,338631.35,338631.35,338631.35,338631.35,338631.35,338631.35,0.0,338631.35,0.0,338631.35,0.0,338631.35,0.0,338631.35,338631.35,338631.35,338631.35,0.0,0.0,0.0,0.0,0.0,0.0,,12.732670284578193,1.02,0,0,0.0,303977.87,257,2014,4
Wheat,2014-12-15,338631.35,NGN,NGN/MT,Historical (World Bank Pink Sheet × FX),wholesale,National,,,0.65,False,Synthetic: World Bank wheat USD × NGN/USD FX + Nigeria import premium (calibrated),Synthetic (World Bank/FAO × FX),historical,True,Hard bound violation (synthetic),100000.0,158.55,156.575,103.53777777777778,11.4,12.5,1,0,0,0,0,0,0,0,0,1,0,1,1,1,1,0,0,0,0,1,-2.4492935982947064e-16,1.0,-0.1205366802553236,0.992708874098054,1,2135.8,338631.35,338631.35,338631.35,338631.35,338631.35,338631.35,338631.35,338631.35,0.0,338631.35,0.0,338631.35,0.0,338631.35,0.0,338631.35,338631.35,338631.35,338631.35,0.0,0.0,0.0,0.0,0.0,0.0,,12.732670284578193,1.027,0,0,0.0,303977.87,258,2014,4
Wheat,2014-12-22,338631.35,NGN,NGN/MT,Historical (World Bank Pink Sheet × FX),wholesale,National,,,0.65,False,Synthetic: World Bank wheat USD × NGN/USD FX + Nigeria import premium (calibrated),Synthetic (World Bank/FAO × FX),historical,True,Hard bound violation (synthetic),100000.0,158.55,156.575,103.53777777777778,11.4,12.5,1,0,0,0,0,0,0,0,0,1,0,1,1,1,1,0,0,0,0,1,-2.4492935982947064e-16,1.0,6.432490598706546e-16,1.0,1,2135.8,338631.35,338631.35,338631.35,338631.35,338631.35,338631.35,338631.35,338631.35,0.0,338631.35,0.0,338631.35,0.0,338631.35,0.0,338631.35,338631.35,338631.35,338631.35,0.0,0.0,0.0,0.0,0.0,0.0,,12.732670284578193,1.027,0,0,0.0,303977.87,259,2014,4
Wheat,2014-12-29,338631.35,NGN,NGN/MT,Historical (World Bank Pink Sheet × FX),wholesale,National,,,0.65,False,Synthetic: World Bank wheat USD × NGN/USD FX + Nigeria import premium (calibrated),Synthetic (World Bank/FAO × FX),historical,True,Hard bound violation (synthetic),100000.0,158.55,156.575,103.53777777777778,11.4,12.5,1,0,0,0,0,0,0,0,0,1,0,1,1,1,1,0,0,0,0,1,-2.4492935982947064e-16,1.0,0.120536680255323,0.992708874098054,1,2135.8,338631.35,338631.35,338631.35,338631.35,338631.35,338631.35,338631.35,338631.35,0.0,338631.35,0.0,338631.35,0.0,338631.35,0.0,338631.35,338631.35,338631.35,338631.35,0.0,0.0,0.0,0.0,0.0,0.0,,12.732670284578193,1.027,0,0,0.0,303977.87,260,2014,4
Wheat,2015-01-05,338631.35,NGN,NGN/MT,Historical (World Bank Pink Sheet × FX),wholesale,National,,,0.65,False,Synthetic: World Bank wheat USD × NGN/USD FX + Nigeria import premium (calibrated),Synthetic (World Bank/FAO × FX),historical,True,Hard bound violation (synthetic),100000.0,193.28,156.575,103.53777777777778,11.4,12.5,1,0,0,0,0,0,0,0,0,1,0,0,1,0,0,0,0,0,0,1,0.4999999999999999,0.8660254037844387,0.2393156642875577,0.970941817426052,1,1752.02,338631.35,338631.35,338631.35,338631.35,338631.35,338631.35,338631.35,338631.35,0.0,338631.35,0.0,338631.35,0.0,338631.35,0.0,338631.35,338631.35,338631.35,338631.35,0.0,0.0,0.0,0.0,0.0,0.0,,12.732670284578193,1.027,0,0,0.0,303977.87,261,2015,1
Wheat,2015-01-12,338631.35,NGN,NGN/MT,Historical (World Bank Pink Sheet × FX),wholesale,National,,,0.65,False,Synthetic: World Bank wheat USD × NGN/USD FX + Nigeria import premium (calibrated),Synthetic (World Bank/FAO × FX),historical,True,Hard bound violation (synthetic),100000.0,193.28,162.94444444444446,100.82222222222222,11.4,12.5,1,0,0,0,0,0,0,0,0,1,0,0,1,0,0,0,0,0,0,1,0.4999999999999999,0.8660254037844387,0.3546048870425356,0.9350162426854148,1,1752.02,338631.35,338631.35,338631.35,338631.35,338631.35,338631.35,338631.35,338631.35,0.0,338631.35,0.0,338631.35,0.0,338631.35,0.0,338631.35,338631.35,338631.35,338631.35,0.0,0.0,0.0,0.0,0.0,0.0,,12.732670284578193,1.048,0,0,0.0,303977.87,262,2015,1
Wheat,2015-01-19,338631.35,NGN,NGN/MT,Historical (World Bank Pink Sheet × FX),wholesale,National,,,0.65,False,Synthetic: World Bank wheat USD × NGN/USD FX + Nigeria import premium (calibrated),Synthetic (World Bank/FAO × FX),historical,True,Hard bound violation (synthetic),100000.0,193.28,162.94444444444446,100.82222222222222,11.4,12.5,1,0,0,0,0,0,0,0,0,1,0,0,1,0,0,0,0,0,0,1,0.4999999999999999,0.8660254037844387,0.4647231720437685,0.8854560256532099,1,1752.02,338631.35,338631.35,338631.35,338631.35,338631.35,338631.35,338631.35,338631.35,0.0,338631.35,0.0,338631.35,0.0,338631.35,0.0,338631.35,338631.35,338631.35,338631.35,0.0,0.0,0.0,0.0,0.0,0.0,,12.732670284578193,1.048,0,0,0.0,303977.87,263,2015,1
Wheat,2015-01-26,338631.35,NGN,NGN/MT,Historical (World Bank Pink Sheet × FX),wholesale,National,,,0.65,False,Synthetic: World Bank wheat USD × NGN/USD FX + Nigeria import premium (calibrated),Synthetic (World Bank/FAO × FX),historical,True,Hard bound violation (synthetic),100000.0,193.28,162.94444444444446,100.82222222222222,11.4,12.5,1,0,0,0,0,0,0,0,0,1,0,0,1,0,0,0,0,0,0,1,0.4999999999999999,0.8660254037844387,0.5680647467311558,0.8229838658936564,1,1752.02,338631.35,338631.35,338631.35,338631.35,338631.35,338631.35,338631.35,338631.35,0.0,338631.35,0.0,338631.35,0.0,338631.35,0.0,338631.35,338631.35,338631.35,338631.35,0.0,0.0,0.0,0.0,0.0,0.0,,12.732670284578193,1.048,0,0,0.0,303977.87,264,2015,1
Wheat,2015-02-02,338631.35,NGN,NGN/MT,Historical (World Bank Pink Sheet × FX),wholesale,National,,,0.65,False,Synthetic: World Bank wheat USD × NGN/USD FX + Nigeria import premium (calibrated),Synthetic (World Bank/FAO × FX),historical,True,Hard bound violation (synthetic),100000.0,193.28,162.94444444444446,100.82222222222222,11.4,12.5,1,0,0,0,0,0,0,0,1,1,0,0,1,0,0,0,0,0,0,0,0.8660254037844386,0.5000000000000001,0.6631226582407952,0.7485107481711011,1,1752.02,338631.35,338631.35,338631.35,338631.35,338631.35,338631.35,338631.35,338631.35,0.0,338631.35,0.0,338631.35,0.0,338631.35,0.0,338631.35,338631.35,338631.35,338631.35,0.0,0.0,0.0,0.0,0.0,0.0,,12.732670284578193,1.048,0,0,0.0,303977.87,265,2015,1
Wheat,2015-02-09,338631.35,NGN,NGN/MT,Historical (World Bank Pink Sheet × FX),wholesale,National,,,0.65,False,Synthetic: World Bank wheat USD × NGN/USD FX + Nigeria import premium (calibrated),Synthetic (World Bank/FAO × FX),historical,True,Hard bound violation (synthetic),100000.0,193.28,155.17000000000002,95.95666666666666,11.4,12.5,1,0,0,0,0,0,0,0,1,1,0,0,1,0,0,0,0,0,0,0,0.8660254037844386,0.5000000000000001,0.7485107481711011,0.6631226582407953,1,1752.02,338631.35,338631.35,338631.35,338631.35,338631.35,338631.35,338631.35,338631.35,0.0,338631.35,0.0,338631.35,0.0,338631.35,0.0,338631.35,338631.35,338631.35,338631.35,0.0,0.0,0.0,0.0,0.0,0.0,,12.732670284578193,0.998,0,0,0.0,303977.87,266,2015,1
Wheat,2015-02-16,338631.35,NGN,NGN/MT,Historical (World Bank Pink Sheet × FX),wholesale,National,,,0.65,False,Synthetic: World Bank wheat USD × NGN/USD FX + Nigeria import premium (calibrated),Synthetic (World Bank/FAO × FX),historical,True,Hard bound violation (synthetic),100000.0,193.28,155.17000000000002,95.95666666666666,11.4,12.5,1,0,0,0,0,0,0,0,1,1,0,0,1,0,0,0,0,0,0,0,0.8660254037844386,0.5000000000000001,0.8229838658936564,0.5680647467311559,1,1752.02,338631.35,338631.35,338631.35,338631.35,338631.35,338631.35,338631.35,338631.35,0.0,338631.35,0.0,338631.35,0.0,338631.35,0.0,338631.35,338631.35,338631.35,338631.35,0.0,0.0,0.0,0.0,0.0,0.0,,12.732670284578193,0.998,0,0,0.0,303977.87,267,2015,1
Wheat,2015-02-23,338631.35,NGN,NGN/MT,Historical (World Bank Pink Sheet × FX),wholesale,National,,,0.65,False,Synthetic: World Bank wheat USD × NGN/USD FX + Nigeria import premium (calibrated),Synthetic (World Bank/FAO × FX),historical,True,Hard bound violation (synthetic),100000.0,193.28,155.17000000000002,95.95666666666666,11.4,12.5,1,0,0,0,0,0,0,0,1,1,0,0,1,0,0,0,0,0,0,0,0.8660254037844386,0.5000000000000001,0.8854560256532099,0.4647231720437686,1,1752.02,338631.35,338631.35,338631.35,338631.35,338631.35,338631.35,338631.35,338631.35,0.0,338631.35,0.0,338631.35,0.0,338631.35,0.0,338631.35,338631.35,338631.35,338631.35,0.0,0.0,0.0,0.0,0.0,0.0,,12.732670284578193,0.998,0,0,0.0,303977.87,268,2015,1
Wheat,2015-03-02,338631.35,NGN,NGN/MT,Historical (World Bank Pink Sheet × FX),wholesale,National,,,0.65,False,Synthetic: World Bank wheat USD × NGN/USD FX + Nigeria import premium (calibrated),Synthetic (World Bank/FAO × FX),historical,True,Hard bound violation (synthetic),100000.0,193.28,155.17000000000002,95.95666666666666,11.4,12.5,1,0,0,1,0,0,0,0,1,1,0,0,0,0,0,0,0,0,0,0,1.0,6.123233995736766e-17,0.9350162426854148,0.3546048870425355,0,1752.02,338631.35,338631.35,338631.35,338631.35,338631.35,338631.35,338631.35,338631.35,0.0,338631.35,0.0,338631.35,0.0,338631.35,0.0,338631.35,338631.35,338631.35,338631.35,0.0,0.0,0.0,0.0,0.0,0.0,,12.732670284578193,0.998,0,0,0.0,303977.87,269,2015,1
Wheat,2015-03-09,338631.35,NGN,NGN/MT,Historical (World Bank Pink Sheet × FX),wholesale,National,,,0.65,False,Synthetic: World Bank wheat USD × NGN/USD FX + Nigeria import premium (calibrated),Synthetic (World Bank/FAO × FX),historical,True,Hard bound violation (synthetic),100000.0,193.28,155.73333333333332,105.30866666666668,11.4,12.5,1,0,0,1,0,0,0,0,1,1,0,0,0,0,0,0,0,0,0,0,1.0,6.123233995736766e-17,0.970941817426052,0.239315664287558,0,1752.02,338631.35,338631.35,338631.35,338631.35,338631.35,338631.35,338631.35,338631.35,0.0,338631.35,0.0,338631.35,0.0,338631.35,0.0,338631.35,338631.35,338631.35,338631.35,0.0,0.0,0.0,0.0,0.0,0.0,,12.732670284578193,1.029,0,0,0.0,303977.87,270,2015,1
Wheat,2015-03-16,338631.35,NGN,NGN/MT,Historical (World Bank Pink Sheet × FX),wholesale,National,,,0.65,False,Synthetic: World Bank wheat USD × NGN/USD FX + Nigeria import premium (calibrated),Synthetic (World Bank/FAO × FX),historical,True,Hard bound violation (synthetic),100000.0,193.28,155.73333333333332,105.30866666666668,11.4,12.5,1,0,0,1,0,0,0,0,1,1,0,0,0,0,0,0,0,0,0,0,1.0,6.123233995736766e-17,0.992708874098054,0.120536680255323,0,1752.02,338631.35,338631.35,338631.35,338631.35,338631.35,338631.35,338631.35,338631.35,0.0,338631.35,0.0,338631.35,0.0,338631.35,0.0,338631.35,338631.35,338631.35,338631.35,0.0,0.0,0.0,0.0,0.0,0.0,,12.732670284578193,1.029,0,0,0.0,303977.87,271,2015,1
Wheat,2015-03-23,338631.35,NGN,NGN/MT,Historical (World Bank Pink Sheet × FX),wholesale,National,,,0.65,False,Synthetic: World Bank wheat USD × NGN/USD FX + Nigeria import premium (calibrated),Synthetic (World Bank/FAO × FX),historical,True,Hard bound violation (synthetic),100000.0,193.28,155.73333333333332,105.30866666666668,11.4,12.5,1,0,0,1,0,0,0,0,1,1,0,0,0,0,0,0,0,0,0,0,1.0,6.123233995736766e-17,1.0,-1.6081226496766364e-16,0,1752.02,338631.35,338631.35,338631.35,338631.35,338631.35,338631.35,338631.35,338631.35,0.0,338631.35,0.0,338631.35,0.0,338631.35,0.0,338631.35,338631.35,338631.35,338631.35,0.0,0.0,0.0,0.0,0.0,0.0,,12.732670284578193,1.029,0,0,0.0,303977.87,272,2015,1
Wheat,2015-03-30,338631.35,NGN,NGN/MT,Historical (World Bank Pink Sheet × FX),wholesale,National,,,0.65,False,Synthetic: World Bank wheat USD × NGN/USD FX + Nigeria import premium (calibrated),Synthetic (World Bank/FAO × FX),historical,True,Hard bound violation (synthetic),100000.0,193.28,155.73333333333332,105.30866666666668,11.4,12.5,1,0,0,1,0,0,0,0,1,1,0,0,0,0,0,0,0,0,0,0,1.0,6.123233995736766e-17,0.992708874098054,-0.1205366802553228,0,1752.02,338631.35,338631.35,338631.35,338631.35,338631.35,338631.35,338631.35,338631.35,0.0,338631.35,0.0,338631.35,0.0,338631.35,0.0,338631.35,338631.35,338631.35,338631.35,0.0,0.0,0.0,0.0,0.0,0.0,,12.732670284578193,1.029,0,0,0.0,303977.87,273,2015,1
Wheat,2015-04-06,338631.35,NGN,NGN/MT,Historical (World Bank Pink Sheet × FX),wholesale,National,,,0.65,False,Synthetic: World Bank wheat USD × NGN/USD FX + Nigeria import premium (calibrated),Synthetic (World Bank/FAO × FX),historical,True,Hard bound violation (synthetic),100000.0,193.28,155.73333333333332,105.30866666666668,11.4,12.5,0,1,1,1,0,0,0,0,1,0,0,0,0,0,0,0,0,0,0,0,0.8660254037844387,-0.4999999999999998,0.970941817426052,-0.2393156642875575,0,1752.02,338631.35,338631.35,338631.35,338631.35,338631.35,338631.35,338631.35,338631.35,0.0,338631.35,0.0,338631.35,0.0,338631.35,0.0,338631.35,338631.35,338631.35,338631.35,0.0,0.0,0.0,0.0,0.0,0.0,,12.732670284578193,1.029,0,0,0.5,303977.87,274,2015,2
Wheat,2015-04-13,338631.35,NGN,NGN/MT,Historical (World Bank Pink Sheet × FX),wholesale,National,,,0.65,False,Synthetic: World Bank wheat USD × NGN/USD FX + Nigeria import premium (calibrated),Synthetic (World Bank/FAO × FX),historical,True,Hard bound violation (synthetic),100000.0,193.28,157.08333333333334,107.49333333333334,11.4,12.5,0,1,1,1,0,0,0,0,1,0,0,0,0,0,0,0,0,0,0,0,0.8660254037844387,-0.4999999999999998,0.9350162426854148,-0.3546048870425354,0,1752.02,338631.35,338631.35,338631.35,338631.35,338631.35,338631.35,338631.35,338631.35,0.0,338631.35,0.0,338631.35,0.0,338631.35,0.0,338631.35,338631.35,338631.35,338631.35,0.0,0.0,0.0,0.0,0.0,0.0,,12.732670284578193,1.042,0,0,0.5,303977.87,275,2015,2
Wheat,2015-04-20,338631.35,NGN,NGN/MT,Historical (World Bank Pink Sheet × FX),wholesale,National,,,0.65,False,Synthetic: World Bank wheat USD × NGN/USD FX + Nigeria import premium (calibrated),Synthetic (World Bank/FAO × FX),historical,True,Hard bound violation (synthetic),100000.0,193.28,157.08333333333334,107.49333333333334,11.4,12.5,0,1,1,1,0,0,0,0,1,0,0,0,0,0,0,0,0,0,0,0,0.8660254037844387,-0.4999999999999998,0.8854560256532099,-0.4647231720437685,0,1752.02,338631.35,338631.35,338631.35,338631.35,338631.35,338631.35,338631.35,338631.35,0.0,338631.35,0.0,338631.35,0.0,338631.35,0.0,338631.35,338631.35,338631.35,338631.35,0.0,0.0,0.0,0.0,0.0,0.0,,12.732670284578193,1.042,0,0,0.5,303977.87,276,2015,2
Wheat,2015-04-27,338631.35,NGN,NGN/MT,Historical (World Bank Pink Sheet × FX),wholesale,National,,,0.65,False,Synthetic: World Bank wheat USD × NGN/USD FX + Nigeria import premium (calibrated),Synthetic (World Bank/FAO × FX),historical,True,Hard bound violation (synthetic),100000.0,193.28,157.08333333333334,107.49333333333334,11.4,12.5,0,1,1,1,0,0,0,0,1,0,0,0,0,0,0,0,0,0,0,0,0.8660254037844387,-0.4999999999999998,0.8229838658936565,-0.5680647467311557,0,1752.02,338631.35,338631.35,338631.35,338631.35,338631.35,338631.35,338631.35,338631.35,0.0,338631.35,0.0,338631.35,0.0,338631.35,0.0,338631.35,338631.35,338631.35,338631.35,0.0,0.0,0.0,0.0,0.0,0.0,,12.732670284578193,1.042,0,0,0.5,303977.87,277,2015,2
Wheat,2015-05-04,338631.35,NGN,NGN/MT,Historical (World Bank Pink Sheet × FX),wholesale,National,,,0.65,False,Synthetic: World Bank wheat USD × NGN/USD FX + Nigeria import premium (calibrated),Synthetic (World Bank/FAO × FX),historical,True,Hard bound violation (synthetic),100000.0,193.28,157.08333333333334,107.49333333333334,11.4,12.5,0,1,1,1,0,0,0,0,1,0,1,0,0,0,0,0,0,0,0,0,0.4999999999999999,-0.8660254037844387,0.7485107481711013,-0.663122658240795,0,1752.02,338631.35,338631.35,338631.35,338631.35,338631.35,338631.35,338631.35,338631.35,0.0,338631.35,0.0,338631.35,0.0,338631.35,0.0,338631.35,338631.35,338631.35,338631.35,0.0,0.0,0.0,0.0,0.0,0.0,,12.732670284578193,1.042,0,0,0.5,303977.87,278,2015,2
Wheat,2015-05-11,338631.35,NGN,NGN/MT,Historical (World Bank Pink Sheet × FX),wholesale,National,,,0.65,False,Synthetic: World Bank wheat USD × NGN/USD FX + Nigeria import premium (calibrated),Synthetic (World Bank/FAO × FX),historical,True,Hard bound violation (synthetic),100000.0,193.28,160.53571428571428,115.10666666666664,11.4,12.5,0,1,1,1,0,0,0,0,1,0,1,0,0,0,0,0,0,0,0,0,0.4999999999999999,-0.8660254037844387,0.6631226582407952,-0.7485107481711012,0,1752.02,338631.35,338631.35,338631.35,338631.35,338631.35,338631.35,338631.35,338631.35,0.0,338631.35,0.0,338631.35,0.0,338631.35,0.0,338631.35,338631.35,338631.35,338631.35,0.0,0.0,0.0,0.0,0.0,0.0,,12.732670284578193,1.081,0,0,0.5,303977.87,279,2015,2
Wheat,2015-05-18,338631.35,NGN,NGN/MT,Historical (World Bank Pink Sheet × FX),wholesale,National,,,0.65,False,Synthetic: World Bank wheat USD × NGN/USD FX + Nigeria import premium (calibrated),Synthetic (World Bank/FAO × FX),historical,True,Hard bound violation (synthetic),100000.0,193.28,160.53571428571428,115.10666666666664,11.4,12.5,0,1,1,1,0,0,0,0,1,0,1,0,0,0,0,0,0,0,0,0,0.4999999999999999,-0.8660254037844387,0.5680647467311558,-0.8229838658936564,0,1752.02,338631.35,338631.35,338631.35,338631.35,338631.35,338631.35,338631.35,338631.35,0.0,338631.35,0.0,338631.35,0.0,338631.35,0.0,338631.35,338631.35,338631.35,338631.35,0.0,0.0,0.0,0.0,0.0,0.0,,12.732670284578193,1.081,0,0,0.5,303977.87,280,2015,2
Wheat,2015-05-25,338631.35,NGN,NGN/MT,Historical (World Bank Pink Sheet × FX),wholesale,National,,,0.65,False,Synthetic: World Bank wheat USD × NGN/USD FX + Nigeria import premium (calibrated),Synthetic (World Bank/FAO × FX),historical,True,Hard bound violation (synthetic),100000.0,193.28,160.53571428571428,115.10666666666664,11.4,12.5,0,1,1,1,0,0,0,0,1,0,1,0,0,0,0,0,0,0,0,0,0.4999999999999999,-0.8660254037844387,0.464723172043769,-0.8854560256532096,0,1752.02,338631.35,338631.35,338631.35,338631.35,338631.35,338631.35,338631.35,338631.35,0.0,338631.35,0.0,338631.35,0.0,338631.35,0.0,338631.35,338631.35,338631.35,338631.35,0.0,0.0,0.0,0.0,0.0,0.0,,12.732670284578193,1.081,0,0,0.5,303977.87,281,2015,2
Wheat,2015-06-01,338631.35,NGN,NGN/MT,Historical (World Bank Pink Sheet × FX),wholesale,National,,,0.65,False,Synthetic: World Bank wheat USD × NGN/USD FX + Nigeria import premium (calibrated),Synthetic (World Bank/FAO × FX),historical,True,Hard bound violation (synthetic),100000.0,193.28,160.53571428571428,115.10666666666664,11.4,12.5,0,1,1,0,0,0,0,1,0,0,1,0,0,0,0,0,0,0,1,0,1.2246467991473532e-16,-1.0,0.3546048870425358,-0.9350162426854148,0,1752.02,338631.35,338631.35,338631.35,338631.35,338631.35,338631.35,338631.35,338631.35,0.0,338631.35,0.0,338631.35,0.0,338631.35,0.0,338631.35,338631.35,338631.35,338631.35,0.0,0.0,0.0,0.0,0.0,0.0,,12.732670284578193,1.081,0,0,0.5,303977.87,282,2015,2
Wheat,2015-06-08,338631.35,NGN,NGN/MT,Historical (World Bank Pink Sheet × FX),wholesale,National,,,0.65,False,Synthetic: World Bank wheat USD × NGN/USD FX + Nigeria import premium (calibrated),Synthetic (World Bank/FAO × FX),historical,True,Hard bound violation (synthetic),100000.0,193.28,160.53571428571428,115.10666666666664,11.4,12.5,0,1,1,0,0,0,0,1,0,0,1,0,0,0,0,0,0,0,1,0,1.2246467991473532e-16,-1.0,0.2393156642875576,-0.970941817426052,0,1752.02,338631.35,338631.35,338631.35,338631.35,338631.35,338631.35,338631.35,338631.35,0.0,338631.35,0.0,338631.35,0.0,338631.35,0.0,338631.35,338631.35,338631.35,338631.35,0.0,0.0,0.0,0.0,0.0,0.0,,12.732670284578193,1.081,0,0,0.5,303977.87,283,2015,2
Wheat,2015-06-15,338631.35,NGN,NGN/MT,Historical (World Bank Pink Sheet × FX),wholesale,National,,,0.65,False,Synthetic: World Bank wheat USD × NGN/USD FX + Nigeria import premium (calibrated),Synthetic (World Bank/FAO × FX),historical,True,Hard bound violation (synthetic),100000.0,193.28,169.33333333333334,114.73,11.4,12.5,0,1,1,0,0,0,0,1,0,0,1,0,0,0,0,0,0,0,1,0,1.2246467991473532e-16,-1.0,0.120536680255323,-0.992708874098054,0,1752.02,338631.35,338631.35,338631.35,338631.35,338631.35,338631.35,338631.35,338631.35,0.0,338631.35,0.0,338631.35,0.0,338631.35,0.0,338631.35,338631.35,338631.35,338631.35,0.0,0.0,0.0,0.0,0.0,0.0,,12.732670284578193,1.12,0,0,0.5,303977.87,284,2015,2
Wheat,2015-06-22,338631.35,NGN,NGN/MT,Historical (World Bank Pink Sheet × FX),wholesale,National,,,0.65,False,Synthetic: World Bank wheat USD × NGN/USD FX + Nigeria import premium (calibrated),Synthetic (World Bank/FAO × FX),historical,True,Hard bound violation (synthetic),100000.0,193.28,169.33333333333334,114.73,11.4,12.5,0,1,1,0,0,0,0,1,0,0,1,0,0,0,0,0,0,1,1,0,1.2246467991473532e-16,-1.0,-3.216245299353273e-16,-1.0,0,1752.02,338631.35,338631.35,338631.35,338631.35,338631.35,338631.35,338631.35,338631.35,0.0,338631.35,0.0,338631.35,0.0,338631.35,0.0,338631.35,338631.35,338631.35,338631.35,0.0,0.0,0.0,0.0,0.0,0.0,,12.732670284578193,1.12,0,0,0.5,303977.87,285,2015,2
Wheat,2015-06-29,338631.35,NGN,NGN/MT,Historical (World Bank Pink Sheet × FX),wholesale,National,,,0.65,False,Synthetic: World Bank wheat USD × NGN/USD FX + Nigeria import premium (calibrated),Synthetic (World Bank/FAO × FX),historical,True,Hard bound violation (synthetic),100000.0,193.28,169.33333333333334,114.73,11.4,12.5,0,1,1,0,0,0,0,1,0,0,1,0,0,0,0,0,0,1,1,0,1.2246467991473532e-16,-1.0,-0.1205366802553228,-0.992708874098054,0,1752.02,338631.35,338631.35,338631.35,338631.35,338631.35,338631.35,338631.35,338631.35,0.0,338631.35,0.0,338631.35,0.0,338631.35,0.0,338631.35,338631.35,338631.35,338631.35,0.0,0.0,0.0,0.0,0.0,0.0,,12.732670284578193,1.12,0,0,0.5,303977.87,286,2015,2
Wheat,2015-07-06,338631.35,NGN,NGN/MT,Historical (World Bank Pink Sheet × FX),wholesale,National,,,0.65,False,Synthetic: World Bank wheat USD × NGN/USD FX + Nigeria import premium (calibrated),Synthetic (World Bank/FAO × FX),historical,True,Hard bound violation (synthetic),100000.0,193.28,169.33333333333334,114.73,11.4,12.5,0,1,1,0,0,0,1,1,0,0,1,0,0,0,0,0,0,1,1,0,-0.4999999999999997,-0.8660254037844388,-0.2393156642875574,-0.970941817426052,0,1752.02,338631.35,338631.35,338631.35,338631.35,338631.35,338631.35,338631.35,338631.35,0.0,338631.35,0.0,338631.35,0.0,338631.35,0.0,338631.35,338631.35,338631.35,338631.35,0.0,0.0,0.0,0.0,0.0,0.0,,12.732670284578193,1.12,0,0,0.5,303977.87,287,2015,3
Wheat,2015-07-13,338631.35,NGN,NGN/MT,Historical (World Bank Pink Sheet × FX),wholesale,National,,,0.65,False,Synthetic: World Bank wheat USD × NGN/USD FX + Nigeria import premium (calibrated),Synthetic (World Bank/FAO × FX),historical,True,Hard bound violation (synthetic),100000.0,193.28,161.26666666666668,109.14666666666666,11.4,12.5,0,1,1,0,0,0,1,1,0,0,1,0,0,0,0,0,0,1,1,0,-0.4999999999999997,-0.8660254037844388,-0.3546048870425356,-0.9350162426854148,0,1752.02,338631.35,338631.35,338631.35,338631.35,338631.35,338631.35,338631.35,338631.35,0.0,338631.35,0.0,338631.35,0.0,338631.35,0.0,338631.35,338631.35,338631.35,338631.35,0.0,0.0,0.0,0.0,0.0,0.0,,12.732670284578193,1.066,0,0,0.5,303977.87,288,2015,3
Wheat,2015-07-20,338631.35,NGN,NGN/MT,Historical (World Bank Pink Sheet × FX),wholesale,National,,,0.65,False,Synthetic: World Bank wheat USD × NGN/USD FX + Nigeria import premium (calibrated),Synthetic (World Bank/FAO × FX),historical,True,Hard bound violation (synthetic),100000.0,193.28,161.26666666666668,109.14666666666666,11.4,12.5,0,1,1,0,0,0,1,1,0,0,1,0,0,0,0,0,0,0,1,0,-0.4999999999999997,-0.8660254037844388,-0.464723172043768,-0.8854560256532101,0,1752.02,338631.35,338631.35,338631.35,338631.35,338631.35,338631.35,338631.35,338631.35,0.0,338631.35,0.0,338631.35,0.0,338631.35,0.0,338631.35,338631.35,338631.35,338631.35,0.0,0.0,0.0,0.0,0.0,0.0,,12.732670284578193,1.066,0,0,0.5,303977.87,289,2015,3
Wheat,2015-07-27,338631.35,NGN,NGN/MT,Historical (World Bank Pink Sheet × FX),wholesale,National,,,0.65,False,Synthetic: World Bank wheat USD × NGN/USD FX + Nigeria import premium (calibrated),Synthetic (World Bank/FAO × FX),historical,True,Hard bound violation (synthetic),100000.0,193.28,161.26666666666668,109.14666666666666,11.4,12.5,0,1,1,0,0,0,1,1,0,0,1,0,0,0,0,0,0,0,1,0,-0.4999999999999997,-0.8660254037844388,-0.5680647467311556,-0.8229838658936565,0,1752.02,338631.35,338631.35,338631.35,338631.35,338631.35,338631.35,338631.35,338631.35,0.0,338631.35,0.0,338631.35,0.0,338631.35,0.0,338631.35,338631.35,338631.35,338631.35,0.0,0.0,0.0,0.0,0.0,0.0,,12.732670284578193,1.066,0,0,0.5,303977.87,290,2015,3
Wheat,2015-08-03,338631.35,NGN,NGN/MT,Historical (World Bank Pink Sheet × FX),wholesale,National,,,0.65,False,Synthetic: World Bank wheat USD × NGN/USD FX + Nigeria import premium (calibrated),Synthetic (World Bank/FAO × FX),historical,True,Hard bound violation (synthetic),100000.0,193.28,161.26666666666668,109.14666666666666,11.4,12.5,0,1,0,0,1,0,1,1,0,0,1,0,0,0,0,1,0,0,1,0,-0.8660254037844384,-0.5000000000000004,-0.663122658240795,-0.7485107481711013,0,1752.02,338631.35,338631.35,338631.35,338631.35,338631.35,338631.35,338631.35,338631.35,0.0,338631.35,0.0,338631.35,0.0,338631.35,0.0,338631.35,338631.35,338631.35,338631.35,0.0,0.0,0.0,0.0,0.0,0.0,,12.732670284578193,1.066,0,0,0.0,303977.87,291,2015,3
Wheat,2015-08-10,338631.35,NGN,NGN/MT,Historical (World Bank Pink Sheet × FX),wholesale,National,,,0.65,False,Synthetic: World Bank wheat USD × NGN/USD FX + Nigeria import premium (calibrated),Synthetic (World Bank/FAO × FX),historical,True,Hard bound violation (synthetic),100000.0,193.28,160.83333333333334,107.98,11.4,12.5,0,1,0,0,1,0,1,1,0,0,1,0,0,0,0,1,0,0,1,0,-0.8660254037844384,-0.5000000000000004,-0.7485107481711011,-0.6631226582407952,0,1752.02,338631.35,338631.35,338631.35,338631.35,338631.35,338631.35,338631.35,338631.35,0.0,338631.35,0.0,338631.35,0.0,338631.35,0.0,338631.35,338631.35,338631.35,338631.35,0.0,0.0,0.0,0.0,0.0,0.0,,12.732670284578193,1.06,0,0,0.0,303977.87,292,2015,3
Wheat,2015-08-17,338631.35,NGN,NGN/MT,Historical (World Bank Pink Sheet × FX),wholesale,National,,,0.65,False,Synthetic: World Bank wheat USD × NGN/USD FX + Nigeria import premium (calibrated),Synthetic (World Bank/FAO × FX),historical,True,Hard bound violation (synthetic),100000.0,193.28,160.83333333333334,107.98,11.4,12.5,0,1,0,0,1,0,1,1,0,0,1,0,0,0,0,1,0,0,1,0,-0.8660254037844384,-0.5000000000000004,-0.8229838658936564,-0.5680647467311559,0,1752.02,338631.35,338631.35,338631.35,338631.35,338631.35,338631.35,338631.35,338631.35,0.0,338631.35,0.0,338631.35,0.0,338631.35,0.0,338631.35,338631.35,338631.35,338631.35,0.0,0.0,0.0,0.0,0.0,0.0,,12.732670284578193,1.06,0,0,0.0,303977.87,293,2015,3
Wheat,2015-08-24,338631.35,NGN,NGN/MT,Historical (World Bank Pink Sheet × FX),wholesale,National,,,0.65,False,Synthetic: World Bank wheat USD × NGN/USD FX + Nigeria import premium (calibrated),Synthetic (World Bank/FAO × FX),historical,True,Hard bound violation (synthetic),100000.0,193.28,160.83333333333334,107.98,11.4,12.5,0,1,0,0,1,0,1,1,0,0,1,0,0,0,0,1,0,0,1,0,-0.8660254037844384,-0.5000000000000004,-0.8854560256532096,-0.4647231720437691,0,1752.02,338631.35,338631.35,338631.35,338631.35,338631.35,338631.35,338631.35,338631.35,0.0,338631.35,0.0,338631.35,0.0,338631.35,0.0,338631.35,338631.35,338631.35,338631.35,0.0,0.0,0.0,0.0,0.0,0.0,,12.732670284578193,1.06,0,0,0.0,303977.87,294,2015,3
Wheat,2015-08-31,338631.35,NGN,NGN/MT,Historical (World Bank Pink Sheet × FX),wholesale,National,,,0.65,False,Synthetic: World Bank wheat USD × NGN/USD FX + Nigeria import premium (calibrated),Synthetic (World Bank/FAO × FX),historical,True,Hard bound violation (synthetic),100000.0,193.28,160.83333333333334,107.98,11.4,12.5,0,1,0,0,1,0,1,1,0,0,1,0,0,0,0,1,0,0,1,0,-0.8660254037844384,-0.5000000000000004,-0.9350162426854148,-0.3546048870425359,0,1752.02,338631.35,338631.35,338631.35,338631.35,338631.35,338631.35,338631.35,338631.35,0.0,338631.35,0.0,338631.35,0.0,338631.35,0.0,338631.35,338631.35,338631.35,338631.35,0.0,0.0,0.0,0.0,0.0,0.0,,12.732670284578193,1.06,0,0,0.0,303977.87,295,2015,3
Wheat,2015-09-07,338631.35,NGN,NGN/MT,Historical (World Bank Pink Sheet × FX),wholesale,National,,,0.65,False,Synthetic: World Bank wheat USD × NGN/USD FX + Nigeria import premium (calibrated),Synthetic (World Bank/FAO × FX),historical,True,Hard bound violation (synthetic),100000.0,193.28,160.83333333333334,107.98,11.4,12.5,0,1,0,0,1,1,0,0,0,0,0,0,0,0,0,1,0,0,0,0,-1.0,-1.8369701987210287e-16,-0.970941817426052,-0.2393156642875577,0,1752.02,338631.35,338631.35,338631.35,338631.35,338631.35,338631.35,338631.35,338631.35,0.0,338631.35,0.0,338631.35,0.0,338631.35,0.0,338631.35,338631.35,338631.35,338631.35,0.0,0.0,0.0,0.0,0.0,0.0,,12.732670284578193,1.06,0,0,0.5,303977.87,296,2015,3
Wheat,2015-09-14,338631.35,NGN,NGN/MT,Historical (World Bank Pink Sheet × FX),wholesale,National,,,0.65,False,Synthetic: World Bank wheat USD × NGN/USD FX + Nigeria import premium (calibrated),Synthetic (World Bank/FAO × FX),historical,True,Hard bound violation (synthetic),100000.0,193.28,155.40615384615384,92.80285714285716,11.4,12.5,0,1,0,0,1,1,0,0,0,0,0,0,0,0,0,1,0,0,0,0,-1.0,-1.8369701987210287e-16,-0.992708874098054,-0.1205366802553235,0,1752.02,338631.35,338631.35,338631.35,338631.35,338631.35,338631.35,338631.35,338631.35,0.0,338631.35,0.0,338631.35,0.0,338631.35,0.0,338631.35,338631.35,338631.35,338631.35,0.0,0.0,0.0,0.0,0.0,0.0,,12.732670284578193,0.989,0,0,0.5,303977.87,297,2015,3
Wheat,2015-09-21,338631.35,NGN,NGN/MT,Historical (World Bank Pink Sheet × FX),wholesale,National,,,0.65,False,Synthetic: World Bank wheat USD × NGN/USD FX + Nigeria import premium (calibrated),Synthetic (World Bank/FAO × FX),historical,True,Hard bound violation (synthetic),100000.0,193.28,155.40615384615384,92.80285714285716,11.4,12.5,0,1,0,0,1,1,0,0,0,0,0,0,0,0,0,1,0,0,0,0,-1.0,-1.8369701987210287e-16,-1.0,-1.8369701987210287e-16,0,1752.02,338631.35,338631.35,338631.35,338631.35,338631.35,338631.35,338631.35,338631.35,0.0,338631.35,0.0,338631.35,0.0,338631.35,0.0,338631.35,338631.35,338631.35,338631.35,0.0,0.0,0.0,0.0,0.0,0.0,,12.732670284578193,0.989,0,0,0.5,303977.87,298,2015,3
Wheat,2015-09-28,338631.35,NGN,NGN/MT,Historical (World Bank Pink Sheet × FX),wholesale,National,,,0.65,False,Synthetic: World Bank wheat USD × NGN/USD FX + Nigeria import premium (calibrated),Synthetic (World Bank/FAO × FX),historical,True,Hard bound violation (synthetic),100000.0,193.28,155.40615384615384,92.80285714285716,11.4,12.5,0,1,0,0,1,1,0,0,0,0,0,0,0,0,0,1,0,0,0,0,-1.0,-1.8369701987210287e-16,-0.992708874098054,0.1205366802553232,0,1752.02,338631.35,338631.35,338631.35,338631.35,338631.35,338631.35,338631.35,338631.35,0.0,338631.35,0.0,338631.35,0.0,338631.35,0.0,338631.35,338631.35,338631.35,338631.35,0.0,0.0,0.0,0.0,0.0,0.0,,12.732670284578193,0.989,0,0,0.5,303977.87,299,2015,3
Wheat,2015-10-05,338631.35,NGN,NGN/MT,Historical (World Bank Pink Sheet × FX),wholesale,National,,,0.65,False,Synthetic: World Bank wheat USD × NGN/USD FX + Nigeria import premium (calibrated),Synthetic (World Bank/FAO × FX),historical,True,Hard bound violation (synthetic),100000.0,193.28,155.40615384615384,92.80285714285716,11.4,12.5,0,1,0,0,0,1,0,0,0,1,0,1,0,1,1,1,1,0,0,0,-0.8660254037844386,0.5000000000000001,-0.970941817426052,0.2393156642875573,0,1752.02,338631.35,338631.35,338631.35,338631.35,338631.35,338631.35,338631.35,338631.35,0.0,338631.35,0.0,338631.35,0.0,338631.35,0.0,338631.35,338631.35,338631.35,338631.35,0.0,0.0,0.0,0.0,0.0,0.0,,12.732670284578193,0.989,0,0,0.5,303977.87,300,2015,4
Wheat,2015-10-12,338631.35,NGN,NGN/MT,Historical (World Bank Pink Sheet × FX),wholesale,National,,,0.65,False,Synthetic: World Bank wheat USD × NGN/USD FX + Nigeria import premium (calibrated),Synthetic (World Bank/FAO × FX),historical,True,Hard bound violation (synthetic),100000.0,193.28,146.6375,91.6375,11.4,12.5,0,1,0,0,0,1,0,0,0,1,0,1,0,1,1,1,1,0,0,0,-0.8660254037844386,0.5000000000000001,-0.9350162426854148,0.3546048870425355,0,1752.02,338631.35,338631.35,338631.35,338631.35,338631.35,338631.35,338631.35,338631.35,0.0,338631.35,0.0,338631.35,0.0,338631.35,0.0,338631.35,338631.35,338631.35,338631.35,0.0,0.0,0.0,0.0,0.0,0.0,,12.732670284578193,0.946,0,0,0.5,303977.87,301,2015,4
Wheat,2015-10-19,338631.35,NGN,NGN/MT,Historical (World Bank Pink Sheet × FX),wholesale,National,,,0.65,False,Synthetic: World Bank wheat USD × NGN/USD FX + Nigeria import premium (calibrated),Synthetic (World Bank/FAO × FX),historical,True,Hard bound violation (synthetic),100000.0,193.28,146.6375,91.6375,11.4,12.5,0,1,0,0,0,1,0,0,0,1,0,1,0,1,1,1,1,0,0,0,-0.8660254037844386,0.5000000000000001,-0.8854560256532101,0.464723172043768,0,1752.02,338631.35,338631.35,338631.35,338631.35,338631.35,338631.35,338631.35,338631.35,0.0,338631.35,0.0,338631.35,0.0,338631.35,0.0,338631.35,338631.35,338631.35,338631.35,0.0,0.0,0.0,0.0,0.0,0.0,,12.732670284578193,0.946,0,0,0.5,303977.87,302,2015,4
Wheat,2015-10-26,338631.35,NGN,NGN/MT,Historical (World Bank Pink Sheet × FX),wholesale,National,,,0.65,False,Synthetic: World Bank wheat USD × NGN/USD FX + Nigeria import premium (calibrated),Synthetic (World Bank/FAO × FX),historical,True,Hard bound violation (synthetic),100000.0,193.28,146.6375,91.6375,11.4,12.5,0,1,0,0,0,1,0,0,0,1,0,1,0,1,1,1,1,0,0,0,-0.8660254037844386,0.5000000000000001,-0.822983865893657,0.5680647467311548,0,1752.02,338631.35,338631.35,338631.35,338631.35,338631.35,338631.35,338631.35,338631.35,0.0,338631.35,0.0,338631.35,0.0,338631.35,0.0,338631.35,338631.35,338631.35,338631.35,0.0,0.0,0.0,0.0,0.0,0.0,,12.732670284578193,0.946,0,0,0.5,303977.87,303,2015,4
Wheat,2015-11-02,338631.35,NGN,NGN/MT,Historical (World Bank Pink Sheet × FX),wholesale,National,,,0.65,False,Synthetic: World Bank wheat USD × NGN/USD FX + Nigeria import premium (calibrated),Synthetic (World Bank/FAO × FX),historical,True,Hard bound violation (synthetic),100000.0,193.28,146.6375,91.6375,11.4,12.5,1,0,0,0,0,1,0,0,0,1,0,1,1,1,1,0,1,0,0,0,-0.5000000000000004,0.8660254037844384,-0.7485107481711011,0.6631226582407952,1,1752.02,338631.35,338631.35,338631.35,338631.35,338631.35,338631.35,338631.35,338631.35,0.0,338631.35,0.0,338631.35,0.0,338631.35,0.0,338631.35,338631.35,338631.35,338631.35,0.0,0.0,0.0,0.0,0.0,0.0,,12.732670284578193,0.946,0,0,0.5,303977.87,304,2015,4
Wheat,2015-11-09,338631.35,NGN,NGN/MT,Historical (World Bank Pink Sheet × FX),wholesale,National,,,0.65,False,Synthetic: World Bank wheat USD × NGN/USD FX + Nigeria import premium (calibrated),Synthetic (World Bank/FAO × FX),historical,True,Hard bound violation (synthetic),100000.0,193.28,150.296875,106.303125,11.4,12.5,1,0,0,0,0,1,0,0,0,1,0,1,1,1,1,0,1,0,0,0,-0.5000000000000004,0.8660254037844384,-0.6631226582407955,0.7485107481711007,1,1752.02,338631.35,338631.35,338631.35,338631.35,338631.35,338631.35,338631.35,338631.35,0.0,338631.35,0.0,338631.35,0.0,338631.35,0.0,338631.35,338631.35,338631.35,338631.35,0.0,0.0,0.0,0.0,0.0,0.0,,12.732670284578193,1.008,0,0,0.5,303977.87,305,2015,4
Wheat,2015-11-16,338631.35,NGN,NGN/MT,Historical (World Bank Pink Sheet × FX),wholesale,National,,,0.65,False,Synthetic: World Bank wheat USD × NGN/USD FX + Nigeria import premium (calibrated),Synthetic (World Bank/FAO × FX),historical,True,Hard bound violation (synthetic),100000.0,193.28,150.296875,106.303125,11.4,12.5,1,0,0,0,0,1,0,0,0,1,0,1,1,1,1,0,1,0,0,0,-0.5000000000000004,0.8660254037844384,-0.5680647467311559,0.8229838658936564,1,1752.02,338631.35,338631.35,338631.35,338631.35,338631.35,338631.35,338631.35,338631.35,0.0,338631.35,0.0,338631.35,0.0,338631.35,0.0,338631.35,338631.35,338631.35,338631.35,0.0,0.0,0.0,0.0,0.0,0.0,,12.732670284578193,1.008,0,0,0.5,303977.87,306,2015,4
Wheat,2015-11-23,338631.35,NGN,NGN/MT,Historical (World Bank Pink Sheet × FX),wholesale,National,,,0.65,False,Synthetic: World Bank wheat USD × NGN/USD FX + Nigeria import premium (calibrated),Synthetic (World Bank/FAO × FX),historical,True,Hard bound violation (synthetic),100000.0,193.28,150.296875,106.303125,11.4,12.5,1,0,0,0,0,1,0,0,0,1,0,1,1,1,1,0,1,0,0,0,-0.5000000000000004,0.8660254037844384,-0.4647231720437684,0.88545602565321,1,1752.02,338631.35,338631.35,338631.35,338631.35,338631.35,338631.35,338631.35,338631.35,0.0,338631.35,0.0,338631.35,0.0,338631.35,0.0,338631.35,338631.35,338631.35,338631.35,0.0,0.0,0.0,0.0,0.0,0.0,,12.732670284578193,1.008,0,0,0.5,303977.87,307,2015,4
Wheat,2015-11-30,338631.35,NGN,NGN/MT,Historical (World Bank Pink Sheet × FX),wholesale,National,,,0.65,False,Synthetic: World Bank wheat USD × NGN/USD FX + Nigeria import premium (calibrated),Synthetic (World Bank/FAO × FX),historical,True,Hard bound violation (synthetic),100000.0,193.28,150.296875,106.303125,11.4,12.5,1,0,0,0,0,1,0,0,0,1,0,1,1,1,1,0,1,0,0,0,-0.5000000000000004,0.8660254037844384,-0.3546048870425359,0.9350162426854148,1,1752.02,338631.35,338631.35,338631.35,338631.35,338631.35,338631.35,338631.35,338631.35,0.0,338631.35,0.0,338631.35,0.0,338631.35,0.0,338631.35,338631.35,338631.35,338631.35,0.0,0.0,0.0,0.0,0.0,0.0,,12.732670284578193,1.008,0,0,0.5,303977.87,308,2015,4
Wheat,2015-12-07,338631.35,NGN,NGN/MT,Historical (World Bank Pink Sheet × FX),wholesale,National,,,0.65,False,Synthetic: World Bank wheat USD × NGN/USD FX + Nigeria import premium (calibrated),Synthetic (World Bank/FAO × FX),historical,True,Hard bound violation (synthetic),100000.0,193.28,150.296875,106.303125,11.4,12.5,1,0,0,0,0,0,0,0,0,1,0,1,1,1,1,0,0,0,0,1,-2.4492935982947064e-16,1.0,-0.2393156642875578,0.970941817426052,1,1752.02,338631.35,338631.35,338631.35,338631.35,338631.35,338631.35,338631.35,338631.35,0.0,338631.35,0.0,338631.35,0.0,338631.35,0.0,338631.35,338631.35,338631.35,338631.35,0.0,0.0,0.0,0.0,0.0,0.0,,12.732670284578193,1.008,0,0,0.0,303977.87,309,2015,4
Wheat,2015-12-14,338631.35,NGN,NGN/MT,Historical (World Bank Pink Sheet × FX),wholesale,National,,,0.65,False,Synthetic: World Bank wheat USD × NGN/USD FX + Nigeria import premium (calibrated),Synthetic (World Bank/FAO × FX),historical,True,Hard bound violation (synthetic),100000.0,193.28,152.15,126.3175,11.4,12.5,1,0,0,0,0,0,0,0,0,1,0,1,1,1,1,0,0,0,0,1,-2.4492935982947064e-16,1.0,-0.1205366802553236,0.992708874098054,1,1752.02,338631.35,338631.35,338631.35,338631.35,338631.35,338631.35,338631.35,338631.35,0.0,338631.35,0.0,338631.35,0.0,338631.35,0.0,338631.35,338631.35,338631.35,338631.35,0.0,0.0,0.0,0.0,0.0,0.0,,12.732670284578193,1.078,0,0,0.0,303977.87,310,2015,4
Wheat,2015-12-21,338631.35,NGN,NGN/MT,Historical (World Bank Pink Sheet × FX),wholesale,National,,,0.65,False,Synthetic: World Bank wheat USD × NGN/USD FX + Nigeria import premium (calibrated),Synthetic (World Bank/FAO × FX),historical,True,Hard bound violation (synthetic),100000.0,193.28,152.15,126.3175,11.4,12.5,1,0,0,0,0,0,0,0,0,1,0,1,1,1,1,0,0,0,0,1,-2.4492935982947064e-16,1.0,6.432490598706546e-16,1.0,1,1752.02,338631.35,338631.35,338631.35,338631.35,338631.35,338631.35,338631.35,338631.35,0.0,338631.35,0.0,338631.35,0.0,338631.35,0.0,338631.35,338631.35,338631.35,338631.35,0.0,0.0,0.0,0.0,0.0,0.0,,12.732670284578193,1.078,0,0,0.0,303977.87,311,2015,4
Wheat,2015-12-28,338631.35,NGN,NGN/MT,Historical (World Bank Pink Sheet × FX),wholesale,National,,,0.65,False,Synthetic: World Bank wheat USD × NGN/USD FX + Nigeria import premium (calibrated),Synthetic (World Bank/FAO × FX),historical,True,Hard bound violation (synthetic),100000.0,193.28,152.15,126.3175,11.4,12.5,1,0,0,0,0,0,0,0,0,1,0,1,1,1,1,0,0,0,0,1,-2.4492935982947064e-16,1.0,0.1205366802553231,0.992708874098054,1,1752.02,338631.35,338631.35,338631.35,338631.35,338631.35,338631.35,338631.35,338631.35,0.0,338631.35,0.0,338631.35,0.0,338631.35,0.0,338631.35,338631.35,338631.35,338631.35,0.0,0.0,0.0,0.0,0.0,0.0,,12.732670284578193,1.078,0,0,0.0,303977.87,312,2015,4
Wheat,2016-01-04,338631.35,NGN,NGN/MT,Historical (World Bank Pink Sheet × FX),wholesale,National,,,0.65,False,Synthetic: World Bank wheat USD × NGN/USD FX + Nigeria import premium (calibrated),Synthetic (World Bank/FAO × FX),historical,True,Hard bound violation (synthetic),103527.72,199.0,152.15,126.3175,11.4,12.5,1,0,0,0,0,0,0,0,0,1,0,0,1,0,0,0,0,0,0,1,0.4999999999999999,0.8660254037844387,0.120536680255323,0.992708874098054,1,1701.67,338631.35,338631.35,338631.35,338631.35,338631.35,338631.35,338631.35,338631.35,0.0,338631.35,0.0,338631.35,0.0,338631.35,0.0,338631.35,338631.35,338631.35,338631.35,0.0,0.0,0.0,0.0,0.0,0.0,,12.732670284578193,1.078,0,0,0.0,303977.87,313,2016,1
Wheat,2016-01-11,338631.35,NGN,NGN/MT,Historical (World Bank Pink Sheet × FX),wholesale,National,,,0.65,False,Synthetic: World Bank wheat USD × NGN/USD FX + Nigeria import premium (calibrated),Synthetic (World Bank/FAO × FX),historical,True,Hard bound violation (synthetic),105019.29,199.0,146.55625,122.736875,11.4,12.5,1,0,0,0,0,0,0,0,0,1,0,0,1,0,0,0,0,0,0,1,0.4999999999999999,0.8660254037844387,0.2393156642875577,0.970941817426052,1,1701.67,338631.35,338631.35,338631.35,338631.35,338631.35,338631.35,338631.35,338631.35,0.0,338631.35,0.0,338631.35,0.0,338631.35,0.0,338631.35,338631.35,338631.35,338631.35,0.0,0.0,0.0,0.0,0.0,0.0,,12.732670284578193,1.041,0,0,0.0,303977.87,314,2016,1
Wheat,2016-01-18,338631.35,NGN,NGN/MT,Historical (World Bank Pink Sheet × FX),wholesale,National,,,0.65,False,Synthetic: World Bank wheat USD × NGN/USD FX + Nigeria import premium (calibrated),Synthetic (World Bank/FAO × FX),historical,True,Hard bound violation (synthetic),101124.97,199.0,146.55625,122.736875,11.4,12.5,1,0,0,0,0,0,0,0,0,1,0,0,1,0,0,0,0,0,0,1,0.4999999999999999,0.8660254037844387,0.3546048870425356,0.9350162426854148,1,1701.67,338631.35,338631.35,338631.35,338631.35,338631.35,338631.35,338631.35,338631.35,0.0,338631.35,0.0,338631.35,0.0,338631.35,0.0,338631.35,338631.35,338631.35,338631.35,0.0,0.0,0.0,0.0,0.0,0.0,,12.732670284578193,1.041,0,0,0.0,303977.87,315,2016,1
Wheat,2016-01-25,338631.35,NGN,NGN/MT,Historical (World Bank Pink Sheet × FX),wholesale,National,,,0.65,False,Synthetic: World Bank wheat USD × NGN/USD FX + Nigeria import premium (calibrated),Synthetic (World Bank/FAO × FX),historical,True,Hard bound violation (synthetic),103128.86,199.0,146.55625,122.736875,11.4,12.5,1,0,0,0,0,0,0,0,0,1,0,0,1,0,0,0,0,0,0,1,0.4999999999999999,0.8660254037844387,0.4647231720437685,0.8854560256532099,1,1701.67,338631.35,338631.35,338631.35,338631.35,338631.35,338631.35,338631.35,338631.35,0.0,338631.35,0.0,338631.35,0.0,338631.35,0.0,338631.35,338631.35,338631.35,338631.35,0.0,0.0,0.0,0.0,0.0,0.0,,12.732670284578193,1.041,0,0,0.0,303977.87,316,2016,1
Wheat,2016-02-01,338631.35,NGN,NGN/MT,Historical (World Bank Pink Sheet × FX),wholesale,National,,,0.65,False,Synthetic: World Bank wheat USD × NGN/USD FX + Nigeria import premium (calibrated),Synthetic (World Bank/FAO × FX),historical,True,Hard bound violation (synthetic),102981.2,199.0,146.55625,122.736875,11.4,12.5,1,0,0,0,0,0,0,0,1,1,0,0,1,0,0,0,0,0,0,0,0.8660254037844386,0.5000000000000001,0.5680647467311558,0.8229838658936564,1,1701.67,338631.35,338631.35,338631.35,338631.35,338631.35,338631.35,338631.35,338631.35,0.0,338631.35,0.0,338631.35,0.0,338631.35,0.0,338631.35,338631.35,338631.35,338631.35,0.0,0.0,0.0,0.0,0.0,0.0,,12.732670284578193,1.041,0,0,0.0,303977.87,317,2016,1
Wheat,2016-02-08,338631.35,NGN,NGN/MT,Historical (World Bank Pink Sheet × FX),wholesale,National,,,0.65,False,Synthetic: World Bank wheat USD × NGN/USD FX + Nigeria import premium (calibrated),Synthetic (World Bank/FAO × FX),historical,True,Hard bound violation (synthetic),104959.66,199.0,146.55625,122.736875,11.4,12.5,1,0,0,0,0,0,0,0,1,1,0,0,1,0,0,0,0,0,0,0,0.8660254037844386,0.5000000000000001,0.6631226582407952,0.7485107481711011,1,1701.67,338631.35,338631.35,338631.35,338631.35,338631.35,338631.35,338631.35,338631.35,0.0,338631.35,0.0,338631.35,0.0,338631.35,0.0,338631.35,338631.35,338631.35,338631.35,0.0,0.0,0.0,0.0,0.0,0.0,,12.732670284578193,1.041,0,0,0.0,303977.87,318,2016,1
Wheat,2016-02-15,338631.35,NGN,NGN/MT,Historical (World Bank Pink Sheet × FX),wholesale,National,,,0.65,False,Synthetic: World Bank wheat USD × NGN/USD FX + Nigeria import premium (calibrated),Synthetic (World Bank/FAO × FX),historical,True,Hard bound violation (synthetic),103542.91,199.0,137.4375,102.07,11.4,12.5,1,0,0,0,0,0,0,0,1,1,0,0,1,0,0,0,0,0,0,0,0.8660254037844386,0.5000000000000001,0.7485107481711011,0.6631226582407953,1,1701.67,338631.35,338631.35,338631.35,338631.35,338631.35,338631.35,338631.35,338631.35,0.0,338631.35,0.0,338631.35,0.0,338631.35,0.0,338631.35,338631.35,338631.35,338631.35,0.0,0.0,0.0,0.0,0.0,0.0,,12.732670284578193,0.936,0,0,0.0,303977.87,319,2016,1
Wheat,2016-02-22,338631.35,NGN,NGN/MT,Historical (World Bank Pink Sheet × FX),wholesale,National,,,0.65,False,Synthetic: World Bank wheat USD × NGN/USD FX + Nigeria import premium (calibrated),Synthetic (World Bank/FAO × FX),historical,True,Hard bound violation (synthetic),104251.24,199.0,137.4375,102.07,11.4,12.5,1,0,0,0,0,0,0,0,1,1,0,0,1,0,0,0,0,0,0,0,0.8660254037844386,0.5000000000000001,0.8229838658936564,0.5680647467311559,1,1701.67,338631.35,338631.35,338631.35,338631.35,338631.35,338631.35,338631.35,338631.35,0.0,338631.35,0.0,338631.35,0.0,338631.35,0.0,338631.35,338631.35,338631.35,338631.35,0.0,0.0,0.0,0.0,0.0,0.0,,12.732670284578193,0.936,0,0,0.0,303977.87,320,2016,1
Wheat,2016-02-29,338631.35,NGN,NGN/MT,Historical (World Bank Pink Sheet × FX),wholesale,National,,,0.65,False,Synthetic: World Bank wheat USD × NGN/USD FX + Nigeria import premium (calibrated),Synthetic (World Bank/FAO × FX),historical,True,Hard bound violation (synthetic),105804.73,199.0,137.4375,102.07,11.4,12.5,1,0,0,0,0,0,0,0,1,1,0,0,1,0,0,0,0,0,0,0,0.8660254037844386,0.5000000000000001,0.8854560256532099,0.4647231720437686,1,1701.67,338631.35,338631.35,338631.35,338631.35,338631.35,338631.35,338631.35,338631.35,0.0,338631.35,0.0,338631.35,0.0,338631.35,0.0,338631.35,338631.35,338631.35,338631.35,0.0,0.0,0.0,0.0,0.0,0.0,,12.732670284578193,0.936,0,0,0.0,303977.87,321,2016,1
Wheat,2016-03-07,338631.35,NGN,NGN/MT,Historical (World Bank Pink Sheet × FX),wholesale,National,,,0.65,False,Synthetic: World Bank wheat USD × NGN/USD FX + Nigeria import premium (calibrated),Synthetic (World Bank/FAO × FX),historical,True,Hard bound violation (synthetic),103274.89,199.0,137.4375,102.07,11.4,12.5,1,0,0,1,0,0,0,0,1,1,0,0,0,0,0,0,0,0,0,0,1.0,6.123233995736766e-17,0.9350162426854148,0.3546048870425355,0,1701.67,338631.35,338631.35,338631.35,338631.35,338631.35,338631.35,338631.35,338631.35,0.0,338631.35,0.0,338631.35,0.0,338631.35,0.0,338631.35,338631.35,338631.35,338631.35,0.0,0.0,0.0,0.0,0.0,0.0,,12.732670284578193,0.936,0,0,0.0,303977.87,322,2016,1
Wheat,2016-03-14,338631.35,NGN,NGN/MT,Historical (World Bank Pink Sheet × FX),wholesale,National,,,0.65,False,Synthetic: World Bank wheat USD × NGN/USD FX + Nigeria import premium (calibrated),Synthetic (World Bank/FAO × FX),historical,True,Hard bound violation (synthetic),112519.6,199.0,135.085,114.64888888888888,11.4,12.5,1,0,0,1,0,0,0,0,1,1,0,0,0,0,0,0,0,0,0,0,1.0,6.123233995736766e-17,0.970941817426052,0.239315664287558,0,1701.67,338631.35,338631.35,338631.35,338631.35,338631.35,338631.35,338631.35,338631.35,0.0,338631.35,0.0,338631.35,0.0,338631.35,0.0,338631.35,338631.35,338631.35,338631.35,0.0,0.0,0.0,0.0,0.0,0.0,,12.732670284578193,0.965,0,0,0.0,303977.87,323,2016,1
Wheat,2016-03-21,338631.35,NGN,NGN/MT,Historical (World Bank Pink Sheet × FX),wholesale,National,,,0.65,False,Synthetic: World Bank wheat USD × NGN/USD FX + Nigeria import premium (calibrated),Synthetic (World Bank/FAO × FX),historical,True,Hard bound violation (synthetic),102678.41,199.0,135.085,114.64888888888888,11.4,12.5,1,0,0,1,0,0,0,0,1,1,0,0,0,0,0,0,0,0,0,0,1.0,6.123233995736766e-17,0.992708874098054,0.120536680255323,0,1701.67,338631.35,338631.35,338631.35,338631.35,338631.35,338631.35,338631.35,338631.35,0.0,338631.35,0.0,338631.35,0.0,338631.35,0.0,338631.35,338631.35,338631.35,338631.35,0.0,0.0,0.0,0.0,0.0,0.0,,12.732670284578193,0.965,0,0,0.0,303977.87,324,2016,1
Wheat,2016-03-28,338631.35,NGN,NGN/MT,Historical (World Bank Pink Sheet × FX),wholesale,National,,,0.65,False,Synthetic: World Bank wheat USD × NGN/USD FX + Nigeria import premium (calibrated),Synthetic (World Bank/FAO × FX),historical,True,Hard bound violation (synthetic),102017.21,199.0,135.085,114.64888888888888,11.4,12.5,1,0,0,1,0,0,0,0,1,1,0,0,0,0,0,0,0,0,0,0,1.0,6.123233995736766e-17,1.0,-1.6081226496766364e-16,0,1701.67,338631.35,338631.35,338631.35,338631.35,338631.35,338631.35,338631.35,338631.35,0.0,338631.35,0.0,338631.35,0.0,338631.35,0.0,338631.35,338631.35,338631.35,338631.35,0.0,0.0,0.0,0.0,0.0,0.0,,12.732670284578193,0.965,0,0,0.0,303977.87,325,2016,1
Wheat,2016-04-04,338631.35,NGN,NGN/MT,Historical (World Bank Pink Sheet × FX),wholesale,National,,,0.65,False,Synthetic: World Bank wheat USD × NGN/USD FX + Nigeria import premium (calibrated),Synthetic (World Bank/FAO × FX),historical,True,Hard bound violation (synthetic),107560.28,199.0,135.085,114.64888888888888,11.4,12.5,0,1,1,1,0,0,0,0,1,0,0,0,0,0,0,0,0,0,0,0,0.8660254037844387,-0.4999999999999998,0.992708874098054,-0.1205366802553228,0,1701.67,338631.35,338631.35,338631.35,338631.35,338631.35,338631.35,338631.35,338631.35,0.0,338631.35,0.0,338631.35,0.0,338631.35,0.0,338631.35,338631.35,338631.35,338631.35,0.0,0.0,0.0,0.0,0.0,0.0,,12.732670284578193,0.965,0,0,0.5,303977.87,326,2016,2
Wheat,2016-04-11,338631.35,NGN,NGN/MT,Historical (World Bank Pink Sheet × FX),wholesale,National,,,0.65,False,Synthetic: World Bank wheat USD × NGN/USD FX + Nigeria import premium (calibrated),Synthetic (World Bank/FAO × FX),historical,True,Hard bound violation (synthetic),106417.53,199.0,134.45714285714286,134.37,11.4,12.5,0,1,1,1,0,0,0,0,1,0,0,0,0,0,0,0,0,0,0,0,0.8660254037844387,-0.4999999999999998,0.970941817426052,-0.2393156642875575,0,1701.67,338631.35,338631.35,338631.35,338631.35,338631.35,338631.35,338631.35,338631.35,0.0,338631.35,0.0,338631.35,0.0,338631.35,0.0,338631.35,338631.35,338631.35,338631.35,0.0,0.0,0.0,0.0,0.0,0.0,,12.732670284578193,1.023,0,0,0.5,303977.87,327,2016,2
Wheat,2016-04-18,338631.35,NGN,NGN/MT,Historical (World Bank Pink Sheet × FX),wholesale,National,,,0.65,False,Synthetic: World Bank wheat USD × NGN/USD FX + Nigeria import premium (calibrated),Synthetic (World Bank/FAO × FX),historical,True,Hard bound violation (synthetic),105895.05,199.0,134.45714285714286,134.37,11.4,12.5,0,1,1,1,0,0,0,0,1,0,0,0,0,0,0,0,0,0,0,0,0.8660254037844387,-0.4999999999999998,0.9350162426854148,-0.3546048870425354,0,1701.67,338631.35,338631.35,338631.35,338631.35,338631.35,338631.35,338631.35,338631.35,0.0,338631.35,0.0,338631.35,0.0,338631.35,0.0,338631.35,338631.35,338631.35,338631.35,0.0,0.0,0.0,0.0,0.0,0.0,,12.732670284578193,1.023,0,0,0.5,303977.87,328,2016,2
Wheat,2016-04-25,338631.35,NGN,NGN/MT,Historical (World Bank Pink Sheet × FX),wholesale,National,,,0.65,False,Synthetic: World Bank wheat USD × NGN/USD FX + Nigeria import premium (calibrated),Synthetic (World Bank/FAO × FX),historical,True,Hard bound violation (synthetic),105908.23,199.0,134.45714285714286,134.37,11.4,12.5,0,1,1,1,0,0,0,0,1,0,0,0,0,0,0,0,0,0,0,0,0.8660254037844387,-0.4999999999999998,0.8854560256532099,-0.4647231720437685,0,1701.67,338631.35,338631.35,338631.35,338631.35,338631.35,338631.35,338631.35,338631.35,0.0,338631.35,0.0,338631.35,0.0,338631.35,0.0,338631.35,338631.35,338631.35,338631.35,0.0,0.0,0.0,0.0,0.0,0.0,,12.732670284578193,1.023,0,0,0.5,303977.87,329,2016,2
Wheat,2016-05-02,338631.35,NGN,NGN/MT,Historical (World Bank Pink Sheet × FX),wholesale,National,,,0.65,False,Synthetic: World Bank wheat USD × NGN/USD FX + Nigeria import premium (calibrated),Synthetic (World Bank/FAO × FX),historical,True,Hard bound violation (synthetic),100000.0,199.0,134.45714285714286,134.37,11.4,12.5,0,1,1,1,0,0,0,0,1,0,1,0,0,0,0,0,0,0,0,0,0.4999999999999999,-0.8660254037844387,0.8229838658936565,-0.5680647467311557,0,1701.67,338631.35,338631.35,338631.35,338631.35,338631.35,338631.35,338631.35,338631.35,0.0,338631.35,0.0,338631.35,0.0,338631.35,0.0,338631.35,338631.35,338631.35,338631.35,0.0,0.0,0.0,0.0,0.0,0.0,,12.732670284578193,1.023,0,0,0.5,303977.87,330,2016,2
Wheat,2016-05-09,338631.35,NGN,NGN/MT,Historical (World Bank Pink Sheet × FX),wholesale,National,,,0.65,False,Synthetic: World Bank wheat USD × NGN/USD FX + Nigeria import premium (calibrated),Synthetic (World Bank/FAO × FX),historical,True,Hard bound violation (synthetic),100000.0,199.0,134.03181818181818,137.62363636363636,11.4,12.5,0,1,1,1,0,0,0,0,1,0,1,0,0,0,0,0,0,0,0,0,0.4999999999999999,-0.8660254037844387,0.7485107481711013,-0.663122658240795,0,1701.67,338631.35,338631.35,338631.35,338631.35,338631.35,338631.35,338631.35,338631.35,0.0,338631.35,0.0,338631.35,0.0,338631.35,0.0,338631.35,338631.35,338631.35,338631.35,0.0,0.0,0.0,0.0,0.0,0.0,,12.732670284578193,1.031,0,0,0.5,303977.87,331,2016,2
Wheat,2016-05-16,338631.35,NGN,NGN/MT,Historical (World Bank Pink Sheet × FX),wholesale,National,,,0.65,False,Synthetic: World Bank wheat USD × NGN/USD FX + Nigeria import premium (calibrated),Synthetic (World Bank/FAO × FX),historical,True,Hard bound violation (synthetic),100000.0,199.0,134.03181818181818,137.62363636363636,11.4,12.5,0,1,1,1,0,0,0,0,1,0,1,0,0,0,0,0,0,0,0,0,0.4999999999999999,-0.8660254037844387,0.6631226582407952,-0.7485107481711012,0,1701.67,338631.35,338631.35,338631.35,338631.35,338631.35,338631.35,338631.35,338631.35,0.0,338631.35,0.0,338631.35,0.0,338631.35,0.0,338631.35,338631.35,338631.35,338631.35,0.0,0.0,0.0,0.0,0.0,0.0,,12.732670284578193,1.031,0,0,0.5,303977.87,332,2016,2
Wheat,2016-05-23,338631.35,NGN,NGN/MT,Historical (World Bank Pink Sheet × FX),wholesale,National,,,0.65,False,Synthetic: World Bank wheat USD × NGN/USD FX + Nigeria import premium (calibrated),Synthetic (World Bank/FAO × FX),historical,True,Hard bound violation (synthetic),100000.0,199.0,134.03181818181818,137.62363636363636,11.4,12.5,0,1,1,1,0,0,0,0,1,0,1,0,0,0,0,0,0,0,0,0,0.4999999999999999,-0.8660254037844387,0.5680647467311558,-0.8229838658936564,0,1701.67,338631.35,338631.35,338631.35,338631.35,338631.35,338631.35,338631.35,338631.35,0.0,338631.35,0.0,338631.35,0.0,338631.35,0.0,338631.35,338631.35,338631.35,338631.35,0.0,0.0,0.0,0.0,0.0,0.0,,12.732670284578193,1.031,0,0,0.5,303977.87,333,2016,2
Wheat,2016-05-30,338631.35,NGN,NGN/MT,Historical (World Bank Pink Sheet × FX),wholesale,National,,,0.65,False,Synthetic: World Bank wheat USD × NGN/USD FX + Nigeria import premium (calibrated),Synthetic (World Bank/FAO × FX),historical,True,Hard bound violation (synthetic),102036.41,199.0,134.03181818181818,137.62363636363636,11.4,12.5,0,1,1,1,0,0,0,0,1,0,1,0,0,0,0,0,0,0,0,0,0.4999999999999999,-0.8660254037844387,0.464723172043769,-0.8854560256532096,0,1701.67,338631.35,338631.35,338631.35,338631.35,338631.35,338631.35,338631.35,338631.35,0.0,338631.35,0.0,338631.35,0.0,338631.35,0.0,338631.35,338631.35,338631.35,338631.35,0.0,0.0,0.0,0.0,0.0,0.0,,12.732670284578193,1.031,0,0,0.5,303977.87,334,2016,2
Wheat,2016-06-06,338631.35,NGN,NGN/MT,Historical (World Bank Pink Sheet × FX),wholesale,National,,,0.65,False,Synthetic: World Bank wheat USD × NGN/USD FX + Nigeria import premium (calibrated),Synthetic (World Bank/FAO × FX),historical,True,Hard bound violation (synthetic),100000.0,199.0,134.03181818181818,137.62363636363636,11.4,12.5,0,1,1,0,0,0,0,1,0,0,1,0,0,0,0,0,0,1,1,0,1.2246467991473532e-16,-1.0,0.3546048870425358,-0.9350162426854148,0,1701.67,338631.35,338631.35,338631.35,338631.35,338631.35,338631.35,338631.35,338631.35,0.0,338631.35,0.0,338631.35,0.0,338631.35,0.0,338631.35,338631.35,338631.35,338631.35,0.0,0.0,0.0,0.0,0.0,0.0,,12.732670284578193,1.031,1,3,0.5,303977.87,335,2016,2
Wheat,2016-06-13,338631.35,NGN,NGN/MT,Historical (World Bank Pink Sheet × FX),wholesale,National,,,0.65,False,Synthetic: World Bank wheat USD × NGN/USD FX + Nigeria import premium (calibrated),Synthetic (World Bank/FAO × FX),historical,True,Hard bound violation (synthetic),100000.0,199.0,147.138,148.41333333333333,11.4,12.5,0,1,1,0,0,0,0,1,0,0,1,0,0,0,0,0,0,1,1,0,1.2246467991473532e-16,-1.0,0.2393156642875576,-0.970941817426052,0,1701.67,338631.35,338631.35,338631.35,338631.35,338631.35,338631.35,338631.35,338631.35,0.0,338631.35,0.0,338631.35,0.0,338631.35,0.0,338631.35,338631.35,338631.35,338631.35,0.0,0.0,0.0,0.0,0.0,0.0,,12.732670284578193,1.124,1,3,0.5,303977.87,336,2016,2
Wheat,2016-06-20,338631.35,NGN,NGN/MT,Historical (World Bank Pink Sheet × FX),wholesale,National,,,0.65,False,Synthetic: World Bank wheat USD × NGN/USD FX + Nigeria import premium (calibrated),Synthetic (World Bank/FAO × FX),historical,True,Hard bound violation (synthetic),100000.0,305.0,147.138,148.41333333333333,11.4,12.5,0,1,1,0,0,0,0,1,0,0,1,0,0,0,0,0,0,1,1,0,1.2246467991473532e-16,-1.0,0.120536680255323,-0.992708874098054,0,1110.27,338631.35,338631.35,338631.35,338631.35,338631.35,338631.35,338631.35,338631.35,0.0,338631.35,0.0,338631.35,0.0,338631.35,0.0,338631.35,338631.35,338631.35,338631.35,0.0,0.0,0.0,0.0,0.0,0.0,,12.732670284578193,1.124,1,3,0.5,303977.87,337,2016,2
Wheat,2016-06-27,338631.35,NGN,NGN/MT,Historical (World Bank Pink Sheet × FX),wholesale,National,,,0.65,False,Synthetic: World Bank wheat USD × NGN/USD FX + Nigeria import premium (calibrated),Synthetic (World Bank/FAO × FX),historical,True,Hard bound violation (synthetic),100000.0,305.0,147.138,148.41333333333333,11.4,12.5,0,1,1,0,0,0,0,1,0,0,1,0,0,0,0,0,0,1,1,0,1.2246467991473532e-16,-1.0,-3.216245299353273e-16,-1.0,0,1110.27,338631.35,338631.35,338631.35,338631.35,338631.35,338631.35,338631.35,338631.35,0.0,338631.35,0.0,338631.35,0.0,338631.35,0.0,338631.35,338631.35,338631.35,338631.35,0.0,0.0,0.0,0.0,0.0,0.0,,12.732670284578193,1.124,1,3,0.5,303977.87,338,2016,2
Wheat,2016-07-04,338631.35,NGN,NGN/MT,Historical (World Bank Pink Sheet × FX),wholesale,National,,,0.65,False,Synthetic: World Bank wheat USD × NGN/USD FX + Nigeria import premium (calibrated),Synthetic (World Bank/FAO × FX),historical,True,Hard bound violation (synthetic),100000.0,305.0,147.138,148.41333333333333,11.4,12.5,0,1,1,0,0,0,1,1,0,0,1,0,0,0,0,0,0,1,1,0,-0.4999999999999997,-0.8660254037844388,-0.1205366802553228,-0.992708874098054,0,1110.27,338631.35,338631.35,338631.35,338631.35,338631.35,338631.35,338631.35,338631.35,0.0,338631.35,0.0,338631.35,0.0,338631.35,0.0,338631.35,338631.35,338631.35,338631.35,0.0,0.0,0.0,0.0,0.0,0.0,,12.732670284578193,1.124,1,3,0.5,303977.87,339,2016,3
Wheat,2016-07-11,338631.35,NGN,NGN/MT,Historical (World Bank Pink Sheet × FX),wholesale,National,,,0.65,False,Synthetic: World Bank wheat USD × NGN/USD FX + Nigeria import premium (calibrated),Synthetic (World Bank/FAO × FX),historical,True,Hard bound violation (synthetic),100000.0,305.0,160.38933333333335,147.95,11.4,12.5,0,1,1,0,0,0,1,1,0,0,1,0,0,0,0,0,0,0,1,0,-0.4999999999999997,-0.8660254037844388,-0.2393156642875574,-0.970941817426052,0,1110.27,338631.35,338631.35,338631.35,338631.35,338631.35,338631.35,338631.35,338631.35,0.0,338631.35,0.0,338631.35,0.0,338631.35,0.0,338631.35,338631.35,338631.35,338631.35,0.0,0.0,0.0,0.0,0.0,0.0,,12.732670284578193,1.182,1,3,0.5,303977.87,340,2016,3
Wheat,2016-07-18,338631.35,NGN,NGN/MT,Historical (World Bank Pink Sheet × FX),wholesale,National,,,0.65,False,Synthetic: World Bank wheat USD × NGN/USD FX + Nigeria import premium (calibrated),Synthetic (World Bank/FAO × FX),historical,True,Hard bound violation (synthetic),100000.0,305.0,160.38933333333335,147.95,11.4,12.5,0,1,1,0,0,0,1,1,0,0,1,0,0,0,0,0,0,0,1,0,-0.4999999999999997,-0.8660254037844388,-0.3546048870425356,-0.9350162426854148,0,1110.27,338631.35,338631.35,338631.35,338631.35,338631.35,338631.35,338631.35,338631.35,0.0,338631.35,0.0,338631.35,0.0,338631.35,0.0,338631.35,338631.35,338631.35,338631.35,0.0,0.0,0.0,0.0,0.0,0.0,,12.732670284578193,1.182,1,3,0.5,303977.87,341,2016,3
Wheat,2016-07-25,338631.35,NGN,NGN/MT,Historical (World Bank Pink Sheet × FX),wholesale,National,,,0.65,False,Synthetic: World Bank wheat USD × NGN/USD FX + Nigeria import premium (calibrated),Synthetic (World Bank/FAO × FX),historical,True,Hard bound violation (synthetic),100000.0,305.0,160.38933333333335,147.95,11.4,12.5,0,1,1,0,0,0,1,1,0,0,1,0,0,0,0,0,0,0,1,0,-0.4999999999999997,-0.8660254037844388,-0.464723172043768,-0.8854560256532101,0,1110.27,338631.35,338631.35,338631.35,338631.35,338631.35,338631.35,338631.35,338631.35,0.0,338631.35,0.0,338631.35,0.0,338631.35,0.0,338631.35,338631.35,338631.35,338631.35,0.0,0.0,0.0,0.0,0.0,0.0,,12.732670284578193,1.182,1,3,0.5,303977.87,342,2016,3
Wheat,2016-08-01,338631.35,NGN,NGN/MT,Historical (World Bank Pink Sheet × FX),wholesale,National,,,0.65,False,Synthetic: World Bank wheat USD × NGN/USD FX + Nigeria import premium (calibrated),Synthetic (World Bank/FAO × FX),historical,True,Hard bound violation (synthetic),100000.0,305.0,160.38933333333335,147.95,17.6,19.4,0,1,0,0,1,0,1,1,0,0,1,0,0,0,0,1,0,0,1,0,-0.8660254037844384,-0.5000000000000004,-0.5680647467311556,-0.8229838658936565,0,1110.27,338631.35,338631.35,338631.35,338631.35,338631.35,338631.35,338631.35,338631.35,0.0,338631.35,0.0,338631.35,0.0,338631.35,0.0,338631.35,338631.35,338631.35,338631.35,0.0,0.0,0.0,0.0,0.0,0.0,,12.732670284578193,1.182,1,3,0.0,287951.83,343,2016,3
Wheat,2016-08-08,338631.35,NGN,NGN/MT,Historical (World Bank Pink Sheet × FX),wholesale,National,,,0.65,False,Synthetic: World Bank wheat USD × NGN/USD FX + Nigeria import premium (calibrated),Synthetic (World Bank/FAO × FX),historical,True,Hard bound violation (synthetic),100000.0,305.0,160.38933333333335,147.95,17.6,19.4,0,1,0,0,1,0,1,1,0,0,1,0,0,0,0,1,0,0,1,0,-0.8660254037844384,-0.5000000000000004,-0.663122658240795,-0.7485107481711013,0,1110.27,338631.35,338631.35,338631.35,338631.35,338631.35,338631.35,338631.35,338631.35,0.0,338631.35,0.0,338631.35,0.0,338631.35,0.0,338631.35,338631.35,338631.35,338631.35,0.0,0.0,0.0,0.0,0.0,0.0,,12.732670284578193,1.182,1,3,0.0,287951.83,344,2016,3
Wheat,2016-08-15,338631.35,NGN,NGN/MT,Historical (World Bank Pink Sheet × FX),wholesale,National,,,0.65,False,Synthetic: World Bank wheat USD × NGN/USD FX + Nigeria import premium (calibrated),Synthetic (World Bank/FAO × FX),historical,True,Hard bound violation (synthetic),100000.0,305.0,174.41666666666666,148.05428571428573,17.6,19.4,0,1,0,0,1,0,1,1,0,0,1,0,0,0,0,1,0,0,1,0,-0.8660254037844384,-0.5000000000000004,-0.7485107481711011,-0.6631226582407952,0,1110.27,338631.35,338631.35,338631.35,338631.35,338631.35,338631.35,338631.35,338631.35,0.0,338631.35,0.0,338631.35,0.0,338631.35,0.0,338631.35,338631.35,338631.35,338631.35,0.0,0.0,0.0,0.0,0.0,0.0,,12.732670284578193,1.246,1,3,0.0,287951.83,345,2016,3
Wheat,2016-08-22,338631.35,NGN,NGN/MT,Historical (World Bank Pink Sheet × FX),wholesale,National,,,0.65,False,Synthetic: World Bank wheat USD × NGN/USD FX + Nigeria import premium (calibrated),Synthetic (World Bank/FAO × FX),historical,True,Hard bound violation (synthetic),100000.0,305.0,174.41666666666666,148.05428571428573,17.6,19.4,0,1,0,0,1,0,1,1,0,0,1,0,0,0,0,1,0,0,1,0,-0.8660254037844384,-0.5000000000000004,-0.8229838658936564,-0.5680647467311559,0,1110.27,338631.35,338631.35,338631.35,338631.35,338631.35,338631.35,338631.35,338631.35,0.0,338631.35,0.0,338631.35,0.0,338631.35,0.0,338631.35,338631.35,338631.35,338631.35,0.0,0.0,0.0,0.0,0.0,0.0,,12.732670284578193,1.246,1,3,0.0,287951.83,346,2016,3
Wheat,2016-08-29,338631.35,NGN,NGN/MT,Historical (World Bank Pink Sheet × FX),wholesale,National,,,0.65,False,Synthetic: World Bank wheat USD × NGN/USD FX + Nigeria import premium (calibrated),Synthetic (World Bank/FAO × FX),historical,True,Hard bound violation (synthetic),100000.0,305.0,174.41666666666666,148.05428571428573,17.6,19.4,0,1,0,0,1,0,1,1,0,0,1,0,0,0,0,1,0,0,1,0,-0.8660254037844384,-0.5000000000000004,-0.8854560256532096,-0.4647231720437691,0,1110.27,338631.35,338631.35,338631.35,338631.35,338631.35,338631.35,338631.35,338631.35,0.0,338631.35,0.0,338631.35,0.0,338631.35,0.0,338631.35,338631.35,338631.35,338631.35,0.0,0.0,0.0,0.0,0.0,0.0,,12.732670284578193,1.246,1,3,0.0,287951.83,347,2016,3
Wheat,2016-09-05,338631.35,NGN,NGN/MT,Historical (World Bank Pink Sheet × FX),wholesale,National,,,0.65,False,Synthetic: World Bank wheat USD × NGN/USD FX + Nigeria import premium (calibrated),Synthetic (World Bank/FAO × FX),historical,True,Hard bound violation (synthetic),100000.0,305.0,174.41666666666666,148.05428571428573,17.6,19.4,0,1,0,0,1,1,0,0,0,0,0,0,0,0,0,1,0,0,0,0,-1.0,-1.8369701987210287e-16,-0.9350162426854148,-0.3546048870425359,0,1110.27,338631.35,338631.35,338631.35,338631.35,338631.35,338631.35,338631.35,338631.35,0.0,338631.35,0.0,338631.35,0.0,338631.35,0.0,338631.35,338631.35,338631.35,338631.35,0.0,0.0,0.0,0.0,0.0,0.0,,12.732670284578193,1.246,1,3,0.5,287951.83,348,2016,3
Wheat,2016-09-12,338631.35,NGN,NGN/MT,Historical (World Bank Pink Sheet × FX),wholesale,National,,,0.65,False,Synthetic: World Bank wheat USD × NGN/USD FX + Nigeria import premium (calibrated),Synthetic (World Bank/FAO × FX),historical,True,Hard bound violation (synthetic),100000.0,305.0,182.05,147.20000000000002,17.6,19.4,0,1,0,0,1,1,0,0,0,0,0,0,0,0,0,1,0,0,0,0,-1.0,-1.8369701987210287e-16,-0.970941817426052,-0.2393156642875577,0,1110.27,338631.35,338631.35,338631.35,338631.35,338631.35,338631.35,338631.35,338631.35,0.0,338631.35,0.0,338631.35,0.0,338631.35,0.0,338631.35,338631.35,338631.35,338631.35,0.0,0.0,0.0,0.0,0.0,0.0,,12.732670284578193,1.277,1,3,0.5,287951.83,349,2016,3
Wheat,2016-09-19,338631.35,NGN,NGN/MT,Historical (World Bank Pink Sheet × FX),wholesale,National,,,0.65,False,Synthetic: World Bank wheat USD × NGN/USD FX + Nigeria import premium (calibrated),Synthetic (World Bank/FAO × FX),historical,True,Hard bound violation (synthetic),100000.0,305.0,182.05,147.20000000000002,17.6,19.4,0,1,0,0,1,1,0,0,0,0,0,0,0,0,0,1,0,0,0,0,-1.0,-1.8369701987210287e-16,-0.992708874098054,-0.1205366802553235,0,1110.27,338631.35,338631.35,338631.35,338631.35,338631.35,338631.35,338631.35,338631.35,0.0,338631.35,0.0,338631.35,0.0,338631.35,0.0,338631.35,338631.35,338631.35,338631.35,0.0,0.0,0.0,0.0,0.0,0.0,,12.732670284578193,1.277,1,3,0.5,287951.83,350,2016,3
Wheat,2016-09-26,338631.35,NGN,NGN/MT,Historical (World Bank Pink Sheet × FX),wholesale,National,,,0.65,False,Synthetic: World Bank wheat USD × NGN/USD FX + Nigeria import premium (calibrated),Synthetic (World Bank/FAO × FX),historical,True,Hard bound violation (synthetic),100000.0,305.0,182.05,147.20000000000002,17.6,19.4,0,1,0,0,1,1,0,0,0,0,0,0,0,0,0,1,0,0,0,0,-1.0,-1.8369701987210287e-16,-1.0,-1.8369701987210287e-16,0,1110.27,338631.35,338631.35,338631.35,338631.35,338631.35,338631.35,338631.35,338631.35,0.0,338631.35,0.0,338631.35,0.0,338631.35,0.0,338631.35,338631.35,338631.35,338631.35,0.0,0.0,0.0,0.0,0.0,0.0,,12.732670284578193,1.277,1,3,0.5,287951.83,351,2016,3
Wheat,2016-10-03,338631.35,NGN,NGN/MT,Historical (World Bank Pink Sheet × FX),wholesale,National,,,0.65,False,Synthetic: World Bank wheat USD × NGN/USD FX + Nigeria import premium (calibrated),Synthetic (World Bank/FAO × FX),historical,True,Hard bound violation (synthetic),100000.0,305.0,182.05,147.20000000000002,17.6,19.4,0,1,0,0,0,1,0,0,0,1,0,1,0,1,1,1,1,0,0,0,-0.8660254037844386,0.5000000000000001,-0.992708874098054,0.1205366802553232,0,1110.27,338631.35,338631.35,338631.35,338631.35,338631.35,338631.35,338631.35,338631.35,0.0,338631.35,0.0,338631.35,0.0,338631.35,0.0,338631.35,338631.35,338631.35,338631.35,0.0,0.0,0.0,0.0,0.0,0.0,,12.732670284578193,1.277,1,3,0.5,287951.83,352,2016,4
Wheat,2016-10-10,338631.35,NGN,NGN/MT,Historical (World Bank Pink Sheet × FX),wholesale,National,,,0.65,False,Synthetic: World Bank wheat USD × NGN/USD FX + Nigeria import premium (calibrated),Synthetic (World Bank/FAO × FX),historical,True,Hard bound violation (synthetic),100000.0,305.0,185.25,146.3576923076923,17.6,19.4,0,1,0,0,0,1,0,0,0,1,0,1,0,1,1,1,1,0,0,0,-0.8660254037844386,0.5000000000000001,-0.970941817426052,0.2393156642875573,0,1110.27,338631.35,338631.35,338631.35,338631.35,338631.35,338631.35,338631.35,338631.35,0.0,338631.35,0.0,338631.35,0.0,338631.35,0.0,338631.35,338631.35,338631.35,338631.35,0.0,0.0,0.0,0.0,0.0,0.0,,12.732670284578193,1.289,1,3,0.5,287951.83,353,2016,4
Wheat,2016-10-17,338631.35,NGN,NGN/MT,Historical (World Bank Pink Sheet × FX),wholesale,National,,,0.65,False,Synthetic: World Bank wheat USD × NGN/USD FX + Nigeria import premium (calibrated),Synthetic (World Bank/FAO × FX),historical,True,Hard bound violation (synthetic),100000.0,305.0,185.25,146.3576923076923,17.6,19.4,0,1,0,0,0,1,0,0,0,1,0,1,0,1,1,1,1,0,0,0,-0.8660254037844386,0.5000000000000001,-0.9350162426854148,0.3546048870425355,0,1110.27,338631.35,338631.35,338631.35,338631.35,338631.35,338631.35,338631.35,338631.35,0.0,338631.35,0.0,338631.35,0.0,338631.35,0.0,338631.35,338631.35,338631.35,338631.35,0.0,0.0,0.0,0.0,0.0,0.0,,12.732670284578193,1.289,1,3,0.5,287951.83,354,2016,4
Wheat,2016-10-24,338631.35,NGN,NGN/MT,Historical (World Bank Pink Sheet × FX),wholesale,National,,,0.65,False,Synthetic: World Bank wheat USD × NGN/USD FX + Nigeria import premium (calibrated),Synthetic (World Bank/FAO × FX),historical,True,Hard bound violation (synthetic),100000.0,305.0,185.25,146.3576923076923,17.6,19.4,0,1,0,0,0,1,0,0,0,1,0,1,0,1,1,1,1,0,0,0,-0.8660254037844386,0.5000000000000001,-0.8854560256532101,0.464723172043768,0,1110.27,338631.35,338631.35,338631.35,338631.35,338631.35,338631.35,338631.35,338631.35,0.0,338631.35,0.0,338631.35,0.0,338631.35,0.0,338631.35,338631.35,338631.35,338631.35,0.0,0.0,0.0,0.0,0.0,0.0,,12.732670284578193,1.289,1,3,0.5,287951.83,355,2016,4
Wheat,2016-10-31,338631.35,NGN,NGN/MT,Historical (World Bank Pink Sheet × FX),wholesale,National,,,0.65,False,Synthetic: World Bank wheat USD × NGN/USD FX + Nigeria import premium (calibrated),Synthetic (World Bank/FAO × FX),historical,True,Hard bound violation (synthetic),100000.0,305.0,185.25,146.3576923076923,17.6,19.4,0,1,0,0,0,1,0,0,0,1,0,1,0,1,1,1,1,0,0,0,-0.8660254037844386,0.5000000000000001,-0.822983865893657,0.5680647467311548,0,1110.27,338631.35,338631.35,338631.35,338631.35,338631.35,338631.35,338631.35,338631.35,0.0,338631.35,0.0,338631.35,0.0,338631.35,0.0,338631.35,338631.35,338631.35,338631.35,0.0,0.0,0.0,0.0,0.0,0.0,,12.732670284578193,1.289,1,3,0.5,287951.83,356,2016,4
Wheat,2016-11-07,338631.35,NGN,NGN/MT,Historical (World Bank Pink Sheet × FX),wholesale,National,,,0.65,False,Synthetic: World Bank wheat USD × NGN/USD FX + Nigeria import premium (calibrated),Synthetic (World Bank/FAO × FX),historical,True,Hard bound violation (synthetic),100000.0,305.0,185.25,146.3576923076923,17.6,19.4,1,0,0,0,0,1,0,0,0,1,0,1,1,1,1,0,1,0,0,0,-0.5000000000000004,0.8660254037844384,-0.7485107481711011,0.6631226582407952,1,1110.27,338631.35,338631.35,338631.35,338631.35,338631.35,338631.35,338631.35,338631.35,0.0,338631.35,0.0,338631.35,0.0,338631.35,0.0,338631.35,338631.35,338631.35,338631.35,0.0,0.0,0.0,0.0,0.0,0.0,,12.732670284578193,1.289,0,0,0.5,287951.83,357,2016,4
Wheat,2016-11-14,338631.35,NGN,NGN/MT,Historical (World Bank Pink Sheet × FX),wholesale,National,,,0.65,False,Synthetic: World Bank wheat USD × NGN/USD FX + Nigeria import premium (calibrated),Synthetic (World Bank/FAO × FX),historical,True,Hard bound violation (synthetic),100000.0,305.0,190.09333333333333,146.51142857142855,17.6,19.4,1,0,0,0,0,1,0,0,0,1,0,1,1,1,1,0,1,0,0,0,-0.5000000000000004,0.8660254037844384,-0.6631226582407955,0.7485107481711007,1,1110.27,338631.35,338631.35,338631.35,338631.35,338631.35,338631.35,338631.35,338631.35,0.0,338631.35,0.0,338631.35,0.0,338631.35,0.0,338631.35,338631.35,338631.35,338631.35,0.0,0.0,0.0,0.0,0.0,0.0,,12.732670284578193,1.312,0,0,0.5,287951.83,358,2016,4
Wheat,2016-11-21,338631.35,NGN,NGN/MT,Historical (World Bank Pink Sheet × FX),wholesale,National,,,0.65,False,Synthetic: World Bank wheat USD × NGN/USD FX + Nigeria import premium (calibrated),Synthetic (World Bank/FAO × FX),historical,True,Hard bound violation (synthetic),100000.0,305.0,190.09333333333333,146.51142857142855,17.6,19.4,1,0,0,0,0,1,0,0,0,1,0,1,1,1,1,0,1,0,0,0,-0.5000000000000004,0.8660254037844384,-0.5680647467311559,0.8229838658936564,1,1110.27,338631.35,338631.35,338631.35,338631.35,338631.35,338631.35,338631.35,338631.35,0.0,338631.35,0.0,338631.35,0.0,338631.35,0.0,338631.35,338631.35,338631.35,338631.35,0.0,0.0,0.0,0.0,0.0,0.0,,12.732670284578193,1.312,0,0,0.5,287951.83,359,2016,4
Wheat,2016-11-28,338631.35,NGN,NGN/MT,Historical (World Bank Pink Sheet × FX),wholesale,National,,,0.65,False,Synthetic: World Bank wheat USD × NGN/USD FX + Nigeria import premium (calibrated),Synthetic (World Bank/FAO × FX),historical,True,Hard bound violation (synthetic),100000.0,305.0,190.09333333333333,146.51142857142855,17.6,19.4,1,0,0,0,0,1,0,0,0,1,0,1,1,1,1,0,1,0,0,0,-0.5000000000000004,0.8660254037844384,-0.4647231720437684,0.88545602565321,1,1110.27,338631.35,338631.35,338631.35,338631.35,338631.35,338631.35,338631.35,338631.35,0.0,338631.35,0.0,338631.35,0.0,338631.35,0.0,338631.35,338631.35,338631.35,338631.35,0.0,0.0,0.0,0.0,0.0,0.0,,12.732670284578193,1.312,0,0,0.5,287951.83,360,2016,4
Wheat,2016-12-05,338631.35,NGN,NGN/MT,Historical (World Bank Pink Sheet × FX),wholesale,National,,,0.65,False,Synthetic: World Bank wheat USD × NGN/USD FX + Nigeria import premium (calibrated),Synthetic (World Bank/FAO × FX),historical,True,Hard bound violation (synthetic),103694.82,305.0,190.09333333333333,146.51142857142855,17.6,19.4,1,0,0,0,0,0,0,0,0,1,0,1,1,1,1,0,0,0,0,1,-2.4492935982947064e-16,1.0,-0.3546048870425359,0.9350162426854148,1,1110.27,338631.35,338631.35,338631.35,338631.35,338631.35,338631.35,338631.35,338631.35,0.0,338631.35,0.0,338631.35,0.0,338631.35,0.0,338631.35,338631.35,338631.35,338631.35,0.0,0.0,0.0,0.0,0.0,0.0,,12.732670284578193,1.312,0,0,0.0,287951.83,361,2016,4
Wheat,2016-12-12,338631.35,NGN,NGN/MT,Historical (World Bank Pink Sheet × FX),wholesale,National,,,0.65,False,Synthetic: World Bank wheat USD × NGN/USD FX + Nigeria import premium (calibrated),Synthetic (World Bank/FAO × FX),historical,True,Hard bound violation (synthetic),100000.0,305.0,200.63333333333333,146.76785714285714,17.6,19.4,1,0,0,0,0,0,0,0,0,1,0,1,1,1,1,0,0,0,0,1,-2.4492935982947064e-16,1.0,-0.2393156642875578,0.970941817426052,1,1110.27,338631.35,338631.35,338631.35,338631.35,338631.35,338631.35,338631.35,338631.35,0.0,338631.35,0.0,338631.35,0.0,338631.35,0.0,338631.35,338631.35,338631.35,338631.35,0.0,0.0,0.0,0.0,0.0,0.0,,12.732670284578193,1.36,0,0,0.0,287951.83,362,2016,4
Wheat,2016-12-19,338631.35,NGN,NGN/MT,Historical (World Bank Pink Sheet × FX),wholesale,National,,,0.65,False,Synthetic: World Bank wheat USD × NGN/USD FX + Nigeria import premium (calibrated),Synthetic (World Bank/FAO × FX),historical,True,Hard bound violation (synthetic),100331.04,305.0,200.63333333333333,146.76785714285714,17.6,19.4,1,0,0,0,0,0,0,0,0,1,0,1,1,1,1,0,0,0,0,1,-2.4492935982947064e-16,1.0,-0.1205366802553236,0.992708874098054,1,1110.27,338631.35,338631.35,338631.35,338631.35,338631.35,338631.35,338631.35,338631.35,0.0,338631.35,0.0,338631.35,0.0,338631.35,0.0,338631.35,338631.35,338631.35,338631.35,0.0,0.0,0.0,0.0,0.0,0.0,,12.732670284578193,1.36,0,0,0.0,287951.83,363,2016,4
Wheat,2016-12-26,338631.35,NGN,NGN/MT,Historical (World Bank Pink Sheet × FX),wholesale,National,,,0.65,False,Synthetic: World Bank wheat USD × NGN/USD FX + Nigeria import premium (calibrated),Synthetic (World Bank/FAO × FX),historical,True,Hard bound violation (synthetic),101188.87,305.0,200.63333333333333,146.76785714285714,17.6,19.4,1,0,0,0,0,0,0,0,0,1,0,1,1,1,1,0,0,0,0,1,-2.4492935982947064e-16,1.0,6.432490598706546e-16,1.0,1,1110.27,338631.35,338631.35,338631.35,338631.35,338631.35,338631.35,338631.35,338631.35,0.0,338631.35,0.0,338631.35,0.0,338631.35,0.0,338631.35,338631.35,338631.35,338631.35,0.0,0.0,0.0,0.0,0.0,0.0,,12.732670284578193,1.36,0,0,0.0,287951.83,364,2016,4
Wheat,2017-01-02,338631.35,NGN,NGN/MT,Historical (World Bank Pink Sheet × FX),wholesale,National,,,0.65,False,Synthetic: World Bank wheat USD × NGN/USD FX + Nigeria import premium (calibrated),Synthetic (World Bank/FAO × FX),historical,True,Hard bound violation (synthetic),103396.19,305.79,200.63333333333333,146.76785714285714,17.6,19.4,1,0,0,0,0,0,0,0,0,1,0,0,1,0,0,0,0,0,0,1,0.4999999999999999,0.8660254037844387,0.120536680255323,0.992708874098054,1,1107.4,338631.35,338631.35,338631.35,338631.35,338631.35,338631.35,338631.35,338631.35,0.0,338631.35,0.0,338631.35,0.0,338631.35,0.0,338631.35,338631.35,338631.35,338631.35,0.0,0.0,0.0,0.0,0.0,0.0,,12.732670284578193,1.36,0,0,0.0,287951.83,365,2017,1
Wheat,2017-01-09,338631.35,NGN,NGN/MT,Historical (World Bank Pink Sheet × FX),wholesale,National,,,0.65,False,Synthetic: World Bank wheat USD × NGN/USD FX + Nigeria import premium (calibrated),Synthetic (World Bank/FAO × FX),historical,True,Hard bound violation (synthetic),105359.47,305.79,222.22222222222223,147.66666666666666,17.6,19.4,1,0,0,0,0,0,0,0,0,1,0,0,1,0,0,0,0,0,0,1,0.4999999999999999,0.8660254037844387,0.2393156642875577,0.970941817426052,1,1107.4,338631.35,338631.35,338631.35,338631.35,338631.35,338631.35,338631.35,338631.35,0.0,338631.35,0.0,338631.35,0.0,338631.35,0.0,338631.35,338631.35,338631.35,338631.35,0.0,0.0,0.0,0.0,0.0,0.0,,12.732670284578193,1.46,0,0,0.0,287951.83,366,2017,1
Wheat,2017-01-16,338631.35,NGN,NGN/MT,Historical (World Bank Pink Sheet × FX),wholesale,National,,,0.65,False,Synthetic: World Bank wheat USD × NGN/USD FX + Nigeria import premium (calibrated),Synthetic (World Bank/FAO × FX),historical,True,Hard bound violation (synthetic),104695.43,305.79,222.22222222222223,147.66666666666666,17.6,19.4,1,0,0,0,0,0,0,0,0,1,0,0,1,0,0,0,0,0,0,1,0.4999999999999999,0.8660254037844387,0.3546048870425356,0.9350162426854148,1,1107.4,338631.35,338631.35,338631.35,338631.35,338631.35,338631.35,338631.35,338631.35,0.0,338631.35,0.0,338631.35,0.0,338631.35,0.0,338631.35,338631.35,338631.35,338631.35,0.0,0.0,0.0,0.0,0.0,0.0,,12.732670284578193,1.46,0,0,0.0,287951.83,367,2017,1
Wheat,2017-01-23,338631.35,NGN,NGN/MT,Historical (World Bank Pink Sheet × FX),wholesale,National,,,0.65,False,Synthetic: World Bank wheat USD × NGN/USD FX + Nigeria import premium (calibrated),Synthetic (World Bank/FAO × FX),historical,True,Hard bound violation (synthetic),104962.57,305.79,222.22222222222223,147.66666666666666,17.6,19.4,1,0,0,0,0,0,0,0,0,1,0,0,1,0,0,0,0,0,0,1,0.4999999999999999,0.8660254037844387,0.4647231720437685,0.8854560256532099,1,1107.4,338631.35,338631.35,338631.35,338631.35,338631.35,338631.35,338631.35,338631.35,0.0,338631.35,0.0,338631.35,0.0,338631.35,0.0,338631.35,338631.35,338631.35,338631.35,0.0,0.0,0.0,0.0,0.0,0.0,,12.732670284578193,1.46,0,0,0.0,287951.83,368,2017,1
Wheat,2017-01-30,338631.35,NGN,NGN/MT,Historical (World Bank Pink Sheet × FX),wholesale,National,,,0.65,False,Synthetic: World Bank wheat USD × NGN/USD FX + Nigeria import premium (calibrated),Synthetic (World Bank/FAO × FX),historical,True,Hard bound violation (synthetic),102228.9,305.79,222.22222222222223,147.66666666666666,17.6,19.4,1,0,0,0,0,0,0,0,0,1,0,0,1,0,0,0,0,0,0,1,0.4999999999999999,0.8660254037844387,0.5680647467311558,0.8229838658936564,1,1107.4,338631.35,338631.35,338631.35,338631.35,338631.35,338631.35,338631.35,338631.35,0.0,338631.35,0.0,338631.35,0.0,338631.35,0.0,338631.35,338631.35,338631.35,338631.35,0.0,0.0,0.0,0.0,0.0,0.0,,12.732670284578193,1.46,0,0,0.0,287951.83,369,2017,1
Wheat,2017-02-06,338631.35,NGN,NGN/MT,Historical (World Bank Pink Sheet × FX),wholesale,National,,,0.65,False,Synthetic: World Bank wheat USD × NGN/USD FX + Nigeria import premium (calibrated),Synthetic (World Bank/FAO × FX),historical,True,Hard bound violation (synthetic),107725.22,305.79,222.22222222222223,147.66666666666666,17.6,19.4,1,0,0,0,0,0,0,0,1,1,0,0,1,0,0,0,0,0,0,0,0.8660254037844386,0.5000000000000001,0.6631226582407952,0.7485107481711011,1,1107.4,338631.35,338631.35,338631.35,338631.35,338631.35,338631.35,338631.35,338631.35,0.0,338631.35,0.0,338631.35,0.0,338631.35,0.0,338631.35,338631.35,338631.35,338631.35,0.0,0.0,0.0,0.0,0.0,0.0,,12.732670284578193,1.46,0,0,0.0,287951.83,370,2017,1
Wheat,2017-02-13,338631.35,NGN,NGN/MT,Historical (World Bank Pink Sheet × FX),wholesale,National,,,0.65,False,Synthetic: World Bank wheat USD × NGN/USD FX + Nigeria import premium (calibrated),Synthetic (World Bank/FAO × FX),historical,True,Hard bound violation (synthetic),109254.29,305.79,260.86538461538464,151.98461538461538,17.6,19.4,1,0,0,0,0,0,0,0,1,1,0,0,1,0,0,0,0,0,0,0,0.8660254037844386,0.5000000000000001,0.7485107481711011,0.6631226582407953,1,1107.4,338631.35,338631.35,338631.35,338631.35,338631.35,338631.35,338631.35,338631.35,0.0,338631.35,0.0,338631.35,0.0,338631.35,0.0,338631.35,338631.35,338631.35,338631.35,0.0,0.0,0.0,0.0,0.0,0.0,,12.732670284578193,1.648,0,0,0.0,287951.83,371,2017,1
Wheat,2017-02-20,338631.35,NGN,NGN/MT,Historical (World Bank Pink Sheet × FX),wholesale,National,,,0.65,False,Synthetic: World Bank wheat USD × NGN/USD FX + Nigeria import premium (calibrated),Synthetic (World Bank/FAO × FX),historical,True,Hard bound violation (synthetic),112332.36,305.79,260.86538461538464,151.98461538461538,17.6,19.4,1,0,0,0,0,0,0,0,1,1,0,0,1,0,0,0,0,0,0,0,0.8660254037844386,0.5000000000000001,0.8229838658936564,0.5680647467311559,1,1107.4,338631.35,338631.35,338631.35,338631.35,338631.35,338631.35,338631.35,338631.35,0.0,338631.35,0.0,338631.35,0.0,338631.35,0.0,338631.35,338631.35,338631.35,338631.35,0.0,0.0,0.0,0.0,0.0,0.0,,12.732670284578193,1.648,0,0,0.0,287951.83,372,2017,1
Wheat,2017-02-27,338631.35,NGN,NGN/MT,Historical (World Bank Pink Sheet × FX),wholesale,National,,,0.65,False,Synthetic: World Bank wheat USD × NGN/USD FX + Nigeria import premium (calibrated),Synthetic (World Bank/FAO × FX),historical,True,Hard bound violation (synthetic),110743.92,305.79,260.86538461538464,151.98461538461538,17.6,19.4,1,0,0,0,0,0,0,0,1,1,0,0,1,0,0,0,0,0,0,0,0.8660254037844386,0.5000000000000001,0.8854560256532099,0.4647231720437686,1,1107.4,338631.35,338631.35,338631.35,338631.35,338631.35,338631.35,338631.35,338631.35,0.0,338631.35,0.0,338631.35,0.0,338631.35,0.0,338631.35,338631.35,338631.35,338631.35,0.0,0.0,0.0,0.0,0.0,0.0,,12.732670284578193,1.648,0,0,0.0,287951.83,373,2017,1
Wheat,2017-03-06,338631.35,NGN,NGN/MT,Historical (World Bank Pink Sheet × FX),wholesale,National,,,0.65,False,Synthetic: World Bank wheat USD × NGN/USD FX + Nigeria import premium (calibrated),Synthetic (World Bank/FAO × FX),historical,True,Hard bound violation (synthetic),116721.73,305.79,260.86538461538464,151.98461538461538,17.6,19.4,1,0,0,1,0,0,0,0,1,1,0,0,0,0,0,0,0,0,0,0,1.0,6.123233995736766e-17,0.9350162426854148,0.3546048870425355,0,1107.4,338631.35,338631.35,338631.35,338631.35,338631.35,338631.35,338631.35,338631.35,0.0,338631.35,0.0,338631.35,0.0,338631.35,0.0,338631.35,338631.35,338631.35,338631.35,0.0,0.0,0.0,0.0,0.0,0.0,,12.732670284578193,1.648,0,0,0.0,287951.83,374,2017,1
Wheat,2017-03-13,338631.35,NGN,NGN/MT,Historical (World Bank Pink Sheet × FX),wholesale,National,,,0.65,False,Synthetic: World Bank wheat USD × NGN/USD FX + Nigeria import premium (calibrated),Synthetic (World Bank/FAO × FX),historical,True,Hard bound violation (synthetic),107115.56,305.79,269.90909090909093,171.36363636363637,17.6,19.4,1,0,0,1,0,0,0,0,1,1,0,0,0,0,0,0,0,0,0,0,1.0,6.123233995736766e-17,0.970941817426052,0.239315664287558,0,1107.4,338631.35,338631.35,338631.35,338631.35,338631.35,338631.35,338631.35,338631.35,0.0,338631.35,0.0,338631.35,0.0,338631.35,0.0,338631.35,338631.35,338631.35,338631.35,0.0,0.0,0.0,0.0,0.0,0.0,,12.732670284578193,1.749,0,0,0.0,287951.83,375,2017,1
Wheat,2017-03-20,338631.35,NGN,NGN/MT,Historical (World Bank Pink Sheet × FX),wholesale,National,,,0.65,False,Synthetic: World Bank wheat USD × NGN/USD FX + Nigeria import premium (calibrated),Synthetic (World Bank/FAO × FX),historical,True,Hard bound violation (synthetic),112508.73,305.79,269.90909090909093,171.36363636363637,17.6,19.4,1,0,0,1,0,0,0,0,1,1,0,0,0,0,0,0,0,0,0,0,1.0,6.123233995736766e-17,0.992708874098054,0.120536680255323,0,1107.4,338631.35,338631.35,338631.35,338631.35,338631.35,338631.35,338631.35,338631.35,0.0,338631.35,0.0,338631.35,0.0,338631.35,0.0,338631.35,338631.35,338631.35,338631.35,0.0,0.0,0.0,0.0,0.0,0.0,,12.732670284578193,1.749,0,0,0.0,287951.83,376,2017,1
Wheat,2017-03-27,338631.35,NGN,NGN/MT,Historical (World Bank Pink Sheet × FX),wholesale,National,,,0.65,False,Synthetic: World Bank wheat USD × NGN/USD FX + Nigeria import premium (calibrated),Synthetic (World Bank/FAO × FX),historical,True,Hard bound violation (synthetic),110242.56,305.79,269.90909090909093,171.36363636363637,17.6,19.4,1,0,0,1,0,0,0,0,1,1,0,0,0,0,0,0,0,0,0,0,1.0,6.123233995736766e-17,1.0,-1.6081226496766364e-16,0,1107.4,338631.35,338631.35,338631.35,338631.35,338631.35,338631.35,338631.35,338631.35,0.0,338631.35,0.0,338631.35,0.0,338631.35,0.0,338631.35,338631.35,338631.35,338631.35,0.0,0.0,0.0,0.0,0.0,0.0,,12.732670284578193,1.749,0,0,0.0,287951.83,377,2017,1
Wheat,2017-04-03,338631.35,NGN,NGN/MT,Historical (World Bank Pink Sheet × FX),wholesale,National,,,0.65,False,Synthetic: World Bank wheat USD × NGN/USD FX + Nigeria import premium (calibrated),Synthetic (World Bank/FAO × FX),historical,True,Hard bound violation (synthetic),114717.77,305.79,269.90909090909093,171.36363636363637,17.6,19.4,0,1,1,1,0,0,0,0,1,0,0,0,0,0,0,0,0,0,0,0,0.8660254037844387,-0.4999999999999998,0.992708874098054,-0.1205366802553228,0,1107.4,338631.35,338631.35,338631.35,338631.35,338631.35,338631.35,338631.35,338631.35,0.0,338631.35,0.0,338631.35,0.0,338631.35,0.0,338631.35,338631.35,338631.35,338631.35,0.0,0.0,0.0,0.0,0.0,0.0,,12.732670284578193,1.749,0,0,0.5,287951.83,378,2017,2
Wheat,2017-04-10,338631.35,NGN,NGN/MT,Historical (World Bank Pink Sheet × FX),wholesale,National,,,0.65,False,Synthetic: World Bank wheat USD × NGN/USD FX + Nigeria import premium (calibrated),Synthetic (World Bank/FAO × FX),historical,True,Hard bound violation (synthetic),105035.76,305.79,244.8571428571429,153.07142857142858,17.6,19.4,0,1,1,1,0,0,0,0,1,0,0,0,0,0,0,0,0,0,0,0,0.8660254037844387,-0.4999999999999998,0.970941817426052,-0.2393156642875575,0,1107.4,338631.35,338631.35,338631.35,338631.35,338631.35,338631.35,338631.35,338631.35,0.0,338631.35,0.0,338631.35,0.0,338631.35,0.0,338631.35,338631.35,338631.35,338631.35,0.0,0.0,0.0,0.0,0.0,0.0,,12.732670284578193,1.579,0,0,0.5,287951.83,379,2017,2
Wheat,2017-04-17,338631.35,NGN,NGN/MT,Historical (World Bank Pink Sheet × FX),wholesale,National,,,0.65,False,Synthetic: World Bank wheat USD × NGN/USD FX + Nigeria import premium (calibrated),Synthetic (World Bank/FAO × FX),historical,True,Hard bound violation (synthetic),104934.28,305.79,244.8571428571429,153.07142857142858,17.6,19.4,0,1,1,1,0,0,0,0,1,0,0,0,0,0,0,0,0,0,0,0,0.8660254037844387,-0.4999999999999998,0.9350162426854148,-0.3546048870425354,0,1107.4,338631.35,338631.35,338631.35,338631.35,338631.35,338631.35,338631.35,338631.35,0.0,338631.35,0.0,338631.35,0.0,338631.35,0.0,338631.35,338631.35,338631.35,338631.35,0.0,0.0,0.0,0.0,0.0,0.0,,12.732670284578193,1.579,0,0,0.5,287951.83,380,2017,2
Wheat,2017-04-24,338631.35,NGN,NGN/MT,Historical (World Bank Pink Sheet × FX),wholesale,National,,,0.65,False,Synthetic: World Bank wheat USD × NGN/USD FX + Nigeria import premium (calibrated),Synthetic (World Bank/FAO × FX),historical,True,Hard bound violation (synthetic),105710.4,305.79,244.8571428571429,153.07142857142858,17.6,19.4,0,1,1,1,0,0,0,0,1,0,0,0,0,0,0,0,0,0,0,0,0.8660254037844387,-0.4999999999999998,0.8854560256532099,-0.4647231720437685,0,1107.4,338631.35,338631.35,338631.35,338631.35,338631.35,338631.35,338631.35,338631.35,0.0,338631.35,0.0,338631.35,0.0,338631.35,0.0,338631.35,338631.35,338631.35,338631.35,0.0,0.0,0.0,0.0,0.0,0.0,,12.732670284578193,1.579,0,0,0.5,287951.83,381,2017,2
Wheat,2017-05-01,338631.35,NGN,NGN/MT,Historical (World Bank Pink Sheet × FX),wholesale,National,,,0.65,False,Synthetic: World Bank wheat USD × NGN/USD FX + Nigeria import premium (calibrated),Synthetic (World Bank/FAO × FX),historical,True,Hard bound violation (synthetic),100000.0,305.79,244.8571428571429,153.07142857142858,16.3,17.9,0,1,1,1,0,0,0,0,1,0,1,0,0,0,0,0,0,0,0,0,0.4999999999999999,-0.8660254037844387,0.8229838658936565,-0.5680647467311557,0,1107.4,338631.35,338631.35,338631.35,338631.35,338631.35,338631.35,338631.35,338631.35,0.0,338631.35,0.0,338631.35,0.0,338631.35,0.0,338631.35,338631.35,338631.35,338631.35,0.0,0.0,0.0,0.0,0.0,0.0,,12.732670284578193,1.579,0,0,0.5,291170.55,382,2017,2
Wheat,2017-05-08,338631.35,NGN,NGN/MT,Historical (World Bank Pink Sheet × FX),wholesale,National,,,0.65,False,Synthetic: World Bank wheat USD × NGN/USD FX + Nigeria import premium (calibrated),Synthetic (World Bank/FAO × FX),historical,True,Hard bound violation (synthetic),101043.19,305.79,244.8571428571429,153.07142857142858,16.3,17.9,0,1,1,1,0,0,0,0,1,0,1,0,0,0,0,0,0,0,0,0,0.4999999999999999,-0.8660254037844387,0.7485107481711013,-0.663122658240795,0,1107.4,338631.35,338631.35,338631.35,338631.35,338631.35,338631.35,338631.35,338631.35,0.0,338631.35,0.0,338631.35,0.0,338631.35,0.0,338631.35,338631.35,338631.35,338631.35,0.0,0.0,0.0,0.0,0.0,0.0,,12.732670284578193,1.579,0,0,0.5,291170.55,383,2017,2
Wheat,2017-05-15,338631.35,NGN,NGN/MT,Historical (World Bank Pink Sheet × FX),wholesale,National,,,0.65,False,Synthetic: World Bank wheat USD × NGN/USD FX + Nigeria import premium (calibrated),Synthetic (World Bank/FAO × FX),historical,True,Hard bound violation (synthetic),100324.42,305.79,238.9333333333333,156.8,16.3,17.9,0,1,1,1,0,0,0,0,1,0,1,0,0,0,0,0,0,0,0,0,0.4999999999999999,-0.8660254037844387,0.6631226582407952,-0.7485107481711012,0,1107.4,338631.35,338631.35,338631.35,338631.35,338631.35,338631.35,338631.35,338631.35,0.0,338631.35,0.0,338631.35,0.0,338631.35,0.0,338631.35,338631.35,338631.35,338631.35,0.0,0.0,0.0,0.0,0.0,0.0,,12.732670284578193,1.564,0,0,0.5,291170.55,384,2017,2
Wheat,2017-05-22,338631.35,NGN,NGN/MT,Historical (World Bank Pink Sheet × FX),wholesale,National,,,0.65,False,Synthetic: World Bank wheat USD × NGN/USD FX + Nigeria import premium (calibrated),Synthetic (World Bank/FAO × FX),historical,True,Hard bound violation (synthetic),103125.64,305.79,238.9333333333333,156.8,16.3,17.9,0,1,1,1,0,0,0,0,1,0,1,0,0,0,0,0,0,0,0,0,0.4999999999999999,-0.8660254037844387,0.5680647467311558,-0.8229838658936564,0,1107.4,338631.35,338631.35,338631.35,338631.35,338631.35,338631.35,338631.35,338631.35,0.0,338631.35,0.0,338631.35,0.0,338631.35,0.0,338631.35,338631.35,338631.35,338631.35,0.0,0.0,0.0,0.0,0.0,0.0,,12.732670284578193,1.564,0,0,0.5,291170.55,385,2017,2
Wheat,2017-05-29,338631.35,NGN,NGN/MT,Historical (World Bank Pink Sheet × FX),wholesale,National,,,0.65,False,Synthetic: World Bank wheat USD × NGN/USD FX + Nigeria import premium (calibrated),Synthetic (World Bank/FAO × FX),historical,True,Hard bound violation (synthetic),103715.02,305.79,238.9333333333333,156.8,16.3,17.9,0,1,1,1,0,0,0,0,1,0,1,0,0,0,0,0,0,1,0,0,0.4999999999999999,-0.8660254037844387,0.464723172043769,-0.8854560256532096,0,1107.4,338631.35,338631.35,338631.35,338631.35,338631.35,338631.35,338631.35,338631.35,0.0,338631.35,0.0,338631.35,0.0,338631.35,0.0,338631.35,338631.35,338631.35,338631.35,0.0,0.0,0.0,0.0,0.0,0.0,,12.732670284578193,1.564,0,0,0.5,291170.55,386,2017,2
Wheat,2017-06-05,338631.35,NGN,NGN/MT,Historical (World Bank Pink Sheet × FX),wholesale,National,,,0.65,False,Synthetic: World Bank wheat USD × NGN/USD FX + Nigeria import premium (calibrated),Synthetic (World Bank/FAO × FX),historical,True,Hard bound violation (synthetic),102123.88,305.79,238.9333333333333,156.8,16.3,17.9,0,1,1,0,0,0,0,1,0,0,1,0,0,0,0,0,0,1,1,0,1.2246467991473532e-16,-1.0,0.3546048870425358,-0.9350162426854148,0,1107.4,338631.35,338631.35,338631.35,338631.35,338631.35,338631.35,338631.35,338631.35,0.0,338631.35,0.0,338631.35,0.0,338631.35,0.0,338631.35,338631.35,338631.35,338631.35,0.0,0.0,0.0,0.0,0.0,0.0,,12.732670284578193,1.564,0,0,0.5,291170.55,387,2017,2
Wheat,2017-06-12,338631.35,NGN,NGN/MT,Historical (World Bank Pink Sheet × FX),wholesale,National,,,0.65,False,Synthetic: World Bank wheat USD × NGN/USD FX + Nigeria import premium (calibrated),Synthetic (World Bank/FAO × FX),historical,True,Hard bound violation (synthetic),100000.0,305.79,230.26666666666668,156.73333333333332,16.3,17.9,0,1,1,0,0,0,0,1,0,0,1,0,0,0,0,0,0,1,1,0,1.2246467991473532e-16,-1.0,0.2393156642875576,-0.970941817426052,0,1107.4,338631.35,338631.35,338631.35,338631.35,338631.35,338631.35,338631.35,338631.35,0.0,338631.35,0.0,338631.35,0.0,338631.35,0.0,338631.35,338631.35,338631.35,338631.35,0.0,0.0,0.0,0.0,0.0,0.0,,12.732670284578193,1.525,0,0,0.5,291170.55,388,2017,2
Wheat,2017-06-19,338631.35,NGN,NGN/MT,Historical (World Bank Pink Sheet × FX),wholesale,National,,,0.65,False,Synthetic: World Bank wheat USD × NGN/USD FX + Nigeria import premium (calibrated),Synthetic (World Bank/FAO × FX),historical,True,Hard bound violation (synthetic),100000.0,305.79,230.26666666666668,156.73333333333332,16.3,17.9,0,1,1,0,0,0,0,1,0,0,1,0,0,0,0,0,0,1,1,0,1.2246467991473532e-16,-1.0,0.120536680255323,-0.992708874098054,0,1107.4,338631.35,338631.35,338631.35,338631.35,338631.35,338631.35,338631.35,338631.35,0.0,338631.35,0.0,338631.35,0.0,338631.35,0.0,338631.35,338631.35,338631.35,338631.35,0.0,0.0,0.0,0.0,0.0,0.0,,12.732670284578193,1.525,0,0,0.5,291170.55,389,2017,2
Wheat,2017-06-26,338631.35,NGN,NGN/MT,Historical (World Bank Pink Sheet × FX),wholesale,National,,,0.65,False,Synthetic: World Bank wheat USD × NGN/USD FX + Nigeria import premium (calibrated),Synthetic (World Bank/FAO × FX),historical,True,Hard bound violation (synthetic),100000.0,305.79,230.26666666666668,156.73333333333332,16.3,17.9,0,1,1,0,0,0,0,1,0,0,1,0,0,0,0,0,0,0,1,0,1.2246467991473532e-16,-1.0,-3.216245299353273e-16,-1.0,0,1107.4,338631.35,338631.35,338631.35,338631.35,338631.35,338631.35,338631.35,338631.35,0.0,338631.35,0.0,338631.35,0.0,338631.35,0.0,338631.35,338631.35,338631.35,338631.35,0.0,0.0,0.0,0.0,0.0,0.0,,12.732670284578193,1.525,0,0,0.5,291170.55,390,2017,2
Wheat,2017-07-03,338631.35,NGN,NGN/MT,Historical (World Bank Pink Sheet × FX),wholesale,National,,,0.65,False,Synthetic: World Bank wheat USD × NGN/USD FX + Nigeria import premium (calibrated),Synthetic (World Bank/FAO × FX),historical,True,Hard bound violation (synthetic),100000.0,305.79,230.26666666666668,156.73333333333332,16.3,17.9,0,1,1,0,0,0,1,1,0,0,1,0,0,0,0,0,0,0,1,0,-0.4999999999999997,-0.8660254037844388,-0.1205366802553228,-0.992708874098054,0,1107.4,338631.35,338631.35,338631.35,338631.35,338631.35,338631.35,338631.35,338631.35,0.0,338631.35,0.0,338631.35,0.0,338631.35,0.0,338631.35,338631.35,338631.35,338631.35,0.0,0.0,0.0,0.0,0.0,0.0,,12.732670284578193,1.525,0,0,0.5,291170.55,391,2017,3
Wheat,2017-07-10,338631.35,NGN,NGN/MT,Historical (World Bank Pink Sheet × FX),wholesale,National,,,0.65,False,Synthetic: World Bank wheat USD × NGN/USD FX + Nigeria import premium (calibrated),Synthetic (World Bank/FAO × FX),historical,True,Hard bound violation (synthetic),100000.0,305.79,212.53333333333333,151.26666666666668,16.3,17.9,0,1,1,0,0,0,1,1,0,0,1,0,0,0,0,0,0,0,1,0,-0.4999999999999997,-0.8660254037844388,-0.2393156642875574,-0.970941817426052,0,1107.4,338631.35,338631.35,338631.35,338631.35,338631.35,338631.35,338631.35,338631.35,0.0,338631.35,0.0,338631.35,0.0,338631.35,0.0,338631.35,338631.35,338631.35,338631.35,0.0,0.0,0.0,0.0,0.0,0.0,,12.732670284578193,1.428,0,0,0.5,291170.55,392,2017,3
Wheat,2017-07-17,338631.35,NGN,NGN/MT,Historical (World Bank Pink Sheet × FX),wholesale,National,,,0.65,False,Synthetic: World Bank wheat USD × NGN/USD FX + Nigeria import premium (calibrated),Synthetic (World Bank/FAO × FX),historical,True,Hard bound violation (synthetic),100000.0,305.79,212.53333333333333,151.26666666666668,16.3,17.9,0,1,1,0,0,0,1,1,0,0,1,0,0,0,0,0,0,0,1,0,-0.4999999999999997,-0.8660254037844388,-0.3546048870425356,-0.9350162426854148,0,1107.4,338631.35,338631.35,338631.35,338631.35,338631.35,338631.35,338631.35,338631.35,0.0,338631.35,0.0,338631.35,0.0,338631.35,0.0,338631.35,338631.35,338631.35,338631.35,0.0,0.0,0.0,0.0,0.0,0.0,,12.732670284578193,1.428,0,0,0.5,291170.55,393,2017,3
Wheat,2017-07-24,338631.35,NGN,NGN/MT,Historical (World Bank Pink Sheet × FX),wholesale,National,,,0.65,False,Synthetic: World Bank wheat USD × NGN/USD FX + Nigeria import premium (calibrated),Synthetic (World Bank/FAO × FX),historical,True,Hard bound violation (synthetic),100000.0,305.79,212.53333333333333,151.26666666666668,16.3,17.9,0,1,1,0,0,0,1,1,0,0,1,0,0,0,0,0,0,0,1,0,-0.4999999999999997,-0.8660254037844388,-0.464723172043768,-0.8854560256532101,0,1107.4,338631.35,338631.35,338631.35,338631.35,338631.35,338631.35,338631.35,338631.35,0.0,338631.35,0.0,338631.35,0.0,338631.35,0.0,338631.35,338631.35,338631.35,338631.35,0.0,0.0,0.0,0.0,0.0,0.0,,12.732670284578193,1.428,0,0,0.5,291170.55,394,2017,3
Wheat,2017-07-31,338631.35,NGN,NGN/MT,Historical (World Bank Pink Sheet × FX),wholesale,National,,,0.65,False,Synthetic: World Bank wheat USD × NGN/USD FX + Nigeria import premium (calibrated),Synthetic (World Bank/FAO × FX),historical,True,Hard bound violation (synthetic),100000.0,305.79,212.53333333333333,151.26666666666668,16.3,17.9,0,1,1,0,0,0,1,1,0,0,1,0,0,0,0,0,0,0,1,0,-0.4999999999999997,-0.8660254037844388,-0.5680647467311556,-0.8229838658936565,0,1107.4,338631.35,338631.35,338631.35,338631.35,338631.35,338631.35,338631.35,338631.35,0.0,338631.35,0.0,338631.35,0.0,338631.35,0.0,338631.35,338631.35,338631.35,338631.35,0.0,0.0,0.0,0.0,0.0,0.0,,12.732670284578193,1.428,0,0,0.5,291170.55,395,2017,3
Wheat,2017-08-07,338631.35,NGN,NGN/MT,Historical (World Bank Pink Sheet × FX),wholesale,National,,,0.65,False,Synthetic: World Bank wheat USD × NGN/USD FX + Nigeria import premium (calibrated),Synthetic (World Bank/FAO × FX),historical,True,Hard bound violation (synthetic),100000.0,305.79,212.53333333333333,151.26666666666668,16.3,17.9,0,1,0,0,1,0,1,1,0,0,1,0,0,0,0,1,0,0,1,0,-0.8660254037844384,-0.5000000000000004,-0.663122658240795,-0.7485107481711013,0,1107.4,338631.35,338631.35,338631.35,338631.35,338631.35,338631.35,338631.35,338631.35,0.0,338631.35,0.0,338631.35,0.0,338631.35,0.0,338631.35,338631.35,338631.35,338631.35,0.0,0.0,0.0,0.0,0.0,0.0,,12.732670284578193,1.428,0,0,0.0,291170.55,396,2017,3
Wheat,2017-08-14,338631.35,NGN,NGN/MT,Historical (World Bank Pink Sheet × FX),wholesale,National,,,0.65,False,Synthetic: World Bank wheat USD × NGN/USD FX + Nigeria import premium (calibrated),Synthetic (World Bank/FAO × FX),historical,True,Hard bound violation (synthetic),100000.0,305.79,204.8125,153.4375,16.3,17.9,0,1,0,0,1,0,1,1,0,0,1,0,0,0,0,1,0,0,1,0,-0.8660254037844384,-0.5000000000000004,-0.7485107481711011,-0.6631226582407952,0,1107.4,338631.35,338631.35,338631.35,338631.35,338631.35,338631.35,338631.35,338631.35,0.0,338631.35,0.0,338631.35,0.0,338631.35,0.0,338631.35,338631.35,338631.35,338631.35,0.0,0.0,0.0,0.0,0.0,0.0,,12.732670284578193,1.4,0,0,0.0,291170.55,397,2017,3
Wheat,2017-08-21,338631.35,NGN,NGN/MT,Historical (World Bank Pink Sheet × FX),wholesale,National,,,0.65,False,Synthetic: World Bank wheat USD × NGN/USD FX + Nigeria import premium (calibrated),Synthetic (World Bank/FAO × FX),historical,True,Hard bound violation (synthetic),100000.0,305.79,204.8125,153.4375,16.3,17.9,0,1,0,0,1,0,1,1,0,0,1,0,0,0,0,1,0,0,1,0,-0.8660254037844384,-0.5000000000000004,-0.8229838658936564,-0.5680647467311559,0,1107.4,338631.35,338631.35,338631.35,338631.35,338631.35,338631.35,338631.35,338631.35,0.0,338631.35,0.0,338631.35,0.0,338631.35,0.0,338631.35,338631.35,338631.35,338631.35,0.0,0.0,0.0,0.0,0.0,0.0,,12.732670284578193,1.4,0,0,0.0,291170.55,398,2017,3
Wheat,2017-08-28,338631.35,NGN,NGN/MT,Historical (World Bank Pink Sheet × FX),wholesale,National,,,0.65,False,Synthetic: World Bank wheat USD × NGN/USD FX + Nigeria import premium (calibrated),Synthetic (World Bank/FAO × FX),historical,True,Hard bound violation (synthetic),100000.0,305.79,204.8125,153.4375,16.3,17.9,0,1,0,0,1,0,1,1,0,0,1,0,0,0,0,1,0,0,1,0,-0.8660254037844384,-0.5000000000000004,-0.8854560256532096,-0.4647231720437691,0,1107.4,338631.35,338631.35,338631.35,338631.35,338631.35,338631.35,338631.35,338631.35,0.0,338631.35,0.0,338631.35,0.0,338631.35,0.0,338631.35,338631.35,338631.35,338631.35,0.0,0.0,0.0,0.0,0.0,0.0,,12.732670284578193,1.4,0,0,0.0,291170.55,399,2017,3
Wheat,2017-09-04,338631.35,NGN,NGN/MT,Historical (World Bank Pink Sheet × FX),wholesale,National,,,0.65,False,Synthetic: World Bank wheat USD × NGN/USD FX + Nigeria import premium (calibrated),Synthetic (World Bank/FAO × FX),historical,True,Hard bound violation (synthetic),100000.0,305.79,204.8125,153.4375,16.3,17.9,0,1,0,0,1,1,0,0,0,0,0,0,0,0,0,1,0,0,0,0,-1.0,-1.8369701987210287e-16,-0.9350162426854148,-0.3546048870425359,0,1107.4,338631.35,338631.35,338631.35,338631.35,338631.35,338631.35,338631.35,338631.35,0.0,338631.35,0.0,338631.35,0.0,338631.35,0.0,338631.35,338631.35,338631.35,338631.35,0.0,0.0,0.0,0.0,0.0,0.0,,12.732670284578193,1.4,0,0,0.5,291170.55,400,2017,3
Wheat,2017-09-11,338631.35,NGN,NGN/MT,Historical (World Bank Pink Sheet × FX),wholesale,National,,,0.65,False,Synthetic: World Bank wheat USD × NGN/USD FX + Nigeria import premium (calibrated),Synthetic (World Bank/FAO × FX),historical,True,Hard bound violation (synthetic),100000.0,305.79,203.5,154.71428571428572,16.3,17.9,0,1,0,0,1,1,0,0,0,0,0,0,0,0,0,1,0,0,0,0,-1.0,-1.8369701987210287e-16,-0.970941817426052,-0.2393156642875577,0,1107.4,338631.35,338631.35,338631.35,338631.35,338631.35,338631.35,338631.35,338631.35,0.0,338631.35,0.0,338631.35,0.0,338631.35,0.0,338631.35,338631.35,338631.35,338631.35,0.0,0.0,0.0,0.0,0.0,0.0,,12.732670284578193,1.398,0,0,0.5,291170.55,401,2017,3
Wheat,2017-09-18,338631.35,NGN,NGN/MT,Historical (World Bank Pink Sheet × FX),wholesale,National,,,0.65,False,Synthetic: World Bank wheat USD × NGN/USD FX + Nigeria import premium (calibrated),Synthetic (World Bank/FAO × FX),historical,True,Hard bound violation (synthetic),100000.0,305.79,203.5,154.71428571428572,16.3,17.9,0,1,0,0,1,1,0,0,0,0,0,0,0,0,0,1,0,0,0,0,-1.0,-1.8369701987210287e-16,-0.992708874098054,-0.1205366802553235,0,1107.4,338631.35,338631.35,338631.35,338631.35,338631.35,338631.35,338631.35,338631.35,0.0,338631.35,0.0,338631.35,0.0,338631.35,0.0,338631.35,338631.35,338631.35,338631.35,0.0,0.0,0.0,0.0,0.0,0.0,,12.732670284578193,1.398,0,0,0.5,291170.55,402,2017,3
Wheat,2017-09-25,338631.35,NGN,NGN/MT,Historical (World Bank Pink Sheet × FX),wholesale,National,,,0.65,False,Synthetic: World Bank wheat USD × NGN/USD FX + Nigeria import premium (calibrated),Synthetic (World Bank/FAO × FX),historical,True,Hard bound violation (synthetic),100000.0,305.79,203.5,154.71428571428572,16.3,17.9,0,1,0,0,1,1,0,0,0,0,0,0,0,0,0,1,0,0,0,0,-1.0,-1.8369701987210287e-16,-1.0,-1.8369701987210287e-16,0,1107.4,338631.35,338631.35,338631.35,338631.35,338631.35,338631.35,338631.35,338631.35,0.0,338631.35,0.0,338631.35,0.0,338631.35,0.0,338631.35,338631.35,338631.35,338631.35,0.0,0.0,0.0,0.0,0.0,0.0,,12.732670284578193,1.398,0,0,0.5,291170.55,403,2017,3
Wheat,2017-10-02,338631.35,NGN,NGN/MT,Historical (World Bank Pink Sheet × FX),wholesale,National,,,0.65,False,Synthetic: World Bank wheat USD × NGN/USD FX + Nigeria import premium (calibrated),Synthetic (World Bank/FAO × FX),historical,True,Hard bound violation (synthetic),100000.0,305.79,203.5,154.71428571428572,16.3,17.9,0,1,0,0,0,1,0,0,0,1,0,1,0,1,1,1,1,0,0,0,-0.8660254037844386,0.5000000000000001,-0.992708874098054,0.1205366802553232,0,1107.4,338631.35,338631.35,338631.35,338631.35,338631.35,338631.35,338631.35,338631.35,0.0,338631.35,0.0,338631.35,0.0,338631.35,0.0,338631.35,338631.35,338631.35,338631.35,0.0,0.0,0.0,0.0,0.0,0.0,,12.732670284578193,1.398,0,0,0.5,291170.55,404,2017,4
Wheat,2017-10-09,338631.35,NGN,NGN/MT,Historical (World Bank Pink Sheet × FX),wholesale,National,,,0.65,False,Synthetic: World Bank wheat USD × NGN/USD FX + Nigeria import premium (calibrated),Synthetic (World Bank/FAO × FX),historical,True,Hard bound violation (synthetic),100000.0,305.79,190.25,157.0,16.3,17.9,0,1,0,0,0,1,0,0,0,1,0,1,0,1,1,1,1,0,0,0,-0.8660254037844386,0.5000000000000001,-0.970941817426052,0.2393156642875573,0,1107.4,338631.35,338631.35,338631.35,338631.35,338631.35,338631.35,338631.35,338631.35,0.0,338631.35,0.0,338631.35,0.0,338631.35,0.0,338631.35,338631.35,338631.35,338631.35,0.0,0.0,0.0,0.0,0.0,0.0,,12.732670284578193,1.345,0,0,0.5,291170.55,405,2017,4
Wheat,2017-10-16,338631.35,NGN,NGN/MT,Historical (World Bank Pink Sheet × FX),wholesale,National,,,0.65,False,Synthetic: World Bank wheat USD × NGN/USD FX + Nigeria import premium (calibrated),Synthetic (World Bank/FAO × FX),historical,True,Hard bound violation (synthetic),100000.0,305.79,190.25,157.0,16.3,17.9,0,1,0,0,0,1,0,0,0,1,0,1,0,1,1,1,1,0,0,0,-0.8660254037844386,0.5000000000000001,-0.9350162426854148,0.3546048870425355,0,1107.4,338631.35,338631.35,338631.35,338631.35,338631.35,338631.35,338631.35,338631.35,0.0,338631.35,0.0,338631.35,0.0,338631.35,0.0,338631.35,338631.35,338631.35,338631.35,0.0,0.0,0.0,0.0,0.0,0.0,,12.732670284578193,1.345,0,0,0.5,291170.55,406,2017,4
Wheat,2017-10-23,338631.35,NGN,NGN/MT,Historical (World Bank Pink Sheet × FX),wholesale,National,,,0.65,False,Synthetic: World Bank wheat USD × NGN/USD FX + Nigeria import premium (calibrated),Synthetic (World Bank/FAO × FX),historical,True,Hard bound violation (synthetic),100000.0,305.79,190.25,157.0,16.3,17.9,0,1,0,0,0,1,0,0,0,1,0,1,0,1,1,1,1,0,0,0,-0.8660254037844386,0.5000000000000001,-0.8854560256532101,0.464723172043768,0,1107.4,338631.35,338631.35,338631.35,338631.35,338631.35,338631.35,338631.35,338631.35,0.0,338631.35,0.0,338631.35,0.0,338631.35,0.0,338631.35,338631.35,338631.35,338631.35,0.0,0.0,0.0,0.0,0.0,0.0,,12.732670284578193,1.345,0,0,0.5,291170.55,407,2017,4
Wheat,2017-10-30,338631.35,NGN,NGN/MT,Historical (World Bank Pink Sheet × FX),wholesale,National,,,0.65,False,Synthetic: World Bank wheat USD × NGN/USD FX + Nigeria import premium (calibrated),Synthetic (World Bank/FAO × FX),historical,True,Hard bound violation (synthetic),100000.0,305.79,190.25,157.0,16.3,17.9,0,1,0,0,0,1,0,0,0,1,0,1,0,1,1,1,1,0,0,0,-0.8660254037844386,0.5000000000000001,-0.822983865893657,0.5680647467311548,0,1107.4,338631.35,338631.35,338631.35,338631.35,338631.35,338631.35,338631.35,338631.35,0.0,338631.35,0.0,338631.35,0.0,338631.35,0.0,338631.35,338631.35,338631.35,338631.35,0.0,0.0,0.0,0.0,0.0,0.0,,12.732670284578193,1.345,0,0,0.5,291170.55,408,2017,4
Wheat,2017-11-06,338631.35,NGN,NGN/MT,Historical (World Bank Pink Sheet × FX),wholesale,National,,,0.65,False,Synthetic: World Bank wheat USD × NGN/USD FX + Nigeria import premium (calibrated),Synthetic (World Bank/FAO × FX),historical,True,Hard bound violation (synthetic),101210.54,305.79,190.25,157.0,16.3,17.9,1,0,0,0,0,1,0,0,0,1,0,1,1,1,1,0,1,0,0,0,-0.5000000000000004,0.8660254037844384,-0.7485107481711011,0.6631226582407952,1,1107.4,338631.35,338631.35,338631.35,338631.35,338631.35,338631.35,338631.35,338631.35,0.0,338631.35,0.0,338631.35,0.0,338631.35,0.0,338631.35,338631.35,338631.35,338631.35,0.0,0.0,0.0,0.0,0.0,0.0,,12.732670284578193,1.345,0,0,0.5,291170.55,409,2017,4
Wheat,2017-11-13,338631.35,NGN,NGN/MT,Historical (World Bank Pink Sheet × FX),wholesale,National,,,0.65,False,Synthetic: World Bank wheat USD × NGN/USD FX + Nigeria import premium (calibrated),Synthetic (World Bank/FAO × FX),historical,True,Hard bound violation (synthetic),101800.13,305.79,215.95,156.19538461538465,16.3,17.9,1,0,0,0,0,1,0,0,0,1,0,1,1,1,1,0,1,0,0,0,-0.5000000000000004,0.8660254037844384,-0.6631226582407955,0.7485107481711007,1,1107.4,338631.35,338631.35,338631.35,338631.35,338631.35,338631.35,338631.35,338631.35,0.0,338631.35,0.0,338631.35,0.0,338631.35,0.0,338631.35,338631.35,338631.35,338631.35,0.0,0.0,0.0,0.0,0.0,0.0,,12.732670284578193,1.458,0,0,0.5,291170.55,410,2017,4
Wheat,2017-11-20,338631.35,NGN,NGN/MT,Historical (World Bank Pink Sheet × FX),wholesale,National,,,0.65,False,Synthetic: World Bank wheat USD × NGN/USD FX + Nigeria import premium (calibrated),Synthetic (World Bank/FAO × FX),historical,True,Hard bound violation (synthetic),100000.0,305.79,215.95,156.19538461538465,16.3,17.9,1,0,0,0,0,1,0,0,0,1,0,1,1,1,1,0,1,0,0,0,-0.5000000000000004,0.8660254037844384,-0.5680647467311559,0.8229838658936564,1,1107.4,338631.35,338631.35,338631.35,338631.35,338631.35,338631.35,338631.35,338631.35,0.0,338631.35,0.0,338631.35,0.0,338631.35,0.0,338631.35,338631.35,338631.35,338631.35,0.0,0.0,0.0,0.0,0.0,0.0,,12.732670284578193,1.458,0,0,0.5,291170.55,411,2017,4
Wheat,2017-11-27,338631.35,NGN,NGN/MT,Historical (World Bank Pink Sheet × FX),wholesale,National,,,0.65,False,Synthetic: World Bank wheat USD × NGN/USD FX + Nigeria import premium (calibrated),Synthetic (World Bank/FAO × FX),historical,True,Hard bound violation (synthetic),100000.0,305.79,215.95,156.19538461538465,16.3,17.9,1,0,0,0,0,1,0,0,0,1,0,1,1,1,1,0,1,0,0,0,-0.5000000000000004,0.8660254037844384,-0.4647231720437684,0.88545602565321,1,1107.4,338631.35,338631.35,338631.35,338631.35,338631.35,338631.35,338631.35,338631.35,0.0,338631.35,0.0,338631.35,0.0,338631.35,0.0,338631.35,338631.35,338631.35,338631.35,0.0,0.0,0.0,0.0,0.0,0.0,,12.732670284578193,1.458,0,0,0.5,291170.55,412,2017,4
Wheat,2017-12-04,338631.35,NGN,NGN/MT,Historical (World Bank Pink Sheet × FX),wholesale,National,,,0.65,False,Synthetic: World Bank wheat USD × NGN/USD FX + Nigeria import premium (calibrated),Synthetic (World Bank/FAO × FX),historical,True,Hard bound violation (synthetic),106597.53,305.79,215.95,156.19538461538465,16.3,17.9,1,0,0,0,0,0,0,0,0,1,0,1,1,1,1,0,0,0,0,1,-2.4492935982947064e-16,1.0,-0.3546048870425359,0.9350162426854148,1,1107.4,338631.35,338631.35,338631.35,338631.35,338631.35,338631.35,338631.35,338631.35,0.0,338631.35,0.0,338631.35,0.0,338631.35,0.0,338631.35,338631.35,338631.35,338631.35,0.0,0.0,0.0,0.0,0.0,0.0,,12.732670284578193,1.458,0,0,0.0,291170.55,413,2017,4
Wheat,2017-12-11,338631.35,NGN,NGN/MT,Historical (World Bank Pink Sheet × FX),wholesale,National,,,0.65,False,Synthetic: World Bank wheat USD × NGN/USD FX + Nigeria import premium (calibrated),Synthetic (World Bank/FAO × FX),historical,True,Hard bound violation (synthetic),103685.94,305.79,240.99375,169.78285714285715,16.3,17.9,1,0,0,0,0,0,0,0,0,1,0,1,1,1,1,0,0,0,0,1,-2.4492935982947064e-16,1.0,-0.2393156642875578,0.970941817426052,1,1107.4,338631.35,338631.35,338631.35,338631.35,338631.35,338631.35,338631.35,338631.35,0.0,338631.35,0.0,338631.35,0.0,338631.35,0.0,338631.35,338631.35,338631.35,338631.35,0.0,0.0,0.0,0.0,0.0,0.0,,12.732670284578193,1.613,0,0,0.0,291170.55,414,2017,4
Wheat,2017-12-18,338631.35,NGN,NGN/MT,Historical (World Bank Pink Sheet × FX),wholesale,National,,,0.65,False,Synthetic: World Bank wheat USD × NGN/USD FX + Nigeria import premium (calibrated),Synthetic (World Bank/FAO × FX),historical,True,Hard bound violation (synthetic),100357.21,305.79,240.99375,169.78285714285715,16.3,17.9,1,0,0,0,0,0,0,0,0,1,0,1,1,1,1,0,0,0,0,1,-2.4492935982947064e-16,1.0,-0.1205366802553236,0.992708874098054,1,1107.4,338631.35,338631.35,338631.35,338631.35,338631.35,338631.35,338631.35,338631.35,0.0,338631.35,0.0,338631.35,0.0,338631.35,0.0,338631.35,338631.35,338631.35,338631.35,0.0,0.0,0.0,0.0,0.0,0.0,,12.732670284578193,1.613,0,0,0.0,291170.55,415,2017,4
Wheat,2017-12-25,338631.35,NGN,NGN/MT,Historical (World Bank Pink Sheet × FX),wholesale,National,,,0.65,False,Synthetic: World Bank wheat USD × NGN/USD FX + Nigeria import premium (calibrated),Synthetic (World Bank/FAO × FX),historical,True,Hard bound violation (synthetic),107439.8,305.79,240.99375,169.78285714285715,16.3,17.9,1,0,0,0,0,0,0,0,0,1,0,1,1,1,1,0,0,0,0,1,-2.4492935982947064e-16,1.0,6.432490598706546e-16,1.0,1,1107.4,338631.35,338631.35,338631.35,338631.35,338631.35,338631.35,338631.35,338631.35,0.0,338631.35,0.0,338631.35,0.0,338631.35,0.0,338631.35,338631.35,338631.35,338631.35,0.0,0.0,0.0,0.0,0.0,0.0,,12.732670284578193,1.613,0,0,0.0,291170.55,416,2017,4
Wheat,2018-01-01,338631.35,NGN,NGN/MT,Historical (World Bank Pink Sheet × FX),wholesale,National,,,0.65,False,Synthetic: World Bank wheat USD × NGN/USD FX + Nigeria import premium (calibrated),Synthetic (World Bank/FAO × FX),historical,True,Hard bound violation (synthetic),129004.92,306.08,240.99375,169.78285714285715,15.1,16.2,1,0,0,0,0,0,0,0,0,1,0,0,1,0,0,0,0,0,0,1,0.4999999999999999,0.8660254037844387,0.120536680255323,0.992708874098054,1,1106.35,338631.35,338631.35,338631.35,338631.35,338631.35,338631.35,338631.35,338631.35,0.0,338631.35,0.0,338631.35,0.0,338631.35,0.0,338631.35,338631.35,338631.35,338631.35,0.0,0.0,0.0,0.0,0.0,0.0,,12.732670284578193,1.613,0,0,0.0,294206.21,417,2018,1
Wheat,2018-01-08,338631.35,NGN,NGN/MT,Historical (World Bank Pink Sheet × FX),wholesale,National,,,0.65,False,Synthetic: World Bank wheat USD × NGN/USD FX + Nigeria import premium (calibrated),Synthetic (World Bank/FAO × FX),historical,True,Hard bound violation (synthetic),133107.06,306.08,240.99375,169.78285714285715,15.1,16.2,1,0,0,0,0,0,0,0,0,1,0,0,1,0,0,0,0,0,0,1,0.4999999999999999,0.8660254037844387,0.2393156642875577,0.970941817426052,1,1106.35,338631.35,338631.35,338631.35,338631.35,338631.35,338631.35,338631.35,338631.35,0.0,338631.35,0.0,338631.35,0.0,338631.35,0.0,338631.35,338631.35,338631.35,338631.35,0.0,0.0,0.0,0.0,0.0,0.0,,12.732670284578193,1.613,0,0,0.0,294206.21,418,2018,1
Wheat,2018-01-15,338631.35,NGN,NGN/MT,Historical (World Bank Pink Sheet × FX),wholesale,National,,,0.65,False,Synthetic: World Bank wheat USD × NGN/USD FX + Nigeria import premium (calibrated),Synthetic (World Bank/FAO × FX),historical,True,Hard bound violation (synthetic),128819.19,306.08,220.75923076923075,203.8007692307692,15.1,16.2,1,0,0,0,0,0,0,0,0,1,0,0,1,0,0,0,0,0,0,1,0.4999999999999999,0.8660254037844387,0.3546048870425356,0.9350162426854148,1,1106.35,338631.35,338631.35,338631.35,338631.35,338631.35,338631.35,338631.35,338631.35,0.0,338631.35,0.0,338631.35,0.0,338631.35,0.0,338631.35,338631.35,338631.35,338631.35,0.0,0.0,0.0,0.0,0.0,0.0,,12.732670284578193,1.627,0,0,0.0,294206.21,419,2018,1
Wheat,2018-01-22,338631.35,NGN,NGN/MT,Historical (World Bank Pink Sheet × FX),wholesale,National,,,0.65,False,Synthetic: World Bank wheat USD × NGN/USD FX + Nigeria import premium (calibrated),Synthetic (World Bank/FAO × FX),historical,True,Hard bound violation (synthetic),136506.6,306.08,220.75923076923075,203.8007692307692,15.1,16.2,1,0,0,0,0,0,0,0,0,1,0,0,1,0,0,0,0,0,0,1,0.4999999999999999,0.8660254037844387,0.4647231720437685,0.8854560256532099,1,1106.35,338631.35,338631.35,338631.35,338631.35,338631.35,338631.35,338631.35,338631.35,0.0,338631.35,0.0,338631.35,0.0,338631.35,0.0,338631.35,338631.35,338631.35,338631.35,0.0,0.0,0.0,0.0,0.0,0.0,,12.732670284578193,1.627,0,0,0.0,294206.21,420,2018,1
Wheat,2018-01-29,338631.35,NGN,NGN/MT,Historical (World Bank Pink Sheet × FX),wholesale,National,,,0.65,False,Synthetic: World Bank wheat USD × NGN/USD FX + Nigeria import premium (calibrated),Synthetic (World Bank/FAO × FX),historical,True,Hard bound violation (synthetic),135328.72,306.08,220.75923076923075,203.8007692307692,15.1,16.2,1,0,0,0,0,0,0,0,0,1,0,0,1,0,0,0,0,0,0,1,0.4999999999999999,0.8660254037844387,0.5680647467311558,0.8229838658936564,1,1106.35,338631.35,338631.35,338631.35,338631.35,338631.35,338631.35,338631.35,338631.35,0.0,338631.35,0.0,338631.35,0.0,338631.35,0.0,338631.35,338631.35,338631.35,338631.35,0.0,0.0,0.0,0.0,0.0,0.0,,12.732670284578193,1.627,0,0,0.0,294206.21,421,2018,1
Wheat,2018-02-05,338631.35,NGN,NGN/MT,Historical (World Bank Pink Sheet × FX),wholesale,National,,,0.65,False,Synthetic: World Bank wheat USD × NGN/USD FX + Nigeria import premium (calibrated),Synthetic (World Bank/FAO × FX),historical,True,Hard bound violation (synthetic),131244.26,306.08,220.75923076923075,203.8007692307692,15.1,16.2,1,0,0,0,0,0,0,0,1,1,0,0,1,0,0,0,0,0,0,0,0.8660254037844386,0.5000000000000001,0.6631226582407952,0.7485107481711011,1,1106.35,338631.35,338631.35,338631.35,338631.35,338631.35,338631.35,338631.35,338631.35,0.0,338631.35,0.0,338631.35,0.0,338631.35,0.0,338631.35,338631.35,338631.35,338631.35,0.0,0.0,0.0,0.0,0.0,0.0,,12.732670284578193,1.627,0,0,0.0,294206.21,422,2018,1
Wheat,2018-02-12,338631.35,NGN,NGN/MT,Historical (World Bank Pink Sheet × FX),wholesale,National,,,0.65,False,Synthetic: World Bank wheat USD × NGN/USD FX + Nigeria import premium (calibrated),Synthetic (World Bank/FAO × FX),historical,True,Hard bound violation (synthetic),136086.07,306.08,218.217,198.105,15.1,16.2,1,0,0,0,0,0,0,0,1,1,0,0,1,0,0,0,0,0,0,0,0.8660254037844386,0.5000000000000001,0.7485107481711011,0.6631226582407953,1,1106.35,338631.35,338631.35,338631.35,338631.35,338631.35,338631.35,338631.35,338631.35,0.0,338631.35,0.0,338631.35,0.0,338631.35,0.0,338631.35,338631.35,338631.35,338631.35,0.0,0.0,0.0,0.0,0.0,0.0,,12.732670284578193,1.598,0,0,0.0,294206.21,423,2018,1
Wheat,2018-02-19,338631.35,NGN,NGN/MT,Historical (World Bank Pink Sheet × FX),wholesale,National,,,0.65,False,Synthetic: World Bank wheat USD × NGN/USD FX + Nigeria import premium (calibrated),Synthetic (World Bank/FAO × FX),historical,True,Hard bound violation (synthetic),134792.07,306.08,218.217,198.105,15.1,16.2,1,0,0,0,0,0,0,0,1,1,0,0,1,0,0,0,0,0,0,0,0.8660254037844386,0.5000000000000001,0.8229838658936564,0.5680647467311559,1,1106.35,338631.35,338631.35,338631.35,338631.35,338631.35,338631.35,338631.35,338631.35,0.0,338631.35,0.0,338631.35,0.0,338631.35,0.0,338631.35,338631.35,338631.35,338631.35,0.0,0.0,0.0,0.0,0.0,0.0,,12.732670284578193,1.598,0,0,0.0,294206.21,424,2018,1
Wheat,2018-02-26,338631.35,NGN,NGN/MT,Historical (World Bank Pink Sheet × FX),wholesale,National,,,0.65,False,Synthetic: World Bank wheat USD × NGN/USD FX + Nigeria import premium (calibrated),Synthetic (World Bank/FAO × FX),historical,True,Hard bound violation (synthetic),137661.2,306.08,218.217,198.105,15.1,16.2,1,0,0,0,0,0,0,0,1,1,0,0,1,0,0,0,0,0,0,0,0.8660254037844386,0.5000000000000001,0.8854560256532099,0.4647231720437686,1,1106.35,338631.35,338631.35,338631.35,338631.35,338631.35,338631.35,338631.35,338631.35,0.0,338631.35,0.0,338631.35,0.0,338631.35,0.0,338631.35,338631.35,338631.35,338631.35,0.0,0.0,0.0,0.0,0.0,0.0,,12.732670284578193,1.598,0,0,0.0,294206.21,425,2018,1
Wheat,2018-03-05,338631.35,NGN,NGN/MT,Historical (World Bank Pink Sheet × FX),wholesale,National,,,0.65,False,Synthetic: World Bank wheat USD × NGN/USD FX + Nigeria import premium (calibrated),Synthetic (World Bank/FAO × FX),historical,True,Hard bound violation (synthetic),130781.94,306.08,218.217,198.105,15.1,16.2,1,0,0,1,0,0,0,0,1,1,0,0,0,0,0,0,0,0,0,0,1.0,6.123233995736766e-17,0.9350162426854148,0.3546048870425355,0,1106.35,338631.35,338631.35,338631.35,338631.35,338631.35,338631.35,338631.35,338631.35,0.0,338631.35,0.0,338631.35,0.0,338631.35,0.0,338631.35,338631.35,338631.35,338631.35,0.0,0.0,0.0,0.0,0.0,0.0,,12.732670284578193,1.598,0,0,0.0,294206.21,426,2018,1
Wheat,2018-03-12,338631.35,NGN,NGN/MT,Historical (World Bank Pink Sheet × FX),wholesale,National,,,0.65,False,Synthetic: World Bank wheat USD × NGN/USD FX + Nigeria import premium (calibrated),Synthetic (World Bank/FAO × FX),historical,True,Hard bound violation (synthetic),137452.57,306.08,216.24428571428567,172.50142857142856,15.1,16.2,1,0,0,1,0,0,0,0,1,1,0,0,0,0,0,0,0,0,0,0,1.0,6.123233995736766e-17,0.970941817426052,0.239315664287558,0,1106.35,338631.35,338631.35,338631.35,338631.35,338631.35,338631.35,338631.35,338631.35,0.0,338631.35,0.0,338631.35,0.0,338631.35,0.0,338631.35,338631.35,338631.35,338631.35,0.0,0.0,0.0,0.0,0.0,0.0,,12.732670284578193,1.51,0,0,0.0,294206.21,427,2018,1
Wheat,2018-03-19,338631.35,NGN,NGN/MT,Historical (World Bank Pink Sheet × FX),wholesale,National,,,0.65,False,Synthetic: World Bank wheat USD × NGN/USD FX + Nigeria import premium (calibrated),Synthetic (World Bank/FAO × FX),historical,True,Hard bound violation (synthetic),138957.11,306.08,216.24428571428567,172.50142857142856,15.1,16.2,1,0,0,1,0,0,0,0,1,1,0,0,0,0,0,0,0,0,0,0,1.0,6.123233995736766e-17,0.992708874098054,0.120536680255323,0,1106.35,338631.35,338631.35,338631.35,338631.35,338631.35,338631.35,338631.35,338631.35,0.0,338631.35,0.0,338631.35,0.0,338631.35,0.0,338631.35,338631.35,338631.35,338631.35,0.0,0.0,0.0,0.0,0.0,0.0,,12.732670284578193,1.51,0,0,0.0,294206.21,428,2018,1
Wheat,2018-03-26,338631.35,NGN,NGN/MT,Historical (World Bank Pink Sheet × FX),wholesale,National,,,0.65,False,Synthetic: World Bank wheat USD × NGN/USD FX + Nigeria import premium (calibrated),Synthetic (World Bank/FAO × FX),historical,True,Hard bound violation (synthetic),127574.59,306.08,216.24428571428567,172.50142857142856,15.1,16.2,1,0,0,1,0,0,0,0,1,1,0,0,0,0,0,0,0,0,0,0,1.0,6.123233995736766e-17,1.0,-1.6081226496766364e-16,0,1106.35,338631.35,338631.35,338631.35,338631.35,338631.35,338631.35,338631.35,338631.35,0.0,338631.35,0.0,338631.35,0.0,338631.35,0.0,338631.35,338631.35,338631.35,338631.35,0.0,0.0,0.0,0.0,0.0,0.0,,12.732670284578193,1.51,0,0,0.0,294206.21,429,2018,1
Wheat,2018-04-02,338631.35,NGN,NGN/MT,Historical (World Bank Pink Sheet × FX),wholesale,National,,,0.65,False,Synthetic: World Bank wheat USD × NGN/USD FX + Nigeria import premium (calibrated),Synthetic (World Bank/FAO × FX),historical,True,Hard bound violation (synthetic),127537.96,306.08,216.24428571428567,172.50142857142856,15.1,16.2,0,1,1,1,0,0,0,0,1,0,0,0,0,0,0,0,0,0,0,0,0.8660254037844387,-0.4999999999999998,0.992708874098054,-0.1205366802553228,0,1106.35,338631.35,338631.35,338631.35,338631.35,338631.35,338631.35,338631.35,338631.35,0.0,338631.35,0.0,338631.35,0.0,338631.35,0.0,338631.35,338631.35,338631.35,338631.35,0.0,0.0,0.0,0.0,0.0,0.0,,12.732670284578193,1.51,0,0,0.5,294206.21,430,2018,2
Wheat,2018-04-09,338631.35,NGN,NGN/MT,Historical (World Bank Pink Sheet × FX),wholesale,National,,,0.65,False,Synthetic: World Bank wheat USD × NGN/USD FX + Nigeria import premium (calibrated),Synthetic (World Bank/FAO × FX),historical,True,Hard bound violation (synthetic),124142.35,306.08,222.99444444444444,155.70000000000002,15.1,16.2,0,1,1,1,0,0,0,0,1,0,0,0,0,0,0,0,0,0,0,0,0.8660254037844387,-0.4999999999999998,0.970941817426052,-0.2393156642875575,0,1106.35,338631.35,338631.35,338631.35,338631.35,338631.35,338631.35,338631.35,338631.35,0.0,338631.35,0.0,338631.35,0.0,338631.35,0.0,338631.35,338631.35,338631.35,338631.35,0.0,0.0,0.0,0.0,0.0,0.0,,12.732670284578193,1.489,0,0,0.5,294206.21,431,2018,2
Wheat,2018-04-16,338631.35,NGN,NGN/MT,Historical (World Bank Pink Sheet × FX),wholesale,National,,,0.65,False,Synthetic: World Bank wheat USD × NGN/USD FX + Nigeria import premium (calibrated),Synthetic (World Bank/FAO × FX),historical,True,Hard bound violation (synthetic),131163.17,306.08,222.99444444444444,155.70000000000002,15.1,16.2,0,1,1,1,0,0,0,0,1,0,0,0,0,0,0,0,0,0,0,0,0.8660254037844387,-0.4999999999999998,0.9350162426854148,-0.3546048870425354,0,1106.35,338631.35,338631.35,338631.35,338631.35,338631.35,338631.35,338631.35,338631.35,0.0,338631.35,0.0,338631.35,0.0,338631.35,0.0,338631.35,338631.35,338631.35,338631.35,0.0,0.0,0.0,0.0,0.0,0.0,,12.732670284578193,1.489,0,0,0.5,294206.21,432,2018,2
Wheat,2018-04-23,338631.35,NGN,NGN/MT,Historical (World Bank Pink Sheet × FX),wholesale,National,,,0.65,False,Synthetic: World Bank wheat USD × NGN/USD FX + Nigeria import premium (calibrated),Synthetic (World Bank/FAO × FX),historical,True,Hard bound violation (synthetic),135078.35,306.08,222.99444444444444,155.70000000000002,15.1,16.2,0,1,1,1,0,0,0,0,1,0,0,0,0,0,0,0,0,0,0,0,0.8660254037844387,-0.4999999999999998,0.8854560256532099,-0.4647231720437685,0,1106.35,338631.35,338631.35,338631.35,338631.35,338631.35,338631.35,338631.35,338631.35,0.0,338631.35,0.0,338631.35,0.0,338631.35,0.0,338631.35,338631.35,338631.35,338631.35,0.0,0.0,0.0,0.0,0.0,0.0,,12.732670284578193,1.489,0,0,0.5,294206.21,433,2018,2
Wheat,2018-04-30,338631.35,NGN,NGN/MT,Historical (World Bank Pink Sheet × FX),wholesale,National,,,0.65,False,Synthetic: World Bank wheat USD × NGN/USD FX + Nigeria import premium (calibrated),Synthetic (World Bank/FAO × FX),historical,True,Hard bound violation (synthetic),138191.68,306.08,222.99444444444444,155.70000000000002,15.1,16.2,0,1,1,1,0,0,0,0,1,0,0,0,0,0,0,0,0,0,0,0,0.8660254037844387,-0.4999999999999998,0.8229838658936565,-0.5680647467311557,0,1106.35,338631.35,338631.35,338631.35,338631.35,338631.35,338631.35,338631.35,338631.35,0.0,338631.35,0.0,338631.35,0.0,338631.35,0.0,338631.35,338631.35,338631.35,338631.35,0.0,0.0,0.0,0.0,0.0,0.0,,12.732670284578193,1.489,0,0,0.5,294206.21,434,2018,2
Wheat,2018-05-07,338631.35,NGN,NGN/MT,Historical (World Bank Pink Sheet × FX),wholesale,National,,,0.65,False,Synthetic: World Bank wheat USD × NGN/USD FX + Nigeria import premium (calibrated),Synthetic (World Bank/FAO × FX),historical,True,Hard bound violation (synthetic),126390.37,306.08,222.99444444444444,155.70000000000002,15.1,16.2,0,1,1,1,0,0,0,0,1,0,1,0,0,0,0,0,0,0,0,0,0.4999999999999999,-0.8660254037844387,0.7485107481711013,-0.663122658240795,0,1106.35,338631.35,338631.35,338631.35,338631.35,338631.35,338631.35,338631.35,338631.35,0.0,338631.35,0.0,338631.35,0.0,338631.35,0.0,338631.35,338631.35,338631.35,338631.35,0.0,0.0,0.0,0.0,0.0,0.0,,12.732670284578193,1.489,0,0,0.5,294206.21,435,2018,2
Wheat,2018-05-14,338631.35,NGN,NGN/MT,Historical (World Bank Pink Sheet × FX),wholesale,National,,,0.65,False,Synthetic: World Bank wheat USD × NGN/USD FX + Nigeria import premium (calibrated),Synthetic (World Bank/FAO × FX),historical,True,Hard bound violation (synthetic),132271.59,306.08,212.72466666666665,148.632,15.1,16.2,0,1,1,1,0,0,0,0,1,0,1,0,0,0,0,0,0,0,0,0,0.4999999999999999,-0.8660254037844387,0.6631226582407952,-0.7485107481711012,0,1106.35,338631.35,338631.35,338631.35,338631.35,338631.35,338631.35,338631.35,338631.35,0.0,338631.35,0.0,338631.35,0.0,338631.35,0.0,338631.35,338631.35,338631.35,338631.35,0.0,0.0,0.0,0.0,0.0,0.0,,12.732670284578193,1.42,0,0,0.5,294206.21,436,2018,2
Wheat,2018-05-21,338631.35,NGN,NGN/MT,Historical (World Bank Pink Sheet × FX),wholesale,National,,,0.65,False,Synthetic: World Bank wheat USD × NGN/USD FX + Nigeria import premium (calibrated),Synthetic (World Bank/FAO × FX),historical,True,Hard bound violation (synthetic),120888.71,306.08,212.72466666666665,148.632,15.1,16.2,0,1,1,1,0,0,0,0,1,0,1,0,0,0,0,0,0,1,0,0,0.4999999999999999,-0.8660254037844387,0.5680647467311558,-0.8229838658936564,0,1106.35,338631.35,338631.35,338631.35,338631.35,338631.35,338631.35,338631.35,338631.35,0.0,338631.35,0.0,338631.35,0.0,338631.35,0.0,338631.35,338631.35,338631.35,338631.35,0.0,0.0,0.0,0.0,0.0,0.0,,12.732670284578193,1.42,0,0,0.5,294206.21,437,2018,2
Wheat,2018-05-28,338631.35,NGN,NGN/MT,Historical (World Bank Pink Sheet × FX),wholesale,National,,,0.65,False,Synthetic: World Bank wheat USD × NGN/USD FX + Nigeria import premium (calibrated),Synthetic (World Bank/FAO × FX),historical,True,Hard bound violation (synthetic),119665.64,306.08,212.72466666666665,148.632,15.1,16.2,0,1,1,1,0,0,0,0,1,0,1,0,0,0,0,0,0,1,0,0,0.4999999999999999,-0.8660254037844387,0.464723172043769,-0.8854560256532096,0,1106.35,338631.35,338631.35,338631.35,338631.35,338631.35,338631.35,338631.35,338631.35,0.0,338631.35,0.0,338631.35,0.0,338631.35,0.0,338631.35,338631.35,338631.35,338631.35,0.0,0.0,0.0,0.0,0.0,0.0,,12.732670284578193,1.42,0,0,0.5,294206.21,438,2018,2
Wheat,2018-06-04,338631.35,NGN,NGN/MT,Historical (World Bank Pink Sheet × FX),wholesale,National,,,0.65,False,Synthetic: World Bank wheat USD × NGN/USD FX + Nigeria import premium (calibrated),Synthetic (World Bank/FAO × FX),historical,True,Hard bound violation (synthetic),118565.92,306.08,212.72466666666665,148.632,15.1,16.2,0,1,1,0,0,0,0,1,0,0,1,0,0,0,0,0,0,1,1,0,1.2246467991473532e-16,-1.0,0.3546048870425358,-0.9350162426854148,0,1106.35,338631.35,338631.35,338631.35,338631.35,338631.35,338631.35,338631.35,338631.35,0.0,338631.35,0.0,338631.35,0.0,338631.35,0.0,338631.35,338631.35,338631.35,338631.35,0.0,0.0,0.0,0.0,0.0,0.0,,12.732670284578193,1.42,0,0,0.5,294206.21,439,2018,2
Wheat,2018-06-11,338631.35,NGN,NGN/MT,Historical (World Bank Pink Sheet × FX),wholesale,National,,,0.65,False,Synthetic: World Bank wheat USD × NGN/USD FX + Nigeria import premium (calibrated),Synthetic (World Bank/FAO × FX),historical,True,Hard bound violation (synthetic),120132.22,306.08,212.72466666666665,148.632,15.1,16.2,0,1,1,0,0,0,0,1,0,0,1,0,0,0,0,0,0,1,1,0,1.2246467991473532e-16,-1.0,0.2393156642875576,-0.970941817426052,0,1106.35,338631.35,338631.35,338631.35,338631.35,338631.35,338631.35,338631.35,338631.35,0.0,338631.35,0.0,338631.35,0.0,338631.35,0.0,338631.35,338631.35,338631.35,338631.35,0.0,0.0,0.0,0.0,0.0,0.0,,12.732670284578193,1.42,0,0,0.5,294206.21,440,2018,2
Wheat,2018-06-18,338631.35,NGN,NGN/MT,Historical (World Bank Pink Sheet × FX),wholesale,National,,,0.65,False,Synthetic: World Bank wheat USD × NGN/USD FX + Nigeria import premium (calibrated),Synthetic (World Bank/FAO × FX),historical,True,Hard bound violation (synthetic),118647.34,306.08,212.72466666666665,148.632,15.1,16.2,0,1,1,0,0,0,0,1,0,0,1,0,0,0,0,0,0,0,1,0,1.2246467991473532e-16,-1.0,0.120536680255323,-0.992708874098054,0,1106.35,338631.35,338631.35,338631.35,338631.35,338631.35,338631.35,338631.35,338631.35,0.0,338631.35,0.0,338631.35,0.0,338631.35,0.0,338631.35,338631.35,338631.35,338631.35,0.0,0.0,0.0,0.0,0.0,0.0,,12.732670284578193,1.42,0,0,0.5,294206.21,441,2018,2
Wheat,2018-06-25,338631.35,NGN,NGN/MT,Historical (World Bank Pink Sheet × FX),wholesale,National,,,0.65,False,Synthetic: World Bank wheat USD × NGN/USD FX + Nigeria import premium (calibrated),Synthetic (World Bank/FAO × FX),historical,True,Hard bound violation (synthetic),111397.71,306.08,212.72466666666665,148.632,15.1,16.2,0,1,1,0,0,0,0,1,0,0,1,0,0,0,0,0,0,0,1,0,1.2246467991473532e-16,-1.0,-3.216245299353273e-16,-1.0,0,1106.35,338631.35,338631.35,338631.35,338631.35,338631.35,338631.35,338631.35,338631.35,0.0,338631.35,0.0,338631.35,0.0,338631.35,0.0,338631.35,338631.35,338631.35,338631.35,0.0,0.0,0.0,0.0,0.0,0.0,,12.732670284578193,1.42,0,0,0.5,294206.21,442,2018,2
Wheat,2018-07-02,338631.35,NGN,NGN/MT,Historical (World Bank Pink Sheet × FX),wholesale,National,,,0.65,False,Synthetic: World Bank wheat USD × NGN/USD FX + Nigeria import premium (calibrated),Synthetic (World Bank/FAO × FX),historical,True,Hard bound violation (synthetic),116004.11,306.08,212.72466666666665,148.632,15.1,16.2,0,1,1,0,0,0,1,1,0,0,1,0,0,0,0,0,0,0,1,0,-0.4999999999999997,-0.8660254037844388,-0.1205366802553228,-0.992708874098054,0,1106.35,338631.35,338631.35,338631.35,338631.35,338631.35,338631.35,338631.35,338631.35,0.0,338631.35,0.0,338631.35,0.0,338631.35,0.0,338631.35,338631.35,338631.35,338631.35,0.0,0.0,0.0,0.0,0.0,0.0,,12.732670284578193,1.42,0,0,0.5,294206.21,443,2018,3
Wheat,2018-07-09,338631.35,NGN,NGN/MT,Historical (World Bank Pink Sheet × FX),wholesale,National,,,0.65,False,Synthetic: World Bank wheat USD × NGN/USD FX + Nigeria import premium (calibrated),Synthetic (World Bank/FAO × FX),historical,True,Hard bound violation (synthetic),111763.21,306.08,220.24166666666667,144.49375,15.1,16.2,0,1,1,0,0,0,1,1,0,0,1,0,0,0,0,0,0,0,1,0,-0.4999999999999997,-0.8660254037844388,-0.2393156642875574,-0.970941817426052,0,1106.35,338631.35,338631.35,338631.35,338631.35,338631.35,338631.35,338631.35,338631.35,0.0,338631.35,0.0,338631.35,0.0,338631.35,0.0,338631.35,338631.35,338631.35,338631.35,0.0,0.0,0.0,0.0,0.0,0.0,,12.732670284578193,1.442,0,0,0.5,294206.21,444,2018,3
Wheat,2018-07-16,338631.35,NGN,NGN/MT,Historical (World Bank Pink Sheet × FX),wholesale,National,,,0.65,False,Synthetic: World Bank wheat USD × NGN/USD FX + Nigeria import premium (calibrated),Synthetic (World Bank/FAO × FX),historical,True,Hard bound violation (synthetic),118651.88,306.08,220.24166666666667,144.49375,15.1,16.2,0,1,1,0,0,0,1,1,0,0,1,0,0,0,0,0,0,0,1,0,-0.4999999999999997,-0.8660254037844388,-0.3546048870425356,-0.9350162426854148,0,1106.35,338631.35,338631.35,338631.35,338631.35,338631.35,338631.35,338631.35,338631.35,0.0,338631.35,0.0,338631.35,0.0,338631.35,0.0,338631.35,338631.35,338631.35,338631.35,0.0,0.0,0.0,0.0,0.0,0.0,,12.732670284578193,1.442,0,0,0.5,294206.21,445,2018,3
Wheat,2018-07-23,338631.35,NGN,NGN/MT,Historical (World Bank Pink Sheet × FX),wholesale,National,,,0.65,False,Synthetic: World Bank wheat USD × NGN/USD FX + Nigeria import premium (calibrated),Synthetic (World Bank/FAO × FX),historical,True,Hard bound violation (synthetic),117594.32,306.08,220.24166666666667,144.49375,15.1,16.2,0,1,1,0,0,0,1,1,0,0,1,0,0,0,0,0,0,0,1,0,-0.4999999999999997,-0.8660254037844388,-0.464723172043768,-0.8854560256532101,0,1106.35,338631.35,338631.35,338631.35,338631.35,338631.35,338631.35,338631.35,338631.35,0.0,338631.35,0.0,338631.35,0.0,338631.35,0.0,338631.35,338631.35,338631.35,338631.35,0.0,0.0,0.0,0.0,0.0,0.0,,12.732670284578193,1.442,0,0,0.5,294206.21,446,2018,3
Wheat,2018-07-30,338631.35,NGN,NGN/MT,Historical (World Bank Pink Sheet × FX),wholesale,National,,,0.65,False,Synthetic: World Bank wheat USD × NGN/USD FX + Nigeria import premium (calibrated),Synthetic (World Bank/FAO × FX),historical,True,Hard bound violation (synthetic),113035.43,306.08,220.24166666666667,144.49375,15.1,16.2,0,1,1,0,0,0,1,1,0,0,1,0,0,0,0,0,0,0,1,0,-0.4999999999999997,-0.8660254037844388,-0.5680647467311556,-0.8229838658936565,0,1106.35,338631.35,338631.35,338631.35,338631.35,338631.35,338631.35,338631.35,338631.35,0.0,338631.35,0.0,338631.35,0.0,338631.35,0.0,338631.35,338631.35,338631.35,338631.35,0.0,0.0,0.0,0.0,0.0,0.0,,12.732670284578193,1.442,0,0,0.5,294206.21,447,2018,3
Wheat,2018-08-06,338631.35,NGN,NGN/MT,Historical (World Bank Pink Sheet × FX),wholesale,National,,,0.65,False,Synthetic: World Bank wheat USD × NGN/USD FX + Nigeria import premium (calibrated),Synthetic (World Bank/FAO × FX),historical,True,Hard bound violation (synthetic),112110.99,306.08,220.24166666666667,144.49375,15.1,16.2,0,1,0,0,1,0,1,1,0,0,1,0,0,0,0,1,0,0,1,0,-0.8660254037844384,-0.5000000000000004,-0.663122658240795,-0.7485107481711013,0,1106.35,338631.35,338631.35,338631.35,338631.35,338631.35,338631.35,338631.35,338631.35,0.0,338631.35,0.0,338631.35,0.0,338631.35,0.0,338631.35,338631.35,338631.35,338631.35,0.0,0.0,0.0,0.0,0.0,0.0,,12.732670284578193,1.442,0,0,0.0,294206.21,448,2018,3
Wheat,2018-08-13,338631.35,NGN,NGN/MT,Historical (World Bank Pink Sheet × FX),wholesale,National,,,0.65,False,Synthetic: World Bank wheat USD × NGN/USD FX + Nigeria import premium (calibrated),Synthetic (World Bank/FAO × FX),historical,True,Hard bound violation (synthetic),110248.09,306.08,219.816,149.808,15.1,16.2,0,1,0,0,1,0,1,1,0,0,1,0,0,0,0,1,0,0,1,0,-0.8660254037844384,-0.5000000000000004,-0.7485107481711011,-0.6631226582407952,0,1106.35,338631.35,338631.35,338631.35,338631.35,338631.35,338631.35,338631.35,338631.35,0.0,338631.35,0.0,338631.35,0.0,338631.35,0.0,338631.35,338631.35,338631.35,338631.35,0.0,0.0,0.0,0.0,0.0,0.0,,12.732670284578193,1.456,0,0,0.0,294206.21,449,2018,3
Wheat,2018-08-20,338631.35,NGN,NGN/MT,Historical (World Bank Pink Sheet × FX),wholesale,National,,,0.65,False,Synthetic: World Bank wheat USD × NGN/USD FX + Nigeria import premium (calibrated),Synthetic (World Bank/FAO × FX),historical,True,Hard bound violation (synthetic),113652.24,306.08,219.816,149.808,15.1,16.2,0,1,0,0,1,0,1,1,0,0,1,0,0,0,0,1,0,0,1,0,-0.8660254037844384,-0.5000000000000004,-0.8229838658936564,-0.5680647467311559,0,1106.35,338631.35,338631.35,338631.35,338631.35,338631.35,338631.35,338631.35,338631.35,0.0,338631.35,0.0,338631.35,0.0,338631.35,0.0,338631.35,338631.35,338631.35,338631.35,0.0,0.0,0.0,0.0,0.0,0.0,,12.732670284578193,1.456,0,0,0.0,294206.21,450,2018,3
Wheat,2018-08-27,338631.35,NGN,NGN/MT,Historical (World Bank Pink Sheet × FX),wholesale,National,,,0.65,False,Synthetic: World Bank wheat USD × NGN/USD FX + Nigeria import premium (calibrated),Synthetic (World Bank/FAO × FX),historical,True,Hard bound violation (synthetic),117129.11,306.08,219.816,149.808,15.1,16.2,0,1,0,0,1,0,1,1,0,0,1,0,0,0,0,1,0,0,1,0,-0.8660254037844384,-0.5000000000000004,-0.8854560256532096,-0.4647231720437691,0,1106.35,338631.35,338631.35,338631.35,338631.35,338631.35,338631.35,338631.35,338631.35,0.0,338631.35,0.0,338631.35,0.0,338631.35,0.0,338631.35,338631.35,338631.35,338631.35,0.0,0.0,0.0,0.0,0.0,0.0,,12.732670284578193,1.456,0,0,0.0,294206.21,451,2018,3
Wheat,2018-09-03,338631.35,NGN,NGN/MT,Historical (World Bank Pink Sheet × FX),wholesale,National,,,0.65,False,Synthetic: World Bank wheat USD × NGN/USD FX + Nigeria import premium (calibrated),Synthetic (World Bank/FAO × FX),historical,True,Hard bound violation (synthetic),112875.45,306.08,219.816,149.808,15.1,16.2,0,1,0,0,1,1,0,0,0,0,0,0,0,0,0,1,0,0,0,0,-1.0,-1.8369701987210287e-16,-0.9350162426854148,-0.3546048870425359,0,1106.35,338631.35,338631.35,338631.35,338631.35,338631.35,338631.35,338631.35,338631.35,0.0,338631.35,0.0,338631.35,0.0,338631.35,0.0,338631.35,338631.35,338631.35,338631.35,0.0,0.0,0.0,0.0,0.0,0.0,,12.732670284578193,1.456,0,0,0.5,294206.21,452,2018,3
Wheat,2018-09-10,338631.35,NGN,NGN/MT,Historical (World Bank Pink Sheet × FX),wholesale,National,,,0.65,False,Synthetic: World Bank wheat USD × NGN/USD FX + Nigeria import premium (calibrated),Synthetic (World Bank/FAO × FX),historical,True,Hard bound violation (synthetic),118073.94,306.08,208.63466666666667,149.40333333333334,15.1,16.2,0,1,0,0,1,1,0,0,0,0,0,0,0,0,0,1,0,0,0,0,-1.0,-1.8369701987210287e-16,-0.970941817426052,-0.2393156642875577,0,1106.35,338631.35,338631.35,338631.35,338631.35,338631.35,338631.35,338631.35,338631.35,0.0,338631.35,0.0,338631.35,0.0,338631.35,0.0,338631.35,338631.35,338631.35,338631.35,0.0,0.0,0.0,0.0,0.0,0.0,,12.732670284578193,1.404,0,0,0.5,294206.21,453,2018,3
Wheat,2018-09-17,338631.35,NGN,NGN/MT,Historical (World Bank Pink Sheet × FX),wholesale,National,,,0.65,False,Synthetic: World Bank wheat USD × NGN/USD FX + Nigeria import premium (calibrated),Synthetic (World Bank/FAO × FX),historical,True,Hard bound violation (synthetic),114464.78,306.08,208.63466666666667,149.40333333333334,15.1,16.2,0,1,0,0,1,1,0,0,0,0,0,0,0,0,0,1,0,0,0,0,-1.0,-1.8369701987210287e-16,-0.992708874098054,-0.1205366802553235,0,1106.35,338631.35,338631.35,338631.35,338631.35,338631.35,338631.35,338631.35,338631.35,0.0,338631.35,0.0,338631.35,0.0,338631.35,0.0,338631.35,338631.35,338631.35,338631.35,0.0,0.0,0.0,0.0,0.0,0.0,,12.732670284578193,1.404,0,0,0.5,294206.21,454,2018,3
Wheat,2018-09-24,338631.35,NGN,NGN/MT,Historical (World Bank Pink Sheet × FX),wholesale,National,,,0.65,False,Synthetic: World Bank wheat USD × NGN/USD FX + Nigeria import premium (calibrated),Synthetic (World Bank/FAO × FX),historical,True,Hard bound violation (synthetic),113548.4,306.08,208.63466666666667,149.40333333333334,15.1,16.2,0,1,0,0,1,1,0,0,0,0,0,0,0,0,0,1,0,0,0,0,-1.0,-1.8369701987210287e-16,-1.0,-1.8369701987210287e-16,0,1106.35,338631.35,338631.35,338631.35,338631.35,338631.35,338631.35,338631.35,338631.35,0.0,338631.35,0.0,338631.35,0.0,338631.35,0.0,338631.35,338631.35,338631.35,338631.35,0.0,0.0,0.0,0.0,0.0,0.0,,12.732670284578193,1.404,0,0,0.5,294206.21,455,2018,3
Wheat,2018-10-01,338631.35,NGN,NGN/MT,Historical (World Bank Pink Sheet × FX),wholesale,National,,,0.65,False,Synthetic: World Bank wheat USD × NGN/USD FX + Nigeria import premium (calibrated),Synthetic (World Bank/FAO × FX),historical,True,Hard bound violation (synthetic),118382.49,306.08,208.63466666666667,149.40333333333334,11.3,11.8,0,1,0,0,0,1,0,0,0,1,0,1,0,1,1,1,1,0,0,0,-0.8660254037844386,0.5000000000000001,-0.992708874098054,0.1205366802553232,0,1106.35,338631.35,338631.35,338631.35,338631.35,338631.35,338631.35,338631.35,338631.35,0.0,338631.35,0.0,338631.35,0.0,338631.35,0.0,338631.35,338631.35,338631.35,338631.35,0.0,0.0,0.0,0.0,0.0,0.0,,12.732670284578193,1.404,0,0,0.5,304250.99,456,2018,4
Wheat,2018-10-08,338631.35,NGN,NGN/MT,Historical (World Bank Pink Sheet × FX),wholesale,National,,,0.65,False,Synthetic: World Bank wheat USD × NGN/USD FX + Nigeria import premium (calibrated),Synthetic (World Bank/FAO × FX),historical,True,Hard bound violation (synthetic),115075.35,306.08,208.63466666666667,149.40333333333334,11.3,11.8,0,1,0,0,0,1,0,0,0,1,0,1,0,1,1,1,1,0,0,0,-0.8660254037844386,0.5000000000000001,-0.970941817426052,0.2393156642875573,0,1106.35,338631.35,338631.35,338631.35,338631.35,338631.35,338631.35,338631.35,338631.35,0.0,338631.35,0.0,338631.35,0.0,338631.35,0.0,338631.35,338631.35,338631.35,338631.35,0.0,0.0,0.0,0.0,0.0,0.0,,12.732670284578193,1.404,0,0,0.5,304250.99,457,2018,4
Wheat,2018-10-15,338631.35,NGN,NGN/MT,Historical (World Bank Pink Sheet × FX),wholesale,National,,,0.65,False,Synthetic: World Bank wheat USD × NGN/USD FX + Nigeria import premium (calibrated),Synthetic (World Bank/FAO × FX),historical,True,Hard bound violation (synthetic),116791.23,306.08,209.81375,149.6233333333333,11.3,11.8,0,1,0,0,0,1,0,0,0,1,0,1,0,1,1,1,1,0,0,0,-0.8660254037844386,0.5000000000000001,-0.9350162426854148,0.3546048870425355,0,1106.35,338631.35,338631.35,338631.35,338631.35,338631.35,338631.35,338631.35,338631.35,0.0,338631.35,0.0,338631.35,0.0,338631.35,0.0,338631.35,338631.35,338631.35,338631.35,0.0,0.0,0.0,0.0,0.0,0.0,,12.732670284578193,1.41,0,0,0.5,304250.99,458,2018,4
Wheat,2018-10-22,338631.35,NGN,NGN/MT,Historical (World Bank Pink Sheet × FX),wholesale,National,,,0.65,False,Synthetic: World Bank wheat USD × NGN/USD FX + Nigeria import premium (calibrated),Synthetic (World Bank/FAO × FX),historical,True,Hard bound violation (synthetic),114495.89,306.08,209.81375,149.6233333333333,11.3,11.8,0,1,0,0,0,1,0,0,0,1,0,1,0,1,1,1,1,0,0,0,-0.8660254037844386,0.5000000000000001,-0.8854560256532101,0.464723172043768,0,1106.35,338631.35,338631.35,338631.35,338631.35,338631.35,338631.35,338631.35,338631.35,0.0,338631.35,0.0,338631.35,0.0,338631.35,0.0,338631.35,338631.35,338631.35,338631.35,0.0,0.0,0.0,0.0,0.0,0.0,,12.732670284578193,1.41,0,0,0.5,304250.99,459,2018,4
Wheat,2018-10-29,338631.35,NGN,NGN/MT,Historical (World Bank Pink Sheet × FX),wholesale,National,,,0.65,False,Synthetic: World Bank wheat USD × NGN/USD FX + Nigeria import premium (calibrated),Synthetic (World Bank/FAO × FX),historical,True,Hard bound violation (synthetic),125763.98,306.08,209.81375,149.6233333333333,11.3,11.8,0,1,0,0,0,1,0,0,0,1,0,1,0,1,1,1,1,0,0,0,-0.8660254037844386,0.5000000000000001,-0.822983865893657,0.5680647467311548,0,1106.35,338631.35,338631.35,338631.35,338631.35,338631.35,338631.35,338631.35,338631.35,0.0,338631.35,0.0,338631.35,0.0,338631.35,0.0,338631.35,338631.35,338631.35,338631.35,0.0,0.0,0.0,0.0,0.0,0.0,,12.732670284578193,1.41,0,0,0.5,304250.99,460,2018,4
Wheat,2018-11-05,338631.35,NGN,NGN/MT,Historical (World Bank Pink Sheet × FX),wholesale,National,,,0.65,False,Synthetic: World Bank wheat USD × NGN/USD FX + Nigeria import premium (calibrated),Synthetic (World Bank/FAO × FX),historical,True,Hard bound violation (synthetic),122566.47,306.08,209.81375,149.6233333333333,11.3,11.8,1,0,0,0,0,1,0,0,0,1,0,1,1,1,1,0,1,0,0,0,-0.5000000000000004,0.8660254037844384,-0.7485107481711011,0.6631226582407952,1,1106.35,338631.35,338631.35,338631.35,338631.35,338631.35,338631.35,338631.35,338631.35,0.0,338631.35,0.0,338631.35,0.0,338631.35,0.0,338631.35,338631.35,338631.35,338631.35,0.0,0.0,0.0,0.0,0.0,0.0,,12.732670284578193,1.41,0,0,0.5,304250.99,461,2018,4
Wheat,2018-11-12,338631.35,NGN,NGN/MT,Historical (World Bank Pink Sheet × FX),wholesale,National,,,0.65,False,Synthetic: World Bank wheat USD × NGN/USD FX + Nigeria import premium (calibrated),Synthetic (World Bank/FAO × FX),historical,True,Hard bound violation (synthetic),119866.77,306.08,219.90666666666667,148.61666666666667,11.3,11.8,1,0,0,0,0,1,0,0,0,1,0,1,1,1,1,0,1,0,0,0,-0.5000000000000004,0.8660254037844384,-0.6631226582407955,0.7485107481711007,1,1106.35,338631.35,338631.35,338631.35,338631.35,338631.35,338631.35,338631.35,338631.35,0.0,338631.35,0.0,338631.35,0.0,338631.35,0.0,338631.35,338631.35,338631.35,338631.35,0.0,0.0,0.0,0.0,0.0,0.0,,12.732670284578193,1.453,0,0,0.5,304250.99,462,2018,4
Wheat,2018-11-19,338631.35,NGN,NGN/MT,Historical (World Bank Pink Sheet × FX),wholesale,National,,,0.65,False,Synthetic: World Bank wheat USD × NGN/USD FX + Nigeria import premium (calibrated),Synthetic (World Bank/FAO × FX),historical,True,Hard bound violation (synthetic),123222.91,306.08,219.90666666666667,148.61666666666667,11.3,11.8,1,0,0,0,0,1,0,0,0,1,0,1,1,1,1,0,1,0,0,0,-0.5000000000000004,0.8660254037844384,-0.5680647467311559,0.8229838658936564,1,1106.35,338631.35,338631.35,338631.35,338631.35,338631.35,338631.35,338631.35,338631.35,0.0,338631.35,0.0,338631.35,0.0,338631.35,0.0,338631.35,338631.35,338631.35,338631.35,0.0,0.0,0.0,0.0,0.0,0.0,,12.732670284578193,1.453,0,0,0.5,304250.99,463,2018,4
Wheat,2018-11-26,338631.35,NGN,NGN/MT,Historical (World Bank Pink Sheet × FX),wholesale,National,,,0.65,False,Synthetic: World Bank wheat USD × NGN/USD FX + Nigeria import premium (calibrated),Synthetic (World Bank/FAO × FX),historical,True,Hard bound violation (synthetic),122024.35,306.08,219.90666666666667,148.61666666666667,11.3,11.8,1,0,0,0,0,1,0,0,0,1,0,1,1,1,1,0,1,0,0,0,-0.5000000000000004,0.8660254037844384,-0.4647231720437684,0.88545602565321,1,1106.35,338631.35,338631.35,338631.35,338631.35,338631.35,338631.35,338631.35,338631.35,0.0,338631.35,0.0,338631.35,0.0,338631.35,0.0,338631.35,338631.35,338631.35,338631.35,0.0,0.0,0.0,0.0,0.0,0.0,,12.732670284578193,1.453,0,0,0.5,304250.99,464,2018,4
Wheat,2018-12-03,338631.35,NGN,NGN/MT,Historical (World Bank Pink Sheet × FX),wholesale,National,,,0.65,False,Synthetic: World Bank wheat USD × NGN/USD FX + Nigeria import premium (calibrated),Synthetic (World Bank/FAO × FX),historical,True,Hard bound violation (synthetic),125274.05,306.08,219.90666666666667,148.61666666666667,11.3,11.8,1,0,0,0,0,0,0,0,0,1,0,1,1,1,1,0,0,0,0,1,-2.4492935982947064e-16,1.0,-0.3546048870425359,0.9350162426854148,1,1106.35,338631.35,338631.35,338631.35,338631.35,338631.35,338631.35,338631.35,338631.35,0.0,338631.35,0.0,338631.35,0.0,338631.35,0.0,338631.35,338631.35,338631.35,338631.35,0.0,0.0,0.0,0.0,0.0,0.0,,12.732670284578193,1.453,0,0,0.0,304250.99,465,2018,4
Wheat,2018-12-10,338631.35,NGN,NGN/MT,Historical (World Bank Pink Sheet × FX),wholesale,National,,,0.65,False,Synthetic: World Bank wheat USD × NGN/USD FX + Nigeria import premium (calibrated),Synthetic (World Bank/FAO × FX),historical,True,Hard bound violation (synthetic),128433.62,306.08,227.10666666666663,148.82000000000002,11.3,11.8,1,0,0,0,0,0,0,0,0,1,0,1,1,1,1,0,0,0,0,1,-2.4492935982947064e-16,1.0,-0.2393156642875578,0.970941817426052,1,1106.35,338631.35,338631.35,338631.35,338631.35,338631.35,338631.35,338631.35,338631.35,0.0,338631.35,0.0,338631.35,0.0,338631.35,0.0,338631.35,338631.35,338631.35,338631.35,0.0,0.0,0.0,0.0,0.0,0.0,,12.732670284578193,1.486,0,0,0.0,304250.99,466,2018,4
Wheat,2018-12-17,338631.35,NGN,NGN/MT,Historical (World Bank Pink Sheet × FX),wholesale,National,,,0.65,False,Synthetic: World Bank wheat USD × NGN/USD FX + Nigeria import premium (calibrated),Synthetic (World Bank/FAO × FX),historical,True,Hard bound violation (synthetic),128975.93,306.08,227.10666666666663,148.82000000000002,11.3,11.8,1,0,0,0,0,0,0,0,0,1,0,1,1,1,1,0,0,0,0,1,-2.4492935982947064e-16,1.0,-0.1205366802553236,0.992708874098054,1,1106.35,338631.35,338631.35,338631.35,338631.35,338631.35,338631.35,338631.35,338631.35,0.0,338631.35,0.0,338631.35,0.0,338631.35,0.0,338631.35,338631.35,338631.35,338631.35,0.0,0.0,0.0,0.0,0.0,0.0,,12.732670284578193,1.486,0,0,0.0,304250.99,467,2018,4
Wheat,2018-12-24,338631.35,NGN,NGN/MT,Historical (World Bank Pink Sheet × FX),wholesale,National,,,0.65,False,Synthetic: World Bank wheat USD × NGN/USD FX + Nigeria import premium (calibrated),Synthetic (World Bank/FAO × FX),historical,True,Hard bound violation (synthetic),124103.0,306.08,227.10666666666663,148.82000000000002,11.3,11.8,1,0,0,0,0,0,0,0,0,1,0,1,1,1,1,0,0,0,0,1,-2.4492935982947064e-16,1.0,6.432490598706546e-16,1.0,1,1106.35,338631.35,338631.35,338631.35,338631.35,338631.35,338631.35,338631.35,338631.35,0.0,338631.35,0.0,338631.35,0.0,338631.35,0.0,338631.35,338631.35,338631.35,338631.35,0.0,0.0,0.0,0.0,0.0,0.0,,12.732670284578193,1.486,0,0,0.0,304250.99,468,2018,4
Wheat,2018-12-31,338631.35,NGN,NGN/MT,Historical (World Bank Pink Sheet × FX),wholesale,National,,,0.65,False,Synthetic: World Bank wheat USD × NGN/USD FX + Nigeria import premium (calibrated),Synthetic (World Bank/FAO × FX),historical,True,Hard bound violation (synthetic),123931.55,306.08,227.10666666666663,148.82000000000002,11.3,11.8,1,0,0,0,0,0,0,0,0,1,0,1,1,1,1,0,0,0,0,1,-2.4492935982947064e-16,1.0,0.120536680255323,0.992708874098054,1,1106.35,338631.35,338631.35,338631.35,338631.35,338631.35,338631.35,338631.35,338631.35,0.0,338631.35,0.0,338631.35,0.0,338631.35,0.0,338631.35,338631.35,338631.35,338631.35,0.0,0.0,0.0,0.0,0.0,0.0,,12.732670284578193,1.486,0,0,0.0,304250.99,469,2018,4
Wheat,2019-01-07,338631.35,NGN,NGN/MT,Historical (World Bank Pink Sheet × FX),wholesale,National,,,0.65,False,Synthetic: World Bank wheat USD × NGN/USD FX + Nigeria import premium (calibrated),Synthetic (World Bank/FAO × FX),historical,True,Hard bound violation (synthetic),112414.37,306.92,227.10666666666663,148.82000000000002,11.3,11.8,1,0,0,0,0,0,0,0,0,1,0,0,1,0,0,0,0,0,0,1,0.4999999999999999,0.8660254037844387,0.2393156642875577,0.970941817426052,1,1103.32,338631.35,338631.35,338631.35,338631.35,338631.35,338631.35,338631.35,338631.35,0.0,338631.35,0.0,338631.35,0.0,338631.35,0.0,338631.35,338631.35,338631.35,338631.35,0.0,0.0,0.0,0.0,0.0,0.0,,12.732670284578193,1.486,0,0,0.0,304250.99,470,2019,1
Wheat,2019-01-14,338631.35,NGN,NGN/MT,Historical (World Bank Pink Sheet × FX),wholesale,National,,,0.65,False,Synthetic: World Bank wheat USD × NGN/USD FX + Nigeria import premium (calibrated),Synthetic (World Bank/FAO × FX),historical,True,Hard bound violation (synthetic),105522.02,306.92,205.94,153.1,11.3,11.8,1,0,0,0,0,0,0,0,0,1,0,0,1,0,0,0,0,0,0,1,0.4999999999999999,0.8660254037844387,0.3546048870425356,0.9350162426854148,1,1103.32,338631.35,338631.35,338631.35,338631.35,338631.35,338631.35,338631.35,338631.35,0.0,338631.35,0.0,338631.35,0.0,338631.35,0.0,338631.35,338631.35,338631.35,338631.35,0.0,0.0,0.0,0.0,0.0,0.0,,12.732670284578193,1.404,0,0,0.0,304250.99,471,2019,1
Wheat,2019-01-21,338631.35,NGN,NGN/MT,Historical (World Bank Pink Sheet × FX),wholesale,National,,,0.65,False,Synthetic: World Bank wheat USD × NGN/USD FX + Nigeria import premium (calibrated),Synthetic (World Bank/FAO × FX),historical,True,Hard bound violation (synthetic),108197.29,306.92,205.94,153.1,11.3,11.8,1,0,0,0,0,0,0,0,0,1,0,0,1,0,0,0,0,0,0,1,0.4999999999999999,0.8660254037844387,0.4647231720437685,0.8854560256532099,1,1103.32,338631.35,338631.35,338631.35,338631.35,338631.35,338631.35,338631.35,338631.35,0.0,338631.35,0.0,338631.35,0.0,338631.35,0.0,338631.35,338631.35,338631.35,338631.35,0.0,0.0,0.0,0.0,0.0,0.0,,12.732670284578193,1.404,0,0,0.0,304250.99,472,2019,1
Wheat,2019-01-28,338631.35,NGN,NGN/MT,Historical (World Bank Pink Sheet × FX),wholesale,National,,,0.65,False,Synthetic: World Bank wheat USD × NGN/USD FX + Nigeria import premium (calibrated),Synthetic (World Bank/FAO × FX),historical,True,Hard bound violation (synthetic),117997.72,306.92,205.94,153.1,11.3,11.8,1,0,0,0,0,0,0,0,0,1,0,0,1,0,0,0,0,0,0,1,0.4999999999999999,0.8660254037844387,0.5680647467311558,0.8229838658936564,1,1103.32,338631.35,338631.35,338631.35,338631.35,338631.35,338631.35,338631.35,338631.35,0.0,338631.35,0.0,338631.35,0.0,338631.35,0.0,338631.35,338631.35,338631.35,338631.35,0.0,0.0,0.0,0.0,0.0,0.0,,12.732670284578193,1.404,0,0,0.0,304250.99,473,2019,1
Wheat,2019-02-04,338631.35,NGN,NGN/MT,Historical (World Bank Pink Sheet × FX),wholesale,National,,,0.65,False,Synthetic: World Bank wheat USD × NGN/USD FX + Nigeria import premium (calibrated),Synthetic (World Bank/FAO × FX),historical,True,Hard bound violation (synthetic),122341.76,306.92,205.94,153.1,11.3,11.8,1,0,0,0,0,0,0,0,1,1,0,0,1,0,0,0,0,0,0,0,0.8660254037844386,0.5000000000000001,0.6631226582407952,0.7485107481711011,1,1103.32,338631.35,338631.35,338631.35,338631.35,338631.35,338631.35,338631.35,338631.35,0.0,338631.35,0.0,338631.35,0.0,338631.35,0.0,338631.35,338631.35,338631.35,338631.35,0.0,0.0,0.0,0.0,0.0,0.0,,12.732670284578193,1.404,0,0,0.0,304250.99,474,2019,1
Wheat,2019-02-11,338631.35,NGN,NGN/MT,Historical (World Bank Pink Sheet × FX),wholesale,National,,,0.65,False,Synthetic: World Bank wheat USD × NGN/USD FX + Nigeria import premium (calibrated),Synthetic (World Bank/FAO × FX),historical,True,Hard bound violation (synthetic),115717.2,306.92,239.8886666666667,144.31133333333335,11.3,11.8,1,0,0,0,0,0,0,0,1,1,0,0,1,0,0,0,0,0,0,0,0.8660254037844386,0.5000000000000001,0.7485107481711011,0.6631226582407953,1,1103.32,338631.35,338631.35,338631.35,338631.35,338631.35,338631.35,338631.35,338631.35,0.0,338631.35,0.0,338631.35,0.0,338631.35,0.0,338631.35,338631.35,338631.35,338631.35,0.0,0.0,0.0,0.0,0.0,0.0,,12.732670284578193,1.53,0,0,0.0,304250.99,475,2019,1
Wheat,2019-02-18,338631.35,NGN,NGN/MT,Historical (World Bank Pink Sheet × FX),wholesale,National,,,0.65,False,Synthetic: World Bank wheat USD × NGN/USD FX + Nigeria import premium (calibrated),Synthetic (World Bank/FAO × FX),historical,True,Hard bound violation (synthetic),118604.83,306.92,239.8886666666667,144.31133333333335,11.3,11.8,1,0,0,0,0,0,0,0,1,1,0,0,1,0,0,0,0,0,0,0,0.8660254037844386,0.5000000000000001,0.8229838658936564,0.5680647467311559,1,1103.32,338631.35,338631.35,338631.35,338631.35,338631.35,338631.35,338631.35,338631.35,0.0,338631.35,0.0,338631.35,0.0,338631.35,0.0,338631.35,338631.35,338631.35,338631.35,0.0,0.0,0.0,0.0,0.0,0.0,,12.732670284578193,1.53,0,0,0.0,304250.99,476,2019,1
Wheat,2019-02-25,338631.35,NGN,NGN/MT,Historical (World Bank Pink Sheet × FX),wholesale,National,,,0.65,False,Synthetic: World Bank wheat USD × NGN/USD FX + Nigeria import premium (calibrated),Synthetic (World Bank/FAO × FX),historical,True,Hard bound violation (synthetic),117676.88,306.92,239.8886666666667,144.31133333333335,11.3,11.8,1,0,0,0,0,0,0,0,1,1,0,0,1,0,0,0,0,0,0,0,0.8660254037844386,0.5000000000000001,0.8854560256532099,0.4647231720437686,1,1103.32,338631.35,338631.35,338631.35,338631.35,338631.35,338631.35,338631.35,338631.35,0.0,338631.35,0.0,338631.35,0.0,338631.35,0.0,338631.35,338631.35,338631.35,338631.35,0.0,0.0,0.0,0.0,0.0,0.0,,12.732670284578193,1.53,0,0,0.0,304250.99,477,2019,1
Wheat,2019-03-04,338631.35,NGN,NGN/MT,Historical (World Bank Pink Sheet × FX),wholesale,National,,,0.65,False,Synthetic: World Bank wheat USD × NGN/USD FX + Nigeria import premium (calibrated),Synthetic (World Bank/FAO × FX),historical,True,Hard bound violation (synthetic),129715.54,306.92,239.8886666666667,144.31133333333335,11.3,11.8,1,0,0,1,0,0,0,0,1,1,0,0,0,0,0,0,0,0,0,0,1.0,6.123233995736766e-17,0.9350162426854148,0.3546048870425355,0,1103.32,338631.35,338631.35,338631.35,338631.35,338631.35,338631.35,338631.35,338631.35,0.0,338631.35,0.0,338631.35,0.0,338631.35,0.0,338631.35,338631.35,338631.35,338631.35,0.0,0.0,0.0,0.0,0.0,0.0,,12.732670284578193,1.53,0,0,0.0,304250.99,478,2019,1
Wheat,2019-03-11,338631.35,NGN,NGN/MT,Historical (World Bank Pink Sheet × FX),wholesale,National,,,0.65,False,Synthetic: World Bank wheat USD × NGN/USD FX + Nigeria import premium (calibrated),Synthetic (World Bank/FAO × FX),historical,True,Hard bound violation (synthetic),122735.68,306.92,236.09166666666667,145.71923076923076,11.3,11.8,1,0,0,1,0,0,0,0,1,1,0,0,0,0,0,0,0,0,0,0,1.0,6.123233995736766e-17,0.970941817426052,0.239315664287558,0,1103.32,338631.35,338631.35,338631.35,338631.35,338631.35,338631.35,338631.35,338631.35,0.0,338631.35,0.0,338631.35,0.0,338631.35,0.0,338631.35,338631.35,338631.35,338631.35,0.0,0.0,0.0,0.0,0.0,0.0,,12.732670284578193,1.517,0,0,0.0,304250.99,479,2019,1
Wheat,2019-03-18,338631.35,NGN,NGN/MT,Historical (World Bank Pink Sheet × FX),wholesale,National,,,0.65,False,Synthetic: World Bank wheat USD × NGN/USD FX + Nigeria import premium (calibrated),Synthetic (World Bank/FAO × FX),historical,True,Hard bound violation (synthetic),118291.59,306.92,236.09166666666667,145.71923076923076,11.3,11.8,1,0,0,1,0,0,0,0,1,1,0,0,0,0,0,0,0,0,0,0,1.0,6.123233995736766e-17,0.992708874098054,0.120536680255323,0,1103.32,338631.35,338631.35,338631.35,338631.35,338631.35,338631.35,338631.35,338631.35,0.0,338631.35,0.0,338631.35,0.0,338631.35,0.0,338631.35,338631.35,338631.35,338631.35,0.0,0.0,0.0,0.0,0.0,0.0,,12.732670284578193,1.517,0,0,0.0,304250.99,480,2019,1
Wheat,2019-03-25,338631.35,NGN,NGN/MT,Historical (World Bank Pink Sheet × FX),wholesale,National,,,0.65,False,Synthetic: World Bank wheat USD × NGN/USD FX + Nigeria import premium (calibrated),Synthetic (World Bank/FAO × FX),historical,True,Hard bound violation (synthetic),115343.25,306.92,236.09166666666667,145.71923076923076,11.3,11.8,1,0,0,1,0,0,0,0,1,1,0,0,0,0,0,0,0,0,0,0,1.0,6.123233995736766e-17,1.0,-1.6081226496766364e-16,0,1103.32,338631.35,338631.35,338631.35,338631.35,338631.35,338631.35,338631.35,338631.35,0.0,338631.35,0.0,338631.35,0.0,338631.35,0.0,338631.35,338631.35,338631.35,338631.35,0.0,0.0,0.0,0.0,0.0,0.0,,12.732670284578193,1.517,0,0,0.0,304250.99,481,2019,1
Wheat,2019-04-01,338631.35,NGN,NGN/MT,Historical (World Bank Pink Sheet × FX),wholesale,National,,,0.65,False,Synthetic: World Bank wheat USD × NGN/USD FX + Nigeria import premium (calibrated),Synthetic (World Bank/FAO × FX),historical,True,Hard bound violation (synthetic),110969.46,306.92,236.09166666666667,145.71923076923076,11.4,12.0,0,1,1,1,0,0,0,0,1,0,0,0,0,0,0,0,0,0,0,0,0.8660254037844387,-0.4999999999999998,0.992708874098054,-0.1205366802553228,0,1103.32,338631.35,338631.35,338631.35,338631.35,338631.35,338631.35,338631.35,338631.35,0.0,338631.35,0.0,338631.35,0.0,338631.35,0.0,338631.35,338631.35,338631.35,338631.35,0.0,0.0,0.0,0.0,0.0,0.0,,12.732670284578193,1.517,0,0,0.5,303977.87,482,2019,2
Wheat,2019-04-08,338631.35,NGN,NGN/MT,Historical (World Bank Pink Sheet × FX),wholesale,National,,,0.65,False,Synthetic: World Bank wheat USD × NGN/USD FX + Nigeria import premium (calibrated),Synthetic (World Bank/FAO × FX),historical,True,Hard bound violation (synthetic),117299.89,306.92,236.09166666666667,145.71923076923076,11.4,12.0,0,1,1,1,0,0,0,0,1,0,0,0,0,0,0,0,0,0,0,0,0.8660254037844387,-0.4999999999999998,0.970941817426052,-0.2393156642875575,0,1103.32,338631.35,338631.35,338631.35,338631.35,338631.35,338631.35,338631.35,338631.35,0.0,338631.35,0.0,338631.35,0.0,338631.35,0.0,338631.35,338631.35,338631.35,338631.35,0.0,0.0,0.0,0.0,0.0,0.0,,12.732670284578193,1.517,0,0,0.5,303977.87,483,2019,2
Wheat,2019-04-15,338631.35,NGN,NGN/MT,Historical (World Bank Pink Sheet × FX),wholesale,National,,,0.65,False,Synthetic: World Bank wheat USD × NGN/USD FX + Nigeria import premium (calibrated),Synthetic (World Bank/FAO × FX),historical,True,Hard bound violation (synthetic),113942.79,306.92,237.19,145.1,11.4,12.0,0,1,1,1,0,0,0,0,1,0,0,0,0,0,0,0,0,0,0,0,0.8660254037844387,-0.4999999999999998,0.9350162426854148,-0.3546048870425354,0,1103.32,338631.35,338631.35,338631.35,338631.35,338631.35,338631.35,338631.35,338631.35,0.0,338631.35,0.0,338631.35,0.0,338631.35,0.0,338631.35,338631.35,338631.35,338631.35,0.0,0.0,0.0,0.0,0.0,0.0,,12.732670284578193,1.52,0,0,0.5,303977.87,484,2019,2
Wheat,2019-04-22,338631.35,NGN,NGN/MT,Historical (World Bank Pink Sheet × FX),wholesale,National,,,0.65,False,Synthetic: World Bank wheat USD × NGN/USD FX + Nigeria import premium (calibrated),Synthetic (World Bank/FAO × FX),historical,True,Hard bound violation (synthetic),111613.7,306.92,237.19,145.1,11.4,12.0,0,1,1,1,0,0,0,0,1,0,0,0,0,0,0,0,0,0,0,0,0.8660254037844387,-0.4999999999999998,0.8854560256532099,-0.4647231720437685,0,1103.32,338631.35,338631.35,338631.35,338631.35,338631.35,338631.35,338631.35,338631.35,0.0,338631.35,0.0,338631.35,0.0,338631.35,0.0,338631.35,338631.35,338631.35,338631.35,0.0,0.0,0.0,0.0,0.0,0.0,,12.732670284578193,1.52,0,0,0.5,303977.87,485,2019,2
Wheat,2019-04-29,338631.35,NGN,NGN/MT,Historical (World Bank Pink Sheet × FX),wholesale,National,,,0.65,False,Synthetic: World Bank wheat USD × NGN/USD FX + Nigeria import premium (calibrated),Synthetic (World Bank/FAO × FX),historical,True,Hard bound violation (synthetic),114326.76,306.92,237.19,145.1,11.4,12.0,0,1,1,1,0,0,0,0,1,0,0,0,0,0,0,0,0,0,0,0,0.8660254037844387,-0.4999999999999998,0.8229838658936565,-0.5680647467311557,0,1103.32,338631.35,338631.35,338631.35,338631.35,338631.35,338631.35,338631.35,338631.35,0.0,338631.35,0.0,338631.35,0.0,338631.35,0.0,338631.35,338631.35,338631.35,338631.35,0.0,0.0,0.0,0.0,0.0,0.0,,12.732670284578193,1.52,0,0,0.5,303977.87,486,2019,2
Wheat,2019-05-06,338631.35,NGN,NGN/MT,Historical (World Bank Pink Sheet × FX),wholesale,National,,,0.65,False,Synthetic: World Bank wheat USD × NGN/USD FX + Nigeria import premium (calibrated),Synthetic (World Bank/FAO × FX),historical,True,Hard bound violation (synthetic),107582.9,306.92,237.19,145.1,11.4,12.0,0,1,1,1,0,0,0,0,1,0,1,0,0,0,0,0,0,1,0,0,0.4999999999999999,-0.8660254037844387,0.7485107481711013,-0.663122658240795,0,1103.32,338631.35,338631.35,338631.35,338631.35,338631.35,338631.35,338631.35,338631.35,0.0,338631.35,0.0,338631.35,0.0,338631.35,0.0,338631.35,338631.35,338631.35,338631.35,0.0,0.0,0.0,0.0,0.0,0.0,,12.732670284578193,1.52,0,0,0.5,303977.87,487,2019,2
Wheat,2019-05-13,338631.35,NGN,NGN/MT,Historical (World Bank Pink Sheet × FX),wholesale,National,,,0.65,False,Synthetic: World Bank wheat USD × NGN/USD FX + Nigeria import premium (calibrated),Synthetic (World Bank/FAO × FX),historical,True,Hard bound violation (synthetic),116818.47,306.92,196.96,140.57,11.4,12.0,0,1,1,1,0,0,0,0,1,0,1,0,0,0,0,0,0,1,0,0,0.4999999999999999,-0.8660254037844387,0.6631226582407952,-0.7485107481711012,0,1103.32,338631.35,338631.35,338631.35,338631.35,338631.35,338631.35,338631.35,338631.35,0.0,338631.35,0.0,338631.35,0.0,338631.35,0.0,338631.35,338631.35,338631.35,338631.35,0.0,0.0,0.0,0.0,0.0,0.0,,12.732670284578193,1.324,0,0,0.5,303977.87,488,2019,2
Wheat,2019-05-20,338631.35,NGN,NGN/MT,Historical (World Bank Pink Sheet × FX),wholesale,National,,,0.65,False,Synthetic: World Bank wheat USD × NGN/USD FX + Nigeria import premium (calibrated),Synthetic (World Bank/FAO × FX),historical,True,Hard bound violation (synthetic),114131.54,306.92,196.96,140.57,11.4,12.0,0,1,1,1,0,0,0,0,1,0,1,0,0,0,0,0,0,1,0,0,0.4999999999999999,-0.8660254037844387,0.5680647467311558,-0.8229838658936564,0,1103.32,338631.35,338631.35,338631.35,338631.35,338631.35,338631.35,338631.35,338631.35,0.0,338631.35,0.0,338631.35,0.0,338631.35,0.0,338631.35,338631.35,338631.35,338631.35,0.0,0.0,0.0,0.0,0.0,0.0,,12.732670284578193,1.324,0,0,0.5,303977.87,489,2019,2
Wheat,2019-05-27,338631.35,NGN,NGN/MT,Historical (World Bank Pink Sheet × FX),wholesale,National,,,0.65,False,Synthetic: World Bank wheat USD × NGN/USD FX + Nigeria import premium (calibrated),Synthetic (World Bank/FAO × FX),historical,True,Hard bound violation (synthetic),111164.04,306.92,196.96,140.57,11.4,12.0,0,1,1,1,0,0,0,0,1,0,1,0,0,0,0,0,0,1,0,0,0.4999999999999999,-0.8660254037844387,0.464723172043769,-0.8854560256532096,0,1103.32,338631.35,338631.35,338631.35,338631.35,338631.35,338631.35,338631.35,338631.35,0.0,338631.35,0.0,338631.35,0.0,338631.35,0.0,338631.35,338631.35,338631.35,338631.35,0.0,0.0,0.0,0.0,0.0,0.0,,12.732670284578193,1.324,0,0,0.5,303977.87,490,2019,2
Wheat,2019-06-03,338631.35,NGN,NGN/MT,Historical (World Bank Pink Sheet × FX),wholesale,National,,,0.65,False,Synthetic: World Bank wheat USD × NGN/USD FX + Nigeria import premium (calibrated),Synthetic (World Bank/FAO × FX),historical,True,Hard bound violation (synthetic),109362.62,306.92,196.96,140.57,11.4,12.0,0,1,1,0,0,0,0,1,0,0,1,0,0,0,0,0,0,1,1,0,1.2246467991473532e-16,-1.0,0.3546048870425358,-0.9350162426854148,0,1103.32,338631.35,338631.35,338631.35,338631.35,338631.35,338631.35,338631.35,338631.35,0.0,338631.35,0.0,338631.35,0.0,338631.35,0.0,338631.35,338631.35,338631.35,338631.35,0.0,0.0,0.0,0.0,0.0,0.0,,12.732670284578193,1.324,0,0,0.5,303977.87,491,2019,2
Wheat,2019-06-10,338631.35,NGN,NGN/MT,Historical (World Bank Pink Sheet × FX),wholesale,National,,,0.65,False,Synthetic: World Bank wheat USD × NGN/USD FX + Nigeria import premium (calibrated),Synthetic (World Bank/FAO × FX),historical,True,Hard bound violation (synthetic),104956.56,306.92,196.70875,140.3,11.4,12.0,0,1,1,0,0,0,0,1,0,0,1,0,0,0,0,0,0,0,1,0,1.2246467991473532e-16,-1.0,0.2393156642875576,-0.970941817426052,0,1103.32,338631.35,338631.35,338631.35,338631.35,338631.35,338631.35,338631.35,338631.35,0.0,338631.35,0.0,338631.35,0.0,338631.35,0.0,338631.35,338631.35,338631.35,338631.35,0.0,0.0,0.0,0.0,0.0,0.0,,12.732670284578193,1.322,0,0,0.5,303977.87,492,2019,2
Wheat,2019-06-17,338631.35,NGN,NGN/MT,Historical (World Bank Pink Sheet × FX),wholesale,National,,,0.65,False,Synthetic: World Bank wheat USD × NGN/USD FX + Nigeria import premium (calibrated),Synthetic (World Bank/FAO × FX),historical,True,Hard bound violation (synthetic),102007.87,306.92,196.70875,140.3,11.4,12.0,0,1,1,0,0,0,0,1,0,0,1,0,0,0,0,0,0,0,1,0,1.2246467991473532e-16,-1.0,0.120536680255323,-0.992708874098054,0,1103.32,338631.35,338631.35,338631.35,338631.35,338631.35,338631.35,338631.35,338631.35,0.0,338631.35,0.0,338631.35,0.0,338631.35,0.0,338631.35,338631.35,338631.35,338631.35,0.0,0.0,0.0,0.0,0.0,0.0,,12.732670284578193,1.322,0,0,0.5,303977.87,493,2019,2
Wheat,2019-06-24,338631.35,NGN,NGN/MT,Historical (World Bank Pink Sheet × FX),wholesale,National,,,0.65,False,Synthetic: World Bank wheat USD × NGN/USD FX + Nigeria import premium (calibrated),Synthetic (World Bank/FAO × FX),historical,True,Hard bound violation (synthetic),109498.26,306.92,196.70875,140.3,11.4,12.0,0,1,1,0,0,0,0,1,0,0,1,0,0,0,0,0,0,0,1,0,1.2246467991473532e-16,-1.0,-3.216245299353273e-16,-1.0,0,1103.32,338631.35,338631.35,338631.35,338631.35,338631.35,338631.35,338631.35,338631.35,0.0,338631.35,0.0,338631.35,0.0,338631.35,0.0,338631.35,338631.35,338631.35,338631.35,0.0,0.0,0.0,0.0,0.0,0.0,,12.732670284578193,1.322,0,0,0.5,303977.87,494,2019,2
Wheat,2019-07-01,338631.35,NGN,NGN/MT,Historical (World Bank Pink Sheet × FX),wholesale,National,,,0.65,False,Synthetic: World Bank wheat USD × NGN/USD FX + Nigeria import premium (calibrated),Synthetic (World Bank/FAO × FX),historical,True,Hard bound violation (synthetic),104212.5,306.92,196.70875,140.3,11.1,11.6,0,1,1,0,0,0,1,1,0,0,1,0,0,0,0,0,0,0,1,0,-0.4999999999999997,-0.8660254037844388,-0.1205366802553228,-0.992708874098054,0,1103.32,338631.35,338631.35,338631.35,338631.35,338631.35,338631.35,338631.35,338631.35,0.0,338631.35,0.0,338631.35,0.0,338631.35,0.0,338631.35,338631.35,338631.35,338631.35,0.0,0.0,0.0,0.0,0.0,0.0,,12.732670284578193,1.322,0,0,0.5,304798.69,495,2019,3
Wheat,2019-07-08,338631.35,NGN,NGN/MT,Historical (World Bank Pink Sheet × FX),wholesale,National,,,0.65,False,Synthetic: World Bank wheat USD × NGN/USD FX + Nigeria import premium (calibrated),Synthetic (World Bank/FAO × FX),historical,True,Hard bound violation (synthetic),100000.0,306.92,196.70875,140.3,11.1,11.6,0,1,1,0,0,0,1,1,0,0,1,0,0,0,0,0,0,0,1,0,-0.4999999999999997,-0.8660254037844388,-0.2393156642875574,-0.970941817426052,0,1103.32,338631.35,338631.35,338631.35,338631.35,338631.35,338631.35,338631.35,338631.35,0.0,338631.35,0.0,338631.35,0.0,338631.35,0.0,338631.35,338631.35,338631.35,338631.35,0.0,0.0,0.0,0.0,0.0,0.0,,12.732670284578193,1.322,0,0,0.5,304798.69,496,2019,3
Wheat,2019-07-15,338631.35,NGN,NGN/MT,Historical (World Bank Pink Sheet × FX),wholesale,National,,,0.65,False,Synthetic: World Bank wheat USD × NGN/USD FX + Nigeria import premium (calibrated),Synthetic (World Bank/FAO × FX),historical,True,Hard bound violation (synthetic),101968.87,306.92,196.6325,140.23375,11.1,11.6,0,1,1,0,0,0,1,1,0,0,1,0,0,0,0,0,0,0,1,0,-0.4999999999999997,-0.8660254037844388,-0.3546048870425356,-0.9350162426854148,0,1103.32,338631.35,338631.35,338631.35,338631.35,338631.35,338631.35,338631.35,338631.35,0.0,338631.35,0.0,338631.35,0.0,338631.35,0.0,338631.35,338631.35,338631.35,338631.35,0.0,0.0,0.0,0.0,0.0,0.0,,12.732670284578193,1.322,0,0,0.5,304798.69,497,2019,3
Wheat,2019-07-22,338631.35,NGN,NGN/MT,Historical (World Bank Pink Sheet × FX),wholesale,National,,,0.65,False,Synthetic: World Bank wheat USD × NGN/USD FX + Nigeria import premium (calibrated),Synthetic (World Bank/FAO × FX),historical,True,Hard bound violation (synthetic),100000.0,306.92,196.6325,140.23375,11.1,11.6,0,1,1,0,0,0,1,1,0,0,1,0,0,0,0,0,0,0,1,0,-0.4999999999999997,-0.8660254037844388,-0.464723172043768,-0.8854560256532101,0,1103.32,338631.35,338631.35,338631.35,338631.35,338631.35,338631.35,338631.35,338631.35,0.0,338631.35,0.0,338631.35,0.0,338631.35,0.0,338631.35,338631.35,338631.35,338631.35,0.0,0.0,0.0,0.0,0.0,0.0,,12.732670284578193,1.322,0,0,0.5,304798.69,498,2019,3
Wheat,2019-07-29,338631.35,NGN,NGN/MT,Historical (World Bank Pink Sheet × FX),wholesale,National,,,0.65,False,Synthetic: World Bank wheat USD × NGN/USD FX + Nigeria import premium (calibrated),Synthetic (World Bank/FAO × FX),historical,True,Hard bound violation (synthetic),100000.0,306.92,196.6325,140.23375,11.1,11.6,0,1,1,0,0,0,1,1,0,0,1,0,0,0,0,0,0,0,1,0,-0.4999999999999997,-0.8660254037844388,-0.5680647467311556,-0.8229838658936565,0,1103.32,338631.35,338631.35,338631.35,338631.35,338631.35,338631.35,338631.35,338631.35,0.0,338631.35,0.0,338631.35,0.0,338631.35,0.0,338631.35,338631.35,338631.35,338631.35,0.0,0.0,0.0,0.0,0.0,0.0,,12.732670284578193,1.322,0,0,0.5,304798.69,499,2019,3
Wheat,2019-08-05,338631.35,NGN,NGN/MT,Historical (World Bank Pink Sheet × FX),wholesale,National,,,0.65,False,Synthetic: World Bank wheat USD × NGN/USD FX + Nigeria import premium (calibrated),Synthetic (World Bank/FAO × FX),historical,True,Hard bound violation (synthetic),103184.95,306.92,196.6325,140.23375,11.1,11.6,0,1,0,0,1,0,1,1,0,0,1,0,0,0,0,1,0,0,1,0,-0.8660254037844384,-0.5000000000000004,-0.663122658240795,-0.7485107481711013,0,1103.32,338631.35,338631.35,338631.35,338631.35,338631.35,338631.35,338631.35,338631.35,0.0,338631.35,0.0,338631.35,0.0,338631.35,0.0,338631.35,338631.35,338631.35,338631.35,0.0,0.0,0.0,0.0,0.0,0.0,,12.732670284578193,1.322,0,0,0.0,304798.69,500,2019,3
Wheat,2019-08-12,338631.35,NGN,NGN/MT,Historical (World Bank Pink Sheet × FX),wholesale,National,,,0.65,False,Synthetic: World Bank wheat USD × NGN/USD FX + Nigeria import premium (calibrated),Synthetic (World Bank/FAO × FX),historical,True,Hard bound violation (synthetic),106146.33,306.92,230.71466666666663,149.61,11.1,11.6,0,1,0,0,1,0,1,1,0,0,1,0,0,0,0,1,0,0,1,0,-0.8660254037844384,-0.5000000000000004,-0.7485107481711011,-0.6631226582407952,0,1103.32,338631.35,338631.35,338631.35,338631.35,338631.35,338631.35,338631.35,338631.35,0.0,338631.35,0.0,338631.35,0.0,338631.35,0.0,338631.35,338631.35,338631.35,338631.35,0.0,0.0,0.0,0.0,0.0,0.0,,12.732670284578193,1.505,0,0,0.0,304798.69,501,2019,3
Wheat,2019-08-19,338631.35,NGN,NGN/MT,Historical (World Bank Pink Sheet × FX),wholesale,National,,,0.65,False,Synthetic: World Bank wheat USD × NGN/USD FX + Nigeria import premium (calibrated),Synthetic (World Bank/FAO × FX),historical,True,Hard bound violation (synthetic),100000.0,306.92,230.71466666666663,149.61,11.1,11.6,0,1,0,0,1,0,1,1,0,0,1,0,0,0,0,1,0,0,1,0,-0.8660254037844384,-0.5000000000000004,-0.8229838658936564,-0.5680647467311559,0,1103.32,338631.35,338631.35,338631.35,338631.35,338631.35,338631.35,338631.35,338631.35,0.0,338631.35,0.0,338631.35,0.0,338631.35,0.0,338631.35,338631.35,338631.35,338631.35,0.0,0.0,0.0,0.0,0.0,0.0,,12.732670284578193,1.505,0,0,0.0,304798.69,502,2019,3
Wheat,2019-08-26,338631.35,NGN,NGN/MT,Historical (World Bank Pink Sheet × FX),wholesale,National,,,0.65,False,Synthetic: World Bank wheat USD × NGN/USD FX + Nigeria import premium (calibrated),Synthetic (World Bank/FAO × FX),historical,True,Hard bound violation (synthetic),102091.02,306.92,230.71466666666663,149.61,11.1,11.6,0,1,0,0,1,0,1,1,0,0,1,0,0,0,0,1,0,0,1,0,-0.8660254037844384,-0.5000000000000004,-0.8854560256532096,-0.4647231720437691,0,1103.32,338631.35,338631.35,338631.35,338631.35,338631.35,338631.35,338631.35,338631.35,0.0,338631.35,0.0,338631.35,0.0,338631.35,0.0,338631.35,338631.35,338631.35,338631.35,0.0,0.0,0.0,0.0,0.0,0.0,,12.732670284578193,1.505,0,0,0.0,304798.69,503,2019,3
Wheat,2019-09-02,338631.35,NGN,NGN/MT,Historical (World Bank Pink Sheet × FX),wholesale,National,,,0.65,False,Synthetic: World Bank wheat USD × NGN/USD FX + Nigeria import premium (calibrated),Synthetic (World Bank/FAO × FX),historical,True,Hard bound violation (synthetic),100552.68,306.92,230.71466666666663,149.61,11.1,11.6,0,1,0,0,1,1,0,0,0,0,0,0,0,0,0,1,0,0,0,0,-1.0,-1.8369701987210287e-16,-0.9350162426854148,-0.3546048870425359,0,1103.32,338631.35,338631.35,338631.35,338631.35,338631.35,338631.35,338631.35,338631.35,0.0,338631.35,0.0,338631.35,0.0,338631.35,0.0,338631.35,338631.35,338631.35,338631.35,0.0,0.0,0.0,0.0,0.0,0.0,,12.732670284578193,1.505,0,0,0.5,304798.69,504,2019,3
Wheat,2019-09-09,338631.35,NGN,NGN/MT,Historical (World Bank Pink Sheet × FX),wholesale,National,,,0.65,False,Synthetic: World Bank wheat USD × NGN/USD FX + Nigeria import premium (calibrated),Synthetic (World Bank/FAO × FX),historical,True,Hard bound violation (synthetic),101055.76,306.92,228.06066666666663,149.61,11.1,11.6,0,1,0,0,1,1,0,0,0,0,0,0,0,0,0,1,0,0,0,0,-1.0,-1.8369701987210287e-16,-0.970941817426052,-0.2393156642875577,0,1103.32,338631.35,338631.35,338631.35,338631.35,338631.35,338631.35,338631.35,338631.35,0.0,338631.35,0.0,338631.35,0.0,338631.35,0.0,338631.35,338631.35,338631.35,338631.35,0.0,0.0,0.0,0.0,0.0,0.0,,12.732670284578193,1.493,0,0,0.5,304798.69,505,2019,3
Wheat,2019-09-16,338631.35,NGN,NGN/MT,Historical (World Bank Pink Sheet × FX),wholesale,National,,,0.65,False,Synthetic: World Bank wheat USD × NGN/USD FX + Nigeria import premium (calibrated),Synthetic (World Bank/FAO × FX),historical,True,Hard bound violation (synthetic),100731.89,306.92,228.06066666666663,149.61,11.1,11.6,0,1,0,0,1,1,0,0,0,0,0,0,0,0,0,1,0,0,0,0,-1.0,-1.8369701987210287e-16,-0.992708874098054,-0.1205366802553235,0,1103.32,338631.35,338631.35,338631.35,338631.35,338631.35,338631.35,338631.35,338631.35,0.0,338631.35,0.0,338631.35,0.0,338631.35,0.0,338631.35,338631.35,338631.35,338631.35,0.0,0.0,0.0,0.0,0.0,0.0,,12.732670284578193,1.493,0,0,0.5,304798.69,506,2019,3
Wheat,2019-09-23,338631.35,NGN,NGN/MT,Historical (World Bank Pink Sheet × FX),wholesale,National,,,0.65,False,Synthetic: World Bank wheat USD × NGN/USD FX + Nigeria import premium (calibrated),Synthetic (World Bank/FAO × FX),historical,True,Hard bound violation (synthetic),100000.0,306.92,228.06066666666663,149.61,11.1,11.6,0,1,0,0,1,1,0,0,0,0,0,0,0,0,0,1,0,0,0,0,-1.0,-1.8369701987210287e-16,-1.0,-1.8369701987210287e-16,0,1103.32,338631.35,338631.35,338631.35,338631.35,338631.35,338631.35,338631.35,338631.35,0.0,338631.35,0.0,338631.35,0.0,338631.35,0.0,338631.35,338631.35,338631.35,338631.35,0.0,0.0,0.0,0.0,0.0,0.0,,12.732670284578193,1.493,0,0,0.5,304798.69,507,2019,3
Wheat,2019-09-30,338631.35,NGN,NGN/MT,Historical (World Bank Pink Sheet × FX),wholesale,National,,,0.65,False,Synthetic: World Bank wheat USD × NGN/USD FX + Nigeria import premium (calibrated),Synthetic (World Bank/FAO × FX),historical,True,Hard bound violation (synthetic),102703.75,306.92,228.06066666666663,149.61,11.1,11.6,0,1,0,0,1,1,0,0,0,0,0,0,0,0,0,1,0,0,0,0,-1.0,-1.8369701987210287e-16,-0.992708874098054,0.1205366802553232,0,1103.32,338631.35,338631.35,338631.35,338631.35,338631.35,338631.35,338631.35,338631.35,0.0,338631.35,0.0,338631.35,0.0,338631.35,0.0,338631.35,338631.35,338631.35,338631.35,0.0,0.0,0.0,0.0,0.0,0.0,,12.732670284578193,1.493,0,0,0.5,304798.69,508,2019,3
Wheat,2019-10-07,338631.35,NGN,NGN/MT,Historical (World Bank Pink Sheet × FX),wholesale,National,,,0.65,False,Synthetic: World Bank wheat USD × NGN/USD FX + Nigeria import premium (calibrated),Synthetic (World Bank/FAO × FX),historical,True,Hard bound violation (synthetic),102103.16,306.92,228.06066666666663,149.61,11.1,11.6,0,1,0,0,0,1,0,0,0,1,0,1,0,1,1,1,1,0,0,0,-0.8660254037844386,0.5000000000000001,-0.970941817426052,0.2393156642875573,0,1103.32,338631.35,338631.35,338631.35,338631.35,338631.35,338631.35,338631.35,338631.35,0.0,338631.35,0.0,338631.35,0.0,338631.35,0.0,338631.35,338631.35,338631.35,338631.35,0.0,0.0,0.0,0.0,0.0,0.0,,12.732670284578193,1.493,0,0,0.5,304798.69,509,2019,4
Wheat,2019-10-14,338631.35,NGN,NGN/MT,Historical (World Bank Pink Sheet × FX),wholesale,National,,,0.65,False,Synthetic: World Bank wheat USD × NGN/USD FX + Nigeria import premium (calibrated),Synthetic (World Bank/FAO × FX),historical,True,Hard bound violation (synthetic),105563.13,306.92,232.05666666666667,144.06133333333335,11.1,11.6,0,1,0,0,0,1,0,0,0,1,0,1,0,1,1,1,1,0,0,0,-0.8660254037844386,0.5000000000000001,-0.9350162426854148,0.3546048870425355,0,1103.32,338631.35,338631.35,338631.35,338631.35,338631.35,338631.35,338631.35,338631.35,0.0,338631.35,0.0,338631.35,0.0,338631.35,0.0,338631.35,338631.35,338631.35,338631.35,0.0,0.0,0.0,0.0,0.0,0.0,,12.732670284578193,1.494,0,0,0.5,304798.69,510,2019,4
Wheat,2019-10-21,338631.35,NGN,NGN/MT,Historical (World Bank Pink Sheet × FX),wholesale,National,,,0.65,False,Synthetic: World Bank wheat USD × NGN/USD FX + Nigeria import premium (calibrated),Synthetic (World Bank/FAO × FX),historical,True,Hard bound violation (synthetic),104555.69,306.92,232.05666666666667,144.06133333333335,11.1,11.6,0,1,0,0,0,1,0,0,0,1,0,1,0,1,1,1,1,0,0,0,-0.8660254037844386,0.5000000000000001,-0.8854560256532101,0.464723172043768,0,1103.32,338631.35,338631.35,338631.35,338631.35,338631.35,338631.35,338631.35,338631.35,0.0,338631.35,0.0,338631.35,0.0,338631.35,0.0,338631.35,338631.35,338631.35,338631.35,0.0,0.0,0.0,0.0,0.0,0.0,,12.732670284578193,1.494,0,0,0.5,304798.69,511,2019,4
Wheat,2019-10-28,338631.35,NGN,NGN/MT,Historical (World Bank Pink Sheet × FX),wholesale,National,,,0.65,False,Synthetic: World Bank wheat USD × NGN/USD FX + Nigeria import premium (calibrated),Synthetic (World Bank/FAO × FX),historical,True,Hard bound violation (synthetic),103962.88,306.92,232.05666666666667,144.06133333333335,11.1,11.6,0,1,0,0,0,1,0,0,0,1,0,1,0,1,1,1,1,0,0,0,-0.8660254037844386,0.5000000000000001,-0.822983865893657,0.5680647467311548,0,1103.32,338631.35,338631.35,338631.35,338631.35,338631.35,338631.35,338631.35,338631.35,0.0,338631.35,0.0,338631.35,0.0,338631.35,0.0,338631.35,338631.35,338631.35,338631.35,0.0,0.0,0.0,0.0,0.0,0.0,,12.732670284578193,1.494,0,0,0.5,304798.69,512,2019,4
Wheat,2019-11-04,338631.35,NGN,NGN/MT,Historical (World Bank Pink Sheet × FX),wholesale,National,,,0.65,False,Synthetic: World Bank wheat USD × NGN/USD FX + Nigeria import premium (calibrated),Synthetic (World Bank/FAO × FX),historical,True,Hard bound violation (synthetic),105012.87,306.92,232.05666666666667,144.06133333333335,11.1,11.6,1,0,0,0,0,1,0,0,0,1,0,1,1,1,1,0,1,0,0,0,-0.5000000000000004,0.8660254037844384,-0.7485107481711011,0.6631226582407952,1,1103.32,338631.35,338631.35,338631.35,338631.35,338631.35,338631.35,338631.35,338631.35,0.0,338631.35,0.0,338631.35,0.0,338631.35,0.0,338631.35,338631.35,338631.35,338631.35,0.0,0.0,0.0,0.0,0.0,0.0,,12.732670284578193,1.494,0,0,0.5,304798.69,513,2019,4
Wheat,2019-11-11,338631.35,NGN,NGN/MT,Historical (World Bank Pink Sheet × FX),wholesale,National,,,0.65,False,Synthetic: World Bank wheat USD × NGN/USD FX + Nigeria import premium (calibrated),Synthetic (World Bank/FAO × FX),historical,True,Hard bound violation (synthetic),106084.17,306.92,233.4333333333333,144.32916666666668,11.1,11.6,1,0,0,0,0,1,0,0,0,1,0,1,1,1,1,0,1,0,0,0,-0.5000000000000004,0.8660254037844384,-0.6631226582407955,0.7485107481711007,1,1103.32,338631.35,338631.35,338631.35,338631.35,338631.35,338631.35,338631.35,338631.35,0.0,338631.35,0.0,338631.35,0.0,338631.35,0.0,338631.35,338631.35,338631.35,338631.35,0.0,0.0,0.0,0.0,0.0,0.0,,12.732670284578193,1.501,0,0,0.5,304798.69,514,2019,4
Wheat,2019-11-18,338631.35,NGN,NGN/MT,Historical (World Bank Pink Sheet × FX),wholesale,National,,,0.65,False,Synthetic: World Bank wheat USD × NGN/USD FX + Nigeria import premium (calibrated),Synthetic (World Bank/FAO × FX),historical,True,Hard bound violation (synthetic),110398.46,306.92,233.4333333333333,144.32916666666668,11.1,11.6,1,0,0,0,0,1,0,0,0,1,0,1,1,1,1,0,1,0,0,0,-0.5000000000000004,0.8660254037844384,-0.5680647467311559,0.8229838658936564,1,1103.32,338631.35,338631.35,338631.35,338631.35,338631.35,338631.35,338631.35,338631.35,0.0,338631.35,0.0,338631.35,0.0,338631.35,0.0,338631.35,338631.35,338631.35,338631.35,0.0,0.0,0.0,0.0,0.0,0.0,,12.732670284578193,1.501,0,0,0.5,304798.69,515,2019,4
Wheat,2019-11-25,338631.35,NGN,NGN/MT,Historical (World Bank Pink Sheet × FX),wholesale,National,,,0.65,False,Synthetic: World Bank wheat USD × NGN/USD FX + Nigeria import premium (calibrated),Synthetic (World Bank/FAO × FX),historical,True,Hard bound violation (synthetic),109574.33,306.92,233.4333333333333,144.32916666666668,11.1,11.6,1,0,0,0,0,1,0,0,0,1,0,1,1,1,1,0,1,0,0,0,-0.5000000000000004,0.8660254037844384,-0.4647231720437684,0.88545602565321,1,1103.32,338631.35,338631.35,338631.35,338631.35,338631.35,338631.35,338631.35,338631.35,0.0,338631.35,0.0,338631.35,0.0,338631.35,0.0,338631.35,338631.35,338631.35,338631.35,0.0,0.0,0.0,0.0,0.0,0.0,,12.732670284578193,1.501,0,0,0.5,304798.69,516,2019,4
Wheat,2019-12-02,338631.35,NGN,NGN/MT,Historical (World Bank Pink Sheet × FX),wholesale,National,,,0.65,False,Synthetic: World Bank wheat USD × NGN/USD FX + Nigeria import premium (calibrated),Synthetic (World Bank/FAO × FX),historical,True,Hard bound violation (synthetic),107929.79,306.92,233.4333333333333,144.32916666666668,11.1,11.6,1,0,0,0,0,0,0,0,0,1,0,1,1,1,1,0,0,0,0,1,-2.4492935982947064e-16,1.0,-0.3546048870425359,0.9350162426854148,1,1103.32,338631.35,338631.35,338631.35,338631.35,338631.35,338631.35,338631.35,338631.35,0.0,338631.35,0.0,338631.35,0.0,338631.35,0.0,338631.35,338631.35,338631.35,338631.35,0.0,0.0,0.0,0.0,0.0,0.0,,12.732670284578193,1.501,0,0,0.0,304798.69,517,2019,4
Wheat,2019-12-09,338631.35,NGN,NGN/MT,Historical (World Bank Pink Sheet × FX),wholesale,National,,,0.65,False,Synthetic: World Bank wheat USD × NGN/USD FX + Nigeria import premium (calibrated),Synthetic (World Bank/FAO × FX),historical,True,Hard bound violation (synthetic),111521.98,306.92,233.82,144.06666666666666,11.1,11.6,1,0,0,0,0,0,0,0,0,1,0,1,1,1,1,0,0,0,0,1,-2.4492935982947064e-16,1.0,-0.2393156642875578,0.970941817426052,1,1103.32,338631.35,338631.35,338631.35,338631.35,338631.35,338631.35,338631.35,338631.35,0.0,338631.35,0.0,338631.35,0.0,338631.35,0.0,338631.35,338631.35,338631.35,338631.35,0.0,0.0,0.0,0.0,0.0,0.0,,12.732670284578193,1.502,0,0,0.0,304798.69,518,2019,4
Wheat,2019-12-16,338631.35,NGN,NGN/MT,Historical (World Bank Pink Sheet × FX),wholesale,National,,,0.65,False,Synthetic: World Bank wheat USD × NGN/USD FX + Nigeria import premium (calibrated),Synthetic (World Bank/FAO × FX),historical,True,Hard bound violation (synthetic),113697.05,306.92,233.82,144.06666666666666,11.1,11.6,1,0,0,0,0,0,0,0,0,1,0,1,1,1,1,0,0,0,0,1,-2.4492935982947064e-16,1.0,-0.1205366802553236,0.992708874098054,1,1103.32,338631.35,338631.35,338631.35,338631.35,338631.35,338631.35,338631.35,338631.35,0.0,338631.35,0.0,338631.35,0.0,338631.35,0.0,338631.35,338631.35,338631.35,338631.35,0.0,0.0,0.0,0.0,0.0,0.0,,12.732670284578193,1.502,0,0,0.0,304798.69,519,2019,4
Wheat,2019-12-23,338631.35,NGN,NGN/MT,Historical (World Bank Pink Sheet × FX),wholesale,National,,,0.65,False,Synthetic: World Bank wheat USD × NGN/USD FX + Nigeria import premium (calibrated),Synthetic (World Bank/FAO × FX),historical,True,Hard bound violation (synthetic),105621.97,306.92,233.82,144.06666666666666,11.1,11.6,1,0,0,0,0,0,0,0,0,1,0,1,1,1,1,0,0,0,0,1,-2.4492935982947064e-16,1.0,6.432490598706546e-16,1.0,1,1103.32,338631.35,338631.35,338631.35,338631.35,338631.35,338631.35,338631.35,338631.35,0.0,338631.35,0.0,338631.35,0.0,338631.35,0.0,338631.35,338631.35,338631.35,338631.35,0.0,0.0,0.0,0.0,0.0,0.0,,12.732670284578193,1.502,0,0,0.0,304798.69,520,2019,4
Wheat,2019-12-30,338631.35,NGN,NGN/MT,Historical (World Bank Pink Sheet × FX),wholesale,National,,,0.65,False,Synthetic: World Bank wheat USD × NGN/USD FX + Nigeria import premium (calibrated),Synthetic (World Bank/FAO × FX),historical,True,Hard bound violation (synthetic),113003.13,306.92,233.82,144.06666666666666,11.1,11.6,1,0,0,0,0,0,0,0,0,1,0,1,1,1,1,0,0,0,0,1,-2.4492935982947064e-16,1.0,0.120536680255323,0.992708874098054,1,1103.32,338631.35,338631.35,338631.35,338631.35,338631.35,338631.35,338631.35,338631.35,0.0,338631.35,0.0,338631.35,0.0,338631.35,0.0,338631.35,338631.35,338631.35,338631.35,0.0,0.0,0.0,0.0,0.0,0.0,,12.732670284578193,1.502,0,0,0.0,304798.69,521,2019,4
Wheat,2020-01-06,338631.35,NGN,NGN/MT,Historical (World Bank Pink Sheet × FX),wholesale,National,,,0.65,False,Synthetic: World Bank wheat USD × NGN/USD FX + Nigeria import premium (calibrated),Synthetic (World Bank/FAO × FX),historical,True,Hard bound violation (synthetic),155258.86,358.81,233.82,144.06666666666666,11.1,11.6,1,0,0,0,0,0,0,0,0,1,0,0,1,0,0,0,0,0,0,1,0.4999999999999999,0.8660254037844387,0.2393156642875577,0.970941817426052,1,943.76,338631.35,338631.35,338631.35,338631.35,338631.35,338631.35,338631.35,338631.35,0.0,338631.35,0.0,338631.35,0.0,338631.35,0.0,338631.35,338631.35,338631.35,338631.35,0.0,0.0,0.0,0.0,0.0,0.0,,12.732670284578193,1.502,0,0,0.0,304798.69,522,2020,1
Wheat,2020-01-13,338631.35,NGN,NGN/MT,Historical (World Bank Pink Sheet × FX),wholesale,National,,,0.65,False,Synthetic: World Bank wheat USD × NGN/USD FX + Nigeria import premium (calibrated),Synthetic (World Bank/FAO × FX),historical,True,Hard bound violation (synthetic),161119.42,358.81,236.5727272727273,144.32416666666666,11.1,11.6,1,0,0,0,0,0,0,0,0,1,0,0,1,0,0,0,0,0,0,1,0.4999999999999999,0.8660254037844387,0.3546048870425356,0.9350162426854148,1,943.76,338631.35,338631.35,338631.35,338631.35,338631.35,338631.35,338631.35,338631.35,0.0,338631.35,0.0,338631.35,0.0,338631.35,0.0,338631.35,338631.35,338631.35,338631.35,0.0,0.0,0.0,0.0,0.0,0.0,,12.732670284578193,1.515,0,0,0.0,304798.69,523,2020,1
Wheat,2020-01-20,338631.35,NGN,NGN/MT,Historical (World Bank Pink Sheet × FX),wholesale,National,,,0.65,False,Synthetic: World Bank wheat USD × NGN/USD FX + Nigeria import premium (calibrated),Synthetic (World Bank/FAO × FX),historical,True,Hard bound violation (synthetic),154780.61,358.81,236.5727272727273,144.32416666666666,11.1,11.6,1,0,0,0,0,0,0,0,0,1,0,0,1,0,0,0,0,0,0,1,0.4999999999999999,0.8660254037844387,0.4647231720437685,0.8854560256532099,1,943.76,338631.35,338631.35,338631.35,338631.35,338631.35,338631.35,338631.35,338631.35,0.0,338631.35,0.0,338631.35,0.0,338631.35,0.0,338631.35,338631.35,338631.35,338631.35,0.0,0.0,0.0,0.0,0.0,0.0,,12.732670284578193,1.515,0,0,0.0,304798.69,524,2020,1
Wheat,2020-01-27,338631.35,NGN,NGN/MT,Historical (World Bank Pink Sheet × FX),wholesale,National,,,0.65,False,Synthetic: World Bank wheat USD × NGN/USD FX + Nigeria import premium (calibrated),Synthetic (World Bank/FAO × FX),historical,True,Hard bound violation (synthetic),149830.58,358.81,236.5727272727273,144.32416666666666,11.1,11.6,1,0,0,0,0,0,0,0,0,1,0,0,1,0,0,0,0,0,0,1,0.4999999999999999,0.8660254037844387,0.5680647467311558,0.8229838658936564,1,943.76,338631.35,338631.35,338631.35,338631.35,338631.35,338631.35,338631.35,338631.35,0.0,338631.35,0.0,338631.35,0.0,338631.35,0.0,338631.35,338631.35,338631.35,338631.35,0.0,0.0,0.0,0.0,0.0,0.0,,12.732670284578193,1.515,0,0,0.0,304798.69,525,2020,1
Wheat,2020-02-03,338631.35,NGN,NGN/MT,Historical (World Bank Pink Sheet × FX),wholesale,National,,,0.65,False,Synthetic: World Bank wheat USD × NGN/USD FX + Nigeria import premium (calibrated),Synthetic (World Bank/FAO × FX),historical,True,Hard bound violation (synthetic),154978.29,358.81,236.5727272727273,144.32416666666666,11.1,11.6,1,0,0,0,0,0,0,0,1,1,0,0,1,0,0,0,0,0,0,0,0.8660254037844386,0.5000000000000001,0.6631226582407952,0.7485107481711011,1,943.76,338631.35,338631.35,338631.35,338631.35,338631.35,338631.35,338631.35,338631.35,0.0,338631.35,0.0,338631.35,0.0,338631.35,0.0,338631.35,338631.35,338631.35,338631.35,0.0,0.0,0.0,0.0,0.0,0.0,,12.732670284578193,1.515,0,0,0.0,304798.69,526,2020,1
Wheat,2020-02-10,338631.35,NGN,NGN/MT,Historical (World Bank Pink Sheet × FX),wholesale,National,,,0.65,False,Synthetic: World Bank wheat USD × NGN/USD FX + Nigeria import premium (calibrated),Synthetic (World Bank/FAO × FX),historical,True,Hard bound violation (synthetic),163168.78,358.81,229.79,143.97222222222223,11.1,11.6,1,0,0,0,0,0,0,0,1,1,0,0,1,0,0,0,0,0,0,0,0.8660254037844386,0.5000000000000001,0.7485107481711011,0.6631226582407953,1,943.76,338631.35,338631.35,338631.35,338631.35,338631.35,338631.35,338631.35,338631.35,0.0,338631.35,0.0,338631.35,0.0,338631.35,0.0,338631.35,338631.35,338631.35,338631.35,0.0,0.0,0.0,0.0,0.0,0.0,,12.732670284578193,1.483,0,0,0.0,304798.69,527,2020,1
Wheat,2020-02-17,338631.35,NGN,NGN/MT,Historical (World Bank Pink Sheet × FX),wholesale,National,,,0.65,False,Synthetic: World Bank wheat USD × NGN/USD FX + Nigeria import premium (calibrated),Synthetic (World Bank/FAO × FX),historical,True,Hard bound violation (synthetic),164203.26,358.81,229.79,143.97222222222223,11.1,11.6,1,0,0,0,0,0,0,0,1,1,0,0,1,0,0,0,0,0,0,0,0.8660254037844386,0.5000000000000001,0.8229838658936564,0.5680647467311559,1,943.76,338631.35,338631.35,338631.35,338631.35,338631.35,338631.35,338631.35,338631.35,0.0,338631.35,0.0,338631.35,0.0,338631.35,0.0,338631.35,338631.35,338631.35,338631.35,0.0,0.0,0.0,0.0,0.0,0.0,,12.732670284578193,1.483,0,0,0.0,304798.69,528,2020,1
Wheat,2020-02-24,338631.35,NGN,NGN/MT,Historical (World Bank Pink Sheet × FX),wholesale,National,,,0.65,False,Synthetic: World Bank wheat USD × NGN/USD FX + Nigeria import premium (calibrated),Synthetic (World Bank/FAO × FX),historical,True,Hard bound violation (synthetic),158513.43,358.81,229.79,143.97222222222223,11.1,11.6,1,0,0,0,0,0,0,0,1,1,0,0,1,0,0,0,0,0,0,0,0.8660254037844386,0.5000000000000001,0.8854560256532099,0.4647231720437686,1,943.76,338631.35,338631.35,338631.35,338631.35,338631.35,338631.35,338631.35,338631.35,0.0,338631.35,0.0,338631.35,0.0,338631.35,0.0,338631.35,338631.35,338631.35,338631.35,0.0,0.0,0.0,0.0,0.0,0.0,,12.732670284578193,1.483,0,0,0.0,304798.69,529,2020,1
Wheat,2020-03-02,338631.35,NGN,NGN/MT,Historical (World Bank Pink Sheet × FX),wholesale,National,,,0.65,False,Synthetic: World Bank wheat USD × NGN/USD FX + Nigeria import premium (calibrated),Synthetic (World Bank/FAO × FX),historical,True,Hard bound violation (synthetic),169130.28,358.81,229.79,143.97222222222223,11.1,11.6,1,0,0,1,0,0,0,0,1,1,0,0,0,0,0,0,0,0,0,0,1.0,6.123233995736766e-17,0.9350162426854148,0.3546048870425355,0,943.76,338631.35,338631.35,338631.35,338631.35,338631.35,338631.35,338631.35,338631.35,0.0,338631.35,0.0,338631.35,0.0,338631.35,0.0,338631.35,338631.35,338631.35,338631.35,0.0,0.0,0.0,0.0,0.0,0.0,,12.732670284578193,1.483,1,3,0.0,304798.69,530,2020,1
Wheat,2020-03-09,338631.35,NGN,NGN/MT,Historical (World Bank Pink Sheet × FX),wholesale,National,,,0.65,False,Synthetic: World Bank wheat USD × NGN/USD FX + Nigeria import premium (calibrated),Synthetic (World Bank/FAO × FX),historical,True,Hard bound violation (synthetic),157679.1,358.81,232.508,132.70999999999998,11.1,11.6,1,0,0,1,0,0,0,0,1,1,0,0,0,0,0,0,0,0,0,0,1.0,6.123233995736766e-17,0.970941817426052,0.239315664287558,0,943.76,338631.35,338631.35,338631.35,338631.35,338631.35,338631.35,338631.35,338631.35,0.0,338631.35,0.0,338631.35,0.0,338631.35,0.0,338631.35,338631.35,338631.35,338631.35,0.0,0.0,0.0,0.0,0.0,0.0,,12.732670284578193,1.46,1,3,0.0,304798.69,531,2020,1
Wheat,2020-03-16,338631.35,NGN,NGN/MT,Historical (World Bank Pink Sheet × FX),wholesale,National,,,0.65,False,Synthetic: World Bank wheat USD × NGN/USD FX + Nigeria import premium (calibrated),Synthetic (World Bank/FAO × FX),historical,True,Hard bound violation (synthetic),165622.05,358.81,232.508,132.70999999999998,11.1,11.6,1,0,0,1,0,0,0,0,1,1,0,0,0,0,0,0,0,0,0,0,1.0,6.123233995736766e-17,0.992708874098054,0.120536680255323,0,943.76,338631.35,338631.35,338631.35,338631.35,338631.35,338631.35,338631.35,338631.35,0.0,338631.35,0.0,338631.35,0.0,338631.35,0.0,338631.35,338631.35,338631.35,338631.35,0.0,0.0,0.0,0.0,0.0,0.0,,12.732670284578193,1.46,1,3,0.0,304798.69,532,2020,1
Wheat,2020-03-23,338631.35,NGN,NGN/MT,Historical (World Bank Pink Sheet × FX),wholesale,National,,,0.65,False,Synthetic: World Bank wheat USD × NGN/USD FX + Nigeria import premium (calibrated),Synthetic (World Bank/FAO × FX),historical,True,Hard bound violation (synthetic),159921.95,358.81,232.508,132.70999999999998,11.1,11.6,1,0,0,1,0,0,0,0,1,1,0,0,0,0,0,0,0,0,0,0,1.0,6.123233995736766e-17,1.0,-1.6081226496766364e-16,0,943.76,338631.35,338631.35,338631.35,338631.35,338631.35,338631.35,338631.35,338631.35,0.0,338631.35,0.0,338631.35,0.0,338631.35,0.0,338631.35,338631.35,338631.35,338631.35,0.0,0.0,0.0,0.0,0.0,0.0,,12.732670284578193,1.46,1,3,0.0,304798.69,533,2020,1
Wheat,2020-03-30,338631.35,NGN,NGN/MT,Historical (World Bank Pink Sheet × FX),wholesale,National,,,0.65,False,Synthetic: World Bank wheat USD × NGN/USD FX + Nigeria import premium (calibrated),Synthetic (World Bank/FAO × FX),historical,True,Hard bound violation (synthetic),162705.84,358.81,232.508,132.70999999999998,11.1,11.6,1,0,0,1,0,0,0,0,1,1,0,0,0,0,0,0,0,0,0,0,1.0,6.123233995736766e-17,0.992708874098054,-0.1205366802553228,0,943.76,338631.35,338631.35,338631.35,338631.35,338631.35,338631.35,338631.35,338631.35,0.0,338631.35,0.0,338631.35,0.0,338631.35,0.0,338631.35,338631.35,338631.35,338631.35,0.0,0.0,0.0,0.0,0.0,0.0,,12.732670284578193,1.46,1,3,0.0,304798.69,534,2020,1
Wheat,2020-04-06,338631.35,NGN,NGN/MT,Historical (World Bank Pink Sheet × FX),wholesale,National,,,0.65,False,Synthetic: World Bank wheat USD × NGN/USD FX + Nigeria import premium (calibrated),Synthetic (World Bank/FAO × FX),historical,True,Hard bound violation (synthetic),163165.42,358.81,232.508,132.70999999999998,11.1,11.6,0,1,1,1,0,0,0,0,1,0,0,0,0,0,0,0,0,0,0,0,0.8660254037844387,-0.4999999999999998,0.970941817426052,-0.2393156642875575,0,943.76,338631.35,338631.35,338631.35,338631.35,338631.35,338631.35,338631.35,338631.35,0.0,338631.35,0.0,338631.35,0.0,338631.35,0.0,338631.35,338631.35,338631.35,338631.35,0.0,0.0,0.0,0.0,0.0,0.0,,12.732670284578193,1.46,1,3,0.5,304798.69,535,2020,2
Wheat,2020-04-13,338631.35,NGN,NGN/MT,Historical (World Bank Pink Sheet × FX),wholesale,National,,,0.65,False,Synthetic: World Bank wheat USD × NGN/USD FX + Nigeria import premium (calibrated),Synthetic (World Bank/FAO × FX),historical,True,Hard bound violation (synthetic),158728.02,358.81,227.83066666666667,125.68466666666669,11.1,11.6,0,1,1,1,0,0,0,0,1,0,0,0,0,0,0,0,0,0,0,0,0.8660254037844387,-0.4999999999999998,0.9350162426854148,-0.3546048870425354,0,943.76,338631.35,338631.35,338631.35,338631.35,338631.35,338631.35,338631.35,338631.35,0.0,338631.35,0.0,338631.35,0.0,338631.35,0.0,338631.35,338631.35,338631.35,338631.35,0.0,0.0,0.0,0.0,0.0,0.0,,12.732670284578193,1.418,1,3,0.5,304798.69,536,2020,2
Wheat,2020-04-20,338631.35,NGN,NGN/MT,Historical (World Bank Pink Sheet × FX),wholesale,National,,,0.65,False,Synthetic: World Bank wheat USD × NGN/USD FX + Nigeria import premium (calibrated),Synthetic (World Bank/FAO × FX),historical,True,Hard bound violation (synthetic),161054.02,358.81,227.83066666666667,125.68466666666669,11.1,11.6,0,1,1,1,0,0,0,0,1,0,0,0,0,0,0,0,0,0,0,0,0.8660254037844387,-0.4999999999999998,0.8854560256532099,-0.4647231720437685,0,943.76,338631.35,338631.35,338631.35,338631.35,338631.35,338631.35,338631.35,338631.35,0.0,338631.35,0.0,338631.35,0.0,338631.35,0.0,338631.35,338631.35,338631.35,338631.35,0.0,0.0,0.0,0.0,0.0,0.0,,12.732670284578193,1.418,1,3,0.5,304798.69,537,2020,2
Wheat,2020-04-27,338631.35,NGN,NGN/MT,Historical (World Bank Pink Sheet × FX),wholesale,National,,,0.65,False,Synthetic: World Bank wheat USD × NGN/USD FX + Nigeria import premium (calibrated),Synthetic (World Bank/FAO × FX),historical,True,Hard bound violation (synthetic),167852.51,358.81,227.83066666666667,125.68466666666669,11.1,11.6,0,1,1,1,0,0,0,0,1,0,0,0,0,0,0,0,0,1,0,0,0.8660254037844387,-0.4999999999999998,0.8229838658936565,-0.5680647467311557,0,943.76,338631.35,338631.35,338631.35,338631.35,338631.35,338631.35,338631.35,338631.35,0.0,338631.35,0.0,338631.35,0.0,338631.35,0.0,338631.35,338631.35,338631.35,338631.35,0.0,0.0,0.0,0.0,0.0,0.0,,12.732670284578193,1.418,1,3,0.5,304798.69,538,2020,2
Wheat,2020-05-04,338631.35,NGN,NGN/MT,Historical (World Bank Pink Sheet × FX),wholesale,National,,,0.65,False,Synthetic: World Bank wheat USD × NGN/USD FX + Nigeria import premium (calibrated),Synthetic (World Bank/FAO × FX),historical,True,Hard bound violation (synthetic),152701.2,358.81,227.83066666666667,125.68466666666669,11.1,11.6,0,1,1,1,0,0,0,0,1,0,1,0,0,0,0,0,0,1,0,0,0.4999999999999999,-0.8660254037844387,0.7485107481711013,-0.663122658240795,0,943.76,338631.35,338631.35,338631.35,338631.35,338631.35,338631.35,338631.35,338631.35,0.0,338631.35,0.0,338631.35,0.0,338631.35,0.0,338631.35,338631.35,338631.35,338631.35,0.0,0.0,0.0,0.0,0.0,0.0,,12.732670284578193,1.418,1,3,0.5,304798.69,539,2020,2
Wheat,2020-05-11,338631.35,NGN,NGN/MT,Historical (World Bank Pink Sheet × FX),wholesale,National,,,0.65,False,Synthetic: World Bank wheat USD × NGN/USD FX + Nigeria import premium (calibrated),Synthetic (World Bank/FAO × FX),historical,True,Hard bound violation (synthetic),159286.27,358.81,224.226,124.632,11.1,11.6,0,1,1,1,0,0,0,0,1,0,1,0,0,0,0,0,0,1,0,0,0.4999999999999999,-0.8660254037844387,0.6631226582407952,-0.7485107481711012,0,943.76,338631.35,338631.35,338631.35,338631.35,338631.35,338631.35,338631.35,338631.35,0.0,338631.35,0.0,338631.35,0.0,338631.35,0.0,338631.35,338631.35,338631.35,338631.35,0.0,0.0,0.0,0.0,0.0,0.0,,12.732670284578193,1.398,1,3,0.5,304798.69,540,2020,2
Wheat,2020-05-18,338631.35,NGN,NGN/MT,Historical (World Bank Pink Sheet × FX),wholesale,National,,,0.65,False,Synthetic: World Bank wheat USD × NGN/USD FX + Nigeria import premium (calibrated),Synthetic (World Bank/FAO × FX),historical,True,Hard bound violation (synthetic),150124.14,358.81,224.226,124.632,11.1,11.6,0,1,1,1,0,0,0,0,1,0,1,0,0,0,0,0,0,1,0,0,0.4999999999999999,-0.8660254037844387,0.5680647467311558,-0.8229838658936564,0,943.76,338631.35,338631.35,338631.35,338631.35,338631.35,338631.35,338631.35,338631.35,0.0,338631.35,0.0,338631.35,0.0,338631.35,0.0,338631.35,338631.35,338631.35,338631.35,0.0,0.0,0.0,0.0,0.0,0.0,,12.732670284578193,1.398,1,3,0.5,304798.69,541,2020,2
Wheat,2020-05-25,338631.35,NGN,NGN/MT,Historical (World Bank Pink Sheet × FX),wholesale,National,,,0.65,False,Synthetic: World Bank wheat USD × NGN/USD FX + Nigeria import premium (calibrated),Synthetic (World Bank/FAO × FX),historical,True,Hard bound violation (synthetic),157860.3,358.81,224.226,124.632,11.1,11.6,0,1,1,1,0,0,0,0,1,0,1,0,0,0,0,0,0,0,0,0,0.4999999999999999,-0.8660254037844387,0.464723172043769,-0.8854560256532096,0,943.76,338631.35,338631.35,338631.35,338631.35,338631.35,338631.35,338631.35,338631.35,0.0,338631.35,0.0,338631.35,0.0,338631.35,0.0,338631.35,338631.35,338631.35,338631.35,0.0,0.0,0.0,0.0,0.0,0.0,,12.732670284578193,1.398,1,3,0.5,304798.69,542,2020,2
Wheat,2020-06-01,338631.35,NGN,NGN/MT,Historical (World Bank Pink Sheet × FX),wholesale,National,,,0.65,False,Synthetic: World Bank wheat USD × NGN/USD FX + Nigeria import premium (calibrated),Synthetic (World Bank/FAO × FX),historical,True,Hard bound violation (synthetic),152667.35,358.81,224.226,124.632,12.6,13.5,0,1,1,0,0,0,0,1,0,0,1,0,0,0,0,0,0,0,1,0,1.2246467991473532e-16,-1.0,0.3546048870425358,-0.9350162426854148,0,943.76,338631.35,338631.35,338631.35,338631.35,338631.35,338631.35,338631.35,338631.35,0.0,338631.35,0.0,338631.35,0.0,338631.35,0.0,338631.35,338631.35,338631.35,338631.35,0.0,0.0,0.0,0.0,0.0,0.0,,12.732670284578193,1.398,1,3,0.5,300738.32,543,2020,2
Wheat,2020-06-08,338631.35,NGN,NGN/MT,Historical (World Bank Pink Sheet × FX),wholesale,National,,,0.65,False,Synthetic: World Bank wheat USD × NGN/USD FX + Nigeria import premium (calibrated),Synthetic (World Bank/FAO × FX),historical,True,Hard bound violation (synthetic),135487.72,358.81,224.226,124.632,12.6,13.5,0,1,1,0,0,0,0,1,0,0,1,0,0,0,0,0,0,0,1,0,1.2246467991473532e-16,-1.0,0.2393156642875576,-0.970941817426052,0,943.76,338631.35,338631.35,338631.35,338631.35,338631.35,338631.35,338631.35,338631.35,0.0,338631.35,0.0,338631.35,0.0,338631.35,0.0,338631.35,338631.35,338631.35,338631.35,0.0,0.0,0.0,0.0,0.0,0.0,,12.732670284578193,1.398,1,3,0.5,300738.32,544,2020,2
Wheat,2020-06-15,338631.35,NGN,NGN/MT,Historical (World Bank Pink Sheet × FX),wholesale,National,,,0.65,False,Synthetic: World Bank wheat USD × NGN/USD FX + Nigeria import premium (calibrated),Synthetic (World Bank/FAO × FX),historical,True,Hard bound violation (synthetic),142840.14,358.81,215.89333333333332,124.33933333333331,12.6,13.5,0,1,1,0,0,0,0,1,0,0,1,0,0,0,0,0,0,0,1,0,1.2246467991473532e-16,-1.0,0.120536680255323,-0.992708874098054,0,943.76,338631.35,338631.35,338631.35,338631.35,338631.35,338631.35,338631.35,338631.35,0.0,338631.35,0.0,338631.35,0.0,338631.35,0.0,338631.35,338631.35,338631.35,338631.35,0.0,0.0,0.0,0.0,0.0,0.0,,12.732670284578193,1.36,1,3,0.5,300738.32,545,2020,2
Wheat,2020-06-22,338631.35,NGN,NGN/MT,Historical (World Bank Pink Sheet × FX),wholesale,National,,,0.65,False,Synthetic: World Bank wheat USD × NGN/USD FX + Nigeria import premium (calibrated),Synthetic (World Bank/FAO × FX),historical,True,Hard bound violation (synthetic),148872.07,358.81,215.89333333333332,124.33933333333331,12.6,13.5,0,1,1,0,0,0,0,1,0,0,1,0,0,0,0,0,0,0,1,0,1.2246467991473532e-16,-1.0,-3.216245299353273e-16,-1.0,0,943.76,338631.35,338631.35,338631.35,338631.35,338631.35,338631.35,338631.35,338631.35,0.0,338631.35,0.0,338631.35,0.0,338631.35,0.0,338631.35,338631.35,338631.35,338631.35,0.0,0.0,0.0,0.0,0.0,0.0,,12.732670284578193,1.36,1,3,0.5,300738.32,546,2020,2
Wheat,2020-06-29,338631.35,NGN,NGN/MT,Historical (World Bank Pink Sheet × FX),wholesale,National,,,0.65,False,Synthetic: World Bank wheat USD × NGN/USD FX + Nigeria import premium (calibrated),Synthetic (World Bank/FAO × FX),historical,True,Hard bound violation (synthetic),145447.23,358.81,215.89333333333332,124.33933333333331,12.6,13.5,0,1,1,0,0,0,0,1,0,0,1,0,0,0,0,0,0,0,1,0,1.2246467991473532e-16,-1.0,-0.1205366802553228,-0.992708874098054,0,943.76,338631.35,338631.35,338631.35,338631.35,338631.35,338631.35,338631.35,338631.35,0.0,338631.35,0.0,338631.35,0.0,338631.35,0.0,338631.35,338631.35,338631.35,338631.35,0.0,0.0,0.0,0.0,0.0,0.0,,12.732670284578193,1.36,1,3,0.5,300738.32,547,2020,2
Wheat,2020-07-06,338631.35,NGN,NGN/MT,Historical (World Bank Pink Sheet × FX),wholesale,National,,,0.65,False,Synthetic: World Bank wheat USD × NGN/USD FX + Nigeria import premium (calibrated),Synthetic (World Bank/FAO × FX),historical,True,Hard bound violation (synthetic),144917.14,358.81,215.89333333333332,124.33933333333331,12.6,13.5,0,1,1,0,0,0,1,1,0,0,1,0,0,0,0,0,0,0,1,0,-0.4999999999999997,-0.8660254037844388,-0.2393156642875574,-0.970941817426052,0,943.76,338631.35,338631.35,338631.35,338631.35,338631.35,338631.35,338631.35,338631.35,0.0,338631.35,0.0,338631.35,0.0,338631.35,0.0,338631.35,338631.35,338631.35,338631.35,0.0,0.0,0.0,0.0,0.0,0.0,,12.732670284578193,1.36,1,3,0.5,300738.32,548,2020,3
Wheat,2020-07-13,338631.35,NGN,NGN/MT,Historical (World Bank Pink Sheet × FX),wholesale,National,,,0.65,False,Synthetic: World Bank wheat USD × NGN/USD FX + Nigeria import premium (calibrated),Synthetic (World Bank/FAO × FX),historical,True,Hard bound violation (synthetic),140724.42,358.81,214.39533333333333,137.56199999999998,12.6,13.5,0,1,1,0,0,0,1,1,0,0,1,0,0,0,0,0,0,0,1,0,-0.4999999999999997,-0.8660254037844388,-0.3546048870425356,-0.9350162426854148,0,943.76,338631.35,338631.35,338631.35,338631.35,338631.35,338631.35,338631.35,338631.35,0.0,338631.35,0.0,338631.35,0.0,338631.35,0.0,338631.35,338631.35,338631.35,338631.35,0.0,0.0,0.0,0.0,0.0,0.0,,12.732670284578193,1.394,1,3,0.5,300738.32,549,2020,3
Wheat,2020-07-20,338631.35,NGN,NGN/MT,Historical (World Bank Pink Sheet × FX),wholesale,National,,,0.65,False,Synthetic: World Bank wheat USD × NGN/USD FX + Nigeria import premium (calibrated),Synthetic (World Bank/FAO × FX),historical,True,Hard bound violation (synthetic),143693.65,358.81,214.39533333333333,137.56199999999998,12.6,13.5,0,1,1,0,0,0,1,1,0,0,1,0,0,0,0,0,0,0,1,0,-0.4999999999999997,-0.8660254037844388,-0.464723172043768,-0.8854560256532101,0,943.76,338631.35,338631.35,338631.35,338631.35,338631.35,338631.35,338631.35,338631.35,0.0,338631.35,0.0,338631.35,0.0,338631.35,0.0,338631.35,338631.35,338631.35,338631.35,0.0,0.0,0.0,0.0,0.0,0.0,,12.732670284578193,1.394,1,3,0.5,300738.32,550,2020,3
Wheat,2020-07-27,338631.35,NGN,NGN/MT,Historical (World Bank Pink Sheet × FX),wholesale,National,,,0.65,False,Synthetic: World Bank wheat USD × NGN/USD FX + Nigeria import premium (calibrated),Synthetic (World Bank/FAO × FX),historical,True,Hard bound violation (synthetic),142651.99,358.81,214.39533333333333,137.56199999999998,12.6,13.5,0,1,1,0,0,0,1,1,0,0,1,0,0,0,0,0,0,0,1,0,-0.4999999999999997,-0.8660254037844388,-0.5680647467311556,-0.8229838658936565,0,943.76,338631.35,338631.35,338631.35,338631.35,338631.35,338631.35,338631.35,338631.35,0.0,338631.35,0.0,338631.35,0.0,338631.35,0.0,338631.35,338631.35,338631.35,338631.35,0.0,0.0,0.0,0.0,0.0,0.0,,12.732670284578193,1.394,1,3,0.5,300738.32,551,2020,3
Wheat,2020-08-03,338631.35,NGN,NGN/MT,Historical (World Bank Pink Sheet × FX),wholesale,National,,,0.65,False,Synthetic: World Bank wheat USD × NGN/USD FX + Nigeria import premium (calibrated),Synthetic (World Bank/FAO × FX),historical,True,Hard bound violation (synthetic),145219.39,358.81,214.39533333333333,137.56199999999998,12.6,13.5,0,1,0,0,1,0,1,1,0,0,1,0,0,0,0,1,0,0,1,0,-0.8660254037844384,-0.5000000000000004,-0.663122658240795,-0.7485107481711013,0,943.76,338631.35,338631.35,338631.35,338631.35,338631.35,338631.35,338631.35,338631.35,0.0,338631.35,0.0,338631.35,0.0,338631.35,0.0,338631.35,338631.35,338631.35,338631.35,0.0,0.0,0.0,0.0,0.0,0.0,,12.732670284578193,1.394,1,3,0.0,300738.32,552,2020,3
Wheat,2020-08-10,338631.35,NGN,NGN/MT,Historical (World Bank Pink Sheet × FX),wholesale,National,,,0.65,False,Synthetic: World Bank wheat USD × NGN/USD FX + Nigeria import premium (calibrated),Synthetic (World Bank/FAO × FX),historical,True,Hard bound violation (synthetic),141374.94,358.81,209.362,145.88066666666666,12.6,13.5,0,1,0,0,1,0,1,1,0,0,1,0,0,0,0,1,0,0,1,0,-0.8660254037844384,-0.5000000000000004,-0.7485107481711011,-0.6631226582407952,0,943.76,338631.35,338631.35,338631.35,338631.35,338631.35,338631.35,338631.35,338631.35,0.0,338631.35,0.0,338631.35,0.0,338631.35,0.0,338631.35,338631.35,338631.35,338631.35,0.0,0.0,0.0,0.0,0.0,0.0,,12.732670284578193,1.397,1,3,0.0,300738.32,553,2020,3
Wheat,2020-08-17,338631.35,NGN,NGN/MT,Historical (World Bank Pink Sheet × FX),wholesale,National,,,0.65,False,Synthetic: World Bank wheat USD × NGN/USD FX + Nigeria import premium (calibrated),Synthetic (World Bank/FAO × FX),historical,True,Hard bound violation (synthetic),141725.06,358.81,209.362,145.88066666666666,12.6,13.5,0,1,0,0,1,0,1,1,0,0,1,0,0,0,0,1,0,0,1,0,-0.8660254037844384,-0.5000000000000004,-0.8229838658936564,-0.5680647467311559,0,943.76,338631.35,338631.35,338631.35,338631.35,338631.35,338631.35,338631.35,338631.35,0.0,338631.35,0.0,338631.35,0.0,338631.35,0.0,338631.35,338631.35,338631.35,338631.35,0.0,0.0,0.0,0.0,0.0,0.0,,12.732670284578193,1.397,1,3,0.0,300738.32,554,2020,3
Wheat,2020-08-24,338631.35,NGN,NGN/MT,Historical (World Bank Pink Sheet × FX),wholesale,National,,,0.65,False,Synthetic: World Bank wheat USD × NGN/USD FX + Nigeria import premium (calibrated),Synthetic (World Bank/FAO × FX),historical,True,Hard bound violation (synthetic),138570.41,358.81,209.362,145.88066666666666,12.6,13.5,0,1,0,0,1,0,1,1,0,0,1,0,0,0,0,1,0,0,1,0,-0.8660254037844384,-0.5000000000000004,-0.8854560256532096,-0.4647231720437691,0,943.76,338631.35,338631.35,338631.35,338631.35,338631.35,338631.35,338631.35,338631.35,0.0,338631.35,0.0,338631.35,0.0,338631.35,0.0,338631.35,338631.35,338631.35,338631.35,0.0,0.0,0.0,0.0,0.0,0.0,,12.732670284578193,1.397,1,3,0.0,300738.32,555,2020,3
Wheat,2020-08-31,338631.35,NGN,NGN/MT,Historical (World Bank Pink Sheet × FX),wholesale,National,,,0.65,False,Synthetic: World Bank wheat USD × NGN/USD FX + Nigeria import premium (calibrated),Synthetic (World Bank/FAO × FX),historical,True,Hard bound violation (synthetic),138251.66,358.81,209.362,145.88066666666666,12.6,13.5,0,1,0,0,1,0,1,1,0,0,1,0,0,0,0,1,0,0,1,0,-0.8660254037844384,-0.5000000000000004,-0.9350162426854148,-0.3546048870425359,0,943.76,338631.35,338631.35,338631.35,338631.35,338631.35,338631.35,338631.35,338631.35,0.0,338631.35,0.0,338631.35,0.0,338631.35,0.0,338631.35,338631.35,338631.35,338631.35,0.0,0.0,0.0,0.0,0.0,0.0,,12.732670284578193,1.397,1,3,0.0,300738.32,556,2020,3
Wheat,2020-09-07,338631.35,NGN,NGN/MT,Historical (World Bank Pink Sheet × FX),wholesale,National,,,0.65,False,Synthetic: World Bank wheat USD × NGN/USD FX + Nigeria import premium (calibrated),Synthetic (World Bank/FAO × FX),historical,True,Hard bound violation (synthetic),141461.5,358.81,209.362,145.88066666666666,12.6,13.5,0,1,0,0,1,1,0,0,0,0,0,0,0,0,0,1,0,0,0,0,-1.0,-1.8369701987210287e-16,-0.970941817426052,-0.2393156642875577,0,943.76,338631.35,338631.35,338631.35,338631.35,338631.35,338631.35,338631.35,338631.35,0.0,338631.35,0.0,338631.35,0.0,338631.35,0.0,338631.35,338631.35,338631.35,338631.35,0.0,0.0,0.0,0.0,0.0,0.0,,12.732670284578193,1.397,1,3,0.5,300738.32,557,2020,3
Wheat,2020-09-14,338631.35,NGN,NGN/MT,Historical (World Bank Pink Sheet × FX),wholesale,National,,,0.65,False,Synthetic: World Bank wheat USD × NGN/USD FX + Nigeria import premium (calibrated),Synthetic (World Bank/FAO × FX),historical,True,Hard bound violation (synthetic),145017.34,358.81,214.01545454545456,157.59300000000002,12.6,13.5,0,1,0,0,1,1,0,0,0,0,0,0,0,0,0,1,0,0,0,0,-1.0,-1.8369701987210287e-16,-0.992708874098054,-0.1205366802553235,0,943.76,338631.35,338631.35,338631.35,338631.35,338631.35,338631.35,338631.35,338631.35,0.0,338631.35,0.0,338631.35,0.0,338631.35,0.0,338631.35,338631.35,338631.35,338631.35,0.0,0.0,0.0,0.0,0.0,0.0,,12.732670284578193,1.454,1,3,0.5,300738.32,558,2020,3
Wheat,2020-09-21,338631.35,NGN,NGN/MT,Historical (World Bank Pink Sheet × FX),wholesale,National,,,0.65,False,Synthetic: World Bank wheat USD × NGN/USD FX + Nigeria import premium (calibrated),Synthetic (World Bank/FAO × FX),historical,True,Hard bound violation (synthetic),141511.26,358.81,214.01545454545456,157.59300000000002,12.6,13.5,0,1,0,0,1,1,0,0,0,0,0,0,0,0,0,1,0,0,0,0,-1.0,-1.8369701987210287e-16,-1.0,-1.8369701987210287e-16,0,943.76,338631.35,338631.35,338631.35,338631.35,338631.35,338631.35,338631.35,338631.35,0.0,338631.35,0.0,338631.35,0.0,338631.35,0.0,338631.35,338631.35,338631.35,338631.35,0.0,0.0,0.0,0.0,0.0,0.0,,12.732670284578193,1.454,1,3,0.5,300738.32,559,2020,3
Wheat,2020-09-28,338631.35,NGN,NGN/MT,Historical (World Bank Pink Sheet × FX),wholesale,National,,,0.65,False,Synthetic: World Bank wheat USD × NGN/USD FX + Nigeria import premium (calibrated),Synthetic (World Bank/FAO × FX),historical,True,Hard bound violation (synthetic),144567.27,358.81,214.01545454545456,157.59300000000002,12.6,13.5,0,1,0,0,1,1,0,0,0,0,0,0,0,0,0,1,0,0,0,0,-1.0,-1.8369701987210287e-16,-0.992708874098054,0.1205366802553232,0,943.76,338631.35,338631.35,338631.35,338631.35,338631.35,338631.35,338631.35,338631.35,0.0,338631.35,0.0,338631.35,0.0,338631.35,0.0,338631.35,338631.35,338631.35,338631.35,0.0,0.0,0.0,0.0,0.0,0.0,,12.732670284578193,1.454,1,3,0.5,300738.32,560,2020,3
Wheat,2020-10-05,338631.35,NGN,NGN/MT,Historical (World Bank Pink Sheet × FX),wholesale,National,,,0.65,False,Synthetic: World Bank wheat USD × NGN/USD FX + Nigeria import premium (calibrated),Synthetic (World Bank/FAO × FX),historical,True,Hard bound violation (synthetic),155449.97,358.81,214.01545454545456,157.59300000000002,12.6,13.5,0,1,0,0,0,1,0,0,0,1,0,1,0,1,1,1,1,0,0,0,-0.8660254037844386,0.5000000000000001,-0.970941817426052,0.2393156642875573,0,943.76,338631.35,338631.35,338631.35,338631.35,338631.35,338631.35,338631.35,338631.35,0.0,338631.35,0.0,338631.35,0.0,338631.35,0.0,338631.35,338631.35,338631.35,338631.35,0.0,0.0,0.0,0.0,0.0,0.0,,12.732670284578193,1.454,0,0,0.5,300738.32,561,2020,4
Wheat,2020-10-12,338631.35,NGN,NGN/MT,Historical (World Bank Pink Sheet × FX),wholesale,National,,,0.65,False,Synthetic: World Bank wheat USD × NGN/USD FX + Nigeria import premium (calibrated),Synthetic (World Bank/FAO × FX),historical,True,Hard bound violation (synthetic),150163.01,358.81,204.3733333333333,159.67666666666668,12.6,13.5,0,1,0,0,0,1,0,0,0,1,0,1,0,1,1,1,1,0,0,0,-0.8660254037844386,0.5000000000000001,-0.9350162426854148,0.3546048870425355,0,943.76,338631.35,338631.35,338631.35,338631.35,338631.35,338631.35,338631.35,338631.35,0.0,338631.35,0.0,338631.35,0.0,338631.35,0.0,338631.35,338631.35,338631.35,338631.35,0.0,0.0,0.0,0.0,0.0,0.0,,12.732670284578193,1.417,0,0,0.5,300738.32,562,2020,4
Wheat,2020-10-19,338631.35,NGN,NGN/MT,Historical (World Bank Pink Sheet × FX),wholesale,National,,,0.65,False,Synthetic: World Bank wheat USD × NGN/USD FX + Nigeria import premium (calibrated),Synthetic (World Bank/FAO × FX),historical,True,Hard bound violation (synthetic),144907.34,358.81,204.3733333333333,159.67666666666668,12.6,13.5,0,1,0,0,0,1,0,0,0,1,0,1,0,1,1,1,1,0,0,0,-0.8660254037844386,0.5000000000000001,-0.8854560256532101,0.464723172043768,0,943.76,338631.35,338631.35,338631.35,338631.35,338631.35,338631.35,338631.35,338631.35,0.0,338631.35,0.0,338631.35,0.0,338631.35,0.0,338631.35,338631.35,338631.35,338631.35,0.0,0.0,0.0,0.0,0.0,0.0,,12.732670284578193,1.417,0,0,0.5,300738.32,563,2020,4
Wheat,2020-10-26,338631.35,NGN,NGN/MT,Historical (World Bank Pink Sheet × FX),wholesale,National,,,0.65,False,Synthetic: World Bank wheat USD × NGN/USD FX + Nigeria import premium (calibrated),Synthetic (World Bank/FAO × FX),historical,True,Hard bound violation (synthetic),151612.15,358.81,204.3733333333333,159.67666666666668,12.6,13.5,0,1,0,0,0,1,0,0,0,1,0,1,0,1,1,1,1,0,0,0,-0.8660254037844386,0.5000000000000001,-0.822983865893657,0.5680647467311548,0,943.76,338631.35,338631.35,338631.35,338631.35,338631.35,338631.35,338631.35,338631.35,0.0,338631.35,0.0,338631.35,0.0,338631.35,0.0,338631.35,338631.35,338631.35,338631.35,0.0,0.0,0.0,0.0,0.0,0.0,,12.732670284578193,1.417,0,0,0.5,300738.32,564,2020,4
Wheat,2020-11-02,338631.35,NGN,NGN/MT,Historical (World Bank Pink Sheet × FX),wholesale,National,,,0.65,False,Synthetic: World Bank wheat USD × NGN/USD FX + Nigeria import premium (calibrated),Synthetic (World Bank/FAO × FX),historical,True,Hard bound violation (synthetic),149017.65,358.81,204.3733333333333,159.67666666666668,12.6,13.5,1,0,0,0,0,1,0,0,0,1,0,1,1,1,1,0,1,0,0,0,-0.5000000000000004,0.8660254037844384,-0.7485107481711011,0.6631226582407952,1,943.76,338631.35,338631.35,338631.35,338631.35,338631.35,338631.35,338631.35,338631.35,0.0,338631.35,0.0,338631.35,0.0,338631.35,0.0,338631.35,338631.35,338631.35,338631.35,0.0,0.0,0.0,0.0,0.0,0.0,,12.732670284578193,1.417,0,0,0.5,300738.32,565,2020,4
Wheat,2020-11-09,338631.35,NGN,NGN/MT,Historical (World Bank Pink Sheet × FX),wholesale,National,,,0.65,False,Synthetic: World Bank wheat USD × NGN/USD FX + Nigeria import premium (calibrated),Synthetic (World Bank/FAO × FX),historical,True,Hard bound violation (synthetic),141640.15,358.81,205.4033333333333,165.708,12.6,13.5,1,0,0,0,0,1,0,0,0,1,0,1,1,1,1,0,1,0,0,0,-0.5000000000000004,0.8660254037844384,-0.6631226582407955,0.7485107481711007,1,943.76,338631.35,338631.35,338631.35,338631.35,338631.35,338631.35,338631.35,338631.35,0.0,338631.35,0.0,338631.35,0.0,338631.35,0.0,338631.35,338631.35,338631.35,338631.35,0.0,0.0,0.0,0.0,0.0,0.0,,12.732670284578193,1.44,0,0,0.5,300738.32,566,2020,4
Wheat,2020-11-16,338631.35,NGN,NGN/MT,Historical (World Bank Pink Sheet × FX),wholesale,National,,,0.65,False,Synthetic: World Bank wheat USD × NGN/USD FX + Nigeria import premium (calibrated),Synthetic (World Bank/FAO × FX),historical,True,Hard bound violation (synthetic),146302.03,358.81,205.4033333333333,165.708,12.6,13.5,1,0,0,0,0,1,0,0,0,1,0,1,1,1,1,0,1,0,0,0,-0.5000000000000004,0.8660254037844384,-0.5680647467311559,0.8229838658936564,1,943.76,338631.35,338631.35,338631.35,338631.35,338631.35,338631.35,338631.35,338631.35,0.0,338631.35,0.0,338631.35,0.0,338631.35,0.0,338631.35,338631.35,338631.35,338631.35,0.0,0.0,0.0,0.0,0.0,0.0,,12.732670284578193,1.44,0,0,0.5,300738.32,567,2020,4
Wheat,2020-11-23,338631.35,NGN,NGN/MT,Historical (World Bank Pink Sheet × FX),wholesale,National,,,0.65,False,Synthetic: World Bank wheat USD × NGN/USD FX + Nigeria import premium (calibrated),Synthetic (World Bank/FAO × FX),historical,True,Hard bound violation (synthetic),142397.48,358.81,205.4033333333333,165.708,12.6,13.5,1,0,0,0,0,1,0,0,0,1,0,1,1,1,1,0,1,0,0,0,-0.5000000000000004,0.8660254037844384,-0.4647231720437684,0.88545602565321,1,943.76,338631.35,338631.35,338631.35,338631.35,338631.35,338631.35,338631.35,338631.35,0.0,338631.35,0.0,338631.35,0.0,338631.35,0.0,338631.35,338631.35,338631.35,338631.35,0.0,0.0,0.0,0.0,0.0,0.0,,12.732670284578193,1.44,0,0,0.5,300738.32,568,2020,4
Wheat,2020-11-30,338631.35,NGN,NGN/MT,Historical (World Bank Pink Sheet × FX),wholesale,National,,,0.65,False,Synthetic: World Bank wheat USD × NGN/USD FX + Nigeria import premium (calibrated),Synthetic (World Bank/FAO × FX),historical,True,Hard bound violation (synthetic),149273.64,358.81,205.4033333333333,165.708,12.6,13.5,1,0,0,0,0,1,0,0,0,1,0,1,1,1,1,0,1,0,0,0,-0.5000000000000004,0.8660254037844384,-0.3546048870425359,0.9350162426854148,1,943.76,338631.35,338631.35,338631.35,338631.35,338631.35,338631.35,338631.35,338631.35,0.0,338631.35,0.0,338631.35,0.0,338631.35,0.0,338631.35,338631.35,338631.35,338631.35,0.0,0.0,0.0,0.0,0.0,0.0,,12.732670284578193,1.44,0,0,0.5,300738.32,569,2020,4
Wheat,2020-12-07,338631.35,NGN,NGN/MT,Historical (World Bank Pink Sheet × FX),wholesale,National,,,0.65,False,Synthetic: World Bank wheat USD × NGN/USD FX + Nigeria import premium (calibrated),Synthetic (World Bank/FAO × FX),historical,True,Hard bound violation (synthetic),155476.37,358.81,205.4033333333333,165.708,12.6,13.5,1,0,0,0,0,0,0,0,0,1,0,1,1,1,1,0,0,0,0,1,-2.4492935982947064e-16,1.0,-0.2393156642875578,0.970941817426052,1,943.76,338631.35,338631.35,338631.35,338631.35,338631.35,338631.35,338631.35,338631.35,0.0,338631.35,0.0,338631.35,0.0,338631.35,0.0,338631.35,338631.35,338631.35,338631.35,0.0,0.0,0.0,0.0,0.0,0.0,,12.732670284578193,1.44,0,0,0.0,300738.32,570,2020,4
Wheat,2020-12-14,338631.35,NGN,NGN/MT,Historical (World Bank Pink Sheet × FX),wholesale,National,,,0.65,False,Synthetic: World Bank wheat USD × NGN/USD FX + Nigeria import premium (calibrated),Synthetic (World Bank/FAO × FX),historical,True,Hard bound violation (synthetic),163205.58,358.81,205.4033333333333,165.708,12.6,13.5,1,0,0,0,0,0,0,0,0,1,0,1,1,1,1,0,0,0,0,1,-2.4492935982947064e-16,1.0,-0.1205366802553236,0.992708874098054,1,943.76,338631.35,338631.35,338631.35,338631.35,338631.35,338631.35,338631.35,338631.35,0.0,338631.35,0.0,338631.35,0.0,338631.35,0.0,338631.35,338631.35,338631.35,338631.35,0.0,0.0,0.0,0.0,0.0,0.0,,12.732670284578193,1.44,0,0,0.0,300738.32,571,2020,4
Wheat,2020-12-21,338631.35,NGN,NGN/MT,Historical (World Bank Pink Sheet × FX),wholesale,National,,,0.65,False,Synthetic: World Bank wheat USD × NGN/USD FX + Nigeria import premium (calibrated),Synthetic (World Bank/FAO × FX),historical,True,Hard bound violation (synthetic),156914.55,358.81,205.4033333333333,165.708,12.6,13.5,1,0,0,0,0,0,0,0,0,1,0,1,1,1,1,0,0,0,0,1,-2.4492935982947064e-16,1.0,6.432490598706546e-16,1.0,1,943.76,338631.35,338631.35,338631.35,338631.35,338631.35,338631.35,338631.35,338631.35,0.0,338631.35,0.0,338631.35,0.0,338631.35,0.0,338631.35,338631.35,338631.35,338631.35,0.0,0.0,0.0,0.0,0.0,0.0,,12.732670284578193,1.44,0,0,0.0,300738.32,572,2020,4
Wheat,2020-12-28,338631.35,NGN,NGN/MT,Historical (World Bank Pink Sheet × FX),wholesale,National,,,0.65,False,Synthetic: World Bank wheat USD × NGN/USD FX + Nigeria import premium (calibrated),Synthetic (World Bank/FAO × FX),historical,True,Hard bound violation (synthetic),154369.12,358.81,205.4033333333333,165.708,12.6,13.5,1,0,0,0,0,0,0,0,0,1,0,1,1,1,1,0,0,0,0,1,-2.4492935982947064e-16,1.0,0.1205366802553231,0.992708874098054,1,943.76,338631.35,338631.35,338631.35,338631.35,338631.35,338631.35,338631.35,338631.35,0.0,338631.35,0.0,338631.35,0.0,338631.35,0.0,338631.35,338631.35,338631.35,338631.35,0.0,0.0,0.0,0.0,0.0,0.0,,12.732670284578193,1.44,0,0,0.0,300738.32,573,2020,4
Wheat,2021-01-04,338631.35,NGN,NGN/MT,Historical (World Bank Pink Sheet × FX),wholesale,National,,,0.65,False,Synthetic: World Bank wheat USD × NGN/USD FX + Nigeria import premium (calibrated),Synthetic (World Bank/FAO × FX),historical,True,Hard bound violation (synthetic),248313.99,401.0,205.4033333333333,165.708,12.6,13.5,1,0,0,0,0,0,0,0,0,1,0,0,1,0,0,0,0,0,0,1,0.4999999999999999,0.8660254037844387,0.120536680255323,0.992708874098054,1,844.47,338631.35,338631.35,338631.35,338631.35,338631.35,338631.35,338631.35,338631.35,0.0,338631.35,0.0,338631.35,0.0,338631.35,0.0,338631.35,338631.35,338631.35,338631.35,0.0,0.0,0.0,0.0,0.0,0.0,,12.732670284578193,1.44,0,0,0.0,300738.32,574,2021,1
Wheat,2021-01-11,338631.35,NGN,NGN/MT,Historical (World Bank Pink Sheet × FX),wholesale,National,,,0.65,False,Synthetic: World Bank wheat USD × NGN/USD FX + Nigeria import premium (calibrated),Synthetic (World Bank/FAO × FX),historical,True,Hard bound violation (synthetic),226213.63,401.0,217.5366666666667,165.32333333333332,12.6,13.5,1,0,0,0,0,0,0,0,0,1,0,0,1,0,0,0,0,0,0,1,0.4999999999999999,0.8660254037844387,0.2393156642875577,0.970941817426052,1,844.47,338631.35,338631.35,338631.35,338631.35,338631.35,338631.35,338631.35,338631.35,0.0,338631.35,0.0,338631.35,0.0,338631.35,0.0,338631.35,338631.35,338631.35,338631.35,0.0,0.0,0.0,0.0,0.0,0.0,,12.732670284578193,1.494,0,0,0.0,300738.32,575,2021,1
Wheat,2021-01-18,338631.35,NGN,NGN/MT,Historical (World Bank Pink Sheet × FX),wholesale,National,,,0.65,False,Synthetic: World Bank wheat USD × NGN/USD FX + Nigeria import premium (calibrated),Synthetic (World Bank/FAO × FX),historical,True,Hard bound violation (synthetic),243997.98,401.0,217.5366666666667,165.32333333333332,12.6,13.5,1,0,0,0,0,0,0,0,0,1,0,0,1,0,0,0,0,0,0,1,0.4999999999999999,0.8660254037844387,0.3546048870425356,0.9350162426854148,1,844.47,338631.35,338631.35,338631.35,338631.35,338631.35,338631.35,338631.35,338631.35,0.0,338631.35,0.0,338631.35,0.0,338631.35,0.0,338631.35,338631.35,338631.35,338631.35,0.0,0.0,0.0,0.0,0.0,0.0,,12.732670284578193,1.494,0,0,0.0,300738.32,576,2021,1
Wheat,2021-01-25,338631.35,NGN,NGN/MT,Historical (World Bank Pink Sheet × FX),wholesale,National,,,0.65,False,Synthetic: World Bank wheat USD × NGN/USD FX + Nigeria import premium (calibrated),Synthetic (World Bank/FAO × FX),historical,True,Hard bound violation (synthetic),247888.48,401.0,217.5366666666667,165.32333333333332,12.6,13.5,1,0,0,0,0,0,0,0,0,1,0,0,1,0,0,0,0,0,0,1,0.4999999999999999,0.8660254037844387,0.4647231720437685,0.8854560256532099,1,844.47,338631.35,338631.35,338631.35,338631.35,338631.35,338631.35,338631.35,338631.35,0.0,338631.35,0.0,338631.35,0.0,338631.35,0.0,338631.35,338631.35,338631.35,338631.35,0.0,0.0,0.0,0.0,0.0,0.0,,12.732670284578193,1.494,0,0,0.0,300738.32,577,2021,1
Wheat,2021-02-01,338631.35,NGN,NGN/MT,Historical (World Bank Pink Sheet × FX),wholesale,National,,,0.65,False,Synthetic: World Bank wheat USD × NGN/USD FX + Nigeria import premium (calibrated),Synthetic (World Bank/FAO × FX),historical,True,Hard bound violation (synthetic),238153.58,401.0,217.5366666666667,165.32333333333332,17.3,20.1,1,0,0,0,0,0,0,0,1,1,0,0,1,0,0,0,0,0,0,0,0.8660254037844386,0.5000000000000001,0.5680647467311558,0.8229838658936564,1,844.47,338631.35,338631.35,338631.35,338631.35,338631.35,338631.35,338631.35,338631.35,0.0,338631.35,0.0,338631.35,0.0,338631.35,0.0,338631.35,338631.35,338631.35,338631.35,0.0,0.0,0.0,0.0,0.0,0.0,,12.732670284578193,1.494,0,0,0.0,288688.28,578,2021,1
Wheat,2021-02-08,338631.35,NGN,NGN/MT,Historical (World Bank Pink Sheet × FX),wholesale,National,,,0.65,False,Synthetic: World Bank wheat USD × NGN/USD FX + Nigeria import premium (calibrated),Synthetic (World Bank/FAO × FX),historical,True,Hard bound violation (synthetic),257758.81,401.0,217.5366666666667,165.32333333333332,17.3,20.1,1,0,0,0,0,0,0,0,1,1,0,0,1,0,0,0,0,0,0,0,0.8660254037844386,0.5000000000000001,0.6631226582407952,0.7485107481711011,1,844.47,338631.35,338631.35,338631.35,338631.35,338631.35,338631.35,338631.35,338631.35,0.0,338631.35,0.0,338631.35,0.0,338631.35,0.0,338631.35,338631.35,338631.35,338631.35,0.0,0.0,0.0,0.0,0.0,0.0,,12.732670284578193,1.494,0,0,0.0,288688.28,579,2021,1
Wheat,2021-02-15,338631.35,NGN,NGN/MT,Historical (World Bank Pink Sheet × FX),wholesale,National,,,0.65,False,Synthetic: World Bank wheat USD × NGN/USD FX + Nigeria import premium (calibrated),Synthetic (World Bank/FAO × FX),historical,True,Hard bound violation (synthetic),251738.52,401.0,225.93,165.49333333333334,17.3,20.1,1,0,0,0,0,0,0,0,1,1,0,0,1,0,0,0,0,0,0,0,0.8660254037844386,0.5000000000000001,0.7485107481711011,0.6631226582407953,1,844.47,338631.35,338631.35,338631.35,338631.35,338631.35,338631.35,338631.35,338631.35,0.0,338631.35,0.0,338631.35,0.0,338631.35,0.0,338631.35,338631.35,338631.35,338631.35,0.0,0.0,0.0,0.0,0.0,0.0,,12.732670284578193,1.532,0,0,0.0,288688.28,580,2021,1
Wheat,2021-02-22,338631.35,NGN,NGN/MT,Historical (World Bank Pink Sheet × FX),wholesale,National,,,0.65,False,Synthetic: World Bank wheat USD × NGN/USD FX + Nigeria import premium (calibrated),Synthetic (World Bank/FAO × FX),historical,True,Hard bound violation (synthetic),246103.05,401.0,225.93,165.49333333333334,17.3,20.1,1,0,0,0,0,0,0,0,1,1,0,0,1,0,0,0,0,0,0,0,0.8660254037844386,0.5000000000000001,0.8229838658936564,0.5680647467311559,1,844.47,338631.35,338631.35,338631.35,338631.35,338631.35,338631.35,338631.35,338631.35,0.0,338631.35,0.0,338631.35,0.0,338631.35,0.0,338631.35,338631.35,338631.35,338631.35,0.0,0.0,0.0,0.0,0.0,0.0,,12.732670284578193,1.532,0,0,0.0,288688.28,581,2021,1
Wheat,2021-03-01,338631.35,NGN,NGN/MT,Historical (World Bank Pink Sheet × FX),wholesale,National,,,0.65,False,Synthetic: World Bank wheat USD × NGN/USD FX + Nigeria import premium (calibrated),Synthetic (World Bank/FAO × FX),historical,True,Hard bound violation (synthetic),258641.23,401.0,225.93,165.49333333333334,18.2,22.9,1,0,0,1,0,0,0,0,1,1,0,0,0,0,0,0,0,0,0,0,1.0,6.123233995736766e-17,0.8854560256532099,0.4647231720437686,0,844.47,338631.35,338631.35,338631.35,338631.35,338631.35,338631.35,338631.35,338631.35,0.0,338631.35,0.0,338631.35,0.0,338631.35,0.0,338631.35,338631.35,338631.35,338631.35,0.0,0.0,0.0,0.0,0.0,0.0,,12.732670284578193,1.532,0,0,0.0,286490.14,582,2021,1
Wheat,2021-03-08,338631.35,NGN,NGN/MT,Historical (World Bank Pink Sheet × FX),wholesale,National,,,0.65,False,Synthetic: World Bank wheat USD × NGN/USD FX + Nigeria import premium (calibrated),Synthetic (World Bank/FAO × FX),historical,True,Hard bound violation (synthetic),271113.41,401.0,225.93,165.49333333333334,18.2,22.9,1,0,0,1,0,0,0,0,1,1,0,0,0,0,0,0,0,0,0,0,1.0,6.123233995736766e-17,0.9350162426854148,0.3546048870425355,0,844.47,338631.35,338631.35,338631.35,338631.35,338631.35,338631.35,338631.35,338631.35,0.0,338631.35,0.0,338631.35,0.0,338631.35,0.0,338631.35,338631.35,338631.35,338631.35,0.0,0.0,0.0,0.0,0.0,0.0,,12.732670284578193,1.532,0,0,0.0,286490.14,583,2021,1
Wheat,2021-03-15,338631.35,NGN,NGN/MT,Historical (World Bank Pink Sheet × FX),wholesale,National,,,0.65,False,Synthetic: World Bank wheat USD × NGN/USD FX + Nigeria import premium (calibrated),Synthetic (World Bank/FAO × FX),historical,True,Hard bound violation (synthetic),255207.65,401.0,245.89,173.6225,18.2,22.9,1,0,0,1,0,0,0,0,1,1,0,0,0,0,0,0,0,0,0,0,1.0,6.123233995736766e-17,0.970941817426052,0.239315664287558,0,844.47,338631.35,338631.35,338631.35,338631.35,338631.35,338631.35,338631.35,338631.35,0.0,338631.35,0.0,338631.35,0.0,338631.35,0.0,338631.35,338631.35,338631.35,338631.35,0.0,0.0,0.0,0.0,0.0,0.0,,12.732670284578193,1.647,0,0,0.0,286490.14,584,2021,1
Wheat,2021-03-22,338631.35,NGN,NGN/MT,Historical (World Bank Pink Sheet × FX),wholesale,National,,,0.65,False,Synthetic: World Bank wheat USD × NGN/USD FX + Nigeria import premium (calibrated),Synthetic (World Bank/FAO × FX),historical,True,Hard bound violation (synthetic),255712.92,401.0,245.89,173.6225,18.2,22.9,1,0,0,1,0,0,0,0,1,1,0,0,0,0,0,0,0,0,0,0,1.0,6.123233995736766e-17,0.992708874098054,0.120536680255323,0,844.47,338631.35,338631.35,338631.35,338631.35,338631.35,338631.35,338631.35,338631.35,0.0,338631.35,0.0,338631.35,0.0,338631.35,0.0,338631.35,338631.35,338631.35,338631.35,0.0,0.0,0.0,0.0,0.0,0.0,,12.732670284578193,1.647,0,0,0.0,286490.14,585,2021,1
Wheat,2021-03-29,338631.35,NGN,NGN/MT,Historical (World Bank Pink Sheet × FX),wholesale,National,,,0.65,False,Synthetic: World Bank wheat USD × NGN/USD FX + Nigeria import premium (calibrated),Synthetic (World Bank/FAO × FX),historical,True,Hard bound violation (synthetic),250324.91,401.0,245.89,173.6225,18.2,22.9,1,0,0,1,0,0,0,0,1,1,0,0,0,0,0,0,0,0,0,0,1.0,6.123233995736766e-17,1.0,-1.6081226496766364e-16,0,844.47,338631.35,338631.35,338631.35,338631.35,338631.35,338631.35,338631.35,338631.35,0.0,338631.35,0.0,338631.35,0.0,338631.35,0.0,338631.35,338631.35,338631.35,338631.35,0.0,0.0,0.0,0.0,0.0,0.0,,12.732670284578193,1.647,0,0,0.0,286490.14,586,2021,1
Wheat,2021-04-05,338631.35,NGN,NGN/MT,Historical (World Bank Pink Sheet × FX),wholesale,National,,,0.65,False,Synthetic: World Bank wheat USD × NGN/USD FX + Nigeria import premium (calibrated),Synthetic (World Bank/FAO × FX),historical,True,Hard bound violation (synthetic),242854.2,401.0,245.89,173.6225,18.2,22.9,0,1,1,1,0,0,0,0,1,0,0,0,0,0,0,0,0,0,0,0,0.8660254037844387,-0.4999999999999998,0.992708874098054,-0.1205366802553228,0,844.47,338631.35,338631.35,338631.35,338631.35,338631.35,338631.35,338631.35,338631.35,0.0,338631.35,0.0,338631.35,0.0,338631.35,0.0,338631.35,338631.35,338631.35,338631.35,0.0,0.0,0.0,0.0,0.0,0.0,,12.732670284578193,1.647,0,0,0.5,286490.14,587,2021,2
Wheat,2021-04-12,338631.35,NGN,NGN/MT,Historical (World Bank Pink Sheet × FX),wholesale,National,,,0.65,False,Synthetic: World Bank wheat USD × NGN/USD FX + Nigeria import premium (calibrated),Synthetic (World Bank/FAO × FX),historical,True,Hard bound violation (synthetic),255415.63,401.0,255.78384615384616,168.0411111111111,18.2,22.9,0,1,1,1,0,0,0,0,1,0,0,0,0,0,0,0,0,0,0,0,0.8660254037844387,-0.4999999999999998,0.970941817426052,-0.2393156642875575,0,844.47,338631.35,338631.35,338631.35,338631.35,338631.35,338631.35,338631.35,338631.35,0.0,338631.35,0.0,338631.35,0.0,338631.35,0.0,338631.35,338631.35,338631.35,338631.35,0.0,0.0,0.0,0.0,0.0,0.0,,12.732670284578193,1.675,0,0,0.5,286490.14,588,2021,2
Wheat,2021-04-19,338631.35,NGN,NGN/MT,Historical (World Bank Pink Sheet × FX),wholesale,National,,,0.65,False,Synthetic: World Bank wheat USD × NGN/USD FX + Nigeria import premium (calibrated),Synthetic (World Bank/FAO × FX),historical,True,Hard bound violation (synthetic),242807.56,401.0,255.78384615384616,168.0411111111111,18.2,22.9,0,1,1,1,0,0,0,0,1,0,0,0,0,0,0,0,0,1,0,0,0.8660254037844387,-0.4999999999999998,0.9350162426854148,-0.3546048870425354,0,844.47,338631.35,338631.35,338631.35,338631.35,338631.35,338631.35,338631.35,338631.35,0.0,338631.35,0.0,338631.35,0.0,338631.35,0.0,338631.35,338631.35,338631.35,338631.35,0.0,0.0,0.0,0.0,0.0,0.0,,12.732670284578193,1.675,0,0,0.5,286490.14,589,2021,2
Wheat,2021-04-26,338631.35,NGN,NGN/MT,Historical (World Bank Pink Sheet × FX),wholesale,National,,,0.65,False,Synthetic: World Bank wheat USD × NGN/USD FX + Nigeria import premium (calibrated),Synthetic (World Bank/FAO × FX),historical,True,Hard bound violation (synthetic),249742.89,401.0,255.78384615384616,168.0411111111111,18.2,22.9,0,1,1,1,0,0,0,0,1,0,0,0,0,0,0,0,0,1,0,0,0.8660254037844387,-0.4999999999999998,0.8854560256532099,-0.4647231720437685,0,844.47,338631.35,338631.35,338631.35,338631.35,338631.35,338631.35,338631.35,338631.35,0.0,338631.35,0.0,338631.35,0.0,338631.35,0.0,338631.35,338631.35,338631.35,338631.35,0.0,0.0,0.0,0.0,0.0,0.0,,12.732670284578193,1.675,0,0,0.5,286490.14,590,2021,2
Wheat,2021-05-03,338631.35,NGN,NGN/MT,Historical (World Bank Pink Sheet × FX),wholesale,National,,,0.65,False,Synthetic: World Bank wheat USD × NGN/USD FX + Nigeria import premium (calibrated),Synthetic (World Bank/FAO × FX),historical,True,Hard bound violation (synthetic),234264.69,401.0,255.78384615384616,168.0411111111111,18.2,22.9,0,1,1,1,0,0,0,0,1,0,1,0,0,0,0,0,0,1,0,0,0.4999999999999999,-0.8660254037844387,0.8229838658936565,-0.5680647467311557,0,844.47,338631.35,338631.35,338631.35,338631.35,338631.35,338631.35,338631.35,338631.35,0.0,338631.35,0.0,338631.35,0.0,338631.35,0.0,338631.35,338631.35,338631.35,338631.35,0.0,0.0,0.0,0.0,0.0,0.0,,12.732670284578193,1.675,0,0,0.5,286490.14,591,2021,2
Wheat,2021-05-10,338631.35,NGN,NGN/MT,Historical (World Bank Pink Sheet × FX),wholesale,National,,,0.65,False,Synthetic: World Bank wheat USD × NGN/USD FX + Nigeria import premium (calibrated),Synthetic (World Bank/FAO × FX),historical,True,Hard bound violation (synthetic),241085.62,401.0,257.04625,169.070625,18.2,22.9,0,1,1,1,0,0,0,0,1,0,1,0,0,0,0,0,0,1,0,0,0.4999999999999999,-0.8660254037844387,0.7485107481711013,-0.663122658240795,0,844.47,338631.35,338631.35,338631.35,338631.35,338631.35,338631.35,338631.35,338631.35,0.0,338631.35,0.0,338631.35,0.0,338631.35,0.0,338631.35,338631.35,338631.35,338631.35,0.0,0.0,0.0,0.0,0.0,0.0,,12.732670284578193,1.684,0,0,0.5,286490.14,592,2021,2
Wheat,2021-05-17,338631.35,NGN,NGN/MT,Historical (World Bank Pink Sheet × FX),wholesale,National,,,0.65,False,Synthetic: World Bank wheat USD × NGN/USD FX + Nigeria import premium (calibrated),Synthetic (World Bank/FAO × FX),historical,True,Hard bound violation (synthetic),240049.49,401.0,257.04625,169.070625,18.2,22.9,0,1,1,1,0,0,0,0,1,0,1,0,0,0,0,0,0,0,0,0,0.4999999999999999,-0.8660254037844387,0.6631226582407952,-0.7485107481711012,0,844.47,338631.35,338631.35,338631.35,338631.35,338631.35,338631.35,338631.35,338631.35,0.0,338631.35,0.0,338631.35,0.0,338631.35,0.0,338631.35,338631.35,338631.35,338631.35,0.0,0.0,0.0,0.0,0.0,0.0,,12.732670284578193,1.684,0,0,0.5,286490.14,593,2021,2
Wheat,2021-05-24,338631.35,NGN,NGN/MT,Historical (World Bank Pink Sheet × FX),wholesale,National,,,0.65,False,Synthetic: World Bank wheat USD × NGN/USD FX + Nigeria import premium (calibrated),Synthetic (World Bank/FAO × FX),historical,True,Hard bound violation (synthetic),245068.22,401.0,257.04625,169.070625,18.2,22.9,0,1,1,1,0,0,0,0,1,0,1,0,0,0,0,0,0,0,0,0,0.4999999999999999,-0.8660254037844387,0.5680647467311558,-0.8229838658936564,0,844.47,338631.35,338631.35,338631.35,338631.35,338631.35,338631.35,338631.35,338631.35,0.0,338631.35,0.0,338631.35,0.0,338631.35,0.0,338631.35,338631.35,338631.35,338631.35,0.0,0.0,0.0,0.0,0.0,0.0,,12.732670284578193,1.684,0,0,0.5,286490.14,594,2021,2
Wheat,2021-05-31,338631.35,NGN,NGN/MT,Historical (World Bank Pink Sheet × FX),wholesale,National,,,0.65,False,Synthetic: World Bank wheat USD × NGN/USD FX + Nigeria import premium (calibrated),Synthetic (World Bank/FAO × FX),historical,True,Hard bound violation (synthetic),234033.97,401.0,257.04625,169.070625,18.2,22.9,0,1,1,1,0,0,0,0,1,0,1,0,0,0,0,0,0,0,0,0,0.4999999999999999,-0.8660254037844387,0.464723172043769,-0.8854560256532096,0,844.47,338631.35,338631.35,338631.35,338631.35,338631.35,338631.35,338631.35,338631.35,0.0,338631.35,0.0,338631.35,0.0,338631.35,0.0,338631.35,338631.35,338631.35,338631.35,0.0,0.0,0.0,0.0,0.0,0.0,,12.732670284578193,1.684,0,0,0.5,286490.14,595,2021,2
Wheat,2021-06-07,338631.35,NGN,NGN/MT,Historical (World Bank Pink Sheet × FX),wholesale,National,,,0.65,False,Synthetic: World Bank wheat USD × NGN/USD FX + Nigeria import premium (calibrated),Synthetic (World Bank/FAO × FX),historical,True,Hard bound violation (synthetic),222013.41,401.0,257.04625,169.070625,18.2,22.9,0,1,1,0,0,0,0,1,0,0,1,0,0,0,0,0,0,0,1,0,1.2246467991473532e-16,-1.0,0.3546048870425358,-0.9350162426854148,0,844.47,338631.35,338631.35,338631.35,338631.35,338631.35,338631.35,338631.35,338631.35,0.0,338631.35,0.0,338631.35,0.0,338631.35,0.0,338631.35,338631.35,338631.35,338631.35,0.0,0.0,0.0,0.0,0.0,0.0,,12.732670284578193,1.684,0,0,0.5,286490.14,596,2021,2
Wheat,2021-06-14,338631.35,NGN,NGN/MT,Historical (World Bank Pink Sheet × FX),wholesale,National,,,0.65,False,Synthetic: World Bank wheat USD × NGN/USD FX + Nigeria import premium (calibrated),Synthetic (World Bank/FAO × FX),historical,True,Hard bound violation (synthetic),217253.39,401.0,258.7025,167.850625,18.2,22.9,0,1,1,0,0,0,0,1,0,0,1,0,0,0,0,0,0,0,1,0,1.2246467991473532e-16,-1.0,0.2393156642875576,-0.970941817426052,0,844.47,338631.35,338631.35,338631.35,338631.35,338631.35,338631.35,338631.35,338631.35,0.0,338631.35,0.0,338631.35,0.0,338631.35,0.0,338631.35,338631.35,338631.35,338631.35,0.0,0.0,0.0,0.0,0.0,0.0,,12.732670284578193,1.687,0,0,0.5,286490.14,597,2021,2
Wheat,2021-06-21,338631.35,NGN,NGN/MT,Historical (World Bank Pink Sheet × FX),wholesale,National,,,0.65,False,Synthetic: World Bank wheat USD × NGN/USD FX + Nigeria import premium (calibrated),Synthetic (World Bank/FAO × FX),historical,True,Hard bound violation (synthetic),220842.23,401.0,258.7025,167.850625,18.2,22.9,0,1,1,0,0,0,0,1,0,0,1,0,0,0,0,0,0,0,1,0,1.2246467991473532e-16,-1.0,0.120536680255323,-0.992708874098054,0,844.47,338631.35,338631.35,338631.35,338631.35,338631.35,338631.35,338631.35,338631.35,0.0,338631.35,0.0,338631.35,0.0,338631.35,0.0,338631.35,338631.35,338631.35,338631.35,0.0,0.0,0.0,0.0,0.0,0.0,,12.732670284578193,1.687,0,0,0.5,286490.14,598,2021,2
Wheat,2021-06-28,338631.35,NGN,NGN/MT,Historical (World Bank Pink Sheet × FX),wholesale,National,,,0.65,False,Synthetic: World Bank wheat USD × NGN/USD FX + Nigeria import premium (calibrated),Synthetic (World Bank/FAO × FX),historical,True,Hard bound violation (synthetic),226359.04,401.0,258.7025,167.850625,18.2,22.9,0,1,1,0,0,0,0,1,0,0,1,0,0,0,0,0,0,0,1,0,1.2246467991473532e-16,-1.0,-3.216245299353273e-16,-1.0,0,844.47,338631.35,338631.35,338631.35,338631.35,338631.35,338631.35,338631.35,338631.35,0.0,338631.35,0.0,338631.35,0.0,338631.35,0.0,338631.35,338631.35,338631.35,338631.35,0.0,0.0,0.0,0.0,0.0,0.0,,12.732670284578193,1.687,0,0,0.5,286490.14,599,2021,2
Wheat,2021-07-05,338631.35,NGN,NGN/MT,Historical (World Bank Pink Sheet × FX),wholesale,National,,,0.65,False,Synthetic: World Bank wheat USD × NGN/USD FX + Nigeria import premium (calibrated),Synthetic (World Bank/FAO × FX),historical,True,Hard bound violation (synthetic),224188.8,401.0,258.7025,167.850625,18.2,22.9,0,1,1,0,0,0,1,1,0,0,1,0,0,0,0,0,0,0,1,0,-0.4999999999999997,-0.8660254037844388,-0.1205366802553228,-0.992708874098054,0,844.47,338631.35,338631.35,338631.35,338631.35,338631.35,338631.35,338631.35,338631.35,0.0,338631.35,0.0,338631.35,0.0,338631.35,0.0,338631.35,338631.35,338631.35,338631.35,0.0,0.0,0.0,0.0,0.0,0.0,,12.732670284578193,1.687,0,0,0.5,286490.14,600,2021,3
Wheat,2021-07-12,338631.35,NGN,NGN/MT,Historical (World Bank Pink Sheet × FX),wholesale,National,,,0.65,False,Synthetic: World Bank wheat USD × NGN/USD FX + Nigeria import premium (calibrated),Synthetic (World Bank/FAO × FX),historical,True,Hard bound violation (synthetic),213146.15,401.0,263.16625,167.376875,18.2,22.9,0,1,1,0,0,0,1,1,0,0,1,0,0,0,0,0,0,0,1,0,-0.4999999999999997,-0.8660254037844388,-0.2393156642875574,-0.970941817426052,0,844.47,338631.35,338631.35,338631.35,338631.35,338631.35,338631.35,338631.35,338631.35,0.0,338631.35,0.0,338631.35,0.0,338631.35,0.0,338631.35,338631.35,338631.35,338631.35,0.0,0.0,0.0,0.0,0.0,0.0,,12.732670284578193,1.706,0,0,0.5,286490.14,601,2021,3
Wheat,2021-07-19,338631.35,NGN,NGN/MT,Historical (World Bank Pink Sheet × FX),wholesale,National,,,0.65,False,Synthetic: World Bank wheat USD × NGN/USD FX + Nigeria import premium (calibrated),Synthetic (World Bank/FAO × FX),historical,True,Hard bound violation (synthetic),224929.41,401.0,263.16625,167.376875,18.2,22.9,0,1,1,0,0,0,1,1,0,0,1,0,0,0,0,0,0,0,1,0,-0.4999999999999997,-0.8660254037844388,-0.3546048870425356,-0.9350162426854148,0,844.47,338631.35,338631.35,338631.35,338631.35,338631.35,338631.35,338631.35,338631.35,0.0,338631.35,0.0,338631.35,0.0,338631.35,0.0,338631.35,338631.35,338631.35,338631.35,0.0,0.0,0.0,0.0,0.0,0.0,,12.732670284578193,1.706,0,0,0.5,286490.14,602,2021,3
Wheat,2021-07-26,338631.35,NGN,NGN/MT,Historical (World Bank Pink Sheet × FX),wholesale,National,,,0.65,False,Synthetic: World Bank wheat USD × NGN/USD FX + Nigeria import premium (calibrated),Synthetic (World Bank/FAO × FX),historical,True,Hard bound violation (synthetic),228125.71,401.0,263.16625,167.376875,18.2,22.9,0,1,1,0,0,0,1,1,0,0,1,0,0,0,0,0,0,0,1,0,-0.4999999999999997,-0.8660254037844388,-0.464723172043768,-0.8854560256532101,0,844.47,338631.35,338631.35,338631.35,338631.35,338631.35,338631.35,338631.35,338631.35,0.0,338631.35,0.0,338631.35,0.0,338631.35,0.0,338631.35,338631.35,338631.35,338631.35,0.0,0.0,0.0,0.0,0.0,0.0,,12.732670284578193,1.706,0,0,0.5,286490.14,603,2021,3
Wheat,2021-08-02,338631.35,NGN,NGN/MT,Historical (World Bank Pink Sheet × FX),wholesale,National,,,0.65,False,Synthetic: World Bank wheat USD × NGN/USD FX + Nigeria import premium (calibrated),Synthetic (World Bank/FAO × FX),historical,True,Hard bound violation (synthetic),217257.28,401.0,263.16625,167.376875,18.2,22.9,0,1,0,0,1,0,1,1,0,0,1,0,0,0,0,1,0,0,1,0,-0.8660254037844384,-0.5000000000000004,-0.5680647467311556,-0.8229838658936565,0,844.47,338631.35,338631.35,338631.35,338631.35,338631.35,338631.35,338631.35,338631.35,0.0,338631.35,0.0,338631.35,0.0,338631.35,0.0,338631.35,338631.35,338631.35,338631.35,0.0,0.0,0.0,0.0,0.0,0.0,,12.732670284578193,1.706,0,0,0.0,286490.14,604,2021,3
Wheat,2021-08-09,338631.35,NGN,NGN/MT,Historical (World Bank Pink Sheet × FX),wholesale,National,,,0.65,False,Synthetic: World Bank wheat USD × NGN/USD FX + Nigeria import premium (calibrated),Synthetic (World Bank/FAO × FX),historical,True,Hard bound violation (synthetic),226678.21,401.0,268.55125,166.130625,18.2,22.9,0,1,0,0,1,0,1,1,0,0,1,0,0,0,0,1,0,0,1,0,-0.8660254037844384,-0.5000000000000004,-0.663122658240795,-0.7485107481711013,0,844.47,338631.35,338631.35,338631.35,338631.35,338631.35,338631.35,338631.35,338631.35,0.0,338631.35,0.0,338631.35,0.0,338631.35,0.0,338631.35,338631.35,338631.35,338631.35,0.0,0.0,0.0,0.0,0.0,0.0,,12.732670284578193,1.727,0,0,0.0,286490.14,605,2021,3
Wheat,2021-08-16,338631.35,NGN,NGN/MT,Historical (World Bank Pink Sheet × FX),wholesale,National,,,0.65,False,Synthetic: World Bank wheat USD × NGN/USD FX + Nigeria import premium (calibrated),Synthetic (World Bank/FAO × FX),historical,True,Hard bound violation (synthetic),209614.09,401.0,268.55125,166.130625,18.2,22.9,0,1,0,0,1,0,1,1,0,0,1,0,0,0,0,1,0,0,1,0,-0.8660254037844384,-0.5000000000000004,-0.7485107481711011,-0.6631226582407952,0,844.47,338631.35,338631.35,338631.35,338631.35,338631.35,338631.35,338631.35,338631.35,0.0,338631.35,0.0,338631.35,0.0,338631.35,0.0,338631.35,338631.35,338631.35,338631.35,0.0,0.0,0.0,0.0,0.0,0.0,,12.732670284578193,1.727,0,0,0.0,286490.14,606,2021,3
Wheat,2021-08-23,338631.35,NGN,NGN/MT,Historical (World Bank Pink Sheet × FX),wholesale,National,,,0.65,False,Synthetic: World Bank wheat USD × NGN/USD FX + Nigeria import premium (calibrated),Synthetic (World Bank/FAO × FX),historical,True,Hard bound violation (synthetic),206582.72,401.0,268.55125,166.130625,18.2,22.9,0,1,0,0,1,0,1,1,0,0,1,0,0,0,0,1,0,0,1,0,-0.8660254037844384,-0.5000000000000004,-0.8229838658936564,-0.5680647467311559,0,844.47,338631.35,338631.35,338631.35,338631.35,338631.35,338631.35,338631.35,338631.35,0.0,338631.35,0.0,338631.35,0.0,338631.35,0.0,338631.35,338631.35,338631.35,338631.35,0.0,0.0,0.0,0.0,0.0,0.0,,12.732670284578193,1.727,0,0,0.0,286490.14,607,2021,3
Wheat,2021-08-30,338631.35,NGN,NGN/MT,Historical (World Bank Pink Sheet × FX),wholesale,National,,,0.65,False,Synthetic: World Bank wheat USD × NGN/USD FX + Nigeria import premium (calibrated),Synthetic (World Bank/FAO × FX),historical,True,Hard bound violation (synthetic),203144.47,401.0,268.55125,166.130625,18.2,22.9,0,1,0,0,1,0,1,1,0,0,1,0,0,0,0,1,0,0,1,0,-0.8660254037844384,-0.5000000000000004,-0.8854560256532096,-0.4647231720437691,0,844.47,338631.35,338631.35,338631.35,338631.35,338631.35,338631.35,338631.35,338631.35,0.0,338631.35,0.0,338631.35,0.0,338631.35,0.0,338631.35,338631.35,338631.35,338631.35,0.0,0.0,0.0,0.0,0.0,0.0,,12.732670284578193,1.727,0,0,0.0,286490.14,608,2021,3
Wheat,2021-09-06,338631.35,NGN,NGN/MT,Historical (World Bank Pink Sheet × FX),wholesale,National,,,0.65,False,Synthetic: World Bank wheat USD × NGN/USD FX + Nigeria import premium (calibrated),Synthetic (World Bank/FAO × FX),historical,True,Hard bound violation (synthetic),229049.06,401.0,268.55125,166.130625,18.2,22.9,0,1,0,0,1,1,0,0,0,0,0,0,0,0,0,1,0,0,0,0,-1.0,-1.8369701987210287e-16,-0.9350162426854148,-0.3546048870425359,0,844.47,338631.35,338631.35,338631.35,338631.35,338631.35,338631.35,338631.35,338631.35,0.0,338631.35,0.0,338631.35,0.0,338631.35,0.0,338631.35,338631.35,338631.35,338631.35,0.0,0.0,0.0,0.0,0.0,0.0,,12.732670284578193,1.727,0,0,0.5,286490.14,609,2021,3
Wheat,2021-09-13,338631.35,NGN,NGN/MT,Historical (World Bank Pink Sheet × FX),wholesale,National,,,0.65,False,Synthetic: World Bank wheat USD × NGN/USD FX + Nigeria import premium (calibrated),Synthetic (World Bank/FAO × FX),historical,True,Hard bound violation (synthetic),223513.92,401.0,277.9386666666667,165.833125,18.2,22.9,0,1,0,0,1,1,0,0,0,0,0,0,0,0,0,1,0,0,0,0,-1.0,-1.8369701987210287e-16,-0.970941817426052,-0.2393156642875577,0,844.47,338631.35,338631.35,338631.35,338631.35,338631.35,338631.35,338631.35,338631.35,0.0,338631.35,0.0,338631.35,0.0,338631.35,0.0,338631.35,338631.35,338631.35,338631.35,0.0,0.0,0.0,0.0,0.0,0.0,,12.732670284578193,1.768,0,0,0.5,286490.14,610,2021,3
Wheat,2021-09-20,338631.35,NGN,NGN/MT,Historical (World Bank Pink Sheet × FX),wholesale,National,,,0.65,False,Synthetic: World Bank wheat USD × NGN/USD FX + Nigeria import premium (calibrated),Synthetic (World Bank/FAO × FX),historical,True,Hard bound violation (synthetic),218845.06,401.0,277.9386666666667,165.833125,18.2,22.9,0,1,0,0,1,1,0,0,0,0,0,0,0,0,0,1,0,0,0,0,-1.0,-1.8369701987210287e-16,-0.992708874098054,-0.1205366802553235,0,844.47,338631.35,338631.35,338631.35,338631.35,338631.35,338631.35,338631.35,338631.35,0.0,338631.35,0.0,338631.35,0.0,338631.35,0.0,338631.35,338631.35,338631.35,338631.35,0.0,0.0,0.0,0.0,0.0,0.0,,12.732670284578193,1.768,0,0,0.5,286490.14,611,2021,3
Wheat,2021-09-27,338631.35,NGN,NGN/MT,Historical (World Bank Pink Sheet × FX),wholesale,National,,,0.65,False,Synthetic: World Bank wheat USD × NGN/USD FX + Nigeria import premium (calibrated),Synthetic (World Bank/FAO × FX),historical,True,Hard bound violation (synthetic),221051.76,401.0,277.9386666666667,165.833125,18.2,22.9,0,1,0,0,1,1,0,0,0,0,0,0,0,0,0,1,0,0,0,0,-1.0,-1.8369701987210287e-16,-1.0,-1.8369701987210287e-16,0,844.47,338631.35,338631.35,338631.35,338631.35,338631.35,338631.35,338631.35,338631.35,0.0,338631.35,0.0,338631.35,0.0,338631.35,0.0,338631.35,338631.35,338631.35,338631.35,0.0,0.0,0.0,0.0,0.0,0.0,,12.732670284578193,1.768,0,0,0.5,286490.14,612,2021,3
Wheat,2021-10-04,338631.35,NGN,NGN/MT,Historical (World Bank Pink Sheet × FX),wholesale,National,,,0.65,False,Synthetic: World Bank wheat USD × NGN/USD FX + Nigeria import premium (calibrated),Synthetic (World Bank/FAO × FX),historical,True,Hard bound violation (synthetic),216268.16,401.0,277.9386666666667,165.833125,18.2,22.9,0,1,0,0,0,1,0,0,0,1,0,1,0,1,1,1,1,0,0,0,-0.8660254037844386,0.5000000000000001,-0.992708874098054,0.1205366802553232,0,844.47,338631.35,338631.35,338631.35,338631.35,338631.35,338631.35,338631.35,338631.35,0.0,338631.35,0.0,338631.35,0.0,338631.35,0.0,338631.35,338631.35,338631.35,338631.35,0.0,0.0,0.0,0.0,0.0,0.0,,12.732670284578193,1.768,0,0,0.5,286490.14,613,2021,4
Wheat,2021-10-11,338631.35,NGN,NGN/MT,Historical (World Bank Pink Sheet × FX),wholesale,National,,,0.65,False,Synthetic: World Bank wheat USD × NGN/USD FX + Nigeria import premium (calibrated),Synthetic (World Bank/FAO × FX),historical,True,Hard bound violation (synthetic),240248.21,401.0,291.11,165.603125,18.2,22.9,0,1,0,0,0,1,0,0,0,1,0,1,0,1,1,1,1,0,0,0,-0.8660254037844386,0.5000000000000001,-0.970941817426052,0.2393156642875573,0,844.47,338631.35,338631.35,338631.35,338631.35,338631.35,338631.35,338631.35,338631.35,0.0,338631.35,0.0,338631.35,0.0,338631.35,0.0,338631.35,338631.35,338631.35,338631.35,0.0,0.0,0.0,0.0,0.0,0.0,,12.732670284578193,1.827,0,0,0.5,286490.14,614,2021,4
Wheat,2021-10-18,338631.35,NGN,NGN/MT,Historical (World Bank Pink Sheet × FX),wholesale,National,,,0.65,False,Synthetic: World Bank wheat USD × NGN/USD FX + Nigeria import premium (calibrated),Synthetic (World Bank/FAO × FX),historical,True,Hard bound violation (synthetic),224693.25,401.0,291.11,165.603125,18.2,22.9,0,1,0,0,0,1,0,0,0,1,0,1,0,1,1,1,1,0,0,0,-0.8660254037844386,0.5000000000000001,-0.9350162426854148,0.3546048870425355,0,844.47,338631.35,338631.35,338631.35,338631.35,338631.35,338631.35,338631.35,338631.35,0.0,338631.35,0.0,338631.35,0.0,338631.35,0.0,338631.35,338631.35,338631.35,338631.35,0.0,0.0,0.0,0.0,0.0,0.0,,12.732670284578193,1.827,0,0,0.5,286490.14,615,2021,4
Wheat,2021-10-25,338631.35,NGN,NGN/MT,Historical (World Bank Pink Sheet × FX),wholesale,National,,,0.65,False,Synthetic: World Bank wheat USD × NGN/USD FX + Nigeria import premium (calibrated),Synthetic (World Bank/FAO × FX),historical,True,Hard bound violation (synthetic),224560.12,401.0,291.11,165.603125,18.2,22.9,0,1,0,0,0,1,0,0,0,1,0,1,0,1,1,1,1,0,0,0,-0.8660254037844386,0.5000000000000001,-0.8854560256532101,0.464723172043768,0,844.47,338631.35,338631.35,338631.35,338631.35,338631.35,338631.35,338631.35,338631.35,0.0,338631.35,0.0,338631.35,0.0,338631.35,0.0,338631.35,338631.35,338631.35,338631.35,0.0,0.0,0.0,0.0,0.0,0.0,,12.732670284578193,1.827,0,0,0.5,286490.14,616,2021,4
Wheat,2021-11-01,338631.35,NGN,NGN/MT,Historical (World Bank Pink Sheet × FX),wholesale,National,,,0.65,False,Synthetic: World Bank wheat USD × NGN/USD FX + Nigeria import premium (calibrated),Synthetic (World Bank/FAO × FX),historical,True,Hard bound violation (synthetic),235772.08,401.0,291.11,165.603125,15.4,18.1,1,0,0,0,0,1,0,0,0,1,0,1,1,1,1,0,1,0,0,0,-0.5000000000000004,0.8660254037844384,-0.822983865893657,0.5680647467311548,1,844.47,338631.35,338631.35,338631.35,338631.35,338631.35,338631.35,338631.35,338631.35,0.0,338631.35,0.0,338631.35,0.0,338631.35,0.0,338631.35,338631.35,338631.35,338631.35,0.0,0.0,0.0,0.0,0.0,0.0,,12.732670284578193,1.827,0,0,0.5,293441.38,617,2021,4
Wheat,2021-11-08,338631.35,NGN,NGN/MT,Historical (World Bank Pink Sheet × FX),wholesale,National,,,0.65,False,Synthetic: World Bank wheat USD × NGN/USD FX + Nigeria import premium (calibrated),Synthetic (World Bank/FAO × FX),historical,True,Hard bound violation (synthetic),234077.76,401.0,291.11,165.603125,15.4,18.1,1,0,0,0,0,1,0,0,0,1,0,1,1,1,1,0,1,0,0,0,-0.5000000000000004,0.8660254037844384,-0.7485107481711011,0.6631226582407952,1,844.47,338631.35,338631.35,338631.35,338631.35,338631.35,338631.35,338631.35,338631.35,0.0,338631.35,0.0,338631.35,0.0,338631.35,0.0,338631.35,338631.35,338631.35,338631.35,0.0,0.0,0.0,0.0,0.0,0.0,,12.732670284578193,1.827,0,0,0.5,293441.38,618,2021,4
Wheat,2021-11-15,338631.35,NGN,NGN/MT,Historical (World Bank Pink Sheet × FX),wholesale,National,,,0.65,False,Synthetic: World Bank wheat USD × NGN/USD FX + Nigeria import premium (calibrated),Synthetic (World Bank/FAO × FX),historical,True,Hard bound violation (synthetic),232297.82,401.0,317.8233333333334,170.0125,15.4,18.1,1,0,0,0,0,1,0,0,0,1,0,1,1,1,1,0,1,0,0,0,-0.5000000000000004,0.8660254037844384,-0.6631226582407955,0.7485107481711007,1,844.47,338631.35,338631.35,338631.35,338631.35,338631.35,338631.35,338631.35,338631.35,0.0,338631.35,0.0,338631.35,0.0,338631.35,0.0,338631.35,338631.35,338631.35,338631.35,0.0,0.0,0.0,0.0,0.0,0.0,,12.732670284578193,1.961,0,0,0.5,293441.38,619,2021,4
Wheat,2021-11-22,338631.35,NGN,NGN/MT,Historical (World Bank Pink Sheet × FX),wholesale,National,,,0.65,False,Synthetic: World Bank wheat USD × NGN/USD FX + Nigeria import premium (calibrated),Synthetic (World Bank/FAO × FX),historical,True,Hard bound violation (synthetic),225275.99,401.0,317.8233333333334,170.0125,15.4,18.1,1,0,0,0,0,1,0,0,0,1,0,1,1,1,1,0,1,0,0,0,-0.5000000000000004,0.8660254037844384,-0.5680647467311559,0.8229838658936564,1,844.47,338631.35,338631.35,338631.35,338631.35,338631.35,338631.35,338631.35,338631.35,0.0,338631.35,0.0,338631.35,0.0,338631.35,0.0,338631.35,338631.35,338631.35,338631.35,0.0,0.0,0.0,0.0,0.0,0.0,,12.732670284578193,1.961,0,0,0.5,293441.38,620,2021,4
Wheat,2021-11-29,338631.35,NGN,NGN/MT,Historical (World Bank Pink Sheet × FX),wholesale,National,,,0.65,False,Synthetic: World Bank wheat USD × NGN/USD FX + Nigeria import premium (calibrated),Synthetic (World Bank/FAO × FX),historical,True,Hard bound violation (synthetic),234011.71,401.0,317.8233333333334,170.0125,15.4,18.1,1,0,0,0,0,1,0,0,0,1,0,1,1,1,1,0,1,0,0,0,-0.5000000000000004,0.8660254037844384,-0.4647231720437684,0.88545602565321,1,844.47,338631.35,338631.35,338631.35,338631.35,338631.35,338631.35,338631.35,338631.35,0.0,338631.35,0.0,338631.35,0.0,338631.35,0.0,338631.35,338631.35,338631.35,338631.35,0.0,0.0,0.0,0.0,0.0,0.0,,12.732670284578193,1.961,0,0,0.5,293441.38,621,2021,4
Wheat,2021-12-06,338631.35,NGN,NGN/MT,Historical (World Bank Pink Sheet × FX),wholesale,National,,,0.65,False,Synthetic: World Bank wheat USD × NGN/USD FX + Nigeria import premium (calibrated),Synthetic (World Bank/FAO × FX),historical,True,Hard bound violation (synthetic),251089.49,401.0,317.8233333333334,170.0125,15.4,18.1,1,0,0,0,0,0,0,0,0,1,0,1,1,1,1,0,0,0,0,1,-2.4492935982947064e-16,1.0,-0.3546048870425359,0.9350162426854148,1,844.47,338631.35,338631.35,338631.35,338631.35,338631.35,338631.35,338631.35,338631.35,0.0,338631.35,0.0,338631.35,0.0,338631.35,0.0,338631.35,338631.35,338631.35,338631.35,0.0,0.0,0.0,0.0,0.0,0.0,,12.732670284578193,1.961,0,0,0.0,293441.38,622,2021,4
Wheat,2021-12-13,338631.35,NGN,NGN/MT,Historical (World Bank Pink Sheet × FX),wholesale,National,,,0.65,False,Synthetic: World Bank wheat USD × NGN/USD FX + Nigeria import premium (calibrated),Synthetic (World Bank/FAO × FX),historical,True,Hard bound violation (synthetic),247263.44,401.0,328.8,170.82500000000002,15.4,18.1,1,0,0,0,0,0,0,0,0,1,0,1,1,1,1,0,0,0,0,1,-2.4492935982947064e-16,1.0,-0.2393156642875578,0.970941817426052,1,844.47,338631.35,338631.35,338631.35,338631.35,338631.35,338631.35,338631.35,338631.35,0.0,338631.35,0.0,338631.35,0.0,338631.35,0.0,338631.35,338631.35,338631.35,338631.35,0.0,0.0,0.0,0.0,0.0,0.0,,12.732670284578193,2.013,0,0,0.0,293441.38,623,2021,4
Wheat,2021-12-20,338631.35,NGN,NGN/MT,Historical (World Bank Pink Sheet × FX),wholesale,National,,,0.65,False,Synthetic: World Bank wheat USD × NGN/USD FX + Nigeria import premium (calibrated),Synthetic (World Bank/FAO × FX),historical,True,Hard bound violation (synthetic),249030.04,401.0,328.8,170.82500000000002,15.4,18.1,1,0,0,0,0,0,0,0,0,1,0,1,1,1,1,0,0,0,0,1,-2.4492935982947064e-16,1.0,-0.1205366802553236,0.992708874098054,1,844.47,338631.35,338631.35,338631.35,338631.35,338631.35,338631.35,338631.35,338631.35,0.0,338631.35,0.0,338631.35,0.0,338631.35,0.0,338631.35,338631.35,338631.35,338631.35,0.0,0.0,0.0,0.0,0.0,0.0,,12.732670284578193,2.013,0,0,0.0,293441.38,624,2021,4
Wheat,2021-12-27,338631.35,NGN,NGN/MT,Historical (World Bank Pink Sheet × FX),wholesale,National,,,0.65,False,Synthetic: World Bank wheat USD × NGN/USD FX + Nigeria import premium (calibrated),Synthetic (World Bank/FAO × FX),historical,True,Hard bound violation (synthetic),234025.41,401.0,328.8,170.82500000000002,15.4,18.1,1,0,0,0,0,0,0,0,0,1,0,1,1,1,1,0,0,0,0,1,-2.4492935982947064e-16,1.0,6.432490598706546e-16,1.0,1,844.47,338631.35,338631.35,338631.35,338631.35,338631.35,338631.35,338631.35,338631.35,0.0,338631.35,0.0,338631.35,0.0,338631.35,0.0,338631.35,338631.35,338631.35,338631.35,0.0,0.0,0.0,0.0,0.0,0.0,,12.732670284578193,2.013,0,0,0.0,293441.38,625,2021,4
Wheat,2022-01-03,338631.35,NGN,NGN/MT,Historical (World Bank Pink Sheet × FX),wholesale,National,,,0.65,False,Synthetic: World Bank wheat USD × NGN/USD FX + Nigeria import premium (calibrated),Synthetic (World Bank/FAO × FX),historical,False,,338631.35,425.98,328.8,170.82500000000002,15.4,18.1,1,0,0,0,0,0,0,0,0,1,0,0,1,0,0,0,0,0,0,1,0.4999999999999999,0.8660254037844387,0.120536680255323,0.992708874098054,1,794.95,338631.35,338631.35,338631.35,338631.35,338631.35,338631.35,338631.35,338631.35,0.0,338631.35,0.0,338631.35,0.0,338631.35,0.0,338631.35,338631.35,338631.35,338631.35,0.0,0.0,0.0,0.0,0.0,0.0,,12.732670284578193,2.013,0,0,0.0,293441.38,626,2022,1
Wheat,2022-01-10,347675.32,NGN,NGN/MT,Historical (World Bank Pink Sheet × FX),wholesale,National,,,0.65,False,Synthetic: World Bank wheat USD × NGN/USD FX + Nigeria import premium (calibrated),Synthetic (World Bank/FAO × FX),historical,False,,347675.32,425.98,379.1333333333333,208.625,15.4,18.1,1,0,0,0,0,0,0,0,0,1,0,0,1,0,0,0,0,0,0,1,0.4999999999999999,0.8660254037844387,0.2393156642875577,0.970941817426052,1,816.18,338631.35,338631.35,338631.35,338631.35,338631.35,338631.35,338631.35,340892.34249999997,4521.98500000002,339761.84625,3197.526257923856,339385.01416666666,2610.7692570214563,338979.19499999995,1773.6684427056912,347675.32,338631.35,347675.32,338631.35,2.670742091658096,2.670742091658096,2.670742091658096,2.670742091658096,0.564,2.670742091658096,7.072,12.759027210988775,2.357,0,0,0.0,301278.44,627,2022,1
Wheat,2022-01-17,349575.71,NGN,NGN/MT,Historical (World Bank Pink Sheet × FX),wholesale,National,,,0.65,False,Synthetic: World Bank wheat USD × NGN/USD FX + Nigeria import premium (calibrated),Synthetic (World Bank/FAO × FX),historical,False,,349575.71,425.98,379.1333333333333,208.625,15.4,18.1,1,0,0,0,0,0,0,0,0,1,0,0,1,0,0,0,0,0,0,1,0.4999999999999999,0.8660254037844387,0.3546048870425356,0.9350162426854148,1,820.64,347675.32,338631.35,338631.35,338631.35,338631.35,338631.35,338631.35,343628.4325,5822.057915756705,341129.89125,4654.195375401907,340297.04416666663,3911.2653670704476,339400.13192307693,2729.1444988787703,349575.71,338631.35,349575.71,338631.35,0.5465990510916896,3.2319393936798946,3.2319393936798946,3.2319393936798946,1.246,-2.1241430405664063,5.416,12.76447830155124,2.357,0,0,0.0,302925.23,628,2022,1
Wheat,2022-01-24,349575.71,NGN,NGN/MT,Historical (World Bank Pink Sheet × FX),wholesale,National,,,0.65,False,Synthetic: World Bank wheat USD × NGN/USD FX + Nigeria import premium (calibrated),Synthetic (World Bank/FAO × FX),historical,False,,360448.21,425.98,379.1333333333333,208.625,15.4,18.1,1,0,0,0,0,0,0,0,0,1,0,0,1,0,0,0,0,0,0,1,0.4999999999999999,0.8660254037844387,0.4647231720437685,0.8854560256532099,1,820.64,349575.71,347675.32,338631.35,338631.35,338631.35,338631.35,338631.35,346364.5225,5232.704760162318,342497.93625,5368.526149839673,341209.07416666666,4686.687941073985,339821.0688461538,3373.723288741207,349575.71,338631.35,349575.71,338631.35,0.0,3.2319393936798946,3.2319393936798946,3.2319393936798946,1.926,-0.5465990510916896,4.246,12.76447830155124,2.357,0,0,0.0,302925.23,629,2022,1
Wheat,2022-01-31,357261.92,NGN,NGN/MT,Historical (World Bank Pink Sheet × FX),wholesale,National,,,0.65,False,Synthetic: World Bank wheat USD × NGN/USD FX + Nigeria import premium (calibrated),Synthetic (World Bank/FAO × FX),historical,False,,331272.57,425.98,379.1333333333333,208.625,15.4,18.1,1,0,0,0,0,0,0,0,0,1,0,0,1,0,0,0,0,0,0,1,0.4999999999999999,0.8660254037844387,0.5680647467311558,0.8229838658936564,1,838.68,349575.71,349575.71,338631.35,338631.35,338631.35,338631.35,338631.35,351022.16500000004,4255.207713226283,344826.7575,7185.153053112338,342761.62166666664,6492.932066481382,340537.62923076923,4791.5264806021505,357261.92,347675.32,357261.92,338631.35,2.1987254205962925,5.501726287303299,5.501726287303299,5.501726287303299,3.079,2.1987254205962925,5.065,12.786227260288625,2.357,0,0,0.0,309585.72,630,2022,1
Wheat,2022-02-07,357261.92,NGN,NGN/MT,Historical (World Bank Pink Sheet × FX),wholesale,National,,,0.65,False,Synthetic: World Bank wheat USD × NGN/USD FX + Nigeria import premium (calibrated),Synthetic (World Bank/FAO × FX),historical,False,,375435.07,425.98,379.1333333333333,208.625,15.4,18.1,1,0,0,0,0,0,0,0,1,1,0,0,1,0,0,0,0,0,0,0,0.8660254037844386,0.5000000000000001,0.6631226582407952,0.7485107481711011,1,838.68,357261.92,349575.71,347675.32,338631.35,338631.35,338631.35,338631.35,353418.815,4437.635412548064,347155.57875,7876.256324016614,344314.16916666663,7555.939854045517,341254.1896153846,5785.105783582883,357261.92,349575.71,357261.92,338631.35,0.0,2.757342683973074,5.501726287303299,5.501726287303299,3.565,-2.1987254205962925,4.064,12.786227260288625,2.357,0,0,0.0,309585.72,631,2022,1
Wheat,2022-02-14,357261.92,NGN,NGN/MT,Historical (World Bank Pink Sheet × FX),wholesale,National,,,0.65,False,Synthetic: World Bank wheat USD × NGN/USD FX + Nigeria import premium (calibrated),Synthetic (World Bank/FAO × FX),historical,False,,357261.92,425.98,383.6,213.775,15.4,18.1,1,0,0,0,0,0,0,0,1,1,0,0,1,0,0,0,0,0,0,0,0.8660254037844386,0.5000000000000001,0.7485107481711011,0.6631226582407953,1,838.68,357261.92,357261.92,349575.71,338631.35,338631.35,338631.35,338631.35,355340.3675,3843.105000000126,349484.39999999997,7749.067097167172,345866.7166666666,8171.121381489929,341970.75,6550.433387783768,357261.92,349575.71,357261.92,338631.35,0.0,2.1987254205962925,5.501726287303299,5.501726287303299,3.91,0.0,3.471,12.786227260288625,2.394,0,0,0.0,309585.72,632,2022,1
Wheat,2022-02-21,354366.45,NGN,NGN/MT,Historical (World Bank Pink Sheet × FX),wholesale,National,,,0.65,False,Synthetic: World Bank wheat USD × NGN/USD FX + Nigeria import premium (calibrated),Synthetic (World Bank/FAO × FX),historical,False,,354366.45,425.98,383.6,213.775,15.4,18.1,1,0,0,0,0,0,0,0,1,1,0,0,1,0,0,0,0,0,0,0,0.8660254037844386,0.5000000000000001,0.8229838658936564,0.5680647467311559,1,831.89,357261.92,357261.92,349575.71,338631.35,338631.35,338631.35,338631.35,356538.0525,1447.734999999986,351451.2875,6496.5137082849615,347177.97500000003,8167.015844666073,342575.94615384616,6944.590422262283,357261.92,354366.45,357261.92,338631.35,-0.8104614116164366,1.3704441878985119,4.6466755071554955,4.6466755071554955,4.076,-0.8104614116164366,2.619,12.778089648122558,2.394,0,0,0.0,307076.65,633,2022,1
Wheat,2022-02-28,348064.23,NGN,NGN/MT,Historical (World Bank Pink Sheet × FX),wholesale,National,,,0.65,False,Synthetic: World Bank wheat USD × NGN/USD FX + Nigeria import premium (calibrated),Synthetic (World Bank/FAO × FX),historical,False,,348064.23,425.98,383.6,213.775,15.4,18.1,1,0,0,0,0,0,0,0,1,1,0,0,1,0,0,0,0,0,0,0,0.8660254037844386,0.5000000000000001,0.8854560256532099,0.4647231720437686,1,817.09,354366.45,357261.92,357261.92,338631.35,338631.35,338631.35,338631.35,354238.63,4336.6699267448685,352630.3975,4333.124745181664,347964.04833333334,7710.838531733691,342938.74923076923,6976.596723891085,357261.92,348064.23,357261.92,338631.35,-1.7784471413701874,-2.5744949251798266,2.785589698059554,2.785589698059554,3.295,-0.9679857297537509,1.361,12.76014518372019,2.394,1,2,0.0,301615.45,634,2022,1
Wheat,2022-03-07,348064.23,NGN,NGN/MT,Historical (World Bank Pink Sheet × FX),wholesale,National,,,0.65,False,Synthetic: World Bank wheat USD × NGN/USD FX + Nigeria import premium (calibrated),Synthetic (World Bank/FAO × FX),historical,False,,347459.95,425.98,383.6,213.775,15.4,18.1,1,0,0,1,0,0,0,0,1,1,0,0,0,0,0,0,0,0,0,0,1.0,6.123233995736766e-17,0.9350162426854148,0.3546048870425355,0,817.09,348064.23,354366.45,357261.92,347675.32,338631.35,338631.35,338631.35,351939.20749999996,4627.946836430299,352679.01125,4271.332623009176,348750.12166666664,7132.022422898246,343301.5523076923,6988.897290100845,357261.92,348064.23,357261.92,338631.35,0.0,-2.5744949251798266,2.785589698059554,2.785589698059554,2.516,1.7784471413701874,1.307,12.76014518372019,2.394,1,2,0.0,301615.45,635,2022,1
Wheat,2022-03-14,366415.14,NGN,NGN/MT,Historical (World Bank Pink Sheet × FX),wholesale,National,,,0.65,False,Synthetic: World Bank wheat USD × NGN/USD FX + Nigeria import premium (calibrated),Synthetic (World Bank/FAO × FX),historical,False,,374639.77,425.98,522.234,220.8475,15.4,18.1,1,0,0,1,0,0,0,0,1,1,0,0,0,0,0,0,0,0,0,0,1.0,6.123233995736766e-17,0.970941817426052,0.239315664287558,0,860.17,348064.23,348064.23,357261.92,349575.71,338631.35,338631.35,338631.35,354227.5125,8651.19779871119,354783.94,6225.69480554341,351065.4375,8004.875026142804,344370.15961538453,8255.554054514598,366415.14,348064.23,366415.14,338631.35,5.272276901306405,2.56204747486104,8.204730601581932,8.204730601581932,2.862,5.272276901306405,3.853,12.81152496103027,3.042,1,2,0.0,317517.45,636,2022,1
Wheat,2022-03-21,366415.14,NGN,NGN/MT,Historical (World Bank Pink Sheet × FX),wholesale,National,,,0.65,False,Synthetic: World Bank wheat USD × NGN/USD FX + Nigeria import premium (calibrated),Synthetic (World Bank/FAO × FX),historical,False,,366415.14,425.98,522.234,220.8475,15.4,18.1,1,0,0,1,0,0,0,0,1,1,0,0,0,0,0,0,0,0,0,0,1.0,6.123233995736766e-17,0.992708874098054,0.120536680255323,0,860.17,366415.14,348064.23,354366.45,349575.71,338631.35,338631.35,338631.35,357239.685,10594.902828374614,356888.86874999997,7010.48484209678,353380.75333333336,8099.028291937538,345438.7669230769,9224.340804637193,366415.14,348064.23,366415.14,338631.35,0.0,3.400065102099825,8.204730601581932,8.204730601581932,3.416,-5.272276901306405,3.332,12.81152496103027,3.042,1,2,0.0,317517.45,637,2022,1
Wheat,2022-03-28,351462.24,NGN,NGN/MT,Historical (World Bank Pink Sheet × FX),wholesale,National,,,0.65,False,Synthetic: World Bank wheat USD × NGN/USD FX + Nigeria import premium (calibrated),Synthetic (World Bank/FAO × FX),historical,False,,351462.24,425.98,522.234,220.8475,15.4,18.1,1,0,0,1,0,0,0,0,1,1,0,0,0,0,0,0,0,0,0,0,1.0,6.123233995736766e-17,1.0,-1.6081226496766364e-16,0,825.07,366415.14,366415.14,348064.23,357261.92,338631.35,338631.35,338631.35,358089.1875,9713.55026254692,356163.90875,7261.767596620384,354449.99416666664,6701.10801702684,345932.2626923077,9188.734177928372,366415.14,348064.23,366415.14,347675.32,-4.080863034207605,0.9762594679723291,3.789043749198062,3.789043749198062,3.514,-4.080863034207605,1.238,12.769860404394105,3.042,1,2,0.0,304560.0,638,2022,1
Wheat,2022-04-04,351462.24,NGN,NGN/MT,Historical (World Bank Pink Sheet × FX),wholesale,National,,,0.65,False,Synthetic: World Bank wheat USD × NGN/USD FX + Nigeria import premium (calibrated),Synthetic (World Bank/FAO × FX),historical,False,,345016.91,425.98,522.234,220.8475,15.4,18.1,0,1,1,1,0,0,0,0,1,0,0,0,0,0,0,0,0,1,0,0,0.8660254037844387,-0.4999999999999998,0.992708874098054,-0.1205366802553228,0,825.07,351462.24,366415.14,348064.23,357261.92,347675.32,338631.35,338631.35,358938.69,8633.060840165568,355438.94875,7424.172918899835,354765.5708333333,6437.028793133134,346425.75846153847,9125.275289585847,366415.14,351462.24,366415.14,348064.23,0.0,0.9762594679723291,1.089211624224573,3.789043749198062,3.612,4.080863034207605,1.191,12.769860404394105,3.042,1,2,0.5,304560.0,639,2022,2
Wheat,2022-04-11,355347.45,NGN,NGN/MT,Historical (World Bank Pink Sheet × FX),wholesale,National,,,0.65,False,Synthetic: World Bank wheat USD × NGN/USD FX + Nigeria import premium (calibrated),Synthetic (World Bank/FAO × FX),historical,False,,355347.45,425.98,652.89,203.3025,15.4,18.1,0,1,1,1,0,0,0,0,1,0,0,0,0,0,0,0,0,1,0,0,0.8660254037844387,-0.4999999999999998,0.970941817426052,-0.2393156642875575,0,834.19,351462.24,351462.24,366415.14,357261.92,349575.71,338631.35,338631.35,356171.76749999996,7070.254075139384,355199.64,7387.783382318138,355246.54916666663,6226.166064787857,347068.6853846154,9143.003387665256,366415.14,351462.24,366415.14,348064.23,1.1054416542727319,-3.020532939768805,1.6510700929420974,4.936371071373058,2.623,1.1054416542727319,1.625,12.780854136348806,3.577,1,2,0.5,307926.73,640,2022,2
Wheat,2022-04-18,356167.97,NGN,NGN/MT,Historical (World Bank Pink Sheet × FX),wholesale,National,,,0.65,False,Synthetic: World Bank wheat USD × NGN/USD FX + Nigeria import premium (calibrated),Synthetic (World Bank/FAO × FX),historical,False,,376937.02,425.98,652.89,203.3025,15.4,18.1,0,1,1,1,0,0,0,0,1,0,0,0,0,0,0,0,0,1,0,0,0.8660254037844387,-0.4999999999999998,0.9350162426854148,-0.3546048870425354,0,836.11,355347.45,351462.24,366415.14,354366.45,349575.71,338631.35,338631.35,353609.975,2502.5113423718158,355424.82999999996,7386.214729890817,355795.9041666666,5965.70266405525,347743.17076923075,9142.52247884619,356167.97,351462.24,366415.14,348064.23,0.23090639879361774,-2.796601144810784,1.8857889182288812,5.178675866838667,1.687,-0.8745352554791141,1.647,12.783160532062146,3.577,1,2,0.5,308637.76,641,2022,2
Wheat,2022-04-25,356167.97,NGN,NGN/MT,Historical (World Bank Pink Sheet × FX),wholesale,National,,,0.65,False,Synthetic: World Bank wheat USD × NGN/USD FX + Nigeria import premium (calibrated),Synthetic (World Bank/FAO × FX),historical,False,,356167.97,425.98,652.89,203.3025,15.4,18.1,0,1,1,1,0,0,0,0,1,0,0,0,0,0,0,0,0,1,0,0,0.8660254037844387,-0.4999999999999998,0.8854560256532099,-0.4647231720437685,0,836.11,356167.97,355347.45,351462.24,348064.23,357261.92,338631.35,338631.35,354786.4075,2249.6139029971173,356437.7975,6761.84860293971,355704.7416666667,5949.600402005239,348417.6561538461,9090.141258237578,356167.97,351462.24,366415.14,348064.23,0.0,1.3389005885809935,-0.30620391896231114,5.178675866838667,1.828,-0.23090639879361774,1.569,12.783160532062146,3.577,1,2,0.5,308637.76,642,2022,2
Wheat,2022-05-02,339820.94,NGN,NGN/MT,Historical (World Bank Pink Sheet × FX),wholesale,National,,,0.65,False,Synthetic: World Bank wheat USD × NGN/USD FX + Nigeria import premium (calibrated),Synthetic (World Bank/FAO × FX),historical,False,,326907.01,425.98,652.89,203.3025,15.4,18.1,0,1,1,1,0,0,0,0,1,0,1,0,0,0,0,0,0,0,0,0,0.4999999999999999,-0.8660254037844387,0.8229838658936565,-0.5680647467311557,0,797.74,356167.97,356167.97,351462.24,348064.23,357261.92,338631.35,338631.35,351876.0825,8046.064247831026,355407.38625,8598.733440361839,354251.32666666666,7470.527323826683,348463.40961538465,9041.77861927731,356167.97,339820.94,366415.14,339820.94,-4.589696821979805,-3.312247711162364,-4.8818469094047305,0.3512935231779313,0.979,-4.589696821979805,-0.463,12.736177053528168,3.577,1,2,0.5,294472.22,643,2022,2
Wheat,2022-05-09,339543.84,NGN,NGN/MT,Historical (World Bank Pink Sheet × FX),wholesale,National,,,0.65,False,Synthetic: World Bank wheat USD × NGN/USD FX + Nigeria import premium (calibrated),Synthetic (World Bank/FAO × FX),historical,False,,339820.94,425.98,683.074375,192.21,15.4,18.1,0,1,1,1,0,0,0,0,1,0,1,0,0,0,0,0,0,0,0,0,0.4999999999999999,-0.8660254037844387,0.7485107481711013,-0.663122658240795,0,797.09,339820.94,356167.97,355347.45,366415.14,357261.92,338631.35,338631.35,347925.17999999993,9518.62630392641,352048.47375,8926.61053090118,352774.82,8501.241578025189,348498.5053846154,9003.779909138731,356167.97,339543.84,366415.14,339543.84,-0.08154294435180898,-4.4473683432933,-4.959409052047858,0.2694641237440232,-0.165,4.508153877627996,-0.5,12.735361293842754,3.679,1,2,0.5,294232.1,644,2022,2
Wheat,2022-05-16,339543.84,NGN,NGN/MT,Historical (World Bank Pink Sheet × FX),wholesale,National,,,0.65,False,Synthetic: World Bank wheat USD × NGN/USD FX + Nigeria import premium (calibrated),Synthetic (World Bank/FAO × FX),historical,False,,339543.84,425.98,683.074375,192.21,15.4,18.1,0,1,1,1,0,0,0,0,1,0,1,0,0,0,0,0,0,0,0,0,0.4999999999999999,-0.8660254037844387,0.6631226582407952,-0.7485107481711012,0,797.09,339543.84,339820.94,356167.97,366415.14,354366.45,338631.35,338631.35,343769.1475,8266.913748767367,348689.56125,7722.851523833709,351539.6025,9289.283123741001,348533.6011538462,8965.477273482042,356167.97,339543.84,366415.14,339543.84,0.0,-4.667497192406145,-4.18284800945462,0.2694641237440232,-1.367,0.08154294435180898,-0.503,12.735361293842754,3.679,1,2,0.5,294232.1,645,2022,2
Wheat,2022-05-23,339543.84,NGN,NGN/MT,Historical (World Bank Pink Sheet × FX),wholesale,National,,,0.65,False,Synthetic: World Bank wheat USD × NGN/USD FX + Nigeria import premium (calibrated),Synthetic (World Bank/FAO × FX),historical,False,,314646.85,425.98,683.074375,192.21,15.4,18.1,0,1,1,1,0,0,0,0,1,0,1,0,0,0,0,0,0,0,0,0,0.4999999999999999,-0.8660254037844387,0.5680647467311558,-0.8229838658936564,0,797.09,339543.84,339543.84,356167.97,351462.24,348064.23,338631.35,338631.35,339613.115,138.55000000641888,347199.76125,8243.590471444746,350829.57,9885.56771999735,348568.696923077,8926.866800135336,339820.94,339543.84,366415.14,339543.84,0.0,-4.667497192406145,-2.447936117997518,0.2694641237440232,-2.569,0.0,-0.506,12.735361293842754,3.679,1,2,0.5,294232.1,646,2022,2
Wheat,2022-05-30,329136.15,NGN,NGN/MT,Historical (World Bank Pink Sheet × FX),wholesale,National,,,0.65,False,Synthetic: World Bank wheat USD × NGN/USD FX + Nigeria import premium (calibrated),Synthetic (World Bank/FAO × FX),historical,False,,341787.18,425.98,683.074375,192.21,15.4,18.1,0,1,1,1,0,0,0,0,1,0,1,0,0,0,0,0,0,0,0,0,0.4999999999999999,-0.8660254037844387,0.464723172043769,-0.8854560256532096,0,772.66,339543.84,339543.84,339820.94,351462.24,348064.23,338631.35,338631.35,336941.91750000004,5203.845000000228,344409.0,10152.522744106298,349252.23,11708.855579846751,348203.4969230769,9523.925956646166,339543.84,329136.15,366415.14,329136.15,-3.0651977076067705,-3.1442411994975883,-5.4380997438317475,-2.803993192006571,-3.234,-3.0651977076067705,-1.734,12.704229812182554,3.679,1,2,0.5,285213.3,647,2022,2
Wheat,2022-06-06,329136.15,NGN,NGN/MT,Historical (World Bank Pink Sheet × FX),wholesale,National,,,0.65,False,Synthetic: World Bank wheat USD × NGN/USD FX + Nigeria import premium (calibrated),Synthetic (World Bank/FAO × FX),historical,False,,320168.78,425.98,683.074375,192.21,15.4,18.1,0,1,1,0,0,0,0,1,0,0,1,0,0,0,0,0,0,0,1,0,1.2246467991473532e-16,-1.0,0.3546048870425358,-0.9350162426854148,0,772.66,329136.15,339543.84,339543.84,355347.45,366415.14,338631.35,338631.35,334339.995,6008.882623142414,341132.5875,10345.787646918456,346145.6475,11686.63271291927,347838.29692307685,10071.939665466562,339543.84,329136.15,366415.14,329136.15,0.0,-3.0651977076067705,-10.17397643558069,-2.803993192006571,-3.881,3.0651977076067705,-1.669,12.704229812182554,3.679,1,2,0.5,285213.3,648,2022,2
Wheat,2022-06-13,329136.15,NGN,NGN/MT,Historical (World Bank Pink Sheet × FX),wholesale,National,,,0.65,False,Synthetic: World Bank wheat USD × NGN/USD FX + Nigeria import premium (calibrated),Synthetic (World Bank/FAO × FX),historical,False,,329136.15,425.98,746.3121428571429,197.45916666666668,15.4,18.1,0,1,1,0,0,0,0,1,0,0,1,0,0,0,0,0,0,0,1,0,1.2246467991473532e-16,-1.0,0.2393156642875576,-0.970941817426052,0,772.66,329136.15,329136.15,339543.84,356167.97,366415.14,338631.35,338631.35,331738.0725,5203.8450000003295,337753.61000000004,9069.250468730352,343039.065,10723.854661779638,347473.0969230769,10578.53297289935,339543.84,329136.15,356167.97,329136.15,0.0,-3.0651977076067705,-10.17397643558069,-2.803993192006571,-4.528,0.0,-1.609,12.704229812182554,3.981,1,2,0.5,285213.3,649,2022,2
Wheat,2022-06-20,333298.61,NGN,NGN/MT,Historical (World Bank Pink Sheet × FX),wholesale,National,,,0.65,False,Synthetic: World Bank wheat USD × NGN/USD FX + Nigeria import premium (calibrated),Synthetic (World Bank/FAO × FX),historical,False,,340285.63,425.98,746.3121428571429,197.45916666666668,15.4,18.1,0,1,1,0,0,0,0,1,0,0,1,0,0,0,0,0,0,0,1,0,1.2246467991473532e-16,-1.0,0.120536680255323,-0.992708874098054,0,782.43,329136.15,329136.15,339543.84,356167.97,351462.24,338631.35,338631.35,330176.765,2081.2299999999814,334894.94,5225.508121446967,341525.42916666664,10708.726739404881,347267.9915384616,10806.072022080836,333298.61,329136.15,356167.97,329136.15,1.2646620555049726,-1.8393000444360985,-5.1680174803415575,-1.574792174439843,-4.922,1.2646620555049726,-1.105,12.716797094178135,3.981,1,2,0.5,288820.29,650,2022,2
Wheat,2022-06-27,333298.61,NGN,NGN/MT,Historical (World Bank Pink Sheet × FX),wholesale,National,,,0.65,False,Synthetic: World Bank wheat USD × NGN/USD FX + Nigeria import premium (calibrated),Synthetic (World Bank/FAO × FX),historical,False,,333298.61,425.98,746.3121428571429,197.45916666666668,15.4,18.1,0,1,1,0,0,0,0,1,0,0,1,0,0,0,0,0,0,0,1,0,1.2246467991473532e-16,-1.0,-3.216245299353273e-16,-1.0,0,782.43,333298.61,329136.15,329136.15,339820.94,351462.24,338631.35,338631.35,331217.38,2403.1974014910325,334079.64875000005,4841.881877084041,340011.7933333334,10457.23905420144,347062.88615384616,11024.950037935652,333298.61,329136.15,356167.97,329136.15,0.0,1.2646620555049726,-5.1680174803415575,-1.574792174439843,-4.566,-1.2646620555049726,-1.083,12.716797094178135,3.981,1,2,0.5,288820.29,651,2022,2
Wheat,2022-07-04,313207.83,NGN,NGN/MT,Historical (World Bank Pink Sheet × FX),wholesale,National,,,0.65,False,Synthetic: World Bank wheat USD × NGN/USD FX + Nigeria import premium (calibrated),Synthetic (World Bank/FAO × FX),historical,False,,313207.83,425.98,746.3121428571429,197.45916666666668,15.4,18.1,0,1,1,0,0,0,1,1,0,0,1,0,0,0,0,0,0,0,1,0,-0.4999999999999997,-0.8660254037844388,-0.1205366802553228,-0.992708874098054,0,735.26,333298.61,333298.61,329136.15,339543.84,355347.45,338631.35,338631.35,327235.3,9555.288267683685,330787.6475,8308.205882118706,336500.1583333333,11825.179051121768,346085.05846153846,12788.983207196676,333298.61,313207.83,356167.97,313207.83,-6.027861922376443,-4.839431949361995,-11.85870899031356,-7.50772779897666,-5.447,-6.027861922376443,-3.001,12.654625435549395,3.981,1,2,0.5,271410.6,652,2022,3
Wheat,2022-07-11,313207.83,NGN,NGN/MT,Historical (World Bank Pink Sheet × FX),wholesale,National,,,0.65,False,Synthetic: World Bank wheat USD × NGN/USD FX + Nigeria import premium (calibrated),Synthetic (World Bank/FAO × FX),historical,False,,305273.19,425.98,862.6516666666666,202.13466666666667,15.4,18.1,0,1,1,0,0,0,1,1,0,0,1,0,0,0,0,0,0,0,1,0,-0.4999999999999997,-0.8660254037844388,-0.2393156642875574,-0.970941817426052,0,735.26,313207.83,333298.61,329136.15,339543.84,356167.97,347675.32,338631.35,323253.22,11599.417241229581,327495.64625,9478.282644731575,332920.14666666667,11832.526036821673,344759.38576923084,14313.130888991505,333298.61,313207.83,356167.97,313207.83,0.0,-4.839431949361995,-12.061764004214071,-7.50772779897666,-6.238,6.027861922376443,-2.727,12.654625435549395,4.521,1,2,0.5,271410.6,653,2022,3
Wheat,2022-07-18,316315.88,NGN,NGN/MT,Historical (World Bank Pink Sheet × FX),wholesale,National,,,0.65,False,Synthetic: World Bank wheat USD × NGN/USD FX + Nigeria import premium (calibrated),Synthetic (World Bank/FAO × FX),historical,False,,340131.45,425.98,862.6516666666666,202.13466666666667,15.4,18.1,0,1,1,0,0,0,1,1,0,0,1,0,0,0,0,0,0,0,1,0,-0.4999999999999997,-0.8660254037844388,-0.3546048870425356,-0.9350162426854148,0,742.56,313207.83,313207.83,333298.61,339543.84,356167.97,349575.71,338631.35,319007.5375,9639.38081463535,324592.15125,8793.267134581978,329599.13916666666,10193.521510128276,343480.1615384615,15316.569011415291,333298.61,313207.83,339820.94,313207.83,0.9923283207830425,-5.095349782586844,-11.189127983630865,-6.589900787390168,-7.125,0.9923283207830425,-2.266,12.66449977492636,4.521,1,2,0.5,274103.88,654,2022,3
Wheat,2022-07-25,316315.88,NGN,NGN/MT,Historical (World Bank Pink Sheet × FX),wholesale,National,,,0.65,False,Synthetic: World Bank wheat USD × NGN/USD FX + Nigeria import premium (calibrated),Synthetic (World Bank/FAO × FX),historical,False,,316315.88,425.98,862.6516666666666,202.13466666666667,15.4,18.1,0,1,1,0,0,0,1,1,0,0,1,0,0,0,0,0,0,0,1,0,-0.4999999999999997,-0.8660254037844388,-0.464723172043768,-0.8854560256532101,0,742.56,316315.88,313207.83,333298.61,329136.15,339820.94,349575.71,338631.35,314761.855,1794.4335041556428,322989.6175,9012.3300784877,327640.3841666667,10308.451063278706,342200.93730769237,16153.176600338102,316315.88,313207.83,339543.84,313207.83,0.0,-5.095349782586844,-6.91689570395515,-6.589900787390168,-8.018,-0.9923283207830425,-2.126,12.66449977492636,4.521,1,2,0.5,274103.88,655,2022,3
Wheat,2022-08-01,309236.62,NGN,NGN/MT,Historical (World Bank Pink Sheet × FX),wholesale,National,,,0.65,False,Synthetic: World Bank wheat USD × NGN/USD FX + Nigeria import premium (calibrated),Synthetic (World Bank/FAO × FX),historical,False,,309236.62,425.98,862.6516666666666,202.13466666666667,20.5,25.7,0,1,0,0,1,0,1,1,0,0,1,0,0,0,0,1,0,0,1,0,-0.8660254037844384,-0.5000000000000004,-0.5680647467311556,-0.8229838658936565,0,725.94,316315.88,316315.88,313207.83,329136.15,339543.84,357261.92,338631.35,313769.0525,3358.1034176592807,320502.17625,9786.439749463356,325114.78250000003,10826.600683444081,340353.8103846153,17081.25527978334,316315.88,309236.62,339543.84,309236.62,-2.238034966818614,-1.2679153008403499,-8.925863593932382,-8.680451470308338,-7.811,-2.238034966818614,-2.513,12.641865257117122,4.521,1,2,0.0,256627.9,656,2022,3
Wheat,2022-08-08,309236.62,NGN,NGN/MT,Historical (World Bank Pink Sheet × FX),wholesale,National,,,0.65,False,Synthetic: World Bank wheat USD × NGN/USD FX + Nigeria import premium (calibrated),Synthetic (World Bank/FAO × FX),historical,False,,308883.73,425.98,862.6516666666666,202.13466666666667,20.5,25.7,0,1,0,0,1,0,1,1,0,0,1,0,0,0,0,1,0,0,1,0,-0.8660254037844384,-0.5000000000000004,-0.663122658240795,-0.7485107481711013,0,725.94,309236.62,316315.88,313207.83,329136.15,339543.84,357261.92,338631.35,312776.25,4087.2126666637914,318014.735,9807.352663892712,322589.18083333335,10688.747203741214,338506.68346153846,17762.79098607633,316315.88,309236.62,339543.84,309236.62,0.0,-1.2679153008403499,-8.925863593932382,-8.680451470308338,-7.601,2.238034966818614,-2.33,12.641865257117122,4.521,1,2,0.0,256627.9,657,2022,3
Wheat,2022-08-15,308883.73,NGN,NGN/MT,Historical (World Bank Pink Sheet × FX),wholesale,National,,,0.65,False,Synthetic: World Bank wheat USD × NGN/USD FX + Nigeria import premium (calibrated),Synthetic (World Bank/FAO × FX),historical,False,,310944.33,425.98,867.885,203.95125,20.5,25.7,0,1,0,0,1,0,1,1,0,0,1,0,0,0,0,1,0,0,1,0,-0.8660254037844384,-0.5000000000000004,-0.7485107481711011,-0.6631226582407952,0,725.11,309236.62,309236.62,316315.88,333298.61,339543.84,357261.92,338631.35,310918.2125,3602.2881689044716,314962.875,8004.969755768164,320034.1716666667,9903.09656634741,336645.98384615383,18246.820857366576,316315.88,308883.73,333298.61,308883.73,-0.11411649758686915,-2.349597497286582,-9.029794208606479,-8.78466214070257,-7.642,-0.11411649758686915,-2.199,12.640723444211183,4.55,1,2,0.0,256335.05,658,2022,3
Wheat,2022-08-22,307768.76,NGN,NGN/MT,Historical (World Bank Pink Sheet × FX),wholesale,National,,,0.65,False,Synthetic: World Bank wheat USD × NGN/USD FX + Nigeria import premium (calibrated),Synthetic (World Bank/FAO × FX),historical,False,,307768.76,425.98,867.885,203.95125,20.5,25.7,0,1,0,0,1,0,1,1,0,0,1,0,0,0,0,1,0,0,1,0,-0.8660254037844384,-0.5000000000000004,-0.8229838658936564,-0.5680647467311559,0,722.5,308883.73,309236.62,316315.88,333298.61,329136.15,354366.45,338631.35,308781.4325,695.3084905490344,311771.64375,3435.9702944525684,318253.55583333335,10037.80009603584,334853.765,18719.00388713752,309236.62,307768.76,333298.61,307768.76,-0.36096753946864846,-2.702083752481854,-6.491960849636236,-9.113919901391288,-7.786,-0.2468510418817793,-2.132,12.637107249946464,4.55,1,2,0.0,255409.76,659,2022,3
Wheat,2022-08-29,307768.76,NGN,NGN/MT,Historical (World Bank Pink Sheet × FX),wholesale,National,,,0.65,False,Synthetic: World Bank wheat USD × NGN/USD FX + Nigeria import premium (calibrated),Synthetic (World Bank/FAO × FX),historical,False,,303787.75,425.98,867.885,203.95125,20.5,25.7,0,1,0,0,1,0,1,1,0,0,1,0,0,0,0,1,0,0,1,0,-0.8660254037844384,-0.5000000000000004,-0.8854560256532096,-0.4647231720437691,0,722.5,307768.76,308883.73,309236.62,313207.83,329136.15,348064.23,338631.35,308414.4675,759.3897502356917,311091.76,3643.070822293711,316472.94,9824.758675579213,333303.93923076923,19242.30528363095,309236.62,307768.76,333298.61,307768.76,0.0,-0.47467211354205174,-6.491960849636236,-9.113919901391288,-7.468,0.36096753946864846,-2.006,12.637107249946464,4.55,1,2,0.0,255409.76,660,2022,3
Wheat,2022-09-05,310574.72,NGN,NGN/MT,Historical (World Bank Pink Sheet × FX),wholesale,National,,,0.65,False,Synthetic: World Bank wheat USD × NGN/USD FX + Nigeria import premium (calibrated),Synthetic (World Bank/FAO × FX),historical,False,,310574.72,425.98,867.885,203.95125,20.5,25.7,0,1,0,0,1,1,0,0,0,0,0,0,0,0,0,1,0,0,0,0,-1.0,-1.8369701987210287e-16,-0.9350162426854148,-0.3546048870425359,0,729.08,307768.76,307768.76,309236.62,313207.83,329136.15,348064.23,338631.35,308748.9925,1325.7886465909671,310762.62125,3542.127582932956,314926.1541666667,9082.982430001884,331862.03500000003,19494.976538463412,310574.72,307768.76,333298.61,307768.76,0.9117104673001863,0.4327107184136203,-5.639438268935226,-8.285301995813443,-6.965,0.9117104673001863,-1.73,12.6461830153598,4.55,1,2,0.5,257738.36,661,2022,3
Wheat,2022-09-12,310607.25,NGN,NGN/MT,Historical (World Bank Pink Sheet × FX),wholesale,National,,,0.65,False,Synthetic: World Bank wheat USD × NGN/USD FX + Nigeria import premium (calibrated),Synthetic (World Bank/FAO × FX),historical,False,,315444.66,425.98,851.5890909090908,199.2236363636364,20.5,25.7,0,1,0,0,1,1,0,0,0,0,0,0,0,0,0,1,0,0,0,0,-1.0,-1.8369701987210287e-16,-0.970941817426052,-0.2393156642875577,0,729.16,310574.72,307768.76,308883.73,316315.88,333298.61,366415.14,338631.35,309179.8725,1629.4664823276678,310049.0425,2750.0279249928144,313035.2075,7043.397400531071,329715.57769230765,18589.687811062136,310607.25,307768.76,333298.61,307768.76,0.010474130025794892,0.557983419845387,-6.808117201568886,-8.275695679091722,-6.228,-0.9012363372743915,-1.647,12.646287750837857,4.462,1,2,0.5,257765.35,662,2022,3
Wheat,2022-09-19,310607.25,NGN,NGN/MT,Historical (World Bank Pink Sheet × FX),wholesale,National,,,0.65,False,Synthetic: World Bank wheat USD × NGN/USD FX + Nigeria import premium (calibrated),Synthetic (World Bank/FAO × FX),historical,False,,310607.25,425.98,851.5890909090908,199.2236363636364,20.5,25.7,0,1,0,0,1,1,0,0,0,0,0,0,0,0,0,1,0,0,0,0,-1.0,-1.8369701987210287e-16,-0.992708874098054,-0.1205366802553235,0,729.16,310607.25,310574.72,307768.76,316315.88,333298.61,366415.14,338631.35,309889.495,1413.9064939511773,309335.46375,1189.4393288867477,311144.2608333333,2986.108162666131,327569.1203846153,17364.208456617722,310607.25,307768.76,316315.88,307768.76,0.0,0.9222800910657636,-6.808117201568886,-8.275695679091722,-5.397,-0.010474130025794892,-1.573,12.646287750837857,4.462,1,2,0.5,257765.35,663,2022,3
Wheat,2022-09-26,310607.25,NGN,NGN/MT,Historical (World Bank Pink Sheet × FX),wholesale,National,,,0.65,False,Synthetic: World Bank wheat USD × NGN/USD FX + Nigeria import premium (calibrated),Synthetic (World Bank/FAO × FX),historical,False,,309002.38,425.98,851.5890909090908,199.2236363636364,20.5,25.7,0,1,0,0,1,1,0,0,0,0,0,0,0,0,0,1,0,0,0,0,-1.0,-1.8369701987210287e-16,-1.0,-1.8369701987210287e-16,0,729.16,310607.25,310607.25,307768.76,309236.62,313207.83,351462.24,338631.35,310599.1175,16.265000112476034,309506.7925,1269.2069106268548,310927.54583333334,2916.2824994932166,325997.77461538464,16959.386721721785,310607.25,310574.72,316315.88,307768.76,0.0,0.9222800910657636,-0.8303049128752682,-8.275695679091722,-4.724,0.0,-1.506,12.646287750837857,4.462,1,2,0.5,257765.35,664,2022,3
Wheat,2022-10-03,319936.23,NGN,NGN/MT,Historical (World Bank Pink Sheet × FX),wholesale,National,,,0.65,False,Synthetic: World Bank wheat USD × NGN/USD FX + Nigeria import premium (calibrated),Synthetic (World Bank/FAO × FX),historical,False,,323431.79,425.98,851.5890909090908,199.2236363636364,20.5,25.7,0,1,0,0,0,1,0,0,0,1,0,1,0,1,1,1,1,0,0,0,-0.8660254037844386,0.5000000000000001,-0.992708874098054,0.1205366802553232,0,751.06,310607.25,310607.25,310574.72,309236.62,313207.83,351462.24,338631.35,312939.495,4664.490000000266,310844.24375,3885.249944001045,311488.24583333335,3881.609558831746,324785.2357692308,16174.791205370944,319936.23,310607.25,319936.23,307768.76,3.00346498673163,3.0142537035854122,2.148222156515045,-5.520788314490077,-3.647,3.00346498673163,-0.923,12.675880099284756,4.462,1,2,0.5,265507.24,665,2022,4
Wheat,2022-10-10,323431.79,NGN,NGN/MT,Historical (World Bank Pink Sheet × FX),wholesale,National,,,0.65,False,Synthetic: World Bank wheat USD × NGN/USD FX + Nigeria import premium (calibrated),Synthetic (World Bank/FAO × FX),historical,False,,319936.23,425.98,857.93,204.0275,20.5,25.7,0,1,0,0,0,1,0,0,0,1,0,1,0,1,1,1,1,0,0,0,-0.8660254037844386,0.5000000000000001,-0.970941817426052,0.2393156642875573,0,759.27,319936.23,310607.25,310607.25,308883.73,316315.88,355347.45,338631.35,316145.63,6552.4570952278,312662.75125000003,5779.4354655478355,312081.23833333334,5052.976933475843,323557.7103846154,14925.417725986372,323431.79,310607.25,323431.79,307768.76,1.0925802307541144,4.128860482168384,2.249621485965214,-4.488527125441866,-2.291,-1.9108847559775155,-0.696,12.686746612451053,4.506,1,2,0.5,268408.12,666,2022,4
Wheat,2022-10-17,334954.32,NGN,NGN/MT,Historical (World Bank Pink Sheet × FX),wholesale,National,,,0.65,False,Synthetic: World Bank wheat USD × NGN/USD FX + Nigeria import premium (calibrated),Synthetic (World Bank/FAO × FX),historical,False,,336949.12,425.98,857.93,204.0275,20.5,25.7,0,1,0,0,0,1,0,0,0,1,0,1,0,1,1,1,1,0,0,0,-0.8660254037844386,0.5000000000000001,-0.9350162426854148,0.3546048870425355,0,786.31,323431.79,319936.23,310607.25,307768.76,316315.88,356167.97,338631.35,322232.39749999996,10061.515691814238,316060.94625,9368.596274025069,313634.44166666665,8296.520204505387,322741.80076923076,13591.685127179786,334954.32,310607.25,334954.32,307768.76,3.5625842468979485,7.838538862180466,5.892350393536994,-1.0858504388326584,-0.158,2.470004016143834,-0.017,12.721752428777888,4.506,1,2,0.5,277970.39,667,2022,4
Wheat,2022-10-24,334954.32,NGN,NGN/MT,Historical (World Bank Pink Sheet × FX),wholesale,National,,,0.65,False,Synthetic: World Bank wheat USD × NGN/USD FX + Nigeria import premium (calibrated),Synthetic (World Bank/FAO × FX),historical,True,Hard bound violation (synthetic),296762.02,425.98,857.93,204.0275,20.5,25.7,0,1,0,0,0,1,0,0,0,1,0,1,0,1,1,1,1,0,0,0,-0.8660254037844386,0.5000000000000001,-0.8854560256532101,0.464723172043768,0,786.31,334954.32,323431.79,310607.25,307768.76,309236.62,356167.97,338631.35,328319.165,7793.386028184221,319459.14125,10758.462169766286,315777.5833333333,10167.83889095651,321925.89115384617,12054.668855535596,334954.32,319936.23,334954.32,307768.76,0.0,7.838538862180466,8.316511802515492,-1.0858504388326584,1.986,-3.5625842468979485,-0.013,12.721752428777888,4.506,1,2,0.5,277970.39,668,2022,4
Wheat,2022-10-31,334954.32,NGN,NGN/MT,Historical (World Bank Pink Sheet × FX),wholesale,National,,,0.65,False,Synthetic: World Bank wheat USD × NGN/USD FX + Nigeria import premium (calibrated),Synthetic (World Bank/FAO × FX),historical,False,,332959.52,425.98,857.93,204.0275,20.5,25.7,0,1,0,0,0,1,0,0,0,1,0,1,0,1,1,1,1,0,0,0,-0.8660254037844386,0.5000000000000001,-0.822983865893657,0.5680647467311548,0,786.31,334954.32,334954.32,319936.23,310574.72,309236.62,339820.94,338631.35,332073.6875,5761.264999999608,322506.59125,11320.547496446163,317920.72500000003,11310.014782768072,321738.7134615384,11800.800468964168,334954.32,323431.79,334954.32,307768.76,0.0,4.694088568837618,8.316511802515492,-1.0858504388326584,3.212,0.0,-0.009,12.721752428777888,4.506,1,2,0.5,277970.39,669,2022,4
Wheat,2022-11-07,332959.52,NGN,NGN/MT,Historical (World Bank Pink Sheet × FX),wholesale,National,,,0.65,False,Synthetic: World Bank wheat USD × NGN/USD FX + Nigeria import premium (calibrated),Synthetic (World Bank/FAO × FX),historical,False,,344798.57,425.98,857.93,204.0275,20.5,25.7,1,0,0,0,0,1,0,0,0,1,0,1,1,1,1,0,1,0,0,0,-0.5000000000000004,0.8660254037844384,-0.7485107481711011,0.6631226582407952,1,781.63,334954.32,334954.32,323431.79,310607.25,308883.73,339543.84,338631.35,334455.62,997.3999999999893,325300.625,10705.805967088105,319927.04083333333,11690.225971825377,321485.4703846154,11469.418167586939,334954.32,332959.52,334954.32,307768.76,-0.5955438938658797,2.9458236000858395,7.794450682138554,-1.6749276167135618,4.034,-0.5955438938658797,-0.119,12.715779203375401,4.506,1,2,0.5,276314.95,670,2022,4
Wheat,2022-11-14,328956.59,NGN,NGN/MT,Historical (World Bank Pink Sheet × FX),wholesale,National,,,0.65,False,Synthetic: World Bank wheat USD × NGN/USD FX + Nigeria import premium (calibrated),Synthetic (World Bank/FAO × FX),historical,False,,311699.39,425.98,886.2112500000001,239.705,20.5,25.7,1,0,0,0,0,1,0,0,0,1,0,1,1,1,1,0,1,0,0,0,-0.5000000000000004,0.8660254037844384,-0.6631226582407955,0.7485107481711007,1,772.23,332959.52,334954.32,334954.32,310607.25,307768.76,339543.84,338631.35,332956.1875,2827.3579093489766,327594.2925,8925.753239288882,321692.6933333333,11279.804303257788,321078.2684615385,10980.146800759598,334954.32,328956.59,334954.32,307768.76,-1.2022272256999922,-1.7906113287328163,6.884334199481468,-2.857018406594647,3.699,-0.6066833318341125,-0.343,12.70368411566337,4.744,1,2,0.5,272993.02,671,2022,4
Wheat,2022-11-21,328669.89,NGN,NGN/MT,Historical (World Bank Pink Sheet × FX),wholesale,National,,,0.65,False,Synthetic: World Bank wheat USD × NGN/USD FX + Nigeria import premium (calibrated),Synthetic (World Bank/FAO × FX),historical,False,,328956.59,425.98,886.2112500000001,239.705,20.5,25.7,1,0,0,0,0,1,0,0,0,1,0,1,1,1,1,0,1,0,0,0,-0.5000000000000004,0.8660254037844384,-0.5680647467311559,0.8229838658936564,1,771.56,328956.59,332959.52,334954.32,310607.25,307768.76,339543.84,338631.35,331385.08,3081.5664797523177,329852.1225,5725.861417847205,323434.45416666666,10522.59223405243,320660.0396153846,10442.601553129072,334954.32,328669.89,334954.32,310574.72,-0.08715435674963024,-1.8762050896970028,6.791179845543782,-2.941682747329788,3.345,1.115072868950362,-0.348,12.702812194732683,4.744,1,2,0.5,272755.1,672,2022,4
Wheat,2022-11-28,328669.89,NGN,NGN/MT,Historical (World Bank Pink Sheet × FX),wholesale,National,,,0.65,False,Synthetic: World Bank wheat USD × NGN/USD FX + Nigeria import premium (calibrated),Synthetic (World Bank/FAO × FX),historical,False,,328669.89,425.98,886.2112500000001,239.705,20.5,25.7,1,0,0,0,0,1,0,0,0,1,0,1,1,1,1,0,1,0,0,0,-0.5000000000000004,0.8660254037844384,-0.4647231720437684,0.88545602565321,1,771.56,328669.89,328956.59,334954.32,319936.23,310574.72,329136.15,338631.35,329813.97250000003,2101.382351348233,330943.83,4192.451896355625,324942.385,9782.754684163496,320642.1065384616,10427.853229482345,332959.52,328669.89,334954.32,310607.25,0.0,-1.8762050896970028,5.826349936015407,-2.941682747329788,2.86,0.08715435674963024,-0.337,12.702812194732683,4.744,1,2,0.5,272755.1,673,2022,4
Wheat,2022-12-05,328669.89,NGN,NGN/MT,Historical (World Bank Pink Sheet × FX),wholesale,National,,,0.65,False,Synthetic: World Bank wheat USD × NGN/USD FX + Nigeria import premium (calibrated),Synthetic (World Bank/FAO × FX),historical,False,,327889.18,425.98,886.2112500000001,239.705,20.5,25.7,1,0,0,0,0,0,0,0,0,1,0,1,1,1,1,0,0,0,0,1,-2.4492935982947064e-16,1.0,-0.3546048870425359,0.9350162426854148,1,771.56,328669.89,328669.89,332959.52,323431.79,310607.25,329136.15,338631.35,328741.565,143.34999999722126,331598.59249999997,3124.715233506269,326447.605,8707.025023674061,320624.17346153845,10413.051898253529,328956.59,328669.89,334954.32,310607.25,0.0,-1.2883337890443824,5.815266707393341,-2.941682747329788,2.532,0.0,-0.326,12.702812194732683,4.744,1,2,0.0,272755.1,674,2022,4
Wheat,2022-12-12,330938.81,NGN,NGN/MT,Historical (World Bank Pink Sheet × FX),wholesale,National,,,0.65,False,Synthetic: World Bank wheat USD × NGN/USD FX + Nigeria import premium (calibrated),Synthetic (World Bank/FAO × FX),historical,False,,334356.36,425.98,896.946875,274.53625,20.5,25.7,1,0,0,0,0,0,0,0,0,1,0,1,1,1,1,0,0,0,0,1,-2.4492935982947064e-16,1.0,-0.2393156642875578,0.970941817426052,1,776.89,328669.89,328669.89,328956.59,334954.32,310607.25,329136.15,338631.35,329237.12,1134.4599999999969,331096.65375,2815.9185980670345,328141.9016666667,7190.533637306595,320693.50653846154,10477.794127120143,330938.81,328669.89,334954.32,310607.25,0.6903340004768888,0.6025779875697301,6.545745471169773,-2.2716561830438797,2.664,0.6903340004768888,-0.184,12.709691794923472,4.9,1,2,0.0,274638.02,675,2022,4
Wheat,2022-12-19,334356.36,NGN,NGN/MT,Historical (World Bank Pink Sheet × FX),wholesale,National,,,0.65,False,Synthetic: World Bank wheat USD × NGN/USD FX + Nigeria import premium (calibrated),Synthetic (World Bank/FAO × FX),historical,False,,330938.81,425.98,896.946875,274.53625,20.5,25.7,1,0,0,0,0,0,0,0,0,1,0,1,1,1,1,0,0,0,0,1,-2.4492935982947064e-16,1.0,-0.1205366802553236,0.992708874098054,1,784.91,330938.81,328669.89,328669.89,334954.32,310607.25,333298.61,338631.35,330658.73750000005,2687.1224704923657,331021.90875000006,2704.6305339514684,330120.99416666664,4794.839192529013,320734.18923076923,10530.614689704356,334356.36,328669.89,334954.32,319936.23,1.0326833531552282,1.7301463179361987,7.646025648145693,-1.262431845131884,3.094,0.34234935267833944,0.021,12.71996564010062,4.9,1,2,0.0,277474.16,676,2022,4
Wheat,2022-12-26,360341.23,NGN,NGN/MT,Historical (World Bank Pink Sheet × FX),wholesale,National,,,0.65,False,Synthetic: World Bank wheat USD × NGN/USD FX + Nigeria import premium (calibrated),Synthetic (World Bank/FAO × FX),historical,False,,360341.23,425.98,896.946875,274.53625,20.5,25.7,1,0,0,0,0,0,0,0,0,1,0,1,1,1,1,0,0,0,0,1,-2.4492935982947064e-16,1.0,6.432490598706546e-16,1.0,1,845.91,334356.36,330938.81,328669.89,334954.32,319936.23,333298.61,338631.35,338576.5725,14696.805591688673,334195.27249999996,10788.89657193485,333488.07749999996,9176.955042202482,321774.29,12891.96975320781,360341.23,328669.89,360341.23,323431.79,7.771609309301009,9.63621583954648,12.629079238697027,6.411066193369286,5.222,6.73892595614578,1.487,12.794809497750197,4.9,1,2,0.0,299038.37,677,2022,4
Wheat,2023-01-02,449136.69,NGN,NGN/MT,Historical (World Bank Pink Sheet × FX),wholesale,National,,,0.65,False,Synthetic: World Bank wheat USD × NGN/USD FX + Nigeria import premium (calibrated),Synthetic (World Bank/FAO × FX),historical,False,,449136.69,460.0,896.946875,274.53625,20.5,25.7,1,0,0,0,0,0,0,0,0,1,0,0,1,0,0,0,0,0,0,1,0.4999999999999999,0.8660254037844387,0.120536680255323,0.992708874098054,1,976.38,360341.23,334356.36,328669.89,332959.52,323431.79,313207.83,338631.35,368693.2725,55212.688854699816,348717.41875,41982.415610920376,343963.48583333334,34222.592272309754,327002.3230769231,27994.448180723615,449136.69,330938.81,449136.69,328669.89,24.642048316258467,36.65282511884493,38.865969235739016,32.6329325385851,12.749,16.870439006957458,4.77,13.015084778956817,4.9,0,0,0.0,372727.54,678,2023,1
Wheat,2023-01-09,449136.69,NGN,NGN/MT,Historical (World Bank Pink Sheet × FX),wholesale,National,,,0.65,False,Synthetic: World Bank wheat USD × NGN/USD FX + Nigeria import premium (calibrated),Synthetic (World Bank/FAO × FX),historical,False,,453538.76,460.0,900.9875,289.7125,20.5,25.7,1,0,0,0,0,0,0,0,0,1,0,0,1,0,0,0,0,0,0,1,0.4999999999999999,0.8660254037844387,0.2393156642875577,0.970941817426052,1,976.38,449136.69,360341.23,330938.81,328956.59,334954.32,313207.83,347675.32,398242.7425,59717.061501130745,363739.93125,53753.13303120031,353478.68333333335,45504.059803201846,332230.35615384614,36665.02594672121,449136.69,334356.36,449136.69,328669.89,0.0,35.71593189689659,34.0889378587504,29.182793302671016,19.869,-24.642048316258467,3.913,13.015084778956817,4.965,0,0,0.0,372727.54,679,2023,1
Wheat,2023-01-16,446331.88,NGN,NGN/MT,Historical (World Bank Pink Sheet × FX),wholesale,National,,,0.65,False,Synthetic: World Bank wheat USD × NGN/USD FX + Nigeria import premium (calibrated),Synthetic (World Bank/FAO × FX),historical,False,,446331.88,460.0,900.9875,289.7125,20.5,25.7,1,0,0,0,0,0,0,0,0,1,0,0,1,0,0,0,0,0,0,1,0.4999999999999999,0.8660254037844387,0.3546048870425356,0.9350162426854148,1,970.29,449136.69,449136.69,334356.36,328669.89,334954.32,316315.88,349575.71,426236.62249999994,43950.15475789783,378447.68,58659.762789192595,362760.14666666667,52242.12111046399,337230.9715384615,42766.2625791688,449136.69,360341.23,449136.69,328669.89,-0.6244891727727686,33.489872900877394,33.2515669599365,27.678173062996848,26.393,-0.6244891727727686,3.316,13.008820320321338,4.965,0,0,0.0,370399.9,680,2023,1
Wheat,2023-01-23,429999.03,NGN,NGN/MT,Historical (World Bank Pink Sheet × FX),wholesale,National,,,0.65,False,Synthetic: World Bank wheat USD × NGN/USD FX + Nigeria import premium (calibrated),Synthetic (World Bank/FAO × FX),historical,False,,422075.92,460.0,900.9875,289.7125,20.5,25.7,1,0,0,0,0,0,0,0,0,1,0,0,1,0,0,0,0,0,0,1,0.4999999999999999,0.8660254037844387,0.4647231720437685,0.8854560256532099,1,934.78,446331.88,449136.69,360341.23,328669.89,334954.32,316315.88,349575.71,443651.0725,9196.901506966207,391113.8225,57300.01044164255,370680.5391666666,54786.14906771806,341603.4003846154,46214.81602561665,449136.69,429999.03,449136.69,328669.89,-3.659350974436326,19.33106572345331,28.375424445936392,23.005980592873577,29.873,-3.0348618016635576,2.57,12.971540557437185,4.965,0,0,0.0,356845.67,681,2023,1
Wheat,2023-01-30,429999.03,NGN,NGN/MT,Historical (World Bank Pink Sheet × FX),wholesale,National,,,0.65,False,Synthetic: World Bank wheat USD × NGN/USD FX + Nigeria import premium (calibrated),Synthetic (World Bank/FAO × FX),historical,False,,429999.03,460.0,900.9875,289.7125,20.5,25.7,1,0,0,0,0,0,0,0,0,1,0,0,1,0,0,0,0,0,0,1,0.4999999999999999,0.8660254037844387,0.5680647467311558,0.8229838658936564,1,934.78,429999.03,446331.88,449136.69,328669.89,332959.52,309236.62,357261.92,438866.6575,10303.280213652182,403779.965,52525.37306034312,378767.16500000004,55863.331025348794,346248.10846153845,48826.42859294889,449136.69,429999.03,449136.69,328669.89,0.0,-4.260987896579982,29.14453684940439,20.359603396857985,26.749,3.659350974436326,2.386,12.971540557437185,4.965,0,0,0.0,356845.67,682,2023,1
Wheat,2023-02-06,432880.5,NGN,NGN/MT,Historical (World Bank Pink Sheet × FX),wholesale,National,,,0.65,False,Synthetic: World Bank wheat USD × NGN/USD FX + Nigeria import premium (calibrated),Synthetic (World Bank/FAO × FX),historical,False,,455952.7,460.0,900.9875,289.7125,20.5,25.7,1,0,0,0,0,0,0,0,1,1,0,0,1,0,0,0,0,0,0,0,0.8660254037844386,0.5000000000000001,0.6631226582407952,0.7485107481711011,1,941.04,429999.03,429999.03,449136.69,330938.81,328956.59,309236.62,357261.92,434802.61,7805.2831513412275,416522.67625,44003.89181074584,387427.4908333334,55493.63108931122,351003.6423076923,51048.14651204617,446331.88,429999.03,449136.69,328669.89,0.6701108139709033,-3.619430423286063,31.59198300298527,21.16614611487282,23.874,0.6701108139709033,2.297,12.978219297474169,4.965,0,0,0.0,359236.93,683,2023,1
Wheat,2023-02-13,446115.85,NGN,NGN/MT,Historical (World Bank Pink Sheet × FX),wholesale,National,,,0.65,False,Synthetic: World Bank wheat USD × NGN/USD FX + Nigeria import premium (calibrated),Synthetic (World Bank/FAO × FX),historical,False,,432880.5,460.0,900.9875,289.7125,20.5,25.7,1,0,0,0,0,0,0,0,1,1,0,0,1,0,0,0,0,0,0,0,0.8660254037844386,0.5000000000000001,0.7485107481711011,0.6631226582407953,1,969.82,432880.5,429999.03,446331.88,334356.36,328669.89,308883.73,357261.92,434748.60250000004,7698.939332624724,430492.6125,29562.468767275546,397214.65416666673,54537.20919858163,356281.80076923076,53552.12179617437,446115.85,429999.03,449136.69,328669.89,3.0575066328929035,-0.048401203158521255,35.73371445738456,24.870809069155754,22.024,2.387395818922,2.441,13.008336192203064,4.965,0,0,0.0,370220.62,684,2023,1
Wheat,2023-02-20,452530.59,NGN,NGN/MT,Historical (World Bank Pink Sheet × FX),wholesale,National,,,0.65,False,Synthetic: World Bank wheat USD × NGN/USD FX + Nigeria import premium (calibrated),Synthetic (World Bank/FAO × FX),historical,False,,458967.3,460.0,900.9875,289.7125,20.5,25.7,1,0,0,0,0,0,0,0,1,1,0,0,1,0,0,0,0,0,0,0,0.8660254037844386,0.5000000000000001,0.8229838658936564,0.5680647467311559,1,983.76,446115.85,432880.5,429999.03,360341.23,328669.89,307768.76,354366.45,440381.4925,10716.713458445975,442016.2825,9408.758387732212,407536.37916666665,52049.26952383622,361849.56346153846,55785.32370047702,452530.59,429999.03,452530.59,328669.89,1.4379090095095304,5.239909494679562,37.68544176650926,27.701307502445573,21.703,-1.619597623383373,2.401,13.022612851840059,4.965,0,0,0.0,375544.06,685,2023,1
Wheat,2023-02-27,452530.59,NGN,NGN/MT,Historical (World Bank Pink Sheet × FX),wholesale,National,,,0.65,False,Synthetic: World Bank wheat USD × NGN/USD FX + Nigeria import premium (calibrated),Synthetic (World Bank/FAO × FX),historical,False,,446115.85,460.0,900.9875,289.7125,20.5,25.7,1,0,0,0,0,0,0,0,1,1,0,0,1,0,0,0,0,0,0,0,0.8660254037844386,0.5000000000000001,0.8854560256532099,0.4647231720437686,1,983.76,452530.59,446115.85,429999.03,449136.69,328669.89,307768.76,348064.23,446014.38249999995,9263.38824879096,442440.52,9842.210700986569,417858.1041666667,47026.57937896339,367417.32615384617,57373.294925027425,452530.59,432880.5,452530.59,330938.81,0.0,5.239909494679562,37.68544176650926,30.013529399444483,21.392,-1.4379090095095304,2.234,13.022612851840059,4.965,0,0,0.0,375544.06,686,2023,1
Wheat,2023-03-06,452530.59,NGN,NGN/MT,Historical (World Bank Pink Sheet × FX),wholesale,National,,,0.65,False,Synthetic: World Bank wheat USD × NGN/USD FX + Nigeria import premium (calibrated),Synthetic (World Bank/FAO × FX),historical,False,,452530.59,460.0,900.9875,289.7125,20.5,25.7,1,0,0,1,0,0,0,0,1,1,0,0,0,0,0,0,0,0,0,0,1.0,6.123233995736766e-17,0.9350162426854148,0.3546048870425355,0,983.76,452530.59,452530.59,432880.5,449136.69,330938.81,310574.72,348064.23,450926.90499999997,3207.370000002201,442864.7575,10237.290243189036,427990.75249999994,39012.42421846068,372877.1673076923,58491.197139734475,452530.59,446115.85,452530.59,334356.36,0.0,4.539379805743171,36.741468913845445,30.013529399444483,20.932,0.0,2.092,13.022612851840059,4.965,0,0,0.0,375544.06,687,2023,1
Wheat,2023-03-13,463776.87,NGN,NGN/MT,Historical (World Bank Pink Sheet × FX),wholesale,National,,,0.65,False,Synthetic: World Bank wheat USD × NGN/USD FX + Nigeria import premium (calibrated),Synthetic (World Bank/FAO × FX),historical,False,,467438.7,460.0,900.9875,289.7125,20.5,25.7,1,0,0,1,0,0,0,0,1,1,0,0,0,0,0,0,0,0,0,0,1.0,6.123233995736766e-17,0.970941817426052,0.239315664287558,0,1008.21,452530.59,452530.59,446115.85,446331.88,334356.36,310607.25,366415.14,455342.16000000003,5623.140000001272,445045.38125000003,12654.018740154113,438775.795,26729.45723281638,378768.3065384616,59670.218153340466,463776.87,452530.59,463776.87,360341.23,2.485197740996914,3.9588416327283715,38.707357024702624,26.57142660644425,20.217,2.485197740996914,2.178,13.047160988133069,4.965,0,0,0.0,384877.07,688,2023,1
Wheat,2023-03-20,463776.87,NGN,NGN/MT,Historical (World Bank Pink Sheet × FX),wholesale,National,,,0.65,False,Synthetic: World Bank wheat USD × NGN/USD FX + Nigeria import premium (calibrated),Synthetic (World Bank/FAO × FX),historical,False,,463776.87,460.0,900.9875,289.7125,20.5,25.7,1,0,0,1,0,0,0,0,1,1,0,0,0,0,0,0,0,0,0,0,1.0,6.123233995736766e-17,0.992708874098054,0.120536680255323,0,1008.21,463776.87,452530.59,452530.59,429999.03,360341.23,310607.25,366415.14,458153.73,6493.04278538302,449267.61125,12551.19520434505,447395.43166666664,11443.92595064696,384659.4457692308,60230.077548577676,463776.87,452530.59,463776.87,429999.03,0.0,2.485197740996914,28.704913950590672,26.57142660644425,19.106,-2.485197740996914,2.05,13.047160988133069,4.965,0,0,0.0,384877.07,689,2023,1
Wheat,2023-03-27,463776.87,NGN,NGN/MT,Historical (World Bank Pink Sheet × FX),wholesale,National,,,0.65,False,Synthetic: World Bank wheat USD × NGN/USD FX + Nigeria import premium (calibrated),Synthetic (World Bank/FAO × FX),historical,False,,452720.82,460.0,900.9875,289.7125,20.5,25.7,1,0,0,1,0,0,0,0,1,1,0,0,0,0,0,0,0,1,0,0,1.0,6.123233995736766e-17,1.0,-1.6081226496766364e-16,0,1008.21,463776.87,463776.87,452530.59,429999.03,449136.69,310607.25,351462.24,460965.30000000005,5623.140000001305,453489.84125,10686.106227289712,448615.4466666667,12387.883210788514,390550.585,60188.055824728195,463776.87,452530.59,463776.87,429999.03,0.0,2.485197740996914,3.259626818730843,31.956385983313606,18.03,0.0,1.933,13.047160988133069,4.965,0,0,0.0,384877.07,690,2023,1
Wheat,2023-04-03,457658.82,NGN,NGN/MT,Historical (World Bank Pink Sheet × FX),wholesale,National,,,0.65,False,Synthetic: World Bank wheat USD × NGN/USD FX + Nigeria import premium (calibrated),Synthetic (World Bank/FAO × FX),historical,False,,464984.14,460.0,900.9875,289.7125,20.5,25.7,0,1,1,1,0,0,0,0,1,0,0,0,0,0,0,0,0,1,0,0,0.8660254037844387,-0.4999999999999998,0.992708874098054,-0.1205366802553228,0,994.91,463776.87,463776.87,452530.59,432880.5,449136.69,319936.23,351462.24,462247.35750000004,3059.0250000024266,456587.13125,6710.757445141503,449325.6241666667,12661.73489671257,395847.6076923077,59783.830585632655,463776.87,457658.82,463776.87,429999.03,-1.3191796304977355,1.1332338881223425,1.8974468552101609,30.215644218280758,16.774,-1.3191796304977355,1.73,13.033881436028365,4.965,0,0,0.5,379799.85,691,2023,2
Wheat,2023-04-10,457351.0,NGN,NGN/MT,Historical (World Bank Pink Sheet × FX),wholesale,National,,,0.65,False,Synthetic: World Bank wheat USD × NGN/USD FX + Nigeria import premium (calibrated),Synthetic (World Bank/FAO × FX),historical,False,,434782.14,460.0,900.9875,289.7125,20.5,25.7,0,1,1,1,0,0,0,0,1,0,0,0,0,0,0,0,0,1,0,0,0.8660254037844387,-0.4999999999999998,0.970941817426052,-0.2393156642875575,0,994.24,457658.82,463776.87,463776.87,446115.85,446331.88,323431.79,355347.45,460640.89,3623.297706870733,457991.525,5215.321499786865,450243.8841666667,12823.418110984983,400998.3465384615,59059.798077340456,463776.87,457351.0,463776.87,429999.03,-0.06725971106599227,-1.385552065155815,2.4688175982410243,28.705299559628195,14.874,1.2519199194317432,1.643,13.033208614093425,4.965,0,0,0.5,379544.4,692,2023,2
Wheat,2023-04-17,457351.0,NGN,NGN/MT,Historical (World Bank Pink Sheet × FX),wholesale,National,,,0.65,False,Synthetic: World Bank wheat USD × NGN/USD FX + Nigeria import premium (calibrated),Synthetic (World Bank/FAO × FX),historical,False,,457658.82,460.0,900.9875,289.7125,20.5,25.7,0,1,1,1,0,0,0,0,1,0,0,0,0,0,0,0,0,1,0,0,0.8660254037844387,-0.4999999999999998,0.9350162426854148,-0.3546048870425354,0,994.24,457351.0,457658.82,463776.87,452530.59,429999.03,334954.32,356167.97,459034.4225,3164.9598815424065,458594.07625000004,4752.156887041095,452523.215,11229.641616583382,405705.91115384613,58459.9389511622,463776.87,457351.0,463776.87,429999.03,0.0,-1.385552065155815,6.3609376049057476,28.40879543435644,13.145,0.06725971106599227,1.57,13.033208614093425,4.965,0,0,0.5,379544.4,693,2023,2
Wheat,2023-04-24,457351.0,NGN,NGN/MT,Historical (World Bank Pink Sheet × FX),wholesale,National,,,0.65,False,Synthetic: World Bank wheat USD × NGN/USD FX + Nigeria import premium (calibrated),Synthetic (World Bank/FAO × FX),historical,False,,457351.0,460.0,900.9875,289.7125,20.5,25.7,0,1,1,1,0,0,0,0,1,0,0,0,0,0,0,0,0,0,0,0,0.8660254037844387,-0.4999999999999998,0.8854560256532099,-0.4647231720437685,0,994.24,457351.0,457351.0,463776.87,452530.59,429999.03,334954.32,356167.97,457427.95499999996,153.9100000471666,459196.62750000006,4139.6306692010685,454802.5458333334,8742.673653483713,410413.47576923075,57454.103012981686,457658.82,457351.0,463776.87,432880.5,0.0,-1.385552065155815,6.3609376049057476,28.40879543435644,11.455,0.0,1.502,13.033208614093425,4.965,0,0,0.5,379544.4,694,2023,2
Wheat,2023-05-01,432745.05,NGN,NGN/MT,Historical (World Bank Pink Sheet × FX),wholesale,National,,,0.65,False,Synthetic: World Bank wheat USD × NGN/USD FX + Nigeria import premium (calibrated),Synthetic (World Bank/FAO × FX),historical,False,,424572.4,460.0,900.9875,289.7125,22.4,28.8,0,1,1,1,0,0,0,0,1,0,1,0,0,0,0,0,0,0,0,0,0.4999999999999999,-0.8660254037844387,0.8229838658936565,-0.5680647467311557,0,940.75,457351.0,457351.0,457658.82,452530.59,432880.5,334954.32,339820.94,451199.5125,12302.975000000566,456723.435,10185.930364214368,454791.25833333336,8773.582603741223,414174.65769230766,55483.74721229868,457351.0,432745.05,463776.87,432745.05,-5.3801019348378,-5.443743004887358,-0.03129039076604778,27.345021763520517,8.939,-5.3801019348378,1.057,12.977906345324932,4.965,0,0,0.5,353549.88,695,2023,2
Wheat,2023-05-08,432745.05,NGN,NGN/MT,Historical (World Bank Pink Sheet × FX),wholesale,National,,,0.65,False,Synthetic: World Bank wheat USD × NGN/USD FX + Nigeria import premium (calibrated),Synthetic (World Bank/FAO × FX),historical,False,,432745.05,460.0,900.9875,289.7125,22.4,28.8,0,1,1,1,0,0,0,0,1,0,1,0,0,0,0,0,0,0,0,0,0.4999999999999999,-0.8660254037844387,0.7485107481711013,-0.663122658240795,0,940.75,432745.05,457351.0,457351.0,463776.87,446115.85,332959.52,339543.84,445048.02499999997,14206.251856166942,452844.45749999996,12711.707270056793,453677.02499999997,10628.468074959277,418012.56269230775,53038.53263940205,457351.0,432745.05,463776.87,432745.05,0.0,-5.3801019348378,-2.997158697679092,27.448947387765887,6.468,5.3801019348378,1.019,12.977906345324932,4.965,0,0,0.5,353549.88,696,2023,2
Wheat,2023-05-15,426174.89,NGN,NGN/MT,Historical (World Bank Pink Sheet × FX),wholesale,National,,,0.65,False,Synthetic: World Bank wheat USD × NGN/USD FX + Nigeria import premium (calibrated),Synthetic (World Bank/FAO × FX),historical,False,,412467.08,460.0,900.9875,289.7125,22.4,28.8,0,1,1,1,0,0,0,0,1,0,1,0,0,0,0,0,0,0,0,0,0.4999999999999999,-0.8660254037844387,0.6631226582407952,-0.7485107481711012,0,926.47,432745.05,432745.05,457351.0,463776.87,452530.59,328956.59,339543.84,437253.99750000006,13751.33142156438,448144.21,14861.849947884939,451480.7166666666,13279.428871319891,421751.72807692306,49839.45851484205,457351.0,426174.89,463776.87,426174.89,-1.518251912991253,-6.816670347282505,-5.824070368370016,25.5139513059639,3.676,-1.518251912991253,0.881,12.962607427360934,4.965,0,0,0.5,348182.1,697,2023,2
Wheat,2023-05-22,426174.89,NGN,NGN/MT,Historical (World Bank Pink Sheet × FX),wholesale,National,,,0.65,False,Synthetic: World Bank wheat USD × NGN/USD FX + Nigeria import premium (calibrated),Synthetic (World Bank/FAO × FX),historical,False,,440431.91,460.0,900.9875,289.7125,22.4,28.8,0,1,1,1,0,0,0,0,1,0,1,0,0,0,0,0,0,0,0,0,0.4999999999999999,-0.8660254037844387,0.5680647467311558,-0.8229838658936564,0,926.47,426174.89,432745.05,457351.0,463776.87,452530.59,328669.89,339543.84,429459.97000000003,3793.2836446203546,443443.9625,15154.699587967814,449284.4083333334,15139.271413835051,425501.92038461537,46082.08498189906,432745.05,426174.89,463776.87,426174.89,0.0,-6.816670347282505,-5.824070368370016,25.5139513059639,0.93,1.518251912991253,0.851,12.962607427360934,4.965,0,0,0.5,348182.1,698,2023,2
Wheat,2023-05-29,426174.89,NGN,NGN/MT,Historical (World Bank Pink Sheet × FX),wholesale,National,,,0.65,False,Synthetic: World Bank wheat USD × NGN/USD FX + Nigeria import premium (calibrated),Synthetic (World Bank/FAO × FX),historical,False,,426174.89,460.0,900.9875,289.7125,22.4,28.8,0,1,1,1,0,0,0,0,1,0,1,0,0,0,0,0,0,0,0,0,0.4999999999999999,-0.8660254037844387,0.464723172043769,-0.8854560256532096,0,926.47,426174.89,426174.89,432745.05,457658.82,452530.59,328669.89,329136.15,427817.43000000005,3285.080000001653,439508.47124999994,15023.355139083482,447088.10000000003,16478.084142289874,429252.11269230774,41640.03467131541,432745.05,426174.89,463776.87,426174.89,0.0,-1.518251912991253,-5.824070368370016,29.48285686637582,-0.334,0.0,0.819,12.962607427360934,4.965,1,3,0.5,348182.1,699,2023,2
Wheat,2023-06-05,416288.92,NGN,NGN/MT,Historical (World Bank Pink Sheet × FX),wholesale,National,,,0.65,False,Synthetic: World Bank wheat USD × NGN/USD FX + Nigeria import premium (calibrated),Synthetic (World Bank/FAO × FX),historical,False,,397258.96,460.0,900.9875,289.7125,22.4,28.8,0,1,1,0,0,0,0,1,0,0,1,0,0,0,0,0,0,0,1,0,1.2246467991473532e-16,-1.0,0.3546048870425358,-0.9350162426854148,0,904.98,426174.89,426174.89,432745.05,457351.0,463776.87,328669.89,329136.15,423703.3975,4942.985000001124,434375.71125,15070.966997893467,443130.7708333333,17758.349692887215,432622.0753846154,36388.624687682495,426174.89,416288.92,463776.87,416288.92,-2.319697906181195,-3.8027309613362426,-10.239395940552187,26.479245746782887,-2.062,-2.319697906181195,0.635,12.939137219582209,4.965,1,3,0.5,340105.33,700,2023,2
Wheat,2023-06-12,397258.96,NGN,NGN/MT,Historical (World Bank Pink Sheet × FX),wholesale,National,,,0.65,False,Synthetic: World Bank wheat USD × NGN/USD FX + Nigeria import premium (calibrated),Synthetic (World Bank/FAO × FX),historical,False,,416288.92,460.0,900.9875,289.7125,22.4,28.8,0,1,1,0,0,0,0,1,0,0,1,0,0,0,0,0,0,0,1,0,1.2246467991473532e-16,-1.0,0.2393156642875576,-0.970941817426052,0,863.61,416288.92,426174.89,426174.89,457351.0,463776.87,330938.81,329136.15,416474.41500000004,13631.661059256305,426864.20625000005,16853.765984616108,437587.61166666663,20841.80911212503,435172.85038461536,30883.77946841132,426174.89,397258.96,463776.87,397258.96,-4.571334735500521,-6.784991485537784,-14.342653612716816,20.697456052761144,-4.297,-2.251636829319326,0.311,12.892346156457217,4.965,1,3,0.5,324557.97,701,2023,2
Wheat,2023-06-19,395059.96,NGN,NGN/MT,Historical (World Bank Pink Sheet × FX),wholesale,National,,,0.65,False,Synthetic: World Bank wheat USD × NGN/USD FX + Nigeria import premium (calibrated),Synthetic (World Bank/FAO × FX),historical,False,,395059.96,920.0,900.9875,289.7125,22.4,28.8,0,1,1,0,0,0,0,1,0,0,1,0,0,0,0,0,0,0,1,0,1.2246467991473532e-16,-1.0,0.120536680255323,-0.992708874098054,0,429.41,397258.96,416288.92,426174.89,457351.0,463776.87,334356.36,333298.61,408695.6825,15054.473313033475,419077.82625000004,15049.393786508394,431861.20249999996,22375.745469818452,437507.60423076927,24615.88684918592,426174.89,395059.96,457658.82,395059.96,-0.5535432102022342,-7.300976836059014,-14.81680403768303,18.530335305028743,-6.585,4.017791525298287,0.258,12.886795361089671,4.965,1,3,0.5,322761.41,702,2023,2
Wheat,2023-06-26,386534.76,NGN,NGN/MT,Historical (World Bank Pink Sheet × FX),wholesale,National,,,0.65,False,Synthetic: World Bank wheat USD × NGN/USD FX + Nigeria import premium (calibrated),Synthetic (World Bank/FAO × FX),historical,False,,386534.76,920.0,900.9875,289.7125,22.4,28.8,0,1,1,0,0,0,0,1,0,0,1,0,0,0,0,0,0,0,1,0,1.2246467991473532e-16,-1.0,-3.216245299353273e-16,-1.0,0,420.15,395059.96,397258.96,426174.89,432745.05,457658.82,360341.23,333298.61,398785.64999999997,12552.029249185707,413301.54,17690.691929347497,425934.1975,24261.51179509773,438515.0476923077,21693.999327755235,416288.92,386534.76,457351.0,386534.76,-2.1579509095277616,-9.301376249548632,-15.540847655902269,15.972508856247568,-9.06,-1.6044076993255274,0.104,12.864979665368727,4.965,1,3,0.5,315796.37,703,2023,2
Wheat,2023-07-03,386534.76,NGN,NGN/MT,Historical (World Bank Pink Sheet × FX),wholesale,National,,,0.65,False,Synthetic: World Bank wheat USD × NGN/USD FX + Nigeria import premium (calibrated),Synthetic (World Bank/FAO × FX),historical,False,,376808.0,920.0,900.9875,289.7125,22.4,28.8,0,1,1,0,0,0,1,1,0,0,1,0,0,0,0,0,0,0,1,0,-0.4999999999999997,-0.8660254037844388,-0.1205366802553228,-0.992708874098054,0,420.15,386534.76,395059.96,416288.92,432745.05,457351.0,449136.69,313207.83,391347.11,5628.873498609549,407525.25375000003,17977.011646967057,420032.8441666667,24536.094085012825,436107.2811538462,23836.224836816386,397258.96,386534.76,457351.0,386534.76,0.0,-7.147478246598538,-15.484002440138978,23.411589039775915,-10.264,2.1579509095277616,0.082,12.864979665368727,4.965,1,3,0.5,315796.37,704,2023,3
Wheat,2023-07-10,386534.76,NGN,NGN/MT,Historical (World Bank Pink Sheet × FX),wholesale,National,,,0.65,False,Synthetic: World Bank wheat USD × NGN/USD FX + Nigeria import premium (calibrated),Synthetic (World Bank/FAO × FX),historical,False,,402452.56,920.0,900.9875,289.7125,22.4,28.8,0,1,1,0,0,0,1,1,0,0,1,0,0,0,0,0,0,0,1,0,-0.4999999999999997,-0.8660254037844388,-0.2393156642875574,-0.970941817426052,0,420.15,386534.76,386534.76,397258.96,426174.89,457351.0,449136.69,313207.83,388666.06,4262.600000001898,402570.2375,17560.44679546972,414131.4908333333,23225.73861530786,433699.5146153846,25566.4458915609,395059.96,386534.76,457351.0,386534.76,0.0,-2.6995489289908026,-15.484002440138978,23.411589039775915,-10.384,0.0,0.059,12.864979665368727,4.965,1,3,0.5,315796.37,705,2023,3
Wheat,2023-07-17,386534.76,NGN,NGN/MT,Historical (World Bank Pink Sheet × FX),wholesale,National,,,0.65,False,Synthetic: World Bank wheat USD × NGN/USD FX + Nigeria import premium (calibrated),Synthetic (World Bank/FAO × FX),historical,False,,380083.18,920.0,900.9875,289.7125,22.4,28.8,0,1,1,0,0,0,1,1,0,0,1,0,0,0,0,0,0,0,1,0,-0.4999999999999997,-0.8660254037844388,-0.3546048870425356,-0.9350162426854148,0,420.15,386534.76,386534.76,395059.96,426174.89,457351.0,446331.88,316315.88,386534.76,0.0040828216128290795,397615.22125,15409.29437663593,408230.13749999995,20021.638754549316,431399.6253846154,27032.195292689652,386534.76,386534.76,432745.05,386534.76,0.0,-2.1579509095277616,-15.484002440138978,22.19897401293922,-10.4,0.0,0.037,12.864979665368727,4.965,1,3,0.5,315796.37,706,2023,3
Wheat,2023-07-24,389394.67,NGN,NGN/MT,Historical (World Bank Pink Sheet × FX),wholesale,National,,,0.65,False,Synthetic: World Bank wheat USD × NGN/USD FX + Nigeria import premium (calibrated),Synthetic (World Bank/FAO × FX),historical,False,,416074.84,920.0,900.9875,289.7125,22.4,28.8,0,1,1,0,0,0,1,1,0,0,1,0,0,0,0,0,0,0,1,0,-0.4999999999999997,-0.8660254037844388,-0.464723172043768,-0.8854560256532101,0,423.26,386534.76,386534.76,386534.76,426174.89,432745.05,429999.03,316315.88,387249.73750000005,1429.9550000057188,393017.69375,10316.070563784271,404617.6058333333,19085.25247681918,429837.9192307693,28261.303642330426,389394.67,386534.76,432745.05,386534.76,0.7398842991507282,0.7398842991507282,-10.017533418348744,23.103105035384242,-9.908,0.7398842991507282,0.063,12.872351252187123,4.965,1,3,0.5,318132.9,707,2023,3
Wheat,2023-07-31,389394.67,NGN,NGN/MT,Historical (World Bank Pink Sheet × FX),wholesale,National,,,0.65,False,Synthetic: World Bank wheat USD × NGN/USD FX + Nigeria import premium (calibrated),Synthetic (World Bank/FAO × FX),historical,False,,370578.99,920.0,900.9875,289.7125,22.4,28.8,0,1,1,0,0,0,1,1,0,0,1,0,0,0,0,0,0,0,1,0,-0.4999999999999997,-0.8660254037844388,-0.5680647467311556,-0.8229838658936565,0,423.26,389394.67,386534.76,386534.76,416288.92,432745.05,429999.03,309236.62,387964.715,1651.1698083629663,389655.9125,4244.541497540002,401005.0741666667,17296.072919144684,428276.21307692304,29352.8536683418,389394.67,386534.76,426174.89,386534.76,0.0,0.7398842991507282,-10.017533418348744,25.921267021997597,-9.412,-0.7398842991507282,0.037,12.872351252187123,4.965,1,3,0.5,318132.9,708,2023,3
Wheat,2023-08-07,389394.67,NGN,NGN/MT,Historical (World Bank Pink Sheet × FX),wholesale,National,,,0.65,False,Synthetic: World Bank wheat USD × NGN/USD FX + Nigeria import premium (calibrated),Synthetic (World Bank/FAO × FX),historical,False,,406638.16,920.0,900.9875,289.7125,22.4,28.8,0,1,0,0,1,0,1,1,0,0,1,0,0,0,0,1,0,0,1,0,-0.8660254037844384,-0.5000000000000004,-0.663122658240795,-0.7485107481711013,0,423.26,389394.67,389394.67,386534.76,397258.96,426174.89,432880.5,309236.62,388679.6925,1429.95500000552,388672.87625,2943.3693490964743,397940.05583333335,15606.657466063769,426603.6811538461,30303.527159044246,389394.67,386534.76,426174.89,386534.76,0.0,0.7398842991507282,-8.630311372873244,25.921267021997597,-8.89,0.0,0.01,12.872351252187123,4.965,1,3,0.0,318132.9,709,2023,3
Wheat,2023-08-14,389394.67,NGN,NGN/MT,Historical (World Bank Pink Sheet × FX),wholesale,National,,,0.65,False,Synthetic: World Bank wheat USD × NGN/USD FX + Nigeria import premium (calibrated),Synthetic (World Bank/FAO × FX),historical,False,,389394.67,920.0,900.9875,289.7125,22.4,28.8,0,1,0,0,1,0,1,1,0,0,1,0,0,0,0,1,0,0,1,0,-0.8660254037844384,-0.5000000000000004,-0.7485107481711011,-0.6631226582407952,0,423.26,389394.67,389394.67,386534.76,395059.96,426174.89,446115.85,308883.73,389394.67,0.003946337047531551,387964.71499999997,1528.6861967254083,394875.03750000003,12941.585683056526,424422.0973076923,30878.88451671581,389394.67,389394.67,426174.89,386534.76,0.0,0.7398842991507282,-8.630311372873244,26.065128130898962,-8.253,0.0,-0.017,12.872351252187123,4.965,1,3,0.0,318132.9,710,2023,3
Wheat,2023-08-21,385822.42,NGN,NGN/MT,Historical (World Bank Pink Sheet × FX),wholesale,National,,,0.65,False,Synthetic: World Bank wheat USD × NGN/USD FX + Nigeria import premium (calibrated),Synthetic (World Bank/FAO × FX),historical,False,,385822.42,920.0,900.9875,289.7125,22.4,28.8,0,1,0,0,1,0,1,1,0,0,1,0,0,0,0,1,0,0,1,0,-0.8660254037844384,-0.5000000000000004,-0.8229838658936564,-0.5680647467311559,0,419.37,389394.67,389394.67,389394.67,386534.76,426174.89,452530.59,307768.76,388501.6074999999,1786.125000004442,387875.6725,1640.5312052137663,391512.3316666667,8575.369966744525,421856.3984615384,31219.437776451545,389394.67,385822.42,416288.92,385822.42,-0.9173854382752644,-0.9173854382752644,-9.468523591335954,25.361138018036655,-7.907,-0.9173854382752644,-0.112,12.863135082639802,4.965,1,3,0.0,315214.4,711,2023,3
Wheat,2023-08-28,385822.42,NGN,NGN/MT,Historical (World Bank Pink Sheet × FX),wholesale,National,,,0.65,False,Synthetic: World Bank wheat USD × NGN/USD FX + Nigeria import premium (calibrated),Synthetic (World Bank/FAO × FX),historical,False,,380619.49,920.0,900.9875,289.7125,22.4,28.8,0,1,0,0,1,0,1,1,0,0,1,0,0,0,0,1,0,0,1,0,-0.8660254037844384,-0.5000000000000004,-0.8854560256532096,-0.4647231720437691,0,419.37,385822.42,389394.67,389394.67,386534.76,416288.92,452530.59,307768.76,387608.545,2062.439499116559,387786.63,1740.0233745806968,388973.4566666667,3693.3822990893914,419290.69961538457,31338.61571886904,389394.67,385822.42,397258.96,385822.42,0.0,-0.9173854382752644,-7.318594979659798,25.361138018036655,-7.556,0.9173854382752644,-0.143,12.863135082639802,4.965,1,3,0.0,315214.4,712,2023,3
Wheat,2023-09-04,394820.23,NGN,NGN/MT,Historical (World Bank Pink Sheet × FX),wholesale,National,,,0.65,False,Synthetic: World Bank wheat USD × NGN/USD FX + Nigeria import premium (calibrated),Synthetic (World Bank/FAO × FX),historical,False,,399999.45,920.0,900.9875,289.7125,22.4,28.8,0,1,0,0,1,1,0,0,0,0,0,0,0,0,0,1,0,0,0,0,-1.0,-1.8369701987210287e-16,-0.9350162426854148,-0.3546048870425359,0,429.15,385822.42,385822.42,389394.67,386534.76,397258.96,452530.59,310574.72,388964.935,4251.272466675791,388822.31375000003,2940.2865077016263,388770.2291666667,3234.633276995602,417071.0703846154,30931.239126692406,394820.23,385822.42,395059.96,385822.42,2.3321117523445123,1.393331860448943,-0.6138892373881322,27.125681703906878,-6.739,2.3321117523445123,-0.003,12.886188359158506,4.965,1,3,0.5,322565.55,713,2023,3
Wheat,2023-09-11,396621.01,NGN,NGN/MT,Historical (World Bank Pink Sheet × FX),wholesale,National,,,0.65,False,Synthetic: World Bank wheat USD × NGN/USD FX + Nigeria import premium (calibrated),Synthetic (World Bank/FAO × FX),historical,False,,394820.23,920.0,900.9875,289.7125,22.4,28.8,0,1,0,0,1,1,0,0,0,0,0,0,0,0,0,1,0,0,0,0,-1.0,-1.8369701987210287e-16,-0.970941817426052,-0.2393156642875577,0,431.11,394820.23,385822.42,389394.67,386534.76,395059.96,463776.87,310607.25,390771.52,5761.821689484591,390083.095,3843.1237181198658,388900.3166666667,3528.6148383092,414488.15269230766,29652.557421511916,396621.01,385822.42,396621.01,385822.42,0.4561012489152416,1.8557881133812293,0.39514255000683285,27.692128886238176,-5.722,-1.8760105034292707,-0.0,12.890738990250085,4.965,1,3,0.5,324036.77,714,2023,3
Wheat,2023-09-18,399185.42,NGN,NGN/MT,Historical (World Bank Pink Sheet × FX),wholesale,National,,,0.65,False,Synthetic: World Bank wheat USD × NGN/USD FX + Nigeria import premium (calibrated),Synthetic (World Bank/FAO × FX),historical,False,,408349.45,920.0,900.9875,289.7125,22.4,28.8,0,1,0,0,1,1,0,0,0,0,0,0,0,0,0,1,0,0,0,0,-1.0,-1.8369701987210287e-16,-0.992708874098054,-0.1205366802553235,0,433.9,396621.01,394820.23,385822.42,389394.67,386534.76,463776.87,310607.25,394112.27,5809.573928560825,391306.93875,4982.587431949171,389954.53833333333,4510.727030827226,412003.86615384615,28018.69828895088,399185.42,385822.42,399185.42,385822.42,0.6465643360648032,3.4635104927287497,3.27283890328518,28.51774065157848,-4.343,0.19046308714956162,0.018,12.897183804804747,4.965,1,3,0.5,326131.88,715,2023,3
Wheat,2023-09-25,399999.45,NGN,NGN/MT,Historical (World Bank Pink Sheet × FX),wholesale,National,,,0.65,False,Synthetic: World Bank wheat USD × NGN/USD FX + Nigeria import premium (calibrated),Synthetic (World Bank/FAO × FX),historical,False,,396621.01,920.0,900.9875,289.7125,22.4,28.8,0,1,0,0,1,1,0,0,0,0,0,0,0,0,0,1,0,0,0,0,-1.0,-1.8369701987210287e-16,-1.0,-1.8369701987210287e-16,0,434.78,399185.42,396621.01,385822.42,389394.67,386534.76,463776.87,310607.25,397656.52749999997,2376.529550900626,392632.53625,5752.372837388012,391076.59583333327,5204.1107174591925,409550.8884615385,26025.682574402872,399999.45,394820.23,399999.45,385822.42,0.20392277854237584,3.6744961581030022,3.4834357458563447,28.779817599235045,-2.904,-0.4426415575224274,-0.001,12.899220951089486,4.965,1,3,0.5,326796.94,716,2023,3
Wheat,2023-10-02,402898.42,NGN,NGN/MT,Historical (World Bank Pink Sheet × FX),wholesale,National,,,0.65,False,Synthetic: World Bank wheat USD × NGN/USD FX + Nigeria import premium (calibrated),Synthetic (World Bank/FAO × FX),historical,False,,405407.7,920.0,900.9875,289.7125,22.4,28.8,0,1,0,0,0,1,0,0,0,1,0,1,0,1,1,1,1,0,0,0,-0.8660254037844386,0.5000000000000001,-0.992708874098054,0.1205366802553232,0,437.93,399999.45,399185.42,394820.23,389394.67,386534.76,457658.82,319936.23,399676.07499999995,2586.0035558711234,394320.505,6587.208775130155,392440.2341666667,5990.322436277796,407444.71923076926,24122.97778199641,402898.42,396621.01,402898.42,385822.42,0.7247434965222954,2.0460425748700883,4.2334252164022645,25.930851907581708,-1.907,0.5208207179799196,0.028,12.906442231615236,4.965,1,3,0.5,329165.38,717,2023,4
Wheat,2023-10-09,402898.42,NGN,NGN/MT,Historical (World Bank Pink Sheet × FX),wholesale,National,,,0.65,False,Synthetic: World Bank wheat USD × NGN/USD FX + Nigeria import premium (calibrated),Synthetic (World Bank/FAO × FX),historical,False,,399185.42,920.0,900.9875,289.7125,22.4,28.8,0,1,0,0,0,1,0,0,0,1,0,1,0,1,1,1,1,0,0,0,-0.8660254037844386,0.5000000000000001,-0.970941817426052,0.2393156642875573,0,437.93,402898.42,399999.45,396621.01,389394.67,386534.76,457351.0,323431.79,401245.4275,1937.4260623060118,396008.47375,6868.791777954454,393803.87250000006,6374.013317854363,405350.38923076924,21875.96099043362,402898.42,399185.42,402898.42,385822.42,0.0,1.5827225088252295,4.2334252164022645,24.569826608571788,-1.013,-0.7247434965222954,-0.006,12.906442231615236,4.965,1,3,0.5,329165.38,718,2023,4
Wheat,2023-10-16,402898.42,NGN,NGN/MT,Historical (World Bank Pink Sheet × FX),wholesale,National,,,0.65,False,Synthetic: World Bank wheat USD × NGN/USD FX + Nigeria import premium (calibrated),Synthetic (World Bank/FAO × FX),historical,False,,402898.42,920.0,900.9875,289.7125,22.4,28.8,0,1,0,0,0,1,0,0,0,1,0,1,0,1,1,1,1,0,0,0,-0.8660254037844386,0.5000000000000001,-0.9350162426854148,0.3546048870425355,0,437.93,402898.42,402898.42,399185.42,385822.42,389394.67,457351.0,334954.32,402173.6775,1449.4850000036647,398142.97375,5825.179945133271,394929.18500000006,6708.083945440907,403256.0592307693,19133.059025925326,402898.42,399999.45,402898.42,385822.42,0.0,0.930144192140081,3.467882598393035,20.284586865456756,-0.268,0.0,-0.037,12.906442231615236,4.965,1,3,0.5,329165.38,719,2023,4
Wheat,2023-10-23,402898.42,NGN,NGN/MT,Historical (World Bank Pink Sheet × FX),wholesale,National,,,0.65,False,Synthetic: World Bank wheat USD × NGN/USD FX + Nigeria import premium (calibrated),Synthetic (World Bank/FAO × FX),historical,False,,407314.65,920.0,900.9875,289.7125,22.4,28.8,0,1,0,0,0,1,0,0,0,1,0,1,0,1,1,1,1,0,0,0,-0.8660254037844386,0.5000000000000001,-0.8854560256532101,0.464723172043768,0,437.93,402898.42,402898.42,399999.45,385822.42,389394.67,457351.0,334954.32,402898.42,0.003228859758661543,400277.47374999995,3204.8746817999595,396054.4975,6826.846762718377,401161.72923076927,15635.437070142936,402898.42,402898.42,402898.42,385822.42,0.0,0.7247434965222954,3.467882598393035,20.284586865456756,0.433,0.0,-0.069,12.906442231615236,4.965,1,3,0.5,329165.38,720,2023,4
Wheat,2023-10-30,399241.81,NGN,NGN/MT,Historical (World Bank Pink Sheet × FX),wholesale,National,,,0.65,False,Synthetic: World Bank wheat USD × NGN/USD FX + Nigeria import premium (calibrated),Synthetic (World Bank/FAO × FX),historical,False,,382881.8,920.0,900.9875,289.7125,22.4,28.8,0,1,0,0,0,1,0,0,0,1,0,1,0,1,1,1,1,0,0,0,-0.8660254037844386,0.5000000000000001,-0.822983865893657,0.5680647467311548,0,433.96,402898.42,402898.42,402898.42,394820.23,389394.67,432745.05,334954.32,401984.26749999996,1828.3050000029364,400830.17124999996,2412.6406969010127,396875.09249999997,6539.3170948197385,399873.1430769231,14247.358263520418,402898.42,399241.81,402898.42,385822.42,-0.9075761577818975,-0.9075761577818975,2.5288327649682474,19.192912633579407,0.528,-0.9075761577818975,-0.191,12.897325057148661,4.965,1,3,0.5,326177.95,721,2023,4
Wheat,2023-11-06,399241.81,NGN,NGN/MT,Historical (World Bank Pink Sheet × FX),wholesale,National,,,0.65,False,Synthetic: World Bank wheat USD × NGN/USD FX + Nigeria import premium (calibrated),Synthetic (World Bank/FAO × FX),historical,False,,399241.81,920.0,900.9875,289.7125,22.4,28.8,1,0,0,0,0,1,0,0,0,1,0,1,1,1,1,0,1,0,0,0,-0.5000000000000004,0.8660254037844384,-0.7485107481711011,0.6631226582407952,1,433.96,399241.81,402898.42,402898.42,396621.01,389394.67,432745.05,332959.52,401070.115,2111.1447678240925,401157.77125,1878.1877617382663,397695.6875,6119.6662552389525,398584.55692307686,12571.944865849851,402898.42,399241.81,402898.42,385822.42,0.0,-0.9075761577818975,2.5288327649682474,19.90701151899785,0.624,0.9075761577818975,-0.23,12.897325057148661,4.965,1,3,0.5,326177.95,722,2023,4
Wheat,2023-11-13,418202.76,NGN,NGN/MT,Historical (World Bank Pink Sheet × FX),wholesale,National,,,0.65,False,Synthetic: World Bank wheat USD × NGN/USD FX + Nigeria import premium (calibrated),Synthetic (World Bank/FAO × FX),historical,False,,425347.5,920.0,900.9875,289.7125,22.4,28.8,1,0,0,0,0,1,0,0,0,1,0,1,1,1,1,0,1,0,0,0,-0.5000000000000004,0.8660254037844384,-0.6631226582407955,0.7485107481711007,1,454.57,399241.81,399241.81,402898.42,399185.42,385822.42,426174.89,328956.59,404896.2,9036.959601293449,403534.93875000003,6165.88765858719,400394.04916666663,7410.957115310374,398277.93653846154,11954.159004889052,418202.76,399241.81,418202.76,385822.42,4.749239564864216,3.7985604411156615,8.392550127076603,27.130075126325927,1.662,4.749239564864216,0.217,12.94372405684969,4.965,1,3,0.5,341668.92,723,2023,4
Wheat,2023-11-20,418202.76,NGN,NGN/MT,Historical (World Bank Pink Sheet × FX),wholesale,National,,,0.65,False,Synthetic: World Bank wheat USD × NGN/USD FX + Nigeria import premium (calibrated),Synthetic (World Bank/FAO × FX),historical,False,,418202.76,920.0,900.9875,289.7125,22.4,28.8,1,0,0,0,0,1,0,0,0,1,0,1,1,1,1,0,1,0,0,0,-0.5000000000000004,0.8660254037844384,-0.5680647467311559,0.8229838658936564,1,454.57,418202.76,399241.81,402898.42,399999.45,385822.42,426174.89,328669.89,408722.28500000003,10947.109586591425,405810.3525,7813.472174751461,403092.4108333333,7517.186827406345,397971.31615384616,11294.002121171541,418202.76,399241.81,418202.76,394820.23,0.0,3.7985604411156615,8.392550127076603,27.240971176276595,2.701,-4.749239564864216,0.18,12.94372405684969,4.965,1,3,0.5,341668.92,724,2023,4
Wheat,2023-11-27,418202.76,NGN,NGN/MT,Historical (World Bank Pink Sheet × FX),wholesale,National,,,0.65,False,Synthetic: World Bank wheat USD × NGN/USD FX + Nigeria import premium (calibrated),Synthetic (World Bank/FAO × FX),historical,False,,413773.5,920.0,900.9875,289.7125,22.4,28.8,1,0,0,0,0,1,0,0,0,1,0,1,1,1,1,0,1,0,0,0,-0.5000000000000004,0.8660254037844384,-0.4647231720437684,0.88545602565321,1,454.57,418202.76,418202.76,399241.81,402898.42,394820.23,426174.89,328669.89,413462.5225,9480.475000000353,407723.395,8808.818567503611,405040.955,8179.357940712376,397664.6957692308,10583.548408097364,418202.76,399241.81,418202.76,396621.01,0.0,4.749239564864216,5.922323179843159,27.240971176276595,3.973,0.0,0.139,12.94372405684969,4.965,1,3,0.5,341668.92,725,2023,4
Wheat,2023-12-04,428789.1,NGN,NGN/MT,Historical (World Bank Pink Sheet × FX),wholesale,National,,,0.65,False,Synthetic: World Bank wheat USD × NGN/USD FX + Nigeria import premium (calibrated),Synthetic (World Bank/FAO × FX),historical,False,,428789.1,920.0,900.9875,289.7125,22.4,28.8,1,0,0,0,0,0,0,0,0,1,0,1,1,1,1,0,0,0,0,1,-2.4492935982947064e-16,1.0,-0.3546048870425359,0.9350162426854148,1,466.08,418202.76,418202.76,399241.81,402898.42,396621.01,416288.92,328669.89,420849.345,5293.169999999993,410959.73,11211.343881629138,407721.62916666665,10192.544551730894,398145.4719230769,11689.55849418286,428789.1,418202.76,428789.1,399185.42,2.531389319381816,7.400850627342859,8.110536050523386,30.46193553051055,5.702,2.531389319381816,0.42,12.968722800785637,4.965,1,3,0.0,350317.89,726,2023,4
Wheat,2023-12-11,428789.1,NGN,NGN/MT,Historical (World Bank Pink Sheet × FX),wholesale,National,,,0.65,False,Synthetic: World Bank wheat USD × NGN/USD FX + Nigeria import premium (calibrated),Synthetic (World Bank/FAO × FX),historical,False,,433020.81,920.0,900.9875,289.7125,22.4,28.8,1,0,0,0,0,0,0,0,0,1,0,1,1,1,1,0,0,0,0,1,-2.4492935982947064e-16,1.0,-0.2393156642875578,0.970941817426052,1,466.08,428789.1,418202.76,418202.76,402898.42,399185.42,397258.96,330938.81,423495.93,6112.026248732899,414196.065,12241.442627683275,410188.6025,11444.361772096747,399358.1696153846,13139.48850607806,428789.1,418202.76,428789.1,399241.81,0.0,2.531389319381816,7.416022358732444,29.567487113403224,6.044,-2.531389319381816,0.389,12.968722800785637,4.965,1,3,0.0,350317.89,727,2023,4
Wheat,2023-12-18,421612.65,NGN,NGN/MT,Historical (World Bank Pink Sheet × FX),wholesale,National,,,0.65,False,Synthetic: World Bank wheat USD × NGN/USD FX + Nigeria import premium (calibrated),Synthetic (World Bank/FAO × FX),historical,False,,421612.65,920.0,900.9875,289.7125,22.4,28.8,1,0,0,0,0,0,0,0,0,1,0,1,1,1,1,0,0,0,0,1,-2.4492935982947064e-16,1.0,-0.1205366802553236,0.992708874098054,1,458.27,428789.1,428789.1,418202.76,402898.42,399999.45,395059.96,334356.36,424348.40249999997,5313.280595265507,416535.34375,11542.230368784483,411989.7025000001,11395.653390541302,400379.4269230769,13806.989704673466,428789.1,418202.76,428789.1,399241.81,-1.6736549506505494,0.8153676460671777,5.40330742954771,26.096793851924936,5.987,-1.6736549506505494,0.098,12.95184465234552,4.965,1,3,0.0,344454.78,728,2023,4
Wheat,2023-12-25,421612.65,NGN,NGN/MT,Historical (World Bank Pink Sheet × FX),wholesale,National,,,0.65,False,Synthetic: World Bank wheat USD × NGN/USD FX + Nigeria import premium (calibrated),Synthetic (World Bank/FAO × FX),historical,False,,418545.78,920.0,900.9875,289.7125,22.4,28.8,1,0,0,0,0,0,0,0,0,1,0,1,1,1,1,0,0,0,0,1,-2.4492935982947064e-16,1.0,6.432490598706546e-16,1.0,1,458.27,421612.65,428789.1,418202.76,399241.81,402898.42,386534.76,360341.23,425200.875,4143.325339325876,419331.69875000004,9232.84116702328,413549.2216666666,11318.667520715258,401728.57653846155,14110.526221010168,428789.1,421612.65,428789.1,399241.81,0.0,0.8153676460671777,4.644900320036016,17.003721722324162,5.843,1.6736549506505494,0.057,12.95184465234552,4.965,1,3,0.0,344454.78,729,2023,4
Wheat,2024-01-01,676022.93,NGN,NGN/MT,Historical (World Bank Pink Sheet × FX),wholesale,National,,,0.65,False,Synthetic: World Bank wheat USD × NGN/USD FX + Nigeria import premium (calibrated),Synthetic (World Bank/FAO × FX),historical,False,,700556.98,1500.0,900.9875,289.7125,29.9,37.9,1,0,0,0,0,0,0,0,0,1,0,0,1,0,0,0,0,0,0,1,0.4999999999999999,0.8660254037844387,0.120536680255323,0.992708874098054,1,450.68,421612.65,421612.65,428789.1,399241.81,402898.42,386534.76,449136.69,487009.3325,126054.46927982853,453929.33875,89847.11499796709,436309.5975,76260.2160501096,412862.7369230769,55411.553423991056,676022.93,421612.65,676022.93,399241.81,60.34218375563447,57.65860885922709,67.78991836205266,50.51607785594181,17.959,60.34218375563447,5.739,13.42398375380684,4.965,1,3,0.0,520417.96,730,2024,1
Wheat,2024-01-08,676022.93,NGN,NGN/MT,Historical (World Bank Pink Sheet × FX),wholesale,National,,,0.65,False,Synthetic: World Bank wheat USD × NGN/USD FX + Nigeria import premium (calibrated),Synthetic (World Bank/FAO × FX),historical,False,,676022.93,1500.0,900.9875,289.7125,29.9,37.9,1,0,0,0,0,0,0,0,0,1,0,0,1,0,0,0,0,0,0,1,0.4999999999999999,0.8660254037844387,0.2393156642875577,0.970941817426052,1,450.68,676022.93,421612.65,428789.1,418202.76,402898.42,386534.76,449136.69,548817.79,146883.8436426081,486156.86,117259.05286525351,459069.9733333333,101847.29414512831,423996.8973076923,75391.75643495453,676022.93,421612.65,676022.93,399241.81,0.0,57.65860885922709,67.78991836205266,50.51607785594181,29.439,-60.34218375563447,4.418,13.42398375380684,4.965,1,3,0.0,520417.96,731,2024,1
Wheat,2024-01-15,700556.98,NGN,NGN/MT,Historical (World Bank Pink Sheet × FX),wholesale,National,,,0.65,False,Synthetic: World Bank wheat USD × NGN/USD FX + Nigeria import premium (calibrated),Synthetic (World Bank/FAO × FX),historical,False,,704995.01,1500.0,900.9875,289.7125,29.9,37.9,1,0,0,0,0,0,0,0,0,1,0,0,1,0,0,0,0,0,0,1,0.4999999999999999,0.8660254037844387,0.3546048870425356,0.9350162426854148,1,467.04,676022.93,676022.93,421612.65,418202.76,402898.42,386534.76,446331.88,618553.8725,131802.5542232619,521451.1375,135030.13521180206,483874.85333333333,121310.61959610555,436074.67500000005,92387.72656629194,700556.98,421612.65,700556.98,399241.81,3.6291742352585477,66.16128097674488,73.87930684860964,56.95875902926764,41.846,3.6291742352585477,3.957,13.459632410784389,4.965,1,3,0.0,539304.83,732,2024,1
Wheat,2024-01-22,704995.01,NGN,NGN/MT,Historical (World Bank Pink Sheet × FX),wholesale,National,,,0.65,False,Synthetic: World Bank wheat USD × NGN/USD FX + Nigeria import premium (calibrated),Synthetic (World Bank/FAO × FX),historical,False,,660891.3,1500.0,900.9875,289.7125,29.9,37.9,1,0,0,0,0,0,0,0,0,1,0,0,1,0,0,0,0,0,0,1,0.4999999999999999,0.8660254037844387,0.4647231720437685,0.8854560256532099,1,470.0,700556.98,676022.93,421612.65,418202.76,399241.81,389394.67,429999.03,689399.4625,15551.790272448114,557300.16875,141612.58179102038,509354.2866666667,133423.41489997416,448213.14961538464,105772.4950062564,704995.01,676022.93,704995.01,399241.81,0.633500218640326,67.2139130550281,76.58346203770591,63.95269775376005,53.811,-2.9956740166182216,3.445,13.465947422203921,4.965,1,3,0.0,542721.33,733,2024,1
Wheat,2024-01-29,717968.13,NGN,NGN/MT,Historical (World Bank Pink Sheet × FX),wholesale,National,,,0.65,False,Synthetic: World Bank wheat USD × NGN/USD FX + Nigeria import premium (calibrated),Synthetic (World Bank/FAO × FX),historical,False,,717968.13,1500.0,900.9875,289.7125,29.9,37.9,1,0,0,0,0,0,0,0,0,1,0,0,1,0,0,0,0,0,0,1,0.4999999999999999,0.8660254037844387,0.5680647467311558,0.8229838658936564,1,478.65,704995.01,700556.98,676022.93,428789.1,399241.81,389394.67,429999.03,699885.7625,17540.06587099588,593447.5475000001,141029.3273996714,535914.8133333334,141018.80057450288,460850.59038461547,117448.08653275893,717968.13,676022.93,717968.13,418202.76,1.8401718900109554,6.204700778418859,79.83290126853197,66.96970921073937,51.868,1.2066716713706294,3.167,13.484181852677105,4.965,1,3,0.0,552708.34,734,2024,1
Wheat,2024-02-05,721866.31,NGN,NGN/MT,Historical (World Bank Pink Sheet × FX),wholesale,National,,,0.65,False,Synthetic: World Bank wheat USD × NGN/USD FX + Nigeria import premium (calibrated),Synthetic (World Bank/FAO × FX),historical,False,,726520.55,1500.0,900.9875,289.7125,29.9,37.9,1,0,0,0,0,0,0,0,1,1,0,0,1,0,0,0,0,0,0,0,0.8660254037844386,0.5000000000000001,0.6631226582407952,0.7485107481711011,1,481.24,717968.13,704995.01,676022.93,428789.1,418202.76,389394.67,432880.5,711346.6074999999,10186.06160883931,630082.19875,129761.919991341,561220.1091666667,145160.36865739495,473637.9611538462,127062.68452264825,721866.31,700556.98,721866.31,418202.76,0.5429461054211382,6.78133506506946,72.61156047846266,66.7587960187627,50.188,-1.2972257845898172,2.876,13.4895966198217,4.965,1,3,0.0,555709.25,735,2024,1
Wheat,2024-02-12,726520.55,NGN,NGN/MT,Historical (World Bank Pink Sheet × FX),wholesale,National,,,0.65,False,Synthetic: World Bank wheat USD × NGN/USD FX + Nigeria import premium (calibrated),Synthetic (World Bank/FAO × FX),historical,False,,721866.31,1500.0,900.9875,289.7125,29.9,37.9,1,0,0,0,0,0,0,0,1,1,0,0,1,0,0,0,0,0,0,0,0.8660254037844386,0.5000000000000001,0.7485107481711011,0.6631226582407953,1,484.35,721866.31,717968.13,700556.98,421612.65,418202.76,389394.67,446115.85,717837.5,9247.94176948806,668195.68625,101479.61833319961,586913.2583333334,144830.77194501727,486604.3411538462,135071.02047763427,726520.55,704995.01,726520.55,418202.76,0.6447509650367333,3.706132511876481,73.7244751804125,62.85468225349986,47.52,0.10180485961559516,2.658,13.496023424319233,4.965,1,3,0.0,559292.19,736,2024,1
Wheat,2024-02-19,737482.93,NGN,NGN/MT,Historical (World Bank Pink Sheet × FX),wholesale,National,,,0.65,False,Synthetic: World Bank wheat USD × NGN/USD FX + Nigeria import premium (calibrated),Synthetic (World Bank/FAO × FX),historical,False,,737482.93,1500.0,900.9875,289.7125,29.9,37.9,1,0,0,0,0,0,0,0,1,1,0,0,1,0,0,0,0,0,0,0,0.8660254037844386,0.5000000000000001,0.8229838658936564,0.5680647467311559,1,491.66,726520.55,721866.31,704995.01,421612.65,418202.76,385822.42,452530.59,725959.4800000001,8440.387331529138,707679.4712500001,22717.409045414126,613519.9391666667,140275.21187178278,500129.74538461544,142004.3991546693,737482.93,717968.13,737482.93,421612.65,1.5088878077846424,4.608248220083144,76.34578260554761,62.96863599872884,45.154,0.864136842747909,2.532,13.510999577128201,4.965,1,3,0.0,567731.28,737,2024,1
Wheat,2024-02-26,751833.44,NGN,NGN/MT,Historical (World Bank Pink Sheet × FX),wholesale,National,,,0.65,False,Synthetic: World Bank wheat USD × NGN/USD FX + Nigeria import premium (calibrated),Synthetic (World Bank/FAO × FX),historical,False,,752156.58,1500.0,900.9875,289.7125,29.9,37.9,1,0,0,0,0,0,0,0,1,1,0,0,1,0,0,0,0,0,0,0,0.8660254037844386,0.5000000000000001,0.8854560256532099,0.4647231720437686,1,501.22,737482.93,726520.55,717968.13,676022.93,428789.1,385822.42,452530.59,734425.8075,13324.235323009094,717155.785,23426.471261350704,640440.3008333334,132375.8961953664,514207.09230769234,148225.1470732557,751833.44,721866.31,751833.44,421612.65,1.9458769032118406,4.716826358295312,75.3387481164983,66.13980504610745,42.827,0.4369890954271982,2.449,13.530271419118831,4.965,1,3,0.0,578778.63,738,2024,1
Wheat,2024-03-04,751833.44,NGN,NGN/MT,Historical (World Bank Pink Sheet × FX),wholesale,National,,,0.65,False,Synthetic: World Bank wheat USD × NGN/USD FX + Nigeria import premium (calibrated),Synthetic (World Bank/FAO × FX),historical,False,,751833.44,1500.0,900.9875,289.7125,29.9,37.9,1,0,0,1,0,0,0,0,1,1,0,0,0,0,0,0,0,0,0,0,1.0,6.123233995736766e-17,0.9350162426854148,0.3546048870425355,0,501.22,751833.44,737482.93,721866.31,676022.93,428789.1,394820.23,452530.59,741917.59,12293.40219415929,726632.09875,19397.425115768063,667360.6625,117424.2065027607,527938.3696153846,153176.78237371315,751833.44,726520.55,751833.44,421612.65,0.0,4.151340710165563,75.3387481164983,66.13980504610745,40.531,-1.9458769032118406,2.273,13.530271419118831,4.965,1,3,0.0,578778.63,739,2024,1
Wheat,2024-03-11,701621.47,NGN,NGN/MT,Historical (World Bank Pink Sheet × FX),wholesale,National,,,0.65,False,Synthetic: World Bank wheat USD × NGN/USD FX + Nigeria import premium (calibrated),Synthetic (World Bank/FAO × FX),historical,False,,689335.29,1500.0,900.9875,289.7125,29.9,37.9,1,0,0,1,0,0,0,0,1,1,0,0,0,0,0,0,0,1,0,0,1.0,6.123233995736766e-17,0.970941817426052,0.239315664287558,0,467.75,751833.44,751833.44,726520.55,700556.98,421612.65,396621.01,463776.87,735692.82,23700.21527752644,726765.16,19195.605144803783,690694.7308333333,88379.78961888823,539669.1565384616,154391.94816754566,751833.44,701621.47,751833.44,421612.65,-6.678602909708298,-3.4271680271122484,66.41376154154766,51.28427383625234,36.323,-6.678602909708298,1.769,13.461150746323158,4.965,1,3,0.0,540124.3,740,2024,1
Wheat,2024-03-18,701621.47,NGN,NGN/MT,Historical (World Bank Pink Sheet × FX),wholesale,National,,,0.65,False,Synthetic: World Bank wheat USD × NGN/USD FX + Nigeria import premium (calibrated),Synthetic (World Bank/FAO × FX),historical,False,,701621.47,1500.0,900.9875,289.7125,29.9,37.9,1,0,0,1,0,0,0,0,1,1,0,0,0,0,0,0,0,1,0,0,1.0,6.123233995736766e-17,0.992708874098054,0.120536680255323,0,467.75,701621.47,751833.44,737482.93,704995.01,421612.65,399185.42,463776.87,726727.455,28989.894396040887,726343.4675,19770.620040149297,714028.7991666667,25408.19804578434,551301.3123076924,154776.836746867,751833.44,701621.47,751833.44,676022.93,0.0,-4.8626833979737105,66.41376154154766,51.28427383625234,31.82,6.678602909708298,1.683,13.461150746323158,4.965,1,3,0.0,540124.3,741,2024,1
Wheat,2024-03-25,715953.41,NGN,NGN/MT,Historical (World Bank Pink Sheet × FX),wholesale,National,,,0.65,False,Synthetic: World Bank wheat USD × NGN/USD FX + Nigeria import premium (calibrated),Synthetic (World Bank/FAO × FX),historical,False,,715953.41,1500.0,900.9875,289.7125,29.9,37.9,1,0,0,1,0,0,0,0,1,1,0,0,0,0,0,0,0,1,0,0,1.0,6.123233995736766e-17,1.0,-1.6081226496766364e-16,0,477.3,701621.47,701621.47,751833.44,717968.13,676022.93,399999.45,463776.87,717757.4475,23700.6846309159,726091.6275,19904.922388097395,717356.3391666667,22416.977278998602,563453.3876923077,154825.74633837503,751833.44,701621.47,751833.44,676022.93,2.042688345896826,-4.7723376071167944,5.906675384516902,54.37454006708011,27.385,2.042688345896826,1.705,13.481371770731203,4.965,1,3,0.0,551157.36,742,2024,1
Wheat,2024-04-01,716924.72,NGN,NGN/MT,Historical (World Bank Pink Sheet × FX),wholesale,National,,,0.65,False,Synthetic: World Bank wheat USD × NGN/USD FX + Nigeria import premium (calibrated),Synthetic (World Bank/FAO × FX),historical,False,,716924.72,1460.0,900.9875,289.7125,33.7,40.5,0,1,1,1,0,0,0,0,1,0,0,0,0,0,0,0,0,1,0,0,0.8660254037844387,-0.4999999999999998,0.992708874098054,-0.1205366802553228,0,491.04,715953.41,701621.47,751833.44,721866.31,676022.93,402898.42,457658.82,709030.2675,8564.127570706789,725473.92875,20130.17641717102,720764.8216666667,18290.713291749376,575531.3223076923,154046.49379996676,716924.72,701621.47,751833.44,700556.98,0.1356666490351488,-4.643145428593865,6.0503554221156275,56.6504760030627,23.196,-1.907021696861677,1.63,13.48272751588872,4.965,1,3,0.5,536218.94,743,2024,2
Wheat,2024-04-08,716924.72,NGN,NGN/MT,Historical (World Bank Pink Sheet × FX),wholesale,National,,,0.65,False,Synthetic: World Bank wheat USD × NGN/USD FX + Nigeria import premium (calibrated),Synthetic (World Bank/FAO × FX),historical,False,,727488.97,1460.0,900.9875,289.7125,33.7,40.5,0,1,1,1,0,0,0,0,1,0,0,0,0,0,0,0,0,1,0,0,0.8660254037844387,-0.4999999999999998,0.970941817426052,-0.2393156642875575,0,491.04,716924.72,715953.41,701621.47,726520.55,700556.98,402898.42,457351.0,712856.0800000001,7503.723028828993,724274.45,20343.660220399655,722128.7999999999,17226.080631600336,587609.2569230769,152270.1863313323,716924.72,701621.47,751833.44,701621.47,0.0,2.1811262417611,2.3363895396488754,56.755909574921674,21.315,-0.1356666490351488,1.556,13.48272751588872,4.965,1,3,0.5,536218.94,744,2024,2
Wheat,2024-04-15,716924.72,NGN,NGN/MT,Historical (World Bank Pink Sheet × FX),wholesale,National,,,0.65,False,Synthetic: World Bank wheat USD × NGN/USD FX + Nigeria import premium (calibrated),Synthetic (World Bank/FAO × FX),historical,False,,700767.1,1460.0,900.9875,289.7125,33.7,40.5,0,1,1,1,0,0,0,0,1,0,0,0,0,0,0,0,0,0,0,0,0.8660254037844387,-0.4999999999999998,0.9350162426854148,-0.3546048870425354,0,491.04,716924.72,716924.72,701621.47,737482.93,704995.01,402898.42,457351.0,716681.8925,485.6549999743972,721704.67375,19725.89366254945,723122.9425,16475.249343813135,599687.1915384616,149461.27896275083,716924.72,715953.41,751833.44,701621.47,0.0,2.1811262417611,1.6921694240076945,56.755909574921674,19.509,0.0,1.488,13.48272751588872,4.965,1,3,0.5,536218.94,745,2024,2
Wheat,2024-04-22,700767.1,NGN,NGN/MT,Historical (World Bank Pink Sheet × FX),wholesale,National,,,0.65,False,Synthetic: World Bank wheat USD × NGN/USD FX + Nigeria import premium (calibrated),Synthetic (World Bank/FAO × FX),historical,False,,720377.79,1460.0,900.9875,289.7125,33.7,40.5,0,1,1,1,0,0,0,0,1,0,0,0,0,0,0,0,0,0,0,0,0.8660254037844387,-0.4999999999999998,0.8854560256532099,-0.4647231720437685,0,479.98,716924.72,716924.72,715953.41,751833.44,717968.13,402898.42,457351.0,712885.3150000001,8078.809999999988,715321.38125,16597.95262403728,721689.5233333333,17669.51037608218,611143.6792307693,145126.9301203829,716924.72,700767.1,751833.44,700767.1,-2.253740113745828,-2.1211310384009585,-2.395792972036237,53.2230387601645,16.648,-2.253740113745828,1.322,13.459932298161887,4.965,1,3,0.5,524133.96,746,2024,2
Wheat,2024-04-29,700130.13,NGN,NGN/MT,Historical (World Bank Pink Sheet × FX),wholesale,National,,,0.65,False,Synthetic: World Bank wheat USD × NGN/USD FX + Nigeria import premium (calibrated),Synthetic (World Bank/FAO × FX),historical,False,,700130.13,1460.0,900.9875,289.7125,33.7,40.5,0,1,1,1,0,0,0,0,1,0,0,0,0,0,0,0,0,0,0,0,0.8660254037844387,-0.4999999999999998,0.8229838658936565,-0.5680647467311557,0,479.54,700767.1,716924.72,716924.72,751833.44,721866.31,399241.81,432745.05,708686.6675,9516.037364391279,708858.4674999999,8383.094096591098,719878.1749999999,18731.917244481407,622716.3069230769,139438.84163128276,716924.72,700130.13,751833.44,700130.13,-0.0908961051396373,-2.3425876569021065,-3.0111088021270938,61.788131372039956,13.806,2.1628440086061906,1.265,13.459022925053164,4.965,1,3,0.5,523657.54,747,2024,2
Wheat,2024-05-06,670665.35,NGN,NGN/MT,Historical (World Bank Pink Sheet × FX),wholesale,National,,,0.65,False,Synthetic: World Bank wheat USD × NGN/USD FX + Nigeria import premium (calibrated),Synthetic (World Bank/FAO × FX),historical,False,,670665.35,1460.0,900.9875,289.7125,33.7,40.5,0,1,1,1,0,0,0,0,1,0,1,0,0,0,0,0,0,0,0,0,0.4999999999999999,-0.8660254037844387,0.7485107481711013,-0.663122658240795,0,459.36,700130.13,700767.1,716924.72,701621.47,726520.55,399241.81,432745.05,697121.8250000001,19273.796102526514,704988.9525,15939.567960169623,715223.5750000001,23311.193848596326,633155.6738461539,132000.68695551527,716924.72,670665.35,751833.44,670665.35,-4.208471930782354,-6.452472443689761,-7.6880413086732435,54.979323275910374,10.103,-4.117575825642716,1.029,13.416027049366548,4.965,1,3,0.5,501619.56,748,2024,2
Wheat,2024-05-13,664276.44,NGN,NGN/MT,Historical (World Bank Pink Sheet × FX),wholesale,National,,,0.65,False,Synthetic: World Bank wheat USD × NGN/USD FX + Nigeria import premium (calibrated),Synthetic (World Bank/FAO × FX),historical,False,,654368.12,1460.0,900.9875,289.7125,33.7,40.5,0,1,1,1,0,0,0,0,1,0,1,0,0,0,0,0,0,0,0,0,0.4999999999999999,-0.8660254037844387,0.6631226582407952,-0.7485107481711012,0,454.98,670665.35,700130.13,716924.72,701621.47,737482.93,418202.76,426174.89,683959.755,19219.278232050416,700320.82375,21548.371217068987,709123.0341666667,26338.809670241877,642620.0461538462,124585.60878538172,700767.1,664276.44,751833.44,664276.44,-0.9526226455563891,-7.343627375549278,-9.926533486002187,55.86944599199637,6.433,3.2558492852259646,0.95,13.406455172516672,4.965,1,3,0.5,496841.02,749,2024,2
Wheat,2024-05-20,655494.91,NGN,NGN/MT,Historical (World Bank Pink Sheet × FX),wholesale,National,,,0.65,False,Synthetic: World Bank wheat USD × NGN/USD FX + Nigeria import premium (calibrated),Synthetic (World Bank/FAO × FX),historical,False,,664276.44,1460.0,900.9875,289.7125,33.7,40.5,0,1,1,1,0,0,0,0,1,0,1,0,0,0,0,0,0,0,0,0,0.4999999999999999,-0.8660254037844387,0.5680647467311558,-0.8229838658936564,0,448.97,664276.44,670665.35,700767.1,715953.41,751833.44,418202.76,426174.89,672641.7075,19352.086238602074,692763.51125,25518.64060317382,701094.8233333332,26814.9089267886,651746.6673076922,115875.15974516237,700130.13,655494.91,751833.44,655494.91,-1.321969209084084,-6.460376065029305,-12.813812857273266,53.808899909612215,3.206,-0.3693465635276949,0.86,13.393147342654602,4.965,1,3,0.5,490272.93,750,2024,2
Wheat,2024-05-27,655494.91,NGN,NGN/MT,Historical (World Bank Pink Sheet × FX),wholesale,National,,,0.65,False,Synthetic: World Bank wheat USD × NGN/USD FX + Nigeria import premium (calibrated),Synthetic (World Bank/FAO × FX),historical,False,,655494.91,1460.0,900.9875,289.7125,33.7,40.5,0,1,1,1,0,0,0,0,1,0,1,0,0,0,0,0,0,0,0,0,0.4999999999999999,-0.8660254037844387,0.464723172043769,-0.8854560256532096,0,448.97,655494.91,664276.44,700130.13,716924.72,751833.44,418202.76,426174.89,661482.9025,7389.932390630663,685084.785,26435.60657232829,693066.6124999999,24570.77272033688,660873.2884615385,105637.4807113606,670665.35,655494.91,716924.72,655494.91,0.0,-6.3752748364079075,-12.813812857273266,53.808899909612215,0.092,1.321969209084084,0.829,13.393147342654602,4.965,1,3,0.5,490272.93,751,2024,2
Wheat,2024-06-03,655494.91,NGN,NGN/MT,Historical (World Bank Pink Sheet × FX),wholesale,National,,,0.65,False,Synthetic: World Bank wheat USD × NGN/USD FX + Nigeria import premium (calibrated),Synthetic (World Bank/FAO × FX),historical,False,,624564.67,1460.0,900.9875,289.7125,33.7,40.5,0,1,1,0,0,0,0,1,0,0,1,0,0,0,0,0,0,0,1,0,1.2246467991473532e-16,-1.0,0.3546048870425358,-0.9350162426854148,0,448.97,655494.91,655494.91,670665.35,716924.72,701621.47,428789.1,416288.92,657690.2925,4390.765000000178,677406.0587500001,24732.759106266607,689222.7325,26632.33488086076,669592.7426923077,94481.96415463788,664276.44,655494.91,716924.72,655494.91,0.0,-2.261998476587457,-6.574280003147559,57.46153176500592,-1.778,0.0,0.798,13.393147342654602,4.965,1,3,0.5,490272.93,752,2024,2
Wheat,2024-06-10,655494.91,NGN,NGN/MT,Historical (World Bank Pink Sheet × FX),wholesale,National,,,0.65,False,Synthetic: World Bank wheat USD × NGN/USD FX + Nigeria import premium (calibrated),Synthetic (World Bank/FAO × FX),historical,False,,663738.43,1460.0,900.9875,289.7125,33.7,40.5,0,1,1,0,0,0,0,1,0,0,1,0,0,0,0,0,0,0,1,0,1.2246467991473532e-16,-1.0,0.2393156642875576,-0.970941817426052,0,448.97,655494.91,655494.91,664276.44,716924.72,701621.47,428789.1,397258.96,655494.91,0.0,669727.3325,19743.486336486058,685378.8524999999,27975.031449839043,678312.1969230769,80847.1749368023,655494.91,655494.91,716924.72,655494.91,0.0,-1.321969209084084,-6.574280003147559,65.00443690433062,-3.364,0.0,0.767,13.393147342654602,4.965,1,3,0.5,490272.93,753,2024,2
Wheat,2024-06-17,639460.71,NGN,NGN/MT,Historical (World Bank Pink Sheet × FX),wholesale,National,,,0.65,False,Synthetic: World Bank wheat USD × NGN/USD FX + Nigeria import premium (calibrated),Synthetic (World Bank/FAO × FX),historical,False,,625075.67,1460.0,900.9875,289.7125,33.7,40.5,0,1,1,0,0,0,0,1,0,0,1,0,0,0,0,0,0,0,1,0,1.2246467991473532e-16,-1.0,0.120536680255323,-0.992708874098054,0,437.99,655494.91,655494.91,655494.91,700767.1,715953.41,421612.65,395059.96,651486.36,8017.100000000025,662064.0337500001,17774.093741343415,679004.4608333333,29068.4209248442,686690.9684615384,62352.585801178,655494.91,639460.71,716924.72,639460.71,-2.446121206341645,-2.446121206341645,-10.684033197076337,61.864216763450266,-5.127,-2.446121206341645,0.634,13.368382023306193,4.965,1,3,0.5,478280.26,754,2024,2
Wheat,2024-06-24,639460.71,NGN,NGN/MT,Historical (World Bank Pink Sheet × FX),wholesale,National,,,0.65,False,Synthetic: World Bank wheat USD × NGN/USD FX + Nigeria import premium (calibrated),Synthetic (World Bank/FAO × FX),historical,False,,694211.32,1460.0,900.9875,289.7125,33.7,40.5,0,1,1,0,0,0,0,1,0,0,1,0,0,0,0,0,0,0,1,0,1.2246467991473532e-16,-1.0,-3.216245299353273e-16,-1.0,0,437.99,639460.71,655494.91,655494.91,700130.13,716924.72,421612.65,386534.76,647477.8099999999,9257.349686240306,654480.3562500001,10778.37851390702,672549.1266666666,28477.120241863144,695069.7400000001,33066.60380108074,655494.91,639460.71,716924.72,639460.71,0.0,-2.446121206341645,-10.805041009047645,65.43420571024453,-6.847,2.446121206341645,0.606,13.368382023306193,4.965,1,3,0.5,478280.26,755,2024,2
Wheat,2024-07-01,639460.71,NGN,NGN/MT,Historical (World Bank Pink Sheet × FX),wholesale,National,,,0.65,False,Synthetic: World Bank wheat USD × NGN/USD FX + Nigeria import premium (calibrated),Synthetic (World Bank/FAO × FX),historical,False,,639460.71,1580.0,900.9875,289.7125,33.4,39.5,0,1,1,0,0,0,1,1,0,0,1,0,0,0,0,0,0,0,1,0,-0.4999999999999997,-0.8660254037844388,-0.1205366802553228,-0.992708874098054,0,404.72,639460.71,639460.71,655494.91,670665.35,716924.72,676022.93,386534.76,643469.26,8017.099999999957,650579.77625,9674.21949468743,666093.7925,26191.608845975767,693663.5007692309,34648.622016858346,655494.91,639460.71,716924.72,639460.71,0.0,-2.446121206341645,-10.805041009047645,65.43420571024453,-7.236,0.0,0.579,13.368382023306193,4.965,0,0,0.5,479355.85,756,2024,3
Wheat,2024-07-08,633629.15,NGN,NGN/MT,Historical (World Bank Pink Sheet × FX),wholesale,National,,,0.65,False,Synthetic: World Bank wheat USD × NGN/USD FX + Nigeria import premium (calibrated),Synthetic (World Bank/FAO × FX),historical,False,,633629.15,1580.0,900.9875,289.7125,33.4,39.5,0,1,1,0,0,0,1,1,0,0,1,0,0,0,0,0,0,0,1,0,-0.4999999999999997,-0.8660254037844388,-0.2393156642875574,-0.970941817426052,0,401.03,639460.71,639460.71,655494.91,664276.44,716924.72,676022.93,386534.76,638002.82,2915.77999999996,646748.865,9542.773961509967,659152.495,22234.278620853536,692032.9707692307,36462.02649156708,639460.71,633629.15,700767.1,633629.15,-0.9119496958616802,-3.335763507301681,-11.618454166289583,63.92552897441877,-7.807,-0.9119496958616802,0.513,13.359220703577485,4.965,0,0,0.5,474984.37,757,2024,3
Wheat,2024-07-15,633629.15,NGN,NGN/MT,Historical (World Bank Pink Sheet × FX),wholesale,National,,,0.65,False,Synthetic: World Bank wheat USD × NGN/USD FX + Nigeria import premium (calibrated),Synthetic (World Bank/FAO × FX),historical,False,,613908.56,1580.0,900.9875,289.7125,33.4,39.5,0,1,1,0,0,0,1,1,0,0,1,0,0,0,0,0,0,0,1,0,-0.4999999999999997,-0.8660254037844388,-0.3546048870425356,-0.9350162426854148,0,401.03,633629.15,639460.71,639460.71,655494.91,700767.1,700556.98,386534.76,636544.9299999999,3366.85273579538,644015.645,9807.587661421585,653557.6658333333,19026.381286662574,689458.8234615384,38159.16657919435,639460.71,633629.15,700130.13,633629.15,0.0,-0.9119496958616802,-9.580636705119282,63.92552897441877,-7.675,0.9119496958616802,0.486,13.359220703577485,4.965,0,0,0.5,474984.37,758,2024,3
Wheat,2024-07-22,619253.11,NGN,NGN/MT,Historical (World Bank Pink Sheet × FX),wholesale,National,,,0.65,False,Synthetic: World Bank wheat USD × NGN/USD FX + Nigeria import premium (calibrated),Synthetic (World Bank/FAO × FX),historical,False,,643373.69,1580.0,900.9875,289.7125,33.4,39.5,0,1,1,0,0,0,1,1,0,0,1,0,0,0,0,0,0,0,1,0,-0.4999999999999997,-0.8660254037844388,-0.464723172043768,-0.8854560256532101,0,391.93,633629.15,633629.15,639460.71,655494.91,700130.13,704995.01,389394.67,631493.03,8610.56683185644,639485.4199999999,11895.662693581324,646817.9141666667,14908.058027142231,686161.058076923,40401.862477426606,639460.71,619253.11,670665.35,619253.11,-2.268841324613935,-3.1601003289162155,-11.551712536639446,59.02968317465671,-7.967,-2.268841324613935,0.362,13.336270984390541,4.965,0,0,0.5,464207.73,759,2024,3
Wheat,2024-07-29,619253.11,NGN,NGN/MT,Historical (World Bank Pink Sheet × FX),wholesale,National,,,0.65,False,Synthetic: World Bank wheat USD × NGN/USD FX + Nigeria import premium (calibrated),Synthetic (World Bank/FAO × FX),historical,False,,619253.11,1580.0,900.9875,289.7125,33.4,39.5,0,1,1,0,0,0,1,1,0,0,1,0,0,0,0,0,0,0,1,0,-0.4999999999999997,-0.8660254037844388,-0.5680647467311556,-0.8229838658936565,0,391.93,619253.11,633629.15,639460.71,655494.91,670665.35,717968.13,389394.67,626441.13,8300.010563880844,634955.195,11828.57693353075,642533.5608333334,14818.913488115386,682364.3265384616,41903.67599765586,633629.15,619253.11,664276.44,619253.11,0.0,-3.1601003289162155,-7.665856004041361,59.02968317465671,-8.196,2.268841324613935,0.336,13.336270984390541,4.965,0,0,0.5,464207.73,760,2024,3
Wheat,2024-08-05,619253.11,NGN,NGN/MT,Historical (World Bank Pink Sheet × FX),wholesale,National,,,0.65,False,Synthetic: World Bank wheat USD × NGN/USD FX + Nigeria import premium (calibrated),Synthetic (World Bank/FAO × FX),historical,False,,619126.92,1580.0,900.9875,289.7125,33.4,39.5,0,1,0,0,1,0,1,1,0,0,1,0,0,0,0,1,0,0,1,0,-0.8660254037844384,-0.5000000000000004,-0.663122658240795,-0.7485107481711013,0,391.93,619253.11,619253.11,633629.15,655494.91,664276.44,721866.31,389394.67,622847.12,7188.020000000004,630424.97,9561.072104918412,638781.6166666666,14509.882973152506,678417.6649999999,42855.84718038068,633629.15,619253.11,655494.91,619253.11,0.0,-2.268841324613935,-6.777800218234442,59.02968317465671,-8.191,0.0,0.31,13.336270984390541,4.965,0,0,0.0,464207.73,761,2024,3
Wheat,2024-08-12,619253.11,NGN,NGN/MT,Historical (World Bank Pink Sheet × FX),wholesale,National,,,0.65,False,Synthetic: World Bank wheat USD × NGN/USD FX + Nigeria import premium (calibrated),Synthetic (World Bank/FAO × FX),historical,False,,664246.1,1580.0,900.9875,289.7125,33.4,39.5,0,1,0,0,1,0,1,1,0,0,1,0,0,0,0,1,0,0,1,0,-0.8660254037844384,-0.5000000000000004,-0.7485107481711011,-0.6631226582407952,0,391.93,619253.11,619253.11,633629.15,639460.71,655494.91,726520.55,389394.67,619253.11,0.0,627899.0199999999,9502.03865238643,635761.4666666667,14486.597157229848,674291.9942307693,43201.66562531137,619253.11,619253.11,655494.91,619253.11,0.0,-2.268841324613935,-5.528921650970564,59.02968317465671,-8.162,0.0,0.283,13.336270984390541,4.965,0,0,0.0,464207.73,762,2024,3
Wheat,2024-08-19,619253.11,NGN,NGN/MT,Historical (World Bank Pink Sheet × FX),wholesale,National,,,0.65,False,Synthetic: World Bank wheat USD × NGN/USD FX + Nigeria import premium (calibrated),Synthetic (World Bank/FAO × FX),historical,False,,615091.31,1580.0,900.9875,289.7125,33.4,39.5,0,1,0,0,1,0,1,1,0,0,1,0,0,0,0,1,0,0,1,0,-0.8660254037844384,-0.5000000000000004,-0.8229838658936564,-0.5680647467311559,0,391.93,619253.11,619253.11,619253.11,639460.71,655494.91,737482.93,385822.42,619253.11,0.0,625373.07,8635.945367326196,632741.3166666668,13758.097949037881,669744.6934615384,42500.89678233875,619253.11,619253.11,655494.91,619253.11,0.0,0.0,-5.528921650970564,60.50210612436675,-7.539,0.0,0.255,13.336270984390541,4.965,0,0,0.0,464207.73,763,2024,3
Wheat,2024-08-26,629473.58,NGN,NGN/MT,Historical (World Bank Pink Sheet × FX),wholesale,National,,,0.65,False,Synthetic: World Bank wheat USD × NGN/USD FX + Nigeria import premium (calibrated),Synthetic (World Bank/FAO × FX),historical,False,,638137.53,1580.0,900.9875,289.7125,33.4,39.5,0,1,0,0,1,0,1,1,0,0,1,0,0,0,0,1,0,0,1,0,-0.8660254037844384,-0.5000000000000004,-0.8854560256532096,-0.4647231720437691,0,398.4,619253.11,619253.11,619253.11,639460.71,655494.91,751833.44,385822.42,621808.2275,5110.234999999967,624124.67875,6844.618349977884,630572.8724999999,11749.909643850373,665038.545,39731.857387672535,629473.58,619253.11,655494.91,619253.11,1.6504511378231168,1.6504511378231168,-3.969722663445252,63.15111496112642,-6.5,1.6504511378231168,0.303,13.35264075039623,4.965,0,0,0.0,471869.25,764,2024,3
Wheat,2024-09-02,629473.58,NGN,NGN/MT,Historical (World Bank Pink Sheet × FX),wholesale,National,,,0.65,False,Synthetic: World Bank wheat USD × NGN/USD FX + Nigeria import premium (calibrated),Synthetic (World Bank/FAO × FX),historical,False,,616842.12,1580.0,900.9875,289.7125,33.4,39.5,0,1,0,0,1,1,0,0,0,0,0,0,0,0,0,1,0,0,0,0,-1.0,-1.8369701987210287e-16,-0.9350162426854148,-0.3546048870425359,0,398.4,629473.58,619253.11,619253.11,633629.15,655494.91,751833.44,394820.23,624363.345,5900.791105744447,623605.2325,6141.879401581929,628404.4283333333,8750.786108204089,660332.3965384614,36122.66964517213,629473.58,619253.11,639460.71,619253.11,0.0,1.6504511378231168,-3.969722663445252,59.432960160121475,-5.447,-1.6504511378231168,0.274,13.35264075039623,4.965,0,0,0.5,471869.25,765,2024,3
Wheat,2024-09-09,629473.58,NGN,NGN/MT,Historical (World Bank Pink Sheet × FX),wholesale,National,,,0.65,False,Synthetic: World Bank wheat USD × NGN/USD FX + Nigeria import premium (calibrated),Synthetic (World Bank/FAO × FX),historical,False,,629473.58,1580.0,900.9875,289.7125,33.4,39.5,0,1,0,0,1,1,0,0,0,0,0,0,0,0,0,1,0,0,0,0,-1.0,-1.8369701987210287e-16,-0.970941817426052,-0.2393156642875577,0,398.4,629473.58,629473.58,619253.11,633629.15,639460.71,701621.47,396621.01,626918.4625,5110.234999999967,623085.78625,5289.595760491503,627572.1675,8050.571162595697,657557.4776923078,35591.26633798069,629473.58,619253.11,639460.71,619253.11,0.0,1.6504511378231168,-1.56180510292806,58.709086036566724,-4.66,0.0,0.245,13.35264075039623,4.965,0,0,0.5,471869.25,766,2024,3
Wheat,2024-09-16,629473.58,NGN,NGN/MT,Historical (World Bank Pink Sheet × FX),wholesale,National,,,0.65,False,Synthetic: World Bank wheat USD × NGN/USD FX + Nigeria import premium (calibrated),Synthetic (World Bank/FAO × FX),historical,False,,663610.3,1580.0,900.9875,289.7125,33.4,39.5,0,1,0,0,1,1,0,0,0,0,0,0,0,0,0,1,0,0,0,0,-1.0,-1.8369701987210287e-16,-0.992708874098054,-0.1205366802553235,0,398.4,629473.58,629473.58,619253.11,619253.11,639460.71,701621.47,399185.42,629473.58,0.0,624363.345,5463.071010279442,626739.9066666666,7178.849528419975,654782.5588461539,34822.59113871649,629473.58,629473.58,639460.71,619253.11,0.0,1.6504511378231168,-1.56180510292806,57.68952182672402,-3.865,0.0,0.215,13.35264075039623,4.965,0,0,0.5,471869.25,767,2024,3
Wheat,2024-09-23,657062.05,NGN,NGN/MT,Historical (World Bank Pink Sheet × FX),wholesale,National,,,0.65,False,Synthetic: World Bank wheat USD × NGN/USD FX + Nigeria import premium (calibrated),Synthetic (World Bank/FAO × FX),historical,False,,618282.78,1580.0,900.9875,289.7125,33.4,39.5,0,1,0,0,1,1,0,0,0,0,0,0,0,0,0,1,0,0,0,0,-1.0,-1.8369701987210287e-16,-1.0,-1.8369701987210287e-16,0,415.86,629473.58,629473.58,629473.58,619253.11,639460.71,715953.41,399999.45,636370.6975,13794.235000000035,629089.4625,12382.691422043672,628206.6849999999,10865.671383686305,652517.5065384614,32523.992607623546,657062.05,629473.58,657062.05,619253.11,4.3827844212302125,4.3827844212302125,2.7525287675610466,64.26573836539026,-2.475,4.3827844212302125,0.411,13.395535259376716,4.965,0,0,0.5,492550.26,768,2024,3
Wheat,2024-09-30,657062.05,NGN,NGN/MT,Historical (World Bank Pink Sheet × FX),wholesale,National,,,0.65,False,Synthetic: World Bank wheat USD × NGN/USD FX + Nigeria import premium (calibrated),Synthetic (World Bank/FAO × FX),historical,False,,664397.62,1580.0,900.9875,289.7125,33.4,39.5,0,1,0,0,1,1,0,0,0,0,0,0,0,0,0,1,0,0,0,0,-1.0,-1.8369701987210287e-16,-0.992708874098054,0.1205366802553232,0,415.86,657062.05,629473.58,629473.58,619253.11,633629.15,716924.72,402898.42,643267.815,15928.210581029936,633815.58,15025.405418468328,630159.4266666666,13672.006979116046,650215.0961538461,29785.760137927427,657062.05,629473.58,657062.05,619253.11,0.0,4.3827844212302125,3.698204225610513,63.08379913726148,-1.068,-4.3827844212302125,0.38,13.395535259376716,4.965,0,0,0.5,492550.26,769,2024,3
Wheat,2024-10-07,657062.05,NGN,NGN/MT,Historical (World Bank Pink Sheet × FX),wholesale,National,,,0.65,False,Synthetic: World Bank wheat USD × NGN/USD FX + Nigeria import premium (calibrated),Synthetic (World Bank/FAO × FX),historical,False,,657062.05,1700.0,900.9875,289.7125,33.4,39.5,0,1,0,0,0,1,0,0,0,1,0,1,0,1,1,1,1,0,0,0,-0.8660254037844386,0.5000000000000001,-0.970941817426052,0.2393156642875573,0,386.51,657062.05,657062.05,629473.58,619253.11,633629.15,716924.72,402898.42,650164.9325,13794.234999999968,638541.6975,15720.700629129286,632112.1683333333,15731.021134316485,647912.6857692307,26562.128005919207,657062.05,629473.58,657062.05,619253.11,0.0,4.3827844212302125,3.698204225610513,63.08379913726148,0.348,0.0,0.35,13.395535259376716,4.965,0,0,0.5,492550.26,770,2024,4
Wheat,2024-10-14,655607.75,NGN,NGN/MT,Historical (World Bank Pink Sheet × FX),wholesale,National,,,0.65,False,Synthetic: World Bank wheat USD × NGN/USD FX + Nigeria import premium (calibrated),Synthetic (World Bank/FAO × FX),historical,False,,632544.25,1700.0,900.9875,289.7125,33.4,39.5,0,1,0,0,0,1,0,0,0,1,0,1,0,1,1,1,1,0,0,0,-0.8660254037844386,0.5000000000000001,-0.9350162426854148,0.3546048870425355,0,385.65,657062.05,657062.05,629473.58,619253.11,619253.11,716924.72,402898.42,656698.4750000001,727.1500000000427,643086.0275,14560.10231955495,635141.7216666667,16510.778686146914,645554.3407692307,22619.118179366014,657062.05,655607.75,657062.05,619253.11,-0.2213337385715719,4.151750102045582,5.870723846667492,62.722839667626396,1.726,-0.2213337385715719,0.304,13.393319472315524,4.965,0,0,0.5,491460.08,771,2024,4
Wheat,2024-10-21,655607.75,NGN,NGN/MT,Historical (World Bank Pink Sheet × FX),wholesale,National,,,0.65,False,Synthetic: World Bank wheat USD × NGN/USD FX + Nigeria import premium (calibrated),Synthetic (World Bank/FAO × FX),historical,False,,655607.75,1700.0,900.9875,289.7125,33.4,39.5,0,1,0,0,0,1,0,0,0,1,0,1,0,1,1,1,1,0,0,0,-0.8660254037844386,0.5000000000000001,-0.8854560256532101,0.464723172043768,0,385.65,655607.75,657062.05,657062.05,629473.58,619253.11,700767.1,402898.42,656334.9,839.6404964825613,646352.79875,13990.284941035348,638171.275,16664.976762127135,643817.4426923076,19763.39823756991,657062.05,655607.75,657062.05,619253.11,0.0,-0.2213337385715719,5.870723846667492,62.722839667626396,1.944,0.2213337385715719,0.271,13.393319472315524,4.965,0,0,0.5,491460.08,772,2024,4
Wheat,2024-10-28,662173.28,NGN,NGN/MT,Historical (World Bank Pink Sheet × FX),wholesale,National,,,0.65,False,Synthetic: World Bank wheat USD × NGN/USD FX + Nigeria import premium (calibrated),Synthetic (World Bank/FAO × FX),historical,False,,662173.28,1700.0,900.9875,289.7125,33.4,39.5,0,1,0,0,0,1,0,0,0,1,0,1,0,1,1,1,1,0,0,0,-0.8660254037844386,0.5000000000000001,-0.822983865893657,0.5680647467311548,0,389.51,655607.75,655607.75,657062.05,629473.58,619253.11,700130.13,399241.81,657612.7075,3116.7159192369095,650440.26125,13102.983918501415,641747.9558333334,16840.490931504435,642357.5638461539,16583.369207118893,662173.28,655607.75,662173.28,619253.11,1.0014417919861351,0.7778915248567442,6.930957520746239,65.85769912224376,2.375,1.0014417919861351,0.3,13.403284063111444,4.965,0,0,0.5,496381.77,773,2024,4
Wheat,2024-11-04,662173.28,NGN,NGN/MT,Historical (World Bank Pink Sheet × FX),wholesale,National,,,0.65,False,Synthetic: World Bank wheat USD × NGN/USD FX + Nigeria import premium (calibrated),Synthetic (World Bank/FAO × FX),historical,False,,675673.4,1700.0,900.9875,289.7125,33.4,39.5,1,0,0,0,0,1,0,0,0,1,0,1,1,1,1,0,1,0,0,0,-0.5000000000000004,0.8660254037844384,-0.7485107481711011,0.6631226582407952,1,389.51,662173.28,655607.75,657062.05,629473.58,619253.11,670665.35,399241.81,658890.515,3790.6105128724953,654527.72375,10462.316882282594,645324.6366666666,16173.175074234952,642030.9457692307,16079.50439867586,662173.28,655607.75,662173.28,619253.11,0.0,0.7778915248567442,6.930957520746239,65.85769912224376,2.626,-1.0014417919861351,0.264,13.403284063111444,4.965,0,0,0.5,496381.77,774,2024,4
Wheat,2024-11-11,648830.7,NGN,NGN/MT,Historical (World Bank Pink Sheet × FX),wholesale,National,,,0.65,False,Synthetic: World Bank wheat USD × NGN/USD FX + Nigeria import premium (calibrated),Synthetic (World Bank/FAO × FX),historical,False,,632054.1,1700.0,900.9875,289.7125,33.4,39.5,1,0,0,0,0,1,0,0,0,1,0,1,1,1,1,0,1,0,0,0,-0.5000000000000004,0.8660254037844384,-0.6631226582407955,0.7485107481711007,1,381.67,662173.28,662173.28,655607.75,629473.58,619253.11,664276.44,418202.76,657196.2525,6378.281228624608,656947.36375,4211.02669094028,647789.4358333333,13938.020825924537,641436.8788461538,15499.626296742972,662173.28,648830.7,662173.28,629473.58,-2.0149680458263264,-1.0337049859462488,4.776332895607083,55.1473978794401,2.457,-2.0149680458263264,0.077,13.382928640022556,4.965,0,0,0.5,486379.84,775,2024,4
Wheat,2024-11-18,648830.7,NGN,NGN/MT,Historical (World Bank Pink Sheet × FX),wholesale,National,,,0.65,False,Synthetic: World Bank wheat USD × NGN/USD FX + Nigeria import premium (calibrated),Synthetic (World Bank/FAO × FX),historical,False,,648830.7,1700.0,900.9875,289.7125,33.4,39.5,1,0,0,0,0,1,0,0,0,1,0,1,1,1,1,0,1,0,0,0,-0.5000000000000004,0.8660254037844384,-0.5680647467311559,0.8229838658936564,1,381.67,648830.7,662173.28,655607.75,657062.05,629473.58,655494.91,418202.76,655501.99,7703.34215468414,655918.445,5092.387984383979,649402.5291666667,12689.800789738503,641180.563076923,15311.815820061642,662173.28,648830.7,662173.28,629473.58,0.0,-1.0337049859462488,3.0751282682904613,55.1473978794401,2.234,2.0149680458263264,0.029,13.382928640022556,4.965,0,0,0.5,486379.84,776,2024,4
Wheat,2024-11-25,658374.63,NGN,NGN/MT,Historical (World Bank Pink Sheet × FX),wholesale,National,,,0.65,False,Synthetic: World Bank wheat USD × NGN/USD FX + Nigeria import premium (calibrated),Synthetic (World Bank/FAO × FX),historical,False,,658374.63,1700.0,900.9875,289.7125,33.4,39.5,1,0,0,0,0,1,0,0,0,1,0,1,1,1,1,0,1,0,0,0,-0.5000000000000004,0.8660254037844384,-0.4647231720437684,0.88545602565321,1,387.28,648830.7,648830.7,662173.28,657062.05,629473.58,655494.91,418202.76,654552.3275,6786.333224608499,656082.5175,5155.254763839636,651810.9500000001,11221.210323904776,641291.3215384615,15429.464085121595,662173.28,648830.7,662173.28,629473.58,1.4709430364500342,-0.5736640415330618,4.591304689864839,57.42952772478116,2.068,1.4709430364500342,0.097,13.397530913686694,4.965,0,0,0.5,493534.21,777,2024,4
Wheat,2024-12-02,681673.41,NGN,NGN/MT,Historical (World Bank Pink Sheet × FX),wholesale,National,,,0.65,False,Synthetic: World Bank wheat USD × NGN/USD FX + Nigeria import premium (calibrated),Synthetic (World Bank/FAO × FX),historical,False,,681673.41,1700.0,900.9875,289.7125,33.4,39.5,1,0,0,0,0,0,0,0,0,1,0,1,1,1,1,0,0,0,0,1,-2.4492935982947064e-16,1.0,-0.3546048870425359,0.9350162426854148,1,400.98,658374.63,648830.7,662173.28,657062.05,629473.58,655494.91,428789.1,659427.36,15498.100823075089,659158.9375,10448.895886014894,656160.9358333334,11873.618848670616,642298.1869230769,17151.46870295488,681673.41,648830.7,681673.41,629473.58,3.538833202002345,2.9448681468995597,8.292616506637195,58.9763848941123,2.667,2.0678901655523108,0.375,13.432307418139615,4.965,0,0,0.0,510999.56,778,2024,4
Wheat,2024-12-09,686841.15,NGN,NGN/MT,Historical (World Bank Pink Sheet × FX),wholesale,National,,,0.65,False,Synthetic: World Bank wheat USD × NGN/USD FX + Nigeria import premium (calibrated),Synthetic (World Bank/FAO × FX),historical,False,,695920.28,1700.0,900.9875,912.8571428571428,33.4,39.5,1,0,0,0,0,0,0,0,0,1,0,1,1,1,1,0,0,0,0,1,-2.4492935982947064e-16,1.0,-0.2393156642875578,0.970941817426052,1,404.02,681673.41,658374.63,648830.7,655607.75,629473.58,655494.91,428789.1,668929.9725,18244.647517143945,663063.1125,14121.96502639703,660941.5666666667,11699.333610240068,643503.8115384615,19106.493375677677,686841.15,648830.7,686841.15,648830.7,0.7580961680755616,5.858300169828601,9.113578682682766,60.18157877613961,3.951,-2.7807370339267834,0.427,13.439859777700633,6.892,0,0,0.0,514873.43,779,2024,4
Wheat,2024-12-16,686841.15,NGN,NGN/MT,Historical (World Bank Pink Sheet × FX),wholesale,National,,,0.65,False,Synthetic: World Bank wheat USD × NGN/USD FX + Nigeria import premium (calibrated),Synthetic (World Bank/FAO × FX),historical,False,,686841.15,1700.0,900.9875,912.8571428571428,33.4,39.5,1,0,0,0,0,0,0,0,0,1,0,1,1,1,1,0,0,0,0,1,-2.4492935982947064e-16,1.0,-0.1205366802553236,0.992708874098054,1,404.02,686841.15,681673.41,648830.7,655607.75,657062.05,639460.71,421612.65,678432.585,13592.061852187966,666967.2875000001,15963.714441317406,663423.1583333333,13775.659288077191,645326.1361538462,20882.42123954998,686841.15,658374.63,686841.15,648830.7,0.0,5.858300169828601,4.532159481741482,62.90809822712862,5.13,-0.7580961680755616,0.412,13.439859777700633,6.892,0,0,0.0,514873.43,780,2024,4
Wheat,2024-12-23,686841.15,NGN,NGN/MT,Historical (World Bank Pink Sheet × FX),wholesale,National,,,0.65,False,Synthetic: World Bank wheat USD × NGN/USD FX + Nigeria import premium (calibrated),Synthetic (World Bank/FAO × FX),historical,False,,655829.82,1700.0,900.9875,912.8571428571428,33.4,39.5,1,0,0,0,0,0,0,0,0,1,0,1,1,1,1,0,0,0,0,1,-2.4492935982947064e-16,1.0,6.432490598706546e-16,1.0,1,404.02,686841.15,686841.15,658374.63,662173.28,657062.05,639460.71,421612.65,685549.2150000001,2583.8700000008016,670050.77125,17237.028985854147,665904.75,15140.24061626929,647148.4607692307,22364.828216850252,686841.15,681673.41,686841.15,648830.7,0.0,4.323757128976857,4.532159481741482,62.90809822712862,5.934,0.0,0.426,13.439859777700633,6.892,0,0,0.0,514873.43,781,2024,4
Wheat,2024-12-30,686841.15,NGN,NGN/MT,Historical (World Bank Pink Sheet × FX),wholesale,National,,,0.65,False,Synthetic: World Bank wheat USD × NGN/USD FX + Nigeria import premium (calibrated),Synthetic (World Bank/FAO × FX),historical,False,,690991.52,1700.0,900.9875,912.8571428571428,33.4,39.5,1,0,0,0,0,0,0,0,0,1,0,1,1,1,1,0,0,0,0,1,-2.4492935982947064e-16,1.0,0.120536680255323,0.992708874098054,1,404.02,686841.15,686841.15,681673.41,662173.28,657062.05,639460.71,676022.93,686841.15,0.002101950116909494,673134.255,17822.959316954708,668386.3416666667,15976.5045681376,648970.7853846154,23609.06948916992,686841.15,686841.15,686841.15,648830.7,0.0,0.7580961680755616,4.532159481741482,1.600274120879308,5.835,0.0,0.419,13.439859777700633,6.892,0,0,0.0,514873.43,782,2024,4
Wheat,2025-01-06,620000.0,NGN,NGN/MT,Agrolinking Primary Collection,wholesale,National,,,0.92,True,Primary data collected by Agrolinking across 10 states — converted from NGN/100kg to NGN/MT,Agrolinking_primary,historical,False,,620000.0,1570.0,900.9875,912.8571428571428,33.4,39.5,1,0,0,0,0,0,0,0,0,1,0,0,1,0,0,0,0,0,0,1,0.4999999999999999,0.8660254037844387,0.2393156642875577,0.970941817426052,1,394.9,686841.15,686841.15,686841.15,648830.7,655607.75,633629.15,676022.93,670130.8625,33420.57500000002,669530.4175,24935.030615732132,665419.0291666667,21062.724535843667,648446.5873076923,24109.334548193765,686841.15,620000.0,686841.15,620000.0,-9.731675220682401,-9.731675220682401,-5.431258248548765,-8.2871345798877,3.344,-9.731675220682401,-1.333,13.3374763699232,6.892,0,0,0.0,464767.62,783,2025,1
Wheat,2025-01-13,600000.0,NGN,NGN/MT,Agrolinking Primary Collection,wholesale,National,,,0.92,True,Primary data collected by Agrolinking across 10 states — converted from NGN/100kg to NGN/MT,Agrolinking_primary,historical,False,,600000.0,1570.0,900.9875,924.2857142857144,33.4,39.5,1,0,0,0,0,0,0,0,0,1,0,0,1,0,0,0,0,0,0,1,0.4999999999999999,0.8660254037844387,0.3546048870425356,0.9350162426854148,1,382.17,620000.0,686841.15,686841.15,648830.7,655607.75,633629.15,700556.98,648420.575,45109.35724555935,663426.5800000001,34764.99934865876,660785.0499999999,28293.470234183602,647153.1584615385,25780.239540881776,686841.15,600000.0,686841.15,600000.0,-3.2258064516129004,-12.643556665176515,-8.481862821176234,-14.353861694447744,0.196,6.505868769069501,-1.766,13.304686600863562,6.928,0,0,0.0,449775.11,784,2025,1
Wheat,2025-01-20,600000.0,NGN,NGN/MT,Agrolinking Primary Collection,wholesale,National,,,0.92,True,Primary data collected by Agrolinking across 10 states — converted from NGN/100kg to NGN/MT,Agrolinking_primary,historical,False,,600000.0,1570.0,900.9875,924.2857142857144,33.4,39.5,1,0,0,0,0,0,0,0,0,1,0,0,1,0,0,0,0,0,0,1,0.4999999999999999,0.8660254037844387,0.4647231720437685,0.8854560256532099,1,382.17,600000.0,620000.0,686841.15,658374.63,662173.28,619253.11,704995.01,626710.2875000001,41181.01301972327,656129.7512500001,41458.57731558258,655603.9433333334,33270.9179072384,646412.6542307693,26867.28077715601,686841.15,600000.0,686841.15,600000.0,0.0,-12.643556665176515,-9.389276474580798,-14.893014632826972,-3.048,3.2258064516129004,-1.68,13.304686600863562,6.928,0,0,0.0,449775.11,785,2025,1
Wheat,2025-01-27,602711.1112,NGN,NGN/MT,Gap-filled,wholesale,National,,,0.6,False,Weekly gap-fill,Interpolated,historical,False,,,1570.0,900.9875,924.2857142857144,33.4,39.5,1,0,0,0,0,0,0,0,0,1,0,0,1,0,0,0,0,0,0,1,0.4999999999999999,0.8660254037844387,0.5680647467311558,0.8229838658936564,1,383.89,600000.0,600000.0,686841.15,681673.41,662173.28,619253.11,717968.13,605677.7778,9633.30128519515,646259.4639000001,43839.62241545455,650648.7626,36477.07060100444,645776.4235076923,27718.534522267113,620000.0,600000.0,686841.15,600000.0,0.4518518666666749,-12.248834945314503,-8.979850228931008,-16.053222139539812,-6.209,0.4518518666666749,-1.544,13.30919493417549,6.928,0,0,0.0,451807.43,786,2025,1
Wheat,2025-02-03,602711.1112,NGN,NGN/MT,Gap-filled,wholesale,National,,,0.6,False,Weekly gap-fill,Interpolated,historical,False,,,1585.0,900.9875,924.2857142857144,33.4,39.5,1,0,0,0,0,0,0,0,1,1,0,0,1,0,0,0,0,0,0,0,0.8660254037844386,0.5000000000000001,0.6631226582407952,0.7485107481711011,1,380.26,602711.1112,600000.0,620000.0,686841.15,648830.7,619253.11,721866.31,601355.5556000001,1565.2607811178314,635743.20905,42792.256145760766,646805.4635333334,39026.57040515963,645140.1927846153,28529.66129376719,602711.1112,600000.0,686841.15,600000.0,0.0,-2.7885304516128917,-7.1081082938892814,-16.506546593094228,-6.787,-0.4518518666666749,-1.485,13.30919493417549,6.928,0,0,0.0,451807.43,787,2025,1
Wheat,2025-02-10,604066.6668,NGN,NGN/MT,Gap-filled,wholesale,National,,,0.6,False,Weekly gap-fill,Interpolated,historical,False,,,1585.0,900.9875,924.2857142857144,33.4,39.5,1,0,0,0,0,0,0,0,1,1,0,0,1,0,0,0,0,0,0,0,0.8660254037844386,0.5000000000000001,0.7485107481711011,0.6631226582407953,1,381.11,602711.1112,602711.1112,600000.0,686841.15,648830.7,619253.11,726520.55,602372.2223,1705.703391295939,625396.39865,38459.98324468232,643075.1274333333,40909.349284748976,644556.0988153846,29227.769336883117,604066.6668,600000.0,686841.15,600000.0,0.2249096747695578,0.6777778000000012,-6.8991854423657735,-16.85484095391383,-6.545,0.2249096747695578,-1.402,13.311441501767762,6.928,0,0,0.0,452823.59,788,2025,1
Wheat,2025-02-17,605422.2224,NGN,NGN/MT,Gap-filled,wholesale,National,,,0.6,False,Weekly gap-fill,Interpolated,historical,False,,,1585.0,900.9875,924.2857142857144,33.4,39.5,1,0,0,0,0,0,0,0,1,1,0,0,1,0,0,0,0,0,0,0,0.8660254037844386,0.5000000000000001,0.8229838658936564,0.5680647467311559,1,381.97,604066.6668,602711.1112,600000.0,686841.15,658374.63,619253.11,737482.93,603727.7779,1297.8456775045806,615219.0327,29638.469705121068,638662.4268,41951.62452594694,644024.1416,29826.44739830761,605422.2224,602711.1112,686841.15,600000.0,0.22440496628972628,0.9037037333333275,-8.042899162138129,-17.90695109376973,-6.257,-0.0005047084798315282,-1.333,13.313683033605137,6.928,0,0,0.0,453839.75,789,2025,1
Wheat,2025-02-24,606777.778,NGN,NGN/MT,Gap-filled,wholesale,National,,,0.6,False,Weekly gap-fill,Interpolated,historical,False,,,1585.0,900.9875,924.2857142857144,33.4,39.5,1,0,0,0,0,0,0,0,1,1,0,0,1,0,0,0,0,0,0,0,0.8660254037844386,0.5000000000000001,0.8854560256532099,0.4647231720437686,1,382.83,605422.2224,604066.6668,602711.1112,686841.15,681673.41,629473.58,751833.44,604744.4446,1750.0147545480133,605211.1111999999,6429.0785565454435,632421.1241333333,40517.74768214307,643151.2261384615,30591.623266620223,606777.778,602711.1112,686841.15,600000.0,0.2239025179198828,0.6747290243087178,-10.987025590451005,-19.29359008027096,-5.972,-0.0005024483698434778,-1.286,13.315919552212755,6.928,0,0,0.0,454855.91,790,2025,1
Wheat,2025-03-03,608133.3336,NGN,NGN/MT,Gap-filled,wholesale,National,,,0.6,False,Weekly gap-fill,Interpolated,historical,False,,,1575.0,900.9875,924.2857142857144,33.4,39.5,1,0,0,1,0,0,0,0,1,1,0,0,0,0,0,0,0,1,0,0,1.0,6.123233995736766e-17,0.9350162426854148,0.3546048870425355,0,386.12,606777.778,605422.2224,602711.1112,620000.0,686841.15,629473.58,751833.44,606100.0002,1750.0147545479608,603727.7779,2965.450772499085,625862.1394333333,37136.9466112761,642330.4474307692,31252.420403069435,608133.3336,604066.6668,686841.15,600000.0,0.2234023145125663,0.8996386990782979,-11.459391505590489,-19.113290092550283,-5.64,-0.0005002034073164907,-1.246,13.318151079964954,6.928,0,0,0.0,455872.06,791,2025,1
Wheat,2025-03-10,609488.8892,NGN,NGN/MT,Gap-filled,wholesale,National,,,0.6,False,Weekly gap-fill,Interpolated,historical,False,,,1575.0,900.9875,924.2857142857144,33.4,39.5,1,0,0,1,0,0,0,0,1,1,0,0,0,0,0,0,0,1,0,0,1.0,6.123233995736766e-17,0.970941817426052,0.239315664287558,0,386.98,608133.3336,606777.778,604066.6668,600000.0,686841.15,629473.58,701621.47,607455.5558,1750.0147545478333,604913.88905,3153.1500360033374,619416.1177,31939.87260031957,641561.8054769231,31821.849324867282,609488.8892,605422.2224,686841.15,600000.0,0.2229043410554965,0.8976198651588829,-11.262030645659483,-13.131379916295893,-5.316,-0.0004979734570698113,-1.165,13.320377639086624,6.928,0,0,0.0,456888.22,792,2025,1
Wheat,2025-03-17,610844.4448,NGN,NGN/MT,Gap-filled,wholesale,National,,,0.6,False,Weekly gap-fill,Interpolated,historical,False,,,1575.0,900.9875,924.2857142857144,33.4,39.5,1,0,0,1,0,0,0,0,1,1,0,0,0,0,0,0,0,1,0,0,1.0,6.123233995736766e-17,0.992708874098054,0.120536680255323,0,387.84,609488.8892,608133.3336,605422.2224,600000.0,686841.15,629473.58,701621.47,608811.1114,1750.0147545477578,606269.44465,3068.7695085781866,613083.0589333334,23870.402126549878,640845.3002769231,32310.887045017425,610844.4448,606777.778,686841.15,600000.0,0.22240858266986407,0.8956100716794646,-11.064669785728476,-12.938176649582845,-4.999,-0.0004957583856324277,-1.087,13.322599251654529,6.928,0,0,0.0,457904.38,793,2025,1
Wheat,2025-03-24,612200.0004,NGN,NGN/MT,Gap-filled,wholesale,National,,,0.6,False,Weekly gap-fill,Interpolated,historical,False,,,1575.0,900.9875,924.2857142857144,33.4,39.5,1,0,0,1,0,0,0,0,1,1,0,0,0,0,0,0,0,1,0,0,1.0,6.123233995736766e-17,1.0,-1.6081226496766364e-16,0,388.7,610844.4448,609488.8892,606777.778,602711.1112,686841.15,657062.05,715953.41,610166.667,1750.0147545477055,607455.5558,3320.419538007862,606862.9631333334,5752.515402024276,639119.8368307692,32606.746509058845,612200.0004,608133.3336,620000.0,600000.0,0.22191502460888746,0.8936092580503097,-10.86730892579747,-14.491642633561874,-4.53,-0.0004935580609766177,-1.02,13.324815939598615,6.928,0,0,0.0,458920.54,794,2025,1
Wheat,2025-03-31,613555.556,NGN,NGN/MT,Gap-filled,wholesale,National,,,0.6,False,Weekly gap-fill,Interpolated,historical,False,,,1575.0,900.9875,924.2857142857144,33.4,39.5,1,0,0,1,0,0,0,0,1,1,0,0,0,0,0,0,0,0,0,0,1.0,6.123233995736766e-17,0.992708874098054,-0.1205366802553228,0,389.56,612200.0004,610844.4448,608133.3336,602711.1112,620000.0,657062.05,716924.72,611522.2226,1750.0147545475777,608811.1114,3320.419538007862,606325.9261333334,4599.939967258229,637446.5101384616,32765.10754503088,613555.556,609488.8892,613555.556,600000.0,0.22142365225650273,0.8916173642220526,-1.0394264516129015,-14.418412577543705,-4.067,-0.0004913723523847224,-0.956,13.327027724703322,6.928,0,0,0.0,459936.7,795,2025,1
Wheat,2025-04-07,614911.1116000001,NGN,NGN/MT,Gap-filled,wholesale,National,,,0.6,False,Weekly gap-fill,Interpolated,historical,False,,,1590.0,900.9875,924.2857142857144,33.4,39.5,0,1,1,1,0,0,0,0,1,0,0,0,0,0,0,0,0,0,0,0,0.8660254037844387,-0.4999999999999998,0.970941817426052,-0.2393156642875575,0,386.74,613555.556,612200.0004,609488.8892,604066.6668,600000.0,657062.05,716924.72,612877.7782000001,1750.0147545475024,610166.667,3320.4195380078363,607568.5187666666,4747.377796309813,635825.3202000001,32798.504183534315,614911.1116000001,610844.4448,614911.1116000001,600000.0,0.22093445112574273,0.8896343306794563,2.4851852666666785,-14.22933336710721,-3.609,-0.0004892011307600086,-0.893,13.329234628608859,6.928,0,0,0.5,460952.86,796,2025,2
Wheat,2025-04-14,616266.6672,NGN,NGN/MT,Gap-filled,wholesale,National,,,0.6,False,Weekly gap-fill,Interpolated,historical,False,,,1590.0,900.9875,924.2857142857144,33.4,39.5,0,1,1,1,0,0,0,0,1,0,0,0,0,0,0,0,0,0,0,0,0.8660254037844387,-0.4999999999999998,0.9350162426854148,-0.3546048870425354,0,387.59,614911.1116000001,613555.556,610844.4448,605422.2224,600000.0,655607.75,716924.72,614233.3338,1750.01475454745,611522.2226000001,3320.4195380077604,608924.0743666667,4712.058934077683,634312.2016307692,32756.810328478055,616266.6672,612200.0004,616266.6672,602711.1112,0.2204474068573603,0.887660098435572,2.711111200000005,-14.040254156670729,-3.165,-0.00048704426838241943,-0.832,13.331436672812474,6.928,0,0,0.5,461969.02,797,2025,2
Wheat,2025-04-21,617622.2228,NGN,NGN/MT,Gap-filled,wholesale,National,,,0.6,False,Weekly gap-fill,Interpolated,historical,False,,,1590.0,900.9875,924.2857142857144,33.4,39.5,0,1,1,1,0,0,0,0,1,0,0,0,0,0,0,0,0,0,0,0,0.8660254037844387,-0.4999999999999998,0.8854560256532099,-0.4647231720437685,0,388.44,616266.6672,614911.1116000001,612200.0004,606777.778,602711.1112,655607.75,700767.1,615588.8894,1750.0147545473224,612877.7782000001,3320.419538007672,610166.667,4887.525222528526,632851.2198153846,32615.808695131574,617622.2228,613555.556,617622.2228,602711.1112,0.21996250521854055,0.8856946090260109,2.4740064224652913,-11.864837433150043,-2.728,-0.0004849016388197569,-0.76,13.333633878669716,6.928,0,0,0.5,462985.17,798,2025,2
Wheat,2025-04-28,618977.7784,NGN,NGN/MT,Gap-filled,wholesale,National,,,0.6,False,Weekly gap-fill,Interpolated,historical,False,,,1590.0,900.9875,924.2857142857144,33.4,39.5,0,1,1,1,0,0,0,0,1,0,0,0,0,0,0,0,0,0,0,0,0.8660254037844387,-0.4999999999999998,0.8229838658936565,-0.5680647467311557,0,389.29,617622.2228,616266.6672,613555.556,608133.3336,602711.1112,662173.28,700130.13,616944.4450000001,1750.0147545471946,614233.3338,3320.419538007584,611522.2226,4887.5252225282475,631189.8543692308,32159.415461344415,618977.7784,614911.1116000001,618977.7784,604066.6668,0.21947973210136862,0.8837378045029043,2.6989160972348714,-11.591038311692149,-2.257,-0.0004827731171719307,-0.686,13.335826267395674,6.928,0,0,0.5,464001.33,799,2025,2
Wheat,2025-05-05,620333.334,NGN,NGN/MT,Gap-filled,wholesale,National,,,0.6,False,Weekly gap-fill,Interpolated,historical,False,,,1600.0,900.9875,924.2857142857144,33.4,39.5,0,1,1,1,0,0,0,0,1,0,1,0,0,0,0,0,0,0,0,0,0.4999999999999999,-0.8660254037844387,0.7485107481711013,-0.663122658240795,0,387.71,618977.7784,617622.2228,614911.1116000001,609488.8892,604066.6668,662173.28,670665.35,618300.0006,1750.014754547142,615588.8894,3320.4195380075075,612877.7782000001,4887.525222527986,629580.6256769231,31588.771042575452,620333.334,616266.6672,620333.334,605422.2224,0.2189990735215197,0.8817896274294634,2.692859595476693,-7.504788491011194,-1.792,-0.0004806585798489138,-0.604,13.338013860066207,6.928,0,0,0.5,465017.49,800,2025,2
Wheat,2025-05-12,621688.8896,NGN,NGN/MT,Gap-filled,wholesale,National,,,0.6,False,Weekly gap-fill,Interpolated,historical,False,,,1600.0,900.9875,924.2857142857144,33.4,39.5,0,1,1,1,0,0,0,0,1,0,1,0,0,0,0,0,0,0,0,0,0.4999999999999999,-0.8660254037844387,0.6631226582407952,-0.7485107481711012,0,388.56,620333.334,618977.7784,616266.6672,610844.4448,605422.2224,648830.7,664276.44,619655.5562,1750.0147545470143,616944.4450000001,3320.4195380074193,614233.3338,4887.525222527725,628536.7098923076,31374.921049826153,621688.8896,617622.2228,621688.8896,606777.778,0.21852051561683794,0.8798500208742066,2.6868302150383716,-6.411118599961174,-1.413,-0.0004785579046817645,-0.525,13.340196677619161,6.928,0,0,0.5,466033.65,801,2025,2
Wheat,2025-05-19,623044.4452,NGN,NGN/MT,Gap-filled,wholesale,National,,,0.6,False,Weekly gap-fill,Interpolated,historical,False,,,1600.0,900.9875,924.2857142857144,33.4,39.5,0,1,1,1,0,0,0,0,1,0,1,0,0,0,0,0,0,0,0,0,0.4999999999999999,-0.8660254037844387,0.5680647467311558,-0.8229838658936564,0,389.4,621688.8896,620333.334,617622.2228,612200.0004,606777.778,648830.7,655494.91,621011.1118,1750.0147545468865,618300.0006,3320.419538007331,615588.8894,4887.525222527481,627544.9308615385,31114.232397561856,623044.4452,618977.7784,623044.4452,608133.3336,0.21804404464620397,0.8779189284054967,2.680827774150929,-4.950528875960314,-1.041,-0.0004764709706339687,-0.448,13.342374740855567,6.928,0,0,0.5,467049.81,802,2025,2
Wheat,2025-05-26,624400.0008,NGN,NGN/MT,Gap-filled,wholesale,National,,,0.6,False,Weekly gap-fill,Interpolated,historical,False,,,1600.0,900.9875,924.2857142857144,33.4,39.5,0,1,1,1,0,0,0,0,1,0,1,0,0,0,0,0,0,0,0,0,0.4999999999999999,-0.8660254037844387,0.464723172043769,-0.8854560256532096,0,390.25,623044.4452,621688.8896,618977.7784,613555.556,608133.3336,658374.63,655494.91,622366.6674,1750.0147545467814,619655.5562,3320.419538007255,616944.445,4887.525222527253,626238.2143538462,30474.521469281714,624400.0008,620333.334,624400.0008,609488.8892,0.21756964698802506,0.8759962940860344,2.674852092666158,-4.7437300771717705,-0.618,-0.00047439765817891555,-0.373,13.344548070440835,6.928,0,0,0.5,468065.97,803,2025,2
Wheat,2025-06-02,625755.5564,NGN,NGN/MT,Gap-filled,wholesale,National,,,0.6,False,Weekly gap-fill,Interpolated,historical,False,,,1610.0,900.9875,924.2857142857144,33.4,39.5,0,1,1,0,0,0,0,1,0,0,1,0,0,0,0,0,0,0,1,0,1.2246467991473532e-16,-1.0,0.3546048870425358,-0.9350162426854148,0,388.67,624400.0008,623044.4452,620333.334,614911.1116000001,609488.8892,681673.41,655494.91,623722.223,1750.0147545466536,621011.1118,3320.419538007167,618300.0006,4887.525222527026,624087.5276769231,28301.46408168757,625755.5564,621688.8896,625755.5564,610844.4448,0.2170973091388806,0.8740820624673962,2.6689029920383467,-4.536931278383238,-0.059,-0.0004723378491444663,-0.298,13.34671668690593,6.928,0,0,0.5,469082.13,804,2025,2
Wheat,2025-06-09,627111.112,NGN,NGN/MT,Gap-filled,wholesale,National,,,0.6,False,Weekly gap-fill,Interpolated,historical,False,,,1610.0,900.9875,924.2857142857144,33.4,39.5,0,1,1,0,0,0,0,1,0,0,1,0,0,0,0,0,0,0,1,0,1.2246467991473532e-16,-1.0,0.2393156642875576,-0.970941817426052,0,389.51,625755.5564,624400.0008,621688.8896,616266.6672,610844.4448,686841.15,655494.91,625077.7786,1750.0147545465259,622366.6673999999,3320.4195380070787,619655.5562,4887.525222526816,621790.2185230769,25265.1762816813,627111.112,623044.4452,627111.112,612200.0004,0.21662701771256732,0.8721761785848603,2.6629802953067383,-4.330132479594706,0.529,-0.00047029142631327403,-0.224,13.348880610648532,6.928,0,0,0.5,470098.28,805,2025,2
Wheat,2025-06-16,628466.6676,NGN,NGN/MT,Gap-filled,wholesale,National,,,0.6,False,Weekly gap-fill,Interpolated,historical,False,,,1610.0,900.9875,924.2857142857144,33.4,39.5,0,1,1,0,0,0,0,1,0,0,1,0,0,0,0,0,0,0,1,0,1.2246467991473532e-16,-1.0,0.120536680255323,-0.992708874098054,0,390.35,627111.112,625755.5564,623044.4452,617622.2228,612200.0004,686841.15,639460.71,626433.3342,1750.0147545464208,623722.223,3320.4195380070023,621011.1118000001,4887.525222526622,619545.0461230769,21577.876469313203,628466.6676,624400.0008,628466.6676,613555.556,0.2161587594384784,0.8702785879520336,2.657083827078033,-1.7192678499356018,1.112,-0.0004682582740889174,-0.161,13.351039861934192,6.928,0,0,0.5,471114.44,806,2025,2
Wheat,2025-06-23,629822.2232,NGN,NGN/MT,Gap-filled,wholesale,National,,,0.6,False,Weekly gap-fill,Interpolated,historical,False,,,1610.0,900.9875,924.2857142857144,33.4,39.5,0,1,1,0,0,0,0,1,0,0,1,0,0,0,0,0,0,0,1,0,1.2246467991473532e-16,-1.0,-3.216245299353273e-16,-1.0,0,391.19,628466.6676,627111.112,624400.0008,618977.7784,613555.556,686841.15,639460.71,627788.8898,1750.014754546293,625077.7786,3320.4195380068886,622366.6674,4887.5252225264285,617352.0104769231,16842.718374184824,629822.2232,625755.5564,629822.2232,614911.1116000001,0.2156925211605154,0.8683892365555446,2.651213413508713,-1.5072836609461016,1.691,-0.00046623827796299366,-0.098,13.353194460897466,6.928,0,0,0.5,472130.6,807,2025,2
Wheat,2025-06-30,631177.7788,NGN,NGN/MT,Gap-filled,wholesale,National,,,0.6,False,Weekly gap-fill,Interpolated,historical,False,,,1610.0,900.9875,924.2857142857144,33.4,39.5,0,1,1,0,0,0,0,1,0,0,1,0,0,0,0,0,0,0,1,0,1.2246467991473532e-16,-1.0,-0.1205366802553228,-0.992708874098054,0,392.04,629822.2232,628466.6676,625755.5564,620333.334,614911.1116000001,686841.15,639460.71,629144.4454,1750.0147545461652,626433.3342,3320.4195380068004,623722.223,4887.525222526252,615211.1115846154,9664.720925353653,631177.7788,627111.112,631177.7788,616266.6672,0.21522828983593367,0.8665080708502693,2.645368882288368,-1.2952994719566124,2.265,-0.000464231324581732,-0.037,13.355344427543047,6.928,0,0,0.5,473146.76,808,2025,2
Wheat,2025-07-07,632533.3344,NGN,NGN/MT,Gap-filled,wholesale,National,,,0.6,False,Weekly gap-fill,Interpolated,historical,False,,,1595.0,900.9875,924.2857142857144,33.4,39.5,0,1,1,0,0,0,1,1,0,0,1,0,0,0,0,0,0,0,1,0,-0.4999999999999997,-0.8660254037844388,-0.2393156642875574,-0.970941817426052,0,396.57,631177.7788,629822.2232,627111.112,621688.8896,616266.6672,620000.0,633629.15,630500.001,1750.0147545460602,627788.8898,3320.419538006724,625077.7786,4887.525222526092,615693.1629076924,10210.298731584577,632533.3344,628466.6676,632533.3344,617622.2228,0.21476605253392123,0.8646350377538914,2.639550062622642,-0.1729427378775017,2.405,-0.00046223730201244706,0.019,13.357489781746873,6.928,0,0,0.5,474162.92,809,2025,3
Wheat,2025-07-14,633888.89,NGN,NGN/MT,Gap-filled,wholesale,National,,,0.6,False,Weekly gap-fill,Interpolated,historical,False,,,1595.0,900.9875,924.2857142857144,33.4,39.5,0,1,1,0,0,0,1,1,0,0,1,0,0,0,0,0,0,0,1,0,-0.4999999999999997,-0.8660254037844388,-0.3546048870425356,-0.9350162426854148,0,397.42,632533.3344,631177.7788,628466.6676,623044.4452,617622.2228,600000.0,633629.15,631855.5566,1750.0147545459324,629144.4454,3320.4195380066103,626433.3342,4887.525222525932,616996.5817538461,10289.59223521325,633888.89,629822.2232,633888.89,618977.7784,0.21430579643455516,0.862770084642106,2.6337567852165122,0.04099243224526816,2.408,-0.00046025609936606315,0.073,13.359630543257236,6.928,0,0,0.5,475179.08,810,2025,3
Wheat,2025-07-21,635244.4456,NGN,NGN/MT,Gap-filled,wholesale,National,,,0.6,False,Weekly gap-fill,Interpolated,historical,False,,,1595.0,900.9875,924.2857142857144,33.4,39.5,0,1,1,0,0,0,1,1,0,0,1,0,0,0,0,0,0,0,1,0,-0.4999999999999997,-0.8660254037844388,-0.464723172043768,-0.8854560256532101,0,398.27,633888.89,632533.3344,629822.2232,624400.0008,618977.7784,600000.0,619253.11,633211.1122,1750.0147545458046,630500.001,3320.419538006522,627788.8898,4887.525222525772,618352.1373538461,10282.446493329455,635244.4456,631177.7788,635244.4456,620333.334,0.21384750882760262,0.8609131593437125,2.627988882258081,2.582358544796004,2.403,-0.00045828760695254545,0.116,13.361766731695868,6.928,0,0,0.5,476195.24,811,2025,3
Wheat,2025-07-28,636600.0012,NGN,NGN/MT,Gap-filled,wholesale,National,,,0.6,False,Weekly gap-fill,Interpolated,historical,False,,,1595.0,900.9875,924.2857142857144,33.4,39.5,0,1,1,0,0,0,1,1,0,0,1,0,0,0,0,0,0,0,1,0,-0.4999999999999997,-0.8660254037844388,-0.5680647467311556,-0.8229838658936565,0,399.12,635244.4456,633888.89,631177.7788,625755.5564,620333.334,602711.1112,619253.11,634566.6678,1750.0147545456994,631855.5566,3320.4195380064457,629144.4454,4887.525222525645,619655.5562,10368.006684229653,636600.0012,632533.3344,636600.0012,621688.8896,0.21339117711132172,0.8590642101356627,2.6222461874022107,2.8012602472032855,2.406,-0.00045633171628089997,0.158,13.363898366559022,6.928,0,0,0.5,477211.4,812,2025,3
Wheat,2025-08-04,637955.5568,NGN,NGN/MT,Gap-filled,wholesale,National,,,0.6,False,Weekly gap-fill,Interpolated,historical,False,,,1585.0,900.9875,924.2857142857144,33.4,39.5,0,1,0,0,1,0,1,1,0,0,1,0,0,0,0,1,0,0,1,0,-0.8660254037844384,-0.5000000000000004,-0.663122658240795,-0.7485107481711013,0,402.5,636600.0012,635244.4456,632533.3344,627111.112,621688.8896,602711.1112,619253.11,635922.2234,1750.0147545455718,633211.1122000001,3320.419538006332,630500.001,4887.525222525519,621011.1118,10368.006684229564,637955.5568,633888.89,637955.5568,623044.4452,0.21293678879119593,0.8572231857382429,2.6165285357546253,3.020161949610567,2.401,-0.000454388320125787,0.199,13.36602546721854,6.928,0,0,0.0,478227.55,813,2025,3
Wheat,2025-08-11,639311.1124,NGN,NGN/MT,Gap-filled,wholesale,National,,,0.6,False,Weekly gap-fill,Interpolated,historical,False,,,1585.0,900.9875,924.2857142857144,33.4,39.5,0,1,0,0,1,0,1,1,0,0,1,0,0,0,0,1,0,0,1,0,-0.8660254037844384,-0.5000000000000004,-0.7485107481711011,-0.6631226582407952,0,403.35,637955.5568,636600.0012,633888.89,628466.6676,623044.4452,604066.6668,619253.11,637277.779,1750.014754545444,634566.6678,3320.419538006244,631855.5566,4887.525222525393,622366.6674,10368.006684229475,639311.1124,635244.4456,639311.1124,624400.0008,0.21248433147904588,0.8553900353104327,2.610835763856034,3.239063652017826,2.396,-0.00045245731215004525,0.239,13.368148052922907,6.928,0,0,0.0,479243.71,814,2025,3
Wheat,2025-08-18,640666.6680000001,NGN,NGN/MT,Gap-filled,wholesale,National,,,0.6,False,Weekly gap-fill,Interpolated,historical,False,,,1585.0,900.9875,924.2857142857144,33.4,39.5,0,1,0,0,1,0,1,1,0,0,1,0,0,0,0,1,0,0,1,0,-0.8660254037844384,-0.5000000000000004,-0.8229838658936564,-0.5680647467311559,0,404.21,639311.1124,637955.5568,635244.4456,629822.2232,624400.0008,605422.2224,619253.11,638633.3346000001,1750.014754545339,635922.2234,3320.4195380061674,633211.1122,4887.5252225253,623722.223,10368.006684229393,640666.6680000001,636600.0012,640666.6680000001,625755.5564,0.2120337928917415,0.8535647084452203,2.605167709666678,3.45796535442513,2.391,-0.00045053858730437213,0.279,13.370266142798299,6.928,0,0,0.0,480259.87,815,2025,3
Wheat,2025-08-25,642022.2236,NGN,NGN/MT,Gap-filled,wholesale,National,,,0.6,False,Weekly gap-fill,Interpolated,historical,False,,,1585.0,900.9875,924.2857142857144,33.4,39.5,0,1,0,0,1,0,1,1,0,0,1,0,0,0,0,1,0,0,1,0,-0.8660254037844384,-0.5000000000000004,-0.8854560256532096,-0.4647231720437691,0,405.06,640666.6680000001,639311.1124,636600.0012,631177.7788,625755.5564,606777.778,629473.58,639988.8902,1750.0147545452112,637277.779,3320.419538006054,634566.6678,4887.525222525207,625077.7786,10368.006684229318,642022.2236,637955.5568,642022.2236,627111.112,0.2115851608499808,0.8517471551647837,2.599524212550808,1.9935139454145379,2.385,-0.00044863204176071036,0.324,13.372379755849616,6.928,0,0,0.0,481276.03,816,2025,3
Wheat,2025-09-01,643377.7792,NGN,NGN/MT,Gap-filled,wholesale,National,,,0.6,False,Weekly gap-fill,Interpolated,historical,False,,,1580.0,900.9875,924.2857142857144,23.9,25.8,0,1,0,0,1,1,0,0,0,0,0,0,0,0,0,1,0,0,0,0,-1.0,-1.8369701987210287e-16,-0.9350162426854148,-0.3546048870425359,0,407.2,642022.2236,640666.6680000001,637955.5568,632533.3344,627111.112,608133.3336,629473.58,641344.4458,1750.0147545450834,638633.3346,3320.4195380059655,635922.2234,4887.525222525115,626433.3341999999,10368.006684229245,643377.7792,639311.1124,643377.7792,628466.6676,0.21113842327746823,0.849937325916228,2.593905113261652,2.2088614426041486,2.38,-0.00044673757251256774,0.369,13.374488910961507,6.928,0,0,0.5,519271.82,817,2025,3
Wheat,2025-09-08,644733.3348000001,NGN,NGN/MT,Gap-filled,wholesale,National,,,0.6,False,Weekly gap-fill,Interpolated,historical,False,,,1580.0,900.9875,924.2857142857144,23.9,25.8,0,1,0,0,1,1,0,0,0,0,0,0,0,0,0,1,0,0,0,0,-1.0,-1.8369701987210287e-16,-0.970941817426052,-0.2393156642875577,0,408.06,643377.7792,642022.2236,639311.1124,633888.89,628466.6676,609488.8892,629473.58,642700.0014000001,1750.0147545449781,639988.8902,3320.4195380058895,637277.779,4887.525222525047,627788.8898,10368.00668422918,644733.3348000001,640666.6680000001,644733.3348000001,629822.2232,0.21069356819964913,0.8481351715669216,2.5883102539263403,2.424208939793804,2.375,-0.00044485507781910627,0.411,13.376593626899375,6.928,0,0,0.5,520365.89,818,2025,3
Wheat,2025-09-15,646088.8904,NGN,NGN/MT,Gap-filled,wholesale,National,,,0.6,False,Weekly gap-fill,Interpolated,historical,False,,,1580.0,900.9875,924.2857142857144,23.9,25.8,0,1,0,0,1,1,0,0,0,0,0,0,0,0,0,1,0,0,0,0,-1.0,-1.8369701987210287e-16,-0.992708874098054,-0.1205366802553235,0,408.92,644733.3348000001,643377.7792,640666.6680000001,635244.4456,629822.2232,610844.4448,629473.58,644055.557,1750.0147545448503,641344.4458,3320.419538005776,638633.3346000001,4887.525222524955,629144.4454000001,10368.006684229116,646088.8904,642022.2236,646088.8904,631177.7788,0.2102505837425772,0.846340643399901,2.582739478031182,2.639556436983437,2.37,-0.00044298445707191547,0.453,13.37869392231039,6.928,0,0,0.5,521459.96,819,2025,3
Wheat,2025-09-22,647444.446,NGN,NGN/MT,Gap-filled,wholesale,National,,,0.6,False,Weekly gap-fill,Interpolated,historical,False,,,1580.0,900.9875,924.2857142857144,23.9,25.8,0,1,0,0,1,1,0,0,0,0,0,0,0,0,0,1,0,0,0,0,-1.0,-1.8369701987210287e-16,-1.0,-1.8369701987210287e-16,0,409.77,646088.8904,644733.3348000001,642022.2236,636600.0012,631177.7788,612200.0004,657062.05,645411.1126,1750.0147545447228,642700.0014000001,3320.419538005687,639988.8902,4887.525222524862,630500.001,10368.006684229043,647444.446,643377.7792,647444.446,632533.3344,0.20980945813209306,0.8445536931098729,2.577192630406966,-1.4637284256486915,2.365,-0.0004411256104841499,0.519,13.38078981572447,6.928,0,0,0.5,522554.03,820,2025,3
Wheat,2025-09-29,648800.0016000001,NGN,NGN/MT,Gap-filled,wholesale,National,,,0.6,False,Weekly gap-fill,Interpolated,historical,False,,,1580.0,900.9875,924.2857142857144,23.9,25.8,0,1,0,0,1,1,0,0,0,0,0,0,0,0,0,1,0,0,0,0,-1.0,-1.8369701987210287e-16,-0.992708874098054,0.1205366802553232,0,410.63,647444.446,646088.8904,643377.7792,637955.5568,632533.3344,613555.556,657062.05,646766.6682000001,1750.0147545446175,644055.557,3320.4195380056112,641344.4458,4887.525222524795,631855.5566,10368.006684228978,648800.0016000001,644733.3348000001,648800.0016000001,633888.89,0.20937017969262506,0.8427742727985299,2.5716695572147286,-1.2574228567910684,2.36,-0.00043927843946800493,0.584,13.382881325555267,6.928,0,0,0.5,523648.1,821,2025,3
Wheat,2025-10-06,650155.5572,NGN,NGN/MT,Gap-filled,wholesale,National,,,0.6,False,Weekly gap-fill,Interpolated,historical,False,,,1595.0,900.9875,924.2857142857144,23.9,25.8,0,1,0,0,0,1,0,0,0,1,0,1,0,1,1,1,1,0,0,0,-0.8660254037844386,0.5000000000000001,-0.970941817426052,0.2393156642875573,0,407.62,648800.0016000001,647444.446,644733.3348000001,639311.1124,633888.89,614911.1116000001,657062.05,648122.2238,1750.0147545444897,645411.1126,3320.4195380054975,642700.0014000001,4887.525222524702,633211.1122,10368.006684228916,650155.5572,646088.8904,650155.5572,635244.4456,0.20893273684603475,0.8410023349703089,2.5661701059313424,-1.0511172879334563,2.355,-0.00043744284659030797,0.648,13.384968470101143,6.928,0,0,0.5,524742.18,822,2025,4
Wheat,2025-10-13,651511.1128,NGN,NGN/MT,Gap-filled,wholesale,National,,,0.6,False,Weekly gap-fill,Interpolated,historical,False,,,1595.0,900.9875,924.2857142857144,23.9,25.8,0,1,0,0,0,1,0,0,0,1,0,1,0,1,1,1,1,0,0,0,-0.8660254037844386,0.5000000000000001,-0.9350162426854148,0.3546048870425355,0,408.47,650155.5572,648800.0016000001,646088.8904,640666.6680000001,635244.4456,616266.6672,655607.75,649477.7794,1750.014754544362,646766.6682000001,3320.4195380054093,644055.557,4887.5252225246095,634566.6678,10368.006684228842,651511.1128,647444.446,651511.1128,636600.0012,0.20849711811090632,0.8392378325284389,2.5606941253356164,-0.6248610087357886,2.35,-0.0004356187351284291,0.71,13.387051267546116,6.928,0,0,0.5,525836.25,823,2025,4
Wheat,2025-10-20,652866.6684000001,NGN,NGN/MT,Gap-filled,wholesale,National,,,0.6,False,Weekly gap-fill,Interpolated,historical,False,,,1595.0,900.9875,924.2857142857144,23.9,25.8,0,1,0,0,0,1,0,0,0,1,0,1,0,1,1,1,1,0,0,0,-0.8660254037844386,0.5000000000000001,-0.8854560256532101,0.464723172043768,0,409.32,651511.1128,650155.5572,647444.446,642022.2236,636600.0012,617622.2228,655607.75,650833.3350000001,1750.014754544257,648122.2238,3320.419538005333,645411.1126,4887.525222524541,635922.2234,10368.006684228776,652866.6684000001,648800.0016000001,652866.6684000001,637955.5568,0.20806331210134754,0.8374807187704336,2.5552414654943734,-0.41809780314523426,2.345,-0.00043380600955877924,0.77,13.389129735960823,6.928,0,0,0.5,526930.32,824,2025,4
Wheat,2025-10-27,654222.224,NGN,NGN/MT,Gap-filled,wholesale,National,,,0.6,False,Weekly gap-fill,Interpolated,historical,False,,,1595.0,900.9875,924.2857142857144,23.9,25.8,0,1,0,0,0,1,0,0,0,1,0,1,0,1,1,1,1,0,0,0,-0.8660254037844386,0.5000000000000001,-0.822983865893657,0.5680647467311548,0,410.17,652866.6684000001,651511.1128,648800.0016000001,643377.7792,637955.5568,618977.7784,662173.28,652188.8906,1750.0147545441291,649477.7794000001,3320.4195380052192,646766.6682000001,4887.525222524449,637277.779,10368.006684228707,654222.224,650155.5572,654222.224,639311.1124,0.20763130752594616,0.835730947384139,2.5498119777487283,-1.2007515615852116,2.34,-0.00043200457540137904,0.838,13.391203893303457,6.928,0,0,0.5,528024.39,825,2025,4
Wheat,2025-11-03,655577.7796,NGN,NGN/MT,Gap-filled,wholesale,National,,,0.6,False,Weekly gap-fill,Interpolated,historical,False,,,1600.0,900.9875,924.2857142857144,23.9,25.8,1,0,0,0,0,1,0,0,0,1,0,1,1,1,1,0,1,0,0,0,-0.5000000000000004,0.8660254037844384,-0.7485107481711011,0.6631226582407952,1,409.74,654222.224,652866.6684000001,650155.5572,644733.3348000001,639311.1124,620333.334,662173.28,653544.4462,1750.0147545440016,650833.3350000001,3320.419538005131,648122.2238,4887.525222524357,638633.3346,10368.006684228632,655577.7796,651511.1128,655577.7796,640666.6680000001,0.20720109318694835,0.8339884724436697,2.5444055147006983,-0.9960384387603272,2.335,-0.00043021433899781414,0.905,13.3932737574207,6.928,0,0,0.5,529118.47,826,2025,4
Wheat,2025-11-10,656933.3352,NGN,NGN/MT,Gap-filled,wholesale,National,,,0.6,False,Weekly gap-fill,Interpolated,historical,False,,,1600.0,900.9875,924.2857142857144,23.9,25.8,1,0,0,0,0,1,0,0,0,1,0,1,1,1,1,0,1,0,0,0,-0.5000000000000004,0.8660254037844384,-0.6631226582407955,0.7485107481711007,1,410.58,655577.7796,654222.224,651511.1128,646088.8904,640666.6680000001,621688.8896,648830.7,654900.0018000001,1750.0147545438738,652188.8906,3320.419538005043,649477.7794,4887.525222524281,639988.8902,10368.00668422856,656933.3352,652866.6684000001,656933.3352,642022.2236,0.20677265797919286,0.832253248405368,2.539021930199725,1.2488057670513975,2.33,-0.00042843520775548427,0.951,13.395339346048635,6.928,0,0,0.5,530212.54,827,2025,4
Wheat,2025-11-17,658288.8908,NGN,NGN/MT,Gap-filled,wholesale,National,,,0.6,False,Weekly gap-fill,Interpolated,historical,False,,,1600.0,900.9875,924.2857142857144,23.9,25.8,1,0,0,0,0,1,0,0,0,1,0,1,1,1,1,0,1,0,0,0,-0.5000000000000004,0.8660254037844384,-0.5680647467311559,0.8229838658936564,1,411.43,656933.3352,655577.7796,652866.6684000001,647444.446,642022.2236,623044.4452,648830.7,656255.5574,1750.0147545438513,653544.4462,3320.41953800498,650833.335,4887.525222524222,641344.4458,10368.006684228489,658288.8908,654222.224,658288.8908,643377.7792,0.2063459908892229,0.8305252301037847,2.5336610793296632,1.4577286185749383,2.325,-0.0004266670899699676,0.994,13.397400676813675,6.928,0,0,0.5,531306.61,828,2025,4
Wheat,2025-11-24,659644.4464,NGN,NGN/MT,Gap-filled,wholesale,National,,,0.6,False,Weekly gap-fill,Interpolated,historical,False,,,1600.0,900.9875,924.2857142857144,23.9,25.8,1,0,0,0,0,1,0,0,0,1,0,1,1,1,1,0,1,0,0,0,-0.5000000000000004,0.8660254037844384,-0.4647231720437684,0.88545602565321,1,412.28,658288.8908,656933.3352,654222.224,648800.0016000001,643377.7792,624400.0008,658374.63,657611.113,1750.0147545437985,654900.0018,3320.419538004929,652188.8906,4887.525222524155,642700.0014,10368.006684228416,659644.4464,655577.7796,659644.4464,644733.3348000001,0.20592108099417583,0.8288043727478156,2.528322818395523,0.19287140514512302,2.32,-0.00042490989504706533,1.048,13.399457767233447,6.928,0,0,0.5,532400.68,829,2025,4
Wheat,2025-12-01,661000.002,NGN,NGN/MT,Gap-filled,wholesale,National,,,0.6,False,Weekly gap-fill,Interpolated,historical,False,,,1610.0,900.9875,924.2857142857144,24.2,26.1,1,0,0,0,0,0,0,0,0,1,0,1,1,1,1,0,0,0,0,1,-2.4492935982947064e-16,1.0,-0.3546048870425359,0.9350162426854148,1,410.56,659644.4464,658288.8908,655577.7796,650155.5572,644733.3348000001,625755.5564,681673.41,658966.6686,1750.0147545436707,656255.5574,3320.419538004841,653544.4462,4887.525222524079,644055.557,10368.006684228341,661000.002,656933.3352,661000.002,646088.8904,0.20549791746111712,0.8270906319168381,2.5230070049109488,-3.0327437885541153,2.315,-0.00042316353305871246,1.151,13.401510634717697,6.928,0,0,0.0,532206.12,830,2025,4
Wheat,2025-12-08,662355.5576000001,NGN,NGN/MT,Gap-filled,wholesale,National,,,0.6,False,Weekly gap-fill,Interpolated,historical,False,,,1610.0,900.9875,924.2857142857144,24.2,26.1,1,0,0,0,0,0,0,0,0,1,0,1,1,1,1,0,0,0,0,1,-2.4492935982947064e-16,1.0,-0.2393156642875578,0.970941817426052,1,411.4,661000.002,659644.4464,656933.3352,651511.1128,646088.8904,627111.112,686841.15,660322.2242,1750.0147545435955,657611.113,3320.419538004778,654900.0018000001,4887.52522252402,645411.1126,10368.006684228272,662355.5576000001,658288.8908,662355.5576000001,647444.446,0.20507648954593005,0.8253839635568694,2.5177134975853166,-3.5649571083502973,2.31,-0.000421427915187067,1.276,13.403559296569172,6.928,0,0,0.0,533297.55,831,2025,4
Wheat,2025-12-15,663711.1132,NGN,NGN/MT,Gap-filled,wholesale,National,,,0.6,False,Weekly gap-fill,Interpolated,historical,False,,,1610.0,900.9875,915.0,24.2,26.1,1,0,0,0,0,0,0,0,0,1,0,1,1,1,1,0,0,0,0,1,-2.4492935982947064e-16,1.0,-0.1205366802553236,0.992708874098054,1,412.24,662355.5576000001,661000.002,658288.8908,652866.6684000001,647444.446,628466.6676,686841.15,661677.7798,1750.014754543543,658966.6686,3320.419538004727,656255.5574,4887.525222523953,646766.6682,10368.0066842282,663711.1132,659644.4464,663711.1132,648800.0016000001,0.20465678659233877,0.8236843239767477,2.5124421563112787,-3.3675962484193023,2.305,-0.0004197029535912833,1.41,13.405603769984495,6.899,0,0,0.0,534388.98,832,2025,4
Wheat,2025-12-22,665066.6688,NGN,NGN/MT,Gap-filled,wholesale,National,,,0.6,False,Weekly gap-fill,Interpolated,historical,False,,,1610.0,900.9875,915.0,24.2,26.1,1,0,0,0,0,0,0,0,0,1,0,1,1,1,1,0,0,0,0,1,-2.4492935982947064e-16,1.0,6.432490598706546e-16,1.0,1,413.08,663711.1132,662355.5576000001,659644.4464,654222.224,648800.0016000001,629822.2232,686841.15,663033.3354,1750.0147545434154,660322.2241999999,3320.419538004639,657611.113,4887.525222523877,648122.2237999999,10368.006684228125,665066.6688,661000.002,665066.6688,650155.5572,0.20423879803130873,0.8219916698445129,2.507192842152417,-3.170235388488307,2.301,-0.000417988561030036,1.553,13.407644072055023,6.899,0,0,0.0,535480.41,833,2025,4
Wheat,2025-12-29,666422.2244000001,NGN,NGN/MT,Gap-filled,wholesale,National,,,0.6,False,Weekly gap-fill,Interpolated,historical,False,,,1610.0,900.9875,915.0,24.2,26.1,1,0,0,0,0,0,0,0,0,1,0,1,1,1,1,0,0,0,0,1,-2.4492935982947064e-16,1.0,0.120536680255323,0.992708874098054,1,413.93,665066.6688,663711.1132,661000.002,655577.7796,650155.5572,631177.7788,686841.15,664388.8910000001,1750.0147545433401,661677.7798,3320.419538004576,658966.6686,4887.525222523818,649477.7794000001,10368.006684228056,666422.2244000001,662355.5576000001,666422.2244000001,651511.1128,0.2038225133798921,0.8203059581836536,2.5019654173310535,-2.97287452855729,2.296,-0.00041628465141663185,1.709,13.40968021976772,6.899,0,0,0.0,536571.84,834,2025,4
Wheat,2026-01-05,667777.78,NGN,NGN/MT,Agrolinking Primary Collection,wholesale,National,,,0.92,True,Primary data collected by Agrolinking across 10 states — converted from NGN/100kg to NGN/MT,Agrolinking_primary,historical,False,,667777.78,1590.0,900.9875,915.0,24.2,26.1,1,0,0,0,0,0,0,0,0,1,0,0,1,0,0,0,0,0,0,1,0.4999999999999999,0.8660254037844387,0.2393156642875577,0.970941817426052,1,419.99,666422.2244000001,665066.6688,662355.5576000001,656933.3352,651511.1128,632533.3344,620000.0,665744.4466,1750.0147545432876,663033.3354,3320.4195380045,660322.2242,4887.525222523751,650833.3350000001,10368.006684227983,667777.78,663711.1132,667777.78,652866.6684000001,0.20340792224033954,0.8186271463693995,2.496759745216126,7.706093548387094,2.291,-0.0004145911395525559,1.687,13.41171223000599,6.899,0,0,0.0,537663.27,835,2026,1
Wheat,2026-01-12,676250.0,NGN,NGN/MT,Agrolinking Primary Collection,wholesale,National,,,0.92,True,Primary data collected by Agrolinking across 10 states — converted from NGN/100kg to NGN/MT,Agrolinking_primary,historical,False,,676250.0,1590.0,900.9875,1241.555625,24.2,26.1,1,0,0,0,0,0,0,0,0,1,0,0,1,0,0,0,0,0,0,1,0.4999999999999999,0.8660254037844387,0.3546048870425356,0.9350162426854148,1,425.31,667777.78,666422.2244000001,663711.1132,658288.8908,652866.6684000001,633888.89,600000.0,668879.1683,5036.994537163563,665278.4740500001,5196.449192658393,662270.8351666667,6144.551496792169,652462.6084615384,10912.861909040625,676250.0,665066.6688,676250.0,654222.224,1.2687184649959438,1.8892085051198437,3.5816396718959753,12.708333333333343,2.516,1.0653105427556042,2.0,13.424319587884803,7.909,0,0,0.0,544484.7,836,2026,1
Wheat,2026-01-19,681428.57,NGN,NGN/MT,Agrolinking Primary Collection,wholesale,National,,,0.92,True,Primary data collected by Agrolinking across 10 states — converted from NGN/100kg to NGN/MT,Agrolinking_primary,historical,False,,681428.57,1590.0,900.9875,1241.555625,24.2,26.1,1,0,0,0,0,0,0,0,0,1,0,0,1,0,0,0,0,0,0,1,0.4999999999999999,0.8660254037844387,0.4647231720437685,0.8854560256532099,1,428.57,676250.0,667777.78,665066.6688,659644.4464,654222.224,635244.4456,600000.0,672969.6436,7121.290139973809,668001.4895,7159.273865702158,664538.0306666667,7721.676696591354,654238.9209384616,11726.53100496199,681428.57,666422.2244000001,681428.57,655577.7796,0.7657774491681923,2.460189627232756,4.158578691145154,13.571428333333335,2.863,-0.5029410158277514,2.133,13.431948179216942,7.909,0,0,0.0,548654.24,837,2026,1
Wheat,2026-01-26,676250.0,NGN,NGN/MT,Agrolinking Primary Collection,wholesale,National,,,0.92,True,Primary data collected by Agrolinking across 10 states — converted from NGN/100kg to NGN/MT,Agrolinking_primary,historical,False,,676250.0,1590.0,900.9875,1241.555625,24.2,26.1,1,0,0,0,0,0,0,0,0,1,0,0,1,0,0,0,0,0,0,1,0.4999999999999999,0.8660254037844387,0.5680647467311558,0.8229838658936564,1,425.31,681428.57,676250.0,666422.2244000001,661000.002,655577.7796,636600.0012,602711.1112,675426.5875,5653.437490959761,669907.73925,7058.259694143828,666260.7157000001,7845.899930258202,655763.9208923077,11917.513332623943,681428.57,667777.78,681428.57,656933.3352,-0.759957863228411,1.4747070611050184,3.1532826528399394,12.201349441456921,2.998,-1.5257353123966033,1.807,13.424319587884803,7.909,0,0,0.0,544484.7,838,2026,1
Wheat,2026-02-02,667777.78,NGN,NGN/MT,Agrolinking Primary Collection,wholesale,National,,,0.92,True,Primary data collected by Agrolinking across 10 states — converted from NGN/100kg to NGN/MT,Agrolinking_primary,historical,False,,667777.78,1600.0,900.9875,1241.555625,24.2,26.1,1,0,0,0,0,0,0,0,1,1,0,0,1,0,0,0,0,0,0,0,0.8660254037844386,0.5000000000000001,0.6631226582407952,0.7485107481711011,1,417.36,676250.0,681428.57,667777.78,662355.5576000001,656933.3352,637955.5568,602711.1112,675426.5875,5653.437490959761,670585.51705,6464.843674306074,667164.4194333333,7277.867411909909,656910.9294769231,11564.889508895925,681428.57,667777.78,681428.57,658288.8908,-1.2528236598890907,0.0,1.6507679271137166,10.795664388939507,2.819,-0.49286579666067976,1.363,13.41171223000599,7.909,0,0,0.0,537663.27,839,2026,1
Wheat,2026-02-09,667777.78,NGN,NGN/MT,Agrolinking Primary Collection,wholesale,National,,,0.92,True,Primary data collected by Agrolinking across 10 states — converted from NGN/100kg to NGN/MT,Agrolinking_primary,historical,False,,667777.78,1600.0,900.9875,1075.261304347826,24.2,26.1,1,0,0,0,0,0,0,0,1,1,0,0,1,0,0,0,0,0,0,0,0.8660254037844386,0.5000000000000001,0.7485107481711011,0.6631226582407953,1,417.36,667777.78,676250.0,676250.0,663711.1132,658288.8908,639311.1124,604066.6668,673308.5325,6727.200668117655,671093.8504,5989.492738165671,667955.1602,6719.975959518253,658005.8013076923,11172.885501074239,681428.57,667777.78,681428.57,659644.4464,0.0,-1.2528236598890907,1.4414475669592974,10.547033415617047,2.326,1.2528236598890907,1.319,13.41171223000599,7.395,0,0,0.0,537663.27,840,2026,1
Wheat,2026-02-16,681000.0,NGN,NGN/MT,Agrolinking Primary Collection,wholesale,National,,,0.92,True,Primary data collected by Agrolinking across 10 states — converted from NGN/100kg to NGN/MT,Agrolinking_primary,historical,False,,681000.0,1600.0,900.9875,1075.261304347826,24.2,26.1,1,0,0,0,0,0,0,0,1,1,0,0,1,0,0,0,0,0,0,0,0.8660254037844386,0.5000000000000001,0.8229838658936564,0.5680647467311559,1,425.62,667777.78,667777.78,681428.57,665066.6688,659644.4464,640666.6680000001,605422.2224,673201.39,6556.000603220802,673085.5168000001,6337.971332609452,669734.7896666666,7134.001522415777,659557.0833076923,11465.345207555863,681000.0,667777.78,681428.57,661000.002,1.980032938502374,-0.06289287224924278,3.2374340019911685,12.483482568643822,2.069,1.980032938502374,1.867,13.431319053559353,7.395,0,0,0.0,548309.18,841,2026,1
Wheat,2026-02-23,681000.0,NGN,NGN/MT,Agrolinking Primary Collection,wholesale,National,,,0.92,True,Primary data collected by Agrolinking across 10 states — converted from NGN/100kg to NGN/MT,Agrolinking_primary,historical,False,,681000.0,1600.0,900.9875,1075.261304347826,24.2,26.1,1,0,0,0,0,0,0,0,1,1,0,0,1,0,0,0,0,1,0,0,0.8660254037844386,0.5000000000000001,0.8854560256532099,0.4647231720437686,1,425.62,681000.0,667777.78,676250.0,666422.2244000001,661000.002,642022.2236,606777.778,674388.89,7633.852276282174,674907.73875,6243.451430161928,671401.4561666667,7243.234313644608,661056.2285538462,11627.979259217227,681000.0,667777.78,681428.57,662355.5576000001,0.0,0.7024029574861368,3.0257182964426033,12.232191865141107,2.017,-1.980032938502374,1.79,13.431319053559353,7.395,0,0,0.0,548309.18,842,2026,1
Wheat,2026-03-02,662000.0,NGN,NGN/MT,Agrolinking Primary Collection,wholesale,National,,,0.92,True,Primary data collected by Agrolinking across 10 states — converted from NGN/100kg to NGN/MT,Agrolinking_primary,historical,False,,662000.0,1620.0,900.9875,1075.261304347826,24.2,26.1,1,0,0,1,0,0,0,0,1,1,0,0,0,0,0,0,0,1,0,0,1.0,6.123233995736766e-17,0.9350162426854148,0.3546048870425355,0,408.64,681000.0,681000.0,667777.78,667777.78,662355.5576000001,643377.7792,608133.3336,672944.445,9596.166531419263,674185.5162500001,7411.047404970499,671371.8263666667,7284.213557230226,661772.4678153847,11054.904266671336,681000.0,662000.0,681428.57,662000.0,-2.7900146842878115,-0.8652249555233804,-0.053680775517062074,8.857706595545833,1.688,-2.7900146842878115,0.862,13.403022345492023,7.395,0,0,0.0,533011.27,843,2026,1
Wheat,2026-03-09,662000.0,NGN,NGN/MT,Agrolinking Primary Collection,wholesale,National,,,0.92,True,Primary data collected by Agrolinking across 10 states — converted from NGN/100kg to NGN/MT,Agrolinking_primary,historical,False,,662000.0,1620.0,900.9875,1273.415,24.2,26.1,1,0,0,1,0,0,0,0,1,1,0,0,0,0,0,0,0,1,0,0,1.0,6.123233995736766e-17,0.970941817426052,0.239315664287558,0,408.64,662000.0,681000.0,667777.78,676250.0,663711.1132,644733.3348000001,609488.8892,671500.0,10969.655114601233,672404.2662500001,8479.447978124565,671229.2336,7462.378669520407,662436.5703230769,10494.809364541974,681000.0,662000.0,681428.57,662000.0,0.0,-0.8652249555233804,-0.2578099365776909,8.615597713179767,1.368,2.7900146842878115,0.831,13.403022345492023,8.007,0,0,0.0,533011.27,844,2026,1
Wheat,2026-03-16,660000.0,NGN,NGN/MT,Agrolinking Primary Collection,wholesale,National,,,0.92,True,Primary data collected by Agrolinking across 10 states — converted from NGN/100kg to NGN/MT,Agrolinking_primary,historical,False,,660000.0,1620.0,1380.0,1200.0,24.2,26.1,1,0,0,1,0,0,0,0,1,1,0,0,0,0,0,0,0,1,0,0,1.0,6.123233995736766e-17,0.992708874098054,0.120536680255323,0,407.41,662000.0,662000.0,681000.0,681428.57,665066.6688,646088.8904,610844.4448,666250.0,9878.427675156292,669725.6950000001,8605.123702888299,670807.0112,7968.901320125496,662971.613,9969.499062048215,681000.0,660000.0,681428.57,660000.0,-0.30211480362537513,-3.083700440528636,-0.7618287064576457,8.047147783441687,0.494,-0.30211480362537513,0.703,13.399996629152975,9.944,1,2,0.0,531400.97,845,2026,1
Wheat,2026-03-23,680600.0,NGN,NGN/MT,Agrolinking Primary Collection,wholesale,National,,,0.92,True,Primary data collected by Agrolinking across 10 states — converted from NGN/100kg to NGN/MT,Agrolinking_primary,historical,False,,680600.0,1620.0,1450.0,1250.0,24.2,26.1,1,0,0,1,0,0,0,0,1,1,0,0,0,0,0,0,0,0,0,0,1.0,6.123233995736766e-17,1.0,-1.6081226496766364e-16,0,420.12,660000.0,662000.0,681000.0,676250.0,666422.2244000001,647444.446,612200.0004,666150.0,9679.35948293896,670269.4450000001,9193.598072215156,671988.4925,8303.683565729038,664246.8266153845,10024.289477053087,680600.0,660000.0,681428.57,660000.0,3.1212121212121247,-0.05873715124816714,2.127446396729127,11.172819267446709,0.287,3.4233269248375,1.678,13.430731510339664,10.414,1,2,0.0,547987.12,846,2026,1
Wheat,2026-03-30,682175.0,NGN,NGN/MT,Gap-filled,wholesale,National,,,0.6,False,Weekly gap-fill,Interpolated,historical,False,,,1620.0,1420.0,1270.0,24.2,26.1,1,0,0,1,0,0,0,0,1,1,0,0,0,0,0,0,0,0,0,0,1.0,6.123233995736766e-17,0.992708874098054,-0.1205366802553228,0,421.1,680600.0,660000.0,662000.0,667777.78,667777.78,648800.0016000001,613555.556,671193.75,11816.520479818224,672069.0975,10009.135619978168,673188.2608333334,8671.920595720005,665530.4804,10103.727119908037,682175.0,660000.0,682175.0,660000.0,0.23141345871289243,3.0475830815710037,2.1559896766855546,11.183900680055125,0.851,-2.8897986624992322,1.692,13.43304296804881,10.341,1,2,0.0,549255.23,847,2026,1
Wheat,2026-04-06,683750.0,NGN,NGN/MT,Agrolinking Primary Collection,wholesale,National,,,0.92,True,Primary data collected by Agrolinking across 10 states — converted from NGN/100kg to NGN/MT,Agrolinking_primary,historical,False,,683750.0,1640.0,1420.0,1260.0,24.2,26.1,0,1,1,1,0,0,0,0,1,0,0,0,0,0,0,0,0,0,0,0,0.8660254037844387,-0.4999999999999998,0.970941817426052,-0.2393156642875575,0,416.92,682175.0,680600.0,662000.0,667777.78,676250.0,650155.5572,614911.1116000001,676631.25,11161.828087278842,674065.625,10606.05401158395,673813.2608333334,9168.686148086248,666822.5743538463,10206.445017660702,683750.0,660000.0,683750.0,660000.0,0.2308791732326787,3.2854984894259864,1.109057301293892,11.194933235290062,1.471,-0.0005342854802137254,1.704,13.43534909524011,10.31,1,2,0.5,550523.35,848,2026,2
Wheat,2026-04-13,706833.33,NGN,NGN/MT,Agrolinking Primary Collection,wholesale,National,,,0.92,True,Primary data collected by Agrolinking across 10 states — converted from NGN/100kg to NGN/MT,Agrolinking_primary,historical,False,,706833.33,1640.0,1420.0,1510.0214285714285,25.8,27.8,0,1,1,1,0,0,0,0,1,0,0,0,0,0,0,0,0,0,0,0,0.8660254037844387,-0.4999999999999998,0.9350162426854148,-0.3546048870425354,0,431.0,683750.0,682175.0,660000.0,681000.0,681428.57,651511.1128,616266.6672,688339.5825,12396.05016112789,677294.79125,15719.12160778224,675930.3241666666,13153.849801769315,668950.3519384617,12414.498517838178,706833.33,680600.0,706833.33,660000.0,3.375989762340037,7.095959090909076,3.72816185267959,14.696018399224542,2.898,3.1451105891073583,2.657,13.46855158927248,11.083,1,2,0.5,561870.69,849,2026,2
