commodity,date,price_ngn_mt,currency,unit,source,market_type,region,fx_rate,rainfall_index,data_quality_score,is_validated,notes,data_source,record_type,outlier_flag,outlier_reason,price_raw_ngn_mt,fx_rate_usd_ngn,fuel_diesel_ngn_litre,fuel_petrol_ngn_litre,headline_inflation_yoy,food_inflation_yoy,season_dry,season_rainy,season_planting,season_planting_early,season_planting_late,season_harvesting,season_harvest_early,season_harvest_lean,cashew_harvest,cocoa_main_crop,cocoa_mid_crop,sesame_harvest,ginger_harvest,hibiscus_harvest,sorghum_harvest,maize_harvest,soybean_harvest,is_ramadan,is_lean_season,is_festive_period,month_sin,month_cos,week_sin,week_cos,wheat_harvest,price_usd_mt,price_lag_1w,price_lag_2w,price_lag_4w,price_lag_8w,price_lag_12w,price_lag_26w,price_lag_52w,rolling_mean_4w,rolling_std_4w,rolling_mean_8w,rolling_std_8w,rolling_mean_12w,rolling_std_12w,rolling_mean_26w,rolling_std_26w,rolling_max_4w,rolling_min_4w,rolling_max_12w,rolling_min_12w,pct_change_1w,pct_change_4w,pct_change_12w,pct_change_52w,momentum_4w_vs_26w,acceleration_1w,price_zscore_52w,log_price,fuel_cost_index,shock_active,shock_severity,commodity_season_score,price_real_ngn_mt,weeks_since_start,year,quarter
Fish (dried),2016-01-11,1250000.0,NGN,NGN/MT,WFP Nigeria,retail,National,,,0.9,True,WFP VAM retail data,WFP,historical,False,,,199.0,146.8090909090909,122.67454545454548,11.4,12.5,1,0,0,0,0,0,0,0,0,1,0,0,1,0,0,0,0,0,0,1,0.4999999999999999,0.8660254037844387,0.2393156642875577,0.970941817426052,1,6281.41,,,,,,,,,,,,,,,,,,,,,,,,,,,14.038654909278163,1.0,0,0,0.0,1122082.59,0,2016,1
Fish (dried),2016-01-18,1198856.061,NGN,NGN/MT,WFP Nigeria,retail,National,,,0.9,True,WFP VAM retail data,WFP,historical,False,,,199.0,146.8090909090909,122.67454545454548,11.4,12.5,1,0,0,0,0,0,0,0,0,1,0,0,1,0,0,0,0,0,0,1,0.4999999999999999,0.8660254037844387,0.3546048870425356,0.9350162426854148,1,6024.4,1250000.0,,,,,,,1224428.0304999999,36164.22608349106,1224428.0304999999,36164.22608349106,1224428.0304999999,36164.22608349106,1224428.0304999999,36164.22608349106,1250000.0,1198856.061,1250000.0,1198856.061,-4.09151512,,,,0.0,,,13.996879211723641,1.0,0,0,0.0,1076172.41,1,2016,1
Fish (dried),2016-01-25,1147712.121,NGN,NGN/MT,WFP Nigeria,retail,National,,,0.9,True,WFP VAM retail data,WFP,historical,False,,,199.0,146.8090909090909,122.67454545454548,11.4,12.5,1,0,0,0,0,0,0,0,0,1,0,0,1,0,0,0,0,0,0,1,0.4999999999999999,0.8660254037844387,0.4647231720437685,0.8854560256532099,1,5767.4,1198856.061,1250000.0,,,,,,1198856.0606666666,51143.93949999989,1198856.0606666666,51143.93949999989,1198856.0606666666,51143.93949999989,1198856.0606666666,51143.93949999989,1250000.0,1147712.121,1250000.0,1147712.121,-4.2660617620216446,,,,0.0,-0.17454664202164416,,13.953281930033487,1.0,0,0,0.0,1030262.23,2,2016,1
Fish (dried),2016-02-01,1096568.182,NGN,NGN/MT,WFP Nigeria,retail,National,,,0.9,True,WFP VAM retail data,WFP,historical,False,,,199.0,146.8090909090909,122.67454545454548,11.4,12.5,1,0,0,0,0,0,0,0,1,1,0,0,1,0,0,0,0,0,0,0,0.8660254037844386,0.5000000000000001,0.5680647467311558,0.8229838658936564,1,5510.39,1147712.121,1198856.061,,,,,,1173284.091,66026.54185188038,1173284.091,66026.54185188038,1173284.091,66026.54185188038,1173284.091,66026.54185188038,1250000.0,1096568.182,1250000.0,1096568.182,-4.456164404314067,,,,0.0,-0.19010264229242235,,13.907696938329023,1.0,0,0,0.0,984352.05,3,2016,1
Fish (dried),2016-02-08,1045424.242,NGN,NGN/MT,WFP Nigeria,retail,National,,,0.9,True,WFP VAM retail data,WFP,historical,False,,,199.0,146.8090909090909,122.67454545454548,11.4,12.5,1,0,0,0,0,0,0,0,1,1,0,0,1,0,0,0,0,0,0,0,0.8660254037844386,0.5000000000000001,0.6631226582407952,0.7485107481711011,1,5253.39,1096568.182,1147712.121,1250000.0,,,,,1122140.1515,66026.54211007936,1147712.1212,80865.66866692653,1147712.1212,80865.66866692653,1147712.1212,80865.66866692653,1198856.061,1045424.242,1250000.0,1045424.242,-4.663999999226687,-16.36606064,,,-2.228,-0.20783559491261983,,13.859934290750973,1.0,0,0,0.0,938441.87,4,2016,1
Fish (dried),2016-02-15,994280.303,NGN,NGN/MT,WFP Nigeria,retail,National,,,0.9,True,WFP VAM retail data,WFP,historical,False,,,199.0,137.4375,102.07,11.4,12.5,1,0,0,0,0,0,0,0,1,1,0,0,1,0,0,0,0,0,0,0,0.8660254037844386,0.5000000000000001,0.7485107481711011,0.6631226582407953,1,4996.38,1045424.242,1096568.182,1198856.061,,,,,1070996.212,66026.54185188063,1122140.1515,95681.54942926887,1122140.1515,95681.54942926887,1122140.1515,95681.54942926887,1147712.121,994280.303,1250000.0,994280.303,-4.892170751862091,-17.064246881260924,,,-4.558,-0.2281707526354042,,13.809775446607516,0.905,0,0,0.0,892531.69,5,2016,1
Fish (dried),2016-02-22,943136.364,NGN,NGN/MT,WFP Nigeria,retail,National,,,0.9,True,WFP VAM retail data,WFP,historical,False,,,199.0,137.4375,102.07,11.4,12.5,1,0,0,0,0,0,0,0,1,1,0,0,1,0,0,0,0,0,0,0,0.8660254037844386,0.5000000000000001,0.8229838658936564,0.5680647467311559,1,4739.38,994280.303,1045424.242,1147712.121,,,,,1019852.27275,66026.54172278121,1096568.1818571428,110483.53650006473,1096568.1818571428,110483.53650006473,1096568.1818571428,110483.53650006473,1096568.182,943136.364,1250000.0,943136.364,-5.143814963012494,-17.824657704386137,,,-6.996,-0.2516442111504027,,13.756967218027333,0.905,0,0,0.0,846621.51,6,2016,1
Fish (dried),2016-02-29,891992.424,NGN,NGN/MT,WFP Nigeria,retail,National,,,0.9,True,WFP VAM retail data,WFP,historical,False,,,199.0,137.4375,102.07,11.4,12.5,1,0,0,0,0,0,0,0,1,1,0,0,1,0,0,0,0,0,0,0,0.8660254037844386,0.5000000000000001,0.8854560256532099,0.4647231720437686,1,4482.37,943136.364,994280.303,1096568.182,,,,,968708.3332499999,66026.54172278117,1070996.212125,125276.55500664926,1070996.212125,125276.55500664926,1070996.212125,125276.55500664926,1045424.242,891992.424,1250000.0,891992.424,-5.422751359420596,-18.655999814519518,,,-9.551,-0.27893639640810264,,13.701214039337662,0.905,0,0,0.0,800711.33,7,2016,1
Fish (dried),2016-03-07,840848.485,NGN,NGN/MT,WFP Nigeria,retail,National,,,0.9,True,WFP VAM retail data,WFP,historical,False,,,199.0,137.4375,102.07,11.4,12.5,1,0,0,1,0,0,0,0,1,1,0,0,0,0,0,0,0,0,0,0,1.0,6.123233995736766e-17,0.9350162426854148,0.3546048870425355,0,4225.37,891992.424,943136.364,1045424.242,1250000.0,,,,917564.394,66026.54185188052,1019852.27275,125276.55497748873,1045424.2424444444,140063.44644528616,1045424.2424444444,140063.44644528616,994280.303,840848.485,1250000.0,840848.485,-5.733674146093426,-19.568683103103325,,,-12.23,-0.3109227866728297,,13.642167951475237,0.905,0,0,0.0,754801.15,8,2016,1
Fish (dried),2016-03-14,789704.545,NGN,NGN/MT,WFP Nigeria,retail,National,,,0.9,True,WFP VAM retail data,WFP,historical,False,,,199.0,135.085,114.64888888888888,11.4,12.5,1,0,0,1,0,0,0,0,1,1,0,0,0,0,0,0,0,0,0,0,1.0,6.123233995736766e-17,0.970941817426052,0.239315664287558,0,3968.36,840848.485,891992.424,994280.303,1198856.061,,,,866420.4545,66026.54211007927,968708.33325,125276.5549774888,1019852.2727,154845.96630774825,1019852.2727,154845.96630774825,943136.364,789704.545,1250000.0,789704.545,-6.0824204256013985,-20.575260053200505,,,-15.045,-0.34874627950797255,,13.579415427114814,0.924,0,0,0.0,708890.97,9,2016,1
Fish (dried),2016-03-21,738560.606,NGN,NGN/MT,WFP Nigeria,retail,National,,,0.9,True,WFP VAM retail data,WFP,historical,False,,,199.0,135.085,114.64888888888888,11.4,12.5,1,0,0,1,0,0,0,0,1,1,0,0,0,0,0,0,0,0,0,0,1.0,6.123233995736766e-17,0.992708874098054,0.120536680255323,0,3711.36,789704.545,840848.485,943136.364,1147712.121,,,,815276.515,66026.54185188026,917564.393875,125276.55500664942,994280.3030000001,169625.25735077655,994280.3030000001,169625.25735077655,891992.424,738560.606,1250000.0,738560.606,-6.4763384387005125,-21.69100522562397,,,-18.003,-0.393918013099114,,13.512459797921132,0.924,0,0,0.0,662980.8,10,2016,1
Fish (dried),2016-03-28,687416.667,NGN,NGN/MT,WFP Nigeria,retail,National,,,0.9,True,WFP VAM retail data,WFP,historical,False,,,199.0,135.085,114.64888888888888,11.4,12.5,1,0,0,1,0,0,0,0,1,1,0,0,0,0,0,0,0,0,0,0,1.0,6.123233995736766e-17,1.0,-1.6081226496766364e-16,0,3454.36,738560.606,789704.545,891992.424,1096568.182,,,,764132.57575,66026.54172278069,866420.4545,125276.55486084647,968708.3333333334,184402.09593088026,968708.3333333334,184402.09593088026,840848.485,687416.667,1250000.0,687416.667,-6.924812748542397,-22.93469669648226,,,-21.118,-0.44847430984188463,-1.525,13.440697344260501,0.924,0,0,0.0,617070.62,11,2016,1
Fish (dried),2016-04-04,636272.727,NGN,NGN/MT,WFP Nigeria,retail,National,,,0.9,True,WFP VAM retail data,WFP,historical,False,,,199.0,135.085,114.64888888888888,11.4,12.5,0,1,1,1,0,0,0,0,1,0,0,0,0,0,0,0,0,0,0,0,0.8660254037844387,-0.4999999999999998,0.992708874098054,-0.1205366802553228,0,3197.35,687416.667,738560.606,840848.485,1045424.242,1250000.0,,,712988.63625,66026.54172278056,815276.515125,125276.55500664948,917564.3939166666,184402.09596870074,943136.3636153846,199177.02802628544,789704.545,636272.727,1198856.061,636272.727,-7.440020362497268,-24.329681464550657,-49.09818184,,-24.402,-0.5152076139548711,-1.541,13.363384138096533,0.924,0,0,0.5,571160.44,12,2016,2
Fish (dried),2016-04-11,585128.788,NGN,NGN/MT,WFP Nigeria,retail,National,,,0.9,True,WFP VAM retail data,WFP,historical,False,,,199.0,134.45714285714286,134.37,11.4,12.5,0,1,1,1,0,0,0,0,1,0,0,0,0,0,0,0,0,0,0,0,0.8660254037844387,-0.4999999999999998,0.970941817426052,-0.2393156642875575,0,2940.35,636272.727,687416.667,789704.545,994280.303,1198856.061,,,661844.6969999999,66026.54185187991,764132.57575,125276.55497748895,866420.4545,184402.09588045298,917564.3939285715,213950.44847730582,738560.606,585128.788,1147712.121,585128.788,-8.038052996730126,-25.905353881431704,-51.19274056036991,,-27.869,-0.5980326342328581,-1.554,13.2795889614358,0.97,0,0,0.5,525250.26,13,2016,2
Fish (dried),2016-04-18,533984.848,NGN,NGN/MT,WFP Nigeria,retail,National,,,0.9,True,WFP VAM retail data,WFP,historical,False,,,199.0,134.45714285714286,134.37,11.4,12.5,0,1,1,1,0,0,0,0,1,0,0,0,0,0,0,0,0,0,0,0,0.8660254037844387,-0.4999999999999998,0.9350162426854148,-0.3546048870425354,0,2683.34,585128.788,636272.727,738560.606,943136.364,1147712.121,,,610700.7575,66026.5421100787,712988.63625,125276.55497748902,815276.5150833334,184402.09596870074,891992.4242,228722.6503189754,687416.667,533984.848,1096568.182,533984.848,-8.740629592813665,-27.699251264966605,-53.47397328741813,,-31.535,-0.7025765960835386,-1.565,13.188124615718491,0.97,0,0,0.5,479340.08,14,2016,2
Fish (dried),2016-04-25,482840.909,NGN,NGN/MT,WFP Nigeria,retail,National,,,0.9,True,WFP VAM retail data,WFP,historical,False,,,199.0,134.45714285714286,134.37,11.4,12.5,0,1,1,1,0,0,0,0,1,0,0,0,0,0,0,0,0,0,0,0,0.8660254037844387,-0.4999999999999998,0.8854560256532099,-0.4647231720437685,0,2426.34,533984.848,585128.788,687416.667,891992.424,1096568.182,,,559556.818,66026.54185187975,661844.696875,125276.55500664964,764132.5756666666,184402.09593088026,866420.4545,243493.85522789694,636272.727,482840.909,1045424.242,482840.909,-9.577788431929445,-29.760081159044695,-55.96799935236494,,-35.417,-0.83715883911578,-1.575,13.087444568497911,0.97,0,0,0.5,433429.9,15,2016,2
Fish (dried),2016-05-02,431696.97,NGN,NGN/MT,WFP Nigeria,retail,National,,,0.9,True,WFP VAM retail data,WFP,historical,False,,,199.0,134.45714285714286,134.37,11.4,12.5,0,1,1,1,0,0,0,0,1,0,1,0,0,0,0,0,0,0,0,0,0.4999999999999999,-0.8660254037844387,0.8229838658936565,-0.5680647467311557,0,2169.33,482840.909,533984.848,636272.727,840848.485,1045424.242,,,508412.87875,66026.5417227803,610700.7575,125276.55486084669,712988.6363333333,184402.09593088026,840848.4848235295,258264.2342663201,585128.788,431696.97,994280.303,431696.97,-10.592296146969604,-32.15221214408581,-58.70604940496492,,-39.536,-1.0145077150401587,-1.584,12.975481479192926,0.97,0,0,0.5,387519.72,16,2016,2
Fish (dried),2016-05-09,380553.03,NGN,NGN/MT,WFP Nigeria,retail,National,,,0.9,True,WFP VAM retail data,WFP,historical,False,,,199.0,134.03181818181818,137.62363636363636,11.4,12.5,0,1,1,1,0,0,0,0,1,0,1,0,0,0,0,0,0,0,0,0,0.4999999999999999,-0.8660254037844387,0.7485107481711013,-0.663122658240795,0,1912.33,431696.97,482840.909,585128.788,789704.545,994280.303,,,457268.93925,66026.54172278024,559556.818125,125276.55500664968,661844.6969166667,184402.09596870065,815276.5151111111,273033.9215642054,533984.848,380553.03,943136.364,380553.03,-11.84718530686003,-34.9625180294496,-61.72578005902627,,-43.912,-1.2548891598904266,-1.592,12.849383443575084,0.976,0,0,0.5,341609.54,17,2016,2
Fish (dried),2016-05-16,329409.091,NGN,NGN/MT,WFP Nigeria,retail,National,,,0.9,True,WFP VAM retail data,WFP,historical,False,,,199.0,134.03181818181818,137.62363636363636,11.4,12.5,0,1,1,1,0,0,0,0,1,0,1,0,0,0,0,0,0,0,0,0,0.4999999999999999,-0.8660254037844387,0.6631226582407952,-0.7485107481711012,0,1655.32,380553.03,431696.97,533984.848,738560.606,943136.364,,,406125.0,66026.5418518796,508412.87875,125276.55497748916,610700.7575,184402.0958804529,789704.5454210526,287803.0235238058,482840.909,329409.091,891992.424,329409.091,-13.439372431222008,-38.311153914988985,-65.07301557084273,,-48.573,-1.5921871243619776,-1.599,12.705058730743398,0.976,0,0,0.5,295699.36,18,2016,2
Fish (dried),2016-05-23,278265.152,NGN,NGN/MT,WFP Nigeria,retail,National,,,0.9,True,WFP VAM retail data,WFP,historical,False,,,199.0,134.03181818181818,137.62363636363636,11.4,12.5,0,1,1,1,0,0,0,0,1,0,1,0,0,0,0,0,0,0,0,0,0.4999999999999999,-0.8660254037844387,0.5680647467311558,-0.8229838658936564,0,1398.32,329409.091,380553.03,482840.909,687416.667,891992.424,,,354981.06075,66026.54172278011,457268.93937499996,125276.55477336506,559556.8181666667,184402.0958300256,764132.5757500001,302571.6258634819,431696.97,278265.152,840848.485,278265.152,-15.525964643155522,-42.36918479498596,-68.80409020155534,,-53.545,-2.086592211933514,-1.606,12.53633331597056,0.976,0,0,0.5,249789.18,19,2016,2
Fish (dried),2016-05-30,227121.212,NGN,NGN/MT,WFP Nigeria,retail,National,,,0.9,True,WFP VAM retail data,WFP,historical,False,,,199.0,134.03181818181818,137.62363636363636,11.4,12.5,0,1,1,1,0,0,0,0,1,0,1,0,0,0,0,0,0,0,0,0,0.4999999999999999,-0.8660254037844387,0.464723172043769,-0.8854560256532096,0,1141.31,278265.152,329409.091,431696.97,636272.727,840848.485,,,303837.12125,66026.54172278008,406125.0,125276.55486084691,508412.87875,184402.09581741877,738560.606047619,317339.7984218756,380553.03,227121.212,789704.545,227121.212,-18.379570575908833,-47.388740764152224,-72.98904427472448,,-58.861,-2.853605932753311,-1.612,12.333243530444266,0.976,0,0,0.5,203879.01,20,2016,2
Fish (dried),2016-06-06,175977.273,NGN,NGN/MT,WFP Nigeria,retail,National,,,0.9,True,WFP VAM retail data,WFP,historical,False,,,199.0,134.03181818181818,137.62363636363636,11.4,12.5,0,1,1,0,0,0,0,1,0,0,1,0,0,0,0,0,0,1,1,0,1.2246467991473532e-16,-1.0,0.3546048870425358,-0.9350162426854148,0,884.31,227121.212,278265.152,380553.03,585128.788,789704.545,,,252693.182,66026.54185187948,354981.06062500004,125276.5547733652,457268.9394166667,184402.09584263244,712988.6363636364,332107.59845154407,329409.091,175977.273,738560.606,175977.273,-22.518345402277973,-53.75748998766349,-77.71606177092471,,-64.559,-4.13877482636914,-1.617,12.078115817536215,0.976,1,3,0.5,157968.83,21,2016,2
Fish (dried),2016-06-13,124833.333,NGN,NGN/MT,WFP Nigeria,retail,National,,,0.9,True,WFP VAM retail data,WFP,historical,False,,,199.0,142.53,149.172,11.4,12.5,0,1,1,0,0,0,0,1,0,0,1,0,0,0,0,0,0,1,1,0,1.2246467991473532e-16,-1.0,0.2393156642875576,-0.970941817426052,0,627.3,175977.273,227121.212,329409.091,533984.848,738560.606,,,201549.2425,66026.54211007833,303837.12125,125276.5549774894,406125.0,184402.09590566656,687416.666652174,346875.0736088907,278265.152,124833.333,687416.667,124833.333,-29.062809718616332,-62.103859179769884,-83.09775365950131,,-70.68,-6.54446431633836,-1.622,11.734742801249919,1.044,1,3,0.5,112058.65,22,2016,2
Fish (dried),2016-06-20,112575.0,NGN,NGN/MT,WFP Nigeria,retail,National,,,0.9,True,WFP VAM retail data,WFP,historical,False,,,305.0,142.53,149.172,11.4,12.5,0,1,1,0,0,0,0,1,0,0,1,0,0,0,0,0,0,1,1,0,1.2246467991473532e-16,-1.0,0.120536680255323,-0.992708874098054,0,369.1,124833.333,175977.273,278265.152,482840.909,687416.667,,,160126.7045,52428.65383748558,257553.882625,117874.77869359542,358221.52774999995,179280.16456006197,663464.9305416667,358969.8699370479,227121.212,112575.0,636272.727,112575.0,-9.819759438771047,-59.54398199311712,-83.62346951939703,,-75.865,19.243050279845285,-1.535,11.63138382809723,1.044,1,3,0.5,101054.76,23,2016,2
Fish (dried),2016-06-27,100316.667,NGN,NGN/MT,WFP Nigeria,retail,National,,,0.9,True,WFP VAM retail data,WFP,historical,False,,,305.0,142.53,149.172,11.4,12.5,0,1,1,0,0,0,0,1,0,0,1,0,0,0,0,0,0,1,1,0,1.2246467991473532e-16,-1.0,-3.216245299353273e-16,-1.0,0,328.91,112575.0,124833.333,227121.212,431696.97,636272.727,,,128425.56825,33243.64411458858,216131.34475,105513.95175819041,313558.52275,170245.86260039153,640939.0,369019.8719288411,175977.273,100316.667,585128.788,100316.667,-10.889036642238503,-55.831220643539005,-84.23369999324206,,-79.963,-1.0692772034674558,-1.465,11.516097100014195,1.044,1,3,0.5,90050.87,24,2016,2
Fish (dried),2016-07-04,88058.333,NGN,NGN/MT,WFP Nigeria,retail,National,,,0.9,True,WFP VAM retail data,WFP,historical,False,,,305.0,142.53,149.172,11.4,12.5,0,1,1,0,0,0,1,1,0,0,1,0,0,0,0,0,0,1,1,0,-0.4999999999999997,-0.8660254037844388,-0.1205366802553228,-0.992708874098054,0,288.72,100316.667,112575.0,175977.273,380553.03,585128.788,,,106445.83325,15825.440241048853,179569.507625,89925.69980349138,272135.98483333335,158208.77975232134,619674.3589615385,377472.4468939466,124833.333,88058.333,533984.848,88058.333,-12.219638437548975,-49.96039460163699,-84.95060663465425,,-82.822,-1.3306017953104714,-1.408,11.385766104899956,1.044,1,3,0.5,79046.98,25,2016,3
Fish (dried),2016-07-11,75800.0,NGN,NGN/MT,WFP Nigeria,retail,National,,,0.9,True,WFP VAM retail data,WFP,historical,False,,,305.0,165.32,147.02083333333334,11.4,12.5,0,1,1,0,0,0,1,1,0,0,1,0,0,0,0,0,0,0,1,0,-0.4999999999999997,-0.8660254037844388,-0.2393156642875574,-0.970941817426052,0,248.52,88058.333,100316.667,124833.333,329409.091,533984.848,1250000.0,,94187.5,15825.440370148266,147868.37125,72587.8128132148,233953.91416666668,143912.4555390189,574512.8205,369193.5227073369,112575.0,75800.0,482840.909,75800.0,-13.920696182154613,-39.2790385561523,-85.80484066469242,,-83.606,-1.701057744605638,-1.362,11.235866764155578,1.148,1,3,0.5,68043.09,26,2016,3
Fish (dried),2016-07-18,86790.0,NGN,NGN/MT,WFP Nigeria,retail,National,,,0.9,True,WFP VAM retail data,WFP,historical,False,,,305.0,165.32,147.02083333333334,11.4,12.5,0,1,1,0,0,0,1,1,0,0,1,0,0,0,0,0,0,0,1,0,-0.4999999999999997,-0.8660254037844388,-0.3546048870425356,-0.9350162426854148,0,284.56,75800.0,88058.333,112575.0,278265.152,482840.909,1198856.061,,87741.25,10028.957780303894,123933.97725,52136.27645542509,200949.67175,125936.44308924611,531741.048923077,358223.41980195633,100316.667,75800.0,431696.97,75800.0,14.498680738786284,-22.904730179880083,-82.02513532257476,,-83.499,28.4193769209409,-1.269,11.371258208636666,1.148,1,3,0.5,77908.44,27,2016,3
Fish (dried),2016-07-25,97780.0,NGN,NGN/MT,WFP Nigeria,retail,National,,,0.9,True,WFP VAM retail data,WFP,historical,False,,,305.0,165.32,147.02083333333334,11.4,12.5,0,1,1,0,0,0,1,1,0,0,1,0,0,0,0,0,0,0,1,0,-0.4999999999999997,-0.8660254037844388,-0.464723172043768,-0.8854560256532101,0,320.59,86790.0,75800.0,100316.667,227121.212,431696.97,1147712.121,,87107.08325,8995.678618995209,107766.32574999999,31560.872541111286,173123.25758333332,105558.17796685739,491359.0442692308,344940.8023945903,97780.0,75800.0,380553.03,75800.0,12.662749164650311,-2.528659569600733,-77.34985260610006,,-82.272,-1.835931574135973,-1.187,11.490485563120636,1.148,1,3,0.5,87773.79,28,2016,3
Fish (dried),2016-08-01,108770.0,NGN,NGN/MT,WFP Nigeria,retail,National,,,0.9,True,WFP VAM retail data,WFP,historical,False,,,305.0,165.32,147.02083333333334,17.6,19.4,0,1,0,0,1,0,1,1,0,0,1,0,0,0,0,1,0,0,1,0,-0.8660254037844384,-0.5000000000000004,-0.5680647467311556,-0.8229838658936565,0,356.62,97780.0,86790.0,88058.333,175977.273,380553.03,1096568.182,,92285.0,14188.028991601537,99365.416625,15839.78974039603,150474.67175,83951.58143849585,453366.8065,329676.9049793485,108770.0,75800.0,329409.091,75800.0,11.239517283698097,23.5203941460032,-71.41791250486168,,-79.645,-1.4232318809522138,-1.115,11.597000033757135,1.148,1,3,0.0,92491.5,29,2016,3
Fish (dried),2016-08-08,119760.0,NGN,NGN/MT,WFP Nigeria,retail,National,,,0.9,True,WFP VAM retail data,WFP,historical,False,,,305.0,165.32,147.02083333333334,17.6,19.4,0,1,0,0,1,0,1,1,0,0,1,0,0,0,0,1,0,0,1,0,-0.8660254037844384,-0.5000000000000004,-0.663122658240795,-0.7485107481711013,0,392.66,108770.0,97780.0,75800.0,124833.333,329409.091,1045424.242,,103275.0,14188.02899160157,98731.25,14737.704324183554,133003.91416666665,62369.63459030997,417764.33565384615,312728.45103330264,119760.0,86790.0,278265.152,75800.0,10.103888939965056,57.994722955145114,-63.64399062684035,,-75.279,-1.1356283437330408,-1.05,11.693253369092048,1.148,1,3,0.0,101836.73,30,2016,3
Fish (dried),2016-08-15,130750.0,NGN,NGN/MT,WFP Nigeria,retail,National,,,0.9,True,WFP VAM retail data,WFP,historical,False,,,305.0,170.29545454545453,145.92000000000002,17.6,19.4,0,1,0,0,1,0,1,1,0,0,1,0,0,0,0,1,0,0,1,0,-0.8660254037844384,-0.5000000000000004,-0.7485107481711011,-0.6631226582407952,0,428.69,119760.0,108770.0,86790.0,112575.0,278265.152,994280.303,,114265.0,14188.0289916016,101003.125,18176.354776012893,120710.98483333334,42512.61211931782,384551.6316923077,294367.35512570746,130750.0,97780.0,227121.212,75800.0,9.176686706746828,50.65099665860122,-53.012441888519334,,-70.286,-0.9272022332182281,-0.99,11.781050030081479,1.169,1,3,0.0,111181.97,31,2016,3
Fish (dried),2016-08-22,143895.833,NGN,NGN/MT,WFP Nigeria,retail,National,,,0.9,True,WFP VAM retail data,WFP,historical,False,,,305.0,170.29545454545453,145.92000000000002,17.6,19.4,0,1,0,0,1,0,1,1,0,0,1,0,0,0,0,1,0,0,1,0,-0.8660254037844384,-0.5000000000000004,-0.8229838658936564,-0.5680647467311559,0,471.79,130750.0,119760.0,97780.0,100316.667,227121.212,943136.364,,125793.95825000001,15038.439922994039,106450.52075,23647.951653774988,113775.53658333333,27826.964540616318,353811.6112692307,274782.3236035167,143895.833,108770.0,175977.273,75800.0,10.05417437858509,47.162848230722034,-36.64359584343887,,-64.446,0.8774876718382618,-0.929,11.876851884294148,1.169,1,3,0.0,122360.4,32,2016,3
Fish (dried),2016-08-29,157041.667,NGN,NGN/MT,WFP Nigeria,retail,National,,,0.9,True,WFP VAM retail data,WFP,historical,False,,,305.0,170.29545454545453,145.92000000000002,17.6,19.4,0,1,0,0,1,0,1,1,0,0,1,0,0,0,0,1,0,0,1,0,-0.8660254037844384,-0.5000000000000004,-0.8854560256532096,-0.4647231720437691,0,514.89,143895.833,130750.0,108770.0,88058.333,175977.273,891992.424,,137861.875,16150.642039248965,115073.4375,28134.70983976182,112197.56941666668,24291.34109555482,325544.2744615385,254239.0888368405,157041.667,119760.0,157041.667,75800.0,9.135659960354769,44.37957800864207,-10.760256524716116,,-57.652,-0.9185144182303215,-0.873,11.964272811740418,1.169,1,3,0.0,133538.83,33,2016,3
Fish (dried),2016-09-05,170187.5,NGN,NGN/MT,WFP Nigeria,retail,National,,,0.9,True,WFP VAM retail data,WFP,historical,False,,,305.0,170.29545454545453,145.92000000000002,17.6,19.4,0,1,0,0,1,1,0,0,0,0,0,0,0,0,0,1,0,0,0,0,-1.0,-1.8369701987210287e-16,-0.9350162426854148,-0.3546048870425359,0,557.99,157041.667,143895.833,119760.0,75800.0,124833.333,840848.485,,150468.75,16971.197943401774,126871.875,29087.221683926942,115977.08333333333,29422.493863766416,299749.6211923077,233000.91739886533,170187.5,130750.0,170187.5,75800.0,8.370920438586538,42.107130928523716,36.33177606497136,,-49.802,-0.7647395217682309,-0.819,12.044661925271052,1.169,1,3,0.5,144717.26,34,2016,3
Fish (dried),2016-09-12,183333.333,NGN,NGN/MT,WFP Nigeria,retail,National,,,0.9,True,WFP VAM retail data,WFP,historical,False,,,305.0,181.75,147.37142857142857,17.6,19.4,0,1,0,0,1,1,0,0,0,0,0,0,0,0,0,1,0,0,0,0,-1.0,-1.8369701987210287e-16,-0.970941817426052,-0.2393156642875577,0,601.09,170187.5,157041.667,130750.0,86790.0,112575.0,789704.545,,163614.58325000003,16971.197814302384,138939.791625,30092.06800958846,121873.61108333334,35201.467325912636,276427.65150000004,211337.72417458674,183333.333,143895.833,183333.333,75800.0,7.7243234667646155,40.216698279158706,62.85439307128582,,-40.811,-0.6465969718219222,-0.768,12.11906672125295,1.227,1,3,0.5,155895.69,35,2016,3
Fish (dried),2016-09-19,179125.0,NGN,NGN/MT,WFP Nigeria,retail,National,,,0.9,True,WFP VAM retail data,WFP,historical,False,,,305.0,181.75,147.37142857142857,17.6,19.4,0,1,0,0,1,1,0,0,0,0,0,0,0,0,0,1,0,0,0,0,-1.0,-1.8369701987210287e-16,-0.992708874098054,-0.1205366802553235,0,587.3,183333.333,170187.5,143895.833,97780.0,100316.667,738560.606,,172421.875,11626.622183805623,149107.916625,27857.6080838139,128440.97216666669,38050.245771944436,254910.89742307694,189784.56644102515,183333.333,157041.667,183333.333,75800.0,-2.2954543678099237,24.482409438499843,78.55956079561534,,-32.36,-10.019777834574539,-0.762,12.09584474780854,1.227,1,3,0.5,152317.18,36,2016,3
Fish (dried),2016-09-26,174916.667,NGN,NGN/MT,WFP Nigeria,retail,National,,,0.9,True,WFP VAM retail data,WFP,historical,False,,,305.0,181.75,147.37142857142857,17.6,19.4,0,1,0,0,1,1,0,0,0,0,0,0,0,0,0,1,0,0,0,0,-1.0,-1.8369701987210287e-16,-1.0,-1.8369701987210287e-16,0,573.5,179125.0,183333.333,157041.667,108770.0,88058.333,687416.667,,176890.625,5637.059309157708,157376.25,23677.432537370445,135679.16666666666,37931.239685775305,235199.35896153844,168486.22664209825,183333.333,170187.5,183333.333,75800.0,-2.3493833914864037,11.382329506219513,98.63726809363969,,-24.791,-0.053929023676480004,-0.757,12.072070667912184,1.227,1,3,0.5,148738.66,37,2016,3
Fish (dried),2016-10-03,170708.333,NGN,NGN/MT,WFP Nigeria,retail,National,,,0.9,True,WFP VAM retail data,WFP,historical,False,,,305.0,181.75,147.37142857142857,17.6,19.4,0,1,0,0,0,1,0,0,0,1,0,1,0,1,1,1,1,0,0,0,-0.8660254037844386,0.5000000000000001,-0.992708874098054,0.1205366802553232,0,559.7,174916.667,179125.0,170187.5,119760.0,75800.0,636272.727,,177020.83325,5432.934928717974,163744.791625,18371.72234928148,143588.19441666667,34001.956680338444,217293.03611538463,147601.20781857186,183333.333,170708.333,183333.333,86790.0,-2.4059079515847293,0.30603481454278825,125.20888258575198,,-18.534,-0.056524560098325516,-0.753,12.047717582156105,1.227,1,3,0.5,145160.15,38,2016,4
Fish (dried),2016-10-10,166500.0,NGN,NGN/MT,WFP Nigeria,retail,National,,,0.9,True,WFP VAM retail data,WFP,historical,False,,,305.0,185.25,146.3576923076923,17.6,19.4,0,1,0,0,0,1,0,0,0,1,0,1,0,1,1,1,1,0,0,0,-0.8660254037844386,0.5000000000000001,-0.970941817426052,0.2393156642875573,0,545.9,170708.333,174916.667,183333.333,130750.0,86790.0,585128.788,,172812.5,5432.935057817341,168213.541625,12659.374622706151,150230.69441666667,29367.430800591344,201191.9288846154,127308.96573067499,179125.0,166500.0,183333.333,97780.0,-2.4652182620751195,-9.181818016694221,91.84237815416523,,-14.106,-0.05931031049039026,-0.749,12.022756594390605,1.241,1,3,0.5,141581.63,39,2016,4
Fish (dried),2016-10-17,160966.667,NGN,NGN/MT,WFP Nigeria,retail,National,,,0.9,True,WFP VAM retail data,WFP,historical,False,,,305.0,185.25,146.3576923076923,17.6,19.4,0,1,0,0,0,1,0,0,0,1,0,1,0,1,1,1,1,0,0,0,-0.8660254037844386,0.5000000000000001,-0.9350162426854148,0.3546048870425355,0,527.76,166500.0,170708.333,179125.0,143895.833,97780.0,533984.848,,168272.91675,5960.849741061729,170347.395875,8836.272066595238,155496.25,24342.96382457118,186845.07576923075,107834.06261725027,174916.667,160966.667,183333.333,108770.0,-3.323323123123134,-10.137241032798327,64.62125894866024,,-9.94,-0.8581048610480146,-0.748,11.988958797711385,1.241,1,3,0.5,136876.42,40,2016,4
Fish (dried),2016-10-24,155433.333,NGN,NGN/MT,WFP Nigeria,retail,National,,,0.9,True,WFP VAM retail data,WFP,historical,False,,,305.0,185.25,146.3576923076923,17.6,19.4,0,1,0,0,0,1,0,0,0,1,0,1,0,1,1,1,1,0,0,0,-0.8660254037844386,0.5000000000000001,-0.8854560256532101,0.464723172043768,0,509.62,160966.667,166500.0,174916.667,157041.667,108770.0,482840.909,,163402.08325,6643.55844550556,170146.354125,9193.331717739287,159384.86108333335,19431.896765616868,174252.4766923077,89432.62904958882,170708.333,155433.333,183333.333,119760.0,-3.437565120236963,-11.138637806310348,42.9009221292636,,-6.227,-0.11424199711382865,-0.749,11.9539786255895,1.241,1,3,0.5,132171.2,41,2016,4
Fish (dried),2016-10-31,149900.0,NGN,NGN/MT,WFP Nigeria,retail,National,,,0.9,True,WFP VAM retail data,WFP,historical,False,,,305.0,185.25,146.3576923076923,17.6,19.4,0,1,0,0,0,1,0,0,0,1,0,1,0,1,1,1,1,0,0,0,-0.8660254037844386,0.5000000000000001,-0.822983865893657,0.5680647467311548,0,491.48,155433.333,160966.667,170708.333,170187.5,119760.0,431696.97,,158200.0,7143.502702395023,167610.416625,11650.179439742342,161896.52775,15367.368236176873,163414.1316923077,72447.5097360328,166500.0,149900.0,183333.333,130750.0,-3.559939746000307,-12.189406711621986,25.167000668002682,,-3.191,-0.12237462576334401,-0.75,11.917730355182513,1.241,1,3,0.5,127465.99,42,2016,4
Fish (dried),2016-11-07,144366.667,NGN,NGN/MT,WFP Nigeria,retail,National,,,0.9,True,WFP VAM retail data,WFP,historical,False,,,305.0,185.25,146.3576923076923,17.6,19.4,1,0,0,0,0,1,0,0,0,1,0,1,1,1,1,0,1,0,0,0,-0.5000000000000004,0.8660254037844384,-0.7485107481711011,0.6631226582407952,1,473.33,149900.0,155433.333,166500.0,183333.333,130750.0,380553.03,,152666.66675,7143.502573295527,162739.583375,12266.961620241653,163031.25,13209.689156021963,154330.0408076923,57370.37843331408,160966.667,144366.667,183333.333,143895.833,-3.6913495663775886,-13.293293093093105,10.414276864244743,,-1.078,-0.13140982037728177,-0.751,11.88011856762628,1.241,0,0,0.5,122760.77,43,2016,4
Fish (dried),2016-11-14,138833.333,NGN,NGN/MT,WFP Nigeria,retail,National,,,0.9,True,WFP VAM retail data,WFP,historical,False,,,305.0,188.7,145.23555555555555,17.6,19.4,1,0,0,0,0,1,0,0,0,1,0,1,1,1,1,0,1,0,0,0,-0.5000000000000004,0.8660254037844384,-0.6631226582407955,0.7485107481711007,1,455.19,144366.667,149900.0,160966.667,179125.0,143895.833,329409.091,,147133.33325,7143.502573295483,157703.125,12836.59977820049,162609.375,13937.177309019298,147000.20396153844,44933.10270311008,155433.333,138833.333,183333.333,138833.333,-3.8328335168948513,-13.75025923845461,-3.5181699806414835,,0.091,-0.1414839505172627,-0.752,11.841036652375193,1.255,0,0,0.5,118055.56,44,2016,4
Fish (dried),2016-11-21,140605.769,NGN,NGN/MT,WFP Nigeria,retail,National,,,0.9,True,WFP VAM retail data,WFP,historical,False,,,305.0,188.7,145.23555555555555,17.6,19.4,1,0,0,0,0,1,0,0,0,1,0,1,1,1,1,0,1,0,0,0,-0.5000000000000004,0.8660254037844384,-0.5680647467311559,0.8229838658936564,1,461.0,138833.333,144366.667,155433.333,174916.667,157041.667,278265.152,,143426.44225,4893.663341110637,153414.26275,11966.064491296424,161239.71683333334,15277.261080922131,141705.6123076923,36086.64293493527,149900.0,138833.333,183333.333,138833.333,1.2766645888995454,-9.539500771047615,-10.465947231698703,,1.214,5.109498105794397,-0.735,11.853722400869819,1.255,0,0,0.5,119562.73,45,2016,4
Fish (dried),2016-11-28,142378.205,NGN,NGN/MT,WFP Nigeria,retail,National,,,0.9,True,WFP VAM retail data,WFP,historical,False,,,305.0,188.7,145.23555555555555,17.6,19.4,1,0,0,0,0,1,0,0,0,1,0,1,1,1,1,0,1,0,0,0,-0.5000000000000004,0.8660254037844384,-0.4647231720437684,0.88545602565321,1,466.81,140605.769,138833.333,149900.0,170708.333,170187.5,227121.212,,141545.99349999998,2372.8551067287412,149872.99675,10174.843499367955,158922.27558333334,15893.3638671677,138446.26588461536,31613.013681852462,144366.667,138833.333,183333.333,138833.333,1.260571321223658,-5.017875250166782,-16.340386338597146,,2.239,-0.01609326767588737,-0.718,11.866249234992887,1.255,0,0,0.5,121069.9,46,2016,4
Fish (dried),2016-12-05,144150.641,NGN,NGN/MT,WFP Nigeria,retail,National,,,0.9,True,WFP VAM retail data,WFP,historical,False,,,305.0,188.7,145.23555555555555,17.6,19.4,1,0,0,0,0,0,0,0,0,1,0,1,1,1,1,0,0,0,0,1,-2.4492935982947064e-16,1.0,-0.3546048870425359,0.9350162426854148,1,472.63,142378.205,140605.769,144366.667,166500.0,183333.333,175977.273,,141491.987,2288.205036709709,147079.326875,7732.523788209712,155657.05125,14374.694778912815,137222.16465384615,30704.7685105648,144150.641,138833.333,179125.0,138833.333,1.2448787368825265,-0.14963703498119818,-21.372377493404326,,3.112,-0.01569258434113152,-0.702,11.878621086976777,1.255,0,0,0.0,122577.08,47,2016,4
Fish (dried),2016-12-12,145923.077,NGN,NGN/MT,WFP Nigeria,retail,National,,,0.9,True,WFP VAM retail data,WFP,historical,False,,,305.0,197.77777777777777,147.89444444444445,17.6,19.4,1,0,0,0,0,0,0,0,0,1,0,1,1,1,1,0,0,0,0,1,-2.4492935982947064e-16,1.0,-0.2393156642875578,0.970941817426052,1,478.44,144150.641,142378.205,138833.333,160966.667,179125.0,124833.333,,143264.423,2288.2050367097486,145198.878125,5328.273198722833,152890.22433333332,12523.040626205327,138033.30865384615,30642.902041931524,145923.077,140605.769,174916.667,138833.333,1.2295720558051393,5.106658355598204,-18.53561646894627,,3.79,-0.015306681077387196,-0.687,11.89084174488495,1.305,0,0,0.0,124084.25,48,2016,4
Fish (dried),2016-12-19,136092.308,NGN,NGN/MT,WFP Nigeria,retail,National,,,0.9,True,WFP VAM retail data,WFP,historical,False,,,305.0,197.77777777777777,147.89444444444445,17.6,19.4,1,0,0,0,0,0,0,0,0,1,0,1,1,1,1,0,0,0,0,1,-2.4492935982947064e-16,1.0,-0.1205366802553236,0.992708874098054,1,446.2,145923.077,144150.641,140605.769,155433.333,174916.667,112575.0,,142136.05775,4281.183901755449,142781.25,4312.10279841024,149654.86108333335,11267.358019202633,138937.82049999997,30205.334932182675,145923.077,136092.308,170708.333,136092.308,-6.736952922120743,-3.2100112478315235,-22.19591744221836,,2.302,-7.966524977925882,-0.703,11.821096017702546,1.305,0,0,0.0,115724.75,49,2016,4
Fish (dried),2016-12-26,126261.538,NGN,NGN/MT,WFP Nigeria,retail,National,,,0.9,True,WFP VAM retail data,WFP,historical,False,,,305.0,197.77777777777777,147.89444444444445,17.6,19.4,1,0,0,0,0,0,0,0,0,1,0,1,1,1,1,0,0,0,0,1,-2.4492935982947064e-16,1.0,6.432490598706546e-16,1.0,1,413.97,136092.308,145923.077,142378.205,149900.0,170708.333,100316.667,,138106.891,8981.288140854922,139826.44225,6353.1407991095,145950.9615,11020.061638650139,139935.70015384615,29293.180940683153,145923.077,126261.538,166500.0,126261.538,-7.223604437658581,-11.319616650596199,-26.036687383034785,,-1.307,-0.48665151553783836,-0.72,11.746118653097696,1.305,0,0,0.0,107365.25,50,2016,4
Fish (dried),2017-01-02,116430.769,NGN,NGN/MT,WFP Nigeria,retail,National,,,0.9,True,WFP VAM retail data,WFP,historical,False,,,305.79,197.77777777777777,147.89444444444445,17.6,19.4,1,0,0,0,0,0,0,0,0,1,0,0,1,0,0,0,0,0,0,1,0.4999999999999999,0.8660254037844387,0.120536680255323,0.992708874098054,1,380.75,126261.538,136092.308,144150.641,144366.667,166500.0,88058.333,,131176.923,12691.468722196405,136334.45500000002,10083.429635511096,141778.52558333334,11970.142658580404,141026.94769230767,27772.30307725811,145923.077,116430.769,160966.667,116430.769,-7.786036156157072,-19.229794475905248,-30.07161021021021,,-6.984,-0.562431718498491,-0.736,11.665060706594245,1.305,0,0,0.0,99005.76,51,2017,1
Fish (dried),2017-01-09,106600.0,NGN,NGN/MT,WFP Nigeria,retail,National,,,0.9,True,WFP VAM retail data,WFP,historical,False,,,305.79,222.22222222222223,147.66666666666666,17.6,19.4,1,0,0,0,0,0,0,0,0,1,0,0,1,0,0,0,0,0,0,1,0.4999999999999999,0.8660254037844387,0.2393156642875577,0.970941817426052,1,348.61,116430.769,126261.538,145923.077,138833.333,160966.667,75800.0,1250000.0,121346.15375,12691.468593096917,132305.288375,14440.759902107247,137247.97,14139.435993643001,142211.56307692308,25437.526863816547,136092.308,106600.0,155433.333,106600.0,-8.44344590732713,-26.947812373775527,-33.77510885530107,-91.472,-14.672,-0.6574097511700572,-0.743,11.576848171532921,1.421,0,0,0.0,90646.26,52,2017,1
Fish (dried),2017-01-16,112498.182,NGN,NGN/MT,WFP Nigeria,retail,National,,,0.9,True,WFP VAM retail data,WFP,historical,False,,,305.79,222.22222222222223,147.66666666666666,17.6,19.4,1,0,0,0,0,0,0,0,0,1,0,0,1,0,0,0,0,0,0,1,0.4999999999999999,0.8660254037844387,0.3546048870425356,0.9350162426854148,1,367.89,106600.0,116430.769,136092.308,140605.769,155433.333,86790.0,1198856.061,115447.62225000001,8264.118598832962,128791.84,15512.288927199479,133670.04075,14545.807888400228,143200.3393076923,23632.69772626047,126261.538,106600.0,149900.0,106600.0,5.5330037523452225,-17.336854923497945,-27.622872244526864,-90.6162060934853,-19.38,13.976449659672351,-0.706,11.630701229489066,1.421,0,0,0.0,95661.72,53,2017,1
Fish (dried),2017-01-23,118396.364,NGN,NGN/MT,WFP Nigeria,retail,National,,,0.9,True,WFP VAM retail data,WFP,historical,False,,,305.79,222.22222222222223,147.66666666666666,17.6,19.4,1,0,0,0,0,0,0,0,0,1,0,0,1,0,0,0,0,0,0,1,0.4999999999999999,0.8660254037844387,0.4647231720437685,0.8854560256532099,1,387.18,112498.182,106600.0,126261.538,142378.205,149900.0,97780.0,1147712.121,113481.32874999999,5201.795593646996,125794.109875,14813.13738573734,131044.73774999999,14188.833101145652,143993.27638461537,22359.331416079236,118396.364,106600.0,145923.077,106600.0,5.2429131699212705,-6.229271498340216,-21.016434956637752,-89.6841410111761,-21.19,-0.2900905824239519,-0.667,11.681801737670693,1.421,0,0,0.0,100677.18,54,2017,1
Fish (dried),2017-01-30,124294.545,NGN,NGN/MT,WFP Nigeria,retail,National,,,0.9,True,WFP VAM retail data,WFP,historical,False,,,305.79,222.22222222222223,147.66666666666666,17.6,19.4,1,0,0,0,0,0,0,0,0,1,0,0,1,0,0,0,0,0,0,1,0.4999999999999999,0.8660254037844387,0.5680647467311558,0.8229838658936564,1,406.47,118396.364,112498.182,116430.769,144150.641,144366.667,108770.0,1096568.182,115447.27275,7614.519832325969,123312.09787499999,12828.576726462776,129372.06091666665,13648.409705059346,144590.37426923076,21574.599584018993,124294.545,106600.0,145923.077,106600.0,4.981724776615604,6.754035954190085,-13.903570967666646,-88.66513299945447,-20.156,-0.2611883933056669,-0.626,11.730417436148544,1.421,0,0,0.0,105692.64,55,2017,1
Fish (dried),2017-02-06,130192.727,NGN,NGN/MT,WFP Nigeria,retail,National,,,0.9,True,WFP VAM retail data,WFP,historical,False,,,305.79,222.22222222222223,147.66666666666666,17.6,19.4,1,0,0,0,0,0,0,0,1,1,0,0,1,0,0,0,0,0,0,0,0.8660254037844386,0.5000000000000001,0.6631226582407952,0.7485107481711011,1,425.76,124294.545,118396.364,106600.0,145923.077,138833.333,119760.0,1045424.242,121345.45449999999,7614.519703226561,121345.804125,9689.190273270666,128652.01041666667,13328.05009595657,144991.63299999997,21187.866544806675,130192.727,112498.182,145923.077,106600.0,4.745326514530457,22.13201407129455,-6.223725825267056,-87.54642165644367,-16.309,-0.2363982620851468,-0.584,11.776778827872423,1.421,0,0,0.0,110708.1,56,2017,1
Fish (dried),2017-02-13,136090.909,NGN,NGN/MT,WFP Nigeria,retail,National,,,0.9,True,WFP VAM retail data,WFP,historical,False,,,305.79,275.42857142857144,151.29285714285714,17.6,19.4,1,0,0,0,0,0,0,0,1,1,0,0,1,0,0,0,0,0,0,0,0.8660254037844386,0.5000000000000001,0.7485107481711011,0.6631226582407953,1,445.05,130192.727,124294.545,112498.182,136092.308,140605.769,130750.0,994280.303,127243.63625,7614.519832326053,121345.62925,9688.88610770247,128275.77208333334,13020.09746307076,145197.05257692307,21069.830438770758,136090.909,118396.364,145923.077,106600.0,4.53034676814168,20.97165179078184,-3.211006228343294,-86.31262144192351,-12.365,-0.21497974638877704,-0.538,11.821085737937793,1.683,0,0,0.0,115723.56,57,2017,1
Fish (dried),2017-02-20,152159.091,NGN,NGN/MT,WFP Nigeria,retail,National,,,0.9,True,WFP VAM retail data,WFP,historical,False,,,305.79,275.42857142857144,151.29285714285714,17.6,19.4,1,0,0,0,0,0,0,0,1,1,0,0,1,0,0,0,0,0,0,0,0.8660254037844386,0.5000000000000001,0.8229838658936564,0.5680647467311559,1,497.59,136090.909,130192.727,118396.364,126261.538,142378.205,143895.833,943136.364,135684.318,11992.60831158381,124582.82337499999,14631.616734285255,129090.84591666667,14232.850865921497,145514.8701923077,21111.697672738625,152159.091,124294.545,152159.091,106600.0,11.8069473692765,28.516692455183822,6.869651152014455,-83.86669236729801,-6.756,7.27660060113482,-0.444,11.932688475833718,1.683,0,0,0.0,129386.98,58,2017,1
Fish (dried),2017-02-27,168227.273,NGN,NGN/MT,WFP Nigeria,retail,National,,,0.9,True,WFP VAM retail data,WFP,historical,False,,,305.79,275.42857142857144,151.29285714285714,17.6,19.4,1,0,0,0,0,0,0,0,1,1,0,0,1,0,0,0,0,0,0,0,0.8660254037844386,0.5000000000000001,0.8854560256532099,0.4647231720437686,1,550.14,152159.091,136090.909,124294.545,116430.769,144150.641,157041.667,891992.424,146667.5,17110.073116005955,131057.386375,20707.52700286802,131097.23191666664,17799.055033681645,145945.0858076923,21466.968523675852,168227.273,130192.727,168227.273,106600.0,10.560119605341223,35.3456605838977,16.702410639991516,-81.14028006587644,0.495,-1.2468277639352774,-0.337,12.03307710395285,1.683,0,0,0.0,143050.4,59,2017,1
Fish (dried),2017-03-06,184295.455,NGN,NGN/MT,WFP Nigeria,retail,National,,,0.9,True,WFP VAM retail data,WFP,historical,False,,,305.79,275.42857142857144,151.29285714285714,17.6,19.4,1,0,0,1,0,0,0,0,1,1,0,0,0,0,0,0,0,0,0,0,1.0,6.123233995736766e-17,0.9350162426854148,0.3546048870425355,0,602.69,168227.273,152159.091,130192.727,106600.0,145923.077,170187.5,840848.485,160193.182,20743.933763273315,140769.31825,25307.161489779894,134294.9300833333,23301.213263418013,146487.69946153846,22267.617243177414,184295.455,136090.909,184295.455,106600.0,9.551472667573947,41.555875851651834,26.296305415763666,-78.08220407271115,9.356,-1.008646937767276,-0.214,12.124300908529893,1.683,0,0,0.0,156713.82,60,2017,1
Fish (dried),2017-03-13,200363.636,NGN,NGN/MT,WFP Nigeria,retail,National,,,0.9,True,WFP VAM retail data,WFP,historical,False,,,305.79,277.25,179.0,17.6,19.4,1,0,0,1,0,0,0,0,1,1,0,0,0,0,0,0,0,0,0,0,1.0,6.123233995736766e-17,0.970941817426052,0.239315664287558,0,655.23,184295.455,168227.273,136090.909,112498.182,136092.308,183333.333,789704.545,176261.36375,20743.933375975026,151752.5,29929.32215136715,139650.87408333333,30136.087752928364,147142.71111538462,23605.10980472534,200363.636,152159.091,200363.636,106600.0,8.718707143374749,47.22778874230311,47.22627527192795,-74.62802547248857,19.789,-0.832765524199198,-0.07,12.207894165554833,1.76,0,0,0.0,170377.24,61,2017,1
Fish (dried),2017-03-20,191251.894,NGN,NGN/MT,WFP Nigeria,retail,National,,,0.9,True,WFP VAM retail data,WFP,historical,False,,,305.79,277.25,179.0,17.6,19.4,1,0,0,1,0,0,0,0,1,1,0,0,0,0,0,0,0,0,0,0,1.0,6.123233995736766e-17,0.992708874098054,0.120536680255323,0,625.44,200363.636,184295.455,152159.091,118396.364,126261.538,179125.0,738560.606,186034.56449999998,13572.852188372735,160859.44124999997,29409.496904307565,145066.73708333334,33195.60993270144,147609.1301153846,24369.75766888574,200363.636,168227.273,200363.636,106600.0,-4.547602639832304,25.692058715045828,51.47280559817035,-74.10477996710266,26.032,-13.266309783207053,-0.069,12.161351883600439,1.76,0,0,0.0,162629.16,62,2017,1
Fish (dried),2017-03-27,182140.152,NGN,NGN/MT,WFP Nigeria,retail,National,,,0.9,True,WFP VAM retail data,WFP,historical,False,,,305.79,277.25,179.0,17.6,19.4,1,0,0,1,0,0,0,0,1,1,0,0,0,0,0,0,0,0,0,0,1.0,6.123233995736766e-17,1.0,-1.6081226496766364e-16,0,595.64,191251.894,200363.636,168227.273,124294.545,116430.769,174916.667,687416.667,189512.78425,8212.62680712384,168090.14212499998,26055.003051932334,150542.519,33461.026014225776,147886.95646153844,24732.01184558385,200363.636,182140.152,200363.636,106600.0,-4.764262360716809,8.270287422420509,56.43644164198556,-73.50367531894597,28.147,-0.2166597208845049,-0.074,12.112537225906904,1.76,0,0,0.0,154881.08,63,2017,1
Fish (dried),2017-04-03,173028.409,NGN,NGN/MT,WFP Nigeria,retail,National,,,0.9,True,WFP VAM retail data,WFP,historical,False,,,305.79,277.25,179.0,17.6,19.4,0,1,1,1,0,0,0,0,1,0,0,0,0,0,0,0,0,0,0,0,0.8660254037844387,-0.4999999999999998,0.992708874098054,-0.1205366802553228,0,565.84,182140.152,191251.894,184295.455,130192.727,106600.0,170708.333,636272.727,186696.02275,11763.208727605523,173444.60237500002,21080.975642490415,156078.21975000002,30929.51717677962,147976.19015384617,24821.6684595843,200363.636,173028.409,200363.636,112498.182,-5.002599866063573,-6.113577787363223,62.315580675422154,-72.80593656499754,26.166,-0.238337505346764,-0.087,12.061216853252189,1.76,0,0,0.5,147133.0,64,2017,2
Fish (dried),2017-04-10,163916.667,NGN,NGN/MT,WFP Nigeria,retail,National,,,0.9,True,WFP VAM retail data,WFP,historical,False,,,305.79,248.58333333333331,154.875,17.6,19.4,0,1,1,1,0,0,0,0,1,0,0,0,0,0,0,0,0,0,0,0,0.8660254037844387,-0.4999999999999998,0.970941817426052,-0.2393156642875575,0,536.04,173028.409,182140.152,200363.636,136090.909,112498.182,166500.0,585128.788,177584.2805,11763.208856704956,176922.822125,15627.593640724333,160363.0935,27740.49420978472,147876.8311923077,24749.61916597519,191251.894,163916.667,200363.636,118396.364,-5.266038133657014,-18.19041105842181,45.70605860990713,-71.98622416779807,20.089,-0.26343826759344147,-0.112,12.007119550259032,1.564,0,0,0.5,139384.92,65,2017,2
Fish (dried),2017-04-17,178266.667,NGN,NGN/MT,WFP Nigeria,retail,National,,,0.9,True,WFP VAM retail data,WFP,historical,False,,,305.79,248.58333333333331,154.875,17.6,19.4,0,1,1,1,0,0,0,0,1,0,0,0,0,0,0,0,0,0,0,0,0.8660254037844387,-0.4999999999999998,0.9350162426854148,-0.3546048870425354,0,582.97,163916.667,173028.409,191251.894,152159.091,118396.364,160966.667,533984.848,174337.97375,7887.272665693829,180186.269125,12029.218180506197,165352.28541666668,24726.710505042258,148542.2158076923,25341.095782637472,182140.152,163916.667,200363.636,124294.545,8.754448380773884,-6.789593937302396,50.56768719688045,-66.61578176465413,17.366,14.020486514430898,0.132,12.091041446969601,1.564,0,0,0.5,151587.3,66,2017,2
Fish (dried),2017-04-24,192616.667,NGN,NGN/MT,WFP Nigeria,retail,National,,,0.9,True,WFP VAM retail data,WFP,historical,False,,,305.79,248.58333333333331,154.875,17.6,19.4,0,1,1,1,0,0,0,0,1,0,0,0,0,0,0,0,0,0,0,0,0.8660254037844387,-0.4999999999999998,0.8854560256532099,-0.4647231720437685,0,629.9,178266.667,163916.667,182140.152,168227.273,124294.545,155433.333,482840.909,176957.1025,12005.89452665536,183234.943375,11649.99396561263,171045.79558333333,22144.418741085272,149972.34403846154,26755.31439000308,192616.667,163916.667,200363.636,130192.727,8.049738204843425,5.751897582692256,54.96791673359438,-60.10763309204192,17.993,-0.7047101759304581,0.459,12.16846250311128,1.564,0,0,0.5,163789.68,67,2017,2
Fish (dried),2017-05-01,206966.667,NGN,NGN/MT,WFP Nigeria,retail,National,,,0.9,True,WFP VAM retail data,WFP,historical,False,,,305.79,248.58333333333331,154.875,16.3,17.9,0,1,1,1,0,0,0,0,1,0,1,0,0,0,0,0,0,0,0,0,0.4999999999999999,-0.8660254037844387,0.8229838658936565,-0.5680647467311557,0,676.83,192616.667,178266.667,173028.409,184295.455,130192.727,149900.0,431696.97,185441.66699999996,18525.770339355196,186068.844875,14381.925936022586,177443.62391666663,20280.481878017014,152167.21584615385,28996.044420109887,206966.667,163916.667,206966.667,136090.909,7.450030271783281,19.61426923829599,58.969453800595176,-52.05741958300054,21.867,-0.5997079330601442,0.895,12.240317861979685,1.564,0,0,0.5,177959.3,68,2017,2
Fish (dried),2017-05-08,221316.667,NGN,NGN/MT,WFP Nigeria,retail,National,,,0.9,True,WFP VAM retail data,WFP,historical,False,,,305.79,248.58333333333331,154.875,16.3,17.9,0,1,1,1,0,0,0,0,1,0,1,0,0,0,0,0,0,0,0,0,0.4999999999999999,-0.8660254037844387,0.7485107481711013,-0.663122658240795,0,723.75,206966.667,192616.667,163916.667,200363.636,136090.909,144366.667,380553.03,199791.667,18525.770339355222,188687.97374999998,18635.863191101103,184545.77041666664,19385.534571318673,155126.83123076922,31945.153265592846,221316.667,178266.667,221316.667,152159.091,6.933483641595295,35.017793523095484,62.62413751678297,-41.84340957684663,28.792,-0.5165466301879862,1.448,12.307354355658818,1.564,0,0,0.5,190298.08,69,2017,2
Fish (dried),2017-05-15,235666.667,NGN,NGN/MT,WFP Nigeria,retail,National,,,0.9,True,WFP VAM retail data,WFP,historical,False,,,305.79,229.2,161.0,16.3,17.9,0,1,1,1,0,0,0,0,1,0,1,0,0,0,0,0,0,0,0,0,0.4999999999999999,-0.8660254037844387,0.6631226582407952,-0.7485107481711012,0,770.68,221316.667,206966.667,178266.667,191251.894,152159.091,138833.333,329409.091,214141.667,18525.770339355247,194239.820375,25028.291714409603,191504.73508333333,21568.30850584558,158851.19023076922,35424.774038071795,235666.667,192616.667,235666.667,163916.667,6.483921972311291,32.19895281937368,54.88175267818865,-28.45775255182621,34.806,-0.4495616692840043,2.043,12.37017790089749,1.487,0,0,0.5,202636.86,70,2017,2
Fish (dried),2017-05-22,207386.364,NGN,NGN/MT,WFP Nigeria,retail,National,,,0.9,True,WFP VAM retail data,WFP,historical,False,,,305.79,229.2,161.0,16.3,17.9,0,1,1,1,0,0,0,0,1,0,1,0,0,0,0,0,0,0,0,0,0.4999999999999999,-0.8660254037844387,0.5680647467311558,-0.8229838658936564,0,678.2,235666.667,221316.667,192616.667,182140.152,168227.273,140605.769,278265.152,217834.09125,13630.664036813725,197395.596875,24875.880271421036,194767.99266666663,20669.940724681088,161419.67465384613,36454.96299277292,235666.667,206966.667,235666.667,163916.667,-12.000128554455259,7.6679226310151005,23.277492585878168,-25.47167242846132,34.949,-18.48405052676655,1.498,12.242343647174167,1.487,0,0,0.5,178320.18,71,2017,2
Fish (dried),2017-05-29,179106.061,NGN,NGN/MT,WFP Nigeria,retail,National,,,0.9,True,WFP VAM retail data,WFP,historical,False,,,305.79,229.2,161.0,16.3,17.9,0,1,1,1,0,0,0,0,1,0,1,0,0,0,0,0,0,1,0,0,0.4999999999999999,-0.8660254037844387,0.464723172043769,-0.8854560256532096,0,585.72,207386.364,235666.667,206966.667,173028.409,184295.455,142378.205,227121.212,210868.93975000002,24118.39603426589,198155.30337500002,24106.300245859697,194335.54316666664,20961.195430628708,162832.2845,36399.15204204869,235666.667,179106.061,235666.667,163916.667,-13.63652964184281,-13.46139762689419,-2.815801398900475,-21.140760291469395,29.501,-1.6364010873875507,0.792,12.09573901217395,1.487,0,0,0.5,154003.49,72,2017,2
Fish (dried),2017-06-05,150825.758,NGN,NGN/MT,WFP Nigeria,retail,National,,,0.9,True,WFP VAM retail data,WFP,historical,False,,,305.79,229.2,161.0,16.3,17.9,0,1,1,0,0,0,0,1,0,0,1,0,0,0,0,0,0,1,1,0,1.2246467991473532e-16,-1.0,0.3546048870425358,-0.9350162426854148,0,493.23,179106.061,207386.364,221316.667,163916.667,200363.636,144150.641,175977.273,193246.2125,36509.71418156471,196518.93975,27029.550332086746,190207.38666666663,24281.21653697735,163089.01976923074,36285.4769136515,235666.667,150825.758,235666.667,150825.758,-15.789696251541141,-31.850700607198277,-24.723986342511772,-14.29247912030094,18.491,-2.1531666096983315,0.019,11.923887159133624,1.487,0,0,0.5,129686.81,73,2017,2
Fish (dried),2017-06-12,122545.455,NGN,NGN/MT,WFP Nigeria,retail,National,,,0.9,True,WFP VAM retail data,WFP,historical,False,,,305.79,223.5,161.0,16.3,17.9,0,1,1,0,0,0,0,1,0,0,1,0,0,0,0,0,0,1,1,0,1.2246467991473532e-16,-1.0,0.2393156642875576,-0.970941817426052,0,400.75,150825.758,179106.061,235666.667,178266.667,191251.894,145923.077,124833.333,164965.9095,36509.71418156469,189553.78825,37540.45520741241,184481.85008333332,31143.38834394816,162189.88046153847,37010.261920423174,207386.364,122545.455,235666.667,122545.455,-18.750313855541833,-48.000514217821056,-35.924579654097435,-1.8327460663090656,1.712,-2.960617604000692,-0.77,11.716245461569281,1.459,0,0,0.5,105370.12,74,2017,2
Fish (dried),2017-06-19,139024.476,NGN,NGN/MT,WFP Nigeria,retail,National,,,0.9,True,WFP VAM retail data,WFP,historical,False,,,305.79,223.5,161.0,16.3,17.9,0,1,1,0,0,0,0,1,0,0,1,0,0,0,0,0,0,1,1,0,1.2246467991473532e-16,-1.0,0.120536680255323,-0.992708874098054,0,454.64,122545.455,150825.758,207386.364,192616.667,182140.152,136092.308,112575.0,147875.4375,23832.7769271358,182854.76437499997,41489.78401530466,180888.87708333333,33810.962264620495,162302.65615384618,36931.94237169954,179106.061,122545.455,235666.667,122545.455,13.447272279498247,-32.96354045726942,-23.671703095976337,23.494982011992004,-8.889,32.19758613504008,-0.327,11.842412475894536,1.459,0,0,0.5,119539.53,75,2017,2
Fish (dried),2017-06-26,155503.497,NGN,NGN/MT,WFP Nigeria,retail,National,,,0.9,True,WFP VAM retail data,WFP,historical,False,,,305.79,223.5,161.0,16.3,17.9,0,1,1,0,0,0,0,1,0,0,1,0,0,0,0,0,0,0,1,0,1.2246467991473532e-16,-1.0,-3.216245299353273e-16,-1.0,0,508.53,139024.476,122545.455,179106.061,206966.667,173028.409,126261.538,100316.667,141974.7965,14692.049537863593,176421.868125,41205.86988173195,179428.46774999998,34551.713390341116,163427.3468846154,36229.0421572784,155503.497,122545.455,235666.667,122545.455,11.853323583107777,-13.177981732287659,-10.12834372186825,55.012623176565455,-13.127,-1.5939486963904699,0.11,11.95442992979741,1.459,0,0,0.5,133708.94,76,2017,2
Fish (dried),2017-07-03,171982.517,NGN,NGN/MT,WFP Nigeria,retail,National,,,0.9,True,WFP VAM retail data,WFP,historical,False,,,305.79,223.5,161.0,16.3,17.9,0,1,1,0,0,0,1,1,0,0,1,0,0,0,0,0,0,0,1,0,-0.4999999999999997,-0.8660254037844388,-0.1205366802553228,-0.992708874098054,0,562.42,155503.497,139024.476,150825.758,221316.667,163916.667,116430.769,88058.333,147263.98625,21274.324244299216,170255.09937500002,37004.63014818572,180100.62191666666,34300.05911162355,165563.95257692307,34962.4986593867,171982.517,122545.455,235666.667,122545.455,10.597202196681144,14.027285047690597,4.920701565997554,95.30521546438995,-11.053,-1.2561213864266332,0.556,12.05515391980812,1.459,0,0,0.5,147878.35,77,2017,3
Fish (dried),2017-07-10,188461.538,NGN,NGN/MT,WFP Nigeria,retail,National,,,0.9,True,WFP VAM retail data,WFP,historical,False,,,305.79,210.3636363636364,147.3,16.3,17.9,0,1,1,0,0,0,1,1,0,0,1,0,0,0,0,0,0,0,1,0,-0.4999999999999997,-0.8660254037844388,-0.2393156642875574,-0.970941817426052,0,616.31,171982.517,155503.497,122545.455,235666.667,178266.667,106600.0,75800.0,163743.007,21274.32411519981,164354.45825,27670.663344792072,180950.19449999998,34376.67662012816,168712.47326923074,33075.19722154762,188461.538,139024.476,235666.667,122545.455,9.581800108205197,53.789088301969244,5.718887984818832,148.62999736147756,-2.946,-1.0154020884759465,1.027,12.146654528718779,1.363,0,0,0.5,162047.75,78,2017,3
Fish (dried),2017-07-17,212569.231,NGN,NGN/MT,WFP Nigeria,retail,National,,,0.9,True,WFP VAM retail data,WFP,historical,False,,,305.79,210.3636363636364,147.3,16.3,17.9,0,1,1,0,0,0,1,1,0,0,1,0,0,0,0,0,0,0,1,0,-0.4999999999999997,-0.8660254037844388,-0.3546048870425356,-0.9350162426854148,0,695.15,188461.538,171982.517,139024.476,207386.364,192616.667,112498.182,86790.0,182129.19575,24348.697624126515,165002.316625,28857.3360433964,182612.90816666666,35457.78070484384,172561.35976923077,32079.540724470073,212569.231,155503.497,235666.667,122545.455,12.791837133367757,52.90058061430854,10.358690299630213,144.9236444290817,5.545,3.21003702516256,1.731,12.267027711567433,1.363,0,0,0.5,182776.64,79,2017,3
Fish (dried),2017-07-24,236676.923,NGN,NGN/MT,WFP Nigeria,retail,National,,,0.9,True,WFP VAM retail data,WFP,historical,False,,,305.79,210.3636363636364,147.3,16.3,17.9,0,1,1,0,0,0,1,1,0,0,1,0,0,0,0,0,0,0,1,0,-0.4999999999999997,-0.8660254037844388,-0.464723172043768,-0.8854560256532101,0,773.99,212569.231,188461.538,155503.497,179106.061,206966.667,118396.364,97780.0,202422.55225,28271.438296413293,172198.674375,38458.240765311166,185088.76283333334,38240.92309681538,177110.61203846152,32475.402327056534,236676.923,171982.517,236676.923,122545.455,11.34110138451787,52.200386207391844,14.355092262272361,142.05044283084476,14.292,-1.4507357488498869,2.359,12.374455521190185,1.363,0,0,0.5,203505.52,80,2017,3
Fish (dried),2017-07-31,260784.615,NGN,NGN/MT,WFP Nigeria,retail,National,,,0.9,True,WFP VAM retail data,WFP,historical,False,,,305.79,210.3636363636364,147.3,16.3,17.9,0,1,1,0,0,0,1,1,0,0,1,0,0,0,0,0,0,0,1,0,-0.4999999999999997,-0.8660254037844388,-0.5680647467311556,-0.8229838658936565,0,852.82,236676.923,212569.231,171982.517,150825.758,221316.667,124294.545,108770.0,224623.07675,31122.896931128875,185943.53149999998,48155.33277439409,188377.7585,43036.60310738298,182360.23011538462,34561.00403808231,260784.615,188461.538,260784.615,122545.455,10.185907309602804,51.63437513825897,17.833247054999248,139.75785142962215,23.175,-1.155194074915066,2.836,12.47145395030483,1.363,0,0,0.5,224234.41,81,2017,3
Fish (dried),2017-08-07,284892.308,NGN,NGN/MT,WFP Nigeria,retail,National,,,0.9,True,WFP VAM retail data,WFP,historical,False,,,305.79,210.3636363636364,147.3,16.3,17.9,0,1,0,0,1,0,1,1,0,0,1,0,0,0,0,1,0,0,1,0,-0.8660254037844384,-0.5000000000000004,-0.663122658240795,-0.7485107481711013,0,931.66,260784.615,236676.923,188461.538,122545.455,235666.667,130192.727,119760.0,248730.76925,31122.896931128937,206236.888125,51699.03868180591,192479.89525000003,49772.690909706194,188310.214,38331.4458914062,284892.308,212569.231,284892.308,122545.455,9.244292651236364,51.16734747224658,20.887825005816385,137.8860287241149,32.086,-0.94161465836644,3.139,12.559870031266641,1.363,0,0,0.0,244963.29,82,2017,3
Fish (dried),2017-08-14,309000.0,NGN,NGN/MT,WFP Nigeria,retail,National,,,0.9,True,WFP VAM retail data,WFP,historical,False,,,305.79,195.63636363636363,152.83333333333334,16.3,17.9,0,1,0,0,1,0,1,1,0,0,1,0,0,0,0,1,0,0,1,0,-0.8660254037844384,-0.5000000000000004,-0.7485107481711011,-0.6631226582407952,0,1010.5,284892.308,260784.615,212569.231,139024.476,207386.364,136090.909,130750.0,272838.46150000003,31122.897060228428,227483.82862500002,54955.59659274101,200947.69825000002,60109.60905857291,194960.56365384615,43553.073976337946,309000.0,236676.923,309000.0,122545.455,8.46203681989195,45.364406008506464,48.997260012717135,136.3288718929254,39.945,-0.7822558313444148,3.294,12.6410997921206,1.307,0,0,0.0,265692.18,83,2017,3
Fish (dried),2017-08-21,273875.0,NGN,NGN/MT,WFP Nigeria,retail,National,,,0.9,True,WFP VAM retail data,WFP,historical,False,,,305.79,195.63636363636363,152.83333333333334,16.3,17.9,0,1,0,0,1,0,1,1,0,0,1,0,0,0,0,1,0,0,1,0,-0.8660254037844384,-0.5000000000000004,-0.8229838658936564,-0.5680647467311559,0,895.63,309000.0,284892.308,236676.923,155503.497,179106.061,152159.091,143895.833,282137.98075,20440.135978960992,242280.2665,48344.47704966389,208845.10983333332,63128.81565000488,199641.9447692308,45275.81251148031,309000.0,260784.615,309000.0,122545.455,-11.367313915857602,15.716816210256379,52.912189833709775,90.328652532975,41.322,-19.82935073574955,2.282,12.520430728191878,1.307,0,0,0.0,235490.11,84,2017,3
Fish (dried),2017-08-28,238750.0,NGN,NGN/MT,WFP Nigeria,retail,National,,,0.9,True,WFP VAM retail data,WFP,historical,False,,,305.79,195.63636363636363,152.83333333333334,16.3,17.9,0,1,0,0,1,0,1,1,0,0,1,0,0,0,0,1,0,0,1,0,-0.8660254037844384,-0.5000000000000004,-0.8854560256532096,-0.4647231720437691,0,780.76,273875.0,309000.0,260784.615,171982.517,150825.758,168227.273,157041.667,276629.327,29203.693012327436,250626.201875,39413.143795594005,216172.13,60843.73097873743,202354.35734615385,45430.71719189941,309000.0,238750.0,309000.0,122545.455,-12.825193975353722,-8.449353885389288,58.295242912023014,52.02971578237259,36.705,-1.4578800594961194,1.427,12.383176446815881,1.307,0,0,0.0,205288.05,85,2017,3
Fish (dried),2017-09-04,203625.0,NGN,NGN/MT,WFP Nigeria,retail,National,,,0.9,True,WFP VAM retail data,WFP,historical,False,,,305.79,195.63636363636363,152.83333333333334,16.3,17.9,0,1,0,0,1,1,0,0,0,0,0,0,0,0,0,1,0,0,0,0,-1.0,-1.8369701987210287e-16,-0.9350162426854148,-0.3546048870425359,0,665.9,238750.0,273875.0,284892.308,188461.538,122545.455,184295.455,170187.5,256312.5,45346.18001184384,252521.634625,36232.77432595637,222928.75875,53568.3144205433,203097.8013846154,45281.286093956325,309000.0,203625.0,309000.0,139024.476,-14.71204188481675,-28.525623794658582,66.1628332115622,19.64744766801323,26.202,-1.8868479094630288,0.634,12.224040256880624,1.307,0,0,0.5,175085.98,86,2017,3
Fish (dried),2017-09-11,168500.0,NGN,NGN/MT,WFP Nigeria,retail,National,,,0.9,True,WFP VAM retail data,WFP,historical,False,,,305.79,206.0,148.8,16.3,17.9,0,1,0,0,1,1,0,0,0,0,0,0,0,0,0,1,0,0,0,0,-1.0,-1.8369701987210287e-16,-0.970941817426052,-0.2393156642875577,0,551.03,203625.0,238750.0,309000.0,212569.231,139024.476,200363.636,183333.333,221187.5,45346.18001184384,247012.98075000002,45372.07438347238,225385.05241666667,49923.00251459143,201872.27692307692,45786.61563951429,273875.0,168500.0,309000.0,155503.497,-17.249846531614487,-45.46925566343042,21.201679623665704,-8.090908923801654,9.568,-2.5378046467977367,-0.132,12.034696963475044,1.346,0,0,0.5,144883.92,87,2017,3
Fish (dried),2017-09-18,198086.538,NGN,NGN/MT,WFP Nigeria,retail,National,,,0.9,True,WFP VAM retail data,WFP,historical,False,,,305.79,206.0,148.8,16.3,17.9,0,1,0,0,1,1,0,0,0,0,0,0,0,0,0,1,0,0,0,0,-1.0,-1.8369701987210287e-16,-0.992708874098054,-0.1205366802553235,0,647.79,168500.0,203625.0,273875.0,236676.923,155503.497,191251.894,179125.0,202240.38450000001,28812.82799375839,242189.182625,48566.870572684384,228933.63916666666,45851.574244440584,202135.14784615382,45742.80137883953,238750.0,168500.0,309000.0,168500.0,17.558776261127605,-27.672647010497485,27.383976451667834,10.585645778087937,0.052,34.80862279274209,0.51,12.196464323085461,1.346,0,0,0.5,170323.76,88,2017,3
Fish (dried),2017-09-25,227673.077,NGN,NGN/MT,WFP Nigeria,retail,National,,,0.9,True,WFP VAM retail data,WFP,historical,False,,,305.79,206.0,148.8,16.3,17.9,0,1,0,0,1,1,0,0,0,0,0,0,0,0,0,1,0,0,0,0,-1.0,-1.8369701987210287e-16,-1.0,-1.8369701987210287e-16,0,744.54,198086.538,168500.0,238750.0,260784.615,171982.517,182140.152,174916.667,199471.15375,24315.512463229818,238050.240375,48164.99454150051,233574.51916666667,42239.29768965534,203886.4141923077,45818.22459981784,227673.077,168500.0,309000.0,168500.0,14.936168453809806,-4.63954890052356,32.38152398944132,30.16088226743996,-2.166,-2.6226078073177987,1.123,12.335670398403424,1.346,0,0,0.5,195763.61,89,2017,3
Fish (dried),2017-10-02,257259.615,NGN,NGN/MT,WFP Nigeria,retail,National,,,0.9,True,WFP VAM retail data,WFP,historical,False,,,305.79,206.0,148.8,16.3,17.9,0,1,0,0,0,1,0,0,0,1,0,1,0,1,1,1,1,0,0,0,-0.8660254037844386,0.5000000000000001,-0.992708874098054,0.1205366802553232,0,841.3,227673.077,198086.538,203625.0,284892.308,188461.538,173028.409,170708.333,212879.8075,38196.05683170716,234596.15375,45227.11252757561,239307.69225,40178.14011501234,207126.07596153844,46521.54085975192,257259.615,168500.0,309000.0,168500.0,12.995185197062199,26.33989686924494,36.50510217103289,50.7012636577032,2.778,-1.9409832567476073,1.679,12.457844916207474,1.346,0,0,0.5,221203.45,90,2017,4
Fish (dried),2017-10-09,286846.154,NGN,NGN/MT,WFP Nigeria,retail,National,,,0.9,True,WFP VAM retail data,WFP,historical,False,,,305.79,190.25,157.0,16.3,17.9,0,1,0,0,0,1,0,0,0,1,0,1,0,1,1,1,1,0,0,0,-0.8660254037844386,0.5000000000000001,-0.970941817426052,0.2393156642875573,0,938.05,257259.615,227673.077,168500.0,309000.0,212569.231,163916.667,166500.0,242466.34599999996,38196.05708990605,231826.92299999998,40446.124714297075,245497.43583333332,41387.654397863254,211854.13315384614,48171.92720813029,286846.154,198086.538,309000.0,168500.0,11.500654309849612,70.235106231454,34.94246211014425,72.27997237237236,14.45,-1.494530887212587,2.148,12.566704788419006,1.291,0,0,0.5,246643.3,91,2017,4
Fish (dried),2017-10-16,283114.423,NGN,NGN/MT,WFP Nigeria,retail,National,,,0.9,True,WFP VAM retail data,WFP,historical,False,,,305.79,190.25,157.0,16.3,17.9,0,1,0,0,0,1,0,0,0,1,0,1,0,1,1,1,1,0,0,0,-0.8660254037844386,0.5000000000000001,-0.9350162426854148,0.3546048870425355,0,925.85,286846.154,257259.615,198086.538,273875.0,236676.923,178266.667,160966.667,263723.31724999996,27398.782396509567,232981.850875,41923.261596997094,249367.22750000004,42639.98350722433,215886.73915384617,49614.70169618077,286846.154,227673.077,309000.0,168500.0,-1.3009520776074202,42.924615604115424,19.62062858151996,75.88388222016178,22.158,-12.801606387457031,1.95,12.553609948598757,1.291,0,0,0.5,243434.59,92,2017,4
Fish (dried),2017-10-23,279382.692,NGN,NGN/MT,WFP Nigeria,retail,National,,,0.9,True,WFP VAM retail data,WFP,historical,False,,,305.79,190.25,157.0,16.3,17.9,0,1,0,0,0,1,0,0,0,1,0,1,0,1,1,1,1,0,0,0,-0.8660254037844386,0.5000000000000001,-0.8854560256532101,0.464723172043768,0,913.64,283114.423,286846.154,227673.077,238750.0,260784.615,192616.667,155433.333,276650.72099999996,13281.62835210115,238060.93737499998,45065.521499090864,250917.06725,43423.49328654984,219223.89396153844,50888.565993687735,286846.154,257259.615,309000.0,168500.0,-1.3180999259794102,22.71222213946711,7.131585197232582,79.74438726087149,26.196,-0.017147848371990015,1.778,12.540341356170243,1.291,0,0,0.5,240225.87,93,2017,4
Fish (dried),2017-10-30,275650.962,NGN,NGN/MT,WFP Nigeria,retail,National,,,0.9,True,WFP VAM retail data,WFP,historical,False,,,305.79,190.25,157.0,16.3,17.9,0,1,0,0,0,1,0,0,0,1,0,1,0,1,1,1,1,0,0,0,-0.8660254037844386,0.5000000000000001,-0.822983865893657,0.5680647467311548,0,901.44,279382.692,283114.423,257259.615,203625.0,284892.308,206966.667,149900.0,281248.55775,4817.643617864623,247064.182625,44392.75578620447,250146.9550833333,42844.25192566684,221865.59761538464,51997.49400265938,286846.154,275650.962,309000.0,168500.0,-1.3357055060518874,7.148944462192408,-3.2438032689882323,83.88990126751168,26.765,-0.017605580072477256,1.625,12.526894341714247,1.291,0,0,0.5,237017.16,94,2017,4
Fish (dried),2017-11-06,271919.231,NGN,NGN/MT,WFP Nigeria,retail,National,,,0.9,True,WFP VAM retail data,WFP,historical,False,,,305.79,190.25,157.0,16.3,17.9,1,0,0,0,0,1,0,0,0,1,0,1,1,1,1,0,1,0,0,0,-0.5000000000000004,0.8660254037844384,-0.7485107481711011,0.6631226582407952,1,889.24,275650.962,279382.692,286846.154,168500.0,309000.0,221316.667,144366.667,277516.82700000005,4817.643488765154,259991.58649999998,31404.0894394923,247056.89099999997,39413.53978696923,223811.8500769231,52915.05044478396,283114.423,271919.231,286846.154,168500.0,-1.35378849140384,-5.203807961810758,-12.000248867313912,88.353195824629,23.996,-0.01808298535195263,1.487,12.5132640338842,1.291,0,0,0.5,233808.45,95,2017,4
Fish (dried),2017-11-13,268187.5,NGN,NGN/MT,WFP Nigeria,retail,National,,,0.9,True,WFP VAM retail data,WFP,historical,False,,,305.79,227.91875,154.92666666666668,16.3,17.9,1,0,0,0,0,1,0,0,0,1,0,1,1,1,1,0,1,0,0,0,-0.5000000000000004,0.8660254037844384,-0.6631226582407955,0.7485107481711007,1,877.03,271919.231,275650.962,283114.423,198086.538,273875.0,235666.667,138833.333,273785.09625,4817.643617864596,268754.20675,18989.424477143104,246582.93266666666,39094.633824144345,225062.65134615384,53586.58362387876,279382.692,268187.5,286846.154,168500.0,-1.37236744391942,-5.272399350703516,-2.076677316293929,93.17226937136198,21.648,-0.01857895251557995,1.36,12.499445370461489,1.466,0,0,0.5,230599.74,96,2017,4
Fish (dried),2017-11-20,265328.125,NGN,NGN/MT,WFP Nigeria,retail,National,,,0.9,True,WFP VAM retail data,WFP,historical,False,,,305.79,227.91875,154.92666666666668,16.3,17.9,1,0,0,0,0,1,0,0,0,1,0,1,1,1,1,0,1,0,0,0,-0.5000000000000004,0.8660254037844384,-0.5680647467311559,0.8229838658936564,1,867.68,268187.5,271919.231,279382.692,227673.077,238750.0,207386.364,140605.769,270271.4545,4488.267714823884,273461.08775,9790.875332587566,248797.77641666666,39362.48252944951,227291.18061538463,54025.09821773554,275650.962,265328.125,286846.154,168500.0,-1.0661850384525717,-5.030578988049827,11.13219895287958,88.70358370572976,18.91,0.3061824054668483,1.257,12.488726315479866,1.466,0,0,0.5,228141.12,97,2017,4
Fish (dried),2017-11-27,262468.75,NGN,NGN/MT,WFP Nigeria,retail,National,,,0.9,True,WFP VAM retail data,WFP,historical,False,,,305.79,227.91875,154.92666666666668,16.3,17.9,1,0,0,0,0,1,0,0,0,1,0,1,1,1,1,0,1,0,0,0,-0.5000000000000004,0.8660254037844384,-0.4647231720437684,0.88545602565321,1,858.33,265328.125,268187.5,275650.962,257259.615,203625.0,179106.061,142378.205,266975.90150000004,4038.7316287962954,274112.229625,8668.337807857768,253701.42224999997,36805.6594211891,230497.43788461538,53522.38946226932,271919.231,262468.75,286846.154,168500.0,-1.077675048583715,-4.782211498322287,28.89809699201964,84.34615747543666,15.826,-0.011490010131143258,1.159,12.477891116278158,1.466,0,0,0.5,225682.5,98,2017,4
Fish (dried),2017-12-04,259609.375,NGN,NGN/MT,WFP Nigeria,retail,National,,,0.9,True,WFP VAM retail data,WFP,historical,False,,,305.79,227.91875,154.92666666666668,16.3,17.9,1,0,0,0,0,0,0,0,0,1,0,1,1,1,1,0,0,0,0,1,-2.4492935982947064e-16,1.0,-0.3546048870425359,0.9350162426854148,1,848.98,262468.75,265328.125,271919.231,286846.154,168500.0,150825.758,144150.641,263898.4375,3691.437251837708,270707.63225,8293.114686781466,261293.87016666666,25199.387776798547,234681.42315384618,51248.77895118393,268187.5,259609.375,286846.154,198086.538,-1.0894154065960282,-4.52702663019815,54.07084569732938,80.09588663570355,12.45,-0.011740358012313212,1.067,12.466937228344758,1.466,0,0,0.0,223223.88,99,2017,4
Fish (dried),2017-12-11,256750.0,NGN,NGN/MT,WFP Nigeria,retail,National,,,0.9,True,WFP VAM retail data,WFP,historical,False,,,305.79,240.99375,169.78285714285715,16.3,17.9,1,0,0,0,0,0,0,0,0,1,0,1,1,1,1,0,0,0,0,1,-2.4492935982947064e-16,1.0,-0.2393156642875578,0.970941817426052,1,839.63,259609.375,262468.75,268187.5,283114.423,198086.538,122545.455,145923.077,261039.0625,3691.4372518376554,267412.07937500003,7886.987019799216,266182.492,15735.879739373178,239843.13642307694,45991.631825443845,265328.125,256750.0,286846.154,227673.077,-1.1014143845922364,-4.264740153810298,29.615067531747165,75.94886653877235,8.837,-0.011998977996208193,0.978,12.455862022622558,1.564,0,0,0.0,220765.26,100,2017,4
Fish (dried),2017-12-18,263557.143,NGN,NGN/MT,WFP Nigeria,retail,National,,,0.9,True,WFP VAM retail data,WFP,historical,False,,,305.79,240.99375,169.78285714285715,16.3,17.9,1,0,0,0,0,0,0,0,0,1,0,1,1,1,1,0,0,0,0,1,-2.4492935982947064e-16,1.0,-0.1205366802553236,0.992708874098054,1,861.89,256750.0,259609.375,265328.125,279382.692,227673.077,139024.476,136092.308,260596.31699999998,3057.2702921210043,265433.88575,6275.7005009906225,269172.83083333337,10182.020341420219,244632.8543846154,41319.356440137344,263557.143,256750.0,286846.154,256750.0,2.6512728334956215,-0.6674686296449073,15.761225030573112,93.6605726460308,6.525,3.752687218087858,1.057,12.482029279168968,1.564,0,0,0.0,226618.35,101,2017,4
Fish (dried),2017-12-25,270364.286,NGN,NGN/MT,WFP Nigeria,retail,National,,,0.9,True,WFP VAM retail data,WFP,historical,False,,,305.79,240.99375,169.78285714285715,16.3,17.9,1,0,0,0,0,0,0,0,0,1,0,1,1,1,1,0,0,0,0,1,-2.4492935982947064e-16,1.0,6.432490598706546e-16,1.0,1,884.15,263557.143,256750.0,262468.75,275650.962,257259.615,155503.497,126261.538,262570.201,5898.108334624652,264773.05125,5238.831645683486,270264.88675,9465.692795012741,249050.57703846155,37359.267407837,270364.286,256750.0,286846.154,256750.0,2.582795868294885,3.008181354923223,5.09394799490781,114.13036011013902,5.428,-0.06847696520073665,1.134,12.50752923473199,1.564,0,0,0.0,232471.44,102,2017,4
Fish (dried),2018-01-01,277171.429,NGN,NGN/MT,WFP Nigeria,retail,National,,,0.9,True,WFP VAM retail data,WFP,historical,False,,,306.08,240.99375,169.78285714285715,15.1,16.2,1,0,0,0,0,0,0,0,0,1,0,0,1,0,0,0,0,0,0,1,0.4999999999999999,0.8660254037844387,0.120536680255323,0.992708874098054,1,905.55,270364.286,263557.143,259609.375,271919.231,286846.154,171982.517,116430.769,266960.7145,8787.983824744017,265429.576,6451.14814715938,269458.6596666667,8260.280745291837,253096.30442307692,34245.35139628231,277171.429,256750.0,283114.423,256750.0,2.5177670840741184,6.764799614805894,-3.3727923017576766,138.05685677468986,5.478,-0.06502878422076641,1.213,12.532395078869202,1.564,0,0,0.0,240809.23,103,2018,1
Fish (dried),2018-01-08,283978.571,NGN,NGN/MT,WFP Nigeria,retail,National,,,0.9,True,WFP VAM retail data,WFP,historical,False,,,306.08,240.99375,169.78285714285715,15.1,16.2,1,0,0,0,0,0,0,0,0,1,0,0,1,0,0,0,0,0,0,1,0.4999999999999999,0.8660254037844387,0.2393156642875577,0.970941817426052,1,927.79,277171.429,270364.286,256750.0,268187.5,283114.423,188461.538,106600.0,273767.85725,8787.983437445751,267403.459875,9232.01353382077,269530.67199999996,8392.855952856868,256770.0364615385,32089.7240127633,283978.571,263557.143,283978.571,256750.0,2.455932065061428,10.60509094449853,0.3052292394160272,166.39640806754218,6.62,-0.061835019012690395,1.297,12.556657581457442,1.564,0,0,0.0,246723.35,104,2018,1
Fish (dried),2018-01-15,290785.714,NGN,NGN/MT,WFP Nigeria,retail,National,,,0.9,True,WFP VAM retail data,WFP,historical,False,,,306.08,221.41166666666663,195.76,15.1,16.2,1,0,0,0,0,0,0,0,0,1,0,0,1,0,0,0,0,0,0,1,0.4999999999999999,0.8660254037844387,0.3546048870425356,0.9350162426854148,1,950.03,283978.571,277171.429,263557.143,265328.125,279382.692,212569.231,112498.182,280575.0,8787.983308346338,270585.65849999996,12294.146142613747,270480.92383333336,10084.727928361312,259778.36273076924,31439.983520885664,290785.714,270364.286,290785.714,256750.0,2.397062206500067,10.331183093755115,4.081506237329835,158.4803672649572,8.006,-0.05886985856136118,1.379,12.580345335839874,1.534,0,0,0.0,252637.46,105,2018,1
Fish (dried),2018-01-22,284839.286,NGN,NGN/MT,WFP Nigeria,retail,National,,,0.9,True,WFP VAM retail data,WFP,historical,False,,,306.08,221.41166666666663,195.76,15.1,16.2,1,0,0,0,0,0,0,0,0,1,0,0,1,0,0,0,0,0,0,1,0.4999999999999999,0.8660254037844387,0.4647231720437685,0.8854560256532099,1,930.6,290785.714,283978.571,270364.286,262468.75,275650.962,236676.923,118396.364,284193.75,5574.644991187738,273381.9755,12720.898378130567,271246.6175,10833.940520630147,261630.7613076923,31443.264181460883,290785.714,277171.429,290785.714,256750.0,-2.0449519057184395,5.353887606294272,3.3333183143398726,140.5811093996096,8.624,-4.442014112218507,1.232,12.559683902168018,1.534,0,0,0.0,247471.14,106,2018,1
Fish (dried),2018-01-29,278892.857,NGN,NGN/MT,WFP Nigeria,retail,National,,,0.9,True,WFP VAM retail data,WFP,historical,False,,,306.08,221.41166666666663,195.76,15.1,16.2,1,0,0,0,0,0,0,0,0,1,0,0,1,0,0,0,0,0,0,1,0.4999999999999999,0.8660254037844387,0.5680647467311558,0.8229838658936564,1,911.18,284839.286,290785.714,277171.429,259609.375,271919.231,260784.615,124294.545,284624.107,4874.274172084009,275792.41075,11507.466485758381,271827.75299999997,11058.015962059233,262327.2321538462,31623.80349111523,290785.714,278892.857,290785.714,256750.0,-2.0876435563035423,0.6210697856596337,2.5645946314109658,124.38060898006427,8.5,-0.042691650585102714,1.087,12.538586547557305,1.534,0,0,0.0,242304.83,107,2018,1
Fish (dried),2018-02-05,272946.429,NGN,NGN/MT,WFP Nigeria,retail,National,,,0.9,True,WFP VAM retail data,WFP,historical,False,,,306.08,221.41166666666663,195.76,15.1,16.2,1,0,0,0,0,0,0,0,1,1,0,0,1,0,0,0,0,0,0,0,0.8660254037844386,0.5000000000000001,0.6631226582407952,0.7485107481711011,1,891.75,278892.857,284839.286,283978.571,256750.0,268187.5,284892.308,130192.727,281866.0715,7676.806054197323,277816.964375,8780.238854150757,272224.33041666663,11000.783432881542,261867.77526923077,31368.59560674156,290785.714,272946.429,290785.714,256750.0,-2.1321550017324498,-3.8848501706137517,1.774478303425786,109.64798517508586,7.637,-0.0445114454289075,0.942,12.517034487857977,1.534,0,0,0.0,237138.51,108,2018,1
Fish (dried),2018-02-12,267000.0,NGN,NGN/MT,WFP Nigeria,retail,National,,,0.9,True,WFP VAM retail data,WFP,historical,False,,,306.08,218.217,198.105,15.1,16.2,1,0,0,0,0,0,0,0,1,1,0,0,1,0,0,0,0,0,0,0,0.8660254037844386,0.5000000000000001,0.7485107481711011,0.6631226582407953,1,872.32,272946.429,278892.857,290785.714,263557.143,265328.125,309000.0,136090.909,275919.64300000004,7676.806312396191,278247.3215,8034.1300085001085,272363.6533333333,10915.76277333553,260252.39065384615,29890.97972783854,284839.286,267000.0,290785.714,256750.0,-2.1786066305340857,-8.179808310665493,0.6301160120134375,96.1923849005961,6.02,-0.04645162880163589,0.795,12.495007682693725,1.525,0,0,0.0,231972.2,109,2018,1
Fish (dried),2018-02-19,238964.286,NGN,NGN/MT,WFP Nigeria,retail,National,,,0.9,True,WFP VAM retail data,WFP,historical,False,,,306.08,218.217,198.105,15.1,16.2,1,0,0,0,0,0,0,0,1,1,0,0,1,0,0,0,0,0,0,0,0.8660254037844386,0.5000000000000001,0.8229838658936564,0.5680647467311559,1,780.72,267000.0,272946.429,284839.286,270364.286,262468.75,273875.0,152159.091,264450.893,17671.158601651216,274322.3215,16078.380979059117,270404.94800000003,14404.112270958341,258909.6708846154,30038.308431575024,278892.857,238964.286,290785.714,238964.286,-10.500267415730335,-16.105573302132214,-8.955147612811054,57.04897054097149,2.14,-8.321660785196249,0.2,12.384073573502375,1.525,0,0,0.0,207614.5,110,2018,1
Fish (dried),2018-02-26,210928.571,NGN,NGN/MT,WFP Nigeria,retail,National,,,0.9,True,WFP VAM retail data,WFP,historical,False,,,306.08,218.217,198.105,15.1,16.2,1,0,0,0,0,0,0,0,1,1,0,0,1,0,0,0,0,0,0,0,0.8660254037844386,0.5000000000000001,0.8854560256532099,0.4647231720437686,1,689.13,238964.286,267000.0,278892.857,277171.429,259609.375,238750.0,168227.273,247459.8215,28507.8475990739,266041.96425,27442.76122030595,266348.21433333337,22372.208655949384,257839.6159230769,31256.041011992333,272946.429,210928.571,290785.714,210928.571,-11.732177836817003,-24.369317569148073,-18.751558567559435,25.38310063434246,-4.026,-1.2319104210866687,-0.402,12.259279570009156,1.525,0,0,0.0,183256.79,111,2018,1
Fish (dried),2018-03-05,182892.857,NGN,NGN/MT,WFP Nigeria,retail,National,,,0.9,True,WFP VAM retail data,WFP,historical,False,,,306.08,218.217,198.105,15.1,16.2,1,0,0,1,0,0,0,0,1,1,0,0,0,0,0,0,0,0,0,0,1.0,6.123233995736766e-17,0.9350162426854148,0.3546048870425355,0,597.53,210928.571,238964.286,272946.429,283978.571,256750.0,203625.0,184295.455,224946.4285,36193.9516567408,253406.25,38889.03257377657,260193.45241666667,32923.838751985626,257042.22580769227,32914.89813508271,267000.0,182892.857,290785.714,182892.857,-13.291567788604608,-32.993130677668624,-28.766170593963004,-0.7610594629151368,-12.487,-1.5593899517876046,-0.988,12.116661247155536,1.525,0,0,0.0,158899.09,112,2018,1
Fish (dried),2018-03-12,154857.143,NGN,NGN/MT,WFP Nigeria,retail,National,,,0.9,True,WFP VAM retail data,WFP,historical,False,,,306.08,218.417,179.65699999999998,15.1,16.2,1,0,0,1,0,0,0,0,1,1,0,0,0,0,0,0,0,0,0,0,1.0,6.123233995736766e-17,0.970941817426052,0.239315664287558,0,505.94,182892.857,210928.571,267000.0,290785.714,263557.143,168500.0,200363.636,196910.71425,36193.9515276413,236415.178625,48685.03450236788,251135.11908333332,44745.292869432604,256517.50053846152,34455.57698062474,238964.286,154857.143,290785.714,154857.143,-15.329037153156822,-42.00107003745318,-41.243427805711185,-22.711952082961794,-23.237,-2.037469364552214,-1.527,11.950264770392645,1.481,0,0,0.0,134541.39,113,2018,1
Fish (dried),2018-03-19,159767.857,NGN,NGN/MT,WFP Nigeria,retail,National,,,0.9,True,WFP VAM retail data,WFP,historical,False,,,306.08,218.417,179.65699999999998,15.1,16.2,1,0,0,1,0,0,0,0,1,1,0,0,0,0,0,0,0,0,0,0,1.0,6.123233995736766e-17,0.992708874098054,0.120536680255323,0,521.98,154857.143,182892.857,238964.286,284839.286,270364.286,198086.538,191251.894,177111.607,25645.511223403922,220781.25,50942.80831717808,241918.75,51330.0122956763,255043.70511538463,37719.76239143935,210928.571,154857.143,290785.714,154857.143,3.1711252738273688,-33.14153354279895,-40.90644908625247,-16.462078540252268,-30.556,18.50016242698419,-1.394,11.981483405962104,1.481,0,0,0.0,138807.87,114,2018,1
Fish (dried),2018-03-26,164678.571,NGN,NGN/MT,WFP Nigeria,retail,National,,,0.9,True,WFP VAM retail data,WFP,historical,False,,,306.08,218.417,179.65699999999998,15.1,16.2,1,0,0,1,0,0,0,0,1,1,0,0,0,0,0,0,0,0,0,0,1.0,6.123233995736766e-17,1.0,-1.6081226496766364e-16,0,538.02,159767.857,154857.143,210928.571,278892.857,277171.429,227673.077,182140.152,165549.107,12237.979717927383,206504.46425000002,48264.341860704495,232544.34516666667,54482.03379308666,252620.83949999997,41392.55528685382,182892.857,154857.143,290785.714,154857.143,3.0736557979869517,-21.926854091283822,-40.586022306072536,-9.586892735216345,-34.467,-0.0974694758404171,-1.278,12.011756870828226,1.481,0,0,0.0,143074.34,115,2018,1
Fish (dried),2018-04-02,169589.286,NGN,NGN/MT,WFP Nigeria,retail,National,,,0.9,True,WFP VAM retail data,WFP,historical,False,,,306.08,218.417,179.65699999999998,15.1,16.2,0,1,1,1,0,0,0,0,1,0,0,0,0,0,0,0,0,0,0,0,0.8660254037844387,-0.4999999999999998,0.992708874098054,-0.1205366802553228,0,554.07,164678.571,159767.857,182892.857,272946.429,283978.571,257259.615,173028.409,162223.21425,6339.704900617378,193584.821375,41263.933051200074,223011.90475,54671.46747334395,249248.9037692308,44457.03217848973,169589.286,154857.143,290785.714,154857.143,2.9820000077605657,-7.273969699100935,-40.28095662189948,-1.9876059774669885,-34.915,-0.09165579022638592,-1.176,12.041140724756215,1.481,0,0,0.5,147340.82,116,2018,2
Fish (dried),2018-04-09,174500.0,NGN,NGN/MT,WFP Nigeria,retail,National,,,0.9,True,WFP VAM retail data,WFP,historical,False,,,306.08,222.99444444444444,155.70000000000002,15.1,16.2,0,1,1,1,0,0,0,0,1,0,0,0,0,0,0,0,0,0,0,0,0.8660254037844387,-0.4999999999999998,0.970941817426052,-0.2393156642875575,0,570.11,169589.286,164678.571,154857.143,267000.0,290785.714,286846.154,163916.667,167133.92849999998,6339.705029716874,182022.321375,28844.152416422057,213321.4285833333,51796.730903122065,244927.89784615388,46086.47946888522,174500.0,159767.857,284839.286,154857.143,2.89565108493941,12.684501741065946,-39.99017434536003,6.456532574567309,-31.762,-0.08634892282115558,-1.087,12.069685751267224,1.444,0,0,0.5,151607.3,117,2018,2
Fish (dried),2018-04-16,229760.0,NGN,NGN/MT,WFP Nigeria,retail,National,,,0.9,True,WFP VAM retail data,WFP,historical,False,,,306.08,222.99444444444444,155.70000000000002,15.1,16.2,0,1,1,1,0,0,0,0,1,0,0,0,0,0,0,0,0,0,0,0,0.8660254037844387,-0.4999999999999998,0.9350162426854148,-0.3546048870425354,0,750.65,174500.0,169589.286,159767.857,238964.286,284839.286,283114.423,178266.667,184631.96425,30351.366698159003,180871.785625,26321.649604746384,208731.48808333333,47111.59547478976,242875.80465384616,45502.288258692075,229760.0,164678.571,278892.857,154857.143,31.667621776504305,43.80865107303782,-19.336969549909632,28.885564456085344,-23.981,28.771970691564896,0.008,12.344794917200213,1.444,0,0,0.5,199617.72,118,2018,2
Fish (dried),2018-04-23,285020.0,NGN,NGN/MT,WFP Nigeria,retail,National,,,0.9,True,WFP VAM retail data,WFP,historical,False,,,306.08,222.99444444444444,155.70000000000002,15.1,16.2,0,1,1,1,0,0,0,0,1,0,0,0,0,0,0,0,0,0,0,0,0.8660254037844387,-0.4999999999999998,0.8854560256532099,-0.4647231720437685,0,931.19,229760.0,174500.0,164678.571,210928.571,278892.857,279382.692,192616.667,214717.3215,54230.1309773204,190133.21425,44892.01709884297,209242.08333333334,47966.576982945735,243092.6241923077,45696.220420765196,285020.0,169589.286,285020.0,154857.143,24.05118384401115,73.07655651201881,2.196952286949383,47.97265700792135,-11.673,-7.616437932493156,1.091,12.560318140746766,1.444,0,0,0.5,247628.15,119,2018,2
Fish (dried),2018-04-30,340280.0,NGN,NGN/MT,WFP Nigeria,retail,National,,,0.9,True,WFP VAM retail data,WFP,historical,False,,,306.08,222.99444444444444,155.70000000000002,15.1,16.2,0,1,1,1,0,0,0,0,1,0,0,0,0,0,0,0,0,0,0,0,0.8660254037844387,-0.4999999999999998,0.8229838658936565,-0.5680647467311557,0,1111.74,285020.0,229760.0,169589.286,182892.857,272946.429,275650.962,206966.667,257390.0,71340.35323713979,209806.60712499998,69181.28131908798,214853.21425,58809.08405991212,245578.3564230769,49164.33837299739,340280.0,174500.0,340280.0,154857.143,19.38811311486912,100.64946791508986,24.66915256839648,64.41294868028193,4.81,-4.663070729142028,2.069,12.737527025841821,1.444,0,0,0.5,295638.58,120,2018,2
Fish (dried),2018-05-07,395540.0,NGN,NGN/MT,WFP Nigeria,retail,National,,,0.9,True,WFP VAM retail data,WFP,historical,False,,,306.08,222.99444444444444,155.70000000000002,15.1,16.2,0,1,1,1,0,0,0,0,1,0,1,0,0,0,0,0,0,0,0,0,0.4999999999999999,-0.8660254037844387,0.7485107481711013,-0.663122658240795,0,1292.28,340280.0,285020.0,174500.0,154857.143,267000.0,271919.231,221316.667,312650.0,71340.35323713985,239891.96425,90820.67708966747,225564.88091666668,77808.12162265264,250333.0013846154,57143.74303306083,395540.0,229760.0,395540.0,154857.143,16.239567415069935,126.67048710601718,48.142322097378276,78.72128898453003,24.894,-3.148545699799186,2.822,12.888009727062132,1.444,0,0,0.5,343649.0,121,2018,2
Fish (dried),2018-05-14,450800.0,NGN,NGN/MT,WFP Nigeria,retail,National,,,0.9,True,WFP VAM retail data,WFP,historical,False,,,306.08,213.8225,151.3422222222222,15.1,16.2,0,1,1,1,0,0,0,0,1,0,1,0,0,0,0,0,0,0,0,0,0.4999999999999999,-0.8660254037844387,0.6631226582407952,-0.7485107481711012,0,1472.82,395540.0,340280.0,229760.0,159767.857,238964.286,268187.5,235666.667,367910.0,71340.35323713989,276270.982125,110333.02261665855,243217.8570833333,101536.79391159632,257356.5590769231,69345.75089496965,450800.0,285020.0,450800.0,154857.143,13.970774131566976,96.20473537604457,88.64743662992387,91.2871284423096,42.957,-2.2687932835029585,3.301,13.018781279423914,1.39,0,0,0.5,391659.43,122,2018,2
Fish (dried),2018-05-21,407678.125,NGN,NGN/MT,WFP Nigeria,retail,National,,,0.9,True,WFP VAM retail data,WFP,historical,False,,,306.08,213.8225,151.3422222222222,15.1,16.2,0,1,1,1,0,0,0,0,1,0,1,0,0,0,0,0,0,1,0,0,0.4999999999999999,-0.8660254037844387,0.5680647467311558,-0.8229838658936564,0,1331.93,450800.0,395540.0,285020.0,164678.571,210928.571,265328.125,207386.364,398574.53125,45525.947762004995,306645.926375,108659.03698559036,259613.65324999997,111267.75316591043,262831.55907692306,75359.00483631127,450800.0,340280.0,450800.0,154857.143,-9.565633318544808,43.03491860220336,93.2778110936901,96.57904075120388,51.646,-23.536407450111785,2.414,12.91823568563237,1.39,0,0,0.5,354194.72,123,2018,2
Fish (dried),2018-05-28,364556.25,NGN,NGN/MT,WFP Nigeria,retail,National,,,0.9,True,WFP VAM retail data,WFP,historical,False,,,306.08,213.8225,151.3422222222222,15.1,16.2,0,1,1,1,0,0,0,0,1,0,1,0,0,0,0,0,0,1,0,0,0.4999999999999999,-0.8660254037844387,0.464723172043769,-0.8854560256532096,0,1191.05,407678.125,450800.0,340280.0,169589.286,182892.857,262468.75,179106.061,404643.59375,35728.1064239238,331016.796875,94464.71186223014,274752.2693333333,112234.4856712807,266758.0013846154,77954.19954867408,450800.0,364556.25,450800.0,154857.143,-10.577431644143276,7.1341983072763515,99.32776816975417,103.54210681904283,51.689,-1.011798325598468,1.688,12.806438882569397,1.39,0,0,0.5,316730.02,124,2018,2
Fish (dried),2018-06-04,321434.375,NGN,NGN/MT,WFP Nigeria,retail,National,,,0.9,True,WFP VAM retail data,WFP,historical,False,,,306.08,213.8225,151.3422222222222,15.1,16.2,0,1,1,0,0,0,0,1,0,0,1,0,0,0,0,0,0,1,1,0,1.2246467991473532e-16,-1.0,0.3546048870425358,-0.9350162426854148,0,1050.16,364556.25,407678.125,395540.0,174500.0,154857.143,259609.375,150825.758,386117.1875,55670.10124407842,349383.59375,71074.07986028124,288633.7053333333,106196.3978154664,269135.886,78667.10136723192,450800.0,321434.375,450800.0,159767.857,-11.828592981192887,-18.73530489963089,107.56832314799966,113.11636637025883,43.466,-1.251161337049611,1.022,12.680551791567945,1.39,0,0,0.5,279265.31,125,2018,2
Fish (dried),2018-06-11,278312.5,NGN,NGN/MT,WFP Nigeria,retail,National,,,0.9,True,WFP VAM retail data,WFP,historical,False,,,306.08,213.8225,151.3422222222222,15.1,16.2,0,1,1,0,0,0,0,1,0,0,1,0,0,0,0,0,0,1,1,0,1.2246467991473532e-16,-1.0,0.2393156642875576,-0.970941817426052,0,909.28,321434.375,364556.25,450800.0,229760.0,159767.857,256750.0,122545.455,342995.3125,55670.10124407837,355452.65625,60718.67425621267,298512.4255833333,98342.38661030552,269965.21292307694,78644.95880824905,407678.125,278312.5,450800.0,164678.571,-13.415452221001567,-38.26253327417923,74.1980553697982,127.10960598253114,27.052,-1.58685923980868,0.357,12.536503455140918,1.39,0,0,0.5,241800.61,126,2018,2
Fish (dried),2018-06-18,309734.375,NGN,NGN/MT,WFP Nigeria,retail,National,,,0.9,True,WFP VAM retail data,WFP,historical,False,,,306.08,213.8225,151.3422222222222,15.1,16.2,0,1,1,0,0,0,0,1,0,0,1,0,0,0,0,0,0,0,1,0,1.2246467991473532e-16,-1.0,0.120536680255323,-0.992708874098054,0,1011.94,278312.5,321434.375,407678.125,285020.0,164678.571,263557.143,139024.476,318509.375,35691.54758497181,358541.953125,57146.870876206565,310600.40924999997,88853.5436306126,271741.26030769234,79014.99821902647,364556.25,278312.5,450800.0,169589.286,11.290141477655524,-24.024774446752573,88.08420131360018,122.79125511683282,17.211,24.70559369865709,0.807,12.643473582880334,1.39,0,0,0.5,269100.24,127,2018,2
Fish (dried),2018-06-25,341156.25,NGN,NGN/MT,WFP Nigeria,retail,National,,,0.9,True,WFP VAM retail data,WFP,historical,False,,,306.08,213.8225,151.3422222222222,15.1,16.2,0,1,1,0,0,0,0,1,0,0,1,0,0,0,0,0,0,0,1,0,1.2246467991473532e-16,-1.0,-3.216245299353273e-16,-1.0,0,1114.6,309734.375,278312.5,364556.25,340280.0,169589.286,270364.286,155503.497,312659.375,26314.355758982703,358651.484375,57107.69490438458,324897.65625,77130.97575803565,274464.02815384616,80176.81541224068,341156.25,278312.5,450800.0,174500.0,10.144781314634521,-6.418762536645584,101.1661573951081,119.38815305227509,13.916,-1.145360163021003,1.255,12.740098793666592,1.39,0,0,0.5,296399.87,128,2018,2
Fish (dried),2018-07-02,372578.125,NGN,NGN/MT,WFP Nigeria,retail,National,,,0.9,True,WFP VAM retail data,WFP,historical,False,,,306.08,213.8225,151.3422222222222,15.1,16.2,0,1,1,0,0,0,1,1,0,0,1,0,0,0,0,0,0,0,1,0,-0.4999999999999997,-0.8660254037844388,-0.1205366802553228,-0.992708874098054,0,1217.26,341156.25,309734.375,321434.375,395540.0,174500.0,277171.429,171982.517,325445.3125,40565.466193869055,355781.25,55544.45387279389,341404.1666666667,61662.90699982062,278133.5164615385,82456.53290464258,372578.125,278312.5,450800.0,229760.0,9.21040578913621,15.911101605109913,113.51181948424069,116.63720911818034,17.01,-0.9343755254983108,1.677,12.828204710352027,1.39,0,0,0.5,323699.5,129,2018,3
Fish (dried),2018-07-09,404000.0,NGN,NGN/MT,WFP Nigeria,retail,National,,,0.9,True,WFP VAM retail data,WFP,historical,False,,,306.08,220.24166666666667,144.49375,15.1,16.2,0,1,1,0,0,0,1,1,0,0,1,0,0,0,0,0,0,0,1,0,-0.4999999999999997,-0.8660254037844388,-0.2393156642875574,-0.970941817426052,0,1319.92,372578.125,341156.25,278312.5,450800.0,229760.0,283978.571,188461.538,356867.1875,40565.466193869106,349931.25,45699.34274642802,355924.1666666667,52871.463944821175,282749.7252692308,86076.97915342494,404000.0,309734.375,450800.0,278312.5,8.433633885510595,45.160565910622054,75.83565459610028,114.36734746375676,26.213,-0.7767719036256153,2.045,12.90917263218775,1.403,0,0,0.5,350999.13,130,2018,3
Fish (dried),2018-07-16,401384.615,NGN,NGN/MT,WFP Nigeria,retail,National,,,0.9,True,WFP VAM retail data,WFP,historical,False,,,306.08,220.24166666666667,144.49375,15.1,16.2,0,1,1,0,0,0,1,1,0,0,1,0,0,0,0,0,0,0,1,0,-0.4999999999999997,-0.8660254037844388,-0.3546048870425356,-0.9350162426854148,0,1311.37,404000.0,372578.125,309734.375,407678.125,285020.0,290785.714,212569.231,379779.7475,29422.377292468056,349144.56125,44604.30097172102,365621.2179166667,49230.595229339284,287003.52915384615,89167.33761110547,404000.0,341156.25,450800.0,278312.5,-0.6473725247524764,29.589947838369568,40.82682443337309,88.8253596777607,32.326,-9.081006410263072,1.893,12.902677877631957,1.403,0,0,0.5,348726.86,131,2018,3
Fish (dried),2018-07-23,398769.231,NGN,NGN/MT,WFP Nigeria,retail,National,,,0.9,True,WFP VAM retail data,WFP,historical,False,,,306.08,220.24166666666667,144.49375,15.1,16.2,0,1,1,0,0,0,1,1,0,0,1,0,0,0,0,0,0,0,1,0,-0.4999999999999997,-0.8660254037844388,-0.464723172043768,-0.8854560256532101,0,1302.83,401384.615,404000.0,341156.25,364556.25,340280.0,284839.286,236676.923,394182.99275,14560.687783190997,353421.183875,47817.47640065067,370495.3205,49388.71559277489,291385.4501153846,91816.77593183365,404000.0,372578.125,450800.0,278312.5,-0.6515904950666784,16.88756427589999,17.188559715528395,68.48673962184306,35.279,-0.004217970314202013,1.757,12.896140667844318,1.403,0,0,0.5,346454.59,132,2018,3
Fish (dried),2018-07-30,396153.846,NGN,NGN/MT,WFP Nigeria,retail,National,,,0.9,True,WFP VAM retail data,WFP,historical,False,,,306.08,220.24166666666667,144.49375,15.1,16.2,0,1,1,0,0,0,1,1,0,0,1,0,0,0,0,0,0,0,1,0,-0.4999999999999997,-0.8660254037844388,-0.5680647467311556,-0.8229838658936565,0,1294.28,398769.231,401384.615,372578.125,321434.375,395540.0,278892.857,260784.615,400076.923,3376.446999894446,362761.11775,47974.140202607516,370546.4743333333,49417.32311828287,295895.4881538461,94031.80503118825,404000.0,396153.846,450800.0,278312.5,-0.6558642936019377,6.327725493814218,0.15519188956869545,51.90844214487118,35.209,-0.004273798535259221,1.637,12.889560439058693,1.403,0,0,0.5,344182.32,133,2018,3
Fish (dried),2018-08-06,393538.462,NGN,NGN/MT,WFP Nigeria,retail,National,,,0.9,True,WFP VAM retail data,WFP,historical,False,,,306.08,220.24166666666667,144.49375,15.1,16.2,0,1,0,0,1,0,1,1,0,0,1,0,0,0,0,1,0,0,1,0,-0.8660254037844384,-0.5000000000000004,-0.663122658240795,-0.7485107481711013,0,1285.74,396153.846,398769.231,404000.0,278312.5,450800.0,272946.429,284892.308,397461.5385,3376.4467416955777,377164.363,34365.005012575246,365774.6795,43356.40129910694,300533.6432692308,95811.83129579049,401384.615,393538.462,407678.125,278312.5,-0.6601940196738654,-2.589489603960393,-12.702204525288375,38.135867817112135,32.252,-0.00432972607192772,1.534,12.882936626436587,1.403,0,0,0.0,341910.05,134,2018,3
Fish (dried),2018-08-13,390923.077,NGN,NGN/MT,WFP Nigeria,retail,National,,,0.9,True,WFP VAM retail data,WFP,historical,False,,,306.08,218.1288888888889,152.544,15.1,16.2,0,1,0,0,1,0,1,1,0,0,1,0,0,0,0,1,0,0,1,0,-0.8660254037844384,-0.5000000000000004,-0.7485107481711011,-0.6631226582407952,0,1277.19,393538.462,396153.846,401384.615,309734.375,407678.125,267000.0,309000.0,394846.154,3376.4469998944833,387312.95075,20993.95576043687,364378.42550000007,42136.899958196394,305299.9154615385,97149.93953465876,398769.231,390923.077,404000.0,278312.5,-0.6645818014097915,-2.606362478541935,-4.109871727849024,26.512322653721675,29.331,-0.004387781735926133,1.448,12.876268643642224,1.413,0,0,0.0,339637.77,135,2018,3
Fish (dried),2018-08-20,405492.308,NGN,NGN/MT,WFP Nigeria,retail,National,,,0.9,True,WFP VAM retail data,WFP,historical,False,,,306.08,218.1288888888889,152.544,15.1,16.2,0,1,0,0,1,0,1,1,0,0,1,0,0,0,0,1,0,0,1,0,-0.8660254037844384,-0.5000000000000004,-0.8229838658936564,-0.5680647467311559,0,1324.79,390923.077,393538.462,398769.231,341156.25,364556.25,238964.286,273875.0,396526.92325,6346.949497884647,395354.958,10473.641816646797,367789.76366666664,43777.71817486847,311704.83938461536,98086.54734758454,405492.308,390923.077,405492.308,278312.5,3.7268792397231687,1.685956808437905,11.229010063604727,48.057437882245544,27.212,4.39146104113296,1.569,12.912859649318813,1.413,0,0,0.0,352295.66,136,2018,3
Fish (dried),2018-08-27,420061.538,NGN,NGN/MT,WFP Nigeria,retail,National,,,0.9,True,WFP VAM retail data,WFP,historical,False,,,306.08,218.1288888888889,152.544,15.1,16.2,0,1,0,0,1,0,1,1,0,0,1,0,0,0,0,1,0,0,1,0,-0.8660254037844384,-0.5000000000000004,-0.8854560256532096,-0.4647231720437691,0,1372.39,405492.308,390923.077,396153.846,372578.125,321434.375,210928.571,238750.0,402503.84625,13312.848109887786,401290.384625,9084.341868954674,376008.6939166667,43541.28788198947,319748.41503846156,98066.795662501,420061.538,390923.077,420061.538,278312.5,3.5929732112205626,6.0349513809844435,30.683452259889755,75.94200544502618,25.881,-0.13390602850260613,1.671,12.948158879175047,1.413,0,0,0.0,364953.55,137,2018,3
Fish (dried),2018-09-03,434630.769,NGN,NGN/MT,WFP Nigeria,retail,National,,,0.9,True,WFP VAM retail data,WFP,historical,False,,,306.08,218.1288888888889,152.544,15.1,16.2,0,1,0,0,1,1,0,0,0,0,0,0,0,0,0,1,0,0,0,0,-1.0,-1.8369701987210287e-16,-0.9350162426854148,-0.3546048870425359,0,1419.99,420061.538,405492.308,393538.462,404000.0,278312.5,182892.857,203625.0,412776.92299999995,18808.795826949183,405119.23075,14950.564174472618,389035.21633333334,33991.976594291016,329430.6424230769,96427.90842244406,434630.769,390923.077,434630.769,309734.375,3.4683563435412568,10.441751180091764,56.16645641140803,113.44666372007364,25.3,-0.1246168676793058,1.764,12.982254443534584,1.413,0,0,0.5,377611.44,138,2018,3
Fish (dried),2018-09-10,449200.0,NGN,NGN/MT,WFP Nigeria,retail,National,,,0.9,True,WFP VAM retail data,WFP,historical,False,,,306.08,227.9375,152.80555555555554,15.1,16.2,0,1,0,0,1,1,0,0,0,0,0,0,0,0,0,1,0,0,0,0,-1.0,-1.8369701987210287e-16,-0.970941817426052,-0.2393156642875577,0,1467.59,434630.769,420061.538,390923.077,401384.615,309734.375,154857.143,168500.0,427346.15374999994,18808.795956048627,411096.15387499996,21407.654060036766,400657.35175,27667.323322940414,340751.5215384615,92302.78662731206,449200.0,405492.308,449200.0,341156.25,3.3520937860706423,14.907516703087854,45.027493315845234,166.5875370919881,25.413,-0.11626255747061442,1.858,13.015225728023822,1.461,0,0,0.5,390269.33,139,2018,3
Fish (dried),2018-09-17,421287.273,NGN,NGN/MT,WFP Nigeria,retail,National,,,0.9,True,WFP VAM retail data,WFP,historical,False,,,306.08,227.9375,152.80555555555554,15.1,16.2,0,1,0,0,1,1,0,0,0,0,0,0,0,0,0,1,0,0,0,0,-1.0,-1.8369701987210287e-16,-0.992708874098054,-0.1205366802553235,0,1376.4,449200.0,434630.769,405492.308,398769.231,341156.25,159767.857,198086.538,431294.89499999996,13638.935051155762,413910.909125,21032.412642646756,407334.937,20824.852684150952,350809.9606153846,85812.71556118321,449200.0,420061.538,449200.0,372578.125,-6.213875111308997,3.8952563805476625,23.48807122835943,112.6783966510637,22.943,-9.56596889737964,1.452,12.951072612307922,1.461,0,0,0.5,366018.48,140,2018,3
Fish (dried),2018-09-24,393374.545,NGN,NGN/MT,WFP Nigeria,retail,National,,,0.9,True,WFP VAM retail data,WFP,historical,False,,,306.08,227.9375,152.80555555555554,15.1,16.2,0,1,0,0,1,1,0,0,0,0,0,0,0,0,0,1,0,0,0,0,-1.0,-1.8369701987210287e-16,-1.0,-1.8369701987210287e-16,0,1285.2,421287.273,449200.0,420061.538,396153.846,372578.125,164678.571,227673.077,424623.14674999996,23747.121817015166,413563.4965,21387.580065433336,409067.972,18392.77284730485,359605.9596153846,77265.98058257888,449200.0,393374.545,449200.0,390923.077,-6.625580640315243,-6.35311510000709,5.581760872300268,72.78044035044162,18.08,-0.41170552900624546,1.067,12.882520019812205,1.461,0,0,0.5,341767.63,141,2018,3
Fish (dried),2018-10-01,365461.818,NGN,NGN/MT,WFP Nigeria,retail,National,,,0.9,True,WFP VAM retail data,WFP,historical,False,,,306.08,227.9375,152.80555555555554,11.3,11.8,0,1,0,0,0,1,0,0,0,1,0,1,0,1,1,1,1,0,0,0,-0.8660254037844386,0.5000000000000001,-0.992708874098054,0.1205366802553232,0,1194.01,393374.545,421287.273,434630.769,393538.462,404000.0,169589.286,257259.615,407330.90900000004,36035.1761224744,410053.91599999997,26769.47166587501,405856.4568333333,22306.300360758803,367139.5185384615,66844.03681676244,449200.0,365461.818,449200.0,365461.818,-7.09571256065894,-15.914416542377829,-9.53915396039603,42.05953701672143,10.947,-0.47013192034369755,0.7,12.808919823859044,1.461,0,0,0.5,328357.43,142,2018,4
Fish (dried),2018-10-08,337549.091,NGN,NGN/MT,WFP Nigeria,retail,National,,,0.9,True,WFP VAM retail data,WFP,historical,False,,,306.08,227.9375,152.80555555555554,11.3,11.8,0,1,0,0,0,1,0,0,0,1,0,1,0,1,1,1,1,0,0,0,-0.8660254037844386,0.5000000000000001,-0.970941817426052,0.2393156642875573,0,1102.81,365461.818,393374.545,449200.0,390923.077,401384.615,174500.0,286846.154,379418.18175,36035.17599337493,403382.16774999996,36938.3562605831,400536.8298333333,29817.016304460674,373410.6374230769,54569.67674982385,421287.273,337549.091,449200.0,337549.091,-7.637658881235032,-24.85550066785396,-15.903829298489669,17.676003771694294,1.609,-0.5419463205760913,0.346,12.729469196059672,1.461,0,0,0.5,303278.61,143,2018,4
Fish (dried),2018-10-15,309636.364,NGN,NGN/MT,WFP Nigeria,retail,National,,,0.9,True,WFP VAM retail data,WFP,historical,False,,,306.08,209.81375,149.6233333333333,11.3,11.8,0,1,0,0,0,1,0,0,0,1,0,1,0,1,1,1,1,0,0,0,-0.8660254037844386,0.5000000000000001,-0.9350162426854148,0.3546048870425355,0,1011.62,337549.091,365461.818,421287.273,405492.308,398769.231,229760.0,283114.423,351505.4545,36035.175606076584,391400.17475,49549.93573799904,393109.09091666667,39746.1418281032,376482.80526923074,48013.539438763844,393374.545,309636.364,449200.0,309636.364,-8.269234829608829,-26.502321849157784,-22.351992097404327,9.36792294753559,-6.634,-0.631575948373797,-0.001,12.643157098170413,1.366,0,0,0.5,278199.79,144,2018,4
Fish (dried),2018-10-22,335248.106,NGN,NGN/MT,WFP Nigeria,retail,National,,,0.9,True,WFP VAM retail data,WFP,historical,False,,,306.08,209.81375,149.6233333333333,11.3,11.8,0,1,0,0,0,1,0,0,0,1,0,1,0,1,1,1,1,0,0,0,-0.8660254037844386,0.5000000000000001,-0.8854560256532101,0.464723172043768,0,1095.3,309636.364,337549.091,393374.545,420061.538,396153.846,285020.0,279382.692,336973.84475000005,22819.666635970054,380798.49575,51573.51095015853,388033.6125833334,43071.62213915567,378414.6555,45108.90011245354,365461.818,309636.364,449200.0,309636.364,8.271554952117977,-14.776360020956602,-15.374264471990006,19.99601822148669,-10.951,16.540789781726808,0.299,12.722629134473703,1.366,0,0,0.5,301211.24,145,2018,4
Fish (dried),2018-10-29,360859.848,NGN,NGN/MT,WFP Nigeria,retail,National,,,0.9,True,WFP VAM retail data,WFP,historical,False,,,306.08,209.81375,149.6233333333333,11.3,11.8,0,1,0,0,0,1,0,0,0,1,0,1,0,1,1,1,1,0,0,0,-0.8660254037844386,0.5000000000000001,-0.822983865893657,0.5680647467311548,0,1178.97,335248.106,309636.364,365461.818,434630.769,393538.462,340280.0,275650.962,335823.35225,20943.523704847143,371577.130625,46962.228979057974,385310.39475,43720.11197357063,379206.18811538455,44590.560180033404,360859.848,309636.364,449200.0,309636.364,7.639638089409506,-1.2592204639008342,-8.30379166344356,30.91187688291108,-11.44,-0.6319168627084712,0.592,12.796247700401334,1.366,0,0,0.5,324222.68,146,2018,4
Fish (dried),2018-11-05,386471.591,NGN,NGN/MT,WFP Nigeria,retail,National,,,0.9,True,WFP VAM retail data,WFP,historical,False,,,306.08,209.81375,149.6233333333333,11.3,11.8,1,0,0,0,0,1,0,0,0,1,0,1,1,1,1,0,1,0,0,0,-0.5000000000000004,0.8660254037844384,-0.7485107481711011,0.6631226582407952,1,1262.65,360859.848,335248.106,337549.091,449200.0,390923.077,395540.0,271919.231,348053.97725,33064.61713175041,363736.0795,36140.27253566617,384939.43758333335,43687.03257245546,378857.4031538461,44493.04717500882,386471.591,309636.364,449200.0,309636.364,7.0974211018345335,14.49344741384595,-1.1387114913146923,42.1273477343719,-8.131,-0.5422169875749727,0.873,12.86481622858293,1.366,0,0,0.5,347234.13,147,2018,4
Fish (dried),2018-11-12,412083.333,NGN,NGN/MT,WFP Nigeria,retail,National,,,0.9,True,WFP VAM retail data,WFP,historical,False,,,306.08,231.8846153846154,149.85416666666666,11.3,11.8,1,0,0,0,0,1,0,0,0,1,0,1,1,1,1,0,1,0,0,0,-0.5000000000000004,0.8660254037844384,-0.6631226582407955,0.7485107481711007,1,1346.33,386471.591,360859.848,309636.364,421287.273,405492.308,450800.0,268187.5,373665.7195,33064.61726084981,362585.587,34137.45968547908,385488.68966666673,44009.16785343369,377368.30057692307,42596.409828769705,412083.333,335248.106,449200.0,309636.364,6.627069776003269,33.08622013143132,1.625437738266533,53.65493656490328,-0.981,-0.47035132583126416,1.139,12.928983299132739,1.472,0,0,0.5,370245.58,148,2018,4
Fish (dried),2018-11-19,384630.682,NGN,NGN/MT,WFP Nigeria,retail,National,,,0.9,True,WFP VAM retail data,WFP,historical,False,,,306.08,231.8846153846154,149.85416666666666,11.3,11.8,1,0,0,0,0,1,0,0,0,1,0,1,1,1,1,0,1,0,0,0,-0.5000000000000004,0.8660254037844384,-0.5680647467311559,0.8229838658936564,1,1256.63,412083.333,386471.591,335248.106,393374.545,420061.538,407678.125,265328.125,386011.3635,20932.147654676555,361492.604125,33136.15302862869,382536.11833333335,42646.237830662845,376481.8604615384,42178.18384276733,412083.333,360859.848,449200.0,309636.364,-6.661917336025825,14.730158087753642,-8.434682253627335,44.96415787056121,2.531,-13.288987112029094,0.779,12.860041485239119,1.472,0,0,0.5,345580.13,149,2018,4
Fish (dried),2018-11-26,357178.03,NGN,NGN/MT,WFP Nigeria,retail,National,,,0.9,True,WFP VAM retail data,WFP,historical,False,,,306.08,231.8846153846154,149.85416666666666,11.3,11.8,1,0,0,0,0,1,0,0,0,1,0,1,1,1,1,0,1,0,0,0,-0.5000000000000004,0.8660254037844384,-0.4647231720437684,0.88545602565321,1,1166.94,384630.682,412083.333,360859.848,365461.818,434630.769,364556.25,262468.75,385090.90900000004,22433.887010062426,360457.13062500005,33123.827657740585,376081.7234166667,39812.04370443202,376198.0827692307,42286.31159995844,412083.333,357178.03,449200.0,309636.364,-7.137405642537886,-1.0202902928673763,-17.820353395182643,36.08402143112277,2.364,-0.4754883065120614,0.43,12.785992419654239,1.472,0,0,0.5,320914.67,150,2018,4
Fish (dried),2018-12-03,329725.379,NGN,NGN/MT,WFP Nigeria,retail,National,,,0.9,True,WFP VAM retail data,WFP,historical,False,,,306.08,231.8846153846154,149.85416666666666,11.3,11.8,1,0,0,0,0,0,0,0,0,1,0,1,1,1,1,0,0,0,0,1,-2.4492935982947064e-16,1.0,-0.3546048870425359,0.9350162426854148,1,1077.25,357178.03,384630.682,386471.591,337549.091,449200.0,321434.375,259609.375,370904.35599999997,35441.22056047768,359479.166625,34000.68629705595,366125.50500000006,34441.12227396857,376516.9675384615,41886.18309195108,412083.333,329725.379,421287.273,309636.364,-7.685985333420431,-14.683152221659679,-26.597199688334815,27.008271176647614,-1.491,-0.5485796908825451,0.083,12.706018434958446,1.472,0,0,0.0,296249.22,151,2018,4
Fish (dried),2018-12-10,302272.727,NGN,NGN/MT,WFP Nigeria,retail,National,,,0.9,True,WFP VAM retail data,WFP,historical,False,,,306.08,235.53181818181815,149.88750000000002,11.3,11.8,1,0,0,0,0,0,0,0,0,1,0,1,1,1,1,0,0,0,0,1,-2.4492935982947064e-16,1.0,-0.2393156642875578,0.970941817426052,1,987.56,329725.379,357178.03,412083.333,309636.364,421287.273,278312.5,256750.0,343451.7045,35441.22081867656,358558.712,35604.61556760034,356207.6261666667,34247.87279551334,377438.5147307692,39853.39015893756,384630.682,302272.727,412083.333,302272.727,-8.325914154154324,-26.647669829441988,-28.250211584245978,17.730370788704963,-9.005,-0.6399288207338927,-0.261,12.619088266636673,1.49,0,0,0.0,271583.76,152,2018,4
Fish (dried),2018-12-17,315662.626,NGN,NGN/MT,WFP Nigeria,retail,National,,,0.9,True,WFP VAM retail data,WFP,historical,False,,,306.08,235.53181818181815,149.88750000000002,11.3,11.8,1,0,0,0,0,0,0,0,0,1,0,1,1,1,1,0,0,0,0,1,-2.4492935982947064e-16,1.0,-0.1205366802553236,0.992708874098054,1,1031.31,302272.727,329725.379,384630.682,335248.106,393374.545,309734.375,263557.143,326209.6905,23491.962513332463,356110.527,38027.361411967264,349731.63291666674,33926.84646446497,377666.52438461536,39465.61838985775,357178.03,302272.727,412083.333,302272.727,4.429741026553136,-17.930981387491073,-19.75519768316478,19.77008947922918,-13.625,12.75565518070746,-0.111,12.662432450929954,1.49,0,0,0.0,283614.22,153,2018,4
Fish (dried),2018-12-24,329052.525,NGN,NGN/MT,WFP Nigeria,retail,National,,,0.9,True,WFP VAM retail data,WFP,historical,False,,,306.08,235.53181818181815,149.88750000000002,11.3,11.8,1,0,0,0,0,0,0,0,0,1,0,1,1,1,1,0,0,0,0,1,-2.4492935982947064e-16,1.0,6.432490598706546e-16,1.0,1,1075.05,315662.626,302272.727,357178.03,360859.848,365461.818,341156.25,270364.286,319178.31425,12998.712204347095,352134.61162499996,39107.32066910297,346697.52516666666,34020.12383691197,377200.9965,39981.52675993212,329725.379,302272.727,412083.333,302272.727,4.2418385634288125,-7.87436590094861,-9.962543611053787,21.70709743815793,-15.382,-0.18790246312432313,0.04,12.703975706484536,1.49,0,0,0.0,295644.68,154,2018,4
Fish (dried),2018-12-31,342442.424,NGN,NGN/MT,WFP Nigeria,retail,National,,,0.9,True,WFP VAM retail data,WFP,historical,False,,,306.08,235.53181818181815,149.88750000000002,11.3,11.8,1,0,0,0,0,0,0,0,0,1,0,1,1,1,1,0,0,0,0,1,-2.4492935982947064e-16,1.0,0.120536680255323,0.992708874098054,1,1118.8,329052.525,315662.626,329725.379,386471.591,337549.091,372578.125,277171.429,322357.57550000004,17286.2852781299,346630.96575000003,36602.62893452985,347105.30291666667,33929.70504732485,376041.9310769231,40553.62880122179,342442.424,302272.727,412083.333,302272.727,4.069228461322383,3.8568596201385974,1.4496655836054417,23.548962183977483,-14.276,-0.17261010210642969,0.189,12.743861737638346,1.49,0,0,0.0,307675.13,155,2018,4
Fish (dried),2019-01-07,355832.323,NGN,NGN/MT,WFP Nigeria,retail,National,,,0.9,True,WFP VAM retail data,WFP,historical,False,,,306.92,235.53181818181815,149.88750000000002,11.3,11.8,1,0,0,0,0,0,0,0,0,1,0,0,1,0,0,0,0,0,0,1,0.4999999999999999,0.8660254037844387,0.2393156642875577,0.970941817426052,1,1159.37,342442.424,329052.525,302272.727,412083.333,309636.364,404000.0,283978.571,335747.4745,17286.285278129875,339599.5895,26140.82110223388,350954.96616666665,31848.896571318914,374189.3281153846,40324.910059831156,355832.323,315662.626,412083.333,302272.727,3.9101168726687785,17.71896410621259,14.919423030041767,25.302526083913545,-10.273,-0.1591115886536043,0.338,12.782217706376994,1.49,0,0,0.0,319705.59,156,2019,1
Fish (dried),2019-01-14,369222.222,NGN,NGN/MT,WFP Nigeria,retail,National,,,0.9,True,WFP VAM retail data,WFP,historical,False,,,306.92,220.93,156.13333333333333,11.3,11.8,1,0,0,0,0,0,0,0,0,1,0,0,1,0,0,0,0,0,0,1,0.4999999999999999,0.8660254037844387,0.3546048870425356,0.9350162426854148,1,1202.99,355832.323,342442.424,315662.626,384630.682,335248.106,401384.615,290785.714,349137.3735,17286.285278129875,337673.532,22688.641525262436,353786.1425,31835.764347002136,372952.313,39948.848509800024,369222.222,329052.525,412083.333,302272.727,3.7629799584002477,16.967354253715182,10.134021756412249,26.97398951311618,-6.386,-0.14713691426853082,0.484,12.819156677791009,1.435,0,0,0.0,331736.05,157,2019,1
Fish (dried),2019-01-21,374116.667,NGN,NGN/MT,WFP Nigeria,retail,National,,,0.9,True,WFP VAM retail data,WFP,historical,False,,,306.92,220.93,156.13333333333333,11.3,11.8,1,0,0,0,0,0,0,0,0,1,0,0,1,0,0,0,0,0,0,1,0.4999999999999999,0.8660254037844387,0.4647231720437685,0.8854560256532099,1,1218.94,369222.222,355832.323,329052.525,357178.03,360859.848,398769.231,284839.286,360403.40900000004,14251.511230893151,339790.86162499996,25397.50591889466,354890.87741666666,32329.72520937056,372004.1374615385,39602.64129501829,374116.667,342442.424,412083.333,302272.727,1.3256095403705093,13.695121166446,3.673675271292587,31.343071475049268,-3.118,-2.4373704180297384,0.524,12.832325644561974,1.435,0,0,0.0,336133.57,158,2019,1
Fish (dried),2019-01-28,379011.111,NGN,NGN/MT,WFP Nigeria,retail,National,,,0.9,True,WFP VAM retail data,WFP,historical,False,,,306.92,220.93,156.13333333333333,11.3,11.8,1,0,0,0,0,0,0,0,0,1,0,0,1,0,0,0,0,0,0,1,0.4999999999999999,0.8660254037844387,0.5680647467311558,0.8229838658936564,1,1234.89,374116.667,369222.222,342442.424,329725.379,386471.591,396153.846,278892.857,369545.58074999996,9977.459453144178,345951.578125,28406.517729256677,354269.17075,31733.4472539006,371344.8015,39326.2336729866,379011.111,355832.323,412083.333,302272.727,1.3082667605397003,10.67878406327365,-1.9304083854380982,35.89846476419436,-0.485,-0.017342779830809008,0.561,12.845323438699127,1.435,0,0,0.0,340531.1,159,2019,1
Fish (dried),2019-02-04,383905.556,NGN,NGN/MT,WFP Nigeria,retail,National,,,0.9,True,WFP VAM retail data,WFP,historical,False,,,306.92,220.93,156.13333333333333,11.3,11.8,1,0,0,0,0,0,0,0,1,1,0,0,1,0,0,0,0,0,0,0,0.8660254037844386,0.5000000000000001,0.6631226582407952,0.7485107481711011,1,1250.83,379011.111,374116.667,355832.323,302272.727,412083.333,393538.462,272946.429,376563.889,6318.700808236197,356155.68175,24923.265955259332,351921.02266666666,27874.394900466952,370974.30511538463,39153.77958916982,383905.556,369222.222,384630.682,302272.727,1.2913724315591457,7.889455562472891,-6.837883200677764,40.65234610561619,1.507,-0.01689432898055454,0.597,12.85815445820697,1.435,0,0,0.0,344928.62,160,2019,1
Fish (dried),2019-02-11,388800.0,NGN,NGN/MT,WFP Nigeria,retail,National,,,0.9,True,WFP VAM retail data,WFP,historical,False,,,306.92,238.28,144.69666666666666,11.3,11.8,1,0,0,0,0,0,0,0,1,1,0,0,1,0,0,0,0,0,0,0,0.8660254037844386,0.5000000000000001,0.7485107481711011,0.6631226582407953,1,1266.78,383905.556,379011.111,369222.222,315662.626,384630.682,390923.077,267000.0,381458.3335,6318.700550037343,365297.85349999997,21062.878031262066,352268.4658333333,28341.247416153645,370892.64830769226,39112.70378670181,388800.0,374116.667,388800.0,302272.727,1.2749083527199723,5.302437619802847,1.0839795666639063,45.617977528089895,2.849,-0.016464078839173446,0.63,12.870822923581574,1.49,0,0,0.0,349326.15,161,2019,1
Fish (dried),2019-02-18,357933.333,NGN,NGN/MT,WFP Nigeria,retail,National,,,0.9,True,WFP VAM retail data,WFP,historical,False,,,306.92,238.28,144.69666666666666,11.3,11.8,1,0,0,0,0,0,0,0,1,1,0,0,1,0,0,0,0,0,0,0,0.8660254037844386,0.5000000000000001,0.8229838658936564,0.5680647467311559,1,1166.21,388800.0,383905.556,374116.667,329052.525,357178.03,405492.308,238964.286,377412.5,13587.107082476077,368907.9545,15774.135733622099,352331.40775,28353.97794062328,369063.4569615385,38537.72327191924,388800.0,357933.333,388800.0,302272.727,-7.938957561728399,-4.325745262773884,0.21146401417801997,49.78528339586277,2.262,-9.213865914448371,0.221,12.788104821183678,1.49,0,0,0.0,321593.29,162,2019,1
Fish (dried),2019-02-25,327066.667,NGN,NGN/MT,WFP Nigeria,retail,National,,,0.9,True,WFP VAM retail data,WFP,historical,False,,,306.92,238.28,144.69666666666666,11.3,11.8,1,0,0,0,0,0,0,0,1,1,0,0,1,0,0,0,0,0,0,0,0.8660254037844386,0.5000000000000001,0.8854560256532099,0.4647231720437686,1,1065.64,357933.333,388800.0,379011.111,342442.424,329725.379,420061.538,210928.571,364426.38899999997,28351.481233081362,366985.98487499997,19865.550958146447,352109.8484166667,28556.346599934514,365486.73115384614,37925.82856943533,388800.0,327066.667,388800.0,302272.727,-8.623579631796952,-13.705256255666864,-0.806341328066229,55.060391036357046,-0.29,-0.6846220700685528,-0.202,12.69792236119348,1.49,0,0,0.0,293860.44,163,2019,1
Fish (dried),2019-03-04,296200.0,NGN,NGN/MT,WFP Nigeria,retail,National,,,0.9,True,WFP VAM retail data,WFP,historical,False,,,306.92,238.28,144.69666666666666,11.3,11.8,1,0,0,1,0,0,0,0,1,1,0,0,0,0,0,0,0,0,0,0,1.0,6.123233995736766e-17,0.9350162426854148,0.3546048870425355,0,965.07,327066.667,357933.333,383905.556,355832.323,302272.727,434630.769,182892.857,342500.0,39848.69523157749,359531.9445,32080.76981241456,351603.7878333333,29556.130810864906,360162.4708076923,37545.66473359902,388800.0,296200.0,388800.0,296200.0,-9.437423655281885,-22.84560737120459,-2.009022467978072,61.95274373126558,-4.904,-0.8138440234849327,-0.656,12.598793556907369,1.49,0,0,0.0,266127.58,164,2019,1
Fish (dried),2019-03-11,265333.333,NGN,NGN/MT,WFP Nigeria,retail,National,,,0.9,True,WFP VAM retail data,WFP,historical,False,,,306.92,236.09166666666667,145.71923076923076,11.3,11.8,1,0,0,1,0,0,0,0,1,1,0,0,0,0,0,0,0,0,0,0,1.0,6.123233995736766e-17,0.970941817426052,0.239315664287558,0,864.5,296200.0,327066.667,388800.0,369222.222,315662.626,449200.0,154857.143,311633.33325,39848.69536067695,346545.833375,45723.69628789578,347409.68008333334,37597.08806301068,353090.675923077,37420.06944126788,357933.333,265333.333,388800.0,265333.333,-10.420886900742744,-31.755829989711938,-15.944013910598343,71.3407130338185,-11.741,-0.9834632454608592,-1.165,12.488745943739252,1.482,0,0,0.0,238394.73,165,2019,1
Fish (dried),2019-03-18,283333.333,NGN,NGN/MT,WFP Nigeria,retail,National,,,0.9,True,WFP VAM retail data,WFP,historical,False,,,306.92,236.09166666666667,145.71923076923076,11.3,11.8,1,0,0,1,0,0,0,0,1,1,0,0,0,0,0,0,0,0,0,0,1.0,6.123233995736766e-17,0.992708874098054,0.120536680255323,0,923.15,265333.333,296200.0,357933.333,374116.667,329052.525,421287.273,159767.857,292983.33325,26010.674751879076,335197.916625,49048.172291500065,343599.74741666665,41717.183519386,347784.7551538462,37142.90149576632,327066.667,265333.333,388800.0,265333.333,6.783919606512456,-20.84187001382182,-13.894192728045486,77.34063554473288,-15.757,17.2048065072552,-1.007,12.55438286802746,1.482,0,0,0.0,254567.24,166,2019,1
Fish (dried),2019-03-25,301333.333,NGN,NGN/MT,WFP Nigeria,retail,National,,,0.9,True,WFP VAM retail data,WFP,historical,False,,,306.92,236.09166666666667,145.71923076923076,11.3,11.8,1,0,0,1,0,0,0,0,1,1,0,0,0,0,0,0,0,0,0,0,1.0,6.123233995736766e-17,1.0,-1.6081226496766364e-16,0,981.8,283333.333,265333.333,327066.667,379011.111,342442.424,393374.545,164678.571,286549.99974999996,16043.309506523687,325488.194375,46771.55241831256,340173.98983333335,43471.869711766594,344244.70853846153,37009.91963730091,301333.333,265333.333,388800.0,265333.333,6.352941183944627,-7.867917032340088,-12.004672353329681,82.98272274903333,-16.76,-0.43097842256782926,-0.836,12.615975668178578,1.482,0,0,0.0,270739.74,167,2019,1
Fish (dried),2019-04-01,319333.333,NGN,NGN/MT,WFP Nigeria,retail,National,,,0.9,True,WFP VAM retail data,WFP,historical,False,,,306.92,236.09166666666667,145.71923076923076,11.4,12.0,0,1,1,1,0,0,0,0,1,0,0,0,0,0,0,0,0,0,0,0,0.8660254037844387,-0.4999999999999998,0.992708874098054,-0.1205366802553228,0,1040.44,301333.333,283333.333,296200.0,383905.556,355832.323,365461.818,169589.286,292333.333,23237.900077242135,317416.66649999993,40385.89656720171,337132.40733333334,43553.49157179612,342470.53603846155,37057.75211571714,319333.333,265333.333,388800.0,265333.333,5.973451334041435,7.810038149898713,-10.257356524634776,88.29805852239983,-14.64,-0.3794898499031918,-0.646,12.673993898760155,1.482,0,0,0.5,286654.7,168,2019,2
Fish (dried),2019-04-08,337333.333,NGN,NGN/MT,WFP Nigeria,retail,National,,,0.9,True,WFP VAM retail data,WFP,historical,False,,,306.92,236.09166666666667,145.71923076923076,11.4,12.0,0,1,1,1,0,0,0,0,1,0,0,0,0,0,0,0,0,0,0,0,0.8660254037844387,-0.4999999999999998,0.970941817426052,-0.2393156642875575,0,1099.09,319333.333,301333.333,265333.333,388800.0,369222.222,337549.091,174500.0,310333.333,23237.900077242084,310983.33312499995,30206.753188048937,334474.99991666665,42374.42979469869,342462.2376538462,37058.92240208685,337333.333,283333.333,388800.0,265333.333,5.636743220915186,27.135678426049846,-8.636774034689608,93.31423094555873,-9.382,-0.3367081131262495,-0.423,12.728829803595783,1.482,0,0,0.5,302812.69,169,2019,2
Fish (dried),2019-04-15,355333.333,NGN,NGN/MT,WFP Nigeria,retail,National,,,0.9,True,WFP VAM retail data,WFP,historical,False,,,306.92,236.7192307692308,144.58125,11.4,12.0,0,1,1,1,0,0,0,0,1,0,0,0,0,0,0,0,0,0,0,0,0.8660254037844387,-0.4999999999999998,0.9350162426854148,-0.3546048870425354,0,1157.74,337333.333,319333.333,283333.333,357933.333,374116.667,309636.364,229760.0,328333.333,23237.90007724203,310658.333125,29638.08015711239,332909.7220833333,41104.87966852983,344219.8133846154,36519.53147053494,355333.333,301333.333,388800.0,265333.333,5.335968384719347,25.411764735778554,-5.020715636814977,54.65413170264624,-4.615,-0.30077483619583845,-0.111,12.780814408356685,1.482,0,0,0.5,318970.68,170,2019,2
Fish (dried),2019-04-22,338136.364,NGN,NGN/MT,WFP Nigeria,retail,National,,,0.9,True,WFP VAM retail data,WFP,historical,False,,,306.92,236.7192307692308,144.58125,11.4,12.0,0,1,1,1,0,0,0,0,1,0,0,0,0,0,0,0,0,0,0,0,0.8660254037844387,-0.4999999999999998,0.8854560256532099,-0.4647231720437685,0,1101.71,355333.333,337333.333,301333.333,327066.667,379011.111,335248.106,285020.0,337534.09075,14702.422069054612,312042.04524999997,30751.079084552763,329503.49316666665,38551.586972044206,344330.9002307692,36495.53421789176,355333.333,319333.333,388800.0,265333.333,-4.839672330994061,12.213395256873238,-10.784577500156711,18.636012911374642,-1.974,-10.175640715713408,-0.527,12.731207494272946,1.482,0,0,0.5,303533.54,171,2019,2
Fish (dried),2019-04-29,320939.394,NGN,NGN/MT,WFP Nigeria,retail,National,,,0.9,True,WFP VAM retail data,WFP,historical,False,,,306.92,236.7192307692308,144.58125,11.4,12.0,0,1,1,1,0,0,0,0,1,0,0,0,0,0,0,0,0,0,0,0,0.8660254037844387,-0.4999999999999998,0.8229838658936565,-0.5680647467311557,0,1045.68,338136.364,355333.333,319333.333,296200.0,383905.556,360859.848,340280.0,337935.60599999997,14047.006367386823,315134.46949999995,30168.786540280533,324256.31299999997,34551.46095620669,342795.4981538462,36611.89038967288,355333.333,320939.394,388800.0,265333.333,-5.085809108658901,0.5029418585625667,-16.401471928684465,-5.683732808275543,-1.418,-0.24613677766484,-0.903,12.679010696396393,1.482,0,0,0.5,288096.4,172,2019,2
Fish (dried),2019-05-06,303742.424,NGN,NGN/MT,WFP Nigeria,retail,National,,,0.9,True,WFP VAM retail data,WFP,historical,False,,,306.92,236.7192307692308,144.58125,11.4,12.0,0,1,1,1,0,0,0,0,1,0,1,0,0,0,0,0,0,1,0,0,0.4999999999999999,-0.8660254037844387,0.7485107481711013,-0.663122658240795,0,989.65,320939.394,338136.364,337333.333,265333.333,388800.0,386471.591,395540.0,329537.87875,22201.192417775263,319935.605875,23410.339563176847,317168.18166666664,28258.338812815182,339613.6071153846,36257.451243626456,355333.333,303742.424,357933.333,265333.333,-5.358323197930625,-9.957779357665785,-21.876948559670783,-23.208165040198214,-2.967,-0.2725140892717244,-1.239,12.623938624019829,1.482,0,0,0.5,272659.27,173,2019,2
Fish (dried),2019-05-13,286545.455,NGN,NGN/MT,WFP Nigeria,retail,National,,,0.9,True,WFP VAM retail data,WFP,historical,False,,,306.92,202.46666666666667,137.31199999999998,11.4,12.0,0,1,1,1,0,0,0,0,1,0,1,0,0,0,0,0,0,1,0,0,0.4999999999999999,-0.8660254037844387,0.6631226582407952,-0.7485107481711012,0,933.62,303742.424,320939.394,355333.333,283333.333,357933.333,412083.333,450800.0,312340.90925,22201.192417775288,320337.121125,22709.953982195744,311219.19183333335,26345.844767913622,334785.2271923077,34538.843232817206,338136.364,286545.455,355333.333,265333.333,-5.66169479176869,-19.358689886828028,-19.944462115798522,-36.43623447204969,-6.704,-0.3033715938380652,-1.58,12.565655948589452,1.301,0,0,0.5,257222.13,174,2019,2
Fish (dried),2019-05-20,293134.091,NGN,NGN/MT,WFP Nigeria,retail,National,,,0.9,True,WFP VAM retail data,WFP,historical,False,,,306.92,202.46666666666667,137.31199999999998,11.4,12.0,0,1,1,1,0,0,0,0,1,0,1,0,0,0,0,0,0,1,0,0,0.4999999999999999,-0.8660254037844387,0.5680647467311558,-0.8229838658936564,0,955.08,286545.455,303742.424,338136.364,301333.333,327066.667,384630.682,407678.125,301090.341,15009.70876966921,319312.215875,23846.687424414475,308391.47716666665,26311.27594785475,331266.12753846153,33912.56667133072,320939.394,286545.455,355333.333,265333.333,2.2993336257941976,-13.308912554581088,-10.374819394236834,-28.096683872846985,-9.109,7.961028417562888,-1.373,12.588388843176489,1.301,0,0,0.5,263136.53,175,2019,2
Fish (dried),2019-05-27,299722.727,NGN,NGN/MT,WFP Nigeria,retail,National,,,0.9,True,WFP VAM retail data,WFP,historical,False,,,306.92,202.46666666666667,137.31199999999998,11.4,12.0,0,1,1,1,0,0,0,0,1,0,1,0,0,0,0,0,0,1,0,0,0.4999999999999999,-0.8660254037844387,0.464723172043769,-0.8854560256532096,0,976.55,293134.091,286545.455,320939.394,319333.333,296200.0,357178.03,364556.25,295786.17425000004,7554.751164219363,316860.89012500003,24831.797451809893,308685.03774999996,26182.222702713665,329056.3081923077,34028.31059231783,303742.424,286545.455,355333.333,265333.333,2.2476525939113534,-6.610801726633775,1.1893068872383505,-17.78423027996365,-10.111,-0.05168103188284423,-1.18,12.61061641934021,1.301,0,0,0.5,269050.92,176,2019,2
Fish (dried),2019-06-03,306311.364,NGN,NGN/MT,WFP Nigeria,retail,National,,,0.9,True,WFP VAM retail data,WFP,historical,False,,,306.92,202.46666666666667,137.31199999999998,11.4,12.0,0,1,1,0,0,0,0,1,0,0,1,0,0,0,0,0,0,1,1,0,1.2246467991473532e-16,-1.0,0.3546048870425358,-0.9350162426854148,0,998.02,299722.727,293134.091,303742.424,337333.333,265333.333,329725.379,321434.375,296428.40925,8505.892888032615,312983.14400000003,23568.148654263743,312099.8736666667,22415.350690758605,328155.76915384614,34318.47761203406,306311.364,286545.455,355333.333,283333.333,2.1982440457376518,0.8457626584293054,15.4439815520653,-4.704851806842381,-9.668,-0.04940854817370166,-1.021,12.632360657660783,1.301,0,0,0.5,274965.32,177,2019,2
Fish (dried),2019-06-10,312900.0,NGN,NGN/MT,WFP Nigeria,retail,National,,,0.9,True,WFP VAM retail data,WFP,historical,False,,,306.92,185.61166666666668,135.6,11.4,12.0,0,1,1,0,0,0,0,1,0,0,1,0,0,0,0,0,0,0,1,0,1.2246467991473532e-16,-1.0,0.2393156642875576,-0.970941817426052,0,1019.48,306311.364,299722.727,286545.455,355333.333,283333.333,302272.727,278312.5,303017.0455,8505.893017132054,307678.977375,16342.750043233516,314563.76258333336,20509.87515937548,328564.5104230769,34060.18817122141,312900.0,293134.091,355333.333,286545.455,2.1509603541839173,9.197334852161587,10.435294247570948,12.427576914439697,-7.775,-0.047283691553734464,-0.907,12.653642125561102,1.217,0,0,0.5,280879.71,178,2019,2
Fish (dried),2019-06-17,326497.778,NGN,NGN/MT,WFP Nigeria,retail,National,,,0.9,True,WFP VAM retail data,WFP,historical,False,,,306.92,185.61166666666668,135.6,11.4,12.0,0,1,1,0,0,0,0,1,0,0,1,0,0,0,0,0,0,0,1,0,1.2246467991473532e-16,-1.0,0.120536680255323,-0.992708874098054,0,1063.79,312900.0,306311.364,293134.091,338136.364,301333.333,315662.626,309734.375,311357.96725,11437.347515714782,306224.154125,13518.036228145196,316660.79966666666,20319.74063060135,328981.24703846156,33962.1600097201,326497.778,299722.727,355333.333,286545.455,4.345726430169372,11.381715066365295,8.351032641981227,5.4121868132976925,-5.357,2.194766075985455,-0.61,12.696181484965738,1.217,0,0,0.5,293085.98,179,2019,2
Fish (dried),2019-06-24,340095.556,NGN,NGN/MT,WFP Nigeria,retail,National,,,0.9,True,WFP VAM retail data,WFP,historical,False,,,306.92,185.61166666666668,135.6,11.4,12.0,0,1,1,0,0,0,0,1,0,0,1,0,0,0,0,0,0,0,1,0,1.2246467991473532e-16,-1.0,-3.216245299353273e-16,-1.0,0,1108.09,326497.778,312900.0,299722.727,320939.394,319333.333,329052.525,341156.25,321451.1745,15004.639457056588,308618.674375,17582.559893403246,318390.98491666664,21422.022080596354,329405.979,34032.06738831631,340095.556,306311.364,355333.333,286545.455,4.16473829723889,13.470059279155011,6.501739985909949,-0.310911495832189,-2.415,-0.18098813293048188,-0.3,12.736984844510612,1.217,0,0,0.5,305292.24,180,2019,2
Fish (dried),2019-07-01,353693.333,NGN,NGN/MT,WFP Nigeria,retail,National,,,0.9,True,WFP VAM retail data,WFP,historical,False,,,306.92,185.61166666666668,135.6,11.1,11.6,0,1,1,0,0,0,1,1,0,0,1,0,0,0,0,0,0,0,1,0,-0.4999999999999997,-0.8660254037844388,-0.1205366802553228,-0.992708874098054,0,1152.4,340095.556,326497.778,306311.364,303742.424,337333.333,342442.424,372578.125,333296.66675,17554.655525840368,314862.538,23482.775619393746,319754.31824999995,23185.16850800502,329838.70626923075,34275.12121584863,353693.333,312900.0,355333.333,286545.455,3.998222487799863,15.468563876069563,4.849802376333789,-5.068679756762428,1.048,-0.16651580943902733,0.017,12.77618835301263,1.217,0,0,0.5,318355.84,181,2019,3
Fish (dried),2019-07-08,367291.111,NGN,NGN/MT,WFP Nigeria,retail,National,,,0.9,True,WFP VAM retail data,WFP,historical,False,,,306.92,185.61166666666668,135.6,11.1,11.6,0,1,1,0,0,0,1,1,0,0,1,0,0,0,0,0,0,0,1,0,-0.4999999999999997,-0.8660254037844388,-0.2393156642875574,-0.970941817426052,0,1196.7,353693.333,340095.556,312900.0,286545.455,355333.333,355832.323,404000.0,346894.4445,17554.655396740927,324955.745,26704.736638079034,320750.79975,25036.404577785393,330279.4288846154,34693.8396384042,367291.111,326497.778,367291.111,286545.455,3.844510690847547,17.382905401086603,3.365228333363257,-9.086358663366346,5.031,-0.15371179695231607,0.347,12.813912753221528,1.217,0,0,0.5,330595.06,182,2019,3
Fish (dried),2019-07-15,380888.889,NGN,NGN/MT,WFP Nigeria,retail,National,,,0.9,True,WFP VAM retail data,WFP,historical,False,,,306.92,188.84333333333333,137.494,11.1,11.6,0,1,1,0,0,0,1,1,0,0,1,0,0,0,0,0,0,0,1,0,-0.4999999999999997,-0.8660254037844388,-0.3546048870425356,-0.9350162426854148,0,1241.0,367291.111,353693.333,326497.778,293134.091,338136.364,369222.222,401384.615,360492.22225,17554.655525840393,335925.09475,29629.344950308172,324313.51016666665,30237.0245112028,330728.14684615383,35288.0172273204,380888.889,340095.556,380888.889,286545.455,3.70217998551019,16.65895288267476,12.643575063698265,-5.106256003359766,9.0,-0.1423307053373568,0.676,12.85026560708943,1.237,0,0,0.5,342834.28,183,2019,3
Fish (dried),2019-07-22,355488.095,NGN,NGN/MT,WFP Nigeria,retail,National,,,0.9,True,WFP VAM retail data,WFP,historical,False,,,306.92,188.84333333333333,137.494,11.1,11.6,0,1,1,0,0,0,1,1,0,0,1,0,0,0,0,0,0,0,1,0,-0.4999999999999997,-0.8660254037844388,-0.464723172043768,-0.8854560256532101,0,1158.24,380888.889,367291.111,340095.556,299722.727,320939.394,374116.667,398769.231,364340.35699999996,12573.550587064748,342895.76574999996,26264.21816258699,327192.56858333334,31504.77094523282,330011.6633076923,34553.291178785796,380888.889,353693.333,380888.889,286545.455,-6.6688198930371145,4.525945349312344,10.764867649746979,-10.853679931990555,10.402,-10.370999878547305,0.105,12.781249852649456,1.237,0,0,0.5,319971.28,184,2019,3
Fish (dried),2019-07-29,330087.302,NGN,NGN/MT,WFP Nigeria,retail,National,,,0.9,True,WFP VAM retail data,WFP,historical,False,,,306.92,188.84333333333333,137.494,11.1,11.6,0,1,1,0,0,0,1,1,0,0,1,0,0,0,0,0,0,0,1,0,-0.4999999999999997,-0.8660254037844388,-0.5680647467311556,-0.8229838658936565,0,1075.48,355488.095,380888.889,353693.333,306311.364,303742.424,379011.111,396153.846,358438.84925,21562.962110832807,345867.758,22626.282058706194,329387.9750833333,30627.808219446088,328129.97834615386,33078.844558752644,380888.889,330087.302,380888.889,286545.455,-7.145328734567036,-6.6741520966130174,8.67342719303512,-16.676991695796882,9.237,-0.47650884152992123,-0.467,12.707115479467214,1.237,0,0,0.5,297108.28,185,2019,3
Fish (dried),2019-08-05,304686.508,NGN,NGN/MT,WFP Nigeria,retail,National,,,0.9,True,WFP VAM retail data,WFP,historical,False,,,306.92,188.84333333333333,137.494,11.1,11.6,0,1,0,0,1,0,1,1,0,0,1,0,0,0,0,1,0,0,1,0,-0.8660254037844384,-0.5000000000000004,-0.663122658240795,-0.7485107481711013,0,992.72,330087.302,355488.095,367291.111,312900.0,286545.455,383905.556,393538.462,342787.6985,32792.28353108226,344841.07149999996,24448.86816329306,330899.72949999996,28708.480108562966,325083.0918846154,31338.51223523959,380888.889,304686.508,380888.889,293134.091,-7.695174532948268,-17.04495456738674,6.330951227266879,-22.57770525108167,5.446,-0.5498457983812326,-1.03,12.627041966430713,1.237,0,0,0.0,274245.28,186,2019,3
Fish (dried),2019-08-12,279285.714,NGN,NGN/MT,WFP Nigeria,retail,National,,,0.9,True,WFP VAM retail data,WFP,historical,False,,,306.92,235.9284615384616,144.58333333333334,11.1,11.6,0,1,0,0,1,0,1,1,0,0,1,0,0,0,0,1,0,0,1,0,-0.8660254037844384,-0.5000000000000004,-0.7485107481711011,-0.6631226582407952,0,909.96,304686.508,330087.302,380888.889,326497.778,293134.091,388800.0,390923.077,317386.90475,32792.283660181645,338939.5635,33523.20345329227,329745.6980833333,30581.822905080888,320871.0039615385,29751.52457795288,355488.095,279285.714,380888.889,279285.714,-8.336697993860632,-26.67527930960466,-4.724246488273531,-28.557373449713232,-1.086,-0.6415234609123637,-1.56,12.539994181879525,1.479,0,0,0.0,251382.28,187,2019,3
Fish (dried),2019-08-19,286386.161,NGN,NGN/MT,WFP Nigeria,retail,National,,,0.9,True,WFP VAM retail data,WFP,historical,False,,,306.92,235.9284615384616,144.58333333333334,11.1,11.6,0,1,0,0,1,0,1,1,0,0,1,0,0,0,0,1,0,0,1,0,-0.8660254037844384,-0.5000000000000004,-0.8229838658936564,-0.5680647467311559,0,933.1,279285.714,304686.508,355488.095,340095.556,299722.727,357933.333,405492.308,300111.42125,22668.46338639374,332225.889125,38296.90885540526,328634.3175833333,31982.346662148077,318119.18965384614,29494.090253171446,330087.302,279285.714,380888.889,279285.714,2.5423595422428447,-19.438607079092186,-4.449634545064041,-29.373219824431295,-5.661,10.879057536103478,-1.342,12.565099884153167,1.479,0,0,0.0,257773.32,188,2019,3
Fish (dried),2019-08-26,293486.607,NGN,NGN/MT,WFP Nigeria,retail,National,,,0.9,True,WFP VAM retail data,WFP,historical,False,,,306.92,235.9284615384616,144.58333333333334,11.1,11.6,0,1,0,0,1,0,1,1,0,0,1,0,0,0,0,1,0,0,1,0,-0.8660254037844384,-0.5000000000000004,-0.8854560256532096,-0.4647231720437691,0,956.23,286386.161,279285.714,330087.302,353693.333,306311.364,327066.667,420061.538,290961.2475,10832.200690362088,324700.048375,39376.11167815502,327565.58783333335,32994.374977093576,316827.6488846154,29820.04074938259,304686.508,279285.714,380888.889,279285.714,2.47932580792547,-11.088186300483628,-4.186836829207541,-30.132473352035383,-8.164,-0.0630337343173748,-1.141,12.589590692486562,1.479,0,0,0.0,264164.36,189,2019,3
Fish (dried),2019-09-02,300587.054,NGN,NGN/MT,WFP Nigeria,retail,National,,,0.9,True,WFP VAM retail data,WFP,historical,False,,,306.92,235.9284615384616,144.58333333333334,11.1,11.6,0,1,0,0,1,1,0,0,0,0,0,0,0,0,0,1,0,0,0,0,-1.0,-1.8369701987210287e-16,-0.9350162426854148,-0.3546048870425359,0,979.37,293486.607,286386.161,304686.508,367291.111,312900.0,296200.0,434630.769,289936.384,9166.637144138444,316362.04125,35985.32672374654,326539.509,33676.32611879283,316996.38173076924,29710.865043591395,300587.054,279285.714,380888.889,279285.714,2.419342767487853,-1.3454662062029943,-3.935105784595716,-30.840825031418795,-8.536,-0.05998304043761671,-0.95,12.613496014992373,1.479,0,0,0.5,270555.4,190,2019,3
Fish (dried),2019-09-09,307687.5,NGN,NGN/MT,WFP Nigeria,retail,National,,,0.9,True,WFP VAM retail data,WFP,historical,False,,,306.92,233.15666666666664,151.78636363636363,11.1,11.6,0,1,0,0,1,1,0,0,0,0,0,0,0,0,0,1,0,0,0,0,-1.0,-1.8369701987210287e-16,-0.970941817426052,-0.2393156642875577,0,1002.5,300587.054,293486.607,279285.714,380888.889,326497.778,265333.333,449200.0,297036.83050000004,9166.636885939577,307211.867625,24803.036514302217,324971.98583333334,34113.38754103791,318625.38815384614,27868.96266874323,307687.5,286386.161,380888.889,279285.714,2.362192884062142,10.169437452858766,-5.7612269569565004,-31.503227960819235,-6.776,-0.057149883425711145,-0.761,12.636843186546058,1.483,0,0,0.5,276946.44,191,2019,3
Fish (dried),2019-09-16,302380.769,NGN,NGN/MT,WFP Nigeria,retail,National,,,0.9,True,WFP VAM retail data,WFP,historical,False,,,306.92,233.15666666666664,151.78636363636363,11.1,11.6,0,1,0,0,1,1,0,0,0,0,0,0,0,0,0,1,0,0,0,0,-1.0,-1.8369701987210287e-16,-0.992708874098054,-0.1205366802553235,0,985.21,307687.5,300587.054,286386.161,355488.095,340095.556,283333.333,421287.273,301035.4825,5866.451000424405,300573.451875,15336.842743219435,321829.08691666665,34330.0322339115,319357.98184615385,27145.077983898485,307687.5,293486.607,380888.889,279285.714,-1.724714523664439,5.584979366373766,-11.089467749469806,-28.224565900902498,-5.737,-4.0869074077265815,-0.885,12.619445633771726,1.483,0,0,0.5,272169.91,192,2019,3
Fish (dried),2019-09-23,297074.038,NGN,NGN/MT,WFP Nigeria,retail,National,,,0.9,True,WFP VAM retail data,WFP,historical,False,,,306.92,233.15666666666664,151.78636363636363,11.1,11.6,0,1,0,0,1,1,0,0,0,0,0,0,0,0,0,1,0,0,0,0,-1.0,-1.8369701987210287e-16,-1.0,-1.8369701987210287e-16,0,967.92,302380.769,307687.5,293486.607,330087.302,353693.333,301333.333,393374.545,301932.34025,4424.772986202502,296446.793875,9647.170685066094,317110.81233333336,33431.61151430569,319194.1628076923,27270.76816116349,307687.5,297074.038,380888.889,279285.714,-1.7549829698329744,1.2223491343167137,-16.008018731865658,-24.480614778976097,-5.408,-0.030268446168535412,-1.002,12.601740039072045,1.483,0,0,0.5,267393.37,193,2019,3
Fish (dried),2019-09-30,291767.308,NGN,NGN/MT,WFP Nigeria,retail,National,,,0.9,True,WFP VAM retail data,WFP,historical,False,,,306.92,233.15666666666664,151.78636363636363,11.1,11.6,0,1,0,0,1,1,0,0,0,0,0,0,0,0,0,1,0,0,0,0,-1.0,-1.8369701987210287e-16,-0.992708874098054,0.1205366802553232,0,950.63,297074.038,302380.769,300587.054,304686.508,367291.111,319333.333,365461.818,299727.40375,6850.959874627125,294831.893875,9138.746387147425,310817.1620833333,30065.548947808806,318133.93107692304,27795.939649093943,307687.5,291767.308,380888.889,279285.714,-1.7863324697528715,-2.934173605493995,-20.56238246397418,-20.164763149074027,-5.786,-0.031349499919897106,-1.111,12.583715300536426,1.483,0,0,0.5,262616.84,194,2019,3
Fish (dried),2019-10-07,286460.577,NGN,NGN/MT,WFP Nigeria,retail,National,,,0.9,True,WFP VAM retail data,WFP,historical,False,,,306.92,233.15666666666664,151.78636363636363,11.1,11.6,0,1,0,0,0,1,0,0,0,1,0,1,0,1,1,1,1,0,0,0,-0.8660254037844386,0.5000000000000001,-0.970941817426052,0.2393156642875573,0,933.34,291767.308,297074.038,307687.5,279285.714,380888.889,337333.333,337549.091,294420.67299999995,6850.95974552763,295728.75175,7621.184795708818,302948.13608333335,21070.114661718508,316177.2866153846,28178.290191145003,302380.769,286460.577,355488.095,279285.714,-1.8188230327710442,-6.898857769652656,-24.791563820072483,-15.135136003076965,-6.881,-0.03249056301817266,-1.218,12.56535969445031,1.483,0,0,0.5,257840.3,195,2019,4
Fish (dried),2019-10-14,281153.846,NGN,NGN/MT,WFP Nigeria,retail,National,,,0.9,True,WFP VAM retail data,WFP,historical,False,,,306.92,231.66666666666663,144.34666666666666,11.1,11.6,0,1,0,0,0,1,0,0,0,1,0,1,0,1,1,1,1,0,0,0,-0.8660254037844386,0.5000000000000001,-0.9350162426854148,0.3546048870425355,0,916.05,286460.577,291767.308,302380.769,286386.161,355488.095,355333.333,309636.364,289113.94225,6850.959874627046,295074.712375,8687.420622448475,296753.6153333333,13939.889786452712,313324.2294230769,27808.06218172534,297074.038,281153.846,330087.302,279285.714,-1.8525170393690726,-7.019931548623037,-20.910474934470013,-9.198699284558188,-7.727,-0.03369400659802846,-1.333,12.546660849922507,1.458,0,0,0.5,253063.77,196,2019,4
Fish (dried),2019-10-21,295365.385,NGN,NGN/MT,WFP Nigeria,retail,National,,,0.9,True,WFP VAM retail data,WFP,historical,False,,,306.92,231.66666666666663,144.34666666666666,11.1,11.6,0,1,0,0,0,1,0,0,0,1,0,1,0,1,1,1,1,0,0,0,-0.8660254037844386,0.5000000000000001,-0.8854560256532101,0.464723172043768,0,962.35,281153.846,286460.577,297074.038,293486.607,330087.302,338136.364,335248.106,288686.779,6212.7420663774155,295309.559625,8663.71848198451,293860.12225,9184.229021090476,311679.19176923076,27545.399802776228,295365.385,281153.846,307687.5,279285.714,5.054719756527892,-0.5751606607912296,-10.51901021021403,-11.89647914073525,-7.377,6.907236795896965,-0.906,12.595971847749857,1.458,0,0,0.5,265855.43,197,2019,4
Fish (dried),2019-10-28,309576.923,NGN,NGN/MT,WFP Nigeria,retail,National,,,0.9,True,WFP VAM retail data,WFP,historical,False,,,306.92,231.66666666666663,144.34666666666666,11.1,11.6,0,1,0,0,0,1,0,0,0,1,0,1,0,1,1,1,1,0,0,0,-0.8660254037844386,0.5000000000000001,-0.822983865893657,0.5680647467311548,0,1008.66,295365.385,281153.846,291767.308,300587.054,304686.508,320939.394,360859.848,293139.18275000004,12428.560559706102,296433.29325,9935.67610944118,294267.6568333333,9796.404136204503,311242.1736538462,27482.6700597525,309576.923,281153.846,309576.923,279285.714,4.8115110035659825,6.104047476079799,1.6050645078120818,-14.211313695393446,-5.816,-0.2432087529619098,-0.487,12.642965110015629,1.458,0,0,0.5,278647.1,198,2019,4
Fish (dried),2019-11-04,323788.462,NGN,NGN/MT,WFP Nigeria,retail,National,,,0.9,True,WFP VAM retail data,WFP,historical,False,,,306.92,231.66666666666663,144.34666666666666,11.1,11.6,1,0,0,0,0,1,0,0,0,1,0,1,1,1,1,0,1,0,0,0,-0.5000000000000004,0.8660254037844384,-0.7485107481711011,0.6631226582407952,1,1054.96,309576.923,295365.385,286460.577,307687.5,279285.714,303742.424,386471.591,302471.154,18347.01744059135,298445.9135,13523.876155396838,297976.2191666667,11823.101368479194,312013.17511538457,27544.971535384706,323788.462,281153.846,323788.462,281153.846,4.590632551768081,13.030723246780319,15.93448779123734,-16.21933680501758,-3.058,-0.22087845179790122,-0.058,12.68784877491535,1.458,0,0,0.5,291438.76,199,2019,4
Fish (dried),2019-11-11,338000.0,NGN,NGN/MT,WFP Nigeria,retail,National,,,0.9,True,WFP VAM retail data,WFP,historical,False,,,306.92,233.4333333333333,144.32916666666668,11.1,11.6,1,0,0,0,0,1,0,0,0,1,0,1,1,1,1,0,1,0,0,0,-0.5000000000000004,0.8660254037844384,-0.6631226582407955,0.7485107481711007,1,1101.26,323788.462,309576.923,281153.846,302380.769,286386.161,286545.455,412083.333,316682.6925,18347.017182392505,302898.317375,19532.82238687424,302277.37241666665,15906.595367933582,313992.19607692305,27490.37438720365,338000.0,295365.385,338000.0,281153.846,4.389142810159807,20.218878314757237,18.02246268457084,-17.97775524204469,0.857,-0.20148974160827393,0.417,12.73080413304066,1.466,0,0,0.5,304230.42,200,2019,4
Fish (dried),2019-11-18,326477.273,NGN,NGN/MT,WFP Nigeria,retail,National,,,0.9,True,WFP VAM retail data,WFP,historical,False,,,306.92,233.4333333333333,144.32916666666668,11.1,11.6,1,0,0,0,0,1,0,0,0,1,0,1,1,1,1,0,1,0,0,0,-0.5000000000000004,0.8660254037844384,-0.5680647467311559,0.8229838658936564,1,1063.72,338000.0,323788.462,295365.385,297074.038,293486.607,293134.091,384630.682,324460.6645,11681.294632350031,306573.72175,20992.155651745303,305026.5945833333,17058.393027701473,315274.62615384615,27255.145127211228,338000.0,309576.923,338000.0,281153.846,-3.4090908284023724,10.53335616832689,11.240944292902588,-15.119284997653926,2.914,-7.79823363856218,0.102,12.696118680308285,1.466,0,0,0.5,293858.93,201,2019,4
Fish (dried),2019-11-25,314954.545,NGN,NGN/MT,WFP Nigeria,retail,National,,,0.9,True,WFP VAM retail data,WFP,historical,False,,,306.92,233.4333333333333,144.32916666666668,11.1,11.6,1,0,0,0,0,1,0,0,0,1,0,1,1,1,1,0,1,0,0,0,-0.5000000000000004,0.8660254037844384,-0.4647231720437684,0.88545602565321,1,1026.18,326477.273,338000.0,309576.923,291767.308,300587.054,299722.727,357178.03,325805.07,9503.837386007946,309472.126375,20243.152308159748,306223.88550000003,17221.89175538984,315860.4653076923,27070.567697718237,338000.0,314954.545,338000.0,281153.846,-3.5294119845212024,1.7370874895606958,4.779810310792687,-11.821411580101959,3.148,-0.12032115611882999,-0.241,12.660186780864294,1.466,0,0,0.5,283487.44,202,2019,4
Fish (dried),2019-12-02,303431.818,NGN,NGN/MT,WFP Nigeria,retail,National,,,0.9,True,WFP VAM retail data,WFP,historical,False,,,306.92,233.4333333333333,144.32916666666668,11.1,11.6,1,0,0,0,0,0,0,0,0,1,0,1,1,1,1,0,0,0,0,1,-2.4492935982947064e-16,1.0,-0.3546048870425359,0.9350162426854148,1,988.63,314954.545,326477.273,323788.462,286460.577,307687.5,306311.364,329725.379,320715.909,14875.777107692005,311593.5315,18281.323610221432,305869.2453333333,17232.826364830045,315749.7135384615,27117.048445742763,338000.0,303431.818,338000.0,281153.846,-3.658536504053289,-6.287019578850828,-1.3831182612228266,-7.9743819173834325,1.573,-0.1291245195320867,-0.593,12.622915507482622,1.466,0,0,0.0,273115.95,203,2019,4
Fish (dried),2019-12-09,291909.091,NGN,NGN/MT,WFP Nigeria,retail,National,,,0.9,True,WFP VAM retail data,WFP,historical,False,,,306.92,232.16666666666663,144.225,11.1,11.6,1,0,0,0,0,0,0,0,0,1,0,1,1,1,1,0,0,0,0,1,-2.4492935982947064e-16,1.0,-0.2393156642875578,0.970941817426052,1,951.09,303431.818,314954.545,338000.0,281153.846,302380.769,312900.0,302272.727,309193.18175,14875.776978592541,312937.937125,15972.70387332421,304996.6055,17684.743780141576,314942.37088461535,27514.843608358296,326477.273,291909.091,338000.0,281153.846,-3.7974682668249438,-13.63636360946745,-3.463076714379265,-3.428571311364126,-1.825,-0.13893176277165464,-0.95,12.584201126302915,1.46,0,0,0.0,262744.46,204,2019,4
Fish (dried),2019-12-16,291727.273,NGN,NGN/MT,WFP Nigeria,retail,National,,,0.9,True,WFP VAM retail data,WFP,historical,False,,,306.92,232.16666666666663,144.225,11.1,11.6,1,0,0,0,0,0,0,0,0,1,0,1,1,1,1,0,0,0,0,1,-2.4492935982947064e-16,1.0,-0.1205366802553236,0.992708874098054,1,950.5,291909.091,303431.818,326477.273,295365.385,297074.038,326497.778,315662.626,300505.68175,11079.918099508845,312483.173125,16584.562896374024,304551.04175000003,17967.59095705768,313605.0437692307,27774.505768310784,314954.545,291727.273,338000.0,281153.846,-0.062285829940122994,-10.643926200645515,-1.799808908242606,-7.582574251283081,-4.177,3.7351824368848208,-0.933,12.583578076081762,1.46,0,0,0.0,262580.8,205,2019,4
Fish (dried),2019-12-23,291545.455,NGN,NGN/MT,WFP Nigeria,retail,National,,,0.9,True,WFP VAM retail data,WFP,historical,False,,,306.92,232.16666666666663,144.225,11.1,11.6,1,0,0,0,0,0,0,0,0,1,0,1,1,1,1,0,0,0,0,1,-2.4492935982947064e-16,1.0,6.432490598706546e-16,1.0,1,949.91,291727.273,291909.091,314954.545,309576.923,291767.308,340095.556,329052.525,294653.40925,5854.155100230395,310229.239625,18184.114362188437,304532.554,17982.0489007526,311737.73219230765,27553.438492942496,303431.818,291545.455,338000.0,281153.846,-0.06232464936521964,-7.432529668685994,-0.07603764846745298,-11.398505451371332,-5.48,-3.881942509664782e-05,-0.909,12.582954637427004,1.46,0,0,0.0,262417.15,206,2019,4
Fish (dried),2019-12-30,291363.636,NGN,NGN/MT,WFP Nigeria,retail,National,,,0.9,True,WFP VAM retail data,WFP,historical,False,,,306.92,232.16666666666663,144.225,11.1,11.6,1,0,0,0,0,0,0,0,0,1,0,1,1,1,1,0,0,0,0,1,-2.4492935982947064e-16,1.0,0.120536680255323,0.992708874098054,1,949.31,291545.455,291727.273,303431.818,323788.462,286460.577,353693.333,342442.424,291636.36375,234.72641572479108,306176.136375,18343.046276994366,304941.14225000003,17585.41654498091,309340.43615384615,26446.32900077547,291909.091,291363.636,338000.0,281153.846,-0.06236386020835871,-3.9772302323285103,1.7115999176389396,-14.9160222040713,-5.723,-3.9210843139070306e-05,-0.881,12.582330806421886,1.46,0,0,0.0,262253.5,207,2019,4
Fish (dried),2020-01-06,291181.818,NGN,NGN/MT,WFP Nigeria,retail,National,,,0.9,True,WFP VAM retail data,WFP,historical,False,,,358.81,232.16666666666663,144.225,11.1,11.6,1,0,0,0,0,0,0,0,0,1,0,0,1,0,0,0,0,0,0,1,0.4999999999999999,0.8660254037844387,0.2393156642875577,0.970941817426052,1,811.52,291363.636,291545.455,291909.091,338000.0,281153.846,367291.111,355832.323,291454.5455,234.72654482412236,300323.863625,13592.802422211065,305776.80658333335,16560.684955258785,306413.15565384616,23861.156207775202,291727.273,291181.818,338000.0,291181.818,-0.06240243377522159,-0.24914366233287355,3.5667205491473286,-18.16881177486508,-4.882,-3.857356686287616e-05,-0.853,12.581706589442977,1.46,0,0,0.0,262089.85,208,2020,1
Fish (dried),2020-01-13,291000.0,NGN,NGN/MT,WFP Nigeria,retail,National,,,0.9,True,WFP VAM retail data,WFP,historical,False,,,358.81,236.5727272727273,144.32416666666666,11.1,11.6,1,0,0,0,0,0,0,0,0,1,0,0,1,0,0,0,0,0,0,1,0.4999999999999999,0.8660254037844387,0.3546048870425356,0.9350162426854148,1,811.01,291181.818,291363.636,291727.273,326477.273,295365.385,380888.889,369222.222,291272.72725,234.72641572475348,295889.2045,8774.589468187596,305413.0245,16855.501968270757,302955.8906923077,18562.359971390593,291545.455,291000.0,338000.0,291000.0,-0.06244139872773058,-0.24929894024683374,-1.477960933032152,-21.185675546906822,-3.856,-3.896495250899079e-05,-0.827,12.581081982573842,1.481,0,0,0.0,261926.19,209,2020,1
Fish (dried),2020-01-20,300500.0,NGN,NGN/MT,WFP Nigeria,retail,National,,,0.9,True,WFP VAM retail data,WFP,historical,False,,,358.81,236.5727272727273,144.32416666666666,11.1,11.6,1,0,0,0,0,0,0,0,0,1,0,0,1,0,0,0,0,0,0,1,0.4999999999999999,0.8660254037844387,0.4647231720437685,0.8854560256532099,1,837.49,291000.0,291181.818,291545.455,314954.545,309576.923,355488.095,374116.667,293511.3635,4661.455509771371,294082.386375,4936.879222659196,304656.61425000004,16855.32366413384,300840.96396153845,15158.012152475541,300500.0,291000.0,338000.0,291000.0,3.264604810996574,3.071406138023991,-2.9320412232406667,-19.67746253871122,-2.436,3.3270462097243048,-0.494,12.613206360738884,1.481,0,0,0.0,270477.05,210,2020,1
Fish (dried),2020-01-27,310000.0,NGN,NGN/MT,WFP Nigeria,retail,National,,,0.9,True,WFP VAM retail data,WFP,historical,False,,,358.81,236.5727272727273,144.32416666666666,11.1,11.6,1,0,0,0,0,0,0,0,0,1,0,0,1,0,0,0,0,0,0,1,0.4999999999999999,0.8660254037844387,0.5680647467311558,0.8229838658936564,1,863.97,300500.0,291000.0,291363.636,303431.818,323788.462,330087.302,379011.111,298170.4545,9048.413983280641,294903.409125,6878.28217933556,303507.57575,15873.940890368807,300068.3754230769,14081.411496813724,310000.0,291000.0,338000.0,291000.0,3.161397670549082,6.396255983021848,-4.258478487723261,-18.20820260860373,-0.632,-0.10320714044749213,-0.142,12.644330802262578,1.481,0,0,0.0,279027.9,211,2020,1
Fish (dried),2020-02-03,319500.0,NGN,NGN/MT,WFP Nigeria,retail,National,,,0.9,True,WFP VAM retail data,WFP,historical,False,,,358.81,236.5727272727273,144.32416666666666,11.1,11.6,1,0,0,0,0,0,0,0,1,1,0,0,1,0,0,0,0,0,0,0,0.8660254037844386,0.5000000000000001,0.6631226582407952,0.7485107481711011,1,890.44,310000.0,300500.0,291181.818,291909.091,338000.0,304686.508,383905.556,305250.0,12264.447262985308,298352.27275,10902.453324023465,301965.90908333333,12825.087143835854,300638.1251153846,14567.051378033097,319500.0,291000.0,326477.273,291000.0,3.0645161290322687,9.725257639541196,-5.473372781065089,-16.776406330519478,1.534,-0.09688154151681339,0.244,12.674515682685282,1.481,0,0,0.0,287578.76,212,2020,1
Fish (dried),2020-02-10,329000.0,NGN,NGN/MT,WFP Nigeria,retail,National,,,0.9,True,WFP VAM retail data,WFP,historical,False,,,358.81,229.79,143.97222222222223,11.1,11.6,1,0,0,0,0,0,0,0,1,1,0,0,1,0,0,0,0,0,0,0,0.8660254037844386,0.5000000000000001,0.7485107481711011,0.6631226582407953,1,916.92,319500.0,310000.0,291000.0,291727.273,326477.273,279285.714,388800.0,314750.0,12264.447262985308,303011.363625,14898.609527777895,302176.1363333334,13276.144797042552,302550.2130384615,14910.918210387494,329000.0,300500.0,329000.0,291000.0,2.9733959311424085,13.058419243986252,0.772711367262624,-15.38065843621399,4.032,-0.09112019788986014,0.69,12.703816069256568,1.448,0,0,0.0,296129.61,213,2020,1
Fish (dried),2020-02-17,380062.5,NGN,NGN/MT,WFP Nigeria,retail,National,,,0.9,True,WFP VAM retail data,WFP,historical,False,,,358.81,229.79,143.97222222222223,11.1,11.6,1,0,0,0,0,0,0,0,1,1,0,0,1,0,0,0,0,0,0,0,0.8660254037844386,0.5000000000000001,0.8229838658936564,0.5680647467311559,1,1059.23,329000.0,319500.0,300500.0,291545.455,314954.545,286386.161,357933.333,334640.625,31258.93101545617,314075.99425,30189.359786352266,307601.79925,26091.72688025639,306153.14915384614,20945.410221513845,380062.5,310000.0,380062.5,291000.0,15.52051671732524,26.476705490848595,20.672175091170697,6.182482870350614,9.305,12.54712078618283,2.609,12.848093623005196,1.448,0,0,0.0,342090.46,214,2020,1
Fish (dried),2020-02-24,431125.0,NGN,NGN/MT,WFP Nigeria,retail,National,,,0.9,True,WFP VAM retail data,WFP,historical,False,,,358.81,229.79,143.97222222222223,11.1,11.6,1,0,0,0,0,0,0,0,1,1,0,0,1,0,0,0,0,0,0,0,0.8660254037844386,0.5000000000000001,0.8854560256532099,0.4647231720437686,1,1201.54,380062.5,329000.0,310000.0,291363.636,303431.818,293486.607,327066.667,364921.875,51528.697885052825,331546.16475,49458.12916218446,318242.89775,44076.748127031795,311446.9335,32060.34901692279,431125.0,319500.0,431125.0,291000.0,13.435290248314423,39.07258064516128,42.08299012333636,31.815633783310602,17.17,-2.0852264690108164,3.801,12.974155669749354,1.448,0,0,0.0,388051.31,215,2020,1
Fish (dried),2020-03-02,482187.5,NGN,NGN/MT,WFP Nigeria,retail,National,,,0.9,True,WFP VAM retail data,WFP,historical,False,,,358.81,229.79,143.97222222222223,11.1,11.6,1,0,0,1,0,0,0,0,1,1,0,0,0,0,0,0,0,0,0,0,1.0,6.123233995736766e-17,0.9350162426854148,0.3546048870425355,0,1343.85,431125.0,380062.5,319500.0,291181.818,291909.091,300587.054,296200.0,405593.75,65921.40403857117,355421.875,69308.7098828506,334099.43183333334,63630.72737667004,318431.5660384615,46243.97956881671,482187.5,329000.0,482187.5,291000.0,11.844012757320964,50.91940532081378,65.18413261750726,62.79118838622553,27.372,-1.591277490993459,4.273,13.086090395419514,1.448,1,3,0.0,434012.15,216,2020,1
Fish (dried),2020-03-09,533250.0,NGN,NGN/MT,WFP Nigeria,retail,National,,,0.9,True,WFP VAM retail data,WFP,historical,False,,,358.81,230.77272727272728,132.113,11.1,11.6,1,0,0,1,0,0,0,0,1,1,0,0,0,0,0,0,0,0,0,0,1.0,6.123233995736766e-17,0.970941817426052,0.239315664287558,0,1486.16,482187.5,431125.0,329000.0,291000.0,291727.273,307687.5,265333.333,456656.25,65921.40403857117,385703.125,87637.98272224845,354226.32575,83959.9529989479,327107.0468076923,62461.92524815997,533250.0,380062.5,533250.0,291000.0,10.5897602073882,62.08206686930091,82.79058879764048,100.97361834293169,39.605,-1.2542525499327652,4.376,13.186747511624853,1.423,1,3,0.0,479973.0,217,2020,1
Fish (dried),2020-03-16,503000.0,NGN,NGN/MT,WFP Nigeria,retail,National,,,0.9,True,WFP VAM retail data,WFP,historical,False,,,358.81,230.77272727272728,132.113,11.1,11.6,1,0,0,1,0,0,0,0,1,1,0,0,0,0,0,0,0,0,0,0,1.0,6.123233995736766e-17,0.992708874098054,0.120536680255323,0,1401.86,533250.0,482187.5,380062.5,300500.0,291545.455,302380.769,283333.333,487390.625,42971.41658392293,411015.625,88750.14304565986,371847.5378333333,91463.17688848538,334823.1710769231,71081.99262653317,533250.0,431125.0,533250.0,291000.0,-5.672761368963897,32.34665351093571,72.52884288660921,77.52941197356402,45.567,-16.262521576352096,3.267,13.12834743715147,1.423,1,3,0.0,452745.27,218,2020,1
Fish (dried),2020-03-23,472750.0,NGN,NGN/MT,WFP Nigeria,retail,National,,,0.9,True,WFP VAM retail data,WFP,historical,False,,,358.81,230.77272727272728,132.113,11.1,11.6,1,0,0,1,0,0,0,0,1,1,0,0,0,0,0,0,0,0,0,0,1.0,6.123233995736766e-17,1.0,-1.6081226496766364e-16,0,1317.55,503000.0,533250.0,431125.0,310000.0,291363.636,297074.038,301333.333,497796.875,26801.710873170905,431359.375,80562.43939097837,386963.06816666666,91939.96921003344,341579.93884615385,75558.73299753228,533250.0,472750.0,533250.0,291000.0,-6.013916500994032,9.654972455784282,62.25429037410832,56.886062120449196,45.734,-0.3411551320301349,2.482,13.066324101801385,1.423,1,3,0.0,425517.55,219,2020,1
Fish (dried),2020-03-30,442500.0,NGN,NGN/MT,WFP Nigeria,retail,National,,,0.9,True,WFP VAM retail data,WFP,historical,False,,,358.81,230.77272727272728,132.113,11.1,11.6,1,0,0,1,0,0,0,0,1,1,0,0,0,0,0,0,0,0,0,0,1.0,6.123233995736766e-17,0.992708874098054,-0.1205366802553228,0,1233.24,472750.0,503000.0,482187.5,319500.0,291181.818,291767.308,319333.333,487875.0,39052.58207425659,446734.375,66711.12054905658,399572.9166666667,87897.01664469522,347377.3500769231,77345.39532637878,533250.0,442500.0,533250.0,291000.0,-6.398730830248544,-8.230719377835383,51.96690612049135,38.56993751416486,40.445,-0.3848143292545121,1.847,13.000198003314573,1.423,1,3,0.0,398289.83,220,2020,1
Fish (dried),2020-04-06,412250.0,NGN,NGN/MT,WFP Nigeria,retail,National,,,0.9,True,WFP VAM retail data,WFP,historical,False,,,358.81,230.77272727272728,132.113,11.1,11.6,0,1,1,1,0,0,0,0,1,0,0,0,0,0,0,0,0,0,0,0,0.8660254037844387,-0.4999999999999998,0.970941817426052,-0.2393156642875575,0,1148.94,442500.0,472750.0,533250.0,329000.0,291000.0,286460.577,337333.333,457625.0,39052.58207425659,457140.625,50162.712367391025,409677.0833333333,80978.24673409972,352215.40480769234,77316.69568928987,503000.0,412250.0,533250.0,300500.0,-6.836158192090391,-22.6910454758556,41.66666666666667,22.20849814447481,29.928,-0.4374273618418467,1.292,12.929387666131456,1.423,1,3,0.5,371062.11,221,2020,2
Fish (dried),2020-04-13,382000.0,NGN,NGN/MT,WFP Nigeria,retail,National,,,0.9,True,WFP VAM retail data,WFP,historical,False,,,358.81,226.692,125.355,11.1,11.6,0,1,1,1,0,0,0,0,1,0,0,0,0,0,0,0,0,0,0,0,0.8660254037844387,-0.4999999999999998,0.9350162426854148,-0.3546048870425354,0,1064.63,412250.0,442500.0,503000.0,380062.5,300500.0,281153.846,355333.333,427375.0,39052.58207425659,457382.8125,49740.31265047494,416468.75,74116.06712616327,356094.1030384616,76129.6291805621,472750.0,382000.0,533250.0,310000.0,-7.337780473013944,-24.05566600397614,27.121464226289515,7.504690532368374,20.017,-0.5016222809235531,0.779,12.853178505386333,1.387,1,3,0.5,343834.38,222,2020,2
Fish (dried),2020-04-20,330775.0,NGN,NGN/MT,WFP Nigeria,retail,National,,,0.9,True,WFP VAM retail data,WFP,historical,False,,,358.81,226.692,125.355,11.1,11.6,0,1,1,1,0,0,0,0,1,0,0,0,0,0,0,0,0,0,0,0,0.8660254037844387,-0.4999999999999998,0.8854560256532099,-0.4647231720437685,0,921.87,382000.0,412250.0,472750.0,431125.0,310000.0,295365.385,338136.364,391881.25,47640.16764156637,444839.0625,66975.46573636295,418200.0,71603.04895266765,357456.0113076923,75312.11485965476,442500.0,330775.0,533250.0,319500.0,-13.409685863874344,-30.031729243786355,6.701612903225795,-2.1770400299211845,9.631,-6.0719053908604,-0.062,12.709196688109126,1.387,1,3,0.5,297727.27,223,2020,2
Fish (dried),2020-04-27,279550.0,NGN,NGN/MT,WFP Nigeria,retail,National,,,0.9,True,WFP VAM retail data,WFP,historical,False,,,358.81,226.692,125.355,11.1,11.6,0,1,1,1,0,0,0,0,1,0,0,0,0,0,0,0,0,1,0,0,0.8660254037844387,-0.4999999999999998,0.8229838658936565,-0.5680647467311557,0,779.1,330775.0,382000.0,442500.0,482187.5,319500.0,309576.923,320939.394,351143.75,58385.59459532702,419509.375,86348.8066936121,414870.8333333333,77310.52798126763,356301.1296538462,76299.44379195698,412250.0,279550.0,533250.0,279550.0,-15.486357796084949,-36.82485875706215,-12.503912363067293,-12.896327086602522,-1.447,-2.076671932210605,-0.886,12.540940023626,1.387,1,3,0.5,251620.16,224,2020,2
Fish (dried),2020-05-04,228325.0,NGN,NGN/MT,WFP Nigeria,retail,National,,,0.9,True,WFP VAM retail data,WFP,historical,False,,,358.81,226.692,125.355,11.1,11.6,0,1,1,1,0,0,0,0,1,0,1,0,0,0,0,0,0,1,0,0,0.4999999999999999,-0.8660254037844387,0.7485107481711013,-0.663122658240795,0,636.34,279550.0,330775.0,412250.0,533250.0,329000.0,323788.462,303742.424,305162.5,66131.19063649073,381393.75,95756.34513664719,406481.25,91615.31318941936,352629.4580384615,80127.50683592417,382000.0,228325.0,533250.0,228325.0,-18.32409229118226,-44.61491813220133,-30.60030395136778,-24.82940084787102,-13.461,-2.837734495097312,-1.657,12.338529711272177,1.387,1,3,0.5,205513.05,225,2020,2
Fish (dried),2020-05-11,177100.0,NGN,NGN/MT,WFP Nigeria,retail,National,,,0.9,True,WFP VAM retail data,WFP,historical,False,,,358.81,220.14555555555555,124.92125,11.1,11.6,0,1,1,1,0,0,0,0,1,0,1,0,0,0,0,0,0,1,0,0,0.4999999999999999,-0.8660254037844387,0.6631226582407952,-0.7485107481711012,0,493.58,228325.0,279550.0,382000.0,503000.0,380062.5,338000.0,286545.455,253937.5,66131.19063649073,340656.25,105462.55153743383,389567.7083333333,113141.91190239749,346440.9965,87203.50450039613,330775.0,177100.0,533250.0,177100.0,-22.435125369539033,-53.638743455497384,-53.40240092090116,-38.19479705235598,-26.701,-4.111033078356773,-2.317,12.084475470282369,1.355,1,3,0.5,159405.94,226,2020,2
Fish (dried),2020-05-18,202394.286,NGN,NGN/MT,WFP Nigeria,retail,National,,,0.9,True,WFP VAM retail data,WFP,historical,False,,,358.81,220.14555555555555,124.92125,11.1,11.6,0,1,1,1,0,0,0,0,1,0,1,0,0,0,0,0,0,1,0,0,0.4999999999999999,-0.8660254037844387,0.5680647467311558,-0.8229838658936564,0,564.07,177100.0,228325.0,330775.0,472750.0,431125.0,326477.273,293134.091,221842.3215,43788.51712649481,306861.78575,100276.42781404672,370506.8155,124228.19341411663,341668.57392307685,91623.14293454043,279550.0,177100.0,533250.0,177100.0,14.282487859966109,-38.812097044818984,-53.05438422731227,-30.955050192370837,-35.071,36.71761322950514,-1.848,12.217977925610386,1.355,1,3,0.5,182173.07,227,2020,2
Fish (dried),2020-05-25,227688.571,NGN,NGN/MT,WFP Nigeria,retail,National,,,0.9,True,WFP VAM retail data,WFP,historical,False,,,358.81,220.14555555555555,124.92125,11.1,11.6,0,1,1,1,0,0,0,0,1,0,1,0,0,0,0,0,0,0,0,0,0.4999999999999999,-0.8660254037844387,0.464723172043769,-0.8854560256532096,0,634.57,202394.286,177100.0,279550.0,442500.0,482187.5,314954.545,299722.727,208876.96425,24385.12673255539,280010.357125,86594.4676897625,349298.5714166667,125149.39606681772,338312.1903076923,94202.9535990901,228325.0,177100.0,533250.0,177100.0,12.497529203961811,-18.551754247898412,-52.780076007777055,-24.03359822626998,-38.259,-1.7849586560042976,-1.429,12.335738449509718,1.355,1,3,0.5,204940.21,228,2020,2
Fish (dried),2020-06-01,252982.857,NGN,NGN/MT,WFP Nigeria,retail,National,,,0.9,True,WFP VAM retail data,WFP,historical,False,,,358.81,220.14555555555555,124.92125,12.6,13.5,0,1,1,0,0,0,0,1,0,0,1,0,0,0,0,0,0,0,1,0,1.2246467991473532e-16,-1.0,0.3546048870425358,-0.9350162426854148,0,705.06,227688.571,202394.286,228325.0,412250.0,533250.0,303431.818,306311.364,215041.42849999998,32654.782294336175,260101.96425,68204.12911849878,325942.97616666666,113289.19851695052,336371.84565384616,95461.2964605974,252982.857,177100.0,503000.0,177100.0,11.10915927352365,10.799455600569363,-52.558301547116734,-17.40990157975334,-36.07,-1.3883699304381611,-1.04,12.441080959349836,1.355,1,3,0.5,224673.94,229,2020,2
Fish (dried),2020-06-08,278277.143,NGN,NGN/MT,WFP Nigeria,retail,National,,,0.9,True,WFP VAM retail data,WFP,historical,False,,,358.81,220.14555555555555,124.92125,12.6,13.5,0,1,1,0,0,0,0,1,0,0,1,0,0,0,0,0,0,0,1,0,1.2246467991473532e-16,-1.0,0.2393156642875576,-0.970941817426052,0,775.56,252982.857,227688.571,177100.0,382000.0,503000.0,291909.091,312900.0,240335.71425,32654.78242343564,247136.60712499998,48827.7215195659,307216.0714166667,99037.8008325891,335847.5399615384,95752.26131335982,278277.143,202394.286,472750.0,177100.0,9.998418983781177,57.12995087521173,-44.676512326043735,-11.06515084691595,-28.439,-1.1107402897424734,-0.668,12.53637640688034,1.355,1,3,0.5,247137.78,230,2020,2
Fish (dried),2020-06-15,303571.429,NGN,NGN/MT,WFP Nigeria,retail,National,,,0.9,True,WFP VAM retail data,WFP,historical,False,,,358.81,216.856,124.09,12.6,13.5,0,1,1,0,0,0,0,1,0,0,1,0,0,0,0,0,0,0,1,0,1.2246467991473532e-16,-1.0,0.120536680255323,-0.992708874098054,0,846.05,278277.143,252982.857,202394.286,330775.0,472750.0,291727.273,326497.778,265630.0,32654.782810734,243736.16074999998,42738.455073525176,293117.85716666665,84272.30327766917,336303.0844230769,95561.94692615369,303571.429,227688.571,442500.0,177100.0,9.089602447154643,49.99011829810256,-35.78605415124273,-7.021900467573772,-21.015,-0.9088165366265333,-0.303,12.623375506809323,1.337,1,3,0.5,269601.62,231,2020,2
Fish (dried),2020-06-22,334678.571,NGN,NGN/MT,WFP Nigeria,retail,National,,,0.9,True,WFP VAM retail data,WFP,historical,False,,,358.81,216.856,124.09,12.6,13.5,0,1,1,0,0,0,0,1,0,0,1,0,0,0,0,0,0,0,1,0,1.2246467991473532e-16,-1.0,-3.216245299353273e-16,-1.0,0,932.75,303571.429,278277.143,227688.571,279550.0,442500.0,291545.455,340095.556,292377.5,34954.459032807375,250627.23212499998,52636.2514638964,284132.73808333336,71708.69863204479,337962.0504230769,95127.27890301406,334678.571,252982.857,412250.0,177100.0,10.24705852671004,46.98962250503123,-24.366424632768357,-1.592783235309314,-13.488,1.1574560795553968,0.139,12.720928848587272,1.337,1,3,0.5,297227.86,232,2020,2
Fish (dried),2020-06-29,365785.714,NGN,NGN/MT,WFP Nigeria,retail,National,,,0.9,True,WFP VAM retail data,WFP,historical,False,,,358.81,216.856,124.09,12.6,13.5,0,1,1,0,0,0,0,1,0,0,1,0,0,0,0,0,0,0,1,0,1.2246467991473532e-16,-1.0,-0.1205366802553228,-0.992708874098054,0,1019.44,334678.571,303571.429,252982.857,228325.0,412250.0,291363.636,353693.333,320578.21424999996,37952.38010788588,267809.821375,65242.6024055242,280260.71424999996,65113.03242456629,340824.4380384615,94788.12140368945,365785.714,278277.143,382000.0,177100.0,9.294632431067718,44.58913079632112,-11.270900181928445,3.4188885884371523,-5.94,-0.9524260956423216,0.576,12.809805693885643,1.337,1,3,0.5,324854.1,233,2020,2
Fish (dried),2020-07-06,396892.857,NGN,NGN/MT,WFP Nigeria,retail,National,,,0.9,True,WFP VAM retail data,WFP,historical,False,,,358.81,216.856,124.09,12.6,13.5,0,1,1,0,0,0,1,1,0,0,1,0,0,0,0,0,0,0,1,0,-0.4999999999999997,-0.8660254037844388,-0.2393156642875574,-0.970941817426052,0,1106.14,365785.714,334678.571,278277.143,177100.0,382000.0,291181.818,367291.111,350232.14275,40159.14854173102,295283.9285,67814.58553003155,281501.78566666663,67332.59933490939,344890.2472307692,94840.74566292345,396892.857,303571.429,396892.857,177100.0,8.504198444447741,42.62502939380832,3.898653664921481,8.059477921860193,1.549,-0.790433986619977,1.001,12.89142416120114,1.337,1,3,0.5,352480.33,234,2020,3
Fish (dried),2020-07-13,428000.0,NGN,NGN/MT,WFP Nigeria,retail,National,,,0.9,True,WFP VAM retail data,WFP,historical,False,,,358.81,217.8825,137.41916666666663,12.6,13.5,0,1,1,0,0,0,1,1,0,0,1,0,0,0,0,0,0,0,1,0,-0.4999999999999997,-0.8660254037844388,-0.3546048870425356,-0.9350162426854148,0,1192.83,396892.857,365785.714,303571.429,202394.286,330775.0,291000.0,380888.889,381339.2855,40159.14892902929,323484.64275,70523.10031998997,289603.869,78691.93118229129,350159.478,95530.17608920608,428000.0,334678.571,428000.0,177100.0,7.837667635323542,40.98823509507543,29.393091980953812,12.368728088573878,8.904,-0.6665308091241995,1.405,12.966880811009803,1.375,1,3,0.5,380106.57,235,2020,3
Fish (dried),2020-07-20,384982.143,NGN,NGN/MT,WFP Nigeria,retail,National,,,0.9,True,WFP VAM retail data,WFP,historical,False,,,358.81,217.8825,137.41916666666663,12.6,13.5,0,1,1,0,0,0,1,1,0,0,1,0,0,0,0,0,0,0,1,0,-0.4999999999999997,-0.8660254037844388,-0.464723172043768,-0.8854560256532101,0,1072.94,428000.0,396892.857,334678.571,227688.571,279550.0,300500.0,355488.095,393915.1785,26087.720752855203,343146.33925,61326.934715746596,298389.88091666665,83222.71716180697,353408.79119230766,95209.74926793443,428000.0,365785.714,428000.0,177100.0,-10.050901168224302,15.030413166189827,37.71495009837238,8.296775170487791,11.462,-17.888568803547845,0.798,12.860954827895771,1.375,1,3,0.5,341902.44,236,2020,3
Fish (dried),2020-07-27,341964.286,NGN,NGN/MT,WFP Nigeria,retail,National,,,0.9,True,WFP VAM retail data,WFP,historical,False,,,358.81,217.8825,137.41916666666663,12.6,13.5,0,1,1,0,0,0,1,1,0,0,1,0,0,0,0,0,0,0,1,0,-0.4999999999999997,-0.8660254037844388,-0.5680647467311556,-0.8229838658936565,0,953.05,384982.143,428000.0,365785.714,252982.857,228325.0,310000.0,330087.302,387959.8215,35625.229228440796,354269.01787499996,49582.80567680339,307859.8214166667,80959.9851404454,354638.1868076923,94832.434469402,428000.0,341964.286,428000.0,177100.0,-11.173987620511516,-6.512399770757571,49.77084681922699,3.5981341687600032,9.396,-1.1230864522872146,0.201,12.742464507968995,1.375,1,3,0.5,303698.3,237,2020,3
Fish (dried),2020-08-03,298946.429,NGN,NGN/MT,WFP Nigeria,retail,National,,,0.9,True,WFP VAM retail data,WFP,historical,False,,,358.81,217.8825,137.41916666666663,12.6,13.5,0,1,0,0,1,0,1,1,0,0,1,0,0,0,0,1,0,0,1,0,-0.8660254037844384,-0.5000000000000004,-0.663122658240795,-0.7485107481711013,0,833.16,341964.286,384982.143,396892.857,278277.143,177100.0,319500.0,304686.508,363473.2145,55535.81458350959,356852.678625,45421.20917641166,318013.69049999997,69963.50744395886,353847.6648461538,95221.92969083339,428000.0,298946.429,428000.0,202394.286,-12.5796344124661,-24.678304553110163,68.80091981931113,-1.8839294977905485,2.72,-1.4056467919545845,-0.39,12.608023014171717,1.375,1,3,0.0,265494.16,238,2020,3
Fish (dried),2020-08-10,255928.571,NGN,NGN/MT,WFP Nigeria,retail,National,,,0.9,True,WFP VAM retail data,WFP,historical,False,,,358.81,196.12625,146.58375,12.6,13.5,0,1,0,0,1,0,1,1,0,0,1,0,0,0,0,1,0,0,1,0,-0.8660254037844384,-0.5000000000000004,-0.7485107481711011,-0.6631226582407952,0,713.27,298946.429,341964.286,428000.0,303571.429,202394.286,329000.0,279285.714,320455.35725,55535.81497080799,350897.321375,55426.47304548285,322474.88091666665,63311.42711711205,351037.2252692307,97045.51035601628,384982.143,255928.571,428000.0,227688.571,-14.389821662663183,-40.203604906542054,26.45049228316654,-8.363171415205283,-8.712,-1.8101872501970817,-0.971,12.452657572329848,1.294,1,3,0.0,227290.03,239,2020,3
Fish (dried),2020-08-17,254542.857,NGN,NGN/MT,WFP Nigeria,retail,National,,,0.9,True,WFP VAM retail data,WFP,historical,False,,,358.81,196.12625,146.58375,12.6,13.5,0,1,0,0,1,0,1,1,0,0,1,0,0,0,0,1,0,0,1,0,-0.8660254037844384,-0.5000000000000004,-0.8229838658936564,-0.5680647467311559,0,709.41,255928.571,298946.429,384982.143,334678.571,227688.571,380062.5,286386.161,287845.53575000004,41552.49695805647,340880.35712500004,65162.517445463025,324712.7380833333,60046.89387854573,346209.5466923077,98652.62389809582,341964.286,254542.857,428000.0,252982.857,-0.5414456051489491,-33.88190553035599,11.794305652697856,-11.119009343471742,-16.858,13.848376057514233,-0.975,12.447228426255938,1.294,1,3,0.0,226059.38,240,2020,3
Fish (dried),2020-08-24,253157.143,NGN,NGN/MT,WFP Nigeria,retail,National,,,0.9,True,WFP VAM retail data,WFP,historical,False,,,358.81,196.12625,146.58375,12.6,13.5,0,1,0,0,1,0,1,1,0,0,1,0,0,0,0,1,0,0,1,0,-0.8660254037844384,-0.5000000000000004,-0.8854560256532096,-0.4647231720437691,0,705.55,254542.857,255928.571,341964.286,365785.714,252982.857,431125.0,293486.607,265643.75,22230.59686819532,326801.78575,70925.02266324605,324727.2619166667,60027.98508368232,339364.6291153846,98699.22904652037,298946.429,253157.143,428000.0,253157.143,-0.5443931981952921,-25.969712813811206,0.06889241510938948,-13.74150064708064,-21.723,-0.0029475930463429556,-0.976,12.441769643580303,1.294,1,3,0.0,224828.72,241,2020,3
Fish (dried),2020-08-31,251771.429,NGN,NGN/MT,WFP Nigeria,retail,National,,,0.9,True,WFP VAM retail data,WFP,historical,False,,,358.81,196.12625,146.58375,12.6,13.5,0,1,0,0,1,0,1,1,0,0,1,0,0,0,0,1,0,0,1,0,-0.8660254037844384,-0.5000000000000004,-0.9350162426854148,-0.3546048870425359,0,701.68,253157.143,254542.857,298946.429,396892.857,278277.143,482187.5,300587.054,253850.0,1788.9490815049069,308661.60725,68968.70867640807,322518.45241666667,62335.85197911194,330502.47253846156,95659.9515615863,255928.571,251771.429,428000.0,251771.429,-0.5473730599021676,-15.780419307166238,-9.524933925313439,-16.24009562301376,-23.193,-0.002979861706875475,-0.974,12.436280898965846,1.294,1,3,0.0,223598.07,242,2020,3
Fish (dried),2020-09-07,250385.714,NGN,NGN/MT,WFP Nigeria,retail,National,,,0.9,True,WFP VAM retail data,WFP,historical,False,,,358.81,196.12625,146.58375,12.6,13.5,0,1,0,0,1,1,0,0,0,0,0,0,0,0,0,1,0,0,0,0,-1.0,-1.8369701987210287e-16,-0.970941817426052,-0.2393156642875577,0,697.82,251771.429,253157.143,255928.571,428000.0,303571.429,533250.0,307687.5,252464.28575,1788.9494688033199,286459.8215,51419.63613454057,318086.3095,65610.25309750807,319623.07692307694,87408.32934067812,254542.857,250385.714,428000.0,250385.714,-0.5503861202614813,-2.165782811329797,-17.520000210559992,-18.623371440178747,-21.012,-0.0030130603593137018,-0.969,12.430761857694964,1.294,1,3,0.5,222367.42,243,2020,3
Fish (dried),2020-09-14,249000.0,NGN,NGN/MT,WFP Nigeria,retail,National,,,0.9,True,WFP VAM retail data,WFP,historical,False,,,358.81,214.01545454545456,157.59300000000002,12.6,13.5,0,1,0,0,1,1,0,0,0,0,0,0,0,0,0,1,0,0,0,0,-1.0,-1.8369701987210287e-16,-0.992708874098054,-0.1205366802553235,0,693.96,250385.714,251771.429,254542.857,384982.143,334678.571,503000.0,302380.769,251078.57150000002,1788.9495979028086,269462.053625,33579.4374850006,310946.4285833333,68249.30146249585,309853.8461538461,79971.12964432841,253157.143,249000.0,428000.0,249000.0,-0.5534317345277984,-2.1775731856423675,-25.600256014000966,-17.65349336749652,-18.969,-0.0030456142663171093,-0.965,12.425212191503038,1.406,1,3,0.5,221136.77,244,2020,3
Fish (dried),2020-09-21,276979.167,NGN,NGN/MT,WFP Nigeria,retail,National,,,0.9,True,WFP VAM retail data,WFP,historical,False,,,358.81,214.01545454545456,157.59300000000002,12.6,13.5,0,1,0,0,1,1,0,0,0,0,0,0,0,0,0,1,0,0,0,0,-1.0,-1.8369701987210287e-16,-1.0,-1.8369701987210287e-16,0,771.94,249000.0,250385.714,253157.143,341964.286,365785.714,472750.0,297074.038,257034.0775,13344.776792205661,261338.91375,17586.92873117132,303545.88300000003,66556.0934896225,302324.1987307692,72926.27555501128,276979.167,249000.0,428000.0,249000.0,11.236613253012063,9.409975052530918,-24.278298359131647,-6.764263594114539,-14.981,11.790044987539861,-0.591,12.531701183328147,1.406,1,3,0.5,245985.05,245,2020,3
Fish (dried),2020-09-28,304958.333,NGN,NGN/MT,WFP Nigeria,retail,National,,,0.9,True,WFP VAM retail data,WFP,historical,False,,,358.81,214.01545454545456,157.59300000000002,12.6,13.5,0,1,0,0,1,1,0,0,0,0,0,0,0,0,0,1,0,0,0,0,-1.0,-1.8369701987210287e-16,-0.992708874098054,0.1205366802553232,0,849.92,276979.167,249000.0,251771.429,298946.429,396892.857,442500.0,291767.308,270330.80350000004,26432.78462830954,262090.40175000002,19452.914192561864,295884.6726666666,59780.551049332265,297034.1346153846,67107.7106815741,304958.333,249000.0,428000.0,249000.0,10.101541680208737,21.125075315833385,-23.163562250756264,4.521077118071082,-8.99,-1.1350715728033265,-0.227,12.627933712273494,1.406,1,3,0.5,270833.33,246,2020,3
Fish (dried),2020-10-05,332937.5,NGN,NGN/MT,WFP Nigeria,retail,National,,,0.9,True,WFP VAM retail data,WFP,historical,False,,,358.81,214.01545454545456,157.59300000000002,12.6,13.5,0,1,0,0,0,1,0,0,0,1,0,1,0,1,1,1,1,0,0,0,-0.8660254037844386,0.5000000000000001,-0.970941817426052,0.2393156642875573,0,927.89,304958.333,276979.167,250385.714,255928.571,428000.0,412250.0,286460.577,290968.75,36120.94876085268,271716.517875,31370.954202710174,287962.7976666666,45202.811835500754,293983.6538461539,63358.830663657944,332937.5,249000.0,384982.143,249000.0,9.174750768328742,32.96984667423957,-22.210864485981308,16.224544224108016,-1.026,-0.9267909118799942,0.13,12.71571306722158,1.406,0,0,0.5,295681.62,247,2020,4
Fish (dried),2020-10-12,360916.667,NGN,NGN/MT,WFP Nigeria,retail,National,,,0.9,True,WFP VAM retail data,WFP,historical,False,,,358.81,194.20625,159.38222222222225,12.6,13.5,0,1,0,0,0,1,0,0,0,1,0,1,0,1,1,1,1,0,0,0,-0.8660254037844386,0.5000000000000001,-0.9350162426854148,0.3546048870425355,0,1005.87,332937.5,304958.333,249000.0,254542.857,384982.143,382000.0,281153.846,318947.91675,36120.94888995206,285013.244125,43319.85014723602,285957.34133333334,40829.45415965624,293172.75642307696,62313.59088219255,360916.667,276979.167,360916.667,249000.0,8.403729528815473,44.94645261044177,-6.251062922676898,28.369813230298124,8.792,-0.771021239513269,0.478,12.796405142051194,1.316,0,0,0.5,320529.9,248,2020,4
Fish (dried),2020-10-19,345970.833,NGN,NGN/MT,WFP Nigeria,retail,National,,,0.9,True,WFP VAM retail data,WFP,historical,False,,,358.81,194.20625,159.38222222222225,12.6,13.5,0,1,0,0,0,1,0,0,0,1,0,1,0,1,1,1,1,0,0,0,-0.8660254037844386,0.5000000000000001,-0.8854560256532101,0.464723172043768,0,964.22,360916.667,332937.5,276979.167,253157.143,341964.286,330775.0,295365.385,336195.83325,23756.18094197856,296614.955375,45919.937699984315,286291.22025,41342.2425682456,293757.21153846156,62750.11302036252,360916.667,304958.333,360916.667,249000.0,-4.14107614487087,24.908611989579697,1.1716273201699101,17.13316812665775,14.447,-12.544805673686344,0.269,12.75411264321164,1.316,0,0,0.5,307256.51,249,2020,4
Fish (dried),2020-10-26,331025.0,NGN,NGN/MT,WFP Nigeria,retail,National,,,0.9,True,WFP VAM retail data,WFP,historical,False,,,358.81,194.20625,159.38222222222225,12.6,13.5,0,1,0,0,0,1,0,0,0,1,0,1,0,1,1,1,1,0,0,0,-0.8660254037844386,0.5000000000000001,-0.822983865893657,0.5680647467311548,0,922.56,345970.833,360916.667,304958.333,251771.429,298946.429,279550.0,309576.923,342712.5,13834.217377604029,306521.65174999996,43339.940334540435,288964.4345,43228.983412212554,295737.01923076925,63095.02347978345,360916.667,331025.0,360916.667,249000.0,-4.319969076699593,8.547615913154939,10.730541624900969,6.928189863816181,15.884,-0.1788929318287229,0.066,12.709952201123265,1.316,0,0,0.5,293983.13,250,2020,4
Fish (dried),2020-11-02,316079.167,NGN,NGN/MT,WFP Nigeria,retail,National,,,0.9,True,WFP VAM retail data,WFP,historical,False,,,358.81,194.20625,159.38222222222225,12.6,13.5,1,0,0,0,0,1,0,0,0,1,0,1,1,1,1,0,1,0,0,0,-0.5000000000000004,0.8660254037844384,-0.7485107481711011,0.6631226582407952,1,880.91,331025.0,345970.833,332937.5,250385.714,255928.571,228325.0,323788.462,338497.91675,19294.98782202754,314733.33337500005,36934.50161571702,293976.9841666667,42531.835848213464,299112.1795,61675.85847283796,360916.667,316079.167,360916.667,249000.0,-4.51501638849029,-5.063512821475502,23.502884326267747,-2.380966558345121,13.168,-0.195047311790697,-0.129,12.663751153432386,1.316,0,0,0.5,280709.74,251,2020,4
Fish (dried),2020-11-09,301133.333,NGN,NGN/MT,WFP Nigeria,retail,National,,,0.9,True,WFP VAM retail data,WFP,historical,False,,,358.81,198.351,165.82076923076923,12.6,13.5,1,0,0,0,0,1,0,0,0,1,0,1,1,1,1,0,1,0,0,0,-0.5000000000000004,0.8660254037844384,-0.6631226582407955,0.7485107481711007,1,839.26,316079.167,331025.0,360916.667,249000.0,254542.857,177100.0,338000.0,323552.08325,19294.987822027626,321250.0,26921.725718433026,297859.52383333334,40691.52384251066,303882.6923076923,56435.1657995302,345970.833,301133.333,360916.667,249000.0,-4.728509677450532,-16.564304025338906,18.303588067293507,-10.907297928994087,6.473,-0.2134932889602421,-0.317,12.615311733210225,1.351,0,0,0.5,267436.35,252,2020,4
Fish (dried),2020-11-16,299992.381,NGN,NGN/MT,WFP Nigeria,retail,National,,,0.9,True,WFP VAM retail data,WFP,historical,False,,,358.81,198.351,165.82076923076923,12.6,13.5,1,0,0,0,0,1,0,0,0,1,0,1,1,1,1,0,1,0,0,0,-0.5000000000000004,0.8660254037844384,-0.5680647467311559,0.8229838658936564,1,836.08,301133.333,316079.167,345970.833,276979.167,253157.143,202394.286,326477.273,312057.47025,14615.566847634838,324126.65174999996,22358.232482909458,301762.4603333333,38182.87634592522,307636.46519230766,52525.07031698523,331025.0,299992.381,360916.667,249000.0,-0.37888598669347795,-13.289690232355511,18.500460798769545,-8.112323334678184,1.437,4.3496236907570545,-0.325,12.611515690061605,1.351,0,0,0.5,266423.07,253,2020,4
Fish (dried),2020-11-23,298851.429,NGN,NGN/MT,WFP Nigeria,retail,National,,,0.9,True,WFP VAM retail data,WFP,historical,False,,,358.81,198.351,165.82076923076923,12.6,13.5,1,0,0,0,0,1,0,0,0,1,0,1,1,1,1,0,1,0,0,0,-0.5000000000000004,0.8660254037844384,-0.4647231720437684,0.88545602565321,1,832.9,299992.381,301133.333,331025.0,304958.333,251771.429,227688.571,314954.545,304014.0775,8097.161144286159,323363.28875,23194.77950845579,305685.79366666666,34852.82414910181,310373.4981923077,49985.12229834054,316079.167,298851.429,360916.667,249000.0,-0.3803269923711827,-9.719377992598744,18.69950064905894,-5.112838108114925,-2.049,-0.0014410056777047764,-0.335,12.607705182042693,1.351,0,0,0.5,265409.79,254,2020,4
Fish (dried),2020-11-30,297710.476,NGN,NGN/MT,WFP Nigeria,retail,National,,,0.9,True,WFP VAM retail data,WFP,historical,False,,,358.81,198.351,165.82076923076923,12.6,13.5,1,0,0,0,0,1,0,0,0,1,0,1,1,1,1,0,1,0,0,0,-0.5000000000000004,0.8660254037844384,-0.3546048870425359,0.9350162426854148,1,829.72,298851.429,299992.381,316079.167,332937.5,250385.714,252982.857,303431.818,299421.90475,1472.9630855341084,318959.91075,24428.519496572826,309629.52383333334,30422.455301164966,312093.79123076925,48683.68642676417,301133.333,297710.476,360916.667,249000.0,-0.3817793355774701,-5.811420972265468,18.900743674217768,-1.8855445146494176,-4.06,-0.0014523432062873987,-0.349,12.603880095135585,1.351,0,0,0.5,264396.52,255,2020,4
Fish (dried),2020-12-07,296569.524,NGN,NGN/MT,WFP Nigeria,retail,National,,,0.9,True,WFP VAM retail data,WFP,historical,False,,,358.81,198.351,165.82076923076923,12.6,13.5,1,0,0,0,0,0,0,0,0,1,0,1,1,1,1,0,0,0,0,1,-2.4492935982947064e-16,1.0,-0.2393156642875578,0.970941817426052,1,826.54,297710.476,298851.429,301133.333,360916.667,249000.0,278277.143,291909.091,298280.9525,1472.9632146336533,310916.51787499996,18518.942525429018,313593.6508333333,24283.99482822444,312797.3443461539,48306.148932133256,299992.381,296569.524,360916.667,276979.167,-0.3832421402597985,-1.5155442788527207,19.10422650602408,1.5965357516049217,-4.641,-0.0014628046823284002,-0.365,12.600040324111612,1.351,0,0,0.0,263383.24,256,2020,4
Fish (dried),2020-12-14,295428.571,NGN,NGN/MT,WFP Nigeria,retail,National,,,0.9,True,WFP VAM retail data,WFP,historical,False,,,358.81,198.351,165.82076923076923,12.6,13.5,1,0,0,0,0,0,0,0,0,1,0,1,1,1,1,0,0,0,0,1,-2.4492935982947064e-16,1.0,-0.1205366802553236,0.992708874098054,1,823.36,296569.524,297710.476,299992.381,345970.833,276979.167,303571.429,291727.273,297140.0,1472.9634728326116,304598.73512499995,12492.369581534285,315131.10116666666,22254.358326220223,312484.1575,48394.67208439207,298851.429,295428.571,360916.667,295428.571,-0.38471687333591076,-1.5213086361683281,6.6609356219198945,1.2687528190070907,-4.91,-0.0014747330761122335,-0.381,12.596185749011703,1.351,0,0,0.0,262369.96,257,2020,4
Fish (dried),2020-12-21,291404.762,NGN,NGN/MT,WFP Nigeria,retail,National,,,0.9,True,WFP VAM retail data,WFP,historical,False,,,358.81,198.351,165.82076923076923,12.6,13.5,1,0,0,0,0,0,0,0,0,1,0,1,1,1,1,0,0,0,0,1,-2.4492935982947064e-16,1.0,6.432490598706546e-16,1.0,1,812.14,295428.571,296569.524,298851.429,331025.0,304958.333,334678.571,291545.455,295278.33324999997,2745.275791809101,299646.205375,7289.21050510403,314001.6369166667,23143.753906644415,310819.78023076925,48344.94063865617,297710.476,291404.762,360916.667,291404.762,-1.3620243249932718,-2.491762219413718,-4.444400933946602,-0.048257655054173565,-5.0,-0.977307451657361,-0.434,12.582471946054955,1.351,0,0,0.0,258796.41,258,2020,4
Fish (dried),2020-12-28,287380.952,NGN,NGN/MT,WFP Nigeria,retail,National,,,0.9,True,WFP VAM retail data,WFP,historical,False,,,358.81,198.351,165.82076923076923,12.6,13.5,1,0,0,0,0,0,0,0,0,1,0,1,1,1,1,0,0,0,0,1,-2.4492935982947064e-16,1.0,0.1205366802553231,0.992708874098054,1,800.93,291404.762,295428.571,297710.476,316079.167,332937.5,365785.714,291363.636,292695.95225,4178.8420746306865,296058.9285,4619.429434078471,310205.2579166667,23489.089974993098,307804.2124615385,47211.23682105619,296569.524,287380.952,360916.667,287380.952,-1.3808319302620053,-3.4696541884538967,-13.683213215693634,-1.3669118269789893,-4.908,-0.018807605268733596,-0.486,12.568567453160435,1.351,0,0,0.0,255222.87,259,2020,4
Fish (dried),2021-01-04,283357.143,NGN,NGN/MT,WFP Nigeria,retail,National,,,0.9,True,WFP VAM retail data,WFP,historical,False,,,401.0,198.351,165.82076923076923,12.6,13.5,1,0,0,0,0,0,0,0,0,1,0,0,1,0,0,0,0,0,0,1,0.4999999999999999,0.8660254037844387,0.120536680255323,0.992708874098054,1,706.63,287380.952,291404.762,296569.524,301133.333,360916.667,396892.857,291181.818,289392.85699999996,5194.715598160338,293836.90475,5921.637750884612,303741.96425,18382.29165031352,303437.4542307692,43766.4765135634,295428.571,283357.143,345970.833,283357.143,-1.4001655196688167,-4.455070373313208,-21.489593330418298,-2.6872127709567484,-4.628,-0.019333589406811402,-0.536,12.554466899494338,1.351,0,0,0.0,251649.33,260,2021,1
Fish (dried),2021-01-11,279333.333,NGN,NGN/MT,WFP Nigeria,retail,National,,,0.9,True,WFP VAM retail data,WFP,historical,False,,,401.0,219.7090909090909,164.0090909090909,12.6,13.5,1,0,0,0,0,0,0,0,0,1,0,0,1,0,0,0,0,0,0,1,0.4999999999999999,0.8660254037844387,0.2393156642875577,0.970941817426052,1,696.59,283357.143,287380.952,295428.571,299992.381,345970.833,428000.0,291000.0,285369.0475,5194.715856359323,291254.52375,7216.793195425047,298188.83924999996,14011.2054698287,297719.5055,35834.46616441936,291404.762,279333.333,331025.0,279333.333,-1.4200489027375585,-5.448097976955657,-19.261016722759404,-4.0091639175257825,-4.148,-0.01988338306874171,-0.586,12.540164669548657,1.449,0,0,0.0,248075.78,261,2021,1
Fish (dried),2021-01-18,288266.667,NGN,NGN/MT,WFP Nigeria,retail,National,,,0.9,True,WFP VAM retail data,WFP,historical,False,,,401.0,219.7090909090909,164.0090909090909,12.6,13.5,1,0,0,0,0,0,0,0,0,1,0,0,1,0,0,0,0,0,0,1,0.4999999999999999,0.8660254037844387,0.3546048870425356,0.9350162426854148,1,718.87,279333.333,283357.143,291404.762,298851.429,331025.0,384982.143,300500.0,284584.52375,4101.205419099269,289931.4285,6565.977225007364,294625.6448333333,9664.049884365775,293999.67949999997,31123.97637979206,288266.667,279333.333,316079.167,279333.333,3.1980909346039477,-1.076885284393525,-12.916949777207154,-4.070992678868546,-3.202,4.618139837341506,-0.465,12.571644726799517,1.449,0,0,0.0,256009.47,262,2021,1
Fish (dried),2021-01-25,297200.0,NGN,NGN/MT,WFP Nigeria,retail,National,,,0.9,True,WFP VAM retail data,WFP,historical,False,,,401.0,219.7090909090909,164.0090909090909,12.6,13.5,1,0,0,0,0,0,0,0,0,1,0,0,1,0,0,0,0,0,0,1,0.4999999999999999,0.8660254037844387,0.4647231720437685,0.8854560256532099,1,741.15,288266.667,279333.333,287380.952,297710.476,316079.167,341964.286,310000.0,287039.28575,7696.026286755279,289867.619,6481.516322372217,293052.38091666665,7032.41999465387,292277.9761923077,29563.56906571094,297200.0,279333.333,301133.333,279333.333,3.098982304464637,3.4167358454571417,-5.972923549244868,-4.129032258064513,-1.792,-0.0991086301393107,-0.344,12.60216395655763,1.449,0,0,0.0,263943.16,263,2021,1
Fish (dried),2021-02-01,306133.333,NGN,NGN/MT,WFP Nigeria,retail,National,,,0.9,True,WFP VAM retail data,WFP,historical,False,,,401.0,219.7090909090909,164.0090909090909,17.3,20.1,1,0,0,0,0,0,0,0,1,1,0,0,1,0,0,0,0,0,0,0,0.8660254037844386,0.5000000000000001,0.5680647467311558,0.8229838658936564,1,763.42,297200.0,288266.667,283357.143,296569.524,301133.333,298946.429,319500.0,292733.33325,11532.883699001846,291063.095125,8470.916570726335,293469.0475833333,7673.629153816214,292554.3955769231,29661.848524605208,306133.333,279333.333,306133.333,279333.333,3.0058320995962173,8.037979829575015,1.660394068696469,-4.183620344287952,0.061,-0.09315020486841963,-0.223,12.63177928133567,1.449,0,0,0.0,260983.23,264,2021,1
Fish (dried),2021-02-08,315066.667,NGN,NGN/MT,WFP Nigeria,retail,National,,,0.9,True,WFP VAM retail data,WFP,historical,False,,,401.0,219.7090909090909,164.0090909090909,17.3,20.1,1,0,0,0,0,0,0,0,1,1,0,0,1,0,0,0,0,0,0,0,0.8660254037844386,0.5000000000000001,0.6631226582407952,0.7485107481711011,1,785.7,306133.333,297200.0,279333.333,295428.571,299992.381,255928.571,329000.0,301666.66675,11532.883699001703,293517.857125,12019.045743957218,294725.23808333336,9782.626246324127,294828.9377307692,29001.014253885794,315066.667,288266.667,315066.667,279333.333,2.918118687846394,12.792363022425256,5.024889615446604,-4.235055623100303,2.319,-0.0877134117498235,-0.103,12.66054271061116,1.449,0,0,0.0,268599.03,265,2021,1
Fish (dried),2021-02-15,324000.0,NGN,NGN/MT,WFP Nigeria,retail,National,,,0.9,True,WFP VAM retail data,WFP,historical,False,,,401.0,228.93846153846152,164.82,17.3,20.1,1,0,0,0,0,0,0,0,1,1,0,0,1,0,0,0,0,0,0,0,0.8660254037844386,0.5000000000000001,0.7485107481711011,0.6631226582407953,1,807.98,315066.667,306133.333,288266.667,291404.762,298851.429,254542.857,380062.5,310600.0,11532.883828100987,297592.261875,16049.440999955421,296820.9523333334,12933.323956539743,297500.36630769225,28332.951466756764,324000.0,297200.0,324000.0,279333.333,2.8353786470213915,12.395929564759566,8.415074702553959,-14.7508633448446,4.403,-0.0827400408250023,0.028,12.688501881189456,1.495,0,0,0.0,276214.83,266,2021,1
Fish (dried),2021-02-22,330125.0,NGN,NGN/MT,WFP Nigeria,retail,National,,,0.9,True,WFP VAM retail data,WFP,historical,False,,,401.0,228.93846153846152,164.82,17.3,20.1,1,0,0,0,0,0,0,0,1,1,0,0,1,0,0,0,0,0,0,0,0.8660254037844386,0.5000000000000001,0.8229838658936564,0.5680647467311559,1,823.25,324000.0,315066.667,297200.0,287380.952,297710.476,253157.143,431125.0,318831.25,10482.905877783567,302935.267875,19006.834825156857,299522.16266666667,16126.740767670215,300460.6685,27523.880994414256,330125.0,306133.333,330125.0,279333.333,1.8904320987654266,11.078398384925968,10.887935297244965,-23.42708031313424,6.114,-0.9449465482559649,0.137,12.707229678750469,1.495,0,0,0.0,281436.49,267,2021,1
Fish (dried),2021-03-01,336250.0,NGN,NGN/MT,WFP Nigeria,retail,National,,,0.9,True,WFP VAM retail data,WFP,historical,False,,,401.0,228.93846153846152,164.82,18.2,22.9,1,0,0,1,0,0,0,0,1,1,0,0,0,0,0,0,0,0,0,0,1.0,6.123233995736766e-17,0.8854560256532099,0.4647231720437686,0,838.53,330125.0,324000.0,306133.333,283357.143,296569.524,251771.429,482187.5,326360.41675,9038.73690574416,309546.875,20373.932936938643,302828.869,19234.89661208361,303709.8443076923,26514.0333422389,336250.0,315066.667,336250.0,279333.333,1.8553578190079412,9.837761443638682,13.379822533619468,-30.265716137394683,7.458,-0.03507427975748545,0.27,12.72561318387146,1.495,0,0,0.0,284475.47,268,2021,1
Fish (dried),2021-03-08,342375.0,NGN,NGN/MT,WFP Nigeria,retail,National,,,0.9,True,WFP VAM retail data,WFP,historical,False,,,401.0,228.93846153846152,164.82,18.2,22.9,1,0,0,1,0,0,0,0,1,1,0,0,0,0,0,0,0,0,0,0,1.0,6.123233995736766e-17,0.9350162426854148,0.3546048870425355,0,853.8,336250.0,330125.0,315066.667,279333.333,295428.571,250385.714,533250.0,333187.5,7907.34099849851,317427.08337500005,19174.857800905174,306741.0714166667,22146.745827128285,307247.89376923075,25219.7683174711,342375.0,324000.0,342375.0,279333.333,1.8215613382899676,8.667477667512191,15.890957614928848,-35.79465541490858,8.443,-0.03379648071797359,0.452,12.743664827335119,1.495,0,0,0.0,289657.36,269,2021,1
Fish (dried),2021-03-15,348500.0,NGN,NGN/MT,WFP Nigeria,retail,National,,,0.9,True,WFP VAM retail data,WFP,historical,False,,,401.0,238.7888888888889,174.31230769230768,18.2,22.9,1,0,0,1,0,0,0,0,1,1,0,0,0,0,0,0,0,0,0,0,1.0,6.123233995736766e-17,0.970941817426052,0.239315664287558,0,869.08,342375.0,336250.0,324000.0,288266.667,291404.762,249000.0,503000.0,339312.5,7907.340998498277,324956.25,17870.229296151392,311499.0079166667,24554.599774775485,311074.8168461538,23519.40317562691,348500.0,330125.0,348500.0,279333.333,1.7889740781307006,7.561728395061729,19.59310397267977,-30.715705765407552,9.077,-0.03258726015926694,0.652,12.761396378619057,1.565,0,0,0.0,294839.26,270,2021,1
Fish (dried),2021-03-22,380791.667,NGN,NGN/MT,WFP Nigeria,retail,National,,,0.9,True,WFP VAM retail data,WFP,historical,False,,,401.0,238.7888888888889,174.31230769230768,18.2,22.9,1,0,0,1,0,0,0,0,1,1,0,0,0,0,0,0,0,0,0,0,1.0,6.123233995736766e-17,0.992708874098054,0.120536680255323,0,949.61,348500.0,342375.0,330125.0,297200.0,287380.952,276979.167,472750.0,351979.16675000003,19848.68994452145,335405.208375,23019.10446998513,319283.2341666667,30338.804903949072,315067.6053076923,26162.937639509146,380791.667,336250.0,380791.667,279333.333,9.26590157819225,15.347721923513834,32.5041427937089,-19.45178910629296,11.715,7.4769275000615485,1.32,12.8500103248862,1.565,0,0,0.0,322158.77,271,2021,1
Fish (dried),2021-03-29,413083.333,NGN,NGN/MT,WFP Nigeria,retail,National,,,0.9,True,WFP VAM retail data,WFP,historical,False,,,401.0,238.7888888888889,174.31230769230768,18.2,22.9,1,0,0,1,0,0,0,0,1,1,0,0,0,0,0,0,0,0,0,0,1.0,6.123233995736766e-17,1.0,-1.6081226496766364e-16,0,1030.13,380791.667,348500.0,336250.0,306133.333,283357.143,304958.333,442500.0,371187.5,32620.973105387868,348773.95837500005,32637.434114368032,330093.75,38411.93161770193,319226.2591538461,32352.87541444642,413083.333,342375.0,413083.333,279333.333,8.480139876590309,22.85006185873606,45.78186687885966,-6.647834350282489,16.277,-0.78576170160194,1.967,12.931407047223887,1.565,0,0,0.0,349478.29,272,2021,1
Fish (dried),2021-04-05,445375.0,NGN,NGN/MT,WFP Nigeria,retail,National,,,0.9,True,WFP VAM retail data,WFP,historical,False,,,401.0,238.7888888888889,174.31230769230768,18.2,22.9,0,1,1,1,0,0,0,0,1,0,0,0,0,0,0,0,0,0,0,0,0.8660254037844387,-0.4999999999999998,0.992708874098054,-0.1205366802553228,0,1110.66,413083.333,380791.667,342375.0,315066.667,279333.333,332937.5,412250.0,396937.5,41688.36232102539,365062.5,43963.39676209357,343930.55558333336,47334.306028474486,323550.7783846154,40697.411342780295,445375.0,348500.0,445375.0,288266.667,7.817228249196884,30.083972252646962,59.442124295277,8.035172832019398,22.682,-0.6629116273934255,2.493,13.006674148204523,1.565,0,0,0.5,376797.8,273,2021,2
Fish (dried),2021-04-12,477666.667,NGN,NGN/MT,WFP Nigeria,retail,National,,,0.9,True,WFP VAM retail data,WFP,historical,False,,,401.0,255.78384615384616,168.0411111111111,18.2,22.9,0,1,1,1,0,0,0,0,1,0,0,0,0,0,0,0,0,0,0,0,0.8660254037844387,-0.4999999999999998,0.970941817426052,-0.2393156642875575,0,1191.19,445375.0,413083.333,348500.0,324000.0,288266.667,360916.667,382000.0,429229.16675000003,41688.36245012459,384270.833375,55512.354783393435,359713.8889166666,57558.99540350666,328041.163,50294.424079785524,477666.667,380791.667,477666.667,297200.0,7.250444456918337,37.06360602582497,65.70305265297982,25.043630104712044,30.846,-0.5667837922785468,2.843,13.076670512347961,1.631,0,0,0.5,404117.32,274,2021,2
Fish (dried),2021-04-19,435020.833,NGN,NGN/MT,WFP Nigeria,retail,National,,,0.9,True,WFP VAM retail data,WFP,historical,False,,,401.0,255.78384615384616,168.0411111111111,18.2,22.9,0,1,1,1,0,0,0,0,1,0,0,0,0,0,0,0,0,1,0,0,0.8660254037844387,-0.4999999999999998,0.9350162426854148,-0.3546048870425354,0,1084.84,477666.667,445375.0,380791.667,330125.0,297200.0,345970.833,330775.0,442786.45824999997,26869.500032410328,397382.8125,53237.67456637938,371198.9583333333,57701.17783269793,331466.163,54426.614010034755,477666.667,413083.333,477666.667,306133.333,-8.927948493420834,14.2411640536241,46.373093203230155,31.515632378505032,33.584,-16.17839295033917,2.0,12.983151499615902,1.631,0,0,0.5,368037.93,275,2021,2
Fish (dried),2021-04-26,392375.0,NGN,NGN/MT,WFP Nigeria,retail,National,,,0.9,True,WFP VAM retail data,WFP,historical,False,,,401.0,255.78384615384616,168.0411111111111,18.2,22.9,0,1,1,1,0,0,0,0,1,0,0,0,0,0,0,0,0,1,0,0,0.8660254037844387,-0.4999999999999998,0.8854560256532099,-0.4647231720437685,0,978.49,435020.833,477666.667,413083.333,336250.0,306133.333,331025.0,279550.0,437609.375,35202.93929650234,404398.4375,47409.84741199411,378385.7639166667,54120.04518813708,333825.7783846154,55721.21219463433,477666.667,392375.0,477666.667,315066.667,-9.803170277134743,-5.013112693171761,28.171276271963496,40.35950634949026,31.089,-0.8752217837139096,1.252,12.879975842723358,1.631,0,0,0.5,331958.54,276,2021,2
Fish (dried),2021-05-03,349729.167,NGN,NGN/MT,WFP Nigeria,retail,National,,,0.9,True,WFP VAM retail data,WFP,historical,False,,,401.0,255.78384615384616,168.0411111111111,18.2,22.9,0,1,1,1,0,0,0,0,1,0,1,0,0,0,0,0,0,1,0,0,0.4999999999999999,-0.8660254037844387,0.8229838658936565,-0.5680647467311557,0,872.14,392375.0,435020.833,445375.0,342375.0,315066.667,316079.167,228325.0,413697.91675000003,55055.53405201092,405317.708375,46088.296139898244,381274.3055833333,51284.00480728259,335120.0091538461,55683.30518186485,477666.667,349729.167,477666.667,324000.0,-10.868641733036,-21.475348414257645,11.001639852939448,53.171648746304626,23.448,-1.0654714559012568,0.535,12.764917184701142,1.631,0,0,0.5,295879.16,277,2021,2
Fish (dried),2021-05-10,307083.333,NGN,NGN/MT,WFP Nigeria,retail,National,,,0.9,True,WFP VAM retail data,WFP,historical,False,,,401.0,260.6045454545455,168.54999999999998,18.2,22.9,0,1,1,1,0,0,0,0,1,0,1,0,0,0,0,0,0,1,0,0,0.4999999999999999,-0.8660254037844387,0.7485107481711013,-0.663122658240795,0,765.79,349729.167,392375.0,477666.667,348500.0,324000.0,301133.333,177100.0,371052.08324999997,55055.534052011186,400140.625,54871.590710506,379864.5833333333,53198.297282004125,335348.8553076923,55550.107585340025,435020.833,307083.333,477666.667,307083.333,-12.193959790605636,-35.711793554981305,-5.221193518518518,73.395444946358,10.647,-1.3253180575696355,-0.217,12.63487768917184,1.655,0,0,0.5,259799.77,278,2021,2
Fish (dried),2021-05-17,314106.667,NGN,NGN/MT,WFP Nigeria,retail,National,,,0.9,True,WFP VAM retail data,WFP,historical,False,,,401.0,260.6045454545455,168.54999999999998,18.2,22.9,0,1,1,1,0,0,0,0,1,0,1,0,0,0,0,0,0,0,0,0,0.4999999999999999,-0.8660254037844387,0.6631226582407952,-0.7485107481711012,0,783.31,307083.333,349729.167,435020.833,380791.667,330125.0,299992.381,202394.286,340823.54175000003,39111.192309854676,391805.0,62732.81081589955,378529.72224999993,54738.504257420325,335891.7124615385,55258.97196512933,392375.0,307083.333,477666.667,307083.333,2.287110124599323,-27.79502884175664,-4.852202347595602,55.19542236483892,1.468,14.481069915204959,-0.139,12.657491094652583,1.655,0,0,0.5,265741.68,279,2021,2
Fish (dried),2021-05-24,321130.0,NGN,NGN/MT,WFP Nigeria,retail,National,,,0.9,True,WFP VAM retail data,WFP,historical,False,,,401.0,260.6045454545455,168.54999999999998,18.2,22.9,0,1,1,1,0,0,0,0,1,0,1,0,0,0,0,0,0,0,0,0,0.4999999999999999,-0.8660254037844387,0.5680647467311558,-0.8229838658936564,0,800.82,314106.667,307083.333,392375.0,413083.333,336250.0,298851.429,227688.571,323012.29175000003,18711.639197772463,380310.833375,66583.03098769582,377269.72224999993,55960.57405366736,336748.5805769231,54832.72210088188,349729.167,307083.333,477666.667,307083.333,2.2359706869895746,-18.157374960178394,-4.496654275092937,41.03913893859872,-4.079,-0.051139437609748484,-0.045,12.679604418550598,1.655,0,0,0.5,271683.59,280,2021,2
Fish (dried),2021-05-31,328153.333,NGN,NGN/MT,WFP Nigeria,retail,National,,,0.9,True,WFP VAM retail data,WFP,historical,False,,,401.0,260.6045454545455,168.54999999999998,18.2,22.9,0,1,1,1,0,0,0,0,1,0,1,0,0,0,0,0,0,0,0,0,0.4999999999999999,-0.8660254037844387,0.464723172043769,-0.8854560256532096,0,818.34,321130.0,314106.667,349729.167,445375.0,342375.0,297710.476,252982.857,317618.33324999997,9067.084301915089,365658.125,63022.155144655706,376084.5833333333,56909.31201450505,337919.45969230775,54288.10001880317,328153.333,307083.333,477666.667,307083.333,2.18706847694079,-6.169297855560341,-4.153827528295007,29.713663957870473,-6.008,-0.04890221004878459,0.06,12.701239304141982,1.655,0,0,0.5,277625.49,281,2021,2
Fish (dried),2021-06-07,335176.667,NGN,NGN/MT,WFP Nigeria,retail,National,,,0.9,True,WFP VAM retail data,WFP,historical,False,,,401.0,260.6045454545455,168.54999999999998,18.2,22.9,0,1,1,0,0,0,0,1,0,0,1,0,0,0,0,0,0,0,1,0,1.2246467991473532e-16,-1.0,0.3546048870425358,-0.9350162426854148,0,835.85,328153.333,321130.0,307083.333,477666.667,348500.0,296569.524,278277.143,324641.66675000003,9067.084301914818,347846.875,44155.28614508372,374974.3055833333,57621.9051738319,339404.34980769234,53635.929545878294,335176.667,314106.667,477666.667,307083.333,2.1402598400547257,9.148439847108225,-3.8230510760401626,20.447070638496534,-4.35,-0.04680863688606429,0.174,12.722416019475473,1.655,0,0,0.5,283567.4,282,2021,2
Fish (dried),2021-06-14,342200.0,NGN,NGN/MT,WFP Nigeria,retail,National,,,0.9,True,WFP VAM retail data,WFP,historical,False,,,401.0,254.2758333333333,167.08272727272728,18.2,22.9,0,1,1,0,0,0,0,1,0,0,1,0,0,0,0,0,0,0,1,0,1.2246467991473532e-16,-1.0,0.2393156642875576,-0.970941817426052,0,853.37,335176.667,328153.333,314106.667,435020.833,380791.667,295428.571,303571.429,331665.0,9067.084431014011,336244.270875,26735.342916147016,371758.3333333333,58340.16797818184,341203.25092307694,52881.048710750416,342200.0,321130.0,477666.667,307083.333,2.0954122680622023,8.943883066321545,-10.134588107990295,12.724705723212182,-2.795,-0.04484757199252343,0.294,12.74315356270364,1.621,0,0,0.5,289509.31,283,2021,2
Fish (dried),2021-06-21,333169.231,NGN,NGN/MT,WFP Nigeria,retail,National,,,0.9,True,WFP VAM retail data,WFP,historical,False,,,401.0,254.2758333333333,167.08272727272728,18.2,22.9,0,1,1,0,0,0,0,1,0,0,1,0,0,0,0,0,0,0,1,0,1.2246467991473532e-16,-1.0,0.120536680255323,-0.992708874098054,0,830.85,342200.0,335176.667,321130.0,392375.0,413083.333,291404.762,334678.571,334674.80775,5821.705803025009,328843.54975,14263.247770188087,365098.8248333333,57752.21505145998,342809.5766538462,51933.689048491426,342200.0,328153.333,477666.667,307083.333,-2.6390324371712404,3.749020957244742,-19.345758014400438,-0.4509819662161685,-2.373,-4.734444705233443,0.122,12.71640884254643,1.621,0,0,0.5,281869.06,284,2021,2
Fish (dried),2021-06-28,324138.462,NGN,NGN/MT,WFP Nigeria,retail,National,,,0.9,True,WFP VAM retail data,WFP,historical,False,,,401.0,254.2758333333333,167.08272727272728,18.2,22.9,0,1,1,0,0,0,0,1,0,0,1,0,0,0,0,0,0,0,1,0,1.2246467991473532e-16,-1.0,-3.216245299353273e-16,-1.0,0,808.33,333169.231,342200.0,328153.333,349729.167,445375.0,287380.952,365785.714,333671.09,7441.59317469324,325644.711625,11514.897051202439,354995.77999999997,52826.586472797804,344223.3270384616,50853.520468944946,342200.0,324138.462,477666.667,307083.333,-2.710565130187559,-1.223474088559684,-27.221226606792026,-11.385696708756644,-3.066,-0.07153269301631848,-0.036,12.688929140434093,1.621,0,0,0.5,274228.82,285,2021,2
Fish (dried),2021-07-05,315107.692,NGN,NGN/MT,WFP Nigeria,retail,National,,,0.9,True,WFP VAM retail data,WFP,historical,False,,,401.0,254.2758333333333,167.08272727272728,18.2,22.9,0,1,1,0,0,0,1,1,0,0,1,0,0,0,0,0,0,0,1,0,-0.4999999999999997,-0.8660254037844388,-0.1205366802553228,-0.992708874098054,0,785.8,324138.462,333169.231,335176.667,307083.333,477666.667,283357.143,396892.857,328653.84625,11658.673034108626,326647.75649999996,9903.860666033524,341449.19875,36974.10064825808,345444.502,49701.61706462686,342200.0,315107.692,435020.833,307083.333,-2.7860840531784947,-5.987581170141542,-34.03188587994984,-20.6063585064722,-4.861,-0.07551892299093588,-0.183,12.660672912258594,1.621,0,0,0.5,266588.57,286,2021,3
Fish (dried),2021-07-12,306076.923,NGN,NGN/MT,WFP Nigeria,retail,National,,,0.9,True,WFP VAM retail data,WFP,historical,False,,,401.0,263.6,168.27,18.2,22.9,0,1,1,0,0,0,1,1,0,0,1,0,0,0,0,0,0,0,1,0,-0.4999999999999997,-0.8660254037844388,-0.2393156642875574,-0.970941817426052,0,763.28,315107.692,324138.462,342200.0,314106.667,435020.833,279333.333,428000.0,319623.077,11658.673163208372,325644.0385,11615.419917967254,330703.8729166666,23641.120059927674,346473.1016153846,48541.891036240806,333169.231,306076.923,392375.0,306076.923,-2.865930990983223,-10.556130040911748,-29.64085860228215,-28.486700233644857,-7.75,-0.0798469378047284,-0.328,12.631594998843424,1.668,0,0,0.5,258948.33,287,2021,3
Fish (dried),2021-07-19,311769.231,NGN,NGN/MT,WFP Nigeria,retail,National,,,0.9,True,WFP VAM retail data,WFP,historical,False,,,401.0,263.6,168.27,18.2,22.9,0,1,1,0,0,0,1,1,0,0,1,0,0,0,0,0,0,0,1,0,-0.4999999999999997,-0.8660254037844388,-0.3546048870425356,-0.9350162426854148,0,777.48,306076.923,315107.692,333169.231,321130.0,392375.0,288266.667,384982.143,314273.07700000005,7560.171703948626,324473.942375,12567.56937031432,323986.7255,14018.429591544767,347377.0463846154,47624.78523610155,324138.462,306076.923,349729.167,306076.923,1.8597638607338096,-6.423162167697294,-20.543044026760104,-19.017222832592516,-9.53,4.725694851717033,-0.185,12.650021756384572,1.668,0,0,0.5,263764.15,288,2021,3
Fish (dried),2021-07-26,317461.538,NGN,NGN/MT,WFP Nigeria,retail,National,,,0.9,True,WFP VAM retail data,WFP,historical,False,,,401.0,263.6,168.27,18.2,22.9,0,1,1,0,0,0,1,1,0,0,1,0,0,0,0,0,0,0,1,0,-0.4999999999999997,-0.8660254037844388,-0.464723172043768,-0.8854560256532101,0,791.67,311769.231,306076.923,324138.462,328153.333,349729.167,297200.0,341964.286,312603.846,4938.411431638454,323137.468,12688.314020898924,321297.75641666667,11500.269447830991,348156.3363076923,46931.61674831014,317461.538,306076.923,342200.0,306076.923,1.8258078200154237,-2.0598987108169875,-9.226462086875365,-7.165294448321435,-10.212,-0.03395604071838587,-0.057,12.66811509980227,1.668,0,0,0.5,268579.98,289,2021,3
Fish (dried),2021-08-02,323153.846,NGN,NGN/MT,WFP Nigeria,retail,National,,,0.9,True,WFP VAM retail data,WFP,historical,False,,,401.0,263.6,168.27,18.2,22.9,0,1,0,0,1,0,1,1,0,0,1,0,0,0,0,1,0,0,1,0,-0.8660254037844384,-0.5000000000000004,-0.5680647467311556,-0.8229838658936565,0,805.87,317461.538,311769.231,315107.692,335176.667,307083.333,306133.333,298946.429,314615.3845,7348.737512089229,321634.615375,11734.823733706478,322636.9658333333,10594.559599721946,348810.971423077,46438.116135068565,323153.846,306076.923,342200.0,306076.923,1.7930701261832827,2.553461627334719,5.233274252627718,8.097576907332794,-9.803,-0.03273769383214109,0.052,12.685886886710428,1.668,0,0,0.0,273395.81,290,2021,3
Fish (dried),2021-08-09,328846.154,NGN,NGN/MT,WFP Nigeria,retail,National,,,0.9,True,WFP VAM retail data,WFP,historical,False,,,401.0,267.7263636363636,167.119,18.2,22.9,0,1,0,0,1,0,1,1,0,0,1,0,0,0,0,1,0,0,1,0,-0.8660254037844384,-0.5000000000000004,-0.663122658240795,-0.7485107481711013,0,820.07,323153.846,317461.538,306076.923,342200.0,314106.667,315066.667,255928.571,320307.69225,7348.737641188325,319965.384625,9029.500940329348,323865.25641666667,10367.673845575333,349340.95169230766,46115.10761208838,328846.154,311769.231,342200.0,306076.923,1.7614854566824434,7.439055116219917,4.692510076521228,28.491380511009833,-8.311,-0.03158466950083927,0.144,12.703348344290344,1.685,0,0,0.0,278211.64,291,2021,3
Fish (dried),2021-08-16,332446.154,NGN,NGN/MT,WFP Nigeria,retail,National,,,0.9,True,WFP VAM retail data,WFP,historical,False,,,401.0,267.7263636363636,167.119,18.2,22.9,0,1,0,0,1,0,1,1,0,0,1,0,0,0,0,1,0,0,1,0,-0.8660254037844384,-0.5000000000000004,-0.7485107481711011,-0.6631226582407952,0,829.04,328846.154,323153.846,311769.231,333169.231,321130.0,324000.0,254542.857,325476.923,6571.782652840374,319875.0,8880.845364150757,324808.26925,10608.119394104133,349665.8037692308,45958.94052633742,332446.154,317461.538,342200.0,306076.923,1.0947368415931136,6.632124322749466,3.5238545137483257,30.605178993492643,-6.918,-0.6667486150893298,0.192,12.71423619110814,1.685,0,0,0.0,281257.32,292,2021,3
Fish (dried),2021-08-23,336046.154,NGN,NGN/MT,WFP Nigeria,retail,National,,,0.9,True,WFP VAM retail data,WFP,historical,False,,,401.0,267.7263636363636,167.119,18.2,22.9,0,1,0,0,1,0,1,1,0,0,1,0,0,0,0,1,0,0,1,0,-0.8660254037844384,-0.5000000000000004,-0.8229838658936564,-0.5680647467311559,0,838.02,332446.154,328846.154,317461.538,324138.462,328153.333,330125.0,253157.143,330123.077,5497.885683750972,321363.4615,10540.336624091158,325466.0043333333,11069.053440519301,349893.5404615384,45872.82801024931,336046.154,323153.846,342200.0,306076.923,1.0828821319436965,5.854131532620488,2.4052234752099944,32.742118202842875,-5.65,-0.011854709649417039,0.241,12.72500676838442,1.685,0,0,0.0,284303.01,293,2021,3
Fish (dried),2021-08-30,339646.154,NGN,NGN/MT,WFP Nigeria,retail,National,,,0.9,True,WFP VAM retail data,WFP,historical,False,,,401.0,267.7263636363636,167.119,18.2,22.9,0,1,0,0,1,0,1,1,0,0,1,0,0,0,0,1,0,0,1,0,-0.8660254037844384,-0.5000000000000004,-0.8854560256532096,-0.4647231720437691,0,847.0,336046.154,332446.154,323153.846,315107.692,335176.667,336250.0,251771.429,334246.154,4647.58001543543,324430.76925,11937.611937490497,325838.4615833333,11492.599860408725,350024.1617692308,45837.24593137669,339646.154,328846.154,342200.0,306076.923,1.071281416897274,5.103546872222586,1.3334719985147236,34.90258022883128,-4.508,-0.011600715046422572,0.292,12.735662575370446,1.685,0,0,0.0,287348.69,294,2021,3
Fish (dried),2021-09-06,343246.154,NGN,NGN/MT,WFP Nigeria,retail,National,,,0.9,True,WFP VAM retail data,WFP,historical,False,,,401.0,267.7263636363636,167.119,18.2,22.9,0,1,0,0,1,1,0,0,0,0,0,0,0,0,0,1,0,0,0,0,-1.0,-1.8369701987210287e-16,-0.9350162426854148,-0.3546048870425359,0,855.98,339646.154,336046.154,328846.154,306076.923,342200.0,342375.0,250385.714,337846.154,4647.580015435123,329076.923125,10967.530753945772,325925.64108333335,11631.12978095931,350057.6676923077,45831.748990876054,343246.154,332446.154,343246.154,306076.923,1.0599266199846413,4.378947366372432,0.30571420222091916,37.08695616715576,-3.488,-0.011354796912632636,0.343,12.746206032262997,1.685,0,0,0.5,290394.38,295,2021,3
Fish (dried),2021-09-13,346846.154,NGN,NGN/MT,WFP Nigeria,retail,National,,,0.9,True,WFP VAM retail data,WFP,historical,False,,,401.0,279.04357142857145,166.08692307692309,18.2,22.9,0,1,0,0,1,1,0,0,0,0,0,0,0,0,0,1,0,0,0,0,-1.0,-1.8369701987210287e-16,-0.970941817426052,-0.2393156642875577,0,864.95,343246.154,339646.154,332446.154,311769.231,333169.231,348500.0,249000.0,341446.154,4647.580015434814,333461.5385,10031.362670380655,327065.3846666667,12995.54140459259,349994.0582307692,45835.144891390664,346846.154,336046.154,346846.154,306076.923,1.0488100035638048,4.331528527774764,4.105097868416285,39.295644176706816,-2.442,-0.0111166164208365,0.397,12.756639483503728,1.737,0,0,0.5,293440.06,296,2021,3
Fish (dried),2021-09-20,331348.901,NGN,NGN/MT,WFP Nigeria,retail,National,,,0.9,True,WFP VAM retail data,WFP,historical,False,,,401.0,279.04357142857145,166.08692307692309,18.2,22.9,0,1,0,0,1,1,0,0,0,0,0,0,0,0,0,1,0,0,0,0,-1.0,-1.8369701987210287e-16,-0.992708874098054,-0.1205366802553235,0,826.31,346846.154,343246.154,336046.154,317461.538,324138.462,380791.667,276979.167,340271.84075,6635.220963643354,335197.458875,7826.270083987359,327666.2545833333,13014.586782751627,348092.4133846154,45530.92983082308,346846.154,331348.901,346846.154,306076.923,-4.468048101810574,-1.3977999581569311,2.2244934943882244,19.629539141476293,-2.247,-5.516858105374379,-0.006,12.7109301987386,1.737,0,0,0.5,280329.02,297,2021,3
Fish (dried),2021-09-27,315851.648,NGN,NGN/MT,WFP Nigeria,retail,National,,,0.9,True,WFP VAM retail data,WFP,historical,False,,,401.0,279.04357142857145,166.08692307692309,18.2,22.9,0,1,0,0,1,1,0,0,0,0,0,0,0,0,0,1,0,0,0,0,-1.0,-1.8369701987210287e-16,-1.0,-1.8369701987210287e-16,0,787.66,331348.901,346846.154,339646.154,323153.846,315107.692,413083.333,304958.333,334323.21424999996,13981.990473476357,334284.68412499997,9645.872909970518,327728.25091666664,12950.940549904572,344352.73319230764,43944.81593779023,346846.154,315851.648,346846.154,306076.923,-4.6770195866743025,-7.005675088551122,0.23609579165715378,3.5720666796798195,-2.913,-0.20897148486372874,-0.396,12.663031080018156,1.737,0,0,0.5,267217.98,298,2021,3
Fish (dried),2021-10-04,300354.396,NGN,NGN/MT,WFP Nigeria,retail,National,,,0.9,True,WFP VAM retail data,WFP,historical,False,,,401.0,279.04357142857145,166.08692307692309,18.2,22.9,0,1,0,0,0,1,0,0,0,1,0,1,0,1,1,1,1,0,0,0,-0.8660254037844386,0.5000000000000001,-0.992708874098054,0.1205366802553232,0,749.01,315851.648,331348.901,343246.154,328846.154,306076.923,445375.0,332937.5,323600.27475,20006.86720635309,330723.214375,15452.759150071486,327251.3736666666,13891.836915985345,338775.0176538461,39598.051873066695,346846.154,300354.396,346846.154,300354.396,-4.906497116013142,-12.49591801689932,-1.8696368690298115,-9.786552731368502,-4.479,-0.22947752933883958,-0.761,12.612721705823601,1.737,0,0,0.5,254106.93,299,2021,4
Fish (dried),2021-10-11,284857.143,NGN,NGN/MT,WFP Nigeria,retail,National,,,0.9,True,WFP VAM retail data,WFP,historical,False,,,401.0,277.7688888888889,165.30888888888887,18.2,22.9,0,1,0,0,0,1,0,0,0,1,0,1,0,1,1,1,1,0,0,0,-0.8660254037844386,0.5000000000000001,-0.970941817426052,0.2393156642875573,0,710.37,300354.396,315851.648,346846.154,332446.154,311769.231,477666.667,360916.667,308103.022,20006.867077254014,324774.588,22326.00371725866,325008.6996666667,18140.946838394193,331359.26673076925,29248.29044376017,331348.901,284857.143,346846.154,284857.143,-5.1596557954157625,-17.87219211893005,-8.632053879620994,-21.073984926276633,-7.018,-0.2531586794026204,-1.1,12.559746591475543,1.729,0,0,0.5,240995.89,300,2021,4
Fish (dried),2021-10-18,296522.078,NGN,NGN/MT,WFP Nigeria,retail,National,,,0.9,True,WFP VAM retail data,WFP,historical,False,,,401.0,277.7688888888889,165.30888888888887,18.2,22.9,0,1,0,0,0,1,0,0,0,1,0,1,0,1,1,1,1,0,0,0,-0.8660254037844386,0.5000000000000001,-0.9350162426854148,0.3546048870425355,0,739.46,284857.143,300354.396,331348.901,336046.154,317461.538,435020.833,345970.833,299396.31625,12797.71677710414,319834.0785,23799.88037824805,323263.74466666667,19858.64369501374,326032.39153846155,21087.15833123264,315851.648,284857.143,346846.154,284857.143,4.095012284806909,-10.510619740972082,-6.595904540725817,-14.292752533853047,-8.17,9.254668080222672,-0.787,12.599880329129569,1.729,0,0,0.5,250864.7,301,2021,4
Fish (dried),2021-10-25,308187.013,NGN,NGN/MT,WFP Nigeria,retail,National,,,0.9,True,WFP VAM retail data,WFP,historical,False,,,401.0,277.7688888888889,165.30888888888887,18.2,22.9,0,1,0,0,0,1,0,0,0,1,0,1,0,1,1,1,1,0,0,0,-0.8660254037844386,0.5000000000000001,-0.8854560256532101,0.464723172043768,0,768.55,296522.078,284857.143,315851.648,339646.154,323153.846,392375.0,331025.0,297480.1575,9715.218526415494,315901.68587499997,22628.888765150306,322016.50858333334,20330.56724451569,322794.3920384615,16445.32923361498,308187.013,284857.143,346846.154,284857.143,3.9339178649624884,-2.4266566435645176,-4.631488433530828,-6.8991728721395695,-7.842,-0.16109441984442086,-0.49,12.638465307536178,1.729,0,0,0.5,260733.51,302,2021,4
Fish (dried),2021-11-01,319851.948,NGN,NGN/MT,WFP Nigeria,retail,National,,,0.9,True,WFP VAM retail data,WFP,historical,False,,,401.0,277.7688888888889,165.30888888888887,15.4,18.1,1,0,0,0,0,1,0,0,0,1,0,1,1,1,1,0,1,0,0,0,-0.5000000000000004,0.8660254037844384,-0.822983865893657,0.5680647467311548,1,797.64,308187.013,296522.078,300354.396,343246.154,328846.154,349729.167,316079.167,302354.5455,15059.36632986082,312977.410125,19942.559556814384,321266.99141666666,20221.39183125702,321645.2682307692,15504.921271751093,319851.948,284857.143,346846.154,284857.143,3.785018351827829,6.491515442976881,-2.7350801858549323,1.1936190024190774,-5.998,-0.14889951313465932,-0.208,12.675616631656194,1.729,0,0,0.5,277168.07,303,2021,4
Fish (dried),2021-11-08,331516.883,NGN,NGN/MT,WFP Nigeria,retail,National,,,0.9,True,WFP VAM retail data,WFP,historical,False,,,401.0,277.7688888888889,165.30888888888887,15.4,18.1,1,0,0,0,0,1,0,0,0,1,0,1,1,1,1,0,1,0,0,0,-0.5000000000000004,0.8660254037844384,-0.7485107481711011,0.6631226582407952,1,826.73,319851.948,308187.013,284857.143,346846.154,332446.154,307083.333,301133.333,314019.4805,15059.366329860422,311061.25125,16695.53702502655,321189.55216666666,20176.41783433348,322585.0201538462,15326.450255642216,331516.883,296522.078,346846.154,284857.143,3.646979508156689,16.38004913922766,-0.27952526712040626,10.089733241188537,-2.655,-0.13803884367113994,0.062,12.711437032854395,1.729,0,0,0.5,287276.33,304,2021,4
Fish (dried),2021-11-15,343181.818,NGN,NGN/MT,WFP Nigeria,retail,National,,,0.9,True,WFP VAM retail data,WFP,historical,False,,,401.0,311.60714285714283,170.8409090909091,15.4,18.1,1,0,0,0,0,1,0,0,0,1,0,1,1,1,1,0,1,0,0,0,-0.5000000000000004,0.8660254037844384,-0.6631226582407955,0.7485107481711007,1,855.82,331516.883,319851.948,296522.078,331348.901,336046.154,314106.667,299992.381,325684.4155,15059.366329860051,312540.365875,19100.585373414346,321784.19083333336,20751.04422258567,323703.29519230773,15738.27630927618,343181.818,308187.013,346846.154,284857.143,3.518654885519079,15.735671459849975,2.1234178445619145,14.39684463186417,0.612,-0.12832462263761002,0.329,12.746018581240131,1.904,0,0,0.5,297384.59,305,2021,4
Fish (dried),2021-11-22,341818.182,NGN,NGN/MT,WFP Nigeria,retail,National,,,0.9,True,WFP VAM retail data,WFP,historical,False,,,401.0,311.60714285714283,170.8409090909091,15.4,18.1,1,0,0,0,0,1,0,0,0,1,0,1,1,1,1,0,1,0,0,0,-0.5000000000000004,0.8660254037844384,-0.5680647467311559,0.8229838658936564,1,852.41,343181.818,331516.883,308187.013,315851.648,339646.154,321130.0,298851.429,334092.20775,10827.880493177749,315786.182625,21764.223093320932,321965.19316666666,20929.713830661945,324498.9945,16121.289320016618,343181.818,319851.948,346846.154,284857.143,-0.3973508876277565,10.912584755802147,0.6394973045977803,14.377295482164133,2.956,-3.9160057731468356,0.276,12.742037168627256,1.904,0,0,0.5,296202.93,306,2021,4
Fish (dried),2021-11-29,340454.545,NGN,NGN/MT,WFP Nigeria,retail,National,,,0.9,True,WFP VAM retail data,WFP,historical,False,,,401.0,311.60714285714283,170.8409090909091,15.4,18.1,1,0,0,0,0,1,0,0,0,1,0,1,1,1,1,0,1,0,0,0,-0.5000000000000004,0.8660254037844384,-0.4647231720437684,0.88545602565321,1,849.01,341818.182,343181.818,319851.948,300354.396,343246.154,328153.333,297710.476,339242.85699999996,5269.616515862969,320798.70125,22313.209310335373,321732.5590833333,20685.764857623057,324972.11803846154,16410.733856142713,343181.818,331516.883,346846.154,284857.143,-0.39893635617077594,6.441291706624219,-0.8132965125663083,14.357596539531903,4.391,-0.0015854685430194415,0.224,12.73803983804533,1.904,0,0,0.5,295021.27,307,2021,4
Fish (dried),2021-12-06,339090.909,NGN,NGN/MT,WFP Nigeria,retail,National,,,0.9,True,WFP VAM retail data,WFP,historical,False,,,401.0,311.60714285714283,170.8409090909091,15.4,18.1,1,0,0,0,0,0,0,0,0,1,0,1,1,1,1,0,0,0,0,1,-2.4492935982947064e-16,1.0,-0.3546048870425359,0.9350162426854148,1,845.61,340454.545,341818.182,331516.883,284857.143,346846.154,335176.667,296569.524,341136.3635,1760.447022455788,327577.92199999996,17567.428266136456,321086.28866666666,19937.441301064046,325122.66580769233,16525.644073057574,343181.818,339090.909,343181.818,284857.143,-0.4005339391195406,2.284657701731585,-2.2359322456261155,14.33774597824151,4.925,-0.0015975829487646642,0.171,12.734026467610846,1.904,0,0,0.0,293839.61,308,2021,4
Fish (dried),2021-12-13,337727.273,NGN,NGN/MT,WFP Nigeria,retail,National,,,0.9,True,WFP VAM retail data,WFP,historical,False,,,401.0,328.8,170.82500000000002,15.4,18.1,1,0,0,0,0,0,0,0,0,1,0,1,1,1,1,0,0,0,0,1,-2.4492935982947064e-16,1.0,-0.2393156642875578,0.970941817426052,1,842.21,339090.909,340454.545,343181.818,296522.078,331348.901,342200.0,295428.571,339772.72725,1760.4468933567298,332728.571375,12459.145341568244,321617.8196666667,20317.319229030247,324950.6378461538,16363.244355546189,341818.182,337727.273,343181.818,284857.143,-0.4021446649871696,-1.589403841901682,1.9249715272180667,14.317742477250107,4.561,-0.0016107258676290037,0.117,12.729996925107821,1.986,0,0,0.0,292657.95,309,2021,4
Fish (dried),2021-12-20,342232.955,NGN,NGN/MT,WFP Nigeria,retail,National,,,0.9,True,WFP VAM retail data,WFP,historical,False,,,401.0,328.8,170.82500000000002,15.4,18.1,1,0,0,0,0,0,0,0,0,1,0,1,1,1,1,0,0,0,0,1,-2.4492935982947064e-16,1.0,-0.1205366802553236,0.992708874098054,1,853.45,337727.273,339090.909,341818.182,308187.013,315851.648,333169.231,291404.762,339876.4205,1925.5601851736756,336984.31412500003,7835.510451786743,323816.2619166667,21050.7295412355,325299.24261538463,16639.55251964084,342232.955,337727.273,343181.818,284857.143,1.3341184915202309,0.1213431648290797,8.352436077838687,17.44247165048045,4.481,1.7362631565074005,0.209,12.74324986111676,1.986,0,0,0.0,296562.35,310,2021,4
Fish (dried),2021-12-27,346738.636,NGN,NGN/MT,WFP Nigeria,retail,National,,,0.9,True,WFP VAM retail data,WFP,historical,False,,,401.0,328.8,170.82500000000002,15.4,18.1,1,0,0,0,0,0,0,0,0,1,0,1,1,1,1,0,0,0,0,1,-2.4492935982947064e-16,1.0,6.432490598706546e-16,1.0,1,864.68,342232.955,337727.273,340454.545,319851.948,300354.396,324138.462,287380.952,341447.44325,4000.2778981400593,340345.150125,4488.614891816567,327681.61525,20604.83165100135,326168.48007692304,17158.69803980746,346738.636,337727.273,346738.636,284857.143,1.3165538076249872,1.8457944216899946,15.44317000773978,20.654703656211716,4.684,-0.017564683895243682,0.299,12.756329448761395,1.986,0,0,0.0,300466.76,311,2021,4
Fish (dried),2022-01-03,351244.318,NGN,NGN/MT,WFP Nigeria,retail,National,,,0.9,True,WFP VAM retail data,WFP,historical,False,,,425.98,328.8,170.82500000000002,15.4,18.1,1,0,0,0,0,0,0,0,0,1,0,0,1,0,0,0,0,0,0,1,0.4999999999999999,0.8660254037844387,0.120536680255323,0.992708874098054,1,824.56,346738.636,342232.955,339090.909,331516.883,284857.143,315107.692,283357.143,344485.7955,5816.809933359217,342811.0795,4362.842192987854,333213.8798333333,16580.777702401334,327558.35030769225,17682.48212720862,351244.318,337727.273,351244.318,296522.078,1.2994461915112332,3.584115255652587,23.305427520910026,23.95816610841537,5.168,-0.017107616113754,0.388,12.769240170003886,1.986,0,0,0.0,304371.16,312,2022,1
Fish (dried),2022-01-10,355750.0,NGN,NGN/MT,WFP Nigeria,retail,National,,,0.9,True,WFP VAM retail data,WFP,historical,False,,,425.98,369.25,214.0,15.4,18.1,1,0,0,0,0,0,0,0,0,1,0,0,1,0,0,0,0,0,0,1,0.4999999999999999,0.8660254037844387,0.2393156642875577,0.970941817426052,1,835.13,351244.318,346738.636,337727.273,343181.818,296522.078,306076.923,279333.333,348991.47725,5816.810062458299,344382.10225,6333.291412710459,338149.54,13119.740769337974,329468.8532692307,17950.121099265303,355750.0,342232.955,355750.0,308187.013,1.2827771921423592,5.336473669983999,19.974203067604314,27.356802061284966,5.925,-0.016668999368874005,0.477,12.781986326910904,2.284,0,0,0.0,308275.56,313,2022,1
Fish (dried),2022-01-17,351553.846,NGN,NGN/MT,WFP Nigeria,retail,National,,,0.9,True,WFP VAM retail data,WFP,historical,False,,,425.98,369.25,214.0,15.4,18.1,1,0,0,0,0,0,0,0,0,1,0,0,1,0,0,0,0,0,0,1,0.4999999999999999,0.8660254037844387,0.3546048870425356,0.9350162426854148,1,825.28,355750.0,351244.318,342232.955,341818.182,308187.013,311769.231,288266.667,351321.69999999995,3682.127838487941,345599.06025,6695.268990705962,341763.44275,9622.900972912672,330999.0307692308,18076.242905739873,355750.0,346738.636,355750.0,319851.948,-1.179523260716786,2.723551564459936,14.07159652116816,21.954386769247925,6.14,-2.4623004528591452,0.338,12.7701210122002,2.284,0,0,0.0,304639.38,314,2022,1
Fish (dried),2022-01-24,347357.692,NGN,NGN/MT,WFP Nigeria,retail,National,,,0.9,True,WFP VAM retail data,WFP,historical,False,,,425.98,369.25,214.0,15.4,18.1,1,0,0,0,0,0,0,0,0,1,0,0,1,0,0,0,0,0,0,1,0.4999999999999999,0.8660254037844387,0.4647231720437685,0.8854560256532099,1,815.43,351553.846,355750.0,346738.636,340454.545,319851.948,317461.538,297200.0,351476.464,3429.6390709075717,346461.953625,6374.687181871591,344055.58808333334,6787.269595765937,332148.88284615387,18131.442161835865,355750.0,347357.692,355750.0,331516.883,-1.1936020748298248,0.1785367812313865,8.599523677123265,16.8767469717362,5.819,-0.014078814113038796,0.199,12.758113219559197,2.284,0,0,0.0,301003.2,315,2022,1
Fish (dried),2022-01-31,343161.538,NGN,NGN/MT,WFP Nigeria,retail,National,,,0.9,True,WFP VAM retail data,WFP,historical,False,,,425.98,369.25,214.0,15.4,18.1,1,0,0,0,0,0,0,0,0,1,0,0,1,0,0,0,0,0,0,1,0.4999999999999999,0.8660254037844387,0.5680647467311558,0.8229838658936564,1,805.58,347357.692,351553.846,351244.318,339090.909,331516.883,323153.846,306133.333,349455.769,5417.211520027366,346970.78225,5842.524509931684,345025.97599999997,5551.557374455944,332918.4094615384,18158.96616646162,355750.0,343161.538,355750.0,337727.273,-1.208021039015883,-2.3011845561014987,3.512537550010708,12.095450252717189,4.967,-0.014418964186058147,0.064,12.745959485626447,2.284,0,0,0.0,297367.02,316,2022,1
Fish (dried),2022-02-07,338965.385,NGN,NGN/MT,WFP Nigeria,retail,National,,,0.9,True,WFP VAM retail data,WFP,historical,False,,,425.98,369.25,214.0,15.4,18.1,1,0,0,0,0,0,0,0,1,1,0,0,1,0,0,0,0,0,0,0,0.8660254037844386,0.5000000000000001,0.6631226582407952,0.7485107481711011,1,795.73,343161.538,347357.692,355750.0,337727.273,343181.818,328846.154,315066.667,345259.61525000003,5417.2111327293,347125.54625,5572.867372418533,344674.60658333334,5806.469753937745,333307.6106538462,18176.62844172784,351553.846,338965.385,355750.0,337727.273,-1.2227923398571483,-4.718092761770909,-1.2286294840946455,7.585289242927118,3.586,-0.014771300841265322,-0.066,12.733656222153945,2.284,0,0,0.0,293730.84,317,2022,1
Fish (dried),2022-02-14,334769.231,NGN,NGN/MT,WFP Nigeria,retail,National,,,0.9,True,WFP VAM retail data,WFP,historical,False,,,425.98,383.6,213.775,15.4,18.1,1,0,0,0,0,0,0,0,1,1,0,0,1,0,0,0,0,0,0,0,0.8660254037844386,0.5000000000000001,0.7485107481711011,0.6631226582407953,1,785.88,338965.385,343161.538,351553.846,342232.955,341818.182,332446.154,324000.0,341063.4615,5417.211003630101,346192.58074999996,6960.866486275401,344087.19399999996,6443.338085800921,333396.95976923074,18177.934095282286,347357.692,334769.231,355750.0,334769.231,-1.2379299437905722,-4.7744080148677925,-2.062193110605204,3.3238367283950687,2.3,-0.015137603933423893,-0.19,12.721199697873606,2.352,0,0,0.0,290094.65,318,2022,1
Fish (dried),2022-02-21,333940.559,NGN,NGN/MT,WFP Nigeria,retail,National,,,0.9,True,WFP VAM retail data,WFP,historical,False,,,425.98,383.6,213.775,15.4,18.1,1,0,0,0,0,0,0,0,1,1,0,0,1,0,0,0,0,0,0,0,0.8660254037844386,0.5000000000000001,0.8229838658936564,0.5680647467311559,1,783.93,334769.231,338965.385,347357.692,346738.636,340454.545,336046.154,330125.0,337709.17825,4248.61009139124,344592.821125,8181.12504874538,343544.3618333333,7025.309598478846,333315.97534615383,18170.348316931842,343161.538,333940.559,355750.0,333940.559,-0.247535293947021,-3.862627288529996,-1.9133203229817264,1.155792199924277,1.318,0.9903946498435512,-0.216,12.718721283595375,2.352,0,0,0.0,289376.57,319,2022,1
Fish (dried),2022-02-28,333111.888,NGN,NGN/MT,WFP Nigeria,retail,National,,,0.9,True,WFP VAM retail data,WFP,historical,False,,,425.98,383.6,213.775,15.4,18.1,1,0,0,0,0,0,0,0,1,1,0,0,1,0,0,0,0,0,0,0,0.8660254037844386,0.5000000000000001,0.8854560256532099,0.4647231720437686,1,781.99,333940.559,334769.231,343161.538,351244.318,339090.909,339646.154,336250.0,335196.76575,2601.9254181419974,342326.267375,8577.270103276838,343046.11008333333,7561.438866002315,333064.6574230769,18124.422485321833,338965.385,333111.888,355750.0,333111.888,-0.24814925221467998,-2.928547895714362,-1.7632501613306317,-0.9332675092936893,0.64,-0.0006139582676589761,-0.237,12.716236714517049,2.352,1,2,0.0,288658.48,320,2022,1
Fish (dried),2022-03-07,332283.217,NGN,NGN/MT,WFP Nigeria,retail,National,,,0.9,True,WFP VAM retail data,WFP,historical,False,,,425.98,383.6,213.775,15.4,18.1,1,0,0,1,0,0,0,0,1,1,0,0,0,0,0,0,0,0,0,0,1.0,6.123233995736766e-17,0.9350162426854148,0.3546048870425355,0,780.04,333111.888,333940.559,338965.385,355750.0,337727.273,343246.154,342375.0,333526.22375,1069.8100480651651,339392.9195,7238.951800336493,342592.43875000003,8056.668397991567,332643.006,18005.213133159803,334769.231,332283.217,355750.0,332283.217,-0.24876656458444613,-1.9713422950252024,-1.6119681279041953,-2.947581745162464,0.266,-0.0006173123697661431,-0.255,12.713745956976364,2.352,1,2,0.0,287940.4,321,2022,1
Fish (dried),2022-03-14,331454.545,NGN,NGN/MT,WFP Nigeria,retail,National,,,0.9,True,WFP VAM retail data,WFP,historical,False,,,425.98,546.281111111111,217.0390909090909,15.4,18.1,1,0,0,1,0,0,0,0,1,1,0,0,0,0,0,0,0,0,0,0,1.0,6.123233995736766e-17,0.970941817426052,0.239315664287558,0,778.1,332283.217,333111.888,334769.231,351553.846,342232.955,346846.154,348500.0,332697.55225,1069.8100480654093,336880.506875,5750.141376534873,341694.23791666667,8677.301812529082,332051.02103846153,17771.059534692333,333940.559,331454.545,355750.0,331454.545,-0.24938725689538366,-0.9901405783615869,-3.149436616938317,-4.891091822094696,0.195,-0.0006206923109375317,-0.269,12.7112489770514,3.135,1,2,0.0,287222.31,322,2022,1
Fish (dried),2022-03-21,309590.909,NGN,NGN/MT,WFP Nigeria,retail,National,,,0.9,True,WFP VAM retail data,WFP,historical,False,,,425.98,546.281111111111,217.0390909090909,15.4,18.1,1,0,0,1,0,0,0,0,1,1,0,0,0,0,0,0,0,0,0,0,1.0,6.123233995736766e-17,0.992708874098054,0.120536680255323,0,726.77,331454.545,332283.217,333940.559,347357.692,346738.636,331348.901,380791.667,326610.13975,11366.310062907198,332159.659,9914.696074266827,338598.594,12498.846763550706,331214.1751923077,18309.581644205264,333111.888,309590.909,355750.0,309590.909,-6.596269784141895,-7.291612038057361,-10.713466323954746,-18.698087214182667,-1.39,-6.346882527246511,-0.849,12.643010286635286,3.135,1,2,0.0,268276.35,323,2022,1
Fish (dried),2022-03-28,287727.273,NGN,NGN/MT,WFP Nigeria,retail,National,,,0.9,True,WFP VAM retail data,WFP,historical,False,,,425.98,546.281111111111,217.0390909090909,15.4,18.1,1,0,0,1,0,0,0,0,1,1,0,0,0,0,0,0,0,0,0,0,1.0,6.123233995736766e-17,1.0,-1.6081226496766364e-16,0,675.45,309590.909,331454.545,333111.888,343161.538,351244.318,315851.648,413083.333,315263.986,21152.16923513818,325230.375875,17554.748054613672,333305.5069166667,18611.35672096677,330132.46846153843,20005.699782270258,332283.217,287727.273,355750.0,287727.273,-7.06210530232333,-13.624435703117266,-18.083437010929828,-30.346433754566416,-4.504,-0.46583551818143487,-1.433,12.569771817217296,3.135,1,2,0.0,249330.39,324,2022,1
Fish (dried),2022-04-04,265863.636,NGN,NGN/MT,WFP Nigeria,retail,National,,,0.9,True,WFP VAM retail data,WFP,historical,False,,,425.98,546.281111111111,217.0390909090909,15.4,18.1,0,1,1,1,0,0,0,0,1,0,0,0,0,0,0,0,0,1,0,0,0.8660254037844387,-0.4999999999999998,0.992708874098054,-0.1205366802553228,0,624.12,287727.273,309590.909,332283.217,338965.385,355750.0,300354.396,445375.0,298659.09075,28225.833092476678,316092.65725,26254.143534719457,325814.97658333334,25551.307982573093,328805.9007692308,22981.466874856975,331454.545,265863.636,351553.846,265863.636,-7.5987363909016725,-19.988846141452875,-25.266722136331698,-40.30566690990738,-9.169,-0.5366310885783427,-2.093,12.490742571018746,3.135,1,2,0.5,230384.43,325,2022,2
Fish (dried),2022-04-11,244000.0,NGN,NGN/MT,WFP Nigeria,retail,National,,,0.9,True,WFP VAM retail data,WFP,historical,False,,,425.98,636.4309999999999,206.715,15.4,18.1,0,1,1,1,0,0,0,0,1,0,0,0,0,0,0,0,0,1,0,0,0.8660254037844387,-0.4999999999999998,0.970941817426052,-0.2393156642875575,0,572.8,265863.636,287727.273,331454.545,334769.231,351553.846,284857.143,477666.667,276795.4545,28225.83322157635,304746.503375,35139.75268121171,316852.15608333336,33369.52599238887,327234.4721923077,27129.348614918228,309590.909,244000.0,347357.692,244000.0,-8.22362784506565,-26.385079438268065,-30.59384706603381,-48.918353141019985,-15.414,-0.6248914541639774,-3.045,12.404927602627597,3.54,1,2,0.5,211438.47,326,2022,2
Fish (dried),2022-04-18,268295.455,NGN,NGN/MT,WFP Nigeria,retail,National,,,0.9,True,WFP VAM retail data,WFP,historical,False,,,425.98,636.4309999999999,206.715,15.4,18.1,0,1,1,1,0,0,0,0,1,0,0,0,0,0,0,0,0,1,0,0,0.8660254037844387,-0.4999999999999998,0.9350162426854148,-0.3546048870425354,0,629.83,244000.0,265863.636,309590.909,333940.559,347357.692,296522.078,435020.833,266471.591,17892.94561671955,296540.865375,35012.93967619447,310263.6363333333,34581.9715289279,326148.8328461538,28913.631086238693,287727.273,244000.0,343161.538,244000.0,9.957153688524588,-13.33871660940792,-22.761043967323445,-38.32583760419583,-18.298,18.18078153359024,-2.307,12.499847823504957,3.54,1,2,0.5,232491.73,327,2022,2
Fish (dried),2022-04-25,292590.909,NGN,NGN/MT,WFP Nigeria,retail,National,,,0.9,True,WFP VAM retail data,WFP,historical,False,,,425.98,636.4309999999999,206.715,15.4,18.1,0,1,1,1,0,0,0,0,1,0,0,0,0,0,0,0,0,1,0,0,0.8660254037844387,-0.4999999999999998,0.8854560256532099,-0.4647231720437685,0,686.87,268295.455,244000.0,287727.273,333111.888,343161.538,308187.013,392375.0,267687.5,19874.38489818426,291475.743,31745.1016593072,306049.41725,33264.747858033654,325548.98269230773,29457.836661963127,292590.909,244000.0,338965.385,244000.0,9.055484745352826,1.6903632211465736,-14.736683281795992,-25.43079732398853,-17.774,-0.9016689431717619,-1.335,12.586534115101077,3.54,1,2,0.5,253544.98,328,2022,2
Fish (dried),2022-05-02,316886.364,NGN,NGN/MT,WFP Nigeria,retail,National,,,0.9,True,WFP VAM retail data,WFP,historical,False,,,425.98,636.4309999999999,206.715,15.4,18.1,0,1,1,1,0,0,0,0,1,0,1,0,0,0,0,0,0,0,0,0,0.4999999999999999,-0.8660254037844387,0.8229838658936565,-0.5680647467311557,0,743.9,292590.909,268295.455,265863.636,332283.217,338965.385,319851.948,349729.167,280443.18200000003,31365.29701811118,289551.136375,29289.386657908508,304209.4988333333,31859.53950935194,325434.92176923074,29486.505402401912,316886.364,244000.0,334769.231,244000.0,8.303557715800402,19.19131505445897,-6.513650649018343,-9.390924778086928,-13.825,-0.7519270295524247,-0.284,12.666301671106815,3.54,1,2,0.5,274598.24,329,2022,2
Fish (dried),2022-05-09,341181.818,NGN,NGN/MT,WFP Nigeria,retail,National,,,0.9,True,WFP VAM retail data,WFP,historical,False,,,425.98,672.7941666666667,191.519,15.4,18.1,0,1,1,1,0,0,0,0,1,0,1,0,0,0,0,0,0,0,0,0,0.4999999999999999,-0.8660254037844387,0.7485107481711013,-0.663122658240795,0,800.93,316886.364,292590.909,244000.0,331454.545,334769.231,331516.883,307083.333,304738.6365,31365.296759912042,290767.0455,31403.09663129598,304743.88108333334,32466.711927227883,325806.65003846155,29626.8336344451,341181.818,268295.455,341181.818,244000.0,7.666929461186922,39.82861393442625,1.915524608054553,11.103984272568802,-6.466,-0.6366282546134796,0.726,12.74017373577013,3.676,1,2,0.5,295651.49,330,2022,2
Fish (dried),2022-05-16,341614.773,NGN,NGN/MT,WFP Nigeria,retail,National,,,0.9,True,WFP VAM retail data,WFP,historical,False,,,425.98,672.7941666666667,191.519,15.4,18.1,0,1,1,1,0,0,0,0,1,0,1,0,0,0,0,0,0,0,0,0,0.4999999999999999,-0.8660254037844387,0.6631226582407952,-0.7485107481711012,0,801.95,341181.818,316886.364,268295.455,309590.909,333940.559,343181.818,314106.667,323068.466,23374.907414008572,294770.0285,35868.896032043536,305383.3989166667,33162.23220043704,325746.3790769231,29591.645863414702,341614.773,292590.909,341614.773,244000.0,0.12689861450938533,27.327827077801214,2.2980778444465555,8.757568332670873,-0.822,-7.540030846677537,0.719,12.741441913718159,3.676,1,2,0.5,296026.67,331,2022,2
Fish (dried),2022-05-23,342047.727,NGN,NGN/MT,WFP Nigeria,retail,National,,,0.9,True,WFP VAM retail data,WFP,historical,False,,,425.98,672.7941666666667,191.519,15.4,18.1,0,1,1,1,0,0,0,0,1,0,1,0,0,0,0,0,0,0,0,0,0.4999999999999999,-0.8660254037844387,0.5680647467311558,-0.8229838658936564,0,802.97,341614.773,341181.818,292590.909,287727.273,333111.888,341818.182,321130.0,335432.6705,12369.256857049304,301560.08525,39320.633120504295,306128.05216666666,33932.84790325214,325755.20773076924,29596.666495388527,342047.727,316886.364,342047.727,244000.0,0.12673749328750983,16.90306037498932,2.6825338037770763,6.5137878740696875,2.971,-0.00016112122187550426,0.717,12.742708482504101,3.676,1,2,0.5,296401.84,332,2022,2
Fish (dried),2022-05-30,342480.682,NGN,NGN/MT,WFP Nigeria,retail,National,,,0.9,True,WFP VAM retail data,WFP,historical,False,,,425.98,672.7941666666667,191.519,15.4,18.1,0,1,1,1,0,0,0,0,1,0,1,0,0,0,0,0,0,0,0,0,0.4999999999999999,-0.8660254037844387,0.464723172043769,-0.8854560256532096,0,803.98,342047.727,341614.773,316886.364,265863.636,332283.217,340454.545,328153.333,341831.25,558.9419850276746,311137.216,38710.04411016875,306977.84091666667,34764.89241694933,325833.1360769231,29639.55449790159,342480.682,341181.818,342480.682,244000.0,0.126577365035363,8.076812670929566,3.068907630083517,4.3660531706377625,4.91,-0.00016012825214684057,0.72,12.74397345204246,3.676,1,2,0.5,296777.02,333,2022,2
Fish (dried),2022-06-06,342913.636,NGN,NGN/MT,WFP Nigeria,retail,National,,,0.9,True,WFP VAM retail data,WFP,historical,False,,,425.98,672.7941666666667,191.519,15.4,18.1,0,1,1,0,0,0,0,1,0,0,1,0,0,0,0,0,0,0,1,0,1.2246467991473532e-16,-1.0,0.3546048870425358,-0.9350162426854148,0,805.0,342480.682,342047.727,341181.818,244000.0,331454.545,339090.909,335176.667,342264.2045,558.9417268285621,323501.4205,28706.941115649228,307932.76516666665,35644.590248721885,325980.1640384616,29717.330067040675,342913.636,341614.773,342913.636,244000.0,0.12641705729843355,0.5075938718398953,3.457213416699423,2.308325656809518,4.995,-0.00016030773692943256,0.729,12.745236820538077,3.676,1,2,0.5,297152.2,334,2022,2
Fish (dried),2022-06-13,343346.591,NGN,NGN/MT,WFP Nigeria,retail,National,,,0.9,True,WFP VAM retail data,WFP,historical,False,,,425.98,746.3121428571429,197.45916666666668,15.4,18.1,0,1,1,0,0,0,0,1,0,0,1,0,0,0,0,0,0,0,1,0,1.2246467991473532e-16,-1.0,0.2393156642875576,-0.970941817426052,0,806.02,342913.636,342480.682,341614.773,268295.455,309590.909,337727.273,342200.0,342697.159,558.9419850272124,332882.8125,18557.50643673757,310745.7386666667,37089.98974758219,326196.29165384616,29826.415396083226,343346.591,342047.727,343346.591,244000.0,0.12625773796874906,0.5069505586048129,10.903318223727299,0.3350645821157183,5.059,-0.00015931932968449303,0.746,12.746498597859945,4.041,1,2,0.5,297527.38,335,2022,2
Fish (dried),2022-06-20,343779.545,NGN,NGN/MT,WFP Nigeria,retail,National,,,0.9,True,WFP VAM retail data,WFP,historical,False,,,425.98,746.3121428571429,197.45916666666668,15.4,18.1,0,1,1,0,0,0,0,1,0,0,1,0,0,0,0,0,0,0,1,0,1.2246467991473532e-16,-1.0,0.120536680255323,-0.992708874098054,0,807.03,343346.591,342913.636,342047.727,292590.909,287727.273,342232.955,333169.231,343130.1135,558.9417268281,339281.392,9090.293493827676,315416.7613333333,37455.30900641182,326255.7758846154,29861.19931532118,343779.545,342480.682,343779.545,244000.0,0.12609823756775107,0.5063088754277745,19.481042382798375,3.184662031410679,5.172,-0.00015950040099799168,0.752,12.747758782197081,4.041,1,2,0.5,297902.55,336,2022,2
Fish (dried),2022-06-27,344212.5,NGN,NGN/MT,WFP Nigeria,retail,National,,,0.9,True,WFP VAM retail data,WFP,historical,False,,,425.98,746.3121428571429,197.45916666666668,15.4,18.1,0,1,1,0,0,0,0,1,0,0,1,0,0,0,0,0,0,0,1,0,1.2246467991473532e-16,-1.0,-3.216245299353273e-16,-1.0,0,808.05,343779.545,343346.591,342480.682,316886.364,265863.636,346738.636,324138.462,343563.06799999997,558.9419850267502,342697.159,1060.5176652396376,321945.8333333333,34764.19116550223,326158.61680769233,29795.92694254779,344212.5,342913.636,344212.5,244000.0,0.12593972105001683,0.5056688131682696,29.469567624509587,6.193044131862391,5.336,-0.0001585165177342418,0.75,12.749017383373355,4.041,1,2,0.5,298277.73,337,2022,2
Fish (dried),2022-07-04,344645.455,NGN,NGN/MT,WFP Nigeria,retail,National,,,0.9,True,WFP VAM retail data,WFP,historical,False,,,425.98,746.3121428571429,197.45916666666668,15.4,18.1,0,1,1,0,0,0,1,1,0,0,1,0,0,0,0,0,0,0,1,0,-0.4999999999999997,-0.8660254037844388,-0.1205366802553228,-0.992708874098054,0,809.06,344212.5,343779.545,342913.636,341181.818,244000.0,351244.318,315107.692,343996.02275,558.9421141260132,343130.113625,1060.5177527210126,330332.95458333334,25026.59152462176,325904.8143846154,29601.16722952728,344645.455,343346.591,344645.455,268295.455,0.12578131241602897,0.5050306602564003,41.24813729508197,9.37386288875488,5.551,-0.00015840863398786098,0.742,12.750274402463713,4.041,1,2,0.5,298652.91,338,2022,3
Fish (dried),2022-07-11,345078.409,NGN,NGN/MT,WFP Nigeria,retail,National,,,0.9,True,WFP VAM retail data,WFP,historical,False,,,425.98,862.6516666666666,202.13466666666667,15.4,18.1,0,1,1,0,0,0,1,1,0,0,1,0,0,0,0,0,0,0,1,0,-0.4999999999999997,-0.8660254037844388,-0.2393156642875574,-0.970941817426052,0,810.08,344645.455,344212.5,343346.591,341614.773,268295.455,355750.0,306076.923,344428.97725,558.9421141257802,343563.068125,1060.517811041748,336731.53408333333,15860.495099262422,325494.3685769231,29242.598413979544,345078.409,343779.545,345078.409,292590.909,0.1256230116250867,0.5043935327728288,28.618805339061737,12.742380450550982,5.817,-0.00015830079094225624,0.73,12.751529840542705,4.608,1,2,0.5,299028.08,339,2022,3
Fish (dried),2022-07-18,345511.364,NGN,NGN/MT,WFP Nigeria,retail,National,,,0.9,True,WFP VAM retail data,WFP,historical,False,,,425.98,862.6516666666666,202.13466666666667,15.4,18.1,0,1,1,0,0,0,1,1,0,0,1,0,0,0,0,0,0,0,1,0,-0.4999999999999997,-0.8660254037844388,-0.3546048870425356,-0.9350162426854148,0,811.1,345078.409,344645.455,343779.545,342047.727,292590.909,351553.846,311769.231,344861.93200000003,558.9419850260514,343996.02275,1060.5178402019264,341141.572,7760.141576917987,325261.96542307694,29050.58932301494,345511.364,344212.5,345511.364,316886.364,0.1254656880025351,0.5037585933159727,18.086841857413958,10.82279123304506,6.026,-0.00015732362255160837,0.72,12.75278370736722,4.608,1,2,0.5,299403.26,340,2022,3
Fish (dried),2022-07-25,345944.318,NGN,NGN/MT,WFP Nigeria,retail,National,,,0.9,True,WFP VAM retail data,WFP,historical,False,,,425.98,862.6516666666666,202.13466666666667,15.4,18.1,0,1,1,0,0,0,1,1,0,0,1,0,0,0,0,0,0,0,1,0,-0.4999999999999997,-0.8660254037844388,-0.464723172043768,-0.8854560256532101,0,812.11,345511.364,345078.409,344212.5,342480.682,316886.364,347357.692,317461.538,345294.8865,558.9417268269126,344428.97725,1060.5178402015208,343563.06816666666,1561.0398640004908,325207.6048846154,29008.88156668165,345944.318,344645.455,345944.318,341181.818,0.12530817944385042,0.5031246686276747,9.169834142815958,8.972041205193193,6.177,-0.0001575085586846825,0.713,12.754036001087723,4.608,1,2,0.5,299778.44,341,2022,3
Fish (dried),2022-08-01,346377.273,NGN,NGN/MT,WFP Nigeria,retail,National,,,0.9,True,WFP VAM retail data,WFP,historical,False,,,425.98,862.6516666666666,202.13466666666667,20.5,25.7,0,1,0,0,1,0,1,1,0,0,1,0,0,0,0,1,0,0,1,0,-0.8660254037844384,-0.5000000000000004,-0.5680647467311556,-0.8229838658936565,0,813.13,345944.318,345511.364,344645.455,342913.636,341181.818,343161.538,323153.846,345727.841,558.9419850255366,344861.931875,1060.5178110405125,343996.02275,1561.0398766072462,325331.28699999995,29095.218609689517,346377.273,345078.409,346377.273,341614.773,0.1251516436237443,0.5024926268068608,1.5227819086185868,7.186492529010469,6.269,-0.00015653582010610734,0.71,12.755286731416918,4.608,1,2,0.0,287450.02,342,2022,3
Fish (dried),2022-08-08,346810.227,NGN,NGN/MT,WFP Nigeria,retail,National,,,0.9,True,WFP VAM retail data,WFP,historical,False,,,425.98,862.6516666666666,202.13466666666667,20.5,25.7,0,1,0,0,1,0,1,1,0,0,1,0,0,0,0,1,0,0,1,0,-0.8660254037844384,-0.5000000000000004,-0.663122658240795,-0.7485107481711013,0,814.15,346377.273,345944.318,345078.409,343346.591,341614.773,338965.385,328846.154,346160.7955,558.9417268263978,345294.886375,1060.5177527189217,344428.97725,1561.039876607179,325633.01169230766,29282.337954030874,346810.227,345511.364,346810.227,342047.727,0.12499492136137658,0.5018621724316663,1.5208516758143942,5.462759038380005,6.304,-0.00015672226236773668,0.71,12.756535896490247,4.608,1,2,0.0,287809.32,343,2022,3
Fish (dried),2022-08-15,347243.182,NGN,NGN/MT,WFP Nigeria,retail,National,,,0.9,True,WFP VAM retail data,WFP,historical,False,,,425.98,885.6577777777778,203.46615384615384,20.5,25.7,0,1,0,0,1,0,1,1,0,0,1,0,0,0,0,1,0,0,1,0,-0.8660254037844384,-0.5000000000000004,-0.7485107481711011,-0.6631226582407952,0,815.16,346810.227,346377.273,345511.364,343779.545,342047.727,334769.231,332446.154,346593.75,558.9419850250218,345727.841,1060.5176652366843,344861.93183333334,1561.03986400028,326112.77903846157,29539.077348132476,347243.182,345944.318,347243.182,342480.682,0.12483916744472356,0.5012332966275457,1.5189269186401955,4.450954785297356,6.28,-0.00015575391665301197,0.712,12.757783505976592,4.72,1,2,0.0,288168.62,344,2022,3
Fish (dried),2022-08-22,347676.136,NGN,NGN/MT,WFP Nigeria,retail,National,,,0.9,True,WFP VAM retail data,WFP,historical,False,,,425.98,885.6577777777778,203.46615384615384,20.5,25.7,0,1,0,0,1,0,1,1,0,0,1,0,0,0,0,1,0,0,1,0,-0.8660254037844384,-0.5000000000000004,-0.8229838658936564,-0.5680647467311559,0,816.18,347243.182,346810.227,345944.318,344212.5,342480.682,333940.559,336046.154,347026.7045,558.9417268259093,346160.7955,1060.5175485938764,345294.8863333333,1561.0398387865625,326641.0704615385,29806.291350168467,347676.136,346377.273,347676.136,342913.636,0.12468322560181822,0.5006059963672982,1.517006439504831,3.4608287765138357,6.241,-0.0001559418429053494,0.717,12.759029557996595,4.72,1,2,0.0,288527.91,345,2022,3
Fish (dried),2022-08-29,348109.091,NGN,NGN/MT,WFP Nigeria,retail,National,,,0.9,True,WFP VAM retail data,WFP,historical,False,,,425.98,885.6577777777778,203.46615384615384,20.5,25.7,0,1,0,0,1,0,1,1,0,0,1,0,0,0,0,1,0,0,1,0,-0.8660254037844384,-0.5000000000000004,-0.8854560256532096,-0.4647231720437691,0,817.2,347676.136,347243.182,346377.273,344645.455,342913.636,333111.888,339646.154,347459.659,558.9419850245597,346593.75,1060.5176652358102,345727.84091666667,1561.0398009660248,327217.8859615385,30080.378261155493,348109.091,346810.227,348109.091,343346.591,0.12452824774835669,0.4999802628505634,1.5150913975319424,2.491692280431357,6.186,-0.00015497785346152426,0.726,12.760274062175686,4.72,1,2,0.0,288887.21,346,2022,3
Fish (dried),2022-09-05,348542.045,NGN,NGN/MT,WFP Nigeria,retail,National,,,0.9,True,WFP VAM retail data,WFP,historical,False,,,425.98,885.6577777777778,203.46615384615384,20.5,25.7,0,1,0,0,1,1,0,0,0,0,0,0,0,0,0,1,0,0,0,0,-1.0,-1.8369701987210287e-16,-0.9350162426854148,-0.3546048870425359,0,818.21,348109.091,347676.136,346810.227,345078.409,343346.591,332283.217,343246.154,347892.6135,558.9417268254472,347026.7045,1060.5175485930024,346160.79541666666,1561.0397505386718,327843.2255,30357.617693439555,348542.045,347243.182,348542.045,343779.545,0.12437308050652351,0.49935609309468276,1.5131805983185087,1.5428842940509613,6.116,-0.0001551672418331762,0.737,12.761517016619921,4.72,1,2,0.5,289246.51,347,2022,3
Fish (dried),2022-09-12,348975.0,NGN,NGN/MT,WFP Nigeria,retail,National,,,0.9,True,WFP VAM retail data,WFP,historical,False,,,425.98,851.5890909090908,199.2236363636364,20.5,25.7,0,1,0,0,1,1,0,0,0,0,0,0,0,0,0,1,0,0,0,0,-1.0,-1.8369701987210287e-16,-0.970941817426052,-0.2393156642875577,0,819.23,348542.045,348109.091,347243.182,345511.364,343779.545,331454.545,346846.154,348325.56799999997,558.9419850240974,347459.659,1060.5176652349362,346593.75,1561.0396875044746,328517.08915384614,30634.181998343152,348975.0,347676.136,348975.0,344212.5,0.12421887293396772,0.49873347837252613,1.5112751981797068,0.6137724104618547,6.03,-0.00015420757255579787,0.752,12.762758430911633,4.548,1,2,0.5,289605.81,348,2022,3
Fish (dried),2022-09-19,349407.955,NGN,NGN/MT,WFP Nigeria,retail,National,,,0.9,True,WFP VAM retail data,WFP,historical,False,,,425.98,851.5890909090908,199.2236363636364,20.5,25.7,0,1,0,0,1,1,0,0,0,0,0,0,0,0,0,1,0,0,0,0,-1.0,-1.8369701987210287e-16,-0.992708874098054,-0.1205366802553235,0,820.24,348975.0,348542.045,347676.136,345944.318,344212.5,309590.909,331348.901,348758.52275,558.9421141233604,347892.613625,1060.517752716311,347026.70458333334,1561.0397505385286,330048.514,30645.442620221114,349407.955,348109.091,349407.955,344645.455,0.12406476108604014,0.49811270336943547,1.5093742964012113,5.450162636875633,5.669,-0.00015411184792757382,0.751,12.76399830600449,4.548,1,2,0.5,289965.11,349,2022,3
Fish (dried),2022-09-26,349840.909,NGN,NGN/MT,WFP Nigeria,retail,National,,,0.9,True,WFP VAM retail data,WFP,historical,False,,,425.98,851.5890909090908,199.2236363636364,20.5,25.7,0,1,0,0,1,1,0,0,0,0,0,0,0,0,0,1,0,0,0,0,-1.0,-1.8369701987210287e-16,-1.0,-1.8369701987210287e-16,0,821.26,349407.955,348975.0,348109.091,346377.273,344645.455,287727.273,315851.648,349191.47725,558.9421141231275,348325.568125,1060.5178110370464,347459.65908333333,1561.0398009657467,332437.5,29618.13072290315,349840.909,348542.045,349840.909,345078.409,0.12391074496285182,0.4974928965586711,1.5074778804206046,10.76114727126578,5.04,-0.00015401612318832747,0.741,12.765236642852157,4.548,1,2,0.5,290324.41,350,2022,3
Fish (dried),2022-10-03,350273.864,NGN,NGN/MT,WFP Nigeria,retail,National,,,0.9,True,WFP VAM retail data,WFP,historical,False,,,425.98,851.5890909090908,199.2236363636364,20.5,25.7,0,1,0,0,0,1,0,0,0,1,0,1,0,1,1,1,1,0,0,0,-0.8660254037844386,0.5000000000000001,-0.992708874098054,0.1205366802553232,0,822.28,349840.909,349407.955,348542.045,346810.227,345078.409,265863.636,300354.396,349624.43200000003,558.9419850233986,348758.52275,1060.5178401972248,347892.6136666667,1561.0398387861414,335684.04723076924,26489.88970068583,350273.864,348975.0,350273.864,345511.364,0.1237576820954489,0.4968752048264413,1.5055868070841916,16.62018890510928,4.153,-0.00015306286740290886,0.727,12.766473450972995,4.548,1,2,0.5,290683.7,351,2022,4
Fish (dried),2022-10-10,350706.818,NGN,NGN/MT,WFP Nigeria,retail,National,,,0.9,True,WFP VAM retail data,WFP,historical,False,,,425.98,854.7120000000001,209.93166666666664,20.5,25.7,0,1,0,0,0,1,0,0,0,1,0,1,0,1,1,1,1,0,0,0,-0.8660254037844386,0.5000000000000001,-0.970941817426052,0.2393156642875573,0,823.29,350273.864,349840.909,348975.0,347243.182,345511.364,244000.0,284857.143,350057.3865,558.9417268242598,349191.47725,1060.5178401968192,348325.56816666666,1561.0398639997156,339788.15561538463,18894.061699257873,350706.818,349407.955,350706.818,345944.318,0.12360442627830093,0.4962584712371987,1.503699889882637,23.116736447785,3.022,-0.0001532558171479792,0.717,12.767708728437535,4.589,1,2,0.5,291043.0,352,2022,4
Fish (dried),2022-10-17,351139.773,NGN,NGN/MT,WFP Nigeria,retail,National,,,0.9,True,WFP VAM retail data,WFP,historical,False,,,425.98,854.7120000000001,209.93166666666664,20.5,25.7,0,1,0,0,0,1,0,0,0,1,0,1,0,1,1,1,1,0,0,0,-0.8660254037844386,0.5000000000000001,-0.9350162426854148,0.3546048870425355,0,824.31,350706.818,350273.864,349407.955,347676.136,345944.318,268295.455,296522.078,350490.341,558.9419850228838,349624.431875,1060.5178110358108,348758.52275,1561.0398766064711,342974.4755384615,12129.837035002058,351139.773,349840.909,351139.773,346377.273,0.12345211948516788,0.4956435522482483,1.5018182781657785,18.41943620805193,2.191,-0.00015230679313305018,0.704,12.768942484721927,4.589,1,2,0.5,291402.3,353,2022,4
Fish (dried),2022-10-24,351572.727,NGN,NGN/MT,WFP Nigeria,retail,National,,,0.9,True,WFP VAM retail data,WFP,historical,False,,,425.98,854.7120000000001,209.93166666666664,20.5,25.7,0,1,0,0,0,1,0,0,0,1,0,1,0,1,1,1,1,0,0,0,-0.8660254037844386,0.5000000000000001,-0.8854560256532101,0.464723172043768,0,825.33,351139.773,350706.818,349840.909,348109.091,346377.273,292590.909,308187.013,350923.2955,558.9417268237451,350057.386375,1060.51775271422,349191.47725,1561.0398766064038,345243.007,6572.511555444377,351572.727,350273.864,351572.727,346810.227,0.12329961835455538,0.4950301566933213,1.4999407885516902,14.077722996069287,1.645,-0.00015250113061249237,0.693,12.770174717882856,4.589,1,2,0.5,291761.6,354,2022,4
Fish (dried),2022-10-31,352005.682,NGN,NGN/MT,WFP Nigeria,retail,National,,,0.9,True,WFP VAM retail data,WFP,historical,False,,,425.98,854.7120000000001,209.93166666666664,20.5,25.7,0,1,0,0,0,1,0,0,0,1,0,1,0,1,1,1,1,0,0,0,-0.8660254037844386,0.5000000000000001,-0.822983865893657,0.5680647467311548,0,826.34,351572.727,351139.773,350273.864,348542.045,346810.227,316886.364,319851.948,351356.25,558.9419850223691,350490.341,1060.5176652319828,349624.43183333334,1561.0398639995049,346593.75,3311.4655464562325,352005.682,350706.818,352005.682,347243.182,0.1231480620508929,0.4944182760949545,1.4980685676261762,10.052692879019132,1.374,-0.00015155630366248118,0.685,12.771405437354606,4.589,1,2,0.5,292120.9,355,2022,4
Fish (dried),2022-11-07,352438.636,NGN,NGN/MT,WFP Nigeria,retail,National,,,0.9,True,WFP VAM retail data,WFP,historical,False,,,425.98,854.7120000000001,209.93166666666664,20.5,25.7,1,0,0,0,0,1,0,0,0,1,0,1,1,1,1,0,1,0,0,0,-0.5000000000000004,0.8660254037844384,-0.7485107481711011,0.6631226582407952,1,827.36,352005.682,351572.727,350706.818,348975.0,347243.182,341181.818,331516.883,351789.2045,558.9417268232567,350923.2955,1060.5175485891748,350057.3863333333,1561.0398387857874,347026.7045384615,3311.4655098479298,352438.636,351139.773,352438.636,347676.136,0.12299631004253353,0.49380790766375693,1.4962004351175562,6.310916298039637,1.372,-0.00015175200835937375,0.683,12.772634641180224,4.589,1,2,0.5,292480.2,356,2022,4
Fish (dried),2022-11-14,352871.591,NGN,NGN/MT,WFP Nigeria,retail,National,,,0.9,True,WFP VAM retail data,WFP,historical,False,,,425.98,891.027142857143,239.774,20.5,25.7,1,0,0,0,0,1,0,0,0,1,0,1,1,1,1,0,1,0,0,0,-0.5000000000000004,0.8660254037844384,-0.6631226582407955,0.7485107481711007,1,828.38,352438.636,352005.682,351139.773,349407.955,347676.136,341614.773,343181.818,352222.159,558.9419850219069,351356.25,1060.5176652311086,350490.34091666667,1561.0398009652497,347459.6590769231,3311.4655359967905,352871.591,351572.727,352871.591,348109.091,0.12284549869838735,0.49319904299192086,1.4943375348603238,2.8235100147409264,1.371,-0.00015081134414618447,0.691,12.773862338752467,4.835,1,2,0.5,292839.49,357,2022,4
Fish (dried),2022-11-21,353304.545,NGN,NGN/MT,WFP Nigeria,retail,National,,,0.9,True,WFP VAM retail data,WFP,historical,False,,,425.98,891.027142857143,239.774,20.5,25.7,1,0,0,0,0,1,0,0,0,1,0,1,1,1,1,0,1,0,0,0,-0.5000000000000004,0.8660254037844384,-0.5680647467311559,0.8229838658936564,1,829.39,352871.591,352438.636,351572.727,349840.909,348109.091,342047.727,341818.182,352655.1135,558.9417268227944,351789.2045,1060.5175485883008,350923.29541666666,1561.0397505378967,347892.6136153846,3311.465488928964,353304.545,352005.682,353304.545,348542.045,0.12269449030255508,0.4925916793312446,1.4924786896760356,3.3603721524678942,1.369,-0.00015100839583226389,0.697,12.775088528100948,4.835,1,2,0.5,293198.79,358,2022,4
Fish (dried),2022-11-28,353737.5,NGN,NGN/MT,WFP Nigeria,retail,National,,,0.9,True,WFP VAM retail data,WFP,historical,False,,,425.98,891.027142857143,239.774,20.5,25.7,1,0,0,0,0,1,0,0,0,1,0,1,1,1,1,0,1,0,0,0,-0.5000000000000004,0.8660254037844384,-0.4647231720437684,0.88545602565321,1,830.41,353304.545,352871.591,352005.682,350273.864,348542.045,342480.682,340454.545,353088.06799999997,558.9419850214448,352222.159,1060.5176652302346,351356.25,1561.0396875036995,348325.56815384614,3311.4655046183016,353737.5,352438.636,353737.5,348975.0,0.12254441844217201,0.491985808342732,1.4906250406604427,3.9015355192276946,1.367,-0.00015007186038307196,0.701,12.776313218577238,4.835,1,2,0.5,293558.09,359,2022,4
Fish (dried),2022-12-05,354170.455,NGN,NGN/MT,WFP Nigeria,retail,National,,,0.9,True,WFP VAM retail data,WFP,historical,False,,,425.98,891.027142857143,239.774,20.5,25.7,1,0,0,0,0,0,0,0,0,1,0,1,1,1,1,0,0,0,0,1,-2.4492935982947064e-16,1.0,-0.3546048870425359,0.9350162426854148,1,831.43,353737.5,353304.545,352438.636,350706.818,348975.0,342913.636,339090.909,353521.02275,558.9421141207076,352655.113625,1060.5177527116093,351789.20458333334,1561.0397505377534,348758.52273076924,3311.465512463,354170.455,352871.591,354170.455,349407.955,0.12239443089863133,0.49138171105622686,1.488775700265066,4.4470511003879665,1.366,-0.000149987543540675,0.703,12.777536411021204,4.835,1,2,0.0,293917.39,360,2022,4
Fish (dried),2022-12-12,354603.409,NGN,NGN/MT,WFP Nigeria,retail,National,,,0.9,True,WFP VAM retail data,WFP,historical,False,,,425.98,903.882,283.076,20.5,25.7,1,0,0,0,0,0,0,0,0,1,0,1,1,1,1,0,0,0,0,1,-2.4492935982947064e-16,1.0,-0.2393156642875578,0.970941817426052,1,832.44,354170.455,353737.5,352871.591,351139.773,349407.955,343346.591,337727.273,353953.97725,558.9421141204747,353088.068125,1060.5178110323445,352222.15908333333,1561.0398009649716,349191.47726923076,3311.4655124630544,354603.409,353304.545,354603.409,349840.909,0.12224452770910332,0.4907785279886667,1.486930656744767,4.996971624497726,1.364,-0.00014990318952801118,0.704,12.778758106273091,5.002,1,2,0.0,294276.69,361,2022,4
Fish (dried),2022-12-19,355036.364,NGN,NGN/MT,WFP Nigeria,retail,National,,,0.9,True,WFP VAM retail data,WFP,historical,False,,,425.98,903.882,283.076,20.5,25.7,1,0,0,0,0,0,0,0,0,1,0,1,1,1,1,0,0,0,0,1,-2.4492935982947064e-16,1.0,-0.1205366802553236,0.992708874098054,1,833.46,354603.409,354170.455,353304.545,351572.727,349840.909,343779.545,342232.955,354386.93200000003,558.9419850207458,353521.02275,1060.5178401925232,352655.1136666667,1561.0398387853663,349624.43184615386,3311.4655046184625,355036.364,353737.5,355036.364,350273.864,0.1220955549245728,0.4901773907267426,1.4850907559241566,3.741138546987677,1.362,-0.0001489727845305211,0.709,12.779978313623312,5.002,1,2,0.0,294635.99,362,2022,4
Fish (dried),2022-12-26,355469.318,NGN,NGN/MT,WFP Nigeria,retail,National,,,0.9,True,WFP VAM retail data,WFP,historical,False,,,425.98,903.882,283.076,20.5,25.7,1,0,0,0,0,0,0,0,0,1,0,1,1,1,1,0,0,0,0,1,-2.4492935982947064e-16,1.0,6.432490598706546e-16,1.0,1,834.47,355036.364,354603.409,353737.5,352005.682,350273.864,344212.5,346738.636,354819.8865,558.9417268216071,353953.97725,1060.5178401921175,353088.06816666666,1561.0398639989405,350057.3863846154,3311.4654889292237,355469.318,354170.455,355469.318,350706.818,0.1219463818078248,0.48957715820348024,1.4832548282848856,2.5179432268401802,1.36,-0.0001491731167480026,0.717,12.781197031068755,5.002,1,2,0.0,294995.28,363,2022,4
Fish (dried),2023-01-02,355902.273,NGN,NGN/MT,WFP Nigeria,retail,National,,,0.9,True,WFP VAM retail data,WFP,historical,False,,,460.0,903.882,283.076,20.5,25.7,1,0,0,0,0,0,0,0,0,1,0,0,1,0,0,0,0,0,0,1,0.4999999999999999,0.8660254037844387,0.120536680255323,0.992708874098054,1,773.7,355469.318,355036.364,354170.455,352438.636,350706.818,344645.455,351244.318,355252.841,558.9419850202311,354386.931875,1060.5178110311092,353521.02275,1561.039876605696,350490.3409230769,3311.465535997141,355902.273,354603.409,355902.273,351139.773,0.12179813505028836,0.48897867553632235,1.4814240081297614,1.3261296372059528,1.359,-0.000148246757536441,0.73,12.782414267859481,5.002,0,0,0.0,295354.58,364,2023,1
Fish (dried),2023-01-09,356335.227,NGN,NGN/MT,WFP Nigeria,retail,National,,,0.9,True,WFP VAM retail data,WFP,historical,False,,,460.0,896.8909090909091,291.6933333333333,20.5,25.7,1,0,0,0,0,0,0,0,0,1,0,0,1,0,0,0,0,0,0,1,0.4999999999999999,0.8660254037844387,0.2393156642875577,0.970941817426052,1,774.64,355902.273,355469.318,354603.409,352871.591,351139.773,345078.409,355750.0,355685.7955,558.9417268210923,354819.886375,1060.5177527095184,353953.97725,1561.0398766056285,350923.2954615385,3311.4655098483636,356335.227,355036.364,356335.227,351572.727,0.12164968668240128,0.48838165568791947,1.4795971289757626,0.16450513000703104,1.357,-0.00014844836788707738,0.747,12.783630021979628,4.99,0,0,0.0,295713.88,365,2023,1
Fish (dried),2023-01-16,356768.182,NGN,NGN/MT,WFP Nigeria,retail,National,,,0.9,True,WFP VAM retail data,WFP,historical,False,,,460.0,896.8909090909091,291.6933333333333,20.5,25.7,1,0,0,0,0,0,0,0,0,1,0,0,1,0,0,0,0,0,0,1,0.4999999999999999,0.8660254037844387,0.3546048870425356,0.9350162426854148,1,775.58,356335.227,355902.273,355036.364,353304.545,351572.727,345511.364,351553.846,356118.75,558.9419850197164,355252.841,1060.5176652272812,354386.93183333334,1561.0398639987297,351356.25,3311.4655464567445,356768.182,355469.318,356768.182,352005.682,0.1215021606606248,0.48778609055379896,1.4777753224299417,1.4832254174798498,1.355,-0.00014752602177647844,0.758,12.784844302639216,4.99,0,0,0.0,296073.18,366,2023,1
Fish (dried),2023-01-23,357201.136,NGN,NGN/MT,WFP Nigeria,retail,National,,,0.9,True,WFP VAM retail data,WFP,historical,False,,,460.0,896.8909090909091,291.6933333333333,20.5,25.7,1,0,0,0,0,0,0,0,0,1,0,0,1,0,0,0,0,0,0,1,0.4999999999999999,0.8660254037844387,0.4647231720437685,0.8854560256532099,1,776.52,356768.182,356335.227,355469.318,353737.5,352005.682,345944.318,347357.692,356551.7045,558.9417268206039,355685.7955,1060.5175485844732,354819.8863333333,1561.0398387850123,351789.2045384615,3311.465509848442,357201.136,355902.273,357201.136,352438.636,0.12135443176937155,0.4871919775647049,1.4759574250281737,2.8338062541019005,1.354,-0.0001477288912532515,0.765,12.786057107809826,4.99,0,0,0.0,296432.48,367,2023,1
Fish (dried),2023-01-30,357634.091,NGN,NGN/MT,WFP Nigeria,retail,National,,,0.9,True,WFP VAM retail data,WFP,historical,False,,,460.0,896.8909090909091,291.6933333333333,20.5,25.7,1,0,0,0,0,0,0,0,0,1,0,0,1,0,0,0,0,0,0,1,0.4999999999999999,0.8660254037844387,0.5680647467311558,0.8229838658936564,1,777.47,357201.136,356768.182,355902.273,354170.455,352438.636,346377.273,343161.538,356984.659,558.9419850192542,356118.75,1060.517665226407,355252.84091666667,1561.0398009644746,352222.1590769231,3311.465535997302,357634.091,356335.227,357634.091,352871.591,0.12120762124341322,0.48659930868157897,1.474144565693991,4.217416988030864,1.352,-0.00014681052595832966,0.767,12.787268446661773,4.99,0,0,0.0,296791.78,368,2023,1
Fish (dried),2023-02-06,358067.045,NGN,NGN/MT,WFP Nigeria,retail,National,,,0.9,True,WFP VAM retail data,WFP,historical,False,,,460.0,896.8909090909091,291.6933333333333,20.5,25.7,1,0,0,0,0,0,0,0,1,1,0,0,1,0,0,0,0,0,0,0,0.8660254037844386,0.5000000000000001,0.6631226582407952,0.7485107481711011,1,778.41,357634.091,357201.136,356335.227,354603.409,352871.591,346810.227,338965.385,357417.6135,558.9417268201418,356551.7045,1060.5175485835991,355685.79541666666,1561.0397505371216,352655.1136153846,3311.465488929476,358067.045,356768.182,358067.045,353304.545,0.12106060660754814,0.48600808137331253,1.4723355839660002,5.635283378566802,1.35,-0.00014701463586508368,0.765,12.788478317154258,4.99,0,0,0.0,297151.07,369,2023,1
Fish (dried),2023-02-13,358500.0,NGN,NGN/MT,WFP Nigeria,retail,National,,,0.9,True,WFP VAM retail data,WFP,historical,False,,,460.0,896.8909090909091,291.6933333333333,20.5,25.7,1,0,0,0,0,0,0,0,1,1,0,0,1,0,0,0,0,0,0,0,0.8660254037844386,0.5000000000000001,0.7485107481711011,0.6631226582407953,1,779.35,358067.045,357634.091,356768.182,355036.364,353304.545,347243.182,334769.231,357850.56799999997,558.941985018792,356984.659,1060.517665225533,356118.75,1561.0396875029244,353088.06815384614,3311.4655046188136,358500.0,357201.136,358500.0,353737.5,0.1209145063880479,0.48541828766557327,1.4705316060963813,7.088694779120841,1.349,-0.00014610021950023366,0.76,12.7896867284182,4.99,0,0,0.0,297510.37,370,2023,1
Fish (dried),2023-02-20,358147.727,NGN,NGN/MT,WFP Nigeria,retail,National,,,0.9,True,WFP VAM retail data,WFP,historical,False,,,460.0,896.8909090909091,291.6933333333333,20.5,25.7,1,0,0,0,0,0,0,0,1,1,0,0,1,0,0,0,0,0,0,0,0.8660254037844386,0.5000000000000001,0.8229838658936564,0.5680647467311559,1,778.58,358500.0,358067.045,357201.136,355469.318,353737.5,347676.136,333940.559,358087.21575,355.80019963766523,357319.460125,928.3332612588157,356486.2689166667,1465.6940093746587,353490.8216538461,3263.36490624525,358500.0,357634.091,358500.0,354170.455,-0.0982630404463003,0.26500223672301093,1.2467513339694092,7.248945163321707,1.3,-0.2191775468343482,0.724,12.788703617659623,4.99,0,0,0.0,297218.03,371,2023,1
Fish (dried),2023-02-27,357795.455,NGN,NGN/MT,WFP Nigeria,retail,National,,,0.9,True,WFP VAM retail data,WFP,historical,False,,,460.0,896.8909090909091,291.6933333333333,20.5,25.7,1,0,0,0,0,0,0,0,1,1,0,0,1,0,0,0,0,0,0,0,0.8660254037844386,0.5000000000000001,0.8854560256532099,0.4647231720437686,1,777.82,358147.727,358500.0,357634.091,355902.273,354170.455,348109.091,333111.888,358127.55675,290.44451979712693,357556.107875,737.0552432128178,356788.35225,1310.3354962866272,353863.3741153846,3176.1418573202864,358500.0,357795.455,358500.0,354603.409,-0.0983594124555176,0.04511985967243781,1.023518463729567,7.409992824993394,1.205,-9.637200921730482e-05,0.688,12.78771954223797,4.99,0,0,0.0,296925.69,372,2023,1
Fish (dried),2023-03-06,357443.182,NGN,NGN/MT,WFP Nigeria,retail,National,,,0.9,True,WFP VAM retail data,WFP,historical,False,,,460.0,896.8909090909091,291.6933333333333,20.5,25.7,1,0,0,1,0,0,0,0,1,1,0,0,0,0,0,0,0,0,0,0,1.0,6.123233995736766e-17,0.9350162426854148,0.3546048870425355,0,777.05,357795.455,358147.727,358067.045,356335.227,354603.409,348542.045,332283.217,357971.591,454.7819708747372,357694.60225,556.9700720199249,357025.0,1122.884651483843,354205.7255384615,3057.1103445123954,358500.0,357443.182,358500.0,355036.364,-0.0984565329372411,-0.17423077848451873,0.8008307105699553,7.571843449439086,1.063,-9.712048172350052e-05,0.652,12.78673449466024,4.99,0,0,0.0,296633.35,373,2023,1
Fish (dried),2023-03-13,357090.909,NGN,NGN/MT,WFP Nigeria,retail,National,,,0.9,True,WFP VAM retail data,WFP,historical,False,,,460.0,896.8909090909091,291.6933333333333,20.5,25.7,1,0,0,1,0,0,0,0,1,1,0,0,0,0,0,0,0,0,0,0,1.0,6.123233995736766e-17,0.970941817426052,0.239315664287558,0,776.28,357443.182,357795.455,358500.0,356768.182,355036.364,348975.0,331454.545,357619.31825,454.78209997447294,357734.943125,487.6593657169042,357196.21208333335,932.6149586438838,354517.8758846154,2912.583057064242,358147.727,357090.909,358500.0,355469.318,-0.09855356536077053,-0.39305188284519677,0.5786857934360734,7.734503685867389,0.875,-9.703242352943064e-05,0.617,12.785748475806953,4.99,0,0,0.0,296341.0,374,2023,1
Fish (dried),2023-03-20,348380.682,NGN,NGN/MT,WFP Nigeria,retail,National,,,0.9,True,WFP VAM retail data,WFP,historical,False,,,460.0,896.8909090909091,291.6933333333333,20.5,25.7,1,0,0,1,0,0,0,0,1,1,0,0,0,0,0,0,0,0,0,0,1.0,6.123233995736766e-17,0.992708874098054,0.120536680255323,0,757.35,357090.909,357443.182,358147.727,357201.136,355469.318,349407.955,309590.909,355177.55700000003,4540.369743391249,356632.386375,3362.755707771268,356605.49241666665,2698.6779263526955,354478.3653846154,2990.5970699370887,357795.455,348380.682,358500.0,348380.682,-2.4392183560181357,-2.7270995356617256,-1.9941625454155343,12.529364355463034,0.197,-2.340664790657365,0.246,12.76105394508111,4.99,0,0,0.0,289112.6,375,2023,1
Fish (dried),2023-03-27,339670.455,NGN,NGN/MT,WFP Nigeria,retail,National,,,0.9,True,WFP VAM retail data,WFP,historical,False,,,460.0,896.8909090909091,291.6933333333333,20.5,25.7,1,0,0,1,0,0,0,0,1,1,0,0,0,0,0,0,0,1,0,0,1.0,6.123233995736766e-17,1.0,-1.6081226496766364e-16,0,738.41,348380.682,357090.909,357795.455,357634.091,355902.273,349840.909,287727.273,350646.30700000003,8432.72965830395,354386.931875,6819.3428482408135,355252.84091666667,5595.911412016657,354087.1940769231,4085.983794958005,357443.182,339670.455,358500.0,339670.455,-2.5002037856966974,-5.065743498614317,-4.560751428524867,18.05292263691667,-0.972,-0.06098542967856169,-0.152,12.735734120591461,4.99,0,0,0.0,281884.2,376,2023,1
Fish (dried),2023-04-03,330960.227,NGN,NGN/MT,WFP Nigeria,retail,National,,,0.9,True,WFP VAM retail data,WFP,historical,False,,,460.0,896.8909090909091,291.6933333333333,20.5,25.7,0,1,1,1,0,0,0,0,1,0,0,0,0,0,0,0,0,1,0,0,0.8660254037844387,-0.4999999999999998,0.992708874098054,-0.1205366802553228,0,719.48,339670.455,348380.682,357443.182,358067.045,356335.227,350273.864,265863.636,344025.56825,11244.855091520762,350998.579625,10480.893358187788,353138.25758333335,8943.04427032049,353344.3618846154,6077.334672054335,357090.909,330960.227,358500.0,330960.227,-2.5643172291802685,-7.408997103209525,-7.121103409739504,24.484954760793244,-2.637,-0.06411344348357106,-0.645,12.709756508525086,4.99,0,0,0.5,274655.79,377,2023,2
Fish (dried),2023-04-10,322250.0,NGN,NGN/MT,WFP Nigeria,retail,National,,,0.9,True,WFP VAM retail data,WFP,historical,False,,,460.0,896.8909090909091,291.6933333333333,20.5,25.7,0,1,1,1,0,0,0,0,1,0,0,0,0,0,0,0,0,1,0,0,0.8660254037844387,-0.4999999999999998,0.970941817426052,-0.2393156642875575,0,700.54,330960.227,339670.455,357090.909,358500.0,356768.182,350706.818,244000.0,335315.341,11244.855220620533,346467.329625,14014.765628805839,350261.74241666665,12509.539924120922,352249.86888461537,8607.222160647883,348380.682,322250.0,358500.0,322250.0,-2.631804757615186,-9.756873704113255,-9.675241162621385,32.06967213114753,-4.808,-0.06748752843491745,-1.501,12.68308602397738,4.99,0,0,0.5,267427.39,378,2023,2
Fish (dried),2023-04-17,324400.0,NGN,NGN/MT,WFP Nigeria,retail,National,,,0.9,True,WFP VAM retail data,WFP,historical,False,,,460.0,896.8909090909091,291.6933333333333,20.5,25.7,0,1,1,1,0,0,0,0,1,0,0,0,0,0,0,0,0,1,0,0,0.8660254037844387,-0.4999999999999998,0.9350162426854148,-0.3546048870425354,0,705.22,322250.0,330960.227,348380.682,358147.727,357201.136,351139.773,268295.455,329320.1705,7831.848721766042,342248.86375,15038.366688691136,347528.3144166667,14309.531071004089,351221.4160769231,10196.056340501464,339670.455,322250.0,358500.0,322250.0,0.6671838634600524,-6.883470651222845,-9.18281962014813,20.911477982360903,-6.236,3.2989886210752384,-1.915,12.6897356838327,4.99,0,0,0.5,269211.62,379,2023,2
Fish (dried),2023-04-24,326550.0,NGN,NGN/MT,WFP Nigeria,retail,National,,,0.9,True,WFP VAM retail data,WFP,historical,False,,,460.0,896.8909090909091,291.6933333333333,20.5,25.7,0,1,1,1,0,0,0,0,1,0,0,0,0,0,0,0,0,0,0,0,0.8660254037844387,-0.4999999999999998,0.8854560256532099,-0.4647231720437685,0,709.89,324400.0,322250.0,339670.455,357795.455,357634.091,351572.727,292590.909,326040.05675,3720.3240772037807,338343.181875,14470.612213930412,344937.9735,15105.18886412561,350259.0035,11284.435807197904,330960.227,322250.0,358500.0,322250.0,0.6627620221948183,-3.862701276153091,-8.69159059000335,11.606338391053717,-6.915,-0.00442184126523415,-2.235,12.69634141764429,4.99,0,0,0.5,270995.85,380,2023,2
Fish (dried),2023-05-01,328700.0,NGN,NGN/MT,WFP Nigeria,retail,National,,,0.9,True,WFP VAM retail data,WFP,historical,False,,,460.0,896.8909090909091,291.6933333333333,22.4,28.8,0,1,1,1,0,0,0,0,1,0,1,0,0,0,0,0,0,0,0,0,0.4999999999999999,-0.8660254037844387,0.8229838658936565,-0.5680647467311557,0,714.57,326550.0,324400.0,330960.227,357443.182,358067.045,352005.682,316886.364,325475.0,2775.63806475923,334750.284125,12482.559049017196,342490.71975,15163.546870888285,349362.63111538463,12040.450927686152,328700.0,322250.0,358500.0,322250.0,0.6583984075945404,-0.682930097216794,-8.201549237797067,3.728035454375056,-6.837,-0.004363614600277899,-2.177,12.702903801935484,4.99,0,0,0.5,268545.75,381,2023,2
Fish (dried),2023-05-08,330850.0,NGN,NGN/MT,WFP Nigeria,retail,National,,,0.9,True,WFP VAM retail data,WFP,historical,False,,,460.0,896.8909090909091,291.6933333333333,22.4,28.8,0,1,1,1,0,0,0,0,1,0,1,0,0,0,0,0,0,0,0,0,0.4999999999999999,-0.8660254037844387,0.7485107481711013,-0.663122658240795,0,719.24,328700.0,326550.0,322250.0,357090.909,358500.0,352438.636,341181.818,327625.0,2775.6380647588694,331470.1705,8625.009285232518,340186.55308333336,14600.011782696261,348532.2989615385,12553.312598172786,330850.0,324400.0,358147.727,322250.0,0.6540918770915782,2.6687354538401875,-7.712691771269176,-3.0282440197326177,-5.999,-0.004306530502962147,-1.856,12.709423401953394,4.99,0,0,0.5,270302.29,382,2023,2
Fish (dried),2023-05-15,333000.0,NGN,NGN/MT,WFP Nigeria,retail,National,,,0.9,True,WFP VAM retail data,WFP,historical,False,,,460.0,896.8909090909091,291.6933333333333,22.4,28.8,0,1,1,1,0,0,0,0,1,0,1,0,0,0,0,0,0,0,0,0,0.4999999999999999,-0.8660254037844387,0.6631226582407952,-0.7485107481711012,0,723.91,330850.0,328700.0,324400.0,348380.682,358147.727,352871.591,341614.773,329775.0,2775.6380647585083,329547.58525,5445.047591970385,338090.9091666667,13554.958436114994,347768.007,12879.249338462776,333000.0,326550.0,357795.455,322250.0,0.6498413178177342,2.6510480887792953,-7.021607315687362,-2.521779993396245,-5.174,-0.00425055927384399,-1.569,12.715900771961074,4.99,0,0,0.5,272058.82,383,2023,2
Fish (dried),2023-05-22,371833.333,NGN,NGN/MT,WFP Nigeria,retail,National,,,0.9,True,WFP VAM retail data,WFP,historical,False,,,460.0,896.8909090909091,291.6933333333333,22.4,28.8,0,1,1,1,0,0,0,0,1,0,1,0,0,0,0,0,0,0,0,0,0.4999999999999999,-0.8660254037844387,0.5680647467311558,-0.8229838658936564,0,808.33,333000.0,330850.0,326550.0,339670.455,357795.455,353304.545,342047.727,341095.83325,20566.722213657366,333567.94499999995,15873.812367712968,339260.7323333333,15825.658351975508,348480.6526923077,13685.26037686724,371833.333,328700.0,371833.333,322250.0,11.661661561561566,13.867197366406359,3.9234366462256975,8.708026292482863,-2.119,11.01182024374383,2.398,12.826203692663503,4.99,0,0,0.5,303785.4,384,2023,2
Fish (dried),2023-05-29,410666.667,NGN,NGN/MT,WFP Nigeria,retail,National,,,0.9,True,WFP VAM retail data,WFP,historical,False,,,460.0,896.8909090909091,291.6933333333333,22.4,28.8,0,1,1,1,0,0,0,0,1,0,1,0,0,0,0,0,0,0,0,0,0.4999999999999999,-0.8660254037844387,0.464723172043769,-0.8854560256532096,0,892.75,371833.333,333000.0,328700.0,330960.227,357443.182,353737.5,342480.682,361587.5,37752.61929004525,343531.25,31412.278314330968,343696.02275,25738.387499441113,350670.23603846156,18327.000371531478,410666.667,330850.0,410666.667,322250.0,10.44374738721987,24.93661910556739,14.890054610133818,19.909439738852196,3.113,-1.2179141743416952,4.672,12.925539570281149,4.99,1,3,0.5,335511.98,385,2023,2
Fish (dried),2023-06-05,449500.0,NGN,NGN/MT,WFP Nigeria,retail,National,,,0.9,True,WFP VAM retail data,WFP,historical,False,,,460.0,896.8909090909091,291.6933333333333,22.4,28.8,0,1,1,0,0,0,0,1,0,0,1,0,0,0,0,0,0,0,1,0,1.2246467991473532e-16,-1.0,0.3546048870425358,-0.9350162426854148,0,977.17,410666.667,371833.333,330850.0,322250.0,357090.909,354170.455,342913.636,391250.0,50133.617845304805,359437.5,47297.73879339669,351396.78033333336,39989.258918962565,354336.757,26685.214259864006,449500.0,333000.0,449500.0,322250.0,9.456168742324532,35.8621731902675,25.878309604347848,31.08256797347073,10.418,-0.9875786448953381,5.146,13.015893357585442,4.99,1,3,0.5,367238.56,386,2023,2
Fish (dried),2023-06-12,488333.333,NGN,NGN/MT,WFP Nigeria,retail,National,,,0.9,True,WFP VAM retail data,WFP,historical,False,,,460.0,896.8909090909091,291.6933333333333,22.4,28.8,0,1,1,0,0,0,0,1,0,0,1,0,0,0,0,0,0,0,1,0,1.2246467991473532e-16,-1.0,0.2393156642875576,-0.970941817426052,0,1061.59,449500.0,410666.667,333000.0,324400.0,348380.682,354603.409,343346.591,430083.33325,50133.617716204935,379929.16662499995,62890.80652179293,363059.50125,56166.02257809984,359480.21561538463,37453.80805689776,488333.333,371833.333,488333.333,322250.0,8.639228698553936,46.646646546546535,40.17233395277642,42.2275175581982,19.64,-0.8169400437705967,4.994,13.098755558862075,4.99,1,3,0.5,398965.14,387,2023,2
Fish (dried),2023-06-19,514077.292,NGN,NGN/MT,WFP Nigeria,retail,National,,,0.9,True,WFP VAM retail data,WFP,historical,False,,,920.0,896.8909090909091,291.6933333333333,22.4,28.8,0,1,1,0,0,0,0,1,0,0,1,0,0,0,0,0,0,0,1,0,1.2246467991473532e-16,-1.0,0.120536680255323,-0.992708874098054,0,558.78,488333.333,449500.0,371833.333,326550.0,339670.455,355036.364,343779.545,465644.323,45253.8229888441,403370.078125,74101.61774903756,377593.4043333333,70340.31340378987,365597.1743846154,48156.97451433945,514077.292,410666.667,514077.292,322250.0,5.271800481414202,38.25476265195409,51.3458955386626,49.536905111675566,27.365,-3.367428217139734,4.503,13.150130851904079,4.99,1,3,0.5,419997.79,388,2023,2
Fish (dried),2023-06-26,539821.25,NGN,NGN/MT,WFP Nigeria,retail,National,,,0.9,True,WFP VAM retail data,WFP,historical,False,,,920.0,896.8909090909091,291.6933333333333,22.4,28.8,0,1,1,0,0,0,0,1,0,0,1,0,0,0,0,0,0,0,1,0,1.2246467991473532e-16,-1.0,-3.216245299353273e-16,-1.0,0,586.76,514077.292,488333.333,410666.667,328700.0,330960.227,355469.318,344212.5,497932.96875,38527.79407021131,429760.234375,80984.23765051251,394998.4895833333,82535.57544692504,372687.6333076923,58964.96251409667,539821.25,449500.0,539821.25,322250.0,5.0077990995953225,31.44997960109579,63.107589964276876,56.8279042742492,33.606,-0.2640013818188791,4.16,13.198995197686552,4.99,1,3,0.5,441030.43,389,2023,2
Fish (dried),2023-07-03,565565.208,NGN,NGN/MT,WFP Nigeria,retail,National,,,0.9,True,WFP VAM retail data,WFP,historical,False,,,920.0,896.8909090909091,291.6933333333333,22.4,28.8,0,1,1,0,0,0,1,1,0,0,1,0,0,0,0,0,0,0,1,0,-0.4999999999999997,-0.8660254037844388,-0.1205366802553228,-0.992708874098054,0,614.74,539821.25,514077.292,449500.0,330850.0,322250.0,355902.273,344645.455,526949.27075,33235.307253781044,459099.63537499995,82533.52567610802,415274.75691666664,92343.4655113014,380751.59234615386,69900.2052317516,565565.208,488333.333,565565.208,324400.0,4.768978249744715,25.82095839822025,75.50510721489528,64.1005850490615,38.397,-0.23882084985060725,3.896,13.24558264637656,4.99,1,3,0.5,462063.08,390,2023,3
Fish (dried),2023-07-10,591309.167,NGN,NGN/MT,WFP Nigeria,retail,National,,,0.9,True,WFP VAM retail data,WFP,historical,False,,,920.0,896.8909090909091,291.6933333333333,22.4,28.8,0,1,1,0,0,0,1,1,0,0,1,0,0,0,0,0,0,0,1,0,-0.4999999999999997,-0.8660254037844388,-0.2393156642875574,-0.970941817426052,0,642.73,565565.208,539821.25,488333.333,333000.0,324400.0,356335.227,345078.409,552693.22925,33235.30725378069,491388.28125,76457.52230110305,437517.1875,100269.48022870308,389789.05157692306,80935.95819668165,591309.167,514077.292,591309.167,326550.0,4.551899345265253,21.087201516100485,82.27779500616523,71.35501717234358,41.793,-0.21707890447946188,3.682,13.290095975978707,4.99,1,3,0.5,483095.72,391,2023,3
Fish (dried),2023-07-17,575192.778,NGN,NGN/MT,WFP Nigeria,retail,National,,,0.9,True,WFP VAM retail data,WFP,historical,False,,,920.0,896.8909090909091,291.6933333333333,22.4,28.8,0,1,1,0,0,0,1,1,0,0,1,0,0,0,0,0,0,0,1,0,-0.4999999999999997,-0.8660254037844388,-0.3546048870425356,-0.9350162426854148,0,625.21,591309.167,565565.208,514077.292,371833.333,326550.0,356768.182,345511.364,567972.10075,21564.016105256043,516808.21187500004,63786.13155984323,458237.419,100942.18458448804,398189.9975769231,88366.26594764642,591309.167,539821.25,591309.167,328700.0,-2.7255435733841704,11.888384675042207,76.14232981166744,66.47579151694704,42.638,-7.277442918649424,3.024,13.262462268223375,4.99,1,3,0.5,469928.74,392,2023,3
Fish (dried),2023-07-24,559076.389,NGN,NGN/MT,WFP Nigeria,retail,National,,,0.9,True,WFP VAM retail data,WFP,historical,False,,,920.0,896.8909090909091,291.6933333333333,22.4,28.8,0,1,1,0,0,0,1,1,0,0,1,0,0,0,0,0,0,0,1,0,-0.4999999999999997,-0.8660254037844388,-0.464723172043768,-0.8854560256532101,0,607.69,575192.778,591309.167,539821.25,410666.667,328700.0,357201.136,345944.318,572785.8855,14011.823184679872,535359.4271249999,48178.36593118059,477435.4514166666,95844.73831102623,405954.4303846154,93349.1984480997,591309.167,559076.389,591309.167,330850.0,-2.8019108751744626,3.566947207061588,70.08712777608761,61.60877919087542,41.096,-0.07636730179029216,2.542,13.234043184415512,4.99,1,3,0.5,456761.76,393,2023,3
Fish (dried),2023-07-31,542960.0,NGN,NGN/MT,WFP Nigeria,retail,National,,,0.9,True,WFP VAM retail data,WFP,historical,False,,,920.0,896.8909090909091,291.6933333333333,22.4,28.8,0,1,1,0,0,0,1,1,0,0,1,0,0,0,0,0,0,0,1,0,-0.4999999999999997,-0.8660254037844388,-0.5680647467311556,-0.8229838658936565,0,590.17,559076.389,575192.778,565565.208,449500.0,330850.0,357634.091,346377.273,567134.5835,20806.168732657934,547041.9271249999,33471.022943918026,495111.28474999993,85336.39497077453,413082.34996153845,96533.20755161658,591309.167,542960.0,591309.167,333000.0,-2.882681028405931,-3.9969233751026567,64.11062414991689,56.75393344874564,37.293,-0.08077015323146863,2.158,13.204792773132242,4.99,1,3,0.5,443594.77,394,2023,3
Fish (dried),2023-08-07,526843.611,NGN,NGN/MT,WFP Nigeria,retail,National,,,0.9,True,WFP VAM retail data,WFP,historical,False,,,920.0,896.8909090909091,291.6933333333333,22.4,28.8,0,1,0,0,1,0,1,1,0,0,1,0,0,0,0,1,0,0,1,0,-0.8660254037844384,-0.5000000000000004,-0.663122658240795,-0.7485107481711013,0,572.66,542960.0,559076.389,591309.167,488333.333,333000.0,358067.045,346810.227,551018.1945,20806.168732658243,551855.711875,25685.066254767902,511264.919,68557.14037795964,419573.7563461539,98343.44868063786,575192.778,526843.611,591309.167,371833.333,-2.9682460954766454,-10.902174293536692,58.2112945945946,51.911209642615304,31.328,-0.0855650670707142,1.834,13.17466092825751,4.99,1,3,0.0,430427.79,395,2023,3
Fish (dried),2023-08-14,510727.222,NGN,NGN/MT,WFP Nigeria,retail,National,,,0.9,True,WFP VAM retail data,WFP,historical,False,,,920.0,896.8909090909091,291.6933333333333,22.4,28.8,0,1,0,0,1,0,1,1,0,0,1,0,0,0,0,1,0,0,1,0,-0.8660254037844384,-0.5000000000000004,-0.7485107481711011,-0.6631226582407952,0,555.14,526843.611,542960.0,575192.778,514077.292,371833.333,358500.0,347243.182,534901.8055,20806.168732658578,551436.953125,26406.165945538698,522839.40975000005,52788.077489112715,425428.6495,99090.56946583607,559076.389,510727.222,591309.167,410666.667,-3.05904611226272,-11.207643500697785,37.35380254357133,47.08056154145024,25.732,-0.09080001678607452,1.549,13.143592872514793,4.99,1,3,0.0,417260.8,396,2023,3
Fish (dried),2023-08-21,504876.667,NGN,NGN/MT,WFP Nigeria,retail,National,,,0.9,True,WFP VAM retail data,WFP,historical,False,,,920.0,896.8909090909091,291.6933333333333,22.4,28.8,0,1,0,0,1,0,1,1,0,0,1,0,0,0,0,1,0,0,1,0,-0.8660254037844384,-0.5000000000000004,-0.8229838658936564,-0.5680647467311559,0,548.78,510727.222,526843.611,559076.389,539821.25,410666.667,358147.727,347676.136,521351.87500000006,17140.458573426098,547068.8802499999,31078.918898798373,530690.2430833332,40059.843050654636,431072.07026923075,99283.5808643863,542960.0,504876.667,591309.167,449500.0,-1.1455342006422398,-9.69451099463261,22.94074673462603,45.21464510293569,20.943,1.9135119116204802,1.411,13.132071435347429,4.99,1,3,0.0,412480.94,397,2023,3
Fish (dried),2023-08-28,499026.111,NGN,NGN/MT,WFP Nigeria,retail,National,,,0.9,True,WFP VAM retail data,WFP,historical,False,,,920.0,896.8909090909091,291.6933333333333,22.4,28.8,0,1,0,0,1,0,1,1,0,0,1,0,0,0,0,1,0,0,1,0,-0.8660254037844384,-0.5000000000000004,-0.8854560256532096,-0.4647231720437691,0,542.42,504876.667,510727.222,542960.0,565565.208,449500.0,357795.455,348109.091,510368.40275,11977.31163247178,538751.493125,34171.53474479503,534817.419,32834.37776279413,436504.0185769231,98977.14229353142,526843.611,499026.111,591309.167,488333.333,-1.158808949275536,-8.091551679681752,11.018044716351504,43.35336936087082,16.922,-0.013274748633296252,1.283,13.120415703919122,4.99,1,3,0.0,407701.07,398,2023,3
Fish (dried),2023-09-04,493175.556,NGN,NGN/MT,WFP Nigeria,retail,National,,,0.9,True,WFP VAM retail data,WFP,historical,False,,,920.0,896.8909090909091,291.6933333333333,22.4,28.8,0,1,0,0,1,1,0,0,0,0,0,0,0,0,0,1,0,0,0,0,-1.0,-1.8369701987210287e-16,-0.9350162426854148,-0.3546048870425359,0,536.06,499026.111,504876.667,526843.611,591309.167,488333.333,357443.182,348542.045,501951.38899999997,7553.0345434007795,526484.79175,29964.116082853434,535220.9375833333,32235.469693066643,441724.49450000003,98216.96942953442,510727.222,493175.556,591309.167,493175.556,-1.1723945643397404,-6.390521645710923,0.9915815023833208,41.49671842316758,13.634,-0.013585615064204415,1.164,13.108622514673753,4.99,1,3,0.5,402921.21,399,2023,3
Fish (dried),2023-09-11,487325.0,NGN,NGN/MT,WFP Nigeria,retail,National,,,0.9,True,WFP VAM retail data,WFP,historical,False,,,920.0,896.8909090909091,291.6933333333333,22.4,28.8,0,1,0,0,1,1,0,0,0,0,0,0,0,0,0,1,0,0,0,0,-1.0,-1.8369701987210287e-16,-0.970941817426052,-0.2393156642875577,0,529.7,493175.556,499026.111,510727.222,575192.778,514077.292,357090.909,348975.0,496100.8335,7553.034801600046,515501.3195,25300.665808371243,532991.5799166666,34664.2430792369,446733.498,97041.95925220884,504876.667,487325.0,591309.167,487325.0,-1.1863029156295002,-4.582137194167424,-5.2039435346232015,39.644673687226884,11.051,-0.013908351289759757,1.052,13.096688582630915,4.99,1,3,0.5,398141.34,400,2023,3
Fish (dried),2023-09-18,493843.512,NGN,NGN/MT,WFP Nigeria,retail,National,,,0.9,True,WFP VAM retail data,WFP,historical,False,,,920.0,896.8909090909091,291.6933333333333,22.4,28.8,0,1,0,0,1,1,0,0,0,0,0,0,0,0,0,1,0,0,0,0,-1.0,-1.8369701987210287e-16,-0.992708874098054,-0.1205366802553235,0,536.79,487325.0,493175.556,504876.667,559076.389,539821.25,348380.682,349407.955,493342.54475,4788.619270857569,507347.209875,18970.74343747466,529160.10175,36341.15042918316,452328.2222307693,95322.77775473334,499026.111,487325.0,591309.167,487325.0,1.337610834658598,-2.185316874625942,-8.51721528191045,41.33722628038048,9.067,2.523913750288098,1.089,13.109975993588488,4.99,1,3,0.5,403466.92,401,2023,3
Fish (dried),2023-09-25,500362.024,NGN,NGN/MT,WFP Nigeria,retail,National,,,0.9,True,WFP VAM retail data,WFP,historical,False,,,920.0,896.8909090909091,291.6933333333333,22.4,28.8,0,1,0,0,1,1,0,0,0,0,0,0,0,0,0,1,0,0,0,0,-1.0,-1.8369701987210287e-16,-1.0,-1.8369701987210287e-16,0,543.87,493843.512,487325.0,499026.111,542960.0,565565.208,339670.455,349840.909,493676.5229999999,5332.81105674527,502022.46287499997,12380.412538143979,523726.5030833334,35261.5950588767,458508.6671923077,92904.92498655884,500362.024,487325.0,591309.167,487325.0,1.319954973914883,0.2677040280162801,-11.528853450971122,43.02558995466137,7.67,-0.017655860743714946,1.123,13.123089161958989,4.99,1,3,0.5,408792.5,402,2023,3
Fish (dried),2023-10-02,506880.536,NGN,NGN/MT,WFP Nigeria,retail,National,,,0.9,True,WFP VAM retail data,WFP,historical,False,,,920.0,896.8909090909091,291.6933333333333,22.4,28.8,0,1,0,0,0,1,0,0,0,1,0,1,0,1,1,1,1,0,0,0,-0.8660254037844386,0.5000000000000001,-0.992708874098054,0.1205366802553232,0,550.96,500362.024,493843.512,493175.556,526843.611,591309.167,330960.227,350273.864,497102.768,8415.362805999614,499527.0785,7843.270428619212,516690.7838333333,28283.523870042623,465274.83292307693,89591.08310525308,506880.536,487325.0,575192.778,487325.0,1.302759139850318,2.7789252393523034,-14.278255050289113,44.70977943133092,6.841,-0.01719583406456504,1.154,13.136032598466583,4.99,1,3,0.5,414118.08,403,2023,4
Fish (dried),2023-10-09,513399.048,NGN,NGN/MT,WFP Nigeria,retail,National,,,0.9,True,WFP VAM retail data,WFP,historical,False,,,920.0,896.8909090909091,291.6933333333333,22.4,28.8,0,1,0,0,0,1,0,0,0,1,0,1,0,1,1,1,1,0,0,0,-0.8660254037844386,0.5000000000000001,-0.970941817426052,0.2393156642875573,0,558.04,506880.536,500362.024,487325.0,510727.222,575192.778,322250.0,350706.818,503621.28,8415.362805999279,499861.05675,8423.726938422353,511541.3063333333,21468.119553132874,472626.71938461537,85116.05851900755,513399.048,493843.512,559076.389,487325.0,1.2860055845584917,5.350443338634392,-10.743133843728481,46.38981099021575,6.558,-0.016753555291826316,1.183,13.148810640913524,4.99,1,3,0.5,419443.67,404,2023,4
Fish (dried),2023-10-16,524390.93,NGN,NGN/MT,WFP Nigeria,retail,National,,,0.9,True,WFP VAM retail data,WFP,historical,False,,,920.0,896.8909090909091,291.6933333333333,22.4,28.8,0,1,0,0,0,1,0,0,0,1,0,1,0,1,1,1,1,0,0,0,-0.8660254037844386,0.5000000000000001,-0.9350162426854148,0.3546048870425355,0,569.99,513399.048,506880.536,493843.512,504876.667,559076.389,324400.0,351139.773,511258.1345,10246.014199251087,502300.339625,12104.7319947832,508650.8514166667,16166.61463794057,480318.67823076923,80072.12663673234,524390.93,500362.024,542960.0,487325.0,2.141001632710471,6.185647327082844,-6.204064360872142,49.339656262749834,6.441,0.8549960481519792,1.259,13.16999464173725,4.99,1,3,0.5,428423.96,405,2023,4
Fish (dried),2023-10-23,535382.813,NGN,NGN/MT,WFP Nigeria,retail,National,,,0.9,True,WFP VAM retail data,WFP,historical,False,,,920.0,896.8909090909091,291.6933333333333,22.4,28.8,0,1,0,0,0,1,0,0,0,1,0,1,0,1,1,1,1,0,0,0,-0.8660254037844386,0.5000000000000001,-0.8854560256532101,0.464723172043768,0,581.94,524390.93,513399.048,500362.024,499026.111,542960.0,326550.0,351572.727,520013.33175,12537.987532139572,506844.92737499997,16665.511888918718,508019.4191666667,14794.499379259183,488350.7095,74296.30877835357,535382.813,506880.536,535382.813,487325.0,2.096123783071513,6.99909012279476,-1.3955331884485056,52.282236898313194,6.484,-0.04487784963895791,1.329,13.190739176141046,4.99,1,3,0.5,437404.26,406,2023,4
Fish (dried),2023-10-30,546374.696,NGN,NGN/MT,WFP Nigeria,retail,National,,,0.9,True,WFP VAM retail data,WFP,historical,False,,,920.0,896.8909090909091,291.6933333333333,22.4,28.8,0,1,0,0,0,1,0,0,0,1,0,1,0,1,1,1,1,0,0,0,-0.8660254037844386,0.5000000000000001,-0.822983865893657,0.5680647467311548,0,593.89,535382.813,524390.93,506880.536,493175.556,526843.611,328700.0,352005.682,529886.87175,14190.459546843378,513494.819875,20584.86731732682,509647.00958333333,17818.881167617215,496722.8131923077,67543.93423294411,546374.696,513399.048,546374.696,487325.0,2.053088506597245,7.791611078946614,3.7071883557490803,55.21757856170062,6.677,-0.04303527647426808,1.393,13.211062106015182,4.99,1,3,0.5,446384.56,407,2023,4
Fish (dried),2023-11-06,557366.579,NGN,NGN/MT,WFP Nigeria,retail,National,,,0.9,True,WFP VAM retail data,WFP,historical,False,,,920.0,896.8909090909091,291.6933333333333,22.4,28.8,1,0,0,0,0,1,0,0,0,1,0,1,1,1,1,0,1,0,0,0,-0.5000000000000004,0.8660254037844384,-0.7485107481711011,0.6631226582407952,1,605.83,546374.696,535382.813,513399.048,487325.0,510727.222,330850.0,352438.636,540878.7545,14190.45993414131,522250.01725000003,22655.183150673543,513533.6226666667,22537.56278275888,505434.98930769233,59412.12002186517,557366.579,524390.93,557366.579,487325.0,2.0117847844110415,8.564007115182658,9.131950479819938,58.14570880361709,7.013,-0.04130372218620337,1.45,13.230980227645135,4.99,1,3,0.5,455364.85,408,2023,4
Fish (dried),2023-11-13,568358.462,NGN,NGN/MT,WFP Nigeria,retail,National,,,0.9,True,WFP VAM retail data,WFP,historical,False,,,920.0,896.8909090909091,291.6933333333333,22.4,28.8,1,0,0,0,0,1,0,0,0,1,0,1,1,1,1,0,1,0,0,0,-0.5000000000000004,0.8660254037844384,-0.6631226582407955,0.7485107481711007,1,617.78,557366.579,546374.696,524390.93,493843.512,504876.667,333000.0,352871.591,551870.6375,14190.459934140972,531564.3859999999,24546.75038193594,518823.7722500001,27273.615343900427,514487.23784615385,49128.40918319039,568358.462,535382.813,568358.462,487325.0,1.972110172038155,8.38449513228614,12.57372327725339,61.06665328011629,7.266,-0.039674612372886386,1.502,13.250509353168413,4.99,1,3,0.5,464345.15,409,2023,4
Fish (dried),2023-11-20,579324.846,NGN,NGN/MT,WFP Nigeria,retail,National,,,0.9,True,WFP VAM retail data,WFP,historical,False,,,920.0,896.8909090909091,291.6933333333333,22.4,28.8,1,0,0,0,0,1,0,0,0,1,0,1,1,1,1,0,1,0,0,0,-0.5000000000000004,0.8660254037844384,-0.5680647467311559,0.8229838658936564,1,629.7,568358.462,557366.579,535382.813,500362.024,499026.111,371833.333,353304.545,562856.14575,14180.586506473555,541434.73875,26038.114694612177,525515.3335000001,31498.137987651662,522467.6806538462,41249.44578170864,579324.846,546374.696,579324.846,487325.0,1.9294837207860516,8.207591266102154,16.0910888688949,63.97322202577384,7.73,-0.042626451252103514,1.547,13.269620372005216,4.99,1,3,0.5,473304.61,410,2023,4
Fish (dried),2023-11-27,590291.231,NGN,NGN/MT,WFP Nigeria,retail,National,,,0.9,True,WFP VAM retail data,WFP,historical,False,,,920.0,896.8909090909091,291.6933333333333,22.4,28.8,1,0,0,0,0,1,0,0,0,1,0,1,1,1,1,0,1,0,0,0,-0.5000000000000004,0.8660254037844384,-0.4647231720437684,0.88545602565321,1,641.62,579324.846,568358.462,546374.696,506880.536,493175.556,410666.667,353737.5,573835.2795,14167.419268802765,551861.075625,26910.379888454674,533608.3064166667,34742.639278247596,529376.3177307693,36549.97993827436,590291.231,557366.579,590291.231,487325.0,1.8929595503659913,8.037805433068602,19.6919076419108,66.87267564224885,8.398,-0.03652417042006029,1.587,13.28837300003765,4.99,1,3,0.5,482264.08,411,2023,4
Fish (dried),2023-12-04,601257.615,NGN,NGN/MT,WFP Nigeria,retail,National,,,0.9,True,WFP VAM retail data,WFP,historical,False,,,920.0,896.8909090909091,291.6933333333333,22.4,28.8,1,0,0,0,0,0,0,0,0,1,0,1,1,1,1,0,0,0,0,1,-2.4492935982947064e-16,1.0,-0.3546048870425359,0.9350162426854148,1,653.54,590291.231,579324.846,557366.579,513399.048,487325.0,449500.0,354170.455,584808.0385,14157.541383088901,562843.3965,26899.228292102212,543102.691,36469.32117890557,535213.149076923,35382.72855269236,601257.615,568358.462,601257.615,493843.512,1.8577921243082107,7.874716147987759,23.379185348586674,69.76504011324151,9.266,-0.03516742605778056,1.622,13.306780428781785,4.99,1,3,0.0,491223.54,412,2023,4
Fish (dried),2023-12-11,612224.0,NGN,NGN/MT,WFP Nigeria,retail,National,,,0.9,True,WFP VAM retail data,WFP,historical,False,,,920.0,896.8909090909091,291.6933333333333,22.4,28.8,1,0,0,0,0,0,0,0,0,1,0,1,1,1,1,0,0,0,0,1,-2.4492935982947064e-16,1.0,-0.2393156642875578,0.970941817426052,1,665.46,601257.615,590291.231,568358.462,524390.93,493843.512,488333.333,354603.409,595774.423,14157.541641287291,573822.5302500001,26887.33153061849,552967.7316666667,37915.678663451756,539978.1747307692,37116.5994098603,612224.0,579324.846,612224.0,500362.024,1.8239078768258032,7.717935235034812,23.97125508859577,72.65034245623963,10.333,-0.03388424748240748,1.653,13.324855140987667,4.99,1,3,0.0,500183.01,413,2023,4
Fish (dried),2023-12-18,669494.486,NGN,NGN/MT,WFP Nigeria,retail,National,,,0.9,True,WFP VAM retail data,WFP,historical,False,,,920.0,896.8909090909091,291.6933333333333,22.4,28.8,1,0,0,0,0,0,0,0,0,1,0,1,1,1,1,0,0,0,0,1,-2.4492935982947064e-16,1.0,-0.1205366802553236,0.992708874098054,1,727.71,612224.0,601257.615,579324.846,535382.813,500362.024,514077.292,355036.364,618316.8330000001,35273.81496609487,590586.489375,38707.269210749604,567062.1035,46943.77077607798,545955.7591153847,44549.14075957079,669494.486,590291.231,669494.486,506880.536,9.354498680221624,15.56460777102593,33.802018116386876,88.57068004448132,13.254,7.530590803395821,2.096,13.4142797017456,4.99,1,3,0.0,546972.62,414,2023,4
Fish (dried),2023-12-25,726764.971,NGN,NGN/MT,WFP Nigeria,retail,National,,,0.9,True,WFP VAM retail data,WFP,historical,False,,,920.0,896.8909090909091,291.6933333333333,22.4,28.8,1,0,0,0,0,0,0,0,0,1,0,1,1,1,1,0,0,0,0,1,-2.4492935982947064e-16,1.0,6.432490598706546e-16,1.0,1,789.96,669494.486,612224.0,590291.231,546374.696,506880.536,539821.25,355469.318,652435.268,57885.00066970285,613135.27375,57333.71433758743,585385.8064166667,61861.268187536014,553145.9022307693,56894.93311434261,726764.971,601257.615,726764.971,513399.048,8.554287779451553,23.119730199752865,43.379932623808614,104.4522365781229,17.95,-0.8002109007700717,2.451,13.496359794099847,4.99,1,3,0.0,593762.23,415,2023,4
Fish (dried),2024-01-01,784035.457,NGN,NGN/MT,WFP Nigeria,retail,National,,,0.9,True,WFP VAM retail data,WFP,historical,False,,,1500.0,896.8909090909091,291.6933333333333,29.9,37.9,1,0,0,0,0,0,0,0,0,1,0,0,1,0,0,0,0,0,0,1,0.4999999999999999,0.8660254037844387,0.120536680255323,0.992708874098054,1,522.69,726764.971,669494.486,601257.615,557366.579,513399.048,565565.208,355902.273,698129.7285,73935.87898600017,641468.8835,78088.2846410309,607938.8405,79926.6138703872,561548.6041153846,72731.24289461235,784035.457,612224.0,784035.457,524390.93,7.880193499309418,30.399256065971002,52.71463008244612,120.29515304612852,24.322,-0.6740942801421346,2.711,13.572210799526905,4.99,1,3,0.0,603568.48,416,2024,1
Fish (dried),2024-01-08,841305.943,NGN,NGN/MT,WFP Nigeria,retail,National,,,0.9,True,WFP VAM retail data,WFP,historical,False,,,1500.0,896.8909090909091,291.6933333333333,29.9,37.9,1,0,0,0,0,0,0,0,0,1,0,0,1,0,0,0,0,0,0,1,0.4999999999999999,0.8660254037844387,0.2393156642875577,0.970941817426052,1,560.87,784035.457,726764.971,612224.0,568358.462,524390.93,591309.167,356335.227,755400.21425,73935.87911509903,675587.3186250001,98533.27000265899,634348.4249166667,99718.35658686764,571163.8647307693,91042.96474241692,841305.943,669494.486,841305.943,535382.813,7.304578573415199,37.41799455754755,60.43487689613547,136.09957120517865,32.256,-0.5756149258942189,2.883,13.642711846209,4.99,1,3,0.0,647656.62,417,2024,1
Fish (dried),2024-01-15,898576.429,NGN,NGN/MT,WFP Nigeria,retail,National,,,0.9,True,WFP VAM retail data,WFP,historical,False,,,1500.0,896.8909090909091,291.6933333333333,29.9,37.9,1,0,0,0,0,0,0,0,0,1,0,0,1,0,0,0,0,0,0,1,0.4999999999999999,0.8660254037844387,0.3546048870425356,0.9350162426854148,1,599.05,841305.943,784035.457,669494.486,579324.846,535382.813,575192.778,356768.182,812670.7,73935.87950239681,715493.7665,116912.12825749087,664614.5595833333,120004.18021209042,583601.6974615385,111423.71364614327,898576.429,726764.971,898576.429,546374.696,6.80733168195391,34.2171515659055,67.83811642455547,151.8656299344542,39.251,-0.4972468914612893,2.983,13.708568157341462,4.99,1,3,0.0,691744.75,418,2024,1
Fish (dried),2024-01-22,915829.196,NGN,NGN/MT,WFP Nigeria,retail,National,,,0.9,True,WFP VAM retail data,WFP,historical,False,,,1500.0,896.8909090909091,291.6933333333333,29.9,37.9,1,0,0,0,0,0,0,0,0,1,0,0,1,0,0,0,0,0,0,1,0.4999999999999999,0.8660254037844387,0.4647231720437685,0.8854560256532099,1,610.55,898576.429,841305.943,726764.971,590291.231,546374.696,559076.389,357201.136,859936.7562500001,59791.59239008593,756186.0121250001,123572.33782060571,695402.4345833333,133540.74801950553,597322.9592692308,128881.28187319639,915829.196,784035.457,915829.196,557366.579,1.9200110801036896,26.014493342992996,67.61925519332617,156.39033689971242,43.965,-4.88732060185022,2.809,13.727586250926246,4.99,1,3,0.0,705026.32,419,2024,1
Fish (dried),2024-01-29,933081.964,NGN,NGN/MT,WFP Nigeria,retail,National,,,0.9,True,WFP VAM retail data,WFP,historical,False,,,1500.0,896.8909090909091,291.6933333333333,29.9,37.9,1,0,0,0,0,0,0,0,0,1,0,0,1,0,0,0,0,0,0,1,0.4999999999999999,0.8660254037844387,0.5680647467311558,0.8229838658936564,1,622.05,915829.196,898576.429,784035.457,601257.615,557366.579,542960.0,357634.091,897198.3829999999,39835.50526165376,797664.05575,119771.68962627545,726712.0499999999,142011.0758370404,612327.6501923078,144108.95029207907,933081.964,841305.943,933081.964,568358.462,1.8838412310236086,19.01017430644083,67.40902651071943,160.90408813962873,46.523,-0.03616984908008103,2.666,13.746249397633946,4.99,1,3,0.0,718307.9,420,2024,1
Fish (dried),2024-02-05,950334.732,NGN,NGN/MT,WFP Nigeria,retail,National,,,0.9,True,WFP VAM retail data,WFP,historical,False,,,1500.0,896.8909090909091,291.6933333333333,29.9,37.9,1,0,0,0,0,0,0,0,1,1,0,0,1,0,0,0,0,0,0,0,0.8660254037844386,0.5000000000000001,0.6631226582407952,0.7485107481711011,1,633.56,933081.964,915829.196,841305.943,612224.0,568358.462,526843.611,358067.045,924455.5802499999,22273.227326008542,839927.89725,103542.44552349503,758543.4058333334,146042.03154835253,628615.7702307693,157382.09949528222,950334.732,898576.429,950334.732,579324.846,1.849008840127997,12.959469727649363,67.20692934804934,165.40692456073413,47.062,-0.03483239089561163,2.546,13.76457060325017,4.99,1,3,0.0,731589.48,421,2024,1
Fish (dried),2024-02-12,967587.5,NGN,NGN/MT,WFP Nigeria,retail,National,,,0.9,True,WFP VAM retail data,WFP,historical,False,,,1500.0,896.8909090909091,291.6933333333333,29.9,37.9,1,0,0,0,0,0,0,0,1,1,0,0,1,0,0,0,0,0,0,0,0.8660254037844386,0.5000000000000001,0.7485107481711011,0.6631226582407953,1,645.06,950334.732,933081.964,898576.429,669494.486,579324.846,510727.222,358500.0,941708.348,22273.227713306293,877189.524,85514.6287021171,790898.627,145736.01346980123,646187.3193846154,168784.42013243312,967587.5,915829.196,967587.5,590291.231,1.8154411723636743,7.680044654276141,67.01985193295161,169.89888423988845,45.733,-0.03356766776432263,2.444,13.782562172570904,4.99,1,3,0.0,744871.05,422,2024,1
Fish (dried),2024-02-19,908775.804,NGN,NGN/MT,WFP Nigeria,retail,National,,,0.9,True,WFP VAM retail data,WFP,historical,False,,,1500.0,896.8909090909091,291.6933333333333,29.9,37.9,1,0,0,0,0,0,0,0,1,1,0,0,1,0,0,0,0,0,0,0,0.8660254037844386,0.5000000000000001,0.8229838658936564,0.5680647467311559,1,605.85,967587.5,950334.732,915829.196,726764.971,590291.231,504876.667,358147.727,939945.0,25104.278385053614,899940.878125,60259.45815180703,817439.0080833334,134444.25726732067,661721.9015769231,173771.58794465254,967587.5,908775.804,967587.5,601257.615,-6.078178562662295,-0.7701645711674865,53.95380386397777,153.74328398292474,42.045,-7.893619735025969,1.989,13.719854802855682,4.99,1,3,0.0,699596.46,423,2024,1
Fish (dried),2024-02-26,849964.107,NGN,NGN/MT,WFP Nigeria,retail,National,,,0.9,True,WFP VAM retail data,WFP,historical,False,,,1500.0,896.8909090909091,291.6933333333333,29.9,37.9,1,0,0,0,0,0,0,0,1,1,0,0,1,0,0,0,0,0,0,0,0.8660254037844386,0.5000000000000001,0.8854560256532099,0.4647231720437686,1,566.64,908775.804,967587.5,933081.964,784035.457,601257.615,499026.111,357795.455,919165.53575,52322.68368364065,908181.959375,44623.350264519286,838164.5490833335,115992.45750594485,675219.5168076922,174257.5681009444,967587.5,849964.107,967587.5,612224.0,-6.47152980318565,-8.907883788009862,41.36438122284738,137.55587029466318,36.128,-0.393351240523355,1.59,13.652950577035666,4.99,1,3,0.0,654321.87,424,2024,1
Fish (dried),2024-03-04,791152.411,NGN,NGN/MT,WFP Nigeria,retail,National,,,0.9,True,WFP VAM retail data,WFP,historical,False,,,1500.0,896.8909090909091,291.6933333333333,29.9,37.9,1,0,0,1,0,0,0,0,1,1,0,0,0,0,0,0,0,0,0,0,1.0,6.123233995736766e-17,0.9350162426854148,0.3546048870425355,0,527.43,849964.107,908775.804,950334.732,841305.943,612224.0,493175.556,357443.182,879369.9555,75925.57357313015,901912.767875,57131.17144152658,853075.25,93657.8946660885,686680.1650769232,171584.13975342916,967587.5,791152.411,967587.5,669494.486,-6.919315241155233,-16.750131889318343,29.225971376489635,121.33655104939169,28.061,-0.4477854379695829,1.223,13.581247173583199,4.99,1,3,0.0,609047.28,425,2024,1
Fish (dried),2024-03-11,732340.714,NGN,NGN/MT,WFP Nigeria,retail,National,,,0.9,True,WFP VAM retail data,WFP,historical,False,,,1500.0,896.8909090909091,291.6933333333333,29.9,37.9,1,0,0,1,0,0,0,0,1,1,0,0,0,0,0,0,0,1,0,0,1.0,6.123233995736766e-17,0.970941817426052,0.239315664287558,0,488.23,791152.411,849964.107,967587.5,898576.429,669494.486,487325.0,357090.909,820558.259,75925.57383132957,881133.3035,82926.00525474494,858312.4356666667,83685.34545000388,696103.8463846154,166860.58602966784,908775.804,732340.714,967587.5,726764.971,-7.433674748669883,-24.312714457348818,9.387116595311284,105.08523055119281,17.879,-0.5143595075146505,0.871,13.50400250642014,4.99,1,3,0.0,563772.68,426,2024,1
Fish (dried),2024-03-18,803033.905,NGN,NGN/MT,WFP Nigeria,retail,National,,,0.9,True,WFP VAM retail data,WFP,historical,False,,,1500.0,896.8909090909091,291.6933333333333,29.9,37.9,1,0,0,1,0,0,0,0,1,1,0,0,0,0,0,0,0,1,0,0,1.0,6.123233995736766e-17,0.992708874098054,0.120536680255323,0,535.36,732340.714,791152.411,908775.804,915829.196,726764.971,493843.512,348380.682,794122.7842499999,48385.633959915875,867033.892125,85725.82567472092,864668.1801666667,75258.24757496238,707995.7845769231,162838.48449073787,849964.107,732340.714,967587.5,732340.714,9.653046682858601,-11.635641985028023,10.494305180264396,130.50471696361168,12.165,17.086721431528485,1.207,13.596153460228267,4.99,1,3,0.0,618193.92,427,2024,1
Fish (dried),2024-03-25,873727.095,NGN,NGN/MT,WFP Nigeria,retail,National,,,0.9,True,WFP VAM retail data,WFP,historical,False,,,1500.0,896.8909090909091,291.6933333333333,29.9,37.9,1,0,0,1,0,0,0,0,1,1,0,0,0,0,0,0,0,1,0,0,1.0,6.123233995736766e-17,1.0,-1.6081226496766364e-16,0,582.48,803033.905,732340.714,849964.107,933081.964,784035.457,500362.024,339670.455,800063.53125,58025.660372372426,859614.5335,81665.25438849082,872142.4833333334,70846.75363535529,722355.9796153846,160237.67275695608,873727.095,732340.714,967587.5,732340.714,8.803263418871454,2.795763703937215,11.439742577866596,157.22787547124165,10.758,-0.8497832639871472,1.524,13.680524502115754,4.99,1,3,0.0,672615.16,428,2024,1
Fish (dried),2024-04-01,944420.286,NGN,NGN/MT,WFP Nigeria,retail,National,,,0.9,True,WFP VAM retail data,WFP,historical,False,,,1460.0,896.8909090909091,291.6933333333333,33.7,40.5,0,1,1,1,0,0,0,0,1,0,0,0,0,0,0,0,0,1,0,0,0.8660254037844387,-0.4999999999999998,0.992708874098054,-0.1205366802553228,0,646.86,873727.095,803033.905,791152.411,950334.732,841305.943,506880.536,330960.227,838380.5,91264.51662801807,858875.22775,80748.27293830627,880735.3452499999,72987.56353275132,739184.4315384616,159677.49584530157,944420.286,732340.714,967587.5,732340.714,8.090992187898216,19.37273689228509,12.25646197533161,185.3576378529617,13.42,-0.7122712309732382,1.815,13.758327623117806,4.99,1,3,0.5,706372.69,429,2024,2
Fish (dried),2024-04-08,1015113.476,NGN,NGN/MT,WFP Nigeria,retail,National,,,0.9,True,WFP VAM retail data,WFP,historical,False,,,1460.0,896.8909090909091,291.6933333333333,33.7,40.5,0,1,1,1,0,0,0,0,1,0,0,0,0,0,0,0,0,1,0,0,0.8660254037844387,-0.4999999999999998,0.970941817426052,-0.2393156642875575,0,695.28,944420.286,873727.095,732340.714,967587.5,898576.429,513399.048,322250.0,909073.6905,91264.51636981871,864815.97475,90987.9720126008,890446.7658333335,82685.86018092508,758481.1403076923,161604.32270716873,1015113.476,803033.905,1015113.476,732340.714,7.4853527659188845,38.61218645833748,12.96907455381293,215.00806082234288,19.854,-0.6056394219793315,2.072,13.830511948334815,4.99,1,3,0.5,759247.18,430,2024,2
Fish (dried),2024-04-15,1085806.667,NGN,NGN/MT,WFP Nigeria,retail,National,,,0.9,True,WFP VAM retail data,WFP,historical,False,,,1460.0,896.8909090909091,291.6933333333333,33.7,40.5,0,1,1,1,0,0,0,0,1,0,0,0,0,0,0,0,0,0,0,0,0.8660254037844387,-0.4999999999999998,0.9350162426854148,-0.3546048870425354,0,743.7,1015113.476,944420.286,803033.905,908775.804,915829.196,524390.93,324400.0,979766.881,91264.51662801711,886944.832625,120082.47524299403,904611.5550833334,100145.34636361628,780074.0532692309,166507.66957221963,1085806.667,873727.095,1085806.667,732340.714,6.964067828018861,35.213053924541306,18.559953290678877,234.7122894574599,25.599,-0.521284937900024,2.288,13.897834661581625,4.99,1,3,0.5,812121.67,431,2024,2
Fish (dried),2024-04-22,1041915.167,NGN,NGN/MT,WFP Nigeria,retail,National,,,0.9,True,WFP VAM retail data,WFP,historical,False,,,1460.0,896.8909090909091,291.6933333333333,33.7,40.5,0,1,1,1,0,0,0,0,1,0,0,0,0,0,0,0,0,0,0,0,0.8660254037844387,-0.4999999999999998,0.8854560256532099,-0.4647231720437685,0,713.64,1085806.667,1015113.476,873727.095,849964.107,933081.964,535382.813,326550.0,1021813.899,59255.94859893645,910938.715125,130373.74040621334,913680.9886666667,107608.15132033694,799556.0668846153,166365.71716760658,1085806.667,944420.286,1085806.667,732340.714,-4.042294207058861,19.249497121295068,11.66384167725698,219.06757525646915,27.798,-11.006362035077721,1.966,13.856572044124118,4.99,1,3,0.5,779293.32,432,2024,2
Fish (dried),2024-04-29,998023.667,NGN,NGN/MT,WFP Nigeria,retail,National,,,0.9,True,WFP VAM retail data,WFP,historical,False,,,1460.0,896.8909090909091,291.6933333333333,33.7,40.5,0,1,1,1,0,0,0,0,1,0,0,0,0,0,0,0,0,0,0,0,0.8660254037844387,-0.4999999999999998,0.8229838658936565,-0.5680647467311557,0,683.58,1041915.167,1085806.667,944420.286,791152.411,950334.732,546374.696,328700.0,1035214.74425,38260.83953095996,936797.622125,123558.4019978369,917655.0665833332,109940.2017135709,816927.1811538462,162404.64673955948,1085806.667,998023.667,1085806.667,732340.714,-4.212579045794806,5.675797290106077,5.018119762879514,203.62752266504413,26.721,-0.17028483873594524,1.679,13.81353327142102,4.99,1,3,0.5,746464.97,433,2024,2
Fish (dried),2024-05-06,954132.167,NGN,NGN/MT,WFP Nigeria,retail,National,,,0.9,True,WFP VAM retail data,WFP,historical,False,,,1460.0,896.8909090909091,291.6933333333333,33.7,40.5,0,1,1,1,0,0,0,0,1,0,1,0,0,0,0,0,0,0,0,0,0.4999999999999999,-0.8660254037844387,0.7485107481711013,-0.663122658240795,0,653.52,998023.667,1041915.167,1015113.476,732340.714,967587.5,557366.579,330850.0,1019969.417,56663.68284667894,964521.55375,91974.90264649095,916533.7888333333,109452.17771138607,832187.3960769231,155535.2700667785,1085806.667,954132.167,1085806.667,732340.714,-4.397841599481833,-6.007339124320721,-1.3906063275931135,188.38814175608283,22.565,-0.1852625536870267,1.412,13.768558528739232,4.99,1,3,0.5,713636.62,434,2024,2
Fish (dried),2024-05-13,910240.667,NGN,NGN/MT,WFP Nigeria,retail,National,,,0.9,True,WFP VAM retail data,WFP,historical,False,,,1460.0,896.8909090909091,291.6933333333333,33.7,40.5,0,1,1,1,0,0,0,0,1,0,1,0,0,0,0,0,0,0,0,0,0.4999999999999999,-0.8660254037844387,0.6631226582407952,-0.7485107481711012,0,623.45,954132.167,998023.667,1085806.667,803033.905,908775.804,568358.462,333000.0,976077.9170000001,56663.682846679534,977922.399,70353.36499015687,916655.86075,109443.55518984291,845336.7116538461,146529.39575533502,1041915.167,910240.667,1085806.667,732340.714,-4.600148859670505,-16.169176828235475,0.16119080124628038,173.34554564564564,15.466,-0.20230726018867262,1.157,13.721465411367927,4.99,1,3,0.5,680808.28,435,2024,2
Fish (dried),2024-05-20,978922.286,NGN,NGN/MT,WFP Nigeria,retail,National,,,0.9,True,WFP VAM retail data,WFP,historical,False,,,1460.0,896.8909090909091,291.6933333333333,33.7,40.5,0,1,1,1,0,0,0,0,1,0,1,0,0,0,0,0,0,0,0,0,0.4999999999999999,-0.8660254037844387,0.5680647467311558,-0.8229838658936564,0,670.49,910240.667,954132.167,1041915.167,873727.095,849964.107,579324.846,371833.333,960329.69675,37920.26742399965,991071.7978749999,56578.96710443978,927402.3756666667,108627.92048566,860705.8439615385,138233.55925247195,998023.667,910240.667,1085806.667,732340.714,7.54543512391761,-6.0458742702994,15.172191147596315,163.26910449419017,11.575,12.145583983588114,1.448,13.794208558891816,4.99,1,3,0.5,732178.22,436,2024,2
Fish (dried),2024-05-27,1047603.905,NGN,NGN/MT,WFP Nigeria,retail,National,,,0.9,True,WFP VAM retail data,WFP,historical,False,,,1460.0,896.8909090909091,291.6933333333333,33.7,40.5,0,1,1,1,0,0,0,0,1,0,1,0,0,0,0,0,0,0,0,0,0.4999999999999999,-0.8660254037844387,0.464723172043769,-0.8854560256532096,0,717.54,978922.286,910240.667,998023.667,944420.286,791152.411,590291.231,410666.667,972724.75625,57431.820671544156,1003969.75025,56184.53625873509,948773.3335000001,104535.34283470499,878294.7929615384,131373.68010479506,1047603.905,910240.667,1085806.667,732340.714,7.016044070325722,4.967841909905335,32.41492921393625,155.09835328319937,10.752,-0.5293910535918878,1.716,13.862017073735316,4.99,1,3,0.5,783548.17,437,2024,2
Fish (dried),2024-06-03,1116285.524,NGN,NGN/MT,WFP Nigeria,retail,National,,,0.9,True,WFP VAM retail data,WFP,historical,False,,,1460.0,896.8909090909091,291.6933333333333,33.7,40.5,0,1,1,0,0,0,0,1,0,0,1,0,0,0,0,0,0,0,1,0,1.2246467991473532e-16,-1.0,0.3546048870425358,-0.9350162426854148,0,764.58,1047603.905,978922.286,954132.167,1015113.476,732340.714,601257.615,449500.0,1013263.0955,88667.58885918216,1016616.2562500001,68980.42403430672,980768.7343333332,90018.58596267308,898103.5586923076,126675.02018946991,1116285.524,910240.667,1116285.524,803033.905,6.5560674862127355,16.994852768652112,52.427074264779975,148.33938242491658,12.823,-0.4599765841129866,1.949,13.925518130906307,4.99,1,3,0.5,834918.12,438,2024,2
Fish (dried),2024-06-10,1184967.143,NGN,NGN/MT,WFP Nigeria,retail,National,,,0.9,True,WFP VAM retail data,WFP,historical,False,,,1460.0,896.8909090909091,291.6933333333333,33.7,40.5,0,1,1,0,0,0,0,1,0,0,1,0,0,0,0,0,0,0,1,0,1.2246467991473532e-16,-1.0,0.2393156642875576,-0.970941817426052,0,811.62,1116285.524,1047603.905,910240.667,1085806.667,803033.905,612224.0,488333.333,1081944.7145,88667.5888591816,1029011.31575,89149.71390816881,1012596.5041666665,88978.05723322867,920132.1411153846,124757.50765240316,1184967.143,978922.286,1184967.143,873727.095,6.152692794392989,30.18174049567046,47.56128422746981,142.65538781068625,17.586,-0.4033746918197467,2.141,13.985226448645696,4.99,1,3,0.5,886288.07,439,2024,2
Fish (dried),2024-06-17,1379971.714,NGN,NGN/MT,WFP Nigeria,retail,National,,,0.9,True,WFP VAM retail data,WFP,historical,False,,,1460.0,896.8909090909091,291.6933333333333,33.7,40.5,0,1,1,0,0,0,0,1,0,0,1,0,0,0,0,0,0,0,1,0,1.2246467991473532e-16,-1.0,0.120536680255323,-0.992708874098054,0,945.19,1184967.143,1116285.524,978922.286,1041915.167,873727.095,669494.486,514077.292,1182207.0715,143273.78764037258,1071268.3841249999,153229.57266368976,1054783.55575,128420.79465613511,947458.1883461538,143990.21594972894,1379971.714,1047603.905,1379971.714,910240.667,16.45653823837714,40.96846437511792,57.94081720677325,168.43662139427855,24.777,10.30384544398415,2.771,14.137574284474141,4.99,1,3,0.5,1032140.4,440,2024,2
Fish (dried),2024-06-24,1574976.286,NGN,NGN/MT,WFP Nigeria,retail,National,,,0.9,True,WFP VAM retail data,WFP,historical,False,,,1460.0,896.8909090909091,291.6933333333333,33.7,40.5,0,1,1,0,0,0,0,1,0,0,1,0,0,0,0,0,0,0,1,0,1.2246467991473532e-16,-1.0,-3.216245299353273e-16,-1.0,0,1078.75,1379971.714,1184967.143,1047603.905,998023.667,944420.286,726764.971,539821.25,1314050.16675,206721.5285040669,1143387.4615,230249.1460583208,1107329.8890833333,192282.44495933814,980081.7004615385,182836.69126523117,1574976.286,1116285.524,1574976.286,910240.667,14.131055732639464,50.34081855584531,66.76646079582413,191.75885276839324,34.076,-2.325482505737675,3.185,14.269751408550578,4.99,1,3,0.5,1177992.73,441,2024,2
Fish (dried),2024-07-01,1769980.857,NGN,NGN/MT,WFP Nigeria,retail,National,,,0.9,True,WFP VAM retail data,WFP,historical,False,,,1580.0,896.8909090909091,291.6933333333333,33.4,39.5,0,1,1,0,0,0,1,1,0,0,1,0,0,0,0,0,0,0,1,0,-0.4999999999999997,-0.8660254037844388,-0.1205366802553228,-0.992708874098054,0,1120.24,1574976.286,1379971.714,1116285.524,954132.167,1015113.476,784035.457,565565.208,1477474.0,251749.81915550187,1245368.54775,303480.5868091539,1170235.5041666667,267957.7589786968,1018002.6773846154,235274.30178278426,1769980.857,1184967.143,1769980.857,910240.667,12.38142902425896,58.55986832630467,74.36285684774025,212.95787505372857,45.135,-1.7496267083805037,3.406,14.386479854214992,4.99,0,0,0.5,1326822.23,442,2024,3
Fish (dried),2024-07-08,1964985.429,NGN,NGN/MT,WFP Nigeria,retail,National,,,0.9,True,WFP VAM retail data,WFP,historical,False,,,1580.0,896.8909090909091,291.6933333333333,33.4,39.5,0,1,1,0,0,0,1,1,0,0,1,0,0,0,0,0,0,0,1,0,-0.4999999999999997,-0.8660254037844388,-0.2393156642875574,-0.970941817426052,0,1243.66,1769980.857,1574976.286,1184967.143,910240.667,1085806.667,841305.943,591309.167,1672478.5715,251749.8194137002,1377211.6430000002,360788.86013713724,1243500.4009999998,350311.7105128756,1061221.1191538463,296704.6239252974,1964985.429,1379971.714,1964985.429,910240.667,11.017326612815449,65.82615312228958,80.97010165070206,232.31100389823652,57.599,-1.3641024114435112,3.489,14.490995896900326,4.99,0,0,0.5,1473002.57,443,2024,3
Fish (dried),2024-07-15,2159990.0,NGN,NGN/MT,WFP Nigeria,retail,National,,,0.9,True,WFP VAM retail data,WFP,historical,False,,,1580.0,896.8909090909091,291.6933333333333,33.4,39.5,0,1,1,0,0,0,1,1,0,0,1,0,0,0,0,0,0,0,1,0,-0.4999999999999997,-0.8660254037844388,-0.3546048870425356,-0.9350162426854148,0,1367.08,1964985.429,1769980.857,1379971.714,978922.286,1041915.167,898576.429,575192.778,1867483.1430000002,251749.81915550065,1524845.10725,412470.36903964035,1336673.30375,431176.355037012,1109737.0257307691,364443.7943925771,2159990.0,1574976.286,2159990.0,910240.667,9.923970331894004,56.524222785627344,107.3095841592639,275.52453414149085,68.282,-1.0933562809214443,3.488,14.585614612985001,4.99,0,0,0.5,1619182.91,444,2024,3
Fish (dried),2024-07-22,2061313.438,NGN,NGN/MT,WFP Nigeria,retail,National,,,0.9,True,WFP VAM retail data,WFP,historical,False,,,1580.0,896.8909090909091,291.6933333333333,33.4,39.5,0,1,1,0,0,0,1,1,0,0,1,0,0,0,0,0,0,0,1,0,-0.4999999999999997,-0.8660254037844388,-0.464723172043768,-0.8854560256532101,0,1304.63,2159990.0,1964985.429,1574976.286,1047603.905,998023.667,915829.196,559076.389,1989067.4309999999,166345.90451664475,1651558.798875,400448.1177310988,1425280.7846666668,463312.9572757116,1153794.1119615384,406837.20113637485,2159990.0,1769980.857,2159990.0,910240.667,-4.568380501761582,30.87901426345667,106.53953469822875,268.6997838858833,72.394,-14.492350833655586,2.891,14.53885441398041,4.99,0,0,0.5,1545212.47,445,2024,3
Fish (dried),2024-07-29,1962636.875,NGN,NGN/MT,WFP Nigeria,retail,National,,,0.9,True,WFP VAM retail data,WFP,historical,False,,,1580.0,896.8909090909091,291.6933333333333,33.4,39.5,0,1,1,0,0,0,1,1,0,0,1,0,0,0,0,0,0,0,1,0,-0.4999999999999997,-0.8660254037844388,-0.5680647467311556,-0.8229838658936565,0,1242.18,2061313.438,2159990.0,1769980.857,1116285.524,954132.167,933081.964,542960.0,2037231.4355000001,93867.71172575686,1757352.71775,347074.32910039846,1509322.8436666664,461544.99395487073,1193392.3777692309,433712.20318291633,2159990.0,1962636.875,2159990.0,910240.667,-4.787072222055732,10.884638511093225,105.69863828938493,261.46988268012376,70.709,-0.2186917202941503,2.441,14.48979998094802,4.99,0,0,0.5,1471242.04,446,2024,3
Fish (dried),2024-08-05,1863960.312,NGN,NGN/MT,WFP Nigeria,retail,National,,,0.9,True,WFP VAM retail data,WFP,historical,False,,,1580.0,896.8909090909091,291.6933333333333,33.4,39.5,0,1,0,0,1,0,1,1,0,0,1,0,0,0,0,1,0,0,1,0,-0.8660254037844384,-0.5000000000000004,-0.663122658240795,-0.7485107481711013,0,1179.72,1962636.875,2061313.438,1964985.429,1184967.143,910240.667,950334.732,526843.611,2011975.15625,127390.89466602115,1842226.8638749998,258936.03649487955,1588799.48075,430045.60491080605,1228531.8231538462,449939.414536034,2159990.0,1863960.312,2159990.0,978922.286,-5.027754459163525,-5.141265452101229,104.77664639433209,253.7976494508538,63.771,-0.24068223710779257,2.075,14.43821451864747,4.99,0,0,0.0,1397271.6,447,2024,3
Fish (dried),2024-08-12,1765283.75,NGN,NGN/MT,WFP Nigeria,retail,National,,,0.9,True,WFP VAM retail data,WFP,historical,False,,,1580.0,896.8909090909091,291.6933333333333,33.4,39.5,0,1,0,0,1,0,1,1,0,0,1,0,0,0,0,1,0,0,1,0,-0.8660254037844384,-0.5000000000000004,-0.7485107481711011,-0.6631226582407952,0,1117.27,1863960.312,1962636.875,2159990.0,1379971.714,978922.286,967587.5,510727.222,1913298.59375,127390.89466602208,1890390.868375,186324.35065182016,1654329.6027500003,386358.004879444,1259212.4481538462,458548.7450861646,2061313.438,1765283.75,2159990.0,1047603.905,-5.293919691569049,-18.27352209963935,80.32930450620061,245.64121001562745,51.944,-0.26616523240552414,1.761,14.383822566781776,4.99,0,0,0.0,1323301.16,448,2024,3
Fish (dried),2024-08-19,1679066.188,NGN,NGN/MT,WFP Nigeria,retail,National,,,0.9,True,WFP VAM retail data,WFP,historical,False,,,1580.0,896.8909090909091,291.6933333333333,33.4,39.5,0,1,0,0,1,0,1,1,0,0,1,0,0,0,0,1,0,0,1,0,-0.8660254037844384,-0.5000000000000004,-0.8229838658936564,-0.5680647467311559,0,1062.7,1765283.75,1863960.312,2061313.438,1574976.286,1047603.905,908775.804,504876.667,1817736.78125,122628.85180273234,1903402.106125,163372.82901356157,1706951.4596666666,335919.9980127814,1288839.0013846154,459883.64018454397,1962636.875,1679066.188,2159990.0,1116285.524,-4.884062519694066,-18.54386833915357,60.27681645573859,232.5695754523748,41.037,0.4098571718749833,1.505,14.333748951935625,4.99,0,0,0.0,1258670.31,449,2024,3
Fish (dried),2024-08-26,1592848.625,NGN,NGN/MT,WFP Nigeria,retail,National,,,0.9,True,WFP VAM retail data,WFP,historical,False,,,1580.0,896.8909090909091,291.6933333333333,33.4,39.5,0,1,0,0,1,0,1,1,0,0,1,0,0,0,0,1,0,0,1,0,-0.8660254037844384,-0.5000000000000004,-0.8854560256532096,-0.4647231720437691,0,1008.13,1679066.188,1765283.75,1962636.875,1769980.857,1116285.524,849964.107,499026.111,1725289.71875,116198.5571864243,1881260.577125,193300.2938762007,1746665.0514166665,283880.8765213354,1317411.4828461537,454572.70868127217,1863960.312,1592848.625,2159990.0,1184967.143,-5.134851956175545,-18.84139927820321,42.691864290448336,219.19143906279487,30.961,-0.25078943648147956,1.268,14.281035187073009,4.99,0,0,0.0,1194039.45,450,2024,3
Fish (dried),2024-09-02,1506631.062,NGN,NGN/MT,WFP Nigeria,retail,National,,,0.9,True,WFP VAM retail data,WFP,historical,False,,,1580.0,896.8909090909091,291.6933333333333,33.4,39.5,0,1,0,0,1,1,0,0,0,0,0,0,0,0,0,1,0,0,0,0,-1.0,-1.8369701987210287e-16,-0.9350162426854148,-0.3546048870425359,0,953.56,1592848.625,1679066.188,1863960.312,1964985.429,1184967.143,791152.411,493175.556,1635957.40625,111306.39482922445,1823966.28125,229481.2028876019,1773470.3780000003,237402.8685505813,1344929.8924999998,442948.0913499324,1765283.75,1506631.062,2159990.0,1379971.714,-5.412790747771156,-19.170432315513807,27.145387186486737,205.4958916090318,21.639,-0.2779387915956111,1.044,14.225387295177427,4.99,0,0,0.5,1129408.59,451,2024,3
Fish (dried),2024-09-09,1420413.5,NGN,NGN/MT,WFP Nigeria,retail,National,,,0.9,True,WFP VAM retail data,WFP,historical,False,,,1580.0,896.8909090909091,291.6933333333333,33.4,39.5,0,1,0,0,1,1,0,0,0,0,0,0,0,0,0,1,0,0,0,0,-1.0,-1.8369701987210287e-16,-0.970941817426052,-0.2393156642875577,0,899.0,1506631.062,1592848.625,1765283.75,2159990.0,1379971.714,732340.714,487325.0,1549739.84375,111306.39482922538,1731519.21875,223671.50342927515,1776840.5268333333,231523.2184806264,1371394.2304230768,425078.73028064973,1679066.188,1420413.5,2159990.0,1420413.5,-5.722539789240044,-19.536250192072522,2.930624272201565,191.47150259067357,13.005,-0.30974904146888793,0.827,14.166459288390968,4.99,0,0,0.5,1064777.74,452,2024,3
Fish (dried),2024-09-16,1359408.419,NGN,NGN/MT,WFP Nigeria,retail,National,,,0.9,True,WFP VAM retail data,WFP,historical,False,,,1580.0,896.8909090909091,291.6933333333333,33.4,39.5,0,1,0,0,1,1,0,0,0,0,0,0,0,0,0,1,0,0,0,0,-1.0,-1.8369701987210287e-16,-0.992708874098054,-0.1205366802553235,0,860.39,1420413.5,1506631.062,1679066.188,2061313.438,1574976.286,803033.905,493843.512,1469825.4015,101854.1705894917,1643781.091375,213247.33406535906,1758876.5379166668,255709.51946607683,1392793.2501923079,409023.34918004356,1592848.625,1359408.419,2159990.0,1359408.419,-4.294881807304707,-19.037830151338863,-13.68705477766159,175.27109012621796,5.531,1.4276579819353374,0.667,14.122560912662784,4.99,0,0,0.5,1019046.79,453,2024,3
Fish (dried),2024-09-23,1298403.338,NGN,NGN/MT,WFP Nigeria,retail,National,,,0.9,True,WFP VAM retail data,WFP,historical,False,,,1580.0,896.8909090909091,291.6933333333333,33.4,39.5,0,1,0,0,1,1,0,0,0,0,0,0,0,0,0,1,0,0,0,0,-1.0,-1.8369701987210287e-16,-1.0,-1.8369701987210287e-16,0,821.77,1359408.419,1420413.5,1592848.625,1962636.875,1769980.857,873727.095,500362.024,1396214.07975,88880.29360617447,1560751.89925,200280.8692874258,1719578.4113333335,288040.5733265187,1409126.9518461537,395729.49100952304,1506631.062,1298403.338,2159990.0,1298403.338,-4.487619772494577,-18.485453192389834,-26.6430858353628,159.49278236991066,-0.916,-0.1927379651898704,0.508,14.076646636212057,4.99,0,0,0.5,973315.85,454,2024,3
Fish (dried),2024-09-30,1237398.257,NGN,NGN/MT,WFP Nigeria,retail,National,,,0.9,True,WFP VAM retail data,WFP,historical,False,,,1580.0,896.8909090909091,291.6933333333333,33.4,39.5,0,1,0,0,1,1,0,0,0,0,0,0,0,0,0,1,0,0,0,0,-1.0,-1.8369701987210287e-16,-0.992708874098054,0.1205366802553232,0,783.16,1298403.338,1359408.419,1506631.062,1863960.312,1964985.429,944420.286,506880.536,1328905.8785,78757.2209156733,1482431.6423749998,186829.45680712885,1658946.1469999999,307600.5275263815,1420395.3353461537,386019.83485742484,1420413.5,1237398.257,2159990.0,1237398.257,-4.698469205568234,-17.869856250182636,-37.027611567088115,144.12029445139316,-6.441,-0.21084943307365656,0.349,14.028522361626283,4.99,0,0,0.5,927584.9,455,2024,3
Fish (dried),2024-10-07,1176393.176,NGN,NGN/MT,WFP Nigeria,retail,National,,,0.9,True,WFP VAM retail data,WFP,historical,False,,,1700.0,896.8909090909091,291.6933333333333,33.4,39.5,0,1,0,0,0,1,0,0,0,1,0,1,0,1,1,1,1,0,0,0,-0.8660254037844386,0.5000000000000001,-0.970941817426052,0.2393156642875573,0,692.0,1237398.257,1298403.338,1420413.5,1765283.75,2159990.0,1015113.476,513399.048,1267900.7974999999,78757.22091567439,1408820.320625,175108.91961899816,1576979.7449999999,292635.277869216,1426598.4007307691,380503.14386664605,1359408.419,1176393.176,2061313.438,1176393.176,-4.930108851769621,-17.179527229218817,-45.5371008199112,129.13816856162148,-11.124,-0.231639646201387,0.189,13.977964534952681,4.99,0,0,0.5,881853.96,456,2024,4
Fish (dried),2024-10-14,1115388.095,NGN,NGN/MT,WFP Nigeria,retail,National,,,0.9,True,WFP VAM retail data,WFP,historical,False,,,1700.0,896.8909090909091,291.6933333333333,33.4,39.5,0,1,0,0,0,1,0,0,0,1,0,1,0,1,1,1,1,0,0,0,-0.8660254037844386,0.5000000000000001,-0.9350162426854148,0.3546048870425355,0,656.11,1176393.176,1237398.257,1359408.419,1679066.188,2061313.438,1085806.667,524390.93,1206895.7165,78757.22091567547,1338360.559,163879.2910506692,1498152.6330833335,277310.56215119985,1427736.1479615383,379486.2450596102,1298403.338,1115388.095,1962636.875,1115388.095,-5.185773110945013,-17.950479089978334,-45.8894472602764,112.70163749781102,-15.468,-0.2556642591753926,0.026,13.924713866128098,4.99,0,0,0.5,836123.01,457,2024,4
Fish (dried),2024-10-21,1080676.696,NGN,NGN/MT,WFP Nigeria,retail,National,,,0.9,True,WFP VAM retail data,WFP,historical,False,,,1700.0,896.8909090909091,291.6933333333333,33.4,39.5,0,1,0,0,0,1,0,0,0,1,0,1,0,1,1,1,1,0,0,0,-0.8660254037844386,0.5000000000000001,-0.8854560256532101,0.464723172043768,0,635.69,1115388.095,1176393.176,1298403.338,1592848.625,1962636.875,1041915.167,535382.813,1152464.0559999999,69075.98044502661,1274339.067875,149686.2152037314,1424655.9514999997,259305.37057445763,1429226.976,377983.06320826267,1237398.257,1080676.696,1863960.312,1080676.696,-3.112046753556208,-16.76879869512473,-44.937511886909796,101.85121183559546,-19.365,2.0737263573888054,-0.078,13.893098898603219,4.99,0,0,0.5,810102.47,458,2024,4
Fish (dried),2024-10-28,1045965.298,NGN,NGN/MT,WFP Nigeria,retail,National,,,0.9,True,WFP VAM retail data,WFP,historical,False,,,1700.0,896.8909090909091,291.6933333333333,33.4,39.5,0,1,0,0,0,1,0,0,0,1,0,1,0,1,1,1,1,0,0,0,-0.8660254037844386,0.5000000000000001,-0.822983865893657,0.5680647467311548,0,615.27,1080676.696,1115388.095,1237398.257,1506631.062,1863960.312,998023.667,546374.696,1104605.81625,55620.72674667762,1216755.847375,135493.8749913821,1356489.7003333333,240130.77187476307,1431070.8848846154,375906.6225508149,1176393.176,1045965.298,1765283.75,1045965.298,-3.2120057856785733,-15.470601959963815,-43.884787070509255,91.43736078143705,-22.813,-0.09995903212236534,-0.185,13.860451703202656,4.99,0,0,0.5,784081.93,459,2024,4
Fish (dried),2024-11-04,1011253.899,NGN,NGN/MT,WFP Nigeria,retail,National,,,0.9,True,WFP VAM retail data,WFP,historical,False,,,1700.0,896.8909090909091,291.6933333333333,33.4,39.5,1,0,0,0,0,1,0,0,0,1,0,1,1,1,1,0,1,0,0,0,-0.5000000000000004,0.8660254037844384,-0.7485107481711011,0.6631226582407952,1,594.86,1045965.298,1080676.696,1176393.176,1420413.5,1765283.75,954132.167,557366.579,1063320.997,44812.2229004556,1165610.89725,124406.18671349334,1293653.8794166667,221356.51260702923,1433267.874576923,373164.57426194317,1115388.095,1011253.899,1679066.188,1011253.899,-3.318599485697271,-14.037762235370188,-42.714371046581036,81.43425477974343,-25.811,-0.10659370001869783,-0.293,13.826702591842485,4.99,0,0,0.5,758061.39,460,2024,4
Fish (dried),2024-11-11,976542.5,NGN,NGN/MT,WFP Nigeria,retail,National,,,0.9,True,WFP VAM retail data,WFP,historical,False,,,1700.0,896.8909090909091,291.6933333333333,33.4,39.5,1,0,0,0,0,1,0,0,0,1,0,1,1,1,1,0,1,0,0,0,-0.5000000000000004,0.8660254037844384,-0.6631226582407955,0.7485107481711007,1,574.44,1011253.899,1045965.298,1115388.095,1359408.419,1679066.188,910240.667,568358.462,1028609.59825,44812.22302955625,1117752.657375,112252.5121951943,1235110.2387499998,202231.74092360638,1435817.9450769234,369657.4912359126,1080676.696,976542.5,1592848.625,976542.5,-3.4325107704726854,-12.44818692456996,-41.84014263528246,71.81806294633823,-28.361,-0.11391128477541423,-0.402,13.791774575157687,4.99,0,0,0.5,732040.85,461,2024,4
Fish (dried),2024-11-18,1039768.393,NGN,NGN/MT,WFP Nigeria,retail,National,,,0.9,True,WFP VAM retail data,WFP,historical,False,,,1700.0,896.8909090909091,291.6933333333333,33.4,39.5,1,0,0,0,0,1,0,0,0,1,0,1,1,1,1,0,1,0,0,0,-0.5000000000000004,0.8660254037844384,-0.5680647467311559,0.8229838658936564,1,611.63,976542.5,1011253.899,1080676.696,1298403.338,1592848.625,978922.286,579324.846,1018382.5225,31725.750409469143,1085423.28925,87251.49052502174,1189020.2194166665,174398.8773226527,1438158.1799615386,366831.06361950975,1045965.298,976542.5,1506631.062,976542.5,6.474464040223538,-3.785433992554599,-34.722711456652064,79.4793370557423,-29.188,9.906974810696223,-0.274,13.85450950903016,4.99,0,0,0.5,779436.58,462,2024,4
Fish (dried),2024-11-25,1102994.286,NGN,NGN/MT,WFP Nigeria,retail,National,,,0.9,True,WFP VAM retail data,WFP,historical,False,,,1700.0,896.8909090909091,291.6933333333333,33.4,39.5,1,0,0,0,0,1,0,0,0,1,0,1,1,1,1,0,1,0,0,0,-0.5000000000000004,0.8660254037844384,-0.4647231720437684,0.88545602565321,1,648.82,1039768.393,976542.5,1045965.298,1237398.257,1506631.062,1047603.905,590291.231,1032639.7695,53556.307961347724,1068622.792875,63520.585941510304,1155383.8214166667,143815.4054126837,1440288.5792307693,364626.3798138058,1102994.286,976542.5,1420413.5,976542.5,6.080766969418749,5.452282987690493,-26.790684606235725,86.855949754063,-28.303,-0.3936970708047882,-0.143,13.913540024427776,4.99,0,0,0.5,826832.3,463,2024,4
Fish (dried),2024-12-02,1166220.179,NGN,NGN/MT,WFP Nigeria,retail,National,,,0.9,True,WFP VAM retail data,WFP,historical,False,,,1700.0,896.8909090909091,291.6933333333333,33.4,39.5,1,0,0,0,0,0,0,0,0,1,0,1,1,1,1,0,0,0,0,1,-2.4492935982947064e-16,1.0,-0.3546048870425359,0.9350162426854148,1,686.01,1102994.286,1039768.393,1011253.899,1176393.176,1420413.5,1116285.524,601257.615,1071381.3395,81624.27687936364,1067351.1682499999,61111.03703739074,1134201.0446666668,117552.21467298757,1442209.1428846153,362979.31218876725,1166220.179,976542.5,1359408.419,976542.5,5.732204944532215,15.324171323664793,-17.895726913324882,93.96347753533234,-25.712,-0.348562024886534,-0.01,13.969279318298138,4.99,0,0,0.0,874228.02,464,2024,4
Fish (dried),2024-12-09,1229446.071,NGN,NGN/MT,WFP Nigeria,retail,National,,,0.9,True,WFP VAM retail data,WFP,historical,False,,,1700.0,896.8909090909091,912.8571428571428,33.4,39.5,1,0,0,0,0,0,0,0,0,1,0,1,1,1,1,0,0,0,0,1,-2.4492935982947064e-16,1.0,-0.2393156642875578,0.970941817426052,1,723.2,1166220.179,1102994.286,976542.5,1115388.095,1359408.419,1184967.143,612224.0,1134607.23225,81624.2764920638,1081608.41525,83223.42592966453,1123370.8490000002,99521.35031272519,1443919.8708846155,361821.39869451424,1229446.071,1039768.393,1298403.338,976542.5,5.421436975495864,25.897856058492085,-9.560213559336505,100.81637946241896,-21.422,-0.31076796903635184,0.126,14.022075090504746,6.509,0,0,0.0,921623.74,465,2024,4
Fish (dried),2024-12-16,1244619.238,NGN,NGN/MT,WFP Nigeria,retail,National,,,0.9,True,WFP VAM retail data,WFP,historical,False,,,1700.0,896.8909090909091,912.8571428571428,33.4,39.5,1,0,0,0,0,0,0,0,0,1,0,1,1,1,1,0,0,0,0,1,-2.4492935982947064e-16,1.0,-0.1205366802553236,0.992708874098054,1,732.13,1229446.071,1166220.179,1039768.393,1080676.696,1298403.338,1379971.714,669494.486,1185819.9435,64819.8435231712,1102101.233,101203.46264720253,1118888.8406666666,91836.43052826897,1438714.0064230768,363746.88247109664,1244619.238,1102994.286,1244619.238,976542.5,1.2341466094286213,19.701584158463636,-4.142326072793878,85.90432991258422,-17.578,-4.187290366067242,0.139,14.034341011631042,6.509,0,0,0.0,932997.93,466,2024,4
Fish (dried),2024-12-23,1259792.405,NGN,NGN/MT,WFP Nigeria,retail,National,,,0.9,True,WFP VAM retail data,WFP,historical,False,,,1700.0,896.8909090909091,912.8571428571428,33.4,39.5,1,0,0,0,0,0,0,0,0,1,0,1,1,1,1,0,0,0,0,1,-2.4492935982947064e-16,1.0,6.432490598706546e-16,1.0,1,741.05,1244619.238,1229446.071,1102994.286,1045965.298,1237398.257,1574976.286,726764.971,1225019.47325,41110.66095585548,1128829.6213749999,111927.90698219031,1120755.0196666666,94648.0422346434,1426591.5494615384,364275.69725546887,1259792.405,1166220.179,1259792.405,976542.5,1.2191011143602548,14.215678266895381,1.809776914854666,73.34247731650787,-14.13,-0.015045495068366499,0.155,14.046458301198333,6.509,0,0,0.0,944372.12,467,2024,4
Fish (dried),2024-12-30,1274965.571,NGN,NGN/MT,WFP Nigeria,retail,National,,,0.9,True,WFP VAM retail data,WFP,historical,False,,,1700.0,896.8909090909091,912.8571428571428,33.4,39.5,1,0,0,0,0,0,0,0,0,1,0,1,1,1,1,0,0,0,0,1,-2.4492935982947064e-16,1.0,0.120536680255323,0.992708874098054,1,749.98,1259792.405,1244619.238,1166220.179,1011253.899,1176393.176,1769980.857,784035.457,1252205.82125,19588.473979423357,1161793.580375,111184.32512021599,1128969.3859166666,103755.10976904289,1407552.5,358500.7219279902,1274965.571,1229446.071,1274965.571,976542.5,1.2044179612274997,9.324602159880824,8.379204930036078,62.615805142088085,-11.037,-0.014683153132755145,0.173,14.058430517407414,6.509,0,0,0.0,955746.31,468,2024,4
Fish (dried),2025-01-06,1290138.738,NGN,NGN/MT,WFP Nigeria,retail,National,,,0.9,True,WFP VAM retail data,WFP,historical,False,,,1570.0,896.8909090909091,912.8571428571428,33.4,39.5,1,0,0,0,0,0,0,0,0,1,0,0,1,0,0,0,0,0,0,1,0.4999999999999999,0.8660254037844387,0.2393156642875577,0.970941817426052,1,821.74,1274965.571,1259792.405,1229446.071,976542.5,1115388.095,1964985.429,841305.943,1267378.988,19588.473850322447,1200993.110125,89757.90511288677,1143531.9395,113483.13604017276,1381596.8580384615,340505.95487628126,1290138.738,1244619.238,1290138.738,976542.5,1.190084449739226,4.93658635637706,15.667250151168233,53.349533393228384,-8.267,-0.014333511488273665,0.194,14.070261094502237,6.509,0,0,0.0,967120.49,469,2025,1
Fish (dried),2025-01-13,1305311.905,NGN,NGN/MT,WFP Nigeria,retail,National,,,0.9,True,WFP VAM retail data,WFP,historical,False,,,1570.0,896.8909090909091,924.2857142857144,33.4,39.5,1,0,0,0,0,0,0,0,0,1,0,0,1,0,0,0,0,0,0,1,0.4999999999999999,0.8660254037844387,0.3546048870425356,0.9350162426854148,1,831.41,1290138.738,1274965.571,1244619.238,1039768.393,1080676.696,2159990.0,898576.429,1282552.15475,19588.473979420578,1234186.049125,68107.27113296297,1162251.5402499998,120483.69863161778,1348724.6236153846,301359.3180618391,1305311.905,1259792.405,1305311.905,976542.5,1.176088009226195,4.876404377095134,20.78653216373234,45.26442747364787,-4.906,-0.013996440513031061,0.216,14.081953343944113,6.537,0,0,0.0,978494.68,470,2025,1
Fish (dried),2025-01-20,1216466.044,NGN,NGN/MT,WFP Nigeria,retail,National,,,0.9,True,WFP VAM retail data,WFP,historical,False,,,1570.0,896.8909090909091,924.2857142857144,33.4,39.5,1,0,0,0,0,0,0,0,0,1,0,0,1,0,0,0,0,0,0,1,0.4999999999999999,0.8660254037844387,0.4647231720437685,0.8854560256532099,1,774.82,1305311.905,1290138.738,1259792.405,1102994.286,1045965.298,2061313.438,915829.196,1271720.5644999999,38863.86228246184,1248370.018875,44662.93214590061,1176459.93575,115472.82964305698,1316230.493076923,264778.6167013876,1305311.905,1216466.044,1305311.905,976542.5,-6.80648515191471,-3.4391667093754297,16.300803317855394,32.826737705357026,-3.382,-7.9825731611409045,-0.053,14.01146135000439,6.537,0,0,0.0,911893.59,471,2025,1
Fish (dried),2025-01-27,1127620.183,NGN,NGN/MT,WFP Nigeria,retail,National,,,0.9,True,WFP VAM retail data,WFP,historical,False,,,1570.0,896.8909090909091,924.2857142857144,33.4,39.5,1,0,0,0,0,0,0,0,0,1,0,0,1,0,0,0,0,0,0,1,0.4999999999999999,0.8660254037844387,0.5680647467311558,0.8229838658936564,1,718.23,1216466.044,1305311.905,1274965.571,1166220.179,1011253.899,1962636.875,933081.964,1234884.2175,81359.12858959287,1243545.0193750001,55560.9372877288,1186157.1260833333,104723.69667985056,1284114.4664615383,231828.2223310506,1305311.905,1127620.183,1305311.905,976542.5,-7.303603864507046,-11.556813089817942,11.507128339882922,20.84899574803054,-3.834,-0.49711871259233664,-0.32,13.935620823962633,6.537,0,0,0.0,845292.49,472,2025,1
Fish (dried),2025-02-03,1038774.322,NGN,NGN/MT,WFP Nigeria,retail,National,,,0.9,True,WFP VAM retail data,WFP,historical,False,,,1585.0,896.8909090909091,924.2857142857144,33.4,39.5,1,0,0,0,0,0,0,0,1,1,0,0,1,0,0,0,0,0,0,0,0.8660254037844386,0.5000000000000001,0.6631226582407952,0.7485107481711011,1,655.38,1127620.183,1216466.044,1290138.738,1229446.071,976542.5,1863960.312,950334.732,1172043.1135,114699.51334415076,1219711.05075,91649.1118660571,1191343.11125,94435.28100087216,1252376.5437692308,204096.9386804393,1305311.905,1038774.322,1305311.905,1038774.322,-7.879059131739563,-19.483518213682217,6.372669085062865,9.306151508729666,-6.414,-0.5754552672325168,-0.583,13.853553002231326,6.537,0,0,0.0,778691.4,473,2025,1
Fish (dried),2025-02-10,949928.462,NGN,NGN/MT,WFP Nigeria,retail,National,,,0.9,True,WFP VAM retail data,WFP,historical,False,,,1585.0,896.8909090909091,924.2857142857144,33.4,39.5,1,0,0,0,0,0,0,0,1,1,0,0,1,0,0,0,0,0,0,0,0.8660254037844386,0.5000000000000001,0.7485107481711011,0.6631226582407953,1,599.32,1038774.322,1127620.183,1305311.905,1244619.238,1039768.393,1765283.75,967587.5,1083197.25275,114699.5129568536,1182874.70375,130987.35689207034,1183856.4503333333,109847.738353269,1221016.725,183762.96203167769,1216466.044,949928.462,1305311.905,949928.462,-8.552951119251862,-27.225940531048785,-8.640379107965435,-1.8250585089203741,-11.287,-0.6738919875122988,-0.838,13.7641430102937,6.537,0,0,0.0,712090.3,474,2025,1
Fish (dried),2025-02-17,997895.596,NGN,NGN/MT,WFP Nigeria,retail,National,,,0.9,True,WFP VAM retail data,WFP,historical,False,,,1585.0,896.8909090909091,924.2857142857144,33.4,39.5,1,0,0,0,0,0,0,0,1,1,0,0,1,0,0,0,0,0,0,0,0.8660254037844386,0.5000000000000001,0.8229838658936564,0.5680647467311559,1,629.59,949928.462,1038774.322,1216466.044,1259792.405,1102994.286,1679066.188,908775.804,1028554.64075,75366.82859177803,1150137.602625,141335.97705813718,1175098.2261666667,120549.5196897336,1194817.856076923,163260.34227135245,1127620.183,949928.462,1305311.905,949928.462,5.04955224723016,-17.967657139141647,-9.528489071429336,9.806576232304698,-13.915,13.602503366482022,-0.707,13.813404938703142,6.537,0,0,0.0,748047.67,475,2025,1
Fish (dried),2025-02-24,1045862.731,NGN,NGN/MT,WFP Nigeria,retail,National,,,0.9,True,WFP VAM retail data,WFP,historical,False,,,1585.0,896.8909090909091,924.2857142857144,33.4,39.5,1,0,0,0,0,0,0,0,1,1,0,0,1,0,0,0,0,0,0,0,0.8660254037844386,0.5000000000000001,0.8854560256532099,0.4647231720437686,1,659.85,997895.596,949928.462,1127620.183,1274965.571,1166220.179,1592848.625,849964.107,1008115.27775,44177.65137630899,1121499.747625,135520.80606134655,1165068.4388333333,126228.46803019074,1173779.937076923,144027.79944289222,1045862.731,949928.462,1305311.905,949928.462,4.806829010196378,-7.25044241248739,-10.32030230373847,23.04787018494654,-14.114,-0.24272323703378174,-0.585,13.86035363882968,6.537,0,0,0.0,784005.05,476,2025,1
Fish (dried),2025-03-03,1093829.865,NGN,NGN/MT,WFP Nigeria,retail,National,,,0.9,True,WFP VAM retail data,WFP,historical,False,,,1575.0,896.8909090909091,924.2857142857144,33.4,39.5,1,0,0,1,0,0,0,0,1,1,0,0,0,0,0,0,0,1,0,0,1.0,6.123233995736766e-17,0.9350162426854148,0.3546048870425355,0,694.5,1045862.731,997895.596,1038774.322,1290138.738,1229446.071,1506631.062,791152.411,1021879.1635,61925.304232163806,1096961.1385000001,117151.05557483417,1153767.0883333331,126011.43388044831,1157902.9679615384,127694.68056517218,1093829.865,949928.462,1305311.905,949928.462,4.586369948772928,5.300048512365896,-11.030675456117667,38.257793288833206,-11.747,-0.2204590614234503,-0.469,13.905196647635284,6.537,0,0,0.0,819962.42,477,2025,1
Fish (dried),2025-03-10,1141797.0,NGN,NGN/MT,WFP Nigeria,retail,National,,,0.9,True,WFP VAM retail data,WFP,historical,False,,,1575.0,896.8909090909091,924.2857142857144,33.4,39.5,1,0,0,1,0,0,0,0,1,1,0,0,0,0,0,0,0,1,0,0,1.0,6.123233995736766e-17,0.970941817426052,0.239315664287558,0,724.95,1093829.865,1045862.731,949928.462,1305311.905,1244619.238,1420413.5,732340.714,1069846.298,61925.30449036137,1076521.775375,85630.9863907334,1145198.5685,122725.05548609482,1147186.948730769,115932.78209667638,1141797.0,997895.596,1305311.905,949928.462,4.3852464203836705,20.198209199462845,-8.2613408872923,55.91062714014286,-6.742,-0.20112352838925762,-0.358,13.948114770890513,6.537,0,0,0.0,855919.79,478,2025,1
Fish (dried),2025-03-17,1155308.667,NGN,NGN/MT,WFP Nigeria,retail,National,,,0.9,True,WFP VAM retail data,WFP,historical,False,,,1575.0,896.8909090909091,924.2857142857144,33.4,39.5,1,0,0,1,0,0,0,0,1,1,0,0,0,0,0,0,0,1,0,0,1.0,6.123233995736766e-17,0.992708874098054,0.120536680255323,0,733.53,1141797.0,1093829.865,997895.596,1216466.044,1259792.405,1359408.419,803033.905,1109199.56575,49787.62990629331,1068877.1032500002,73176.99549478161,1136491.5903333335,117448.8518412354,1139336.9582692308,107598.527475964,1155308.667,1045862.731,1305311.905,949928.462,1.1833685847834507,15.774503027268594,-8.293726616013386,43.86798114084609,-2.645,-3.2018778356002198,-0.343,13.95987897595969,6.537,0,0,0.0,866048.48,479,2025,1
Fish (dried),2025-03-24,1168820.333,NGN,NGN/MT,WFP Nigeria,retail,National,,,0.9,True,WFP VAM retail data,WFP,historical,False,,,1575.0,896.8909090909091,924.2857142857144,33.4,39.5,1,0,0,1,0,0,0,0,1,1,0,0,0,0,0,0,0,1,0,0,1.0,6.123233995736766e-17,1.0,-1.6081226496766364e-16,0,742.11,1155308.667,1141797.0,1045862.731,1127620.183,1274965.571,1298403.338,873727.095,1139938.96625,32659.16182834492,1074027.122,79110.97711158375,1127646.1538333334,109821.24488346679,1134352.9965384617,102831.39547081485,1168820.333,1093829.865,1305311.905,949928.462,1.1695286624211043,11.756571713998687,-8.325341516222007,33.77407427201285,0.492,-0.013839922362346435,-0.324,13.971506391305448,6.537,0,0,0.0,876177.16,480,2025,1
Fish (dried),2025-03-31,1182332.0,NGN,NGN/MT,WFP Nigeria,retail,National,,,0.9,True,WFP VAM retail data,WFP,historical,False,,,1575.0,896.8909090909091,924.2857142857144,33.4,39.5,1,0,0,1,0,0,0,0,1,1,0,0,0,0,0,0,0,0,0,0,1.0,6.123233995736766e-17,0.992708874098054,-0.1205366802553228,0,750.69,1168820.333,1155308.667,1093829.865,1038774.322,1290138.738,1237398.257,944420.286,1162064.5,17443.48657375364,1091971.8317500001,85957.55823453786,1118662.2589999998,99217.82353194816,1132235.0635769232,101177.94814892921,1182332.0,1141797.0,1305311.905,949928.462,1.1560088936269253,8.09103296882463,-8.356212771901117,25.19129645209677,2.635,-0.013519768794179043,-0.298,13.98300016315922,6.537,0,0,0.0,886305.85,481,2025,1
Fish (dried),2025-04-07,1195843.667,NGN,NGN/MT,WFP Nigeria,retail,National,,,0.9,True,WFP VAM retail data,WFP,historical,False,,,1590.0,896.8909090909091,924.2857142857144,33.4,39.5,0,1,1,1,0,0,0,0,1,0,0,0,0,0,0,0,0,0,0,0,0.8660254037844387,-0.4999999999999998,0.970941817426052,-0.2393156642875575,0,752.1,1182332.0,1168820.333,1141797.0,949928.462,1305311.905,1176393.176,1015113.476,1175576.1667499999,17443.48670285166,1122711.2323750001,70482.68884272425,1109539.9058333335,84426.5215933916,1132983.1593846153,101588.58095210814,1195843.667,1155308.667,1216466.044,949928.462,1.1427980465723575,4.733474251552594,-8.386366322155014,17.803939684867288,3.759,-0.013210847054567765,-0.268,13.994363327967653,6.537,0,0,0.5,896434.53,482,2025,2
Fish (dried),2025-04-14,1209355.333,NGN,NGN/MT,WFP Nigeria,retail,National,,,0.9,True,WFP VAM retail data,WFP,historical,False,,,1590.0,896.8909090909091,924.2857142857144,33.4,39.5,0,1,1,1,0,0,0,0,1,0,0,0,0,0,0,0,0,0,0,0,0.8660254037844387,-0.4999999999999998,0.9350162426854148,-0.3546048870425354,0,760.6,1195843.667,1182332.0,1155308.667,997895.596,1216466.044,1115388.095,1085806.667,1189087.8332500001,17443.48670285037,1149143.6995,54920.09849175375,1108947.3465833336,83629.00757708175,1136597.283923077,102603.99754550468,1209355.333,1168820.333,1209355.333,949928.462,1.1298856508473953,4.678114822798274,-0.5845383876576071,11.378514219419532,4.618,-0.012912395724962167,-0.233,14.005598819835681,6.537,0,0,0.5,906563.22,483,2025,2
Fish (dried),2025-04-21,1188183.167,NGN,NGN/MT,WFP Nigeria,retail,National,,,0.9,True,WFP VAM retail data,WFP,historical,False,,,1590.0,896.8909090909091,924.2857142857144,33.4,39.5,0,1,1,1,0,0,0,0,1,0,0,0,0,0,0,0,0,0,0,0,0.8660254037844387,-0.4999999999999998,0.8854560256532099,-0.4647231720437685,0,747.29,1209355.333,1195843.667,1168820.333,1045862.731,1127620.183,1080676.696,1041915.167,1193928.5417499999,11678.22338899427,1166933.754,36720.4765450899,1113994.2619166668,86631.87748182223,1140732.1481923077,102426.35877965452,1209355.333,1182332.0,1209355.333,949928.462,-1.7506985269150954,1.6566133778920022,5.370867328649087,14.038378999813506,4.663,-2.8805841777624908,-0.312,13.987936789617219,6.537,0,0,0.5,890692.03,484,2025,2
Fish (dried),2025-04-28,1167011.0,NGN,NGN/MT,WFP Nigeria,retail,National,,,0.9,True,WFP VAM retail data,WFP,historical,False,,,1590.0,896.8909090909091,924.2857142857144,33.4,39.5,0,1,1,1,0,0,0,0,1,0,0,0,0,0,0,0,0,0,0,0,0.8660254037844387,-0.4999999999999998,0.8229838658936565,-0.5680647467311557,0,733.97,1188183.167,1209355.333,1182332.0,1093829.865,1038774.322,1045965.298,998023.667,1190098.2917499999,17706.24859217123,1176081.395875,22120.27624770582,1124680.65175,84389.9240970529,1145387.7521153847,100682.72058964624,1209355.333,1167011.0,1209355.333,949928.462,-1.781894205205481,-1.295828921149056,12.344998839892373,16.932196959613787,3.904,-0.031195678290385498,-0.393,13.969957193992176,6.537,0,0,0.5,874820.84,485,2025,2
Fish (dried),2025-05-05,1145838.833,NGN,NGN/MT,WFP Nigeria,retail,National,,,0.9,True,WFP VAM retail data,WFP,historical,False,,,1600.0,896.8909090909091,924.2857142857144,33.4,39.5,0,1,1,1,0,0,0,0,1,0,1,0,0,0,0,0,0,0,0,0,0.4999999999999999,-0.8660254037844387,0.7485107481711013,-0.663122658240795,0,716.15,1167011.0,1188183.167,1195843.667,1141797.0,949928.462,1011253.899,954132.167,1177597.0832500001,27333.149677398258,1176586.625,21254.56961256753,1141006.516,63995.16094592553,1150564.0957307692,96899.31076986389,1209355.333,1145838.833,1209355.333,997895.596,-1.8142217168475638,-4.181552771479435,20.623697345327052,20.09225478717145,2.35,-0.03232751164208292,-0.478,13.951648404709129,6.537,0,0,0.5,858949.65,486,2025,2
Fish (dried),2025-05-12,1124666.667,NGN,NGN/MT,WFP Nigeria,retail,National,,,0.9,True,WFP VAM retail data,WFP,historical,False,,,1600.0,896.8909090909091,924.2857142857144,33.4,39.5,0,1,1,1,0,0,0,0,1,0,1,0,0,0,0,0,0,0,0,0,0.4999999999999999,-0.8660254037844387,0.6631226582407952,-0.7485107481711012,0,702.92,1145838.833,1167011.0,1209355.333,1155308.667,997895.596,976542.5,910240.667,1156424.9167499999,27333.14967739955,1172756.375,27484.699971023703,1151570.7719166668,46217.07680723668,1156261.179076923,90394.73347514666,1188183.167,1124666.667,1209355.333,1045862.731,-1.8477438004582125,-7.002794273037716,12.70384111405578,23.557066584018038,0.014,-0.03352208361064868,-0.568,13.932998142868271,6.537,0,0,0.5,843078.46,487,2025,2
Fish (dried),2025-05-19,1100053.971,NGN,NGN/MT,WFP Nigeria,retail,National,,,0.9,True,WFP VAM retail data,WFP,historical,False,,,1600.0,896.8909090909091,924.2857142857144,33.4,39.5,0,1,1,1,0,0,0,0,1,0,1,0,0,0,0,0,0,0,0,0,0.4999999999999999,-0.8660254037844387,0.5680647467311558,-0.8229838658936564,0,687.53,1124666.667,1145838.833,1188183.167,1168820.333,1045862.731,1039768.393,978922.286,1134392.61775,28686.30034684294,1164160.57975,37733.85497779029,1156086.7085833333,36595.164520597624,1158579.855153846,88029.33472551448,1167011.0,1100053.971,1209355.333,1093829.865,-2.1884436270929286,-7.417138909863041,5.18148686187383,12.37398379139567,-2.088,-0.3406998266347161,-0.662,13.910870710156322,6.537,0,0,0.5,824628.16,488,2025,2
Fish (dried),2025-05-26,1075441.275,NGN,NGN/MT,WFP Nigeria,retail,National,,,0.9,True,WFP VAM retail data,WFP,historical,False,,,1600.0,896.8909090909091,924.2857142857144,33.4,39.5,0,1,1,1,0,0,0,0,1,0,1,0,0,0,0,0,0,0,0,0,0.4999999999999999,-0.8660254037844387,0.464723172043769,-0.8854560256532096,0,672.15,1100053.971,1124666.667,1167011.0,1182332.0,1093829.865,1102994.286,1047603.905,1111500.1864999998,30461.778236806058,1150799.2391249998,47927.94862445287,1154554.3260833335,39692.98055708255,1157520.1239615383,88886.93121759994,1145838.833,1075441.275,1209355.333,1075441.275,-2.2374080407733032,-7.846517727767788,-1.6811197598814998,2.6572419086200227,-3.976,-0.04896441368037463,-0.747,13.888242553539124,6.537,0,0,0.5,806177.87,489,2025,2
Fish (dried),2025-06-02,1050828.578,NGN,NGN/MT,WFP Nigeria,retail,National,,,0.9,True,WFP VAM retail data,WFP,historical,False,,,1610.0,896.8909090909091,924.2857142857144,33.4,39.5,0,1,1,0,0,0,0,1,0,0,1,0,0,0,0,0,0,0,1,0,1.2246467991473532e-16,-1.0,0.3546048870425358,-0.9350162426854148,0,652.69,1075441.275,1100053.971,1145838.833,1195843.667,1141797.0,1166220.179,1116285.524,1087747.6227499999,31774.854291715837,1132672.353,55312.20275324297,1146973.6242499999,49760.824974685696,1153081.9854615384,91283.60962343121,1124666.667,1050828.578,1209355.333,1050828.578,-2.288613759965641,-8.29176427467091,-7.96712743158372,-5.863817508395819,-5.666,-0.05120571919233763,-0.823,13.865090484475028,6.537,0,0,0.5,787727.57,490,2025,2
Fish (dried),2025-06-09,1026215.882,NGN,NGN/MT,WFP Nigeria,retail,National,,,0.9,True,WFP VAM retail data,WFP,historical,False,,,1610.0,896.8909090909091,924.2857142857144,33.4,39.5,0,1,1,0,0,0,0,1,0,0,1,0,0,0,0,0,0,0,1,0,1.2246467991473532e-16,-1.0,0.2393156642875576,-0.970941817426052,0,637.4,1050828.578,1075441.275,1124666.667,1209355.333,1155308.667,1229446.071,1184967.143,1063134.9265,31774.854420816428,1109779.921625,56916.31939702813,1136215.8921666667,60574.33487761994,1145265.4397307693,93164.88849953534,1100053.971,1026215.882,1209355.333,1026215.882,-2.3422179901924967,-8.753774597286956,-11.17387834847775,-13.397102353242207,-7.171,-0.05360423022685579,-0.889,13.841389668338898,6.537,0,0,0.5,769277.27,491,2025,2
Fish (dried),2025-06-16,1021992.16,NGN,NGN/MT,WFP Nigeria,retail,National,,,0.9,True,WFP VAM retail data,WFP,historical,False,,,1610.0,896.8909090909091,924.2857142857144,33.4,39.5,0,1,1,0,0,0,0,1,0,0,1,0,0,0,0,0,0,0,1,0,1.2246467991473532e-16,-1.0,0.120536680255323,-0.992708874098054,0,634.78,1026215.882,1050828.578,1100053.971,1188183.167,1168820.333,1244619.238,1379971.714,1043619.47375,24733.404703780765,1089006.04575,54489.13751613731,1123980.2110833332,67789.25849054584,1136702.8598076922,93895.95802693801,1075441.275,1021992.16,1209355.333,1021992.16,-0.41158220936595713,-7.096180101876104,-12.562082370960947,-25.941079108234522,-8.189,1.9306357808265395,-0.874,13.837265356964094,6.537,0,0,0.5,766111.06,492,2025,2
Fish (dried),2025-06-23,1017768.439,NGN,NGN/MT,WFP Nigeria,retail,National,,,0.9,True,WFP VAM retail data,WFP,historical,False,,,1610.0,896.8909090909091,924.2857142857144,33.4,39.5,0,1,1,0,0,0,0,1,0,0,1,0,0,0,0,0,0,0,1,0,1.2246467991473532e-16,-1.0,-3.216245299353273e-16,-1.0,0,632.15,1021992.16,1026215.882,1075441.275,1167011.0,1182332.0,1259792.405,1574976.286,1029201.26475,14824.910168402623,1070350.725625,49265.0538660313,1110266.581,71457.8481549123,1127394.2457307691,93199.29741479046,1050828.578,1017768.439,1209355.333,1017768.439,-0.413283111682583,-5.362713645149975,-13.918557647090669,-35.3788086813137,-8.71,-0.0017009023166258963,-0.854,13.83312396615826,6.537,0,0,0.5,762944.86,493,2025,2
Fish (dried),2025-06-30,1013544.717,NGN,NGN/MT,WFP Nigeria,retail,National,,,0.9,True,WFP VAM retail data,WFP,historical,False,,,1610.0,896.8909090909091,924.2857142857144,33.4,39.5,0,1,1,0,0,0,0,1,0,0,1,0,0,0,0,0,0,0,1,0,1.2246467991473532e-16,-1.0,-0.1205366802553228,-0.992708874098054,0,629.53,1017768.439,1021992.16,1050828.578,1145838.833,1195843.667,1274965.571,1769980.857,1019880.2995,5452.801138597629,1053813.961125,41969.4963153973,1095075.0018333334,70987.02640027962,1117339.5975,90710.23104118032,1026215.882,1013544.717,1209355.333,1013544.717,-0.4149983275321456,-3.548044065470779,-15.244379765570137,-42.73696729591241,-8.722,-0.0017152158495625791,-0.837,13.828965351898296,6.537,0,0,0.5,759778.65,494,2025,2
Fish (dried),2025-07-07,1009320.995,NGN,NGN/MT,WFP Nigeria,retail,National,,,0.9,True,WFP VAM retail data,WFP,historical,False,,,1595.0,896.8909090909091,924.2857142857144,33.4,39.5,0,1,1,0,0,0,1,1,0,0,1,0,0,0,0,0,0,0,1,0,-0.4999999999999997,-0.8660254037844388,-0.2393156642875574,-0.970941817426052,0,632.8,1013544.717,1017768.439,1026215.882,1124666.667,1209355.333,1290138.738,1964985.429,1015656.5777499999,5452.801267698127,1039395.752125,33007.59749215032,1078405.4736666665,64940.54249396221,1106538.915076923,85903.22523775548,1021992.16,1009320.995,1188183.167,1009320.995,-0.4167277406863512,-1.6463287400184656,-16.540576002900885,-48.63468298013521,-8.213,-0.0017294131542056057,-0.831,13.82478937132082,6.537,0,0,0.5,756612.44,495,2025,3
Fish (dried),2025-07-14,1005097.273,NGN,NGN/MT,WFP Nigeria,retail,National,,,0.9,True,WFP VAM retail data,WFP,historical,False,,,1595.0,896.8909090909091,924.2857142857144,33.4,39.5,0,1,1,0,0,0,1,1,0,0,1,0,0,0,0,0,0,0,1,0,-0.4999999999999997,-0.8660254037844388,-0.3546048870425356,-0.9350162426854148,0,630.16,1009320.995,1013544.717,1021992.16,1100053.971,1188183.167,1305311.905,2159990.0,1011432.8559999999,5452.80165499747,1027526.164875,23893.752281848436,1063148.3158333332,57933.81380592353,1094992.1984615384,77922.34970816027,1017768.439,1005097.273,1167011.0,1005097.273,-0.4184716280473233,-1.6531327402746432,-15.408894780277581,-53.467503414367656,-7.631,-0.001743887360972085,-0.857,13.820595878774364,6.537,0,0,0.5,753446.23,496,2025,3
Fish (dried),2025-07-21,1057064.27,NGN,NGN/MT,WFP Nigeria,retail,National,,,0.9,True,WFP VAM retail data,WFP,historical,False,,,1595.0,896.8909090909091,924.2857142857144,33.4,39.5,0,1,1,0,0,0,1,1,0,0,1,0,0,0,0,0,0,0,1,0,-0.4999999999999997,-0.8660254037844388,-0.464723172043768,-0.8854560256532101,0,662.74,1005097.273,1009320.995,1017768.439,1075441.275,1167011.0,1216466.044,2061313.438,1021256.81375,24119.45885145102,1025229.0392499999,19014.30804771119,1053986.0883333331,47827.14719919685,1088861.361,74162.70783649346,1057064.27,1005097.273,1145838.833,1005097.273,5.170345039827806,3.8609795209025854,-9.421224821359864,-48.718896868706096,-6.209,5.588816667875129,-0.649,13.871007013182426,6.537,0,0,0.5,792402.0,497,2025,3
Fish (dried),2025-07-28,1109031.268,NGN,NGN/MT,WFP Nigeria,retail,National,,,0.9,True,WFP VAM retail data,WFP,historical,False,,,1595.0,896.8909090909091,924.2857142857144,33.4,39.5,0,1,1,0,0,0,1,1,0,0,1,0,0,0,0,0,0,0,1,0,-0.4999999999999997,-0.8660254037844388,-0.5680647467311556,-0.8229838658936565,0,695.32,1057064.27,1005097.273,1013544.717,1050828.578,1145838.833,1127620.183,1962636.875,1045128.4515,48685.05216523648,1032504.3755,34794.99223530158,1050918.79125,42256.72777667993,1088146.4027307692,73863.10835812229,1109031.268,1005097.273,1124666.667,1005097.273,4.916162571647598,9.42104964866588,-3.212281163803088,-43.49279369368825,-3.953,-0.2541824681802085,-0.391,13.918998362392529,6.537,0,0,0.5,831357.77,498,2025,3
Fish (dried),2025-08-04,1160998.266,NGN,NGN/MT,WFP Nigeria,retail,National,,,0.9,True,WFP VAM retail data,WFP,historical,False,,,1585.0,896.8909090909091,924.2857142857144,33.4,39.5,0,1,0,0,1,0,1,1,0,0,1,0,0,0,0,1,0,0,1,0,-0.8660254037844384,-0.5000000000000004,-0.663122658240795,-0.7485107481711013,0,732.49,1109031.268,1057064.27,1009320.995,1026215.882,1124666.667,1038774.322,1863960.312,1083047.76925,67089.10554816441,1049352.1735,56914.96006991359,1053946.4245,48813.8246930082,1092847.323653846,74481.9967343936,1160998.266,1005097.273,1160998.266,1005097.273,4.68580097779534,15.027654408397595,3.2304326309334996,-37.713359102894884,-0.897,-0.2303615938522574,-0.067,13.96479162846622,6.537,0,0,0.0,870313.54,499,2025,3
Fish (dried),2025-08-11,1212965.263,NGN,NGN/MT,WFP Nigeria,retail,National,,,0.9,True,WFP VAM retail data,WFP,historical,False,,,1585.0,896.8909090909091,924.2857142857144,33.4,39.5,0,1,0,0,1,0,1,1,0,0,1,0,0,0,0,1,0,0,1,0,-0.8660254037844384,-0.5000000000000004,-0.7485107481711011,-0.6631226582407952,0,765.28,1160998.266,1109031.268,1005097.273,1021992.16,1100053.971,949928.462,1765283.75,1135014.76675,67089.10554816342,1073223.811375,79405.84785648702,1063355.6988333333,66270.35270537116,1102964.1236923076,72119.51845552408,1212965.263,1057064.27,1212965.263,1005097.273,4.476061551671595,20.68138035829692,10.264159302780262,-31.287802145122555,2.906,-0.20973942612374508,0.339,14.008579374678726,6.537,0,0,0.0,909269.31,500,2025,3
Fish (dried),2025-08-18,1269838.645,NGN,NGN/MT,WFP Nigeria,retail,National,,,0.9,True,WFP VAM retail data,WFP,historical,False,,,1585.0,896.8909090909091,924.2857142857144,33.4,39.5,0,1,0,0,1,0,1,1,0,0,1,0,0,0,0,1,0,0,1,0,-0.8660254037844384,-0.5000000000000004,-0.8229838658936564,-0.5680647467311559,0,801.16,1212965.263,1160998.266,1057064.27,1017768.439,1075441.275,997895.596,1679066.188,1188208.3605,69006.78417951957,1104732.587125,101261.11339268213,1079555.4796666668,89264.32008491652,1113423.4717307691,75893.07923928977,1269838.645,1109031.268,1269838.645,1005097.273,4.688789014397354,20.128802102070864,18.076056268158403,-24.372329448635178,6.717,0.21272746272575915,0.873,14.054401186683304,6.537,0,0,0.0,951903.03,501,2025,3
Fish (dried),2025-08-25,1326712.027,NGN,NGN/MT,WFP Nigeria,retail,National,,,0.9,True,WFP VAM retail data,WFP,historical,False,,,1585.0,896.8909090909091,924.2857142857144,33.4,39.5,0,1,0,0,1,0,1,1,0,0,1,0,0,0,0,1,0,0,1,0,-0.8660254037844384,-0.5000000000000004,-0.8854560256532096,-0.4647231720437691,0,837.04,1269838.645,1212965.263,1109031.268,1013544.717,1050828.578,1045862.731,1592848.625,1242628.55025,71539.81230960756,1143878.500875,119807.65248715779,1102545.7670833333,113445.13750820175,1124225.367730769,85296.62036545367,1326712.027,1160998.266,1326712.027,1005097.273,4.478788090434915,19.628009171694515,26.25389666553206,-16.70821657644963,10.532,-0.21000092396243897,1.483,14.098215032956825,6.537,0,0,0.0,994536.75,502,2025,3
Fish (dried),2025-09-01,1383585.41,NGN,NGN/MT,WFP Nigeria,retail,National,,,0.9,True,WFP VAM retail data,WFP,historical,False,,,1580.0,896.8909090909091,924.2857142857144,23.9,25.8,0,1,0,0,1,1,0,0,0,0,0,0,0,0,0,1,0,0,0,0,-1.0,-1.8369701987210287e-16,-0.9350162426854148,-0.3546048870425359,0,875.69,1326712.027,1269838.645,1160998.266,1009320.995,1026215.882,1093829.865,1506631.062,1298275.3362500002,73423.22083012409,1190661.55275,132191.18379638848,1132326.5610833333,136209.08817144108,1135369.8117692308,98995.43759744943,1383585.41,1212965.263,1383585.41,1005097.273,4.28679184650218,19.172047927933768,34.824010646134205,-8.16693981051082,14.348,-0.19199624393273496,2.084,14.140189533793963,6.537,0,0,0.5,1116695.25,503,2025,3
Fish (dried),2025-09-08,1440458.792,NGN,NGN/MT,WFP Nigeria,retail,National,,,0.9,True,WFP VAM retail data,WFP,historical,False,,,1580.0,896.8909090909091,924.2857142857144,23.9,25.8,0,1,0,0,1,1,0,0,0,0,0,0,0,0,0,1,0,0,0,0,-1.0,-1.8369701987210287e-16,-0.970941817426052,-0.2393156642875577,0,911.68,1383585.41,1326712.027,1212965.263,1005097.273,1021992.16,1141797.0,1420413.5,1355148.7185,73423.22095922293,1245081.742625,134479.77320239387,1167198.7804166668,157324.5066149256,1146856.8037692308,115690.91029498383,1440458.792,1269838.645,1440458.792,1005097.273,4.110579772592415,18.755156140032003,40.946168510725144,1.4112293356828731,18.162,-0.176212073909765,2.559,14.180472920586787,6.537,0,0,0.5,1162597.9,504,2025,3
Fish (dried),2025-09-15,1497332.174,NGN,NGN/MT,WFP Nigeria,retail,National,,,0.9,True,WFP VAM retail data,WFP,historical,False,,,1580.0,896.8909090909091,924.2857142857144,23.9,25.8,0,1,0,0,1,1,0,0,0,0,0,0,0,0,0,1,0,0,0,0,-1.0,-1.8369701987210287e-16,-0.992708874098054,-0.1205366802553235,0,947.68,1440458.792,1383585.41,1269838.645,1057064.27,1017768.439,1155308.667,1359408.419,1412022.10075,73423.2208301231,1300115.230625,136614.1058963338,1207162.425,175746.33583669734,1160011.5540384615,134591.52803168286,1497332.174,1326712.027,1497332.174,1005097.273,3.9482824719362153,17.915152440489802,47.11913993630923,10.145865883445015,21.725,-0.16229730065620007,2.871,14.219196199760958,6.537,0,0,0.5,1208500.54,505,2025,3
Fish (dried),2025-09-22,1495670.03,NGN,NGN/MT,WFP Nigeria,retail,National,,,0.9,True,WFP VAM retail data,WFP,historical,False,,,1580.0,896.8909090909091,924.2857142857144,23.9,25.8,0,1,0,0,1,1,0,0,0,0,0,0,0,0,0,1,0,0,0,0,-1.0,-1.8369701987210287e-16,-1.0,-1.8369701987210287e-16,0,946.63,1497332.174,1440458.792,1326712.027,1109031.268,1013544.717,1168820.333,1298403.338,1454261.6015,54022.753728876414,1348445.0758749999,127439.7923727096,1247339.5344166665,182441.2582920355,1172582.6962307694,149846.87241702602,1497332.174,1383585.41,1497332.174,1005097.273,-0.11100703163011705,12.735092436152318,47.56823304521256,15.193021014861262,24.022,-4.059289503566332,2.659,14.218085513602448,6.537,0,0,0.5,1207159.02,506,2025,3
Fish (dried),2025-09-29,1494007.887,NGN,NGN/MT,WFP Nigeria,retail,National,,,0.9,True,WFP VAM retail data,WFP,historical,False,,,1580.0,896.8909090909091,924.2857142857144,23.9,25.8,0,1,0,0,1,1,0,0,0,0,0,0,0,0,0,1,0,0,0,0,-1.0,-1.8369701987210287e-16,-0.992708874098054,0.1205366802553232,0,945.57,1495670.03,1497332.174,1383585.41,1160998.266,1009320.995,1182332.0,1237398.257,1481867.22075,27638.958438837537,1390071.2785,110761.39364190091,1287730.10875,178567.17837461986,1184570.230346154,162583.51802539008,1497332.174,1440458.792,1497332.174,1005097.273,-0.11113032732226191,7.980893423847268,48.02108490768093,20.737836710885247,25.097,-0.0001232956921448647,2.456,14.216973593117716,6.537,0,0,0.5,1205817.5,507,2025,3
Fish (dried),2025-10-06,1492345.743,NGN,NGN/MT,WFP Nigeria,retail,National,,,0.9,True,WFP VAM retail data,WFP,historical,False,,,1595.0,896.8909090909091,924.2857142857144,23.9,25.8,0,1,0,0,0,1,0,0,0,1,0,1,0,1,1,1,1,0,0,0,-0.8660254037844386,0.5000000000000001,-0.970941817426052,0.2393156642875573,0,935.64,1494007.887,1495670.03,1440458.792,1212965.263,1005097.273,1195843.667,1176393.176,1494838.9585,2145.8181603712083,1424993.8385,88812.36081707773,1328334.1479166667,163192.74468472446,1195974.156346154,173441.9091707201,1497332.174,1492345.743,1497332.174,1057064.27,-0.11125403115090915,3.602112832950799,48.477742710978376,26.857735444735354,24.989,-0.00012370382864723695,2.272,14.215860434219335,6.537,0,0,0.5,1204475.98,508,2025,4
Fish (dried),2025-10-13,1490683.6,NGN,NGN/MT,WFP Nigeria,retail,National,,,0.9,True,WFP VAM retail data,WFP,historical,False,,,1595.0,896.8909090909091,924.2857142857144,23.9,25.8,0,1,0,0,0,1,0,0,0,1,0,1,0,1,1,1,1,0,0,0,-0.8660254037844386,0.5000000000000001,-0.9350162426854148,0.3546048870425355,0,934.6,1492345.743,1494007.887,1497332.174,1269838.645,1057064.27,1209355.333,1115388.095,1493176.815,2145.817902172637,1452599.457875,64762.08873871136,1364469.0920833333,144616.03668862008,1206794.4743076924,182831.39067558586,1495670.03,1490683.6,1497332.174,1109031.268,-0.11137787659437626,-0.4440279929495472,41.02109420461255,33.6470782396149,23.731,-0.00012384544346710769,2.112,14.214746035488046,6.537,0,0,0.5,1203134.46,509,2025,4
Fish (dried),2025-10-20,1525861.732,NGN,NGN/MT,WFP Nigeria,retail,National,,,0.9,True,WFP VAM retail data,WFP,historical,False,,,1595.0,896.8909090909091,924.2857142857144,23.9,25.8,0,1,0,0,0,1,0,0,0,1,0,1,0,1,1,1,1,0,0,0,-0.8660254037844386,0.5000000000000001,-0.8854560256532101,0.464723172043768,0,956.65,1490683.6,1492345.743,1495670.03,1326712.027,1109031.268,1188183.167,1080676.696,1500724.7405,16812.857820274538,1477493.171,44595.06202174887,1399204.9640833333,126624.6821216165,1219782.1114230768,193158.4658167425,1525861.732,1490683.6,1525861.732,1160998.266,2.3598657689666735,2.018607138902162,37.585095752232675,41.195025084542024,23.032,2.47124364556105,2.185,14.238070533962718,6.537,0,0,0.5,1231526.82,510,2025,4
Fish (dried),2025-10-27,1561039.865,NGN,NGN/MT,WFP Nigeria,retail,National,,,0.9,True,WFP VAM retail data,WFP,historical,False,,,1595.0,896.8909090909091,924.2857142857144,23.9,25.8,0,1,0,0,0,1,0,0,0,1,0,1,0,1,1,1,1,0,0,0,-0.8660254037844386,0.5000000000000001,-0.822983865893657,0.5680647467311548,0,978.71,1525861.732,1490683.6,1494007.887,1383585.41,1160998.266,1167011.0,1045965.298,1517482.7349999999,33254.038191454645,1499674.9778749999,34113.58956160492,1432541.7640000002,109745.12155036174,1234937.0677692308,204005.43099087183,1561039.865,1490683.6,1561039.865,1212965.263,2.305460072970744,4.48672182946781,34.456692203190585,49.24394413322115,22.879,-0.05440569599592937,2.24,14.260863377886494,6.537,0,0,0.5,1259919.18,511,2025,4
Fish (dried),2025-11-03,1596217.997,NGN,NGN/MT,WFP Nigeria,retail,National,,,0.9,True,WFP VAM retail data,WFP,historical,False,,,1600.0,896.8909090909091,924.2857142857144,23.9,25.8,1,0,0,0,0,1,0,0,0,1,0,1,1,1,1,0,1,0,0,0,-0.5000000000000004,0.8660254037844384,-0.7485107481711011,0.6631226582407952,1,997.64,1561039.865,1525861.732,1492345.743,1440458.792,1212965.263,1145838.833,1011253.899,1543450.7985,45414.77364528186,1519144.8785,39510.46982193813,1464479.4918333336,94781.92994876279,1252259.3433076923,214964.11042362862,1596217.997,1490683.6,1596217.997,1269838.645,2.2535063190074256,6.960334392162371,31.5963486911496,57.8454232491419,23.253,-0.05195375396331858,2.284,14.283148263744028,6.537,0,0,0.5,1288311.54,512,2025,4
Fish (dried),2025-11-10,1631396.129,NGN,NGN/MT,WFP Nigeria,retail,National,,,0.9,True,WFP VAM retail data,WFP,historical,False,,,1600.0,896.8909090909091,924.2857142857144,23.9,25.8,1,0,0,0,0,1,0,0,0,1,0,1,1,1,1,0,1,0,0,0,-0.5000000000000004,0.8660254037844384,-0.6631226582407955,0.7485107481711007,1,1019.62,1596217.997,1561039.865,1490683.6,1497332.174,1269838.645,1124666.667,976542.5,1578628.93075,45414.77351618214,1535902.872875,54517.948206178764,1494609.2821666666,84154.73303472115,1271748.938,225639.36523933534,1631396.129,1525861.732,1631396.129,1326712.027,2.2038425870473333,9.439463142949966,28.47271071987261,67.05838496532408,24.131,-0.04966373196009233,2.32,14.304947340008892,6.537,0,0,0.5,1316703.9,513,2025,4
Fish (dried),2025-11-17,1613412.295,NGN,NGN/MT,WFP Nigeria,retail,National,,,0.9,True,WFP VAM retail data,WFP,historical,False,,,1600.0,896.8909090909091,924.2857142857144,23.9,25.8,1,0,0,0,0,1,0,0,0,1,0,1,1,1,1,0,1,0,0,0,-0.5000000000000004,0.8660254037844384,-0.5680647467311559,0.8229838658936564,1,1008.38,1631396.129,1596217.997,1525861.732,1495670.03,1326712.027,1100053.971,1039768.393,1600516.5714999998,29981.85481698468,1550620.656,57893.46186587888,1518500.9711666666,71970.40044357894,1291493.4889230768,232374.41656891833,1631396.129,1561039.865,1631396.129,1383585.41,-1.1023585063318464,5.737778277278394,21.609834098534165,55.1703538847617,23.928,-3.3062010933791797,2.083,14.293862551813028,6.537,0,0,0.5,1302189.1,514,2025,4
Fish (dried),2025-11-24,1595428.46,NGN,NGN/MT,WFP Nigeria,retail,National,,,0.9,True,WFP VAM retail data,WFP,historical,False,,,1600.0,896.8909090909091,924.2857142857144,23.9,25.8,1,0,0,0,0,1,0,0,0,1,0,1,1,1,1,0,1,0,0,0,-0.5000000000000004,0.8660254037844384,-0.4647231720437684,0.88545602565321,1,997.14,1613412.295,1631396.129,1561039.865,1494007.887,1383585.41,1075441.275,1102994.286,1609113.72025,17015.38040353497,1563298.227625,54744.259444269956,1536154.5586666667,61016.364432341834,1311492.9960384616,235392.87644189922,1631396.129,1595428.46,1631396.129,1440458.792,-1.1146459622089266,2.2029286868980646,15.311165358414701,44.64521532435208,22.693,-0.012287455877080244,1.874,14.282653511877246,6.537,0,0,0.5,1287674.3,515,2025,4
Fish (dried),2025-12-01,1577444.626,NGN,NGN/MT,WFP Nigeria,retail,National,,,0.9,True,WFP VAM retail data,WFP,historical,False,,,1610.0,896.8909090909091,924.2857142857144,24.2,26.1,1,0,0,0,0,0,0,0,0,1,0,1,1,1,1,0,0,0,0,1,-2.4492935982947064e-16,1.0,-0.3546048870425359,0.9350162426854148,1,979.78,1595428.46,1613412.295,1596217.997,1492345.743,1440458.792,1050828.578,1166220.179,1604420.3775,23217.030377360916,1573935.588,46658.60144443298,1547570.0448333335,53882.35840771945,1331747.4594230768,234722.23262193837,1631396.129,1577444.626,1631396.129,1490683.6,-1.127210304371784,-1.1761157332697336,9.509875239804844,35.261304375012,20.475,-0.0125643421628574,1.692,14.271317404340696,6.537,0,0,0.0,1270084.24,516,2025,4
Fish (dried),2025-12-08,1559460.791,NGN,NGN/MT,WFP Nigeria,retail,National,,,0.9,True,WFP VAM retail data,WFP,historical,False,,,1610.0,896.8909090909091,924.2857142857144,24.2,26.1,1,0,0,0,0,0,0,0,0,1,0,1,1,1,1,0,0,0,0,1,-2.4492935982947064e-16,1.0,-0.2393156642875578,0.970941817426052,1,968.61,1577444.626,1595428.46,1631396.129,1490683.6,1497332.174,1026215.882,1229446.071,1586436.543,23217.030635559997,1582532.736875,33650.54470639753,1552747.4295833332,51550.74855967939,1352256.8790000002,230211.24517928943,1613412.295,1559460.791,1631396.129,1490683.6,-1.1400612549932965,-4.409434147921775,4.149287518081457,26.842553551907677,17.318,-0.012850950621512425,1.532,14.259851313928307,6.537,0,0,0.0,1255604.5,517,2025,4
Fish (dried),2025-12-15,1541476.957,NGN,NGN/MT,WFP Nigeria,retail,National,,,0.9,True,WFP VAM retail data,WFP,historical,False,,,1610.0,896.8909090909091,924.2857142857144,24.2,26.1,1,0,0,0,0,0,0,0,0,1,0,1,1,1,1,0,0,0,0,1,-2.4492935982947064e-16,1.0,-0.1205366802553236,0.992708874098054,1,957.44,1559460.791,1577444.626,1613412.295,1525861.732,1495670.03,1021992.16,1244619.238,1568452.7085,23217.030377361276,1584484.64,30166.22750785086,1556564.6735000003,48548.58320498069,1372237.0634999997,222825.53591436913,1595428.46,1541476.957,1631396.129,1490683.6,-1.1532084746079363,-4.458583724874865,3.0626358809904053,23.85128800331142,14.299,-0.013147219614639827,1.387,14.248252226498023,6.537,0,0,0.0,1241124.76,518,2025,4
Fish (dried),2025-12-22,1525403.6,NGN,NGN/MT,WFP Nigeria,retail,National,,,0.9,True,WFP VAM retail data,WFP,historical,False,,,1610.0,896.8909090909091,924.2857142857144,24.2,26.1,1,0,0,0,0,0,0,0,0,1,0,1,1,1,1,0,0,0,0,1,-2.4492935982947064e-16,1.0,6.432490598706546e-16,1.0,1,947.46,1541476.957,1559460.791,1595428.46,1561039.865,1494007.887,1017768.439,1259792.405,1550946.4935,22485.223427695033,1580030.1068749998,36158.7331165854,1559180.9829166664,45629.07198090144,1391761.4927692306,212525.87435332296,1577444.626,1525403.6,1631396.129,1490683.6,-1.0427244421013948,-4.38909432516954,2.101442252961805,21.08372728282959,11.438,0.11048403250654149,1.264,14.237770244310193,6.537,0,0,0.0,1228183.25,519,2025,4
Fish (dried),2025-12-29,1509330.243,NGN,NGN/MT,WFP Nigeria,retail,National,,,0.9,True,WFP VAM retail data,WFP,historical,False,,,1610.0,896.8909090909091,924.2857142857144,24.2,26.1,1,0,0,0,0,0,0,0,0,1,0,1,1,1,1,0,0,0,0,1,-2.4492935982947064e-16,1.0,0.120536680255323,0.992708874098054,1,937.47,1525403.6,1541476.957,1577444.626,1596217.997,1492345.743,1013544.717,1274965.571,1533917.89775,21499.029471146463,1569169.137625,43003.181950416045,1560596.357916667,43585.07026187078,1410830.1668461538,199047.90284665782,1559460.791,1509330.243,1631396.129,1490683.6,-1.0537117520897477,-4.318020542674816,1.1381075786001782,18.382039274690353,8.724,-0.010987309988352845,1.151,14.227177225257925,6.537,0,0,0.0,1215241.74,520,2025,4
Fish (dried),2026-01-05,1493256.886,NGN,NGN/MT,WFP Nigeria,retail,National,,,0.9,True,WFP VAM retail data,WFP,historical,False,,,1590.0,896.8909090909091,924.2857142857144,24.2,26.1,1,0,0,0,0,0,0,0,0,1,0,0,1,0,0,0,0,0,0,1,0.4999999999999999,0.8660254037844387,0.2393156642875577,0.970941817426052,1,939.16,1509330.243,1525403.6,1559460.791,1631396.129,1490683.6,1009320.995,1290138.738,1517366.9215,20750.61465952451,1551901.7322500001,42173.24945836197,1560810.7984166667,43214.581702370044,1429443.0857307692,181887.7434200182,1541476.957,1493256.886,1631396.129,1493256.886,-1.06493307707477,-4.245307441012802,0.1726245596315623,15.743899630118708,6.151,-0.011221324985022374,1.046,14.216470791678884,6.537,0,0,0.0,1202300.23,521,2026,1
Fish (dried),2026-01-12,1477183.529,NGN,NGN/MT,WFP Nigeria,retail,National,,,0.9,True,WFP VAM retail data,WFP,historical,False,,,1590.0,896.8909090909091,1128.8472222222222,24.2,26.1,1,0,0,0,0,0,0,0,0,1,0,0,1,0,0,0,0,0,0,1,0.4999999999999999,0.8660254037844387,0.3546048870425356,0.9350162426854148,1,929.05,1493256.886,1509330.243,1541476.957,1613412.295,1525861.732,1005097.273,1305311.905,1501293.5645,20750.614659524872,1534873.1365,41282.228570954896,1556754.2814999998,48726.62123014654,1447600.2494230769,160089.5766594421,1525403.6,1477183.529,1631396.129,1477183.529,-1.0763959738404827,-4.170897768405624,-3.190210618638145,13.16709235100404,3.709,-0.01146289676571266,0.947,14.205648488713175,7.037,0,0,0.0,1189358.72,522,2026,1
Fish (dried),2026-01-19,1548807.022,NGN,NGN/MT,WFP Nigeria,retail,National,,,0.9,True,WFP VAM retail data,WFP,historical,False,,,1590.0,896.8909090909091,1128.8472222222222,24.2,26.1,1,0,0,0,0,0,0,0,0,1,0,0,1,0,0,0,0,0,0,1,0.4999999999999999,0.8660254037844387,0.4647231720437685,0.8854560256532099,1,974.09,1477183.529,1493256.886,1525403.6,1595428.46,1561039.865,1057064.27,1216466.044,1507144.42,30719.531342506827,1529045.45675,34194.96187051321,1555734.8779166667,48756.76389925457,1466513.4321923074,139877.2108561591,1548807.022,1477183.529,1631396.129,1477183.529,4.848652289569366,1.5342445763206536,-0.7836342475468938,27.320201795949185,2.771,5.925048263409849,1.229,14.252996174984839,7.037,0,0,0.0,1247026.59,523,2026,1
Fish (dried),2026-01-26,1620430.515,NGN,NGN/MT,WFP Nigeria,retail,National,,,0.9,True,WFP VAM retail data,WFP,historical,False,,,1590.0,896.8909090909091,1128.8472222222222,24.2,26.1,1,0,0,0,0,0,0,0,0,1,0,0,1,0,0,0,0,0,0,1,0.4999999999999999,0.8660254037844387,0.5680647467311558,0.8229838658936564,1,1019.14,1548807.022,1477183.529,1509330.243,1577444.626,1596217.997,1109031.268,1127620.183,1534919.488,64741.055254124694,1534418.692875,44661.97468110017,1557752.58775,51032.28120642567,1486182.6339999998,122471.05920883178,1620430.515,1477183.529,1631396.129,1477183.529,4.624429769663063,7.360898816893302,1.5168678742819575,43.703574965188416,3.279,-0.22422251990630304,1.484,14.29820303902305,7.037,0,0,0.0,1304694.46,524,2026,1
Fish (dried),2026-02-02,1692054.007,NGN,NGN/MT,WFP Nigeria,retail,National,,,0.9,True,WFP VAM retail data,WFP,historical,False,,,1600.0,896.8909090909091,1128.8472222222222,24.2,26.1,1,0,0,0,0,0,0,0,1,1,0,0,1,0,0,0,0,0,0,0,0.8660254037844386,0.5000000000000001,0.6631226582407952,0.7485107481711011,1,1057.53,1620430.515,1548807.022,1493256.886,1559460.791,1631396.129,1160998.266,1038774.322,1584618.76825,92465.53147476361,1550992.844875,71700.77638704874,1562807.4109166665,61017.22273574388,1506607.854807692,109685.04489702474,1692054.007,1477183.529,1692054.007,1477183.529,4.420028587279479,13.312988733808528,3.7181575291086233,62.889471867403344,5.178,-0.2044011823835845,1.716,14.341454328667147,7.037,0,0,0.0,1362362.32,525,2026,1
Fish (dried),2026-02-09,1763677.5,NGN,NGN/MT,WFP Nigeria,retail,National,,,0.9,True,WFP VAM retail data,WFP,historical,False,,,1600.0,896.8909090909091,1075.261304347826,24.2,26.1,1,0,0,0,0,0,0,0,1,1,0,0,1,0,0,0,0,0,0,0,0.8660254037844386,0.5000000000000001,0.7485107481711011,0.6631226582407953,1,1102.3,1692054.007,1620430.515,1477183.529,1541476.957,1613412.295,1212965.263,949928.462,1656242.261,92465.53134566378,1578767.91275,103481.94085473669,1575329.5113333333,83590.13566386362,1527789.0946923075,103723.534380203,1763677.5,1548807.022,1763677.5,1477183.529,4.232931851093102,19.39460909058104,9.313503155125025,85.66424426179577,8.408,-0.18709673618637623,1.932,14.38291224270236,6.906,0,0,0.0,1420030.19,526,2026,1
Fish (dried),2026-02-16,1699890.982,NGN,NGN/MT,WFP Nigeria,retail,National,,,0.9,True,WFP VAM retail data,WFP,historical,False,,,1600.0,896.8909090909091,1075.261304347826,24.2,26.1,1,0,0,0,0,0,0,0,1,1,0,0,1,0,0,0,0,0,0,0,0.8660254037844386,0.5000000000000001,0.8229838658936564,0.5680647467311559,1,1062.43,1763677.5,1692054.007,1548807.022,1525403.6,1595428.46,1269838.645,997895.596,1694013.2510000002,58611.4692551325,1600578.8355,108875.35586364754,1584034.7215,90985.83436793461,1544329.5691923075,94853.9182137715,1763677.5,1620430.515,1763677.5,1477183.529,-3.6166769718386726,9.754860215245076,6.547615554006114,70.3475783252179,9.692,-7.849608822931775,1.588,14.346075267007693,6.906,0,0,0.0,1368672.29,527,2026,1
Fish (dried),2026-02-23,1636104.464,NGN,NGN/MT,WFP Nigeria,retail,National,,,0.9,True,WFP VAM retail data,WFP,historical,False,,,1600.0,896.8909090909091,1075.261304347826,24.2,26.1,1,0,0,0,0,0,0,0,1,1,0,0,1,0,0,0,0,1,0,0,0.8660254037844386,0.5000000000000001,0.8854560256532099,0.4647231720437686,1,1022.57,1699890.982,1763677.5,1620430.515,1509330.243,1577444.626,1326712.027,1045862.731,1697931.73825,52228.67472308046,1616425.613125,102750.53253902351,1588923.0413333334,92167.6946399743,1556229.2783076924,85396.76847679049,1763677.5,1636104.464,1763677.5,1477183.529,-3.7523887517158516,0.9672706638704565,3.718662261302086,56.43587016774574,9.106,-0.13571177987717897,1.265,14.307829258614756,6.906,0,0,0.0,1317314.38,528,2026,1
Fish (dried),2026-03-02,1572317.946,NGN,NGN/MT,WFP Nigeria,retail,National,,,0.9,True,WFP VAM retail data,WFP,historical,False,,,1620.0,896.8909090909091,1075.261304347826,24.2,26.1,1,0,0,1,0,0,0,0,1,1,0,0,0,0,0,0,0,1,0,0,1.0,6.123233995736766e-17,0.9350162426854148,0.3546048870425355,0,970.57,1636104.464,1699890.982,1692054.007,1493256.886,1559460.791,1383585.41,1093829.865,1667997.723,82348.0406421795,1626308.245625,92502.7591217435,1589994.4709166668,91868.31125822716,1563488.222,77819.82851924139,1763677.5,1572317.946,1763677.5,1477183.529,-3.8986824743484028,-7.076373478899245,0.8244615750650164,43.74428750855144,6.684,-0.14629372263255114,0.955,14.268062123249026,6.906,0,0,0.0,1265956.48,529,2026,1
Fish (dried),2026-03-09,1508531.429,NGN,NGN/MT,WFP Nigeria,retail,National,,,0.9,True,WFP VAM retail data,WFP,historical,False,,,1620.0,896.8909090909091,1082.29875,24.2,26.1,1,0,0,1,0,0,0,0,1,1,0,0,0,0,0,0,0,1,0,0,1.0,6.123233995736766e-17,0.970941817426052,0.239315664287558,0,931.19,1572317.946,1636104.464,1763677.5,1477183.529,1541476.957,1440458.792,1141797.0,1604211.20525,82348.04025488168,1630226.733125,85696.87791235722,1587249.01025,93919.44330513917,1566106.4003461539,74593.27715435604,1699890.982,1508531.429,1763677.5,1477183.529,-4.056845955506249,-14.466707830654979,-2.1372702232356433,32.11905697772897,2.433,-0.1581634811578465,0.654,14.226647834864272,6.923,0,0,0.0,1214598.57,530,2026,1
Fish (dried),2026-03-16,2715911.17675,NGN,NGN/MT,Bridge Synthetic,retail,National,,,0.7,True,Bridge synthetic,Bridge,historical,False,,,1620.0,1380.0,1200.0,24.2,26.1,1,0,0,1,0,0,0,0,1,1,0,0,0,0,0,0,0,1,0,0,1.0,6.123233995736766e-17,0.992708874098054,0.120536680255323,0,1676.49,1508531.429,1572317.946,1699890.982,1548807.022,1525403.6,1497332.174,1155308.667,1858216.2539374998,574163.6082513623,1776114.75246875,387892.2369592554,1686457.9749791666,336961.54181234806,1612974.8235288463,236585.05262715332,2715911.17675,1508531.429,2715911.17675,1477183.529,80.03676453399235,59.769726735923115,78.04541543955975,135.08100080322518,15.204,84.0936104894986,4.466,14.814638431626138,9.515,1,2,0.0,2186723.97,531,2026,1
Fish (dried),2026-03-23,2717747.4315,NGN,NGN/MT,Bridge Synthetic,retail,National,,,0.7,True,Bridge synthetic,Bridge,historical,False,,,1620.0,1450.0,1250.0,24.2,26.1,1,0,0,1,0,0,0,0,1,1,0,0,0,0,0,0,0,0,0,0,1.0,6.123233995736766e-17,1.0,-1.6081226496766364e-16,0,1677.62,2715911.17675,1508531.429,1636104.464,1620430.515,1509330.243,1495670.03,1168820.333,2128626.9958125,679696.9588985612,1913279.3670312501,502158.79403282306,1787159.4073541667,443074.81978191395,1659977.8005096153,319288.77230068337,2717747.4315,1508531.429,2717747.4315,1477183.529,0.06761100163066303,66.11087441541264,80.06314019774132,132.5205469795673,28.232,-79.96915353236169,3.733,14.815314312934262,9.971,1,2,0.0,2188202.44,532,2026,1
Fish (dried),2026-03-30,2723108.089,NGN,NGN/MT,Bridge Synthetic,retail,National,,,0.7,True,Bridge synthetic,Bridge,historical,False,,,1620.0,1420.0,1270.0,24.2,26.1,1,0,0,1,0,0,0,0,1,1,0,0,0,0,0,0,0,0,0,0,1.0,6.123233995736766e-17,0.992708874098054,-0.1205366802553228,0,1680.93,2717747.4315,2715911.17675,1572317.946,1692054.007,1493256.886,1494007.887,1182332.0,2416324.5315625,605203.1038572877,2042161.1272812502,565577.0776036718,1889647.0076041666,506596.93493390677,1707250.885201923,379116.3221547035,2723108.089,1508531.429,2723108.089,1477183.529,0.19724634592117596,73.19067660123241,82.36032356726064,130.31670368390604,41.533,0.12963534429051293,3.265,14.817284832917334,9.876,1,2,0.0,2192518.59,533,2026,1
Fish (dried),2026-04-06,2739114.592,NGN,NGN/MT,Bridge Synthetic,retail,National,,,0.7,True,Bridge synthetic,Bridge,historical,False,,,1640.0,1420.0,1260.0,24.2,26.1,0,1,1,1,0,0,0,0,1,0,0,0,0,0,0,0,0,0,0,0,0.8660254037844387,-0.4999999999999998,0.970941817426052,-0.2393156642875575,0,1670.19,2723108.089,2717747.4315,1508531.429,1763677.5,1477183.529,1492345.743,1195843.667,2723970.3223125,10547.773033652047,2164090.76378125,600998.9691265867,1994807.9295208333,542871.843331655,1755203.533240385,426708.4374400651,2739114.592,2715911.17675,2739114.592,1508531.429,0.5878027047350187,81.57491049528542,85.42818398836884,129.05289943723056,55.194,0.39055635881384276,2.948,14.823145649618324,9.852,1,2,0.5,2205406.27,534,2026,2
Fish (dried),2026-04-13,2767751.251,NGN,NGN/MT,Bridge Synthetic,retail,National,,,0.7,True,Bridge synthetic,Bridge,historical,False,,,1640.0,1420.0,1260.0,25.8,27.8,0,1,1,1,0,0,0,0,1,0,0,0,0,0,0,0,0,0,0,0,0.8660254037844387,-0.4999999999999998,0.9350162426854148,-0.3546048870425354,0,1687.65,2739114.592,2723108.089,2715911.17675,1699890.982,1548807.022,1490683.6,1209355.333,2736930.340875,22462.84423137696,2297573.29740625,601757.2099868805,2096386.6152708335,565405.2478316181,1804321.5198173078,466671.50581464125,2767751.251,2717747.4315,2767751.251,1508531.429,1.0454713754451062,1.90875440602718,78.70213730216418,128.8617063550833,51.688,0.45766867071008743,2.728,14.833546087017382,9.852,1,2,0.5,2200120.23,535,2026,2
Fish (dried),2026-04-20,2767751.251,NGN,NGN/MT,Bridge Synthetic,retail,National,,,0.7,True,Bridge synthetic,Bridge,historical,False,,,1640.0,1420.0,1260.0,25.8,27.8,0,1,1,1,0,0,0,0,1,0,0,0,0,0,0,0,0,0,0,0,0.8660254037844387,-0.4999999999999998,0.8854560256532099,-0.4647231720437685,0,1687.65,2767751.251,2739114.592,2717747.4315,1636104.464,1620430.515,1525861.732,1188183.167,2749431.29575,22140.363672005704,2439029.14578125,555264.4688486245,2191996.6766041666,574536.5638982143,1852086.5013173076,499435.50222538394,2767751.251,2723108.089,2767751.251,1508531.429,0.0,1.8398994299629212,70.80345163704847,132.93977964594413,48.45,-1.0454713754451062,2.502,14.833546087017382,9.852,1,2,0.5,2200120.23,536,2026,2
Fish (dried),2026-04-27,2751854.677,NGN,NGN/MT,Bridge Synthetic,retail,National,,,0.7,True,Bridge synthetic,Bridge,historical,False,,,1640.0,1420.0,1260.0,25.8,27.8,0,1,1,1,0,0,0,0,1,0,0,0,0,0,0,0,0,0,0,0,0.8660254037844387,-0.4999999999999998,0.8229838658936565,-0.5680647467311557,0,1677.96,2767751.251,2767751.251,2723108.089,1572317.946,1692054.007,1561039.865,1167011.0,2756617.9427500004,13867.91372503635,2586471.2371562505,436051.8578668603,2280313.399104167,572150.2569537138,1897887.0710096152,525594.145734145,2767751.251,2739114.592,2767751.251,1508531.429,-0.5743498081432152,1.0556535789424615,62.63397418850829,135.80366226196668,45.247,-0.5743498081432152,2.291,14.82778603370961,9.852,1,2,0.5,2187483.84,537,2026,2
Fish (dried),2026-05-04,2751854.677,NGN,NGN/MT,Bridge Synthetic,retail,National,,,0.7,True,Bridge synthetic,Bridge,historical,False,,,1650.0,1400.0,1240.0,26.0,28.0,0,1,1,1,0,0,0,0,1,0,1,0,0,0,0,0,0,0,0,0,0.4999999999999999,-0.8660254037844387,0.7485107481711013,-0.663122658240795,0,1667.79,2751854.677,2767751.251,2739114.592,1508531.429,1763677.5,1596217.997,1145838.833,2759802.964,9177.891277974151,2741886.64315625,21228.094704363662,2362661.4971875004,562056.2164762333,1942334.6356249999,547471.3273445857,2767751.251,2751854.677,2767751.251,1508531.429,0.0,0.4651169044628256,56.02935780492751,140.16071001845685,42.087,0.5743498081432152,2.14,14.82778603370961,9.708,1,2,0.5,2184011.65,538,2026,2
Fish (dried),2026-05-11,2809567.341,NGN,NGN/MT,Bridge Synthetic,retail,National,,,0.7,True,Bridge synthetic,Bridge,historical,False,,,1650.0,1400.0,1240.0,26.0,28.0,0,1,1,1,0,0,0,0,1,0,1,0,0,0,0,0,0,0,0,0,0.4999999999999999,-0.8660254037844387,0.6631226582407952,-0.7485107481711012,0,1702.77,2751854.677,2751854.677,2767751.251,2715911.17675,1699890.982,1631396.129,1124666.667,2770256.9865,27257.24778948792,2753593.6636875,29188.895641233677,2455134.527104167,533668.6099379031,1987648.9130096151,569039.3023288914,2809567.341,2751854.677,2809567.341,1508531.429,2.0972278980558867,1.5108326655038695,65.27926618531824,149.8133378927643,39.374,2.0972278980558867,2.104,14.848541414207398,9.708,1,2,0.5,2229815.35,539,2026,2
Fish (dried),2026-05-18,2809567.341,NGN,NGN/MT,Bridge Synthetic,retail,National,,,0.7,True,Bridge synthetic,Bridge,historical,False,,,1650.0,1400.0,1240.0,26.0,28.0,0,1,1,1,0,0,0,0,1,0,1,0,0,0,0,0,0,0,0,0,0.4999999999999999,-0.8660254037844387,0.5680647467311558,-0.8229838658936564,0,1702.77,2809567.341,2751854.677,2767751.251,2717747.4315,1636104.464,1613412.295,1100053.971,2780711.009,33320.4220960173,2765071.152375,31071.759384077024,2552923.1001875,474138.9470832361,2033654.8763173078,585682.8418428564,2809567.341,2751854.677,2809567.341,1508531.429,0.0,1.5108326655038695,71.72297996981689,155.40268160170118,36.735,-2.0972278980558867,1.982,14.848541414207398,9.708,1,2,0.5,2229815.35,540,2026,2
Fish (dried),2026-05-25,2820845.52,NGN,NGN/MT,Bridge Synthetic,retail,National,,,0.7,True,Bridge synthetic,Bridge,historical,False,,,1650.0,1400.0,1240.0,26.0,28.0,0,1,1,1,0,0,0,0,1,0,1,0,0,0,0,0,0,0,0,0,0.4999999999999999,-0.8660254037844387,0.464723172043769,-0.8854560256532096,0,1709.6,2809567.341,2809567.341,2751854.677,2723108.089,1572317.946,1595428.46,1075441.275,2797958.71975,31192.459335670832,2777288.33125,31427.88874641236,2656967.0646875002,363465.56027744425,2080786.3017019231,598179.9343188618,2820845.52,2751854.677,2820845.52,1508531.429,0.4014204904583485,2.5070670910286585,79.40681318153702,162.2965647287436,34.466,0.4014204904583485,1.892,14.852547582265139,9.708,1,2,0.5,2238766.29,541,2026,2
Fish (dried),2026-06-01,2820845.52,NGN,NGN/MT,Bridge Synthetic,retail,National,,,0.7,True,Bridge synthetic,Bridge,historical,False,,,1655.0,1380.0,1220.0,26.2,28.2,0,1,1,0,0,0,0,1,0,0,1,0,0,0,0,0,0,0,1,0,1.2246467991473532e-16,-1.0,0.3546048870425358,-0.9350162426854148,0,1704.44,2820845.52,2809567.341,2751854.677,2739114.592,1508531.429,1577444.626,1050828.578,2815206.4305000002,6511.459681445839,2787504.69725,30516.94280444062,2766326.5722708334,40019.38689047602,2128609.4130096156,605981.9254822256,2820845.52,2809567.341,2820845.52,2715911.17675,0.0,2.5070670910286585,86.99282399902853,168.4401223050864,32.256,-0.4014204904583485,1.796,14.852547582265139,9.563,1,2,0.5,2235218.32,542,2026,2
