commodity,date,price_ngn_mt,currency,unit,source,market_type,region,fx_rate,rainfall_index,data_quality_score,is_validated,notes,data_source,record_type,outlier_flag,outlier_reason,price_raw_ngn_mt,fx_rate_usd_ngn,fuel_diesel_ngn_litre,fuel_petrol_ngn_litre,headline_inflation_yoy,food_inflation_yoy,season_dry,season_rainy,season_planting,season_planting_early,season_planting_late,season_harvesting,season_harvest_early,season_harvest_lean,cashew_harvest,cocoa_main_crop,cocoa_mid_crop,sesame_harvest,ginger_harvest,hibiscus_harvest,sorghum_harvest,maize_harvest,soybean_harvest,is_ramadan,is_lean_season,is_festive_period,month_sin,month_cos,week_sin,week_cos,wheat_harvest,price_usd_mt,price_lag_1w,price_lag_2w,price_lag_4w,price_lag_8w,price_lag_12w,price_lag_26w,price_lag_52w,rolling_mean_4w,rolling_std_4w,rolling_mean_8w,rolling_std_8w,rolling_mean_12w,rolling_std_12w,rolling_mean_26w,rolling_std_26w,rolling_max_4w,rolling_min_4w,rolling_max_12w,rolling_min_12w,pct_change_1w,pct_change_4w,pct_change_12w,pct_change_52w,momentum_4w_vs_26w,acceleration_1w,price_zscore_52w,log_price,fuel_cost_index,shock_active,shock_severity,commodity_season_score,price_real_ngn_mt,weeks_since_start,year,quarter
Hibiscus,2010-01-04,202388.21,NGN,NGN/MT,Historical (World Bank/FAOSTAT/NEPC),wholesale,National,,,0.7,False,"Synthetic historical — verified annual anchors, weekly interpolated",Synthetic (World Bank/FAO × FX),historical,True,Hard bound violation (synthetic),96415.64,150.3,160.55555555555554,97.0,11.4,12.5,1,0,0,0,0,0,0,0,0,1,0,0,1,0,0,0,0,0,0,1,0.4999999999999999,0.8660254037844387,0.120536680255323,0.992708874098054,1,1346.56,,,,,,,,,,,,,,,,,,,,,,,,,,,12.217947904697724,1.0,0,0,0.0,181677.03,0,2010,1
Hibiscus,2010-01-11,202388.21,NGN,NGN/MT,Historical (World Bank/FAOSTAT/NEPC),wholesale,National,,,0.7,False,"Synthetic historical — verified annual anchors, weekly interpolated",Synthetic (World Bank/FAO × FX),historical,True,Hard bound violation (synthetic),94605.95,150.3,160.55555555555554,97.0,11.4,12.5,1,0,0,0,0,0,0,0,0,1,0,0,1,0,0,0,0,0,0,1,0.4999999999999999,0.8660254037844387,0.2393156642875577,0.970941817426052,1,1346.56,202388.21,,,,,,,202388.21,0.0,202388.21,0.0,202388.21,0.0,202388.21,0.0,202388.21,202388.21,202388.21,202388.21,0.0,,,,0.0,,,12.217947904697724,1.0,0,0,0.0,181677.03,1,2010,1
Hibiscus,2010-01-18,202388.21,NGN,NGN/MT,Historical (World Bank/FAOSTAT/NEPC),wholesale,National,,,0.7,False,"Synthetic historical — verified annual anchors, weekly interpolated",Synthetic (World Bank/FAO × FX),historical,True,Hard bound violation (synthetic),96845.91,150.3,160.55555555555554,97.0,11.4,12.5,1,0,0,0,0,0,0,0,0,1,0,0,1,0,0,0,0,0,0,1,0.4999999999999999,0.8660254037844387,0.3546048870425356,0.9350162426854148,1,1346.56,202388.21,202388.21,,,,,,202388.21,0.0,202388.21,0.0,202388.21,0.0,202388.21,0.0,202388.21,202388.21,202388.21,202388.21,0.0,,,,0.0,0.0,,12.217947904697724,1.0,0,0,0.0,181677.03,2,2010,1
Hibiscus,2010-01-25,202388.21,NGN,NGN/MT,Historical (World Bank/FAOSTAT/NEPC),wholesale,National,,,0.7,False,"Synthetic historical — verified annual anchors, weekly interpolated",Synthetic (World Bank/FAO × FX),historical,True,Hard bound violation (synthetic),99340.64,150.3,160.55555555555554,97.0,11.4,12.5,1,0,0,0,0,0,0,0,0,1,0,0,1,0,0,0,0,0,0,1,0.4999999999999999,0.8660254037844387,0.4647231720437685,0.8854560256532099,1,1346.56,202388.21,202388.21,,,,,,202388.21,0.0,202388.21,0.0,202388.21,0.0,202388.21,0.0,202388.21,202388.21,202388.21,202388.21,0.0,,,,0.0,0.0,,12.217947904697724,1.0,0,0,0.0,181677.03,3,2010,1
Hibiscus,2010-02-01,202388.21,NGN,NGN/MT,Historical (World Bank/FAOSTAT/NEPC),wholesale,National,,,0.7,False,"Synthetic historical — verified annual anchors, weekly interpolated",Synthetic (World Bank/FAO × FX),historical,True,Hard bound violation (synthetic),94332.66,150.3,160.55555555555554,97.0,11.4,12.5,1,0,0,0,0,0,0,0,1,1,0,0,1,0,0,0,0,0,0,0,0.8660254037844386,0.5000000000000001,0.5680647467311558,0.8229838658936564,1,1346.56,202388.21,202388.21,202388.21,,,,,202388.21,0.0,202388.21,0.0,202388.21,0.0,202388.21,0.0,202388.21,202388.21,202388.21,202388.21,0.0,0.0,,,0.0,0.0,,12.217947904697724,1.0,0,0,0.0,181677.03,4,2010,1
Hibiscus,2010-02-08,202388.21,NGN,NGN/MT,Historical (World Bank/FAOSTAT/NEPC),wholesale,National,,,0.7,False,"Synthetic historical — verified annual anchors, weekly interpolated",Synthetic (World Bank/FAO × FX),historical,True,Hard bound violation (synthetic),94332.71,150.3,160.55555555555554,97.0,11.4,12.5,1,0,0,0,0,0,0,0,1,1,0,0,1,0,0,0,0,0,0,0,0.8660254037844386,0.5000000000000001,0.6631226582407952,0.7485107481711011,1,1346.56,202388.21,202388.21,202388.21,,,,,202388.21,0.0,202388.21,0.0,202388.21,0.0,202388.21,0.0,202388.21,202388.21,202388.21,202388.21,0.0,0.0,,,0.0,0.0,,12.217947904697724,1.0,0,0,0.0,181677.03,5,2010,1
Hibiscus,2010-02-15,202388.21,NGN,NGN/MT,Historical (World Bank/FAOSTAT/NEPC),wholesale,National,,,0.7,False,"Synthetic historical — verified annual anchors, weekly interpolated",Synthetic (World Bank/FAO × FX),historical,True,Hard bound violation (synthetic),99500.76,150.3,160.55555555555554,97.0,11.4,12.5,1,0,0,0,0,0,0,0,1,1,0,0,1,0,0,0,0,0,0,0,0.8660254037844386,0.5000000000000001,0.7485107481711011,0.6631226582407953,1,1346.56,202388.21,202388.21,202388.21,,,,,202388.21,0.0,202388.21,0.0,202388.21,0.0,202388.21,0.0,202388.21,202388.21,202388.21,202388.21,0.0,0.0,,,0.0,0.0,,12.217947904697724,1.0,0,0,0.0,181677.03,6,2010,1
Hibiscus,2010-02-22,202388.21,NGN,NGN/MT,Historical (World Bank/FAOSTAT/NEPC),wholesale,National,,,0.7,False,"Synthetic historical — verified annual anchors, weekly interpolated",Synthetic (World Bank/FAO × FX),historical,True,Hard bound violation (synthetic),97187.19,150.3,160.55555555555554,97.0,11.4,12.5,1,0,0,0,0,0,0,0,1,1,0,0,1,0,0,0,0,0,0,0,0.8660254037844386,0.5000000000000001,0.8229838658936564,0.5680647467311559,1,1346.56,202388.21,202388.21,202388.21,,,,,202388.21,0.0,202388.21,0.0,202388.21,0.0,202388.21,0.0,202388.21,202388.21,202388.21,202388.21,0.0,0.0,,,0.0,0.0,,12.217947904697724,1.0,0,0,0.0,181677.03,7,2010,1
Hibiscus,2010-03-01,202388.21,NGN,NGN/MT,Historical (World Bank/FAOSTAT/NEPC),wholesale,National,,,0.7,False,"Synthetic historical — verified annual anchors, weekly interpolated",Synthetic (World Bank/FAO × FX),historical,True,Hard bound violation (synthetic),95633.83,150.3,160.55555555555554,97.0,11.4,12.5,1,0,0,1,0,0,0,0,1,1,0,0,0,0,0,0,0,0,0,0,1.0,6.123233995736766e-17,0.8854560256532099,0.4647231720437686,0,1346.56,202388.21,202388.21,202388.21,202388.21,,,,202388.21,0.0,202388.21,0.0,202388.21,0.0,202388.21,0.0,202388.21,202388.21,202388.21,202388.21,0.0,0.0,,,0.0,0.0,,12.217947904697724,1.0,0,0,0.0,181677.03,8,2010,1
Hibiscus,2010-03-08,202388.21,NGN,NGN/MT,Historical (World Bank/FAOSTAT/NEPC),wholesale,National,,,0.7,False,"Synthetic historical — verified annual anchors, weekly interpolated",Synthetic (World Bank/FAO × FX),historical,True,Hard bound violation (synthetic),98578.85,150.3,160.55555555555554,97.0,11.4,12.5,1,0,0,1,0,0,0,0,1,1,0,0,0,0,0,0,0,0,0,0,1.0,6.123233995736766e-17,0.9350162426854148,0.3546048870425355,0,1346.56,202388.21,202388.21,202388.21,202388.21,,,,202388.21,0.0,202388.21,0.0,202388.21,0.0,202388.21,0.0,202388.21,202388.21,202388.21,202388.21,0.0,0.0,,,0.0,0.0,,12.217947904697724,1.0,0,0,0.0,181677.03,9,2010,1
Hibiscus,2010-03-15,202388.21,NGN,NGN/MT,Historical (World Bank/FAOSTAT/NEPC),wholesale,National,,,0.7,False,"Synthetic historical — verified annual anchors, weekly interpolated",Synthetic (World Bank/FAO × FX),historical,True,Hard bound violation (synthetic),95651.45,150.3,160.55555555555554,97.0,11.4,12.5,1,0,0,1,0,0,0,0,1,1,0,0,0,0,0,0,0,0,0,0,1.0,6.123233995736766e-17,0.970941817426052,0.239315664287558,0,1346.56,202388.21,202388.21,202388.21,202388.21,,,,202388.21,0.0,202388.21,0.0,202388.21,0.0,202388.21,0.0,202388.21,202388.21,202388.21,202388.21,0.0,0.0,,,0.0,0.0,,12.217947904697724,1.0,0,0,0.0,181677.03,10,2010,1
Hibiscus,2010-03-22,202388.21,NGN,NGN/MT,Historical (World Bank/FAOSTAT/NEPC),wholesale,National,,,0.7,False,"Synthetic historical — verified annual anchors, weekly interpolated",Synthetic (World Bank/FAO × FX),historical,True,Hard bound violation (synthetic),95644.73,150.3,160.55555555555554,97.0,11.4,12.5,1,0,0,1,0,0,0,0,1,1,0,0,0,0,0,0,0,0,0,0,1.0,6.123233995736766e-17,0.992708874098054,0.120536680255323,0,1346.56,202388.21,202388.21,202388.21,202388.21,,,,202388.21,0.0,202388.21,0.0,202388.21,0.0,202388.21,0.0,202388.21,202388.21,202388.21,202388.21,0.0,0.0,,,0.0,0.0,,12.217947904697724,1.0,0,0,0.0,181677.03,11,2010,1
Hibiscus,2010-03-29,202388.21,NGN,NGN/MT,Historical (World Bank/FAOSTAT/NEPC),wholesale,National,,,0.7,False,"Synthetic historical — verified annual anchors, weekly interpolated",Synthetic (World Bank/FAO × FX),historical,True,Hard bound violation (synthetic),97704.11,150.3,160.55555555555554,97.0,11.4,12.5,1,0,0,1,0,0,0,0,1,1,0,0,0,0,0,0,0,0,0,0,1.0,6.123233995736766e-17,1.0,-1.6081226496766364e-16,0,1346.56,202388.21,202388.21,202388.21,202388.21,202388.21,,,202388.21,0.0,202388.21,0.0,202388.21,0.0,202388.21,0.0,202388.21,202388.21,202388.21,202388.21,0.0,0.0,0.0,,0.0,0.0,,12.217947904697724,1.0,0,0,0.0,181677.03,12,2010,1
Hibiscus,2010-04-05,202388.21,NGN,NGN/MT,Historical (World Bank/FAOSTAT/NEPC),wholesale,National,,,0.7,False,"Synthetic historical — verified annual anchors, weekly interpolated",Synthetic (World Bank/FAO × FX),historical,True,Hard bound violation (synthetic),94260.16,150.3,160.55555555555554,97.0,11.4,12.5,0,1,1,1,0,0,0,0,1,0,0,0,0,0,0,0,0,0,0,0,0.8660254037844387,-0.4999999999999998,0.992708874098054,-0.1205366802553228,0,1346.56,202388.21,202388.21,202388.21,202388.21,202388.21,,,202388.21,0.0,202388.21,0.0,202388.21,0.0,202388.21,0.0,202388.21,202388.21,202388.21,202388.21,0.0,0.0,0.0,,0.0,0.0,,12.217947904697724,1.0,0,0,0.333,181677.03,13,2010,2
Hibiscus,2010-04-12,202388.21,NGN,NGN/MT,Historical (World Bank/FAOSTAT/NEPC),wholesale,National,,,0.7,False,"Synthetic historical — verified annual anchors, weekly interpolated",Synthetic (World Bank/FAO × FX),historical,True,Hard bound violation (synthetic),94825.25,150.3,160.55555555555554,97.0,11.4,12.5,0,1,1,1,0,0,0,0,1,0,0,0,0,0,0,0,0,0,0,0,0.8660254037844387,-0.4999999999999998,0.970941817426052,-0.2393156642875575,0,1346.56,202388.21,202388.21,202388.21,202388.21,202388.21,,,202388.21,0.0,202388.21,0.0,202388.21,0.0,202388.21,0.0,202388.21,202388.21,202388.21,202388.21,0.0,0.0,0.0,,0.0,0.0,,12.217947904697724,1.0,0,0,0.333,181677.03,14,2010,2
Hibiscus,2010-04-19,202388.21,NGN,NGN/MT,Historical (World Bank/FAOSTAT/NEPC),wholesale,National,,,0.7,False,"Synthetic historical — verified annual anchors, weekly interpolated",Synthetic (World Bank/FAO × FX),historical,True,Hard bound violation (synthetic),98313.14,150.3,160.55555555555554,97.0,11.4,12.5,0,1,1,1,0,0,0,0,1,0,0,0,0,0,0,0,0,0,0,0,0.8660254037844387,-0.4999999999999998,0.9350162426854148,-0.3546048870425354,0,1346.56,202388.21,202388.21,202388.21,202388.21,202388.21,,,202388.21,0.0,202388.21,0.0,202388.21,0.0,202388.21,0.0,202388.21,202388.21,202388.21,202388.21,0.0,0.0,0.0,,0.0,0.0,,12.217947904697724,1.0,0,0,0.333,181677.03,15,2010,2
Hibiscus,2010-04-26,202388.21,NGN,NGN/MT,Historical (World Bank/FAOSTAT/NEPC),wholesale,National,,,0.7,False,"Synthetic historical — verified annual anchors, weekly interpolated",Synthetic (World Bank/FAO × FX),historical,True,Hard bound violation (synthetic),96961.51,150.3,160.55555555555554,97.0,11.4,12.5,0,1,1,1,0,0,0,0,1,0,0,0,0,0,0,0,0,0,0,0,0.8660254037844387,-0.4999999999999998,0.8854560256532099,-0.4647231720437685,0,1346.56,202388.21,202388.21,202388.21,202388.21,202388.21,,,202388.21,0.0,202388.21,0.0,202388.21,0.0,202388.21,0.0,202388.21,202388.21,202388.21,202388.21,0.0,0.0,0.0,,0.0,0.0,,12.217947904697724,1.0,0,0,0.333,181677.03,16,2010,2
Hibiscus,2010-05-03,202388.21,NGN,NGN/MT,Historical (World Bank/FAOSTAT/NEPC),wholesale,National,,,0.7,False,"Synthetic historical — verified annual anchors, weekly interpolated",Synthetic (World Bank/FAO × FX),historical,True,Hard bound violation (synthetic),102961.6,150.3,160.55555555555554,97.0,11.4,12.5,0,1,1,1,0,0,0,0,1,0,1,0,0,0,0,0,0,0,0,0,0.4999999999999999,-0.8660254037844387,0.8229838658936565,-0.5680647467311557,0,1346.56,202388.21,202388.21,202388.21,202388.21,202388.21,,,202388.21,0.0,202388.21,0.0,202388.21,0.0,202388.21,0.0,202388.21,202388.21,202388.21,202388.21,0.0,0.0,0.0,,0.0,0.0,,12.217947904697724,1.0,0,0,0.333,181677.03,17,2010,2
Hibiscus,2010-05-10,202388.21,NGN,NGN/MT,Historical (World Bank/FAOSTAT/NEPC),wholesale,National,,,0.7,False,"Synthetic historical — verified annual anchors, weekly interpolated",Synthetic (World Bank/FAO × FX),historical,True,Hard bound violation (synthetic),99221.45,150.3,160.55555555555554,97.0,11.4,12.5,0,1,1,1,0,0,0,0,1,0,1,0,0,0,0,0,0,0,0,0,0.4999999999999999,-0.8660254037844387,0.7485107481711013,-0.663122658240795,0,1346.56,202388.21,202388.21,202388.21,202388.21,202388.21,,,202388.21,0.0,202388.21,0.0,202388.21,0.0,202388.21,0.0,202388.21,202388.21,202388.21,202388.21,0.0,0.0,0.0,,0.0,0.0,,12.217947904697724,1.0,0,0,0.333,181677.03,18,2010,2
Hibiscus,2010-05-17,202388.21,NGN,NGN/MT,Historical (World Bank/FAOSTAT/NEPC),wholesale,National,,,0.7,False,"Synthetic historical — verified annual anchors, weekly interpolated",Synthetic (World Bank/FAO × FX),historical,True,Hard bound violation (synthetic),97678.35,150.3,160.55555555555554,97.0,11.4,12.5,0,1,1,1,0,0,0,0,1,0,1,0,0,0,0,0,0,0,0,0,0.4999999999999999,-0.8660254037844387,0.6631226582407952,-0.7485107481711012,0,1346.56,202388.21,202388.21,202388.21,202388.21,202388.21,,,202388.21,0.0,202388.21,0.0,202388.21,0.0,202388.21,0.0,202388.21,202388.21,202388.21,202388.21,0.0,0.0,0.0,,0.0,0.0,,12.217947904697724,1.0,0,0,0.333,181677.03,19,2010,2
Hibiscus,2010-05-24,202388.21,NGN,NGN/MT,Historical (World Bank/FAOSTAT/NEPC),wholesale,National,,,0.7,False,"Synthetic historical — verified annual anchors, weekly interpolated",Synthetic (World Bank/FAO × FX),historical,True,Hard bound violation (synthetic),106484.89,150.3,160.55555555555554,97.0,11.4,12.5,0,1,1,1,0,0,0,0,1,0,1,0,0,0,0,0,0,0,0,0,0.4999999999999999,-0.8660254037844387,0.5680647467311558,-0.8229838658936564,0,1346.56,202388.21,202388.21,202388.21,202388.21,202388.21,,,202388.21,0.0,202388.21,0.0,202388.21,0.0,202388.21,0.0,202388.21,202388.21,202388.21,202388.21,0.0,0.0,0.0,,0.0,0.0,,12.217947904697724,1.0,0,0,0.333,181677.03,20,2010,2
Hibiscus,2010-05-31,202388.21,NGN,NGN/MT,Historical (World Bank/FAOSTAT/NEPC),wholesale,National,,,0.7,False,"Synthetic historical — verified annual anchors, weekly interpolated",Synthetic (World Bank/FAO × FX),historical,True,Hard bound violation (synthetic),101309.12,150.3,160.55555555555554,97.0,11.4,12.5,0,1,1,1,0,0,0,0,1,0,1,0,0,0,0,0,0,0,0,0,0.4999999999999999,-0.8660254037844387,0.464723172043769,-0.8854560256532096,0,1346.56,202388.21,202388.21,202388.21,202388.21,202388.21,,,202388.21,0.0,202388.21,0.0,202388.21,0.0,202388.21,0.0,202388.21,202388.21,202388.21,202388.21,0.0,0.0,0.0,,0.0,0.0,,12.217947904697724,1.0,0,0,0.333,181677.03,21,2010,2
Hibiscus,2010-06-07,202388.21,NGN,NGN/MT,Historical (World Bank/FAOSTAT/NEPC),wholesale,National,,,0.7,False,"Synthetic historical — verified annual anchors, weekly interpolated",Synthetic (World Bank/FAO × FX),historical,True,Hard bound violation (synthetic),105212.71,150.3,160.55555555555554,97.0,11.4,12.5,0,1,1,0,0,0,0,1,0,0,1,0,0,0,0,0,0,0,1,0,1.2246467991473532e-16,-1.0,0.3546048870425358,-0.9350162426854148,0,1346.56,202388.21,202388.21,202388.21,202388.21,202388.21,,,202388.21,0.0,202388.21,0.0,202388.21,0.0,202388.21,0.0,202388.21,202388.21,202388.21,202388.21,0.0,0.0,0.0,,0.0,0.0,,12.217947904697724,1.0,0,0,0.333,181677.03,22,2010,2
Hibiscus,2010-06-14,202388.21,NGN,NGN/MT,Historical (World Bank/FAOSTAT/NEPC),wholesale,National,,,0.7,False,"Synthetic historical — verified annual anchors, weekly interpolated",Synthetic (World Bank/FAO × FX),historical,True,Hard bound violation (synthetic),100512.04,150.3,160.55555555555554,97.0,11.4,12.5,0,1,1,0,0,0,0,1,0,0,1,0,0,0,0,0,0,0,1,0,1.2246467991473532e-16,-1.0,0.2393156642875576,-0.970941817426052,0,1346.56,202388.21,202388.21,202388.21,202388.21,202388.21,,,202388.21,0.0,202388.21,0.0,202388.21,0.0,202388.21,0.0,202388.21,202388.21,202388.21,202388.21,0.0,0.0,0.0,,0.0,0.0,,12.217947904697724,1.0,0,0,0.333,181677.03,23,2010,2
Hibiscus,2010-06-21,202388.21,NGN,NGN/MT,Historical (World Bank/FAOSTAT/NEPC),wholesale,National,,,0.7,False,"Synthetic historical — verified annual anchors, weekly interpolated",Synthetic (World Bank/FAO × FX),historical,True,Hard bound violation (synthetic),103285.19,150.3,160.55555555555554,97.0,11.4,12.5,0,1,1,0,0,0,0,1,0,0,1,0,0,0,0,0,0,0,1,0,1.2246467991473532e-16,-1.0,0.120536680255323,-0.992708874098054,0,1346.56,202388.21,202388.21,202388.21,202388.21,202388.21,,,202388.21,0.0,202388.21,0.0,202388.21,0.0,202388.21,0.0,202388.21,202388.21,202388.21,202388.21,0.0,0.0,0.0,,0.0,0.0,,12.217947904697724,1.0,0,0,0.333,181677.03,24,2010,2
Hibiscus,2010-06-28,202388.21,NGN,NGN/MT,Historical (World Bank/FAOSTAT/NEPC),wholesale,National,,,0.7,False,"Synthetic historical — verified annual anchors, weekly interpolated",Synthetic (World Bank/FAO × FX),historical,True,Hard bound violation (synthetic),105349.41,150.3,160.55555555555554,97.0,11.4,12.5,0,1,1,0,0,0,0,1,0,0,1,0,0,0,0,0,0,0,1,0,1.2246467991473532e-16,-1.0,-3.216245299353273e-16,-1.0,0,1346.56,202388.21,202388.21,202388.21,202388.21,202388.21,,,202388.21,0.0,202388.21,0.0,202388.21,0.0,202388.21,0.0,202388.21,202388.21,202388.21,202388.21,0.0,0.0,0.0,,0.0,0.0,,12.217947904697724,1.0,0,0,0.333,181677.03,25,2010,2
Hibiscus,2010-07-05,202388.21,NGN,NGN/MT,Historical (World Bank/FAOSTAT/NEPC),wholesale,National,,,0.7,False,"Synthetic historical — verified annual anchors, weekly interpolated",Synthetic (World Bank/FAO × FX),historical,True,Hard bound violation (synthetic),101374.37,150.3,160.55555555555554,97.0,11.4,12.5,0,1,1,0,0,0,1,1,0,0,1,0,0,0,0,0,0,0,1,0,-0.4999999999999997,-0.8660254037844388,-0.1205366802553228,-0.992708874098054,0,1346.56,202388.21,202388.21,202388.21,202388.21,202388.21,202388.21,,202388.21,0.0,202388.21,0.0,202388.21,0.0,202388.21,0.0,202388.21,202388.21,202388.21,202388.21,0.0,0.0,0.0,,0.0,0.0,,12.217947904697724,1.0,0,0,0.333,181677.03,26,2010,3
Hibiscus,2010-07-12,202388.21,NGN,NGN/MT,Historical (World Bank/FAOSTAT/NEPC),wholesale,National,,,0.7,False,"Synthetic historical — verified annual anchors, weekly interpolated",Synthetic (World Bank/FAO × FX),historical,True,Hard bound violation (synthetic),106183.45,150.3,160.55555555555554,97.0,11.4,12.5,0,1,1,0,0,0,1,1,0,0,1,0,0,0,0,0,0,0,1,0,-0.4999999999999997,-0.8660254037844388,-0.2393156642875574,-0.970941817426052,0,1346.56,202388.21,202388.21,202388.21,202388.21,202388.21,202388.21,,202388.21,0.0,202388.21,0.0,202388.21,0.0,202388.21,0.0,202388.21,202388.21,202388.21,202388.21,0.0,0.0,0.0,,0.0,0.0,,12.217947904697724,1.0,0,0,0.333,181677.03,27,2010,3
Hibiscus,2010-07-19,202388.21,NGN,NGN/MT,Historical (World Bank/FAOSTAT/NEPC),wholesale,National,,,0.7,False,"Synthetic historical — verified annual anchors, weekly interpolated",Synthetic (World Bank/FAO × FX),historical,True,Hard bound violation (synthetic),103107.99,150.3,160.55555555555554,97.0,11.4,12.5,0,1,1,0,0,0,1,1,0,0,1,0,0,0,0,0,0,0,1,0,-0.4999999999999997,-0.8660254037844388,-0.3546048870425356,-0.9350162426854148,0,1346.56,202388.21,202388.21,202388.21,202388.21,202388.21,202388.21,,202388.21,0.0,202388.21,0.0,202388.21,0.0,202388.21,0.0,202388.21,202388.21,202388.21,202388.21,0.0,0.0,0.0,,0.0,0.0,,12.217947904697724,1.0,0,0,0.333,181677.03,28,2010,3
Hibiscus,2010-07-26,202388.21,NGN,NGN/MT,Historical (World Bank/FAOSTAT/NEPC),wholesale,National,,,0.7,False,"Synthetic historical — verified annual anchors, weekly interpolated",Synthetic (World Bank/FAO × FX),historical,True,Hard bound violation (synthetic),104081.16,150.3,160.55555555555554,97.0,11.4,12.5,0,1,1,0,0,0,1,1,0,0,1,0,0,0,0,0,0,0,1,0,-0.4999999999999997,-0.8660254037844388,-0.464723172043768,-0.8854560256532101,0,1346.56,202388.21,202388.21,202388.21,202388.21,202388.21,202388.21,,202388.21,0.0,202388.21,0.0,202388.21,0.0,202388.21,0.0,202388.21,202388.21,202388.21,202388.21,0.0,0.0,0.0,,0.0,0.0,,12.217947904697724,1.0,0,0,0.333,181677.03,29,2010,3
Hibiscus,2010-08-02,202388.21,NGN,NGN/MT,Historical (World Bank/FAOSTAT/NEPC),wholesale,National,,,0.7,False,"Synthetic historical — verified annual anchors, weekly interpolated",Synthetic (World Bank/FAO × FX),historical,True,Hard bound violation (synthetic),101140.73,150.3,160.55555555555554,97.0,11.4,12.5,0,1,0,0,1,0,1,1,0,0,1,0,0,0,0,1,0,0,1,0,-0.8660254037844384,-0.5000000000000004,-0.5680647467311556,-0.8229838658936565,0,1346.56,202388.21,202388.21,202388.21,202388.21,202388.21,202388.21,,202388.21,0.0,202388.21,0.0,202388.21,0.0,202388.21,0.0,202388.21,202388.21,202388.21,202388.21,0.0,0.0,0.0,,0.0,0.0,,12.217947904697724,1.0,0,0,0.333,181677.03,30,2010,3
Hibiscus,2010-08-09,202388.21,NGN,NGN/MT,Historical (World Bank/FAOSTAT/NEPC),wholesale,National,,,0.7,False,"Synthetic historical — verified annual anchors, weekly interpolated",Synthetic (World Bank/FAO × FX),historical,True,Hard bound violation (synthetic),108723.54,150.3,160.55555555555554,97.0,11.4,12.5,0,1,0,0,1,0,1,1,0,0,1,0,0,0,0,1,0,0,1,0,-0.8660254037844384,-0.5000000000000004,-0.663122658240795,-0.7485107481711013,0,1346.56,202388.21,202388.21,202388.21,202388.21,202388.21,202388.21,,202388.21,0.0,202388.21,0.0,202388.21,0.0,202388.21,0.0,202388.21,202388.21,202388.21,202388.21,0.0,0.0,0.0,,0.0,0.0,,12.217947904697724,1.0,0,0,0.333,181677.03,31,2010,3
Hibiscus,2010-08-16,202388.21,NGN,NGN/MT,Historical (World Bank/FAOSTAT/NEPC),wholesale,National,,,0.7,False,"Synthetic historical — verified annual anchors, weekly interpolated",Synthetic (World Bank/FAO × FX),historical,True,Hard bound violation (synthetic),102958.29,150.3,160.55555555555554,97.0,11.4,12.5,0,1,0,0,1,0,1,1,0,0,1,0,0,0,0,1,0,1,1,0,-0.8660254037844384,-0.5000000000000004,-0.7485107481711011,-0.6631226582407952,0,1346.56,202388.21,202388.21,202388.21,202388.21,202388.21,202388.21,,202388.21,0.0,202388.21,0.0,202388.21,0.0,202388.21,0.0,202388.21,202388.21,202388.21,202388.21,0.0,0.0,0.0,,0.0,0.0,,12.217947904697724,1.0,0,0,0.333,181677.03,32,2010,3
Hibiscus,2010-08-23,202388.21,NGN,NGN/MT,Historical (World Bank/FAOSTAT/NEPC),wholesale,National,,,0.7,False,"Synthetic historical — verified annual anchors, weekly interpolated",Synthetic (World Bank/FAO × FX),historical,True,Hard bound violation (synthetic),99731.67,150.3,160.55555555555554,97.0,11.4,12.5,0,1,0,0,1,0,1,1,0,0,1,0,0,0,0,1,0,1,1,0,-0.8660254037844384,-0.5000000000000004,-0.8229838658936564,-0.5680647467311559,0,1346.56,202388.21,202388.21,202388.21,202388.21,202388.21,202388.21,,202388.21,0.0,202388.21,0.0,202388.21,0.0,202388.21,0.0,202388.21,202388.21,202388.21,202388.21,0.0,0.0,0.0,,0.0,0.0,,12.217947904697724,1.0,0,0,0.333,181677.03,33,2010,3
Hibiscus,2010-08-30,202388.21,NGN,NGN/MT,Historical (World Bank/FAOSTAT/NEPC),wholesale,National,,,0.7,False,"Synthetic historical — verified annual anchors, weekly interpolated",Synthetic (World Bank/FAO × FX),historical,True,Hard bound violation (synthetic),105541.66,150.3,160.55555555555554,97.0,11.4,12.5,0,1,0,0,1,0,1,1,0,0,1,0,0,0,0,1,0,1,1,0,-0.8660254037844384,-0.5000000000000004,-0.8854560256532096,-0.4647231720437691,0,1346.56,202388.21,202388.21,202388.21,202388.21,202388.21,202388.21,,202388.21,0.0,202388.21,0.0,202388.21,0.0,202388.21,0.0,202388.21,202388.21,202388.21,202388.21,0.0,0.0,0.0,,0.0,0.0,,12.217947904697724,1.0,0,0,0.333,181677.03,34,2010,3
Hibiscus,2010-09-06,202388.21,NGN,NGN/MT,Historical (World Bank/FAOSTAT/NEPC),wholesale,National,,,0.7,False,"Synthetic historical — verified annual anchors, weekly interpolated",Synthetic (World Bank/FAO × FX),historical,True,Hard bound violation (synthetic),96337.47,150.3,160.55555555555554,97.0,11.4,12.5,0,1,0,0,1,1,0,0,0,0,0,0,0,0,0,1,0,1,0,0,-1.0,-1.8369701987210287e-16,-0.9350162426854148,-0.3546048870425359,0,1346.56,202388.21,202388.21,202388.21,202388.21,202388.21,202388.21,,202388.21,0.0,202388.21,0.0,202388.21,0.0,202388.21,0.0,202388.21,202388.21,202388.21,202388.21,0.0,0.0,0.0,,0.0,0.0,,12.217947904697724,1.0,0,0,0.667,181677.03,35,2010,3
Hibiscus,2010-09-13,202388.21,NGN,NGN/MT,Historical (World Bank/FAOSTAT/NEPC),wholesale,National,,,0.7,False,"Synthetic historical — verified annual anchors, weekly interpolated",Synthetic (World Bank/FAO × FX),historical,True,Hard bound violation (synthetic),100626.59,150.3,160.55555555555554,97.0,11.4,12.5,0,1,0,0,1,1,0,0,0,0,0,0,0,0,0,1,0,0,0,0,-1.0,-1.8369701987210287e-16,-0.970941817426052,-0.2393156642875577,0,1346.56,202388.21,202388.21,202388.21,202388.21,202388.21,202388.21,,202388.21,0.0,202388.21,0.0,202388.21,0.0,202388.21,0.0,202388.21,202388.21,202388.21,202388.21,0.0,0.0,0.0,,0.0,0.0,,12.217947904697724,1.0,0,0,0.667,181677.03,36,2010,3
Hibiscus,2010-09-20,202388.21,NGN,NGN/MT,Historical (World Bank/FAOSTAT/NEPC),wholesale,National,,,0.7,False,"Synthetic historical — verified annual anchors, weekly interpolated",Synthetic (World Bank/FAO × FX),historical,True,Hard bound violation (synthetic),94120.99,150.3,160.55555555555554,97.0,11.4,12.5,0,1,0,0,1,1,0,0,0,0,0,0,0,0,0,1,0,0,0,0,-1.0,-1.8369701987210287e-16,-0.992708874098054,-0.1205366802553235,0,1346.56,202388.21,202388.21,202388.21,202388.21,202388.21,202388.21,,202388.21,0.0,202388.21,0.0,202388.21,0.0,202388.21,0.0,202388.21,202388.21,202388.21,202388.21,0.0,0.0,0.0,,0.0,0.0,,12.217947904697724,1.0,0,0,0.667,181677.03,37,2010,3
Hibiscus,2010-09-27,202388.21,NGN,NGN/MT,Historical (World Bank/FAOSTAT/NEPC),wholesale,National,,,0.7,False,"Synthetic historical — verified annual anchors, weekly interpolated",Synthetic (World Bank/FAO × FX),historical,True,Hard bound violation (synthetic),96015.44,150.3,160.55555555555554,97.0,11.4,12.5,0,1,0,0,1,1,0,0,0,0,0,0,0,0,0,1,0,0,0,0,-1.0,-1.8369701987210287e-16,-1.0,-1.8369701987210287e-16,0,1346.56,202388.21,202388.21,202388.21,202388.21,202388.21,202388.21,,202388.21,0.0,202388.21,0.0,202388.21,0.0,202388.21,0.0,202388.21,202388.21,202388.21,202388.21,0.0,0.0,0.0,,0.0,0.0,,12.217947904697724,1.0,0,0,0.667,181677.03,38,2010,3
Hibiscus,2010-10-04,202388.21,NGN,NGN/MT,Historical (World Bank/FAOSTAT/NEPC),wholesale,National,,,0.7,False,"Synthetic historical — verified annual anchors, weekly interpolated",Synthetic (World Bank/FAO × FX),historical,True,Hard bound violation (synthetic),100590.58,150.3,160.55555555555554,97.0,11.4,12.5,0,1,0,0,0,1,0,0,0,1,0,1,0,1,1,1,1,0,0,0,-0.8660254037844386,0.5000000000000001,-0.992708874098054,0.1205366802553232,0,1346.56,202388.21,202388.21,202388.21,202388.21,202388.21,202388.21,,202388.21,0.0,202388.21,0.0,202388.21,0.0,202388.21,0.0,202388.21,202388.21,202388.21,202388.21,0.0,0.0,0.0,,0.0,0.0,,12.217947904697724,1.0,0,0,1.0,181677.03,39,2010,4
Hibiscus,2010-10-11,202388.21,NGN,NGN/MT,Historical (World Bank/FAOSTAT/NEPC),wholesale,National,,,0.7,False,"Synthetic historical — verified annual anchors, weekly interpolated",Synthetic (World Bank/FAO × FX),historical,True,Hard bound violation (synthetic),102215.4,150.3,160.55555555555554,97.0,11.4,12.5,0,1,0,0,0,1,0,0,0,1,0,1,0,1,1,1,1,0,0,0,-0.8660254037844386,0.5000000000000001,-0.970941817426052,0.2393156642875573,0,1346.56,202388.21,202388.21,202388.21,202388.21,202388.21,202388.21,,202388.21,0.0,202388.21,0.0,202388.21,0.0,202388.21,0.0,202388.21,202388.21,202388.21,202388.21,0.0,0.0,0.0,,0.0,0.0,,12.217947904697724,1.0,0,0,1.0,181677.03,40,2010,4
Hibiscus,2010-10-18,202388.21,NGN,NGN/MT,Historical (World Bank/FAOSTAT/NEPC),wholesale,National,,,0.7,False,"Synthetic historical — verified annual anchors, weekly interpolated",Synthetic (World Bank/FAO × FX),historical,True,Hard bound violation (synthetic),100514.1,150.3,160.55555555555554,97.0,11.4,12.5,0,1,0,0,0,1,0,0,0,1,0,1,0,1,1,1,1,0,0,0,-0.8660254037844386,0.5000000000000001,-0.9350162426854148,0.3546048870425355,0,1346.56,202388.21,202388.21,202388.21,202388.21,202388.21,202388.21,,202388.21,0.0,202388.21,0.0,202388.21,0.0,202388.21,0.0,202388.21,202388.21,202388.21,202388.21,0.0,0.0,0.0,,0.0,0.0,,12.217947904697724,1.0,0,0,1.0,181677.03,41,2010,4
Hibiscus,2010-10-25,202388.21,NGN,NGN/MT,Historical (World Bank/FAOSTAT/NEPC),wholesale,National,,,0.7,False,"Synthetic historical — verified annual anchors, weekly interpolated",Synthetic (World Bank/FAO × FX),historical,True,Hard bound violation (synthetic),99653.06,150.3,160.55555555555554,97.0,11.4,12.5,0,1,0,0,0,1,0,0,0,1,0,1,0,1,1,1,1,0,0,0,-0.8660254037844386,0.5000000000000001,-0.8854560256532101,0.464723172043768,0,1346.56,202388.21,202388.21,202388.21,202388.21,202388.21,202388.21,,202388.21,0.0,202388.21,0.0,202388.21,0.0,202388.21,0.0,202388.21,202388.21,202388.21,202388.21,0.0,0.0,0.0,,0.0,0.0,,12.217947904697724,1.0,0,0,1.0,181677.03,42,2010,4
Hibiscus,2010-11-01,202388.21,NGN,NGN/MT,Historical (World Bank/FAOSTAT/NEPC),wholesale,National,,,0.7,False,"Synthetic historical — verified annual anchors, weekly interpolated",Synthetic (World Bank/FAO × FX),historical,True,Hard bound violation (synthetic),99096.69,150.3,160.55555555555554,97.0,11.4,12.5,1,0,0,0,0,1,0,0,0,1,0,1,1,1,1,0,1,0,0,0,-0.5000000000000004,0.8660254037844384,-0.822983865893657,0.5680647467311548,1,1346.56,202388.21,202388.21,202388.21,202388.21,202388.21,202388.21,,202388.21,0.0,202388.21,0.0,202388.21,0.0,202388.21,0.0,202388.21,202388.21,202388.21,202388.21,0.0,0.0,0.0,,0.0,0.0,,12.217947904697724,1.0,0,0,0.667,181677.03,43,2010,4
Hibiscus,2010-11-08,202388.21,NGN,NGN/MT,Historical (World Bank/FAOSTAT/NEPC),wholesale,National,,,0.7,False,"Synthetic historical — verified annual anchors, weekly interpolated",Synthetic (World Bank/FAO × FX),historical,True,Hard bound violation (synthetic),95564.43,150.3,160.55555555555554,97.0,11.4,12.5,1,0,0,0,0,1,0,0,0,1,0,1,1,1,1,0,1,0,0,0,-0.5000000000000004,0.8660254037844384,-0.7485107481711011,0.6631226582407952,1,1346.56,202388.21,202388.21,202388.21,202388.21,202388.21,202388.21,,202388.21,0.0,202388.21,0.0,202388.21,0.0,202388.21,0.0,202388.21,202388.21,202388.21,202388.21,0.0,0.0,0.0,,0.0,0.0,,12.217947904697724,1.0,0,0,0.667,181677.03,44,2010,4
Hibiscus,2010-11-15,202388.21,NGN,NGN/MT,Historical (World Bank/FAOSTAT/NEPC),wholesale,National,,,0.7,False,"Synthetic historical — verified annual anchors, weekly interpolated",Synthetic (World Bank/FAO × FX),historical,True,Hard bound violation (synthetic),97840.47,150.3,160.55555555555554,97.0,11.4,12.5,1,0,0,0,0,1,0,0,0,1,0,1,1,1,1,0,1,0,0,0,-0.5000000000000004,0.8660254037844384,-0.6631226582407955,0.7485107481711007,1,1346.56,202388.21,202388.21,202388.21,202388.21,202388.21,202388.21,,202388.21,0.0,202388.21,0.0,202388.21,0.0,202388.21,0.0,202388.21,202388.21,202388.21,202388.21,0.0,0.0,0.0,,0.0,0.0,,12.217947904697724,1.0,0,0,0.667,181677.03,45,2010,4
Hibiscus,2010-11-22,202388.21,NGN,NGN/MT,Historical (World Bank/FAOSTAT/NEPC),wholesale,National,,,0.7,False,"Synthetic historical — verified annual anchors, weekly interpolated",Synthetic (World Bank/FAO × FX),historical,True,Hard bound violation (synthetic),98618.08,150.3,160.55555555555554,97.0,11.4,12.5,1,0,0,0,0,1,0,0,0,1,0,1,1,1,1,0,1,0,0,0,-0.5000000000000004,0.8660254037844384,-0.5680647467311559,0.8229838658936564,1,1346.56,202388.21,202388.21,202388.21,202388.21,202388.21,202388.21,,202388.21,0.0,202388.21,0.0,202388.21,0.0,202388.21,0.0,202388.21,202388.21,202388.21,202388.21,0.0,0.0,0.0,,0.0,0.0,,12.217947904697724,1.0,0,0,0.667,181677.03,46,2010,4
Hibiscus,2010-11-29,202388.21,NGN,NGN/MT,Historical (World Bank/FAOSTAT/NEPC),wholesale,National,,,0.7,False,"Synthetic historical — verified annual anchors, weekly interpolated",Synthetic (World Bank/FAO × FX),historical,True,Hard bound violation (synthetic),103171.37,150.3,160.55555555555554,97.0,11.4,12.5,1,0,0,0,0,1,0,0,0,1,0,1,1,1,1,0,1,0,0,0,-0.5000000000000004,0.8660254037844384,-0.4647231720437684,0.88545602565321,1,1346.56,202388.21,202388.21,202388.21,202388.21,202388.21,202388.21,,202388.21,0.0,202388.21,0.0,202388.21,0.0,202388.21,0.0,202388.21,202388.21,202388.21,202388.21,0.0,0.0,0.0,,0.0,0.0,,12.217947904697724,1.0,0,0,0.667,181677.03,47,2010,4
Hibiscus,2010-12-06,202388.21,NGN,NGN/MT,Historical (World Bank/FAOSTAT/NEPC),wholesale,National,,,0.7,False,"Synthetic historical — verified annual anchors, weekly interpolated",Synthetic (World Bank/FAO × FX),historical,True,Hard bound violation (synthetic),99010.24,150.3,160.55555555555554,97.0,11.4,12.5,1,0,0,0,0,0,0,0,0,1,0,1,1,1,1,0,0,0,0,1,-2.4492935982947064e-16,1.0,-0.3546048870425359,0.9350162426854148,1,1346.56,202388.21,202388.21,202388.21,202388.21,202388.21,202388.21,,202388.21,0.0,202388.21,0.0,202388.21,0.0,202388.21,0.0,202388.21,202388.21,202388.21,202388.21,0.0,0.0,0.0,,0.0,0.0,,12.217947904697724,1.0,0,0,0.333,181677.03,48,2010,4
Hibiscus,2010-12-13,202388.21,NGN,NGN/MT,Historical (World Bank/FAOSTAT/NEPC),wholesale,National,,,0.7,False,"Synthetic historical — verified annual anchors, weekly interpolated",Synthetic (World Bank/FAO × FX),historical,True,Hard bound violation (synthetic),92816.66,150.3,160.55555555555554,97.0,11.4,12.5,1,0,0,0,0,0,0,0,0,1,0,1,1,1,1,0,0,0,0,1,-2.4492935982947064e-16,1.0,-0.2393156642875578,0.970941817426052,1,1346.56,202388.21,202388.21,202388.21,202388.21,202388.21,202388.21,,202388.21,0.0,202388.21,0.0,202388.21,0.0,202388.21,0.0,202388.21,202388.21,202388.21,202388.21,0.0,0.0,0.0,,0.0,0.0,,12.217947904697724,1.0,0,0,0.333,181677.03,49,2010,4
Hibiscus,2010-12-20,202388.21,NGN,NGN/MT,Historical (World Bank/FAOSTAT/NEPC),wholesale,National,,,0.7,False,"Synthetic historical — verified annual anchors, weekly interpolated",Synthetic (World Bank/FAO × FX),historical,True,Hard bound violation (synthetic),98952.81,150.3,160.55555555555554,97.0,11.4,12.5,1,0,0,0,0,0,0,0,0,1,0,1,1,1,1,0,0,0,0,1,-2.4492935982947064e-16,1.0,-0.1205366802553236,0.992708874098054,1,1346.56,202388.21,202388.21,202388.21,202388.21,202388.21,202388.21,,202388.21,0.0,202388.21,0.0,202388.21,0.0,202388.21,0.0,202388.21,202388.21,202388.21,202388.21,0.0,0.0,0.0,,0.0,0.0,,12.217947904697724,1.0,0,0,0.333,181677.03,50,2010,4
Hibiscus,2010-12-27,202388.21,NGN,NGN/MT,Historical (World Bank/FAOSTAT/NEPC),wholesale,National,,,0.7,False,"Synthetic historical — verified annual anchors, weekly interpolated",Synthetic (World Bank/FAO × FX),historical,True,Hard bound violation (synthetic),96867.86,150.3,160.55555555555554,97.0,11.4,12.5,1,0,0,0,0,0,0,0,0,1,0,1,1,1,1,0,0,0,0,1,-2.4492935982947064e-16,1.0,6.432490598706546e-16,1.0,1,1346.56,202388.21,202388.21,202388.21,202388.21,202388.21,202388.21,,202388.21,0.0,202388.21,0.0,202388.21,0.0,202388.21,0.0,202388.21,202388.21,202388.21,202388.21,0.0,0.0,0.0,,0.0,0.0,,12.217947904697724,1.0,0,0,0.333,181677.03,51,2010,4
Hibiscus,2011-01-03,202388.21,NGN,NGN/MT,Historical (World Bank/FAOSTAT/NEPC),wholesale,National,,,0.7,False,"Synthetic historical — verified annual anchors, weekly interpolated",Synthetic (World Bank/FAO × FX),historical,True,Hard bound violation (synthetic),102377.85,153.86,160.55555555555554,97.0,11.4,12.5,1,0,0,0,0,0,0,0,0,1,0,0,1,0,0,0,0,0,0,1,0.4999999999999999,0.8660254037844387,0.120536680255323,0.992708874098054,1,1315.4,202388.21,202388.21,202388.21,202388.21,202388.21,202388.21,202388.21,202388.21,0.0,202388.21,0.0,202388.21,0.0,202388.21,0.0,202388.21,202388.21,202388.21,202388.21,0.0,0.0,0.0,0.0,0.0,0.0,,12.217947904697724,1.0,0,0,0.0,181677.03,52,2011,1
Hibiscus,2011-01-10,202388.21,NGN,NGN/MT,Historical (World Bank/FAOSTAT/NEPC),wholesale,National,,,0.7,False,"Synthetic historical — verified annual anchors, weekly interpolated",Synthetic (World Bank/FAO × FX),historical,True,Hard bound violation (synthetic),106417.61,153.86,160.55555555555554,97.0,11.4,12.5,1,0,0,0,0,0,0,0,0,1,0,0,1,0,0,0,0,0,0,1,0.4999999999999999,0.8660254037844387,0.2393156642875577,0.970941817426052,1,1315.4,202388.21,202388.21,202388.21,202388.21,202388.21,202388.21,202388.21,202388.21,0.0,202388.21,0.0,202388.21,0.0,202388.21,0.0,202388.21,202388.21,202388.21,202388.21,0.0,0.0,0.0,0.0,0.0,0.0,,12.217947904697724,1.0,0,0,0.0,181677.03,53,2011,1
Hibiscus,2011-01-17,202388.21,NGN,NGN/MT,Historical (World Bank/FAOSTAT/NEPC),wholesale,National,,,0.7,False,"Synthetic historical — verified annual anchors, weekly interpolated",Synthetic (World Bank/FAO × FX),historical,True,Hard bound violation (synthetic),107732.18,153.86,160.55555555555554,97.0,11.4,12.5,1,0,0,0,0,0,0,0,0,1,0,0,1,0,0,0,0,0,0,1,0.4999999999999999,0.8660254037844387,0.3546048870425356,0.9350162426854148,1,1315.4,202388.21,202388.21,202388.21,202388.21,202388.21,202388.21,202388.21,202388.21,0.0,202388.21,0.0,202388.21,0.0,202388.21,0.0,202388.21,202388.21,202388.21,202388.21,0.0,0.0,0.0,0.0,0.0,0.0,,12.217947904697724,1.0,0,0,0.0,181677.03,54,2011,1
Hibiscus,2011-01-24,202388.21,NGN,NGN/MT,Historical (World Bank/FAOSTAT/NEPC),wholesale,National,,,0.7,False,"Synthetic historical — verified annual anchors, weekly interpolated",Synthetic (World Bank/FAO × FX),historical,True,Hard bound violation (synthetic),107419.56,153.86,160.55555555555554,97.0,11.4,12.5,1,0,0,0,0,0,0,0,0,1,0,0,1,0,0,0,0,0,0,1,0.4999999999999999,0.8660254037844387,0.4647231720437685,0.8854560256532099,1,1315.4,202388.21,202388.21,202388.21,202388.21,202388.21,202388.21,202388.21,202388.21,0.0,202388.21,0.0,202388.21,0.0,202388.21,0.0,202388.21,202388.21,202388.21,202388.21,0.0,0.0,0.0,0.0,0.0,0.0,,12.217947904697724,1.0,0,0,0.0,181677.03,55,2011,1
Hibiscus,2011-01-31,202388.21,NGN,NGN/MT,Historical (World Bank/FAOSTAT/NEPC),wholesale,National,,,0.7,False,"Synthetic historical — verified annual anchors, weekly interpolated",Synthetic (World Bank/FAO × FX),historical,True,Hard bound violation (synthetic),101869.05,153.86,160.55555555555554,97.0,11.4,12.5,1,0,0,0,0,0,0,0,0,1,0,0,1,0,0,0,0,0,0,1,0.4999999999999999,0.8660254037844387,0.5680647467311558,0.8229838658936564,1,1315.4,202388.21,202388.21,202388.21,202388.21,202388.21,202388.21,202388.21,202388.21,0.0,202388.21,0.0,202388.21,0.0,202388.21,0.0,202388.21,202388.21,202388.21,202388.21,0.0,0.0,0.0,0.0,0.0,0.0,,12.217947904697724,1.0,0,0,0.0,181677.03,56,2011,1
Hibiscus,2011-02-07,202388.21,NGN,NGN/MT,Historical (World Bank/FAOSTAT/NEPC),wholesale,National,,,0.7,False,"Synthetic historical — verified annual anchors, weekly interpolated",Synthetic (World Bank/FAO × FX),historical,True,Hard bound violation (synthetic),103530.62,153.86,160.55555555555554,97.0,11.4,12.5,1,0,0,0,0,0,0,0,1,1,0,0,1,0,0,0,0,0,0,0,0.8660254037844386,0.5000000000000001,0.6631226582407952,0.7485107481711011,1,1315.4,202388.21,202388.21,202388.21,202388.21,202388.21,202388.21,202388.21,202388.21,0.0,202388.21,0.0,202388.21,0.0,202388.21,0.0,202388.21,202388.21,202388.21,202388.21,0.0,0.0,0.0,0.0,0.0,0.0,,12.217947904697724,1.0,0,0,0.0,181677.03,57,2011,1
Hibiscus,2011-02-14,202388.21,NGN,NGN/MT,Historical (World Bank/FAOSTAT/NEPC),wholesale,National,,,0.7,False,"Synthetic historical — verified annual anchors, weekly interpolated",Synthetic (World Bank/FAO × FX),historical,True,Hard bound violation (synthetic),105538.51,153.86,160.55555555555554,97.0,11.4,12.5,1,0,0,0,0,0,0,0,1,1,0,0,1,0,0,0,0,0,0,0,0.8660254037844386,0.5000000000000001,0.7485107481711011,0.6631226582407953,1,1315.4,202388.21,202388.21,202388.21,202388.21,202388.21,202388.21,202388.21,202388.21,0.0,202388.21,0.0,202388.21,0.0,202388.21,0.0,202388.21,202388.21,202388.21,202388.21,0.0,0.0,0.0,0.0,0.0,0.0,,12.217947904697724,1.0,0,0,0.0,181677.03,58,2011,1
Hibiscus,2011-02-21,202388.21,NGN,NGN/MT,Historical (World Bank/FAOSTAT/NEPC),wholesale,National,,,0.7,False,"Synthetic historical — verified annual anchors, weekly interpolated",Synthetic (World Bank/FAO × FX),historical,True,Hard bound violation (synthetic),107558.33,153.86,160.55555555555554,97.0,11.4,12.5,1,0,0,0,0,0,0,0,1,1,0,0,1,0,0,0,0,0,0,0,0.8660254037844386,0.5000000000000001,0.8229838658936564,0.5680647467311559,1,1315.4,202388.21,202388.21,202388.21,202388.21,202388.21,202388.21,202388.21,202388.21,0.0,202388.21,0.0,202388.21,0.0,202388.21,0.0,202388.21,202388.21,202388.21,202388.21,0.0,0.0,0.0,0.0,0.0,0.0,,12.217947904697724,1.0,0,0,0.0,181677.03,59,2011,1
Hibiscus,2011-02-28,202388.21,NGN,NGN/MT,Historical (World Bank/FAOSTAT/NEPC),wholesale,National,,,0.7,False,"Synthetic historical — verified annual anchors, weekly interpolated",Synthetic (World Bank/FAO × FX),historical,True,Hard bound violation (synthetic),102997.79,153.86,160.55555555555554,97.0,11.4,12.5,1,0,0,0,0,0,0,0,1,1,0,0,1,0,0,0,0,0,0,0,0.8660254037844386,0.5000000000000001,0.8854560256532099,0.4647231720437686,1,1315.4,202388.21,202388.21,202388.21,202388.21,202388.21,202388.21,202388.21,202388.21,0.0,202388.21,0.0,202388.21,0.0,202388.21,0.0,202388.21,202388.21,202388.21,202388.21,0.0,0.0,0.0,0.0,0.0,0.0,,12.217947904697724,1.0,0,0,0.0,181677.03,60,2011,1
Hibiscus,2011-03-07,202388.21,NGN,NGN/MT,Historical (World Bank/FAOSTAT/NEPC),wholesale,National,,,0.7,False,"Synthetic historical — verified annual anchors, weekly interpolated",Synthetic (World Bank/FAO × FX),historical,True,Hard bound violation (synthetic),106105.71,153.86,160.55555555555554,97.0,11.4,12.5,1,0,0,1,0,0,0,0,1,1,0,0,0,0,0,0,0,0,0,0,1.0,6.123233995736766e-17,0.9350162426854148,0.3546048870425355,0,1315.4,202388.21,202388.21,202388.21,202388.21,202388.21,202388.21,202388.21,202388.21,0.0,202388.21,0.0,202388.21,0.0,202388.21,0.0,202388.21,202388.21,202388.21,202388.21,0.0,0.0,0.0,0.0,0.0,0.0,,12.217947904697724,1.0,0,0,0.0,181677.03,61,2011,1
Hibiscus,2011-03-14,202388.21,NGN,NGN/MT,Historical (World Bank/FAOSTAT/NEPC),wholesale,National,,,0.7,False,"Synthetic historical — verified annual anchors, weekly interpolated",Synthetic (World Bank/FAO × FX),historical,True,Hard bound violation (synthetic),103158.62,153.86,160.55555555555554,97.0,11.4,12.5,1,0,0,1,0,0,0,0,1,1,0,0,0,0,0,0,0,0,0,0,1.0,6.123233995736766e-17,0.970941817426052,0.239315664287558,0,1315.4,202388.21,202388.21,202388.21,202388.21,202388.21,202388.21,202388.21,202388.21,0.0,202388.21,0.0,202388.21,0.0,202388.21,0.0,202388.21,202388.21,202388.21,202388.21,0.0,0.0,0.0,0.0,0.0,0.0,,12.217947904697724,1.0,0,0,0.0,181677.03,62,2011,1
Hibiscus,2011-03-21,202388.21,NGN,NGN/MT,Historical (World Bank/FAOSTAT/NEPC),wholesale,National,,,0.7,False,"Synthetic historical — verified annual anchors, weekly interpolated",Synthetic (World Bank/FAO × FX),historical,True,Hard bound violation (synthetic),102870.94,153.86,160.55555555555554,97.0,11.4,12.5,1,0,0,1,0,0,0,0,1,1,0,0,0,0,0,0,0,0,0,0,1.0,6.123233995736766e-17,0.992708874098054,0.120536680255323,0,1315.4,202388.21,202388.21,202388.21,202388.21,202388.21,202388.21,202388.21,202388.21,0.0,202388.21,0.0,202388.21,0.0,202388.21,0.0,202388.21,202388.21,202388.21,202388.21,0.0,0.0,0.0,0.0,0.0,0.0,,12.217947904697724,1.0,0,0,0.0,181677.03,63,2011,1
Hibiscus,2011-03-28,202388.21,NGN,NGN/MT,Historical (World Bank/FAOSTAT/NEPC),wholesale,National,,,0.7,False,"Synthetic historical — verified annual anchors, weekly interpolated",Synthetic (World Bank/FAO × FX),historical,True,Hard bound violation (synthetic),109300.9,153.86,160.55555555555554,97.0,11.4,12.5,1,0,0,1,0,0,0,0,1,1,0,0,0,0,0,0,0,0,0,0,1.0,6.123233995736766e-17,1.0,-1.6081226496766364e-16,0,1315.4,202388.21,202388.21,202388.21,202388.21,202388.21,202388.21,202388.21,202388.21,0.0,202388.21,0.0,202388.21,0.0,202388.21,0.0,202388.21,202388.21,202388.21,202388.21,0.0,0.0,0.0,0.0,0.0,0.0,,12.217947904697724,1.0,0,0,0.0,181677.03,64,2011,1
Hibiscus,2011-04-04,202388.21,NGN,NGN/MT,Historical (World Bank/FAOSTAT/NEPC),wholesale,National,,,0.7,False,"Synthetic historical — verified annual anchors, weekly interpolated",Synthetic (World Bank/FAO × FX),historical,True,Hard bound violation (synthetic),114475.59,153.86,160.55555555555554,97.0,11.4,12.5,0,1,1,1,0,0,0,0,1,0,0,0,0,0,0,0,0,0,0,0,0.8660254037844387,-0.4999999999999998,0.992708874098054,-0.1205366802553228,0,1315.4,202388.21,202388.21,202388.21,202388.21,202388.21,202388.21,202388.21,202388.21,0.0,202388.21,0.0,202388.21,0.0,202388.21,0.0,202388.21,202388.21,202388.21,202388.21,0.0,0.0,0.0,0.0,0.0,0.0,,12.217947904697724,1.0,0,0,0.333,181677.03,65,2011,2
Hibiscus,2011-04-11,202388.21,NGN,NGN/MT,Historical (World Bank/FAOSTAT/NEPC),wholesale,National,,,0.7,False,"Synthetic historical — verified annual anchors, weekly interpolated",Synthetic (World Bank/FAO × FX),historical,True,Hard bound violation (synthetic),109762.37,153.86,160.55555555555554,97.0,11.4,12.5,0,1,1,1,0,0,0,0,1,0,0,0,0,0,0,0,0,0,0,0,0.8660254037844387,-0.4999999999999998,0.970941817426052,-0.2393156642875575,0,1315.4,202388.21,202388.21,202388.21,202388.21,202388.21,202388.21,202388.21,202388.21,0.0,202388.21,0.0,202388.21,0.0,202388.21,0.0,202388.21,202388.21,202388.21,202388.21,0.0,0.0,0.0,0.0,0.0,0.0,,12.217947904697724,1.0,0,0,0.333,181677.03,66,2011,2
Hibiscus,2011-04-18,202388.21,NGN,NGN/MT,Historical (World Bank/FAOSTAT/NEPC),wholesale,National,,,0.7,False,"Synthetic historical — verified annual anchors, weekly interpolated",Synthetic (World Bank/FAO × FX),historical,True,Hard bound violation (synthetic),113311.66,153.86,160.55555555555554,97.0,11.4,12.5,0,1,1,1,0,0,0,0,1,0,0,0,0,0,0,0,0,0,0,0,0.8660254037844387,-0.4999999999999998,0.9350162426854148,-0.3546048870425354,0,1315.4,202388.21,202388.21,202388.21,202388.21,202388.21,202388.21,202388.21,202388.21,0.0,202388.21,0.0,202388.21,0.0,202388.21,0.0,202388.21,202388.21,202388.21,202388.21,0.0,0.0,0.0,0.0,0.0,0.0,,12.217947904697724,1.0,0,0,0.333,181677.03,67,2011,2
Hibiscus,2011-04-25,202388.21,NGN,NGN/MT,Historical (World Bank/FAOSTAT/NEPC),wholesale,National,,,0.7,False,"Synthetic historical — verified annual anchors, weekly interpolated",Synthetic (World Bank/FAO × FX),historical,True,Hard bound violation (synthetic),111193.4,153.86,160.55555555555554,97.0,11.4,12.5,0,1,1,1,0,0,0,0,1,0,0,0,0,0,0,0,0,0,0,0,0.8660254037844387,-0.4999999999999998,0.8854560256532099,-0.4647231720437685,0,1315.4,202388.21,202388.21,202388.21,202388.21,202388.21,202388.21,202388.21,202388.21,0.0,202388.21,0.0,202388.21,0.0,202388.21,0.0,202388.21,202388.21,202388.21,202388.21,0.0,0.0,0.0,0.0,0.0,0.0,,12.217947904697724,1.0,0,0,0.333,181677.03,68,2011,2
Hibiscus,2011-05-02,202388.21,NGN,NGN/MT,Historical (World Bank/FAOSTAT/NEPC),wholesale,National,,,0.7,False,"Synthetic historical — verified annual anchors, weekly interpolated",Synthetic (World Bank/FAO × FX),historical,True,Hard bound violation (synthetic),110028.53,153.86,160.55555555555554,97.0,11.4,12.5,0,1,1,1,0,0,0,0,1,0,1,0,0,0,0,0,0,0,0,0,0.4999999999999999,-0.8660254037844387,0.8229838658936565,-0.5680647467311557,0,1315.4,202388.21,202388.21,202388.21,202388.21,202388.21,202388.21,202388.21,202388.21,0.0,202388.21,0.0,202388.21,0.0,202388.21,0.0,202388.21,202388.21,202388.21,202388.21,0.0,0.0,0.0,0.0,0.0,0.0,,12.217947904697724,1.0,0,0,0.333,181677.03,69,2011,2
Hibiscus,2011-05-09,202388.21,NGN,NGN/MT,Historical (World Bank/FAOSTAT/NEPC),wholesale,National,,,0.7,False,"Synthetic historical — verified annual anchors, weekly interpolated",Synthetic (World Bank/FAO × FX),historical,True,Hard bound violation (synthetic),113416.46,153.86,160.55555555555554,97.0,11.4,12.5,0,1,1,1,0,0,0,0,1,0,1,0,0,0,0,0,0,0,0,0,0.4999999999999999,-0.8660254037844387,0.7485107481711013,-0.663122658240795,0,1315.4,202388.21,202388.21,202388.21,202388.21,202388.21,202388.21,202388.21,202388.21,0.0,202388.21,0.0,202388.21,0.0,202388.21,0.0,202388.21,202388.21,202388.21,202388.21,0.0,0.0,0.0,0.0,0.0,0.0,,12.217947904697724,1.0,0,0,0.333,181677.03,70,2011,2
Hibiscus,2011-05-16,202388.21,NGN,NGN/MT,Historical (World Bank/FAOSTAT/NEPC),wholesale,National,,,0.7,False,"Synthetic historical — verified annual anchors, weekly interpolated",Synthetic (World Bank/FAO × FX),historical,True,Hard bound violation (synthetic),117377.03,153.86,160.55555555555554,97.0,11.4,12.5,0,1,1,1,0,0,0,0,1,0,1,0,0,0,0,0,0,0,0,0,0.4999999999999999,-0.8660254037844387,0.6631226582407952,-0.7485107481711012,0,1315.4,202388.21,202388.21,202388.21,202388.21,202388.21,202388.21,202388.21,202388.21,0.0,202388.21,0.0,202388.21,0.0,202388.21,0.0,202388.21,202388.21,202388.21,202388.21,0.0,0.0,0.0,0.0,0.0,0.0,,12.217947904697724,1.0,0,0,0.333,181677.03,71,2011,2
Hibiscus,2011-05-23,202388.21,NGN,NGN/MT,Historical (World Bank/FAOSTAT/NEPC),wholesale,National,,,0.7,False,"Synthetic historical — verified annual anchors, weekly interpolated",Synthetic (World Bank/FAO × FX),historical,True,Hard bound violation (synthetic),112079.41,153.86,160.55555555555554,97.0,11.4,12.5,0,1,1,1,0,0,0,0,1,0,1,0,0,0,0,0,0,0,0,0,0.4999999999999999,-0.8660254037844387,0.5680647467311558,-0.8229838658936564,0,1315.4,202388.21,202388.21,202388.21,202388.21,202388.21,202388.21,202388.21,202388.21,0.0,202388.21,0.0,202388.21,0.0,202388.21,0.0,202388.21,202388.21,202388.21,202388.21,0.0,0.0,0.0,0.0,0.0,0.0,,12.217947904697724,1.0,0,0,0.333,181677.03,72,2011,2
Hibiscus,2011-05-30,202388.21,NGN,NGN/MT,Historical (World Bank/FAOSTAT/NEPC),wholesale,National,,,0.7,False,"Synthetic historical — verified annual anchors, weekly interpolated",Synthetic (World Bank/FAO × FX),historical,True,Hard bound violation (synthetic),117466.59,153.86,160.55555555555554,97.0,11.4,12.5,0,1,1,1,0,0,0,0,1,0,1,0,0,0,0,0,0,0,0,0,0.4999999999999999,-0.8660254037844387,0.464723172043769,-0.8854560256532096,0,1315.4,202388.21,202388.21,202388.21,202388.21,202388.21,202388.21,202388.21,202388.21,0.0,202388.21,0.0,202388.21,0.0,202388.21,0.0,202388.21,202388.21,202388.21,202388.21,0.0,0.0,0.0,0.0,0.0,0.0,,12.217947904697724,1.0,0,0,0.333,181677.03,73,2011,2
Hibiscus,2011-06-06,202388.21,NGN,NGN/MT,Historical (World Bank/FAOSTAT/NEPC),wholesale,National,,,0.7,False,"Synthetic historical — verified annual anchors, weekly interpolated",Synthetic (World Bank/FAO × FX),historical,True,Hard bound violation (synthetic),106422.58,153.86,160.55555555555554,97.0,11.4,12.5,0,1,1,0,0,0,0,1,0,0,1,0,0,0,0,0,0,0,1,0,1.2246467991473532e-16,-1.0,0.3546048870425358,-0.9350162426854148,0,1315.4,202388.21,202388.21,202388.21,202388.21,202388.21,202388.21,202388.21,202388.21,0.0,202388.21,0.0,202388.21,0.0,202388.21,0.0,202388.21,202388.21,202388.21,202388.21,0.0,0.0,0.0,0.0,0.0,0.0,,12.217947904697724,1.0,0,0,0.333,181677.03,74,2011,2
Hibiscus,2011-06-13,202388.21,NGN,NGN/MT,Historical (World Bank/FAOSTAT/NEPC),wholesale,National,,,0.7,False,"Synthetic historical — verified annual anchors, weekly interpolated",Synthetic (World Bank/FAO × FX),historical,True,Hard bound violation (synthetic),118347.89,153.86,160.55555555555554,97.0,11.4,12.5,0,1,1,0,0,0,0,1,0,0,1,0,0,0,0,0,0,0,1,0,1.2246467991473532e-16,-1.0,0.2393156642875576,-0.970941817426052,0,1315.4,202388.21,202388.21,202388.21,202388.21,202388.21,202388.21,202388.21,202388.21,0.0,202388.21,0.0,202388.21,0.0,202388.21,0.0,202388.21,202388.21,202388.21,202388.21,0.0,0.0,0.0,0.0,0.0,0.0,,12.217947904697724,1.0,0,0,0.333,181677.03,75,2011,2
Hibiscus,2011-06-20,202388.21,NGN,NGN/MT,Historical (World Bank/FAOSTAT/NEPC),wholesale,National,,,0.7,False,"Synthetic historical — verified annual anchors, weekly interpolated",Synthetic (World Bank/FAO × FX),historical,True,Hard bound violation (synthetic),115801.62,153.86,160.55555555555554,97.0,11.4,12.5,0,1,1,0,0,0,0,1,0,0,1,0,0,0,0,0,0,0,1,0,1.2246467991473532e-16,-1.0,0.120536680255323,-0.992708874098054,0,1315.4,202388.21,202388.21,202388.21,202388.21,202388.21,202388.21,202388.21,202388.21,0.0,202388.21,0.0,202388.21,0.0,202388.21,0.0,202388.21,202388.21,202388.21,202388.21,0.0,0.0,0.0,0.0,0.0,0.0,,12.217947904697724,1.0,0,0,0.333,181677.03,76,2011,2
Hibiscus,2011-06-27,202388.21,NGN,NGN/MT,Historical (World Bank/FAOSTAT/NEPC),wholesale,National,,,0.7,False,"Synthetic historical — verified annual anchors, weekly interpolated",Synthetic (World Bank/FAO × FX),historical,True,Hard bound violation (synthetic),114463.94,153.86,160.55555555555554,97.0,11.4,12.5,0,1,1,0,0,0,0,1,0,0,1,0,0,0,0,0,0,0,1,0,1.2246467991473532e-16,-1.0,-3.216245299353273e-16,-1.0,0,1315.4,202388.21,202388.21,202388.21,202388.21,202388.21,202388.21,202388.21,202388.21,0.0,202388.21,0.0,202388.21,0.0,202388.21,0.0,202388.21,202388.21,202388.21,202388.21,0.0,0.0,0.0,0.0,0.0,0.0,,12.217947904697724,1.0,0,0,0.333,181677.03,77,2011,2
Hibiscus,2011-07-04,202388.21,NGN,NGN/MT,Historical (World Bank/FAOSTAT/NEPC),wholesale,National,,,0.7,False,"Synthetic historical — verified annual anchors, weekly interpolated",Synthetic (World Bank/FAO × FX),historical,True,Hard bound violation (synthetic),115817.95,153.86,160.55555555555554,97.0,11.4,12.5,0,1,1,0,0,0,1,1,0,0,1,0,0,0,0,0,0,0,1,0,-0.4999999999999997,-0.8660254037844388,-0.1205366802553228,-0.992708874098054,0,1315.4,202388.21,202388.21,202388.21,202388.21,202388.21,202388.21,202388.21,202388.21,0.0,202388.21,0.0,202388.21,0.0,202388.21,0.0,202388.21,202388.21,202388.21,202388.21,0.0,0.0,0.0,0.0,0.0,0.0,,12.217947904697724,1.0,0,0,0.333,181677.03,78,2011,3
Hibiscus,2011-07-11,202388.21,NGN,NGN/MT,Historical (World Bank/FAOSTAT/NEPC),wholesale,National,,,0.7,False,"Synthetic historical — verified annual anchors, weekly interpolated",Synthetic (World Bank/FAO × FX),historical,True,Hard bound violation (synthetic),108613.07,153.86,160.55555555555554,97.0,11.4,12.5,0,1,1,0,0,0,1,1,0,0,1,0,0,0,0,0,0,0,1,0,-0.4999999999999997,-0.8660254037844388,-0.2393156642875574,-0.970941817426052,0,1315.4,202388.21,202388.21,202388.21,202388.21,202388.21,202388.21,202388.21,202388.21,0.0,202388.21,0.0,202388.21,0.0,202388.21,0.0,202388.21,202388.21,202388.21,202388.21,0.0,0.0,0.0,0.0,0.0,0.0,,12.217947904697724,1.0,0,0,0.333,181677.03,79,2011,3
Hibiscus,2011-07-18,202388.21,NGN,NGN/MT,Historical (World Bank/FAOSTAT/NEPC),wholesale,National,,,0.7,False,"Synthetic historical — verified annual anchors, weekly interpolated",Synthetic (World Bank/FAO × FX),historical,True,Hard bound violation (synthetic),114738.84,153.86,160.55555555555554,97.0,11.4,12.5,0,1,1,0,0,0,1,1,0,0,1,0,0,0,0,0,0,0,1,0,-0.4999999999999997,-0.8660254037844388,-0.3546048870425356,-0.9350162426854148,0,1315.4,202388.21,202388.21,202388.21,202388.21,202388.21,202388.21,202388.21,202388.21,0.0,202388.21,0.0,202388.21,0.0,202388.21,0.0,202388.21,202388.21,202388.21,202388.21,0.0,0.0,0.0,0.0,0.0,0.0,,12.217947904697724,1.0,0,0,0.333,181677.03,80,2011,3
Hibiscus,2011-07-25,202388.21,NGN,NGN/MT,Historical (World Bank/FAOSTAT/NEPC),wholesale,National,,,0.7,False,"Synthetic historical — verified annual anchors, weekly interpolated",Synthetic (World Bank/FAO × FX),historical,True,Hard bound violation (synthetic),116737.4,153.86,160.55555555555554,97.0,11.4,12.5,0,1,1,0,0,0,1,1,0,0,1,0,0,0,0,0,0,0,1,0,-0.4999999999999997,-0.8660254037844388,-0.464723172043768,-0.8854560256532101,0,1315.4,202388.21,202388.21,202388.21,202388.21,202388.21,202388.21,202388.21,202388.21,0.0,202388.21,0.0,202388.21,0.0,202388.21,0.0,202388.21,202388.21,202388.21,202388.21,0.0,0.0,0.0,0.0,0.0,0.0,,12.217947904697724,1.0,0,0,0.333,181677.03,81,2011,3
Hibiscus,2011-08-01,202388.21,NGN,NGN/MT,Historical (World Bank/FAOSTAT/NEPC),wholesale,National,,,0.7,False,"Synthetic historical — verified annual anchors, weekly interpolated",Synthetic (World Bank/FAO × FX),historical,True,Hard bound violation (synthetic),118323.36,153.86,160.55555555555554,97.0,11.4,12.5,0,1,0,0,1,0,1,1,0,0,1,0,0,0,0,1,0,1,1,0,-0.8660254037844384,-0.5000000000000004,-0.5680647467311556,-0.8229838658936565,0,1315.4,202388.21,202388.21,202388.21,202388.21,202388.21,202388.21,202388.21,202388.21,0.0,202388.21,0.0,202388.21,0.0,202388.21,0.0,202388.21,202388.21,202388.21,202388.21,0.0,0.0,0.0,0.0,0.0,0.0,,12.217947904697724,1.0,0,0,0.333,181677.03,82,2011,3
Hibiscus,2011-08-08,202388.21,NGN,NGN/MT,Historical (World Bank/FAOSTAT/NEPC),wholesale,National,,,0.7,False,"Synthetic historical — verified annual anchors, weekly interpolated",Synthetic (World Bank/FAO × FX),historical,True,Hard bound violation (synthetic),111538.4,153.86,160.55555555555554,97.0,11.4,12.5,0,1,0,0,1,0,1,1,0,0,1,0,0,0,0,1,0,1,1,0,-0.8660254037844384,-0.5000000000000004,-0.663122658240795,-0.7485107481711013,0,1315.4,202388.21,202388.21,202388.21,202388.21,202388.21,202388.21,202388.21,202388.21,0.0,202388.21,0.0,202388.21,0.0,202388.21,0.0,202388.21,202388.21,202388.21,202388.21,0.0,0.0,0.0,0.0,0.0,0.0,,12.217947904697724,1.0,0,0,0.333,181677.03,83,2011,3
Hibiscus,2011-08-15,202388.21,NGN,NGN/MT,Historical (World Bank/FAOSTAT/NEPC),wholesale,National,,,0.7,False,"Synthetic historical — verified annual anchors, weekly interpolated",Synthetic (World Bank/FAO × FX),historical,True,Hard bound violation (synthetic),110551.93,153.86,160.55555555555554,97.0,11.4,12.5,0,1,0,0,1,0,1,1,0,0,1,0,0,0,0,1,0,1,1,0,-0.8660254037844384,-0.5000000000000004,-0.7485107481711011,-0.6631226582407952,0,1315.4,202388.21,202388.21,202388.21,202388.21,202388.21,202388.21,202388.21,202388.21,0.0,202388.21,0.0,202388.21,0.0,202388.21,0.0,202388.21,202388.21,202388.21,202388.21,0.0,0.0,0.0,0.0,0.0,0.0,,12.217947904697724,1.0,0,0,0.333,181677.03,84,2011,3
Hibiscus,2011-08-22,202388.21,NGN,NGN/MT,Historical (World Bank/FAOSTAT/NEPC),wholesale,National,,,0.7,False,"Synthetic historical — verified annual anchors, weekly interpolated",Synthetic (World Bank/FAO × FX),historical,True,Hard bound violation (synthetic),111594.53,153.86,160.55555555555554,97.0,11.4,12.5,0,1,0,0,1,0,1,1,0,0,1,0,0,0,0,1,0,1,1,0,-0.8660254037844384,-0.5000000000000004,-0.8229838658936564,-0.5680647467311559,0,1315.4,202388.21,202388.21,202388.21,202388.21,202388.21,202388.21,202388.21,202388.21,0.0,202388.21,0.0,202388.21,0.0,202388.21,0.0,202388.21,202388.21,202388.21,202388.21,0.0,0.0,0.0,0.0,0.0,0.0,,12.217947904697724,1.0,0,0,0.333,181677.03,85,2011,3
Hibiscus,2011-08-29,202388.21,NGN,NGN/MT,Historical (World Bank/FAOSTAT/NEPC),wholesale,National,,,0.7,False,"Synthetic historical — verified annual anchors, weekly interpolated",Synthetic (World Bank/FAO × FX),historical,True,Hard bound violation (synthetic),116411.45,153.86,160.55555555555554,97.0,11.4,12.5,0,1,0,0,1,0,1,1,0,0,1,0,0,0,0,1,0,1,1,0,-0.8660254037844384,-0.5000000000000004,-0.8854560256532096,-0.4647231720437691,0,1315.4,202388.21,202388.21,202388.21,202388.21,202388.21,202388.21,202388.21,202388.21,0.0,202388.21,0.0,202388.21,0.0,202388.21,0.0,202388.21,202388.21,202388.21,202388.21,0.0,0.0,0.0,0.0,0.0,0.0,,12.217947904697724,1.0,0,0,0.333,181677.03,86,2011,3
Hibiscus,2011-09-05,202388.21,NGN,NGN/MT,Historical (World Bank/FAOSTAT/NEPC),wholesale,National,,,0.7,False,"Synthetic historical — verified annual anchors, weekly interpolated",Synthetic (World Bank/FAO × FX),historical,True,Hard bound violation (synthetic),111084.88,153.86,160.55555555555554,97.0,11.4,12.5,0,1,0,0,1,1,0,0,0,0,0,0,0,0,0,1,0,0,0,0,-1.0,-1.8369701987210287e-16,-0.9350162426854148,-0.3546048870425359,0,1315.4,202388.21,202388.21,202388.21,202388.21,202388.21,202388.21,202388.21,202388.21,0.0,202388.21,0.0,202388.21,0.0,202388.21,0.0,202388.21,202388.21,202388.21,202388.21,0.0,0.0,0.0,0.0,0.0,0.0,,12.217947904697724,1.0,0,0,0.667,181677.03,87,2011,3
Hibiscus,2011-09-12,202388.21,NGN,NGN/MT,Historical (World Bank/FAOSTAT/NEPC),wholesale,National,,,0.7,False,"Synthetic historical — verified annual anchors, weekly interpolated",Synthetic (World Bank/FAO × FX),historical,True,Hard bound violation (synthetic),108251.79,153.86,160.55555555555554,97.0,11.4,12.5,0,1,0,0,1,1,0,0,0,0,0,0,0,0,0,1,0,0,0,0,-1.0,-1.8369701987210287e-16,-0.970941817426052,-0.2393156642875577,0,1315.4,202388.21,202388.21,202388.21,202388.21,202388.21,202388.21,202388.21,202388.21,0.0,202388.21,0.0,202388.21,0.0,202388.21,0.0,202388.21,202388.21,202388.21,202388.21,0.0,0.0,0.0,0.0,0.0,0.0,,12.217947904697724,1.0,0,0,0.667,181677.03,88,2011,3
Hibiscus,2011-09-19,202388.21,NGN,NGN/MT,Historical (World Bank/FAOSTAT/NEPC),wholesale,National,,,0.7,False,"Synthetic historical — verified annual anchors, weekly interpolated",Synthetic (World Bank/FAO × FX),historical,True,Hard bound violation (synthetic),111693.78,153.86,160.55555555555554,97.0,11.4,12.5,0,1,0,0,1,1,0,0,0,0,0,0,0,0,0,1,0,0,0,0,-1.0,-1.8369701987210287e-16,-0.992708874098054,-0.1205366802553235,0,1315.4,202388.21,202388.21,202388.21,202388.21,202388.21,202388.21,202388.21,202388.21,0.0,202388.21,0.0,202388.21,0.0,202388.21,0.0,202388.21,202388.21,202388.21,202388.21,0.0,0.0,0.0,0.0,0.0,0.0,,12.217947904697724,1.0,0,0,0.667,181677.03,89,2011,3
Hibiscus,2011-09-26,202388.21,NGN,NGN/MT,Historical (World Bank/FAOSTAT/NEPC),wholesale,National,,,0.7,False,"Synthetic historical — verified annual anchors, weekly interpolated",Synthetic (World Bank/FAO × FX),historical,True,Hard bound violation (synthetic),110320.36,153.86,160.55555555555554,97.0,11.4,12.5,0,1,0,0,1,1,0,0,0,0,0,0,0,0,0,1,0,0,0,0,-1.0,-1.8369701987210287e-16,-1.0,-1.8369701987210287e-16,0,1315.4,202388.21,202388.21,202388.21,202388.21,202388.21,202388.21,202388.21,202388.21,0.0,202388.21,0.0,202388.21,0.0,202388.21,0.0,202388.21,202388.21,202388.21,202388.21,0.0,0.0,0.0,0.0,0.0,0.0,,12.217947904697724,1.0,0,0,0.667,181677.03,90,2011,3
Hibiscus,2011-10-03,202388.21,NGN,NGN/MT,Historical (World Bank/FAOSTAT/NEPC),wholesale,National,,,0.7,False,"Synthetic historical — verified annual anchors, weekly interpolated",Synthetic (World Bank/FAO × FX),historical,True,Hard bound violation (synthetic),113196.53,153.86,160.55555555555554,97.0,11.4,12.5,0,1,0,0,0,1,0,0,0,1,0,1,0,1,1,1,1,0,0,0,-0.8660254037844386,0.5000000000000001,-0.992708874098054,0.1205366802553232,0,1315.4,202388.21,202388.21,202388.21,202388.21,202388.21,202388.21,202388.21,202388.21,0.0,202388.21,0.0,202388.21,0.0,202388.21,0.0,202388.21,202388.21,202388.21,202388.21,0.0,0.0,0.0,0.0,0.0,0.0,,12.217947904697724,1.0,0,0,1.0,181677.03,91,2011,4
Hibiscus,2011-10-10,202388.21,NGN,NGN/MT,Historical (World Bank/FAOSTAT/NEPC),wholesale,National,,,0.7,False,"Synthetic historical — verified annual anchors, weekly interpolated",Synthetic (World Bank/FAO × FX),historical,True,Hard bound violation (synthetic),107683.22,153.86,160.55555555555554,97.0,11.4,12.5,0,1,0,0,0,1,0,0,0,1,0,1,0,1,1,1,1,0,0,0,-0.8660254037844386,0.5000000000000001,-0.970941817426052,0.2393156642875573,0,1315.4,202388.21,202388.21,202388.21,202388.21,202388.21,202388.21,202388.21,202388.21,0.0,202388.21,0.0,202388.21,0.0,202388.21,0.0,202388.21,202388.21,202388.21,202388.21,0.0,0.0,0.0,0.0,0.0,0.0,,12.217947904697724,1.0,0,0,1.0,181677.03,92,2011,4
Hibiscus,2011-10-17,202388.21,NGN,NGN/MT,Historical (World Bank/FAOSTAT/NEPC),wholesale,National,,,0.7,False,"Synthetic historical — verified annual anchors, weekly interpolated",Synthetic (World Bank/FAO × FX),historical,True,Hard bound violation (synthetic),108918.71,153.86,160.55555555555554,97.0,11.4,12.5,0,1,0,0,0,1,0,0,0,1,0,1,0,1,1,1,1,0,0,0,-0.8660254037844386,0.5000000000000001,-0.9350162426854148,0.3546048870425355,0,1315.4,202388.21,202388.21,202388.21,202388.21,202388.21,202388.21,202388.21,202388.21,0.0,202388.21,0.0,202388.21,0.0,202388.21,0.0,202388.21,202388.21,202388.21,202388.21,0.0,0.0,0.0,0.0,0.0,0.0,,12.217947904697724,1.0,0,0,1.0,181677.03,93,2011,4
Hibiscus,2011-10-24,202388.21,NGN,NGN/MT,Historical (World Bank/FAOSTAT/NEPC),wholesale,National,,,0.7,False,"Synthetic historical — verified annual anchors, weekly interpolated",Synthetic (World Bank/FAO × FX),historical,True,Hard bound violation (synthetic),108706.04,153.86,160.55555555555554,97.0,11.4,12.5,0,1,0,0,0,1,0,0,0,1,0,1,0,1,1,1,1,0,0,0,-0.8660254037844386,0.5000000000000001,-0.8854560256532101,0.464723172043768,0,1315.4,202388.21,202388.21,202388.21,202388.21,202388.21,202388.21,202388.21,202388.21,0.0,202388.21,0.0,202388.21,0.0,202388.21,0.0,202388.21,202388.21,202388.21,202388.21,0.0,0.0,0.0,0.0,0.0,0.0,,12.217947904697724,1.0,0,0,1.0,181677.03,94,2011,4
Hibiscus,2011-10-31,202388.21,NGN,NGN/MT,Historical (World Bank/FAOSTAT/NEPC),wholesale,National,,,0.7,False,"Synthetic historical — verified annual anchors, weekly interpolated",Synthetic (World Bank/FAO × FX),historical,True,Hard bound violation (synthetic),105170.4,153.86,160.55555555555554,97.0,11.4,12.5,0,1,0,0,0,1,0,0,0,1,0,1,0,1,1,1,1,0,0,0,-0.8660254037844386,0.5000000000000001,-0.822983865893657,0.5680647467311548,0,1315.4,202388.21,202388.21,202388.21,202388.21,202388.21,202388.21,202388.21,202388.21,0.0,202388.21,0.0,202388.21,0.0,202388.21,0.0,202388.21,202388.21,202388.21,202388.21,0.0,0.0,0.0,0.0,0.0,0.0,,12.217947904697724,1.0,0,0,1.0,181677.03,95,2011,4
Hibiscus,2011-11-07,202388.21,NGN,NGN/MT,Historical (World Bank/FAOSTAT/NEPC),wholesale,National,,,0.7,False,"Synthetic historical — verified annual anchors, weekly interpolated",Synthetic (World Bank/FAO × FX),historical,True,Hard bound violation (synthetic),110977.2,153.86,160.55555555555554,97.0,11.4,12.5,1,0,0,0,0,1,0,0,0,1,0,1,1,1,1,0,1,0,0,0,-0.5000000000000004,0.8660254037844384,-0.7485107481711011,0.6631226582407952,1,1315.4,202388.21,202388.21,202388.21,202388.21,202388.21,202388.21,202388.21,202388.21,0.0,202388.21,0.0,202388.21,0.0,202388.21,0.0,202388.21,202388.21,202388.21,202388.21,0.0,0.0,0.0,0.0,0.0,0.0,,12.217947904697724,1.0,0,0,0.667,181677.03,96,2011,4
Hibiscus,2011-11-14,202388.21,NGN,NGN/MT,Historical (World Bank/FAOSTAT/NEPC),wholesale,National,,,0.7,False,"Synthetic historical — verified annual anchors, weekly interpolated",Synthetic (World Bank/FAO × FX),historical,True,Hard bound violation (synthetic),110861.48,153.86,160.55555555555554,97.0,11.4,12.5,1,0,0,0,0,1,0,0,0,1,0,1,1,1,1,0,1,0,0,0,-0.5000000000000004,0.8660254037844384,-0.6631226582407955,0.7485107481711007,1,1315.4,202388.21,202388.21,202388.21,202388.21,202388.21,202388.21,202388.21,202388.21,0.0,202388.21,0.0,202388.21,0.0,202388.21,0.0,202388.21,202388.21,202388.21,202388.21,0.0,0.0,0.0,0.0,0.0,0.0,,12.217947904697724,1.0,0,0,0.667,181677.03,97,2011,4
Hibiscus,2011-11-21,202388.21,NGN,NGN/MT,Historical (World Bank/FAOSTAT/NEPC),wholesale,National,,,0.7,False,"Synthetic historical — verified annual anchors, weekly interpolated",Synthetic (World Bank/FAO × FX),historical,True,Hard bound violation (synthetic),110016.87,153.86,160.55555555555554,97.0,11.4,12.5,1,0,0,0,0,1,0,0,0,1,0,1,1,1,1,0,1,0,0,0,-0.5000000000000004,0.8660254037844384,-0.5680647467311559,0.8229838658936564,1,1315.4,202388.21,202388.21,202388.21,202388.21,202388.21,202388.21,202388.21,202388.21,0.0,202388.21,0.0,202388.21,0.0,202388.21,0.0,202388.21,202388.21,202388.21,202388.21,0.0,0.0,0.0,0.0,0.0,0.0,,12.217947904697724,1.0,0,0,0.667,181677.03,98,2011,4
Hibiscus,2011-11-28,202388.21,NGN,NGN/MT,Historical (World Bank/FAOSTAT/NEPC),wholesale,National,,,0.7,False,"Synthetic historical — verified annual anchors, weekly interpolated",Synthetic (World Bank/FAO × FX),historical,True,Hard bound violation (synthetic),109225.86,153.86,160.55555555555554,97.0,11.4,12.5,1,0,0,0,0,1,0,0,0,1,0,1,1,1,1,0,1,0,0,0,-0.5000000000000004,0.8660254037844384,-0.4647231720437684,0.88545602565321,1,1315.4,202388.21,202388.21,202388.21,202388.21,202388.21,202388.21,202388.21,202388.21,0.0,202388.21,0.0,202388.21,0.0,202388.21,0.0,202388.21,202388.21,202388.21,202388.21,0.0,0.0,0.0,0.0,0.0,0.0,,12.217947904697724,1.0,0,0,0.667,181677.03,99,2011,4
Hibiscus,2011-12-05,202388.21,NGN,NGN/MT,Historical (World Bank/FAOSTAT/NEPC),wholesale,National,,,0.7,False,"Synthetic historical — verified annual anchors, weekly interpolated",Synthetic (World Bank/FAO × FX),historical,True,Hard bound violation (synthetic),103222.69,153.86,160.55555555555554,97.0,11.4,12.5,1,0,0,0,0,0,0,0,0,1,0,1,1,1,1,0,0,0,0,1,-2.4492935982947064e-16,1.0,-0.3546048870425359,0.9350162426854148,1,1315.4,202388.21,202388.21,202388.21,202388.21,202388.21,202388.21,202388.21,202388.21,0.0,202388.21,0.0,202388.21,0.0,202388.21,0.0,202388.21,202388.21,202388.21,202388.21,0.0,0.0,0.0,0.0,0.0,0.0,,12.217947904697724,1.0,0,0,0.333,181677.03,100,2011,4
Hibiscus,2011-12-12,202388.21,NGN,NGN/MT,Historical (World Bank/FAOSTAT/NEPC),wholesale,National,,,0.7,False,"Synthetic historical — verified annual anchors, weekly interpolated",Synthetic (World Bank/FAO × FX),historical,True,Hard bound violation (synthetic),106439.63,153.86,160.55555555555554,97.0,11.4,12.5,1,0,0,0,0,0,0,0,0,1,0,1,1,1,1,0,0,0,0,1,-2.4492935982947064e-16,1.0,-0.2393156642875578,0.970941817426052,1,1315.4,202388.21,202388.21,202388.21,202388.21,202388.21,202388.21,202388.21,202388.21,0.0,202388.21,0.0,202388.21,0.0,202388.21,0.0,202388.21,202388.21,202388.21,202388.21,0.0,0.0,0.0,0.0,0.0,0.0,,12.217947904697724,1.0,0,0,0.333,181677.03,101,2011,4
Hibiscus,2011-12-19,202388.21,NGN,NGN/MT,Historical (World Bank/FAOSTAT/NEPC),wholesale,National,,,0.7,False,"Synthetic historical — verified annual anchors, weekly interpolated",Synthetic (World Bank/FAO × FX),historical,True,Hard bound violation (synthetic),106691.66,153.86,160.55555555555554,97.0,11.4,12.5,1,0,0,0,0,0,0,0,0,1,0,1,1,1,1,0,0,0,0,1,-2.4492935982947064e-16,1.0,-0.1205366802553236,0.992708874098054,1,1315.4,202388.21,202388.21,202388.21,202388.21,202388.21,202388.21,202388.21,202388.21,0.0,202388.21,0.0,202388.21,0.0,202388.21,0.0,202388.21,202388.21,202388.21,202388.21,0.0,0.0,0.0,0.0,0.0,0.0,,12.217947904697724,1.0,0,0,0.333,181677.03,102,2011,4
Hibiscus,2011-12-26,202388.21,NGN,NGN/MT,Historical (World Bank/FAOSTAT/NEPC),wholesale,National,,,0.7,False,"Synthetic historical — verified annual anchors, weekly interpolated",Synthetic (World Bank/FAO × FX),historical,True,Hard bound violation (synthetic),105205.44,153.86,160.55555555555554,97.0,11.4,12.5,1,0,0,0,0,0,0,0,0,1,0,1,1,1,1,0,0,0,0,1,-2.4492935982947064e-16,1.0,6.432490598706546e-16,1.0,1,1315.4,202388.21,202388.21,202388.21,202388.21,202388.21,202388.21,202388.21,202388.21,0.0,202388.21,0.0,202388.21,0.0,202388.21,0.0,202388.21,202388.21,202388.21,202388.21,0.0,0.0,0.0,0.0,0.0,0.0,,12.217947904697724,1.0,0,0,0.333,181677.03,103,2011,4
Hibiscus,2012-01-02,202388.21,NGN,NGN/MT,Historical (World Bank/FAOSTAT/NEPC),wholesale,National,,,0.7,False,"Synthetic historical — verified annual anchors, weekly interpolated",Synthetic (World Bank/FAO × FX),historical,True,Hard bound violation (synthetic),118175.42,157.5,160.55555555555554,97.0,11.4,12.5,1,0,0,0,0,0,0,0,0,1,0,0,1,0,0,0,0,0,0,1,0.4999999999999999,0.8660254037844387,0.120536680255323,0.992708874098054,1,1285.0,202388.21,202388.21,202388.21,202388.21,202388.21,202388.21,202388.21,202388.21,0.0,202388.21,0.0,202388.21,0.0,202388.21,0.0,202388.21,202388.21,202388.21,202388.21,0.0,0.0,0.0,0.0,0.0,0.0,,12.217947904697724,1.0,0,0,0.0,181677.03,104,2012,1
Hibiscus,2012-01-09,202388.21,NGN,NGN/MT,Historical (World Bank/FAOSTAT/NEPC),wholesale,National,,,0.7,False,"Synthetic historical — verified annual anchors, weekly interpolated",Synthetic (World Bank/FAO × FX),historical,True,Hard bound violation (synthetic),120189.43,157.5,160.55555555555554,97.0,11.4,12.5,1,0,0,0,0,0,0,0,0,1,0,0,1,0,0,0,0,0,0,1,0.4999999999999999,0.8660254037844387,0.2393156642875577,0.970941817426052,1,1285.0,202388.21,202388.21,202388.21,202388.21,202388.21,202388.21,202388.21,202388.21,0.0,202388.21,0.0,202388.21,0.0,202388.21,0.0,202388.21,202388.21,202388.21,202388.21,0.0,0.0,0.0,0.0,0.0,0.0,,12.217947904697724,1.0,0,0,0.0,181677.03,105,2012,1
Hibiscus,2012-01-16,202388.21,NGN,NGN/MT,Historical (World Bank/FAOSTAT/NEPC),wholesale,National,,,0.7,False,"Synthetic historical — verified annual anchors, weekly interpolated",Synthetic (World Bank/FAO × FX),historical,True,Hard bound violation (synthetic),125469.54,157.5,160.55555555555554,97.0,11.4,12.5,1,0,0,0,0,0,0,0,0,1,0,0,1,0,0,0,0,0,0,1,0.4999999999999999,0.8660254037844387,0.3546048870425356,0.9350162426854148,1,1285.0,202388.21,202388.21,202388.21,202388.21,202388.21,202388.21,202388.21,202388.21,0.0,202388.21,0.0,202388.21,0.0,202388.21,0.0,202388.21,202388.21,202388.21,202388.21,0.0,0.0,0.0,0.0,0.0,0.0,,12.217947904697724,1.0,0,0,0.0,181677.03,106,2012,1
Hibiscus,2012-01-23,202388.21,NGN,NGN/MT,Historical (World Bank/FAOSTAT/NEPC),wholesale,National,,,0.7,False,"Synthetic historical — verified annual anchors, weekly interpolated",Synthetic (World Bank/FAO × FX),historical,True,Hard bound violation (synthetic),119371.93,157.5,160.55555555555554,97.0,11.4,12.5,1,0,0,0,0,0,0,0,0,1,0,0,1,0,0,0,0,0,0,1,0.4999999999999999,0.8660254037844387,0.4647231720437685,0.8854560256532099,1,1285.0,202388.21,202388.21,202388.21,202388.21,202388.21,202388.21,202388.21,202388.21,0.0,202388.21,0.0,202388.21,0.0,202388.21,0.0,202388.21,202388.21,202388.21,202388.21,0.0,0.0,0.0,0.0,0.0,0.0,,12.217947904697724,1.0,0,0,0.0,181677.03,107,2012,1
Hibiscus,2012-01-30,202388.21,NGN,NGN/MT,Historical (World Bank/FAOSTAT/NEPC),wholesale,National,,,0.7,False,"Synthetic historical — verified annual anchors, weekly interpolated",Synthetic (World Bank/FAO × FX),historical,True,Hard bound violation (synthetic),119667.52,157.5,160.55555555555554,97.0,11.4,12.5,1,0,0,0,0,0,0,0,0,1,0,0,1,0,0,0,0,0,0,1,0.4999999999999999,0.8660254037844387,0.5680647467311558,0.8229838658936564,1,1285.0,202388.21,202388.21,202388.21,202388.21,202388.21,202388.21,202388.21,202388.21,0.0,202388.21,0.0,202388.21,0.0,202388.21,0.0,202388.21,202388.21,202388.21,202388.21,0.0,0.0,0.0,0.0,0.0,0.0,,12.217947904697724,1.0,0,0,0.0,181677.03,108,2012,1
Hibiscus,2012-02-06,202388.21,NGN,NGN/MT,Historical (World Bank/FAOSTAT/NEPC),wholesale,National,,,0.7,False,"Synthetic historical — verified annual anchors, weekly interpolated",Synthetic (World Bank/FAO × FX),historical,True,Hard bound violation (synthetic),118484.79,157.5,160.55555555555554,97.0,11.4,12.5,1,0,0,0,0,0,0,0,1,1,0,0,1,0,0,0,0,0,0,0,0.8660254037844386,0.5000000000000001,0.6631226582407952,0.7485107481711011,1,1285.0,202388.21,202388.21,202388.21,202388.21,202388.21,202388.21,202388.21,202388.21,0.0,202388.21,0.0,202388.21,0.0,202388.21,0.0,202388.21,202388.21,202388.21,202388.21,0.0,0.0,0.0,0.0,0.0,0.0,,12.217947904697724,1.0,0,0,0.0,181677.03,109,2012,1
Hibiscus,2012-02-13,202388.21,NGN,NGN/MT,Historical (World Bank/FAOSTAT/NEPC),wholesale,National,,,0.7,False,"Synthetic historical — verified annual anchors, weekly interpolated",Synthetic (World Bank/FAO × FX),historical,True,Hard bound violation (synthetic),111914.38,157.5,160.55555555555554,97.0,11.4,12.5,1,0,0,0,0,0,0,0,1,1,0,0,1,0,0,0,0,0,0,0,0.8660254037844386,0.5000000000000001,0.7485107481711011,0.6631226582407953,1,1285.0,202388.21,202388.21,202388.21,202388.21,202388.21,202388.21,202388.21,202388.21,0.0,202388.21,0.0,202388.21,0.0,202388.21,0.0,202388.21,202388.21,202388.21,202388.21,0.0,0.0,0.0,0.0,0.0,0.0,,12.217947904697724,1.0,0,0,0.0,181677.03,110,2012,1
Hibiscus,2012-02-20,202388.21,NGN,NGN/MT,Historical (World Bank/FAOSTAT/NEPC),wholesale,National,,,0.7,False,"Synthetic historical — verified annual anchors, weekly interpolated",Synthetic (World Bank/FAO × FX),historical,True,Hard bound violation (synthetic),118655.54,157.5,160.55555555555554,97.0,11.4,12.5,1,0,0,0,0,0,0,0,1,1,0,0,1,0,0,0,0,0,0,0,0.8660254037844386,0.5000000000000001,0.8229838658936564,0.5680647467311559,1,1285.0,202388.21,202388.21,202388.21,202388.21,202388.21,202388.21,202388.21,202388.21,0.0,202388.21,0.0,202388.21,0.0,202388.21,0.0,202388.21,202388.21,202388.21,202388.21,0.0,0.0,0.0,0.0,0.0,0.0,,12.217947904697724,1.0,0,0,0.0,181677.03,111,2012,1
Hibiscus,2012-02-27,202388.21,NGN,NGN/MT,Historical (World Bank/FAOSTAT/NEPC),wholesale,National,,,0.7,False,"Synthetic historical — verified annual anchors, weekly interpolated",Synthetic (World Bank/FAO × FX),historical,True,Hard bound violation (synthetic),118964.57,157.5,160.55555555555554,97.0,11.4,12.5,1,0,0,0,0,0,0,0,1,1,0,0,1,0,0,0,0,0,0,0,0.8660254037844386,0.5000000000000001,0.8854560256532099,0.4647231720437686,1,1285.0,202388.21,202388.21,202388.21,202388.21,202388.21,202388.21,202388.21,202388.21,0.0,202388.21,0.0,202388.21,0.0,202388.21,0.0,202388.21,202388.21,202388.21,202388.21,0.0,0.0,0.0,0.0,0.0,0.0,,12.217947904697724,1.0,0,0,0.0,181677.03,112,2012,1
Hibiscus,2012-03-05,202388.21,NGN,NGN/MT,Historical (World Bank/FAOSTAT/NEPC),wholesale,National,,,0.7,False,"Synthetic historical — verified annual anchors, weekly interpolated",Synthetic (World Bank/FAO × FX),historical,True,Hard bound violation (synthetic),130210.04,157.5,160.55555555555554,97.0,11.4,12.5,1,0,0,1,0,0,0,0,1,1,0,0,0,0,0,0,0,0,0,0,1.0,6.123233995736766e-17,0.9350162426854148,0.3546048870425355,0,1285.0,202388.21,202388.21,202388.21,202388.21,202388.21,202388.21,202388.21,202388.21,0.0,202388.21,0.0,202388.21,0.0,202388.21,0.0,202388.21,202388.21,202388.21,202388.21,0.0,0.0,0.0,0.0,0.0,0.0,,12.217947904697724,1.0,0,0,0.0,181677.03,113,2012,1
Hibiscus,2012-03-12,202388.21,NGN,NGN/MT,Historical (World Bank/FAOSTAT/NEPC),wholesale,National,,,0.7,False,"Synthetic historical — verified annual anchors, weekly interpolated",Synthetic (World Bank/FAO × FX),historical,True,Hard bound violation (synthetic),120550.29,157.5,160.55555555555554,97.0,11.4,12.5,1,0,0,1,0,0,0,0,1,1,0,0,0,0,0,0,0,0,0,0,1.0,6.123233995736766e-17,0.970941817426052,0.239315664287558,0,1285.0,202388.21,202388.21,202388.21,202388.21,202388.21,202388.21,202388.21,202388.21,0.0,202388.21,0.0,202388.21,0.0,202388.21,0.0,202388.21,202388.21,202388.21,202388.21,0.0,0.0,0.0,0.0,0.0,0.0,,12.217947904697724,1.0,0,0,0.0,181677.03,114,2012,1
Hibiscus,2012-03-19,202388.21,NGN,NGN/MT,Historical (World Bank/FAOSTAT/NEPC),wholesale,National,,,0.7,False,"Synthetic historical — verified annual anchors, weekly interpolated",Synthetic (World Bank/FAO × FX),historical,True,Hard bound violation (synthetic),122346.88,157.5,160.55555555555554,97.0,11.4,12.5,1,0,0,1,0,0,0,0,1,1,0,0,0,0,0,0,0,0,0,0,1.0,6.123233995736766e-17,0.992708874098054,0.120536680255323,0,1285.0,202388.21,202388.21,202388.21,202388.21,202388.21,202388.21,202388.21,202388.21,0.0,202388.21,0.0,202388.21,0.0,202388.21,0.0,202388.21,202388.21,202388.21,202388.21,0.0,0.0,0.0,0.0,0.0,0.0,,12.217947904697724,1.0,0,0,0.0,181677.03,115,2012,1
Hibiscus,2012-03-26,202388.21,NGN,NGN/MT,Historical (World Bank/FAOSTAT/NEPC),wholesale,National,,,0.7,False,"Synthetic historical — verified annual anchors, weekly interpolated",Synthetic (World Bank/FAO × FX),historical,True,Hard bound violation (synthetic),121123.74,157.5,160.55555555555554,97.0,11.4,12.5,1,0,0,1,0,0,0,0,1,1,0,0,0,0,0,0,0,0,0,0,1.0,6.123233995736766e-17,1.0,-1.6081226496766364e-16,0,1285.0,202388.21,202388.21,202388.21,202388.21,202388.21,202388.21,202388.21,202388.21,0.0,202388.21,0.0,202388.21,0.0,202388.21,0.0,202388.21,202388.21,202388.21,202388.21,0.0,0.0,0.0,0.0,0.0,0.0,,12.217947904697724,1.0,0,0,0.0,181677.03,116,2012,1
Hibiscus,2012-04-02,202388.21,NGN,NGN/MT,Historical (World Bank/FAOSTAT/NEPC),wholesale,National,,,0.7,False,"Synthetic historical — verified annual anchors, weekly interpolated",Synthetic (World Bank/FAO × FX),historical,True,Hard bound violation (synthetic),120617.46,157.5,160.55555555555554,97.0,11.4,12.5,0,1,1,1,0,0,0,0,1,0,0,0,0,0,0,0,0,0,0,0,0.8660254037844387,-0.4999999999999998,0.992708874098054,-0.1205366802553228,0,1285.0,202388.21,202388.21,202388.21,202388.21,202388.21,202388.21,202388.21,202388.21,0.0,202388.21,0.0,202388.21,0.0,202388.21,0.0,202388.21,202388.21,202388.21,202388.21,0.0,0.0,0.0,0.0,0.0,0.0,,12.217947904697724,1.0,0,0,0.333,181677.03,117,2012,2
Hibiscus,2012-04-09,202388.21,NGN,NGN/MT,Historical (World Bank/FAOSTAT/NEPC),wholesale,National,,,0.7,False,"Synthetic historical — verified annual anchors, weekly interpolated",Synthetic (World Bank/FAO × FX),historical,True,Hard bound violation (synthetic),129285.59,157.5,160.55555555555554,97.0,11.4,12.5,0,1,1,1,0,0,0,0,1,0,0,0,0,0,0,0,0,0,0,0,0.8660254037844387,-0.4999999999999998,0.970941817426052,-0.2393156642875575,0,1285.0,202388.21,202388.21,202388.21,202388.21,202388.21,202388.21,202388.21,202388.21,0.0,202388.21,0.0,202388.21,0.0,202388.21,0.0,202388.21,202388.21,202388.21,202388.21,0.0,0.0,0.0,0.0,0.0,0.0,,12.217947904697724,1.0,0,0,0.333,181677.03,118,2012,2
Hibiscus,2012-04-16,202388.21,NGN,NGN/MT,Historical (World Bank/FAOSTAT/NEPC),wholesale,National,,,0.7,False,"Synthetic historical — verified annual anchors, weekly interpolated",Synthetic (World Bank/FAO × FX),historical,True,Hard bound violation (synthetic),127819.75,157.5,160.55555555555554,97.0,11.4,12.5,0,1,1,1,0,0,0,0,1,0,0,0,0,0,0,0,0,0,0,0,0.8660254037844387,-0.4999999999999998,0.9350162426854148,-0.3546048870425354,0,1285.0,202388.21,202388.21,202388.21,202388.21,202388.21,202388.21,202388.21,202388.21,0.0,202388.21,0.0,202388.21,0.0,202388.21,0.0,202388.21,202388.21,202388.21,202388.21,0.0,0.0,0.0,0.0,0.0,0.0,,12.217947904697724,1.0,0,0,0.333,181677.03,119,2012,2
Hibiscus,2012-04-23,202388.21,NGN,NGN/MT,Historical (World Bank/FAOSTAT/NEPC),wholesale,National,,,0.7,False,"Synthetic historical — verified annual anchors, weekly interpolated",Synthetic (World Bank/FAO × FX),historical,True,Hard bound violation (synthetic),127966.37,157.5,160.55555555555554,97.0,11.4,12.5,0,1,1,1,0,0,0,0,1,0,0,0,0,0,0,0,0,0,0,0,0.8660254037844387,-0.4999999999999998,0.8854560256532099,-0.4647231720437685,0,1285.0,202388.21,202388.21,202388.21,202388.21,202388.21,202388.21,202388.21,202388.21,0.0,202388.21,0.0,202388.21,0.0,202388.21,0.0,202388.21,202388.21,202388.21,202388.21,0.0,0.0,0.0,0.0,0.0,0.0,,12.217947904697724,1.0,0,0,0.333,181677.03,120,2012,2
Hibiscus,2012-04-30,202388.21,NGN,NGN/MT,Historical (World Bank/FAOSTAT/NEPC),wholesale,National,,,0.7,False,"Synthetic historical — verified annual anchors, weekly interpolated",Synthetic (World Bank/FAO × FX),historical,True,Hard bound violation (synthetic),121589.8,157.5,160.55555555555554,97.0,11.4,12.5,0,1,1,1,0,0,0,0,1,0,0,0,0,0,0,0,0,0,0,0,0.8660254037844387,-0.4999999999999998,0.8229838658936565,-0.5680647467311557,0,1285.0,202388.21,202388.21,202388.21,202388.21,202388.21,202388.21,202388.21,202388.21,0.0,202388.21,0.0,202388.21,0.0,202388.21,0.0,202388.21,202388.21,202388.21,202388.21,0.0,0.0,0.0,0.0,0.0,0.0,,12.217947904697724,1.0,0,0,0.333,181677.03,121,2012,2
Hibiscus,2012-05-07,202388.21,NGN,NGN/MT,Historical (World Bank/FAOSTAT/NEPC),wholesale,National,,,0.7,False,"Synthetic historical — verified annual anchors, weekly interpolated",Synthetic (World Bank/FAO × FX),historical,True,Hard bound violation (synthetic),132865.69,157.5,160.55555555555554,97.0,11.4,12.5,0,1,1,1,0,0,0,0,1,0,1,0,0,0,0,0,0,0,0,0,0.4999999999999999,-0.8660254037844387,0.7485107481711013,-0.663122658240795,0,1285.0,202388.21,202388.21,202388.21,202388.21,202388.21,202388.21,202388.21,202388.21,0.0,202388.21,0.0,202388.21,0.0,202388.21,0.0,202388.21,202388.21,202388.21,202388.21,0.0,0.0,0.0,0.0,0.0,0.0,,12.217947904697724,1.0,0,0,0.333,181677.03,122,2012,2
Hibiscus,2012-05-14,202388.21,NGN,NGN/MT,Historical (World Bank/FAOSTAT/NEPC),wholesale,National,,,0.7,False,"Synthetic historical — verified annual anchors, weekly interpolated",Synthetic (World Bank/FAO × FX),historical,True,Hard bound violation (synthetic),122137.92,157.5,160.55555555555554,97.0,11.4,12.5,0,1,1,1,0,0,0,0,1,0,1,0,0,0,0,0,0,0,0,0,0.4999999999999999,-0.8660254037844387,0.6631226582407952,-0.7485107481711012,0,1285.0,202388.21,202388.21,202388.21,202388.21,202388.21,202388.21,202388.21,202388.21,0.0,202388.21,0.0,202388.21,0.0,202388.21,0.0,202388.21,202388.21,202388.21,202388.21,0.0,0.0,0.0,0.0,0.0,0.0,,12.217947904697724,1.0,0,0,0.333,181677.03,123,2012,2
Hibiscus,2012-05-21,202388.21,NGN,NGN/MT,Historical (World Bank/FAOSTAT/NEPC),wholesale,National,,,0.7,False,"Synthetic historical — verified annual anchors, weekly interpolated",Synthetic (World Bank/FAO × FX),historical,True,Hard bound violation (synthetic),129744.73,157.5,160.55555555555554,97.0,11.4,12.5,0,1,1,1,0,0,0,0,1,0,1,0,0,0,0,0,0,0,0,0,0.4999999999999999,-0.8660254037844387,0.5680647467311558,-0.8229838658936564,0,1285.0,202388.21,202388.21,202388.21,202388.21,202388.21,202388.21,202388.21,202388.21,0.0,202388.21,0.0,202388.21,0.0,202388.21,0.0,202388.21,202388.21,202388.21,202388.21,0.0,0.0,0.0,0.0,0.0,0.0,,12.217947904697724,1.0,0,0,0.333,181677.03,124,2012,2
Hibiscus,2012-05-28,202388.21,NGN,NGN/MT,Historical (World Bank/FAOSTAT/NEPC),wholesale,National,,,0.7,False,"Synthetic historical — verified annual anchors, weekly interpolated",Synthetic (World Bank/FAO × FX),historical,True,Hard bound violation (synthetic),135878.49,157.5,160.55555555555554,97.0,11.4,12.5,0,1,1,1,0,0,0,0,1,0,1,0,0,0,0,0,0,0,0,0,0.4999999999999999,-0.8660254037844387,0.464723172043769,-0.8854560256532096,0,1285.0,202388.21,202388.21,202388.21,202388.21,202388.21,202388.21,202388.21,202388.21,0.0,202388.21,0.0,202388.21,0.0,202388.21,0.0,202388.21,202388.21,202388.21,202388.21,0.0,0.0,0.0,0.0,0.0,0.0,,12.217947904697724,1.0,0,0,0.333,181677.03,125,2012,2
Hibiscus,2012-06-04,202388.21,NGN,NGN/MT,Historical (World Bank/FAOSTAT/NEPC),wholesale,National,,,0.7,False,"Synthetic historical — verified annual anchors, weekly interpolated",Synthetic (World Bank/FAO × FX),historical,True,Hard bound violation (synthetic),127349.76,157.5,160.55555555555554,97.0,11.4,12.5,0,1,1,0,0,0,0,1,0,0,1,0,0,0,0,0,0,0,1,0,1.2246467991473532e-16,-1.0,0.3546048870425358,-0.9350162426854148,0,1285.0,202388.21,202388.21,202388.21,202388.21,202388.21,202388.21,202388.21,202388.21,0.0,202388.21,0.0,202388.21,0.0,202388.21,0.0,202388.21,202388.21,202388.21,202388.21,0.0,0.0,0.0,0.0,0.0,0.0,,12.217947904697724,1.0,0,0,0.333,181677.03,126,2012,2
Hibiscus,2012-06-11,202388.21,NGN,NGN/MT,Historical (World Bank/FAOSTAT/NEPC),wholesale,National,,,0.7,False,"Synthetic historical — verified annual anchors, weekly interpolated",Synthetic (World Bank/FAO × FX),historical,True,Hard bound violation (synthetic),129020.2,157.5,160.55555555555554,97.0,11.4,12.5,0,1,1,0,0,0,0,1,0,0,1,0,0,0,0,0,0,0,1,0,1.2246467991473532e-16,-1.0,0.2393156642875576,-0.970941817426052,0,1285.0,202388.21,202388.21,202388.21,202388.21,202388.21,202388.21,202388.21,202388.21,0.0,202388.21,0.0,202388.21,0.0,202388.21,0.0,202388.21,202388.21,202388.21,202388.21,0.0,0.0,0.0,0.0,0.0,0.0,,12.217947904697724,1.0,0,0,0.333,181677.03,127,2012,2
Hibiscus,2012-06-18,202388.21,NGN,NGN/MT,Historical (World Bank/FAOSTAT/NEPC),wholesale,National,,,0.7,False,"Synthetic historical — verified annual anchors, weekly interpolated",Synthetic (World Bank/FAO × FX),historical,True,Hard bound violation (synthetic),131642.38,157.5,160.55555555555554,97.0,11.4,12.5,0,1,1,0,0,0,0,1,0,0,1,0,0,0,0,0,0,0,1,0,1.2246467991473532e-16,-1.0,0.120536680255323,-0.992708874098054,0,1285.0,202388.21,202388.21,202388.21,202388.21,202388.21,202388.21,202388.21,202388.21,0.0,202388.21,0.0,202388.21,0.0,202388.21,0.0,202388.21,202388.21,202388.21,202388.21,0.0,0.0,0.0,0.0,0.0,0.0,,12.217947904697724,1.0,0,0,0.333,181677.03,128,2012,2
Hibiscus,2012-06-25,202388.21,NGN,NGN/MT,Historical (World Bank/FAOSTAT/NEPC),wholesale,National,,,0.7,False,"Synthetic historical — verified annual anchors, weekly interpolated",Synthetic (World Bank/FAO × FX),historical,True,Hard bound violation (synthetic),129267.56,157.5,160.55555555555554,97.0,11.4,12.5,0,1,1,0,0,0,0,1,0,0,1,0,0,0,0,0,0,0,1,0,1.2246467991473532e-16,-1.0,-3.216245299353273e-16,-1.0,0,1285.0,202388.21,202388.21,202388.21,202388.21,202388.21,202388.21,202388.21,202388.21,0.0,202388.21,0.0,202388.21,0.0,202388.21,0.0,202388.21,202388.21,202388.21,202388.21,0.0,0.0,0.0,0.0,0.0,0.0,,12.217947904697724,1.0,0,0,0.333,181677.03,129,2012,2
Hibiscus,2012-07-02,202388.21,NGN,NGN/MT,Historical (World Bank/FAOSTAT/NEPC),wholesale,National,,,0.7,False,"Synthetic historical — verified annual anchors, weekly interpolated",Synthetic (World Bank/FAO × FX),historical,True,Hard bound violation (synthetic),125144.26,157.5,160.55555555555554,97.0,11.4,12.5,0,1,1,0,0,0,1,1,0,0,1,0,0,0,0,0,0,0,1,0,-0.4999999999999997,-0.8660254037844388,-0.1205366802553228,-0.992708874098054,0,1285.0,202388.21,202388.21,202388.21,202388.21,202388.21,202388.21,202388.21,202388.21,0.0,202388.21,0.0,202388.21,0.0,202388.21,0.0,202388.21,202388.21,202388.21,202388.21,0.0,0.0,0.0,0.0,0.0,0.0,,12.217947904697724,1.0,0,0,0.333,181677.03,130,2012,3
Hibiscus,2012-07-09,202388.21,NGN,NGN/MT,Historical (World Bank/FAOSTAT/NEPC),wholesale,National,,,0.7,False,"Synthetic historical — verified annual anchors, weekly interpolated",Synthetic (World Bank/FAO × FX),historical,True,Hard bound violation (synthetic),131519.97,157.5,160.55555555555554,97.0,11.4,12.5,0,1,1,0,0,0,1,1,0,0,1,0,0,0,0,0,0,0,1,0,-0.4999999999999997,-0.8660254037844388,-0.2393156642875574,-0.970941817426052,0,1285.0,202388.21,202388.21,202388.21,202388.21,202388.21,202388.21,202388.21,202388.21,0.0,202388.21,0.0,202388.21,0.0,202388.21,0.0,202388.21,202388.21,202388.21,202388.21,0.0,0.0,0.0,0.0,0.0,0.0,,12.217947904697724,1.0,0,0,0.333,181677.03,131,2012,3
Hibiscus,2012-07-16,202388.21,NGN,NGN/MT,Historical (World Bank/FAOSTAT/NEPC),wholesale,National,,,0.7,False,"Synthetic historical — verified annual anchors, weekly interpolated",Synthetic (World Bank/FAO × FX),historical,True,Hard bound violation (synthetic),127067.18,157.5,160.55555555555554,97.0,11.4,12.5,0,1,1,0,0,0,1,1,0,0,1,0,0,0,0,0,0,0,1,0,-0.4999999999999997,-0.8660254037844388,-0.3546048870425356,-0.9350162426854148,0,1285.0,202388.21,202388.21,202388.21,202388.21,202388.21,202388.21,202388.21,202388.21,0.0,202388.21,0.0,202388.21,0.0,202388.21,0.0,202388.21,202388.21,202388.21,202388.21,0.0,0.0,0.0,0.0,0.0,0.0,,12.217947904697724,1.0,0,0,0.333,181677.03,132,2012,3
Hibiscus,2012-07-23,202388.21,NGN,NGN/MT,Historical (World Bank/FAOSTAT/NEPC),wholesale,National,,,0.7,False,"Synthetic historical — verified annual anchors, weekly interpolated",Synthetic (World Bank/FAO × FX),historical,True,Hard bound violation (synthetic),133114.77,157.5,160.55555555555554,97.0,11.4,12.5,0,1,1,0,0,0,1,1,0,0,1,0,0,0,0,0,0,1,1,0,-0.4999999999999997,-0.8660254037844388,-0.464723172043768,-0.8854560256532101,0,1285.0,202388.21,202388.21,202388.21,202388.21,202388.21,202388.21,202388.21,202388.21,0.0,202388.21,0.0,202388.21,0.0,202388.21,0.0,202388.21,202388.21,202388.21,202388.21,0.0,0.0,0.0,0.0,0.0,0.0,,12.217947904697724,1.0,0,0,0.333,181677.03,133,2012,3
Hibiscus,2012-07-30,202388.21,NGN,NGN/MT,Historical (World Bank/FAOSTAT/NEPC),wholesale,National,,,0.7,False,"Synthetic historical — verified annual anchors, weekly interpolated",Synthetic (World Bank/FAO × FX),historical,True,Hard bound violation (synthetic),127629.77,157.5,160.55555555555554,97.0,11.4,12.5,0,1,1,0,0,0,1,1,0,0,1,0,0,0,0,0,0,1,1,0,-0.4999999999999997,-0.8660254037844388,-0.5680647467311556,-0.8229838658936565,0,1285.0,202388.21,202388.21,202388.21,202388.21,202388.21,202388.21,202388.21,202388.21,0.0,202388.21,0.0,202388.21,0.0,202388.21,0.0,202388.21,202388.21,202388.21,202388.21,0.0,0.0,0.0,0.0,0.0,0.0,,12.217947904697724,1.0,0,0,0.333,181677.03,134,2012,3
Hibiscus,2012-08-06,202388.21,NGN,NGN/MT,Historical (World Bank/FAOSTAT/NEPC),wholesale,National,,,0.7,False,"Synthetic historical — verified annual anchors, weekly interpolated",Synthetic (World Bank/FAO × FX),historical,True,Hard bound violation (synthetic),134736.62,157.5,160.55555555555554,97.0,11.4,12.5,0,1,0,0,1,0,1,1,0,0,1,0,0,0,0,1,0,1,1,0,-0.8660254037844384,-0.5000000000000004,-0.663122658240795,-0.7485107481711013,0,1285.0,202388.21,202388.21,202388.21,202388.21,202388.21,202388.21,202388.21,202388.21,0.0,202388.21,0.0,202388.21,0.0,202388.21,0.0,202388.21,202388.21,202388.21,202388.21,0.0,0.0,0.0,0.0,0.0,0.0,,12.217947904697724,1.0,0,0,0.333,181677.03,135,2012,3
Hibiscus,2012-08-13,202388.21,NGN,NGN/MT,Historical (World Bank/FAOSTAT/NEPC),wholesale,National,,,0.7,False,"Synthetic historical — verified annual anchors, weekly interpolated",Synthetic (World Bank/FAO × FX),historical,True,Hard bound violation (synthetic),125724.68,157.5,160.55555555555554,97.0,11.4,12.5,0,1,0,0,1,0,1,1,0,0,1,0,0,0,0,1,0,1,1,0,-0.8660254037844384,-0.5000000000000004,-0.7485107481711011,-0.6631226582407952,0,1285.0,202388.21,202388.21,202388.21,202388.21,202388.21,202388.21,202388.21,202388.21,0.0,202388.21,0.0,202388.21,0.0,202388.21,0.0,202388.21,202388.21,202388.21,202388.21,0.0,0.0,0.0,0.0,0.0,0.0,,12.217947904697724,1.0,0,0,0.333,181677.03,136,2012,3
Hibiscus,2012-08-20,202388.21,NGN,NGN/MT,Historical (World Bank/FAOSTAT/NEPC),wholesale,National,,,0.7,False,"Synthetic historical — verified annual anchors, weekly interpolated",Synthetic (World Bank/FAO × FX),historical,True,Hard bound violation (synthetic),127506.04,157.5,160.55555555555554,97.0,11.4,12.5,0,1,0,0,1,0,1,1,0,0,1,0,0,0,0,1,0,0,1,0,-0.8660254037844384,-0.5000000000000004,-0.8229838658936564,-0.5680647467311559,0,1285.0,202388.21,202388.21,202388.21,202388.21,202388.21,202388.21,202388.21,202388.21,0.0,202388.21,0.0,202388.21,0.0,202388.21,0.0,202388.21,202388.21,202388.21,202388.21,0.0,0.0,0.0,0.0,0.0,0.0,,12.217947904697724,1.0,0,0,0.333,181677.03,137,2012,3
Hibiscus,2012-08-27,202388.21,NGN,NGN/MT,Historical (World Bank/FAOSTAT/NEPC),wholesale,National,,,0.7,False,"Synthetic historical — verified annual anchors, weekly interpolated",Synthetic (World Bank/FAO × FX),historical,True,Hard bound violation (synthetic),131892.21,157.5,160.55555555555554,97.0,11.4,12.5,0,1,0,0,1,0,1,1,0,0,1,0,0,0,0,1,0,0,1,0,-0.8660254037844384,-0.5000000000000004,-0.8854560256532096,-0.4647231720437691,0,1285.0,202388.21,202388.21,202388.21,202388.21,202388.21,202388.21,202388.21,202388.21,0.0,202388.21,0.0,202388.21,0.0,202388.21,0.0,202388.21,202388.21,202388.21,202388.21,0.0,0.0,0.0,0.0,0.0,0.0,,12.217947904697724,1.0,0,0,0.333,181677.03,138,2012,3
Hibiscus,2012-09-03,202388.21,NGN,NGN/MT,Historical (World Bank/FAOSTAT/NEPC),wholesale,National,,,0.7,False,"Synthetic historical — verified annual anchors, weekly interpolated",Synthetic (World Bank/FAO × FX),historical,True,Hard bound violation (synthetic),120384.26,157.5,160.55555555555554,97.0,11.4,12.5,0,1,0,0,1,1,0,0,0,0,0,0,0,0,0,1,0,0,0,0,-1.0,-1.8369701987210287e-16,-0.9350162426854148,-0.3546048870425359,0,1285.0,202388.21,202388.21,202388.21,202388.21,202388.21,202388.21,202388.21,202388.21,0.0,202388.21,0.0,202388.21,0.0,202388.21,0.0,202388.21,202388.21,202388.21,202388.21,0.0,0.0,0.0,0.0,0.0,0.0,,12.217947904697724,1.0,0,0,0.667,181677.03,139,2012,3
Hibiscus,2012-09-10,202388.21,NGN,NGN/MT,Historical (World Bank/FAOSTAT/NEPC),wholesale,National,,,0.7,False,"Synthetic historical — verified annual anchors, weekly interpolated",Synthetic (World Bank/FAO × FX),historical,True,Hard bound violation (synthetic),125852.97,157.5,160.55555555555554,97.0,11.4,12.5,0,1,0,0,1,1,0,0,0,0,0,0,0,0,0,1,0,0,0,0,-1.0,-1.8369701987210287e-16,-0.970941817426052,-0.2393156642875577,0,1285.0,202388.21,202388.21,202388.21,202388.21,202388.21,202388.21,202388.21,202388.21,0.0,202388.21,0.0,202388.21,0.0,202388.21,0.0,202388.21,202388.21,202388.21,202388.21,0.0,0.0,0.0,0.0,0.0,0.0,,12.217947904697724,1.0,0,0,0.667,181677.03,140,2012,3
Hibiscus,2012-09-17,202388.21,NGN,NGN/MT,Historical (World Bank/FAOSTAT/NEPC),wholesale,National,,,0.7,False,"Synthetic historical — verified annual anchors, weekly interpolated",Synthetic (World Bank/FAO × FX),historical,True,Hard bound violation (synthetic),129901.79,157.5,160.55555555555554,97.0,11.4,12.5,0,1,0,0,1,1,0,0,0,0,0,0,0,0,0,1,0,0,0,0,-1.0,-1.8369701987210287e-16,-0.992708874098054,-0.1205366802553235,0,1285.0,202388.21,202388.21,202388.21,202388.21,202388.21,202388.21,202388.21,202388.21,0.0,202388.21,0.0,202388.21,0.0,202388.21,0.0,202388.21,202388.21,202388.21,202388.21,0.0,0.0,0.0,0.0,0.0,0.0,,12.217947904697724,1.0,0,0,0.667,181677.03,141,2012,3
Hibiscus,2012-09-24,202388.21,NGN,NGN/MT,Historical (World Bank/FAOSTAT/NEPC),wholesale,National,,,0.7,False,"Synthetic historical — verified annual anchors, weekly interpolated",Synthetic (World Bank/FAO × FX),historical,True,Hard bound violation (synthetic),118971.94,157.5,160.55555555555554,97.0,11.4,12.5,0,1,0,0,1,1,0,0,0,0,0,0,0,0,0,1,0,0,0,0,-1.0,-1.8369701987210287e-16,-1.0,-1.8369701987210287e-16,0,1285.0,202388.21,202388.21,202388.21,202388.21,202388.21,202388.21,202388.21,202388.21,0.0,202388.21,0.0,202388.21,0.0,202388.21,0.0,202388.21,202388.21,202388.21,202388.21,0.0,0.0,0.0,0.0,0.0,0.0,,12.217947904697724,1.0,0,0,0.667,181677.03,142,2012,3
Hibiscus,2012-10-01,202388.21,NGN,NGN/MT,Historical (World Bank/FAOSTAT/NEPC),wholesale,National,,,0.7,False,"Synthetic historical — verified annual anchors, weekly interpolated",Synthetic (World Bank/FAO × FX),historical,True,Hard bound violation (synthetic),125692.38,157.5,160.55555555555554,97.0,11.4,12.5,0,1,0,0,0,1,0,0,0,1,0,1,0,1,1,1,1,0,0,0,-0.8660254037844386,0.5000000000000001,-0.992708874098054,0.1205366802553232,0,1285.0,202388.21,202388.21,202388.21,202388.21,202388.21,202388.21,202388.21,202388.21,0.0,202388.21,0.0,202388.21,0.0,202388.21,0.0,202388.21,202388.21,202388.21,202388.21,0.0,0.0,0.0,0.0,0.0,0.0,,12.217947904697724,1.0,0,0,1.0,181677.03,143,2012,4
Hibiscus,2012-10-08,202388.21,NGN,NGN/MT,Historical (World Bank/FAOSTAT/NEPC),wholesale,National,,,0.7,False,"Synthetic historical — verified annual anchors, weekly interpolated",Synthetic (World Bank/FAO × FX),historical,True,Hard bound violation (synthetic),125974.56,157.5,160.55555555555554,97.0,11.4,12.5,0,1,0,0,0,1,0,0,0,1,0,1,0,1,1,1,1,0,0,0,-0.8660254037844386,0.5000000000000001,-0.970941817426052,0.2393156642875573,0,1285.0,202388.21,202388.21,202388.21,202388.21,202388.21,202388.21,202388.21,202388.21,0.0,202388.21,0.0,202388.21,0.0,202388.21,0.0,202388.21,202388.21,202388.21,202388.21,0.0,0.0,0.0,0.0,0.0,0.0,,12.217947904697724,1.0,0,0,1.0,181677.03,144,2012,4
Hibiscus,2012-10-15,202388.21,NGN,NGN/MT,Historical (World Bank/FAOSTAT/NEPC),wholesale,National,,,0.7,False,"Synthetic historical — verified annual anchors, weekly interpolated",Synthetic (World Bank/FAO × FX),historical,True,Hard bound violation (synthetic),127931.84,157.5,160.55555555555554,97.0,11.4,12.5,0,1,0,0,0,1,0,0,0,1,0,1,0,1,1,1,1,0,0,0,-0.8660254037844386,0.5000000000000001,-0.9350162426854148,0.3546048870425355,0,1285.0,202388.21,202388.21,202388.21,202388.21,202388.21,202388.21,202388.21,202388.21,0.0,202388.21,0.0,202388.21,0.0,202388.21,0.0,202388.21,202388.21,202388.21,202388.21,0.0,0.0,0.0,0.0,0.0,0.0,,12.217947904697724,1.0,0,0,1.0,181677.03,145,2012,4
Hibiscus,2012-10-22,202388.21,NGN,NGN/MT,Historical (World Bank/FAOSTAT/NEPC),wholesale,National,,,0.7,False,"Synthetic historical — verified annual anchors, weekly interpolated",Synthetic (World Bank/FAO × FX),historical,True,Hard bound violation (synthetic),120361.43,157.5,160.55555555555554,97.0,11.4,12.5,0,1,0,0,0,1,0,0,0,1,0,1,0,1,1,1,1,0,0,0,-0.8660254037844386,0.5000000000000001,-0.8854560256532101,0.464723172043768,0,1285.0,202388.21,202388.21,202388.21,202388.21,202388.21,202388.21,202388.21,202388.21,0.0,202388.21,0.0,202388.21,0.0,202388.21,0.0,202388.21,202388.21,202388.21,202388.21,0.0,0.0,0.0,0.0,0.0,0.0,,12.217947904697724,1.0,0,0,1.0,181677.03,146,2012,4
Hibiscus,2012-10-29,202388.21,NGN,NGN/MT,Historical (World Bank/FAOSTAT/NEPC),wholesale,National,,,0.7,False,"Synthetic historical — verified annual anchors, weekly interpolated",Synthetic (World Bank/FAO × FX),historical,True,Hard bound violation (synthetic),120048.29,157.5,160.55555555555554,97.0,11.4,12.5,0,1,0,0,0,1,0,0,0,1,0,1,0,1,1,1,1,0,0,0,-0.8660254037844386,0.5000000000000001,-0.822983865893657,0.5680647467311548,0,1285.0,202388.21,202388.21,202388.21,202388.21,202388.21,202388.21,202388.21,202388.21,0.0,202388.21,0.0,202388.21,0.0,202388.21,0.0,202388.21,202388.21,202388.21,202388.21,0.0,0.0,0.0,0.0,0.0,0.0,,12.217947904697724,1.0,0,0,1.0,181677.03,147,2012,4
Hibiscus,2012-11-05,202388.21,NGN,NGN/MT,Historical (World Bank/FAOSTAT/NEPC),wholesale,National,,,0.7,False,"Synthetic historical — verified annual anchors, weekly interpolated",Synthetic (World Bank/FAO × FX),historical,True,Hard bound violation (synthetic),126957.28,157.5,160.55555555555554,97.0,11.4,12.5,1,0,0,0,0,1,0,0,0,1,0,1,1,1,1,0,1,0,0,0,-0.5000000000000004,0.8660254037844384,-0.7485107481711011,0.6631226582407952,1,1285.0,202388.21,202388.21,202388.21,202388.21,202388.21,202388.21,202388.21,202388.21,0.0,202388.21,0.0,202388.21,0.0,202388.21,0.0,202388.21,202388.21,202388.21,202388.21,0.0,0.0,0.0,0.0,0.0,0.0,,12.217947904697724,1.0,0,0,0.667,181677.03,148,2012,4
Hibiscus,2012-11-12,202388.21,NGN,NGN/MT,Historical (World Bank/FAOSTAT/NEPC),wholesale,National,,,0.7,False,"Synthetic historical — verified annual anchors, weekly interpolated",Synthetic (World Bank/FAO × FX),historical,True,Hard bound violation (synthetic),126113.69,157.5,160.55555555555554,97.0,11.4,12.5,1,0,0,0,0,1,0,0,0,1,0,1,1,1,1,0,1,0,0,0,-0.5000000000000004,0.8660254037844384,-0.6631226582407955,0.7485107481711007,1,1285.0,202388.21,202388.21,202388.21,202388.21,202388.21,202388.21,202388.21,202388.21,0.0,202388.21,0.0,202388.21,0.0,202388.21,0.0,202388.21,202388.21,202388.21,202388.21,0.0,0.0,0.0,0.0,0.0,0.0,,12.217947904697724,1.0,0,0,0.667,181677.03,149,2012,4
Hibiscus,2012-11-19,202388.21,NGN,NGN/MT,Historical (World Bank/FAOSTAT/NEPC),wholesale,National,,,0.7,False,"Synthetic historical — verified annual anchors, weekly interpolated",Synthetic (World Bank/FAO × FX),historical,True,Hard bound violation (synthetic),125939.35,157.5,160.55555555555554,97.0,11.4,12.5,1,0,0,0,0,1,0,0,0,1,0,1,1,1,1,0,1,0,0,0,-0.5000000000000004,0.8660254037844384,-0.5680647467311559,0.8229838658936564,1,1285.0,202388.21,202388.21,202388.21,202388.21,202388.21,202388.21,202388.21,202388.21,0.0,202388.21,0.0,202388.21,0.0,202388.21,0.0,202388.21,202388.21,202388.21,202388.21,0.0,0.0,0.0,0.0,0.0,0.0,,12.217947904697724,1.0,0,0,0.667,181677.03,150,2012,4
Hibiscus,2012-11-26,202388.21,NGN,NGN/MT,Historical (World Bank/FAOSTAT/NEPC),wholesale,National,,,0.7,False,"Synthetic historical — verified annual anchors, weekly interpolated",Synthetic (World Bank/FAO × FX),historical,True,Hard bound violation (synthetic),126299.18,157.5,160.55555555555554,97.0,11.4,12.5,1,0,0,0,0,1,0,0,0,1,0,1,1,1,1,0,1,0,0,0,-0.5000000000000004,0.8660254037844384,-0.4647231720437684,0.88545602565321,1,1285.0,202388.21,202388.21,202388.21,202388.21,202388.21,202388.21,202388.21,202388.21,0.0,202388.21,0.0,202388.21,0.0,202388.21,0.0,202388.21,202388.21,202388.21,202388.21,0.0,0.0,0.0,0.0,0.0,0.0,,12.217947904697724,1.0,0,0,0.667,181677.03,151,2012,4
Hibiscus,2012-12-03,202388.21,NGN,NGN/MT,Historical (World Bank/FAOSTAT/NEPC),wholesale,National,,,0.7,False,"Synthetic historical — verified annual anchors, weekly interpolated",Synthetic (World Bank/FAO × FX),historical,True,Hard bound violation (synthetic),120000.91,157.5,160.55555555555554,97.0,11.4,12.5,1,0,0,0,0,0,0,0,0,1,0,1,1,1,1,0,0,0,0,1,-2.4492935982947064e-16,1.0,-0.3546048870425359,0.9350162426854148,1,1285.0,202388.21,202388.21,202388.21,202388.21,202388.21,202388.21,202388.21,202388.21,0.0,202388.21,0.0,202388.21,0.0,202388.21,0.0,202388.21,202388.21,202388.21,202388.21,0.0,0.0,0.0,0.0,0.0,0.0,,12.217947904697724,1.0,0,0,0.333,181677.03,152,2012,4
Hibiscus,2012-12-10,202388.21,NGN,NGN/MT,Historical (World Bank/FAOSTAT/NEPC),wholesale,National,,,0.7,False,"Synthetic historical — verified annual anchors, weekly interpolated",Synthetic (World Bank/FAO × FX),historical,True,Hard bound violation (synthetic),123353.53,157.5,160.55555555555554,97.0,11.4,12.5,1,0,0,0,0,0,0,0,0,1,0,1,1,1,1,0,0,0,0,1,-2.4492935982947064e-16,1.0,-0.2393156642875578,0.970941817426052,1,1285.0,202388.21,202388.21,202388.21,202388.21,202388.21,202388.21,202388.21,202388.21,0.0,202388.21,0.0,202388.21,0.0,202388.21,0.0,202388.21,202388.21,202388.21,202388.21,0.0,0.0,0.0,0.0,0.0,0.0,,12.217947904697724,1.0,0,0,0.333,181677.03,153,2012,4
Hibiscus,2012-12-17,202388.21,NGN,NGN/MT,Historical (World Bank/FAOSTAT/NEPC),wholesale,National,,,0.7,False,"Synthetic historical — verified annual anchors, weekly interpolated",Synthetic (World Bank/FAO × FX),historical,True,Hard bound violation (synthetic),123577.04,157.5,160.55555555555554,97.0,11.4,12.5,1,0,0,0,0,0,0,0,0,1,0,1,1,1,1,0,0,0,0,1,-2.4492935982947064e-16,1.0,-0.1205366802553236,0.992708874098054,1,1285.0,202388.21,202388.21,202388.21,202388.21,202388.21,202388.21,202388.21,202388.21,0.0,202388.21,0.0,202388.21,0.0,202388.21,0.0,202388.21,202388.21,202388.21,202388.21,0.0,0.0,0.0,0.0,0.0,0.0,,12.217947904697724,1.0,0,0,0.333,181677.03,154,2012,4
Hibiscus,2012-12-24,202388.21,NGN,NGN/MT,Historical (World Bank/FAOSTAT/NEPC),wholesale,National,,,0.7,False,"Synthetic historical — verified annual anchors, weekly interpolated",Synthetic (World Bank/FAO × FX),historical,True,Hard bound violation (synthetic),119874.76,157.5,160.55555555555554,97.0,11.4,12.5,1,0,0,0,0,0,0,0,0,1,0,1,1,1,1,0,0,0,0,1,-2.4492935982947064e-16,1.0,6.432490598706546e-16,1.0,1,1285.0,202388.21,202388.21,202388.21,202388.21,202388.21,202388.21,202388.21,202388.21,0.0,202388.21,0.0,202388.21,0.0,202388.21,0.0,202388.21,202388.21,202388.21,202388.21,0.0,0.0,0.0,0.0,0.0,0.0,,12.217947904697724,1.0,0,0,0.333,181677.03,155,2012,4
Hibiscus,2012-12-31,202388.21,NGN,NGN/MT,Historical (World Bank/FAOSTAT/NEPC),wholesale,National,,,0.7,False,"Synthetic historical — verified annual anchors, weekly interpolated",Synthetic (World Bank/FAO × FX),historical,True,Hard bound violation (synthetic),129356.72,157.5,160.55555555555554,97.0,11.4,12.5,1,0,0,0,0,0,0,0,0,1,0,1,1,1,1,0,0,0,0,1,-2.4492935982947064e-16,1.0,0.120536680255323,0.992708874098054,1,1285.0,202388.21,202388.21,202388.21,202388.21,202388.21,202388.21,202388.21,202388.21,0.0,202388.21,0.0,202388.21,0.0,202388.21,0.0,202388.21,202388.21,202388.21,202388.21,0.0,0.0,0.0,0.0,0.0,0.0,,12.217947904697724,1.0,0,0,0.333,181677.03,156,2012,4
Hibiscus,2013-01-07,202388.21,NGN,NGN/MT,Historical (World Bank/FAOSTAT/NEPC),wholesale,National,,,0.7,False,"Synthetic historical — verified annual anchors, weekly interpolated",Synthetic (World Bank/FAO × FX),historical,True,Hard bound violation (synthetic),134890.59,157.31,160.55555555555554,97.0,11.4,12.5,1,0,0,0,0,0,0,0,0,1,0,0,1,0,0,0,0,0,0,1,0.4999999999999999,0.8660254037844387,0.2393156642875577,0.970941817426052,1,1286.56,202388.21,202388.21,202388.21,202388.21,202388.21,202388.21,202388.21,202388.21,0.0,202388.21,0.0,202388.21,0.0,202388.21,0.0,202388.21,202388.21,202388.21,202388.21,0.0,0.0,0.0,0.0,0.0,0.0,,12.217947904697724,1.0,0,0,0.0,181677.03,157,2013,1
Hibiscus,2013-01-14,202388.21,NGN,NGN/MT,Historical (World Bank/FAOSTAT/NEPC),wholesale,National,,,0.7,False,"Synthetic historical — verified annual anchors, weekly interpolated",Synthetic (World Bank/FAO × FX),historical,True,Hard bound violation (synthetic),128246.7,157.31,160.55555555555554,97.0,11.4,12.5,1,0,0,0,0,0,0,0,0,1,0,0,1,0,0,0,0,0,0,1,0.4999999999999999,0.8660254037844387,0.3546048870425356,0.9350162426854148,1,1286.56,202388.21,202388.21,202388.21,202388.21,202388.21,202388.21,202388.21,202388.21,0.0,202388.21,0.0,202388.21,0.0,202388.21,0.0,202388.21,202388.21,202388.21,202388.21,0.0,0.0,0.0,0.0,0.0,0.0,,12.217947904697724,1.0,0,0,0.0,181677.03,158,2013,1
Hibiscus,2013-01-21,202388.21,NGN,NGN/MT,Historical (World Bank/FAOSTAT/NEPC),wholesale,National,,,0.7,False,"Synthetic historical — verified annual anchors, weekly interpolated",Synthetic (World Bank/FAO × FX),historical,True,Hard bound violation (synthetic),135619.65,157.31,160.55555555555554,97.0,11.4,12.5,1,0,0,0,0,0,0,0,0,1,0,0,1,0,0,0,0,0,0,1,0.4999999999999999,0.8660254037844387,0.4647231720437685,0.8854560256532099,1,1286.56,202388.21,202388.21,202388.21,202388.21,202388.21,202388.21,202388.21,202388.21,0.0,202388.21,0.0,202388.21,0.0,202388.21,0.0,202388.21,202388.21,202388.21,202388.21,0.0,0.0,0.0,0.0,0.0,0.0,,12.217947904697724,1.0,0,0,0.0,181677.03,159,2013,1
Hibiscus,2013-01-28,202388.21,NGN,NGN/MT,Historical (World Bank/FAOSTAT/NEPC),wholesale,National,,,0.7,False,"Synthetic historical — verified annual anchors, weekly interpolated",Synthetic (World Bank/FAO × FX),historical,True,Hard bound violation (synthetic),129111.02,157.31,160.55555555555554,97.0,11.4,12.5,1,0,0,0,0,0,0,0,0,1,0,0,1,0,0,0,0,0,0,1,0.4999999999999999,0.8660254037844387,0.5680647467311558,0.8229838658936564,1,1286.56,202388.21,202388.21,202388.21,202388.21,202388.21,202388.21,202388.21,202388.21,0.0,202388.21,0.0,202388.21,0.0,202388.21,0.0,202388.21,202388.21,202388.21,202388.21,0.0,0.0,0.0,0.0,0.0,0.0,,12.217947904697724,1.0,0,0,0.0,181677.03,160,2013,1
Hibiscus,2013-02-04,202388.21,NGN,NGN/MT,Historical (World Bank/FAOSTAT/NEPC),wholesale,National,,,0.7,False,"Synthetic historical — verified annual anchors, weekly interpolated",Synthetic (World Bank/FAO × FX),historical,True,Hard bound violation (synthetic),136140.47,157.31,160.55555555555554,97.0,11.4,12.5,1,0,0,0,0,0,0,0,1,1,0,0,1,0,0,0,0,0,0,0,0.8660254037844386,0.5000000000000001,0.6631226582407952,0.7485107481711011,1,1286.56,202388.21,202388.21,202388.21,202388.21,202388.21,202388.21,202388.21,202388.21,0.0,202388.21,0.0,202388.21,0.0,202388.21,0.0,202388.21,202388.21,202388.21,202388.21,0.0,0.0,0.0,0.0,0.0,0.0,,12.217947904697724,1.0,0,0,0.0,181677.03,161,2013,1
Hibiscus,2013-02-11,202388.21,NGN,NGN/MT,Historical (World Bank/FAOSTAT/NEPC),wholesale,National,,,0.7,False,"Synthetic historical — verified annual anchors, weekly interpolated",Synthetic (World Bank/FAO × FX),historical,True,Hard bound violation (synthetic),137622.8,157.31,160.55555555555554,97.0,11.4,12.5,1,0,0,0,0,0,0,0,1,1,0,0,1,0,0,0,0,0,0,0,0.8660254037844386,0.5000000000000001,0.7485107481711011,0.6631226582407953,1,1286.56,202388.21,202388.21,202388.21,202388.21,202388.21,202388.21,202388.21,202388.21,0.0,202388.21,0.0,202388.21,0.0,202388.21,0.0,202388.21,202388.21,202388.21,202388.21,0.0,0.0,0.0,0.0,0.0,0.0,,12.217947904697724,1.0,0,0,0.0,181677.03,162,2013,1
Hibiscus,2013-02-18,202388.21,NGN,NGN/MT,Historical (World Bank/FAOSTAT/NEPC),wholesale,National,,,0.7,False,"Synthetic historical — verified annual anchors, weekly interpolated",Synthetic (World Bank/FAO × FX),historical,True,Hard bound violation (synthetic),129725.48,157.31,160.55555555555554,97.0,11.4,12.5,1,0,0,0,0,0,0,0,1,1,0,0,1,0,0,0,0,0,0,0,0.8660254037844386,0.5000000000000001,0.8229838658936564,0.5680647467311559,1,1286.56,202388.21,202388.21,202388.21,202388.21,202388.21,202388.21,202388.21,202388.21,0.0,202388.21,0.0,202388.21,0.0,202388.21,0.0,202388.21,202388.21,202388.21,202388.21,0.0,0.0,0.0,0.0,0.0,0.0,,12.217947904697724,1.0,0,0,0.0,181677.03,163,2013,1
Hibiscus,2013-02-25,202388.21,NGN,NGN/MT,Historical (World Bank/FAOSTAT/NEPC),wholesale,National,,,0.7,False,"Synthetic historical — verified annual anchors, weekly interpolated",Synthetic (World Bank/FAO × FX),historical,True,Hard bound violation (synthetic),136843.87,157.31,160.55555555555554,97.0,11.4,12.5,1,0,0,0,0,0,0,0,1,1,0,0,1,0,0,0,0,0,0,0,0.8660254037844386,0.5000000000000001,0.8854560256532099,0.4647231720437686,1,1286.56,202388.21,202388.21,202388.21,202388.21,202388.21,202388.21,202388.21,202388.21,0.0,202388.21,0.0,202388.21,0.0,202388.21,0.0,202388.21,202388.21,202388.21,202388.21,0.0,0.0,0.0,0.0,0.0,0.0,,12.217947904697724,1.0,0,0,0.0,181677.03,164,2013,1
Hibiscus,2013-03-04,202388.21,NGN,NGN/MT,Historical (World Bank/FAOSTAT/NEPC),wholesale,National,,,0.7,False,"Synthetic historical — verified annual anchors, weekly interpolated",Synthetic (World Bank/FAO × FX),historical,True,Hard bound violation (synthetic),137481.67,157.31,160.55555555555554,97.0,11.4,12.5,1,0,0,1,0,0,0,0,1,1,0,0,0,0,0,0,0,0,0,0,1.0,6.123233995736766e-17,0.9350162426854148,0.3546048870425355,0,1286.56,202388.21,202388.21,202388.21,202388.21,202388.21,202388.21,202388.21,202388.21,0.0,202388.21,0.0,202388.21,0.0,202388.21,0.0,202388.21,202388.21,202388.21,202388.21,0.0,0.0,0.0,0.0,0.0,0.0,,12.217947904697724,1.0,0,0,0.0,181677.03,165,2013,1
Hibiscus,2013-03-11,202388.21,NGN,NGN/MT,Historical (World Bank/FAOSTAT/NEPC),wholesale,National,,,0.7,False,"Synthetic historical — verified annual anchors, weekly interpolated",Synthetic (World Bank/FAO × FX),historical,True,Hard bound violation (synthetic),139149.07,157.31,160.55555555555554,97.0,11.4,12.5,1,0,0,1,0,0,0,0,1,1,0,0,0,0,0,0,0,0,0,0,1.0,6.123233995736766e-17,0.970941817426052,0.239315664287558,0,1286.56,202388.21,202388.21,202388.21,202388.21,202388.21,202388.21,202388.21,202388.21,0.0,202388.21,0.0,202388.21,0.0,202388.21,0.0,202388.21,202388.21,202388.21,202388.21,0.0,0.0,0.0,0.0,0.0,0.0,,12.217947904697724,1.0,0,0,0.0,181677.03,166,2013,1
Hibiscus,2013-03-18,202388.21,NGN,NGN/MT,Historical (World Bank/FAOSTAT/NEPC),wholesale,National,,,0.7,False,"Synthetic historical — verified annual anchors, weekly interpolated",Synthetic (World Bank/FAO × FX),historical,True,Hard bound violation (synthetic),143527.53,157.31,160.55555555555554,97.0,11.4,12.5,1,0,0,1,0,0,0,0,1,1,0,0,0,0,0,0,0,0,0,0,1.0,6.123233995736766e-17,0.992708874098054,0.120536680255323,0,1286.56,202388.21,202388.21,202388.21,202388.21,202388.21,202388.21,202388.21,202388.21,0.0,202388.21,0.0,202388.21,0.0,202388.21,0.0,202388.21,202388.21,202388.21,202388.21,0.0,0.0,0.0,0.0,0.0,0.0,,12.217947904697724,1.0,0,0,0.0,181677.03,167,2013,1
Hibiscus,2013-03-25,202388.21,NGN,NGN/MT,Historical (World Bank/FAOSTAT/NEPC),wholesale,National,,,0.7,False,"Synthetic historical — verified annual anchors, weekly interpolated",Synthetic (World Bank/FAO × FX),historical,True,Hard bound violation (synthetic),134800.29,157.31,160.55555555555554,97.0,11.4,12.5,1,0,0,1,0,0,0,0,1,1,0,0,0,0,0,0,0,0,0,0,1.0,6.123233995736766e-17,1.0,-1.6081226496766364e-16,0,1286.56,202388.21,202388.21,202388.21,202388.21,202388.21,202388.21,202388.21,202388.21,0.0,202388.21,0.0,202388.21,0.0,202388.21,0.0,202388.21,202388.21,202388.21,202388.21,0.0,0.0,0.0,0.0,0.0,0.0,,12.217947904697724,1.0,0,0,0.0,181677.03,168,2013,1
Hibiscus,2013-04-01,202388.21,NGN,NGN/MT,Historical (World Bank/FAOSTAT/NEPC),wholesale,National,,,0.7,False,"Synthetic historical — verified annual anchors, weekly interpolated",Synthetic (World Bank/FAO × FX),historical,True,Hard bound violation (synthetic),136834.31,157.31,160.55555555555554,97.0,11.4,12.5,0,1,1,1,0,0,0,0,1,0,0,0,0,0,0,0,0,0,0,0,0.8660254037844387,-0.4999999999999998,0.992708874098054,-0.1205366802553228,0,1286.56,202388.21,202388.21,202388.21,202388.21,202388.21,202388.21,202388.21,202388.21,0.0,202388.21,0.0,202388.21,0.0,202388.21,0.0,202388.21,202388.21,202388.21,202388.21,0.0,0.0,0.0,0.0,0.0,0.0,,12.217947904697724,1.0,0,0,0.333,181677.03,169,2013,2
Hibiscus,2013-04-08,202388.21,NGN,NGN/MT,Historical (World Bank/FAOSTAT/NEPC),wholesale,National,,,0.7,False,"Synthetic historical — verified annual anchors, weekly interpolated",Synthetic (World Bank/FAO × FX),historical,True,Hard bound violation (synthetic),136264.04,157.31,160.55555555555554,97.0,11.4,12.5,0,1,1,1,0,0,0,0,1,0,0,0,0,0,0,0,0,0,0,0,0.8660254037844387,-0.4999999999999998,0.970941817426052,-0.2393156642875575,0,1286.56,202388.21,202388.21,202388.21,202388.21,202388.21,202388.21,202388.21,202388.21,0.0,202388.21,0.0,202388.21,0.0,202388.21,0.0,202388.21,202388.21,202388.21,202388.21,0.0,0.0,0.0,0.0,0.0,0.0,,12.217947904697724,1.0,0,0,0.333,181677.03,170,2013,2
Hibiscus,2013-04-15,202388.21,NGN,NGN/MT,Historical (World Bank/FAOSTAT/NEPC),wholesale,National,,,0.7,False,"Synthetic historical — verified annual anchors, weekly interpolated",Synthetic (World Bank/FAO × FX),historical,True,Hard bound violation (synthetic),136573.6,157.31,160.55555555555554,97.0,11.4,12.5,0,1,1,1,0,0,0,0,1,0,0,0,0,0,0,0,0,0,0,0,0.8660254037844387,-0.4999999999999998,0.9350162426854148,-0.3546048870425354,0,1286.56,202388.21,202388.21,202388.21,202388.21,202388.21,202388.21,202388.21,202388.21,0.0,202388.21,0.0,202388.21,0.0,202388.21,0.0,202388.21,202388.21,202388.21,202388.21,0.0,0.0,0.0,0.0,0.0,0.0,,12.217947904697724,1.0,0,0,0.333,181677.03,171,2013,2
Hibiscus,2013-04-22,202388.21,NGN,NGN/MT,Historical (World Bank/FAOSTAT/NEPC),wholesale,National,,,0.7,False,"Synthetic historical — verified annual anchors, weekly interpolated",Synthetic (World Bank/FAO × FX),historical,True,Hard bound violation (synthetic),139676.17,157.31,160.55555555555554,97.0,11.4,12.5,0,1,1,1,0,0,0,0,1,0,0,0,0,0,0,0,0,0,0,0,0.8660254037844387,-0.4999999999999998,0.8854560256532099,-0.4647231720437685,0,1286.56,202388.21,202388.21,202388.21,202388.21,202388.21,202388.21,202388.21,202388.21,0.0,202388.21,0.0,202388.21,0.0,202388.21,0.0,202388.21,202388.21,202388.21,202388.21,0.0,0.0,0.0,0.0,0.0,0.0,,12.217947904697724,1.0,0,0,0.333,181677.03,172,2013,2
Hibiscus,2013-04-29,202388.21,NGN,NGN/MT,Historical (World Bank/FAOSTAT/NEPC),wholesale,National,,,0.7,False,"Synthetic historical — verified annual anchors, weekly interpolated",Synthetic (World Bank/FAO × FX),historical,True,Hard bound violation (synthetic),141432.84,157.31,160.55555555555554,97.0,11.4,12.5,0,1,1,1,0,0,0,0,1,0,0,0,0,0,0,0,0,0,0,0,0.8660254037844387,-0.4999999999999998,0.8229838658936565,-0.5680647467311557,0,1286.56,202388.21,202388.21,202388.21,202388.21,202388.21,202388.21,202388.21,202388.21,0.0,202388.21,0.0,202388.21,0.0,202388.21,0.0,202388.21,202388.21,202388.21,202388.21,0.0,0.0,0.0,0.0,0.0,0.0,,12.217947904697724,1.0,0,0,0.333,181677.03,173,2013,2
Hibiscus,2013-05-06,202388.21,NGN,NGN/MT,Historical (World Bank/FAOSTAT/NEPC),wholesale,National,,,0.7,False,"Synthetic historical — verified annual anchors, weekly interpolated",Synthetic (World Bank/FAO × FX),historical,True,Hard bound violation (synthetic),143985.34,157.31,160.55555555555554,97.0,11.4,12.5,0,1,1,1,0,0,0,0,1,0,1,0,0,0,0,0,0,0,0,0,0.4999999999999999,-0.8660254037844387,0.7485107481711013,-0.663122658240795,0,1286.56,202388.21,202388.21,202388.21,202388.21,202388.21,202388.21,202388.21,202388.21,0.0,202388.21,0.0,202388.21,0.0,202388.21,0.0,202388.21,202388.21,202388.21,202388.21,0.0,0.0,0.0,0.0,0.0,0.0,,12.217947904697724,1.0,0,0,0.333,181677.03,174,2013,2
Hibiscus,2013-05-13,202388.21,NGN,NGN/MT,Historical (World Bank/FAOSTAT/NEPC),wholesale,National,,,0.7,False,"Synthetic historical — verified annual anchors, weekly interpolated",Synthetic (World Bank/FAO × FX),historical,True,Hard bound violation (synthetic),146343.65,157.31,160.55555555555554,97.0,11.4,12.5,0,1,1,1,0,0,0,0,1,0,1,0,0,0,0,0,0,0,0,0,0.4999999999999999,-0.8660254037844387,0.6631226582407952,-0.7485107481711012,0,1286.56,202388.21,202388.21,202388.21,202388.21,202388.21,202388.21,202388.21,202388.21,0.0,202388.21,0.0,202388.21,0.0,202388.21,0.0,202388.21,202388.21,202388.21,202388.21,0.0,0.0,0.0,0.0,0.0,0.0,,12.217947904697724,1.0,0,0,0.333,181677.03,175,2013,2
Hibiscus,2013-05-20,202388.21,NGN,NGN/MT,Historical (World Bank/FAOSTAT/NEPC),wholesale,National,,,0.7,False,"Synthetic historical — verified annual anchors, weekly interpolated",Synthetic (World Bank/FAO × FX),historical,True,Hard bound violation (synthetic),142855.7,157.31,160.55555555555554,97.0,11.4,12.5,0,1,1,1,0,0,0,0,1,0,1,0,0,0,0,0,0,0,0,0,0.4999999999999999,-0.8660254037844387,0.5680647467311558,-0.8229838658936564,0,1286.56,202388.21,202388.21,202388.21,202388.21,202388.21,202388.21,202388.21,202388.21,0.0,202388.21,0.0,202388.21,0.0,202388.21,0.0,202388.21,202388.21,202388.21,202388.21,0.0,0.0,0.0,0.0,0.0,0.0,,12.217947904697724,1.0,0,0,0.333,181677.03,176,2013,2
Hibiscus,2013-05-27,202388.21,NGN,NGN/MT,Historical (World Bank/FAOSTAT/NEPC),wholesale,National,,,0.7,False,"Synthetic historical — verified annual anchors, weekly interpolated",Synthetic (World Bank/FAO × FX),historical,True,Hard bound violation (synthetic),149026.94,157.31,160.55555555555554,97.0,11.4,12.5,0,1,1,1,0,0,0,0,1,0,1,0,0,0,0,0,0,0,0,0,0.4999999999999999,-0.8660254037844387,0.464723172043769,-0.8854560256532096,0,1286.56,202388.21,202388.21,202388.21,202388.21,202388.21,202388.21,202388.21,202388.21,0.0,202388.21,0.0,202388.21,0.0,202388.21,0.0,202388.21,202388.21,202388.21,202388.21,0.0,0.0,0.0,0.0,0.0,0.0,,12.217947904697724,1.0,0,0,0.333,181677.03,177,2013,2
Hibiscus,2013-06-03,202388.21,NGN,NGN/MT,Historical (World Bank/FAOSTAT/NEPC),wholesale,National,,,0.7,False,"Synthetic historical — verified annual anchors, weekly interpolated",Synthetic (World Bank/FAO × FX),historical,True,Hard bound violation (synthetic),145832.86,157.31,160.55555555555554,97.0,11.4,12.5,0,1,1,0,0,0,0,1,0,0,1,0,0,0,0,0,0,0,1,0,1.2246467991473532e-16,-1.0,0.3546048870425358,-0.9350162426854148,0,1286.56,202388.21,202388.21,202388.21,202388.21,202388.21,202388.21,202388.21,202388.21,0.0,202388.21,0.0,202388.21,0.0,202388.21,0.0,202388.21,202388.21,202388.21,202388.21,0.0,0.0,0.0,0.0,0.0,0.0,,12.217947904697724,1.0,0,0,0.333,181677.03,178,2013,2
Hibiscus,2013-06-10,202388.21,NGN,NGN/MT,Historical (World Bank/FAOSTAT/NEPC),wholesale,National,,,0.7,False,"Synthetic historical — verified annual anchors, weekly interpolated",Synthetic (World Bank/FAO × FX),historical,True,Hard bound violation (synthetic),158995.95,157.31,160.55555555555554,97.0,11.4,12.5,0,1,1,0,0,0,0,1,0,0,1,0,0,0,0,0,0,0,1,0,1.2246467991473532e-16,-1.0,0.2393156642875576,-0.970941817426052,0,1286.56,202388.21,202388.21,202388.21,202388.21,202388.21,202388.21,202388.21,202388.21,0.0,202388.21,0.0,202388.21,0.0,202388.21,0.0,202388.21,202388.21,202388.21,202388.21,0.0,0.0,0.0,0.0,0.0,0.0,,12.217947904697724,1.0,0,0,0.333,181677.03,179,2013,2
Hibiscus,2013-06-17,202388.21,NGN,NGN/MT,Historical (World Bank/FAOSTAT/NEPC),wholesale,National,,,0.7,False,"Synthetic historical — verified annual anchors, weekly interpolated",Synthetic (World Bank/FAO × FX),historical,True,Hard bound violation (synthetic),149759.19,157.31,160.55555555555554,97.0,11.4,12.5,0,1,1,0,0,0,0,1,0,0,1,0,0,0,0,0,0,0,1,0,1.2246467991473532e-16,-1.0,0.120536680255323,-0.992708874098054,0,1286.56,202388.21,202388.21,202388.21,202388.21,202388.21,202388.21,202388.21,202388.21,0.0,202388.21,0.0,202388.21,0.0,202388.21,0.0,202388.21,202388.21,202388.21,202388.21,0.0,0.0,0.0,0.0,0.0,0.0,,12.217947904697724,1.0,0,0,0.333,181677.03,180,2013,2
Hibiscus,2013-06-24,202388.21,NGN,NGN/MT,Historical (World Bank/FAOSTAT/NEPC),wholesale,National,,,0.7,False,"Synthetic historical — verified annual anchors, weekly interpolated",Synthetic (World Bank/FAO × FX),historical,True,Hard bound violation (synthetic),143219.94,157.31,160.55555555555554,97.0,11.4,12.5,0,1,1,0,0,0,0,1,0,0,1,0,0,0,0,0,0,0,1,0,1.2246467991473532e-16,-1.0,-3.216245299353273e-16,-1.0,0,1286.56,202388.21,202388.21,202388.21,202388.21,202388.21,202388.21,202388.21,202388.21,0.0,202388.21,0.0,202388.21,0.0,202388.21,0.0,202388.21,202388.21,202388.21,202388.21,0.0,0.0,0.0,0.0,0.0,0.0,,12.217947904697724,1.0,0,0,0.333,181677.03,181,2013,2
Hibiscus,2013-07-01,202388.21,NGN,NGN/MT,Historical (World Bank/FAOSTAT/NEPC),wholesale,National,,,0.7,False,"Synthetic historical — verified annual anchors, weekly interpolated",Synthetic (World Bank/FAO × FX),historical,True,Hard bound violation (synthetic),142277.36,157.31,160.55555555555554,97.0,11.4,12.5,0,1,1,0,0,0,1,1,0,0,1,0,0,0,0,0,0,0,1,0,-0.4999999999999997,-0.8660254037844388,-0.1205366802553228,-0.992708874098054,0,1286.56,202388.21,202388.21,202388.21,202388.21,202388.21,202388.21,202388.21,202388.21,0.0,202388.21,0.0,202388.21,0.0,202388.21,0.0,202388.21,202388.21,202388.21,202388.21,0.0,0.0,0.0,0.0,0.0,0.0,,12.217947904697724,1.0,0,0,0.333,181677.03,182,2013,3
Hibiscus,2013-07-08,202388.21,NGN,NGN/MT,Historical (World Bank/FAOSTAT/NEPC),wholesale,National,,,0.7,False,"Synthetic historical — verified annual anchors, weekly interpolated",Synthetic (World Bank/FAO × FX),historical,True,Hard bound violation (synthetic),149127.7,157.31,160.55555555555554,97.0,11.4,12.5,0,1,1,0,0,0,1,1,0,0,1,0,0,0,0,0,0,0,1,0,-0.4999999999999997,-0.8660254037844388,-0.2393156642875574,-0.970941817426052,0,1286.56,202388.21,202388.21,202388.21,202388.21,202388.21,202388.21,202388.21,202388.21,0.0,202388.21,0.0,202388.21,0.0,202388.21,0.0,202388.21,202388.21,202388.21,202388.21,0.0,0.0,0.0,0.0,0.0,0.0,,12.217947904697724,1.0,0,0,0.333,181677.03,183,2013,3
Hibiscus,2013-07-15,202388.21,NGN,NGN/MT,Historical (World Bank/FAOSTAT/NEPC),wholesale,National,,,0.7,False,"Synthetic historical — verified annual anchors, weekly interpolated",Synthetic (World Bank/FAO × FX),historical,True,Hard bound violation (synthetic),146014.53,157.31,160.55555555555554,97.0,11.4,12.5,0,1,1,0,0,0,1,1,0,0,1,0,0,0,0,0,0,1,1,0,-0.4999999999999997,-0.8660254037844388,-0.3546048870425356,-0.9350162426854148,0,1286.56,202388.21,202388.21,202388.21,202388.21,202388.21,202388.21,202388.21,202388.21,0.0,202388.21,0.0,202388.21,0.0,202388.21,0.0,202388.21,202388.21,202388.21,202388.21,0.0,0.0,0.0,0.0,0.0,0.0,,12.217947904697724,1.0,0,0,0.333,181677.03,184,2013,3
Hibiscus,2013-07-22,202388.21,NGN,NGN/MT,Historical (World Bank/FAOSTAT/NEPC),wholesale,National,,,0.7,False,"Synthetic historical — verified annual anchors, weekly interpolated",Synthetic (World Bank/FAO × FX),historical,True,Hard bound violation (synthetic),150148.74,157.31,160.55555555555554,97.0,11.4,12.5,0,1,1,0,0,0,1,1,0,0,1,0,0,0,0,0,0,1,1,0,-0.4999999999999997,-0.8660254037844388,-0.464723172043768,-0.8854560256532101,0,1286.56,202388.21,202388.21,202388.21,202388.21,202388.21,202388.21,202388.21,202388.21,0.0,202388.21,0.0,202388.21,0.0,202388.21,0.0,202388.21,202388.21,202388.21,202388.21,0.0,0.0,0.0,0.0,0.0,0.0,,12.217947904697724,1.0,0,0,0.333,181677.03,185,2013,3
Hibiscus,2013-07-29,202388.21,NGN,NGN/MT,Historical (World Bank/FAOSTAT/NEPC),wholesale,National,,,0.7,False,"Synthetic historical — verified annual anchors, weekly interpolated",Synthetic (World Bank/FAO × FX),historical,True,Hard bound violation (synthetic),149086.98,157.31,160.55555555555554,97.0,11.4,12.5,0,1,1,0,0,0,1,1,0,0,1,0,0,0,0,0,0,1,1,0,-0.4999999999999997,-0.8660254037844388,-0.5680647467311556,-0.8229838658936565,0,1286.56,202388.21,202388.21,202388.21,202388.21,202388.21,202388.21,202388.21,202388.21,0.0,202388.21,0.0,202388.21,0.0,202388.21,0.0,202388.21,202388.21,202388.21,202388.21,0.0,0.0,0.0,0.0,0.0,0.0,,12.217947904697724,1.0,0,0,0.333,181677.03,186,2013,3
Hibiscus,2013-08-05,202388.21,NGN,NGN/MT,Historical (World Bank/FAOSTAT/NEPC),wholesale,National,,,0.7,False,"Synthetic historical — verified annual anchors, weekly interpolated",Synthetic (World Bank/FAO × FX),historical,True,Hard bound violation (synthetic),143884.94,157.31,160.55555555555554,97.0,11.4,12.5,0,1,0,0,1,0,1,1,0,0,1,0,0,0,0,1,0,1,1,0,-0.8660254037844384,-0.5000000000000004,-0.663122658240795,-0.7485107481711013,0,1286.56,202388.21,202388.21,202388.21,202388.21,202388.21,202388.21,202388.21,202388.21,0.0,202388.21,0.0,202388.21,0.0,202388.21,0.0,202388.21,202388.21,202388.21,202388.21,0.0,0.0,0.0,0.0,0.0,0.0,,12.217947904697724,1.0,0,0,0.333,181677.03,187,2013,3
Hibiscus,2013-08-12,202388.21,NGN,NGN/MT,Historical (World Bank/FAOSTAT/NEPC),wholesale,National,,,0.7,False,"Synthetic historical — verified annual anchors, weekly interpolated",Synthetic (World Bank/FAO × FX),historical,True,Hard bound violation (synthetic),140536.77,157.31,160.55555555555554,97.0,11.4,12.5,0,1,0,0,1,0,1,1,0,0,1,0,0,0,0,1,0,0,1,0,-0.8660254037844384,-0.5000000000000004,-0.7485107481711011,-0.6631226582407952,0,1286.56,202388.21,202388.21,202388.21,202388.21,202388.21,202388.21,202388.21,202388.21,0.0,202388.21,0.0,202388.21,0.0,202388.21,0.0,202388.21,202388.21,202388.21,202388.21,0.0,0.0,0.0,0.0,0.0,0.0,,12.217947904697724,1.0,0,0,0.333,181677.03,188,2013,3
Hibiscus,2013-08-19,202388.21,NGN,NGN/MT,Historical (World Bank/FAOSTAT/NEPC),wholesale,National,,,0.7,False,"Synthetic historical — verified annual anchors, weekly interpolated",Synthetic (World Bank/FAO × FX),historical,True,Hard bound violation (synthetic),137646.77,157.31,160.55555555555554,97.0,11.4,12.5,0,1,0,0,1,0,1,1,0,0,1,0,0,0,0,1,0,0,1,0,-0.8660254037844384,-0.5000000000000004,-0.8229838658936564,-0.5680647467311559,0,1286.56,202388.21,202388.21,202388.21,202388.21,202388.21,202388.21,202388.21,202388.21,0.0,202388.21,0.0,202388.21,0.0,202388.21,0.0,202388.21,202388.21,202388.21,202388.21,0.0,0.0,0.0,0.0,0.0,0.0,,12.217947904697724,1.0,0,0,0.333,181677.03,189,2013,3
Hibiscus,2013-08-26,202388.21,NGN,NGN/MT,Historical (World Bank/FAOSTAT/NEPC),wholesale,National,,,0.7,False,"Synthetic historical — verified annual anchors, weekly interpolated",Synthetic (World Bank/FAO × FX),historical,True,Hard bound violation (synthetic),142268.38,157.31,160.55555555555554,97.0,11.4,12.5,0,1,0,0,1,0,1,1,0,0,1,0,0,0,0,1,0,0,1,0,-0.8660254037844384,-0.5000000000000004,-0.8854560256532096,-0.4647231720437691,0,1286.56,202388.21,202388.21,202388.21,202388.21,202388.21,202388.21,202388.21,202388.21,0.0,202388.21,0.0,202388.21,0.0,202388.21,0.0,202388.21,202388.21,202388.21,202388.21,0.0,0.0,0.0,0.0,0.0,0.0,,12.217947904697724,1.0,0,0,0.333,181677.03,190,2013,3
Hibiscus,2013-09-02,202388.21,NGN,NGN/MT,Historical (World Bank/FAOSTAT/NEPC),wholesale,National,,,0.7,False,"Synthetic historical — verified annual anchors, weekly interpolated",Synthetic (World Bank/FAO × FX),historical,True,Hard bound violation (synthetic),143596.87,157.31,160.55555555555554,97.0,11.4,12.5,0,1,0,0,1,1,0,0,0,0,0,0,0,0,0,1,0,0,0,0,-1.0,-1.8369701987210287e-16,-0.9350162426854148,-0.3546048870425359,0,1286.56,202388.21,202388.21,202388.21,202388.21,202388.21,202388.21,202388.21,202388.21,0.0,202388.21,0.0,202388.21,0.0,202388.21,0.0,202388.21,202388.21,202388.21,202388.21,0.0,0.0,0.0,0.0,0.0,0.0,,12.217947904697724,1.0,0,0,0.667,181677.03,191,2013,3
Hibiscus,2013-09-09,202388.21,NGN,NGN/MT,Historical (World Bank/FAOSTAT/NEPC),wholesale,National,,,0.7,False,"Synthetic historical — verified annual anchors, weekly interpolated",Synthetic (World Bank/FAO × FX),historical,True,Hard bound violation (synthetic),140899.19,157.31,160.55555555555554,97.0,11.4,12.5,0,1,0,0,1,1,0,0,0,0,0,0,0,0,0,1,0,0,0,0,-1.0,-1.8369701987210287e-16,-0.970941817426052,-0.2393156642875577,0,1286.56,202388.21,202388.21,202388.21,202388.21,202388.21,202388.21,202388.21,202388.21,0.0,202388.21,0.0,202388.21,0.0,202388.21,0.0,202388.21,202388.21,202388.21,202388.21,0.0,0.0,0.0,0.0,0.0,0.0,,12.217947904697724,1.0,0,0,0.667,181677.03,192,2013,3
Hibiscus,2013-09-16,202388.21,NGN,NGN/MT,Historical (World Bank/FAOSTAT/NEPC),wholesale,National,,,0.7,False,"Synthetic historical — verified annual anchors, weekly interpolated",Synthetic (World Bank/FAO × FX),historical,True,Hard bound violation (synthetic),134767.9,157.31,160.55555555555554,97.0,11.4,12.5,0,1,0,0,1,1,0,0,0,0,0,0,0,0,0,1,0,0,0,0,-1.0,-1.8369701987210287e-16,-0.992708874098054,-0.1205366802553235,0,1286.56,202388.21,202388.21,202388.21,202388.21,202388.21,202388.21,202388.21,202388.21,0.0,202388.21,0.0,202388.21,0.0,202388.21,0.0,202388.21,202388.21,202388.21,202388.21,0.0,0.0,0.0,0.0,0.0,0.0,,12.217947904697724,1.0,0,0,0.667,181677.03,193,2013,3
Hibiscus,2013-09-23,202388.21,NGN,NGN/MT,Historical (World Bank/FAOSTAT/NEPC),wholesale,National,,,0.7,False,"Synthetic historical — verified annual anchors, weekly interpolated",Synthetic (World Bank/FAO × FX),historical,True,Hard bound violation (synthetic),140727.36,157.31,160.55555555555554,97.0,11.4,12.5,0,1,0,0,1,1,0,0,0,0,0,0,0,0,0,1,0,0,0,0,-1.0,-1.8369701987210287e-16,-1.0,-1.8369701987210287e-16,0,1286.56,202388.21,202388.21,202388.21,202388.21,202388.21,202388.21,202388.21,202388.21,0.0,202388.21,0.0,202388.21,0.0,202388.21,0.0,202388.21,202388.21,202388.21,202388.21,0.0,0.0,0.0,0.0,0.0,0.0,,12.217947904697724,1.0,0,0,0.667,181677.03,194,2013,3
Hibiscus,2013-09-30,202388.21,NGN,NGN/MT,Historical (World Bank/FAOSTAT/NEPC),wholesale,National,,,0.7,False,"Synthetic historical — verified annual anchors, weekly interpolated",Synthetic (World Bank/FAO × FX),historical,True,Hard bound violation (synthetic),141618.33,157.31,160.55555555555554,97.0,11.4,12.5,0,1,0,0,1,1,0,0,0,0,0,0,0,0,0,1,0,0,0,0,-1.0,-1.8369701987210287e-16,-0.992708874098054,0.1205366802553232,0,1286.56,202388.21,202388.21,202388.21,202388.21,202388.21,202388.21,202388.21,202388.21,0.0,202388.21,0.0,202388.21,0.0,202388.21,0.0,202388.21,202388.21,202388.21,202388.21,0.0,0.0,0.0,0.0,0.0,0.0,,12.217947904697724,1.0,0,0,0.667,181677.03,195,2013,3
Hibiscus,2013-10-07,202388.21,NGN,NGN/MT,Historical (World Bank/FAOSTAT/NEPC),wholesale,National,,,0.7,False,"Synthetic historical — verified annual anchors, weekly interpolated",Synthetic (World Bank/FAO × FX),historical,True,Hard bound violation (synthetic),136287.8,157.31,160.55555555555554,97.0,11.4,12.5,0,1,0,0,0,1,0,0,0,1,0,1,0,1,1,1,1,0,0,0,-0.8660254037844386,0.5000000000000001,-0.970941817426052,0.2393156642875573,0,1286.56,202388.21,202388.21,202388.21,202388.21,202388.21,202388.21,202388.21,202388.21,0.0,202388.21,0.0,202388.21,0.0,202388.21,0.0,202388.21,202388.21,202388.21,202388.21,0.0,0.0,0.0,0.0,0.0,0.0,,12.217947904697724,1.0,0,0,1.0,181677.03,196,2013,4
Hibiscus,2013-10-14,202388.21,NGN,NGN/MT,Historical (World Bank/FAOSTAT/NEPC),wholesale,National,,,0.7,False,"Synthetic historical — verified annual anchors, weekly interpolated",Synthetic (World Bank/FAO × FX),historical,True,Hard bound violation (synthetic),140645.65,157.31,160.55555555555554,97.0,11.4,12.5,0,1,0,0,0,1,0,0,0,1,0,1,0,1,1,1,1,0,0,0,-0.8660254037844386,0.5000000000000001,-0.9350162426854148,0.3546048870425355,0,1286.56,202388.21,202388.21,202388.21,202388.21,202388.21,202388.21,202388.21,202388.21,0.0,202388.21,0.0,202388.21,0.0,202388.21,0.0,202388.21,202388.21,202388.21,202388.21,0.0,0.0,0.0,0.0,0.0,0.0,,12.217947904697724,1.0,0,0,1.0,181677.03,197,2013,4
Hibiscus,2013-10-21,202388.21,NGN,NGN/MT,Historical (World Bank/FAOSTAT/NEPC),wholesale,National,,,0.7,False,"Synthetic historical — verified annual anchors, weekly interpolated",Synthetic (World Bank/FAO × FX),historical,True,Hard bound violation (synthetic),140244.48,157.31,160.55555555555554,97.0,11.4,12.5,0,1,0,0,0,1,0,0,0,1,0,1,0,1,1,1,1,0,0,0,-0.8660254037844386,0.5000000000000001,-0.8854560256532101,0.464723172043768,0,1286.56,202388.21,202388.21,202388.21,202388.21,202388.21,202388.21,202388.21,202388.21,0.0,202388.21,0.0,202388.21,0.0,202388.21,0.0,202388.21,202388.21,202388.21,202388.21,0.0,0.0,0.0,0.0,0.0,0.0,,12.217947904697724,1.0,0,0,1.0,181677.03,198,2013,4
Hibiscus,2013-10-28,202388.21,NGN,NGN/MT,Historical (World Bank/FAOSTAT/NEPC),wholesale,National,,,0.7,False,"Synthetic historical — verified annual anchors, weekly interpolated",Synthetic (World Bank/FAO × FX),historical,True,Hard bound violation (synthetic),135199.52,157.31,160.55555555555554,97.0,11.4,12.5,0,1,0,0,0,1,0,0,0,1,0,1,0,1,1,1,1,0,0,0,-0.8660254037844386,0.5000000000000001,-0.822983865893657,0.5680647467311548,0,1286.56,202388.21,202388.21,202388.21,202388.21,202388.21,202388.21,202388.21,202388.21,0.0,202388.21,0.0,202388.21,0.0,202388.21,0.0,202388.21,202388.21,202388.21,202388.21,0.0,0.0,0.0,0.0,0.0,0.0,,12.217947904697724,1.0,0,0,1.0,181677.03,199,2013,4
Hibiscus,2013-11-04,202388.21,NGN,NGN/MT,Historical (World Bank/FAOSTAT/NEPC),wholesale,National,,,0.7,False,"Synthetic historical — verified annual anchors, weekly interpolated",Synthetic (World Bank/FAO × FX),historical,True,Hard bound violation (synthetic),141502.71,157.31,160.55555555555554,97.0,11.4,12.5,1,0,0,0,0,1,0,0,0,1,0,1,1,1,1,0,1,0,0,0,-0.5000000000000004,0.8660254037844384,-0.7485107481711011,0.6631226582407952,1,1286.56,202388.21,202388.21,202388.21,202388.21,202388.21,202388.21,202388.21,202388.21,0.0,202388.21,0.0,202388.21,0.0,202388.21,0.0,202388.21,202388.21,202388.21,202388.21,0.0,0.0,0.0,0.0,0.0,0.0,,12.217947904697724,1.0,0,0,0.667,181677.03,200,2013,4
Hibiscus,2013-11-11,202388.21,NGN,NGN/MT,Historical (World Bank/FAOSTAT/NEPC),wholesale,National,,,0.7,False,"Synthetic historical — verified annual anchors, weekly interpolated",Synthetic (World Bank/FAO × FX),historical,True,Hard bound violation (synthetic),142355.3,157.31,160.55555555555554,97.0,11.4,12.5,1,0,0,0,0,1,0,0,0,1,0,1,1,1,1,0,1,0,0,0,-0.5000000000000004,0.8660254037844384,-0.6631226582407955,0.7485107481711007,1,1286.56,202388.21,202388.21,202388.21,202388.21,202388.21,202388.21,202388.21,202388.21,0.0,202388.21,0.0,202388.21,0.0,202388.21,0.0,202388.21,202388.21,202388.21,202388.21,0.0,0.0,0.0,0.0,0.0,0.0,,12.217947904697724,1.0,0,0,0.667,181677.03,201,2013,4
Hibiscus,2013-11-18,202388.21,NGN,NGN/MT,Historical (World Bank/FAOSTAT/NEPC),wholesale,National,,,0.7,False,"Synthetic historical — verified annual anchors, weekly interpolated",Synthetic (World Bank/FAO × FX),historical,True,Hard bound violation (synthetic),144548.82,157.31,160.55555555555554,97.0,11.4,12.5,1,0,0,0,0,1,0,0,0,1,0,1,1,1,1,0,1,0,0,0,-0.5000000000000004,0.8660254037844384,-0.5680647467311559,0.8229838658936564,1,1286.56,202388.21,202388.21,202388.21,202388.21,202388.21,202388.21,202388.21,202388.21,0.0,202388.21,0.0,202388.21,0.0,202388.21,0.0,202388.21,202388.21,202388.21,202388.21,0.0,0.0,0.0,0.0,0.0,0.0,,12.217947904697724,1.0,0,0,0.667,181677.03,202,2013,4
Hibiscus,2013-11-25,202388.21,NGN,NGN/MT,Historical (World Bank/FAOSTAT/NEPC),wholesale,National,,,0.7,False,"Synthetic historical — verified annual anchors, weekly interpolated",Synthetic (World Bank/FAO × FX),historical,True,Hard bound violation (synthetic),144425.97,157.31,160.55555555555554,97.0,11.4,12.5,1,0,0,0,0,1,0,0,0,1,0,1,1,1,1,0,1,0,0,0,-0.5000000000000004,0.8660254037844384,-0.4647231720437684,0.88545602565321,1,1286.56,202388.21,202388.21,202388.21,202388.21,202388.21,202388.21,202388.21,202388.21,0.0,202388.21,0.0,202388.21,0.0,202388.21,0.0,202388.21,202388.21,202388.21,202388.21,0.0,0.0,0.0,0.0,0.0,0.0,,12.217947904697724,1.0,0,0,0.667,181677.03,203,2013,4
Hibiscus,2013-12-02,202388.21,NGN,NGN/MT,Historical (World Bank/FAOSTAT/NEPC),wholesale,National,,,0.7,False,"Synthetic historical — verified annual anchors, weekly interpolated",Synthetic (World Bank/FAO × FX),historical,True,Hard bound violation (synthetic),131529.51,157.31,160.55555555555554,97.0,11.4,12.5,1,0,0,0,0,0,0,0,0,1,0,1,1,1,1,0,0,0,0,1,-2.4492935982947064e-16,1.0,-0.3546048870425359,0.9350162426854148,1,1286.56,202388.21,202388.21,202388.21,202388.21,202388.21,202388.21,202388.21,202388.21,0.0,202388.21,0.0,202388.21,0.0,202388.21,0.0,202388.21,202388.21,202388.21,202388.21,0.0,0.0,0.0,0.0,0.0,0.0,,12.217947904697724,1.0,0,0,0.333,181677.03,204,2013,4
Hibiscus,2013-12-09,202388.21,NGN,NGN/MT,Historical (World Bank/FAOSTAT/NEPC),wholesale,National,,,0.7,False,"Synthetic historical — verified annual anchors, weekly interpolated",Synthetic (World Bank/FAO × FX),historical,True,Hard bound violation (synthetic),133339.91,157.31,160.55555555555554,97.0,11.4,12.5,1,0,0,0,0,0,0,0,0,1,0,1,1,1,1,0,0,0,0,1,-2.4492935982947064e-16,1.0,-0.2393156642875578,0.970941817426052,1,1286.56,202388.21,202388.21,202388.21,202388.21,202388.21,202388.21,202388.21,202388.21,0.0,202388.21,0.0,202388.21,0.0,202388.21,0.0,202388.21,202388.21,202388.21,202388.21,0.0,0.0,0.0,0.0,0.0,0.0,,12.217947904697724,1.0,0,0,0.333,181677.03,205,2013,4
Hibiscus,2013-12-16,202388.21,NGN,NGN/MT,Historical (World Bank/FAOSTAT/NEPC),wholesale,National,,,0.7,False,"Synthetic historical — verified annual anchors, weekly interpolated",Synthetic (World Bank/FAO × FX),historical,True,Hard bound violation (synthetic),139319.89,157.31,160.55555555555554,97.0,11.4,12.5,1,0,0,0,0,0,0,0,0,1,0,1,1,1,1,0,0,0,0,1,-2.4492935982947064e-16,1.0,-0.1205366802553236,0.992708874098054,1,1286.56,202388.21,202388.21,202388.21,202388.21,202388.21,202388.21,202388.21,202388.21,0.0,202388.21,0.0,202388.21,0.0,202388.21,0.0,202388.21,202388.21,202388.21,202388.21,0.0,0.0,0.0,0.0,0.0,0.0,,12.217947904697724,1.0,0,0,0.333,181677.03,206,2013,4
Hibiscus,2013-12-23,202388.21,NGN,NGN/MT,Historical (World Bank/FAOSTAT/NEPC),wholesale,National,,,0.7,False,"Synthetic historical — verified annual anchors, weekly interpolated",Synthetic (World Bank/FAO × FX),historical,True,Hard bound violation (synthetic),139314.74,157.31,160.55555555555554,97.0,11.4,12.5,1,0,0,0,0,0,0,0,0,1,0,1,1,1,1,0,0,0,0,1,-2.4492935982947064e-16,1.0,6.432490598706546e-16,1.0,1,1286.56,202388.21,202388.21,202388.21,202388.21,202388.21,202388.21,202388.21,202388.21,0.0,202388.21,0.0,202388.21,0.0,202388.21,0.0,202388.21,202388.21,202388.21,202388.21,0.0,0.0,0.0,0.0,0.0,0.0,,12.217947904697724,1.0,0,0,0.333,181677.03,207,2013,4
Hibiscus,2013-12-30,202388.21,NGN,NGN/MT,Historical (World Bank/FAOSTAT/NEPC),wholesale,National,,,0.7,False,"Synthetic historical — verified annual anchors, weekly interpolated",Synthetic (World Bank/FAO × FX),historical,True,Hard bound violation (synthetic),139319.94,157.31,160.55555555555554,97.0,11.4,12.5,1,0,0,0,0,0,0,0,0,1,0,1,1,1,1,0,0,0,0,1,-2.4492935982947064e-16,1.0,0.120536680255323,0.992708874098054,1,1286.56,202388.21,202388.21,202388.21,202388.21,202388.21,202388.21,202388.21,202388.21,0.0,202388.21,0.0,202388.21,0.0,202388.21,0.0,202388.21,202388.21,202388.21,202388.21,0.0,0.0,0.0,0.0,0.0,0.0,,12.217947904697724,1.0,0,0,0.333,181677.03,208,2013,4
Hibiscus,2014-01-06,202388.21,NGN,NGN/MT,Historical (World Bank/FAOSTAT/NEPC),wholesale,National,,,0.7,False,"Synthetic historical — verified annual anchors, weekly interpolated",Synthetic (World Bank/FAO × FX),historical,True,Hard bound violation (synthetic),169568.46,158.55,160.55555555555554,97.0,11.4,12.5,1,0,0,0,0,0,0,0,0,1,0,0,1,0,0,0,0,0,0,1,0.4999999999999999,0.8660254037844387,0.2393156642875577,0.970941817426052,1,1276.49,202388.21,202388.21,202388.21,202388.21,202388.21,202388.21,202388.21,202388.21,0.0,202388.21,0.0,202388.21,0.0,202388.21,0.0,202388.21,202388.21,202388.21,202388.21,0.0,0.0,0.0,0.0,0.0,0.0,,12.217947904697724,1.0,0,0,0.0,181677.03,209,2014,1
Hibiscus,2014-01-13,202388.21,NGN,NGN/MT,Historical (World Bank/FAOSTAT/NEPC),wholesale,National,,,0.7,False,"Synthetic historical — verified annual anchors, weekly interpolated",Synthetic (World Bank/FAO × FX),historical,True,Hard bound violation (synthetic),154603.26,158.55,160.55555555555554,97.0,11.4,12.5,1,0,0,0,0,0,0,0,0,1,0,0,1,0,0,0,0,0,0,1,0.4999999999999999,0.8660254037844387,0.3546048870425356,0.9350162426854148,1,1276.49,202388.21,202388.21,202388.21,202388.21,202388.21,202388.21,202388.21,202388.21,0.0,202388.21,0.0,202388.21,0.0,202388.21,0.0,202388.21,202388.21,202388.21,202388.21,0.0,0.0,0.0,0.0,0.0,0.0,,12.217947904697724,1.0,0,0,0.0,181677.03,210,2014,1
Hibiscus,2014-01-20,202388.21,NGN,NGN/MT,Historical (World Bank/FAOSTAT/NEPC),wholesale,National,,,0.7,False,"Synthetic historical — verified annual anchors, weekly interpolated",Synthetic (World Bank/FAO × FX),historical,True,Hard bound violation (synthetic),157178.18,158.55,160.55555555555554,97.0,11.4,12.5,1,0,0,0,0,0,0,0,0,1,0,0,1,0,0,0,0,0,0,1,0.4999999999999999,0.8660254037844387,0.4647231720437685,0.8854560256532099,1,1276.49,202388.21,202388.21,202388.21,202388.21,202388.21,202388.21,202388.21,202388.21,0.0,202388.21,0.0,202388.21,0.0,202388.21,0.0,202388.21,202388.21,202388.21,202388.21,0.0,0.0,0.0,0.0,0.0,0.0,,12.217947904697724,1.0,0,0,0.0,181677.03,211,2014,1
Hibiscus,2014-01-27,202388.21,NGN,NGN/MT,Historical (World Bank/FAOSTAT/NEPC),wholesale,National,,,0.7,False,"Synthetic historical — verified annual anchors, weekly interpolated",Synthetic (World Bank/FAO × FX),historical,True,Hard bound violation (synthetic),156350.25,158.55,160.55555555555554,97.0,11.4,12.5,1,0,0,0,0,0,0,0,0,1,0,0,1,0,0,0,0,0,0,1,0.4999999999999999,0.8660254037844387,0.5680647467311558,0.8229838658936564,1,1276.49,202388.21,202388.21,202388.21,202388.21,202388.21,202388.21,202388.21,202388.21,0.0,202388.21,0.0,202388.21,0.0,202388.21,0.0,202388.21,202388.21,202388.21,202388.21,0.0,0.0,0.0,0.0,0.0,0.0,,12.217947904697724,1.0,0,0,0.0,181677.03,212,2014,1
Hibiscus,2014-02-03,202388.21,NGN,NGN/MT,Historical (World Bank/FAOSTAT/NEPC),wholesale,National,,,0.7,False,"Synthetic historical — verified annual anchors, weekly interpolated",Synthetic (World Bank/FAO × FX),historical,True,Hard bound violation (synthetic),154970.34,158.55,160.55555555555554,97.0,11.4,12.5,1,0,0,0,0,0,0,0,1,1,0,0,1,0,0,0,0,0,0,0,0.8660254037844386,0.5000000000000001,0.6631226582407952,0.7485107481711011,1,1276.49,202388.21,202388.21,202388.21,202388.21,202388.21,202388.21,202388.21,202388.21,0.0,202388.21,0.0,202388.21,0.0,202388.21,0.0,202388.21,202388.21,202388.21,202388.21,0.0,0.0,0.0,0.0,0.0,0.0,,12.217947904697724,1.0,0,0,0.0,181677.03,213,2014,1
Hibiscus,2014-02-10,202388.21,NGN,NGN/MT,Historical (World Bank/FAOSTAT/NEPC),wholesale,National,,,0.7,False,"Synthetic historical — verified annual anchors, weekly interpolated",Synthetic (World Bank/FAO × FX),historical,True,Hard bound violation (synthetic),150562.37,158.55,160.55555555555554,97.0,11.4,12.5,1,0,0,0,0,0,0,0,1,1,0,0,1,0,0,0,0,0,0,0,0.8660254037844386,0.5000000000000001,0.7485107481711011,0.6631226582407953,1,1276.49,202388.21,202388.21,202388.21,202388.21,202388.21,202388.21,202388.21,202388.21,0.0,202388.21,0.0,202388.21,0.0,202388.21,0.0,202388.21,202388.21,202388.21,202388.21,0.0,0.0,0.0,0.0,0.0,0.0,,12.217947904697724,1.0,0,0,0.0,181677.03,214,2014,1
Hibiscus,2014-02-17,202388.21,NGN,NGN/MT,Historical (World Bank/FAOSTAT/NEPC),wholesale,National,,,0.7,False,"Synthetic historical — verified annual anchors, weekly interpolated",Synthetic (World Bank/FAO × FX),historical,True,Hard bound violation (synthetic),155460.9,158.55,160.55555555555554,97.0,11.4,12.5,1,0,0,0,0,0,0,0,1,1,0,0,1,0,0,0,0,0,0,0,0.8660254037844386,0.5000000000000001,0.8229838658936564,0.5680647467311559,1,1276.49,202388.21,202388.21,202388.21,202388.21,202388.21,202388.21,202388.21,202388.21,0.0,202388.21,0.0,202388.21,0.0,202388.21,0.0,202388.21,202388.21,202388.21,202388.21,0.0,0.0,0.0,0.0,0.0,0.0,,12.217947904697724,1.0,0,0,0.0,181677.03,215,2014,1
Hibiscus,2014-02-24,202388.21,NGN,NGN/MT,Historical (World Bank/FAOSTAT/NEPC),wholesale,National,,,0.7,False,"Synthetic historical — verified annual anchors, weekly interpolated",Synthetic (World Bank/FAO × FX),historical,True,Hard bound violation (synthetic),148475.92,158.55,160.55555555555554,97.0,11.4,12.5,1,0,0,0,0,0,0,0,1,1,0,0,1,0,0,0,0,0,0,0,0.8660254037844386,0.5000000000000001,0.8854560256532099,0.4647231720437686,1,1276.49,202388.21,202388.21,202388.21,202388.21,202388.21,202388.21,202388.21,202388.21,0.0,202388.21,0.0,202388.21,0.0,202388.21,0.0,202388.21,202388.21,202388.21,202388.21,0.0,0.0,0.0,0.0,0.0,0.0,,12.217947904697724,1.0,0,0,0.0,181677.03,216,2014,1
Hibiscus,2014-03-03,202388.21,NGN,NGN/MT,Historical (World Bank/FAOSTAT/NEPC),wholesale,National,,,0.7,False,"Synthetic historical — verified annual anchors, weekly interpolated",Synthetic (World Bank/FAO × FX),historical,True,Hard bound violation (synthetic),154097.37,158.55,160.55555555555554,97.0,11.4,12.5,1,0,0,1,0,0,0,0,1,1,0,0,0,0,0,0,0,0,0,0,1.0,6.123233995736766e-17,0.9350162426854148,0.3546048870425355,0,1276.49,202388.21,202388.21,202388.21,202388.21,202388.21,202388.21,202388.21,202388.21,0.0,202388.21,0.0,202388.21,0.0,202388.21,0.0,202388.21,202388.21,202388.21,202388.21,0.0,0.0,0.0,0.0,0.0,0.0,,12.217947904697724,1.0,0,0,0.0,181677.03,217,2014,1
Hibiscus,2014-03-10,202388.21,NGN,NGN/MT,Historical (World Bank/FAOSTAT/NEPC),wholesale,National,,,0.7,False,"Synthetic historical — verified annual anchors, weekly interpolated",Synthetic (World Bank/FAO × FX),historical,True,Hard bound violation (synthetic),152940.15,158.55,160.55555555555554,97.0,11.4,12.5,1,0,0,1,0,0,0,0,1,1,0,0,0,0,0,0,0,0,0,0,1.0,6.123233995736766e-17,0.970941817426052,0.239315664287558,0,1276.49,202388.21,202388.21,202388.21,202388.21,202388.21,202388.21,202388.21,202388.21,0.0,202388.21,0.0,202388.21,0.0,202388.21,0.0,202388.21,202388.21,202388.21,202388.21,0.0,0.0,0.0,0.0,0.0,0.0,,12.217947904697724,1.0,0,0,0.0,181677.03,218,2014,1
Hibiscus,2014-03-17,202388.21,NGN,NGN/MT,Historical (World Bank/FAOSTAT/NEPC),wholesale,National,,,0.7,False,"Synthetic historical — verified annual anchors, weekly interpolated",Synthetic (World Bank/FAO × FX),historical,True,Hard bound violation (synthetic),155581.21,158.55,160.55555555555554,97.0,11.4,12.5,1,0,0,1,0,0,0,0,1,1,0,0,0,0,0,0,0,0,0,0,1.0,6.123233995736766e-17,0.992708874098054,0.120536680255323,0,1276.49,202388.21,202388.21,202388.21,202388.21,202388.21,202388.21,202388.21,202388.21,0.0,202388.21,0.0,202388.21,0.0,202388.21,0.0,202388.21,202388.21,202388.21,202388.21,0.0,0.0,0.0,0.0,0.0,0.0,,12.217947904697724,1.0,0,0,0.0,181677.03,219,2014,1
Hibiscus,2014-03-24,202388.21,NGN,NGN/MT,Historical (World Bank/FAOSTAT/NEPC),wholesale,National,,,0.7,False,"Synthetic historical — verified annual anchors, weekly interpolated",Synthetic (World Bank/FAO × FX),historical,True,Hard bound violation (synthetic),165977.05,158.55,160.55555555555554,97.0,11.4,12.5,1,0,0,1,0,0,0,0,1,1,0,0,0,0,0,0,0,0,0,0,1.0,6.123233995736766e-17,1.0,-1.6081226496766364e-16,0,1276.49,202388.21,202388.21,202388.21,202388.21,202388.21,202388.21,202388.21,202388.21,0.0,202388.21,0.0,202388.21,0.0,202388.21,0.0,202388.21,202388.21,202388.21,202388.21,0.0,0.0,0.0,0.0,0.0,0.0,,12.217947904697724,1.0,0,0,0.0,181677.03,220,2014,1
Hibiscus,2014-03-31,202388.21,NGN,NGN/MT,Historical (World Bank/FAOSTAT/NEPC),wholesale,National,,,0.7,False,"Synthetic historical — verified annual anchors, weekly interpolated",Synthetic (World Bank/FAO × FX),historical,True,Hard bound violation (synthetic),146506.01,158.55,160.55555555555554,97.0,11.4,12.5,1,0,0,1,0,0,0,0,1,1,0,0,0,0,0,0,0,0,0,0,1.0,6.123233995736766e-17,0.992708874098054,-0.1205366802553228,0,1276.49,202388.21,202388.21,202388.21,202388.21,202388.21,202388.21,202388.21,202388.21,0.0,202388.21,0.0,202388.21,0.0,202388.21,0.0,202388.21,202388.21,202388.21,202388.21,0.0,0.0,0.0,0.0,0.0,0.0,,12.217947904697724,1.0,0,0,0.0,181677.03,221,2014,1
Hibiscus,2014-04-07,202388.21,NGN,NGN/MT,Historical (World Bank/FAOSTAT/NEPC),wholesale,National,,,0.7,False,"Synthetic historical — verified annual anchors, weekly interpolated",Synthetic (World Bank/FAO × FX),historical,True,Hard bound violation (synthetic),163294.05,158.55,160.55555555555554,97.0,11.4,12.5,0,1,1,1,0,0,0,0,1,0,0,0,0,0,0,0,0,0,0,0,0.8660254037844387,-0.4999999999999998,0.970941817426052,-0.2393156642875575,0,1276.49,202388.21,202388.21,202388.21,202388.21,202388.21,202388.21,202388.21,202388.21,0.0,202388.21,0.0,202388.21,0.0,202388.21,0.0,202388.21,202388.21,202388.21,202388.21,0.0,0.0,0.0,0.0,0.0,0.0,,12.217947904697724,1.0,0,0,0.333,181677.03,222,2014,2
Hibiscus,2014-04-14,202388.21,NGN,NGN/MT,Historical (World Bank/FAOSTAT/NEPC),wholesale,National,,,0.7,False,"Synthetic historical — verified annual anchors, weekly interpolated",Synthetic (World Bank/FAO × FX),historical,True,Hard bound violation (synthetic),152258.96,158.55,160.55555555555554,97.0,11.4,12.5,0,1,1,1,0,0,0,0,1,0,0,0,0,0,0,0,0,0,0,0,0.8660254037844387,-0.4999999999999998,0.9350162426854148,-0.3546048870425354,0,1276.49,202388.21,202388.21,202388.21,202388.21,202388.21,202388.21,202388.21,202388.21,0.0,202388.21,0.0,202388.21,0.0,202388.21,0.0,202388.21,202388.21,202388.21,202388.21,0.0,0.0,0.0,0.0,0.0,0.0,,12.217947904697724,1.0,0,0,0.333,181677.03,223,2014,2
Hibiscus,2014-04-21,202388.21,NGN,NGN/MT,Historical (World Bank/FAOSTAT/NEPC),wholesale,National,,,0.7,False,"Synthetic historical — verified annual anchors, weekly interpolated",Synthetic (World Bank/FAO × FX),historical,True,Hard bound violation (synthetic),157734.73,158.55,160.55555555555554,97.0,11.4,12.5,0,1,1,1,0,0,0,0,1,0,0,0,0,0,0,0,0,0,0,0,0.8660254037844387,-0.4999999999999998,0.8854560256532099,-0.4647231720437685,0,1276.49,202388.21,202388.21,202388.21,202388.21,202388.21,202388.21,202388.21,202388.21,0.0,202388.21,0.0,202388.21,0.0,202388.21,0.0,202388.21,202388.21,202388.21,202388.21,0.0,0.0,0.0,0.0,0.0,0.0,,12.217947904697724,1.0,0,0,0.333,181677.03,224,2014,2
Hibiscus,2014-04-28,202388.21,NGN,NGN/MT,Historical (World Bank/FAOSTAT/NEPC),wholesale,National,,,0.7,False,"Synthetic historical — verified annual anchors, weekly interpolated",Synthetic (World Bank/FAO × FX),historical,True,Hard bound violation (synthetic),165226.96,158.55,160.55555555555554,97.0,11.4,12.5,0,1,1,1,0,0,0,0,1,0,0,0,0,0,0,0,0,0,0,0,0.8660254037844387,-0.4999999999999998,0.8229838658936565,-0.5680647467311557,0,1276.49,202388.21,202388.21,202388.21,202388.21,202388.21,202388.21,202388.21,202388.21,0.0,202388.21,0.0,202388.21,0.0,202388.21,0.0,202388.21,202388.21,202388.21,202388.21,0.0,0.0,0.0,0.0,0.0,0.0,,12.217947904697724,1.0,0,0,0.333,181677.03,225,2014,2
Hibiscus,2014-05-05,202388.21,NGN,NGN/MT,Historical (World Bank/FAOSTAT/NEPC),wholesale,National,,,0.7,False,"Synthetic historical — verified annual anchors, weekly interpolated",Synthetic (World Bank/FAO × FX),historical,True,Hard bound violation (synthetic),163514.71,158.55,160.55555555555554,97.0,11.4,12.5,0,1,1,1,0,0,0,0,1,0,1,0,0,0,0,0,0,0,0,0,0.4999999999999999,-0.8660254037844387,0.7485107481711013,-0.663122658240795,0,1276.49,202388.21,202388.21,202388.21,202388.21,202388.21,202388.21,202388.21,202388.21,0.0,202388.21,0.0,202388.21,0.0,202388.21,0.0,202388.21,202388.21,202388.21,202388.21,0.0,0.0,0.0,0.0,0.0,0.0,,12.217947904697724,1.0,0,0,0.333,181677.03,226,2014,2
Hibiscus,2014-05-12,202388.21,NGN,NGN/MT,Historical (World Bank/FAOSTAT/NEPC),wholesale,National,,,0.7,False,"Synthetic historical — verified annual anchors, weekly interpolated",Synthetic (World Bank/FAO × FX),historical,True,Hard bound violation (synthetic),157923.36,158.55,160.55555555555554,97.0,11.4,12.5,0,1,1,1,0,0,0,0,1,0,1,0,0,0,0,0,0,0,0,0,0.4999999999999999,-0.8660254037844387,0.6631226582407952,-0.7485107481711012,0,1276.49,202388.21,202388.21,202388.21,202388.21,202388.21,202388.21,202388.21,202388.21,0.0,202388.21,0.0,202388.21,0.0,202388.21,0.0,202388.21,202388.21,202388.21,202388.21,0.0,0.0,0.0,0.0,0.0,0.0,,12.217947904697724,1.0,0,0,0.333,181677.03,227,2014,2
Hibiscus,2014-05-19,202388.21,NGN,NGN/MT,Historical (World Bank/FAOSTAT/NEPC),wholesale,National,,,0.7,False,"Synthetic historical — verified annual anchors, weekly interpolated",Synthetic (World Bank/FAO × FX),historical,True,Hard bound violation (synthetic),159697.87,158.55,160.55555555555554,97.0,11.4,12.5,0,1,1,1,0,0,0,0,1,0,1,0,0,0,0,0,0,0,0,0,0.4999999999999999,-0.8660254037844387,0.5680647467311558,-0.8229838658936564,0,1276.49,202388.21,202388.21,202388.21,202388.21,202388.21,202388.21,202388.21,202388.21,0.0,202388.21,0.0,202388.21,0.0,202388.21,0.0,202388.21,202388.21,202388.21,202388.21,0.0,0.0,0.0,0.0,0.0,0.0,,12.217947904697724,1.0,0,0,0.333,181677.03,228,2014,2
Hibiscus,2014-05-26,202388.21,NGN,NGN/MT,Historical (World Bank/FAOSTAT/NEPC),wholesale,National,,,0.7,False,"Synthetic historical — verified annual anchors, weekly interpolated",Synthetic (World Bank/FAO × FX),historical,True,Hard bound violation (synthetic),166527.31,158.55,160.55555555555554,97.0,11.4,12.5,0,1,1,1,0,0,0,0,1,0,1,0,0,0,0,0,0,0,0,0,0.4999999999999999,-0.8660254037844387,0.464723172043769,-0.8854560256532096,0,1276.49,202388.21,202388.21,202388.21,202388.21,202388.21,202388.21,202388.21,202388.21,0.0,202388.21,0.0,202388.21,0.0,202388.21,0.0,202388.21,202388.21,202388.21,202388.21,0.0,0.0,0.0,0.0,0.0,0.0,,12.217947904697724,1.0,0,0,0.333,181677.03,229,2014,2
Hibiscus,2014-06-02,202388.21,NGN,NGN/MT,Historical (World Bank/FAOSTAT/NEPC),wholesale,National,,,0.7,False,"Synthetic historical — verified annual anchors, weekly interpolated",Synthetic (World Bank/FAO × FX),historical,True,Hard bound violation (synthetic),164318.95,158.55,160.55555555555554,97.0,11.4,12.5,0,1,1,0,0,0,0,1,0,0,1,0,0,0,0,0,0,0,1,0,1.2246467991473532e-16,-1.0,0.3546048870425358,-0.9350162426854148,0,1276.49,202388.21,202388.21,202388.21,202388.21,202388.21,202388.21,202388.21,202388.21,0.0,202388.21,0.0,202388.21,0.0,202388.21,0.0,202388.21,202388.21,202388.21,202388.21,0.0,0.0,0.0,0.0,0.0,0.0,,12.217947904697724,1.0,0,0,0.333,181677.03,230,2014,2
Hibiscus,2014-06-09,202388.21,NGN,NGN/MT,Historical (World Bank/FAOSTAT/NEPC),wholesale,National,,,0.7,False,"Synthetic historical — verified annual anchors, weekly interpolated",Synthetic (World Bank/FAO × FX),historical,True,Hard bound violation (synthetic),169090.95,158.55,160.55555555555554,97.0,11.4,12.5,0,1,1,0,0,0,0,1,0,0,1,0,0,0,0,0,0,0,1,0,1.2246467991473532e-16,-1.0,0.2393156642875576,-0.970941817426052,0,1276.49,202388.21,202388.21,202388.21,202388.21,202388.21,202388.21,202388.21,202388.21,0.0,202388.21,0.0,202388.21,0.0,202388.21,0.0,202388.21,202388.21,202388.21,202388.21,0.0,0.0,0.0,0.0,0.0,0.0,,12.217947904697724,1.0,0,0,0.333,181677.03,231,2014,2
Hibiscus,2014-06-16,202388.21,NGN,NGN/MT,Historical (World Bank/FAOSTAT/NEPC),wholesale,National,,,0.7,False,"Synthetic historical — verified annual anchors, weekly interpolated",Synthetic (World Bank/FAO × FX),historical,True,Hard bound violation (synthetic),168229.68,158.55,160.55555555555554,97.0,11.4,12.5,0,1,1,0,0,0,0,1,0,0,1,0,0,0,0,0,0,0,1,0,1.2246467991473532e-16,-1.0,0.120536680255323,-0.992708874098054,0,1276.49,202388.21,202388.21,202388.21,202388.21,202388.21,202388.21,202388.21,202388.21,0.0,202388.21,0.0,202388.21,0.0,202388.21,0.0,202388.21,202388.21,202388.21,202388.21,0.0,0.0,0.0,0.0,0.0,0.0,,12.217947904697724,1.0,0,0,0.333,181677.03,232,2014,2
Hibiscus,2014-06-23,202388.21,NGN,NGN/MT,Historical (World Bank/FAOSTAT/NEPC),wholesale,National,,,0.7,False,"Synthetic historical — verified annual anchors, weekly interpolated",Synthetic (World Bank/FAO × FX),historical,True,Hard bound violation (synthetic),164715.93,158.55,160.55555555555554,97.0,11.4,12.5,0,1,1,0,0,0,0,1,0,0,1,0,0,0,0,0,0,0,1,0,1.2246467991473532e-16,-1.0,-3.216245299353273e-16,-1.0,0,1276.49,202388.21,202388.21,202388.21,202388.21,202388.21,202388.21,202388.21,202388.21,0.0,202388.21,0.0,202388.21,0.0,202388.21,0.0,202388.21,202388.21,202388.21,202388.21,0.0,0.0,0.0,0.0,0.0,0.0,,12.217947904697724,1.0,0,0,0.333,181677.03,233,2014,2
Hibiscus,2014-06-30,202388.21,NGN,NGN/MT,Historical (World Bank/FAOSTAT/NEPC),wholesale,National,,,0.7,False,"Synthetic historical — verified annual anchors, weekly interpolated",Synthetic (World Bank/FAO × FX),historical,True,Hard bound violation (synthetic),178805.48,158.55,160.55555555555554,97.0,11.4,12.5,0,1,1,0,0,0,0,1,0,0,1,0,0,0,0,0,0,1,1,0,1.2246467991473532e-16,-1.0,-0.1205366802553228,-0.992708874098054,0,1276.49,202388.21,202388.21,202388.21,202388.21,202388.21,202388.21,202388.21,202388.21,0.0,202388.21,0.0,202388.21,0.0,202388.21,0.0,202388.21,202388.21,202388.21,202388.21,0.0,0.0,0.0,0.0,0.0,0.0,,12.217947904697724,1.0,0,0,0.333,181677.03,234,2014,2
Hibiscus,2014-07-07,202388.21,NGN,NGN/MT,Historical (World Bank/FAOSTAT/NEPC),wholesale,National,,,0.7,False,"Synthetic historical — verified annual anchors, weekly interpolated",Synthetic (World Bank/FAO × FX),historical,True,Hard bound violation (synthetic),171194.95,158.55,160.55555555555554,97.0,11.4,12.5,0,1,1,0,0,0,1,1,0,0,1,0,0,0,0,0,0,1,1,0,-0.4999999999999997,-0.8660254037844388,-0.2393156642875574,-0.970941817426052,0,1276.49,202388.21,202388.21,202388.21,202388.21,202388.21,202388.21,202388.21,202388.21,0.0,202388.21,0.0,202388.21,0.0,202388.21,0.0,202388.21,202388.21,202388.21,202388.21,0.0,0.0,0.0,0.0,0.0,0.0,,12.217947904697724,1.0,0,0,0.333,181677.03,235,2014,3
Hibiscus,2014-07-14,202388.21,NGN,NGN/MT,Historical (World Bank/FAOSTAT/NEPC),wholesale,National,,,0.7,False,"Synthetic historical — verified annual anchors, weekly interpolated",Synthetic (World Bank/FAO × FX),historical,True,Hard bound violation (synthetic),157793.28,158.55,160.55555555555554,99.72222222222224,11.4,12.5,0,1,1,0,0,0,1,1,0,0,1,0,0,0,0,0,0,1,1,0,-0.4999999999999997,-0.8660254037844388,-0.3546048870425356,-0.9350162426854148,0,1276.49,202388.21,202388.21,202388.21,202388.21,202388.21,202388.21,202388.21,202388.21,0.0,202388.21,0.0,202388.21,0.0,202388.21,0.0,202388.21,202388.21,202388.21,202388.21,0.0,0.0,0.0,0.0,0.0,0.0,,12.217947904697724,1.008,0,0,0.333,181677.03,236,2014,3
Hibiscus,2014-07-21,202388.21,NGN,NGN/MT,Historical (World Bank/FAOSTAT/NEPC),wholesale,National,,,0.7,False,"Synthetic historical — verified annual anchors, weekly interpolated",Synthetic (World Bank/FAO × FX),historical,True,Hard bound violation (synthetic),168939.73,158.55,160.55555555555554,99.72222222222224,11.4,12.5,0,1,1,0,0,0,1,1,0,0,1,0,0,0,0,0,0,1,1,0,-0.4999999999999997,-0.8660254037844388,-0.464723172043768,-0.8854560256532101,0,1276.49,202388.21,202388.21,202388.21,202388.21,202388.21,202388.21,202388.21,202388.21,0.0,202388.21,0.0,202388.21,0.0,202388.21,0.0,202388.21,202388.21,202388.21,202388.21,0.0,0.0,0.0,0.0,0.0,0.0,,12.217947904697724,1.008,0,0,0.333,181677.03,237,2014,3
Hibiscus,2014-07-28,202388.21,NGN,NGN/MT,Historical (World Bank/FAOSTAT/NEPC),wholesale,National,,,0.7,False,"Synthetic historical — verified annual anchors, weekly interpolated",Synthetic (World Bank/FAO × FX),historical,True,Hard bound violation (synthetic),164664.6,158.55,160.55555555555554,99.72222222222224,11.4,12.5,0,1,1,0,0,0,1,1,0,0,1,0,0,0,0,0,0,1,1,0,-0.4999999999999997,-0.8660254037844388,-0.5680647467311556,-0.8229838658936565,0,1276.49,202388.21,202388.21,202388.21,202388.21,202388.21,202388.21,202388.21,202388.21,0.0,202388.21,0.0,202388.21,0.0,202388.21,0.0,202388.21,202388.21,202388.21,202388.21,0.0,0.0,0.0,0.0,0.0,0.0,,12.217947904697724,1.008,0,0,0.333,181677.03,238,2014,3
Hibiscus,2014-08-04,202388.21,NGN,NGN/MT,Historical (World Bank/FAOSTAT/NEPC),wholesale,National,,,0.7,False,"Synthetic historical — verified annual anchors, weekly interpolated",Synthetic (World Bank/FAO × FX),historical,True,Hard bound violation (synthetic),169014.43,158.55,160.55555555555554,99.72222222222224,11.4,12.5,0,1,0,0,1,0,1,1,0,0,1,0,0,0,0,1,0,0,1,0,-0.8660254037844384,-0.5000000000000004,-0.663122658240795,-0.7485107481711013,0,1276.49,202388.21,202388.21,202388.21,202388.21,202388.21,202388.21,202388.21,202388.21,0.0,202388.21,0.0,202388.21,0.0,202388.21,0.0,202388.21,202388.21,202388.21,202388.21,0.0,0.0,0.0,0.0,0.0,0.0,,12.217947904697724,1.008,0,0,0.333,181677.03,239,2014,3
Hibiscus,2014-08-11,202388.21,NGN,NGN/MT,Historical (World Bank/FAOSTAT/NEPC),wholesale,National,,,0.7,False,"Synthetic historical — verified annual anchors, weekly interpolated",Synthetic (World Bank/FAO × FX),historical,True,Hard bound violation (synthetic),160881.78,158.55,157.25,100.15625,11.4,12.5,0,1,0,0,1,0,1,1,0,0,1,0,0,0,0,1,0,0,1,0,-0.8660254037844384,-0.5000000000000004,-0.7485107481711011,-0.6631226582407952,0,1276.49,202388.21,202388.21,202388.21,202388.21,202388.21,202388.21,202388.21,202388.21,0.0,202388.21,0.0,202388.21,0.0,202388.21,0.0,202388.21,202388.21,202388.21,202388.21,0.0,0.0,0.0,0.0,0.0,0.0,,12.217947904697724,0.995,0,0,0.333,181677.03,240,2014,3
Hibiscus,2014-08-18,202388.21,NGN,NGN/MT,Historical (World Bank/FAOSTAT/NEPC),wholesale,National,,,0.7,False,"Synthetic historical — verified annual anchors, weekly interpolated",Synthetic (World Bank/FAO × FX),historical,True,Hard bound violation (synthetic),164232.74,158.55,157.25,100.15625,11.4,12.5,0,1,0,0,1,0,1,1,0,0,1,0,0,0,0,1,0,0,1,0,-0.8660254037844384,-0.5000000000000004,-0.8229838658936564,-0.5680647467311559,0,1276.49,202388.21,202388.21,202388.21,202388.21,202388.21,202388.21,202388.21,202388.21,0.0,202388.21,0.0,202388.21,0.0,202388.21,0.0,202388.21,202388.21,202388.21,202388.21,0.0,0.0,0.0,0.0,0.0,0.0,,12.217947904697724,0.995,0,0,0.333,181677.03,241,2014,3
Hibiscus,2014-08-25,202388.21,NGN,NGN/MT,Historical (World Bank/FAOSTAT/NEPC),wholesale,National,,,0.7,False,"Synthetic historical — verified annual anchors, weekly interpolated",Synthetic (World Bank/FAO × FX),historical,True,Hard bound violation (synthetic),167296.66,158.55,157.25,100.15625,11.4,12.5,0,1,0,0,1,0,1,1,0,0,1,0,0,0,0,1,0,0,1,0,-0.8660254037844384,-0.5000000000000004,-0.8854560256532096,-0.4647231720437691,0,1276.49,202388.21,202388.21,202388.21,202388.21,202388.21,202388.21,202388.21,202388.21,0.0,202388.21,0.0,202388.21,0.0,202388.21,0.0,202388.21,202388.21,202388.21,202388.21,0.0,0.0,0.0,0.0,0.0,0.0,,12.217947904697724,0.995,0,0,0.333,181677.03,242,2014,3
Hibiscus,2014-09-01,202388.21,NGN,NGN/MT,Historical (World Bank/FAOSTAT/NEPC),wholesale,National,,,0.7,False,"Synthetic historical — verified annual anchors, weekly interpolated",Synthetic (World Bank/FAO × FX),historical,True,Hard bound violation (synthetic),164155.62,158.55,157.25,100.15625,11.4,12.5,0,1,0,0,1,1,0,0,0,0,0,0,0,0,0,1,0,0,0,0,-1.0,-1.8369701987210287e-16,-0.9350162426854148,-0.3546048870425359,0,1276.49,202388.21,202388.21,202388.21,202388.21,202388.21,202388.21,202388.21,202388.21,0.0,202388.21,0.0,202388.21,0.0,202388.21,0.0,202388.21,202388.21,202388.21,202388.21,0.0,0.0,0.0,0.0,0.0,0.0,,12.217947904697724,0.995,0,0,0.667,181677.03,243,2014,3
Hibiscus,2014-09-08,202388.21,NGN,NGN/MT,Historical (World Bank/FAOSTAT/NEPC),wholesale,National,,,0.7,False,"Synthetic historical — verified annual anchors, weekly interpolated",Synthetic (World Bank/FAO × FX),historical,True,Hard bound violation (synthetic),154238.58,158.55,157.25,100.15625,11.4,12.5,0,1,0,0,1,1,0,0,0,0,0,0,0,0,0,1,0,0,0,0,-1.0,-1.8369701987210287e-16,-0.970941817426052,-0.2393156642875577,0,1276.49,202388.21,202388.21,202388.21,202388.21,202388.21,202388.21,202388.21,202388.21,0.0,202388.21,0.0,202388.21,0.0,202388.21,0.0,202388.21,202388.21,202388.21,202388.21,0.0,0.0,0.0,0.0,0.0,0.0,,12.217947904697724,0.995,0,0,0.667,181677.03,244,2014,3
Hibiscus,2014-09-15,202388.21,NGN,NGN/MT,Historical (World Bank/FAOSTAT/NEPC),wholesale,National,,,0.7,False,"Synthetic historical — verified annual anchors, weekly interpolated",Synthetic (World Bank/FAO × FX),historical,True,Hard bound violation (synthetic),158394.39,158.55,157.32,101.13444444444444,11.4,12.5,0,1,0,0,1,1,0,0,0,0,0,0,0,0,0,1,0,0,0,0,-1.0,-1.8369701987210287e-16,-0.992708874098054,-0.1205366802553235,0,1276.49,202388.21,202388.21,202388.21,202388.21,202388.21,202388.21,202388.21,202388.21,0.0,202388.21,0.0,202388.21,0.0,202388.21,0.0,202388.21,202388.21,202388.21,202388.21,0.0,0.0,0.0,0.0,0.0,0.0,,12.217947904697724,0.999,0,0,0.667,181677.03,245,2014,3
Hibiscus,2014-09-22,202388.21,NGN,NGN/MT,Historical (World Bank/FAOSTAT/NEPC),wholesale,National,,,0.7,False,"Synthetic historical — verified annual anchors, weekly interpolated",Synthetic (World Bank/FAO × FX),historical,True,Hard bound violation (synthetic),157720.26,158.55,157.32,101.13444444444444,11.4,12.5,0,1,0,0,1,1,0,0,0,0,0,0,0,0,0,1,0,0,0,0,-1.0,-1.8369701987210287e-16,-1.0,-1.8369701987210287e-16,0,1276.49,202388.21,202388.21,202388.21,202388.21,202388.21,202388.21,202388.21,202388.21,0.0,202388.21,0.0,202388.21,0.0,202388.21,0.0,202388.21,202388.21,202388.21,202388.21,0.0,0.0,0.0,0.0,0.0,0.0,,12.217947904697724,0.999,0,0,0.667,181677.03,246,2014,3
Hibiscus,2014-09-29,202388.21,NGN,NGN/MT,Historical (World Bank/FAOSTAT/NEPC),wholesale,National,,,0.7,False,"Synthetic historical — verified annual anchors, weekly interpolated",Synthetic (World Bank/FAO × FX),historical,True,Hard bound violation (synthetic),156864.02,158.55,157.32,101.13444444444444,11.4,12.5,0,1,0,0,1,1,0,0,0,0,0,0,0,0,0,1,0,0,0,0,-1.0,-1.8369701987210287e-16,-0.992708874098054,0.1205366802553232,0,1276.49,202388.21,202388.21,202388.21,202388.21,202388.21,202388.21,202388.21,202388.21,0.0,202388.21,0.0,202388.21,0.0,202388.21,0.0,202388.21,202388.21,202388.21,202388.21,0.0,0.0,0.0,0.0,0.0,0.0,,12.217947904697724,0.999,0,0,0.667,181677.03,247,2014,3
Hibiscus,2014-10-06,202388.21,NGN,NGN/MT,Historical (World Bank/FAOSTAT/NEPC),wholesale,National,,,0.7,False,"Synthetic historical — verified annual anchors, weekly interpolated",Synthetic (World Bank/FAO × FX),historical,True,Hard bound violation (synthetic),168474.18,158.55,157.32,101.13444444444444,11.4,12.5,0,1,0,0,0,1,0,0,0,1,0,1,0,1,1,1,1,0,0,0,-0.8660254037844386,0.5000000000000001,-0.970941817426052,0.2393156642875573,0,1276.49,202388.21,202388.21,202388.21,202388.21,202388.21,202388.21,202388.21,202388.21,0.0,202388.21,0.0,202388.21,0.0,202388.21,0.0,202388.21,202388.21,202388.21,202388.21,0.0,0.0,0.0,0.0,0.0,0.0,,12.217947904697724,0.999,0,0,1.0,181677.03,248,2014,4
Hibiscus,2014-10-13,202388.21,NGN,NGN/MT,Historical (World Bank/FAOSTAT/NEPC),wholesale,National,,,0.7,False,"Synthetic historical — verified annual anchors, weekly interpolated",Synthetic (World Bank/FAO × FX),historical,True,Hard bound violation (synthetic),161943.91,158.55,156.1875,101.07833333333332,11.4,12.5,0,1,0,0,0,1,0,0,0,1,0,1,0,1,1,1,1,0,0,0,-0.8660254037844386,0.5000000000000001,-0.9350162426854148,0.3546048870425355,0,1276.49,202388.21,202388.21,202388.21,202388.21,202388.21,202388.21,202388.21,202388.21,0.0,202388.21,0.0,202388.21,0.0,202388.21,0.0,202388.21,202388.21,202388.21,202388.21,0.0,0.0,0.0,0.0,0.0,0.0,,12.217947904697724,0.994,0,0,1.0,181677.03,249,2014,4
Hibiscus,2014-10-20,202388.21,NGN,NGN/MT,Historical (World Bank/FAOSTAT/NEPC),wholesale,National,,,0.7,False,"Synthetic historical — verified annual anchors, weekly interpolated",Synthetic (World Bank/FAO × FX),historical,True,Hard bound violation (synthetic),153947.76,158.55,156.1875,101.07833333333332,11.4,12.5,0,1,0,0,0,1,0,0,0,1,0,1,0,1,1,1,1,0,0,0,-0.8660254037844386,0.5000000000000001,-0.8854560256532101,0.464723172043768,0,1276.49,202388.21,202388.21,202388.21,202388.21,202388.21,202388.21,202388.21,202388.21,0.0,202388.21,0.0,202388.21,0.0,202388.21,0.0,202388.21,202388.21,202388.21,202388.21,0.0,0.0,0.0,0.0,0.0,0.0,,12.217947904697724,0.994,0,0,1.0,181677.03,250,2014,4
Hibiscus,2014-10-27,202388.21,NGN,NGN/MT,Historical (World Bank/FAOSTAT/NEPC),wholesale,National,,,0.7,False,"Synthetic historical — verified annual anchors, weekly interpolated",Synthetic (World Bank/FAO × FX),historical,True,Hard bound violation (synthetic),164405.74,158.55,156.1875,101.07833333333332,11.4,12.5,0,1,0,0,0,1,0,0,0,1,0,1,0,1,1,1,1,0,0,0,-0.8660254037844386,0.5000000000000001,-0.822983865893657,0.5680647467311548,0,1276.49,202388.21,202388.21,202388.21,202388.21,202388.21,202388.21,202388.21,202388.21,0.0,202388.21,0.0,202388.21,0.0,202388.21,0.0,202388.21,202388.21,202388.21,202388.21,0.0,0.0,0.0,0.0,0.0,0.0,,12.217947904697724,0.994,0,0,1.0,181677.03,251,2014,4
Hibiscus,2014-11-03,202388.21,NGN,NGN/MT,Historical (World Bank/FAOSTAT/NEPC),wholesale,National,,,0.7,False,"Synthetic historical — verified annual anchors, weekly interpolated",Synthetic (World Bank/FAO × FX),historical,True,Hard bound violation (synthetic),170186.35,158.55,156.1875,101.07833333333332,11.4,12.5,1,0,0,0,0,1,0,0,0,1,0,1,1,1,1,0,1,0,0,0,-0.5000000000000004,0.8660254037844384,-0.7485107481711011,0.6631226582407952,1,1276.49,202388.21,202388.21,202388.21,202388.21,202388.21,202388.21,202388.21,202388.21,0.0,202388.21,0.0,202388.21,0.0,202388.21,0.0,202388.21,202388.21,202388.21,202388.21,0.0,0.0,0.0,0.0,0.0,0.0,,12.217947904697724,0.994,0,0,0.667,181677.03,252,2014,4
Hibiscus,2014-11-10,202388.21,NGN,NGN/MT,Historical (World Bank/FAOSTAT/NEPC),wholesale,National,,,0.7,False,"Synthetic historical — verified annual anchors, weekly interpolated",Synthetic (World Bank/FAO × FX),historical,True,Hard bound violation (synthetic),164955.83,158.55,158.36363636363637,98.416,11.4,12.5,1,0,0,0,0,1,0,0,0,1,0,1,1,1,1,0,1,0,0,0,-0.5000000000000004,0.8660254037844384,-0.6631226582407955,0.7485107481711007,1,1276.49,202388.21,202388.21,202388.21,202388.21,202388.21,202388.21,202388.21,202388.21,0.0,202388.21,0.0,202388.21,0.0,202388.21,0.0,202388.21,202388.21,202388.21,202388.21,0.0,0.0,0.0,0.0,0.0,0.0,,12.217947904697724,0.995,0,0,0.667,181677.03,253,2014,4
Hibiscus,2014-11-17,202388.21,NGN,NGN/MT,Historical (World Bank/FAOSTAT/NEPC),wholesale,National,,,0.7,False,"Synthetic historical — verified annual anchors, weekly interpolated",Synthetic (World Bank/FAO × FX),historical,True,Hard bound violation (synthetic),152707.02,158.55,158.36363636363637,98.416,11.4,12.5,1,0,0,0,0,1,0,0,0,1,0,1,1,1,1,0,1,0,0,0,-0.5000000000000004,0.8660254037844384,-0.5680647467311559,0.8229838658936564,1,1276.49,202388.21,202388.21,202388.21,202388.21,202388.21,202388.21,202388.21,202388.21,0.0,202388.21,0.0,202388.21,0.0,202388.21,0.0,202388.21,202388.21,202388.21,202388.21,0.0,0.0,0.0,0.0,0.0,0.0,,12.217947904697724,0.995,0,0,0.667,181677.03,254,2014,4
Hibiscus,2014-11-24,202388.21,NGN,NGN/MT,Historical (World Bank/FAOSTAT/NEPC),wholesale,National,,,0.7,False,"Synthetic historical — verified annual anchors, weekly interpolated",Synthetic (World Bank/FAO × FX),historical,True,Hard bound violation (synthetic),157675.68,158.55,158.36363636363637,98.416,11.4,12.5,1,0,0,0,0,1,0,0,0,1,0,1,1,1,1,0,1,0,0,0,-0.5000000000000004,0.8660254037844384,-0.4647231720437684,0.88545602565321,1,1276.49,202388.21,202388.21,202388.21,202388.21,202388.21,202388.21,202388.21,202388.21,0.0,202388.21,0.0,202388.21,0.0,202388.21,0.0,202388.21,202388.21,202388.21,202388.21,0.0,0.0,0.0,0.0,0.0,0.0,,12.217947904697724,0.995,0,0,0.667,181677.03,255,2014,4
Hibiscus,2014-12-01,202388.21,NGN,NGN/MT,Historical (World Bank/FAOSTAT/NEPC),wholesale,National,,,0.7,False,"Synthetic historical — verified annual anchors, weekly interpolated",Synthetic (World Bank/FAO × FX),historical,True,Hard bound violation (synthetic),162759.55,158.55,158.36363636363637,98.416,11.4,12.5,1,0,0,0,0,0,0,0,0,1,0,1,1,1,1,0,0,0,0,1,-2.4492935982947064e-16,1.0,-0.3546048870425359,0.9350162426854148,1,1276.49,202388.21,202388.21,202388.21,202388.21,202388.21,202388.21,202388.21,202388.21,0.0,202388.21,0.0,202388.21,0.0,202388.21,0.0,202388.21,202388.21,202388.21,202388.21,0.0,0.0,0.0,0.0,0.0,0.0,,12.217947904697724,0.995,0,0,0.333,181677.03,256,2014,4
Hibiscus,2014-12-08,202388.21,NGN,NGN/MT,Historical (World Bank/FAOSTAT/NEPC),wholesale,National,,,0.7,False,"Synthetic historical — verified annual anchors, weekly interpolated",Synthetic (World Bank/FAO × FX),historical,True,Hard bound violation (synthetic),153471.12,158.55,158.36363636363637,98.416,11.4,12.5,1,0,0,0,0,0,0,0,0,1,0,1,1,1,1,0,0,0,0,1,-2.4492935982947064e-16,1.0,-0.2393156642875578,0.970941817426052,1,1276.49,202388.21,202388.21,202388.21,202388.21,202388.21,202388.21,202388.21,202388.21,0.0,202388.21,0.0,202388.21,0.0,202388.21,0.0,202388.21,202388.21,202388.21,202388.21,0.0,0.0,0.0,0.0,0.0,0.0,,12.217947904697724,0.995,0,0,0.333,181677.03,257,2014,4
Hibiscus,2014-12-15,202388.21,NGN,NGN/MT,Historical (World Bank/FAOSTAT/NEPC),wholesale,National,,,0.7,False,"Synthetic historical — verified annual anchors, weekly interpolated",Synthetic (World Bank/FAO × FX),historical,True,Hard bound violation (synthetic),158887.73,158.55,156.575,103.53777777777778,11.4,12.5,1,0,0,0,0,0,0,0,0,1,0,1,1,1,1,0,0,0,0,1,-2.4492935982947064e-16,1.0,-0.1205366802553236,0.992708874098054,1,1276.49,202388.21,202388.21,202388.21,202388.21,202388.21,202388.21,202388.21,202388.21,0.0,202388.21,0.0,202388.21,0.0,202388.21,0.0,202388.21,202388.21,202388.21,202388.21,0.0,0.0,0.0,0.0,0.0,0.0,,12.217947904697724,1.003,0,0,0.333,181677.03,258,2014,4
Hibiscus,2014-12-22,202388.21,NGN,NGN/MT,Historical (World Bank/FAOSTAT/NEPC),wholesale,National,,,0.7,False,"Synthetic historical — verified annual anchors, weekly interpolated",Synthetic (World Bank/FAO × FX),historical,True,Hard bound violation (synthetic),160443.88,158.55,156.575,103.53777777777778,11.4,12.5,1,0,0,0,0,0,0,0,0,1,0,1,1,1,1,0,0,0,0,1,-2.4492935982947064e-16,1.0,6.432490598706546e-16,1.0,1,1276.49,202388.21,202388.21,202388.21,202388.21,202388.21,202388.21,202388.21,202388.21,0.0,202388.21,0.0,202388.21,0.0,202388.21,0.0,202388.21,202388.21,202388.21,202388.21,0.0,0.0,0.0,0.0,0.0,0.0,,12.217947904697724,1.003,0,0,0.333,181677.03,259,2014,4
Hibiscus,2014-12-29,202388.21,NGN,NGN/MT,Historical (World Bank/FAOSTAT/NEPC),wholesale,National,,,0.7,False,"Synthetic historical — verified annual anchors, weekly interpolated",Synthetic (World Bank/FAO × FX),historical,True,Hard bound violation (synthetic),152439.72,158.55,156.575,103.53777777777778,11.4,12.5,1,0,0,0,0,0,0,0,0,1,0,1,1,1,1,0,0,0,0,1,-2.4492935982947064e-16,1.0,0.120536680255323,0.992708874098054,1,1276.49,202388.21,202388.21,202388.21,202388.21,202388.21,202388.21,202388.21,202388.21,0.0,202388.21,0.0,202388.21,0.0,202388.21,0.0,202388.21,202388.21,202388.21,202388.21,0.0,0.0,0.0,0.0,0.0,0.0,,12.217947904697724,1.003,0,0,0.333,181677.03,260,2014,4
Hibiscus,2015-01-05,202388.21,NGN,NGN/MT,Historical (World Bank/FAOSTAT/NEPC),wholesale,National,,,0.7,False,"Synthetic historical — verified annual anchors, weekly interpolated",Synthetic (World Bank/FAO × FX),historical,True,Hard bound violation (synthetic),189660.71,193.28,156.575,103.53777777777778,11.4,12.5,1,0,0,0,0,0,0,0,0,1,0,0,1,0,0,0,0,0,0,1,0.4999999999999999,0.8660254037844387,0.2393156642875577,0.970941817426052,1,1047.12,202388.21,202388.21,202388.21,202388.21,202388.21,202388.21,202388.21,202388.21,0.0,202388.21,0.0,202388.21,0.0,202388.21,0.0,202388.21,202388.21,202388.21,202388.21,0.0,0.0,0.0,0.0,0.0,0.0,,12.217947904697724,1.003,0,0,0.0,181677.03,261,2015,1
Hibiscus,2015-01-12,202388.21,NGN,NGN/MT,Historical (World Bank/FAOSTAT/NEPC),wholesale,National,,,0.7,False,"Synthetic historical — verified annual anchors, weekly interpolated",Synthetic (World Bank/FAO × FX),historical,True,Hard bound violation (synthetic),171524.78,193.28,162.94444444444446,100.82222222222222,11.4,12.5,1,0,0,0,0,0,0,0,0,1,0,0,1,0,0,0,0,0,0,1,0.4999999999999999,0.8660254037844387,0.3546048870425356,0.9350162426854148,1,1047.12,202388.21,202388.21,202388.21,202388.21,202388.21,202388.21,202388.21,202388.21,0.0,202388.21,0.0,202388.21,0.0,202388.21,0.0,202388.21,202388.21,202388.21,202388.21,0.0,0.0,0.0,0.0,0.0,0.0,,12.217947904697724,1.022,0,0,0.0,181677.03,262,2015,1
Hibiscus,2015-01-19,202388.21,NGN,NGN/MT,Historical (World Bank/FAOSTAT/NEPC),wholesale,National,,,0.7,False,"Synthetic historical — verified annual anchors, weekly interpolated",Synthetic (World Bank/FAO × FX),historical,True,Hard bound violation (synthetic),184160.99,193.28,162.94444444444446,100.82222222222222,11.4,12.5,1,0,0,0,0,0,0,0,0,1,0,0,1,0,0,0,0,0,0,1,0.4999999999999999,0.8660254037844387,0.4647231720437685,0.8854560256532099,1,1047.12,202388.21,202388.21,202388.21,202388.21,202388.21,202388.21,202388.21,202388.21,0.0,202388.21,0.0,202388.21,0.0,202388.21,0.0,202388.21,202388.21,202388.21,202388.21,0.0,0.0,0.0,0.0,0.0,0.0,,12.217947904697724,1.022,0,0,0.0,181677.03,263,2015,1
Hibiscus,2015-01-26,202388.21,NGN,NGN/MT,Historical (World Bank/FAOSTAT/NEPC),wholesale,National,,,0.7,False,"Synthetic historical — verified annual anchors, weekly interpolated",Synthetic (World Bank/FAO × FX),historical,True,Hard bound violation (synthetic),188560.36,193.28,162.94444444444446,100.82222222222222,11.4,12.5,1,0,0,0,0,0,0,0,0,1,0,0,1,0,0,0,0,0,0,1,0.4999999999999999,0.8660254037844387,0.5680647467311558,0.8229838658936564,1,1047.12,202388.21,202388.21,202388.21,202388.21,202388.21,202388.21,202388.21,202388.21,0.0,202388.21,0.0,202388.21,0.0,202388.21,0.0,202388.21,202388.21,202388.21,202388.21,0.0,0.0,0.0,0.0,0.0,0.0,,12.217947904697724,1.022,0,0,0.0,181677.03,264,2015,1
Hibiscus,2015-02-02,202388.21,NGN,NGN/MT,Historical (World Bank/FAOSTAT/NEPC),wholesale,National,,,0.7,False,"Synthetic historical — verified annual anchors, weekly interpolated",Synthetic (World Bank/FAO × FX),historical,True,Hard bound violation (synthetic),182887.64,193.28,162.94444444444446,100.82222222222222,11.4,12.5,1,0,0,0,0,0,0,0,1,1,0,0,1,0,0,0,0,0,0,0,0.8660254037844386,0.5000000000000001,0.6631226582407952,0.7485107481711011,1,1047.12,202388.21,202388.21,202388.21,202388.21,202388.21,202388.21,202388.21,202388.21,0.0,202388.21,0.0,202388.21,0.0,202388.21,0.0,202388.21,202388.21,202388.21,202388.21,0.0,0.0,0.0,0.0,0.0,0.0,,12.217947904697724,1.022,0,0,0.0,181677.03,265,2015,1
Hibiscus,2015-02-09,202388.21,NGN,NGN/MT,Historical (World Bank/FAOSTAT/NEPC),wholesale,National,,,0.7,False,"Synthetic historical — verified annual anchors, weekly interpolated",Synthetic (World Bank/FAO × FX),historical,True,Hard bound violation (synthetic),199304.74,193.28,155.50416666666666,92.3,11.4,12.5,1,0,0,0,0,0,0,0,1,1,0,0,1,0,0,0,0,0,0,0,0.8660254037844386,0.5000000000000001,0.7485107481711011,0.6631226582407953,1,1047.12,202388.21,202388.21,202388.21,202388.21,202388.21,202388.21,202388.21,202388.21,0.0,202388.21,0.0,202388.21,0.0,202388.21,0.0,202388.21,202388.21,202388.21,202388.21,0.0,0.0,0.0,0.0,0.0,0.0,,12.217947904697724,0.963,0,0,0.0,181677.03,266,2015,1
Hibiscus,2015-02-16,202388.21,NGN,NGN/MT,Historical (World Bank/FAOSTAT/NEPC),wholesale,National,,,0.7,False,"Synthetic historical — verified annual anchors, weekly interpolated",Synthetic (World Bank/FAO × FX),historical,True,Hard bound violation (synthetic),181848.19,193.28,155.50416666666666,92.3,11.4,12.5,1,0,0,0,0,0,0,0,1,1,0,0,1,0,0,0,0,0,0,0,0.8660254037844386,0.5000000000000001,0.8229838658936564,0.5680647467311559,1,1047.12,202388.21,202388.21,202388.21,202388.21,202388.21,202388.21,202388.21,202388.21,0.0,202388.21,0.0,202388.21,0.0,202388.21,0.0,202388.21,202388.21,202388.21,202388.21,0.0,0.0,0.0,0.0,0.0,0.0,,12.217947904697724,0.963,0,0,0.0,181677.03,267,2015,1
Hibiscus,2015-02-23,202388.21,NGN,NGN/MT,Historical (World Bank/FAOSTAT/NEPC),wholesale,National,,,0.7,False,"Synthetic historical — verified annual anchors, weekly interpolated",Synthetic (World Bank/FAO × FX),historical,True,Hard bound violation (synthetic),187491.75,193.28,155.50416666666666,92.3,11.4,12.5,1,0,0,0,0,0,0,0,1,1,0,0,1,0,0,0,0,0,0,0,0.8660254037844386,0.5000000000000001,0.8854560256532099,0.4647231720437686,1,1047.12,202388.21,202388.21,202388.21,202388.21,202388.21,202388.21,202388.21,202388.21,0.0,202388.21,0.0,202388.21,0.0,202388.21,0.0,202388.21,202388.21,202388.21,202388.21,0.0,0.0,0.0,0.0,0.0,0.0,,12.217947904697724,0.963,0,0,0.0,181677.03,268,2015,1
Hibiscus,2015-03-02,202388.21,NGN,NGN/MT,Historical (World Bank/FAOSTAT/NEPC),wholesale,National,,,0.7,False,"Synthetic historical — verified annual anchors, weekly interpolated",Synthetic (World Bank/FAO × FX),historical,True,Hard bound violation (synthetic),194760.91,193.28,155.50416666666666,92.3,11.4,12.5,1,0,0,1,0,0,0,0,1,1,0,0,0,0,0,0,0,0,0,0,1.0,6.123233995736766e-17,0.9350162426854148,0.3546048870425355,0,1047.12,202388.21,202388.21,202388.21,202388.21,202388.21,202388.21,202388.21,202388.21,0.0,202388.21,0.0,202388.21,0.0,202388.21,0.0,202388.21,202388.21,202388.21,202388.21,0.0,0.0,0.0,0.0,0.0,0.0,,12.217947904697724,0.963,0,0,0.0,181677.03,269,2015,1
Hibiscus,2015-03-09,202388.21,NGN,NGN/MT,Historical (World Bank/FAOSTAT/NEPC),wholesale,National,,,0.7,False,"Synthetic historical — verified annual anchors, weekly interpolated",Synthetic (World Bank/FAO × FX),historical,False,,202388.21,193.28,159.375,104.82555555555555,11.4,12.5,1,0,0,1,0,0,0,0,1,1,0,0,0,0,0,0,0,0,0,0,1.0,6.123233995736766e-17,0.970941817426052,0.239315664287558,0,1047.12,202388.21,202388.21,202388.21,202388.21,202388.21,202388.21,202388.21,202388.21,0.0,202388.21,0.0,202388.21,0.0,202388.21,0.0,202388.21,202388.21,202388.21,202388.21,0.0,0.0,0.0,0.0,0.0,0.0,,12.217947904697724,1.019,0,0,0.0,181677.03,270,2015,1
Hibiscus,2015-03-16,202180.63728395055,NGN,NGN/MT,Historical (World Bank/FAOSTAT/NEPC),wholesale,National,,,0.7,False,"Synthetic historical — verified annual anchors, weekly interpolated",Synthetic (World Bank/FAO × FX),historical,True,Hard bound violation (synthetic),185643.28,193.28,159.375,104.82555555555555,11.4,12.5,1,0,0,1,0,0,0,0,1,1,0,0,0,0,0,0,0,0,0,0,1.0,6.123233995736766e-17,0.992708874098054,0.120536680255323,0,1046.05,202388.21,202388.21,202388.21,202388.21,202388.21,202388.21,202388.21,202336.31682098762,103.7863580247164,202362.26341049382,73.38803755393673,202370.91227366254,59.92108174378446,202380.2264339981,40.70835883175237,202388.21,202180.63728395055,202388.21,202180.63728395055,-0.1025616640660254,-0.1025616640660254,-0.1025616640660254,-0.1025616640660254,-0.022,-0.1025616640660254,-7.072,12.216921766825177,1.019,0,0,0.0,181490.7,271,2015,1
Hibiscus,2015-03-23,202017.0263786008,NGN,NGN/MT,Historical (World Bank/FAOSTAT/NEPC),wholesale,National,,,0.7,False,"Synthetic historical — verified annual anchors, weekly interpolated",Synthetic (World Bank/FAO × FX),historical,False,,200769.61,193.28,159.375,104.82555555555555,11.4,12.5,1,0,0,1,0,0,0,0,1,1,0,0,0,0,0,0,0,0,0,0,1.0,6.123233995736766e-17,1.0,-1.6081226496766364e-16,0,1045.2,202180.63728395055,202388.21,202388.21,202388.21,202388.21,202388.21,202388.21,202243.52091563784,179.92960540992803,202315.8654578189,140.91225789529628,202339.98030521264,117.91771851274228,202365.95014086735,81.97089207747587,202388.21,202017.0263786008,202388.21,202017.0263786008,-0.08092313267366036,-0.18340180062820233,-0.18340180062820233,-0.18340180062820233,-0.06,0.021638531392365046,-6.157,12.216112211899759,1.019,0,0,0.0,181343.83,272,2015,1
Hibiscus,2015-03-30,202017.0263786008,NGN,NGN/MT,Historical (World Bank/FAOSTAT/NEPC),wholesale,National,,,0.7,False,"Synthetic historical — verified annual anchors, weekly interpolated",Synthetic (World Bank/FAO × FX),historical,True,Hard bound violation (synthetic),194059.56,193.28,159.375,104.82555555555555,11.4,12.5,1,0,0,1,0,0,0,0,1,1,0,0,0,0,0,0,0,0,0,0,1.0,6.123233995736766e-17,0.992708874098054,-0.1205366802553228,0,1045.2,202017.0263786008,202180.63728395055,202388.21,202388.21,202388.21,202388.21,202388.21,202150.72501028806,176.11029941888393,202269.467505144,171.4820912603813,202309.0483367627,148.76527176614366,202351.67384773662,106.57088590429382,202388.21,202017.0263786008,202388.21,202017.0263786008,0.0,-0.18340180062820233,-0.18340180062820233,-0.18340180062820233,-0.099,0.08092313267366036,-4.592,12.216112211899759,1.019,0,0,0.0,181343.83,273,2015,1
Hibiscus,2015-04-06,202060.9881893004,NGN,NGN/MT,Historical (World Bank/FAOSTAT/NEPC),wholesale,National,,,0.7,False,"Synthetic historical — verified annual anchors, weekly interpolated",Synthetic (World Bank/FAO × FX),historical,True,Hard bound violation (synthetic),194110.95,193.28,159.375,104.82555555555555,11.4,12.5,0,1,1,1,0,0,0,0,1,0,0,0,0,0,0,0,0,0,0,0,0.8660254037844387,-0.4999999999999998,0.970941817426052,-0.2393156642875575,0,1045.43,202017.0263786008,202017.0263786008,202388.21,202388.21,202388.21,202388.21,202388.21,202068.91955761315,77.3079578424837,202228.56477880658,178.013777250349,202281.7798525377,162.30907440312376,202339.08839347895,120.49545543766475,202180.63728395055,202017.0263786008,202388.21,202017.0263786008,0.02176143837362421,-0.16168027312439825,-0.16168027312439825,-0.16168027312439825,-0.134,0.02176143837362421,-3.442,12.21632980153195,1.019,0,0,0.333,181383.29,274,2015,2
Hibiscus,2015-04-13,202104.95,NGN,NGN/MT,Historical (World Bank/FAOSTAT/NEPC),wholesale,National,,,0.7,False,"Synthetic historical — verified annual anchors, weekly interpolated",Synthetic (World Bank/FAO × FX),historical,False,,202772.62,193.28,158.54166666666666,108.0681818181818,11.4,12.5,0,1,1,1,0,0,0,0,1,0,0,0,0,0,0,0,0,0,0,0,0.8660254037844387,-0.4999999999999998,0.9350162426854148,-0.3546048870425354,0,1045.66,202060.9881893004,202017.0263786008,202180.63728395055,202388.21,202388.21,202388.21,202388.21,202049.9977366255,42.09022926985611,202193.15727880658,169.70008109942736,202258.1748525377,165.97964281782603,202328.19377809434,128.42129353780885,202104.95,202017.0263786008,202388.21,202017.0263786008,0.021756703801933952,-0.0374354760017126,-0.13995874562059418,-0.13995874562059418,-0.137,-4.734571690256928e-06,-2.669,12.216547343829195,1.025,0,0,0.333,181422.76,275,2015,2
Hibiscus,2015-04-20,202772.62,NGN,NGN/MT,Historical (World Bank/FAOSTAT/NEPC),wholesale,National,,,0.7,False,"Synthetic historical — verified annual anchors, weekly interpolated",Synthetic (World Bank/FAO × FX),historical,False,,201194.36,193.28,158.54166666666666,108.0681818181818,11.4,12.5,0,1,1,1,0,0,0,0,1,0,0,0,0,0,0,0,0,0,0,0,0.8660254037844387,-0.4999999999999998,0.8854560256532099,-0.4647231720437685,0,1049.11,202104.95,202060.9881893004,202017.0263786008,202388.21,202388.21,202388.21,202388.21,202238.8961419753,357.6218473469896,202241.20852880657,262.0923836227811,202290.20901920437,221.25100437221369,202342.97877809432,154.9877329111725,202772.62,202017.0263786008,202772.62,202017.0263786008,0.3303580639662629,0.3740247220465065,0.18993695334328375,0.18993695334328375,-0.051,0.30860136016432893,3.671,12.219845463342708,1.025,0,0,0.333,182022.1,276,2015,2
Hibiscus,2015-04-27,202791.6975,NGN,NGN/MT,Historical (World Bank/FAOSTAT/NEPC),wholesale,National,,,0.7,False,"Synthetic historical — verified annual anchors, weekly interpolated",Synthetic (World Bank/FAO × FX),historical,True,Hard bound violation (synthetic),196398.7,193.28,158.54166666666666,108.0681818181818,11.4,12.5,0,1,1,1,0,0,0,0,1,0,0,0,0,0,0,0,0,0,0,0,0.8660254037844387,-0.4999999999999998,0.8229838658936565,-0.5680647467311557,0,1049.21,202772.62,202104.95,202017.0263786008,202388.21,202388.21,202388.21,202388.21,202432.5639223251,404.1511557372284,202291.64446630655,325.5600290076079,202323.83297753768,264.02336906531366,202358.49752809433,178.1651975147341,202791.6975,202060.9881893004,202791.6975,202017.0263786008,0.009408321498249883,0.3834682329930894,0.19936314472073224,0.19936314472073224,0.037,-0.320949742468013,3.33,12.219939541668206,1.025,0,0,0.333,182039.23,277,2015,2
Hibiscus,2015-05-04,202810.775,NGN,NGN/MT,Historical (World Bank/FAOSTAT/NEPC),wholesale,National,,,0.7,False,"Synthetic historical — verified annual anchors, weekly interpolated",Synthetic (World Bank/FAO × FX),historical,False,,204427.19,193.28,158.54166666666666,108.0681818181818,11.4,12.5,0,1,1,1,0,0,0,0,1,0,1,0,0,0,0,0,0,0,0,0,0.4999999999999999,-0.8660254037844387,0.7485107481711013,-0.663122658240795,0,1049.31,202791.6975,202772.62,202060.9881893004,202388.21,202388.21,202388.21,202388.21,202620.01062500002,343.72687732151246,202344.46509130657,374.12312502021484,202359.04672753767,299.2232015020266,202374.7500280943,199.0352012163439,202810.775,202104.95,202810.775,202017.0263786008,0.009407436416375425,0.3710695554933974,0.20878933609818073,0.20878933609818073,0.121,-8.850818744576827e-07,3.077,12.220033611143803,1.025,0,0,0.333,182056.35,278,2015,2
Hibiscus,2015-05-11,204427.19,NGN,NGN/MT,Historical (World Bank/FAOSTAT/NEPC),wholesale,National,,,0.7,False,"Synthetic historical — verified annual anchors, weekly interpolated",Synthetic (World Bank/FAO × FX),historical,False,,201641.88,193.28,155.0,117.72,11.4,12.5,0,1,1,1,0,0,0,0,1,0,1,0,0,0,0,0,0,0,0,0,0.4999999999999999,-0.8660254037844387,0.6631226582407952,-0.7485107481711012,0,1057.67,202810.775,202791.6975,202104.95,202180.63728395055,202388.21,202388.21,202388.21,203200.570625,817.8945918596243,202625.28418081274,815.896123929704,202528.9617275377,668.4304940923821,202453.17233578663,449.1236993780174,204427.19,202772.62,204427.19,202017.0263786008,0.7970064706867896,1.1490267803930587,1.007459871303773,1.007459871303773,0.369,0.7875990342704142,6.347,12.227972043653441,1.04,0,0,0.333,183507.35,279,2015,2
Hibiscus,2015-05-18,204694.73,NGN,NGN/MT,Historical (World Bank/FAOSTAT/NEPC),wholesale,National,,,0.7,False,"Synthetic historical — verified annual anchors, weekly interpolated",Synthetic (World Bank/FAO × FX),historical,False,,204694.73,193.28,155.0,117.72,11.4,12.5,0,1,1,1,0,0,0,0,1,0,1,0,0,0,0,0,0,0,0,0,0.4999999999999999,-0.8660254037844387,0.5680647467311558,-0.8229838658936564,0,1059.06,204427.19,202810.775,202772.62,202017.0263786008,202388.21,202388.21,202388.21,203681.09812500002,1021.8607990030106,202959.99713348766,1047.1847806924798,202721.17172753773,911.6517243571836,202541.88464347893,627.9664442805677,204694.73,202791.6975,204694.73,202017.0263786008,0.13087300177634376,0.9479139737899489,1.139651366055383,1.139651366055383,0.562,-0.6661334689104459,4.994,12.22927991163699,1.04,0,0,0.333,183747.51,280,2015,2
Hibiscus,2015-05-25,208052.24,NGN,NGN/MT,Historical (World Bank/FAOSTAT/NEPC),wholesale,National,,,0.7,False,"Synthetic historical — verified annual anchors, weekly interpolated",Synthetic (World Bank/FAO × FX),historical,False,,208052.24,193.28,155.0,117.72,11.4,12.5,0,1,1,1,0,0,0,0,1,0,1,0,0,0,0,0,0,0,0,0,0.4999999999999999,-0.8660254037844387,0.464723172043769,-0.8854560256532096,0,1076.43,204694.73,204427.19,202791.6975,202017.0263786008,202388.21,202388.21,202388.21,204996.23375,2200.7664913743806,203714.39883616255,2005.8820606755978,203193.1742275377,1778.1038579271926,202759.73195117124,1248.439873625692,208052.24,202810.775,208052.24,202017.0263786008,1.6402522917907891,2.5940620670626746,2.7985968154963237,2.7985968154963237,1.103,1.5093792900144454,6.128,12.24554928746935,1.04,0,0,0.333,186761.44,281,2015,2
Hibiscus,2015-06-01,208052.24,NGN,NGN/MT,Historical (World Bank/FAOSTAT/NEPC),wholesale,National,,,0.7,False,"Synthetic historical — verified annual anchors, weekly interpolated",Synthetic (World Bank/FAO × FX),historical,False,,219991.91,193.28,155.0,117.72,11.4,12.5,0,1,1,0,0,0,0,1,0,0,1,0,0,0,0,0,0,0,1,0,1.2246467991473532e-16,-1.0,0.3546048870425358,-0.9350162426854148,0,1076.43,208052.24,204694.73,202810.775,202060.9881893004,202388.21,202388.21,202388.21,206306.59999999998,2018.648464047195,204463.3053125,2383.309577712274,203665.17672753774,2237.4356888422444,202977.57925886355,1619.9231111628776,208052.24,204427.19,208052.24,202017.0263786008,0.0,2.5844115037773507,2.7985968154963237,2.7985968154963237,1.64,-1.6402522917907891,4.579,12.24554928746935,1.04,0,0,0.333,186761.44,282,2015,2
Hibiscus,2015-06-08,216240.93,NGN,NGN/MT,Historical (World Bank/FAOSTAT/NEPC),wholesale,National,,,0.7,False,"Synthetic historical — verified annual anchors, weekly interpolated",Synthetic (World Bank/FAO × FX),historical,False,,202201.76,193.28,155.0,117.72,11.4,12.5,0,1,1,0,0,0,0,1,0,0,1,0,0,0,0,0,0,0,1,0,1.2246467991473532e-16,-1.0,0.2393156642875576,-0.970941817426052,0,1118.8,208052.24,208052.24,204427.19,202104.95,202180.63728395055,202388.21,202388.21,209260.035,4915.704163464297,206230.30281249998,4597.103342355429,204836.8677872085,4205.393688383822,203510.3761819405,3058.0529905078934,216240.93,204694.73,216240.93,202017.0263786008,3.9358816804856422,5.778947506933885,6.954322087877585,6.8446279553537215,2.825,3.9358816804856422,6.001,12.284153106178719,1.04,0,0,0.333,194112.15,283,2015,2
Hibiscus,2015-06-15,216240.93,NGN,NGN/MT,Historical (World Bank/FAOSTAT/NEPC),wholesale,National,,,0.7,False,"Synthetic historical — verified annual anchors, weekly interpolated",Synthetic (World Bank/FAO × FX),historical,False,,223438.11,193.28,178.0,115.046,11.4,12.5,0,1,1,0,0,0,0,1,0,0,1,0,0,0,0,0,0,0,1,0,1.2246467991473532e-16,-1.0,0.120536680255323,-0.992708874098054,0,1118.8,216240.93,208052.24,204694.73,202772.62,202017.0263786008,202388.21,202388.21,212146.58499999996,4727.74237581045,207913.8415625,5522.889751561382,206022.19308899177,5220.413370503342,204043.1731050174,3935.577514425197,216240.93,208052.24,216240.93,202017.0263786008,0.0,5.640692361742761,7.040942972174102,6.8446279553537215,3.971,-3.9358816804856422,4.524,12.284153106178719,1.132,0,0,0.333,194112.15,284,2015,2
Hibiscus,2015-06-22,214973.665,NGN,NGN/MT,Historical (World Bank/FAOSTAT/NEPC),wholesale,National,,,0.7,False,"Synthetic historical — verified annual anchors, weekly interpolated",Synthetic (World Bank/FAO × FX),historical,True,Hard bound violation (synthetic),197701.85,193.28,178.0,115.046,11.4,12.5,0,1,1,0,0,0,0,1,0,0,1,0,0,0,0,0,0,1,1,0,1.2246467991473532e-16,-1.0,-3.216245299353273e-16,-1.0,0,1112.24,216240.93,216240.93,208052.24,202791.6975,202017.0263786008,202388.21,202388.21,213876.94124999997,3928.8180264901007,209436.58750000002,5587.880816113192,207101.91297410836,5639.776123699659,204527.22906655585,4462.573002056631,216240.93,208052.24,216240.93,202060.9881893004,-0.5860430770437297,3.326772641332787,6.41363693628334,6.218472410028242,4.571,-0.5860430770437297,3.484,12.278275462957149,1.132,0,0,0.333,192974.56,285,2015,2
Hibiscus,2015-06-29,213706.4,NGN,NGN/MT,Historical (World Bank/FAOSTAT/NEPC),wholesale,National,,,0.7,False,"Synthetic historical — verified annual anchors, weekly interpolated",Synthetic (World Bank/FAO × FX),historical,False,,209043.75,193.28,178.0,115.046,11.4,12.5,0,1,1,0,0,0,0,1,0,0,1,0,0,0,0,0,0,1,1,0,1.2246467991473532e-16,-1.0,-0.1205366802553228,-0.992708874098054,0,1105.68,214973.665,216240.93,208052.24,202810.775,202060.9881893004,202388.21,202388.21,215290.48124999998,1213.3138637111306,210798.540625,5043.545537020883,208072.36395833336,5695.172172476521,204962.54406655586,4785.890694721577,216240.93,213706.4,216240.93,202104.95,-0.589497788019766,2.7176636021799094,5.763315281715631,5.59231686470274,5.039,-0.003454710976036335,2.791,12.272363068690858,1.132,0,0,0.333,191836.98,286,2015,2
Hibiscus,2015-07-06,211770.25,NGN,NGN/MT,Historical (World Bank/FAOSTAT/NEPC),wholesale,National,,,0.7,False,"Synthetic historical — verified annual anchors, weekly interpolated",Synthetic (World Bank/FAO × FX),historical,False,,213706.4,193.28,178.0,115.046,11.4,12.5,0,1,1,0,0,0,1,1,0,0,1,0,0,0,0,0,0,1,1,0,-0.4999999999999997,-0.8660254037844388,-0.2393156642875574,-0.970941817426052,0,1095.67,213706.4,214973.665,216240.93,204427.19,202104.95,202388.21,202388.21,214172.81125,1906.8579659674642,211716.423125,4337.074477115847,208877.805625,5452.8086449417615,205323.39175886355,4935.386186520549,216240.93,211770.25,216240.93,202772.62,-0.9059859695357719,-2.0674531875163438,4.782317305934369,4.63566528900079,4.31,-0.3164881815160059,2.105,12.26326196167042,1.132,0,0,0.333,190098.97,287,2015,3
Hibiscus,2015-07-13,211770.25,NGN,NGN/MT,Historical (World Bank/FAOSTAT/NEPC),wholesale,National,,,0.7,False,"Synthetic historical — verified annual anchors, weekly interpolated",Synthetic (World Bank/FAO × FX),historical,False,,211770.25,193.28,161.52,100.36666666666667,11.4,12.5,0,1,1,0,0,0,1,1,0,0,1,0,0,0,0,0,0,1,1,0,-0.4999999999999997,-0.8660254037844388,-0.3546048870425356,-0.9350162426854148,0,1095.67,211770.25,213706.4,216240.93,204694.73,202772.62,202388.21,202388.21,213055.14125,1571.2799864463495,212600.863125,3297.4525930167038,209627.608125,5147.027745836815,205684.23945117125,5053.7594798053115,214973.665,211770.25,216240.93,202791.6975,0.0,-2.0674531875163438,4.4373002627277724,4.63566528900079,3.584,0.9059859695357719,1.978,12.26326196167042,1.015,0,0,0.333,190098.97,288,2015,3
Hibiscus,2015-07-20,208688.83,NGN,NGN/MT,Historical (World Bank/FAOSTAT/NEPC),wholesale,National,,,0.7,False,"Synthetic historical — verified annual anchors, weekly interpolated",Synthetic (World Bank/FAO × FX),historical,False,,206076.99,193.28,161.52,100.36666666666667,11.4,12.5,0,1,1,0,0,0,1,1,0,0,1,0,0,0,0,0,0,0,1,0,-0.4999999999999997,-0.8660254037844388,-0.464723172043768,-0.8854560256532101,0,1079.72,211770.25,211770.25,214973.665,208052.24,202791.6975,202388.21,202388.21,211483.9325,2074.922905851083,212680.436875,3177.504191447118,210119.03583333336,4696.850557606092,205926.5709896328,5040.432669040674,213706.4,208688.83,216240.93,202810.775,-1.455076905278252,-2.9235371690760403,2.9079753129439556,3.1131358886962834,2.699,-1.455076905278252,1.146,12.24860436164315,1.015,0,0,0.333,187332.88,289,2015,3
Hibiscus,2015-07-27,206076.99,NGN,NGN/MT,Historical (World Bank/FAOSTAT/NEPC),wholesale,National,,,0.7,False,"Synthetic historical — verified annual anchors, weekly interpolated",Synthetic (World Bank/FAO × FX),historical,False,,208688.83,193.28,161.52,100.36666666666667,11.4,12.5,0,1,1,0,0,0,1,1,0,0,1,0,0,0,0,0,0,0,1,0,-0.4999999999999997,-0.8660254037844388,-0.5680647467311556,-0.8229838658936565,0,1066.21,208688.83,211770.25,213706.4,208052.24,202810.775,202388.21,202388.21,209576.58,2748.308956940678,212433.530625,3632.6561111577653,210391.22041666668,4313.856126770321,206068.44714347896,4988.500034059346,211770.25,206076.99,216240.93,204427.19,-1.2515475792355568,-3.5700428251095873,1.6104740983313048,1.8226259326074468,1.702,0.20352932604269514,0.467,12.236009968356772,1.015,0,0,0.333,184988.32,290,2015,3
Hibiscus,2015-08-03,202953.25,NGN,NGN/MT,Historical (World Bank/FAOSTAT/NEPC),wholesale,National,,,0.7,False,"Synthetic historical — verified annual anchors, weekly interpolated",Synthetic (World Bank/FAO × FX),historical,False,,202953.25,193.28,161.52,100.36666666666667,11.4,12.5,0,1,0,0,1,0,1,1,0,0,1,0,0,0,0,1,0,0,1,0,-0.8660254037844384,-0.5000000000000004,-0.663122658240795,-0.7485107481711013,0,1050.05,206076.99,208688.83,211770.25,216240.93,204427.19,202388.21,202388.21,207372.33,3754.1553128233904,210772.570625,4561.9929653093295,210268.3920833333,4515.3838558448,206090.17945117128,4973.032647922638,211770.25,202953.25,216240.93,202953.25,-1.5158121243909806,-4.163474331262296,-0.7210097639164359,0.27918622334770493,0.622,-0.26426454515542375,-0.325,12.220735863166285,1.015,0,0,0.333,182184.25,291,2015,3
Hibiscus,2015-08-10,202953.25,NGN,NGN/MT,Historical (World Bank/FAOSTAT/NEPC),wholesale,National,,,0.7,False,"Synthetic historical — verified annual anchors, weekly interpolated",Synthetic (World Bank/FAO × FX),historical,False,,202357.73,193.28,158.63636363636363,108.36153846153846,11.4,12.5,0,1,0,0,1,0,1,1,0,0,1,0,0,0,0,1,0,0,1,0,-0.8660254037844384,-0.5000000000000004,-0.7485107481711011,-0.6631226582407952,0,1050.05,202953.25,206076.99,211770.25,216240.93,204694.73,202388.21,202388.21,205168.08,2770.8447453438853,209111.610625,4703.357076422303,210123.26874999996,4733.521371505536,206111.91175886357,4957.41792417663,208688.83,202953.25,216240.93,202953.25,0.0,-4.163474331262296,-0.8507693383215109,0.27918622334770493,-0.458,1.5158121243909806,-0.329,12.220735863166285,1.027,0,0,0.333,182184.25,292,2015,3
Hibiscus,2015-08-17,208206.36,NGN,NGN/MT,Historical (World Bank/FAOSTAT/NEPC),wholesale,National,,,0.7,False,"Synthetic historical — verified annual anchors, weekly interpolated",Synthetic (World Bank/FAO × FX),historical,False,,211250.54,193.28,158.63636363636363,108.36153846153846,11.4,12.5,0,1,0,0,1,0,1,1,0,0,1,0,0,0,0,1,0,0,1,0,-0.8660254037844384,-0.5000000000000004,-0.8229838658936564,-0.5680647467311559,0,1077.23,202953.25,202953.25,208688.83,214973.665,208052.24,202388.21,202388.21,205047.4625,2569.695979363733,208265.69749999998,4063.464735499743,210136.11208333334,4727.596640783895,206335.68675886357,4913.730208317419,208206.36,202953.25,216240.93,202953.25,2.588334998330888,-0.2311910992073729,0.07407754898480778,2.8747474964080144,-0.624,2.588334998330888,0.967,12.246289785162586,1.027,0,0,0.333,186899.78,293,2015,3
Hibiscus,2015-08-24,208206.36,NGN,NGN/MT,Historical (World Bank/FAOSTAT/NEPC),wholesale,National,,,0.7,False,"Synthetic historical — verified annual anchors, weekly interpolated",Synthetic (World Bank/FAO × FX),historical,False,,208206.36,193.28,158.63636363636363,108.36153846153846,11.4,12.5,0,1,0,0,1,0,1,1,0,0,1,0,0,0,0,1,0,0,1,0,-0.8660254037844384,-0.5000000000000004,-0.8854560256532096,-0.4647231720437691,0,1077.23,208206.36,202953.25,206076.99,213706.4,208052.24,202388.21,202388.21,205579.805,3032.8844725826866,207578.1925,3426.8517797316476,210148.95541666666,4721.626364702227,206559.4617588636,4858.944342551637,208206.36,202953.25,216240.93,202953.25,0.0,1.0332885782153634,0.07407754898480778,2.8747474964080144,-0.474,-2.588334998330888,0.933,12.246289785162586,1.027,0,0,0.333,186899.78,294,2015,3
Hibiscus,2015-08-31,205397.6,NGN,NGN/MT,Historical (World Bank/FAOSTAT/NEPC),wholesale,National,,,0.7,False,"Synthetic historical — verified annual anchors, weekly interpolated",Synthetic (World Bank/FAO × FX),historical,False,,201717.82,193.28,158.63636363636363,108.36153846153846,11.4,12.5,0,1,0,0,1,0,1,1,0,0,1,0,0,0,0,1,0,0,1,0,-0.8660254037844384,-0.5000000000000004,-0.9350162426854148,-0.3546048870425359,0,1062.69,208206.36,208206.36,202953.25,211770.25,216240.93,202388.21,202388.21,206190.89250000002,2532.1835396533866,206781.61125,3030.99455404815,209245.34458333335,4481.237494674726,206675.20752809432,4790.973848606504,208206.36,202953.25,216240.93,202953.25,-1.3490269941801913,1.2043906663234072,-5.014466965157793,1.4869393824867627,-0.234,-1.3490269941801913,0.217,12.232707760484525,1.027,0,0,0.333,184378.46,295,2015,3
Hibiscus,2015-09-07,204877.17,NGN,NGN/MT,Historical (World Bank/FAOSTAT/NEPC),wholesale,National,,,0.7,False,"Synthetic historical — verified annual anchors, weekly interpolated",Synthetic (World Bank/FAO × FX),historical,False,,205397.6,193.28,158.63636363636363,108.36153846153846,11.4,12.5,0,1,0,0,1,1,0,0,0,0,0,0,0,0,0,1,0,0,0,0,-1.0,-1.8369701987210287e-16,-0.970941817426052,-0.2393156642875577,0,1060.0,205397.6,208206.36,202953.25,211770.25,216240.93,202388.21,202388.21,206671.8725,1784.5663565765528,205919.97625,2302.4693830005986,208298.36458333334,4048.3202436236825,206770.93675886357,4726.318166908014,208206.36,204877.17,214973.665,202953.25,-0.25337686516297975,0.9479621538457828,-5.255138331119824,1.229794956929564,-0.048,1.0956501290172116,0.075,12.230170788775727,1.027,0,0,0.667,183911.28,296,2015,3
Hibiscus,2015-09-14,204013.1,NGN,NGN/MT,Historical (World Bank/FAOSTAT/NEPC),wholesale,National,,,0.7,False,"Synthetic historical — verified annual anchors, weekly interpolated",Synthetic (World Bank/FAO × FX),historical,False,,201843.8,193.28,155.40615384615384,92.80285714285716,11.4,12.5,0,1,0,0,1,1,0,0,0,0,0,0,0,0,0,1,0,0,0,0,-1.0,-1.8369701987210287e-16,-0.992708874098054,-0.1205366802553235,0,1055.53,204877.17,205397.6,208206.36,208688.83,214973.665,202180.63728395055,202388.21,205623.5575,1814.0739791304238,205335.50999999998,2082.113499801798,207384.98416666666,3619.0224221728267,206841.41609409623,4668.437635595894,208206.36,204013.1,213706.4,202953.25,-0.4217502613883317,-2.013992271897924,-5.098561723827899,0.8028580320958545,-0.589,-0.16837339622535197,-0.151,12.225944388084898,0.965,0,0,0.667,183135.64,297,2015,3
Hibiscus,2015-09-21,204013.1,NGN,NGN/MT,Historical (World Bank/FAOSTAT/NEPC),wholesale,National,,,0.7,False,"Synthetic historical — verified annual anchors, weekly interpolated",Synthetic (World Bank/FAO × FX),historical,False,,204877.17,193.28,155.40615384615384,92.80285714285716,11.4,12.5,0,1,0,0,1,1,0,0,0,0,0,0,0,0,0,1,0,0,0,0,-1.0,-1.8369701987210287e-16,-1.0,-1.8369701987210287e-16,0,1055.53,204013.1,204877.17,208206.36,206076.99,213706.4,202017.0263786008,202388.21,204575.24250000002,682.9935220956492,205077.52375,2104.854822227669,206577.20916666664,3128.3143224730106,206918.18815645773,4601.865456741688,205397.6,204013.1,211770.25,202953.25,0.0,-2.013992271897924,-4.535802390569488,0.8028580320958545,-1.132,0.4217502613883317,-0.159,12.225944388084898,0.965,0,0,0.667,183135.64,298,2015,3
Hibiscus,2015-09-28,204013.1,NGN,NGN/MT,Historical (World Bank/FAOSTAT/NEPC),wholesale,National,,,0.7,False,"Synthetic historical — verified annual anchors, weekly interpolated",Synthetic (World Bank/FAO × FX),historical,False,,203777.77,193.28,155.40615384615384,92.80285714285716,11.4,12.5,0,1,0,0,1,1,0,0,0,0,0,0,0,0,0,1,0,0,0,0,-1.0,-1.8369701987210287e-16,-0.992708874098054,0.1205366802553232,0,1055.53,204013.1,204013.1,205397.6,202953.25,211770.25,202017.0263786008,202388.21,204229.11750000002,432.03499999948053,205210.005,1981.8081736635688,205930.78,2734.333726619152,206994.96021881927,4532.9639300763665,204877.17,204013.1,211770.25,202953.25,0.0,-0.6740585089601847,-3.66300271166512,0.8028580320958545,-1.336,0.0,-0.167,12.225944388084898,0.965,0,0,0.667,183135.64,299,2015,3
Hibiscus,2015-10-05,204028.59497942388,NGN,NGN/MT,Historical (World Bank/FAOSTAT/NEPC),wholesale,National,,,0.7,False,"Synthetic historical — verified annual anchors, weekly interpolated",Synthetic (World Bank/FAO × FX),historical,True,Hard bound violation (synthetic),195026.03,193.28,155.40615384615384,92.80285714285716,11.4,12.5,0,1,0,0,0,1,0,0,0,1,0,1,0,1,1,1,1,0,0,0,-0.8660254037844386,0.5000000000000001,-0.970941817426052,0.2393156642875573,0,1055.61,204013.1,204013.1,204877.17,202953.25,211770.25,202060.9881893004,202388.21,204016.973744856,7.747489711943976,205344.42312242798,1838.1351619039813,205285.64208161866,2061.9243655249666,207070.63740305474,4463.184466670379,204028.59497942388,204013.1,208688.83,202953.25,0.007595090425005502,-0.41418720327702774,-3.655685829608324,0.8105141003143856,-1.475,0.007595090425005502,-0.172,12.22602033573277,0.965,0,0,1.0,183149.55,300,2015,4
Hibiscus,2015-10-12,204044.08995884773,NGN,NGN/MT,Historical (World Bank/FAOSTAT/NEPC),wholesale,National,,,0.7,False,"Synthetic historical — verified annual anchors, weekly interpolated",Synthetic (World Bank/FAO × FX),historical,True,Hard bound violation (synthetic),196638.91,193.28,145.15,87.17857142857143,11.4,12.5,0,1,0,0,0,1,0,0,0,1,0,1,0,1,1,1,1,0,0,0,-0.8660254037844386,0.5000000000000001,-0.9350162426854148,0.3546048870425355,0,1055.69,204028.59497942388,204013.1,204013.1,208206.36,208688.83,202104.95,202388.21,204024.72123456793,14.835313334543077,204824.13936728396,1463.1574601407858,204898.58041152262,1781.9503056240874,207145.21970916432,4392.528666294043,204044.08995884773,204013.1,208206.36,202953.25,0.007594513614828102,0.015190180850011004,-2.2256773595176416,0.8181701685329168,-1.506,-5.768101773995227e-07,-0.177,12.226096277613035,0.902,0,0,1.0,183163.46,301,2015,4
Hibiscus,2015-10-19,204044.08995884773,NGN,NGN/MT,Historical (World Bank/FAOSTAT/NEPC),wholesale,National,,,0.7,False,"Synthetic historical — verified annual anchors, weekly interpolated",Synthetic (World Bank/FAO × FX),historical,False,,204483.76,193.28,145.15,87.17857142857143,11.4,12.5,0,1,0,0,0,1,0,0,0,1,0,1,0,1,1,1,1,0,0,0,-0.8660254037844386,0.5000000000000001,-0.8854560256532101,0.464723172043768,0,1055.69,204044.08995884773,204028.59497942388,204013.1,208206.36,206076.99,202772.62,202388.21,204032.46872427984,14.835313334546878,204303.85561213992,533.0917177125465,204729.17207475996,1756.1820771614102,207194.12239988922,4348.76028916253,204044.08995884773,204013.1,208206.36,202953.25,0.0,0.015190180850011004,-0.9864759967390113,0.8181701685329168,-1.526,-0.007594513614828102,-0.185,12.226096277613035,0.902,0,0,1.0,183163.46,302,2015,4
Hibiscus,2015-10-26,203662.22,NGN,NGN/MT,Historical (World Bank/FAOSTAT/NEPC),wholesale,National,,,0.7,False,"Synthetic historical — verified annual anchors, weekly interpolated",Synthetic (World Bank/FAO × FX),historical,False,,203662.22,193.28,145.15,87.17857142857143,11.4,12.5,0,1,0,0,0,1,0,0,0,1,0,1,0,1,1,1,1,0,0,0,-0.8660254037844386,0.5000000000000001,-0.822983865893657,0.5680647467311548,0,1053.72,204044.08995884773,204044.08995884773,204013.1,205397.6,202953.25,202791.6975,202388.21,203944.74872427984,188.49406384624865,204086.93311213993,343.98587205130724,204788.2529080933,1702.0984734192905,207227.60403450456,4316.742959046014,204044.08995884773,203662.22,208206.36,202953.25,-0.18715070793020594,-0.17198895561119087,0.34932675382137734,0.6294882493402154,-1.584,-0.18715070793020594,-0.29,12.224223026265502,0.902,0,0,1.0,182820.66,303,2015,4
Hibiscus,2015-11-02,203609.3815625,NGN,NGN/MT,Historical (World Bank/FAOSTAT/NEPC),wholesale,National,,,0.7,False,"Synthetic historical — verified annual anchors, weekly interpolated",Synthetic (World Bank/FAO × FX),historical,True,Hard bound violation (synthetic),199874.59,193.28,145.15,87.17857142857143,11.4,12.5,1,0,0,0,0,1,0,0,0,1,0,1,1,1,1,0,1,0,0,0,-0.5000000000000004,0.8660254037844384,-0.7485107481711011,0.6631226582407952,1,1053.44,203662.22,204044.08995884773,204028.59497942388,204877.17,202953.25,202810.775,202388.21,203839.94537004887,236.71079596711286,203928.4595574524,181.64099778813866,204842.93053830162,1647.4541683013017,207258.31967152382,4286.795398847091,204044.08995884773,203609.3815625,208206.36,203609.3815625,-0.025944152774137752,-0.20546797225465818,0.3232919711805504,0.6033807811729686,-1.649,0.1612065551560682,-0.311,12.223963552351192,0.902,0,0,0.667,182773.23,304,2015,4
Hibiscus,2015-11-09,203556.543125,NGN,NGN/MT,Historical (World Bank/FAOSTAT/NEPC),wholesale,National,,,0.7,False,"Synthetic historical — verified annual anchors, weekly interpolated",Synthetic (World Bank/FAO × FX),historical,False,,200703.96,193.28,148.26923076923077,102.61875,11.4,12.5,1,0,0,0,0,1,0,0,0,1,0,1,1,1,1,0,1,0,0,0,-0.5000000000000004,0.8660254037844384,-0.6631226582407955,0.7485107481711007,1,1053.17,203609.3815625,203662.22,204044.08995884773,204013.1,208206.36,204427.19,202388.21,203718.05866158693,221.59448199078585,203871.38994807744,219.10743295794708,204455.44579871825,1293.18350506689,207224.8332532546,4313.115205173193,204044.08995884773,203556.543125,208206.36,203556.543125,-0.025950885511516475,-0.2389419041473162,-2.2332732174944026,0.5772733130057439,-1.692,-6.7327373787229305e-06,-0.331,12.223704011092694,0.964,0,0,0.667,182725.8,305,2015,4
Hibiscus,2015-11-16,203477.32875,NGN,NGN/MT,Historical (World Bank/FAOSTAT/NEPC),wholesale,National,,,0.7,False,"Synthetic historical — verified annual anchors, weekly interpolated",Synthetic (World Bank/FAO × FX),historical,False,,207665.99,193.28,148.26923076923077,102.61875,11.4,12.5,1,0,0,0,0,1,0,0,0,1,0,1,1,1,1,0,1,0,0,0,-0.5000000000000004,0.8660254037844384,-0.5680647467311559,0.8229838658936564,1,1052.76,203556.543125,203609.3815625,204044.08995884773,204013.1,208206.36,204694.73,202388.21,203576.368359375,78.871752277032,203804.4185418274,249.39286426248364,204061.35986121828,557.5327350798749,207178.0101282546,4348.146429577943,203662.22,203477.32875,205397.6,203477.32875,-0.03891517009667611,-0.27776408959556687,-2.27131930551977,0.5381334960173678,-1.738,-0.012964284585159636,-0.358,12.223314785565051,0.964,0,0,0.667,182654.69,306,2015,4
Hibiscus,2015-11-23,203379.954375,NGN,NGN/MT,Historical (World Bank/FAOSTAT/NEPC),wholesale,National,,,0.7,False,"Synthetic historical — verified annual anchors, weekly interpolated",Synthetic (World Bank/FAO × FX),historical,True,Hard bound violation (synthetic),196450.57,193.28,148.26923076923077,102.61875,11.4,12.5,1,0,0,0,0,1,0,0,0,1,0,1,1,1,1,0,1,0,0,0,-0.5000000000000004,0.8660254037844384,-0.4647231720437684,0.88545602565321,1,1052.26,203477.32875,203556.543125,203662.22,204013.1,205397.6,208052.24,202388.21,203505.801953125,99.91953132002392,203725.2753387024,273.0490040643011,203893.2227258016,399.8641621653101,206998.30683498536,4406.725581873948,203609.3815625,203379.954375,204877.17,203379.954375,-0.047855147105657636,-0.13859498585452323,-0.9823121716125205,0.4900208243355797,-1.687,-0.008939977008981526,-0.389,12.222836121904676,0.964,0,0,0.667,182567.28,307,2015,4
Hibiscus,2015-11-30,203282.58,NGN,NGN/MT,Historical (World Bank/FAOSTAT/NEPC),wholesale,National,,,0.7,False,"Synthetic historical — verified annual anchors, weekly interpolated",Synthetic (World Bank/FAO × FX),historical,False,,203282.58,193.28,148.26923076923077,102.61875,11.4,12.5,1,0,0,0,0,1,0,0,0,1,0,1,1,1,1,0,1,0,0,0,-0.5000000000000004,0.8660254037844384,-0.3546048870425359,0.9350162426854148,1,1051.75,203379.954375,203477.32875,203609.3815625,204028.59497942388,204877.17,208052.24,202388.21,203424.1015625,118.8153017406748,203632.02346627443,281.90661450564306,203760.3402258016,294.1310815579533,206814.85837344688,4460.052120123301,203556.543125,203282.58,204044.08995884773,203282.58,-0.047878059221351243,-0.1605041771612581,-0.7783151241302466,0.44190815265374717,-1.64,-2.2912115693607404e-05,-0.42,12.222357229015673,0.964,0,0,0.667,182479.87,308,2015,4
Hibiscus,2015-12-07,203008.65666666665,NGN,NGN/MT,Historical (World Bank/FAOSTAT/NEPC),wholesale,National,,,0.7,False,"Synthetic historical — verified annual anchors, weekly interpolated",Synthetic (World Bank/FAO × FX),historical,True,Hard bound violation (synthetic),194811.11,193.28,148.26923076923077,102.61875,11.4,12.5,1,0,0,0,0,0,0,0,0,1,0,1,1,1,1,0,0,0,0,1,-2.4492935982947064e-16,1.0,-0.2393156642875578,0.970941817426052,1,1050.33,203282.58,203379.954375,203556.543125,204044.08995884773,204013.1,216240.93,202388.21,203287.12994791666,201.9571150627729,203502.59430475178,302.6245870584252,203676.6366146905,352.7436823720787,206305.9247837033,4080.213816020904,203477.32875,203008.65666666665,204044.08995884773,203008.65666666665,-0.1347500279332059,-0.26915688875542854,-0.4923425668907355,0.30656265336139743,-1.463,-0.08687196871185465,-0.495,12.221008826679054,0.964,0,0,0.333,182233.98,309,2015,4
Hibiscus,2015-12-14,202734.7333333333,NGN,NGN/MT,Historical (World Bank/FAOSTAT/NEPC),wholesale,National,,,0.7,False,"Synthetic historical — verified annual anchors, weekly interpolated",Synthetic (World Bank/FAO × FX),historical,True,Hard bound violation (synthetic),194720.03,193.28,154.61666666666667,130.36,11.4,12.5,1,0,0,0,0,0,0,0,0,1,0,1,1,1,1,0,0,0,0,1,-2.4492935982947064e-16,1.0,-0.1205366802553236,0.992708874098054,1,1048.92,203008.65666666665,203282.58,203477.32875,204044.08995884773,204013.1,216240.93,202388.21,203101.48109375,290.6684687916335,203338.9247265625,321.4170780135433,203570.10605913494,427.09358465216917,205786.4556811392,3595.7566518164945,203379.954375,202734.7333333333,204044.08995884773,202734.7333333333,-0.1349318486369322,-0.36495241078138285,-0.6266100886005321,0.1712171540690699,-1.305,-0.00018182070372629866,-0.569,12.219658603698335,1.077,0,0,0.333,181988.09,310,2015,4
Hibiscus,2015-12-21,202460.81,NGN,NGN/MT,Historical (World Bank/FAOSTAT/NEPC),wholesale,National,,,0.7,False,"Synthetic historical — verified annual anchors, weekly interpolated",Synthetic (World Bank/FAO × FX),historical,False,,202460.81,193.28,154.61666666666667,130.36,11.4,12.5,1,0,0,0,0,0,0,0,0,1,0,1,1,1,1,0,0,0,0,1,-2.4492935982947064e-16,1.0,6.432490598706546e-16,1.0,1,1047.5,202734.7333333333,203008.65666666665,203379.954375,203662.22,204013.1,214973.665,202388.21,202871.695,353.6335027124773,203188.7484765625,415.6414933462143,203440.74855913493,508.11523317735333,205305.1920272931,3123.266042383424,203282.58,202460.81,204044.08995884773,202460.81,-0.1351141606716788,-0.4519345959264287,-0.7608776103103176,0.03587165477672016,-1.185,-0.00018231203474661228,-0.64,12.218306555150319,1.077,0,0,0.333,181742.2,311,2015,4
Hibiscus,2015-12-28,202460.81,NGN,NGN/MT,Historical (World Bank/FAOSTAT/NEPC),wholesale,National,,,0.7,False,"Synthetic historical — verified annual anchors, weekly interpolated",Synthetic (World Bank/FAO × FX),historical,False,,200853.45,193.28,154.61666666666667,130.36,11.4,12.5,1,0,0,0,0,0,0,0,0,1,0,1,1,1,1,0,0,0,0,1,-2.4492935982947064e-16,1.0,0.1205366802553231,0.992708874098054,1,1047.5,202460.81,202734.7333333333,203282.58,203609.3815625,204028.59497942388,213706.4,202388.21,202666.25249999997,262.2616247801825,203045.17703124997,446.7925549864275,203310.0998108496,543.5471889480316,204872.66933498534,2657.1865583038107,203008.65666666665,202460.81,204044.08995884773,202460.81,0.0,-0.4042500837995955,-0.7684143389714571,0.03587165477672016,-1.077,0.1351141606716788,-0.641,12.218306555150319,1.077,0,0,0.333,181742.2,312,2015,4
Hibiscus,2016-01-04,272491.81,NGN,NGN/MT,Historical (World Bank/FAOSTAT/NEPC),wholesale,National,,,0.7,False,"Synthetic historical — verified annual anchors, weekly interpolated",Synthetic (World Bank/FAO × FX),historical,False,,272491.81,199.0,154.61666666666667,130.36,11.4,12.5,1,0,0,0,0,0,0,0,0,1,0,0,1,0,0,0,0,0,0,1,0.4999999999999999,0.8660254037844387,0.120536680255323,0.992708874098054,1,1369.31,202460.81,202460.81,203008.65666666665,203556.543125,204044.08995884773,211770.25,202388.21,220037.04083333333,34970.08451884783,211662.085390625,24582.11261156563,209014.07648094566,19996.354131179607,207208.11395037,13504.778021197762,272491.81,202460.81,272491.81,202460.81,34.589904090574365,34.22669479923821,33.5455538334666,34.63818371633407,6.191,34.589904090574365,6.549,12.515367507416236,1.077,0,0,0.0,244606.65,313,2016,1
Hibiscus,2016-01-11,272491.81,NGN,NGN/MT,Historical (World Bank/FAOSTAT/NEPC),wholesale,National,,,0.7,False,"Synthetic historical — verified annual anchors, weekly interpolated",Synthetic (World Bank/FAO × FX),historical,False,,276417.72,199.0,146.8090909090909,122.67454545454548,11.4,12.5,1,0,0,0,0,0,0,0,0,1,0,0,1,0,0,0,0,0,0,1,0.4999999999999999,0.8660254037844387,0.2393156642875577,0.970941817426052,1,1369.31,272491.81,202460.81,202734.7333333333,203477.32875,204044.08995884773,211770.25,202388.21,237476.31,40432.416701618735,220288.895546875,32222.113414202715,214718.05315104165,26989.381165032,209543.5585657546,18610.54730981444,272491.81,202460.81,272491.81,202460.81,0.0,34.40805407131356,33.5455538334666,34.63818371633407,13.33,-34.589904090574365,4.756,12.515367507416236,1.019,0,0,0.0,244606.65,314,2016,1
Hibiscus,2016-01-18,271441.98,NGN,NGN/MT,Historical (World Bank/FAOSTAT/NEPC),wholesale,National,,,0.7,False,"Synthetic historical — verified annual anchors, weekly interpolated",Synthetic (World Bank/FAO × FX),historical,False,,266167.61,199.0,146.8090909090909,122.67454545454548,11.4,12.5,1,0,0,0,0,0,0,0,0,1,0,0,1,0,0,0,0,0,0,1,0.4999999999999999,0.8660254037844387,0.3546048870425356,0.9350162426854148,1,1364.03,272491.81,272491.81,202460.81,203379.954375,203662.22,208688.83,202388.21,254721.60249999998,34844.043037783355,228796.64875,35895.72794147068,220366.366484375,31225.317176858254,211957.1412580623,22215.342336028563,272491.81,202460.81,272491.81,202460.81,-0.3852702949127207,34.07136917016187,33.28047784218398,34.11946278886502,20.176,-0.3852702949127207,3.849,12.511507377882966,1.019,0,0,0.0,243664.25,315,2016,1
Hibiscus,2016-01-25,268586.85,NGN,NGN/MT,Historical (World Bank/FAOSTAT/NEPC),wholesale,National,,,0.7,False,"Synthetic historical — verified annual anchors, weekly interpolated",Synthetic (World Bank/FAO × FX),historical,False,,271441.98,199.0,146.8090909090909,122.67454545454548,11.4,12.5,1,0,0,0,0,0,0,0,0,1,0,0,1,0,0,0,0,0,0,1,0.4999999999999999,0.8660254037844387,0.4647231720437685,0.8854560256532099,1,1349.68,271441.98,272491.81,202460.81,203282.58,203609.3815625,206076.99,202388.21,271253.1125,1845.11694701674,236959.6825,36681.51430594985,225781.15552083333,33598.977208250515,214361.36664267766,24787.170729110505,272491.81,268586.85,272491.81,202460.81,-1.0518380392008697,32.661155509552685,31.912806737519837,32.708743261279885,26.54,-0.666567744288149,3.209,12.500933327498645,1.019,0,0,0.0,241101.3,316,2016,1
Hibiscus,2016-02-01,266774.03,NGN,NGN/MT,Historical (World Bank/FAOSTAT/NEPC),wholesale,National,,,0.7,False,"Synthetic historical — verified annual anchors, weekly interpolated",Synthetic (World Bank/FAO × FX),historical,False,,263524.07,199.0,146.8090909090909,122.67454545454548,11.4,12.5,1,0,0,0,0,0,0,0,1,1,0,0,1,0,0,0,0,0,0,0,0.8660254037844386,0.5000000000000001,0.5680647467311558,0.8229838658936564,1,1340.57,268586.85,271441.98,272491.81,203008.65666666665,203556.543125,202953.25,202388.21,269823.6675,2618.391755620514,244930.3541666667,35146.03157768193,231049.27942708333,34734.38010212303,216816.01202729304,26698.599656654143,272491.81,266774.03,272491.81,202460.81,-0.6749474145886003,-2.0983309553413654,31.056474974709825,31.813029029704865,24.448,0.3768906246122694,2.798,12.494160997939074,1.019,0,0,0.0,239473.99,317,2016,1
Hibiscus,2016-02-08,266774.03,NGN,NGN/MT,Historical (World Bank/FAOSTAT/NEPC),wholesale,National,,,0.7,False,"Synthetic historical — verified annual anchors, weekly interpolated",Synthetic (World Bank/FAO × FX),historical,False,,268586.85,199.0,146.8090909090909,122.67454545454548,11.4,12.5,1,0,0,0,0,0,0,0,1,1,0,0,1,0,0,0,0,0,0,0,0.8660254037844386,0.5000000000000001,0.6631226582407952,0.7485107481711011,1,1340.57,266774.03,268586.85,272491.81,202734.7333333333,203477.32875,202953.25,202388.21,268394.22250000003,2204.2367240312483,252935.26625,31238.14418834327,236324.00453125002,34971.96463159604,219270.6574119084,28261.175202969687,271441.98,266774.03,272491.81,202460.81,0.0,-2.0983309553413654,31.107495679663067,31.813029029704865,22.403,0.6749474145886003,2.556,12.494160997939074,1.019,0,0,0.0,239473.99,318,2016,1
Hibiscus,2016-02-15,266774.03,NGN,NGN/MT,Historical (World Bank/FAOSTAT/NEPC),wholesale,National,,,0.7,False,"Synthetic historical — verified annual anchors, weekly interpolated",Synthetic (World Bank/FAO × FX),historical,False,,264961.46,199.0,137.4375,102.07,11.4,12.5,1,0,0,0,0,0,0,0,1,1,0,0,1,0,0,0,0,0,0,0,0.8660254037844386,0.5000000000000001,0.7485107481711011,0.6631226582407953,1,1340.57,266774.03,266774.03,271441.98,202460.81,203379.954375,208206.36,202388.21,267227.235,906.4100000053054,260974.41875,23777.445589619427,241606.84416666665,34325.20182966194,221523.26010421614,29644.272725248913,268586.85,266774.03,272491.81,202460.81,0.0,-1.719686100138218,31.17026740408817,31.813029029704865,20.632,0.0,2.36,12.494160997939074,0.915,0,0,0.0,239473.99,319,2016,1
Hibiscus,2016-02-22,266774.03,NGN,NGN/MT,Historical (World Bank/FAOSTAT/NEPC),wholesale,National,,,0.7,False,"Synthetic historical — verified annual anchors, weekly interpolated",Synthetic (World Bank/FAO × FX),historical,False,,266774.03,199.0,137.4375,102.07,11.4,12.5,1,0,0,0,0,0,0,0,1,1,0,0,1,0,0,0,0,0,0,0,0.8660254037844386,0.5000000000000001,0.8229838658936564,0.5680647467311559,1,1340.57,266774.03,266774.03,268586.85,202460.81,203282.58,208206.36,202388.21,266774.03,0.0031016530681105665,269013.57125,2681.623434952336,246897.79833333334,32737.4152837186,223775.8627965238,30794.762731266324,266774.03,266774.03,272491.81,202460.81,0.0,-0.6749474145886003,31.23309926507232,31.813029029704865,19.215,0.0,2.197,12.494160997939074,0.915,0,0,0.0,239473.99,320,2016,1
Hibiscus,2016-02-29,266774.03,NGN,NGN/MT,Historical (World Bank/FAOSTAT/NEPC),wholesale,National,,,0.7,False,"Synthetic historical — verified annual anchors, weekly interpolated",Synthetic (World Bank/FAO × FX),historical,False,,270749.35,199.0,137.4375,102.07,11.4,12.5,1,0,0,0,0,0,0,0,1,1,0,0,1,0,0,0,0,0,0,0,0.8660254037844386,0.5000000000000001,0.8854560256532099,0.4647231720437686,1,1340.57,266774.03,266774.03,266774.03,272491.81,203008.65666666665,205397.6,202388.21,266774.03,0.0031016530681105665,268298.84875,2365.481042005082,252211.57944444442,30028.917194648806,226136.49471960077,31669.625808545476,266774.03,266774.03,272491.81,202460.81,0.0,0.0,31.41017451193422,31.813029029704865,17.97,0.0,2.057,12.494160997939074,0.915,0,0,0.0,239473.99,321,2016,1
Hibiscus,2016-03-07,266774.03,NGN,NGN/MT,Historical (World Bank/FAOSTAT/NEPC),wholesale,National,,,0.7,False,"Synthetic historical — verified annual anchors, weekly interpolated",Synthetic (World Bank/FAO × FX),historical,False,,264933.14,199.0,137.4375,102.07,11.4,12.5,1,0,0,1,0,0,0,0,1,1,0,0,0,0,0,0,0,0,0,0,1.0,6.123233995736766e-17,0.9350162426854148,0.3546048870425355,0,1340.57,266774.03,266774.03,266774.03,272491.81,202734.7333333333,204877.17,202388.21,266774.03,0.0031016530681105665,267584.12625000003,1682.9407120062822,257548.1875,25834.17149529387,228517.1431811392,32327.21806337901,266774.03,266774.03,272491.81,202460.81,0.0,0.0,31.587728266263237,31.813029029704865,16.741,0.0,1.936,12.494160997939074,0.915,0,0,0.0,239473.99,322,2016,1
Hibiscus,2016-03-14,264933.14,NGN,NGN/MT,Historical (World Bank/FAOSTAT/NEPC),wholesale,National,,,0.7,False,"Synthetic historical — verified annual anchors, weekly interpolated",Synthetic (World Bank/FAO × FX),historical,False,,288648.77,199.0,135.085,114.64888888888888,11.4,12.5,1,0,0,1,0,0,0,0,1,1,0,0,0,0,0,0,0,0,0,0,1.0,6.123233995736766e-17,0.970941817426052,0.239315664287558,0,1331.32,266774.03,266774.03,266774.03,271441.98,202460.81,204013.1,202180.63728395055,266313.8075,920.4450000052086,266770.52125,976.5166851033892,262754.215,19155.189852079897,230860.22164267767,32685.875819025885,266774.03,264933.14,272491.81,202460.81,-0.6900559248589566,-0.6900559248589566,30.85650501941586,31.037840002411965,15.357,-0.6900559248589566,1.765,12.487236545778197,0.944,0,0,0.0,237821.49,323,2016,1
Hibiscus,2016-03-21,263402.97,NGN,NGN/MT,Historical (World Bank/FAOSTAT/NEPC),wholesale,National,,,0.7,False,"Synthetic historical — verified annual anchors, weekly interpolated",Synthetic (World Bank/FAO × FX),historical,False,,263402.97,199.0,135.085,114.64888888888888,11.4,12.5,1,0,0,1,0,0,0,0,1,1,0,0,0,0,0,0,0,0,0,0,1.0,6.123233995736766e-17,0.992708874098054,0.120536680255323,0,1323.63,264933.14,266774.03,266774.03,268586.85,202460.81,204013.1,202017.0263786008,265471.0425,1629.0913433673927,266122.53625,1273.7665555070087,267832.72833333333,2888.297790541807,233144.44741190845,32809.611158979336,266774.03,263402.97,272491.81,263402.97,-0.5775683630972139,-1.263638743246509,30.100719245369014,30.38651975123896,13.865,0.11248756176174268,1.624,12.481444140311371,0.944,0,0,0.0,236447.91,324,2016,1
Hibiscus,2016-03-28,263402.97,NGN,NGN/MT,Historical (World Bank/FAOSTAT/NEPC),wholesale,National,,,0.7,False,"Synthetic historical — verified annual anchors, weekly interpolated",Synthetic (World Bank/FAO × FX),historical,False,,261706.79,199.0,135.085,114.64888888888888,11.4,12.5,1,0,0,1,0,0,0,0,1,1,0,0,0,0,0,0,0,0,0,0,1.0,6.123233995736766e-17,1.0,-1.6081226496766364e-16,0,1323.63,263402.97,264933.14,266774.03,266774.03,272491.81,204013.1,202017.0263786008,264628.27749999997,1602.0769721732684,265701.15375000006,1554.1860275167226,267075.325,2743.5329677802692,235428.6731811392,32767.69599821202,266774.03,263402.97,272491.81,263402.97,0.0,-1.263638743246509,-3.33545437567464,30.38651975123896,12.403,0.5775683630972139,1.548,12.481444140311371,0.944,0,0,0.0,236447.91,325,2016,1
Hibiscus,2016-04-04,286649.97,NGN,NGN/MT,Historical (World Bank/FAOSTAT/NEPC),wholesale,National,,,0.7,False,"Synthetic historical — verified annual anchors, weekly interpolated",Synthetic (World Bank/FAO × FX),historical,False,,289728.13,199.0,135.085,114.64888888888888,11.4,12.5,0,1,1,1,0,0,0,0,1,0,0,0,0,0,0,0,0,0,0,0,0.8660254037844387,-0.4999999999999998,0.992708874098054,-0.1205366802553228,0,1440.45,263402.97,263402.97,266774.03,266774.03,272491.81,204028.59497942388,202060.9881893004,269597.26249999995,11391.332829929723,268185.64625,7608.535380224506,268255.1716666667,6178.560172350647,238606.41837423833,33596.520168132956,286649.97,263402.97,286649.97,263402.97,8.825640804277946,7.450477844488823,5.195811206215684,41.86309419186476,12.988,8.825640804277946,2.233,12.566020622248473,0.944,0,0,0.333,257315.95,326,2016,2
Hibiscus,2016-04-11,286649.97,NGN,NGN/MT,Historical (World Bank/FAOSTAT/NEPC),wholesale,National,,,0.7,False,"Synthetic historical — verified annual anchors, weekly interpolated",Synthetic (World Bank/FAO × FX),historical,False,,286649.97,199.0,134.45714285714286,134.37,11.4,12.5,0,1,1,1,0,0,0,0,1,0,0,0,0,0,0,0,0,0,0,0,0.8660254037844387,-0.4999999999999998,0.970941817426052,-0.2393156642875575,0,1440.45,286649.97,263402.97,264933.14,266774.03,271441.98,204044.08995884773,202104.95,275026.47,13421.661707851621,270670.13875000004,9962.68496277123,269522.50416666665,8140.024247344147,241783.56760659028,34099.46115947143,286649.97,263402.97,286649.97,263402.97,0.0,8.197098332054619,5.6026669124650486,41.832236172345084,13.749,-8.825640804277946,2.09,12.566020622248473,1.002,0,0,0.333,257315.95,327,2016,2
Hibiscus,2016-04-18,285278.1,NGN,NGN/MT,Historical (World Bank/FAOSTAT/NEPC),wholesale,National,,,0.7,False,"Synthetic historical — verified annual anchors, weekly interpolated",Synthetic (World Bank/FAO × FX),historical,False,,285242.61,199.0,134.45714285714286,134.37,11.4,12.5,0,1,1,1,0,0,0,0,1,0,0,0,0,0,0,0,0,0,0,0,0.8660254037844387,-0.4999999999999998,0.9350162426854148,-0.3546048870425354,0,1433.56,286649.97,286649.97,263402.97,266774.03,268586.85,204044.08995884773,202772.62,280495.25249999994,11413.191874284606,272983.14749999996,11020.749484113134,270913.44166666665,9307.898933006652,244907.95260817307,34224.57078565831,286649.97,263402.97,286649.97,263402.97,-0.4785871772461703,8.304815241832708,6.214470291453211,40.68866891397862,14.531,-0.4785871772461703,1.926,12.561223278296701,1.002,0,0,0.333,256084.47,328,2016,2
Hibiscus,2016-04-25,285278.1,NGN,NGN/MT,Historical (World Bank/FAOSTAT/NEPC),wholesale,National,,,0.7,False,"Synthetic historical — verified annual anchors, weekly interpolated",Synthetic (World Bank/FAO × FX),historical,False,,285278.1,199.0,134.45714285714286,134.37,11.4,12.5,0,1,1,1,0,0,0,0,1,0,0,0,0,0,0,0,0,0,0,0,0.8660254037844387,-0.4999999999999998,0.8854560256532099,-0.4647231720437685,0,1433.56,285278.1,286649.97,263402.97,266774.03,266774.03,203662.22,202791.6975,285964.035,792.0495138004795,275296.15625,11464.299089963084,272455.4475,10061.999187874175,248047.02491586542,34032.55578403736,286649.97,285278.1,286649.97,263402.97,0.0,8.304815241832708,6.936233635635358,40.675433716905474,15.286,0.4785871772461703,1.821,12.561223278296701,1.002,0,0,0.333,256084.47,329,2016,2
Hibiscus,2016-05-02,285278.1,NGN,NGN/MT,Historical (World Bank/FAOSTAT/NEPC),wholesale,National,,,0.7,False,"Synthetic historical — verified annual anchors, weekly interpolated",Synthetic (World Bank/FAO × FX),historical,False,,285495.07,199.0,134.45714285714286,134.37,11.4,12.5,0,1,1,1,0,0,0,0,1,0,1,0,0,0,0,0,0,0,0,0,0.4999999999999999,-0.8660254037844387,0.8229838658936565,-0.5680647467311557,0,1433.56,285278.1,285278.1,286649.97,266774.03,266774.03,203609.3815625,202810.775,285621.0675,685.9350000083969,277609.165,11365.509005982678,273997.4533333333,10519.638054051038,251188.12947115384,33532.247256306175,286649.97,285278.1,286649.97,263402.97,0.0,-0.4785871772461703,6.936233635635358,40.662201009783615,13.708,0.0,1.728,12.561223278296701,1.002,0,0,0.333,256084.47,330,2016,2
Hibiscus,2016-05-09,285278.1,NGN,NGN/MT,Historical (World Bank/FAOSTAT/NEPC),wholesale,National,,,0.7,False,"Synthetic historical — verified annual anchors, weekly interpolated",Synthetic (World Bank/FAO × FX),historical,False,,277912.32,199.0,134.03181818181818,137.62363636363636,11.4,12.5,0,1,1,1,0,0,0,0,1,0,1,0,0,0,0,0,0,0,0,0,0.4999999999999999,-0.8660254037844387,0.7485107481711013,-0.663122658240795,0,1433.56,285278.1,285278.1,286649.97,264933.14,266774.03,203556.543125,204427.19,285278.1,0.0033827052506851794,280152.285,10355.225349785745,275539.45916666667,10718.855066724282,254331.26627403844,32708.88942856664,285278.1,285278.1,286649.97,263402.97,0.0,-0.4785871772461703,6.936233635635358,39.5499786501003,12.168,0.0,1.644,12.561223278296701,1.01,0,0,0.333,256084.47,331,2016,2
Hibiscus,2016-05-16,285495.07,NGN,NGN/MT,Historical (World Bank/FAOSTAT/NEPC),wholesale,National,,,0.7,False,"Synthetic historical — verified annual anchors, weekly interpolated",Synthetic (World Bank/FAO × FX),historical,False,,286249.49,199.0,134.03181818181818,137.62363636363636,11.4,12.5,0,1,1,1,0,0,0,0,1,0,1,0,0,0,0,0,0,0,0,0,0.4999999999999999,-0.8660254037844387,0.6631226582407952,-0.7485107481711012,0,1434.65,285278.1,285278.1,285278.1,263402.97,266774.03,203477.32875,204694.73,285332.34249999997,108.48500005284104,282913.7975,7906.715342937197,277099.54583333334,10689.448438252502,257485.79478365384,31542.4276739499,285495.07,285278.1,286649.97,263402.97,0.07605561029746521,0.07605561029746521,7.017564640756069,39.473580975924484,10.815,0.07605561029746521,1.573,12.561983542659465,1.01,0,0,0.333,256279.24,332,2016,2
Hibiscus,2016-05-23,286249.49,NGN,NGN/MT,Historical (World Bank/FAOSTAT/NEPC),wholesale,National,,,0.7,False,"Synthetic historical — verified annual anchors, weekly interpolated",Synthetic (World Bank/FAO × FX),historical,False,,279798.08,199.0,134.03181818181818,137.62363636363636,11.4,12.5,0,1,1,1,0,0,0,0,1,0,1,0,0,0,0,0,0,0,0,0,0.4999999999999999,-0.8660254037844387,0.5680647467311558,-0.8229838658936564,0,1438.44,285495.07,285278.1,285278.1,263402.97,266774.03,203379.954375,208052.24,285575.19,461.02228457874395,285769.6125,634.9412577634808,278722.5008333333,10455.119637153173,260673.08461538464,30005.93111841279,286249.49,285278.1,286649.97,263402.97,0.26424974693959324,0.34050633399480557,7.300358284500175,37.58539201500546,9.553,0.18819413664212803,1.522,12.564622545639514,1.01,0,0,0.333,256956.45,333,2016,2
Hibiscus,2016-05-30,292702.95,NGN,NGN/MT,Historical (World Bank/FAOSTAT/NEPC),wholesale,National,,,0.7,False,"Synthetic historical — verified annual anchors, weekly interpolated",Synthetic (World Bank/FAO × FX),historical,False,,293954.83,199.0,134.03181818181818,137.62363636363636,11.4,12.5,0,1,1,1,0,0,0,0,1,0,1,0,0,0,0,0,0,0,0,0,0.4999999999999999,-0.8660254037844387,0.464723172043769,-0.8854560256532096,0,1470.87,286249.49,285495.07,285278.1,286649.97,266774.03,203282.58,208052.24,287431.40249999997,3538.937006574678,286526.235,2550.584569038534,280883.24416666664,10440.594094535052,264112.32961538463,28237.28120991875,292702.95,285278.1,292702.95,263402.97,2.2544878595242235,2.6026708674798504,9.719431835250214,40.68723797446259,8.829,1.9902381125846302,1.627,12.586916967635043,1.01,0,0,0.333,262749.51,334,2016,2
Hibiscus,2016-06-06,292702.95,NGN,NGN/MT,Historical (World Bank/FAOSTAT/NEPC),wholesale,National,,,0.7,False,"Synthetic historical — verified annual anchors, weekly interpolated",Synthetic (World Bank/FAO × FX),historical,False,,292702.95,199.0,134.03181818181818,137.62363636363636,11.4,12.5,0,1,1,0,0,0,0,1,0,0,1,0,0,0,0,0,0,1,1,0,1.2246467991473532e-16,-1.0,0.3546048870425358,-0.9350162426854148,0,1470.87,292702.95,286249.49,285278.1,286649.97,264933.14,203008.65666666665,216240.93,289287.615,3955.697469774358,287282.8575,3361.4420478562515,283197.395,9629.982297827808,267562.11012820515,25851.839666918488,292702.95,285495.07,292702.95,263402.97,0.0,2.6026708674798504,10.48181816740632,35.35964259865143,8.12,-2.2544878595242235,1.551,12.586916967635043,1.01,1,3,0.333,262749.51,335,2016,2
Hibiscus,2016-06-13,291165.38,NGN,NGN/MT,Historical (World Bank/FAOSTAT/NEPC),wholesale,National,,,0.7,False,"Synthetic historical — verified annual anchors, weekly interpolated",Synthetic (World Bank/FAO × FX),historical,False,,286719.11,199.0,142.53,149.172,11.4,12.5,0,1,1,0,0,0,0,1,0,0,1,0,0,0,0,0,0,1,1,0,1.2246467991473532e-16,-1.0,0.2393156642875576,-0.970941817426052,0,1463.14,292702.95,292702.95,285495.07,285278.1,263402.97,202734.7333333333,216240.93,290705.1925,3057.6203907240347,288018.76749999996,3501.376639308597,285510.92916666664,7553.09923996786,270963.2888461538,22593.536675058975,292702.95,286249.49,292702.95,263402.97,-0.525300479547608,1.9861323699915445,10.539900138559567,34.64859774696678,7.286,-0.525300479547608,1.442,12.58165013534272,1.083,1,3,0.333,261369.28,336,2016,2
Hibiscus,2016-06-20,291165.38,NGN,NGN/MT,Historical (World Bank/FAOSTAT/NEPC),wholesale,National,,,0.7,False,"Synthetic historical — verified annual anchors, weekly interpolated",Synthetic (World Bank/FAO × FX),historical,False,,291165.38,305.0,142.53,149.172,11.4,12.5,0,1,1,0,0,0,0,1,0,0,1,0,0,0,0,0,0,1,1,0,1.2246467991473532e-16,-1.0,0.120536680255323,-0.992708874098054,0,954.64,291165.38,292702.95,286249.49,285278.1,263402.97,202460.81,214973.665,291934.165,887.7164534054422,288754.6775,3461.520562801257,287824.4633333333,3111.913486826309,274375.0030769231,18082.69639439666,292702.95,291165.38,292702.95,285278.1,0.0,1.7173445444391922,10.539900138559567,35.44234825228476,6.4,0.525300479547608,1.381,12.58165013534272,1.083,1,3,0.333,261369.28,337,2016,2
Hibiscus,2016-06-27,291165.38,NGN,NGN/MT,Historical (World Bank/FAOSTAT/NEPC),wholesale,National,,,0.7,False,"Synthetic historical — verified annual anchors, weekly interpolated",Synthetic (World Bank/FAO × FX),historical,False,,297642.06,305.0,142.53,149.172,11.4,12.5,0,1,1,0,0,0,0,1,0,0,1,0,0,0,0,0,0,1,1,0,1.2246467991473532e-16,-1.0,-3.216245299353273e-16,-1.0,0,954.64,291165.38,291165.38,292702.95,285278.1,286649.97,202460.81,213706.4,291549.7725,768.7850000086513,289490.58749999997,3235.2359033455205,288200.7475,3227.823265114574,277786.71730769234,10921.957095335774,292702.95,291165.38,292702.95,285278.1,0.0,-0.525300479547608,1.5752347715229265,36.24551253495449,4.955,0.0,1.324,12.58165013534272,1.083,1,3,0.333,261369.28,338,2016,2
Hibiscus,2016-07-04,289027.95,NGN,NGN/MT,Historical (World Bank/FAOSTAT/NEPC),wholesale,National,,,0.7,False,"Synthetic historical — verified annual anchors, weekly interpolated",Synthetic (World Bank/FAO × FX),historical,False,,289027.95,305.0,142.53,149.172,11.4,12.5,0,1,1,0,0,0,1,1,0,0,1,0,0,0,0,0,0,1,1,0,-0.4999999999999997,-0.8660254037844388,-0.1205366802553228,-0.992708874098054,0,947.63,291165.38,291165.38,292702.95,285278.1,286649.97,272491.81,211770.25,290631.0225,1068.715000006109,289959.31875,2776.9091268893194,288398.91250000003,3196.8079825999666,278422.72269230767,11081.589894547955,291165.38,289027.95,292702.95,285278.1,-0.7340948295432637,-1.2555391054309473,0.8295762249687533,36.481847662738275,4.385,-0.7340948295432637,1.217,12.57428213508797,1.083,1,3,0.333,259450.58,339,2016,3
Hibiscus,2016-07-11,289027.95,NGN,NGN/MT,Historical (World Bank/FAOSTAT/NEPC),wholesale,National,,,0.7,False,"Synthetic historical — verified annual anchors, weekly interpolated",Synthetic (World Bank/FAO × FX),historical,False,,286748.02,305.0,165.32,147.02083333333334,11.4,12.5,0,1,1,0,0,0,1,1,0,0,1,0,0,0,0,0,0,0,1,0,-0.4999999999999997,-0.8660254037844388,-0.2393156642875574,-0.970941817426052,0,947.63,289027.95,291165.38,291165.38,285495.07,285278.1,272491.81,211770.25,290096.665,1234.0457858792151,290400.92875,2182.932032277696,288711.4,3043.6197098212697,279058.72807692306,11201.46224664793,291165.38,289027.95,292702.95,285278.1,0.0,-0.7340948295432637,1.3144542115220315,36.481847662738275,3.955,0.7340948295432637,1.169,12.57428213508797,1.175,1,3,0.333,259450.58,340,2016,3
Hibiscus,2016-07-18,296149.32,NGN,NGN/MT,Historical (World Bank/FAOSTAT/NEPC),wholesale,National,,,0.7,False,"Synthetic historical — verified annual anchors, weekly interpolated",Synthetic (World Bank/FAO × FX),historical,False,,296149.32,305.0,165.32,147.02083333333334,11.4,12.5,0,1,1,0,0,0,1,1,0,0,1,0,0,0,0,0,0,0,1,0,-0.4999999999999997,-0.8660254037844388,-0.3546048870425356,-0.9350162426854148,0,970.98,289027.95,289027.95,291165.38,286249.49,285278.1,271441.98,208688.83,291342.65,3359.125547015653,291638.4075,2296.428121399161,289617.335,3510.844455059389,280009.0103846154,11571.367152620574,296149.32,289027.95,296149.32,285278.1,2.4639035774913776,1.711721359180829,3.8107446733555816,41.909521463127675,4.048,2.4639035774913776,1.3,12.59862244223804,1.175,1,3,0.333,265843.2,341,2016,3
Hibiscus,2016-07-25,296149.32,NGN,NGN/MT,Historical (World Bank/FAOSTAT/NEPC),wholesale,National,,,0.7,False,"Synthetic historical — verified annual anchors, weekly interpolated",Synthetic (World Bank/FAO × FX),historical,False,,296160.61,305.0,165.32,147.02083333333334,11.4,12.5,0,1,1,0,0,0,1,1,0,0,1,0,0,0,0,0,0,0,1,0,-0.4999999999999997,-0.8660254037844388,-0.464723172043768,-0.8854560256532101,0,970.98,296149.32,289027.95,291165.38,292702.95,285278.1,268586.85,206076.99,292588.635,4111.524886500575,292069.20375,2794.0107473335515,290523.26999999996,3687.516602466529,281069.10538461537,11744.340687348275,296149.32,289027.95,296149.32,285278.1,0.0,1.711721359180829,3.8107446733555816,43.708096668143305,4.098,-2.4639035774913776,1.249,12.59862244223804,1.175,1,3,0.333,265843.2,342,2016,3
Hibiscus,2016-08-01,284324.58,NGN,NGN/MT,Historical (World Bank/FAOSTAT/NEPC),wholesale,National,,,0.7,False,"Synthetic historical — verified annual anchors, weekly interpolated",Synthetic (World Bank/FAO × FX),historical,False,,284013.93,305.0,165.32,147.02083333333334,17.6,19.4,0,1,0,0,1,0,1,1,0,0,1,0,0,0,0,1,0,0,1,0,-0.8660254037844384,-0.5000000000000004,-0.5680647467311556,-0.8229838658936565,0,932.21,296149.32,296149.32,289027.95,292702.95,285278.1,266774.03,202953.25,291412.7925,5796.539649121541,291021.90750000003,3881.2442708689214,290443.81,3818.754536567809,281744.12653846154,11388.837336129696,296149.32,284324.58,296149.32,284324.58,-3.992830373542644,-1.6273062864681442,-0.3342422709629478,40.09363240056516,3.432,-3.992830373542644,0.909,12.55787526896967,1.175,1,3,0.333,241772.6,343,2016,3
Hibiscus,2016-08-08,284324.58,NGN,NGN/MT,Historical (World Bank/FAOSTAT/NEPC),wholesale,National,,,0.7,False,"Synthetic historical — verified annual anchors, weekly interpolated",Synthetic (World Bank/FAO × FX),historical,False,,284324.58,305.0,165.32,147.02083333333334,17.6,19.4,0,1,0,0,1,0,1,1,0,0,1,0,0,0,0,1,0,0,1,0,-0.8660254037844384,-0.5000000000000004,-0.663122658240795,-0.7485107481711013,0,932.21,284324.58,296149.32,289027.95,291165.38,285495.07,266774.03,202953.25,290236.95,6827.016822098252,290166.8075,4542.378905297928,290346.26916666667,3968.655897397431,282419.1476923077,10978.794749707668,296149.32,284324.58,296149.32,284324.58,0.0,-1.6273062864681442,-0.409986063857426,40.09363240056516,2.768,3.992830373542644,0.874,12.55787526896967,1.175,1,3,0.333,241772.6,344,2016,3
Hibiscus,2016-08-15,284324.58,NGN,NGN/MT,Historical (World Bank/FAOSTAT/NEPC),wholesale,National,,,0.7,False,"Synthetic historical — verified annual anchors, weekly interpolated",Synthetic (World Bank/FAO × FX),historical,False,,290407.7,305.0,170.29545454545453,145.92000000000002,17.6,19.4,0,1,0,0,1,0,1,1,0,0,1,0,0,0,0,1,0,0,1,0,-0.8660254037844384,-0.5000000000000004,-0.7485107481711011,-0.6631226582407952,0,932.21,284324.58,284324.58,296149.32,291165.38,286249.49,266774.03,208206.36,287280.765,5912.3700000009485,289311.7075,4952.882997075956,290185.86000000004,4182.440497016614,283094.1688461539,10507.830082498705,296149.32,284324.58,296149.32,284324.58,0.0,-3.992830373542644,-0.6724588400139897,36.55902730348872,1.479,0.0,0.84,12.55787526896967,1.194,1,3,0.333,241772.6,345,2016,3
Hibiscus,2016-08-22,276222.62,NGN,NGN/MT,Historical (World Bank/FAOSTAT/NEPC),wholesale,National,,,0.7,False,"Synthetic historical — verified annual anchors, weekly interpolated",Synthetic (World Bank/FAO × FX),historical,False,,275871.17,305.0,170.29545454545453,145.92000000000002,17.6,19.4,0,1,0,0,1,0,1,1,0,0,1,0,0,0,0,1,0,0,1,0,-0.8660254037844384,-0.5000000000000004,-0.8229838658936564,-0.5680647467311559,0,905.65,284324.58,284324.58,296149.32,291165.38,292702.95,266774.03,208206.36,282299.08999999997,4050.980000001121,287443.8625,6672.9164770978405,288812.4991666667,5708.237931502068,283457.5761538461,10075.316155834653,284324.58,276222.62,296149.32,276222.62,-2.84954610677699,-6.728598937860131,-5.6303942273216006,32.66771485750964,-0.409,-2.84954610677699,0.599,12.528966034041662,1.194,1,3,0.333,234883.18,346,2016,3
Hibiscus,2016-08-29,276222.62,NGN,NGN/MT,Historical (World Bank/FAOSTAT/NEPC),wholesale,National,,,0.7,False,"Synthetic historical — verified annual anchors, weekly interpolated",Synthetic (World Bank/FAO × FX),historical,False,,276222.62,305.0,170.29545454545453,145.92000000000002,17.6,19.4,0,1,0,0,1,0,1,1,0,0,1,0,0,0,0,1,0,0,1,0,-0.8660254037844384,-0.5000000000000004,-0.8854560256532096,-0.4647231720437691,0,905.65,276222.62,284324.58,284324.58,289027.95,292702.95,266774.03,205397.6,280273.6,4677.668786964464,285843.19625000004,7696.052704910322,287439.13833333337,6599.998575146618,283820.98346153845,9609.10002576254,284324.58,276222.62,296149.32,276222.62,0.0,-2.84954610677699,-5.6303942273216006,34.481912154767144,-1.25,2.84954610677699,0.571,12.528966034041662,1.194,1,3,0.333,234883.18,347,2016,3
Hibiscus,2016-09-05,276222.62,NGN,NGN/MT,Historical (World Bank/FAOSTAT/NEPC),wholesale,National,,,0.7,False,"Synthetic historical — verified annual anchors, weekly interpolated",Synthetic (World Bank/FAO × FX),historical,False,,273965.07,305.0,170.29545454545453,145.92000000000002,17.6,19.4,0,1,0,0,1,1,0,0,0,0,0,0,0,0,0,1,0,0,0,0,-1.0,-1.8369701987210287e-16,-0.9350162426854148,-0.3546048870425359,0,905.65,276222.62,276222.62,284324.58,289027.95,291165.38,266774.03,204877.17,278248.11,4050.980000000922,284242.53,8250.717389069985,286193.9083333333,7214.115120185113,284184.3907692308,9104.005494172636,284324.58,276222.62,296149.32,276222.62,0.0,-2.84954610677699,-5.132052443872281,34.82352377280493,-2.089,0.0,0.542,12.528966034041662,1.194,1,3,0.667,234883.18,348,2016,3
Hibiscus,2016-09-12,278207.04,NGN,NGN/MT,Historical (World Bank/FAOSTAT/NEPC),wholesale,National,,,0.7,False,"Synthetic historical — verified annual anchors, weekly interpolated",Synthetic (World Bank/FAO × FX),historical,False,,278207.04,305.0,181.75,147.37142857142857,17.6,19.4,0,1,0,0,1,1,0,0,0,0,0,0,0,0,0,1,0,0,0,0,-1.0,-1.8369701987210287e-16,-0.970941817426052,-0.2393156642875577,0,912.15,276222.62,276222.62,284324.58,296149.32,291165.38,264933.14,204013.1,276718.725,992.2100000034433,281999.745,6875.787508416858,285114.0466666667,7370.452972708749,284694.9253846154,8319.649467509069,278207.04,276222.62,296149.32,276222.62,0.7184132856317138,-2.1516043389565698,-4.4505085048229365,36.36724308389998,-2.802,0.7184132856317138,0.567,12.536124458125771,1.248,1,3,0.667,236570.61,349,2016,3
Hibiscus,2016-09-19,282611.62,NGN,NGN/MT,Historical (World Bank/FAOSTAT/NEPC),wholesale,National,,,0.7,False,"Synthetic historical — verified annual anchors, weekly interpolated",Synthetic (World Bank/FAO × FX),historical,False,,282611.62,305.0,181.75,147.37142857142857,17.6,19.4,0,1,0,0,1,1,0,0,0,0,0,0,0,0,0,1,0,0,0,0,-1.0,-1.8369701987210287e-16,-0.992708874098054,-0.1205366802553235,0,926.6,278207.04,276222.62,276222.62,296149.32,291165.38,263402.97,204013.1,278315.975,3012.6789358931155,280307.5325,3931.38343879926,284401.23333333334,7142.100640725877,285433.7196153846,7119.594760883076,282611.62,276222.62,296149.32,276222.62,1.583202207967127,2.312989428599299,-2.937766845769918,38.5262122873482,-2.494,0.8647889223354133,0.66,12.55183240499415,1.248,1,3,0.667,240316.0,350,2016,3
Hibiscus,2016-09-26,287204.34,NGN,NGN/MT,Historical (World Bank/FAOSTAT/NEPC),wholesale,National,,,0.7,False,"Synthetic historical — verified annual anchors, weekly interpolated",Synthetic (World Bank/FAO × FX),historical,False,,292392.99,305.0,181.75,147.37142857142857,17.6,19.4,0,1,0,0,1,1,0,0,0,0,0,0,0,0,0,1,0,0,0,0,-1.0,-1.8369701987210287e-16,-1.0,-1.8369701987210287e-16,0,941.65,282611.62,278207.04,276222.62,284324.58,289027.95,263402.97,204013.1,281061.405,4888.764560701918,280667.5025,4449.447575143569,284249.2658333333,7053.557372014187,286349.15692307695,5525.244772273155,287204.34,276222.62,296149.32,276222.62,1.625099491662807,3.975677299708491,-0.6309458998688511,40.77740105904966,-1.847,0.04189728369567991,0.759,12.567952709298115,1.248,1,3,0.667,244221.38,351,2016,3
Hibiscus,2016-10-03,287204.34,NGN,NGN/MT,Historical (World Bank/FAOSTAT/NEPC),wholesale,National,,,0.7,False,"Synthetic historical — verified annual anchors, weekly interpolated",Synthetic (World Bank/FAO × FX),historical,False,,287204.34,305.0,181.75,147.37142857142857,17.6,19.4,0,1,0,0,0,1,0,0,0,1,0,1,0,1,1,1,1,0,0,0,-0.8660254037844386,0.5000000000000001,-0.992708874098054,0.1205366802553232,0,941.65,287204.34,282611.62,276222.62,284324.58,289027.95,286649.97,204028.59497942388,283806.835,4315.565756202668,281027.47250000003,4882.951208334952,284097.29833333334,6960.269712095987,286370.4788461538,5527.5212317696505,287204.34,278207.04,296149.32,276222.62,0.0,3.975677299708491,-0.6309458998688511,40.76670970015961,-0.895,-1.625099491662807,0.729,12.567952709298115,1.248,1,3,1.0,244221.38,352,2016,4
Hibiscus,2016-10-10,279840.26,NGN,NGN/MT,Historical (World Bank/FAOSTAT/NEPC),wholesale,National,,,0.7,False,"Synthetic historical — verified annual anchors, weekly interpolated",Synthetic (World Bank/FAO × FX),historical,False,,278656.52,305.0,185.25,146.3576923076923,17.6,19.4,0,1,0,0,0,1,0,0,0,1,0,1,0,1,1,1,1,0,0,0,-0.8660254037844386,0.5000000000000001,-0.970941817426052,0.2393156642875573,0,917.51,287204.34,287204.34,278207.04,284324.58,296149.32,286649.97,204044.08995884773,284215.14,3632.3309634827783,280466.9325,4704.517622784908,282738.21,5905.348847061264,286108.5669230769,5673.162690505173,287204.34,279840.26,296149.32,276222.62,-2.564055960992795,0.5870520027099424,-5.50703948940352,37.14695684468934,-0.662,-2.564055960992795,0.482,12.54197779281519,1.26,1,3,1.0,237959.4,353,2016,4
Hibiscus,2016-10-17,279840.26,NGN,NGN/MT,Historical (World Bank/FAOSTAT/NEPC),wholesale,National,,,0.7,False,"Synthetic historical — verified annual anchors, weekly interpolated",Synthetic (World Bank/FAO × FX),historical,False,,279840.26,305.0,185.25,146.3576923076923,17.6,19.4,0,1,0,0,0,1,0,0,0,1,0,1,0,1,1,1,1,0,0,0,-0.8660254037844386,0.5000000000000001,-0.9350162426854148,0.3546048870425355,0,917.51,279840.26,287204.34,282611.62,276222.62,296149.32,285278.1,204044.08995884773,283522.30000000005,4251.653570334987,280919.1375,4402.434673321732,281379.1216666667,4155.82159754828,285899.4192307693,5803.736925491812,287204.34,279840.26,287204.34,276222.62,0.0,-0.9806249297180325,-5.50703948940352,37.14695684468934,-0.831,2.564055960992795,0.452,12.54197779281519,1.26,1,3,1.0,237959.4,354,2016,4
Hibiscus,2016-10-24,279840.26,NGN,NGN/MT,Historical (World Bank/FAOSTAT/NEPC),wholesale,National,,,0.7,False,"Synthetic historical — verified annual anchors, weekly interpolated",Synthetic (World Bank/FAO × FX),historical,False,,271578.75,305.0,185.25,146.3576923076923,17.6,19.4,0,1,0,0,0,1,0,0,0,1,0,1,0,1,1,1,1,0,0,0,-0.8660254037844386,0.5000000000000001,-0.8854560256532101,0.464723172043768,0,917.51,279840.26,279840.26,287204.34,276222.62,284324.58,285278.1,203662.22,281681.28,3682.0400000011523,281371.3425,4020.3198612274546,281005.42833333334,4067.5656624787366,285690.27153846156,5923.762719144257,287204.34,279840.26,287204.34,276222.62,0.0,-2.564055960992795,-1.5771833726088702,37.404109608546946,-1.403,0.0,0.422,12.54197779281519,1.26,1,3,1.0,237959.4,355,2016,4
Hibiscus,2016-10-31,279840.26,NGN,NGN/MT,Historical (World Bank/FAOSTAT/NEPC),wholesale,National,,,0.7,False,"Synthetic historical — verified annual anchors, weekly interpolated",Synthetic (World Bank/FAO × FX),historical,False,,279844.49,305.0,185.25,146.3576923076923,17.6,19.4,0,1,0,0,0,1,0,0,0,1,0,1,0,1,1,1,1,0,0,0,-0.8660254037844386,0.5000000000000001,-0.822983865893657,0.5680647467311548,0,917.51,279840.26,279840.26,287204.34,276222.62,284324.58,285278.1,203609.3815625,279840.26,0.0028212946681231816,281823.5475,3532.2950420707048,280631.73500000004,3938.8632828921063,285481.12384615385,6033.869593400117,279840.26,279840.26,287204.34,276222.62,0.0,-2.564055960992795,-1.5771833726088702,37.439767191719575,-1.976,0.0,0.39,12.54197779281519,1.26,1,3,1.0,237959.4,356,2016,4
Hibiscus,2016-11-07,279840.26,NGN,NGN/MT,Historical (World Bank/FAOSTAT/NEPC),wholesale,National,,,0.7,False,"Synthetic historical — verified annual anchors, weekly interpolated",Synthetic (World Bank/FAO × FX),historical,False,,277575.27,305.0,185.25,146.3576923076923,17.6,19.4,1,0,0,0,0,1,0,0,0,1,0,1,1,1,1,0,1,0,0,0,-0.5000000000000004,0.8660254037844384,-0.7485107481711011,0.6631226582407952,1,917.51,279840.26,279840.26,279840.26,278207.04,284324.58,285278.1,203556.543125,279840.26,0.0028212946681231816,282027.7,3335.1083664919324,280258.0416666667,3765.56951587236,285271.9761538462,6134.591661441091,279840.26,279840.26,287204.34,276222.62,0.0,0.0,-1.5771833726088702,37.47544328661334,-1.904,0.0,0.358,12.54197779281519,1.26,0,0,0.667,237959.4,357,2016,4
Hibiscus,2016-11-14,279844.49,NGN,NGN/MT,Historical (World Bank/FAOSTAT/NEPC),wholesale,National,,,0.7,False,"Synthetic historical — verified annual anchors, weekly interpolated",Synthetic (World Bank/FAO × FX),historical,False,,282710.84,305.0,188.7,145.23555555555555,17.6,19.4,1,0,0,0,0,1,0,0,0,1,0,1,1,1,1,0,1,0,0,0,-0.5000000000000004,0.8660254037844384,-0.6631226582407955,0.7485107481711007,1,917.52,279840.26,279840.26,279840.26,282611.62,276222.62,285495.07,203477.32875,279841.3175,2.1150018817989307,281681.80875,3408.5806010461743,280559.8641666667,3551.797069636507,285054.6461538462,6225.7856238395025,279844.49,279840.26,287204.34,276222.62,0.001511576640189638,0.001511576640189638,1.3112141214213446,37.531041772141414,-1.829,0.001511576640189638,0.324,12.541992908413336,1.272,0,0,0.667,237963.0,358,2016,4
Hibiscus,2016-11-21,282710.84,NGN,NGN/MT,Historical (World Bank/FAOSTAT/NEPC),wholesale,National,,,0.7,False,"Synthetic historical — verified annual anchors, weekly interpolated",Synthetic (World Bank/FAO × FX),historical,False,,273051.26,305.0,188.7,145.23555555555555,17.6,19.4,1,0,0,0,0,1,0,0,0,1,0,1,1,1,1,0,1,0,0,0,-0.5000000000000004,0.8660254037844384,-0.5680647467311559,0.8229838658936564,1,926.92,279844.49,279840.26,279840.26,287204.34,276222.62,286249.49,203379.954375,280558.9625,1434.5863858385062,281120.12125,2655.6022486648453,281100.54916666663,3317.6499555923647,284918.5442307693,6237.288911859659,282710.84,279840.26,287204.34,276222.62,1.0242652982018763,1.0257923573970373,2.348909730854065,39.00624615085053,-1.53,1.0227537215616866,0.401,12.552183424658217,1.272,0,0,0.667,240400.37,359,2016,4
Hibiscus,2016-11-28,284362.51,NGN,NGN/MT,Historical (World Bank/FAOSTAT/NEPC),wholesale,National,,,0.7,False,"Synthetic historical — verified annual anchors, weekly interpolated",Synthetic (World Bank/FAO × FX),historical,False,,284362.51,305.0,188.7,145.23555555555555,17.6,19.4,1,0,0,0,0,1,0,0,0,1,0,1,1,1,1,0,1,0,0,0,-0.5000000000000004,0.8660254037844384,-0.4647231720437684,0.88545602565321,1,932.34,282710.84,279844.49,279840.26,287204.34,276222.62,292702.95,203282.58,281689.525,2236.952415745252,280764.8925,1766.8143411016765,281778.87333333335,3051.0732080313796,284597.7580769231,6032.017995553256,284362.51,279840.26,287204.34,278207.04,0.5842259179025477,1.6160112201153654,2.9468585881923914,39.88533105000931,-1.022,-0.44003938029932854,0.441,12.558008663475468,1.272,0,0,0.667,241804.86,360,2016,4
Hibiscus,2016-12-05,284362.51,NGN,NGN/MT,Historical (World Bank/FAOSTAT/NEPC),wholesale,National,,,0.7,False,"Synthetic historical — verified annual anchors, weekly interpolated",Synthetic (World Bank/FAO × FX),historical,False,,287017.51,305.0,188.7,145.23555555555555,17.6,19.4,1,0,0,0,0,0,0,0,0,1,0,1,1,1,1,0,0,0,0,1,-2.4492935982947064e-16,1.0,-0.3546048870425359,0.9350162426854148,1,932.34,284362.51,282710.84,279840.26,279840.26,278207.04,292702.95,203008.65666666665,282820.0875,2131.0599737612174,281330.17375,2117.37687093174,282291.82916666666,2910.1581611073925,284276.97192307696,5801.092088032255,284362.51,279844.49,287204.34,279840.26,0.0,1.6160112201153654,2.212550049057005,40.074080913166995,-0.512,-0.5842259179025477,0.414,12.558008663475468,1.272,0,0,0.333,241804.86,361,2016,4
Hibiscus,2016-12-12,277706.89,NGN,NGN/MT,Historical (World Bank/FAOSTAT/NEPC),wholesale,National,,,0.7,False,"Synthetic historical — verified annual anchors, weekly interpolated",Synthetic (World Bank/FAO × FX),historical,False,,273504.69,305.0,197.77777777777777,147.89444444444445,17.6,19.4,1,0,0,0,0,0,0,0,0,1,0,1,1,1,1,0,0,0,0,1,-2.4492935982947064e-16,1.0,-0.2393156642875578,0.970941817426052,1,910.51,284362.51,284362.51,279844.49,279840.26,282611.62,291165.38,202734.7333333333,282285.6875,3150.26583996233,281063.5025,2441.382143694676,281883.1016666667,3191.9490868452617,283759.3376923077,5762.173100034472,284362.51,277706.89,287204.34,277706.89,-2.340540600798602,-0.7638528098230513,-1.735501887714308,36.980420391703994,-0.519,-2.340540600798602,0.02,12.534325084846627,1.32,0,0,0.333,236145.31,362,2016,4
Hibiscus,2016-12-19,277706.89,NGN,NGN/MT,Historical (World Bank/FAOSTAT/NEPC),wholesale,National,,,0.7,False,"Synthetic historical — verified annual anchors, weekly interpolated",Synthetic (World Bank/FAO × FX),historical,False,,277706.89,305.0,197.77777777777777,147.89444444444445,17.6,19.4,1,0,0,0,0,0,0,0,0,1,0,1,1,1,1,0,0,0,0,1,-2.4492935982947064e-16,1.0,-0.1205366802553236,0.992708874098054,1,910.51,277706.89,284362.51,282710.84,279840.26,287204.34,291165.38,202460.81,281034.7,3842.6239986249193,280796.83125000005,2697.195480430821,281091.6475,2918.316744174074,283241.7034615385,5674.0886709862125,284362.51,277706.89,287204.34,277706.89,0.0,-1.769988727704963,-3.306861588512211,37.16575074455151,-0.779,2.340540600798602,-0.079,12.534325084846627,1.32,0,0,0.333,236145.31,363,2016,4
Hibiscus,2016-12-26,280081.27,NGN,NGN/MT,Historical (World Bank/FAOSTAT/NEPC),wholesale,National,,,0.7,False,"Synthetic historical — verified annual anchors, weekly interpolated",Synthetic (World Bank/FAO × FX),historical,False,,280081.27,305.0,197.77777777777777,147.89444444444445,17.6,19.4,1,0,0,0,0,0,0,0,0,1,0,1,1,1,1,0,0,0,0,1,-2.4492935982947064e-16,1.0,6.432490598706546e-16,1.0,1,918.3,277706.89,277706.89,284362.51,279840.26,287204.34,291165.38,202460.81,279964.39,3138.456784728421,280826.9575,2686.3087482443184,280498.05833333335,2197.311885011417,282815.39153846155,5467.578834125045,284362.51,277706.89,284362.51,277706.89,0.854994991301794,-1.5055571144030222,-2.4801400981614763,38.33851104319894,-1.008,0.854994991301794,-0.025,12.542838660422897,1.32,0,0,0.333,238164.35,364,2016,4
Hibiscus,2017-01-02,328497.83,NGN,NGN/MT,Historical (World Bank/FAOSTAT/NEPC),wholesale,National,,,0.7,False,"Synthetic historical — verified annual anchors, weekly interpolated",Synthetic (World Bank/FAO × FX),historical,False,,328497.83,305.79,197.77777777777777,147.89444444444445,17.6,19.4,1,0,0,0,0,0,0,0,0,1,0,0,1,0,0,0,0,0,0,1,0.4999999999999999,0.8660254037844387,0.120536680255323,0.992708874098054,1,1074.26,280081.27,277706.89,284362.51,279840.26,279840.26,289027.95,272491.81,290998.22000000003,25024.784073610128,286909.15375,17013.051317834615,284552.85583333333,14010.900830596338,284333.46384615387,10460.844377052115,328497.83,277706.89,328497.83,277706.89,17.286611132547346,15.52079421439907,17.38762321047014,20.55328561985037,2.344,16.431616141245552,4.253,12.702288555256624,1.32,0,0,0.0,279334.89,365,2017,1
Hibiscus,2017-01-09,332625.61,NGN,NGN/MT,Historical (World Bank/FAOSTAT/NEPC),wholesale,National,,,0.7,False,"Synthetic historical — verified annual anchors, weekly interpolated",Synthetic (World Bank/FAO × FX),historical,False,,334735.32,305.79,222.22222222222223,147.66666666666666,17.6,19.4,1,0,0,0,0,0,0,0,0,1,0,0,1,0,0,0,0,0,0,1,0.4999999999999999,0.8660254037844387,0.2393156642875577,0.970941817426052,1,1087.76,328497.83,280081.27,277706.89,279844.49,279840.26,289027.95,272491.81,304727.9,29893.606603118573,293506.79375,23046.41737141975,288951.635,19577.233528045832,286010.29692307697,14103.501421354764,332625.61,277706.89,332625.61,277706.89,1.2565623340647258,19.775785901458896,18.862671868586744,22.068112799426885,6.544,-16.03004879848262,3.827,12.714775848553883,1.426,0,0,0.0,282844.91,366,2017,1
Hibiscus,2017-01-16,332625.61,NGN,NGN/MT,Historical (World Bank/FAOSTAT/NEPC),wholesale,National,,,0.7,False,"Synthetic historical — verified annual anchors, weekly interpolated",Synthetic (World Bank/FAO × FX),historical,False,,332625.61,305.79,222.22222222222223,147.66666666666666,17.6,19.4,1,0,0,0,0,0,0,0,0,1,0,0,1,0,0,0,0,0,0,1,0.4999999999999999,0.8660254037844387,0.3546048870425356,0.9350162426854148,1,1087.76,332625.61,328497.83,277706.89,282710.84,279840.26,296149.32,271441.98,318457.58,25658.097730479123,299746.14,26241.339006596292,293350.4141666667,22978.560439823523,287413.23115384614,16723.316174738306,332625.61,280081.27,332625.61,277706.89,0.0,19.775785901458896,18.862671868586744,22.54022388136132,10.801,-1.2565623340647258,3.323,12.714775848553883,1.426,0,0,0.0,282844.91,367,2017,1
Hibiscus,2017-01-23,332744.49,NGN,NGN/MT,Historical (World Bank/FAOSTAT/NEPC),wholesale,National,,,0.7,False,"Synthetic historical — verified annual anchors, weekly interpolated",Synthetic (World Bank/FAO × FX),historical,False,,333474.32,305.79,222.22222222222223,147.66666666666666,17.6,19.4,1,0,0,0,0,0,0,0,0,1,0,0,1,0,0,0,0,0,0,1,0.4999999999999999,0.8660254037844387,0.4647231720437685,0.8854560256532099,1,1088.15,332625.61,332625.61,280081.27,284362.51,279840.26,296149.32,268586.85,331623.385,2084.4567941765954,305793.8875,27722.832627300864,297759.1,25125.661374531297,288820.7376923077,18887.909822110632,332744.49,328497.83,332744.49,277706.89,0.03573988184493171,18.802835334187094,18.905153247070295,23.88711137570585,14.82,0.03573988184493171,2.977,12.715133182446497,1.426,0,0,0.0,282945.99,368,2017,1
Hibiscus,2017-01-30,332744.49,NGN,NGN/MT,Historical (World Bank/FAOSTAT/NEPC),wholesale,National,,,0.7,False,"Synthetic historical — verified annual anchors, weekly interpolated",Synthetic (World Bank/FAO × FX),historical,False,,324789.23,305.79,222.22222222222223,147.66666666666666,17.6,19.4,1,0,0,0,0,0,0,0,0,1,0,0,1,0,0,0,0,0,0,1,0.4999999999999999,0.8660254037844387,0.5680647467311558,0.8229838658936564,1,1088.15,332744.49,332625.61,328497.83,284362.51,279840.26,284324.58,266774.03,332685.05,68.63540016627181,311841.635,27656.869921916943,302167.7858333333,26309.24830785112,290683.0419230769,20724.60992709055,332744.49,332625.61,332744.49,277706.89,0.0,1.292751309803175,18.905153247070295,24.72896630905188,14.449,-0.03573988184493171,2.711,12.715133182446497,1.426,0,0,0.0,282945.99,369,2017,1
Hibiscus,2017-02-06,332744.49,NGN,NGN/MT,Historical (World Bank/FAOSTAT/NEPC),wholesale,National,,,0.7,False,"Synthetic historical — verified annual anchors, weekly interpolated",Synthetic (World Bank/FAO × FX),historical,False,,332744.49,305.79,222.22222222222223,147.66666666666666,17.6,19.4,1,0,0,0,0,0,0,0,1,1,0,0,1,0,0,0,0,0,0,0,0.8660254037844386,0.5000000000000001,0.6631226582407952,0.7485107481711011,1,1088.15,332744.49,332744.49,332625.61,277706.89,279844.49,284324.58,266774.03,332714.77,59.440000190609695,318721.33499999996,24632.799073479455,306576.11916666664,26658.354445678735,292545.3461538461,22249.76331452135,332744.49,332625.61,332744.49,277706.89,0.0,0.03573988184493171,18.90335593171766,24.72896630905188,13.731,0.0,2.5,12.715133182446497,1.426,0,0,0.0,282945.99,370,2017,1
Hibiscus,2017-02-13,337467.53,NGN,NGN/MT,Historical (World Bank/FAOSTAT/NEPC),wholesale,National,,,0.7,False,"Synthetic historical — verified annual anchors, weekly interpolated",Synthetic (World Bank/FAO × FX),historical,False,,337467.53,305.79,275.42857142857144,151.29285714285714,17.6,19.4,1,0,0,0,0,0,0,0,1,1,0,0,1,0,0,0,0,0,0,0,0.8660254037844386,0.5000000000000001,0.7485107481711011,0.6631226582407953,1,1103.59,332744.49,332744.49,332625.61,277706.89,282710.84,284324.58,266774.03,333925.25,2361.520000004886,326191.41500000004,18785.411885783356,311139.1766666667,26887.334409036597,294589.30576923076,23847.93387320127,337467.53,332744.49,337467.53,277706.89,1.4194194470357857,1.4556666277139696,19.368443742730214,26.49939351292927,13.353,1.4194194470357857,2.54,12.729227540502743,1.669,0,0,0.0,286962.19,371,2017,1
Hibiscus,2017-02-20,342068.73,NGN,NGN/MT,Historical (World Bank/FAOSTAT/NEPC),wholesale,National,,,0.7,False,"Synthetic historical — verified annual anchors, weekly interpolated",Synthetic (World Bank/FAO × FX),historical,False,,346975.16,305.79,275.42857142857144,151.29285714285714,17.6,19.4,1,0,0,0,0,0,0,0,1,1,0,0,1,0,0,0,0,0,0,0,0.8660254037844386,0.5000000000000001,0.8229838658936564,0.5680647467311559,1,1118.64,337467.53,332744.49,332744.49,280081.27,284362.51,276222.62,266774.03,336256.31,4469.0431328444065,333939.8475,4068.6942107038435,315948.0283333334,26823.265015915986,297121.8484615385,25273.14879072792,342068.73,332744.49,342068.73,277706.89,1.3634496924785466,2.802222209599914,20.293188437533473,28.224149104768536,13.171,-0.05596975455723907,2.556,12.742769884151116,1.669,0,0,0.0,290874.77,372,2017,1
Hibiscus,2017-02-27,342068.73,NGN,NGN/MT,Historical (World Bank/FAOSTAT/NEPC),wholesale,National,,,0.7,False,"Synthetic historical — verified annual anchors, weekly interpolated",Synthetic (World Bank/FAO × FX),historical,False,,342068.73,305.79,275.42857142857144,151.29285714285714,17.6,19.4,1,0,0,0,0,0,0,0,1,1,0,0,1,0,0,0,0,0,0,0,0.8660254037844386,0.5000000000000001,0.8854560256532099,0.4647231720437686,1,1118.64,342068.73,337467.53,332744.49,328497.83,284362.51,276222.62,266774.03,338587.37,4458.438561472436,335636.21,4298.204250261521,320756.88,25799.063482305475,299654.39115384617,26370.428566865816,342068.73,332744.49,342068.73,277706.89,0.0,2.802222209599914,20.293188437533473,28.224149104768536,12.993,-1.3634496924785466,2.373,12.742769884151116,1.669,0,0,0.0,290874.77,373,2017,1
Hibiscus,2017-03-06,342068.73,NGN,NGN/MT,Historical (World Bank/FAOSTAT/NEPC),wholesale,National,,,0.7,False,"Synthetic historical — verified annual anchors, weekly interpolated",Synthetic (World Bank/FAO × FX),historical,False,,361430.16,305.79,275.42857142857144,151.29285714285714,17.6,19.4,1,0,0,1,0,0,0,0,1,1,0,0,0,0,0,0,0,0,0,0,1.0,6.123233995736766e-17,0.9350162426854148,0.3546048870425355,0,1118.64,342068.73,342068.73,332744.49,332625.61,277706.89,276222.62,266774.03,340918.43,2300.6000000054446,336816.6,4636.6391031862295,326120.36666666664,22517.059962583848,302186.93384615384,27179.520029358177,342068.73,337467.53,342068.73,277706.89,0.0,2.802222209599914,23.17617686763189,28.224149104768536,12.817,0.0,2.219,12.742769884151116,1.669,0,0,0.0,290874.77,374,2017,1
Hibiscus,2017-03-13,342068.73,NGN,NGN/MT,Historical (World Bank/FAOSTAT/NEPC),wholesale,National,,,0.7,False,"Synthetic historical — verified annual anchors, weekly interpolated",Synthetic (World Bank/FAO × FX),historical,False,,331684.57,305.79,277.25,179.0,17.6,19.4,1,0,0,1,0,0,0,0,1,1,0,0,0,0,0,0,0,0,0,0,1.0,6.123233995736766e-17,0.970941817426052,0.239315664287558,0,1118.64,342068.73,342068.73,337467.53,332625.61,277706.89,278207.04,264933.14,342068.73,0.0050535241920257245,337996.99,4619.2588018978495,331483.85333333333,16902.069755776687,304643.15269230766,27804.18802606251,342068.73,342068.73,342068.73,280081.27,0.0,1.3634496924785466,23.17617686763189,29.115115609923304,12.285,0.0,2.09,12.742769884151116,1.762,0,0,0.0,290874.77,375,2017,1
Hibiscus,2017-03-20,342068.73,NGN,NGN/MT,Historical (World Bank/FAOSTAT/NEPC),wholesale,National,,,0.7,False,"Synthetic historical — verified annual anchors, weekly interpolated",Synthetic (World Bank/FAO × FX),historical,False,,348384.59,305.79,277.25,179.0,17.6,19.4,1,0,0,1,0,0,0,0,1,1,0,0,0,0,0,0,0,0,0,0,1.0,6.123233995736766e-17,0.992708874098054,0.120536680255323,0,1118.64,342068.73,342068.73,342068.73,332744.49,280081.27,282611.62,263402.97,342068.73,0.0050535241920257245,339162.52,4267.576965291087,336649.475,5153.020796238938,306929.96461538464,28359.224228245792,342068.73,342068.73,342068.73,328497.83,0.0,0.0,22.131954771556117,29.865175779908636,11.448,0.0,1.98,12.742769884151116,1.762,0,0,0.0,290874.77,376,2017,1
Hibiscus,2017-03-27,341512.87,NGN,NGN/MT,Historical (World Bank/FAOSTAT/NEPC),wholesale,National,,,0.7,False,"Synthetic historical — verified annual anchors, weekly interpolated",Synthetic (World Bank/FAO × FX),historical,False,,341367.34,305.79,277.25,179.0,17.6,19.4,1,0,0,1,0,0,0,0,1,1,0,0,0,0,0,0,0,0,0,0,1.0,6.123233995736766e-17,1.0,-1.6081226496766364e-16,0,1116.82,342068.73,342068.73,342068.73,332744.49,328497.83,287204.34,263402.97,341929.76499999996,277.9300000458443,340258.5675,3426.9513137218028,337734.0616666667,4623.823805830826,309018.75423076923,28844.117567075242,342068.73,341512.87,342068.73,332625.61,-0.16249950704351201,-0.16249950704351201,3.961986598206746,29.654145509445094,10.65,-0.16249950704351201,1.862,12.741143572102333,1.762,0,0,0.0,290402.1,377,2017,1
Hibiscus,2017-04-03,341512.87,NGN,NGN/MT,Historical (World Bank/FAOSTAT/NEPC),wholesale,National,,,0.7,False,"Synthetic historical — verified annual anchors, weekly interpolated",Synthetic (World Bank/FAO × FX),historical,False,,372992.93,305.79,277.25,179.0,17.6,19.4,0,1,1,1,0,0,0,0,1,0,0,0,0,0,0,0,0,0,0,0,0.8660254037844387,-0.4999999999999998,0.992708874098054,-0.1205366802553228,0,1116.82,341512.87,342068.73,342068.73,332744.49,332625.61,287204.34,286649.97,341790.8,320.92592067135604,341354.615,1590.5668465672773,338474.6666666666,4439.270796570755,311107.5438461539,29165.827780800766,342068.73,341512.87,342068.73,332625.61,0.0,-0.16249950704351201,2.6718507934491376,19.139335685261027,9.863,0.16249950704351201,1.764,12.741143572102333,1.762,0,0,0.333,290402.1,378,2017,2
Hibiscus,2017-04-10,341512.87,NGN,NGN/MT,Historical (World Bank/FAOSTAT/NEPC),wholesale,National,,,0.7,False,"Synthetic historical — verified annual anchors, weekly interpolated",Synthetic (World Bank/FAO × FX),historical,False,,341512.87,305.79,248.58333333333331,154.875,17.6,19.4,0,1,1,1,0,0,0,0,1,0,0,0,0,0,0,0,0,0,0,0,0.8660254037844387,-0.4999999999999998,0.970941817426052,-0.2393156642875575,0,1116.82,341512.87,341512.87,342068.73,337467.53,332625.61,279840.26,286649.97,341651.83499999996,277.9300000456324,341860.2825,287.68488146022406,339215.27166666667,4103.387111672546,313479.5673076923,29028.737275351636,342068.73,341512.87,342068.73,332744.49,0.0,-0.16249950704351201,2.6718507934491376,19.139335685261027,8.987,0.0,1.676,12.741143572102333,1.563,0,0,0.333,290402.1,379,2017,2
Hibiscus,2017-04-17,341512.87,NGN,NGN/MT,Historical (World Bank/FAOSTAT/NEPC),wholesale,National,,,0.7,False,"Synthetic historical — verified annual anchors, weekly interpolated",Synthetic (World Bank/FAO × FX),historical,False,,341182.92,305.79,248.58333333333331,154.875,17.6,19.4,0,1,1,1,0,0,0,0,1,0,0,0,0,0,0,0,0,0,0,0,0.8660254037844387,-0.4999999999999998,0.9350162426854148,-0.3546048870425354,0,1116.82,341512.87,341512.87,342068.73,342068.73,332744.49,279840.26,285278.1,341512.87,0.005031689326347244,341790.8,297.1196679538776,339945.97000000003,3595.660841300453,315851.59076923074,28687.74224708359,341512.87,341512.87,342068.73,332744.49,0.0,-0.16249950704351201,2.6351691052795445,19.71226322665498,8.124,0.0,1.596,12.741143572102333,1.563,0,0,0.333,290402.1,380,2017,2
Hibiscus,2017-04-24,341512.87,NGN,NGN/MT,Historical (World Bank/FAOSTAT/NEPC),wholesale,National,,,0.7,False,"Synthetic historical — verified annual anchors, weekly interpolated",Synthetic (World Bank/FAO × FX),historical,False,,343706.38,305.79,248.58333333333331,154.875,17.6,19.4,0,1,1,1,0,0,0,0,1,0,0,0,0,0,0,0,0,0,0,0,0.8660254037844387,-0.4999999999999998,0.8854560256532099,-0.4647231720437685,0,1116.82,341512.87,341512.87,341512.87,342068.73,332744.49,279840.26,285278.1,341512.87,0.005031689326347244,341721.3175,287.68488146006644,340676.66833333333,2802.6507989570805,318223.6142307692,28135.42984282406,341512.87,341512.87,342068.73,332744.49,0.0,0.0,2.6351691052795445,19.71226322665498,7.319,0.0,1.522,12.741143572102333,1.563,0,0,0.333,290402.1,381,2017,2
Hibiscus,2017-05-01,343706.38,NGN,NGN/MT,Historical (World Bank/FAOSTAT/NEPC),wholesale,National,,,0.7,False,"Synthetic historical — verified annual anchors, weekly interpolated",Synthetic (World Bank/FAO × FX),historical,False,,334253.08,305.79,248.58333333333331,154.875,16.3,17.9,0,1,1,1,0,0,0,0,1,0,1,0,0,0,0,0,0,0,0,0,0.4999999999999999,-0.8660254037844387,0.8229838658936565,-0.5680647467311557,0,1123.99,341512.87,341512.87,341512.87,342068.73,332744.49,279840.26,285278.1,342061.2475,1096.7550000116294,341926.02375,761.9410017076992,341590.1591666667,1434.9368104607258,320680.00346153846,27429.378214518554,343706.38,341512.87,343706.38,337467.53,0.6422920459776549,0.6422920459776549,3.294386632818469,20.481165571419613,6.667,0.6422920459776549,1.533,12.747545934821542,1.563,0,0,0.333,295534.29,382,2017,2
Hibiscus,2017-05-08,348869.69,NGN,NGN/MT,Historical (World Bank/FAOSTAT/NEPC),wholesale,National,,,0.7,False,"Synthetic historical — verified annual anchors, weekly interpolated",Synthetic (World Bank/FAO × FX),historical,False,,351369.16,305.79,248.58333333333331,154.875,16.3,17.9,0,1,1,1,0,0,0,0,1,0,1,0,0,0,0,0,0,0,0,0,0.4999999999999999,-0.8660254037844387,0.7485107481711013,-0.663122658240795,0,1140.88,343706.38,341512.87,341512.87,342068.73,337467.53,279840.26,285278.1,343900.4525,3470.4507802951225,342776.14375,2576.719465660263,342540.3391666667,2084.8124761750614,323334.9815384615,26647.90565031149,348869.69,341512.87,348869.69,341512.87,1.5022444448077987,2.1541852873655953,3.3787428378664996,22.291087188255965,6.36,0.8599523988301438,1.643,12.762456616767329,1.563,0,0,0.333,299973.94,383,2017,2
Hibiscus,2017-05-15,351369.16,NGN,NGN/MT,Historical (World Bank/FAOSTAT/NEPC),wholesale,National,,,0.7,False,"Synthetic historical — verified annual anchors, weekly interpolated",Synthetic (World Bank/FAO × FX),historical,False,,348869.69,305.79,229.2,161.0,16.3,17.9,0,1,1,1,0,0,0,0,1,0,1,0,0,0,0,0,0,0,0,0,0.4999999999999999,-0.8660254037844387,0.6631226582407952,-0.7485107481711012,0,1149.05,348869.69,343706.38,341512.87,342068.73,342068.73,279844.49,285495.07,346364.52499999997,4543.3656482311235,343938.6975,3946.1305951699746,343315.375,3279.805554859716,326085.9303846154,25651.903233909125,351369.16,341512.87,351369.16,341512.87,0.7164480239025606,2.8860669291906893,2.718877577614287,23.07363486171581,6.219,-0.7857964209052382,1.65,12.769595533656476,1.497,0,0,0.333,302123.1,384,2017,2
Hibiscus,2017-05-22,358610.72,NGN,NGN/MT,Historical (World Bank/FAOSTAT/NEPC),wholesale,National,,,0.7,False,"Synthetic historical — verified annual anchors, weekly interpolated",Synthetic (World Bank/FAO × FX),historical,False,,358610.72,305.79,229.2,161.0,16.3,17.9,0,1,1,1,0,0,0,0,1,0,1,0,0,0,0,0,0,0,0,0,0.4999999999999999,-0.8660254037844387,0.5680647467311558,-0.8229838658936564,0,1172.74,351369.16,348869.69,341512.87,341512.87,342068.73,282710.84,286249.49,350638.9875,6198.739961313561,346075.92874999996,6345.360201099755,344693.87416666665,5459.925946363994,329005.15653846157,24823.696781041803,358610.72,343706.38,358610.72,341512.87,2.0609549227371016,5.006502390378431,4.83586734163044,25.279077353115987,6.576,1.344506898834541,1.807,12.789995522273871,1.497,0,0,0.333,308349.72,385,2017,2
Hibiscus,2017-05-29,360660.21,NGN,NGN/MT,Historical (World Bank/FAOSTAT/NEPC),wholesale,National,,,0.7,False,"Synthetic historical — verified annual anchors, weekly interpolated",Synthetic (World Bank/FAO × FX),historical,False,,360660.21,305.79,229.2,161.0,16.3,17.9,0,1,1,1,0,0,0,0,1,0,1,0,0,0,0,0,0,1,0,0,0.4999999999999999,-0.8660254037844387,0.464723172043769,-0.8854560256532096,0,1179.44,358610.72,351369.16,343706.38,341512.87,342068.73,284362.51,292702.95,354877.44499999995,5650.336186227758,348469.34625,7818.452060538941,346243.1641666666,7052.708111301301,331939.68346153846,23824.841583358848,360660.21,348869.69,360660.21,341512.87,0.571508291776679,4.932649199005268,5.43501301624385,23.21714215726216,6.91,-1.4894466309604226,1.779,12.795694320215985,1.497,0,0,0.333,310111.96,386,2017,2
Hibiscus,2017-06-05,377978.42,NGN,NGN/MT,Historical (World Bank/FAOSTAT/NEPC),wholesale,National,,,0.7,False,"Synthetic historical — verified annual anchors, weekly interpolated",Synthetic (World Bank/FAO × FX),historical,False,,388184.78,305.79,229.2,161.0,16.3,17.9,0,1,1,0,0,0,0,1,0,0,1,0,0,0,0,0,0,1,1,0,1.2246467991473532e-16,-1.0,0.3546048870425358,-0.9350162426854148,0,1236.07,360660.21,358610.72,348869.69,341512.87,342068.73,284362.51,292702.95,362154.6275,11276.986629260531,353027.54,12444.581023920497,349235.6383333333,11399.319562119961,335540.29538461537,23417.497883024545,377978.42,351369.16,377978.42,341512.87,4.801807773582767,8.343725704574666,10.497799667335862,29.133792467756116,7.932,4.230299481806088,2.202,12.842595028675127,1.497,0,0,0.333,325002.94,387,2017,2
Hibiscus,2017-06-12,377978.42,NGN,NGN/MT,Historical (World Bank/FAOSTAT/NEPC),wholesale,National,,,0.7,False,"Synthetic historical — verified annual anchors, weekly interpolated",Synthetic (World Bank/FAO × FX),historical,False,,377978.42,305.79,223.5,161.0,16.3,17.9,0,1,1,0,0,0,0,1,0,0,1,0,0,0,0,0,0,1,1,0,1.2246467991473532e-16,-1.0,0.2393156642875576,-0.970941817426052,0,1236.07,377978.42,360660.21,351369.16,341512.87,342068.73,277706.89,291165.38,368806.9425,10623.310889456956,357585.73375,14181.552018085542,352228.1125,13806.16941967972,339396.89269230765,21706.28011188461,377978.42,358610.72,377978.42,341512.87,0.0,7.573020921927243,10.497799667335862,29.81571504139675,8.665,-4.801807773582767,2.063,12.842595028675127,1.472,0,0,0.333,325002.94,388,2017,2
Hibiscus,2017-06-19,361139.64,NGN,NGN/MT,Historical (World Bank/FAOSTAT/NEPC),wholesale,National,,,0.7,False,"Synthetic historical — verified annual anchors, weekly interpolated",Synthetic (World Bank/FAO × FX),historical,False,,361139.64,305.79,223.5,161.0,16.3,17.9,0,1,1,0,0,0,0,1,0,0,1,0,0,0,0,0,0,1,1,0,1.2246467991473532e-16,-1.0,0.120536680255323,-0.992708874098054,0,1181.01,377978.42,377978.42,358610.72,341512.87,341512.87,277706.89,291165.38,369439.1725,9862.216080029275,360039.07999999996,12614.939903714429,353863.6766666667,13582.112278233433,342605.84461538465,18086.92771273117,377978.42,360660.21,377978.42,341512.87,-4.454958037022316,0.7051992199229362,5.747007426103745,24.032479410842058,7.832,-4.454958037022316,1.471,12.79702274593422,1.472,0,0,0.333,310524.2,389,2017,2
Hibiscus,2017-06-26,361139.64,NGN,NGN/MT,Historical (World Bank/FAOSTAT/NEPC),wholesale,National,,,0.7,False,"Synthetic historical — verified annual anchors, weekly interpolated",Synthetic (World Bank/FAO × FX),historical,False,,357594.98,305.79,223.5,161.0,16.3,17.9,0,1,1,0,0,0,0,1,0,0,1,0,0,0,0,0,0,0,1,0,1.2246467991473532e-16,-1.0,-3.216245299353273e-16,-1.0,0,1181.01,361139.64,377978.42,360660.21,343706.38,341512.87,280081.27,291165.38,369559.03,9721.87416582641,362218.2375,10759.854520826451,355499.2408333334,13133.952838194724,345723.47423076915,13205.897194475288,377978.42,361139.64,377978.42,341512.87,0.0,0.13293121522885976,5.747007426103745,24.032479410842058,6.894,4.454958037022316,1.408,12.79702274593422,1.472,0,0,0.333,310524.2,390,2017,2
Hibiscus,2017-07-03,361139.64,NGN,NGN/MT,Historical (World Bank/FAOSTAT/NEPC),wholesale,National,,,0.7,False,"Synthetic historical — verified annual anchors, weekly interpolated",Synthetic (World Bank/FAO × FX),historical,False,,372923.41,305.79,223.5,161.0,16.3,17.9,0,1,1,0,0,0,1,1,0,0,1,0,0,0,0,0,0,0,1,0,-0.4999999999999997,-0.8660254037844388,-0.1205366802553228,-0.992708874098054,0,1181.01,361139.64,361139.64,377978.42,348869.69,341512.87,328497.83,289027.95,365349.33499999996,8419.39000000175,363751.98125,9370.028039654577,357134.805,12437.4894451031,346978.9284615384,13053.502314966903,377978.42,361139.64,377978.42,341512.87,0.0,-4.454958037022316,5.747007426103745,24.949728910300895,5.294,0.0,1.349,12.79702274593422,1.472,0,0,0.333,310524.2,391,2017,3
Hibiscus,2017-07-10,372923.41,NGN,NGN/MT,Historical (World Bank/FAOSTAT/NEPC),wholesale,National,,,0.7,False,"Synthetic historical — verified annual anchors, weekly interpolated",Synthetic (World Bank/FAO × FX),historical,False,,352944.43,305.79,210.3636363636364,147.3,16.3,17.9,0,1,1,0,0,0,1,1,0,0,1,0,0,0,0,0,0,0,1,0,-0.4999999999999997,-0.8660254037844388,-0.2393156642875574,-0.970941817426052,0,1219.54,361139.64,361139.64,377978.42,351369.16,341512.87,332625.61,289027.95,364085.5825,5891.885000002488,366446.26249999995,8343.428635942564,359752.35000000003,12152.886950115088,348528.8438461538,13659.411785909713,372923.41,361139.64,377978.42,341512.87,3.2629400638489736,-1.3373805837910036,9.197468897731431,29.026763674585787,4.464,3.2629400638489736,1.617,12.829131023933328,1.373,0,0,0.333,320656.41,392,2017,3
Hibiscus,2017-07-17,380503.33,NGN,NGN/MT,Historical (World Bank/FAOSTAT/NEPC),wholesale,National,,,0.7,False,"Synthetic historical — verified annual anchors, weekly interpolated",Synthetic (World Bank/FAO × FX),historical,False,,387691.83,305.79,210.3636363636364,147.3,16.3,17.9,0,1,1,0,0,0,1,1,0,0,1,0,0,0,0,0,0,0,1,0,-0.4999999999999997,-0.8660254037844388,-0.3546048870425356,-0.9350162426854148,0,1244.33,372923.41,361139.64,361139.64,358610.72,341512.87,332625.61,296149.32,368926.505,9509.094939691318,369182.83875,8972.849791575327,363001.555,12044.824675695765,350370.2946153846,14622.966473517281,380503.33,361139.64,380503.33,343706.38,2.03256749153935,5.361829014394548,11.416981152130523,28.48360752609529,5.296,-1.2303725723096237,1.741,12.849252835982599,1.373,0,0,0.333,327173.97,393,2017,3
Hibiscus,2017-07-24,380503.33,NGN,NGN/MT,Historical (World Bank/FAOSTAT/NEPC),wholesale,National,,,0.7,False,"Synthetic historical — verified annual anchors, weekly interpolated",Synthetic (World Bank/FAO × FX),historical,False,,380503.33,305.79,210.3636363636364,147.3,16.3,17.9,0,1,1,0,0,0,1,1,0,0,1,0,0,0,0,0,0,0,1,0,-0.4999999999999997,-0.8660254037844388,-0.464723172043768,-0.8854560256532101,0,1244.33,380503.33,372923.41,361139.64,360660.21,343706.38,332744.49,296149.32,373767.4275,9145.456935268734,371663.22875,9022.858895917188,366067.9675,11349.928067769113,352207.17307692306,15304.094041460894,380503.33,361139.64,380503.33,348869.69,0.0,5.361829014394548,10.705925796314864,28.48360752609529,6.121,-2.03256749153935,1.655,12.849252835982599,1.373,0,0,0.333,327173.97,394,2017,3
Hibiscus,2017-07-31,362327.34,NGN,NGN/MT,Historical (World Bank/FAOSTAT/NEPC),wholesale,National,,,0.7,False,"Synthetic historical — verified annual anchors, weekly interpolated",Synthetic (World Bank/FAO × FX),historical,False,,362327.34,305.79,210.3636363636364,147.3,16.3,17.9,0,1,1,0,0,0,1,1,0,0,1,0,0,0,0,0,0,0,1,0,-0.4999999999999997,-0.8660254037844388,-0.5680647467311556,-0.8229838658936565,0,1184.89,380503.33,380503.33,361139.64,377978.42,348869.69,332744.49,284324.58,374064.3525,8601.939213622421,369706.84375,9153.77766414279,367189.4383333333,10091.169504911451,353344.975,14893.414226597026,380503.33,362327.34,380503.33,351369.16,-4.776828102923569,0.3288755562806722,3.857500489652743,27.434406128376242,5.864,-4.776828102923569,1.11,12.80030609629152,1.373,0,0,0.333,311545.43,395,2017,3
Hibiscus,2017-08-07,362327.34,NGN,NGN/MT,Historical (World Bank/FAOSTAT/NEPC),wholesale,National,,,0.7,False,"Synthetic historical — verified annual anchors, weekly interpolated",Synthetic (World Bank/FAO × FX),historical,False,,341972.45,305.79,210.3636363636364,147.3,16.3,17.9,0,1,0,0,1,0,1,1,0,0,1,0,0,0,0,1,0,0,1,0,-0.8660254037844384,-0.5000000000000004,-0.663122658240795,-0.7485107481711013,0,1184.89,362327.34,380503.33,372923.41,377978.42,351369.16,332744.49,284324.58,371415.335,10493.912719289398,367750.45875000005,8799.026589530136,368102.61999999994,8962.044746029747,354482.7769230769,14377.744132182863,380503.33,362327.34,380503.33,358610.72,0.0,-2.841352866530944,3.1187085400437686,27.434406128376242,4.777,4.776828102923569,1.068,12.80030609629152,1.373,0,0,0.333,311545.43,396,2017,3
Hibiscus,2017-08-14,362327.34,NGN,NGN/MT,Historical (World Bank/FAOSTAT/NEPC),wholesale,National,,,0.7,False,"Synthetic historical — verified annual anchors, weekly interpolated",Synthetic (World Bank/FAO × FX),historical,False,,375142.13,305.79,195.63636363636363,152.83333333333334,16.3,17.9,0,1,0,0,1,0,1,1,0,0,1,0,0,0,0,1,0,0,1,0,-0.8660254037844384,-0.5000000000000004,-0.7485107481711011,-0.6631226582407952,0,1184.89,362327.34,362327.34,380503.33,361139.64,358610.72,337467.53,284324.58,366871.3375,9087.99500000171,367898.92125,8680.775524792118,368412.3383333334,8663.440920666138,355438.92346153845,14023.176642971024,380503.33,362327.34,380503.33,360660.21,0.0,-4.776828102923569,1.0363940040610142,27.434406128376242,3.216,0.0,1.027,12.80030609629152,1.326,0,0,0.333,311545.43,397,2017,3
Hibiscus,2017-08-21,359261.25,NGN,NGN/MT,Historical (World Bank/FAOSTAT/NEPC),wholesale,National,,,0.7,False,"Synthetic historical — verified annual anchors, weekly interpolated",Synthetic (World Bank/FAO × FX),historical,False,,359261.25,305.79,195.63636363636363,152.83333333333334,16.3,17.9,0,1,0,0,1,0,1,1,0,0,1,0,0,0,0,1,0,0,1,0,-0.8660254037844384,-0.5000000000000004,-0.8229838658936564,-0.5680647467311559,0,1174.86,362327.34,362327.34,380503.33,361139.64,360660.21,342068.73,276222.62,361560.8175,1533.0450000104163,367664.1225,8912.042286105047,368295.75833333336,8785.789806043716,356100.1742307692,13770.57241931772,362327.34,359261.25,380503.33,359261.25,-0.8462209890095607,-5.582626569917282,-0.38788864454994965,30.062212138889997,1.533,-0.8462209890095607,0.908,12.791807902176899,1.326,0,0,0.333,308909.07,398,2017,3
Hibiscus,2017-08-28,359261.25,NGN,NGN/MT,Historical (World Bank/FAOSTAT/NEPC),wholesale,National,,,0.7,False,"Synthetic historical — verified annual anchors, weekly interpolated",Synthetic (World Bank/FAO × FX),historical,False,,373886.98,305.79,195.63636363636363,152.83333333333334,16.3,17.9,0,1,0,0,1,0,1,1,0,0,1,0,0,0,0,1,0,0,1,0,-0.8660254037844384,-0.5000000000000004,-0.8854560256532096,-0.4647231720437691,0,1174.86,359261.25,362327.34,362327.34,361139.64,377978.42,342068.73,276222.62,360794.29500000004,1770.2078868686624,367429.32375,9130.55963470014,366735.9941666667,8569.317149428203,356761.42499999993,13479.553441615877,362327.34,359261.25,380503.33,359261.25,0.0,-0.8462209890095607,-4.951914979696459,30.062212138889997,1.13,0.8462209890095607,0.874,12.791807902176899,1.326,0,0,0.333,308909.07,399,2017,3
Hibiscus,2017-09-04,343706.56,NGN,NGN/MT,Historical (World Bank/FAOSTAT/NEPC),wholesale,National,,,0.7,False,"Synthetic historical — verified annual anchors, weekly interpolated",Synthetic (World Bank/FAO × FX),historical,False,,333258.51,305.79,195.63636363636363,152.83333333333334,16.3,17.9,0,1,0,0,1,1,0,0,0,0,0,0,0,0,0,1,0,0,0,0,-1.0,-1.8369701987210287e-16,-0.9350162426854148,-0.3546048870425359,0,1124.0,359261.25,359261.25,362327.34,372923.41,377978.42,342068.73,276222.62,356139.1,8413.441753018342,363777.2175,12008.635764227958,363880.00583333336,10062.747806455318,356824.4184615385,13411.800872155161,362327.34,343706.56,380503.33,343706.56,-4.32963198786398,-5.139214722245367,-9.067147272587672,24.43099699800111,-0.192,-4.32963198786398,0.408,12.747546458522699,1.326,0,0,0.667,295534.45,400,2017,3
Hibiscus,2017-09-11,343706.56,NGN,NGN/MT,Historical (World Bank/FAOSTAT/NEPC),wholesale,National,,,0.7,False,"Synthetic historical — verified annual anchors, weekly interpolated",Synthetic (World Bank/FAO × FX),historical,False,,343706.56,305.79,206.0,148.8,16.3,17.9,0,1,0,0,1,1,0,0,0,0,0,0,0,0,0,1,0,0,0,0,-1.0,-1.8369701987210287e-16,-0.970941817426052,-0.2393156642875577,0,1124.0,343706.56,359261.25,362327.34,380503.33,361139.64,342068.73,278207.04,351483.905,8980.504458663001,359177.62125,11730.725822391074,362427.2491666667,11630.602721343443,356887.41192307696,13343.395013144764,359261.25,343706.56,380503.33,343706.56,0.0,-5.139214722245367,-4.827240786970943,23.54344447933454,-1.514,4.32963198786398,0.38,12.747546458522699,1.358,0,0,0.667,295534.45,401,2017,3
Hibiscus,2017-09-18,350055.06,NGN,NGN/MT,Historical (World Bank/FAOSTAT/NEPC),wholesale,National,,,0.7,False,"Synthetic historical — verified annual anchors, weekly interpolated",Synthetic (World Bank/FAO × FX),historical,False,,350055.06,305.79,206.0,148.8,16.3,17.9,0,1,0,0,1,1,0,0,0,0,0,0,0,0,0,1,0,0,0,0,-1.0,-1.8369701987210287e-16,-0.992708874098054,-0.1205366802553235,0,1144.76,343706.56,343706.56,359261.25,380503.33,361139.64,342068.73,282611.62,349182.3575,7355.596513362546,355371.5875,8244.631370619672,361503.5341666667,12169.836970873135,357194.5784615384,13077.904002465757,359261.25,343706.56,380503.33,343706.56,1.847069779523558,-2.562533532352851,-3.069333513208361,23.864354905152176,-2.243,1.847069779523558,0.537,12.765848592068094,1.358,0,0,0.667,300993.17,402,2017,3
Hibiscus,2017-09-25,350055.06,NGN,NGN/MT,Historical (World Bank/FAOSTAT/NEPC),wholesale,National,,,0.7,False,"Synthetic historical — verified annual anchors, weekly interpolated",Synthetic (World Bank/FAO × FX),historical,False,,350493.3,305.79,206.0,148.8,16.3,17.9,0,1,0,0,1,1,0,0,0,0,0,0,0,0,0,1,0,0,0,0,-1.0,-1.8369701987210287e-16,-1.0,-1.8369701987210287e-16,0,1144.76,350055.06,343706.56,359261.25,362327.34,361139.64,341512.87,287204.34,346880.81,3665.3081839548668,353837.55250000005,7900.040595094955,360579.81916666665,12612.585344659577,357523.12423076923,12771.905998163691,350055.06,343706.56,380503.33,343706.56,0.0,-2.562533532352851,-3.069333513208361,21.88362473909691,-2.977,-1.847069779523558,0.509,12.765848592068094,1.358,0,0,0.667,300993.17,403,2017,3
Hibiscus,2017-10-02,350055.06,NGN,NGN/MT,Historical (World Bank/FAOSTAT/NEPC),wholesale,National,,,0.7,False,"Synthetic historical — verified annual anchors, weekly interpolated",Synthetic (World Bank/FAO × FX),historical,False,,345274.31,305.79,206.0,148.8,16.3,17.9,0,1,0,0,0,1,0,0,0,1,0,1,0,1,1,1,1,0,0,0,-0.8660254037844386,0.5000000000000001,-0.992708874098054,0.1205366802553232,0,1144.76,350055.06,350055.06,343706.56,362327.34,372923.41,341512.87,287204.34,348467.935,3174.2500000051846,352303.5175,7174.15142315634,358674.12333333335,12301.798099852631,357851.67,12449.380407208715,350055.06,343706.56,380503.33,343706.56,0.0,1.847069779523558,-6.132184085734915,21.88362473909691,-2.622,0.0,0.481,12.765848592068094,1.358,0,0,1.0,300993.17,404,2017,4
Hibiscus,2017-10-09,348505.02,NGN,NGN/MT,Historical (World Bank/FAOSTAT/NEPC),wholesale,National,,,0.7,False,"Synthetic historical — verified annual anchors, weekly interpolated",Synthetic (World Bank/FAO × FX),historical,False,,356539.92,305.79,190.25,157.0,16.3,17.9,0,1,0,0,0,1,0,0,0,1,0,1,0,1,1,1,1,0,0,0,-0.8660254037844386,0.5000000000000001,-0.970941817426052,0.2393156642875573,0,1139.69,350055.06,350055.06,343706.56,362327.34,380503.33,341512.87,279840.26,349667.55000000005,775.0200000211129,350575.72750000004,5980.308639548728,356007.5975,10471.817937401309,358120.5988461539,12154.34062882174,350055.06,348505.02,380503.33,343706.56,-0.44279891283387496,1.396092061786658,-8.40946911029662,24.537127002383443,-2.36,-0.44279891283387496,0.403,12.761410783065084,1.315,0,0,1.0,299660.38,405,2017,4
Hibiscus,2017-10-16,348505.02,NGN,NGN/MT,Historical (World Bank/FAOSTAT/NEPC),wholesale,National,,,0.7,False,"Synthetic historical — verified annual anchors, weekly interpolated",Synthetic (World Bank/FAO × FX),historical,False,,338789.99,305.79,190.25,157.0,16.3,17.9,0,1,0,0,0,1,0,0,0,1,0,1,0,1,1,1,1,0,0,0,-0.8660254037844386,0.5000000000000001,-0.9350162426854148,0.3546048870425355,0,1139.69,348505.02,350055.06,350055.06,359261.25,380503.33,341512.87,279840.26,349280.04000000004,894.9160112729912,349231.19875000004,4851.157563565373,353341.0716666667,7243.631172835552,358389.52769230766,11845.61051414956,350055.06,348505.02,362327.34,343706.56,0.0,-0.44279891283387496,-8.40946911029662,24.537127002383443,-2.542,0.44279891283387496,0.373,12.761410783065084,1.315,0,0,1.0,299660.38,406,2017,4
Hibiscus,2017-10-23,348505.02,NGN,NGN/MT,Historical (World Bank/FAOSTAT/NEPC),wholesale,National,,,0.7,False,"Synthetic historical — verified annual anchors, weekly interpolated",Synthetic (World Bank/FAO × FX),historical,False,,348505.02,305.79,190.25,157.0,16.3,17.9,0,1,0,0,0,1,0,0,0,1,0,1,0,1,1,1,1,0,0,0,-0.8660254037844386,0.5000000000000001,-0.8854560256532101,0.464723172043768,0,1139.69,348505.02,348505.02,350055.06,359261.25,362327.34,341512.87,279840.26,348892.53,775.0200000211614,347886.67000000004,2677.9377718277474,352189.21166666667,6768.141398544608,358658.45653846156,11522.089633304522,350055.06,348505.02,362327.34,343706.56,0.0,-0.44279891283387496,-3.8148708292341404,24.537127002383443,-2.723,0.0,0.341,12.761410783065084,1.315,0,0,1.0,299660.38,407,2017,4
Hibiscus,2017-10-30,351263.1,NGN,NGN/MT,Historical (World Bank/FAOSTAT/NEPC),wholesale,National,,,0.7,False,"Synthetic historical — verified annual anchors, weekly interpolated",Synthetic (World Bank/FAO × FX),historical,False,,351263.1,305.79,190.25,157.0,16.3,17.9,0,1,0,0,0,1,0,0,0,1,0,1,0,1,1,1,1,0,0,0,-0.8660254037844386,0.5000000000000001,-0.822983865893657,0.5680647467311548,0,1148.71,348505.02,348505.02,350055.06,343706.56,362327.34,343706.38,279840.26,349194.54,1379.0400000118707,348831.2375,2298.7186742936387,351267.19166666665,5967.790089295497,358949.0996153846,11221.219425916768,351263.1,348505.02,362327.34,343706.56,0.7914032343063315,0.3450999965548318,-3.0536586060549653,25.522717853392486,-2.718,0.7914032343063315,0.404,12.769293641173164,1.315,0,0,1.0,302031.9,408,2017,4
Hibiscus,2017-11-06,355401.61,NGN,NGN/MT,Historical (World Bank/FAOSTAT/NEPC),wholesale,National,,,0.7,False,"Synthetic historical — verified annual anchors, weekly interpolated",Synthetic (World Bank/FAO × FX),historical,False,,355401.61,305.79,190.25,157.0,16.3,17.9,1,0,0,0,0,1,0,0,0,1,0,1,1,1,1,0,1,0,0,0,-0.5000000000000004,0.8660254037844384,-0.7485107481711011,0.6631226582407952,1,1162.24,351263.1,348505.02,348505.02,343706.56,362327.34,348869.69,279840.26,350918.6875,3259.181682179971,350293.11875,2292.8290012173848,350690.04750000004,5067.984117603442,359200.3273076923,11058.468827650437,355401.61,348505.02,359261.25,343706.56,1.1781795468980505,1.978906932244473,-1.9114566402855582,27.001600841851705,-2.306,0.38677631259171896,0.521,12.781006538513651,1.315,0,0,0.667,305590.38,409,2017,4
Hibiscus,2017-11-13,355401.61,NGN,NGN/MT,Historical (World Bank/FAOSTAT/NEPC),wholesale,National,,,0.7,False,"Synthetic historical — verified annual anchors, weekly interpolated",Synthetic (World Bank/FAO × FX),historical,False,,357471.96,305.79,227.91875,154.92666666666668,16.3,17.9,1,0,0,0,0,1,0,0,0,1,0,1,1,1,1,0,1,0,0,0,-0.5000000000000004,0.8660254037844384,-0.6631226582407955,0.7485107481711007,1,1162.24,355401.61,351263.1,348505.02,350055.06,359261.25,351369.16,279844.49,352642.83499999996,3378.7009656472296,350961.4375,2909.7438540145663,350368.4108333333,4572.854691550161,359355.4215384615,10972.184800402765,355401.61,348505.02,359261.25,343706.56,0.0,1.978906932244473,-1.0743268304054587,26.999681144338417,-1.868,-1.1781795468980505,0.492,12.781006538513651,1.473,0,0,0.667,305590.38,410,2017,4
Hibiscus,2017-11-20,338191.26,NGN,NGN/MT,Historical (World Bank/FAOSTAT/NEPC),wholesale,National,,,0.7,False,"Synthetic historical — verified annual anchors, weekly interpolated",Synthetic (World Bank/FAO × FX),historical,False,,338191.26,305.79,227.91875,154.92666666666668,16.3,17.9,1,0,0,0,0,1,0,0,0,1,0,1,1,1,1,0,1,0,0,0,-0.5000000000000004,0.8660254037844384,-0.5680647467311559,0.8229838658936564,1,1105.96,355401.61,355401.61,348505.02,350055.06,359261.25,358610.72,282710.84,350064.39499999996,8152.299395830968,349478.46249999997,5397.465800537783,348612.5783333333,4882.492294712854,358570.0576923077,11732.095175129572,355401.61,338191.26,355401.61,338191.26,-4.842507607098345,-2.959429393585211,-5.864810079016314,19.62444029383521,-2.372,-4.842507607098345,-0.23,12.73136982931838,1.473,0,0,0.667,290792.14,411,2017,4
Hibiscus,2017-11-27,338191.26,NGN,NGN/MT,Historical (World Bank/FAOSTAT/NEPC),wholesale,National,,,0.7,False,"Synthetic historical — verified annual anchors, weekly interpolated",Synthetic (World Bank/FAO × FX),historical,False,,333891.8,305.79,227.91875,154.92666666666668,16.3,17.9,1,0,0,0,0,1,0,0,0,1,0,1,1,1,1,0,1,0,0,0,-0.5000000000000004,0.8660254037844384,-0.4647231720437684,0.88545602565321,1,1105.96,338191.26,355401.61,351263.1,350055.06,343706.56,360660.21,284362.51,346796.435,9936.400205349346,347995.4875,6691.17986894284,348152.97000000003,5594.039223414251,357705.86730769236,12381.535669099723,355401.61,338191.26,355401.61,338191.26,0.0,-3.721381494384113,-1.6046536906365705,18.929622614457852,-3.05,4.842507607098345,-0.29,12.73136982931838,1.473,0,0,0.667,290792.14,412,2017,4
Hibiscus,2017-12-04,346419.51,NGN,NGN/MT,Historical (World Bank/FAOSTAT/NEPC),wholesale,National,,,0.7,False,"Synthetic historical — verified annual anchors, weekly interpolated",Synthetic (World Bank/FAO × FX),historical,False,,356147.29,305.79,227.91875,154.92666666666668,16.3,17.9,1,0,0,0,0,0,0,0,0,1,0,1,1,1,1,0,0,0,0,1,-2.4492935982947064e-16,1.0,-0.3546048870425359,0.9350162426854148,1,1132.87,338191.26,338191.26,355401.61,348505.02,343706.56,377978.42,284362.51,344550.91,8208.119002855261,347734.79874999996,6709.094350067551,348379.04916666663,5450.996600892515,356492.0630769231,11850.16416471564,355401.61,338191.26,355401.61,338191.26,2.4330167491614096,-2.5273098790970505,0.7893215654656061,21.82320025238207,-3.35,2.4330167491614096,0.019,12.75540866292456,1.473,0,0,0.333,297867.16,413,2017,4
Hibiscus,2017-12-11,346419.51,NGN,NGN/MT,Historical (World Bank/FAOSTAT/NEPC),wholesale,National,,,0.7,False,"Synthetic historical — verified annual anchors, weekly interpolated",Synthetic (World Bank/FAO × FX),historical,False,,346419.51,305.79,240.99375,169.78285714285715,16.3,17.9,1,0,0,0,0,0,0,0,0,1,0,1,1,1,1,0,0,0,0,1,-2.4492935982947064e-16,1.0,-0.2393156642875578,0.970941817426052,1,1132.87,346419.51,338191.26,355401.61,348505.02,350055.06,377978.42,277706.89,342305.385,4750.582352463113,347474.11,6715.405569218867,348076.08666666667,5450.407403352648,355278.25884615385,11157.32265635961,346419.51,338191.26,355401.61,338191.26,0.0,-2.5273098790970505,-1.0385651902874882,24.74285747825702,-3.651,-2.4330167491614096,-0.049,12.75540866292456,1.576,0,0,0.333,297867.16,414,2017,4
Hibiscus,2017-12-18,346419.51,NGN,NGN/MT,Historical (World Bank/FAOSTAT/NEPC),wholesale,National,,,0.7,False,"Synthetic historical — verified annual anchors, weekly interpolated",Synthetic (World Bank/FAO × FX),historical,False,,335298.07,305.79,240.99375,169.78285714285715,16.3,17.9,1,0,0,0,0,0,0,0,0,1,0,1,1,1,1,0,0,0,0,1,-2.4492935982947064e-16,1.0,-0.1205366802553236,0.992708874098054,1,1132.87,346419.51,346419.51,338191.26,348505.02,350055.06,361139.64,277706.89,344362.4475,4114.1250000040945,347213.42124999996,6710.146266774531,347773.12416666665,5431.413887322194,354712.1,11221.29035668434,346419.51,338191.26,355401.61,338191.26,0.0,2.4330167491614096,-1.0385651902874882,24.74285747825702,-2.918,0.0,-0.139,12.75540866292456,1.576,0,0,0.333,297867.16,415,2017,4
Hibiscus,2017-12-25,358961.35,NGN,NGN/MT,Historical (World Bank/FAOSTAT/NEPC),wholesale,National,,,0.7,False,"Synthetic historical — verified annual anchors, weekly interpolated",Synthetic (World Bank/FAO × FX),historical,False,,358961.35,305.79,240.99375,169.78285714285715,16.3,17.9,1,0,0,0,0,0,0,0,0,1,0,1,1,1,1,0,0,0,0,1,-2.4492935982947064e-16,1.0,6.432490598706546e-16,1.0,1,1173.88,346419.51,346419.51,338191.26,351263.1,350055.06,361139.64,280081.27,349554.97000000003,6270.920000002623,348175.7025,7832.063135914187,348515.315,6309.169548598351,354628.3196153846,11179.435207312255,358961.35,346419.51,358961.35,338191.26,3.6204196466879113,6.141521812243167,2.544254038207594,28.16328275003892,-1.431,3.6204196466879113,0.68,12.790972787318875,1.576,0,0,0.333,308651.2,416,2017,4
Hibiscus,2018-01-01,381318.69,NGN,NGN/MT,Historical (World Bank/FAOSTAT/NEPC),wholesale,National,,,0.7,False,"Synthetic historical — verified annual anchors, weekly interpolated",Synthetic (World Bank/FAO × FX),historical,False,,381318.69,306.08,240.99375,169.78285714285715,15.1,16.2,1,0,0,0,0,0,0,0,0,1,0,0,1,0,0,0,0,0,0,1,0.4999999999999999,0.8660254037844387,0.120536680255323,0.992708874098054,1,1245.81,358961.35,346419.51,346419.51,355401.61,348505.02,361139.64,328497.83,358279.765,16457.90509753087,351415.33749999997,14100.00249501209,351249.78750000003,11378.58855077894,355404.436923077,12294.407764542992,381318.69,346419.51,381318.69,338191.26,6.228341853517105,10.07425361233263,9.415551603819083,16.079515654639167,0.809,2.607922206829194,2.273,12.851393383641696,1.576,0,0,0.0,331293.39,417,2018,1
Hibiscus,2018-01-08,381318.69,NGN,NGN/MT,Historical (World Bank/FAOSTAT/NEPC),wholesale,National,,,0.7,False,"Synthetic historical — verified annual anchors, weekly interpolated",Synthetic (World Bank/FAO × FX),historical,False,,393443.99,306.08,240.99375,169.78285714285715,15.1,16.2,1,0,0,0,0,0,0,0,0,1,0,0,1,0,0,0,0,0,0,1,0.4999999999999999,0.8660254037844387,0.2393156642875577,0.970941817426052,1,1245.81,381318.69,358961.35,346419.51,355401.61,348505.02,372923.41,332625.61,367004.56,17303.430738059797,354654.9725,17671.72372279932,353984.26,14241.655043547662,355727.3323076923,12869.708395642354,381318.69,346419.51,381318.69,338191.26,0.0,10.07425361233263,9.415551603819083,14.639005096450642,3.17,-6.228341853517105,2.141,12.851393383641696,1.576,0,0,0.0,331293.39,418,2018,1
Hibiscus,2018-01-15,393443.99,NGN,NGN/MT,Historical (World Bank/FAOSTAT/NEPC),wholesale,National,,,0.7,False,"Synthetic historical — verified annual anchors, weekly interpolated",Synthetic (World Bank/FAO × FX),historical,False,,380769.71,306.08,221.41166666666663,195.76,15.1,16.2,1,0,0,0,0,0,0,0,0,1,0,0,1,0,0,0,0,0,0,1,0.4999999999999999,0.8660254037844387,0.3546048870425356,0.9350162426854148,1,1285.43,381318.69,381318.69,346419.51,338191.26,348505.02,380503.33,332625.61,378760.68,14384.017650680882,361561.56375000003,20832.511552586977,357729.17416666663,18065.103873290092,356225.05000000005,14061.280546406882,393443.99,358961.35,393443.99,338191.26,3.179833645185348,13.57443176338422,12.894784126782444,18.28433475101332,6.326,3.179833645185348,2.767,12.88269654037081,1.571,0,0,0.0,341827.97,419,2018,1
Hibiscus,2018-01-22,400010.89,NGN,NGN/MT,Historical (World Bank/FAOSTAT/NEPC),wholesale,National,,,0.7,False,"Synthetic historical — verified annual anchors, weekly interpolated",Synthetic (World Bank/FAO × FX),historical,False,,403492.53,306.08,221.41166666666663,195.76,15.1,16.2,1,0,0,0,0,0,0,0,0,1,0,0,1,0,0,0,0,0,0,1,0.4999999999999999,0.8660254037844387,0.4647231720437685,0.8854560256532099,1,1306.88,393443.99,381318.69,358961.35,338191.26,351263.1,380503.33,332744.49,389023.065,9291.423722401161,369289.0175,22336.472490286476,361791.49,21611.722864739357,356975.34076923074,15819.12618025155,400010.89,381318.69,400010.89,338191.26,1.6690812839713187,11.435643419549212,13.877856797369281,20.21563151954824,8.978,-1.5107523612140294,2.912,12.89924955064834,1.571,0,0,0.0,347533.35,420,2018,1
Hibiscus,2018-01-29,400010.89,NGN,NGN/MT,Historical (World Bank/FAOSTAT/NEPC),wholesale,National,,,0.7,False,"Synthetic historical — verified annual anchors, weekly interpolated",Synthetic (World Bank/FAO × FX),historical,False,,400010.89,306.08,221.41166666666663,195.76,15.1,16.2,1,0,0,0,0,0,0,0,0,1,0,0,1,0,0,0,0,0,0,1,0.4999999999999999,0.8660254037844387,0.5680647467311558,0.8229838658936564,1,1306.88,400010.89,393443.99,381318.69,346419.51,355401.61,362327.34,332744.49,393696.115,8813.190554458648,375987.94,22533.278876525656,365508.93,24105.434817423677,358424.7080769231,17916.379236986486,400010.89,381318.69,400010.89,338191.26,0.0,4.9019889373898895,12.55179457403135,20.21563151954824,9.841,-1.6690812839713187,2.672,12.89924955064834,1.571,0,0,0.0,347533.35,421,2018,1
Hibiscus,2018-02-05,391075.91,NGN,NGN/MT,Historical (World Bank/FAOSTAT/NEPC),wholesale,National,,,0.7,False,"Synthetic historical — verified annual anchors, weekly interpolated",Synthetic (World Bank/FAO × FX),historical,False,,377161.81,306.08,221.41166666666663,195.76,15.1,16.2,1,0,0,0,0,0,0,0,1,1,0,0,1,0,0,0,0,0,0,0,0.8660254037844386,0.5000000000000001,0.6631226582407952,0.7485107481711011,1,1277.69,400010.89,400010.89,381318.69,346419.51,355401.61,362327.34,332744.49,396135.42000000004,4578.2446536817915,381569.99,19487.435977818255,368481.78833333333,24931.268745392514,359530.42230769235,19019.988298859982,400010.89,391075.91,400010.89,338191.26,-2.233684187947993,2.5588097976524393,10.037742935379491,17.530393966854252,10.181,-2.233684187947993,2.018,12.876659520391707,1.571,0,0,0.0,339770.56,422,2018,1
Hibiscus,2018-02-12,391075.91,NGN,NGN/MT,Historical (World Bank/FAOSTAT/NEPC),wholesale,National,,,0.7,False,"Synthetic historical — verified annual anchors, weekly interpolated",Synthetic (World Bank/FAO × FX),historical,False,,391075.91,306.08,218.217,198.105,15.1,16.2,1,0,0,0,0,0,0,0,1,1,0,0,1,0,0,0,0,0,0,0,0.8660254037844386,0.5000000000000001,0.7485107481711011,0.6631226582407953,1,1277.69,391075.91,400010.89,393443.99,346419.51,338191.26,362327.34,337467.53,395543.4,5158.61310820708,387152.04000000004,13436.906213447957,372888.8425,23735.59368590346,360636.13653846155,19999.506208328232,400010.89,391075.91,400010.89,338191.26,0.0,-0.6018849087007339,15.637497550942015,15.88549274651696,9.679,2.233684187947993,1.91,12.876659520391707,1.564,0,0,0.0,339770.56,423,2018,1
Hibiscus,2018-02-19,391075.91,NGN,NGN/MT,Historical (World Bank/FAOSTAT/NEPC),wholesale,National,,,0.7,False,"Synthetic historical — verified annual anchors, weekly interpolated",Synthetic (World Bank/FAO × FX),historical,False,,387357.29,306.08,218.217,198.105,15.1,16.2,1,0,0,0,0,0,0,0,1,1,0,0,1,0,0,0,0,0,0,0,0.8660254037844386,0.5000000000000001,0.8229838658936564,0.5680647467311559,1,1277.69,391075.91,391075.91,400010.89,358961.35,338191.26,359261.25,342068.73,393309.65499999997,4467.490000003626,391166.36,7127.5799612148985,377295.89666666667,21513.091489127662,361859.77730769233,20866.495627953344,400010.89,391075.91,400010.89,346419.51,0.0,-2.233684187947993,15.637497550942015,14.32670563018139,8.691,0.0,1.809,12.876659520391707,1.564,0,0,0.0,339770.56,424,2018,1
Hibiscus,2018-02-26,391075.91,NGN,NGN/MT,Historical (World Bank/FAOSTAT/NEPC),wholesale,National,,,0.7,False,"Synthetic historical — verified annual anchors, weekly interpolated",Synthetic (World Bank/FAO × FX),historical,False,,395602.4,306.08,218.217,198.105,15.1,16.2,1,0,0,0,0,0,0,0,1,1,0,0,1,0,0,0,0,0,0,0,0.8660254037844386,0.5000000000000001,0.8854560256532099,0.4647231720437686,1,1277.69,391075.91,391075.91,400010.89,381318.69,346419.51,359261.25,342068.73,391075.91,0.005672658776809514,392386.0125,5937.1461606703515,381017.26333333337,19449.933010119163,363083.4180769231,21626.98901379976,391075.91,391075.91,400010.89,346419.51,0.0,-2.233684187947993,12.890844398457801,14.32670563018139,7.71,0.0,1.719,12.876659520391707,1.564,0,0,0.0,339770.56,425,2018,1
Hibiscus,2018-03-05,395602.4,NGN,NGN/MT,Historical (World Bank/FAOSTAT/NEPC),wholesale,National,,,0.7,False,"Synthetic historical — verified annual anchors, weekly interpolated",Synthetic (World Bank/FAO × FX),historical,False,,376768.29,306.08,218.217,198.105,15.1,16.2,1,0,0,1,0,0,0,0,1,1,0,0,0,0,0,0,0,0,0,0,1.0,6.123233995736766e-17,0.9350162426854148,0.3546048870425355,0,1292.48,391075.91,391075.91,391075.91,381318.69,346419.51,343706.56,342068.73,392207.53250000003,2263.2450000071385,394171.47625,3947.954380666756,385115.8375000001,16446.72055886279,365079.41192307696,22155.454519530478,395602.4,391075.91,400010.89,346419.51,1.1574453665530227,1.1574453665530227,14.19749424621033,15.649974787230647,7.431,1.1574453665530227,1.862,12.8881674732337,1.564,0,0,0.0,343703.21,426,2018,1
Hibiscus,2018-03-12,395985.64,NGN,NGN/MT,Historical (World Bank/FAOSTAT/NEPC),wholesale,National,,,0.7,False,"Synthetic historical — verified annual anchors, weekly interpolated",Synthetic (World Bank/FAO × FX),historical,False,,395985.64,306.08,218.417,179.65699999999998,15.1,16.2,1,0,0,1,0,0,0,0,1,1,0,0,0,0,0,0,0,0,0,0,1.0,6.123233995736766e-17,0.970941817426052,0.239315664287558,0,1293.73,395602.4,391075.91,391075.91,393443.99,346419.51,343706.56,342068.73,393434.96499999997,2728.4915503501893,394489.1825,3983.158515556363,389246.3483333333,11247.036765400078,367090.14576923073,22507.670641974313,395985.64,391075.91,400010.89,358961.35,0.09687504423632198,1.2554416865002027,14.308123119278138,15.762010751465084,7.177,-1.0605703223167007,1.786,12.889135752293763,1.508,0,0,0.0,344036.18,427,2018,1
Hibiscus,2018-03-19,395985.64,NGN,NGN/MT,Historical (World Bank/FAOSTAT/NEPC),wholesale,National,,,0.7,False,"Synthetic historical — verified annual anchors, weekly interpolated",Synthetic (World Bank/FAO × FX),historical,False,,400320.06,306.08,218.417,179.65699999999998,15.1,16.2,1,0,0,1,0,0,0,0,1,1,0,0,0,0,0,0,0,0,0,0,1.0,6.123233995736766e-17,0.992708874098054,0.120536680255323,0,1293.73,395985.64,395602.4,391075.91,400010.89,358961.35,350055.06,342068.73,394662.3975,2397.8072424176958,393986.02625,3397.134590015956,392331.7058333333,6071.228371362456,368856.70653846156,22915.930897198272,395985.64,391075.91,400010.89,381318.69,0.0,1.2554416865002027,10.314283139396485,15.762010751465084,6.996,-0.09687504423632198,1.7,12.889135752293763,1.508,0,0,0.0,344036.18,428,2018,1
Hibiscus,2018-03-26,385800.9,NGN,NGN/MT,Historical (World Bank/FAOSTAT/NEPC),wholesale,National,,,0.7,False,"Synthetic historical — verified annual anchors, weekly interpolated",Synthetic (World Bank/FAO × FX),historical,False,,367528.27,306.08,218.417,179.65699999999998,15.1,16.2,1,0,0,1,0,0,0,0,1,1,0,0,0,0,0,0,0,0,0,0,1.0,6.123233995736766e-17,1.0,-1.6081226496766364e-16,0,1260.46,395985.64,395985.64,391075.91,400010.89,381318.69,350055.06,341512.87,393343.645,5031.740965947966,392209.7775,3509.995838543249,392705.2233333333,5436.81621843466,370231.5465384616,22814.869003321808,395985.64,385800.9,400010.89,381318.69,-2.5719973077811598,-1.3488455476584948,1.1754498579652717,12.968187699631951,6.243,-2.5719973077811598,1.13,12.863079304273159,1.508,0,0,0.0,335187.58,429,2018,1
Hibiscus,2018-04-02,385800.9,NGN,NGN/MT,Historical (World Bank/FAOSTAT/NEPC),wholesale,National,,,0.7,False,"Synthetic historical — verified annual anchors, weekly interpolated",Synthetic (World Bank/FAO × FX),historical,False,,385800.9,306.08,218.417,179.65699999999998,15.1,16.2,0,1,1,1,0,0,0,0,1,0,0,0,0,0,0,0,0,0,0,0,0.8660254037844387,-0.4999999999999998,0.992708874098054,-0.1205366802553228,0,1260.46,385800.9,395985.64,395602.4,391075.91,381318.69,350055.06,341512.87,390893.27,5880.162380629094,391550.40125,4184.159490542392,393078.7408333334,4685.480784390334,371606.38653846155,22626.64406267651,395985.64,385800.9,400010.89,385800.9,0.0,-2.4776138870744924,1.1754498579652717,12.968187699631951,5.19,2.5719973077811598,1.088,12.863079304273159,1.508,0,0,0.333,335187.58,430,2018,2
Hibiscus,2018-04-09,385800.9,NGN,NGN/MT,Historical (World Bank/FAOSTAT/NEPC),wholesale,National,,,0.7,False,"Synthetic historical — verified annual anchors, weekly interpolated",Synthetic (World Bank/FAO × FX),historical,False,,375529.21,306.08,222.99444444444444,155.70000000000002,15.1,16.2,0,1,1,1,0,0,0,0,1,0,0,0,0,0,0,0,0,0,0,0,0.8660254037844387,-0.4999999999999998,0.970941817426052,-0.2393156642875575,0,1260.46,385800.9,385800.9,395985.64,391075.91,393443.99,348505.02,341512.87,388347.085,5092.37000000317,390891.02499999997,4658.383239785212,392441.81666666665,5129.739701905626,373040.84346153843,22283.12121914123,395985.64,385800.9,400010.89,385800.9,0.0,-2.5719973077811598,-1.9426119585661872,12.968187699631951,4.103,0.0,1.048,12.863079304273159,1.454,0,0,0.333,335187.58,431,2018,2
Hibiscus,2018-04-16,396767.12,NGN,NGN/MT,Historical (World Bank/FAOSTAT/NEPC),wholesale,National,,,0.7,False,"Synthetic historical — verified annual anchors, weekly interpolated",Synthetic (World Bank/FAO × FX),historical,False,,396767.12,306.08,222.99444444444444,155.70000000000002,15.1,16.2,0,1,1,1,0,0,0,0,1,0,0,0,0,0,0,0,0,0,0,0,0.8660254037844387,-0.4999999999999998,0.9350162426854148,-0.3546048870425354,0,1296.29,385800.9,385800.9,395985.64,391075.91,400010.89,348505.02,341512.87,388542.455,5483.1100000029355,391602.42625,5103.910502724798,392171.5025,4767.284955515536,374897.07807692315,22167.346315232382,396767.12,385800.9,400010.89,385800.9,2.842455784836151,0.19735059079415418,-0.8109204226914968,16.1792584859247,3.64,2.842455784836151,1.547,12.891107308423269,1.454,0,0,0.333,344715.13,432,2018,2
Hibiscus,2018-04-23,408610.51,NGN,NGN/MT,Historical (World Bank/FAOSTAT/NEPC),wholesale,National,,,0.7,False,"Synthetic historical — verified annual anchors, weekly interpolated",Synthetic (World Bank/FAO × FX),historical,False,,408610.51,306.08,222.99444444444444,155.70000000000002,15.1,16.2,0,1,1,1,0,0,0,0,1,0,0,0,0,0,0,0,0,0,0,0,0.8660254037844387,-0.4999999999999998,0.8854560256532099,-0.4647231720437685,0,1334.98,396767.12,385800.9,385800.9,391075.91,400010.89,348505.02,341512.87,394244.85750000004,10883.238127098182,393794.25125000003,7864.152263633445,392888.13749999995,6414.608659849181,377208.82769230765,22437.36792548754,408610.51,385800.9,408610.51,385800.9,2.9849726459188597,5.912274958404717,2.1498464704298392,19.647177571960906,4.516,0.14251686108270878,2.035,12.920520130327695,1.454,0,0,0.333,355004.79,433,2018,2
Hibiscus,2018-04-30,408906.92,NGN,NGN/MT,Historical (World Bank/FAOSTAT/NEPC),wholesale,National,,,0.7,False,"Synthetic historical — verified annual anchors, weekly interpolated",Synthetic (World Bank/FAO × FX),historical,False,,418028.28,306.08,222.99444444444444,155.70000000000002,15.1,16.2,0,1,1,1,0,0,0,0,1,0,0,0,0,0,0,0,0,0,0,0,0.8660254037844387,-0.4999999999999998,0.8229838658936565,-0.5680647467311557,0,1335.95,408610.51,396767.12,385800.9,395602.4,391075.91,351263.1,343706.38,400021.3625,11038.391108994228,395457.31625000003,9531.236683892004,394374.055,7859.221921458139,379425.8976923077,22618.288946822322,408906.92,385800.9,408906.92,385800.9,0.07254096327575787,5.989104742886808,4.559475422559278,18.969836987023637,5.428,-2.912431682643102,1.94,12.921245275204042,1.454,0,0,0.333,355262.31,434,2018,2
Hibiscus,2018-05-07,408906.92,NGN,NGN/MT,Historical (World Bank/FAOSTAT/NEPC),wholesale,National,,,0.7,False,"Synthetic historical — verified annual anchors, weekly interpolated",Synthetic (World Bank/FAO × FX),historical,False,,408906.92,306.08,222.99444444444444,155.70000000000002,15.1,16.2,0,1,1,1,0,0,0,0,1,0,1,0,0,0,0,0,0,0,0,0,0.4999999999999999,-0.8660254037844387,0.7485107481711013,-0.663122658240795,0,1335.95,408906.92,408610.51,385800.9,395985.64,391075.91,355401.61,348869.69,405797.8675,6022.119591892518,397072.47625,10661.372797647884,395859.9725,8807.393878201205,381483.7942307693,22778.525638850457,408906.92,396767.12,408906.92,385800.9,0.0,5.989104742886808,4.559475422559278,17.209070240524472,6.374,-0.07254096327575787,1.837,12.921245275204042,1.454,0,0,0.333,355262.31,435,2018,2
Hibiscus,2018-05-14,408906.92,NGN,NGN/MT,Historical (World Bank/FAOSTAT/NEPC),wholesale,National,,,0.7,False,"Synthetic historical — verified annual anchors, weekly interpolated",Synthetic (World Bank/FAO × FX),historical,False,,427934.25,306.08,213.8225,151.3422222222222,15.1,16.2,0,1,1,1,0,0,0,0,1,0,1,0,0,0,0,0,0,0,0,0,0.4999999999999999,-0.8660254037844387,0.6631226582407952,-0.7485107481711012,0,1335.95,408906.92,408906.92,396767.12,395985.64,391075.91,355401.61,351369.16,408832.8175,148.2050001018771,398687.63625,11424.641293185954,397345.88999999996,9410.40155382095,383541.69076923083,22744.81906497665,408906.92,408610.51,408906.92,385800.9,0.0,3.059678937105481,4.559475422559278,16.375301691246904,6.594,0.0,1.743,12.921245275204042,1.4,0,0,0.333,355262.31,436,2018,2
Hibiscus,2018-05-21,391107.56,NGN,NGN/MT,Historical (World Bank/FAOSTAT/NEPC),wholesale,National,,,0.7,False,"Synthetic historical — verified annual anchors, weekly interpolated",Synthetic (World Bank/FAO × FX),historical,False,,391107.56,306.08,213.8225,151.3422222222222,15.1,16.2,0,1,1,1,0,0,0,0,1,0,1,0,0,0,0,0,0,1,0,0,0.4999999999999999,-0.8660254037844387,0.5680647467311558,-0.8229838658936564,0,1277.8,408906.92,408906.92,408610.51,385800.9,391075.91,338191.26,358610.72,404457.07999999996,8899.680000001748,399350.96875,10700.644209446253,397348.5275,9408.488720093235,385576.9330769231,20809.66426562322,408906.92,391107.56,408906.92,385800.9,-4.352912393852371,-4.2835290751576665,0.00809305794366999,9.061870766161162,4.897,-4.352912393852371,0.882,12.876740447489516,1.4,0,0,0.333,339798.05,437,2018,2
Hibiscus,2018-05-28,391107.56,NGN,NGN/MT,Historical (World Bank/FAOSTAT/NEPC),wholesale,National,,,0.7,False,"Synthetic historical — verified annual anchors, weekly interpolated",Synthetic (World Bank/FAO × FX),historical,False,,387150.6,306.08,213.8225,151.3422222222222,15.1,16.2,0,1,1,1,0,0,0,0,1,0,1,0,0,0,0,0,0,1,0,0,0.4999999999999999,-0.8660254037844387,0.464723172043769,-0.8854560256532096,0,1277.8,391107.56,408906.92,408906.92,385800.9,395602.4,338191.26,360660.21,400007.24,10276.465287404624,400014.30125,9873.166015052344,396973.95749999996,9572.371900557153,387612.1753846153,18442.929810506343,408906.92,391107.56,408906.92,385800.9,0.0,-4.352912393852371,-1.1362013981714991,8.44211508666286,3.198,4.352912393852371,0.851,12.876740447489516,1.4,0,0,0.333,339798.05,438,2018,2
Hibiscus,2018-06-04,419300.1,NGN,NGN/MT,Historical (World Bank/FAOSTAT/NEPC),wholesale,National,,,0.7,False,"Synthetic historical — verified annual anchors, weekly interpolated",Synthetic (World Bank/FAO × FX),historical,False,,419300.1,306.08,213.8225,151.3422222222222,15.1,16.2,0,1,1,0,0,0,0,1,0,0,1,0,0,0,0,0,0,1,1,0,1.2246467991473532e-16,-1.0,0.3546048870425358,-0.9350162426854148,0,1369.9,391107.56,391107.56,408906.92,385800.9,395985.64,346419.51,377978.42,402605.53500000003,13938.230538806958,404201.70125000004,10085.368173586225,398916.82916666666,11521.190774632336,390415.275,17443.094715130097,419300.1,391107.56,419300.1,385800.9,7.208385335225942,2.541698242719881,5.887703402577915,10.932285499262107,3.122,7.208385335225942,2.027,12.946344556575399,1.4,0,0,0.333,364292.01,439,2018,2
Hibiscus,2018-06-11,419588.05,NGN,NGN/MT,Historical (World Bank/FAOSTAT/NEPC),wholesale,National,,,0.7,False,"Synthetic historical — verified annual anchors, weekly interpolated",Synthetic (World Bank/FAO × FX),historical,False,,424839.22,306.08,213.8225,151.3422222222222,15.1,16.2,0,1,1,0,0,0,0,1,0,0,1,0,0,0,0,0,0,1,1,0,1.2246467991473532e-16,-1.0,0.2393156642875576,-0.970941817426052,0,1370.84,419300.1,391107.56,408906.92,396767.12,395985.64,346419.51,377978.42,405275.8175,16360.51690245518,407054.3175,10878.352896024873,400883.6966666667,12906.661046913945,393229.44961538457,15894.720188009138,419588.05,391107.56,419588.05,385800.9,0.06867396406535775,2.6121176917230926,5.960420685962231,11.008467097142738,3.063,-7.139711371160584,1.93,12.947031058881592,1.4,0,0,0.333,364542.18,440,2018,2
Hibiscus,2018-06-18,419588.05,NGN,NGN/MT,Historical (World Bank/FAOSTAT/NEPC),wholesale,National,,,0.7,False,"Synthetic historical — verified annual anchors, weekly interpolated",Synthetic (World Bank/FAO × FX),historical,False,,419588.05,306.08,213.8225,151.3422222222222,15.1,16.2,0,1,1,0,0,0,0,1,0,0,1,0,0,0,0,0,0,0,1,0,1.2246467991473532e-16,-1.0,0.120536680255323,-0.992708874098054,0,1370.84,419588.05,419300.1,391107.56,408610.51,385800.9,346419.51,361139.64,412395.94,14192.902461374633,408426.50999999995,11759.369208916056,403699.2925,13002.209646997233,396043.62423076923,13584.917468876676,419588.05,391107.56,419588.05,385800.9,0.0,7.282009583246096,8.757664899174667,16.184434918304724,4.129,-0.06867396406535775,1.824,12.947031058881592,1.4,0,0,0.333,364542.18,441,2018,2
Hibiscus,2018-06-25,418877.09,NGN,NGN/MT,Historical (World Bank/FAOSTAT/NEPC),wholesale,National,,,0.7,False,"Synthetic historical — verified annual anchors, weekly interpolated",Synthetic (World Bank/FAO × FX),historical,False,,393950.23,306.08,213.8225,151.3422222222222,15.1,16.2,0,1,1,0,0,0,0,1,0,0,1,0,0,0,0,0,0,0,1,0,1.2246467991473532e-16,-1.0,-3.216245299353273e-16,-1.0,0,1368.52,419588.05,419588.05,391107.56,408906.92,385800.9,358961.35,361139.64,419338.3225,336.11705656941035,409672.78125,12331.942505315856,406455.6416666666,12352.679381314569,398348.0757692308,12036.525650855177,419588.05,418877.09,419588.05,385800.9,-0.169442385215679,7.100228387300933,8.57338331766464,15.987569240529798,5.269,-0.169442385215679,1.703,12.94533520191482,1.4,0,0,0.333,363924.49,442,2018,2
Hibiscus,2018-07-02,418877.09,NGN,NGN/MT,Historical (World Bank/FAOSTAT/NEPC),wholesale,National,,,0.7,False,"Synthetic historical — verified annual anchors, weekly interpolated",Synthetic (World Bank/FAO × FX),historical,False,,418877.09,306.08,213.8225,151.3422222222222,15.1,16.2,0,1,1,0,0,0,1,1,0,0,1,0,0,0,0,0,0,0,1,0,-0.4999999999999997,-0.8660254037844388,-0.1205366802553228,-0.992708874098054,0,1368.52,418877.09,419588.05,419300.1,408906.92,385800.9,381318.69,361139.64,419232.56999999995,410.47294741382194,410919.0525,12740.51390286333,409211.9908333334,10933.601517220477,399792.62961538456,12164.101377457899,419588.05,418877.09,419588.05,391107.56,0.0,-0.10088478395305911,8.57338331766464,15.987569240529798,4.863,0.169442385215679,1.62,12.94533520191482,1.4,0,0,0.333,363924.49,443,2018,3
Hibiscus,2018-07-09,418877.09,NGN,NGN/MT,Historical (World Bank/FAOSTAT/NEPC),wholesale,National,,,0.7,False,"Synthetic historical — verified annual anchors, weekly interpolated",Synthetic (World Bank/FAO × FX),historical,False,,403563.68,306.08,220.24166666666667,144.49375,15.1,16.2,0,1,1,0,0,0,1,1,0,0,1,0,0,0,0,0,0,0,1,0,-0.4999999999999997,-0.8660254037844388,-0.2393156642875574,-0.970941817426052,0,1368.52,418877.09,418877.09,419588.05,408906.92,396767.12,381318.69,372923.41,419054.83,355.48000003564283,412165.32375,13000.554982596574,411054.48833333334,10500.13779521749,401237.18346153846,12112.48795270488,419588.05,418877.09,419588.05,391107.56,0.0,-0.169442385215679,5.572530808500464,12.322551700361227,4.441,0.0,1.548,12.94533520191482,1.407,0,0,0.333,363924.49,444,2018,3
Hibiscus,2018-07-16,424619.14,NGN,NGN/MT,Historical (World Bank/FAOSTAT/NEPC),wholesale,National,,,0.7,False,"Synthetic historical — verified annual anchors, weekly interpolated",Synthetic (World Bank/FAO × FX),historical,False,,428437.87,306.08,220.24166666666667,144.49375,15.1,16.2,0,1,1,0,0,0,1,1,0,0,1,0,0,0,0,0,0,0,1,0,-0.4999999999999997,-0.8660254037844388,-0.3546048870425356,-0.9350162426854148,0,1387.28,418877.09,418877.09,419588.05,391107.56,408610.51,393443.99,380503.33,420312.60250000004,2871.025000004303,416354.27125,10381.239155078347,412388.54083333333,11157.762168819063,402436.2276923077,12831.852171213937,424619.14,418877.09,424619.14,391107.56,1.3708197791385546,1.199054644192099,3.9178213991607924,11.594066732609143,4.442,1.3708197791385546,1.685,12.958950260004393,1.407,0,0,0.333,368913.24,445,2018,3
Hibiscus,2018-07-23,424619.14,NGN,NGN/MT,Historical (World Bank/FAOSTAT/NEPC),wholesale,National,,,0.7,False,"Synthetic historical — verified annual anchors, weekly interpolated",Synthetic (World Bank/FAO × FX),historical,False,,424619.14,306.08,220.24166666666667,144.49375,15.1,16.2,0,1,1,0,0,0,1,1,0,0,1,0,0,0,0,0,0,0,1,0,-0.4999999999999997,-0.8660254037844388,-0.464723172043768,-0.8854560256532101,0,1387.28,424619.14,418877.09,418877.09,391107.56,408906.92,400010.89,380503.33,421748.115,3315.1741132039074,420543.21875,2533.3281896783055,413697.8925,11624.211698315336,403382.69884615386,13534.133279016578,424619.14,418877.09,424619.14,391107.56,0.0,1.3708197791385546,3.842493054409557,11.594066732609143,4.553,-1.3708197791385546,1.611,12.958950260004393,1.407,0,0,0.333,368913.24,446,2018,3
Hibiscus,2018-07-30,408157.51,NGN,NGN/MT,Historical (World Bank/FAOSTAT/NEPC),wholesale,National,,,0.7,False,"Synthetic historical — verified annual anchors, weekly interpolated",Synthetic (World Bank/FAO × FX),historical,False,,408157.51,306.08,220.24166666666667,144.49375,15.1,16.2,0,1,1,0,0,0,1,1,0,0,1,0,0,0,0,0,0,0,1,0,-0.4999999999999997,-0.8660254037844388,-0.5680647467311556,-0.8229838658936565,0,1333.5,424619.14,424619.14,418877.09,419300.1,408906.92,400010.89,362327.34,419068.22000000003,7761.13284415526,419150.395,5088.713492216181,413635.4416666667,11654.265286897808,403696.0303846154,13547.24506907088,424619.14,408157.51,424619.14,391107.56,-3.8767988649781593,-2.5591230114781482,-0.18327153768881166,12.64883019868166,3.808,-3.8767988649781593,0.977,12.91941088283977,1.407,0,0,0.333,354611.22,447,2018,3
Hibiscus,2018-08-06,405648.6,NGN,NGN/MT,Historical (World Bank/FAOSTAT/NEPC),wholesale,National,,,0.7,False,"Synthetic historical — verified annual anchors, weekly interpolated",Synthetic (World Bank/FAO × FX),historical,False,,405648.6,306.08,220.24166666666667,144.49375,15.1,16.2,0,1,0,0,1,0,1,1,0,0,1,0,0,0,0,1,0,0,1,0,-0.8660254037844384,-0.5000000000000004,-0.663122658240795,-0.7485107481711013,0,1325.3,408157.51,424619.14,418877.09,419588.05,408906.92,391075.91,362327.34,415761.09750000003,10279.542506378995,417407.96375,6959.920238420503,413363.91500000004,11811.346220859137,404256.5184615385,13303.493518055582,424619.14,405648.6,424619.14,391107.56,-0.6146916174591621,-3.1580839143052764,-0.7968366003686111,11.956387282284563,2.846,3.262107247518997,0.854,12.913245011750988,1.407,0,0,0.333,352431.45,448,2018,3
Hibiscus,2018-08-13,405648.6,NGN,NGN/MT,Historical (World Bank/FAOSTAT/NEPC),wholesale,National,,,0.7,False,"Synthetic historical — verified annual anchors, weekly interpolated",Synthetic (World Bank/FAO × FX),historical,False,,398908.12,306.08,218.1288888888889,152.544,15.1,16.2,0,1,0,0,1,0,1,1,0,0,1,0,0,0,0,1,0,0,1,0,-0.8660254037844384,-0.5000000000000004,-0.7485107481711011,-0.6631226582407952,0,1325.3,405648.6,408157.51,424619.14,419588.05,391107.56,391075.91,362327.34,411018.46249999997,9143.9292102131,415665.53250000003,8002.89906878205,414575.6683333333,9913.936421257535,404817.00653846154,13030.142174547938,424619.14,405648.6,424619.14,391107.56,0.0,-4.467660124788542,3.717913302417375,11.956387282284563,1.532,0.6146916174591621,0.822,12.913245011750988,1.423,0,0,0.333,352431.45,449,2018,3
Hibiscus,2018-08-20,411225.29,NGN,NGN/MT,Historical (World Bank/FAOSTAT/NEPC),wholesale,National,,,0.7,False,"Synthetic historical — verified annual anchors, weekly interpolated",Synthetic (World Bank/FAO × FX),historical,False,,411225.29,306.08,218.1288888888889,152.544,15.1,16.2,0,1,0,0,1,0,1,1,0,0,1,0,0,0,0,1,0,0,1,0,-0.8660254037844384,-0.5000000000000004,-0.8229838658936564,-0.5680647467311559,0,1343.52,405648.6,405648.6,424619.14,418877.09,391107.56,391075.91,359261.25,407670.0,2648.8908939588773,414709.0575,8021.468079150266,416252.1458333333,6795.00815135927,405591.9826923077,12776.929523250325,411225.29,405648.6,424619.14,405648.6,1.3747588429986024,-3.1543208344306017,5.143784487315961,14.464137170373913,0.512,1.3747588429986024,0.984,12.92689892590425,1.423,0,0,0.333,357276.53,450,2018,3
Hibiscus,2018-08-27,411225.29,NGN,NGN/MT,Historical (World Bank/FAOSTAT/NEPC),wholesale,National,,,0.7,False,"Synthetic historical — verified annual anchors, weekly interpolated",Synthetic (World Bank/FAO × FX),historical,False,,423805.56,306.08,218.1288888888889,152.544,15.1,16.2,0,1,0,0,1,0,1,1,0,0,1,0,0,0,0,1,0,0,1,0,-0.8660254037844384,-0.5000000000000004,-0.8854560256532096,-0.4647231720437691,0,1343.52,411225.29,405648.6,408157.51,418877.09,419300.1,391075.91,359261.25,408436.945,3219.7034726919155,413752.5825,7908.883221522712,415579.24499999994,6865.190205512005,406366.9588461538,12468.601680785856,411225.29,405648.6,424619.14,405648.6,0.0,0.7516166981712535,-1.92578298931958,14.464137170373913,0.509,-1.3747588429986024,0.947,12.92689892590425,1.423,0,0,0.333,357276.53,451,2018,3
Hibiscus,2018-09-03,406048.56,NGN,NGN/MT,Historical (World Bank/FAOSTAT/NEPC),wholesale,National,,,0.7,False,"Synthetic historical — verified annual anchors, weekly interpolated",Synthetic (World Bank/FAO × FX),historical,False,,388171.29,306.08,218.1288888888889,152.544,15.1,16.2,0,1,0,0,1,1,0,0,0,0,0,0,0,0,0,1,0,0,0,0,-1.0,-1.8369701987210287e-16,-0.9350162426854148,-0.3546048870425359,0,1326.61,411225.29,411225.29,405648.6,418877.09,419588.05,395602.4,343706.56,408536.93499999994,3108.5363343001573,412149.01625,8021.159735346592,414450.95416666666,7248.361311500506,406768.7342307692,12274.655738673191,411225.29,405648.6,424619.14,405648.6,-1.2588549697417628,0.09859765323978475,-3.226853100320659,18.13814667953966,0.435,-1.2588549697417628,0.731,12.914230500099578,1.423,0,0,0.667,352778.94,452,2018,3
Hibiscus,2018-09-10,393636.91,NGN,NGN/MT,Historical (World Bank/FAOSTAT/NEPC),wholesale,National,,,0.7,False,"Synthetic historical — verified annual anchors, weekly interpolated",Synthetic (World Bank/FAO × FX),historical,False,,406048.56,306.08,227.9375,152.80555555555554,15.1,16.2,0,1,0,0,1,1,0,0,0,0,0,0,0,0,0,1,0,0,0,0,-1.0,-1.8369701987210287e-16,-0.970941817426052,-0.2393156642875577,0,1286.06,406048.56,411225.29,405648.6,424619.14,419588.05,395985.64,343706.56,405534.0125,8298.334897021497,408276.2375,8598.835419478719,412288.3591666667,9188.129862567414,406678.3984615385,12365.49529890408,411225.29,393636.91,424619.14,393636.91,-3.056691051927396,-2.961107224331605,-6.184909222271706,14.527028521073326,-0.281,-1.7978360821856332,0.251,12.883186755579052,1.466,0,0,0.667,341995.58,453,2018,3
Hibiscus,2018-09-17,393636.91,NGN,NGN/MT,Historical (World Bank/FAOSTAT/NEPC),wholesale,National,,,0.7,False,"Synthetic historical — verified annual anchors, weekly interpolated",Synthetic (World Bank/FAO × FX),historical,False,,393636.91,306.08,227.9375,152.80555555555554,15.1,16.2,0,1,0,0,1,1,0,0,0,0,0,0,0,0,0,1,0,0,0,0,-1.0,-1.8369701987210287e-16,-0.992708874098054,-0.1205366802553235,0,1286.06,393636.91,406048.56,411225.29,424619.14,418877.09,395985.64,350055.06,401136.9175,8914.402517775816,404403.45875,7018.464622032998,410185.0108333333,10357.322072164634,406588.06269230763,12454.990988555306,411225.29,393636.91,424619.14,393636.91,0.0,-4.277066714452316,-6.025676887699937,12.449998580223355,-1.341,3.056691051927396,0.224,12.883186755579052,1.466,0,0,0.667,341995.58,454,2018,3
Hibiscus,2018-09-24,393636.91,NGN,NGN/MT,Historical (World Bank/FAOSTAT/NEPC),wholesale,National,,,0.7,False,"Synthetic historical — verified annual anchors, weekly interpolated",Synthetic (World Bank/FAO × FX),historical,False,,390485.53,306.08,227.9375,152.80555555555554,15.1,16.2,0,1,0,0,1,1,0,0,0,0,0,0,0,0,0,1,0,0,0,0,-1.0,-1.8369701987210287e-16,-1.0,-1.8369701987210287e-16,0,1286.06,393636.91,393636.91,411225.29,408157.51,418877.09,385800.9,350055.06,396739.82249999995,6205.825000003125,402588.38375,7748.563117568482,408081.6624999999,10976.064189393583,406889.44769230764,12019.042525116547,406048.56,393636.91,424619.14,393636.91,0.0,-4.277066714452316,-6.025676887699937,12.449998580223355,-2.494,0.0,0.196,12.883186755579052,1.466,0,0,0.667,341995.58,455,2018,3
Hibiscus,2018-10-01,393356.21,NGN,NGN/MT,Historical (World Bank/FAOSTAT/NEPC),wholesale,National,,,0.7,False,"Synthetic historical — verified annual anchors, weekly interpolated",Synthetic (World Bank/FAO × FX),historical,False,,398715.64,306.08,227.9375,152.80555555555554,11.3,11.8,0,1,0,0,0,1,0,0,0,1,0,1,0,1,1,1,1,0,0,0,-0.8660254037844386,0.5000000000000001,-0.992708874098054,0.1205366802553232,0,1285.14,393636.91,393636.91,406048.56,405648.6,418877.09,385800.9,350055.06,393566.735,140.35000014402476,401051.83499999996,8257.134273489173,405954.9224999999,11165.023535688948,407180.0365384615,11571.79462376433,393636.91,393356.21,424619.14,393356.21,-0.07130936984540703,-3.125820714645555,-6.09268938532781,12.369811194844615,-3.343,-0.07130936984540703,0.157,12.882473409321193,1.466,0,0,1.0,353419.78,456,2018,4
Hibiscus,2018-10-08,393356.21,NGN,NGN/MT,Historical (World Bank/FAOSTAT/NEPC),wholesale,National,,,0.7,False,"Synthetic historical — verified annual anchors, weekly interpolated",Synthetic (World Bank/FAO × FX),historical,False,,387577.09,306.08,227.9375,152.80555555555554,11.3,11.8,0,1,0,0,0,1,0,0,0,1,0,1,0,1,1,1,1,0,0,0,-0.8660254037844386,0.5000000000000001,-0.970941817426052,0.2393156642875573,0,1285.14,393356.21,393636.91,393636.91,405648.6,424619.14,385800.9,348505.02,393496.56,162.06222068638058,399515.28625,8421.625259324019,403349.6783333333,10000.737390232367,407470.6253846154,11098.641326909496,393636.91,393356.21,424619.14,393356.21,0.0,-0.07130936984540703,-7.362581441806881,12.86959654124924,-3.429,0.07130936984540703,0.126,12.882473409321193,1.466,0,0,1.0,353419.78,457,2018,4
Hibiscus,2018-10-15,393356.21,NGN,NGN/MT,Historical (World Bank/FAOSTAT/NEPC),wholesale,National,,,0.7,False,"Synthetic historical — verified annual anchors, weekly interpolated",Synthetic (World Bank/FAO × FX),historical,False,,393356.21,306.08,209.81375,149.6233333333333,11.3,11.8,0,1,0,0,0,1,0,0,0,1,0,1,0,1,1,1,1,0,0,0,-0.8660254037844386,0.5000000000000001,-0.9350162426854148,0.3546048870425355,0,1285.14,393356.21,393356.21,393636.91,411225.29,424619.14,396767.12,348505.02,393426.385,140.35000014432552,397281.65125,7145.0625707735635,400744.43416666664,7782.229614824875,407339.43653846154,11249.355898660733,393636.91,393356.21,411225.29,393356.21,0.0,-0.07130936984540703,-7.362581441806881,12.86959654124924,-3.416,0.0,0.094,12.882473409321193,1.378,0,0,1.0,353419.78,458,2018,4
Hibiscus,2018-10-22,393356.21,NGN,NGN/MT,Historical (World Bank/FAOSTAT/NEPC),wholesale,National,,,0.7,False,"Synthetic historical — verified annual anchors, weekly interpolated",Synthetic (World Bank/FAO × FX),historical,False,,385625.47,306.08,209.81375,149.6233333333333,11.3,11.8,0,1,0,0,0,1,0,0,0,1,0,1,0,1,1,1,1,0,0,0,-0.8660254037844386,0.5000000000000001,-0.8854560256532101,0.464723172043768,0,1285.14,393356.21,393356.21,393636.91,411225.29,408157.51,408610.51,348505.02,393356.21,0.0063687455231958255,395048.01625,4447.060969943785,399510.99249999993,7672.677015593366,406752.7326923077,11573.530910779564,393356.21,393356.21,411225.29,393356.21,0.0,-0.07130936984540703,-3.626369633625015,12.86959654124924,-3.294,0.0,0.059,12.882473409321193,1.378,0,0,1.0,353419.78,459,2018,4
Hibiscus,2018-10-29,400423.16,NGN,NGN/MT,Historical (World Bank/FAOSTAT/NEPC),wholesale,National,,,0.7,False,"Synthetic historical — verified annual anchors, weekly interpolated",Synthetic (World Bank/FAO × FX),historical,False,,423576.7,306.08,209.81375,149.6233333333333,11.3,11.8,0,1,0,0,0,1,0,0,0,1,0,1,0,1,1,1,1,0,0,0,-0.8660254037844386,0.5000000000000001,-0.822983865893657,0.5680647467311548,0,1308.23,393356.21,393356.21,393356.21,406048.56,405648.6,408906.92,351263.1,395122.9475,3533.475000005566,394344.84125000006,2459.936868681215,399075.5391666666,7437.350987962585,406426.43423076917,11629.824028322657,400423.16,393356.21,411225.29,393356.21,1.7965777126030202,1.7965777126030202,-1.2881691197750955,13.995224662083782,-2.781,1.7965777126030202,0.334,12.900279664263179,1.378,0,0,1.0,359769.24,460,2018,4
Hibiscus,2018-11-05,400423.16,NGN,NGN/MT,Historical (World Bank/FAOSTAT/NEPC),wholesale,National,,,0.7,False,"Synthetic historical — verified annual anchors, weekly interpolated",Synthetic (World Bank/FAO × FX),historical,False,,400423.16,306.08,209.81375,149.6233333333333,11.3,11.8,1,0,0,0,0,1,0,0,0,1,0,1,1,1,1,0,1,0,0,0,-0.5000000000000004,0.8660254037844384,-0.7485107481711011,0.6631226582407952,1,1308.23,400423.16,393356.21,393356.21,393636.91,405648.6,408906.92,355401.61,396889.685,4080.1054848543004,395193.1225,3230.3730285336687,398640.0858333334,7165.5210102091,406100.1357692307,11676.366604806788,400423.16,393356.21,411225.29,393356.21,0.0,1.7965777126030202,-1.2881691197750955,12.66779573677226,-2.268,-1.7965777126030202,0.304,12.900279664263179,1.378,0,0,0.667,359769.24,461,2018,4
Hibiscus,2018-11-12,400423.16,NGN,NGN/MT,Historical (World Bank/FAOSTAT/NEPC),wholesale,National,,,0.7,False,"Synthetic historical — verified annual anchors, weekly interpolated",Synthetic (World Bank/FAO × FX),historical,False,,391603.29,306.08,231.8846153846154,149.85416666666666,11.3,11.8,1,0,0,0,0,1,0,0,0,1,0,1,1,1,1,0,1,0,0,0,-0.5000000000000004,0.8660254037844384,-0.6631226582407955,0.7485107481711007,1,1308.23,400423.16,400423.16,393356.21,393636.91,411225.29,408906.92,355401.61,398656.4225,3533.475000005251,396041.40375,3629.6795529118417,397739.9083333334,6029.169700218064,405773.8373076923,11713.274871830608,400423.16,393356.21,411225.29,393356.21,0.0,1.7965777126030202,-2.62681558325365,12.66779573677226,-1.754,0.0,0.273,12.900279664263179,1.474,0,0,0.667,359769.24,462,2018,4
Hibiscus,2018-11-19,398652.06,NGN,NGN/MT,Historical (World Bank/FAOSTAT/NEPC),wholesale,National,,,0.7,False,"Synthetic historical — verified annual anchors, weekly interpolated",Synthetic (World Bank/FAO × FX),historical,False,,402567.76,306.08,231.8846153846154,149.85416666666666,11.3,11.8,1,0,0,0,0,1,0,0,0,1,0,1,1,1,1,0,1,0,0,0,-0.5000000000000004,0.8660254037844384,-0.5680647467311559,0.8229838658936564,1,1302.44,400423.16,400423.16,393356.21,393636.91,411225.29,391107.56,338191.26,399980.385,885.5500000205725,396668.29750000004,3587.915934461678,396692.13916666666,4323.95462155807,406064.0103846154,11425.324532374285,400423.16,398652.06,406048.56,393356.21,-0.442307083336535,1.3463242387860008,-3.0575040751992577,17.877694414693025,-1.498,-0.442307083336535,0.145,12.895846793807365,1.474,0,0,0.667,358177.95,463,2018,4
Hibiscus,2018-11-26,398652.06,NGN,NGN/MT,Historical (World Bank/FAOSTAT/NEPC),wholesale,National,,,0.7,False,"Synthetic historical — verified annual anchors, weekly interpolated",Synthetic (World Bank/FAO × FX),historical,False,,398652.06,306.08,231.8846153846154,149.85416666666666,11.3,11.8,1,0,0,0,0,1,0,0,0,1,0,1,1,1,1,0,1,0,0,0,-0.5000000000000004,0.8660254037844384,-0.4647231720437684,0.88545602565321,1,1302.44,398652.06,400423.16,400423.16,393356.21,406048.56,391107.56,338191.26,399537.61,1022.5450617796669,397330.27874999994,3371.5537307488844,396075.76416666666,3266.942975226872,406354.1834615385,11122.05629615231,400423.16,398652.06,400423.16,393356.21,0.0,-0.442307083336535,-1.8215801578018165,17.877694414693025,-1.677,0.442307083336535,0.094,12.895846793807365,1.474,0,0,0.667,358177.95,464,2018,4
Hibiscus,2018-12-03,398652.06,NGN,NGN/MT,Historical (World Bank/FAOSTAT/NEPC),wholesale,National,,,0.7,False,"Synthetic historical — verified annual anchors, weekly interpolated",Synthetic (World Bank/FAO × FX),historical,False,,389401.4,306.08,231.8846153846154,149.85416666666666,11.3,11.8,1,0,0,0,0,0,0,0,0,1,0,1,1,1,1,0,0,0,0,1,-2.4492935982947064e-16,1.0,-0.3546048870425359,0.9350162426854148,1,1302.44,398652.06,398652.06,400423.16,393356.21,393636.91,419300.1,346419.51,399094.83499999996,885.5500000208053,397992.25999999995,2976.5692561259907,396493.6933333333,3247.312085004821,405560.02807692304,10895.561674402568,400423.16,398652.06,400423.16,393356.21,0.0,-0.442307083336535,1.2740548136098484,15.077831499732785,-1.594,0.0,0.041,12.895846793807365,1.474,0,0,0.333,358177.95,465,2018,4
Hibiscus,2018-12-10,399222.6,NGN,NGN/MT,Historical (World Bank/FAOSTAT/NEPC),wholesale,National,,,0.7,False,"Synthetic historical — verified annual anchors, weekly interpolated",Synthetic (World Bank/FAO × FX),historical,False,,399222.6,306.08,235.53181818181815,149.88750000000002,11.3,11.8,1,0,0,0,0,0,0,0,0,1,0,1,1,1,1,0,0,0,0,1,-2.4492935982947064e-16,1.0,-0.2393156642875578,0.970941817426052,1,1304.31,398652.06,398652.06,400423.16,393356.21,393636.91,419588.05,346419.51,398794.695,285.2700000648095,398725.55874999997,2321.905381814373,396959.16750000004,3200.584033853834,404776.7415384616,10574.03842954789,399222.6,398652.06,400423.16,393356.21,0.14311728377873756,-0.2998228174414308,1.4189954900316604,15.242527766406688,-1.478,0.14311728377873756,0.015,12.897276939908505,1.49,0,0,0.333,358690.57,466,2018,4
Hibiscus,2018-12-17,399222.6,NGN,NGN/MT,Historical (World Bank/FAOSTAT/NEPC),wholesale,National,,,0.7,False,"Synthetic historical — verified annual anchors, weekly interpolated",Synthetic (World Bank/FAO × FX),historical,False,,400908.29,306.08,235.53181818181815,149.88750000000002,11.3,11.8,1,0,0,0,0,0,0,0,0,1,0,1,1,1,1,0,0,0,0,1,-2.4492935982947064e-16,1.0,-0.1205366802553236,0.992708874098054,1,1304.31,399222.6,398652.06,398652.06,393356.21,393636.91,419588.05,346419.51,398937.32999999996,329.4014226394943,399458.8575,832.7269974310499,397424.64166666666,3077.2900877100433,403993.455,10179.938830446094,399222.6,398652.06,400423.16,393356.21,0.0,0.14311728377873756,1.4189954900316604,15.242527766406688,-1.252,-0.14311728377873756,-0.063,12.897276939908505,1.49,0,0,0.333,358690.57,467,2018,4
Hibiscus,2018-12-24,385761.31,NGN,NGN/MT,Historical (World Bank/FAOSTAT/NEPC),wholesale,National,,,0.7,False,"Synthetic historical — verified annual anchors, weekly interpolated",Synthetic (World Bank/FAO × FX),historical,False,,385761.31,306.08,235.53181818181815,149.88750000000002,11.3,11.8,1,0,0,0,0,0,0,0,0,1,0,1,1,1,1,0,0,0,0,1,-2.4492935982947064e-16,1.0,6.432490598706546e-16,1.0,1,1260.33,399222.6,399222.6,398652.06,400423.16,393356.21,418877.09,358961.35,395714.64249999996,6641.003465054285,397626.12625000003,4850.268583007823,396791.73333333334,4460.341924954775,402719.7711538461,10314.045474477267,399222.6,385761.31,400423.16,385761.31,-3.371875740501662,-3.233584193695127,-1.93079448269039,7.465973704411355,-1.739,-3.371875740501662,-1.306,12.862976681576248,1.49,0,0,0.333,346595.97,468,2018,4
Hibiscus,2018-12-31,385761.31,NGN,NGN/MT,Historical (World Bank/FAOSTAT/NEPC),wholesale,National,,,0.7,False,"Synthetic historical — verified annual anchors, weekly interpolated",Synthetic (World Bank/FAO × FX),historical,False,,385228.38,306.08,235.53181818181815,149.88750000000002,11.3,11.8,1,0,0,0,0,0,0,0,0,1,0,1,1,1,1,0,0,0,0,1,-2.4492935982947064e-16,1.0,0.120536680255323,0.992708874098054,1,1260.33,385761.31,399222.6,398652.06,400423.16,393356.21,418877.09,381318.69,392491.955,7771.879405142142,395793.395,6219.266992419606,396158.825,5426.38079453628,401446.0873076923,10283.656489033607,399222.6,385761.31,400423.16,385761.31,0.0,-3.233584193695127,-1.93079448269039,1.165067466270786,-2.23,3.371875740501662,-1.329,12.862976681576248,1.49,0,0,0.333,346595.97,469,2018,4
Hibiscus,2019-01-07,397977.86,NGN,NGN/MT,Historical (World Bank/FAOSTAT/NEPC),wholesale,National,,,0.7,False,"Synthetic historical — verified annual anchors, weekly interpolated",Synthetic (World Bank/FAO × FX),historical,False,,423972.46,306.92,235.53181818181815,149.88750000000002,11.3,11.8,1,0,0,0,0,0,0,0,0,1,0,0,1,0,0,0,0,0,0,1,0.4999999999999999,0.8660254037844387,0.2393156642875577,0.970941817426052,1,1296.68,385761.31,385761.31,399222.6,400423.16,393356.21,418877.09,381318.69,392180.76999999996,7429.951897563407,395487.7325,6015.987038487535,396543.96249999997,5373.131477052027,400642.27076923073,9664.842199838651,399222.6,385761.31,400423.16,385761.31,3.166867615624791,-0.31179096574192044,1.1749274277378152,4.368831226185099,-2.112,3.166867615624791,-0.273,12.894154167278003,1.49,0,0,0.0,357572.2,470,2019,1
Hibiscus,2019-01-14,408067.67,NGN,NGN/MT,Historical (World Bank/FAOSTAT/NEPC),wholesale,National,,,0.7,False,"Synthetic historical — verified annual anchors, weekly interpolated",Synthetic (World Bank/FAO × FX),historical,False,,397977.86,306.92,220.93,156.13333333333333,11.3,11.8,1,0,0,0,0,0,0,0,0,1,0,0,1,0,0,0,0,0,0,1,0.4999999999999999,0.8660254037844387,0.3546048870425356,0.9350162426854148,1,1329.56,397977.86,385761.31,399222.6,398652.06,393356.21,424619.14,393443.99,394392.0375,10783.628975368023,396664.68374999997,7469.029821760062,397769.9175,6195.1186148051975,400005.67576923076,8496.914925493375,408067.67,385761.31,408067.67,385761.31,2.5352691730137877,2.215573467033183,3.739984173632327,3.7168390855328637,-1.403,-0.6315984426110033,0.631,12.919190748047487,1.446,0,0,0.0,366637.62,471,2019,1
Hibiscus,2019-01-21,408067.67,NGN,NGN/MT,Historical (World Bank/FAOSTAT/NEPC),wholesale,National,,,0.7,False,"Synthetic historical — verified annual anchors, weekly interpolated",Synthetic (World Bank/FAO × FX),historical,False,,408067.67,306.92,220.93,156.13333333333333,11.3,11.8,1,0,0,0,0,0,0,0,0,1,0,0,1,0,0,0,0,0,0,1,0.4999999999999999,0.8660254037844387,0.4647231720437685,0.8854560256532099,1,1329.56,408067.67,397977.86,385761.31,398652.06,400423.16,424619.14,400010.89,399968.6275,10598.74213635094,397841.635,8497.912033031576,398406.96,6851.068756653565,399369.08076923084,7081.173992410446,408067.67,385761.31,408067.67,385761.31,0.0,5.7824254070476755,1.909107854800407,2.0141401650340063,0.15,-2.5352691730137877,0.615,12.919190748047487,1.446,0,0,0.0,366637.62,472,2019,1
Hibiscus,2019-01-28,445030.16,NGN,NGN/MT,Historical (World Bank/FAOSTAT/NEPC),wholesale,National,,,0.7,False,"Synthetic historical — verified annual anchors, weekly interpolated",Synthetic (World Bank/FAO × FX),historical,False,,445030.16,306.92,220.93,156.13333333333333,11.3,11.8,1,0,0,0,0,0,0,0,0,1,0,0,1,0,0,0,0,0,0,1,0.4999999999999999,0.8660254037844387,0.5680647467311558,0.8229838658936564,1,1449.99,408067.67,408067.67,385761.31,398652.06,400423.16,408157.51,400010.89,414785.83999999997,20716.295520199255,403638.8975,18756.84882722556,402124.20999999996,15136.202595830682,400787.25961538457,11329.57419096138,445030.16,397977.86,445030.16,385761.31,9.057931494548432,15.364125033689868,11.139965030993704,11.254511095935404,3.493,9.057931494548432,3.436,13.005899581168828,1.446,0,0,0.0,399847.4,473,2019,1
Hibiscus,2019-02-04,445030.16,NGN,NGN/MT,Historical (World Bank/FAOSTAT/NEPC),wholesale,National,,,0.7,False,"Synthetic historical — verified annual anchors, weekly interpolated",Synthetic (World Bank/FAO × FX),historical,False,,448596.71,306.92,220.93,156.13333333333333,11.3,11.8,1,0,0,0,0,0,0,0,1,1,0,0,1,0,0,0,0,0,0,0,0.8660254037844386,0.5000000000000001,0.6631226582407952,0.7485107481711011,1,1449.99,445030.16,408067.67,397977.86,399222.6,400423.16,405648.6,391075.91,426548.915,21340.303551419333,409364.84249999997,23586.246004467914,405841.45999999996,19522.393954338582,402301.93499999994,14259.218223003109,445030.16,408067.67,445030.16,385761.31,0.0,11.822843612456225,11.139965030993704,13.796362450451127,6.027,-9.057931494548432,3.05,13.005899581168828,1.446,0,0,0.0,399847.4,474,2019,1
Hibiscus,2019-02-11,434894.34,NGN,NGN/MT,Historical (World Bank/FAOSTAT/NEPC),wholesale,National,,,0.7,False,"Synthetic historical — verified annual anchors, weekly interpolated",Synthetic (World Bank/FAO × FX),historical,False,,424306.11,306.92,238.28,144.69666666666666,11.3,11.8,1,0,0,0,0,0,0,0,1,1,0,0,1,0,0,0,0,0,0,0,0.8660254037844386,0.5000000000000001,0.7485107481711011,0.6631226582407953,1,1416.96,445030.16,445030.16,408067.67,399222.6,398652.06,405648.6,391075.91,433255.58249999996,17458.501394817406,413823.81,24738.656951731584,408861.64999999997,21052.502151209657,403426.7711538461,15622.164561474074,445030.16,408067.67,445030.16,385761.31,-2.277557997417512,6.574073853976237,9.091206000540918,11.204584296690644,7.394,-2.277557997417512,2.158,12.982860683421402,1.486,0,0,0.0,390740.65,475,2019,1
Hibiscus,2019-02-18,434894.34,NGN,NGN/MT,Historical (World Bank/FAOSTAT/NEPC),wholesale,National,,,0.7,False,"Synthetic historical — verified annual anchors, weekly interpolated",Synthetic (World Bank/FAO × FX),historical,False,,434894.34,306.92,238.28,144.69666666666666,11.3,11.8,1,0,0,0,0,0,0,0,1,1,0,0,1,0,0,0,0,0,0,0,0.8660254037844386,0.5000000000000001,0.8229838658936564,0.5680647467311559,1,1416.96,434894.34,445030.16,408067.67,385761.31,398652.06,411225.29,391075.91,439962.25,5851.918405458564,419965.43875,22799.481613895427,411881.84,22031.5743755687,404337.1192307693,16744.12680122547,445030.16,434894.34,445030.16,385761.31,0.0,6.574073853976237,9.091206000540918,11.204584296690644,8.811,2.277557997417512,2.028,12.982860683421402,1.486,0,0,0.0,390740.65,476,2019,1
Hibiscus,2019-02-25,434894.34,NGN,NGN/MT,Historical (World Bank/FAOSTAT/NEPC),wholesale,National,,,0.7,False,"Synthetic historical — verified annual anchors, weekly interpolated",Synthetic (World Bank/FAO × FX),historical,False,,431491.78,306.92,238.28,144.69666666666666,11.3,11.8,1,0,0,0,0,0,0,0,1,1,0,0,1,0,0,0,0,0,0,0,0.8660254037844386,0.5000000000000001,0.8854560256532099,0.4647231720437686,1,1416.96,434894.34,434894.34,445030.16,385761.31,398652.06,411225.29,391075.91,437428.29500000004,5067.91000000132,426107.0675,18477.427821918864,414902.03,22531.558615128684,405247.46730769234,17746.993355305287,445030.16,434894.34,445030.16,385761.31,0.0,-2.277557997417512,9.091206000540918,11.204584296690644,7.941,0.0,1.914,12.982860683421402,1.486,0,0,0.0,390740.65,477,2019,1
Hibiscus,2019-03-04,451160.83,NGN,NGN/MT,Historical (World Bank/FAOSTAT/NEPC),wholesale,National,,,0.7,False,"Synthetic historical — verified annual anchors, weekly interpolated",Synthetic (World Bank/FAO × FX),historical,False,,476817.94,306.92,238.28,144.69666666666666,11.3,11.8,1,0,0,1,0,0,0,0,1,1,0,0,0,0,0,0,0,0,0,0,1.0,6.123233995736766e-17,0.9350162426854148,0.3546048870425355,0,1469.96,434894.34,434894.34,445030.16,397977.86,399222.6,406048.56,395602.4,438960.9625,8133.2450000007775,432754.93875,16356.704767575045,419230.2158333333,24174.442197038436,406982.5546153846,19902.779429965827,451160.83,434894.34,451160.83,385761.31,3.740331502129912,1.3775852854557291,13.00984212817613,14.044007316436913,7.857,3.740331502129912,2.705,13.019581378956284,1.486,0,0,0.0,405355.64,478,2019,1
Hibiscus,2019-03-11,451160.83,NGN,NGN/MT,Historical (World Bank/FAOSTAT/NEPC),wholesale,National,,,0.7,False,"Synthetic historical — verified annual anchors, weekly interpolated",Synthetic (World Bank/FAO × FX),historical,False,,451160.83,306.92,236.09166666666667,145.71923076923076,11.3,11.8,1,0,0,1,0,0,0,0,1,1,0,0,0,0,0,0,0,0,0,0,1.0,6.123233995736766e-17,0.970941817426052,0.239315664287558,0,1469.96,451160.83,434894.34,434894.34,408067.67,399222.6,393636.91,395985.64,443027.585,9391.462380270897,438141.58375,13989.693019705523,423558.4016666667,24905.095005110463,409195.0130769231,21493.589954366078,451160.83,434894.34,451160.83,385761.31,0.0,3.740331502129912,13.00984212817613,13.93363405804311,8.268,-3.740331502129912,2.483,13.019581378956284,1.48,0,0,0.0,405355.64,479,2019,1
Hibiscus,2019-03-18,434824.92,NGN,NGN/MT,Historical (World Bank/FAOSTAT/NEPC),wholesale,National,,,0.7,False,"Synthetic historical — verified annual anchors, weekly interpolated",Synthetic (World Bank/FAO × FX),historical,False,,434824.92,306.92,236.09166666666667,145.71923076923076,11.3,11.8,1,0,0,1,0,0,0,0,1,1,0,0,0,0,0,0,0,0,0,0,1.0,6.123233995736766e-17,0.992708874098054,0.120536680255323,0,1416.74,451160.83,451160.83,434894.34,408067.67,385761.31,393636.91,395985.64,443010.23,9411.54487864472,441486.24,7435.885404499978,427647.0358333334,21992.999865784335,410779.16730769235,21816.461331201815,451160.83,434824.92,451160.83,385761.31,-3.6208617667451426,-0.0159624979253703,12.718644593984818,9.808254662972104,7.846,-3.6208617667451426,1.476,12.982701046067826,1.48,0,0,0.0,390678.27,480,2019,1
Hibiscus,2019-03-25,428312.97,NGN,NGN/MT,Historical (World Bank/FAOSTAT/NEPC),wholesale,National,,,0.7,False,"Synthetic historical — verified annual anchors, weekly interpolated",Synthetic (World Bank/FAO × FX),historical,False,,423987.2,306.92,236.09166666666667,145.71923076923076,11.3,11.8,1,0,0,1,0,0,0,0,1,1,0,0,0,0,0,0,0,0,0,0,1.0,6.123233995736766e-17,1.0,-1.6081226496766364e-16,0,1395.52,434824.92,451160.83,434894.34,445030.16,385761.31,393636.91,385800.9,441364.8875,11619.59127586551,439396.59125,8561.453152536005,431193.0075,17621.667790896285,412112.8619230769,21786.490862128743,451160.83,428312.97,451160.83,397977.86,-1.4976027592898844,-1.5133262024058625,11.030567062311135,11.019173361181878,7.098,2.123259007455258,1.068,12.967611780395835,1.48,0,0,0.0,384827.47,481,2019,1
Hibiscus,2019-04-01,428312.97,NGN,NGN/MT,Historical (World Bank/FAOSTAT/NEPC),wholesale,National,,,0.7,False,"Synthetic historical — verified annual anchors, weekly interpolated",Synthetic (World Bank/FAO × FX),historical,False,,428312.97,306.92,236.09166666666667,145.71923076923076,11.4,12.0,0,1,1,1,0,0,0,0,1,0,0,0,0,0,0,0,0,0,0,0,0.8660254037844387,-0.4999999999999998,0.992708874098054,-0.1205366802553228,0,1395.52,428312.97,434824.92,451160.83,445030.16,397977.86,393356.21,385800.9,435652.9225,10784.720496658205,437306.9425,9017.965153331803,433720.93333333335,14283.234346567024,413457.3526923077,21660.943720289546,451160.83,428312.97,451160.83,408067.67,0.0,-5.064238400306175,7.62231094965935,11.019173361181878,5.368,1.4976027592898844,1.029,12.967611780395835,1.48,0,0,0.333,384482.02,482,2019,2
Hibiscus,2019-04-08,439789.26,NGN,NGN/MT,Historical (World Bank/FAOSTAT/NEPC),wholesale,National,,,0.7,False,"Synthetic historical — verified annual anchors, weekly interpolated",Synthetic (World Bank/FAO × FX),historical,False,,452746.76,306.92,236.09166666666667,145.71923076923076,11.4,12.0,0,1,1,1,0,0,0,0,1,0,0,0,0,0,0,0,0,0,0,0,0.8660254037844387,-0.4999999999999998,0.970941817426052,-0.2393156642875575,0,1432.91,428312.97,428312.97,451160.83,434894.34,408067.67,393356.21,385800.9,432810.02999999997,5574.2422621748465,437918.8075,8996.920803958796,436364.3991666666,11828.310979588914,415243.2392307693,21850.67625253593,439789.26,428312.97,451160.83,408067.67,2.679416875935381,-2.5205135827061964,7.773610195583491,13.993839827745337,4.23,2.679416875935381,1.615,12.994053210427367,1.48,0,0,0.333,394783.9,483,2019,2
Hibiscus,2019-04-15,439789.26,NGN,NGN/MT,Historical (World Bank/FAOSTAT/NEPC),wholesale,National,,,0.7,False,"Synthetic historical — verified annual anchors, weekly interpolated",Synthetic (World Bank/FAO × FX),historical,False,,439789.26,306.92,236.7192307692308,144.58125,11.4,12.0,0,1,1,1,0,0,0,0,1,0,0,0,0,0,0,0,0,0,0,0,0.8660254037844387,-0.4999999999999998,0.9350162426854148,-0.3546048870425354,0,1432.91,439789.26,428312.97,434824.92,434894.34,408067.67,393356.21,396767.12,434051.115,6625.839120799381,438530.6725,8928.031668685397,439007.865,7782.078466115187,417029.12576923077,21887.752050357914,439789.26,428312.97,451160.83,428312.97,0.0,1.141687095578603,7.773610195583491,10.84317168216964,4.082,-2.679416875935381,1.541,12.994053210427367,1.479,0,0,0.333,394783.9,484,2019,2
Hibiscus,2019-04-22,439789.26,NGN,NGN/MT,Historical (World Bank/FAOSTAT/NEPC),wholesale,National,,,0.7,False,"Synthetic historical — verified annual anchors, weekly interpolated",Synthetic (World Bank/FAO × FX),historical,False,,430799.57,306.92,236.7192307692308,144.58125,11.4,12.0,0,1,1,1,0,0,0,0,1,0,0,0,0,0,0,0,0,0,0,0,0.8660254037844387,-0.4999999999999998,0.8854560256532099,-0.4647231720437685,0,1432.91,439789.26,439789.26,428312.97,434894.34,445030.16,393356.21,408610.51,436920.1875,5738.14500000119,439142.53750000003,8810.175485183876,438571.12333333335,7557.1869433171605,418815.0123076923,21772.95097656676,439789.26,428312.97,451160.83,428312.97,0.0,2.679416875935381,-1.177650521483753,7.630432707176338,4.323,0.0,1.475,12.994053210427367,1.479,0,0,0.333,394783.9,485,2019,2
Hibiscus,2019-04-29,441271.27,NGN,NGN/MT,Historical (World Bank/FAOSTAT/NEPC),wholesale,National,,,0.7,False,"Synthetic historical — verified annual anchors, weekly interpolated",Synthetic (World Bank/FAO × FX),historical,False,,441271.27,306.92,236.7192307692308,144.58125,11.4,12.0,0,1,1,1,0,0,0,0,1,0,0,0,0,0,0,0,0,0,0,0,0.8660254037844387,-0.4999999999999998,0.8229838658936565,-0.5680647467311557,0,1437.74,439789.26,439789.26,428312.97,451160.83,445030.16,400423.16,408906.92,440159.7625,741.0050000077639,437906.3425,7475.685036693924,438257.8825,7339.903510530237,420386.09346153843,21866.305072548126,441271.27,439789.26,451160.83,428312.97,0.3369818535359448,3.0254278781238098,-0.844637136503279,7.91484526600823,4.704,0.3369818535359448,1.489,12.99741735621102,1.479,0,0,0.333,396114.25,486,2019,2
Hibiscus,2019-05-06,444107.08,NGN,NGN/MT,Historical (World Bank/FAOSTAT/NEPC),wholesale,National,,,0.7,False,"Synthetic historical — verified annual anchors, weekly interpolated",Synthetic (World Bank/FAO × FX),historical,False,,444107.08,306.92,236.7192307692308,144.58125,11.4,12.0,0,1,1,1,0,0,0,0,1,0,1,0,0,0,0,0,0,1,0,0,0.4999999999999999,-0.8660254037844387,0.7485107481711013,-0.663122658240795,0,1446.98,441271.27,439789.26,439789.26,451160.83,434894.34,400423.16,408906.92,441239.2175,2035.5520287551378,437024.62375,5949.181821278147,439025.61083333334,7437.269970174811,422066.2442307692,21949.171607439428,444107.08,439789.26,451160.83,428312.97,0.6426455091898431,0.9817929614743148,2.1183858129770083,8.608355172859405,4.543,0.3056636556538983,1.565,13.00382323521511,1.479,0,0,0.333,398659.86,487,2019,2
Hibiscus,2019-05-13,471140.18,NGN,NGN/MT,Historical (World Bank/FAOSTAT/NEPC),wholesale,National,,,0.7,False,"Synthetic historical — verified annual anchors, weekly interpolated",Synthetic (World Bank/FAO × FX),historical,False,,482231.94,306.92,202.46666666666667,137.31199999999998,11.4,12.0,0,1,1,1,0,0,0,0,1,0,1,0,0,0,0,0,0,1,0,0,0.4999999999999999,-0.8660254037844387,0.6631226582407952,-0.7485107481711012,0,1535.06,444107.08,441271.27,439789.26,434824.92,434894.34,400423.16,408906.92,449076.9475,14817.507118813779,441564.03125,13319.867376265314,442046.0975,11728.91108765021,424786.1296153847,23487.562022518614,471140.18,439789.26,471140.18,428312.97,6.08706801071488,7.128623377478571,8.33440140885715,15.219419617550134,5.718,5.444422501525037,2.694,13.062913073306861,1.307,0,0,0.333,422926.55,488,2019,2
Hibiscus,2019-05-20,471140.18,NGN,NGN/MT,Historical (World Bank/FAOSTAT/NEPC),wholesale,National,,,0.7,False,"Synthetic historical — verified annual anchors, weekly interpolated",Synthetic (World Bank/FAO × FX),historical,False,,471140.18,306.92,202.46666666666667,137.31199999999998,11.4,12.0,0,1,1,1,0,0,0,0,1,0,1,0,0,0,0,0,0,1,0,0,0.4999999999999999,-0.8660254037844387,0.5680647467311558,-0.8229838658936564,0,1535.06,471140.18,444107.08,439789.26,428312.97,434894.34,398652.06,391107.56,456914.6775,16466.942588998074,446917.4325,15637.95190979731,445066.58416666667,14139.174571053278,427574.13423076924,24539.967745144728,471140.18,441271.27,471140.18,428312.97,0.0,7.128623377478571,8.33440140885715,20.463071590843196,6.862,-6.08706801071488,2.487,13.062913073306861,1.307,0,0,0.333,422926.55,489,2019,2
Hibiscus,2019-05-27,471140.18,NGN,NGN/MT,Historical (World Bank/FAOSTAT/NEPC),wholesale,National,,,0.7,False,"Synthetic historical — verified annual anchors, weekly interpolated",Synthetic (World Bank/FAO × FX),historical,False,,458890.22,306.92,202.46666666666667,137.31199999999998,11.4,12.0,0,1,1,1,0,0,0,0,1,0,1,0,0,0,0,0,0,1,0,0,0.4999999999999999,-0.8660254037844387,0.464723172043769,-0.8854560256532096,0,1535.06,471140.18,471140.18,441271.27,428312.97,451160.83,398652.06,391107.56,464381.905,13516.549999999856,452270.83375000005,15689.682740663691,446731.52999999997,15978.698504644535,430362.1388461538,25230.669572054245,471140.18,444107.08,471140.18,428312.97,0.0,6.768831789116914,4.428431874283056,20.463071590843196,7.905,0.0,2.316,13.062913073306861,1.307,0,0,0.333,422926.55,490,2019,2
Hibiscus,2019-06-03,473596.7,NGN,NGN/MT,Historical (World Bank/FAOSTAT/NEPC),wholesale,National,,,0.7,False,"Synthetic historical — verified annual anchors, weekly interpolated",Synthetic (World Bank/FAO × FX),historical,False,,493478.21,306.92,202.46666666666667,137.31199999999998,11.4,12.0,0,1,1,0,0,0,0,1,0,0,1,0,0,0,0,0,0,1,1,0,1.2246467991473532e-16,-1.0,0.3546048870425358,-0.9350162426854148,0,1543.06,471140.18,471140.18,444107.08,439789.26,451160.83,398652.06,419300.1,471754.31,1228.2600000000093,456496.76375,16385.089147652998,448601.1858333333,17757.65691531689,433244.625,25738.94983637519,473596.7,471140.18,473596.7,428312.97,0.5213989602839586,6.640204880318512,4.972920632316424,12.94934105667993,8.889,0.5213989602839586,2.254,13.068113506121222,1.307,0,0,0.333,425131.69,491,2019,2
Hibiscus,2019-06-10,473596.7,NGN,NGN/MT,Historical (World Bank/FAOSTAT/NEPC),wholesale,National,,,0.7,False,"Synthetic historical — verified annual anchors, weekly interpolated",Synthetic (World Bank/FAO × FX),historical,False,,473596.7,306.92,185.61166666666668,135.6,11.4,12.0,0,1,1,0,0,0,0,1,0,0,1,0,0,0,0,0,0,0,1,0,1.2246467991473532e-16,-1.0,0.2393156642875576,-0.970941817426052,0,1543.06,473596.7,471140.18,471140.18,439789.26,434824.92,399222.6,419588.05,472368.44,1418.272483269706,460722.69375000003,15810.020727890736,451832.1675,18533.50157791524,436105.1673076923,25938.681523195748,473596.7,471140.18,473596.7,428312.97,0.0,0.5213989602839586,8.916641668099423,12.871827498423748,8.315,-0.5213989602839586,2.11,13.068113506121222,1.229,0,0,0.333,425131.69,492,2019,2
Hibiscus,2019-06-17,473596.7,NGN,NGN/MT,Historical (World Bank/FAOSTAT/NEPC),wholesale,National,,,0.7,False,"Synthetic historical — verified annual anchors, weekly interpolated",Synthetic (World Bank/FAO × FX),historical,False,,460291.3,306.92,185.61166666666668,135.6,11.4,12.0,0,1,1,0,0,0,0,1,0,0,1,0,0,0,0,0,0,0,1,0,1.2246467991473532e-16,-1.0,0.120536680255323,-0.992708874098054,0,1543.06,473596.7,473596.7,471140.18,439789.26,428312.97,399222.6,419588.05,472982.57000000007,1228.2600000000093,464948.62375,13806.627815005235,455605.8116666667,17908.999841279892,438965.7096153846,25809.239409025427,473596.7,471140.18,473596.7,428312.97,0.0,0.5213989602839586,10.572579672289638,12.871827498423748,7.749,0.0,1.985,13.068113506121222,1.229,0,0,0.333,425131.69,493,2019,2
Hibiscus,2019-06-24,480139.05,NGN,NGN/MT,Historical (World Bank/FAOSTAT/NEPC),wholesale,National,,,0.7,False,"Synthetic historical — verified annual anchors, weekly interpolated",Synthetic (World Bank/FAO × FX),historical,False,,494090.28,306.92,185.61166666666668,135.6,11.4,12.0,0,1,1,0,0,0,0,1,0,0,1,0,0,0,0,0,0,0,1,0,1.2246467991473532e-16,-1.0,-3.216245299353273e-16,-1.0,0,1564.38,473596.7,473596.7,471140.18,441271.27,428312.97,385761.31,418877.09,475232.2875,3271.174999999998,469807.09625,10794.540486101045,459924.6516666667,16952.358532599515,442595.62269230775,24637.267542653488,480139.05,473596.7,480139.05,439789.26,1.3814179870763388,1.9100196463821106,12.100049176656968,14.62528303947106,7.374,1.3814179870763388,2.092,13.081833111160575,1.229,0,0,0.333,431004.53,494,2019,2
Hibiscus,2019-07-01,480139.05,NGN,NGN/MT,Historical (World Bank/FAOSTAT/NEPC),wholesale,National,,,0.7,False,"Synthetic historical — verified annual anchors, weekly interpolated",Synthetic (World Bank/FAO × FX),historical,False,,480139.05,306.92,185.61166666666668,135.6,11.1,11.6,0,1,1,0,0,0,1,1,0,0,1,0,0,0,0,0,0,0,1,0,-0.4999999999999997,-0.8660254037844388,-0.1205366802553228,-0.992708874098054,0,1564.38,480139.05,473596.7,473596.7,444107.08,439789.26,385761.31,418877.09,476867.875,3777.22753363277,474311.09249999997,3772.5570226547843,463287.1341666667,16593.316008262656,446225.53576923074,22813.733268723627,480139.05,473596.7,480139.05,439789.26,0.0,1.3814179870763388,9.17480113088709,14.62528303947106,6.867,-1.3814179870763388,1.968,13.081833111160575,1.229,0,0,0.333,432168.36,495,2019,3
Hibiscus,2019-07-08,469801.95,NGN,NGN/MT,Historical (World Bank/FAOSTAT/NEPC),wholesale,National,,,0.7,False,"Synthetic historical — verified annual anchors, weekly interpolated",Synthetic (World Bank/FAO × FX),historical,False,,457797.04,306.92,185.61166666666668,135.6,11.1,11.6,0,1,1,0,0,0,1,1,0,0,1,0,0,0,0,0,0,0,1,0,-0.4999999999999997,-0.8660254037844388,-0.2393156642875574,-0.970941817426052,0,1530.7,480139.05,480139.05,473596.7,471140.18,439789.26,397977.86,418877.09,475919.1875,5113.023301885589,474143.81375000003,3958.3389009841576,465788.19166666665,14905.608368605912,448988.0007692308,21015.478293370168,480139.05,469801.95,480139.05,439789.26,-2.1529388205354216,-0.8012619175767011,6.824334455097891,12.157470822765681,5.998,-2.1529388205354216,1.536,13.060068630455008,1.229,0,0,0.333,422864.04,496,2019,3
Hibiscus,2019-07-15,460088.11,NGN,NGN/MT,Historical (World Bank/FAOSTAT/NEPC),wholesale,National,,,0.7,False,"Synthetic historical — verified annual anchors, weekly interpolated",Synthetic (World Bank/FAO × FX),historical,False,,469801.95,306.92,188.84333333333333,137.494,11.1,11.6,0,1,1,0,0,0,1,1,0,0,1,0,0,0,0,0,0,0,1,0,-0.4999999999999997,-0.8660254037844388,-0.3546048870425356,-0.9350162426854148,0,1499.05,469801.95,480139.05,473596.7,471140.18,439789.26,408067.67,424619.14,472542.04,9627.003471714317,472762.305,6357.802728912006,467479.7625,12671.221186069493,450988.78692307696,19376.18680347666,480139.05,460088.11,480139.05,441271.27,-2.067645738805479,-2.85234039848673,4.615585655729748,8.35312557978427,4.779,0.08529308172994243,1.165,13.039175467095792,1.249,0,0,0.333,414120.71,497,2019,3
Hibiscus,2019-07-22,460088.11,NGN,NGN/MT,Historical (World Bank/FAOSTAT/NEPC),wholesale,National,,,0.7,False,"Synthetic historical — verified annual anchors, weekly interpolated",Synthetic (World Bank/FAO × FX),historical,False,,460088.11,306.92,188.84333333333333,137.494,11.1,11.6,0,1,1,0,0,0,1,1,0,0,1,0,0,0,0,0,0,0,1,0,-0.4999999999999997,-0.8660254037844388,-0.464723172043768,-0.8854560256532101,0,1499.05,460088.11,469801.95,480139.05,471140.18,441271.27,408067.67,424619.14,467529.305,9572.762581357176,471380.79624999996,7798.232279086598,469047.8325,10019.996529978811,452989.573076923,17346.364463535712,480139.05,460088.11,480139.05,444107.08,0.0,-4.176069411559002,4.264234107060716,8.35312557978427,3.21,2.067645738805479,1.127,13.039175467095792,1.249,0,0,0.333,414120.71,498,2019,3
Hibiscus,2019-07-29,460088.11,NGN,NGN/MT,Historical (World Bank/FAOSTAT/NEPC),wholesale,National,,,0.7,False,"Synthetic historical — verified annual anchors, weekly interpolated",Synthetic (World Bank/FAO × FX),historical,False,,452898.81,306.92,188.84333333333333,137.494,11.1,11.6,0,1,1,0,0,0,1,1,0,0,1,0,0,0,0,0,0,0,1,0,-0.4999999999999997,-0.8660254037844388,-0.5680647467311556,-0.8229838658936565,0,1499.05,460088.11,460088.11,480139.05,473596.7,444107.08,445030.16,408157.51,462516.57,4856.919999999801,469692.22250000003,8664.305013661204,470379.585,7015.284290386225,453568.72500000003,17321.3453654899,469801.95,460088.11,480139.05,460088.11,0.0,-4.176069411559002,3.5984632354881585,12.723176403148862,1.973,0.0,1.085,13.039175467095792,1.249,0,0,0.333,414120.71,499,2019,3
Hibiscus,2019-08-05,476378.5,NGN,NGN/MT,Historical (World Bank/FAOSTAT/NEPC),wholesale,National,,,0.7,False,"Synthetic historical — verified annual anchors, weekly interpolated",Synthetic (World Bank/FAO × FX),historical,False,,476378.5,306.92,188.84333333333333,137.494,11.1,11.6,0,1,0,0,1,0,1,1,0,0,1,0,0,0,0,1,0,0,1,0,-0.8660254037844384,-0.5000000000000004,-0.663122658240795,-0.7485107481711013,0,1552.13,460088.11,460088.11,469801.95,473596.7,471140.18,445030.16,405648.6,464160.7075,8145.194999999997,470039.9475,8896.10934576203,470816.11166666663,7226.706533150013,454774.43038461544,17787.981350022947,476378.5,460088.11,480139.05,460088.11,3.540710930347668,1.399855832867436,1.1118389435602838,17.436249009610783,2.064,3.540710930347668,1.547,13.073970084471089,1.249,0,0,0.333,428783.53,500,2019,3
Hibiscus,2019-08-12,476378.5,NGN,NGN/MT,Historical (World Bank/FAOSTAT/NEPC),wholesale,National,,,0.7,False,"Synthetic historical — verified annual anchors, weekly interpolated",Synthetic (World Bank/FAO × FX),historical,False,,490050.44,306.92,235.9284615384616,144.58333333333334,11.1,11.6,0,1,0,0,1,0,1,1,0,0,1,0,0,0,0,1,0,0,1,0,-0.8660254037844384,-0.5000000000000004,-0.7485107481711011,-0.6631226582407952,0,1552.13,476378.5,460088.11,460088.11,473596.7,471140.18,434894.34,405648.6,468233.305,9405.261051703961,470387.6725,9106.863883014528,471252.63833333337,7404.093694440588,456369.97500000003,17793.970905734626,476378.5,460088.11,480139.05,460088.11,0.0,3.540710930347668,1.1118389435602838,17.436249009610783,2.599,-3.540710930347668,1.478,13.073970084471089,1.476,0,0,0.333,428783.53,501,2019,3
Hibiscus,2019-08-19,471328.09,NGN,NGN/MT,Historical (World Bank/FAOSTAT/NEPC),wholesale,National,,,0.7,False,"Synthetic historical — verified annual anchors, weekly interpolated",Synthetic (World Bank/FAO × FX),historical,False,,444052.92,306.92,235.9284615384616,144.58333333333334,11.1,11.6,0,1,0,0,1,0,1,1,0,0,1,0,0,0,0,1,0,0,1,0,-0.8660254037844384,-0.5000000000000004,-0.8229838658936564,-0.5680647467311559,0,1535.67,476378.5,476378.5,460088.11,480139.05,471140.18,434894.34,411225.29,471043.30000000005,7681.710125577447,469286.3025,8251.715695174145,471268.29750000004,7404.032938877801,457771.27307692304,17466.680024255515,476378.5,460088.11,480139.05,460088.11,-1.060167492865438,2.4430059711823437,0.039884095642195305,14.615540790305005,2.899,-1.060167492865438,1.264,13.063311833901166,1.476,0,0,0.333,424237.7,502,2019,3
Hibiscus,2019-08-26,444052.92,NGN,NGN/MT,Historical (World Bank/FAOSTAT/NEPC),wholesale,National,,,0.7,False,"Synthetic historical — verified annual anchors, weekly interpolated",Synthetic (World Bank/FAO × FX),historical,False,,471328.09,306.92,235.9284615384616,144.58333333333334,11.1,11.6,0,1,0,0,1,0,1,1,0,0,1,0,0,0,0,1,0,0,1,0,-0.8660254037844384,-0.5000000000000004,-0.8854560256532096,-0.4647231720437691,0,1446.8,471328.09,476378.5,460088.11,480139.05,473596.7,434894.34,411225.29,467034.5025,15504.930467268307,464775.53625,10907.409344067328,468806.31583333336,10726.076173603242,458123.5261538461,17074.818632003124,476378.5,444052.92,480139.05,444052.92,-5.786875549895621,-3.4852432939421085,-6.23817268997019,7.9828820839302095,1.945,-4.726708057030183,0.389,13.003701275482388,1.476,0,0,0.333,399687.6,503,2019,3
Hibiscus,2019-09-02,443423.81,NGN,NGN/MT,Historical (World Bank/FAOSTAT/NEPC),wholesale,National,,,0.7,False,"Synthetic historical — verified annual anchors, weekly interpolated",Synthetic (World Bank/FAO × FX),historical,False,,441216.33,306.92,235.9284615384616,144.58333333333334,11.1,11.6,0,1,0,0,1,1,0,0,0,0,0,0,0,0,0,1,0,0,0,0,-1.0,-1.8369701987210287e-16,-0.9350162426854148,-0.3546048870425359,0,1444.75,444052.92,471328.09,476378.5,469801.95,473596.7,451160.83,406048.56,458795.82999999996,17510.57032371213,461478.26875,12963.997648045124,466291.9083333334,12831.044355934728,457825.9484615385,17267.351777977943,476378.5,443423.81,480139.05,443423.81,-0.1416745553660559,-6.917753425060114,-6.371009341914757,9.204625673343102,0.212,5.645200994529565,0.349,13.002283528590862,1.476,0,0,0.667,399121.34,504,2019,3
Hibiscus,2019-09-09,442002.68,NGN,NGN/MT,Historical (World Bank/FAOSTAT/NEPC),wholesale,National,,,0.7,False,"Synthetic historical — verified annual anchors, weekly interpolated",Synthetic (World Bank/FAO × FX),historical,False,,443423.81,306.92,233.15666666666664,151.78636363636363,11.1,11.6,0,1,0,0,1,1,0,0,0,0,0,0,0,0,0,1,0,0,0,0,-1.0,-1.8369701987210287e-16,-0.970941817426052,-0.2393156642875577,0,1440.12,443423.81,444052.92,476378.5,460088.11,473596.7,451160.83,393636.91,450201.875,14110.227633534834,459217.59,14701.493187782722,463659.0733333333,14347.68743479498,457473.7119230769,17500.58527164828,471328.09,442002.68,480139.05,442002.68,-0.3204902325835923,-7.2160729336021685,-6.671081111840527,12.286899112179306,-1.59,-0.17881567721753644,0.278,12.99907348681703,1.486,0,0,0.667,397842.2,505,2019,3
Hibiscus,2019-09-16,442002.68,NGN,NGN/MT,Historical (World Bank/FAOSTAT/NEPC),wholesale,National,,,0.7,False,"Synthetic historical — verified annual anchors, weekly interpolated",Synthetic (World Bank/FAO × FX),historical,False,,442002.68,306.92,233.15666666666664,151.78636363636363,11.1,11.6,0,1,0,0,1,1,0,0,0,0,0,0,0,0,0,1,0,0,0,0,-1.0,-1.8369701987210287e-16,-0.992708874098054,-0.1205366802553235,0,1440.12,442002.68,443423.81,471328.09,460088.11,480139.05,434824.92,393636.91,442870.5225,1034.4873312080838,456956.91125,15890.910643711853,460481.0425,14587.132136158016,457749.7796153846,17182.742070818276,444052.92,442002.68,480139.05,442002.68,0.0,-6.221867659107705,-7.942776160364373,12.286899112179306,-3.251,0.3204902325835923,0.252,12.99907348681703,1.486,0,0,0.667,397842.2,506,2019,3
Hibiscus,2019-09-23,442002.68,NGN,NGN/MT,Historical (World Bank/FAOSTAT/NEPC),wholesale,National,,,0.7,False,"Synthetic historical — verified annual anchors, weekly interpolated",Synthetic (World Bank/FAO × FX),historical,False,,438336.12,306.92,233.15666666666664,151.78636363636363,11.1,11.6,0,1,0,0,1,1,0,0,0,0,0,0,0,0,0,1,0,0,0,0,-1.0,-1.8369701987210287e-16,-1.0,-1.8369701987210287e-16,0,1440.12,442002.68,442002.68,444052.92,460088.11,480139.05,428312.97,393636.91,442357.96249999997,710.5650000036322,454696.2325,16650.12469702729,457303.01166666666,14059.75147076032,458276.3069230769,16438.251739916584,443423.81,442002.68,476378.5,442002.68,0.0,-0.46171073483763925,-7.942776160364373,12.286899112179306,-3.474,0.0,0.226,12.99907348681703,1.486,0,0,0.667,397842.2,507,2019,3
Hibiscus,2019-09-30,442002.68,NGN,NGN/MT,Historical (World Bank/FAOSTAT/NEPC),wholesale,National,,,0.7,False,"Synthetic historical — verified annual anchors, weekly interpolated",Synthetic (World Bank/FAO × FX),historical,False,,450655.04,306.92,233.15666666666664,151.78636363636363,11.1,11.6,0,1,0,0,1,1,0,0,0,0,0,0,0,0,0,1,0,0,0,0,-1.0,-1.8369701987210287e-16,-0.992708874098054,0.1205366802553232,0,1440.12,442002.68,442002.68,443423.81,476378.5,469801.95,428312.97,393356.21,442002.68,0.002289394729946501,450399.255,14559.631044337044,454986.4058333333,14103.253861239195,458802.8342307692,15639.98001806657,442002.68,442002.68,476378.5,442002.68,0.0,-0.3204902325835923,-5.917231718599725,12.367027331283253,-3.662,0.0,0.199,12.99907348681703,1.486,0,0,0.667,397842.2,508,2019,3
Hibiscus,2019-10-07,449321.79,NGN,NGN/MT,Historical (World Bank/FAOSTAT/NEPC),wholesale,National,,,0.7,False,"Synthetic historical — verified annual anchors, weekly interpolated",Synthetic (World Bank/FAO × FX),historical,False,,438782.17,306.92,233.15666666666664,151.78636363636363,11.1,11.6,0,1,0,0,0,1,0,0,0,1,0,1,0,1,1,1,1,0,0,0,-0.8660254037844386,0.5000000000000001,-0.970941817426052,0.2393156642875573,0,1463.97,442002.68,442002.68,442002.68,476378.5,460088.11,439789.26,393356.21,443832.45749999996,3659.5550000006847,447017.16624999995,10132.06761146969,454089.21249999997,14091.649625436381,459169.47000000003,15284.114108898302,449321.79,442002.68,476378.5,442002.68,1.6558971995373373,1.6558971995373373,-2.3400561253365204,14.227709790065335,-3.34,1.6558971995373373,0.418,13.015496817119296,1.486,0,0,1.0,404430.05,509,2019,4
Hibiscus,2019-10-14,449321.79,NGN,NGN/MT,Historical (World Bank/FAOSTAT/NEPC),wholesale,National,,,0.7,False,"Synthetic historical — verified annual anchors, weekly interpolated",Synthetic (World Bank/FAO × FX),historical,False,,453651.17,306.92,231.66666666666663,144.34666666666666,11.1,11.6,0,1,0,0,0,1,0,0,0,1,0,1,0,1,1,1,1,0,0,0,-0.8660254037844386,0.5000000000000001,-0.9350162426854148,0.3546048870425355,0,1463.97,449321.79,442002.68,442002.68,471328.09,460088.11,439789.26,393356.21,445662.235,4225.690128729061,444266.37875,3215.3022669117113,453192.0191666667,14017.529792682451,459536.10576923075,14910.389528935371,449321.79,442002.68,476378.5,442002.68,0.0,1.6558971995373373,-2.3400561253365204,14.227709790065335,-3.019,-1.6558971995373373,0.389,13.015496817119296,1.456,0,0,1.0,404430.05,510,2019,4
Hibiscus,2019-10-21,449321.79,NGN,NGN/MT,Historical (World Bank/FAOSTAT/NEPC),wholesale,National,,,0.7,False,"Synthetic historical — verified annual anchors, weekly interpolated",Synthetic (World Bank/FAO × FX),historical,False,,449321.79,306.92,231.66666666666663,144.34666666666666,11.1,11.6,0,1,0,0,0,1,0,0,0,1,0,1,0,1,1,1,1,0,0,0,-0.8660254037844386,0.5000000000000001,-0.8854560256532101,0.464723172043768,0,1463.97,449321.79,449321.79,442002.68,444052.92,460088.11,439789.26,393356.21,447492.0125,3659.5550000006633,444924.9875,3672.4587920923495,452294.82583333337,13879.892882965441,459902.7415384616,14517.427127346142,449321.79,442002.68,476378.5,442002.68,0.0,1.6558971995373373,-2.3400561253365204,14.227709790065335,-2.699,0.0,0.36,13.015496817119296,1.456,0,0,1.0,404430.05,511,2019,4
Hibiscus,2019-10-28,446774.2,NGN,NGN/MT,Historical (World Bank/FAOSTAT/NEPC),wholesale,National,,,0.7,False,"Synthetic historical — verified annual anchors, weekly interpolated",Synthetic (World Bank/FAO × FX),historical,False,,446774.2,306.92,231.66666666666663,144.34666666666666,11.1,11.6,0,1,0,0,0,1,0,0,0,1,0,1,0,1,1,1,1,0,0,0,-0.8660254037844386,0.5000000000000001,-0.822983865893657,0.5680647467311548,0,1455.67,449321.79,449321.79,442002.68,443423.81,476378.5,441271.27,400423.16,448684.8925,1273.795000001864,445343.78625,3667.8446161384754,449827.8008333333,11664.184072647113,460114.3926923077,14272.987675605573,449321.79,446774.2,476378.5,442002.68,-0.5669856340597135,1.0795228662414447,-6.214449224723618,11.575514263460684,-2.484,-0.5669856340597135,0.24,13.009810838817518,1.456,0,0,1.0,402136.99,512,2019,4
Hibiscus,2019-11-04,442213.59,NGN,NGN/MT,Historical (World Bank/FAOSTAT/NEPC),wholesale,National,,,0.7,False,"Synthetic historical — verified annual anchors, weekly interpolated",Synthetic (World Bank/FAO × FX),historical,False,,437747.89,306.92,231.66666666666663,144.34666666666666,11.1,11.6,1,0,0,0,0,1,0,0,0,1,0,1,1,1,1,0,1,0,0,0,-0.5000000000000004,0.8660254037844384,-0.7485107481711011,0.6631226582407952,1,1440.81,446774.2,449321.79,449321.79,442002.68,476378.5,444107.08,400423.16,446907.8425,3352.0218732922694,445370.14999999997,3641.0588355619093,446980.72500000003,8270.163138179561,460041.56615384616,14362.480580703344,449321.79,442213.59,471328.09,442002.68,-1.0207863390500171,-1.5819842612128765,-7.171799315040451,10.436566656134483,-2.855,-0.45380070499030367,0.044,12.999550540981497,1.456,0,0,0.667,398032.03,513,2019,4
Hibiscus,2019-11-11,442213.59,NGN,NGN/MT,Historical (World Bank/FAOSTAT/NEPC),wholesale,National,,,0.7,False,"Synthetic historical — verified annual anchors, weekly interpolated",Synthetic (World Bank/FAO × FX),historical,False,,442213.59,306.92,233.4333333333333,144.32916666666668,11.1,11.6,1,0,0,0,0,1,0,0,0,1,0,1,1,1,1,0,1,0,0,0,-0.5000000000000004,0.8660254037844384,-0.6631226582407955,0.7485107481711007,1,1440.81,442213.59,446774.2,449321.79,442002.68,471328.09,471140.18,400423.16,445130.7925,3525.402535318474,445396.51375000004,3613.8547397945995,444554.51666666666,3185.837021416448,458929.00499999995,14586.975169466568,449321.79,442213.59,449321.79,442002.68,0.0,-1.5819842612128765,-6.1771196365572045,10.436566656134483,-3.007,1.0207863390500171,0.014,12.999550540981497,1.464,0,0,0.667,398032.03,514,2019,4
Hibiscus,2019-11-18,456762.38,NGN,NGN/MT,Historical (World Bank/FAOSTAT/NEPC),wholesale,National,,,0.7,False,"Synthetic historical — verified annual anchors, weekly interpolated",Synthetic (World Bank/FAO × FX),historical,False,,460197.78,306.92,233.4333333333333,144.32916666666668,11.1,11.6,1,0,0,0,0,1,0,0,0,1,0,1,1,1,1,0,1,0,0,0,-0.5000000000000004,0.8660254037844384,-0.5680647467311559,0.8229838658936564,1,1488.21,442213.59,442213.59,449321.79,442002.68,444052.92,471140.18,398652.06,446990.94,6859.887315552012,447241.47625,5096.964609890747,445613.63833333337,4738.283121064455,458376.0126923077,14376.545859244938,456762.38,442213.59,456762.38,442002.68,3.28999160790151,1.6559601972564009,2.8621498536705925,14.576701296865235,-2.484,3.28999160790151,0.546,13.031920767735661,1.464,0,0,0.667,411127.25,515,2019,4
Hibiscus,2019-11-25,456762.38,NGN,NGN/MT,Historical (World Bank/FAOSTAT/NEPC),wholesale,National,,,0.7,False,"Synthetic historical — verified annual anchors, weekly interpolated",Synthetic (World Bank/FAO × FX),historical,False,,456762.38,306.92,233.4333333333333,144.32916666666668,11.1,11.6,1,0,0,0,0,1,0,0,0,1,0,1,1,1,1,0,1,0,0,0,-0.5000000000000004,0.8660254037844384,-0.4647231720437684,0.88545602565321,1,1488.21,456762.38,442213.59,446774.2,442002.68,443423.81,471140.18,398652.06,449487.985,8399.747822883584,449086.43875,5578.336499324245,446725.1858333333,5653.938569082421,457823.02038461535,14140.517390364053,456762.38,442213.59,456762.38,442002.68,0.0,2.235621483962147,3.008086101646179,14.576701296865235,-1.821,-3.28999160790151,0.516,13.031920767735661,1.464,0,0,0.667,411127.25,516,2019,4
Hibiscus,2019-12-02,442314.17,NGN,NGN/MT,Historical (World Bank/FAOSTAT/NEPC),wholesale,National,,,0.7,False,"Synthetic historical — verified annual anchors, weekly interpolated",Synthetic (World Bank/FAO × FX),historical,False,,428066.94,306.92,233.4333333333333,144.32916666666668,11.1,11.6,1,0,0,0,0,0,0,0,0,1,0,1,1,1,1,0,0,0,0,1,-2.4492935982947064e-16,1.0,-0.3546048870425359,0.9350162426854148,1,1441.14,456762.38,456762.38,442213.59,449321.79,442002.68,473596.7,398652.06,449513.13,8370.813588857673,448210.48625,6065.061043752996,446751.1433333333,5630.954614748332,456619.8461538461,14075.415360626528,456762.38,442213.59,456762.38,442002.68,-3.163178631304975,0.022744665083673787,0.0704724233798748,10.952435564988683,-1.556,-3.163178631304975,-0.111,12.999777961256047,1.464,0,0,0.333,398122.57,517,2019,4
Hibiscus,2019-12-09,442314.17,NGN,NGN/MT,Historical (World Bank/FAOSTAT/NEPC),wholesale,National,,,0.7,False,"Synthetic historical — verified annual anchors, weekly interpolated",Synthetic (World Bank/FAO × FX),historical,False,,442314.17,306.92,232.16666666666663,144.225,11.1,11.6,1,0,0,0,0,0,0,0,0,1,0,1,1,1,1,0,0,0,0,1,-2.4492935982947064e-16,1.0,-0.2393156642875578,0.970941817426052,1,1441.14,442314.17,456762.38,442213.59,449321.79,442002.68,473596.7,399222.6,449538.275,8341.677932808507,447334.53375,6379.520417357301,446777.10083333333,5607.745385851574,455416.67192307685,13902.134237720229,456762.38,442314.17,456762.38,442002.68,0.0,0.022744665083673787,0.0704724233798748,10.793870387097314,-1.291,3.163178631304975,-0.151,12.999777961256047,1.458,0,0,0.333,398122.57,518,2019,4
Hibiscus,2019-12-16,442314.17,NGN,NGN/MT,Historical (World Bank/FAOSTAT/NEPC),wholesale,National,,,0.7,False,"Synthetic historical — verified annual anchors, weekly interpolated",Synthetic (World Bank/FAO × FX),historical,False,,450940.85,306.92,232.16666666666663,144.225,11.1,11.6,1,0,0,0,0,0,0,0,0,1,0,1,1,1,1,0,0,0,0,1,-2.4492935982947064e-16,1.0,-0.1205366802553236,0.992708874098054,1,1441.14,442314.17,442314.17,456762.38,449321.79,442002.68,473596.7,399222.6,445926.2225,7224.105000000327,446458.58125,6546.585672912148,446803.05833333335,5584.308073567405,454213.4976923077,13616.544658447077,456762.38,442314.17,456762.38,442002.68,0.0,-3.163178631304975,0.0704724233798748,10.793870387097314,-1.825,0.0,-0.196,12.999777961256047,1.458,0,0,0.333,398122.57,519,2019,4
Hibiscus,2019-12-23,448188.66,NGN,NGN/MT,Historical (World Bank/FAOSTAT/NEPC),wholesale,National,,,0.7,False,"Synthetic historical — verified annual anchors, weekly interpolated",Synthetic (World Bank/FAO × FX),historical,False,,418913.77,306.92,232.16666666666663,144.225,11.1,11.6,1,0,0,0,0,0,0,0,0,1,0,1,1,1,1,0,0,0,0,1,-2.4492935982947064e-16,1.0,6.432490598706546e-16,1.0,1,1460.28,442314.17,442314.17,456762.38,446774.2,442002.68,480139.05,385761.31,443782.7925,2937.2449999999953,446635.38875,6575.364823760735,447318.55666666664,5382.774383675732,452984.6365384615,12585.958882064768,448188.66,442314.17,456762.38,442213.59,1.3281261145217105,-1.8770635182345896,1.399534500560029,16.18289558380024,-2.031,1.3281261145217105,0.02,13.012971770024835,1.458,0,0,0.333,403410.14,520,2019,4
Hibiscus,2019-12-30,448188.66,NGN,NGN/MT,Historical (World Bank/FAOSTAT/NEPC),wholesale,National,,,0.7,False,"Synthetic historical — verified annual anchors, weekly interpolated",Synthetic (World Bank/FAO × FX),historical,False,,448188.66,306.92,232.16666666666663,144.225,11.1,11.6,1,0,0,0,0,0,0,0,0,1,0,1,1,1,1,0,0,0,0,1,-2.4492935982947064e-16,1.0,0.120536680255323,0.992708874098054,1,1460.28,448188.66,442314.17,442314.17,442213.59,449321.79,480139.05,385761.31,445251.415,3391.6383828517596,447382.2725,6336.3534202175,447224.12916666665,5354.301568161104,451755.7753846154,11325.256115287975,448188.66,442314.17,456762.38,442213.59,0.0,1.3281261145217105,-0.2521867457173643,16.18289558380024,-1.44,-1.3281261145217105,-0.044,13.012971770024835,1.458,0,0,0.333,403410.14,521,2019,4
Hibiscus,2020-01-06,465557.61,NGN,NGN/MT,Historical (World Bank/FAOSTAT/NEPC),wholesale,National,,,0.7,False,"Synthetic historical — verified annual anchors, weekly interpolated",Synthetic (World Bank/FAO × FX),historical,False,,465557.61,358.81,232.16666666666663,144.225,11.1,11.6,1,0,0,0,0,0,0,0,0,1,0,0,1,0,0,0,0,0,0,1,0.4999999999999999,0.8660254037844387,0.2393156642875577,0.970941817426052,1,1297.5,448188.66,448188.66,442314.17,442213.59,449321.79,469801.95,397977.86,451062.27499999997,10052.518825145276,450300.27499999997,8590.321201331913,448577.1141666666,7538.4078116532455,451592.53153846145,11082.723510107406,465557.61,442314.17,465557.61,442213.59,3.875365789040708,5.254961648639922,3.613405884455334,16.9807812927081,-0.117,3.875365789040708,0.915,13.050993275399767,1.458,0,0,0.0,419043.75,522,2020,1
Hibiscus,2020-01-13,465557.61,NGN,NGN/MT,Historical (World Bank/FAOSTAT/NEPC),wholesale,National,,,0.7,False,"Synthetic historical — verified annual anchors, weekly interpolated",Synthetic (World Bank/FAO × FX),historical,False,,483131.03,358.81,236.5727272727273,144.32416666666666,11.1,11.6,1,0,0,0,0,0,0,0,0,1,0,0,1,0,0,0,0,0,0,1,0.4999999999999999,0.8660254037844387,0.3546048870425356,0.9350162426854148,1,1297.5,465557.61,448188.66,442314.17,456762.38,449321.79,460088.11,408067.67,456873.135,10027.967958041181,451399.67874999996,9985.083802648947,449930.0991666666,8999.592876696477,451802.89692307694,11300.207041655118,465557.61,448188.66,465557.61,442213.59,0.0,5.254961648639922,3.613405884455334,14.088334907786248,1.122,-3.875365789040708,0.901,13.050993275399767,1.478,0,0,0.0,419043.75,523,2020,1
Hibiscus,2020-01-20,464123.56,NGN,NGN/MT,Historical (World Bank/FAOSTAT/NEPC),wholesale,National,,,0.7,False,"Synthetic historical — verified annual anchors, weekly interpolated",Synthetic (World Bank/FAO × FX),historical,False,,464123.56,358.81,236.5727272727273,144.32416666666666,11.1,11.6,1,0,0,0,0,0,0,0,0,1,0,0,1,0,0,0,0,0,0,1,0.4999999999999999,0.8660254037844387,0.4647231720437685,0.8854560256532099,1,1293.51,465557.61,465557.61,448188.66,456762.38,446774.2,460088.11,408067.67,460856.86,8472.479394191572,452319.82625,10851.454858449411,451375.8791666667,9804.13022698992,451958.1065384615,11445.339002212962,465557.61,448188.66,465557.61,442213.59,-0.3080284736404537,3.555400085312299,3.88325019663176,13.736910351167975,1.969,-0.3080284736404537,0.8,13.047908243458464,1.478,0,0,0.0,417752.98,524,2020,1
Hibiscus,2020-01-27,451807.52,NGN,NGN/MT,Historical (World Bank/FAOSTAT/NEPC),wholesale,National,,,0.7,False,"Synthetic historical — verified annual anchors, weekly interpolated",Synthetic (World Bank/FAO × FX),historical,False,,449280.43,358.81,236.5727272727273,144.32416666666666,11.1,11.6,1,0,0,0,0,0,0,0,0,1,0,0,1,0,0,0,0,0,0,1,0.4999999999999999,0.8660254037844387,0.5680647467311558,0.8229838658936564,1,1259.18,464123.56,465557.61,448188.66,442314.17,442213.59,460088.11,445030.16,461761.57499999995,6670.380986762841,453506.495,10093.578911774774,452175.3733333333,9370.646356626492,451639.6223076923,11324.633512081364,465557.61,451807.52,465557.61,442213.59,-2.65361232685537,0.8074412235240525,2.1695240076181177,1.522899032281333,2.241,-2.3455838532149165,-0.055,13.021013740739958,1.478,0,0,0.0,406667.43,525,2020,1
Hibiscus,2020-02-03,451807.52,NGN,NGN/MT,Historical (World Bank/FAOSTAT/NEPC),wholesale,National,,,0.7,False,"Synthetic historical — verified annual anchors, weekly interpolated",Synthetic (World Bank/FAO × FX),historical,False,,451807.52,358.81,236.5727272727273,144.32416666666666,11.1,11.6,1,0,0,0,0,0,0,0,1,1,0,0,1,0,0,0,0,0,0,0,0.8660254037844386,0.5000000000000001,0.6631226582407952,0.7485107481711011,1,1259.18,451807.52,464123.56,465557.61,442314.17,442213.59,476378.5,445030.16,458324.0525,7547.384381260335,454693.16375,9098.785335768414,452974.8675,8837.559527250685,450694.5846153846,10140.963903884292,465557.61,451807.52,465557.61,442314.17,0.0,-2.953466918949077,2.1695240076181177,1.522899032281333,1.693,2.65361232685537,-0.064,13.021013740739958,1.478,0,0,0.0,406667.43,526,2020,1
Hibiscus,2020-02-10,475685.21,NGN,NGN/MT,Historical (World Bank/FAOSTAT/NEPC),wholesale,National,,,0.7,False,"Synthetic historical — verified annual anchors, weekly interpolated",Synthetic (World Bank/FAO × FX),historical,False,,475685.21,358.81,229.79,143.97222222222223,11.1,11.6,1,0,0,0,0,0,0,0,1,1,0,0,1,0,0,0,0,0,0,0,0.8660254037844386,0.5000000000000001,0.7485107481711011,0.6631226582407953,1,1325.73,451807.52,451807.52,465557.61,442314.17,456762.38,476378.5,434894.34,460855.9525,11464.908753663309,458864.54375,10196.207227404058,454551.77,10998.768484658449,450667.9196153846,10071.401260101507,475685.21,451807.52,475685.21,442314.17,5.284925315098787,2.175369875277089,4.142817103282459,9.37948973996765,2.261,5.284925315098787,1.518,13.072513693141664,1.447,0,0,0.0,428159.5,527,2020,1
Hibiscus,2020-02-17,475685.21,NGN,NGN/MT,Historical (World Bank/FAOSTAT/NEPC),wholesale,National,,,0.7,False,"Synthetic historical — verified annual anchors, weekly interpolated",Synthetic (World Bank/FAO × FX),historical,False,,478701.05,358.81,229.79,143.97222222222223,11.1,11.6,1,0,0,0,0,0,0,0,1,1,0,0,1,0,0,0,0,0,0,0,0.8660254037844386,0.5000000000000001,0.8229838658936564,0.5680647467311559,1,1325.73,475685.21,451807.52,464123.56,448188.66,456762.38,471328.09,434894.34,463746.365,13785.790749126434,462301.6125,10705.08076490342,456128.67250000004,12586.421333028651,450835.50115384615,10457.762836368636,475685.21,451807.52,475685.21,442314.17,0.0,2.491071558616853,4.142817103282459,9.37948973996765,2.864,-5.284925315098787,1.457,13.072513693141664,1.447,0,0,0.0,428159.5,528,2020,1
Hibiscus,2020-02-24,475685.21,NGN,NGN/MT,Historical (World Bank/FAOSTAT/NEPC),wholesale,National,,,0.7,False,"Synthetic historical — verified annual anchors, weekly interpolated",Synthetic (World Bank/FAO × FX),historical,False,,462113.49,358.81,229.79,143.97222222222223,11.1,11.6,1,0,0,0,0,0,0,0,1,1,0,0,1,0,0,0,0,0,0,0,0.8660254037844386,0.5000000000000001,0.8854560256532099,0.4647231720437686,1,1325.73,475685.21,475685.21,451807.52,448188.66,442314.17,444052.92,434894.34,469715.7875,11938.844999999937,465738.68124999997,9911.241815798874,458909.5925,12938.362650404893,452052.1276923077,11431.780312247281,475685.21,451807.52,475685.21,442314.17,0.0,5.284925315098787,7.544646376578901,9.37948973996765,3.907,0.0,1.4,13.072513693141664,1.447,0,0,0.0,428159.5,529,2020,1
Hibiscus,2020-03-02,475685.21,NGN,NGN/MT,Historical (World Bank/FAOSTAT/NEPC),wholesale,National,,,0.7,False,"Synthetic historical — verified annual anchors, weekly interpolated",Synthetic (World Bank/FAO × FX),historical,False,,494291.52,358.81,229.79,143.97222222222223,11.1,11.6,1,0,0,1,0,0,0,0,1,1,0,0,0,0,0,0,0,0,0,0,1.0,6.123233995736766e-17,0.9350162426854148,0.3546048870425355,0,1325.73,475685.21,475685.21,451807.52,465557.61,442314.17,443423.81,451160.83,475685.21,0.0,467004.63125,10513.315451475839,461690.5125,12629.779422256268,453292.9507692308,12183.89765425831,475685.21,475685.21,475685.21,442314.17,0.0,5.284925315098787,7.544646376578901,5.435839809054355,4.94,0.0,1.344,13.072513693141664,1.447,1,3,0.0,428159.5,530,2020,1
Hibiscus,2020-03-09,475515.78,NGN,NGN/MT,Historical (World Bank/FAOSTAT/NEPC),wholesale,National,,,0.7,False,"Synthetic historical — verified annual anchors, weekly interpolated",Synthetic (World Bank/FAO × FX),historical,False,,460824.88,358.81,230.77272727272728,132.113,11.1,11.6,1,0,0,1,0,0,0,0,1,1,0,0,0,0,0,0,0,0,0,0,1.0,6.123233995736766e-17,0.970941817426052,0.239315664287558,0,1325.26,475685.21,475685.21,475685.21,465557.61,442314.17,442002.68,451160.83,475642.85250000004,84.71500000000135,468249.4025,10899.926286144917,464457.3133333333,11593.32778861335,454581.9161538462,12703.339325362054,475685.21,475515.78,475685.21,448188.66,-0.03561809289802653,-0.03561809289802653,7.506341024525631,5.398285573683337,4.633,-0.03561809289802653,1.281,13.07215744951423,1.415,1,3,0.0,428007.0,531,2020,1
Hibiscus,2020-03-16,475515.78,NGN,NGN/MT,Historical (World Bank/FAOSTAT/NEPC),wholesale,National,,,0.7,False,"Synthetic historical — verified annual anchors, weekly interpolated",Synthetic (World Bank/FAO × FX),historical,False,,484038.54,358.81,230.77272727272728,132.113,11.1,11.6,1,0,0,1,0,0,0,0,1,1,0,0,0,0,0,0,0,0,0,0,1.0,6.123233995736766e-17,0.992708874098054,0.120536680255323,0,1325.26,475515.78,475685.21,475685.21,464123.56,448188.66,442002.68,434824.92,475600.495,97.82045610881387,469673.43000000005,11027.32698070314,466734.5733333333,10761.241005668902,455870.88153846154,13070.827055494483,475685.21,475515.78,475685.21,448188.66,0.0,-0.03561809289802653,6.097235927388267,9.357987118125632,4.328,0.03561809289802653,1.235,13.07215744951423,1.415,1,3,0.0,428007.0,532,2020,1
Hibiscus,2020-03-23,475515.78,NGN,NGN/MT,Historical (World Bank/FAOSTAT/NEPC),wholesale,National,,,0.7,False,"Synthetic historical — verified annual anchors, weekly interpolated",Synthetic (World Bank/FAO × FX),historical,False,,467379.71,358.81,230.77272727272728,132.113,11.1,11.6,1,0,0,1,0,0,0,0,1,1,0,0,0,0,0,0,0,0,0,0,1.0,6.123233995736766e-17,1.0,-1.6081226496766364e-16,0,1325.26,475515.78,475515.78,475685.21,451807.52,448188.66,442002.68,428312.97,475558.13750000007,84.71500000003533,472636.9625,8416.783375590874,469011.8333333333,9267.61281250217,457159.8469230769,13298.963559146658,475685.21,475515.78,475685.21,451807.52,0.0,-0.03561809289802653,6.097235927388267,11.020635214478801,4.024,0.0,1.201,13.07215744951423,1.415,1,3,0.0,428007.0,533,2020,1
Hibiscus,2020-03-30,475515.78,NGN,NGN/MT,Historical (World Bank/FAOSTAT/NEPC),wholesale,National,,,0.7,False,"Synthetic historical — verified annual anchors, weekly interpolated",Synthetic (World Bank/FAO × FX),historical,False,,475515.78,358.81,230.77272727272728,132.113,11.1,11.6,1,0,0,1,0,0,0,0,1,1,0,0,0,0,0,0,0,0,0,0,1.0,6.123233995736766e-17,0.992708874098054,-0.1205366802553228,0,1325.26,475515.78,475515.78,475685.21,451807.52,465557.61,442002.68,428312.97,475515.78,0.00010727599743854438,475600.495,90.56414492001525,469841.6808333334,9375.407969761916,458448.81230769237,13394.870865890513,475515.78,475515.78,475685.21,451807.52,0.0,-0.03561809289802653,2.1389769571160233,11.020635214478801,3.723,0.0,1.171,13.07215744951423,1.415,1,3,0.0,428007.0,534,2020,1
Hibiscus,2020-04-06,487093.8,NGN,NGN/MT,Historical (World Bank/FAOSTAT/NEPC),wholesale,National,,,0.7,False,"Synthetic historical — verified annual anchors, weekly interpolated",Synthetic (World Bank/FAO × FX),historical,False,,500710.98,358.81,230.77272727272728,132.113,11.1,11.6,0,1,1,1,0,0,0,0,1,0,0,0,0,0,0,0,0,0,0,0,0.8660254037844387,-0.4999999999999998,0.970941817426052,-0.2393156642875575,0,1357.53,475515.78,475515.78,475515.78,475685.21,465557.61,449321.79,439789.26,478410.285,5789.009999999962,477026.56875000003,4068.6397431838463,471636.36333333334,10477.30339231345,459901.5819230769,14377.653345514193,487093.8,475515.78,487093.8,451807.52,2.4348340238046218,2.4348340238046218,4.62589151963384,10.756183541180597,4.024,2.4348340238046218,1.875,13.09621404431166,1.415,1,3,0.333,438428.26,535,2020,2
Hibiscus,2020-04-13,494231.67,NGN,NGN/MT,Historical (World Bank/FAOSTAT/NEPC),wholesale,National,,,0.7,False,"Synthetic historical — verified annual anchors, weekly interpolated",Synthetic (World Bank/FAO × FX),historical,False,,487093.8,358.81,226.692,125.355,11.1,11.6,0,1,1,1,0,0,0,0,1,0,0,0,0,0,0,0,0,0,0,0,0.8660254037844387,-0.4999999999999998,0.9350162426854148,-0.3546048870425354,0,1377.42,487093.8,475515.78,475515.78,475685.21,464123.56,449321.79,439789.26,483089.25749999995,9217.824035358011,479344.87625000003,7241.711261147475,474145.37250000006,12007.864451625719,461628.885,15693.27610082715,494231.67,475515.78,494231.67,451807.52,1.4653994774723067,3.935913546339087,6.487089343191288,12.379204076061324,4.649,-0.9694345463323151,2.215,13.110761677191022,1.376,1,3,0.333,444852.99,536,2020,2
Hibiscus,2020-04-20,494231.67,NGN,NGN/MT,Historical (World Bank/FAOSTAT/NEPC),wholesale,National,,,0.7,False,"Synthetic historical — verified annual anchors, weekly interpolated",Synthetic (World Bank/FAO × FX),historical,False,,494231.67,358.81,226.692,125.355,11.1,11.6,0,1,1,1,0,0,0,0,1,0,0,0,0,0,0,0,0,0,0,0,0.8660254037844387,-0.4999999999999998,0.8854560256532099,-0.4647231720437685,0,1377.42,494231.67,487093.8,475515.78,475685.21,451807.52,449321.79,439789.26,487768.23000000004,8834.204361355827,481663.18375,8720.45008427249,477680.7183333333,11039.485110631264,463356.188076923,16722.2927829036,494231.67,475515.78,494231.67,451807.52,0.0,3.935913546339087,9.389872483751471,12.379204076061324,5.269,-1.4653994774723067,2.09,13.110761677191022,1.376,1,3,0.333,444852.99,537,2020,2
Hibiscus,2020-04-27,501173.55,NGN,NGN/MT,Historical (World Bank/FAOSTAT/NEPC),wholesale,National,,,0.7,False,"Synthetic historical — verified annual anchors, weekly interpolated",Synthetic (World Bank/FAO × FX),historical,False,,515094.39,358.81,226.692,125.355,11.1,11.6,0,1,1,1,0,0,0,0,1,0,0,0,0,0,0,0,0,1,0,0,0.8660254037844387,-0.4999999999999998,0.8229838658936565,-0.5680647467311557,0,1396.77,494231.67,494231.67,475515.78,475685.21,451807.52,446774.2,441271.27,494182.6725,5748.312304531026,484849.22624999995,10663.924728226904,481794.55416666664,9629.403602533255,465448.4707692308,17924.56260407902,501173.55,487093.8,501173.55,475515.78,1.4045801637924127,5.395776771067395,10.926340933856071,13.574933169793702,6.173,1.4045801637924127,2.36,13.124709722582315,1.376,1,3,0.333,451101.31,538,2020,2
Hibiscus,2020-05-04,501173.55,NGN,NGN/MT,Historical (World Bank/FAOSTAT/NEPC),wholesale,National,,,0.7,False,"Synthetic historical — verified annual anchors, weekly interpolated",Synthetic (World Bank/FAO × FX),historical,False,,501173.55,358.81,226.692,125.355,11.1,11.6,0,1,1,1,0,0,0,0,1,0,1,0,0,0,0,0,0,1,0,0,0.4999999999999999,-0.8660254037844387,0.7485107481711013,-0.663122658240795,0,1396.77,501173.55,494231.67,487093.8,475515.78,475685.21,442213.59,444107.08,497702.61,4007.8962866817383,488056.4475,11295.480866805574,483918.58249999996,10888.121084162509,467716.1615384615,18584.904905139356,501173.55,494231.67,501173.55,475515.78,0.0,2.8905623516456203,5.358236805386474,12.849709579050161,6.411,-1.4045801637924127,2.207,13.124709722582315,1.376,1,3,0.333,451101.31,539,2020,2
Hibiscus,2020-05-11,515094.39,NGN,NGN/MT,Historical (World Bank/FAOSTAT/NEPC),wholesale,National,,,0.7,False,"Synthetic historical — verified annual anchors, weekly interpolated",Synthetic (World Bank/FAO × FX),historical,False,,522786.09,358.81,220.14555555555555,124.92125,11.1,11.6,0,1,1,1,0,0,0,0,1,0,1,0,0,0,0,0,0,1,0,0,0.4999999999999999,-0.8660254037844387,0.6631226582407952,-0.7485107481711012,0,1435.56,501173.55,501173.55,494231.67,475515.78,475685.21,442213.59,471140.18,502918.29000000004,8752.199981901502,493003.77375,13475.315597591498,487202.68083333335,13747.006009159382,470519.26923076925,20024.974311398888,515094.39,494231.67,515094.39,475515.78,2.7776485810155016,4.221243045796719,8.284718374994249,9.329327420132172,6.886,2.7776485810155016,2.752,13.152107385795127,1.346,1,3,0.333,463631.31,540,2020,2
Hibiscus,2020-05-18,518106.0,NGN,NGN/MT,Historical (World Bank/FAOSTAT/NEPC),wholesale,National,,,0.7,False,"Synthetic historical — verified annual anchors, weekly interpolated",Synthetic (World Bank/FAO × FX),historical,False,,492715.49,358.81,220.14555555555555,124.92125,11.1,11.6,0,1,1,1,0,0,0,0,1,0,1,0,0,0,0,0,0,1,0,0,0.4999999999999999,-0.8660254037844387,0.5680647467311558,-0.8229838658936564,0,1443.96,515094.39,501173.55,494231.67,475515.78,475685.21,456762.38,471140.18,508886.8725,8991.037636670237,498327.55125,13982.846100709901,490737.74666666664,15814.793512125096,472878.6392307692,21868.244146781242,518106.0,501173.55,518106.0,475515.78,0.5846714812793863,4.830594931320364,8.917828241916537,9.968544818232239,7.615,-2.1929770997361153,2.66,13.157937063616838,1.346,1,3,0.333,466342.03,541,2020,2
Hibiscus,2020-05-25,518106.0,NGN,NGN/MT,Historical (World Bank/FAOSTAT/NEPC),wholesale,National,,,0.7,False,"Synthetic historical — verified annual anchors, weekly interpolated",Synthetic (World Bank/FAO × FX),historical,False,,518106.0,358.81,220.14555555555555,124.92125,11.1,11.6,0,1,1,1,0,0,0,0,1,0,1,0,0,0,0,0,0,0,0,0,0.4999999999999999,-0.8660254037844387,0.464723172043769,-0.8854560256532096,0,1443.96,518106.0,515094.39,501173.55,475515.78,475685.21,456762.38,471140.18,513119.985,8089.834680504591,503651.32875,12027.998099499742,494272.8125,16851.40074352295,475238.00923076924,23320.849560355364,518106.0,501173.55,518106.0,475515.78,0.0,3.378560181398238,8.917828241916537,9.968544818232239,7.971,-0.5846714812793863,2.453,13.157937063616838,1.346,1,3,0.333,466342.03,542,2020,2
Hibiscus,2020-06-01,518106.0,NGN,NGN/MT,Historical (World Bank/FAOSTAT/NEPC),wholesale,National,,,0.7,False,"Synthetic historical — verified annual anchors, weekly interpolated",Synthetic (World Bank/FAO × FX),historical,False,,547704.71,358.81,220.14555555555555,124.92125,12.6,13.5,0,1,1,0,0,0,0,1,0,0,1,0,0,0,0,0,0,0,1,0,1.2246467991473532e-16,-1.0,0.3546048870425358,-0.9350162426854148,0,1443.96,518106.0,518106.0,501173.55,487093.8,475515.78,442314.17,473596.7,517353.09750000003,1505.8049999978828,507527.85375,10871.163441512188,497821.99750000006,17025.918118189627,478153.07961538463,23773.34434133039,518106.0,515094.39,518106.0,475515.78,0.0,3.378560181398238,8.956636517930061,9.398144032675892,8.198,0.0,2.286,13.157937063616838,1.346,1,3,0.333,460129.66,543,2020,2
Hibiscus,2020-06-08,512448.9,NGN,NGN/MT,Historical (World Bank/FAOSTAT/NEPC),wholesale,National,,,0.7,False,"Synthetic historical — verified annual anchors, weekly interpolated",Synthetic (World Bank/FAO × FX),historical,False,,486071.6,358.81,220.14555555555555,124.92125,12.6,13.5,0,1,1,0,0,0,0,1,0,0,1,0,0,0,0,0,0,0,1,0,1.2246467991473532e-16,-1.0,0.2393156642875576,-0.970941817426052,0,1428.19,518106.0,518106.0,515094.39,494231.67,475515.78,442314.17,473596.7,516691.725,2828.549999999979,509805.0075,9511.047127842356,500899.7575,15929.984373719111,480850.56923076924,23521.807478905954,518106.0,512448.9,518106.0,475515.78,-1.0918808120345957,-0.5135932464727433,7.7669599103525,8.203646689261145,7.454,-1.0918808120345957,1.923,13.1469582291187,1.346,1,3,0.333,455105.6,544,2020,2
Hibiscus,2020-06-15,512448.9,NGN,NGN/MT,Historical (World Bank/FAOSTAT/NEPC),wholesale,National,,,0.7,False,"Synthetic historical — verified annual anchors, weekly interpolated",Synthetic (World Bank/FAO × FX),historical,False,,512448.9,358.81,216.856,124.09,12.6,13.5,0,1,1,0,0,0,0,1,0,0,1,0,0,0,0,0,0,0,1,0,1.2246467991473532e-16,-1.0,0.120536680255323,-0.992708874098054,0,1428.19,512448.9,518106.0,518106.0,494231.67,475515.78,442314.17,473596.7,515277.45,3266.128207832603,512082.16125,7133.402467364502,503977.5175,14034.935382077167,483548.0588461539,22940.00733456164,518106.0,512448.9,518106.0,475515.78,0.0,-1.0918808120345957,7.7669599103525,8.203646689261145,6.562,1.0918808120345957,1.828,13.1469582291187,1.329,1,3,0.333,455105.6,545,2020,2
Hibiscus,2020-06-22,521802.04,NGN,NGN/MT,Historical (World Bank/FAOSTAT/NEPC),wholesale,National,,,0.7,False,"Synthetic historical — verified annual anchors, weekly interpolated",Synthetic (World Bank/FAO × FX),historical,False,,534088.89,358.81,216.856,124.09,12.6,13.5,0,1,1,0,0,0,0,1,0,0,1,0,0,0,0,0,0,0,1,0,1.2246467991473532e-16,-1.0,-3.216245299353273e-16,-1.0,0,1454.26,512448.9,512448.9,518106.0,501173.55,475515.78,448188.66,480139.05,516201.45999999996,4588.288789777694,514660.72250000003,6307.415520988934,507834.7058333333,11661.44307980316,486379.3426923077,22944.06940927974,521802.04,512448.9,521802.04,487093.8,1.8251849111199148,0.7133752552566319,9.733906201808896,8.6772758849754,6.131,1.8251849111199148,2.093,13.165045477654763,1.329,1,3,0.333,463412.11,546,2020,2
Hibiscus,2020-06-29,521802.04,NGN,NGN/MT,Historical (World Bank/FAOSTAT/NEPC),wholesale,National,,,0.7,False,"Synthetic historical — verified annual anchors, weekly interpolated",Synthetic (World Bank/FAO × FX),historical,False,,521802.04,358.81,216.856,124.09,12.6,13.5,0,1,1,0,0,0,0,1,0,0,1,0,0,0,0,0,0,0,1,0,1.2246467991473532e-16,-1.0,-0.1205366802553228,-0.992708874098054,0,1454.26,521802.04,512448.9,518106.0,501173.55,487093.8,448188.66,480139.05,517125.47,5400.037896768224,517239.28375,3672.0411317321627,510727.05916666664,10270.852655657032,489210.6265384616,22581.919221216966,521802.04,512448.9,521802.04,494231.67,0.0,0.7133752552566319,7.125576223717078,8.6772758849754,5.706,-1.8251849111199148,1.982,13.165045477654763,1.329,1,3,0.333,463412.11,547,2020,2
Hibiscus,2020-07-06,522548.08,NGN,NGN/MT,Historical (World Bank/FAOSTAT/NEPC),wholesale,National,,,0.7,False,"Synthetic historical — verified annual anchors, weekly interpolated",Synthetic (World Bank/FAO × FX),historical,False,,530845.55,358.81,216.856,124.09,12.6,13.5,0,1,1,0,0,0,1,1,0,0,1,0,0,0,0,0,0,0,1,0,-0.4999999999999997,-0.8660254037844388,-0.2393156642875574,-0.970941817426052,0,1456.34,521802.04,521802.04,512448.9,515094.39,494231.67,465557.61,469801.95,519650.265,4813.7740197167595,518170.995,3982.5559651729945,513086.76,9347.89704364621,491402.56769230776,22956.983903118162,522548.08,512448.9,522548.08,494231.67,0.14297376070051548,1.9707682073276,5.729379908009546,11.227311849173894,5.748,0.14297376070051548,1.899,13.166474191424028,1.329,1,3,0.333,464074.67,548,2020,3
Hibiscus,2020-07-13,522548.08,NGN,NGN/MT,Historical (World Bank/FAOSTAT/NEPC),wholesale,National,,,0.7,False,"Synthetic historical — verified annual anchors, weekly interpolated",Synthetic (World Bank/FAO × FX),historical,False,,515487.23,358.81,217.8825,137.41916666666663,12.6,13.5,0,1,1,0,0,0,1,1,0,0,1,0,0,0,0,0,0,0,1,0,-0.4999999999999997,-0.8660254037844388,-0.3546048870425356,-0.9350162426854148,0,1456.34,522548.08,521802.04,512448.9,518106.0,494231.67,465557.61,460088.11,522175.06,430.7263948268703,518726.255,4271.389929628907,515446.4608333334,7558.251790923649,493594.50884615385,23110.81053569696,522548.08,521802.04,522548.08,501173.55,0.0,1.9707682073276,5.729379908009546,13.57565401983547,5.79,-0.14297376070051548,1.797,13.166474191424028,1.375,1,3,0.333,464074.67,549,2020,3
Hibiscus,2020-07-20,522548.08,NGN,NGN/MT,Historical (World Bank/FAOSTAT/NEPC),wholesale,National,,,0.7,False,"Synthetic historical — verified annual anchors, weekly interpolated",Synthetic (World Bank/FAO × FX),historical,False,,526363.79,358.81,217.8825,137.41916666666663,12.6,13.5,0,1,1,0,0,0,1,1,0,0,1,0,0,0,0,0,0,0,1,0,-0.4999999999999997,-0.8660254037844388,-0.464723172043768,-0.8854560256532101,0,1456.34,522548.08,522548.08,521802.04,518106.0,501173.55,464123.56,460088.11,522361.57000000007,373.0200000007787,519281.515,4463.639198190332,517227.6716666667,6303.2699899171275,495841.60576923087,22970.612519448405,522548.08,521802.04,522548.08,501173.55,0.0,0.14297376070051548,4.264895862920137,13.57565401983547,5.348,0.0,1.705,13.166474191424028,1.375,1,3,0.333,464074.67,550,2020,3
Hibiscus,2020-07-27,522548.08,NGN,NGN/MT,Historical (World Bank/FAOSTAT/NEPC),wholesale,National,,,0.7,False,"Synthetic historical — verified annual anchors, weekly interpolated",Synthetic (World Bank/FAO × FX),historical,False,,522548.08,358.81,217.8825,137.41916666666663,12.6,13.5,0,1,1,0,0,0,1,1,0,0,1,0,0,0,0,0,0,0,1,0,-0.4999999999999997,-0.8660254037844388,-0.5680647467311556,-0.8229838658936565,0,1456.34,522548.08,522548.08,521802.04,518106.0,501173.55,451807.52,460088.11,522548.08,0.0007696492464510838,519836.77499999997,4571.5053207661185,519008.88250000007,3925.936091912039,498562.39653846156,21700.682737291496,522548.08,522548.08,522548.08,512448.9,0.0,0.14297376070051548,4.264895862920137,13.57565401983547,4.811,0.0,1.623,13.166474191424028,1.375,1,3,0.333,464074.67,551,2020,3
Hibiscus,2020-08-03,522548.08,NGN,NGN/MT,Historical (World Bank/FAOSTAT/NEPC),wholesale,National,,,0.7,False,"Synthetic historical — verified annual anchors, weekly interpolated",Synthetic (World Bank/FAO × FX),historical,False,,533042.23,358.81,217.8825,137.41916666666663,12.6,13.5,0,1,0,0,1,0,1,1,0,0,1,0,0,0,0,1,0,0,1,0,-0.8660254037844384,-0.5000000000000004,-0.663122658240795,-0.7485107481711013,0,1456.34,522548.08,522548.08,522548.08,512448.9,515094.39,451807.52,476378.5,522548.08,0.0007696492464510838,521099.1725,3511.4491206400244,519630.0233333334,3838.981782250908,501283.18730769237,19969.792237223333,522548.08,522548.08,522548.08,512448.9,0.0,0.0,1.4470532284383886,9.691784998693276,4.242,0.0,1.553,13.166474191424028,1.375,1,3,0.333,464074.67,552,2020,3
Hibiscus,2020-08-10,520215.96,NGN,NGN/MT,Historical (World Bank/FAOSTAT/NEPC),wholesale,National,,,0.7,False,"Synthetic historical — verified annual anchors, weekly interpolated",Synthetic (World Bank/FAO × FX),historical,False,,518930.8,358.81,196.12625,146.58375,12.6,13.5,0,1,0,0,1,0,1,1,0,0,1,0,0,0,0,1,0,0,1,0,-0.8660254037844384,-0.5000000000000004,-0.7485107481711011,-0.6631226582407952,0,1449.84,522548.08,522548.08,522548.08,512448.9,518106.0,475685.21,476378.5,521965.05,1166.0600000002275,522070.055,821.4857492336982,519805.85333333333,3811.05178466044,502995.90846153843,19592.590162608358,522548.08,520215.96,522548.08,512448.9,-0.44629768805197756,-0.44629768805197756,0.4072448495095582,9.202233098261159,3.771,-0.44629768805197756,1.418,13.162001234310287,1.308,1,3,0.333,462003.52,553,2020,3
Hibiscus,2020-08-17,518930.8,NGN,NGN/MT,Historical (World Bank/FAOSTAT/NEPC),wholesale,National,,,0.7,False,"Synthetic historical — verified annual anchors, weekly interpolated",Synthetic (World Bank/FAO × FX),historical,False,,520215.96,358.81,196.12625,146.58375,12.6,13.5,0,1,0,0,1,0,1,1,0,0,1,0,0,0,0,1,0,0,1,0,-0.8660254037844384,-0.5000000000000004,-0.8229838658936564,-0.5680647467311559,0,1446.26,520215.96,522548.08,522548.08,521802.04,518106.0,475685.21,471328.09,521060.73000000004,1795.7967779235266,521711.15,1387.518822315448,519874.58666666667,3784.955848031172,504659.2003846154,19008.267895132572,522548.08,518930.8,522548.08,512448.9,-0.24704355475753115,-0.692238693136149,0.1591952225992399,10.099697219404003,3.25,0.1992541332944464,1.323,13.159527746962368,1.308,1,3,0.333,460862.17,554,2020,3
Hibiscus,2020-08-24,508636.5,NGN,NGN/MT,Historical (World Bank/FAOSTAT/NEPC),wholesale,National,,,0.7,False,"Synthetic historical — verified annual anchors, weekly interpolated",Synthetic (World Bank/FAO × FX),historical,False,,508636.5,358.81,196.12625,146.58375,12.6,13.5,0,1,0,0,1,0,1,1,0,0,1,0,0,0,0,1,0,0,1,0,-0.8660254037844384,-0.5000000000000004,-0.8854560256532096,-0.4647231720437691,0,1417.57,518930.8,520215.96,522548.08,521802.04,518106.0,475685.21,444052.92,517582.835,6149.279761324381,520065.4575,4821.799316940048,519085.46166666667,4984.328827156861,505926.5576923077,18074.75802833504,522548.08,508636.5,522548.08,508636.5,-1.9837519761787048,-2.6622583705599,-1.8277147919537717,14.54411784973737,2.304,-1.7367084214211737,0.955,13.13949086106492,1.308,1,3,0.333,451719.8,555,2020,3
Hibiscus,2020-08-31,507466.48,NGN,NGN/MT,Historical (World Bank/FAOSTAT/NEPC),wholesale,National,,,0.7,False,"Synthetic historical — verified annual anchors, weekly interpolated",Synthetic (World Bank/FAO × FX),historical,False,,507466.48,358.81,196.12625,146.58375,12.6,13.5,0,1,0,0,1,0,1,1,0,0,1,0,0,0,0,1,0,0,1,0,-0.8660254037844384,-0.5000000000000004,-0.9350162426854148,-0.3546048870425359,0,1414.3,508636.5,518930.8,522548.08,522548.08,512448.9,475685.21,443423.81,513812.435,6689.898870314355,518180.2575,6401.86610983639,518670.26,5737.967232362538,507148.9142307692,16989.88658214423,520215.96,507466.48,522548.08,507466.48,-0.23003068006327565,-2.8861650395883287,-0.9722764552719365,14.442767518505594,1.314,1.7537212961154292,0.882,13.13718790902721,1.308,1,3,0.333,450680.71,556,2020,3
Hibiscus,2020-09-07,505916.78,NGN,NGN/MT,Historical (World Bank/FAOSTAT/NEPC),wholesale,National,,,0.7,False,"Synthetic historical — verified annual anchors, weekly interpolated",Synthetic (World Bank/FAO × FX),historical,False,,493511.63,358.81,196.12625,146.58375,12.6,13.5,0,1,0,0,1,1,0,0,0,0,0,0,0,0,0,1,0,0,0,0,-1.0,-1.8369701987210287e-16,-0.970941817426052,-0.2393156642875577,0,1409.99,507466.48,508636.5,520215.96,522548.08,512448.9,475515.78,442002.68,510237.64,5901.520678898435,516101.345,7402.964824583536,518125.9166666667,6623.355119592765,508318.18346153846,15724.785749216759,518930.8,505916.78,522548.08,505916.78,-0.3053797760198762,-2.7487007511265094,-1.2746870956304113,14.460115943188413,0.378,-0.07534909595660055,0.8,13.134129444948076,1.308,1,3,0.667,449304.42,557,2020,3
Hibiscus,2020-09-14,504346.62,NGN,NGN/MT,Historical (World Bank/FAOSTAT/NEPC),wholesale,National,,,0.7,False,"Synthetic historical — verified annual anchors, weekly interpolated",Synthetic (World Bank/FAO × FX),historical,False,,505916.78,358.81,214.01545454545456,157.59300000000002,12.6,13.5,0,1,0,0,1,1,0,0,0,0,0,0,0,0,0,1,0,0,0,0,-1.0,-1.8369701987210287e-16,-0.992708874098054,-0.1205366802553235,0,1405.61,505916.78,507466.48,518930.8,522548.08,521802.04,475515.78,442002.68,506591.595,1865.6855984772628,513826.1625,7917.69033563536,516671.29833333334,7588.995162618321,509427.0619230769,14268.185473199694,508636.5,504346.62,522548.08,504346.62,-0.3103593440802688,-2.810428673726828,-3.345218811333117,14.10487827811362,-0.557,-0.00497956806039257,0.717,13.13102103152667,1.42,1,3,0.667,447909.96,558,2020,3
Hibiscus,2020-09-21,504346.62,NGN,NGN/MT,Historical (World Bank/FAOSTAT/NEPC),wholesale,National,,,0.7,False,"Synthetic historical — verified annual anchors, weekly interpolated",Synthetic (World Bank/FAO × FX),historical,False,,493685.23,358.81,214.01545454545456,157.59300000000002,12.6,13.5,0,1,0,0,1,1,0,0,0,0,0,0,0,0,0,1,0,0,0,0,-1.0,-1.8369701987210287e-16,-1.0,-1.8369701987210287e-16,0,1405.61,504346.62,505916.78,508636.5,522548.08,521802.04,475515.78,442002.68,505519.125,1494.4181638234331,511550.98000000004,7664.453942185136,515216.68,8167.026472249774,510535.94038461545,12543.355003194247,507466.48,504346.62,522548.08,504346.62,0.0,-0.8434078167807502,-3.345218811333117,14.10487827811362,-0.983,0.3103593440802688,0.687,13.13102103152667,1.42,1,3,0.667,447909.96,559,2020,3
Hibiscus,2020-09-28,504346.62,NGN,NGN/MT,Historical (World Bank/FAOSTAT/NEPC),wholesale,National,,,0.7,False,"Synthetic historical — verified annual anchors, weekly interpolated",Synthetic (World Bank/FAO × FX),historical,False,,504346.62,358.81,214.01545454545456,157.59300000000002,12.6,13.5,0,1,0,0,1,1,0,0,0,0,0,0,0,0,0,1,0,0,0,0,-1.0,-1.8369701987210287e-16,-0.992708874098054,0.1205366802553232,0,1405.61,504346.62,504346.62,507466.48,522548.08,522548.08,475515.78,442002.68,504739.16000000003,785.0799999992038,509275.7975,6554.844783563699,513699.89166666666,8369.34097355925,511644.8188461538,10417.907706174237,505916.78,504346.62,522548.08,504346.62,0.0,-0.6147913454303433,-3.4832124921404417,14.10487827811362,-1.35,0.0,0.657,13.13102103152667,1.42,1,3,0.667,447909.96,560,2020,3
Hibiscus,2020-10-05,513066.87,NGN,NGN/MT,Historical (World Bank/FAOSTAT/NEPC),wholesale,National,,,0.7,False,"Synthetic historical — verified annual anchors, weekly interpolated",Synthetic (World Bank/FAO × FX),historical,False,,531131.01,358.81,214.01545454545456,157.59300000000002,12.6,13.5,0,1,0,0,0,1,0,0,0,1,0,1,0,1,1,1,1,0,0,0,-0.8660254037844386,0.5000000000000001,-0.970941817426052,0.2393156642875573,0,1429.91,504346.62,504346.62,505916.78,520215.96,522548.08,487093.8,449321.79,506526.6825,4360.125,508382.16125,5196.9540550433485,512909.79083333333,7892.019671075078,512643.7830769231,9135.958755523785,513066.87,504346.62,522548.08,504346.62,1.7290192209476807,1.4132937041542615,-1.8144186846883126,14.186954966061194,-1.193,1.7290192209476807,0.918,13.14816341559694,1.42,0,0,1.0,455654.41,561,2020,4
Hibiscus,2020-10-12,513066.87,NGN,NGN/MT,Historical (World Bank/FAOSTAT/NEPC),wholesale,National,,,0.7,False,"Synthetic historical — verified annual anchors, weekly interpolated",Synthetic (World Bank/FAO × FX),historical,False,,513066.87,358.81,194.20625,159.38222222222225,12.6,13.5,0,1,0,0,0,1,0,0,0,1,0,1,0,1,1,1,1,0,0,0,-0.8660254037844386,0.5000000000000001,-0.9350162426854148,0.3546048870425355,0,1429.91,513066.87,504346.62,504346.62,518930.8,522548.08,494231.67,449321.79,508706.745,5034.638684900834,507649.17,3692.324613599174,512119.68999999994,7291.094588339821,513368.21384615387,8328.677819986186,513066.87,504346.62,522548.08,504346.62,0.0,1.7290192209476807,-1.8144186846883126,14.186954966061194,-0.908,-1.7290192209476807,0.884,13.14816341559694,1.34,0,0,1.0,455654.41,562,2020,4
Hibiscus,2020-10-19,513066.87,NGN,NGN/MT,Historical (World Bank/FAOSTAT/NEPC),wholesale,National,,,0.7,False,"Synthetic historical — verified annual anchors, weekly interpolated",Synthetic (World Bank/FAO × FX),historical,False,,495109.65,358.81,194.20625,159.38222222222225,12.6,13.5,0,1,0,0,0,1,0,0,0,1,0,1,0,1,1,1,1,0,0,0,-0.8660254037844386,0.5000000000000001,-0.8854560256532101,0.464723172043768,0,1429.91,513066.87,513066.87,504346.62,508636.5,522548.08,494231.67,449321.79,510886.8075,4360.125,508202.96625,4163.720140079415,511329.5891666666,6532.543589915372,514092.64461538463,7360.463450195154,513066.87,504346.62,522548.08,504346.62,0.0,1.7290192209476807,-1.8144186846883126,14.186954966061194,-0.624,0.0,0.85,13.14816341559694,1.34,0,0,1.0,455654.41,563,2020,4
Hibiscus,2020-10-26,495109.65,NGN,NGN/MT,Historical (World Bank/FAOSTAT/NEPC),wholesale,National,,,0.7,False,"Synthetic historical — verified annual anchors, weekly interpolated",Synthetic (World Bank/FAO × FX),historical,False,,518018.21,358.81,194.20625,159.38222222222225,12.6,13.5,0,1,0,0,0,1,0,0,0,1,0,1,0,1,1,1,1,0,0,0,-0.8660254037844386,0.5000000000000001,-0.822983865893657,0.5680647467311548,0,1379.87,513066.87,513066.87,504346.62,507466.48,522548.08,501173.55,446774.2,508577.56499999994,8978.609999999986,506658.3625,6246.851438973998,509043.0533333333,7031.799975713925,513859.4176923077,7864.979006174357,513066.87,495109.65,520215.96,495109.65,-3.4999765235280145,-1.8314725694007716,-5.250890980213718,10.818764825721816,-1.028,-3.4999765235280145,0.195,13.112536551924059,1.34,0,0,1.0,439706.62,564,2020,4
Hibiscus,2020-11-02,493878.87,NGN,NGN/MT,Historical (World Bank/FAOSTAT/NEPC),wholesale,National,,,0.7,False,"Synthetic historical — verified annual anchors, weekly interpolated",Synthetic (World Bank/FAO × FX),historical,False,,493878.87,358.81,194.20625,159.38222222222225,12.6,13.5,1,0,0,0,0,1,0,0,0,1,0,1,1,1,1,0,1,0,0,0,-0.5000000000000004,0.8660254037844384,-0.7485107481711011,0.6631226582407952,1,1376.44,495109.65,513066.87,513066.87,505916.78,520215.96,501173.55,442213.59,503780.565,10734.667389914783,505153.62375,7725.779152676502,506848.29583333334,7331.274271367523,513578.8530769231,8444.38698089655,513066.87,493878.87,518930.8,493878.87,-0.24858735837607338,-3.7398633827204653,-5.062722412438103,11.683331577394519,-1.908,3.251389165151941,0.119,13.11004758845981,1.34,0,0,0.667,438613.56,565,2020,4
Hibiscus,2020-11-09,484878.71,NGN,NGN/MT,Historical (World Bank/FAOSTAT/NEPC),wholesale,National,,,0.7,False,"Synthetic historical — verified annual anchors, weekly interpolated",Synthetic (World Bank/FAO × FX),historical,False,,469428.13,358.81,198.351,165.82076923076923,12.6,13.5,1,0,0,0,0,1,0,0,0,1,0,1,1,1,1,0,1,0,0,0,-0.5000000000000004,0.8660254037844384,-0.6631226582407955,0.7485107481711007,1,1351.35,493878.87,495109.65,513066.87,504346.62,518930.8,515094.39,442213.59,496733.525,11805.377627136704,502720.135,10561.788114018285,504010.62166666664,8693.103146637319,512416.71153846156,10137.017807438582,513066.87,484878.71,513066.87,484878.71,-1.8223415794241138,-5.494051876707607,-6.561971268616151,9.648079788773556,-3.061,-1.5737542210480404,-0.25,13.091656118538863,1.378,0,0,0.667,430620.52,566,2020,4
Hibiscus,2020-11-16,484878.71,NGN,NGN/MT,Historical (World Bank/FAOSTAT/NEPC),wholesale,National,,,0.7,False,"Synthetic historical — verified annual anchors, weekly interpolated",Synthetic (World Bank/FAO × FX),historical,False,,484878.71,358.81,198.351,165.82076923076923,12.6,13.5,1,0,0,0,0,1,0,0,0,1,0,1,1,1,1,0,1,0,0,0,-0.5000000000000004,0.8660254037844384,-0.5680647467311559,0.8229838658936564,1,1351.35,484878.71,493878.87,513066.87,504346.62,508636.5,518106.0,456762.38,489686.485,5574.232727670578,500286.64625,12242.523256270752,502030.80583333335,10130.358112480733,511138.7388461539,11406.11801969892,495109.65,484878.71,513066.87,484878.71,0.0,-5.494051876707607,-4.670877925591254,6.1555704302968195,-4.197,1.8223415794241138,-0.275,13.091656118538863,1.378,0,0,0.667,430620.52,567,2020,4
Hibiscus,2020-11-23,484878.71,NGN,NGN/MT,Historical (World Bank/FAOSTAT/NEPC),wholesale,National,,,0.7,False,"Synthetic historical — verified annual anchors, weekly interpolated",Synthetic (World Bank/FAO × FX),historical,False,,471938.12,358.81,198.351,165.82076923076923,12.6,13.5,1,0,0,0,0,1,0,0,0,1,0,1,1,1,1,0,1,0,0,0,-0.5000000000000004,0.8660254037844384,-0.4647231720437684,0.88545602565321,1,1351.35,484878.71,484878.71,495109.65,504346.62,507466.48,518106.0,456762.38,487128.75000000006,4500.0800000000545,497853.1575,13216.34162923566,500148.4916666667,11082.32117433975,509860.76615384617,12411.39963861944,493878.87,484878.71,513066.87,484878.71,0.0,-2.0663988270073097,-4.451086109175129,6.1555704302968195,-4.458,0.0,-0.301,13.091656118538863,1.378,0,0,0.667,430620.52,568,2020,4
Hibiscus,2020-11-30,490270.75,NGN,NGN/MT,Historical (World Bank/FAOSTAT/NEPC),wholesale,National,,,0.7,False,"Synthetic historical — verified annual anchors, weekly interpolated",Synthetic (World Bank/FAO × FX),historical,False,,494727.3,358.81,198.351,165.82076923076923,12.6,13.5,1,0,0,0,0,1,0,0,0,1,0,1,1,1,1,0,1,0,0,0,-0.5000000000000004,0.8660254037844384,-0.3546048870425359,0.9350162426854148,1,1366.38,484878.71,484878.71,493878.87,513066.87,505916.78,518106.0,442314.17,486226.72000000003,2696.0199999999845,495003.6425,11854.955395507284,498844.6558333333,11260.926186262303,508790.1796153846,12863.98978936715,490270.75,484878.71,513066.87,484878.71,1.1120389261883634,-0.7305678009670635,-3.0926094208616695,10.842198431038286,-4.435,1.1120389261883634,-0.131,13.102715108194326,1.378,0,0,0.667,435409.19,569,2020,4
Hibiscus,2020-12-07,494727.3,NGN,NGN/MT,Historical (World Bank/FAOSTAT/NEPC),wholesale,National,,,0.7,False,"Synthetic historical — verified annual anchors, weekly interpolated",Synthetic (World Bank/FAO × FX),historical,False,,490270.75,358.81,198.351,165.82076923076923,12.6,13.5,1,0,0,0,0,0,0,0,0,1,0,1,1,1,1,0,0,0,0,1,-2.4492935982947064e-16,1.0,-0.2393156642875578,0.970941817426052,1,1378.8,490270.75,484878.71,484878.71,513066.87,504346.62,512448.9,442314.17,488688.86750000005,4760.938970779956,492711.19625000004,9377.278549723318,498043.04583333334,11175.716818818802,508108.57961538463,13129.13574945063,494727.3,484878.71,513066.87,484878.71,0.9089977323754272,2.03114506718598,-1.9072835265556032,11.849751501291482,-3.822,-0.20304119381293617,0.011,13.111764001967286,1.378,0,0,0.333,439367.05,570,2020,4
Hibiscus,2020-12-14,494805.83,NGN,NGN/MT,Historical (World Bank/FAOSTAT/NEPC),wholesale,National,,,0.7,False,"Synthetic historical — verified annual anchors, weekly interpolated",Synthetic (World Bank/FAO × FX),historical,False,,514643.63,358.81,198.351,165.82076923076923,12.6,13.5,1,0,0,0,0,0,0,0,0,1,0,1,1,1,1,0,0,0,0,1,-2.4492935982947064e-16,1.0,-0.1205366802553236,0.992708874098054,1,1379.02,494727.3,490270.75,484878.71,513066.87,504346.62,512448.9,442314.17,491170.6475,4699.738355429076,490428.56625,4838.599413477104,497247.98,11024.856517242497,507430.0,13349.91786764439,494805.83,484878.71,513066.87,484878.71,0.015873391260190495,2.047340870049741,-1.8917128858720211,11.86750584997085,-3.204,-0.8931243411152368,-0.031,13.111922722962195,1.378,0,0,0.333,439436.79,571,2020,4
Hibiscus,2020-12-21,494805.83,NGN,NGN/MT,Historical (World Bank/FAOSTAT/NEPC),wholesale,National,,,0.7,False,"Synthetic historical — verified annual anchors, weekly interpolated",Synthetic (World Bank/FAO × FX),historical,False,,494805.83,358.81,198.351,165.82076923076923,12.6,13.5,1,0,0,0,0,0,0,0,0,1,0,1,1,1,1,0,0,0,0,1,-2.4492935982947064e-16,1.0,6.432490598706546e-16,1.0,1,1379.02,494805.83,494727.3,484878.71,495109.65,504346.62,521802.04,448188.66,493652.4275,2254.7555861093256,490390.58875,4797.628350508295,496452.9141666666,10808.287746424101,506391.6842307693,13236.753711837535,494805.83,490270.75,513066.87,484878.71,0.0,2.047340870049741,-1.8917128858720211,10.401238175013194,-2.516,-0.015873391260190495,-0.075,13.111922722962195,1.378,0,0,0.333,439436.79,572,2020,4
Hibiscus,2020-12-28,494805.83,NGN,NGN/MT,Historical (World Bank/FAOSTAT/NEPC),wholesale,National,,,0.7,False,"Synthetic historical — verified annual anchors, weekly interpolated",Synthetic (World Bank/FAO × FX),historical,False,,486779.22,358.81,198.351,165.82076923076923,12.6,13.5,1,0,0,0,0,0,0,0,0,1,0,1,1,1,1,0,0,0,0,1,-2.4492935982947064e-16,1.0,0.1205366802553231,0.992708874098054,1,1379.02,494805.83,494805.83,490270.75,493878.87,513066.87,521802.04,448188.66,494786.1975,39.26499999451967,490506.45875,4903.92709816191,494931.1608333333,9457.61109292167,505353.36846153846,13036.891628706646,494805.83,494727.3,513066.87,484878.71,0.0,0.9250154124022414,-3.5591929761514263,10.401238175013194,-2.091,0.0,-0.124,13.111922722962195,1.378,0,0,0.333,439436.79,573,2020,4
Hibiscus,2021-01-04,576538.72,NGN,NGN/MT,Historical (World Bank/FAOSTAT/NEPC),wholesale,National,,,0.7,False,"Synthetic historical — verified annual anchors, weekly interpolated",Synthetic (World Bank/FAO × FX),historical,False,,632864.74,401.0,198.351,165.82076923076923,12.6,13.5,1,0,0,0,0,0,0,0,0,1,0,0,1,0,0,0,0,0,0,1,0.4999999999999999,0.8660254037844387,0.120536680255323,0.992708874098054,1,1437.75,494805.83,494805.83,494727.3,484878.71,513066.87,522548.08,465557.61,515239.05250000005,40866.444999999985,501963.95999999996,30444.38312617596,500220.4816666667,25188.5206015872,507429.9315384615,18877.070517117856,576538.72,494805.83,576538.72,484878.71,16.518174411970854,16.53666979768449,12.371067732360096,23.838319386509443,1.539,16.518174411970854,3.454,13.264799514843443,1.378,0,0,0.0,512023.73,574,2021,1
Hibiscus,2021-01-11,621864.76,NGN,NGN/MT,Historical (World Bank/FAOSTAT/NEPC),wholesale,National,,,0.7,False,"Synthetic historical — verified annual anchors, weekly interpolated",Synthetic (World Bank/FAO × FX),historical,False,,576538.72,401.0,219.7090909090909,164.0090909090909,12.6,13.5,1,0,0,0,0,0,0,0,0,1,0,0,1,0,0,0,0,0,0,1,0.4999999999999999,0.8660254037844387,0.2393156642875577,0.970941817426052,1,1550.78,576538.72,494805.83,494805.83,484878.71,513066.87,522548.08,465557.61,547003.785,63049.533373290185,519087.21625,51027.544499845375,509286.9725,43301.23130384309,511249.8038461538,29254.73588956061,621864.76,494805.83,621864.76,484878.71,7.861751245432402,25.678543439959057,21.20540154931463,33.574180003200894,6.993,-8.656423166538453,4.33,13.340479528493152,1.465,0,0,0.0,552277.76,575,2021,1
Hibiscus,2021-01-18,621864.76,NGN,NGN/MT,Historical (World Bank/FAOSTAT/NEPC),wholesale,National,,,0.7,False,"Synthetic historical — verified annual anchors, weekly interpolated",Synthetic (World Bank/FAO × FX),historical,False,,621864.76,401.0,219.7090909090909,164.0090909090909,12.6,13.5,1,0,0,0,0,0,0,0,0,1,0,0,1,0,0,0,0,0,0,1,0.4999999999999999,0.8660254037844387,0.3546048870425356,0.9350162426854148,1,1550.78,621864.76,576538.72,494805.83,484878.71,495109.65,522548.08,464123.56,578768.5175000001,59914.59789943034,536210.4725,60088.06209744811,519849.8983333334,53732.35007966323,515069.67615384614,36400.34601178588,621864.76,494805.83,621864.76,484878.71,0.0,25.678543439959057,25.601421826458036,33.986897799370496,12.367,-7.861751245432402,3.677,13.340479528493152,1.465,0,0,0.0,552277.76,576,2021,1
Hibiscus,2021-01-25,621864.76,NGN,NGN/MT,Historical (World Bank/FAOSTAT/NEPC),wholesale,National,,,0.7,False,"Synthetic historical — verified annual anchors, weekly interpolated",Synthetic (World Bank/FAO × FX),historical,False,,631780.28,401.0,219.7090909090909,164.0090909090909,12.6,13.5,1,0,0,0,0,0,0,0,0,1,0,0,1,0,0,0,0,0,0,1,0.4999999999999999,0.8660254037844387,0.4647231720437685,0.8854560256532099,1,1550.78,621864.76,621864.76,494805.83,490270.75,493878.87,522548.08,451807.52,610533.25,22663.019999999837,552659.72375,63623.44848140065,530515.3891666667,60397.41509181703,518889.54846153845,41997.38854664193,621864.76,576538.72,621864.76,484878.71,0.0,25.678543439959057,25.914429179770337,37.63931153691289,17.662,0.0,3.265,13.340479528493152,1.465,0,0,0.0,552277.76,577,2021,1
Hibiscus,2021-02-01,623770.65,NGN,NGN/MT,Historical (World Bank/FAOSTAT/NEPC),wholesale,National,,,0.7,False,"Synthetic historical — verified annual anchors, weekly interpolated",Synthetic (World Bank/FAO × FX),historical,False,,590109.19,401.0,219.7090909090909,164.0090909090909,17.3,20.1,1,0,0,0,0,0,0,0,1,1,0,0,1,0,0,0,0,0,0,0,0.8660254037844386,0.5000000000000001,0.5680647467311558,0.8229838658936564,1,1555.54,621864.76,621864.76,576538.72,494727.3,484878.71,522548.08,451807.52,622341.2325,952.9449999999973,568790.1425000001,63194.34560469412,542089.7175,64054.36719113476,522782.7242307692,46770.54605989549,623770.65,621864.76,623770.65,484878.71,0.30647982046771993,8.192325747002748,28.644676933742865,38.06114825180422,19.044,0.30647982046771993,3.002,13.343539634864346,1.465,0,0,0.0,531773.79,578,2021,1
Hibiscus,2021-02-08,623770.65,NGN,NGN/MT,Historical (World Bank/FAOSTAT/NEPC),wholesale,National,,,0.7,False,"Synthetic historical — verified annual anchors, weekly interpolated",Synthetic (World Bank/FAO × FX),historical,False,,638688.04,401.0,219.7090909090909,164.0090909090909,17.3,20.1,1,0,0,0,0,0,0,0,1,1,0,0,1,0,0,0,0,0,0,0,0.8660254037844386,0.5000000000000001,0.6631226582407952,0.7485107481711011,1,1555.54,623770.65,621864.76,621864.76,494805.83,484878.71,520215.96,475685.21,622817.7050000001,1100.3661045457845,584910.745,57848.15631584186,553664.0458333333,65313.005775207326,526765.5969230769,50780.55816712298,623770.65,621864.76,623770.65,484878.71,0.0,0.30647982046771993,28.644676933742865,31.130974200354046,18.234,-0.30647982046771993,2.725,13.343539634864346,1.465,0,0,0.0,531773.79,579,2021,1
Hibiscus,2021-02-15,623770.65,NGN,NGN/MT,Historical (World Bank/FAOSTAT/NEPC),wholesale,National,,,0.7,False,"Synthetic historical — verified annual anchors, weekly interpolated",Synthetic (World Bank/FAO × FX),historical,False,,623770.65,401.0,228.93846153846152,164.82,17.3,20.1,1,0,0,0,0,0,0,0,1,1,0,0,1,0,0,0,0,0,0,0,0.8660254037844386,0.5000000000000001,0.7485107481711011,0.6631226582407953,1,1555.54,623770.65,623770.65,621864.76,494805.83,484878.71,518930.8,475685.21,623294.1775,952.9449999999423,601031.3475,45883.50191166175,565238.3741666666,64314.291189282936,530797.8988461539,54182.092076616864,623770.65,621864.76,623770.65,490270.75,0.0,0.30647982046771993,28.644676933742865,31.130974200354046,17.426,0.0,2.506,13.343539634864346,1.508,0,0,0.0,531773.79,580,2021,1
Hibiscus,2021-02-22,623770.65,NGN,NGN/MT,Historical (World Bank/FAOSTAT/NEPC),wholesale,National,,,0.7,False,"Synthetic historical — verified annual anchors, weekly interpolated",Synthetic (World Bank/FAO × FX),historical,False,,609806.79,401.0,228.93846153846152,164.82,17.3,20.1,1,0,0,0,0,0,0,0,1,1,0,0,1,0,0,0,0,0,0,0,0.8660254037844386,0.5000000000000001,0.8229838658936564,0.5680647467311559,1,1555.54,623770.65,623770.65,621864.76,494805.83,490270.75,508636.5,475685.21,623770.65,0.0,617151.95,16437.30488893184,576363.3658333333,61659.111196534555,535226.1353846154,56933.449273135266,623770.65,623770.65,623770.65,494727.3,0.0,0.30647982046771993,27.229831679740222,31.130974200354046,16.543,0.0,2.326,13.343539634864346,1.508,0,0,0.0,531773.79,581,2021,1
Hibiscus,2021-03-01,642469.07,NGN,NGN/MT,Historical (World Bank/FAOSTAT/NEPC),wholesale,National,,,0.7,False,"Synthetic historical — verified annual anchors, weekly interpolated",Synthetic (World Bank/FAO × FX),historical,False,,642469.07,401.0,228.93846153846152,164.82,18.2,22.9,1,0,0,1,0,0,0,0,1,1,0,0,0,0,0,0,0,0,0,0,1.0,6.123233995736766e-17,0.8854560256532099,0.4647231720437686,0,1602.17,623770.65,623770.65,623770.65,576538.72,494727.3,507466.48,475685.21,628445.255,9349.209999999963,625393.24375,6963.842091763234,588675.18,58548.23465294931,540418.5426923077,60353.92324493588,642469.07,623770.65,642469.07,494805.83,2.9976434447500644,2.9976434447500644,29.863274171447586,35.061813252507875,16.289,2.9976434447500644,2.525,13.373075511008873,1.508,0,0,0.0,543544.05,582,2021,1
Hibiscus,2021-03-08,642469.07,NGN,NGN/MT,Historical (World Bank/FAOSTAT/NEPC),wholesale,National,,,0.7,False,"Synthetic historical — verified annual anchors, weekly interpolated",Synthetic (World Bank/FAO × FX),historical,False,,673450.16,401.0,228.93846153846152,164.82,18.2,22.9,1,0,0,1,0,0,0,0,1,1,0,0,0,0,0,0,0,0,0,0,1.0,6.123233995736766e-17,0.9350162426854148,0.3546048870425355,0,1602.17,642469.07,623770.65,623770.65,621864.76,494805.83,505916.78,475515.78,633119.86,10795.537820420639,627968.7825,8988.34262870727,600980.4500000001,52199.0467392756,545670.5538461539,63109.956622114325,642469.07,623770.65,642469.07,494805.83,0.0,2.9976434447500644,29.842663737409868,35.10993683532435,16.026,-2.9976434447500644,2.343,13.373075511008873,1.508,0,0,0.0,543544.05,583,2021,1
Hibiscus,2021-03-15,635195.09,NGN,NGN/MT,Historical (World Bank/FAOSTAT/NEPC),wholesale,National,,,0.7,False,"Synthetic historical — verified annual anchors, weekly interpolated",Synthetic (World Bank/FAO × FX),historical,False,,633940.0,401.0,238.7888888888889,174.31230769230768,18.2,22.9,1,0,0,1,0,0,0,0,1,1,0,0,0,0,0,0,0,0,0,0,1.0,6.123233995736766e-17,0.970941817426052,0.239315664287558,0,1584.03,642469.07,642469.07,623770.65,621864.76,494805.83,504346.62,475515.78,635975.97,8829.879295075294,629635.07375,8930.528217002078,612679.555,40706.60907915309,550703.1873076924,64875.304484111875,642469.07,623770.65,642469.07,494805.83,-1.132191468765953,1.8315129126386331,28.37259617575645,33.58023365701974,15.484,-1.132191468765953,2.063,13.361689033354557,1.58,0,0,0.0,537390.09,584,2021,1
Hibiscus,2021-03-22,633940.0,NGN,NGN/MT,Historical (World Bank/FAOSTAT/NEPC),wholesale,National,,,0.7,False,"Synthetic historical — verified annual anchors, weekly interpolated",Synthetic (World Bank/FAO × FX),historical,False,,635195.09,401.0,238.7888888888889,174.31230769230768,18.2,22.9,1,0,0,1,0,0,0,0,1,1,0,0,0,0,0,0,0,0,0,0,1.0,6.123233995736766e-17,0.992708874098054,0.120536680255323,0,1580.9,635195.09,642469.07,623770.65,621864.76,494805.83,504346.62,475515.78,638518.3075,4590.632591835762,631144.47875,8436.388244258087,624274.0691666667,16981.02315431979,555687.5480769231,66137.31890334029,642469.07,633940.0,642469.07,576538.72,-0.1975912628669696,1.6303027402780224,28.118943141797658,33.316290786396195,14.906,0.9346002058989833,1.926,13.35971116915211,1.58,0,0,0.0,536328.26,585,2021,1
Hibiscus,2021-03-29,633428.03,NGN,NGN/MT,Historical (World Bank/FAOSTAT/NEPC),wholesale,National,,,0.7,False,"Synthetic historical — verified annual anchors, weekly interpolated",Synthetic (World Bank/FAO × FX),historical,False,,621811.19,401.0,238.7888888888889,174.31230769230768,18.2,22.9,1,0,0,1,0,0,0,0,1,1,0,0,0,0,0,0,0,0,0,0,1.0,6.123233995736766e-17,1.0,-1.6081226496766364e-16,0,1579.62,633940.0,635195.09,642469.07,623770.65,576538.72,504346.62,475515.78,636258.0475,4206.701891223578,632351.65125,7904.715216465902,629014.8450000001,8018.946847053989,560652.2176923077,66968.7894090218,642469.07,633428.03,642469.07,621864.76,-0.08076000883363577,-1.4072335030852035,9.867387571124464,33.20862453818041,13.485,0.11683125403333383,1.818,13.358903244054105,1.58,0,0,0.0,535895.12,586,2021,1
Hibiscus,2021-04-05,633428.03,NGN,NGN/MT,Historical (World Bank/FAOSTAT/NEPC),wholesale,National,,,0.7,False,"Synthetic historical — verified annual anchors, weekly interpolated",Synthetic (World Bank/FAO × FX),historical,False,,633428.03,401.0,238.7888888888889,174.31230769230768,18.2,22.9,0,1,1,1,0,0,0,0,1,0,0,0,0,0,0,0,0,0,0,0,0.8660254037844387,-0.4999999999999998,0.992708874098054,-0.1205366802553228,0,1579.62,633428.03,633940.0,642469.07,623770.65,621864.76,513066.87,487093.8,633997.7875,833.8904582878992,633558.82375,7103.9078156914375,629978.4508333333,7772.613026209682,565281.4930769231,67703.83665924484,635195.09,633428.03,642469.07,621864.76,0.0,-1.4072335030852035,1.8594509198430975,30.04231012589362,12.156,0.08076000883363577,1.726,13.358903244054105,1.58,0,0,0.333,535895.12,587,2021,2
Hibiscus,2021-04-12,633428.03,NGN,NGN/MT,Historical (World Bank/FAOSTAT/NEPC),wholesale,National,,,0.7,False,"Synthetic historical — verified annual anchors, weekly interpolated",Synthetic (World Bank/FAO × FX),historical,False,,666191.55,401.0,255.78384615384616,168.0411111111111,18.2,22.9,0,1,1,1,0,0,0,0,1,0,0,0,0,0,0,0,0,0,0,0,0.8660254037844387,-0.4999999999999998,0.970941817426052,-0.2393156642875575,0,1579.62,633428.03,633428.03,635195.09,623770.65,621864.76,513066.87,494231.67,633556.0225000001,255.98499999705683,634765.99625,5925.841493754214,630942.0566666666,7382.250389038392,569910.7684615385,68104.51853903205,633940.0,633428.03,642469.07,621864.76,0.0,-0.2781916969792575,1.8594509198430975,28.164192715533588,11.168,0.0,1.643,13.358903244054105,1.635,0,0,0.333,535895.12,588,2021,2
Hibiscus,2021-04-19,651395.54,NGN,NGN/MT,Historical (World Bank/FAOSTAT/NEPC),wholesale,National,,,0.7,False,"Synthetic historical — verified annual anchors, weekly interpolated",Synthetic (World Bank/FAO × FX),historical,False,,633306.37,401.0,255.78384615384616,168.0411111111111,18.2,22.9,0,1,1,1,0,0,0,0,1,0,0,0,0,0,0,0,0,1,0,0,0.8660254037844387,-0.4999999999999998,0.9350162426854148,-0.3546048870425354,0,1624.43,633428.03,633428.03,633940.0,623770.65,621864.76,513066.87,494231.67,637919.9075000001,8983.755000000025,638219.1075,6612.341811237289,633402.955,8856.170151519376,575231.1019230769,68884.89549517004,651395.54,633428.03,651395.54,623770.65,2.836551139045751,2.753500331261649,4.748746335135645,31.799635583854858,10.898,2.836551139045751,1.856,13.386873860173688,1.635,0,0,0.333,551096.06,589,2021,2
Hibiscus,2021-04-26,651395.54,NGN,NGN/MT,Historical (World Bank/FAOSTAT/NEPC),wholesale,National,,,0.7,False,"Synthetic historical — verified annual anchors, weekly interpolated",Synthetic (World Bank/FAO × FX),historical,False,,651395.54,401.0,255.78384615384616,168.0411111111111,18.2,22.9,0,1,1,1,0,0,0,0,1,0,0,0,0,0,0,0,0,1,0,0,0.8660254037844387,-0.4999999999999998,0.8854560256532099,-0.4647231720437685,0,1624.43,651395.54,633428.03,633428.03,642469.07,623770.65,495109.65,501173.55,642411.785,10373.54673516736,639334.91625,8032.589054626113,635705.0291666667,9677.088766878487,581242.0976923078,68431.09276644455,651395.54,633428.03,651395.54,623770.65,0.0,2.836551139045751,4.428693462893785,29.97404591682862,10.524,-2.836551139045751,1.76,13.386873860173688,1.635,0,0,0.333,551096.06,590,2021,2
Hibiscus,2021-05-03,653499.39,NGN,NGN/MT,Historical (World Bank/FAOSTAT/NEPC),wholesale,National,,,0.7,False,"Synthetic historical — verified annual anchors, weekly interpolated",Synthetic (World Bank/FAO × FX),historical,False,,653499.39,401.0,255.78384615384616,168.0411111111111,18.2,22.9,0,1,1,1,0,0,0,0,1,0,1,0,0,0,0,0,0,1,0,0,0.4999999999999999,-0.8660254037844387,0.8229838658936565,-0.5680647467311557,0,1629.67,651395.54,651395.54,633428.03,642469.07,623770.65,493878.87,501173.55,647429.625,9386.93548278153,640713.70625,9466.16765430968,638182.4241666667,10138.435223370725,587381.3484615384,67432.69051991616,653499.39,633428.03,653499.39,623770.65,0.3229758066811472,3.168688319650137,4.765972878012126,30.393830640104614,10.223,0.3229758066811472,1.705,13.39009840883277,1.635,0,0,0.333,552875.96,591,2021,2
Hibiscus,2021-05-10,669636.54,NGN,NGN/MT,Historical (World Bank/FAOSTAT/NEPC),wholesale,National,,,0.7,False,"Synthetic historical — verified annual anchors, weekly interpolated",Synthetic (World Bank/FAO × FX),historical,False,,672526.91,401.0,260.6045454545455,168.54999999999998,18.2,22.9,0,1,1,1,0,0,0,0,1,0,1,0,0,0,0,0,0,1,0,0,0.4999999999999999,-0.8660254037844387,0.7485107481711013,-0.663122658240795,0,1669.92,653499.39,651395.54,633428.03,635195.09,623770.65,484878.71,515094.39,656481.7525,8825.75842712486,645018.8875,13549.152912209487,642004.5816666667,12566.268229349102,594487.4188461539,65916.74059546119,669636.54,651395.54,669636.54,623770.65,2.4693443095639367,5.716278453923174,7.353005467634621,30.002685527209884,10.428,2.1463685028827895,1.861,13.414491859907299,1.657,0,0,0.333,566528.38,592,2021,2
Hibiscus,2021-05-17,669636.54,NGN,NGN/MT,Historical (World Bank/FAOSTAT/NEPC),wholesale,National,,,0.7,False,"Synthetic historical — verified annual anchors, weekly interpolated",Synthetic (World Bank/FAO × FX),historical,False,,669636.54,401.0,260.6045454545455,168.54999999999998,18.2,22.9,0,1,1,1,0,0,0,0,1,0,1,0,0,0,0,0,0,0,0,0,0.4999999999999999,-0.8660254037844387,0.6631226582407952,-0.7485107481711012,0,1669.92,669636.54,653499.39,651395.54,633940.0,623770.65,484878.71,518106.0,661042.0025,9961.21464760372,649480.9550000001,15161.339499085358,645826.7391666666,13459.58351099588,601593.4892307692,63543.94903668443,669636.54,651395.54,669636.54,633428.03,0.0,2.800295500948624,7.353005467634621,29.24701508957628,9.882,-2.4693443095639367,1.763,13.414491859907299,1.657,0,0,0.333,566528.38,593,2021,2
Hibiscus,2021-05-24,669636.54,NGN,NGN/MT,Historical (World Bank/FAOSTAT/NEPC),wholesale,National,,,0.7,False,"Synthetic historical — verified annual anchors, weekly interpolated",Synthetic (World Bank/FAO × FX),historical,False,,683636.67,401.0,260.6045454545455,168.54999999999998,18.2,22.9,0,1,1,1,0,0,0,0,1,0,1,0,0,0,0,0,0,0,0,0,0.4999999999999999,-0.8660254037844387,0.5680647467311558,-0.8229838658936564,0,1669.92,669636.54,669636.54,651395.54,633428.03,642469.07,484878.71,518106.0,665602.2525,8068.575000000771,654007.01875,15088.939605503656,648090.695,15035.9901342534,608699.5596153847,60213.105351717844,669636.54,653499.39,669636.54,633428.03,0.0,2.800295500948624,4.228603565304723,29.24701508957628,9.348,0.0,1.675,13.414491859907299,1.657,0,0,0.333,566528.38,594,2021,2
Hibiscus,2021-05-31,672526.91,NGN,NGN/MT,Historical (World Bank/FAOSTAT/NEPC),wholesale,National,,,0.7,False,"Synthetic historical — verified annual anchors, weekly interpolated",Synthetic (World Bank/FAO × FX),historical,False,,652855.77,401.0,260.6045454545455,168.54999999999998,18.2,22.9,0,1,1,1,0,0,0,0,1,0,1,0,0,0,0,0,0,0,0,0,0.4999999999999999,-0.8660254037844387,0.464723172043769,-0.8854560256532096,0,1677.12,669636.54,669636.54,653499.39,633428.03,642469.07,490270.75,518106.0,670359.1325000001,1445.184999999988,658894.37875,13743.226803006572,650595.515,16451.3813998257,615709.411923077,56360.060450238365,672526.91,669636.54,672526.91,633428.03,0.431632658516512,2.911635464571738,4.678488257808278,29.804887416860648,8.876,0.431632658516512,1.634,13.418798891455689,1.657,0,0,0.333,568973.7,595,2021,2
Hibiscus,2021-06-07,673403.1,NGN,NGN/MT,Historical (World Bank/FAOSTAT/NEPC),wholesale,National,,,0.7,False,"Synthetic historical — verified annual anchors, weekly interpolated",Synthetic (World Bank/FAO × FX),historical,False,,676974.31,401.0,260.6045454545455,168.54999999999998,18.2,22.9,0,1,1,0,0,0,0,1,0,0,1,0,0,0,0,0,0,0,1,0,1.2246467991473532e-16,-1.0,0.3546048870425358,-0.9350162426854148,0,1679.31,672526.91,669636.54,669636.54,633428.03,635195.09,494727.3,512448.9,671300.7725,1954.6980767947077,663891.2625000001,9887.59162267535,653779.5158333334,16891.326330558095,622581.558076923,51720.56240052193,673403.1,669636.54,673403.1,633428.03,0.1302832625686312,0.5624782661949546,6.015161420721937,31.408829251072625,7.825,-0.3013493959478808,1.57,13.420100874196665,1.657,0,0,0.333,569714.97,596,2021,2
Hibiscus,2021-06-14,673403.1,NGN,NGN/MT,Historical (World Bank/FAOSTAT/NEPC),wholesale,National,,,0.7,False,"Synthetic historical — verified annual anchors, weekly interpolated",Synthetic (World Bank/FAO × FX),historical,False,,662459.81,401.0,254.2758333333333,167.08272727272728,18.2,22.9,0,1,1,0,0,0,0,1,0,0,1,0,0,0,0,0,0,0,1,0,1.2246467991473532e-16,-1.0,0.2393156642875576,-0.970941817426052,0,1679.31,673403.1,672526.91,669636.54,651395.54,633940.0,494805.83,512448.9,672242.4125,1785.6745932630208,666642.2075,8929.418964962248,657068.1075,16514.970075396926,629450.6838461538,45565.24978701952,673403.1,669636.54,673403.1,633428.03,0.0,0.5624782661949546,6.22505284411774,31.408829251072625,6.798,-0.1302832625686312,1.499,13.420100874196665,1.625,0,0,0.333,569714.97,597,2021,2
Hibiscus,2021-06-21,673403.1,NGN,NGN/MT,Historical (World Bank/FAOSTAT/NEPC),wholesale,National,,,0.7,False,"Synthetic historical — verified annual anchors, weekly interpolated",Synthetic (World Bank/FAO × FX),historical,False,,673403.1,401.0,254.2758333333333,167.08272727272728,18.2,22.9,0,1,1,0,0,0,0,1,0,0,1,0,0,0,0,0,0,0,1,0,1.2246467991473532e-16,-1.0,0.120536680255323,-0.992708874098054,0,1679.31,673403.1,673403.1,669636.54,651395.54,633428.03,494805.83,521802.04,673184.0525,438.0950000002224,669393.1525000001,6663.8563669951,660399.3633333333,15300.024162629412,636319.8096153847,37137.88944604932,673403.1,672526.91,673403.1,633428.03,0.0,0.5624782661949546,6.310909544056642,29.0533666752242,5.793,0.0,1.434,13.420100874196665,1.625,0,0,0.333,569714.97,598,2021,2
Hibiscus,2021-06-28,690225.23,NGN,NGN/MT,Historical (World Bank/FAOSTAT/NEPC),wholesale,National,,,0.7,False,"Synthetic historical — verified annual anchors, weekly interpolated",Synthetic (World Bank/FAO × FX),historical,False,,690225.23,401.0,254.2758333333333,167.08272727272728,18.2,22.9,0,1,1,0,0,0,0,1,0,0,1,0,0,0,0,0,0,0,1,0,1.2246467991473532e-16,-1.0,-3.216245299353273e-16,-1.0,0,1721.26,673403.1,673403.1,672526.91,653499.39,633428.03,494805.83,521802.04,677608.6325,8411.065000000026,673983.8825,6799.309028507267,665132.4633333334,14979.685657787948,643835.9403846153,25212.1882966858,690225.23,673403.1,690225.23,633428.03,2.4980773031784365,2.6316151423591227,8.96663824617927,32.27721953712561,5.246,2.4980773031784365,1.591,13.444774692401179,1.625,0,0,0.333,583946.9,599,2021,2
Hibiscus,2021-07-05,690225.23,NGN,NGN/MT,Historical (World Bank/FAOSTAT/NEPC),wholesale,National,,,0.7,False,"Synthetic historical — verified annual anchors, weekly interpolated",Synthetic (World Bank/FAO × FX),historical,False,,697999.34,401.0,254.2758333333333,167.08272727272728,18.2,22.9,0,1,1,0,0,0,1,1,0,0,1,0,0,0,0,0,0,0,1,0,-0.4999999999999997,-0.8660254037844388,-0.1205366802553228,-0.992708874098054,0,1721.26,690225.23,673403.1,673403.1,669636.54,633428.03,576538.72,522548.08,681814.165,9712.261283842932,676557.46875,8581.620186437653,669865.5633333334,12876.863766770206,648208.4984615385,22818.685693681255,690225.23,673403.1,690225.23,651395.54,0.0,2.4980773031784365,8.96663824617927,32.08836783019085,5.184,-2.4980773031784365,1.518,13.444774692401179,1.625,0,0,0.333,583946.9,600,2021,3
Hibiscus,2021-07-12,697999.34,NGN,NGN/MT,Historical (World Bank/FAOSTAT/NEPC),wholesale,National,,,0.7,False,"Synthetic historical — verified annual anchors, weekly interpolated",Synthetic (World Bank/FAO × FX),historical,False,,663618.66,401.0,263.6,168.27,18.2,22.9,0,1,1,0,0,0,1,1,0,0,1,0,0,0,0,0,0,0,1,0,-0.4999999999999997,-0.8660254037844388,-0.2393156642875574,-0.970941817426052,0,1740.65,690225.23,690225.23,673403.1,669636.54,651395.54,621864.76,522548.08,687963.225,10375.518903471835,680102.8187500001,10868.092026852333,673749.2133333334,13795.007676934772,651136.7515384615,24149.123749327497,697999.34,673403.1,697999.34,651395.54,1.126314956641039,3.652528478113637,7.154454880056438,33.57609887304531,5.656,1.126314956641039,1.548,13.455974868850408,1.67,0,0,0.333,590523.98,601,2021,3
Hibiscus,2021-07-19,700305.18,NGN,NGN/MT,Historical (World Bank/FAOSTAT/NEPC),wholesale,National,,,0.7,False,"Synthetic historical — verified annual anchors, weekly interpolated",Synthetic (World Bank/FAO × FX),historical,False,,700305.18,401.0,263.6,168.27,18.2,22.9,0,1,1,0,0,0,1,1,0,0,1,0,0,0,0,0,0,0,1,0,-0.4999999999999997,-0.8660254037844388,-0.3546048870425356,-0.9350162426854148,0,1746.4,697999.34,690225.23,673403.1,669636.54,651395.54,621864.76,522548.08,694688.745,5239.284737242447,683936.3987499999,11998.986233371808,677825.0166666667,13815.377418057866,654153.6907692308,25221.84714479254,700305.18,690225.23,700305.18,653499.39,0.3303498825657947,3.994944484217555,7.50843949591673,34.0173673588084,6.197,-0.7959650740752444,1.507,13.459272918394047,1.67,0,0,0.333,592474.77,602,2021,3
Hibiscus,2021-07-26,700305.18,NGN,NGN/MT,Historical (World Bank/FAOSTAT/NEPC),wholesale,National,,,0.7,False,"Synthetic historical — verified annual anchors, weekly interpolated",Synthetic (World Bank/FAO × FX),historical,False,,710256.69,401.0,263.6,168.27,18.2,22.9,0,1,1,0,0,0,1,1,0,0,1,0,0,0,0,0,0,0,1,0,-0.4999999999999997,-0.8660254037844388,-0.464723172043768,-0.8854560256532101,0,1746.4,700305.18,697999.34,690225.23,672526.91,653499.39,621864.76,522548.08,697208.7325,4780.876545400425,687408.6825,12242.41003905448,681725.4991666666,12900.203138678491,657170.63,25887.660583763554,700305.18,690225.23,700305.18,669636.54,0.0,1.4603856193434295,7.16233109261204,34.0173673588084,6.092,-0.3303498825657947,1.441,13.459272918394047,1.67,0,0,0.333,592474.77,603,2021,3
Hibiscus,2021-08-02,700305.18,NGN,NGN/MT,Historical (World Bank/FAOSTAT/NEPC),wholesale,National,,,0.7,False,"Synthetic historical — verified annual anchors, weekly interpolated",Synthetic (World Bank/FAO × FX),historical,False,,677803.84,401.0,263.6,168.27,18.2,22.9,0,1,0,0,1,0,1,1,0,0,1,0,0,0,0,1,0,0,1,0,-0.8660254037844384,-0.5000000000000004,-0.5680647467311556,-0.8229838658936565,0,1746.4,700305.18,700305.18,690225.23,673403.1,669636.54,623770.65,522548.08,699728.72,1152.9200000004685,690771.4425,11519.14116970284,684281.2191666666,13318.64312200725,660114.2657692308,26286.12959118667,700305.18,697999.34,700305.18,669636.54,0.0,1.4603856193434295,4.57989344488281,34.0173673588084,6.001,0.0,1.38,13.459272918394047,1.67,0,0,0.333,592474.77,604,2021,3
Hibiscus,2021-08-09,677803.84,NGN,NGN/MT,Historical (World Bank/FAOSTAT/NEPC),wholesale,National,,,0.7,False,"Synthetic historical — verified annual anchors, weekly interpolated",Synthetic (World Bank/FAO × FX),historical,False,,707195.44,401.0,267.7263636363636,167.119,18.2,22.9,0,1,0,0,1,0,1,1,0,0,1,0,0,0,0,1,0,0,1,0,-0.8660254037844384,-0.5000000000000004,-0.663122658240795,-0.7485107481711013,0,1690.28,700305.18,700305.18,697999.34,673403.1,669636.54,623770.65,520215.96,694679.8450000001,11250.67000000013,691321.535,10642.99147222549,684961.8275,12696.3841712321,662192.4653846155,25419.509119355476,700305.18,677803.84,700305.18,669636.54,-3.2130763333779844,-2.893340844706238,1.2196616391333626,30.29278071360977,4.906,-3.2130763333779844,1.053,13.426614678879076,1.684,0,0,0.333,573438.1,605,2021,3
Hibiscus,2021-08-16,653958.44,NGN,NGN/MT,Historical (World Bank/FAOSTAT/NEPC),wholesale,National,,,0.7,False,"Synthetic historical — verified annual anchors, weekly interpolated",Synthetic (World Bank/FAO × FX),historical,False,,653958.44,401.0,267.7263636363636,167.119,18.2,22.9,0,1,0,0,1,0,1,1,0,0,1,0,0,0,0,1,0,0,1,0,-0.8660254037844384,-0.5000000000000004,-0.7485107481711011,-0.6631226582407952,0,1630.82,677803.84,700305.18,700305.18,673403.1,669636.54,623770.65,518930.8,683093.16,22130.79363316806,688890.9524999999,16127.091568273738,683655.3191666667,15012.24322307175,663353.5342307693,24257.204513963847,700305.18,653958.44,700305.18,653958.44,-3.518038493260822,-6.618077564412717,-2.3412850200797086,26.020355700605926,2.976,-0.3049621598828378,0.722,13.390800610167494,1.684,0,0,0.333,553264.33,606,2021,3
Hibiscus,2021-08-23,644501.11,NGN,NGN/MT,Historical (World Bank/FAOSTAT/NEPC),wholesale,National,,,0.7,False,"Synthetic historical — verified annual anchors, weekly interpolated",Synthetic (World Bank/FAO × FX),historical,False,,644501.11,401.0,267.7263636363636,167.119,18.2,22.9,0,1,0,0,1,0,1,1,0,0,1,0,0,0,0,1,0,0,1,0,-0.8660254037844384,-0.5000000000000004,-0.8229838658936564,-0.5680647467311559,0,1607.23,653958.44,677803.84,700305.18,690225.23,672526.91,623770.65,508636.5,669142.1425,25059.164751194294,683175.4375,22449.697752233264,681319.8358333333,18642.080279348156,664150.8596153847,23222.72983450857,700305.18,644501.11,700305.18,644501.11,-1.4461668236898872,-7.96853594600001,-4.167238452956479,26.711533678766664,0.752,2.071871669570935,0.574,13.376233375211722,1.684,0,0,0.333,545263.21,607,2021,3
Hibiscus,2021-08-30,644501.11,NGN,NGN/MT,Historical (World Bank/FAOSTAT/NEPC),wholesale,National,,,0.7,False,"Synthetic historical — verified annual anchors, weekly interpolated",Synthetic (World Bank/FAO × FX),historical,False,,633774.4,401.0,267.7263636363636,167.119,18.2,22.9,0,1,0,0,1,0,1,1,0,0,1,0,0,0,0,1,0,0,1,0,-0.8660254037844384,-0.5000000000000004,-0.8854560256532096,-0.4647231720437691,0,1607.23,644501.11,653958.44,700305.18,690225.23,673403.1,642469.07,507466.48,655191.125,15720.551658905211,677459.9225,25946.620048886034,678911.3366666667,21418.19994020299,664229.015,23150.147617946728,677803.84,644501.11,700305.18,644501.11,0.0,-7.96853594600001,-4.291930049030068,27.003681110129673,-1.361,1.4461668236898872,0.547,13.376233375211722,1.684,0,0,0.333,545263.21,608,2021,3
Hibiscus,2021-09-06,662760.13,NGN,NGN/MT,Historical (World Bank/FAOSTAT/NEPC),wholesale,National,,,0.7,False,"Synthetic historical — verified annual anchors, weekly interpolated",Synthetic (World Bank/FAO × FX),historical,False,,679172.86,401.0,267.7263636363636,167.119,18.2,22.9,0,1,0,0,1,1,0,0,0,0,0,0,0,0,0,1,0,0,0,0,-1.0,-1.8369701987210287e-16,-0.9350162426854148,-0.3546048870425359,0,1652.77,644501.11,644501.11,677803.84,697999.34,673403.1,642469.07,505916.78,651430.1975,8770.858714301185,673055.02125,24932.997733510023,678024.4225,21882.358149906497,665009.4403846153,22725.36919546396,662760.13,644501.11,700305.18,644501.11,2.8330470990189704,-2.2194784260885836,-1.5804753497570712,31.00180824205909,-2.042,2.8330470990189704,0.752,13.404169917673029,1.684,0,0,0.667,560710.77,609,2021,3
Hibiscus,2021-09-13,662760.13,NGN,NGN/MT,Historical (World Bank/FAOSTAT/NEPC),wholesale,National,,,0.7,False,"Synthetic historical — verified annual anchors, weekly interpolated",Synthetic (World Bank/FAO × FX),historical,False,,662760.13,401.0,279.04357142857145,166.08692307692309,18.2,22.9,0,1,0,0,1,1,0,0,0,0,0,0,0,0,0,1,0,0,0,0,-1.0,-1.8369701987210287e-16,-0.970941817426052,-0.2393156642875577,0,1652.77,662760.13,644501.11,653958.44,700305.18,673403.1,635195.09,504346.62,653630.62,10541.85011213912,668361.89,22484.24978374803,677137.5083333334,22298.42265766125,666069.6342307691,21907.076253417563,662760.13,644501.11,700305.18,644501.11,0.0,1.3459096880835464,-1.5804753497570712,31.409650371008734,-1.868,-2.8330470990189704,0.721,13.404169917673029,1.73,0,0,0.667,560710.77,610,2021,3
Hibiscus,2021-09-20,655459.39,NGN,NGN/MT,Historical (World Bank/FAOSTAT/NEPC),wholesale,National,,,0.7,False,"Synthetic historical — verified annual anchors, weekly interpolated",Synthetic (World Bank/FAO × FX),historical,False,,648916.1,401.0,279.04357142857145,166.08692307692309,18.2,22.9,0,1,0,0,1,1,0,0,0,0,0,0,0,0,0,1,0,0,0,0,-1.0,-1.8369701987210287e-16,-0.992708874098054,-0.1205366802553235,0,1634.56,662760.13,662760.13,644501.11,700305.18,690225.23,633940.0,504346.62,656370.19,8628.775175609031,662756.16625,18645.175701203283,674240.355,22698.311050553377,666897.303076923,21033.737383041185,662760.13,644501.11,700305.18,644501.11,-1.1015659617303775,1.7002732547660049,-5.036883395294023,29.962086392092814,-1.579,-1.1015659617303775,0.595,13.393093153205253,1.73,0,0,0.667,554534.17,611,2021,3
Hibiscus,2021-09-27,655459.39,NGN,NGN/MT,Historical (World Bank/FAOSTAT/NEPC),wholesale,National,,,0.7,False,"Synthetic historical — verified annual anchors, weekly interpolated",Synthetic (World Bank/FAO × FX),historical,False,,655459.39,401.0,279.04357142857145,166.08692307692309,18.2,22.9,0,1,0,0,1,1,0,0,0,0,0,0,0,0,0,1,0,0,0,0,-1.0,-1.8369701987210287e-16,-1.0,-1.8369701987210287e-16,0,1634.56,655459.39,662760.13,644501.11,700305.18,690225.23,633428.03,504346.62,659109.76,4215.084204284084,657150.4425,10858.9623185876,671343.2016666667,22691.273890174052,667744.6630769231,20052.349318238597,662760.13,655459.39,700305.18,644501.11,0.0,1.7002732547660049,-5.036883395294023,29.962086392092814,-1.293,1.1015659617303775,0.566,13.393093153205253,1.73,0,0,0.667,554534.17,612,2021,3
Hibiscus,2021-10-04,652519.81,NGN,NGN/MT,Historical (World Bank/FAOSTAT/NEPC),wholesale,National,,,0.7,False,"Synthetic historical — verified annual anchors, weekly interpolated",Synthetic (World Bank/FAO × FX),historical,False,,628052.96,401.0,279.04357142857145,166.08692307692309,18.2,22.9,0,1,0,0,0,1,0,0,0,1,0,1,0,1,1,1,1,0,0,0,-0.8660254037844386,0.5000000000000001,-0.992708874098054,0.1205366802553232,0,1627.23,655459.39,655459.39,662760.13,677803.84,697999.34,633428.03,513066.87,656549.68,4366.043441058131,653989.93875,6973.307228101733,667553.2408333333,21606.47576310971,668478.9623076923,19070.986965153428,662760.13,652519.81,700305.18,644501.11,-0.4484762969068079,-1.5451019964040302,-6.515698138052672,27.180265995346776,-1.785,-0.4484762969068079,0.497,13.38859831039073,1.73,0,0,1.0,552047.22,613,2021,4
Hibiscus,2021-10-11,652519.81,NGN,NGN/MT,Historical (World Bank/FAOSTAT/NEPC),wholesale,National,,,0.7,False,"Synthetic historical — verified annual anchors, weekly interpolated",Synthetic (World Bank/FAO × FX),historical,False,,697692.16,401.0,277.7688888888889,165.30888888888887,18.2,22.9,0,1,0,0,0,1,0,0,0,1,0,1,0,1,1,1,1,0,0,0,-0.8660254037844386,0.5000000000000001,-0.970941817426052,0.2393156642875573,0,1627.23,652519.81,655459.39,662760.13,653958.44,700305.18,633428.03,513066.87,653989.6000000001,1697.1673043069745,653810.1100000001,6992.75824609373,663571.1266666667,19302.061756401792,669213.2615384615,18005.18947748118,655459.39,652519.81,700305.18,644501.11,0.0,-1.5451019964040302,-6.823506574662208,27.180265995346776,-2.275,0.4484762969068079,0.469,13.38859831039073,1.722,0,0,1.0,552047.22,614,2021,4
Hibiscus,2021-10-18,652519.81,NGN,NGN/MT,Historical (World Bank/FAOSTAT/NEPC),wholesale,National,,,0.7,False,"Synthetic historical — verified annual anchors, weekly interpolated",Synthetic (World Bank/FAO × FX),historical,False,,652519.81,401.0,277.7688888888889,165.30888888888887,18.2,22.9,0,1,0,0,0,1,0,0,0,1,0,1,0,1,1,1,1,0,0,0,-0.8660254037844386,0.5000000000000001,-0.9350162426854148,0.3546048870425355,0,1627.23,652519.81,652519.81,655459.39,644501.11,700305.18,651395.54,513066.87,653254.7050000001,1469.7900000031145,654812.4475,5967.299276616258,659589.0125000001,15610.950688718875,669256.5026923077,17961.985092648025,655459.39,652519.81,700305.18,644501.11,0.0,-0.4484762969068079,-6.823506574662208,27.180265995346776,-2.391,0.0,0.44,13.38859831039073,1.722,0,0,1.0,552047.22,615,2021,4
Hibiscus,2021-10-25,652519.81,NGN,NGN/MT,Historical (World Bank/FAOSTAT/NEPC),wholesale,National,,,0.7,False,"Synthetic historical — verified annual anchors, weekly interpolated",Synthetic (World Bank/FAO × FX),historical,False,,652133.2,401.0,277.7688888888889,165.30888888888887,18.2,22.9,0,1,0,0,0,1,0,0,0,1,0,1,0,1,1,1,1,0,0,0,-0.8660254037844386,0.5000000000000001,-0.8854560256532101,0.464723172043768,0,1627.23,652519.81,652519.81,655459.39,644501.11,700305.18,651395.54,495109.65,652519.81,0.0031193682468702772,655814.785,4474.621876334279,655606.8983333333,8957.475926556453,669299.7438461538,17918.568013054446,652519.81,652519.81,677803.84,644501.11,0.0,-0.4484762969068079,-6.823506574662208,31.792989694303063,-2.507,0.0,0.409,13.38859831039073,1.722,0,0,1.0,552047.22,616,2021,4
Hibiscus,2021-11-01,659379.68,NGN,NGN/MT,Historical (World Bank/FAOSTAT/NEPC),wholesale,National,,,0.7,False,"Synthetic historical — verified annual anchors, weekly interpolated",Synthetic (World Bank/FAO × FX),historical,False,,664152.45,401.0,277.7688888888889,165.30888888888887,15.4,18.1,1,0,0,0,0,1,0,0,0,1,0,1,1,1,1,0,1,0,0,0,-0.5000000000000004,0.8660254037844384,-0.822983865893657,0.5680647467311548,1,1644.34,652519.81,652519.81,652519.81,662760.13,677803.84,653499.39,493878.87,654234.7775000001,3429.9350000012414,655392.22875,3839.6040619885366,654071.5516666666,5845.295810478768,669525.9088461538,17747.45453322442,659379.68,652519.81,662760.13,644501.11,1.0512891554970594,1.0512891554970594,-2.718214166505739,33.510405091839644,-2.284,1.0512891554970594,0.483,13.399056309827476,1.722,0,0,0.667,571386.2,617,2021,4
Hibiscus,2021-11-08,659379.68,NGN,NGN/MT,Historical (World Bank/FAOSTAT/NEPC),wholesale,National,,,0.7,False,"Synthetic historical — verified annual anchors, weekly interpolated",Synthetic (World Bank/FAO × FX),historical,False,,659379.68,401.0,277.7688888888889,165.30888888888887,15.4,18.1,1,0,0,0,0,1,0,0,0,1,0,1,1,1,1,0,1,0,0,0,-0.5000000000000004,0.8660254037844384,-0.7485107481711011,0.6631226582407952,1,1644.34,659379.68,652519.81,652519.81,662760.13,653958.44,669636.54,484878.71,655949.745,3960.547791106764,654969.6725,3009.1119676251715,654523.3216666667,6041.948758405781,669131.4142307693,17858.54529879438,659379.68,652519.81,662760.13,644501.11,0.0,1.0512891554970594,0.8289884598782882,35.98858155681861,-1.97,-1.0512891554970594,0.453,13.399056309827476,1.722,0,0,0.667,571386.2,618,2021,4
Hibiscus,2021-11-15,654365.74,NGN,NGN/MT,Historical (World Bank/FAOSTAT/NEPC),wholesale,National,,,0.7,False,"Synthetic historical — verified annual anchors, weekly interpolated",Synthetic (World Bank/FAO × FX),historical,False,,654365.74,401.0,311.60714285714283,170.8409090909091,15.4,18.1,1,0,0,0,0,1,0,0,0,1,0,1,1,1,1,0,1,0,0,0,-0.5000000000000004,0.8660254037844384,-0.6631226582407955,0.7485107481711007,1,1631.83,659379.68,659379.68,652519.81,655459.39,644501.11,669636.54,484878.71,656411.2275,3509.537944967307,654832.96625,3008.528028321506,655345.3741666666,5161.284673838013,668544.0757692308,18090.872682096102,659379.68,652519.81,662760.13,644501.11,-0.7604025650290058,0.28289256076377,1.5305838650921721,34.954520894514005,-1.815,-0.7604025650290058,0.337,13.391423237795657,1.887,0,0,0.667,567041.37,619,2021,4
Hibiscus,2021-11-22,654365.74,NGN,NGN/MT,Historical (World Bank/FAOSTAT/NEPC),wholesale,National,,,0.7,False,"Synthetic historical — verified annual anchors, weekly interpolated",Synthetic (World Bank/FAO × FX),historical,False,,634585.75,401.0,311.60714285714283,170.8409090909091,15.4,18.1,1,0,0,0,0,1,0,0,0,1,0,1,1,1,1,0,1,0,0,0,-0.5000000000000004,0.8660254037844384,-0.5680647467311559,0.8229838658936564,1,1631.83,654365.74,659379.68,652519.81,655459.39,644501.11,669636.54,484878.71,656872.71,2894.7996087018255,654696.26,3000.8349110630843,656167.4266666666,3911.287027882847,667956.7373076924,18300.660598903374,659379.68,654365.74,662760.13,652519.81,0.0,0.28289256076377,1.5305838650921721,34.954520894514005,-1.659,0.7604025650290058,0.301,13.391423237795657,1.887,0,0,0.667,567041.37,620,2021,4
Hibiscus,2021-11-29,659193.63,NGN,NGN/MT,Historical (World Bank/FAOSTAT/NEPC),wholesale,National,,,0.7,False,"Synthetic historical — verified annual anchors, weekly interpolated",Synthetic (World Bank/FAO × FX),historical,False,,659193.63,401.0,311.60714285714283,170.8409090909091,15.4,18.1,1,0,0,0,0,1,0,0,0,1,0,1,1,1,1,0,1,0,0,0,-0.5000000000000004,0.8660254037844384,-0.4647231720437684,0.88545602565321,1,1643.87,654365.74,654365.74,659379.68,652519.81,662760.13,672526.91,490270.75,656826.1975,2842.1067150088843,655530.4875,3228.3783918010654,655870.2183333334,3476.074120611397,667443.9188461539,18354.20657834941,659379.68,654365.74,662760.13,652519.81,0.7377968779355815,-0.028215913477958043,-0.53812832706156,34.45501898695771,-1.591,0.7377968779355815,0.359,13.398774111306354,1.887,0,0,0.667,571224.98,621,2021,4
Hibiscus,2021-12-06,662710.98,NGN,NGN/MT,Historical (World Bank/FAOSTAT/NEPC),wholesale,National,,,0.7,False,"Synthetic historical — verified annual anchors, weekly interpolated",Synthetic (World Bank/FAO × FX),historical,False,,672965.49,401.0,311.60714285714283,170.8409090909091,15.4,18.1,1,0,0,0,0,0,0,0,0,1,0,1,1,1,1,0,0,0,0,1,-2.4492935982947064e-16,1.0,-0.3546048870425359,0.9350162426854148,1,1652.65,659193.63,654365.74,659379.68,652519.81,662760.13,673403.1,494727.3,657659.0225,4064.8375945620096,656804.38375,3826.0346793285944,655866.1225,3467.2354760120975,667032.6834615384,18335.118619779525,662710.98,654365.74,662710.98,652519.81,0.5335837362384632,0.5052172672351585,-0.007415956056378015,33.954802979338304,-1.405,-0.20421314169711824,0.402,13.404095755474412,1.887,0,0,0.333,574272.95,622,2021,4
Hibiscus,2021-12-13,662710.98,NGN,NGN/MT,Historical (World Bank/FAOSTAT/NEPC),wholesale,National,,,0.7,False,"Synthetic historical — verified annual anchors, weekly interpolated",Synthetic (World Bank/FAO × FX),historical,False,,662710.98,401.0,328.8,170.82500000000002,15.4,18.1,1,0,0,0,0,0,0,0,0,1,0,1,1,1,1,0,0,0,0,1,-2.4492935982947064e-16,1.0,-0.2393156642875578,0.970941817426052,1,1652.65,662710.98,659193.63,654365.74,652519.81,655459.39,673403.1,494805.83,659745.3325,3951.139974871851,658078.28,3891.7055270920187,656470.4216666667,3983.4139467414075,666621.4480769231,18306.405770538426,662710.98,654365.74,662710.98,652519.81,0.0,1.2753173783211835,1.1063370379055693,33.93354318400006,-1.031,-0.5335837362384632,0.375,13.404095755474412,1.962,0,0,0.333,574272.95,623,2021,4
Hibiscus,2021-12-20,667445.8,NGN,NGN/MT,Historical (World Bank/FAOSTAT/NEPC),wholesale,National,,,0.7,False,"Synthetic historical — verified annual anchors, weekly interpolated",Synthetic (World Bank/FAO × FX),historical,False,,667445.8,401.0,328.8,170.82500000000002,15.4,18.1,1,0,0,0,0,0,0,0,0,1,0,1,1,1,1,0,0,0,0,1,-2.4492935982947064e-16,1.0,-0.1205366802553236,0.992708874098054,1,1664.45,662710.98,662710.98,654365.74,652519.81,655459.39,673403.1,494805.83,663015.3474999999,3387.2168100417434,659944.0287499999,4391.929260289042,657469.2891666667,5063.302574049802,666392.3211538461,18255.340129790548,667445.8,659193.63,667445.8,652519.81,0.7144622833923808,1.9988913233752292,1.8287036821609925,34.890447834860794,-0.507,0.7144622833923808,0.492,13.411214965705767,1.962,0,0,0.333,578375.91,624,2021,4
Hibiscus,2021-12-27,667445.8,NGN,NGN/MT,Historical (World Bank/FAOSTAT/NEPC),wholesale,National,,,0.7,False,"Synthetic historical — verified annual anchors, weekly interpolated",Synthetic (World Bank/FAO × FX),historical,False,,627230.67,401.0,328.8,170.82500000000002,15.4,18.1,1,0,0,0,0,0,0,0,0,1,0,1,1,1,1,0,0,0,0,1,-2.4492935982947064e-16,1.0,6.432490598706546e-16,1.0,1,1664.45,667445.8,662710.98,659193.63,659379.68,652519.81,690225.23,494805.83,665078.39,2733.649601565094,660952.29375,5110.893048683694,658713.1216666667,5547.115183505628,665516.1892307693,17600.659725312868,667445.8,662710.98,667445.8,652519.81,0.0,1.2518582741765982,2.2874385989905877,34.890447834860794,-0.066,-0.7144622833923808,0.529,13.411214965705767,1.962,0,0,0.333,578375.91,625,2021,4
Hibiscus,2022-01-03,737437.01,NGN,NGN/MT,Historical (World Bank/FAOSTAT/NEPC),wholesale,National,,,0.7,False,"Synthetic historical — verified annual anchors, weekly interpolated",Synthetic (World Bank/FAO × FX),historical,False,,737437.01,425.98,328.8,170.82500000000002,15.4,18.1,1,0,0,0,0,0,0,0,0,1,0,0,1,0,0,0,0,0,0,1,0.4999999999999999,0.8660254037844387,0.120536680255323,0.992708874098054,1,1731.15,667445.8,667445.8,662710.98,659379.68,652519.81,690225.23,576538.72,683759.8975,35854.28328079489,670709.4600000001,27434.77708071794,665789.555,23152.96551929695,667332.026923077,22109.653460780988,737437.01,662710.98,737437.01,652519.81,10.486426013917537,11.275809856055208,13.013735169205054,27.90762951706003,2.462,10.486426013917537,3.285,13.510937309426069,1.962,0,0,0.0,639026.87,626,2022,1
Hibiscus,2022-01-10,757132.06,NGN,NGN/MT,Historical (World Bank/FAOSTAT/NEPC),wholesale,National,,,0.7,False,"Synthetic historical — verified annual anchors, weekly interpolated",Synthetic (World Bank/FAO × FX),historical,False,,757132.06,425.98,369.25,214.0,15.4,18.1,1,0,0,0,0,0,0,0,0,1,0,0,1,0,0,0,0,0,0,1,0.4999999999999999,0.8660254037844387,0.2393156642875577,0.970941817426052,1,1777.39,737437.01,667445.8,662710.98,654365.74,652519.81,697999.34,621864.76,707365.1675,46790.921853323314,683555.25,39911.156685478345,674507.2425,34578.03837810343,669606.3623076924,27720.024253719203,757132.06,667445.8,757132.06,652519.81,2.670743362880579,14.247701162277426,16.03204200038004,21.751883801873582,5.639,-7.815682651036958,3.534,13.537294289760679,2.272,0,0,0.0,656093.64,627,2022,1
Hibiscus,2022-01-17,761270.53,NGN,NGN/MT,Historical (World Bank/FAOSTAT/NEPC),wholesale,National,,,0.7,False,"Synthetic historical — verified annual anchors, weekly interpolated",Synthetic (World Bank/FAO × FX),historical,False,,761270.53,425.98,369.25,214.0,15.4,18.1,1,0,0,0,0,0,0,0,0,1,0,0,1,0,0,0,0,0,0,1,0.4999999999999999,0.8660254037844387,0.3546048870425356,0.9350162426854148,1,1787.1,757132.06,737437.01,667445.8,654365.74,652519.81,700305.18,621864.76,730821.3500000001,43511.04579458155,696918.34875,46150.93402804991,683569.8025,41790.50464538572,671951.1834615384,32574.18794343511,761270.53,667445.8,761270.53,654365.74,0.5465981720546909,14.057280755980472,16.66627102095184,22.417377373176773,8.761,-2.124145190825888,3.251,13.542745380036516,2.272,0,0,0.0,659679.84,628,2022,1
Hibiscus,2022-01-24,761270.53,NGN,NGN/MT,Historical (World Bank/FAOSTAT/NEPC),wholesale,National,,,0.7,False,"Synthetic historical — verified annual anchors, weekly interpolated",Synthetic (World Bank/FAO × FX),historical,False,,784947.57,425.98,369.25,214.0,15.4,18.1,1,0,0,0,0,0,0,0,0,1,0,0,1,0,0,0,0,0,0,1,0.4999999999999999,0.8660254037844387,0.4647231720437685,0.8854560256532099,1,1787.1,761270.53,757132.06,667445.8,659193.63,659379.68,700305.18,621864.76,754277.5325,11395.255641291631,709677.96125,48292.18824627392,692060.7066666667,46512.954840883,674296.0046153846,36637.67826070799,761270.53,737437.01,761270.53,654365.74,0.0,14.057280755980472,15.452531081940535,22.417377373176773,11.861,-0.5465981720546909,2.933,13.542745380036516,2.272,0,0,0.0,659679.84,629,2022,1
Hibiscus,2022-01-31,761270.53,NGN,NGN/MT,Historical (World Bank/FAOSTAT/NEPC),wholesale,National,,,0.7,False,"Synthetic historical — verified annual anchors, weekly interpolated",Synthetic (World Bank/FAO × FX),historical,False,,721411.81,425.98,369.25,214.0,15.4,18.1,1,0,0,0,0,0,0,0,0,1,0,0,1,0,0,0,0,0,0,1,0.4999999999999999,0.8660254037844387,0.5680647467311558,0.8229838658936564,1,1787.1,761270.53,761270.53,737437.01,662710.98,659379.68,700305.18,623770.65,760235.9125000001,2069.234999990484,721997.905,47157.17765357406,700551.6108333333,49225.648661282255,676640.8257692308,40151.27630735473,761270.53,757132.06,761270.53,654365.74,0.0,3.2319397693370444,15.452531081940535,22.04333916640675,12.354,0.0,2.683,13.542745380036516,2.272,0,0,0.0,659679.84,630,2022,1
Hibiscus,2022-02-07,756397.42,NGN,NGN/MT,Historical (World Bank/FAOSTAT/NEPC),wholesale,National,,,0.7,False,"Synthetic historical — verified annual anchors, weekly interpolated",Synthetic (World Bank/FAO × FX),historical,False,,794873.75,425.98,369.25,214.0,15.4,18.1,1,0,0,0,0,0,0,0,1,1,0,0,1,0,0,0,0,0,0,0,0.8660254037844386,0.5000000000000001,0.6631226582407952,0.7485107481711011,1,1775.66,761270.53,761270.53,757132.06,662710.98,654365.74,677803.84,623770.65,760052.2525,2436.555000000003,733708.7100000001,41641.050069185,709054.2508333334,49334.563248917,679663.6557692308,43093.06738560058,761270.53,756397.42,761270.53,654365.74,-0.6401285493082165,-0.09702930820285616,15.592454458266737,21.262104909873525,11.828,-0.6401285493082165,2.366,13.536323526922375,2.272,0,0,0.0,655457.04,631,2022,1
Hibiscus,2022-02-14,756397.42,NGN,NGN/MT,Historical (World Bank/FAOSTAT/NEPC),wholesale,National,,,0.7,False,"Synthetic historical — verified annual anchors, weekly interpolated",Synthetic (World Bank/FAO × FX),historical,False,,756397.42,425.98,383.6,213.775,15.4,18.1,1,0,0,0,0,0,0,0,1,1,0,0,1,0,0,0,0,0,0,0,0.8660254037844386,0.5000000000000001,0.7485107481711011,0.6631226582407953,1,1775.66,756397.42,761270.53,761270.53,667445.8,654365.74,653958.44,623770.65,758833.9750000001,2813.4913702906715,744827.6625000001,32233.06828679554,717556.8908333333,47821.537793718235,683603.6165384615,45276.49205066061,761270.53,756397.42,761270.53,659193.63,0.0,-0.6401285493082165,15.592454458266737,21.262104909873525,11.005,0.6401285493082165,2.218,13.536323526922375,2.334,0,0,0.0,655457.04,632,2022,1
Hibiscus,2022-02-21,750267.11,NGN,NGN/MT,Historical (World Bank/FAOSTAT/NEPC),wholesale,National,,,0.7,False,"Synthetic historical — verified annual anchors, weekly interpolated",Synthetic (World Bank/FAO × FX),historical,False,,750267.11,425.98,383.6,213.775,15.4,18.1,1,0,0,0,0,0,0,0,1,1,0,0,1,0,0,0,0,0,0,0,0.8660254037844386,0.5000000000000001,0.8229838658936564,0.5680647467311559,1,1761.27,756397.42,756397.42,761270.53,667445.8,659193.63,644501.11,623770.65,756083.12,4506.763946492084,755180.3262499999,8080.03367779778,725146.3475,44851.65877079025,687671.5396153847,46361.09821869649,761270.53,750267.11,761270.53,662710.98,-0.8104615163811668,-1.4454020701418768,13.81589200126221,20.27932221562523,9.948,-0.8104615163811668,1.947,13.528185901631742,2.334,0,0,0.0,650144.81,633,2022,1
Hibiscus,2022-02-28,737474.94,NGN,NGN/MT,Historical (World Bank/FAOSTAT/NEPC),wholesale,National,,,0.7,False,"Synthetic historical — verified annual anchors, weekly interpolated",Synthetic (World Bank/FAO × FX),historical,False,,736924.02,425.98,383.6,213.775,15.4,18.1,1,0,0,0,0,0,0,0,1,1,0,0,1,0,0,0,0,0,0,0,0.8660254037844386,0.5000000000000001,0.8854560256532099,0.4647231720437686,1,1731.24,750267.11,756397.42,761270.53,737437.01,662710.98,644501.11,642469.07,750134.2225,8920.582536106887,755185.0675,8068.1371590348135,731376.6774999999,40357.94297698549,691247.4561538462,46483.550527662075,756397.42,737474.94,761270.53,662710.98,-1.7050154311042731,-3.12577317290873,11.281533316378734,14.787617713643408,8.519,-0.8945539147231063,1.538,13.510988742935133,2.334,1,2,0.0,639059.74,634,2022,1
Hibiscus,2022-03-07,737474.94,NGN,NGN/MT,Historical (World Bank/FAOSTAT/NEPC),wholesale,National,,,0.7,False,"Synthetic historical — verified annual anchors, weekly interpolated",Synthetic (World Bank/FAO × FX),historical,False,,737474.94,425.98,383.6,213.775,15.4,18.1,1,0,0,1,0,0,0,0,1,1,0,0,0,0,0,0,0,0,0,0,1.0,6.123233995736766e-17,0.9350162426854148,0.3546048870425355,0,1731.24,737474.94,750267.11,756397.42,757132.06,662710.98,662760.13,642469.07,745403.6025,9491.138086019891,752727.9275,10122.262599646281,737607.0075,34075.858988866705,694121.1026923077,46959.02907755453,756397.42,737474.94,761270.53,667445.8,0.0,-2.5016584535679787,11.281533316378734,14.787617713643408,7.388,1.7050154311042731,1.471,13.510988742935133,2.334,1,2,0.0,639059.74,635,2022,1
Hibiscus,2022-03-14,777706.84,NGN,NGN/MT,Historical (World Bank/FAOSTAT/NEPC),wholesale,National,,,0.7,False,"Synthetic historical — verified annual anchors, weekly interpolated",Synthetic (World Bank/FAO × FX),historical,False,,795163.41,425.98,546.281111111111,217.0390909090909,15.4,18.1,1,0,0,1,0,0,0,0,1,1,0,0,0,0,0,0,0,0,0,0,1.0,6.123233995736766e-17,0.970941817426052,0.239315664287558,0,1825.69,737474.94,737474.94,756397.42,761270.53,667445.8,662760.13,635195.09,750730.9575,18968.020377095094,754782.46625,13279.53515409022,746795.4275000001,27708.027402039243,698542.13,49243.73772446146,777706.84,737474.94,777706.84,667445.8,5.455358252580078,2.817225368114018,16.519849252178975,22.435902330416326,7.471,5.455358252580078,2.319,13.564106205640323,3.053,1,2,0.0,673922.74,636,2022,1
Hibiscus,2022-03-21,777706.84,NGN,NGN/MT,Historical (World Bank/FAOSTAT/NEPC),wholesale,National,,,0.7,False,"Synthetic historical — verified annual anchors, weekly interpolated",Synthetic (World Bank/FAO × FX),historical,False,,777706.84,425.98,546.281111111111,217.0390909090909,15.4,18.1,1,0,0,1,0,0,0,0,1,1,0,0,0,0,0,0,0,0,0,0,1.0,6.123233995736766e-17,0.992708874098054,0.120536680255323,0,1825.69,777706.84,737474.94,750267.11,761270.53,667445.8,655459.39,633940.0,757590.8899999999,23227.89829501011,756837.005,15510.757935633137,755983.8475,13787.70829673193,703243.955,50777.863418528716,777706.84,737474.94,777706.84,737437.01,0.0,3.657328121447301,16.519849252178975,22.678303940435995,7.728,-5.455358252580078,2.173,13.564106205640323,3.053,1,2,0.0,673922.74,637,2022,1
Hibiscus,2022-03-28,768918.11,NGN,NGN/MT,Historical (World Bank/FAOSTAT/NEPC),wholesale,National,,,0.7,False,"Synthetic historical — verified annual anchors, weekly interpolated",Synthetic (World Bank/FAO × FX),historical,False,,745969.71,425.98,546.281111111111,217.0390909090909,15.4,18.1,1,0,0,1,0,0,0,0,1,1,0,0,0,0,0,0,0,0,0,0,1.0,6.123233995736766e-17,1.0,-1.6081226496766364e-16,0,1805.06,777706.84,777706.84,737474.94,761270.53,737437.01,655459.39,633428.03,765451.6824999999,19105.77583894168,757792.9524999999,16049.350459833911,758607.2725,12904.655823783905,707607.7519230768,51378.75222434325,777706.84,737474.94,777706.84,737474.94,-1.1300826414230802,4.263625554517159,4.268988343831559,21.389972275145453,8.175,-1.1300826414230802,1.866,13.55274105439851,3.053,1,2,0.0,666306.85,638,2022,1
Hibiscus,2022-04-04,768918.11,NGN,NGN/MT,Historical (World Bank/FAOSTAT/NEPC),wholesale,National,,,0.7,False,"Synthetic historical — verified annual anchors, weekly interpolated",Synthetic (World Bank/FAO × FX),historical,False,,768918.11,425.98,546.281111111111,217.0390909090909,15.4,18.1,0,1,1,1,0,0,0,0,1,0,0,0,0,0,0,0,0,1,0,0,0.8660254037844387,-0.4999999999999998,0.992708874098054,-0.1205366802553228,0,1805.06,768918.11,777706.84,737474.94,756397.42,757132.06,652519.81,633428.03,773312.475,5074.17563133416,759358.03875,16498.03975351418,759589.4433333334,13226.669905620023,712084.6096153847,51457.782517607586,777706.84,768918.11,777706.84,737474.94,0.0,4.263625554517159,1.5566703119135994,21.389972275145453,8.598,1.1300826414230802,1.776,13.55274105439851,3.053,1,2,0.333,666306.85,639,2022,2
Hibiscus,2022-04-11,791941.17,NGN,NGN/MT,Historical (World Bank/FAOSTAT/NEPC),wholesale,National,,,0.7,False,"Synthetic historical — verified annual anchors, weekly interpolated",Synthetic (World Bank/FAO × FX),historical,False,,791941.17,425.98,636.4309999999999,206.715,15.4,18.1,0,1,1,1,0,0,0,0,1,0,0,0,0,0,0,0,0,1,0,0,0.8660254037844387,-0.4999999999999998,0.970941817426052,-0.2393156642875575,0,1859.1,768918.11,768918.11,777706.84,756397.42,761270.53,652519.81,633428.03,776871.0575,10867.467828730089,763801.0075,20000.973612458456,762145.3300000001,16208.331894470386,717446.9696153847,52260.52502605236,791941.17,768918.11,791941.17,737474.94,2.9942148195729157,1.8302950762269399,4.028875254109732,25.02464881448332,8.283,2.9942148195729157,2.157,13.582243650453876,3.414,1,2,0.333,686257.51,640,2022,2
Hibiscus,2022-04-18,793769.81,NGN,NGN/MT,Historical (World Bank/FAOSTAT/NEPC),wholesale,National,,,0.7,False,"Synthetic historical — verified annual anchors, weekly interpolated",Synthetic (World Bank/FAO × FX),historical,False,,840056.52,425.98,636.4309999999999,206.715,15.4,18.1,0,1,1,1,0,0,0,0,1,0,0,0,0,0,0,0,0,1,0,0,0.8660254037844387,-0.4999999999999998,0.9350162426854148,-0.3546048870425354,0,1863.4,791941.17,768918.11,777706.84,750267.11,761270.53,652519.81,651395.54,780886.8,13840.401287404597,769238.845,21642.137293635842,764853.6033333334,18589.184973253792,722879.661923077,52581.872929806654,793769.81,768918.11,793769.81,737474.94,0.230906040659562,2.065427378779394,4.269084211101681,21.856807616459896,8.024,-2.7633087789133537,2.061,13.584550046168205,3.414,1,2,0.333,687842.12,641,2022,2
Hibiscus,2022-04-25,793769.81,NGN,NGN/MT,Historical (World Bank/FAOSTAT/NEPC),wholesale,National,,,0.7,False,"Synthetic historical — verified annual anchors, weekly interpolated",Synthetic (World Bank/FAO × FX),historical,False,,793769.81,425.98,636.4309999999999,206.715,15.4,18.1,0,1,1,1,0,0,0,0,1,0,0,0,0,0,0,0,0,1,0,0,0.8660254037844387,-0.4999999999999998,0.8854560256532099,-0.4647231720437685,0,1863.4,793769.81,791941.17,768918.11,737474.94,761270.53,652519.81,651395.54,787099.725,12151.690986726444,776275.70375,18804.85606318099,767561.8766666666,20307.69544637328,728312.3542307692,52317.82509372021,793769.81,768918.11,793769.81,737474.94,0.0,3.23203468312121,4.269084211101681,21.856807616459896,8.072,-0.230906040659562,1.944,13.584550046168205,3.414,1,2,0.333,687842.12,642,2022,2
Hibiscus,2022-05-02,793769.81,NGN,NGN/MT,Historical (World Bank/FAOSTAT/NEPC),wholesale,National,,,0.7,False,"Synthetic historical — verified annual anchors, weekly interpolated",Synthetic (World Bank/FAO × FX),historical,False,,779203.06,425.98,636.4309999999999,206.715,15.4,18.1,0,1,1,1,0,0,0,0,1,0,1,0,0,0,0,0,0,0,0,0,0.4999999999999999,-0.8660254037844387,0.8229838658936565,-0.5680647467311557,0,1863.4,793769.81,793769.81,768918.11,737474.94,756397.42,659379.68,653499.39,793312.65,914.3199999929863,783312.5625,11210.732856521658,770676.2425,21282.188071431894,733481.2053846153,51871.83934432511,793769.81,791941.17,793769.81,737474.94,0.0,3.23203468312121,4.940840490968368,21.464506646287763,8.157,0.0,1.839,13.584550046168205,3.414,1,2,0.333,687842.12,643,2022,2
Hibiscus,2022-05-09,809323.73,NGN,NGN/MT,Historical (World Bank/FAOSTAT/NEPC),wholesale,National,,,0.7,False,"Synthetic historical — verified annual anchors, weekly interpolated",Synthetic (World Bank/FAO × FX),historical,False,,809984.21,425.98,672.7941666666667,191.519,15.4,18.1,0,1,1,1,0,0,0,0,1,0,1,0,0,0,0,0,0,0,0,0,0.4999999999999999,-0.8660254037844387,0.7485107481711013,-0.663122658240795,0,1899.91,793769.81,793769.81,791941.17,777706.84,756397.42,659379.68,669636.54,797658.29,7776.959999999963,787264.6737500001,14141.968753471267,775086.7683333334,23429.890545555867,739248.2842307693,51638.55390730208,809323.73,793769.81,809323.73,737474.94,1.9595000721934541,2.1949307168864562,6.997156336149324,20.860150492982356,7.901,1.9595000721934541,2.017,13.603955512288646,3.526,1,2,0.333,701320.39,644,2022,2
Hibiscus,2022-05-16,809323.73,NGN,NGN/MT,Historical (World Bank/FAOSTAT/NEPC),wholesale,National,,,0.7,False,"Synthetic historical — verified annual anchors, weekly interpolated",Synthetic (World Bank/FAO × FX),historical,False,,809323.73,425.98,672.7941666666667,191.519,15.4,18.1,0,1,1,1,0,0,0,0,1,0,1,0,0,0,0,0,0,0,0,0,0.4999999999999999,-0.8660254037844387,0.6631226582407952,-0.7485107481711012,0,1899.91,809323.73,793769.81,793769.81,777706.84,750267.11,654365.74,669636.54,801546.77,8980.059898953852,791216.7849999999,15446.975069379036,780008.1533333333,23939.45245311939,745208.2069230769,50376.77654818577,809323.73,793769.81,809323.73,737474.94,0.0,1.9595000721934541,7.87141262263249,20.860150492982356,7.56,-1.9595000721934541,1.902,13.603955512288646,3.526,1,2,0.333,701320.39,645,2022,2
Hibiscus,2022-05-23,809323.73,NGN,NGN/MT,Historical (World Bank/FAOSTAT/NEPC),wholesale,National,,,0.7,False,"Synthetic historical — verified annual anchors, weekly interpolated",Synthetic (World Bank/FAO × FX),historical,False,,749980.21,425.98,672.7941666666667,191.519,15.4,18.1,0,1,1,1,0,0,0,0,1,0,1,0,0,0,0,0,0,0,0,0,0.4999999999999999,-0.8660254037844387,0.5680647467311558,-0.8229838658936564,0,1899.91,809323.73,809323.73,793769.81,768918.11,737474.94,654365.74,669636.54,805435.25,7776.959999999963,796267.4875,13611.00949382771,785995.5524999999,21157.87546211764,751168.1296153846,48324.072364173815,809323.73,793769.81,809323.73,737474.94,0.0,1.9595000721934541,9.74253986176128,20.860150492982356,7.224,0.0,1.799,13.603955512288646,3.526,1,2,0.333,701320.39,646,2022,2
Hibiscus,2022-05-30,814670.86,NGN,NGN/MT,Historical (World Bank/FAOSTAT/NEPC),wholesale,National,,,0.7,False,"Synthetic historical — verified annual anchors, weekly interpolated",Synthetic (World Bank/FAO × FX),historical,False,,814670.86,425.98,672.7941666666667,191.519,15.4,18.1,0,1,1,1,0,0,0,0,1,0,1,0,0,0,0,0,0,0,0,0,0.4999999999999999,-0.8660254037844387,0.464723172043769,-0.8854560256532096,0,1912.46,809323.73,809323.73,793769.81,768918.11,737474.94,659193.63,672526.91,810660.5125,2673.565000000012,801986.58125,9455.523399076781,792428.5458333334,16224.659175294819,757148.0230769231,46053.8598435151,814670.86,809323.73,814670.86,768918.11,0.6606911180029318,2.633137433130628,10.46759907529875,21.13580109381794,7.068,0.6606911180029318,1.794,13.610540685380611,3.526,1,2,0.333,705953.95,647,2022,2
Hibiscus,2022-06-06,834180.45,NGN,NGN/MT,Historical (World Bank/FAOSTAT/NEPC),wholesale,National,,,0.7,False,"Synthetic historical — verified annual anchors, weekly interpolated",Synthetic (World Bank/FAO × FX),historical,False,,834180.45,425.98,672.7941666666667,191.519,15.4,18.1,0,1,1,0,0,0,0,1,0,0,1,0,0,0,0,0,0,0,1,0,1.2246467991473532e-16,-1.0,0.3546048870425358,-0.9350162426854148,0,1958.26,814670.86,809323.73,809323.73,791941.17,777706.84,662710.98,673403.1,816874.6925,11809.321031705955,807266.49125,13827.32160976554,797134.68,19438.377486215377,763743.0026923077,44230.64647747716,834180.45,809323.73,834180.45,768918.11,2.394781863193196,3.071295092261783,7.261555009597198,23.87535044017468,6.957,1.7340907451902643,2.006,13.634206223624087,3.526,1,2,0.333,722860.01,648,2022,2
Hibiscus,2022-06-13,857544.4,NGN,NGN/MT,Historical (World Bank/FAOSTAT/NEPC),wholesale,National,,,0.7,False,"Synthetic historical — verified annual anchors, weekly interpolated",Synthetic (World Bank/FAO × FX),historical,False,,857544.4,425.98,746.3121428571429,197.45916666666668,15.4,18.1,0,1,1,0,0,0,0,1,0,0,1,0,0,0,0,0,0,0,1,0,1.2246467991473532e-16,-1.0,0.2393156642875576,-0.970941817426052,0,2013.11,834180.45,814670.86,809323.73,793769.81,777706.84,662710.98,673403.1,828929.86,21863.82102421423,815238.315,21299.46904972028,803787.81,25040.112093331685,771236.5957692309,42913.85899948891,857544.4,809323.73,857544.4,768918.11,2.8008268474764675,5.958143597247556,10.265765439326735,27.344884512708667,7.481,0.4060449842832714,2.232,13.66182940122713,3.865,1,2,0.333,743106.07,649,2022,2
Hibiscus,2022-06-20,868389.44,NGN,NGN/MT,Historical (World Bank/FAOSTAT/NEPC),wholesale,National,,,0.7,False,"Synthetic historical — verified annual anchors, weekly interpolated",Synthetic (World Bank/FAO × FX),historical,False,,886593.69,425.98,746.3121428571429,197.45916666666668,15.4,18.1,0,1,1,0,0,0,0,1,0,0,1,0,0,0,0,0,0,0,1,0,1.2246467991473532e-16,-1.0,0.120536680255323,-0.992708874098054,0,2038.57,857544.4,834180.45,809323.73,793769.81,768918.11,667445.8,673403.1,843696.2875,24045.433420125777,824565.76875,26305.36584795537,812077.0874999999,28651.52465087352,778965.1973076923,41546.655646956846,868389.44,814670.86,868389.44,768918.11,1.26466221457453,7.298156202586559,12.936531043598375,28.955367149334464,8.31,-1.5361646329019374,2.238,13.67439670817395,3.865,1,2,0.333,752503.85,650,2022,2
Hibiscus,2022-06-27,868389.44,NGN,NGN/MT,Historical (World Bank/FAOSTAT/NEPC),wholesale,National,,,0.7,False,"Synthetic historical — verified annual anchors, weekly interpolated",Synthetic (World Bank/FAO × FX),historical,False,,868389.44,425.98,746.3121428571429,197.45916666666668,15.4,18.1,0,1,1,0,0,0,0,1,0,0,1,0,0,0,0,0,0,0,1,0,1.2246467991473532e-16,-1.0,-3.216245299353273e-16,-1.0,0,2038.57,868389.44,857544.4,814670.86,793769.81,768918.11,667445.8,690225.23,857125.9325,16128.685466289733,833893.2224999999,27044.71917185817,820366.3649999999,29409.09995313845,786693.7988461538,38553.972955400626,868389.44,834180.45,868389.44,791941.17,0.0,6.593899774443868,12.936531043598375,25.812474284662112,8.953,-1.26466221457453,2.093,13.67439670817395,3.865,1,2,0.333,752503.85,651,2022,2
Hibiscus,2022-07-04,833224.0,NGN,NGN/MT,Historical (World Bank/FAOSTAT/NEPC),wholesale,National,,,0.7,False,"Synthetic historical — verified annual anchors, weekly interpolated",Synthetic (World Bank/FAO × FX),historical,False,,833224.0,425.98,746.3121428571429,197.45916666666668,15.4,18.1,0,1,1,0,0,0,1,1,0,0,1,0,0,0,0,0,0,0,1,0,-0.4999999999999997,-0.8660254037844388,-0.1205366802553228,-0.992708874098054,0,1956.02,868389.44,868389.44,834180.45,809323.73,791941.17,737437.01,690225.23,856886.82,16582.94299913456,836880.75625,25200.064850768456,823806.6008333334,28170.18274786373,790377.9138461539,38234.09936246074,868389.44,833224.0,868389.44,793769.81,-4.049501108627018,-0.11465744611971473,5.212865748600981,20.717696743713642,8.415,-4.049501108627018,1.504,13.633058992719587,3.865,1,2,0.333,722031.2,652,2022,3
Hibiscus,2022-07-11,833224.0,NGN,NGN/MT,Historical (World Bank/FAOSTAT/NEPC),wholesale,National,,,0.7,False,"Synthetic historical — verified annual anchors, weekly interpolated",Synthetic (World Bank/FAO × FX),historical,False,,812115.55,425.98,862.6516666666666,202.13466666666667,15.4,18.1,0,1,1,0,0,0,1,1,0,0,1,0,0,0,0,0,0,0,1,0,-0.4999999999999997,-0.8660254037844388,-0.2393156642875574,-0.970941817426052,0,1956.02,833224.0,868389.44,857544.4,809323.73,793769.81,757132.06,697999.34,850806.72,20302.776250171886,839868.29,22765.519625239547,827094.4499999998,26604.6994042823,793304.526923077,38498.81425995018,868389.44,833224.0,868389.44,793769.81,0.0,-2.836051404452067,4.970482563452494,19.373178776931233,7.248,4.049501108627018,1.439,13.633058992719587,4.386,1,2,0.333,722031.2,653,2022,3
Hibiscus,2022-07-18,841492.3,NGN,NGN/MT,Historical (World Bank/FAOSTAT/NEPC),wholesale,National,,,0.7,False,"Synthetic historical — verified annual anchors, weekly interpolated",Synthetic (World Bank/FAO × FX),historical,False,,904848.67,425.98,862.6516666666666,202.13466666666667,15.4,18.1,0,1,1,0,0,0,1,1,0,0,1,0,0,0,0,0,0,0,1,0,-0.4999999999999997,-0.8660254037844388,-0.3546048870425356,-0.9350162426854148,0,1975.43,833224.0,833224.0,868389.44,809323.73,793769.81,761270.53,700305.18,844082.435,16666.838459315197,843889.36125,19154.251066971556,831071.3241666667,24666.669543696873,796389.9796153847,39039.63704983475,868389.44,833224.0,868389.44,793769.81,0.9923261931965577,-3.0973591756251584,6.012132157054451,20.160799039070355,5.989,0.9923261931965577,1.486,13.642933330608633,4.386,1,2,0.333,729196.1,654,2022,3
Hibiscus,2022-07-25,841492.3,NGN,NGN/MT,Historical (World Bank/FAOSTAT/NEPC),wholesale,National,,,0.7,False,"Synthetic historical — verified annual anchors, weekly interpolated",Synthetic (World Bank/FAO × FX),historical,False,,841492.3,425.98,862.6516666666666,202.13466666666667,15.4,18.1,0,1,1,0,0,0,1,1,0,0,1,0,0,0,0,0,0,0,1,0,-0.4999999999999997,-0.8660254037844388,-0.464723172043768,-0.8854560256532101,0,1975.43,841492.3,833224.0,868389.44,814670.86,793769.81,761270.53,700305.18,837358.15,4773.705230741225,847242.04125,15261.055568420245,835048.1983333334,21784.68580260479,799475.4323076924,39322.08265650819,841492.3,833224.0,868389.44,809323.73,0.0,-3.0973591756251584,6.012132157054451,20.160799039070355,4.738,-0.9923261931965577,1.422,13.642933330608633,4.386,1,2,0.333,729196.1,655,2022,3
Hibiscus,2022-08-01,824344.33,NGN,NGN/MT,Historical (World Bank/FAOSTAT/NEPC),wholesale,National,,,0.7,False,"Synthetic historical — verified annual anchors, weekly interpolated",Synthetic (World Bank/FAO × FX),historical,False,,824344.33,425.98,862.6516666666666,202.13466666666667,20.5,25.7,0,1,0,0,1,0,1,1,0,0,1,0,0,0,0,1,0,0,1,0,-0.8660254037844384,-0.5000000000000004,-0.5680647467311556,-0.8229838658936565,0,1935.17,841492.3,841492.3,833224.0,834180.45,809323.73,761270.53,700305.18,835138.2325,8183.743333232679,846012.52625,16783.942482799146,836299.915,20569.882842291696,801901.3476923077,38813.13716845653,841492.3,824344.33,868389.44,809323.73,-2.0378047428360357,-1.065700219868848,1.855944592159675,17.712156577222515,4.145,-2.0378047428360357,1.144,13.62234481090383,4.386,1,2,0.333,684103.18,656,2022,3
Hibiscus,2022-08-08,824344.33,NGN,NGN/MT,Historical (World Bank/FAOSTAT/NEPC),wholesale,National,,,0.7,False,"Synthetic historical — verified annual anchors, weekly interpolated",Synthetic (World Bank/FAO × FX),historical,False,,823403.63,425.98,862.6516666666666,202.13466666666667,20.5,25.7,0,1,0,0,1,0,1,1,0,0,1,0,0,0,0,1,0,0,1,0,-0.8660254037844384,-0.5000000000000004,-0.663122658240795,-0.7485107481711013,0,1935.17,824344.33,841492.3,833224.0,857544.4,809323.73,756397.42,677803.84,832918.315,9900.38509555583,841862.5175,17609.45814207855,837551.6316666667,19189.8192747574,804514.6903846153,37903.56282998145,841492.3,824344.33,868389.44,809323.73,0.0,-1.065700219868848,1.855944592159675,21.619896694595298,3.531,2.0378047428360357,1.1,13.62234481090383,4.386,1,2,0.333,684103.18,657,2022,3
Hibiscus,2022-08-15,823403.63,NGN,NGN/MT,Historical (World Bank/FAOSTAT/NEPC),wholesale,National,,,0.7,False,"Synthetic historical — verified annual anchors, weekly interpolated",Synthetic (World Bank/FAO × FX),historical,False,,828896.66,425.98,885.6577777777778,203.46615384615384,20.5,25.7,0,1,0,0,1,0,1,1,0,0,1,0,0,0,0,1,0,0,1,0,-0.8660254037844384,-0.5000000000000004,-0.7485107481711011,-0.6631226582407952,0,1932.96,824344.33,824344.33,841492.3,868389.44,809323.73,756397.42,653958.44,828396.1475000001,8742.02286654669,836239.2912499999,14903.205001180251,838724.9566666667,17677.854718072023,807091.8523076923,36761.847808653234,841492.3,823403.63,868389.44,814670.86,-0.11411493544207785,-2.149594238711394,1.73971174674441,25.910697016159023,2.64,-0.11411493544207785,1.047,13.621203011328609,4.491,1,2,0.333,683322.51,658,2022,3
Hibiscus,2022-08-22,820431.41,NGN,NGN/MT,Historical (World Bank/FAOSTAT/NEPC),wholesale,National,,,0.7,False,"Synthetic historical — verified annual anchors, weekly interpolated",Synthetic (World Bank/FAO × FX),historical,False,,820431.41,425.98,885.6577777777778,203.46615384615384,20.5,25.7,0,1,0,0,1,0,1,1,0,0,1,0,0,0,0,1,0,0,1,0,-0.8660254037844384,-0.5000000000000004,-0.8229838658936564,-0.5680647467311559,0,1925.99,823403.63,824344.33,841492.3,868389.44,814670.86,750267.11,644501.11,823130.925,1853.5059248432583,830244.5375,8310.914509867338,839205.0025,17031.684315728184,809790.4792307692,34954.4741340713,824344.33,820431.41,868389.44,820431.41,-0.36096756095185256,-2.5028024617694045,0.7071015158195415,27.297129092609328,1.647,-0.24685262550977471,0.971,13.61758680951951,4.491,1,2,0.333,680855.94,659,2022,3
Hibiscus,2022-08-29,809819.08,NGN,NGN/MT,Historical (World Bank/FAOSTAT/NEPC),wholesale,National,,,0.7,False,"Synthetic historical — verified annual anchors, weekly interpolated",Synthetic (World Bank/FAO × FX),historical,False,,809819.08,425.98,885.6577777777778,203.46615384615384,20.5,25.7,0,1,0,0,1,0,1,1,0,0,1,0,0,0,0,1,0,0,1,0,-0.8660254037844384,-0.5000000000000004,-0.8854560256532096,-0.4647231720437691,0,1901.07,820431.41,823403.63,824344.33,833224.0,834180.45,737474.94,644501.11,819499.6124999999,6665.673168296783,827318.9225,10845.324418528102,837174.8883333333,19020.78032987546,812572.9461538461,31695.14156893773,824344.33,809819.08,868389.44,809819.08,-1.293506059208538,-1.76203674500921,-2.920395700954148,25.650533014597897,0.852,-0.9325384982566853,0.795,13.604567378518762,4.491,1,2,0.333,672049.03,660,2022,3
Hibiscus,2022-09-05,799213.92,NGN,NGN/MT,Historical (World Bank/FAOSTAT/NEPC),wholesale,National,,,0.7,False,"Synthetic historical — verified annual anchors, weekly interpolated",Synthetic (World Bank/FAO × FX),historical,False,,786875.39,425.98,885.6577777777778,203.46615384615384,20.5,25.7,0,1,0,0,1,1,0,0,0,0,0,0,0,0,0,1,0,0,0,0,-1.0,-1.8369701987210287e-16,-0.9350162426854148,-0.3546048870425359,0,1876.18,809819.08,820431.41,824344.33,833224.0,857544.4,737474.94,662760.13,813217.01,11006.774462686853,823067.6625,14311.748244736533,832314.015,20719.494475327538,814947.5223076923,27933.27701412804,823403.63,799213.92,868389.44,799213.92,-1.3095715156525967,-3.0485331293538365,-6.802036139469858,20.58871435129932,-0.212,-0.016065456444058768,0.621,13.591385174810892,4.491,1,2,0.667,663248.07,661,2022,3
Hibiscus,2022-09-12,786957.81,NGN,NGN/MT,Historical (World Bank/FAOSTAT/NEPC),wholesale,National,,,0.7,False,"Synthetic historical — verified annual anchors, weekly interpolated",Synthetic (World Bank/FAO × FX),historical,False,,799213.92,425.98,851.5890909090908,199.2236363636364,20.5,25.7,0,1,0,0,1,1,0,0,0,0,0,0,0,0,0,1,0,0,0,0,-1.0,-1.8369701987210287e-16,-0.970941817426052,-0.2393156642875577,0,1847.41,799213.92,809819.08,823403.63,841492.3,868389.44,777706.84,662760.13,804105.5549999999,14342.839804409374,816250.8512500001,17014.640000244064,825528.0458333334,21160.487357216934,815303.3288461539,27495.427357589586,820431.41,786957.81,868389.44,786957.81,-1.533520587329107,-4.426239898893813,-9.377316932826806,18.73946159072666,-1.373,-0.22394907167651024,0.423,13.575931188037483,4.329,1,2,0.667,653077.02,662,2022,3
Hibiscus,2022-09-19,786957.81,NGN,NGN/MT,Historical (World Bank/FAOSTAT/NEPC),wholesale,National,,,0.7,False,"Synthetic historical — verified annual anchors, weekly interpolated",Synthetic (World Bank/FAO × FX),historical,False,,786957.81,425.98,851.5890909090908,199.2236363636364,20.5,25.7,0,1,0,0,1,1,0,0,0,0,0,0,0,0,0,1,0,0,0,0,-1.0,-1.8369701987210287e-16,-0.992708874098054,-0.1205366802553235,0,1847.41,786957.81,799213.92,820431.41,841492.3,868389.44,777706.84,655459.39,795737.155,11023.343470847576,809434.0399999999,16369.335557226757,818742.0766666667,19124.94784093042,815659.1353846154,27045.623711719218,809819.08,786957.81,841492.3,786957.81,0.0,-4.079999813756519,-9.377316932826806,20.062023979853283,-2.442,1.533520587329107,0.395,13.575931188037483,4.329,1,2,0.667,653077.02,663,2022,3
Hibiscus,2022-09-26,786957.81,NGN,NGN/MT,Historical (World Bank/FAOSTAT/NEPC),wholesale,National,,,0.7,False,"Synthetic historical — verified annual anchors, weekly interpolated",Synthetic (World Bank/FAO × FX),historical,False,,782891.7,425.98,851.5890909090908,199.2236363636364,20.5,25.7,0,1,0,0,1,1,0,0,0,0,0,0,0,0,0,1,0,0,0,0,-1.0,-1.8369701987210287e-16,-1.0,-1.8369701987210287e-16,0,1847.41,786957.81,786957.81,809819.08,824344.33,833224.0,768918.11,655459.39,790021.8375000001,6128.054999997955,804760.7250000001,16834.620826102906,814886.5608333334,20550.455436478474,816352.9700000001,26010.128877354582,799213.92,786957.81,841492.3,786957.81,0.0,-2.8230095541833755,-5.552671310475931,20.062023979853283,-3.225,0.0,0.367,13.575931188037483,4.329,1,2,0.667,653077.02,664,2022,3
Hibiscus,2022-10-03,793880.55,NGN,NGN/MT,Historical (World Bank/FAOSTAT/NEPC),wholesale,National,,,0.7,False,"Synthetic historical — verified annual anchors, weekly interpolated",Synthetic (World Bank/FAO × FX),historical,False,,802554.33,425.98,851.5890909090908,199.2236363636364,20.5,25.7,0,1,0,0,0,1,0,0,0,1,0,1,0,1,1,1,1,0,0,0,-0.8660254037844386,0.5000000000000001,-0.992708874098054,0.1205366802553232,0,1863.66,786957.81,786957.81,799213.92,824344.33,833224.0,768918.11,652519.81,788688.4950000001,3461.3699999999762,800952.7525000001,15131.266566093002,811607.9400000001,20497.29908200151,817313.0638461539,24612.31199040243,793880.55,786957.81,841492.3,786957.81,0.8796837533132873,-0.6673269654762781,-4.721833504555795,21.66382350905178,-3.502,0.8796837533132873,0.439,13.584689547740425,4.329,1,2,1.0,658822.03,665,2022,4
Hibiscus,2022-10-10,793880.55,NGN,NGN/MT,Historical (World Bank/FAOSTAT/NEPC),wholesale,National,,,0.7,False,"Synthetic historical — verified annual anchors, weekly interpolated",Synthetic (World Bank/FAO × FX),historical,False,,793880.55,425.98,854.7120000000001,209.93166666666664,20.5,25.7,0,1,0,0,0,1,0,0,0,1,0,1,0,1,1,1,1,0,0,0,-0.8660254037844386,0.5000000000000001,-0.970941817426052,0.2393156642875573,0,1863.66,793880.55,786957.81,786957.81,823403.63,841492.3,791941.17,652519.81,790419.1799999999,3996.8458025297227,797262.3675,12187.2838375224,807640.2941666668,18717.54351677118,817387.6553846153,24535.160553209764,793880.55,786957.81,841492.3,786957.81,0.0,0.8796837533132873,-5.658013745342649,21.66382350905178,-3.299,-0.8796837533132873,0.409,13.584689547740425,4.376,1,2,1.0,658822.03,666,2022,4
Hibiscus,2022-10-17,802554.33,NGN,NGN/MT,Historical (World Bank/FAOSTAT/NEPC),wholesale,National,,,0.7,False,"Synthetic historical — verified annual anchors, weekly interpolated",Synthetic (World Bank/FAO × FX),historical,False,,836095.83,425.98,854.7120000000001,209.93166666666664,20.5,25.7,0,1,0,0,0,1,0,0,0,1,0,1,0,1,1,1,1,0,0,0,-0.8660254037844386,0.5000000000000001,-0.9350162426854148,0.3546048870425355,0,1884.02,793880.55,793880.55,786957.81,820431.41,841492.3,793769.81,652519.81,794318.31,6387.285634383174,795027.7325,8374.798926568234,804395.4633333334,15395.903809560341,817725.5215384614,24255.811273724084,802554.33,786957.81,824344.33,786957.81,1.0925799857421703,1.9818749876819863,-4.627252085372624,22.99309809460035,-2.862,1.0925799857421703,0.514,13.595556078650068,4.376,1,2,1.0,666020.19,667,2022,4
Hibiscus,2022-10-24,826196.16,NGN,NGN/MT,Historical (World Bank/FAOSTAT/NEPC),wholesale,National,,,0.7,False,"Synthetic historical — verified annual anchors, weekly interpolated",Synthetic (World Bank/FAO × FX),historical,False,,736376.72,425.98,854.7120000000001,209.93166666666664,20.5,25.7,0,1,0,0,0,1,0,0,0,1,0,1,0,1,1,1,1,0,0,0,-0.8660254037844386,0.5000000000000001,-0.8854560256532101,0.464723172043768,0,1939.52,802554.33,793880.55,786957.81,809819.08,824344.33,793769.81,652519.81,804127.8975,15269.80229098659,797074.8675,13148.175417765575,804549.7825000001,15621.662454456524,818972.6888461539,23804.2383038545,826196.16,793880.55,826196.16,786957.81,2.9458229949366865,4.986080511736701,0.22464277761211626,26.61625706045614,-1.813,1.8532430091945162,0.862,13.624588716514541,4.376,1,2,1.0,685639.97,668,2022,4
Hibiscus,2022-10-31,826196.16,NGN,NGN/MT,Historical (World Bank/FAOSTAT/NEPC),wholesale,National,,,0.7,False,"Synthetic historical — verified annual anchors, weekly interpolated",Synthetic (World Bank/FAO × FX),historical,False,,826196.16,425.98,854.7120000000001,209.93166666666664,20.5,25.7,0,1,0,0,0,1,0,0,0,1,0,1,0,1,1,1,1,0,0,0,-0.8660254037844386,0.5000000000000001,-0.822983865893657,0.5680647467311548,0,1939.52,826196.16,802554.33,793880.55,799213.92,824344.33,793769.81,659379.68,812206.8,16537.08965308558,800447.6475000001,16744.25526032286,804704.1016666666,15842.564908071636,820219.8561538463,23274.532330782597,826196.16,793880.55,826196.16,786957.81,0.0,4.070588453136925,0.22464277761211626,25.299002237982204,-0.977,-2.9458229949366865,0.834,13.624588716514541,4.376,1,2,1.0,685639.97,669,2022,4
Hibiscus,2022-11-07,826196.16,NGN,NGN/MT,Historical (World Bank/FAOSTAT/NEPC),wholesale,National,,,0.7,False,"Synthetic historical — verified annual anchors, weekly interpolated",Synthetic (World Bank/FAO × FX),historical,False,,829906.04,425.98,854.7120000000001,209.93166666666664,20.5,25.7,1,0,0,0,0,1,0,0,0,1,0,1,1,1,1,0,1,0,0,0,-0.5000000000000004,0.8660254037844384,-0.7485107481711011,0.6631226582407952,1,1939.52,826196.16,826196.16,793880.55,786957.81,823403.63,809323.73,659379.68,820285.7025000001,11820.914999999344,805352.44125,17932.98937674799,804936.8125,16159.55065493062,820868.7957692308,23193.65243740824,826196.16,802554.33,826196.16,786957.81,0.0,4.070588453136925,0.339144727841445,25.299002237982204,-0.071,0.0,0.807,13.624588716514541,4.376,1,2,0.667,685639.97,670,2022,4
Hibiscus,2022-11-14,791775.5,NGN,NGN/MT,Historical (World Bank/FAOSTAT/NEPC),wholesale,National,,,0.7,False,"Synthetic historical — verified annual anchors, weekly interpolated",Synthetic (World Bank/FAO × FX),historical,False,,750238.63,425.98,891.027142857143,239.774,20.5,25.7,1,0,0,0,0,1,0,0,0,1,0,1,1,1,1,0,1,0,0,0,-0.5000000000000004,0.8660254037844384,-0.6631226582407955,0.7485107481711007,1,1858.72,826196.16,826196.16,802554.33,786957.81,820431.41,809323.73,654365.74,817590.9950000001,17210.330000000005,805954.6525000001,17296.632057267103,802548.82,15774.402014128902,820193.8638461538,23790.69170004261,826196.16,791775.5,826196.16,786957.81,-4.16616073354783,-1.343065459506021,-3.4927855821609843,20.998923323828045,-0.317,-4.16616073354783,0.167,13.582034434001809,4.626,1,2,0.667,657075.1,671,2022,4
Hibiscus,2022-11-21,791085.42,NGN,NGN/MT,Historical (World Bank/FAOSTAT/NEPC),wholesale,National,,,0.7,False,"Synthetic historical — verified annual anchors, weekly interpolated",Synthetic (World Bank/FAO × FX),historical,False,,791775.5,425.98,891.027142857143,239.774,20.5,25.7,1,0,0,0,0,1,0,0,0,1,0,1,1,1,1,0,1,0,0,0,-0.5000000000000004,0.8660254037844384,-0.5680647467311559,0.8229838658936564,1,1857.1,791775.5,826196.16,826196.16,786957.81,809819.08,809323.73,654365.74,808813.31,20073.96325005105,806470.60375,16700.29413043631,800987.6816666666,15915.847940395297,819492.3903846153,24385.46558261702,826196.16,791085.42,826196.16,786957.81,-0.08715601834105025,-4.249685692075833,-2.313314228160679,20.893465480023465,-1.303,4.07900471520678,0.112,13.58116249489072,4.626,1,2,0.667,656502.42,672,2022,4
Hibiscus,2022-11-28,791085.42,NGN,NGN/MT,Historical (World Bank/FAOSTAT/NEPC),wholesale,National,,,0.7,False,"Synthetic historical — verified annual anchors, weekly interpolated",Synthetic (World Bank/FAO × FX),historical,False,,791085.42,425.98,891.027142857143,239.774,20.5,25.7,1,0,0,0,0,1,0,0,0,1,0,1,1,1,1,0,1,0,0,0,-0.5000000000000004,0.8660254037844384,-0.4647231720437684,0.88545602565321,1,1857.1,791085.42,791775.5,826196.16,793880.55,799213.92,814670.86,659193.63,800035.625,17443.390301065338,806121.2125,17027.35865738413,800310.3066666666,16169.159435219783,818585.2580769231,25002.86942620185,826196.16,791085.42,826196.16,786957.81,0.0,-4.249685692075833,-1.0170618649885332,20.00804983506894,-2.266,0.08715601834105025,0.067,13.58116249489072,4.626,1,2,0.667,656502.42,673,2022,4
Hibiscus,2022-12-05,765705.75,NGN,NGN/MT,Historical (World Bank/FAOSTAT/NEPC),wholesale,National,,,0.7,False,"Synthetic historical — verified annual anchors, weekly interpolated",Synthetic (World Bank/FAO × FX),historical,False,,750895.32,425.98,891.027142857143,239.774,20.5,25.7,1,0,0,0,0,0,0,0,0,1,0,1,1,1,1,0,0,0,0,1,-2.4492935982947064e-16,1.0,-0.3546048870425359,0.9350162426854148,1,1797.52,791085.42,791085.42,826196.16,793880.55,786957.81,834180.45,662710.98,784913.0225,12808.979872512258,802599.3625,22083.817511602592,798539.3016666668,18726.276035171937,815951.6157692309,26833.770875526006,791775.5,765705.75,826196.16,765705.75,-3.2082085396037296,-7.321555452400075,-2.7005335902314798,15.541431047362453,-3.804,-3.2082085396037296,-0.539,13.548554542525334,4.626,1,2,0.333,635440.46,674,2022,4
Hibiscus,2022-12-12,765705.75,NGN,NGN/MT,Historical (World Bank/FAOSTAT/NEPC),wholesale,National,,,0.7,False,"Synthetic historical — verified annual anchors, weekly interpolated",Synthetic (World Bank/FAO × FX),historical,False,,765705.75,425.98,903.882,283.076,20.5,25.7,1,0,0,0,0,0,0,0,0,1,0,1,1,1,1,0,0,0,0,1,-2.4492935982947064e-16,1.0,-0.2393156642875578,0.970941817426052,1,1797.52,765705.75,791085.42,791775.5,802554.33,786957.81,857544.4,662710.98,778395.585,14652.95930644381,797993.29,25649.489985384585,796768.2966666665,20810.140047805973,812419.36,27182.031719896906,791085.42,765705.75,826196.16,765705.75,0.0,-3.292568411121588,-2.7005335902314798,15.541431047362453,-4.188,3.2082085396037296,-0.634,13.548554542525334,4.816,1,2,0.333,635440.46,675,2022,4
Hibiscus,2022-12-19,765705.75,NGN,NGN/MT,Historical (World Bank/FAOSTAT/NEPC),wholesale,National,,,0.7,False,"Synthetic historical — verified annual anchors, weekly interpolated",Synthetic (World Bank/FAO × FX),historical,False,,757879.26,425.98,903.882,283.076,20.5,25.7,1,0,0,0,0,0,0,0,0,1,0,1,1,1,1,0,0,0,0,1,-2.4492935982947064e-16,1.0,-0.1205366802553236,0.992708874098054,1,1797.52,765705.75,765705.75,791085.42,826196.16,786957.81,868389.44,667445.8,772050.6675,12689.834999999879,790431.98875,25056.996473300907,794997.2916666666,22552.32273698402,808469.9873076924,26165.279706765097,791085.42,765705.75,826196.16,765705.75,0.0,-3.2082085396037296,-2.7005335902314798,14.721787147360876,-4.505,0.0,-0.748,13.548554542525334,4.816,1,2,0.333,635440.46,676,2022,4
Hibiscus,2022-12-26,825213.4,NGN,NGN/MT,Historical (World Bank/FAOSTAT/NEPC),wholesale,National,,,0.7,False,"Synthetic historical — verified annual anchors, weekly interpolated",Synthetic (World Bank/FAO × FX),historical,False,,825213.4,425.98,903.882,283.076,20.5,25.7,1,0,0,0,0,0,0,0,0,1,0,1,1,1,1,0,0,0,0,1,-2.4492935982947064e-16,1.0,6.432490598706546e-16,1.0,1,1937.21,765705.75,765705.75,791085.42,826196.16,793880.55,868389.44,667445.8,780582.6625,29753.82500000002,790309.14375,24858.23060601055,797608.3624999999,24167.283800561025,806809.3703846154,23438.30091817674,825213.4,765705.75,826196.16,765705.75,7.771608088355086,4.314070154396221,3.9467965300321373,23.637514836410677,-3.251,7.771608088355086,0.858,13.623398510342055,4.816,1,2,0.333,684824.4,677,2022,4
Hibiscus,2023-01-02,976666.83,NGN,NGN/MT,Historical (World Bank/FAOSTAT/NEPC),wholesale,National,,,0.7,False,"Synthetic historical — verified annual anchors, weekly interpolated",Synthetic (World Bank/FAO × FX),historical,False,,976666.83,460.0,903.882,283.076,20.5,25.7,1,0,0,0,0,0,0,0,0,1,0,0,1,0,0,0,0,0,0,1,0.4999999999999999,0.8660254037844387,0.120536680255323,0.992708874098054,1,2123.19,825213.4,765705.75,765705.75,826196.16,793880.55,833224.0,737437.01,833322.9325,99594.8529565922,809117.9775,70646.65887850983,812840.5524999999,56959.663973988,812326.4023076923,40544.44179184254,976666.83,765705.75,976666.83,765705.75,18.353244142666615,27.55119443728873,23.024405875669828,32.44071246166502,2.585,10.581636054311527,4.322,13.791901883450711,4.816,0,0,0.0,810511.89,678,2023,1
Hibiscus,2023-01-09,976666.83,NGN,NGN/MT,Historical (World Bank/FAOSTAT/NEPC),wholesale,National,,,0.7,False,"Synthetic historical — verified annual anchors, weekly interpolated",Synthetic (World Bank/FAO × FX),historical,False,,986239.32,460.0,896.8909090909091,291.6933333333333,20.5,25.7,1,0,0,0,0,0,0,0,0,1,0,0,1,0,0,0,0,0,0,1,0.4999999999999999,0.8660254037844387,0.2393156642875577,0.970941817426052,1,2123.19,976666.83,825213.4,765705.75,791775.5,802554.33,833224.0,757132.06,886063.2025,107403.67695272554,832229.3937499999,91366.92808549362,827349.9274999999,73790.49938343634,817843.4342307692,51720.781864870245,976666.83,765705.75,976666.83,765705.75,0.0,27.55119443728873,21.694792924486507,28.995571789682216,8.341,-18.353244142666615,3.655,13.791901883450711,4.812,0,0,0.0,810511.89,679,2023,1
Hibiscus,2023-01-16,970567.65,NGN,NGN/MT,Historical (World Bank/FAOSTAT/NEPC),wholesale,National,,,0.7,False,"Synthetic historical — verified annual anchors, weekly interpolated",Synthetic (World Bank/FAO × FX),historical,False,,970567.65,460.0,896.8909090909091,291.6933333333333,20.5,25.7,1,0,0,0,0,0,0,0,0,1,0,0,1,0,0,0,0,0,0,1,0.4999999999999999,0.8660254037844387,0.3546048870425356,0.9350162426854148,1,2109.93,976666.83,976666.83,765705.75,791085.42,826196.16,841492.3,761270.53,937278.6775,74765.4894230048,854664.6725,101315.15296347524,839380.8849999999,84567.60253842517,822807.8707692308,59665.9409593909,976666.83,825213.4,976666.83,765705.75,-0.6244893153584341,26.754650856415797,17.474238805467213,27.49313309159622,13.912,-0.6244893153584341,3.115,13.78563741582312,4.812,0,0,0.0,805450.33,680,2023,1
Hibiscus,2023-01-23,935051.17,NGN,NGN/MT,Historical (World Bank/FAOSTAT/NEPC),wholesale,National,,,0.7,False,"Synthetic historical — verified annual anchors, weekly interpolated",Synthetic (World Bank/FAO × FX),historical,False,,917822.02,460.0,896.8909090909091,291.6933333333333,20.5,25.7,1,0,0,0,0,0,0,0,0,1,0,0,1,0,0,0,0,0,0,1,0.4999999999999999,0.8660254037844387,0.4647231720437685,0.8854560256532099,1,2032.72,970567.65,976666.83,825213.4,791085.42,826196.16,841492.3,761270.53,964738.12,19999.055518129597,872660.39125,101194.45356435062,848452.1358333334,88759.11668849898,826406.2888461539,63533.73880441853,976666.83,935051.17,976666.83,765705.75,-3.65935130848426,13.310226179070783,13.175443710607414,22.827711457581312,16.739,-3.034861993125826,2.259,13.748357603505685,4.812,0,0,0.0,775976.07,681,2023,1
Hibiscus,2023-01-30,935051.17,NGN,NGN/MT,Historical (World Bank/FAOSTAT/NEPC),wholesale,National,,,0.7,False,"Synthetic historical — verified annual anchors, weekly interpolated",Synthetic (World Bank/FAO × FX),historical,False,,935051.17,460.0,896.8909090909091,291.6933333333333,20.5,25.7,1,0,0,0,0,0,0,0,0,1,0,0,1,0,0,0,0,0,0,1,0.4999999999999999,0.8660254037844387,0.5680647467311558,0.8229838658936564,1,2032.72,935051.17,970567.65,976666.83,765705.75,826196.16,824344.33,761270.53,954334.2050000001,22404.92322073565,893828.56875,93005.99220638249,857523.3866666667,91788.59203561147,830664.2442307693,67004.91710400373,976666.83,935051.17,976666.83,765705.75,0.0,-4.260988365909791,13.175443710607414,22.827711457581312,14.888,3.65935130848426,2.116,13.748357603505685,4.812,0,0,0.0,775976.07,682,2023,1
Hibiscus,2023-02-06,935051.17,NGN,NGN/MT,Historical (World Bank/FAOSTAT/NEPC),wholesale,National,,,0.7,False,"Synthetic historical — verified annual anchors, weekly interpolated",Synthetic (World Bank/FAO × FX),historical,False,,963947.17,460.0,896.8909090909091,291.6933333333333,20.5,25.7,1,0,0,0,0,0,0,0,1,1,0,0,1,0,0,0,0,0,0,0,0.8660254037844386,0.5000000000000001,0.6631226582407952,0.7485107481711011,1,2032.72,935051.17,935051.17,976666.83,765705.75,791775.5,824344.33,756397.42,943930.29,17758.240000000624,914996.74625,77689.78087244058,869463.0258333334,91777.25737941651,834922.1996153847,70036.21265403638,970567.65,935051.17,976666.83,765705.75,0.0,-4.260988365909791,18.09549171450746,23.619032174911435,13.056,0.0,1.994,13.748357603505685,4.812,0,0,0.0,775976.07,683,2023,1
Hibiscus,2023-02-13,943150.73,NGN,NGN/MT,Historical (World Bank/FAOSTAT/NEPC),wholesale,National,,,0.7,False,"Synthetic historical — verified annual anchors, weekly interpolated",Synthetic (World Bank/FAO × FX),historical,False,,915169.36,460.0,896.8909090909091,291.6933333333333,20.5,25.7,1,0,0,0,0,0,0,0,1,1,0,0,1,0,0,0,0,0,0,0,0.8660254037844386,0.5000000000000001,0.7485107481711011,0.6631226582407953,1,2050.33,935051.17,935051.17,970567.65,765705.75,791085.42,823403.63,756397.42,937076.06,4049.77999999996,937177.36875,49017.372267147,882135.1350000001,90460.21482768007,839527.8573076923,73117.98691540072,943150.73,935051.17,976666.83,765705.75,0.8662156959816425,-2.8248334879078296,19.222362864429975,24.689839634831113,11.619,0.8662156959816425,2.011,13.756982450050936,4.812,0,0,0.0,782697.7,684,2023,1
Hibiscus,2023-02-20,959092.71,NGN,NGN/MT,Historical (World Bank/FAOSTAT/NEPC),wholesale,National,,,0.7,False,"Synthetic historical — verified annual anchors, weekly interpolated",Synthetic (World Bank/FAO × FX),historical,False,,970320.46,460.0,896.8909090909091,291.6933333333333,20.5,25.7,1,0,0,0,0,0,0,0,1,1,0,0,1,0,0,0,0,0,0,0,0.8660254037844386,0.5000000000000001,0.8229838658936564,0.5680647467311559,1,2084.98,943150.73,935051.17,935051.17,825213.4,791085.42,820431.41,750267.11,943086.4450000001,11333.371673406147,953912.2825,18984.251615957644,896135.7424999998,88056.68048439611,844860.9842307692,76641.39394644559,959092.71,935051.17,976666.83,765705.75,1.6902897376753323,2.5711469886722904,21.237566228941485,27.833500524899723,11.626,0.8240740416936898,2.14,13.773744065462862,4.812,0,0,0.0,795927.56,685,2023,1
Hibiscus,2023-02-27,959092.71,NGN,NGN/MT,Historical (World Bank/FAOSTAT/NEPC),wholesale,National,,,0.7,False,"Synthetic historical — verified annual anchors, weekly interpolated",Synthetic (World Bank/FAO × FX),historical,False,,943150.73,460.0,896.8909090909091,291.6933333333333,20.5,25.7,1,0,0,0,0,0,0,0,1,1,0,0,1,0,0,0,0,0,0,0,0.8660254037844386,0.5000000000000001,0.8854560256532099,0.4647231720437686,1,2084.98,959092.71,943150.73,935051.17,976666.83,765705.75,809819.08,737474.94,949096.8300000001,12006.552433211775,951715.5175,16874.63799127953,912251.3225000001,79274.44993969357,850602.2776923078,79450.99371450453,959092.71,935051.17,976666.83,765705.75,0.0,2.5711469886722904,25.256041240385095,30.05088823763964,11.579,-1.6902897376753323,2.027,13.773744065462862,4.812,0,0,0.0,795927.56,686,2023,1
Hibiscus,2023-03-06,959092.71,NGN,NGN/MT,Historical (World Bank/FAOSTAT/NEPC),wholesale,National,,,0.7,False,"Synthetic historical — verified annual anchors, weekly interpolated",Synthetic (World Bank/FAO × FX),historical,False,,959092.71,460.0,896.8909090909091,291.6933333333333,20.5,25.7,1,0,0,1,0,0,0,0,1,1,0,0,0,0,0,0,0,0,0,0,1.0,6.123233995736766e-17,0.9350162426854148,0.3546048870425355,0,2084.98,959092.71,959092.71,935051.17,976666.83,765705.75,799213.92,737474.94,955107.215,7970.989999999742,949518.7525000001,14073.899923235562,928366.9025,65178.62887647279,856751.4619230769,81475.83605394937,959092.71,943150.73,976666.83,765705.75,0.0,2.5711469886722904,25.256041240385095,30.05088823763964,11.48,0.0,1.929,13.773744065462862,4.812,0,0,0.0,795927.56,687,2023,1
Hibiscus,2023-03-13,982928.06,NGN,NGN/MT,Historical (World Bank/FAOSTAT/NEPC),wholesale,National,,,0.7,False,"Synthetic historical — verified annual anchors, weekly interpolated",Synthetic (World Bank/FAO × FX),historical,False,,990688.94,460.0,896.8909090909091,291.6933333333333,20.5,25.7,1,0,0,1,0,0,0,0,1,1,0,0,0,0,0,0,0,0,0,0,1.0,6.123233995736766e-17,0.970941817426052,0.239315664287558,0,2136.8,959092.71,959092.71,943150.73,970567.65,765705.75,786957.81,777706.84,965051.5475,11917.675000000047,951063.80375,17073.583974281042,946468.7616666666,41905.66461602732,864288.7792307693,83792.62177868381,982928.06,959092.71,982928.06,825213.4,2.4851977031500994,4.2174944825627225,28.3689015003479,26.387992164245343,11.658,2.4851977031500994,2.152,13.798292229688936,4.812,0,0,0.0,815707.93,688,2023,1
Hibiscus,2023-03-20,982928.06,NGN,NGN/MT,Historical (World Bank/FAOSTAT/NEPC),wholesale,National,,,0.7,False,"Synthetic historical — verified annual anchors, weekly interpolated",Synthetic (World Bank/FAO × FX),historical,False,,982928.06,460.0,896.8909090909091,291.6933333333333,20.5,25.7,1,0,0,1,0,0,0,0,1,1,0,0,0,0,0,0,0,0,0,0,1.0,6.123233995736766e-17,0.992708874098054,0.120536680255323,0,2136.8,982928.06,959092.71,959092.71,935051.17,825213.4,786957.81,777706.84,971010.385,13761.345738729,957048.415,18947.117007731882,959611.65,18758.085609716847,871826.0965384616,85357.64682693433,982928.06,959092.71,982928.06,935051.17,0.0,2.4851977031500994,19.111984851433593,26.387992164245343,11.377,-2.4851977031500994,2.023,13.798292229688936,4.812,0,0,0.0,815707.93,689,2023,1
Hibiscus,2023-03-27,982928.06,NGN,NGN/MT,Historical (World Bank/FAOSTAT/NEPC),wholesale,National,,,0.7,False,"Synthetic historical — verified annual anchors, weekly interpolated",Synthetic (World Bank/FAO × FX),historical,False,,959495.88,460.0,896.8909090909091,291.6933333333333,20.5,25.7,1,0,0,1,0,0,0,0,1,1,0,0,0,0,0,0,0,1,0,0,1.0,6.123233995736766e-17,1.0,-1.6081226496766364e-16,0,2136.8,982928.06,982928.06,959092.71,935051.17,976666.83,786957.81,768918.11,976969.2225,11917.675000000048,963033.02625,18563.81027529389,960133.4191666668,19353.253019612246,879363.4138461538,86211.8616116618,982928.06,959092.71,982928.06,935051.17,0.0,2.4851977031500994,0.6410814627543004,27.83260625764168,11.1,0.0,1.913,13.798292229688936,4.812,0,0,0.0,815707.93,690,2023,1
Hibiscus,2023-04-03,982928.06,NGN,NGN/MT,Historical (World Bank/FAOSTAT/NEPC),wholesale,National,,,0.7,False,"Synthetic historical — verified annual anchors, weekly interpolated",Synthetic (World Bank/FAO × FX),historical,False,,1034779.89,460.0,896.8909090909091,291.6933333333333,20.5,25.7,0,1,1,1,0,0,0,0,1,0,0,0,0,0,0,0,0,1,0,0,0.8660254037844387,-0.4999999999999998,0.992708874098054,-0.1205366802553228,0,2136.8,982928.06,982928.06,959092.71,935051.17,976666.83,793880.55,768918.11,982928.06,0.0,969017.6375000001,15759.84444162122,960655.1883333334,19915.74864963524,886634.4719230769,86684.68551268596,982928.06,982928.06,982928.06,935051.17,0.0,2.4851977031500994,0.6410814627543004,27.83260625764168,10.861,0.0,1.815,13.798292229688936,4.812,0,0,0.333,815707.93,691,2023,2
Hibiscus,2023-04-10,1017793.04,NGN,NGN/MT,Historical (World Bank/FAOSTAT/NEPC),wholesale,National,,,0.7,False,"Synthetic historical — verified annual anchors, weekly interpolated",Synthetic (World Bank/FAO × FX),historical,False,,967568.1,460.0,896.8909090909091,291.6933333333333,20.5,25.7,0,1,1,1,0,0,0,0,1,0,0,0,0,0,0,0,0,1,0,0,0.8660254037844387,-0.4999999999999998,0.970941817426052,-0.2393156642875575,0,2212.59,982928.06,982928.06,982928.06,943150.73,970567.65,793880.55,791941.17,991644.305,17432.48999999999,978347.92625,19828.253859887845,964590.6375000001,25838.012100036347,895246.4907692309,88210.38689971586,1017793.04,982928.06,1017793.04,935051.17,3.5470530773126896,3.5470530773126896,4.865749440546474,28.51876863530154,10.768,3.5470530773126896,2.147,13.833148137352383,4.812,0,0,0.333,844641.53,692,2023,2
Hibiscus,2023-04-17,1017793.04,NGN,NGN/MT,Historical (World Bank/FAOSTAT/NEPC),wholesale,National,,,0.7,False,"Synthetic historical — verified annual anchors, weekly interpolated",Synthetic (World Bank/FAO × FX),historical,False,,1018478.07,460.0,896.8909090909091,291.6933333333333,20.5,25.7,0,1,1,1,0,0,0,0,1,0,0,0,0,0,0,0,0,1,0,0,0.8660254037844387,-0.4999999999999998,0.9350162426854148,-0.3546048870425354,0,2212.59,1017793.04,982928.06,982928.06,959092.71,935051.17,802554.33,793769.81,1000360.55,20129.3055882909,985685.4675,22381.609514055555,971485.7933333333,28173.21256102404,903524.9026923076,89257.11048024526,1017793.04,982928.06,1017793.04,935051.17,0.0,3.5470530773126896,8.848913584055506,28.22269468777101,10.718,-3.5470530773126896,2.017,13.833148137352383,4.812,0,0,0.333,844641.53,693,2023,2
Hibiscus,2023-04-24,1017793.04,NGN,NGN/MT,Historical (World Bank/FAOSTAT/NEPC),wholesale,National,,,0.7,False,"Synthetic historical — verified annual anchors, weekly interpolated",Synthetic (World Bank/FAO × FX),historical,False,,1017793.04,460.0,896.8909090909091,291.6933333333333,20.5,25.7,0,1,1,1,0,0,0,0,1,0,0,0,0,0,0,0,0,0,0,0,0.8660254037844387,-0.4999999999999998,0.8854560256532099,-0.4647231720437685,0,2212.59,1017793.04,1017793.04,982928.06,959092.71,935051.17,826196.16,793769.81,1009076.795,17432.489999999994,993023.00875,22037.502058027436,978380.9491666667,28567.925744712455,910894.0134615385,90517.70399379452,1017793.04,982928.06,1017793.04,935051.17,0.0,3.5470530773126896,8.848913584055506,28.22269468777101,10.779,0.0,1.904,13.833148137352383,4.812,0,0,0.333,844641.53,694,2023,2
Hibiscus,2023-05-01,1017793.04,NGN,NGN/MT,Historical (World Bank/FAOSTAT/NEPC),wholesale,National,,,0.7,False,"Synthetic historical — verified annual anchors, weekly interpolated",Synthetic (World Bank/FAO × FX),historical,False,,1010527.88,460.0,896.8909090909091,291.6933333333333,22.4,28.8,0,1,1,1,0,0,0,0,1,0,1,0,0,0,0,0,0,0,0,0,0.4999999999999999,-0.8660254037844387,0.8229838658936565,-0.5680647467311557,0,2212.59,1017793.04,1017793.04,982928.06,959092.71,935051.17,826196.16,793769.81,1017793.04,0.0,1000360.55,18636.11570810452,985276.105,27107.052501552243,918263.1242307692,91143.43536861545,1017793.04,1017793.04,1017793.04,943150.73,0.0,3.5470530773126896,8.848913584055506,28.22269468777101,10.839,0.0,1.803,13.833148137352383,4.812,0,0,0.333,831530.26,695,2023,2
Hibiscus,2023-05-08,1017793.04,NGN,NGN/MT,Historical (World Bank/FAOSTAT/NEPC),wholesale,National,,,0.7,False,"Synthetic historical — verified annual anchors, weekly interpolated",Synthetic (World Bank/FAO × FX),historical,False,,1029979.67,460.0,896.8909090909091,291.6933333333333,22.4,28.8,0,1,1,1,0,0,0,0,1,0,1,0,0,0,0,0,0,0,0,0,0.4999999999999999,-0.8660254037844387,0.7485107481711013,-0.663122658240795,0,2212.59,1017793.04,1017793.04,1017793.04,982928.06,943150.73,826196.16,809323.73,1017793.04,0.0,1004718.6725000001,18044.3414438708,991496.2975,25047.644698926117,925632.235,91147.38062466214,1017793.04,1017793.04,1017793.04,959092.71,0.0,0.0,7.914144327704653,25.758457619919284,9.957,0.0,1.711,13.833148137352383,4.812,0,0,0.333,831530.26,696,2023,2
Hibiscus,2023-05-15,1017793.04,NGN,NGN/MT,Historical (World Bank/FAOSTAT/NEPC),wholesale,National,,,0.7,False,"Synthetic historical — verified annual anchors, weekly interpolated",Synthetic (World Bank/FAO × FX),historical,False,,981715.92,460.0,896.8909090909091,291.6933333333333,22.4,28.8,0,1,1,1,0,0,0,0,1,0,1,0,0,0,0,0,0,0,0,0,0.4999999999999999,-0.8660254037844387,0.6631226582407952,-0.7485107481711012,0,2212.59,1017793.04,1017793.04,1017793.04,982928.06,959092.71,791775.5,809323.73,1017793.04,0.0,1009076.795,16139.349631084815,996387.9916666667,23847.263376441202,934325.2173076923,88613.16987115753,1017793.04,1017793.04,1017793.04,959092.71,0.0,0.0,6.120402062069696,25.758457619919284,8.933,0.0,1.629,13.833148137352383,4.812,0,0,0.333,831530.26,697,2023,2
Hibiscus,2023-05-22,1029979.67,NGN,NGN/MT,Historical (World Bank/FAOSTAT/NEPC),wholesale,National,,,0.7,False,"Synthetic historical — verified annual anchors, weekly interpolated",Synthetic (World Bank/FAO × FX),historical,False,,1048275.23,460.0,896.8909090909091,291.6933333333333,22.4,28.8,0,1,1,1,0,0,0,0,1,0,1,0,0,0,0,0,0,0,0,0,0.4999999999999999,-0.8660254037844387,0.5680647467311558,-0.8229838658936564,0,2239.09,1017793.04,1017793.04,1017793.04,982928.06,959092.71,791085.42,809323.73,1020839.6975,6093.315000000011,1014958.2462500001,13626.614380464312,1002295.2383333333,22511.265334338717,943513.4576923078,85497.24296302875,1029979.67,1017793.04,1029979.67,959092.71,1.1973583548969824,1.1973583548969824,7.39104356241016,27.26423701922098,8.196,1.1973583548969824,1.682,13.845050593039424,4.812,0,0,0.333,841486.66,698,2023,2
Hibiscus,2023-05-29,1033534.22,NGN,NGN/MT,Historical (World Bank/FAOSTAT/NEPC),wholesale,National,,,0.7,False,"Synthetic historical — verified annual anchors, weekly interpolated",Synthetic (World Bank/FAO × FX),historical,False,,1014341.99,460.0,896.8909090909091,291.6933333333333,22.4,28.8,0,1,1,1,0,0,0,0,1,0,1,0,0,0,0,0,0,0,0,0,0.4999999999999999,-0.8660254037844387,0.464723172043769,-0.8854560256532096,0,2246.81,1029979.67,1017793.04,1017793.04,982928.06,959092.71,791085.42,814670.86,1024774.9924999999,8191.622869335801,1021284.01625,6533.467435606315,1008498.6975000001,19591.15846514572,952838.4115384615,81327.25765907869,1033534.22,1017793.04,1033534.22,982928.06,0.345108753457235,1.5465992968472175,7.761659454173109,26.865249605220942,7.55,-0.8522496014397474,1.638,13.84849573589776,4.812,1,3,0.333,844390.7,699,2023,2
Hibiscus,2023-06-05,1033534.22,NGN,NGN/MT,Historical (World Bank/FAOSTAT/NEPC),wholesale,National,,,0.7,False,"Synthetic historical — verified annual anchors, weekly interpolated",Synthetic (World Bank/FAO × FX),historical,False,,1033534.22,460.0,896.8909090909091,291.6933333333333,22.4,28.8,0,1,1,0,0,0,0,1,0,0,1,0,0,0,0,0,0,0,1,0,1.2246467991473532e-16,-1.0,0.3546048870425358,-0.9350162426854148,0,2246.81,1033534.22,1029979.67,1017793.04,1017793.04,982928.06,765705.75,834180.45,1028710.2875,7468.562432772847,1023251.6637500001,7613.060773521135,1012715.8775000001,19024.990715405278,963139.5065384617,73235.87233979604,1033534.22,1017793.04,1033534.22,982928.06,0.0,1.5465992968472175,5.148511072112427,23.898158965485237,6.808,-0.345108753457235,1.561,13.84849573589776,4.812,1,3,0.333,844390.7,700,2023,2
Hibiscus,2023-06-12,1033534.22,NGN,NGN/MT,Historical (World Bank/FAOSTAT/NEPC),wholesale,National,,,0.7,False,"Synthetic historical — verified annual anchors, weekly interpolated",Synthetic (World Bank/FAO × FX),historical,False,,1083043.79,460.0,896.8909090909091,291.6933333333333,22.4,28.8,0,1,1,0,0,0,0,1,0,0,1,0,0,0,0,0,0,0,1,0,1.2246467991473532e-16,-1.0,0.2393156642875576,-0.970941817426052,0,2246.81,1033534.22,1033534.22,1017793.04,1017793.04,982928.06,765705.75,857544.4,1032645.5825,1777.2750000003664,1025219.31125,8023.8230708449955,1016933.0575,17357.542285544427,973440.6015384615,62387.09029391947,1033534.22,1029979.67,1033534.22,982928.06,0.0,1.5465992968472175,5.148511072112427,20.522531544722344,6.082,0.0,1.492,13.84849573589776,4.812,1,3,0.333,844390.7,701,2023,2
Hibiscus,2023-06-19,1027813.17,NGN,NGN/MT,Historical (World Bank/FAOSTAT/NEPC),wholesale,National,,,0.7,False,"Synthetic historical — verified annual anchors, weekly interpolated",Synthetic (World Bank/FAO × FX),historical,False,,1027813.17,920.0,896.8909090909091,291.6933333333333,22.4,28.8,0,1,1,0,0,0,0,1,0,0,1,0,0,0,0,0,0,0,1,0,1.2246467991473532e-16,-1.0,0.120536680255323,-0.992708874098054,0,1117.19,1033534.22,1033534.22,1029979.67,1017793.04,982928.06,765705.75,868389.44,1032103.9575,2860.525000000218,1026471.8275,7461.3325082418505,1020673.4833333333,13844.180215398643,983521.6561538461,46675.053004714195,1033534.22,1027813.17,1033534.22,982928.06,-0.5535423877885637,-0.21034395756568403,4.566469493199743,18.358552356417434,4.94,-0.5535423877885637,1.373,13.842944940174165,4.812,1,3,0.333,839716.64,702,2023,2
Hibiscus,2023-06-26,1005633.47,NGN,NGN/MT,Historical (World Bank/FAOSTAT/NEPC),wholesale,National,,,0.7,False,"Synthetic historical — verified annual anchors, weekly interpolated",Synthetic (World Bank/FAO × FX),historical,False,,1005633.47,920.0,896.8909090909091,291.6933333333333,22.4,28.8,0,1,1,0,0,0,0,1,0,0,1,0,0,0,0,0,0,0,1,0,1.2246467991473532e-16,-1.0,-3.216245299353273e-16,-1.0,0,1093.08,1027813.17,1033534.22,1033534.22,1017793.04,982928.06,825213.4,868389.44,1025128.77,13273.732266585843,1024951.88125,10212.976882339266,1022565.6008333334,8876.927698710353,990460.8896153847,33846.397553086834,1033534.22,1005633.47,1033534.22,1005633.47,-2.157950554379462,-2.699547771142019,2.3099767850762065,15.804433319686616,3.5,-1.6044081665908982,1.102,13.821129213713656,4.812,1,3,0.333,821595.97,703,2023,2
Hibiscus,2023-07-03,1005633.47,NGN,NGN/MT,Historical (World Bank/FAOSTAT/NEPC),wholesale,National,,,0.7,False,"Synthetic historical — verified annual anchors, weekly interpolated",Synthetic (World Bank/FAO × FX),historical,False,,1000966.18,920.0,896.8909090909091,291.6933333333333,22.4,28.8,0,1,1,0,0,0,1,1,0,0,1,0,0,0,0,0,0,0,1,0,-0.4999999999999997,-0.8660254037844388,-0.1205366802553228,-0.992708874098054,0,1093.08,1005633.47,1027813.17,1033534.22,1017793.04,1017793.04,976666.83,833224.0,1018153.5825,14644.430961994663,1023431.9349999999,12151.451353366898,1021552.3033333333,10083.274877541284,991574.9911538461,33850.9231896011,1033534.22,1005633.47,1033534.22,1005633.47,0.0,-2.699547771142019,-1.1946996611413296,20.69185117087362,2.68,2.157950554379462,1.061,13.821129213713656,4.812,1,3,0.333,821595.97,704,2023,3
Hibiscus,2023-07-10,1009666.48,NGN,NGN/MT,Historical (World Bank/FAOSTAT/NEPC),wholesale,National,,,0.7,False,"Synthetic historical — verified annual anchors, weekly interpolated",Synthetic (World Bank/FAO × FX),historical,False,,1069089.31,920.0,896.8909090909091,291.6933333333333,22.4,28.8,0,1,1,0,0,0,1,1,0,0,1,0,0,0,0,0,0,0,1,0,-0.4999999999999997,-0.8660254037844388,-0.2393156642875574,-0.970941817426052,0,1097.46,1005633.47,1005633.47,1033534.22,1017793.04,1017793.04,976666.83,833224.0,1012186.6475000001,10589.73906452351,1022416.115,13000.219131721808,1020875.09,10617.45593364717,992844.2084615385,33888.22213835391,1027813.17,1005633.47,1033534.22,1005633.47,0.40104174336996756,-2.30933234121653,-0.7984491621204293,21.175875874914784,1.948,0.40104174336996756,1.06,13.825131606887325,4.812,1,3,0.333,824890.92,705,2023,3
Hibiscus,2023-07-17,1009666.48,NGN,NGN/MT,Historical (World Bank/FAOSTAT/NEPC),wholesale,National,,,0.7,False,"Synthetic historical — verified annual anchors, weekly interpolated",Synthetic (World Bank/FAO × FX),historical,False,,1009666.48,920.0,896.8909090909091,291.6933333333333,22.4,28.8,0,1,1,0,0,0,1,1,0,0,1,0,0,0,0,0,0,0,1,0,-0.4999999999999997,-0.8660254037844388,-0.3546048870425356,-0.9350162426854148,0,1097.46,1009666.48,1005633.47,1027813.17,1029979.67,1017793.04,970567.65,841492.3,1007649.975,2328.4594091450367,1019876.9662499999,13292.358168230645,1020197.8766666666,11080.960602746394,994348.0096153846,33727.280880388724,1009666.48,1005633.47,1033534.22,1005633.47,0.0,-1.7655630935338285,-0.7984491621204293,19.985230999737013,1.338,-0.40104174336996756,1.021,13.825131606887325,4.812,1,3,0.333,824890.92,706,2023,3
Hibiscus,2023-07-24,1036520.44,NGN,NGN/MT,Historical (World Bank/FAOSTAT/NEPC),wholesale,National,,,0.7,False,"Synthetic historical — verified annual anchors, weekly interpolated",Synthetic (World Bank/FAO × FX),historical,False,,1105276.02,920.0,896.8909090909091,291.6933333333333,22.4,28.8,0,1,1,0,0,0,1,1,0,0,1,0,0,0,0,0,0,0,1,0,-0.4999999999999997,-0.8660254037844388,-0.464723172043768,-0.8854560256532101,0,1126.65,1009666.48,1009666.48,1005633.47,1033534.22,1017793.04,935051.17,841492.3,1015371.7175,14226.751768131286,1020250.24375,13764.226144230839,1021758.4933333333,11992.729268905197,998250.6738461538,32437.40747670023,1036520.44,1005633.47,1036520.44,1005633.47,2.659686196574529,3.0713943918354136,1.8400007923025097,23.176461626565082,1.715,2.659686196574529,1.241,13.851380895641627,4.812,1,3,0.333,846830.42,707,2023,3
Hibiscus,2023-07-31,1036520.44,NGN,NGN/MT,Historical (World Bank/FAOSTAT/NEPC),wholesale,National,,,0.7,False,"Synthetic historical — verified annual anchors, weekly interpolated",Synthetic (World Bank/FAO × FX),historical,False,,984419.22,920.0,896.8909090909091,291.6933333333333,22.4,28.8,0,1,1,0,0,0,1,1,0,0,1,0,0,0,0,0,0,0,1,0,-0.4999999999999997,-0.8660254037844388,-0.5680647467311556,-0.8229838658936565,0,1126.65,1036520.44,1009666.48,1005633.47,1033534.22,1017793.04,935051.17,824344.33,1023093.46,15504.141034807462,1020623.52125,14209.242574131575,1023319.11,12631.292545885453,1002153.338076923,30580.407008250237,1036520.44,1009666.48,1036520.44,1005633.47,0.0,3.0713943918354136,1.8400007923025097,25.738772291913502,2.09,-2.659686196574529,1.192,13.851380895641627,4.812,1,3,0.333,846830.42,708,2023,3
Hibiscus,2023-08-07,1036520.44,NGN,NGN/MT,Historical (World Bank/FAOSTAT/NEPC),wholesale,National,,,0.7,False,"Synthetic historical — verified annual anchors, weekly interpolated",Synthetic (World Bank/FAO × FX),historical,False,,1082420.5,920.0,896.8909090909091,291.6933333333333,22.4,28.8,0,1,0,0,1,0,1,1,0,0,1,0,0,0,0,1,0,0,1,0,-0.8660254037844384,-0.5000000000000004,-0.663122658240795,-0.7485107481711013,0,1126.65,1036520.44,1036520.44,1009666.48,1033534.22,1017793.04,935051.17,824344.33,1029806.95,13426.98000000002,1020996.79875,14629.858003941263,1024879.7266666667,13036.85836645761,1006056.0023076924,28043.843219624712,1036520.44,1009666.48,1036520.44,1005633.47,0.0,2.659686196574529,1.8400007923025097,25.738772291913502,2.361,0.0,1.146,13.851380895641627,4.812,1,3,0.333,846830.42,709,2023,3
Hibiscus,2023-08-14,1036520.44,NGN,NGN/MT,Historical (World Bank/FAOSTAT/NEPC),wholesale,National,,,0.7,False,"Synthetic historical — verified annual anchors, weekly interpolated",Synthetic (World Bank/FAO × FX),historical,False,,1036520.44,920.0,896.8909090909091,291.6933333333333,22.4,28.8,0,1,0,0,1,0,1,1,0,0,1,0,0,0,0,1,0,0,1,0,-0.8660254037844384,-0.5000000000000004,-0.7485107481711011,-0.6631226582407952,0,1126.65,1036520.44,1036520.44,1009666.48,1027813.17,1029979.67,943150.73,823403.63,1036520.44,0.0,1022085.2074999999,15507.015317004316,1025424.7908333334,13401.11285166633,1009647.145,25532.04519127011,1036520.44,1036520.44,1036520.44,1005633.47,0.0,2.659686196574529,0.635038747900718,25.88242293758165,2.662,0.0,1.102,13.851380895641627,4.812,1,3,0.333,846830.42,710,2023,3
Hibiscus,2023-08-21,1027011.56,NGN,NGN/MT,Historical (World Bank/FAOSTAT/NEPC),wholesale,National,,,0.7,False,"Synthetic historical — verified annual anchors, weekly interpolated",Synthetic (World Bank/FAO × FX),historical,False,,1027011.56,920.0,896.8909090909091,291.6933333333333,22.4,28.8,0,1,0,0,1,0,1,1,0,0,1,0,0,0,0,1,0,0,1,0,-0.8660254037844384,-0.5000000000000004,-0.8229838658936564,-0.5680647467311559,0,1116.32,1036520.44,1036520.44,1036520.44,1005633.47,1033534.22,959092.71,820431.41,1034143.22,4754.439999999944,1024757.46875,14039.50604021163,1024881.2358333333,13172.621927235907,1012259.4084615385,23550.35742501143,1036520.44,1027011.56,1036520.44,1005633.47,-0.9173847068563279,-0.9173847068563279,-0.6311024708983481,25.1794540630764,2.162,-0.9173847068563279,0.97,13.842164718631432,4.812,1,3,0.333,839061.73,711,2023,3
Hibiscus,2023-08-28,1013162.0,NGN,NGN/MT,Historical (World Bank/FAOSTAT/NEPC),wholesale,National,,,0.7,False,"Synthetic historical — verified annual anchors, weekly interpolated",Synthetic (World Bank/FAO × FX),historical,False,,1013162.0,920.0,896.8909090909091,291.6933333333333,22.4,28.8,0,1,0,0,1,0,1,1,0,0,1,0,0,0,0,1,0,0,1,0,-0.8660254037844384,-0.5000000000000004,-0.8854560256532096,-0.4647231720437691,0,1101.26,1027011.56,1036520.44,1036520.44,1005633.47,1033534.22,959092.71,809819.08,1028303.61,11044.913415873069,1025698.535,12769.365298127048,1023183.5508333333,13268.48074482891,1014338.9965384615,20906.60983183857,1036520.44,1013162.0,1036520.44,1005633.47,-1.3485300983369752,-2.2535435963037975,-1.9711219624639065,25.109672644413372,1.377,-0.43114539148064734,0.801,13.82858767847997,4.812,1,3,0.333,827746.73,712,2023,3
Hibiscus,2023-09-04,1011974.08,NGN,NGN/MT,Historical (World Bank/FAOSTAT/NEPC),wholesale,National,,,0.7,False,"Synthetic historical — verified annual anchors, weekly interpolated",Synthetic (World Bank/FAO × FX),historical,False,,1011974.08,920.0,896.8909090909091,291.6933333333333,22.4,28.8,0,1,0,0,1,1,0,0,0,0,0,0,0,0,0,1,0,0,0,0,-1.0,-1.8369701987210287e-16,-0.9350162426854148,-0.3546048870425359,0,1099.97,1013162.0,1027011.56,1036520.44,1009666.48,1033534.22,959092.71,799213.92,1022167.02,11754.100625625653,1025986.985,12375.46582744077,1021386.8725,13199.02765633197,1016372.8953846154,17632.973275130087,1036520.44,1011974.08,1036520.44,1005633.47,-0.11724877166732206,-2.368150115785461,-2.086059617842162,26.621177969472786,0.57,1.2312813266696532,0.758,13.827414504020432,4.812,1,3,0.667,826776.21,713,2023,3
Hibiscus,2023-09-11,1011974.08,NGN,NGN/MT,Historical (World Bank/FAOSTAT/NEPC),wholesale,National,,,0.7,False,"Synthetic historical — verified annual anchors, weekly interpolated",Synthetic (World Bank/FAO × FX),historical,False,,998870.96,920.0,896.8909090909091,291.6933333333333,22.4,28.8,0,1,0,0,1,1,0,0,0,0,0,0,0,0,0,1,0,0,0,0,-1.0,-1.8369701987210287e-16,-0.970941817426052,-0.2393156642875577,0,1099.97,1011974.08,1013162.0,1036520.44,1009666.48,1027813.17,982928.06,786957.81,1016030.4299999999,7342.13995568968,1026275.435,11960.66217103313,1020066.9483333334,13289.622086491243,1017490.05,16298.941475591182,1027011.56,1011974.08,1036520.44,1005633.47,0.0,-2.368150115785461,-1.5410475816339364,28.593180872046986,-0.143,0.11724877166732206,0.727,13.827414504020432,4.812,1,3,0.667,826776.21,714,2023,3
Hibiscus,2023-09-18,1004509.05,NGN,NGN/MT,Historical (World Bank/FAOSTAT/NEPC),wholesale,National,,,0.7,False,"Synthetic historical — verified annual anchors, weekly interpolated",Synthetic (World Bank/FAO × FX),historical,False,,1033099.06,920.0,896.8909090909091,291.6933333333333,22.4,28.8,0,1,0,0,1,1,0,0,0,0,0,0,0,0,0,1,0,0,0,0,-1.0,-1.8369701987210287e-16,-0.992708874098054,-0.1205366802553235,0,1091.86,1011974.08,1011974.08,1027011.56,1036520.44,1005633.47,982928.06,786957.81,1010404.8025,3970.1930825959566,1022274.01125,13320.909070698826,1019973.2466666666,13404.111143237196,1018320.088076923,14963.220903830661,1013162.0,1004509.05,1036520.44,1004509.05,-0.7376700794549884,-2.1910668658880583,-0.1118121098336089,27.644587452534463,-0.777,-0.7376700794549884,0.621,13.820010468164677,4.812,1,3,0.667,820677.33,715,2023,3
Hibiscus,2023-09-25,1003426.83,NGN,NGN/MT,Historical (World Bank/FAOSTAT/NEPC),wholesale,National,,,0.7,False,"Synthetic historical — verified annual anchors, weekly interpolated",Synthetic (World Bank/FAO × FX),historical,False,,1003426.83,920.0,896.8909090909091,291.6933333333333,22.4,28.8,0,1,0,0,1,1,0,0,0,0,0,0,0,0,0,1,0,0,0,0,-1.0,-1.8369701987210287e-16,-1.0,-1.8369701987210287e-16,0,1090.68,1004509.05,1011974.08,1013162.0,1036520.44,1005633.47,982928.06,786957.81,1007971.01,4643.413893670762,1018137.31,13403.003183595572,1019789.3599999999,13631.918056617731,1019108.5023076924,13491.48095382822,1011974.08,1003426.83,1036520.44,1003426.83,-0.10773621203313821,-0.9608700286824812,-0.21942785973502188,27.507068009147773,-1.093,0.6299338674218502,0.581,13.818932526346288,4.812,1,3,0.667,819793.16,716,2023,3
Hibiscus,2023-10-02,1003426.83,NGN,NGN/MT,Historical (World Bank/FAOSTAT/NEPC),wholesale,National,,,0.7,False,"Synthetic historical — verified annual anchors, weekly interpolated",Synthetic (World Bank/FAO × FX),historical,False,,1004509.05,920.0,896.8909090909091,291.6933333333333,22.4,28.8,0,1,0,0,0,1,0,0,0,1,0,1,0,1,1,1,1,0,0,0,-0.8660254037844386,0.5000000000000001,-0.992708874098054,0.1205366802553232,0,1090.68,1003426.83,1004509.05,1011974.08,1036520.44,1009666.48,982928.06,793880.55,1005834.1974999999,4124.924628429778,1014000.60875,11946.570552468853,1019269.3891666667,14161.844838162338,1019896.9165384615,11783.429682383778,1011974.08,1003426.83,1036520.44,1003426.83,0.0,-0.8446115536872245,-0.6179912004209531,26.395190057244754,-1.379,0.10773621203313821,0.551,13.818932526346288,4.812,1,3,1.0,819793.16,717,2023,4
Hibiscus,2023-10-09,998291.63,NGN,NGN/MT,Historical (World Bank/FAOSTAT/NEPC),wholesale,National,,,0.7,False,"Synthetic historical — verified annual anchors, weekly interpolated",Synthetic (World Bank/FAO × FX),historical,False,,989091.63,920.0,896.8909090909091,291.6933333333333,22.4,28.8,0,1,0,0,0,1,0,0,0,1,0,1,0,1,1,1,1,0,0,0,-0.8660254037844386,0.5000000000000001,-0.970941817426052,0.2393156642875573,0,1085.1,1003426.83,1003426.83,1011974.08,1036520.44,1009666.48,1017793.04,793880.55,1002413.585,2794.925010819096,1009222.0075000001,8912.213211921882,1018321.485,15205.275965039964,1019146.8623076924,12520.328065726619,1004509.05,998291.63,1036520.44,998291.63,-0.5117662640134912,-1.3520553807069846,-1.126594793956115,25.74834211519603,-1.642,-0.5117662640134912,0.465,13.81380172874693,4.812,1,3,1.0,815597.74,718,2023,4
Hibiscus,2023-10-16,998291.63,NGN,NGN/MT,Historical (World Bank/FAOSTAT/NEPC),wholesale,National,,,0.7,False,"Synthetic historical — verified annual anchors, weekly interpolated",Synthetic (World Bank/FAO × FX),historical,False,,998291.63,920.0,896.8909090909091,291.6933333333333,22.4,28.8,0,1,0,0,0,1,0,0,0,1,0,1,0,1,1,1,1,0,0,0,-0.8660254037844386,0.5000000000000001,-0.9350162426854148,0.3546048870425355,0,1085.1,998291.63,1003426.83,1004509.05,1027011.56,1036520.44,1017793.04,802554.33,1000859.23,2964.809102342975,1005632.01625,6046.1733717040825,1015135.7508333334,15049.64780912052,1018396.8080769231,13171.8580868852,1003426.83,998291.63,1036520.44,998291.63,0.0,-0.61895111845931,-3.6881867954287495,24.38928963226703,-1.722,0.5117662640134912,0.435,13.81380172874693,4.812,1,3,1.0,815597.74,719,2023,4
Hibiscus,2023-10-23,998291.63,NGN,NGN/MT,Historical (World Bank/FAOSTAT/NEPC),wholesale,National,,,0.7,False,"Synthetic historical — verified annual anchors, weekly interpolated",Synthetic (World Bank/FAO × FX),historical,False,,1009234.05,920.0,896.8909090909091,291.6933333333333,22.4,28.8,0,1,0,0,0,1,0,0,0,1,0,1,0,1,1,1,1,0,0,0,-0.8660254037844386,0.5000000000000001,-0.8854560256532101,0.464723172043768,0,1085.1,998291.63,998291.63,1003426.83,1013162.0,1036520.44,1017793.04,826196.16,999575.4299999999,2567.6000000005733,1003773.22,5674.9211966427965,1011950.0166666666,14129.413359401595,1017646.7538461537,13750.1602478861,1003426.83,998291.63,1036520.44,998291.63,0.0,-0.5117662640134912,-3.6881867954287495,20.829855950916066,-1.776,0.0,0.406,13.81380172874693,4.812,1,3,1.0,815597.74,720,2023,4
Hibiscus,2023-10-30,959554.44,NGN,NGN/MT,Historical (World Bank/FAOSTAT/NEPC),wholesale,National,,,0.7,False,"Synthetic historical — verified annual anchors, weekly interpolated",Synthetic (World Bank/FAO × FX),historical,False,,948694.95,920.0,896.8909090909091,291.6933333333333,22.4,28.8,0,1,0,0,0,1,0,0,0,1,0,1,0,1,1,1,1,0,0,0,-0.8660254037844386,0.5000000000000001,-0.822983865893657,0.5680647467311548,0,1042.99,998291.63,998291.63,1003426.83,1011974.08,1036520.44,1017793.04,826196.16,988607.3325,19368.59500000023,997220.7649999999,15901.492211421764,1005536.1833333332,18693.672229853622,1015406.8076923077,17855.998287801787,998291.63,959554.44,1036520.44,959554.44,-3.880348070232753,-4.372256021896481,-7.425420380518499,16.141236967259687,-2.639,-3.880348070232753,-0.089,13.774225372854485,4.812,1,3,1.0,783949.71,721,2023,4
Hibiscus,2023-11-06,959554.44,NGN,NGN/MT,Historical (World Bank/FAOSTAT/NEPC),wholesale,National,,,0.7,False,"Synthetic historical — verified annual anchors, weekly interpolated",Synthetic (World Bank/FAO × FX),historical,False,,959554.44,920.0,896.8909090909091,291.6933333333333,22.4,28.8,1,0,0,0,0,1,0,0,0,1,0,1,1,1,1,0,1,0,0,0,-0.5000000000000004,0.8660254037844384,-0.7485107481711011,0.6631226582407952,1,1042.99,959554.44,998291.63,998291.63,1011974.08,1036520.44,1017793.04,826196.16,978923.035,22364.92707414998,990668.3099999999,19374.565746836968,999122.35,20236.413305682738,1013166.8615384615,20932.518640129827,998291.63,959554.44,1027011.56,959554.44,0.0,-3.880348070232753,-7.425420380518499,16.141236967259687,-3.38,3.880348070232753,-0.125,13.774225372854485,4.812,1,3,0.667,783949.71,722,2023,4
Hibiscus,2023-11-13,1005125.96,NGN,NGN/MT,Historical (World Bank/FAOSTAT/NEPC),wholesale,National,,,0.7,False,"Synthetic historical — verified annual anchors, weekly interpolated",Synthetic (World Bank/FAO × FX),historical,False,,1022297.92,920.0,896.8909090909091,291.6933333333333,22.4,28.8,1,0,0,0,0,1,0,0,0,1,0,1,1,1,1,0,1,0,0,0,-0.5000000000000004,0.8660254037844384,-0.6631226582407955,0.7485107481711007,1,1092.53,959554.44,959554.44,998291.63,1004509.05,1027011.56,1017793.04,791775.5,980631.6174999999,24497.235753859455,990745.42375,19438.64550205133,997298.5499999999,18397.027921009765,1012679.6661538462,20967.919918737993,1005125.96,959554.44,1013162.0,959554.44,4.749237573222009,0.6846025544659629,-2.1309984086255174,26.94582744730041,-3.165,4.749237573222009,0.421,13.820624419854767,4.812,1,3,0.667,821181.34,723,2023,4
Hibiscus,2023-11-20,1005125.96,NGN,NGN/MT,Historical (World Bank/FAOSTAT/NEPC),wholesale,National,,,0.7,False,"Synthetic historical — verified annual anchors, weekly interpolated",Synthetic (World Bank/FAO × FX),historical,False,,1005125.96,920.0,896.8909090909091,291.6933333333333,22.4,28.8,1,0,0,0,0,1,0,0,0,1,0,1,1,1,1,0,1,0,0,0,-0.5000000000000004,0.8660254037844384,-0.5680647467311559,0.8229838658936564,1,1092.53,1005125.96,959554.44,998291.63,1003426.83,1013162.0,1029979.67,791085.42,982340.2,26310.729339380603,990957.815,19605.565721048104,996628.8799999999,17906.81639155462,1011723.7542307692,20712.65509665552,1005125.96,959554.44,1011974.08,959554.44,0.0,0.6846025544659629,-0.7931643705547664,27.056564890299704,-2.904,-4.749237573222009,0.39,13.820624419854767,4.812,1,3,0.667,821181.34,724,2023,4
Hibiscus,2023-11-27,994480.5,NGN,NGN/MT,Historical (World Bank/FAOSTAT/NEPC),wholesale,National,,,0.7,False,"Synthetic historical — verified annual anchors, weekly interpolated",Synthetic (World Bank/FAO × FX),historical,False,,994480.5,920.0,896.8909090909091,291.6933333333333,22.4,28.8,1,0,0,0,0,1,0,0,0,1,0,1,1,1,1,0,1,0,0,0,-0.5000000000000004,0.8660254037844384,-0.4647231720437684,0.88545602565321,1,1080.96,1005125.96,1005125.96,959554.44,1003426.83,1011974.08,1033534.22,791085.42,991071.715,21602.48476172678,989839.5237499999,19039.717219826653,995171.0816666667,17243.794846805067,1010221.6880769231,20482.503906727427,1005125.96,959554.44,1011974.08,959554.44,-1.0591170085787027,3.639820581727493,-1.7286589000382269,25.710887201030697,-1.896,-1.0591170085787027,0.198,13.80997677479042,4.812,1,3,0.667,812484.07,725,2023,4
Hibiscus,2023-12-04,990218.9,NGN,NGN/MT,Historical (World Bank/FAOSTAT/NEPC),wholesale,National,,,0.7,False,"Synthetic historical — verified annual anchors, weekly interpolated",Synthetic (World Bank/FAO × FX),historical,False,,980541.96,920.0,896.8909090909091,291.6933333333333,22.4,28.8,1,0,0,0,0,0,0,0,0,1,0,1,1,1,1,0,0,0,0,1,-2.4492935982947064e-16,1.0,-0.3546048870425359,0.9350162426854148,1,1076.32,994480.5,1005125.96,959554.44,998291.63,1011974.08,1033534.22,765705.75,998737.83,7578.77379852431,988830.4325,18739.32277991126,993358.1499999999,16441.56529663696,1008555.7142307692,20270.963818383796,1005125.96,990218.9,1005125.96,959554.44,-0.4285252450902721,3.195697786568541,-2.149776405340331,29.321074054883354,-0.973,0.6305917634884306,0.075,13.80568231865763,4.812,1,3,0.333,809002.37,726,2023,4
Hibiscus,2023-12-11,980541.96,NGN,NGN/MT,Historical (World Bank/FAOSTAT/NEPC),wholesale,National,,,0.7,False,"Synthetic historical — verified annual anchors, weekly interpolated",Synthetic (World Bank/FAO × FX),historical,False,,990218.9,920.0,896.8909090909091,291.6933333333333,22.4,28.8,1,0,0,0,0,0,0,0,0,1,0,1,1,1,1,0,0,0,0,1,-2.4492935982947064e-16,1.0,-0.2393156642875578,0.970941817426052,1,1065.81,990218.9,994480.5,1005125.96,998291.63,1004509.05,1033534.22,765705.75,992591.83,10189.89128217449,986611.72375,18508.448641705498,991360.8925000001,16419.554496474822,1006517.5503846153,20323.02843607327,1005125.96,980541.96,1005125.96,959554.44,-0.9772526054592667,-2.4458626061155564,-2.3859506293148924,28.057280489274117,-1.384,-0.5487273603689946,-0.193,13.795861738039134,4.812,1,3,0.333,801096.37,727,2023,4
Hibiscus,2023-12-18,964131.07,NGN,NGN/MT,Historical (World Bank/FAOSTAT/NEPC),wholesale,National,,,0.7,False,"Synthetic historical — verified annual anchors, weekly interpolated",Synthetic (World Bank/FAO × FX),historical,False,,964131.07,920.0,896.8909090909091,291.6933333333333,22.4,28.8,1,0,0,0,0,0,0,0,0,1,0,1,1,1,1,0,0,0,0,1,-2.4492935982947064e-16,1.0,-0.1205366802553236,0.992708874098054,1,1047.97,980541.96,990218.9,1005125.96,998291.63,1003426.83,1027813.17,765705.75,982343.1074999999,13469.30889615724,982341.6537499999,19350.26872621802,988086.2458333335,17665.621787732358,1004068.2388461538,21459.515486240423,994480.5,964131.07,1005125.96,959554.44,-1.6736550468477662,-4.078582350017113,-3.9161559991374717,25.914043351509374,-2.164,-0.6964024413884995,-0.792,13.778983566283443,4.812,1,3,0.333,787688.78,728,2023,4
Hibiscus,2023-12-25,964131.07,NGN,NGN/MT,Historical (World Bank/FAOSTAT/NEPC),wholesale,National,,,0.7,False,"Synthetic historical — verified annual anchors, weekly interpolated",Synthetic (World Bank/FAO × FX),historical,False,,957117.84,920.0,896.8909090909091,291.6933333333333,22.4,28.8,1,0,0,0,0,0,0,0,0,1,0,1,1,1,1,0,0,0,0,1,-2.4492935982947064e-16,1.0,6.432490598706546e-16,1.0,1,1047.97,964131.07,980541.96,994480.5,959554.44,1003426.83,1005633.47,825213.4,974755.75,12888.71449875738,982913.7324999999,18634.7615098232,984811.5991666666,18197.535601764757,1002471.9926923077,22837.731571336626,990218.9,964131.07,1005125.96,959554.44,0.0,-3.0517873402243767,-3.9161559991374717,16.834151020814737,-2.765,1.6736550468477662,-1.106,13.778983566283443,4.812,1,3,0.333,787688.78,729,2023,4
Hibiscus,2024-01-01,1290962.93,NGN,NGN/MT,Historical (World Bank/FAOSTAT/NEPC),wholesale,National,,,0.7,False,"Synthetic historical — verified annual anchors, weekly interpolated",Synthetic (World Bank/FAO × FX),historical,False,,1337814.23,1500.0,896.8909090909091,291.6933333333333,29.9,37.9,1,0,0,0,0,0,0,0,0,1,0,0,1,0,0,0,0,0,0,1,0.4999999999999999,0.8660254037844387,0.120536680255323,0.992708874098054,1,860.64,964131.07,964131.07,990218.9,959554.44,998291.63,1005633.47,976666.83,1049941.7574999998,160866.90737455504,1024339.79375,108923.61903415182,1009200.8741666665,90479.29880827006,1013446.2026923076,61032.715862818346,1290962.93,964131.07,1290962.93,959554.44,33.899110833550886,30.371469379144344,29.317214649991598,32.18048267288856,3.601,33.899110833550886,5.758,14.070899729856743,4.812,1,3,0.0,993812.88,730,2024,1
Hibiscus,2024-01-08,1290962.93,NGN,NGN/MT,Historical (World Bank/FAOSTAT/NEPC),wholesale,National,,,0.7,False,"Synthetic historical — verified annual anchors, weekly interpolated",Synthetic (World Bank/FAO × FX),historical,False,,1290962.93,1500.0,896.8909090909091,291.6933333333333,29.9,37.9,1,0,0,0,0,0,0,0,0,1,0,0,1,0,0,0,0,0,0,1,0.4999999999999999,0.8660254037844387,0.2393156642875577,0.970941817426052,1,860.64,1290962.93,964131.07,980541.96,1005125.96,998291.63,1009666.48,976666.83,1127547.0,188696.46235074598,1060069.415,143206.32576987107,1033590.1491666668,121425.00203830621,1024265.2969230769,81751.49783885272,1290962.93,964131.07,1290962.93,959554.44,0.0,31.65810160740088,29.317214649991598,32.18048267288856,10.083,-33.899110833550886,4.415,14.070899729856743,4.812,1,3,0.0,993812.88,731,2024,1
Hibiscus,2024-01-15,1337814.23,NGN,NGN/MT,Historical (World Bank/FAOSTAT/NEPC),wholesale,National,,,0.7,False,"Synthetic historical — verified annual anchors, weekly interpolated",Synthetic (World Bank/FAO × FX),historical,False,,1346289.28,1500.0,896.8909090909091,291.6933333333333,29.9,37.9,1,0,0,0,0,0,0,0,0,1,0,0,1,0,0,0,0,0,0,1,0.4999999999999999,0.8660254037844387,0.3546048870425356,0.9350162426854148,1,891.88,1290962.93,1290962.93,964131.07,1005125.96,998291.63,1009666.48,970567.65,1220967.7899999998,172643.01369036152,1101655.44875,170647.7472837554,1061883.6991666665,148900.31704109552,1036886.3642307692,102184.32719569166,1337814.23,964131.07,1337814.23,959554.44,3.6291746967513694,38.75854348309717,34.01036228261274,37.83832894080077,17.753,3.6291746967513694,4.113,14.10654841596403,4.812,1,3,0.0,1029880.08,732,2024,1
Hibiscus,2024-01-22,1346289.28,NGN,NGN/MT,Historical (World Bank/FAOSTAT/NEPC),wholesale,National,,,0.7,False,"Synthetic historical — verified annual anchors, weekly interpolated",Synthetic (World Bank/FAO × FX),historical,False,,1262066.91,1500.0,896.8909090909091,291.6933333333333,29.9,37.9,1,0,0,0,0,0,0,0,0,1,0,0,1,0,0,0,0,0,0,1,0.4999999999999999,0.8660254037844387,0.4647231720437685,0.8854560256532099,1,897.53,1337814.23,1290962.93,964131.07,994480.5,959554.44,1036520.44,935051.17,1316507.3424999998,29698.379732075726,1145631.54625,183899.28925248943,1094111.6025,165649.12332801003,1048800.5503846155,118841.12164944295,1346289.28,1290962.93,1346289.28,959554.44,0.6334997647618135,39.63757852964951,40.3035850680864,43.98027864079352,25.525,-2.995674931989556,3.588,14.112863427153698,4.812,1,3,0.0,1036404.37,733,2024,1
Hibiscus,2024-01-29,1348856.64,NGN,NGN/MT,Historical (World Bank/FAOSTAT/NEPC),wholesale,National,,,0.7,False,"Synthetic historical — verified annual anchors, weekly interpolated",Synthetic (World Bank/FAO × FX),historical,False,,1371063.31,1500.0,896.8909090909091,291.6933333333333,29.9,37.9,1,0,0,0,0,0,0,0,0,1,0,0,1,0,0,0,0,0,0,1,0.4999999999999999,0.8660254037844387,0.5680647467311558,0.8229838658936564,1,899.24,1346289.28,1337814.23,1290962.93,990218.9,959554.44,1036520.44,935051.17,1330980.77,27092.56294332457,1190461.26375,184314.31215617424,1126553.4525,174771.45419778058,1060813.481153846,132546.00522525533,1348856.64,1290962.93,1348856.64,964131.07,0.19069898558501386,4.484536980469289,40.57114258155066,44.254847571604,25.468,-0.4428007791767996,3.182,14.11476859959897,4.812,1,3,0.0,1038380.79,734,2024,1
Hibiscus,2024-02-05,1348856.64,NGN,NGN/MT,Historical (World Bank/FAOSTAT/NEPC),wholesale,National,,,0.7,False,"Synthetic historical — verified annual anchors, weekly interpolated",Synthetic (World Bank/FAO × FX),historical,False,,1348856.64,1500.0,896.8909090909091,291.6933333333333,29.9,37.9,1,0,0,0,0,0,0,0,1,1,0,0,1,0,0,0,0,0,0,0,0.8660254037844386,0.5000000000000001,0.6631226582407952,0.7485107481711011,1,899.24,1348856.64,1346289.28,1290962.93,980541.96,1005125.96,1036520.44,935051.17,1345454.1975,5235.128018628148,1236500.59875,169818.54931988943,1155197.6758333333,181113.6875756772,1072826.4119230767,143921.8849086655,1348856.64,1337814.23,1348856.64,964131.07,0.0,4.484536980469289,34.197771590736735,44.254847571604,25.412,-0.19069898558501386,2.864,14.11476859959897,4.812,1,3,0.0,1038380.79,735,2024,1
Hibiscus,2024-02-12,1348856.64,NGN,NGN/MT,Historical (World Bank/FAOSTAT/NEPC),wholesale,National,,,0.7,False,"Synthetic historical — verified annual anchors, weekly interpolated",Synthetic (World Bank/FAO × FX),historical,False,,1340215.59,1500.0,896.8909090909091,291.6933333333333,29.9,37.9,1,0,0,0,0,0,0,0,1,1,0,0,1,0,0,0,0,0,0,0,0.8660254037844386,0.5000000000000001,0.7485107481711011,0.6631226582407953,1,899.24,1348856.64,1348856.64,1337814.23,964131.07,1005125.96,1036520.44,943150.73,1348214.7999999998,1283.6799999742284,1284591.295,131911.97126394478,1183841.8991666667,182398.22124440875,1084839.3426923077,153487.48665075903,1348856.64,1346289.28,1348856.64,964131.07,0.0,0.8254068279719196,34.197771590736735,43.01602035551624,24.278,0.0,2.614,14.11476859959897,4.812,1,3,0.0,1038380.79,736,2024,1
Hibiscus,2024-02-19,1369209.37,NGN,NGN/MT,Historical (World Bank/FAOSTAT/NEPC),wholesale,National,,,0.7,False,"Synthetic historical — verified annual anchors, weekly interpolated",Synthetic (World Bank/FAO × FX),historical,False,,1369209.37,1500.0,896.8909090909091,291.6933333333333,29.9,37.9,1,0,0,0,0,0,0,0,1,1,0,0,1,0,0,0,0,0,0,0,0.8660254037844386,0.5000000000000001,0.8229838658936564,0.5680647467311559,1,912.81,1348856.64,1348856.64,1346289.28,964131.07,994480.5,1027011.56,959092.71,1353944.8225,10176.365000000087,1335226.0825,28684.954511959655,1215069.305,179078.8986838939,1098000.796923077,162724.14118683903,1369209.37,1348856.64,1369209.37,964131.07,1.5088875567977444,1.7024639756471949,37.68086654288345,42.76089847455937,23.31,1.5088875567977444,2.554,14.129744759375189,4.812,1,3,0.0,1054048.78,737,2024,1
Hibiscus,2024-02-26,1396452.43,NGN,NGN/MT,Historical (World Bank/FAOSTAT/NEPC),wholesale,National,,,0.7,False,"Synthetic historical — verified annual anchors, weekly interpolated",Synthetic (World Bank/FAO × FX),historical,False,,1396452.43,1500.0,896.8909090909091,291.6933333333333,29.9,37.9,1,0,0,0,0,0,0,0,1,1,0,0,1,0,0,0,0,0,0,0,0.8660254037844386,0.5000000000000001,0.8854560256532099,0.4647231720437686,1,930.97,1369209.37,1348856.64,1348856.64,1290962.93,990218.9,1013162.0,959092.71,1365843.77,22548.78046687078,1348412.27,29660.509917935342,1248922.0991666666,170920.43997763004,1112742.7365384614,171837.5936253264,1396452.43,1348856.64,1396452.43,964131.07,1.9896927816086984,3.52860256520664,41.02461889992202,45.60140176646739,22.746,0.480805224810954,2.542,14.149446316156471,4.812,1,3,0.0,1075021.12,738,2024,1
Hibiscus,2024-03-04,1396452.43,NGN,NGN/MT,Historical (World Bank/FAOSTAT/NEPC),wholesale,National,,,0.7,False,"Synthetic historical — verified annual anchors, weekly interpolated",Synthetic (World Bank/FAO × FX),historical,False,,1399325.44,1500.0,896.8909090909091,291.6933333333333,29.9,37.9,1,0,0,1,0,0,0,0,1,1,0,0,0,0,0,0,0,0,0,0,1.0,6.123233995736766e-17,0.9350162426854148,0.3546048870425355,0,930.97,1396452.43,1369209.37,1348856.64,1290962.93,980541.96,1011974.08,959092.71,1377742.7175,23146.851308958234,1361598.4575,23221.43997089243,1283581.305,152754.68677598375,1127530.3653846155,179204.3871625762,1396452.43,1348856.64,1396452.43,964131.07,0.0,3.52860256520664,42.416386750037695,45.60140176646739,22.191,-1.9896927816086984,2.351,14.149446316156471,4.812,1,3,0.0,1075021.12,739,2024,1
Hibiscus,2024-03-11,1305870.03,NGN,NGN/MT,Historical (World Bank/FAOSTAT/NEPC),wholesale,National,,,0.7,False,"Synthetic historical — verified annual anchors, weekly interpolated",Synthetic (World Bank/FAO × FX),historical,False,,1283002.78,1500.0,896.8909090909091,291.6933333333333,29.9,37.9,1,0,0,1,0,0,0,0,1,1,0,0,0,0,0,0,0,1,0,0,1.0,6.123233995736766e-17,0.970941817426052,0.239315664287558,0,870.58,1396452.43,1396452.43,1348856.64,1337814.23,964131.07,1011974.08,982928.06,1366996.065,42726.43893371994,1357605.4324999999,29729.88175676435,1312059.5516666665,114966.45592772546,1138834.0557692307,180885.04432561665,1396452.43,1305870.03,1396452.43,964131.07,-6.486608355144607,-3.186892418752507,35.44528027708931,32.855097248927855,20.035,-6.486608355144607,1.613,14.08238083202798,4.812,1,3,0.0,1005288.71,740,2024,1
Hibiscus,2024-03-18,1305870.03,NGN,NGN/MT,Historical (World Bank/FAOSTAT/NEPC),wholesale,National,,,0.7,False,"Synthetic historical — verified annual anchors, weekly interpolated",Synthetic (World Bank/FAO × FX),historical,False,,1305870.03,1500.0,896.8909090909091,291.6933333333333,29.9,37.9,1,0,0,1,0,0,0,0,1,1,0,0,0,0,0,0,0,1,0,0,1.0,6.123233995736766e-17,0.992708874098054,0.120536680255323,0,870.58,1305870.03,1396452.43,1369209.37,1346289.28,964131.07,1004509.05,982928.06,1351161.23,52297.77302384241,1352553.02625,34910.7907550737,1340537.7983333333,36484.244793282676,1150424.8626923077,181587.4196188708,1396452.43,1305870.03,1396452.43,1290962.93,0.0,-4.62597915174946,35.44528027708931,32.855097248927855,17.449,6.486608355144607,1.539,14.08238083202798,4.812,1,3,0.0,1005288.71,741,2024,1
Hibiscus,2024-03-25,1332544.89,NGN,NGN/MT,Historical (World Bank/FAOSTAT/NEPC),wholesale,National,,,0.7,False,"Synthetic historical — verified annual anchors, weekly interpolated",Synthetic (World Bank/FAO × FX),historical,False,,1332544.89,1500.0,896.8909090909091,291.6933333333333,29.9,37.9,1,0,0,1,0,0,0,0,1,1,0,0,0,0,0,0,0,1,0,0,1.0,6.123233995736766e-17,1.0,-1.6081226496766364e-16,0,888.36,1305870.03,1305870.03,1396452.43,1348856.64,1290962.93,1003426.83,982928.06,1335184.345,42737.19336480715,1350514.0574999999,35626.52758508016,1344002.9616666667,33172.0474191141,1163083.2496153845,182399.885206136,1396452.43,1305870.03,1396452.43,1290962.93,2.0426887352640977,-4.576420838051753,3.2210034102218454,35.56891335465586,14.797,2.0426887352640977,1.64,14.102601873453517,4.812,1,3,0.0,1025823.63,742,2024,1
Hibiscus,2024-04-01,1401095.82,NGN,NGN/MT,Historical (World Bank/FAOSTAT/NEPC),wholesale,National,,,0.7,False,"Synthetic historical — verified annual anchors, weekly interpolated",Synthetic (World Bank/FAO × FX),historical,False,,1401095.82,1460.0,896.8909090909091,291.6933333333333,33.7,40.5,0,1,1,1,0,0,0,0,1,0,0,0,0,0,0,0,0,1,0,0,0.8660254037844387,-0.4999999999999998,0.992708874098054,-0.1205366802553228,0,959.65,1332544.89,1305870.03,1396452.43,1348856.64,1290962.93,1003426.83,982928.06,1336345.1925000001,44961.30602914069,1357043.955,39819.947349370355,1353180.7025,32389.406828269293,1178378.2107692307,185129.19085469353,1401095.82,1305870.03,1401095.82,1305870.03,5.144361778311279,0.33251329585213263,8.531065256846704,42.54306871654472,13.405,3.1016730430471817,1.979,14.15276593071147,4.812,1,3,0.333,1047940.03,743,2024,2
Hibiscus,2024-04-08,1401095.82,NGN,NGN/MT,Historical (World Bank/FAOSTAT/NEPC),wholesale,National,,,0.7,False,"Synthetic historical — verified annual anchors, weekly interpolated",Synthetic (World Bank/FAO × FX),historical,False,,1421741.68,1460.0,896.8909090909091,291.6933333333333,33.7,40.5,0,1,1,1,0,0,0,0,1,0,0,0,0,0,0,0,0,1,0,0,0.8660254037844387,-0.4999999999999998,0.970941817426052,-0.2393156642875575,0,959.65,1401095.82,1332544.89,1305870.03,1348856.64,1337814.23,998291.63,1017793.04,1360151.6400000001,48516.243264496436,1363573.8525,42479.9375176621,1358454.1683333332,34727.28443530983,1193870.6796153844,186306.40978629593,1401095.82,1305870.03,1401095.82,1305870.03,0.0,7.29213381212217,4.730222521253946,37.66018875507342,13.928,-5.144361778311279,1.868,14.15276593071147,4.812,1,3,0.333,1047940.03,744,2024,2
Hibiscus,2024-04-15,1401095.82,NGN,NGN/MT,Historical (World Bank/FAOSTAT/NEPC),wholesale,National,,,0.7,False,"Synthetic historical — verified annual anchors, weekly interpolated",Synthetic (World Bank/FAO × FX),historical,False,,1369518.76,1460.0,896.8909090909091,291.6933333333333,33.7,40.5,0,1,1,1,0,0,0,0,1,0,0,0,0,0,0,0,0,0,0,0,0.8660254037844387,-0.4999999999999998,0.9350162426854148,-0.3546048870425354,0,959.65,1401095.82,1401095.82,1305870.03,1369209.37,1346289.28,998291.63,1017793.04,1383958.0875,34275.46499999964,1367559.65875,44530.66586459473,1363021.38,36538.69680534382,1209363.1484615384,186140.01407336062,1401095.82,1332544.89,1401095.82,1305870.03,0.0,7.29213381212217,4.070933402960764,37.66018875507342,14.437,0.0,1.769,14.15276593071147,4.812,1,3,0.333,1047940.03,745,2024,2
Hibiscus,2024-04-22,1401095.82,NGN,NGN/MT,Historical (World Bank/FAOSTAT/NEPC),wholesale,National,,,0.7,False,"Synthetic historical — verified annual anchors, weekly interpolated",Synthetic (World Bank/FAO × FX),historical,False,,1407844.2,1460.0,896.8909090909091,291.6933333333333,33.7,40.5,0,1,1,1,0,0,0,0,1,0,0,0,0,0,0,0,0,0,0,0,0.8660254037844387,-0.4999999999999998,0.8854560256532099,-0.4647231720437685,0,959.65,1401095.82,1401095.82,1332544.89,1396452.43,1348856.64,998291.63,1017793.04,1401095.82,0.0,1368140.0825,44988.963985553404,1367374.645,37788.228247196676,1224855.6173076923,184626.37092741803,1401095.82,1401095.82,1401095.82,1305870.03,0.0,5.144361778311279,3.872848933745865,37.66018875507342,14.389,0.0,1.68,14.15276593071147,4.812,1,3,0.333,1047940.03,746,2024,2
Hibiscus,2024-04-29,1388448.69,NGN,NGN/MT,Historical (World Bank/FAOSTAT/NEPC),wholesale,National,,,0.7,False,"Synthetic historical — verified annual anchors, weekly interpolated",Synthetic (World Bank/FAO × FX),historical,False,,1368273.92,1460.0,896.8909090909091,291.6933333333333,33.7,40.5,0,1,1,1,0,0,0,0,1,0,0,0,0,0,0,0,0,0,0,0,0.8660254037844387,-0.4999999999999998,0.8229838658936565,-0.5680647467311557,0,950.99,1401095.82,1401095.82,1401095.82,1396452.43,1348856.64,959554.44,1017793.04,1397934.0375,6323.5650000000805,1367139.615,44353.919458525874,1370673.9825,37752.8126139445,1241351.5499999998,179050.31573472964,1401095.82,1388448.69,1401095.82,1305870.03,-0.9026598908845607,-0.9026598908845607,2.9352303889018216,36.417585445465406,12.614,-0.9026598908845607,1.53,14.143698351727211,4.812,1,3,0.333,1038480.7,747,2024,2
Hibiscus,2024-05-06,1388448.69,NGN,NGN/MT,Historical (World Bank/FAOSTAT/NEPC),wholesale,National,,,0.7,False,"Synthetic historical — verified annual anchors, weekly interpolated",Synthetic (World Bank/FAO × FX),historical,False,,1401802.58,1460.0,896.8909090909091,291.6933333333333,33.7,40.5,0,1,1,1,0,0,0,0,1,0,1,0,0,0,0,0,0,0,0,0,0.4999999999999999,-0.8660254037844387,0.7485107481711013,-0.663122658240795,0,950.99,1388448.69,1401095.82,1401095.82,1305870.03,1348856.64,959554.44,1017793.04,1394772.255,7301.823909976323,1377461.9475,37068.66494318881,1373973.32,37401.19069638514,1257847.4826923078,171654.1098639202,1401095.82,1388448.69,1401095.82,1305870.03,0.0,-0.9026598908845607,2.9352303889018216,36.417585445465406,10.886,0.9026598908845607,1.462,14.143698351727211,4.812,1,3,0.333,1038480.7,748,2024,2
Hibiscus,2024-05-13,1388448.69,NGN,NGN/MT,Historical (World Bank/FAOSTAT/NEPC),wholesale,National,,,0.7,False,"Synthetic historical — verified annual anchors, weekly interpolated",Synthetic (World Bank/FAO × FX),historical,False,,1367738.64,1460.0,896.8909090909091,291.6933333333333,33.7,40.5,0,1,1,1,0,0,0,0,1,0,1,0,0,0,0,0,0,0,0,0,0.4999999999999999,-0.8660254037844387,0.6631226582407952,-0.7485107481711012,0,950.99,1388448.69,1388448.69,1401095.82,1305870.03,1369209.37,1005125.96,1017793.04,1391610.4725,6323.565000000216,1387784.2799999998,23180.97408961205,1375576.5966666667,37590.297206468415,1272590.6646153848,165428.58838834814,1401095.82,1388448.69,1401095.82,1305870.03,0.0,-0.9026598908845607,1.405140836861185,36.417585445465406,9.353,0.0,1.4,14.143698351727211,4.812,1,3,0.333,1038480.7,749,2024,2
Hibiscus,2024-05-20,1388448.69,NGN,NGN/MT,Historical (World Bank/FAOSTAT/NEPC),wholesale,National,,,0.7,False,"Synthetic historical — verified annual anchors, weekly interpolated",Synthetic (World Bank/FAO × FX),historical,False,,1388448.69,1460.0,896.8909090909091,291.6933333333333,33.7,40.5,0,1,1,1,0,0,0,0,1,0,1,0,0,0,0,0,0,0,0,0,0.4999999999999999,-0.8660254037844387,0.5680647467311558,-0.8229838658936564,0,950.99,1388448.69,1388448.69,1401095.82,1332544.89,1396452.43,1005125.96,1029979.67,1388448.69,0.0,1394772.2550000001,6760.175340856489,1374909.6183333334,37255.73407121037,1287333.8465384615,157530.9193131844,1388448.69,1388448.69,1401095.82,1305870.03,0.0,-0.9026598908845607,-0.5731480591859461,34.803504422567855,7.855,0.0,1.341,14.143698351727211,4.812,1,3,0.333,1038480.7,750,2024,2
Hibiscus,2024-05-27,1388448.69,NGN,NGN/MT,Historical (World Bank/FAOSTAT/NEPC),wholesale,National,,,0.7,False,"Synthetic historical — verified annual anchors, weekly interpolated",Synthetic (World Bank/FAO × FX),historical,False,,1370093.83,1460.0,896.8909090909091,291.6933333333333,33.7,40.5,0,1,1,1,0,0,0,0,1,0,1,0,0,0,0,0,0,0,0,0,0.4999999999999999,-0.8660254037844387,0.464723172043769,-0.8854560256532096,0,950.99,1388448.69,1388448.69,1388448.69,1401095.82,1396452.43,994480.5,1033534.22,1388448.69,0.0,1393191.36375,6545.511628144805,1374242.64,36904.99145712632,1302486.469230769,146818.42406797037,1388448.69,1388448.69,1401095.82,1305870.03,0.0,0.0,-0.5731480591859461,34.33988571757207,6.6,0.0,1.287,14.143698351727211,4.812,1,3,0.333,1038480.7,751,2024,2
Hibiscus,2024-06-03,1426963.99,NGN,NGN/MT,Historical (World Bank/FAOSTAT/NEPC),wholesale,National,,,0.7,False,"Synthetic historical — verified annual anchors, weekly interpolated",Synthetic (World Bank/FAO × FX),historical,False,,1426963.99,1460.0,896.8909090909091,291.6933333333333,33.7,40.5,0,1,1,0,0,0,0,1,0,0,1,0,0,0,0,0,0,0,1,0,1.2246467991473532e-16,-1.0,0.3546048870425358,-0.9350162426854148,0,977.37,1388448.69,1388448.69,1388448.69,1401095.82,1305870.03,990218.9,1033534.22,1398077.515,19257.65000000004,1396424.885,13598.164976725311,1384333.8033333332,32841.92215270338,1319284.3573076923,134095.25933285718,1426963.99,1388448.69,1426963.99,1305870.03,2.7739807943496952,2.7739807943496952,9.273048405896866,38.06644834652886,5.972,2.7739807943496952,1.434,14.171060362170625,4.812,1,3,0.333,1067287.95,752,2024,2
Hibiscus,2024-06-10,1428131.51,NGN,NGN/MT,Historical (World Bank/FAOSTAT/NEPC),wholesale,National,,,0.7,False,"Synthetic historical — verified annual anchors, weekly interpolated",Synthetic (World Bank/FAO × FX),historical,False,,1516465.6,1460.0,896.8909090909091,291.6933333333333,33.7,40.5,0,1,1,0,0,0,0,1,0,0,1,0,0,0,0,0,0,0,1,0,1.2246467991473532e-16,-1.0,0.2393156642875576,-0.970941817426052,0,978.17,1426963.99,1388448.69,1388448.69,1401095.82,1305870.03,980541.96,1033534.22,1407998.2199999997,22578.884267967474,1399804.34625,17673.616347272615,1394522.26,24084.189363183847,1336499.3399999999,116436.16430432745,1428131.51,1388448.69,1428131.51,1332544.89,0.0818184627069618,2.8580688854983993,9.36245393425561,38.1794121920801,5.35,-2.6921623316427334,1.38,14.171878211694207,4.812,1,3,0.333,1068161.19,753,2024,2
Hibiscus,2024-06-17,1491755.32,NGN,NGN/MT,Historical (World Bank/FAOSTAT/NEPC),wholesale,National,,,0.7,False,"Synthetic historical — verified annual anchors, weekly interpolated",Synthetic (World Bank/FAO × FX),historical,False,,1428131.51,1460.0,896.8909090909091,291.6933333333333,33.7,40.5,0,1,1,0,0,0,0,1,0,0,1,0,0,0,0,0,0,0,1,0,1.2246467991473532e-16,-1.0,0.120536680255323,-0.992708874098054,0,1021.75,1428131.51,1426963.99,1388448.69,1401095.82,1332544.89,964131.07,1027813.17,1433824.8775,42795.71929939837,1411136.78375,37056.74713025404,1407789.7958333334,29971.612978525885,1356792.5803846153,92449.68232126579,1491755.32,1388448.69,1491755.32,1388448.69,4.455038597950978,7.44043555545435,11.947847400472945,45.13876291349721,5.678,4.373220135244016,1.638,14.215464722010179,4.812,1,3,0.333,1115748.18,754,2024,2
Hibiscus,2024-06-24,1491755.32,NGN,NGN/MT,Historical (World Bank/FAOSTAT/NEPC),wholesale,National,,,0.7,False,"Synthetic historical — verified annual anchors, weekly interpolated",Synthetic (World Bank/FAO × FX),historical,False,,1586088.05,1460.0,896.8909090909091,291.6933333333333,33.7,40.5,0,1,1,0,0,0,0,1,0,0,1,0,0,0,0,0,0,0,1,0,1.2246467991473532e-16,-1.0,-3.216245299353273e-16,-1.0,0,1021.75,1491755.32,1428131.51,1388448.69,1388448.69,1401095.82,964131.07,1005633.47,1459651.5350000001,37073.32193001744,1424050.1125,45139.440893063096,1415344.7541666667,38378.19530195495,1377085.8207692306,51768.04714938936,1491755.32,1426963.99,1491755.32,1388448.69,0.0,7.44043555545435,6.470613837103589,48.33986382732469,5.996,-4.455038597950978,1.563,14.215464722010179,4.812,1,3,0.333,1115748.18,755,2024,2
Hibiscus,2024-07-01,1491755.32,NGN,NGN/MT,Historical (World Bank/FAOSTAT/NEPC),wholesale,National,,,0.7,False,"Synthetic historical — verified annual anchors, weekly interpolated",Synthetic (World Bank/FAO × FX),historical,False,,1491755.32,1580.0,896.8909090909091,291.6933333333333,33.4,39.5,0,1,1,0,0,0,1,1,0,0,1,0,0,0,0,0,0,0,1,0,-0.4999999999999997,-0.8660254037844388,-0.1205366802553228,-0.992708874098054,0,944.15,1491755.32,1491755.32,1426963.99,1388448.69,1401095.82,1290962.93,1005633.47,1475849.3675000002,31811.90500000023,1436963.4412500001,48174.51198109748,1422899.7125000001,43851.35876618598,1384808.605,53358.98540181262,1491755.32,1428131.51,1491755.32,1388448.69,0.0,4.540502104751787,6.470613837103589,48.33986382732469,6.574,0.0,1.494,14.215464722010179,4.812,0,0,0.333,1118257.36,756,2024,3
Hibiscus,2024-07-08,1478151.27,NGN,NGN/MT,Historical (World Bank/FAOSTAT/NEPC),wholesale,National,,,0.7,False,"Synthetic historical — verified annual anchors, weekly interpolated",Synthetic (World Bank/FAO × FX),historical,False,,1478151.27,1580.0,896.8909090909091,291.6933333333333,33.4,39.5,0,1,1,0,0,0,1,1,0,0,1,0,0,0,0,0,0,0,1,0,-0.4999999999999997,-0.8660254037844388,-0.2393156642875574,-0.970941817426052,0,935.54,1491755.32,1491755.32,1428131.51,1388448.69,1401095.82,1290962.93,1009666.48,1488354.3075,6802.025000000042,1448176.26375,45642.12069893999,1429321.0,45959.35754177588,1392008.1565384616,52815.7943685936,1491755.32,1478151.27,1491755.32,1388448.69,-0.9119491526264567,3.5024617585813322,5.499655976419948,46.39995476526071,6.921,-0.9119491526264567,1.365,14.206303399540879,4.812,0,0,0.333,1108059.42,757,2024,3
Hibiscus,2024-07-15,1478151.27,NGN,NGN/MT,Historical (World Bank/FAOSTAT/NEPC),wholesale,National,,,0.7,False,"Synthetic historical — verified annual anchors, weekly interpolated",Synthetic (World Bank/FAO × FX),historical,False,,1432146.42,1580.0,896.8909090909091,291.6933333333333,33.4,39.5,0,1,1,0,0,0,1,1,0,0,1,0,0,0,0,0,0,0,1,0,-0.4999999999999997,-0.8660254037844388,-0.3546048870425356,-0.9350162426854148,0,935.54,1478151.27,1491755.32,1491755.32,1388448.69,1401095.82,1337814.23,1009666.48,1484953.2950000002,7854.301929569156,1459389.08625,39474.62313141381,1435742.2874999999,47027.87112353436,1397405.7349999999,54208.441227679854,1491755.32,1478151.27,1491755.32,1388448.69,0.0,-0.9119491526264567,5.499655976419948,46.39995476526071,6.265,0.9119491526264567,1.31,14.206303399540879,4.812,0,0,0.333,1108059.42,758,2024,3
Hibiscus,2024-07-22,1447278.14,NGN,NGN/MT,Historical (World Bank/FAOSTAT/NEPC),wholesale,National,,,0.7,False,"Synthetic historical — verified annual anchors, weekly interpolated",Synthetic (World Bank/FAO × FX),historical,False,,1500883.67,1580.0,896.8909090909091,291.6933333333333,33.4,39.5,0,1,1,0,0,0,1,1,0,0,1,0,0,0,0,0,0,0,1,0,-0.4999999999999997,-0.8660254037844388,-0.464723172043768,-0.8854560256532101,0,916.0,1478151.27,1478151.27,1491755.32,1388448.69,1388448.69,1346289.28,1036520.44,1473834.0,18829.631359356554,1466742.7675,28257.093357548856,1440644.7416666665,44656.06966040445,1401289.921923077,54017.02794774966,1491755.32,1447278.14,1491755.32,1388448.69,-2.088631294143539,-2.981533191381558,4.237063308403566,39.62851904782505,5.177,-2.088631294143539,1.111,14.185195896476847,4.812,0,0,0.333,1084916.15,759,2024,3
Hibiscus,2024-07-29,1447278.14,NGN,NGN/MT,Historical (World Bank/FAOSTAT/NEPC),wholesale,National,,,0.7,False,"Synthetic historical — verified annual anchors, weekly interpolated",Synthetic (World Bank/FAO × FX),historical,False,,1444614.37,1580.0,896.8909090909091,291.6933333333333,33.4,39.5,0,1,1,0,0,0,1,1,0,0,1,0,0,0,0,0,0,0,1,0,-0.4999999999999997,-0.8660254037844388,-0.5680647467311556,-0.8229838658936565,0,916.0,1447278.14,1478151.27,1491755.32,1426963.99,1388448.69,1348856.64,1036520.44,1462714.7049999998,17824.609916226007,1469282.03625,24883.100326934647,1445547.195833333,41524.33636298331,1405075.3642307692,53642.923464807005,1478151.27,1447278.14,1491755.32,1388448.69,0.0,-2.981533191381558,4.237063308403566,39.62851904782505,4.102,2.088631294143539,1.069,14.185195896476847,4.812,0,0,0.333,1084916.15,760,2024,3
Hibiscus,2024-08-05,1447278.14,NGN,NGN/MT,Historical (World Bank/FAOSTAT/NEPC),wholesale,National,,,0.7,False,"Synthetic historical — verified annual anchors, weekly interpolated",Synthetic (World Bank/FAO × FX),historical,False,,1447278.14,1580.0,896.8909090909091,291.6933333333333,33.4,39.5,0,1,0,0,1,0,1,1,0,0,1,0,0,0,0,1,0,0,1,0,-0.8660254037844384,-0.5000000000000004,-0.663122658240795,-0.7485107481711013,0,916.0,1447278.14,1447278.14,1478151.27,1428131.51,1388448.69,1348856.64,1036520.44,1454996.4224999999,15436.564999999422,1471675.365,20973.32398427754,1450449.6500000001,37442.469483537054,1408860.8065384615,52985.67405051475,1478151.27,1447278.14,1491755.32,1388448.69,0.0,-2.088631294143539,4.237063308403566,39.62851904782505,3.275,0.0,1.028,14.185195896476847,4.812,0,0,0.333,1084916.15,761,2024,3
Hibiscus,2024-08-12,1447278.14,NGN,NGN/MT,Historical (World Bank/FAOSTAT/NEPC),wholesale,National,,,0.7,False,"Synthetic historical — verified annual anchors, weekly interpolated",Synthetic (World Bank/FAO × FX),historical,False,,1552749.26,1580.0,896.8909090909091,291.6933333333333,33.4,39.5,0,1,0,0,1,0,1,1,0,0,1,0,0,0,0,1,0,0,1,0,-0.8660254037844384,-0.5000000000000004,-0.7485107481711011,-0.6631226582407952,0,916.0,1447278.14,1447278.14,1478151.27,1491755.32,1388448.69,1348856.64,1036520.44,1447278.14,0.0,1466115.7175,20784.282471380127,1455352.1041666667,32049.470969630267,1412646.2488461537,52034.55158369985,1447278.14,1447278.14,1491755.32,1388448.69,0.0,-2.088631294143539,4.237063308403566,39.62851904782505,2.452,0.0,0.989,14.185195896476847,4.812,0,0,0.333,1084916.15,762,2024,3
Hibiscus,2024-08-19,1447278.14,NGN,NGN/MT,Historical (World Bank/FAOSTAT/NEPC),wholesale,National,,,0.7,False,"Synthetic historical — verified annual anchors, weekly interpolated",Synthetic (World Bank/FAO × FX),historical,False,,1437844.45,1580.0,896.8909090909091,291.6933333333333,33.4,39.5,0,1,0,0,1,0,1,1,0,0,1,0,0,0,0,1,0,0,1,0,-0.8660254037844384,-0.5000000000000004,-0.8229838658936564,-0.5680647467311559,0,916.0,1447278.14,1447278.14,1447278.14,1491755.32,1388448.69,1369209.37,1027011.56,1447278.14,0.0,1460556.0699999998,18800.04731022643,1460254.5583333333,24494.095525429955,1415648.893846154,51679.031183650455,1447278.14,1447278.14,1491755.32,1426963.99,0.0,0.0,4.237063308403566,40.9213095907119,2.234,0.0,0.952,14.185195896476847,4.812,0,0,0.333,1084916.15,763,2024,3
Hibiscus,2024-08-26,1437844.45,NGN,NGN/MT,Historical (World Bank/FAOSTAT/NEPC),wholesale,National,,,0.7,False,"Synthetic historical — verified annual anchors, weekly interpolated",Synthetic (World Bank/FAO × FX),historical,False,,1491717.56,1580.0,896.8909090909091,291.6933333333333,33.4,39.5,0,1,0,0,1,0,1,1,0,0,1,0,0,0,0,1,0,0,1,0,-0.8660254037844384,-0.5000000000000004,-0.8854560256532096,-0.4647231720437691,0,910.03,1447278.14,1447278.14,1447278.14,1491755.32,1426963.99,1396452.43,1013162.0,1444919.7175,4716.844999999933,1453817.21125,15367.959231138453,1461161.2633333334,23323.132332454174,1417240.8946153848,51701.56630630054,1447278.14,1437844.45,1491755.32,1428131.51,-0.651822876285546,-0.651822876285546,0.7624901592646394,41.91653950700876,1.953,-0.651822876285546,0.871,14.178656335826567,4.812,0,0,0.333,1077844.42,764,2024,3
Hibiscus,2024-09-02,1398530.48,NGN,NGN/MT,Historical (World Bank/FAOSTAT/NEPC),wholesale,National,,,0.7,False,"Synthetic historical — verified annual anchors, weekly interpolated",Synthetic (World Bank/FAO × FX),historical,False,,1370466.59,1580.0,896.8909090909091,291.6933333333333,33.4,39.5,0,1,0,0,1,1,0,0,0,0,0,0,0,0,0,1,0,0,0,0,-1.0,-1.8369701987210287e-16,-0.9350162426854148,-0.3546048870425359,0,885.15,1437844.45,1447278.14,1447278.14,1478151.27,1428131.51,1396452.43,1011974.08,1432732.8025,23231.167932586133,1443864.6124999998,21795.35225207035,1458694.5108333332,28191.367990123104,1417320.8196153848,51669.740556340344,1447278.14,1398530.48,1491755.32,1398530.48,-2.73422970057714,-3.3682302421841226,-2.072710376651521,38.19825108564046,1.087,-2.082406824291594,0.643,14.150933301202771,4.812,0,0,0.667,1048373.67,765,2024,3
Hibiscus,2024-09-09,1398530.48,NGN,NGN/MT,Historical (World Bank/FAOSTAT/NEPC),wholesale,National,,,0.7,False,"Synthetic historical — verified annual anchors, weekly interpolated",Synthetic (World Bank/FAO × FX),historical,False,,1398530.48,1580.0,896.8909090909091,291.6933333333333,33.4,39.5,0,1,0,0,1,1,0,0,0,0,0,0,0,0,0,1,0,0,0,0,-1.0,-1.8369701987210287e-16,-0.970941817426052,-0.2393156642875577,0,885.15,1398530.48,1437844.45,1447278.14,1478151.27,1491755.32,1305870.03,1011974.08,1420545.8875,25711.281071883855,1433912.01375,22079.19696559913,1450925.7741666667,30961.47135232225,1420884.683076923,46624.2946944497,1447278.14,1398530.48,1491755.32,1398530.48,0.0,-3.3682302421841226,-6.249338530932813,38.19825108564046,-0.024,2.73422970057714,0.614,14.150933301202771,4.812,0,0,0.667,1048373.67,766,2024,3
Hibiscus,2024-09-16,1398530.48,NGN,NGN/MT,Historical (World Bank/FAOSTAT/NEPC),wholesale,National,,,0.7,False,"Synthetic historical — verified annual anchors, weekly interpolated",Synthetic (World Bank/FAO × FX),historical,False,,1474373.63,1580.0,896.8909090909091,291.6933333333333,33.4,39.5,0,1,0,0,1,1,0,0,0,0,0,0,0,0,0,1,0,0,0,0,-1.0,-1.8369701987210287e-16,-0.992708874098054,-0.1205366802553235,0,885.15,1398530.48,1398530.48,1447278.14,1447278.14,1491755.32,1305870.03,1004509.05,1408358.9725,19656.984999999502,1427818.55625,24461.615341057648,1443157.0374999999,31476.853828589967,1424448.5465384615,40638.273671300085,1437844.45,1398530.48,1491755.32,1398530.48,0.0,-3.3682302421841226,-6.249338530932813,39.225274277021185,-1.13,0.0,0.585,14.150933301202771,4.812,0,0,0.667,1048373.67,767,2024,3
Hibiscus,2024-09-23,1429725.58,NGN,NGN/MT,Historical (World Bank/FAOSTAT/NEPC),wholesale,National,,,0.7,False,"Synthetic historical — verified annual anchors, weekly interpolated",Synthetic (World Bank/FAO × FX),historical,False,,1373667.38,1580.0,896.8909090909091,291.6933333333333,33.4,39.5,0,1,0,0,1,1,0,0,0,0,0,0,0,0,0,1,0,0,0,0,-1.0,-1.8369701987210287e-16,-1.0,-1.8369701987210287e-16,0,904.89,1398530.48,1398530.48,1437844.45,1447278.14,1491755.32,1332544.89,1003426.83,1406329.255,15597.550000000087,1425624.48625,23222.661869690004,1437987.8925,27628.519298104184,1428186.2653846154,36058.3211340221,1429725.58,1398530.48,1478151.27,1398530.48,2.2305627546995055,-0.5646556552066473,-4.158171193919391,42.4842885654154,-1.53,2.2305627546995055,0.718,14.172993781157302,4.812,0,0,0.667,1071758.31,768,2024,3
Hibiscus,2024-09-30,1429725.58,NGN,NGN/MT,Historical (World Bank/FAOSTAT/NEPC),wholesale,National,,,0.7,False,"Synthetic historical — verified annual anchors, weekly interpolated",Synthetic (World Bank/FAO × FX),historical,False,,1476122.84,1580.0,896.8909090909091,291.6933333333333,33.4,39.5,0,1,0,0,1,1,0,0,0,0,0,0,0,0,0,1,0,0,0,0,-1.0,-1.8369701987210287e-16,-0.992708874098054,0.1205366802553232,0,904.89,1429725.58,1398530.48,1398530.48,1447278.14,1478151.27,1401095.82,1003426.83,1414128.03,18010.499382397487,1423430.41625,21661.258616973617,1433952.4183333332,24599.397921872842,1429287.41,35632.5776936731,1429725.58,1398530.48,1478151.27,1398530.48,0.0,2.2305627546995055,-3.2760983928255105,42.4842885654154,-1.061,-2.2305627546995055,0.688,14.172993781157302,4.812,0,0,0.667,1071758.31,769,2024,3
Hibiscus,2024-10-07,1429725.58,NGN,NGN/MT,Historical (World Bank/FAOSTAT/NEPC),wholesale,National,,,0.7,False,"Synthetic historical — verified annual anchors, weekly interpolated",Synthetic (World Bank/FAO × FX),historical,False,,1429725.58,1700.0,896.8909090909091,291.6933333333333,33.4,39.5,0,1,0,0,0,1,0,0,0,1,0,1,0,1,1,1,1,0,0,0,-0.8660254037844386,0.5000000000000001,-0.970941817426052,0.2393156642875573,0,841.02,1429725.58,1429725.58,1398530.48,1447278.14,1478151.27,1401095.82,998291.63,1421926.805,15597.550000000332,1421236.34625,19700.886446204506,1429916.9441666666,20282.866060592394,1430388.5546153847,35165.844546973894,1429725.58,1398530.48,1447278.14,1398530.48,0.0,2.2305627546995055,-3.2760983928255105,43.21722601240281,-0.592,0.0,0.659,14.172993781157302,4.812,0,0,1.0,1071758.31,770,2024,4
Hibiscus,2024-10-14,1426561.13,NGN,NGN/MT,Historical (World Bank/FAOSTAT/NEPC),wholesale,National,,,0.7,False,"Synthetic historical — verified annual anchors, weekly interpolated",Synthetic (World Bank/FAO × FX),historical,False,,1376376.4,1700.0,896.8909090909091,291.6933333333333,33.4,39.5,0,1,0,0,0,1,0,0,0,1,0,1,0,1,1,1,1,0,0,0,-0.8660254037844386,0.5000000000000001,-0.9350162426854148,0.3546048870425355,0,839.15,1429725.58,1429725.58,1398530.48,1447278.14,1447278.14,1401095.82,998291.63,1428934.4675,1582.2250000000931,1418646.72,16959.630533007898,1428190.5266666666,19538.831665307476,1431367.9896153845,34668.46338076589,1429725.58,1426561.13,1447278.14,1398530.48,-0.2213326839966112,2.0042931062896674,-1.4314463424425106,42.90023948212407,-0.17,-0.2213326839966112,0.612,14.170778002840759,4.812,0,0,1.0,1069386.15,771,2024,4
Hibiscus,2024-10-21,1426561.13,NGN,NGN/MT,Historical (World Bank/FAOSTAT/NEPC),wholesale,National,,,0.7,False,"Synthetic historical — verified annual anchors, weekly interpolated",Synthetic (World Bank/FAO × FX),historical,False,,1426561.13,1700.0,896.8909090909091,291.6933333333333,33.4,39.5,0,1,0,0,0,1,0,0,0,1,0,1,0,1,1,1,1,0,0,0,-0.8660254037844386,0.5000000000000001,-0.8854560256532101,0.464723172043768,0,839.15,1426561.13,1429725.58,1429725.58,1437844.45,1447278.14,1401095.82,998291.63,1428143.355,1826.9960593372357,1417236.305,15545.207619025876,1426464.1091666666,18591.242105846744,1432347.4246153845,34134.6269115848,1429725.58,1426561.13,1447278.14,1398530.48,0.0,-0.2213326839966112,-1.4314463424425106,42.90023948212407,-0.294,0.2213326839966112,0.583,14.170778002840759,4.812,0,0,1.0,1069386.15,772,2024,4
Hibiscus,2024-10-28,1426561.13,NGN,NGN/MT,Historical (World Bank/FAOSTAT/NEPC),wholesale,National,,,0.7,False,"Synthetic historical — verified annual anchors, weekly interpolated",Synthetic (World Bank/FAO × FX),historical,False,,1440847.29,1700.0,896.8909090909091,291.6933333333333,33.4,39.5,0,1,0,0,0,1,0,0,0,1,0,1,0,1,1,1,1,0,0,0,-0.8660254037844386,0.5000000000000001,-0.822983865893657,0.5680647467311548,0,839.15,1426561.13,1426561.13,1429725.58,1398530.48,1447278.14,1388448.69,959554.44,1427352.2425,1582.2250000000931,1420740.13625,13786.14296185286,1424737.6916666664,17406.885884927586,1433813.287692308,32972.61502871976,1429725.58,1426561.13,1447278.14,1398530.48,0.0,-0.2213326839966112,-1.4314463424425106,48.66911876307925,-0.451,0.0,0.555,14.170778002840759,4.812,0,0,1.0,1069386.15,773,2024,4
Hibiscus,2024-11-04,1426116.02,NGN,NGN/MT,Historical (World Bank/FAOSTAT/NEPC),wholesale,National,,,0.7,False,"Synthetic historical — verified annual anchors, weekly interpolated",Synthetic (World Bank/FAO × FX),historical,False,,1426116.02,1700.0,896.8909090909091,291.6933333333333,33.4,39.5,1,0,0,0,0,1,0,0,0,1,0,1,1,1,1,0,1,0,0,0,-0.5000000000000004,0.8660254037844384,-0.7485107481711011,0.6631226582407952,1,838.89,1426561.13,1426561.13,1429725.58,1398530.48,1447278.14,1388448.69,959554.44,1426449.8525,222.5549999999736,1424188.32875,10494.319603388187,1422974.1816666666,15924.551673453616,1435262.0311538463,31702.72193607039,1426561.13,1426116.02,1447278.14,1398530.48,-0.03120160718242948,-0.25246523182441694,-1.4622013153601454,48.62273160864121,-0.614,-0.03120160718242948,0.525,14.17046593830058,4.812,0,0,0.667,1069052.49,774,2024,4
Hibiscus,2024-11-11,1369460.24,NGN,NGN/MT,Historical (World Bank/FAOSTAT/NEPC),wholesale,National,,,0.7,False,"Synthetic historical — verified annual anchors, weekly interpolated",Synthetic (World Bank/FAO × FX),historical,False,,1334050.56,1700.0,896.8909090909091,291.6933333333333,33.4,39.5,1,0,0,0,0,1,0,0,0,1,0,1,1,1,1,0,1,0,0,0,-0.5000000000000004,0.8660254037844384,-0.6631226582407955,0.7485107481711007,1,805.56,1426116.02,1426561.13,1426561.13,1398530.48,1447278.14,1388448.69,1005125.96,1412174.63,28477.033042460695,1420554.54875,20709.276205222006,1416489.3566666667,20355.765108491883,1434531.706153846,33015.804411352256,1426561.13,1369460.24,1437844.45,1369460.24,-3.9727328776518522,-4.002694928327388,-5.3768448406192215,36.24762412862166,-1.558,-3.9415312704694228,0.111,14.129927964984642,4.812,0,0,0.667,1026581.89,775,2024,4
Hibiscus,2024-11-18,1369460.24,NGN,NGN/MT,Historical (World Bank/FAOSTAT/NEPC),wholesale,National,,,0.7,False,"Synthetic historical — verified annual anchors, weekly interpolated",Synthetic (World Bank/FAO × FX),historical,False,,1369460.24,1700.0,896.8909090909091,291.6933333333333,33.4,39.5,1,0,0,0,0,1,0,0,0,1,0,1,1,1,1,0,1,0,0,0,-0.5000000000000004,0.8660254037844384,-0.5680647467311559,0.8229838658936564,1,805.56,1369460.24,1426116.02,1426561.13,1429725.58,1437844.45,1388448.69,1005125.96,1397899.4075,32839.22478697422,1413021.3812499999,26924.896918217957,1410790.6725,23206.43855223983,1433801.3811538464,34262.4383913614,1426561.13,1369460.24,1429725.58,1369460.24,0.0,-4.002694928327388,-4.756022809004124,36.24762412862166,-2.504,3.9727328776518522,0.066,14.129927964984642,4.812,0,0,0.667,1026581.89,776,2024,4
Hibiscus,2024-11-25,1369460.24,NGN,NGN/MT,Historical (World Bank/FAOSTAT/NEPC),wholesale,National,,,0.7,False,"Synthetic historical — verified annual anchors, weekly interpolated",Synthetic (World Bank/FAO × FX),historical,False,,1389604.22,1700.0,896.8909090909091,291.6933333333333,33.4,39.5,1,0,0,0,0,1,0,0,0,1,0,1,1,1,1,0,1,0,0,0,-0.5000000000000004,0.8660254037844384,-0.4647231720437684,0.88545602565321,1,805.56,1369460.24,1369460.24,1426561.13,1429725.58,1398530.48,1388448.69,994480.5,1383624.185,28327.889999999992,1405488.2137499999,29854.897633279415,1408368.1524999999,25956.9499990114,1433071.0561538462,35449.63482090195,1426116.02,1369460.24,1429725.58,1369460.24,0.0,-4.002694928327388,-2.078627560551982,37.706092779094206,-3.45,0.0,0.013,14.129927964984642,4.812,0,0,0.667,1026581.89,777,2024,4
Hibiscus,2024-12-02,1379314.17,NGN,NGN/MT,Historical (World Bank/FAOSTAT/NEPC),wholesale,National,,,0.7,False,"Synthetic historical — verified annual anchors, weekly interpolated",Synthetic (World Bank/FAO × FX),historical,False,,1368936.32,1700.0,896.8909090909091,291.6933333333333,33.4,39.5,1,0,0,0,0,0,0,0,0,1,0,1,1,1,1,0,0,0,0,1,-2.4492935982947064e-16,1.0,-0.3546048870425359,0.9350162426854148,1,811.36,1369460.24,1369460.24,1426116.02,1429725.58,1398530.48,1426963.99,990218.9,1371923.7225,4926.9649999999865,1399186.7874999999,29323.73794646808,1406766.7933333332,27182.844975341668,1431238.3707692309,36976.800643992494,1379314.17,1369460.24,1429725.58,1369460.24,0.7195484550905906,-3.281770160607278,-1.37403583796043,39.29386421527603,-4.144,0.7195484550905906,0.036,14.137097680335618,4.812,0,0,0.333,1033968.64,778,2024,4
Hibiscus,2024-12-09,1379314.17,NGN,NGN/MT,Historical (World Bank/FAOSTAT/NEPC),wholesale,National,,,0.7,False,"Synthetic historical — verified annual anchors, weekly interpolated",Synthetic (World Bank/FAO × FX),historical,False,,1397546.86,1700.0,896.8909090909091,912.8571428571428,33.4,39.5,1,0,0,0,0,0,0,0,0,1,0,1,1,1,1,0,0,0,0,1,-2.4492935982947064e-16,1.0,-0.2393156642875578,0.970941817426052,1,811.36,1379314.17,1369460.24,1369460.24,1426561.13,1398530.48,1428131.51,980541.96,1374387.205,5689.169138075691,1393280.9175,27737.811082169173,1405165.4341666668,28256.96233895623,1429360.780769231,38354.61158135352,1379314.17,1369460.24,1429725.58,1369460.24,0.0,0.7195484550905906,-1.37403583796043,40.66855129789653,-3.846,-0.7195484550905906,-0.037,14.137097680335618,6.734,0,0,0.333,1033968.64,779,2024,4
Hibiscus,2024-12-16,1379314.17,NGN,NGN/MT,Historical (World Bank/FAOSTAT/NEPC),wholesale,National,,,0.7,False,"Synthetic historical — verified annual anchors, weekly interpolated",Synthetic (World Bank/FAO × FX),historical,False,,1379314.17,1700.0,896.8909090909091,912.8571428571428,33.4,39.5,1,0,0,0,0,0,0,0,0,1,0,1,1,1,1,0,0,0,0,1,-2.4492935982947064e-16,1.0,-0.1205366802553236,0.992708874098054,1,811.36,1379314.17,1379314.17,1369460.24,1426561.13,1429725.58,1491755.32,964131.07,1376850.6875,4926.964999999876,1387375.0474999999,24477.87990772536,1400964.4833333334,28020.003192019078,1425036.1211538464,37364.27211230898,1379314.17,1369460.24,1429725.58,1369460.24,0.0,0.7195484550905906,-3.525950063787775,43.06293126721867,-3.381,0.0,-0.149,14.137097680335618,6.734,0,0,0.333,1033968.64,780,2024,4
Hibiscus,2024-12-23,1379314.17,NGN,NGN/MT,Historical (World Bank/FAOSTAT/NEPC),wholesale,National,,,0.7,False,"Synthetic historical — verified annual anchors, weekly interpolated",Synthetic (World Bank/FAO × FX),historical,False,,1317037.23,1700.0,896.8909090909091,912.8571428571428,33.4,39.5,1,0,0,0,0,0,0,0,0,1,0,1,1,1,1,0,0,0,0,1,-2.4492935982947064e-16,1.0,6.432490598706546e-16,1.0,1,811.36,1379314.17,1379314.17,1369460.24,1426561.13,1429725.58,1491755.32,964131.07,1379314.17,0.0,1381469.1775,18687.507340303182,1396763.5325,27079.153167237157,1420711.4615384615,35807.818355323616,1379314.17,1379314.17,1429725.58,1369460.24,0.0,0.7195484550905906,-3.525950063787775,43.06293126721867,-2.914,0.0,-0.398,14.137097680335618,6.734,0,0,0.333,1033968.64,781,2024,4
Hibiscus,2024-12-30,1387648.94,NGN,NGN/MT,Historical (World Bank/FAOSTAT/NEPC),wholesale,National,,,0.7,False,"Synthetic historical — verified annual anchors, weekly interpolated",Synthetic (World Bank/FAO × FX),historical,False,,1387648.94,1700.0,896.8909090909091,912.8571428571428,33.4,39.5,1,0,0,0,0,0,0,0,0,1,0,1,1,1,1,0,0,0,0,1,-2.4492935982947064e-16,1.0,0.120536680255323,0.992708874098054,1,816.26,1379314.17,1379314.17,1379314.17,1426116.02,1429725.58,1491755.32,1290962.93,1381397.8624999998,4167.385000000048,1376660.7925,6594.85625347528,1393257.1458333333,25072.854118958512,1416707.37,33277.04639195995,1387648.94,1379314.17,1426561.13,1369460.24,0.60426914921059,0.60426914921059,-2.94298714302923,7.489448980537339,-2.492,0.60426914921059,-0.28,14.143122183629005,6.734,0,0,0.333,1040216.6,782,2024,4
Hibiscus,2025-01-06,1600000.0,NGN,NGN/MT,Agricom,wholesale,National,1650.0,,0.95,True,Historical data from Instagram posts (Jan-Feb 2025),Agricome,historical,False,,,1570.0,896.8909090909091,912.8571428571428,33.4,39.5,1,0,0,0,0,0,0,0,0,1,0,0,1,0,0,0,0,0,0,1,0.4999999999999999,0.8660254037844387,0.2393156642875577,0.970941817426052,1,1019.11,1387648.94,1379314.17,1379314.17,1369460.24,1426561.13,1478151.27,1290962.93,1436569.3199999998,109024.60753984528,1405478.2625000002,78821.15917500791,1407710.3849999998,64696.3727162755,1421393.8596153846,47721.62527476644,1600000.0,1379314.17,1600000.0,1369460.24,15.302938220094786,15.99967830389215,12.157829507102868,23.93849295114927,1.068,14.698669070884197,3.717,14.285514812209815,6.734,0,0,0.0,1199400.3,783,2025,1
Hibiscus,2025-01-13,1600000.0,NGN,NGN/MT,Agricom,wholesale,National,1650.0,,0.95,True,Historical data from Instagram posts (Jan-Feb 2025),Agricome,historical,False,,,1570.0,896.8909090909091,924.2857142857144,33.4,39.5,1,0,0,0,0,0,0,0,0,1,0,0,1,0,0,0,0,0,0,1,0.4999999999999999,0.8660254037844387,0.3546048870425356,0.9350162426854148,1,1019.11,1600000.0,1387648.94,1379314.17,1369460.24,1426561.13,1478151.27,1337814.23,1491740.7774999999,125053.28360435614,1434295.7325,102390.89087096194,1422163.6241666668,85362.8719856175,1426080.3492307696,58323.7669954057,1600000.0,1379314.17,1600000.0,1369460.24,0.0,15.99967830389215,12.157829507102868,19.598070054913386,4.604,-15.302938220094786,3.268,14.285514812209815,6.769,0,0,0.0,1199400.3,784,2025,1
Hibiscus,2025-01-20,1560000.0,NGN,NGN/MT,Agricom,wholesale,National,1650.0,,0.95,True,Historical data from Instagram posts (Jan-Feb 2025),Agricome,historical,False,,,1570.0,896.8909090909091,924.2857142857144,33.4,39.5,1,0,0,0,0,0,0,0,0,1,0,0,1,0,0,0,0,0,0,1,0.4999999999999999,0.8660254037844387,0.4647231720437685,0.8854560256532099,1,993.63,1600000.0,1600000.0,1379314.17,1369460.24,1426561.13,1447278.14,1346289.28,1536912.2349999999,101279.65954448903,1458113.2025000001,107202.75082813301,1433283.53,94219.62728664112,1430415.8053846157,63886.76569068314,1600000.0,1387648.94,1600000.0,1369460.24,-2.500000000000002,13.099686346294837,9.353883769425298,15.874056428645101,7.445,-2.500000000000002,2.387,14.260197020251155,6.769,0,0,0.0,1169415.29,785,2025,1
Hibiscus,2025-01-27,1560000.0,NGN,NGN/MT,Agricom,wholesale,National,1650.0,,0.95,True,Historical data from Instagram posts (Jan-Feb 2025),Agricome,historical,False,,,1570.0,896.8909090909091,924.2857142857144,33.4,39.5,1,0,0,0,0,0,0,0,0,1,0,0,1,0,0,0,0,0,0,1,0.4999999999999999,0.8660254037844387,0.5680647467311558,0.8229838658936564,1,993.63,1560000.0,1600000.0,1387648.94,1379314.17,1426116.02,1447278.14,1348856.64,1580000.0,23094.010767586118,1480698.93125,107263.17390442248,1444440.5283333333,100978.2456564103,1434751.2615384618,68718.84610330214,1600000.0,1560000.0,1600000.0,1369460.24,0.0,12.420364764592406,9.388014588041727,15.653506365213143,10.124,2.500000000000002,2.229,14.260197020251155,6.769,0,0,0.0,1169415.29,786,2025,1
Hibiscus,2025-02-03,1520000.0,NGN,NGN/MT,Agricom,wholesale,National,1650.0,,0.95,True,Historical data from Instagram posts (Jan-Feb 2025),Agricome,historical,False,,,1585.0,896.8909090909091,924.2857142857144,33.4,39.5,1,0,0,0,0,0,0,0,1,1,0,0,1,0,0,0,0,0,0,0,0.8660254037844386,0.5000000000000001,0.6631226582407952,0.7485107481711011,1,958.99,1560000.0,1560000.0,1600000.0,1379314.17,1369460.24,1447278.14,1348856.64,1560000.0,32659.863237109785,1498284.6600000001,99519.81904423196,1456985.5083333335,100164.11029174291,1437548.2561538464,70700.4999469413,1600000.0,1520000.0,1600000.0,1369460.24,-2.564102564102566,-5.000000000000004,10.992634587185979,12.688031843028181,8.518,-2.564102564102566,1.524,14.23422155071698,6.769,0,0,0.0,1139430.28,787,2025,1
Hibiscus,2025-02-10,1515000.0,NGN,NGN/MT,Agricom,wholesale,National,1650.0,,0.95,True,Historical data from Instagram posts (Jan-Feb 2025),Agricome,historical,False,,,1585.0,896.8909090909091,924.2857142857144,33.4,39.5,1,0,0,0,0,0,0,0,1,1,0,0,1,0,0,0,0,0,0,0,0.8660254037844386,0.5000000000000001,0.7485107481711011,0.6631226582407953,1,955.84,1520000.0,1560000.0,1600000.0,1379314.17,1369460.24,1447278.14,1348856.64,1538750.0,24622.144504491283,1515245.38875,87139.83443769604,1469113.8216666665,97375.18618522624,1440152.9430769233,72302.62099279345,1560000.0,1515000.0,1600000.0,1369460.24,-0.3289473684210509,-5.312499999999998,10.627527236570234,12.317347527755063,6.846,2.235155195681515,1.387,14.230926656991395,6.769,0,0,0.0,1135682.16,788,2025,1
Hibiscus,2025-02-17,1520000.0,NGN,NGN/MT,Agricom,wholesale,National,1650.0,,0.95,True,Historical data from Instagram posts (Jan-Feb 2025),Agricome,historical,False,,,1585.0,896.8909090909091,924.2857142857144,33.4,39.5,1,0,0,0,0,0,0,0,1,1,0,0,1,0,0,0,0,0,0,0,0.8660254037844386,0.5000000000000001,0.8229838658936564,0.5680647467311559,1,958.99,1515000.0,1520000.0,1560000.0,1379314.17,1369460.24,1447278.14,1369209.37,1528750.0,20966.242709016424,1532831.1175000002,67849.31042152281,1481658.8016666665,92966.87790364034,1442949.9376923079,73976.51153654984,1560000.0,1515000.0,1600000.0,1379314.17,0.3300330033003229,-2.564102564102566,10.992634587185979,11.012970938111533,5.946,0.6589803717213738,1.403,14.23422155071698,6.769,0,0,0.0,1139430.28,789,2025,1
Hibiscus,2025-02-24,1540000.0,NGN,NGN/MT,Agricom,wholesale,National,1650.0,,0.95,True,Historical data from Instagram posts (Jan-Feb 2025),Agricome,historical,False,,,1585.0,896.8909090909091,924.2857142857144,33.4,39.5,1,0,0,0,0,0,0,0,1,1,0,0,1,0,0,0,0,0,0,0,0.8660254037844386,0.5000000000000001,0.8854560256532099,0.4647231720437686,1,971.61,1520000.0,1515000.0,1560000.0,1387648.94,1379314.17,1437844.45,1396452.43,1523750.0,11086.778913044007,1551875.0,34427.719313699024,1495049.2874999999,88342.74921134529,1446878.9973076922,76368.67939706452,1540000.0,1515000.0,1600000.0,1379314.17,1.3157894736842035,-1.2820512820512775,11.649690367496191,10.279445752405625,5.313,0.9857564703838806,1.629,14.24729362374025,6.769,0,0,0.0,1154422.79,790,2025,1
Hibiscus,2025-03-03,1550666.6666666667,NGN,NGN/MT,Gap-filled,wholesale,National,,,0.6,False,Weekly gap-fill,Interpolated,historical,False,,,1575.0,896.8909090909091,924.2857142857144,33.4,39.5,1,0,0,1,0,0,0,0,1,1,0,0,0,0,0,0,0,1,0,0,1.0,6.123233995736766e-17,0.9350162426854148,0.3546048870425355,0,984.55,1540000.0,1520000.0,1520000.0,1600000.0,1379314.17,1398530.48,1396452.43,1531416.6666666667,16773.822197434973,1545708.3333333333,28480.813647642455,1509328.6622222222,81520.06091840398,1452730.3891025642,78319.46694712422,1550666.6666666667,1515000.0,1600000.0,1379314.17,0.6926406926407003,2.017543859649118,12.423021556188818,11.043286069305402,5.416,-0.6231487810435032,1.699,14.254196148836295,6.769,0,0,0.0,1162418.79,791,2025,1
Hibiscus,2025-03-10,1561333.3333333333,NGN,NGN/MT,Gap-filled,wholesale,National,,,0.6,False,Weekly gap-fill,Interpolated,historical,False,,,1575.0,896.8909090909091,924.2857142857144,33.4,39.5,1,0,0,1,0,0,0,0,1,1,0,0,0,0,0,0,0,1,0,0,1.0,6.123233995736766e-17,0.970941817426052,0.239315664287558,0,991.32,1550666.6666666667,1540000.0,1515000.0,1600000.0,1379314.17,1398530.48,1305870.03,1543000.0,17634.14196843757,1540875.0,19956.25175545188,1524496.9258333333,71440.07446257555,1458992.0373076925,80295.95948154386,1561333.3333333333,1520000.0,1600000.0,1379314.17,0.6878761822871837,3.0583058305830635,13.196352744881423,19.562689813268275,5.758,-0.004764510353516549,1.791,14.261051355509654,6.769,0,0,0.0,1170414.79,792,2025,1
Hibiscus,2025-03-17,1572000.0,NGN,NGN/MT,Gap-filled,wholesale,National,,,0.6,False,Weekly gap-fill,Interpolated,historical,False,,,1575.0,896.8909090909091,924.2857142857144,33.4,39.5,1,0,0,1,0,0,0,0,1,1,0,0,0,0,0,0,0,1,0,0,1.0,6.123233995736766e-17,0.992708874098054,0.120536680255323,0,998.1,1561333.3333333333,1550666.6666666667,1520000.0,1560000.0,1379314.17,1398530.48,1305870.03,1556000.0,13770.60745318364,1542375.0,21950.476366092946,1540554.0783333334,55779.6397674285,1465663.941923077,82254.20484211655,1572000.0,1540000.0,1600000.0,1387648.94,0.6831767719897464,3.421052631578947,13.969683933574029,20.379514338038685,6.163,-0.0046994102974373675,1.88,14.267859888103402,6.769,0,0,0.0,1178410.79,793,2025,1
Hibiscus,2025-03-24,1582666.6666666667,NGN,NGN/MT,Gap-filled,wholesale,National,,,0.6,False,Weekly gap-fill,Interpolated,historical,False,,,1575.0,896.8909090909091,924.2857142857144,33.4,39.5,1,0,0,1,0,0,0,0,1,1,0,0,0,0,0,0,0,1,0,0,1.0,6.123233995736766e-17,1.0,-1.6081226496766364e-16,0,1004.87,1572000.0,1561333.3333333333,1540000.0,1560000.0,1387648.94,1429725.58,1332544.89,1566666.6666666665,13770.607453183746,1545208.3333333335,25694.133417250792,1556805.5555555557,29309.032059587003,1471546.2914102564,85004.0644139349,1582666.6666666667,1550666.6666666667,1600000.0,1515000.0,0.6785411365564098,2.770562770562779,14.053823056043768,18.770232698627275,6.464,-0.00463563543333656,1.946,14.274622377888374,6.769,0,0,0.0,1186406.8,794,2025,1
Hibiscus,2025-03-31,1593333.3333333333,NGN,NGN/MT,Gap-filled,wholesale,National,,,0.6,False,Weekly gap-fill,Interpolated,historical,False,,,1575.0,896.8909090909091,924.2857142857144,33.4,39.5,1,0,0,1,0,0,0,0,1,1,0,0,0,0,0,0,0,0,0,0,1.0,6.123233995736766e-17,0.992708874098054,-0.1205366802553228,0,1011.64,1582666.6666666667,1572000.0,1550666.6666666667,1520000.0,1600000.0,1429725.58,1401095.82,1577333.3333333335,13770.607453183955,1554375.0,28359.056950313032,1556250.0,28466.931018581898,1477838.8973076926,87794.2746962994,1593333.3333333333,1561333.3333333333,1600000.0,1515000.0,0.6739679865206405,2.751504729148735,-0.4166666666666763,13.720511516002754,6.732,-0.004573150035769302,1.976,14.281339443414394,6.769,0,0,0.0,1194402.8,795,2025,1
Hibiscus,2025-04-07,1604000.0,NGN,NGN/MT,Gap-filled,wholesale,National,,,0.6,False,Weekly gap-fill,Interpolated,historical,False,,,1590.0,896.8909090909091,924.2857142857144,33.4,39.5,0,1,1,1,0,0,0,0,1,0,0,0,0,0,0,0,0,0,0,0,0.8660254037844387,-0.4999999999999998,0.970941817426052,-0.2393156642875575,0,1008.81,1593333.3333333333,1582666.6666666667,1561333.3333333333,1515000.0,1600000.0,1429725.58,1401095.82,1588000.0,13770.60745318421,1565500.0,28162.2284471789,1556583.3333333333,29043.375781203795,1484541.7596153845,90582.44020237203,1604000.0,1572000.0,1604000.0,1515000.0,0.6694560669456173,2.7327070879590076,0.24999999999999467,14.481820379708221,6.969,-0.004511919575023171,1.999,14.2880116908498,6.769,0,0,0.333,1202398.8,796,2025,2
Hibiscus,2025-04-14,1614666.6666666667,NGN,NGN/MT,Gap-filled,wholesale,National,,,0.6,False,Weekly gap-fill,Interpolated,historical,False,,,1590.0,896.8909090909091,924.2857142857144,33.4,39.5,0,1,1,1,0,0,0,0,1,0,0,0,0,0,0,0,0,0,0,0,0.8660254037844387,-0.4999999999999998,0.9350162426854148,-0.3546048870425354,0,1015.51,1604000.0,1593333.3333333333,1572000.0,1520000.0,1560000.0,1426561.13,1401095.82,1598666.6666666665,13770.607453184466,1577333.3333333335,26127.890589686784,1561138.888888889,33563.58606830984,1491776.587948718,93239.3240180523,1614666.6666666667,1582666.6666666667,1614666.6666666667,1515000.0,0.6650041562759723,2.714164546225617,3.504273504273514,15.243129243413689,7.165,-0.0044519106696450095,2.014,14.294639714309692,6.769,0,0,0.333,1210394.8,797,2025,2
Hibiscus,2025-04-21,1625333.3333333333,NGN,NGN/MT,Gap-filled,wholesale,National,,,0.6,False,Weekly gap-fill,Interpolated,historical,False,,,1590.0,896.8909090909091,924.2857142857144,33.4,39.5,0,1,1,1,0,0,0,0,1,0,0,0,0,0,0,0,0,0,0,0,0.8660254037844387,-0.4999999999999998,0.8854560256532099,-0.4647231720437685,0,1022.22,1614666.6666666667,1604000.0,1582666.6666666667,1540000.0,1560000.0,1426561.13,1401095.82,1609333.3333333335,13770.607453184675,1588000.0,26127.890589686736,1566583.3333333333,38323.48358304502,1499421.6726923077,95792.27662535236,1625333.3333333333,1593333.3333333333,1625333.3333333333,1515000.0,0.6606110652353392,2.695871946082562,4.188034188034173,16.004438107119135,7.33,-0.004393091040633124,2.022,14.301224096173408,6.769,0,0,0.333,1218390.8,798,2025,2
Hibiscus,2025-04-28,1636000.0,NGN,NGN/MT,Gap-filled,wholesale,National,,,0.6,False,Weekly gap-fill,Interpolated,historical,False,,,1590.0,896.8909090909091,924.2857142857144,33.4,39.5,0,1,1,1,0,0,0,0,1,0,0,0,0,0,0,0,0,0,0,0,0.8660254037844387,-0.4999999999999998,0.8229838658936565,-0.5680647467311557,0,1028.93,1625333.3333333333,1614666.6666666667,1593333.3333333333,1550666.6666666667,1520000.0,1426561.13,1388448.69,1620000.0,13770.607453184932,1598666.6666666665,26127.890589686787,1576250.0,40094.11276968722,1507477.0138461539,98196.10700770671,1636000.0,1604000.0,1636000.0,1515000.0,0.656275635767023,2.677824267782425,7.6315789473684115,17.82934520972468,7.464,-0.004335429468316221,2.029,14.307765407391587,6.769,0,0,0.333,1226386.81,799,2025,2
Hibiscus,2025-05-05,1646666.6666666667,NGN,NGN/MT,Gap-filled,wholesale,National,,,0.6,False,Weekly gap-fill,Interpolated,historical,False,,,1600.0,896.8909090909091,924.2857142857144,33.4,39.5,0,1,1,1,0,0,0,0,1,0,1,0,0,0,0,0,0,0,0,0,0.4999999999999999,-0.8660254037844387,0.7485107481711013,-0.663122658240795,0,1029.17,1636000.0,1625333.3333333333,1604000.0,1561333.3333333333,1515000.0,1426116.02,1388448.69,1630666.6666666665,13770.607453185186,1609333.3333333335,26127.89058968689,1587222.2222222222,39823.68548899552,1515959.731025641,100388.27922819676,1646666.6666666667,1614666.6666666667,1646666.6666666667,1520000.0,0.6519967400163029,2.6600166251039115,8.690869086908704,18.597588699274638,7.567,-0.0042788957507200465,2.031,14.31426420778326,6.769,0,0,0.333,1234382.81,800,2025,2
Hibiscus,2025-05-12,1657333.3333333333,NGN,NGN/MT,Gap-filled,wholesale,National,,,0.6,False,Weekly gap-fill,Interpolated,historical,False,,,1600.0,896.8909090909091,924.2857142857144,33.4,39.5,0,1,1,1,0,0,0,0,1,0,1,0,0,0,0,0,0,0,0,0,0.4999999999999999,-0.8660254037844387,0.6631226582407952,-0.7485107481711012,0,1035.83,1646666.6666666667,1636000.0,1614666.6666666667,1572000.0,1520000.0,1369460.24,1388448.69,1641333.3333333335,13770.607453185397,1620000.0,26127.890589687042,1598666.6666666667,38459.213604955614,1527031.773076923,99454.95799080569,1657333.3333333333,1625333.3333333333,1657333.3333333333,1540000.0,0.6477732793522151,2.6424442609413568,9.03508771929824,19.365832188824594,7.485,-0.0042234606640878525,2.03,14.320721046323369,6.769,0,0,0.333,1242378.81,801,2025,2
Hibiscus,2025-05-19,1668000.0,NGN,NGN/MT,Gap-filled,wholesale,National,,,0.6,False,Weekly gap-fill,Interpolated,historical,False,,,1600.0,896.8909090909091,924.2857142857144,33.4,39.5,0,1,1,1,0,0,0,0,1,0,1,0,0,0,0,0,0,0,0,0,0.4999999999999999,-0.8660254037844387,0.5680647467311558,-0.8229838658936564,0,1042.5,1657333.3333333333,1646666.6666666667,1625333.3333333333,1582666.6666666667,1540000.0,1369460.24,1388448.69,1652000.0,13770.607453185652,1630666.6666666665,26127.89058968727,1609333.3333333333,38459.21360495543,1538514.0715384616,97754.29342233356,1668000.0,1636000.0,1668000.0,1550666.6666666667,0.6436041834271933,2.625102543068092,8.311688311688314,20.13407567837455,7.376,-0.004169095925021793,2.026,14.327136461421032,6.769,0,0,0.333,1250374.81,802,2025,2
Hibiscus,2025-05-26,1678666.6666666667,NGN,NGN/MT,Gap-filled,wholesale,National,,,0.6,False,Weekly gap-fill,Interpolated,historical,False,,,1600.0,896.8909090909091,924.2857142857144,33.4,39.5,0,1,1,1,0,0,0,0,1,0,1,0,0,0,0,0,0,0,0,0,0.4999999999999999,-0.8660254037844387,0.464723172043769,-0.8854560256532096,0,1049.17,1668000.0,1657333.3333333333,1636000.0,1593333.3333333333,1550666.6666666667,1369460.24,1388448.69,1662666.6666666665,13770.607453185909,1641333.3333333335,26127.890589687446,1620000.0,38459.21360495525,1550406.6264102566,95138.60302316493,1678666.6666666667,1646666.6666666667,1678666.6666666667,1561333.3333333333,0.6394884092725928,2.6079869600652117,8.254514187446249,20.90231916792451,7.241,-0.0041157741546005155,2.02,14.333510981188969,6.769,0,0,0.333,1258370.81,803,2025,2
Hibiscus,2025-06-02,1685000.0,NGN,NGN/MT,Gap-filled,wholesale,National,,,0.6,False,Weekly gap-fill,Interpolated,historical,False,,,1610.0,896.8909090909091,924.2857142857144,33.4,39.5,0,1,1,0,0,0,0,1,0,0,1,0,0,0,0,0,0,0,1,0,1.2246467991473532e-16,-1.0,0.3546048870425358,-0.9350162426854148,0,1046.58,1678666.6666666667,1668000.0,1646666.6666666667,1604000.0,1561333.3333333333,1379314.17,1426963.99,1672250.0,12169.710425970174,1651458.3333333335,25274.32821395428,1630305.5555555557,37874.182548329,1562163.7737179487,91985.34641356173,1685000.0,1657333.3333333333,1685000.0,1572000.0,0.37728355837967076,2.3279352226720507,7.920580700256186,18.082867669281555,7.047,-0.262204850892922,1.965,14.337276715240233,6.769,0,0,0.333,1263118.44,804,2025,2
Hibiscus,2025-06-09,1700000.0,NGN,NGN/MT,Agricom,wholesale,National,1650.0,,0.95,True,Historical data from Instagram posts (June-July 2025),Agricome,historical,False,,,1610.0,896.8909090909091,924.2857142857144,33.4,39.5,0,1,1,0,0,0,0,1,0,0,1,0,0,0,0,0,0,0,1,0,1.2246467991473532e-16,-1.0,0.2393156642875576,-0.970941817426052,0,1055.9,1685000.0,1678666.6666666667,1657333.3333333333,1614666.6666666667,1572000.0,1379314.17,1428131.51,1682916.6666666665,13375.973484826663,1662125.0,25534.251817373497,1640972.2222222222,37984.96734378181,1574497.844102564,87895.86678971247,1700000.0,1668000.0,1700000.0,1582666.6666666667,0.8902077151335286,2.574416733708773,8.14249363867685,19.036656505114145,6.886,0.5129241567538578,1.993,14.346139397261565,6.769,0,0,0.333,1274362.82,805,2025,2
Hibiscus,2025-06-16,1700000.0,NGN,NGN/MT,Agricom,wholesale,National,1650.0,,0.95,True,Historical data from Instagram posts (June-July 2025),Agricome,historical,False,,,1610.0,896.8909090909091,924.2857142857144,33.4,39.5,0,1,1,0,0,0,0,1,0,0,1,0,0,0,0,0,0,0,1,0,1.2246467991473532e-16,-1.0,0.120536680255323,-0.992708874098054,0,1055.9,1700000.0,1685000.0,1668000.0,1625333.3333333333,1582666.6666666667,1379314.17,1491755.32,1690916.6666666665,10802.520282071515,1671458.3333333335,23748.64240063091,1650750.0,36691.48609031207,1586831.9144871796,81692.31245791311,1700000.0,1678666.6666666667,1700000.0,1593333.3333333333,0.0,1.918465227817756,7.413647851727045,13.959707547749844,6.559,-0.8902077151335286,1.882,14.346139397261565,6.769,0,0,0.333,1274362.82,806,2025,2
Hibiscus,2025-06-23,1740000.0,NGN,NGN/MT,Agricom,wholesale,National,1650.0,,0.95,True,Historical data from Instagram posts (June-July 2025),Agricome,historical,False,,,1610.0,896.8909090909091,924.2857142857144,33.4,39.5,0,1,1,0,0,0,0,1,0,0,1,0,0,0,0,0,0,0,1,0,1.2246467991473532e-16,-1.0,-3.216245299353273e-16,-1.0,0,1080.75,1700000.0,1700000.0,1678666.6666666667,1636000.0,1593333.3333333333,1379314.17,1491755.32,1706250.0,23584.95283014428,1684458.3333333335,29366.289657598874,1662972.2222222222,40096.71598768441,1600704.4464102564,75427.86496243248,1740000.0,1685000.0,1740000.0,1604000.0,2.35294117647058,3.653693407466241,9.205020920502104,16.641112431226325,6.594,2.35294117647058,2.122,14.36939624590319,6.769,0,0,0.333,1304347.83,807,2025,2
Hibiscus,2025-06-30,1700000.0,NGN,NGN/MT,Agricom,wholesale,National,1650.0,,0.95,True,Historical data from Instagram posts (June-July 2025),Agricome,historical,False,,,1610.0,896.8909090909091,924.2857142857144,33.4,39.5,0,1,1,0,0,0,0,1,0,0,1,0,0,0,0,0,0,0,1,0,1.2246467991473532e-16,-1.0,-0.1205366802553228,-0.992708874098054,0,1055.9,1740000.0,1700000.0,1685000.0,1646666.6666666667,1604000.0,1387648.94,1491755.32,1710000.0,20000.000000003325,1691125.0,25338.932651880594,1670972.2222222222,36693.50487025844,1612717.9487179485,64171.20796451236,1740000.0,1700000.0,1740000.0,1614666.6666666667,-2.298850574712641,0.8902077151335286,5.985037406483795,13.959707547749844,6.032,-4.651791751183221,1.667,14.346139397261565,6.769,0,0,0.333,1274362.82,808,2025,2
Hibiscus,2025-07-07,1660000.0,NGN,NGN/MT,Agricom,wholesale,National,1650.0,,0.95,True,Historical data from Instagram posts (June-July 2025),Agricome,historical,False,,,1595.0,896.8909090909091,924.2857142857144,33.4,39.5,0,1,1,0,0,0,1,1,0,0,1,0,0,0,0,0,0,0,1,0,-0.4999999999999997,-0.8660254037844388,-0.2393156642875574,-0.970941817426052,0,1040.75,1700000.0,1740000.0,1700000.0,1657333.3333333333,1614666.6666666667,1600000.0,1478151.27,1700000.0,32659.86323711098,1691458.3333333335,24843.598070315773,1674750.0,32458.87063390619,1615025.641025641,64771.59343601241,1740000.0,1660000.0,1740000.0,1625333.3333333333,-2.352941176470591,-2.352941176470591,2.807597027250197,12.302443849336209,5.261,-0.05409060175795011,1.257,14.322328762742183,6.769,0,0,0.333,1244377.81,809,2025,3
Hibiscus,2025-07-14,1700000.0,NGN,NGN/MT,Agricom,wholesale,National,1650.0,,0.95,True,Historical data from Instagram posts (June-July 2025),Agricome,historical,False,,,1595.0,896.8909090909091,924.2857142857144,33.4,39.5,0,1,1,0,0,0,1,1,0,0,1,0,0,0,0,0,0,0,1,0,-0.4999999999999997,-0.8660254037844388,-0.3546048870425356,-0.9350162426854148,0,1065.83,1660000.0,1700000.0,1700000.0,1668000.0,1625333.3333333333,1600000.0,1478151.27,1700000.0,32659.86323711098,1695458.3333333335,23037.538379853122,1680972.2222222222,29108.45561950261,1618871.7948717948,66781.50621729308,1740000.0,1660000.0,1740000.0,1636000.0,2.4096385542168752,0.0,4.593929450369161,15.008526833657566,5.011,4.762579730687467,1.538,14.346139397261565,6.769,0,0,0.333,1274362.82,810,2025,3
Hibiscus,2025-07-21,1700000.0,NGN,NGN/MT,Agricom,wholesale,National,1650.0,,0.95,True,Historical data from Instagram posts (June-July 2025),Agricome,historical,False,,,1595.0,896.8909090909091,924.2857142857144,33.4,39.5,0,1,1,0,0,0,1,1,0,0,1,0,0,0,0,0,0,0,1,0,-0.4999999999999997,-0.8660254037844388,-0.464723172043768,-0.8854560256532101,0,1065.83,1700000.0,1660000.0,1740000.0,1678666.6666666667,1636000.0,1560000.0,1447278.14,1690000.0,20000.00000000299,1698125.0,22028.79608927569,1686305.5555555557,25793.844044127003,1624256.4102564103,67485.19559082882,1700000.0,1660000.0,1740000.0,1646666.6666666667,0.0,-2.298850574712641,3.9119804400977953,17.461872256289325,4.048,-2.4096385542168752,1.469,14.346139397261565,6.769,0,0,0.333,1274362.82,811,2025,3
Hibiscus,2025-07-28,1685000.0,NGN,NGN/MT,Gap-filled,wholesale,National,,,0.6,False,Weekly gap-fill,Interpolated,historical,False,,,1595.0,896.8909090909091,924.2857142857144,33.4,39.5,0,1,1,0,0,0,1,1,0,0,1,0,0,0,0,0,0,0,1,0,-0.4999999999999997,-0.8660254037844388,-0.5680647467311556,-0.8229838658936565,0,1056.43,1700000.0,1700000.0,1700000.0,1685000.0,1646666.6666666667,1560000.0,1447278.14,1686250.0,18874.586088179974,1698125.0,22028.79608927569,1689500.0,22616.4774115113,1629064.1025641025,67176.25369004939,1700000.0,1660000.0,1740000.0,1657333.3333333333,-0.8823529411764675,-0.8823529411764675,2.3279352226720507,16.425443971675,3.51,-0.8823529411764675,1.287,14.337276715240233,6.769,0,0,0.333,1263118.44,812,2025,3
Hibiscus,2025-08-04,1670000.0,NGN,NGN/MT,Gap-filled,wholesale,National,,,0.6,False,Weekly gap-fill,Interpolated,historical,False,,,1585.0,896.8909090909091,924.2857142857144,33.4,39.5,0,1,0,0,1,0,1,1,0,0,1,0,0,0,0,1,0,0,1,0,-0.8660254037844384,-0.5000000000000004,-0.663122658240795,-0.7485107481711013,0,1053.63,1685000.0,1700000.0,1660000.0,1700000.0,1657333.3333333333,1520000.0,1447278.14,1688750.0,14361.406616349193,1694375.0,24118.383622694528,1690555.5555555557,21231.92437804357,1634833.3333333333,63790.78651690442,1700000.0,1670000.0,1740000.0,1660000.0,-0.8902077151335286,0.6024096385542244,0.7642799678198031,15.389015687060681,3.298,-0.007854773957061134,1.116,14.328334783195153,6.769,0,0,0.333,1251874.06,813,2025,3
Hibiscus,2025-08-11,1655000.0,NGN,NGN/MT,Gap-filled,wholesale,National,,,0.6,False,Weekly gap-fill,Interpolated,historical,False,,,1585.0,896.8909090909091,924.2857142857144,33.4,39.5,0,1,0,0,1,0,1,1,0,0,1,0,0,0,0,1,0,0,1,0,-0.8660254037844384,-0.5000000000000004,-0.7485107481711011,-0.6631226582407952,0,1044.16,1670000.0,1685000.0,1700000.0,1700000.0,1668000.0,1515000.0,1447278.14,1677500.0,19364.916731039983,1688750.0,27613.40254296872,1689472.2222222222,22763.81069683691,1640217.9487179485,58999.8073298389,1700000.0,1655000.0,1740000.0,1655000.0,-0.8982035928143728,-2.6470588235294135,-0.7793764988009544,14.35258740244636,2.273,-0.007995877680844199,0.954,14.319312171022725,6.769,0,0,0.333,1240629.69,814,2025,3
Hibiscus,2025-08-18,1640000.0,NGN,NGN/MT,Gap-filled,wholesale,National,,,0.6,False,Weekly gap-fill,Interpolated,historical,False,,,1585.0,896.8909090909091,924.2857142857144,33.4,39.5,0,1,0,0,1,0,1,1,0,0,1,0,0,0,0,1,0,0,1,0,-0.8660254037844384,-0.5000000000000004,-0.8229838658936564,-0.5680647467311559,0,1034.7,1655000.0,1670000.0,1700000.0,1740000.0,1678666.6666666667,1520000.0,1447278.14,1662500.0,19364.91673103977,1676250.0,23413.976290120314,1686250.0,26809.513236915587,1644833.3333333333,53672.44275335317,1685000.0,1640000.0,1740000.0,1640000.0,-0.9063444108761365,-3.529411764705881,-2.30341540905481,13.316159117832061,1.074,-0.0081408180617637,0.799,14.310207409556293,6.769,0,0,0.333,1229385.31,815,2025,3
Hibiscus,2025-08-25,1640000.0,NGN,NGN/MT,Gap-filled,wholesale,National,,,0.6,False,Weekly gap-fill,Interpolated,historical,False,,,1585.0,896.8909090909091,924.2857142857144,33.4,39.5,0,1,0,0,1,0,1,1,0,0,1,0,0,0,0,1,0,0,1,0,-0.8660254037844384,-0.5000000000000004,-0.8854560256532096,-0.4647231720437691,0,1034.7,1640000.0,1655000.0,1685000.0,1700000.0,1685000.0,1540000.0,1437844.45,1651250.0,14361.406616348484,1668750.0,24311.960607311372,1682500.0,29962.097268509573,1648679.487179487,49261.34213620964,1670000.0,1640000.0,1740000.0,1640000.0,0.0,-2.670623145400597,-2.670623145400597,14.059625851739387,0.156,0.9063444108761365,0.768,14.310207409556293,6.769,0,0,0.333,1229385.31,816,2025,3
Hibiscus,2025-09-01,1610000.0,NGN,NGN/MT,Agricom,wholesale,National,1650.0,,0.95,True,Historical data from Instagram posts,Agricome,historical,False,,,1580.0,896.8909090909091,924.2857142857144,23.9,25.8,0,1,0,0,1,1,0,0,0,0,0,0,0,0,0,1,0,0,0,0,-1.0,-1.8369701987210287e-16,-0.9350162426854148,-0.3546048870425359,0,1018.99,1640000.0,1640000.0,1670000.0,1660000.0,1700000.0,1550666.6666666667,1398530.48,1636250.0,18874.586088179254,1662500.0,32071.349029491415,1675000.0,35865.91189923938,1650961.5384615385,45791.34580276313,1655000.0,1610000.0,1740000.0,1610000.0,-1.8292682926829285,-3.59281437125748,-5.294117647058827,15.120837409278343,-0.891,-1.8292682926829285,0.491,14.291745358078465,6.769,0,0,0.667,1299435.03,817,2025,3
Hibiscus,2025-09-08,1600000.0,NGN,NGN/MT,Agricom,wholesale,National,1650.0,,0.95,True,Historical data from Instagram posts,Agricome,historical,False,,,1580.0,896.8909090909091,924.2857142857144,23.9,25.8,0,1,0,0,1,1,0,0,0,0,0,0,0,0,0,1,0,0,0,0,-1.0,-1.8369701987210287e-16,-0.970941817426052,-0.2393156642875577,0,1012.66,1610000.0,1640000.0,1655000.0,1700000.0,1700000.0,1561333.3333333333,1398530.48,1622500.0,20615.5281280903,1650000.0,34743.961448615606,1666666.6666666667,40806.2680865561,1652448.7179487178,43325.53184212048,1640000.0,1600000.0,1740000.0,1600000.0,-0.6211180124223614,-3.3232628398791486,-5.882352941176472,14.405801152077856,-1.812,1.208150280260567,0.379,14.285514812209815,6.769,0,0,0.667,1291364.0,818,2025,3
Hibiscus,2025-09-15,1580000.0,NGN,NGN/MT,Agricom,wholesale,National,1650.0,,0.95,True,Historical data from Instagram posts,Agricome,historical,False,,,1580.0,896.8909090909091,924.2857142857144,23.9,25.8,0,1,0,0,1,1,0,0,0,0,0,0,0,0,0,1,0,0,0,0,-1.0,-1.8369701987210287e-16,-0.992708874098054,-0.1205366802553235,0,1000.0,1600000.0,1610000.0,1640000.0,1700000.0,1740000.0,1572000.0,1398530.48,1607500.0,25000.000000001437,1635000.0,35956.32271043821,1653333.3333333333,40806.26808655618,1652756.4102564103,42756.00622575682,1640000.0,1580000.0,1700000.0,1580000.0,-1.2499999999999956,-3.658536585365857,-9.195402298850574,12.975728637676887,-2.738,-0.6288819875776341,0.181,14.272936037914342,6.769,0,0,0.667,1275221.95,819,2025,3
Hibiscus,2025-09-22,1580000.0,NGN,NGN/MT,Agricom,wholesale,National,1650.0,,0.95,True,Historical data from Instagram posts,Agricome,historical,False,,,1580.0,896.8909090909091,924.2857142857144,23.9,25.8,0,1,0,0,1,1,0,0,0,0,0,0,0,0,0,1,0,0,0,0,-1.0,-1.8369701987210287e-16,-1.0,-1.8369701987210287e-16,0,1000.0,1580000.0,1600000.0,1640000.0,1685000.0,1700000.0,1582666.6666666667,1429725.58,1592500.0,15000.000000002045,1621875.0,34219.61634585016,1643333.3333333333,42976.38534090643,1652653.8461538462,42933.69365990934,1610000.0,1580000.0,1700000.0,1580000.0,0.0,-3.658536585365857,-7.058823529411762,10.510717728083163,-3.64,1.2499999999999956,0.158,14.272936037914342,6.769,0,0,0.667,1275221.95,820,2025,3
Hibiscus,2025-09-29,1570000.0,NGN,NGN/MT,Agricom,wholesale,National,1650.0,,0.95,True,Historical data from Instagram posts,Agricome,historical,False,,,1580.0,896.8909090909091,924.2857142857144,23.9,25.8,0,1,0,0,1,1,0,0,0,0,0,0,0,0,0,1,0,0,0,0,-1.0,-1.8369701987210287e-16,-0.992708874098054,0.1205366802553232,0,993.67,1580000.0,1580000.0,1610000.0,1670000.0,1660000.0,1593333.3333333333,1429725.58,1582500.0,12583.057392120076,1609375.0,32341.6471883727,1635833.3333333333,47426.178680585326,1651756.4102564103,44440.67783185504,1600000.0,1570000.0,1700000.0,1570000.0,-0.6329113924050667,-2.4844720496894457,-5.421686746987953,9.811282805753518,-4.193,-0.6329113924050667,0.047,14.266586814266963,6.769,0,0,0.667,1267150.93,821,2025,3
Hibiscus,2025-10-06,1550000.0,NGN,NGN/MT,Agricom,wholesale,National,1650.0,,0.95,True,Historical data from Instagram posts,Agricome,historical,False,,,1595.0,896.8909090909091,924.2857142857144,23.9,25.8,0,1,0,0,0,1,0,0,0,1,0,1,0,1,1,1,1,0,0,0,-0.8660254037844386,0.5000000000000001,-0.970941817426052,0.2393156642875573,0,971.79,1570000.0,1580000.0,1600000.0,1655000.0,1700000.0,1604000.0,1429725.58,1570000.0,14142.135623732565,1596250.0,32486.26083219146,1623333.3333333333,48726.19854085491,1649679.487179487,47889.82548116316,1580000.0,1550000.0,1700000.0,1550000.0,-1.273885350318471,-3.125,-8.823529411764708,8.412412961094251,-4.83,-0.6409739579134044,-0.156,14.253766134056512,6.769,0,0,1.0,1251008.88,822,2025,4
Hibiscus,2025-10-13,1550000.0,NGN,NGN/MT,Agricom,wholesale,National,1650.0,,0.95,True,Historical data from Instagram posts,Agricome,historical,False,,,1595.0,896.8909090909091,924.2857142857144,23.9,25.8,0,1,0,0,0,1,0,0,0,1,0,1,0,1,1,1,1,0,0,0,-0.8660254037844386,0.5000000000000001,-0.9350162426854148,0.3546048870425355,0,971.79,1550000.0,1570000.0,1580000.0,1640000.0,1700000.0,1614666.6666666667,1426561.13,1562500.0,15000.000000001348,1585000.0,30705.978943150094,1610833.3333333333,46457.86621589204,1647192.3076923077,51336.205380869906,1580000.0,1550000.0,1685000.0,1550000.0,0.0,-1.898734177215189,-8.823529411764708,8.652897335005916,-5.142,1.273885350318471,-0.18,14.253766134056512,6.769,0,0,1.0,1251008.88,823,2025,4
Hibiscus,2025-10-20,1470000.0,NGN,NGN/MT,Agricom,wholesale,National,1650.0,,0.95,True,Historical data from Instagram posts,Agricome,historical,False,,,1595.0,896.8909090909091,924.2857142857144,23.9,25.8,0,1,0,0,0,1,0,0,0,1,0,1,0,1,1,1,1,0,0,0,-0.8660254037844386,0.5000000000000001,-0.8854560256532101,0.464723172043768,0,921.63,1550000.0,1550000.0,1580000.0,1640000.0,1685000.0,1625333.3333333333,1426561.13,1535000.0,44347.115652167144,1563750.0,43404.24600691277,1592916.6666666667,55777.901022041304,1641217.9487179485,61927.839175593086,1570000.0,1470000.0,1670000.0,1470000.0,-5.161290322580648,-6.9620253164556996,-12.759643916913943,3.045005859650751,-6.472,-5.161290322580648,-0.935,14.200773639026796,6.769,0,0,1.0,1186440.68,824,2025,4
Hibiscus,2025-10-27,1450000.0,NGN,NGN/MT,Agricom,wholesale,National,1650.0,,0.95,True,From Agricom Threads - Oct 31,Agricome,historical,False,,,1595.0,896.8909090909091,924.2857142857144,23.9,25.8,0,1,0,0,0,1,0,0,0,1,0,1,0,1,1,1,1,0,0,0,-0.8660254037844386,0.5000000000000001,-0.822983865893657,0.5680647467311548,0,909.09,1470000.0,1550000.0,1570000.0,1610000.0,1670000.0,1636000.0,1426561.13,1505000.0,52599.11279353169,1543750.0,54494.42959737157,1574583.3333333333,63727.342973206105,1634064.1025641025,72410.74317044788,1550000.0,1450000.0,1655000.0,1450000.0,-1.3605442176870763,-7.643312101910826,-13.173652694610782,1.6430329908119656,-7.898,3.8007461048935713,-1.132,14.187074804051692,6.769,0,0,1.0,1170298.63,825,2025,4
Hibiscus,2025-11-03,1400000.0,NGN,NGN/MT,Agricom,wholesale,National,1650.0,,0.95,True,From Agricom Threads - Nov 7,Agricome,historical,False,,,1600.0,896.8909090909091,924.2857142857144,23.9,25.8,1,0,0,0,0,1,0,0,0,1,0,1,1,1,1,0,1,0,0,0,-0.5000000000000004,0.8660254037844384,-0.7485107481711011,0.6631226582407952,1,875.0,1450000.0,1470000.0,1550000.0,1600000.0,1655000.0,1646666.6666666667,1426116.02,1467500.0,62383.224240709525,1518750.0,68959.09760761933,1553333.3333333333,75838.744395695,1624576.923076923,85643.42396458052,1550000.0,1400000.0,1640000.0,1400000.0,-3.4482758620689613,-9.677419354838712,-15.407854984894264,-1.8312689594497389,-9.669,-2.087731644381885,-1.585,14.151983508870947,6.769,0,0,0.667,1129943.5,826,2025,4
Hibiscus,2025-11-10,1350000.0,NGN,NGN/MT,Agricom,wholesale,National,1650.0,,0.95,True,From Agricom Threads - Nov 14,Agricome,historical,False,,,1600.0,896.8909090909091,924.2857142857144,23.9,25.8,1,0,0,0,0,1,0,0,0,1,0,1,1,1,1,0,1,0,0,0,-0.5000000000000004,0.8660254037844384,-0.6631226582407955,0.7485107481711007,1,843.75,1400000.0,1450000.0,1550000.0,1580000.0,1640000.0,1657333.3333333333,1369460.24,1417500.0,53774.21934967185,1490000.0,85690.47288267915,1529166.6666666667,90499.4558831816,1612756.4102564103,100808.04895961199,1470000.0,1350000.0,1640000.0,1350000.0,-3.57142857142857,-12.903225806451612,-17.682926829268297,-1.4210153337492981,-12.107,-0.12315270935960854,-2.033,14.115615891155079,6.769,0,0,0.667,1089588.38,827,2025,4
Hibiscus,2025-11-17,1300000.0,NGN,NGN/MT,Agricom,wholesale,National,1650.0,,0.95,True,From Agricom Threads - Nov 24,Agricome,historical,False,,,1600.0,896.8909090909091,924.2857142857144,23.9,25.8,1,0,0,0,0,1,0,0,0,1,0,1,1,1,1,0,1,0,0,0,-0.5000000000000004,0.8660254037844384,-0.5680647467311559,0.8229838658936564,1,812.5,1350000.0,1400000.0,1470000.0,1580000.0,1640000.0,1668000.0,1369460.24,1375000.0,64549.72243678976,1455000.0,99713.87638065811,1500833.3333333333,104747.17035304639,1598602.564102564,117236.9687325956,1450000.0,1300000.0,1610000.0,1300000.0,-3.703703703703709,-11.564625850340137,-20.731707317073166,-5.07208883990673,-13.987,-0.1322751322751392,-2.417,14.077875591662238,6.769,0,0,0.667,1049233.25,828,2025,4
Hibiscus,2025-11-24,1260000.0,NGN,NGN/MT,Agricom,wholesale,National,1650.0,,0.95,True,From Agricom Threads - Nov 28,Agricome,historical,False,,,1600.0,896.8909090909091,924.2857142857144,23.9,25.8,1,0,0,0,0,1,0,0,0,1,0,1,1,1,1,0,1,0,0,0,-0.5000000000000004,0.8660254037844384,-0.4647231720437684,0.88545602565321,1,787.5,1300000.0,1350000.0,1450000.0,1570000.0,1610000.0,1678666.6666666667,1369460.24,1327500.0,60759.08711185985,1416250.0,108487.98485151655,1471666.6666666667,119303.53445449033,1582500.0,133433.5040385312,1400000.0,1260000.0,1600000.0,1260000.0,-3.076923076923077,-13.103448275862073,-21.739130434782606,-7.992947644832682,-16.114,0.626780626780632,-2.645,14.04662307257814,6.769,0,0,0.667,1016949.15,829,2025,4
Hibiscus,2025-12-01,1220000.0,NGN,NGN/MT,Agricom,wholesale,National,1650.0,,0.95,True,From Agricom Threads - Dec 5,Agricome,historical,False,,,1610.0,896.8909090909091,924.2857142857144,24.2,26.1,1,0,0,0,0,0,0,0,0,1,0,1,1,1,1,0,0,0,0,1,-2.4492935982947064e-16,1.0,-0.3546048870425359,0.9350162426854148,1,757.76,1260000.0,1300000.0,1400000.0,1550000.0,1600000.0,1685000.0,1379314.17,1282500.0,55602.75772537317,1375000.0,113010.74538037785,1440000.0,131909.0595827308,1564615.3846153845,149358.1137864523,1350000.0,1220000.0,1580000.0,1220000.0,-3.1746031746031744,-12.857142857142856,-23.750000000000004,-11.550245293282234,-18.031,-0.09768009768009733,-2.796,14.014362236381235,6.769,0,0,0.333,982286.63,830,2025,4
Hibiscus,2025-12-08,1220000.0,NGN,NGN/MT,Agricom,wholesale,National,1650.0,,0.95,True,From Agricom Threads - Dec 12,Agricome,historical,False,,,1610.0,896.8909090909091,924.2857142857144,24.2,26.1,1,0,0,0,0,0,0,0,0,1,0,1,1,1,1,0,0,0,0,1,-2.4492935982947064e-16,1.0,-0.2393156642875578,0.970941817426052,1,757.76,1220000.0,1260000.0,1350000.0,1550000.0,1580000.0,1700000.0,1379314.17,1250000.0,38297.08431025172,1333750.0,99417.9489399605,1410000.0,137972.32924164203,1546153.8461538462,161154.01138232963,1300000.0,1220000.0,1580000.0,1220000.0,0.0,-9.629629629629633,-22.78481012658228,-11.550245293282234,-19.154,3.1746031746031744,-2.632,14.014362236381235,6.769,0,0,0.333,982286.63,831,2025,4
Hibiscus,2025-12-15,1200000.0,NGN,NGN/MT,Agricom,wholesale,National,1650.0,,0.95,True,From Agricom Threads - Dec 19,Agricome,historical,False,,,1610.0,896.8909090909091,924.2857142857144,24.2,26.1,1,0,0,0,0,0,0,0,0,1,0,1,1,1,1,0,0,0,0,1,-2.4492935982947064e-16,1.0,-0.1205366802553236,0.992708874098054,1,745.34,1220000.0,1220000.0,1300000.0,1470000.0,1580000.0,1700000.0,1379314.17,1225000.0,25166.114784232774,1300000.0,92117.93682944874,1378333.3333333333,139011.6629072642,1526923.076923077,171558.01889201926,1260000.0,1200000.0,1570000.0,1200000.0,-1.6393442622950838,-7.692307692307687,-24.0506329113924,-13.000241272080892,-19.773,-1.6393442622950838,-2.616,13.997832948091215,6.769,0,0,0.333,966183.57,832,2025,4
Hibiscus,2025-12-22,1200000.0,NGN,NGN/MT,Agricom,wholesale,National,1650.0,,0.95,True,From Agricom Threads - Dec 23,Agricome,historical,False,,,1610.0,896.8909090909091,924.2857142857144,24.2,26.1,1,0,0,0,0,0,0,0,0,1,0,1,1,1,1,0,0,0,0,1,-2.4492935982947064e-16,1.0,6.432490598706546e-16,1.0,1,745.34,1200000.0,1220000.0,1260000.0,1450000.0,1570000.0,1740000.0,1379314.17,1210000.0,11547.00538378545,1268750.0,74725.68883207833,1347500.0,133561.35804804025,1506153.8461538462,177320.65695968966,1220000.0,1200000.0,1550000.0,1200000.0,0.0,-4.761904761904767,-23.566878980891715,-13.000241272080892,-19.663,1.6393442622950838,-2.47,13.997832948091215,6.769,0,0,0.333,966183.57,833,2025,4
Hibiscus,2025-12-29,1200000.0,NGN,NGN/MT,Agricom,wholesale,National,1650.0,,0.95,True,From Agricom Threads - Dec 30,Agricome,historical,False,,,1610.0,896.8909090909091,924.2857142857144,24.2,26.1,1,0,0,0,0,0,0,0,0,1,0,1,1,1,1,0,0,0,0,1,-2.4492935982947064e-16,1.0,0.120536680255323,0.992708874098054,1,745.34,1200000.0,1200000.0,1220000.0,1400000.0,1550000.0,1700000.0,1387648.94,1205000.0,9999.999999991667,1243750.0,55533.13039464457,1318333.3333333333,123128.41288917242,1486923.076923077,182494.25702239058,1220000.0,1200000.0,1550000.0,1200000.0,0.0,-1.6393442622950838,-22.580645161290324,-13.52279633492891,-18.96,0.0,-2.338,13.997832948091215,6.769,0,0,0.333,966183.57,834,2025,4
Hibiscus,2026-01-05,1200000.0,NGN,NGN/MT,Agricom,wholesale,National,1650.0,,0.95,True,From Agricom Threads - Jan 9,Agricome,historical,False,,,1590.0,896.8909090909091,924.2857142857144,24.2,26.1,1,0,0,0,0,0,0,0,0,1,0,0,1,0,0,0,0,0,0,1,0.4999999999999999,0.8660254037844387,0.2393156642875577,0.970941817426052,1,754.72,1200000.0,1200000.0,1220000.0,1350000.0,1550000.0,1660000.0,1600000.0,1200000.0,0.0,1225000.0,36645.015252516525,1289166.6666666667,103084.98994284106,1469230.7692307692,187278.89527489498,1200000.0,1200000.0,1470000.0,1200000.0,0.0,-1.6393442622950838,-22.580645161290324,-25.0,-18.325,0.0,-2.178,13.997832948091215,6.769,0,0,0.0,966183.57,835,2026,1
Hibiscus,2026-01-12,1320000.0,NGN,NGN/MT,Agricom,wholesale,National,1650.0,,0.95,True,From Agricom Threads - Jan 16,Agricome,historical,False,,,1590.0,896.8909090909091,1128.8472222222222,24.2,26.1,1,0,0,0,0,0,0,0,0,1,0,0,1,0,0,0,0,0,0,1,0.4999999999999999,0.8660254037844387,0.3546048870425356,0.9350162426854148,1,830.19,1200000.0,1200000.0,1200000.0,1300000.0,1470000.0,1700000.0,1600000.0,1230000.0,60000.0,1227500.0,42678.19784654218,1276666.6666666667,87004.00548076781,1454615.3846153845,183335.33798437926,1320000.0,1200000.0,1450000.0,1200000.0,10.000000000000009,10.000000000000009,-10.204081632653061,-17.500000000000004,-15.442,10.000000000000009,-1.356,14.093143052138025,7.402,0,0,0.0,1062801.93,836,2026,1
Hibiscus,2026-01-19,1950000.0,NGN,NGN/MT,Agricom,wholesale,National,1650.0,,0.95,True,From Agricom Threads - Jan 26,Agricome,historical,False,,,1590.0,896.8909090909091,1128.8472222222222,24.2,26.1,1,0,0,0,0,0,0,0,0,1,0,0,1,0,0,0,0,0,0,1,0.4999999999999999,0.8660254037844387,0.4647231720437685,0.8854560256532099,1,1226.42,1320000.0,1200000.0,1200000.0,1260000.0,1450000.0,1700000.0,1560000.0,1417500.0,359478.7893603738,1313750.0,260271.14981989734,1318333.3333333333,210144.25060088251,1464230.7692307692,202295.29064065003,1950000.0,1200000.0,1950000.0,1200000.0,47.72727272727273,62.5,34.48275862068966,25.0,-3.191,37.72727272727272,2.39,14.48334044336031,7.402,0,0,0.0,1570048.31,837,2026,1
Hibiscus,2026-01-26,2350000.0,NGN,NGN/MT,Agricom,wholesale,National,1650.0,,0.95,True,From Agricom Threads - Jan 30,Agricome,historical,False,,,1590.0,896.8909090909091,1128.8472222222222,24.2,26.1,1,0,0,0,0,0,0,0,0,1,0,0,1,0,0,0,0,0,0,1,0.4999999999999999,0.8660254037844387,0.5680647467311558,0.8229838658936564,1,1477.99,1950000.0,1320000.0,1200000.0,1220000.0,1400000.0,1685000.0,1560000.0,1705000.0,541387.1073455665,1455000.0,443943.3683317212,1397500.0,365342.3052426318,1489807.6923076923,263963.939844938,2350000.0,1200000.0,2350000.0,1200000.0,20.512820512820507,95.83333333333333,67.85714285714286,50.641025641025635,14.444,-27.21445221445222,3.89,14.669926311652166,7.402,0,0,0.0,1892109.5,838,2026,1
Hibiscus,2026-02-02,2425000.0,NGN,NGN/MT,Gap-filled,wholesale,National,,,0.6,False,Weekly gap-fill,Interpolated,historical,True,IQR outlier (synthetic),,1600.0,896.8909090909091,1128.8472222222222,24.2,26.1,1,0,0,0,0,0,0,0,1,1,0,0,1,0,0,0,0,0,0,0,0.8660254037844386,0.5000000000000001,0.6631226582407952,0.7485107481711011,1,1515.62,2350000.0,1950000.0,1200000.0,1220000.0,1350000.0,1670000.0,1520000.0,2011250.0,505805.8751471095,1605625.0,545602.1411510145,1487083.3333333333,469566.81358912354,1518846.1538461538,320132.1842374115,2425000.0,1320000.0,2425000.0,1200000.0,3.1914893617021267,102.08333333333334,79.62962962962963,59.539473684210535,32.42,-17.32133115111838,3.595,14.70134249472477,7.402,0,0,0.0,1952495.97,839,2026,1
Hibiscus,2026-02-09,2500000.0,NGN,NGN/MT,Gap-filled,wholesale,National,,,0.6,False,Weekly gap-fill,Interpolated,historical,True,IQR outlier (synthetic),,1600.0,896.8909090909091,1075.261304347826,24.2,26.1,1,0,0,0,0,0,0,0,1,1,0,0,1,0,0,0,0,0,0,0,0.8660254037844386,0.5000000000000001,0.7485107481711011,0.6631226582407953,1,1562.5,2425000.0,2350000.0,1320000.0,1200000.0,1300000.0,1655000.0,1515000.0,2306250.0,245267.71087935736,1768125.0,598557.4175823545,1587083.3333333333,547425.6210719962,1551346.1538461538,373029.64410970884,2500000.0,1950000.0,2500000.0,1200000.0,3.092783505154628,89.3939393939394,92.3076923076923,65.01650165016501,48.661,-0.09870585654749853,3.371,14.731801689838349,7.236,0,0,0.0,2012882.45,840,2026,1
Hibiscus,2026-02-16,2500000.0,NGN,NGN/MT,Gap-filled,wholesale,National,,,0.6,False,Weekly gap-fill,Interpolated,historical,True,IQR outlier (synthetic),,1600.0,896.8909090909091,1075.261304347826,24.2,26.1,1,0,0,0,0,0,0,0,1,1,0,0,1,0,0,0,0,0,0,0,0.8660254037844386,0.5000000000000001,0.8229838658936564,0.5680647467311559,1,1562.5,2500000.0,2425000.0,1950000.0,1200000.0,1260000.0,1640000.0,1520000.0,2443750.0,71807.03308172565,1930625.0,598751.3048002485,1690416.6666666667,595034.2172488652,1584423.076923077,416769.3053070902,2500000.0,2350000.0,2500000.0,1200000.0,0.0,28.205128205128215,98.41269841269842,64.4736842105263,54.236,-3.092783505154628,2.993,14.731801689838349,7.236,0,0,0.0,2012882.45,841,2026,1
Hibiscus,2026-02-23,2650000.0,NGN,NGN/MT,Agricom,wholesale,National,,,0.95,True,Scraped from @agricomeafrica social media posts,Agricome,historical,False,,2650000.0,1600.0,896.8909090909091,1075.261304347826,24.2,26.1,1,0,0,0,0,0,0,0,1,1,0,0,1,0,0,0,0,1,0,0,0.8660254037844386,0.5000000000000001,0.8854560256532099,0.4647231720437686,1,1656.25,2500000.0,2500000.0,2350000.0,1200000.0,1220000.0,1640000.0,1540000.0,2518750.0,94372.93044088458,2111875.0,564471.5448984121,1809583.3333333333,634165.372514906,1623269.2307692308,466285.19665048923,2650000.0,2425000.0,2650000.0,1200000.0,6.000000000000005,12.765957446808507,117.21311475409837,72.07792207792207,55.165,6.000000000000005,3.087,14.790070575320824,7.236,0,0,0.0,2133655.39,842,2026,1
Hibiscus,2026-03-02,2650000.0,NGN,NGN/MT,Agricom,wholesale,National,,,0.95,True,Scraped from @agricomeafrica social media posts,Agricome,historical,False,,2650000.0,1620.0,896.8909090909091,1075.261304347826,24.2,26.1,1,0,0,1,0,0,0,0,1,1,0,0,0,0,0,0,0,1,0,0,1.0,6.123233995736766e-17,0.9350162426854148,0.3546048870425355,0,1635.8,2650000.0,2500000.0,2425000.0,1200000.0,1220000.0,1610000.0,1550666.6666666667,2575000.0,86602.5403784441,2293125.0,451291.30202754214,1928750.0,647520.1822056483,1663269.2307692308,507856.16528244055,2650000.0,2500000.0,2650000.0,1200000.0,0.0,9.278350515463906,117.21311475409837,70.89423903697335,54.816,-6.000000000000005,2.781,14.790070575320824,7.236,0,0,0.0,2133655.39,843,2026,1
Hibiscus,2026-03-09,2550000.0,NGN,NGN/MT,Agricom,wholesale,National,1650.0,,0.95,True,Historical data from Instagram posts (March 2026),Agricome,historical,False,,,1620.0,896.8909090909091,1082.29875,24.2,26.1,1,0,0,1,0,0,0,0,1,1,0,0,0,0,0,0,0,1,0,0,1.0,6.123233995736766e-17,0.970941817426052,0.239315664287558,0,1574.07,2650000.0,2650000.0,2500000.0,1320000.0,1200000.0,1600000.0,1561333.3333333333,2587500.0,75000.00000000028,2446875.0,225371.71675763946,2041250.0,626324.505638759,1699807.6923076923,536489.4794294317,2650000.0,2500000.0,2650000.0,1200000.0,-3.7735849056603765,2.0000000000000018,112.5,63.32194705380019,52.223,-3.7735849056603765,2.314,14.751604309291395,7.258,0,0,0.0,2053140.1,844,2026,1
Hibiscus,2026-03-16,2550000.0,NGN,NGN/MT,Agricom,wholesale,National,1650.0,,0.95,True,Historical data from Agricom Instagram post,Agricome,historical,False,,,1620.0,1380.0,1200.0,24.2,26.1,1,0,0,1,0,0,0,0,1,1,0,0,0,0,0,0,0,1,0,0,1.0,6.123233995736766e-17,0.992708874098054,0.120536680255323,0,1574.07,2550000.0,2650000.0,2500000.0,1950000.0,1200000.0,1580000.0,1572000.0,2600000.0,57735.02691896294,2521875.0,103023.48899990841,2153750.0,581092.7206565225,1737115.3846153845,560992.2870716203,2650000.0,2550000.0,2650000.0,1200000.0,0.0,2.0000000000000018,112.5,62.213740458015266,49.673,3.7735849056603765,2.158,14.751604309291395,9.728,1,2,0.0,2053140.1,845,2026,1
Hibiscus,2026-03-23,2250000.0,NGN,NGN/MT,Agricom,wholesale,National,,,0.95,True,Scraped from @agricomeafrica social media posts,Agricome,historical,False,,2250000.0,1620.0,1450.0,1250.0,24.2,26.1,1,0,0,1,0,0,0,0,1,1,0,0,0,0,0,0,0,0,0,0,1.0,6.123233995736766e-17,1.0,-1.6081226496766364e-16,0,1388.89,2550000.0,2550000.0,2650000.0,2350000.0,1200000.0,1580000.0,1582666.6666666667,2500000.0,173205.08075688788,2509375.0,129516.61504003465,2241250.0,497457.7414670053,1762884.6153846155,568820.1351515674,2650000.0,2250000.0,2650000.0,1200000.0,-11.764705882352944,-15.094339622641506,87.5,42.16512215669754,41.813,-11.764705882352944,1.345,14.626441218624949,10.188,1,2,0.0,1811594.2,846,2026,1
Hibiscus,2026-03-30,2400000.0,NGN,NGN/MT,Agricom,wholesale,National,,,0.95,True,Scraped from @agricomeafrica social media posts,Agricome,historical,False,,2400000.0,1620.0,1420.0,1270.0,24.2,26.1,1,0,0,1,0,0,0,0,1,1,0,0,0,0,0,0,0,0,0,0,1.0,6.123233995736766e-17,0.992708874098054,-0.1205366802553228,0,1481.48,2250000.0,2550000.0,2650000.0,2425000.0,1200000.0,1570000.0,1593333.3333333333,2437500.0,143614.06616345092,2506250.0,132118.72366495637,2341250.0,374542.9032349106,1794807.6923076923,580727.9582889589,2550000.0,2250000.0,2650000.0,1320000.0,6.666666666666665,-9.433962264150942,100.0,50.62761506276152,35.808,18.43137254901961,1.634,14.690979711984754,10.119,1,2,0.0,1932367.15,847,2026,1
Hibiscus,2026-04-06,2550000.0,NGN,NGN/MT,Agricom,wholesale,National,,,0.95,True,Scraped from @agricomeafrica social media posts,Agricome,historical,False,,2550000.0,1640.0,1420.0,1260.0,24.2,26.1,0,1,1,1,0,0,0,0,1,0,0,0,0,0,0,0,0,0,0,0,0.8660254037844387,-0.4999999999999998,0.970941817426052,-0.2393156642875575,0,1554.88,2400000.0,2250000.0,2550000.0,2500000.0,1320000.0,1550000.0,1604000.0,2437500.0,143614.06616345092,2512500.0,132960.7890641876,2443750.0,194855.7158514965,1833269.2307692308,596759.48640586,2550000.0,2250000.0,2650000.0,1950000.0,6.25,0.0,93.18181818181819,58.97755610972568,32.959,-0.4166666666666652,1.883,14.751604309291395,10.088,1,2,0.333,2053140.1,848,2026,2
Hibiscus,2026-04-13,2325000.0,NGN,NGN/MT,Agricom,wholesale,National,,,0.95,True,Scraped from @agricomeafrica social media posts,Agricome,historical,False,,2325000.0,1640.0,1420.0,1260.0,25.8,27.8,0,1,1,1,0,0,0,0,1,0,0,0,0,0,0,0,0,0,0,0,0.8660254037844387,-0.4999999999999998,0.9350162426854148,-0.3546048870425354,0,1417.68,2550000.0,2400000.0,2550000.0,2500000.0,1950000.0,1550000.0,1614666.6666666667,2381250.0,128086.8845744952,2490625.0,148767.25590186633,2475000.0,126580.91196039936,1863076.923076923,601381.8702340097,2550000.0,2250000.0,2650000.0,2250000.0,-8.823529411764708,-8.823529411764708,19.23076923076923,43.99256812551609,27.813,-15.073529411764708,1.306,14.659231027111028,10.088,1,2,0.333,1848171.7,849,2026,2
