2026-04-11 15:39:04.534 | INFO     | __main__:run_cleaning:366 - ============================================================
2026-04-11 15:39:04.537 | INFO     | __main__:run_cleaning:367 - STEP 2 — DATA CLEANING & STANDARDIZATION
2026-04-11 15:39:04.538 | INFO     | __main__:run_cleaning:368 - ============================================================
2026-04-11 15:39:04.538 | INFO     | __main__:load_master:59 - Loading master dataset...
2026-04-11 15:39:04.669 | SUCCESS  | __main__:load_master:66 - Loaded: 7,637 rows | 11 commodities
2026-04-11 15:39:04.722 | INFO     | __main__:remove_duplicates:92 -   No duplicates found
2026-04-11 15:39:04.788 | INFO     | __main__:flag_hard_bound_outliers:117 -   Hard-bound outliers flagged: 4,572
2026-04-11 15:39:04.808 | WARNING  | __main__:flag_hard_bound_outliers:122 -     OUTLIER → Cashew Nuts | 2010-01-04 | ₦101,490/MT | Below hard floor 500,000
2026-04-11 15:39:04.808 | WARNING  | __main__:flag_hard_bound_outliers:122 -     OUTLIER → Cashew Nuts | 2010-01-11 | ₦99,585/MT | Below hard floor 500,000
2026-04-11 15:39:04.810 | WARNING  | __main__:flag_hard_bound_outliers:122 -     OUTLIER → Cashew Nuts | 2010-01-18 | ₦101,943/MT | Below hard floor 500,000
2026-04-11 15:39:04.811 | WARNING  | __main__:flag_hard_bound_outliers:122 -     OUTLIER → Cashew Nuts | 2010-01-25 | ₦104,569/MT | Below hard floor 500,000
2026-04-11 15:39:04.811 | WARNING  | __main__:flag_hard_bound_outliers:122 -     OUTLIER → Cashew Nuts | 2010-02-01 | ₦104,262/MT | Below hard floor 500,000
2026-04-11 15:39:04.812 | WARNING  | __main__:flag_hard_bound_outliers:122 -     OUTLIER → Cashew Nuts | 2010-02-08 | ₦104,262/MT | Below hard floor 500,000
2026-04-11 15:39:04.813 | WARNING  | __main__:flag_hard_bound_outliers:122 -     OUTLIER → Cashew Nuts | 2010-02-15 | ₦109,975/MT | Below hard floor 500,000
2026-04-11 15:39:04.813 | WARNING  | __main__:flag_hard_bound_outliers:122 -     OUTLIER → Cashew Nuts | 2010-02-22 | ₦107,417/MT | Below hard floor 500,000
2026-04-11 15:39:04.814 | WARNING  | __main__:flag_hard_bound_outliers:122 -     OUTLIER → Cashew Nuts | 2010-03-01 | ₦108,451/MT | Below hard floor 500,000
2026-04-11 15:39:04.815 | WARNING  | __main__:flag_hard_bound_outliers:122 -     OUTLIER → Cashew Nuts | 2010-03-08 | ₦111,790/MT | Below hard floor 500,000
2026-04-11 15:39:04.816 | WARNING  | __main__:flag_hard_bound_outliers:122 -     OUTLIER → Cashew Nuts | 2010-03-15 | ₦108,471/MT | Below hard floor 500,000
2026-04-11 15:39:04.816 | WARNING  | __main__:flag_hard_bound_outliers:122 -     OUTLIER → Cashew Nuts | 2010-03-22 | ₦108,463/MT | Below hard floor 500,000
2026-04-11 15:39:04.817 | WARNING  | __main__:flag_hard_bound_outliers:122 -     OUTLIER → Cashew Nuts | 2010-03-29 | ₦110,798/MT | Below hard floor 500,000
2026-04-11 15:39:04.818 | WARNING  | __main__:flag_hard_bound_outliers:122 -     OUTLIER → Cashew Nuts | 2010-04-05 | ₦98,973/MT | Below hard floor 500,000
2026-04-11 15:39:04.819 | WARNING  | __main__:flag_hard_bound_outliers:122 -     OUTLIER → Cashew Nuts | 2010-04-12 | ₦99,567/MT | Below hard floor 500,000
2026-04-11 15:39:04.819 | WARNING  | __main__:flag_hard_bound_outliers:122 -     OUTLIER → Cashew Nuts | 2010-04-19 | ₦103,229/MT | Below hard floor 500,000
2026-04-11 15:39:04.820 | WARNING  | __main__:flag_hard_bound_outliers:122 -     OUTLIER → Cashew Nuts | 2010-04-26 | ₦101,810/MT | Below hard floor 500,000
2026-04-11 15:39:04.822 | WARNING  | __main__:flag_hard_bound_outliers:122 -     OUTLIER → Cashew Nuts | 2010-05-03 | ₦95,896/MT | Below hard floor 500,000
2026-04-11 15:39:04.822 | WARNING  | __main__:flag_hard_bound_outliers:122 -     OUTLIER → Cashew Nuts | 2010-05-10 | ₦92,412/MT | Below hard floor 500,000
2026-04-11 15:39:04.823 | WARNING  | __main__:flag_hard_bound_outliers:122 -     OUTLIER → Cashew Nuts | 2010-05-17 | ₦90,975/MT | Below hard floor 500,000
2026-04-11 15:39:04.824 | WARNING  | __main__:flag_hard_bound_outliers:122 -     OUTLIER → Cashew Nuts | 2010-05-24 | ₦99,177/MT | Below hard floor 500,000
2026-04-11 15:39:04.824 | WARNING  | __main__:flag_hard_bound_outliers:122 -     OUTLIER → Cashew Nuts | 2010-05-31 | ₦94,357/MT | Below hard floor 500,000
2026-04-11 15:39:04.825 | WARNING  | __main__:flag_hard_bound_outliers:122 -     OUTLIER → Cashew Nuts | 2010-06-07 | ₦90,182/MT | Below hard floor 500,000
2026-04-11 15:39:04.826 | WARNING  | __main__:flag_hard_bound_outliers:122 -     OUTLIER → Cashew Nuts | 2010-06-14 | ₦86,153/MT | Below hard floor 500,000
2026-04-11 15:39:04.827 | WARNING  | __main__:flag_hard_bound_outliers:122 -     OUTLIER → Cashew Nuts | 2010-06-21 | ₦88,530/MT | Below hard floor 500,000
2026-04-11 15:39:04.827 | WARNING  | __main__:flag_hard_bound_outliers:122 -     OUTLIER → Cashew Nuts | 2010-06-28 | ₦90,299/MT | Below hard floor 500,000
2026-04-11 15:39:04.828 | WARNING  | __main__:flag_hard_bound_outliers:122 -     OUTLIER → Cashew Nuts | 2010-07-05 | ₦86,892/MT | Below hard floor 500,000
2026-04-11 15:39:04.829 | WARNING  | __main__:flag_hard_bound_outliers:122 -     OUTLIER → Cashew Nuts | 2010-07-12 | ₦91,014/MT | Below hard floor 500,000
2026-04-11 15:39:04.830 | WARNING  | __main__:flag_hard_bound_outliers:122 -     OUTLIER → Cashew Nuts | 2010-07-19 | ₦88,378/MT | Below hard floor 500,000
2026-04-11 15:39:04.830 | WARNING  | __main__:flag_hard_bound_outliers:122 -     OUTLIER → Cashew Nuts | 2010-07-26 | ₦89,212/MT | Below hard floor 500,000
2026-04-11 15:39:04.831 | WARNING  | __main__:flag_hard_bound_outliers:122 -     OUTLIER → Cashew Nuts | 2010-08-02 | ₦90,339/MT | Below hard floor 500,000
2026-04-11 15:39:04.832 | WARNING  | __main__:flag_hard_bound_outliers:122 -     OUTLIER → Cashew Nuts | 2010-08-09 | ₦97,112/MT | Below hard floor 500,000
2026-04-11 15:39:04.833 | WARNING  | __main__:flag_hard_bound_outliers:122 -     OUTLIER → Cashew Nuts | 2010-08-16 | ₦91,963/MT | Below hard floor 500,000
2026-04-11 15:39:04.833 | WARNING  | __main__:flag_hard_bound_outliers:122 -     OUTLIER → Cashew Nuts | 2010-08-23 | ₦89,081/MT | Below hard floor 500,000
2026-04-11 15:39:04.834 | WARNING  | __main__:flag_hard_bound_outliers:122 -     OUTLIER → Cashew Nuts | 2010-08-30 | ₦94,270/MT | Below hard floor 500,000
2026-04-11 15:39:04.836 | WARNING  | __main__:flag_hard_bound_outliers:122 -     OUTLIER → Cashew Nuts | 2010-09-06 | ₦91,521/MT | Below hard floor 500,000
2026-04-11 15:39:04.836 | WARNING  | __main__:flag_hard_bound_outliers:122 -     OUTLIER → Cashew Nuts | 2010-09-13 | ₦95,595/MT | Below hard floor 500,000
2026-04-11 15:39:04.837 | WARNING  | __main__:flag_hard_bound_outliers:122 -     OUTLIER → Cashew Nuts | 2010-09-20 | ₦89,415/MT | Below hard floor 500,000
2026-04-11 15:39:04.838 | WARNING  | __main__:flag_hard_bound_outliers:122 -     OUTLIER → Cashew Nuts | 2010-09-27 | ₦91,215/MT | Below hard floor 500,000
2026-04-11 15:39:04.839 | WARNING  | __main__:flag_hard_bound_outliers:122 -     OUTLIER → Cashew Nuts | 2010-10-04 | ₦98,579/MT | Below hard floor 500,000
2026-04-11 15:39:04.840 | WARNING  | __main__:flag_hard_bound_outliers:122 -     OUTLIER → Cashew Nuts | 2010-10-11 | ₦100,171/MT | Below hard floor 500,000
2026-04-11 15:39:04.840 | WARNING  | __main__:flag_hard_bound_outliers:122 -     OUTLIER → Cashew Nuts | 2010-10-18 | ₦98,504/MT | Below hard floor 500,000
2026-04-11 15:39:04.840 | WARNING  | __main__:flag_hard_bound_outliers:122 -     OUTLIER → Cashew Nuts | 2010-10-25 | ₦97,660/MT | Below hard floor 500,000
2026-04-11 15:39:04.840 | WARNING  | __main__:flag_hard_bound_outliers:122 -     OUTLIER → Cashew Nuts | 2010-11-01 | ₦99,097/MT | Below hard floor 500,000
2026-04-11 15:39:04.840 | WARNING  | __main__:flag_hard_bound_outliers:122 -     OUTLIER → Cashew Nuts | 2010-11-08 | ₦95,564/MT | Below hard floor 500,000
2026-04-11 15:39:04.840 | WARNING  | __main__:flag_hard_bound_outliers:122 -     OUTLIER → Cashew Nuts | 2010-11-15 | ₦97,840/MT | Below hard floor 500,000
2026-04-11 15:39:04.840 | WARNING  | __main__:flag_hard_bound_outliers:122 -     OUTLIER → Cashew Nuts | 2010-11-22 | ₦98,618/MT | Below hard floor 500,000
2026-04-11 15:39:04.840 | WARNING  | __main__:flag_hard_bound_outliers:122 -     OUTLIER → Cashew Nuts | 2010-11-29 | ₦103,171/MT | Below hard floor 500,000
2026-04-11 15:39:04.840 | WARNING  | __main__:flag_hard_bound_outliers:122 -     OUTLIER → Cashew Nuts | 2010-12-06 | ₦101,031/MT | Below hard floor 500,000
2026-04-11 15:39:04.840 | WARNING  | __main__:flag_hard_bound_outliers:122 -     OUTLIER → Cashew Nuts | 2010-12-13 | ₦94,711/MT | Below hard floor 500,000
2026-04-11 15:39:04.840 | WARNING  | __main__:flag_hard_bound_outliers:122 -     OUTLIER → Cashew Nuts | 2010-12-20 | ₦100,972/MT | Below hard floor 500,000
2026-04-11 15:39:04.840 | WARNING  | __main__:flag_hard_bound_outliers:122 -     OUTLIER → Cashew Nuts | 2010-12-27 | ₦98,845/MT | Below hard floor 500,000
2026-04-11 15:39:04.840 | WARNING  | __main__:flag_hard_bound_outliers:122 -     OUTLIER → Cashew Nuts | 2011-01-03 | ₦117,563/MT | Below hard floor 500,000
2026-04-11 15:39:04.840 | WARNING  | __main__:flag_hard_bound_outliers:122 -     OUTLIER → Cashew Nuts | 2011-01-10 | ₦122,202/MT | Below hard floor 500,000
2026-04-11 15:39:04.853 | WARNING  | __main__:flag_hard_bound_outliers:122 -     OUTLIER → Cashew Nuts | 2011-01-17 | ₦123,712/MT | Below hard floor 500,000
2026-04-11 15:39:04.853 | WARNING  | __main__:flag_hard_bound_outliers:122 -     OUTLIER → Cashew Nuts | 2011-01-24 | ₦123,353/MT | Below hard floor 500,000
2026-04-11 15:39:04.853 | WARNING  | __main__:flag_hard_bound_outliers:122 -     OUTLIER → Cashew Nuts | 2011-01-31 | ₦116,979/MT | Below hard floor 500,000
2026-04-11 15:39:04.853 | WARNING  | __main__:flag_hard_bound_outliers:122 -     OUTLIER → Cashew Nuts | 2011-02-07 | ₦124,831/MT | Below hard floor 500,000
2026-04-11 15:39:04.853 | WARNING  | __main__:flag_hard_bound_outliers:122 -     OUTLIER → Cashew Nuts | 2011-02-14 | ₦127,252/MT | Below hard floor 500,000
2026-04-11 15:39:04.853 | WARNING  | __main__:flag_hard_bound_outliers:122 -     OUTLIER → Cashew Nuts | 2011-02-21 | ₦129,688/MT | Below hard floor 500,000
2026-04-11 15:39:04.853 | WARNING  | __main__:flag_hard_bound_outliers:122 -     OUTLIER → Cashew Nuts | 2011-02-28 | ₦124,189/MT | Below hard floor 500,000
2026-04-11 15:39:04.853 | WARNING  | __main__:flag_hard_bound_outliers:122 -     OUTLIER → Cashew Nuts | 2011-03-07 | ₦131,265/MT | Below hard floor 500,000
2026-04-11 15:39:04.853 | WARNING  | __main__:flag_hard_bound_outliers:122 -     OUTLIER → Cashew Nuts | 2011-03-14 | ₦127,619/MT | Below hard floor 500,000
2026-04-11 15:39:04.853 | WARNING  | __main__:flag_hard_bound_outliers:122 -     OUTLIER → Cashew Nuts | 2011-03-21 | ₦127,263/MT | Below hard floor 500,000
2026-04-11 15:39:04.853 | WARNING  | __main__:flag_hard_bound_outliers:122 -     OUTLIER → Cashew Nuts | 2011-03-28 | ₦135,218/MT | Below hard floor 500,000
2026-04-11 15:39:04.853 | WARNING  | __main__:flag_hard_bound_outliers:122 -     OUTLIER → Cashew Nuts | 2011-04-04 | ₦131,127/MT | Below hard floor 500,000
2026-04-11 15:39:04.853 | WARNING  | __main__:flag_hard_bound_outliers:122 -     OUTLIER → Cashew Nuts | 2011-04-11 | ₦125,728/MT | Below hard floor 500,000
2026-04-11 15:39:04.853 | WARNING  | __main__:flag_hard_bound_outliers:122 -     OUTLIER → Cashew Nuts | 2011-04-18 | ₦129,793/MT | Below hard floor 500,000
2026-04-11 15:39:04.853 | WARNING  | __main__:flag_hard_bound_outliers:122 -     OUTLIER → Cashew Nuts | 2011-04-25 | ₦127,367/MT | Below hard floor 500,000
2026-04-11 15:39:04.853 | WARNING  | __main__:flag_hard_bound_outliers:122 -     OUTLIER → Cashew Nuts | 2011-05-02 | ₦111,794/MT | Below hard floor 500,000
2026-04-11 15:39:04.853 | WARNING  | __main__:flag_hard_bound_outliers:122 -     OUTLIER → Cashew Nuts | 2011-05-09 | ₦115,236/MT | Below hard floor 500,000
2026-04-11 15:39:04.868 | WARNING  | __main__:flag_hard_bound_outliers:122 -     OUTLIER → Cashew Nuts | 2011-05-16 | ₦119,260/MT | Below hard floor 500,000
2026-04-11 15:39:04.870 | WARNING  | __main__:flag_hard_bound_outliers:122 -     OUTLIER → Cashew Nuts | 2011-05-23 | ₦113,877/MT | Below hard floor 500,000
2026-04-11 15:39:04.872 | WARNING  | __main__:flag_hard_bound_outliers:122 -     OUTLIER → Cashew Nuts | 2011-05-30 | ₦119,351/MT | Below hard floor 500,000
2026-04-11 15:39:04.874 | WARNING  | __main__:flag_hard_bound_outliers:122 -     OUTLIER → Cashew Nuts | 2011-06-06 | ₦99,512/MT | Below hard floor 500,000
2026-04-11 15:39:04.874 | WARNING  | __main__:flag_hard_bound_outliers:122 -     OUTLIER → Cashew Nuts | 2011-06-13 | ₦110,663/MT | Below hard floor 500,000
2026-04-11 15:39:04.874 | WARNING  | __main__:flag_hard_bound_outliers:122 -     OUTLIER → Cashew Nuts | 2011-06-20 | ₦108,282/MT | Below hard floor 500,000
2026-04-11 15:39:04.874 | WARNING  | __main__:flag_hard_bound_outliers:122 -     OUTLIER → Cashew Nuts | 2011-06-27 | ₦107,031/MT | Below hard floor 500,000
2026-04-11 15:39:04.874 | WARNING  | __main__:flag_hard_bound_outliers:122 -     OUTLIER → Cashew Nuts | 2011-07-04 | ₦108,297/MT | Below hard floor 500,000
2026-04-11 15:39:04.874 | WARNING  | __main__:flag_hard_bound_outliers:122 -     OUTLIER → Cashew Nuts | 2011-07-11 | ₦101,560/MT | Below hard floor 500,000
2026-04-11 15:39:04.874 | WARNING  | __main__:flag_hard_bound_outliers:122 -     OUTLIER → Cashew Nuts | 2011-07-18 | ₦107,288/MT | Below hard floor 500,000
2026-04-11 15:39:04.874 | WARNING  | __main__:flag_hard_bound_outliers:122 -     OUTLIER → Cashew Nuts | 2011-07-25 | ₦109,157/MT | Below hard floor 500,000
2026-04-11 15:39:04.874 | WARNING  | __main__:flag_hard_bound_outliers:122 -     OUTLIER → Cashew Nuts | 2011-08-01 | ₦115,295/MT | Below hard floor 500,000
2026-04-11 15:39:04.874 | WARNING  | __main__:flag_hard_bound_outliers:122 -     OUTLIER → Cashew Nuts | 2011-08-08 | ₦108,683/MT | Below hard floor 500,000
2026-04-11 15:39:04.874 | WARNING  | __main__:flag_hard_bound_outliers:122 -     OUTLIER → Cashew Nuts | 2011-08-15 | ₦107,722/MT | Below hard floor 500,000
2026-04-11 15:39:04.885 | WARNING  | __main__:flag_hard_bound_outliers:122 -     OUTLIER → Cashew Nuts | 2011-08-22 | ₦108,738/MT | Below hard floor 500,000
2026-04-11 15:39:04.886 | WARNING  | __main__:flag_hard_bound_outliers:122 -     OUTLIER → Cashew Nuts | 2011-08-29 | ₦113,432/MT | Below hard floor 500,000
2026-04-11 15:39:04.887 | WARNING  | __main__:flag_hard_bound_outliers:122 -     OUTLIER → Cashew Nuts | 2011-09-05 | ₦115,124/MT | Below hard floor 500,000
2026-04-11 15:39:04.888 | WARNING  | __main__:flag_hard_bound_outliers:122 -     OUTLIER → Cashew Nuts | 2011-09-12 | ₦112,188/MT | Below hard floor 500,000
2026-04-11 15:39:04.889 | WARNING  | __main__:flag_hard_bound_outliers:122 -     OUTLIER → Cashew Nuts | 2011-09-19 | ₦115,755/MT | Below hard floor 500,000
2026-04-11 15:39:04.889 | WARNING  | __main__:flag_hard_bound_outliers:122 -     OUTLIER → Cashew Nuts | 2011-09-26 | ₦114,332/MT | Below hard floor 500,000
2026-04-11 15:39:04.890 | WARNING  | __main__:flag_hard_bound_outliers:122 -     OUTLIER → Cashew Nuts | 2011-10-03 | ₦121,017/MT | Below hard floor 500,000
2026-04-11 15:39:04.890 | WARNING  | __main__:flag_hard_bound_outliers:122 -     OUTLIER → Cashew Nuts | 2011-10-10 | ₦115,123/MT | Below hard floor 500,000
2026-04-11 15:39:04.890 | WARNING  | __main__:flag_hard_bound_outliers:122 -     OUTLIER → Cashew Nuts | 2011-10-17 | ₦116,444/MT | Below hard floor 500,000
2026-04-11 15:39:04.890 | WARNING  | __main__:flag_hard_bound_outliers:122 -     OUTLIER → Cashew Nuts | 2011-10-24 | ₦116,217/MT | Below hard floor 500,000
2026-04-11 15:39:04.890 | WARNING  | __main__:flag_hard_bound_outliers:122 -     OUTLIER → Cashew Nuts | 2011-10-31 | ₦112,437/MT | Below hard floor 500,000
2026-04-11 15:39:04.890 | WARNING  | __main__:flag_hard_bound_outliers:122 -     OUTLIER → Cashew Nuts | 2011-11-07 | ₦121,066/MT | Below hard floor 500,000
2026-04-11 15:39:04.890 | WARNING  | __main__:flag_hard_bound_outliers:122 -     OUTLIER → Cashew Nuts | 2011-11-14 | ₦120,940/MT | Below hard floor 500,000
2026-04-11 15:39:04.890 | WARNING  | __main__:flag_hard_bound_outliers:122 -     OUTLIER → Cashew Nuts | 2011-11-21 | ₦120,018/MT | Below hard floor 500,000
2026-04-11 15:39:04.890 | WARNING  | __main__:flag_hard_bound_outliers:122 -     OUTLIER → Cashew Nuts | 2011-11-28 | ₦119,155/MT | Below hard floor 500,000
2026-04-11 15:39:04.890 | WARNING  | __main__:flag_hard_bound_outliers:122 -     OUTLIER → Cashew Nuts | 2011-12-05 | ₦114,905/MT | Below hard floor 500,000
2026-04-11 15:39:04.890 | WARNING  | __main__:flag_hard_bound_outliers:122 -     OUTLIER → Cashew Nuts | 2011-12-12 | ₦118,486/MT | Below hard floor 500,000
2026-04-11 15:39:04.890 | WARNING  | __main__:flag_hard_bound_outliers:122 -     OUTLIER → Cashew Nuts | 2011-12-19 | ₦118,766/MT | Below hard floor 500,000
2026-04-11 15:39:04.902 | WARNING  | __main__:flag_hard_bound_outliers:122 -     OUTLIER → Cashew Nuts | 2011-12-26 | ₦117,112/MT | Below hard floor 500,000
2026-04-11 15:39:04.904 | WARNING  | __main__:flag_hard_bound_outliers:122 -     OUTLIER → Cashew Nuts | 2012-01-02 | ₦139,323/MT | Below hard floor 500,000
2026-04-11 15:39:04.904 | WARNING  | __main__:flag_hard_bound_outliers:122 -     OUTLIER → Cashew Nuts | 2012-01-09 | ₦141,697/MT | Below hard floor 500,000
2026-04-11 15:39:04.906 | WARNING  | __main__:flag_hard_bound_outliers:122 -     OUTLIER → Cashew Nuts | 2012-01-16 | ₦147,922/MT | Below hard floor 500,000
2026-04-11 15:39:04.907 | WARNING  | __main__:flag_hard_bound_outliers:122 -     OUTLIER → Cashew Nuts | 2012-01-23 | ₦140,733/MT | Below hard floor 500,000
2026-04-11 15:39:04.908 | WARNING  | __main__:flag_hard_bound_outliers:122 -     OUTLIER → Cashew Nuts | 2012-01-30 | ₦141,082/MT | Below hard floor 500,000
2026-04-11 15:39:04.909 | WARNING  | __main__:flag_hard_bound_outliers:122 -     OUTLIER → Cashew Nuts | 2012-02-06 | ₦146,672/MT | Below hard floor 500,000
2026-04-11 15:39:04.909 | WARNING  | __main__:flag_hard_bound_outliers:122 -     OUTLIER → Cashew Nuts | 2012-02-13 | ₦138,538/MT | Below hard floor 500,000
2026-04-11 15:39:04.910 | WARNING  | __main__:flag_hard_bound_outliers:122 -     OUTLIER → Cashew Nuts | 2012-02-20 | ₦146,883/MT | Below hard floor 500,000
2026-04-11 15:39:04.911 | WARNING  | __main__:flag_hard_bound_outliers:122 -     OUTLIER → Cashew Nuts | 2012-02-27 | ₦147,266/MT | Below hard floor 500,000
2026-04-11 15:39:04.912 | WARNING  | __main__:flag_hard_bound_outliers:122 -     OUTLIER → Cashew Nuts | 2012-03-05 | ₦165,380/MT | Below hard floor 500,000
2026-04-11 15:39:04.913 | WARNING  | __main__:flag_hard_bound_outliers:122 -     OUTLIER → Cashew Nuts | 2012-03-12 | ₦153,111/MT | Below hard floor 500,000
2026-04-11 15:39:04.914 | WARNING  | __main__:flag_hard_bound_outliers:122 -     OUTLIER → Cashew Nuts | 2012-03-19 | ₦155,393/MT | Below hard floor 500,000
2026-04-11 15:39:04.914 | WARNING  | __main__:flag_hard_bound_outliers:122 -     OUTLIER → Cashew Nuts | 2012-03-26 | ₦153,840/MT | Below hard floor 500,000
2026-04-11 15:39:04.914 | WARNING  | __main__:flag_hard_bound_outliers:122 -     OUTLIER → Cashew Nuts | 2012-04-02 | ₦141,846/MT | Below hard floor 500,000
2026-04-11 15:39:04.914 | WARNING  | __main__:flag_hard_bound_outliers:122 -     OUTLIER → Cashew Nuts | 2012-04-09 | ₦152,040/MT | Below hard floor 500,000
2026-04-11 15:39:04.918 | WARNING  | __main__:flag_hard_bound_outliers:122 -     OUTLIER → Cashew Nuts | 2012-04-16 | ₦150,316/MT | Below hard floor 500,000
2026-04-11 15:39:04.919 | WARNING  | __main__:flag_hard_bound_outliers:122 -     OUTLIER → Cashew Nuts | 2012-04-23 | ₦150,488/MT | Below hard floor 500,000
2026-04-11 15:39:04.920 | WARNING  | __main__:flag_hard_bound_outliers:122 -     OUTLIER → Cashew Nuts | 2012-04-30 | ₦142,990/MT | Below hard floor 500,000
2026-04-11 15:39:04.920 | WARNING  | __main__:flag_hard_bound_outliers:122 -     OUTLIER → Cashew Nuts | 2012-05-07 | ₦138,597/MT | Below hard floor 500,000
2026-04-11 15:39:04.922 | WARNING  | __main__:flag_hard_bound_outliers:122 -     OUTLIER → Cashew Nuts | 2012-05-14 | ₦127,407/MT | Below hard floor 500,000
2026-04-11 15:39:04.923 | WARNING  | __main__:flag_hard_bound_outliers:122 -     OUTLIER → Cashew Nuts | 2012-05-21 | ₦135,342/MT | Below hard floor 500,000
2026-04-11 15:39:04.924 | WARNING  | __main__:flag_hard_bound_outliers:122 -     OUTLIER → Cashew Nuts | 2012-05-28 | ₦141,740/MT | Below hard floor 500,000
2026-04-11 15:39:04.924 | WARNING  | __main__:flag_hard_bound_outliers:122 -     OUTLIER → Cashew Nuts | 2012-06-04 | ₦122,256/MT | Below hard floor 500,000
2026-04-11 15:39:04.925 | WARNING  | __main__:flag_hard_bound_outliers:122 -     OUTLIER → Cashew Nuts | 2012-06-11 | ₦123,859/MT | Below hard floor 500,000
2026-04-11 15:39:04.926 | WARNING  | __main__:flag_hard_bound_outliers:122 -     OUTLIER → Cashew Nuts | 2012-06-18 | ₦126,377/MT | Below hard floor 500,000
2026-04-11 15:39:04.927 | WARNING  | __main__:flag_hard_bound_outliers:122 -     OUTLIER → Cashew Nuts | 2012-06-25 | ₦124,097/MT | Below hard floor 500,000
2026-04-11 15:39:04.928 | WARNING  | __main__:flag_hard_bound_outliers:122 -     OUTLIER → Cashew Nuts | 2012-07-02 | ₦120,138/MT | Below hard floor 500,000
2026-04-11 15:39:04.929 | WARNING  | __main__:flag_hard_bound_outliers:122 -     OUTLIER → Cashew Nuts | 2012-07-09 | ₦126,259/MT | Below hard floor 500,000
2026-04-11 15:39:04.930 | WARNING  | __main__:flag_hard_bound_outliers:122 -     OUTLIER → Cashew Nuts | 2012-07-16 | ₦121,984/MT | Below hard floor 500,000
2026-04-11 15:39:04.931 | WARNING  | __main__:flag_hard_bound_outliers:122 -     OUTLIER → Cashew Nuts | 2012-07-23 | ₦127,790/MT | Below hard floor 500,000
2026-04-11 15:39:04.932 | WARNING  | __main__:flag_hard_bound_outliers:122 -     OUTLIER → Cashew Nuts | 2012-07-30 | ₦122,525/MT | Below hard floor 500,000
2026-04-11 15:39:04.933 | WARNING  | __main__:flag_hard_bound_outliers:122 -     OUTLIER → Cashew Nuts | 2012-08-06 | ₦134,789/MT | Below hard floor 500,000
2026-04-11 15:39:04.934 | WARNING  | __main__:flag_hard_bound_outliers:122 -     OUTLIER → Cashew Nuts | 2012-08-13 | ₦125,774/MT | Below hard floor 500,000
2026-04-11 15:39:04.935 | WARNING  | __main__:flag_hard_bound_outliers:122 -     OUTLIER → Cashew Nuts | 2012-08-20 | ₦127,556/MT | Below hard floor 500,000
2026-04-11 15:39:04.935 | WARNING  | __main__:flag_hard_bound_outliers:122 -     OUTLIER → Cashew Nuts | 2012-08-27 | ₦131,943/MT | Below hard floor 500,000
2026-04-11 15:39:04.936 | WARNING  | __main__:flag_hard_bound_outliers:122 -     OUTLIER → Cashew Nuts | 2012-09-03 | ₦128,089/MT | Below hard floor 500,000
2026-04-11 15:39:04.937 | WARNING  | __main__:flag_hard_bound_outliers:122 -     OUTLIER → Cashew Nuts | 2012-09-10 | ₦133,908/MT | Below hard floor 500,000
2026-04-11 15:39:04.938 | WARNING  | __main__:flag_hard_bound_outliers:122 -     OUTLIER → Cashew Nuts | 2012-09-17 | ₦138,216/MT | Below hard floor 500,000
2026-04-11 15:39:04.939 | WARNING  | __main__:flag_hard_bound_outliers:122 -     OUTLIER → Cashew Nuts | 2012-09-24 | ₦126,586/MT | Below hard floor 500,000
2026-04-11 15:39:04.940 | WARNING  | __main__:flag_hard_bound_outliers:122 -     OUTLIER → Cashew Nuts | 2012-10-01 | ₦137,960/MT | Below hard floor 500,000
2026-04-11 15:39:04.940 | WARNING  | __main__:flag_hard_bound_outliers:122 -     OUTLIER → Cashew Nuts | 2012-10-08 | ₦138,270/MT | Below hard floor 500,000
2026-04-11 15:39:04.941 | WARNING  | __main__:flag_hard_bound_outliers:122 -     OUTLIER → Cashew Nuts | 2012-10-15 | ₦140,418/MT | Below hard floor 500,000
2026-04-11 15:39:04.942 | WARNING  | __main__:flag_hard_bound_outliers:122 -     OUTLIER → Cashew Nuts | 2012-10-22 | ₦132,109/MT | Below hard floor 500,000
2026-04-11 15:39:04.943 | WARNING  | __main__:flag_hard_bound_outliers:122 -     OUTLIER → Cashew Nuts | 2012-10-29 | ₦131,765/MT | Below hard floor 500,000
2026-04-11 15:39:04.944 | WARNING  | __main__:flag_hard_bound_outliers:122 -     OUTLIER → Cashew Nuts | 2012-11-05 | ₦142,192/MT | Below hard floor 500,000
2026-04-11 15:39:04.945 | WARNING  | __main__:flag_hard_bound_outliers:122 -     OUTLIER → Cashew Nuts | 2012-11-12 | ₦141,247/MT | Below hard floor 500,000
2026-04-11 15:39:04.945 | WARNING  | __main__:flag_hard_bound_outliers:122 -     OUTLIER → Cashew Nuts | 2012-11-19 | ₦141,052/MT | Below hard floor 500,000
2026-04-11 15:39:04.946 | WARNING  | __main__:flag_hard_bound_outliers:122 -     OUTLIER → Cashew Nuts | 2012-11-26 | ₦141,455/MT | Below hard floor 500,000
2026-04-11 15:39:04.947 | WARNING  | __main__:flag_hard_bound_outliers:122 -     OUTLIER → Cashew Nuts | 2012-12-03 | ₦137,144/MT | Below hard floor 500,000
2026-04-11 15:39:04.948 | WARNING  | __main__:flag_hard_bound_outliers:122 -     OUTLIER → Cashew Nuts | 2012-12-10 | ₦140,975/MT | Below hard floor 500,000
2026-04-11 15:39:04.949 | WARNING  | __main__:flag_hard_bound_outliers:122 -     OUTLIER → Cashew Nuts | 2012-12-17 | ₦141,231/MT | Below hard floor 500,000
2026-04-11 15:39:04.950 | WARNING  | __main__:flag_hard_bound_outliers:122 -     OUTLIER → Cashew Nuts | 2012-12-24 | ₦137,000/MT | Below hard floor 500,000
2026-04-11 15:39:04.950 | WARNING  | __main__:flag_hard_bound_outliers:122 -     OUTLIER → Cashew Nuts | 2012-12-31 | ₦147,836/MT | Below hard floor 500,000
2026-04-11 15:39:04.952 | WARNING  | __main__:flag_hard_bound_outliers:122 -     OUTLIER → Cashew Nuts | 2013-01-07 | ₦162,274/MT | Below hard floor 500,000
2026-04-11 15:39:04.954 | WARNING  | __main__:flag_hard_bound_outliers:122 -     OUTLIER → Cashew Nuts | 2013-01-14 | ₦154,282/MT | Below hard floor 500,000
2026-04-11 15:39:04.955 | WARNING  | __main__:flag_hard_bound_outliers:122 -     OUTLIER → Cashew Nuts | 2013-01-21 | ₦163,151/MT | Below hard floor 500,000
2026-04-11 15:39:04.956 | WARNING  | __main__:flag_hard_bound_outliers:122 -     OUTLIER → Cashew Nuts | 2013-01-28 | ₦155,322/MT | Below hard floor 500,000
2026-04-11 15:39:04.957 | WARNING  | __main__:flag_hard_bound_outliers:122 -     OUTLIER → Cashew Nuts | 2013-02-04 | ₦171,967/MT | Below hard floor 500,000
2026-04-11 15:39:04.957 | WARNING  | __main__:flag_hard_bound_outliers:122 -     OUTLIER → Cashew Nuts | 2013-02-11 | ₦173,839/MT | Below hard floor 500,000
2026-04-11 15:39:04.958 | WARNING  | __main__:flag_hard_bound_outliers:122 -     OUTLIER → Cashew Nuts | 2013-02-18 | ₦163,864/MT | Below hard floor 500,000
2026-04-11 15:39:04.959 | WARNING  | __main__:flag_hard_bound_outliers:122 -     OUTLIER → Cashew Nuts | 2013-02-25 | ₦172,855/MT | Below hard floor 500,000
2026-04-11 15:39:04.959 | WARNING  | __main__:flag_hard_bound_outliers:122 -     OUTLIER → Cashew Nuts | 2013-03-04 | ₦178,179/MT | Below hard floor 500,000
2026-04-11 15:39:04.960 | WARNING  | __main__:flag_hard_bound_outliers:122 -     OUTLIER → Cashew Nuts | 2013-03-11 | ₦180,340/MT | Below hard floor 500,000
2026-04-11 15:39:04.961 | WARNING  | __main__:flag_hard_bound_outliers:122 -     OUTLIER → Cashew Nuts | 2013-03-18 | ₦186,015/MT | Below hard floor 500,000
2026-04-11 15:39:04.961 | WARNING  | __main__:flag_hard_bound_outliers:122 -     OUTLIER → Cashew Nuts | 2013-03-25 | ₦174,704/MT | Below hard floor 500,000
2026-04-11 15:39:04.962 | WARNING  | __main__:flag_hard_bound_outliers:122 -     OUTLIER → Cashew Nuts | 2013-04-01 | ₦164,201/MT | Below hard floor 500,000
2026-04-11 15:39:04.963 | WARNING  | __main__:flag_hard_bound_outliers:122 -     OUTLIER → Cashew Nuts | 2013-04-08 | ₦163,517/MT | Below hard floor 500,000
2026-04-11 15:39:04.964 | WARNING  | __main__:flag_hard_bound_outliers:122 -     OUTLIER → Cashew Nuts | 2013-04-15 | ₦163,888/MT | Below hard floor 500,000
2026-04-11 15:39:04.965 | WARNING  | __main__:flag_hard_bound_outliers:122 -     OUTLIER → Cashew Nuts | 2013-04-22 | ₦167,611/MT | Below hard floor 500,000
2026-04-11 15:39:04.966 | WARNING  | __main__:flag_hard_bound_outliers:122 -     OUTLIER → Cashew Nuts | 2013-04-29 | ₦169,719/MT | Below hard floor 500,000
2026-04-11 15:39:04.967 | WARNING  | __main__:flag_hard_bound_outliers:122 -     OUTLIER → Cashew Nuts | 2013-05-06 | ₦153,262/MT | Below hard floor 500,000
2026-04-11 15:39:04.968 | WARNING  | __main__:flag_hard_bound_outliers:122 -     OUTLIER → Cashew Nuts | 2013-05-13 | ₦155,772/MT | Below hard floor 500,000
2026-04-11 15:39:04.968 | WARNING  | __main__:flag_hard_bound_outliers:122 -     OUTLIER → Cashew Nuts | 2013-05-20 | ₦152,059/MT | Below hard floor 500,000
2026-04-11 15:39:04.969 | WARNING  | __main__:flag_hard_bound_outliers:122 -     OUTLIER → Cashew Nuts | 2013-05-27 | ₦158,628/MT | Below hard floor 500,000
2026-04-11 15:39:04.970 | WARNING  | __main__:flag_hard_bound_outliers:122 -     OUTLIER → Cashew Nuts | 2013-06-03 | ₦142,857/MT | Below hard floor 500,000
2026-04-11 15:39:04.970 | WARNING  | __main__:flag_hard_bound_outliers:122 -     OUTLIER → Cashew Nuts | 2013-06-10 | ₦155,751/MT | Below hard floor 500,000
2026-04-11 15:39:04.971 | WARNING  | __main__:flag_hard_bound_outliers:122 -     OUTLIER → Cashew Nuts | 2013-06-17 | ₦146,703/MT | Below hard floor 500,000
2026-04-11 15:39:04.972 | WARNING  | __main__:flag_hard_bound_outliers:122 -     OUTLIER → Cashew Nuts | 2013-06-24 | ₦140,297/MT | Below hard floor 500,000
2026-04-11 15:39:04.973 | WARNING  | __main__:flag_hard_bound_outliers:122 -     OUTLIER → Cashew Nuts | 2013-07-01 | ₦139,374/MT | Below hard floor 500,000
2026-04-11 15:39:04.974 | WARNING  | __main__:flag_hard_bound_outliers:122 -     OUTLIER → Cashew Nuts | 2013-07-08 | ₦146,084/MT | Below hard floor 500,000
2026-04-11 15:39:04.975 | WARNING  | __main__:flag_hard_bound_outliers:122 -     OUTLIER → Cashew Nuts | 2013-07-15 | ₦143,035/MT | Below hard floor 500,000
2026-04-11 15:39:04.976 | WARNING  | __main__:flag_hard_bound_outliers:122 -     OUTLIER → Cashew Nuts | 2013-07-22 | ₦147,084/MT | Below hard floor 500,000
2026-04-11 15:39:04.977 | WARNING  | __main__:flag_hard_bound_outliers:122 -     OUTLIER → Cashew Nuts | 2013-07-29 | ₦146,044/MT | Below hard floor 500,000
2026-04-11 15:39:04.978 | WARNING  | __main__:flag_hard_bound_outliers:122 -     OUTLIER → Cashew Nuts | 2013-08-05 | ₦146,878/MT | Below hard floor 500,000
2026-04-11 15:39:04.978 | WARNING  | __main__:flag_hard_bound_outliers:122 -     OUTLIER → Cashew Nuts | 2013-08-12 | ₦143,461/MT | Below hard floor 500,000
2026-04-11 15:39:04.979 | WARNING  | __main__:flag_hard_bound_outliers:122 -     OUTLIER → Cashew Nuts | 2013-08-19 | ₦140,510/MT | Below hard floor 500,000
2026-04-11 15:39:04.980 | WARNING  | __main__:flag_hard_bound_outliers:122 -     OUTLIER → Cashew Nuts | 2013-08-26 | ₦145,228/MT | Below hard floor 500,000
2026-04-11 15:39:04.981 | WARNING  | __main__:flag_hard_bound_outliers:122 -     OUTLIER → Cashew Nuts | 2013-09-02 | ₦155,905/MT | Below hard floor 500,000
2026-04-11 15:39:04.982 | WARNING  | __main__:flag_hard_bound_outliers:122 -     OUTLIER → Cashew Nuts | 2013-09-09 | ₦152,976/MT | Below hard floor 500,000
2026-04-11 15:39:04.982 | WARNING  | __main__:flag_hard_bound_outliers:122 -     OUTLIER → Cashew Nuts | 2013-09-16 | ₦146,319/MT | Below hard floor 500,000
2026-04-11 15:39:04.983 | WARNING  | __main__:flag_hard_bound_outliers:122 -     OUTLIER → Cashew Nuts | 2013-09-23 | ₦152,790/MT | Below hard floor 500,000
2026-04-11 15:39:04.984 | WARNING  | __main__:flag_hard_bound_outliers:122 -     OUTLIER → Cashew Nuts | 2013-09-30 | ₦153,757/MT | Below hard floor 500,000
2026-04-11 15:39:04.985 | WARNING  | __main__:flag_hard_bound_outliers:122 -     OUTLIER → Cashew Nuts | 2013-10-07 | ₦152,642/MT | Below hard floor 500,000
2026-04-11 15:39:04.985 | WARNING  | __main__:flag_hard_bound_outliers:122 -     OUTLIER → Cashew Nuts | 2013-10-14 | ₦157,523/MT | Below hard floor 500,000
2026-04-11 15:39:04.985 | WARNING  | __main__:flag_hard_bound_outliers:122 -     OUTLIER → Cashew Nuts | 2013-10-21 | ₦157,074/MT | Below hard floor 500,000
2026-04-11 15:39:04.985 | WARNING  | __main__:flag_hard_bound_outliers:122 -     OUTLIER → Cashew Nuts | 2013-10-28 | ₦151,423/MT | Below hard floor 500,000
2026-04-11 15:39:04.985 | WARNING  | __main__:flag_hard_bound_outliers:122 -     OUTLIER → Cashew Nuts | 2013-11-04 | ₦161,717/MT | Below hard floor 500,000
2026-04-11 15:39:04.985 | WARNING  | __main__:flag_hard_bound_outliers:122 -     OUTLIER → Cashew Nuts | 2013-11-11 | ₦162,692/MT | Below hard floor 500,000
2026-04-11 15:39:04.991 | WARNING  | __main__:flag_hard_bound_outliers:122 -     OUTLIER → Cashew Nuts | 2013-11-18 | ₦165,199/MT | Below hard floor 500,000
2026-04-11 15:39:04.991 | WARNING  | __main__:flag_hard_bound_outliers:122 -     OUTLIER → Cashew Nuts | 2013-11-25 | ₦165,058/MT | Below hard floor 500,000
2026-04-11 15:39:04.991 | WARNING  | __main__:flag_hard_bound_outliers:122 -     OUTLIER → Cashew Nuts | 2013-12-02 | ₦153,387/MT | Below hard floor 500,000
2026-04-11 15:39:04.991 | WARNING  | __main__:flag_hard_bound_outliers:122 -     OUTLIER → Cashew Nuts | 2013-12-09 | ₦155,498/MT | Below hard floor 500,000
2026-04-11 15:39:04.991 | WARNING  | __main__:flag_hard_bound_outliers:122 -     OUTLIER → Cashew Nuts | 2013-12-16 | ₦162,472/MT | Below hard floor 500,000
2026-04-11 15:39:04.991 | WARNING  | __main__:flag_hard_bound_outliers:122 -     OUTLIER → Cashew Nuts | 2013-12-23 | ₦162,466/MT | Below hard floor 500,000
2026-04-11 15:39:04.991 | WARNING  | __main__:flag_hard_bound_outliers:122 -     OUTLIER → Cashew Nuts | 2013-12-30 | ₦162,472/MT | Below hard floor 500,000
2026-04-11 15:39:04.991 | WARNING  | __main__:flag_hard_bound_outliers:122 -     OUTLIER → Cashew Nuts | 2014-01-06 | ₦200,805/MT | Below hard floor 500,000
2026-04-11 15:39:04.991 | WARNING  | __main__:flag_hard_bound_outliers:122 -     OUTLIER → Cashew Nuts | 2014-01-13 | ₦183,083/MT | Below hard floor 500,000
2026-04-11 15:39:04.991 | WARNING  | __main__:flag_hard_bound_outliers:122 -     OUTLIER → Cashew Nuts | 2014-01-20 | ₦186,132/MT | Below hard floor 500,000
2026-04-11 15:39:04.991 | WARNING  | __main__:flag_hard_bound_outliers:122 -     OUTLIER → Cashew Nuts | 2014-01-27 | ₦185,152/MT | Below hard floor 500,000
2026-04-11 15:39:05.002 | WARNING  | __main__:flag_hard_bound_outliers:122 -     OUTLIER → Cashew Nuts | 2014-02-03 | ₦192,693/MT | Below hard floor 500,000
2026-04-11 15:39:05.003 | WARNING  | __main__:flag_hard_bound_outliers:122 -     OUTLIER → Cashew Nuts | 2014-02-10 | ₦187,212/MT | Below hard floor 500,000
2026-04-11 15:39:05.003 | WARNING  | __main__:flag_hard_bound_outliers:122 -     OUTLIER → Cashew Nuts | 2014-02-17 | ₦193,303/MT | Below hard floor 500,000
2026-04-11 15:39:05.004 | WARNING  | __main__:flag_hard_bound_outliers:122 -     OUTLIER → Cashew Nuts | 2014-02-24 | ₦184,618/MT | Below hard floor 500,000
2026-04-11 15:39:05.005 | WARNING  | __main__:flag_hard_bound_outliers:122 -     OUTLIER → Cashew Nuts | 2014-03-03 | ₦196,593/MT | Below hard floor 500,000
2026-04-11 15:39:05.006 | WARNING  | __main__:flag_hard_bound_outliers:122 -     OUTLIER → Cashew Nuts | 2014-03-10 | ₦195,117/MT | Below hard floor 500,000
2026-04-11 15:39:05.006 | WARNING  | __main__:flag_hard_bound_outliers:122 -     OUTLIER → Cashew Nuts | 2014-03-17 | ₦198,486/MT | Below hard floor 500,000
2026-04-11 15:39:05.007 | WARNING  | __main__:flag_hard_bound_outliers:122 -     OUTLIER → Cashew Nuts | 2014-03-24 | ₦211,749/MT | Below hard floor 500,000
2026-04-11 15:39:05.008 | WARNING  | __main__:flag_hard_bound_outliers:122 -     OUTLIER → Cashew Nuts | 2014-03-31 | ₦186,908/MT | Below hard floor 500,000
2026-04-11 15:39:05.009 | WARNING  | __main__:flag_hard_bound_outliers:122 -     OUTLIER → Cashew Nuts | 2014-04-07 | ₦192,891/MT | Below hard floor 500,000
2026-04-11 15:39:05.010 | WARNING  | __main__:flag_hard_bound_outliers:122 -     OUTLIER → Cashew Nuts | 2014-04-14 | ₦179,856/MT | Below hard floor 500,000
2026-04-11 15:39:05.011 | WARNING  | __main__:flag_hard_bound_outliers:122 -     OUTLIER → Cashew Nuts | 2014-04-21 | ₦186,324/MT | Below hard floor 500,000
2026-04-11 15:39:05.012 | WARNING  | __main__:flag_hard_bound_outliers:122 -     OUTLIER → Cashew Nuts | 2014-04-28 | ₦195,174/MT | Below hard floor 500,000
2026-04-11 15:39:05.013 | WARNING  | __main__:flag_hard_bound_outliers:122 -     OUTLIER → Cashew Nuts | 2014-05-05 | ₦171,330/MT | Below hard floor 500,000
2026-04-11 15:39:05.014 | WARNING  | __main__:flag_hard_bound_outliers:122 -     OUTLIER → Cashew Nuts | 2014-05-12 | ₦165,471/MT | Below hard floor 500,000
2026-04-11 15:39:05.015 | WARNING  | __main__:flag_hard_bound_outliers:122 -     OUTLIER → Cashew Nuts | 2014-05-19 | ₦167,330/MT | Below hard floor 500,000
2026-04-11 15:39:05.015 | WARNING  | __main__:flag_hard_bound_outliers:122 -     OUTLIER → Cashew Nuts | 2014-05-26 | ₦174,486/MT | Below hard floor 500,000
2026-04-11 15:39:05.016 | WARNING  | __main__:flag_hard_bound_outliers:122 -     OUTLIER → Cashew Nuts | 2014-06-02 | ₦158,450/MT | Below hard floor 500,000
2026-04-11 15:39:05.017 | WARNING  | __main__:flag_hard_bound_outliers:122 -     OUTLIER → Cashew Nuts | 2014-06-09 | ₦163,052/MT | Below hard floor 500,000
2026-04-11 15:39:05.018 | WARNING  | __main__:flag_hard_bound_outliers:122 -     OUTLIER → Cashew Nuts | 2014-06-16 | ₦162,221/MT | Below hard floor 500,000
2026-04-11 15:39:05.021 | WARNING  | __main__:flag_hard_bound_outliers:122 -     OUTLIER → Cashew Nuts | 2014-06-23 | ₦158,833/MT | Below hard floor 500,000
2026-04-11 15:39:05.022 | WARNING  | __main__:flag_hard_bound_outliers:122 -     OUTLIER → Cashew Nuts | 2014-06-30 | ₦172,420/MT | Below hard floor 500,000
2026-04-11 15:39:05.022 | WARNING  | __main__:flag_hard_bound_outliers:122 -     OUTLIER → Cashew Nuts | 2014-07-07 | ₦165,081/MT | Below hard floor 500,000
2026-04-11 15:39:05.022 | WARNING  | __main__:flag_hard_bound_outliers:122 -     OUTLIER → Cashew Nuts | 2014-07-14 | ₦152,158/MT | Below hard floor 500,000
2026-04-11 15:39:05.022 | WARNING  | __main__:flag_hard_bound_outliers:122 -     OUTLIER → Cashew Nuts | 2014-07-21 | ₦162,906/MT | Below hard floor 500,000
2026-04-11 15:39:05.022 | WARNING  | __main__:flag_hard_bound_outliers:122 -     OUTLIER → Cashew Nuts | 2014-07-28 | ₦158,784/MT | Below hard floor 500,000
2026-04-11 15:39:05.022 | WARNING  | __main__:flag_hard_bound_outliers:122 -     OUTLIER → Cashew Nuts | 2014-08-04 | ₦169,835/MT | Below hard floor 500,000
2026-04-11 15:39:05.022 | WARNING  | __main__:flag_hard_bound_outliers:122 -     OUTLIER → Cashew Nuts | 2014-08-11 | ₦161,663/MT | Below hard floor 500,000
2026-04-11 15:39:05.022 | WARNING  | __main__:flag_hard_bound_outliers:122 -     OUTLIER → Cashew Nuts | 2014-08-18 | ₦165,030/MT | Below hard floor 500,000
2026-04-11 15:39:05.022 | WARNING  | __main__:flag_hard_bound_outliers:122 -     OUTLIER → Cashew Nuts | 2014-08-25 | ₦168,109/MT | Below hard floor 500,000
2026-04-11 15:39:05.022 | WARNING  | __main__:flag_hard_bound_outliers:122 -     OUTLIER → Cashew Nuts | 2014-09-01 | ₦175,441/MT | Below hard floor 500,000
2026-04-11 15:39:05.022 | WARNING  | __main__:flag_hard_bound_outliers:122 -     OUTLIER → Cashew Nuts | 2014-09-08 | ₦164,842/MT | Below hard floor 500,000
2026-04-11 15:39:05.022 | WARNING  | __main__:flag_hard_bound_outliers:122 -     OUTLIER → Cashew Nuts | 2014-09-15 | ₦169,284/MT | Below hard floor 500,000
2026-04-11 15:39:05.022 | WARNING  | __main__:flag_hard_bound_outliers:122 -     OUTLIER → Cashew Nuts | 2014-09-22 | ₦168,564/MT | Below hard floor 500,000
2026-04-11 15:39:05.022 | WARNING  | __main__:flag_hard_bound_outliers:122 -     OUTLIER → Cashew Nuts | 2014-09-29 | ₦167,648/MT | Below hard floor 500,000
2026-04-11 15:39:05.022 | WARNING  | __main__:flag_hard_bound_outliers:122 -     OUTLIER → Cashew Nuts | 2014-10-06 | ₦185,743/MT | Below hard floor 500,000
2026-04-11 15:39:05.022 | WARNING  | __main__:flag_hard_bound_outliers:122 -     OUTLIER → Cashew Nuts | 2014-10-13 | ₦178,543/MT | Below hard floor 500,000
2026-04-11 15:39:05.022 | WARNING  | __main__:flag_hard_bound_outliers:122 -     OUTLIER → Cashew Nuts | 2014-10-20 | ₦169,727/MT | Below hard floor 500,000
2026-04-11 15:39:05.036 | WARNING  | __main__:flag_hard_bound_outliers:122 -     OUTLIER → Cashew Nuts | 2014-10-27 | ₦181,257/MT | Below hard floor 500,000
2026-04-11 15:39:05.037 | WARNING  | __main__:flag_hard_bound_outliers:122 -     OUTLIER → Cashew Nuts | 2014-11-03 | ₦191,460/MT | Below hard floor 500,000
2026-04-11 15:39:05.038 | WARNING  | __main__:flag_hard_bound_outliers:122 -     OUTLIER → Cashew Nuts | 2014-11-10 | ₦185,575/MT | Below hard floor 500,000
2026-04-11 15:39:05.039 | WARNING  | __main__:flag_hard_bound_outliers:122 -     OUTLIER → Cashew Nuts | 2014-11-17 | ₦171,795/MT | Below hard floor 500,000
2026-04-11 15:39:05.040 | WARNING  | __main__:flag_hard_bound_outliers:122 -     OUTLIER → Cashew Nuts | 2014-11-24 | ₦177,385/MT | Below hard floor 500,000
2026-04-11 15:39:05.041 | WARNING  | __main__:flag_hard_bound_outliers:122 -     OUTLIER → Cashew Nuts | 2014-12-01 | ₦186,841/MT | Below hard floor 500,000
2026-04-11 15:39:05.042 | WARNING  | __main__:flag_hard_bound_outliers:122 -     OUTLIER → Cashew Nuts | 2014-12-08 | ₦176,179/MT | Below hard floor 500,000
2026-04-11 15:39:05.042 | WARNING  | __main__:flag_hard_bound_outliers:122 -     OUTLIER → Cashew Nuts | 2014-12-15 | ₦182,397/MT | Below hard floor 500,000
2026-04-11 15:39:05.042 | WARNING  | __main__:flag_hard_bound_outliers:122 -     OUTLIER → Cashew Nuts | 2014-12-22 | ₦184,183/MT | Below hard floor 500,000
2026-04-11 15:39:05.042 | WARNING  | __main__:flag_hard_bound_outliers:122 -     OUTLIER → Cashew Nuts | 2014-12-29 | ₦174,995/MT | Below hard floor 500,000
2026-04-11 15:39:05.042 | WARNING  | __main__:flag_hard_bound_outliers:122 -     OUTLIER → Cashew Nuts | 2015-01-05 | ₦249,554/MT | Below hard floor 500,000
2026-04-11 15:39:05.042 | WARNING  | __main__:flag_hard_bound_outliers:122 -     OUTLIER → Cashew Nuts | 2015-01-12 | ₦225,690/MT | Below hard floor 500,000
2026-04-11 15:39:05.042 | WARNING  | __main__:flag_hard_bound_outliers:122 -     OUTLIER → Cashew Nuts | 2015-01-19 | ₦242,317/MT | Below hard floor 500,000
2026-04-11 15:39:05.042 | WARNING  | __main__:flag_hard_bound_outliers:122 -     OUTLIER → Cashew Nuts | 2015-01-26 | ₦248,106/MT | Below hard floor 500,000
2026-04-11 15:39:05.042 | WARNING  | __main__:flag_hard_bound_outliers:122 -     OUTLIER → Cashew Nuts | 2015-02-02 | ₦252,674/MT | Below hard floor 500,000
2026-04-11 15:39:05.042 | WARNING  | __main__:flag_hard_bound_outliers:122 -     OUTLIER → Cashew Nuts | 2015-02-09 | ₦275,355/MT | Below hard floor 500,000
2026-04-11 15:39:05.042 | WARNING  | __main__:flag_hard_bound_outliers:122 -     OUTLIER → Cashew Nuts | 2015-02-16 | ₦251,238/MT | Below hard floor 500,000
2026-04-11 15:39:05.042 | WARNING  | __main__:flag_hard_bound_outliers:122 -     OUTLIER → Cashew Nuts | 2015-02-23 | ₦259,035/MT | Below hard floor 500,000
2026-04-11 15:39:05.052 | WARNING  | __main__:flag_hard_bound_outliers:122 -     OUTLIER → Cashew Nuts | 2015-03-02 | ₦276,079/MT | Below hard floor 500,000
2026-04-11 15:39:05.053 | WARNING  | __main__:flag_hard_bound_outliers:122 -     OUTLIER → Cashew Nuts | 2015-03-09 | ₦286,890/MT | Below hard floor 500,000
2026-04-11 15:39:05.053 | WARNING  | __main__:flag_hard_bound_outliers:122 -     OUTLIER → Cashew Nuts | 2015-03-16 | ₦263,154/MT | Below hard floor 500,000
2026-04-11 15:39:05.053 | WARNING  | __main__:flag_hard_bound_outliers:122 -     OUTLIER → Cashew Nuts | 2015-03-23 | ₦284,596/MT | Below hard floor 500,000
2026-04-11 15:39:05.053 | WARNING  | __main__:flag_hard_bound_outliers:122 -     OUTLIER → Cashew Nuts | 2015-03-30 | ₦275,084/MT | Below hard floor 500,000
2026-04-11 15:39:05.053 | WARNING  | __main__:flag_hard_bound_outliers:122 -     OUTLIER → Cashew Nuts | 2015-04-06 | ₦254,771/MT | Below hard floor 500,000
2026-04-11 15:39:05.053 | WARNING  | __main__:flag_hard_bound_outliers:122 -     OUTLIER → Cashew Nuts | 2015-04-13 | ₦266,139/MT | Below hard floor 500,000
2026-04-11 15:39:05.053 | WARNING  | __main__:flag_hard_bound_outliers:122 -     OUTLIER → Cashew Nuts | 2015-04-20 | ₦264,068/MT | Below hard floor 500,000
2026-04-11 15:39:05.053 | WARNING  | __main__:flag_hard_bound_outliers:122 -     OUTLIER → Cashew Nuts | 2015-04-27 | ₦257,773/MT | Below hard floor 500,000
2026-04-11 15:39:05.053 | WARNING  | __main__:flag_hard_bound_outliers:122 -     OUTLIER → Cashew Nuts | 2015-05-04 | ₦237,997/MT | Below hard floor 500,000
2026-04-11 15:39:05.053 | WARNING  | __main__:flag_hard_bound_outliers:122 -     OUTLIER → Cashew Nuts | 2015-05-11 | ₦234,755/MT | Below hard floor 500,000
2026-04-11 15:39:05.053 | WARNING  | __main__:flag_hard_bound_outliers:122 -     OUTLIER → Cashew Nuts | 2015-05-18 | ₦238,309/MT | Below hard floor 500,000
2026-04-11 15:39:05.053 | WARNING  | __main__:flag_hard_bound_outliers:122 -     OUTLIER → Cashew Nuts | 2015-05-25 | ₦242,218/MT | Below hard floor 500,000
2026-04-11 15:39:05.053 | WARNING  | __main__:flag_hard_bound_outliers:122 -     OUTLIER → Cashew Nuts | 2015-06-01 | ₦235,706/MT | Below hard floor 500,000
2026-04-11 15:39:05.053 | WARNING  | __main__:flag_hard_bound_outliers:122 -     OUTLIER → Cashew Nuts | 2015-06-08 | ₦216,645/MT | Below hard floor 500,000
2026-04-11 15:39:05.053 | WARNING  | __main__:flag_hard_bound_outliers:122 -     OUTLIER → Cashew Nuts | 2015-06-15 | ₦239,398/MT | Below hard floor 500,000
2026-04-11 15:39:05.053 | WARNING  | __main__:flag_hard_bound_outliers:122 -     OUTLIER → Cashew Nuts | 2015-06-22 | ₦211,823/MT | Below hard floor 500,000
2026-04-11 15:39:05.053 | WARNING  | __main__:flag_hard_bound_outliers:122 -     OUTLIER → Cashew Nuts | 2015-06-29 | ₦223,975/MT | Below hard floor 500,000
2026-04-11 15:39:05.053 | WARNING  | __main__:flag_hard_bound_outliers:122 -     OUTLIER → Cashew Nuts | 2015-07-06 | ₦228,971/MT | Below hard floor 500,000
2026-04-11 15:39:05.070 | WARNING  | __main__:flag_hard_bound_outliers:122 -     OUTLIER → Cashew Nuts | 2015-07-13 | ₦226,897/MT | Below hard floor 500,000
2026-04-11 15:39:05.070 | WARNING  | __main__:flag_hard_bound_outliers:122 -     OUTLIER → Cashew Nuts | 2015-07-20 | ₦220,797/MT | Below hard floor 500,000
2026-04-11 15:39:05.070 | WARNING  | __main__:flag_hard_bound_outliers:122 -     OUTLIER → Cashew Nuts | 2015-07-27 | ₦223,595/MT | Below hard floor 500,000
2026-04-11 15:39:05.070 | WARNING  | __main__:flag_hard_bound_outliers:122 -     OUTLIER → Cashew Nuts | 2015-08-03 | ₦226,598/MT | Below hard floor 500,000
2026-04-11 15:39:05.070 | WARNING  | __main__:flag_hard_bound_outliers:122 -     OUTLIER → Cashew Nuts | 2015-08-10 | ₦225,933/MT | Below hard floor 500,000
2026-04-11 15:39:05.070 | WARNING  | __main__:flag_hard_bound_outliers:122 -     OUTLIER → Cashew Nuts | 2015-08-17 | ₦235,862/MT | Below hard floor 500,000
2026-04-11 15:39:05.070 | WARNING  | __main__:flag_hard_bound_outliers:122 -     OUTLIER → Cashew Nuts | 2015-08-24 | ₦232,463/MT | Below hard floor 500,000
2026-04-11 15:39:05.070 | WARNING  | __main__:flag_hard_bound_outliers:122 -     OUTLIER → Cashew Nuts | 2015-08-31 | ₦225,219/MT | Below hard floor 500,000
2026-04-11 15:39:05.070 | WARNING  | __main__:flag_hard_bound_outliers:122 -     OUTLIER → Cashew Nuts | 2015-09-07 | ₦243,910/MT | Below hard floor 500,000
2026-04-11 15:39:05.070 | WARNING  | __main__:flag_hard_bound_outliers:122 -     OUTLIER → Cashew Nuts | 2015-09-14 | ₦239,690/MT | Below hard floor 500,000
2026-04-11 15:39:05.070 | WARNING  | __main__:flag_hard_bound_outliers:122 -     OUTLIER → Cashew Nuts | 2015-09-21 | ₦243,292/MT | Below hard floor 500,000
2026-04-11 15:39:05.070 | WARNING  | __main__:flag_hard_bound_outliers:122 -     OUTLIER → Cashew Nuts | 2015-09-28 | ₦241,986/MT | Below hard floor 500,000
2026-04-11 15:39:05.070 | WARNING  | __main__:flag_hard_bound_outliers:122 -     OUTLIER → Cashew Nuts | 2015-10-05 | ₦238,907/MT | Below hard floor 500,000
2026-04-11 15:39:05.070 | WARNING  | __main__:flag_hard_bound_outliers:122 -     OUTLIER → Cashew Nuts | 2015-10-12 | ₦240,883/MT | Below hard floor 500,000
2026-04-11 15:39:05.070 | WARNING  | __main__:flag_hard_bound_outliers:122 -     OUTLIER → Cashew Nuts | 2015-10-19 | ₦250,493/MT | Below hard floor 500,000
2026-04-11 15:39:05.087 | WARNING  | __main__:flag_hard_bound_outliers:122 -     OUTLIER → Cashew Nuts | 2015-10-26 | ₦249,486/MT | Below hard floor 500,000
2026-04-11 15:39:05.089 | WARNING  | __main__:flag_hard_bound_outliers:122 -     OUTLIER → Cashew Nuts | 2015-11-02 | ₦249,843/MT | Below hard floor 500,000
2026-04-11 15:39:05.089 | WARNING  | __main__:flag_hard_bound_outliers:122 -     OUTLIER → Cashew Nuts | 2015-11-09 | ₦250,880/MT | Below hard floor 500,000
2026-04-11 15:39:05.091 | WARNING  | __main__:flag_hard_bound_outliers:122 -     OUTLIER → Cashew Nuts | 2015-11-16 | ₦259,582/MT | Below hard floor 500,000
2026-04-11 15:39:05.091 | WARNING  | __main__:flag_hard_bound_outliers:122 -     OUTLIER → Cashew Nuts | 2015-11-23 | ₦245,563/MT | Below hard floor 500,000
2026-04-11 15:39:05.091 | WARNING  | __main__:flag_hard_bound_outliers:122 -     OUTLIER → Cashew Nuts | 2015-11-30 | ₦254,103/MT | Below hard floor 500,000
2026-04-11 15:39:05.091 | WARNING  | __main__:flag_hard_bound_outliers:122 -     OUTLIER → Cashew Nuts | 2015-12-07 | ₦248,484/MT | Below hard floor 500,000
2026-04-11 15:39:05.091 | WARNING  | __main__:flag_hard_bound_outliers:122 -     OUTLIER → Cashew Nuts | 2015-12-14 | ₦248,367/MT | Below hard floor 500,000
2026-04-11 15:39:05.091 | WARNING  | __main__:flag_hard_bound_outliers:122 -     OUTLIER → Cashew Nuts | 2015-12-21 | ₦258,241/MT | Below hard floor 500,000
2026-04-11 15:39:05.091 | WARNING  | __main__:flag_hard_bound_outliers:122 -     OUTLIER → Cashew Nuts | 2015-12-28 | ₦256,191/MT | Below hard floor 500,000
2026-04-11 15:39:05.091 | WARNING  | __main__:flag_hard_bound_outliers:122 -     OUTLIER → Cashew Nuts | 2016-01-04 | ₦389,274/MT | Below hard floor 500,000
2026-04-11 15:39:05.091 | WARNING  | __main__:flag_hard_bound_outliers:122 -     OUTLIER → Cashew Nuts | 2016-01-11 | ₦394,882/MT | Below hard floor 500,000
2026-04-11 15:39:05.091 | WARNING  | __main__:flag_hard_bound_outliers:122 -     OUTLIER → Cashew Nuts | 2016-01-18 | ₦380,239/MT | Below hard floor 500,000
2026-04-11 15:39:05.091 | WARNING  | __main__:flag_hard_bound_outliers:122 -     OUTLIER → Cashew Nuts | 2016-01-25 | ₦387,774/MT | Below hard floor 500,000
2026-04-11 15:39:05.091 | WARNING  | __main__:flag_hard_bound_outliers:122 -     OUTLIER → Cashew Nuts | 2016-02-01 | ₦395,286/MT | Below hard floor 500,000
2026-04-11 15:39:05.091 | WARNING  | __main__:flag_hard_bound_outliers:122 -     OUTLIER → Cashew Nuts | 2016-02-08 | ₦402,880/MT | Below hard floor 500,000
2026-04-11 15:39:05.091 | WARNING  | __main__:flag_hard_bound_outliers:122 -     OUTLIER → Cashew Nuts | 2016-02-15 | ₦397,442/MT | Below hard floor 500,000
2026-04-11 15:39:05.091 | WARNING  | __main__:flag_hard_bound_outliers:122 -     OUTLIER → Cashew Nuts | 2016-02-22 | ₦400,161/MT | Below hard floor 500,000
2026-04-11 15:39:05.104 | WARNING  | __main__:flag_hard_bound_outliers:122 -     OUTLIER → Cashew Nuts | 2016-02-29 | ₦406,124/MT | Below hard floor 500,000
2026-04-11 15:39:05.105 | WARNING  | __main__:flag_hard_bound_outliers:122 -     OUTLIER → Cashew Nuts | 2016-03-07 | ₦407,740/MT | Below hard floor 500,000
2026-04-11 15:39:05.106 | WARNING  | __main__:flag_hard_bound_outliers:122 -     OUTLIER → Cashew Nuts | 2016-03-14 | ₦444,239/MT | Below hard floor 500,000
2026-04-11 15:39:05.107 | WARNING  | __main__:flag_hard_bound_outliers:122 -     OUTLIER → Cashew Nuts | 2016-03-21 | ₦405,385/MT | Below hard floor 500,000
2026-04-11 15:39:05.108 | WARNING  | __main__:flag_hard_bound_outliers:122 -     OUTLIER → Cashew Nuts | 2016-03-28 | ₦402,774/MT | Below hard floor 500,000
2026-04-11 15:39:05.109 | WARNING  | __main__:flag_hard_bound_outliers:122 -     OUTLIER → Cashew Nuts | 2016-04-04 | ₦412,863/MT | Below hard floor 500,000
2026-04-11 15:39:05.110 | WARNING  | __main__:flag_hard_bound_outliers:122 -     OUTLIER → Cashew Nuts | 2016-04-11 | ₦408,476/MT | Below hard floor 500,000
2026-04-11 15:39:05.111 | WARNING  | __main__:flag_hard_bound_outliers:122 -     OUTLIER → Cashew Nuts | 2016-04-18 | ₦406,471/MT | Below hard floor 500,000
2026-04-11 15:39:05.112 | WARNING  | __main__:flag_hard_bound_outliers:122 -     OUTLIER → Cashew Nuts | 2016-04-25 | ₦406,521/MT | Below hard floor 500,000
2026-04-11 15:39:05.112 | WARNING  | __main__:flag_hard_bound_outliers:122 -     OUTLIER → Cashew Nuts | 2016-05-02 | ₦360,867/MT | Below hard floor 500,000
2026-04-11 15:39:05.113 | WARNING  | __main__:flag_hard_bound_outliers:122 -     OUTLIER → Cashew Nuts | 2016-05-09 | ₦351,283/MT | Below hard floor 500,000
2026-04-11 15:39:05.114 | WARNING  | __main__:flag_hard_bound_outliers:122 -     OUTLIER → Cashew Nuts | 2016-05-16 | ₦361,821/MT | Below hard floor 500,000
2026-04-11 15:39:05.115 | WARNING  | __main__:flag_hard_bound_outliers:122 -     OUTLIER → Cashew Nuts | 2016-05-23 | ₦353,666/MT | Below hard floor 500,000
2026-04-11 15:39:05.116 | WARNING  | __main__:flag_hard_bound_outliers:122 -     OUTLIER → Cashew Nuts | 2016-05-30 | ₦371,561/MT | Below hard floor 500,000
2026-04-11 15:39:05.117 | WARNING  | __main__:flag_hard_bound_outliers:122 -     OUTLIER → Cashew Nuts | 2016-06-06 | ₦340,491/MT | Below hard floor 500,000
2026-04-11 15:39:05.118 | WARNING  | __main__:flag_hard_bound_outliers:122 -     OUTLIER → Cashew Nuts | 2016-06-13 | ₦333,530/MT | Below hard floor 500,000
2026-04-11 15:39:05.121 | WARNING  | __main__:flag_hard_bound_outliers:122 -     OUTLIER → Cashew Nuts | 2016-06-20 | ₦338,703/MT | Below hard floor 500,000
2026-04-11 15:39:05.122 | WARNING  | __main__:flag_hard_bound_outliers:122 -     OUTLIER → Cashew Nuts | 2016-06-27 | ₦346,237/MT | Below hard floor 500,000
2026-04-11 15:39:05.122 | WARNING  | __main__:flag_hard_bound_outliers:122 -     OUTLIER → Cashew Nuts | 2016-07-04 | ₦336,216/MT | Below hard floor 500,000
2026-04-11 15:39:05.122 | WARNING  | __main__:flag_hard_bound_outliers:122 -     OUTLIER → Cashew Nuts | 2016-07-11 | ₦333,564/MT | Below hard floor 500,000
2026-04-11 15:39:05.122 | WARNING  | __main__:flag_hard_bound_outliers:122 -     OUTLIER → Cashew Nuts | 2016-07-18 | ₦344,500/MT | Below hard floor 500,000
2026-04-11 15:39:05.122 | WARNING  | __main__:flag_hard_bound_outliers:122 -     OUTLIER → Cashew Nuts | 2016-07-25 | ₦344,513/MT | Below hard floor 500,000
2026-04-11 15:39:05.122 | WARNING  | __main__:flag_hard_bound_outliers:122 -     OUTLIER → Cashew Nuts | 2016-08-01 | ₦344,283/MT | Below hard floor 500,000
2026-04-11 15:39:05.122 | WARNING  | __main__:flag_hard_bound_outliers:122 -     OUTLIER → Cashew Nuts | 2016-08-08 | ₦344,660/MT | Below hard floor 500,000
2026-04-11 15:39:05.122 | WARNING  | __main__:flag_hard_bound_outliers:122 -     OUTLIER → Cashew Nuts | 2016-08-15 | ₦352,034/MT | Below hard floor 500,000
2026-04-11 15:39:05.122 | WARNING  | __main__:flag_hard_bound_outliers:122 -     OUTLIER → Cashew Nuts | 2016-08-22 | ₦334,412/MT | Below hard floor 500,000
2026-04-11 15:39:05.122 | WARNING  | __main__:flag_hard_bound_outliers:122 -     OUTLIER → Cashew Nuts | 2016-08-29 | ₦334,839/MT | Below hard floor 500,000
2026-04-11 15:39:05.122 | WARNING  | __main__:flag_hard_bound_outliers:122 -     OUTLIER → Cashew Nuts | 2016-09-05 | ₦353,219/MT | Below hard floor 500,000
2026-04-11 15:39:05.122 | WARNING  | __main__:flag_hard_bound_outliers:122 -     OUTLIER → Cashew Nuts | 2016-09-12 | ₦358,688/MT | Below hard floor 500,000
2026-04-11 15:39:05.122 | WARNING  | __main__:flag_hard_bound_outliers:122 -     OUTLIER → Cashew Nuts | 2016-09-19 | ₦364,367/MT | Below hard floor 500,000
2026-04-11 15:39:05.122 | WARNING  | __main__:flag_hard_bound_outliers:122 -     OUTLIER → Cashew Nuts | 2016-09-26 | ₦376,978/MT | Below hard floor 500,000
2026-04-11 15:39:05.122 | WARNING  | __main__:flag_hard_bound_outliers:122 -     OUTLIER → Cashew Nuts | 2016-10-03 | ₦381,982/MT | Below hard floor 500,000
2026-04-11 15:39:05.122 | WARNING  | __main__:flag_hard_bound_outliers:122 -     OUTLIER → Cashew Nuts | 2016-10-10 | ₦370,613/MT | Below hard floor 500,000
2026-04-11 15:39:05.122 | WARNING  | __main__:flag_hard_bound_outliers:122 -     OUTLIER → Cashew Nuts | 2016-10-17 | ₦372,188/MT | Below hard floor 500,000
2026-04-11 15:39:05.122 | WARNING  | __main__:flag_hard_bound_outliers:122 -     OUTLIER → Cashew Nuts | 2016-10-24 | ₦361,200/MT | Below hard floor 500,000
2026-04-11 15:39:05.136 | WARNING  | __main__:flag_hard_bound_outliers:122 -     OUTLIER → Cashew Nuts | 2016-10-31 | ₦372,193/MT | Below hard floor 500,000
2026-04-11 15:39:05.138 | WARNING  | __main__:flag_hard_bound_outliers:122 -     OUTLIER → Cashew Nuts | 2016-11-07 | ₦376,709/MT | Below hard floor 500,000
2026-04-11 15:39:05.139 | WARNING  | __main__:flag_hard_bound_outliers:122 -     OUTLIER → Cashew Nuts | 2016-11-14 | ₦383,679/MT | Below hard floor 500,000
2026-04-11 15:39:05.139 | WARNING  | __main__:flag_hard_bound_outliers:122 -     OUTLIER → Cashew Nuts | 2016-11-21 | ₦370,570/MT | Below hard floor 500,000
2026-04-11 15:39:05.140 | WARNING  | __main__:flag_hard_bound_outliers:122 -     OUTLIER → Cashew Nuts | 2016-11-28 | ₦385,921/MT | Below hard floor 500,000
2026-04-11 15:39:05.141 | WARNING  | __main__:flag_hard_bound_outliers:122 -     OUTLIER → Cashew Nuts | 2016-12-05 | ₦397,473/MT | Below hard floor 500,000
2026-04-11 15:39:05.142 | WARNING  | __main__:flag_hard_bound_outliers:122 -     OUTLIER → Cashew Nuts | 2016-12-12 | ₦378,760/MT | Below hard floor 500,000
2026-04-11 15:39:05.143 | WARNING  | __main__:flag_hard_bound_outliers:122 -     OUTLIER → Cashew Nuts | 2016-12-19 | ₦384,580/MT | Below hard floor 500,000
2026-04-11 15:39:05.144 | WARNING  | __main__:flag_hard_bound_outliers:122 -     OUTLIER → Cashew Nuts | 2016-12-26 | ₦387,868/MT | Below hard floor 500,000
2026-04-11 15:39:05.144 | WARNING  | __main__:flag_hard_bound_outliers:122 -     OUTLIER → Cashew Nuts | 2017-01-02 | ₦493,982/MT | Below hard floor 500,000
2026-04-11 15:39:05.144 | WARNING  | __main__:flag_hard_bound_outliers:122 -     OUTLIER → Cashew Nuts | 2017-01-30 | ₦488,405/MT | Below hard floor 500,000
2026-04-11 15:39:05.144 | WARNING  | __main__:flag_hard_bound_outliers:122 -     OUTLIER → Cashew Nuts | 2017-05-01 | ₦444,734/MT | Below hard floor 500,000
2026-04-11 15:39:05.144 | WARNING  | __main__:flag_hard_bound_outliers:122 -     OUTLIER → Cashew Nuts | 2017-05-08 | ₦467,508/MT | Below hard floor 500,000
2026-04-11 15:39:05.144 | WARNING  | __main__:flag_hard_bound_outliers:122 -     OUTLIER → Cashew Nuts | 2017-05-15 | ₦464,182/MT | Below hard floor 500,000
2026-04-11 15:39:05.144 | WARNING  | __main__:flag_hard_bound_outliers:122 -     OUTLIER → Cashew Nuts | 2017-05-22 | ₦477,143/MT | Below hard floor 500,000
2026-04-11 15:39:05.144 | WARNING  | __main__:flag_hard_bound_outliers:122 -     OUTLIER → Cashew Nuts | 2017-05-29 | ₦479,870/MT | Below hard floor 500,000
2026-04-11 15:39:05.144 | WARNING  | __main__:flag_hard_bound_outliers:122 -     OUTLIER → Cashew Nuts | 2017-06-05 | ₦475,328/MT | Below hard floor 500,000
2026-04-11 15:39:05.153 | WARNING  | __main__:flag_hard_bound_outliers:122 -     OUTLIER → Cashew Nuts | 2017-06-12 | ₦462,831/MT | Below hard floor 500,000
2026-04-11 15:39:05.154 | WARNING  | __main__:flag_hard_bound_outliers:122 -     OUTLIER → Cashew Nuts | 2017-06-19 | ₦442,212/MT | Below hard floor 500,000
2026-04-11 15:39:05.155 | WARNING  | __main__:flag_hard_bound_outliers:122 -     OUTLIER → Cashew Nuts | 2017-06-26 | ₦437,871/MT | Below hard floor 500,000
2026-04-11 15:39:05.156 | WARNING  | __main__:flag_hard_bound_outliers:122 -     OUTLIER → Cashew Nuts | 2017-07-03 | ₦456,641/MT | Below hard floor 500,000
2026-04-11 15:39:05.156 | WARNING  | __main__:flag_hard_bound_outliers:122 -     OUTLIER → Cashew Nuts | 2017-07-10 | ₦432,177/MT | Below hard floor 500,000
2026-04-11 15:39:05.157 | WARNING  | __main__:flag_hard_bound_outliers:122 -     OUTLIER → Cashew Nuts | 2017-07-17 | ₦474,725/MT | Below hard floor 500,000
2026-04-11 15:39:05.158 | WARNING  | __main__:flag_hard_bound_outliers:122 -     OUTLIER → Cashew Nuts | 2017-07-24 | ₦465,922/MT | Below hard floor 500,000
2026-04-11 15:39:05.159 | WARNING  | __main__:flag_hard_bound_outliers:122 -     OUTLIER → Cashew Nuts | 2017-07-31 | ₦443,666/MT | Below hard floor 500,000
2026-04-11 15:39:05.160 | WARNING  | __main__:flag_hard_bound_outliers:122 -     OUTLIER → Cashew Nuts | 2017-08-07 | ₦436,359/MT | Below hard floor 500,000
2026-04-11 15:39:05.161 | WARNING  | __main__:flag_hard_bound_outliers:122 -     OUTLIER → Cashew Nuts | 2017-08-14 | ₦478,683/MT | Below hard floor 500,000
2026-04-11 15:39:05.161 | WARNING  | __main__:flag_hard_bound_outliers:122 -     OUTLIER → Cashew Nuts | 2017-08-21 | ₦458,419/MT | Below hard floor 500,000
2026-04-11 15:39:05.162 | WARNING  | __main__:flag_hard_bound_outliers:122 -     OUTLIER → Cashew Nuts | 2017-08-28 | ₦477,082/MT | Below hard floor 500,000
2026-04-11 15:39:05.163 | WARNING  | __main__:flag_hard_bound_outliers:122 -     OUTLIER → Cashew Nuts | 2017-09-04 | ₦452,279/MT | Below hard floor 500,000
2026-04-11 15:39:05.164 | WARNING  | __main__:flag_hard_bound_outliers:122 -     OUTLIER → Cashew Nuts | 2017-09-11 | ₦466,459/MT | Below hard floor 500,000
2026-04-11 15:39:05.165 | WARNING  | __main__:flag_hard_bound_outliers:122 -     OUTLIER → Cashew Nuts | 2017-09-18 | ₦475,075/MT | Below hard floor 500,000
2026-04-11 15:39:05.166 | WARNING  | __main__:flag_hard_bound_outliers:122 -     OUTLIER → Cashew Nuts | 2017-09-25 | ₦475,669/MT | Below hard floor 500,000
2026-04-11 15:39:05.166 | WARNING  | __main__:flag_hard_bound_outliers:122 -     OUTLIER → Cashew Nuts | 2017-10-02 | ₦483,384/MT | Below hard floor 500,000
2026-04-11 15:39:05.169 | WARNING  | __main__:flag_hard_bound_outliers:122 -     OUTLIER → Cashew Nuts | 2017-10-09 | ₦499,156/MT | Below hard floor 500,000
2026-04-11 15:39:05.170 | WARNING  | __main__:flag_hard_bound_outliers:122 -     OUTLIER → Cashew Nuts | 2017-10-16 | ₦474,306/MT | Below hard floor 500,000
2026-04-11 15:39:05.171 | WARNING  | __main__:flag_hard_bound_outliers:122 -     OUTLIER → Cashew Nuts | 2017-10-23 | ₦487,907/MT | Below hard floor 500,000
2026-04-11 15:39:05.172 | WARNING  | __main__:flag_hard_bound_outliers:122 -     OUTLIER → Cashew Nuts | 2017-10-30 | ₦491,768/MT | Below hard floor 500,000
2026-04-11 15:39:05.173 | WARNING  | __main__:flag_hard_bound_outliers:122 -     OUTLIER → Cashew Nuts | 2017-11-20 | ₦483,130/MT | Below hard floor 500,000
2026-04-11 15:39:05.174 | WARNING  | __main__:flag_hard_bound_outliers:122 -     OUTLIER → Cashew Nuts | 2017-11-27 | ₦476,988/MT | Below hard floor 500,000
2026-04-11 15:39:05.174 | WARNING  | __main__:flag_hard_bound_outliers:122 -     OUTLIER → Cashew Nuts | 2017-12-18 | ₦488,773/MT | Below hard floor 500,000
2026-04-11 15:39:05.175 | WARNING  | __main__:flag_hard_bound_outliers:122 -     OUTLIER → Cashew Nuts | 2018-05-28 | ₦495,799/MT | Below hard floor 500,000
2026-04-11 15:39:05.176 | WARNING  | __main__:flag_hard_bound_outliers:122 -     OUTLIER → Cashew Nuts | 2018-06-04 | ₦494,175/MT | Below hard floor 500,000
2026-04-11 15:39:05.177 | WARNING  | __main__:flag_hard_bound_outliers:122 -     OUTLIER → Cashew Nuts | 2018-06-18 | ₦494,514/MT | Below hard floor 500,000
2026-04-11 15:39:05.177 | WARNING  | __main__:flag_hard_bound_outliers:122 -     OUTLIER → Cashew Nuts | 2018-06-25 | ₦464,298/MT | Below hard floor 500,000
2026-04-11 15:39:05.178 | WARNING  | __main__:flag_hard_bound_outliers:122 -     OUTLIER → Cashew Nuts | 2018-07-02 | ₦493,677/MT | Below hard floor 500,000
2026-04-11 15:39:05.179 | WARNING  | __main__:flag_hard_bound_outliers:122 -     OUTLIER → Cashew Nuts | 2018-07-09 | ₦475,629/MT | Below hard floor 500,000
2026-04-11 15:39:05.180 | WARNING  | __main__:flag_hard_bound_outliers:122 -     OUTLIER → Cashew Nuts | 2018-07-30 | ₦481,043/MT | Below hard floor 500,000
2026-04-11 15:39:05.181 | WARNING  | __main__:flag_hard_bound_outliers:122 -     OUTLIER → Cashew Nuts | 2018-08-06 | ₦498,200/MT | Below hard floor 500,000
2026-04-11 15:39:05.182 | WARNING  | __main__:flag_hard_bound_outliers:122 -     OUTLIER → Cashew Nuts | 2018-08-13 | ₦489,921/MT | Below hard floor 500,000
2026-04-11 15:39:05.183 | WARNING  | __main__:flag_hard_bound_outliers:122 -     OUTLIER → Cocoa | 2000-01-03 | ₦88,435/MT | Below hard floor 2,000,000
2026-04-11 15:39:05.184 | WARNING  | __main__:flag_hard_bound_outliers:122 -     OUTLIER → Cocoa | 2000-01-10 | ₦86,775/MT | Below hard floor 2,000,000
2026-04-11 15:39:05.185 | WARNING  | __main__:flag_hard_bound_outliers:122 -     OUTLIER → Cocoa | 2000-01-17 | ₦88,830/MT | Below hard floor 2,000,000
2026-04-11 15:39:05.185 | WARNING  | __main__:flag_hard_bound_outliers:122 -     OUTLIER → Cocoa | 2000-01-24 | ₦91,118/MT | Below hard floor 2,000,000
2026-04-11 15:39:05.187 | WARNING  | __main__:flag_hard_bound_outliers:122 -     OUTLIER → Cocoa | 2000-01-31 | ₦86,524/MT | Below hard floor 2,000,000
2026-04-11 15:39:05.189 | WARNING  | __main__:flag_hard_bound_outliers:122 -     OUTLIER → Cocoa | 2000-02-07 | ₦88,997/MT | Below hard floor 2,000,000
2026-04-11 15:39:05.189 | WARNING  | __main__:flag_hard_bound_outliers:122 -     OUTLIER → Cocoa | 2000-02-14 | ₦93,872/MT | Below hard floor 2,000,000
2026-04-11 15:39:05.189 | WARNING  | __main__:flag_hard_bound_outliers:122 -     OUTLIER → Cocoa | 2000-02-21 | ₦91,690/MT | Below hard floor 2,000,000
2026-04-11 15:39:05.189 | WARNING  | __main__:flag_hard_bound_outliers:122 -     OUTLIER → Cocoa | 2000-02-28 | ₦88,364/MT | Below hard floor 2,000,000
2026-04-11 15:39:05.193 | WARNING  | __main__:flag_hard_bound_outliers:122 -     OUTLIER → Cocoa | 2000-03-06 | ₦88,555/MT | Below hard floor 2,000,000
2026-04-11 15:39:05.193 | WARNING  | __main__:flag_hard_bound_outliers:122 -     OUTLIER → Cocoa | 2000-03-13 | ₦85,925/MT | Below hard floor 2,000,000
2026-04-11 15:39:05.193 | WARNING  | __main__:flag_hard_bound_outliers:122 -     OUTLIER → Cocoa | 2000-03-20 | ₦85,919/MT | Below hard floor 2,000,000
2026-04-11 15:39:05.193 | WARNING  | __main__:flag_hard_bound_outliers:122 -     OUTLIER → Cocoa | 2000-03-27 | ₦87,769/MT | Below hard floor 2,000,000
2026-04-11 15:39:05.193 | WARNING  | __main__:flag_hard_bound_outliers:122 -     OUTLIER → Cocoa | 2000-04-03 | ₦76,659/MT | Below hard floor 2,000,000
2026-04-11 15:39:05.197 | WARNING  | __main__:flag_hard_bound_outliers:122 -     OUTLIER → Cocoa | 2000-04-10 | ₦77,119/MT | Below hard floor 2,000,000
2026-04-11 15:39:05.197 | WARNING  | __main__:flag_hard_bound_outliers:122 -     OUTLIER → Cocoa | 2000-04-17 | ₦79,956/MT | Below hard floor 2,000,000
2026-04-11 15:39:05.197 | WARNING  | __main__:flag_hard_bound_outliers:122 -     OUTLIER → Cocoa | 2000-04-24 | ₦78,856/MT | Below hard floor 2,000,000
2026-04-11 15:39:05.199 | WARNING  | __main__:flag_hard_bound_outliers:122 -     OUTLIER → Cocoa | 2000-05-01 | ₦79,581/MT | Below hard floor 2,000,000
2026-04-11 15:39:05.199 | WARNING  | __main__:flag_hard_bound_outliers:122 -     OUTLIER → Cocoa | 2000-05-08 | ₦76,690/MT | Below hard floor 2,000,000
2026-04-11 15:39:05.201 | WARNING  | __main__:flag_hard_bound_outliers:122 -     OUTLIER → Cocoa | 2000-05-15 | ₦75,498/MT | Below hard floor 2,000,000
2026-04-11 15:39:05.202 | WARNING  | __main__:flag_hard_bound_outliers:122 -     OUTLIER → Cocoa | 2000-05-22 | ₦82,304/MT | Below hard floor 2,000,000
2026-04-11 15:39:05.203 | WARNING  | __main__:flag_hard_bound_outliers:122 -     OUTLIER → Cocoa | 2000-05-29 | ₦78,304/MT | Below hard floor 2,000,000
2026-04-11 15:39:05.203 | WARNING  | __main__:flag_hard_bound_outliers:122 -     OUTLIER → Cocoa | 2000-06-05 | ₦80,661/MT | Below hard floor 2,000,000
2026-04-11 15:39:05.203 | WARNING  | __main__:flag_hard_bound_outliers:122 -     OUTLIER → Cocoa | 2000-06-12 | ₦77,057/MT | Below hard floor 2,000,000
2026-04-11 15:39:05.203 | WARNING  | __main__:flag_hard_bound_outliers:122 -     OUTLIER → Cocoa | 2000-06-19 | ₦79,183/MT | Below hard floor 2,000,000
2026-04-11 15:39:05.207 | WARNING  | __main__:flag_hard_bound_outliers:122 -     OUTLIER → Cocoa | 2000-06-26 | ₦80,765/MT | Below hard floor 2,000,000
2026-04-11 15:39:05.207 | WARNING  | __main__:flag_hard_bound_outliers:122 -     OUTLIER → Cocoa | 2000-07-03 | ₦78,519/MT | Below hard floor 2,000,000
2026-04-11 15:39:05.207 | WARNING  | __main__:flag_hard_bound_outliers:122 -     OUTLIER → Cocoa | 2000-07-10 | ₦82,244/MT | Below hard floor 2,000,000
2026-04-11 15:39:05.207 | WARNING  | __main__:flag_hard_bound_outliers:122 -     OUTLIER → Cocoa | 2000-07-17 | ₦79,862/MT | Below hard floor 2,000,000
2026-04-11 15:39:05.207 | WARNING  | __main__:flag_hard_bound_outliers:122 -     OUTLIER → Cocoa | 2000-07-24 | ₦80,616/MT | Below hard floor 2,000,000
2026-04-11 15:39:05.207 | WARNING  | __main__:flag_hard_bound_outliers:122 -     OUTLIER → Cocoa | 2000-07-31 | ₦79,859/MT | Below hard floor 2,000,000
2026-04-11 15:39:05.207 | WARNING  | __main__:flag_hard_bound_outliers:122 -     OUTLIER → Cocoa | 2000-08-07 | ₦84,971/MT | Below hard floor 2,000,000
2026-04-11 15:39:05.207 | WARNING  | __main__:flag_hard_bound_outliers:122 -     OUTLIER → Cocoa | 2000-08-14 | ₦80,465/MT | Below hard floor 2,000,000
2026-04-11 15:39:05.207 | WARNING  | __main__:flag_hard_bound_outliers:122 -     OUTLIER → Cocoa | 2000-08-21 | ₦77,943/MT | Below hard floor 2,000,000
2026-04-11 15:39:05.207 | WARNING  | __main__:flag_hard_bound_outliers:122 -     OUTLIER → Cocoa | 2000-08-28 | ₦82,484/MT | Below hard floor 2,000,000
2026-04-11 15:39:05.207 | WARNING  | __main__:flag_hard_bound_outliers:122 -     OUTLIER → Cocoa | 2000-09-04 | ₦77,549/MT | Below hard floor 2,000,000
2026-04-11 15:39:05.207 | WARNING  | __main__:flag_hard_bound_outliers:122 -     OUTLIER → Cocoa | 2000-09-11 | ₦81,002/MT | Below hard floor 2,000,000
2026-04-11 15:39:05.207 | WARNING  | __main__:flag_hard_bound_outliers:122 -     OUTLIER → Cocoa | 2000-09-18 | ₦75,765/MT | Below hard floor 2,000,000
2026-04-11 15:39:05.207 | WARNING  | __main__:flag_hard_bound_outliers:122 -     OUTLIER → Cocoa | 2000-09-25 | ₦77,290/MT | Below hard floor 2,000,000
2026-04-11 15:39:05.219 | WARNING  | __main__:flag_hard_bound_outliers:122 -     OUTLIER → Cocoa | 2000-10-02 | ₦83,477/MT | Below hard floor 2,000,000
2026-04-11 15:39:05.220 | WARNING  | __main__:flag_hard_bound_outliers:122 -     OUTLIER → Cocoa | 2000-10-09 | ₦84,826/MT | Below hard floor 2,000,000
2026-04-11 15:39:05.220 | WARNING  | __main__:flag_hard_bound_outliers:122 -     OUTLIER → Cocoa | 2000-10-16 | ₦83,414/MT | Below hard floor 2,000,000
2026-04-11 15:39:05.222 | WARNING  | __main__:flag_hard_bound_outliers:122 -     OUTLIER → Cocoa | 2000-10-23 | ₦82,699/MT | Below hard floor 2,000,000
2026-04-11 15:39:05.222 | WARNING  | __main__:flag_hard_bound_outliers:122 -     OUTLIER → Cocoa | 2000-10-30 | ₦82,238/MT | Below hard floor 2,000,000
2026-04-11 15:39:05.224 | WARNING  | __main__:flag_hard_bound_outliers:122 -     OUTLIER → Cocoa | 2000-11-06 | ₦80,892/MT | Below hard floor 2,000,000
2026-04-11 15:39:05.224 | WARNING  | __main__:flag_hard_bound_outliers:122 -     OUTLIER → Cocoa | 2000-11-13 | ₦82,819/MT | Below hard floor 2,000,000
2026-04-11 15:39:05.224 | WARNING  | __main__:flag_hard_bound_outliers:122 -     OUTLIER → Cocoa | 2000-11-20 | ₦83,477/MT | Below hard floor 2,000,000
2026-04-11 15:39:05.224 | WARNING  | __main__:flag_hard_bound_outliers:122 -     OUTLIER → Cocoa | 2000-11-27 | ₦87,331/MT | Below hard floor 2,000,000
2026-04-11 15:39:05.224 | WARNING  | __main__:flag_hard_bound_outliers:122 -     OUTLIER → Cocoa | 2000-12-04 | ₦86,358/MT | Below hard floor 2,000,000
2026-04-11 15:39:05.224 | WARNING  | __main__:flag_hard_bound_outliers:122 -     OUTLIER → Cocoa | 2000-12-11 | ₦80,956/MT | Below hard floor 2,000,000
2026-04-11 15:39:05.224 | WARNING  | __main__:flag_hard_bound_outliers:122 -     OUTLIER → Cocoa | 2000-12-18 | ₦86,308/MT | Below hard floor 2,000,000
2026-04-11 15:39:05.224 | WARNING  | __main__:flag_hard_bound_outliers:122 -     OUTLIER → Cocoa | 2000-12-25 | ₦84,489/MT | Below hard floor 2,000,000
2026-04-11 15:39:05.224 | WARNING  | __main__:flag_hard_bound_outliers:122 -     OUTLIER → Cocoa | 2001-01-01 | ₦108,202/MT | Below hard floor 2,000,000
2026-04-11 15:39:05.224 | WARNING  | __main__:flag_hard_bound_outliers:122 -     OUTLIER → Cocoa | 2001-01-08 | ₦112,472/MT | Below hard floor 2,000,000
2026-04-11 15:39:05.232 | WARNING  | __main__:flag_hard_bound_outliers:122 -     OUTLIER → Cocoa | 2001-01-15 | ₦113,861/MT | Below hard floor 2,000,000
2026-04-11 15:39:05.232 | WARNING  | __main__:flag_hard_bound_outliers:122 -     OUTLIER → Cocoa | 2001-01-22 | ₦113,531/MT | Below hard floor 2,000,000
2026-04-11 15:39:05.234 | WARNING  | __main__:flag_hard_bound_outliers:122 -     OUTLIER → Cocoa | 2001-01-29 | ₦107,665/MT | Below hard floor 2,000,000
2026-04-11 15:39:05.236 | WARNING  | __main__:flag_hard_bound_outliers:122 -     OUTLIER → Cocoa | 2001-02-05 | ₦112,547/MT | Below hard floor 2,000,000
2026-04-11 15:39:05.237 | WARNING  | __main__:flag_hard_bound_outliers:122 -     OUTLIER → Cocoa | 2001-02-12 | ₦114,730/MT | Below hard floor 2,000,000
2026-04-11 15:39:05.237 | WARNING  | __main__:flag_hard_bound_outliers:122 -     OUTLIER → Cocoa | 2001-02-19 | ₦116,926/MT | Below hard floor 2,000,000
2026-04-11 15:39:05.237 | WARNING  | __main__:flag_hard_bound_outliers:122 -     OUTLIER → Cocoa | 2001-02-26 | ₦111,968/MT | Below hard floor 2,000,000
2026-04-11 15:39:05.237 | WARNING  | __main__:flag_hard_bound_outliers:122 -     OUTLIER → Cocoa | 2001-03-05 | ₦109,830/MT | Below hard floor 2,000,000
2026-04-11 15:39:05.241 | WARNING  | __main__:flag_hard_bound_outliers:122 -     OUTLIER → Cocoa | 2001-03-12 | ₦106,780/MT | Below hard floor 2,000,000
2026-04-11 15:39:05.241 | WARNING  | __main__:flag_hard_bound_outliers:122 -     OUTLIER → Cocoa | 2001-03-19 | ₦106,482/MT | Below hard floor 2,000,000
2026-04-11 15:39:05.241 | WARNING  | __main__:flag_hard_bound_outliers:122 -     OUTLIER → Cocoa | 2001-03-26 | ₦113,137/MT | Below hard floor 2,000,000
2026-04-11 15:39:05.241 | WARNING  | __main__:flag_hard_bound_outliers:122 -     OUTLIER → Cocoa | 2001-04-02 | ₦107,276/MT | Below hard floor 2,000,000
2026-04-11 15:39:05.241 | WARNING  | __main__:flag_hard_bound_outliers:122 -     OUTLIER → Cocoa | 2001-04-09 | ₦102,860/MT | Below hard floor 2,000,000
2026-04-11 15:39:05.241 | WARNING  | __main__:flag_hard_bound_outliers:122 -     OUTLIER → Cocoa | 2001-04-16 | ₦106,186/MT | Below hard floor 2,000,000
2026-04-11 15:39:05.241 | WARNING  | __main__:flag_hard_bound_outliers:122 -     OUTLIER → Cocoa | 2001-04-23 | ₦104,201/MT | Below hard floor 2,000,000
2026-04-11 15:39:05.241 | WARNING  | __main__:flag_hard_bound_outliers:122 -     OUTLIER → Cocoa | 2001-04-30 | ₦101,087/MT | Below hard floor 2,000,000
2026-04-11 15:39:05.241 | WARNING  | __main__:flag_hard_bound_outliers:122 -     OUTLIER → Cocoa | 2001-05-07 | ₦101,010/MT | Below hard floor 2,000,000
2026-04-11 15:39:05.241 | WARNING  | __main__:flag_hard_bound_outliers:122 -     OUTLIER → Cocoa | 2001-05-14 | ₦104,537/MT | Below hard floor 2,000,000
2026-04-11 15:39:05.241 | WARNING  | __main__:flag_hard_bound_outliers:122 -     OUTLIER → Cocoa | 2001-05-21 | ₦99,819/MT | Below hard floor 2,000,000
2026-04-11 15:39:05.241 | WARNING  | __main__:flag_hard_bound_outliers:122 -     OUTLIER → Cocoa | 2001-05-28 | ₦104,617/MT | Below hard floor 2,000,000
2026-04-11 15:39:05.251 | WARNING  | __main__:flag_hard_bound_outliers:122 -     OUTLIER → Cocoa | 2001-06-04 | ₦94,012/MT | Below hard floor 2,000,000
2026-04-11 15:39:05.252 | WARNING  | __main__:flag_hard_bound_outliers:122 -     OUTLIER → Cocoa | 2001-06-11 | ₦104,546/MT | Below hard floor 2,000,000
2026-04-11 15:39:05.254 | WARNING  | __main__:flag_hard_bound_outliers:122 -     OUTLIER → Cocoa | 2001-06-18 | ₦102,297/MT | Below hard floor 2,000,000
2026-04-11 15:39:05.255 | WARNING  | __main__:flag_hard_bound_outliers:122 -     OUTLIER → Cocoa | 2001-06-25 | ₦101,115/MT | Below hard floor 2,000,000
2026-04-11 15:39:05.255 | WARNING  | __main__:flag_hard_bound_outliers:122 -     OUTLIER → Cocoa | 2001-07-02 | ₦103,366/MT | Below hard floor 2,000,000
2026-04-11 15:39:05.255 | WARNING  | __main__:flag_hard_bound_outliers:122 -     OUTLIER → Cocoa | 2001-07-09 | ₦96,936/MT | Below hard floor 2,000,000
2026-04-11 15:39:05.255 | WARNING  | __main__:flag_hard_bound_outliers:122 -     OUTLIER → Cocoa | 2001-07-16 | ₦102,403/MT | Below hard floor 2,000,000
2026-04-11 15:39:05.255 | WARNING  | __main__:flag_hard_bound_outliers:122 -     OUTLIER → Cocoa | 2001-07-23 | ₦104,187/MT | Below hard floor 2,000,000
2026-04-11 15:39:05.255 | WARNING  | __main__:flag_hard_bound_outliers:122 -     OUTLIER → Cocoa | 2001-07-30 | ₦107,653/MT | Below hard floor 2,000,000
2026-04-11 15:39:05.255 | WARNING  | __main__:flag_hard_bound_outliers:122 -     OUTLIER → Cocoa | 2001-08-06 | ₦100,444/MT | Below hard floor 2,000,000
2026-04-11 15:39:05.255 | WARNING  | __main__:flag_hard_bound_outliers:122 -     OUTLIER → Cocoa | 2001-08-13 | ₦99,556/MT | Below hard floor 2,000,000
2026-04-11 15:39:05.255 | WARNING  | __main__:flag_hard_bound_outliers:122 -     OUTLIER → Cocoa | 2001-08-20 | ₦100,495/MT | Below hard floor 2,000,000
2026-04-11 15:39:05.255 | WARNING  | __main__:flag_hard_bound_outliers:122 -     OUTLIER → Cocoa | 2001-08-27 | ₦104,832/MT | Below hard floor 2,000,000
2026-04-11 15:39:05.255 | WARNING  | __main__:flag_hard_bound_outliers:122 -     OUTLIER → Cocoa | 2001-09-03 | ₦103,037/MT | Below hard floor 2,000,000
2026-04-11 15:39:05.255 | WARNING  | __main__:flag_hard_bound_outliers:122 -     OUTLIER → Cocoa | 2001-09-10 | ₦100,409/MT | Below hard floor 2,000,000
2026-04-11 15:39:05.255 | WARNING  | __main__:flag_hard_bound_outliers:122 -     OUTLIER → Cocoa | 2001-09-17 | ₦103,601/MT | Below hard floor 2,000,000
2026-04-11 15:39:05.255 | WARNING  | __main__:flag_hard_bound_outliers:122 -     OUTLIER → Cocoa | 2001-09-24 | ₦102,328/MT | Below hard floor 2,000,000
2026-04-11 15:39:05.270 | WARNING  | __main__:flag_hard_bound_outliers:122 -     OUTLIER → Cocoa | 2001-10-01 | ₦108,243/MT | Below hard floor 2,000,000
2026-04-11 15:39:05.273 | WARNING  | __main__:flag_hard_bound_outliers:122 -     OUTLIER → Cocoa | 2001-10-08 | ₦102,971/MT | Below hard floor 2,000,000
2026-04-11 15:39:05.273 | WARNING  | __main__:flag_hard_bound_outliers:122 -     OUTLIER → Cocoa | 2001-10-15 | ₦104,152/MT | Below hard floor 2,000,000
2026-04-11 15:39:05.273 | WARNING  | __main__:flag_hard_bound_outliers:122 -     OUTLIER → Cocoa | 2001-10-22 | ₦103,949/MT | Below hard floor 2,000,000
2026-04-11 15:39:05.273 | WARNING  | __main__:flag_hard_bound_outliers:122 -     OUTLIER → Cocoa | 2001-10-29 | ₦100,568/MT | Below hard floor 2,000,000
2026-04-11 15:39:05.278 | WARNING  | __main__:flag_hard_bound_outliers:122 -     OUTLIER → Cocoa | 2001-11-05 | ₦108,243/MT | Below hard floor 2,000,000
2026-04-11 15:39:05.278 | WARNING  | __main__:flag_hard_bound_outliers:122 -     OUTLIER → Cocoa | 2001-11-12 | ₦108,130/MT | Below hard floor 2,000,000
2026-04-11 15:39:05.278 | WARNING  | __main__:flag_hard_bound_outliers:122 -     OUTLIER → Cocoa | 2001-11-19 | ₦107,306/MT | Below hard floor 2,000,000
2026-04-11 15:39:05.280 | WARNING  | __main__:flag_hard_bound_outliers:122 -     OUTLIER → Cocoa | 2001-11-26 | ₦106,535/MT | Below hard floor 2,000,000
2026-04-11 15:39:05.280 | WARNING  | __main__:flag_hard_bound_outliers:122 -     OUTLIER → Cocoa | 2001-12-03 | ₦103,741/MT | Below hard floor 2,000,000
2026-04-11 15:39:05.282 | WARNING  | __main__:flag_hard_bound_outliers:122 -     OUTLIER → Cocoa | 2001-12-10 | ₦106,974/MT | Below hard floor 2,000,000
2026-04-11 15:39:05.282 | WARNING  | __main__:flag_hard_bound_outliers:122 -     OUTLIER → Cocoa | 2001-12-17 | ₦107,228/MT | Below hard floor 2,000,000
2026-04-11 15:39:05.282 | WARNING  | __main__:flag_hard_bound_outliers:122 -     OUTLIER → Cocoa | 2001-12-24 | ₦105,734/MT | Below hard floor 2,000,000
2026-04-11 15:39:05.284 | WARNING  | __main__:flag_hard_bound_outliers:122 -     OUTLIER → Cocoa | 2001-12-31 | ₦107,817/MT | Below hard floor 2,000,000
2026-04-11 15:39:05.284 | WARNING  | __main__:flag_hard_bound_outliers:122 -     OUTLIER → Cocoa | 2002-01-07 | ₦218,935/MT | Below hard floor 2,000,000
2026-04-11 15:39:05.286 | WARNING  | __main__:flag_hard_bound_outliers:122 -     OUTLIER → Cocoa | 2002-01-14 | ₦228,553/MT | Below hard floor 2,000,000
2026-04-11 15:39:05.287 | WARNING  | __main__:flag_hard_bound_outliers:122 -     OUTLIER → Cocoa | 2002-01-21 | ₦217,445/MT | Below hard floor 2,000,000
2026-04-11 15:39:05.289 | WARNING  | __main__:flag_hard_bound_outliers:122 -     OUTLIER → Cocoa | 2002-01-28 | ₦217,984/MT | Below hard floor 2,000,000
2026-04-11 15:39:05.289 | WARNING  | __main__:flag_hard_bound_outliers:122 -     OUTLIER → Cocoa | 2002-02-04 | ₦221,996/MT | Below hard floor 2,000,000
2026-04-11 15:39:05.289 | WARNING  | __main__:flag_hard_bound_outliers:122 -     OUTLIER → Cocoa | 2002-02-11 | ₦209,685/MT | Below hard floor 2,000,000
2026-04-11 15:39:05.289 | WARNING  | __main__:flag_hard_bound_outliers:122 -     OUTLIER → Cocoa | 2002-02-18 | ₦222,316/MT | Below hard floor 2,000,000
2026-04-11 15:39:05.289 | WARNING  | __main__:flag_hard_bound_outliers:122 -     OUTLIER → Cocoa | 2002-02-25 | ₦222,895/MT | Below hard floor 2,000,000
2026-04-11 15:39:05.289 | WARNING  | __main__:flag_hard_bound_outliers:122 -     OUTLIER → Cocoa | 2002-03-04 | ₦232,297/MT | Below hard floor 2,000,000
2026-04-11 15:39:05.289 | WARNING  | __main__:flag_hard_bound_outliers:122 -     OUTLIER → Cocoa | 2002-03-11 | ₦215,064/MT | Below hard floor 2,000,000
2026-04-11 15:39:05.289 | WARNING  | __main__:flag_hard_bound_outliers:122 -     OUTLIER → Cocoa | 2002-03-18 | ₦218,269/MT | Below hard floor 2,000,000
2026-04-11 15:39:05.289 | WARNING  | __main__:flag_hard_bound_outliers:122 -     OUTLIER → Cocoa | 2002-03-25 | ₦216,087/MT | Below hard floor 2,000,000
2026-04-11 15:39:05.289 | WARNING  | __main__:flag_hard_bound_outliers:122 -     OUTLIER → Cocoa | 2002-04-01 | ₦194,813/MT | Below hard floor 2,000,000
2026-04-11 15:39:05.289 | WARNING  | __main__:flag_hard_bound_outliers:122 -     OUTLIER → Cocoa | 2002-04-08 | ₦208,813/MT | Below hard floor 2,000,000
2026-04-11 15:39:05.289 | WARNING  | __main__:flag_hard_bound_outliers:122 -     OUTLIER → Cocoa | 2002-04-15 | ₦206,446/MT | Below hard floor 2,000,000
2026-04-11 15:39:05.301 | WARNING  | __main__:flag_hard_bound_outliers:122 -     OUTLIER → Cocoa | 2002-04-22 | ₦206,683/MT | Below hard floor 2,000,000
2026-04-11 15:39:05.303 | WARNING  | __main__:flag_hard_bound_outliers:122 -     OUTLIER → Cocoa | 2002-04-29 | ₦196,384/MT | Below hard floor 2,000,000
2026-04-11 15:39:05.305 | WARNING  | __main__:flag_hard_bound_outliers:122 -     OUTLIER → Cocoa | 2002-05-06 | ₦203,948/MT | Below hard floor 2,000,000
2026-04-11 15:39:05.305 | WARNING  | __main__:flag_hard_bound_outliers:122 -     OUTLIER → Cocoa | 2002-05-13 | ₦187,481/MT | Below hard floor 2,000,000
2026-04-11 15:39:05.305 | WARNING  | __main__:flag_hard_bound_outliers:122 -     OUTLIER → Cocoa | 2002-05-20 | ₦199,157/MT | Below hard floor 2,000,000
2026-04-11 15:39:05.305 | WARNING  | __main__:flag_hard_bound_outliers:122 -     OUTLIER → Cocoa | 2002-05-27 | ₦208,572/MT | Below hard floor 2,000,000
2026-04-11 15:39:05.305 | WARNING  | __main__:flag_hard_bound_outliers:122 -     OUTLIER → Cocoa | 2002-06-03 | ₦193,893/MT | Below hard floor 2,000,000
2026-04-11 15:39:05.305 | WARNING  | __main__:flag_hard_bound_outliers:122 -     OUTLIER → Cocoa | 2002-06-10 | ₦196,437/MT | Below hard floor 2,000,000
2026-04-11 15:39:05.305 | WARNING  | __main__:flag_hard_bound_outliers:122 -     OUTLIER → Cocoa | 2002-06-17 | ₦200,429/MT | Below hard floor 2,000,000
2026-04-11 15:39:05.305 | WARNING  | __main__:flag_hard_bound_outliers:122 -     OUTLIER → Cocoa | 2002-06-24 | ₦196,813/MT | Below hard floor 2,000,000
2026-04-11 15:39:05.305 | WARNING  | __main__:flag_hard_bound_outliers:122 -     OUTLIER → Cocoa | 2002-07-01 | ₦192,500/MT | Below hard floor 2,000,000
2026-04-11 15:39:05.305 | WARNING  | __main__:flag_hard_bound_outliers:122 -     OUTLIER → Cocoa | 2002-07-08 | ₦202,307/MT | Below hard floor 2,000,000
2026-04-11 15:39:05.305 | WARNING  | __main__:flag_hard_bound_outliers:122 -     OUTLIER → Cocoa | 2002-07-15 | ₦195,458/MT | Below hard floor 2,000,000
2026-04-11 15:39:05.305 | WARNING  | __main__:flag_hard_bound_outliers:122 -     OUTLIER → Cocoa | 2002-07-22 | ₦204,760/MT | Below hard floor 2,000,000
2026-04-11 15:39:05.305 | WARNING  | __main__:flag_hard_bound_outliers:122 -     OUTLIER → Cocoa | 2002-07-29 | ₦196,323/MT | Below hard floor 2,000,000
2026-04-11 15:39:05.305 | WARNING  | __main__:flag_hard_bound_outliers:122 -     OUTLIER → Cocoa | 2002-08-05 | ₦209,123/MT | Below hard floor 2,000,000
2026-04-11 15:39:05.322 | WARNING  | __main__:flag_hard_bound_outliers:122 -     OUTLIER → Cocoa | 2002-08-12 | ₦195,136/MT | Below hard floor 2,000,000
2026-04-11 15:39:05.322 | WARNING  | __main__:flag_hard_bound_outliers:122 -     OUTLIER → Cocoa | 2002-08-19 | ₦197,901/MT | Below hard floor 2,000,000
2026-04-11 15:39:05.322 | WARNING  | __main__:flag_hard_bound_outliers:122 -     OUTLIER → Cocoa | 2002-08-26 | ₦204,709/MT | Below hard floor 2,000,000
2026-04-11 15:39:05.322 | WARNING  | __main__:flag_hard_bound_outliers:122 -     OUTLIER → Cocoa | 2002-09-02 | ₦192,453/MT | Below hard floor 2,000,000
2026-04-11 15:39:05.322 | WARNING  | __main__:flag_hard_bound_outliers:122 -     OUTLIER → Cocoa | 2002-09-09 | ₦201,195/MT | Below hard floor 2,000,000
2026-04-11 15:39:05.322 | WARNING  | __main__:flag_hard_bound_outliers:122 -     OUTLIER → Cocoa | 2002-09-16 | ₦207,668/MT | Below hard floor 2,000,000
2026-04-11 15:39:05.322 | WARNING  | __main__:flag_hard_bound_outliers:122 -     OUTLIER → Cocoa | 2002-09-23 | ₦190,195/MT | Below hard floor 2,000,000
2026-04-11 15:39:05.322 | WARNING  | __main__:flag_hard_bound_outliers:122 -     OUTLIER → Cocoa | 2002-09-30 | ₦200,938/MT | Below hard floor 2,000,000
2026-04-11 15:39:05.322 | WARNING  | __main__:flag_hard_bound_outliers:122 -     OUTLIER → Cocoa | 2002-10-07 | ₦207,618/MT | Below hard floor 2,000,000
2026-04-11 15:39:05.322 | WARNING  | __main__:flag_hard_bound_outliers:122 -     OUTLIER → Cocoa | 2002-10-14 | ₦210,844/MT | Below hard floor 2,000,000
2026-04-11 15:39:05.322 | WARNING  | __main__:flag_hard_bound_outliers:122 -     OUTLIER → Cocoa | 2002-10-21 | ₦198,367/MT | Below hard floor 2,000,000
2026-04-11 15:39:05.322 | WARNING  | __main__:flag_hard_bound_outliers:122 -     OUTLIER → Cocoa | 2002-10-28 | ₦197,851/MT | Below hard floor 2,000,000
2026-04-11 15:39:05.322 | WARNING  | __main__:flag_hard_bound_outliers:122 -     OUTLIER → Cocoa | 2002-11-04 | ₦213,422/MT | Below hard floor 2,000,000
2026-04-11 15:39:05.322 | WARNING  | __main__:flag_hard_bound_outliers:122 -     OUTLIER → Cocoa | 2002-11-11 | ₦212,004/MT | Below hard floor 2,000,000
2026-04-11 15:39:05.336 | WARNING  | __main__:flag_hard_bound_outliers:122 -     OUTLIER → Cocoa | 2002-11-18 | ₦211,711/MT | Below hard floor 2,000,000
2026-04-11 15:39:05.339 | WARNING  | __main__:flag_hard_bound_outliers:122 -     OUTLIER → Cocoa | 2002-11-25 | ₦212,316/MT | Below hard floor 2,000,000
2026-04-11 15:39:05.339 | WARNING  | __main__:flag_hard_bound_outliers:122 -     OUTLIER → Cocoa | 2002-12-02 | ₦207,863/MT | Below hard floor 2,000,000
2026-04-11 15:39:05.339 | WARNING  | __main__:flag_hard_bound_outliers:122 -     OUTLIER → Cocoa | 2002-12-09 | ₦213,671/MT | Below hard floor 2,000,000
2026-04-11 15:39:05.339 | WARNING  | __main__:flag_hard_bound_outliers:122 -     OUTLIER → Cocoa | 2002-12-16 | ₦214,058/MT | Below hard floor 2,000,000
2026-04-11 15:39:05.339 | WARNING  | __main__:flag_hard_bound_outliers:122 -     OUTLIER → Cocoa | 2002-12-23 | ₦207,645/MT | Below hard floor 2,000,000
2026-04-11 15:39:05.339 | WARNING  | __main__:flag_hard_bound_outliers:122 -     OUTLIER → Cocoa | 2002-12-30 | ₦224,069/MT | Below hard floor 2,000,000
2026-04-11 15:39:05.339 | WARNING  | __main__:flag_hard_bound_outliers:122 -     OUTLIER → Cocoa | 2003-01-06 | ₦240,267/MT | Below hard floor 2,000,000
2026-04-11 15:39:05.339 | WARNING  | __main__:flag_hard_bound_outliers:122 -     OUTLIER → Cocoa | 2003-01-13 | ₦228,432/MT | Below hard floor 2,000,000
2026-04-11 15:39:05.339 | WARNING  | __main__:flag_hard_bound_outliers:122 -     OUTLIER → Cocoa | 2003-01-20 | ₦241,565/MT | Below hard floor 2,000,000
2026-04-11 15:39:05.339 | WARNING  | __main__:flag_hard_bound_outliers:122 -     OUTLIER → Cocoa | 2003-01-27 | ₦229,972/MT | Below hard floor 2,000,000
2026-04-11 15:39:05.339 | WARNING  | __main__:flag_hard_bound_outliers:122 -     OUTLIER → Cocoa | 2003-02-03 | ₦249,421/MT | Below hard floor 2,000,000
2026-04-11 15:39:05.339 | WARNING  | __main__:flag_hard_bound_outliers:122 -     OUTLIER → Cocoa | 2003-02-10 | ₦252,137/MT | Below hard floor 2,000,000
2026-04-11 15:39:05.339 | WARNING  | __main__:flag_hard_bound_outliers:122 -     OUTLIER → Cocoa | 2003-02-17 | ₦237,668/MT | Below hard floor 2,000,000
2026-04-11 15:39:05.339 | WARNING  | __main__:flag_hard_bound_outliers:122 -     OUTLIER → Cocoa | 2003-02-24 | ₦250,710/MT | Below hard floor 2,000,000
2026-04-11 15:39:05.339 | WARNING  | __main__:flag_hard_bound_outliers:122 -     OUTLIER → Cocoa | 2003-03-03 | ₦239,833/MT | Below hard floor 2,000,000
2026-04-11 15:39:05.339 | WARNING  | __main__:flag_hard_bound_outliers:122 -     OUTLIER → Cocoa | 2003-03-10 | ₦242,741/MT | Below hard floor 2,000,000
2026-04-11 15:39:05.352 | WARNING  | __main__:flag_hard_bound_outliers:122 -     OUTLIER → Cocoa | 2003-03-17 | ₦250,379/MT | Below hard floor 2,000,000
2026-04-11 15:39:05.353 | WARNING  | __main__:flag_hard_bound_outliers:122 -     OUTLIER → Cocoa | 2003-03-24 | ₦235,155/MT | Below hard floor 2,000,000
2026-04-11 15:39:05.353 | WARNING  | __main__:flag_hard_bound_outliers:122 -     OUTLIER → Cocoa | 2003-03-31 | ₦231,542/MT | Below hard floor 2,000,000
2026-04-11 15:39:05.353 | WARNING  | __main__:flag_hard_bound_outliers:122 -     OUTLIER → Cocoa | 2003-04-07 | ₦215,205/MT | Below hard floor 2,000,000
2026-04-11 15:39:05.353 | WARNING  | __main__:flag_hard_bound_outliers:122 -     OUTLIER → Cocoa | 2003-04-14 | ₦215,694/MT | Below hard floor 2,000,000
2026-04-11 15:39:05.353 | WARNING  | __main__:flag_hard_bound_outliers:122 -     OUTLIER → Cocoa | 2003-04-21 | ₦220,594/MT | Below hard floor 2,000,000
2026-04-11 15:39:05.353 | WARNING  | __main__:flag_hard_bound_outliers:122 -     OUTLIER → Cocoa | 2003-04-28 | ₦223,369/MT | Below hard floor 2,000,000
2026-04-11 15:39:05.353 | WARNING  | __main__:flag_hard_bound_outliers:122 -     OUTLIER → Cocoa | 2003-05-05 | ₦216,116/MT | Below hard floor 2,000,000
2026-04-11 15:39:05.353 | WARNING  | __main__:flag_hard_bound_outliers:122 -     OUTLIER → Cocoa | 2003-05-12 | ₦219,656/MT | Below hard floor 2,000,000
2026-04-11 15:39:05.353 | WARNING  | __main__:flag_hard_bound_outliers:122 -     OUTLIER → Cocoa | 2003-05-19 | ₦214,421/MT | Below hard floor 2,000,000
2026-04-11 15:39:05.353 | WARNING  | __main__:flag_hard_bound_outliers:122 -     OUTLIER → Cocoa | 2003-05-26 | ₦223,684/MT | Below hard floor 2,000,000
2026-04-11 15:39:05.353 | WARNING  | __main__:flag_hard_bound_outliers:122 -     OUTLIER → Cocoa | 2003-06-02 | ₦217,112/MT | Below hard floor 2,000,000
2026-04-11 15:39:05.353 | WARNING  | __main__:flag_hard_bound_outliers:122 -     OUTLIER → Cocoa | 2003-06-09 | ₦236,709/MT | Below hard floor 2,000,000
2026-04-11 15:39:05.353 | WARNING  | __main__:flag_hard_bound_outliers:122 -     OUTLIER → Cocoa | 2003-06-16 | ₦222,957/MT | Below hard floor 2,000,000
2026-04-11 15:39:05.353 | WARNING  | __main__:flag_hard_bound_outliers:122 -     OUTLIER → Cocoa | 2003-06-23 | ₦213,222/MT | Below hard floor 2,000,000
2026-04-11 15:39:05.369 | WARNING  | __main__:flag_hard_bound_outliers:122 -     OUTLIER → Cocoa | 2003-06-30 | ₦211,819/MT | Below hard floor 2,000,000
2026-04-11 15:39:05.370 | WARNING  | __main__:flag_hard_bound_outliers:122 -     OUTLIER → Cocoa | 2003-07-07 | ₦224,306/MT | Below hard floor 2,000,000
2026-04-11 15:39:05.372 | WARNING  | __main__:flag_hard_bound_outliers:122 -     OUTLIER → Cocoa | 2003-07-14 | ₦219,623/MT | Below hard floor 2,000,000
2026-04-11 15:39:05.372 | WARNING  | __main__:flag_hard_bound_outliers:122 -     OUTLIER → Cocoa | 2003-07-21 | ₦225,842/MT | Below hard floor 2,000,000
2026-04-11 15:39:05.372 | WARNING  | __main__:flag_hard_bound_outliers:122 -     OUTLIER → Cocoa | 2003-07-28 | ₦224,245/MT | Below hard floor 2,000,000
2026-04-11 15:39:05.372 | WARNING  | __main__:flag_hard_bound_outliers:122 -     OUTLIER → Cocoa | 2003-08-04 | ₦218,371/MT | Below hard floor 2,000,000
2026-04-11 15:39:05.372 | WARNING  | __main__:flag_hard_bound_outliers:122 -     OUTLIER → Cocoa | 2003-08-11 | ₦213,290/MT | Below hard floor 2,000,000
2026-04-11 15:39:05.372 | WARNING  | __main__:flag_hard_bound_outliers:122 -     OUTLIER → Cocoa | 2003-08-18 | ₦208,904/MT | Below hard floor 2,000,000
2026-04-11 15:39:05.372 | WARNING  | __main__:flag_hard_bound_outliers:122 -     OUTLIER → Cocoa | 2003-08-25 | ₦215,918/MT | Below hard floor 2,000,000
2026-04-11 15:39:05.372 | WARNING  | __main__:flag_hard_bound_outliers:122 -     OUTLIER → Cocoa | 2003-09-01 | ₦224,472/MT | Below hard floor 2,000,000
2026-04-11 15:39:05.372 | WARNING  | __main__:flag_hard_bound_outliers:122 -     OUTLIER → Cocoa | 2003-09-08 | ₦220,255/MT | Below hard floor 2,000,000
2026-04-11 15:39:05.372 | WARNING  | __main__:flag_hard_bound_outliers:122 -     OUTLIER → Cocoa | 2003-09-15 | ₦210,671/MT | Below hard floor 2,000,000
2026-04-11 15:39:05.382 | WARNING  | __main__:flag_hard_bound_outliers:122 -     OUTLIER → Cocoa | 2003-09-22 | ₦219,987/MT | Below hard floor 2,000,000
2026-04-11 15:39:05.382 | WARNING  | __main__:flag_hard_bound_outliers:122 -     OUTLIER → Cocoa | 2003-09-29 | ₦221,379/MT | Below hard floor 2,000,000
2026-04-11 15:39:05.384 | WARNING  | __main__:flag_hard_bound_outliers:122 -     OUTLIER → Cocoa | 2003-10-06 | ₦219,636/MT | Below hard floor 2,000,000
2026-04-11 15:39:05.399 | WARNING  | __main__:flag_hard_bound_outliers:122 -     OUTLIER → Cocoa | 2003-10-13 | ₦226,659/MT | Below hard floor 2,000,000
2026-04-11 15:39:05.424 | WARNING  | __main__:flag_hard_bound_outliers:122 -     OUTLIER → Cocoa | 2003-10-20 | ₦226,012/MT | Below hard floor 2,000,000
2026-04-11 15:39:05.476 | WARNING  | __main__:flag_hard_bound_outliers:122 -     OUTLIER → Cocoa | 2003-10-27 | ₦217,882/MT | Below hard floor 2,000,000
2026-04-11 15:39:05.505 | WARNING  | __main__:flag_hard_bound_outliers:122 -     OUTLIER → Cocoa | 2003-11-03 | ₦232,601/MT | Below hard floor 2,000,000
2026-04-11 15:39:05.515 | WARNING  | __main__:flag_hard_bound_outliers:122 -     OUTLIER → Cocoa | 2003-11-10 | ₦234,002/MT | Below hard floor 2,000,000
2026-04-11 15:39:05.524 | WARNING  | __main__:flag_hard_bound_outliers:122 -     OUTLIER → Cocoa | 2003-11-17 | ₦237,608/MT | Below hard floor 2,000,000
2026-04-11 15:39:05.524 | WARNING  | __main__:flag_hard_bound_outliers:122 -     OUTLIER → Cocoa | 2003-11-24 | ₦237,406/MT | Below hard floor 2,000,000
2026-04-11 15:39:05.524 | WARNING  | __main__:flag_hard_bound_outliers:122 -     OUTLIER → Cocoa | 2003-12-01 | ₦222,782/MT | Below hard floor 2,000,000
2026-04-11 15:39:05.524 | WARNING  | __main__:flag_hard_bound_outliers:122 -     OUTLIER → Cocoa | 2003-12-08 | ₦225,849/MT | Below hard floor 2,000,000
2026-04-11 15:39:05.524 | WARNING  | __main__:flag_hard_bound_outliers:122 -     OUTLIER → Cocoa | 2003-12-15 | ₦235,977/MT | Below hard floor 2,000,000
2026-04-11 15:39:05.524 | WARNING  | __main__:flag_hard_bound_outliers:122 -     OUTLIER → Cocoa | 2003-12-22 | ₦235,969/MT | Below hard floor 2,000,000
2026-04-11 15:39:05.524 | WARNING  | __main__:flag_hard_bound_outliers:122 -     OUTLIER → Cocoa | 2003-12-29 | ₦235,977/MT | Below hard floor 2,000,000
2026-04-11 15:39:05.524 | WARNING  | __main__:flag_hard_bound_outliers:122 -     OUTLIER → Cocoa | 2004-01-05 | ₦239,569/MT | Below hard floor 2,000,000
2026-04-11 15:39:05.524 | WARNING  | __main__:flag_hard_bound_outliers:122 -     OUTLIER → Cocoa | 2004-01-12 | ₦218,426/MT | Below hard floor 2,000,000
2026-04-11 15:39:05.524 | WARNING  | __main__:flag_hard_bound_outliers:122 -     OUTLIER → Cocoa | 2004-01-19 | ₦222,064/MT | Below hard floor 2,000,000
2026-04-11 15:39:05.524 | WARNING  | __main__:flag_hard_bound_outliers:122 -     OUTLIER → Cocoa | 2004-01-26 | ₦220,894/MT | Below hard floor 2,000,000
2026-04-11 15:39:05.524 | WARNING  | __main__:flag_hard_bound_outliers:122 -     OUTLIER → Cocoa | 2004-02-02 | ₦225,200/MT | Below hard floor 2,000,000
2026-04-11 15:39:05.537 | WARNING  | __main__:flag_hard_bound_outliers:122 -     OUTLIER → Cocoa | 2004-02-09 | ₦218,795/MT | Below hard floor 2,000,000
2026-04-11 15:39:05.538 | WARNING  | __main__:flag_hard_bound_outliers:122 -     OUTLIER → Cocoa | 2004-02-16 | ₦225,913/MT | Below hard floor 2,000,000
2026-04-11 15:39:05.539 | WARNING  | __main__:flag_hard_bound_outliers:122 -     OUTLIER → Cocoa | 2004-02-23 | ₦215,763/MT | Below hard floor 2,000,000
2026-04-11 15:39:05.540 | WARNING  | __main__:flag_hard_bound_outliers:122 -     OUTLIER → Cocoa | 2004-03-01 | ₦213,222/MT | Below hard floor 2,000,000
2026-04-11 15:39:05.541 | WARNING  | __main__:flag_hard_bound_outliers:122 -     OUTLIER → Cocoa | 2004-03-08 | ₦211,621/MT | Below hard floor 2,000,000
2026-04-11 15:39:05.543 | WARNING  | __main__:flag_hard_bound_outliers:122 -     OUTLIER → Cocoa | 2004-03-15 | ₦215,276/MT | Below hard floor 2,000,000
2026-04-11 15:39:05.544 | WARNING  | __main__:flag_hard_bound_outliers:122 -     OUTLIER → Cocoa | 2004-03-22 | ₦229,660/MT | Below hard floor 2,000,000
2026-04-11 15:39:05.544 | WARNING  | __main__:flag_hard_bound_outliers:122 -     OUTLIER → Cocoa | 2004-03-29 | ₦202,718/MT | Below hard floor 2,000,000
2026-04-11 15:39:05.545 | WARNING  | __main__:flag_hard_bound_outliers:122 -     OUTLIER → Cocoa | 2004-04-05 | ₦204,558/MT | Below hard floor 2,000,000
2026-04-11 15:39:05.546 | WARNING  | __main__:flag_hard_bound_outliers:122 -     OUTLIER → Cocoa | 2004-04-12 | ₦190,734/MT | Below hard floor 2,000,000
2026-04-11 15:39:05.548 | WARNING  | __main__:flag_hard_bound_outliers:122 -     OUTLIER → Cocoa | 2004-04-19 | ₦197,594/MT | Below hard floor 2,000,000
2026-04-11 15:39:05.559 | WARNING  | __main__:flag_hard_bound_outliers:122 -     OUTLIER → Cocoa | 2004-04-26 | ₦206,979/MT | Below hard floor 2,000,000
2026-04-11 15:39:05.561 | WARNING  | __main__:flag_hard_bound_outliers:122 -     OUTLIER → Cocoa | 2004-05-03 | ₦194,671/MT | Below hard floor 2,000,000
2026-04-11 15:39:05.563 | WARNING  | __main__:flag_hard_bound_outliers:122 -     OUTLIER → Cocoa | 2004-05-10 | ₦188,014/MT | Below hard floor 2,000,000
2026-04-11 15:39:05.563 | WARNING  | __main__:flag_hard_bound_outliers:122 -     OUTLIER → Cocoa | 2004-05-17 | ₦190,126/MT | Below hard floor 2,000,000
2026-04-11 15:39:05.568 | WARNING  | __main__:flag_hard_bound_outliers:122 -     OUTLIER → Cocoa | 2004-05-24 | ₦198,257/MT | Below hard floor 2,000,000
2026-04-11 15:39:05.572 | WARNING  | __main__:flag_hard_bound_outliers:122 -     OUTLIER → Cocoa | 2004-05-31 | ₦190,039/MT | Below hard floor 2,000,000
2026-04-11 15:39:05.572 | WARNING  | __main__:flag_hard_bound_outliers:122 -     OUTLIER → Cocoa | 2004-06-07 | ₦199,675/MT | Below hard floor 2,000,000
2026-04-11 15:39:05.574 | WARNING  | __main__:flag_hard_bound_outliers:122 -     OUTLIER → Cocoa | 2004-06-14 | ₦198,658/MT | Below hard floor 2,000,000
2026-04-11 15:39:05.574 | WARNING  | __main__:flag_hard_bound_outliers:122 -     OUTLIER → Cocoa | 2004-06-21 | ₦194,508/MT | Below hard floor 2,000,000
2026-04-11 15:39:05.576 | WARNING  | __main__:flag_hard_bound_outliers:122 -     OUTLIER → Cocoa | 2004-06-28 | ₦211,146/MT | Below hard floor 2,000,000
2026-04-11 15:39:05.576 | WARNING  | __main__:flag_hard_bound_outliers:122 -     OUTLIER → Cocoa | 2004-07-05 | ₦204,243/MT | Below hard floor 2,000,000
2026-04-11 15:39:05.576 | WARNING  | __main__:flag_hard_bound_outliers:122 -     OUTLIER → Cocoa | 2004-07-12 | ₦188,254/MT | Below hard floor 2,000,000
2026-04-11 15:39:05.576 | WARNING  | __main__:flag_hard_bound_outliers:122 -     OUTLIER → Cocoa | 2004-07-19 | ₦201,553/MT | Below hard floor 2,000,000
2026-04-11 15:39:05.576 | WARNING  | __main__:flag_hard_bound_outliers:122 -     OUTLIER → Cocoa | 2004-07-26 | ₦196,452/MT | Below hard floor 2,000,000
2026-04-11 15:39:05.576 | WARNING  | __main__:flag_hard_bound_outliers:122 -     OUTLIER → Cocoa | 2004-08-02 | ₦203,460/MT | Below hard floor 2,000,000
2026-04-11 15:39:05.576 | WARNING  | __main__:flag_hard_bound_outliers:122 -     OUTLIER → Cocoa | 2004-08-09 | ₦193,670/MT | Below hard floor 2,000,000
2026-04-11 15:39:05.576 | WARNING  | __main__:flag_hard_bound_outliers:122 -     OUTLIER → Cocoa | 2004-08-16 | ₦197,703/MT | Below hard floor 2,000,000
2026-04-11 15:39:05.585 | WARNING  | __main__:flag_hard_bound_outliers:122 -     OUTLIER → Cocoa | 2004-08-23 | ₦201,392/MT | Below hard floor 2,000,000
2026-04-11 15:39:05.587 | WARNING  | __main__:flag_hard_bound_outliers:122 -     OUTLIER → Cocoa | 2004-08-30 | ₦203,539/MT | Below hard floor 2,000,000
2026-04-11 15:39:05.587 | WARNING  | __main__:flag_hard_bound_outliers:122 -     OUTLIER → Cocoa | 2004-09-06 | ₦191,243/MT | Below hard floor 2,000,000
2026-04-11 15:39:05.587 | WARNING  | __main__:flag_hard_bound_outliers:122 -     OUTLIER → Cocoa | 2004-09-13 | ₦196,396/MT | Below hard floor 2,000,000
2026-04-11 15:39:05.587 | WARNING  | __main__:flag_hard_bound_outliers:122 -     OUTLIER → Cocoa | 2004-09-20 | ₦195,560/MT | Below hard floor 2,000,000
2026-04-11 15:39:05.587 | WARNING  | __main__:flag_hard_bound_outliers:122 -     OUTLIER → Cocoa | 2004-09-27 | ₦194,498/MT | Below hard floor 2,000,000
2026-04-11 15:39:05.587 | WARNING  | __main__:flag_hard_bound_outliers:122 -     OUTLIER → Cocoa | 2004-10-04 | ₦215,354/MT | Below hard floor 2,000,000
2026-04-11 15:39:05.587 | WARNING  | __main__:flag_hard_bound_outliers:122 -     OUTLIER → Cocoa | 2004-10-11 | ₦207,007/MT | Below hard floor 2,000,000
2026-04-11 15:39:05.587 | WARNING  | __main__:flag_hard_bound_outliers:122 -     OUTLIER → Cocoa | 2004-10-18 | ₦196,786/MT | Below hard floor 2,000,000
2026-04-11 15:39:05.587 | WARNING  | __main__:flag_hard_bound_outliers:122 -     OUTLIER → Cocoa | 2004-10-25 | ₦210,154/MT | Below hard floor 2,000,000
2026-04-11 15:39:05.587 | WARNING  | __main__:flag_hard_bound_outliers:122 -     OUTLIER → Cocoa | 2004-11-01 | ₦221,894/MT | Below hard floor 2,000,000
2026-04-11 15:39:05.587 | WARNING  | __main__:flag_hard_bound_outliers:122 -     OUTLIER → Cocoa | 2004-11-08 | ₦215,074/MT | Below hard floor 2,000,000
2026-04-11 15:39:05.587 | WARNING  | __main__:flag_hard_bound_outliers:122 -     OUTLIER → Cocoa | 2004-11-15 | ₦199,104/MT | Below hard floor 2,000,000
2026-04-11 15:39:05.587 | WARNING  | __main__:flag_hard_bound_outliers:122 -     OUTLIER → Cocoa | 2004-11-22 | ₦205,582/MT | Below hard floor 2,000,000
2026-04-11 15:39:05.587 | WARNING  | __main__:flag_hard_bound_outliers:122 -     OUTLIER → Cocoa | 2004-11-29 | ₦216,541/MT | Below hard floor 2,000,000
2026-04-11 15:39:05.587 | WARNING  | __main__:flag_hard_bound_outliers:122 -     OUTLIER → Cocoa | 2004-12-06 | ₦206,185/MT | Below hard floor 2,000,000
2026-04-11 15:39:05.587 | WARNING  | __main__:flag_hard_bound_outliers:122 -     OUTLIER → Cocoa | 2004-12-13 | ₦213,462/MT | Below hard floor 2,000,000
2026-04-11 15:39:05.602 | WARNING  | __main__:flag_hard_bound_outliers:122 -     OUTLIER → Cocoa | 2004-12-20 | ₦215,553/MT | Below hard floor 2,000,000
2026-04-11 15:39:05.603 | WARNING  | __main__:flag_hard_bound_outliers:122 -     OUTLIER → Cocoa | 2004-12-27 | ₦204,800/MT | Below hard floor 2,000,000
2026-04-11 15:39:05.604 | WARNING  | __main__:flag_hard_bound_outliers:122 -     OUTLIER → Cocoa | 2005-01-03 | ₦205,271/MT | Below hard floor 2,000,000
2026-04-11 15:39:05.605 | WARNING  | __main__:flag_hard_bound_outliers:122 -     OUTLIER → Cocoa | 2005-01-10 | ₦185,643/MT | Below hard floor 2,000,000
2026-04-11 15:39:05.607 | WARNING  | __main__:flag_hard_bound_outliers:122 -     OUTLIER → Cocoa | 2005-01-17 | ₦199,319/MT | Below hard floor 2,000,000
2026-04-11 15:39:05.608 | WARNING  | __main__:flag_hard_bound_outliers:122 -     OUTLIER → Cocoa | 2005-01-24 | ₦204,080/MT | Below hard floor 2,000,000
2026-04-11 15:39:05.609 | WARNING  | __main__:flag_hard_bound_outliers:122 -     OUTLIER → Cocoa | 2005-01-31 | ₦197,941/MT | Below hard floor 2,000,000
2026-04-11 15:39:05.609 | WARNING  | __main__:flag_hard_bound_outliers:122 -     OUTLIER → Cocoa | 2005-02-07 | ₦221,872/MT | Below hard floor 2,000,000
2026-04-11 15:39:05.609 | WARNING  | __main__:flag_hard_bound_outliers:122 -     OUTLIER → Cocoa | 2005-02-14 | ₦202,439/MT | Below hard floor 2,000,000
2026-04-11 15:39:05.614 | WARNING  | __main__:flag_hard_bound_outliers:122 -     OUTLIER → Cocoa | 2005-02-21 | ₦208,722/MT | Below hard floor 2,000,000
2026-04-11 15:39:05.614 | WARNING  | __main__:flag_hard_bound_outliers:122 -     OUTLIER → Cocoa | 2005-02-28 | ₦212,344/MT | Below hard floor 2,000,000
2026-04-11 15:39:05.615 | WARNING  | __main__:flag_hard_bound_outliers:122 -     OUTLIER → Cocoa | 2005-03-07 | ₦214,530/MT | Below hard floor 2,000,000
2026-04-11 15:39:05.616 | WARNING  | __main__:flag_hard_bound_outliers:122 -     OUTLIER → Cocoa | 2005-03-14 | ₦196,781/MT | Below hard floor 2,000,000
2026-04-11 15:39:05.616 | WARNING  | __main__:flag_hard_bound_outliers:122 -     OUTLIER → Cocoa | 2005-03-21 | ₦212,814/MT | Below hard floor 2,000,000
2026-04-11 15:39:05.616 | WARNING  | __main__:flag_hard_bound_outliers:122 -     OUTLIER → Cocoa | 2005-03-28 | ₦205,702/MT | Below hard floor 2,000,000
2026-04-11 15:39:05.619 | WARNING  | __main__:flag_hard_bound_outliers:122 -     OUTLIER → Cocoa | 2005-04-04 | ₦186,278/MT | Below hard floor 2,000,000
2026-04-11 15:39:05.620 | WARNING  | __main__:flag_hard_bound_outliers:122 -     OUTLIER → Cocoa | 2005-04-11 | ₦194,590/MT | Below hard floor 2,000,000
2026-04-11 15:39:05.620 | WARNING  | __main__:flag_hard_bound_outliers:122 -     OUTLIER → Cocoa | 2005-04-18 | ₦193,076/MT | Below hard floor 2,000,000
2026-04-11 15:39:05.622 | WARNING  | __main__:flag_hard_bound_outliers:122 -     OUTLIER → Cocoa | 2005-04-25 | ₦188,473/MT | Below hard floor 2,000,000
2026-04-11 15:39:05.624 | WARNING  | __main__:flag_hard_bound_outliers:122 -     OUTLIER → Cocoa | 2005-05-02 | ₦186,444/MT | Below hard floor 2,000,000
2026-04-11 15:39:05.625 | WARNING  | __main__:flag_hard_bound_outliers:122 -     OUTLIER → Cocoa | 2005-05-09 | ₦183,903/MT | Below hard floor 2,000,000
2026-04-11 15:39:05.626 | WARNING  | __main__:flag_hard_bound_outliers:122 -     OUTLIER → Cocoa | 2005-05-16 | ₦186,688/MT | Below hard floor 2,000,000
2026-04-11 15:39:05.627 | WARNING  | __main__:flag_hard_bound_outliers:122 -     OUTLIER → Cocoa | 2005-05-23 | ₦189,750/MT | Below hard floor 2,000,000
2026-04-11 15:39:05.628 | WARNING  | __main__:flag_hard_bound_outliers:122 -     OUTLIER → Cocoa | 2005-05-30 | ₦194,907/MT | Below hard floor 2,000,000
2026-04-11 15:39:05.629 | WARNING  | __main__:flag_hard_bound_outliers:122 -     OUTLIER → Cocoa | 2005-06-06 | ₦182,916/MT | Below hard floor 2,000,000
2026-04-11 15:39:05.629 | WARNING  | __main__:flag_hard_bound_outliers:122 -     OUTLIER → Cocoa | 2005-06-13 | ₦202,127/MT | Below hard floor 2,000,000
2026-04-11 15:39:05.629 | WARNING  | __main__:flag_hard_bound_outliers:122 -     OUTLIER → Cocoa | 2005-06-20 | ₦178,846/MT | Below hard floor 2,000,000
2026-04-11 15:39:05.631 | WARNING  | __main__:flag_hard_bound_outliers:122 -     OUTLIER → Cocoa | 2005-06-27 | ₦189,106/MT | Below hard floor 2,000,000
2026-04-11 15:39:05.632 | WARNING  | __main__:flag_hard_bound_outliers:122 -     OUTLIER → Cocoa | 2005-07-04 | ₦195,317/MT | Below hard floor 2,000,000
2026-04-11 15:39:05.633 | WARNING  | __main__:flag_hard_bound_outliers:122 -     OUTLIER → Cocoa | 2005-07-11 | ₦193,547/MT | Below hard floor 2,000,000
2026-04-11 15:39:05.633 | WARNING  | __main__:flag_hard_bound_outliers:122 -     OUTLIER → Cocoa | 2005-07-18 | ₦188,344/MT | Below hard floor 2,000,000
2026-04-11 15:39:05.634 | WARNING  | __main__:flag_hard_bound_outliers:122 -     OUTLIER → Cocoa | 2005-07-25 | ₦190,731/MT | Below hard floor 2,000,000
2026-04-11 15:39:05.635 | WARNING  | __main__:flag_hard_bound_outliers:122 -     OUTLIER → Cocoa | 2005-08-01 | ₦187,161/MT | Below hard floor 2,000,000
2026-04-11 15:39:05.637 | WARNING  | __main__:flag_hard_bound_outliers:122 -     OUTLIER → Cocoa | 2005-08-08 | ₦186,612/MT | Below hard floor 2,000,000
2026-04-11 15:39:05.637 | WARNING  | __main__:flag_hard_bound_outliers:122 -     OUTLIER → Cocoa | 2005-08-15 | ₦194,813/MT | Below hard floor 2,000,000
2026-04-11 15:39:05.637 | WARNING  | __main__:flag_hard_bound_outliers:122 -     OUTLIER → Cocoa | 2005-08-22 | ₦192,006/MT | Below hard floor 2,000,000
2026-04-11 15:39:05.637 | WARNING  | __main__:flag_hard_bound_outliers:122 -     OUTLIER → Cocoa | 2005-08-29 | ₦186,022/MT | Below hard floor 2,000,000
2026-04-11 15:39:05.642 | WARNING  | __main__:flag_hard_bound_outliers:122 -     OUTLIER → Cocoa | 2005-09-05 | ₦195,098/MT | Below hard floor 2,000,000
2026-04-11 15:39:05.643 | WARNING  | __main__:flag_hard_bound_outliers:122 -     OUTLIER → Cocoa | 2005-09-12 | ₦191,722/MT | Below hard floor 2,000,000
2026-04-11 15:39:05.644 | WARNING  | __main__:flag_hard_bound_outliers:122 -     OUTLIER → Cocoa | 2005-09-19 | ₦194,604/MT | Below hard floor 2,000,000
2026-04-11 15:39:05.645 | WARNING  | __main__:flag_hard_bound_outliers:122 -     OUTLIER → Cocoa | 2005-09-26 | ₦193,559/MT | Below hard floor 2,000,000
2026-04-11 15:39:05.645 | WARNING  | __main__:flag_hard_bound_outliers:122 -     OUTLIER → Cocoa | 2005-10-03 | ₦190,976/MT | Below hard floor 2,000,000
2026-04-11 15:39:05.646 | WARNING  | __main__:flag_hard_bound_outliers:122 -     OUTLIER → Cocoa | 2005-10-10 | ₦192,555/MT | Below hard floor 2,000,000
2026-04-11 15:39:05.646 | WARNING  | __main__:flag_hard_bound_outliers:122 -     OUTLIER → Cocoa | 2005-10-17 | ₦200,237/MT | Below hard floor 2,000,000
2026-04-11 15:39:05.646 | WARNING  | __main__:flag_hard_bound_outliers:122 -     OUTLIER → Cocoa | 2005-10-24 | ₦199,432/MT | Below hard floor 2,000,000
2026-04-11 15:39:05.649 | WARNING  | __main__:flag_hard_bound_outliers:122 -     OUTLIER → Cocoa | 2005-10-31 | ₦195,724/MT | Below hard floor 2,000,000
2026-04-11 15:39:05.650 | WARNING  | __main__:flag_hard_bound_outliers:122 -     OUTLIER → Cocoa | 2005-11-07 | ₦200,466/MT | Below hard floor 2,000,000
2026-04-11 15:39:05.650 | WARNING  | __main__:flag_hard_bound_outliers:122 -     OUTLIER → Cocoa | 2005-11-14 | ₦207,420/MT | Below hard floor 2,000,000
2026-04-11 15:39:05.651 | WARNING  | __main__:flag_hard_bound_outliers:122 -     OUTLIER → Cocoa | 2005-11-21 | ₦196,218/MT | Below hard floor 2,000,000
2026-04-11 15:39:05.652 | WARNING  | __main__:flag_hard_bound_outliers:122 -     OUTLIER → Cocoa | 2005-11-28 | ₦203,042/MT | Below hard floor 2,000,000
2026-04-11 15:39:05.653 | WARNING  | __main__:flag_hard_bound_outliers:122 -     OUTLIER → Cocoa | 2005-12-05 | ₦200,498/MT | Below hard floor 2,000,000
2026-04-11 15:39:05.653 | WARNING  | __main__:flag_hard_bound_outliers:122 -     OUTLIER → Cocoa | 2005-12-12 | ₦200,404/MT | Below hard floor 2,000,000
2026-04-11 15:39:05.653 | WARNING  | __main__:flag_hard_bound_outliers:122 -     OUTLIER → Cocoa | 2005-12-19 | ₦208,371/MT | Below hard floor 2,000,000
2026-04-11 15:39:05.659 | WARNING  | __main__:flag_hard_bound_outliers:122 -     OUTLIER → Cocoa | 2005-12-26 | ₦206,717/MT | Below hard floor 2,000,000
2026-04-11 15:39:05.661 | WARNING  | __main__:flag_hard_bound_outliers:122 -     OUTLIER → Cocoa | 2006-01-02 | ₦219,608/MT | Below hard floor 2,000,000
2026-04-11 15:39:05.661 | WARNING  | __main__:flag_hard_bound_outliers:122 -     OUTLIER → Cocoa | 2006-01-09 | ₦222,772/MT | Below hard floor 2,000,000
2026-04-11 15:39:05.662 | WARNING  | __main__:flag_hard_bound_outliers:122 -     OUTLIER → Cocoa | 2006-01-16 | ₦214,511/MT | Below hard floor 2,000,000
2026-04-11 15:39:05.663 | WARNING  | __main__:flag_hard_bound_outliers:122 -     OUTLIER → Cocoa | 2006-01-23 | ₦218,762/MT | Below hard floor 2,000,000
2026-04-11 15:39:05.664 | WARNING  | __main__:flag_hard_bound_outliers:122 -     OUTLIER → Cocoa | 2006-01-30 | ₦212,381/MT | Below hard floor 2,000,000
2026-04-11 15:39:05.664 | WARNING  | __main__:flag_hard_bound_outliers:122 -     OUTLIER → Cocoa | 2006-02-06 | ₦222,645/MT | Below hard floor 2,000,000
2026-04-11 15:39:05.664 | WARNING  | __main__:flag_hard_bound_outliers:122 -     OUTLIER → Cocoa | 2006-02-13 | ₦219,640/MT | Below hard floor 2,000,000
2026-04-11 15:39:05.664 | WARNING  | __main__:flag_hard_bound_outliers:122 -     OUTLIER → Cocoa | 2006-02-20 | ₦221,143/MT | Below hard floor 2,000,000
2026-04-11 15:39:05.667 | WARNING  | __main__:flag_hard_bound_outliers:122 -     OUTLIER → Cocoa | 2006-02-27 | ₦224,438/MT | Below hard floor 2,000,000
2026-04-11 15:39:05.668 | WARNING  | __main__:flag_hard_bound_outliers:122 -     OUTLIER → Cocoa | 2006-03-06 | ₦209,114/MT | Below hard floor 2,000,000
2026-04-11 15:39:05.669 | WARNING  | __main__:flag_hard_bound_outliers:122 -     OUTLIER → Cocoa | 2006-03-13 | ₦227,833/MT | Below hard floor 2,000,000
2026-04-11 15:39:05.670 | WARNING  | __main__:flag_hard_bound_outliers:122 -     OUTLIER → Cocoa | 2006-03-20 | ₦207,906/MT | Below hard floor 2,000,000
2026-04-11 15:39:05.670 | WARNING  | __main__:flag_hard_bound_outliers:122 -     OUTLIER → Cocoa | 2006-03-27 | ₦206,567/MT | Below hard floor 2,000,000
2026-04-11 15:39:05.670 | WARNING  | __main__:flag_hard_bound_outliers:122 -     OUTLIER → Cocoa | 2006-04-03 | ₦207,036/MT | Below hard floor 2,000,000
2026-04-11 15:39:05.670 | WARNING  | __main__:flag_hard_bound_outliers:122 -     OUTLIER → Cocoa | 2006-04-10 | ₦204,836/MT | Below hard floor 2,000,000
2026-04-11 15:39:05.675 | WARNING  | __main__:flag_hard_bound_outliers:122 -     OUTLIER → Cocoa | 2006-04-17 | ₦203,830/MT | Below hard floor 2,000,000
2026-04-11 15:39:05.676 | WARNING  | __main__:flag_hard_bound_outliers:122 -     OUTLIER → Cocoa | 2006-04-24 | ₦203,856/MT | Below hard floor 2,000,000
2026-04-11 15:39:05.677 | WARNING  | __main__:flag_hard_bound_outliers:122 -     OUTLIER → Cocoa | 2006-05-01 | ₦193,888/MT | Below hard floor 2,000,000
2026-04-11 15:39:05.678 | WARNING  | __main__:flag_hard_bound_outliers:122 -     OUTLIER → Cocoa | 2006-05-08 | ₦188,738/MT | Below hard floor 2,000,000
2026-04-11 15:39:05.679 | WARNING  | __main__:flag_hard_bound_outliers:122 -     OUTLIER → Cocoa | 2006-05-15 | ₦194,400/MT | Below hard floor 2,000,000
2026-04-11 15:39:05.679 | WARNING  | __main__:flag_hard_bound_outliers:122 -     OUTLIER → Cocoa | 2006-05-22 | ₦190,019/MT | Below hard floor 2,000,000
2026-04-11 15:39:05.681 | WARNING  | __main__:flag_hard_bound_outliers:122 -     OUTLIER → Cocoa | 2006-05-29 | ₦199,633/MT | Below hard floor 2,000,000
2026-04-11 15:39:05.681 | WARNING  | __main__:flag_hard_bound_outliers:122 -     OUTLIER → Cocoa | 2006-06-05 | ₦197,169/MT | Below hard floor 2,000,000
2026-04-11 15:39:05.681 | WARNING  | __main__:flag_hard_bound_outliers:122 -     OUTLIER → Cocoa | 2006-06-12 | ₦193,138/MT | Below hard floor 2,000,000
2026-04-11 15:39:05.681 | WARNING  | __main__:flag_hard_bound_outliers:122 -     OUTLIER → Cocoa | 2006-06-19 | ₦196,133/MT | Below hard floor 2,000,000
2026-04-11 15:39:05.681 | WARNING  | __main__:flag_hard_bound_outliers:122 -     OUTLIER → Cocoa | 2006-06-26 | ₦200,496/MT | Below hard floor 2,000,000
2026-04-11 15:39:05.685 | WARNING  | __main__:flag_hard_bound_outliers:122 -     OUTLIER → Cocoa | 2006-07-03 | ₦196,700/MT | Below hard floor 2,000,000
2026-04-11 15:39:05.687 | WARNING  | __main__:flag_hard_bound_outliers:122 -     OUTLIER → Cocoa | 2006-07-10 | ₦195,149/MT | Below hard floor 2,000,000
2026-04-11 15:39:05.687 | WARNING  | __main__:flag_hard_bound_outliers:122 -     OUTLIER → Cocoa | 2006-07-17 | ₦201,547/MT | Below hard floor 2,000,000
2026-04-11 15:39:05.687 | WARNING  | __main__:flag_hard_bound_outliers:122 -     OUTLIER → Cocoa | 2006-07-24 | ₦201,555/MT | Below hard floor 2,000,000
2026-04-11 15:39:05.687 | WARNING  | __main__:flag_hard_bound_outliers:122 -     OUTLIER → Cocoa | 2006-07-31 | ₦197,041/MT | Below hard floor 2,000,000
2026-04-11 15:39:05.692 | WARNING  | __main__:flag_hard_bound_outliers:122 -     OUTLIER → Cocoa | 2006-08-07 | ₦195,244/MT | Below hard floor 2,000,000
2026-04-11 15:39:05.692 | WARNING  | __main__:flag_hard_bound_outliers:122 -     OUTLIER → Cocoa | 2006-08-14 | ₦199,421/MT | Below hard floor 2,000,000
2026-04-11 15:39:05.693 | WARNING  | __main__:flag_hard_bound_outliers:122 -     OUTLIER → Cocoa | 2006-08-21 | ₦189,439/MT | Below hard floor 2,000,000
2026-04-11 15:39:05.694 | WARNING  | __main__:flag_hard_bound_outliers:122 -     OUTLIER → Cocoa | 2006-08-28 | ₦189,680/MT | Below hard floor 2,000,000
2026-04-11 15:39:05.696 | WARNING  | __main__:flag_hard_bound_outliers:122 -     OUTLIER → Cocoa | 2006-09-04 | ₦193,774/MT | Below hard floor 2,000,000
2026-04-11 15:39:05.696 | WARNING  | __main__:flag_hard_bound_outliers:122 -     OUTLIER → Cocoa | 2006-09-11 | ₦196,774/MT | Below hard floor 2,000,000
2026-04-11 15:39:05.696 | WARNING  | __main__:flag_hard_bound_outliers:122 -     OUTLIER → Cocoa | 2006-09-18 | ₦199,890/MT | Below hard floor 2,000,000
2026-04-11 15:39:05.696 | WARNING  | __main__:flag_hard_bound_outliers:122 -     OUTLIER → Cocoa | 2006-09-25 | ₦206,808/MT | Below hard floor 2,000,000
2026-04-11 15:39:05.696 | WARNING  | __main__:flag_hard_bound_outliers:122 -     OUTLIER → Cocoa | 2006-10-02 | ₦209,421/MT | Below hard floor 2,000,000
2026-04-11 15:39:05.696 | WARNING  | __main__:flag_hard_bound_outliers:122 -     OUTLIER → Cocoa | 2006-10-09 | ₦203,188/MT | Below hard floor 2,000,000
2026-04-11 15:39:05.696 | WARNING  | __main__:flag_hard_bound_outliers:122 -     OUTLIER → Cocoa | 2006-10-16 | ₦204,051/MT | Below hard floor 2,000,000
2026-04-11 15:39:05.702 | WARNING  | __main__:flag_hard_bound_outliers:122 -     OUTLIER → Cocoa | 2006-10-23 | ₦198,027/MT | Below hard floor 2,000,000
2026-04-11 15:39:05.703 | WARNING  | __main__:flag_hard_bound_outliers:122 -     OUTLIER → Cocoa | 2006-10-30 | ₦204,054/MT | Below hard floor 2,000,000
2026-04-11 15:39:05.703 | WARNING  | __main__:flag_hard_bound_outliers:122 -     OUTLIER → Cocoa | 2006-11-06 | ₦206,448/MT | Below hard floor 2,000,000
2026-04-11 15:39:05.703 | WARNING  | __main__:flag_hard_bound_outliers:122 -     OUTLIER → Cocoa | 2006-11-13 | ₦210,267/MT | Below hard floor 2,000,000
2026-04-11 15:39:05.707 | WARNING  | __main__:flag_hard_bound_outliers:122 -     OUTLIER → Cocoa | 2006-11-20 | ₦203,083/MT | Below hard floor 2,000,000
2026-04-11 15:39:05.709 | WARNING  | __main__:flag_hard_bound_outliers:122 -     OUTLIER → Cocoa | 2006-11-27 | ₦211,496/MT | Below hard floor 2,000,000
2026-04-11 15:39:05.710 | WARNING  | __main__:flag_hard_bound_outliers:122 -     OUTLIER → Cocoa | 2006-12-04 | ₦219,962/MT | Below hard floor 2,000,000
2026-04-11 15:39:05.711 | WARNING  | __main__:flag_hard_bound_outliers:122 -     OUTLIER → Cocoa | 2006-12-11 | ₦209,606/MT | Below hard floor 2,000,000
2026-04-11 15:39:05.711 | WARNING  | __main__:flag_hard_bound_outliers:122 -     OUTLIER → Cocoa | 2006-12-18 | ₦212,827/MT | Below hard floor 2,000,000
2026-04-11 15:39:05.712 | WARNING  | __main__:flag_hard_bound_outliers:122 -     OUTLIER → Cocoa | 2006-12-25 | ₦214,647/MT | Below hard floor 2,000,000
2026-04-11 15:39:05.713 | WARNING  | __main__:flag_hard_bound_outliers:122 -     OUTLIER → Cocoa | 2007-01-01 | ₦254,275/MT | Below hard floor 2,000,000
2026-04-11 15:39:05.714 | WARNING  | __main__:flag_hard_bound_outliers:122 -     OUTLIER → Cocoa | 2007-01-08 | ₦259,103/MT | Below hard floor 2,000,000
2026-04-11 15:39:05.714 | WARNING  | __main__:flag_hard_bound_outliers:122 -     OUTLIER → Cocoa | 2007-01-15 | ₦257,470/MT | Below hard floor 2,000,000
2026-04-11 15:39:05.716 | WARNING  | __main__:flag_hard_bound_outliers:122 -     OUTLIER → Cocoa | 2007-01-22 | ₦258,127/MT | Below hard floor 2,000,000
2026-04-11 15:39:05.716 | WARNING  | __main__:flag_hard_bound_outliers:122 -     OUTLIER → Cocoa | 2007-01-29 | ₦251,404/MT | Below hard floor 2,000,000
2026-04-11 15:39:05.717 | WARNING  | __main__:flag_hard_bound_outliers:122 -     OUTLIER → Cocoa | 2007-02-05 | ₦264,921/MT | Below hard floor 2,000,000
2026-04-11 15:39:05.718 | WARNING  | __main__:flag_hard_bound_outliers:122 -     OUTLIER → Cocoa | 2007-02-12 | ₦268,681/MT | Below hard floor 2,000,000
2026-04-11 15:39:05.718 | WARNING  | __main__:flag_hard_bound_outliers:122 -     OUTLIER → Cocoa | 2007-02-19 | ₦276,251/MT | Below hard floor 2,000,000
2026-04-11 15:39:05.719 | WARNING  | __main__:flag_hard_bound_outliers:122 -     OUTLIER → Cocoa | 2007-02-26 | ₦272,345/MT | Below hard floor 2,000,000
2026-04-11 15:39:05.720 | WARNING  | __main__:flag_hard_bound_outliers:122 -     OUTLIER → Cocoa | 2007-03-05 | ₦273,998/MT | Below hard floor 2,000,000
2026-04-11 15:39:05.720 | WARNING  | __main__:flag_hard_bound_outliers:122 -     OUTLIER → Cocoa | 2007-03-12 | ₦251,448/MT | Below hard floor 2,000,000
2026-04-11 15:39:05.723 | WARNING  | __main__:flag_hard_bound_outliers:122 -     OUTLIER → Cocoa | 2007-03-19 | ₦264,108/MT | Below hard floor 2,000,000
2026-04-11 15:39:05.724 | WARNING  | __main__:flag_hard_bound_outliers:122 -     OUTLIER → Cocoa | 2007-03-26 | ₦258,788/MT | Below hard floor 2,000,000
2026-04-11 15:39:05.726 | WARNING  | __main__:flag_hard_bound_outliers:122 -     OUTLIER → Cocoa | 2007-04-02 | ₦255,995/MT | Below hard floor 2,000,000
2026-04-11 15:39:05.726 | WARNING  | __main__:flag_hard_bound_outliers:122 -     OUTLIER → Cocoa | 2007-04-09 | ₦234,390/MT | Below hard floor 2,000,000
2026-04-11 15:39:05.727 | WARNING  | __main__:flag_hard_bound_outliers:122 -     OUTLIER → Cocoa | 2007-04-16 | ₦234,163/MT | Below hard floor 2,000,000
2026-04-11 15:39:05.728 | WARNING  | __main__:flag_hard_bound_outliers:122 -     OUTLIER → Cocoa | 2007-04-23 | ₦235,895/MT | Below hard floor 2,000,000
2026-04-11 15:39:05.729 | WARNING  | __main__:flag_hard_bound_outliers:122 -     OUTLIER → Cocoa | 2007-04-30 | ₦224,909/MT | Below hard floor 2,000,000
2026-04-11 15:39:05.729 | WARNING  | __main__:flag_hard_bound_outliers:122 -     OUTLIER → Cocoa | 2007-05-07 | ₦229,188/MT | Below hard floor 2,000,000
2026-04-11 15:39:05.729 | WARNING  | __main__:flag_hard_bound_outliers:122 -     OUTLIER → Cocoa | 2007-05-14 | ₦227,558/MT | Below hard floor 2,000,000
2026-04-11 15:39:05.729 | WARNING  | __main__:flag_hard_bound_outliers:122 -     OUTLIER → Cocoa | 2007-05-21 | ₦233,912/MT | Below hard floor 2,000,000
2026-04-11 15:39:05.729 | WARNING  | __main__:flag_hard_bound_outliers:122 -     OUTLIER → Cocoa | 2007-05-28 | ₦235,248/MT | Below hard floor 2,000,000
2026-04-11 15:39:05.733 | WARNING  | __main__:flag_hard_bound_outliers:122 -     OUTLIER → Cocoa | 2007-06-04 | ₦251,146/MT | Below hard floor 2,000,000
2026-04-11 15:39:05.734 | WARNING  | __main__:flag_hard_bound_outliers:122 -     OUTLIER → Cocoa | 2007-06-11 | ₦244,543/MT | Below hard floor 2,000,000
2026-04-11 15:39:05.734 | WARNING  | __main__:flag_hard_bound_outliers:122 -     OUTLIER → Cocoa | 2007-06-18 | ₦233,648/MT | Below hard floor 2,000,000
2026-04-11 15:39:05.736 | WARNING  | __main__:flag_hard_bound_outliers:122 -     OUTLIER → Cocoa | 2007-06-25 | ₦231,355/MT | Below hard floor 2,000,000
2026-04-11 15:39:05.737 | WARNING  | __main__:flag_hard_bound_outliers:122 -     OUTLIER → Cocoa | 2007-07-02 | ₦243,759/MT | Below hard floor 2,000,000
2026-04-11 15:39:05.737 | WARNING  | __main__:flag_hard_bound_outliers:122 -     OUTLIER → Cocoa | 2007-07-09 | ₦230,700/MT | Below hard floor 2,000,000
2026-04-11 15:39:05.737 | WARNING  | __main__:flag_hard_bound_outliers:122 -     OUTLIER → Cocoa | 2007-07-16 | ₦253,413/MT | Below hard floor 2,000,000
2026-04-11 15:39:05.741 | WARNING  | __main__:flag_hard_bound_outliers:122 -     OUTLIER → Cocoa | 2007-07-23 | ₦248,714/MT | Below hard floor 2,000,000
2026-04-11 15:39:05.742 | WARNING  | __main__:flag_hard_bound_outliers:122 -     OUTLIER → Cocoa | 2007-07-30 | ₦236,833/MT | Below hard floor 2,000,000
2026-04-11 15:39:05.743 | WARNING  | __main__:flag_hard_bound_outliers:122 -     OUTLIER → Cocoa | 2007-08-06 | ₦225,544/MT | Below hard floor 2,000,000
2026-04-11 15:39:05.744 | WARNING  | __main__:flag_hard_bound_outliers:122 -     OUTLIER → Cocoa | 2007-08-13 | ₦247,420/MT | Below hard floor 2,000,000
2026-04-11 15:39:05.745 | WARNING  | __main__:flag_hard_bound_outliers:122 -     OUTLIER → Cocoa | 2007-08-20 | ₦236,946/MT | Below hard floor 2,000,000
2026-04-11 15:39:05.746 | WARNING  | __main__:flag_hard_bound_outliers:122 -     OUTLIER → Cocoa | 2007-08-27 | ₦246,593/MT | Below hard floor 2,000,000
2026-04-11 15:39:05.746 | WARNING  | __main__:flag_hard_bound_outliers:122 -     OUTLIER → Cocoa | 2007-09-03 | ₦226,390/MT | Below hard floor 2,000,000
2026-04-11 15:39:05.746 | WARNING  | __main__:flag_hard_bound_outliers:122 -     OUTLIER → Cocoa | 2007-09-10 | ₦233,488/MT | Below hard floor 2,000,000
2026-04-11 15:39:05.746 | WARNING  | __main__:flag_hard_bound_outliers:122 -     OUTLIER → Cocoa | 2007-09-17 | ₦237,801/MT | Below hard floor 2,000,000
2026-04-11 15:39:05.746 | WARNING  | __main__:flag_hard_bound_outliers:122 -     OUTLIER → Cocoa | 2007-09-24 | ₦238,098/MT | Below hard floor 2,000,000
2026-04-11 15:39:05.750 | WARNING  | __main__:flag_hard_bound_outliers:122 -     OUTLIER → Cocoa | 2007-10-01 | ₦241,807/MT | Below hard floor 2,000,000
2026-04-11 15:39:05.751 | WARNING  | __main__:flag_hard_bound_outliers:122 -     OUTLIER → Cocoa | 2007-10-08 | ₦249,697/MT | Below hard floor 2,000,000
2026-04-11 15:39:05.751 | WARNING  | __main__:flag_hard_bound_outliers:122 -     OUTLIER → Cocoa | 2007-10-15 | ₦237,266/MT | Below hard floor 2,000,000
2026-04-11 15:39:05.752 | WARNING  | __main__:flag_hard_bound_outliers:122 -     OUTLIER → Cocoa | 2007-10-22 | ₦244,070/MT | Below hard floor 2,000,000
2026-04-11 15:39:05.753 | WARNING  | __main__:flag_hard_bound_outliers:122 -     OUTLIER → Cocoa | 2007-10-29 | ₦246,001/MT | Below hard floor 2,000,000
2026-04-11 15:39:05.753 | WARNING  | __main__:flag_hard_bound_outliers:122 -     OUTLIER → Cocoa | 2007-11-05 | ₦253,878/MT | Below hard floor 2,000,000
2026-04-11 15:39:05.753 | WARNING  | __main__:flag_hard_bound_outliers:122 -     OUTLIER → Cocoa | 2007-11-12 | ₦255,357/MT | Below hard floor 2,000,000
2026-04-11 15:39:05.758 | WARNING  | __main__:flag_hard_bound_outliers:122 -     OUTLIER → Cocoa | 2007-11-19 | ₦241,584/MT | Below hard floor 2,000,000
2026-04-11 15:39:05.760 | WARNING  | __main__:flag_hard_bound_outliers:122 -     OUTLIER → Cocoa | 2007-11-26 | ₦238,512/MT | Below hard floor 2,000,000
2026-04-11 15:39:05.761 | WARNING  | __main__:flag_hard_bound_outliers:122 -     OUTLIER → Cocoa | 2007-12-03 | ₦262,148/MT | Below hard floor 2,000,000
2026-04-11 15:39:05.762 | WARNING  | __main__:flag_hard_bound_outliers:122 -     OUTLIER → Cocoa | 2007-12-10 | ₦254,987/MT | Below hard floor 2,000,000
2026-04-11 15:39:05.763 | WARNING  | __main__:flag_hard_bound_outliers:122 -     OUTLIER → Cocoa | 2007-12-17 | ₦246,801/MT | Below hard floor 2,000,000
2026-04-11 15:39:05.764 | WARNING  | __main__:flag_hard_bound_outliers:122 -     OUTLIER → Cocoa | 2007-12-24 | ₦264,219/MT | Below hard floor 2,000,000
2026-04-11 15:39:05.764 | WARNING  | __main__:flag_hard_bound_outliers:122 -     OUTLIER → Cocoa | 2007-12-31 | ₦253,346/MT | Below hard floor 2,000,000
2026-04-11 15:39:05.764 | WARNING  | __main__:flag_hard_bound_outliers:122 -     OUTLIER → Cocoa | 2008-01-07 | ₦331,410/MT | Below hard floor 2,000,000
2026-04-11 15:39:05.764 | WARNING  | __main__:flag_hard_bound_outliers:122 -     OUTLIER → Cocoa | 2008-01-14 | ₦320,734/MT | Below hard floor 2,000,000
2026-04-11 15:39:05.767 | WARNING  | __main__:flag_hard_bound_outliers:122 -     OUTLIER → Cocoa | 2008-01-21 | ₦339,874/MT | Below hard floor 2,000,000
2026-04-11 15:39:05.768 | WARNING  | __main__:flag_hard_bound_outliers:122 -     OUTLIER → Cocoa | 2008-01-28 | ₦336,941/MT | Below hard floor 2,000,000
2026-04-11 15:39:05.768 | WARNING  | __main__:flag_hard_bound_outliers:122 -     OUTLIER → Cocoa | 2008-02-04 | ₦326,772/MT | Below hard floor 2,000,000
2026-04-11 15:39:05.770 | WARNING  | __main__:flag_hard_bound_outliers:122 -     OUTLIER → Cocoa | 2008-02-11 | ₦338,827/MT | Below hard floor 2,000,000
2026-04-11 15:39:05.770 | WARNING  | __main__:flag_hard_bound_outliers:122 -     OUTLIER → Cocoa | 2008-02-18 | ₦335,605/MT | Below hard floor 2,000,000
2026-04-11 15:39:05.770 | WARNING  | __main__:flag_hard_bound_outliers:122 -     OUTLIER → Cocoa | 2008-02-25 | ₦342,749/MT | Below hard floor 2,000,000
2026-04-11 15:39:05.770 | WARNING  | __main__:flag_hard_bound_outliers:122 -     OUTLIER → Cocoa | 2008-03-03 | ₦310,820/MT | Below hard floor 2,000,000
2026-04-11 15:39:05.775 | WARNING  | __main__:flag_hard_bound_outliers:122 -     OUTLIER → Cocoa | 2008-03-10 | ₦326,674/MT | Below hard floor 2,000,000
2026-04-11 15:39:05.775 | WARNING  | __main__:flag_hard_bound_outliers:122 -     OUTLIER → Cocoa | 2008-03-17 | ₦330,249/MT | Below hard floor 2,000,000
2026-04-11 15:39:05.777 | WARNING  | __main__:flag_hard_bound_outliers:122 -     OUTLIER → Cocoa | 2008-03-24 | ₦303,197/MT | Below hard floor 2,000,000
2026-04-11 15:39:05.778 | WARNING  | __main__:flag_hard_bound_outliers:122 -     OUTLIER → Cocoa | 2008-03-31 | ₦308,723/MT | Below hard floor 2,000,000
2026-04-11 15:39:05.779 | WARNING  | __main__:flag_hard_bound_outliers:122 -     OUTLIER → Cocoa | 2008-04-07 | ₦280,470/MT | Below hard floor 2,000,000
2026-04-11 15:39:05.780 | WARNING  | __main__:flag_hard_bound_outliers:122 -     OUTLIER → Cocoa | 2008-04-14 | ₦296,332/MT | Below hard floor 2,000,000
2026-04-11 15:39:05.780 | WARNING  | __main__:flag_hard_bound_outliers:122 -     OUTLIER → Cocoa | 2008-04-21 | ₦305,178/MT | Below hard floor 2,000,000
2026-04-11 15:39:05.780 | WARNING  | __main__:flag_hard_bound_outliers:122 -     OUTLIER → Cocoa | 2008-04-28 | ₦312,211/MT | Below hard floor 2,000,000
2026-04-11 15:39:05.780 | WARNING  | __main__:flag_hard_bound_outliers:122 -     OUTLIER → Cocoa | 2008-05-05 | ₦290,245/MT | Below hard floor 2,000,000
2026-04-11 15:39:05.780 | WARNING  | __main__:flag_hard_bound_outliers:122 -     OUTLIER → Cocoa | 2008-05-12 | ₦303,751/MT | Below hard floor 2,000,000
2026-04-11 15:39:05.780 | WARNING  | __main__:flag_hard_bound_outliers:122 -     OUTLIER → Cocoa | 2008-05-19 | ₦277,611/MT | Below hard floor 2,000,000
2026-04-11 15:39:05.785 | WARNING  | __main__:flag_hard_bound_outliers:122 -     OUTLIER → Cocoa | 2008-05-26 | ₦274,802/MT | Below hard floor 2,000,000
2026-04-11 15:39:05.786 | WARNING  | __main__:flag_hard_bound_outliers:122 -     OUTLIER → Cocoa | 2008-06-02 | ₦295,205/MT | Below hard floor 2,000,000
2026-04-11 15:39:05.787 | WARNING  | __main__:flag_hard_bound_outliers:122 -     OUTLIER → Cocoa | 2008-06-09 | ₦299,105/MT | Below hard floor 2,000,000
2026-04-11 15:39:05.787 | WARNING  | __main__:flag_hard_bound_outliers:122 -     OUTLIER → Cocoa | 2008-06-16 | ₦295,408/MT | Below hard floor 2,000,000
2026-04-11 15:39:05.790 | WARNING  | __main__:flag_hard_bound_outliers:122 -     OUTLIER → Cocoa | 2008-06-23 | ₦277,358/MT | Below hard floor 2,000,000
2026-04-11 15:39:05.790 | WARNING  | __main__:flag_hard_bound_outliers:122 -     OUTLIER → Cocoa | 2008-06-30 | ₦294,908/MT | Below hard floor 2,000,000
2026-04-11 15:39:05.792 | WARNING  | __main__:flag_hard_bound_outliers:122 -     OUTLIER → Cocoa | 2008-07-07 | ₦287,055/MT | Below hard floor 2,000,000
2026-04-11 15:39:05.792 | WARNING  | __main__:flag_hard_bound_outliers:122 -     OUTLIER → Cocoa | 2008-07-14 | ₦304,748/MT | Below hard floor 2,000,000
2026-04-11 15:39:05.794 | WARNING  | __main__:flag_hard_bound_outliers:122 -     OUTLIER → Cocoa | 2008-07-21 | ₦302,032/MT | Below hard floor 2,000,000
2026-04-11 15:39:05.794 | WARNING  | __main__:flag_hard_bound_outliers:122 -     OUTLIER → Cocoa | 2008-07-28 | ₦290,323/MT | Below hard floor 2,000,000
2026-04-11 15:39:05.795 | WARNING  | __main__:flag_hard_bound_outliers:122 -     OUTLIER → Cocoa | 2008-08-04 | ₦291,140/MT | Below hard floor 2,000,000
2026-04-11 15:39:05.796 | WARNING  | __main__:flag_hard_bound_outliers:122 -     OUTLIER → Cocoa | 2008-08-11 | ₦286,302/MT | Below hard floor 2,000,000
2026-04-11 15:39:05.797 | WARNING  | __main__:flag_hard_bound_outliers:122 -     OUTLIER → Cocoa | 2008-08-18 | ₦295,142/MT | Below hard floor 2,000,000
2026-04-11 15:39:05.797 | WARNING  | __main__:flag_hard_bound_outliers:122 -     OUTLIER → Cocoa | 2008-08-25 | ₦304,171/MT | Below hard floor 2,000,000
2026-04-11 15:39:05.798 | WARNING  | __main__:flag_hard_bound_outliers:122 -     OUTLIER → Cocoa | 2008-09-01 | ₦286,954/MT | Below hard floor 2,000,000
2026-04-11 15:39:05.799 | WARNING  | __main__:flag_hard_bound_outliers:122 -     OUTLIER → Cocoa | 2008-09-08 | ₦300,170/MT | Below hard floor 2,000,000
2026-04-11 15:39:05.799 | WARNING  | __main__:flag_hard_bound_outliers:122 -     OUTLIER → Cocoa | 2008-09-15 | ₦290,994/MT | Below hard floor 2,000,000
2026-04-11 15:39:05.799 | WARNING  | __main__:flag_hard_bound_outliers:122 -     OUTLIER → Cocoa | 2008-09-22 | ₦288,665/MT | Below hard floor 2,000,000
2026-04-11 15:39:05.802 | WARNING  | __main__:flag_hard_bound_outliers:122 -     OUTLIER → Cocoa | 2008-09-29 | ₦294,749/MT | Below hard floor 2,000,000
2026-04-11 15:39:05.803 | WARNING  | __main__:flag_hard_bound_outliers:122 -     OUTLIER → Cocoa | 2008-10-06 | ₦295,376/MT | Below hard floor 2,000,000
2026-04-11 15:39:05.803 | WARNING  | __main__:flag_hard_bound_outliers:122 -     OUTLIER → Cocoa | 2008-10-13 | ₦299,780/MT | Below hard floor 2,000,000
2026-04-11 15:39:05.803 | WARNING  | __main__:flag_hard_bound_outliers:122 -     OUTLIER → Cocoa | 2008-10-20 | ₦293,889/MT | Below hard floor 2,000,000
2026-04-11 15:39:05.803 | WARNING  | __main__:flag_hard_bound_outliers:122 -     OUTLIER → Cocoa | 2008-10-27 | ₦322,811/MT | Below hard floor 2,000,000
2026-04-11 15:39:05.803 | WARNING  | __main__:flag_hard_bound_outliers:122 -     OUTLIER → Cocoa | 2008-11-03 | ₦311,269/MT | Below hard floor 2,000,000
2026-04-11 15:39:05.809 | WARNING  | __main__:flag_hard_bound_outliers:122 -     OUTLIER → Cocoa | 2008-11-10 | ₦304,413/MT | Below hard floor 2,000,000
2026-04-11 15:39:05.810 | WARNING  | __main__:flag_hard_bound_outliers:122 -     OUTLIER → Cocoa | 2008-11-17 | ₦312,936/MT | Below hard floor 2,000,000
2026-04-11 15:39:05.810 | WARNING  | __main__:flag_hard_bound_outliers:122 -     OUTLIER → Cocoa | 2008-11-24 | ₦309,893/MT | Below hard floor 2,000,000
2026-04-11 15:39:05.811 | WARNING  | __main__:flag_hard_bound_outliers:122 -     OUTLIER → Cocoa | 2008-12-01 | ₦311,907/MT | Below hard floor 2,000,000
2026-04-11 15:39:05.811 | WARNING  | __main__:flag_hard_bound_outliers:122 -     OUTLIER → Cocoa | 2008-12-08 | ₦319,774/MT | Below hard floor 2,000,000
2026-04-11 15:39:05.812 | WARNING  | __main__:flag_hard_bound_outliers:122 -     OUTLIER → Cocoa | 2008-12-15 | ₦321,124/MT | Below hard floor 2,000,000
2026-04-11 15:39:05.813 | WARNING  | __main__:flag_hard_bound_outliers:122 -     OUTLIER → Cocoa | 2008-12-22 | ₦308,992/MT | Below hard floor 2,000,000
2026-04-11 15:39:05.814 | WARNING  | __main__:flag_hard_bound_outliers:122 -     OUTLIER → Cocoa | 2008-12-29 | ₦308,565/MT | Below hard floor 2,000,000
2026-04-11 15:39:05.815 | WARNING  | __main__:flag_hard_bound_outliers:122 -     OUTLIER → Cocoa | 2009-01-05 | ₦447,893/MT | Below hard floor 2,000,000
2026-04-11 15:39:05.815 | WARNING  | __main__:flag_hard_bound_outliers:122 -     OUTLIER → Cocoa | 2009-01-12 | ₦420,432/MT | Below hard floor 2,000,000
2026-04-11 15:39:05.816 | WARNING  | __main__:flag_hard_bound_outliers:122 -     OUTLIER → Cocoa | 2009-01-19 | ₦431,091/MT | Below hard floor 2,000,000
2026-04-11 15:39:05.817 | WARNING  | __main__:flag_hard_bound_outliers:122 -     OUTLIER → Cocoa | 2009-01-26 | ₦470,139/MT | Below hard floor 2,000,000
2026-04-11 15:39:05.818 | WARNING  | __main__:flag_hard_bound_outliers:122 -     OUTLIER → Cocoa | 2009-02-02 | ₦487,447/MT | Below hard floor 2,000,000
2026-04-11 15:39:05.819 | WARNING  | __main__:flag_hard_bound_outliers:122 -     OUTLIER → Cocoa | 2009-02-09 | ₦461,053/MT | Below hard floor 2,000,000
2026-04-11 15:39:05.820 | WARNING  | __main__:flag_hard_bound_outliers:122 -     OUTLIER → Cocoa | 2009-02-16 | ₦472,558/MT | Below hard floor 2,000,000
2026-04-11 15:39:05.820 | WARNING  | __main__:flag_hard_bound_outliers:122 -     OUTLIER → Cocoa | 2009-02-23 | ₦468,861/MT | Below hard floor 2,000,000
2026-04-11 15:39:05.820 | WARNING  | __main__:flag_hard_bound_outliers:122 -     OUTLIER → Cocoa | 2009-03-02 | ₦493,335/MT | Below hard floor 2,000,000
2026-04-11 15:39:05.823 | WARNING  | __main__:flag_hard_bound_outliers:122 -     OUTLIER → Cocoa | 2009-03-09 | ₦466,789/MT | Below hard floor 2,000,000
2026-04-11 15:39:05.824 | WARNING  | __main__:flag_hard_bound_outliers:122 -     OUTLIER → Cocoa | 2009-03-16 | ₦449,887/MT | Below hard floor 2,000,000
2026-04-11 15:39:05.826 | WARNING  | __main__:flag_hard_bound_outliers:122 -     OUTLIER → Cocoa | 2009-03-23 | ₦438,674/MT | Below hard floor 2,000,000
2026-04-11 15:39:05.827 | WARNING  | __main__:flag_hard_bound_outliers:122 -     OUTLIER → Cocoa | 2009-03-30 | ₦429,855/MT | Below hard floor 2,000,000
2026-04-11 15:39:05.828 | WARNING  | __main__:flag_hard_bound_outliers:122 -     OUTLIER → Cocoa | 2009-04-06 | ₦424,085/MT | Below hard floor 2,000,000
2026-04-11 15:39:05.828 | WARNING  | __main__:flag_hard_bound_outliers:122 -     OUTLIER → Cocoa | 2009-04-13 | ₦411,948/MT | Below hard floor 2,000,000
2026-04-11 15:39:05.829 | WARNING  | __main__:flag_hard_bound_outliers:122 -     OUTLIER → Cocoa | 2009-04-20 | ₦403,527/MT | Below hard floor 2,000,000
2026-04-11 15:39:05.829 | WARNING  | __main__:flag_hard_bound_outliers:122 -     OUTLIER → Cocoa | 2009-04-27 | ₦413,336/MT | Below hard floor 2,000,000
2026-04-11 15:39:05.832 | WARNING  | __main__:flag_hard_bound_outliers:122 -     OUTLIER → Cocoa | 2009-05-04 | ₦395,351/MT | Below hard floor 2,000,000
2026-04-11 15:39:05.833 | WARNING  | __main__:flag_hard_bound_outliers:122 -     OUTLIER → Cocoa | 2009-05-11 | ₦429,290/MT | Below hard floor 2,000,000
2026-04-11 15:39:05.834 | WARNING  | __main__:flag_hard_bound_outliers:122 -     OUTLIER → Cocoa | 2009-05-18 | ₦419,416/MT | Below hard floor 2,000,000
2026-04-11 15:39:05.834 | WARNING  | __main__:flag_hard_bound_outliers:122 -     OUTLIER → Cocoa | 2009-05-25 | ₦408,511/MT | Below hard floor 2,000,000
2026-04-11 15:39:05.835 | WARNING  | __main__:flag_hard_bound_outliers:122 -     OUTLIER → Cocoa | 2009-06-01 | ₦435,734/MT | Below hard floor 2,000,000
2026-04-11 15:39:05.836 | WARNING  | __main__:flag_hard_bound_outliers:122 -     OUTLIER → Cocoa | 2009-06-08 | ₦418,179/MT | Below hard floor 2,000,000
2026-04-11 15:39:05.837 | WARNING  | __main__:flag_hard_bound_outliers:122 -     OUTLIER → Cocoa | 2009-06-15 | ₦406,431/MT | Below hard floor 2,000,000
2026-04-11 15:39:05.839 | WARNING  | __main__:flag_hard_bound_outliers:122 -     OUTLIER → Cocoa | 2009-06-22 | ₦436,275/MT | Below hard floor 2,000,000
2026-04-11 15:39:05.839 | WARNING  | __main__:flag_hard_bound_outliers:122 -     OUTLIER → Cocoa | 2009-06-29 | ₦423,956/MT | Below hard floor 2,000,000
2026-04-11 15:39:05.839 | WARNING  | __main__:flag_hard_bound_outliers:122 -     OUTLIER → Cocoa | 2009-07-06 | ₦408,396/MT | Below hard floor 2,000,000
2026-04-11 15:39:05.839 | WARNING  | __main__:flag_hard_bound_outliers:122 -     OUTLIER → Cocoa | 2009-07-13 | ₦419,105/MT | Below hard floor 2,000,000
2026-04-11 15:39:05.845 | WARNING  | __main__:flag_hard_bound_outliers:122 -     OUTLIER → Cocoa | 2009-07-20 | ₦410,440/MT | Below hard floor 2,000,000
2026-04-11 15:39:05.846 | WARNING  | __main__:flag_hard_bound_outliers:122 -     OUTLIER → Cocoa | 2009-07-27 | ₦404,026/MT | Below hard floor 2,000,000
2026-04-11 15:39:05.847 | WARNING  | __main__:flag_hard_bound_outliers:122 -     OUTLIER → Cocoa | 2009-08-03 | ₦428,803/MT | Below hard floor 2,000,000
2026-04-11 15:39:05.847 | WARNING  | __main__:flag_hard_bound_outliers:122 -     OUTLIER → Cocoa | 2009-08-10 | ₦441,110/MT | Below hard floor 2,000,000
2026-04-11 15:39:05.848 | WARNING  | __main__:flag_hard_bound_outliers:122 -     OUTLIER → Cocoa | 2009-08-17 | ₦399,706/MT | Below hard floor 2,000,000
2026-04-11 15:39:05.848 | WARNING  | __main__:flag_hard_bound_outliers:122 -     OUTLIER → Cocoa | 2009-08-24 | ₦424,257/MT | Below hard floor 2,000,000
2026-04-11 15:39:05.850 | WARNING  | __main__:flag_hard_bound_outliers:122 -     OUTLIER → Cocoa | 2009-08-31 | ₦409,067/MT | Below hard floor 2,000,000
2026-04-11 15:39:05.851 | WARNING  | __main__:flag_hard_bound_outliers:122 -     OUTLIER → Cocoa | 2009-09-07 | ₦411,114/MT | Below hard floor 2,000,000
2026-04-11 15:39:05.852 | WARNING  | __main__:flag_hard_bound_outliers:122 -     OUTLIER → Cocoa | 2009-09-14 | ₦409,796/MT | Below hard floor 2,000,000
2026-04-11 15:39:05.853 | WARNING  | __main__:flag_hard_bound_outliers:122 -     OUTLIER → Cocoa | 2009-09-21 | ₦406,397/MT | Below hard floor 2,000,000
2026-04-11 15:39:05.853 | WARNING  | __main__:flag_hard_bound_outliers:122 -     OUTLIER → Cocoa | 2009-09-28 | ₦417,818/MT | Below hard floor 2,000,000
2026-04-11 15:39:05.853 | WARNING  | __main__:flag_hard_bound_outliers:122 -     OUTLIER → Cocoa | 2009-10-05 | ₦419,392/MT | Below hard floor 2,000,000
2026-04-11 15:39:05.853 | WARNING  | __main__:flag_hard_bound_outliers:122 -     OUTLIER → Cocoa | 2009-10-12 | ₦433,604/MT | Below hard floor 2,000,000
2026-04-11 15:39:05.859 | WARNING  | __main__:flag_hard_bound_outliers:122 -     OUTLIER → Cocoa | 2009-10-19 | ₦429,466/MT | Below hard floor 2,000,000
2026-04-11 15:39:05.860 | WARNING  | __main__:flag_hard_bound_outliers:122 -     OUTLIER → Cocoa | 2009-10-26 | ₦427,031/MT | Below hard floor 2,000,000
2026-04-11 15:39:05.861 | WARNING  | __main__:flag_hard_bound_outliers:122 -     OUTLIER → Cocoa | 2009-11-02 | ₦426,772/MT | Below hard floor 2,000,000
2026-04-11 15:39:05.862 | WARNING  | __main__:flag_hard_bound_outliers:122 -     OUTLIER → Cocoa | 2009-11-09 | ₦431,125/MT | Below hard floor 2,000,000
2026-04-11 15:39:05.863 | WARNING  | __main__:flag_hard_bound_outliers:122 -     OUTLIER → Cocoa | 2009-11-16 | ₦448,659/MT | Below hard floor 2,000,000
2026-04-11 15:39:05.863 | WARNING  | __main__:flag_hard_bound_outliers:122 -     OUTLIER → Cocoa | 2009-11-23 | ₦445,309/MT | Below hard floor 2,000,000
2026-04-11 15:39:05.863 | WARNING  | __main__:flag_hard_bound_outliers:122 -     OUTLIER → Cocoa | 2009-11-30 | ₦425,851/MT | Below hard floor 2,000,000
2026-04-11 15:39:05.863 | WARNING  | __main__:flag_hard_bound_outliers:122 -     OUTLIER → Cocoa | 2009-12-07 | ₦444,338/MT | Below hard floor 2,000,000
2026-04-11 15:39:05.863 | WARNING  | __main__:flag_hard_bound_outliers:122 -     OUTLIER → Cocoa | 2009-12-14 | ₦453,004/MT | Below hard floor 2,000,000
2026-04-11 15:39:05.868 | WARNING  | __main__:flag_hard_bound_outliers:122 -     OUTLIER → Cocoa | 2009-12-21 | ₦420,830/MT | Below hard floor 2,000,000
2026-04-11 15:39:05.869 | WARNING  | __main__:flag_hard_bound_outliers:122 -     OUTLIER → Cocoa | 2009-12-28 | ₦450,239/MT | Below hard floor 2,000,000
2026-04-11 15:39:05.870 | WARNING  | __main__:flag_hard_bound_outliers:122 -     OUTLIER → Cocoa | 2010-01-04 | ₦484,606/MT | Below hard floor 2,000,000
2026-04-11 15:39:05.870 | WARNING  | __main__:flag_hard_bound_outliers:122 -     OUTLIER → Cocoa | 2010-01-11 | ₦502,898/MT | Below hard floor 2,000,000
2026-04-11 15:39:05.870 | WARNING  | __main__:flag_hard_bound_outliers:122 -     OUTLIER → Cocoa | 2010-01-18 | ₦483,113/MT | Below hard floor 2,000,000
2026-04-11 15:39:05.874 | WARNING  | __main__:flag_hard_bound_outliers:122 -     OUTLIER → Cocoa | 2010-01-25 | ₦467,663/MT | Below hard floor 2,000,000
2026-04-11 15:39:05.875 | WARNING  | __main__:flag_hard_bound_outliers:122 -     OUTLIER → Cocoa | 2010-02-01 | ₦483,730/MT | Below hard floor 2,000,000
2026-04-11 15:39:05.876 | WARNING  | __main__:flag_hard_bound_outliers:122 -     OUTLIER → Cocoa | 2010-02-08 | ₦509,295/MT | Below hard floor 2,000,000
2026-04-11 15:39:05.876 | WARNING  | __main__:flag_hard_bound_outliers:122 -     OUTLIER → Cocoa | 2010-02-15 | ₦512,524/MT | Below hard floor 2,000,000
2026-04-11 15:39:05.877 | WARNING  | __main__:flag_hard_bound_outliers:122 -     OUTLIER → Cocoa | 2010-02-22 | ₦494,764/MT | Below hard floor 2,000,000
2026-04-11 15:39:05.879 | WARNING  | __main__:flag_hard_bound_outliers:122 -     OUTLIER → Cocoa | 2010-03-01 | ₦503,907/MT | Below hard floor 2,000,000
2026-04-11 15:39:05.879 | WARNING  | __main__:flag_hard_bound_outliers:122 -     OUTLIER → Cocoa | 2010-03-08 | ₦469,789/MT | Below hard floor 2,000,000
2026-04-11 15:39:05.879 | WARNING  | __main__:flag_hard_bound_outliers:122 -     OUTLIER → Cocoa | 2010-03-15 | ₦493,454/MT | Below hard floor 2,000,000
2026-04-11 15:39:05.879 | WARNING  | __main__:flag_hard_bound_outliers:122 -     OUTLIER → Cocoa | 2010-03-22 | ₦476,471/MT | Below hard floor 2,000,000
2026-04-11 15:39:05.879 | WARNING  | __main__:flag_hard_bound_outliers:122 -     OUTLIER → Cocoa | 2010-03-29 | ₦484,766/MT | Below hard floor 2,000,000
2026-04-11 15:39:05.879 | WARNING  | __main__:flag_hard_bound_outliers:122 -     OUTLIER → Cocoa | 2010-04-05 | ₦462,128/MT | Below hard floor 2,000,000
2026-04-11 15:39:05.879 | WARNING  | __main__:flag_hard_bound_outliers:122 -     OUTLIER → Cocoa | 2010-04-12 | ₦449,560/MT | Below hard floor 2,000,000
2026-04-11 15:39:05.879 | WARNING  | __main__:flag_hard_bound_outliers:122 -     OUTLIER → Cocoa | 2010-04-19 | ₦456,148/MT | Below hard floor 2,000,000
2026-04-11 15:39:05.885 | WARNING  | __main__:flag_hard_bound_outliers:122 -     OUTLIER → Cocoa | 2010-04-26 | ₦475,403/MT | Below hard floor 2,000,000
2026-04-11 15:39:05.886 | WARNING  | __main__:flag_hard_bound_outliers:122 -     OUTLIER → Cocoa | 2010-05-03 | ₦439,603/MT | Below hard floor 2,000,000
2026-04-11 15:39:05.887 | WARNING  | __main__:flag_hard_bound_outliers:122 -     OUTLIER → Cocoa | 2010-05-10 | ₦458,561/MT | Below hard floor 2,000,000
2026-04-11 15:39:05.887 | WARNING  | __main__:flag_hard_bound_outliers:122 -     OUTLIER → Cocoa | 2010-05-17 | ₦432,184/MT | Below hard floor 2,000,000
2026-04-11 15:39:05.887 | WARNING  | __main__:flag_hard_bound_outliers:122 -     OUTLIER → Cocoa | 2010-05-24 | ₦454,456/MT | Below hard floor 2,000,000
2026-04-11 15:39:05.891 | WARNING  | __main__:flag_hard_bound_outliers:122 -     OUTLIER → Cocoa | 2010-05-31 | ₦466,692/MT | Below hard floor 2,000,000
2026-04-11 15:39:05.893 | WARNING  | __main__:flag_hard_bound_outliers:122 -     OUTLIER → Cocoa | 2010-06-07 | ₦422,895/MT | Below hard floor 2,000,000
2026-04-11 15:39:05.894 | WARNING  | __main__:flag_hard_bound_outliers:122 -     OUTLIER → Cocoa | 2010-06-14 | ₦445,843/MT | Below hard floor 2,000,000
2026-04-11 15:39:05.895 | WARNING  | __main__:flag_hard_bound_outliers:122 -     OUTLIER → Cocoa | 2010-06-21 | ₦464,671/MT | Below hard floor 2,000,000
2026-04-11 15:39:05.895 | WARNING  | __main__:flag_hard_bound_outliers:122 -     OUTLIER → Cocoa | 2010-06-28 | ₦453,981/MT | Below hard floor 2,000,000
2026-04-11 15:39:05.896 | WARNING  | __main__:flag_hard_bound_outliers:122 -     OUTLIER → Cocoa | 2010-07-05 | ₦466,610/MT | Below hard floor 2,000,000
2026-04-11 15:39:05.896 | WARNING  | __main__:flag_hard_bound_outliers:122 -     OUTLIER → Cocoa | 2010-07-12 | ₦453,110/MT | Below hard floor 2,000,000
2026-04-11 15:39:05.898 | WARNING  | __main__:flag_hard_bound_outliers:122 -     OUTLIER → Cocoa | 2010-07-19 | ₦462,671/MT | Below hard floor 2,000,000
2026-04-11 15:39:05.898 | WARNING  | __main__:flag_hard_bound_outliers:122 -     OUTLIER → Cocoa | 2010-07-26 | ₦459,317/MT | Below hard floor 2,000,000
2026-04-11 15:39:05.899 | WARNING  | __main__:flag_hard_bound_outliers:122 -     OUTLIER → Cocoa | 2010-08-02 | ₦472,765/MT | Below hard floor 2,000,000
2026-04-11 15:39:05.899 | WARNING  | __main__:flag_hard_bound_outliers:122 -     OUTLIER → Cocoa | 2010-08-09 | ₦460,250/MT | Below hard floor 2,000,000
2026-04-11 15:39:05.900 | WARNING  | __main__:flag_hard_bound_outliers:122 -     OUTLIER → Cocoa | 2010-08-16 | ₦461,389/MT | Below hard floor 2,000,000
2026-04-11 15:39:05.901 | WARNING  | __main__:flag_hard_bound_outliers:122 -     OUTLIER → Cocoa | 2010-08-23 | ₦451,119/MT | Below hard floor 2,000,000
2026-04-11 15:39:05.902 | WARNING  | __main__:flag_hard_bound_outliers:122 -     OUTLIER → Cocoa | 2010-08-30 | ₦450,082/MT | Below hard floor 2,000,000
2026-04-11 15:39:05.903 | WARNING  | __main__:flag_hard_bound_outliers:122 -     OUTLIER → Cocoa | 2010-09-06 | ₦450,836/MT | Below hard floor 2,000,000
2026-04-11 15:39:05.903 | WARNING  | __main__:flag_hard_bound_outliers:122 -     OUTLIER → Cocoa | 2010-09-13 | ₦462,168/MT | Below hard floor 2,000,000
2026-04-11 15:39:05.903 | WARNING  | __main__:flag_hard_bound_outliers:122 -     OUTLIER → Cocoa | 2010-09-20 | ₦450,994/MT | Below hard floor 2,000,000
2026-04-11 15:39:05.903 | WARNING  | __main__:flag_hard_bound_outliers:122 -     OUTLIER → Cocoa | 2010-09-27 | ₦460,734/MT | Below hard floor 2,000,000
2026-04-11 15:39:05.909 | WARNING  | __main__:flag_hard_bound_outliers:122 -     OUTLIER → Cocoa | 2010-10-04 | ₦500,208/MT | Below hard floor 2,000,000
2026-04-11 15:39:05.910 | WARNING  | __main__:flag_hard_bound_outliers:122 -     OUTLIER → Cocoa | 2010-10-11 | ₦483,196/MT | Below hard floor 2,000,000
2026-04-11 15:39:05.911 | WARNING  | __main__:flag_hard_bound_outliers:122 -     OUTLIER → Cocoa | 2010-10-18 | ₦466,284/MT | Below hard floor 2,000,000
2026-04-11 15:39:05.911 | WARNING  | __main__:flag_hard_bound_outliers:122 -     OUTLIER → Cocoa | 2010-10-25 | ₦487,859/MT | Below hard floor 2,000,000
2026-04-11 15:39:05.912 | WARNING  | __main__:flag_hard_bound_outliers:122 -     OUTLIER → Cocoa | 2010-11-01 | ₦474,428/MT | Below hard floor 2,000,000
2026-04-11 15:39:05.913 | WARNING  | __main__:flag_hard_bound_outliers:122 -     OUTLIER → Cocoa | 2010-11-08 | ₦450,940/MT | Below hard floor 2,000,000
2026-04-11 15:39:05.914 | WARNING  | __main__:flag_hard_bound_outliers:122 -     OUTLIER → Cocoa | 2010-11-15 | ₦465,782/MT | Below hard floor 2,000,000
2026-04-11 15:39:05.914 | WARNING  | __main__:flag_hard_bound_outliers:122 -     OUTLIER → Cocoa | 2010-11-22 | ₦453,351/MT | Below hard floor 2,000,000
2026-04-11 15:39:05.914 | WARNING  | __main__:flag_hard_bound_outliers:122 -     OUTLIER → Cocoa | 2010-11-29 | ₦475,243/MT | Below hard floor 2,000,000
2026-04-11 15:39:05.914 | WARNING  | __main__:flag_hard_bound_outliers:122 -     OUTLIER → Cocoa | 2010-12-06 | ₦485,285/MT | Below hard floor 2,000,000
2026-04-11 15:39:05.914 | WARNING  | __main__:flag_hard_bound_outliers:122 -     OUTLIER → Cocoa | 2010-12-13 | ₦509,410/MT | Below hard floor 2,000,000
2026-04-11 15:39:05.918 | WARNING  | __main__:flag_hard_bound_outliers:122 -     OUTLIER → Cocoa | 2010-12-20 | ₦489,774/MT | Below hard floor 2,000,000
2026-04-11 15:39:05.920 | WARNING  | __main__:flag_hard_bound_outliers:122 -     OUTLIER → Cocoa | 2010-12-27 | ₦481,829/MT | Below hard floor 2,000,000
2026-04-11 15:39:05.920 | WARNING  | __main__:flag_hard_bound_outliers:122 -     OUTLIER → Cocoa | 2011-01-03 | ₦492,413/MT | Below hard floor 2,000,000
2026-04-11 15:39:05.920 | WARNING  | __main__:flag_hard_bound_outliers:122 -     OUTLIER → Cocoa | 2011-01-10 | ₦448,588/MT | Below hard floor 2,000,000
2026-04-11 15:39:05.924 | WARNING  | __main__:flag_hard_bound_outliers:122 -     OUTLIER → Cocoa | 2011-01-17 | ₦483,855/MT | Below hard floor 2,000,000
2026-04-11 15:39:05.925 | WARNING  | __main__:flag_hard_bound_outliers:122 -     OUTLIER → Cocoa | 2011-01-24 | ₦491,570/MT | Below hard floor 2,000,000
2026-04-11 15:39:05.926 | WARNING  | __main__:flag_hard_bound_outliers:122 -     OUTLIER → Cocoa | 2011-01-31 | ₦459,147/MT | Below hard floor 2,000,000
2026-04-11 15:39:05.927 | WARNING  | __main__:flag_hard_bound_outliers:122 -     OUTLIER → Cocoa | 2011-02-07 | ₦511,143/MT | Below hard floor 2,000,000
2026-04-11 15:39:05.927 | WARNING  | __main__:flag_hard_bound_outliers:122 -     OUTLIER → Cocoa | 2011-02-14 | ₦499,204/MT | Below hard floor 2,000,000
2026-04-11 15:39:05.928 | WARNING  | __main__:flag_hard_bound_outliers:122 -     OUTLIER → Cocoa | 2011-02-21 | ₦488,029/MT | Below hard floor 2,000,000
2026-04-11 15:39:05.930 | WARNING  | __main__:flag_hard_bound_outliers:122 -     OUTLIER → Cocoa | 2011-02-28 | ₦503,567/MT | Below hard floor 2,000,000
2026-04-11 15:39:05.930 | WARNING  | __main__:flag_hard_bound_outliers:122 -     OUTLIER → Cocoa | 2011-03-07 | ₦513,188/MT | Below hard floor 2,000,000
2026-04-11 15:39:05.930 | WARNING  | __main__:flag_hard_bound_outliers:122 -     OUTLIER → Cocoa | 2011-03-14 | ₦483,080/MT | Below hard floor 2,000,000
2026-04-11 15:39:05.930 | WARNING  | __main__:flag_hard_bound_outliers:122 -     OUTLIER → Cocoa | 2011-03-21 | ₦484,036/MT | Below hard floor 2,000,000
2026-04-11 15:39:05.930 | WARNING  | __main__:flag_hard_bound_outliers:122 -     OUTLIER → Cocoa | 2011-03-28 | ₦473,838/MT | Below hard floor 2,000,000
2026-04-11 15:39:05.930 | WARNING  | __main__:flag_hard_bound_outliers:122 -     OUTLIER → Cocoa | 2011-04-04 | ₦436,995/MT | Below hard floor 2,000,000
2026-04-11 15:39:05.930 | WARNING  | __main__:flag_hard_bound_outliers:122 -     OUTLIER → Cocoa | 2011-04-11 | ₦459,598/MT | Below hard floor 2,000,000
2026-04-11 15:39:05.930 | WARNING  | __main__:flag_hard_bound_outliers:122 -     OUTLIER → Cocoa | 2011-04-18 | ₦436,911/MT | Below hard floor 2,000,000
2026-04-11 15:39:05.936 | WARNING  | __main__:flag_hard_bound_outliers:122 -     OUTLIER → Cocoa | 2011-04-25 | ₦449,391/MT | Below hard floor 2,000,000
2026-04-11 15:39:05.937 | WARNING  | __main__:flag_hard_bound_outliers:122 -     OUTLIER → Cocoa | 2011-05-02 | ₦428,472/MT | Below hard floor 2,000,000
2026-04-11 15:39:05.937 | WARNING  | __main__:flag_hard_bound_outliers:122 -     OUTLIER → Cocoa | 2011-05-09 | ₦440,947/MT | Below hard floor 2,000,000
2026-04-11 15:39:05.937 | WARNING  | __main__:flag_hard_bound_outliers:122 -     OUTLIER → Cocoa | 2011-05-16 | ₦439,052/MT | Below hard floor 2,000,000
2026-04-11 15:39:05.941 | WARNING  | __main__:flag_hard_bound_outliers:122 -     OUTLIER → Cocoa | 2011-05-23 | ₦448,231/MT | Below hard floor 2,000,000
2026-04-11 15:39:05.942 | WARNING  | __main__:flag_hard_bound_outliers:122 -     OUTLIER → Cocoa | 2011-05-30 | ₦428,050/MT | Below hard floor 2,000,000
2026-04-11 15:39:05.943 | WARNING  | __main__:flag_hard_bound_outliers:122 -     OUTLIER → Cocoa | 2011-06-06 | ₦440,259/MT | Below hard floor 2,000,000
2026-04-11 15:39:05.944 | WARNING  | __main__:flag_hard_bound_outliers:122 -     OUTLIER → Cocoa | 2011-06-13 | ₦430,819/MT | Below hard floor 2,000,000
2026-04-11 15:39:05.945 | WARNING  | __main__:flag_hard_bound_outliers:122 -     OUTLIER → Cocoa | 2011-06-20 | ₦437,936/MT | Below hard floor 2,000,000
2026-04-11 15:39:05.946 | WARNING  | __main__:flag_hard_bound_outliers:122 -     OUTLIER → Cocoa | 2011-06-27 | ₦448,876/MT | Below hard floor 2,000,000
2026-04-11 15:39:05.946 | WARNING  | __main__:flag_hard_bound_outliers:122 -     OUTLIER → Cocoa | 2011-07-04 | ₦458,612/MT | Below hard floor 2,000,000
2026-04-11 15:39:05.946 | WARNING  | __main__:flag_hard_bound_outliers:122 -     OUTLIER → Cocoa | 2011-07-11 | ₦436,022/MT | Below hard floor 2,000,000
2026-04-11 15:39:05.946 | WARNING  | __main__:flag_hard_bound_outliers:122 -     OUTLIER → Cocoa | 2011-07-18 | ₦460,127/MT | Below hard floor 2,000,000
2026-04-11 15:39:05.949 | WARNING  | __main__:flag_hard_bound_outliers:122 -     OUTLIER → Cocoa | 2011-07-25 | ₦466,665/MT | Below hard floor 2,000,000
2026-04-11 15:39:05.950 | WARNING  | __main__:flag_hard_bound_outliers:122 -     OUTLIER → Cocoa | 2011-08-01 | ₦449,357/MT | Below hard floor 2,000,000
2026-04-11 15:39:05.951 | WARNING  | __main__:flag_hard_bound_outliers:122 -     OUTLIER → Cocoa | 2011-08-08 | ₦468,843/MT | Below hard floor 2,000,000
2026-04-11 15:39:05.951 | WARNING  | __main__:flag_hard_bound_outliers:122 -     OUTLIER → Cocoa | 2011-08-15 | ₦433,549/MT | Below hard floor 2,000,000
2026-04-11 15:39:05.952 | WARNING  | __main__:flag_hard_bound_outliers:122 -     OUTLIER → Cocoa | 2011-08-22 | ₦427,279/MT | Below hard floor 2,000,000
2026-04-11 15:39:05.954 | WARNING  | __main__:flag_hard_bound_outliers:122 -     OUTLIER → Cocoa | 2011-08-29 | ₦420,168/MT | Below hard floor 2,000,000
2026-04-11 15:39:05.954 | WARNING  | __main__:flag_hard_bound_outliers:122 -     OUTLIER → Cocoa | 2011-09-05 | ₦463,773/MT | Below hard floor 2,000,000
2026-04-11 15:39:05.954 | WARNING  | __main__:flag_hard_bound_outliers:122 -     OUTLIER → Cocoa | 2011-09-12 | ₦452,566/MT | Below hard floor 2,000,000
2026-04-11 15:39:05.958 | WARNING  | __main__:flag_hard_bound_outliers:122 -     OUTLIER → Cocoa | 2011-09-19 | ₦443,112/MT | Below hard floor 2,000,000
2026-04-11 15:39:05.959 | WARNING  | __main__:flag_hard_bound_outliers:122 -     OUTLIER → Cocoa | 2011-09-26 | ₦447,580/MT | Below hard floor 2,000,000
2026-04-11 15:39:05.960 | WARNING  | __main__:flag_hard_bound_outliers:122 -     OUTLIER → Cocoa | 2011-10-03 | ₦442,130/MT | Below hard floor 2,000,000
2026-04-11 15:39:05.961 | WARNING  | __main__:flag_hard_bound_outliers:122 -     OUTLIER → Cocoa | 2011-10-10 | ₦491,153/MT | Below hard floor 2,000,000
2026-04-11 15:39:05.962 | WARNING  | __main__:flag_hard_bound_outliers:122 -     OUTLIER → Cocoa | 2011-10-17 | ₦459,354/MT | Below hard floor 2,000,000
2026-04-11 15:39:05.963 | WARNING  | __main__:flag_hard_bound_outliers:122 -     OUTLIER → Cocoa | 2011-10-24 | ₦459,081/MT | Below hard floor 2,000,000
2026-04-11 15:39:05.963 | WARNING  | __main__:flag_hard_bound_outliers:122 -     OUTLIER → Cocoa | 2011-10-31 | ₦467,543/MT | Below hard floor 2,000,000
2026-04-11 15:39:05.963 | WARNING  | __main__:flag_hard_bound_outliers:122 -     OUTLIER → Cocoa | 2011-11-07 | ₦473,466/MT | Below hard floor 2,000,000
2026-04-11 15:39:05.963 | WARNING  | __main__:flag_hard_bound_outliers:122 -     OUTLIER → Cocoa | 2011-11-14 | ₦469,866/MT | Below hard floor 2,000,000
2026-04-11 15:39:05.966 | WARNING  | __main__:flag_hard_bound_outliers:122 -     OUTLIER → Cocoa | 2011-11-21 | ₦455,663/MT | Below hard floor 2,000,000
2026-04-11 15:39:05.967 | WARNING  | __main__:flag_hard_bound_outliers:122 -     OUTLIER → Cocoa | 2011-11-28 | ₦473,333/MT | Below hard floor 2,000,000
2026-04-11 15:39:05.968 | WARNING  | __main__:flag_hard_bound_outliers:122 -     OUTLIER → Cocoa | 2011-12-05 | ₦497,917/MT | Below hard floor 2,000,000
2026-04-11 15:39:05.968 | WARNING  | __main__:flag_hard_bound_outliers:122 -     OUTLIER → Cocoa | 2011-12-12 | ₦490,330/MT | Below hard floor 2,000,000
2026-04-11 15:39:05.970 | WARNING  | __main__:flag_hard_bound_outliers:122 -     OUTLIER → Cocoa | 2011-12-19 | ₦493,833/MT | Below hard floor 2,000,000
2026-04-11 15:39:05.970 | WARNING  | __main__:flag_hard_bound_outliers:122 -     OUTLIER → Cocoa | 2011-12-26 | ₦464,079/MT | Below hard floor 2,000,000
2026-04-11 15:39:05.970 | WARNING  | __main__:flag_hard_bound_outliers:122 -     OUTLIER → Cocoa | 2012-01-02 | ₦383,833/MT | Below hard floor 2,000,000
2026-04-11 15:39:05.970 | WARNING  | __main__:flag_hard_bound_outliers:122 -     OUTLIER → Cocoa | 2012-01-09 | ₦394,084/MT | Below hard floor 2,000,000
2026-04-11 15:39:05.970 | WARNING  | __main__:flag_hard_bound_outliers:122 -     OUTLIER → Cocoa | 2012-01-16 | ₦396,238/MT | Below hard floor 2,000,000
2026-04-11 15:39:05.976 | WARNING  | __main__:flag_hard_bound_outliers:122 -     OUTLIER → Cocoa | 2012-01-23 | ₦408,562/MT | Below hard floor 2,000,000
2026-04-11 15:39:05.977 | WARNING  | __main__:flag_hard_bound_outliers:122 -     OUTLIER → Cocoa | 2012-01-30 | ₦375,492/MT | Below hard floor 2,000,000
2026-04-11 15:39:05.978 | WARNING  | __main__:flag_hard_bound_outliers:122 -     OUTLIER → Cocoa | 2012-02-06 | ₦425,549/MT | Below hard floor 2,000,000
2026-04-11 15:39:05.979 | WARNING  | __main__:flag_hard_bound_outliers:122 -     OUTLIER → Cocoa | 2012-02-13 | ₦404,950/MT | Below hard floor 2,000,000
2026-04-11 15:39:05.979 | WARNING  | __main__:flag_hard_bound_outliers:122 -     OUTLIER → Cocoa | 2012-02-20 | ₦401,669/MT | Below hard floor 2,000,000
2026-04-11 15:39:05.980 | WARNING  | __main__:flag_hard_bound_outliers:122 -     OUTLIER → Cocoa | 2012-02-27 | ₦394,525/MT | Below hard floor 2,000,000
2026-04-11 15:39:05.980 | WARNING  | __main__:flag_hard_bound_outliers:122 -     OUTLIER → Cocoa | 2012-03-05 | ₦375,938/MT | Below hard floor 2,000,000
2026-04-11 15:39:05.980 | WARNING  | __main__:flag_hard_bound_outliers:122 -     OUTLIER → Cocoa | 2012-03-12 | ₦405,346/MT | Below hard floor 2,000,000
2026-04-11 15:39:05.980 | WARNING  | __main__:flag_hard_bound_outliers:122 -     OUTLIER → Cocoa | 2012-03-19 | ₦396,447/MT | Below hard floor 2,000,000
2026-04-11 15:39:05.983 | WARNING  | __main__:flag_hard_bound_outliers:122 -     OUTLIER → Cocoa | 2012-03-26 | ₦380,269/MT | Below hard floor 2,000,000
2026-04-11 15:39:05.984 | WARNING  | __main__:flag_hard_bound_outliers:122 -     OUTLIER → Cocoa | 2012-04-02 | ₦354,861/MT | Below hard floor 2,000,000
2026-04-11 15:39:05.984 | WARNING  | __main__:flag_hard_bound_outliers:122 -     OUTLIER → Cocoa | 2012-04-09 | ₦365,486/MT | Below hard floor 2,000,000
2026-04-11 15:39:05.985 | WARNING  | __main__:flag_hard_bound_outliers:122 -     OUTLIER → Cocoa | 2012-04-16 | ₦387,692/MT | Below hard floor 2,000,000
2026-04-11 15:39:05.986 | WARNING  | __main__:flag_hard_bound_outliers:122 -     OUTLIER → Cocoa | 2012-04-23 | ₦366,330/MT | Below hard floor 2,000,000
2026-04-11 15:39:05.986 | WARNING  | __main__:flag_hard_bound_outliers:122 -     OUTLIER → Cocoa | 2012-04-30 | ₦352,556/MT | Below hard floor 2,000,000
2026-04-11 15:39:05.986 | WARNING  | __main__:flag_hard_bound_outliers:122 -     OUTLIER → Cocoa | 2012-05-07 | ₦355,264/MT | Below hard floor 2,000,000
2026-04-11 15:39:05.986 | WARNING  | __main__:flag_hard_bound_outliers:122 -     OUTLIER → Cocoa | 2012-05-14 | ₦354,975/MT | Below hard floor 2,000,000
2026-04-11 15:39:05.992 | WARNING  | __main__:flag_hard_bound_outliers:122 -     OUTLIER → Cocoa | 2012-05-21 | ₦328,946/MT | Below hard floor 2,000,000
2026-04-11 15:39:05.993 | WARNING  | __main__:flag_hard_bound_outliers:122 -     OUTLIER → Cocoa | 2012-05-28 | ₦357,320/MT | Below hard floor 2,000,000
2026-04-11 15:39:05.994 | WARNING  | __main__:flag_hard_bound_outliers:122 -     OUTLIER → Cocoa | 2012-06-04 | ₦362,906/MT | Below hard floor 2,000,000
2026-04-11 15:39:05.995 | WARNING  | __main__:flag_hard_bound_outliers:122 -     OUTLIER → Cocoa | 2012-06-11 | ₦373,070/MT | Below hard floor 2,000,000
2026-04-11 15:39:05.996 | WARNING  | __main__:flag_hard_bound_outliers:122 -     OUTLIER → Cocoa | 2012-06-18 | ₦385,708/MT | Below hard floor 2,000,000
2026-04-11 15:39:05.997 | WARNING  | __main__:flag_hard_bound_outliers:122 -     OUTLIER → Cocoa | 2012-06-25 | ₦377,788/MT | Below hard floor 2,000,000
2026-04-11 15:39:05.997 | WARNING  | __main__:flag_hard_bound_outliers:122 -     OUTLIER → Cocoa | 2012-07-02 | ₦366,227/MT | Below hard floor 2,000,000
2026-04-11 15:39:05.997 | WARNING  | __main__:flag_hard_bound_outliers:122 -     OUTLIER → Cocoa | 2012-07-09 | ₦356,949/MT | Below hard floor 2,000,000
2026-04-11 15:39:05.997 | WARNING  | __main__:flag_hard_bound_outliers:122 -     OUTLIER → Cocoa | 2012-07-16 | ₦397,708/MT | Below hard floor 2,000,000
2026-04-11 15:39:05.997 | WARNING  | __main__:flag_hard_bound_outliers:122 -     OUTLIER → Cocoa | 2012-07-23 | ₦369,861/MT | Below hard floor 2,000,000
2026-04-11 15:39:05.997 | WARNING  | __main__:flag_hard_bound_outliers:122 -     OUTLIER → Cocoa | 2012-07-30 | ₦369,359/MT | Below hard floor 2,000,000
2026-04-11 15:39:06.001 | WARNING  | __main__:flag_hard_bound_outliers:122 -     OUTLIER → Cocoa | 2012-08-06 | ₦365,173/MT | Below hard floor 2,000,000
2026-04-11 15:39:06.002 | WARNING  | __main__:flag_hard_bound_outliers:122 -     OUTLIER → Cocoa | 2012-08-13 | ₦367,609/MT | Below hard floor 2,000,000
2026-04-11 15:39:06.003 | WARNING  | __main__:flag_hard_bound_outliers:122 -     OUTLIER → Cocoa | 2012-08-20 | ₦363,855/MT | Below hard floor 2,000,000
2026-04-11 15:39:06.003 | WARNING  | __main__:flag_hard_bound_outliers:122 -     OUTLIER → Cocoa | 2012-08-27 | ₦359,149/MT | Below hard floor 2,000,000
2026-04-11 15:39:06.006 | WARNING  | __main__:flag_hard_bound_outliers:122 -     OUTLIER → Cocoa | 2012-09-03 | ₦359,443/MT | Below hard floor 2,000,000
2026-04-11 15:39:06.007 | WARNING  | __main__:flag_hard_bound_outliers:122 -     OUTLIER → Cocoa | 2012-09-10 | ₦365,079/MT | Below hard floor 2,000,000
2026-04-11 15:39:06.008 | WARNING  | __main__:flag_hard_bound_outliers:122 -     OUTLIER → Cocoa | 2012-09-17 | ₦359,480/MT | Below hard floor 2,000,000
2026-04-11 15:39:06.009 | WARNING  | __main__:flag_hard_bound_outliers:122 -     OUTLIER → Cocoa | 2012-09-24 | ₦357,623/MT | Below hard floor 2,000,000
2026-04-11 15:39:06.010 | WARNING  | __main__:flag_hard_bound_outliers:122 -     OUTLIER → Cocoa | 2012-10-01 | ₦377,943/MT | Below hard floor 2,000,000
2026-04-11 15:39:06.010 | WARNING  | __main__:flag_hard_bound_outliers:122 -     OUTLIER → Cocoa | 2012-10-08 | ₦373,858/MT | Below hard floor 2,000,000
2026-04-11 15:39:06.011 | WARNING  | __main__:flag_hard_bound_outliers:122 -     OUTLIER → Cocoa | 2012-10-15 | ₦393,738/MT | Below hard floor 2,000,000
2026-04-11 15:39:06.012 | WARNING  | __main__:flag_hard_bound_outliers:122 -     OUTLIER → Cocoa | 2012-10-22 | ₦346,778/MT | Below hard floor 2,000,000
2026-04-11 15:39:06.013 | WARNING  | __main__:flag_hard_bound_outliers:122 -     OUTLIER → Cocoa | 2012-10-29 | ₦389,076/MT | Below hard floor 2,000,000
2026-04-11 15:39:06.013 | WARNING  | __main__:flag_hard_bound_outliers:122 -     OUTLIER → Cocoa | 2012-11-05 | ₦398,640/MT | Below hard floor 2,000,000
2026-04-11 15:39:06.015 | WARNING  | __main__:flag_hard_bound_outliers:122 -     OUTLIER → Cocoa | 2012-11-12 | ₦360,372/MT | Below hard floor 2,000,000
2026-04-11 15:39:06.016 | WARNING  | __main__:flag_hard_bound_outliers:122 -     OUTLIER → Cocoa | 2012-11-19 | ₦380,324/MT | Below hard floor 2,000,000
2026-04-11 15:39:06.017 | WARNING  | __main__:flag_hard_bound_outliers:122 -     OUTLIER → Cocoa | 2012-11-26 | ₦379,993/MT | Below hard floor 2,000,000
2026-04-11 15:39:06.017 | WARNING  | __main__:flag_hard_bound_outliers:122 -     OUTLIER → Cocoa | 2012-12-03 | ₦371,657/MT | Below hard floor 2,000,000
2026-04-11 15:39:06.018 | WARNING  | __main__:flag_hard_bound_outliers:122 -     OUTLIER → Cocoa | 2012-12-10 | ₦378,987/MT | Below hard floor 2,000,000
2026-04-11 15:39:06.020 | WARNING  | __main__:flag_hard_bound_outliers:122 -     OUTLIER → Cocoa | 2012-12-17 | ₦375,114/MT | Below hard floor 2,000,000
2026-04-11 15:39:06.020 | WARNING  | __main__:flag_hard_bound_outliers:122 -     OUTLIER → Cocoa | 2012-12-24 | ₦408,441/MT | Below hard floor 2,000,000
2026-04-11 15:39:06.020 | WARNING  | __main__:flag_hard_bound_outliers:122 -     OUTLIER → Cocoa | 2012-12-31 | ₦398,935/MT | Below hard floor 2,000,000
2026-04-11 15:39:06.023 | WARNING  | __main__:flag_hard_bound_outliers:122 -     OUTLIER → Cocoa | 2013-01-07 | ₦418,402/MT | Below hard floor 2,000,000
2026-04-11 15:39:06.025 | WARNING  | __main__:flag_hard_bound_outliers:122 -     OUTLIER → Cocoa | 2013-01-14 | ₦411,754/MT | Below hard floor 2,000,000
2026-04-11 15:39:06.026 | WARNING  | __main__:flag_hard_bound_outliers:122 -     OUTLIER → Cocoa | 2013-01-21 | ₦389,377/MT | Below hard floor 2,000,000
2026-04-11 15:39:06.027 | WARNING  | __main__:flag_hard_bound_outliers:122 -     OUTLIER → Cocoa | 2013-01-28 | ₦396,686/MT | Below hard floor 2,000,000
2026-04-11 15:39:06.028 | WARNING  | __main__:flag_hard_bound_outliers:122 -     OUTLIER → Cocoa | 2013-02-04 | ₦420,629/MT | Below hard floor 2,000,000
2026-04-11 15:39:06.029 | WARNING  | __main__:flag_hard_bound_outliers:122 -     OUTLIER → Cocoa | 2013-02-11 | ₦399,345/MT | Below hard floor 2,000,000
2026-04-11 15:39:06.029 | WARNING  | __main__:flag_hard_bound_outliers:122 -     OUTLIER → Cocoa | 2013-02-18 | ₦423,410/MT | Below hard floor 2,000,000
2026-04-11 15:39:06.029 | WARNING  | __main__:flag_hard_bound_outliers:122 -     OUTLIER → Cocoa | 2013-02-25 | ₦411,555/MT | Below hard floor 2,000,000
2026-04-11 15:39:06.029 | WARNING  | __main__:flag_hard_bound_outliers:122 -     OUTLIER → Cocoa | 2013-03-04 | ₦398,496/MT | Below hard floor 2,000,000
2026-04-11 15:39:06.029 | WARNING  | __main__:flag_hard_bound_outliers:122 -     OUTLIER → Cocoa | 2013-03-11 | ₦411,624/MT | Below hard floor 2,000,000
2026-04-11 15:39:06.029 | WARNING  | __main__:flag_hard_bound_outliers:122 -     OUTLIER → Cocoa | 2013-03-18 | ₦408,400/MT | Below hard floor 2,000,000
2026-04-11 15:39:06.035 | WARNING  | __main__:flag_hard_bound_outliers:122 -     OUTLIER → Cocoa | 2013-03-25 | ₦398,664/MT | Below hard floor 2,000,000
2026-04-11 15:39:06.037 | WARNING  | __main__:flag_hard_bound_outliers:122 -     OUTLIER → Cocoa | 2013-04-01 | ₦389,242/MT | Below hard floor 2,000,000
2026-04-11 15:39:06.037 | WARNING  | __main__:flag_hard_bound_outliers:122 -     OUTLIER → Cocoa | 2013-04-08 | ₦363,960/MT | Below hard floor 2,000,000
2026-04-11 15:39:06.040 | WARNING  | __main__:flag_hard_bound_outliers:122 -     OUTLIER → Cocoa | 2013-04-15 | ₦383,110/MT | Below hard floor 2,000,000
2026-04-11 15:39:06.040 | WARNING  | __main__:flag_hard_bound_outliers:122 -     OUTLIER → Cocoa | 2013-04-22 | ₦382,853/MT | Below hard floor 2,000,000
2026-04-11 15:39:06.042 | WARNING  | __main__:flag_hard_bound_outliers:122 -     OUTLIER → Cocoa | 2013-04-29 | ₦372,667/MT | Below hard floor 2,000,000
2026-04-11 15:39:06.043 | WARNING  | __main__:flag_hard_bound_outliers:122 -     OUTLIER → Cocoa | 2013-05-06 | ₦368,212/MT | Below hard floor 2,000,000
2026-04-11 15:39:06.044 | WARNING  | __main__:flag_hard_bound_outliers:122 -     OUTLIER → Cocoa | 2013-05-13 | ₦350,958/MT | Below hard floor 2,000,000
2026-04-11 15:39:06.044 | WARNING  | __main__:flag_hard_bound_outliers:122 -     OUTLIER → Cocoa | 2013-05-20 | ₦374,753/MT | Below hard floor 2,000,000
2026-04-11 15:39:06.045 | WARNING  | __main__:flag_hard_bound_outliers:122 -     OUTLIER → Cocoa | 2013-05-27 | ₦362,622/MT | Below hard floor 2,000,000
2026-04-11 15:39:06.046 | WARNING  | __main__:flag_hard_bound_outliers:122 -     OUTLIER → Cocoa | 2013-06-03 | ₦366,483/MT | Below hard floor 2,000,000
2026-04-11 15:39:06.046 | WARNING  | __main__:flag_hard_bound_outliers:122 -     OUTLIER → Cocoa | 2013-06-10 | ₦384,038/MT | Below hard floor 2,000,000
2026-04-11 15:39:06.046 | WARNING  | __main__:flag_hard_bound_outliers:122 -     OUTLIER → Cocoa | 2013-06-17 | ₦364,454/MT | Below hard floor 2,000,000
2026-04-11 15:39:06.046 | WARNING  | __main__:flag_hard_bound_outliers:122 -     OUTLIER → Cocoa | 2013-06-24 | ₦356,589/MT | Below hard floor 2,000,000
2026-04-11 15:39:06.046 | WARNING  | __main__:flag_hard_bound_outliers:122 -     OUTLIER → Cocoa | 2013-07-01 | ₦358,593/MT | Below hard floor 2,000,000
2026-04-11 15:39:06.046 | WARNING  | __main__:flag_hard_bound_outliers:122 -     OUTLIER → Cocoa | 2013-07-08 | ₦382,998/MT | Below hard floor 2,000,000
2026-04-11 15:39:06.046 | WARNING  | __main__:flag_hard_bound_outliers:122 -     OUTLIER → Cocoa | 2013-07-15 | ₦361,710/MT | Below hard floor 2,000,000
2026-04-11 15:39:06.052 | WARNING  | __main__:flag_hard_bound_outliers:122 -     OUTLIER → Cocoa | 2013-07-22 | ₦395,962/MT | Below hard floor 2,000,000
2026-04-11 15:39:06.053 | WARNING  | __main__:flag_hard_bound_outliers:122 -     OUTLIER → Cocoa | 2013-07-29 | ₦352,666/MT | Below hard floor 2,000,000
2026-04-11 15:39:06.053 | WARNING  | __main__:flag_hard_bound_outliers:122 -     OUTLIER → Cocoa | 2013-08-05 | ₦391,270/MT | Below hard floor 2,000,000
2026-04-11 15:39:06.053 | WARNING  | __main__:flag_hard_bound_outliers:122 -     OUTLIER → Cocoa | 2013-08-12 | ₦374,678/MT | Below hard floor 2,000,000
2026-04-11 15:39:06.057 | WARNING  | __main__:flag_hard_bound_outliers:122 -     OUTLIER → Cocoa | 2013-08-19 | ₦371,241/MT | Below hard floor 2,000,000
2026-04-11 15:39:06.059 | WARNING  | __main__:flag_hard_bound_outliers:122 -     OUTLIER → Cocoa | 2013-08-26 | ₦366,235/MT | Below hard floor 2,000,000
2026-04-11 15:39:06.060 | WARNING  | __main__:flag_hard_bound_outliers:122 -     OUTLIER → Cocoa | 2013-09-02 | ₦376,780/MT | Below hard floor 2,000,000
2026-04-11 15:39:06.061 | WARNING  | __main__:flag_hard_bound_outliers:122 -     OUTLIER → Cocoa | 2013-09-09 | ₦371,901/MT | Below hard floor 2,000,000
2026-04-11 15:39:06.061 | WARNING  | __main__:flag_hard_bound_outliers:122 -     OUTLIER → Cocoa | 2013-09-16 | ₦384,645/MT | Below hard floor 2,000,000
2026-04-11 15:39:06.062 | WARNING  | __main__:flag_hard_bound_outliers:122 -     OUTLIER → Cocoa | 2013-09-23 | ₦373,597/MT | Below hard floor 2,000,000
2026-04-11 15:39:06.063 | WARNING  | __main__:flag_hard_bound_outliers:122 -     OUTLIER → Cocoa | 2013-09-30 | ₦374,000/MT | Below hard floor 2,000,000
2026-04-11 15:39:06.064 | WARNING  | __main__:flag_hard_bound_outliers:122 -     OUTLIER → Cocoa | 2013-10-07 | ₦379,649/MT | Below hard floor 2,000,000
2026-04-11 15:39:06.065 | WARNING  | __main__:flag_hard_bound_outliers:122 -     OUTLIER → Cocoa | 2013-10-14 | ₦383,181/MT | Below hard floor 2,000,000
2026-04-11 15:39:06.065 | WARNING  | __main__:flag_hard_bound_outliers:122 -     OUTLIER → Cocoa | 2013-10-21 | ₦387,381/MT | Below hard floor 2,000,000
2026-04-11 15:39:06.066 | WARNING  | __main__:flag_hard_bound_outliers:122 -     OUTLIER → Cocoa | 2013-10-28 | ₦364,144/MT | Below hard floor 2,000,000
2026-04-11 15:39:06.067 | WARNING  | __main__:flag_hard_bound_outliers:122 -     OUTLIER → Cocoa | 2013-11-04 | ₦375,678/MT | Below hard floor 2,000,000
2026-04-11 15:39:06.067 | WARNING  | __main__:flag_hard_bound_outliers:122 -     OUTLIER → Cocoa | 2013-11-11 | ₦400,243/MT | Below hard floor 2,000,000
2026-04-11 15:39:06.068 | WARNING  | __main__:flag_hard_bound_outliers:122 -     OUTLIER → Cocoa | 2013-11-18 | ₦393,520/MT | Below hard floor 2,000,000
2026-04-11 15:39:06.070 | WARNING  | __main__:flag_hard_bound_outliers:122 -     OUTLIER → Cocoa | 2013-11-25 | ₦389,352/MT | Below hard floor 2,000,000
2026-04-11 15:39:06.070 | WARNING  | __main__:flag_hard_bound_outliers:122 -     OUTLIER → Cocoa | 2013-12-02 | ₦395,570/MT | Below hard floor 2,000,000
2026-04-11 15:39:06.070 | WARNING  | __main__:flag_hard_bound_outliers:122 -     OUTLIER → Cocoa | 2013-12-09 | ₦399,474/MT | Below hard floor 2,000,000
2026-04-11 15:39:06.074 | WARNING  | __main__:flag_hard_bound_outliers:122 -     OUTLIER → Cocoa | 2013-12-16 | ₦388,950/MT | Below hard floor 2,000,000
2026-04-11 15:39:06.074 | WARNING  | __main__:flag_hard_bound_outliers:122 -     OUTLIER → Cocoa | 2013-12-23 | ₦386,120/MT | Below hard floor 2,000,000
2026-04-11 15:39:06.076 | WARNING  | __main__:flag_hard_bound_outliers:122 -     OUTLIER → Cocoa | 2013-12-30 | ₦397,674/MT | Below hard floor 2,000,000
2026-04-11 15:39:06.077 | WARNING  | __main__:flag_hard_bound_outliers:122 -     OUTLIER → Cocoa | 2014-01-06 | ₦495,277/MT | Below hard floor 2,000,000
2026-04-11 15:39:06.078 | WARNING  | __main__:flag_hard_bound_outliers:122 -     OUTLIER → Cocoa | 2014-01-13 | ₦516,503/MT | Below hard floor 2,000,000
2026-04-11 15:39:06.078 | WARNING  | __main__:flag_hard_bound_outliers:122 -     OUTLIER → Cocoa | 2014-01-20 | ₦484,191/MT | Below hard floor 2,000,000
2026-04-11 15:39:06.079 | WARNING  | __main__:flag_hard_bound_outliers:122 -     OUTLIER → Cocoa | 2014-01-27 | ₦526,007/MT | Below hard floor 2,000,000
2026-04-11 15:39:06.079 | WARNING  | __main__:flag_hard_bound_outliers:122 -     OUTLIER → Cocoa | 2014-02-03 | ₦532,273/MT | Below hard floor 2,000,000
2026-04-11 15:39:06.079 | WARNING  | __main__:flag_hard_bound_outliers:122 -     OUTLIER → Cocoa | 2014-02-10 | ₦528,863/MT | Below hard floor 2,000,000
2026-04-11 15:39:06.082 | WARNING  | __main__:flag_hard_bound_outliers:122 -     OUTLIER → Cocoa | 2014-02-17 | ₦540,305/MT | Below hard floor 2,000,000
2026-04-11 15:39:06.083 | WARNING  | __main__:flag_hard_bound_outliers:122 -     OUTLIER → Cocoa | 2014-02-24 | ₦551,055/MT | Below hard floor 2,000,000
2026-04-11 15:39:06.083 | WARNING  | __main__:flag_hard_bound_outliers:122 -     OUTLIER → Cocoa | 2014-03-03 | ₦525,781/MT | Below hard floor 2,000,000
2026-04-11 15:39:06.084 | WARNING  | __main__:flag_hard_bound_outliers:122 -     OUTLIER → Cocoa | 2014-03-10 | ₦482,074/MT | Below hard floor 2,000,000
2026-04-11 15:39:06.085 | WARNING  | __main__:flag_hard_bound_outliers:122 -     OUTLIER → Cocoa | 2014-03-17 | ₦490,666/MT | Below hard floor 2,000,000
2026-04-11 15:39:06.085 | WARNING  | __main__:flag_hard_bound_outliers:122 -     OUTLIER → Cocoa | 2014-03-24 | ₦500,689/MT | Below hard floor 2,000,000
2026-04-11 15:39:06.087 | WARNING  | __main__:flag_hard_bound_outliers:122 -     OUTLIER → Cocoa | 2014-03-31 | ₦510,653/MT | Below hard floor 2,000,000
2026-04-11 15:39:06.088 | WARNING  | __main__:flag_hard_bound_outliers:122 -     OUTLIER → Cocoa | 2014-04-07 | ₦483,632/MT | Below hard floor 2,000,000
2026-04-11 15:39:06.089 | WARNING  | __main__:flag_hard_bound_outliers:122 -     OUTLIER → Cocoa | 2014-04-14 | ₦465,868/MT | Below hard floor 2,000,000
2026-04-11 15:39:06.090 | WARNING  | __main__:flag_hard_bound_outliers:122 -     OUTLIER → Cocoa | 2014-04-21 | ₦478,905/MT | Below hard floor 2,000,000
2026-04-11 15:39:06.092 | WARNING  | __main__:flag_hard_bound_outliers:122 -     OUTLIER → Cocoa | 2014-04-28 | ₦465,444/MT | Below hard floor 2,000,000
2026-04-11 15:39:06.093 | WARNING  | __main__:flag_hard_bound_outliers:122 -     OUTLIER → Cocoa | 2014-05-05 | ₦453,189/MT | Below hard floor 2,000,000
2026-04-11 15:39:06.094 | WARNING  | __main__:flag_hard_bound_outliers:122 -     OUTLIER → Cocoa | 2014-05-12 | ₦442,176/MT | Below hard floor 2,000,000
2026-04-11 15:39:06.095 | WARNING  | __main__:flag_hard_bound_outliers:122 -     OUTLIER → Cocoa | 2014-05-19 | ₦448,871/MT | Below hard floor 2,000,000
2026-04-11 15:39:06.095 | WARNING  | __main__:flag_hard_bound_outliers:122 -     OUTLIER → Cocoa | 2014-05-26 | ₦442,937/MT | Below hard floor 2,000,000
2026-04-11 15:39:06.096 | WARNING  | __main__:flag_hard_bound_outliers:122 -     OUTLIER → Cocoa | 2014-06-02 | ₦457,577/MT | Below hard floor 2,000,000
2026-04-11 15:39:06.097 | WARNING  | __main__:flag_hard_bound_outliers:122 -     OUTLIER → Cocoa | 2014-06-09 | ₦486,277/MT | Below hard floor 2,000,000
2026-04-11 15:39:06.098 | WARNING  | __main__:flag_hard_bound_outliers:122 -     OUTLIER → Cocoa | 2014-06-16 | ₦457,951/MT | Below hard floor 2,000,000
2026-04-11 15:39:06.099 | WARNING  | __main__:flag_hard_bound_outliers:122 -     OUTLIER → Cocoa | 2014-06-23 | ₦508,602/MT | Below hard floor 2,000,000
2026-04-11 15:39:06.099 | WARNING  | __main__:flag_hard_bound_outliers:122 -     OUTLIER → Cocoa | 2014-06-30 | ₦478,353/MT | Below hard floor 2,000,000
2026-04-11 15:39:06.100 | WARNING  | __main__:flag_hard_bound_outliers:122 -     OUTLIER → Cocoa | 2014-07-07 | ₦478,877/MT | Below hard floor 2,000,000
2026-04-11 15:39:06.101 | WARNING  | __main__:flag_hard_bound_outliers:122 -     OUTLIER → Cocoa | 2014-07-14 | ₦463,973/MT | Below hard floor 2,000,000
2026-04-11 15:39:06.103 | WARNING  | __main__:flag_hard_bound_outliers:122 -     OUTLIER → Cocoa | 2014-07-21 | ₦486,242/MT | Below hard floor 2,000,000
2026-04-11 15:39:06.105 | WARNING  | __main__:flag_hard_bound_outliers:122 -     OUTLIER → Cocoa | 2014-07-28 | ₦468,012/MT | Below hard floor 2,000,000
2026-04-11 15:39:06.106 | WARNING  | __main__:flag_hard_bound_outliers:122 -     OUTLIER → Cocoa | 2014-08-04 | ₦473,102/MT | Below hard floor 2,000,000
2026-04-11 15:39:06.108 | WARNING  | __main__:flag_hard_bound_outliers:122 -     OUTLIER → Cocoa | 2014-08-11 | ₦507,580/MT | Below hard floor 2,000,000
2026-04-11 15:39:06.109 | WARNING  | __main__:flag_hard_bound_outliers:122 -     OUTLIER → Cocoa | 2014-08-18 | ₦470,019/MT | Below hard floor 2,000,000
2026-04-11 15:39:06.109 | WARNING  | __main__:flag_hard_bound_outliers:122 -     OUTLIER → Cocoa | 2014-08-25 | ₦487,629/MT | Below hard floor 2,000,000
2026-04-11 15:39:06.110 | WARNING  | __main__:flag_hard_bound_outliers:122 -     OUTLIER → Cocoa | 2014-09-01 | ₦461,433/MT | Below hard floor 2,000,000
2026-04-11 15:39:06.111 | WARNING  | __main__:flag_hard_bound_outliers:122 -     OUTLIER → Cocoa | 2014-09-08 | ₦470,882/MT | Below hard floor 2,000,000
2026-04-11 15:39:06.112 | WARNING  | __main__:flag_hard_bound_outliers:122 -     OUTLIER → Cocoa | 2014-09-15 | ₦496,419/MT | Below hard floor 2,000,000
2026-04-11 15:39:06.112 | WARNING  | __main__:flag_hard_bound_outliers:122 -     OUTLIER → Cocoa | 2014-09-22 | ₦462,511/MT | Below hard floor 2,000,000
2026-04-11 15:39:06.112 | WARNING  | __main__:flag_hard_bound_outliers:122 -     OUTLIER → Cocoa | 2014-09-29 | ₦497,007/MT | Below hard floor 2,000,000
2026-04-11 15:39:06.112 | WARNING  | __main__:flag_hard_bound_outliers:122 -     OUTLIER → Cocoa | 2014-10-06 | ₦496,274/MT | Below hard floor 2,000,000
2026-04-11 15:39:06.112 | WARNING  | __main__:flag_hard_bound_outliers:122 -     OUTLIER → Cocoa | 2014-10-13 | ₦477,756/MT | Below hard floor 2,000,000
2026-04-11 15:39:06.112 | WARNING  | __main__:flag_hard_bound_outliers:122 -     OUTLIER → Cocoa | 2014-10-20 | ₦495,175/MT | Below hard floor 2,000,000
2026-04-11 15:39:06.112 | WARNING  | __main__:flag_hard_bound_outliers:122 -     OUTLIER → Cocoa | 2014-10-27 | ₦500,134/MT | Below hard floor 2,000,000
2026-04-11 15:39:06.119 | WARNING  | __main__:flag_hard_bound_outliers:122 -     OUTLIER → Cocoa | 2014-11-03 | ₦504,921/MT | Below hard floor 2,000,000
2026-04-11 15:39:06.120 | WARNING  | __main__:flag_hard_bound_outliers:122 -     OUTLIER → Cocoa | 2014-11-10 | ₦472,325/MT | Below hard floor 2,000,000
2026-04-11 15:39:06.120 | WARNING  | __main__:flag_hard_bound_outliers:122 -     OUTLIER → Cocoa | 2014-11-17 | ₦484,862/MT | Below hard floor 2,000,000
2026-04-11 15:39:06.120 | WARNING  | __main__:flag_hard_bound_outliers:122 -     OUTLIER → Cocoa | 2014-11-24 | ₦491,994/MT | Below hard floor 2,000,000
2026-04-11 15:39:06.123 | WARNING  | __main__:flag_hard_bound_outliers:122 -     OUTLIER → Cocoa | 2014-12-01 | ₦499,417/MT | Below hard floor 2,000,000
2026-04-11 15:39:06.123 | WARNING  | __main__:flag_hard_bound_outliers:122 -     OUTLIER → Cocoa | 2014-12-08 | ₦509,854/MT | Below hard floor 2,000,000
2026-04-11 15:39:06.123 | WARNING  | __main__:flag_hard_bound_outliers:122 -     OUTLIER → Cocoa | 2014-12-15 | ₦503,203/MT | Below hard floor 2,000,000
2026-04-11 15:39:06.123 | WARNING  | __main__:flag_hard_bound_outliers:122 -     OUTLIER → Cocoa | 2014-12-22 | ₦480,483/MT | Below hard floor 2,000,000
2026-04-11 15:39:06.123 | WARNING  | __main__:flag_hard_bound_outliers:122 -     OUTLIER → Cocoa | 2014-12-29 | ₦506,243/MT | Below hard floor 2,000,000
2026-04-11 15:39:06.123 | WARNING  | __main__:flag_hard_bound_outliers:122 -     OUTLIER → Cocoa | 2015-01-05 | ₦647,677/MT | Below hard floor 2,000,000
2026-04-11 15:39:06.123 | WARNING  | __main__:flag_hard_bound_outliers:122 -     OUTLIER → Cocoa | 2015-01-12 | ₦646,708/MT | Below hard floor 2,000,000
2026-04-11 15:39:06.123 | WARNING  | __main__:flag_hard_bound_outliers:122 -     OUTLIER → Cocoa | 2015-01-19 | ₦656,649/MT | Below hard floor 2,000,000
2026-04-11 15:39:06.130 | WARNING  | __main__:flag_hard_bound_outliers:122 -     OUTLIER → Cocoa | 2015-01-26 | ₦651,938/MT | Below hard floor 2,000,000
2026-04-11 15:39:06.131 | WARNING  | __main__:flag_hard_bound_outliers:122 -     OUTLIER → Cocoa | 2015-02-02 | ₦663,211/MT | Below hard floor 2,000,000
2026-04-11 15:39:06.132 | WARNING  | __main__:flag_hard_bound_outliers:122 -     OUTLIER → Cocoa | 2015-02-09 | ₦652,822/MT | Below hard floor 2,000,000
2026-04-11 15:39:06.132 | WARNING  | __main__:flag_hard_bound_outliers:122 -     OUTLIER → Cocoa | 2015-02-16 | ₦621,601/MT | Below hard floor 2,000,000
2026-04-11 15:39:06.133 | WARNING  | __main__:flag_hard_bound_outliers:122 -     OUTLIER → Cocoa | 2015-02-23 | ₦662,630/MT | Below hard floor 2,000,000
2026-04-11 15:39:06.134 | WARNING  | __main__:flag_hard_bound_outliers:122 -     OUTLIER → Cocoa | 2015-03-02 | ₦639,989/MT | Below hard floor 2,000,000
2026-04-11 15:39:06.135 | WARNING  | __main__:flag_hard_bound_outliers:122 -     OUTLIER → Cocoa | 2015-03-09 | ₦641,208/MT | Below hard floor 2,000,000
2026-04-11 15:39:06.137 | WARNING  | __main__:flag_hard_bound_outliers:122 -     OUTLIER → Cocoa | 2015-03-16 | ₦611,665/MT | Below hard floor 2,000,000
2026-04-11 15:39:06.137 | WARNING  | __main__:flag_hard_bound_outliers:122 -     OUTLIER → Cocoa | 2015-03-23 | ₦615,399/MT | Below hard floor 2,000,000
2026-04-11 15:39:06.137 | WARNING  | __main__:flag_hard_bound_outliers:122 -     OUTLIER → Cocoa | 2015-03-30 | ₦656,121/MT | Below hard floor 2,000,000
2026-04-11 15:39:06.137 | WARNING  | __main__:flag_hard_bound_outliers:122 -     OUTLIER → Cocoa | 2015-04-06 | ₦592,920/MT | Below hard floor 2,000,000
2026-04-11 15:39:06.137 | WARNING  | __main__:flag_hard_bound_outliers:122 -     OUTLIER → Cocoa | 2015-04-13 | ₦605,761/MT | Below hard floor 2,000,000
2026-04-11 15:39:06.143 | WARNING  | __main__:flag_hard_bound_outliers:122 -     OUTLIER → Cocoa | 2015-04-20 | ₦594,129/MT | Below hard floor 2,000,000
2026-04-11 15:39:06.144 | WARNING  | __main__:flag_hard_bound_outliers:122 -     OUTLIER → Cocoa | 2015-04-27 | ₦594,155/MT | Below hard floor 2,000,000
2026-04-11 15:39:06.145 | WARNING  | __main__:flag_hard_bound_outliers:122 -     OUTLIER → Cocoa | 2015-05-04 | ₦591,651/MT | Below hard floor 2,000,000
2026-04-11 15:39:06.145 | WARNING  | __main__:flag_hard_bound_outliers:122 -     OUTLIER → Cocoa | 2015-05-11 | ₦566,544/MT | Below hard floor 2,000,000
2026-04-11 15:39:06.146 | WARNING  | __main__:flag_hard_bound_outliers:122 -     OUTLIER → Cocoa | 2015-05-18 | ₦577,112/MT | Below hard floor 2,000,000
2026-04-11 15:39:06.147 | WARNING  | __main__:flag_hard_bound_outliers:122 -     OUTLIER → Cocoa | 2015-05-25 | ₦567,472/MT | Below hard floor 2,000,000
2026-04-11 15:39:06.147 | WARNING  | __main__:flag_hard_bound_outliers:122 -     OUTLIER → Cocoa | 2015-06-01 | ₦579,908/MT | Below hard floor 2,000,000
2026-04-11 15:39:06.147 | WARNING  | __main__:flag_hard_bound_outliers:122 -     OUTLIER → Cocoa | 2015-06-08 | ₦582,118/MT | Below hard floor 2,000,000
2026-04-11 15:39:06.150 | WARNING  | __main__:flag_hard_bound_outliers:122 -     OUTLIER → Cocoa | 2015-06-15 | ₦591,483/MT | Below hard floor 2,000,000
2026-04-11 15:39:06.151 | WARNING  | __main__:flag_hard_bound_outliers:122 -     OUTLIER → Cocoa | 2015-06-22 | ₦579,128/MT | Below hard floor 2,000,000
2026-04-11 15:39:06.151 | WARNING  | __main__:flag_hard_bound_outliers:122 -     OUTLIER → Cocoa | 2015-06-29 | ₦609,703/MT | Below hard floor 2,000,000
2026-04-11 15:39:06.152 | WARNING  | __main__:flag_hard_bound_outliers:122 -     OUTLIER → Cocoa | 2015-07-06 | ₦577,693/MT | Below hard floor 2,000,000
2026-04-11 15:39:06.153 | WARNING  | __main__:flag_hard_bound_outliers:122 -     OUTLIER → Cocoa | 2015-07-13 | ₦590,297/MT | Below hard floor 2,000,000
2026-04-11 15:39:06.153 | WARNING  | __main__:flag_hard_bound_outliers:122 -     OUTLIER → Cocoa | 2015-07-20 | ₦585,794/MT | Below hard floor 2,000,000
2026-04-11 15:39:06.153 | WARNING  | __main__:flag_hard_bound_outliers:122 -     OUTLIER → Cocoa | 2015-07-27 | ₦619,394/MT | Below hard floor 2,000,000
2026-04-11 15:39:06.158 | WARNING  | __main__:flag_hard_bound_outliers:122 -     OUTLIER → Cocoa | 2015-08-03 | ₦591,032/MT | Below hard floor 2,000,000
2026-04-11 15:39:06.159 | WARNING  | __main__:flag_hard_bound_outliers:122 -     OUTLIER → Cocoa | 2015-08-10 | ₦605,756/MT | Below hard floor 2,000,000
2026-04-11 15:39:06.160 | WARNING  | __main__:flag_hard_bound_outliers:122 -     OUTLIER → Cocoa | 2015-08-17 | ₦561,381/MT | Below hard floor 2,000,000
2026-04-11 15:39:06.161 | WARNING  | __main__:flag_hard_bound_outliers:122 -     OUTLIER → Cocoa | 2015-08-24 | ₦592,275/MT | Below hard floor 2,000,000
2026-04-11 15:39:06.162 | WARNING  | __main__:flag_hard_bound_outliers:122 -     OUTLIER → Cocoa | 2015-08-31 | ₦603,249/MT | Below hard floor 2,000,000
2026-04-11 15:39:06.162 | WARNING  | __main__:flag_hard_bound_outliers:122 -     OUTLIER → Cocoa | 2015-09-07 | ₦589,018/MT | Below hard floor 2,000,000
2026-04-11 15:39:06.163 | WARNING  | __main__:flag_hard_bound_outliers:122 -     OUTLIER → Cocoa | 2015-09-14 | ₦606,349/MT | Below hard floor 2,000,000
2026-04-11 15:39:06.163 | WARNING  | __main__:flag_hard_bound_outliers:122 -     OUTLIER → Cocoa | 2015-09-21 | ₦578,449/MT | Below hard floor 2,000,000
2026-04-11 15:39:06.163 | WARNING  | __main__:flag_hard_bound_outliers:122 -     OUTLIER → Cocoa | 2015-09-28 | ₦612,410/MT | Below hard floor 2,000,000
2026-04-11 15:39:06.163 | WARNING  | __main__:flag_hard_bound_outliers:122 -     OUTLIER → Cocoa | 2015-10-05 | ₦647,516/MT | Below hard floor 2,000,000
2026-04-11 15:39:06.163 | WARNING  | __main__:flag_hard_bound_outliers:122 -     OUTLIER → Cocoa | 2015-10-12 | ₦599,146/MT | Below hard floor 2,000,000
2026-04-11 15:39:06.167 | WARNING  | __main__:flag_hard_bound_outliers:122 -     OUTLIER → Cocoa | 2015-10-19 | ₦597,644/MT | Below hard floor 2,000,000
2026-04-11 15:39:06.168 | WARNING  | __main__:flag_hard_bound_outliers:122 -     OUTLIER → Cocoa | 2015-10-26 | ₦632,151/MT | Below hard floor 2,000,000
2026-04-11 15:39:06.169 | WARNING  | __main__:flag_hard_bound_outliers:122 -     OUTLIER → Cocoa | 2015-11-02 | ₦647,133/MT | Below hard floor 2,000,000
2026-04-11 15:39:06.170 | WARNING  | __main__:flag_hard_bound_outliers:122 -     OUTLIER → Cocoa | 2015-11-09 | ₦608,163/MT | Below hard floor 2,000,000
2026-04-11 15:39:06.170 | WARNING  | __main__:flag_hard_bound_outliers:122 -     OUTLIER → Cocoa | 2015-11-16 | ₦610,066/MT | Below hard floor 2,000,000
2026-04-11 15:39:06.170 | WARNING  | __main__:flag_hard_bound_outliers:122 -     OUTLIER → Cocoa | 2015-11-23 | ₦612,631/MT | Below hard floor 2,000,000
2026-04-11 15:39:06.174 | WARNING  | __main__:flag_hard_bound_outliers:122 -     OUTLIER → Cocoa | 2015-11-30 | ₦592,934/MT | Below hard floor 2,000,000
2026-04-11 15:39:06.175 | WARNING  | __main__:flag_hard_bound_outliers:122 -     OUTLIER → Cocoa | 2015-12-07 | ₦606,717/MT | Below hard floor 2,000,000
2026-04-11 15:39:06.176 | WARNING  | __main__:flag_hard_bound_outliers:122 -     OUTLIER → Cocoa | 2015-12-14 | ₦605,117/MT | Below hard floor 2,000,000
2026-04-11 15:39:06.177 | WARNING  | __main__:flag_hard_bound_outliers:122 -     OUTLIER → Cocoa | 2015-12-21 | ₦609,541/MT | Below hard floor 2,000,000
2026-04-11 15:39:06.178 | WARNING  | __main__:flag_hard_bound_outliers:122 -     OUTLIER → Cocoa | 2015-12-28 | ₦623,262/MT | Below hard floor 2,000,000
2026-04-11 15:39:06.179 | WARNING  | __main__:flag_hard_bound_outliers:122 -     OUTLIER → Cocoa | 2016-01-04 | ₦608,109/MT | Below hard floor 2,000,000
2026-04-11 15:39:06.179 | WARNING  | __main__:flag_hard_bound_outliers:122 -     OUTLIER → Cocoa | 2016-01-11 | ₦631,954/MT | Below hard floor 2,000,000
2026-04-11 15:39:06.179 | WARNING  | __main__:flag_hard_bound_outliers:122 -     OUTLIER → Cocoa | 2016-01-18 | ₦585,779/MT | Below hard floor 2,000,000
2026-04-11 15:39:06.179 | WARNING  | __main__:flag_hard_bound_outliers:122 -     OUTLIER → Cocoa | 2016-01-25 | ₦621,697/MT | Below hard floor 2,000,000
2026-04-11 15:39:06.179 | WARNING  | __main__:flag_hard_bound_outliers:122 -     OUTLIER → Cocoa | 2016-02-01 | ₦617,131/MT | Below hard floor 2,000,000
2026-04-11 15:39:06.179 | WARNING  | __main__:flag_hard_bound_outliers:122 -     OUTLIER → Cocoa | 2016-02-08 | ₦620,197/MT | Below hard floor 2,000,000
2026-04-11 15:39:06.179 | WARNING  | __main__:flag_hard_bound_outliers:122 -     OUTLIER → Cocoa | 2016-02-15 | ₦633,693/MT | Below hard floor 2,000,000
2026-04-11 15:39:06.184 | WARNING  | __main__:flag_hard_bound_outliers:122 -     OUTLIER → Cocoa | 2016-02-22 | ₦600,198/MT | Below hard floor 2,000,000
2026-04-11 15:39:06.185 | WARNING  | __main__:flag_hard_bound_outliers:122 -     OUTLIER → Cocoa | 2016-02-29 | ₦628,244/MT | Below hard floor 2,000,000
2026-04-11 15:39:06.186 | WARNING  | __main__:flag_hard_bound_outliers:122 -     OUTLIER → Cocoa | 2016-03-07 | ₦606,881/MT | Below hard floor 2,000,000
2026-04-11 15:39:06.186 | WARNING  | __main__:flag_hard_bound_outliers:122 -     OUTLIER → Cocoa | 2016-03-14 | ₦612,787/MT | Below hard floor 2,000,000
2026-04-11 15:39:06.186 | WARNING  | __main__:flag_hard_bound_outliers:122 -     OUTLIER → Cocoa | 2016-03-21 | ₦609,104/MT | Below hard floor 2,000,000
2026-04-11 15:39:06.186 | WARNING  | __main__:flag_hard_bound_outliers:122 -     OUTLIER → Cocoa | 2016-03-28 | ₦648,346/MT | Below hard floor 2,000,000
2026-04-11 15:39:06.186 | WARNING  | __main__:flag_hard_bound_outliers:122 -     OUTLIER → Cocoa | 2016-04-04 | ₦552,825/MT | Below hard floor 2,000,000
2026-04-11 15:39:06.192 | WARNING  | __main__:flag_hard_bound_outliers:122 -     OUTLIER → Cocoa | 2016-04-11 | ₦554,630/MT | Below hard floor 2,000,000
2026-04-11 15:39:06.193 | WARNING  | __main__:flag_hard_bound_outliers:122 -     OUTLIER → Cocoa | 2016-04-18 | ₦553,072/MT | Below hard floor 2,000,000
2026-04-11 15:39:06.194 | WARNING  | __main__:flag_hard_bound_outliers:122 -     OUTLIER → Cocoa | 2016-04-25 | ₦554,216/MT | Below hard floor 2,000,000
2026-04-11 15:39:06.195 | WARNING  | __main__:flag_hard_bound_outliers:122 -     OUTLIER → Cocoa | 2016-05-02 | ₦535,907/MT | Below hard floor 2,000,000
2026-04-11 15:39:06.196 | WARNING  | __main__:flag_hard_bound_outliers:122 -     OUTLIER → Cocoa | 2016-05-09 | ₦565,843/MT | Below hard floor 2,000,000
2026-04-11 15:39:06.196 | WARNING  | __main__:flag_hard_bound_outliers:122 -     OUTLIER → Cocoa | 2016-05-16 | ₦569,637/MT | Below hard floor 2,000,000
2026-04-11 15:39:06.196 | WARNING  | __main__:flag_hard_bound_outliers:122 -     OUTLIER → Cocoa | 2016-05-23 | ₦537,000/MT | Below hard floor 2,000,000
2026-04-11 15:39:06.196 | WARNING  | __main__:flag_hard_bound_outliers:122 -     OUTLIER → Cocoa | 2016-05-30 | ₦532,712/MT | Below hard floor 2,000,000
2026-04-11 15:39:06.196 | WARNING  | __main__:flag_hard_bound_outliers:122 -     OUTLIER → Cocoa | 2016-06-06 | ₦716,422/MT | Below hard floor 2,000,000
2026-04-11 15:39:06.196 | WARNING  | __main__:flag_hard_bound_outliers:122 -     OUTLIER → Cocoa | 2016-06-13 | ₦694,728/MT | Below hard floor 2,000,000
2026-04-11 15:39:06.196 | WARNING  | __main__:flag_hard_bound_outliers:122 -     OUTLIER → Cocoa | 2016-06-20 | ₦719,845/MT | Below hard floor 2,000,000
2026-04-11 15:39:06.196 | WARNING  | __main__:flag_hard_bound_outliers:122 -     OUTLIER → Cocoa | 2016-06-27 | ₦710,732/MT | Below hard floor 2,000,000
2026-04-11 15:39:06.202 | WARNING  | __main__:flag_hard_bound_outliers:122 -     OUTLIER → Cocoa | 2016-07-04 | ₦824,541/MT | Below hard floor 2,000,000
2026-04-11 15:39:06.203 | WARNING  | __main__:flag_hard_bound_outliers:122 -     OUTLIER → Cocoa | 2016-07-11 | ₦903,924/MT | Below hard floor 2,000,000
2026-04-11 15:39:06.203 | WARNING  | __main__:flag_hard_bound_outliers:122 -     OUTLIER → Cocoa | 2016-07-18 | ₦910,361/MT | Below hard floor 2,000,000
2026-04-11 15:39:06.206 | WARNING  | __main__:flag_hard_bound_outliers:122 -     OUTLIER → Cocoa | 2016-07-25 | ₦847,941/MT | Below hard floor 2,000,000
2026-04-11 15:39:06.207 | WARNING  | __main__:flag_hard_bound_outliers:122 -     OUTLIER → Cocoa | 2016-08-01 | ₦845,062/MT | Below hard floor 2,000,000
2026-04-11 15:39:06.207 | WARNING  | __main__:flag_hard_bound_outliers:122 -     OUTLIER → Cocoa | 2016-08-08 | ₦862,339/MT | Below hard floor 2,000,000
2026-04-11 15:39:06.209 | WARNING  | __main__:flag_hard_bound_outliers:122 -     OUTLIER → Cocoa | 2016-08-15 | ₦863,585/MT | Below hard floor 2,000,000
2026-04-11 15:39:06.210 | WARNING  | __main__:flag_hard_bound_outliers:122 -     OUTLIER → Cocoa | 2016-08-22 | ₦871,898/MT | Below hard floor 2,000,000
2026-04-11 15:39:06.211 | WARNING  | __main__:flag_hard_bound_outliers:122 -     OUTLIER → Cocoa | 2016-08-29 | ₦906,569/MT | Below hard floor 2,000,000
2026-04-11 15:39:06.211 | WARNING  | __main__:flag_hard_bound_outliers:122 -     OUTLIER → Cocoa | 2016-09-05 | ₦850,468/MT | Below hard floor 2,000,000
2026-04-11 15:39:06.212 | WARNING  | __main__:flag_hard_bound_outliers:122 -     OUTLIER → Cocoa | 2016-09-12 | ₦834,530/MT | Below hard floor 2,000,000
2026-04-11 15:39:06.213 | WARNING  | __main__:flag_hard_bound_outliers:122 -     OUTLIER → Cocoa | 2016-09-19 | ₦819,627/MT | Below hard floor 2,000,000
2026-04-11 15:39:06.213 | WARNING  | __main__:flag_hard_bound_outliers:122 -     OUTLIER → Cocoa | 2016-09-26 | ₦836,258/MT | Below hard floor 2,000,000
2026-04-11 15:39:06.213 | WARNING  | __main__:flag_hard_bound_outliers:122 -     OUTLIER → Cocoa | 2016-10-03 | ₦880,574/MT | Below hard floor 2,000,000
2026-04-11 15:39:06.213 | WARNING  | __main__:flag_hard_bound_outliers:122 -     OUTLIER → Cocoa | 2016-10-10 | ₦928,904/MT | Below hard floor 2,000,000
2026-04-11 15:39:06.213 | WARNING  | __main__:flag_hard_bound_outliers:122 -     OUTLIER → Cocoa | 2016-10-17 | ₦867,763/MT | Below hard floor 2,000,000
2026-04-11 15:39:06.213 | WARNING  | __main__:flag_hard_bound_outliers:122 -     OUTLIER → Cocoa | 2016-10-24 | ₦887,368/MT | Below hard floor 2,000,000
2026-04-11 15:39:06.213 | WARNING  | __main__:flag_hard_bound_outliers:122 -     OUTLIER → Cocoa | 2016-10-31 | ₦881,016/MT | Below hard floor 2,000,000
2026-04-11 15:39:06.220 | WARNING  | __main__:flag_hard_bound_outliers:122 -     OUTLIER → Cocoa | 2016-11-07 | ₦931,133/MT | Below hard floor 2,000,000
2026-04-11 15:39:06.220 | WARNING  | __main__:flag_hard_bound_outliers:122 -     OUTLIER → Cocoa | 2016-11-14 | ₦967,236/MT | Below hard floor 2,000,000
2026-04-11 15:39:06.220 | WARNING  | __main__:flag_hard_bound_outliers:122 -     OUTLIER → Cocoa | 2016-11-21 | ₦884,760/MT | Below hard floor 2,000,000
2026-04-11 15:39:06.223 | WARNING  | __main__:flag_hard_bound_outliers:122 -     OUTLIER → Cocoa | 2016-11-28 | ₦885,878/MT | Below hard floor 2,000,000
2026-04-11 15:39:06.223 | WARNING  | __main__:flag_hard_bound_outliers:122 -     OUTLIER → Cocoa | 2016-12-05 | ₦936,333/MT | Below hard floor 2,000,000
2026-04-11 15:39:06.225 | WARNING  | __main__:flag_hard_bound_outliers:122 -     OUTLIER → Cocoa | 2016-12-12 | ₦926,466/MT | Below hard floor 2,000,000
2026-04-11 15:39:06.226 | WARNING  | __main__:flag_hard_bound_outliers:122 -     OUTLIER → Cocoa | 2016-12-19 | ₦958,192/MT | Below hard floor 2,000,000
2026-04-11 15:39:06.226 | WARNING  | __main__:flag_hard_bound_outliers:122 -     OUTLIER → Cocoa | 2016-12-26 | ₦923,798/MT | Below hard floor 2,000,000
2026-04-11 15:39:06.228 | WARNING  | __main__:flag_hard_bound_outliers:122 -     OUTLIER → Cocoa | 2017-01-02 | ₦644,766/MT | Below hard floor 2,000,000
2026-04-11 15:39:06.229 | WARNING  | __main__:flag_hard_bound_outliers:122 -     OUTLIER → Cocoa | 2017-01-09 | ₦663,341/MT | Below hard floor 2,000,000
2026-04-11 15:39:06.230 | WARNING  | __main__:flag_hard_bound_outliers:122 -     OUTLIER → Cocoa | 2017-01-16 | ₦673,471/MT | Below hard floor 2,000,000
2026-04-11 15:39:06.230 | WARNING  | __main__:flag_hard_bound_outliers:122 -     OUTLIER → Cocoa | 2017-01-23 | ₦667,835/MT | Below hard floor 2,000,000
2026-04-11 15:39:06.230 | WARNING  | __main__:flag_hard_bound_outliers:122 -     OUTLIER → Cocoa | 2017-01-30 | ₦661,710/MT | Below hard floor 2,000,000
2026-04-11 15:39:06.233 | WARNING  | __main__:flag_hard_bound_outliers:122 -     OUTLIER → Cocoa | 2017-02-06 | ₦691,867/MT | Below hard floor 2,000,000
2026-04-11 15:39:06.233 | WARNING  | __main__:flag_hard_bound_outliers:122 -     OUTLIER → Cocoa | 2017-02-13 | ₦693,931/MT | Below hard floor 2,000,000
2026-04-11 15:39:06.234 | WARNING  | __main__:flag_hard_bound_outliers:122 -     OUTLIER → Cocoa | 2017-02-20 | ₦698,213/MT | Below hard floor 2,000,000
2026-04-11 15:39:06.235 | WARNING  | __main__:flag_hard_bound_outliers:122 -     OUTLIER → Cocoa | 2017-02-27 | ₦683,461/MT | Below hard floor 2,000,000
2026-04-11 15:39:06.236 | WARNING  | __main__:flag_hard_bound_outliers:122 -     OUTLIER → Cocoa | 2017-03-06 | ₦648,524/MT | Below hard floor 2,000,000
2026-04-11 15:39:06.237 | WARNING  | __main__:flag_hard_bound_outliers:122 -     OUTLIER → Cocoa | 2017-03-13 | ₦654,660/MT | Below hard floor 2,000,000
2026-04-11 15:39:06.237 | WARNING  | __main__:flag_hard_bound_outliers:122 -     OUTLIER → Cocoa | 2017-03-20 | ₦675,383/MT | Below hard floor 2,000,000
2026-04-11 15:39:06.237 | WARNING  | __main__:flag_hard_bound_outliers:122 -     OUTLIER → Cocoa | 2017-03-27 | ₦635,817/MT | Below hard floor 2,000,000
2026-04-11 15:39:06.237 | WARNING  | __main__:flag_hard_bound_outliers:122 -     OUTLIER → Cocoa | 2017-04-03 | ₦615,067/MT | Below hard floor 2,000,000
2026-04-11 15:39:06.237 | WARNING  | __main__:flag_hard_bound_outliers:122 -     OUTLIER → Cocoa | 2017-04-10 | ₦601,160/MT | Below hard floor 2,000,000
2026-04-11 15:39:06.237 | WARNING  | __main__:flag_hard_bound_outliers:122 -     OUTLIER → Cocoa | 2017-04-17 | ₦608,863/MT | Below hard floor 2,000,000
2026-04-11 15:39:06.237 | WARNING  | __main__:flag_hard_bound_outliers:122 -     OUTLIER → Cocoa | 2017-04-24 | ₦631,671/MT | Below hard floor 2,000,000
2026-04-11 15:39:06.246 | WARNING  | __main__:flag_hard_bound_outliers:122 -     OUTLIER → Cocoa | 2017-05-01 | ₦593,097/MT | Below hard floor 2,000,000
2026-04-11 15:39:06.246 | WARNING  | __main__:flag_hard_bound_outliers:122 -     OUTLIER → Cocoa | 2017-05-08 | ₦590,538/MT | Below hard floor 2,000,000
2026-04-11 15:39:06.247 | WARNING  | __main__:flag_hard_bound_outliers:122 -     OUTLIER → Cocoa | 2017-05-15 | ₦565,658/MT | Below hard floor 2,000,000
2026-04-11 15:39:06.247 | WARNING  | __main__:flag_hard_bound_outliers:122 -     OUTLIER → Cocoa | 2017-05-22 | ₦602,918/MT | Below hard floor 2,000,000
2026-04-11 15:39:06.250 | WARNING  | __main__:flag_hard_bound_outliers:122 -     OUTLIER → Cocoa | 2017-05-29 | ₦601,136/MT | Below hard floor 2,000,000
2026-04-11 15:39:06.251 | WARNING  | __main__:flag_hard_bound_outliers:122 -     OUTLIER → Cocoa | 2017-06-05 | ₦641,208/MT | Below hard floor 2,000,000
2026-04-11 15:39:06.252 | WARNING  | __main__:flag_hard_bound_outliers:122 -     OUTLIER → Cocoa | 2017-06-12 | ₦596,571/MT | Below hard floor 2,000,000
2026-04-11 15:39:06.253 | WARNING  | __main__:flag_hard_bound_outliers:122 -     OUTLIER → Cocoa | 2017-06-19 | ₦606,090/MT | Below hard floor 2,000,000
2026-04-11 15:39:06.253 | WARNING  | __main__:flag_hard_bound_outliers:122 -     OUTLIER → Cocoa | 2017-06-26 | ₦606,636/MT | Below hard floor 2,000,000
2026-04-11 15:39:06.255 | WARNING  | __main__:flag_hard_bound_outliers:122 -     OUTLIER → Cocoa | 2017-07-03 | ₦637,127/MT | Below hard floor 2,000,000
2026-04-11 15:39:06.255 | WARNING  | __main__:flag_hard_bound_outliers:122 -     OUTLIER → Cocoa | 2017-07-10 | ₦606,599/MT | Below hard floor 2,000,000
2026-04-11 15:39:06.258 | WARNING  | __main__:flag_hard_bound_outliers:122 -     OUTLIER → Cocoa | 2017-07-17 | ₦613,431/MT | Below hard floor 2,000,000
2026-04-11 15:39:06.259 | WARNING  | __main__:flag_hard_bound_outliers:122 -     OUTLIER → Cocoa | 2017-07-24 | ₦619,433/MT | Below hard floor 2,000,000
2026-04-11 15:39:06.260 | WARNING  | __main__:flag_hard_bound_outliers:122 -     OUTLIER → Cocoa | 2017-07-31 | ₦611,744/MT | Below hard floor 2,000,000
2026-04-11 15:39:06.261 | WARNING  | __main__:flag_hard_bound_outliers:122 -     OUTLIER → Cocoa | 2017-08-07 | ₦594,067/MT | Below hard floor 2,000,000
2026-04-11 15:39:06.262 | WARNING  | __main__:flag_hard_bound_outliers:122 -     OUTLIER → Cocoa | 2017-08-14 | ₦605,637/MT | Below hard floor 2,000,000
2026-04-11 15:39:06.263 | WARNING  | __main__:flag_hard_bound_outliers:122 -     OUTLIER → Cocoa | 2017-08-21 | ₦621,525/MT | Below hard floor 2,000,000
2026-04-11 15:39:06.263 | WARNING  | __main__:flag_hard_bound_outliers:122 -     OUTLIER → Cocoa | 2017-08-28 | ₦583,588/MT | Below hard floor 2,000,000
2026-04-11 15:39:06.263 | WARNING  | __main__:flag_hard_bound_outliers:122 -     OUTLIER → Cocoa | 2017-09-04 | ₦604,533/MT | Below hard floor 2,000,000
2026-04-11 15:39:06.263 | WARNING  | __main__:flag_hard_bound_outliers:122 -     OUTLIER → Cocoa | 2017-09-11 | ₦589,484/MT | Below hard floor 2,000,000
2026-04-11 15:39:06.266 | WARNING  | __main__:flag_hard_bound_outliers:122 -     OUTLIER → Cocoa | 2017-09-18 | ₦623,718/MT | Below hard floor 2,000,000
2026-04-11 15:39:06.267 | WARNING  | __main__:flag_hard_bound_outliers:122 -     OUTLIER → Cocoa | 2017-09-25 | ₦574,616/MT | Below hard floor 2,000,000
2026-04-11 15:39:06.268 | WARNING  | __main__:flag_hard_bound_outliers:122 -     OUTLIER → Cocoa | 2017-10-02 | ₦610,345/MT | Below hard floor 2,000,000
2026-04-11 15:39:06.269 | WARNING  | __main__:flag_hard_bound_outliers:122 -     OUTLIER → Cocoa | 2017-10-09 | ₦627,778/MT | Below hard floor 2,000,000
2026-04-11 15:39:06.270 | WARNING  | __main__:flag_hard_bound_outliers:122 -     OUTLIER → Cocoa | 2017-10-16 | ₦649,908/MT | Below hard floor 2,000,000
2026-04-11 15:39:06.270 | WARNING  | __main__:flag_hard_bound_outliers:122 -     OUTLIER → Cocoa | 2017-10-23 | ₦619,529/MT | Below hard floor 2,000,000
2026-04-11 15:39:06.270 | WARNING  | __main__:flag_hard_bound_outliers:122 -     OUTLIER → Cocoa | 2017-10-30 | ₦610,414/MT | Below hard floor 2,000,000
2026-04-11 15:39:06.275 | WARNING  | __main__:flag_hard_bound_outliers:122 -     OUTLIER → Cocoa | 2017-11-06 | ₦668,901/MT | Below hard floor 2,000,000
2026-04-11 15:39:06.276 | WARNING  | __main__:flag_hard_bound_outliers:122 -     OUTLIER → Cocoa | 2017-11-13 | ₦605,664/MT | Below hard floor 2,000,000
2026-04-11 15:39:06.277 | WARNING  | __main__:flag_hard_bound_outliers:122 -     OUTLIER → Cocoa | 2017-11-20 | ₦591,402/MT | Below hard floor 2,000,000
2026-04-11 15:39:06.277 | WARNING  | __main__:flag_hard_bound_outliers:122 -     OUTLIER → Cocoa | 2017-11-27 | ₦641,527/MT | Below hard floor 2,000,000
2026-04-11 15:39:06.278 | WARNING  | __main__:flag_hard_bound_outliers:122 -     OUTLIER → Cocoa | 2017-12-04 | ₦629,746/MT | Below hard floor 2,000,000
2026-04-11 15:39:06.279 | WARNING  | __main__:flag_hard_bound_outliers:122 -     OUTLIER → Cocoa | 2017-12-11 | ₦619,788/MT | Below hard floor 2,000,000
2026-04-11 15:39:06.280 | WARNING  | __main__:flag_hard_bound_outliers:122 -     OUTLIER → Cocoa | 2017-12-18 | ₦652,964/MT | Below hard floor 2,000,000
2026-04-11 15:39:06.280 | WARNING  | __main__:flag_hard_bound_outliers:122 -     OUTLIER → Cocoa | 2017-12-25 | ₦644,053/MT | Below hard floor 2,000,000
2026-04-11 15:39:06.280 | WARNING  | __main__:flag_hard_bound_outliers:122 -     OUTLIER → Cocoa | 2018-01-01 | ₦724,147/MT | Below hard floor 2,000,000
2026-04-11 15:39:06.280 | WARNING  | __main__:flag_hard_bound_outliers:122 -     OUTLIER → Cocoa | 2018-01-08 | ₦708,320/MT | Below hard floor 2,000,000
2026-04-11 15:39:06.280 | WARNING  | __main__:flag_hard_bound_outliers:122 -     OUTLIER → Cocoa | 2018-01-15 | ₦755,892/MT | Below hard floor 2,000,000
2026-04-11 15:39:06.284 | WARNING  | __main__:flag_hard_bound_outliers:122 -     OUTLIER → Cocoa | 2018-01-22 | ₦750,981/MT | Below hard floor 2,000,000
2026-04-11 15:39:06.285 | WARNING  | __main__:flag_hard_bound_outliers:122 -     OUTLIER → Cocoa | 2018-01-29 | ₦734,420/MT | Below hard floor 2,000,000
2026-04-11 15:39:06.286 | WARNING  | __main__:flag_hard_bound_outliers:122 -     OUTLIER → Cocoa | 2018-02-05 | ₦799,632/MT | Below hard floor 2,000,000
2026-04-11 15:39:06.287 | WARNING  | __main__:flag_hard_bound_outliers:122 -     OUTLIER → Cocoa | 2018-02-12 | ₦733,335/MT | Below hard floor 2,000,000
2026-04-11 15:39:06.287 | WARNING  | __main__:flag_hard_bound_outliers:122 -     OUTLIER → Cocoa | 2018-02-19 | ₦722,983/MT | Below hard floor 2,000,000
2026-04-11 15:39:06.287 | WARNING  | __main__:flag_hard_bound_outliers:122 -     OUTLIER → Cocoa | 2018-02-26 | ₦741,931/MT | Below hard floor 2,000,000
2026-04-11 15:39:06.287 | WARNING  | __main__:flag_hard_bound_outliers:122 -     OUTLIER → Cocoa | 2018-03-05 | ₦735,605/MT | Below hard floor 2,000,000
2026-04-11 15:39:06.292 | WARNING  | __main__:flag_hard_bound_outliers:122 -     OUTLIER → Cocoa | 2018-03-12 | ₦741,990/MT | Below hard floor 2,000,000
2026-04-11 15:39:06.293 | WARNING  | __main__:flag_hard_bound_outliers:122 -     OUTLIER → Cocoa | 2018-03-19 | ₦731,281/MT | Below hard floor 2,000,000
2026-04-11 15:39:06.294 | WARNING  | __main__:flag_hard_bound_outliers:122 -     OUTLIER → Cocoa | 2018-03-26 | ₦744,392/MT | Below hard floor 2,000,000
2026-04-11 15:39:06.295 | WARNING  | __main__:flag_hard_bound_outliers:122 -     OUTLIER → Cocoa | 2018-04-02 | ₦661,691/MT | Below hard floor 2,000,000
2026-04-11 15:39:06.296 | WARNING  | __main__:flag_hard_bound_outliers:122 -     OUTLIER → Cocoa | 2018-04-09 | ₦717,282/MT | Below hard floor 2,000,000
2026-04-11 15:39:06.296 | WARNING  | __main__:flag_hard_bound_outliers:122 -     OUTLIER → Cocoa | 2018-04-16 | ₦685,810/MT | Below hard floor 2,000,000
2026-04-11 15:39:06.296 | WARNING  | __main__:flag_hard_bound_outliers:122 -     OUTLIER → Cocoa | 2018-04-23 | ₦710,549/MT | Below hard floor 2,000,000
2026-04-11 15:39:06.296 | WARNING  | __main__:flag_hard_bound_outliers:122 -     OUTLIER → Cocoa | 2018-04-30 | ₦694,573/MT | Below hard floor 2,000,000
2026-04-11 15:39:06.296 | WARNING  | __main__:flag_hard_bound_outliers:122 -     OUTLIER → Cocoa | 2018-05-07 | ₦675,591/MT | Below hard floor 2,000,000
2026-04-11 15:39:06.296 | WARNING  | __main__:flag_hard_bound_outliers:122 -     OUTLIER → Cocoa | 2018-05-14 | ₦677,850/MT | Below hard floor 2,000,000
2026-04-11 15:39:06.296 | WARNING  | __main__:flag_hard_bound_outliers:122 -     OUTLIER → Cocoa | 2018-05-21 | ₦675,410/MT | Below hard floor 2,000,000
2026-04-11 15:39:06.302 | WARNING  | __main__:flag_hard_bound_outliers:122 -     OUTLIER → Cocoa | 2018-05-28 | ₦679,309/MT | Below hard floor 2,000,000
2026-04-11 15:39:06.303 | WARNING  | __main__:flag_hard_bound_outliers:122 -     OUTLIER → Cocoa | 2018-06-04 | ₦707,624/MT | Below hard floor 2,000,000
2026-04-11 15:39:06.303 | WARNING  | __main__:flag_hard_bound_outliers:122 -     OUTLIER → Cocoa | 2018-06-11 | ₦684,501/MT | Below hard floor 2,000,000
2026-04-11 15:39:06.303 | WARNING  | __main__:flag_hard_bound_outliers:122 -     OUTLIER → Cocoa | 2018-06-18 | ₦694,963/MT | Below hard floor 2,000,000
2026-04-11 15:39:06.303 | WARNING  | __main__:flag_hard_bound_outliers:122 -     OUTLIER → Cocoa | 2018-06-25 | ₦678,657/MT | Below hard floor 2,000,000
2026-04-11 15:39:06.309 | WARNING  | __main__:flag_hard_bound_outliers:122 -     OUTLIER → Cocoa | 2018-07-02 | ₦717,207/MT | Below hard floor 2,000,000
2026-04-11 15:39:06.310 | WARNING  | __main__:flag_hard_bound_outliers:122 -     OUTLIER → Cocoa | 2018-07-09 | ₦673,554/MT | Below hard floor 2,000,000
2026-04-11 15:39:06.311 | WARNING  | __main__:flag_hard_bound_outliers:122 -     OUTLIER → Cocoa | 2018-07-16 | ₦724,649/MT | Below hard floor 2,000,000
2026-04-11 15:39:06.311 | WARNING  | __main__:flag_hard_bound_outliers:122 -     OUTLIER → Cocoa | 2018-07-23 | ₦686,676/MT | Below hard floor 2,000,000
2026-04-11 15:39:06.313 | WARNING  | __main__:flag_hard_bound_outliers:122 -     OUTLIER → Cocoa | 2018-07-30 | ₦657,995/MT | Below hard floor 2,000,000
2026-04-11 15:39:06.313 | WARNING  | __main__:flag_hard_bound_outliers:122 -     OUTLIER → Cocoa | 2018-08-06 | ₦683,105/MT | Below hard floor 2,000,000
2026-04-11 15:39:06.313 | WARNING  | __main__:flag_hard_bound_outliers:122 -     OUTLIER → Cocoa | 2018-08-13 | ₦666,586/MT | Below hard floor 2,000,000
2026-04-11 15:39:06.313 | WARNING  | __main__:flag_hard_bound_outliers:122 -     OUTLIER → Cocoa | 2018-08-20 | ₦697,651/MT | Below hard floor 2,000,000
2026-04-11 15:39:06.313 | WARNING  | __main__:flag_hard_bound_outliers:122 -     OUTLIER → Cocoa | 2018-08-27 | ₦667,166/MT | Below hard floor 2,000,000
2026-04-11 15:39:06.313 | WARNING  | __main__:flag_hard_bound_outliers:122 -     OUTLIER → Cocoa | 2018-09-03 | ₦671,381/MT | Below hard floor 2,000,000
2026-04-11 15:39:06.313 | WARNING  | __main__:flag_hard_bound_outliers:122 -     OUTLIER → Cocoa | 2018-09-10 | ₦641,915/MT | Below hard floor 2,000,000
2026-04-11 15:39:06.319 | WARNING  | __main__:flag_hard_bound_outliers:122 -     OUTLIER → Cocoa | 2018-09-17 | ₦671,256/MT | Below hard floor 2,000,000
2026-04-11 15:39:06.320 | WARNING  | __main__:flag_hard_bound_outliers:122 -     OUTLIER → Cocoa | 2018-09-24 | ₦631,007/MT | Below hard floor 2,000,000
2026-04-11 15:39:06.320 | WARNING  | __main__:flag_hard_bound_outliers:122 -     OUTLIER → Cocoa | 2018-10-01 | ₦668,200/MT | Below hard floor 2,000,000
2026-04-11 15:39:06.320 | WARNING  | __main__:flag_hard_bound_outliers:122 -     OUTLIER → Cocoa | 2018-10-08 | ₦717,539/MT | Below hard floor 2,000,000
2026-04-11 15:39:06.325 | WARNING  | __main__:flag_hard_bound_outliers:122 -     OUTLIER → Cocoa | 2018-10-15 | ₦718,073/MT | Below hard floor 2,000,000
2026-04-11 15:39:06.325 | WARNING  | __main__:flag_hard_bound_outliers:122 -     OUTLIER → Cocoa | 2018-10-22 | ₦710,490/MT | Below hard floor 2,000,000
2026-04-11 15:39:06.327 | WARNING  | __main__:flag_hard_bound_outliers:122 -     OUTLIER → Cocoa | 2018-10-29 | ₦681,184/MT | Below hard floor 2,000,000
2026-04-11 15:39:06.327 | WARNING  | __main__:flag_hard_bound_outliers:122 -     OUTLIER → Cocoa | 2018-11-05 | ₦714,542/MT | Below hard floor 2,000,000
2026-04-11 15:39:06.328 | WARNING  | __main__:flag_hard_bound_outliers:122 -     OUTLIER → Cocoa | 2018-11-12 | ₦715,489/MT | Below hard floor 2,000,000
2026-04-11 15:39:06.328 | WARNING  | __main__:flag_hard_bound_outliers:122 -     OUTLIER → Cocoa | 2018-11-19 | ₦690,699/MT | Below hard floor 2,000,000
2026-04-11 15:39:06.329 | WARNING  | __main__:flag_hard_bound_outliers:122 -     OUTLIER → Cocoa | 2018-11-26 | ₦747,839/MT | Below hard floor 2,000,000
2026-04-11 15:39:06.330 | WARNING  | __main__:flag_hard_bound_outliers:122 -     OUTLIER → Cocoa | 2018-12-03 | ₦741,600/MT | Below hard floor 2,000,000
2026-04-11 15:39:06.331 | WARNING  | __main__:flag_hard_bound_outliers:122 -     OUTLIER → Cocoa | 2018-12-10 | ₦717,791/MT | Below hard floor 2,000,000
2026-04-11 15:39:06.331 | WARNING  | __main__:flag_hard_bound_outliers:122 -     OUTLIER → Cocoa | 2018-12-17 | ₦723,164/MT | Below hard floor 2,000,000
2026-04-11 15:39:06.331 | WARNING  | __main__:flag_hard_bound_outliers:122 -     OUTLIER → Cocoa | 2018-12-24 | ₦727,099/MT | Below hard floor 2,000,000
2026-04-11 15:39:06.333 | WARNING  | __main__:flag_hard_bound_outliers:122 -     OUTLIER → Cocoa | 2018-12-31 | ₦678,322/MT | Below hard floor 2,000,000
2026-04-11 15:39:06.334 | WARNING  | __main__:flag_hard_bound_outliers:122 -     OUTLIER → Cocoa | 2019-01-07 | ₦748,511/MT | Below hard floor 2,000,000
2026-04-11 15:39:06.335 | WARNING  | __main__:flag_hard_bound_outliers:122 -     OUTLIER → Cocoa | 2019-01-14 | ₦738,674/MT | Below hard floor 2,000,000
2026-04-11 15:39:06.337 | WARNING  | __main__:flag_hard_bound_outliers:122 -     OUTLIER → Cocoa | 2019-01-21 | ₦731,443/MT | Below hard floor 2,000,000
2026-04-11 15:39:06.337 | WARNING  | __main__:flag_hard_bound_outliers:122 -     OUTLIER → Cocoa | 2019-01-28 | ₦747,743/MT | Below hard floor 2,000,000
2026-04-11 15:39:06.337 | WARNING  | __main__:flag_hard_bound_outliers:122 -     OUTLIER → Cocoa | 2019-02-04 | ₦817,479/MT | Below hard floor 2,000,000
2026-04-11 15:39:06.337 | WARNING  | __main__:flag_hard_bound_outliers:122 -     OUTLIER → Cocoa | 2019-02-11 | ₦790,560/MT | Below hard floor 2,000,000
2026-04-11 15:39:06.341 | WARNING  | __main__:flag_hard_bound_outliers:122 -     OUTLIER → Cocoa | 2019-02-18 | ₦762,357/MT | Below hard floor 2,000,000
2026-04-11 15:39:06.342 | WARNING  | __main__:flag_hard_bound_outliers:122 -     OUTLIER → Cocoa | 2019-02-25 | ₦788,972/MT | Below hard floor 2,000,000
2026-04-11 15:39:06.343 | WARNING  | __main__:flag_hard_bound_outliers:122 -     OUTLIER → Cocoa | 2019-03-04 | ₦785,760/MT | Below hard floor 2,000,000
2026-04-11 15:39:06.343 | WARNING  | __main__:flag_hard_bound_outliers:122 -     OUTLIER → Cocoa | 2019-03-11 | ₦775,020/MT | Below hard floor 2,000,000
2026-04-11 15:39:06.345 | WARNING  | __main__:flag_hard_bound_outliers:122 -     OUTLIER → Cocoa | 2019-03-18 | ₦755,451/MT | Below hard floor 2,000,000
2026-04-11 15:39:06.345 | WARNING  | __main__:flag_hard_bound_outliers:122 -     OUTLIER → Cocoa | 2019-03-25 | ₦739,467/MT | Below hard floor 2,000,000
2026-04-11 15:39:06.346 | WARNING  | __main__:flag_hard_bound_outliers:122 -     OUTLIER → Cocoa | 2019-04-01 | ₦718,572/MT | Below hard floor 2,000,000
2026-04-11 15:39:06.346 | WARNING  | __main__:flag_hard_bound_outliers:122 -     OUTLIER → Cocoa | 2019-04-08 | ₦712,137/MT | Below hard floor 2,000,000
2026-04-11 15:39:06.346 | WARNING  | __main__:flag_hard_bound_outliers:122 -     OUTLIER → Cocoa | 2019-04-15 | ₦722,731/MT | Below hard floor 2,000,000
2026-04-11 15:39:06.346 | WARNING  | __main__:flag_hard_bound_outliers:122 -     OUTLIER → Cocoa | 2019-04-22 | ₦717,241/MT | Below hard floor 2,000,000
2026-04-11 15:39:06.350 | WARNING  | __main__:flag_hard_bound_outliers:122 -     OUTLIER → Cocoa | 2019-04-29 | ₦725,990/MT | Below hard floor 2,000,000
2026-04-11 15:39:06.351 | WARNING  | __main__:flag_hard_bound_outliers:122 -     OUTLIER → Cocoa | 2019-05-06 | ₦671,328/MT | Below hard floor 2,000,000
2026-04-11 15:39:06.351 | WARNING  | __main__:flag_hard_bound_outliers:122 -     OUTLIER → Cocoa | 2019-05-13 | ₦709,248/MT | Below hard floor 2,000,000
2026-04-11 15:39:06.352 | WARNING  | __main__:flag_hard_bound_outliers:122 -     OUTLIER → Cocoa | 2019-05-20 | ₦686,328/MT | Below hard floor 2,000,000
2026-04-11 15:39:06.353 | WARNING  | __main__:flag_hard_bound_outliers:122 -     OUTLIER → Cocoa | 2019-05-27 | ₦724,761/MT | Below hard floor 2,000,000
2026-04-11 15:39:06.353 | WARNING  | __main__:flag_hard_bound_outliers:122 -     OUTLIER → Cocoa | 2019-06-03 | ₦682,243/MT | Below hard floor 2,000,000
2026-04-11 15:39:06.355 | WARNING  | __main__:flag_hard_bound_outliers:122 -     OUTLIER → Cocoa | 2019-06-10 | ₦732,928/MT | Below hard floor 2,000,000
2026-04-11 15:39:06.358 | WARNING  | __main__:flag_hard_bound_outliers:122 -     OUTLIER → Cocoa | 2019-06-17 | ₦700,783/MT | Below hard floor 2,000,000
2026-04-11 15:39:06.359 | WARNING  | __main__:flag_hard_bound_outliers:122 -     OUTLIER → Cocoa | 2019-06-24 | ₦683,033/MT | Below hard floor 2,000,000
2026-04-11 15:39:06.359 | WARNING  | __main__:flag_hard_bound_outliers:122 -     OUTLIER → Cocoa | 2019-07-01 | ₦693,612/MT | Below hard floor 2,000,000
2026-04-11 15:39:06.360 | WARNING  | __main__:flag_hard_bound_outliers:122 -     OUTLIER → Cocoa | 2019-07-08 | ₦697,065/MT | Below hard floor 2,000,000
2026-04-11 15:39:06.361 | WARNING  | __main__:flag_hard_bound_outliers:122 -     OUTLIER → Cocoa | 2019-07-15 | ₦712,785/MT | Below hard floor 2,000,000
2026-04-11 15:39:06.362 | WARNING  | __main__:flag_hard_bound_outliers:122 -     OUTLIER → Cocoa | 2019-07-22 | ₦714,869/MT | Below hard floor 2,000,000
2026-04-11 15:39:06.362 | WARNING  | __main__:flag_hard_bound_outliers:122 -     OUTLIER → Cocoa | 2019-07-29 | ₦691,715/MT | Below hard floor 2,000,000
2026-04-11 15:39:06.363 | WARNING  | __main__:flag_hard_bound_outliers:122 -     OUTLIER → Cocoa | 2019-08-05 | ₦696,138/MT | Below hard floor 2,000,000
2026-04-11 15:39:06.363 | WARNING  | __main__:flag_hard_bound_outliers:122 -     OUTLIER → Cocoa | 2019-08-12 | ₦741,419/MT | Below hard floor 2,000,000
2026-04-11 15:39:06.363 | WARNING  | __main__:flag_hard_bound_outliers:122 -     OUTLIER → Cocoa | 2019-08-19 | ₦732,752/MT | Below hard floor 2,000,000
2026-04-11 15:39:06.363 | WARNING  | __main__:flag_hard_bound_outliers:122 -     OUTLIER → Cocoa | 2019-08-26 | ₦705,766/MT | Below hard floor 2,000,000
2026-04-11 15:39:06.363 | WARNING  | __main__:flag_hard_bound_outliers:122 -     OUTLIER → Cocoa | 2019-09-02 | ₦697,441/MT | Below hard floor 2,000,000
2026-04-11 15:39:06.363 | WARNING  | __main__:flag_hard_bound_outliers:122 -     OUTLIER → Cocoa | 2019-09-09 | ₦699,156/MT | Below hard floor 2,000,000
2026-04-11 15:39:06.368 | WARNING  | __main__:flag_hard_bound_outliers:122 -     OUTLIER → Cocoa | 2019-09-16 | ₦709,469/MT | Below hard floor 2,000,000
2026-04-11 15:39:06.369 | WARNING  | __main__:flag_hard_bound_outliers:122 -     OUTLIER → Cocoa | 2019-09-23 | ₦675,271/MT | Below hard floor 2,000,000
2026-04-11 15:39:06.370 | WARNING  | __main__:flag_hard_bound_outliers:122 -     OUTLIER → Cocoa | 2019-09-30 | ₦691,268/MT | Below hard floor 2,000,000
2026-04-11 15:39:06.370 | WARNING  | __main__:flag_hard_bound_outliers:122 -     OUTLIER → Cocoa | 2019-10-07 | ₦682,242/MT | Below hard floor 2,000,000
2026-04-11 15:39:06.370 | WARNING  | __main__:flag_hard_bound_outliers:122 -     OUTLIER → Cocoa | 2019-10-14 | ₦726,794/MT | Below hard floor 2,000,000
2026-04-11 15:39:06.375 | WARNING  | __main__:flag_hard_bound_outliers:122 -     OUTLIER → Cocoa | 2019-10-21 | ₦732,137/MT | Below hard floor 2,000,000
2026-04-11 15:39:06.376 | WARNING  | __main__:flag_hard_bound_outliers:122 -     OUTLIER → Cocoa | 2019-10-28 | ₦707,782/MT | Below hard floor 2,000,000
2026-04-11 15:39:06.377 | WARNING  | __main__:flag_hard_bound_outliers:122 -     OUTLIER → Cocoa | 2019-11-04 | ₦767,148/MT | Below hard floor 2,000,000
2026-04-11 15:39:06.378 | WARNING  | __main__:flag_hard_bound_outliers:122 -     OUTLIER → Cocoa | 2019-11-11 | ₦705,618/MT | Below hard floor 2,000,000
2026-04-11 15:39:06.379 | WARNING  | __main__:flag_hard_bound_outliers:122 -     OUTLIER → Cocoa | 2019-11-18 | ₦700,375/MT | Below hard floor 2,000,000
2026-04-11 15:39:06.379 | WARNING  | __main__:flag_hard_bound_outliers:122 -     OUTLIER → Cocoa | 2019-11-25 | ₦737,489/MT | Below hard floor 2,000,000
2026-04-11 15:39:06.379 | WARNING  | __main__:flag_hard_bound_outliers:122 -     OUTLIER → Cocoa | 2019-12-02 | ₦762,976/MT | Below hard floor 2,000,000
2026-04-11 15:39:06.379 | WARNING  | __main__:flag_hard_bound_outliers:122 -     OUTLIER → Cocoa | 2019-12-09 | ₦777,109/MT | Below hard floor 2,000,000
2026-04-11 15:39:06.379 | WARNING  | __main__:flag_hard_bound_outliers:122 -     OUTLIER → Cocoa | 2019-12-16 | ₦729,555/MT | Below hard floor 2,000,000
2026-04-11 15:39:06.379 | WARNING  | __main__:flag_hard_bound_outliers:122 -     OUTLIER → Cocoa | 2019-12-23 | ₦763,677/MT | Below hard floor 2,000,000
2026-04-11 15:39:06.379 | WARNING  | __main__:flag_hard_bound_outliers:122 -     OUTLIER → Cocoa | 2019-12-30 | ₦738,884/MT | Below hard floor 2,000,000
2026-04-11 15:39:06.387 | WARNING  | __main__:flag_hard_bound_outliers:122 -     OUTLIER → Cocoa | 2020-01-06 | ₦889,024/MT | Below hard floor 2,000,000
2026-04-11 15:39:06.387 | WARNING  | __main__:flag_hard_bound_outliers:122 -     OUTLIER → Cocoa | 2020-01-13 | ₦917,343/MT | Below hard floor 2,000,000
2026-04-11 15:39:06.387 | WARNING  | __main__:flag_hard_bound_outliers:122 -     OUTLIER → Cocoa | 2020-01-20 | ₦911,141/MT | Below hard floor 2,000,000
2026-04-11 15:39:06.387 | WARNING  | __main__:flag_hard_bound_outliers:122 -     OUTLIER → Cocoa | 2020-01-27 | ₦851,390/MT | Below hard floor 2,000,000
2026-04-11 15:39:06.392 | WARNING  | __main__:flag_hard_bound_outliers:122 -     OUTLIER → Cocoa | 2020-02-03 | ₦959,902/MT | Below hard floor 2,000,000
2026-04-11 15:39:06.393 | WARNING  | __main__:flag_hard_bound_outliers:122 -     OUTLIER → Cocoa | 2020-02-10 | ₦957,242/MT | Below hard floor 2,000,000
2026-04-11 15:39:06.394 | WARNING  | __main__:flag_hard_bound_outliers:122 -     OUTLIER → Cocoa | 2020-02-17 | ₦901,935/MT | Below hard floor 2,000,000
2026-04-11 15:39:06.395 | WARNING  | __main__:flag_hard_bound_outliers:122 -     OUTLIER → Cocoa | 2020-02-24 | ₦930,100/MT | Below hard floor 2,000,000
2026-04-11 15:39:06.396 | WARNING  | __main__:flag_hard_bound_outliers:122 -     OUTLIER → Cocoa | 2020-03-02 | ₦906,897/MT | Below hard floor 2,000,000
2026-04-11 15:39:06.396 | WARNING  | __main__:flag_hard_bound_outliers:122 -     OUTLIER → Cocoa | 2020-03-09 | ₦900,641/MT | Below hard floor 2,000,000
2026-04-11 15:39:06.397 | WARNING  | __main__:flag_hard_bound_outliers:122 -     OUTLIER → Cocoa | 2020-03-16 | ₦878,899/MT | Below hard floor 2,000,000
2026-04-11 15:39:06.399 | WARNING  | __main__:flag_hard_bound_outliers:122 -     OUTLIER → Cocoa | 2020-03-23 | ₦875,646/MT | Below hard floor 2,000,000
2026-04-11 15:39:06.400 | WARNING  | __main__:flag_hard_bound_outliers:122 -     OUTLIER → Cocoa | 2020-03-30 | ₦892,967/MT | Below hard floor 2,000,000
2026-04-11 15:39:06.400 | WARNING  | __main__:flag_hard_bound_outliers:122 -     OUTLIER → Cocoa | 2020-04-06 | ₦863,420/MT | Below hard floor 2,000,000
2026-04-11 15:39:06.401 | WARNING  | __main__:flag_hard_bound_outliers:122 -     OUTLIER → Cocoa | 2020-04-13 | ₦847,677/MT | Below hard floor 2,000,000
2026-04-11 15:39:06.402 | WARNING  | __main__:flag_hard_bound_outliers:122 -     OUTLIER → Cocoa | 2020-04-20 | ₦824,802/MT | Below hard floor 2,000,000
2026-04-11 15:39:06.405 | WARNING  | __main__:flag_hard_bound_outliers:122 -     OUTLIER → Cocoa | 2020-04-27 | ₦853,385/MT | Below hard floor 2,000,000
2026-04-11 15:39:06.405 | WARNING  | __main__:flag_hard_bound_outliers:122 -     OUTLIER → Cocoa | 2020-05-04 | ₦739,447/MT | Below hard floor 2,000,000
2026-04-11 15:39:06.409 | WARNING  | __main__:flag_hard_bound_outliers:122 -     OUTLIER → Cocoa | 2020-05-11 | ₦836,407/MT | Below hard floor 2,000,000
2026-04-11 15:39:06.410 | WARNING  | __main__:flag_hard_bound_outliers:122 -     OUTLIER → Cocoa | 2020-05-18 | ₦766,343/MT | Below hard floor 2,000,000
2026-04-11 15:39:06.410 | WARNING  | __main__:flag_hard_bound_outliers:122 -     OUTLIER → Cocoa | 2020-05-25 | ₦799,751/MT | Below hard floor 2,000,000
2026-04-11 15:39:06.411 | WARNING  | __main__:flag_hard_bound_outliers:122 -     OUTLIER → Cocoa | 2020-06-01 | ₦797,834/MT | Below hard floor 2,000,000
2026-04-11 15:39:06.412 | WARNING  | __main__:flag_hard_bound_outliers:122 -     OUTLIER → Cocoa | 2020-06-08 | ₦793,499/MT | Below hard floor 2,000,000
2026-04-11 15:39:06.413 | WARNING  | __main__:flag_hard_bound_outliers:122 -     OUTLIER → Cocoa | 2020-06-15 | ₦854,315/MT | Below hard floor 2,000,000
2026-04-11 15:39:06.413 | WARNING  | __main__:flag_hard_bound_outliers:122 -     OUTLIER → Cocoa | 2020-06-22 | ₦813,981/MT | Below hard floor 2,000,000
2026-04-11 15:39:06.415 | WARNING  | __main__:flag_hard_bound_outliers:122 -     OUTLIER → Cocoa | 2020-06-29 | ₦834,146/MT | Below hard floor 2,000,000
2026-04-11 15:39:06.415 | WARNING  | __main__:flag_hard_bound_outliers:122 -     OUTLIER → Cocoa | 2020-07-06 | ₦832,901/MT | Below hard floor 2,000,000
2026-04-11 15:39:06.416 | WARNING  | __main__:flag_hard_bound_outliers:122 -     OUTLIER → Cocoa | 2020-07-13 | ₦846,012/MT | Below hard floor 2,000,000
2026-04-11 15:39:06.417 | WARNING  | __main__:flag_hard_bound_outliers:122 -     OUTLIER → Cocoa | 2020-07-20 | ₦835,998/MT | Below hard floor 2,000,000
2026-04-11 15:39:06.417 | WARNING  | __main__:flag_hard_bound_outliers:122 -     OUTLIER → Cocoa | 2020-07-27 | ₦801,972/MT | Below hard floor 2,000,000
2026-04-11 15:39:06.419 | WARNING  | __main__:flag_hard_bound_outliers:122 -     OUTLIER → Cocoa | 2020-08-03 | ₦850,239/MT | Below hard floor 2,000,000
2026-04-11 15:39:06.420 | WARNING  | __main__:flag_hard_bound_outliers:122 -     OUTLIER → Cocoa | 2020-08-10 | ₦813,336/MT | Below hard floor 2,000,000
2026-04-11 15:39:06.420 | WARNING  | __main__:flag_hard_bound_outliers:122 -     OUTLIER → Cocoa | 2020-08-17 | ₦787,013/MT | Below hard floor 2,000,000
2026-04-11 15:39:06.420 | WARNING  | __main__:flag_hard_bound_outliers:122 -     OUTLIER → Cocoa | 2020-08-24 | ₦814,961/MT | Below hard floor 2,000,000
2026-04-11 15:39:06.424 | WARNING  | __main__:flag_hard_bound_outliers:122 -     OUTLIER → Cocoa | 2020-08-31 | ₦862,734/MT | Below hard floor 2,000,000
2026-04-11 15:39:06.426 | WARNING  | __main__:flag_hard_bound_outliers:122 -     OUTLIER → Cocoa | 2020-09-07 | ₦846,622/MT | Below hard floor 2,000,000
2026-04-11 15:39:06.426 | WARNING  | __main__:flag_hard_bound_outliers:122 -     OUTLIER → Cocoa | 2020-09-14 | ₦816,929/MT | Below hard floor 2,000,000
2026-04-11 15:39:06.427 | WARNING  | __main__:flag_hard_bound_outliers:122 -     OUTLIER → Cocoa | 2020-09-21 | ₦816,914/MT | Below hard floor 2,000,000
2026-04-11 15:39:06.428 | WARNING  | __main__:flag_hard_bound_outliers:122 -     OUTLIER → Cocoa | 2020-09-28 | ₦817,598/MT | Below hard floor 2,000,000
2026-04-11 15:39:06.428 | WARNING  | __main__:flag_hard_bound_outliers:122 -     OUTLIER → Cocoa | 2020-10-05 | ₦904,123/MT | Below hard floor 2,000,000
2026-04-11 15:39:06.429 | WARNING  | __main__:flag_hard_bound_outliers:122 -     OUTLIER → Cocoa | 2020-10-12 | ₦860,849/MT | Below hard floor 2,000,000
2026-04-11 15:39:06.430 | WARNING  | __main__:flag_hard_bound_outliers:122 -     OUTLIER → Cocoa | 2020-10-19 | ₦862,078/MT | Below hard floor 2,000,000
2026-04-11 15:39:06.430 | WARNING  | __main__:flag_hard_bound_outliers:122 -     OUTLIER → Cocoa | 2020-10-26 | ₦877,403/MT | Below hard floor 2,000,000
2026-04-11 15:39:06.430 | WARNING  | __main__:flag_hard_bound_outliers:122 -     OUTLIER → Cocoa | 2020-11-02 | ₦874,338/MT | Below hard floor 2,000,000
2026-04-11 15:39:06.430 | WARNING  | __main__:flag_hard_bound_outliers:122 -     OUTLIER → Cocoa | 2020-11-09 | ₦861,373/MT | Below hard floor 2,000,000
2026-04-11 15:39:06.434 | WARNING  | __main__:flag_hard_bound_outliers:122 -     OUTLIER → Cocoa | 2020-11-16 | ₦863,006/MT | Below hard floor 2,000,000
2026-04-11 15:39:06.435 | WARNING  | __main__:flag_hard_bound_outliers:122 -     OUTLIER → Cocoa | 2020-11-23 | ₦866,255/MT | Below hard floor 2,000,000
2026-04-11 15:39:06.436 | WARNING  | __main__:flag_hard_bound_outliers:122 -     OUTLIER → Cocoa | 2020-11-30 | ₦867,150/MT | Below hard floor 2,000,000
2026-04-11 15:39:06.437 | WARNING  | __main__:flag_hard_bound_outliers:122 -     OUTLIER → Cocoa | 2020-12-07 | ₦895,766/MT | Below hard floor 2,000,000
2026-04-11 15:39:06.437 | WARNING  | __main__:flag_hard_bound_outliers:122 -     OUTLIER → Cocoa | 2020-12-14 | ₦877,996/MT | Below hard floor 2,000,000
2026-04-11 15:39:06.440 | WARNING  | __main__:flag_hard_bound_outliers:122 -     OUTLIER → Cocoa | 2020-12-21 | ₦895,898/MT | Below hard floor 2,000,000
2026-04-11 15:39:06.441 | WARNING  | __main__:flag_hard_bound_outliers:122 -     OUTLIER → Cocoa | 2020-12-28 | ₦874,507/MT | Below hard floor 2,000,000
2026-04-11 15:39:06.442 | WARNING  | __main__:flag_hard_bound_outliers:122 -     OUTLIER → Cocoa | 2021-01-04 | ₦1,009,950/MT | Below hard floor 2,000,000
2026-04-11 15:39:06.443 | WARNING  | __main__:flag_hard_bound_outliers:122 -     OUTLIER → Cocoa | 2021-01-11 | ₦947,173/MT | Below hard floor 2,000,000
2026-04-11 15:39:06.443 | WARNING  | __main__:flag_hard_bound_outliers:122 -     OUTLIER → Cocoa | 2021-01-18 | ₦1,035,271/MT | Below hard floor 2,000,000
2026-04-11 15:39:06.444 | WARNING  | __main__:flag_hard_bound_outliers:122 -     OUTLIER → Cocoa | 2021-01-25 | ₦1,018,046/MT | Below hard floor 2,000,000
2026-04-11 15:39:06.445 | WARNING  | __main__:flag_hard_bound_outliers:122 -     OUTLIER → Cocoa | 2021-02-01 | ₦1,067,389/MT | Below hard floor 2,000,000
2026-04-11 15:39:06.445 | WARNING  | __main__:flag_hard_bound_outliers:122 -     OUTLIER → Cocoa | 2021-02-08 | ₦946,314/MT | Below hard floor 2,000,000
2026-04-11 15:39:06.445 | WARNING  | __main__:flag_hard_bound_outliers:122 -     OUTLIER → Cocoa | 2021-02-15 | ₦1,101,290/MT | Below hard floor 2,000,000
2026-04-11 15:39:06.445 | WARNING  | __main__:flag_hard_bound_outliers:122 -     OUTLIER → Cocoa | 2021-02-22 | ₦1,032,020/MT | Below hard floor 2,000,000
2026-04-11 15:39:06.445 | WARNING  | __main__:flag_hard_bound_outliers:122 -     OUTLIER → Cocoa | 2021-03-01 | ₦1,041,070/MT | Below hard floor 2,000,000
2026-04-11 15:39:06.445 | WARNING  | __main__:flag_hard_bound_outliers:122 -     OUTLIER → Cocoa | 2021-03-08 | ₦976,139/MT | Below hard floor 2,000,000
2026-04-11 15:39:06.445 | WARNING  | __main__:flag_hard_bound_outliers:122 -     OUTLIER → Cocoa | 2021-03-15 | ₦1,026,095/MT | Below hard floor 2,000,000
2026-04-11 15:39:06.451 | WARNING  | __main__:flag_hard_bound_outliers:122 -     OUTLIER → Cocoa | 2021-03-22 | ₦975,731/MT | Below hard floor 2,000,000
2026-04-11 15:39:06.452 | WARNING  | __main__:flag_hard_bound_outliers:122 -     OUTLIER → Cocoa | 2021-03-29 | ₦988,718/MT | Below hard floor 2,000,000
2026-04-11 15:39:06.453 | WARNING  | __main__:flag_hard_bound_outliers:122 -     OUTLIER → Cocoa | 2021-04-05 | ₦994,400/MT | Below hard floor 2,000,000
2026-04-11 15:39:06.454 | WARNING  | __main__:flag_hard_bound_outliers:122 -     OUTLIER → Cocoa | 2021-04-12 | ₦935,022/MT | Below hard floor 2,000,000
2026-04-11 15:39:06.455 | WARNING  | __main__:flag_hard_bound_outliers:122 -     OUTLIER → Cocoa | 2021-04-19 | ₦946,535/MT | Below hard floor 2,000,000
2026-04-11 15:39:06.458 | WARNING  | __main__:flag_hard_bound_outliers:122 -     OUTLIER → Cocoa | 2021-04-26 | ₦964,948/MT | Below hard floor 2,000,000
2026-04-11 15:39:06.459 | WARNING  | __main__:flag_hard_bound_outliers:122 -     OUTLIER → Cocoa | 2021-05-03 | ₦925,169/MT | Below hard floor 2,000,000
2026-04-11 15:39:06.460 | WARNING  | __main__:flag_hard_bound_outliers:122 -     OUTLIER → Cocoa | 2021-05-10 | ₦915,727/MT | Below hard floor 2,000,000
2026-04-11 15:39:06.461 | WARNING  | __main__:flag_hard_bound_outliers:122 -     OUTLIER → Cocoa | 2021-05-17 | ₦921,594/MT | Below hard floor 2,000,000
2026-04-11 15:39:06.462 | WARNING  | __main__:flag_hard_bound_outliers:122 -     OUTLIER → Cocoa | 2021-05-24 | ₦977,343/MT | Below hard floor 2,000,000
2026-04-11 15:39:06.463 | WARNING  | __main__:flag_hard_bound_outliers:122 -     OUTLIER → Cocoa | 2021-05-31 | ₦910,038/MT | Below hard floor 2,000,000
2026-04-11 15:39:06.463 | WARNING  | __main__:flag_hard_bound_outliers:122 -     OUTLIER → Cocoa | 2021-06-07 | ₦936,421/MT | Below hard floor 2,000,000
2026-04-11 15:39:06.463 | WARNING  | __main__:flag_hard_bound_outliers:122 -     OUTLIER → Cocoa | 2021-06-14 | ₦960,144/MT | Below hard floor 2,000,000
2026-04-11 15:39:06.463 | WARNING  | __main__:flag_hard_bound_outliers:122 -     OUTLIER → Cocoa | 2021-06-21 | ₦961,676/MT | Below hard floor 2,000,000
2026-04-11 15:39:06.463 | WARNING  | __main__:flag_hard_bound_outliers:122 -     OUTLIER → Cocoa | 2021-06-28 | ₦963,952/MT | Below hard floor 2,000,000
2026-04-11 15:39:06.463 | WARNING  | __main__:flag_hard_bound_outliers:122 -     OUTLIER → Cocoa | 2021-07-05 | ₦958,421/MT | Below hard floor 2,000,000
2026-04-11 15:39:06.463 | WARNING  | __main__:flag_hard_bound_outliers:122 -     OUTLIER → Cocoa | 2021-07-12 | ₦908,155/MT | Below hard floor 2,000,000
2026-04-11 15:39:06.463 | WARNING  | __main__:flag_hard_bound_outliers:122 -     OUTLIER → Cocoa | 2021-07-19 | ₦986,484/MT | Below hard floor 2,000,000
2026-04-11 15:39:06.469 | WARNING  | __main__:flag_hard_bound_outliers:122 -     OUTLIER → Cocoa | 2021-07-26 | ₦908,060/MT | Below hard floor 2,000,000
2026-04-11 15:39:06.470 | WARNING  | __main__:flag_hard_bound_outliers:122 -     OUTLIER → Cocoa | 2021-08-02 | ₦939,256/MT | Below hard floor 2,000,000
2026-04-11 15:39:06.470 | WARNING  | __main__:flag_hard_bound_outliers:122 -     OUTLIER → Cocoa | 2021-08-09 | ₦909,743/MT | Below hard floor 2,000,000
2026-04-11 15:39:06.470 | WARNING  | __main__:flag_hard_bound_outliers:122 -     OUTLIER → Cocoa | 2021-08-16 | ₦929,014/MT | Below hard floor 2,000,000
2026-04-11 15:39:06.470 | WARNING  | __main__:flag_hard_bound_outliers:122 -     OUTLIER → Cocoa | 2021-08-23 | ₦939,986/MT | Below hard floor 2,000,000
2026-04-11 15:39:06.476 | WARNING  | __main__:flag_hard_bound_outliers:122 -     OUTLIER → Cocoa | 2021-08-30 | ₦939,779/MT | Below hard floor 2,000,000
2026-04-11 15:39:06.477 | WARNING  | __main__:flag_hard_bound_outliers:122 -     OUTLIER → Cocoa | 2021-09-06 | ₦942,587/MT | Below hard floor 2,000,000
2026-04-11 15:39:06.477 | WARNING  | __main__:flag_hard_bound_outliers:122 -     OUTLIER → Cocoa | 2021-09-13 | ₦975,867/MT | Below hard floor 2,000,000
2026-04-11 15:39:06.478 | WARNING  | __main__:flag_hard_bound_outliers:122 -     OUTLIER → Cocoa | 2021-09-20 | ₦943,470/MT | Below hard floor 2,000,000
2026-04-11 15:39:06.480 | WARNING  | __main__:flag_hard_bound_outliers:122 -     OUTLIER → Cocoa | 2021-09-27 | ₦923,987/MT | Below hard floor 2,000,000
2026-04-11 15:39:06.480 | WARNING  | __main__:flag_hard_bound_outliers:122 -     OUTLIER → Cocoa | 2021-10-04 | ₦987,347/MT | Below hard floor 2,000,000
2026-04-11 15:39:06.480 | WARNING  | __main__:flag_hard_bound_outliers:122 -     OUTLIER → Cocoa | 2021-10-11 | ₦993,835/MT | Below hard floor 2,000,000
2026-04-11 15:39:06.480 | WARNING  | __main__:flag_hard_bound_outliers:122 -     OUTLIER → Cocoa | 2021-10-18 | ₦924,253/MT | Below hard floor 2,000,000
2026-04-11 15:39:06.480 | WARNING  | __main__:flag_hard_bound_outliers:122 -     OUTLIER → Cocoa | 2021-10-25 | ₦976,791/MT | Below hard floor 2,000,000
2026-04-11 15:39:06.480 | WARNING  | __main__:flag_hard_bound_outliers:122 -     OUTLIER → Cocoa | 2021-11-01 | ₦999,374/MT | Below hard floor 2,000,000
2026-04-11 15:39:06.480 | WARNING  | __main__:flag_hard_bound_outliers:122 -     OUTLIER → Cocoa | 2021-11-08 | ₦970,047/MT | Below hard floor 2,000,000
2026-04-11 15:39:06.487 | WARNING  | __main__:flag_hard_bound_outliers:122 -     OUTLIER → Cocoa | 2021-11-15 | ₦1,019,180/MT | Below hard floor 2,000,000
2026-04-11 15:39:06.487 | WARNING  | __main__:flag_hard_bound_outliers:122 -     OUTLIER → Cocoa | 2021-11-22 | ₦974,379/MT | Below hard floor 2,000,000
2026-04-11 15:39:06.491 | WARNING  | __main__:flag_hard_bound_outliers:122 -     OUTLIER → Cocoa | 2021-11-29 | ₦982,472/MT | Below hard floor 2,000,000
2026-04-11 15:39:06.493 | WARNING  | __main__:flag_hard_bound_outliers:122 -     OUTLIER → Cocoa | 2021-12-06 | ₦983,249/MT | Below hard floor 2,000,000
2026-04-11 15:39:06.493 | WARNING  | __main__:flag_hard_bound_outliers:122 -     OUTLIER → Cocoa | 2021-12-13 | ₦988,843/MT | Below hard floor 2,000,000
2026-04-11 15:39:06.494 | WARNING  | __main__:flag_hard_bound_outliers:122 -     OUTLIER → Cocoa | 2021-12-20 | ₦955,875/MT | Below hard floor 2,000,000
2026-04-11 15:39:06.495 | WARNING  | __main__:flag_hard_bound_outliers:122 -     OUTLIER → Cocoa | 2021-12-27 | ₦945,681/MT | Below hard floor 2,000,000
2026-04-11 15:39:06.496 | WARNING  | __main__:flag_hard_bound_outliers:122 -     OUTLIER → Cocoa | 2022-01-03 | ₦1,123,413/MT | Below hard floor 2,000,000
2026-04-11 15:39:06.498 | WARNING  | __main__:flag_hard_bound_outliers:122 -     OUTLIER → Cocoa | 2022-01-10 | ₦1,044,886/MT | Below hard floor 2,000,000
2026-04-11 15:39:06.498 | WARNING  | __main__:flag_hard_bound_outliers:122 -     OUTLIER → Cocoa | 2022-01-17 | ₦1,040,241/MT | Below hard floor 2,000,000
2026-04-11 15:39:06.498 | WARNING  | __main__:flag_hard_bound_outliers:122 -     OUTLIER → Cocoa | 2022-01-24 | ₦1,002,866/MT | Below hard floor 2,000,000
2026-04-11 15:39:06.498 | WARNING  | __main__:flag_hard_bound_outliers:122 -     OUTLIER → Cocoa | 2022-01-31 | ₦1,051,576/MT | Below hard floor 2,000,000
2026-04-11 15:39:06.498 | WARNING  | __main__:flag_hard_bound_outliers:122 -     OUTLIER → Cocoa | 2022-02-07 | ₦1,058,988/MT | Below hard floor 2,000,000
2026-04-11 15:39:06.503 | WARNING  | __main__:flag_hard_bound_outliers:122 -     OUTLIER → Cocoa | 2022-02-14 | ₦1,157,082/MT | Below hard floor 2,000,000
2026-04-11 15:39:06.503 | WARNING  | __main__:flag_hard_bound_outliers:122 -     OUTLIER → Cocoa | 2022-02-21 | ₦1,136,168/MT | Below hard floor 2,000,000
2026-04-11 15:39:06.503 | WARNING  | __main__:flag_hard_bound_outliers:122 -     OUTLIER → Cocoa | 2022-02-28 | ₦1,079,994/MT | Below hard floor 2,000,000
2026-04-11 15:39:06.507 | WARNING  | __main__:flag_hard_bound_outliers:122 -     OUTLIER → Cocoa | 2022-03-07 | ₦1,144,575/MT | Below hard floor 2,000,000
2026-04-11 15:39:06.508 | WARNING  | __main__:flag_hard_bound_outliers:122 -     OUTLIER → Cocoa | 2022-03-14 | ₦1,103,705/MT | Below hard floor 2,000,000
2026-04-11 15:39:06.509 | WARNING  | __main__:flag_hard_bound_outliers:122 -     OUTLIER → Cocoa | 2022-03-21 | ₦1,061,680/MT | Below hard floor 2,000,000
2026-04-11 15:39:06.510 | WARNING  | __main__:flag_hard_bound_outliers:122 -     OUTLIER → Cocoa | 2022-03-28 | ₦991,737/MT | Below hard floor 2,000,000
2026-04-11 15:39:06.511 | WARNING  | __main__:flag_hard_bound_outliers:122 -     OUTLIER → Cocoa | 2022-04-04 | ₦1,069,426/MT | Below hard floor 2,000,000
2026-04-11 15:39:06.511 | WARNING  | __main__:flag_hard_bound_outliers:122 -     OUTLIER → Cocoa | 2022-04-11 | ₦958,938/MT | Below hard floor 2,000,000
2026-04-11 15:39:06.512 | WARNING  | __main__:flag_hard_bound_outliers:122 -     OUTLIER → Cocoa | 2022-04-18 | ₦951,258/MT | Below hard floor 2,000,000
2026-04-11 15:39:06.513 | WARNING  | __main__:flag_hard_bound_outliers:122 -     OUTLIER → Cocoa | 2022-04-25 | ₦1,031,350/MT | Below hard floor 2,000,000
2026-04-11 15:39:06.513 | WARNING  | __main__:flag_hard_bound_outliers:122 -     OUTLIER → Cocoa | 2022-05-02 | ₦1,041,019/MT | Below hard floor 2,000,000
2026-04-11 15:39:06.513 | WARNING  | __main__:flag_hard_bound_outliers:122 -     OUTLIER → Cocoa | 2022-05-09 | ₦1,010,304/MT | Below hard floor 2,000,000
2026-04-11 15:39:06.515 | WARNING  | __main__:flag_hard_bound_outliers:122 -     OUTLIER → Cocoa | 2022-05-16 | ₦986,430/MT | Below hard floor 2,000,000
2026-04-11 15:39:06.516 | WARNING  | __main__:flag_hard_bound_outliers:122 -     OUTLIER → Cocoa | 2022-05-23 | ₦987,328/MT | Below hard floor 2,000,000
2026-04-11 15:39:06.517 | WARNING  | __main__:flag_hard_bound_outliers:122 -     OUTLIER → Cocoa | 2022-05-30 | ₦994,855/MT | Below hard floor 2,000,000
2026-04-11 15:39:06.518 | WARNING  | __main__:flag_hard_bound_outliers:122 -     OUTLIER → Cocoa | 2022-06-06 | ₦1,012,992/MT | Below hard floor 2,000,000
2026-04-11 15:39:06.518 | WARNING  | __main__:flag_hard_bound_outliers:122 -     OUTLIER → Cocoa | 2022-06-13 | ₦998,797/MT | Below hard floor 2,000,000
2026-04-11 15:39:06.520 | WARNING  | __main__:flag_hard_bound_outliers:122 -     OUTLIER → Cocoa | 2022-06-20 | ₦993,538/MT | Below hard floor 2,000,000
2026-04-11 15:39:06.520 | WARNING  | __main__:flag_hard_bound_outliers:122 -     OUTLIER → Cocoa | 2022-06-27 | ₦988,582/MT | Below hard floor 2,000,000
2026-04-11 15:39:06.520 | WARNING  | __main__:flag_hard_bound_outliers:122 -     OUTLIER → Cocoa | 2022-07-04 | ₦978,019/MT | Below hard floor 2,000,000
2026-04-11 15:39:06.524 | WARNING  | __main__:flag_hard_bound_outliers:122 -     OUTLIER → Cocoa | 2022-07-11 | ₦992,227/MT | Below hard floor 2,000,000
2026-04-11 15:39:06.525 | WARNING  | __main__:flag_hard_bound_outliers:122 -     OUTLIER → Cocoa | 2022-07-18 | ₦949,831/MT | Below hard floor 2,000,000
2026-04-11 15:39:06.527 | WARNING  | __main__:flag_hard_bound_outliers:122 -     OUTLIER → Cocoa | 2022-07-25 | ₦997,700/MT | Below hard floor 2,000,000
2026-04-11 15:39:06.527 | WARNING  | __main__:flag_hard_bound_outliers:122 -     OUTLIER → Cocoa | 2022-08-01 | ₦961,068/MT | Below hard floor 2,000,000
2026-04-11 15:39:06.528 | WARNING  | __main__:flag_hard_bound_outliers:122 -     OUTLIER → Cocoa | 2022-08-08 | ₦957,651/MT | Below hard floor 2,000,000
2026-04-11 15:39:06.529 | WARNING  | __main__:flag_hard_bound_outliers:122 -     OUTLIER → Cocoa | 2022-08-15 | ₦995,787/MT | Below hard floor 2,000,000
2026-04-11 15:39:06.530 | WARNING  | __main__:flag_hard_bound_outliers:122 -     OUTLIER → Cocoa | 2022-08-22 | ₦1,031,803/MT | Below hard floor 2,000,000
2026-04-11 15:39:06.530 | WARNING  | __main__:flag_hard_bound_outliers:122 -     OUTLIER → Cocoa | 2022-08-29 | ₦1,017,728/MT | Below hard floor 2,000,000
2026-04-11 15:39:06.531 | WARNING  | __main__:flag_hard_bound_outliers:122 -     OUTLIER → Cocoa | 2022-09-05 | ₦943,777/MT | Below hard floor 2,000,000
2026-04-11 15:39:06.531 | WARNING  | __main__:flag_hard_bound_outliers:122 -     OUTLIER → Cocoa | 2022-09-12 | ₦961,037/MT | Below hard floor 2,000,000
2026-04-11 15:39:06.533 | WARNING  | __main__:flag_hard_bound_outliers:122 -     OUTLIER → Cocoa | 2022-09-19 | ₦1,018,395/MT | Below hard floor 2,000,000
2026-04-11 15:39:06.533 | WARNING  | __main__:flag_hard_bound_outliers:122 -     OUTLIER → Cocoa | 2022-09-26 | ₦961,249/MT | Below hard floor 2,000,000
2026-04-11 15:39:06.534 | WARNING  | __main__:flag_hard_bound_outliers:122 -     OUTLIER → Cocoa | 2022-10-03 | ₦1,014,193/MT | Below hard floor 2,000,000
2026-04-11 15:39:06.535 | WARNING  | __main__:flag_hard_bound_outliers:122 -     OUTLIER → Cocoa | 2022-10-10 | ₦1,037,923/MT | Below hard floor 2,000,000
2026-04-11 15:39:06.536 | WARNING  | __main__:flag_hard_bound_outliers:122 -     OUTLIER → Cocoa | 2022-10-17 | ₦991,412/MT | Below hard floor 2,000,000
2026-04-11 15:39:06.537 | WARNING  | __main__:flag_hard_bound_outliers:122 -     OUTLIER → Cocoa | 2022-10-24 | ₦1,024,302/MT | Below hard floor 2,000,000
2026-04-11 15:39:06.537 | WARNING  | __main__:flag_hard_bound_outliers:122 -     OUTLIER → Cocoa | 2022-10-31 | ₦980,210/MT | Below hard floor 2,000,000
2026-04-11 15:39:06.537 | WARNING  | __main__:flag_hard_bound_outliers:122 -     OUTLIER → Cocoa | 2022-11-07 | ₦1,022,706/MT | Below hard floor 2,000,000
2026-04-11 15:39:06.542 | WARNING  | __main__:flag_hard_bound_outliers:122 -     OUTLIER → Cocoa | 2022-11-14 | ₦1,051,487/MT | Below hard floor 2,000,000
2026-04-11 15:39:06.542 | WARNING  | __main__:flag_hard_bound_outliers:122 -     OUTLIER → Cocoa | 2022-11-21 | ₦991,723/MT | Below hard floor 2,000,000
2026-04-11 15:39:06.543 | WARNING  | __main__:flag_hard_bound_outliers:122 -     OUTLIER → Cocoa | 2022-11-28 | ₦1,055,258/MT | Below hard floor 2,000,000
2026-04-11 15:39:06.544 | WARNING  | __main__:flag_hard_bound_outliers:122 -     OUTLIER → Cocoa | 2022-12-05 | ₦1,051,087/MT | Below hard floor 2,000,000
2026-04-11 15:39:06.545 | WARNING  | __main__:flag_hard_bound_outliers:122 -     OUTLIER → Cocoa | 2022-12-12 | ₦1,069,138/MT | Below hard floor 2,000,000
2026-04-11 15:39:06.545 | WARNING  | __main__:flag_hard_bound_outliers:122 -     OUTLIER → Cocoa | 2022-12-19 | ₦1,058,771/MT | Below hard floor 2,000,000
2026-04-11 15:39:06.546 | WARNING  | __main__:flag_hard_bound_outliers:122 -     OUTLIER → Cocoa | 2022-12-26 | ₦1,094,747/MT | Below hard floor 2,000,000
2026-04-11 15:39:06.547 | WARNING  | __main__:flag_hard_bound_outliers:122 -     OUTLIER → Cocoa | 2023-01-02 | ₦1,756,968/MT | Below hard floor 2,000,000
2026-04-11 15:39:06.547 | WARNING  | __main__:flag_hard_bound_outliers:122 -     OUTLIER → Cocoa | 2023-01-09 | ₦1,727,843/MT | Below hard floor 2,000,000
2026-04-11 15:39:06.547 | WARNING  | __main__:flag_hard_bound_outliers:122 -     OUTLIER → Cocoa | 2023-01-16 | ₦1,756,814/MT | Below hard floor 2,000,000
2026-04-11 15:39:06.547 | WARNING  | __main__:flag_hard_bound_outliers:122 -     OUTLIER → Cocoa | 2023-01-23 | ₦1,778,922/MT | Below hard floor 2,000,000
2026-04-11 15:39:06.550 | WARNING  | __main__:flag_hard_bound_outliers:122 -     OUTLIER → Cocoa | 2023-01-30 | ₦1,752,958/MT | Below hard floor 2,000,000
2026-04-11 15:39:06.551 | WARNING  | __main__:flag_hard_bound_outliers:122 -     OUTLIER → Cocoa | 2023-02-06 | ₦1,802,596/MT | Below hard floor 2,000,000
2026-04-11 15:39:06.552 | WARNING  | __main__:flag_hard_bound_outliers:122 -     OUTLIER → Cocoa | 2023-02-13 | ₦1,762,487/MT | Below hard floor 2,000,000
2026-04-11 15:39:06.553 | WARNING  | __main__:flag_hard_bound_outliers:122 -     OUTLIER → Cocoa | 2023-02-20 | ₦1,764,599/MT | Below hard floor 2,000,000
2026-04-11 15:39:06.554 | WARNING  | __main__:flag_hard_bound_outliers:122 -     OUTLIER → Cocoa | 2023-02-27 | ₦1,724,646/MT | Below hard floor 2,000,000
2026-04-11 15:39:06.555 | WARNING  | __main__:flag_hard_bound_outliers:122 -     OUTLIER → Cocoa | 2023-03-06 | ₦1,842,265/MT | Below hard floor 2,000,000
2026-04-11 15:39:06.555 | WARNING  | __main__:flag_hard_bound_outliers:122 -     OUTLIER → Cocoa | 2023-03-13 | ₦1,685,075/MT | Below hard floor 2,000,000
2026-04-11 15:39:06.559 | WARNING  | __main__:flag_hard_bound_outliers:122 -     OUTLIER → Cocoa | 2023-03-20 | ₦1,714,006/MT | Below hard floor 2,000,000
2026-04-11 15:39:06.559 | WARNING  | __main__:flag_hard_bound_outliers:122 -     OUTLIER → Cocoa | 2023-03-27 | ₦1,712,667/MT | Below hard floor 2,000,000
2026-04-11 15:39:06.560 | WARNING  | __main__:flag_hard_bound_outliers:122 -     OUTLIER → Cocoa | 2023-04-03 | ₦1,677,560/MT | Below hard floor 2,000,000
2026-04-11 15:39:06.561 | WARNING  | __main__:flag_hard_bound_outliers:122 -     OUTLIER → Cocoa | 2023-04-10 | ₦1,619,243/MT | Below hard floor 2,000,000
2026-04-11 15:39:06.562 | WARNING  | __main__:flag_hard_bound_outliers:122 -     OUTLIER → Cocoa | 2023-04-17 | ₦1,694,852/MT | Below hard floor 2,000,000
2026-04-11 15:39:06.563 | WARNING  | __main__:flag_hard_bound_outliers:122 -     OUTLIER → Cocoa | 2023-04-24 | ₦1,600,691/MT | Below hard floor 2,000,000
2026-04-11 15:39:06.563 | WARNING  | __main__:flag_hard_bound_outliers:122 -     OUTLIER → Cocoa | 2023-05-01 | ₦1,596,943/MT | Below hard floor 2,000,000
2026-04-11 15:39:06.564 | WARNING  | __main__:flag_hard_bound_outliers:122 -     OUTLIER → Cocoa | 2023-05-08 | ₦1,544,000/MT | Below hard floor 2,000,000
2026-04-11 15:39:06.564 | WARNING  | __main__:flag_hard_bound_outliers:122 -     OUTLIER → Cocoa | 2023-05-15 | ₦1,685,605/MT | Below hard floor 2,000,000
2026-04-11 15:39:06.564 | WARNING  | __main__:flag_hard_bound_outliers:122 -     OUTLIER → Cocoa | 2023-05-22 | ₦1,527,264/MT | Below hard floor 2,000,000
2026-04-11 15:39:06.568 | WARNING  | __main__:flag_hard_bound_outliers:122 -     OUTLIER → Cocoa | 2023-05-29 | ₦1,598,408/MT | Below hard floor 2,000,000
2026-04-11 15:39:06.568 | WARNING  | __main__:flag_hard_bound_outliers:122 -     OUTLIER → Ginger | 2000-01-03 | ₦60,894/MT | Below hard floor 2,000,000
2026-04-11 15:39:06.570 | WARNING  | __main__:flag_hard_bound_outliers:122 -     OUTLIER → Ginger | 2000-01-10 | ₦59,751/MT | Below hard floor 2,000,000
2026-04-11 15:39:06.570 | WARNING  | __main__:flag_hard_bound_outliers:122 -     OUTLIER → Ginger | 2000-01-17 | ₦61,166/MT | Below hard floor 2,000,000
2026-04-11 15:39:06.570 | WARNING  | __main__:flag_hard_bound_outliers:122 -     OUTLIER → Ginger | 2000-01-24 | ₦62,741/MT | Below hard floor 2,000,000
2026-04-11 15:39:06.575 | WARNING  | __main__:flag_hard_bound_outliers:122 -     OUTLIER → Ginger | 2000-01-31 | ₦59,579/MT | Below hard floor 2,000,000
2026-04-11 15:39:06.576 | WARNING  | __main__:flag_hard_bound_outliers:122 -     OUTLIER → Ginger | 2000-02-07 | ₦57,096/MT | Below hard floor 2,000,000
2026-04-11 15:39:06.577 | WARNING  | __main__:flag_hard_bound_outliers:122 -     OUTLIER → Ginger | 2000-02-14 | ₦60,224/MT | Below hard floor 2,000,000
2026-04-11 15:39:06.578 | WARNING  | __main__:flag_hard_bound_outliers:122 -     OUTLIER → Ginger | 2000-02-21 | ₦58,824/MT | Below hard floor 2,000,000
2026-04-11 15:39:06.579 | WARNING  | __main__:flag_hard_bound_outliers:122 -     OUTLIER → Ginger | 2000-02-28 | ₦56,690/MT | Below hard floor 2,000,000
2026-04-11 15:39:06.580 | WARNING  | __main__:flag_hard_bound_outliers:122 -     OUTLIER → Ginger | 2000-03-06 | ₦55,895/MT | Below hard floor 2,000,000
2026-04-11 15:39:06.581 | WARNING  | __main__:flag_hard_bound_outliers:122 -     OUTLIER → Ginger | 2000-03-13 | ₦54,235/MT | Below hard floor 2,000,000
2026-04-11 15:39:06.582 | WARNING  | __main__:flag_hard_bound_outliers:122 -     OUTLIER → Ginger | 2000-03-20 | ₦54,232/MT | Below hard floor 2,000,000
2026-04-11 15:39:06.582 | WARNING  | __main__:flag_hard_bound_outliers:122 -     OUTLIER → Ginger | 2000-03-27 | ₦55,399/MT | Below hard floor 2,000,000
2026-04-11 15:39:06.583 | WARNING  | __main__:flag_hard_bound_outliers:122 -     OUTLIER → Ginger | 2000-04-03 | ₦47,130/MT | Below hard floor 2,000,000
2026-04-11 15:39:06.584 | WARNING  | __main__:flag_hard_bound_outliers:122 -     OUTLIER → Ginger | 2000-04-10 | ₦47,413/MT | Below hard floor 2,000,000
2026-04-11 15:39:06.585 | WARNING  | __main__:flag_hard_bound_outliers:122 -     OUTLIER → Ginger | 2000-04-17 | ₦49,157/MT | Below hard floor 2,000,000
2026-04-11 15:39:06.587 | WARNING  | __main__:flag_hard_bound_outliers:122 -     OUTLIER → Ginger | 2000-04-24 | ₦48,481/MT | Below hard floor 2,000,000
2026-04-11 15:39:06.589 | WARNING  | __main__:flag_hard_bound_outliers:122 -     OUTLIER → Ginger | 2000-05-01 | ₦47,948/MT | Below hard floor 2,000,000
2026-04-11 15:39:06.589 | WARNING  | __main__:flag_hard_bound_outliers:122 -     OUTLIER → Ginger | 2000-05-08 | ₦46,206/MT | Below hard floor 2,000,000
2026-04-11 15:39:06.591 | WARNING  | __main__:flag_hard_bound_outliers:122 -     OUTLIER → Ginger | 2000-05-15 | ₦45,487/MT | Below hard floor 2,000,000
2026-04-11 15:39:06.591 | WARNING  | __main__:flag_hard_bound_outliers:122 -     OUTLIER → Ginger | 2000-05-22 | ₦49,589/MT | Below hard floor 2,000,000
2026-04-11 15:39:06.593 | WARNING  | __main__:flag_hard_bound_outliers:122 -     OUTLIER → Ginger | 2000-05-29 | ₦47,178/MT | Below hard floor 2,000,000
2026-04-11 15:39:06.594 | WARNING  | __main__:flag_hard_bound_outliers:122 -     OUTLIER → Ginger | 2000-06-05 | ₦47,596/MT | Below hard floor 2,000,000
2026-04-11 15:39:06.595 | WARNING  | __main__:flag_hard_bound_outliers:122 -     OUTLIER → Ginger | 2000-06-12 | ₦45,470/MT | Below hard floor 2,000,000
2026-04-11 15:39:06.596 | WARNING  | __main__:flag_hard_bound_outliers:122 -     OUTLIER → Ginger | 2000-06-19 | ₦46,724/MT | Below hard floor 2,000,000
2026-04-11 15:39:06.597 | WARNING  | __main__:flag_hard_bound_outliers:122 -     OUTLIER → Ginger | 2000-06-26 | ₦47,658/MT | Below hard floor 2,000,000
2026-04-11 15:39:06.597 | WARNING  | __main__:flag_hard_bound_outliers:122 -     OUTLIER → Ginger | 2000-07-03 | ₦43,446/MT | Below hard floor 2,000,000
2026-04-11 15:39:06.599 | WARNING  | __main__:flag_hard_bound_outliers:122 -     OUTLIER → Ginger | 2000-07-10 | ₦45,507/MT | Below hard floor 2,000,000
2026-04-11 15:39:06.600 | WARNING  | __main__:flag_hard_bound_outliers:122 -     OUTLIER → Ginger | 2000-07-17 | ₦44,189/MT | Below hard floor 2,000,000
2026-04-11 15:39:06.601 | WARNING  | __main__:flag_hard_bound_outliers:122 -     OUTLIER → Ginger | 2000-07-24 | ₦44,606/MT | Below hard floor 2,000,000
2026-04-11 15:39:06.602 | WARNING  | __main__:flag_hard_bound_outliers:122 -     OUTLIER → Ginger | 2000-07-31 | ₦44,188/MT | Below hard floor 2,000,000
2026-04-11 15:39:06.603 | WARNING  | __main__:flag_hard_bound_outliers:122 -     OUTLIER → Ginger | 2000-08-07 | ₦46,445/MT | Below hard floor 2,000,000
2026-04-11 15:39:06.603 | WARNING  | __main__:flag_hard_bound_outliers:122 -     OUTLIER → Ginger | 2000-08-14 | ₦43,982/MT | Below hard floor 2,000,000
2026-04-11 15:39:06.603 | WARNING  | __main__:flag_hard_bound_outliers:122 -     OUTLIER → Ginger | 2000-08-21 | ₦42,604/MT | Below hard floor 2,000,000
2026-04-11 15:39:06.608 | WARNING  | __main__:flag_hard_bound_outliers:122 -     OUTLIER → Ginger | 2000-08-28 | ₦45,086/MT | Below hard floor 2,000,000
2026-04-11 15:39:06.609 | WARNING  | __main__:flag_hard_bound_outliers:122 -     OUTLIER → Ginger | 2000-09-04 | ₦43,352/MT | Below hard floor 2,000,000
2026-04-11 15:39:06.610 | WARNING  | __main__:flag_hard_bound_outliers:122 -     OUTLIER → Ginger | 2000-09-11 | ₦45,282/MT | Below hard floor 2,000,000
2026-04-11 15:39:06.611 | WARNING  | __main__:flag_hard_bound_outliers:122 -     OUTLIER → Ginger | 2000-09-18 | ₦42,354/MT | Below hard floor 2,000,000
2026-04-11 15:39:06.612 | WARNING  | __main__:flag_hard_bound_outliers:122 -     OUTLIER → Ginger | 2000-09-25 | ₦43,207/MT | Below hard floor 2,000,000
2026-04-11 15:39:06.612 | WARNING  | __main__:flag_hard_bound_outliers:122 -     OUTLIER → Ginger | 2000-10-02 | ₦46,272/MT | Below hard floor 2,000,000
2026-04-11 15:39:06.613 | WARNING  | __main__:flag_hard_bound_outliers:122 -     OUTLIER → Ginger | 2000-10-09 | ₦47,019/MT | Below hard floor 2,000,000
2026-04-11 15:39:06.614 | WARNING  | __main__:flag_hard_bound_outliers:122 -     OUTLIER → Ginger | 2000-10-16 | ₦46,236/MT | Below hard floor 2,000,000
2026-04-11 15:39:06.615 | WARNING  | __main__:flag_hard_bound_outliers:122 -     OUTLIER → Ginger | 2000-10-23 | ₦45,840/MT | Below hard floor 2,000,000
2026-04-11 15:39:06.616 | WARNING  | __main__:flag_hard_bound_outliers:122 -     OUTLIER → Ginger | 2000-10-30 | ₦45,584/MT | Below hard floor 2,000,000
2026-04-11 15:39:06.616 | WARNING  | __main__:flag_hard_bound_outliers:122 -     OUTLIER → Ginger | 2000-11-06 | ₦47,782/MT | Below hard floor 2,000,000
2026-04-11 15:39:06.617 | WARNING  | __main__:flag_hard_bound_outliers:122 -     OUTLIER → Ginger | 2000-11-13 | ₦48,920/MT | Below hard floor 2,000,000
2026-04-11 15:39:06.618 | WARNING  | __main__:flag_hard_bound_outliers:122 -     OUTLIER → Ginger | 2000-11-20 | ₦49,309/MT | Below hard floor 2,000,000
2026-04-11 15:39:06.619 | WARNING  | __main__:flag_hard_bound_outliers:122 -     OUTLIER → Ginger | 2000-11-27 | ₦51,586/MT | Below hard floor 2,000,000
2026-04-11 15:39:06.620 | WARNING  | __main__:flag_hard_bound_outliers:122 -     OUTLIER → Ginger | 2000-12-04 | ₦55,567/MT | Below hard floor 2,000,000
2026-04-11 15:39:06.622 | WARNING  | __main__:flag_hard_bound_outliers:122 -     OUTLIER → Ginger | 2000-12-11 | ₦52,091/MT | Below hard floor 2,000,000
2026-04-11 15:39:06.624 | WARNING  | __main__:flag_hard_bound_outliers:122 -     OUTLIER → Ginger | 2000-12-18 | ₦55,535/MT | Below hard floor 2,000,000
2026-04-11 15:39:06.624 | WARNING  | __main__:flag_hard_bound_outliers:122 -     OUTLIER → Ginger | 2000-12-25 | ₦54,365/MT | Below hard floor 2,000,000
2026-04-11 15:39:06.626 | WARNING  | __main__:flag_hard_bound_outliers:122 -     OUTLIER → Ginger | 2001-01-01 | ₦64,660/MT | Below hard floor 2,000,000
2026-04-11 15:39:06.627 | WARNING  | __main__:flag_hard_bound_outliers:122 -     OUTLIER → Ginger | 2001-01-08 | ₦67,211/MT | Below hard floor 2,000,000
2026-04-11 15:39:06.627 | WARNING  | __main__:flag_hard_bound_outliers:122 -     OUTLIER → Ginger | 2001-01-15 | ₦68,041/MT | Below hard floor 2,000,000
2026-04-11 15:39:06.628 | WARNING  | __main__:flag_hard_bound_outliers:122 -     OUTLIER → Ginger | 2001-01-22 | ₦67,844/MT | Below hard floor 2,000,000
2026-04-11 15:39:06.629 | WARNING  | __main__:flag_hard_bound_outliers:122 -     OUTLIER → Ginger | 2001-01-29 | ₦64,338/MT | Below hard floor 2,000,000
2026-04-11 15:39:06.629 | WARNING  | __main__:flag_hard_bound_outliers:122 -     OUTLIER → Ginger | 2001-02-05 | ₦62,663/MT | Below hard floor 2,000,000
2026-04-11 15:39:06.630 | WARNING  | __main__:flag_hard_bound_outliers:122 -     OUTLIER → Ginger | 2001-02-12 | ₦63,879/MT | Below hard floor 2,000,000
2026-04-11 15:39:06.631 | WARNING  | __main__:flag_hard_bound_outliers:122 -     OUTLIER → Ginger | 2001-02-19 | ₦65,101/MT | Below hard floor 2,000,000
2026-04-11 15:39:06.632 | WARNING  | __main__:flag_hard_bound_outliers:122 -     OUTLIER → Ginger | 2001-02-26 | ₦62,341/MT | Below hard floor 2,000,000
2026-04-11 15:39:06.633 | WARNING  | __main__:flag_hard_bound_outliers:122 -     OUTLIER → Ginger | 2001-03-05 | ₦60,163/MT | Below hard floor 2,000,000
2026-04-11 15:39:06.634 | WARNING  | __main__:flag_hard_bound_outliers:122 -     OUTLIER → Ginger | 2001-03-12 | ₦58,492/MT | Below hard floor 2,000,000
2026-04-11 15:39:06.635 | WARNING  | __main__:flag_hard_bound_outliers:122 -     OUTLIER → Ginger | 2001-03-19 | ₦58,329/MT | Below hard floor 2,000,000
2026-04-11 15:39:06.637 | WARNING  | __main__:flag_hard_bound_outliers:122 -     OUTLIER → Ginger | 2001-03-26 | ₦61,975/MT | Below hard floor 2,000,000
2026-04-11 15:39:06.637 | WARNING  | __main__:flag_hard_bound_outliers:122 -     OUTLIER → Ginger | 2001-04-02 | ₦57,238/MT | Below hard floor 2,000,000
2026-04-11 15:39:06.637 | WARNING  | __main__:flag_hard_bound_outliers:122 -     OUTLIER → Ginger | 2001-04-09 | ₦54,881/MT | Below hard floor 2,000,000
2026-04-11 15:39:06.637 | WARNING  | __main__:flag_hard_bound_outliers:122 -     OUTLIER → Ginger | 2001-04-16 | ₦56,656/MT | Below hard floor 2,000,000
2026-04-11 15:39:06.637 | WARNING  | __main__:flag_hard_bound_outliers:122 -     OUTLIER → Ginger | 2001-04-23 | ₦55,597/MT | Below hard floor 2,000,000
2026-04-11 15:39:06.643 | WARNING  | __main__:flag_hard_bound_outliers:122 -     OUTLIER → Ginger | 2001-04-30 | ₦53,936/MT | Below hard floor 2,000,000
2026-04-11 15:39:06.644 | WARNING  | __main__:flag_hard_bound_outliers:122 -     OUTLIER → Ginger | 2001-05-07 | ₦52,816/MT | Below hard floor 2,000,000
2026-04-11 15:39:06.644 | WARNING  | __main__:flag_hard_bound_outliers:122 -     OUTLIER → Ginger | 2001-05-14 | ₦54,661/MT | Below hard floor 2,000,000
2026-04-11 15:39:06.645 | WARNING  | __main__:flag_hard_bound_outliers:122 -     OUTLIER → Ginger | 2001-05-21 | ₦52,194/MT | Below hard floor 2,000,000
2026-04-11 15:39:06.646 | WARNING  | __main__:flag_hard_bound_outliers:122 -     OUTLIER → Ginger | 2001-05-28 | ₦54,703/MT | Below hard floor 2,000,000
2026-04-11 15:39:06.647 | WARNING  | __main__:flag_hard_bound_outliers:122 -     OUTLIER → Ginger | 2001-06-04 | ₦48,144/MT | Below hard floor 2,000,000
2026-04-11 15:39:06.648 | WARNING  | __main__:flag_hard_bound_outliers:122 -     OUTLIER → Ginger | 2001-06-11 | ₦53,538/MT | Below hard floor 2,000,000
2026-04-11 15:39:06.649 | WARNING  | __main__:flag_hard_bound_outliers:122 -     OUTLIER → Ginger | 2001-06-18 | ₦52,386/MT | Below hard floor 2,000,000
2026-04-11 15:39:06.650 | WARNING  | __main__:flag_hard_bound_outliers:122 -     OUTLIER → Ginger | 2001-06-25 | ₦51,781/MT | Below hard floor 2,000,000
2026-04-11 15:39:06.650 | WARNING  | __main__:flag_hard_bound_outliers:122 -     OUTLIER → Ginger | 2001-07-02 | ₦49,636/MT | Below hard floor 2,000,000
2026-04-11 15:39:06.651 | WARNING  | __main__:flag_hard_bound_outliers:122 -     OUTLIER → Ginger | 2001-07-09 | ₦46,548/MT | Below hard floor 2,000,000
2026-04-11 15:39:06.652 | WARNING  | __main__:flag_hard_bound_outliers:122 -     OUTLIER → Ginger | 2001-07-16 | ₦49,174/MT | Below hard floor 2,000,000
2026-04-11 15:39:06.653 | WARNING  | __main__:flag_hard_bound_outliers:122 -     OUTLIER → Ginger | 2001-07-23 | ₦50,030/MT | Below hard floor 2,000,000
2026-04-11 15:39:06.653 | WARNING  | __main__:flag_hard_bound_outliers:122 -     OUTLIER → Ginger | 2001-07-30 | ₦51,695/MT | Below hard floor 2,000,000
2026-04-11 15:39:06.653 | WARNING  | __main__:flag_hard_bound_outliers:122 -     OUTLIER → Ginger | 2001-08-06 | ₦47,647/MT | Below hard floor 2,000,000
2026-04-11 15:39:06.653 | WARNING  | __main__:flag_hard_bound_outliers:122 -     OUTLIER → Ginger | 2001-08-13 | ₦47,226/MT | Below hard floor 2,000,000
2026-04-11 15:39:06.659 | WARNING  | __main__:flag_hard_bound_outliers:122 -     OUTLIER → Ginger | 2001-08-20 | ₦47,671/MT | Below hard floor 2,000,000
2026-04-11 15:39:06.659 | WARNING  | __main__:flag_hard_bound_outliers:122 -     OUTLIER → Ginger | 2001-08-27 | ₦49,729/MT | Below hard floor 2,000,000
2026-04-11 15:39:06.660 | WARNING  | __main__:flag_hard_bound_outliers:122 -     OUTLIER → Ginger | 2001-09-03 | ₦49,988/MT | Below hard floor 2,000,000
2026-04-11 15:39:06.661 | WARNING  | __main__:flag_hard_bound_outliers:122 -     OUTLIER → Ginger | 2001-09-10 | ₦48,713/MT | Below hard floor 2,000,000
2026-04-11 15:39:06.662 | WARNING  | __main__:flag_hard_bound_outliers:122 -     OUTLIER → Ginger | 2001-09-17 | ₦50,262/MT | Below hard floor 2,000,000
2026-04-11 15:39:06.663 | WARNING  | __main__:flag_hard_bound_outliers:122 -     OUTLIER → Ginger | 2001-09-24 | ₦49,644/MT | Below hard floor 2,000,000
2026-04-11 15:39:06.664 | WARNING  | __main__:flag_hard_bound_outliers:122 -     OUTLIER → Ginger | 2001-10-01 | ₦52,070/MT | Below hard floor 2,000,000
2026-04-11 15:39:06.664 | WARNING  | __main__:flag_hard_bound_outliers:122 -     OUTLIER → Ginger | 2001-10-08 | ₦49,534/MT | Below hard floor 2,000,000
2026-04-11 15:39:06.664 | WARNING  | __main__:flag_hard_bound_outliers:122 -     OUTLIER → Ginger | 2001-10-15 | ₦50,103/MT | Below hard floor 2,000,000
2026-04-11 15:39:06.666 | WARNING  | __main__:flag_hard_bound_outliers:122 -     OUTLIER → Ginger | 2001-10-22 | ₦50,005/MT | Below hard floor 2,000,000
2026-04-11 15:39:06.667 | WARNING  | __main__:flag_hard_bound_outliers:122 -     OUTLIER → Ginger | 2001-10-29 | ₦48,378/MT | Below hard floor 2,000,000
2026-04-11 15:39:06.667 | WARNING  | __main__:flag_hard_bound_outliers:122 -     OUTLIER → Ginger | 2001-11-05 | ₦55,489/MT | Below hard floor 2,000,000
2026-04-11 15:39:06.668 | WARNING  | __main__:flag_hard_bound_outliers:122 -     OUTLIER → Ginger | 2001-11-12 | ₦55,431/MT | Below hard floor 2,000,000
2026-04-11 15:39:06.669 | WARNING  | __main__:flag_hard_bound_outliers:122 -     OUTLIER → Ginger | 2001-11-19 | ₦55,008/MT | Below hard floor 2,000,000
2026-04-11 15:39:06.670 | WARNING  | __main__:flag_hard_bound_outliers:122 -     OUTLIER → Ginger | 2001-11-26 | ₦54,613/MT | Below hard floor 2,000,000
2026-04-11 15:39:06.670 | WARNING  | __main__:flag_hard_bound_outliers:122 -     OUTLIER → Ginger | 2001-12-03 | ₦57,931/MT | Below hard floor 2,000,000
2026-04-11 15:39:06.670 | WARNING  | __main__:flag_hard_bound_outliers:122 -     OUTLIER → Ginger | 2001-12-10 | ₦59,737/MT | Below hard floor 2,000,000
2026-04-11 15:39:06.670 | WARNING  | __main__:flag_hard_bound_outliers:122 -     OUTLIER → Ginger | 2001-12-17 | ₦59,878/MT | Below hard floor 2,000,000
2026-04-11 15:39:06.676 | WARNING  | __main__:flag_hard_bound_outliers:122 -     OUTLIER → Ginger | 2001-12-24 | ₦59,044/MT | Below hard floor 2,000,000
2026-04-11 15:39:06.676 | WARNING  | __main__:flag_hard_bound_outliers:122 -     OUTLIER → Ginger | 2001-12-31 | ₦60,207/MT | Below hard floor 2,000,000
2026-04-11 15:39:06.677 | WARNING  | __main__:flag_hard_bound_outliers:122 -     OUTLIER → Ginger | 2002-01-07 | ₦72,873/MT | Below hard floor 2,000,000
2026-04-11 15:39:06.678 | WARNING  | __main__:flag_hard_bound_outliers:122 -     OUTLIER → Ginger | 2002-01-14 | ₦76,074/MT | Below hard floor 2,000,000
2026-04-11 15:39:06.678 | WARNING  | __main__:flag_hard_bound_outliers:122 -     OUTLIER → Ginger | 2002-01-21 | ₦72,377/MT | Below hard floor 2,000,000
2026-04-11 15:39:06.679 | WARNING  | __main__:flag_hard_bound_outliers:122 -     OUTLIER → Ginger | 2002-01-28 | ₦72,556/MT | Below hard floor 2,000,000
2026-04-11 15:39:06.680 | WARNING  | __main__:flag_hard_bound_outliers:122 -     OUTLIER → Ginger | 2002-02-04 | ₦68,846/MT | Below hard floor 2,000,000
2026-04-11 15:39:06.680 | WARNING  | __main__:flag_hard_bound_outliers:122 -     OUTLIER → Ginger | 2002-02-11 | ₦65,028/MT | Below hard floor 2,000,000
2026-04-11 15:39:06.680 | WARNING  | __main__:flag_hard_bound_outliers:122 -     OUTLIER → Ginger | 2002-02-18 | ₦68,945/MT | Below hard floor 2,000,000
2026-04-11 15:39:06.680 | WARNING  | __main__:flag_hard_bound_outliers:122 -     OUTLIER → Ginger | 2002-02-25 | ₦69,125/MT | Below hard floor 2,000,000
2026-04-11 15:39:06.684 | WARNING  | __main__:flag_hard_bound_outliers:122 -     OUTLIER → Ginger | 2002-03-04 | ₦70,877/MT | Below hard floor 2,000,000
2026-04-11 15:39:06.685 | WARNING  | __main__:flag_hard_bound_outliers:122 -     OUTLIER → Ginger | 2002-03-11 | ₦65,619/MT | Below hard floor 2,000,000
2026-04-11 15:39:06.686 | WARNING  | __main__:flag_hard_bound_outliers:122 -     OUTLIER → Ginger | 2002-03-18 | ₦66,597/MT | Below hard floor 2,000,000
2026-04-11 15:39:06.687 | WARNING  | __main__:flag_hard_bound_outliers:122 -     OUTLIER → Ginger | 2002-03-25 | ₦65,931/MT | Below hard floor 2,000,000
2026-04-11 15:39:06.688 | WARNING  | __main__:flag_hard_bound_outliers:122 -     OUTLIER → Ginger | 2002-04-01 | ₦57,896/MT | Below hard floor 2,000,000
2026-04-11 15:39:06.689 | WARNING  | __main__:flag_hard_bound_outliers:122 -     OUTLIER → Ginger | 2002-04-08 | ₦62,057/MT | Below hard floor 2,000,000
2026-04-11 15:39:06.689 | WARNING  | __main__:flag_hard_bound_outliers:122 -     OUTLIER → Ginger | 2002-04-15 | ₦61,353/MT | Below hard floor 2,000,000
2026-04-11 15:39:06.692 | WARNING  | __main__:flag_hard_bound_outliers:122 -     OUTLIER → Ginger | 2002-04-22 | ₦61,424/MT | Below hard floor 2,000,000
2026-04-11 15:39:06.692 | WARNING  | __main__:flag_hard_bound_outliers:122 -     OUTLIER → Ginger | 2002-04-29 | ₦58,363/MT | Below hard floor 2,000,000
2026-04-11 15:39:06.694 | WARNING  | __main__:flag_hard_bound_outliers:122 -     OUTLIER → Ginger | 2002-05-06 | ₦59,399/MT | Below hard floor 2,000,000
2026-04-11 15:39:06.694 | WARNING  | __main__:flag_hard_bound_outliers:122 -     OUTLIER → Ginger | 2002-05-13 | ₦54,603/MT | Below hard floor 2,000,000
2026-04-11 15:39:06.695 | WARNING  | __main__:flag_hard_bound_outliers:122 -     OUTLIER → Ginger | 2002-05-20 | ₦58,004/MT | Below hard floor 2,000,000
2026-04-11 15:39:06.695 | WARNING  | __main__:flag_hard_bound_outliers:122 -     OUTLIER → Ginger | 2002-05-27 | ₦60,746/MT | Below hard floor 2,000,000
2026-04-11 15:39:06.696 | WARNING  | __main__:flag_hard_bound_outliers:122 -     OUTLIER → Ginger | 2002-06-03 | ₦55,306/MT | Below hard floor 2,000,000
2026-04-11 15:39:06.696 | WARNING  | __main__:flag_hard_bound_outliers:122 -     OUTLIER → Ginger | 2002-06-10 | ₦56,032/MT | Below hard floor 2,000,000
2026-04-11 15:39:06.696 | WARNING  | __main__:flag_hard_bound_outliers:122 -     OUTLIER → Ginger | 2002-06-17 | ₦57,170/MT | Below hard floor 2,000,000
2026-04-11 15:39:06.696 | WARNING  | __main__:flag_hard_bound_outliers:122 -     OUTLIER → Ginger | 2002-06-24 | ₦56,139/MT | Below hard floor 2,000,000
2026-04-11 15:39:06.700 | WARNING  | __main__:flag_hard_bound_outliers:122 -     OUTLIER → Ginger | 2002-07-01 | ₦51,488/MT | Below hard floor 2,000,000
2026-04-11 15:39:06.701 | WARNING  | __main__:flag_hard_bound_outliers:122 -     OUTLIER → Ginger | 2002-07-08 | ₦54,111/MT | Below hard floor 2,000,000
2026-04-11 15:39:06.701 | WARNING  | __main__:flag_hard_bound_outliers:122 -     OUTLIER → Ginger | 2002-07-15 | ₦52,279/MT | Below hard floor 2,000,000
2026-04-11 15:39:06.702 | WARNING  | __main__:flag_hard_bound_outliers:122 -     OUTLIER → Ginger | 2002-07-22 | ₦54,767/MT | Below hard floor 2,000,000
2026-04-11 15:39:06.705 | WARNING  | __main__:flag_hard_bound_outliers:122 -     OUTLIER → Ginger | 2002-07-29 | ₦52,511/MT | Below hard floor 2,000,000
2026-04-11 15:39:06.707 | WARNING  | __main__:flag_hard_bound_outliers:122 -     OUTLIER → Ginger | 2002-08-05 | ₦55,255/MT | Below hard floor 2,000,000
2026-04-11 15:39:06.708 | WARNING  | __main__:flag_hard_bound_outliers:122 -     OUTLIER → Ginger | 2002-08-12 | ₦51,559/MT | Below hard floor 2,000,000
2026-04-11 15:39:06.709 | WARNING  | __main__:flag_hard_bound_outliers:122 -     OUTLIER → Ginger | 2002-08-19 | ₦52,290/MT | Below hard floor 2,000,000
2026-04-11 15:39:06.710 | WARNING  | __main__:flag_hard_bound_outliers:122 -     OUTLIER → Ginger | 2002-08-26 | ₦54,089/MT | Below hard floor 2,000,000
2026-04-11 15:39:06.710 | WARNING  | __main__:flag_hard_bound_outliers:122 -     OUTLIER → Ginger | 2002-09-02 | ₦52,006/MT | Below hard floor 2,000,000
2026-04-11 15:39:06.711 | WARNING  | __main__:flag_hard_bound_outliers:122 -     OUTLIER → Ginger | 2002-09-09 | ₦54,368/MT | Below hard floor 2,000,000
2026-04-11 15:39:06.712 | WARNING  | __main__:flag_hard_bound_outliers:122 -     OUTLIER → Ginger | 2002-09-16 | ₦56,118/MT | Below hard floor 2,000,000
2026-04-11 15:39:06.712 | WARNING  | __main__:flag_hard_bound_outliers:122 -     OUTLIER → Ginger | 2002-09-23 | ₦51,396/MT | Below hard floor 2,000,000
2026-04-11 15:39:06.712 | WARNING  | __main__:flag_hard_bound_outliers:122 -     OUTLIER → Ginger | 2002-09-30 | ₦54,299/MT | Below hard floor 2,000,000
2026-04-11 15:39:06.712 | WARNING  | __main__:flag_hard_bound_outliers:122 -     OUTLIER → Ginger | 2002-10-07 | ₦55,630/MT | Below hard floor 2,000,000
2026-04-11 15:39:06.712 | WARNING  | __main__:flag_hard_bound_outliers:122 -     OUTLIER → Ginger | 2002-10-14 | ₦56,495/MT | Below hard floor 2,000,000
2026-04-11 15:39:06.712 | WARNING  | __main__:flag_hard_bound_outliers:122 -     OUTLIER → Ginger | 2002-10-21 | ₦53,152/MT | Below hard floor 2,000,000
2026-04-11 15:39:06.712 | WARNING  | __main__:flag_hard_bound_outliers:122 -     OUTLIER → Ginger | 2002-10-28 | ₦53,013/MT | Below hard floor 2,000,000
2026-04-11 15:39:06.712 | WARNING  | __main__:flag_hard_bound_outliers:122 -     OUTLIER → Ginger | 2002-11-04 | ₦60,939/MT | Below hard floor 2,000,000
2026-04-11 15:39:06.718 | WARNING  | __main__:flag_hard_bound_outliers:122 -     OUTLIER → Ginger | 2002-11-11 | ₦60,535/MT | Below hard floor 2,000,000
2026-04-11 15:39:06.719 | WARNING  | __main__:flag_hard_bound_outliers:122 -     OUTLIER → Ginger | 2002-11-18 | ₦60,451/MT | Below hard floor 2,000,000
2026-04-11 15:39:06.720 | WARNING  | __main__:flag_hard_bound_outliers:122 -     OUTLIER → Ginger | 2002-11-25 | ₦60,624/MT | Below hard floor 2,000,000
2026-04-11 15:39:06.720 | WARNING  | __main__:flag_hard_bound_outliers:122 -     OUTLIER → Ginger | 2002-12-02 | ₦64,654/MT | Below hard floor 2,000,000
2026-04-11 15:39:06.723 | WARNING  | __main__:flag_hard_bound_outliers:122 -     OUTLIER → Ginger | 2002-12-09 | ₦66,460/MT | Below hard floor 2,000,000
2026-04-11 15:39:06.724 | WARNING  | __main__:flag_hard_bound_outliers:122 -     OUTLIER → Ginger | 2002-12-16 | ₦66,580/MT | Below hard floor 2,000,000
2026-04-11 15:39:06.726 | WARNING  | __main__:flag_hard_bound_outliers:122 -     OUTLIER → Ginger | 2002-12-23 | ₦64,586/MT | Below hard floor 2,000,000
2026-04-11 15:39:06.726 | WARNING  | __main__:flag_hard_bound_outliers:122 -     OUTLIER → Ginger | 2002-12-30 | ₦69,694/MT | Below hard floor 2,000,000
2026-04-11 15:39:06.727 | WARNING  | __main__:flag_hard_bound_outliers:122 -     OUTLIER → Ginger | 2003-01-06 | ₦79,109/MT | Below hard floor 2,000,000
2026-04-11 15:39:06.727 | WARNING  | __main__:flag_hard_bound_outliers:122 -     OUTLIER → Ginger | 2003-01-13 | ₦75,212/MT | Below hard floor 2,000,000
2026-04-11 15:39:06.728 | WARNING  | __main__:flag_hard_bound_outliers:122 -     OUTLIER → Ginger | 2003-01-20 | ₦79,536/MT | Below hard floor 2,000,000
2026-04-11 15:39:06.729 | WARNING  | __main__:flag_hard_bound_outliers:122 -     OUTLIER → Ginger | 2003-01-27 | ₦75,719/MT | Below hard floor 2,000,000
2026-04-11 15:39:06.730 | WARNING  | __main__:flag_hard_bound_outliers:122 -     OUTLIER → Ginger | 2003-02-03 | ₦76,515/MT | Below hard floor 2,000,000
2026-04-11 15:39:06.731 | WARNING  | __main__:flag_hard_bound_outliers:122 -     OUTLIER → Ginger | 2003-02-10 | ₦77,348/MT | Below hard floor 2,000,000
2026-04-11 15:39:06.732 | WARNING  | __main__:flag_hard_bound_outliers:122 -     OUTLIER → Ginger | 2003-02-17 | ₦72,910/MT | Below hard floor 2,000,000
2026-04-11 15:39:06.732 | WARNING  | __main__:flag_hard_bound_outliers:122 -     OUTLIER → Ginger | 2003-02-24 | ₦76,910/MT | Below hard floor 2,000,000
2026-04-11 15:39:06.733 | WARNING  | __main__:flag_hard_bound_outliers:122 -     OUTLIER → Ginger | 2003-03-03 | ₦72,385/MT | Below hard floor 2,000,000
2026-04-11 15:39:06.734 | WARNING  | __main__:flag_hard_bound_outliers:122 -     OUTLIER → Ginger | 2003-03-10 | ₦73,263/MT | Below hard floor 2,000,000
2026-04-11 15:39:06.735 | WARNING  | __main__:flag_hard_bound_outliers:122 -     OUTLIER → Ginger | 2003-03-17 | ₦75,569/MT | Below hard floor 2,000,000
2026-04-11 15:39:06.737 | WARNING  | __main__:flag_hard_bound_outliers:122 -     OUTLIER → Ginger | 2003-03-24 | ₦70,974/MT | Below hard floor 2,000,000
2026-04-11 15:39:06.737 | WARNING  | __main__:flag_hard_bound_outliers:122 -     OUTLIER → Ginger | 2003-03-31 | ₦69,883/MT | Below hard floor 2,000,000
2026-04-11 15:39:06.737 | WARNING  | __main__:flag_hard_bound_outliers:122 -     OUTLIER → Ginger | 2003-04-07 | ₦63,265/MT | Below hard floor 2,000,000
2026-04-11 15:39:06.737 | WARNING  | __main__:flag_hard_bound_outliers:122 -     OUTLIER → Ginger | 2003-04-14 | ₦63,409/MT | Below hard floor 2,000,000
2026-04-11 15:39:06.737 | WARNING  | __main__:flag_hard_bound_outliers:122 -     OUTLIER → Ginger | 2003-04-21 | ₦64,850/MT | Below hard floor 2,000,000
2026-04-11 15:39:06.743 | WARNING  | __main__:flag_hard_bound_outliers:122 -     OUTLIER → Ginger | 2003-04-28 | ₦65,665/MT | Below hard floor 2,000,000
2026-04-11 15:39:06.745 | WARNING  | __main__:flag_hard_bound_outliers:122 -     OUTLIER → Ginger | 2003-05-05 | ₦62,263/MT | Below hard floor 2,000,000
2026-04-11 15:39:06.745 | WARNING  | __main__:flag_hard_bound_outliers:122 -     OUTLIER → Ginger | 2003-05-12 | ₦63,282/MT | Below hard floor 2,000,000
2026-04-11 15:39:06.746 | WARNING  | __main__:flag_hard_bound_outliers:122 -     OUTLIER → Ginger | 2003-05-19 | ₦61,774/MT | Below hard floor 2,000,000
2026-04-11 15:39:06.747 | WARNING  | __main__:flag_hard_bound_outliers:122 -     OUTLIER → Ginger | 2003-05-26 | ₦64,443/MT | Below hard floor 2,000,000
2026-04-11 15:39:06.747 | WARNING  | __main__:flag_hard_bound_outliers:122 -     OUTLIER → Ginger | 2003-06-02 | ₦61,260/MT | Below hard floor 2,000,000
2026-04-11 15:39:06.748 | WARNING  | __main__:flag_hard_bound_outliers:122 -     OUTLIER → Ginger | 2003-06-09 | ₦66,789/MT | Below hard floor 2,000,000
2026-04-11 15:39:06.748 | WARNING  | __main__:flag_hard_bound_outliers:122 -     OUTLIER → Ginger | 2003-06-16 | ₦62,909/MT | Below hard floor 2,000,000
2026-04-11 15:39:06.748 | WARNING  | __main__:flag_hard_bound_outliers:122 -     OUTLIER → Ginger | 2003-06-23 | ₦60,162/MT | Below hard floor 2,000,000
2026-04-11 15:39:06.748 | WARNING  | __main__:flag_hard_bound_outliers:122 -     OUTLIER → Ginger | 2003-06-30 | ₦59,766/MT | Below hard floor 2,000,000
2026-04-11 15:39:06.748 | WARNING  | __main__:flag_hard_bound_outliers:122 -     OUTLIER → Ginger | 2003-07-07 | ₦59,347/MT | Below hard floor 2,000,000
2026-04-11 15:39:06.752 | WARNING  | __main__:flag_hard_bound_outliers:122 -     OUTLIER → Ginger | 2003-07-14 | ₦58,108/MT | Below hard floor 2,000,000
2026-04-11 15:39:06.753 | WARNING  | __main__:flag_hard_bound_outliers:122 -     OUTLIER → Ginger | 2003-07-21 | ₦59,753/MT | Below hard floor 2,000,000
2026-04-11 15:39:06.755 | WARNING  | __main__:flag_hard_bound_outliers:122 -     OUTLIER → Ginger | 2003-07-28 | ₦59,331/MT | Below hard floor 2,000,000
2026-04-11 15:39:06.755 | WARNING  | __main__:flag_hard_bound_outliers:122 -     OUTLIER → Ginger | 2003-08-04 | ₦57,075/MT | Below hard floor 2,000,000
2026-04-11 15:39:06.757 | WARNING  | __main__:flag_hard_bound_outliers:122 -     OUTLIER → Ginger | 2003-08-11 | ₦55,747/MT | Below hard floor 2,000,000
2026-04-11 15:39:06.757 | WARNING  | __main__:flag_hard_bound_outliers:122 -     OUTLIER → Ginger | 2003-08-18 | ₦54,601/MT | Below hard floor 2,000,000
2026-04-11 15:39:06.759 | WARNING  | __main__:flag_hard_bound_outliers:122 -     OUTLIER → Ginger | 2003-08-25 | ₦56,434/MT | Below hard floor 2,000,000
2026-04-11 15:39:06.760 | WARNING  | __main__:flag_hard_bound_outliers:122 -     OUTLIER → Ginger | 2003-09-01 | ₦60,003/MT | Below hard floor 2,000,000
2026-04-11 15:39:06.761 | WARNING  | __main__:flag_hard_bound_outliers:122 -     OUTLIER → Ginger | 2003-09-08 | ₦58,876/MT | Below hard floor 2,000,000
2026-04-11 15:39:06.761 | WARNING  | __main__:flag_hard_bound_outliers:122 -     OUTLIER → Ginger | 2003-09-15 | ₦56,314/MT | Below hard floor 2,000,000
2026-04-11 15:39:06.762 | WARNING  | __main__:flag_hard_bound_outliers:122 -     OUTLIER → Ginger | 2003-09-22 | ₦58,804/MT | Below hard floor 2,000,000
2026-04-11 15:39:06.763 | WARNING  | __main__:flag_hard_bound_outliers:122 -     OUTLIER → Ginger | 2003-09-29 | ₦59,176/MT | Below hard floor 2,000,000
2026-04-11 15:39:06.763 | WARNING  | __main__:flag_hard_bound_outliers:122 -     OUTLIER → Ginger | 2003-10-06 | ₦58,214/MT | Below hard floor 2,000,000
2026-04-11 15:39:06.766 | WARNING  | __main__:flag_hard_bound_outliers:122 -     OUTLIER → Ginger | 2003-10-13 | ₦60,076/MT | Below hard floor 2,000,000
2026-04-11 15:39:06.767 | WARNING  | __main__:flag_hard_bound_outliers:122 -     OUTLIER → Ginger | 2003-10-20 | ₦59,904/MT | Below hard floor 2,000,000
2026-04-11 15:39:06.767 | WARNING  | __main__:flag_hard_bound_outliers:122 -     OUTLIER → Ginger | 2003-10-27 | ₦57,750/MT | Below hard floor 2,000,000
2026-04-11 15:39:06.768 | WARNING  | __main__:flag_hard_bound_outliers:122 -     OUTLIER → Ginger | 2003-11-03 | ₦65,698/MT | Below hard floor 2,000,000
2026-04-11 15:39:06.769 | WARNING  | __main__:flag_hard_bound_outliers:122 -     OUTLIER → Ginger | 2003-11-10 | ₦66,094/MT | Below hard floor 2,000,000
2026-04-11 15:39:06.770 | WARNING  | __main__:flag_hard_bound_outliers:122 -     OUTLIER → Ginger | 2003-11-17 | ₦67,112/MT | Below hard floor 2,000,000
2026-04-11 15:39:06.770 | WARNING  | __main__:flag_hard_bound_outliers:122 -     OUTLIER → Ginger | 2003-11-24 | ₦67,055/MT | Below hard floor 2,000,000
2026-04-11 15:39:06.770 | WARNING  | __main__:flag_hard_bound_outliers:122 -     OUTLIER → Ginger | 2003-12-01 | ₦68,545/MT | Below hard floor 2,000,000
2026-04-11 15:39:06.770 | WARNING  | __main__:flag_hard_bound_outliers:122 -     OUTLIER → Ginger | 2003-12-08 | ₦69,488/MT | Below hard floor 2,000,000
2026-04-11 15:39:06.775 | WARNING  | __main__:flag_hard_bound_outliers:122 -     OUTLIER → Ginger | 2003-12-15 | ₦72,605/MT | Below hard floor 2,000,000
2026-04-11 15:39:06.775 | WARNING  | __main__:flag_hard_bound_outliers:122 -     OUTLIER → Ginger | 2003-12-22 | ₦72,602/MT | Below hard floor 2,000,000
2026-04-11 15:39:06.777 | WARNING  | __main__:flag_hard_bound_outliers:122 -     OUTLIER → Ginger | 2003-12-29 | ₦72,605/MT | Below hard floor 2,000,000
2026-04-11 15:39:06.777 | WARNING  | __main__:flag_hard_bound_outliers:122 -     OUTLIER → Ginger | 2004-01-05 | ₦93,709/MT | Below hard floor 2,000,000
2026-04-11 15:39:06.778 | WARNING  | __main__:flag_hard_bound_outliers:122 -     OUTLIER → Ginger | 2004-01-12 | ₦85,439/MT | Below hard floor 2,000,000
2026-04-11 15:39:06.778 | WARNING  | __main__:flag_hard_bound_outliers:122 -     OUTLIER → Ginger | 2004-01-19 | ₦86,862/MT | Below hard floor 2,000,000
2026-04-11 15:39:06.779 | WARNING  | __main__:flag_hard_bound_outliers:122 -     OUTLIER → Ginger | 2004-01-26 | ₦86,404/MT | Below hard floor 2,000,000
2026-04-11 15:39:06.779 | WARNING  | __main__:flag_hard_bound_outliers:122 -     OUTLIER → Ginger | 2004-02-02 | ₦82,073/MT | Below hard floor 2,000,000
2026-04-11 15:39:06.779 | WARNING  | __main__:flag_hard_bound_outliers:122 -     OUTLIER → Ginger | 2004-02-09 | ₦79,739/MT | Below hard floor 2,000,000
2026-04-11 15:39:06.779 | WARNING  | __main__:flag_hard_bound_outliers:122 -     OUTLIER → Ginger | 2004-02-16 | ₦82,333/MT | Below hard floor 2,000,000
2026-04-11 15:39:06.783 | WARNING  | __main__:flag_hard_bound_outliers:122 -     OUTLIER → Ginger | 2004-02-23 | ₦78,634/MT | Below hard floor 2,000,000
2026-04-11 15:39:06.784 | WARNING  | __main__:flag_hard_bound_outliers:122 -     OUTLIER → Ginger | 2004-03-01 | ₦76,453/MT | Below hard floor 2,000,000
2026-04-11 15:39:06.784 | WARNING  | __main__:flag_hard_bound_outliers:122 -     OUTLIER → Ginger | 2004-03-08 | ₦75,879/MT | Below hard floor 2,000,000
2026-04-11 15:39:06.785 | WARNING  | __main__:flag_hard_bound_outliers:122 -     OUTLIER → Ginger | 2004-03-15 | ₦77,189/MT | Below hard floor 2,000,000
2026-04-11 15:39:06.787 | WARNING  | __main__:flag_hard_bound_outliers:122 -     OUTLIER → Ginger | 2004-03-22 | ₦82,347/MT | Below hard floor 2,000,000
2026-04-11 15:39:06.787 | WARNING  | __main__:flag_hard_bound_outliers:122 -     OUTLIER → Ginger | 2004-03-29 | ₦72,687/MT | Below hard floor 2,000,000
2026-04-11 15:39:06.787 | WARNING  | __main__:flag_hard_bound_outliers:122 -     OUTLIER → Ginger | 2004-04-05 | ₦71,441/MT | Below hard floor 2,000,000
2026-04-11 15:39:06.787 | WARNING  | __main__:flag_hard_bound_outliers:122 -     OUTLIER → Ginger | 2004-04-12 | ₦66,613/MT | Below hard floor 2,000,000
2026-04-11 15:39:06.792 | WARNING  | __main__:flag_hard_bound_outliers:122 -     OUTLIER → Ginger | 2004-04-19 | ₦69,009/MT | Below hard floor 2,000,000
2026-04-11 15:39:06.792 | WARNING  | __main__:flag_hard_bound_outliers:122 -     OUTLIER → Ginger | 2004-04-26 | ₦72,287/MT | Below hard floor 2,000,000
2026-04-11 15:39:06.793 | WARNING  | __main__:flag_hard_bound_outliers:122 -     OUTLIER → Ginger | 2004-05-03 | ₦66,628/MT | Below hard floor 2,000,000
2026-04-11 15:39:06.794 | WARNING  | __main__:flag_hard_bound_outliers:122 -     OUTLIER → Ginger | 2004-05-10 | ₦64,350/MT | Below hard floor 2,000,000
2026-04-11 15:39:06.795 | WARNING  | __main__:flag_hard_bound_outliers:122 -     OUTLIER → Ginger | 2004-05-17 | ₦65,073/MT | Below hard floor 2,000,000
2026-04-11 15:39:06.795 | WARNING  | __main__:flag_hard_bound_outliers:122 -     OUTLIER → Ginger | 2004-05-24 | ₦67,856/MT | Below hard floor 2,000,000
2026-04-11 15:39:06.796 | WARNING  | __main__:flag_hard_bound_outliers:122 -     OUTLIER → Ginger | 2004-05-31 | ₦65,043/MT | Below hard floor 2,000,000
2026-04-11 15:39:06.797 | WARNING  | __main__:flag_hard_bound_outliers:122 -     OUTLIER → Ginger | 2004-06-07 | ₦66,932/MT | Below hard floor 2,000,000
2026-04-11 15:39:06.797 | WARNING  | __main__:flag_hard_bound_outliers:122 -     OUTLIER → Ginger | 2004-06-14 | ₦66,591/MT | Below hard floor 2,000,000
2026-04-11 15:39:06.797 | WARNING  | __main__:flag_hard_bound_outliers:122 -     OUTLIER → Ginger | 2004-06-21 | ₦65,200/MT | Below hard floor 2,000,000
2026-04-11 15:39:06.797 | WARNING  | __main__:flag_hard_bound_outliers:122 -     OUTLIER → Ginger | 2004-06-28 | ₦70,777/MT | Below hard floor 2,000,000
2026-04-11 15:39:06.797 | WARNING  | __main__:flag_hard_bound_outliers:122 -     OUTLIER → Ginger | 2004-07-05 | ₦64,198/MT | Below hard floor 2,000,000
2026-04-11 15:39:06.802 | WARNING  | __main__:flag_hard_bound_outliers:122 -     OUTLIER → Ginger | 2004-07-12 | ₦59,172/MT | Below hard floor 2,000,000
2026-04-11 15:39:06.803 | WARNING  | __main__:flag_hard_bound_outliers:122 -     OUTLIER → Ginger | 2004-07-19 | ₦63,352/MT | Below hard floor 2,000,000
2026-04-11 15:39:06.803 | WARNING  | __main__:flag_hard_bound_outliers:122 -     OUTLIER → Ginger | 2004-07-26 | ₦61,749/MT | Below hard floor 2,000,000
2026-04-11 15:39:06.805 | WARNING  | __main__:flag_hard_bound_outliers:122 -     OUTLIER → Ginger | 2004-08-02 | ₦63,175/MT | Below hard floor 2,000,000
2026-04-11 15:39:06.805 | WARNING  | __main__:flag_hard_bound_outliers:122 -     OUTLIER → Ginger | 2004-08-09 | ₦60,135/MT | Below hard floor 2,000,000
2026-04-11 15:39:06.807 | WARNING  | __main__:flag_hard_bound_outliers:122 -     OUTLIER → Ginger | 2004-08-16 | ₦61,388/MT | Below hard floor 2,000,000
2026-04-11 15:39:06.809 | WARNING  | __main__:flag_hard_bound_outliers:122 -     OUTLIER → Ginger | 2004-08-23 | ₦62,533/MT | Below hard floor 2,000,000
2026-04-11 15:39:06.810 | WARNING  | __main__:flag_hard_bound_outliers:122 -     OUTLIER → Ginger | 2004-08-30 | ₦63,200/MT | Below hard floor 2,000,000
2026-04-11 15:39:06.811 | WARNING  | __main__:flag_hard_bound_outliers:122 -     OUTLIER → Ginger | 2004-09-06 | ₦60,731/MT | Below hard floor 2,000,000
2026-04-11 15:39:06.811 | WARNING  | __main__:flag_hard_bound_outliers:122 -     OUTLIER → Ginger | 2004-09-13 | ₦62,368/MT | Below hard floor 2,000,000
2026-04-11 15:39:06.812 | WARNING  | __main__:flag_hard_bound_outliers:122 -     OUTLIER → Ginger | 2004-09-20 | ₦62,102/MT | Below hard floor 2,000,000
2026-04-11 15:39:06.813 | WARNING  | __main__:flag_hard_bound_outliers:122 -     OUTLIER → Ginger | 2004-09-27 | ₦61,765/MT | Below hard floor 2,000,000
2026-04-11 15:39:06.814 | WARNING  | __main__:flag_hard_bound_outliers:122 -     OUTLIER → Ginger | 2004-10-04 | ₦67,811/MT | Below hard floor 2,000,000
2026-04-11 15:39:06.814 | WARNING  | __main__:flag_hard_bound_outliers:122 -     OUTLIER → Ginger | 2004-10-11 | ₦65,182/MT | Below hard floor 2,000,000
2026-04-11 15:39:06.814 | WARNING  | __main__:flag_hard_bound_outliers:122 -     OUTLIER → Ginger | 2004-10-18 | ₦61,964/MT | Below hard floor 2,000,000
2026-04-11 15:39:06.814 | WARNING  | __main__:flag_hard_bound_outliers:122 -     OUTLIER → Ginger | 2004-10-25 | ₦66,173/MT | Below hard floor 2,000,000
2026-04-11 15:39:06.814 | WARNING  | __main__:flag_hard_bound_outliers:122 -     OUTLIER → Ginger | 2004-11-01 | ₦74,457/MT | Below hard floor 2,000,000
2026-04-11 15:39:06.818 | WARNING  | __main__:flag_hard_bound_outliers:122 -     OUTLIER → Ginger | 2004-11-08 | ₦72,168/MT | Below hard floor 2,000,000
2026-04-11 15:39:06.819 | WARNING  | __main__:flag_hard_bound_outliers:122 -     OUTLIER → Ginger | 2004-11-15 | ₦66,809/MT | Below hard floor 2,000,000
2026-04-11 15:39:06.820 | WARNING  | __main__:flag_hard_bound_outliers:122 -     OUTLIER → Ginger | 2004-11-22 | ₦68,983/MT | Below hard floor 2,000,000
2026-04-11 15:39:06.820 | WARNING  | __main__:flag_hard_bound_outliers:122 -     OUTLIER → Ginger | 2004-11-29 | ₦72,661/MT | Below hard floor 2,000,000
2026-04-11 15:39:06.823 | WARNING  | __main__:flag_hard_bound_outliers:122 -     OUTLIER → Ginger | 2004-12-06 | ₦75,365/MT | Below hard floor 2,000,000
2026-04-11 15:39:06.825 | WARNING  | __main__:flag_hard_bound_outliers:122 -     OUTLIER → Ginger | 2004-12-13 | ₦78,025/MT | Below hard floor 2,000,000
2026-04-11 15:39:06.825 | WARNING  | __main__:flag_hard_bound_outliers:122 -     OUTLIER → Ginger | 2004-12-20 | ₦78,789/MT | Below hard floor 2,000,000
2026-04-11 15:39:06.827 | WARNING  | __main__:flag_hard_bound_outliers:122 -     OUTLIER → Ginger | 2004-12-27 | ₦74,859/MT | Below hard floor 2,000,000
2026-04-11 15:39:06.828 | WARNING  | __main__:flag_hard_bound_outliers:122 -     OUTLIER → Ginger | 2005-01-03 | ₦89,839/MT | Below hard floor 2,000,000
2026-04-11 15:39:06.828 | WARNING  | __main__:flag_hard_bound_outliers:122 -     OUTLIER → Ginger | 2005-01-10 | ₦81,249/MT | Below hard floor 2,000,000
2026-04-11 15:39:06.829 | WARNING  | __main__:flag_hard_bound_outliers:122 -     OUTLIER → Ginger | 2005-01-17 | ₦87,234/MT | Below hard floor 2,000,000
2026-04-11 15:39:06.830 | WARNING  | __main__:flag_hard_bound_outliers:122 -     OUTLIER → Ginger | 2005-01-24 | ₦89,318/MT | Below hard floor 2,000,000
2026-04-11 15:39:06.830 | WARNING  | __main__:flag_hard_bound_outliers:122 -     OUTLIER → Ginger | 2005-01-31 | ₦86,631/MT | Below hard floor 2,000,000
2026-04-11 15:39:06.830 | WARNING  | __main__:flag_hard_bound_outliers:122 -     OUTLIER → Ginger | 2005-02-07 | ₦90,474/MT | Below hard floor 2,000,000
2026-04-11 15:39:06.830 | WARNING  | __main__:flag_hard_bound_outliers:122 -     OUTLIER → Ginger | 2005-02-14 | ₦82,550/MT | Below hard floor 2,000,000
2026-04-11 15:39:06.830 | WARNING  | __main__:flag_hard_bound_outliers:122 -     OUTLIER → Ginger | 2005-02-21 | ₦85,111/MT | Below hard floor 2,000,000
2026-04-11 15:39:06.834 | WARNING  | __main__:flag_hard_bound_outliers:122 -     OUTLIER → Ginger | 2005-02-28 | ₦86,588/MT | Below hard floor 2,000,000
2026-04-11 15:39:06.835 | WARNING  | __main__:flag_hard_bound_outliers:122 -     OUTLIER → Ginger | 2005-03-07 | ₦86,067/MT | Below hard floor 2,000,000
2026-04-11 15:39:06.837 | WARNING  | __main__:flag_hard_bound_outliers:122 -     OUTLIER → Ginger | 2005-03-14 | ₦78,946/MT | Below hard floor 2,000,000
2026-04-11 15:39:06.837 | WARNING  | __main__:flag_hard_bound_outliers:122 -     OUTLIER → Ginger | 2005-03-21 | ₦85,379/MT | Below hard floor 2,000,000
2026-04-11 15:39:06.837 | WARNING  | __main__:flag_hard_bound_outliers:122 -     OUTLIER → Ginger | 2005-03-28 | ₦82,525/MT | Below hard floor 2,000,000
2026-04-11 15:39:06.837 | WARNING  | __main__:flag_hard_bound_outliers:122 -     OUTLIER → Ginger | 2005-04-04 | ₦72,792/MT | Below hard floor 2,000,000
2026-04-11 15:39:06.842 | WARNING  | __main__:flag_hard_bound_outliers:122 -     OUTLIER → Ginger | 2005-04-11 | ₦76,040/MT | Below hard floor 2,000,000
2026-04-11 15:39:06.843 | WARNING  | __main__:flag_hard_bound_outliers:122 -     OUTLIER → Ginger | 2005-04-18 | ₦75,448/MT | Below hard floor 2,000,000
2026-04-11 15:39:06.844 | WARNING  | __main__:flag_hard_bound_outliers:122 -     OUTLIER → Ginger | 2005-04-25 | ₦73,650/MT | Below hard floor 2,000,000
2026-04-11 15:39:06.845 | WARNING  | __main__:flag_hard_bound_outliers:122 -     OUTLIER → Ginger | 2005-05-02 | ₦71,399/MT | Below hard floor 2,000,000
2026-04-11 15:39:06.845 | WARNING  | __main__:flag_hard_bound_outliers:122 -     OUTLIER → Ginger | 2005-05-09 | ₦70,426/MT | Below hard floor 2,000,000
2026-04-11 15:39:06.846 | WARNING  | __main__:flag_hard_bound_outliers:122 -     OUTLIER → Ginger | 2005-05-16 | ₦71,493/MT | Below hard floor 2,000,000
2026-04-11 15:39:06.846 | WARNING  | __main__:flag_hard_bound_outliers:122 -     OUTLIER → Ginger | 2005-05-23 | ₦72,665/MT | Below hard floor 2,000,000
2026-04-11 15:39:06.846 | WARNING  | __main__:flag_hard_bound_outliers:122 -     OUTLIER → Ginger | 2005-05-30 | ₦74,640/MT | Below hard floor 2,000,000
2026-04-11 15:39:06.846 | WARNING  | __main__:flag_hard_bound_outliers:122 -     OUTLIER → Ginger | 2005-06-06 | ₦68,604/MT | Below hard floor 2,000,000
2026-04-11 15:39:06.846 | WARNING  | __main__:flag_hard_bound_outliers:122 -     OUTLIER → Ginger | 2005-06-13 | ₦75,809/MT | Below hard floor 2,000,000
2026-04-11 15:39:06.846 | WARNING  | __main__:flag_hard_bound_outliers:122 -     OUTLIER → Ginger | 2005-06-20 | ₦67,077/MT | Below hard floor 2,000,000
2026-04-11 15:39:06.846 | WARNING  | __main__:flag_hard_bound_outliers:122 -     OUTLIER → Ginger | 2005-06-27 | ₦70,926/MT | Below hard floor 2,000,000
2026-04-11 15:39:06.853 | WARNING  | __main__:flag_hard_bound_outliers:122 -     OUTLIER → Ginger | 2005-07-04 | ₦68,691/MT | Below hard floor 2,000,000
2026-04-11 15:39:06.853 | WARNING  | __main__:flag_hard_bound_outliers:122 -     OUTLIER → Ginger | 2005-07-11 | ₦68,069/MT | Below hard floor 2,000,000
2026-04-11 15:39:06.853 | WARNING  | __main__:flag_hard_bound_outliers:122 -     OUTLIER → Ginger | 2005-07-18 | ₦66,239/MT | Below hard floor 2,000,000
2026-04-11 15:39:06.857 | WARNING  | __main__:flag_hard_bound_outliers:122 -     OUTLIER → Ginger | 2005-07-25 | ₦67,079/MT | Below hard floor 2,000,000
2026-04-11 15:39:06.858 | WARNING  | __main__:flag_hard_bound_outliers:122 -     OUTLIER → Ginger | 2005-08-01 | ₦65,024/MT | Below hard floor 2,000,000
2026-04-11 15:39:06.859 | WARNING  | __main__:flag_hard_bound_outliers:122 -     OUTLIER → Ginger | 2005-08-08 | ₦64,833/MT | Below hard floor 2,000,000
2026-04-11 15:39:06.860 | WARNING  | __main__:flag_hard_bound_outliers:122 -     OUTLIER → Ginger | 2005-08-15 | ₦67,682/MT | Below hard floor 2,000,000
2026-04-11 15:39:06.860 | WARNING  | __main__:flag_hard_bound_outliers:122 -     OUTLIER → Ginger | 2005-08-22 | ₦66,707/MT | Below hard floor 2,000,000
2026-04-11 15:39:06.861 | WARNING  | __main__:flag_hard_bound_outliers:122 -     OUTLIER → Ginger | 2005-08-29 | ₦64,628/MT | Below hard floor 2,000,000
2026-04-11 15:39:06.862 | WARNING  | __main__:flag_hard_bound_outliers:122 -     OUTLIER → Ginger | 2005-09-05 | ₦69,322/MT | Below hard floor 2,000,000
2026-04-11 15:39:06.863 | WARNING  | __main__:flag_hard_bound_outliers:122 -     OUTLIER → Ginger | 2005-09-12 | ₦68,122/MT | Below hard floor 2,000,000
2026-04-11 15:39:06.863 | WARNING  | __main__:flag_hard_bound_outliers:122 -     OUTLIER → Ginger | 2005-09-19 | ₦69,146/MT | Below hard floor 2,000,000
2026-04-11 15:39:06.863 | WARNING  | __main__:flag_hard_bound_outliers:122 -     OUTLIER → Ginger | 2005-09-26 | ₦68,775/MT | Below hard floor 2,000,000
2026-04-11 15:39:06.863 | WARNING  | __main__:flag_hard_bound_outliers:122 -     OUTLIER → Ginger | 2005-10-03 | ₦67,284/MT | Below hard floor 2,000,000
2026-04-11 15:39:06.863 | WARNING  | __main__:flag_hard_bound_outliers:122 -     OUTLIER → Ginger | 2005-10-10 | ₦67,840/MT | Below hard floor 2,000,000
2026-04-11 15:39:06.863 | WARNING  | __main__:flag_hard_bound_outliers:122 -     OUTLIER → Ginger | 2005-10-17 | ₦70,547/MT | Below hard floor 2,000,000
2026-04-11 15:39:06.863 | WARNING  | __main__:flag_hard_bound_outliers:122 -     OUTLIER → Ginger | 2005-10-24 | ₦70,263/MT | Below hard floor 2,000,000
2026-04-11 15:39:06.863 | WARNING  | __main__:flag_hard_bound_outliers:122 -     OUTLIER → Ginger | 2005-10-31 | ₦68,957/MT | Below hard floor 2,000,000
2026-04-11 15:39:06.869 | WARNING  | __main__:flag_hard_bound_outliers:122 -     OUTLIER → Ginger | 2005-11-07 | ₦75,264/MT | Below hard floor 2,000,000
2026-04-11 15:39:06.870 | WARNING  | __main__:flag_hard_bound_outliers:122 -     OUTLIER → Ginger | 2005-11-14 | ₦77,875/MT | Below hard floor 2,000,000
2026-04-11 15:39:06.870 | WARNING  | __main__:flag_hard_bound_outliers:122 -     OUTLIER → Ginger | 2005-11-21 | ₦73,669/MT | Below hard floor 2,000,000
2026-04-11 15:39:06.870 | WARNING  | __main__:flag_hard_bound_outliers:122 -     OUTLIER → Ginger | 2005-11-28 | ₦76,231/MT | Below hard floor 2,000,000
2026-04-11 15:39:06.875 | WARNING  | __main__:flag_hard_bound_outliers:122 -     OUTLIER → Ginger | 2005-12-05 | ₦82,000/MT | Below hard floor 2,000,000
2026-04-11 15:39:06.875 | WARNING  | __main__:flag_hard_bound_outliers:122 -     OUTLIER → Ginger | 2005-12-12 | ₦81,961/MT | Below hard floor 2,000,000
2026-04-11 15:39:06.876 | WARNING  | __main__:flag_hard_bound_outliers:122 -     OUTLIER → Ginger | 2005-12-19 | ₦85,219/MT | Below hard floor 2,000,000
2026-04-11 15:39:06.877 | WARNING  | __main__:flag_hard_bound_outliers:122 -     OUTLIER → Ginger | 2005-12-26 | ₦84,543/MT | Below hard floor 2,000,000
2026-04-11 15:39:06.878 | WARNING  | __main__:flag_hard_bound_outliers:122 -     OUTLIER → Ginger | 2006-01-02 | ₦98,343/MT | Below hard floor 2,000,000
2026-04-11 15:39:06.878 | WARNING  | __main__:flag_hard_bound_outliers:122 -     OUTLIER → Ginger | 2006-01-09 | ₦99,760/MT | Below hard floor 2,000,000
2026-04-11 15:39:06.879 | WARNING  | __main__:flag_hard_bound_outliers:122 -     OUTLIER → Ginger | 2006-01-16 | ₦96,060/MT | Below hard floor 2,000,000
2026-04-11 15:39:06.880 | WARNING  | __main__:flag_hard_bound_outliers:122 -     OUTLIER → Ginger | 2006-01-23 | ₦97,964/MT | Below hard floor 2,000,000
2026-04-11 15:39:06.880 | WARNING  | __main__:flag_hard_bound_outliers:122 -     OUTLIER → Ginger | 2006-01-30 | ₦95,106/MT | Below hard floor 2,000,000
2026-04-11 15:39:06.880 | WARNING  | __main__:flag_hard_bound_outliers:122 -     OUTLIER → Ginger | 2006-02-06 | ₦92,895/MT | Below hard floor 2,000,000
2026-04-11 15:39:06.883 | WARNING  | __main__:flag_hard_bound_outliers:122 -     OUTLIER → Ginger | 2006-02-13 | ₦91,641/MT | Below hard floor 2,000,000
2026-04-11 15:39:06.883 | WARNING  | __main__:flag_hard_bound_outliers:122 -     OUTLIER → Ginger | 2006-02-20 | ₦92,268/MT | Below hard floor 2,000,000
2026-04-11 15:39:06.885 | WARNING  | __main__:flag_hard_bound_outliers:122 -     OUTLIER → Ginger | 2006-02-27 | ₦93,643/MT | Below hard floor 2,000,000
2026-04-11 15:39:06.886 | WARNING  | __main__:flag_hard_bound_outliers:122 -     OUTLIER → Ginger | 2006-03-06 | ₦85,840/MT | Below hard floor 2,000,000
2026-04-11 15:39:06.887 | WARNING  | __main__:flag_hard_bound_outliers:122 -     OUTLIER → Ginger | 2006-03-13 | ₦93,524/MT | Below hard floor 2,000,000
2026-04-11 15:39:06.889 | WARNING  | __main__:flag_hard_bound_outliers:122 -     OUTLIER → Ginger | 2006-03-20 | ₦85,344/MT | Below hard floor 2,000,000
2026-04-11 15:39:06.891 | WARNING  | __main__:flag_hard_bound_outliers:122 -     OUTLIER → Ginger | 2006-03-27 | ₦84,795/MT | Below hard floor 2,000,000
2026-04-11 15:39:06.892 | WARNING  | __main__:flag_hard_bound_outliers:122 -     OUTLIER → Ginger | 2006-04-03 | ₦82,779/MT | Below hard floor 2,000,000
2026-04-11 15:39:06.893 | WARNING  | __main__:flag_hard_bound_outliers:122 -     OUTLIER → Ginger | 2006-04-10 | ₦81,900/MT | Below hard floor 2,000,000
2026-04-11 15:39:06.894 | WARNING  | __main__:flag_hard_bound_outliers:122 -     OUTLIER → Ginger | 2006-04-17 | ₦81,498/MT | Below hard floor 2,000,000
2026-04-11 15:39:06.895 | WARNING  | __main__:flag_hard_bound_outliers:122 -     OUTLIER → Ginger | 2006-04-24 | ₦81,508/MT | Below hard floor 2,000,000
2026-04-11 15:39:06.896 | WARNING  | __main__:flag_hard_bound_outliers:122 -     OUTLIER → Ginger | 2006-05-01 | ₦75,972/MT | Below hard floor 2,000,000
2026-04-11 15:39:06.896 | WARNING  | __main__:flag_hard_bound_outliers:122 -     OUTLIER → Ginger | 2006-05-08 | ₦73,954/MT | Below hard floor 2,000,000
2026-04-11 15:39:06.897 | WARNING  | __main__:flag_hard_bound_outliers:122 -     OUTLIER → Ginger | 2006-05-15 | ₦76,173/MT | Below hard floor 2,000,000
2026-04-11 15:39:06.897 | WARNING  | __main__:flag_hard_bound_outliers:122 -     OUTLIER → Ginger | 2006-05-22 | ₦74,456/MT | Below hard floor 2,000,000
2026-04-11 15:39:06.897 | WARNING  | __main__:flag_hard_bound_outliers:122 -     OUTLIER → Ginger | 2006-05-29 | ₦78,223/MT | Below hard floor 2,000,000
2026-04-11 15:39:06.897 | WARNING  | __main__:flag_hard_bound_outliers:122 -     OUTLIER → Ginger | 2006-06-05 | ₦75,665/MT | Below hard floor 2,000,000
2026-04-11 15:39:06.900 | WARNING  | __main__:flag_hard_bound_outliers:122 -     OUTLIER → Ginger | 2006-06-12 | ₦74,118/MT | Below hard floor 2,000,000
2026-04-11 15:39:06.902 | WARNING  | __main__:flag_hard_bound_outliers:122 -     OUTLIER → Ginger | 2006-06-19 | ₦75,267/MT | Below hard floor 2,000,000
2026-04-11 15:39:06.903 | WARNING  | __main__:flag_hard_bound_outliers:122 -     OUTLIER → Ginger | 2006-06-26 | ₦76,941/MT | Below hard floor 2,000,000
2026-04-11 15:39:06.903 | WARNING  | __main__:flag_hard_bound_outliers:122 -     OUTLIER → Ginger | 2006-07-03 | ₦70,782/MT | Below hard floor 2,000,000
2026-04-11 15:39:06.903 | WARNING  | __main__:flag_hard_bound_outliers:122 -     OUTLIER → Ginger | 2006-07-10 | ₦70,224/MT | Below hard floor 2,000,000
2026-04-11 15:39:06.903 | WARNING  | __main__:flag_hard_bound_outliers:122 -     OUTLIER → Ginger | 2006-07-17 | ₦72,526/MT | Below hard floor 2,000,000
2026-04-11 15:39:06.903 | WARNING  | __main__:flag_hard_bound_outliers:122 -     OUTLIER → Ginger | 2006-07-24 | ₦72,529/MT | Below hard floor 2,000,000
2026-04-11 15:39:06.903 | WARNING  | __main__:flag_hard_bound_outliers:122 -     OUTLIER → Ginger | 2006-07-31 | ₦70,905/MT | Below hard floor 2,000,000
2026-04-11 15:39:06.909 | WARNING  | __main__:flag_hard_bound_outliers:122 -     OUTLIER → Ginger | 2006-08-07 | ₦69,405/MT | Below hard floor 2,000,000
2026-04-11 15:39:06.910 | WARNING  | __main__:flag_hard_bound_outliers:122 -     OUTLIER → Ginger | 2006-08-14 | ₦70,890/MT | Below hard floor 2,000,000
2026-04-11 15:39:06.911 | WARNING  | __main__:flag_hard_bound_outliers:122 -     OUTLIER → Ginger | 2006-08-21 | ₦67,342/MT | Below hard floor 2,000,000
2026-04-11 15:39:06.912 | WARNING  | __main__:flag_hard_bound_outliers:122 -     OUTLIER → Ginger | 2006-08-28 | ₦67,427/MT | Below hard floor 2,000,000
2026-04-11 15:39:06.913 | WARNING  | __main__:flag_hard_bound_outliers:122 -     OUTLIER → Ginger | 2006-09-04 | ₦70,448/MT | Below hard floor 2,000,000
2026-04-11 15:39:06.913 | WARNING  | __main__:flag_hard_bound_outliers:122 -     OUTLIER → Ginger | 2006-09-11 | ₦71,539/MT | Below hard floor 2,000,000
2026-04-11 15:39:06.913 | WARNING  | __main__:flag_hard_bound_outliers:122 -     OUTLIER → Ginger | 2006-09-18 | ₦72,672/MT | Below hard floor 2,000,000
2026-04-11 15:39:06.913 | WARNING  | __main__:flag_hard_bound_outliers:122 -     OUTLIER → Ginger | 2006-09-25 | ₦75,187/MT | Below hard floor 2,000,000
2026-04-11 15:39:06.917 | WARNING  | __main__:flag_hard_bound_outliers:122 -     OUTLIER → Ginger | 2006-10-02 | ₦75,494/MT | Below hard floor 2,000,000
2026-04-11 15:39:06.918 | WARNING  | __main__:flag_hard_bound_outliers:122 -     OUTLIER → Ginger | 2006-10-09 | ₦73,247/MT | Below hard floor 2,000,000
2026-04-11 15:39:06.919 | WARNING  | __main__:flag_hard_bound_outliers:122 -     OUTLIER → Ginger | 2006-10-16 | ₦73,558/MT | Below hard floor 2,000,000
2026-04-11 15:39:06.920 | WARNING  | __main__:flag_hard_bound_outliers:122 -     OUTLIER → Ginger | 2006-10-23 | ₦71,386/MT | Below hard floor 2,000,000
2026-04-11 15:39:06.920 | WARNING  | __main__:flag_hard_bound_outliers:122 -     OUTLIER → Ginger | 2006-10-30 | ₦73,559/MT | Below hard floor 2,000,000
2026-04-11 15:39:06.920 | WARNING  | __main__:flag_hard_bound_outliers:122 -     OUTLIER → Ginger | 2006-11-06 | ₦79,307/MT | Below hard floor 2,000,000
2026-04-11 15:39:06.925 | WARNING  | __main__:flag_hard_bound_outliers:122 -     OUTLIER → Ginger | 2006-11-13 | ₦80,775/MT | Below hard floor 2,000,000
2026-04-11 15:39:06.926 | WARNING  | __main__:flag_hard_bound_outliers:122 -     OUTLIER → Ginger | 2006-11-20 | ₦78,015/MT | Below hard floor 2,000,000
2026-04-11 15:39:06.927 | WARNING  | __main__:flag_hard_bound_outliers:122 -     OUTLIER → Ginger | 2006-11-27 | ₦81,246/MT | Below hard floor 2,000,000
2026-04-11 15:39:06.928 | WARNING  | __main__:flag_hard_bound_outliers:122 -     OUTLIER → Ginger | 2006-12-04 | ₦92,046/MT | Below hard floor 2,000,000
2026-04-11 15:39:06.929 | WARNING  | __main__:flag_hard_bound_outliers:122 -     OUTLIER → Ginger | 2006-12-11 | ₦87,713/MT | Below hard floor 2,000,000
2026-04-11 15:39:06.930 | WARNING  | __main__:flag_hard_bound_outliers:122 -     OUTLIER → Ginger | 2006-12-18 | ₦89,061/MT | Below hard floor 2,000,000
2026-04-11 15:39:06.930 | WARNING  | __main__:flag_hard_bound_outliers:122 -     OUTLIER → Ginger | 2006-12-25 | ₦89,822/MT | Below hard floor 2,000,000
2026-04-11 15:39:06.930 | WARNING  | __main__:flag_hard_bound_outliers:122 -     OUTLIER → Ginger | 2007-01-01 | ₦106,700/MT | Below hard floor 2,000,000
2026-04-11 15:39:06.933 | WARNING  | __main__:flag_hard_bound_outliers:122 -     OUTLIER → Ginger | 2007-01-08 | ₦108,726/MT | Below hard floor 2,000,000
2026-04-11 15:39:06.933 | WARNING  | __main__:flag_hard_bound_outliers:122 -     OUTLIER → Ginger | 2007-01-15 | ₦108,041/MT | Below hard floor 2,000,000
2026-04-11 15:39:06.933 | WARNING  | __main__:flag_hard_bound_outliers:122 -     OUTLIER → Ginger | 2007-01-22 | ₦108,316/MT | Below hard floor 2,000,000
2026-04-11 15:39:06.935 | WARNING  | __main__:flag_hard_bound_outliers:122 -     OUTLIER → Ginger | 2007-01-29 | ₦105,495/MT | Below hard floor 2,000,000
2026-04-11 15:39:06.936 | WARNING  | __main__:flag_hard_bound_outliers:122 -     OUTLIER → Ginger | 2007-02-05 | ₦103,576/MT | Below hard floor 2,000,000
2026-04-11 15:39:06.939 | WARNING  | __main__:flag_hard_bound_outliers:122 -     OUTLIER → Ginger | 2007-02-12 | ₦105,046/MT | Below hard floor 2,000,000
2026-04-11 15:39:06.939 | WARNING  | __main__:flag_hard_bound_outliers:122 -     OUTLIER → Ginger | 2007-02-19 | ₦108,006/MT | Below hard floor 2,000,000
2026-04-11 15:39:06.939 | WARNING  | __main__:flag_hard_bound_outliers:122 -     OUTLIER → Ginger | 2007-02-26 | ₦106,479/MT | Below hard floor 2,000,000
2026-04-11 15:39:06.939 | WARNING  | __main__:flag_hard_bound_outliers:122 -     OUTLIER → Ginger | 2007-03-05 | ₦105,395/MT | Below hard floor 2,000,000
2026-04-11 15:39:06.939 | WARNING  | __main__:flag_hard_bound_outliers:122 -     OUTLIER → Ginger | 2007-03-12 | ₦96,721/MT | Below hard floor 2,000,000
2026-04-11 15:39:06.939 | WARNING  | __main__:flag_hard_bound_outliers:122 -     OUTLIER → Ginger | 2007-03-19 | ₦101,591/MT | Below hard floor 2,000,000
2026-04-11 15:39:06.965 | WARNING  | __main__:flag_hard_bound_outliers:122 -     OUTLIER → Ginger | 2007-03-26 | ₦99,545/MT | Below hard floor 2,000,000
2026-04-11 15:39:06.991 | WARNING  | __main__:flag_hard_bound_outliers:122 -     OUTLIER → Ginger | 2007-04-02 | ₦95,912/MT | Below hard floor 2,000,000
2026-04-11 15:39:07.026 | WARNING  | __main__:flag_hard_bound_outliers:122 -     OUTLIER → Ginger | 2007-04-09 | ₦87,818/MT | Below hard floor 2,000,000
2026-04-11 15:39:07.057 | WARNING  | __main__:flag_hard_bound_outliers:122 -     OUTLIER → Ginger | 2007-04-16 | ₦87,733/MT | Below hard floor 2,000,000
2026-04-11 15:39:07.065 | WARNING  | __main__:flag_hard_bound_outliers:122 -     OUTLIER → Ginger | 2007-04-23 | ₦88,382/MT | Below hard floor 2,000,000
2026-04-11 15:39:07.077 | WARNING  | __main__:flag_hard_bound_outliers:122 -     OUTLIER → Ginger | 2007-04-30 | ₦84,265/MT | Below hard floor 2,000,000
2026-04-11 15:39:07.077 | WARNING  | __main__:flag_hard_bound_outliers:122 -     OUTLIER → Ginger | 2007-05-07 | ₦84,151/MT | Below hard floor 2,000,000
2026-04-11 15:39:07.077 | WARNING  | __main__:flag_hard_bound_outliers:122 -     OUTLIER → Ginger | 2007-05-14 | ₦83,553/MT | Below hard floor 2,000,000
2026-04-11 15:39:07.077 | WARNING  | __main__:flag_hard_bound_outliers:122 -     OUTLIER → Ginger | 2007-05-21 | ₦85,886/MT | Below hard floor 2,000,000
2026-04-11 15:39:07.077 | WARNING  | __main__:flag_hard_bound_outliers:122 -     OUTLIER → Ginger | 2007-05-28 | ₦86,377/MT | Below hard floor 2,000,000
2026-04-11 15:39:07.077 | WARNING  | __main__:flag_hard_bound_outliers:122 -     OUTLIER → Ginger | 2007-06-04 | ₦90,312/MT | Below hard floor 2,000,000
2026-04-11 15:39:07.077 | WARNING  | __main__:flag_hard_bound_outliers:122 -     OUTLIER → Ginger | 2007-06-11 | ₦87,938/MT | Below hard floor 2,000,000
2026-04-11 15:39:07.086 | WARNING  | __main__:flag_hard_bound_outliers:122 -     OUTLIER → Ginger | 2007-06-18 | ₦84,020/MT | Below hard floor 2,000,000
2026-04-11 15:39:07.087 | WARNING  | __main__:flag_hard_bound_outliers:122 -     OUTLIER → Ginger | 2007-06-25 | ₦83,196/MT | Below hard floor 2,000,000
2026-04-11 15:39:07.089 | WARNING  | __main__:flag_hard_bound_outliers:122 -     OUTLIER → Ginger | 2007-07-02 | ₦82,195/MT | Below hard floor 2,000,000
2026-04-11 15:39:07.090 | WARNING  | __main__:flag_hard_bound_outliers:122 -     OUTLIER → Ginger | 2007-07-09 | ₦77,792/MT | Below hard floor 2,000,000
2026-04-11 15:39:07.091 | WARNING  | __main__:flag_hard_bound_outliers:122 -     OUTLIER → Ginger | 2007-07-16 | ₦85,450/MT | Below hard floor 2,000,000
2026-04-11 15:39:07.092 | WARNING  | __main__:flag_hard_bound_outliers:122 -     OUTLIER → Ginger | 2007-07-23 | ₦83,866/MT | Below hard floor 2,000,000
2026-04-11 15:39:07.093 | WARNING  | __main__:flag_hard_bound_outliers:122 -     OUTLIER → Ginger | 2007-07-30 | ₦79,860/MT | Below hard floor 2,000,000
2026-04-11 15:39:07.093 | WARNING  | __main__:flag_hard_bound_outliers:122 -     OUTLIER → Ginger | 2007-08-06 | ₦75,130/MT | Below hard floor 2,000,000
2026-04-11 15:39:07.094 | WARNING  | __main__:flag_hard_bound_outliers:122 -     OUTLIER → Ginger | 2007-08-13 | ₦82,417/MT | Below hard floor 2,000,000
2026-04-11 15:39:07.095 | WARNING  | __main__:flag_hard_bound_outliers:122 -     OUTLIER → Ginger | 2007-08-20 | ₦78,928/MT | Below hard floor 2,000,000
2026-04-11 15:39:07.096 | WARNING  | __main__:flag_hard_bound_outliers:122 -     OUTLIER → Ginger | 2007-08-27 | ₦82,141/MT | Below hard floor 2,000,000
2026-04-11 15:39:07.097 | WARNING  | __main__:flag_hard_bound_outliers:122 -     OUTLIER → Ginger | 2007-09-03 | ₦77,126/MT | Below hard floor 2,000,000
2026-04-11 15:39:07.098 | WARNING  | __main__:flag_hard_bound_outliers:122 -     OUTLIER → Ginger | 2007-09-10 | ₦79,544/MT | Below hard floor 2,000,000
2026-04-11 15:39:07.099 | WARNING  | __main__:flag_hard_bound_outliers:122 -     OUTLIER → Ginger | 2007-09-17 | ₦81,013/MT | Below hard floor 2,000,000
2026-04-11 15:39:07.100 | WARNING  | __main__:flag_hard_bound_outliers:122 -     OUTLIER → Ginger | 2007-09-24 | ₦81,114/MT | Below hard floor 2,000,000
2026-04-11 15:39:07.101 | WARNING  | __main__:flag_hard_bound_outliers:122 -     OUTLIER → Ginger | 2007-10-01 | ₦81,682/MT | Below hard floor 2,000,000
2026-04-11 15:39:07.103 | WARNING  | __main__:flag_hard_bound_outliers:122 -     OUTLIER → Ginger | 2007-10-08 | ₦84,347/MT | Below hard floor 2,000,000
2026-04-11 15:39:07.104 | WARNING  | __main__:flag_hard_bound_outliers:122 -     OUTLIER → Ginger | 2007-10-15 | ₦80,148/MT | Below hard floor 2,000,000
2026-04-11 15:39:07.110 | WARNING  | __main__:flag_hard_bound_outliers:122 -     OUTLIER → Ginger | 2007-10-22 | ₦82,446/MT | Below hard floor 2,000,000
2026-04-11 15:39:07.113 | WARNING  | __main__:flag_hard_bound_outliers:122 -     OUTLIER → Ginger | 2007-10-29 | ₦83,099/MT | Below hard floor 2,000,000
2026-04-11 15:39:07.119 | WARNING  | __main__:flag_hard_bound_outliers:122 -     OUTLIER → Ginger | 2007-11-05 | ₦91,389/MT | Below hard floor 2,000,000
2026-04-11 15:39:07.121 | WARNING  | __main__:flag_hard_bound_outliers:122 -     OUTLIER → Ginger | 2007-11-12 | ₦91,921/MT | Below hard floor 2,000,000
2026-04-11 15:39:07.123 | WARNING  | __main__:flag_hard_bound_outliers:122 -     OUTLIER → Ginger | 2007-11-19 | ₦86,963/MT | Below hard floor 2,000,000
2026-04-11 15:39:07.123 | WARNING  | __main__:flag_hard_bound_outliers:122 -     OUTLIER → Ginger | 2007-11-26 | ₦85,858/MT | Below hard floor 2,000,000
2026-04-11 15:39:07.127 | WARNING  | __main__:flag_hard_bound_outliers:122 -     OUTLIER → Ginger | 2007-12-03 | ₦102,795/MT | Below hard floor 2,000,000
2026-04-11 15:39:07.131 | WARNING  | __main__:flag_hard_bound_outliers:122 -     OUTLIER → Ginger | 2007-12-10 | ₦99,987/MT | Below hard floor 2,000,000
2026-04-11 15:39:07.132 | WARNING  | __main__:flag_hard_bound_outliers:122 -     OUTLIER → Ginger | 2007-12-17 | ₦96,777/MT | Below hard floor 2,000,000
2026-04-11 15:39:07.132 | WARNING  | __main__:flag_hard_bound_outliers:122 -     OUTLIER → Ginger | 2007-12-24 | ₦103,607/MT | Below hard floor 2,000,000
2026-04-11 15:39:07.132 | WARNING  | __main__:flag_hard_bound_outliers:122 -     OUTLIER → Ginger | 2007-12-31 | ₦99,344/MT | Below hard floor 2,000,000
2026-04-11 15:39:07.136 | WARNING  | __main__:flag_hard_bound_outliers:122 -     OUTLIER → Ginger | 2008-01-07 | ₦136,670/MT | Below hard floor 2,000,000
2026-04-11 15:39:07.138 | WARNING  | __main__:flag_hard_bound_outliers:122 -     OUTLIER → Ginger | 2008-01-14 | ₦132,267/MT | Below hard floor 2,000,000
2026-04-11 15:39:07.139 | WARNING  | __main__:flag_hard_bound_outliers:122 -     OUTLIER → Ginger | 2008-01-21 | ₦140,161/MT | Below hard floor 2,000,000
2026-04-11 15:39:07.140 | WARNING  | __main__:flag_hard_bound_outliers:122 -     OUTLIER → Ginger | 2008-01-28 | ₦138,951/MT | Below hard floor 2,000,000
2026-04-11 15:39:07.141 | WARNING  | __main__:flag_hard_bound_outliers:122 -     OUTLIER → Ginger | 2008-02-04 | ₦125,555/MT | Below hard floor 2,000,000
2026-04-11 15:39:07.142 | WARNING  | __main__:flag_hard_bound_outliers:122 -     OUTLIER → Ginger | 2008-02-11 | ₦130,187/MT | Below hard floor 2,000,000
2026-04-11 15:39:07.143 | WARNING  | __main__:flag_hard_bound_outliers:122 -     OUTLIER → Ginger | 2008-02-18 | ₦128,949/MT | Below hard floor 2,000,000
2026-04-11 15:39:07.144 | WARNING  | __main__:flag_hard_bound_outliers:122 -     OUTLIER → Ginger | 2008-02-25 | ₦131,694/MT | Below hard floor 2,000,000
2026-04-11 15:39:07.145 | WARNING  | __main__:flag_hard_bound_outliers:122 -     OUTLIER → Ginger | 2008-03-03 | ₦117,497/MT | Below hard floor 2,000,000
2026-04-11 15:39:07.146 | WARNING  | __main__:flag_hard_bound_outliers:122 -     OUTLIER → Ginger | 2008-03-10 | ₦123,490/MT | Below hard floor 2,000,000
2026-04-11 15:39:07.146 | WARNING  | __main__:flag_hard_bound_outliers:122 -     OUTLIER → Ginger | 2008-03-17 | ₦124,842/MT | Below hard floor 2,000,000
2026-04-11 15:39:07.146 | WARNING  | __main__:flag_hard_bound_outliers:122 -     OUTLIER → Ginger | 2008-03-24 | ₦114,616/MT | Below hard floor 2,000,000
2026-04-11 15:39:07.148 | WARNING  | __main__:flag_hard_bound_outliers:122 -     OUTLIER → Ginger | 2008-03-31 | ₦116,705/MT | Below hard floor 2,000,000
2026-04-11 15:39:07.149 | WARNING  | __main__:flag_hard_bound_outliers:122 -     OUTLIER → Ginger | 2008-04-07 | ₦103,271/MT | Below hard floor 2,000,000
2026-04-11 15:39:07.150 | WARNING  | __main__:flag_hard_bound_outliers:122 -     OUTLIER → Ginger | 2008-04-14 | ₦109,111/MT | Below hard floor 2,000,000
2026-04-11 15:39:07.150 | WARNING  | __main__:flag_hard_bound_outliers:122 -     OUTLIER → Ginger | 2008-04-21 | ₦112,368/MT | Below hard floor 2,000,000
2026-04-11 15:39:07.151 | WARNING  | __main__:flag_hard_bound_outliers:122 -     OUTLIER → Ginger | 2008-04-28 | ₦114,958/MT | Below hard floor 2,000,000
2026-04-11 15:39:07.152 | WARNING  | __main__:flag_hard_bound_outliers:122 -     OUTLIER → Ginger | 2008-05-05 | ₦104,732/MT | Below hard floor 2,000,000
2026-04-11 15:39:07.154 | WARNING  | __main__:flag_hard_bound_outliers:122 -     OUTLIER → Ginger | 2008-05-12 | ₦109,606/MT | Below hard floor 2,000,000
2026-04-11 15:39:07.155 | WARNING  | __main__:flag_hard_bound_outliers:122 -     OUTLIER → Ginger | 2008-05-19 | ₦100,173/MT | Below hard floor 2,000,000
2026-04-11 15:39:07.156 | WARNING  | __main__:flag_hard_bound_outliers:122 -     OUTLIER → Ginger | 2008-05-26 | ₦99,160/MT | Below hard floor 2,000,000
2026-04-11 15:39:07.158 | WARNING  | __main__:flag_hard_bound_outliers:122 -     OUTLIER → Ginger | 2008-06-02 | ₦104,326/MT | Below hard floor 2,000,000
2026-04-11 15:39:07.159 | WARNING  | __main__:flag_hard_bound_outliers:122 -     OUTLIER → Ginger | 2008-06-09 | ₦105,704/MT | Below hard floor 2,000,000
2026-04-11 15:39:07.160 | WARNING  | __main__:flag_hard_bound_outliers:122 -     OUTLIER → Ginger | 2008-06-16 | ₦104,398/MT | Below hard floor 2,000,000
2026-04-11 15:39:07.162 | WARNING  | __main__:flag_hard_bound_outliers:122 -     OUTLIER → Ginger | 2008-06-23 | ₦98,019/MT | Below hard floor 2,000,000
2026-04-11 15:39:07.162 | WARNING  | __main__:flag_hard_bound_outliers:122 -     OUTLIER → Ginger | 2008-06-30 | ₦104,221/MT | Below hard floor 2,000,000
2026-04-11 15:39:07.164 | WARNING  | __main__:flag_hard_bound_outliers:122 -     OUTLIER → Ginger | 2008-07-07 | ₦95,126/MT | Below hard floor 2,000,000
2026-04-11 15:39:07.164 | WARNING  | __main__:flag_hard_bound_outliers:122 -     OUTLIER → Ginger | 2008-07-14 | ₦100,989/MT | Below hard floor 2,000,000
2026-04-11 15:39:07.164 | WARNING  | __main__:flag_hard_bound_outliers:122 -     OUTLIER → Ginger | 2008-07-21 | ₦100,089/MT | Below hard floor 2,000,000
2026-04-11 15:39:07.164 | WARNING  | __main__:flag_hard_bound_outliers:122 -     OUTLIER → Ginger | 2008-07-28 | ₦96,209/MT | Below hard floor 2,000,000
2026-04-11 15:39:07.167 | WARNING  | __main__:flag_hard_bound_outliers:122 -     OUTLIER → Ginger | 2008-08-04 | ₦95,308/MT | Below hard floor 2,000,000
2026-04-11 15:39:07.168 | WARNING  | __main__:flag_hard_bound_outliers:122 -     OUTLIER → Ginger | 2008-08-11 | ₦93,724/MT | Below hard floor 2,000,000
2026-04-11 15:39:07.169 | WARNING  | __main__:flag_hard_bound_outliers:122 -     OUTLIER → Ginger | 2008-08-18 | ₦96,618/MT | Below hard floor 2,000,000
2026-04-11 15:39:07.170 | WARNING  | __main__:flag_hard_bound_outliers:122 -     OUTLIER → Ginger | 2008-08-25 | ₦99,574/MT | Below hard floor 2,000,000
2026-04-11 15:39:07.171 | WARNING  | __main__:flag_hard_bound_outliers:122 -     OUTLIER → Ginger | 2008-09-01 | ₦96,072/MT | Below hard floor 2,000,000
2026-04-11 15:39:07.172 | WARNING  | __main__:flag_hard_bound_outliers:122 -     OUTLIER → Ginger | 2008-09-08 | ₦100,497/MT | Below hard floor 2,000,000
2026-04-11 15:39:07.174 | WARNING  | __main__:flag_hard_bound_outliers:122 -     OUTLIER → Ginger | 2008-09-15 | ₦97,425/MT | Below hard floor 2,000,000
2026-04-11 15:39:07.176 | WARNING  | __main__:flag_hard_bound_outliers:122 -     OUTLIER → Ginger | 2008-09-22 | ₦96,645/MT | Below hard floor 2,000,000
2026-04-11 15:39:07.177 | WARNING  | __main__:flag_hard_bound_outliers:122 -     OUTLIER → Ginger | 2008-09-29 | ₦98,682/MT | Below hard floor 2,000,000
2026-04-11 15:39:07.178 | WARNING  | __main__:flag_hard_bound_outliers:122 -     OUTLIER → Ginger | 2008-10-06 | ₦98,057/MT | Below hard floor 2,000,000
2026-04-11 15:39:07.179 | WARNING  | __main__:flag_hard_bound_outliers:122 -     OUTLIER → Ginger | 2008-10-13 | ₦99,519/MT | Below hard floor 2,000,000
2026-04-11 15:39:07.179 | WARNING  | __main__:flag_hard_bound_outliers:122 -     OUTLIER → Ginger | 2008-10-20 | ₦97,563/MT | Below hard floor 2,000,000
2026-04-11 15:39:07.180 | WARNING  | __main__:flag_hard_bound_outliers:122 -     OUTLIER → Ginger | 2008-10-27 | ₦107,165/MT | Below hard floor 2,000,000
2026-04-11 15:39:07.181 | WARNING  | __main__:flag_hard_bound_outliers:122 -     OUTLIER → Ginger | 2008-11-03 | ₦110,116/MT | Below hard floor 2,000,000
2026-04-11 15:39:07.181 | WARNING  | __main__:flag_hard_bound_outliers:122 -     OUTLIER → Ginger | 2008-11-10 | ₦107,691/MT | Below hard floor 2,000,000
2026-04-11 15:39:07.181 | WARNING  | __main__:flag_hard_bound_outliers:122 -     OUTLIER → Ginger | 2008-11-17 | ₦110,706/MT | Below hard floor 2,000,000
2026-04-11 15:39:07.184 | WARNING  | __main__:flag_hard_bound_outliers:122 -     OUTLIER → Ginger | 2008-11-24 | ₦109,629/MT | Below hard floor 2,000,000
2026-04-11 15:39:07.185 | WARNING  | __main__:flag_hard_bound_outliers:122 -     OUTLIER → Ginger | 2008-12-01 | ₦120,198/MT | Below hard floor 2,000,000
2026-04-11 15:39:07.186 | WARNING  | __main__:flag_hard_bound_outliers:122 -     OUTLIER → Ginger | 2008-12-08 | ₦123,229/MT | Below hard floor 2,000,000
2026-04-11 15:39:07.187 | WARNING  | __main__:flag_hard_bound_outliers:122 -     OUTLIER → Ginger | 2008-12-15 | ₦123,750/MT | Below hard floor 2,000,000
2026-04-11 15:39:07.188 | WARNING  | __main__:flag_hard_bound_outliers:122 -     OUTLIER → Ginger | 2008-12-22 | ₦119,074/MT | Below hard floor 2,000,000
2026-04-11 15:39:07.189 | WARNING  | __main__:flag_hard_bound_outliers:122 -     OUTLIER → Ginger | 2008-12-29 | ₦118,910/MT | Below hard floor 2,000,000
2026-04-11 15:39:07.192 | WARNING  | __main__:flag_hard_bound_outliers:122 -     OUTLIER → Ginger | 2009-01-05 | ₦154,713/MT | Below hard floor 2,000,000
2026-04-11 15:39:07.193 | WARNING  | __main__:flag_hard_bound_outliers:122 -     OUTLIER → Ginger | 2009-01-12 | ₦145,227/MT | Below hard floor 2,000,000
2026-04-11 15:39:07.194 | WARNING  | __main__:flag_hard_bound_outliers:122 -     OUTLIER → Ginger | 2009-01-19 | ₦148,909/MT | Below hard floor 2,000,000
2026-04-11 15:39:07.196 | WARNING  | __main__:flag_hard_bound_outliers:122 -     OUTLIER → Ginger | 2009-01-26 | ₦162,397/MT | Below hard floor 2,000,000
2026-04-11 15:39:07.197 | WARNING  | __main__:flag_hard_bound_outliers:122 -     OUTLIER → Ginger | 2009-02-02 | ₦156,878/MT | Below hard floor 2,000,000
2026-04-11 15:39:07.198 | WARNING  | __main__:flag_hard_bound_outliers:122 -     OUTLIER → Ginger | 2009-02-09 | ₦148,383/MT | Below hard floor 2,000,000
2026-04-11 15:39:07.198 | WARNING  | __main__:flag_hard_bound_outliers:122 -     OUTLIER → Ginger | 2009-02-16 | ₦152,086/MT | Below hard floor 2,000,000
2026-04-11 15:39:07.198 | WARNING  | __main__:flag_hard_bound_outliers:122 -     OUTLIER → Ginger | 2009-02-23 | ₦150,896/MT | Below hard floor 2,000,000
2026-04-11 15:39:07.198 | WARNING  | __main__:flag_hard_bound_outliers:122 -     OUTLIER → Ginger | 2009-03-02 | ₦156,208/MT | Below hard floor 2,000,000
2026-04-11 15:39:07.198 | WARNING  | __main__:flag_hard_bound_outliers:122 -     OUTLIER → Ginger | 2009-03-09 | ₦147,803/MT | Below hard floor 2,000,000
2026-04-11 15:39:07.202 | WARNING  | __main__:flag_hard_bound_outliers:122 -     OUTLIER → Ginger | 2009-03-16 | ₦142,451/MT | Below hard floor 2,000,000
2026-04-11 15:39:07.204 | WARNING  | __main__:flag_hard_bound_outliers:122 -     OUTLIER → Ginger | 2009-03-23 | ₦138,901/MT | Below hard floor 2,000,000
2026-04-11 15:39:07.205 | WARNING  | __main__:flag_hard_bound_outliers:122 -     OUTLIER → Ginger | 2009-03-30 | ₦136,108/MT | Below hard floor 2,000,000
2026-04-11 15:39:07.206 | WARNING  | __main__:flag_hard_bound_outliers:122 -     OUTLIER → Ginger | 2009-04-06 | ₦130,794/MT | Below hard floor 2,000,000
2026-04-11 15:39:07.207 | WARNING  | __main__:flag_hard_bound_outliers:122 -     OUTLIER → Ginger | 2009-04-13 | ₦127,050/MT | Below hard floor 2,000,000
2026-04-11 15:39:07.209 | WARNING  | __main__:flag_hard_bound_outliers:122 -     OUTLIER → Ginger | 2009-04-20 | ₦124,453/MT | Below hard floor 2,000,000
2026-04-11 15:39:07.210 | WARNING  | __main__:flag_hard_bound_outliers:122 -     OUTLIER → Ginger | 2009-04-27 | ₦127,478/MT | Below hard floor 2,000,000
2026-04-11 15:39:07.211 | WARNING  | __main__:flag_hard_bound_outliers:122 -     OUTLIER → Ginger | 2009-05-04 | ₦119,493/MT | Below hard floor 2,000,000
2026-04-11 15:39:07.212 | WARNING  | __main__:flag_hard_bound_outliers:122 -     OUTLIER → Ginger | 2009-05-11 | ₦129,751/MT | Below hard floor 2,000,000
2026-04-11 15:39:07.212 | WARNING  | __main__:flag_hard_bound_outliers:122 -     OUTLIER → Ginger | 2009-05-18 | ₦126,766/MT | Below hard floor 2,000,000
2026-04-11 15:39:07.214 | WARNING  | __main__:flag_hard_bound_outliers:122 -     OUTLIER → Ginger | 2009-05-25 | ₦123,470/MT | Below hard floor 2,000,000
2026-04-11 15:39:07.215 | WARNING  | __main__:flag_hard_bound_outliers:122 -     OUTLIER → Ginger | 2009-06-01 | ₦128,983/MT | Below hard floor 2,000,000
2026-04-11 15:39:07.216 | WARNING  | __main__:flag_hard_bound_outliers:122 -     OUTLIER → Ginger | 2009-06-08 | ₦123,787/MT | Below hard floor 2,000,000
2026-04-11 15:39:07.217 | WARNING  | __main__:flag_hard_bound_outliers:122 -     OUTLIER → Ginger | 2009-06-15 | ₦120,309/MT | Below hard floor 2,000,000
2026-04-11 15:39:07.218 | WARNING  | __main__:flag_hard_bound_outliers:122 -     OUTLIER → Ginger | 2009-06-22 | ₦129,143/MT | Below hard floor 2,000,000
2026-04-11 15:39:07.219 | WARNING  | __main__:flag_hard_bound_outliers:122 -     OUTLIER → Ginger | 2009-06-29 | ₦125,497/MT | Below hard floor 2,000,000
2026-04-11 15:39:07.221 | WARNING  | __main__:flag_hard_bound_outliers:122 -     OUTLIER → Ginger | 2009-07-06 | ₦113,359/MT | Below hard floor 2,000,000
2026-04-11 15:39:07.222 | WARNING  | __main__:flag_hard_bound_outliers:122 -     OUTLIER → Ginger | 2009-07-13 | ₦116,332/MT | Below hard floor 2,000,000
2026-04-11 15:39:07.223 | WARNING  | __main__:flag_hard_bound_outliers:122 -     OUTLIER → Ginger | 2009-07-20 | ₦113,927/MT | Below hard floor 2,000,000
2026-04-11 15:39:07.225 | WARNING  | __main__:flag_hard_bound_outliers:122 -     OUTLIER → Ginger | 2009-07-27 | ₦112,146/MT | Below hard floor 2,000,000
2026-04-11 15:39:07.227 | WARNING  | __main__:flag_hard_bound_outliers:122 -     OUTLIER → Ginger | 2009-08-03 | ₦117,579/MT | Below hard floor 2,000,000
2026-04-11 15:39:07.228 | WARNING  | __main__:flag_hard_bound_outliers:122 -     OUTLIER → Ginger | 2009-08-10 | ₦120,953/MT | Below hard floor 2,000,000
2026-04-11 15:39:07.229 | WARNING  | __main__:flag_hard_bound_outliers:122 -     OUTLIER → Ginger | 2009-08-17 | ₦109,600/MT | Below hard floor 2,000,000
2026-04-11 15:39:07.230 | WARNING  | __main__:flag_hard_bound_outliers:122 -     OUTLIER → Ginger | 2009-08-24 | ₦116,332/MT | Below hard floor 2,000,000
2026-04-11 15:39:07.230 | WARNING  | __main__:flag_hard_bound_outliers:122 -     OUTLIER → Ginger | 2009-08-31 | ₦112,167/MT | Below hard floor 2,000,000
2026-04-11 15:39:07.230 | WARNING  | __main__:flag_hard_bound_outliers:122 -     OUTLIER → Ginger | 2009-09-07 | ₦115,290/MT | Below hard floor 2,000,000
2026-04-11 15:39:07.230 | WARNING  | __main__:flag_hard_bound_outliers:122 -     OUTLIER → Ginger | 2009-09-14 | ₦114,921/MT | Below hard floor 2,000,000
2026-04-11 15:39:07.230 | WARNING  | __main__:flag_hard_bound_outliers:122 -     OUTLIER → Ginger | 2009-09-21 | ₦113,967/MT | Below hard floor 2,000,000
2026-04-11 15:39:07.234 | WARNING  | __main__:flag_hard_bound_outliers:122 -     OUTLIER → Ginger | 2009-09-28 | ₦117,170/MT | Below hard floor 2,000,000
2026-04-11 15:39:07.235 | WARNING  | __main__:flag_hard_bound_outliers:122 -     OUTLIER → Ginger | 2009-10-05 | ₦116,619/MT | Below hard floor 2,000,000
2026-04-11 15:39:07.236 | WARNING  | __main__:flag_hard_bound_outliers:122 -     OUTLIER → Ginger | 2009-10-12 | ₦120,570/MT | Below hard floor 2,000,000
2026-04-11 15:39:07.237 | WARNING  | __main__:flag_hard_bound_outliers:122 -     OUTLIER → Ginger | 2009-10-19 | ₦119,420/MT | Below hard floor 2,000,000
2026-04-11 15:39:07.238 | WARNING  | __main__:flag_hard_bound_outliers:122 -     OUTLIER → Ginger | 2009-10-26 | ₦118,743/MT | Below hard floor 2,000,000
2026-04-11 15:39:07.239 | WARNING  | __main__:flag_hard_bound_outliers:122 -     OUTLIER → Ginger | 2009-11-02 | ₦126,460/MT | Below hard floor 2,000,000
2026-04-11 15:39:07.240 | WARNING  | __main__:flag_hard_bound_outliers:122 -     OUTLIER → Ginger | 2009-11-09 | ₦127,751/MT | Below hard floor 2,000,000
2026-04-11 15:39:07.241 | WARNING  | __main__:flag_hard_bound_outliers:122 -     OUTLIER → Ginger | 2009-11-16 | ₦132,946/MT | Below hard floor 2,000,000
2026-04-11 15:39:07.243 | WARNING  | __main__:flag_hard_bound_outliers:122 -     OUTLIER → Ginger | 2009-11-23 | ₦131,954/MT | Below hard floor 2,000,000
2026-04-11 15:39:07.244 | WARNING  | __main__:flag_hard_bound_outliers:122 -     OUTLIER → Ginger | 2009-11-30 | ₦126,188/MT | Below hard floor 2,000,000
2026-04-11 15:39:07.245 | WARNING  | __main__:flag_hard_bound_outliers:122 -     OUTLIER → Ginger | 2009-12-07 | ₦143,426/MT | Below hard floor 2,000,000
2026-04-11 15:39:07.245 | WARNING  | __main__:flag_hard_bound_outliers:122 -     OUTLIER → Ginger | 2009-12-14 | ₦146,223/MT | Below hard floor 2,000,000
2026-04-11 15:39:07.246 | WARNING  | __main__:flag_hard_bound_outliers:122 -     OUTLIER → Ginger | 2009-12-21 | ₦135,838/MT | Below hard floor 2,000,000
2026-04-11 15:39:07.246 | WARNING  | __main__:flag_hard_bound_outliers:122 -     OUTLIER → Ginger | 2009-12-28 | ₦145,331/MT | Below hard floor 2,000,000
2026-04-11 15:39:07.246 | WARNING  | __main__:flag_hard_bound_outliers:122 -     OUTLIER → Ginger | 2010-01-04 | ₦176,422/MT | Below hard floor 2,000,000
2026-04-11 15:39:07.246 | WARNING  | __main__:flag_hard_bound_outliers:122 -     OUTLIER → Ginger | 2010-01-11 | ₦183,081/MT | Below hard floor 2,000,000
2026-04-11 15:39:07.246 | WARNING  | __main__:flag_hard_bound_outliers:122 -     OUTLIER → Ginger | 2010-01-18 | ₦175,878/MT | Below hard floor 2,000,000
2026-04-11 15:39:07.252 | WARNING  | __main__:flag_hard_bound_outliers:122 -     OUTLIER → Ginger | 2010-01-25 | ₦170,254/MT | Below hard floor 2,000,000
2026-04-11 15:39:07.254 | WARNING  | __main__:flag_hard_bound_outliers:122 -     OUTLIER → Ginger | 2010-02-01 | ₦164,077/MT | Below hard floor 2,000,000
2026-04-11 15:39:07.255 | WARNING  | __main__:flag_hard_bound_outliers:122 -     OUTLIER → Ginger | 2010-02-08 | ₦172,749/MT | Below hard floor 2,000,000
2026-04-11 15:39:07.256 | WARNING  | __main__:flag_hard_bound_outliers:122 -     OUTLIER → Ginger | 2010-02-15 | ₦173,844/MT | Below hard floor 2,000,000
2026-04-11 15:39:07.258 | WARNING  | __main__:flag_hard_bound_outliers:122 -     OUTLIER → Ginger | 2010-02-22 | ₦167,820/MT | Below hard floor 2,000,000
2026-04-11 15:39:07.261 | WARNING  | __main__:flag_hard_bound_outliers:122 -     OUTLIER → Ginger | 2010-03-01 | ₦168,161/MT | Below hard floor 2,000,000
2026-04-11 15:39:07.262 | WARNING  | __main__:flag_hard_bound_outliers:122 -     OUTLIER → Ginger | 2010-03-08 | ₦156,775/MT | Below hard floor 2,000,000
2026-04-11 15:39:07.263 | WARNING  | __main__:flag_hard_bound_outliers:122 -     OUTLIER → Ginger | 2010-03-15 | ₦164,673/MT | Below hard floor 2,000,000
2026-04-11 15:39:07.265 | WARNING  | __main__:flag_hard_bound_outliers:122 -     OUTLIER → Ginger | 2010-03-22 | ₦159,005/MT | Below hard floor 2,000,000
2026-04-11 15:39:07.265 | WARNING  | __main__:flag_hard_bound_outliers:122 -     OUTLIER → Ginger | 2010-03-29 | ₦161,773/MT | Below hard floor 2,000,000
2026-04-11 15:39:07.266 | WARNING  | __main__:flag_hard_bound_outliers:122 -     OUTLIER → Ginger | 2010-04-05 | ₦150,213/MT | Below hard floor 2,000,000
2026-04-11 15:39:07.267 | WARNING  | __main__:flag_hard_bound_outliers:122 -     OUTLIER → Ginger | 2010-04-12 | ₦146,128/MT | Below hard floor 2,000,000
2026-04-11 15:39:07.269 | WARNING  | __main__:flag_hard_bound_outliers:122 -     OUTLIER → Ginger | 2010-04-19 | ₦148,270/MT | Below hard floor 2,000,000
2026-04-11 15:39:07.270 | WARNING  | __main__:flag_hard_bound_outliers:122 -     OUTLIER → Ginger | 2010-04-26 | ₦154,528/MT | Below hard floor 2,000,000
2026-04-11 15:39:07.271 | WARNING  | __main__:flag_hard_bound_outliers:122 -     OUTLIER → Ginger | 2010-05-03 | ₦140,034/MT | Below hard floor 2,000,000
2026-04-11 15:39:07.273 | WARNING  | __main__:flag_hard_bound_outliers:122 -     OUTLIER → Ginger | 2010-05-10 | ₦146,073/MT | Below hard floor 2,000,000
2026-04-11 15:39:07.274 | WARNING  | __main__:flag_hard_bound_outliers:122 -     OUTLIER → Ginger | 2010-05-17 | ₦137,670/MT | Below hard floor 2,000,000
2026-04-11 15:39:07.275 | WARNING  | __main__:flag_hard_bound_outliers:122 -     OUTLIER → Ginger | 2010-05-24 | ₦144,765/MT | Below hard floor 2,000,000
2026-04-11 15:39:07.277 | WARNING  | __main__:flag_hard_bound_outliers:122 -     OUTLIER → Ginger | 2010-05-31 | ₦148,663/MT | Below hard floor 2,000,000
2026-04-11 15:39:07.277 | WARNING  | __main__:flag_hard_bound_outliers:122 -     OUTLIER → Ginger | 2010-06-07 | ₦131,934/MT | Below hard floor 2,000,000
2026-04-11 15:39:07.278 | WARNING  | __main__:flag_hard_bound_outliers:122 -     OUTLIER → Ginger | 2010-06-14 | ₦139,093/MT | Below hard floor 2,000,000
2026-04-11 15:39:07.279 | WARNING  | __main__:flag_hard_bound_outliers:122 -     OUTLIER → Ginger | 2010-06-21 | ₦144,967/MT | Below hard floor 2,000,000
2026-04-11 15:39:07.280 | WARNING  | __main__:flag_hard_bound_outliers:122 -     OUTLIER → Ginger | 2010-06-28 | ₦141,632/MT | Below hard floor 2,000,000
2026-04-11 15:39:07.280 | WARNING  | __main__:flag_hard_bound_outliers:122 -     OUTLIER → Ginger | 2010-07-05 | ₦136,503/MT | Below hard floor 2,000,000
2026-04-11 15:39:07.280 | WARNING  | __main__:flag_hard_bound_outliers:122 -     OUTLIER → Ginger | 2010-07-12 | ₦132,554/MT | Below hard floor 2,000,000
2026-04-11 15:39:07.280 | WARNING  | __main__:flag_hard_bound_outliers:122 -     OUTLIER → Ginger | 2010-07-19 | ₦135,351/MT | Below hard floor 2,000,000
2026-04-11 15:39:07.280 | WARNING  | __main__:flag_hard_bound_outliers:122 -     OUTLIER → Ginger | 2010-07-26 | ₦134,370/MT | Below hard floor 2,000,000
2026-04-11 15:39:07.286 | WARNING  | __main__:flag_hard_bound_outliers:122 -     OUTLIER → Ginger | 2010-08-02 | ₦136,624/MT | Below hard floor 2,000,000
2026-04-11 15:39:07.289 | WARNING  | __main__:flag_hard_bound_outliers:122 -     OUTLIER → Ginger | 2010-08-09 | ₦133,008/MT | Below hard floor 2,000,000
2026-04-11 15:39:07.290 | WARNING  | __main__:flag_hard_bound_outliers:122 -     OUTLIER → Ginger | 2010-08-16 | ₦133,337/MT | Below hard floor 2,000,000
2026-04-11 15:39:07.292 | WARNING  | __main__:flag_hard_bound_outliers:122 -     OUTLIER → Ginger | 2010-08-23 | ₦130,369/MT | Below hard floor 2,000,000
2026-04-11 15:39:07.292 | WARNING  | __main__:flag_hard_bound_outliers:122 -     OUTLIER → Ginger | 2010-08-30 | ₦130,069/MT | Below hard floor 2,000,000
2026-04-11 15:39:07.292 | WARNING  | __main__:flag_hard_bound_outliers:122 -     OUTLIER → Ginger | 2010-09-06 | ₦133,248/MT | Below hard floor 2,000,000
2026-04-11 15:39:07.292 | WARNING  | __main__:flag_hard_bound_outliers:122 -     OUTLIER → Ginger | 2010-09-13 | ₦136,598/MT | Below hard floor 2,000,000
2026-04-11 15:39:07.298 | WARNING  | __main__:flag_hard_bound_outliers:122 -     OUTLIER → Ginger | 2010-09-20 | ₦133,295/MT | Below hard floor 2,000,000
2026-04-11 15:39:07.299 | WARNING  | __main__:flag_hard_bound_outliers:122 -     OUTLIER → Ginger | 2010-09-27 | ₦136,174/MT | Below hard floor 2,000,000
2026-04-11 15:39:07.300 | WARNING  | __main__:flag_hard_bound_outliers:122 -     OUTLIER → Ginger | 2010-10-04 | ₦146,592/MT | Below hard floor 2,000,000
2026-04-11 15:39:07.301 | WARNING  | __main__:flag_hard_bound_outliers:122 -     OUTLIER → Ginger | 2010-10-11 | ₦141,606/MT | Below hard floor 2,000,000
2026-04-11 15:39:07.304 | WARNING  | __main__:flag_hard_bound_outliers:122 -     OUTLIER → Ginger | 2010-10-18 | ₦136,650/MT | Below hard floor 2,000,000
2026-04-11 15:39:07.305 | WARNING  | __main__:flag_hard_bound_outliers:122 -     OUTLIER → Ginger | 2010-10-25 | ₦142,973/MT | Below hard floor 2,000,000
2026-04-11 15:39:07.307 | WARNING  | __main__:flag_hard_bound_outliers:122 -     OUTLIER → Ginger | 2010-11-01 | ₦148,164/MT | Below hard floor 2,000,000
2026-04-11 15:39:07.310 | WARNING  | __main__:flag_hard_bound_outliers:122 -     OUTLIER → Ginger | 2010-11-08 | ₦140,828/MT | Below hard floor 2,000,000
2026-04-11 15:39:07.311 | WARNING  | __main__:flag_hard_bound_outliers:122 -     OUTLIER → Ginger | 2010-11-15 | ₦145,464/MT | Below hard floor 2,000,000
2026-04-11 15:39:07.313 | WARNING  | __main__:flag_hard_bound_outliers:122 -     OUTLIER → Ginger | 2010-11-22 | ₦141,581/MT | Below hard floor 2,000,000
2026-04-11 15:39:07.314 | WARNING  | __main__:flag_hard_bound_outliers:122 -     OUTLIER → Ginger | 2010-11-29 | ₦148,418/MT | Below hard floor 2,000,000
2026-04-11 15:39:07.314 | WARNING  | __main__:flag_hard_bound_outliers:122 -     OUTLIER → Ginger | 2010-12-06 | ₦165,091/MT | Below hard floor 2,000,000
2026-04-11 15:39:07.314 | WARNING  | __main__:flag_hard_bound_outliers:122 -     OUTLIER → Ginger | 2010-12-13 | ₦173,298/MT | Below hard floor 2,000,000
2026-04-11 15:39:07.317 | WARNING  | __main__:flag_hard_bound_outliers:122 -     OUTLIER → Ginger | 2010-12-20 | ₦166,618/MT | Below hard floor 2,000,000
2026-04-11 15:39:07.319 | WARNING  | __main__:flag_hard_bound_outliers:122 -     OUTLIER → Ginger | 2010-12-27 | ₦163,915/MT | Below hard floor 2,000,000
2026-04-11 15:39:07.321 | WARNING  | __main__:flag_hard_bound_outliers:122 -     OUTLIER → Ginger | 2011-01-03 | ₦221,375/MT | Below hard floor 2,000,000
2026-04-11 15:39:07.323 | WARNING  | __main__:flag_hard_bound_outliers:122 -     OUTLIER → Ginger | 2011-01-10 | ₦201,672/MT | Below hard floor 2,000,000
2026-04-11 15:39:07.326 | WARNING  | __main__:flag_hard_bound_outliers:122 -     OUTLIER → Ginger | 2011-01-17 | ₦217,527/MT | Below hard floor 2,000,000
2026-04-11 15:39:07.330 | WARNING  | __main__:flag_hard_bound_outliers:122 -     OUTLIER → Ginger | 2011-01-24 | ₦220,995/MT | Below hard floor 2,000,000
2026-04-11 15:39:07.332 | WARNING  | __main__:flag_hard_bound_outliers:122 -     OUTLIER → Ginger | 2011-01-31 | ₦206,419/MT | Below hard floor 2,000,000
2026-04-11 15:39:07.334 | WARNING  | __main__:flag_hard_bound_outliers:122 -     OUTLIER → Ginger | 2011-02-07 | ₦214,103/MT | Below hard floor 2,000,000
2026-04-11 15:39:07.338 | WARNING  | __main__:flag_hard_bound_outliers:122 -     OUTLIER → Ginger | 2011-02-14 | ₦209,102/MT | Below hard floor 2,000,000
2026-04-11 15:39:07.340 | WARNING  | __main__:flag_hard_bound_outliers:122 -     OUTLIER → Ginger | 2011-02-21 | ₦204,421/MT | Below hard floor 2,000,000
2026-04-11 15:39:07.341 | WARNING  | __main__:flag_hard_bound_outliers:122 -     OUTLIER → Ginger | 2011-02-28 | ₦210,930/MT | Below hard floor 2,000,000
2026-04-11 15:39:07.343 | WARNING  | __main__:flag_hard_bound_outliers:122 -     OUTLIER → Ginger | 2011-03-07 | ₦211,488/MT | Below hard floor 2,000,000
2026-04-11 15:39:07.345 | WARNING  | __main__:flag_hard_bound_outliers:122 -     OUTLIER → Ginger | 2011-03-14 | ₦199,080/MT | Below hard floor 2,000,000
2026-04-11 15:39:07.346 | WARNING  | __main__:flag_hard_bound_outliers:122 -     OUTLIER → Ginger | 2011-03-21 | ₦199,474/MT | Below hard floor 2,000,000
2026-04-11 15:39:07.347 | WARNING  | __main__:flag_hard_bound_outliers:122 -     OUTLIER → Ginger | 2011-03-28 | ₦195,271/MT | Below hard floor 2,000,000
2026-04-11 15:39:07.348 | WARNING  | __main__:flag_hard_bound_outliers:122 -     OUTLIER → Ginger | 2011-04-04 | ₦175,411/MT | Below hard floor 2,000,000
2026-04-11 15:39:07.348 | WARNING  | __main__:flag_hard_bound_outliers:122 -     OUTLIER → Ginger | 2011-04-11 | ₦184,484/MT | Below hard floor 2,000,000
2026-04-11 15:39:07.348 | WARNING  | __main__:flag_hard_bound_outliers:122 -     OUTLIER → Ginger | 2011-04-18 | ₦175,377/MT | Below hard floor 2,000,000
2026-04-11 15:39:07.354 | WARNING  | __main__:flag_hard_bound_outliers:122 -     OUTLIER → Ginger | 2011-04-25 | ₦180,386/MT | Below hard floor 2,000,000
2026-04-11 15:39:07.356 | WARNING  | __main__:flag_hard_bound_outliers:122 -     OUTLIER → Ginger | 2011-05-02 | ₦168,550/MT | Below hard floor 2,000,000
2026-04-11 15:39:07.357 | WARNING  | __main__:flag_hard_bound_outliers:122 -     OUTLIER → Ginger | 2011-05-09 | ₦173,457/MT | Below hard floor 2,000,000
2026-04-11 15:39:07.358 | WARNING  | __main__:flag_hard_bound_outliers:122 -     OUTLIER → Ginger | 2011-05-16 | ₦172,712/MT | Below hard floor 2,000,000
2026-04-11 15:39:07.361 | WARNING  | __main__:flag_hard_bound_outliers:122 -     OUTLIER → Ginger | 2011-05-23 | ₦176,323/MT | Below hard floor 2,000,000
2026-04-11 15:39:07.363 | WARNING  | __main__:flag_hard_bound_outliers:122 -     OUTLIER → Ginger | 2011-05-30 | ₦168,384/MT | Below hard floor 2,000,000
2026-04-11 15:39:07.364 | WARNING  | __main__:flag_hard_bound_outliers:122 -     OUTLIER → Ginger | 2011-06-06 | ₦169,616/MT | Below hard floor 2,000,000
2026-04-11 15:39:07.364 | WARNING  | __main__:flag_hard_bound_outliers:122 -     OUTLIER → Ginger | 2011-06-13 | ₦165,979/MT | Below hard floor 2,000,000
2026-04-11 15:39:07.364 | WARNING  | __main__:flag_hard_bound_outliers:122 -     OUTLIER → Ginger | 2011-06-20 | ₦168,721/MT | Below hard floor 2,000,000
2026-04-11 15:39:07.364 | WARNING  | __main__:flag_hard_bound_outliers:122 -     OUTLIER → Ginger | 2011-06-27 | ₦172,936/MT | Below hard floor 2,000,000
2026-04-11 15:39:07.371 | WARNING  | __main__:flag_hard_bound_outliers:122 -     OUTLIER → Ginger | 2011-07-04 | ₦165,679/MT | Below hard floor 2,000,000
2026-04-11 15:39:07.373 | WARNING  | __main__:flag_hard_bound_outliers:122 -     OUTLIER → Ginger | 2011-07-11 | ₦157,518/MT | Below hard floor 2,000,000
2026-04-11 15:39:07.374 | WARNING  | __main__:flag_hard_bound_outliers:122 -     OUTLIER → Ginger | 2011-07-18 | ₦166,226/MT | Below hard floor 2,000,000
2026-04-11 15:39:07.378 | WARNING  | __main__:flag_hard_bound_outliers:122 -     OUTLIER → Ginger | 2011-07-25 | ₦168,588/MT | Below hard floor 2,000,000
2026-04-11 15:39:07.379 | WARNING  | __main__:flag_hard_bound_outliers:122 -     OUTLIER → Ginger | 2011-08-01 | ₦160,365/MT | Below hard floor 2,000,000
2026-04-11 15:39:07.380 | WARNING  | __main__:flag_hard_bound_outliers:122 -     OUTLIER → Ginger | 2011-08-08 | ₦167,319/MT | Below hard floor 2,000,000
2026-04-11 15:39:07.381 | WARNING  | __main__:flag_hard_bound_outliers:122 -     OUTLIER → Ginger | 2011-08-15 | ₦154,723/MT | Below hard floor 2,000,000
2026-04-11 15:39:07.383 | WARNING  | __main__:flag_hard_bound_outliers:122 -     OUTLIER → Ginger | 2011-08-22 | ₦152,485/MT | Below hard floor 2,000,000
2026-04-11 15:39:07.384 | WARNING  | __main__:flag_hard_bound_outliers:122 -     OUTLIER → Ginger | 2011-08-29 | ₦149,948/MT | Below hard floor 2,000,000
2026-04-11 15:39:07.387 | WARNING  | __main__:flag_hard_bound_outliers:122 -     OUTLIER → Ginger | 2011-09-05 | ₦169,271/MT | Below hard floor 2,000,000
2026-04-11 15:39:07.389 | WARNING  | __main__:flag_hard_bound_outliers:122 -     OUTLIER → Ginger | 2011-09-12 | ₦165,180/MT | Below hard floor 2,000,000
2026-04-11 15:39:07.390 | WARNING  | __main__:flag_hard_bound_outliers:122 -     OUTLIER → Ginger | 2011-09-19 | ₦161,730/MT | Below hard floor 2,000,000
2026-04-11 15:39:07.392 | WARNING  | __main__:flag_hard_bound_outliers:122 -     OUTLIER → Ginger | 2011-09-26 | ₦163,361/MT | Below hard floor 2,000,000
2026-04-11 15:39:07.393 | WARNING  | __main__:flag_hard_bound_outliers:122 -     OUTLIER → Ginger | 2011-10-03 | ₦160,009/MT | Below hard floor 2,000,000
2026-04-11 15:39:07.395 | WARNING  | __main__:flag_hard_bound_outliers:122 -     OUTLIER → Ginger | 2011-10-10 | ₦177,750/MT | Below hard floor 2,000,000
2026-04-11 15:39:07.396 | WARNING  | __main__:flag_hard_bound_outliers:122 -     OUTLIER → Ginger | 2011-10-17 | ₦166,242/MT | Below hard floor 2,000,000
2026-04-11 15:39:07.397 | WARNING  | __main__:flag_hard_bound_outliers:122 -     OUTLIER → Ginger | 2011-10-24 | ₦166,143/MT | Below hard floor 2,000,000
2026-04-11 15:39:07.398 | WARNING  | __main__:flag_hard_bound_outliers:122 -     OUTLIER → Ginger | 2011-10-31 | ₦169,206/MT | Below hard floor 2,000,000
2026-04-11 15:39:07.398 | WARNING  | __main__:flag_hard_bound_outliers:122 -     OUTLIER → Ginger | 2011-11-07 | ₦182,597/MT | Below hard floor 2,000,000
2026-04-11 15:39:07.398 | WARNING  | __main__:flag_hard_bound_outliers:122 -     OUTLIER → Ginger | 2011-11-14 | ₦181,209/MT | Below hard floor 2,000,000
2026-04-11 15:39:07.401 | WARNING  | __main__:flag_hard_bound_outliers:122 -     OUTLIER → Ginger | 2011-11-21 | ₦175,731/MT | Below hard floor 2,000,000
2026-04-11 15:39:07.402 | WARNING  | __main__:flag_hard_bound_outliers:122 -     OUTLIER → Ginger | 2011-11-28 | ₦182,546/MT | Below hard floor 2,000,000
2026-04-11 15:39:07.404 | WARNING  | __main__:flag_hard_bound_outliers:122 -     OUTLIER → Ginger | 2011-12-05 | ₦209,179/MT | Below hard floor 2,000,000
2026-04-11 15:39:07.405 | WARNING  | __main__:flag_hard_bound_outliers:122 -     OUTLIER → Ginger | 2011-12-12 | ₦205,992/MT | Below hard floor 2,000,000
2026-04-11 15:39:07.406 | WARNING  | __main__:flag_hard_bound_outliers:122 -     OUTLIER → Ginger | 2011-12-19 | ₦207,464/MT | Below hard floor 2,000,000
2026-04-11 15:39:07.407 | WARNING  | __main__:flag_hard_bound_outliers:122 -     OUTLIER → Ginger | 2011-12-26 | ₦194,963/MT | Below hard floor 2,000,000
2026-04-11 15:39:07.409 | WARNING  | __main__:flag_hard_bound_outliers:122 -     OUTLIER → Ginger | 2012-01-02 | ₦232,875/MT | Below hard floor 2,000,000
2026-04-11 15:39:07.410 | WARNING  | __main__:flag_hard_bound_outliers:122 -     OUTLIER → Ginger | 2012-01-09 | ₦239,094/MT | Below hard floor 2,000,000
2026-04-11 15:39:07.411 | WARNING  | __main__:flag_hard_bound_outliers:122 -     OUTLIER → Ginger | 2012-01-16 | ₦240,401/MT | Below hard floor 2,000,000
2026-04-11 15:39:07.412 | WARNING  | __main__:flag_hard_bound_outliers:122 -     OUTLIER → Ginger | 2012-01-23 | ₦247,878/MT | Below hard floor 2,000,000
2026-04-11 15:39:07.413 | WARNING  | __main__:flag_hard_bound_outliers:122 -     OUTLIER → Ginger | 2012-01-30 | ₦227,814/MT | Below hard floor 2,000,000
2026-04-11 15:39:07.414 | WARNING  | __main__:flag_hard_bound_outliers:122 -     OUTLIER → Ginger | 2012-02-06 | ₦240,554/MT | Below hard floor 2,000,000
2026-04-11 15:39:07.415 | WARNING  | __main__:flag_hard_bound_outliers:122 -     OUTLIER → Ginger | 2012-02-13 | ₦228,910/MT | Below hard floor 2,000,000
2026-04-11 15:39:07.416 | WARNING  | __main__:flag_hard_bound_outliers:122 -     OUTLIER → Ginger | 2012-02-20 | ₦227,055/MT | Below hard floor 2,000,000
2026-04-11 15:39:07.417 | WARNING  | __main__:flag_hard_bound_outliers:122 -     OUTLIER → Ginger | 2012-02-27 | ₦223,016/MT | Below hard floor 2,000,000
2026-04-11 15:39:07.418 | WARNING  | __main__:flag_hard_bound_outliers:122 -     OUTLIER → Ginger | 2012-03-05 | ₦209,078/MT | Below hard floor 2,000,000
2026-04-11 15:39:07.419 | WARNING  | __main__:flag_hard_bound_outliers:122 -     OUTLIER → Ginger | 2012-03-12 | ₦225,433/MT | Below hard floor 2,000,000
2026-04-11 15:39:07.420 | WARNING  | __main__:flag_hard_bound_outliers:122 -     OUTLIER → Ginger | 2012-03-19 | ₦220,484/MT | Below hard floor 2,000,000
2026-04-11 15:39:07.421 | WARNING  | __main__:flag_hard_bound_outliers:122 -     OUTLIER → Ginger | 2012-03-26 | ₦211,486/MT | Below hard floor 2,000,000
2026-04-11 15:39:07.422 | WARNING  | __main__:flag_hard_bound_outliers:122 -     OUTLIER → Ginger | 2012-04-02 | ₦192,230/MT | Below hard floor 2,000,000
2026-04-11 15:39:07.425 | WARNING  | __main__:flag_hard_bound_outliers:122 -     OUTLIER → Ginger | 2012-04-09 | ₦197,985/MT | Below hard floor 2,000,000
2026-04-11 15:39:07.426 | WARNING  | __main__:flag_hard_bound_outliers:122 -     OUTLIER → Ginger | 2012-04-16 | ₦210,014/MT | Below hard floor 2,000,000
2026-04-11 15:39:07.428 | WARNING  | __main__:flag_hard_bound_outliers:122 -     OUTLIER → Ginger | 2012-04-23 | ₦198,442/MT | Below hard floor 2,000,000
2026-04-11 15:39:07.428 | WARNING  | __main__:flag_hard_bound_outliers:122 -     OUTLIER → Ginger | 2012-04-30 | ₦190,981/MT | Below hard floor 2,000,000
2026-04-11 15:39:07.429 | WARNING  | __main__:flag_hard_bound_outliers:122 -     OUTLIER → Ginger | 2012-05-07 | ₦188,599/MT | Below hard floor 2,000,000
2026-04-11 15:39:07.430 | WARNING  | __main__:flag_hard_bound_outliers:122 -     OUTLIER → Ginger | 2012-05-14 | ₦188,445/MT | Below hard floor 2,000,000
2026-04-11 15:39:07.430 | WARNING  | __main__:flag_hard_bound_outliers:122 -     OUTLIER → Ginger | 2012-05-21 | ₦174,628/MT | Below hard floor 2,000,000
2026-04-11 15:39:07.430 | WARNING  | __main__:flag_hard_bound_outliers:122 -     OUTLIER → Ginger | 2012-05-28 | ₦189,691/MT | Below hard floor 2,000,000
2026-04-11 15:39:07.433 | WARNING  | __main__:flag_hard_bound_outliers:122 -     OUTLIER → Ginger | 2012-06-04 | ₦188,684/MT | Below hard floor 2,000,000
2026-04-11 15:39:07.434 | WARNING  | __main__:flag_hard_bound_outliers:122 -     OUTLIER → Ginger | 2012-06-11 | ₦193,968/MT | Below hard floor 2,000,000
2026-04-11 15:39:07.438 | WARNING  | __main__:flag_hard_bound_outliers:122 -     OUTLIER → Ginger | 2012-06-18 | ₦200,539/MT | Below hard floor 2,000,000
2026-04-11 15:39:07.439 | WARNING  | __main__:flag_hard_bound_outliers:122 -     OUTLIER → Ginger | 2012-06-25 | ₦196,421/MT | Below hard floor 2,000,000
2026-04-11 15:39:07.440 | WARNING  | __main__:flag_hard_bound_outliers:122 -     OUTLIER → Ginger | 2012-07-02 | ₦178,548/MT | Below hard floor 2,000,000
2026-04-11 15:39:07.443 | WARNING  | __main__:flag_hard_bound_outliers:122 -     OUTLIER → Ginger | 2012-07-09 | ₦174,025/MT | Below hard floor 2,000,000
2026-04-11 15:39:07.444 | WARNING  | __main__:flag_hard_bound_outliers:122 -     OUTLIER → Ginger | 2012-07-16 | ₦193,896/MT | Below hard floor 2,000,000
2026-04-11 15:39:07.445 | WARNING  | __main__:flag_hard_bound_outliers:122 -     OUTLIER → Ginger | 2012-07-23 | ₦180,320/MT | Below hard floor 2,000,000
2026-04-11 15:39:07.446 | WARNING  | __main__:flag_hard_bound_outliers:122 -     OUTLIER → Ginger | 2012-07-30 | ₦180,075/MT | Below hard floor 2,000,000
2026-04-11 15:39:07.446 | WARNING  | __main__:flag_hard_bound_outliers:122 -     OUTLIER → Ginger | 2012-08-06 | ₦175,873/MT | Below hard floor 2,000,000
2026-04-11 15:39:07.446 | WARNING  | __main__:flag_hard_bound_outliers:122 -     OUTLIER → Ginger | 2012-08-13 | ₦177,046/MT | Below hard floor 2,000,000
2026-04-11 15:39:07.446 | WARNING  | __main__:flag_hard_bound_outliers:122 -     OUTLIER → Ginger | 2012-08-20 | ₦175,238/MT | Below hard floor 2,000,000
2026-04-11 15:39:07.446 | WARNING  | __main__:flag_hard_bound_outliers:122 -     OUTLIER → Ginger | 2012-08-27 | ₦172,971/MT | Below hard floor 2,000,000
2026-04-11 15:39:07.446 | WARNING  | __main__:flag_hard_bound_outliers:122 -     OUTLIER → Ginger | 2012-09-03 | ₦177,047/MT | Below hard floor 2,000,000
2026-04-11 15:39:07.446 | WARNING  | __main__:flag_hard_bound_outliers:122 -     OUTLIER → Ginger | 2012-09-10 | ₦179,823/MT | Below hard floor 2,000,000
2026-04-11 15:39:07.452 | WARNING  | __main__:flag_hard_bound_outliers:122 -     OUTLIER → Ginger | 2012-09-17 | ₦177,066/MT | Below hard floor 2,000,000
2026-04-11 15:39:07.453 | WARNING  | __main__:flag_hard_bound_outliers:122 -     OUTLIER → Ginger | 2012-09-24 | ₦176,151/MT | Below hard floor 2,000,000
2026-04-11 15:39:07.454 | WARNING  | __main__:flag_hard_bound_outliers:122 -     OUTLIER → Ginger | 2012-10-01 | ₦184,587/MT | Below hard floor 2,000,000
2026-04-11 15:39:07.456 | WARNING  | __main__:flag_hard_bound_outliers:122 -     OUTLIER → Ginger | 2012-10-08 | ₦182,593/MT | Below hard floor 2,000,000
2026-04-11 15:39:07.457 | WARNING  | __main__:flag_hard_bound_outliers:122 -     OUTLIER → Ginger | 2012-10-15 | ₦192,302/MT | Below hard floor 2,000,000
2026-04-11 15:39:07.458 | WARNING  | __main__:flag_hard_bound_outliers:122 -     OUTLIER → Ginger | 2012-10-22 | ₦169,367/MT | Below hard floor 2,000,000
2026-04-11 15:39:07.458 | WARNING  | __main__:flag_hard_bound_outliers:122 -     OUTLIER → Ginger | 2012-10-29 | ₦190,025/MT | Below hard floor 2,000,000
2026-04-11 15:39:07.458 | WARNING  | __main__:flag_hard_bound_outliers:122 -     OUTLIER → Ginger | 2012-11-05 | ₦207,477/MT | Below hard floor 2,000,000
2026-04-11 15:39:07.458 | WARNING  | __main__:flag_hard_bound_outliers:122 -     OUTLIER → Ginger | 2012-11-12 | ₦187,560/MT | Below hard floor 2,000,000
2026-04-11 15:39:07.458 | WARNING  | __main__:flag_hard_bound_outliers:122 -     OUTLIER → Ginger | 2012-11-19 | ₦197,944/MT | Below hard floor 2,000,000
2026-04-11 15:39:07.463 | WARNING  | __main__:flag_hard_bound_outliers:122 -     OUTLIER → Ginger | 2012-11-26 | ₦197,771/MT | Below hard floor 2,000,000
2026-04-11 15:39:07.464 | WARNING  | __main__:flag_hard_bound_outliers:122 -     OUTLIER → Ginger | 2012-12-03 | ₦210,710/MT | Below hard floor 2,000,000
2026-04-11 15:39:07.465 | WARNING  | __main__:flag_hard_bound_outliers:122 -     OUTLIER → Ginger | 2012-12-10 | ₦214,866/MT | Below hard floor 2,000,000
2026-04-11 15:39:07.466 | WARNING  | __main__:flag_hard_bound_outliers:122 -     OUTLIER → Ginger | 2012-12-17 | ₦212,670/MT | Below hard floor 2,000,000
2026-04-11 15:39:07.467 | WARNING  | __main__:flag_hard_bound_outliers:122 -     OUTLIER → Ginger | 2012-12-24 | ₦231,565/MT | Below hard floor 2,000,000
2026-04-11 15:39:07.468 | WARNING  | __main__:flag_hard_bound_outliers:122 -     OUTLIER → Ginger | 2012-12-31 | ₦226,175/MT | Below hard floor 2,000,000
2026-04-11 15:39:07.470 | WARNING  | __main__:flag_hard_bound_outliers:122 -     OUTLIER → Ginger | 2013-01-07 | ₦274,071/MT | Below hard floor 2,000,000
2026-04-11 15:39:07.472 | WARNING  | __main__:flag_hard_bound_outliers:122 -     OUTLIER → Ginger | 2013-01-14 | ₦269,716/MT | Below hard floor 2,000,000
2026-04-11 15:39:07.473 | WARNING  | __main__:flag_hard_bound_outliers:122 -     OUTLIER → Ginger | 2013-01-21 | ₦255,058/MT | Below hard floor 2,000,000
2026-04-11 15:39:07.475 | WARNING  | __main__:flag_hard_bound_outliers:122 -     OUTLIER → Ginger | 2013-01-28 | ₦259,846/MT | Below hard floor 2,000,000
2026-04-11 15:39:07.475 | WARNING  | __main__:flag_hard_bound_outliers:122 -     OUTLIER → Ginger | 2013-02-04 | ₦256,714/MT | Below hard floor 2,000,000
2026-04-11 15:39:07.475 | WARNING  | __main__:flag_hard_bound_outliers:122 -     OUTLIER → Ginger | 2013-02-11 | ₦243,724/MT | Below hard floor 2,000,000
2026-04-11 15:39:07.475 | WARNING  | __main__:flag_hard_bound_outliers:122 -     OUTLIER → Ginger | 2013-02-18 | ₦258,412/MT | Below hard floor 2,000,000
2026-04-11 15:39:07.475 | WARNING  | __main__:flag_hard_bound_outliers:122 -     OUTLIER → Ginger | 2013-02-25 | ₦251,176/MT | Below hard floor 2,000,000
2026-04-11 15:39:07.481 | WARNING  | __main__:flag_hard_bound_outliers:122 -     OUTLIER → Ginger | 2013-03-04 | ₦239,279/MT | Below hard floor 2,000,000
2026-04-11 15:39:07.482 | WARNING  | __main__:flag_hard_bound_outliers:122 -     OUTLIER → Ginger | 2013-03-11 | ₦247,162/MT | Below hard floor 2,000,000
2026-04-11 15:39:07.483 | WARNING  | __main__:flag_hard_bound_outliers:122 -     OUTLIER → Ginger | 2013-03-18 | ₦245,225/MT | Below hard floor 2,000,000
2026-04-11 15:39:07.485 | WARNING  | __main__:flag_hard_bound_outliers:122 -     OUTLIER → Ginger | 2013-03-25 | ₦239,379/MT | Below hard floor 2,000,000
2026-04-11 15:39:07.489 | WARNING  | __main__:flag_hard_bound_outliers:122 -     OUTLIER → Ginger | 2013-04-01 | ₦227,652/MT | Below hard floor 2,000,000
2026-04-11 15:39:07.490 | WARNING  | __main__:flag_hard_bound_outliers:122 -     OUTLIER → Ginger | 2013-04-08 | ₦212,865/MT | Below hard floor 2,000,000
2026-04-11 15:39:07.492 | WARNING  | __main__:flag_hard_bound_outliers:122 -     OUTLIER → Ginger | 2013-04-15 | ₦224,065/MT | Below hard floor 2,000,000
2026-04-11 15:39:07.493 | WARNING  | __main__:flag_hard_bound_outliers:122 -     OUTLIER → Ginger | 2013-04-22 | ₦223,914/MT | Below hard floor 2,000,000
2026-04-11 15:39:07.495 | WARNING  | __main__:flag_hard_bound_outliers:122 -     OUTLIER → Ginger | 2013-04-29 | ₦217,957/MT | Below hard floor 2,000,000
2026-04-11 15:39:07.496 | WARNING  | __main__:flag_hard_bound_outliers:122 -     OUTLIER → Ginger | 2013-05-06 | ₦211,045/MT | Below hard floor 2,000,000
2026-04-11 15:39:07.497 | WARNING  | __main__:flag_hard_bound_outliers:122 -     OUTLIER → Ginger | 2013-05-13 | ₦201,156/MT | Below hard floor 2,000,000
2026-04-11 15:39:07.498 | WARNING  | __main__:flag_hard_bound_outliers:122 -     OUTLIER → Ginger | 2013-05-20 | ₦214,794/MT | Below hard floor 2,000,000
2026-04-11 15:39:07.498 | WARNING  | __main__:flag_hard_bound_outliers:122 -     OUTLIER → Ginger | 2013-05-27 | ₦207,841/MT | Below hard floor 2,000,000
2026-04-11 15:39:07.498 | WARNING  | __main__:flag_hard_bound_outliers:122 -     OUTLIER → Ginger | 2013-06-03 | ₦205,723/MT | Below hard floor 2,000,000
2026-04-11 15:39:07.498 | WARNING  | __main__:flag_hard_bound_outliers:122 -     OUTLIER → Ginger | 2013-06-10 | ₦215,577/MT | Below hard floor 2,000,000
2026-04-11 15:39:07.502 | WARNING  | __main__:flag_hard_bound_outliers:122 -     OUTLIER → Ginger | 2013-06-17 | ₦204,584/MT | Below hard floor 2,000,000
2026-04-11 15:39:07.503 | WARNING  | __main__:flag_hard_bound_outliers:122 -     OUTLIER → Ginger | 2013-06-24 | ₦200,169/MT | Below hard floor 2,000,000
2026-04-11 15:39:07.505 | WARNING  | __main__:flag_hard_bound_outliers:122 -     OUTLIER → Ginger | 2013-07-01 | ₦188,754/MT | Below hard floor 2,000,000
2026-04-11 15:39:07.506 | WARNING  | __main__:flag_hard_bound_outliers:122 -     OUTLIER → Ginger | 2013-07-08 | ₦201,600/MT | Below hard floor 2,000,000
2026-04-11 15:39:07.507 | WARNING  | __main__:flag_hard_bound_outliers:122 -     OUTLIER → Ginger | 2013-07-15 | ₦190,394/MT | Below hard floor 2,000,000
2026-04-11 15:39:07.508 | WARNING  | __main__:flag_hard_bound_outliers:122 -     OUTLIER → Ginger | 2013-07-22 | ₦208,423/MT | Below hard floor 2,000,000
2026-04-11 15:39:07.510 | WARNING  | __main__:flag_hard_bound_outliers:122 -     OUTLIER → Ginger | 2013-07-29 | ₦185,633/MT | Below hard floor 2,000,000
2026-04-11 15:39:07.511 | WARNING  | __main__:flag_hard_bound_outliers:122 -     OUTLIER → Ginger | 2013-08-05 | ₦203,453/MT | Below hard floor 2,000,000
2026-04-11 15:39:07.513 | WARNING  | __main__:flag_hard_bound_outliers:122 -     OUTLIER → Ginger | 2013-08-12 | ₦194,826/MT | Below hard floor 2,000,000
2026-04-11 15:39:07.513 | WARNING  | __main__:flag_hard_bound_outliers:122 -     OUTLIER → Ginger | 2013-08-19 | ₦193,038/MT | Below hard floor 2,000,000
2026-04-11 15:39:07.513 | WARNING  | __main__:flag_hard_bound_outliers:122 -     OUTLIER → Ginger | 2013-08-26 | ₦190,435/MT | Below hard floor 2,000,000
2026-04-11 15:39:07.513 | WARNING  | __main__:flag_hard_bound_outliers:122 -     OUTLIER → Ginger | 2013-09-02 | ₦200,371/MT | Below hard floor 2,000,000
2026-04-11 15:39:07.513 | WARNING  | __main__:flag_hard_bound_outliers:122 -     OUTLIER → Ginger | 2013-09-09 | ₦197,776/MT | Below hard floor 2,000,000
2026-04-11 15:39:07.513 | WARNING  | __main__:flag_hard_bound_outliers:122 -     OUTLIER → Ginger | 2013-09-16 | ₦204,554/MT | Below hard floor 2,000,000
2026-04-11 15:39:07.519 | WARNING  | __main__:flag_hard_bound_outliers:122 -     OUTLIER → Ginger | 2013-09-23 | ₦198,679/MT | Below hard floor 2,000,000
2026-04-11 15:39:07.520 | WARNING  | __main__:flag_hard_bound_outliers:122 -     OUTLIER → Ginger | 2013-09-30 | ₦198,893/MT | Below hard floor 2,000,000
2026-04-11 15:39:07.521 | WARNING  | __main__:flag_hard_bound_outliers:122 -     OUTLIER → Ginger | 2013-10-07 | ₦200,192/MT | Below hard floor 2,000,000
2026-04-11 15:39:07.522 | WARNING  | __main__:flag_hard_bound_outliers:122 -     OUTLIER → Ginger | 2013-10-14 | ₦202,054/MT | Below hard floor 2,000,000
2026-04-11 15:39:07.524 | WARNING  | __main__:flag_hard_bound_outliers:122 -     OUTLIER → Ginger | 2013-10-21 | ₦204,269/MT | Below hard floor 2,000,000
2026-04-11 15:39:07.525 | WARNING  | __main__:flag_hard_bound_outliers:122 -     OUTLIER → Ginger | 2013-10-28 | ₦192,016/MT | Below hard floor 2,000,000
2026-04-11 15:39:07.527 | WARNING  | __main__:flag_hard_bound_outliers:122 -     OUTLIER → Ginger | 2013-11-04 | ₦211,102/MT | Below hard floor 2,000,000
2026-04-11 15:39:07.528 | WARNING  | __main__:flag_hard_bound_outliers:122 -     OUTLIER → Ginger | 2013-11-11 | ₦224,906/MT | Below hard floor 2,000,000
2026-04-11 15:39:07.529 | WARNING  | __main__:flag_hard_bound_outliers:122 -     OUTLIER → Ginger | 2013-11-18 | ₦221,128/MT | Below hard floor 2,000,000
2026-04-11 15:39:07.530 | WARNING  | __main__:flag_hard_bound_outliers:122 -     OUTLIER → Ginger | 2013-11-25 | ₦218,786/MT | Below hard floor 2,000,000
2026-04-11 15:39:07.531 | WARNING  | __main__:flag_hard_bound_outliers:122 -     OUTLIER → Ginger | 2013-12-02 | ₦242,134/MT | Below hard floor 2,000,000
2026-04-11 15:39:07.531 | WARNING  | __main__:flag_hard_bound_outliers:122 -     OUTLIER → Ginger | 2013-12-09 | ₦244,523/MT | Below hard floor 2,000,000
2026-04-11 15:39:07.531 | WARNING  | __main__:flag_hard_bound_outliers:122 -     OUTLIER → Ginger | 2013-12-16 | ₦238,081/MT | Below hard floor 2,000,000
2026-04-11 15:39:07.531 | WARNING  | __main__:flag_hard_bound_outliers:122 -     OUTLIER → Ginger | 2013-12-23 | ₦236,350/MT | Below hard floor 2,000,000
2026-04-11 15:39:07.536 | WARNING  | __main__:flag_hard_bound_outliers:122 -     OUTLIER → Ginger | 2013-12-30 | ₦243,422/MT | Below hard floor 2,000,000
2026-04-11 15:39:07.537 | WARNING  | __main__:flag_hard_bound_outliers:122 -     OUTLIER → Ginger | 2014-01-06 | ₦291,195/MT | Below hard floor 2,000,000
2026-04-11 15:39:07.539 | WARNING  | __main__:flag_hard_bound_outliers:122 -     OUTLIER → Ginger | 2014-01-13 | ₦303,674/MT | Below hard floor 2,000,000
2026-04-11 15:39:07.540 | WARNING  | __main__:flag_hard_bound_outliers:122 -     OUTLIER → Ginger | 2014-01-20 | ₦284,677/MT | Below hard floor 2,000,000
2026-04-11 15:39:07.541 | WARNING  | __main__:flag_hard_bound_outliers:122 -     OUTLIER → Ginger | 2014-01-27 | ₦309,262/MT | Below hard floor 2,000,000
2026-04-11 15:39:07.542 | WARNING  | __main__:flag_hard_bound_outliers:122 -     OUTLIER → Ginger | 2014-02-03 | ₦291,576/MT | Below hard floor 2,000,000
2026-04-11 15:39:07.543 | WARNING  | __main__:flag_hard_bound_outliers:122 -     OUTLIER → Ginger | 2014-02-10 | ₦289,708/MT | Below hard floor 2,000,000
2026-04-11 15:39:07.544 | WARNING  | __main__:flag_hard_bound_outliers:122 -     OUTLIER → Ginger | 2014-02-17 | ₦295,976/MT | Below hard floor 2,000,000
2026-04-11 15:39:07.545 | WARNING  | __main__:flag_hard_bound_outliers:122 -     OUTLIER → Ginger | 2014-02-24 | ₦301,865/MT | Below hard floor 2,000,000
2026-04-11 15:39:07.546 | WARNING  | __main__:flag_hard_bound_outliers:122 -     OUTLIER → Ginger | 2014-03-03 | ₦283,369/MT | Below hard floor 2,000,000
2026-04-11 15:39:07.546 | WARNING  | __main__:flag_hard_bound_outliers:122 -     OUTLIER → Ginger | 2014-03-10 | ₦259,813/MT | Below hard floor 2,000,000
2026-04-11 15:39:07.546 | WARNING  | __main__:flag_hard_bound_outliers:122 -     OUTLIER → Ginger | 2014-03-17 | ₦264,443/MT | Below hard floor 2,000,000
2026-04-11 15:39:07.549 | WARNING  | __main__:flag_hard_bound_outliers:122 -     OUTLIER → Ginger | 2014-03-24 | ₦269,845/MT | Below hard floor 2,000,000
2026-04-11 15:39:07.550 | WARNING  | __main__:flag_hard_bound_outliers:122 -     OUTLIER → Ginger | 2014-03-31 | ₦275,215/MT | Below hard floor 2,000,000
2026-04-11 15:39:07.550 | WARNING  | __main__:flag_hard_bound_outliers:122 -     OUTLIER → Ginger | 2014-04-07 | ₦253,882/MT | Below hard floor 2,000,000
2026-04-11 15:39:07.551 | WARNING  | __main__:flag_hard_bound_outliers:122 -     OUTLIER → Ginger | 2014-04-14 | ₦244,557/MT | Below hard floor 2,000,000
2026-04-11 15:39:07.552 | WARNING  | __main__:flag_hard_bound_outliers:122 -     OUTLIER → Ginger | 2014-04-21 | ₦251,401/MT | Below hard floor 2,000,000
2026-04-11 15:39:07.554 | WARNING  | __main__:flag_hard_bound_outliers:122 -     OUTLIER → Ginger | 2014-04-28 | ₦244,335/MT | Below hard floor 2,000,000
2026-04-11 15:39:07.555 | WARNING  | __main__:flag_hard_bound_outliers:122 -     OUTLIER → Ginger | 2014-05-05 | ₦233,143/MT | Below hard floor 2,000,000
2026-04-11 15:39:07.557 | WARNING  | __main__:flag_hard_bound_outliers:122 -     OUTLIER → Ginger | 2014-05-12 | ₦227,478/MT | Below hard floor 2,000,000
2026-04-11 15:39:07.559 | WARNING  | __main__:flag_hard_bound_outliers:122 -     OUTLIER → Ginger | 2014-05-19 | ₦230,922/MT | Below hard floor 2,000,000
2026-04-11 15:39:07.560 | WARNING  | __main__:flag_hard_bound_outliers:122 -     OUTLIER → Ginger | 2014-05-26 | ₦227,869/MT | Below hard floor 2,000,000
2026-04-11 15:39:07.561 | WARNING  | __main__:flag_hard_bound_outliers:122 -     OUTLIER → Ginger | 2014-06-02 | ₦230,547/MT | Below hard floor 2,000,000
2026-04-11 15:39:07.562 | WARNING  | __main__:flag_hard_bound_outliers:122 -     OUTLIER → Ginger | 2014-06-09 | ₦245,007/MT | Below hard floor 2,000,000
2026-04-11 15:39:07.563 | WARNING  | __main__:flag_hard_bound_outliers:122 -     OUTLIER → Ginger | 2014-06-16 | ₦230,736/MT | Below hard floor 2,000,000
2026-04-11 15:39:07.563 | WARNING  | __main__:flag_hard_bound_outliers:122 -     OUTLIER → Ginger | 2014-06-23 | ₦256,256/MT | Below hard floor 2,000,000
2026-04-11 15:39:07.564 | WARNING  | __main__:flag_hard_bound_outliers:122 -     OUTLIER → Ginger | 2014-06-30 | ₦241,015/MT | Below hard floor 2,000,000
2026-04-11 15:39:07.564 | WARNING  | __main__:flag_hard_bound_outliers:122 -     OUTLIER → Ginger | 2014-07-07 | ₦226,248/MT | Below hard floor 2,000,000
2026-04-11 15:39:07.567 | WARNING  | __main__:flag_hard_bound_outliers:122 -     OUTLIER → Ginger | 2014-07-14 | ₦219,206/MT | Below hard floor 2,000,000
2026-04-11 15:39:07.568 | WARNING  | __main__:flag_hard_bound_outliers:122 -     OUTLIER → Ginger | 2014-07-21 | ₦229,727/MT | Below hard floor 2,000,000
2026-04-11 15:39:07.569 | WARNING  | __main__:flag_hard_bound_outliers:122 -     OUTLIER → Ginger | 2014-07-28 | ₦221,114/MT | Below hard floor 2,000,000
2026-04-11 15:39:07.570 | WARNING  | __main__:flag_hard_bound_outliers:122 -     OUTLIER → Ginger | 2014-08-04 | ₦220,805/MT | Below hard floor 2,000,000
2026-04-11 15:39:07.571 | WARNING  | __main__:flag_hard_bound_outliers:122 -     OUTLIER → Ginger | 2014-08-11 | ₦236,897/MT | Below hard floor 2,000,000
2026-04-11 15:39:07.572 | WARNING  | __main__:flag_hard_bound_outliers:122 -     OUTLIER → Ginger | 2014-08-18 | ₦219,366/MT | Below hard floor 2,000,000
2026-04-11 15:39:07.574 | WARNING  | __main__:flag_hard_bound_outliers:122 -     OUTLIER → Ginger | 2014-08-25 | ₦227,585/MT | Below hard floor 2,000,000
2026-04-11 15:39:07.576 | WARNING  | __main__:flag_hard_bound_outliers:122 -     OUTLIER → Ginger | 2014-09-01 | ₦220,254/MT | Below hard floor 2,000,000
2026-04-11 15:39:07.577 | WARNING  | __main__:flag_hard_bound_outliers:122 -     OUTLIER → Ginger | 2014-09-08 | ₦224,764/MT | Below hard floor 2,000,000
2026-04-11 15:39:07.577 | WARNING  | __main__:flag_hard_bound_outliers:122 -     OUTLIER → Ginger | 2014-09-15 | ₦236,953/MT | Below hard floor 2,000,000
2026-04-11 15:39:07.579 | WARNING  | __main__:flag_hard_bound_outliers:122 -     OUTLIER → Ginger | 2014-09-22 | ₦220,768/MT | Below hard floor 2,000,000
2026-04-11 15:39:07.579 | WARNING  | __main__:flag_hard_bound_outliers:122 -     OUTLIER → Ginger | 2014-09-29 | ₦237,234/MT | Below hard floor 2,000,000
2026-04-11 15:39:07.579 | WARNING  | __main__:flag_hard_bound_outliers:122 -     OUTLIER → Ginger | 2014-10-06 | ₦234,883/MT | Below hard floor 2,000,000
2026-04-11 15:39:07.581 | WARNING  | __main__:flag_hard_bound_outliers:122 -     OUTLIER → Ginger | 2014-10-13 | ₦226,119/MT | Below hard floor 2,000,000
2026-04-11 15:39:07.581 | WARNING  | __main__:flag_hard_bound_outliers:122 -     OUTLIER → Ginger | 2014-10-20 | ₦234,364/MT | Below hard floor 2,000,000
2026-04-11 15:39:07.581 | WARNING  | __main__:flag_hard_bound_outliers:122 -     OUTLIER → Ginger | 2014-10-27 | ₦236,711/MT | Below hard floor 2,000,000
2026-04-11 15:39:07.581 | WARNING  | __main__:flag_hard_bound_outliers:122 -     OUTLIER → Ginger | 2014-11-03 | ₦254,664/MT | Below hard floor 2,000,000
2026-04-11 15:39:07.581 | WARNING  | __main__:flag_hard_bound_outliers:122 -     OUTLIER → Ginger | 2014-11-10 | ₦238,223/MT | Below hard floor 2,000,000
2026-04-11 15:39:07.586 | WARNING  | __main__:flag_hard_bound_outliers:122 -     OUTLIER → Ginger | 2014-11-17 | ₦244,546/MT | Below hard floor 2,000,000
2026-04-11 15:39:07.588 | WARNING  | __main__:flag_hard_bound_outliers:122 -     OUTLIER → Ginger | 2014-11-24 | ₦248,144/MT | Below hard floor 2,000,000
2026-04-11 15:39:07.589 | WARNING  | __main__:flag_hard_bound_outliers:122 -     OUTLIER → Ginger | 2014-12-01 | ₦274,386/MT | Below hard floor 2,000,000
2026-04-11 15:39:07.590 | WARNING  | __main__:flag_hard_bound_outliers:122 -     OUTLIER → Ginger | 2014-12-08 | ₦280,121/MT | Below hard floor 2,000,000
2026-04-11 15:39:07.590 | WARNING  | __main__:flag_hard_bound_outliers:122 -     OUTLIER → Ginger | 2014-12-15 | ₦276,466/MT | Below hard floor 2,000,000
2026-04-11 15:39:07.592 | WARNING  | __main__:flag_hard_bound_outliers:122 -     OUTLIER → Ginger | 2014-12-22 | ₦263,983/MT | Below hard floor 2,000,000
2026-04-11 15:39:07.593 | WARNING  | __main__:flag_hard_bound_outliers:122 -     OUTLIER → Ginger | 2014-12-29 | ₦278,137/MT | Below hard floor 2,000,000
2026-04-11 15:39:07.594 | WARNING  | __main__:flag_hard_bound_outliers:122 -     OUTLIER → Ginger | 2015-01-05 | ₦366,594/MT | Below hard floor 2,000,000
2026-04-11 15:39:07.595 | WARNING  | __main__:flag_hard_bound_outliers:122 -     OUTLIER → Ginger | 2015-01-12 | ₦366,046/MT | Below hard floor 2,000,000
2026-04-11 15:39:07.596 | WARNING  | __main__:flag_hard_bound_outliers:122 -     OUTLIER → Ginger | 2015-01-19 | ₦371,672/MT | Below hard floor 2,000,000
2026-04-11 15:39:07.598 | WARNING  | __main__:flag_hard_bound_outliers:122 -     OUTLIER → Ginger | 2015-01-26 | ₦369,006/MT | Below hard floor 2,000,000
2026-04-11 15:39:07.599 | WARNING  | __main__:flag_hard_bound_outliers:122 -     OUTLIER → Ginger | 2015-02-02 | ₦349,753/MT | Below hard floor 2,000,000
2026-04-11 15:39:07.599 | WARNING  | __main__:flag_hard_bound_outliers:122 -     OUTLIER → Ginger | 2015-02-09 | ₦344,274/MT | Below hard floor 2,000,000
2026-04-11 15:39:07.600 | WARNING  | __main__:flag_hard_bound_outliers:122 -     OUTLIER → Ginger | 2015-02-16 | ₦327,809/MT | Below hard floor 2,000,000
2026-04-11 15:39:07.601 | WARNING  | __main__:flag_hard_bound_outliers:122 -     OUTLIER → Ginger | 2015-02-23 | ₦349,447/MT | Below hard floor 2,000,000
2026-04-11 15:39:07.602 | WARNING  | __main__:flag_hard_bound_outliers:122 -     OUTLIER → Ginger | 2015-03-02 | ₦332,056/MT | Below hard floor 2,000,000
2026-04-11 15:39:07.604 | WARNING  | __main__:flag_hard_bound_outliers:122 -     OUTLIER → Ginger | 2015-03-09 | ₦332,689/MT | Below hard floor 2,000,000
2026-04-11 15:39:07.605 | WARNING  | __main__:flag_hard_bound_outliers:122 -     OUTLIER → Ginger | 2015-03-16 | ₦317,360/MT | Below hard floor 2,000,000
2026-04-11 15:39:07.606 | WARNING  | __main__:flag_hard_bound_outliers:122 -     OUTLIER → Ginger | 2015-03-23 | ₦319,298/MT | Below hard floor 2,000,000
2026-04-11 15:39:07.608 | WARNING  | __main__:flag_hard_bound_outliers:122 -     OUTLIER → Ginger | 2015-03-30 | ₦340,426/MT | Below hard floor 2,000,000
2026-04-11 15:39:07.608 | WARNING  | __main__:flag_hard_bound_outliers:122 -     OUTLIER → Ginger | 2015-04-06 | ₦299,644/MT | Below hard floor 2,000,000
2026-04-11 15:39:07.611 | WARNING  | __main__:flag_hard_bound_outliers:122 -     OUTLIER → Ginger | 2015-04-13 | ₦306,134/MT | Below hard floor 2,000,000
2026-04-11 15:39:07.612 | WARNING  | __main__:flag_hard_bound_outliers:122 -     OUTLIER → Ginger | 2015-04-20 | ₦300,255/MT | Below hard floor 2,000,000
2026-04-11 15:39:07.613 | WARNING  | __main__:flag_hard_bound_outliers:122 -     OUTLIER → Ginger | 2015-04-27 | ₦300,268/MT | Below hard floor 2,000,000
2026-04-11 15:39:07.613 | WARNING  | __main__:flag_hard_bound_outliers:122 -     OUTLIER → Ginger | 2015-05-04 | ₦293,022/MT | Below hard floor 2,000,000
2026-04-11 15:39:07.613 | WARNING  | __main__:flag_hard_bound_outliers:122 -     OUTLIER → Ginger | 2015-05-11 | ₦280,588/MT | Below hard floor 2,000,000
2026-04-11 15:39:07.615 | WARNING  | __main__:flag_hard_bound_outliers:122 -     OUTLIER → Ginger | 2015-05-18 | ₦285,822/MT | Below hard floor 2,000,000
2026-04-11 15:39:07.616 | WARNING  | __main__:flag_hard_bound_outliers:122 -     OUTLIER → Ginger | 2015-05-25 | ₦281,048/MT | Below hard floor 2,000,000
2026-04-11 15:39:07.617 | WARNING  | __main__:flag_hard_bound_outliers:122 -     OUTLIER → Ginger | 2015-06-01 | ₦281,285/MT | Below hard floor 2,000,000
2026-04-11 15:39:07.617 | WARNING  | __main__:flag_hard_bound_outliers:122 -     OUTLIER → Ginger | 2015-06-08 | ₦282,357/MT | Below hard floor 2,000,000
2026-04-11 15:39:07.619 | WARNING  | __main__:flag_hard_bound_outliers:122 -     OUTLIER → Ginger | 2015-06-15 | ₦286,899/MT | Below hard floor 2,000,000
2026-04-11 15:39:07.620 | WARNING  | __main__:flag_hard_bound_outliers:122 -     OUTLIER → Ginger | 2015-06-22 | ₦280,907/MT | Below hard floor 2,000,000
2026-04-11 15:39:07.621 | WARNING  | __main__:flag_hard_bound_outliers:122 -     OUTLIER → Ginger | 2015-06-29 | ₦295,737/MT | Below hard floor 2,000,000
2026-04-11 15:39:07.621 | WARNING  | __main__:flag_hard_bound_outliers:122 -     OUTLIER → Ginger | 2015-07-06 | ₦262,754/MT | Below hard floor 2,000,000
2026-04-11 15:39:07.623 | WARNING  | __main__:flag_hard_bound_outliers:122 -     OUTLIER → Ginger | 2015-07-13 | ₦268,486/MT | Below hard floor 2,000,000
2026-04-11 15:39:07.625 | WARNING  | __main__:flag_hard_bound_outliers:122 -     OUTLIER → Ginger | 2015-07-20 | ₦266,438/MT | Below hard floor 2,000,000
2026-04-11 15:39:07.626 | WARNING  | __main__:flag_hard_bound_outliers:122 -     OUTLIER → Ginger | 2015-07-27 | ₦281,721/MT | Below hard floor 2,000,000
2026-04-11 15:39:07.627 | WARNING  | __main__:flag_hard_bound_outliers:122 -     OUTLIER → Ginger | 2015-08-03 | ₦265,557/MT | Below hard floor 2,000,000
2026-04-11 15:39:07.628 | WARNING  | __main__:flag_hard_bound_outliers:122 -     OUTLIER → Ginger | 2015-08-10 | ₦272,172/MT | Below hard floor 2,000,000
2026-04-11 15:39:07.628 | WARNING  | __main__:flag_hard_bound_outliers:122 -     OUTLIER → Ginger | 2015-08-17 | ₦252,234/MT | Below hard floor 2,000,000
2026-04-11 15:39:07.628 | WARNING  | __main__:flag_hard_bound_outliers:122 -     OUTLIER → Ginger | 2015-08-24 | ₦266,115/MT | Below hard floor 2,000,000
2026-04-11 15:39:07.628 | WARNING  | __main__:flag_hard_bound_outliers:122 -     OUTLIER → Ginger | 2015-08-31 | ₦271,046/MT | Below hard floor 2,000,000
2026-04-11 15:39:07.628 | WARNING  | __main__:flag_hard_bound_outliers:122 -     OUTLIER → Ginger | 2015-09-07 | ₦270,666/MT | Below hard floor 2,000,000
2026-04-11 15:39:07.628 | WARNING  | __main__:flag_hard_bound_outliers:122 -     OUTLIER → Ginger | 2015-09-14 | ₦278,630/MT | Below hard floor 2,000,000
2026-04-11 15:39:07.628 | WARNING  | __main__:flag_hard_bound_outliers:122 -     OUTLIER → Ginger | 2015-09-21 | ₦265,810/MT | Below hard floor 2,000,000
2026-04-11 15:39:07.634 | WARNING  | __main__:flag_hard_bound_outliers:122 -     OUTLIER → Ginger | 2015-09-28 | ₦281,416/MT | Below hard floor 2,000,000
2026-04-11 15:39:07.635 | WARNING  | __main__:flag_hard_bound_outliers:122 -     OUTLIER → Ginger | 2015-10-05 | ₦295,035/MT | Below hard floor 2,000,000
2026-04-11 15:39:07.636 | WARNING  | __main__:flag_hard_bound_outliers:122 -     OUTLIER → Ginger | 2015-10-12 | ₦272,996/MT | Below hard floor 2,000,000
2026-04-11 15:39:07.637 | WARNING  | __main__:flag_hard_bound_outliers:122 -     OUTLIER → Ginger | 2015-10-19 | ₦272,311/MT | Below hard floor 2,000,000
2026-04-11 15:39:07.638 | WARNING  | __main__:flag_hard_bound_outliers:122 -     OUTLIER → Ginger | 2015-10-26 | ₦288,034/MT | Below hard floor 2,000,000
2026-04-11 15:39:07.639 | WARNING  | __main__:flag_hard_bound_outliers:122 -     OUTLIER → Ginger | 2015-11-02 | ₦314,216/MT | Below hard floor 2,000,000
2026-04-11 15:39:07.641 | WARNING  | __main__:flag_hard_bound_outliers:122 -     OUTLIER → Ginger | 2015-11-09 | ₦295,294/MT | Below hard floor 2,000,000
2026-04-11 15:39:07.642 | WARNING  | __main__:flag_hard_bound_outliers:122 -     OUTLIER → Ginger | 2015-11-16 | ₦296,218/MT | Below hard floor 2,000,000
2026-04-11 15:39:07.643 | WARNING  | __main__:flag_hard_bound_outliers:122 -     OUTLIER → Ginger | 2015-11-23 | ₦297,464/MT | Below hard floor 2,000,000
2026-04-11 15:39:07.645 | WARNING  | __main__:flag_hard_bound_outliers:122 -     OUTLIER → Ginger | 2015-11-30 | ₦287,900/MT | Below hard floor 2,000,000
2026-04-11 15:39:07.645 | WARNING  | __main__:flag_hard_bound_outliers:122 -     OUTLIER → Ginger | 2015-12-07 | ₦320,905/MT | Below hard floor 2,000,000
2026-04-11 15:39:07.646 | WARNING  | __main__:flag_hard_bound_outliers:122 -     OUTLIER → Ginger | 2015-12-14 | ₦320,059/MT | Below hard floor 2,000,000
2026-04-11 15:39:07.646 | WARNING  | __main__:flag_hard_bound_outliers:122 -     OUTLIER → Ginger | 2015-12-21 | ₦322,399/MT | Below hard floor 2,000,000
2026-04-11 15:39:07.646 | WARNING  | __main__:flag_hard_bound_outliers:122 -     OUTLIER → Ginger | 2015-12-28 | ₦329,657/MT | Below hard floor 2,000,000
2026-04-11 15:39:07.646 | WARNING  | __main__:flag_hard_bound_outliers:122 -     OUTLIER → Ginger | 2016-01-04 | ₦604,216/MT | Below hard floor 2,000,000
2026-04-11 15:39:07.646 | WARNING  | __main__:flag_hard_bound_outliers:122 -     OUTLIER → Ginger | 2016-01-11 | ₦627,909/MT | Below hard floor 2,000,000
2026-04-11 15:39:07.651 | WARNING  | __main__:flag_hard_bound_outliers:122 -     OUTLIER → Ginger | 2016-01-18 | ₦582,030/MT | Below hard floor 2,000,000
2026-04-11 15:39:07.652 | WARNING  | __main__:flag_hard_bound_outliers:122 -     OUTLIER → Ginger | 2016-01-25 | ₦617,718/MT | Below hard floor 2,000,000
2026-04-11 15:39:07.653 | WARNING  | __main__:flag_hard_bound_outliers:122 -     OUTLIER → Ginger | 2016-02-01 | ₦571,309/MT | Below hard floor 2,000,000
2026-04-11 15:39:07.654 | WARNING  | __main__:flag_hard_bound_outliers:122 -     OUTLIER → Ginger | 2016-02-08 | ₦574,147/MT | Below hard floor 2,000,000
2026-04-11 15:39:07.655 | WARNING  | __main__:flag_hard_bound_outliers:122 -     OUTLIER → Ginger | 2016-02-15 | ₦586,641/MT | Below hard floor 2,000,000
2026-04-11 15:39:07.656 | WARNING  | __main__:flag_hard_bound_outliers:122 -     OUTLIER → Ginger | 2016-02-22 | ₦555,633/MT | Below hard floor 2,000,000
2026-04-11 15:39:07.658 | WARNING  | __main__:flag_hard_bound_outliers:122 -     OUTLIER → Ginger | 2016-02-29 | ₦581,597/MT | Below hard floor 2,000,000
2026-04-11 15:39:07.659 | WARNING  | __main__:flag_hard_bound_outliers:122 -     OUTLIER → Ginger | 2016-03-07 | ₦552,746/MT | Below hard floor 2,000,000
2026-04-11 15:39:07.661 | WARNING  | __main__:flag_hard_bound_outliers:122 -     OUTLIER → Ginger | 2016-03-14 | ₦558,125/MT | Below hard floor 2,000,000
2026-04-11 15:39:07.662 | WARNING  | __main__:flag_hard_bound_outliers:122 -     OUTLIER → Ginger | 2016-03-21 | ₦554,771/MT | Below hard floor 2,000,000
2026-04-11 15:39:07.662 | WARNING  | __main__:flag_hard_bound_outliers:122 -     OUTLIER → Ginger | 2016-03-28 | ₦590,512/MT | Below hard floor 2,000,000
2026-04-11 15:39:07.663 | WARNING  | __main__:flag_hard_bound_outliers:122 -     OUTLIER → Ginger | 2016-04-04 | ₦490,434/MT | Below hard floor 2,000,000
2026-04-11 15:39:07.663 | WARNING  | __main__:flag_hard_bound_outliers:122 -     OUTLIER → Ginger | 2016-04-11 | ₦492,035/MT | Below hard floor 2,000,000
2026-04-11 15:39:07.663 | WARNING  | __main__:flag_hard_bound_outliers:122 -     OUTLIER → Ginger | 2016-04-18 | ₦490,653/MT | Below hard floor 2,000,000
2026-04-11 15:39:07.663 | WARNING  | __main__:flag_hard_bound_outliers:122 -     OUTLIER → Ginger | 2016-04-25 | ₦491,668/MT | Below hard floor 2,000,000
2026-04-11 15:39:07.668 | WARNING  | __main__:flag_hard_bound_outliers:122 -     OUTLIER → Ginger | 2016-05-02 | ₦465,917/MT | Below hard floor 2,000,000
2026-04-11 15:39:07.669 | WARNING  | __main__:flag_hard_bound_outliers:122 -     OUTLIER → Ginger | 2016-05-09 | ₦491,943/MT | Below hard floor 2,000,000
2026-04-11 15:39:07.670 | WARNING  | __main__:flag_hard_bound_outliers:122 -     OUTLIER → Ginger | 2016-05-16 | ₦495,242/MT | Below hard floor 2,000,000
2026-04-11 15:39:07.671 | WARNING  | __main__:flag_hard_bound_outliers:122 -     OUTLIER → Ginger | 2016-05-23 | ₦466,867/MT | Below hard floor 2,000,000
2026-04-11 15:39:07.672 | WARNING  | __main__:flag_hard_bound_outliers:122 -     OUTLIER → Ginger | 2016-05-30 | ₦463,139/MT | Below hard floor 2,000,000
2026-04-11 15:39:07.674 | WARNING  | __main__:flag_hard_bound_outliers:122 -     OUTLIER → Ginger | 2016-06-06 | ₦481,718/MT | Below hard floor 2,000,000
2026-04-11 15:39:07.676 | WARNING  | __main__:flag_hard_bound_outliers:122 -     OUTLIER → Ginger | 2016-06-13 | ₦467,131/MT | Below hard floor 2,000,000
2026-04-11 15:39:07.678 | WARNING  | __main__:flag_hard_bound_outliers:122 -     OUTLIER → Ginger | 2016-06-20 | ₦484,019/MT | Below hard floor 2,000,000
2026-04-11 15:39:07.679 | WARNING  | __main__:flag_hard_bound_outliers:122 -     OUTLIER → Ginger | 2016-06-27 | ₦477,892/MT | Below hard floor 2,000,000
2026-04-11 15:39:07.680 | WARNING  | __main__:flag_hard_bound_outliers:122 -     OUTLIER → Ginger | 2016-07-04 | ₦429,537/MT | Below hard floor 2,000,000
2026-04-11 15:39:07.681 | WARNING  | __main__:flag_hard_bound_outliers:122 -     OUTLIER → Ginger | 2016-07-11 | ₦470,891/MT | Below hard floor 2,000,000
2026-04-11 15:39:07.682 | WARNING  | __main__:flag_hard_bound_outliers:122 -     OUTLIER → Ginger | 2016-07-18 | ₦474,244/MT | Below hard floor 2,000,000
2026-04-11 15:39:07.683 | WARNING  | __main__:flag_hard_bound_outliers:122 -     OUTLIER → Ginger | 2016-07-25 | ₦441,727/MT | Below hard floor 2,000,000
2026-04-11 15:39:07.684 | WARNING  | __main__:flag_hard_bound_outliers:122 -     OUTLIER → Ginger | 2016-08-01 | ₦434,882/MT | Below hard floor 2,000,000
2026-04-11 15:39:07.686 | WARNING  | __main__:flag_hard_bound_outliers:122 -     OUTLIER → Ginger | 2016-08-08 | ₦443,773/MT | Below hard floor 2,000,000
2026-04-11 15:39:07.687 | WARNING  | __main__:flag_hard_bound_outliers:122 -     OUTLIER → Ginger | 2016-08-15 | ₦444,415/MT | Below hard floor 2,000,000
2026-04-11 15:39:07.688 | WARNING  | __main__:flag_hard_bound_outliers:122 -     OUTLIER → Ginger | 2016-08-22 | ₦448,693/MT | Below hard floor 2,000,000
2026-04-11 15:39:07.689 | WARNING  | __main__:flag_hard_bound_outliers:122 -     OUTLIER → Ginger | 2016-08-29 | ₦466,535/MT | Below hard floor 2,000,000
2026-04-11 15:39:07.690 | WARNING  | __main__:flag_hard_bound_outliers:122 -     OUTLIER → Ginger | 2016-09-05 | ₦447,611/MT | Below hard floor 2,000,000
2026-04-11 15:39:07.692 | WARNING  | __main__:flag_hard_bound_outliers:122 -     OUTLIER → Ginger | 2016-09-12 | ₦439,223/MT | Below hard floor 2,000,000
2026-04-11 15:39:07.693 | WARNING  | __main__:flag_hard_bound_outliers:122 -     OUTLIER → Ginger | 2016-09-19 | ₦431,379/MT | Below hard floor 2,000,000
2026-04-11 15:39:07.694 | WARNING  | __main__:flag_hard_bound_outliers:122 -     OUTLIER → Ginger | 2016-09-26 | ₦440,132/MT | Below hard floor 2,000,000
2026-04-11 15:39:07.695 | WARNING  | __main__:flag_hard_bound_outliers:122 -     OUTLIER → Ginger | 2016-10-03 | ₦459,543/MT | Below hard floor 2,000,000
2026-04-11 15:39:07.696 | WARNING  | __main__:flag_hard_bound_outliers:122 -     OUTLIER → Ginger | 2016-10-10 | ₦484,765/MT | Below hard floor 2,000,000
2026-04-11 15:39:07.697 | WARNING  | __main__:flag_hard_bound_outliers:122 -     OUTLIER → Ginger | 2016-10-17 | ₦452,857/MT | Below hard floor 2,000,000
2026-04-11 15:39:07.697 | WARNING  | __main__:flag_hard_bound_outliers:122 -     OUTLIER → Ginger | 2016-10-24 | ₦463,088/MT | Below hard floor 2,000,000
2026-04-11 15:39:07.697 | WARNING  | __main__:flag_hard_bound_outliers:122 -     OUTLIER → Ginger | 2016-10-31 | ₦459,773/MT | Below hard floor 2,000,000
2026-04-11 15:39:07.697 | WARNING  | __main__:flag_hard_bound_outliers:122 -     OUTLIER → Ginger | 2016-11-07 | ₦517,826/MT | Below hard floor 2,000,000
2026-04-11 15:39:07.697 | WARNING  | __main__:flag_hard_bound_outliers:122 -     OUTLIER → Ginger | 2016-11-14 | ₦537,904/MT | Below hard floor 2,000,000
2026-04-11 15:39:07.697 | WARNING  | __main__:flag_hard_bound_outliers:122 -     OUTLIER → Ginger | 2016-11-21 | ₦492,037/MT | Below hard floor 2,000,000
2026-04-11 15:39:07.703 | WARNING  | __main__:flag_hard_bound_outliers:122 -     OUTLIER → Ginger | 2016-11-28 | ₦492,658/MT | Below hard floor 2,000,000
2026-04-11 15:39:07.704 | WARNING  | __main__:flag_hard_bound_outliers:122 -     OUTLIER → Ginger | 2016-12-05 | ₦567,229/MT | Below hard floor 2,000,000
2026-04-11 15:39:07.705 | WARNING  | __main__:flag_hard_bound_outliers:122 -     OUTLIER → Ginger | 2016-12-12 | ₦561,251/MT | Below hard floor 2,000,000
2026-04-11 15:39:07.706 | WARNING  | __main__:flag_hard_bound_outliers:122 -     OUTLIER → Ginger | 2016-12-19 | ₦580,471/MT | Below hard floor 2,000,000
2026-04-11 15:39:07.707 | WARNING  | __main__:flag_hard_bound_outliers:122 -     OUTLIER → Ginger | 2016-12-26 | ₦559,635/MT | Below hard floor 2,000,000
2026-04-11 15:39:07.709 | WARNING  | __main__:flag_hard_bound_outliers:122 -     OUTLIER → Ginger | 2017-01-02 | ₦712,239/MT | Below hard floor 2,000,000
2026-04-11 15:39:07.710 | WARNING  | __main__:flag_hard_bound_outliers:122 -     OUTLIER → Ginger | 2017-01-09 | ₦732,758/MT | Below hard floor 2,000,000
2026-04-11 15:39:07.711 | WARNING  | __main__:flag_hard_bound_outliers:122 -     OUTLIER → Ginger | 2017-01-16 | ₦743,948/MT | Below hard floor 2,000,000
2026-04-11 15:39:07.711 | WARNING  | __main__:flag_hard_bound_outliers:122 -     OUTLIER → Ginger | 2017-01-23 | ₦737,722/MT | Below hard floor 2,000,000
2026-04-11 15:39:07.712 | WARNING  | __main__:flag_hard_bound_outliers:122 -     OUTLIER → Ginger | 2017-01-30 | ₦730,957/MT | Below hard floor 2,000,000
2026-04-11 15:39:07.713 | WARNING  | __main__:flag_hard_bound_outliers:122 -     OUTLIER → Ginger | 2017-02-06 | ₦712,080/MT | Below hard floor 2,000,000
2026-04-11 15:39:07.715 | WARNING  | __main__:flag_hard_bound_outliers:122 -     OUTLIER → Ginger | 2017-02-13 | ₦714,204/MT | Below hard floor 2,000,000
2026-04-11 15:39:07.715 | WARNING  | __main__:flag_hard_bound_outliers:122 -     OUTLIER → Ginger | 2017-02-20 | ₦718,611/MT | Below hard floor 2,000,000
2026-04-11 15:39:07.716 | WARNING  | __main__:flag_hard_bound_outliers:122 -     OUTLIER → Ginger | 2017-02-27 | ₦703,428/MT | Below hard floor 2,000,000
2026-04-11 15:39:07.717 | WARNING  | __main__:flag_hard_bound_outliers:122 -     OUTLIER → Ginger | 2017-03-06 | ₦656,691/MT | Below hard floor 2,000,000
2026-04-11 15:39:07.719 | WARNING  | __main__:flag_hard_bound_outliers:122 -     OUTLIER → Ginger | 2017-03-13 | ₦662,905/MT | Below hard floor 2,000,000
2026-04-11 15:39:07.720 | WARNING  | __main__:flag_hard_bound_outliers:122 -     OUTLIER → Ginger | 2017-03-20 | ₦683,889/MT | Below hard floor 2,000,000
2026-04-11 15:39:07.721 | WARNING  | __main__:flag_hard_bound_outliers:122 -     OUTLIER → Ginger | 2017-03-27 | ₦643,825/MT | Below hard floor 2,000,000
2026-04-11 15:39:07.722 | WARNING  | __main__:flag_hard_bound_outliers:122 -     OUTLIER → Ginger | 2017-04-03 | ₦606,636/MT | Below hard floor 2,000,000
2026-04-11 15:39:07.724 | WARNING  | __main__:flag_hard_bound_outliers:122 -     OUTLIER → Ginger | 2017-04-10 | ₦592,920/MT | Below hard floor 2,000,000
2026-04-11 15:39:07.726 | WARNING  | __main__:flag_hard_bound_outliers:122 -     OUTLIER → Ginger | 2017-04-17 | ₦600,517/MT | Below hard floor 2,000,000
2026-04-11 15:39:07.727 | WARNING  | __main__:flag_hard_bound_outliers:122 -     OUTLIER → Ginger | 2017-04-24 | ₦623,012/MT | Below hard floor 2,000,000
2026-04-11 15:39:07.728 | WARNING  | __main__:flag_hard_bound_outliers:122 -     OUTLIER → Ginger | 2017-05-01 | ₦573,268/MT | Below hard floor 2,000,000
2026-04-11 15:39:07.730 | WARNING  | __main__:flag_hard_bound_outliers:122 -     OUTLIER → Ginger | 2017-05-08 | ₦570,794/MT | Below hard floor 2,000,000
2026-04-11 15:39:07.730 | WARNING  | __main__:flag_hard_bound_outliers:122 -     OUTLIER → Ginger | 2017-05-15 | ₦546,746/MT | Below hard floor 2,000,000
2026-04-11 15:39:07.732 | WARNING  | __main__:flag_hard_bound_outliers:122 -     OUTLIER → Ginger | 2017-05-22 | ₦582,761/MT | Below hard floor 2,000,000
2026-04-11 15:39:07.732 | WARNING  | __main__:flag_hard_bound_outliers:122 -     OUTLIER → Ginger | 2017-05-29 | ₦581,038/MT | Below hard floor 2,000,000
2026-04-11 15:39:07.732 | WARNING  | __main__:flag_hard_bound_outliers:122 -     OUTLIER → Ginger | 2017-06-05 | ₦606,992/MT | Below hard floor 2,000,000
2026-04-11 15:39:07.732 | WARNING  | __main__:flag_hard_bound_outliers:122 -     OUTLIER → Ginger | 2017-06-12 | ₦564,737/MT | Below hard floor 2,000,000
2026-04-11 15:39:07.737 | WARNING  | __main__:flag_hard_bound_outliers:122 -     OUTLIER → Ginger | 2017-06-19 | ₦573,747/MT | Below hard floor 2,000,000
2026-04-11 15:39:07.738 | WARNING  | __main__:flag_hard_bound_outliers:122 -     OUTLIER → Ginger | 2017-06-26 | ₦574,264/MT | Below hard floor 2,000,000
2026-04-11 15:39:07.739 | WARNING  | __main__:flag_hard_bound_outliers:122 -     OUTLIER → Ginger | 2017-07-03 | ₦565,555/MT | Below hard floor 2,000,000
2026-04-11 15:39:07.741 | WARNING  | __main__:flag_hard_bound_outliers:122 -     OUTLIER → Ginger | 2017-07-10 | ₦538,456/MT | Below hard floor 2,000,000
2026-04-11 15:39:07.744 | WARNING  | __main__:flag_hard_bound_outliers:122 -     OUTLIER → Ginger | 2017-07-17 | ₦544,520/MT | Below hard floor 2,000,000
2026-04-11 15:39:07.745 | WARNING  | __main__:flag_hard_bound_outliers:122 -     OUTLIER → Ginger | 2017-07-24 | ₦549,848/MT | Below hard floor 2,000,000
2026-04-11 15:39:07.746 | WARNING  | __main__:flag_hard_bound_outliers:122 -     OUTLIER → Ginger | 2017-07-31 | ₦543,023/MT | Below hard floor 2,000,000
2026-04-11 15:39:07.747 | WARNING  | __main__:flag_hard_bound_outliers:122 -     OUTLIER → Ginger | 2017-08-07 | ₦520,928/MT | Below hard floor 2,000,000
2026-04-11 15:39:07.747 | WARNING  | __main__:flag_hard_bound_outliers:122 -     OUTLIER → Ginger | 2017-08-14 | ₦531,074/MT | Below hard floor 2,000,000
2026-04-11 15:39:07.748 | WARNING  | __main__:flag_hard_bound_outliers:122 -     OUTLIER → Ginger | 2017-08-21 | ₦545,006/MT | Below hard floor 2,000,000
2026-04-11 15:39:07.748 | WARNING  | __main__:flag_hard_bound_outliers:122 -     OUTLIER → Ginger | 2017-08-28 | ₦511,740/MT | Below hard floor 2,000,000
2026-04-11 15:39:07.750 | WARNING  | __main__:flag_hard_bound_outliers:122 -     OUTLIER → Ginger | 2017-09-04 | ₦542,154/MT | Below hard floor 2,000,000
2026-04-11 15:39:07.751 | WARNING  | __main__:flag_hard_bound_outliers:122 -     OUTLIER → Ginger | 2017-09-11 | ₦528,658/MT | Below hard floor 2,000,000
2026-04-11 15:39:07.752 | WARNING  | __main__:flag_hard_bound_outliers:122 -     OUTLIER → Ginger | 2017-09-18 | ₦559,360/MT | Below hard floor 2,000,000
2026-04-11 15:39:07.754 | WARNING  | __main__:flag_hard_bound_outliers:122 -     OUTLIER → Ginger | 2017-09-25 | ₦515,324/MT | Below hard floor 2,000,000
2026-04-11 15:39:07.755 | WARNING  | __main__:flag_hard_bound_outliers:122 -     OUTLIER → Ginger | 2017-10-02 | ₦542,744/MT | Below hard floor 2,000,000
2026-04-11 15:39:07.756 | WARNING  | __main__:flag_hard_bound_outliers:122 -     OUTLIER → Ginger | 2017-10-09 | ₦558,247/MT | Below hard floor 2,000,000
2026-04-11 15:39:07.758 | WARNING  | __main__:flag_hard_bound_outliers:122 -     OUTLIER → Ginger | 2017-10-16 | ₦577,925/MT | Below hard floor 2,000,000
2026-04-11 15:39:07.759 | WARNING  | __main__:flag_hard_bound_outliers:122 -     OUTLIER → Ginger | 2017-10-23 | ₦550,911/MT | Below hard floor 2,000,000
2026-04-11 15:39:07.760 | WARNING  | __main__:flag_hard_bound_outliers:122 -     OUTLIER → Ginger | 2017-10-30 | ₦542,806/MT | Below hard floor 2,000,000
2026-04-11 15:39:07.761 | WARNING  | __main__:flag_hard_bound_outliers:122 -     OUTLIER → Ginger | 2017-11-06 | ₦633,861/MT | Below hard floor 2,000,000
2026-04-11 15:39:07.762 | WARNING  | __main__:flag_hard_bound_outliers:122 -     OUTLIER → Ginger | 2017-11-13 | ₦573,936/MT | Below hard floor 2,000,000
2026-04-11 15:39:07.762 | WARNING  | __main__:flag_hard_bound_outliers:122 -     OUTLIER → Ginger | 2017-11-20 | ₦560,421/MT | Below hard floor 2,000,000
2026-04-11 15:39:07.762 | WARNING  | __main__:flag_hard_bound_outliers:122 -     OUTLIER → Ginger | 2017-11-27 | ₦607,920/MT | Below hard floor 2,000,000
2026-04-11 15:39:07.762 | WARNING  | __main__:flag_hard_bound_outliers:122 -     OUTLIER → Ginger | 2017-12-04 | ₦650,059/MT | Below hard floor 2,000,000
2026-04-11 15:39:07.762 | WARNING  | __main__:flag_hard_bound_outliers:122 -     OUTLIER → Ginger | 2017-12-11 | ₦639,780/MT | Below hard floor 2,000,000
2026-04-11 15:39:07.762 | WARNING  | __main__:flag_hard_bound_outliers:122 -     OUTLIER → Ginger | 2017-12-18 | ₦674,025/MT | Below hard floor 2,000,000
2026-04-11 15:39:07.762 | WARNING  | __main__:flag_hard_bound_outliers:122 -     OUTLIER → Ginger | 2017-12-25 | ₦664,827/MT | Below hard floor 2,000,000
2026-04-11 15:39:07.768 | WARNING  | __main__:flag_hard_bound_outliers:122 -     OUTLIER → Ginger | 2018-01-01 | ₦825,785/MT | Below hard floor 2,000,000
2026-04-11 15:39:07.769 | WARNING  | __main__:flag_hard_bound_outliers:122 -     OUTLIER → Ginger | 2018-01-08 | ₦807,736/MT | Below hard floor 2,000,000
2026-04-11 15:39:07.770 | WARNING  | __main__:flag_hard_bound_outliers:122 -     OUTLIER → Ginger | 2018-01-15 | ₦861,986/MT | Below hard floor 2,000,000
2026-04-11 15:39:07.771 | WARNING  | __main__:flag_hard_bound_outliers:122 -     OUTLIER → Ginger | 2018-01-22 | ₦856,385/MT | Below hard floor 2,000,000
2026-04-11 15:39:07.772 | WARNING  | __main__:flag_hard_bound_outliers:122 -     OUTLIER → Ginger | 2018-01-29 | ₦837,501/MT | Below hard floor 2,000,000
2026-04-11 15:39:07.774 | WARNING  | __main__:flag_hard_bound_outliers:122 -     OUTLIER → Ginger | 2018-02-05 | ₦849,596/MT | Below hard floor 2,000,000
2026-04-11 15:39:07.776 | WARNING  | __main__:flag_hard_bound_outliers:122 -     OUTLIER → Ginger | 2018-02-12 | ₦779,157/MT | Below hard floor 2,000,000
2026-04-11 15:39:07.777 | WARNING  | __main__:flag_hard_bound_outliers:122 -     OUTLIER → Ginger | 2018-02-19 | ₦768,159/MT | Below hard floor 2,000,000
2026-04-11 15:39:07.778 | WARNING  | __main__:flag_hard_bound_outliers:122 -     OUTLIER → Ginger | 2018-02-26 | ₦788,290/MT | Below hard floor 2,000,000
2026-04-11 15:39:07.778 | WARNING  | __main__:flag_hard_bound_outliers:122 -     OUTLIER → Ginger | 2018-03-05 | ₦768,947/MT | Below hard floor 2,000,000
2026-04-11 15:39:07.778 | WARNING  | __main__:flag_hard_bound_outliers:122 -     OUTLIER → Ginger | 2018-03-12 | ₦775,621/MT | Below hard floor 2,000,000
2026-04-11 15:39:07.778 | WARNING  | __main__:flag_hard_bound_outliers:122 -     OUTLIER → Ginger | 2018-03-19 | ₦764,427/MT | Below hard floor 2,000,000
2026-04-11 15:39:07.778 | WARNING  | __main__:flag_hard_bound_outliers:122 -     OUTLIER → Ginger | 2018-03-26 | ₦778,132/MT | Below hard floor 2,000,000
2026-04-11 15:39:07.778 | WARNING  | __main__:flag_hard_bound_outliers:122 -     OUTLIER → Ginger | 2018-04-02 | ₦673,718/MT | Below hard floor 2,000,000
2026-04-11 15:39:07.778 | WARNING  | __main__:flag_hard_bound_outliers:122 -     OUTLIER → Ginger | 2018-04-09 | ₦730,319/MT | Below hard floor 2,000,000
2026-04-11 15:39:07.778 | WARNING  | __main__:flag_hard_bound_outliers:122 -     OUTLIER → Ginger | 2018-04-16 | ₦698,275/MT | Below hard floor 2,000,000
2026-04-11 15:39:07.786 | WARNING  | __main__:flag_hard_bound_outliers:122 -     OUTLIER → Ginger | 2018-04-23 | ₦723,463/MT | Below hard floor 2,000,000
2026-04-11 15:39:07.787 | WARNING  | __main__:flag_hard_bound_outliers:122 -     OUTLIER → Ginger | 2018-04-30 | ₦707,197/MT | Below hard floor 2,000,000
2026-04-11 15:39:07.788 | WARNING  | __main__:flag_hard_bound_outliers:122 -     OUTLIER → Ginger | 2018-05-07 | ₦674,112/MT | Below hard floor 2,000,000
2026-04-11 15:39:07.789 | WARNING  | __main__:flag_hard_bound_outliers:122 -     OUTLIER → Ginger | 2018-05-14 | ₦676,367/MT | Below hard floor 2,000,000
2026-04-11 15:39:07.790 | WARNING  | __main__:flag_hard_bound_outliers:122 -     OUTLIER → Ginger | 2018-05-21 | ₦673,932/MT | Below hard floor 2,000,000
2026-04-11 15:39:07.791 | WARNING  | __main__:flag_hard_bound_outliers:122 -     OUTLIER → Ginger | 2018-05-28 | ₦677,822/MT | Below hard floor 2,000,000
2026-04-11 15:39:07.793 | WARNING  | __main__:flag_hard_bound_outliers:122 -     OUTLIER → Ginger | 2018-06-04 | ₦691,517/MT | Below hard floor 2,000,000
2026-04-11 15:39:07.795 | WARNING  | __main__:flag_hard_bound_outliers:122 -     OUTLIER → Ginger | 2018-06-11 | ₦668,921/MT | Below hard floor 2,000,000
2026-04-11 15:39:07.796 | WARNING  | __main__:flag_hard_bound_outliers:122 -     OUTLIER → Ginger | 2018-06-18 | ₦679,145/MT | Below hard floor 2,000,000
2026-04-11 15:39:07.797 | WARNING  | __main__:flag_hard_bound_outliers:122 -     OUTLIER → Ginger | 2018-06-25 | ₦663,210/MT | Below hard floor 2,000,000
2026-04-11 15:39:07.797 | WARNING  | __main__:flag_hard_bound_outliers:122 -     OUTLIER → Ginger | 2018-07-02 | ₦657,218/MT | Below hard floor 2,000,000
2026-04-11 15:39:07.797 | WARNING  | __main__:flag_hard_bound_outliers:122 -     OUTLIER → Ginger | 2018-07-09 | ₦617,216/MT | Below hard floor 2,000,000
2026-04-11 15:39:07.797 | WARNING  | __main__:flag_hard_bound_outliers:122 -     OUTLIER → Ginger | 2018-07-16 | ₦664,038/MT | Below hard floor 2,000,000
2026-04-11 15:39:07.797 | WARNING  | __main__:flag_hard_bound_outliers:122 -     OUTLIER → Ginger | 2018-07-23 | ₦629,241/MT | Below hard floor 2,000,000
2026-04-11 15:39:07.797 | WARNING  | __main__:flag_hard_bound_outliers:122 -     OUTLIER → Ginger | 2018-07-30 | ₦602,958/MT | Below hard floor 2,000,000
2026-04-11 15:39:07.802 | WARNING  | __main__:flag_hard_bound_outliers:122 -     OUTLIER → Ginger | 2018-08-06 | ₦618,367/MT | Below hard floor 2,000,000
2026-04-11 15:39:07.804 | WARNING  | __main__:flag_hard_bound_outliers:122 -     OUTLIER → Ginger | 2018-08-13 | ₦603,414/MT | Below hard floor 2,000,000
2026-04-11 15:39:07.805 | WARNING  | __main__:flag_hard_bound_outliers:122 -     OUTLIER → Ginger | 2018-08-20 | ₦631,535/MT | Below hard floor 2,000,000
2026-04-11 15:39:07.806 | WARNING  | __main__:flag_hard_bound_outliers:122 -     OUTLIER → Ginger | 2018-08-27 | ₦603,940/MT | Below hard floor 2,000,000
2026-04-11 15:39:07.808 | WARNING  | __main__:flag_hard_bound_outliers:122 -     OUTLIER → Ginger | 2018-09-03 | ₦621,567/MT | Below hard floor 2,000,000
2026-04-11 15:39:07.808 | WARNING  | __main__:flag_hard_bound_outliers:122 -     OUTLIER → Ginger | 2018-09-10 | ₦594,288/MT | Below hard floor 2,000,000
2026-04-11 15:39:07.810 | WARNING  | __main__:flag_hard_bound_outliers:122 -     OUTLIER → Ginger | 2018-09-17 | ₦621,451/MT | Below hard floor 2,000,000
2026-04-11 15:39:07.810 | WARNING  | __main__:flag_hard_bound_outliers:122 -     OUTLIER → Ginger | 2018-09-24 | ₦584,189/MT | Below hard floor 2,000,000
2026-04-11 15:39:07.811 | WARNING  | __main__:flag_hard_bound_outliers:122 -     OUTLIER → Ginger | 2018-10-01 | ₦613,399/MT | Below hard floor 2,000,000
2026-04-11 15:39:07.811 | WARNING  | __main__:flag_hard_bound_outliers:122 -     OUTLIER → Ginger | 2018-10-08 | ₦658,691/MT | Below hard floor 2,000,000
2026-04-11 15:39:07.811 | WARNING  | __main__:flag_hard_bound_outliers:122 -     OUTLIER → Ginger | 2018-10-15 | ₦659,182/MT | Below hard floor 2,000,000
2026-04-11 15:39:07.811 | WARNING  | __main__:flag_hard_bound_outliers:122 -     OUTLIER → Ginger | 2018-10-22 | ₦652,220/MT | Below hard floor 2,000,000
2026-04-11 15:39:07.815 | WARNING  | __main__:flag_hard_bound_outliers:122 -     OUTLIER → Ginger | 2018-10-29 | ₦625,318/MT | Below hard floor 2,000,000
2026-04-11 15:39:07.816 | WARNING  | __main__:flag_hard_bound_outliers:122 -     OUTLIER → Ginger | 2018-11-05 | ₦698,998/MT | Below hard floor 2,000,000
2026-04-11 15:39:07.816 | WARNING  | __main__:flag_hard_bound_outliers:122 -     OUTLIER → Ginger | 2018-11-12 | ₦699,924/MT | Below hard floor 2,000,000
2026-04-11 15:39:07.817 | WARNING  | __main__:flag_hard_bound_outliers:122 -     OUTLIER → Ginger | 2018-11-19 | ₦675,674/MT | Below hard floor 2,000,000
2026-04-11 15:39:07.818 | WARNING  | __main__:flag_hard_bound_outliers:122 -     OUTLIER → Ginger | 2018-11-26 | ₦731,571/MT | Below hard floor 2,000,000
2026-04-11 15:39:07.818 | WARNING  | __main__:flag_hard_bound_outliers:122 -     OUTLIER → Ginger | 2018-12-03 | ₦790,267/MT | Below hard floor 2,000,000
2026-04-11 15:39:07.820 | WARNING  | __main__:flag_hard_bound_outliers:122 -     OUTLIER → Ginger | 2018-12-10 | ₦764,896/MT | Below hard floor 2,000,000
2026-04-11 15:39:07.821 | WARNING  | __main__:flag_hard_bound_outliers:122 -     OUTLIER → Ginger | 2018-12-17 | ₦770,621/MT | Below hard floor 2,000,000
2026-04-11 15:39:07.822 | WARNING  | __main__:flag_hard_bound_outliers:122 -     OUTLIER → Ginger | 2018-12-24 | ₦774,814/MT | Below hard floor 2,000,000
2026-04-11 15:39:07.824 | WARNING  | __main__:flag_hard_bound_outliers:122 -     OUTLIER → Ginger | 2018-12-31 | ₦722,836/MT | Below hard floor 2,000,000
2026-04-11 15:39:07.825 | WARNING  | __main__:flag_hard_bound_outliers:122 -     OUTLIER → Ginger | 2019-01-07 | ₦893,326/MT | Below hard floor 2,000,000
2026-04-11 15:39:07.826 | WARNING  | __main__:flag_hard_bound_outliers:122 -     OUTLIER → Ginger | 2019-01-14 | ₦881,586/MT | Below hard floor 2,000,000
2026-04-11 15:39:07.827 | WARNING  | __main__:flag_hard_bound_outliers:122 -     OUTLIER → Ginger | 2019-01-21 | ₦872,956/MT | Below hard floor 2,000,000
2026-04-11 15:39:07.828 | WARNING  | __main__:flag_hard_bound_outliers:122 -     OUTLIER → Ginger | 2019-01-28 | ₦892,410/MT | Below hard floor 2,000,000
2026-04-11 15:39:07.829 | WARNING  | __main__:flag_hard_bound_outliers:122 -     OUTLIER → Ginger | 2019-02-04 | ₦909,015/MT | Below hard floor 2,000,000
2026-04-11 15:39:07.829 | WARNING  | __main__:flag_hard_bound_outliers:122 -     OUTLIER → Ginger | 2019-02-11 | ₦879,082/MT | Below hard floor 2,000,000
2026-04-11 15:39:07.829 | WARNING  | __main__:flag_hard_bound_outliers:122 -     OUTLIER → Ginger | 2019-02-18 | ₦847,721/MT | Below hard floor 2,000,000
2026-04-11 15:39:07.829 | WARNING  | __main__:flag_hard_bound_outliers:122 -     OUTLIER → Ginger | 2019-02-25 | ₦877,316/MT | Below hard floor 2,000,000
2026-04-11 15:39:07.833 | WARNING  | __main__:flag_hard_bound_outliers:122 -     OUTLIER → Ginger | 2019-03-04 | ₦859,634/MT | Below hard floor 2,000,000
2026-04-11 15:39:07.834 | WARNING  | __main__:flag_hard_bound_outliers:122 -     OUTLIER → Ginger | 2019-03-11 | ₦847,885/MT | Below hard floor 2,000,000
2026-04-11 15:39:07.834 | WARNING  | __main__:flag_hard_bound_outliers:122 -     OUTLIER → Ginger | 2019-03-18 | ₦826,476/MT | Below hard floor 2,000,000
2026-04-11 15:39:07.835 | WARNING  | __main__:flag_hard_bound_outliers:122 -     OUTLIER → Ginger | 2019-03-25 | ₦808,988/MT | Below hard floor 2,000,000
2026-04-11 15:39:07.836 | WARNING  | __main__:flag_hard_bound_outliers:122 -     OUTLIER → Ginger | 2019-04-01 | ₦765,710/MT | Below hard floor 2,000,000
2026-04-11 15:39:07.837 | WARNING  | __main__:flag_hard_bound_outliers:122 -     OUTLIER → Ginger | 2019-04-08 | ₦758,853/MT | Below hard floor 2,000,000
2026-04-11 15:39:07.839 | WARNING  | __main__:flag_hard_bound_outliers:122 -     OUTLIER → Ginger | 2019-04-15 | ₦770,142/MT | Below hard floor 2,000,000
2026-04-11 15:39:07.840 | WARNING  | __main__:flag_hard_bound_outliers:122 -     OUTLIER → Ginger | 2019-04-22 | ₦764,291/MT | Below hard floor 2,000,000
2026-04-11 15:39:07.841 | WARNING  | __main__:flag_hard_bound_outliers:122 -     OUTLIER → Ginger | 2019-04-29 | ₦773,615/MT | Below hard floor 2,000,000
2026-04-11 15:39:07.843 | WARNING  | __main__:flag_hard_bound_outliers:122 -     OUTLIER → Ginger | 2019-05-06 | ₦701,059/MT | Below hard floor 2,000,000
2026-04-11 15:39:07.843 | WARNING  | __main__:flag_hard_bound_outliers:122 -     OUTLIER → Ginger | 2019-05-13 | ₦740,659/MT | Below hard floor 2,000,000
2026-04-11 15:39:07.844 | WARNING  | __main__:flag_hard_bound_outliers:122 -     OUTLIER → Ginger | 2019-05-20 | ₦716,724/MT | Below hard floor 2,000,000
2026-04-11 15:39:07.846 | WARNING  | __main__:flag_hard_bound_outliers:122 -     OUTLIER → Ginger | 2019-05-27 | ₦756,859/MT | Below hard floor 2,000,000
2026-04-11 15:39:07.846 | WARNING  | __main__:flag_hard_bound_outliers:122 -     OUTLIER → Ginger | 2019-06-03 | ₦697,769/MT | Below hard floor 2,000,000
2026-04-11 15:39:07.846 | WARNING  | __main__:flag_hard_bound_outliers:122 -     OUTLIER → Ginger | 2019-06-10 | ₦749,606/MT | Below hard floor 2,000,000
2026-04-11 15:39:07.846 | WARNING  | __main__:flag_hard_bound_outliers:122 -     OUTLIER → Ginger | 2019-06-17 | ₦716,730/MT | Below hard floor 2,000,000
2026-04-11 15:39:07.846 | WARNING  | __main__:flag_hard_bound_outliers:122 -     OUTLIER → Ginger | 2019-06-24 | ₦698,576/MT | Below hard floor 2,000,000
2026-04-11 15:39:07.846 | WARNING  | __main__:flag_hard_bound_outliers:122 -     OUTLIER → Ginger | 2019-07-01 | ₦665,201/MT | Below hard floor 2,000,000
2026-04-11 15:39:07.850 | WARNING  | __main__:flag_hard_bound_outliers:122 -     OUTLIER → Ginger | 2019-07-08 | ₦668,513/MT | Below hard floor 2,000,000
2026-04-11 15:39:07.851 | WARNING  | __main__:flag_hard_bound_outliers:122 -     OUTLIER → Ginger | 2019-07-15 | ₦683,589/MT | Below hard floor 2,000,000
2026-04-11 15:39:07.852 | WARNING  | __main__:flag_hard_bound_outliers:122 -     OUTLIER → Ginger | 2019-07-22 | ₦685,587/MT | Below hard floor 2,000,000
2026-04-11 15:39:07.853 | WARNING  | __main__:flag_hard_bound_outliers:122 -     OUTLIER → Ginger | 2019-07-29 | ₦663,383/MT | Below hard floor 2,000,000
2026-04-11 15:39:07.855 | WARNING  | __main__:flag_hard_bound_outliers:122 -     OUTLIER → Ginger | 2019-08-05 | ₦659,518/MT | Below hard floor 2,000,000
2026-04-11 15:39:07.856 | WARNING  | __main__:flag_hard_bound_outliers:122 -     OUTLIER → Ginger | 2019-08-12 | ₦702,417/MT | Below hard floor 2,000,000
2026-04-11 15:39:07.859 | WARNING  | __main__:flag_hard_bound_outliers:122 -     OUTLIER → Ginger | 2019-08-19 | ₦694,205/MT | Below hard floor 2,000,000
2026-04-11 15:39:07.861 | WARNING  | __main__:flag_hard_bound_outliers:122 -     OUTLIER → Ginger | 2019-08-26 | ₦668,639/MT | Below hard floor 2,000,000
2026-04-11 15:39:07.862 | WARNING  | __main__:flag_hard_bound_outliers:122 -     OUTLIER → Ginger | 2019-09-02 | ₦675,770/MT | Below hard floor 2,000,000
2026-04-11 15:39:07.862 | WARNING  | __main__:flag_hard_bound_outliers:122 -     OUTLIER → Ginger | 2019-09-09 | ₦677,431/MT | Below hard floor 2,000,000
2026-04-11 15:39:07.862 | WARNING  | __main__:flag_hard_bound_outliers:122 -     OUTLIER → Ginger | 2019-09-16 | ₦687,424/MT | Below hard floor 2,000,000
2026-04-11 15:39:07.862 | WARNING  | __main__:flag_hard_bound_outliers:122 -     OUTLIER → Ginger | 2019-09-23 | ₦654,288/MT | Below hard floor 2,000,000
2026-04-11 15:39:07.862 | WARNING  | __main__:flag_hard_bound_outliers:122 -     OUTLIER → Ginger | 2019-09-30 | ₦669,788/MT | Below hard floor 2,000,000
2026-04-11 15:39:07.862 | WARNING  | __main__:flag_hard_bound_outliers:122 -     OUTLIER → Ginger | 2019-10-07 | ₦655,460/MT | Below hard floor 2,000,000
2026-04-11 15:39:07.862 | WARNING  | __main__:flag_hard_bound_outliers:122 -     OUTLIER → Ginger | 2019-10-14 | ₦698,264/MT | Below hard floor 2,000,000
2026-04-11 15:39:07.862 | WARNING  | __main__:flag_hard_bound_outliers:122 -     OUTLIER → Ginger | 2019-10-21 | ₦703,397/MT | Below hard floor 2,000,000
2026-04-11 15:39:07.869 | WARNING  | __main__:flag_hard_bound_outliers:122 -     OUTLIER → Ginger | 2019-10-28 | ₦679,998/MT | Below hard floor 2,000,000
2026-04-11 15:39:07.871 | WARNING  | __main__:flag_hard_bound_outliers:122 -     OUTLIER → Ginger | 2019-11-04 | ₦785,415/MT | Below hard floor 2,000,000
2026-04-11 15:39:07.872 | WARNING  | __main__:flag_hard_bound_outliers:122 -     OUTLIER → Ginger | 2019-11-11 | ₦722,420/MT | Below hard floor 2,000,000
2026-04-11 15:39:07.873 | WARNING  | __main__:flag_hard_bound_outliers:122 -     OUTLIER → Ginger | 2019-11-18 | ₦717,052/MT | Below hard floor 2,000,000
2026-04-11 15:39:07.874 | WARNING  | __main__:flag_hard_bound_outliers:122 -     OUTLIER → Ginger | 2019-11-25 | ₦755,050/MT | Below hard floor 2,000,000
2026-04-11 15:39:07.877 | WARNING  | __main__:flag_hard_bound_outliers:122 -     OUTLIER → Ginger | 2019-12-02 | ₦850,916/MT | Below hard floor 2,000,000
2026-04-11 15:39:07.877 | WARNING  | __main__:flag_hard_bound_outliers:122 -     OUTLIER → Ginger | 2019-12-09 | ₦866,677/MT | Below hard floor 2,000,000
2026-04-11 15:39:07.877 | WARNING  | __main__:flag_hard_bound_outliers:122 -     OUTLIER → Ginger | 2019-12-16 | ₦813,643/MT | Below hard floor 2,000,000
2026-04-11 15:39:07.877 | WARNING  | __main__:flag_hard_bound_outliers:122 -     OUTLIER → Ginger | 2019-12-23 | ₦851,697/MT | Below hard floor 2,000,000
2026-04-11 15:39:07.877 | WARNING  | __main__:flag_hard_bound_outliers:122 -     OUTLIER → Ginger | 2019-12-30 | ₦824,047/MT | Below hard floor 2,000,000
2026-04-11 15:39:07.877 | WARNING  | __main__:flag_hard_bound_outliers:122 -     OUTLIER → Ginger | 2020-01-06 | ₦1,074,407/MT | Below hard floor 2,000,000
2026-04-11 15:39:07.882 | WARNING  | __main__:flag_hard_bound_outliers:122 -     OUTLIER → Ginger | 2020-01-13 | ₦1,108,631/MT | Below hard floor 2,000,000
2026-04-11 15:39:07.883 | WARNING  | __main__:flag_hard_bound_outliers:122 -     OUTLIER → Ginger | 2020-01-20 | ₦1,101,135/MT | Below hard floor 2,000,000
2026-04-11 15:39:07.884 | WARNING  | __main__:flag_hard_bound_outliers:122 -     OUTLIER → Ginger | 2020-01-27 | ₦1,028,925/MT | Below hard floor 2,000,000
2026-04-11 15:39:07.885 | WARNING  | __main__:flag_hard_bound_outliers:122 -     OUTLIER → Ginger | 2020-02-03 | ₦1,080,847/MT | Below hard floor 2,000,000
2026-04-11 15:39:07.886 | WARNING  | __main__:flag_hard_bound_outliers:122 -     OUTLIER → Ginger | 2020-02-10 | ₦1,077,852/MT | Below hard floor 2,000,000
2026-04-11 15:39:07.887 | WARNING  | __main__:flag_hard_bound_outliers:122 -     OUTLIER → Ginger | 2020-02-17 | ₦1,015,576/MT | Below hard floor 2,000,000
2026-04-11 15:39:07.888 | WARNING  | __main__:flag_hard_bound_outliers:122 -     OUTLIER → Ginger | 2020-02-24 | ₦1,047,290/MT | Below hard floor 2,000,000
2026-04-11 15:39:07.890 | WARNING  | __main__:flag_hard_bound_outliers:122 -     OUTLIER → Ginger | 2020-03-02 | ₦1,004,673/MT | Below hard floor 2,000,000
2026-04-11 15:39:07.892 | WARNING  | __main__:flag_hard_bound_outliers:122 -     OUTLIER → Ginger | 2020-03-09 | ₦997,742/MT | Below hard floor 2,000,000
2026-04-11 15:39:07.892 | WARNING  | __main__:flag_hard_bound_outliers:122 -     OUTLIER → Ginger | 2020-03-16 | ₦973,656/MT | Below hard floor 2,000,000
2026-04-11 15:39:07.894 | WARNING  | __main__:flag_hard_bound_outliers:122 -     OUTLIER → Ginger | 2020-03-23 | ₦970,053/MT | Below hard floor 2,000,000
2026-04-11 15:39:07.895 | WARNING  | __main__:flag_hard_bound_outliers:122 -     OUTLIER → Ginger | 2020-03-30 | ₦989,241/MT | Below hard floor 2,000,000
2026-04-11 15:39:07.896 | WARNING  | __main__:flag_hard_bound_outliers:122 -     OUTLIER → Ginger | 2020-04-06 | ₦931,664/MT | Below hard floor 2,000,000
2026-04-11 15:39:07.896 | WARNING  | __main__:flag_hard_bound_outliers:122 -     OUTLIER → Ginger | 2020-04-13 | ₦914,677/MT | Below hard floor 2,000,000
2026-04-11 15:39:07.896 | WARNING  | __main__:flag_hard_bound_outliers:122 -     OUTLIER → Ginger | 2020-04-20 | ₦889,993/MT | Below hard floor 2,000,000
2026-04-11 15:39:07.896 | WARNING  | __main__:flag_hard_bound_outliers:122 -     OUTLIER → Ginger | 2020-04-27 | ₦920,836/MT | Below hard floor 2,000,000
2026-04-11 15:39:07.896 | WARNING  | __main__:flag_hard_bound_outliers:122 -     OUTLIER → Ginger | 2020-05-04 | ₦781,935/MT | Below hard floor 2,000,000
2026-04-11 15:39:07.896 | WARNING  | __main__:flag_hard_bound_outliers:122 -     OUTLIER → Ginger | 2020-05-11 | ₦884,466/MT | Below hard floor 2,000,000
2026-04-11 15:39:07.902 | WARNING  | __main__:flag_hard_bound_outliers:122 -     OUTLIER → Ginger | 2020-05-18 | ₦810,376/MT | Below hard floor 2,000,000
2026-04-11 15:39:07.903 | WARNING  | __main__:flag_hard_bound_outliers:122 -     OUTLIER → Ginger | 2020-05-25 | ₦845,703/MT | Below hard floor 2,000,000
2026-04-11 15:39:07.904 | WARNING  | __main__:flag_hard_bound_outliers:122 -     OUTLIER → Ginger | 2020-06-01 | ₦826,280/MT | Below hard floor 2,000,000
2026-04-11 15:39:07.905 | WARNING  | __main__:flag_hard_bound_outliers:122 -     OUTLIER → Ginger | 2020-06-08 | ₦821,791/MT | Below hard floor 2,000,000
2026-04-11 15:39:07.906 | WARNING  | __main__:flag_hard_bound_outliers:122 -     OUTLIER → Ginger | 2020-06-15 | ₦884,775/MT | Below hard floor 2,000,000
2026-04-11 15:39:07.907 | WARNING  | __main__:flag_hard_bound_outliers:122 -     OUTLIER → Ginger | 2020-06-22 | ₦843,003/MT | Below hard floor 2,000,000
2026-04-11 15:39:07.909 | WARNING  | __main__:flag_hard_bound_outliers:122 -     OUTLIER → Ginger | 2020-06-29 | ₦863,888/MT | Below hard floor 2,000,000
2026-04-11 15:39:07.909 | WARNING  | __main__:flag_hard_bound_outliers:122 -     OUTLIER → Ginger | 2020-07-06 | ₦808,860/MT | Below hard floor 2,000,000
2026-04-11 15:39:07.911 | WARNING  | __main__:flag_hard_bound_outliers:122 -     OUTLIER → Ginger | 2020-07-13 | ₦821,592/MT | Below hard floor 2,000,000
2026-04-11 15:39:07.912 | WARNING  | __main__:flag_hard_bound_outliers:122 -     OUTLIER → Ginger | 2020-07-20 | ₦811,867/MT | Below hard floor 2,000,000
2026-04-11 15:39:07.913 | WARNING  | __main__:flag_hard_bound_outliers:122 -     OUTLIER → Ginger | 2020-07-27 | ₦778,823/MT | Below hard floor 2,000,000
2026-04-11 15:39:07.914 | WARNING  | __main__:flag_hard_bound_outliers:122 -     OUTLIER → Ginger | 2020-08-03 | ₦815,671/MT | Below hard floor 2,000,000
2026-04-11 15:39:07.914 | WARNING  | __main__:flag_hard_bound_outliers:122 -     OUTLIER → Ginger | 2020-08-10 | ₦780,268/MT | Below hard floor 2,000,000
2026-04-11 15:39:07.914 | WARNING  | __main__:flag_hard_bound_outliers:122 -     OUTLIER → Ginger | 2020-08-17 | ₦755,016/MT | Below hard floor 2,000,000
2026-04-11 15:39:07.914 | WARNING  | __main__:flag_hard_bound_outliers:122 -     OUTLIER → Ginger | 2020-08-24 | ₦781,828/MT | Below hard floor 2,000,000
2026-04-11 15:39:07.914 | WARNING  | __main__:flag_hard_bound_outliers:122 -     OUTLIER → Ginger | 2020-08-31 | ₦827,658/MT | Below hard floor 2,000,000
2026-04-11 15:39:07.918 | WARNING  | __main__:flag_hard_bound_outliers:122 -     OUTLIER → Ginger | 2020-09-07 | ₦830,660/MT | Below hard floor 2,000,000
2026-04-11 15:39:07.919 | WARNING  | __main__:flag_hard_bound_outliers:122 -     OUTLIER → Ginger | 2020-09-14 | ₦801,528/MT | Below hard floor 2,000,000
2026-04-11 15:39:07.920 | WARNING  | __main__:flag_hard_bound_outliers:122 -     OUTLIER → Ginger | 2020-09-21 | ₦801,513/MT | Below hard floor 2,000,000
2026-04-11 15:39:07.921 | WARNING  | __main__:flag_hard_bound_outliers:122 -     OUTLIER → Ginger | 2020-09-28 | ₦802,184/MT | Below hard floor 2,000,000
2026-04-11 15:39:07.923 | WARNING  | __main__:flag_hard_bound_outliers:122 -     OUTLIER → Ginger | 2020-10-05 | ₦879,586/MT | Below hard floor 2,000,000
2026-04-11 15:39:07.924 | WARNING  | __main__:flag_hard_bound_outliers:122 -     OUTLIER → Ginger | 2020-10-12 | ₦837,487/MT | Below hard floor 2,000,000
2026-04-11 15:39:07.925 | WARNING  | __main__:flag_hard_bound_outliers:122 -     OUTLIER → Ginger | 2020-10-19 | ₦838,682/MT | Below hard floor 2,000,000
2026-04-11 15:39:07.926 | WARNING  | __main__:flag_hard_bound_outliers:122 -     OUTLIER → Ginger | 2020-10-26 | ₦853,592/MT | Below hard floor 2,000,000
2026-04-11 15:39:07.927 | WARNING  | __main__:flag_hard_bound_outliers:122 -     OUTLIER → Ginger | 2020-11-02 | ₦906,447/MT | Below hard floor 2,000,000
2026-04-11 15:39:07.928 | WARNING  | __main__:flag_hard_bound_outliers:122 -     OUTLIER → Ginger | 2020-11-09 | ₦893,006/MT | Below hard floor 2,000,000
2026-04-11 15:39:07.928 | WARNING  | __main__:flag_hard_bound_outliers:122 -     OUTLIER → Ginger | 2020-11-16 | ₦894,699/MT | Below hard floor 2,000,000
2026-04-11 15:39:07.928 | WARNING  | __main__:flag_hard_bound_outliers:122 -     OUTLIER → Ginger | 2020-11-23 | ₦898,067/MT | Below hard floor 2,000,000
2026-04-11 15:39:07.928 | WARNING  | __main__:flag_hard_bound_outliers:122 -     OUTLIER → Ginger | 2020-11-30 | ₦898,995/MT | Below hard floor 2,000,000
2026-04-11 15:39:07.928 | WARNING  | __main__:flag_hard_bound_outliers:122 -     OUTLIER → Ginger | 2020-12-07 | ₦1,011,611/MT | Below hard floor 2,000,000
2026-04-11 15:39:07.928 | WARNING  | __main__:flag_hard_bound_outliers:122 -     OUTLIER → Ginger | 2020-12-14 | ₦991,543/MT | Below hard floor 2,000,000
2026-04-11 15:39:07.928 | WARNING  | __main__:flag_hard_bound_outliers:122 -     OUTLIER → Ginger | 2020-12-21 | ₦1,011,759/MT | Below hard floor 2,000,000
2026-04-11 15:39:07.935 | WARNING  | __main__:flag_hard_bound_outliers:122 -     OUTLIER → Ginger | 2020-12-28 | ₦987,603/MT | Below hard floor 2,000,000
2026-04-11 15:39:07.936 | WARNING  | __main__:flag_hard_bound_outliers:122 -     OUTLIER → Ginger | 2021-01-04 | ₦1,443,397/MT | Below hard floor 2,000,000
2026-04-11 15:39:07.937 | WARNING  | __main__:flag_hard_bound_outliers:122 -     OUTLIER → Ginger | 2021-01-11 | ₦1,353,678/MT | Below hard floor 2,000,000
2026-04-11 15:39:07.938 | WARNING  | __main__:flag_hard_bound_outliers:122 -     OUTLIER → Ginger | 2021-01-18 | ₦1,479,585/MT | Below hard floor 2,000,000
2026-04-11 15:39:07.940 | WARNING  | __main__:flag_hard_bound_outliers:122 -     OUTLIER → Ginger | 2021-01-25 | ₦1,454,968/MT | Below hard floor 2,000,000
2026-04-11 15:39:07.941 | WARNING  | __main__:flag_hard_bound_outliers:122 -     OUTLIER → Ginger | 2021-02-01 | ₦1,421,318/MT | Below hard floor 2,000,000
2026-04-11 15:39:07.942 | WARNING  | __main__:flag_hard_bound_outliers:122 -     OUTLIER → Ginger | 2021-02-08 | ₦1,260,095/MT | Below hard floor 2,000,000
2026-04-11 15:39:07.943 | WARNING  | __main__:flag_hard_bound_outliers:122 -     OUTLIER → Ginger | 2021-02-15 | ₦1,466,459/MT | Below hard floor 2,000,000
2026-04-11 15:39:07.945 | WARNING  | __main__:flag_hard_bound_outliers:122 -     OUTLIER → Ginger | 2021-02-22 | ₦1,374,221/MT | Below hard floor 2,000,000
2026-04-11 15:39:07.946 | WARNING  | __main__:flag_hard_bound_outliers:122 -     OUTLIER → Ginger | 2021-03-01 | ₦1,363,884/MT | Below hard floor 2,000,000
2026-04-11 15:39:07.946 | WARNING  | __main__:flag_hard_bound_outliers:122 -     OUTLIER → Ginger | 2021-03-08 | ₦1,278,820/MT | Below hard floor 2,000,000
2026-04-11 15:39:07.946 | WARNING  | __main__:flag_hard_bound_outliers:122 -     OUTLIER → Ginger | 2021-03-15 | ₦1,344,266/MT | Below hard floor 2,000,000
2026-04-11 15:39:07.946 | WARNING  | __main__:flag_hard_bound_outliers:122 -     OUTLIER → Ginger | 2021-03-22 | ₦1,278,285/MT | Below hard floor 2,000,000
2026-04-11 15:39:07.946 | WARNING  | __main__:flag_hard_bound_outliers:122 -     OUTLIER → Ginger | 2021-03-29 | ₦1,295,299/MT | Below hard floor 2,000,000
2026-04-11 15:39:07.946 | WARNING  | __main__:flag_hard_bound_outliers:122 -     OUTLIER → Ginger | 2021-04-05 | ₦1,268,905/MT | Below hard floor 2,000,000
2026-04-11 15:39:07.951 | WARNING  | __main__:flag_hard_bound_outliers:122 -     OUTLIER → Ginger | 2021-04-12 | ₦1,193,135/MT | Below hard floor 2,000,000
2026-04-11 15:39:07.952 | WARNING  | __main__:flag_hard_bound_outliers:122 -     OUTLIER → Ginger | 2021-04-19 | ₦1,207,828/MT | Below hard floor 2,000,000
2026-04-11 15:39:07.953 | WARNING  | __main__:flag_hard_bound_outliers:122 -     OUTLIER → Ginger | 2021-04-26 | ₦1,231,322/MT | Below hard floor 2,000,000
2026-04-11 15:39:07.955 | WARNING  | __main__:flag_hard_bound_outliers:122 -     OUTLIER → Ginger | 2021-05-03 | ₦1,156,952/MT | Below hard floor 2,000,000
2026-04-11 15:39:07.956 | WARNING  | __main__:flag_hard_bound_outliers:122 -     OUTLIER → Ginger | 2021-05-10 | ₦1,145,144/MT | Below hard floor 2,000,000
2026-04-11 15:39:07.958 | WARNING  | __main__:flag_hard_bound_outliers:122 -     OUTLIER → Ginger | 2021-05-17 | ₦1,152,482/MT | Below hard floor 2,000,000
2026-04-11 15:39:07.959 | WARNING  | __main__:flag_hard_bound_outliers:122 -     OUTLIER → Ginger | 2021-05-24 | ₦1,222,197/MT | Below hard floor 2,000,000
2026-04-11 15:39:07.960 | WARNING  | __main__:flag_hard_bound_outliers:122 -     OUTLIER → Ginger | 2021-05-31 | ₦1,138,029/MT | Below hard floor 2,000,000
2026-04-11 15:39:07.961 | WARNING  | __main__:flag_hard_bound_outliers:122 -     OUTLIER → Ginger | 2021-06-07 | ₦1,146,878/MT | Below hard floor 2,000,000
2026-04-11 15:39:07.962 | WARNING  | __main__:flag_hard_bound_outliers:122 -     OUTLIER → Ginger | 2021-06-14 | ₦1,175,932/MT | Below hard floor 2,000,000
2026-04-11 15:39:07.962 | WARNING  | __main__:flag_hard_bound_outliers:122 -     OUTLIER → Ginger | 2021-06-21 | ₦1,177,809/MT | Below hard floor 2,000,000
2026-04-11 15:39:07.962 | WARNING  | __main__:flag_hard_bound_outliers:122 -     OUTLIER → Ginger | 2021-06-28 | ₦1,180,596/MT | Below hard floor 2,000,000
2026-04-11 15:39:07.962 | WARNING  | __main__:flag_hard_bound_outliers:122 -     OUTLIER → Ginger | 2021-07-05 | ₦1,100,695/MT | Below hard floor 2,000,000
2026-04-11 15:39:07.962 | WARNING  | __main__:flag_hard_bound_outliers:122 -     OUTLIER → Ginger | 2021-07-12 | ₦1,042,967/MT | Below hard floor 2,000,000
2026-04-11 15:39:07.962 | WARNING  | __main__:flag_hard_bound_outliers:122 -     OUTLIER → Ginger | 2021-07-19 | ₦1,132,923/MT | Below hard floor 2,000,000
2026-04-11 15:39:07.962 | WARNING  | __main__:flag_hard_bound_outliers:122 -     OUTLIER → Ginger | 2021-07-26 | ₦1,042,858/MT | Below hard floor 2,000,000
2026-04-11 15:39:07.968 | WARNING  | __main__:flag_hard_bound_outliers:122 -     OUTLIER → Ginger | 2021-08-02 | ₦1,065,587/MT | Below hard floor 2,000,000
2026-04-11 15:39:07.970 | WARNING  | __main__:flag_hard_bound_outliers:122 -     OUTLIER → Ginger | 2021-08-09 | ₦1,032,105/MT | Below hard floor 2,000,000
2026-04-11 15:39:07.971 | WARNING  | __main__:flag_hard_bound_outliers:122 -     OUTLIER → Ginger | 2021-08-16 | ₦1,053,968/MT | Below hard floor 2,000,000
2026-04-11 15:39:07.972 | WARNING  | __main__:flag_hard_bound_outliers:122 -     OUTLIER → Ginger | 2021-08-23 | ₦1,066,415/MT | Below hard floor 2,000,000
2026-04-11 15:39:07.973 | WARNING  | __main__:flag_hard_bound_outliers:122 -     OUTLIER → Ginger | 2021-08-30 | ₦1,066,181/MT | Below hard floor 2,000,000
2026-04-11 15:39:07.974 | WARNING  | __main__:flag_hard_bound_outliers:122 -     OUTLIER → Ginger | 2021-09-06 | ₦1,093,670/MT | Below hard floor 2,000,000
2026-04-11 15:39:07.976 | WARNING  | __main__:flag_hard_bound_outliers:122 -     OUTLIER → Ginger | 2021-09-13 | ₦1,132,284/MT | Below hard floor 2,000,000
2026-04-11 15:39:07.976 | WARNING  | __main__:flag_hard_bound_outliers:122 -     OUTLIER → Ginger | 2021-09-20 | ₦1,094,695/MT | Below hard floor 2,000,000
2026-04-11 15:39:07.977 | WARNING  | __main__:flag_hard_bound_outliers:122 -     OUTLIER → Ginger | 2021-09-27 | ₦1,072,089/MT | Below hard floor 2,000,000
2026-04-11 15:39:07.979 | WARNING  | __main__:flag_hard_bound_outliers:122 -     OUTLIER → Ginger | 2021-10-04 | ₦1,135,931/MT | Below hard floor 2,000,000
2026-04-11 15:39:07.980 | WARNING  | __main__:flag_hard_bound_outliers:122 -     OUTLIER → Ginger | 2021-10-11 | ₦1,143,395/MT | Below hard floor 2,000,000
2026-04-11 15:39:07.981 | WARNING  | __main__:flag_hard_bound_outliers:122 -     OUTLIER → Ginger | 2021-10-18 | ₦1,063,342/MT | Below hard floor 2,000,000
2026-04-11 15:39:07.981 | WARNING  | __main__:flag_hard_bound_outliers:122 -     OUTLIER → Ginger | 2021-10-25 | ₦1,123,786/MT | Below hard floor 2,000,000
2026-04-11 15:39:07.981 | WARNING  | __main__:flag_hard_bound_outliers:122 -     OUTLIER → Ginger | 2021-11-01 | ₦1,225,242/MT | Below hard floor 2,000,000
2026-04-11 15:39:07.981 | WARNING  | __main__:flag_hard_bound_outliers:122 -     OUTLIER → Ginger | 2021-11-08 | ₦1,189,288/MT | Below hard floor 2,000,000
2026-04-11 15:39:07.981 | WARNING  | __main__:flag_hard_bound_outliers:122 -     OUTLIER → Ginger | 2021-11-15 | ₦1,249,525/MT | Below hard floor 2,000,000
2026-04-11 15:39:07.985 | WARNING  | __main__:flag_hard_bound_outliers:122 -     OUTLIER → Ginger | 2021-11-22 | ₦1,194,598/MT | Below hard floor 2,000,000
2026-04-11 15:39:07.986 | WARNING  | __main__:flag_hard_bound_outliers:122 -     OUTLIER → Ginger | 2021-11-29 | ₦1,204,521/MT | Below hard floor 2,000,000
2026-04-11 15:39:07.987 | WARNING  | __main__:flag_hard_bound_outliers:122 -     OUTLIER → Ginger | 2021-12-06 | ₦1,313,146/MT | Below hard floor 2,000,000
2026-04-11 15:39:07.988 | WARNING  | __main__:flag_hard_bound_outliers:122 -     OUTLIER → Ginger | 2021-12-13 | ₦1,320,617/MT | Below hard floor 2,000,000
2026-04-11 15:39:07.989 | WARNING  | __main__:flag_hard_bound_outliers:122 -     OUTLIER → Ginger | 2021-12-20 | ₦1,276,588/MT | Below hard floor 2,000,000
2026-04-11 15:39:07.990 | WARNING  | __main__:flag_hard_bound_outliers:122 -     OUTLIER → Ginger | 2021-12-27 | ₦1,262,974/MT | Below hard floor 2,000,000
2026-04-11 15:39:07.992 | WARNING  | __main__:flag_hard_bound_outliers:122 -     OUTLIER → Ginger | 2022-02-07 | ₦1,987,836/MT | Below hard floor 2,000,000
2026-04-11 15:39:07.993 | WARNING  | __main__:flag_hard_bound_outliers:122 -     OUTLIER → Ginger | 2022-03-21 | ₦1,960,705/MT | Below hard floor 2,000,000
2026-04-11 15:39:07.994 | WARNING  | __main__:flag_hard_bound_outliers:122 -     OUTLIER → Ginger | 2022-03-28 | ₦1,831,535/MT | Below hard floor 2,000,000
2026-04-11 15:39:07.995 | WARNING  | __main__:flag_hard_bound_outliers:122 -     OUTLIER → Ginger | 2022-04-04 | ₦1,923,711/MT | Below hard floor 2,000,000
2026-04-11 15:39:07.995 | WARNING  | __main__:flag_hard_bound_outliers:122 -     OUTLIER → Ginger | 2022-04-11 | ₦1,724,963/MT | Below hard floor 2,000,000
2026-04-11 15:39:07.996 | WARNING  | __main__:flag_hard_bound_outliers:122 -     OUTLIER → Ginger | 2022-04-18 | ₦1,711,148/MT | Below hard floor 2,000,000
2026-04-11 15:39:07.996 | WARNING  | __main__:flag_hard_bound_outliers:122 -     OUTLIER → Ginger | 2022-04-25 | ₦1,855,219/MT | Below hard floor 2,000,000
2026-04-11 15:39:07.996 | WARNING  | __main__:flag_hard_bound_outliers:122 -     OUTLIER → Ginger | 2022-05-02 | ₦1,835,159/MT | Below hard floor 2,000,000
2026-04-11 15:39:07.996 | WARNING  | __main__:flag_hard_bound_outliers:122 -     OUTLIER → Ginger | 2022-05-09 | ₦1,781,013/MT | Below hard floor 2,000,000
2026-04-11 15:39:07.996 | WARNING  | __main__:flag_hard_bound_outliers:122 -     OUTLIER → Ginger | 2022-05-16 | ₦1,738,929/MT | Below hard floor 2,000,000
2026-04-11 15:39:07.996 | WARNING  | __main__:flag_hard_bound_outliers:122 -     OUTLIER → Ginger | 2022-05-23 | ₦1,740,511/MT | Below hard floor 2,000,000
2026-04-11 15:39:08.001 | WARNING  | __main__:flag_hard_bound_outliers:122 -     OUTLIER → Ginger | 2022-05-30 | ₦1,753,780/MT | Below hard floor 2,000,000
2026-04-11 15:39:08.002 | WARNING  | __main__:flag_hard_bound_outliers:122 -     OUTLIER → Ginger | 2022-06-06 | ₦1,748,933/MT | Below hard floor 2,000,000
2026-04-11 15:39:08.003 | WARNING  | __main__:flag_hard_bound_outliers:122 -     OUTLIER → Ginger | 2022-06-13 | ₦1,724,425/MT | Below hard floor 2,000,000
2026-04-11 15:39:08.004 | WARNING  | __main__:flag_hard_bound_outliers:122 -     OUTLIER → Ginger | 2022-06-20 | ₦1,715,346/MT | Below hard floor 2,000,000
2026-04-11 15:39:08.005 | WARNING  | __main__:flag_hard_bound_outliers:122 -     OUTLIER → Ginger | 2022-06-27 | ₦1,706,789/MT | Below hard floor 2,000,000
2026-04-11 15:39:08.007 | WARNING  | __main__:flag_hard_bound_outliers:122 -     OUTLIER → Ginger | 2022-07-04 | ₦1,583,357/MT | Below hard floor 2,000,000
2026-04-11 15:39:08.008 | WARNING  | __main__:flag_hard_bound_outliers:122 -     OUTLIER → Ginger | 2022-07-11 | ₦1,606,359/MT | Below hard floor 2,000,000
2026-04-11 15:39:08.009 | WARNING  | __main__:flag_hard_bound_outliers:122 -     OUTLIER → Ginger | 2022-07-18 | ₦1,537,722/MT | Below hard floor 2,000,000
2026-04-11 15:39:08.010 | WARNING  | __main__:flag_hard_bound_outliers:122 -     OUTLIER → Ginger | 2022-07-25 | ₦1,615,221/MT | Below hard floor 2,000,000
2026-04-11 15:39:08.010 | WARNING  | __main__:flag_hard_bound_outliers:122 -     OUTLIER → Ginger | 2022-08-01 | ₦1,537,022/MT | Below hard floor 2,000,000
2026-04-11 15:39:08.011 | WARNING  | __main__:flag_hard_bound_outliers:122 -     OUTLIER → Ginger | 2022-08-08 | ₦1,531,557/MT | Below hard floor 2,000,000
2026-04-11 15:39:08.012 | WARNING  | __main__:flag_hard_bound_outliers:122 -     OUTLIER → Ginger | 2022-08-15 | ₦1,592,549/MT | Below hard floor 2,000,000
2026-04-11 15:39:08.014 | WARNING  | __main__:flag_hard_bound_outliers:122 -     OUTLIER → Ginger | 2022-08-22 | ₦1,650,148/MT | Below hard floor 2,000,000
2026-04-11 15:39:08.014 | WARNING  | __main__:flag_hard_bound_outliers:122 -     OUTLIER → Ginger | 2022-08-29 | ₦1,627,638/MT | Below hard floor 2,000,000
2026-04-11 15:39:08.015 | WARNING  | __main__:flag_hard_bound_outliers:122 -     OUTLIER → Ginger | 2022-09-05 | ₦1,543,674/MT | Below hard floor 2,000,000
2026-04-11 15:39:08.015 | WARNING  | __main__:flag_hard_bound_outliers:122 -     OUTLIER → Ginger | 2022-09-12 | ₦1,571,904/MT | Below hard floor 2,000,000
2026-04-11 15:39:08.016 | WARNING  | __main__:flag_hard_bound_outliers:122 -     OUTLIER → Ginger | 2022-09-19 | ₦1,665,721/MT | Below hard floor 2,000,000
2026-04-11 15:39:08.017 | WARNING  | __main__:flag_hard_bound_outliers:122 -     OUTLIER → Ginger | 2022-09-26 | ₦1,572,251/MT | Below hard floor 2,000,000
2026-04-11 15:39:08.019 | WARNING  | __main__:flag_hard_bound_outliers:122 -     OUTLIER → Ginger | 2022-10-03 | ₦1,644,840/MT | Below hard floor 2,000,000
2026-04-11 15:39:08.021 | WARNING  | __main__:flag_hard_bound_outliers:122 -     OUTLIER → Ginger | 2022-10-10 | ₦1,683,327/MT | Below hard floor 2,000,000
2026-04-11 15:39:08.022 | WARNING  | __main__:flag_hard_bound_outliers:122 -     OUTLIER → Ginger | 2022-10-17 | ₦1,607,893/MT | Below hard floor 2,000,000
2026-04-11 15:39:08.024 | WARNING  | __main__:flag_hard_bound_outliers:122 -     OUTLIER → Ginger | 2022-10-24 | ₦1,661,235/MT | Below hard floor 2,000,000
2026-04-11 15:39:08.025 | WARNING  | __main__:flag_hard_bound_outliers:122 -     OUTLIER → Ginger | 2022-10-31 | ₦1,589,726/MT | Below hard floor 2,000,000
2026-04-11 15:39:08.026 | WARNING  | __main__:flag_hard_bound_outliers:122 -     OUTLIER → Ginger | 2022-11-07 | ₦1,767,526/MT | Below hard floor 2,000,000
2026-04-11 15:39:08.027 | WARNING  | __main__:flag_hard_bound_outliers:122 -     OUTLIER → Ginger | 2022-11-14 | ₦1,817,268/MT | Below hard floor 2,000,000
2026-04-11 15:39:08.028 | WARNING  | __main__:flag_hard_bound_outliers:122 -     OUTLIER → Ginger | 2022-11-21 | ₦1,713,978/MT | Below hard floor 2,000,000
2026-04-11 15:39:08.029 | WARNING  | __main__:flag_hard_bound_outliers:122 -     OUTLIER → Ginger | 2022-11-28 | ₦1,823,786/MT | Below hard floor 2,000,000
2026-04-11 15:39:08.029 | WARNING  | __main__:flag_hard_bound_outliers:122 -     OUTLIER → Ginger | 2022-12-05 | ₦1,978,834/MT | Below hard floor 2,000,000
2026-04-11 15:39:08.029 | WARNING  | __main__:flag_hard_bound_outliers:122 -     OUTLIER → Ginger | 2022-12-19 | ₦1,993,300/MT | Below hard floor 2,000,000
2026-04-11 15:39:08.029 | WARNING  | __main__:flag_hard_bound_outliers:122 -     OUTLIER → Hibiscus | 2010-01-04 | ₦96,416/MT | Below hard floor 500,000
2026-04-11 15:39:08.029 | WARNING  | __main__:flag_hard_bound_outliers:122 -     OUTLIER → Hibiscus | 2010-01-11 | ₦94,606/MT | Below hard floor 500,000
2026-04-11 15:39:08.029 | WARNING  | __main__:flag_hard_bound_outliers:122 -     OUTLIER → Hibiscus | 2010-01-18 | ₦96,846/MT | Below hard floor 500,000
2026-04-11 15:39:08.029 | WARNING  | __main__:flag_hard_bound_outliers:122 -     OUTLIER → Hibiscus | 2010-01-25 | ₦99,341/MT | Below hard floor 500,000
2026-04-11 15:39:08.037 | WARNING  | __main__:flag_hard_bound_outliers:122 -     OUTLIER → Hibiscus | 2010-02-01 | ₦94,333/MT | Below hard floor 500,000
2026-04-11 15:39:08.038 | WARNING  | __main__:flag_hard_bound_outliers:122 -     OUTLIER → Hibiscus | 2010-02-08 | ₦94,333/MT | Below hard floor 500,000
2026-04-11 15:39:08.039 | WARNING  | __main__:flag_hard_bound_outliers:122 -     OUTLIER → Hibiscus | 2010-02-15 | ₦99,501/MT | Below hard floor 500,000
2026-04-11 15:39:08.040 | WARNING  | __main__:flag_hard_bound_outliers:122 -     OUTLIER → Hibiscus | 2010-02-22 | ₦97,187/MT | Below hard floor 500,000
2026-04-11 15:39:08.041 | WARNING  | __main__:flag_hard_bound_outliers:122 -     OUTLIER → Hibiscus | 2010-03-01 | ₦95,634/MT | Below hard floor 500,000
2026-04-11 15:39:08.041 | WARNING  | __main__:flag_hard_bound_outliers:122 -     OUTLIER → Hibiscus | 2010-03-08 | ₦98,579/MT | Below hard floor 500,000
2026-04-11 15:39:08.041 | WARNING  | __main__:flag_hard_bound_outliers:122 -     OUTLIER → Hibiscus | 2010-03-15 | ₦95,651/MT | Below hard floor 500,000
2026-04-11 15:39:08.044 | WARNING  | __main__:flag_hard_bound_outliers:122 -     OUTLIER → Hibiscus | 2010-03-22 | ₦95,645/MT | Below hard floor 500,000
2026-04-11 15:39:08.045 | WARNING  | __main__:flag_hard_bound_outliers:122 -     OUTLIER → Hibiscus | 2010-03-29 | ₦97,704/MT | Below hard floor 500,000
2026-04-11 15:39:08.045 | WARNING  | __main__:flag_hard_bound_outliers:122 -     OUTLIER → Hibiscus | 2010-04-05 | ₦94,260/MT | Below hard floor 500,000
2026-04-11 15:39:08.046 | WARNING  | __main__:flag_hard_bound_outliers:122 -     OUTLIER → Hibiscus | 2010-04-12 | ₦94,825/MT | Below hard floor 500,000
2026-04-11 15:39:08.047 | WARNING  | __main__:flag_hard_bound_outliers:122 -     OUTLIER → Hibiscus | 2010-04-19 | ₦98,313/MT | Below hard floor 500,000
2026-04-11 15:39:08.048 | WARNING  | __main__:flag_hard_bound_outliers:122 -     OUTLIER → Hibiscus | 2010-04-26 | ₦96,962/MT | Below hard floor 500,000
2026-04-11 15:39:08.048 | WARNING  | __main__:flag_hard_bound_outliers:122 -     OUTLIER → Hibiscus | 2010-05-03 | ₦102,962/MT | Below hard floor 500,000
2026-04-11 15:39:08.048 | WARNING  | __main__:flag_hard_bound_outliers:122 -     OUTLIER → Hibiscus | 2010-05-10 | ₦99,221/MT | Below hard floor 500,000
2026-04-11 15:39:08.048 | WARNING  | __main__:flag_hard_bound_outliers:122 -     OUTLIER → Hibiscus | 2010-05-17 | ₦97,678/MT | Below hard floor 500,000
2026-04-11 15:39:08.052 | WARNING  | __main__:flag_hard_bound_outliers:122 -     OUTLIER → Hibiscus | 2010-05-24 | ₦106,485/MT | Below hard floor 500,000
2026-04-11 15:39:08.054 | WARNING  | __main__:flag_hard_bound_outliers:122 -     OUTLIER → Hibiscus | 2010-05-31 | ₦101,309/MT | Below hard floor 500,000
2026-04-11 15:39:08.055 | WARNING  | __main__:flag_hard_bound_outliers:122 -     OUTLIER → Hibiscus | 2010-06-07 | ₦105,213/MT | Below hard floor 500,000
2026-04-11 15:39:08.056 | WARNING  | __main__:flag_hard_bound_outliers:122 -     OUTLIER → Hibiscus | 2010-06-14 | ₦100,512/MT | Below hard floor 500,000
2026-04-11 15:39:08.057 | WARNING  | __main__:flag_hard_bound_outliers:122 -     OUTLIER → Hibiscus | 2010-06-21 | ₦103,285/MT | Below hard floor 500,000
2026-04-11 15:39:08.058 | WARNING  | __main__:flag_hard_bound_outliers:122 -     OUTLIER → Hibiscus | 2010-06-28 | ₦105,349/MT | Below hard floor 500,000
2026-04-11 15:39:08.060 | WARNING  | __main__:flag_hard_bound_outliers:122 -     OUTLIER → Hibiscus | 2010-07-05 | ₦101,374/MT | Below hard floor 500,000
2026-04-11 15:39:08.061 | WARNING  | __main__:flag_hard_bound_outliers:122 -     OUTLIER → Hibiscus | 2010-07-12 | ₦106,183/MT | Below hard floor 500,000
2026-04-11 15:39:08.062 | WARNING  | __main__:flag_hard_bound_outliers:122 -     OUTLIER → Hibiscus | 2010-07-19 | ₦103,108/MT | Below hard floor 500,000
2026-04-11 15:39:08.062 | WARNING  | __main__:flag_hard_bound_outliers:122 -     OUTLIER → Hibiscus | 2010-07-26 | ₦104,081/MT | Below hard floor 500,000
2026-04-11 15:39:08.062 | WARNING  | __main__:flag_hard_bound_outliers:122 -     OUTLIER → Hibiscus | 2010-08-02 | ₦101,141/MT | Below hard floor 500,000
2026-04-11 15:39:08.062 | WARNING  | __main__:flag_hard_bound_outliers:122 -     OUTLIER → Hibiscus | 2010-08-09 | ₦108,724/MT | Below hard floor 500,000
2026-04-11 15:39:08.062 | WARNING  | __main__:flag_hard_bound_outliers:122 -     OUTLIER → Hibiscus | 2010-08-16 | ₦102,958/MT | Below hard floor 500,000
2026-04-11 15:39:08.062 | WARNING  | __main__:flag_hard_bound_outliers:122 -     OUTLIER → Hibiscus | 2010-08-23 | ₦99,732/MT | Below hard floor 500,000
2026-04-11 15:39:08.062 | WARNING  | __main__:flag_hard_bound_outliers:122 -     OUTLIER → Hibiscus | 2010-08-30 | ₦105,542/MT | Below hard floor 500,000
2026-04-11 15:39:08.070 | WARNING  | __main__:flag_hard_bound_outliers:122 -     OUTLIER → Hibiscus | 2010-09-06 | ₦96,337/MT | Below hard floor 500,000
2026-04-11 15:39:08.071 | WARNING  | __main__:flag_hard_bound_outliers:122 -     OUTLIER → Hibiscus | 2010-09-13 | ₦100,627/MT | Below hard floor 500,000
2026-04-11 15:39:08.072 | WARNING  | __main__:flag_hard_bound_outliers:122 -     OUTLIER → Hibiscus | 2010-09-20 | ₦94,121/MT | Below hard floor 500,000
2026-04-11 15:39:08.073 | WARNING  | __main__:flag_hard_bound_outliers:122 -     OUTLIER → Hibiscus | 2010-09-27 | ₦96,015/MT | Below hard floor 500,000
2026-04-11 15:39:08.074 | WARNING  | __main__:flag_hard_bound_outliers:122 -     OUTLIER → Hibiscus | 2010-10-04 | ₦100,591/MT | Below hard floor 500,000
2026-04-11 15:39:08.076 | WARNING  | __main__:flag_hard_bound_outliers:122 -     OUTLIER → Hibiscus | 2010-10-11 | ₦102,215/MT | Below hard floor 500,000
2026-04-11 15:39:08.076 | WARNING  | __main__:flag_hard_bound_outliers:122 -     OUTLIER → Hibiscus | 2010-10-18 | ₦100,514/MT | Below hard floor 500,000
2026-04-11 15:39:08.077 | WARNING  | __main__:flag_hard_bound_outliers:122 -     OUTLIER → Hibiscus | 2010-10-25 | ₦99,653/MT | Below hard floor 500,000
2026-04-11 15:39:08.078 | WARNING  | __main__:flag_hard_bound_outliers:122 -     OUTLIER → Hibiscus | 2010-11-01 | ₦99,097/MT | Below hard floor 500,000
2026-04-11 15:39:08.080 | WARNING  | __main__:flag_hard_bound_outliers:122 -     OUTLIER → Hibiscus | 2010-11-08 | ₦95,564/MT | Below hard floor 500,000
2026-04-11 15:39:08.081 | WARNING  | __main__:flag_hard_bound_outliers:122 -     OUTLIER → Hibiscus | 2010-11-15 | ₦97,840/MT | Below hard floor 500,000
2026-04-11 15:39:08.082 | WARNING  | __main__:flag_hard_bound_outliers:122 -     OUTLIER → Hibiscus | 2010-11-22 | ₦98,618/MT | Below hard floor 500,000
2026-04-11 15:39:08.083 | WARNING  | __main__:flag_hard_bound_outliers:122 -     OUTLIER → Hibiscus | 2010-11-29 | ₦103,171/MT | Below hard floor 500,000
2026-04-11 15:39:08.084 | WARNING  | __main__:flag_hard_bound_outliers:122 -     OUTLIER → Hibiscus | 2010-12-06 | ₦99,010/MT | Below hard floor 500,000
2026-04-11 15:39:08.084 | WARNING  | __main__:flag_hard_bound_outliers:122 -     OUTLIER → Hibiscus | 2010-12-13 | ₦92,817/MT | Below hard floor 500,000
2026-04-11 15:39:08.085 | WARNING  | __main__:flag_hard_bound_outliers:122 -     OUTLIER → Hibiscus | 2010-12-20 | ₦98,953/MT | Below hard floor 500,000
2026-04-11 15:39:08.086 | WARNING  | __main__:flag_hard_bound_outliers:122 -     OUTLIER → Hibiscus | 2010-12-27 | ₦96,868/MT | Below hard floor 500,000
2026-04-11 15:39:08.087 | WARNING  | __main__:flag_hard_bound_outliers:122 -     OUTLIER → Hibiscus | 2011-01-03 | ₦102,378/MT | Below hard floor 500,000
2026-04-11 15:39:08.088 | WARNING  | __main__:flag_hard_bound_outliers:122 -     OUTLIER → Hibiscus | 2011-01-10 | ₦106,418/MT | Below hard floor 500,000
2026-04-11 15:39:08.089 | WARNING  | __main__:flag_hard_bound_outliers:122 -     OUTLIER → Hibiscus | 2011-01-17 | ₦107,732/MT | Below hard floor 500,000
2026-04-11 15:39:08.090 | WARNING  | __main__:flag_hard_bound_outliers:122 -     OUTLIER → Hibiscus | 2011-01-24 | ₦107,420/MT | Below hard floor 500,000
2026-04-11 15:39:08.092 | WARNING  | __main__:flag_hard_bound_outliers:122 -     OUTLIER → Hibiscus | 2011-01-31 | ₦101,869/MT | Below hard floor 500,000
2026-04-11 15:39:08.092 | WARNING  | __main__:flag_hard_bound_outliers:122 -     OUTLIER → Hibiscus | 2011-02-07 | ₦103,531/MT | Below hard floor 500,000
2026-04-11 15:39:08.094 | WARNING  | __main__:flag_hard_bound_outliers:122 -     OUTLIER → Hibiscus | 2011-02-14 | ₦105,539/MT | Below hard floor 500,000
2026-04-11 15:39:08.095 | WARNING  | __main__:flag_hard_bound_outliers:122 -     OUTLIER → Hibiscus | 2011-02-21 | ₦107,558/MT | Below hard floor 500,000
2026-04-11 15:39:08.096 | WARNING  | __main__:flag_hard_bound_outliers:122 -     OUTLIER → Hibiscus | 2011-02-28 | ₦102,998/MT | Below hard floor 500,000
2026-04-11 15:39:08.096 | WARNING  | __main__:flag_hard_bound_outliers:122 -     OUTLIER → Hibiscus | 2011-03-07 | ₦106,106/MT | Below hard floor 500,000
2026-04-11 15:39:08.096 | WARNING  | __main__:flag_hard_bound_outliers:122 -     OUTLIER → Hibiscus | 2011-03-14 | ₦103,159/MT | Below hard floor 500,000
2026-04-11 15:39:08.099 | WARNING  | __main__:flag_hard_bound_outliers:122 -     OUTLIER → Hibiscus | 2011-03-21 | ₦102,871/MT | Below hard floor 500,000
2026-04-11 15:39:08.100 | WARNING  | __main__:flag_hard_bound_outliers:122 -     OUTLIER → Hibiscus | 2011-03-28 | ₦109,301/MT | Below hard floor 500,000
2026-04-11 15:39:08.101 | WARNING  | __main__:flag_hard_bound_outliers:122 -     OUTLIER → Hibiscus | 2011-04-04 | ₦114,476/MT | Below hard floor 500,000
2026-04-11 15:39:08.103 | WARNING  | __main__:flag_hard_bound_outliers:122 -     OUTLIER → Hibiscus | 2011-04-11 | ₦109,762/MT | Below hard floor 500,000
2026-04-11 15:39:08.104 | WARNING  | __main__:flag_hard_bound_outliers:122 -     OUTLIER → Hibiscus | 2011-04-18 | ₦113,312/MT | Below hard floor 500,000
2026-04-11 15:39:08.105 | WARNING  | __main__:flag_hard_bound_outliers:122 -     OUTLIER → Hibiscus | 2011-04-25 | ₦111,193/MT | Below hard floor 500,000
2026-04-11 15:39:08.106 | WARNING  | __main__:flag_hard_bound_outliers:122 -     OUTLIER → Hibiscus | 2011-05-02 | ₦110,029/MT | Below hard floor 500,000
2026-04-11 15:39:08.109 | WARNING  | __main__:flag_hard_bound_outliers:122 -     OUTLIER → Hibiscus | 2011-05-09 | ₦113,416/MT | Below hard floor 500,000
2026-04-11 15:39:08.109 | WARNING  | __main__:flag_hard_bound_outliers:122 -     OUTLIER → Hibiscus | 2011-05-16 | ₦117,377/MT | Below hard floor 500,000
2026-04-11 15:39:08.111 | WARNING  | __main__:flag_hard_bound_outliers:122 -     OUTLIER → Hibiscus | 2011-05-23 | ₦112,079/MT | Below hard floor 500,000
2026-04-11 15:39:08.112 | WARNING  | __main__:flag_hard_bound_outliers:122 -     OUTLIER → Hibiscus | 2011-05-30 | ₦117,467/MT | Below hard floor 500,000
2026-04-11 15:39:08.113 | WARNING  | __main__:flag_hard_bound_outliers:122 -     OUTLIER → Hibiscus | 2011-06-06 | ₦106,423/MT | Below hard floor 500,000
2026-04-11 15:39:08.114 | WARNING  | __main__:flag_hard_bound_outliers:122 -     OUTLIER → Hibiscus | 2011-06-13 | ₦118,348/MT | Below hard floor 500,000
2026-04-11 15:39:08.114 | WARNING  | __main__:flag_hard_bound_outliers:122 -     OUTLIER → Hibiscus | 2011-06-20 | ₦115,802/MT | Below hard floor 500,000
2026-04-11 15:39:08.114 | WARNING  | __main__:flag_hard_bound_outliers:122 -     OUTLIER → Hibiscus | 2011-06-27 | ₦114,464/MT | Below hard floor 500,000
2026-04-11 15:39:08.114 | WARNING  | __main__:flag_hard_bound_outliers:122 -     OUTLIER → Hibiscus | 2011-07-04 | ₦115,818/MT | Below hard floor 500,000
2026-04-11 15:39:08.118 | WARNING  | __main__:flag_hard_bound_outliers:122 -     OUTLIER → Hibiscus | 2011-07-11 | ₦108,613/MT | Below hard floor 500,000
2026-04-11 15:39:08.119 | WARNING  | __main__:flag_hard_bound_outliers:122 -     OUTLIER → Hibiscus | 2011-07-18 | ₦114,739/MT | Below hard floor 500,000
2026-04-11 15:39:08.120 | WARNING  | __main__:flag_hard_bound_outliers:122 -     OUTLIER → Hibiscus | 2011-07-25 | ₦116,737/MT | Below hard floor 500,000
2026-04-11 15:39:08.121 | WARNING  | __main__:flag_hard_bound_outliers:122 -     OUTLIER → Hibiscus | 2011-08-01 | ₦118,323/MT | Below hard floor 500,000
2026-04-11 15:39:08.122 | WARNING  | __main__:flag_hard_bound_outliers:122 -     OUTLIER → Hibiscus | 2011-08-08 | ₦111,538/MT | Below hard floor 500,000
2026-04-11 15:39:08.123 | WARNING  | __main__:flag_hard_bound_outliers:122 -     OUTLIER → Hibiscus | 2011-08-15 | ₦110,552/MT | Below hard floor 500,000
2026-04-11 15:39:08.123 | WARNING  | __main__:flag_hard_bound_outliers:122 -     OUTLIER → Hibiscus | 2011-08-22 | ₦111,595/MT | Below hard floor 500,000
2026-04-11 15:39:08.123 | WARNING  | __main__:flag_hard_bound_outliers:122 -     OUTLIER → Hibiscus | 2011-08-29 | ₦116,411/MT | Below hard floor 500,000
2026-04-11 15:39:08.127 | WARNING  | __main__:flag_hard_bound_outliers:122 -     OUTLIER → Hibiscus | 2011-09-05 | ₦111,085/MT | Below hard floor 500,000
2026-04-11 15:39:08.128 | WARNING  | __main__:flag_hard_bound_outliers:122 -     OUTLIER → Hibiscus | 2011-09-12 | ₦108,252/MT | Below hard floor 500,000
2026-04-11 15:39:08.129 | WARNING  | __main__:flag_hard_bound_outliers:122 -     OUTLIER → Hibiscus | 2011-09-19 | ₦111,694/MT | Below hard floor 500,000
2026-04-11 15:39:08.130 | WARNING  | __main__:flag_hard_bound_outliers:122 -     OUTLIER → Hibiscus | 2011-09-26 | ₦110,320/MT | Below hard floor 500,000
2026-04-11 15:39:08.130 | WARNING  | __main__:flag_hard_bound_outliers:122 -     OUTLIER → Hibiscus | 2011-10-03 | ₦113,197/MT | Below hard floor 500,000
2026-04-11 15:39:08.131 | WARNING  | __main__:flag_hard_bound_outliers:122 -     OUTLIER → Hibiscus | 2011-10-10 | ₦107,683/MT | Below hard floor 500,000
2026-04-11 15:39:08.132 | WARNING  | __main__:flag_hard_bound_outliers:122 -     OUTLIER → Hibiscus | 2011-10-17 | ₦108,919/MT | Below hard floor 500,000
2026-04-11 15:39:08.132 | WARNING  | __main__:flag_hard_bound_outliers:122 -     OUTLIER → Hibiscus | 2011-10-24 | ₦108,706/MT | Below hard floor 500,000
2026-04-11 15:39:08.135 | WARNING  | __main__:flag_hard_bound_outliers:122 -     OUTLIER → Hibiscus | 2011-10-31 | ₦105,170/MT | Below hard floor 500,000
2026-04-11 15:39:08.136 | WARNING  | __main__:flag_hard_bound_outliers:122 -     OUTLIER → Hibiscus | 2011-11-07 | ₦110,977/MT | Below hard floor 500,000
2026-04-11 15:39:08.137 | WARNING  | __main__:flag_hard_bound_outliers:122 -     OUTLIER → Hibiscus | 2011-11-14 | ₦110,861/MT | Below hard floor 500,000
2026-04-11 15:39:08.138 | WARNING  | __main__:flag_hard_bound_outliers:122 -     OUTLIER → Hibiscus | 2011-11-21 | ₦110,017/MT | Below hard floor 500,000
2026-04-11 15:39:08.139 | WARNING  | __main__:flag_hard_bound_outliers:122 -     OUTLIER → Hibiscus | 2011-11-28 | ₦109,226/MT | Below hard floor 500,000
2026-04-11 15:39:08.140 | WARNING  | __main__:flag_hard_bound_outliers:122 -     OUTLIER → Hibiscus | 2011-12-05 | ₦103,223/MT | Below hard floor 500,000
2026-04-11 15:39:08.141 | WARNING  | __main__:flag_hard_bound_outliers:122 -     OUTLIER → Hibiscus | 2011-12-12 | ₦106,440/MT | Below hard floor 500,000
2026-04-11 15:39:08.142 | WARNING  | __main__:flag_hard_bound_outliers:122 -     OUTLIER → Hibiscus | 2011-12-19 | ₦106,692/MT | Below hard floor 500,000
2026-04-11 15:39:08.143 | WARNING  | __main__:flag_hard_bound_outliers:122 -     OUTLIER → Hibiscus | 2011-12-26 | ₦105,205/MT | Below hard floor 500,000
2026-04-11 15:39:08.144 | WARNING  | __main__:flag_hard_bound_outliers:122 -     OUTLIER → Hibiscus | 2012-01-02 | ₦118,175/MT | Below hard floor 500,000
2026-04-11 15:39:08.145 | WARNING  | __main__:flag_hard_bound_outliers:122 -     OUTLIER → Hibiscus | 2012-01-09 | ₦120,189/MT | Below hard floor 500,000
2026-04-11 15:39:08.145 | WARNING  | __main__:flag_hard_bound_outliers:122 -     OUTLIER → Hibiscus | 2012-01-16 | ₦125,470/MT | Below hard floor 500,000
2026-04-11 15:39:08.146 | WARNING  | __main__:flag_hard_bound_outliers:122 -     OUTLIER → Hibiscus | 2012-01-23 | ₦119,372/MT | Below hard floor 500,000
2026-04-11 15:39:08.146 | WARNING  | __main__:flag_hard_bound_outliers:122 -     OUTLIER → Hibiscus | 2012-01-30 | ₦119,668/MT | Below hard floor 500,000
2026-04-11 15:39:08.146 | WARNING  | __main__:flag_hard_bound_outliers:122 -     OUTLIER → Hibiscus | 2012-02-06 | ₦118,485/MT | Below hard floor 500,000
2026-04-11 15:39:08.149 | WARNING  | __main__:flag_hard_bound_outliers:122 -     OUTLIER → Hibiscus | 2012-02-13 | ₦111,914/MT | Below hard floor 500,000
2026-04-11 15:39:08.150 | WARNING  | __main__:flag_hard_bound_outliers:122 -     OUTLIER → Hibiscus | 2012-02-20 | ₦118,656/MT | Below hard floor 500,000
2026-04-11 15:39:08.151 | WARNING  | __main__:flag_hard_bound_outliers:122 -     OUTLIER → Hibiscus | 2012-02-27 | ₦118,965/MT | Below hard floor 500,000
2026-04-11 15:39:08.151 | WARNING  | __main__:flag_hard_bound_outliers:122 -     OUTLIER → Hibiscus | 2012-03-05 | ₦130,210/MT | Below hard floor 500,000
2026-04-11 15:39:08.152 | WARNING  | __main__:flag_hard_bound_outliers:122 -     OUTLIER → Hibiscus | 2012-03-12 | ₦120,550/MT | Below hard floor 500,000
2026-04-11 15:39:08.154 | WARNING  | __main__:flag_hard_bound_outliers:122 -     OUTLIER → Hibiscus | 2012-03-19 | ₦122,347/MT | Below hard floor 500,000
2026-04-11 15:39:08.155 | WARNING  | __main__:flag_hard_bound_outliers:122 -     OUTLIER → Hibiscus | 2012-03-26 | ₦121,124/MT | Below hard floor 500,000
2026-04-11 15:39:08.156 | WARNING  | __main__:flag_hard_bound_outliers:122 -     OUTLIER → Hibiscus | 2012-04-02 | ₦120,617/MT | Below hard floor 500,000
2026-04-11 15:39:08.158 | WARNING  | __main__:flag_hard_bound_outliers:122 -     OUTLIER → Hibiscus | 2012-04-09 | ₦129,286/MT | Below hard floor 500,000
2026-04-11 15:39:08.160 | WARNING  | __main__:flag_hard_bound_outliers:122 -     OUTLIER → Hibiscus | 2012-04-16 | ₦127,820/MT | Below hard floor 500,000
2026-04-11 15:39:08.161 | WARNING  | __main__:flag_hard_bound_outliers:122 -     OUTLIER → Hibiscus | 2012-04-23 | ₦127,966/MT | Below hard floor 500,000
2026-04-11 15:39:08.161 | WARNING  | __main__:flag_hard_bound_outliers:122 -     OUTLIER → Hibiscus | 2012-04-30 | ₦121,590/MT | Below hard floor 500,000
2026-04-11 15:39:08.162 | WARNING  | __main__:flag_hard_bound_outliers:122 -     OUTLIER → Hibiscus | 2012-05-07 | ₦132,866/MT | Below hard floor 500,000
2026-04-11 15:39:08.162 | WARNING  | __main__:flag_hard_bound_outliers:122 -     OUTLIER → Hibiscus | 2012-05-14 | ₦122,138/MT | Below hard floor 500,000
2026-04-11 15:39:08.162 | WARNING  | __main__:flag_hard_bound_outliers:122 -     OUTLIER → Hibiscus | 2012-05-21 | ₦129,745/MT | Below hard floor 500,000
2026-04-11 15:39:08.162 | WARNING  | __main__:flag_hard_bound_outliers:122 -     OUTLIER → Hibiscus | 2012-05-28 | ₦135,878/MT | Below hard floor 500,000
2026-04-11 15:39:08.162 | WARNING  | __main__:flag_hard_bound_outliers:122 -     OUTLIER → Hibiscus | 2012-06-04 | ₦127,350/MT | Below hard floor 500,000
2026-04-11 15:39:08.167 | WARNING  | __main__:flag_hard_bound_outliers:122 -     OUTLIER → Hibiscus | 2012-06-11 | ₦129,020/MT | Below hard floor 500,000
2026-04-11 15:39:08.168 | WARNING  | __main__:flag_hard_bound_outliers:122 -     OUTLIER → Hibiscus | 2012-06-18 | ₦131,642/MT | Below hard floor 500,000
2026-04-11 15:39:08.169 | WARNING  | __main__:flag_hard_bound_outliers:122 -     OUTLIER → Hibiscus | 2012-06-25 | ₦129,268/MT | Below hard floor 500,000
2026-04-11 15:39:08.170 | WARNING  | __main__:flag_hard_bound_outliers:122 -     OUTLIER → Hibiscus | 2012-07-02 | ₦125,144/MT | Below hard floor 500,000
2026-04-11 15:39:08.171 | WARNING  | __main__:flag_hard_bound_outliers:122 -     OUTLIER → Hibiscus | 2012-07-09 | ₦131,520/MT | Below hard floor 500,000
2026-04-11 15:39:08.172 | WARNING  | __main__:flag_hard_bound_outliers:122 -     OUTLIER → Hibiscus | 2012-07-16 | ₦127,067/MT | Below hard floor 500,000
2026-04-11 15:39:08.173 | WARNING  | __main__:flag_hard_bound_outliers:122 -     OUTLIER → Hibiscus | 2012-07-23 | ₦133,115/MT | Below hard floor 500,000
2026-04-11 15:39:08.173 | WARNING  | __main__:flag_hard_bound_outliers:122 -     OUTLIER → Hibiscus | 2012-07-30 | ₦127,630/MT | Below hard floor 500,000
2026-04-11 15:39:08.175 | WARNING  | __main__:flag_hard_bound_outliers:122 -     OUTLIER → Hibiscus | 2012-08-06 | ₦134,737/MT | Below hard floor 500,000
2026-04-11 15:39:08.177 | WARNING  | __main__:flag_hard_bound_outliers:122 -     OUTLIER → Hibiscus | 2012-08-13 | ₦125,725/MT | Below hard floor 500,000
2026-04-11 15:39:08.177 | WARNING  | __main__:flag_hard_bound_outliers:122 -     OUTLIER → Hibiscus | 2012-08-20 | ₦127,506/MT | Below hard floor 500,000
2026-04-11 15:39:08.178 | WARNING  | __main__:flag_hard_bound_outliers:122 -     OUTLIER → Hibiscus | 2012-08-27 | ₦131,892/MT | Below hard floor 500,000
2026-04-11 15:39:08.179 | WARNING  | __main__:flag_hard_bound_outliers:122 -     OUTLIER → Hibiscus | 2012-09-03 | ₦120,384/MT | Below hard floor 500,000
2026-04-11 15:39:08.180 | WARNING  | __main__:flag_hard_bound_outliers:122 -     OUTLIER → Hibiscus | 2012-09-10 | ₦125,853/MT | Below hard floor 500,000
2026-04-11 15:39:08.180 | WARNING  | __main__:flag_hard_bound_outliers:122 -     OUTLIER → Hibiscus | 2012-09-17 | ₦129,902/MT | Below hard floor 500,000
2026-04-11 15:39:08.180 | WARNING  | __main__:flag_hard_bound_outliers:122 -     OUTLIER → Hibiscus | 2012-09-24 | ₦118,972/MT | Below hard floor 500,000
2026-04-11 15:39:08.180 | WARNING  | __main__:flag_hard_bound_outliers:122 -     OUTLIER → Hibiscus | 2012-10-01 | ₦125,692/MT | Below hard floor 500,000
2026-04-11 15:39:08.184 | WARNING  | __main__:flag_hard_bound_outliers:122 -     OUTLIER → Hibiscus | 2012-10-08 | ₦125,975/MT | Below hard floor 500,000
2026-04-11 15:39:08.185 | WARNING  | __main__:flag_hard_bound_outliers:122 -     OUTLIER → Hibiscus | 2012-10-15 | ₦127,932/MT | Below hard floor 500,000
2026-04-11 15:39:08.186 | WARNING  | __main__:flag_hard_bound_outliers:122 -     OUTLIER → Hibiscus | 2012-10-22 | ₦120,361/MT | Below hard floor 500,000
2026-04-11 15:39:08.187 | WARNING  | __main__:flag_hard_bound_outliers:122 -     OUTLIER → Hibiscus | 2012-10-29 | ₦120,048/MT | Below hard floor 500,000
2026-04-11 15:39:08.188 | WARNING  | __main__:flag_hard_bound_outliers:122 -     OUTLIER → Hibiscus | 2012-11-05 | ₦126,957/MT | Below hard floor 500,000
2026-04-11 15:39:08.189 | WARNING  | __main__:flag_hard_bound_outliers:122 -     OUTLIER → Hibiscus | 2012-11-12 | ₦126,114/MT | Below hard floor 500,000
2026-04-11 15:39:08.190 | WARNING  | __main__:flag_hard_bound_outliers:122 -     OUTLIER → Hibiscus | 2012-11-19 | ₦125,939/MT | Below hard floor 500,000
2026-04-11 15:39:08.192 | WARNING  | __main__:flag_hard_bound_outliers:122 -     OUTLIER → Hibiscus | 2012-11-26 | ₦126,299/MT | Below hard floor 500,000
2026-04-11 15:39:08.194 | WARNING  | __main__:flag_hard_bound_outliers:122 -     OUTLIER → Hibiscus | 2012-12-03 | ₦120,001/MT | Below hard floor 500,000
2026-04-11 15:39:08.195 | WARNING  | __main__:flag_hard_bound_outliers:122 -     OUTLIER → Hibiscus | 2012-12-10 | ₦123,354/MT | Below hard floor 500,000
2026-04-11 15:39:08.195 | WARNING  | __main__:flag_hard_bound_outliers:122 -     OUTLIER → Hibiscus | 2012-12-17 | ₦123,577/MT | Below hard floor 500,000
2026-04-11 15:39:08.196 | WARNING  | __main__:flag_hard_bound_outliers:122 -     OUTLIER → Hibiscus | 2012-12-24 | ₦119,875/MT | Below hard floor 500,000
2026-04-11 15:39:08.196 | WARNING  | __main__:flag_hard_bound_outliers:122 -     OUTLIER → Hibiscus | 2012-12-31 | ₦129,357/MT | Below hard floor 500,000
2026-04-11 15:39:08.196 | WARNING  | __main__:flag_hard_bound_outliers:122 -     OUTLIER → Hibiscus | 2013-01-07 | ₦134,891/MT | Below hard floor 500,000
2026-04-11 15:39:08.196 | WARNING  | __main__:flag_hard_bound_outliers:122 -     OUTLIER → Hibiscus | 2013-01-14 | ₦128,247/MT | Below hard floor 500,000
2026-04-11 15:39:08.196 | WARNING  | __main__:flag_hard_bound_outliers:122 -     OUTLIER → Hibiscus | 2013-01-21 | ₦135,620/MT | Below hard floor 500,000
2026-04-11 15:39:08.196 | WARNING  | __main__:flag_hard_bound_outliers:122 -     OUTLIER → Hibiscus | 2013-01-28 | ₦129,111/MT | Below hard floor 500,000
2026-04-11 15:39:08.201 | WARNING  | __main__:flag_hard_bound_outliers:122 -     OUTLIER → Hibiscus | 2013-02-04 | ₦136,140/MT | Below hard floor 500,000
2026-04-11 15:39:08.202 | WARNING  | __main__:flag_hard_bound_outliers:122 -     OUTLIER → Hibiscus | 2013-02-11 | ₦137,623/MT | Below hard floor 500,000
2026-04-11 15:39:08.203 | WARNING  | __main__:flag_hard_bound_outliers:122 -     OUTLIER → Hibiscus | 2013-02-18 | ₦129,725/MT | Below hard floor 500,000
2026-04-11 15:39:08.204 | WARNING  | __main__:flag_hard_bound_outliers:122 -     OUTLIER → Hibiscus | 2013-02-25 | ₦136,844/MT | Below hard floor 500,000
2026-04-11 15:39:08.205 | WARNING  | __main__:flag_hard_bound_outliers:122 -     OUTLIER → Hibiscus | 2013-03-04 | ₦137,482/MT | Below hard floor 500,000
2026-04-11 15:39:08.206 | WARNING  | __main__:flag_hard_bound_outliers:122 -     OUTLIER → Hibiscus | 2013-03-11 | ₦139,149/MT | Below hard floor 500,000
2026-04-11 15:39:08.208 | WARNING  | __main__:flag_hard_bound_outliers:122 -     OUTLIER → Hibiscus | 2013-03-18 | ₦143,528/MT | Below hard floor 500,000
2026-04-11 15:39:08.209 | WARNING  | __main__:flag_hard_bound_outliers:122 -     OUTLIER → Hibiscus | 2013-03-25 | ₦134,800/MT | Below hard floor 500,000
2026-04-11 15:39:08.209 | WARNING  | __main__:flag_hard_bound_outliers:122 -     OUTLIER → Hibiscus | 2013-04-01 | ₦136,834/MT | Below hard floor 500,000
2026-04-11 15:39:08.210 | WARNING  | __main__:flag_hard_bound_outliers:122 -     OUTLIER → Hibiscus | 2013-04-08 | ₦136,264/MT | Below hard floor 500,000
2026-04-11 15:39:08.211 | WARNING  | __main__:flag_hard_bound_outliers:122 -     OUTLIER → Hibiscus | 2013-04-15 | ₦136,574/MT | Below hard floor 500,000
2026-04-11 15:39:08.212 | WARNING  | __main__:flag_hard_bound_outliers:122 -     OUTLIER → Hibiscus | 2013-04-22 | ₦139,676/MT | Below hard floor 500,000
2026-04-11 15:39:08.212 | WARNING  | __main__:flag_hard_bound_outliers:122 -     OUTLIER → Hibiscus | 2013-04-29 | ₦141,433/MT | Below hard floor 500,000
2026-04-11 15:39:08.212 | WARNING  | __main__:flag_hard_bound_outliers:122 -     OUTLIER → Hibiscus | 2013-05-06 | ₦143,985/MT | Below hard floor 500,000
2026-04-11 15:39:08.212 | WARNING  | __main__:flag_hard_bound_outliers:122 -     OUTLIER → Hibiscus | 2013-05-13 | ₦146,344/MT | Below hard floor 500,000
2026-04-11 15:39:08.212 | WARNING  | __main__:flag_hard_bound_outliers:122 -     OUTLIER → Hibiscus | 2013-05-20 | ₦142,856/MT | Below hard floor 500,000
2026-04-11 15:39:08.212 | WARNING  | __main__:flag_hard_bound_outliers:122 -     OUTLIER → Hibiscus | 2013-05-27 | ₦149,027/MT | Below hard floor 500,000
2026-04-11 15:39:08.212 | WARNING  | __main__:flag_hard_bound_outliers:122 -     OUTLIER → Hibiscus | 2013-06-03 | ₦145,833/MT | Below hard floor 500,000
2026-04-11 15:39:08.218 | WARNING  | __main__:flag_hard_bound_outliers:122 -     OUTLIER → Hibiscus | 2013-06-10 | ₦158,996/MT | Below hard floor 500,000
2026-04-11 15:39:08.219 | WARNING  | __main__:flag_hard_bound_outliers:122 -     OUTLIER → Hibiscus | 2013-06-17 | ₦149,759/MT | Below hard floor 500,000
2026-04-11 15:39:08.220 | WARNING  | __main__:flag_hard_bound_outliers:122 -     OUTLIER → Hibiscus | 2013-06-24 | ₦143,220/MT | Below hard floor 500,000
2026-04-11 15:39:08.221 | WARNING  | __main__:flag_hard_bound_outliers:122 -     OUTLIER → Hibiscus | 2013-07-01 | ₦142,277/MT | Below hard floor 500,000
2026-04-11 15:39:08.223 | WARNING  | __main__:flag_hard_bound_outliers:122 -     OUTLIER → Hibiscus | 2013-07-08 | ₦149,128/MT | Below hard floor 500,000
2026-04-11 15:39:08.223 | WARNING  | __main__:flag_hard_bound_outliers:122 -     OUTLIER → Hibiscus | 2013-07-15 | ₦146,015/MT | Below hard floor 500,000
2026-04-11 15:39:08.223 | WARNING  | __main__:flag_hard_bound_outliers:122 -     OUTLIER → Hibiscus | 2013-07-22 | ₦150,149/MT | Below hard floor 500,000
2026-04-11 15:39:08.223 | WARNING  | __main__:flag_hard_bound_outliers:122 -     OUTLIER → Hibiscus | 2013-07-29 | ₦149,087/MT | Below hard floor 500,000
2026-04-11 15:39:08.227 | WARNING  | __main__:flag_hard_bound_outliers:122 -     OUTLIER → Hibiscus | 2013-08-05 | ₦143,885/MT | Below hard floor 500,000
2026-04-11 15:39:08.227 | WARNING  | __main__:flag_hard_bound_outliers:122 -     OUTLIER → Hibiscus | 2013-08-12 | ₦140,537/MT | Below hard floor 500,000
2026-04-11 15:39:08.229 | WARNING  | __main__:flag_hard_bound_outliers:122 -     OUTLIER → Hibiscus | 2013-08-19 | ₦137,647/MT | Below hard floor 500,000
2026-04-11 15:39:08.230 | WARNING  | __main__:flag_hard_bound_outliers:122 -     OUTLIER → Hibiscus | 2013-08-26 | ₦142,268/MT | Below hard floor 500,000
2026-04-11 15:39:08.230 | WARNING  | __main__:flag_hard_bound_outliers:122 -     OUTLIER → Hibiscus | 2013-09-02 | ₦143,597/MT | Below hard floor 500,000
2026-04-11 15:39:08.231 | WARNING  | __main__:flag_hard_bound_outliers:122 -     OUTLIER → Hibiscus | 2013-09-09 | ₦140,899/MT | Below hard floor 500,000
2026-04-11 15:39:08.232 | WARNING  | __main__:flag_hard_bound_outliers:122 -     OUTLIER → Hibiscus | 2013-09-16 | ₦134,768/MT | Below hard floor 500,000
2026-04-11 15:39:08.233 | WARNING  | __main__:flag_hard_bound_outliers:122 -     OUTLIER → Hibiscus | 2013-09-23 | ₦140,727/MT | Below hard floor 500,000
2026-04-11 15:39:08.234 | WARNING  | __main__:flag_hard_bound_outliers:122 -     OUTLIER → Hibiscus | 2013-09-30 | ₦141,618/MT | Below hard floor 500,000
2026-04-11 15:39:08.235 | WARNING  | __main__:flag_hard_bound_outliers:122 -     OUTLIER → Hibiscus | 2013-10-07 | ₦136,288/MT | Below hard floor 500,000
2026-04-11 15:39:08.235 | WARNING  | __main__:flag_hard_bound_outliers:122 -     OUTLIER → Hibiscus | 2013-10-14 | ₦140,646/MT | Below hard floor 500,000
2026-04-11 15:39:08.237 | WARNING  | __main__:flag_hard_bound_outliers:122 -     OUTLIER → Hibiscus | 2013-10-21 | ₦140,244/MT | Below hard floor 500,000
2026-04-11 15:39:08.238 | WARNING  | __main__:flag_hard_bound_outliers:122 -     OUTLIER → Hibiscus | 2013-10-28 | ₦135,200/MT | Below hard floor 500,000
2026-04-11 15:39:08.239 | WARNING  | __main__:flag_hard_bound_outliers:122 -     OUTLIER → Hibiscus | 2013-11-04 | ₦141,503/MT | Below hard floor 500,000
2026-04-11 15:39:08.240 | WARNING  | __main__:flag_hard_bound_outliers:122 -     OUTLIER → Hibiscus | 2013-11-11 | ₦142,355/MT | Below hard floor 500,000
2026-04-11 15:39:08.242 | WARNING  | __main__:flag_hard_bound_outliers:122 -     OUTLIER → Hibiscus | 2013-11-18 | ₦144,549/MT | Below hard floor 500,000
2026-04-11 15:39:08.243 | WARNING  | __main__:flag_hard_bound_outliers:122 -     OUTLIER → Hibiscus | 2013-11-25 | ₦144,426/MT | Below hard floor 500,000
2026-04-11 15:39:08.243 | WARNING  | __main__:flag_hard_bound_outliers:122 -     OUTLIER → Hibiscus | 2013-12-02 | ₦131,530/MT | Below hard floor 500,000
2026-04-11 15:39:08.244 | WARNING  | __main__:flag_hard_bound_outliers:122 -     OUTLIER → Hibiscus | 2013-12-09 | ₦133,340/MT | Below hard floor 500,000
2026-04-11 15:39:08.245 | WARNING  | __main__:flag_hard_bound_outliers:122 -     OUTLIER → Hibiscus | 2013-12-16 | ₦139,320/MT | Below hard floor 500,000
2026-04-11 15:39:08.245 | WARNING  | __main__:flag_hard_bound_outliers:122 -     OUTLIER → Hibiscus | 2013-12-23 | ₦139,315/MT | Below hard floor 500,000
2026-04-11 15:39:08.245 | WARNING  | __main__:flag_hard_bound_outliers:122 -     OUTLIER → Hibiscus | 2013-12-30 | ₦139,320/MT | Below hard floor 500,000
2026-04-11 15:39:08.245 | WARNING  | __main__:flag_hard_bound_outliers:122 -     OUTLIER → Hibiscus | 2014-01-06 | ₦169,568/MT | Below hard floor 500,000
2026-04-11 15:39:08.245 | WARNING  | __main__:flag_hard_bound_outliers:122 -     OUTLIER → Hibiscus | 2014-01-13 | ₦154,603/MT | Below hard floor 500,000
2026-04-11 15:39:08.245 | WARNING  | __main__:flag_hard_bound_outliers:122 -     OUTLIER → Hibiscus | 2014-01-20 | ₦157,178/MT | Below hard floor 500,000
2026-04-11 15:39:08.245 | WARNING  | __main__:flag_hard_bound_outliers:122 -     OUTLIER → Hibiscus | 2014-01-27 | ₦156,350/MT | Below hard floor 500,000
2026-04-11 15:39:08.245 | WARNING  | __main__:flag_hard_bound_outliers:122 -     OUTLIER → Hibiscus | 2014-02-03 | ₦154,970/MT | Below hard floor 500,000
2026-04-11 15:39:08.251 | WARNING  | __main__:flag_hard_bound_outliers:122 -     OUTLIER → Hibiscus | 2014-02-10 | ₦150,562/MT | Below hard floor 500,000
2026-04-11 15:39:08.252 | WARNING  | __main__:flag_hard_bound_outliers:122 -     OUTLIER → Hibiscus | 2014-02-17 | ₦155,461/MT | Below hard floor 500,000
2026-04-11 15:39:08.253 | WARNING  | __main__:flag_hard_bound_outliers:122 -     OUTLIER → Hibiscus | 2014-02-24 | ₦148,476/MT | Below hard floor 500,000
2026-04-11 15:39:08.254 | WARNING  | __main__:flag_hard_bound_outliers:122 -     OUTLIER → Hibiscus | 2014-03-03 | ₦154,097/MT | Below hard floor 500,000
2026-04-11 15:39:08.255 | WARNING  | __main__:flag_hard_bound_outliers:122 -     OUTLIER → Hibiscus | 2014-03-10 | ₦152,940/MT | Below hard floor 500,000
2026-04-11 15:39:08.257 | WARNING  | __main__:flag_hard_bound_outliers:122 -     OUTLIER → Hibiscus | 2014-03-17 | ₦155,581/MT | Below hard floor 500,000
2026-04-11 15:39:08.258 | WARNING  | __main__:flag_hard_bound_outliers:122 -     OUTLIER → Hibiscus | 2014-03-24 | ₦165,977/MT | Below hard floor 500,000
2026-04-11 15:39:08.259 | WARNING  | __main__:flag_hard_bound_outliers:122 -     OUTLIER → Hibiscus | 2014-03-31 | ₦146,506/MT | Below hard floor 500,000
2026-04-11 15:39:08.259 | WARNING  | __main__:flag_hard_bound_outliers:122 -     OUTLIER → Hibiscus | 2014-04-07 | ₦163,294/MT | Below hard floor 500,000
2026-04-11 15:39:08.260 | WARNING  | __main__:flag_hard_bound_outliers:122 -     OUTLIER → Hibiscus | 2014-04-14 | ₦152,259/MT | Below hard floor 500,000
2026-04-11 15:39:08.261 | WARNING  | __main__:flag_hard_bound_outliers:122 -     OUTLIER → Hibiscus | 2014-04-21 | ₦157,735/MT | Below hard floor 500,000
2026-04-11 15:39:08.262 | WARNING  | __main__:flag_hard_bound_outliers:122 -     OUTLIER → Hibiscus | 2014-04-28 | ₦165,227/MT | Below hard floor 500,000
2026-04-11 15:39:08.262 | WARNING  | __main__:flag_hard_bound_outliers:122 -     OUTLIER → Hibiscus | 2014-05-05 | ₦163,515/MT | Below hard floor 500,000
2026-04-11 15:39:08.262 | WARNING  | __main__:flag_hard_bound_outliers:122 -     OUTLIER → Hibiscus | 2014-05-12 | ₦157,923/MT | Below hard floor 500,000
2026-04-11 15:39:08.262 | WARNING  | __main__:flag_hard_bound_outliers:122 -     OUTLIER → Hibiscus | 2014-05-19 | ₦159,698/MT | Below hard floor 500,000
2026-04-11 15:39:08.262 | WARNING  | __main__:flag_hard_bound_outliers:122 -     OUTLIER → Hibiscus | 2014-05-26 | ₦166,527/MT | Below hard floor 500,000
2026-04-11 15:39:08.262 | WARNING  | __main__:flag_hard_bound_outliers:122 -     OUTLIER → Hibiscus | 2014-06-02 | ₦164,319/MT | Below hard floor 500,000
2026-04-11 15:39:08.262 | WARNING  | __main__:flag_hard_bound_outliers:122 -     OUTLIER → Hibiscus | 2014-06-09 | ₦169,091/MT | Below hard floor 500,000
2026-04-11 15:39:08.269 | WARNING  | __main__:flag_hard_bound_outliers:122 -     OUTLIER → Hibiscus | 2014-06-16 | ₦168,230/MT | Below hard floor 500,000
2026-04-11 15:39:08.270 | WARNING  | __main__:flag_hard_bound_outliers:122 -     OUTLIER → Hibiscus | 2014-06-23 | ₦164,716/MT | Below hard floor 500,000
2026-04-11 15:39:08.272 | WARNING  | __main__:flag_hard_bound_outliers:122 -     OUTLIER → Hibiscus | 2014-06-30 | ₦178,805/MT | Below hard floor 500,000
2026-04-11 15:39:08.273 | WARNING  | __main__:flag_hard_bound_outliers:122 -     OUTLIER → Hibiscus | 2014-07-07 | ₦171,195/MT | Below hard floor 500,000
2026-04-11 15:39:08.274 | WARNING  | __main__:flag_hard_bound_outliers:122 -     OUTLIER → Hibiscus | 2014-07-14 | ₦157,793/MT | Below hard floor 500,000
2026-04-11 15:39:08.275 | WARNING  | __main__:flag_hard_bound_outliers:122 -     OUTLIER → Hibiscus | 2014-07-21 | ₦168,940/MT | Below hard floor 500,000
2026-04-11 15:39:08.275 | WARNING  | __main__:flag_hard_bound_outliers:122 -     OUTLIER → Hibiscus | 2014-07-28 | ₦164,665/MT | Below hard floor 500,000
2026-04-11 15:39:08.277 | WARNING  | __main__:flag_hard_bound_outliers:122 -     OUTLIER → Hibiscus | 2014-08-04 | ₦169,014/MT | Below hard floor 500,000
2026-04-11 15:39:08.278 | WARNING  | __main__:flag_hard_bound_outliers:122 -     OUTLIER → Hibiscus | 2014-08-11 | ₦160,882/MT | Below hard floor 500,000
2026-04-11 15:39:08.279 | WARNING  | __main__:flag_hard_bound_outliers:122 -     OUTLIER → Hibiscus | 2014-08-18 | ₦164,233/MT | Below hard floor 500,000
2026-04-11 15:39:08.279 | WARNING  | __main__:flag_hard_bound_outliers:122 -     OUTLIER → Hibiscus | 2014-08-25 | ₦167,297/MT | Below hard floor 500,000
2026-04-11 15:39:08.279 | WARNING  | __main__:flag_hard_bound_outliers:122 -     OUTLIER → Hibiscus | 2014-09-01 | ₦164,156/MT | Below hard floor 500,000
2026-04-11 15:39:08.279 | WARNING  | __main__:flag_hard_bound_outliers:122 -     OUTLIER → Hibiscus | 2014-09-08 | ₦154,239/MT | Below hard floor 500,000
2026-04-11 15:39:08.279 | WARNING  | __main__:flag_hard_bound_outliers:122 -     OUTLIER → Hibiscus | 2014-09-15 | ₦158,394/MT | Below hard floor 500,000
2026-04-11 15:39:08.279 | WARNING  | __main__:flag_hard_bound_outliers:122 -     OUTLIER → Hibiscus | 2014-09-22 | ₦157,720/MT | Below hard floor 500,000
2026-04-11 15:39:08.279 | WARNING  | __main__:flag_hard_bound_outliers:122 -     OUTLIER → Hibiscus | 2014-09-29 | ₦156,864/MT | Below hard floor 500,000
2026-04-11 15:39:08.285 | WARNING  | __main__:flag_hard_bound_outliers:122 -     OUTLIER → Hibiscus | 2014-10-06 | ₦168,474/MT | Below hard floor 500,000
2026-04-11 15:39:08.286 | WARNING  | __main__:flag_hard_bound_outliers:122 -     OUTLIER → Hibiscus | 2014-10-13 | ₦161,944/MT | Below hard floor 500,000
2026-04-11 15:39:08.287 | WARNING  | __main__:flag_hard_bound_outliers:122 -     OUTLIER → Hibiscus | 2014-10-20 | ₦153,948/MT | Below hard floor 500,000
2026-04-11 15:39:08.288 | WARNING  | __main__:flag_hard_bound_outliers:122 -     OUTLIER → Hibiscus | 2014-10-27 | ₦164,406/MT | Below hard floor 500,000
2026-04-11 15:39:08.289 | WARNING  | __main__:flag_hard_bound_outliers:122 -     OUTLIER → Hibiscus | 2014-11-03 | ₦170,186/MT | Below hard floor 500,000
2026-04-11 15:39:08.290 | WARNING  | __main__:flag_hard_bound_outliers:122 -     OUTLIER → Hibiscus | 2014-11-10 | ₦164,956/MT | Below hard floor 500,000
2026-04-11 15:39:08.292 | WARNING  | __main__:flag_hard_bound_outliers:122 -     OUTLIER → Hibiscus | 2014-11-17 | ₦152,707/MT | Below hard floor 500,000
2026-04-11 15:39:08.293 | WARNING  | __main__:flag_hard_bound_outliers:122 -     OUTLIER → Hibiscus | 2014-11-24 | ₦157,676/MT | Below hard floor 500,000
2026-04-11 15:39:08.293 | WARNING  | __main__:flag_hard_bound_outliers:122 -     OUTLIER → Hibiscus | 2014-12-01 | ₦162,760/MT | Below hard floor 500,000
2026-04-11 15:39:08.294 | WARNING  | __main__:flag_hard_bound_outliers:122 -     OUTLIER → Hibiscus | 2014-12-08 | ₦153,471/MT | Below hard floor 500,000
2026-04-11 15:39:08.295 | WARNING  | __main__:flag_hard_bound_outliers:122 -     OUTLIER → Hibiscus | 2014-12-15 | ₦158,888/MT | Below hard floor 500,000
2026-04-11 15:39:08.296 | WARNING  | __main__:flag_hard_bound_outliers:122 -     OUTLIER → Hibiscus | 2014-12-22 | ₦160,444/MT | Below hard floor 500,000
2026-04-11 15:39:08.297 | WARNING  | __main__:flag_hard_bound_outliers:122 -     OUTLIER → Hibiscus | 2014-12-29 | ₦152,440/MT | Below hard floor 500,000
2026-04-11 15:39:08.298 | WARNING  | __main__:flag_hard_bound_outliers:122 -     OUTLIER → Hibiscus | 2015-01-05 | ₦189,661/MT | Below hard floor 500,000
2026-04-11 15:39:08.299 | WARNING  | __main__:flag_hard_bound_outliers:122 -     OUTLIER → Hibiscus | 2015-01-12 | ₦171,525/MT | Below hard floor 500,000
2026-04-11 15:39:08.299 | WARNING  | __main__:flag_hard_bound_outliers:122 -     OUTLIER → Hibiscus | 2015-01-19 | ₦184,161/MT | Below hard floor 500,000
2026-04-11 15:39:08.300 | WARNING  | __main__:flag_hard_bound_outliers:122 -     OUTLIER → Hibiscus | 2015-01-26 | ₦188,560/MT | Below hard floor 500,000
2026-04-11 15:39:08.301 | WARNING  | __main__:flag_hard_bound_outliers:122 -     OUTLIER → Hibiscus | 2015-02-02 | ₦182,888/MT | Below hard floor 500,000
2026-04-11 15:39:08.302 | WARNING  | __main__:flag_hard_bound_outliers:122 -     OUTLIER → Hibiscus | 2015-02-09 | ₦199,305/MT | Below hard floor 500,000
2026-04-11 15:39:08.303 | WARNING  | __main__:flag_hard_bound_outliers:122 -     OUTLIER → Hibiscus | 2015-02-16 | ₦181,848/MT | Below hard floor 500,000
2026-04-11 15:39:08.304 | WARNING  | __main__:flag_hard_bound_outliers:122 -     OUTLIER → Hibiscus | 2015-02-23 | ₦187,492/MT | Below hard floor 500,000
2026-04-11 15:39:08.305 | WARNING  | __main__:flag_hard_bound_outliers:122 -     OUTLIER → Hibiscus | 2015-03-02 | ₦194,761/MT | Below hard floor 500,000
2026-04-11 15:39:08.306 | WARNING  | __main__:flag_hard_bound_outliers:122 -     OUTLIER → Hibiscus | 2015-03-09 | ₦202,388/MT | Below hard floor 500,000
2026-04-11 15:39:08.307 | WARNING  | __main__:flag_hard_bound_outliers:122 -     OUTLIER → Hibiscus | 2015-03-16 | ₦185,643/MT | Below hard floor 500,000
2026-04-11 15:39:08.308 | WARNING  | __main__:flag_hard_bound_outliers:122 -     OUTLIER → Hibiscus | 2015-03-23 | ₦200,770/MT | Below hard floor 500,000
2026-04-11 15:39:08.309 | WARNING  | __main__:flag_hard_bound_outliers:122 -     OUTLIER → Hibiscus | 2015-03-30 | ₦194,060/MT | Below hard floor 500,000
2026-04-11 15:39:08.309 | WARNING  | __main__:flag_hard_bound_outliers:122 -     OUTLIER → Hibiscus | 2015-04-06 | ₦194,111/MT | Below hard floor 500,000
2026-04-11 15:39:08.310 | WARNING  | __main__:flag_hard_bound_outliers:122 -     OUTLIER → Hibiscus | 2015-04-13 | ₦202,773/MT | Below hard floor 500,000
2026-04-11 15:39:08.311 | WARNING  | __main__:flag_hard_bound_outliers:122 -     OUTLIER → Hibiscus | 2015-04-20 | ₦201,194/MT | Below hard floor 500,000
2026-04-11 15:39:08.311 | WARNING  | __main__:flag_hard_bound_outliers:122 -     OUTLIER → Hibiscus | 2015-04-27 | ₦196,399/MT | Below hard floor 500,000
2026-04-11 15:39:08.313 | WARNING  | __main__:flag_hard_bound_outliers:122 -     OUTLIER → Hibiscus | 2015-05-04 | ₦204,427/MT | Below hard floor 500,000
2026-04-11 15:39:08.314 | WARNING  | __main__:flag_hard_bound_outliers:122 -     OUTLIER → Hibiscus | 2015-05-11 | ₦201,642/MT | Below hard floor 500,000
2026-04-11 15:39:08.314 | WARNING  | __main__:flag_hard_bound_outliers:122 -     OUTLIER → Hibiscus | 2015-05-18 | ₦204,695/MT | Below hard floor 500,000
2026-04-11 15:39:08.314 | WARNING  | __main__:flag_hard_bound_outliers:122 -     OUTLIER → Hibiscus | 2015-05-25 | ₦208,052/MT | Below hard floor 500,000
2026-04-11 15:39:08.315 | WARNING  | __main__:flag_hard_bound_outliers:122 -     OUTLIER → Hibiscus | 2015-06-01 | ₦219,992/MT | Below hard floor 500,000
2026-04-11 15:39:08.316 | WARNING  | __main__:flag_hard_bound_outliers:122 -     OUTLIER → Hibiscus | 2015-06-08 | ₦202,202/MT | Below hard floor 500,000
2026-04-11 15:39:08.316 | WARNING  | __main__:flag_hard_bound_outliers:122 -     OUTLIER → Hibiscus | 2015-06-15 | ₦223,438/MT | Below hard floor 500,000
2026-04-11 15:39:08.317 | WARNING  | __main__:flag_hard_bound_outliers:122 -     OUTLIER → Hibiscus | 2015-06-22 | ₦197,702/MT | Below hard floor 500,000
2026-04-11 15:39:08.318 | WARNING  | __main__:flag_hard_bound_outliers:122 -     OUTLIER → Hibiscus | 2015-06-29 | ₦209,044/MT | Below hard floor 500,000
2026-04-11 15:39:08.320 | WARNING  | __main__:flag_hard_bound_outliers:122 -     OUTLIER → Hibiscus | 2015-07-06 | ₦213,706/MT | Below hard floor 500,000
2026-04-11 15:39:08.321 | WARNING  | __main__:flag_hard_bound_outliers:122 -     OUTLIER → Hibiscus | 2015-07-13 | ₦211,770/MT | Below hard floor 500,000
2026-04-11 15:39:08.322 | WARNING  | __main__:flag_hard_bound_outliers:122 -     OUTLIER → Hibiscus | 2015-07-20 | ₦206,077/MT | Below hard floor 500,000
2026-04-11 15:39:08.323 | WARNING  | __main__:flag_hard_bound_outliers:122 -     OUTLIER → Hibiscus | 2015-07-27 | ₦208,689/MT | Below hard floor 500,000
2026-04-11 15:39:08.325 | WARNING  | __main__:flag_hard_bound_outliers:122 -     OUTLIER → Hibiscus | 2015-08-03 | ₦202,953/MT | Below hard floor 500,000
2026-04-11 15:39:08.326 | WARNING  | __main__:flag_hard_bound_outliers:122 -     OUTLIER → Hibiscus | 2015-08-10 | ₦202,358/MT | Below hard floor 500,000
2026-04-11 15:39:08.326 | WARNING  | __main__:flag_hard_bound_outliers:122 -     OUTLIER → Hibiscus | 2015-08-17 | ₦211,251/MT | Below hard floor 500,000
2026-04-11 15:39:08.328 | WARNING  | __main__:flag_hard_bound_outliers:122 -     OUTLIER → Hibiscus | 2015-08-24 | ₦208,206/MT | Below hard floor 500,000
2026-04-11 15:39:08.328 | WARNING  | __main__:flag_hard_bound_outliers:122 -     OUTLIER → Hibiscus | 2015-08-31 | ₦201,718/MT | Below hard floor 500,000
2026-04-11 15:39:08.328 | WARNING  | __main__:flag_hard_bound_outliers:122 -     OUTLIER → Hibiscus | 2015-09-07 | ₦205,398/MT | Below hard floor 500,000
2026-04-11 15:39:08.330 | WARNING  | __main__:flag_hard_bound_outliers:122 -     OUTLIER → Hibiscus | 2015-09-14 | ₦201,844/MT | Below hard floor 500,000
2026-04-11 15:39:08.331 | WARNING  | __main__:flag_hard_bound_outliers:122 -     OUTLIER → Hibiscus | 2015-09-21 | ₦204,877/MT | Below hard floor 500,000
2026-04-11 15:39:08.331 | WARNING  | __main__:flag_hard_bound_outliers:122 -     OUTLIER → Hibiscus | 2015-09-28 | ₦203,778/MT | Below hard floor 500,000
2026-04-11 15:39:08.332 | WARNING  | __main__:flag_hard_bound_outliers:122 -     OUTLIER → Hibiscus | 2015-10-05 | ₦195,026/MT | Below hard floor 500,000
2026-04-11 15:39:08.333 | WARNING  | __main__:flag_hard_bound_outliers:122 -     OUTLIER → Hibiscus | 2015-10-12 | ₦196,639/MT | Below hard floor 500,000
2026-04-11 15:39:08.333 | WARNING  | __main__:flag_hard_bound_outliers:122 -     OUTLIER → Hibiscus | 2015-10-19 | ₦204,484/MT | Below hard floor 500,000
2026-04-11 15:39:08.335 | WARNING  | __main__:flag_hard_bound_outliers:122 -     OUTLIER → Hibiscus | 2015-10-26 | ₦203,662/MT | Below hard floor 500,000
2026-04-11 15:39:08.336 | WARNING  | __main__:flag_hard_bound_outliers:122 -     OUTLIER → Hibiscus | 2015-11-02 | ₦199,875/MT | Below hard floor 500,000
2026-04-11 15:39:08.337 | WARNING  | __main__:flag_hard_bound_outliers:122 -     OUTLIER → Hibiscus | 2015-11-09 | ₦200,704/MT | Below hard floor 500,000
2026-04-11 15:39:08.338 | WARNING  | __main__:flag_hard_bound_outliers:122 -     OUTLIER → Hibiscus | 2015-11-16 | ₦207,666/MT | Below hard floor 500,000
2026-04-11 15:39:08.339 | WARNING  | __main__:flag_hard_bound_outliers:122 -     OUTLIER → Hibiscus | 2015-11-23 | ₦196,451/MT | Below hard floor 500,000
2026-04-11 15:39:08.340 | WARNING  | __main__:flag_hard_bound_outliers:122 -     OUTLIER → Hibiscus | 2015-11-30 | ₦203,283/MT | Below hard floor 500,000
2026-04-11 15:39:08.341 | WARNING  | __main__:flag_hard_bound_outliers:122 -     OUTLIER → Hibiscus | 2015-12-07 | ₦194,811/MT | Below hard floor 500,000
2026-04-11 15:39:08.342 | WARNING  | __main__:flag_hard_bound_outliers:122 -     OUTLIER → Hibiscus | 2015-12-14 | ₦194,720/MT | Below hard floor 500,000
2026-04-11 15:39:08.343 | WARNING  | __main__:flag_hard_bound_outliers:122 -     OUTLIER → Hibiscus | 2015-12-21 | ₦202,461/MT | Below hard floor 500,000
2026-04-11 15:39:08.344 | WARNING  | __main__:flag_hard_bound_outliers:122 -     OUTLIER → Hibiscus | 2015-12-28 | ₦200,853/MT | Below hard floor 500,000
2026-04-11 15:39:08.344 | WARNING  | __main__:flag_hard_bound_outliers:122 -     OUTLIER → Hibiscus | 2016-01-04 | ₦272,492/MT | Below hard floor 500,000
2026-04-11 15:39:08.345 | WARNING  | __main__:flag_hard_bound_outliers:122 -     OUTLIER → Hibiscus | 2016-01-11 | ₦276,418/MT | Below hard floor 500,000
2026-04-11 15:39:08.346 | WARNING  | __main__:flag_hard_bound_outliers:122 -     OUTLIER → Hibiscus | 2016-01-18 | ₦266,168/MT | Below hard floor 500,000
2026-04-11 15:39:08.346 | WARNING  | __main__:flag_hard_bound_outliers:122 -     OUTLIER → Hibiscus | 2016-01-25 | ₦271,442/MT | Below hard floor 500,000
2026-04-11 15:39:08.346 | WARNING  | __main__:flag_hard_bound_outliers:122 -     OUTLIER → Hibiscus | 2016-02-01 | ₦263,524/MT | Below hard floor 500,000
2026-04-11 15:39:08.346 | WARNING  | __main__:flag_hard_bound_outliers:122 -     OUTLIER → Hibiscus | 2016-02-08 | ₦268,587/MT | Below hard floor 500,000
2026-04-11 15:39:08.346 | WARNING  | __main__:flag_hard_bound_outliers:122 -     OUTLIER → Hibiscus | 2016-02-15 | ₦264,961/MT | Below hard floor 500,000
2026-04-11 15:39:08.346 | WARNING  | __main__:flag_hard_bound_outliers:122 -     OUTLIER → Hibiscus | 2016-02-22 | ₦266,774/MT | Below hard floor 500,000
2026-04-11 15:39:08.346 | WARNING  | __main__:flag_hard_bound_outliers:122 -     OUTLIER → Hibiscus | 2016-02-29 | ₦270,749/MT | Below hard floor 500,000
2026-04-11 15:39:08.346 | WARNING  | __main__:flag_hard_bound_outliers:122 -     OUTLIER → Hibiscus | 2016-03-07 | ₦264,933/MT | Below hard floor 500,000
2026-04-11 15:39:08.352 | WARNING  | __main__:flag_hard_bound_outliers:122 -     OUTLIER → Hibiscus | 2016-03-14 | ₦288,649/MT | Below hard floor 500,000
2026-04-11 15:39:08.353 | WARNING  | __main__:flag_hard_bound_outliers:122 -     OUTLIER → Hibiscus | 2016-03-21 | ₦263,403/MT | Below hard floor 500,000
2026-04-11 15:39:08.354 | WARNING  | __main__:flag_hard_bound_outliers:122 -     OUTLIER → Hibiscus | 2016-03-28 | ₦261,707/MT | Below hard floor 500,000
2026-04-11 15:39:08.355 | WARNING  | __main__:flag_hard_bound_outliers:122 -     OUTLIER → Hibiscus | 2016-04-04 | ₦289,728/MT | Below hard floor 500,000
2026-04-11 15:39:08.356 | WARNING  | __main__:flag_hard_bound_outliers:122 -     OUTLIER → Hibiscus | 2016-04-11 | ₦286,650/MT | Below hard floor 500,000
2026-04-11 15:39:08.357 | WARNING  | __main__:flag_hard_bound_outliers:122 -     OUTLIER → Hibiscus | 2016-04-18 | ₦285,243/MT | Below hard floor 500,000
2026-04-11 15:39:08.359 | WARNING  | __main__:flag_hard_bound_outliers:122 -     OUTLIER → Hibiscus | 2016-04-25 | ₦285,278/MT | Below hard floor 500,000
2026-04-11 15:39:08.361 | WARNING  | __main__:flag_hard_bound_outliers:122 -     OUTLIER → Hibiscus | 2016-05-02 | ₦285,495/MT | Below hard floor 500,000
2026-04-11 15:39:08.362 | WARNING  | __main__:flag_hard_bound_outliers:122 -     OUTLIER → Hibiscus | 2016-05-09 | ₦277,912/MT | Below hard floor 500,000
2026-04-11 15:39:08.363 | WARNING  | __main__:flag_hard_bound_outliers:122 -     OUTLIER → Hibiscus | 2016-05-16 | ₦286,249/MT | Below hard floor 500,000
2026-04-11 15:39:08.363 | WARNING  | __main__:flag_hard_bound_outliers:122 -     OUTLIER → Hibiscus | 2016-05-23 | ₦279,798/MT | Below hard floor 500,000
2026-04-11 15:39:08.363 | WARNING  | __main__:flag_hard_bound_outliers:122 -     OUTLIER → Hibiscus | 2016-05-30 | ₦293,955/MT | Below hard floor 500,000
2026-04-11 15:39:08.363 | WARNING  | __main__:flag_hard_bound_outliers:122 -     OUTLIER → Hibiscus | 2016-06-06 | ₦292,703/MT | Below hard floor 500,000
2026-04-11 15:39:08.363 | WARNING  | __main__:flag_hard_bound_outliers:122 -     OUTLIER → Hibiscus | 2016-06-13 | ₦286,719/MT | Below hard floor 500,000
2026-04-11 15:39:08.363 | WARNING  | __main__:flag_hard_bound_outliers:122 -     OUTLIER → Hibiscus | 2016-06-20 | ₦291,165/MT | Below hard floor 500,000
2026-04-11 15:39:08.363 | WARNING  | __main__:flag_hard_bound_outliers:122 -     OUTLIER → Hibiscus | 2016-06-27 | ₦297,642/MT | Below hard floor 500,000
2026-04-11 15:39:08.369 | WARNING  | __main__:flag_hard_bound_outliers:122 -     OUTLIER → Hibiscus | 2016-07-04 | ₦289,028/MT | Below hard floor 500,000
2026-04-11 15:39:08.370 | WARNING  | __main__:flag_hard_bound_outliers:122 -     OUTLIER → Hibiscus | 2016-07-11 | ₦286,748/MT | Below hard floor 500,000
2026-04-11 15:39:08.371 | WARNING  | __main__:flag_hard_bound_outliers:122 -     OUTLIER → Hibiscus | 2016-07-18 | ₦296,149/MT | Below hard floor 500,000
2026-04-11 15:39:08.372 | WARNING  | __main__:flag_hard_bound_outliers:122 -     OUTLIER → Hibiscus | 2016-07-25 | ₦296,161/MT | Below hard floor 500,000
2026-04-11 15:39:08.373 | WARNING  | __main__:flag_hard_bound_outliers:122 -     OUTLIER → Hibiscus | 2016-08-01 | ₦284,014/MT | Below hard floor 500,000
2026-04-11 15:39:08.374 | WARNING  | __main__:flag_hard_bound_outliers:122 -     OUTLIER → Hibiscus | 2016-08-08 | ₦284,325/MT | Below hard floor 500,000
2026-04-11 15:39:08.375 | WARNING  | __main__:flag_hard_bound_outliers:122 -     OUTLIER → Hibiscus | 2016-08-15 | ₦290,408/MT | Below hard floor 500,000
2026-04-11 15:39:08.376 | WARNING  | __main__:flag_hard_bound_outliers:122 -     OUTLIER → Hibiscus | 2016-08-22 | ₦275,871/MT | Below hard floor 500,000
2026-04-11 15:39:08.377 | WARNING  | __main__:flag_hard_bound_outliers:122 -     OUTLIER → Hibiscus | 2016-08-29 | ₦276,223/MT | Below hard floor 500,000
2026-04-11 15:39:08.378 | WARNING  | __main__:flag_hard_bound_outliers:122 -     OUTLIER → Hibiscus | 2016-09-05 | ₦273,965/MT | Below hard floor 500,000
2026-04-11 15:39:08.378 | WARNING  | __main__:flag_hard_bound_outliers:122 -     OUTLIER → Hibiscus | 2016-09-12 | ₦278,207/MT | Below hard floor 500,000
2026-04-11 15:39:08.379 | WARNING  | __main__:flag_hard_bound_outliers:122 -     OUTLIER → Hibiscus | 2016-09-19 | ₦282,612/MT | Below hard floor 500,000
2026-04-11 15:39:08.379 | WARNING  | __main__:flag_hard_bound_outliers:122 -     OUTLIER → Hibiscus | 2016-09-26 | ₦292,393/MT | Below hard floor 500,000
2026-04-11 15:39:08.381 | WARNING  | __main__:flag_hard_bound_outliers:122 -     OUTLIER → Hibiscus | 2016-10-03 | ₦287,204/MT | Below hard floor 500,000
2026-04-11 15:39:08.381 | WARNING  | __main__:flag_hard_bound_outliers:122 -     OUTLIER → Hibiscus | 2016-10-10 | ₦278,657/MT | Below hard floor 500,000
2026-04-11 15:39:08.383 | WARNING  | __main__:flag_hard_bound_outliers:122 -     OUTLIER → Hibiscus | 2016-10-17 | ₦279,840/MT | Below hard floor 500,000
2026-04-11 15:39:08.384 | WARNING  | __main__:flag_hard_bound_outliers:122 -     OUTLIER → Hibiscus | 2016-10-24 | ₦271,579/MT | Below hard floor 500,000
2026-04-11 15:39:08.385 | WARNING  | __main__:flag_hard_bound_outliers:122 -     OUTLIER → Hibiscus | 2016-10-31 | ₦279,844/MT | Below hard floor 500,000
2026-04-11 15:39:08.385 | WARNING  | __main__:flag_hard_bound_outliers:122 -     OUTLIER → Hibiscus | 2016-11-07 | ₦277,575/MT | Below hard floor 500,000
2026-04-11 15:39:08.387 | WARNING  | __main__:flag_hard_bound_outliers:122 -     OUTLIER → Hibiscus | 2016-11-14 | ₦282,711/MT | Below hard floor 500,000
2026-04-11 15:39:08.388 | WARNING  | __main__:flag_hard_bound_outliers:122 -     OUTLIER → Hibiscus | 2016-11-21 | ₦273,051/MT | Below hard floor 500,000
2026-04-11 15:39:08.389 | WARNING  | __main__:flag_hard_bound_outliers:122 -     OUTLIER → Hibiscus | 2016-11-28 | ₦284,363/MT | Below hard floor 500,000
2026-04-11 15:39:08.390 | WARNING  | __main__:flag_hard_bound_outliers:122 -     OUTLIER → Hibiscus | 2016-12-05 | ₦287,018/MT | Below hard floor 500,000
2026-04-11 15:39:08.391 | WARNING  | __main__:flag_hard_bound_outliers:122 -     OUTLIER → Hibiscus | 2016-12-12 | ₦273,505/MT | Below hard floor 500,000
2026-04-11 15:39:08.392 | WARNING  | __main__:flag_hard_bound_outliers:122 -     OUTLIER → Hibiscus | 2016-12-19 | ₦277,707/MT | Below hard floor 500,000
2026-04-11 15:39:08.393 | WARNING  | __main__:flag_hard_bound_outliers:122 -     OUTLIER → Hibiscus | 2016-12-26 | ₦280,081/MT | Below hard floor 500,000
2026-04-11 15:39:08.394 | WARNING  | __main__:flag_hard_bound_outliers:122 -     OUTLIER → Hibiscus | 2017-01-02 | ₦328,498/MT | Below hard floor 500,000
2026-04-11 15:39:08.395 | WARNING  | __main__:flag_hard_bound_outliers:122 -     OUTLIER → Hibiscus | 2017-01-09 | ₦334,735/MT | Below hard floor 500,000
2026-04-11 15:39:08.395 | WARNING  | __main__:flag_hard_bound_outliers:122 -     OUTLIER → Hibiscus | 2017-01-16 | ₦332,626/MT | Below hard floor 500,000
2026-04-11 15:39:08.396 | WARNING  | __main__:flag_hard_bound_outliers:122 -     OUTLIER → Hibiscus | 2017-01-23 | ₦333,474/MT | Below hard floor 500,000
2026-04-11 15:39:08.396 | WARNING  | __main__:flag_hard_bound_outliers:122 -     OUTLIER → Hibiscus | 2017-01-30 | ₦324,789/MT | Below hard floor 500,000
2026-04-11 15:39:08.396 | WARNING  | __main__:flag_hard_bound_outliers:122 -     OUTLIER → Hibiscus | 2017-02-06 | ₦332,744/MT | Below hard floor 500,000
2026-04-11 15:39:08.399 | WARNING  | __main__:flag_hard_bound_outliers:122 -     OUTLIER → Hibiscus | 2017-02-13 | ₦337,468/MT | Below hard floor 500,000
2026-04-11 15:39:08.400 | WARNING  | __main__:flag_hard_bound_outliers:122 -     OUTLIER → Hibiscus | 2017-02-20 | ₦346,975/MT | Below hard floor 500,000
2026-04-11 15:39:08.400 | WARNING  | __main__:flag_hard_bound_outliers:122 -     OUTLIER → Hibiscus | 2017-02-27 | ₦342,069/MT | Below hard floor 500,000
2026-04-11 15:39:08.401 | WARNING  | __main__:flag_hard_bound_outliers:122 -     OUTLIER → Hibiscus | 2017-03-06 | ₦361,430/MT | Below hard floor 500,000
2026-04-11 15:39:08.402 | WARNING  | __main__:flag_hard_bound_outliers:122 -     OUTLIER → Hibiscus | 2017-03-13 | ₦331,685/MT | Below hard floor 500,000
2026-04-11 15:39:08.403 | WARNING  | __main__:flag_hard_bound_outliers:122 -     OUTLIER → Hibiscus | 2017-03-20 | ₦348,385/MT | Below hard floor 500,000
2026-04-11 15:39:08.404 | WARNING  | __main__:flag_hard_bound_outliers:122 -     OUTLIER → Hibiscus | 2017-03-27 | ₦341,367/MT | Below hard floor 500,000
2026-04-11 15:39:08.405 | WARNING  | __main__:flag_hard_bound_outliers:122 -     OUTLIER → Hibiscus | 2017-04-03 | ₦372,993/MT | Below hard floor 500,000
2026-04-11 15:39:08.406 | WARNING  | __main__:flag_hard_bound_outliers:122 -     OUTLIER → Hibiscus | 2017-04-10 | ₦341,513/MT | Below hard floor 500,000
2026-04-11 15:39:08.406 | WARNING  | __main__:flag_hard_bound_outliers:122 -     OUTLIER → Hibiscus | 2017-04-17 | ₦341,183/MT | Below hard floor 500,000
2026-04-11 15:39:08.408 | WARNING  | __main__:flag_hard_bound_outliers:122 -     OUTLIER → Hibiscus | 2017-04-24 | ₦343,706/MT | Below hard floor 500,000
2026-04-11 15:39:08.409 | WARNING  | __main__:flag_hard_bound_outliers:122 -     OUTLIER → Hibiscus | 2017-05-01 | ₦334,253/MT | Below hard floor 500,000
2026-04-11 15:39:08.410 | WARNING  | __main__:flag_hard_bound_outliers:122 -     OUTLIER → Hibiscus | 2017-05-08 | ₦351,369/MT | Below hard floor 500,000
2026-04-11 15:39:08.411 | WARNING  | __main__:flag_hard_bound_outliers:122 -     OUTLIER → Hibiscus | 2017-05-15 | ₦348,870/MT | Below hard floor 500,000
2026-04-11 15:39:08.412 | WARNING  | __main__:flag_hard_bound_outliers:122 -     OUTLIER → Hibiscus | 2017-05-22 | ₦358,611/MT | Below hard floor 500,000
2026-04-11 15:39:08.412 | WARNING  | __main__:flag_hard_bound_outliers:122 -     OUTLIER → Hibiscus | 2017-05-29 | ₦360,660/MT | Below hard floor 500,000
2026-04-11 15:39:08.413 | WARNING  | __main__:flag_hard_bound_outliers:122 -     OUTLIER → Hibiscus | 2017-06-05 | ₦388,185/MT | Below hard floor 500,000
2026-04-11 15:39:08.413 | WARNING  | __main__:flag_hard_bound_outliers:122 -     OUTLIER → Hibiscus | 2017-06-12 | ₦377,978/MT | Below hard floor 500,000
2026-04-11 15:39:08.413 | WARNING  | __main__:flag_hard_bound_outliers:122 -     OUTLIER → Hibiscus | 2017-06-19 | ₦361,140/MT | Below hard floor 500,000
2026-04-11 15:39:08.413 | WARNING  | __main__:flag_hard_bound_outliers:122 -     OUTLIER → Hibiscus | 2017-06-26 | ₦357,595/MT | Below hard floor 500,000
2026-04-11 15:39:08.416 | WARNING  | __main__:flag_hard_bound_outliers:122 -     OUTLIER → Hibiscus | 2017-07-03 | ₦372,923/MT | Below hard floor 500,000
2026-04-11 15:39:08.416 | WARNING  | __main__:flag_hard_bound_outliers:122 -     OUTLIER → Hibiscus | 2017-07-10 | ₦352,944/MT | Below hard floor 500,000
2026-04-11 15:39:08.417 | WARNING  | __main__:flag_hard_bound_outliers:122 -     OUTLIER → Hibiscus | 2017-07-17 | ₦387,692/MT | Below hard floor 500,000
2026-04-11 15:39:08.418 | WARNING  | __main__:flag_hard_bound_outliers:122 -     OUTLIER → Hibiscus | 2017-07-24 | ₦380,503/MT | Below hard floor 500,000
2026-04-11 15:39:08.419 | WARNING  | __main__:flag_hard_bound_outliers:122 -     OUTLIER → Hibiscus | 2017-07-31 | ₦362,327/MT | Below hard floor 500,000
2026-04-11 15:39:08.420 | WARNING  | __main__:flag_hard_bound_outliers:122 -     OUTLIER → Hibiscus | 2017-08-07 | ₦341,972/MT | Below hard floor 500,000
2026-04-11 15:39:08.421 | WARNING  | __main__:flag_hard_bound_outliers:122 -     OUTLIER → Hibiscus | 2017-08-14 | ₦375,142/MT | Below hard floor 500,000
2026-04-11 15:39:08.422 | WARNING  | __main__:flag_hard_bound_outliers:122 -     OUTLIER → Hibiscus | 2017-08-21 | ₦359,261/MT | Below hard floor 500,000
2026-04-11 15:39:08.424 | WARNING  | __main__:flag_hard_bound_outliers:122 -     OUTLIER → Hibiscus | 2017-08-28 | ₦373,887/MT | Below hard floor 500,000
2026-04-11 15:39:08.425 | WARNING  | __main__:flag_hard_bound_outliers:122 -     OUTLIER → Hibiscus | 2017-09-04 | ₦333,259/MT | Below hard floor 500,000
2026-04-11 15:39:08.427 | WARNING  | __main__:flag_hard_bound_outliers:122 -     OUTLIER → Hibiscus | 2017-09-11 | ₦343,707/MT | Below hard floor 500,000
2026-04-11 15:39:08.428 | WARNING  | __main__:flag_hard_bound_outliers:122 -     OUTLIER → Hibiscus | 2017-09-18 | ₦350,055/MT | Below hard floor 500,000
2026-04-11 15:39:08.429 | WARNING  | __main__:flag_hard_bound_outliers:122 -     OUTLIER → Hibiscus | 2017-09-25 | ₦350,493/MT | Below hard floor 500,000
2026-04-11 15:39:08.430 | WARNING  | __main__:flag_hard_bound_outliers:122 -     OUTLIER → Hibiscus | 2017-10-02 | ₦345,274/MT | Below hard floor 500,000
2026-04-11 15:39:08.430 | WARNING  | __main__:flag_hard_bound_outliers:122 -     OUTLIER → Hibiscus | 2017-10-09 | ₦356,540/MT | Below hard floor 500,000
2026-04-11 15:39:08.430 | WARNING  | __main__:flag_hard_bound_outliers:122 -     OUTLIER → Hibiscus | 2017-10-16 | ₦338,790/MT | Below hard floor 500,000
2026-04-11 15:39:08.432 | WARNING  | __main__:flag_hard_bound_outliers:122 -     OUTLIER → Hibiscus | 2017-10-23 | ₦348,505/MT | Below hard floor 500,000
2026-04-11 15:39:08.433 | WARNING  | __main__:flag_hard_bound_outliers:122 -     OUTLIER → Hibiscus | 2017-10-30 | ₦351,263/MT | Below hard floor 500,000
2026-04-11 15:39:08.434 | WARNING  | __main__:flag_hard_bound_outliers:122 -     OUTLIER → Hibiscus | 2017-11-06 | ₦355,402/MT | Below hard floor 500,000
2026-04-11 15:39:08.434 | WARNING  | __main__:flag_hard_bound_outliers:122 -     OUTLIER → Hibiscus | 2017-11-13 | ₦357,472/MT | Below hard floor 500,000
2026-04-11 15:39:08.436 | WARNING  | __main__:flag_hard_bound_outliers:122 -     OUTLIER → Hibiscus | 2017-11-20 | ₦338,191/MT | Below hard floor 500,000
2026-04-11 15:39:08.437 | WARNING  | __main__:flag_hard_bound_outliers:122 -     OUTLIER → Hibiscus | 2017-11-27 | ₦333,892/MT | Below hard floor 500,000
2026-04-11 15:39:08.438 | WARNING  | __main__:flag_hard_bound_outliers:122 -     OUTLIER → Hibiscus | 2017-12-04 | ₦356,147/MT | Below hard floor 500,000
2026-04-11 15:39:08.439 | WARNING  | __main__:flag_hard_bound_outliers:122 -     OUTLIER → Hibiscus | 2017-12-11 | ₦346,420/MT | Below hard floor 500,000
2026-04-11 15:39:08.440 | WARNING  | __main__:flag_hard_bound_outliers:122 -     OUTLIER → Hibiscus | 2017-12-18 | ₦335,298/MT | Below hard floor 500,000
2026-04-11 15:39:08.442 | WARNING  | __main__:flag_hard_bound_outliers:122 -     OUTLIER → Hibiscus | 2017-12-25 | ₦358,961/MT | Below hard floor 500,000
2026-04-11 15:39:08.443 | WARNING  | __main__:flag_hard_bound_outliers:122 -     OUTLIER → Hibiscus | 2018-01-01 | ₦381,319/MT | Below hard floor 500,000
2026-04-11 15:39:08.444 | WARNING  | __main__:flag_hard_bound_outliers:122 -     OUTLIER → Hibiscus | 2018-01-08 | ₦393,444/MT | Below hard floor 500,000
2026-04-11 15:39:08.445 | WARNING  | __main__:flag_hard_bound_outliers:122 -     OUTLIER → Hibiscus | 2018-01-15 | ₦380,770/MT | Below hard floor 500,000
2026-04-11 15:39:08.445 | WARNING  | __main__:flag_hard_bound_outliers:122 -     OUTLIER → Hibiscus | 2018-01-22 | ₦403,493/MT | Below hard floor 500,000
2026-04-11 15:39:08.447 | WARNING  | __main__:flag_hard_bound_outliers:122 -     OUTLIER → Hibiscus | 2018-01-29 | ₦400,011/MT | Below hard floor 500,000
2026-04-11 15:39:08.482 | WARNING  | __main__:flag_hard_bound_outliers:122 -     OUTLIER → Hibiscus | 2018-02-05 | ₦377,162/MT | Below hard floor 500,000
2026-04-11 15:39:08.494 | WARNING  | __main__:flag_hard_bound_outliers:122 -     OUTLIER → Hibiscus | 2018-02-12 | ₦391,076/MT | Below hard floor 500,000
2026-04-11 15:39:08.527 | WARNING  | __main__:flag_hard_bound_outliers:122 -     OUTLIER → Hibiscus | 2018-02-19 | ₦387,357/MT | Below hard floor 500,000
2026-04-11 15:39:08.561 | WARNING  | __main__:flag_hard_bound_outliers:122 -     OUTLIER → Hibiscus | 2018-02-26 | ₦395,602/MT | Below hard floor 500,000
2026-04-11 15:39:08.574 | WARNING  | __main__:flag_hard_bound_outliers:122 -     OUTLIER → Hibiscus | 2018-03-05 | ₦376,768/MT | Below hard floor 500,000
2026-04-11 15:39:08.576 | WARNING  | __main__:flag_hard_bound_outliers:122 -     OUTLIER → Hibiscus | 2018-03-12 | ₦395,986/MT | Below hard floor 500,000
2026-04-11 15:39:08.580 | WARNING  | __main__:flag_hard_bound_outliers:122 -     OUTLIER → Hibiscus | 2018-03-19 | ₦400,320/MT | Below hard floor 500,000
2026-04-11 15:39:08.580 | WARNING  | __main__:flag_hard_bound_outliers:122 -     OUTLIER → Hibiscus | 2018-03-26 | ₦367,528/MT | Below hard floor 500,000
2026-04-11 15:39:08.580 | WARNING  | __main__:flag_hard_bound_outliers:122 -     OUTLIER → Hibiscus | 2018-04-02 | ₦385,801/MT | Below hard floor 500,000
2026-04-11 15:39:08.580 | WARNING  | __main__:flag_hard_bound_outliers:122 -     OUTLIER → Hibiscus | 2018-04-09 | ₦375,529/MT | Below hard floor 500,000
2026-04-11 15:39:08.580 | WARNING  | __main__:flag_hard_bound_outliers:122 -     OUTLIER → Hibiscus | 2018-04-16 | ₦396,767/MT | Below hard floor 500,000
2026-04-11 15:39:08.587 | WARNING  | __main__:flag_hard_bound_outliers:122 -     OUTLIER → Hibiscus | 2018-04-23 | ₦408,611/MT | Below hard floor 500,000
2026-04-11 15:39:08.588 | WARNING  | __main__:flag_hard_bound_outliers:122 -     OUTLIER → Hibiscus | 2018-04-30 | ₦418,028/MT | Below hard floor 500,000
2026-04-11 15:39:08.589 | WARNING  | __main__:flag_hard_bound_outliers:122 -     OUTLIER → Hibiscus | 2018-05-07 | ₦408,907/MT | Below hard floor 500,000
2026-04-11 15:39:08.590 | WARNING  | __main__:flag_hard_bound_outliers:122 -     OUTLIER → Hibiscus | 2018-05-14 | ₦427,934/MT | Below hard floor 500,000
2026-04-11 15:39:08.592 | WARNING  | __main__:flag_hard_bound_outliers:122 -     OUTLIER → Hibiscus | 2018-05-21 | ₦391,108/MT | Below hard floor 500,000
2026-04-11 15:39:08.593 | WARNING  | __main__:flag_hard_bound_outliers:122 -     OUTLIER → Hibiscus | 2018-05-28 | ₦387,151/MT | Below hard floor 500,000
2026-04-11 15:39:08.594 | WARNING  | __main__:flag_hard_bound_outliers:122 -     OUTLIER → Hibiscus | 2018-06-04 | ₦419,300/MT | Below hard floor 500,000
2026-04-11 15:39:08.595 | WARNING  | __main__:flag_hard_bound_outliers:122 -     OUTLIER → Hibiscus | 2018-06-11 | ₦424,839/MT | Below hard floor 500,000
2026-04-11 15:39:08.596 | WARNING  | __main__:flag_hard_bound_outliers:122 -     OUTLIER → Hibiscus | 2018-06-18 | ₦419,588/MT | Below hard floor 500,000
2026-04-11 15:39:08.598 | WARNING  | __main__:flag_hard_bound_outliers:122 -     OUTLIER → Hibiscus | 2018-06-25 | ₦393,950/MT | Below hard floor 500,000
2026-04-11 15:39:08.599 | WARNING  | __main__:flag_hard_bound_outliers:122 -     OUTLIER → Hibiscus | 2018-07-02 | ₦418,877/MT | Below hard floor 500,000
2026-04-11 15:39:08.600 | WARNING  | __main__:flag_hard_bound_outliers:122 -     OUTLIER → Hibiscus | 2018-07-09 | ₦403,564/MT | Below hard floor 500,000
2026-04-11 15:39:08.601 | WARNING  | __main__:flag_hard_bound_outliers:122 -     OUTLIER → Hibiscus | 2018-07-16 | ₦428,438/MT | Below hard floor 500,000
2026-04-11 15:39:08.602 | WARNING  | __main__:flag_hard_bound_outliers:122 -     OUTLIER → Hibiscus | 2018-07-23 | ₦424,619/MT | Below hard floor 500,000
2026-04-11 15:39:08.603 | WARNING  | __main__:flag_hard_bound_outliers:122 -     OUTLIER → Hibiscus | 2018-07-30 | ₦408,158/MT | Below hard floor 500,000
2026-04-11 15:39:08.612 | WARNING  | __main__:flag_hard_bound_outliers:122 -     OUTLIER → Hibiscus | 2018-08-06 | ₦405,649/MT | Below hard floor 500,000
2026-04-11 15:39:08.616 | WARNING  | __main__:flag_hard_bound_outliers:122 -     OUTLIER → Hibiscus | 2018-08-13 | ₦398,908/MT | Below hard floor 500,000
2026-04-11 15:39:08.622 | WARNING  | __main__:flag_hard_bound_outliers:122 -     OUTLIER → Hibiscus | 2018-08-20 | ₦411,225/MT | Below hard floor 500,000
2026-04-11 15:39:08.626 | WARNING  | __main__:flag_hard_bound_outliers:122 -     OUTLIER → Hibiscus | 2018-08-27 | ₦423,806/MT | Below hard floor 500,000
2026-04-11 15:39:08.630 | WARNING  | __main__:flag_hard_bound_outliers:122 -     OUTLIER → Hibiscus | 2018-09-03 | ₦388,171/MT | Below hard floor 500,000
2026-04-11 15:39:08.631 | WARNING  | __main__:flag_hard_bound_outliers:122 -     OUTLIER → Hibiscus | 2018-09-10 | ₦406,049/MT | Below hard floor 500,000
2026-04-11 15:39:08.634 | WARNING  | __main__:flag_hard_bound_outliers:122 -     OUTLIER → Hibiscus | 2018-09-17 | ₦393,637/MT | Below hard floor 500,000
2026-04-11 15:39:08.635 | WARNING  | __main__:flag_hard_bound_outliers:122 -     OUTLIER → Hibiscus | 2018-09-24 | ₦390,486/MT | Below hard floor 500,000
2026-04-11 15:39:08.635 | WARNING  | __main__:flag_hard_bound_outliers:122 -     OUTLIER → Hibiscus | 2018-10-01 | ₦398,716/MT | Below hard floor 500,000
2026-04-11 15:39:08.636 | WARNING  | __main__:flag_hard_bound_outliers:122 -     OUTLIER → Hibiscus | 2018-10-08 | ₦387,577/MT | Below hard floor 500,000
2026-04-11 15:39:08.637 | WARNING  | __main__:flag_hard_bound_outliers:122 -     OUTLIER → Hibiscus | 2018-10-15 | ₦393,356/MT | Below hard floor 500,000
2026-04-11 15:39:08.637 | WARNING  | __main__:flag_hard_bound_outliers:122 -     OUTLIER → Hibiscus | 2018-10-22 | ₦385,625/MT | Below hard floor 500,000
2026-04-11 15:39:08.637 | WARNING  | __main__:flag_hard_bound_outliers:122 -     OUTLIER → Hibiscus | 2018-10-29 | ₦423,577/MT | Below hard floor 500,000
2026-04-11 15:39:08.642 | WARNING  | __main__:flag_hard_bound_outliers:122 -     OUTLIER → Hibiscus | 2018-11-05 | ₦400,423/MT | Below hard floor 500,000
2026-04-11 15:39:08.642 | WARNING  | __main__:flag_hard_bound_outliers:122 -     OUTLIER → Hibiscus | 2018-11-12 | ₦391,603/MT | Below hard floor 500,000
2026-04-11 15:39:08.644 | WARNING  | __main__:flag_hard_bound_outliers:122 -     OUTLIER → Hibiscus | 2018-11-19 | ₦402,568/MT | Below hard floor 500,000
2026-04-11 15:39:08.644 | WARNING  | __main__:flag_hard_bound_outliers:122 -     OUTLIER → Hibiscus | 2018-11-26 | ₦398,652/MT | Below hard floor 500,000
2026-04-11 15:39:08.645 | WARNING  | __main__:flag_hard_bound_outliers:122 -     OUTLIER → Hibiscus | 2018-12-03 | ₦389,401/MT | Below hard floor 500,000
2026-04-11 15:39:08.645 | WARNING  | __main__:flag_hard_bound_outliers:122 -     OUTLIER → Hibiscus | 2018-12-10 | ₦399,223/MT | Below hard floor 500,000
2026-04-11 15:39:08.646 | WARNING  | __main__:flag_hard_bound_outliers:122 -     OUTLIER → Hibiscus | 2018-12-17 | ₦400,908/MT | Below hard floor 500,000
2026-04-11 15:39:08.646 | WARNING  | __main__:flag_hard_bound_outliers:122 -     OUTLIER → Hibiscus | 2018-12-24 | ₦385,761/MT | Below hard floor 500,000
2026-04-11 15:39:08.646 | WARNING  | __main__:flag_hard_bound_outliers:122 -     OUTLIER → Hibiscus | 2018-12-31 | ₦385,228/MT | Below hard floor 500,000
2026-04-11 15:39:08.646 | WARNING  | __main__:flag_hard_bound_outliers:122 -     OUTLIER → Hibiscus | 2019-01-07 | ₦423,972/MT | Below hard floor 500,000
2026-04-11 15:39:08.650 | WARNING  | __main__:flag_hard_bound_outliers:122 -     OUTLIER → Hibiscus | 2019-01-14 | ₦397,978/MT | Below hard floor 500,000
2026-04-11 15:39:08.651 | WARNING  | __main__:flag_hard_bound_outliers:122 -     OUTLIER → Hibiscus | 2019-01-21 | ₦408,068/MT | Below hard floor 500,000
2026-04-11 15:39:08.651 | WARNING  | __main__:flag_hard_bound_outliers:122 -     OUTLIER → Hibiscus | 2019-01-28 | ₦445,030/MT | Below hard floor 500,000
2026-04-11 15:39:08.652 | WARNING  | __main__:flag_hard_bound_outliers:122 -     OUTLIER → Hibiscus | 2019-02-04 | ₦448,597/MT | Below hard floor 500,000
2026-04-11 15:39:08.653 | WARNING  | __main__:flag_hard_bound_outliers:122 -     OUTLIER → Hibiscus | 2019-02-11 | ₦424,306/MT | Below hard floor 500,000
2026-04-11 15:39:08.653 | WARNING  | __main__:flag_hard_bound_outliers:122 -     OUTLIER → Hibiscus | 2019-02-18 | ₦434,894/MT | Below hard floor 500,000
2026-04-11 15:39:08.653 | WARNING  | __main__:flag_hard_bound_outliers:122 -     OUTLIER → Hibiscus | 2019-02-25 | ₦431,492/MT | Below hard floor 500,000
2026-04-11 15:39:08.658 | WARNING  | __main__:flag_hard_bound_outliers:122 -     OUTLIER → Hibiscus | 2019-03-04 | ₦476,818/MT | Below hard floor 500,000
2026-04-11 15:39:08.659 | WARNING  | __main__:flag_hard_bound_outliers:122 -     OUTLIER → Hibiscus | 2019-03-11 | ₦451,161/MT | Below hard floor 500,000
2026-04-11 15:39:08.660 | WARNING  | __main__:flag_hard_bound_outliers:122 -     OUTLIER → Hibiscus | 2019-03-18 | ₦434,825/MT | Below hard floor 500,000
2026-04-11 15:39:08.661 | WARNING  | __main__:flag_hard_bound_outliers:122 -     OUTLIER → Hibiscus | 2019-03-25 | ₦423,987/MT | Below hard floor 500,000
2026-04-11 15:39:08.662 | WARNING  | __main__:flag_hard_bound_outliers:122 -     OUTLIER → Hibiscus | 2019-04-01 | ₦428,313/MT | Below hard floor 500,000
2026-04-11 15:39:08.663 | WARNING  | __main__:flag_hard_bound_outliers:122 -     OUTLIER → Hibiscus | 2019-04-08 | ₦452,747/MT | Below hard floor 500,000
2026-04-11 15:39:08.663 | WARNING  | __main__:flag_hard_bound_outliers:122 -     OUTLIER → Hibiscus | 2019-04-15 | ₦439,789/MT | Below hard floor 500,000
2026-04-11 15:39:08.663 | WARNING  | __main__:flag_hard_bound_outliers:122 -     OUTLIER → Hibiscus | 2019-04-22 | ₦430,800/MT | Below hard floor 500,000
2026-04-11 15:39:08.663 | WARNING  | __main__:flag_hard_bound_outliers:122 -     OUTLIER → Hibiscus | 2019-04-29 | ₦441,271/MT | Below hard floor 500,000
2026-04-11 15:39:08.663 | WARNING  | __main__:flag_hard_bound_outliers:122 -     OUTLIER → Hibiscus | 2019-05-06 | ₦444,107/MT | Below hard floor 500,000
2026-04-11 15:39:08.668 | WARNING  | __main__:flag_hard_bound_outliers:122 -     OUTLIER → Hibiscus | 2019-05-13 | ₦482,232/MT | Below hard floor 500,000
2026-04-11 15:39:08.668 | WARNING  | __main__:flag_hard_bound_outliers:122 -     OUTLIER → Hibiscus | 2019-05-20 | ₦471,140/MT | Below hard floor 500,000
2026-04-11 15:39:08.670 | WARNING  | __main__:flag_hard_bound_outliers:122 -     OUTLIER → Hibiscus | 2019-05-27 | ₦458,890/MT | Below hard floor 500,000
2026-04-11 15:39:08.670 | WARNING  | __main__:flag_hard_bound_outliers:122 -     OUTLIER → Hibiscus | 2019-06-03 | ₦493,478/MT | Below hard floor 500,000
2026-04-11 15:39:08.670 | WARNING  | __main__:flag_hard_bound_outliers:122 -     OUTLIER → Hibiscus | 2019-06-10 | ₦473,597/MT | Below hard floor 500,000
2026-04-11 15:39:08.674 | WARNING  | __main__:flag_hard_bound_outliers:122 -     OUTLIER → Hibiscus | 2019-06-17 | ₦460,291/MT | Below hard floor 500,000
2026-04-11 15:39:08.676 | WARNING  | __main__:flag_hard_bound_outliers:122 -     OUTLIER → Hibiscus | 2019-06-24 | ₦494,090/MT | Below hard floor 500,000
2026-04-11 15:39:08.678 | WARNING  | __main__:flag_hard_bound_outliers:122 -     OUTLIER → Hibiscus | 2019-07-01 | ₦480,139/MT | Below hard floor 500,000
2026-04-11 15:39:08.679 | WARNING  | __main__:flag_hard_bound_outliers:122 -     OUTLIER → Hibiscus | 2019-07-08 | ₦457,797/MT | Below hard floor 500,000
2026-04-11 15:39:08.679 | WARNING  | __main__:flag_hard_bound_outliers:122 -     OUTLIER → Hibiscus | 2019-07-15 | ₦469,802/MT | Below hard floor 500,000
2026-04-11 15:39:08.679 | WARNING  | __main__:flag_hard_bound_outliers:122 -     OUTLIER → Hibiscus | 2019-07-22 | ₦460,088/MT | Below hard floor 500,000
2026-04-11 15:39:08.679 | WARNING  | __main__:flag_hard_bound_outliers:122 -     OUTLIER → Hibiscus | 2019-07-29 | ₦452,899/MT | Below hard floor 500,000
2026-04-11 15:39:08.679 | WARNING  | __main__:flag_hard_bound_outliers:122 -     OUTLIER → Hibiscus | 2019-08-05 | ₦476,378/MT | Below hard floor 500,000
2026-04-11 15:39:08.679 | WARNING  | __main__:flag_hard_bound_outliers:122 -     OUTLIER → Hibiscus | 2019-08-12 | ₦490,050/MT | Below hard floor 500,000
2026-04-11 15:39:08.679 | WARNING  | __main__:flag_hard_bound_outliers:122 -     OUTLIER → Hibiscus | 2019-08-19 | ₦444,053/MT | Below hard floor 500,000
2026-04-11 15:39:08.679 | WARNING  | __main__:flag_hard_bound_outliers:122 -     OUTLIER → Hibiscus | 2019-08-26 | ₦471,328/MT | Below hard floor 500,000
2026-04-11 15:39:08.686 | WARNING  | __main__:flag_hard_bound_outliers:122 -     OUTLIER → Hibiscus | 2019-09-02 | ₦441,216/MT | Below hard floor 500,000
2026-04-11 15:39:08.687 | WARNING  | __main__:flag_hard_bound_outliers:122 -     OUTLIER → Hibiscus | 2019-09-09 | ₦443,424/MT | Below hard floor 500,000
2026-04-11 15:39:08.689 | WARNING  | __main__:flag_hard_bound_outliers:122 -     OUTLIER → Hibiscus | 2019-09-16 | ₦442,003/MT | Below hard floor 500,000
2026-04-11 15:39:08.689 | WARNING  | __main__:flag_hard_bound_outliers:122 -     OUTLIER → Hibiscus | 2019-09-23 | ₦438,336/MT | Below hard floor 500,000
2026-04-11 15:39:08.691 | WARNING  | __main__:flag_hard_bound_outliers:122 -     OUTLIER → Hibiscus | 2019-09-30 | ₦450,655/MT | Below hard floor 500,000
2026-04-11 15:39:08.692 | WARNING  | __main__:flag_hard_bound_outliers:122 -     OUTLIER → Hibiscus | 2019-10-07 | ₦438,782/MT | Below hard floor 500,000
2026-04-11 15:39:08.694 | WARNING  | __main__:flag_hard_bound_outliers:122 -     OUTLIER → Hibiscus | 2019-10-14 | ₦453,651/MT | Below hard floor 500,000
2026-04-11 15:39:08.696 | WARNING  | __main__:flag_hard_bound_outliers:122 -     OUTLIER → Hibiscus | 2019-10-21 | ₦449,322/MT | Below hard floor 500,000
2026-04-11 15:39:08.697 | WARNING  | __main__:flag_hard_bound_outliers:122 -     OUTLIER → Hibiscus | 2019-10-28 | ₦446,774/MT | Below hard floor 500,000
2026-04-11 15:39:08.698 | WARNING  | __main__:flag_hard_bound_outliers:122 -     OUTLIER → Hibiscus | 2019-11-04 | ₦437,748/MT | Below hard floor 500,000
2026-04-11 15:39:08.699 | WARNING  | __main__:flag_hard_bound_outliers:122 -     OUTLIER → Hibiscus | 2019-11-11 | ₦442,214/MT | Below hard floor 500,000
2026-04-11 15:39:08.700 | WARNING  | __main__:flag_hard_bound_outliers:122 -     OUTLIER → Hibiscus | 2019-11-18 | ₦460,198/MT | Below hard floor 500,000
2026-04-11 15:39:08.700 | WARNING  | __main__:flag_hard_bound_outliers:122 -     OUTLIER → Hibiscus | 2019-11-25 | ₦456,762/MT | Below hard floor 500,000
2026-04-11 15:39:08.701 | WARNING  | __main__:flag_hard_bound_outliers:122 -     OUTLIER → Hibiscus | 2019-12-02 | ₦428,067/MT | Below hard floor 500,000
2026-04-11 15:39:08.702 | WARNING  | __main__:flag_hard_bound_outliers:122 -     OUTLIER → Hibiscus | 2019-12-09 | ₦442,314/MT | Below hard floor 500,000
2026-04-11 15:39:08.703 | WARNING  | __main__:flag_hard_bound_outliers:122 -     OUTLIER → Hibiscus | 2019-12-16 | ₦450,941/MT | Below hard floor 500,000
2026-04-11 15:39:08.703 | WARNING  | __main__:flag_hard_bound_outliers:122 -     OUTLIER → Hibiscus | 2019-12-23 | ₦418,914/MT | Below hard floor 500,000
2026-04-11 15:39:08.703 | WARNING  | __main__:flag_hard_bound_outliers:122 -     OUTLIER → Hibiscus | 2019-12-30 | ₦448,189/MT | Below hard floor 500,000
2026-04-11 15:39:08.703 | WARNING  | __main__:flag_hard_bound_outliers:122 -     OUTLIER → Hibiscus | 2020-01-06 | ₦465,558/MT | Below hard floor 500,000
2026-04-11 15:39:08.703 | WARNING  | __main__:flag_hard_bound_outliers:122 -     OUTLIER → Hibiscus | 2020-01-13 | ₦483,131/MT | Below hard floor 500,000
2026-04-11 15:39:08.703 | WARNING  | __main__:flag_hard_bound_outliers:122 -     OUTLIER → Hibiscus | 2020-01-20 | ₦464,124/MT | Below hard floor 500,000
2026-04-11 15:39:08.710 | WARNING  | __main__:flag_hard_bound_outliers:122 -     OUTLIER → Hibiscus | 2020-01-27 | ₦449,280/MT | Below hard floor 500,000
2026-04-11 15:39:08.711 | WARNING  | __main__:flag_hard_bound_outliers:122 -     OUTLIER → Hibiscus | 2020-02-03 | ₦451,808/MT | Below hard floor 500,000
2026-04-11 15:39:08.712 | WARNING  | __main__:flag_hard_bound_outliers:122 -     OUTLIER → Hibiscus | 2020-02-10 | ₦475,685/MT | Below hard floor 500,000
2026-04-11 15:39:08.713 | WARNING  | __main__:flag_hard_bound_outliers:122 -     OUTLIER → Hibiscus | 2020-02-17 | ₦478,701/MT | Below hard floor 500,000
2026-04-11 15:39:08.713 | WARNING  | __main__:flag_hard_bound_outliers:122 -     OUTLIER → Hibiscus | 2020-02-24 | ₦462,113/MT | Below hard floor 500,000
2026-04-11 15:39:08.714 | WARNING  | __main__:flag_hard_bound_outliers:122 -     OUTLIER → Hibiscus | 2020-03-02 | ₦494,292/MT | Below hard floor 500,000
2026-04-11 15:39:08.716 | WARNING  | __main__:flag_hard_bound_outliers:122 -     OUTLIER → Hibiscus | 2020-03-09 | ₦460,825/MT | Below hard floor 500,000
2026-04-11 15:39:08.716 | WARNING  | __main__:flag_hard_bound_outliers:122 -     OUTLIER → Hibiscus | 2020-03-16 | ₦484,039/MT | Below hard floor 500,000
2026-04-11 15:39:08.717 | WARNING  | __main__:flag_hard_bound_outliers:122 -     OUTLIER → Hibiscus | 2020-03-23 | ₦467,380/MT | Below hard floor 500,000
2026-04-11 15:39:08.718 | WARNING  | __main__:flag_hard_bound_outliers:122 -     OUTLIER → Hibiscus | 2020-03-30 | ₦475,516/MT | Below hard floor 500,000
2026-04-11 15:39:08.719 | WARNING  | __main__:flag_hard_bound_outliers:122 -     OUTLIER → Hibiscus | 2020-04-13 | ₦487,094/MT | Below hard floor 500,000
2026-04-11 15:39:08.720 | WARNING  | __main__:flag_hard_bound_outliers:122 -     OUTLIER → Hibiscus | 2020-04-20 | ₦494,232/MT | Below hard floor 500,000
2026-04-11 15:39:08.720 | WARNING  | __main__:flag_hard_bound_outliers:122 -     OUTLIER → Hibiscus | 2020-05-18 | ₦492,715/MT | Below hard floor 500,000
2026-04-11 15:39:08.720 | WARNING  | __main__:flag_hard_bound_outliers:122 -     OUTLIER → Hibiscus | 2020-06-08 | ₦486,072/MT | Below hard floor 500,000
2026-04-11 15:39:08.720 | WARNING  | __main__:flag_hard_bound_outliers:122 -     OUTLIER → Hibiscus | 2020-09-07 | ₦493,512/MT | Below hard floor 500,000
2026-04-11 15:39:08.724 | WARNING  | __main__:flag_hard_bound_outliers:122 -     OUTLIER → Hibiscus | 2020-09-21 | ₦493,685/MT | Below hard floor 500,000
2026-04-11 15:39:08.726 | WARNING  | __main__:flag_hard_bound_outliers:122 -     OUTLIER → Hibiscus | 2020-10-19 | ₦495,110/MT | Below hard floor 500,000
2026-04-11 15:39:08.727 | WARNING  | __main__:flag_hard_bound_outliers:122 -     OUTLIER → Hibiscus | 2020-11-02 | ₦493,879/MT | Below hard floor 500,000
2026-04-11 15:39:08.728 | WARNING  | __main__:flag_hard_bound_outliers:122 -     OUTLIER → Hibiscus | 2020-11-09 | ₦469,428/MT | Below hard floor 500,000
2026-04-11 15:39:08.729 | WARNING  | __main__:flag_hard_bound_outliers:122 -     OUTLIER → Hibiscus | 2020-11-16 | ₦484,879/MT | Below hard floor 500,000
2026-04-11 15:39:08.730 | WARNING  | __main__:flag_hard_bound_outliers:122 -     OUTLIER → Hibiscus | 2020-11-23 | ₦471,938/MT | Below hard floor 500,000
2026-04-11 15:39:08.730 | WARNING  | __main__:flag_hard_bound_outliers:122 -     OUTLIER → Hibiscus | 2020-11-30 | ₦494,727/MT | Below hard floor 500,000
2026-04-11 15:39:08.732 | WARNING  | __main__:flag_hard_bound_outliers:122 -     OUTLIER → Hibiscus | 2020-12-07 | ₦490,271/MT | Below hard floor 500,000
2026-04-11 15:39:08.732 | WARNING  | __main__:flag_hard_bound_outliers:122 -     OUTLIER → Hibiscus | 2020-12-21 | ₦494,806/MT | Below hard floor 500,000
2026-04-11 15:39:08.733 | WARNING  | __main__:flag_hard_bound_outliers:122 -     OUTLIER → Hibiscus | 2020-12-28 | ₦486,779/MT | Below hard floor 500,000
2026-04-11 15:39:08.734 | WARNING  | __main__:flag_hard_bound_outliers:122 -     OUTLIER → Sesame | 2010-01-04 | ₦191,816/MT | Below hard floor 400,000
2026-04-11 15:39:08.735 | WARNING  | __main__:flag_hard_bound_outliers:122 -     OUTLIER → Sesame | 2010-01-11 | ₦188,216/MT | Below hard floor 400,000
2026-04-11 15:39:08.735 | WARNING  | __main__:flag_hard_bound_outliers:122 -     OUTLIER → Sesame | 2010-01-18 | ₦192,672/MT | Below hard floor 400,000
2026-04-11 15:39:08.737 | WARNING  | __main__:flag_hard_bound_outliers:122 -     OUTLIER → Sesame | 2010-01-25 | ₦197,636/MT | Below hard floor 400,000
2026-04-11 15:39:08.737 | WARNING  | __main__:flag_hard_bound_outliers:122 -     OUTLIER → Sesame | 2010-02-01 | ₦178,736/MT | Below hard floor 400,000
2026-04-11 15:39:08.737 | WARNING  | __main__:flag_hard_bound_outliers:122 -     OUTLIER → Sesame | 2010-02-08 | ₦178,736/MT | Below hard floor 400,000
2026-04-11 15:39:08.737 | WARNING  | __main__:flag_hard_bound_outliers:122 -     OUTLIER → Sesame | 2010-02-15 | ₦188,528/MT | Below hard floor 400,000
2026-04-11 15:39:08.742 | WARNING  | __main__:flag_hard_bound_outliers:122 -     OUTLIER → Sesame | 2010-02-22 | ₦184,144/MT | Below hard floor 400,000
2026-04-11 15:39:08.743 | WARNING  | __main__:flag_hard_bound_outliers:122 -     OUTLIER → Sesame | 2010-03-01 | ₦173,916/MT | Below hard floor 400,000
2026-04-11 15:39:08.743 | WARNING  | __main__:flag_hard_bound_outliers:122 -     OUTLIER → Sesame | 2010-03-08 | ₦179,271/MT | Below hard floor 400,000
2026-04-11 15:39:08.744 | WARNING  | __main__:flag_hard_bound_outliers:122 -     OUTLIER → Sesame | 2010-03-15 | ₦173,948/MT | Below hard floor 400,000
2026-04-11 15:39:08.745 | WARNING  | __main__:flag_hard_bound_outliers:122 -     OUTLIER → Sesame | 2010-03-22 | ₦173,935/MT | Below hard floor 400,000
2026-04-11 15:39:08.746 | WARNING  | __main__:flag_hard_bound_outliers:122 -     OUTLIER → Sesame | 2010-03-29 | ₦177,680/MT | Below hard floor 400,000
2026-04-11 15:39:08.747 | WARNING  | __main__:flag_hard_bound_outliers:122 -     OUTLIER → Sesame | 2010-04-05 | ₦162,882/MT | Below hard floor 400,000
2026-04-11 15:39:08.748 | WARNING  | __main__:flag_hard_bound_outliers:122 -     OUTLIER → Sesame | 2010-04-12 | ₦163,858/MT | Below hard floor 400,000
2026-04-11 15:39:08.749 | WARNING  | __main__:flag_hard_bound_outliers:122 -     OUTLIER → Sesame | 2010-04-19 | ₦169,885/MT | Below hard floor 400,000
2026-04-11 15:39:08.749 | WARNING  | __main__:flag_hard_bound_outliers:122 -     OUTLIER → Sesame | 2010-04-26 | ₦167,549/MT | Below hard floor 400,000
2026-04-11 15:39:08.750 | WARNING  | __main__:flag_hard_bound_outliers:122 -     OUTLIER → Sesame | 2010-05-03 | ₦172,612/MT | Below hard floor 400,000
2026-04-11 15:39:08.751 | WARNING  | __main__:flag_hard_bound_outliers:122 -     OUTLIER → Sesame | 2010-05-10 | ₦166,342/MT | Below hard floor 400,000
2026-04-11 15:39:08.752 | WARNING  | __main__:flag_hard_bound_outliers:122 -     OUTLIER → Sesame | 2010-05-17 | ₦163,755/MT | Below hard floor 400,000
2026-04-11 15:39:08.753 | WARNING  | __main__:flag_hard_bound_outliers:122 -     OUTLIER → Sesame | 2010-05-24 | ₦178,519/MT | Below hard floor 400,000
2026-04-11 15:39:08.753 | WARNING  | __main__:flag_hard_bound_outliers:122 -     OUTLIER → Sesame | 2010-05-31 | ₦169,842/MT | Below hard floor 400,000
2026-04-11 15:39:08.753 | WARNING  | __main__:flag_hard_bound_outliers:122 -     OUTLIER → Sesame | 2010-06-07 | ₦174,954/MT | Below hard floor 400,000
2026-04-11 15:39:08.753 | WARNING  | __main__:flag_hard_bound_outliers:122 -     OUTLIER → Sesame | 2010-06-14 | ₦167,137/MT | Below hard floor 400,000
2026-04-11 15:39:08.759 | WARNING  | __main__:flag_hard_bound_outliers:122 -     OUTLIER → Sesame | 2010-06-21 | ₦171,749/MT | Below hard floor 400,000
2026-04-11 15:39:08.760 | WARNING  | __main__:flag_hard_bound_outliers:122 -     OUTLIER → Sesame | 2010-06-28 | ₦175,181/MT | Below hard floor 400,000
2026-04-11 15:39:08.761 | WARNING  | __main__:flag_hard_bound_outliers:122 -     OUTLIER → Sesame | 2010-07-05 | ₦170,309/MT | Below hard floor 400,000
2026-04-11 15:39:08.762 | WARNING  | __main__:flag_hard_bound_outliers:122 -     OUTLIER → Sesame | 2010-07-12 | ₦178,388/MT | Below hard floor 400,000
2026-04-11 15:39:08.763 | WARNING  | __main__:flag_hard_bound_outliers:122 -     OUTLIER → Sesame | 2010-07-19 | ₦173,221/MT | Below hard floor 400,000
2026-04-11 15:39:08.763 | WARNING  | __main__:flag_hard_bound_outliers:122 -     OUTLIER → Sesame | 2010-07-26 | ₦174,856/MT | Below hard floor 400,000
2026-04-11 15:39:08.764 | WARNING  | __main__:flag_hard_bound_outliers:122 -     OUTLIER → Sesame | 2010-08-02 | ₦173,216/MT | Below hard floor 400,000
2026-04-11 15:39:08.766 | WARNING  | __main__:flag_hard_bound_outliers:122 -     OUTLIER → Sesame | 2010-08-09 | ₦186,202/MT | Below hard floor 400,000
2026-04-11 15:39:08.767 | WARNING  | __main__:flag_hard_bound_outliers:122 -     OUTLIER → Sesame | 2010-08-16 | ₦176,329/MT | Below hard floor 400,000
2026-04-11 15:39:08.768 | WARNING  | __main__:flag_hard_bound_outliers:122 -     OUTLIER → Sesame | 2010-08-23 | ₦170,803/MT | Below hard floor 400,000
2026-04-11 15:39:08.768 | WARNING  | __main__:flag_hard_bound_outliers:122 -     OUTLIER → Sesame | 2010-08-30 | ₦180,753/MT | Below hard floor 400,000
2026-04-11 15:39:08.770 | WARNING  | __main__:flag_hard_bound_outliers:122 -     OUTLIER → Sesame | 2010-09-06 | ₦168,205/MT | Below hard floor 400,000
2026-04-11 15:39:08.770 | WARNING  | __main__:flag_hard_bound_outliers:122 -     OUTLIER → Sesame | 2010-09-13 | ₦175,694/MT | Below hard floor 400,000
2026-04-11 15:39:08.770 | WARNING  | __main__:flag_hard_bound_outliers:122 -     OUTLIER → Sesame | 2010-09-20 | ₦164,335/MT | Below hard floor 400,000
2026-04-11 15:39:08.770 | WARNING  | __main__:flag_hard_bound_outliers:122 -     OUTLIER → Sesame | 2010-09-27 | ₦167,643/MT | Below hard floor 400,000
2026-04-11 15:39:08.776 | WARNING  | __main__:flag_hard_bound_outliers:122 -     OUTLIER → Sesame | 2010-10-04 | ₦175,631/MT | Below hard floor 400,000
2026-04-11 15:39:08.777 | WARNING  | __main__:flag_hard_bound_outliers:122 -     OUTLIER → Sesame | 2010-10-11 | ₦178,468/MT | Below hard floor 400,000
2026-04-11 15:39:08.777 | WARNING  | __main__:flag_hard_bound_outliers:122 -     OUTLIER → Sesame | 2010-10-18 | ₦175,498/MT | Below hard floor 400,000
2026-04-11 15:39:08.778 | WARNING  | __main__:flag_hard_bound_outliers:122 -     OUTLIER → Sesame | 2010-10-25 | ₦173,994/MT | Below hard floor 400,000
2026-04-11 15:39:08.779 | WARNING  | __main__:flag_hard_bound_outliers:122 -     OUTLIER → Sesame | 2010-11-01 | ₦178,374/MT | Below hard floor 400,000
2026-04-11 15:39:08.780 | WARNING  | __main__:flag_hard_bound_outliers:122 -     OUTLIER → Sesame | 2010-11-08 | ₦172,016/MT | Below hard floor 400,000
2026-04-11 15:39:08.780 | WARNING  | __main__:flag_hard_bound_outliers:122 -     OUTLIER → Sesame | 2010-11-15 | ₦176,113/MT | Below hard floor 400,000
2026-04-11 15:39:08.781 | WARNING  | __main__:flag_hard_bound_outliers:122 -     OUTLIER → Sesame | 2010-11-22 | ₦177,513/MT | Below hard floor 400,000
2026-04-11 15:39:08.783 | WARNING  | __main__:flag_hard_bound_outliers:122 -     OUTLIER → Sesame | 2010-11-29 | ₦185,708/MT | Below hard floor 400,000
2026-04-11 15:39:08.783 | WARNING  | __main__:flag_hard_bound_outliers:122 -     OUTLIER → Sesame | 2010-12-06 | ₦190,948/MT | Below hard floor 400,000
2026-04-11 15:39:08.784 | WARNING  | __main__:flag_hard_bound_outliers:122 -     OUTLIER → Sesame | 2010-12-13 | ₦179,004/MT | Below hard floor 400,000
2026-04-11 15:39:08.785 | WARNING  | __main__:flag_hard_bound_outliers:122 -     OUTLIER → Sesame | 2010-12-20 | ₦190,838/MT | Below hard floor 400,000
2026-04-11 15:39:08.786 | WARNING  | __main__:flag_hard_bound_outliers:122 -     OUTLIER → Sesame | 2010-12-27 | ₦186,817/MT | Below hard floor 400,000
2026-04-11 15:39:08.787 | WARNING  | __main__:flag_hard_bound_outliers:122 -     OUTLIER → Sesame | 2011-01-03 | ₦205,735/MT | Below hard floor 400,000
2026-04-11 15:39:08.787 | WARNING  | __main__:flag_hard_bound_outliers:122 -     OUTLIER → Sesame | 2011-01-10 | ₦213,854/MT | Below hard floor 400,000
2026-04-11 15:39:08.787 | WARNING  | __main__:flag_hard_bound_outliers:122 -     OUTLIER → Sesame | 2011-01-17 | ₦216,495/MT | Below hard floor 400,000
2026-04-11 15:39:08.792 | WARNING  | __main__:flag_hard_bound_outliers:122 -     OUTLIER → Sesame | 2011-01-24 | ₦215,867/MT | Below hard floor 400,000
2026-04-11 15:39:08.793 | WARNING  | __main__:flag_hard_bound_outliers:122 -     OUTLIER → Sesame | 2011-01-31 | ₦204,713/MT | Below hard floor 400,000
2026-04-11 15:39:08.795 | WARNING  | __main__:flag_hard_bound_outliers:122 -     OUTLIER → Sesame | 2011-02-07 | ₦198,145/MT | Below hard floor 400,000
2026-04-11 15:39:08.795 | WARNING  | __main__:flag_hard_bound_outliers:122 -     OUTLIER → Sesame | 2011-02-14 | ₦201,988/MT | Below hard floor 400,000
2026-04-11 15:39:08.796 | WARNING  | __main__:flag_hard_bound_outliers:122 -     OUTLIER → Sesame | 2011-02-21 | ₦205,853/MT | Below hard floor 400,000
2026-04-11 15:39:08.797 | WARNING  | __main__:flag_hard_bound_outliers:122 -     OUTLIER → Sesame | 2011-02-28 | ₦197,125/MT | Below hard floor 400,000
2026-04-11 15:39:08.797 | WARNING  | __main__:flag_hard_bound_outliers:122 -     OUTLIER → Sesame | 2011-03-07 | ₦194,908/MT | Below hard floor 400,000
2026-04-11 15:39:08.797 | WARNING  | __main__:flag_hard_bound_outliers:122 -     OUTLIER → Sesame | 2011-03-14 | ₦189,495/MT | Below hard floor 400,000
2026-04-11 15:39:08.797 | WARNING  | __main__:flag_hard_bound_outliers:122 -     OUTLIER → Sesame | 2011-03-21 | ₦188,966/MT | Below hard floor 400,000
2026-04-11 15:39:08.800 | WARNING  | __main__:flag_hard_bound_outliers:122 -     OUTLIER → Sesame | 2011-03-28 | ₦200,778/MT | Below hard floor 400,000
2026-04-11 15:39:08.801 | WARNING  | __main__:flag_hard_bound_outliers:122 -     OUTLIER → Sesame | 2011-04-04 | ₦199,812/MT | Below hard floor 400,000
2026-04-11 15:39:08.801 | WARNING  | __main__:flag_hard_bound_outliers:122 -     OUTLIER → Sesame | 2011-04-11 | ₦191,585/MT | Below hard floor 400,000
2026-04-11 15:39:08.802 | WARNING  | __main__:flag_hard_bound_outliers:122 -     OUTLIER → Sesame | 2011-04-18 | ₦197,780/MT | Below hard floor 400,000
2026-04-11 15:39:08.803 | WARNING  | __main__:flag_hard_bound_outliers:122 -     OUTLIER → Sesame | 2011-04-25 | ₦194,083/MT | Below hard floor 400,000
2026-04-11 15:39:08.803 | WARNING  | __main__:flag_hard_bound_outliers:122 -     OUTLIER → Sesame | 2011-05-02 | ₦186,323/MT | Below hard floor 400,000
2026-04-11 15:39:08.803 | WARNING  | __main__:flag_hard_bound_outliers:122 -     OUTLIER → Sesame | 2011-05-09 | ₦192,060/MT | Below hard floor 400,000
2026-04-11 15:39:08.809 | WARNING  | __main__:flag_hard_bound_outliers:122 -     OUTLIER → Sesame | 2011-05-16 | ₦198,767/MT | Below hard floor 400,000
2026-04-11 15:39:08.810 | WARNING  | __main__:flag_hard_bound_outliers:122 -     OUTLIER → Sesame | 2011-05-23 | ₦189,796/MT | Below hard floor 400,000
2026-04-11 15:39:08.811 | WARNING  | __main__:flag_hard_bound_outliers:122 -     OUTLIER → Sesame | 2011-05-30 | ₦198,918/MT | Below hard floor 400,000
2026-04-11 15:39:08.811 | WARNING  | __main__:flag_hard_bound_outliers:122 -     OUTLIER → Sesame | 2011-06-06 | ₦178,753/MT | Below hard floor 400,000
2026-04-11 15:39:08.812 | WARNING  | __main__:flag_hard_bound_outliers:122 -     OUTLIER → Sesame | 2011-06-13 | ₦198,783/MT | Below hard floor 400,000
2026-04-11 15:39:08.813 | WARNING  | __main__:flag_hard_bound_outliers:122 -     OUTLIER → Sesame | 2011-06-20 | ₦194,507/MT | Below hard floor 400,000
2026-04-11 15:39:08.813 | WARNING  | __main__:flag_hard_bound_outliers:122 -     OUTLIER → Sesame | 2011-06-27 | ₦192,260/MT | Below hard floor 400,000
2026-04-11 15:39:08.813 | WARNING  | __main__:flag_hard_bound_outliers:122 -     OUTLIER → Sesame | 2011-07-04 | ₦196,540/MT | Below hard floor 400,000
2026-04-11 15:39:08.813 | WARNING  | __main__:flag_hard_bound_outliers:122 -     OUTLIER → Sesame | 2011-07-11 | ₦184,313/MT | Below hard floor 400,000
2026-04-11 15:39:08.813 | WARNING  | __main__:flag_hard_bound_outliers:122 -     OUTLIER → Sesame | 2011-07-18 | ₦194,708/MT | Below hard floor 400,000
2026-04-11 15:39:08.813 | WARNING  | __main__:flag_hard_bound_outliers:122 -     OUTLIER → Sesame | 2011-07-25 | ₦198,100/MT | Below hard floor 400,000
2026-04-11 15:39:08.818 | WARNING  | __main__:flag_hard_bound_outliers:122 -     OUTLIER → Sesame | 2011-08-01 | ₦204,690/MT | Below hard floor 400,000
2026-04-11 15:39:08.820 | WARNING  | __main__:flag_hard_bound_outliers:122 -     OUTLIER → Sesame | 2011-08-08 | ₦192,953/MT | Below hard floor 400,000
2026-04-11 15:39:08.820 | WARNING  | __main__:flag_hard_bound_outliers:122 -     OUTLIER → Sesame | 2011-08-15 | ₦191,246/MT | Below hard floor 400,000
2026-04-11 15:39:08.820 | WARNING  | __main__:flag_hard_bound_outliers:122 -     OUTLIER → Sesame | 2011-08-22 | ₦193,050/MT | Below hard floor 400,000
2026-04-11 15:39:08.820 | WARNING  | __main__:flag_hard_bound_outliers:122 -     OUTLIER → Sesame | 2011-08-29 | ₦201,383/MT | Below hard floor 400,000
2026-04-11 15:39:08.820 | WARNING  | __main__:flag_hard_bound_outliers:122 -     OUTLIER → Sesame | 2011-09-05 | ₦195,913/MT | Below hard floor 400,000
2026-04-11 15:39:08.826 | WARNING  | __main__:flag_hard_bound_outliers:122 -     OUTLIER → Sesame | 2011-09-12 | ₦190,917/MT | Below hard floor 400,000
2026-04-11 15:39:08.826 | WARNING  | __main__:flag_hard_bound_outliers:122 -     OUTLIER → Sesame | 2011-09-19 | ₦196,987/MT | Below hard floor 400,000
2026-04-11 15:39:08.827 | WARNING  | __main__:flag_hard_bound_outliers:122 -     OUTLIER → Sesame | 2011-09-26 | ₦194,565/MT | Below hard floor 400,000
2026-04-11 15:39:08.828 | WARNING  | __main__:flag_hard_bound_outliers:122 -     OUTLIER → Sesame | 2011-10-03 | ₦199,638/MT | Below hard floor 400,000
2026-04-11 15:39:08.829 | WARNING  | __main__:flag_hard_bound_outliers:122 -     OUTLIER → Sesame | 2011-10-10 | ₦189,914/MT | Below hard floor 400,000
2026-04-11 15:39:08.829 | WARNING  | __main__:flag_hard_bound_outliers:122 -     OUTLIER → Sesame | 2011-10-17 | ₦192,093/MT | Below hard floor 400,000
2026-04-11 15:39:08.829 | WARNING  | __main__:flag_hard_bound_outliers:122 -     OUTLIER → Sesame | 2011-10-24 | ₦191,718/MT | Below hard floor 400,000
2026-04-11 15:39:08.829 | WARNING  | __main__:flag_hard_bound_outliers:122 -     OUTLIER → Sesame | 2011-10-31 | ₦185,482/MT | Below hard floor 400,000
2026-04-11 15:39:08.829 | WARNING  | __main__:flag_hard_bound_outliers:122 -     OUTLIER → Sesame | 2011-11-07 | ₦201,777/MT | Below hard floor 400,000
2026-04-11 15:39:08.829 | WARNING  | __main__:flag_hard_bound_outliers:122 -     OUTLIER → Sesame | 2011-11-14 | ₦201,566/MT | Below hard floor 400,000
2026-04-11 15:39:08.829 | WARNING  | __main__:flag_hard_bound_outliers:122 -     OUTLIER → Sesame | 2011-11-21 | ₦200,031/MT | Below hard floor 400,000
2026-04-11 15:39:08.835 | WARNING  | __main__:flag_hard_bound_outliers:122 -     OUTLIER → Sesame | 2011-11-28 | ₦198,592/MT | Below hard floor 400,000
2026-04-11 15:39:08.837 | WARNING  | __main__:flag_hard_bound_outliers:122 -     OUTLIER → Sesame | 2011-12-05 | ₦201,083/MT | Below hard floor 400,000
2026-04-11 15:39:08.837 | WARNING  | __main__:flag_hard_bound_outliers:122 -     OUTLIER → Sesame | 2011-12-12 | ₦207,350/MT | Below hard floor 400,000
2026-04-11 15:39:08.837 | WARNING  | __main__:flag_hard_bound_outliers:122 -     OUTLIER → Sesame | 2011-12-19 | ₦207,841/MT | Below hard floor 400,000
2026-04-11 15:39:08.837 | WARNING  | __main__:flag_hard_bound_outliers:122 -     OUTLIER → Sesame | 2011-12-26 | ₦204,946/MT | Below hard floor 400,000
2026-04-11 15:39:08.837 | WARNING  | __main__:flag_hard_bound_outliers:122 -     OUTLIER → Sesame | 2012-01-02 | ₦229,882/MT | Below hard floor 400,000
2026-04-11 15:39:08.843 | WARNING  | __main__:flag_hard_bound_outliers:122 -     OUTLIER → Sesame | 2012-01-09 | ₦233,800/MT | Below hard floor 400,000
2026-04-11 15:39:08.844 | WARNING  | __main__:flag_hard_bound_outliers:122 -     OUTLIER → Sesame | 2012-01-16 | ₦244,071/MT | Below hard floor 400,000
2026-04-11 15:39:08.845 | WARNING  | __main__:flag_hard_bound_outliers:122 -     OUTLIER → Sesame | 2012-01-23 | ₦232,210/MT | Below hard floor 400,000
2026-04-11 15:39:08.846 | WARNING  | __main__:flag_hard_bound_outliers:122 -     OUTLIER → Sesame | 2012-01-30 | ₦232,785/MT | Below hard floor 400,000
2026-04-11 15:39:08.846 | WARNING  | __main__:flag_hard_bound_outliers:122 -     OUTLIER → Sesame | 2012-02-06 | ₦219,509/MT | Below hard floor 400,000
2026-04-11 15:39:08.847 | WARNING  | __main__:flag_hard_bound_outliers:122 -     OUTLIER → Sesame | 2012-02-13 | ₦207,336/MT | Below hard floor 400,000
2026-04-11 15:39:08.847 | WARNING  | __main__:flag_hard_bound_outliers:122 -     OUTLIER → Sesame | 2012-02-20 | ₦219,825/MT | Below hard floor 400,000
2026-04-11 15:39:08.849 | WARNING  | __main__:flag_hard_bound_outliers:122 -     OUTLIER → Sesame | 2012-02-27 | ₦220,398/MT | Below hard floor 400,000
2026-04-11 15:39:08.849 | WARNING  | __main__:flag_hard_bound_outliers:122 -     OUTLIER → Sesame | 2012-03-05 | ₦231,532/MT | Below hard floor 400,000
2026-04-11 15:39:08.851 | WARNING  | __main__:flag_hard_bound_outliers:122 -     OUTLIER → Sesame | 2012-03-12 | ₦214,356/MT | Below hard floor 400,000
2026-04-11 15:39:08.852 | WARNING  | __main__:flag_hard_bound_outliers:122 -     OUTLIER → Sesame | 2012-03-19 | ₦217,550/MT | Below hard floor 400,000
2026-04-11 15:39:08.853 | WARNING  | __main__:flag_hard_bound_outliers:122 -     OUTLIER → Sesame | 2012-03-26 | ₦215,375/MT | Below hard floor 400,000
2026-04-11 15:39:08.853 | WARNING  | __main__:flag_hard_bound_outliers:122 -     OUTLIER → Sesame | 2012-04-02 | ₦203,795/MT | Below hard floor 400,000
2026-04-11 15:39:08.853 | WARNING  | __main__:flag_hard_bound_outliers:122 -     OUTLIER → Sesame | 2012-04-09 | ₦218,441/MT | Below hard floor 400,000
2026-04-11 15:39:08.853 | WARNING  | __main__:flag_hard_bound_outliers:122 -     OUTLIER → Sesame | 2012-04-16 | ₦215,964/MT | Below hard floor 400,000
2026-04-11 15:39:08.853 | WARNING  | __main__:flag_hard_bound_outliers:122 -     OUTLIER → Sesame | 2012-04-23 | ₦216,212/MT | Below hard floor 400,000
2026-04-11 15:39:08.858 | WARNING  | __main__:flag_hard_bound_outliers:122 -     OUTLIER → Sesame | 2012-04-30 | ₦205,438/MT | Below hard floor 400,000
2026-04-11 15:39:08.860 | WARNING  | __main__:flag_hard_bound_outliers:122 -     OUTLIER → Sesame | 2012-05-07 | ₦217,796/MT | Below hard floor 400,000
2026-04-11 15:39:08.861 | WARNING  | __main__:flag_hard_bound_outliers:122 -     OUTLIER → Sesame | 2012-05-14 | ₦200,210/MT | Below hard floor 400,000
2026-04-11 15:39:08.862 | WARNING  | __main__:flag_hard_bound_outliers:122 -     OUTLIER → Sesame | 2012-05-21 | ₦212,680/MT | Below hard floor 400,000
2026-04-11 15:39:08.863 | WARNING  | __main__:flag_hard_bound_outliers:122 -     OUTLIER → Sesame | 2012-05-28 | ₦222,734/MT | Below hard floor 400,000
2026-04-11 15:39:08.864 | WARNING  | __main__:flag_hard_bound_outliers:122 -     OUTLIER → Sesame | 2012-06-04 | ₦207,059/MT | Below hard floor 400,000
2026-04-11 15:39:08.864 | WARNING  | __main__:flag_hard_bound_outliers:122 -     OUTLIER → Sesame | 2012-06-11 | ₦209,775/MT | Below hard floor 400,000
2026-04-11 15:39:08.866 | WARNING  | __main__:flag_hard_bound_outliers:122 -     OUTLIER → Sesame | 2012-06-18 | ₦214,038/MT | Below hard floor 400,000
2026-04-11 15:39:08.867 | WARNING  | __main__:flag_hard_bound_outliers:122 -     OUTLIER → Sesame | 2012-06-25 | ₦210,177/MT | Below hard floor 400,000
2026-04-11 15:39:08.867 | WARNING  | __main__:flag_hard_bound_outliers:122 -     OUTLIER → Sesame | 2012-07-02 | ₦205,570/MT | Below hard floor 400,000
2026-04-11 15:39:08.868 | WARNING  | __main__:flag_hard_bound_outliers:122 -     OUTLIER → Sesame | 2012-07-09 | ₦216,043/MT | Below hard floor 400,000
2026-04-11 15:39:08.869 | WARNING  | __main__:flag_hard_bound_outliers:122 -     OUTLIER → Sesame | 2012-07-16 | ₦208,729/MT | Below hard floor 400,000
2026-04-11 15:39:08.870 | WARNING  | __main__:flag_hard_bound_outliers:122 -     OUTLIER → Sesame | 2012-07-23 | ₦218,663/MT | Below hard floor 400,000
2026-04-11 15:39:08.870 | WARNING  | __main__:flag_hard_bound_outliers:122 -     OUTLIER → Sesame | 2012-07-30 | ₦209,653/MT | Below hard floor 400,000
2026-04-11 15:39:08.870 | WARNING  | __main__:flag_hard_bound_outliers:122 -     OUTLIER → Sesame | 2012-08-06 | ₦225,625/MT | Below hard floor 400,000
2026-04-11 15:39:08.870 | WARNING  | __main__:flag_hard_bound_outliers:122 -     OUTLIER → Sesame | 2012-08-13 | ₦210,534/MT | Below hard floor 400,000
2026-04-11 15:39:08.876 | WARNING  | __main__:flag_hard_bound_outliers:122 -     OUTLIER → Sesame | 2012-08-20 | ₦213,517/MT | Below hard floor 400,000
2026-04-11 15:39:08.876 | WARNING  | __main__:flag_hard_bound_outliers:122 -     OUTLIER → Sesame | 2012-08-27 | ₦220,862/MT | Below hard floor 400,000
2026-04-11 15:39:08.877 | WARNING  | __main__:flag_hard_bound_outliers:122 -     OUTLIER → Sesame | 2012-09-03 | ₦205,520/MT | Below hard floor 400,000
2026-04-11 15:39:08.878 | WARNING  | __main__:flag_hard_bound_outliers:122 -     OUTLIER → Sesame | 2012-09-10 | ₦214,856/MT | Below hard floor 400,000
2026-04-11 15:39:08.879 | WARNING  | __main__:flag_hard_bound_outliers:122 -     OUTLIER → Sesame | 2012-09-17 | ₦221,768/MT | Below hard floor 400,000
2026-04-11 15:39:08.880 | WARNING  | __main__:flag_hard_bound_outliers:122 -     OUTLIER → Sesame | 2012-09-24 | ₦203,109/MT | Below hard floor 400,000
2026-04-11 15:39:08.880 | WARNING  | __main__:flag_hard_bound_outliers:122 -     OUTLIER → Sesame | 2012-10-01 | ₦214,582/MT | Below hard floor 400,000
2026-04-11 15:39:08.880 | WARNING  | __main__:flag_hard_bound_outliers:122 -     OUTLIER → Sesame | 2012-10-08 | ₦215,064/MT | Below hard floor 400,000
2026-04-11 15:39:08.880 | WARNING  | __main__:flag_hard_bound_outliers:122 -     OUTLIER → Sesame | 2012-10-15 | ₦218,405/MT | Below hard floor 400,000
2026-04-11 15:39:08.884 | WARNING  | __main__:flag_hard_bound_outliers:122 -     OUTLIER → Sesame | 2012-10-22 | ₦205,481/MT | Below hard floor 400,000
2026-04-11 15:39:08.885 | WARNING  | __main__:flag_hard_bound_outliers:122 -     OUTLIER → Sesame | 2012-10-29 | ₦204,946/MT | Below hard floor 400,000
2026-04-11 15:39:08.885 | WARNING  | __main__:flag_hard_bound_outliers:122 -     OUTLIER → Sesame | 2012-11-05 | ₦223,445/MT | Below hard floor 400,000
2026-04-11 15:39:08.887 | WARNING  | __main__:flag_hard_bound_outliers:122 -     OUTLIER → Sesame | 2012-11-12 | ₦221,960/MT | Below hard floor 400,000
2026-04-11 15:39:08.887 | WARNING  | __main__:flag_hard_bound_outliers:122 -     OUTLIER → Sesame | 2012-11-19 | ₦221,653/MT | Below hard floor 400,000
2026-04-11 15:39:08.889 | WARNING  | __main__:flag_hard_bound_outliers:122 -     OUTLIER → Sesame | 2012-11-26 | ₦222,287/MT | Below hard floor 400,000
2026-04-11 15:39:08.891 | WARNING  | __main__:flag_hard_bound_outliers:122 -     OUTLIER → Sesame | 2012-12-03 | ₦226,287/MT | Below hard floor 400,000
2026-04-11 15:39:08.892 | WARNING  | __main__:flag_hard_bound_outliers:122 -     OUTLIER → Sesame | 2012-12-10 | ₦232,610/MT | Below hard floor 400,000
2026-04-11 15:39:08.893 | WARNING  | __main__:flag_hard_bound_outliers:122 -     OUTLIER → Sesame | 2012-12-17 | ₦233,031/MT | Below hard floor 400,000
2026-04-11 15:39:08.893 | WARNING  | __main__:flag_hard_bound_outliers:122 -     OUTLIER → Sesame | 2012-12-24 | ₦226,050/MT | Below hard floor 400,000
2026-04-11 15:39:08.895 | WARNING  | __main__:flag_hard_bound_outliers:122 -     OUTLIER → Sesame | 2012-12-31 | ₦243,930/MT | Below hard floor 400,000
2026-04-11 15:39:08.895 | WARNING  | __main__:flag_hard_bound_outliers:122 -     OUTLIER → Sesame | 2013-01-07 | ₦255,582/MT | Below hard floor 400,000
2026-04-11 15:39:08.896 | WARNING  | __main__:flag_hard_bound_outliers:122 -     OUTLIER → Sesame | 2013-01-14 | ₦242,994/MT | Below hard floor 400,000
2026-04-11 15:39:08.896 | WARNING  | __main__:flag_hard_bound_outliers:122 -     OUTLIER → Sesame | 2013-01-21 | ₦256,964/MT | Below hard floor 400,000
2026-04-11 15:39:08.897 | WARNING  | __main__:flag_hard_bound_outliers:122 -     OUTLIER → Sesame | 2013-01-28 | ₦244,631/MT | Below hard floor 400,000
2026-04-11 15:39:08.897 | WARNING  | __main__:flag_hard_bound_outliers:122 -     OUTLIER → Sesame | 2013-02-04 | ₦245,667/MT | Below hard floor 400,000
2026-04-11 15:39:08.897 | WARNING  | __main__:flag_hard_bound_outliers:122 -     OUTLIER → Sesame | 2013-02-11 | ₦248,342/MT | Below hard floor 400,000
2026-04-11 15:39:08.897 | WARNING  | __main__:flag_hard_bound_outliers:122 -     OUTLIER → Sesame | 2013-02-18 | ₦234,091/MT | Below hard floor 400,000
2026-04-11 15:39:08.901 | WARNING  | __main__:flag_hard_bound_outliers:122 -     OUTLIER → Sesame | 2013-02-25 | ₦246,936/MT | Below hard floor 400,000
2026-04-11 15:39:08.902 | WARNING  | __main__:flag_hard_bound_outliers:122 -     OUTLIER → Sesame | 2013-03-04 | ₦238,113/MT | Below hard floor 400,000
2026-04-11 15:39:08.903 | WARNING  | __main__:flag_hard_bound_outliers:122 -     OUTLIER → Sesame | 2013-03-11 | ₦241,000/MT | Below hard floor 400,000
2026-04-11 15:39:08.903 | WARNING  | __main__:flag_hard_bound_outliers:122 -     OUTLIER → Sesame | 2013-03-18 | ₦248,584/MT | Below hard floor 400,000
2026-04-11 15:39:08.903 | WARNING  | __main__:flag_hard_bound_outliers:122 -     OUTLIER → Sesame | 2013-03-25 | ₦233,469/MT | Below hard floor 400,000
2026-04-11 15:39:08.903 | WARNING  | __main__:flag_hard_bound_outliers:122 -     OUTLIER → Sesame | 2013-04-01 | ₦225,190/MT | Below hard floor 400,000
2026-04-11 15:39:08.908 | WARNING  | __main__:flag_hard_bound_outliers:122 -     OUTLIER → Sesame | 2013-04-08 | ₦224,252/MT | Below hard floor 400,000
2026-04-11 15:39:08.909 | WARNING  | __main__:flag_hard_bound_outliers:122 -     OUTLIER → Sesame | 2013-04-15 | ₦224,761/MT | Below hard floor 400,000
2026-04-11 15:39:08.910 | WARNING  | __main__:flag_hard_bound_outliers:122 -     OUTLIER → Sesame | 2013-04-22 | ₦229,867/MT | Below hard floor 400,000
2026-04-11 15:39:08.911 | WARNING  | __main__:flag_hard_bound_outliers:122 -     OUTLIER → Sesame | 2013-04-29 | ₦232,758/MT | Below hard floor 400,000
2026-04-11 15:39:08.912 | WARNING  | __main__:flag_hard_bound_outliers:122 -     OUTLIER → Sesame | 2013-05-06 | ₦229,893/MT | Below hard floor 400,000
2026-04-11 15:39:08.913 | WARNING  | __main__:flag_hard_bound_outliers:122 -     OUTLIER → Sesame | 2013-05-13 | ₦233,658/MT | Below hard floor 400,000
2026-04-11 15:39:08.915 | WARNING  | __main__:flag_hard_bound_outliers:122 -     OUTLIER → Sesame | 2013-05-20 | ₦228,089/MT | Below hard floor 400,000
2026-04-11 15:39:08.916 | WARNING  | __main__:flag_hard_bound_outliers:122 -     OUTLIER → Sesame | 2013-05-27 | ₦237,942/MT | Below hard floor 400,000
2026-04-11 15:39:08.917 | WARNING  | __main__:flag_hard_bound_outliers:122 -     OUTLIER → Sesame | 2013-06-03 | ₦230,952/MT | Below hard floor 400,000
2026-04-11 15:39:08.917 | WARNING  | __main__:flag_hard_bound_outliers:122 -     OUTLIER → Sesame | 2013-06-10 | ₦251,798/MT | Below hard floor 400,000
2026-04-11 15:39:08.918 | WARNING  | __main__:flag_hard_bound_outliers:122 -     OUTLIER → Sesame | 2013-06-17 | ₦237,170/MT | Below hard floor 400,000
2026-04-11 15:39:08.919 | WARNING  | __main__:flag_hard_bound_outliers:122 -     OUTLIER → Sesame | 2013-06-24 | ₦226,814/MT | Below hard floor 400,000
2026-04-11 15:39:08.920 | WARNING  | __main__:flag_hard_bound_outliers:122 -     OUTLIER → Sesame | 2013-07-01 | ₦227,644/MT | Below hard floor 400,000
2026-04-11 15:39:08.920 | WARNING  | __main__:flag_hard_bound_outliers:122 -     OUTLIER → Sesame | 2013-07-08 | ₦238,604/MT | Below hard floor 400,000
2026-04-11 15:39:08.920 | WARNING  | __main__:flag_hard_bound_outliers:122 -     OUTLIER → Sesame | 2013-07-15 | ₦233,623/MT | Below hard floor 400,000
2026-04-11 15:39:08.920 | WARNING  | __main__:flag_hard_bound_outliers:122 -     OUTLIER → Sesame | 2013-07-22 | ₦240,238/MT | Below hard floor 400,000
2026-04-11 15:39:08.920 | WARNING  | __main__:flag_hard_bound_outliers:122 -     OUTLIER → Sesame | 2013-07-29 | ₦238,539/MT | Below hard floor 400,000
2026-04-11 15:39:08.926 | WARNING  | __main__:flag_hard_bound_outliers:122 -     OUTLIER → Sesame | 2013-08-05 | ₦234,686/MT | Below hard floor 400,000
2026-04-11 15:39:08.927 | WARNING  | __main__:flag_hard_bound_outliers:122 -     OUTLIER → Sesame | 2013-08-12 | ₦229,225/MT | Below hard floor 400,000
2026-04-11 15:39:08.928 | WARNING  | __main__:flag_hard_bound_outliers:122 -     OUTLIER → Sesame | 2013-08-19 | ₦224,511/MT | Below hard floor 400,000
2026-04-11 15:39:08.928 | WARNING  | __main__:flag_hard_bound_outliers:122 -     OUTLIER → Sesame | 2013-08-26 | ₦232,049/MT | Below hard floor 400,000
2026-04-11 15:39:08.929 | WARNING  | __main__:flag_hard_bound_outliers:122 -     OUTLIER → Sesame | 2013-09-02 | ₦238,781/MT | Below hard floor 400,000
2026-04-11 15:39:08.931 | WARNING  | __main__:flag_hard_bound_outliers:122 -     OUTLIER → Sesame | 2013-09-09 | ₦234,295/MT | Below hard floor 400,000
2026-04-11 15:39:08.932 | WARNING  | __main__:flag_hard_bound_outliers:122 -     OUTLIER → Sesame | 2013-09-16 | ₦224,100/MT | Below hard floor 400,000
2026-04-11 15:39:08.933 | WARNING  | __main__:flag_hard_bound_outliers:122 -     OUTLIER → Sesame | 2013-09-23 | ₦234,010/MT | Below hard floor 400,000
2026-04-11 15:39:08.934 | WARNING  | __main__:flag_hard_bound_outliers:122 -     OUTLIER → Sesame | 2013-09-30 | ₦235,491/MT | Below hard floor 400,000
2026-04-11 15:39:08.934 | WARNING  | __main__:flag_hard_bound_outliers:122 -     OUTLIER → Sesame | 2013-10-07 | ₦226,627/MT | Below hard floor 400,000
2026-04-11 15:39:08.935 | WARNING  | __main__:flag_hard_bound_outliers:122 -     OUTLIER → Sesame | 2013-10-14 | ₦233,874/MT | Below hard floor 400,000
2026-04-11 15:39:08.937 | WARNING  | __main__:flag_hard_bound_outliers:122 -     OUTLIER → Sesame | 2013-10-21 | ₦233,207/MT | Below hard floor 400,000
2026-04-11 15:39:08.937 | WARNING  | __main__:flag_hard_bound_outliers:122 -     OUTLIER → Sesame | 2013-10-28 | ₦224,818/MT | Below hard floor 400,000
2026-04-11 15:39:08.937 | WARNING  | __main__:flag_hard_bound_outliers:122 -     OUTLIER → Sesame | 2013-11-04 | ₦242,576/MT | Below hard floor 400,000
2026-04-11 15:39:08.937 | WARNING  | __main__:flag_hard_bound_outliers:122 -     OUTLIER → Sesame | 2013-11-11 | ₦244,038/MT | Below hard floor 400,000
2026-04-11 15:39:08.937 | WARNING  | __main__:flag_hard_bound_outliers:122 -     OUTLIER → Sesame | 2013-11-18 | ₦247,798/MT | Below hard floor 400,000
2026-04-11 15:39:08.942 | WARNING  | __main__:flag_hard_bound_outliers:122 -     OUTLIER → Sesame | 2013-11-25 | ₦247,587/MT | Below hard floor 400,000
2026-04-11 15:39:08.943 | WARNING  | __main__:flag_hard_bound_outliers:122 -     OUTLIER → Sesame | 2013-12-02 | ₦241,585/MT | Below hard floor 400,000
2026-04-11 15:39:08.944 | WARNING  | __main__:flag_hard_bound_outliers:122 -     OUTLIER → Sesame | 2013-12-09 | ₦244,910/MT | Below hard floor 400,000
2026-04-11 15:39:08.945 | WARNING  | __main__:flag_hard_bound_outliers:122 -     OUTLIER → Sesame | 2013-12-16 | ₦255,894/MT | Below hard floor 400,000
2026-04-11 15:39:08.945 | WARNING  | __main__:flag_hard_bound_outliers:122 -     OUTLIER → Sesame | 2013-12-23 | ₦255,884/MT | Below hard floor 400,000
2026-04-11 15:39:08.946 | WARNING  | __main__:flag_hard_bound_outliers:122 -     OUTLIER → Sesame | 2013-12-30 | ₦255,894/MT | Below hard floor 400,000
2026-04-11 15:39:08.948 | WARNING  | __main__:flag_hard_bound_outliers:122 -     OUTLIER → Sesame | 2014-01-06 | ₦316,267/MT | Below hard floor 400,000
2026-04-11 15:39:08.948 | WARNING  | __main__:flag_hard_bound_outliers:122 -     OUTLIER → Sesame | 2014-01-13 | ₦288,355/MT | Below hard floor 400,000
2026-04-11 15:39:08.949 | WARNING  | __main__:flag_hard_bound_outliers:122 -     OUTLIER → Sesame | 2014-01-20 | ₦293,158/MT | Below hard floor 400,000
2026-04-11 15:39:08.950 | WARNING  | __main__:flag_hard_bound_outliers:122 -     OUTLIER → Sesame | 2014-01-27 | ₦291,614/MT | Below hard floor 400,000
2026-04-11 15:39:08.951 | WARNING  | __main__:flag_hard_bound_outliers:122 -     OUTLIER → Sesame | 2014-02-03 | ₦275,276/MT | Below hard floor 400,000
2026-04-11 15:39:08.952 | WARNING  | __main__:flag_hard_bound_outliers:122 -     OUTLIER → Sesame | 2014-02-10 | ₦267,446/MT | Below hard floor 400,000
2026-04-11 15:39:08.953 | WARNING  | __main__:flag_hard_bound_outliers:122 -     OUTLIER → Sesame | 2014-02-17 | ₦276,148/MT | Below hard floor 400,000
2026-04-11 15:39:08.953 | WARNING  | __main__:flag_hard_bound_outliers:122 -     OUTLIER → Sesame | 2014-02-24 | ₦263,740/MT | Below hard floor 400,000
2026-04-11 15:39:08.953 | WARNING  | __main__:flag_hard_bound_outliers:122 -     OUTLIER → Sesame | 2014-03-03 | ₦262,720/MT | Below hard floor 400,000
2026-04-11 15:39:08.953 | WARNING  | __main__:flag_hard_bound_outliers:122 -     OUTLIER → Sesame | 2014-03-10 | ₦260,747/MT | Below hard floor 400,000
2026-04-11 15:39:08.958 | WARNING  | __main__:flag_hard_bound_outliers:122 -     OUTLIER → Sesame | 2014-03-17 | ₦265,250/MT | Below hard floor 400,000
2026-04-11 15:39:08.959 | WARNING  | __main__:flag_hard_bound_outliers:122 -     OUTLIER → Sesame | 2014-03-24 | ₦282,974/MT | Below hard floor 400,000
2026-04-11 15:39:08.960 | WARNING  | __main__:flag_hard_bound_outliers:122 -     OUTLIER → Sesame | 2014-03-31 | ₦249,778/MT | Below hard floor 400,000
2026-04-11 15:39:08.961 | WARNING  | __main__:flag_hard_bound_outliers:122 -     OUTLIER → Sesame | 2014-04-07 | ₦264,536/MT | Below hard floor 400,000
2026-04-11 15:39:08.961 | WARNING  | __main__:flag_hard_bound_outliers:122 -     OUTLIER → Sesame | 2014-04-14 | ₦246,660/MT | Below hard floor 400,000
2026-04-11 15:39:08.963 | WARNING  | __main__:flag_hard_bound_outliers:122 -     OUTLIER → Sesame | 2014-04-21 | ₦255,530/MT | Below hard floor 400,000
2026-04-11 15:39:08.963 | WARNING  | __main__:flag_hard_bound_outliers:122 -     OUTLIER → Sesame | 2014-04-28 | ₦267,668/MT | Below hard floor 400,000
2026-04-11 15:39:08.963 | WARNING  | __main__:flag_hard_bound_outliers:122 -     OUTLIER → Sesame | 2014-05-05 | ₦256,995/MT | Below hard floor 400,000
2026-04-11 15:39:08.963 | WARNING  | __main__:flag_hard_bound_outliers:122 -     OUTLIER → Sesame | 2014-05-12 | ₦248,207/MT | Below hard floor 400,000
2026-04-11 15:39:08.963 | WARNING  | __main__:flag_hard_bound_outliers:122 -     OUTLIER → Sesame | 2014-05-19 | ₦250,996/MT | Below hard floor 400,000
2026-04-11 15:39:08.963 | WARNING  | __main__:flag_hard_bound_outliers:122 -     OUTLIER → Sesame | 2014-05-26 | ₦261,730/MT | Below hard floor 400,000
2026-04-11 15:39:08.963 | WARNING  | __main__:flag_hard_bound_outliers:122 -     OUTLIER → Sesame | 2014-06-02 | ₦256,162/MT | Below hard floor 400,000
2026-04-11 15:39:08.963 | WARNING  | __main__:flag_hard_bound_outliers:122 -     OUTLIER → Sesame | 2014-06-09 | ₦263,601/MT | Below hard floor 400,000
2026-04-11 15:39:08.969 | WARNING  | __main__:flag_hard_bound_outliers:122 -     OUTLIER → Sesame | 2014-06-16 | ₦262,258/MT | Below hard floor 400,000
2026-04-11 15:39:08.970 | WARNING  | __main__:flag_hard_bound_outliers:122 -     OUTLIER → Sesame | 2014-06-23 | ₦256,780/MT | Below hard floor 400,000
2026-04-11 15:39:08.970 | WARNING  | __main__:flag_hard_bound_outliers:122 -     OUTLIER → Sesame | 2014-06-30 | ₦278,745/MT | Below hard floor 400,000
2026-04-11 15:39:08.970 | WARNING  | __main__:flag_hard_bound_outliers:122 -     OUTLIER → Sesame | 2014-07-07 | ₦269,632/MT | Below hard floor 400,000
2026-04-11 15:39:08.970 | WARNING  | __main__:flag_hard_bound_outliers:122 -     OUTLIER → Sesame | 2014-07-14 | ₦248,524/MT | Below hard floor 400,000
2026-04-11 15:39:08.974 | WARNING  | __main__:flag_hard_bound_outliers:122 -     OUTLIER → Sesame | 2014-07-21 | ₦266,080/MT | Below hard floor 400,000
2026-04-11 15:39:08.976 | WARNING  | __main__:flag_hard_bound_outliers:122 -     OUTLIER → Sesame | 2014-07-28 | ₦259,347/MT | Below hard floor 400,000
2026-04-11 15:39:08.977 | WARNING  | __main__:flag_hard_bound_outliers:122 -     OUTLIER → Sesame | 2014-08-04 | ₦271,367/MT | Below hard floor 400,000
2026-04-11 15:39:08.977 | WARNING  | __main__:flag_hard_bound_outliers:122 -     OUTLIER → Sesame | 2014-08-11 | ₦258,309/MT | Below hard floor 400,000
2026-04-11 15:39:08.978 | WARNING  | __main__:flag_hard_bound_outliers:122 -     OUTLIER → Sesame | 2014-08-18 | ₦263,689/MT | Below hard floor 400,000
2026-04-11 15:39:08.979 | WARNING  | __main__:flag_hard_bound_outliers:122 -     OUTLIER → Sesame | 2014-08-25 | ₦268,609/MT | Below hard floor 400,000
2026-04-11 15:39:08.980 | WARNING  | __main__:flag_hard_bound_outliers:122 -     OUTLIER → Sesame | 2014-09-01 | ₦268,702/MT | Below hard floor 400,000
2026-04-11 15:39:08.981 | WARNING  | __main__:flag_hard_bound_outliers:122 -     OUTLIER → Sesame | 2014-09-08 | ₦252,469/MT | Below hard floor 400,000
2026-04-11 15:39:08.981 | WARNING  | __main__:flag_hard_bound_outliers:122 -     OUTLIER → Sesame | 2014-09-15 | ₦259,272/MT | Below hard floor 400,000
2026-04-11 15:39:08.981 | WARNING  | __main__:flag_hard_bound_outliers:122 -     OUTLIER → Sesame | 2014-09-22 | ₦258,168/MT | Below hard floor 400,000
2026-04-11 15:39:08.981 | WARNING  | __main__:flag_hard_bound_outliers:122 -     OUTLIER → Sesame | 2014-09-29 | ₦256,767/MT | Below hard floor 400,000
2026-04-11 15:39:08.981 | WARNING  | __main__:flag_hard_bound_outliers:122 -     OUTLIER → Sesame | 2014-10-06 | ₦275,771/MT | Below hard floor 400,000
2026-04-11 15:39:08.985 | WARNING  | __main__:flag_hard_bound_outliers:122 -     OUTLIER → Sesame | 2014-10-13 | ₦265,082/MT | Below hard floor 400,000
2026-04-11 15:39:08.986 | WARNING  | __main__:flag_hard_bound_outliers:122 -     OUTLIER → Sesame | 2014-10-20 | ₦251,993/MT | Below hard floor 400,000
2026-04-11 15:39:08.986 | WARNING  | __main__:flag_hard_bound_outliers:122 -     OUTLIER → Sesame | 2014-10-27 | ₦269,112/MT | Below hard floor 400,000
2026-04-11 15:39:08.986 | WARNING  | __main__:flag_hard_bound_outliers:122 -     OUTLIER → Sesame | 2014-11-03 | ₦287,189/MT | Below hard floor 400,000
2026-04-11 15:39:08.990 | WARNING  | __main__:flag_hard_bound_outliers:122 -     OUTLIER → Sesame | 2014-11-10 | ₦278,363/MT | Below hard floor 400,000
2026-04-11 15:39:08.992 | WARNING  | __main__:flag_hard_bound_outliers:122 -     OUTLIER → Sesame | 2014-11-17 | ₦257,693/MT | Below hard floor 400,000
2026-04-11 15:39:08.993 | WARNING  | __main__:flag_hard_bound_outliers:122 -     OUTLIER → Sesame | 2014-11-24 | ₦266,078/MT | Below hard floor 400,000
2026-04-11 15:39:08.994 | WARNING  | __main__:flag_hard_bound_outliers:122 -     OUTLIER → Sesame | 2014-12-01 | ₦294,275/MT | Below hard floor 400,000
2026-04-11 15:39:08.995 | WARNING  | __main__:flag_hard_bound_outliers:122 -     OUTLIER → Sesame | 2014-12-08 | ₦277,481/MT | Below hard floor 400,000
2026-04-11 15:39:08.995 | WARNING  | __main__:flag_hard_bound_outliers:122 -     OUTLIER → Sesame | 2014-12-15 | ₦287,275/MT | Below hard floor 400,000
2026-04-11 15:39:08.996 | WARNING  | __main__:flag_hard_bound_outliers:122 -     OUTLIER → Sesame | 2014-12-22 | ₦290,088/MT | Below hard floor 400,000
2026-04-11 15:39:08.996 | WARNING  | __main__:flag_hard_bound_outliers:122 -     OUTLIER → Sesame | 2014-12-29 | ₦275,616/MT | Below hard floor 400,000
2026-04-11 15:39:08.996 | WARNING  | __main__:flag_hard_bound_outliers:122 -     OUTLIER → Sesame | 2015-01-05 | ₦324,919/MT | Below hard floor 400,000
2026-04-11 15:39:08.996 | WARNING  | __main__:flag_hard_bound_outliers:122 -     OUTLIER → Sesame | 2015-01-12 | ₦293,849/MT | Below hard floor 400,000
2026-04-11 15:39:09.001 | WARNING  | __main__:flag_hard_bound_outliers:122 -     OUTLIER → Sesame | 2015-01-19 | ₦315,497/MT | Below hard floor 400,000
2026-04-11 15:39:09.002 | WARNING  | __main__:flag_hard_bound_outliers:122 -     OUTLIER → Sesame | 2015-01-26 | ₦323,034/MT | Below hard floor 400,000
2026-04-11 15:39:09.005 | WARNING  | __main__:flag_hard_bound_outliers:122 -     OUTLIER → Sesame | 2015-02-02 | ₦298,396/MT | Below hard floor 400,000
2026-04-11 15:39:09.005 | WARNING  | __main__:flag_hard_bound_outliers:122 -     OUTLIER → Sesame | 2015-02-09 | ₦325,181/MT | Below hard floor 400,000
2026-04-11 15:39:09.008 | WARNING  | __main__:flag_hard_bound_outliers:122 -     OUTLIER → Sesame | 2015-02-16 | ₦296,700/MT | Below hard floor 400,000
2026-04-11 15:39:09.008 | WARNING  | __main__:flag_hard_bound_outliers:122 -     OUTLIER → Sesame | 2015-02-23 | ₦305,908/MT | Below hard floor 400,000
2026-04-11 15:39:09.008 | WARNING  | __main__:flag_hard_bound_outliers:122 -     OUTLIER → Sesame | 2015-03-02 | ₦304,992/MT | Below hard floor 400,000
2026-04-11 15:39:09.008 | WARNING  | __main__:flag_hard_bound_outliers:122 -     OUTLIER → Sesame | 2015-03-09 | ₦316,936/MT | Below hard floor 400,000
2026-04-11 15:39:09.008 | WARNING  | __main__:flag_hard_bound_outliers:122 -     OUTLIER → Sesame | 2015-03-16 | ₦290,714/MT | Below hard floor 400,000
2026-04-11 15:39:09.008 | WARNING  | __main__:flag_hard_bound_outliers:122 -     OUTLIER → Sesame | 2015-03-23 | ₦314,401/MT | Below hard floor 400,000
2026-04-11 15:39:09.008 | WARNING  | __main__:flag_hard_bound_outliers:122 -     OUTLIER → Sesame | 2015-03-30 | ₦303,893/MT | Below hard floor 400,000
2026-04-11 15:39:09.014 | WARNING  | __main__:flag_hard_bound_outliers:122 -     OUTLIER → Sesame | 2015-04-06 | ₦288,837/MT | Below hard floor 400,000
2026-04-11 15:39:09.015 | WARNING  | __main__:flag_hard_bound_outliers:122 -     OUTLIER → Sesame | 2015-04-13 | ₦301,726/MT | Below hard floor 400,000
2026-04-11 15:39:09.015 | WARNING  | __main__:flag_hard_bound_outliers:122 -     OUTLIER → Sesame | 2015-04-20 | ₦299,377/MT | Below hard floor 400,000
2026-04-11 15:39:09.016 | WARNING  | __main__:flag_hard_bound_outliers:122 -     OUTLIER → Sesame | 2015-04-27 | ₦292,241/MT | Below hard floor 400,000
2026-04-11 15:39:09.017 | WARNING  | __main__:flag_hard_bound_outliers:122 -     OUTLIER → Sesame | 2015-05-04 | ₦295,117/MT | Below hard floor 400,000
2026-04-11 15:39:09.017 | WARNING  | __main__:flag_hard_bound_outliers:122 -     OUTLIER → Sesame | 2015-05-11 | ₦291,096/MT | Below hard floor 400,000
2026-04-11 15:39:09.018 | WARNING  | __main__:flag_hard_bound_outliers:122 -     OUTLIER → Sesame | 2015-05-18 | ₦295,503/MT | Below hard floor 400,000
2026-04-11 15:39:09.020 | WARNING  | __main__:flag_hard_bound_outliers:122 -     OUTLIER → Sesame | 2015-05-25 | ₦300,350/MT | Below hard floor 400,000
2026-04-11 15:39:09.020 | WARNING  | __main__:flag_hard_bound_outliers:122 -     OUTLIER → Sesame | 2015-06-01 | ₦315,007/MT | Below hard floor 400,000
2026-04-11 15:39:09.020 | WARNING  | __main__:flag_hard_bound_outliers:122 -     OUTLIER → Sesame | 2015-06-08 | ₦289,534/MT | Below hard floor 400,000
2026-04-11 15:39:09.020 | WARNING  | __main__:flag_hard_bound_outliers:122 -     OUTLIER → Sesame | 2015-06-15 | ₦319,942/MT | Below hard floor 400,000
2026-04-11 15:39:09.025 | WARNING  | __main__:flag_hard_bound_outliers:122 -     OUTLIER → Sesame | 2015-06-22 | ₦283,090/MT | Below hard floor 400,000
2026-04-11 15:39:09.026 | WARNING  | __main__:flag_hard_bound_outliers:122 -     OUTLIER → Sesame | 2015-06-29 | ₦299,331/MT | Below hard floor 400,000
2026-04-11 15:39:09.027 | WARNING  | __main__:flag_hard_bound_outliers:122 -     OUTLIER → Sesame | 2015-07-06 | ₦309,162/MT | Below hard floor 400,000
2026-04-11 15:39:09.027 | WARNING  | __main__:flag_hard_bound_outliers:122 -     OUTLIER → Sesame | 2015-07-13 | ₦306,361/MT | Below hard floor 400,000
2026-04-11 15:39:09.028 | WARNING  | __main__:flag_hard_bound_outliers:122 -     OUTLIER → Sesame | 2015-07-20 | ₦298,125/MT | Below hard floor 400,000
2026-04-11 15:39:09.028 | WARNING  | __main__:flag_hard_bound_outliers:122 -     OUTLIER → Sesame | 2015-07-27 | ₦301,903/MT | Below hard floor 400,000
2026-04-11 15:39:09.029 | WARNING  | __main__:flag_hard_bound_outliers:122 -     OUTLIER → Sesame | 2015-08-03 | ₦299,307/MT | Below hard floor 400,000
2026-04-11 15:39:09.029 | WARNING  | __main__:flag_hard_bound_outliers:122 -     OUTLIER → Sesame | 2015-08-10 | ₦298,429/MT | Below hard floor 400,000
2026-04-11 15:39:09.030 | WARNING  | __main__:flag_hard_bound_outliers:122 -     OUTLIER → Sesame | 2015-08-17 | ₦311,543/MT | Below hard floor 400,000
2026-04-11 15:39:09.030 | WARNING  | __main__:flag_hard_bound_outliers:122 -     OUTLIER → Sesame | 2015-08-24 | ₦307,054/MT | Below hard floor 400,000
2026-04-11 15:39:09.032 | WARNING  | __main__:flag_hard_bound_outliers:122 -     OUTLIER → Sesame | 2015-08-31 | ₦297,485/MT | Below hard floor 400,000
2026-04-11 15:39:09.033 | WARNING  | __main__:flag_hard_bound_outliers:122 -     OUTLIER → Sesame | 2015-09-07 | ₦308,815/MT | Below hard floor 400,000
2026-04-11 15:39:09.033 | WARNING  | __main__:flag_hard_bound_outliers:122 -     OUTLIER → Sesame | 2015-09-14 | ₦303,472/MT | Below hard floor 400,000
2026-04-11 15:39:09.034 | WARNING  | __main__:flag_hard_bound_outliers:122 -     OUTLIER → Sesame | 2015-09-21 | ₦308,033/MT | Below hard floor 400,000
2026-04-11 15:39:09.035 | WARNING  | __main__:flag_hard_bound_outliers:122 -     OUTLIER → Sesame | 2015-09-28 | ₦306,380/MT | Below hard floor 400,000
2026-04-11 15:39:09.036 | WARNING  | __main__:flag_hard_bound_outliers:122 -     OUTLIER → Sesame | 2015-10-05 | ₦293,222/MT | Below hard floor 400,000
2026-04-11 15:39:09.036 | WARNING  | __main__:flag_hard_bound_outliers:122 -     OUTLIER → Sesame | 2015-10-12 | ₦295,647/MT | Below hard floor 400,000
2026-04-11 15:39:09.036 | WARNING  | __main__:flag_hard_bound_outliers:122 -     OUTLIER → Sesame | 2015-10-19 | ₦307,441/MT | Below hard floor 400,000
2026-04-11 15:39:09.036 | WARNING  | __main__:flag_hard_bound_outliers:122 -     OUTLIER → Sesame | 2015-10-26 | ₦306,206/MT | Below hard floor 400,000
2026-04-11 15:39:09.041 | WARNING  | __main__:flag_hard_bound_outliers:122 -     OUTLIER → Sesame | 2015-11-02 | ₦309,806/MT | Below hard floor 400,000
2026-04-11 15:39:09.043 | WARNING  | __main__:flag_hard_bound_outliers:122 -     OUTLIER → Sesame | 2015-11-09 | ₦311,091/MT | Below hard floor 400,000
2026-04-11 15:39:09.043 | WARNING  | __main__:flag_hard_bound_outliers:122 -     OUTLIER → Sesame | 2015-11-16 | ₦321,882/MT | Below hard floor 400,000
2026-04-11 15:39:09.044 | WARNING  | __main__:flag_hard_bound_outliers:122 -     OUTLIER → Sesame | 2015-11-23 | ₦304,498/MT | Below hard floor 400,000
2026-04-11 15:39:09.045 | WARNING  | __main__:flag_hard_bound_outliers:122 -     OUTLIER → Sesame | 2015-11-30 | ₦315,088/MT | Below hard floor 400,000
2026-04-11 15:39:09.046 | WARNING  | __main__:flag_hard_bound_outliers:122 -     OUTLIER → Sesame | 2015-12-07 | ₦323,526/MT | Below hard floor 400,000
2026-04-11 15:39:09.046 | WARNING  | __main__:flag_hard_bound_outliers:122 -     OUTLIER → Sesame | 2015-12-14 | ₦323,374/MT | Below hard floor 400,000
2026-04-11 15:39:09.046 | WARNING  | __main__:flag_hard_bound_outliers:122 -     OUTLIER → Sesame | 2015-12-21 | ₦336,230/MT | Below hard floor 400,000
2026-04-11 15:39:09.046 | WARNING  | __main__:flag_hard_bound_outliers:122 -     OUTLIER → Sesame | 2015-12-28 | ₦333,560/MT | Below hard floor 400,000
2026-04-11 15:39:09.046 | WARNING  | __main__:flag_hard_bound_outliers:122 -     OUTLIER → Sesame | 2016-03-21 | ₦399,178/MT | Below hard floor 400,000
2026-04-11 15:39:09.046 | WARNING  | __main__:flag_hard_bound_outliers:122 -     OUTLIER → Sesame | 2016-03-28 | ₦396,607/MT | Below hard floor 400,000
2026-04-11 15:39:09.050 | WARNING  | __main__:flag_hard_bound_outliers:122 -     OUTLIER → Sesame | 2016-05-02 | ₦398,853/MT | Below hard floor 400,000
2026-04-11 15:39:09.052 | WARNING  | __main__:flag_hard_bound_outliers:122 -     OUTLIER → Sesame | 2016-05-09 | ₦388,260/MT | Below hard floor 400,000
2026-04-11 15:39:09.053 | WARNING  | __main__:flag_hard_bound_outliers:122 -     OUTLIER → Sesame | 2016-05-16 | ₦399,907/MT | Below hard floor 400,000
2026-04-11 15:39:09.053 | WARNING  | __main__:flag_hard_bound_outliers:122 -     OUTLIER → Sesame | 2016-05-23 | ₦390,894/MT | Below hard floor 400,000
2026-04-11 15:39:09.053 | WARNING  | __main__:flag_hard_bound_outliers:122 -     OUTLIER → Sesame | 2016-06-13 | ₦397,311/MT | Below hard floor 400,000
2026-04-11 15:39:09.053 | WARNING  | __main__:flag_hard_bound_outliers:122 -     OUTLIER → Sesame | 2016-08-22 | ₦393,719/MT | Below hard floor 400,000
2026-04-11 15:39:09.053 | WARNING  | __main__:flag_hard_bound_outliers:122 -     OUTLIER → Sesame | 2016-08-29 | ₦394,221/MT | Below hard floor 400,000
2026-04-11 15:39:09.058 | WARNING  | __main__:flag_hard_bound_outliers:122 -     OUTLIER → Sesame | 2016-09-05 | ₦398,619/MT | Below hard floor 400,000
2026-04-11 15:39:09.059 | WARNING  | __main__:flag_hard_bound_outliers:122 -     OUTLIER → Sesame | 2016-10-24 | ₦395,147/MT | Below hard floor 400,000
2026-04-11 15:39:09.060 | WARNING  | __main__:flag_hard_bound_outliers:122 -     OUTLIER → Sorghum | 2004-01-12 | ₦20,000/MT | Below hard floor 50,000
2026-04-11 15:39:09.061 | WARNING  | __main__:flag_hard_bound_outliers:122 -     OUTLIER → Sorghum | 2004-03-15 | ₦28,000/MT | Below hard floor 50,000
2026-04-11 15:39:09.062 | WARNING  | __main__:flag_hard_bound_outliers:122 -     OUTLIER → Sorghum | 2004-04-12 | ₦29,000/MT | Below hard floor 50,000
2026-04-11 15:39:09.062 | WARNING  | __main__:flag_hard_bound_outliers:122 -     OUTLIER → Sorghum | 2004-05-10 | ₦28,000/MT | Below hard floor 50,000
2026-04-11 15:39:09.062 | WARNING  | __main__:flag_hard_bound_outliers:122 -     OUTLIER → Sorghum | 2004-06-14 | ₦31,000/MT | Below hard floor 50,000
2026-04-11 15:39:09.062 | WARNING  | __main__:flag_hard_bound_outliers:122 -     OUTLIER → Sorghum | 2004-07-12 | ₦30,000/MT | Below hard floor 50,000
2026-04-11 15:39:09.062 | WARNING  | __main__:flag_hard_bound_outliers:122 -     OUTLIER → Sorghum | 2004-08-09 | ₦45,000/MT | Below hard floor 50,000
2026-04-11 15:39:09.062 | WARNING  | __main__:flag_hard_bound_outliers:122 -     OUTLIER → Sorghum | 2006-09-11 | ₦30,000/MT | Below hard floor 50,000
2026-04-11 15:39:09.062 | WARNING  | __main__:flag_hard_bound_outliers:122 -     OUTLIER → Sorghum | 2006-10-09 | ₦30,000/MT | Below hard floor 50,000
2026-04-11 15:39:09.062 | WARNING  | __main__:flag_hard_bound_outliers:122 -     OUTLIER → Sorghum | 2006-11-13 | ₦30,000/MT | Below hard floor 50,000
2026-04-11 15:39:09.068 | WARNING  | __main__:flag_hard_bound_outliers:122 -     OUTLIER → Sorghum | 2006-12-11 | ₦30,000/MT | Below hard floor 50,000
2026-04-11 15:39:09.068 | WARNING  | __main__:flag_hard_bound_outliers:122 -     OUTLIER → Sorghum | 2007-06-11 | ₦24,000/MT | Below hard floor 50,000
2026-04-11 15:39:09.070 | WARNING  | __main__:flag_hard_bound_outliers:122 -     OUTLIER → Sorghum | 2007-09-10 | ₦27,500/MT | Below hard floor 50,000
2026-04-11 15:39:09.070 | WARNING  | __main__:flag_hard_bound_outliers:122 -     OUTLIER → Sorghum | 2007-10-15 | ₦40,000/MT | Below hard floor 50,000
2026-04-11 15:39:09.070 | WARNING  | __main__:flag_hard_bound_outliers:122 -     OUTLIER → Sorghum | 2007-11-12 | ₦43,000/MT | Below hard floor 50,000
2026-04-11 15:39:09.070 | WARNING  | __main__:flag_hard_bound_outliers:122 -     OUTLIER → Sorghum | 2007-12-10 | ₦44,000/MT | Below hard floor 50,000
2026-04-11 15:39:09.074 | WARNING  | __main__:flag_hard_bound_outliers:122 -     OUTLIER → Sorghum | 2009-03-09 | ₦44,000/MT | Below hard floor 50,000
2026-04-11 15:39:09.074 | WARNING  | __main__:flag_hard_bound_outliers:122 -     OUTLIER → Sorghum | 2009-04-13 | ₦48,000/MT | Below hard floor 50,000
2026-04-11 15:39:09.074 | WARNING  | __main__:flag_hard_bound_outliers:122 -     OUTLIER → Sorghum | 2015-10-12 | ₦49,867/MT | Below hard floor 50,000
2026-04-11 15:39:09.074 | WARNING  | __main__:flag_hard_bound_outliers:122 -     OUTLIER → Sorghum | 2015-11-09 | ₦49,172/MT | Below hard floor 50,000
2026-04-11 15:39:09.074 | WARNING  | __main__:flag_hard_bound_outliers:122 -     OUTLIER → Soybeans | 2000-01-03 | ₦21,778/MT | Below hard floor 100,000
2026-04-11 15:39:09.074 | WARNING  | __main__:flag_hard_bound_outliers:122 -     OUTLIER → Soybeans | 2000-01-10 | ₦21,370/MT | Below hard floor 100,000
2026-04-11 15:39:09.079 | WARNING  | __main__:flag_hard_bound_outliers:122 -     OUTLIER → Soybeans | 2000-01-17 | ₦21,876/MT | Below hard floor 100,000
2026-04-11 15:39:09.080 | WARNING  | __main__:flag_hard_bound_outliers:122 -     OUTLIER → Soybeans | 2000-01-24 | ₦22,439/MT | Below hard floor 100,000
2026-04-11 15:39:09.080 | WARNING  | __main__:flag_hard_bound_outliers:122 -     OUTLIER → Soybeans | 2000-01-31 | ₦21,308/MT | Below hard floor 100,000
2026-04-11 15:39:09.081 | WARNING  | __main__:flag_hard_bound_outliers:122 -     OUTLIER → Soybeans | 2000-02-07 | ₦21,308/MT | Below hard floor 100,000
2026-04-11 15:39:09.082 | WARNING  | __main__:flag_hard_bound_outliers:122 -     OUTLIER → Soybeans | 2000-02-14 | ₦22,475/MT | Below hard floor 100,000
2026-04-11 15:39:09.083 | WARNING  | __main__:flag_hard_bound_outliers:122 -     OUTLIER → Soybeans | 2000-02-21 | ₦21,953/MT | Below hard floor 100,000
2026-04-11 15:39:09.084 | WARNING  | __main__:flag_hard_bound_outliers:122 -     OUTLIER → Soybeans | 2000-02-28 | ₦21,156/MT | Below hard floor 100,000
2026-04-11 15:39:09.087 | WARNING  | __main__:flag_hard_bound_outliers:122 -     OUTLIER → Soybeans | 2000-03-06 | ₦21,808/MT | Below hard floor 100,000
2026-04-11 15:39:09.089 | WARNING  | __main__:flag_hard_bound_outliers:122 -     OUTLIER → Soybeans | 2000-03-13 | ₦21,160/MT | Below hard floor 100,000
2026-04-11 15:39:09.089 | WARNING  | __main__:flag_hard_bound_outliers:122 -     OUTLIER → Soybeans | 2000-03-20 | ₦21,159/MT | Below hard floor 100,000
2026-04-11 15:39:09.089 | WARNING  | __main__:flag_hard_bound_outliers:122 -     OUTLIER → Soybeans | 2000-03-27 | ₦21,614/MT | Below hard floor 100,000
2026-04-11 15:39:09.089 | WARNING  | __main__:flag_hard_bound_outliers:122 -     OUTLIER → Soybeans | 2000-04-03 | ₦20,227/MT | Below hard floor 100,000
2026-04-11 15:39:09.093 | WARNING  | __main__:flag_hard_bound_outliers:122 -     OUTLIER → Soybeans | 2000-04-10 | ₦20,348/MT | Below hard floor 100,000
2026-04-11 15:39:09.094 | WARNING  | __main__:flag_hard_bound_outliers:122 -     OUTLIER → Soybeans | 2000-04-17 | ₦21,097/MT | Below hard floor 100,000
2026-04-11 15:39:09.095 | WARNING  | __main__:flag_hard_bound_outliers:122 -     OUTLIER → Soybeans | 2000-04-24 | ₦20,807/MT | Below hard floor 100,000
2026-04-11 15:39:09.096 | WARNING  | __main__:flag_hard_bound_outliers:122 -     OUTLIER → Soybeans | 2000-05-01 | ₦21,661/MT | Below hard floor 100,000
2026-04-11 15:39:09.097 | WARNING  | __main__:flag_hard_bound_outliers:122 -     OUTLIER → Soybeans | 2000-05-08 | ₦20,874/MT | Below hard floor 100,000
2026-04-11 15:39:09.098 | WARNING  | __main__:flag_hard_bound_outliers:122 -     OUTLIER → Soybeans | 2000-05-15 | ₦20,550/MT | Below hard floor 100,000
2026-04-11 15:39:09.098 | WARNING  | __main__:flag_hard_bound_outliers:122 -     OUTLIER → Soybeans | 2000-05-22 | ₦22,402/MT | Below hard floor 100,000
2026-04-11 15:39:09.099 | WARNING  | __main__:flag_hard_bound_outliers:122 -     OUTLIER → Soybeans | 2000-05-29 | ₦21,313/MT | Below hard floor 100,000
2026-04-11 15:39:09.099 | WARNING  | __main__:flag_hard_bound_outliers:122 -     OUTLIER → Soybeans | 2000-06-05 | ₦21,502/MT | Below hard floor 100,000
2026-04-11 15:39:09.099 | WARNING  | __main__:flag_hard_bound_outliers:122 -     OUTLIER → Soybeans | 2000-06-12 | ₦20,542/MT | Below hard floor 100,000
2026-04-11 15:39:09.102 | WARNING  | __main__:flag_hard_bound_outliers:122 -     OUTLIER → Soybeans | 2000-06-19 | ₦21,108/MT | Below hard floor 100,000
2026-04-11 15:39:09.103 | WARNING  | __main__:flag_hard_bound_outliers:122 -     OUTLIER → Soybeans | 2000-06-26 | ₦21,530/MT | Below hard floor 100,000
2026-04-11 15:39:09.103 | WARNING  | __main__:flag_hard_bound_outliers:122 -     OUTLIER → Soybeans | 2000-07-03 | ₦20,718/MT | Below hard floor 100,000
2026-04-11 15:39:09.103 | WARNING  | __main__:flag_hard_bound_outliers:122 -     OUTLIER → Soybeans | 2000-07-10 | ₦21,701/MT | Below hard floor 100,000
2026-04-11 15:39:09.103 | WARNING  | __main__:flag_hard_bound_outliers:122 -     OUTLIER → Soybeans | 2000-07-17 | ₦21,072/MT | Below hard floor 100,000
2026-04-11 15:39:09.108 | WARNING  | __main__:flag_hard_bound_outliers:122 -     OUTLIER → Soybeans | 2000-07-24 | ₦21,271/MT | Below hard floor 100,000
2026-04-11 15:39:09.109 | WARNING  | __main__:flag_hard_bound_outliers:122 -     OUTLIER → Soybeans | 2000-07-31 | ₦21,071/MT | Below hard floor 100,000
2026-04-11 15:39:09.110 | WARNING  | __main__:flag_hard_bound_outliers:122 -     OUTLIER → Soybeans | 2000-08-07 | ₦22,651/MT | Below hard floor 100,000
2026-04-11 15:39:09.110 | WARNING  | __main__:flag_hard_bound_outliers:122 -     OUTLIER → Soybeans | 2000-08-14 | ₦21,450/MT | Below hard floor 100,000
2026-04-11 15:39:09.111 | WARNING  | __main__:flag_hard_bound_outliers:122 -     OUTLIER → Soybeans | 2000-08-21 | ₦20,778/MT | Below hard floor 100,000
2026-04-11 15:39:09.112 | WARNING  | __main__:flag_hard_bound_outliers:122 -     OUTLIER → Soybeans | 2000-08-28 | ₦21,988/MT | Below hard floor 100,000
2026-04-11 15:39:09.112 | WARNING  | __main__:flag_hard_bound_outliers:122 -     OUTLIER → Soybeans | 2000-09-04 | ₦20,673/MT | Below hard floor 100,000
2026-04-11 15:39:09.112 | WARNING  | __main__:flag_hard_bound_outliers:122 -     OUTLIER → Soybeans | 2000-09-11 | ₦21,593/MT | Below hard floor 100,000
2026-04-11 15:39:09.112 | WARNING  | __main__:flag_hard_bound_outliers:122 -     OUTLIER → Soybeans | 2000-09-18 | ₦20,197/MT | Below hard floor 100,000
2026-04-11 15:39:09.112 | WARNING  | __main__:flag_hard_bound_outliers:122 -     OUTLIER → Soybeans | 2000-09-25 | ₦20,604/MT | Below hard floor 100,000
2026-04-11 15:39:09.112 | WARNING  | __main__:flag_hard_bound_outliers:122 -     OUTLIER → Soybeans | 2000-10-02 | ₦21,585/MT | Below hard floor 100,000
2026-04-11 15:39:09.112 | WARNING  | __main__:flag_hard_bound_outliers:122 -     OUTLIER → Soybeans | 2000-10-09 | ₦21,934/MT | Below hard floor 100,000
2026-04-11 15:39:09.119 | WARNING  | __main__:flag_hard_bound_outliers:122 -     OUTLIER → Soybeans | 2000-10-16 | ₦21,569/MT | Below hard floor 100,000
2026-04-11 15:39:09.120 | WARNING  | __main__:flag_hard_bound_outliers:122 -     OUTLIER → Soybeans | 2000-10-23 | ₦21,384/MT | Below hard floor 100,000
2026-04-11 15:39:09.120 | WARNING  | __main__:flag_hard_bound_outliers:122 -     OUTLIER → Soybeans | 2000-10-30 | ₦21,265/MT | Below hard floor 100,000
2026-04-11 15:39:09.123 | WARNING  | __main__:flag_hard_bound_outliers:122 -     OUTLIER → Soybeans | 2000-11-06 | ₦20,507/MT | Below hard floor 100,000
2026-04-11 15:39:09.124 | WARNING  | __main__:flag_hard_bound_outliers:122 -     OUTLIER → Soybeans | 2000-11-13 | ₦20,995/MT | Below hard floor 100,000
2026-04-11 15:39:09.126 | WARNING  | __main__:flag_hard_bound_outliers:122 -     OUTLIER → Soybeans | 2000-11-20 | ₦21,162/MT | Below hard floor 100,000
2026-04-11 15:39:09.127 | WARNING  | __main__:flag_hard_bound_outliers:122 -     OUTLIER → Soybeans | 2000-11-27 | ₦22,139/MT | Below hard floor 100,000
2026-04-11 15:39:09.127 | WARNING  | __main__:flag_hard_bound_outliers:122 -     OUTLIER → Soybeans | 2000-12-04 | ₦21,680/MT | Below hard floor 100,000
2026-04-11 15:39:09.127 | WARNING  | __main__:flag_hard_bound_outliers:122 -     OUTLIER → Soybeans | 2000-12-11 | ₦20,324/MT | Below hard floor 100,000
2026-04-11 15:39:09.129 | WARNING  | __main__:flag_hard_bound_outliers:122 -     OUTLIER → Soybeans | 2000-12-18 | ₦21,667/MT | Below hard floor 100,000
2026-04-11 15:39:09.130 | WARNING  | __main__:flag_hard_bound_outliers:122 -     OUTLIER → Soybeans | 2000-12-25 | ₦21,211/MT | Below hard floor 100,000
2026-04-11 15:39:09.130 | WARNING  | __main__:flag_hard_bound_outliers:122 -     OUTLIER → Soybeans | 2001-01-01 | ₦21,487/MT | Below hard floor 100,000
2026-04-11 15:39:09.130 | WARNING  | __main__:flag_hard_bound_outliers:122 -     OUTLIER → Soybeans | 2001-01-08 | ₦22,335/MT | Below hard floor 100,000
2026-04-11 15:39:09.130 | WARNING  | __main__:flag_hard_bound_outliers:122 -     OUTLIER → Soybeans | 2001-01-15 | ₦22,611/MT | Below hard floor 100,000
2026-04-11 15:39:09.130 | WARNING  | __main__:flag_hard_bound_outliers:122 -     OUTLIER → Soybeans | 2001-01-22 | ₦22,545/MT | Below hard floor 100,000
2026-04-11 15:39:09.130 | WARNING  | __main__:flag_hard_bound_outliers:122 -     OUTLIER → Soybeans | 2001-01-29 | ₦21,380/MT | Below hard floor 100,000
2026-04-11 15:39:09.130 | WARNING  | __main__:flag_hard_bound_outliers:122 -     OUTLIER → Soybeans | 2001-02-05 | ₦21,729/MT | Below hard floor 100,000
2026-04-11 15:39:09.137 | WARNING  | __main__:flag_hard_bound_outliers:122 -     OUTLIER → Soybeans | 2001-02-12 | ₦22,150/MT | Below hard floor 100,000
2026-04-11 15:39:09.137 | WARNING  | __main__:flag_hard_bound_outliers:122 -     OUTLIER → Soybeans | 2001-02-19 | ₦22,574/MT | Below hard floor 100,000
2026-04-11 15:39:09.139 | WARNING  | __main__:flag_hard_bound_outliers:122 -     OUTLIER → Soybeans | 2001-02-26 | ₦21,617/MT | Below hard floor 100,000
2026-04-11 15:39:09.139 | WARNING  | __main__:flag_hard_bound_outliers:122 -     OUTLIER → Soybeans | 2001-03-05 | ₦21,810/MT | Below hard floor 100,000
2026-04-11 15:39:09.139 | WARNING  | __main__:flag_hard_bound_outliers:122 -     OUTLIER → Soybeans | 2001-03-12 | ₦21,204/MT | Below hard floor 100,000
2026-04-11 15:39:09.143 | WARNING  | __main__:flag_hard_bound_outliers:122 -     OUTLIER → Soybeans | 2001-03-19 | ₦21,145/MT | Below hard floor 100,000
2026-04-11 15:39:09.144 | WARNING  | __main__:flag_hard_bound_outliers:122 -     OUTLIER → Soybeans | 2001-03-26 | ₦22,467/MT | Below hard floor 100,000
2026-04-11 15:39:09.145 | WARNING  | __main__:flag_hard_bound_outliers:122 -     OUTLIER → Soybeans | 2001-04-02 | ₦22,825/MT | Below hard floor 100,000
2026-04-11 15:39:09.146 | WARNING  | __main__:flag_hard_bound_outliers:122 -     OUTLIER → Soybeans | 2001-04-09 | ₦21,885/MT | Below hard floor 100,000
2026-04-11 15:39:09.146 | WARNING  | __main__:flag_hard_bound_outliers:122 -     OUTLIER → Soybeans | 2001-04-16 | ₦22,593/MT | Below hard floor 100,000
2026-04-11 15:39:09.147 | WARNING  | __main__:flag_hard_bound_outliers:122 -     OUTLIER → Soybeans | 2001-04-23 | ₦22,170/MT | Below hard floor 100,000
2026-04-11 15:39:09.147 | WARNING  | __main__:flag_hard_bound_outliers:122 -     OUTLIER → Soybeans | 2001-04-30 | ₦21,508/MT | Below hard floor 100,000
2026-04-11 15:39:09.149 | WARNING  | __main__:flag_hard_bound_outliers:122 -     OUTLIER → Soybeans | 2001-05-07 | ₦22,170/MT | Below hard floor 100,000
2026-04-11 15:39:09.150 | WARNING  | __main__:flag_hard_bound_outliers:122 -     OUTLIER → Soybeans | 2001-05-14 | ₦22,944/MT | Below hard floor 100,000
2026-04-11 15:39:09.150 | WARNING  | __main__:flag_hard_bound_outliers:122 -     OUTLIER → Soybeans | 2001-05-21 | ₦21,909/MT | Below hard floor 100,000
2026-04-11 15:39:09.151 | WARNING  | __main__:flag_hard_bound_outliers:122 -     OUTLIER → Soybeans | 2001-05-28 | ₦22,962/MT | Below hard floor 100,000
2026-04-11 15:39:09.152 | WARNING  | __main__:flag_hard_bound_outliers:122 -     OUTLIER → Soybeans | 2001-06-04 | ₦20,209/MT | Below hard floor 100,000
2026-04-11 15:39:09.153 | WARNING  | __main__:flag_hard_bound_outliers:122 -     OUTLIER → Soybeans | 2001-06-11 | ₦22,473/MT | Below hard floor 100,000
2026-04-11 15:39:09.153 | WARNING  | __main__:flag_hard_bound_outliers:122 -     OUTLIER → Soybeans | 2001-06-18 | ₦21,990/MT | Below hard floor 100,000
2026-04-11 15:39:09.153 | WARNING  | __main__:flag_hard_bound_outliers:122 -     OUTLIER → Soybeans | 2001-06-25 | ₦21,736/MT | Below hard floor 100,000
2026-04-11 15:39:09.153 | WARNING  | __main__:flag_hard_bound_outliers:122 -     OUTLIER → Soybeans | 2001-07-02 | ₦21,993/MT | Below hard floor 100,000
2026-04-11 15:39:09.158 | WARNING  | __main__:flag_hard_bound_outliers:122 -     OUTLIER → Soybeans | 2001-07-09 | ₦20,625/MT | Below hard floor 100,000
2026-04-11 15:39:09.158 | WARNING  | __main__:flag_hard_bound_outliers:122 -     OUTLIER → Soybeans | 2001-07-16 | ₦21,788/MT | Below hard floor 100,000
2026-04-11 15:39:09.160 | WARNING  | __main__:flag_hard_bound_outliers:122 -     OUTLIER → Soybeans | 2001-07-23 | ₦22,167/MT | Below hard floor 100,000
2026-04-11 15:39:09.161 | WARNING  | __main__:flag_hard_bound_outliers:122 -     OUTLIER → Soybeans | 2001-07-30 | ₦22,905/MT | Below hard floor 100,000
2026-04-11 15:39:09.162 | WARNING  | __main__:flag_hard_bound_outliers:122 -     OUTLIER → Soybeans | 2001-08-06 | ₦21,591/MT | Below hard floor 100,000
2026-04-11 15:39:09.162 | WARNING  | __main__:flag_hard_bound_outliers:122 -     OUTLIER → Soybeans | 2001-08-13 | ₦21,400/MT | Below hard floor 100,000
2026-04-11 15:39:09.163 | WARNING  | __main__:flag_hard_bound_outliers:122 -     OUTLIER → Soybeans | 2001-08-20 | ₦21,602/MT | Below hard floor 100,000
2026-04-11 15:39:09.163 | WARNING  | __main__:flag_hard_bound_outliers:122 -     OUTLIER → Soybeans | 2001-08-27 | ₦22,535/MT | Below hard floor 100,000
2026-04-11 15:39:09.163 | WARNING  | __main__:flag_hard_bound_outliers:122 -     OUTLIER → Soybeans | 2001-09-03 | ₦22,149/MT | Below hard floor 100,000
2026-04-11 15:39:09.163 | WARNING  | __main__:flag_hard_bound_outliers:122 -     OUTLIER → Soybeans | 2001-09-10 | ₦21,584/MT | Below hard floor 100,000
2026-04-11 15:39:09.166 | WARNING  | __main__:flag_hard_bound_outliers:122 -     OUTLIER → Soybeans | 2001-09-17 | ₦22,270/MT | Below hard floor 100,000
2026-04-11 15:39:09.167 | WARNING  | __main__:flag_hard_bound_outliers:122 -     OUTLIER → Soybeans | 2001-09-24 | ₦21,996/MT | Below hard floor 100,000
2026-04-11 15:39:09.167 | WARNING  | __main__:flag_hard_bound_outliers:122 -     OUTLIER → Soybeans | 2001-10-01 | ₦22,570/MT | Below hard floor 100,000
2026-04-11 15:39:09.168 | WARNING  | __main__:flag_hard_bound_outliers:122 -     OUTLIER → Soybeans | 2001-10-08 | ₦21,470/MT | Below hard floor 100,000
2026-04-11 15:39:09.170 | WARNING  | __main__:flag_hard_bound_outliers:122 -     OUTLIER → Soybeans | 2001-10-15 | ₦21,717/MT | Below hard floor 100,000
2026-04-11 15:39:09.170 | WARNING  | __main__:flag_hard_bound_outliers:122 -     OUTLIER → Soybeans | 2001-10-22 | ₦21,674/MT | Below hard floor 100,000
2026-04-11 15:39:09.172 | WARNING  | __main__:flag_hard_bound_outliers:122 -     OUTLIER → Soybeans | 2001-10-29 | ₦20,969/MT | Below hard floor 100,000
2026-04-11 15:39:09.172 | WARNING  | __main__:flag_hard_bound_outliers:122 -     OUTLIER → Soybeans | 2001-11-05 | ₦22,127/MT | Below hard floor 100,000
2026-04-11 15:39:09.175 | WARNING  | __main__:flag_hard_bound_outliers:122 -     OUTLIER → Soybeans | 2001-11-12 | ₦22,104/MT | Below hard floor 100,000
2026-04-11 15:39:09.175 | WARNING  | __main__:flag_hard_bound_outliers:122 -     OUTLIER → Soybeans | 2001-11-19 | ₦21,936/MT | Below hard floor 100,000
2026-04-11 15:39:09.176 | WARNING  | __main__:flag_hard_bound_outliers:122 -     OUTLIER → Soybeans | 2001-11-26 | ₦21,778/MT | Below hard floor 100,000
2026-04-11 15:39:09.177 | WARNING  | __main__:flag_hard_bound_outliers:122 -     OUTLIER → Soybeans | 2001-12-03 | ₦21,001/MT | Below hard floor 100,000
2026-04-11 15:39:09.178 | WARNING  | __main__:flag_hard_bound_outliers:122 -     OUTLIER → Soybeans | 2001-12-10 | ₦21,656/MT | Below hard floor 100,000
2026-04-11 15:39:09.178 | WARNING  | __main__:flag_hard_bound_outliers:122 -     OUTLIER → Soybeans | 2001-12-17 | ₦21,707/MT | Below hard floor 100,000
2026-04-11 15:39:09.178 | WARNING  | __main__:flag_hard_bound_outliers:122 -     OUTLIER → Soybeans | 2001-12-24 | ₦21,405/MT | Below hard floor 100,000
2026-04-11 15:39:09.178 | WARNING  | __main__:flag_hard_bound_outliers:122 -     OUTLIER → Soybeans | 2001-12-31 | ₦21,826/MT | Below hard floor 100,000
2026-04-11 15:39:09.178 | WARNING  | __main__:flag_hard_bound_outliers:122 -     OUTLIER → Soybeans | 2002-01-07 | ₦26,079/MT | Below hard floor 100,000
2026-04-11 15:39:09.178 | WARNING  | __main__:flag_hard_bound_outliers:122 -     OUTLIER → Soybeans | 2002-01-14 | ₦27,225/MT | Below hard floor 100,000
2026-04-11 15:39:09.178 | WARNING  | __main__:flag_hard_bound_outliers:122 -     OUTLIER → Soybeans | 2002-01-21 | ₦25,902/MT | Below hard floor 100,000
2026-04-11 15:39:09.178 | WARNING  | __main__:flag_hard_bound_outliers:122 -     OUTLIER → Soybeans | 2002-01-28 | ₦25,966/MT | Below hard floor 100,000
2026-04-11 15:39:09.185 | WARNING  | __main__:flag_hard_bound_outliers:122 -     OUTLIER → Soybeans | 2002-02-04 | ₦25,709/MT | Below hard floor 100,000
2026-04-11 15:39:09.186 | WARNING  | __main__:flag_hard_bound_outliers:122 -     OUTLIER → Soybeans | 2002-02-11 | ₦24,283/MT | Below hard floor 100,000
2026-04-11 15:39:09.186 | WARNING  | __main__:flag_hard_bound_outliers:122 -     OUTLIER → Soybeans | 2002-02-18 | ₦25,746/MT | Below hard floor 100,000
2026-04-11 15:39:09.186 | WARNING  | __main__:flag_hard_bound_outliers:122 -     OUTLIER → Soybeans | 2002-02-25 | ₦25,813/MT | Below hard floor 100,000
2026-04-11 15:39:09.190 | WARNING  | __main__:flag_hard_bound_outliers:122 -     OUTLIER → Soybeans | 2002-03-04 | ₦27,671/MT | Below hard floor 100,000
2026-04-11 15:39:09.193 | WARNING  | __main__:flag_hard_bound_outliers:122 -     OUTLIER → Soybeans | 2002-03-11 | ₦25,618/MT | Below hard floor 100,000
2026-04-11 15:39:09.194 | WARNING  | __main__:flag_hard_bound_outliers:122 -     OUTLIER → Soybeans | 2002-03-18 | ₦26,000/MT | Below hard floor 100,000
2026-04-11 15:39:09.194 | WARNING  | __main__:flag_hard_bound_outliers:122 -     OUTLIER → Soybeans | 2002-03-25 | ₦25,740/MT | Below hard floor 100,000
2026-04-11 15:39:09.195 | WARNING  | __main__:flag_hard_bound_outliers:122 -     OUTLIER → Soybeans | 2002-04-01 | ₦24,863/MT | Below hard floor 100,000
2026-04-11 15:39:09.196 | WARNING  | __main__:flag_hard_bound_outliers:122 -     OUTLIER → Soybeans | 2002-04-08 | ₦26,650/MT | Below hard floor 100,000
2026-04-11 15:39:09.197 | WARNING  | __main__:flag_hard_bound_outliers:122 -     OUTLIER → Soybeans | 2002-04-15 | ₦26,348/MT | Below hard floor 100,000
2026-04-11 15:39:09.197 | WARNING  | __main__:flag_hard_bound_outliers:122 -     OUTLIER → Soybeans | 2002-04-22 | ₦26,378/MT | Below hard floor 100,000
2026-04-11 15:39:09.197 | WARNING  | __main__:flag_hard_bound_outliers:122 -     OUTLIER → Soybeans | 2002-04-29 | ₦25,064/MT | Below hard floor 100,000
2026-04-11 15:39:09.197 | WARNING  | __main__:flag_hard_bound_outliers:122 -     OUTLIER → Soybeans | 2002-05-06 | ₦26,851/MT | Below hard floor 100,000
2026-04-11 15:39:09.197 | WARNING  | __main__:flag_hard_bound_outliers:122 -     OUTLIER → Soybeans | 2002-05-13 | ₦24,683/MT | Below hard floor 100,000
2026-04-11 15:39:09.201 | WARNING  | __main__:flag_hard_bound_outliers:122 -     OUTLIER → Soybeans | 2002-05-20 | ₦26,220/MT | Below hard floor 100,000
2026-04-11 15:39:09.202 | WARNING  | __main__:flag_hard_bound_outliers:122 -     OUTLIER → Soybeans | 2002-05-27 | ₦27,460/MT | Below hard floor 100,000
2026-04-11 15:39:09.203 | WARNING  | __main__:flag_hard_bound_outliers:122 -     OUTLIER → Soybeans | 2002-06-03 | ₦25,001/MT | Below hard floor 100,000
2026-04-11 15:39:09.203 | WARNING  | __main__:flag_hard_bound_outliers:122 -     OUTLIER → Soybeans | 2002-06-10 | ₦25,329/MT | Below hard floor 100,000
2026-04-11 15:39:09.203 | WARNING  | __main__:flag_hard_bound_outliers:122 -     OUTLIER → Soybeans | 2002-06-17 | ₦25,844/MT | Below hard floor 100,000
2026-04-11 15:39:09.203 | WARNING  | __main__:flag_hard_bound_outliers:122 -     OUTLIER → Soybeans | 2002-06-24 | ₦25,377/MT | Below hard floor 100,000
2026-04-11 15:39:09.203 | WARNING  | __main__:flag_hard_bound_outliers:122 -     OUTLIER → Soybeans | 2002-07-01 | ₦24,568/MT | Below hard floor 100,000
2026-04-11 15:39:09.209 | WARNING  | __main__:flag_hard_bound_outliers:122 -     OUTLIER → Soybeans | 2002-07-08 | ₦25,820/MT | Below hard floor 100,000
2026-04-11 15:39:09.209 | WARNING  | __main__:flag_hard_bound_outliers:122 -     OUTLIER → Soybeans | 2002-07-15 | ₦24,945/MT | Below hard floor 100,000
2026-04-11 15:39:09.210 | WARNING  | __main__:flag_hard_bound_outliers:122 -     OUTLIER → Soybeans | 2002-07-22 | ₦26,133/MT | Below hard floor 100,000
2026-04-11 15:39:09.211 | WARNING  | __main__:flag_hard_bound_outliers:122 -     OUTLIER → Soybeans | 2002-07-29 | ₦25,056/MT | Below hard floor 100,000
2026-04-11 15:39:09.212 | WARNING  | __main__:flag_hard_bound_outliers:122 -     OUTLIER → Soybeans | 2002-08-05 | ₦26,965/MT | Below hard floor 100,000
2026-04-11 15:39:09.212 | WARNING  | __main__:flag_hard_bound_outliers:122 -     OUTLIER → Soybeans | 2002-08-12 | ₦25,161/MT | Below hard floor 100,000
2026-04-11 15:39:09.213 | WARNING  | __main__:flag_hard_bound_outliers:122 -     OUTLIER → Soybeans | 2002-08-19 | ₦25,518/MT | Below hard floor 100,000
2026-04-11 15:39:09.213 | WARNING  | __main__:flag_hard_bound_outliers:122 -     OUTLIER → Soybeans | 2002-08-26 | ₦26,395/MT | Below hard floor 100,000
2026-04-11 15:39:09.213 | WARNING  | __main__:flag_hard_bound_outliers:122 -     OUTLIER → Soybeans | 2002-09-02 | ₦24,815/MT | Below hard floor 100,000
2026-04-11 15:39:09.213 | WARNING  | __main__:flag_hard_bound_outliers:122 -     OUTLIER → Soybeans | 2002-09-09 | ₦25,942/MT | Below hard floor 100,000
2026-04-11 15:39:09.217 | WARNING  | __main__:flag_hard_bound_outliers:122 -     OUTLIER → Soybeans | 2002-09-16 | ₦26,777/MT | Below hard floor 100,000
2026-04-11 15:39:09.217 | WARNING  | __main__:flag_hard_bound_outliers:122 -     OUTLIER → Soybeans | 2002-09-23 | ₦24,524/MT | Below hard floor 100,000
2026-04-11 15:39:09.218 | WARNING  | __main__:flag_hard_bound_outliers:122 -     OUTLIER → Soybeans | 2002-09-30 | ₦25,909/MT | Below hard floor 100,000
2026-04-11 15:39:09.219 | WARNING  | __main__:flag_hard_bound_outliers:122 -     OUTLIER → Soybeans | 2002-10-07 | ₦25,968/MT | Below hard floor 100,000
2026-04-11 15:39:09.220 | WARNING  | __main__:flag_hard_bound_outliers:122 -     OUTLIER → Soybeans | 2002-10-14 | ₦26,371/MT | Below hard floor 100,000
2026-04-11 15:39:09.220 | WARNING  | __main__:flag_hard_bound_outliers:122 -     OUTLIER → Soybeans | 2002-10-21 | ₦24,810/MT | Below hard floor 100,000
2026-04-11 15:39:09.220 | WARNING  | __main__:flag_hard_bound_outliers:122 -     OUTLIER → Soybeans | 2002-10-28 | ₦24,746/MT | Below hard floor 100,000
2026-04-11 15:39:09.220 | WARNING  | __main__:flag_hard_bound_outliers:122 -     OUTLIER → Soybeans | 2002-11-04 | ₦26,170/MT | Below hard floor 100,000
2026-04-11 15:39:09.226 | WARNING  | __main__:flag_hard_bound_outliers:122 -     OUTLIER → Soybeans | 2002-11-11 | ₦25,996/MT | Below hard floor 100,000
2026-04-11 15:39:09.227 | WARNING  | __main__:flag_hard_bound_outliers:122 -     OUTLIER → Soybeans | 2002-11-18 | ₦25,960/MT | Below hard floor 100,000
2026-04-11 15:39:09.228 | WARNING  | __main__:flag_hard_bound_outliers:122 -     OUTLIER → Soybeans | 2002-11-25 | ₦26,034/MT | Below hard floor 100,000
2026-04-11 15:39:09.229 | WARNING  | __main__:flag_hard_bound_outliers:122 -     OUTLIER → Soybeans | 2002-12-02 | ₦25,241/MT | Below hard floor 100,000
2026-04-11 15:39:09.229 | WARNING  | __main__:flag_hard_bound_outliers:122 -     OUTLIER → Soybeans | 2002-12-09 | ₦25,946/MT | Below hard floor 100,000
2026-04-11 15:39:09.230 | WARNING  | __main__:flag_hard_bound_outliers:122 -     OUTLIER → Soybeans | 2002-12-16 | ₦25,993/MT | Below hard floor 100,000
2026-04-11 15:39:09.231 | WARNING  | __main__:flag_hard_bound_outliers:122 -     OUTLIER → Soybeans | 2002-12-23 | ₦25,214/MT | Below hard floor 100,000
2026-04-11 15:39:09.231 | WARNING  | __main__:flag_hard_bound_outliers:122 -     OUTLIER → Soybeans | 2002-12-30 | ₦27,209/MT | Below hard floor 100,000
2026-04-11 15:39:09.231 | WARNING  | __main__:flag_hard_bound_outliers:122 -     OUTLIER → Soybeans | 2003-01-06 | ₦35,123/MT | Below hard floor 100,000
2026-04-11 15:39:09.231 | WARNING  | __main__:flag_hard_bound_outliers:122 -     OUTLIER → Soybeans | 2003-01-13 | ₦33,393/MT | Below hard floor 100,000
2026-04-11 15:39:09.231 | WARNING  | __main__:flag_hard_bound_outliers:122 -     OUTLIER → Soybeans | 2003-01-20 | ₦35,313/MT | Below hard floor 100,000
2026-04-11 15:39:09.234 | WARNING  | __main__:flag_hard_bound_outliers:122 -     OUTLIER → Soybeans | 2003-01-27 | ₦33,618/MT | Below hard floor 100,000
2026-04-11 15:39:09.234 | WARNING  | __main__:flag_hard_bound_outliers:122 -     OUTLIER → Soybeans | 2003-02-03 | ₦35,449/MT | Below hard floor 100,000
2026-04-11 15:39:09.235 | WARNING  | __main__:flag_hard_bound_outliers:122 -     OUTLIER → Soybeans | 2003-02-10 | ₦35,835/MT | Below hard floor 100,000
2026-04-11 15:39:09.236 | WARNING  | __main__:flag_hard_bound_outliers:122 -     OUTLIER → Soybeans | 2003-02-17 | ₦33,778/MT | Below hard floor 100,000
2026-04-11 15:39:09.236 | WARNING  | __main__:flag_hard_bound_outliers:122 -     OUTLIER → Soybeans | 2003-02-24 | ₦35,632/MT | Below hard floor 100,000
2026-04-11 15:39:09.236 | WARNING  | __main__:flag_hard_bound_outliers:122 -     OUTLIER → Soybeans | 2003-03-03 | ₦35,060/MT | Below hard floor 100,000
2026-04-11 15:39:09.241 | WARNING  | __main__:flag_hard_bound_outliers:122 -     OUTLIER → Soybeans | 2003-03-10 | ₦35,485/MT | Below hard floor 100,000
2026-04-11 15:39:09.242 | WARNING  | __main__:flag_hard_bound_outliers:122 -     OUTLIER → Soybeans | 2003-03-17 | ₦36,602/MT | Below hard floor 100,000
2026-04-11 15:39:09.243 | WARNING  | __main__:flag_hard_bound_outliers:122 -     OUTLIER → Soybeans | 2003-03-24 | ₦34,376/MT | Below hard floor 100,000
2026-04-11 15:39:09.244 | WARNING  | __main__:flag_hard_bound_outliers:122 -     OUTLIER → Soybeans | 2003-03-31 | ₦33,848/MT | Below hard floor 100,000
2026-04-11 15:39:09.244 | WARNING  | __main__:flag_hard_bound_outliers:122 -     OUTLIER → Soybeans | 2003-04-07 | ₦33,707/MT | Below hard floor 100,000
2026-04-11 15:39:09.245 | WARNING  | __main__:flag_hard_bound_outliers:122 -     OUTLIER → Soybeans | 2003-04-14 | ₦33,783/MT | Below hard floor 100,000
2026-04-11 15:39:09.246 | WARNING  | __main__:flag_hard_bound_outliers:122 -     OUTLIER → Soybeans | 2003-04-21 | ₦34,551/MT | Below hard floor 100,000
2026-04-11 15:39:09.247 | WARNING  | __main__:flag_hard_bound_outliers:122 -     OUTLIER → Soybeans | 2003-04-28 | ₦34,985/MT | Below hard floor 100,000
2026-04-11 15:39:09.247 | WARNING  | __main__:flag_hard_bound_outliers:122 -     OUTLIER → Soybeans | 2003-05-05 | ₦34,918/MT | Below hard floor 100,000
2026-04-11 15:39:09.247 | WARNING  | __main__:flag_hard_bound_outliers:122 -     OUTLIER → Soybeans | 2003-05-12 | ₦35,490/MT | Below hard floor 100,000
2026-04-11 15:39:09.248 | WARNING  | __main__:flag_hard_bound_outliers:122 -     OUTLIER → Soybeans | 2003-05-19 | ₦34,644/MT | Below hard floor 100,000
2026-04-11 15:39:09.249 | WARNING  | __main__:flag_hard_bound_outliers:122 -     OUTLIER → Soybeans | 2003-05-26 | ₦36,141/MT | Below hard floor 100,000
2026-04-11 15:39:09.249 | WARNING  | __main__:flag_hard_bound_outliers:122 -     OUTLIER → Soybeans | 2003-06-02 | ₦34,356/MT | Below hard floor 100,000
2026-04-11 15:39:09.250 | WARNING  | __main__:flag_hard_bound_outliers:122 -     OUTLIER → Soybeans | 2003-06-09 | ₦37,457/MT | Below hard floor 100,000
2026-04-11 15:39:09.251 | WARNING  | __main__:flag_hard_bound_outliers:122 -     OUTLIER → Soybeans | 2003-06-16 | ₦35,281/MT | Below hard floor 100,000
2026-04-11 15:39:09.253 | WARNING  | __main__:flag_hard_bound_outliers:122 -     OUTLIER → Soybeans | 2003-06-23 | ₦33,740/MT | Below hard floor 100,000
2026-04-11 15:39:09.253 | WARNING  | __main__:flag_hard_bound_outliers:122 -     OUTLIER → Soybeans | 2003-06-30 | ₦33,518/MT | Below hard floor 100,000
2026-04-11 15:39:09.253 | WARNING  | __main__:flag_hard_bound_outliers:122 -     OUTLIER → Soybeans | 2003-07-07 | ₦35,132/MT | Below hard floor 100,000
2026-04-11 15:39:09.253 | WARNING  | __main__:flag_hard_bound_outliers:122 -     OUTLIER → Soybeans | 2003-07-14 | ₦34,399/MT | Below hard floor 100,000
2026-04-11 15:39:09.257 | WARNING  | __main__:flag_hard_bound_outliers:122 -     OUTLIER → Soybeans | 2003-07-21 | ₦35,373/MT | Below hard floor 100,000
2026-04-11 15:39:09.258 | WARNING  | __main__:flag_hard_bound_outliers:122 -     OUTLIER → Soybeans | 2003-07-28 | ₦35,123/MT | Below hard floor 100,000
2026-04-11 15:39:09.258 | WARNING  | __main__:flag_hard_bound_outliers:122 -     OUTLIER → Soybeans | 2003-08-04 | ₦34,555/MT | Below hard floor 100,000
2026-04-11 15:39:09.258 | WARNING  | __main__:flag_hard_bound_outliers:122 -     OUTLIER → Soybeans | 2003-08-11 | ₦33,751/MT | Below hard floor 100,000
2026-04-11 15:39:09.258 | WARNING  | __main__:flag_hard_bound_outliers:122 -     OUTLIER → Soybeans | 2003-08-18 | ₦33,057/MT | Below hard floor 100,000
2026-04-11 15:39:09.258 | WARNING  | __main__:flag_hard_bound_outliers:122 -     OUTLIER → Soybeans | 2003-08-25 | ₦34,167/MT | Below hard floor 100,000
2026-04-11 15:39:09.258 | WARNING  | __main__:flag_hard_bound_outliers:122 -     OUTLIER → Soybeans | 2003-09-01 | ₦35,521/MT | Below hard floor 100,000
2026-04-11 15:39:09.258 | WARNING  | __main__:flag_hard_bound_outliers:122 -     OUTLIER → Soybeans | 2003-09-08 | ₦34,853/MT | Below hard floor 100,000
2026-04-11 15:39:09.264 | WARNING  | __main__:flag_hard_bound_outliers:122 -     OUTLIER → Soybeans | 2003-09-15 | ₦33,337/MT | Below hard floor 100,000
2026-04-11 15:39:09.265 | WARNING  | __main__:flag_hard_bound_outliers:122 -     OUTLIER → Soybeans | 2003-09-22 | ₦34,811/MT | Below hard floor 100,000
2026-04-11 15:39:09.266 | WARNING  | __main__:flag_hard_bound_outliers:122 -     OUTLIER → Soybeans | 2003-09-29 | ₦35,031/MT | Below hard floor 100,000
2026-04-11 15:39:09.266 | WARNING  | __main__:flag_hard_bound_outliers:122 -     OUTLIER → Soybeans | 2003-10-06 | ₦33,713/MT | Below hard floor 100,000
2026-04-11 15:39:09.267 | WARNING  | __main__:flag_hard_bound_outliers:122 -     OUTLIER → Soybeans | 2003-10-13 | ₦34,791/MT | Below hard floor 100,000
2026-04-11 15:39:09.268 | WARNING  | __main__:flag_hard_bound_outliers:122 -     OUTLIER → Soybeans | 2003-10-20 | ₦34,691/MT | Below hard floor 100,000
2026-04-11 15:39:09.268 | WARNING  | __main__:flag_hard_bound_outliers:122 -     OUTLIER → Soybeans | 2003-10-27 | ₦33,444/MT | Below hard floor 100,000
2026-04-11 15:39:09.270 | WARNING  | __main__:flag_hard_bound_outliers:122 -     OUTLIER → Soybeans | 2003-11-03 | ₦35,003/MT | Below hard floor 100,000
2026-04-11 15:39:09.270 | WARNING  | __main__:flag_hard_bound_outliers:122 -     OUTLIER → Soybeans | 2003-11-10 | ₦35,214/MT | Below hard floor 100,000
2026-04-11 15:39:09.270 | WARNING  | __main__:flag_hard_bound_outliers:122 -     OUTLIER → Soybeans | 2003-11-17 | ₦35,756/MT | Below hard floor 100,000
2026-04-11 15:39:09.270 | WARNING  | __main__:flag_hard_bound_outliers:122 -     OUTLIER → Soybeans | 2003-11-24 | ₦35,726/MT | Below hard floor 100,000
2026-04-11 15:39:09.277 | WARNING  | __main__:flag_hard_bound_outliers:122 -     OUTLIER → Soybeans | 2003-12-01 | ₦33,200/MT | Below hard floor 100,000
2026-04-11 15:39:09.278 | WARNING  | __main__:flag_hard_bound_outliers:122 -     OUTLIER → Soybeans | 2003-12-08 | ₦33,657/MT | Below hard floor 100,000
2026-04-11 15:39:09.278 | WARNING  | __main__:flag_hard_bound_outliers:122 -     OUTLIER → Soybeans | 2003-12-15 | ₦35,166/MT | Below hard floor 100,000
2026-04-11 15:39:09.279 | WARNING  | __main__:flag_hard_bound_outliers:122 -     OUTLIER → Soybeans | 2003-12-22 | ₦35,165/MT | Below hard floor 100,000
2026-04-11 15:39:09.280 | WARNING  | __main__:flag_hard_bound_outliers:122 -     OUTLIER → Soybeans | 2003-12-29 | ₦35,166/MT | Below hard floor 100,000
2026-04-11 15:39:09.281 | WARNING  | __main__:flag_hard_bound_outliers:122 -     OUTLIER → Soybeans | 2004-01-05 | ₦47,509/MT | Below hard floor 100,000
2026-04-11 15:39:09.281 | WARNING  | __main__:flag_hard_bound_outliers:122 -     OUTLIER → Soybeans | 2004-01-12 | ₦43,316/MT | Below hard floor 100,000
2026-04-11 15:39:09.283 | WARNING  | __main__:flag_hard_bound_outliers:122 -     OUTLIER → Soybeans | 2004-01-19 | ₦44,037/MT | Below hard floor 100,000
2026-04-11 15:39:09.283 | WARNING  | __main__:flag_hard_bound_outliers:122 -     OUTLIER → Soybeans | 2004-01-26 | ₦43,805/MT | Below hard floor 100,000
2026-04-11 15:39:09.284 | WARNING  | __main__:flag_hard_bound_outliers:122 -     OUTLIER → Soybeans | 2004-02-02 | ₦43,419/MT | Below hard floor 100,000
2026-04-11 15:39:09.285 | WARNING  | __main__:flag_hard_bound_outliers:122 -     OUTLIER → Soybeans | 2004-02-09 | ₦42,184/MT | Below hard floor 100,000
2026-04-11 15:39:09.286 | WARNING  | __main__:flag_hard_bound_outliers:122 -     OUTLIER → Soybeans | 2004-02-16 | ₦43,556/MT | Below hard floor 100,000
2026-04-11 15:39:09.287 | WARNING  | __main__:flag_hard_bound_outliers:122 -     OUTLIER → Soybeans | 2004-02-23 | ₦41,599/MT | Below hard floor 100,000
2026-04-11 15:39:09.288 | WARNING  | __main__:flag_hard_bound_outliers:122 -     OUTLIER → Soybeans | 2004-03-01 | ₦42,284/MT | Below hard floor 100,000
2026-04-11 15:39:09.289 | WARNING  | __main__:flag_hard_bound_outliers:122 -     OUTLIER → Soybeans | 2004-03-08 | ₦41,966/MT | Below hard floor 100,000
2026-04-11 15:39:09.289 | WARNING  | __main__:flag_hard_bound_outliers:122 -     OUTLIER → Soybeans | 2004-03-15 | ₦42,691/MT | Below hard floor 100,000
2026-04-11 15:39:09.292 | WARNING  | __main__:flag_hard_bound_outliers:122 -     OUTLIER → Soybeans | 2004-03-22 | ₦45,544/MT | Below hard floor 100,000
2026-04-11 15:39:09.293 | WARNING  | __main__:flag_hard_bound_outliers:122 -     OUTLIER → Soybeans | 2004-03-29 | ₦40,201/MT | Below hard floor 100,000
2026-04-11 15:39:09.294 | WARNING  | __main__:flag_hard_bound_outliers:122 -     OUTLIER → Soybeans | 2004-04-05 | ₦43,463/MT | Below hard floor 100,000
2026-04-11 15:39:09.294 | WARNING  | __main__:flag_hard_bound_outliers:122 -     OUTLIER → Soybeans | 2004-04-12 | ₦40,526/MT | Below hard floor 100,000
2026-04-11 15:39:09.296 | WARNING  | __main__:flag_hard_bound_outliers:122 -     OUTLIER → Soybeans | 2004-04-19 | ₦41,984/MT | Below hard floor 100,000
2026-04-11 15:39:09.296 | WARNING  | __main__:flag_hard_bound_outliers:122 -     OUTLIER → Soybeans | 2004-04-26 | ₦43,978/MT | Below hard floor 100,000
2026-04-11 15:39:09.297 | WARNING  | __main__:flag_hard_bound_outliers:122 -     OUTLIER → Soybeans | 2004-05-03 | ₦42,669/MT | Below hard floor 100,000
2026-04-11 15:39:09.297 | WARNING  | __main__:flag_hard_bound_outliers:122 -     OUTLIER → Soybeans | 2004-05-10 | ₦41,210/MT | Below hard floor 100,000
2026-04-11 15:39:09.297 | WARNING  | __main__:flag_hard_bound_outliers:122 -     OUTLIER → Soybeans | 2004-05-17 | ₦41,673/MT | Below hard floor 100,000
2026-04-11 15:39:09.297 | WARNING  | __main__:flag_hard_bound_outliers:122 -     OUTLIER → Soybeans | 2004-05-24 | ₦43,455/MT | Below hard floor 100,000
2026-04-11 15:39:09.300 | WARNING  | __main__:flag_hard_bound_outliers:122 -     OUTLIER → Soybeans | 2004-05-31 | ₦41,653/MT | Below hard floor 100,000
2026-04-11 15:39:09.301 | WARNING  | __main__:flag_hard_bound_outliers:122 -     OUTLIER → Soybeans | 2004-06-07 | ₦42,863/MT | Below hard floor 100,000
2026-04-11 15:39:09.301 | WARNING  | __main__:flag_hard_bound_outliers:122 -     OUTLIER → Soybeans | 2004-06-14 | ₦42,645/MT | Below hard floor 100,000
2026-04-11 15:39:09.302 | WARNING  | __main__:flag_hard_bound_outliers:122 -     OUTLIER → Soybeans | 2004-06-21 | ₦41,754/MT | Below hard floor 100,000
2026-04-11 15:39:09.303 | WARNING  | __main__:flag_hard_bound_outliers:122 -     OUTLIER → Soybeans | 2004-06-28 | ₦45,326/MT | Below hard floor 100,000
2026-04-11 15:39:09.303 | WARNING  | __main__:flag_hard_bound_outliers:122 -     OUTLIER → Soybeans | 2004-07-05 | ₦43,396/MT | Below hard floor 100,000
2026-04-11 15:39:09.303 | WARNING  | __main__:flag_hard_bound_outliers:122 -     OUTLIER → Soybeans | 2004-07-12 | ₦39,999/MT | Below hard floor 100,000
2026-04-11 15:39:09.308 | WARNING  | __main__:flag_hard_bound_outliers:122 -     OUTLIER → Soybeans | 2004-07-19 | ₦42,825/MT | Below hard floor 100,000
2026-04-11 15:39:09.309 | WARNING  | __main__:flag_hard_bound_outliers:122 -     OUTLIER → Soybeans | 2004-07-26 | ₦41,741/MT | Below hard floor 100,000
2026-04-11 15:39:09.310 | WARNING  | __main__:flag_hard_bound_outliers:122 -     OUTLIER → Soybeans | 2004-08-02 | ₦43,676/MT | Below hard floor 100,000
2026-04-11 15:39:09.311 | WARNING  | __main__:flag_hard_bound_outliers:122 -     OUTLIER → Soybeans | 2004-08-09 | ₦41,574/MT | Below hard floor 100,000
2026-04-11 15:39:09.312 | WARNING  | __main__:flag_hard_bound_outliers:122 -     OUTLIER → Soybeans | 2004-08-16 | ₦42,440/MT | Below hard floor 100,000
2026-04-11 15:39:09.312 | WARNING  | __main__:flag_hard_bound_outliers:122 -     OUTLIER → Soybeans | 2004-08-23 | ₦43,232/MT | Below hard floor 100,000
2026-04-11 15:39:09.313 | WARNING  | __main__:flag_hard_bound_outliers:122 -     OUTLIER → Soybeans | 2004-08-30 | ₦43,693/MT | Below hard floor 100,000
2026-04-11 15:39:09.313 | WARNING  | __main__:flag_hard_bound_outliers:122 -     OUTLIER → Soybeans | 2004-09-06 | ₦41,053/MT | Below hard floor 100,000
2026-04-11 15:39:09.313 | WARNING  | __main__:flag_hard_bound_outliers:122 -     OUTLIER → Soybeans | 2004-09-13 | ₦42,159/MT | Below hard floor 100,000
2026-04-11 15:39:09.313 | WARNING  | __main__:flag_hard_bound_outliers:122 -     OUTLIER → Soybeans | 2004-09-20 | ₦41,980/MT | Below hard floor 100,000
2026-04-11 15:39:09.313 | WARNING  | __main__:flag_hard_bound_outliers:122 -     OUTLIER → Soybeans | 2004-09-27 | ₦41,752/MT | Below hard floor 100,000
2026-04-11 15:39:09.313 | WARNING  | __main__:flag_hard_bound_outliers:122 -     OUTLIER → Soybeans | 2004-10-04 | ₦44,842/MT | Below hard floor 100,000
2026-04-11 15:39:09.318 | WARNING  | __main__:flag_hard_bound_outliers:122 -     OUTLIER → Soybeans | 2004-10-11 | ₦43,104/MT | Below hard floor 100,000
2026-04-11 15:39:09.319 | WARNING  | __main__:flag_hard_bound_outliers:122 -     OUTLIER → Soybeans | 2004-10-18 | ₦40,976/MT | Below hard floor 100,000
2026-04-11 15:39:09.320 | WARNING  | __main__:flag_hard_bound_outliers:122 -     OUTLIER → Soybeans | 2004-10-25 | ₦43,759/MT | Below hard floor 100,000
2026-04-11 15:39:09.320 | WARNING  | __main__:flag_hard_bound_outliers:122 -     OUTLIER → Soybeans | 2004-11-01 | ₦45,298/MT | Below hard floor 100,000
2026-04-11 15:39:09.320 | WARNING  | __main__:flag_hard_bound_outliers:122 -     OUTLIER → Soybeans | 2004-11-08 | ₦43,906/MT | Below hard floor 100,000
2026-04-11 15:39:09.320 | WARNING  | __main__:flag_hard_bound_outliers:122 -     OUTLIER → Soybeans | 2004-11-15 | ₦40,645/MT | Below hard floor 100,000
2026-04-11 15:39:09.325 | WARNING  | __main__:flag_hard_bound_outliers:122 -     OUTLIER → Soybeans | 2004-11-22 | ₦41,968/MT | Below hard floor 100,000
2026-04-11 15:39:09.326 | WARNING  | __main__:flag_hard_bound_outliers:122 -     OUTLIER → Soybeans | 2004-11-29 | ₦44,205/MT | Below hard floor 100,000
2026-04-11 15:39:09.326 | WARNING  | __main__:flag_hard_bound_outliers:122 -     OUTLIER → Soybeans | 2004-12-06 | ₦41,682/MT | Below hard floor 100,000
2026-04-11 15:39:09.327 | WARNING  | __main__:flag_hard_bound_outliers:122 -     OUTLIER → Soybeans | 2004-12-13 | ₦43,154/MT | Below hard floor 100,000
2026-04-11 15:39:09.327 | WARNING  | __main__:flag_hard_bound_outliers:122 -     OUTLIER → Soybeans | 2004-12-20 | ₦43,576/MT | Below hard floor 100,000
2026-04-11 15:39:09.329 | WARNING  | __main__:flag_hard_bound_outliers:122 -     OUTLIER → Soybeans | 2004-12-27 | ₦41,402/MT | Below hard floor 100,000
2026-04-11 15:39:09.330 | WARNING  | __main__:flag_hard_bound_outliers:122 -     OUTLIER → Soybeans | 2005-01-03 | ₦36,013/MT | Below hard floor 100,000
2026-04-11 15:39:09.330 | WARNING  | __main__:flag_hard_bound_outliers:122 -     OUTLIER → Soybeans | 2005-01-10 | ₦32,569/MT | Below hard floor 100,000
2026-04-11 15:39:09.330 | WARNING  | __main__:flag_hard_bound_outliers:122 -     OUTLIER → Soybeans | 2005-01-17 | ₦34,968/MT | Below hard floor 100,000
2026-04-11 15:39:09.330 | WARNING  | __main__:flag_hard_bound_outliers:122 -     OUTLIER → Soybeans | 2005-01-24 | ₦35,804/MT | Below hard floor 100,000
2026-04-11 15:39:09.330 | WARNING  | __main__:flag_hard_bound_outliers:122 -     OUTLIER → Soybeans | 2005-01-31 | ₦34,726/MT | Below hard floor 100,000
2026-04-11 15:39:09.330 | WARNING  | __main__:flag_hard_bound_outliers:122 -     OUTLIER → Soybeans | 2005-02-07 | ₦37,844/MT | Below hard floor 100,000
2026-04-11 15:39:09.334 | WARNING  | __main__:flag_hard_bound_outliers:122 -     OUTLIER → Soybeans | 2005-02-14 | ₦34,529/MT | Below hard floor 100,000
2026-04-11 15:39:09.335 | WARNING  | __main__:flag_hard_bound_outliers:122 -     OUTLIER → Soybeans | 2005-02-21 | ₦35,601/MT | Below hard floor 100,000
2026-04-11 15:39:09.336 | WARNING  | __main__:flag_hard_bound_outliers:122 -     OUTLIER → Soybeans | 2005-02-28 | ₦36,218/MT | Below hard floor 100,000
2026-04-11 15:39:09.337 | WARNING  | __main__:flag_hard_bound_outliers:122 -     OUTLIER → Soybeans | 2005-03-07 | ₦37,637/MT | Below hard floor 100,000
2026-04-11 15:39:09.337 | WARNING  | __main__:flag_hard_bound_outliers:122 -     OUTLIER → Soybeans | 2005-03-14 | ₦34,523/MT | Below hard floor 100,000
2026-04-11 15:39:09.340 | WARNING  | __main__:flag_hard_bound_outliers:122 -     OUTLIER → Soybeans | 2005-03-21 | ₦37,336/MT | Below hard floor 100,000
2026-04-11 15:39:09.340 | WARNING  | __main__:flag_hard_bound_outliers:122 -     OUTLIER → Soybeans | 2005-03-28 | ₦36,088/MT | Below hard floor 100,000
2026-04-11 15:39:09.340 | WARNING  | __main__:flag_hard_bound_outliers:122 -     OUTLIER → Soybeans | 2005-04-04 | ₦35,015/MT | Below hard floor 100,000
2026-04-11 15:39:09.344 | WARNING  | __main__:flag_hard_bound_outliers:122 -     OUTLIER → Soybeans | 2005-04-11 | ₦36,577/MT | Below hard floor 100,000
2026-04-11 15:39:09.345 | WARNING  | __main__:flag_hard_bound_outliers:122 -     OUTLIER → Soybeans | 2005-04-18 | ₦36,292/MT | Below hard floor 100,000
2026-04-11 15:39:09.346 | WARNING  | __main__:flag_hard_bound_outliers:122 -     OUTLIER → Soybeans | 2005-04-25 | ₦35,427/MT | Below hard floor 100,000
2026-04-11 15:39:09.347 | WARNING  | __main__:flag_hard_bound_outliers:122 -     OUTLIER → Soybeans | 2005-05-02 | ₦36,152/MT | Below hard floor 100,000
2026-04-11 15:39:09.347 | WARNING  | __main__:flag_hard_bound_outliers:122 -     OUTLIER → Soybeans | 2005-05-09 | ₦35,660/MT | Below hard floor 100,000
2026-04-11 15:39:09.347 | WARNING  | __main__:flag_hard_bound_outliers:122 -     OUTLIER → Soybeans | 2005-05-16 | ₦36,200/MT | Below hard floor 100,000
2026-04-11 15:39:09.347 | WARNING  | __main__:flag_hard_bound_outliers:122 -     OUTLIER → Soybeans | 2005-05-23 | ₦36,794/MT | Below hard floor 100,000
2026-04-11 15:39:09.351 | WARNING  | __main__:flag_hard_bound_outliers:122 -     OUTLIER → Soybeans | 2005-05-30 | ₦37,794/MT | Below hard floor 100,000
2026-04-11 15:39:09.352 | WARNING  | __main__:flag_hard_bound_outliers:122 -     OUTLIER → Soybeans | 2005-06-06 | ₦34,737/MT | Below hard floor 100,000
2026-04-11 15:39:09.353 | WARNING  | __main__:flag_hard_bound_outliers:122 -     OUTLIER → Soybeans | 2005-06-13 | ₦38,386/MT | Below hard floor 100,000
2026-04-11 15:39:09.353 | WARNING  | __main__:flag_hard_bound_outliers:122 -     OUTLIER → Soybeans | 2005-06-20 | ₦33,964/MT | Below hard floor 100,000
2026-04-11 15:39:09.353 | WARNING  | __main__:flag_hard_bound_outliers:122 -     OUTLIER → Soybeans | 2005-06-27 | ₦35,913/MT | Below hard floor 100,000
2026-04-11 15:39:09.358 | WARNING  | __main__:flag_hard_bound_outliers:122 -     OUTLIER → Soybeans | 2005-07-04 | ₦36,714/MT | Below hard floor 100,000
2026-04-11 15:39:09.359 | WARNING  | __main__:flag_hard_bound_outliers:122 -     OUTLIER → Soybeans | 2005-07-11 | ₦36,381/MT | Below hard floor 100,000
2026-04-11 15:39:09.360 | WARNING  | __main__:flag_hard_bound_outliers:122 -     OUTLIER → Soybeans | 2005-07-18 | ₦35,403/MT | Below hard floor 100,000
2026-04-11 15:39:09.360 | WARNING  | __main__:flag_hard_bound_outliers:122 -     OUTLIER → Soybeans | 2005-07-25 | ₦35,852/MT | Below hard floor 100,000
2026-04-11 15:39:09.361 | WARNING  | __main__:flag_hard_bound_outliers:122 -     OUTLIER → Soybeans | 2005-08-01 | ₦35,543/MT | Below hard floor 100,000
2026-04-11 15:39:09.362 | WARNING  | __main__:flag_hard_bound_outliers:122 -     OUTLIER → Soybeans | 2005-08-08 | ₦35,439/MT | Below hard floor 100,000
2026-04-11 15:39:09.363 | WARNING  | __main__:flag_hard_bound_outliers:122 -     OUTLIER → Soybeans | 2005-08-15 | ₦36,996/MT | Below hard floor 100,000
2026-04-11 15:39:09.364 | WARNING  | __main__:flag_hard_bound_outliers:122 -     OUTLIER → Soybeans | 2005-08-22 | ₦36,463/MT | Below hard floor 100,000
2026-04-11 15:39:09.365 | WARNING  | __main__:flag_hard_bound_outliers:122 -     OUTLIER → Soybeans | 2005-08-29 | ₦35,327/MT | Below hard floor 100,000
2026-04-11 15:39:09.366 | WARNING  | __main__:flag_hard_bound_outliers:122 -     OUTLIER → Soybeans | 2005-09-05 | ₦37,051/MT | Below hard floor 100,000
2026-04-11 15:39:09.366 | WARNING  | __main__:flag_hard_bound_outliers:122 -     OUTLIER → Soybeans | 2005-09-12 | ₦36,410/MT | Below hard floor 100,000
2026-04-11 15:39:09.367 | WARNING  | __main__:flag_hard_bound_outliers:122 -     OUTLIER → Soybeans | 2005-09-19 | ₦36,957/MT | Below hard floor 100,000
2026-04-11 15:39:09.368 | WARNING  | __main__:flag_hard_bound_outliers:122 -     OUTLIER → Soybeans | 2005-09-26 | ₦36,758/MT | Below hard floor 100,000
2026-04-11 15:39:09.368 | WARNING  | __main__:flag_hard_bound_outliers:122 -     OUTLIER → Soybeans | 2005-10-03 | ₦35,180/MT | Below hard floor 100,000
2026-04-11 15:39:09.370 | WARNING  | __main__:flag_hard_bound_outliers:122 -     OUTLIER → Soybeans | 2005-10-10 | ₦35,471/MT | Below hard floor 100,000
2026-04-11 15:39:09.370 | WARNING  | __main__:flag_hard_bound_outliers:122 -     OUTLIER → Soybeans | 2005-10-17 | ₦36,886/MT | Below hard floor 100,000
2026-04-11 15:39:09.370 | WARNING  | __main__:flag_hard_bound_outliers:122 -     OUTLIER → Soybeans | 2005-10-24 | ₦36,738/MT | Below hard floor 100,000
2026-04-11 15:39:09.370 | WARNING  | __main__:flag_hard_bound_outliers:122 -     OUTLIER → Soybeans | 2005-10-31 | ₦36,054/MT | Below hard floor 100,000
2026-04-11 15:39:09.370 | WARNING  | __main__:flag_hard_bound_outliers:122 -     OUTLIER → Soybeans | 2005-11-07 | ₦36,204/MT | Below hard floor 100,000
2026-04-11 15:39:09.376 | WARNING  | __main__:flag_hard_bound_outliers:122 -     OUTLIER → Soybeans | 2005-11-14 | ₦37,460/MT | Below hard floor 100,000
2026-04-11 15:39:09.377 | WARNING  | __main__:flag_hard_bound_outliers:122 -     OUTLIER → Soybeans | 2005-11-21 | ₦35,437/MT | Below hard floor 100,000
2026-04-11 15:39:09.378 | WARNING  | __main__:flag_hard_bound_outliers:122 -     OUTLIER → Soybeans | 2005-11-28 | ₦36,669/MT | Below hard floor 100,000
2026-04-11 15:39:09.378 | WARNING  | __main__:flag_hard_bound_outliers:122 -     OUTLIER → Soybeans | 2005-12-05 | ₦35,858/MT | Below hard floor 100,000
2026-04-11 15:39:09.379 | WARNING  | __main__:flag_hard_bound_outliers:122 -     OUTLIER → Soybeans | 2005-12-12 | ₦35,841/MT | Below hard floor 100,000
2026-04-11 15:39:09.380 | WARNING  | __main__:flag_hard_bound_outliers:122 -     OUTLIER → Soybeans | 2005-12-19 | ₦37,266/MT | Below hard floor 100,000
2026-04-11 15:39:09.380 | WARNING  | __main__:flag_hard_bound_outliers:122 -     OUTLIER → Soybeans | 2005-12-26 | ₦36,970/MT | Below hard floor 100,000
2026-04-11 15:39:09.380 | WARNING  | __main__:flag_hard_bound_outliers:122 -     OUTLIER → Soybeans | 2006-01-02 | ₦34,397/MT | Below hard floor 100,000
2026-04-11 15:39:09.380 | WARNING  | __main__:flag_hard_bound_outliers:122 -     OUTLIER → Soybeans | 2006-01-09 | ₦34,893/MT | Below hard floor 100,000
2026-04-11 15:39:09.380 | WARNING  | __main__:flag_hard_bound_outliers:122 -     OUTLIER → Soybeans | 2006-01-16 | ₦33,599/MT | Below hard floor 100,000
2026-04-11 15:39:09.380 | WARNING  | __main__:flag_hard_bound_outliers:122 -     OUTLIER → Soybeans | 2006-01-23 | ₦34,265/MT | Below hard floor 100,000
2026-04-11 15:39:09.380 | WARNING  | __main__:flag_hard_bound_outliers:122 -     OUTLIER → Soybeans | 2006-01-30 | ₦33,265/MT | Below hard floor 100,000
2026-04-11 15:39:09.380 | WARNING  | __main__:flag_hard_bound_outliers:122 -     OUTLIER → Soybeans | 2006-02-06 | ₦33,904/MT | Below hard floor 100,000
2026-04-11 15:39:09.380 | WARNING  | __main__:flag_hard_bound_outliers:122 -     OUTLIER → Soybeans | 2006-02-13 | ₦33,447/MT | Below hard floor 100,000
2026-04-11 15:39:09.387 | WARNING  | __main__:flag_hard_bound_outliers:122 -     OUTLIER → Soybeans | 2006-02-20 | ₦33,675/MT | Below hard floor 100,000
2026-04-11 15:39:09.387 | WARNING  | __main__:flag_hard_bound_outliers:122 -     OUTLIER → Soybeans | 2006-02-27 | ₦34,177/MT | Below hard floor 100,000
2026-04-11 15:39:09.389 | WARNING  | __main__:flag_hard_bound_outliers:122 -     OUTLIER → Soybeans | 2006-03-06 | ₦32,753/MT | Below hard floor 100,000
2026-04-11 15:39:09.390 | WARNING  | __main__:flag_hard_bound_outliers:122 -     OUTLIER → Soybeans | 2006-03-13 | ₦35,685/MT | Below hard floor 100,000
2026-04-11 15:39:09.391 | WARNING  | __main__:flag_hard_bound_outliers:122 -     OUTLIER → Soybeans | 2006-03-20 | ₦32,564/MT | Below hard floor 100,000
2026-04-11 15:39:09.392 | WARNING  | __main__:flag_hard_bound_outliers:122 -     OUTLIER → Soybeans | 2006-03-27 | ₦32,355/MT | Below hard floor 100,000
2026-04-11 15:39:09.393 | WARNING  | __main__:flag_hard_bound_outliers:122 -     OUTLIER → Soybeans | 2006-04-03 | ₦34,744/MT | Below hard floor 100,000
2026-04-11 15:39:09.394 | WARNING  | __main__:flag_hard_bound_outliers:122 -     OUTLIER → Soybeans | 2006-04-10 | ₦34,375/MT | Below hard floor 100,000
2026-04-11 15:39:09.394 | WARNING  | __main__:flag_hard_bound_outliers:122 -     OUTLIER → Soybeans | 2006-04-17 | ₦34,206/MT | Below hard floor 100,000
2026-04-11 15:39:09.395 | WARNING  | __main__:flag_hard_bound_outliers:122 -     OUTLIER → Soybeans | 2006-04-24 | ₦34,211/MT | Below hard floor 100,000
2026-04-11 15:39:09.395 | WARNING  | __main__:flag_hard_bound_outliers:122 -     OUTLIER → Soybeans | 2006-05-01 | ₦33,565/MT | Below hard floor 100,000
2026-04-11 15:39:09.395 | WARNING  | __main__:flag_hard_bound_outliers:122 -     OUTLIER → Soybeans | 2006-05-08 | ₦32,674/MT | Below hard floor 100,000
2026-04-11 15:39:09.395 | WARNING  | __main__:flag_hard_bound_outliers:122 -     OUTLIER → Soybeans | 2006-05-15 | ₦33,654/MT | Below hard floor 100,000
2026-04-11 15:39:09.398 | WARNING  | __main__:flag_hard_bound_outliers:122 -     OUTLIER → Soybeans | 2006-05-22 | ₦32,896/MT | Below hard floor 100,000
2026-04-11 15:39:09.399 | WARNING  | __main__:flag_hard_bound_outliers:122 -     OUTLIER → Soybeans | 2006-05-29 | ₦34,560/MT | Below hard floor 100,000
2026-04-11 15:39:09.399 | WARNING  | __main__:flag_hard_bound_outliers:122 -     OUTLIER → Soybeans | 2006-06-05 | ₦33,430/MT | Below hard floor 100,000
2026-04-11 15:39:09.400 | WARNING  | __main__:flag_hard_bound_outliers:122 -     OUTLIER → Soybeans | 2006-06-12 | ₦32,746/MT | Below hard floor 100,000
2026-04-11 15:39:09.401 | WARNING  | __main__:flag_hard_bound_outliers:122 -     OUTLIER → Soybeans | 2006-06-19 | ₦33,254/MT | Below hard floor 100,000
2026-04-11 15:39:09.401 | WARNING  | __main__:flag_hard_bound_outliers:122 -     OUTLIER → Soybeans | 2006-06-26 | ₦33,994/MT | Below hard floor 100,000
2026-04-11 15:39:09.403 | WARNING  | __main__:flag_hard_bound_outliers:122 -     OUTLIER → Soybeans | 2006-07-03 | ₦33,010/MT | Below hard floor 100,000
2026-04-11 15:39:09.405 | WARNING  | __main__:flag_hard_bound_outliers:122 -     OUTLIER → Soybeans | 2006-07-10 | ₦32,749/MT | Below hard floor 100,000
2026-04-11 15:39:09.405 | WARNING  | __main__:flag_hard_bound_outliers:122 -     OUTLIER → Soybeans | 2006-07-17 | ₦33,823/MT | Below hard floor 100,000
2026-04-11 15:39:09.409 | WARNING  | __main__:flag_hard_bound_outliers:122 -     OUTLIER → Soybeans | 2006-07-24 | ₦33,824/MT | Below hard floor 100,000
2026-04-11 15:39:09.409 | WARNING  | __main__:flag_hard_bound_outliers:122 -     OUTLIER → Soybeans | 2006-07-31 | ₦33,067/MT | Below hard floor 100,000
2026-04-11 15:39:09.410 | WARNING  | __main__:flag_hard_bound_outliers:122 -     OUTLIER → Soybeans | 2006-08-07 | ₦33,103/MT | Below hard floor 100,000
2026-04-11 15:39:09.411 | WARNING  | __main__:flag_hard_bound_outliers:122 -     OUTLIER → Soybeans | 2006-08-14 | ₦33,811/MT | Below hard floor 100,000
2026-04-11 15:39:09.412 | WARNING  | __main__:flag_hard_bound_outliers:122 -     OUTLIER → Soybeans | 2006-08-21 | ₦32,119/MT | Below hard floor 100,000
2026-04-11 15:39:09.413 | WARNING  | __main__:flag_hard_bound_outliers:122 -     OUTLIER → Soybeans | 2006-08-28 | ₦32,160/MT | Below hard floor 100,000
2026-04-11 15:39:09.413 | WARNING  | __main__:flag_hard_bound_outliers:122 -     OUTLIER → Soybeans | 2006-09-04 | ₦32,854/MT | Below hard floor 100,000
2026-04-11 15:39:09.414 | WARNING  | __main__:flag_hard_bound_outliers:122 -     OUTLIER → Soybeans | 2006-09-11 | ₦33,363/MT | Below hard floor 100,000
2026-04-11 15:39:09.414 | WARNING  | __main__:flag_hard_bound_outliers:122 -     OUTLIER → Soybeans | 2006-09-18 | ₦33,891/MT | Below hard floor 100,000
2026-04-11 15:39:09.414 | WARNING  | __main__:flag_hard_bound_outliers:122 -     OUTLIER → Soybeans | 2006-09-25 | ₦35,064/MT | Below hard floor 100,000
2026-04-11 15:39:09.417 | WARNING  | __main__:flag_hard_bound_outliers:122 -     OUTLIER → Soybeans | 2006-10-02 | ₦34,442/MT | Below hard floor 100,000
2026-04-11 15:39:09.418 | WARNING  | __main__:flag_hard_bound_outliers:122 -     OUTLIER → Soybeans | 2006-10-09 | ₦33,417/MT | Below hard floor 100,000
2026-04-11 15:39:09.419 | WARNING  | __main__:flag_hard_bound_outliers:122 -     OUTLIER → Soybeans | 2006-10-16 | ₦33,558/MT | Below hard floor 100,000
2026-04-11 15:39:09.420 | WARNING  | __main__:flag_hard_bound_outliers:122 -     OUTLIER → Soybeans | 2006-10-23 | ₦32,568/MT | Below hard floor 100,000
2026-04-11 15:39:09.420 | WARNING  | __main__:flag_hard_bound_outliers:122 -     OUTLIER → Soybeans | 2006-10-30 | ₦33,559/MT | Below hard floor 100,000
2026-04-11 15:39:09.420 | WARNING  | __main__:flag_hard_bound_outliers:122 -     OUTLIER → Soybeans | 2006-11-06 | ₦33,287/MT | Below hard floor 100,000
2026-04-11 15:39:09.420 | WARNING  | __main__:flag_hard_bound_outliers:122 -     OUTLIER → Soybeans | 2006-11-13 | ₦33,903/MT | Below hard floor 100,000
2026-04-11 15:39:09.425 | WARNING  | __main__:flag_hard_bound_outliers:122 -     OUTLIER → Soybeans | 2006-11-20 | ₦32,744/MT | Below hard floor 100,000
2026-04-11 15:39:09.425 | WARNING  | __main__:flag_hard_bound_outliers:122 -     OUTLIER → Soybeans | 2006-11-27 | ₦34,101/MT | Below hard floor 100,000
2026-04-11 15:39:09.427 | WARNING  | __main__:flag_hard_bound_outliers:122 -     OUTLIER → Soybeans | 2006-12-04 | ₦35,122/MT | Below hard floor 100,000
2026-04-11 15:39:09.427 | WARNING  | __main__:flag_hard_bound_outliers:122 -     OUTLIER → Soybeans | 2006-12-11 | ₦33,468/MT | Below hard floor 100,000
2026-04-11 15:39:09.427 | WARNING  | __main__:flag_hard_bound_outliers:122 -     OUTLIER → Soybeans | 2006-12-18 | ₦33,982/MT | Below hard floor 100,000
2026-04-11 15:39:09.429 | WARNING  | __main__:flag_hard_bound_outliers:122 -     OUTLIER → Soybeans | 2006-12-25 | ₦34,273/MT | Below hard floor 100,000
2026-04-11 15:39:09.430 | WARNING  | __main__:flag_hard_bound_outliers:122 -     OUTLIER → Soybeans | 2007-01-01 | ₦39,781/MT | Below hard floor 100,000
2026-04-11 15:39:09.430 | WARNING  | __main__:flag_hard_bound_outliers:122 -     OUTLIER → Soybeans | 2007-01-08 | ₦40,536/MT | Below hard floor 100,000
2026-04-11 15:39:09.430 | WARNING  | __main__:flag_hard_bound_outliers:122 -     OUTLIER → Soybeans | 2007-01-15 | ₦40,281/MT | Below hard floor 100,000
2026-04-11 15:39:09.430 | WARNING  | __main__:flag_hard_bound_outliers:122 -     OUTLIER → Soybeans | 2007-01-22 | ₦40,384/MT | Below hard floor 100,000
2026-04-11 15:39:09.433 | WARNING  | __main__:flag_hard_bound_outliers:122 -     OUTLIER → Soybeans | 2007-01-29 | ₦39,332/MT | Below hard floor 100,000
2026-04-11 15:39:09.434 | WARNING  | __main__:flag_hard_bound_outliers:122 -     OUTLIER → Soybeans | 2007-02-05 | ₦40,295/MT | Below hard floor 100,000
2026-04-11 15:39:09.434 | WARNING  | __main__:flag_hard_bound_outliers:122 -     OUTLIER → Soybeans | 2007-02-12 | ₦40,867/MT | Below hard floor 100,000
2026-04-11 15:39:09.435 | WARNING  | __main__:flag_hard_bound_outliers:122 -     OUTLIER → Soybeans | 2007-02-19 | ₦42,019/MT | Below hard floor 100,000
2026-04-11 15:39:09.437 | WARNING  | __main__:flag_hard_bound_outliers:122 -     OUTLIER → Soybeans | 2007-02-26 | ₦41,424/MT | Below hard floor 100,000
2026-04-11 15:39:09.437 | WARNING  | __main__:flag_hard_bound_outliers:122 -     OUTLIER → Soybeans | 2007-03-05 | ₦42,867/MT | Below hard floor 100,000
2026-04-11 15:39:09.437 | WARNING  | __main__:flag_hard_bound_outliers:122 -     OUTLIER → Soybeans | 2007-03-12 | ₦39,339/MT | Below hard floor 100,000
2026-04-11 15:39:09.437 | WARNING  | __main__:flag_hard_bound_outliers:122 -     OUTLIER → Soybeans | 2007-03-19 | ₦41,319/MT | Below hard floor 100,000
2026-04-11 15:39:09.441 | WARNING  | __main__:flag_hard_bound_outliers:122 -     OUTLIER → Soybeans | 2007-03-26 | ₦40,487/MT | Below hard floor 100,000
2026-04-11 15:39:09.442 | WARNING  | __main__:flag_hard_bound_outliers:122 -     OUTLIER → Soybeans | 2007-04-02 | ₦42,911/MT | Below hard floor 100,000
2026-04-11 15:39:09.443 | WARNING  | __main__:flag_hard_bound_outliers:122 -     OUTLIER → Soybeans | 2007-04-09 | ₦39,289/MT | Below hard floor 100,000
2026-04-11 15:39:09.444 | WARNING  | __main__:flag_hard_bound_outliers:122 -     OUTLIER → Soybeans | 2007-04-16 | ₦39,251/MT | Below hard floor 100,000
2026-04-11 15:39:09.444 | WARNING  | __main__:flag_hard_bound_outliers:122 -     OUTLIER → Soybeans | 2007-04-23 | ₦39,542/MT | Below hard floor 100,000
2026-04-11 15:39:09.444 | WARNING  | __main__:flag_hard_bound_outliers:122 -     OUTLIER → Soybeans | 2007-04-30 | ₦37,700/MT | Below hard floor 100,000
2026-04-11 15:39:09.445 | WARNING  | __main__:flag_hard_bound_outliers:122 -     OUTLIER → Soybeans | 2007-05-07 | ₦39,630/MT | Below hard floor 100,000
2026-04-11 15:39:09.446 | WARNING  | __main__:flag_hard_bound_outliers:122 -     OUTLIER → Soybeans | 2007-05-14 | ₦39,349/MT | Below hard floor 100,000
2026-04-11 15:39:09.446 | WARNING  | __main__:flag_hard_bound_outliers:122 -     OUTLIER → Soybeans | 2007-05-21 | ₦40,447/MT | Below hard floor 100,000
2026-04-11 15:39:09.446 | WARNING  | __main__:flag_hard_bound_outliers:122 -     OUTLIER → Soybeans | 2007-05-28 | ₦40,678/MT | Below hard floor 100,000
2026-04-11 15:39:09.446 | WARNING  | __main__:flag_hard_bound_outliers:122 -     OUTLIER → Soybeans | 2007-06-04 | ₦42,532/MT | Below hard floor 100,000
2026-04-11 15:39:09.446 | WARNING  | __main__:flag_hard_bound_outliers:122 -     OUTLIER → Soybeans | 2007-06-11 | ₦41,414/MT | Below hard floor 100,000
2026-04-11 15:39:09.450 | WARNING  | __main__:flag_hard_bound_outliers:122 -     OUTLIER → Soybeans | 2007-06-18 | ₦39,569/MT | Below hard floor 100,000
2026-04-11 15:39:09.450 | WARNING  | __main__:flag_hard_bound_outliers:122 -     OUTLIER → Soybeans | 2007-06-25 | ₦39,180/MT | Below hard floor 100,000
2026-04-11 15:39:09.451 | WARNING  | __main__:flag_hard_bound_outliers:122 -     OUTLIER → Soybeans | 2007-07-02 | ₦40,860/MT | Below hard floor 100,000
2026-04-11 15:39:09.452 | WARNING  | __main__:flag_hard_bound_outliers:122 -     OUTLIER → Soybeans | 2007-07-09 | ₦38,671/MT | Below hard floor 100,000
2026-04-11 15:39:09.454 | WARNING  | __main__:flag_hard_bound_outliers:122 -     OUTLIER → Soybeans | 2007-07-16 | ₦42,478/MT | Below hard floor 100,000
2026-04-11 15:39:09.455 | WARNING  | __main__:flag_hard_bound_outliers:122 -     OUTLIER → Soybeans | 2007-07-23 | ₦41,690/MT | Below hard floor 100,000
2026-04-11 15:39:09.456 | WARNING  | __main__:flag_hard_bound_outliers:122 -     OUTLIER → Soybeans | 2007-07-30 | ₦39,699/MT | Below hard floor 100,000
2026-04-11 15:39:09.458 | WARNING  | __main__:flag_hard_bound_outliers:122 -     OUTLIER → Soybeans | 2007-08-06 | ₦38,196/MT | Below hard floor 100,000
2026-04-11 15:39:09.459 | WARNING  | __main__:flag_hard_bound_outliers:122 -     OUTLIER → Soybeans | 2007-08-13 | ₦41,901/MT | Below hard floor 100,000
2026-04-11 15:39:09.460 | WARNING  | __main__:flag_hard_bound_outliers:122 -     OUTLIER → Soybeans | 2007-08-20 | ₦40,127/MT | Below hard floor 100,000
2026-04-11 15:39:09.461 | WARNING  | __main__:flag_hard_bound_outliers:122 -     OUTLIER → Soybeans | 2007-08-27 | ₦41,761/MT | Below hard floor 100,000
2026-04-11 15:39:09.462 | WARNING  | __main__:flag_hard_bound_outliers:122 -     OUTLIER → Soybeans | 2007-09-03 | ₦38,340/MT | Below hard floor 100,000
2026-04-11 15:39:09.463 | WARNING  | __main__:flag_hard_bound_outliers:122 -     OUTLIER → Soybeans | 2007-09-10 | ₦39,542/MT | Below hard floor 100,000
2026-04-11 15:39:09.463 | WARNING  | __main__:flag_hard_bound_outliers:122 -     OUTLIER → Soybeans | 2007-09-17 | ₦40,272/MT | Below hard floor 100,000
2026-04-11 15:39:09.463 | WARNING  | __main__:flag_hard_bound_outliers:122 -     OUTLIER → Soybeans | 2007-09-24 | ₦40,322/MT | Below hard floor 100,000
2026-04-11 15:39:09.463 | WARNING  | __main__:flag_hard_bound_outliers:122 -     OUTLIER → Soybeans | 2007-10-01 | ₦39,722/MT | Below hard floor 100,000
2026-04-11 15:39:09.463 | WARNING  | __main__:flag_hard_bound_outliers:122 -     OUTLIER → Soybeans | 2007-10-08 | ₦41,018/MT | Below hard floor 100,000
2026-04-11 15:39:09.463 | WARNING  | __main__:flag_hard_bound_outliers:122 -     OUTLIER → Soybeans | 2007-10-15 | ₦38,976/MT | Below hard floor 100,000
2026-04-11 15:39:09.467 | WARNING  | __main__:flag_hard_bound_outliers:122 -     OUTLIER → Soybeans | 2007-10-22 | ₦40,094/MT | Below hard floor 100,000
2026-04-11 15:39:09.467 | WARNING  | __main__:flag_hard_bound_outliers:122 -     OUTLIER → Soybeans | 2007-10-29 | ₦40,411/MT | Below hard floor 100,000
2026-04-11 15:39:09.468 | WARNING  | __main__:flag_hard_bound_outliers:122 -     OUTLIER → Soybeans | 2007-11-05 | ₦40,887/MT | Below hard floor 100,000
2026-04-11 15:39:09.470 | WARNING  | __main__:flag_hard_bound_outliers:122 -     OUTLIER → Soybeans | 2007-11-12 | ₦41,125/MT | Below hard floor 100,000
2026-04-11 15:39:09.470 | WARNING  | __main__:flag_hard_bound_outliers:122 -     OUTLIER → Soybeans | 2007-11-19 | ₦38,907/MT | Below hard floor 100,000
2026-04-11 15:39:09.473 | WARNING  | __main__:flag_hard_bound_outliers:122 -     OUTLIER → Soybeans | 2007-11-26 | ₦38,412/MT | Below hard floor 100,000
2026-04-11 15:39:09.475 | WARNING  | __main__:flag_hard_bound_outliers:122 -     OUTLIER → Soybeans | 2007-12-03 | ₦41,809/MT | Below hard floor 100,000
2026-04-11 15:39:09.476 | WARNING  | __main__:flag_hard_bound_outliers:122 -     OUTLIER → Soybeans | 2007-12-10 | ₦40,667/MT | Below hard floor 100,000
2026-04-11 15:39:09.477 | WARNING  | __main__:flag_hard_bound_outliers:122 -     OUTLIER → Soybeans | 2007-12-17 | ₦39,361/MT | Below hard floor 100,000
2026-04-11 15:39:09.478 | WARNING  | __main__:flag_hard_bound_outliers:122 -     OUTLIER → Soybeans | 2007-12-24 | ₦42,139/MT | Below hard floor 100,000
2026-04-11 15:39:09.479 | WARNING  | __main__:flag_hard_bound_outliers:122 -     OUTLIER → Soybeans | 2007-12-31 | ₦40,405/MT | Below hard floor 100,000
2026-04-11 15:39:09.479 | WARNING  | __main__:flag_hard_bound_outliers:122 -     OUTLIER → Soybeans | 2008-01-07 | ₦55,612/MT | Below hard floor 100,000
2026-04-11 15:39:09.479 | WARNING  | __main__:flag_hard_bound_outliers:122 -     OUTLIER → Soybeans | 2008-01-14 | ₦53,821/MT | Below hard floor 100,000
2026-04-11 15:39:09.479 | WARNING  | __main__:flag_hard_bound_outliers:122 -     OUTLIER → Soybeans | 2008-01-21 | ₦57,033/MT | Below hard floor 100,000
2026-04-11 15:39:09.479 | WARNING  | __main__:flag_hard_bound_outliers:122 -     OUTLIER → Soybeans | 2008-01-28 | ₦56,541/MT | Below hard floor 100,000
2026-04-11 15:39:09.479 | WARNING  | __main__:flag_hard_bound_outliers:122 -     OUTLIER → Soybeans | 2008-02-04 | ₦53,311/MT | Below hard floor 100,000
2026-04-11 15:39:09.479 | WARNING  | __main__:flag_hard_bound_outliers:122 -     OUTLIER → Soybeans | 2008-02-11 | ₦55,278/MT | Below hard floor 100,000
2026-04-11 15:39:09.485 | WARNING  | __main__:flag_hard_bound_outliers:122 -     OUTLIER → Soybeans | 2008-02-18 | ₦54,752/MT | Below hard floor 100,000
2026-04-11 15:39:09.487 | WARNING  | __main__:flag_hard_bound_outliers:122 -     OUTLIER → Soybeans | 2008-02-25 | ₦55,918/MT | Below hard floor 100,000
2026-04-11 15:39:09.487 | WARNING  | __main__:flag_hard_bound_outliers:122 -     OUTLIER → Soybeans | 2008-03-03 | ₦52,157/MT | Below hard floor 100,000
2026-04-11 15:39:09.487 | WARNING  | __main__:flag_hard_bound_outliers:122 -     OUTLIER → Soybeans | 2008-03-10 | ₦54,818/MT | Below hard floor 100,000
2026-04-11 15:39:09.487 | WARNING  | __main__:flag_hard_bound_outliers:122 -     OUTLIER → Soybeans | 2008-03-17 | ₦55,418/MT | Below hard floor 100,000
2026-04-11 15:39:09.487 | WARNING  | __main__:flag_hard_bound_outliers:122 -     OUTLIER → Soybeans | 2008-03-24 | ₦50,878/MT | Below hard floor 100,000
2026-04-11 15:39:09.493 | WARNING  | __main__:flag_hard_bound_outliers:122 -     OUTLIER → Soybeans | 2008-03-31 | ₦51,806/MT | Below hard floor 100,000
2026-04-11 15:39:09.494 | WARNING  | __main__:flag_hard_bound_outliers:122 -     OUTLIER → Soybeans | 2008-04-07 | ₦50,426/MT | Below hard floor 100,000
2026-04-11 15:39:09.494 | WARNING  | __main__:flag_hard_bound_outliers:122 -     OUTLIER → Soybeans | 2008-04-14 | ₦53,278/MT | Below hard floor 100,000
2026-04-11 15:39:09.495 | WARNING  | __main__:flag_hard_bound_outliers:122 -     OUTLIER → Soybeans | 2008-04-21 | ₦54,868/MT | Below hard floor 100,000
2026-04-11 15:39:09.496 | WARNING  | __main__:flag_hard_bound_outliers:122 -     OUTLIER → Soybeans | 2008-04-28 | ₦56,133/MT | Below hard floor 100,000
2026-04-11 15:39:09.497 | WARNING  | __main__:flag_hard_bound_outliers:122 -     OUTLIER → Soybeans | 2008-05-05 | ₦53,832/MT | Below hard floor 100,000
2026-04-11 15:39:09.497 | WARNING  | __main__:flag_hard_bound_outliers:122 -     OUTLIER → Soybeans | 2008-05-12 | ₦56,337/MT | Below hard floor 100,000
2026-04-11 15:39:09.498 | WARNING  | __main__:flag_hard_bound_outliers:122 -     OUTLIER → Soybeans | 2008-05-19 | ₦51,488/MT | Below hard floor 100,000
2026-04-11 15:39:09.498 | WARNING  | __main__:flag_hard_bound_outliers:122 -     OUTLIER → Soybeans | 2008-05-26 | ₦50,967/MT | Below hard floor 100,000
2026-04-11 15:39:09.498 | WARNING  | __main__:flag_hard_bound_outliers:122 -     OUTLIER → Soybeans | 2008-06-02 | ₦53,623/MT | Below hard floor 100,000
2026-04-11 15:39:09.498 | WARNING  | __main__:flag_hard_bound_outliers:122 -     OUTLIER → Soybeans | 2008-06-09 | ₦54,331/MT | Below hard floor 100,000
2026-04-11 15:39:09.498 | WARNING  | __main__:flag_hard_bound_outliers:122 -     OUTLIER → Soybeans | 2008-06-16 | ₦53,660/MT | Below hard floor 100,000
2026-04-11 15:39:09.502 | WARNING  | __main__:flag_hard_bound_outliers:122 -     OUTLIER → Soybeans | 2008-06-23 | ₦50,381/MT | Below hard floor 100,000
2026-04-11 15:39:09.503 | WARNING  | __main__:flag_hard_bound_outliers:122 -     OUTLIER → Soybeans | 2008-06-30 | ₦53,569/MT | Below hard floor 100,000
2026-04-11 15:39:09.503 | WARNING  | __main__:flag_hard_bound_outliers:122 -     OUTLIER → Soybeans | 2008-07-07 | ₦51,610/MT | Below hard floor 100,000
2026-04-11 15:39:09.503 | WARNING  | __main__:flag_hard_bound_outliers:122 -     OUTLIER → Soybeans | 2008-07-14 | ₦54,791/MT | Below hard floor 100,000
2026-04-11 15:39:09.508 | WARNING  | __main__:flag_hard_bound_outliers:122 -     OUTLIER → Soybeans | 2008-07-21 | ₦54,303/MT | Below hard floor 100,000
2026-04-11 15:39:09.508 | WARNING  | __main__:flag_hard_bound_outliers:122 -     OUTLIER → Soybeans | 2008-07-28 | ₦52,198/MT | Below hard floor 100,000
2026-04-11 15:39:09.509 | WARNING  | __main__:flag_hard_bound_outliers:122 -     OUTLIER → Soybeans | 2008-08-04 | ₦52,884/MT | Below hard floor 100,000
2026-04-11 15:39:09.509 | WARNING  | __main__:flag_hard_bound_outliers:122 -     OUTLIER → Soybeans | 2008-08-11 | ₦52,005/MT | Below hard floor 100,000
2026-04-11 15:39:09.510 | WARNING  | __main__:flag_hard_bound_outliers:122 -     OUTLIER → Soybeans | 2008-08-18 | ₦53,611/MT | Below hard floor 100,000
2026-04-11 15:39:09.511 | WARNING  | __main__:flag_hard_bound_outliers:122 -     OUTLIER → Soybeans | 2008-08-25 | ₦55,251/MT | Below hard floor 100,000
2026-04-11 15:39:09.512 | WARNING  | __main__:flag_hard_bound_outliers:122 -     OUTLIER → Soybeans | 2008-09-01 | ₦52,124/MT | Below hard floor 100,000
2026-04-11 15:39:09.512 | WARNING  | __main__:flag_hard_bound_outliers:122 -     OUTLIER → Soybeans | 2008-09-08 | ₦54,524/MT | Below hard floor 100,000
2026-04-11 15:39:09.512 | WARNING  | __main__:flag_hard_bound_outliers:122 -     OUTLIER → Soybeans | 2008-09-15 | ₦52,858/MT | Below hard floor 100,000
2026-04-11 15:39:09.512 | WARNING  | __main__:flag_hard_bound_outliers:122 -     OUTLIER → Soybeans | 2008-09-22 | ₦52,435/MT | Below hard floor 100,000
2026-04-11 15:39:09.512 | WARNING  | __main__:flag_hard_bound_outliers:122 -     OUTLIER → Soybeans | 2008-09-29 | ₦53,540/MT | Below hard floor 100,000
2026-04-11 15:39:09.512 | WARNING  | __main__:flag_hard_bound_outliers:122 -     OUTLIER → Soybeans | 2008-10-06 | ₦52,044/MT | Below hard floor 100,000
2026-04-11 15:39:09.512 | WARNING  | __main__:flag_hard_bound_outliers:122 -     OUTLIER → Soybeans | 2008-10-13 | ₦52,820/MT | Below hard floor 100,000
2026-04-11 15:39:09.518 | WARNING  | __main__:flag_hard_bound_outliers:122 -     OUTLIER → Soybeans | 2008-10-20 | ₦51,782/MT | Below hard floor 100,000
2026-04-11 15:39:09.519 | WARNING  | __main__:flag_hard_bound_outliers:122 -     OUTLIER → Soybeans | 2008-10-27 | ₦56,878/MT | Below hard floor 100,000
2026-04-11 15:39:09.520 | WARNING  | __main__:flag_hard_bound_outliers:122 -     OUTLIER → Soybeans | 2008-11-03 | ₦53,769/MT | Below hard floor 100,000
2026-04-11 15:39:09.520 | WARNING  | __main__:flag_hard_bound_outliers:122 -     OUTLIER → Soybeans | 2008-11-10 | ₦52,585/MT | Below hard floor 100,000
2026-04-11 15:39:09.520 | WARNING  | __main__:flag_hard_bound_outliers:122 -     OUTLIER → Soybeans | 2008-11-17 | ₦54,057/MT | Below hard floor 100,000
2026-04-11 15:39:09.525 | WARNING  | __main__:flag_hard_bound_outliers:122 -     OUTLIER → Soybeans | 2008-11-24 | ₦53,531/MT | Below hard floor 100,000
2026-04-11 15:39:09.525 | WARNING  | __main__:flag_hard_bound_outliers:122 -     OUTLIER → Soybeans | 2008-12-01 | ₦53,356/MT | Below hard floor 100,000
2026-04-11 15:39:09.526 | WARNING  | __main__:flag_hard_bound_outliers:122 -     OUTLIER → Soybeans | 2008-12-08 | ₦54,702/MT | Below hard floor 100,000
2026-04-11 15:39:09.527 | WARNING  | __main__:flag_hard_bound_outliers:122 -     OUTLIER → Soybeans | 2008-12-15 | ₦54,933/MT | Below hard floor 100,000
2026-04-11 15:39:09.528 | WARNING  | __main__:flag_hard_bound_outliers:122 -     OUTLIER → Soybeans | 2008-12-22 | ₦52,857/MT | Below hard floor 100,000
2026-04-11 15:39:09.529 | WARNING  | __main__:flag_hard_bound_outliers:122 -     OUTLIER → Soybeans | 2008-12-29 | ₦52,784/MT | Below hard floor 100,000
2026-04-11 15:39:09.529 | WARNING  | __main__:flag_hard_bound_outliers:122 -     OUTLIER → Soybeans | 2009-01-05 | ₦61,866/MT | Below hard floor 100,000
2026-04-11 15:39:09.530 | WARNING  | __main__:flag_hard_bound_outliers:122 -     OUTLIER → Soybeans | 2009-01-12 | ₦58,073/MT | Below hard floor 100,000
2026-04-11 15:39:09.530 | WARNING  | __main__:flag_hard_bound_outliers:122 -     OUTLIER → Soybeans | 2009-01-19 | ₦59,545/MT | Below hard floor 100,000
2026-04-11 15:39:09.530 | WARNING  | __main__:flag_hard_bound_outliers:122 -     OUTLIER → Soybeans | 2009-01-26 | ₦64,939/MT | Below hard floor 100,000
2026-04-11 15:39:09.530 | WARNING  | __main__:flag_hard_bound_outliers:122 -     OUTLIER → Soybeans | 2009-02-02 | ₦65,459/MT | Below hard floor 100,000
2026-04-11 15:39:09.534 | WARNING  | __main__:flag_hard_bound_outliers:122 -     OUTLIER → Soybeans | 2009-02-09 | ₦61,915/MT | Below hard floor 100,000
2026-04-11 15:39:09.535 | WARNING  | __main__:flag_hard_bound_outliers:122 -     OUTLIER → Soybeans | 2009-02-16 | ₦63,460/MT | Below hard floor 100,000
2026-04-11 15:39:09.536 | WARNING  | __main__:flag_hard_bound_outliers:122 -     OUTLIER → Soybeans | 2009-02-23 | ₦62,963/MT | Below hard floor 100,000
2026-04-11 15:39:09.537 | WARNING  | __main__:flag_hard_bound_outliers:122 -     OUTLIER → Soybeans | 2009-03-02 | ₦68,143/MT | Below hard floor 100,000
2026-04-11 15:39:09.537 | WARNING  | __main__:flag_hard_bound_outliers:122 -     OUTLIER → Soybeans | 2009-03-09 | ₦64,476/MT | Below hard floor 100,000
2026-04-11 15:39:09.537 | WARNING  | __main__:flag_hard_bound_outliers:122 -     OUTLIER → Soybeans | 2009-03-16 | ₦62,141/MT | Below hard floor 100,000
2026-04-11 15:39:09.537 | WARNING  | __main__:flag_hard_bound_outliers:122 -     OUTLIER → Soybeans | 2009-03-23 | ₦60,592/MT | Below hard floor 100,000
2026-04-11 15:39:09.542 | WARNING  | __main__:flag_hard_bound_outliers:122 -     OUTLIER → Soybeans | 2009-03-30 | ₦59,374/MT | Below hard floor 100,000
2026-04-11 15:39:09.542 | WARNING  | __main__:flag_hard_bound_outliers:122 -     OUTLIER → Soybeans | 2009-04-06 | ₦62,761/MT | Below hard floor 100,000
2026-04-11 15:39:09.543 | WARNING  | __main__:flag_hard_bound_outliers:122 -     OUTLIER → Soybeans | 2009-04-13 | ₦60,965/MT | Below hard floor 100,000
2026-04-11 15:39:09.544 | WARNING  | __main__:flag_hard_bound_outliers:122 -     OUTLIER → Soybeans | 2009-04-20 | ₦59,719/MT | Below hard floor 100,000
2026-04-11 15:39:09.545 | WARNING  | __main__:flag_hard_bound_outliers:122 -     OUTLIER → Soybeans | 2009-04-27 | ₦61,171/MT | Below hard floor 100,000
2026-04-11 15:39:09.545 | WARNING  | __main__:flag_hard_bound_outliers:122 -     OUTLIER → Soybeans | 2009-05-04 | ₦60,357/MT | Below hard floor 100,000
2026-04-11 15:39:09.545 | WARNING  | __main__:flag_hard_bound_outliers:122 -     OUTLIER → Soybeans | 2009-05-11 | ₦65,538/MT | Below hard floor 100,000
2026-04-11 15:39:09.545 | WARNING  | __main__:flag_hard_bound_outliers:122 -     OUTLIER → Soybeans | 2009-05-18 | ₦64,031/MT | Below hard floor 100,000
2026-04-11 15:39:09.545 | WARNING  | __main__:flag_hard_bound_outliers:122 -     OUTLIER → Soybeans | 2009-05-25 | ₦62,366/MT | Below hard floor 100,000
2026-04-11 15:39:09.545 | WARNING  | __main__:flag_hard_bound_outliers:122 -     OUTLIER → Soybeans | 2009-06-01 | ₦65,150/MT | Below hard floor 100,000
2026-04-11 15:39:09.545 | WARNING  | __main__:flag_hard_bound_outliers:122 -     OUTLIER → Soybeans | 2009-06-08 | ₦62,526/MT | Below hard floor 100,000
2026-04-11 15:39:09.545 | WARNING  | __main__:flag_hard_bound_outliers:122 -     OUTLIER → Soybeans | 2009-06-15 | ₦60,769/MT | Below hard floor 100,000
2026-04-11 15:39:09.545 | WARNING  | __main__:flag_hard_bound_outliers:122 -     OUTLIER → Soybeans | 2009-06-22 | ₦65,231/MT | Below hard floor 100,000
2026-04-11 15:39:09.552 | WARNING  | __main__:flag_hard_bound_outliers:122 -     OUTLIER → Soybeans | 2009-06-29 | ₦63,389/MT | Below hard floor 100,000
2026-04-11 15:39:09.553 | WARNING  | __main__:flag_hard_bound_outliers:122 -     OUTLIER → Soybeans | 2009-07-06 | ₦60,440/MT | Below hard floor 100,000
2026-04-11 15:39:09.553 | WARNING  | __main__:flag_hard_bound_outliers:122 -     OUTLIER → Soybeans | 2009-07-13 | ₦62,025/MT | Below hard floor 100,000
2026-04-11 15:39:09.553 | WARNING  | __main__:flag_hard_bound_outliers:122 -     OUTLIER → Soybeans | 2009-07-20 | ₦60,742/MT | Below hard floor 100,000
2026-04-11 15:39:09.556 | WARNING  | __main__:flag_hard_bound_outliers:122 -     OUTLIER → Soybeans | 2009-07-27 | ₦59,793/MT | Below hard floor 100,000
2026-04-11 15:39:09.556 | WARNING  | __main__:flag_hard_bound_outliers:122 -     OUTLIER → Soybeans | 2009-08-03 | ₦64,114/MT | Below hard floor 100,000
2026-04-11 15:39:09.556 | WARNING  | __main__:flag_hard_bound_outliers:122 -     OUTLIER → Soybeans | 2009-08-10 | ₦65,954/MT | Below hard floor 100,000
2026-04-11 15:39:09.556 | WARNING  | __main__:flag_hard_bound_outliers:122 -     OUTLIER → Soybeans | 2009-08-17 | ₦59,763/MT | Below hard floor 100,000
2026-04-11 15:39:09.556 | WARNING  | __main__:flag_hard_bound_outliers:122 -     OUTLIER → Soybeans | 2009-08-24 | ₦63,434/MT | Below hard floor 100,000
2026-04-11 15:39:09.556 | WARNING  | __main__:flag_hard_bound_outliers:122 -     OUTLIER → Soybeans | 2009-08-31 | ₦61,163/MT | Below hard floor 100,000
2026-04-11 15:39:09.556 | WARNING  | __main__:flag_hard_bound_outliers:122 -     OUTLIER → Soybeans | 2009-09-07 | ₦61,469/MT | Below hard floor 100,000
2026-04-11 15:39:09.556 | WARNING  | __main__:flag_hard_bound_outliers:122 -     OUTLIER → Soybeans | 2009-09-14 | ₦61,272/MT | Below hard floor 100,000
2026-04-11 15:39:09.563 | WARNING  | __main__:flag_hard_bound_outliers:122 -     OUTLIER → Soybeans | 2009-09-21 | ₦60,764/MT | Below hard floor 100,000
2026-04-11 15:39:09.564 | WARNING  | __main__:flag_hard_bound_outliers:122 -     OUTLIER → Soybeans | 2009-09-28 | ₦62,472/MT | Below hard floor 100,000
2026-04-11 15:39:09.564 | WARNING  | __main__:flag_hard_bound_outliers:122 -     OUTLIER → Soybeans | 2009-10-05 | ₦60,826/MT | Below hard floor 100,000
2026-04-11 15:39:09.565 | WARNING  | __main__:flag_hard_bound_outliers:122 -     OUTLIER → Soybeans | 2009-10-12 | ₦62,887/MT | Below hard floor 100,000
2026-04-11 15:39:09.565 | WARNING  | __main__:flag_hard_bound_outliers:122 -     OUTLIER → Soybeans | 2009-10-19 | ₦62,287/MT | Below hard floor 100,000
2026-04-11 15:39:09.566 | WARNING  | __main__:flag_hard_bound_outliers:122 -     OUTLIER → Soybeans | 2009-10-26 | ₦61,934/MT | Below hard floor 100,000
2026-04-11 15:39:09.567 | WARNING  | __main__:flag_hard_bound_outliers:122 -     OUTLIER → Soybeans | 2009-11-02 | ₦60,682/MT | Below hard floor 100,000
2026-04-11 15:39:09.567 | WARNING  | __main__:flag_hard_bound_outliers:122 -     OUTLIER → Soybeans | 2009-11-09 | ₦61,301/MT | Below hard floor 100,000
2026-04-11 15:39:09.570 | WARNING  | __main__:flag_hard_bound_outliers:122 -     OUTLIER → Soybeans | 2009-11-16 | ₦63,794/MT | Below hard floor 100,000
2026-04-11 15:39:09.570 | WARNING  | __main__:flag_hard_bound_outliers:122 -     OUTLIER → Soybeans | 2009-11-23 | ₦63,318/MT | Below hard floor 100,000
2026-04-11 15:39:09.570 | WARNING  | __main__:flag_hard_bound_outliers:122 -     OUTLIER → Soybeans | 2009-11-30 | ₦60,551/MT | Below hard floor 100,000
2026-04-11 15:39:09.570 | WARNING  | __main__:flag_hard_bound_outliers:122 -     OUTLIER → Soybeans | 2009-12-07 | ₦62,567/MT | Below hard floor 100,000
2026-04-11 15:39:09.575 | WARNING  | __main__:flag_hard_bound_outliers:122 -     OUTLIER → Soybeans | 2009-12-14 | ₦63,787/MT | Below hard floor 100,000
2026-04-11 15:39:09.575 | WARNING  | __main__:flag_hard_bound_outliers:122 -     OUTLIER → Soybeans | 2009-12-21 | ₦59,257/MT | Below hard floor 100,000
2026-04-11 15:39:09.576 | WARNING  | __main__:flag_hard_bound_outliers:122 -     OUTLIER → Soybeans | 2009-12-28 | ₦63,398/MT | Below hard floor 100,000
2026-04-11 15:39:09.576 | WARNING  | __main__:flag_hard_bound_outliers:122 -     OUTLIER → Soybeans | 2010-01-04 | ₦56,715/MT | Below hard floor 100,000
2026-04-11 15:39:09.578 | WARNING  | __main__:flag_hard_bound_outliers:122 -     OUTLIER → Soybeans | 2010-01-11 | ₦58,856/MT | Below hard floor 100,000
2026-04-11 15:39:09.579 | WARNING  | __main__:flag_hard_bound_outliers:122 -     OUTLIER → Soybeans | 2010-01-18 | ₦56,541/MT | Below hard floor 100,000
2026-04-11 15:39:09.579 | WARNING  | __main__:flag_hard_bound_outliers:122 -     OUTLIER → Soybeans | 2010-01-25 | ₦54,732/MT | Below hard floor 100,000
2026-04-11 15:39:09.579 | WARNING  | __main__:flag_hard_bound_outliers:122 -     OUTLIER → Soybeans | 2010-02-01 | ₦55,040/MT | Below hard floor 100,000
2026-04-11 15:39:09.579 | WARNING  | __main__:flag_hard_bound_outliers:122 -     OUTLIER → Soybeans | 2010-02-08 | ₦57,949/MT | Below hard floor 100,000
2026-04-11 15:39:09.579 | WARNING  | __main__:flag_hard_bound_outliers:122 -     OUTLIER → Soybeans | 2010-02-15 | ₦58,316/MT | Below hard floor 100,000
2026-04-11 15:39:09.579 | WARNING  | __main__:flag_hard_bound_outliers:122 -     OUTLIER → Soybeans | 2010-02-22 | ₦56,296/MT | Below hard floor 100,000
2026-04-11 15:39:09.579 | WARNING  | __main__:flag_hard_bound_outliers:122 -     OUTLIER → Soybeans | 2010-03-01 | ₦58,974/MT | Below hard floor 100,000
2026-04-11 15:39:09.579 | WARNING  | __main__:flag_hard_bound_outliers:122 -     OUTLIER → Soybeans | 2010-03-08 | ₦54,981/MT | Below hard floor 100,000
2026-04-11 15:39:09.579 | WARNING  | __main__:flag_hard_bound_outliers:122 -     OUTLIER → Soybeans | 2010-03-15 | ₦57,751/MT | Below hard floor 100,000
2026-04-11 15:39:09.586 | WARNING  | __main__:flag_hard_bound_outliers:122 -     OUTLIER → Soybeans | 2010-03-22 | ₦55,763/MT | Below hard floor 100,000
2026-04-11 15:39:09.587 | WARNING  | __main__:flag_hard_bound_outliers:122 -     OUTLIER → Soybeans | 2010-03-29 | ₦56,734/MT | Below hard floor 100,000
2026-04-11 15:39:09.587 | WARNING  | __main__:flag_hard_bound_outliers:122 -     OUTLIER → Soybeans | 2010-04-05 | ₦57,948/MT | Below hard floor 100,000
2026-04-11 15:39:09.590 | WARNING  | __main__:flag_hard_bound_outliers:122 -     OUTLIER → Soybeans | 2010-04-12 | ₦56,372/MT | Below hard floor 100,000
2026-04-11 15:39:09.591 | WARNING  | __main__:flag_hard_bound_outliers:122 -     OUTLIER → Soybeans | 2010-04-19 | ₦57,198/MT | Below hard floor 100,000
2026-04-11 15:39:09.593 | WARNING  | __main__:flag_hard_bound_outliers:122 -     OUTLIER → Soybeans | 2010-04-26 | ₦59,612/MT | Below hard floor 100,000
2026-04-11 15:39:09.593 | WARNING  | __main__:flag_hard_bound_outliers:122 -     OUTLIER → Soybeans | 2010-05-03 | ₦56,864/MT | Below hard floor 100,000
2026-04-11 15:39:09.594 | WARNING  | __main__:flag_hard_bound_outliers:122 -     OUTLIER → Soybeans | 2010-05-10 | ₦59,316/MT | Below hard floor 100,000
2026-04-11 15:39:09.594 | WARNING  | __main__:flag_hard_bound_outliers:122 -     OUTLIER → Soybeans | 2010-05-17 | ₦55,904/MT | Below hard floor 100,000
2026-04-11 15:39:09.595 | WARNING  | __main__:flag_hard_bound_outliers:122 -     OUTLIER → Soybeans | 2010-05-24 | ₦58,785/MT | Below hard floor 100,000
2026-04-11 15:39:09.596 | WARNING  | __main__:flag_hard_bound_outliers:122 -     OUTLIER → Soybeans | 2010-05-31 | ₦60,368/MT | Below hard floor 100,000
2026-04-11 15:39:09.597 | WARNING  | __main__:flag_hard_bound_outliers:122 -     OUTLIER → Soybeans | 2010-06-07 | ₦53,575/MT | Below hard floor 100,000
2026-04-11 15:39:09.598 | WARNING  | __main__:flag_hard_bound_outliers:122 -     OUTLIER → Soybeans | 2010-06-14 | ₦56,482/MT | Below hard floor 100,000
2026-04-11 15:39:09.599 | WARNING  | __main__:flag_hard_bound_outliers:122 -     OUTLIER → Soybeans | 2010-06-21 | ₦58,867/MT | Below hard floor 100,000
2026-04-11 15:39:09.600 | WARNING  | __main__:flag_hard_bound_outliers:122 -     OUTLIER → Soybeans | 2010-06-28 | ₦57,513/MT | Below hard floor 100,000
2026-04-11 15:39:09.600 | WARNING  | __main__:flag_hard_bound_outliers:122 -     OUTLIER → Soybeans | 2010-07-05 | ₦58,510/MT | Below hard floor 100,000
2026-04-11 15:39:09.601 | WARNING  | __main__:flag_hard_bound_outliers:122 -     OUTLIER → Soybeans | 2010-07-12 | ₦56,817/MT | Below hard floor 100,000
2026-04-11 15:39:09.602 | WARNING  | __main__:flag_hard_bound_outliers:122 -     OUTLIER → Soybeans | 2010-07-19 | ₦58,016/MT | Below hard floor 100,000
2026-04-11 15:39:09.603 | WARNING  | __main__:flag_hard_bound_outliers:122 -     OUTLIER → Soybeans | 2010-07-26 | ₦57,595/MT | Below hard floor 100,000
2026-04-11 15:39:09.603 | WARNING  | __main__:flag_hard_bound_outliers:122 -     OUTLIER → Soybeans | 2010-08-02 | ₦59,893/MT | Below hard floor 100,000
2026-04-11 15:39:09.603 | WARNING  | __main__:flag_hard_bound_outliers:122 -     OUTLIER → Soybeans | 2010-08-09 | ₦58,307/MT | Below hard floor 100,000
2026-04-11 15:39:09.603 | WARNING  | __main__:flag_hard_bound_outliers:122 -     OUTLIER → Soybeans | 2010-08-16 | ₦58,452/MT | Below hard floor 100,000
2026-04-11 15:39:09.603 | WARNING  | __main__:flag_hard_bound_outliers:122 -     OUTLIER → Soybeans | 2010-08-23 | ₦57,150/MT | Below hard floor 100,000
2026-04-11 15:39:09.603 | WARNING  | __main__:flag_hard_bound_outliers:122 -     OUTLIER → Soybeans | 2010-08-30 | ₦57,019/MT | Below hard floor 100,000
2026-04-11 15:39:09.603 | WARNING  | __main__:flag_hard_bound_outliers:122 -     OUTLIER → Soybeans | 2010-09-06 | ₦57,115/MT | Below hard floor 100,000
2026-04-11 15:39:09.603 | WARNING  | __main__:flag_hard_bound_outliers:122 -     OUTLIER → Soybeans | 2010-09-13 | ₦58,550/MT | Below hard floor 100,000
2026-04-11 15:39:09.603 | WARNING  | __main__:flag_hard_bound_outliers:122 -     OUTLIER → Soybeans | 2010-09-20 | ₦57,135/MT | Below hard floor 100,000
2026-04-11 15:39:09.603 | WARNING  | __main__:flag_hard_bound_outliers:122 -     OUTLIER → Soybeans | 2010-09-27 | ₦58,369/MT | Below hard floor 100,000
2026-04-11 15:39:09.614 | WARNING  | __main__:flag_hard_bound_outliers:122 -     OUTLIER → Soybeans | 2010-10-04 | ₦61,468/MT | Below hard floor 100,000
2026-04-11 15:39:09.615 | WARNING  | __main__:flag_hard_bound_outliers:122 -     OUTLIER → Soybeans | 2010-10-11 | ₦59,378/MT | Below hard floor 100,000
2026-04-11 15:39:09.616 | WARNING  | __main__:flag_hard_bound_outliers:122 -     OUTLIER → Soybeans | 2010-10-18 | ₦57,300/MT | Below hard floor 100,000
2026-04-11 15:39:09.617 | WARNING  | __main__:flag_hard_bound_outliers:122 -     OUTLIER → Soybeans | 2010-10-25 | ₦59,951/MT | Below hard floor 100,000
2026-04-11 15:39:09.618 | WARNING  | __main__:flag_hard_bound_outliers:122 -     OUTLIER → Soybeans | 2010-11-01 | ₦57,157/MT | Below hard floor 100,000
2026-04-11 15:39:09.619 | WARNING  | __main__:flag_hard_bound_outliers:122 -     OUTLIER → Soybeans | 2010-11-08 | ₦54,327/MT | Below hard floor 100,000
2026-04-11 15:39:09.620 | WARNING  | __main__:flag_hard_bound_outliers:122 -     OUTLIER → Soybeans | 2010-11-15 | ₦56,116/MT | Below hard floor 100,000
2026-04-11 15:39:09.620 | WARNING  | __main__:flag_hard_bound_outliers:122 -     OUTLIER → Soybeans | 2010-11-22 | ₦54,618/MT | Below hard floor 100,000
2026-04-11 15:39:09.620 | WARNING  | __main__:flag_hard_bound_outliers:122 -     OUTLIER → Soybeans | 2010-11-29 | ₦57,255/MT | Below hard floor 100,000
2026-04-11 15:39:09.625 | WARNING  | __main__:flag_hard_bound_outliers:122 -     OUTLIER → Soybeans | 2010-12-06 | ₦57,897/MT | Below hard floor 100,000
2026-04-11 15:39:09.626 | WARNING  | __main__:flag_hard_bound_outliers:122 -     OUTLIER → Soybeans | 2010-12-13 | ₦60,776/MT | Below hard floor 100,000
2026-04-11 15:39:09.626 | WARNING  | __main__:flag_hard_bound_outliers:122 -     OUTLIER → Soybeans | 2010-12-20 | ₦58,433/MT | Below hard floor 100,000
2026-04-11 15:39:09.627 | WARNING  | __main__:flag_hard_bound_outliers:122 -     OUTLIER → Soybeans | 2010-12-27 | ₦57,485/MT | Below hard floor 100,000
2026-04-11 15:39:09.628 | WARNING  | __main__:flag_hard_bound_outliers:122 -     OUTLIER → Soybeans | 2011-01-03 | ₦76,321/MT | Below hard floor 100,000
2026-04-11 15:39:09.629 | WARNING  | __main__:flag_hard_bound_outliers:122 -     OUTLIER → Soybeans | 2011-01-10 | ₦69,528/MT | Below hard floor 100,000
2026-04-11 15:39:09.630 | WARNING  | __main__:flag_hard_bound_outliers:122 -     OUTLIER → Soybeans | 2011-01-17 | ₦74,995/MT | Below hard floor 100,000
2026-04-11 15:39:09.630 | WARNING  | __main__:flag_hard_bound_outliers:122 -     OUTLIER → Soybeans | 2011-01-24 | ₦76,190/MT | Below hard floor 100,000
2026-04-11 15:39:09.630 | WARNING  | __main__:flag_hard_bound_outliers:122 -     OUTLIER → Soybeans | 2011-01-31 | ₦71,165/MT | Below hard floor 100,000
2026-04-11 15:39:09.630 | WARNING  | __main__:flag_hard_bound_outliers:122 -     OUTLIER → Soybeans | 2011-02-07 | ₦77,023/MT | Below hard floor 100,000
2026-04-11 15:39:09.633 | WARNING  | __main__:flag_hard_bound_outliers:122 -     OUTLIER → Soybeans | 2011-02-14 | ₦75,224/MT | Below hard floor 100,000
2026-04-11 15:39:09.633 | WARNING  | __main__:flag_hard_bound_outliers:122 -     OUTLIER → Soybeans | 2011-02-21 | ₦73,540/MT | Below hard floor 100,000
2026-04-11 15:39:09.634 | WARNING  | __main__:flag_hard_bound_outliers:122 -     OUTLIER → Soybeans | 2011-02-28 | ₦75,882/MT | Below hard floor 100,000
2026-04-11 15:39:09.635 | WARNING  | __main__:flag_hard_bound_outliers:122 -     OUTLIER → Soybeans | 2011-03-07 | ₦79,541/MT | Below hard floor 100,000
2026-04-11 15:39:09.639 | WARNING  | __main__:flag_hard_bound_outliers:122 -     OUTLIER → Soybeans | 2011-03-14 | ₦74,875/MT | Below hard floor 100,000
2026-04-11 15:39:09.639 | WARNING  | __main__:flag_hard_bound_outliers:122 -     OUTLIER → Soybeans | 2011-03-21 | ₦75,023/MT | Below hard floor 100,000
2026-04-11 15:39:09.642 | WARNING  | __main__:flag_hard_bound_outliers:122 -     OUTLIER → Soybeans | 2011-03-28 | ₦73,442/MT | Below hard floor 100,000
2026-04-11 15:39:09.642 | WARNING  | __main__:flag_hard_bound_outliers:122 -     OUTLIER → Soybeans | 2011-04-04 | ₦72,570/MT | Below hard floor 100,000
2026-04-11 15:39:09.643 | WARNING  | __main__:flag_hard_bound_outliers:122 -     OUTLIER → Soybeans | 2011-04-11 | ₦76,323/MT | Below hard floor 100,000
2026-04-11 15:39:09.644 | WARNING  | __main__:flag_hard_bound_outliers:122 -     OUTLIER → Soybeans | 2011-04-18 | ₦72,556/MT | Below hard floor 100,000
2026-04-11 15:39:09.644 | WARNING  | __main__:flag_hard_bound_outliers:122 -     OUTLIER → Soybeans | 2011-04-25 | ₦74,628/MT | Below hard floor 100,000
2026-04-11 15:39:09.646 | WARNING  | __main__:flag_hard_bound_outliers:122 -     OUTLIER → Soybeans | 2011-05-02 | ₦73,401/MT | Below hard floor 100,000
2026-04-11 15:39:09.646 | WARNING  | __main__:flag_hard_bound_outliers:122 -     OUTLIER → Soybeans | 2011-05-09 | ₦75,538/MT | Below hard floor 100,000
2026-04-11 15:39:09.646 | WARNING  | __main__:flag_hard_bound_outliers:122 -     OUTLIER → Soybeans | 2011-05-16 | ₦75,214/MT | Below hard floor 100,000
2026-04-11 15:39:09.646 | WARNING  | __main__:flag_hard_bound_outliers:122 -     OUTLIER → Soybeans | 2011-05-23 | ₦76,786/MT | Below hard floor 100,000
2026-04-11 15:39:09.646 | WARNING  | __main__:flag_hard_bound_outliers:122 -     OUTLIER → Soybeans | 2011-05-30 | ₦73,329/MT | Below hard floor 100,000
2026-04-11 15:39:09.646 | WARNING  | __main__:flag_hard_bound_outliers:122 -     OUTLIER → Soybeans | 2011-06-06 | ₦73,865/MT | Below hard floor 100,000
2026-04-11 15:39:09.646 | WARNING  | __main__:flag_hard_bound_outliers:122 -     OUTLIER → Soybeans | 2011-06-13 | ₦72,282/MT | Below hard floor 100,000
2026-04-11 15:39:09.646 | WARNING  | __main__:flag_hard_bound_outliers:122 -     OUTLIER → Soybeans | 2011-06-20 | ₦73,476/MT | Below hard floor 100,000
2026-04-11 15:39:09.652 | WARNING  | __main__:flag_hard_bound_outliers:122 -     OUTLIER → Soybeans | 2011-06-27 | ₦75,311/MT | Below hard floor 100,000
2026-04-11 15:39:09.654 | WARNING  | __main__:flag_hard_bound_outliers:122 -     OUTLIER → Soybeans | 2011-07-04 | ₦76,159/MT | Below hard floor 100,000
2026-04-11 15:39:09.654 | WARNING  | __main__:flag_hard_bound_outliers:122 -     OUTLIER → Soybeans | 2011-07-11 | ₦72,408/MT | Below hard floor 100,000
2026-04-11 15:39:09.656 | WARNING  | __main__:flag_hard_bound_outliers:122 -     OUTLIER → Soybeans | 2011-07-18 | ₦76,411/MT | Below hard floor 100,000
2026-04-11 15:39:09.657 | WARNING  | __main__:flag_hard_bound_outliers:122 -     OUTLIER → Soybeans | 2011-07-25 | ₦77,497/MT | Below hard floor 100,000
2026-04-11 15:39:09.659 | WARNING  | __main__:flag_hard_bound_outliers:122 -     OUTLIER → Soybeans | 2011-08-01 | ₦75,392/MT | Below hard floor 100,000
2026-04-11 15:39:09.660 | WARNING  | __main__:flag_hard_bound_outliers:122 -     OUTLIER → Soybeans | 2011-08-08 | ₦78,661/MT | Below hard floor 100,000
2026-04-11 15:39:09.661 | WARNING  | __main__:flag_hard_bound_outliers:122 -     OUTLIER → Soybeans | 2011-08-15 | ₦72,740/MT | Below hard floor 100,000
2026-04-11 15:39:09.662 | WARNING  | __main__:flag_hard_bound_outliers:122 -     OUTLIER → Soybeans | 2011-08-22 | ₦71,688/MT | Below hard floor 100,000
2026-04-11 15:39:09.662 | WARNING  | __main__:flag_hard_bound_outliers:122 -     OUTLIER → Soybeans | 2011-08-29 | ₦70,494/MT | Below hard floor 100,000
2026-04-11 15:39:09.664 | WARNING  | __main__:flag_hard_bound_outliers:122 -     OUTLIER → Soybeans | 2011-09-05 | ₦77,810/MT | Below hard floor 100,000
2026-04-11 15:39:09.665 | WARNING  | __main__:flag_hard_bound_outliers:122 -     OUTLIER → Soybeans | 2011-09-12 | ₦75,930/MT | Below hard floor 100,000
2026-04-11 15:39:09.666 | WARNING  | __main__:flag_hard_bound_outliers:122 -     OUTLIER → Soybeans | 2011-09-19 | ₦74,344/MT | Below hard floor 100,000
2026-04-11 15:39:09.667 | WARNING  | __main__:flag_hard_bound_outliers:122 -     OUTLIER → Soybeans | 2011-09-26 | ₦75,094/MT | Below hard floor 100,000
2026-04-11 15:39:09.668 | WARNING  | __main__:flag_hard_bound_outliers:122 -     OUTLIER → Soybeans | 2011-10-03 | ₦71,954/MT | Below hard floor 100,000
2026-04-11 15:39:09.668 | WARNING  | __main__:flag_hard_bound_outliers:122 -     OUTLIER → Soybeans | 2011-10-10 | ₦79,932/MT | Below hard floor 100,000
2026-04-11 15:39:09.671 | WARNING  | __main__:flag_hard_bound_outliers:122 -     OUTLIER → Soybeans | 2011-10-17 | ₦74,757/MT | Below hard floor 100,000
2026-04-11 15:39:09.672 | WARNING  | __main__:flag_hard_bound_outliers:122 -     OUTLIER → Soybeans | 2011-10-24 | ₦74,713/MT | Below hard floor 100,000
2026-04-11 15:39:09.672 | WARNING  | __main__:flag_hard_bound_outliers:122 -     OUTLIER → Soybeans | 2011-10-31 | ₦76,090/MT | Below hard floor 100,000
2026-04-11 15:39:09.676 | WARNING  | __main__:flag_hard_bound_outliers:122 -     OUTLIER → Soybeans | 2011-11-07 | ₦75,543/MT | Below hard floor 100,000
2026-04-11 15:39:09.677 | WARNING  | __main__:flag_hard_bound_outliers:122 -     OUTLIER → Soybeans | 2011-11-14 | ₦74,968/MT | Below hard floor 100,000
2026-04-11 15:39:09.678 | WARNING  | __main__:flag_hard_bound_outliers:122 -     OUTLIER → Soybeans | 2011-11-21 | ₦72,702/MT | Below hard floor 100,000
2026-04-11 15:39:09.679 | WARNING  | __main__:flag_hard_bound_outliers:122 -     OUTLIER → Soybeans | 2011-11-28 | ₦75,522/MT | Below hard floor 100,000
2026-04-11 15:39:09.679 | WARNING  | __main__:flag_hard_bound_outliers:122 -     OUTLIER → Soybeans | 2011-12-05 | ₦78,673/MT | Below hard floor 100,000
2026-04-11 15:39:09.680 | WARNING  | __main__:flag_hard_bound_outliers:122 -     OUTLIER → Soybeans | 2011-12-12 | ₦77,474/MT | Below hard floor 100,000
2026-04-11 15:39:09.680 | WARNING  | __main__:flag_hard_bound_outliers:122 -     OUTLIER → Soybeans | 2011-12-19 | ₦78,027/MT | Below hard floor 100,000
2026-04-11 15:39:09.680 | WARNING  | __main__:flag_hard_bound_outliers:122 -     OUTLIER → Soybeans | 2011-12-26 | ₦73,326/MT | Below hard floor 100,000
2026-04-11 15:39:09.683 | WARNING  | __main__:flag_hard_bound_outliers:122 -     OUTLIER → Soybeans | 2012-01-02 | ₦82,067/MT | Below hard floor 100,000
2026-04-11 15:39:09.683 | WARNING  | __main__:flag_hard_bound_outliers:122 -     OUTLIER → Soybeans | 2012-01-09 | ₦84,258/MT | Below hard floor 100,000
2026-04-11 15:39:09.685 | WARNING  | __main__:flag_hard_bound_outliers:122 -     OUTLIER → Soybeans | 2012-01-16 | ₦84,719/MT | Below hard floor 100,000
2026-04-11 15:39:09.686 | WARNING  | __main__:flag_hard_bound_outliers:122 -     OUTLIER → Soybeans | 2012-01-23 | ₦87,354/MT | Below hard floor 100,000
2026-04-11 15:39:09.689 | WARNING  | __main__:flag_hard_bound_outliers:122 -     OUTLIER → Soybeans | 2012-01-30 | ₦80,283/MT | Below hard floor 100,000
2026-04-11 15:39:09.689 | WARNING  | __main__:flag_hard_bound_outliers:122 -     OUTLIER → Soybeans | 2012-02-06 | ₦88,458/MT | Below hard floor 100,000
2026-04-11 15:39:09.691 | WARNING  | __main__:flag_hard_bound_outliers:122 -     OUTLIER → Soybeans | 2012-02-13 | ₦84,177/MT | Below hard floor 100,000
2026-04-11 15:39:09.692 | WARNING  | __main__:flag_hard_bound_outliers:122 -     OUTLIER → Soybeans | 2012-02-20 | ₦83,494/MT | Below hard floor 100,000
2026-04-11 15:39:09.693 | WARNING  | __main__:flag_hard_bound_outliers:122 -     OUTLIER → Soybeans | 2012-02-27 | ₦82,009/MT | Below hard floor 100,000
2026-04-11 15:39:09.694 | WARNING  | __main__:flag_hard_bound_outliers:122 -     OUTLIER → Soybeans | 2012-03-05 | ₦80,379/MT | Below hard floor 100,000
2026-04-11 15:39:09.695 | WARNING  | __main__:flag_hard_bound_outliers:122 -     OUTLIER → Soybeans | 2012-03-12 | ₦86,666/MT | Below hard floor 100,000
2026-04-11 15:39:09.696 | WARNING  | __main__:flag_hard_bound_outliers:122 -     OUTLIER → Soybeans | 2012-03-19 | ₦84,764/MT | Below hard floor 100,000
2026-04-11 15:39:09.696 | WARNING  | __main__:flag_hard_bound_outliers:122 -     OUTLIER → Soybeans | 2012-03-26 | ₦81,304/MT | Below hard floor 100,000
2026-04-11 15:39:09.697 | WARNING  | __main__:flag_hard_bound_outliers:122 -     OUTLIER → Soybeans | 2012-04-02 | ₦81,291/MT | Below hard floor 100,000
2026-04-11 15:39:09.697 | WARNING  | __main__:flag_hard_bound_outliers:122 -     OUTLIER → Soybeans | 2012-04-09 | ₦83,726/MT | Below hard floor 100,000
2026-04-11 15:39:09.697 | WARNING  | __main__:flag_hard_bound_outliers:122 -     OUTLIER → Soybeans | 2012-04-16 | ₦88,812/MT | Below hard floor 100,000
2026-04-11 15:39:09.697 | WARNING  | __main__:flag_hard_bound_outliers:122 -     OUTLIER → Soybeans | 2012-04-23 | ₦83,919/MT | Below hard floor 100,000
2026-04-11 15:39:09.700 | WARNING  | __main__:flag_hard_bound_outliers:122 -     OUTLIER → Soybeans | 2012-04-30 | ₦80,764/MT | Below hard floor 100,000
2026-04-11 15:39:09.701 | WARNING  | __main__:flag_hard_bound_outliers:122 -     OUTLIER → Soybeans | 2012-05-07 | ₦83,954/MT | Below hard floor 100,000
2026-04-11 15:39:09.701 | WARNING  | __main__:flag_hard_bound_outliers:122 -     OUTLIER → Soybeans | 2012-05-14 | ₦83,886/MT | Below hard floor 100,000
2026-04-11 15:39:09.703 | WARNING  | __main__:flag_hard_bound_outliers:122 -     OUTLIER → Soybeans | 2012-05-21 | ₦77,735/MT | Below hard floor 100,000
2026-04-11 15:39:09.703 | WARNING  | __main__:flag_hard_bound_outliers:122 -     OUTLIER → Soybeans | 2012-05-28 | ₦84,440/MT | Below hard floor 100,000
2026-04-11 15:39:09.703 | WARNING  | __main__:flag_hard_bound_outliers:122 -     OUTLIER → Soybeans | 2012-06-04 | ₦83,992/MT | Below hard floor 100,000
2026-04-11 15:39:09.703 | WARNING  | __main__:flag_hard_bound_outliers:122 -     OUTLIER → Soybeans | 2012-06-11 | ₦86,344/MT | Below hard floor 100,000
2026-04-11 15:39:09.709 | WARNING  | __main__:flag_hard_bound_outliers:122 -     OUTLIER → Soybeans | 2012-06-18 | ₦89,269/MT | Below hard floor 100,000
2026-04-11 15:39:09.709 | WARNING  | __main__:flag_hard_bound_outliers:122 -     OUTLIER → Soybeans | 2012-06-25 | ₦87,436/MT | Below hard floor 100,000
2026-04-11 15:39:09.711 | WARNING  | __main__:flag_hard_bound_outliers:122 -     OUTLIER → Soybeans | 2012-07-02 | ₦83,895/MT | Below hard floor 100,000
2026-04-11 15:39:09.711 | WARNING  | __main__:flag_hard_bound_outliers:122 -     OUTLIER → Soybeans | 2012-07-09 | ₦81,770/MT | Below hard floor 100,000
2026-04-11 15:39:09.712 | WARNING  | __main__:flag_hard_bound_outliers:122 -     OUTLIER → Soybeans | 2012-07-16 | ₦91,107/MT | Below hard floor 100,000
2026-04-11 15:39:09.712 | WARNING  | __main__:flag_hard_bound_outliers:122 -     OUTLIER → Soybeans | 2012-07-23 | ₦84,728/MT | Below hard floor 100,000
2026-04-11 15:39:09.713 | WARNING  | __main__:flag_hard_bound_outliers:122 -     OUTLIER → Soybeans | 2012-07-30 | ₦84,613/MT | Below hard floor 100,000
2026-04-11 15:39:09.714 | WARNING  | __main__:flag_hard_bound_outliers:122 -     OUTLIER → Soybeans | 2012-08-06 | ₦84,516/MT | Below hard floor 100,000
2026-04-11 15:39:09.714 | WARNING  | __main__:flag_hard_bound_outliers:122 -     OUTLIER → Soybeans | 2012-08-13 | ₦85,080/MT | Below hard floor 100,000
2026-04-11 15:39:09.716 | WARNING  | __main__:flag_hard_bound_outliers:122 -     OUTLIER → Soybeans | 2012-08-20 | ₦84,211/MT | Below hard floor 100,000
2026-04-11 15:39:09.716 | WARNING  | __main__:flag_hard_bound_outliers:122 -     OUTLIER → Soybeans | 2012-08-27 | ₦83,122/MT | Below hard floor 100,000
2026-04-11 15:39:09.717 | WARNING  | __main__:flag_hard_bound_outliers:122 -     OUTLIER → Soybeans | 2012-09-03 | ₦83,190/MT | Below hard floor 100,000
2026-04-11 15:39:09.718 | WARNING  | __main__:flag_hard_bound_outliers:122 -     OUTLIER → Soybeans | 2012-09-10 | ₦84,494/MT | Below hard floor 100,000
2026-04-11 15:39:09.719 | WARNING  | __main__:flag_hard_bound_outliers:122 -     OUTLIER → Soybeans | 2012-09-17 | ₦83,199/MT | Below hard floor 100,000
2026-04-11 15:39:09.720 | WARNING  | __main__:flag_hard_bound_outliers:122 -     OUTLIER → Soybeans | 2012-09-24 | ₦82,769/MT | Below hard floor 100,000
2026-04-11 15:39:09.720 | WARNING  | __main__:flag_hard_bound_outliers:122 -     OUTLIER → Soybeans | 2012-10-01 | ₦84,848/MT | Below hard floor 100,000
2026-04-11 15:39:09.720 | WARNING  | __main__:flag_hard_bound_outliers:122 -     OUTLIER → Soybeans | 2012-10-08 | ₦83,931/MT | Below hard floor 100,000
2026-04-11 15:39:09.720 | WARNING  | __main__:flag_hard_bound_outliers:122 -     OUTLIER → Soybeans | 2012-10-15 | ₦88,394/MT | Below hard floor 100,000
2026-04-11 15:39:09.726 | WARNING  | __main__:flag_hard_bound_outliers:122 -     OUTLIER → Soybeans | 2012-10-22 | ₦77,851/MT | Below hard floor 100,000
2026-04-11 15:39:09.726 | WARNING  | __main__:flag_hard_bound_outliers:122 -     OUTLIER → Soybeans | 2012-10-29 | ₦87,347/MT | Below hard floor 100,000
2026-04-11 15:39:09.727 | WARNING  | __main__:flag_hard_bound_outliers:122 -     OUTLIER → Soybeans | 2012-11-05 | ₦87,739/MT | Below hard floor 100,000
2026-04-11 15:39:09.728 | WARNING  | __main__:flag_hard_bound_outliers:122 -     OUTLIER → Soybeans | 2012-11-12 | ₦79,317/MT | Below hard floor 100,000
2026-04-11 15:39:09.729 | WARNING  | __main__:flag_hard_bound_outliers:122 -     OUTLIER → Soybeans | 2012-11-19 | ₦83,708/MT | Below hard floor 100,000
2026-04-11 15:39:09.730 | WARNING  | __main__:flag_hard_bound_outliers:122 -     OUTLIER → Soybeans | 2012-11-26 | ₦83,635/MT | Below hard floor 100,000
2026-04-11 15:39:09.730 | WARNING  | __main__:flag_hard_bound_outliers:122 -     OUTLIER → Soybeans | 2012-12-03 | ₦81,006/MT | Below hard floor 100,000
2026-04-11 15:39:09.731 | WARNING  | __main__:flag_hard_bound_outliers:122 -     OUTLIER → Soybeans | 2012-12-10 | ₦82,604/MT | Below hard floor 100,000
2026-04-11 15:39:09.731 | WARNING  | __main__:flag_hard_bound_outliers:122 -     OUTLIER → Soybeans | 2012-12-17 | ₦81,760/MT | Below hard floor 100,000
2026-04-11 15:39:09.731 | WARNING  | __main__:flag_hard_bound_outliers:122 -     OUTLIER → Soybeans | 2012-12-24 | ₦89,024/MT | Below hard floor 100,000
2026-04-11 15:39:09.731 | WARNING  | __main__:flag_hard_bound_outliers:122 -     OUTLIER → Soybeans | 2012-12-31 | ₦86,952/MT | Below hard floor 100,000
2026-04-11 15:39:09.734 | WARNING  | __main__:flag_hard_bound_outliers:122 -     OUTLIER → Soybeans | 2013-01-07 | ₦84,432/MT | Below hard floor 100,000
2026-04-11 15:39:09.734 | WARNING  | __main__:flag_hard_bound_outliers:122 -     OUTLIER → Soybeans | 2013-01-14 | ₦83,090/MT | Below hard floor 100,000
2026-04-11 15:39:09.736 | WARNING  | __main__:flag_hard_bound_outliers:122 -     OUTLIER → Soybeans | 2013-01-21 | ₦78,575/MT | Below hard floor 100,000
2026-04-11 15:39:09.736 | WARNING  | __main__:flag_hard_bound_outliers:122 -     OUTLIER → Soybeans | 2013-01-28 | ₦80,050/MT | Below hard floor 100,000
2026-04-11 15:39:09.739 | WARNING  | __main__:flag_hard_bound_outliers:122 -     OUTLIER → Soybeans | 2013-02-04 | ₦82,523/MT | Below hard floor 100,000
2026-04-11 15:39:09.739 | WARNING  | __main__:flag_hard_bound_outliers:122 -     OUTLIER → Soybeans | 2013-02-11 | ₦78,347/MT | Below hard floor 100,000
2026-04-11 15:39:09.739 | WARNING  | __main__:flag_hard_bound_outliers:122 -     OUTLIER → Soybeans | 2013-02-18 | ₦83,069/MT | Below hard floor 100,000
2026-04-11 15:39:09.743 | WARNING  | __main__:flag_hard_bound_outliers:122 -     OUTLIER → Soybeans | 2013-02-25 | ₦80,743/MT | Below hard floor 100,000
2026-04-11 15:39:09.743 | WARNING  | __main__:flag_hard_bound_outliers:122 -     OUTLIER → Soybeans | 2013-03-04 | ₦80,415/MT | Below hard floor 100,000
2026-04-11 15:39:09.744 | WARNING  | __main__:flag_hard_bound_outliers:122 -     OUTLIER → Soybeans | 2013-03-11 | ₦83,064/MT | Below hard floor 100,000
2026-04-11 15:39:09.745 | WARNING  | __main__:flag_hard_bound_outliers:122 -     OUTLIER → Soybeans | 2013-03-18 | ₦82,413/MT | Below hard floor 100,000
2026-04-11 15:39:09.746 | WARNING  | __main__:flag_hard_bound_outliers:122 -     OUTLIER → Soybeans | 2013-03-25 | ₦80,449/MT | Below hard floor 100,000
2026-04-11 15:39:09.746 | WARNING  | __main__:flag_hard_bound_outliers:122 -     OUTLIER → Soybeans | 2013-04-01 | ₦84,158/MT | Below hard floor 100,000
2026-04-11 15:39:09.746 | WARNING  | __main__:flag_hard_bound_outliers:122 -     OUTLIER → Soybeans | 2013-04-08 | ₦78,692/MT | Below hard floor 100,000
2026-04-11 15:39:09.746 | WARNING  | __main__:flag_hard_bound_outliers:122 -     OUTLIER → Soybeans | 2013-04-15 | ₦82,832/MT | Below hard floor 100,000
2026-04-11 15:39:09.746 | WARNING  | __main__:flag_hard_bound_outliers:122 -     OUTLIER → Soybeans | 2013-04-22 | ₦82,776/MT | Below hard floor 100,000
2026-04-11 15:39:09.746 | WARNING  | __main__:flag_hard_bound_outliers:122 -     OUTLIER → Soybeans | 2013-04-29 | ₦80,574/MT | Below hard floor 100,000
2026-04-11 15:39:09.746 | WARNING  | __main__:flag_hard_bound_outliers:122 -     OUTLIER → Soybeans | 2013-05-06 | ₦82,125/MT | Below hard floor 100,000
2026-04-11 15:39:09.752 | WARNING  | __main__:flag_hard_bound_outliers:122 -     OUTLIER → Soybeans | 2013-05-13 | ₦78,277/MT | Below hard floor 100,000
2026-04-11 15:39:09.753 | WARNING  | __main__:flag_hard_bound_outliers:122 -     OUTLIER → Soybeans | 2013-05-20 | ₦83,584/MT | Below hard floor 100,000
2026-04-11 15:39:09.753 | WARNING  | __main__:flag_hard_bound_outliers:122 -     OUTLIER → Soybeans | 2013-05-27 | ₦80,878/MT | Below hard floor 100,000
2026-04-11 15:39:09.753 | WARNING  | __main__:flag_hard_bound_outliers:122 -     OUTLIER → Soybeans | 2013-06-03 | ₦80,054/MT | Below hard floor 100,000
2026-04-11 15:39:09.757 | WARNING  | __main__:flag_hard_bound_outliers:122 -     OUTLIER → Soybeans | 2013-06-10 | ₦83,889/MT | Below hard floor 100,000
2026-04-11 15:39:09.759 | WARNING  | __main__:flag_hard_bound_outliers:122 -     OUTLIER → Soybeans | 2013-06-17 | ₦79,611/MT | Below hard floor 100,000
2026-04-11 15:39:09.759 | WARNING  | __main__:flag_hard_bound_outliers:122 -     OUTLIER → Soybeans | 2013-06-24 | ₦77,893/MT | Below hard floor 100,000
2026-04-11 15:39:09.760 | WARNING  | __main__:flag_hard_bound_outliers:122 -     OUTLIER → Soybeans | 2013-07-01 | ₦77,531/MT | Below hard floor 100,000
2026-04-11 15:39:09.760 | WARNING  | __main__:flag_hard_bound_outliers:122 -     OUTLIER → Soybeans | 2013-07-08 | ₦82,808/MT | Below hard floor 100,000
2026-04-11 15:39:09.761 | WARNING  | __main__:flag_hard_bound_outliers:122 -     OUTLIER → Soybeans | 2013-07-15 | ₦78,205/MT | Below hard floor 100,000
2026-04-11 15:39:09.762 | WARNING  | __main__:flag_hard_bound_outliers:122 -     OUTLIER → Soybeans | 2013-07-22 | ₦85,611/MT | Below hard floor 100,000
2026-04-11 15:39:09.763 | WARNING  | __main__:flag_hard_bound_outliers:122 -     OUTLIER → Soybeans | 2013-07-29 | ₦76,250/MT | Below hard floor 100,000
2026-04-11 15:39:09.764 | WARNING  | __main__:flag_hard_bound_outliers:122 -     OUTLIER → Soybeans | 2013-08-05 | ₦85,468/MT | Below hard floor 100,000
2026-04-11 15:39:09.764 | WARNING  | __main__:flag_hard_bound_outliers:122 -     OUTLIER → Soybeans | 2013-08-12 | ₦81,844/MT | Below hard floor 100,000
2026-04-11 15:39:09.764 | WARNING  | __main__:flag_hard_bound_outliers:122 -     OUTLIER → Soybeans | 2013-08-19 | ₦81,093/MT | Below hard floor 100,000
2026-04-11 15:39:09.764 | WARNING  | __main__:flag_hard_bound_outliers:122 -     OUTLIER → Soybeans | 2013-08-26 | ₦80,000/MT | Below hard floor 100,000
2026-04-11 15:39:09.764 | WARNING  | __main__:flag_hard_bound_outliers:122 -     OUTLIER → Soybeans | 2013-09-02 | ₦82,303/MT | Below hard floor 100,000
2026-04-11 15:39:09.764 | WARNING  | __main__:flag_hard_bound_outliers:122 -     OUTLIER → Soybeans | 2013-09-09 | ₦81,237/MT | Below hard floor 100,000
2026-04-11 15:39:09.769 | WARNING  | __main__:flag_hard_bound_outliers:122 -     OUTLIER → Soybeans | 2013-09-16 | ₦84,021/MT | Below hard floor 100,000
2026-04-11 15:39:09.770 | WARNING  | __main__:flag_hard_bound_outliers:122 -     OUTLIER → Soybeans | 2013-09-23 | ₦81,608/MT | Below hard floor 100,000
2026-04-11 15:39:09.770 | WARNING  | __main__:flag_hard_bound_outliers:122 -     OUTLIER → Soybeans | 2013-09-30 | ₦81,696/MT | Below hard floor 100,000
2026-04-11 15:39:09.774 | WARNING  | __main__:flag_hard_bound_outliers:122 -     OUTLIER → Soybeans | 2013-10-07 | ₦80,442/MT | Below hard floor 100,000
2026-04-11 15:39:09.774 | WARNING  | __main__:flag_hard_bound_outliers:122 -     OUTLIER → Soybeans | 2013-10-14 | ₦81,190/MT | Below hard floor 100,000
2026-04-11 15:39:09.775 | WARNING  | __main__:flag_hard_bound_outliers:122 -     OUTLIER → Soybeans | 2013-10-21 | ₦82,080/MT | Below hard floor 100,000
2026-04-11 15:39:09.776 | WARNING  | __main__:flag_hard_bound_outliers:122 -     OUTLIER → Soybeans | 2013-10-28 | ₦77,157/MT | Below hard floor 100,000
2026-04-11 15:39:09.777 | WARNING  | __main__:flag_hard_bound_outliers:122 -     OUTLIER → Soybeans | 2013-11-04 | ₦78,040/MT | Below hard floor 100,000
2026-04-11 15:39:09.778 | WARNING  | __main__:flag_hard_bound_outliers:122 -     OUTLIER → Soybeans | 2013-11-11 | ₦83,143/MT | Below hard floor 100,000
2026-04-11 15:39:09.779 | WARNING  | __main__:flag_hard_bound_outliers:122 -     OUTLIER → Soybeans | 2013-11-18 | ₦81,746/MT | Below hard floor 100,000
2026-04-11 15:39:09.779 | WARNING  | __main__:flag_hard_bound_outliers:122 -     OUTLIER → Soybeans | 2013-11-25 | ₦80,880/MT | Below hard floor 100,000
2026-04-11 15:39:09.781 | WARNING  | __main__:flag_hard_bound_outliers:122 -     OUTLIER → Soybeans | 2013-12-02 | ₦81,374/MT | Below hard floor 100,000
2026-04-11 15:39:09.782 | WARNING  | __main__:flag_hard_bound_outliers:122 -     OUTLIER → Soybeans | 2013-12-09 | ₦82,177/MT | Below hard floor 100,000
2026-04-11 15:39:09.783 | WARNING  | __main__:flag_hard_bound_outliers:122 -     OUTLIER → Soybeans | 2013-12-16 | ₦80,012/MT | Below hard floor 100,000
2026-04-11 15:39:09.783 | WARNING  | __main__:flag_hard_bound_outliers:122 -     OUTLIER → Soybeans | 2013-12-23 | ₦79,430/MT | Below hard floor 100,000
2026-04-11 15:39:09.784 | WARNING  | __main__:flag_hard_bound_outliers:122 -     OUTLIER → Soybeans | 2013-12-30 | ₦81,807/MT | Below hard floor 100,000
2026-04-11 15:39:09.785 | WARNING  | __main__:flag_hard_bound_outliers:122 -     OUTLIER → Soybeans | 2014-01-06 | ₦69,715/MT | Below hard floor 100,000
2026-04-11 15:39:09.786 | WARNING  | __main__:flag_hard_bound_outliers:122 -     OUTLIER → Soybeans | 2014-01-13 | ₦72,703/MT | Below hard floor 100,000
2026-04-11 15:39:09.787 | WARNING  | __main__:flag_hard_bound_outliers:122 -     OUTLIER → Soybeans | 2014-01-20 | ₦68,155/MT | Below hard floor 100,000
2026-04-11 15:39:09.787 | WARNING  | __main__:flag_hard_bound_outliers:122 -     OUTLIER → Soybeans | 2014-01-27 | ₦74,041/MT | Below hard floor 100,000
2026-04-11 15:39:09.787 | WARNING  | __main__:flag_hard_bound_outliers:122 -     OUTLIER → Soybeans | 2014-02-03 | ₦72,841/MT | Below hard floor 100,000
2026-04-11 15:39:09.792 | WARNING  | __main__:flag_hard_bound_outliers:122 -     OUTLIER → Soybeans | 2014-02-10 | ₦72,375/MT | Below hard floor 100,000
2026-04-11 15:39:09.792 | WARNING  | __main__:flag_hard_bound_outliers:122 -     OUTLIER → Soybeans | 2014-02-17 | ₦73,941/MT | Below hard floor 100,000
2026-04-11 15:39:09.793 | WARNING  | __main__:flag_hard_bound_outliers:122 -     OUTLIER → Soybeans | 2014-02-24 | ₦75,412/MT | Below hard floor 100,000
2026-04-11 15:39:09.794 | WARNING  | __main__:flag_hard_bound_outliers:122 -     OUTLIER → Soybeans | 2014-03-03 | ₦74,009/MT | Below hard floor 100,000
2026-04-11 15:39:09.795 | WARNING  | __main__:flag_hard_bound_outliers:122 -     OUTLIER → Soybeans | 2014-03-10 | ₦67,857/MT | Below hard floor 100,000
2026-04-11 15:39:09.795 | WARNING  | __main__:flag_hard_bound_outliers:122 -     OUTLIER → Soybeans | 2014-03-17 | ₦69,066/MT | Below hard floor 100,000
2026-04-11 15:39:09.796 | WARNING  | __main__:flag_hard_bound_outliers:122 -     OUTLIER → Soybeans | 2014-03-24 | ₦70,477/MT | Below hard floor 100,000
2026-04-11 15:39:09.796 | WARNING  | __main__:flag_hard_bound_outliers:122 -     OUTLIER → Soybeans | 2014-03-31 | ₦71,879/MT | Below hard floor 100,000
2026-04-11 15:39:09.796 | WARNING  | __main__:flag_hard_bound_outliers:122 -     OUTLIER → Soybeans | 2014-04-07 | ₦72,939/MT | Below hard floor 100,000
2026-04-11 15:39:09.799 | WARNING  | __main__:flag_hard_bound_outliers:122 -     OUTLIER → Soybeans | 2014-04-14 | ₦70,259/MT | Below hard floor 100,000
2026-04-11 15:39:09.800 | WARNING  | __main__:flag_hard_bound_outliers:122 -     OUTLIER → Soybeans | 2014-04-21 | ₦72,226/MT | Below hard floor 100,000
2026-04-11 15:39:09.800 | WARNING  | __main__:flag_hard_bound_outliers:122 -     OUTLIER → Soybeans | 2014-04-28 | ₦70,196/MT | Below hard floor 100,000
2026-04-11 15:39:09.801 | WARNING  | __main__:flag_hard_bound_outliers:122 -     OUTLIER → Soybeans | 2014-05-05 | ₦70,506/MT | Below hard floor 100,000
2026-04-11 15:39:09.802 | WARNING  | __main__:flag_hard_bound_outliers:122 -     OUTLIER → Soybeans | 2014-05-12 | ₦68,792/MT | Below hard floor 100,000
2026-04-11 15:39:09.803 | WARNING  | __main__:flag_hard_bound_outliers:122 -     OUTLIER → Soybeans | 2014-05-19 | ₦69,834/MT | Below hard floor 100,000
2026-04-11 15:39:09.803 | WARNING  | __main__:flag_hard_bound_outliers:122 -     OUTLIER → Soybeans | 2014-05-26 | ₦68,911/MT | Below hard floor 100,000
2026-04-11 15:39:09.803 | WARNING  | __main__:flag_hard_bound_outliers:122 -     OUTLIER → Soybeans | 2014-06-02 | ₦69,720/MT | Below hard floor 100,000
2026-04-11 15:39:09.803 | WARNING  | __main__:flag_hard_bound_outliers:122 -     OUTLIER → Soybeans | 2014-06-09 | ₦74,093/MT | Below hard floor 100,000
2026-04-11 15:39:09.808 | WARNING  | __main__:flag_hard_bound_outliers:122 -     OUTLIER → Soybeans | 2014-06-16 | ₦69,777/MT | Below hard floor 100,000
2026-04-11 15:39:09.809 | WARNING  | __main__:flag_hard_bound_outliers:122 -     OUTLIER → Soybeans | 2014-06-23 | ₦77,495/MT | Below hard floor 100,000
2026-04-11 15:39:09.810 | WARNING  | __main__:flag_hard_bound_outliers:122 -     OUTLIER → Soybeans | 2014-06-30 | ₦72,886/MT | Below hard floor 100,000
2026-04-11 15:39:09.811 | WARNING  | __main__:flag_hard_bound_outliers:122 -     OUTLIER → Soybeans | 2014-07-07 | ₦72,221/MT | Below hard floor 100,000
2026-04-11 15:39:09.811 | WARNING  | __main__:flag_hard_bound_outliers:122 -     OUTLIER → Soybeans | 2014-07-14 | ₦69,974/MT | Below hard floor 100,000
2026-04-11 15:39:09.813 | WARNING  | __main__:flag_hard_bound_outliers:122 -     OUTLIER → Soybeans | 2014-07-21 | ₦73,332/MT | Below hard floor 100,000
2026-04-11 15:39:09.813 | WARNING  | __main__:flag_hard_bound_outliers:122 -     OUTLIER → Soybeans | 2014-07-28 | ₦70,583/MT | Below hard floor 100,000
2026-04-11 15:39:09.814 | WARNING  | __main__:flag_hard_bound_outliers:122 -     OUTLIER → Soybeans | 2014-08-04 | ₦72,086/MT | Below hard floor 100,000
2026-04-11 15:39:09.814 | WARNING  | __main__:flag_hard_bound_outliers:122 -     OUTLIER → Soybeans | 2014-08-11 | ₦77,339/MT | Below hard floor 100,000
2026-04-11 15:39:09.814 | WARNING  | __main__:flag_hard_bound_outliers:122 -     OUTLIER → Soybeans | 2014-08-18 | ₦71,616/MT | Below hard floor 100,000
2026-04-11 15:39:09.814 | WARNING  | __main__:flag_hard_bound_outliers:122 -     OUTLIER → Soybeans | 2014-08-25 | ₦74,299/MT | Below hard floor 100,000
2026-04-11 15:39:09.817 | WARNING  | __main__:flag_hard_bound_outliers:122 -     OUTLIER → Soybeans | 2014-09-01 | ₦70,308/MT | Below hard floor 100,000
2026-04-11 15:39:09.818 | WARNING  | __main__:flag_hard_bound_outliers:122 -     OUTLIER → Soybeans | 2014-09-08 | ₦71,748/MT | Below hard floor 100,000
2026-04-11 15:39:09.818 | WARNING  | __main__:flag_hard_bound_outliers:122 -     OUTLIER → Soybeans | 2014-09-15 | ₦75,639/MT | Below hard floor 100,000
2026-04-11 15:39:09.819 | WARNING  | __main__:flag_hard_bound_outliers:122 -     OUTLIER → Soybeans | 2014-09-22 | ₦70,472/MT | Below hard floor 100,000
2026-04-11 15:39:09.820 | WARNING  | __main__:flag_hard_bound_outliers:122 -     OUTLIER → Soybeans | 2014-09-29 | ₦75,728/MT | Below hard floor 100,000
2026-04-11 15:39:09.822 | WARNING  | __main__:flag_hard_bound_outliers:122 -     OUTLIER → Soybeans | 2014-10-06 | ₦73,348/MT | Below hard floor 100,000
2026-04-11 15:39:09.822 | WARNING  | __main__:flag_hard_bound_outliers:122 -     OUTLIER → Soybeans | 2014-10-13 | ₦70,611/MT | Below hard floor 100,000
2026-04-11 15:39:09.825 | WARNING  | __main__:flag_hard_bound_outliers:122 -     OUTLIER → Soybeans | 2014-10-20 | ₦73,186/MT | Below hard floor 100,000
2026-04-11 15:39:09.826 | WARNING  | __main__:flag_hard_bound_outliers:122 -     OUTLIER → Soybeans | 2014-10-27 | ₦73,919/MT | Below hard floor 100,000
2026-04-11 15:39:09.827 | WARNING  | __main__:flag_hard_bound_outliers:122 -     OUTLIER → Soybeans | 2014-11-03 | ₦73,163/MT | Below hard floor 100,000
2026-04-11 15:39:09.827 | WARNING  | __main__:flag_hard_bound_outliers:122 -     OUTLIER → Soybeans | 2014-11-10 | ₦68,440/MT | Below hard floor 100,000
2026-04-11 15:39:09.829 | WARNING  | __main__:flag_hard_bound_outliers:122 -     OUTLIER → Soybeans | 2014-11-17 | ₦70,256/MT | Below hard floor 100,000
2026-04-11 15:39:09.829 | WARNING  | __main__:flag_hard_bound_outliers:122 -     OUTLIER → Soybeans | 2014-11-24 | ₦71,290/MT | Below hard floor 100,000
2026-04-11 15:39:09.830 | WARNING  | __main__:flag_hard_bound_outliers:122 -     OUTLIER → Soybeans | 2014-12-01 | ₦71,663/MT | Below hard floor 100,000
2026-04-11 15:39:09.830 | WARNING  | __main__:flag_hard_bound_outliers:122 -     OUTLIER → Soybeans | 2014-12-08 | ₦73,161/MT | Below hard floor 100,000
2026-04-11 15:39:09.830 | WARNING  | __main__:flag_hard_bound_outliers:122 -     OUTLIER → Soybeans | 2014-12-15 | ₦72,206/MT | Below hard floor 100,000
2026-04-11 15:39:09.830 | WARNING  | __main__:flag_hard_bound_outliers:122 -     OUTLIER → Soybeans | 2014-12-22 | ₦68,946/MT | Below hard floor 100,000
2026-04-11 15:39:09.830 | WARNING  | __main__:flag_hard_bound_outliers:122 -     OUTLIER → Soybeans | 2014-12-29 | ₦72,642/MT | Below hard floor 100,000
2026-04-11 15:39:09.830 | WARNING  | __main__:flag_hard_bound_outliers:122 -     OUTLIER → Soybeans | 2015-01-05 | ₦68,690/MT | Below hard floor 100,000
2026-04-11 15:39:09.835 | WARNING  | __main__:flag_hard_bound_outliers:122 -     OUTLIER → Soybeans | 2015-01-12 | ₦68,588/MT | Below hard floor 100,000
2026-04-11 15:39:09.836 | WARNING  | __main__:flag_hard_bound_outliers:122 -     OUTLIER → Soybeans | 2015-01-19 | ₦69,642/MT | Below hard floor 100,000
2026-04-11 15:39:09.836 | WARNING  | __main__:flag_hard_bound_outliers:122 -     OUTLIER → Soybeans | 2015-01-26 | ₦69,142/MT | Below hard floor 100,000
2026-04-11 15:39:09.839 | WARNING  | __main__:flag_hard_bound_outliers:122 -     OUTLIER → Soybeans | 2015-02-02 | ₦68,384/MT | Below hard floor 100,000
2026-04-11 15:39:09.841 | WARNING  | __main__:flag_hard_bound_outliers:122 -     OUTLIER → Soybeans | 2015-02-09 | ₦67,313/MT | Below hard floor 100,000
2026-04-11 15:39:09.842 | WARNING  | __main__:flag_hard_bound_outliers:122 -     OUTLIER → Soybeans | 2015-02-16 | ₦64,094/MT | Below hard floor 100,000
2026-04-11 15:39:09.843 | WARNING  | __main__:flag_hard_bound_outliers:122 -     OUTLIER → Soybeans | 2015-02-23 | ₦68,324/MT | Below hard floor 100,000
2026-04-11 15:39:09.844 | WARNING  | __main__:flag_hard_bound_outliers:122 -     OUTLIER → Soybeans | 2015-03-02 | ₦67,875/MT | Below hard floor 100,000
2026-04-11 15:39:09.845 | WARNING  | __main__:flag_hard_bound_outliers:122 -     OUTLIER → Soybeans | 2015-03-09 | ₦68,004/MT | Below hard floor 100,000
2026-04-11 15:39:09.845 | WARNING  | __main__:flag_hard_bound_outliers:122 -     OUTLIER → Soybeans | 2015-03-16 | ₦64,871/MT | Below hard floor 100,000
2026-04-11 15:39:09.846 | WARNING  | __main__:flag_hard_bound_outliers:122 -     OUTLIER → Soybeans | 2015-03-23 | ₦65,267/MT | Below hard floor 100,000
2026-04-11 15:39:09.847 | WARNING  | __main__:flag_hard_bound_outliers:122 -     OUTLIER → Soybeans | 2015-03-30 | ₦69,586/MT | Below hard floor 100,000
2026-04-11 15:39:09.848 | WARNING  | __main__:flag_hard_bound_outliers:122 -     OUTLIER → Soybeans | 2015-04-06 | ₦67,375/MT | Below hard floor 100,000
2026-04-11 15:39:09.848 | WARNING  | __main__:flag_hard_bound_outliers:122 -     OUTLIER → Soybeans | 2015-04-13 | ₦68,834/MT | Below hard floor 100,000
2026-04-11 15:39:09.849 | WARNING  | __main__:flag_hard_bound_outliers:122 -     OUTLIER → Soybeans | 2015-04-20 | ₦67,512/MT | Below hard floor 100,000
2026-04-11 15:39:09.849 | WARNING  | __main__:flag_hard_bound_outliers:122 -     OUTLIER → Soybeans | 2015-04-27 | ₦67,515/MT | Below hard floor 100,000
2026-04-11 15:39:09.850 | WARNING  | __main__:flag_hard_bound_outliers:122 -     OUTLIER → Soybeans | 2015-05-04 | ₦69,353/MT | Below hard floor 100,000
2026-04-11 15:39:09.851 | WARNING  | __main__:flag_hard_bound_outliers:122 -     OUTLIER → Soybeans | 2015-05-11 | ₦66,410/MT | Below hard floor 100,000
2026-04-11 15:39:09.852 | WARNING  | __main__:flag_hard_bound_outliers:122 -     OUTLIER → Soybeans | 2015-05-18 | ₦67,649/MT | Below hard floor 100,000
2026-04-11 15:39:09.854 | WARNING  | __main__:flag_hard_bound_outliers:122 -     OUTLIER → Soybeans | 2015-05-25 | ₦66,519/MT | Below hard floor 100,000
2026-04-11 15:39:09.854 | WARNING  | __main__:flag_hard_bound_outliers:122 -     OUTLIER → Soybeans | 2015-06-01 | ₦66,575/MT | Below hard floor 100,000
2026-04-11 15:39:09.854 | WARNING  | __main__:flag_hard_bound_outliers:122 -     OUTLIER → Soybeans | 2015-06-08 | ₦66,829/MT | Below hard floor 100,000
2026-04-11 15:39:09.854 | WARNING  | __main__:flag_hard_bound_outliers:122 -     OUTLIER → Soybeans | 2015-06-15 | ₦67,904/MT | Below hard floor 100,000
2026-04-11 15:39:09.854 | WARNING  | __main__:flag_hard_bound_outliers:122 -     OUTLIER → Soybeans | 2015-06-22 | ₦66,486/MT | Below hard floor 100,000
2026-04-11 15:39:09.860 | WARNING  | __main__:flag_hard_bound_outliers:122 -     OUTLIER → Soybeans | 2015-06-29 | ₦69,996/MT | Below hard floor 100,000
2026-04-11 15:39:09.861 | WARNING  | __main__:flag_hard_bound_outliers:122 -     OUTLIER → Soybeans | 2015-07-06 | ₦65,644/MT | Below hard floor 100,000
2026-04-11 15:39:09.861 | WARNING  | __main__:flag_hard_bound_outliers:122 -     OUTLIER → Soybeans | 2015-07-13 | ₦67,077/MT | Below hard floor 100,000
2026-04-11 15:39:09.862 | WARNING  | __main__:flag_hard_bound_outliers:122 -     OUTLIER → Soybeans | 2015-07-20 | ₦66,565/MT | Below hard floor 100,000
2026-04-11 15:39:09.863 | WARNING  | __main__:flag_hard_bound_outliers:122 -     OUTLIER → Soybeans | 2015-07-27 | ₦70,383/MT | Below hard floor 100,000
2026-04-11 15:39:09.864 | WARNING  | __main__:flag_hard_bound_outliers:122 -     OUTLIER → Soybeans | 2015-08-03 | ₦67,852/MT | Below hard floor 100,000
2026-04-11 15:39:09.864 | WARNING  | __main__:flag_hard_bound_outliers:122 -     OUTLIER → Soybeans | 2015-08-10 | ₦69,543/MT | Below hard floor 100,000
2026-04-11 15:39:09.864 | WARNING  | __main__:flag_hard_bound_outliers:122 -     OUTLIER → Soybeans | 2015-08-17 | ₦64,448/MT | Below hard floor 100,000
2026-04-11 15:39:09.864 | WARNING  | __main__:flag_hard_bound_outliers:122 -     OUTLIER → Soybeans | 2015-08-24 | ₦67,995/MT | Below hard floor 100,000
2026-04-11 15:39:09.864 | WARNING  | __main__:flag_hard_bound_outliers:122 -     OUTLIER → Soybeans | 2015-08-31 | ₦69,255/MT | Below hard floor 100,000
2026-04-11 15:39:09.864 | WARNING  | __main__:flag_hard_bound_outliers:122 -     OUTLIER → Soybeans | 2015-09-07 | ₦67,621/MT | Below hard floor 100,000
2026-04-11 15:39:09.864 | WARNING  | __main__:flag_hard_bound_outliers:122 -     OUTLIER → Soybeans | 2015-09-14 | ₦69,611/MT | Below hard floor 100,000
2026-04-11 15:39:09.870 | WARNING  | __main__:flag_hard_bound_outliers:122 -     OUTLIER → Soybeans | 2015-09-21 | ₦66,408/MT | Below hard floor 100,000
2026-04-11 15:39:09.870 | WARNING  | __main__:flag_hard_bound_outliers:122 -     OUTLIER → Soybeans | 2015-09-28 | ₦70,307/MT | Below hard floor 100,000
2026-04-11 15:39:09.870 | WARNING  | __main__:flag_hard_bound_outliers:122 -     OUTLIER → Soybeans | 2015-10-05 | ₦72,107/MT | Below hard floor 100,000
2026-04-11 15:39:09.870 | WARNING  | __main__:flag_hard_bound_outliers:122 -     OUTLIER → Soybeans | 2015-10-12 | ₦66,720/MT | Below hard floor 100,000
2026-04-11 15:39:09.875 | WARNING  | __main__:flag_hard_bound_outliers:122 -     OUTLIER → Soybeans | 2015-10-19 | ₦66,553/MT | Below hard floor 100,000
2026-04-11 15:39:09.875 | WARNING  | __main__:flag_hard_bound_outliers:122 -     OUTLIER → Soybeans | 2015-10-26 | ₦70,396/MT | Below hard floor 100,000
2026-04-11 15:39:09.876 | WARNING  | __main__:flag_hard_bound_outliers:122 -     OUTLIER → Soybeans | 2015-11-02 | ₦70,651/MT | Below hard floor 100,000
2026-04-11 15:39:09.877 | WARNING  | __main__:flag_hard_bound_outliers:122 -     OUTLIER → Soybeans | 2015-11-09 | ₦66,397/MT | Below hard floor 100,000
2026-04-11 15:39:09.878 | WARNING  | __main__:flag_hard_bound_outliers:122 -     OUTLIER → Soybeans | 2015-11-16 | ₦66,604/MT | Below hard floor 100,000
2026-04-11 15:39:09.878 | WARNING  | __main__:flag_hard_bound_outliers:122 -     OUTLIER → Soybeans | 2015-11-23 | ₦66,884/MT | Below hard floor 100,000
2026-04-11 15:39:09.879 | WARNING  | __main__:flag_hard_bound_outliers:122 -     OUTLIER → Soybeans | 2015-11-30 | ₦64,734/MT | Below hard floor 100,000
2026-04-11 15:39:09.879 | WARNING  | __main__:flag_hard_bound_outliers:122 -     OUTLIER → Soybeans | 2015-12-07 | ₦65,596/MT | Below hard floor 100,000
2026-04-11 15:39:09.882 | WARNING  | __main__:flag_hard_bound_outliers:122 -     OUTLIER → Soybeans | 2015-12-14 | ₦65,423/MT | Below hard floor 100,000
2026-04-11 15:39:09.882 | WARNING  | __main__:flag_hard_bound_outliers:122 -     OUTLIER → Soybeans | 2015-12-21 | ₦65,901/MT | Below hard floor 100,000
2026-04-11 15:39:09.883 | WARNING  | __main__:flag_hard_bound_outliers:122 -     OUTLIER → Soybeans | 2015-12-28 | ₦67,385/MT | Below hard floor 100,000
2026-04-11 15:39:09.884 | WARNING  | __main__:flag_hard_bound_outliers:122 -     OUTLIER → Soybeans | 2016-01-04 | ₦72,143/MT | Below hard floor 100,000
2026-04-11 15:39:09.884 | WARNING  | __main__:flag_hard_bound_outliers:122 -     OUTLIER → Soybeans | 2016-01-11 | ₦74,972/MT | Below hard floor 100,000
2026-04-11 15:39:09.885 | WARNING  | __main__:flag_hard_bound_outliers:122 -     OUTLIER → Soybeans | 2016-01-18 | ₦69,494/MT | Below hard floor 100,000
2026-04-11 15:39:09.886 | WARNING  | __main__:flag_hard_bound_outliers:122 -     OUTLIER → Soybeans | 2016-01-25 | ₦73,756/MT | Below hard floor 100,000
2026-04-11 15:39:09.887 | WARNING  | __main__:flag_hard_bound_outliers:122 -     OUTLIER → Soybeans | 2016-02-01 | ₦71,180/MT | Below hard floor 100,000
2026-04-11 15:39:09.887 | WARNING  | __main__:flag_hard_bound_outliers:122 -     OUTLIER → Soybeans | 2016-02-08 | ₦71,534/MT | Below hard floor 100,000
2026-04-11 15:39:09.887 | WARNING  | __main__:flag_hard_bound_outliers:122 -     OUTLIER → Soybeans | 2016-02-15 | ₦73,090/MT | Below hard floor 100,000
2026-04-11 15:39:09.887 | WARNING  | __main__:flag_hard_bound_outliers:122 -     OUTLIER → Soybeans | 2016-02-22 | ₦69,227/MT | Below hard floor 100,000
2026-04-11 15:39:09.891 | WARNING  | __main__:flag_hard_bound_outliers:122 -     OUTLIER → Soybeans | 2016-02-29 | ₦72,462/MT | Below hard floor 100,000
2026-04-11 15:39:09.894 | WARNING  | __main__:flag_hard_bound_outliers:122 -     OUTLIER → Soybeans | 2016-03-07 | ₦71,998/MT | Below hard floor 100,000
2026-04-11 15:39:09.895 | WARNING  | __main__:flag_hard_bound_outliers:122 -     OUTLIER → Soybeans | 2016-03-14 | ₦72,698/MT | Below hard floor 100,000
2026-04-11 15:39:09.895 | WARNING  | __main__:flag_hard_bound_outliers:122 -     OUTLIER → Soybeans | 2016-03-21 | ₦72,261/MT | Below hard floor 100,000
2026-04-11 15:39:09.896 | WARNING  | __main__:flag_hard_bound_outliers:122 -     OUTLIER → Soybeans | 2016-03-28 | ₦76,917/MT | Below hard floor 100,000
2026-04-11 15:39:09.896 | WARNING  | __main__:flag_hard_bound_outliers:122 -     OUTLIER → Soybeans | 2016-04-04 | ₦70,269/MT | Below hard floor 100,000
2026-04-11 15:39:09.898 | WARNING  | __main__:flag_hard_bound_outliers:122 -     OUTLIER → Soybeans | 2016-04-11 | ₦70,499/MT | Below hard floor 100,000
2026-04-11 15:39:09.898 | WARNING  | __main__:flag_hard_bound_outliers:122 -     OUTLIER → Soybeans | 2016-04-18 | ₦70,301/MT | Below hard floor 100,000
2026-04-11 15:39:09.899 | WARNING  | __main__:flag_hard_bound_outliers:122 -     OUTLIER → Soybeans | 2016-04-25 | ₦70,446/MT | Below hard floor 100,000
2026-04-11 15:39:09.900 | WARNING  | __main__:flag_hard_bound_outliers:122 -     OUTLIER → Soybeans | 2016-05-02 | ₦70,270/MT | Below hard floor 100,000
2026-04-11 15:39:09.900 | WARNING  | __main__:flag_hard_bound_outliers:122 -     OUTLIER → Soybeans | 2016-05-09 | ₦74,195/MT | Below hard floor 100,000
2026-04-11 15:39:09.901 | WARNING  | __main__:flag_hard_bound_outliers:122 -     OUTLIER → Soybeans | 2016-05-16 | ₦74,693/MT | Below hard floor 100,000
2026-04-11 15:39:09.903 | WARNING  | __main__:flag_hard_bound_outliers:122 -     OUTLIER → Soybeans | 2016-05-23 | ₦70,413/MT | Below hard floor 100,000
2026-04-11 15:39:09.903 | WARNING  | __main__:flag_hard_bound_outliers:122 -     OUTLIER → Soybeans | 2016-05-30 | ₦69,851/MT | Below hard floor 100,000
2026-04-11 15:39:09.903 | WARNING  | __main__:flag_hard_bound_outliers:122 -     OUTLIER → Soybeans | 2016-06-06 | ₦92,003/MT | Below hard floor 100,000
2026-04-11 15:39:09.903 | WARNING  | __main__:flag_hard_bound_outliers:122 -     OUTLIER → Soybeans | 2016-06-13 | ₦89,217/MT | Below hard floor 100,000
2026-04-11 15:39:09.908 | WARNING  | __main__:flag_hard_bound_outliers:122 -     OUTLIER → Soybeans | 2016-06-20 | ₦92,443/MT | Below hard floor 100,000
2026-04-11 15:39:09.909 | WARNING  | __main__:flag_hard_bound_outliers:122 -     OUTLIER → Soybeans | 2016-06-27 | ₦91,272/MT | Below hard floor 100,000
2026-04-11 15:39:09.910 | WARNING  | __main__:flag_hard_bound_outliers:122 -     OUTLIER → Soybeans | 2017-11-20 | ₦99,395/MT | Below hard floor 100,000
2026-04-11 15:39:09.911 | INFO     | __main__:flag_iqr_outliers:140 -   Running IQR outlier detection (k=3.0)...
2026-04-11 15:39:09.956 | DEBUG    | __main__:flag_iqr_outliers:162 -     Sorghum: 7 IQR outlier(s)
2026-04-11 15:39:09.956 | DEBUG    | __main__:flag_iqr_outliers:162 -     Beans (white): 2 IQR outlier(s)
2026-04-11 15:39:09.977 | DEBUG    | __main__:flag_iqr_outliers:162 -     Beans (red): 1 IQR outlier(s)
2026-04-11 15:39:09.990 | INFO     | __main__:flag_iqr_outliers:164 -   IQR outliers flagged: 10
2026-04-11 15:39:09.990 | INFO     | __main__:fix_outliers:174 -   Replacing outlier prices with interpolated values...
2026-04-11 15:39:10.168 | INFO     | __main__:fix_outliers:197 -   Outlier prices fixed: 4,582
2026-04-11 15:39:10.168 | INFO     | __main__:fill_weekly_gaps:211 -   Filling weekly date gaps...
2026-04-11 15:39:10.244 | DEBUG    | __main__:fill_weekly_gaps:266 -     Hibiscus: 24 gap(s) filled
2026-04-11 15:39:10.300 | DEBUG    | __main__:fill_weekly_gaps:266 -     Sesame: 27 gap(s) filled
2026-04-11 15:39:10.375 | DEBUG    | __main__:fill_weekly_gaps:266 -     Ginger: 23 gap(s) filled
2026-04-11 15:39:10.443 | DEBUG    | __main__:fill_weekly_gaps:266 -     Cocoa: 19 gap(s) filled
2026-04-11 15:39:10.513 | DEBUG    | __main__:fill_weekly_gaps:266 -     Soybeans: 19 gap(s) filled
2026-04-11 15:39:10.555 | DEBUG    | __main__:fill_weekly_gaps:266 -     Cashew Nuts: 19 gap(s) filled
2026-04-11 15:39:10.623 | DEBUG    | __main__:fill_weekly_gaps:266 -     Sorghum: 984 gap(s) filled
2026-04-11 15:39:10.685 | DEBUG    | __main__:fill_weekly_gaps:266 -     Beans (white): 1144 gap(s) filled
2026-04-11 15:39:10.721 | DEBUG    | __main__:fill_weekly_gaps:266 -     Beans (red): 423 gap(s) filled
2026-04-11 15:39:10.795 | DEBUG    | __main__:fill_weekly_gaps:266 -     Maize (white): 852 gap(s) filled
2026-04-11 15:39:10.830 | DEBUG    | __main__:fill_weekly_gaps:266 -     Maize (yellow): 428 gap(s) filled
2026-04-11 15:39:10.838 | INFO     | __main__:fill_weekly_gaps:272 -   Total weekly gaps filled: 3,962
2026-04-11 15:39:10.839 | INFO     | __main__:apply_light_smoothing:286 -   Applying light 3-week rolling smoothing...
2026-04-11 15:39:11.166 | SUCCESS  | __main__:save_clean_master:347 - Clean master saved: 11,599 rows → c:\Users\USER\Downloads\agrolinking-intel-structure\agrolinking-intel\data\processed\agrolinking_master.csv
2026-04-11 15:39:11.166 | INFO     | __main__:save_clean_master:350 - 
  CLEAN DATA SUMMARY:
2026-04-11 15:39:11.177 | INFO     | __main__:save_clean_master:354 -     Beans (red)           531 historical rows | ₦     144,550 – ₦   1,695,848/MT | quality: 0.74
2026-04-11 15:39:11.181 | INFO     | __main__:save_clean_master:354 -     Beans (white)        1262 historical rows | ₦     125,200 – ₦   1,490,647/MT | quality: 0.72
2026-04-11 15:39:11.193 | INFO     | __main__:save_clean_master:354 -     Cashew Nuts           846 historical rows | ₦     500,758 – ₦   2,500,000/MT | quality: 0.82
2026-04-11 15:39:11.193 | INFO     | __main__:save_clean_master:354 -     Cocoa                1368 historical rows | ₦   2,416,097 – ₦  14,400,000/MT | quality: 0.80
2026-04-11 15:39:11.207 | INFO     | __main__:save_clean_master:354 -     Ginger               1368 historical rows | ₦   2,013,472 – ₦  14,300,000/MT | quality: 0.80
2026-04-11 15:39:11.207 | INFO     | __main__:save_clean_master:354 -     Hibiscus              846 historical rows | ₦     500,711 – ₦   2,550,000/MT | quality: 0.81
2026-04-11 15:39:11.223 | INFO     | __main__:save_clean_master:354 -     Maize (white)        1262 historical rows | ₦      23,500 – ₦     244,229/MT | quality: 0.78
2026-04-11 15:39:11.232 | INFO     | __main__:save_clean_master:354 -     Maize (yellow)        618 historical rows | ₦      48,559 – ₦     251,000/MT | quality: 0.77
2026-04-11 15:39:11.239 | INFO     | __main__:save_clean_master:354 -     Sesame                846 historical rows | ₦     404,537 – ₦   2,200,000/MT | quality: 0.83
2026-04-11 15:39:11.245 | INFO     | __main__:save_clean_master:354 -     Sorghum              1262 historical rows | ₦      53,547 – ₦     445,000/MT | quality: 0.75
2026-04-11 15:39:11.256 | INFO     | __main__:save_clean_master:354 -     Soybeans             1368 historical rows | ₦     103,472 – ₦   1,040,000/MT | quality: 0.81
2026-04-11 15:39:11.257 | INFO     | __main__:run_cleaning:380 - ============================================================
2026-04-11 15:39:11.257 | SUCCESS  | __main__:run_cleaning:381 - CLEANING COMPLETE
2026-04-11 15:39:11.257 | INFO     | __main__:run_cleaning:382 - ============================================================
