2026-07-04 06:06:12.087 | INFO     | __main__:run_forecasting:330 - =================================================================
2026-07-04 06:06:12.090 | INFO     | __main__:run_forecasting:331 - STEP 5 — FORECASTING ENGINE
2026-07-04 06:06:12.090 | INFO     | __main__:run_forecasting:332 -   Run date   : Saturday, 04 July 2026
2026-07-04 06:06:12.091 | INFO     | __main__:run_forecasting:333 -   Commodities: 17
2026-07-04 06:06:12.091 | INFO     | __main__:run_forecasting:334 -   Horizons   : ['daily', 'weekly', '2_weeks', 'monthly', '3_months', '6_months']
2026-07-04 06:06:12.092 | INFO     | __main__:run_forecasting:335 -   Ensemble   : ARIMA + Prophet + Holt-Winters + XGBoost + LightGBM
2026-07-04 06:06:12.092 | INFO     | __main__:run_forecasting:336 - =================================================================
2026-07-04 06:06:12.445 | INFO     | __main__:run_forecasting:353 - 
[1/17] Forecasting Hibiscus...
2026-07-04 06:06:12.527 | WARNING  | __main__:load_models_and_meta:87 -   Could not load arima for Hibiscus: No module named 'pmdarima'
2026-07-04 06:06:15.622 | WARNING  | __main__:load_models_and_meta:87 -   Could not load prophet for Hibiscus: (dtype('<M8[us]'), array(['2010-01-04T00:00:00.000000', '2010-01-11T00:00:00.000000',
       '2010-01-18T00:00:00.000000', '2010-01-25T00:00:00.000000',
       '2010-02-01T00:00:00.000000', '2010-02-08T00:00:00.000000',
       '2010-02-15T00:00:00.000000', '2010-02-22T00:00:00.000000',
       '2010-03-01T00:00:00.000000', '2010-03-08T00:00:00.000000',
       '2010-03-15T00:00:00.000000', '2010-03-22T00:00:00.000000',
       '2010-03-29T00:00:00.000000', '2010-04-05T00:00:00.000000',
       '2010-04-12T00:00:00.000000', '2010-04-19T00:00:00.000000',
       '2010-04-26T00:00:00.000000', '2010-05-03T00:00:00.000000',
       '2010-05-10T00:00:00.000000', '2010-05-17T00:00:00.000000',
       '2010-05-24T00:00:00.000000', '2010-05-31T00:00:00.000000',
       '2010-06-07T00:00:00.000000', '2010-06-14T00:00:00.000000',
       '2010-06-21T00:00:00.000000', '2010-06-28T00:00:00.000000',
       '2010-07-05T00:00:00.000000', '2010-07-12T00:00:00.000000',
       '2010-07-19T00:00:00.000000', '2010-07-26T00:00:00.000000',
       '2010-08-02T00:00:00.000000', '2010-08-09T00:00:00.000000',
       '2010-08-16T00:00:00.000000', '2010-08-23T00:00:00.000000',
       '2010-08-30T00:00:00.000000', '2010-09-06T00:00:00.000000',
       '2010-09-13T00:00:00.000000', '2010-09-20T00:00:00.000000',
       '2010-09-27T00:00:00.000000', '2010-10-04T00:00:00.000000',
       '2010-10-11T00:00:00.000000', '2010-10-18T00:00:00.000000',
       '2010-10-25T00:00:00.000000', '2010-11-01T00:00:00.000000',
       '2010-11-08T00:00:00.000000', '2010-11-15T00:00:00.000000',
       '2010-11-22T00:00:00.000000', '2010-11-29T00:00:00.000000',
       '2010-12-06T00:00:00.000000', '2010-12-13T00:00:00.000000',
       '2010-12-20T00:00:00.000000', '2010-12-27T00:00:00.000000',
       '2011-01-03T00:00:00.000000', '2011-01-10T00:00:00.000000',
       '2011-01-17T00:00:00.000000', '2011-01-24T00:00:00.000000',
       '2011-01-31T00:00:00.000000', '2011-02-07T00:00:00.000000',
       '2011-02-14T00:00:00.000000', '2011-02-21T00:00:00.000000',
       '2011-02-28T00:00:00.000000', '2011-03-07T00:00:00.000000',
       '2011-03-14T00:00:00.000000', '2011-03-21T00:00:00.000000',
       '2011-03-28T00:00:00.000000', '2011-04-04T00:00:00.000000',
       '2011-04-11T00:00:00.000000', '2011-04-18T00:00:00.000000',
       '2011-04-25T00:00:00.000000', '2011-05-02T00:00:00.000000',
       '2011-05-09T00:00:00.000000', '2011-05-16T00:00:00.000000',
       '2011-05-23T00:00:00.000000', '2011-05-30T00:00:00.000000',
       '2011-06-06T00:00:00.000000', '2011-06-13T00:00:00.000000',
       '2011-06-20T00:00:00.000000', '2011-06-27T00:00:00.000000',
       '2011-07-04T00:00:00.000000', '2011-07-11T00:00:00.000000',
       '2011-07-18T00:00:00.000000', '2011-07-25T00:00:00.000000',
       '2011-08-01T00:00:00.000000', '2011-08-08T00:00:00.000000',
       '2011-08-15T00:00:00.000000', '2011-08-22T00:00:00.000000',
       '2011-08-29T00:00:00.000000', '2011-09-05T00:00:00.000000',
       '2011-09-12T00:00:00.000000', '2011-09-19T00:00:00.000000',
       '2011-09-26T00:00:00.000000', '2011-10-03T00:00:00.000000',
       '2011-10-10T00:00:00.000000', '2011-10-17T00:00:00.000000',
       '2011-10-24T00:00:00.000000', '2011-10-31T00:00:00.000000',
       '2011-11-07T00:00:00.000000', '2011-11-14T00:00:00.000000',
       '2011-11-21T00:00:00.000000', '2011-11-28T00:00:00.000000',
       '2011-12-05T00:00:00.000000', '2011-12-12T00:00:00.000000',
       '2011-12-19T00:00:00.000000', '2011-12-26T00:00:00.000000',
       '2012-01-02T00:00:00.000000', '2012-01-09T00:00:00.000000',
       '2012-01-16T00:00:00.000000', '2012-01-23T00:00:00.000000',
       '2012-01-30T00:00:00.000000', '2012-02-06T00:00:00.000000',
       '2012-02-13T00:00:00.000000', '2012-02-20T00:00:00.000000',
       '2012-02-27T00:00:00.000000', '2012-03-05T00:00:00.000000',
       '2012-03-12T00:00:00.000000', '2012-03-19T00:00:00.000000',
       '2012-03-26T00:00:00.000000', '2012-04-02T00:00:00.000000',
       '2012-04-09T00:00:00.000000', '2012-04-16T00:00:00.000000',
       '2012-04-23T00:00:00.000000', '2012-04-30T00:00:00.000000',
       '2012-05-07T00:00:00.000000', '2012-05-14T00:00:00.000000',
       '2012-05-21T00:00:00.000000', '2012-05-28T00:00:00.000000',
       '2012-06-04T00:00:00.000000', '2012-06-11T00:00:00.000000',
       '2012-06-18T00:00:00.000000', '2012-06-25T00:00:00.000000',
       '2012-07-02T00:00:00.000000', '2012-07-09T00:00:00.000000',
       '2012-07-16T00:00:00.000000', '2012-07-23T00:00:00.000000',
       '2012-07-30T00:00:00.000000', '2012-08-06T00:00:00.000000',
       '2012-08-13T00:00:00.000000', '2012-08-20T00:00:00.000000',
       '2012-08-27T00:00:00.000000', '2012-09-03T00:00:00.000000',
       '2012-09-10T00:00:00.000000', '2012-09-17T00:00:00.000000',
       '2012-09-24T00:00:00.000000', '2012-10-01T00:00:00.000000',
       '2012-10-08T00:00:00.000000', '2012-10-15T00:00:00.000000',
       '2012-10-22T00:00:00.000000', '2012-10-29T00:00:00.000000',
       '2012-11-05T00:00:00.000000', '2012-11-12T00:00:00.000000',
       '2012-11-19T00:00:00.000000', '2012-11-26T00:00:00.000000',
       '2012-12-03T00:00:00.000000', '2012-12-10T00:00:00.000000',
       '2012-12-17T00:00:00.000000', '2012-12-24T00:00:00.000000',
       '2012-12-31T00:00:00.000000', '2013-01-07T00:00:00.000000',
       '2013-01-14T00:00:00.000000', '2013-01-21T00:00:00.000000',
       '2013-01-28T00:00:00.000000', '2013-02-04T00:00:00.000000',
       '2013-02-11T00:00:00.000000', '2013-02-18T00:00:00.000000',
       '2013-02-25T00:00:00.000000', '2013-03-04T00:00:00.000000',
       '2013-03-11T00:00:00.000000', '2013-03-18T00:00:00.000000',
       '2013-03-25T00:00:00.000000', '2013-04-01T00:00:00.000000',
       '2013-04-08T00:00:00.000000', '2013-04-15T00:00:00.000000',
       '2013-04-22T00:00:00.000000', '2013-04-29T00:00:00.000000',
       '2013-05-06T00:00:00.000000', '2013-05-13T00:00:00.000000',
       '2013-05-20T00:00:00.000000', '2013-05-27T00:00:00.000000',
       '2013-06-03T00:00:00.000000', '2013-06-10T00:00:00.000000',
       '2013-06-17T00:00:00.000000', '2013-06-24T00:00:00.000000',
       '2013-07-01T00:00:00.000000', '2013-07-08T00:00:00.000000',
       '2013-07-15T00:00:00.000000', '2013-07-22T00:00:00.000000',
       '2013-07-29T00:00:00.000000', '2013-08-05T00:00:00.000000',
       '2013-08-12T00:00:00.000000', '2013-08-19T00:00:00.000000',
       '2013-08-26T00:00:00.000000', '2013-09-02T00:00:00.000000',
       '2013-09-09T00:00:00.000000', '2013-09-16T00:00:00.000000',
       '2013-09-23T00:00:00.000000', '2013-09-30T00:00:00.000000',
       '2013-10-07T00:00:00.000000', '2013-10-14T00:00:00.000000',
       '2013-10-21T00:00:00.000000', '2013-10-28T00:00:00.000000',
       '2013-11-04T00:00:00.000000', '2013-11-11T00:00:00.000000',
       '2013-11-18T00:00:00.000000', '2013-11-25T00:00:00.000000',
       '2013-12-02T00:00:00.000000', '2013-12-09T00:00:00.000000',
       '2013-12-16T00:00:00.000000', '2013-12-23T00:00:00.000000',
       '2013-12-30T00:00:00.000000', '2014-01-06T00:00:00.000000',
       '2014-01-13T00:00:00.000000', '2014-01-20T00:00:00.000000',
       '2014-01-27T00:00:00.000000', '2014-02-03T00:00:00.000000',
       '2014-02-10T00:00:00.000000', '2014-02-17T00:00:00.000000',
       '2014-02-24T00:00:00.000000', '2014-03-03T00:00:00.000000',
       '2014-03-10T00:00:00.000000', '2014-03-17T00:00:00.000000',
       '2014-03-24T00:00:00.000000', '2014-03-31T00:00:00.000000',
       '2014-04-07T00:00:00.000000', '2014-04-14T00:00:00.000000',
       '2014-04-21T00:00:00.000000', '2014-04-28T00:00:00.000000',
       '2014-05-05T00:00:00.000000', '2014-05-12T00:00:00.000000',
       '2014-05-19T00:00:00.000000', '2014-05-26T00:00:00.000000',
       '2014-06-02T00:00:00.000000', '2014-06-09T00:00:00.000000',
       '2014-06-16T00:00:00.000000', '2014-06-23T00:00:00.000000',
       '2014-06-30T00:00:00.000000', '2014-07-07T00:00:00.000000',
       '2014-07-14T00:00:00.000000', '2014-07-21T00:00:00.000000',
       '2014-07-28T00:00:00.000000', '2014-08-04T00:00:00.000000',
       '2014-08-11T00:00:00.000000', '2014-08-18T00:00:00.000000',
       '2014-08-25T00:00:00.000000', '2014-09-01T00:00:00.000000',
       '2014-09-08T00:00:00.000000', '2014-09-15T00:00:00.000000',
       '2014-09-22T00:00:00.000000', '2014-09-29T00:00:00.000000',
       '2014-10-06T00:00:00.000000', '2014-10-13T00:00:00.000000',
       '2014-10-20T00:00:00.000000', '2014-10-27T00:00:00.000000',
       '2014-11-03T00:00:00.000000', '2014-11-10T00:00:00.000000',
       '2014-11-17T00:00:00.000000', '2014-11-24T00:00:00.000000',
       '2014-12-01T00:00:00.000000', '2014-12-08T00:00:00.000000',
       '2014-12-15T00:00:00.000000', '2014-12-22T00:00:00.000000',
       '2014-12-29T00:00:00.000000', '2015-01-05T00:00:00.000000',
       '2015-01-12T00:00:00.000000', '2015-01-19T00:00:00.000000',
       '2015-01-26T00:00:00.000000', '2015-02-02T00:00:00.000000',
       '2015-02-09T00:00:00.000000', '2015-02-16T00:00:00.000000',
       '2015-02-23T00:00:00.000000', '2015-03-02T00:00:00.000000',
       '2015-03-09T00:00:00.000000', '2015-03-16T00:00:00.000000',
       '2015-03-23T00:00:00.000000', '2015-03-30T00:00:00.000000',
       '2015-04-06T00:00:00.000000', '2015-04-13T00:00:00.000000',
       '2015-04-20T00:00:00.000000', '2015-04-27T00:00:00.000000',
       '2015-05-04T00:00:00.000000', '2015-05-11T00:00:00.000000',
       '2015-05-18T00:00:00.000000', '2015-05-25T00:00:00.000000',
       '2015-06-01T00:00:00.000000', '2015-06-08T00:00:00.000000',
       '2015-06-15T00:00:00.000000', '2015-06-22T00:00:00.000000',
       '2015-06-29T00:00:00.000000', '2015-07-06T00:00:00.000000',
       '2015-07-13T00:00:00.000000', '2015-07-20T00:00:00.000000',
       '2015-07-27T00:00:00.000000', '2015-08-03T00:00:00.000000',
       '2015-08-10T00:00:00.000000', '2015-08-17T00:00:00.000000',
       '2015-08-24T00:00:00.000000', '2015-08-31T00:00:00.000000',
       '2015-09-07T00:00:00.000000', '2015-09-14T00:00:00.000000',
       '2015-09-21T00:00:00.000000', '2015-09-28T00:00:00.000000',
       '2015-10-05T00:00:00.000000', '2015-10-12T00:00:00.000000',
       '2015-10-19T00:00:00.000000', '2015-10-26T00:00:00.000000',
       '2015-11-02T00:00:00.000000', '2015-11-09T00:00:00.000000',
       '2015-11-16T00:00:00.000000', '2015-11-23T00:00:00.000000',
       '2015-11-30T00:00:00.000000', '2015-12-07T00:00:00.000000',
       '2015-12-14T00:00:00.000000', '2015-12-21T00:00:00.000000',
       '2015-12-28T00:00:00.000000', '2016-01-04T00:00:00.000000',
       '2016-01-11T00:00:00.000000', '2016-01-18T00:00:00.000000',
       '2016-01-25T00:00:00.000000', '2016-02-01T00:00:00.000000',
       '2016-02-08T00:00:00.000000', '2016-02-15T00:00:00.000000',
       '2016-02-22T00:00:00.000000', '2016-02-29T00:00:00.000000',
       '2016-03-07T00:00:00.000000', '2016-03-14T00:00:00.000000',
       '2016-03-21T00:00:00.000000', '2016-03-28T00:00:00.000000',
       '2016-04-04T00:00:00.000000', '2016-04-11T00:00:00.000000',
       '2016-04-18T00:00:00.000000', '2016-04-25T00:00:00.000000',
       '2016-05-02T00:00:00.000000', '2016-05-09T00:00:00.000000',
       '2016-05-16T00:00:00.000000', '2016-05-23T00:00:00.000000',
       '2016-05-30T00:00:00.000000', '2016-06-06T00:00:00.000000',
       '2016-06-13T00:00:00.000000', '2016-06-20T00:00:00.000000',
       '2016-06-27T00:00:00.000000', '2016-07-04T00:00:00.000000',
       '2016-07-11T00:00:00.000000', '2016-07-18T00:00:00.000000',
       '2016-07-25T00:00:00.000000', '2016-08-01T00:00:00.000000',
       '2016-08-08T00:00:00.000000', '2016-08-15T00:00:00.000000',
       '2016-08-22T00:00:00.000000', '2016-08-29T00:00:00.000000',
       '2016-09-05T00:00:00.000000', '2016-09-12T00:00:00.000000',
       '2016-09-19T00:00:00.000000', '2016-09-26T00:00:00.000000',
       '2016-10-03T00:00:00.000000', '2016-10-10T00:00:00.000000',
       '2016-10-17T00:00:00.000000', '2016-10-24T00:00:00.000000',
       '2016-10-31T00:00:00.000000', '2016-11-07T00:00:00.000000',
       '2016-11-14T00:00:00.000000', '2016-11-21T00:00:00.000000',
       '2016-11-28T00:00:00.000000', '2016-12-05T00:00:00.000000',
       '2016-12-12T00:00:00.000000', '2016-12-19T00:00:00.000000',
       '2016-12-26T00:00:00.000000', '2017-01-02T00:00:00.000000',
       '2017-01-09T00:00:00.000000', '2017-01-16T00:00:00.000000',
       '2017-01-23T00:00:00.000000', '2017-01-30T00:00:00.000000',
       '2017-02-06T00:00:00.000000', '2017-02-13T00:00:00.000000',
       '2017-02-20T00:00:00.000000', '2017-02-27T00:00:00.000000',
       '2017-03-06T00:00:00.000000', '2017-03-13T00:00:00.000000',
       '2017-03-20T00:00:00.000000', '2017-03-27T00:00:00.000000',
       '2017-04-03T00:00:00.000000', '2017-04-10T00:00:00.000000',
       '2017-04-17T00:00:00.000000', '2017-04-24T00:00:00.000000',
       '2017-05-01T00:00:00.000000', '2017-05-08T00:00:00.000000',
       '2017-05-15T00:00:00.000000', '2017-05-22T00:00:00.000000',
       '2017-05-29T00:00:00.000000', '2017-06-05T00:00:00.000000',
       '2017-06-12T00:00:00.000000', '2017-06-19T00:00:00.000000',
       '2017-06-26T00:00:00.000000', '2017-07-03T00:00:00.000000',
       '2017-07-10T00:00:00.000000', '2017-07-17T00:00:00.000000',
       '2017-07-24T00:00:00.000000', '2017-07-31T00:00:00.000000',
       '2017-08-07T00:00:00.000000', '2017-08-14T00:00:00.000000',
       '2017-08-21T00:00:00.000000', '2017-08-28T00:00:00.000000',
       '2017-09-04T00:00:00.000000', '2017-09-11T00:00:00.000000',
       '2017-09-18T00:00:00.000000', '2017-09-25T00:00:00.000000',
       '2017-10-02T00:00:00.000000', '2017-10-09T00:00:00.000000',
       '2017-10-16T00:00:00.000000', '2017-10-23T00:00:00.000000',
       '2017-10-30T00:00:00.000000', '2017-11-06T00:00:00.000000',
       '2017-11-13T00:00:00.000000', '2017-11-20T00:00:00.000000',
       '2017-11-27T00:00:00.000000', '2017-12-04T00:00:00.000000',
       '2017-12-11T00:00:00.000000', '2017-12-18T00:00:00.000000',
       '2017-12-25T00:00:00.000000', '2018-01-01T00:00:00.000000',
       '2018-01-08T00:00:00.000000', '2018-01-15T00:00:00.000000',
       '2018-01-22T00:00:00.000000', '2018-01-29T00:00:00.000000',
       '2018-02-05T00:00:00.000000', '2018-02-12T00:00:00.000000',
       '2018-02-19T00:00:00.000000', '2018-02-26T00:00:00.000000',
       '2018-03-05T00:00:00.000000', '2018-03-12T00:00:00.000000',
       '2018-03-19T00:00:00.000000', '2018-03-26T00:00:00.000000',
       '2018-04-02T00:00:00.000000', '2018-04-09T00:00:00.000000',
       '2018-04-16T00:00:00.000000', '2018-04-23T00:00:00.000000',
       '2018-04-30T00:00:00.000000', '2018-05-07T00:00:00.000000',
       '2018-05-14T00:00:00.000000', '2018-05-21T00:00:00.000000',
       '2018-05-28T00:00:00.000000', '2018-06-04T00:00:00.000000',
       '2018-06-11T00:00:00.000000', '2018-06-18T00:00:00.000000',
       '2018-06-25T00:00:00.000000', '2018-07-02T00:00:00.000000',
       '2018-07-09T00:00:00.000000', '2018-07-16T00:00:00.000000',
       '2018-07-23T00:00:00.000000', '2018-07-30T00:00:00.000000',
       '2018-08-06T00:00:00.000000', '2018-08-13T00:00:00.000000',
       '2018-08-20T00:00:00.000000', '2018-08-27T00:00:00.000000',
       '2018-09-03T00:00:00.000000', '2018-09-10T00:00:00.000000',
       '2018-09-17T00:00:00.000000', '2018-09-24T00:00:00.000000',
       '2018-10-01T00:00:00.000000', '2018-10-08T00:00:00.000000',
       '2018-10-15T00:00:00.000000', '2018-10-22T00:00:00.000000',
       '2018-10-29T00:00:00.000000', '2018-11-05T00:00:00.000000',
       '2018-11-12T00:00:00.000000', '2018-11-19T00:00:00.000000',
       '2018-11-26T00:00:00.000000', '2018-12-03T00:00:00.000000',
       '2018-12-10T00:00:00.000000', '2018-12-17T00:00:00.000000',
       '2018-12-24T00:00:00.000000', '2018-12-31T00:00:00.000000',
       '2019-01-07T00:00:00.000000', '2019-01-14T00:00:00.000000',
       '2019-01-21T00:00:00.000000', '2019-01-28T00:00:00.000000',
       '2019-02-04T00:00:00.000000', '2019-02-11T00:00:00.000000',
       '2019-02-18T00:00:00.000000', '2019-02-25T00:00:00.000000',
       '2019-03-04T00:00:00.000000', '2019-03-11T00:00:00.000000',
       '2019-03-18T00:00:00.000000', '2019-03-25T00:00:00.000000',
       '2019-04-01T00:00:00.000000', '2019-04-08T00:00:00.000000',
       '2019-04-15T00:00:00.000000', '2019-04-22T00:00:00.000000',
       '2019-04-29T00:00:00.000000', '2019-05-06T00:00:00.000000',
       '2019-05-13T00:00:00.000000', '2019-05-20T00:00:00.000000',
       '2019-05-27T00:00:00.000000', '2019-06-03T00:00:00.000000',
       '2019-06-10T00:00:00.000000', '2019-06-17T00:00:00.000000',
       '2019-06-24T00:00:00.000000', '2019-07-01T00:00:00.000000',
       '2019-07-08T00:00:00.000000', '2019-07-15T00:00:00.000000',
       '2019-07-22T00:00:00.000000', '2019-07-29T00:00:00.000000',
       '2019-08-05T00:00:00.000000', '2019-08-12T00:00:00.000000',
       '2019-08-19T00:00:00.000000', '2019-08-26T00:00:00.000000',
       '2019-09-02T00:00:00.000000', '2019-09-09T00:00:00.000000',
       '2019-09-16T00:00:00.000000', '2019-09-23T00:00:00.000000',
       '2019-09-30T00:00:00.000000', '2019-10-07T00:00:00.000000',
       '2019-10-14T00:00:00.000000', '2019-10-21T00:00:00.000000',
       '2019-10-28T00:00:00.000000', '2019-11-04T00:00:00.000000',
       '2019-11-11T00:00:00.000000', '2019-11-18T00:00:00.000000',
       '2019-11-25T00:00:00.000000', '2019-12-02T00:00:00.000000',
       '2019-12-09T00:00:00.000000', '2019-12-16T00:00:00.000000',
       '2019-12-23T00:00:00.000000', '2019-12-30T00:00:00.000000',
       '2020-01-06T00:00:00.000000', '2020-01-13T00:00:00.000000',
       '2020-01-20T00:00:00.000000', '2020-01-27T00:00:00.000000',
       '2020-02-03T00:00:00.000000', '2020-02-10T00:00:00.000000',
       '2020-02-17T00:00:00.000000', '2020-02-24T00:00:00.000000',
       '2020-03-02T00:00:00.000000', '2020-03-09T00:00:00.000000',
       '2020-03-16T00:00:00.000000', '2020-03-23T00:00:00.000000',
       '2020-03-30T00:00:00.000000', '2020-04-06T00:00:00.000000',
       '2020-04-13T00:00:00.000000', '2020-04-20T00:00:00.000000',
       '2020-04-27T00:00:00.000000', '2020-05-04T00:00:00.000000',
       '2020-05-11T00:00:00.000000', '2020-05-18T00:00:00.000000',
       '2020-05-25T00:00:00.000000', '2020-06-01T00:00:00.000000',
       '2020-06-08T00:00:00.000000', '2020-06-15T00:00:00.000000',
       '2020-06-22T00:00:00.000000', '2020-06-29T00:00:00.000000',
       '2020-07-06T00:00:00.000000', '2020-07-13T00:00:00.000000',
       '2020-07-20T00:00:00.000000', '2020-07-27T00:00:00.000000',
       '2020-08-03T00:00:00.000000', '2020-08-10T00:00:00.000000',
       '2020-08-17T00:00:00.000000', '2020-08-24T00:00:00.000000',
       '2020-08-31T00:00:00.000000', '2020-09-07T00:00:00.000000',
       '2020-09-14T00:00:00.000000', '2020-09-21T00:00:00.000000',
       '2020-09-28T00:00:00.000000', '2020-10-05T00:00:00.000000',
       '2020-10-12T00:00:00.000000', '2020-10-19T00:00:00.000000',
       '2020-10-26T00:00:00.000000', '2020-11-02T00:00:00.000000',
       '2020-11-09T00:00:00.000000', '2020-11-16T00:00:00.000000',
       '2020-11-23T00:00:00.000000', '2020-11-30T00:00:00.000000',
       '2020-12-07T00:00:00.000000', '2020-12-14T00:00:00.000000',
       '2020-12-21T00:00:00.000000', '2020-12-28T00:00:00.000000',
       '2021-01-04T00:00:00.000000', '2021-01-11T00:00:00.000000',
       '2021-01-18T00:00:00.000000', '2021-01-25T00:00:00.000000',
       '2021-02-01T00:00:00.000000', '2021-02-08T00:00:00.000000',
       '2021-02-15T00:00:00.000000', '2021-02-22T00:00:00.000000',
       '2021-03-01T00:00:00.000000', '2021-03-08T00:00:00.000000',
       '2021-03-15T00:00:00.000000', '2021-03-22T00:00:00.000000',
       '2021-03-29T00:00:00.000000', '2021-04-05T00:00:00.000000',
       '2021-04-12T00:00:00.000000', '2021-04-19T00:00:00.000000',
       '2021-04-26T00:00:00.000000', '2021-05-03T00:00:00.000000',
       '2021-05-10T00:00:00.000000', '2021-05-17T00:00:00.000000',
       '2021-05-24T00:00:00.000000', '2021-05-31T00:00:00.000000',
       '2021-06-07T00:00:00.000000', '2021-06-14T00:00:00.000000',
       '2021-06-21T00:00:00.000000', '2021-06-28T00:00:00.000000',
       '2021-07-05T00:00:00.000000', '2021-07-12T00:00:00.000000',
       '2021-07-19T00:00:00.000000', '2021-07-26T00:00:00.000000',
       '2021-08-02T00:00:00.000000', '2021-08-09T00:00:00.000000',
       '2021-08-16T00:00:00.000000', '2021-08-23T00:00:00.000000',
       '2021-08-30T00:00:00.000000', '2021-09-06T00:00:00.000000',
       '2021-09-13T00:00:00.000000', '2021-09-20T00:00:00.000000',
       '2021-09-27T00:00:00.000000', '2021-10-04T00:00:00.000000',
       '2021-10-11T00:00:00.000000', '2021-10-18T00:00:00.000000',
       '2021-10-25T00:00:00.000000', '2021-11-01T00:00:00.000000',
       '2021-11-08T00:00:00.000000', '2021-11-15T00:00:00.000000',
       '2021-11-22T00:00:00.000000', '2021-11-29T00:00:00.000000',
       '2021-12-06T00:00:00.000000', '2021-12-13T00:00:00.000000',
       '2021-12-20T00:00:00.000000', '2021-12-27T00:00:00.000000',
       '2022-01-03T00:00:00.000000', '2022-01-10T00:00:00.000000',
       '2022-01-17T00:00:00.000000', '2022-01-24T00:00:00.000000',
       '2022-01-31T00:00:00.000000', '2022-02-07T00:00:00.000000',
       '2022-02-14T00:00:00.000000', '2022-02-21T00:00:00.000000',
       '2022-02-28T00:00:00.000000', '2022-03-07T00:00:00.000000',
       '2022-03-14T00:00:00.000000', '2022-03-21T00:00:00.000000',
       '2022-03-28T00:00:00.000000', '2022-04-04T00:00:00.000000',
       '2022-04-11T00:00:00.000000', '2022-04-18T00:00:00.000000',
       '2022-04-25T00:00:00.000000', '2022-05-02T00:00:00.000000',
       '2022-05-09T00:00:00.000000', '2022-05-16T00:00:00.000000',
       '2022-05-23T00:00:00.000000', '2022-05-30T00:00:00.000000',
       '2022-06-06T00:00:00.000000', '2022-06-13T00:00:00.000000',
       '2022-06-20T00:00:00.000000', '2022-06-27T00:00:00.000000',
       '2022-07-04T00:00:00.000000', '2022-07-11T00:00:00.000000',
       '2022-07-18T00:00:00.000000', '2022-07-25T00:00:00.000000',
       '2022-08-01T00:00:00.000000', '2022-08-08T00:00:00.000000',
       '2022-08-15T00:00:00.000000', '2022-08-22T00:00:00.000000',
       '2022-08-29T00:00:00.000000', '2022-09-05T00:00:00.000000',
       '2022-09-12T00:00:00.000000', '2022-09-19T00:00:00.000000',
       '2022-09-26T00:00:00.000000', '2022-10-03T00:00:00.000000',
       '2022-10-10T00:00:00.000000', '2022-10-17T00:00:00.000000',
       '2022-10-24T00:00:00.000000', '2022-10-31T00:00:00.000000',
       '2022-11-07T00:00:00.000000', '2022-11-14T00:00:00.000000',
       '2022-11-21T00:00:00.000000', '2022-11-28T00:00:00.000000',
       '2022-12-05T00:00:00.000000', '2022-12-12T00:00:00.000000',
       '2022-12-19T00:00:00.000000', '2022-12-26T00:00:00.000000',
       '2023-01-02T00:00:00.000000', '2023-01-09T00:00:00.000000',
       '2023-01-16T00:00:00.000000', '2023-01-23T00:00:00.000000',
       '2023-01-30T00:00:00.000000', '2023-02-06T00:00:00.000000',
       '2023-02-13T00:00:00.000000', '2023-02-20T00:00:00.000000',
       '2023-02-27T00:00:00.000000', '2023-03-06T00:00:00.000000',
       '2023-03-13T00:00:00.000000', '2023-03-20T00:00:00.000000',
       '2023-03-27T00:00:00.000000', '2023-04-03T00:00:00.000000',
       '2023-04-10T00:00:00.000000', '2023-04-17T00:00:00.000000',
       '2023-04-24T00:00:00.000000', '2023-05-01T00:00:00.000000',
       '2023-05-08T00:00:00.000000', '2023-05-15T00:00:00.000000',
       '2023-05-22T00:00:00.000000', '2023-05-29T00:00:00.000000',
       '2023-06-05T00:00:00.000000', '2023-06-12T00:00:00.000000',
       '2023-06-19T00:00:00.000000', '2023-06-26T00:00:00.000000',
       '2023-07-03T00:00:00.000000', '2023-07-10T00:00:00.000000',
       '2023-07-17T00:00:00.000000', '2023-07-24T00:00:00.000000',
       '2023-07-31T00:00:00.000000', '2023-08-07T00:00:00.000000',
       '2023-08-14T00:00:00.000000', '2023-08-21T00:00:00.000000',
       '2023-08-28T00:00:00.000000', '2023-09-04T00:00:00.000000',
       '2023-09-11T00:00:00.000000', '2023-09-18T00:00:00.000000',
       '2023-09-25T00:00:00.000000', '2023-10-02T00:00:00.000000',
       '2023-10-09T00:00:00.000000', '2023-10-16T00:00:00.000000',
       '2023-10-23T00:00:00.000000', '2023-10-30T00:00:00.000000',
       '2023-11-06T00:00:00.000000', '2023-11-13T00:00:00.000000',
       '2023-11-20T00:00:00.000000', '2023-11-27T00:00:00.000000',
       '2023-12-04T00:00:00.000000', '2023-12-11T00:00:00.000000',
       '2023-12-18T00:00:00.000000', '2023-12-25T00:00:00.000000',
       '2024-01-01T00:00:00.000000', '2024-01-08T00:00:00.000000',
       '2024-01-15T00:00:00.000000', '2024-01-22T00:00:00.000000',
       '2024-01-29T00:00:00.000000', '2024-02-05T00:00:00.000000',
       '2024-02-12T00:00:00.000000', '2024-02-19T00:00:00.000000',
       '2024-02-26T00:00:00.000000', '2024-03-04T00:00:00.000000',
       '2024-03-11T00:00:00.000000', '2024-03-18T00:00:00.000000',
       '2024-03-25T00:00:00.000000', '2024-04-01T00:00:00.000000',
       '2024-04-08T00:00:00.000000', '2024-04-15T00:00:00.000000',
       '2024-04-22T00:00:00.000000', '2024-04-29T00:00:00.000000',
       '2024-05-06T00:00:00.000000', '2024-05-13T00:00:00.000000',
       '2024-05-20T00:00:00.000000', '2024-05-27T00:00:00.000000',
       '2024-06-03T00:00:00.000000', '2024-06-10T00:00:00.000000',
       '2024-06-17T00:00:00.000000', '2024-06-24T00:00:00.000000',
       '2024-07-01T00:00:00.000000', '2024-07-08T00:00:00.000000',
       '2024-07-15T00:00:00.000000', '2024-07-22T00:00:00.000000',
       '2024-07-29T00:00:00.000000', '2024-08-05T00:00:00.000000',
       '2024-08-12T00:00:00.000000', '2024-08-19T00:00:00.000000',
       '2024-08-26T00:00:00.000000', '2024-09-02T00:00:00.000000',
       '2024-09-09T00:00:00.000000', '2024-09-16T00:00:00.000000',
       '2024-09-23T00:00:00.000000', '2024-09-30T00:00:00.000000',
       '2024-10-07T00:00:00.000000', '2024-10-14T00:00:00.000000',
       '2024-10-21T00:00:00.000000', '2024-10-28T00:00:00.000000',
       '2024-11-04T00:00:00.000000', '2024-11-11T00:00:00.000000',
       '2024-11-18T00:00:00.000000', '2024-11-25T00:00:00.000000',
       '2024-12-02T00:00:00.000000', '2024-12-09T00:00:00.000000',
       '2024-12-16T00:00:00.000000', '2024-12-23T00:00:00.000000',
       '2024-12-30T00:00:00.000000', '2025-01-06T00:00:00.000000',
       '2025-01-13T00:00:00.000000', '2025-01-20T00:00:00.000000',
       '2025-01-27T00:00:00.000000', '2025-02-03T00:00:00.000000',
       '2025-02-10T00:00:00.000000', '2025-02-17T00:00:00.000000',
       '2025-02-24T00:00:00.000000', '2025-03-03T00:00:00.000000',
       '2025-03-10T00:00:00.000000', '2025-03-17T00:00:00.000000',
       '2025-03-24T00:00:00.000000', '2025-03-31T00:00:00.000000',
       '2025-04-07T00:00:00.000000', '2025-04-14T00:00:00.000000',
       '2025-04-21T00:00:00.000000', '2025-04-28T00:00:00.000000',
       '2025-05-05T00:00:00.000000', '2025-05-12T00:00:00.000000',
       '2025-05-19T00:00:00.000000', '2025-05-26T00:00:00.000000',
       '2025-06-02T00:00:00.000000', '2025-06-09T00:00:00.000000',
       '2025-06-16T00:00:00.000000', '2025-06-23T00:00:00.000000',
       '2025-06-30T00:00:00.000000', '2025-07-07T00:00:00.000000',
       '2025-07-14T00:00:00.000000', '2025-07-21T00:00:00.000000',
       '2025-07-28T00:00:00.000000', '2025-08-04T00:00:00.000000',
       '2025-08-11T00:00:00.000000', '2025-08-18T00:00:00.000000',
       '2025-08-25T00:00:00.000000', '2025-09-01T00:00:00.000000',
       '2025-09-08T00:00:00.000000', '2025-09-15T00:00:00.000000',
       '2025-09-22T00:00:00.000000', '2025-09-29T00:00:00.000000',
       '2025-10-06T00:00:00.000000', '2025-10-13T00:00:00.000000',
       '2025-10-20T00:00:00.000000', '2025-10-27T00:00:00.000000',
       '2025-11-03T00:00:00.000000', '2025-11-10T00:00:00.000000',
       '2025-11-17T00:00:00.000000', '2025-11-24T00:00:00.000000',
       '2025-12-01T00:00:00.000000', '2025-12-08T00:00:00.000000',
       '2025-12-15T00:00:00.000000', '2025-12-22T00:00:00.000000',
       '2025-12-29T00:00:00.000000', '2026-01-05T00:00:00.000000',
       '2026-01-12T00:00:00.000000', '2026-01-19T00:00:00.000000',
       '2026-01-26T00:00:00.000000', '2026-02-02T00:00:00.000000',
       '2026-02-09T00:00:00.000000', '2026-02-16T00:00:00.000000',
       '2026-02-23T00:00:00.000000', '2026-03-02T00:00:00.000000',
       '2026-03-09T00:00:00.000000', '2026-03-16T00:00:00.000000',
       '2026-03-23T00:00:00.000000', '2026-03-30T00:00:00.000000',
       '2026-04-06T00:00:00.000000', '2026-04-13T00:00:00.000000',
       '2026-05-25T00:00:00.000000', '2026-06-01T00:00:00.000000',
       '2026-06-08T00:00:00.000000', '2026-06-15T00:00:00.000000'],
      dtype='datetime64[us]'))
2026-07-04 06:06:29.300 | DEBUG    | __main__:forecast_holt_winters:131 -     Holt-Winters forecast failed: positive() got an unexpected keyword argument 'lower'
2026-07-04 06:06:29.309 | DEBUG    | __main__:forecast_tree:163 -     Tree forecast failed: Feature shape mismatch, expected: 18, got 16
2026-07-04 06:06:29.310 | INFO     | __main__:forecast_commodity:294 -   daily        -> N   2,254,948/MT  -1.4%  (2026-07-06)
2026-07-04 06:06:29.310 | INFO     | __main__:forecast_commodity:294 -   weekly       -> N   2,254,948/MT  -1.4%  (2026-07-13)
2026-07-04 06:06:29.311 | INFO     | __main__:forecast_commodity:294 -   2_weeks      -> N   2,268,515/MT  -0.8%  (2026-07-20)
2026-07-04 06:06:29.311 | INFO     | __main__:forecast_commodity:294 -   monthly      -> N   2,260,215/MT  -1.1%  (2026-08-03)
2026-07-04 06:06:29.312 | INFO     | __main__:forecast_commodity:294 -   3_months     -> N   2,296,253/MT  +0.5%  (2026-10-05)
2026-07-04 06:06:29.313 | INFO     | __main__:forecast_commodity:294 -   6_months     -> N   2,275,891/MT  -0.4%  (2027-01-04)
2026-07-04 06:06:29.315 | INFO     | __main__:run_forecasting:359 -   Hibiscus
2026-07-04 06:06:29.315 | INFO     | __main__:run_forecasting:353 - 
[2/17] Forecasting Sesame...
2026-07-04 06:06:29.405 | WARNING  | __main__:load_models_and_meta:87 -   Could not load arima for Sesame: No module named 'pmdarima'
2026-07-04 06:06:29.470 | WARNING  | __main__:load_models_and_meta:87 -   Could not load prophet for Sesame: (dtype('<M8[us]'), array(['2010-01-04T00:00:00.000000', '2010-01-11T00:00:00.000000',
       '2010-01-18T00:00:00.000000', '2010-01-25T00:00:00.000000',
       '2010-02-01T00:00:00.000000', '2010-02-08T00:00:00.000000',
       '2010-02-15T00:00:00.000000', '2010-02-22T00:00:00.000000',
       '2010-03-01T00:00:00.000000', '2010-03-08T00:00:00.000000',
       '2010-03-15T00:00:00.000000', '2010-03-22T00:00:00.000000',
       '2010-03-29T00:00:00.000000', '2010-04-05T00:00:00.000000',
       '2010-04-12T00:00:00.000000', '2010-04-19T00:00:00.000000',
       '2010-04-26T00:00:00.000000', '2010-05-03T00:00:00.000000',
       '2010-05-10T00:00:00.000000', '2010-05-17T00:00:00.000000',
       '2010-05-24T00:00:00.000000', '2010-05-31T00:00:00.000000',
       '2010-06-07T00:00:00.000000', '2010-06-14T00:00:00.000000',
       '2010-06-21T00:00:00.000000', '2010-06-28T00:00:00.000000',
       '2010-07-05T00:00:00.000000', '2010-07-12T00:00:00.000000',
       '2010-07-19T00:00:00.000000', '2010-07-26T00:00:00.000000',
       '2010-08-02T00:00:00.000000', '2010-08-09T00:00:00.000000',
       '2010-08-16T00:00:00.000000', '2010-08-23T00:00:00.000000',
       '2010-08-30T00:00:00.000000', '2010-09-06T00:00:00.000000',
       '2010-09-13T00:00:00.000000', '2010-09-20T00:00:00.000000',
       '2010-09-27T00:00:00.000000', '2010-10-04T00:00:00.000000',
       '2010-10-11T00:00:00.000000', '2010-10-18T00:00:00.000000',
       '2010-10-25T00:00:00.000000', '2010-11-01T00:00:00.000000',
       '2010-11-08T00:00:00.000000', '2010-11-15T00:00:00.000000',
       '2010-11-22T00:00:00.000000', '2010-11-29T00:00:00.000000',
       '2010-12-06T00:00:00.000000', '2010-12-13T00:00:00.000000',
       '2010-12-20T00:00:00.000000', '2010-12-27T00:00:00.000000',
       '2011-01-03T00:00:00.000000', '2011-01-10T00:00:00.000000',
       '2011-01-17T00:00:00.000000', '2011-01-24T00:00:00.000000',
       '2011-01-31T00:00:00.000000', '2011-02-07T00:00:00.000000',
       '2011-02-14T00:00:00.000000', '2011-02-21T00:00:00.000000',
       '2011-02-28T00:00:00.000000', '2011-03-07T00:00:00.000000',
       '2011-03-14T00:00:00.000000', '2011-03-21T00:00:00.000000',
       '2011-03-28T00:00:00.000000', '2011-04-04T00:00:00.000000',
       '2011-04-11T00:00:00.000000', '2011-04-18T00:00:00.000000',
       '2011-04-25T00:00:00.000000', '2011-05-02T00:00:00.000000',
       '2011-05-09T00:00:00.000000', '2011-05-16T00:00:00.000000',
       '2011-05-23T00:00:00.000000', '2011-05-30T00:00:00.000000',
       '2011-06-06T00:00:00.000000', '2011-06-13T00:00:00.000000',
       '2011-06-20T00:00:00.000000', '2011-06-27T00:00:00.000000',
       '2011-07-04T00:00:00.000000', '2011-07-11T00:00:00.000000',
       '2011-07-18T00:00:00.000000', '2011-07-25T00:00:00.000000',
       '2011-08-01T00:00:00.000000', '2011-08-08T00:00:00.000000',
       '2011-08-15T00:00:00.000000', '2011-08-22T00:00:00.000000',
       '2011-08-29T00:00:00.000000', '2011-09-05T00:00:00.000000',
       '2011-09-12T00:00:00.000000', '2011-09-19T00:00:00.000000',
       '2011-09-26T00:00:00.000000', '2011-10-03T00:00:00.000000',
       '2011-10-10T00:00:00.000000', '2011-10-17T00:00:00.000000',
       '2011-10-24T00:00:00.000000', '2011-10-31T00:00:00.000000',
       '2011-11-07T00:00:00.000000', '2011-11-14T00:00:00.000000',
       '2011-11-21T00:00:00.000000', '2011-11-28T00:00:00.000000',
       '2011-12-05T00:00:00.000000', '2011-12-12T00:00:00.000000',
       '2011-12-19T00:00:00.000000', '2011-12-26T00:00:00.000000',
       '2012-01-02T00:00:00.000000', '2012-01-09T00:00:00.000000',
       '2012-01-16T00:00:00.000000', '2012-01-23T00:00:00.000000',
       '2012-01-30T00:00:00.000000', '2012-02-06T00:00:00.000000',
       '2012-02-13T00:00:00.000000', '2012-02-20T00:00:00.000000',
       '2012-02-27T00:00:00.000000', '2012-03-05T00:00:00.000000',
       '2012-03-12T00:00:00.000000', '2012-03-19T00:00:00.000000',
       '2012-03-26T00:00:00.000000', '2012-04-02T00:00:00.000000',
       '2012-04-09T00:00:00.000000', '2012-04-16T00:00:00.000000',
       '2012-04-23T00:00:00.000000', '2012-04-30T00:00:00.000000',
       '2012-05-07T00:00:00.000000', '2012-05-14T00:00:00.000000',
       '2012-05-21T00:00:00.000000', '2012-05-28T00:00:00.000000',
       '2012-06-04T00:00:00.000000', '2012-06-11T00:00:00.000000',
       '2012-06-18T00:00:00.000000', '2012-06-25T00:00:00.000000',
       '2012-07-02T00:00:00.000000', '2012-07-09T00:00:00.000000',
       '2012-07-16T00:00:00.000000', '2012-07-23T00:00:00.000000',
       '2012-07-30T00:00:00.000000', '2012-08-06T00:00:00.000000',
       '2012-08-13T00:00:00.000000', '2012-08-20T00:00:00.000000',
       '2012-08-27T00:00:00.000000', '2012-09-03T00:00:00.000000',
       '2012-09-10T00:00:00.000000', '2012-09-17T00:00:00.000000',
       '2012-09-24T00:00:00.000000', '2012-10-01T00:00:00.000000',
       '2012-10-08T00:00:00.000000', '2012-10-15T00:00:00.000000',
       '2012-10-22T00:00:00.000000', '2012-10-29T00:00:00.000000',
       '2012-11-05T00:00:00.000000', '2012-11-12T00:00:00.000000',
       '2012-11-19T00:00:00.000000', '2012-11-26T00:00:00.000000',
       '2012-12-03T00:00:00.000000', '2012-12-10T00:00:00.000000',
       '2012-12-17T00:00:00.000000', '2012-12-24T00:00:00.000000',
       '2012-12-31T00:00:00.000000', '2013-01-07T00:00:00.000000',
       '2013-01-14T00:00:00.000000', '2013-01-21T00:00:00.000000',
       '2013-01-28T00:00:00.000000', '2013-02-04T00:00:00.000000',
       '2013-02-11T00:00:00.000000', '2013-02-18T00:00:00.000000',
       '2013-02-25T00:00:00.000000', '2013-03-04T00:00:00.000000',
       '2013-03-11T00:00:00.000000', '2013-03-18T00:00:00.000000',
       '2013-03-25T00:00:00.000000', '2013-04-01T00:00:00.000000',
       '2013-04-08T00:00:00.000000', '2013-04-15T00:00:00.000000',
       '2013-04-22T00:00:00.000000', '2013-04-29T00:00:00.000000',
       '2013-05-06T00:00:00.000000', '2013-05-13T00:00:00.000000',
       '2013-05-20T00:00:00.000000', '2013-05-27T00:00:00.000000',
       '2013-06-03T00:00:00.000000', '2013-06-10T00:00:00.000000',
       '2013-06-17T00:00:00.000000', '2013-06-24T00:00:00.000000',
       '2013-07-01T00:00:00.000000', '2013-07-08T00:00:00.000000',
       '2013-07-15T00:00:00.000000', '2013-07-22T00:00:00.000000',
       '2013-07-29T00:00:00.000000', '2013-08-05T00:00:00.000000',
       '2013-08-12T00:00:00.000000', '2013-08-19T00:00:00.000000',
       '2013-08-26T00:00:00.000000', '2013-09-02T00:00:00.000000',
       '2013-09-09T00:00:00.000000', '2013-09-16T00:00:00.000000',
       '2013-09-23T00:00:00.000000', '2013-09-30T00:00:00.000000',
       '2013-10-07T00:00:00.000000', '2013-10-14T00:00:00.000000',
       '2013-10-21T00:00:00.000000', '2013-10-28T00:00:00.000000',
       '2013-11-04T00:00:00.000000', '2013-11-11T00:00:00.000000',
       '2013-11-18T00:00:00.000000', '2013-11-25T00:00:00.000000',
       '2013-12-02T00:00:00.000000', '2013-12-09T00:00:00.000000',
       '2013-12-16T00:00:00.000000', '2013-12-23T00:00:00.000000',
       '2013-12-30T00:00:00.000000', '2014-01-06T00:00:00.000000',
       '2014-01-13T00:00:00.000000', '2014-01-20T00:00:00.000000',
       '2014-01-27T00:00:00.000000', '2014-02-03T00:00:00.000000',
       '2014-02-10T00:00:00.000000', '2014-02-17T00:00:00.000000',
       '2014-02-24T00:00:00.000000', '2014-03-03T00:00:00.000000',
       '2014-03-10T00:00:00.000000', '2014-03-17T00:00:00.000000',
       '2014-03-24T00:00:00.000000', '2014-03-31T00:00:00.000000',
       '2014-04-07T00:00:00.000000', '2014-04-14T00:00:00.000000',
       '2014-04-21T00:00:00.000000', '2014-04-28T00:00:00.000000',
       '2014-05-05T00:00:00.000000', '2014-05-12T00:00:00.000000',
       '2014-05-19T00:00:00.000000', '2014-05-26T00:00:00.000000',
       '2014-06-02T00:00:00.000000', '2014-06-09T00:00:00.000000',
       '2014-06-16T00:00:00.000000', '2014-06-23T00:00:00.000000',
       '2014-06-30T00:00:00.000000', '2014-07-07T00:00:00.000000',
       '2014-07-14T00:00:00.000000', '2014-07-21T00:00:00.000000',
       '2014-07-28T00:00:00.000000', '2014-08-04T00:00:00.000000',
       '2014-08-11T00:00:00.000000', '2014-08-18T00:00:00.000000',
       '2014-08-25T00:00:00.000000', '2014-09-01T00:00:00.000000',
       '2014-09-08T00:00:00.000000', '2014-09-15T00:00:00.000000',
       '2014-09-22T00:00:00.000000', '2014-09-29T00:00:00.000000',
       '2014-10-06T00:00:00.000000', '2014-10-13T00:00:00.000000',
       '2014-10-20T00:00:00.000000', '2014-10-27T00:00:00.000000',
       '2014-11-03T00:00:00.000000', '2014-11-10T00:00:00.000000',
       '2014-11-17T00:00:00.000000', '2014-11-24T00:00:00.000000',
       '2014-12-01T00:00:00.000000', '2014-12-08T00:00:00.000000',
       '2014-12-15T00:00:00.000000', '2014-12-22T00:00:00.000000',
       '2014-12-29T00:00:00.000000', '2015-01-05T00:00:00.000000',
       '2015-01-12T00:00:00.000000', '2015-01-19T00:00:00.000000',
       '2015-01-26T00:00:00.000000', '2015-02-02T00:00:00.000000',
       '2015-02-09T00:00:00.000000', '2015-02-16T00:00:00.000000',
       '2015-02-23T00:00:00.000000', '2015-03-02T00:00:00.000000',
       '2015-03-09T00:00:00.000000', '2015-03-16T00:00:00.000000',
       '2015-03-23T00:00:00.000000', '2015-03-30T00:00:00.000000',
       '2015-04-06T00:00:00.000000', '2015-04-13T00:00:00.000000',
       '2015-04-20T00:00:00.000000', '2015-04-27T00:00:00.000000',
       '2015-05-04T00:00:00.000000', '2015-05-11T00:00:00.000000',
       '2015-05-18T00:00:00.000000', '2015-05-25T00:00:00.000000',
       '2015-06-01T00:00:00.000000', '2015-06-08T00:00:00.000000',
       '2015-06-15T00:00:00.000000', '2015-06-22T00:00:00.000000',
       '2015-06-29T00:00:00.000000', '2015-07-06T00:00:00.000000',
       '2015-07-13T00:00:00.000000', '2015-07-20T00:00:00.000000',
       '2015-07-27T00:00:00.000000', '2015-08-03T00:00:00.000000',
       '2015-08-10T00:00:00.000000', '2015-08-17T00:00:00.000000',
       '2015-08-24T00:00:00.000000', '2015-08-31T00:00:00.000000',
       '2015-09-07T00:00:00.000000', '2015-09-14T00:00:00.000000',
       '2015-09-21T00:00:00.000000', '2015-09-28T00:00:00.000000',
       '2015-10-05T00:00:00.000000', '2015-10-12T00:00:00.000000',
       '2015-10-19T00:00:00.000000', '2015-10-26T00:00:00.000000',
       '2015-11-02T00:00:00.000000', '2015-11-09T00:00:00.000000',
       '2015-11-16T00:00:00.000000', '2015-11-23T00:00:00.000000',
       '2015-11-30T00:00:00.000000', '2015-12-07T00:00:00.000000',
       '2015-12-14T00:00:00.000000', '2015-12-21T00:00:00.000000',
       '2015-12-28T00:00:00.000000', '2016-01-04T00:00:00.000000',
       '2016-01-11T00:00:00.000000', '2016-01-18T00:00:00.000000',
       '2016-01-25T00:00:00.000000', '2016-02-01T00:00:00.000000',
       '2016-02-08T00:00:00.000000', '2016-02-15T00:00:00.000000',
       '2016-02-22T00:00:00.000000', '2016-02-29T00:00:00.000000',
       '2016-03-07T00:00:00.000000', '2016-03-14T00:00:00.000000',
       '2016-03-21T00:00:00.000000', '2016-03-28T00:00:00.000000',
       '2016-04-04T00:00:00.000000', '2016-04-11T00:00:00.000000',
       '2016-04-18T00:00:00.000000', '2016-04-25T00:00:00.000000',
       '2016-05-02T00:00:00.000000', '2016-05-09T00:00:00.000000',
       '2016-05-16T00:00:00.000000', '2016-05-23T00:00:00.000000',
       '2016-05-30T00:00:00.000000', '2016-06-06T00:00:00.000000',
       '2016-06-13T00:00:00.000000', '2016-06-20T00:00:00.000000',
       '2016-06-27T00:00:00.000000', '2016-07-04T00:00:00.000000',
       '2016-07-11T00:00:00.000000', '2016-07-18T00:00:00.000000',
       '2016-07-25T00:00:00.000000', '2016-08-01T00:00:00.000000',
       '2016-08-08T00:00:00.000000', '2016-08-15T00:00:00.000000',
       '2016-08-22T00:00:00.000000', '2016-08-29T00:00:00.000000',
       '2016-09-05T00:00:00.000000', '2016-09-12T00:00:00.000000',
       '2016-09-19T00:00:00.000000', '2016-09-26T00:00:00.000000',
       '2016-10-03T00:00:00.000000', '2016-10-10T00:00:00.000000',
       '2016-10-17T00:00:00.000000', '2016-10-24T00:00:00.000000',
       '2016-10-31T00:00:00.000000', '2016-11-07T00:00:00.000000',
       '2016-11-14T00:00:00.000000', '2016-11-21T00:00:00.000000',
       '2016-11-28T00:00:00.000000', '2016-12-05T00:00:00.000000',
       '2016-12-12T00:00:00.000000', '2016-12-19T00:00:00.000000',
       '2016-12-26T00:00:00.000000', '2017-01-02T00:00:00.000000',
       '2017-01-09T00:00:00.000000', '2017-01-16T00:00:00.000000',
       '2017-01-23T00:00:00.000000', '2017-01-30T00:00:00.000000',
       '2017-02-06T00:00:00.000000', '2017-02-13T00:00:00.000000',
       '2017-02-20T00:00:00.000000', '2017-02-27T00:00:00.000000',
       '2017-03-06T00:00:00.000000', '2017-03-13T00:00:00.000000',
       '2017-03-20T00:00:00.000000', '2017-03-27T00:00:00.000000',
       '2017-04-03T00:00:00.000000', '2017-04-10T00:00:00.000000',
       '2017-04-17T00:00:00.000000', '2017-04-24T00:00:00.000000',
       '2017-05-01T00:00:00.000000', '2017-05-08T00:00:00.000000',
       '2017-05-15T00:00:00.000000', '2017-05-22T00:00:00.000000',
       '2017-05-29T00:00:00.000000', '2017-06-05T00:00:00.000000',
       '2017-06-12T00:00:00.000000', '2017-06-19T00:00:00.000000',
       '2017-06-26T00:00:00.000000', '2017-07-03T00:00:00.000000',
       '2017-07-10T00:00:00.000000', '2017-07-17T00:00:00.000000',
       '2017-07-24T00:00:00.000000', '2017-07-31T00:00:00.000000',
       '2017-08-07T00:00:00.000000', '2017-08-14T00:00:00.000000',
       '2017-08-21T00:00:00.000000', '2017-08-28T00:00:00.000000',
       '2017-09-04T00:00:00.000000', '2017-09-11T00:00:00.000000',
       '2017-09-18T00:00:00.000000', '2017-09-25T00:00:00.000000',
       '2017-10-02T00:00:00.000000', '2017-10-09T00:00:00.000000',
       '2017-10-16T00:00:00.000000', '2017-10-23T00:00:00.000000',
       '2017-10-30T00:00:00.000000', '2017-11-06T00:00:00.000000',
       '2017-11-13T00:00:00.000000', '2017-11-20T00:00:00.000000',
       '2017-11-27T00:00:00.000000', '2017-12-04T00:00:00.000000',
       '2017-12-11T00:00:00.000000', '2017-12-18T00:00:00.000000',
       '2017-12-25T00:00:00.000000', '2018-01-01T00:00:00.000000',
       '2018-01-08T00:00:00.000000', '2018-01-15T00:00:00.000000',
       '2018-01-22T00:00:00.000000', '2018-01-29T00:00:00.000000',
       '2018-02-05T00:00:00.000000', '2018-02-12T00:00:00.000000',
       '2018-02-19T00:00:00.000000', '2018-02-26T00:00:00.000000',
       '2018-03-05T00:00:00.000000', '2018-03-12T00:00:00.000000',
       '2018-03-19T00:00:00.000000', '2018-03-26T00:00:00.000000',
       '2018-04-02T00:00:00.000000', '2018-04-09T00:00:00.000000',
       '2018-04-16T00:00:00.000000', '2018-04-23T00:00:00.000000',
       '2018-04-30T00:00:00.000000', '2018-05-07T00:00:00.000000',
       '2018-05-14T00:00:00.000000', '2018-05-21T00:00:00.000000',
       '2018-05-28T00:00:00.000000', '2018-06-04T00:00:00.000000',
       '2018-06-11T00:00:00.000000', '2018-06-18T00:00:00.000000',
       '2018-06-25T00:00:00.000000', '2018-07-02T00:00:00.000000',
       '2018-07-09T00:00:00.000000', '2018-07-16T00:00:00.000000',
       '2018-07-23T00:00:00.000000', '2018-07-30T00:00:00.000000',
       '2018-08-06T00:00:00.000000', '2018-08-13T00:00:00.000000',
       '2018-08-20T00:00:00.000000', '2018-08-27T00:00:00.000000',
       '2018-09-03T00:00:00.000000', '2018-09-10T00:00:00.000000',
       '2018-09-17T00:00:00.000000', '2018-09-24T00:00:00.000000',
       '2018-10-01T00:00:00.000000', '2018-10-08T00:00:00.000000',
       '2018-10-15T00:00:00.000000', '2018-10-22T00:00:00.000000',
       '2018-10-29T00:00:00.000000', '2018-11-05T00:00:00.000000',
       '2018-11-12T00:00:00.000000', '2018-11-19T00:00:00.000000',
       '2018-11-26T00:00:00.000000', '2018-12-03T00:00:00.000000',
       '2018-12-10T00:00:00.000000', '2018-12-17T00:00:00.000000',
       '2018-12-24T00:00:00.000000', '2018-12-31T00:00:00.000000',
       '2019-01-07T00:00:00.000000', '2019-01-14T00:00:00.000000',
       '2019-01-21T00:00:00.000000', '2019-01-28T00:00:00.000000',
       '2019-02-04T00:00:00.000000', '2019-02-11T00:00:00.000000',
       '2019-02-18T00:00:00.000000', '2019-02-25T00:00:00.000000',
       '2019-03-04T00:00:00.000000', '2019-03-11T00:00:00.000000',
       '2019-03-18T00:00:00.000000', '2019-03-25T00:00:00.000000',
       '2019-04-01T00:00:00.000000', '2019-04-08T00:00:00.000000',
       '2019-04-15T00:00:00.000000', '2019-04-22T00:00:00.000000',
       '2019-04-29T00:00:00.000000', '2019-05-06T00:00:00.000000',
       '2019-05-13T00:00:00.000000', '2019-05-20T00:00:00.000000',
       '2019-05-27T00:00:00.000000', '2019-06-03T00:00:00.000000',
       '2019-06-10T00:00:00.000000', '2019-06-17T00:00:00.000000',
       '2019-06-24T00:00:00.000000', '2019-07-01T00:00:00.000000',
       '2019-07-08T00:00:00.000000', '2019-07-15T00:00:00.000000',
       '2019-07-22T00:00:00.000000', '2019-07-29T00:00:00.000000',
       '2019-08-05T00:00:00.000000', '2019-08-12T00:00:00.000000',
       '2019-08-19T00:00:00.000000', '2019-08-26T00:00:00.000000',
       '2019-09-02T00:00:00.000000', '2019-09-09T00:00:00.000000',
       '2019-09-16T00:00:00.000000', '2019-09-23T00:00:00.000000',
       '2019-09-30T00:00:00.000000', '2019-10-07T00:00:00.000000',
       '2019-10-14T00:00:00.000000', '2019-10-21T00:00:00.000000',
       '2019-10-28T00:00:00.000000', '2019-11-04T00:00:00.000000',
       '2019-11-11T00:00:00.000000', '2019-11-18T00:00:00.000000',
       '2019-11-25T00:00:00.000000', '2019-12-02T00:00:00.000000',
       '2019-12-09T00:00:00.000000', '2019-12-16T00:00:00.000000',
       '2019-12-23T00:00:00.000000', '2019-12-30T00:00:00.000000',
       '2020-01-06T00:00:00.000000', '2020-01-13T00:00:00.000000',
       '2020-01-20T00:00:00.000000', '2020-01-27T00:00:00.000000',
       '2020-02-03T00:00:00.000000', '2020-02-10T00:00:00.000000',
       '2020-02-17T00:00:00.000000', '2020-02-24T00:00:00.000000',
       '2020-03-02T00:00:00.000000', '2020-03-09T00:00:00.000000',
       '2020-03-16T00:00:00.000000', '2020-03-23T00:00:00.000000',
       '2020-03-30T00:00:00.000000', '2020-04-06T00:00:00.000000',
       '2020-04-13T00:00:00.000000', '2020-04-20T00:00:00.000000',
       '2020-04-27T00:00:00.000000', '2020-05-04T00:00:00.000000',
       '2020-05-11T00:00:00.000000', '2020-05-18T00:00:00.000000',
       '2020-05-25T00:00:00.000000', '2020-06-01T00:00:00.000000',
       '2020-06-08T00:00:00.000000', '2020-06-15T00:00:00.000000',
       '2020-06-22T00:00:00.000000', '2020-06-29T00:00:00.000000',
       '2020-07-06T00:00:00.000000', '2020-07-13T00:00:00.000000',
       '2020-07-20T00:00:00.000000', '2020-07-27T00:00:00.000000',
       '2020-08-03T00:00:00.000000', '2020-08-10T00:00:00.000000',
       '2020-08-17T00:00:00.000000', '2020-08-24T00:00:00.000000',
       '2020-08-31T00:00:00.000000', '2020-09-07T00:00:00.000000',
       '2020-09-14T00:00:00.000000', '2020-09-21T00:00:00.000000',
       '2020-09-28T00:00:00.000000', '2020-10-05T00:00:00.000000',
       '2020-10-12T00:00:00.000000', '2020-10-19T00:00:00.000000',
       '2020-10-26T00:00:00.000000', '2020-11-02T00:00:00.000000',
       '2020-11-09T00:00:00.000000', '2020-11-16T00:00:00.000000',
       '2020-11-23T00:00:00.000000', '2020-11-30T00:00:00.000000',
       '2020-12-07T00:00:00.000000', '2020-12-14T00:00:00.000000',
       '2020-12-21T00:00:00.000000', '2020-12-28T00:00:00.000000',
       '2021-01-04T00:00:00.000000', '2021-01-11T00:00:00.000000',
       '2021-01-18T00:00:00.000000', '2021-01-25T00:00:00.000000',
       '2021-02-01T00:00:00.000000', '2021-02-08T00:00:00.000000',
       '2021-02-15T00:00:00.000000', '2021-02-22T00:00:00.000000',
       '2021-03-01T00:00:00.000000', '2021-03-08T00:00:00.000000',
       '2021-03-15T00:00:00.000000', '2021-03-22T00:00:00.000000',
       '2021-03-29T00:00:00.000000', '2021-04-05T00:00:00.000000',
       '2021-04-12T00:00:00.000000', '2021-04-19T00:00:00.000000',
       '2021-04-26T00:00:00.000000', '2021-05-03T00:00:00.000000',
       '2021-05-10T00:00:00.000000', '2021-05-17T00:00:00.000000',
       '2021-05-24T00:00:00.000000', '2021-05-31T00:00:00.000000',
       '2021-06-07T00:00:00.000000', '2021-06-14T00:00:00.000000',
       '2021-06-21T00:00:00.000000', '2021-06-28T00:00:00.000000',
       '2021-07-05T00:00:00.000000', '2021-07-12T00:00:00.000000',
       '2021-07-19T00:00:00.000000', '2021-07-26T00:00:00.000000',
       '2021-08-02T00:00:00.000000', '2021-08-09T00:00:00.000000',
       '2021-08-16T00:00:00.000000', '2021-08-23T00:00:00.000000',
       '2021-08-30T00:00:00.000000', '2021-09-06T00:00:00.000000',
       '2021-09-13T00:00:00.000000', '2021-09-20T00:00:00.000000',
       '2021-09-27T00:00:00.000000', '2021-10-04T00:00:00.000000',
       '2021-10-11T00:00:00.000000', '2021-10-18T00:00:00.000000',
       '2021-10-25T00:00:00.000000', '2021-11-01T00:00:00.000000',
       '2021-11-08T00:00:00.000000', '2021-11-15T00:00:00.000000',
       '2021-11-22T00:00:00.000000', '2021-11-29T00:00:00.000000',
       '2021-12-06T00:00:00.000000', '2021-12-13T00:00:00.000000',
       '2021-12-20T00:00:00.000000', '2021-12-27T00:00:00.000000',
       '2022-01-03T00:00:00.000000', '2022-01-10T00:00:00.000000',
       '2022-01-17T00:00:00.000000', '2022-01-24T00:00:00.000000',
       '2022-01-31T00:00:00.000000', '2022-02-07T00:00:00.000000',
       '2022-02-14T00:00:00.000000', '2022-02-21T00:00:00.000000',
       '2022-02-28T00:00:00.000000', '2022-03-07T00:00:00.000000',
       '2022-03-14T00:00:00.000000', '2022-03-21T00:00:00.000000',
       '2022-03-28T00:00:00.000000', '2022-04-04T00:00:00.000000',
       '2022-04-11T00:00:00.000000', '2022-04-18T00:00:00.000000',
       '2022-04-25T00:00:00.000000', '2022-05-02T00:00:00.000000',
       '2022-05-09T00:00:00.000000', '2022-05-16T00:00:00.000000',
       '2022-05-23T00:00:00.000000', '2022-05-30T00:00:00.000000',
       '2022-06-06T00:00:00.000000', '2022-06-13T00:00:00.000000',
       '2022-06-20T00:00:00.000000', '2022-06-27T00:00:00.000000',
       '2022-07-04T00:00:00.000000', '2022-07-11T00:00:00.000000',
       '2022-07-18T00:00:00.000000', '2022-07-25T00:00:00.000000',
       '2022-08-01T00:00:00.000000', '2022-08-08T00:00:00.000000',
       '2022-08-15T00:00:00.000000', '2022-08-22T00:00:00.000000',
       '2022-08-29T00:00:00.000000', '2022-09-05T00:00:00.000000',
       '2022-09-12T00:00:00.000000', '2022-09-19T00:00:00.000000',
       '2022-09-26T00:00:00.000000', '2022-10-03T00:00:00.000000',
       '2022-10-10T00:00:00.000000', '2022-10-17T00:00:00.000000',
       '2022-10-24T00:00:00.000000', '2022-10-31T00:00:00.000000',
       '2022-11-07T00:00:00.000000', '2022-11-14T00:00:00.000000',
       '2022-11-21T00:00:00.000000', '2022-11-28T00:00:00.000000',
       '2022-12-05T00:00:00.000000', '2022-12-12T00:00:00.000000',
       '2022-12-19T00:00:00.000000', '2022-12-26T00:00:00.000000',
       '2023-01-02T00:00:00.000000', '2023-01-09T00:00:00.000000',
       '2023-01-16T00:00:00.000000', '2023-01-23T00:00:00.000000',
       '2023-01-30T00:00:00.000000', '2023-02-06T00:00:00.000000',
       '2023-02-13T00:00:00.000000', '2023-02-20T00:00:00.000000',
       '2023-02-27T00:00:00.000000', '2023-03-06T00:00:00.000000',
       '2023-03-13T00:00:00.000000', '2023-03-20T00:00:00.000000',
       '2023-03-27T00:00:00.000000', '2023-04-03T00:00:00.000000',
       '2023-04-10T00:00:00.000000', '2023-04-17T00:00:00.000000',
       '2023-04-24T00:00:00.000000', '2023-05-01T00:00:00.000000',
       '2023-05-08T00:00:00.000000', '2023-05-15T00:00:00.000000',
       '2023-05-22T00:00:00.000000', '2023-05-29T00:00:00.000000',
       '2023-06-05T00:00:00.000000', '2023-06-12T00:00:00.000000',
       '2023-06-19T00:00:00.000000', '2023-06-26T00:00:00.000000',
       '2023-07-03T00:00:00.000000', '2023-07-10T00:00:00.000000',
       '2023-07-17T00:00:00.000000', '2023-07-24T00:00:00.000000',
       '2023-07-31T00:00:00.000000', '2023-08-07T00:00:00.000000',
       '2023-08-14T00:00:00.000000', '2023-08-21T00:00:00.000000',
       '2023-08-28T00:00:00.000000', '2023-09-04T00:00:00.000000',
       '2023-09-11T00:00:00.000000', '2023-09-18T00:00:00.000000',
       '2023-09-25T00:00:00.000000', '2023-10-02T00:00:00.000000',
       '2023-10-09T00:00:00.000000', '2023-10-16T00:00:00.000000',
       '2023-10-23T00:00:00.000000', '2023-10-30T00:00:00.000000',
       '2023-11-06T00:00:00.000000', '2023-11-13T00:00:00.000000',
       '2023-11-20T00:00:00.000000', '2023-11-27T00:00:00.000000',
       '2023-12-04T00:00:00.000000', '2023-12-11T00:00:00.000000',
       '2023-12-18T00:00:00.000000', '2023-12-25T00:00:00.000000',
       '2024-01-01T00:00:00.000000', '2024-01-08T00:00:00.000000',
       '2024-01-15T00:00:00.000000', '2024-01-22T00:00:00.000000',
       '2024-01-29T00:00:00.000000', '2024-02-05T00:00:00.000000',
       '2024-02-12T00:00:00.000000', '2024-02-19T00:00:00.000000',
       '2024-02-26T00:00:00.000000', '2024-03-04T00:00:00.000000',
       '2024-03-11T00:00:00.000000', '2024-03-18T00:00:00.000000',
       '2024-03-25T00:00:00.000000', '2024-04-01T00:00:00.000000',
       '2024-04-08T00:00:00.000000', '2024-04-15T00:00:00.000000',
       '2024-04-22T00:00:00.000000', '2024-04-29T00:00:00.000000',
       '2024-05-06T00:00:00.000000', '2024-05-13T00:00:00.000000',
       '2024-05-20T00:00:00.000000', '2024-05-27T00:00:00.000000',
       '2024-06-03T00:00:00.000000', '2024-06-10T00:00:00.000000',
       '2024-06-17T00:00:00.000000', '2024-06-24T00:00:00.000000',
       '2024-07-01T00:00:00.000000', '2024-07-08T00:00:00.000000',
       '2024-07-15T00:00:00.000000', '2024-07-22T00:00:00.000000',
       '2024-07-29T00:00:00.000000', '2024-08-05T00:00:00.000000',
       '2024-08-12T00:00:00.000000', '2024-08-19T00:00:00.000000',
       '2024-08-26T00:00:00.000000', '2024-09-02T00:00:00.000000',
       '2024-09-09T00:00:00.000000', '2024-09-16T00:00:00.000000',
       '2024-09-23T00:00:00.000000', '2024-09-30T00:00:00.000000',
       '2024-10-07T00:00:00.000000', '2024-10-14T00:00:00.000000',
       '2024-10-21T00:00:00.000000', '2024-10-28T00:00:00.000000',
       '2024-11-04T00:00:00.000000', '2024-11-11T00:00:00.000000',
       '2024-11-18T00:00:00.000000', '2024-11-25T00:00:00.000000',
       '2024-12-02T00:00:00.000000', '2024-12-09T00:00:00.000000',
       '2024-12-16T00:00:00.000000', '2024-12-23T00:00:00.000000',
       '2024-12-30T00:00:00.000000', '2025-06-09T00:00:00.000000',
       '2025-06-16T00:00:00.000000', '2025-06-23T00:00:00.000000',
       '2025-06-30T00:00:00.000000', '2025-07-07T00:00:00.000000',
       '2025-07-14T00:00:00.000000', '2025-07-21T00:00:00.000000',
       '2025-07-28T00:00:00.000000', '2025-08-04T00:00:00.000000',
       '2025-08-11T00:00:00.000000', '2025-08-18T00:00:00.000000',
       '2025-08-25T00:00:00.000000', '2025-09-01T00:00:00.000000',
       '2025-09-08T00:00:00.000000', '2025-09-15T00:00:00.000000',
       '2025-09-22T00:00:00.000000', '2025-09-29T00:00:00.000000',
       '2025-10-06T00:00:00.000000', '2025-10-13T00:00:00.000000',
       '2025-10-20T00:00:00.000000', '2025-10-27T00:00:00.000000',
       '2025-11-03T00:00:00.000000', '2025-11-10T00:00:00.000000',
       '2025-11-17T00:00:00.000000', '2025-11-24T00:00:00.000000',
       '2025-12-01T00:00:00.000000', '2025-12-08T00:00:00.000000',
       '2025-12-15T00:00:00.000000', '2025-12-22T00:00:00.000000',
       '2025-12-29T00:00:00.000000', '2026-01-05T00:00:00.000000',
       '2026-01-12T00:00:00.000000', '2026-01-19T00:00:00.000000',
       '2026-01-26T00:00:00.000000', '2026-02-02T00:00:00.000000',
       '2026-02-09T00:00:00.000000', '2026-02-16T00:00:00.000000',
       '2026-02-23T00:00:00.000000', '2026-03-02T00:00:00.000000',
       '2026-03-09T00:00:00.000000', '2026-03-16T00:00:00.000000',
       '2026-03-23T00:00:00.000000', '2026-03-30T00:00:00.000000',
       '2026-04-06T00:00:00.000000', '2026-04-13T00:00:00.000000',
       '2026-05-25T00:00:00.000000', '2026-06-01T00:00:00.000000',
       '2026-06-08T00:00:00.000000', '2026-06-15T00:00:00.000000'],
      dtype='datetime64[us]'))
2026-07-04 06:06:29.598 | DEBUG    | __main__:forecast_holt_winters:131 -     Holt-Winters forecast failed: positive() got an unexpected keyword argument 'lower'
2026-07-04 06:06:29.601 | DEBUG    | __main__:forecast_tree:163 -     Tree forecast failed: Feature shape mismatch, expected: 18, got 16
2026-07-04 06:06:29.602 | INFO     | __main__:forecast_commodity:294 -   daily        -> N   1,598,120/MT  -1.4%  (2026-07-06)
2026-07-04 06:06:29.603 | INFO     | __main__:forecast_commodity:294 -   weekly       -> N   1,598,120/MT  -1.4%  (2026-07-13)
2026-07-04 06:06:29.603 | INFO     | __main__:forecast_commodity:294 -   2_weeks      -> N   1,646,391/MT  +1.6%  (2026-07-20)
2026-07-04 06:06:29.604 | INFO     | __main__:forecast_commodity:294 -   monthly      -> N   1,626,353/MT  +0.3%  (2026-08-03)
2026-07-04 06:06:29.605 | INFO     | __main__:forecast_commodity:294 -   3_months     -> N   1,628,685/MT  +0.5%  (2026-10-05)
2026-07-04 06:06:29.606 | INFO     | __main__:forecast_commodity:294 -   6_months     -> N   1,625,394/MT  +0.3%  (2027-01-04)
2026-07-04 06:06:29.607 | INFO     | __main__:run_forecasting:359 -   Sesame
2026-07-04 06:06:29.607 | INFO     | __main__:run_forecasting:353 - 
[3/17] Forecasting Ginger...
2026-07-04 06:06:29.689 | WARNING  | __main__:load_models_and_meta:87 -   Could not load arima for Ginger: No module named 'pmdarima'
2026-07-04 06:06:29.724 | WARNING  | __main__:load_models_and_meta:87 -   Could not load prophet for Ginger: (dtype('<M8[us]'), array(['2000-01-03T00:00:00.000000', '2000-01-10T00:00:00.000000',
       '2000-01-17T00:00:00.000000', ..., '2026-06-01T00:00:00.000000',
       '2026-06-08T00:00:00.000000', '2026-06-15T00:00:00.000000'],
      shape=(1376,), dtype='datetime64[us]'))
2026-07-04 06:06:29.863 | DEBUG    | __main__:forecast_holt_winters:131 -     Holt-Winters forecast failed: positive() got an unexpected keyword argument 'lower'
2026-07-04 06:06:29.867 | DEBUG    | __main__:forecast_tree:163 -     Tree forecast failed: Feature shape mismatch, expected: 18, got 16
2026-07-04 06:06:29.868 | INFO     | __main__:forecast_commodity:294 -   daily        -> N  12,406,403/MT  +0.9%  (2026-07-06)
2026-07-04 06:06:29.870 | INFO     | __main__:forecast_commodity:294 -   weekly       -> N  12,406,403/MT  +0.9%  (2026-07-13)
2026-07-04 06:06:29.873 | INFO     | __main__:forecast_commodity:294 -   2_weeks      -> N  12,519,082/MT  +1.9%  (2026-07-20)
2026-07-04 06:06:29.883 | INFO     | __main__:forecast_commodity:294 -   monthly      -> N  12,122,608/MT  -1.4%  (2026-08-03)
2026-07-04 06:06:29.885 | INFO     | __main__:forecast_commodity:294 -   3_months     -> N  12,389,672/MT  +0.8%  (2026-10-05)
2026-07-04 06:06:29.886 | INFO     | __main__:forecast_commodity:294 -   6_months     -> N  12,356,661/MT  +0.5%  (2027-01-04)
2026-07-04 06:06:29.888 | INFO     | __main__:run_forecasting:359 -   Ginger
2026-07-04 06:06:29.888 | INFO     | __main__:run_forecasting:353 - 
[4/17] Forecasting Cocoa...
2026-07-04 06:06:29.966 | WARNING  | __main__:load_models_and_meta:87 -   Could not load arima for Cocoa: No module named 'pmdarima'
2026-07-04 06:06:30.021 | WARNING  | __main__:load_models_and_meta:87 -   Could not load prophet for Cocoa: (dtype('<M8[us]'), array(['2000-01-03T00:00:00.000000', '2000-01-10T00:00:00.000000',
       '2000-01-17T00:00:00.000000', ..., '2026-06-01T00:00:00.000000',
       '2026-06-08T00:00:00.000000', '2026-06-15T00:00:00.000000'],
      shape=(1376,), dtype='datetime64[us]'))
2026-07-04 06:06:30.150 | DEBUG    | __main__:forecast_holt_winters:131 -     Holt-Winters forecast failed: positive() got an unexpected keyword argument 'lower'
2026-07-04 06:06:30.153 | DEBUG    | __main__:forecast_tree:163 -     Tree forecast failed: Feature shape mismatch, expected: 18, got 16
2026-07-04 06:06:30.154 | INFO     | __main__:forecast_commodity:294 -   daily        -> N   5,712,386/MT  -1.0%  (2026-07-06)
2026-07-04 06:06:30.155 | INFO     | __main__:forecast_commodity:294 -   weekly       -> N   5,712,386/MT  -1.0%  (2026-07-13)
2026-07-04 06:06:30.156 | INFO     | __main__:forecast_commodity:294 -   2_weeks      -> N   5,809,205/MT  +0.7%  (2026-07-20)
2026-07-04 06:06:30.156 | INFO     | __main__:forecast_commodity:294 -   monthly      -> N   5,772,505/MT  +0.1%  (2026-08-03)
2026-07-04 06:06:30.157 | INFO     | __main__:forecast_commodity:294 -   3_months     -> N   5,709,221/MT  -1.0%  (2026-10-05)
2026-07-04 06:06:30.158 | INFO     | __main__:forecast_commodity:294 -   6_months     -> N   5,786,823/MT  +0.3%  (2027-01-04)
2026-07-04 06:06:30.159 | INFO     | __main__:run_forecasting:359 -   Cocoa
2026-07-04 06:06:30.160 | INFO     | __main__:run_forecasting:353 - 
[5/17] Forecasting Soybeans...
2026-07-04 06:06:30.232 | WARNING  | __main__:load_models_and_meta:87 -   Could not load arima for Soybeans: No module named 'pmdarima'
2026-07-04 06:06:30.267 | WARNING  | __main__:load_models_and_meta:87 -   Could not load prophet for Soybeans: (dtype('<M8[us]'), array(['2000-01-03T00:00:00.000000', '2000-01-10T00:00:00.000000',
       '2000-01-17T00:00:00.000000', ..., '2026-06-01T00:00:00.000000',
       '2026-06-08T00:00:00.000000', '2026-06-15T00:00:00.000000'],
      shape=(1376,), dtype='datetime64[us]'))
2026-07-04 06:06:30.416 | DEBUG    | __main__:forecast_holt_winters:131 -     Holt-Winters forecast failed: positive() got an unexpected keyword argument 'lower'
2026-07-04 06:06:30.419 | DEBUG    | __main__:forecast_tree:163 -     Tree forecast failed: Feature shape mismatch, expected: 18, got 16
2026-07-04 06:06:30.420 | INFO     | __main__:forecast_commodity:294 -   daily        -> N     749,110/MT  -0.2%  (2026-07-06)
2026-07-04 06:06:30.421 | INFO     | __main__:forecast_commodity:294 -   weekly       -> N     749,110/MT  -0.2%  (2026-07-13)
2026-07-04 06:06:30.422 | INFO     | __main__:forecast_commodity:294 -   2_weeks      -> N     738,974/MT  -1.6%  (2026-07-20)
2026-07-04 06:06:30.422 | INFO     | __main__:forecast_commodity:294 -   monthly      -> N     743,916/MT  -0.9%  (2026-08-03)
2026-07-04 06:06:30.423 | INFO     | __main__:forecast_commodity:294 -   3_months     -> N     744,232/MT  -0.9%  (2026-10-05)
2026-07-04 06:06:30.425 | INFO     | __main__:forecast_commodity:294 -   6_months     -> N     754,523/MT  +0.5%  (2027-01-04)
2026-07-04 06:06:30.427 | INFO     | __main__:run_forecasting:359 -   Soybeans
2026-07-04 06:06:30.428 | INFO     | __main__:run_forecasting:353 - 
[6/17] Forecasting Cashew Nuts...
2026-07-04 06:06:30.504 | WARNING  | __main__:load_models_and_meta:87 -   Could not load arima for Cashew Nuts: No module named 'pmdarima'
2026-07-04 06:06:30.562 | WARNING  | __main__:load_models_and_meta:87 -   Could not load prophet for Cashew Nuts: (dtype('<M8[us]'), array(['2010-01-04T00:00:00.000000', '2010-01-11T00:00:00.000000',
       '2010-01-18T00:00:00.000000', '2010-01-25T00:00:00.000000',
       '2010-02-01T00:00:00.000000', '2010-02-08T00:00:00.000000',
       '2010-02-15T00:00:00.000000', '2010-02-22T00:00:00.000000',
       '2010-03-01T00:00:00.000000', '2010-03-08T00:00:00.000000',
       '2010-03-15T00:00:00.000000', '2010-03-22T00:00:00.000000',
       '2010-03-29T00:00:00.000000', '2010-04-05T00:00:00.000000',
       '2010-04-12T00:00:00.000000', '2010-04-19T00:00:00.000000',
       '2010-04-26T00:00:00.000000', '2010-05-03T00:00:00.000000',
       '2010-05-10T00:00:00.000000', '2010-05-17T00:00:00.000000',
       '2010-05-24T00:00:00.000000', '2010-05-31T00:00:00.000000',
       '2010-06-07T00:00:00.000000', '2010-06-14T00:00:00.000000',
       '2010-06-21T00:00:00.000000', '2010-06-28T00:00:00.000000',
       '2010-07-05T00:00:00.000000', '2010-07-12T00:00:00.000000',
       '2010-07-19T00:00:00.000000', '2010-07-26T00:00:00.000000',
       '2010-08-02T00:00:00.000000', '2010-08-09T00:00:00.000000',
       '2010-08-16T00:00:00.000000', '2010-08-23T00:00:00.000000',
       '2010-08-30T00:00:00.000000', '2010-09-06T00:00:00.000000',
       '2010-09-13T00:00:00.000000', '2010-09-20T00:00:00.000000',
       '2010-09-27T00:00:00.000000', '2010-10-04T00:00:00.000000',
       '2010-10-11T00:00:00.000000', '2010-10-18T00:00:00.000000',
       '2010-10-25T00:00:00.000000', '2010-11-01T00:00:00.000000',
       '2010-11-08T00:00:00.000000', '2010-11-15T00:00:00.000000',
       '2010-11-22T00:00:00.000000', '2010-11-29T00:00:00.000000',
       '2010-12-06T00:00:00.000000', '2010-12-13T00:00:00.000000',
       '2010-12-20T00:00:00.000000', '2010-12-27T00:00:00.000000',
       '2011-01-03T00:00:00.000000', '2011-01-10T00:00:00.000000',
       '2011-01-17T00:00:00.000000', '2011-01-24T00:00:00.000000',
       '2011-01-31T00:00:00.000000', '2011-02-07T00:00:00.000000',
       '2011-02-14T00:00:00.000000', '2011-02-21T00:00:00.000000',
       '2011-02-28T00:00:00.000000', '2011-03-07T00:00:00.000000',
       '2011-03-14T00:00:00.000000', '2011-03-21T00:00:00.000000',
       '2011-03-28T00:00:00.000000', '2011-04-04T00:00:00.000000',
       '2011-04-11T00:00:00.000000', '2011-04-18T00:00:00.000000',
       '2011-04-25T00:00:00.000000', '2011-05-02T00:00:00.000000',
       '2011-05-09T00:00:00.000000', '2011-05-16T00:00:00.000000',
       '2011-05-23T00:00:00.000000', '2011-05-30T00:00:00.000000',
       '2011-06-06T00:00:00.000000', '2011-06-13T00:00:00.000000',
       '2011-06-20T00:00:00.000000', '2011-06-27T00:00:00.000000',
       '2011-07-04T00:00:00.000000', '2011-07-11T00:00:00.000000',
       '2011-07-18T00:00:00.000000', '2011-07-25T00:00:00.000000',
       '2011-08-01T00:00:00.000000', '2011-08-08T00:00:00.000000',
       '2011-08-15T00:00:00.000000', '2011-08-22T00:00:00.000000',
       '2011-08-29T00:00:00.000000', '2011-09-05T00:00:00.000000',
       '2011-09-12T00:00:00.000000', '2011-09-19T00:00:00.000000',
       '2011-09-26T00:00:00.000000', '2011-10-03T00:00:00.000000',
       '2011-10-10T00:00:00.000000', '2011-10-17T00:00:00.000000',
       '2011-10-24T00:00:00.000000', '2011-10-31T00:00:00.000000',
       '2011-11-07T00:00:00.000000', '2011-11-14T00:00:00.000000',
       '2011-11-21T00:00:00.000000', '2011-11-28T00:00:00.000000',
       '2011-12-05T00:00:00.000000', '2011-12-12T00:00:00.000000',
       '2011-12-19T00:00:00.000000', '2011-12-26T00:00:00.000000',
       '2012-01-02T00:00:00.000000', '2012-01-09T00:00:00.000000',
       '2012-01-16T00:00:00.000000', '2012-01-23T00:00:00.000000',
       '2012-01-30T00:00:00.000000', '2012-02-06T00:00:00.000000',
       '2012-02-13T00:00:00.000000', '2012-02-20T00:00:00.000000',
       '2012-02-27T00:00:00.000000', '2012-03-05T00:00:00.000000',
       '2012-03-12T00:00:00.000000', '2012-03-19T00:00:00.000000',
       '2012-03-26T00:00:00.000000', '2012-04-02T00:00:00.000000',
       '2012-04-09T00:00:00.000000', '2012-04-16T00:00:00.000000',
       '2012-04-23T00:00:00.000000', '2012-04-30T00:00:00.000000',
       '2012-05-07T00:00:00.000000', '2012-05-14T00:00:00.000000',
       '2012-05-21T00:00:00.000000', '2012-05-28T00:00:00.000000',
       '2012-06-04T00:00:00.000000', '2012-06-11T00:00:00.000000',
       '2012-06-18T00:00:00.000000', '2012-06-25T00:00:00.000000',
       '2012-07-02T00:00:00.000000', '2012-07-09T00:00:00.000000',
       '2012-07-16T00:00:00.000000', '2012-07-23T00:00:00.000000',
       '2012-07-30T00:00:00.000000', '2012-08-06T00:00:00.000000',
       '2012-08-13T00:00:00.000000', '2012-08-20T00:00:00.000000',
       '2012-08-27T00:00:00.000000', '2012-09-03T00:00:00.000000',
       '2012-09-10T00:00:00.000000', '2012-09-17T00:00:00.000000',
       '2012-09-24T00:00:00.000000', '2012-10-01T00:00:00.000000',
       '2012-10-08T00:00:00.000000', '2012-10-15T00:00:00.000000',
       '2012-10-22T00:00:00.000000', '2012-10-29T00:00:00.000000',
       '2012-11-05T00:00:00.000000', '2012-11-12T00:00:00.000000',
       '2012-11-19T00:00:00.000000', '2012-11-26T00:00:00.000000',
       '2012-12-03T00:00:00.000000', '2012-12-10T00:00:00.000000',
       '2012-12-17T00:00:00.000000', '2012-12-24T00:00:00.000000',
       '2012-12-31T00:00:00.000000', '2013-01-07T00:00:00.000000',
       '2013-01-14T00:00:00.000000', '2013-01-21T00:00:00.000000',
       '2013-01-28T00:00:00.000000', '2013-02-04T00:00:00.000000',
       '2013-02-11T00:00:00.000000', '2013-02-18T00:00:00.000000',
       '2013-02-25T00:00:00.000000', '2013-03-04T00:00:00.000000',
       '2013-03-11T00:00:00.000000', '2013-03-18T00:00:00.000000',
       '2013-03-25T00:00:00.000000', '2013-04-01T00:00:00.000000',
       '2013-04-08T00:00:00.000000', '2013-04-15T00:00:00.000000',
       '2013-04-22T00:00:00.000000', '2013-04-29T00:00:00.000000',
       '2013-05-06T00:00:00.000000', '2013-05-13T00:00:00.000000',
       '2013-05-20T00:00:00.000000', '2013-05-27T00:00:00.000000',
       '2013-06-03T00:00:00.000000', '2013-06-10T00:00:00.000000',
       '2013-06-17T00:00:00.000000', '2013-06-24T00:00:00.000000',
       '2013-07-01T00:00:00.000000', '2013-07-08T00:00:00.000000',
       '2013-07-15T00:00:00.000000', '2013-07-22T00:00:00.000000',
       '2013-07-29T00:00:00.000000', '2013-08-05T00:00:00.000000',
       '2013-08-12T00:00:00.000000', '2013-08-19T00:00:00.000000',
       '2013-08-26T00:00:00.000000', '2013-09-02T00:00:00.000000',
       '2013-09-09T00:00:00.000000', '2013-09-16T00:00:00.000000',
       '2013-09-23T00:00:00.000000', '2013-09-30T00:00:00.000000',
       '2013-10-07T00:00:00.000000', '2013-10-14T00:00:00.000000',
       '2013-10-21T00:00:00.000000', '2013-10-28T00:00:00.000000',
       '2013-11-04T00:00:00.000000', '2013-11-11T00:00:00.000000',
       '2013-11-18T00:00:00.000000', '2013-11-25T00:00:00.000000',
       '2013-12-02T00:00:00.000000', '2013-12-09T00:00:00.000000',
       '2013-12-16T00:00:00.000000', '2013-12-23T00:00:00.000000',
       '2013-12-30T00:00:00.000000', '2014-01-06T00:00:00.000000',
       '2014-01-13T00:00:00.000000', '2014-01-20T00:00:00.000000',
       '2014-01-27T00:00:00.000000', '2014-02-03T00:00:00.000000',
       '2014-02-10T00:00:00.000000', '2014-02-17T00:00:00.000000',
       '2014-02-24T00:00:00.000000', '2014-03-03T00:00:00.000000',
       '2014-03-10T00:00:00.000000', '2014-03-17T00:00:00.000000',
       '2014-03-24T00:00:00.000000', '2014-03-31T00:00:00.000000',
       '2014-04-07T00:00:00.000000', '2014-04-14T00:00:00.000000',
       '2014-04-21T00:00:00.000000', '2014-04-28T00:00:00.000000',
       '2014-05-05T00:00:00.000000', '2014-05-12T00:00:00.000000',
       '2014-05-19T00:00:00.000000', '2014-05-26T00:00:00.000000',
       '2014-06-02T00:00:00.000000', '2014-06-09T00:00:00.000000',
       '2014-06-16T00:00:00.000000', '2014-06-23T00:00:00.000000',
       '2014-06-30T00:00:00.000000', '2014-07-07T00:00:00.000000',
       '2014-07-14T00:00:00.000000', '2014-07-21T00:00:00.000000',
       '2014-07-28T00:00:00.000000', '2014-08-04T00:00:00.000000',
       '2014-08-11T00:00:00.000000', '2014-08-18T00:00:00.000000',
       '2014-08-25T00:00:00.000000', '2014-09-01T00:00:00.000000',
       '2014-09-08T00:00:00.000000', '2014-09-15T00:00:00.000000',
       '2014-09-22T00:00:00.000000', '2014-09-29T00:00:00.000000',
       '2014-10-06T00:00:00.000000', '2014-10-13T00:00:00.000000',
       '2014-10-20T00:00:00.000000', '2014-10-27T00:00:00.000000',
       '2014-11-03T00:00:00.000000', '2014-11-10T00:00:00.000000',
       '2014-11-17T00:00:00.000000', '2014-11-24T00:00:00.000000',
       '2014-12-01T00:00:00.000000', '2014-12-08T00:00:00.000000',
       '2014-12-15T00:00:00.000000', '2014-12-22T00:00:00.000000',
       '2014-12-29T00:00:00.000000', '2015-01-05T00:00:00.000000',
       '2015-01-12T00:00:00.000000', '2015-01-19T00:00:00.000000',
       '2015-01-26T00:00:00.000000', '2015-02-02T00:00:00.000000',
       '2015-02-09T00:00:00.000000', '2015-02-16T00:00:00.000000',
       '2015-02-23T00:00:00.000000', '2015-03-02T00:00:00.000000',
       '2015-03-09T00:00:00.000000', '2015-03-16T00:00:00.000000',
       '2015-03-23T00:00:00.000000', '2015-03-30T00:00:00.000000',
       '2015-04-06T00:00:00.000000', '2015-04-13T00:00:00.000000',
       '2015-04-20T00:00:00.000000', '2015-04-27T00:00:00.000000',
       '2015-05-04T00:00:00.000000', '2015-05-11T00:00:00.000000',
       '2015-05-18T00:00:00.000000', '2015-05-25T00:00:00.000000',
       '2015-06-01T00:00:00.000000', '2015-06-08T00:00:00.000000',
       '2015-06-15T00:00:00.000000', '2015-06-22T00:00:00.000000',
       '2015-06-29T00:00:00.000000', '2015-07-06T00:00:00.000000',
       '2015-07-13T00:00:00.000000', '2015-07-20T00:00:00.000000',
       '2015-07-27T00:00:00.000000', '2015-08-03T00:00:00.000000',
       '2015-08-10T00:00:00.000000', '2015-08-17T00:00:00.000000',
       '2015-08-24T00:00:00.000000', '2015-08-31T00:00:00.000000',
       '2015-09-07T00:00:00.000000', '2015-09-14T00:00:00.000000',
       '2015-09-21T00:00:00.000000', '2015-09-28T00:00:00.000000',
       '2015-10-05T00:00:00.000000', '2015-10-12T00:00:00.000000',
       '2015-10-19T00:00:00.000000', '2015-10-26T00:00:00.000000',
       '2015-11-02T00:00:00.000000', '2015-11-09T00:00:00.000000',
       '2015-11-16T00:00:00.000000', '2015-11-23T00:00:00.000000',
       '2015-11-30T00:00:00.000000', '2015-12-07T00:00:00.000000',
       '2015-12-14T00:00:00.000000', '2015-12-21T00:00:00.000000',
       '2015-12-28T00:00:00.000000', '2016-01-04T00:00:00.000000',
       '2016-01-11T00:00:00.000000', '2016-01-18T00:00:00.000000',
       '2016-01-25T00:00:00.000000', '2016-02-01T00:00:00.000000',
       '2016-02-08T00:00:00.000000', '2016-02-15T00:00:00.000000',
       '2016-02-22T00:00:00.000000', '2016-02-29T00:00:00.000000',
       '2016-03-07T00:00:00.000000', '2016-03-14T00:00:00.000000',
       '2016-03-21T00:00:00.000000', '2016-03-28T00:00:00.000000',
       '2016-04-04T00:00:00.000000', '2016-04-11T00:00:00.000000',
       '2016-04-18T00:00:00.000000', '2016-04-25T00:00:00.000000',
       '2016-05-02T00:00:00.000000', '2016-05-09T00:00:00.000000',
       '2016-05-16T00:00:00.000000', '2016-05-23T00:00:00.000000',
       '2016-05-30T00:00:00.000000', '2016-06-06T00:00:00.000000',
       '2016-06-13T00:00:00.000000', '2016-06-20T00:00:00.000000',
       '2016-06-27T00:00:00.000000', '2016-07-04T00:00:00.000000',
       '2016-07-11T00:00:00.000000', '2016-07-18T00:00:00.000000',
       '2016-07-25T00:00:00.000000', '2016-08-01T00:00:00.000000',
       '2016-08-08T00:00:00.000000', '2016-08-15T00:00:00.000000',
       '2016-08-22T00:00:00.000000', '2016-08-29T00:00:00.000000',
       '2016-09-05T00:00:00.000000', '2016-09-12T00:00:00.000000',
       '2016-09-19T00:00:00.000000', '2016-09-26T00:00:00.000000',
       '2016-10-03T00:00:00.000000', '2016-10-10T00:00:00.000000',
       '2016-10-17T00:00:00.000000', '2016-10-24T00:00:00.000000',
       '2016-10-31T00:00:00.000000', '2016-11-07T00:00:00.000000',
       '2016-11-14T00:00:00.000000', '2016-11-21T00:00:00.000000',
       '2016-11-28T00:00:00.000000', '2016-12-05T00:00:00.000000',
       '2016-12-12T00:00:00.000000', '2016-12-19T00:00:00.000000',
       '2016-12-26T00:00:00.000000', '2017-01-02T00:00:00.000000',
       '2017-01-09T00:00:00.000000', '2017-01-16T00:00:00.000000',
       '2017-01-23T00:00:00.000000', '2017-01-30T00:00:00.000000',
       '2017-02-06T00:00:00.000000', '2017-02-13T00:00:00.000000',
       '2017-02-20T00:00:00.000000', '2017-02-27T00:00:00.000000',
       '2017-03-06T00:00:00.000000', '2017-03-13T00:00:00.000000',
       '2017-03-20T00:00:00.000000', '2017-03-27T00:00:00.000000',
       '2017-04-03T00:00:00.000000', '2017-04-10T00:00:00.000000',
       '2017-04-17T00:00:00.000000', '2017-04-24T00:00:00.000000',
       '2017-05-01T00:00:00.000000', '2017-05-08T00:00:00.000000',
       '2017-05-15T00:00:00.000000', '2017-05-22T00:00:00.000000',
       '2017-05-29T00:00:00.000000', '2017-06-05T00:00:00.000000',
       '2017-06-12T00:00:00.000000', '2017-06-19T00:00:00.000000',
       '2017-06-26T00:00:00.000000', '2017-07-03T00:00:00.000000',
       '2017-07-10T00:00:00.000000', '2017-07-17T00:00:00.000000',
       '2017-07-24T00:00:00.000000', '2017-07-31T00:00:00.000000',
       '2017-08-07T00:00:00.000000', '2017-08-14T00:00:00.000000',
       '2017-08-21T00:00:00.000000', '2017-08-28T00:00:00.000000',
       '2017-09-04T00:00:00.000000', '2017-09-11T00:00:00.000000',
       '2017-09-18T00:00:00.000000', '2017-09-25T00:00:00.000000',
       '2017-10-02T00:00:00.000000', '2017-10-09T00:00:00.000000',
       '2017-10-16T00:00:00.000000', '2017-10-23T00:00:00.000000',
       '2017-10-30T00:00:00.000000', '2017-11-06T00:00:00.000000',
       '2017-11-13T00:00:00.000000', '2017-11-20T00:00:00.000000',
       '2017-11-27T00:00:00.000000', '2017-12-04T00:00:00.000000',
       '2017-12-11T00:00:00.000000', '2017-12-18T00:00:00.000000',
       '2017-12-25T00:00:00.000000', '2018-01-01T00:00:00.000000',
       '2018-01-08T00:00:00.000000', '2018-01-15T00:00:00.000000',
       '2018-01-22T00:00:00.000000', '2018-01-29T00:00:00.000000',
       '2018-02-05T00:00:00.000000', '2018-02-12T00:00:00.000000',
       '2018-02-19T00:00:00.000000', '2018-02-26T00:00:00.000000',
       '2018-03-05T00:00:00.000000', '2018-03-12T00:00:00.000000',
       '2018-03-19T00:00:00.000000', '2018-03-26T00:00:00.000000',
       '2018-04-02T00:00:00.000000', '2018-04-09T00:00:00.000000',
       '2018-04-16T00:00:00.000000', '2018-04-23T00:00:00.000000',
       '2018-04-30T00:00:00.000000', '2018-05-07T00:00:00.000000',
       '2018-05-14T00:00:00.000000', '2018-05-21T00:00:00.000000',
       '2018-05-28T00:00:00.000000', '2018-06-04T00:00:00.000000',
       '2018-06-11T00:00:00.000000', '2018-06-18T00:00:00.000000',
       '2018-06-25T00:00:00.000000', '2018-07-02T00:00:00.000000',
       '2018-07-09T00:00:00.000000', '2018-07-16T00:00:00.000000',
       '2018-07-23T00:00:00.000000', '2018-07-30T00:00:00.000000',
       '2018-08-06T00:00:00.000000', '2018-08-13T00:00:00.000000',
       '2018-08-20T00:00:00.000000', '2018-08-27T00:00:00.000000',
       '2018-09-03T00:00:00.000000', '2018-09-10T00:00:00.000000',
       '2018-09-17T00:00:00.000000', '2018-09-24T00:00:00.000000',
       '2018-10-01T00:00:00.000000', '2018-10-08T00:00:00.000000',
       '2018-10-15T00:00:00.000000', '2018-10-22T00:00:00.000000',
       '2018-10-29T00:00:00.000000', '2018-11-05T00:00:00.000000',
       '2018-11-12T00:00:00.000000', '2018-11-19T00:00:00.000000',
       '2018-11-26T00:00:00.000000', '2018-12-03T00:00:00.000000',
       '2018-12-10T00:00:00.000000', '2018-12-17T00:00:00.000000',
       '2018-12-24T00:00:00.000000', '2018-12-31T00:00:00.000000',
       '2019-01-07T00:00:00.000000', '2019-01-14T00:00:00.000000',
       '2019-01-21T00:00:00.000000', '2019-01-28T00:00:00.000000',
       '2019-02-04T00:00:00.000000', '2019-02-11T00:00:00.000000',
       '2019-02-18T00:00:00.000000', '2019-02-25T00:00:00.000000',
       '2019-03-04T00:00:00.000000', '2019-03-11T00:00:00.000000',
       '2019-03-18T00:00:00.000000', '2019-03-25T00:00:00.000000',
       '2019-04-01T00:00:00.000000', '2019-04-08T00:00:00.000000',
       '2019-04-15T00:00:00.000000', '2019-04-22T00:00:00.000000',
       '2019-04-29T00:00:00.000000', '2019-05-06T00:00:00.000000',
       '2019-05-13T00:00:00.000000', '2019-05-20T00:00:00.000000',
       '2019-05-27T00:00:00.000000', '2019-06-03T00:00:00.000000',
       '2019-06-10T00:00:00.000000', '2019-06-17T00:00:00.000000',
       '2019-06-24T00:00:00.000000', '2019-07-01T00:00:00.000000',
       '2019-07-08T00:00:00.000000', '2019-07-15T00:00:00.000000',
       '2019-07-22T00:00:00.000000', '2019-07-29T00:00:00.000000',
       '2019-08-05T00:00:00.000000', '2019-08-12T00:00:00.000000',
       '2019-08-19T00:00:00.000000', '2019-08-26T00:00:00.000000',
       '2019-09-02T00:00:00.000000', '2019-09-09T00:00:00.000000',
       '2019-09-16T00:00:00.000000', '2019-09-23T00:00:00.000000',
       '2019-09-30T00:00:00.000000', '2019-10-07T00:00:00.000000',
       '2019-10-14T00:00:00.000000', '2019-10-21T00:00:00.000000',
       '2019-10-28T00:00:00.000000', '2019-11-04T00:00:00.000000',
       '2019-11-11T00:00:00.000000', '2019-11-18T00:00:00.000000',
       '2019-11-25T00:00:00.000000', '2019-12-02T00:00:00.000000',
       '2019-12-09T00:00:00.000000', '2019-12-16T00:00:00.000000',
       '2019-12-23T00:00:00.000000', '2019-12-30T00:00:00.000000',
       '2020-01-06T00:00:00.000000', '2020-01-13T00:00:00.000000',
       '2020-01-20T00:00:00.000000', '2020-01-27T00:00:00.000000',
       '2020-02-03T00:00:00.000000', '2020-02-10T00:00:00.000000',
       '2020-02-17T00:00:00.000000', '2020-02-24T00:00:00.000000',
       '2020-03-02T00:00:00.000000', '2020-03-09T00:00:00.000000',
       '2020-03-16T00:00:00.000000', '2020-03-23T00:00:00.000000',
       '2020-03-30T00:00:00.000000', '2020-04-06T00:00:00.000000',
       '2020-04-13T00:00:00.000000', '2020-04-20T00:00:00.000000',
       '2020-04-27T00:00:00.000000', '2020-05-04T00:00:00.000000',
       '2020-05-11T00:00:00.000000', '2020-05-18T00:00:00.000000',
       '2020-05-25T00:00:00.000000', '2020-06-01T00:00:00.000000',
       '2020-06-08T00:00:00.000000', '2020-06-15T00:00:00.000000',
       '2020-06-22T00:00:00.000000', '2020-06-29T00:00:00.000000',
       '2020-07-06T00:00:00.000000', '2020-07-13T00:00:00.000000',
       '2020-07-20T00:00:00.000000', '2020-07-27T00:00:00.000000',
       '2020-08-03T00:00:00.000000', '2020-08-10T00:00:00.000000',
       '2020-08-17T00:00:00.000000', '2020-08-24T00:00:00.000000',
       '2020-08-31T00:00:00.000000', '2020-09-07T00:00:00.000000',
       '2020-09-14T00:00:00.000000', '2020-09-21T00:00:00.000000',
       '2020-09-28T00:00:00.000000', '2020-10-05T00:00:00.000000',
       '2020-10-12T00:00:00.000000', '2020-10-19T00:00:00.000000',
       '2020-10-26T00:00:00.000000', '2020-11-02T00:00:00.000000',
       '2020-11-09T00:00:00.000000', '2020-11-16T00:00:00.000000',
       '2020-11-23T00:00:00.000000', '2020-11-30T00:00:00.000000',
       '2020-12-07T00:00:00.000000', '2020-12-14T00:00:00.000000',
       '2020-12-21T00:00:00.000000', '2020-12-28T00:00:00.000000',
       '2021-01-04T00:00:00.000000', '2021-01-11T00:00:00.000000',
       '2021-01-18T00:00:00.000000', '2021-01-25T00:00:00.000000',
       '2021-02-01T00:00:00.000000', '2021-02-08T00:00:00.000000',
       '2021-02-15T00:00:00.000000', '2021-02-22T00:00:00.000000',
       '2021-03-01T00:00:00.000000', '2021-03-08T00:00:00.000000',
       '2021-03-15T00:00:00.000000', '2021-03-22T00:00:00.000000',
       '2021-03-29T00:00:00.000000', '2021-04-05T00:00:00.000000',
       '2021-04-12T00:00:00.000000', '2021-04-19T00:00:00.000000',
       '2021-04-26T00:00:00.000000', '2021-05-03T00:00:00.000000',
       '2021-05-10T00:00:00.000000', '2021-05-17T00:00:00.000000',
       '2021-05-24T00:00:00.000000', '2021-05-31T00:00:00.000000',
       '2021-06-07T00:00:00.000000', '2021-06-14T00:00:00.000000',
       '2021-06-21T00:00:00.000000', '2021-06-28T00:00:00.000000',
       '2021-07-05T00:00:00.000000', '2021-07-12T00:00:00.000000',
       '2021-07-19T00:00:00.000000', '2021-07-26T00:00:00.000000',
       '2021-08-02T00:00:00.000000', '2021-08-09T00:00:00.000000',
       '2021-08-16T00:00:00.000000', '2021-08-23T00:00:00.000000',
       '2021-08-30T00:00:00.000000', '2021-09-06T00:00:00.000000',
       '2021-09-13T00:00:00.000000', '2021-09-20T00:00:00.000000',
       '2021-09-27T00:00:00.000000', '2021-10-04T00:00:00.000000',
       '2021-10-11T00:00:00.000000', '2021-10-18T00:00:00.000000',
       '2021-10-25T00:00:00.000000', '2021-11-01T00:00:00.000000',
       '2021-11-08T00:00:00.000000', '2021-11-15T00:00:00.000000',
       '2021-11-22T00:00:00.000000', '2021-11-29T00:00:00.000000',
       '2021-12-06T00:00:00.000000', '2021-12-13T00:00:00.000000',
       '2021-12-20T00:00:00.000000', '2021-12-27T00:00:00.000000',
       '2022-01-03T00:00:00.000000', '2022-01-10T00:00:00.000000',
       '2022-01-17T00:00:00.000000', '2022-01-24T00:00:00.000000',
       '2022-01-31T00:00:00.000000', '2022-02-07T00:00:00.000000',
       '2022-02-14T00:00:00.000000', '2022-02-21T00:00:00.000000',
       '2022-02-28T00:00:00.000000', '2022-03-07T00:00:00.000000',
       '2022-03-14T00:00:00.000000', '2022-03-21T00:00:00.000000',
       '2022-03-28T00:00:00.000000', '2022-04-04T00:00:00.000000',
       '2022-04-11T00:00:00.000000', '2022-04-18T00:00:00.000000',
       '2022-04-25T00:00:00.000000', '2022-05-02T00:00:00.000000',
       '2022-05-09T00:00:00.000000', '2022-05-16T00:00:00.000000',
       '2022-05-23T00:00:00.000000', '2022-05-30T00:00:00.000000',
       '2022-06-06T00:00:00.000000', '2022-06-13T00:00:00.000000',
       '2022-06-20T00:00:00.000000', '2022-06-27T00:00:00.000000',
       '2022-07-04T00:00:00.000000', '2022-07-11T00:00:00.000000',
       '2022-07-18T00:00:00.000000', '2022-07-25T00:00:00.000000',
       '2022-08-01T00:00:00.000000', '2022-08-08T00:00:00.000000',
       '2022-08-15T00:00:00.000000', '2022-08-22T00:00:00.000000',
       '2022-08-29T00:00:00.000000', '2022-09-05T00:00:00.000000',
       '2022-09-12T00:00:00.000000', '2022-09-19T00:00:00.000000',
       '2022-09-26T00:00:00.000000', '2022-10-03T00:00:00.000000',
       '2022-10-10T00:00:00.000000', '2022-10-17T00:00:00.000000',
       '2022-10-24T00:00:00.000000', '2022-10-31T00:00:00.000000',
       '2022-11-07T00:00:00.000000', '2022-11-14T00:00:00.000000',
       '2022-11-21T00:00:00.000000', '2022-11-28T00:00:00.000000',
       '2022-12-05T00:00:00.000000', '2022-12-12T00:00:00.000000',
       '2022-12-19T00:00:00.000000', '2022-12-26T00:00:00.000000',
       '2023-01-02T00:00:00.000000', '2023-01-09T00:00:00.000000',
       '2023-01-16T00:00:00.000000', '2023-01-23T00:00:00.000000',
       '2023-01-30T00:00:00.000000', '2023-02-06T00:00:00.000000',
       '2023-02-13T00:00:00.000000', '2023-02-20T00:00:00.000000',
       '2023-02-27T00:00:00.000000', '2023-03-06T00:00:00.000000',
       '2023-03-13T00:00:00.000000', '2023-03-20T00:00:00.000000',
       '2023-03-27T00:00:00.000000', '2023-04-03T00:00:00.000000',
       '2023-04-10T00:00:00.000000', '2023-04-17T00:00:00.000000',
       '2023-04-24T00:00:00.000000', '2023-05-01T00:00:00.000000',
       '2023-05-08T00:00:00.000000', '2023-05-15T00:00:00.000000',
       '2023-05-22T00:00:00.000000', '2023-05-29T00:00:00.000000',
       '2023-06-05T00:00:00.000000', '2023-06-12T00:00:00.000000',
       '2023-06-19T00:00:00.000000', '2023-06-26T00:00:00.000000',
       '2023-07-03T00:00:00.000000', '2023-07-10T00:00:00.000000',
       '2023-07-17T00:00:00.000000', '2023-07-24T00:00:00.000000',
       '2023-07-31T00:00:00.000000', '2023-08-07T00:00:00.000000',
       '2023-08-14T00:00:00.000000', '2023-08-21T00:00:00.000000',
       '2023-08-28T00:00:00.000000', '2023-09-04T00:00:00.000000',
       '2023-09-11T00:00:00.000000', '2023-09-18T00:00:00.000000',
       '2023-09-25T00:00:00.000000', '2023-10-02T00:00:00.000000',
       '2023-10-09T00:00:00.000000', '2023-10-16T00:00:00.000000',
       '2023-10-23T00:00:00.000000', '2023-10-30T00:00:00.000000',
       '2023-11-06T00:00:00.000000', '2023-11-13T00:00:00.000000',
       '2023-11-20T00:00:00.000000', '2023-11-27T00:00:00.000000',
       '2023-12-04T00:00:00.000000', '2023-12-11T00:00:00.000000',
       '2023-12-18T00:00:00.000000', '2023-12-25T00:00:00.000000',
       '2024-01-01T00:00:00.000000', '2024-01-08T00:00:00.000000',
       '2024-01-15T00:00:00.000000', '2024-01-22T00:00:00.000000',
       '2024-01-29T00:00:00.000000', '2024-02-05T00:00:00.000000',
       '2024-02-12T00:00:00.000000', '2024-02-19T00:00:00.000000',
       '2024-02-26T00:00:00.000000', '2024-03-04T00:00:00.000000',
       '2024-03-11T00:00:00.000000', '2024-03-18T00:00:00.000000',
       '2024-03-25T00:00:00.000000', '2024-04-01T00:00:00.000000',
       '2024-04-08T00:00:00.000000', '2024-04-15T00:00:00.000000',
       '2024-04-22T00:00:00.000000', '2024-04-29T00:00:00.000000',
       '2024-05-06T00:00:00.000000', '2024-05-13T00:00:00.000000',
       '2024-05-20T00:00:00.000000', '2024-05-27T00:00:00.000000',
       '2024-06-03T00:00:00.000000', '2024-06-10T00:00:00.000000',
       '2024-06-17T00:00:00.000000', '2024-06-24T00:00:00.000000',
       '2024-07-01T00:00:00.000000', '2024-07-08T00:00:00.000000',
       '2024-07-15T00:00:00.000000', '2024-07-22T00:00:00.000000',
       '2024-07-29T00:00:00.000000', '2024-08-05T00:00:00.000000',
       '2024-08-12T00:00:00.000000', '2024-08-19T00:00:00.000000',
       '2024-08-26T00:00:00.000000', '2024-09-02T00:00:00.000000',
       '2024-09-09T00:00:00.000000', '2024-09-16T00:00:00.000000',
       '2024-09-23T00:00:00.000000', '2024-09-30T00:00:00.000000',
       '2024-10-07T00:00:00.000000', '2024-10-14T00:00:00.000000',
       '2024-10-21T00:00:00.000000', '2024-10-28T00:00:00.000000',
       '2024-11-04T00:00:00.000000', '2024-11-11T00:00:00.000000',
       '2024-11-18T00:00:00.000000', '2024-11-25T00:00:00.000000',
       '2024-12-02T00:00:00.000000', '2024-12-09T00:00:00.000000',
       '2024-12-16T00:00:00.000000', '2024-12-23T00:00:00.000000',
       '2024-12-30T00:00:00.000000', '2025-01-06T00:00:00.000000',
       '2025-01-13T00:00:00.000000', '2025-01-20T00:00:00.000000',
       '2025-01-27T00:00:00.000000', '2025-02-03T00:00:00.000000',
       '2025-02-10T00:00:00.000000', '2025-02-17T00:00:00.000000',
       '2025-02-24T00:00:00.000000', '2025-03-03T00:00:00.000000',
       '2025-03-10T00:00:00.000000', '2025-03-17T00:00:00.000000',
       '2025-03-24T00:00:00.000000', '2025-03-31T00:00:00.000000',
       '2025-04-07T00:00:00.000000', '2025-04-14T00:00:00.000000',
       '2025-04-21T00:00:00.000000', '2025-04-28T00:00:00.000000',
       '2025-05-05T00:00:00.000000', '2025-05-12T00:00:00.000000',
       '2025-05-19T00:00:00.000000', '2025-05-26T00:00:00.000000',
       '2025-06-02T00:00:00.000000', '2025-06-09T00:00:00.000000',
       '2025-06-16T00:00:00.000000', '2025-06-23T00:00:00.000000',
       '2025-06-30T00:00:00.000000', '2025-07-07T00:00:00.000000',
       '2025-07-14T00:00:00.000000', '2025-07-21T00:00:00.000000',
       '2025-07-28T00:00:00.000000', '2025-08-04T00:00:00.000000',
       '2025-08-11T00:00:00.000000', '2025-08-18T00:00:00.000000',
       '2025-08-25T00:00:00.000000', '2025-09-01T00:00:00.000000',
       '2025-09-08T00:00:00.000000', '2025-09-15T00:00:00.000000',
       '2025-09-22T00:00:00.000000', '2025-09-29T00:00:00.000000',
       '2025-10-06T00:00:00.000000', '2025-10-13T00:00:00.000000',
       '2025-10-20T00:00:00.000000', '2025-10-27T00:00:00.000000',
       '2025-11-03T00:00:00.000000', '2025-11-10T00:00:00.000000',
       '2025-11-17T00:00:00.000000', '2025-11-24T00:00:00.000000',
       '2025-12-01T00:00:00.000000', '2025-12-08T00:00:00.000000',
       '2025-12-15T00:00:00.000000', '2025-12-22T00:00:00.000000',
       '2025-12-29T00:00:00.000000', '2026-01-05T00:00:00.000000',
       '2026-01-12T00:00:00.000000', '2026-01-19T00:00:00.000000',
       '2026-01-26T00:00:00.000000', '2026-02-02T00:00:00.000000',
       '2026-02-09T00:00:00.000000', '2026-02-16T00:00:00.000000',
       '2026-02-23T00:00:00.000000', '2026-03-02T00:00:00.000000',
       '2026-03-09T00:00:00.000000', '2026-03-16T00:00:00.000000',
       '2026-03-23T00:00:00.000000', '2026-03-30T00:00:00.000000',
       '2026-04-06T00:00:00.000000', '2026-04-13T00:00:00.000000',
       '2026-05-25T00:00:00.000000', '2026-06-01T00:00:00.000000',
       '2026-06-08T00:00:00.000000', '2026-06-15T00:00:00.000000'],
      dtype='datetime64[us]'))
2026-07-04 06:06:30.679 | DEBUG    | __main__:forecast_holt_winters:131 -     Holt-Winters forecast failed: positive() got an unexpected keyword argument 'lower'
2026-07-04 06:06:30.683 | DEBUG    | __main__:forecast_tree:163 -     Tree forecast failed: Feature shape mismatch, expected: 18, got 16
2026-07-04 06:06:30.683 | INFO     | __main__:forecast_commodity:294 -   daily        -> N   1,991,209/MT  +0.9%  (2026-07-06)
2026-07-04 06:06:30.684 | INFO     | __main__:forecast_commodity:294 -   weekly       -> N   1,991,209/MT  +0.9%  (2026-07-13)
2026-07-04 06:06:30.684 | INFO     | __main__:forecast_commodity:294 -   2_weeks      -> N   1,958,417/MT  -0.8%  (2026-07-20)
2026-07-04 06:06:30.685 | INFO     | __main__:forecast_commodity:294 -   monthly      -> N   1,998,707/MT  +1.2%  (2026-08-03)
2026-07-04 06:06:30.686 | INFO     | __main__:forecast_commodity:294 -   3_months     -> N   1,954,122/MT  -1.0%  (2026-10-05)
2026-07-04 06:06:30.687 | INFO     | __main__:forecast_commodity:294 -   6_months     -> N   1,975,593/MT  +0.1%  (2027-01-04)
2026-07-04 06:06:30.688 | INFO     | __main__:run_forecasting:359 -   Cashew Nuts
2026-07-04 06:06:30.689 | INFO     | __main__:run_forecasting:353 - 
[7/17] Forecasting Sorghum...
2026-07-04 06:06:30.761 | WARNING  | __main__:load_models_and_meta:87 -   Could not load arima for Sorghum: No module named 'pmdarima'
2026-07-04 06:06:30.794 | WARNING  | __main__:load_models_and_meta:87 -   Could not load prophet for Sorghum: (dtype('<M8[us]'), array(['2002-01-14T00:00:00.000000', '2002-01-21T00:00:00.000000',
       '2002-01-28T00:00:00.000000', ..., '2026-06-01T00:00:00.000000',
       '2026-06-08T00:00:00.000000', '2026-06-15T00:00:00.000000'],
      shape=(1270,), dtype='datetime64[us]'))
2026-07-04 06:06:30.917 | DEBUG    | __main__:forecast_holt_winters:131 -     Holt-Winters forecast failed: positive() got an unexpected keyword argument 'lower'
2026-07-04 06:06:30.921 | DEBUG    | __main__:forecast_tree:163 -     Tree forecast failed: Feature shape mismatch, expected: 18, got 16
2026-07-04 06:06:30.922 | INFO     | __main__:forecast_commodity:294 -   daily        -> N     434,468/MT  +1.1%  (2026-07-06)
2026-07-04 06:06:30.923 | INFO     | __main__:forecast_commodity:294 -   weekly       -> N     434,468/MT  +1.1%  (2026-07-13)
2026-07-04 06:06:30.923 | INFO     | __main__:forecast_commodity:294 -   2_weeks      -> N     425,256/MT  -1.0%  (2026-07-20)
2026-07-04 06:06:30.924 | INFO     | __main__:forecast_commodity:294 -   monthly      -> N     433,392/MT  +0.8%  (2026-08-03)
2026-07-04 06:06:30.925 | INFO     | __main__:forecast_commodity:294 -   3_months     -> N     431,140/MT  +0.3%  (2026-10-05)
2026-07-04 06:06:30.926 | INFO     | __main__:forecast_commodity:294 -   6_months     -> N     430,517/MT  +0.2%  (2027-01-04)
2026-07-04 06:06:30.927 | INFO     | __main__:run_forecasting:359 -   Sorghum
2026-07-04 06:06:30.928 | INFO     | __main__:run_forecasting:353 - 
[8/17] Forecasting Beans (white)...
2026-07-04 06:06:31.005 | WARNING  | __main__:load_models_and_meta:87 -   Could not load arima for Beans (white): No module named 'pmdarima'
2026-07-04 06:06:31.041 | WARNING  | __main__:load_models_and_meta:87 -   Could not load prophet for Beans (white): (dtype('<M8[us]'), array(['2002-01-14T00:00:00.000000', '2002-01-21T00:00:00.000000',
       '2002-01-28T00:00:00.000000', ..., '2026-06-01T00:00:00.000000',
       '2026-06-08T00:00:00.000000', '2026-06-15T00:00:00.000000'],
      shape=(1266,), dtype='datetime64[us]'))
2026-07-04 06:06:31.176 | DEBUG    | __main__:forecast_holt_winters:131 -     Holt-Winters forecast failed: positive() got an unexpected keyword argument 'lower'
2026-07-04 06:06:31.179 | DEBUG    | __main__:forecast_tree:163 -     Tree forecast failed: Feature shape mismatch, expected: 18, got 16
2026-07-04 06:06:31.179 | INFO     | __main__:forecast_commodity:294 -   daily        -> N     815,854/MT  -1.4%  (2026-07-06)
2026-07-04 06:06:31.180 | INFO     | __main__:forecast_commodity:294 -   weekly       -> N     815,854/MT  -1.4%  (2026-07-13)
2026-07-04 06:06:31.181 | INFO     | __main__:forecast_commodity:294 -   2_weeks      -> N     825,439/MT  -0.2%  (2026-07-20)
2026-07-04 06:06:31.181 | INFO     | __main__:forecast_commodity:294 -   monthly      -> N     833,043/MT  +0.7%  (2026-08-03)
2026-07-04 06:06:31.182 | INFO     | __main__:forecast_commodity:294 -   3_months     -> N     826,229/MT  -0.1%  (2026-10-05)
2026-07-04 06:06:31.184 | INFO     | __main__:forecast_commodity:294 -   6_months     -> N     831,255/MT  +0.5%  (2027-01-04)
2026-07-04 06:06:31.185 | INFO     | __main__:run_forecasting:359 -   Beans (white)
2026-07-04 06:06:31.185 | INFO     | __main__:run_forecasting:353 - 
[9/17] Forecasting Beans (red)...
2026-07-04 06:06:31.261 | WARNING  | __main__:load_models_and_meta:87 -   Could not load arima for Beans (red): No module named 'pmdarima'
2026-07-04 06:06:31.313 | WARNING  | __main__:load_models_and_meta:87 -   Could not load prophet for Beans (red): (dtype('<M8[us]'), array(['2016-01-11T00:00:00.000000', '2016-01-18T00:00:00.000000',
       '2016-01-25T00:00:00.000000', '2016-02-01T00:00:00.000000',
       '2016-02-08T00:00:00.000000', '2016-02-15T00:00:00.000000',
       '2016-02-22T00:00:00.000000', '2016-02-29T00:00:00.000000',
       '2016-03-07T00:00:00.000000', '2016-03-14T00:00:00.000000',
       '2016-03-21T00:00:00.000000', '2016-03-28T00:00:00.000000',
       '2016-04-04T00:00:00.000000', '2016-04-11T00:00:00.000000',
       '2016-04-18T00:00:00.000000', '2016-04-25T00:00:00.000000',
       '2016-05-02T00:00:00.000000', '2016-05-09T00:00:00.000000',
       '2016-05-16T00:00:00.000000', '2016-05-23T00:00:00.000000',
       '2016-05-30T00:00:00.000000', '2016-06-06T00:00:00.000000',
       '2016-06-13T00:00:00.000000', '2016-06-20T00:00:00.000000',
       '2016-06-27T00:00:00.000000', '2016-07-04T00:00:00.000000',
       '2016-07-11T00:00:00.000000', '2016-07-18T00:00:00.000000',
       '2016-07-25T00:00:00.000000', '2016-08-01T00:00:00.000000',
       '2016-08-08T00:00:00.000000', '2016-08-15T00:00:00.000000',
       '2016-08-22T00:00:00.000000', '2016-08-29T00:00:00.000000',
       '2016-09-05T00:00:00.000000', '2016-09-12T00:00:00.000000',
       '2016-09-19T00:00:00.000000', '2016-09-26T00:00:00.000000',
       '2016-10-03T00:00:00.000000', '2016-10-10T00:00:00.000000',
       '2016-10-17T00:00:00.000000', '2016-10-24T00:00:00.000000',
       '2016-10-31T00:00:00.000000', '2016-11-07T00:00:00.000000',
       '2016-11-14T00:00:00.000000', '2016-11-21T00:00:00.000000',
       '2016-11-28T00:00:00.000000', '2016-12-05T00:00:00.000000',
       '2016-12-12T00:00:00.000000', '2016-12-19T00:00:00.000000',
       '2016-12-26T00:00:00.000000', '2017-01-02T00:00:00.000000',
       '2017-01-09T00:00:00.000000', '2017-01-16T00:00:00.000000',
       '2017-01-23T00:00:00.000000', '2017-01-30T00:00:00.000000',
       '2017-02-06T00:00:00.000000', '2017-02-13T00:00:00.000000',
       '2017-02-20T00:00:00.000000', '2017-02-27T00:00:00.000000',
       '2017-03-06T00:00:00.000000', '2017-03-13T00:00:00.000000',
       '2017-03-20T00:00:00.000000', '2017-03-27T00:00:00.000000',
       '2017-04-03T00:00:00.000000', '2017-04-10T00:00:00.000000',
       '2017-04-17T00:00:00.000000', '2017-04-24T00:00:00.000000',
       '2017-05-01T00:00:00.000000', '2017-05-08T00:00:00.000000',
       '2017-05-15T00:00:00.000000', '2017-05-22T00:00:00.000000',
       '2017-05-29T00:00:00.000000', '2017-06-05T00:00:00.000000',
       '2017-06-12T00:00:00.000000', '2017-06-19T00:00:00.000000',
       '2017-06-26T00:00:00.000000', '2017-07-03T00:00:00.000000',
       '2017-07-10T00:00:00.000000', '2017-07-17T00:00:00.000000',
       '2017-07-24T00:00:00.000000', '2017-07-31T00:00:00.000000',
       '2017-08-07T00:00:00.000000', '2017-08-14T00:00:00.000000',
       '2017-08-21T00:00:00.000000', '2017-08-28T00:00:00.000000',
       '2017-09-04T00:00:00.000000', '2017-09-11T00:00:00.000000',
       '2017-09-18T00:00:00.000000', '2017-09-25T00:00:00.000000',
       '2017-10-02T00:00:00.000000', '2017-10-09T00:00:00.000000',
       '2017-10-16T00:00:00.000000', '2017-10-23T00:00:00.000000',
       '2017-10-30T00:00:00.000000', '2017-11-06T00:00:00.000000',
       '2017-11-13T00:00:00.000000', '2017-11-20T00:00:00.000000',
       '2017-11-27T00:00:00.000000', '2017-12-04T00:00:00.000000',
       '2017-12-11T00:00:00.000000', '2017-12-18T00:00:00.000000',
       '2017-12-25T00:00:00.000000', '2018-01-01T00:00:00.000000',
       '2018-01-08T00:00:00.000000', '2018-01-15T00:00:00.000000',
       '2018-01-22T00:00:00.000000', '2018-01-29T00:00:00.000000',
       '2018-02-05T00:00:00.000000', '2018-02-12T00:00:00.000000',
       '2018-02-19T00:00:00.000000', '2018-02-26T00:00:00.000000',
       '2018-03-05T00:00:00.000000', '2018-03-12T00:00:00.000000',
       '2018-03-19T00:00:00.000000', '2018-03-26T00:00:00.000000',
       '2018-04-02T00:00:00.000000', '2018-04-09T00:00:00.000000',
       '2018-04-16T00:00:00.000000', '2018-04-23T00:00:00.000000',
       '2018-04-30T00:00:00.000000', '2018-05-07T00:00:00.000000',
       '2018-05-14T00:00:00.000000', '2018-05-21T00:00:00.000000',
       '2018-05-28T00:00:00.000000', '2018-06-04T00:00:00.000000',
       '2018-06-11T00:00:00.000000', '2018-06-18T00:00:00.000000',
       '2018-06-25T00:00:00.000000', '2018-07-02T00:00:00.000000',
       '2018-07-09T00:00:00.000000', '2018-07-16T00:00:00.000000',
       '2018-07-23T00:00:00.000000', '2018-07-30T00:00:00.000000',
       '2018-08-06T00:00:00.000000', '2018-08-13T00:00:00.000000',
       '2018-08-20T00:00:00.000000', '2018-08-27T00:00:00.000000',
       '2018-09-03T00:00:00.000000', '2018-09-10T00:00:00.000000',
       '2018-09-17T00:00:00.000000', '2018-09-24T00:00:00.000000',
       '2018-10-01T00:00:00.000000', '2018-10-08T00:00:00.000000',
       '2018-10-15T00:00:00.000000', '2018-10-22T00:00:00.000000',
       '2018-10-29T00:00:00.000000', '2018-11-05T00:00:00.000000',
       '2018-11-12T00:00:00.000000', '2018-11-19T00:00:00.000000',
       '2018-11-26T00:00:00.000000', '2018-12-03T00:00:00.000000',
       '2018-12-10T00:00:00.000000', '2018-12-17T00:00:00.000000',
       '2018-12-24T00:00:00.000000', '2018-12-31T00:00:00.000000',
       '2019-01-07T00:00:00.000000', '2019-01-14T00:00:00.000000',
       '2019-01-21T00:00:00.000000', '2019-01-28T00:00:00.000000',
       '2019-02-04T00:00:00.000000', '2019-02-11T00:00:00.000000',
       '2019-02-18T00:00:00.000000', '2019-02-25T00:00:00.000000',
       '2019-03-04T00:00:00.000000', '2019-03-11T00:00:00.000000',
       '2019-03-18T00:00:00.000000', '2019-03-25T00:00:00.000000',
       '2019-04-01T00:00:00.000000', '2019-04-08T00:00:00.000000',
       '2019-04-15T00:00:00.000000', '2019-04-22T00:00:00.000000',
       '2019-04-29T00:00:00.000000', '2019-05-06T00:00:00.000000',
       '2019-05-13T00:00:00.000000', '2019-05-20T00:00:00.000000',
       '2019-05-27T00:00:00.000000', '2019-06-03T00:00:00.000000',
       '2019-06-10T00:00:00.000000', '2019-06-17T00:00:00.000000',
       '2019-06-24T00:00:00.000000', '2019-07-01T00:00:00.000000',
       '2019-07-08T00:00:00.000000', '2019-07-15T00:00:00.000000',
       '2019-07-22T00:00:00.000000', '2019-07-29T00:00:00.000000',
       '2019-08-05T00:00:00.000000', '2019-08-12T00:00:00.000000',
       '2019-08-19T00:00:00.000000', '2019-08-26T00:00:00.000000',
       '2019-09-02T00:00:00.000000', '2019-09-09T00:00:00.000000',
       '2019-09-16T00:00:00.000000', '2019-09-23T00:00:00.000000',
       '2019-09-30T00:00:00.000000', '2019-10-07T00:00:00.000000',
       '2019-10-14T00:00:00.000000', '2019-10-21T00:00:00.000000',
       '2019-10-28T00:00:00.000000', '2019-11-04T00:00:00.000000',
       '2019-11-11T00:00:00.000000', '2019-11-18T00:00:00.000000',
       '2019-11-25T00:00:00.000000', '2019-12-02T00:00:00.000000',
       '2019-12-09T00:00:00.000000', '2019-12-16T00:00:00.000000',
       '2019-12-23T00:00:00.000000', '2019-12-30T00:00:00.000000',
       '2020-01-06T00:00:00.000000', '2020-01-13T00:00:00.000000',
       '2020-01-20T00:00:00.000000', '2020-01-27T00:00:00.000000',
       '2020-02-03T00:00:00.000000', '2020-02-10T00:00:00.000000',
       '2020-02-17T00:00:00.000000', '2020-02-24T00:00:00.000000',
       '2020-03-02T00:00:00.000000', '2020-03-09T00:00:00.000000',
       '2020-03-16T00:00:00.000000', '2020-03-23T00:00:00.000000',
       '2020-03-30T00:00:00.000000', '2020-04-06T00:00:00.000000',
       '2020-04-13T00:00:00.000000', '2020-04-20T00:00:00.000000',
       '2020-04-27T00:00:00.000000', '2020-05-04T00:00:00.000000',
       '2020-05-11T00:00:00.000000', '2020-05-18T00:00:00.000000',
       '2020-05-25T00:00:00.000000', '2020-06-01T00:00:00.000000',
       '2020-06-08T00:00:00.000000', '2020-06-15T00:00:00.000000',
       '2020-06-22T00:00:00.000000', '2020-06-29T00:00:00.000000',
       '2020-07-06T00:00:00.000000', '2020-07-13T00:00:00.000000',
       '2020-07-20T00:00:00.000000', '2020-07-27T00:00:00.000000',
       '2020-08-03T00:00:00.000000', '2020-08-10T00:00:00.000000',
       '2020-08-17T00:00:00.000000', '2020-08-24T00:00:00.000000',
       '2020-08-31T00:00:00.000000', '2020-09-07T00:00:00.000000',
       '2020-09-14T00:00:00.000000', '2020-09-21T00:00:00.000000',
       '2020-09-28T00:00:00.000000', '2020-10-05T00:00:00.000000',
       '2020-10-12T00:00:00.000000', '2020-10-19T00:00:00.000000',
       '2020-10-26T00:00:00.000000', '2020-11-02T00:00:00.000000',
       '2020-11-09T00:00:00.000000', '2020-11-16T00:00:00.000000',
       '2020-11-23T00:00:00.000000', '2020-11-30T00:00:00.000000',
       '2020-12-07T00:00:00.000000', '2020-12-14T00:00:00.000000',
       '2020-12-21T00:00:00.000000', '2020-12-28T00:00:00.000000',
       '2021-01-04T00:00:00.000000', '2021-01-11T00:00:00.000000',
       '2021-01-18T00:00:00.000000', '2021-01-25T00:00:00.000000',
       '2021-02-01T00:00:00.000000', '2021-02-08T00:00:00.000000',
       '2021-02-15T00:00:00.000000', '2021-02-22T00:00:00.000000',
       '2021-03-01T00:00:00.000000', '2021-03-08T00:00:00.000000',
       '2021-03-15T00:00:00.000000', '2021-03-22T00:00:00.000000',
       '2021-03-29T00:00:00.000000', '2021-04-05T00:00:00.000000',
       '2021-04-12T00:00:00.000000', '2021-04-19T00:00:00.000000',
       '2021-04-26T00:00:00.000000', '2021-05-03T00:00:00.000000',
       '2021-05-10T00:00:00.000000', '2021-05-17T00:00:00.000000',
       '2021-05-24T00:00:00.000000', '2021-05-31T00:00:00.000000',
       '2021-06-07T00:00:00.000000', '2021-06-14T00:00:00.000000',
       '2021-06-21T00:00:00.000000', '2021-06-28T00:00:00.000000',
       '2021-07-05T00:00:00.000000', '2021-07-12T00:00:00.000000',
       '2021-07-19T00:00:00.000000', '2021-07-26T00:00:00.000000',
       '2021-08-02T00:00:00.000000', '2021-08-09T00:00:00.000000',
       '2021-08-16T00:00:00.000000', '2021-08-23T00:00:00.000000',
       '2021-08-30T00:00:00.000000', '2021-09-06T00:00:00.000000',
       '2021-09-13T00:00:00.000000', '2021-09-20T00:00:00.000000',
       '2021-09-27T00:00:00.000000', '2021-10-04T00:00:00.000000',
       '2021-10-11T00:00:00.000000', '2021-10-18T00:00:00.000000',
       '2021-10-25T00:00:00.000000', '2021-11-01T00:00:00.000000',
       '2021-11-08T00:00:00.000000', '2021-11-15T00:00:00.000000',
       '2021-11-22T00:00:00.000000', '2021-11-29T00:00:00.000000',
       '2021-12-06T00:00:00.000000', '2021-12-13T00:00:00.000000',
       '2021-12-20T00:00:00.000000', '2021-12-27T00:00:00.000000',
       '2022-01-03T00:00:00.000000', '2022-01-10T00:00:00.000000',
       '2022-01-17T00:00:00.000000', '2022-01-24T00:00:00.000000',
       '2022-01-31T00:00:00.000000', '2022-02-07T00:00:00.000000',
       '2022-02-14T00:00:00.000000', '2022-02-21T00:00:00.000000',
       '2022-02-28T00:00:00.000000', '2022-03-07T00:00:00.000000',
       '2022-03-14T00:00:00.000000', '2022-03-21T00:00:00.000000',
       '2022-03-28T00:00:00.000000', '2022-04-04T00:00:00.000000',
       '2022-04-11T00:00:00.000000', '2022-04-18T00:00:00.000000',
       '2022-04-25T00:00:00.000000', '2022-05-02T00:00:00.000000',
       '2022-05-09T00:00:00.000000', '2022-05-16T00:00:00.000000',
       '2022-05-23T00:00:00.000000', '2022-05-30T00:00:00.000000',
       '2022-06-06T00:00:00.000000', '2022-06-13T00:00:00.000000',
       '2022-06-20T00:00:00.000000', '2022-06-27T00:00:00.000000',
       '2022-07-04T00:00:00.000000', '2022-07-11T00:00:00.000000',
       '2022-07-18T00:00:00.000000', '2022-07-25T00:00:00.000000',
       '2022-08-01T00:00:00.000000', '2022-08-08T00:00:00.000000',
       '2022-08-15T00:00:00.000000', '2022-08-22T00:00:00.000000',
       '2022-08-29T00:00:00.000000', '2022-09-05T00:00:00.000000',
       '2022-09-12T00:00:00.000000', '2022-09-19T00:00:00.000000',
       '2022-09-26T00:00:00.000000', '2022-10-03T00:00:00.000000',
       '2022-10-10T00:00:00.000000', '2022-10-17T00:00:00.000000',
       '2022-10-24T00:00:00.000000', '2022-10-31T00:00:00.000000',
       '2022-11-07T00:00:00.000000', '2022-11-14T00:00:00.000000',
       '2022-11-21T00:00:00.000000', '2022-11-28T00:00:00.000000',
       '2022-12-05T00:00:00.000000', '2022-12-12T00:00:00.000000',
       '2022-12-19T00:00:00.000000', '2022-12-26T00:00:00.000000',
       '2023-01-02T00:00:00.000000', '2023-01-09T00:00:00.000000',
       '2023-01-16T00:00:00.000000', '2023-01-23T00:00:00.000000',
       '2023-01-30T00:00:00.000000', '2023-02-06T00:00:00.000000',
       '2023-02-13T00:00:00.000000', '2023-02-20T00:00:00.000000',
       '2023-02-27T00:00:00.000000', '2023-03-06T00:00:00.000000',
       '2023-03-13T00:00:00.000000', '2023-03-20T00:00:00.000000',
       '2023-03-27T00:00:00.000000', '2023-04-03T00:00:00.000000',
       '2023-04-10T00:00:00.000000', '2023-04-17T00:00:00.000000',
       '2023-04-24T00:00:00.000000', '2023-05-01T00:00:00.000000',
       '2023-05-08T00:00:00.000000', '2023-05-15T00:00:00.000000',
       '2023-05-22T00:00:00.000000', '2023-05-29T00:00:00.000000',
       '2023-06-05T00:00:00.000000', '2023-06-12T00:00:00.000000',
       '2023-06-19T00:00:00.000000', '2023-06-26T00:00:00.000000',
       '2023-07-03T00:00:00.000000', '2023-07-10T00:00:00.000000',
       '2023-07-17T00:00:00.000000', '2023-07-24T00:00:00.000000',
       '2023-07-31T00:00:00.000000', '2023-08-07T00:00:00.000000',
       '2023-08-14T00:00:00.000000', '2023-08-21T00:00:00.000000',
       '2023-08-28T00:00:00.000000', '2023-09-04T00:00:00.000000',
       '2023-09-11T00:00:00.000000', '2023-09-18T00:00:00.000000',
       '2023-09-25T00:00:00.000000', '2023-10-02T00:00:00.000000',
       '2023-10-09T00:00:00.000000', '2023-10-16T00:00:00.000000',
       '2023-10-23T00:00:00.000000', '2023-10-30T00:00:00.000000',
       '2023-11-06T00:00:00.000000', '2023-11-13T00:00:00.000000',
       '2023-11-20T00:00:00.000000', '2023-11-27T00:00:00.000000',
       '2023-12-04T00:00:00.000000', '2023-12-11T00:00:00.000000',
       '2023-12-18T00:00:00.000000', '2023-12-25T00:00:00.000000',
       '2024-01-01T00:00:00.000000', '2024-01-08T00:00:00.000000',
       '2024-01-15T00:00:00.000000', '2024-01-22T00:00:00.000000',
       '2024-01-29T00:00:00.000000', '2024-02-05T00:00:00.000000',
       '2024-02-12T00:00:00.000000', '2024-02-19T00:00:00.000000',
       '2024-02-26T00:00:00.000000', '2024-03-04T00:00:00.000000',
       '2024-03-11T00:00:00.000000', '2024-03-18T00:00:00.000000',
       '2024-03-25T00:00:00.000000', '2024-04-01T00:00:00.000000',
       '2024-04-08T00:00:00.000000', '2024-04-15T00:00:00.000000',
       '2024-04-22T00:00:00.000000', '2024-04-29T00:00:00.000000',
       '2024-05-06T00:00:00.000000', '2024-05-13T00:00:00.000000',
       '2024-05-20T00:00:00.000000', '2024-05-27T00:00:00.000000',
       '2024-06-03T00:00:00.000000', '2024-06-10T00:00:00.000000',
       '2024-06-17T00:00:00.000000', '2024-06-24T00:00:00.000000',
       '2024-07-01T00:00:00.000000', '2024-07-08T00:00:00.000000',
       '2024-07-15T00:00:00.000000', '2024-07-22T00:00:00.000000',
       '2024-07-29T00:00:00.000000', '2024-08-05T00:00:00.000000',
       '2024-08-12T00:00:00.000000', '2024-08-19T00:00:00.000000',
       '2024-08-26T00:00:00.000000', '2024-09-02T00:00:00.000000',
       '2024-09-09T00:00:00.000000', '2024-09-16T00:00:00.000000',
       '2024-09-23T00:00:00.000000', '2024-09-30T00:00:00.000000',
       '2024-10-07T00:00:00.000000', '2024-10-14T00:00:00.000000',
       '2024-10-21T00:00:00.000000', '2024-10-28T00:00:00.000000',
       '2024-11-04T00:00:00.000000', '2024-11-11T00:00:00.000000',
       '2024-11-18T00:00:00.000000', '2024-11-25T00:00:00.000000',
       '2024-12-02T00:00:00.000000', '2024-12-09T00:00:00.000000',
       '2024-12-16T00:00:00.000000', '2024-12-23T00:00:00.000000',
       '2024-12-30T00:00:00.000000', '2025-01-06T00:00:00.000000',
       '2025-01-13T00:00:00.000000', '2025-01-20T00:00:00.000000',
       '2025-01-27T00:00:00.000000', '2025-02-03T00:00:00.000000',
       '2025-02-10T00:00:00.000000', '2025-02-17T00:00:00.000000',
       '2025-02-24T00:00:00.000000', '2025-03-03T00:00:00.000000',
       '2025-03-10T00:00:00.000000', '2025-03-17T00:00:00.000000',
       '2025-03-24T00:00:00.000000', '2025-03-31T00:00:00.000000',
       '2025-04-07T00:00:00.000000', '2025-04-14T00:00:00.000000',
       '2025-04-21T00:00:00.000000', '2025-04-28T00:00:00.000000',
       '2025-05-05T00:00:00.000000', '2025-05-12T00:00:00.000000',
       '2025-05-19T00:00:00.000000', '2025-05-26T00:00:00.000000',
       '2025-06-02T00:00:00.000000', '2025-06-09T00:00:00.000000',
       '2025-06-16T00:00:00.000000', '2025-06-23T00:00:00.000000',
       '2025-06-30T00:00:00.000000', '2025-07-07T00:00:00.000000',
       '2025-07-14T00:00:00.000000', '2025-07-21T00:00:00.000000',
       '2025-07-28T00:00:00.000000', '2025-08-04T00:00:00.000000',
       '2025-08-11T00:00:00.000000', '2025-08-18T00:00:00.000000',
       '2025-08-25T00:00:00.000000', '2025-09-01T00:00:00.000000',
       '2025-09-08T00:00:00.000000', '2025-09-15T00:00:00.000000',
       '2025-09-22T00:00:00.000000', '2025-09-29T00:00:00.000000',
       '2025-10-06T00:00:00.000000', '2025-10-13T00:00:00.000000',
       '2025-10-20T00:00:00.000000', '2025-10-27T00:00:00.000000',
       '2025-11-03T00:00:00.000000', '2025-11-10T00:00:00.000000',
       '2025-11-17T00:00:00.000000', '2025-11-24T00:00:00.000000',
       '2025-12-01T00:00:00.000000', '2025-12-08T00:00:00.000000',
       '2025-12-15T00:00:00.000000', '2025-12-22T00:00:00.000000',
       '2025-12-29T00:00:00.000000', '2026-01-05T00:00:00.000000',
       '2026-01-12T00:00:00.000000', '2026-01-19T00:00:00.000000',
       '2026-01-26T00:00:00.000000', '2026-02-02T00:00:00.000000',
       '2026-02-09T00:00:00.000000', '2026-02-16T00:00:00.000000',
       '2026-02-23T00:00:00.000000', '2026-03-02T00:00:00.000000',
       '2026-03-09T00:00:00.000000', '2026-03-16T00:00:00.000000',
       '2026-05-25T00:00:00.000000', '2026-06-01T00:00:00.000000',
       '2026-06-08T00:00:00.000000', '2026-06-15T00:00:00.000000'],
      dtype='datetime64[us]'))
2026-07-04 06:06:31.414 | DEBUG    | __main__:forecast_holt_winters:131 -     Holt-Winters forecast failed: positive() got an unexpected keyword argument 'lower'
2026-07-04 06:06:31.417 | DEBUG    | __main__:forecast_tree:163 -     Tree forecast failed: Feature shape mismatch, expected: 18, got 16
2026-07-04 06:06:31.418 | INFO     | __main__:forecast_commodity:294 -   daily        -> N     902,582/MT  -1.1%  (2026-07-06)
2026-07-04 06:06:31.419 | INFO     | __main__:forecast_commodity:294 -   weekly       -> N     902,582/MT  -1.1%  (2026-07-13)
2026-07-04 06:06:31.419 | INFO     | __main__:forecast_commodity:294 -   2_weeks      -> N     901,682/MT  -1.2%  (2026-07-20)
2026-07-04 06:06:31.420 | INFO     | __main__:forecast_commodity:294 -   monthly      -> N     911,901/MT  -0.1%  (2026-08-03)
2026-07-04 06:06:31.421 | INFO     | __main__:forecast_commodity:294 -   3_months     -> N     914,705/MT  +0.2%  (2026-10-05)
2026-07-04 06:06:31.424 | INFO     | __main__:forecast_commodity:294 -   6_months     -> N     908,652/MT  -0.4%  (2027-01-04)
2026-07-04 06:06:31.426 | INFO     | __main__:run_forecasting:359 -   Beans (red)
2026-07-04 06:06:31.427 | INFO     | __main__:run_forecasting:353 - 
[10/17] Forecasting Maize (white)...
2026-07-04 06:06:31.503 | WARNING  | __main__:load_models_and_meta:87 -   Could not load arima for Maize (white): No module named 'pmdarima'
2026-07-04 06:06:31.534 | WARNING  | __main__:load_models_and_meta:87 -   Could not load prophet for Maize (white): (dtype('<M8[us]'), array(['2002-01-14T00:00:00.000000', '2002-01-21T00:00:00.000000',
       '2002-01-28T00:00:00.000000', ..., '2026-06-01T00:00:00.000000',
       '2026-06-08T00:00:00.000000', '2026-06-15T00:00:00.000000'],
      shape=(1269,), dtype='datetime64[us]'))
2026-07-04 06:06:31.653 | DEBUG    | __main__:forecast_holt_winters:131 -     Holt-Winters forecast failed: positive() got an unexpected keyword argument 'lower'
2026-07-04 06:06:31.657 | DEBUG    | __main__:forecast_tree:163 -     Tree forecast failed: Feature shape mismatch, expected: 18, got 16
2026-07-04 06:06:31.658 | INFO     | __main__:forecast_commodity:294 -   daily        -> N     371,127/MT  +0.2%  (2026-07-06)
2026-07-04 06:06:31.658 | INFO     | __main__:forecast_commodity:294 -   weekly       -> N     371,127/MT  +0.2%  (2026-07-13)
2026-07-04 06:06:31.659 | INFO     | __main__:forecast_commodity:294 -   2_weeks      -> N     365,052/MT  -1.4%  (2026-07-20)
2026-07-04 06:06:31.659 | INFO     | __main__:forecast_commodity:294 -   monthly      -> N     375,981/MT  +1.5%  (2026-08-03)
2026-07-04 06:06:31.661 | INFO     | __main__:forecast_commodity:294 -   3_months     -> N     373,980/MT  +1.0%  (2026-10-05)
2026-07-04 06:06:31.662 | INFO     | __main__:forecast_commodity:294 -   6_months     -> N     371,464/MT  +0.3%  (2027-01-04)
2026-07-04 06:06:31.663 | INFO     | __main__:run_forecasting:359 -   Maize (white)
2026-07-04 06:06:31.664 | INFO     | __main__:run_forecasting:353 - 
[11/17] Forecasting Maize (yellow)...
2026-07-04 06:06:31.740 | WARNING  | __main__:load_models_and_meta:87 -   Could not load arima for Maize (yellow): No module named 'pmdarima'
2026-07-04 06:06:31.795 | WARNING  | __main__:load_models_and_meta:87 -   Could not load prophet for Maize (yellow): (dtype('<M8[us]'), array(['2014-05-12T00:00:00.000000', '2014-05-19T00:00:00.000000',
       '2014-05-26T00:00:00.000000', '2014-06-02T00:00:00.000000',
       '2014-06-09T00:00:00.000000', '2014-06-16T00:00:00.000000',
       '2014-06-23T00:00:00.000000', '2014-06-30T00:00:00.000000',
       '2014-07-07T00:00:00.000000', '2014-07-14T00:00:00.000000',
       '2014-07-21T00:00:00.000000', '2014-07-28T00:00:00.000000',
       '2014-08-04T00:00:00.000000', '2014-08-11T00:00:00.000000',
       '2014-08-18T00:00:00.000000', '2014-08-25T00:00:00.000000',
       '2014-09-01T00:00:00.000000', '2014-09-08T00:00:00.000000',
       '2014-09-15T00:00:00.000000', '2014-09-22T00:00:00.000000',
       '2014-09-29T00:00:00.000000', '2014-10-06T00:00:00.000000',
       '2014-10-13T00:00:00.000000', '2014-10-20T00:00:00.000000',
       '2014-10-27T00:00:00.000000', '2014-11-03T00:00:00.000000',
       '2014-11-10T00:00:00.000000', '2014-11-17T00:00:00.000000',
       '2014-11-24T00:00:00.000000', '2014-12-01T00:00:00.000000',
       '2014-12-08T00:00:00.000000', '2014-12-15T00:00:00.000000',
       '2014-12-22T00:00:00.000000', '2014-12-29T00:00:00.000000',
       '2015-01-05T00:00:00.000000', '2015-01-12T00:00:00.000000',
       '2015-01-19T00:00:00.000000', '2015-01-26T00:00:00.000000',
       '2015-02-02T00:00:00.000000', '2015-02-09T00:00:00.000000',
       '2015-02-16T00:00:00.000000', '2015-02-23T00:00:00.000000',
       '2015-03-02T00:00:00.000000', '2015-03-09T00:00:00.000000',
       '2015-03-16T00:00:00.000000', '2015-03-23T00:00:00.000000',
       '2015-03-30T00:00:00.000000', '2015-04-06T00:00:00.000000',
       '2015-04-13T00:00:00.000000', '2015-04-20T00:00:00.000000',
       '2015-04-27T00:00:00.000000', '2015-05-04T00:00:00.000000',
       '2015-05-11T00:00:00.000000', '2015-05-18T00:00:00.000000',
       '2015-05-25T00:00:00.000000', '2015-06-01T00:00:00.000000',
       '2015-06-08T00:00:00.000000', '2015-06-15T00:00:00.000000',
       '2015-06-22T00:00:00.000000', '2015-06-29T00:00:00.000000',
       '2015-07-06T00:00:00.000000', '2015-07-13T00:00:00.000000',
       '2015-07-20T00:00:00.000000', '2015-07-27T00:00:00.000000',
       '2015-08-03T00:00:00.000000', '2015-08-10T00:00:00.000000',
       '2015-08-17T00:00:00.000000', '2015-08-24T00:00:00.000000',
       '2015-08-31T00:00:00.000000', '2015-09-07T00:00:00.000000',
       '2015-09-14T00:00:00.000000', '2015-09-21T00:00:00.000000',
       '2015-09-28T00:00:00.000000', '2015-10-05T00:00:00.000000',
       '2015-10-12T00:00:00.000000', '2015-10-19T00:00:00.000000',
       '2015-10-26T00:00:00.000000', '2015-11-02T00:00:00.000000',
       '2015-11-09T00:00:00.000000', '2015-11-16T00:00:00.000000',
       '2015-11-23T00:00:00.000000', '2015-11-30T00:00:00.000000',
       '2015-12-07T00:00:00.000000', '2015-12-14T00:00:00.000000',
       '2015-12-21T00:00:00.000000', '2015-12-28T00:00:00.000000',
       '2016-01-04T00:00:00.000000', '2016-01-11T00:00:00.000000',
       '2016-01-18T00:00:00.000000', '2016-01-25T00:00:00.000000',
       '2016-02-01T00:00:00.000000', '2016-02-08T00:00:00.000000',
       '2016-02-15T00:00:00.000000', '2016-02-22T00:00:00.000000',
       '2016-02-29T00:00:00.000000', '2016-03-07T00:00:00.000000',
       '2016-03-14T00:00:00.000000', '2016-03-21T00:00:00.000000',
       '2016-03-28T00:00:00.000000', '2016-04-04T00:00:00.000000',
       '2016-04-11T00:00:00.000000', '2016-04-18T00:00:00.000000',
       '2016-04-25T00:00:00.000000', '2016-05-02T00:00:00.000000',
       '2016-05-09T00:00:00.000000', '2016-05-16T00:00:00.000000',
       '2016-05-23T00:00:00.000000', '2016-05-30T00:00:00.000000',
       '2016-06-06T00:00:00.000000', '2016-06-13T00:00:00.000000',
       '2016-06-20T00:00:00.000000', '2016-06-27T00:00:00.000000',
       '2016-07-04T00:00:00.000000', '2016-07-11T00:00:00.000000',
       '2016-07-18T00:00:00.000000', '2016-07-25T00:00:00.000000',
       '2016-08-01T00:00:00.000000', '2016-08-08T00:00:00.000000',
       '2016-08-15T00:00:00.000000', '2016-08-22T00:00:00.000000',
       '2016-08-29T00:00:00.000000', '2016-09-05T00:00:00.000000',
       '2016-09-12T00:00:00.000000', '2016-09-19T00:00:00.000000',
       '2016-09-26T00:00:00.000000', '2016-10-03T00:00:00.000000',
       '2016-10-10T00:00:00.000000', '2016-10-17T00:00:00.000000',
       '2016-10-24T00:00:00.000000', '2016-10-31T00:00:00.000000',
       '2016-11-07T00:00:00.000000', '2016-11-14T00:00:00.000000',
       '2016-11-21T00:00:00.000000', '2016-11-28T00:00:00.000000',
       '2016-12-05T00:00:00.000000', '2016-12-12T00:00:00.000000',
       '2016-12-19T00:00:00.000000', '2016-12-26T00:00:00.000000',
       '2017-01-02T00:00:00.000000', '2017-01-09T00:00:00.000000',
       '2017-01-16T00:00:00.000000', '2017-01-23T00:00:00.000000',
       '2017-01-30T00:00:00.000000', '2017-02-06T00:00:00.000000',
       '2017-02-13T00:00:00.000000', '2017-02-20T00:00:00.000000',
       '2017-02-27T00:00:00.000000', '2017-03-06T00:00:00.000000',
       '2017-03-13T00:00:00.000000', '2017-03-20T00:00:00.000000',
       '2017-03-27T00:00:00.000000', '2017-04-03T00:00:00.000000',
       '2017-04-10T00:00:00.000000', '2017-04-17T00:00:00.000000',
       '2017-04-24T00:00:00.000000', '2017-05-01T00:00:00.000000',
       '2017-05-08T00:00:00.000000', '2017-05-15T00:00:00.000000',
       '2017-05-22T00:00:00.000000', '2017-05-29T00:00:00.000000',
       '2017-06-05T00:00:00.000000', '2017-06-12T00:00:00.000000',
       '2017-06-19T00:00:00.000000', '2017-06-26T00:00:00.000000',
       '2017-07-03T00:00:00.000000', '2017-07-10T00:00:00.000000',
       '2017-07-17T00:00:00.000000', '2017-07-24T00:00:00.000000',
       '2017-07-31T00:00:00.000000', '2017-08-07T00:00:00.000000',
       '2017-08-14T00:00:00.000000', '2017-08-21T00:00:00.000000',
       '2017-08-28T00:00:00.000000', '2017-09-04T00:00:00.000000',
       '2017-09-11T00:00:00.000000', '2017-09-18T00:00:00.000000',
       '2017-09-25T00:00:00.000000', '2017-10-02T00:00:00.000000',
       '2017-10-09T00:00:00.000000', '2017-10-16T00:00:00.000000',
       '2017-10-23T00:00:00.000000', '2017-10-30T00:00:00.000000',
       '2017-11-06T00:00:00.000000', '2017-11-13T00:00:00.000000',
       '2017-11-20T00:00:00.000000', '2017-11-27T00:00:00.000000',
       '2017-12-04T00:00:00.000000', '2017-12-11T00:00:00.000000',
       '2017-12-18T00:00:00.000000', '2017-12-25T00:00:00.000000',
       '2018-01-01T00:00:00.000000', '2018-01-08T00:00:00.000000',
       '2018-01-15T00:00:00.000000', '2018-01-22T00:00:00.000000',
       '2018-01-29T00:00:00.000000', '2018-02-05T00:00:00.000000',
       '2018-02-12T00:00:00.000000', '2018-02-19T00:00:00.000000',
       '2018-02-26T00:00:00.000000', '2018-03-05T00:00:00.000000',
       '2018-03-12T00:00:00.000000', '2018-03-19T00:00:00.000000',
       '2018-03-26T00:00:00.000000', '2018-04-02T00:00:00.000000',
       '2018-04-09T00:00:00.000000', '2018-04-16T00:00:00.000000',
       '2018-04-23T00:00:00.000000', '2018-04-30T00:00:00.000000',
       '2018-05-07T00:00:00.000000', '2018-05-14T00:00:00.000000',
       '2018-05-21T00:00:00.000000', '2018-05-28T00:00:00.000000',
       '2018-06-04T00:00:00.000000', '2018-06-11T00:00:00.000000',
       '2018-06-18T00:00:00.000000', '2018-06-25T00:00:00.000000',
       '2018-07-02T00:00:00.000000', '2018-07-09T00:00:00.000000',
       '2018-07-16T00:00:00.000000', '2018-07-23T00:00:00.000000',
       '2018-07-30T00:00:00.000000', '2018-08-06T00:00:00.000000',
       '2018-08-13T00:00:00.000000', '2018-08-20T00:00:00.000000',
       '2018-08-27T00:00:00.000000', '2018-09-03T00:00:00.000000',
       '2018-09-10T00:00:00.000000', '2018-09-17T00:00:00.000000',
       '2018-09-24T00:00:00.000000', '2018-10-01T00:00:00.000000',
       '2018-10-08T00:00:00.000000', '2018-10-15T00:00:00.000000',
       '2018-10-22T00:00:00.000000', '2018-10-29T00:00:00.000000',
       '2018-11-05T00:00:00.000000', '2018-11-12T00:00:00.000000',
       '2018-11-19T00:00:00.000000', '2018-11-26T00:00:00.000000',
       '2018-12-03T00:00:00.000000', '2018-12-10T00:00:00.000000',
       '2018-12-17T00:00:00.000000', '2018-12-24T00:00:00.000000',
       '2018-12-31T00:00:00.000000', '2019-01-07T00:00:00.000000',
       '2019-01-14T00:00:00.000000', '2019-01-21T00:00:00.000000',
       '2019-01-28T00:00:00.000000', '2019-02-04T00:00:00.000000',
       '2019-02-11T00:00:00.000000', '2019-02-18T00:00:00.000000',
       '2019-02-25T00:00:00.000000', '2019-03-04T00:00:00.000000',
       '2019-03-11T00:00:00.000000', '2019-03-18T00:00:00.000000',
       '2019-03-25T00:00:00.000000', '2019-04-01T00:00:00.000000',
       '2019-04-08T00:00:00.000000', '2019-04-15T00:00:00.000000',
       '2019-04-22T00:00:00.000000', '2019-04-29T00:00:00.000000',
       '2019-05-06T00:00:00.000000', '2019-05-13T00:00:00.000000',
       '2019-05-20T00:00:00.000000', '2019-05-27T00:00:00.000000',
       '2019-06-03T00:00:00.000000', '2019-06-10T00:00:00.000000',
       '2019-06-17T00:00:00.000000', '2019-06-24T00:00:00.000000',
       '2019-07-01T00:00:00.000000', '2019-07-08T00:00:00.000000',
       '2019-07-15T00:00:00.000000', '2019-07-22T00:00:00.000000',
       '2019-07-29T00:00:00.000000', '2019-08-05T00:00:00.000000',
       '2019-08-12T00:00:00.000000', '2019-08-19T00:00:00.000000',
       '2019-08-26T00:00:00.000000', '2019-09-02T00:00:00.000000',
       '2019-09-09T00:00:00.000000', '2019-09-16T00:00:00.000000',
       '2019-09-23T00:00:00.000000', '2019-09-30T00:00:00.000000',
       '2019-10-07T00:00:00.000000', '2019-10-14T00:00:00.000000',
       '2019-10-21T00:00:00.000000', '2019-10-28T00:00:00.000000',
       '2019-11-04T00:00:00.000000', '2019-11-11T00:00:00.000000',
       '2019-11-18T00:00:00.000000', '2019-11-25T00:00:00.000000',
       '2019-12-02T00:00:00.000000', '2019-12-09T00:00:00.000000',
       '2019-12-16T00:00:00.000000', '2019-12-23T00:00:00.000000',
       '2019-12-30T00:00:00.000000', '2020-01-06T00:00:00.000000',
       '2020-01-13T00:00:00.000000', '2020-01-20T00:00:00.000000',
       '2020-01-27T00:00:00.000000', '2020-02-03T00:00:00.000000',
       '2020-02-10T00:00:00.000000', '2020-02-17T00:00:00.000000',
       '2020-02-24T00:00:00.000000', '2020-03-02T00:00:00.000000',
       '2020-03-09T00:00:00.000000', '2020-03-16T00:00:00.000000',
       '2020-03-23T00:00:00.000000', '2020-03-30T00:00:00.000000',
       '2020-04-06T00:00:00.000000', '2020-04-13T00:00:00.000000',
       '2020-04-20T00:00:00.000000', '2020-04-27T00:00:00.000000',
       '2020-05-04T00:00:00.000000', '2020-05-11T00:00:00.000000',
       '2020-05-18T00:00:00.000000', '2020-05-25T00:00:00.000000',
       '2020-06-01T00:00:00.000000', '2020-06-08T00:00:00.000000',
       '2020-06-15T00:00:00.000000', '2020-06-22T00:00:00.000000',
       '2020-06-29T00:00:00.000000', '2020-07-06T00:00:00.000000',
       '2020-07-13T00:00:00.000000', '2020-07-20T00:00:00.000000',
       '2020-07-27T00:00:00.000000', '2020-08-03T00:00:00.000000',
       '2020-08-10T00:00:00.000000', '2020-08-17T00:00:00.000000',
       '2020-08-24T00:00:00.000000', '2020-08-31T00:00:00.000000',
       '2020-09-07T00:00:00.000000', '2020-09-14T00:00:00.000000',
       '2020-09-21T00:00:00.000000', '2020-09-28T00:00:00.000000',
       '2020-10-05T00:00:00.000000', '2020-10-12T00:00:00.000000',
       '2020-10-19T00:00:00.000000', '2020-10-26T00:00:00.000000',
       '2020-11-02T00:00:00.000000', '2020-11-09T00:00:00.000000',
       '2020-11-16T00:00:00.000000', '2020-11-23T00:00:00.000000',
       '2020-11-30T00:00:00.000000', '2020-12-07T00:00:00.000000',
       '2020-12-14T00:00:00.000000', '2020-12-21T00:00:00.000000',
       '2020-12-28T00:00:00.000000', '2021-01-04T00:00:00.000000',
       '2021-01-11T00:00:00.000000', '2021-01-18T00:00:00.000000',
       '2021-01-25T00:00:00.000000', '2021-02-01T00:00:00.000000',
       '2021-02-08T00:00:00.000000', '2021-02-15T00:00:00.000000',
       '2021-02-22T00:00:00.000000', '2021-03-01T00:00:00.000000',
       '2021-03-08T00:00:00.000000', '2021-03-15T00:00:00.000000',
       '2021-03-22T00:00:00.000000', '2021-03-29T00:00:00.000000',
       '2021-04-05T00:00:00.000000', '2021-04-12T00:00:00.000000',
       '2021-04-19T00:00:00.000000', '2021-04-26T00:00:00.000000',
       '2021-05-03T00:00:00.000000', '2021-05-10T00:00:00.000000',
       '2021-05-17T00:00:00.000000', '2021-05-24T00:00:00.000000',
       '2021-05-31T00:00:00.000000', '2021-06-07T00:00:00.000000',
       '2021-06-14T00:00:00.000000', '2021-06-21T00:00:00.000000',
       '2021-06-28T00:00:00.000000', '2021-07-05T00:00:00.000000',
       '2021-07-12T00:00:00.000000', '2021-07-19T00:00:00.000000',
       '2021-07-26T00:00:00.000000', '2021-08-02T00:00:00.000000',
       '2021-08-09T00:00:00.000000', '2021-08-16T00:00:00.000000',
       '2021-08-23T00:00:00.000000', '2021-08-30T00:00:00.000000',
       '2021-09-06T00:00:00.000000', '2021-09-13T00:00:00.000000',
       '2021-09-20T00:00:00.000000', '2021-09-27T00:00:00.000000',
       '2021-10-04T00:00:00.000000', '2021-10-11T00:00:00.000000',
       '2021-10-18T00:00:00.000000', '2021-10-25T00:00:00.000000',
       '2021-11-01T00:00:00.000000', '2021-11-08T00:00:00.000000',
       '2021-11-15T00:00:00.000000', '2021-11-22T00:00:00.000000',
       '2021-11-29T00:00:00.000000', '2021-12-06T00:00:00.000000',
       '2021-12-13T00:00:00.000000', '2021-12-20T00:00:00.000000',
       '2021-12-27T00:00:00.000000', '2022-01-03T00:00:00.000000',
       '2022-01-10T00:00:00.000000', '2022-01-17T00:00:00.000000',
       '2022-01-24T00:00:00.000000', '2022-01-31T00:00:00.000000',
       '2022-02-07T00:00:00.000000', '2022-02-14T00:00:00.000000',
       '2022-02-21T00:00:00.000000', '2022-02-28T00:00:00.000000',
       '2022-03-07T00:00:00.000000', '2022-03-14T00:00:00.000000',
       '2022-03-21T00:00:00.000000', '2022-03-28T00:00:00.000000',
       '2022-04-04T00:00:00.000000', '2022-04-11T00:00:00.000000',
       '2022-04-18T00:00:00.000000', '2022-04-25T00:00:00.000000',
       '2022-05-02T00:00:00.000000', '2022-05-09T00:00:00.000000',
       '2022-05-16T00:00:00.000000', '2022-05-23T00:00:00.000000',
       '2022-05-30T00:00:00.000000', '2022-06-06T00:00:00.000000',
       '2022-06-13T00:00:00.000000', '2022-06-20T00:00:00.000000',
       '2022-06-27T00:00:00.000000', '2022-07-04T00:00:00.000000',
       '2022-07-11T00:00:00.000000', '2022-07-18T00:00:00.000000',
       '2022-07-25T00:00:00.000000', '2022-08-01T00:00:00.000000',
       '2022-08-08T00:00:00.000000', '2022-08-15T00:00:00.000000',
       '2022-08-22T00:00:00.000000', '2022-08-29T00:00:00.000000',
       '2022-09-05T00:00:00.000000', '2022-09-12T00:00:00.000000',
       '2022-09-19T00:00:00.000000', '2022-09-26T00:00:00.000000',
       '2022-10-03T00:00:00.000000', '2022-10-10T00:00:00.000000',
       '2022-10-17T00:00:00.000000', '2022-10-24T00:00:00.000000',
       '2022-10-31T00:00:00.000000', '2022-11-07T00:00:00.000000',
       '2022-11-14T00:00:00.000000', '2022-11-21T00:00:00.000000',
       '2022-11-28T00:00:00.000000', '2022-12-05T00:00:00.000000',
       '2022-12-12T00:00:00.000000', '2022-12-19T00:00:00.000000',
       '2022-12-26T00:00:00.000000', '2023-01-02T00:00:00.000000',
       '2023-01-09T00:00:00.000000', '2023-01-16T00:00:00.000000',
       '2023-01-23T00:00:00.000000', '2023-01-30T00:00:00.000000',
       '2023-02-06T00:00:00.000000', '2023-02-13T00:00:00.000000',
       '2023-02-20T00:00:00.000000', '2023-02-27T00:00:00.000000',
       '2023-03-06T00:00:00.000000', '2023-03-13T00:00:00.000000',
       '2023-03-20T00:00:00.000000', '2023-03-27T00:00:00.000000',
       '2023-04-03T00:00:00.000000', '2023-04-10T00:00:00.000000',
       '2023-04-17T00:00:00.000000', '2023-04-24T00:00:00.000000',
       '2023-05-01T00:00:00.000000', '2023-05-08T00:00:00.000000',
       '2023-05-15T00:00:00.000000', '2023-05-22T00:00:00.000000',
       '2023-05-29T00:00:00.000000', '2023-06-05T00:00:00.000000',
       '2023-06-12T00:00:00.000000', '2023-06-19T00:00:00.000000',
       '2023-06-26T00:00:00.000000', '2023-07-03T00:00:00.000000',
       '2023-07-10T00:00:00.000000', '2023-07-17T00:00:00.000000',
       '2023-07-24T00:00:00.000000', '2023-07-31T00:00:00.000000',
       '2023-08-07T00:00:00.000000', '2023-08-14T00:00:00.000000',
       '2023-08-21T00:00:00.000000', '2023-08-28T00:00:00.000000',
       '2023-09-04T00:00:00.000000', '2023-09-11T00:00:00.000000',
       '2023-09-18T00:00:00.000000', '2023-09-25T00:00:00.000000',
       '2023-10-02T00:00:00.000000', '2023-10-09T00:00:00.000000',
       '2023-10-16T00:00:00.000000', '2023-10-23T00:00:00.000000',
       '2023-10-30T00:00:00.000000', '2023-11-06T00:00:00.000000',
       '2023-11-13T00:00:00.000000', '2023-11-20T00:00:00.000000',
       '2023-11-27T00:00:00.000000', '2023-12-04T00:00:00.000000',
       '2023-12-11T00:00:00.000000', '2023-12-18T00:00:00.000000',
       '2023-12-25T00:00:00.000000', '2024-01-01T00:00:00.000000',
       '2024-01-08T00:00:00.000000', '2024-01-15T00:00:00.000000',
       '2024-01-22T00:00:00.000000', '2024-01-29T00:00:00.000000',
       '2024-02-05T00:00:00.000000', '2024-02-12T00:00:00.000000',
       '2024-02-19T00:00:00.000000', '2024-02-26T00:00:00.000000',
       '2024-03-04T00:00:00.000000', '2024-03-11T00:00:00.000000',
       '2024-03-18T00:00:00.000000', '2024-03-25T00:00:00.000000',
       '2024-04-01T00:00:00.000000', '2024-04-08T00:00:00.000000',
       '2024-04-15T00:00:00.000000', '2024-04-22T00:00:00.000000',
       '2024-04-29T00:00:00.000000', '2024-05-06T00:00:00.000000',
       '2024-05-13T00:00:00.000000', '2024-05-20T00:00:00.000000',
       '2024-05-27T00:00:00.000000', '2024-06-03T00:00:00.000000',
       '2024-06-10T00:00:00.000000', '2024-06-17T00:00:00.000000',
       '2024-06-24T00:00:00.000000', '2024-07-01T00:00:00.000000',
       '2024-07-08T00:00:00.000000', '2024-07-15T00:00:00.000000',
       '2024-07-22T00:00:00.000000', '2024-07-29T00:00:00.000000',
       '2024-08-05T00:00:00.000000', '2024-08-12T00:00:00.000000',
       '2024-08-19T00:00:00.000000', '2024-08-26T00:00:00.000000',
       '2024-09-02T00:00:00.000000', '2024-09-09T00:00:00.000000',
       '2024-09-16T00:00:00.000000', '2024-09-23T00:00:00.000000',
       '2024-09-30T00:00:00.000000', '2024-10-07T00:00:00.000000',
       '2024-10-14T00:00:00.000000', '2024-10-21T00:00:00.000000',
       '2024-10-28T00:00:00.000000', '2024-11-04T00:00:00.000000',
       '2024-11-11T00:00:00.000000', '2024-11-18T00:00:00.000000',
       '2024-11-25T00:00:00.000000', '2024-12-02T00:00:00.000000',
       '2024-12-09T00:00:00.000000', '2024-12-16T00:00:00.000000',
       '2024-12-23T00:00:00.000000', '2024-12-30T00:00:00.000000',
       '2025-01-06T00:00:00.000000', '2025-01-13T00:00:00.000000',
       '2025-01-20T00:00:00.000000', '2025-01-27T00:00:00.000000',
       '2025-02-03T00:00:00.000000', '2025-02-10T00:00:00.000000',
       '2025-02-17T00:00:00.000000', '2025-02-24T00:00:00.000000',
       '2025-03-03T00:00:00.000000', '2025-03-10T00:00:00.000000',
       '2025-03-17T00:00:00.000000', '2025-03-24T00:00:00.000000',
       '2025-03-31T00:00:00.000000', '2025-04-07T00:00:00.000000',
       '2025-04-14T00:00:00.000000', '2025-04-21T00:00:00.000000',
       '2025-04-28T00:00:00.000000', '2025-05-05T00:00:00.000000',
       '2025-05-12T00:00:00.000000', '2025-05-19T00:00:00.000000',
       '2025-05-26T00:00:00.000000', '2025-06-02T00:00:00.000000',
       '2025-06-09T00:00:00.000000', '2025-06-16T00:00:00.000000',
       '2025-06-23T00:00:00.000000', '2025-06-30T00:00:00.000000',
       '2025-07-07T00:00:00.000000', '2025-07-14T00:00:00.000000',
       '2025-07-21T00:00:00.000000', '2025-07-28T00:00:00.000000',
       '2025-08-04T00:00:00.000000', '2025-08-11T00:00:00.000000',
       '2025-08-18T00:00:00.000000', '2025-08-25T00:00:00.000000',
       '2025-09-01T00:00:00.000000', '2025-09-08T00:00:00.000000',
       '2025-09-15T00:00:00.000000', '2025-09-22T00:00:00.000000',
       '2025-09-29T00:00:00.000000', '2025-10-06T00:00:00.000000',
       '2025-10-13T00:00:00.000000', '2025-10-20T00:00:00.000000',
       '2025-10-27T00:00:00.000000', '2025-11-03T00:00:00.000000',
       '2025-11-10T00:00:00.000000', '2025-11-17T00:00:00.000000',
       '2025-11-24T00:00:00.000000', '2025-12-01T00:00:00.000000',
       '2025-12-08T00:00:00.000000', '2025-12-15T00:00:00.000000',
       '2025-12-22T00:00:00.000000', '2025-12-29T00:00:00.000000',
       '2026-01-05T00:00:00.000000', '2026-01-12T00:00:00.000000',
       '2026-01-19T00:00:00.000000', '2026-01-26T00:00:00.000000',
       '2026-02-02T00:00:00.000000', '2026-02-09T00:00:00.000000',
       '2026-02-16T00:00:00.000000', '2026-02-23T00:00:00.000000',
       '2026-03-02T00:00:00.000000', '2026-03-09T00:00:00.000000',
       '2026-03-16T00:00:00.000000', '2026-03-23T00:00:00.000000',
       '2026-03-30T00:00:00.000000', '2026-04-06T00:00:00.000000',
       '2026-05-25T00:00:00.000000', '2026-06-01T00:00:00.000000',
       '2026-06-08T00:00:00.000000', '2026-06-15T00:00:00.000000'],
      dtype='datetime64[us]'))
2026-07-04 06:06:31.909 | DEBUG    | __main__:forecast_holt_winters:131 -     Holt-Winters forecast failed: positive() got an unexpected keyword argument 'lower'
2026-07-04 06:06:31.912 | DEBUG    | __main__:forecast_tree:163 -     Tree forecast failed: Feature shape mismatch, expected: 18, got 16
2026-07-04 06:06:31.913 | INFO     | __main__:forecast_commodity:294 -   daily        -> N     410,811/MT  +1.1%  (2026-07-06)
2026-07-04 06:06:31.914 | INFO     | __main__:forecast_commodity:294 -   weekly       -> N     410,811/MT  +1.1%  (2026-07-13)
2026-07-04 06:06:31.914 | INFO     | __main__:forecast_commodity:294 -   2_weeks      -> N     407,011/MT  +0.1%  (2026-07-20)
2026-07-04 06:06:31.915 | INFO     | __main__:forecast_commodity:294 -   monthly      -> N     402,915/MT  -0.9%  (2026-08-03)
2026-07-04 06:06:31.916 | INFO     | __main__:forecast_commodity:294 -   3_months     -> N     406,149/MT  -0.1%  (2026-10-05)
2026-07-04 06:06:31.917 | INFO     | __main__:forecast_commodity:294 -   6_months     -> N     408,045/MT  +0.4%  (2027-01-04)
2026-07-04 06:06:31.918 | INFO     | __main__:run_forecasting:359 -   Maize (yellow)
2026-07-04 06:06:31.919 | INFO     | __main__:run_forecasting:353 - 
[12/17] Forecasting Wheat...
2026-07-04 06:06:32.020 | WARNING  | __main__:load_models_and_meta:87 -   Could not load arima for Wheat: No module named 'pmdarima'
2026-07-04 06:06:32.091 | WARNING  | __main__:load_models_and_meta:87 -   Could not load prophet for Wheat: (dtype('<M8[us]'), array(['2010-01-04T00:00:00.000000', '2010-01-11T00:00:00.000000',
       '2010-01-18T00:00:00.000000', '2010-01-25T00:00:00.000000',
       '2010-02-01T00:00:00.000000', '2010-02-08T00:00:00.000000',
       '2010-02-15T00:00:00.000000', '2010-02-22T00:00:00.000000',
       '2010-03-01T00:00:00.000000', '2010-03-08T00:00:00.000000',
       '2010-03-15T00:00:00.000000', '2010-03-22T00:00:00.000000',
       '2010-03-29T00:00:00.000000', '2010-04-05T00:00:00.000000',
       '2010-04-12T00:00:00.000000', '2010-04-19T00:00:00.000000',
       '2010-04-26T00:00:00.000000', '2010-05-03T00:00:00.000000',
       '2010-05-10T00:00:00.000000', '2010-05-17T00:00:00.000000',
       '2010-05-24T00:00:00.000000', '2010-05-31T00:00:00.000000',
       '2010-06-07T00:00:00.000000', '2010-06-14T00:00:00.000000',
       '2010-06-21T00:00:00.000000', '2010-06-28T00:00:00.000000',
       '2010-07-05T00:00:00.000000', '2010-07-12T00:00:00.000000',
       '2010-07-19T00:00:00.000000', '2010-07-26T00:00:00.000000',
       '2010-08-02T00:00:00.000000', '2010-08-09T00:00:00.000000',
       '2010-08-16T00:00:00.000000', '2010-08-23T00:00:00.000000',
       '2010-08-30T00:00:00.000000', '2010-09-06T00:00:00.000000',
       '2010-09-13T00:00:00.000000', '2010-09-20T00:00:00.000000',
       '2010-09-27T00:00:00.000000', '2010-10-04T00:00:00.000000',
       '2010-10-11T00:00:00.000000', '2010-10-18T00:00:00.000000',
       '2010-10-25T00:00:00.000000', '2010-11-01T00:00:00.000000',
       '2010-11-08T00:00:00.000000', '2010-11-15T00:00:00.000000',
       '2010-11-22T00:00:00.000000', '2010-11-29T00:00:00.000000',
       '2010-12-06T00:00:00.000000', '2010-12-13T00:00:00.000000',
       '2010-12-20T00:00:00.000000', '2010-12-27T00:00:00.000000',
       '2011-01-03T00:00:00.000000', '2011-01-10T00:00:00.000000',
       '2011-01-17T00:00:00.000000', '2011-01-24T00:00:00.000000',
       '2011-01-31T00:00:00.000000', '2011-02-07T00:00:00.000000',
       '2011-02-14T00:00:00.000000', '2011-02-21T00:00:00.000000',
       '2011-02-28T00:00:00.000000', '2011-03-07T00:00:00.000000',
       '2011-03-14T00:00:00.000000', '2011-03-21T00:00:00.000000',
       '2011-03-28T00:00:00.000000', '2011-04-04T00:00:00.000000',
       '2011-04-11T00:00:00.000000', '2011-04-18T00:00:00.000000',
       '2011-04-25T00:00:00.000000', '2011-05-02T00:00:00.000000',
       '2011-05-09T00:00:00.000000', '2011-05-16T00:00:00.000000',
       '2011-05-23T00:00:00.000000', '2011-05-30T00:00:00.000000',
       '2011-06-06T00:00:00.000000', '2011-06-13T00:00:00.000000',
       '2011-06-20T00:00:00.000000', '2011-06-27T00:00:00.000000',
       '2011-07-04T00:00:00.000000', '2011-07-11T00:00:00.000000',
       '2011-07-18T00:00:00.000000', '2011-07-25T00:00:00.000000',
       '2011-08-01T00:00:00.000000', '2011-08-08T00:00:00.000000',
       '2011-08-15T00:00:00.000000', '2011-08-22T00:00:00.000000',
       '2011-08-29T00:00:00.000000', '2011-09-05T00:00:00.000000',
       '2011-09-12T00:00:00.000000', '2011-09-19T00:00:00.000000',
       '2011-09-26T00:00:00.000000', '2011-10-03T00:00:00.000000',
       '2011-10-10T00:00:00.000000', '2011-10-17T00:00:00.000000',
       '2011-10-24T00:00:00.000000', '2011-10-31T00:00:00.000000',
       '2011-11-07T00:00:00.000000', '2011-11-14T00:00:00.000000',
       '2011-11-21T00:00:00.000000', '2011-11-28T00:00:00.000000',
       '2011-12-05T00:00:00.000000', '2011-12-12T00:00:00.000000',
       '2011-12-19T00:00:00.000000', '2011-12-26T00:00:00.000000',
       '2012-01-02T00:00:00.000000', '2012-01-09T00:00:00.000000',
       '2012-01-16T00:00:00.000000', '2012-01-23T00:00:00.000000',
       '2012-01-30T00:00:00.000000', '2012-02-06T00:00:00.000000',
       '2012-02-13T00:00:00.000000', '2012-02-20T00:00:00.000000',
       '2012-02-27T00:00:00.000000', '2012-03-05T00:00:00.000000',
       '2012-03-12T00:00:00.000000', '2012-03-19T00:00:00.000000',
       '2012-03-26T00:00:00.000000', '2012-04-02T00:00:00.000000',
       '2012-04-09T00:00:00.000000', '2012-04-16T00:00:00.000000',
       '2012-04-23T00:00:00.000000', '2012-04-30T00:00:00.000000',
       '2012-05-07T00:00:00.000000', '2012-05-14T00:00:00.000000',
       '2012-05-21T00:00:00.000000', '2012-05-28T00:00:00.000000',
       '2012-06-04T00:00:00.000000', '2012-06-11T00:00:00.000000',
       '2012-06-18T00:00:00.000000', '2012-06-25T00:00:00.000000',
       '2012-07-02T00:00:00.000000', '2012-07-09T00:00:00.000000',
       '2012-07-16T00:00:00.000000', '2012-07-23T00:00:00.000000',
       '2012-07-30T00:00:00.000000', '2012-08-06T00:00:00.000000',
       '2012-08-13T00:00:00.000000', '2012-08-20T00:00:00.000000',
       '2012-08-27T00:00:00.000000', '2012-09-03T00:00:00.000000',
       '2012-09-10T00:00:00.000000', '2012-09-17T00:00:00.000000',
       '2012-09-24T00:00:00.000000', '2012-10-01T00:00:00.000000',
       '2012-10-08T00:00:00.000000', '2012-10-15T00:00:00.000000',
       '2012-10-22T00:00:00.000000', '2012-10-29T00:00:00.000000',
       '2012-11-05T00:00:00.000000', '2012-11-12T00:00:00.000000',
       '2012-11-19T00:00:00.000000', '2012-11-26T00:00:00.000000',
       '2012-12-03T00:00:00.000000', '2012-12-10T00:00:00.000000',
       '2012-12-17T00:00:00.000000', '2012-12-24T00:00:00.000000',
       '2012-12-31T00:00:00.000000', '2013-01-07T00:00:00.000000',
       '2013-01-14T00:00:00.000000', '2013-01-21T00:00:00.000000',
       '2013-01-28T00:00:00.000000', '2013-02-04T00:00:00.000000',
       '2013-02-11T00:00:00.000000', '2013-02-18T00:00:00.000000',
       '2013-02-25T00:00:00.000000', '2013-03-04T00:00:00.000000',
       '2013-03-11T00:00:00.000000', '2013-03-18T00:00:00.000000',
       '2013-03-25T00:00:00.000000', '2013-04-01T00:00:00.000000',
       '2013-04-08T00:00:00.000000', '2013-04-15T00:00:00.000000',
       '2013-04-22T00:00:00.000000', '2013-04-29T00:00:00.000000',
       '2013-05-06T00:00:00.000000', '2013-05-13T00:00:00.000000',
       '2013-05-20T00:00:00.000000', '2013-05-27T00:00:00.000000',
       '2013-06-03T00:00:00.000000', '2013-06-10T00:00:00.000000',
       '2013-06-17T00:00:00.000000', '2013-06-24T00:00:00.000000',
       '2013-07-01T00:00:00.000000', '2013-07-08T00:00:00.000000',
       '2013-07-15T00:00:00.000000', '2013-07-22T00:00:00.000000',
       '2013-07-29T00:00:00.000000', '2013-08-05T00:00:00.000000',
       '2013-08-12T00:00:00.000000', '2013-08-19T00:00:00.000000',
       '2013-08-26T00:00:00.000000', '2013-09-02T00:00:00.000000',
       '2013-09-09T00:00:00.000000', '2013-09-16T00:00:00.000000',
       '2013-09-23T00:00:00.000000', '2013-09-30T00:00:00.000000',
       '2013-10-07T00:00:00.000000', '2013-10-14T00:00:00.000000',
       '2013-10-21T00:00:00.000000', '2013-10-28T00:00:00.000000',
       '2013-11-04T00:00:00.000000', '2013-11-11T00:00:00.000000',
       '2013-11-18T00:00:00.000000', '2013-11-25T00:00:00.000000',
       '2013-12-02T00:00:00.000000', '2013-12-09T00:00:00.000000',
       '2013-12-16T00:00:00.000000', '2013-12-23T00:00:00.000000',
       '2013-12-30T00:00:00.000000', '2014-01-06T00:00:00.000000',
       '2014-01-13T00:00:00.000000', '2014-01-20T00:00:00.000000',
       '2014-01-27T00:00:00.000000', '2014-02-03T00:00:00.000000',
       '2014-02-10T00:00:00.000000', '2014-02-17T00:00:00.000000',
       '2014-02-24T00:00:00.000000', '2014-03-03T00:00:00.000000',
       '2014-03-10T00:00:00.000000', '2014-03-17T00:00:00.000000',
       '2014-03-24T00:00:00.000000', '2014-03-31T00:00:00.000000',
       '2014-04-07T00:00:00.000000', '2014-04-14T00:00:00.000000',
       '2014-04-21T00:00:00.000000', '2014-04-28T00:00:00.000000',
       '2014-05-05T00:00:00.000000', '2014-05-12T00:00:00.000000',
       '2014-05-19T00:00:00.000000', '2014-05-26T00:00:00.000000',
       '2014-06-02T00:00:00.000000', '2014-06-09T00:00:00.000000',
       '2014-06-16T00:00:00.000000', '2014-06-23T00:00:00.000000',
       '2014-06-30T00:00:00.000000', '2014-07-07T00:00:00.000000',
       '2014-07-14T00:00:00.000000', '2014-07-21T00:00:00.000000',
       '2014-07-28T00:00:00.000000', '2014-08-04T00:00:00.000000',
       '2014-08-11T00:00:00.000000', '2014-08-18T00:00:00.000000',
       '2014-08-25T00:00:00.000000', '2014-09-01T00:00:00.000000',
       '2014-09-08T00:00:00.000000', '2014-09-15T00:00:00.000000',
       '2014-09-22T00:00:00.000000', '2014-09-29T00:00:00.000000',
       '2014-10-06T00:00:00.000000', '2014-10-13T00:00:00.000000',
       '2014-10-20T00:00:00.000000', '2014-10-27T00:00:00.000000',
       '2014-11-03T00:00:00.000000', '2014-11-10T00:00:00.000000',
       '2014-11-17T00:00:00.000000', '2014-11-24T00:00:00.000000',
       '2014-12-01T00:00:00.000000', '2014-12-08T00:00:00.000000',
       '2014-12-15T00:00:00.000000', '2014-12-22T00:00:00.000000',
       '2014-12-29T00:00:00.000000', '2015-01-05T00:00:00.000000',
       '2015-01-12T00:00:00.000000', '2015-01-19T00:00:00.000000',
       '2015-01-26T00:00:00.000000', '2015-02-02T00:00:00.000000',
       '2015-02-09T00:00:00.000000', '2015-02-16T00:00:00.000000',
       '2015-02-23T00:00:00.000000', '2015-03-02T00:00:00.000000',
       '2015-03-09T00:00:00.000000', '2015-03-16T00:00:00.000000',
       '2015-03-23T00:00:00.000000', '2015-03-30T00:00:00.000000',
       '2015-04-06T00:00:00.000000', '2015-04-13T00:00:00.000000',
       '2015-04-20T00:00:00.000000', '2015-04-27T00:00:00.000000',
       '2015-05-04T00:00:00.000000', '2015-05-11T00:00:00.000000',
       '2015-05-18T00:00:00.000000', '2015-05-25T00:00:00.000000',
       '2015-06-01T00:00:00.000000', '2015-06-08T00:00:00.000000',
       '2015-06-15T00:00:00.000000', '2015-06-22T00:00:00.000000',
       '2015-06-29T00:00:00.000000', '2015-07-06T00:00:00.000000',
       '2015-07-13T00:00:00.000000', '2015-07-20T00:00:00.000000',
       '2015-07-27T00:00:00.000000', '2015-08-03T00:00:00.000000',
       '2015-08-10T00:00:00.000000', '2015-08-17T00:00:00.000000',
       '2015-08-24T00:00:00.000000', '2015-08-31T00:00:00.000000',
       '2015-09-07T00:00:00.000000', '2015-09-14T00:00:00.000000',
       '2015-09-21T00:00:00.000000', '2015-09-28T00:00:00.000000',
       '2015-10-05T00:00:00.000000', '2015-10-12T00:00:00.000000',
       '2015-10-19T00:00:00.000000', '2015-10-26T00:00:00.000000',
       '2015-11-02T00:00:00.000000', '2015-11-09T00:00:00.000000',
       '2015-11-16T00:00:00.000000', '2015-11-23T00:00:00.000000',
       '2015-11-30T00:00:00.000000', '2015-12-07T00:00:00.000000',
       '2015-12-14T00:00:00.000000', '2015-12-21T00:00:00.000000',
       '2015-12-28T00:00:00.000000', '2016-01-04T00:00:00.000000',
       '2016-01-11T00:00:00.000000', '2016-01-18T00:00:00.000000',
       '2016-01-25T00:00:00.000000', '2016-02-01T00:00:00.000000',
       '2016-02-08T00:00:00.000000', '2016-02-15T00:00:00.000000',
       '2016-02-22T00:00:00.000000', '2016-02-29T00:00:00.000000',
       '2016-03-07T00:00:00.000000', '2016-03-14T00:00:00.000000',
       '2016-03-21T00:00:00.000000', '2016-03-28T00:00:00.000000',
       '2016-04-04T00:00:00.000000', '2016-04-11T00:00:00.000000',
       '2016-04-18T00:00:00.000000', '2016-04-25T00:00:00.000000',
       '2016-05-02T00:00:00.000000', '2016-05-09T00:00:00.000000',
       '2016-05-16T00:00:00.000000', '2016-05-23T00:00:00.000000',
       '2016-05-30T00:00:00.000000', '2016-06-06T00:00:00.000000',
       '2016-06-13T00:00:00.000000', '2016-06-20T00:00:00.000000',
       '2016-06-27T00:00:00.000000', '2016-07-04T00:00:00.000000',
       '2016-07-11T00:00:00.000000', '2016-07-18T00:00:00.000000',
       '2016-07-25T00:00:00.000000', '2016-08-01T00:00:00.000000',
       '2016-08-08T00:00:00.000000', '2016-08-15T00:00:00.000000',
       '2016-08-22T00:00:00.000000', '2016-08-29T00:00:00.000000',
       '2016-09-05T00:00:00.000000', '2016-09-12T00:00:00.000000',
       '2016-09-19T00:00:00.000000', '2016-09-26T00:00:00.000000',
       '2016-10-03T00:00:00.000000', '2016-10-10T00:00:00.000000',
       '2016-10-17T00:00:00.000000', '2016-10-24T00:00:00.000000',
       '2016-10-31T00:00:00.000000', '2016-11-07T00:00:00.000000',
       '2016-11-14T00:00:00.000000', '2016-11-21T00:00:00.000000',
       '2016-11-28T00:00:00.000000', '2016-12-05T00:00:00.000000',
       '2016-12-12T00:00:00.000000', '2016-12-19T00:00:00.000000',
       '2016-12-26T00:00:00.000000', '2017-01-02T00:00:00.000000',
       '2017-01-09T00:00:00.000000', '2017-01-16T00:00:00.000000',
       '2017-01-23T00:00:00.000000', '2017-01-30T00:00:00.000000',
       '2017-02-06T00:00:00.000000', '2017-02-13T00:00:00.000000',
       '2017-02-20T00:00:00.000000', '2017-02-27T00:00:00.000000',
       '2017-03-06T00:00:00.000000', '2017-03-13T00:00:00.000000',
       '2017-03-20T00:00:00.000000', '2017-03-27T00:00:00.000000',
       '2017-04-03T00:00:00.000000', '2017-04-10T00:00:00.000000',
       '2017-04-17T00:00:00.000000', '2017-04-24T00:00:00.000000',
       '2017-05-01T00:00:00.000000', '2017-05-08T00:00:00.000000',
       '2017-05-15T00:00:00.000000', '2017-05-22T00:00:00.000000',
       '2017-05-29T00:00:00.000000', '2017-06-05T00:00:00.000000',
       '2017-06-12T00:00:00.000000', '2017-06-19T00:00:00.000000',
       '2017-06-26T00:00:00.000000', '2017-07-03T00:00:00.000000',
       '2017-07-10T00:00:00.000000', '2017-07-17T00:00:00.000000',
       '2017-07-24T00:00:00.000000', '2017-07-31T00:00:00.000000',
       '2017-08-07T00:00:00.000000', '2017-08-14T00:00:00.000000',
       '2017-08-21T00:00:00.000000', '2017-08-28T00:00:00.000000',
       '2017-09-04T00:00:00.000000', '2017-09-11T00:00:00.000000',
       '2017-09-18T00:00:00.000000', '2017-09-25T00:00:00.000000',
       '2017-10-02T00:00:00.000000', '2017-10-09T00:00:00.000000',
       '2017-10-16T00:00:00.000000', '2017-10-23T00:00:00.000000',
       '2017-10-30T00:00:00.000000', '2017-11-06T00:00:00.000000',
       '2017-11-13T00:00:00.000000', '2017-11-20T00:00:00.000000',
       '2017-11-27T00:00:00.000000', '2017-12-04T00:00:00.000000',
       '2017-12-11T00:00:00.000000', '2017-12-18T00:00:00.000000',
       '2017-12-25T00:00:00.000000', '2018-01-01T00:00:00.000000',
       '2018-01-08T00:00:00.000000', '2018-01-15T00:00:00.000000',
       '2018-01-22T00:00:00.000000', '2018-01-29T00:00:00.000000',
       '2018-02-05T00:00:00.000000', '2018-02-12T00:00:00.000000',
       '2018-02-19T00:00:00.000000', '2018-02-26T00:00:00.000000',
       '2018-03-05T00:00:00.000000', '2018-03-12T00:00:00.000000',
       '2018-03-19T00:00:00.000000', '2018-03-26T00:00:00.000000',
       '2018-04-02T00:00:00.000000', '2018-04-09T00:00:00.000000',
       '2018-04-16T00:00:00.000000', '2018-04-23T00:00:00.000000',
       '2018-04-30T00:00:00.000000', '2018-05-07T00:00:00.000000',
       '2018-05-14T00:00:00.000000', '2018-05-21T00:00:00.000000',
       '2018-05-28T00:00:00.000000', '2018-06-04T00:00:00.000000',
       '2018-06-11T00:00:00.000000', '2018-06-18T00:00:00.000000',
       '2018-06-25T00:00:00.000000', '2018-07-02T00:00:00.000000',
       '2018-07-09T00:00:00.000000', '2018-07-16T00:00:00.000000',
       '2018-07-23T00:00:00.000000', '2018-07-30T00:00:00.000000',
       '2018-08-06T00:00:00.000000', '2018-08-13T00:00:00.000000',
       '2018-08-20T00:00:00.000000', '2018-08-27T00:00:00.000000',
       '2018-09-03T00:00:00.000000', '2018-09-10T00:00:00.000000',
       '2018-09-17T00:00:00.000000', '2018-09-24T00:00:00.000000',
       '2018-10-01T00:00:00.000000', '2018-10-08T00:00:00.000000',
       '2018-10-15T00:00:00.000000', '2018-10-22T00:00:00.000000',
       '2018-10-29T00:00:00.000000', '2018-11-05T00:00:00.000000',
       '2018-11-12T00:00:00.000000', '2018-11-19T00:00:00.000000',
       '2018-11-26T00:00:00.000000', '2018-12-03T00:00:00.000000',
       '2018-12-10T00:00:00.000000', '2018-12-17T00:00:00.000000',
       '2018-12-24T00:00:00.000000', '2018-12-31T00:00:00.000000',
       '2019-01-07T00:00:00.000000', '2019-01-14T00:00:00.000000',
       '2019-01-21T00:00:00.000000', '2019-01-28T00:00:00.000000',
       '2019-02-04T00:00:00.000000', '2019-02-11T00:00:00.000000',
       '2019-02-18T00:00:00.000000', '2019-02-25T00:00:00.000000',
       '2019-03-04T00:00:00.000000', '2019-03-11T00:00:00.000000',
       '2019-03-18T00:00:00.000000', '2019-03-25T00:00:00.000000',
       '2019-04-01T00:00:00.000000', '2019-04-08T00:00:00.000000',
       '2019-04-15T00:00:00.000000', '2019-04-22T00:00:00.000000',
       '2019-04-29T00:00:00.000000', '2019-05-06T00:00:00.000000',
       '2019-05-13T00:00:00.000000', '2019-05-20T00:00:00.000000',
       '2019-05-27T00:00:00.000000', '2019-06-03T00:00:00.000000',
       '2019-06-10T00:00:00.000000', '2019-06-17T00:00:00.000000',
       '2019-06-24T00:00:00.000000', '2019-07-01T00:00:00.000000',
       '2019-07-08T00:00:00.000000', '2019-07-15T00:00:00.000000',
       '2019-07-22T00:00:00.000000', '2019-07-29T00:00:00.000000',
       '2019-08-05T00:00:00.000000', '2019-08-12T00:00:00.000000',
       '2019-08-19T00:00:00.000000', '2019-08-26T00:00:00.000000',
       '2019-09-02T00:00:00.000000', '2019-09-09T00:00:00.000000',
       '2019-09-16T00:00:00.000000', '2019-09-23T00:00:00.000000',
       '2019-09-30T00:00:00.000000', '2019-10-07T00:00:00.000000',
       '2019-10-14T00:00:00.000000', '2019-10-21T00:00:00.000000',
       '2019-10-28T00:00:00.000000', '2019-11-04T00:00:00.000000',
       '2019-11-11T00:00:00.000000', '2019-11-18T00:00:00.000000',
       '2019-11-25T00:00:00.000000', '2019-12-02T00:00:00.000000',
       '2019-12-09T00:00:00.000000', '2019-12-16T00:00:00.000000',
       '2019-12-23T00:00:00.000000', '2019-12-30T00:00:00.000000',
       '2020-01-06T00:00:00.000000', '2020-01-13T00:00:00.000000',
       '2020-01-20T00:00:00.000000', '2020-01-27T00:00:00.000000',
       '2020-02-03T00:00:00.000000', '2020-02-10T00:00:00.000000',
       '2020-02-17T00:00:00.000000', '2020-02-24T00:00:00.000000',
       '2020-03-02T00:00:00.000000', '2020-03-09T00:00:00.000000',
       '2020-03-16T00:00:00.000000', '2020-03-23T00:00:00.000000',
       '2020-03-30T00:00:00.000000', '2020-04-06T00:00:00.000000',
       '2020-04-13T00:00:00.000000', '2020-04-20T00:00:00.000000',
       '2020-04-27T00:00:00.000000', '2020-05-04T00:00:00.000000',
       '2020-05-11T00:00:00.000000', '2020-05-18T00:00:00.000000',
       '2020-05-25T00:00:00.000000', '2020-06-01T00:00:00.000000',
       '2020-06-08T00:00:00.000000', '2020-06-15T00:00:00.000000',
       '2020-06-22T00:00:00.000000', '2020-06-29T00:00:00.000000',
       '2020-07-06T00:00:00.000000', '2020-07-13T00:00:00.000000',
       '2020-07-20T00:00:00.000000', '2020-07-27T00:00:00.000000',
       '2020-08-03T00:00:00.000000', '2020-08-10T00:00:00.000000',
       '2020-08-17T00:00:00.000000', '2020-08-24T00:00:00.000000',
       '2020-08-31T00:00:00.000000', '2020-09-07T00:00:00.000000',
       '2020-09-14T00:00:00.000000', '2020-09-21T00:00:00.000000',
       '2020-09-28T00:00:00.000000', '2020-10-05T00:00:00.000000',
       '2020-10-12T00:00:00.000000', '2020-10-19T00:00:00.000000',
       '2020-10-26T00:00:00.000000', '2020-11-02T00:00:00.000000',
       '2020-11-09T00:00:00.000000', '2020-11-16T00:00:00.000000',
       '2020-11-23T00:00:00.000000', '2020-11-30T00:00:00.000000',
       '2020-12-07T00:00:00.000000', '2020-12-14T00:00:00.000000',
       '2020-12-21T00:00:00.000000', '2020-12-28T00:00:00.000000',
       '2021-01-04T00:00:00.000000', '2021-01-11T00:00:00.000000',
       '2021-01-18T00:00:00.000000', '2021-01-25T00:00:00.000000',
       '2021-02-01T00:00:00.000000', '2021-02-08T00:00:00.000000',
       '2021-02-15T00:00:00.000000', '2021-02-22T00:00:00.000000',
       '2021-03-01T00:00:00.000000', '2021-03-08T00:00:00.000000',
       '2021-03-15T00:00:00.000000', '2021-03-22T00:00:00.000000',
       '2021-03-29T00:00:00.000000', '2021-04-05T00:00:00.000000',
       '2021-04-12T00:00:00.000000', '2021-04-19T00:00:00.000000',
       '2021-04-26T00:00:00.000000', '2021-05-03T00:00:00.000000',
       '2021-05-10T00:00:00.000000', '2021-05-17T00:00:00.000000',
       '2021-05-24T00:00:00.000000', '2021-05-31T00:00:00.000000',
       '2021-06-07T00:00:00.000000', '2021-06-14T00:00:00.000000',
       '2021-06-21T00:00:00.000000', '2021-06-28T00:00:00.000000',
       '2021-07-05T00:00:00.000000', '2021-07-12T00:00:00.000000',
       '2021-07-19T00:00:00.000000', '2021-07-26T00:00:00.000000',
       '2021-08-02T00:00:00.000000', '2021-08-09T00:00:00.000000',
       '2021-08-16T00:00:00.000000', '2021-08-23T00:00:00.000000',
       '2021-08-30T00:00:00.000000', '2021-09-06T00:00:00.000000',
       '2021-09-13T00:00:00.000000', '2021-09-20T00:00:00.000000',
       '2021-09-27T00:00:00.000000', '2021-10-04T00:00:00.000000',
       '2021-10-11T00:00:00.000000', '2021-10-18T00:00:00.000000',
       '2021-10-25T00:00:00.000000', '2021-11-01T00:00:00.000000',
       '2021-11-08T00:00:00.000000', '2021-11-15T00:00:00.000000',
       '2021-11-22T00:00:00.000000', '2021-11-29T00:00:00.000000',
       '2021-12-06T00:00:00.000000', '2021-12-13T00:00:00.000000',
       '2021-12-20T00:00:00.000000', '2021-12-27T00:00:00.000000',
       '2022-01-03T00:00:00.000000', '2022-01-10T00:00:00.000000',
       '2022-01-17T00:00:00.000000', '2022-01-24T00:00:00.000000',
       '2022-01-31T00:00:00.000000', '2022-02-07T00:00:00.000000',
       '2022-02-14T00:00:00.000000', '2022-02-21T00:00:00.000000',
       '2022-02-28T00:00:00.000000', '2022-03-07T00:00:00.000000',
       '2022-03-14T00:00:00.000000', '2022-03-21T00:00:00.000000',
       '2022-03-28T00:00:00.000000', '2022-04-04T00:00:00.000000',
       '2022-04-11T00:00:00.000000', '2022-04-18T00:00:00.000000',
       '2022-04-25T00:00:00.000000', '2022-05-02T00:00:00.000000',
       '2022-05-09T00:00:00.000000', '2022-05-16T00:00:00.000000',
       '2022-05-23T00:00:00.000000', '2022-05-30T00:00:00.000000',
       '2022-06-06T00:00:00.000000', '2022-06-13T00:00:00.000000',
       '2022-06-20T00:00:00.000000', '2022-06-27T00:00:00.000000',
       '2022-07-04T00:00:00.000000', '2022-07-11T00:00:00.000000',
       '2022-07-18T00:00:00.000000', '2022-07-25T00:00:00.000000',
       '2022-08-01T00:00:00.000000', '2022-08-08T00:00:00.000000',
       '2022-08-15T00:00:00.000000', '2022-08-22T00:00:00.000000',
       '2022-08-29T00:00:00.000000', '2022-09-05T00:00:00.000000',
       '2022-09-12T00:00:00.000000', '2022-09-19T00:00:00.000000',
       '2022-09-26T00:00:00.000000', '2022-10-03T00:00:00.000000',
       '2022-10-10T00:00:00.000000', '2022-10-17T00:00:00.000000',
       '2022-10-24T00:00:00.000000', '2022-10-31T00:00:00.000000',
       '2022-11-07T00:00:00.000000', '2022-11-14T00:00:00.000000',
       '2022-11-21T00:00:00.000000', '2022-11-28T00:00:00.000000',
       '2022-12-05T00:00:00.000000', '2022-12-12T00:00:00.000000',
       '2022-12-19T00:00:00.000000', '2022-12-26T00:00:00.000000',
       '2023-01-02T00:00:00.000000', '2023-01-09T00:00:00.000000',
       '2023-01-16T00:00:00.000000', '2023-01-23T00:00:00.000000',
       '2023-01-30T00:00:00.000000', '2023-02-06T00:00:00.000000',
       '2023-02-13T00:00:00.000000', '2023-02-20T00:00:00.000000',
       '2023-02-27T00:00:00.000000', '2023-03-06T00:00:00.000000',
       '2023-03-13T00:00:00.000000', '2023-03-20T00:00:00.000000',
       '2023-03-27T00:00:00.000000', '2023-04-03T00:00:00.000000',
       '2023-04-10T00:00:00.000000', '2023-04-17T00:00:00.000000',
       '2023-04-24T00:00:00.000000', '2023-05-01T00:00:00.000000',
       '2023-05-08T00:00:00.000000', '2023-05-15T00:00:00.000000',
       '2023-05-22T00:00:00.000000', '2023-05-29T00:00:00.000000',
       '2023-06-05T00:00:00.000000', '2023-06-12T00:00:00.000000',
       '2023-06-19T00:00:00.000000', '2023-06-26T00:00:00.000000',
       '2023-07-03T00:00:00.000000', '2023-07-10T00:00:00.000000',
       '2023-07-17T00:00:00.000000', '2023-07-24T00:00:00.000000',
       '2023-07-31T00:00:00.000000', '2023-08-07T00:00:00.000000',
       '2023-08-14T00:00:00.000000', '2023-08-21T00:00:00.000000',
       '2023-08-28T00:00:00.000000', '2023-09-04T00:00:00.000000',
       '2023-09-11T00:00:00.000000', '2023-09-18T00:00:00.000000',
       '2023-09-25T00:00:00.000000', '2023-10-02T00:00:00.000000',
       '2023-10-09T00:00:00.000000', '2023-10-16T00:00:00.000000',
       '2023-10-23T00:00:00.000000', '2023-10-30T00:00:00.000000',
       '2023-11-06T00:00:00.000000', '2023-11-13T00:00:00.000000',
       '2023-11-20T00:00:00.000000', '2023-11-27T00:00:00.000000',
       '2023-12-04T00:00:00.000000', '2023-12-11T00:00:00.000000',
       '2023-12-18T00:00:00.000000', '2023-12-25T00:00:00.000000',
       '2024-01-01T00:00:00.000000', '2024-01-08T00:00:00.000000',
       '2024-01-15T00:00:00.000000', '2024-01-22T00:00:00.000000',
       '2024-01-29T00:00:00.000000', '2024-02-05T00:00:00.000000',
       '2024-02-12T00:00:00.000000', '2024-02-19T00:00:00.000000',
       '2024-02-26T00:00:00.000000', '2024-03-04T00:00:00.000000',
       '2024-03-11T00:00:00.000000', '2024-03-18T00:00:00.000000',
       '2024-03-25T00:00:00.000000', '2024-04-01T00:00:00.000000',
       '2024-04-08T00:00:00.000000', '2024-04-15T00:00:00.000000',
       '2024-04-22T00:00:00.000000', '2024-04-29T00:00:00.000000',
       '2024-05-06T00:00:00.000000', '2024-05-13T00:00:00.000000',
       '2024-05-20T00:00:00.000000', '2024-05-27T00:00:00.000000',
       '2024-06-03T00:00:00.000000', '2024-06-10T00:00:00.000000',
       '2024-06-17T00:00:00.000000', '2024-06-24T00:00:00.000000',
       '2024-07-01T00:00:00.000000', '2024-07-08T00:00:00.000000',
       '2024-07-15T00:00:00.000000', '2024-07-22T00:00:00.000000',
       '2024-07-29T00:00:00.000000', '2024-08-05T00:00:00.000000',
       '2024-08-12T00:00:00.000000', '2024-08-19T00:00:00.000000',
       '2024-08-26T00:00:00.000000', '2024-09-02T00:00:00.000000',
       '2024-09-09T00:00:00.000000', '2024-09-16T00:00:00.000000',
       '2024-09-23T00:00:00.000000', '2024-09-30T00:00:00.000000',
       '2024-10-07T00:00:00.000000', '2024-10-14T00:00:00.000000',
       '2024-10-21T00:00:00.000000', '2024-10-28T00:00:00.000000',
       '2024-11-04T00:00:00.000000', '2024-11-11T00:00:00.000000',
       '2024-11-18T00:00:00.000000', '2024-11-25T00:00:00.000000',
       '2024-12-02T00:00:00.000000', '2024-12-09T00:00:00.000000',
       '2024-12-16T00:00:00.000000', '2024-12-23T00:00:00.000000',
       '2024-12-30T00:00:00.000000', '2025-01-06T00:00:00.000000',
       '2025-01-13T00:00:00.000000', '2025-01-20T00:00:00.000000',
       '2025-01-27T00:00:00.000000', '2025-02-03T00:00:00.000000',
       '2025-02-10T00:00:00.000000', '2025-02-17T00:00:00.000000',
       '2025-02-24T00:00:00.000000', '2025-03-03T00:00:00.000000',
       '2025-03-10T00:00:00.000000', '2025-03-17T00:00:00.000000',
       '2025-03-24T00:00:00.000000', '2025-03-31T00:00:00.000000',
       '2025-04-07T00:00:00.000000', '2025-04-14T00:00:00.000000',
       '2025-04-21T00:00:00.000000', '2025-04-28T00:00:00.000000',
       '2025-05-05T00:00:00.000000', '2025-05-12T00:00:00.000000',
       '2025-05-19T00:00:00.000000', '2025-05-26T00:00:00.000000',
       '2025-06-02T00:00:00.000000', '2025-06-09T00:00:00.000000',
       '2025-06-16T00:00:00.000000', '2025-06-23T00:00:00.000000',
       '2025-06-30T00:00:00.000000', '2025-07-07T00:00:00.000000',
       '2025-07-14T00:00:00.000000', '2025-07-21T00:00:00.000000',
       '2025-07-28T00:00:00.000000', '2025-08-04T00:00:00.000000',
       '2025-08-11T00:00:00.000000', '2025-08-18T00:00:00.000000',
       '2025-08-25T00:00:00.000000', '2025-09-01T00:00:00.000000',
       '2025-09-08T00:00:00.000000', '2025-09-15T00:00:00.000000',
       '2025-09-22T00:00:00.000000', '2025-09-29T00:00:00.000000',
       '2025-10-06T00:00:00.000000', '2025-10-13T00:00:00.000000',
       '2025-10-20T00:00:00.000000', '2025-10-27T00:00:00.000000',
       '2025-11-03T00:00:00.000000', '2025-11-10T00:00:00.000000',
       '2025-11-17T00:00:00.000000', '2025-11-24T00:00:00.000000',
       '2025-12-01T00:00:00.000000', '2025-12-08T00:00:00.000000',
       '2025-12-15T00:00:00.000000', '2025-12-22T00:00:00.000000',
       '2025-12-29T00:00:00.000000', '2026-01-05T00:00:00.000000',
       '2026-01-12T00:00:00.000000', '2026-01-19T00:00:00.000000',
       '2026-01-26T00:00:00.000000', '2026-02-02T00:00:00.000000',
       '2026-02-09T00:00:00.000000', '2026-02-16T00:00:00.000000',
       '2026-02-23T00:00:00.000000', '2026-03-02T00:00:00.000000',
       '2026-03-09T00:00:00.000000', '2026-03-16T00:00:00.000000',
       '2026-03-23T00:00:00.000000', '2026-03-30T00:00:00.000000',
       '2026-04-06T00:00:00.000000', '2026-04-13T00:00:00.000000',
       '2026-05-25T00:00:00.000000', '2026-06-01T00:00:00.000000',
       '2026-06-08T00:00:00.000000', '2026-06-15T00:00:00.000000'],
      dtype='datetime64[us]'))
2026-07-04 06:06:32.220 | DEBUG    | __main__:forecast_holt_winters:131 -     Holt-Winters forecast failed: positive() got an unexpected keyword argument 'lower'
2026-07-04 06:06:32.223 | DEBUG    | __main__:forecast_tree:163 -     Tree forecast failed: Feature shape mismatch, expected: 18, got 16
2026-07-04 06:06:32.224 | INFO     | __main__:forecast_commodity:294 -   daily        -> N     720,236/MT  +0.3%  (2026-07-06)
2026-07-04 06:06:32.225 | INFO     | __main__:forecast_commodity:294 -   weekly       -> N     720,236/MT  +0.3%  (2026-07-13)
2026-07-04 06:06:32.225 | INFO     | __main__:forecast_commodity:294 -   2_weeks      -> N     727,276/MT  +1.3%  (2026-07-20)
2026-07-04 06:06:32.226 | INFO     | __main__:forecast_commodity:294 -   monthly      -> N     720,009/MT  +0.3%  (2026-08-03)
2026-07-04 06:06:32.227 | INFO     | __main__:forecast_commodity:294 -   3_months     -> N     718,138/MT  +-0.0%  (2026-10-05)
2026-07-04 06:06:32.228 | INFO     | __main__:forecast_commodity:294 -   6_months     -> N     717,243/MT  -0.1%  (2027-01-04)
2026-07-04 06:06:32.229 | INFO     | __main__:run_forecasting:359 -   Wheat
2026-07-04 06:06:32.229 | INFO     | __main__:run_forecasting:353 - 
[13/17] Forecasting Rice...
2026-07-04 06:06:32.306 | WARNING  | __main__:load_models_and_meta:87 -   Could not load arima for Rice: No module named 'pmdarima'
2026-07-04 06:06:32.342 | WARNING  | __main__:load_models_and_meta:87 -   Could not load prophet for Rice: (dtype('<M8[us]'), array(['2002-01-14T00:00:00.000000', '2002-01-21T00:00:00.000000',
       '2002-01-28T00:00:00.000000', ..., '2026-06-01T00:00:00.000000',
       '2026-06-08T00:00:00.000000', '2026-06-15T00:00:00.000000'],
      shape=(1274,), dtype='datetime64[us]'))
2026-07-04 06:06:32.493 | DEBUG    | __main__:forecast_holt_winters:131 -     Holt-Winters forecast failed: positive() got an unexpected keyword argument 'lower'
2026-07-04 06:06:32.496 | DEBUG    | __main__:forecast_tree:163 -     Tree forecast failed: Feature shape mismatch, expected: 18, got 16
2026-07-04 06:06:32.496 | INFO     | __main__:forecast_commodity:294 -   daily        -> N   1,556,334/MT  -1.8%  (2026-07-06)
2026-07-04 06:06:32.497 | INFO     | __main__:forecast_commodity:294 -   weekly       -> N   1,556,334/MT  -1.8%  (2026-07-13)
2026-07-04 06:06:32.498 | INFO     | __main__:forecast_commodity:294 -   2_weeks      -> N   1,599,938/MT  +1.0%  (2026-07-20)
2026-07-04 06:06:32.499 | INFO     | __main__:forecast_commodity:294 -   monthly      -> N   1,587,359/MT  +0.2%  (2026-08-03)
2026-07-04 06:06:32.500 | INFO     | __main__:forecast_commodity:294 -   3_months     -> N   1,601,193/MT  +1.1%  (2026-10-05)
2026-07-04 06:06:32.501 | INFO     | __main__:forecast_commodity:294 -   6_months     -> N   1,585,237/MT  +0.1%  (2027-01-04)
2026-07-04 06:06:32.503 | INFO     | __main__:run_forecasting:359 -   Rice
2026-07-04 06:06:32.503 | INFO     | __main__:run_forecasting:353 - 
[14/17] Forecasting Eggs...
2026-07-04 06:06:32.578 | WARNING  | __main__:load_models_and_meta:87 -   Could not load arima for Eggs: No module named 'pmdarima'
2026-07-04 06:06:32.635 | WARNING  | __main__:load_models_and_meta:87 -   Could not load prophet for Eggs: (dtype('<M8[us]'), array(['2016-07-11T00:00:00.000000', '2016-07-18T00:00:00.000000',
       '2016-07-25T00:00:00.000000', '2016-08-01T00:00:00.000000',
       '2016-08-08T00:00:00.000000', '2016-08-15T00:00:00.000000',
       '2016-08-22T00:00:00.000000', '2016-08-29T00:00:00.000000',
       '2016-09-05T00:00:00.000000', '2016-09-12T00:00:00.000000',
       '2016-09-19T00:00:00.000000', '2016-09-26T00:00:00.000000',
       '2016-10-03T00:00:00.000000', '2016-10-10T00:00:00.000000',
       '2016-10-17T00:00:00.000000', '2016-10-24T00:00:00.000000',
       '2016-10-31T00:00:00.000000', '2016-11-07T00:00:00.000000',
       '2016-11-14T00:00:00.000000', '2016-11-21T00:00:00.000000',
       '2016-11-28T00:00:00.000000', '2016-12-05T00:00:00.000000',
       '2016-12-12T00:00:00.000000', '2016-12-19T00:00:00.000000',
       '2016-12-26T00:00:00.000000', '2017-01-02T00:00:00.000000',
       '2017-01-09T00:00:00.000000', '2017-01-16T00:00:00.000000',
       '2017-01-23T00:00:00.000000', '2017-01-30T00:00:00.000000',
       '2017-02-06T00:00:00.000000', '2017-02-13T00:00:00.000000',
       '2017-02-20T00:00:00.000000', '2017-02-27T00:00:00.000000',
       '2017-03-06T00:00:00.000000', '2017-03-13T00:00:00.000000',
       '2017-03-20T00:00:00.000000', '2017-03-27T00:00:00.000000',
       '2017-04-03T00:00:00.000000', '2017-04-10T00:00:00.000000',
       '2017-04-17T00:00:00.000000', '2017-04-24T00:00:00.000000',
       '2017-05-01T00:00:00.000000', '2017-05-08T00:00:00.000000',
       '2017-05-15T00:00:00.000000', '2017-05-22T00:00:00.000000',
       '2017-05-29T00:00:00.000000', '2017-06-05T00:00:00.000000',
       '2017-06-12T00:00:00.000000', '2017-06-19T00:00:00.000000',
       '2017-06-26T00:00:00.000000', '2017-07-03T00:00:00.000000',
       '2017-07-10T00:00:00.000000', '2017-07-17T00:00:00.000000',
       '2017-07-24T00:00:00.000000', '2017-07-31T00:00:00.000000',
       '2017-08-07T00:00:00.000000', '2017-08-14T00:00:00.000000',
       '2017-08-21T00:00:00.000000', '2017-08-28T00:00:00.000000',
       '2017-09-04T00:00:00.000000', '2017-09-11T00:00:00.000000',
       '2017-09-18T00:00:00.000000', '2017-09-25T00:00:00.000000',
       '2017-10-02T00:00:00.000000', '2017-10-09T00:00:00.000000',
       '2017-10-16T00:00:00.000000', '2017-10-23T00:00:00.000000',
       '2017-10-30T00:00:00.000000', '2017-11-06T00:00:00.000000',
       '2017-11-13T00:00:00.000000', '2017-11-20T00:00:00.000000',
       '2017-11-27T00:00:00.000000', '2017-12-04T00:00:00.000000',
       '2017-12-11T00:00:00.000000', '2017-12-18T00:00:00.000000',
       '2017-12-25T00:00:00.000000', '2018-01-01T00:00:00.000000',
       '2018-01-08T00:00:00.000000', '2018-01-15T00:00:00.000000',
       '2018-01-22T00:00:00.000000', '2018-01-29T00:00:00.000000',
       '2018-02-05T00:00:00.000000', '2018-02-12T00:00:00.000000',
       '2018-02-19T00:00:00.000000', '2018-02-26T00:00:00.000000',
       '2018-03-05T00:00:00.000000', '2018-03-12T00:00:00.000000',
       '2018-03-19T00:00:00.000000', '2018-03-26T00:00:00.000000',
       '2018-04-02T00:00:00.000000', '2018-04-09T00:00:00.000000',
       '2018-04-16T00:00:00.000000', '2018-04-23T00:00:00.000000',
       '2018-04-30T00:00:00.000000', '2018-05-07T00:00:00.000000',
       '2018-05-14T00:00:00.000000', '2018-05-21T00:00:00.000000',
       '2018-05-28T00:00:00.000000', '2018-06-04T00:00:00.000000',
       '2018-06-11T00:00:00.000000', '2018-06-18T00:00:00.000000',
       '2018-06-25T00:00:00.000000', '2018-07-02T00:00:00.000000',
       '2018-07-09T00:00:00.000000', '2018-07-16T00:00:00.000000',
       '2018-07-23T00:00:00.000000', '2018-07-30T00:00:00.000000',
       '2018-08-06T00:00:00.000000', '2018-08-13T00:00:00.000000',
       '2018-08-20T00:00:00.000000', '2018-08-27T00:00:00.000000',
       '2018-09-03T00:00:00.000000', '2018-09-10T00:00:00.000000',
       '2018-09-17T00:00:00.000000', '2018-09-24T00:00:00.000000',
       '2018-10-01T00:00:00.000000', '2018-10-08T00:00:00.000000',
       '2018-10-15T00:00:00.000000', '2018-10-22T00:00:00.000000',
       '2018-10-29T00:00:00.000000', '2018-11-05T00:00:00.000000',
       '2018-11-12T00:00:00.000000', '2018-11-19T00:00:00.000000',
       '2018-11-26T00:00:00.000000', '2018-12-03T00:00:00.000000',
       '2018-12-10T00:00:00.000000', '2018-12-17T00:00:00.000000',
       '2018-12-24T00:00:00.000000', '2018-12-31T00:00:00.000000',
       '2019-01-07T00:00:00.000000', '2019-01-14T00:00:00.000000',
       '2019-01-21T00:00:00.000000', '2019-01-28T00:00:00.000000',
       '2019-02-04T00:00:00.000000', '2019-02-11T00:00:00.000000',
       '2019-02-18T00:00:00.000000', '2019-02-25T00:00:00.000000',
       '2019-03-04T00:00:00.000000', '2019-03-11T00:00:00.000000',
       '2019-03-18T00:00:00.000000', '2019-03-25T00:00:00.000000',
       '2019-04-01T00:00:00.000000', '2019-04-08T00:00:00.000000',
       '2019-04-15T00:00:00.000000', '2019-04-22T00:00:00.000000',
       '2019-04-29T00:00:00.000000', '2019-05-06T00:00:00.000000',
       '2019-05-13T00:00:00.000000', '2019-05-20T00:00:00.000000',
       '2019-05-27T00:00:00.000000', '2019-06-03T00:00:00.000000',
       '2019-06-10T00:00:00.000000', '2019-06-17T00:00:00.000000',
       '2019-06-24T00:00:00.000000', '2019-07-01T00:00:00.000000',
       '2019-07-08T00:00:00.000000', '2019-07-15T00:00:00.000000',
       '2019-07-22T00:00:00.000000', '2019-07-29T00:00:00.000000',
       '2019-08-05T00:00:00.000000', '2019-08-12T00:00:00.000000',
       '2019-08-19T00:00:00.000000', '2019-08-26T00:00:00.000000',
       '2019-09-02T00:00:00.000000', '2019-09-09T00:00:00.000000',
       '2019-09-16T00:00:00.000000', '2019-09-23T00:00:00.000000',
       '2019-09-30T00:00:00.000000', '2019-10-07T00:00:00.000000',
       '2019-10-14T00:00:00.000000', '2019-10-21T00:00:00.000000',
       '2019-10-28T00:00:00.000000', '2019-11-04T00:00:00.000000',
       '2019-11-11T00:00:00.000000', '2019-11-18T00:00:00.000000',
       '2019-11-25T00:00:00.000000', '2019-12-02T00:00:00.000000',
       '2019-12-09T00:00:00.000000', '2019-12-16T00:00:00.000000',
       '2019-12-23T00:00:00.000000', '2019-12-30T00:00:00.000000',
       '2020-01-06T00:00:00.000000', '2020-01-13T00:00:00.000000',
       '2020-01-20T00:00:00.000000', '2020-01-27T00:00:00.000000',
       '2020-02-03T00:00:00.000000', '2020-02-10T00:00:00.000000',
       '2020-02-17T00:00:00.000000', '2020-02-24T00:00:00.000000',
       '2020-03-02T00:00:00.000000', '2020-03-09T00:00:00.000000',
       '2020-03-16T00:00:00.000000', '2020-03-23T00:00:00.000000',
       '2020-03-30T00:00:00.000000', '2020-04-06T00:00:00.000000',
       '2020-04-13T00:00:00.000000', '2020-04-20T00:00:00.000000',
       '2020-04-27T00:00:00.000000', '2020-05-04T00:00:00.000000',
       '2020-05-11T00:00:00.000000', '2020-05-18T00:00:00.000000',
       '2020-05-25T00:00:00.000000', '2020-06-01T00:00:00.000000',
       '2020-06-08T00:00:00.000000', '2020-06-15T00:00:00.000000',
       '2020-06-22T00:00:00.000000', '2020-06-29T00:00:00.000000',
       '2020-07-06T00:00:00.000000', '2020-07-13T00:00:00.000000',
       '2020-07-20T00:00:00.000000', '2020-07-27T00:00:00.000000',
       '2020-08-03T00:00:00.000000', '2020-08-10T00:00:00.000000',
       '2020-08-17T00:00:00.000000', '2020-08-24T00:00:00.000000',
       '2020-08-31T00:00:00.000000', '2020-09-07T00:00:00.000000',
       '2020-09-14T00:00:00.000000', '2020-09-21T00:00:00.000000',
       '2020-09-28T00:00:00.000000', '2020-10-05T00:00:00.000000',
       '2020-10-12T00:00:00.000000', '2020-10-19T00:00:00.000000',
       '2020-10-26T00:00:00.000000', '2020-11-02T00:00:00.000000',
       '2020-11-09T00:00:00.000000', '2020-11-16T00:00:00.000000',
       '2020-11-23T00:00:00.000000', '2020-11-30T00:00:00.000000',
       '2020-12-07T00:00:00.000000', '2020-12-14T00:00:00.000000',
       '2020-12-21T00:00:00.000000', '2020-12-28T00:00:00.000000',
       '2021-01-04T00:00:00.000000', '2021-01-11T00:00:00.000000',
       '2021-01-18T00:00:00.000000', '2021-01-25T00:00:00.000000',
       '2021-02-01T00:00:00.000000', '2021-02-08T00:00:00.000000',
       '2021-02-15T00:00:00.000000', '2021-02-22T00:00:00.000000',
       '2021-03-01T00:00:00.000000', '2021-03-08T00:00:00.000000',
       '2021-03-15T00:00:00.000000', '2021-03-22T00:00:00.000000',
       '2021-03-29T00:00:00.000000', '2021-04-05T00:00:00.000000',
       '2021-04-12T00:00:00.000000', '2021-04-19T00:00:00.000000',
       '2021-04-26T00:00:00.000000', '2021-05-03T00:00:00.000000',
       '2021-05-10T00:00:00.000000', '2021-05-17T00:00:00.000000',
       '2021-05-24T00:00:00.000000', '2021-05-31T00:00:00.000000',
       '2021-06-07T00:00:00.000000', '2021-06-14T00:00:00.000000',
       '2021-06-21T00:00:00.000000', '2021-06-28T00:00:00.000000',
       '2021-07-05T00:00:00.000000', '2021-07-12T00:00:00.000000',
       '2021-07-19T00:00:00.000000', '2021-07-26T00:00:00.000000',
       '2021-08-02T00:00:00.000000', '2021-08-09T00:00:00.000000',
       '2021-08-16T00:00:00.000000', '2021-08-23T00:00:00.000000',
       '2021-08-30T00:00:00.000000', '2021-09-06T00:00:00.000000',
       '2021-09-13T00:00:00.000000', '2021-09-20T00:00:00.000000',
       '2021-09-27T00:00:00.000000', '2021-10-04T00:00:00.000000',
       '2021-10-11T00:00:00.000000', '2021-10-18T00:00:00.000000',
       '2021-10-25T00:00:00.000000', '2021-11-01T00:00:00.000000',
       '2021-11-08T00:00:00.000000', '2021-11-15T00:00:00.000000',
       '2021-11-22T00:00:00.000000', '2021-11-29T00:00:00.000000',
       '2021-12-06T00:00:00.000000', '2021-12-13T00:00:00.000000',
       '2021-12-20T00:00:00.000000', '2021-12-27T00:00:00.000000',
       '2022-01-03T00:00:00.000000', '2022-01-10T00:00:00.000000',
       '2022-01-17T00:00:00.000000', '2022-01-24T00:00:00.000000',
       '2022-01-31T00:00:00.000000', '2022-02-07T00:00:00.000000',
       '2022-02-14T00:00:00.000000', '2022-02-21T00:00:00.000000',
       '2022-02-28T00:00:00.000000', '2022-03-07T00:00:00.000000',
       '2022-03-14T00:00:00.000000', '2022-03-21T00:00:00.000000',
       '2022-03-28T00:00:00.000000', '2022-04-04T00:00:00.000000',
       '2022-04-11T00:00:00.000000', '2022-04-18T00:00:00.000000',
       '2022-04-25T00:00:00.000000', '2022-05-02T00:00:00.000000',
       '2022-05-09T00:00:00.000000', '2022-05-16T00:00:00.000000',
       '2022-05-23T00:00:00.000000', '2022-05-30T00:00:00.000000',
       '2022-06-06T00:00:00.000000', '2022-06-13T00:00:00.000000',
       '2022-06-20T00:00:00.000000', '2022-06-27T00:00:00.000000',
       '2022-07-04T00:00:00.000000', '2022-07-11T00:00:00.000000',
       '2022-07-18T00:00:00.000000', '2022-07-25T00:00:00.000000',
       '2022-08-01T00:00:00.000000', '2022-08-08T00:00:00.000000',
       '2022-08-15T00:00:00.000000', '2022-08-22T00:00:00.000000',
       '2022-08-29T00:00:00.000000', '2022-09-05T00:00:00.000000',
       '2022-09-12T00:00:00.000000', '2022-09-19T00:00:00.000000',
       '2022-09-26T00:00:00.000000', '2022-10-03T00:00:00.000000',
       '2022-10-10T00:00:00.000000', '2022-10-17T00:00:00.000000',
       '2022-10-24T00:00:00.000000', '2022-10-31T00:00:00.000000',
       '2022-11-07T00:00:00.000000', '2022-11-14T00:00:00.000000',
       '2022-11-21T00:00:00.000000', '2022-11-28T00:00:00.000000',
       '2022-12-05T00:00:00.000000', '2022-12-12T00:00:00.000000',
       '2022-12-19T00:00:00.000000', '2022-12-26T00:00:00.000000',
       '2023-01-02T00:00:00.000000', '2023-01-09T00:00:00.000000',
       '2023-01-16T00:00:00.000000', '2023-01-23T00:00:00.000000',
       '2023-01-30T00:00:00.000000', '2023-02-06T00:00:00.000000',
       '2023-02-13T00:00:00.000000', '2023-02-20T00:00:00.000000',
       '2023-02-27T00:00:00.000000', '2023-03-06T00:00:00.000000',
       '2023-03-13T00:00:00.000000', '2023-03-20T00:00:00.000000',
       '2023-03-27T00:00:00.000000', '2023-04-03T00:00:00.000000',
       '2023-04-10T00:00:00.000000', '2023-04-17T00:00:00.000000',
       '2023-04-24T00:00:00.000000', '2023-05-01T00:00:00.000000',
       '2023-05-08T00:00:00.000000', '2023-05-15T00:00:00.000000',
       '2023-05-22T00:00:00.000000', '2023-05-29T00:00:00.000000',
       '2023-06-05T00:00:00.000000', '2023-06-12T00:00:00.000000',
       '2023-06-19T00:00:00.000000', '2023-06-26T00:00:00.000000',
       '2023-07-03T00:00:00.000000', '2023-07-10T00:00:00.000000',
       '2023-07-17T00:00:00.000000', '2023-07-24T00:00:00.000000',
       '2023-07-31T00:00:00.000000', '2023-08-07T00:00:00.000000',
       '2023-08-14T00:00:00.000000', '2023-08-21T00:00:00.000000',
       '2023-08-28T00:00:00.000000', '2023-09-04T00:00:00.000000',
       '2023-09-11T00:00:00.000000', '2023-09-18T00:00:00.000000',
       '2023-09-25T00:00:00.000000', '2023-10-02T00:00:00.000000',
       '2023-10-09T00:00:00.000000', '2023-10-16T00:00:00.000000',
       '2023-10-23T00:00:00.000000', '2023-10-30T00:00:00.000000',
       '2023-11-06T00:00:00.000000', '2023-11-13T00:00:00.000000',
       '2023-11-20T00:00:00.000000', '2023-11-27T00:00:00.000000',
       '2023-12-04T00:00:00.000000', '2023-12-11T00:00:00.000000',
       '2023-12-18T00:00:00.000000', '2023-12-25T00:00:00.000000',
       '2024-01-01T00:00:00.000000', '2024-01-08T00:00:00.000000',
       '2024-01-15T00:00:00.000000', '2024-01-22T00:00:00.000000',
       '2024-01-29T00:00:00.000000', '2024-02-05T00:00:00.000000',
       '2024-02-12T00:00:00.000000', '2024-02-19T00:00:00.000000',
       '2024-02-26T00:00:00.000000', '2024-03-04T00:00:00.000000',
       '2024-03-11T00:00:00.000000', '2024-03-18T00:00:00.000000',
       '2024-03-25T00:00:00.000000', '2024-04-01T00:00:00.000000',
       '2024-04-08T00:00:00.000000', '2024-04-15T00:00:00.000000',
       '2024-04-22T00:00:00.000000', '2024-04-29T00:00:00.000000',
       '2024-05-06T00:00:00.000000', '2024-05-13T00:00:00.000000',
       '2024-05-20T00:00:00.000000', '2024-05-27T00:00:00.000000',
       '2024-06-03T00:00:00.000000', '2024-06-10T00:00:00.000000',
       '2024-06-17T00:00:00.000000', '2024-06-24T00:00:00.000000',
       '2024-07-01T00:00:00.000000', '2024-07-08T00:00:00.000000',
       '2024-07-15T00:00:00.000000', '2024-07-22T00:00:00.000000',
       '2024-07-29T00:00:00.000000', '2024-08-05T00:00:00.000000',
       '2024-08-12T00:00:00.000000', '2024-08-19T00:00:00.000000',
       '2024-08-26T00:00:00.000000', '2024-09-02T00:00:00.000000',
       '2024-09-09T00:00:00.000000', '2024-09-16T00:00:00.000000',
       '2024-09-23T00:00:00.000000', '2024-09-30T00:00:00.000000',
       '2024-10-07T00:00:00.000000', '2024-10-14T00:00:00.000000',
       '2024-10-21T00:00:00.000000', '2024-10-28T00:00:00.000000',
       '2024-11-04T00:00:00.000000', '2024-11-11T00:00:00.000000',
       '2024-11-18T00:00:00.000000', '2024-11-25T00:00:00.000000',
       '2024-12-02T00:00:00.000000', '2024-12-09T00:00:00.000000',
       '2024-12-16T00:00:00.000000', '2024-12-23T00:00:00.000000',
       '2024-12-30T00:00:00.000000', '2025-01-06T00:00:00.000000',
       '2025-01-13T00:00:00.000000', '2025-01-20T00:00:00.000000',
       '2025-01-27T00:00:00.000000', '2025-02-03T00:00:00.000000',
       '2025-02-10T00:00:00.000000', '2025-02-17T00:00:00.000000',
       '2025-02-24T00:00:00.000000', '2025-03-03T00:00:00.000000',
       '2025-03-10T00:00:00.000000', '2025-03-17T00:00:00.000000',
       '2025-03-24T00:00:00.000000', '2025-03-31T00:00:00.000000',
       '2025-04-07T00:00:00.000000', '2025-04-14T00:00:00.000000',
       '2025-04-21T00:00:00.000000', '2025-04-28T00:00:00.000000',
       '2025-05-05T00:00:00.000000', '2025-05-12T00:00:00.000000',
       '2025-05-19T00:00:00.000000', '2025-05-26T00:00:00.000000',
       '2025-06-02T00:00:00.000000', '2025-06-09T00:00:00.000000',
       '2025-06-16T00:00:00.000000', '2025-06-23T00:00:00.000000',
       '2025-06-30T00:00:00.000000', '2025-07-07T00:00:00.000000',
       '2025-07-14T00:00:00.000000', '2025-07-21T00:00:00.000000',
       '2025-07-28T00:00:00.000000', '2025-08-04T00:00:00.000000',
       '2025-08-11T00:00:00.000000', '2025-08-18T00:00:00.000000',
       '2025-08-25T00:00:00.000000', '2025-09-01T00:00:00.000000',
       '2025-09-08T00:00:00.000000', '2025-09-15T00:00:00.000000',
       '2025-09-22T00:00:00.000000', '2025-09-29T00:00:00.000000',
       '2025-10-06T00:00:00.000000', '2025-10-13T00:00:00.000000',
       '2025-10-20T00:00:00.000000', '2025-10-27T00:00:00.000000',
       '2025-11-03T00:00:00.000000', '2025-11-10T00:00:00.000000',
       '2025-11-17T00:00:00.000000', '2025-11-24T00:00:00.000000',
       '2025-12-01T00:00:00.000000', '2025-12-08T00:00:00.000000',
       '2025-12-15T00:00:00.000000', '2025-12-22T00:00:00.000000',
       '2025-12-29T00:00:00.000000', '2026-01-05T00:00:00.000000',
       '2026-01-12T00:00:00.000000', '2026-01-19T00:00:00.000000',
       '2026-01-26T00:00:00.000000', '2026-02-02T00:00:00.000000',
       '2026-02-09T00:00:00.000000', '2026-02-16T00:00:00.000000',
       '2026-02-23T00:00:00.000000', '2026-03-02T00:00:00.000000',
       '2026-03-09T00:00:00.000000', '2026-03-16T00:00:00.000000',
       '2026-03-23T00:00:00.000000', '2026-03-30T00:00:00.000000',
       '2026-04-06T00:00:00.000000', '2026-04-13T00:00:00.000000',
       '2026-04-20T00:00:00.000000', '2026-04-27T00:00:00.000000',
       '2026-05-04T00:00:00.000000', '2026-05-11T00:00:00.000000',
       '2026-05-18T00:00:00.000000', '2026-05-25T00:00:00.000000',
       '2026-06-01T00:00:00.000000'], dtype='datetime64[us]'))
2026-07-04 06:06:32.769 | DEBUG    | __main__:forecast_holt_winters:131 -     Holt-Winters forecast failed: positive() got an unexpected keyword argument 'lower'
2026-07-04 06:06:32.772 | DEBUG    | __main__:forecast_tree:163 -     Tree forecast failed: Feature shape mismatch, expected: 18, got 16
2026-07-04 06:06:32.773 | INFO     | __main__:forecast_commodity:294 -   daily        -> N       7,157/MT  -0.3%  (2026-07-06)
2026-07-04 06:06:32.774 | INFO     | __main__:forecast_commodity:294 -   weekly       -> N       7,157/MT  -0.3%  (2026-07-13)
2026-07-04 06:06:32.775 | INFO     | __main__:forecast_commodity:294 -   2_weeks      -> N       7,097/MT  -1.1%  (2026-07-20)
2026-07-04 06:06:32.776 | INFO     | __main__:forecast_commodity:294 -   monthly      -> N       7,275/MT  +1.3%  (2026-08-03)
2026-07-04 06:06:32.778 | INFO     | __main__:forecast_commodity:294 -   3_months     -> N       7,226/MT  +0.7%  (2026-10-05)
2026-07-04 06:06:32.783 | INFO     | __main__:forecast_commodity:294 -   6_months     -> N       7,220/MT  +0.6%  (2027-01-04)
2026-07-04 06:06:32.784 | INFO     | __main__:run_forecasting:359 -   Eggs
2026-07-04 06:06:32.785 | INFO     | __main__:run_forecasting:353 - 
[15/17] Forecasting Fish (dried)...
2026-07-04 06:06:32.870 | WARNING  | __main__:load_models_and_meta:87 -   Could not load arima for Fish (dried): No module named 'pmdarima'
2026-07-04 06:06:33.011 | WARNING  | __main__:load_models_and_meta:87 -   Could not load prophet for Fish (dried): (dtype('<M8[us]'), array(['2016-01-11T00:00:00.000000', '2016-01-18T00:00:00.000000',
       '2016-01-25T00:00:00.000000', '2016-02-01T00:00:00.000000',
       '2016-02-08T00:00:00.000000', '2016-02-15T00:00:00.000000',
       '2016-02-22T00:00:00.000000', '2016-02-29T00:00:00.000000',
       '2016-03-07T00:00:00.000000', '2016-03-14T00:00:00.000000',
       '2016-03-21T00:00:00.000000', '2016-03-28T00:00:00.000000',
       '2016-04-04T00:00:00.000000', '2016-04-11T00:00:00.000000',
       '2016-04-18T00:00:00.000000', '2016-04-25T00:00:00.000000',
       '2016-05-02T00:00:00.000000', '2016-05-09T00:00:00.000000',
       '2016-05-16T00:00:00.000000', '2016-05-23T00:00:00.000000',
       '2016-05-30T00:00:00.000000', '2016-06-06T00:00:00.000000',
       '2016-06-13T00:00:00.000000', '2016-06-20T00:00:00.000000',
       '2016-06-27T00:00:00.000000', '2016-07-04T00:00:00.000000',
       '2016-07-11T00:00:00.000000', '2016-07-18T00:00:00.000000',
       '2016-07-25T00:00:00.000000', '2016-08-01T00:00:00.000000',
       '2016-08-08T00:00:00.000000', '2016-08-15T00:00:00.000000',
       '2016-08-22T00:00:00.000000', '2016-08-29T00:00:00.000000',
       '2016-09-05T00:00:00.000000', '2016-09-12T00:00:00.000000',
       '2016-09-19T00:00:00.000000', '2016-09-26T00:00:00.000000',
       '2016-10-03T00:00:00.000000', '2016-10-10T00:00:00.000000',
       '2016-10-17T00:00:00.000000', '2016-10-24T00:00:00.000000',
       '2016-10-31T00:00:00.000000', '2016-11-07T00:00:00.000000',
       '2016-11-14T00:00:00.000000', '2016-11-21T00:00:00.000000',
       '2016-11-28T00:00:00.000000', '2016-12-05T00:00:00.000000',
       '2016-12-12T00:00:00.000000', '2016-12-19T00:00:00.000000',
       '2016-12-26T00:00:00.000000', '2017-01-02T00:00:00.000000',
       '2017-01-09T00:00:00.000000', '2017-01-16T00:00:00.000000',
       '2017-01-23T00:00:00.000000', '2017-01-30T00:00:00.000000',
       '2017-02-06T00:00:00.000000', '2017-02-13T00:00:00.000000',
       '2017-02-20T00:00:00.000000', '2017-02-27T00:00:00.000000',
       '2017-03-06T00:00:00.000000', '2017-03-13T00:00:00.000000',
       '2017-03-20T00:00:00.000000', '2017-03-27T00:00:00.000000',
       '2017-04-03T00:00:00.000000', '2017-04-10T00:00:00.000000',
       '2017-04-17T00:00:00.000000', '2017-04-24T00:00:00.000000',
       '2017-05-01T00:00:00.000000', '2017-05-08T00:00:00.000000',
       '2017-05-15T00:00:00.000000', '2017-05-22T00:00:00.000000',
       '2017-05-29T00:00:00.000000', '2017-06-05T00:00:00.000000',
       '2017-06-12T00:00:00.000000', '2017-06-19T00:00:00.000000',
       '2017-06-26T00:00:00.000000', '2017-07-03T00:00:00.000000',
       '2017-07-10T00:00:00.000000', '2017-07-17T00:00:00.000000',
       '2017-07-24T00:00:00.000000', '2017-07-31T00:00:00.000000',
       '2017-08-07T00:00:00.000000', '2017-08-14T00:00:00.000000',
       '2017-08-21T00:00:00.000000', '2017-08-28T00:00:00.000000',
       '2017-09-04T00:00:00.000000', '2017-09-11T00:00:00.000000',
       '2017-09-18T00:00:00.000000', '2017-09-25T00:00:00.000000',
       '2017-10-02T00:00:00.000000', '2017-10-09T00:00:00.000000',
       '2017-10-16T00:00:00.000000', '2017-10-23T00:00:00.000000',
       '2017-10-30T00:00:00.000000', '2017-11-06T00:00:00.000000',
       '2017-11-13T00:00:00.000000', '2017-11-20T00:00:00.000000',
       '2017-11-27T00:00:00.000000', '2017-12-04T00:00:00.000000',
       '2017-12-11T00:00:00.000000', '2017-12-18T00:00:00.000000',
       '2017-12-25T00:00:00.000000', '2018-01-01T00:00:00.000000',
       '2018-01-08T00:00:00.000000', '2018-01-15T00:00:00.000000',
       '2018-01-22T00:00:00.000000', '2018-01-29T00:00:00.000000',
       '2018-02-05T00:00:00.000000', '2018-02-12T00:00:00.000000',
       '2018-02-19T00:00:00.000000', '2018-02-26T00:00:00.000000',
       '2018-03-05T00:00:00.000000', '2018-03-12T00:00:00.000000',
       '2018-03-19T00:00:00.000000', '2018-03-26T00:00:00.000000',
       '2018-04-02T00:00:00.000000', '2018-04-09T00:00:00.000000',
       '2018-04-16T00:00:00.000000', '2018-04-23T00:00:00.000000',
       '2018-04-30T00:00:00.000000', '2018-05-07T00:00:00.000000',
       '2018-05-14T00:00:00.000000', '2018-05-21T00:00:00.000000',
       '2018-05-28T00:00:00.000000', '2018-06-04T00:00:00.000000',
       '2018-06-11T00:00:00.000000', '2018-06-18T00:00:00.000000',
       '2018-06-25T00:00:00.000000', '2018-07-02T00:00:00.000000',
       '2018-07-09T00:00:00.000000', '2018-07-16T00:00:00.000000',
       '2018-07-23T00:00:00.000000', '2018-07-30T00:00:00.000000',
       '2018-08-06T00:00:00.000000', '2018-08-13T00:00:00.000000',
       '2018-08-20T00:00:00.000000', '2018-08-27T00:00:00.000000',
       '2018-09-03T00:00:00.000000', '2018-09-10T00:00:00.000000',
       '2018-09-17T00:00:00.000000', '2018-09-24T00:00:00.000000',
       '2018-10-01T00:00:00.000000', '2018-10-08T00:00:00.000000',
       '2018-10-15T00:00:00.000000', '2018-10-22T00:00:00.000000',
       '2018-10-29T00:00:00.000000', '2018-11-05T00:00:00.000000',
       '2018-11-12T00:00:00.000000', '2018-11-19T00:00:00.000000',
       '2018-11-26T00:00:00.000000', '2018-12-03T00:00:00.000000',
       '2018-12-10T00:00:00.000000', '2018-12-17T00:00:00.000000',
       '2018-12-24T00:00:00.000000', '2018-12-31T00:00:00.000000',
       '2019-01-07T00:00:00.000000', '2019-01-14T00:00:00.000000',
       '2019-01-21T00:00:00.000000', '2019-01-28T00:00:00.000000',
       '2019-02-04T00:00:00.000000', '2019-02-11T00:00:00.000000',
       '2019-02-18T00:00:00.000000', '2019-02-25T00:00:00.000000',
       '2019-03-04T00:00:00.000000', '2019-03-11T00:00:00.000000',
       '2019-03-18T00:00:00.000000', '2019-03-25T00:00:00.000000',
       '2019-04-01T00:00:00.000000', '2019-04-08T00:00:00.000000',
       '2019-04-15T00:00:00.000000', '2019-04-22T00:00:00.000000',
       '2019-04-29T00:00:00.000000', '2019-05-06T00:00:00.000000',
       '2019-05-13T00:00:00.000000', '2019-05-20T00:00:00.000000',
       '2019-05-27T00:00:00.000000', '2019-06-03T00:00:00.000000',
       '2019-06-10T00:00:00.000000', '2019-06-17T00:00:00.000000',
       '2019-06-24T00:00:00.000000', '2019-07-01T00:00:00.000000',
       '2019-07-08T00:00:00.000000', '2019-07-15T00:00:00.000000',
       '2019-07-22T00:00:00.000000', '2019-07-29T00:00:00.000000',
       '2019-08-05T00:00:00.000000', '2019-08-12T00:00:00.000000',
       '2019-08-19T00:00:00.000000', '2019-08-26T00:00:00.000000',
       '2019-09-02T00:00:00.000000', '2019-09-09T00:00:00.000000',
       '2019-09-16T00:00:00.000000', '2019-09-23T00:00:00.000000',
       '2019-09-30T00:00:00.000000', '2019-10-07T00:00:00.000000',
       '2019-10-14T00:00:00.000000', '2019-10-21T00:00:00.000000',
       '2019-10-28T00:00:00.000000', '2019-11-04T00:00:00.000000',
       '2019-11-11T00:00:00.000000', '2019-11-18T00:00:00.000000',
       '2019-11-25T00:00:00.000000', '2019-12-02T00:00:00.000000',
       '2019-12-09T00:00:00.000000', '2019-12-16T00:00:00.000000',
       '2019-12-23T00:00:00.000000', '2019-12-30T00:00:00.000000',
       '2020-01-06T00:00:00.000000', '2020-01-13T00:00:00.000000',
       '2020-01-20T00:00:00.000000', '2020-01-27T00:00:00.000000',
       '2020-02-03T00:00:00.000000', '2020-02-10T00:00:00.000000',
       '2020-02-17T00:00:00.000000', '2020-02-24T00:00:00.000000',
       '2020-03-02T00:00:00.000000', '2020-03-09T00:00:00.000000',
       '2020-03-16T00:00:00.000000', '2020-03-23T00:00:00.000000',
       '2020-03-30T00:00:00.000000', '2020-04-06T00:00:00.000000',
       '2020-04-13T00:00:00.000000', '2020-04-20T00:00:00.000000',
       '2020-04-27T00:00:00.000000', '2020-05-04T00:00:00.000000',
       '2020-05-11T00:00:00.000000', '2020-05-18T00:00:00.000000',
       '2020-05-25T00:00:00.000000', '2020-06-01T00:00:00.000000',
       '2020-06-08T00:00:00.000000', '2020-06-15T00:00:00.000000',
       '2020-06-22T00:00:00.000000', '2020-06-29T00:00:00.000000',
       '2020-07-06T00:00:00.000000', '2020-07-13T00:00:00.000000',
       '2020-07-20T00:00:00.000000', '2020-07-27T00:00:00.000000',
       '2020-08-03T00:00:00.000000', '2020-08-10T00:00:00.000000',
       '2020-08-17T00:00:00.000000', '2020-08-24T00:00:00.000000',
       '2020-08-31T00:00:00.000000', '2020-09-07T00:00:00.000000',
       '2020-09-14T00:00:00.000000', '2020-09-21T00:00:00.000000',
       '2020-09-28T00:00:00.000000', '2020-10-05T00:00:00.000000',
       '2020-10-12T00:00:00.000000', '2020-10-19T00:00:00.000000',
       '2020-10-26T00:00:00.000000', '2020-11-02T00:00:00.000000',
       '2020-11-09T00:00:00.000000', '2020-11-16T00:00:00.000000',
       '2020-11-23T00:00:00.000000', '2020-11-30T00:00:00.000000',
       '2020-12-07T00:00:00.000000', '2020-12-14T00:00:00.000000',
       '2020-12-21T00:00:00.000000', '2020-12-28T00:00:00.000000',
       '2021-01-04T00:00:00.000000', '2021-01-11T00:00:00.000000',
       '2021-01-18T00:00:00.000000', '2021-01-25T00:00:00.000000',
       '2021-02-01T00:00:00.000000', '2021-02-08T00:00:00.000000',
       '2021-02-15T00:00:00.000000', '2021-02-22T00:00:00.000000',
       '2021-03-01T00:00:00.000000', '2021-03-08T00:00:00.000000',
       '2021-03-15T00:00:00.000000', '2021-03-22T00:00:00.000000',
       '2021-03-29T00:00:00.000000', '2021-04-05T00:00:00.000000',
       '2021-04-12T00:00:00.000000', '2021-04-19T00:00:00.000000',
       '2021-04-26T00:00:00.000000', '2021-05-03T00:00:00.000000',
       '2021-05-10T00:00:00.000000', '2021-05-17T00:00:00.000000',
       '2021-05-24T00:00:00.000000', '2021-05-31T00:00:00.000000',
       '2021-06-07T00:00:00.000000', '2021-06-14T00:00:00.000000',
       '2021-06-21T00:00:00.000000', '2021-06-28T00:00:00.000000',
       '2021-07-05T00:00:00.000000', '2021-07-12T00:00:00.000000',
       '2021-07-19T00:00:00.000000', '2021-07-26T00:00:00.000000',
       '2021-08-02T00:00:00.000000', '2021-08-09T00:00:00.000000',
       '2021-08-16T00:00:00.000000', '2021-08-23T00:00:00.000000',
       '2021-08-30T00:00:00.000000', '2021-09-06T00:00:00.000000',
       '2021-09-13T00:00:00.000000', '2021-09-20T00:00:00.000000',
       '2021-09-27T00:00:00.000000', '2021-10-04T00:00:00.000000',
       '2021-10-11T00:00:00.000000', '2021-10-18T00:00:00.000000',
       '2021-10-25T00:00:00.000000', '2021-11-01T00:00:00.000000',
       '2021-11-08T00:00:00.000000', '2021-11-15T00:00:00.000000',
       '2021-11-22T00:00:00.000000', '2021-11-29T00:00:00.000000',
       '2021-12-06T00:00:00.000000', '2021-12-13T00:00:00.000000',
       '2021-12-20T00:00:00.000000', '2021-12-27T00:00:00.000000',
       '2022-01-03T00:00:00.000000', '2022-01-10T00:00:00.000000',
       '2022-01-17T00:00:00.000000', '2022-01-24T00:00:00.000000',
       '2022-01-31T00:00:00.000000', '2022-02-07T00:00:00.000000',
       '2022-02-14T00:00:00.000000', '2022-02-21T00:00:00.000000',
       '2022-02-28T00:00:00.000000', '2022-03-07T00:00:00.000000',
       '2022-03-14T00:00:00.000000', '2022-03-21T00:00:00.000000',
       '2022-03-28T00:00:00.000000', '2022-04-04T00:00:00.000000',
       '2022-04-11T00:00:00.000000', '2022-04-18T00:00:00.000000',
       '2022-04-25T00:00:00.000000', '2022-05-02T00:00:00.000000',
       '2022-05-09T00:00:00.000000', '2022-05-16T00:00:00.000000',
       '2022-05-23T00:00:00.000000', '2022-05-30T00:00:00.000000',
       '2022-06-06T00:00:00.000000', '2022-06-13T00:00:00.000000',
       '2022-06-20T00:00:00.000000', '2022-06-27T00:00:00.000000',
       '2022-07-04T00:00:00.000000', '2022-07-11T00:00:00.000000',
       '2022-07-18T00:00:00.000000', '2022-07-25T00:00:00.000000',
       '2022-08-01T00:00:00.000000', '2022-08-08T00:00:00.000000',
       '2022-08-15T00:00:00.000000', '2022-08-22T00:00:00.000000',
       '2022-08-29T00:00:00.000000', '2022-09-05T00:00:00.000000',
       '2022-09-12T00:00:00.000000', '2022-09-19T00:00:00.000000',
       '2022-09-26T00:00:00.000000', '2022-10-03T00:00:00.000000',
       '2022-10-10T00:00:00.000000', '2022-10-17T00:00:00.000000',
       '2022-10-24T00:00:00.000000', '2022-10-31T00:00:00.000000',
       '2022-11-07T00:00:00.000000', '2022-11-14T00:00:00.000000',
       '2022-11-21T00:00:00.000000', '2022-11-28T00:00:00.000000',
       '2022-12-05T00:00:00.000000', '2022-12-12T00:00:00.000000',
       '2022-12-19T00:00:00.000000', '2022-12-26T00:00:00.000000',
       '2023-01-02T00:00:00.000000', '2023-01-09T00:00:00.000000',
       '2023-01-16T00:00:00.000000', '2023-01-23T00:00:00.000000',
       '2023-01-30T00:00:00.000000', '2023-02-06T00:00:00.000000',
       '2023-02-13T00:00:00.000000', '2023-02-20T00:00:00.000000',
       '2023-02-27T00:00:00.000000', '2023-03-06T00:00:00.000000',
       '2023-03-13T00:00:00.000000', '2023-03-20T00:00:00.000000',
       '2023-03-27T00:00:00.000000', '2023-04-03T00:00:00.000000',
       '2023-04-10T00:00:00.000000', '2023-04-17T00:00:00.000000',
       '2023-04-24T00:00:00.000000', '2023-05-01T00:00:00.000000',
       '2023-05-08T00:00:00.000000', '2023-05-15T00:00:00.000000',
       '2023-05-22T00:00:00.000000', '2023-05-29T00:00:00.000000',
       '2023-06-05T00:00:00.000000', '2023-06-12T00:00:00.000000',
       '2023-06-19T00:00:00.000000', '2023-06-26T00:00:00.000000',
       '2023-07-03T00:00:00.000000', '2023-07-10T00:00:00.000000',
       '2023-07-17T00:00:00.000000', '2023-07-24T00:00:00.000000',
       '2023-07-31T00:00:00.000000', '2023-08-07T00:00:00.000000',
       '2023-08-14T00:00:00.000000', '2023-08-21T00:00:00.000000',
       '2023-08-28T00:00:00.000000', '2023-09-04T00:00:00.000000',
       '2023-09-11T00:00:00.000000', '2023-09-18T00:00:00.000000',
       '2023-09-25T00:00:00.000000', '2023-10-02T00:00:00.000000',
       '2023-10-09T00:00:00.000000', '2023-10-16T00:00:00.000000',
       '2023-10-23T00:00:00.000000', '2023-10-30T00:00:00.000000',
       '2023-11-06T00:00:00.000000', '2023-11-13T00:00:00.000000',
       '2023-11-20T00:00:00.000000', '2023-11-27T00:00:00.000000',
       '2023-12-04T00:00:00.000000', '2023-12-11T00:00:00.000000',
       '2023-12-18T00:00:00.000000', '2023-12-25T00:00:00.000000',
       '2024-01-01T00:00:00.000000', '2024-01-08T00:00:00.000000',
       '2024-01-15T00:00:00.000000', '2024-01-22T00:00:00.000000',
       '2024-01-29T00:00:00.000000', '2024-02-05T00:00:00.000000',
       '2024-02-12T00:00:00.000000', '2024-02-19T00:00:00.000000',
       '2024-02-26T00:00:00.000000', '2024-03-04T00:00:00.000000',
       '2024-03-11T00:00:00.000000', '2024-03-18T00:00:00.000000',
       '2024-03-25T00:00:00.000000', '2024-04-01T00:00:00.000000',
       '2024-04-08T00:00:00.000000', '2024-04-15T00:00:00.000000',
       '2024-04-22T00:00:00.000000', '2024-04-29T00:00:00.000000',
       '2024-05-06T00:00:00.000000', '2024-05-13T00:00:00.000000',
       '2024-05-20T00:00:00.000000', '2024-05-27T00:00:00.000000',
       '2024-06-03T00:00:00.000000', '2024-06-10T00:00:00.000000',
       '2024-06-17T00:00:00.000000', '2024-06-24T00:00:00.000000',
       '2024-07-01T00:00:00.000000', '2024-07-08T00:00:00.000000',
       '2024-07-15T00:00:00.000000', '2024-07-22T00:00:00.000000',
       '2024-07-29T00:00:00.000000', '2024-08-05T00:00:00.000000',
       '2024-08-12T00:00:00.000000', '2024-08-19T00:00:00.000000',
       '2024-08-26T00:00:00.000000', '2024-09-02T00:00:00.000000',
       '2024-09-09T00:00:00.000000', '2024-09-16T00:00:00.000000',
       '2024-09-23T00:00:00.000000', '2024-09-30T00:00:00.000000',
       '2024-10-07T00:00:00.000000', '2024-10-14T00:00:00.000000',
       '2024-10-21T00:00:00.000000', '2024-10-28T00:00:00.000000',
       '2024-11-04T00:00:00.000000', '2024-11-11T00:00:00.000000',
       '2024-11-18T00:00:00.000000', '2024-11-25T00:00:00.000000',
       '2024-12-02T00:00:00.000000', '2024-12-09T00:00:00.000000',
       '2024-12-16T00:00:00.000000', '2024-12-23T00:00:00.000000',
       '2024-12-30T00:00:00.000000', '2025-01-06T00:00:00.000000',
       '2025-01-13T00:00:00.000000', '2025-01-20T00:00:00.000000',
       '2025-01-27T00:00:00.000000', '2025-02-03T00:00:00.000000',
       '2025-02-10T00:00:00.000000', '2025-02-17T00:00:00.000000',
       '2025-02-24T00:00:00.000000', '2025-03-03T00:00:00.000000',
       '2025-03-10T00:00:00.000000', '2025-03-17T00:00:00.000000',
       '2025-03-24T00:00:00.000000', '2025-03-31T00:00:00.000000',
       '2025-04-07T00:00:00.000000', '2025-04-14T00:00:00.000000',
       '2025-04-21T00:00:00.000000', '2025-04-28T00:00:00.000000',
       '2025-05-05T00:00:00.000000', '2025-05-12T00:00:00.000000',
       '2025-05-19T00:00:00.000000', '2025-05-26T00:00:00.000000',
       '2025-06-02T00:00:00.000000', '2025-06-09T00:00:00.000000',
       '2025-06-16T00:00:00.000000', '2025-06-23T00:00:00.000000',
       '2025-06-30T00:00:00.000000', '2025-07-07T00:00:00.000000',
       '2025-07-14T00:00:00.000000', '2025-07-21T00:00:00.000000',
       '2025-07-28T00:00:00.000000', '2025-08-04T00:00:00.000000',
       '2025-08-11T00:00:00.000000', '2025-08-18T00:00:00.000000',
       '2025-08-25T00:00:00.000000', '2025-09-01T00:00:00.000000',
       '2025-09-08T00:00:00.000000', '2025-09-15T00:00:00.000000',
       '2025-09-22T00:00:00.000000', '2025-09-29T00:00:00.000000',
       '2025-10-06T00:00:00.000000', '2025-10-13T00:00:00.000000',
       '2025-10-20T00:00:00.000000', '2025-10-27T00:00:00.000000',
       '2025-11-03T00:00:00.000000', '2025-11-10T00:00:00.000000',
       '2025-11-17T00:00:00.000000', '2025-11-24T00:00:00.000000',
       '2025-12-01T00:00:00.000000', '2025-12-08T00:00:00.000000',
       '2025-12-15T00:00:00.000000', '2025-12-22T00:00:00.000000',
       '2025-12-29T00:00:00.000000', '2026-01-05T00:00:00.000000',
       '2026-01-12T00:00:00.000000', '2026-01-19T00:00:00.000000',
       '2026-01-26T00:00:00.000000', '2026-02-02T00:00:00.000000',
       '2026-02-09T00:00:00.000000', '2026-02-16T00:00:00.000000',
       '2026-02-23T00:00:00.000000', '2026-03-02T00:00:00.000000',
       '2026-03-09T00:00:00.000000', '2026-03-16T00:00:00.000000',
       '2026-03-23T00:00:00.000000', '2026-03-30T00:00:00.000000',
       '2026-04-06T00:00:00.000000', '2026-04-13T00:00:00.000000',
       '2026-04-20T00:00:00.000000', '2026-04-27T00:00:00.000000',
       '2026-05-04T00:00:00.000000', '2026-05-11T00:00:00.000000',
       '2026-05-18T00:00:00.000000', '2026-05-25T00:00:00.000000',
       '2026-06-01T00:00:00.000000'], dtype='datetime64[us]'))
2026-07-04 06:06:33.160 | DEBUG    | __main__:forecast_holt_winters:131 -     Holt-Winters forecast failed: positive() got an unexpected keyword argument 'lower'
2026-07-04 06:06:33.163 | DEBUG    | __main__:forecast_tree:163 -     Tree forecast failed: Feature shape mismatch, expected: 18, got 16
2026-07-04 06:06:33.164 | INFO     | __main__:forecast_commodity:294 -   daily        -> N   2,720,860/MT  -0.1%  (2026-07-06)
2026-07-04 06:06:33.164 | INFO     | __main__:forecast_commodity:294 -   weekly       -> N   2,720,860/MT  -0.1%  (2026-07-13)
2026-07-04 06:06:33.166 | INFO     | __main__:forecast_commodity:294 -   2_weeks      -> N   2,738,629/MT  +0.6%  (2026-07-20)
2026-07-04 06:06:33.167 | INFO     | __main__:forecast_commodity:294 -   monthly      -> N   2,680,836/MT  -1.6%  (2026-08-03)
2026-07-04 06:06:33.168 | INFO     | __main__:forecast_commodity:294 -   3_months     -> N   2,743,415/MT  +0.7%  (2026-10-05)
2026-07-04 06:06:33.169 | INFO     | __main__:forecast_commodity:294 -   6_months     -> N   2,709,430/MT  -0.5%  (2027-01-04)
2026-07-04 06:06:33.175 | INFO     | __main__:run_forecasting:359 -   Fish (dried)
2026-07-04 06:06:33.175 | INFO     | __main__:run_forecasting:353 - 
[16/17] Forecasting Meat (goat)...
2026-07-04 06:06:33.277 | WARNING  | __main__:load_models_and_meta:87 -   Could not load arima for Meat (goat): No module named 'pmdarima'
2026-07-04 06:06:33.332 | WARNING  | __main__:load_models_and_meta:87 -   Could not load prophet for Meat (goat): (dtype('<M8[us]'), array(['2016-01-11T00:00:00.000000', '2016-01-18T00:00:00.000000',
       '2016-01-25T00:00:00.000000', '2016-02-01T00:00:00.000000',
       '2016-02-08T00:00:00.000000', '2016-02-15T00:00:00.000000',
       '2016-02-22T00:00:00.000000', '2016-02-29T00:00:00.000000',
       '2016-03-07T00:00:00.000000', '2016-03-14T00:00:00.000000',
       '2016-03-21T00:00:00.000000', '2016-03-28T00:00:00.000000',
       '2016-04-04T00:00:00.000000', '2016-04-11T00:00:00.000000',
       '2016-04-18T00:00:00.000000', '2016-04-25T00:00:00.000000',
       '2016-05-02T00:00:00.000000', '2016-05-09T00:00:00.000000',
       '2016-05-16T00:00:00.000000', '2016-05-23T00:00:00.000000',
       '2016-05-30T00:00:00.000000', '2016-06-06T00:00:00.000000',
       '2016-06-13T00:00:00.000000', '2016-06-20T00:00:00.000000',
       '2016-06-27T00:00:00.000000', '2016-07-04T00:00:00.000000',
       '2016-07-11T00:00:00.000000', '2016-07-18T00:00:00.000000',
       '2016-07-25T00:00:00.000000', '2016-08-01T00:00:00.000000',
       '2016-08-08T00:00:00.000000', '2016-08-15T00:00:00.000000',
       '2016-08-22T00:00:00.000000', '2016-08-29T00:00:00.000000',
       '2016-09-05T00:00:00.000000', '2016-09-12T00:00:00.000000',
       '2016-09-19T00:00:00.000000', '2016-09-26T00:00:00.000000',
       '2016-10-03T00:00:00.000000', '2016-10-10T00:00:00.000000',
       '2016-10-17T00:00:00.000000', '2016-10-24T00:00:00.000000',
       '2016-10-31T00:00:00.000000', '2016-11-07T00:00:00.000000',
       '2016-11-14T00:00:00.000000', '2016-11-21T00:00:00.000000',
       '2016-11-28T00:00:00.000000', '2016-12-05T00:00:00.000000',
       '2016-12-12T00:00:00.000000', '2016-12-19T00:00:00.000000',
       '2016-12-26T00:00:00.000000', '2017-01-02T00:00:00.000000',
       '2017-01-09T00:00:00.000000', '2017-01-16T00:00:00.000000',
       '2017-01-23T00:00:00.000000', '2017-01-30T00:00:00.000000',
       '2017-02-06T00:00:00.000000', '2017-02-13T00:00:00.000000',
       '2017-02-20T00:00:00.000000', '2017-02-27T00:00:00.000000',
       '2017-03-06T00:00:00.000000', '2017-03-13T00:00:00.000000',
       '2017-03-20T00:00:00.000000', '2017-03-27T00:00:00.000000',
       '2017-04-03T00:00:00.000000', '2017-04-10T00:00:00.000000',
       '2017-04-17T00:00:00.000000', '2017-04-24T00:00:00.000000',
       '2017-05-01T00:00:00.000000', '2017-05-08T00:00:00.000000',
       '2017-05-15T00:00:00.000000', '2017-05-22T00:00:00.000000',
       '2017-05-29T00:00:00.000000', '2017-06-05T00:00:00.000000',
       '2017-06-12T00:00:00.000000', '2017-06-19T00:00:00.000000',
       '2017-06-26T00:00:00.000000', '2017-07-03T00:00:00.000000',
       '2017-07-10T00:00:00.000000', '2017-07-17T00:00:00.000000',
       '2017-07-24T00:00:00.000000', '2017-07-31T00:00:00.000000',
       '2017-08-07T00:00:00.000000', '2017-08-14T00:00:00.000000',
       '2017-08-21T00:00:00.000000', '2017-08-28T00:00:00.000000',
       '2017-09-04T00:00:00.000000', '2017-09-11T00:00:00.000000',
       '2017-09-18T00:00:00.000000', '2017-09-25T00:00:00.000000',
       '2017-10-02T00:00:00.000000', '2017-10-09T00:00:00.000000',
       '2017-10-16T00:00:00.000000', '2017-10-23T00:00:00.000000',
       '2017-10-30T00:00:00.000000', '2017-11-06T00:00:00.000000',
       '2017-11-13T00:00:00.000000', '2017-11-20T00:00:00.000000',
       '2017-11-27T00:00:00.000000', '2017-12-04T00:00:00.000000',
       '2017-12-11T00:00:00.000000', '2017-12-18T00:00:00.000000',
       '2017-12-25T00:00:00.000000', '2018-01-01T00:00:00.000000',
       '2018-01-08T00:00:00.000000', '2018-01-15T00:00:00.000000',
       '2018-01-22T00:00:00.000000', '2018-01-29T00:00:00.000000',
       '2018-02-05T00:00:00.000000', '2018-02-12T00:00:00.000000',
       '2018-02-19T00:00:00.000000', '2018-02-26T00:00:00.000000',
       '2018-03-05T00:00:00.000000', '2018-03-12T00:00:00.000000',
       '2018-03-19T00:00:00.000000', '2018-03-26T00:00:00.000000',
       '2018-04-02T00:00:00.000000', '2018-04-09T00:00:00.000000',
       '2018-04-16T00:00:00.000000', '2018-04-23T00:00:00.000000',
       '2018-04-30T00:00:00.000000', '2018-05-07T00:00:00.000000',
       '2018-05-14T00:00:00.000000', '2018-05-21T00:00:00.000000',
       '2018-05-28T00:00:00.000000', '2018-06-04T00:00:00.000000',
       '2018-06-11T00:00:00.000000', '2018-06-18T00:00:00.000000',
       '2018-06-25T00:00:00.000000', '2018-07-02T00:00:00.000000',
       '2018-07-09T00:00:00.000000', '2018-07-16T00:00:00.000000',
       '2018-07-23T00:00:00.000000', '2018-07-30T00:00:00.000000',
       '2018-08-06T00:00:00.000000', '2018-08-13T00:00:00.000000',
       '2018-08-20T00:00:00.000000', '2018-08-27T00:00:00.000000',
       '2018-09-03T00:00:00.000000', '2018-09-10T00:00:00.000000',
       '2018-09-17T00:00:00.000000', '2018-09-24T00:00:00.000000',
       '2018-10-01T00:00:00.000000', '2018-10-08T00:00:00.000000',
       '2018-10-15T00:00:00.000000', '2018-10-22T00:00:00.000000',
       '2018-10-29T00:00:00.000000', '2018-11-05T00:00:00.000000',
       '2018-11-12T00:00:00.000000', '2018-11-19T00:00:00.000000',
       '2018-11-26T00:00:00.000000', '2018-12-03T00:00:00.000000',
       '2018-12-10T00:00:00.000000', '2018-12-17T00:00:00.000000',
       '2018-12-24T00:00:00.000000', '2018-12-31T00:00:00.000000',
       '2019-01-07T00:00:00.000000', '2019-01-14T00:00:00.000000',
       '2019-01-21T00:00:00.000000', '2019-01-28T00:00:00.000000',
       '2019-02-04T00:00:00.000000', '2019-02-11T00:00:00.000000',
       '2019-02-18T00:00:00.000000', '2019-02-25T00:00:00.000000',
       '2019-03-04T00:00:00.000000', '2019-03-11T00:00:00.000000',
       '2019-03-18T00:00:00.000000', '2019-03-25T00:00:00.000000',
       '2019-04-01T00:00:00.000000', '2019-04-08T00:00:00.000000',
       '2019-04-15T00:00:00.000000', '2019-04-22T00:00:00.000000',
       '2019-04-29T00:00:00.000000', '2019-05-06T00:00:00.000000',
       '2019-05-13T00:00:00.000000', '2019-05-20T00:00:00.000000',
       '2019-05-27T00:00:00.000000', '2019-06-03T00:00:00.000000',
       '2019-06-10T00:00:00.000000', '2019-06-17T00:00:00.000000',
       '2019-06-24T00:00:00.000000', '2019-07-01T00:00:00.000000',
       '2019-07-08T00:00:00.000000', '2019-07-15T00:00:00.000000',
       '2019-07-22T00:00:00.000000', '2019-07-29T00:00:00.000000',
       '2019-08-05T00:00:00.000000', '2019-08-12T00:00:00.000000',
       '2019-08-19T00:00:00.000000', '2019-08-26T00:00:00.000000',
       '2019-09-02T00:00:00.000000', '2019-09-09T00:00:00.000000',
       '2019-09-16T00:00:00.000000', '2019-09-23T00:00:00.000000',
       '2019-09-30T00:00:00.000000', '2019-10-07T00:00:00.000000',
       '2019-10-14T00:00:00.000000', '2019-10-21T00:00:00.000000',
       '2019-10-28T00:00:00.000000', '2019-11-04T00:00:00.000000',
       '2019-11-11T00:00:00.000000', '2019-11-18T00:00:00.000000',
       '2019-11-25T00:00:00.000000', '2019-12-02T00:00:00.000000',
       '2019-12-09T00:00:00.000000', '2019-12-16T00:00:00.000000',
       '2019-12-23T00:00:00.000000', '2019-12-30T00:00:00.000000',
       '2020-01-06T00:00:00.000000', '2020-01-13T00:00:00.000000',
       '2020-01-20T00:00:00.000000', '2020-01-27T00:00:00.000000',
       '2020-02-03T00:00:00.000000', '2020-02-10T00:00:00.000000',
       '2020-02-17T00:00:00.000000', '2020-02-24T00:00:00.000000',
       '2020-03-02T00:00:00.000000', '2020-03-09T00:00:00.000000',
       '2020-03-16T00:00:00.000000', '2020-03-23T00:00:00.000000',
       '2020-03-30T00:00:00.000000', '2020-04-06T00:00:00.000000',
       '2020-04-13T00:00:00.000000', '2020-04-20T00:00:00.000000',
       '2020-04-27T00:00:00.000000', '2020-05-04T00:00:00.000000',
       '2020-05-11T00:00:00.000000', '2020-05-18T00:00:00.000000',
       '2020-05-25T00:00:00.000000', '2020-06-01T00:00:00.000000',
       '2020-06-08T00:00:00.000000', '2020-06-15T00:00:00.000000',
       '2020-06-22T00:00:00.000000', '2020-06-29T00:00:00.000000',
       '2020-07-06T00:00:00.000000', '2020-07-13T00:00:00.000000',
       '2020-07-20T00:00:00.000000', '2020-07-27T00:00:00.000000',
       '2020-08-03T00:00:00.000000', '2020-08-10T00:00:00.000000',
       '2020-08-17T00:00:00.000000', '2020-08-24T00:00:00.000000',
       '2020-08-31T00:00:00.000000', '2020-09-07T00:00:00.000000',
       '2020-09-14T00:00:00.000000', '2020-09-21T00:00:00.000000',
       '2020-09-28T00:00:00.000000', '2020-10-05T00:00:00.000000',
       '2020-10-12T00:00:00.000000', '2020-10-19T00:00:00.000000',
       '2020-10-26T00:00:00.000000', '2020-11-02T00:00:00.000000',
       '2020-11-09T00:00:00.000000', '2020-11-16T00:00:00.000000',
       '2020-11-23T00:00:00.000000', '2020-11-30T00:00:00.000000',
       '2020-12-07T00:00:00.000000', '2020-12-14T00:00:00.000000',
       '2020-12-21T00:00:00.000000', '2020-12-28T00:00:00.000000',
       '2021-01-04T00:00:00.000000', '2021-01-11T00:00:00.000000',
       '2021-01-18T00:00:00.000000', '2021-01-25T00:00:00.000000',
       '2021-02-01T00:00:00.000000', '2021-02-08T00:00:00.000000',
       '2021-02-15T00:00:00.000000', '2021-02-22T00:00:00.000000',
       '2021-03-01T00:00:00.000000', '2021-03-08T00:00:00.000000',
       '2021-03-15T00:00:00.000000', '2021-03-22T00:00:00.000000',
       '2021-03-29T00:00:00.000000', '2021-04-05T00:00:00.000000',
       '2021-04-12T00:00:00.000000', '2021-04-19T00:00:00.000000',
       '2021-04-26T00:00:00.000000', '2021-05-03T00:00:00.000000',
       '2021-05-10T00:00:00.000000', '2021-05-17T00:00:00.000000',
       '2021-05-24T00:00:00.000000', '2021-05-31T00:00:00.000000',
       '2021-06-07T00:00:00.000000', '2021-06-14T00:00:00.000000',
       '2021-06-21T00:00:00.000000', '2021-06-28T00:00:00.000000',
       '2021-07-05T00:00:00.000000', '2021-07-12T00:00:00.000000',
       '2021-07-19T00:00:00.000000', '2021-07-26T00:00:00.000000',
       '2021-08-02T00:00:00.000000', '2021-08-09T00:00:00.000000',
       '2021-08-16T00:00:00.000000', '2021-08-23T00:00:00.000000',
       '2021-08-30T00:00:00.000000', '2021-09-06T00:00:00.000000',
       '2021-09-13T00:00:00.000000', '2021-09-20T00:00:00.000000',
       '2021-09-27T00:00:00.000000', '2021-10-04T00:00:00.000000',
       '2021-10-11T00:00:00.000000', '2021-10-18T00:00:00.000000',
       '2021-10-25T00:00:00.000000', '2021-11-01T00:00:00.000000',
       '2021-11-08T00:00:00.000000', '2021-11-15T00:00:00.000000',
       '2021-11-22T00:00:00.000000', '2021-11-29T00:00:00.000000',
       '2021-12-06T00:00:00.000000', '2021-12-13T00:00:00.000000',
       '2021-12-20T00:00:00.000000', '2021-12-27T00:00:00.000000',
       '2022-01-03T00:00:00.000000', '2022-01-10T00:00:00.000000',
       '2022-01-17T00:00:00.000000', '2022-01-24T00:00:00.000000',
       '2022-01-31T00:00:00.000000', '2022-02-07T00:00:00.000000',
       '2022-02-14T00:00:00.000000', '2022-02-21T00:00:00.000000',
       '2022-02-28T00:00:00.000000', '2022-03-07T00:00:00.000000',
       '2022-03-14T00:00:00.000000', '2022-03-21T00:00:00.000000',
       '2022-03-28T00:00:00.000000', '2022-04-04T00:00:00.000000',
       '2022-04-11T00:00:00.000000', '2022-04-18T00:00:00.000000',
       '2022-04-25T00:00:00.000000', '2022-05-02T00:00:00.000000',
       '2022-05-09T00:00:00.000000', '2022-05-16T00:00:00.000000',
       '2022-05-23T00:00:00.000000', '2022-05-30T00:00:00.000000',
       '2022-06-06T00:00:00.000000', '2022-06-13T00:00:00.000000',
       '2022-06-20T00:00:00.000000', '2022-06-27T00:00:00.000000',
       '2022-07-04T00:00:00.000000', '2022-07-11T00:00:00.000000',
       '2022-07-18T00:00:00.000000', '2022-07-25T00:00:00.000000',
       '2022-08-01T00:00:00.000000', '2022-08-08T00:00:00.000000',
       '2022-08-15T00:00:00.000000', '2022-08-22T00:00:00.000000',
       '2022-08-29T00:00:00.000000', '2022-09-05T00:00:00.000000',
       '2022-09-12T00:00:00.000000', '2022-09-19T00:00:00.000000',
       '2022-09-26T00:00:00.000000', '2022-10-03T00:00:00.000000',
       '2022-10-10T00:00:00.000000', '2022-10-17T00:00:00.000000',
       '2022-10-24T00:00:00.000000', '2022-10-31T00:00:00.000000',
       '2022-11-07T00:00:00.000000', '2022-11-14T00:00:00.000000',
       '2022-11-21T00:00:00.000000', '2022-11-28T00:00:00.000000',
       '2022-12-05T00:00:00.000000', '2022-12-12T00:00:00.000000',
       '2022-12-19T00:00:00.000000', '2022-12-26T00:00:00.000000',
       '2023-01-02T00:00:00.000000', '2023-01-09T00:00:00.000000',
       '2023-01-16T00:00:00.000000', '2023-01-23T00:00:00.000000',
       '2023-01-30T00:00:00.000000', '2023-02-06T00:00:00.000000',
       '2023-02-13T00:00:00.000000', '2023-02-20T00:00:00.000000',
       '2023-02-27T00:00:00.000000', '2023-03-06T00:00:00.000000',
       '2023-03-13T00:00:00.000000', '2023-03-20T00:00:00.000000',
       '2023-03-27T00:00:00.000000', '2023-04-03T00:00:00.000000',
       '2023-04-10T00:00:00.000000', '2023-04-17T00:00:00.000000',
       '2023-04-24T00:00:00.000000', '2023-05-01T00:00:00.000000',
       '2023-05-08T00:00:00.000000', '2023-05-15T00:00:00.000000',
       '2023-05-22T00:00:00.000000', '2023-05-29T00:00:00.000000',
       '2023-06-05T00:00:00.000000', '2023-06-12T00:00:00.000000',
       '2023-06-19T00:00:00.000000', '2023-06-26T00:00:00.000000',
       '2023-07-03T00:00:00.000000', '2023-07-10T00:00:00.000000',
       '2023-07-17T00:00:00.000000', '2023-07-24T00:00:00.000000',
       '2023-07-31T00:00:00.000000', '2023-08-07T00:00:00.000000',
       '2023-08-14T00:00:00.000000', '2023-08-21T00:00:00.000000',
       '2023-08-28T00:00:00.000000', '2023-09-04T00:00:00.000000',
       '2023-09-11T00:00:00.000000', '2023-09-18T00:00:00.000000',
       '2023-09-25T00:00:00.000000', '2023-10-02T00:00:00.000000',
       '2023-10-09T00:00:00.000000', '2023-10-16T00:00:00.000000',
       '2023-10-23T00:00:00.000000', '2023-10-30T00:00:00.000000',
       '2023-11-06T00:00:00.000000', '2023-11-13T00:00:00.000000',
       '2023-11-20T00:00:00.000000', '2023-11-27T00:00:00.000000',
       '2023-12-04T00:00:00.000000', '2023-12-11T00:00:00.000000',
       '2023-12-18T00:00:00.000000', '2023-12-25T00:00:00.000000',
       '2024-01-01T00:00:00.000000', '2024-01-08T00:00:00.000000',
       '2024-01-15T00:00:00.000000', '2024-01-22T00:00:00.000000',
       '2024-01-29T00:00:00.000000', '2024-02-05T00:00:00.000000',
       '2024-02-12T00:00:00.000000', '2024-02-19T00:00:00.000000',
       '2024-02-26T00:00:00.000000', '2024-03-04T00:00:00.000000',
       '2024-03-11T00:00:00.000000', '2024-03-18T00:00:00.000000',
       '2024-03-25T00:00:00.000000', '2024-04-01T00:00:00.000000',
       '2024-04-08T00:00:00.000000', '2024-04-15T00:00:00.000000',
       '2024-04-22T00:00:00.000000', '2024-04-29T00:00:00.000000',
       '2024-05-06T00:00:00.000000', '2024-05-13T00:00:00.000000',
       '2024-05-20T00:00:00.000000', '2024-05-27T00:00:00.000000',
       '2024-06-03T00:00:00.000000', '2024-06-10T00:00:00.000000',
       '2024-06-17T00:00:00.000000', '2024-06-24T00:00:00.000000',
       '2024-07-01T00:00:00.000000', '2024-07-08T00:00:00.000000',
       '2024-07-15T00:00:00.000000', '2024-07-22T00:00:00.000000',
       '2024-07-29T00:00:00.000000', '2024-08-05T00:00:00.000000',
       '2024-08-12T00:00:00.000000', '2024-08-19T00:00:00.000000',
       '2024-08-26T00:00:00.000000', '2024-09-02T00:00:00.000000',
       '2024-09-09T00:00:00.000000', '2024-09-16T00:00:00.000000',
       '2024-09-23T00:00:00.000000', '2024-09-30T00:00:00.000000',
       '2024-10-07T00:00:00.000000', '2024-10-14T00:00:00.000000',
       '2024-10-21T00:00:00.000000', '2024-10-28T00:00:00.000000',
       '2024-11-04T00:00:00.000000', '2024-11-11T00:00:00.000000',
       '2024-11-18T00:00:00.000000', '2024-11-25T00:00:00.000000',
       '2024-12-02T00:00:00.000000', '2024-12-09T00:00:00.000000',
       '2024-12-16T00:00:00.000000', '2024-12-23T00:00:00.000000',
       '2024-12-30T00:00:00.000000', '2025-01-06T00:00:00.000000',
       '2025-01-13T00:00:00.000000', '2025-01-20T00:00:00.000000',
       '2025-01-27T00:00:00.000000', '2025-02-03T00:00:00.000000',
       '2025-02-10T00:00:00.000000', '2025-02-17T00:00:00.000000',
       '2025-02-24T00:00:00.000000', '2025-03-03T00:00:00.000000',
       '2025-03-10T00:00:00.000000', '2025-03-17T00:00:00.000000',
       '2025-03-24T00:00:00.000000', '2025-03-31T00:00:00.000000',
       '2025-04-07T00:00:00.000000', '2025-04-14T00:00:00.000000',
       '2025-04-21T00:00:00.000000', '2025-04-28T00:00:00.000000',
       '2025-05-05T00:00:00.000000', '2025-05-12T00:00:00.000000',
       '2025-05-19T00:00:00.000000', '2025-05-26T00:00:00.000000',
       '2025-06-02T00:00:00.000000', '2025-06-09T00:00:00.000000',
       '2025-06-16T00:00:00.000000', '2025-06-23T00:00:00.000000',
       '2025-06-30T00:00:00.000000', '2025-07-07T00:00:00.000000',
       '2025-07-14T00:00:00.000000', '2025-07-21T00:00:00.000000',
       '2025-07-28T00:00:00.000000', '2025-08-04T00:00:00.000000',
       '2025-08-11T00:00:00.000000', '2025-08-18T00:00:00.000000',
       '2025-08-25T00:00:00.000000', '2025-09-01T00:00:00.000000',
       '2025-09-08T00:00:00.000000', '2025-09-15T00:00:00.000000',
       '2025-09-22T00:00:00.000000', '2025-09-29T00:00:00.000000',
       '2025-10-06T00:00:00.000000', '2025-10-13T00:00:00.000000',
       '2025-10-20T00:00:00.000000', '2025-10-27T00:00:00.000000',
       '2025-11-03T00:00:00.000000', '2025-11-10T00:00:00.000000',
       '2025-11-17T00:00:00.000000', '2025-11-24T00:00:00.000000',
       '2025-12-01T00:00:00.000000', '2025-12-08T00:00:00.000000',
       '2025-12-15T00:00:00.000000', '2025-12-22T00:00:00.000000',
       '2025-12-29T00:00:00.000000', '2026-01-05T00:00:00.000000',
       '2026-01-12T00:00:00.000000', '2026-01-19T00:00:00.000000',
       '2026-01-26T00:00:00.000000', '2026-02-02T00:00:00.000000',
       '2026-02-09T00:00:00.000000', '2026-02-16T00:00:00.000000',
       '2026-02-23T00:00:00.000000', '2026-03-02T00:00:00.000000',
       '2026-03-09T00:00:00.000000', '2026-03-16T00:00:00.000000',
       '2026-03-23T00:00:00.000000', '2026-03-30T00:00:00.000000',
       '2026-04-06T00:00:00.000000', '2026-04-13T00:00:00.000000',
       '2026-04-20T00:00:00.000000', '2026-04-27T00:00:00.000000',
       '2026-05-04T00:00:00.000000', '2026-05-11T00:00:00.000000',
       '2026-05-18T00:00:00.000000', '2026-05-25T00:00:00.000000',
       '2026-06-01T00:00:00.000000'], dtype='datetime64[us]'))
2026-07-04 06:06:33.471 | DEBUG    | __main__:forecast_holt_winters:131 -     Holt-Winters forecast failed: positive() got an unexpected keyword argument 'lower'
2026-07-04 06:06:33.474 | DEBUG    | __main__:forecast_tree:163 -     Tree forecast failed: Feature shape mismatch, expected: 18, got 16
2026-07-04 06:06:33.475 | INFO     | __main__:forecast_commodity:294 -   daily        -> N   4,551,388/MT  -1.2%  (2026-07-06)
2026-07-04 06:06:33.476 | INFO     | __main__:forecast_commodity:294 -   weekly       -> N   4,551,388/MT  -1.2%  (2026-07-13)
2026-07-04 06:06:33.477 | INFO     | __main__:forecast_commodity:294 -   2_weeks      -> N   4,669,851/MT  +1.4%  (2026-07-20)
2026-07-04 06:06:33.477 | INFO     | __main__:forecast_commodity:294 -   monthly      -> N   4,653,903/MT  +1.1%  (2026-08-03)
2026-07-04 06:06:33.478 | INFO     | __main__:forecast_commodity:294 -   3_months     -> N   4,580,314/MT  -0.5%  (2026-10-05)
2026-07-04 06:06:33.480 | INFO     | __main__:forecast_commodity:294 -   6_months     -> N   4,580,235/MT  -0.5%  (2027-01-04)
2026-07-04 06:06:33.481 | INFO     | __main__:run_forecasting:359 -   Meat (goat)
2026-07-04 06:06:33.482 | INFO     | __main__:run_forecasting:353 - 
[17/17] Forecasting Meat (beef)...
2026-07-04 06:06:33.566 | WARNING  | __main__:load_models_and_meta:87 -   Could not load arima for Meat (beef): No module named 'pmdarima'
2026-07-04 06:06:33.618 | WARNING  | __main__:load_models_and_meta:87 -   Could not load prophet for Meat (beef): (dtype('<M8[us]'), array(['2016-06-13T00:00:00.000000', '2016-06-20T00:00:00.000000',
       '2016-06-27T00:00:00.000000', '2016-07-04T00:00:00.000000',
       '2016-07-11T00:00:00.000000', '2016-07-18T00:00:00.000000',
       '2016-07-25T00:00:00.000000', '2016-08-01T00:00:00.000000',
       '2016-08-08T00:00:00.000000', '2016-08-15T00:00:00.000000',
       '2016-08-22T00:00:00.000000', '2016-08-29T00:00:00.000000',
       '2016-09-05T00:00:00.000000', '2016-09-12T00:00:00.000000',
       '2016-09-19T00:00:00.000000', '2016-09-26T00:00:00.000000',
       '2016-10-03T00:00:00.000000', '2016-10-10T00:00:00.000000',
       '2016-10-17T00:00:00.000000', '2016-10-24T00:00:00.000000',
       '2016-10-31T00:00:00.000000', '2016-11-07T00:00:00.000000',
       '2016-11-14T00:00:00.000000', '2016-11-21T00:00:00.000000',
       '2016-11-28T00:00:00.000000', '2016-12-05T00:00:00.000000',
       '2016-12-12T00:00:00.000000', '2016-12-19T00:00:00.000000',
       '2016-12-26T00:00:00.000000', '2017-01-02T00:00:00.000000',
       '2017-01-09T00:00:00.000000', '2017-01-16T00:00:00.000000',
       '2017-01-23T00:00:00.000000', '2017-01-30T00:00:00.000000',
       '2017-02-06T00:00:00.000000', '2017-02-13T00:00:00.000000',
       '2017-02-20T00:00:00.000000', '2017-02-27T00:00:00.000000',
       '2017-03-06T00:00:00.000000', '2017-03-13T00:00:00.000000',
       '2017-03-20T00:00:00.000000', '2017-03-27T00:00:00.000000',
       '2017-04-03T00:00:00.000000', '2017-04-10T00:00:00.000000',
       '2017-04-17T00:00:00.000000', '2017-04-24T00:00:00.000000',
       '2017-05-01T00:00:00.000000', '2017-05-08T00:00:00.000000',
       '2017-05-15T00:00:00.000000', '2017-05-22T00:00:00.000000',
       '2017-05-29T00:00:00.000000', '2017-06-05T00:00:00.000000',
       '2017-06-12T00:00:00.000000', '2017-06-19T00:00:00.000000',
       '2017-06-26T00:00:00.000000', '2017-07-03T00:00:00.000000',
       '2017-07-10T00:00:00.000000', '2017-07-17T00:00:00.000000',
       '2017-07-24T00:00:00.000000', '2017-07-31T00:00:00.000000',
       '2017-08-07T00:00:00.000000', '2017-08-14T00:00:00.000000',
       '2017-08-21T00:00:00.000000', '2017-08-28T00:00:00.000000',
       '2017-09-04T00:00:00.000000', '2017-09-11T00:00:00.000000',
       '2017-09-18T00:00:00.000000', '2017-09-25T00:00:00.000000',
       '2017-10-02T00:00:00.000000', '2017-10-09T00:00:00.000000',
       '2017-10-16T00:00:00.000000', '2017-10-23T00:00:00.000000',
       '2017-10-30T00:00:00.000000', '2017-11-06T00:00:00.000000',
       '2017-11-13T00:00:00.000000', '2017-11-20T00:00:00.000000',
       '2017-11-27T00:00:00.000000', '2017-12-04T00:00:00.000000',
       '2017-12-11T00:00:00.000000', '2017-12-18T00:00:00.000000',
       '2017-12-25T00:00:00.000000', '2018-01-01T00:00:00.000000',
       '2018-01-08T00:00:00.000000', '2018-01-15T00:00:00.000000',
       '2018-01-22T00:00:00.000000', '2018-01-29T00:00:00.000000',
       '2018-02-05T00:00:00.000000', '2018-02-12T00:00:00.000000',
       '2018-02-19T00:00:00.000000', '2018-02-26T00:00:00.000000',
       '2018-03-05T00:00:00.000000', '2018-03-12T00:00:00.000000',
       '2018-03-19T00:00:00.000000', '2018-03-26T00:00:00.000000',
       '2018-04-02T00:00:00.000000', '2018-04-09T00:00:00.000000',
       '2018-04-16T00:00:00.000000', '2018-04-23T00:00:00.000000',
       '2018-04-30T00:00:00.000000', '2018-05-07T00:00:00.000000',
       '2018-05-14T00:00:00.000000', '2018-05-21T00:00:00.000000',
       '2018-05-28T00:00:00.000000', '2018-06-04T00:00:00.000000',
       '2018-06-11T00:00:00.000000', '2018-06-18T00:00:00.000000',
       '2018-06-25T00:00:00.000000', '2018-07-02T00:00:00.000000',
       '2018-07-09T00:00:00.000000', '2018-07-16T00:00:00.000000',
       '2018-07-23T00:00:00.000000', '2018-07-30T00:00:00.000000',
       '2018-08-06T00:00:00.000000', '2018-08-13T00:00:00.000000',
       '2018-08-20T00:00:00.000000', '2018-08-27T00:00:00.000000',
       '2018-09-03T00:00:00.000000', '2018-09-10T00:00:00.000000',
       '2018-09-17T00:00:00.000000', '2018-09-24T00:00:00.000000',
       '2018-10-01T00:00:00.000000', '2018-10-08T00:00:00.000000',
       '2018-10-15T00:00:00.000000', '2018-10-22T00:00:00.000000',
       '2018-10-29T00:00:00.000000', '2018-11-05T00:00:00.000000',
       '2018-11-12T00:00:00.000000', '2018-11-19T00:00:00.000000',
       '2018-11-26T00:00:00.000000', '2018-12-03T00:00:00.000000',
       '2018-12-10T00:00:00.000000', '2018-12-17T00:00:00.000000',
       '2018-12-24T00:00:00.000000', '2018-12-31T00:00:00.000000',
       '2019-01-07T00:00:00.000000', '2019-01-14T00:00:00.000000',
       '2019-01-21T00:00:00.000000', '2019-01-28T00:00:00.000000',
       '2019-02-04T00:00:00.000000', '2019-02-11T00:00:00.000000',
       '2019-02-18T00:00:00.000000', '2019-02-25T00:00:00.000000',
       '2019-03-04T00:00:00.000000', '2019-03-11T00:00:00.000000',
       '2019-03-18T00:00:00.000000', '2019-03-25T00:00:00.000000',
       '2019-04-01T00:00:00.000000', '2019-04-08T00:00:00.000000',
       '2019-04-15T00:00:00.000000', '2019-04-22T00:00:00.000000',
       '2019-04-29T00:00:00.000000', '2019-05-06T00:00:00.000000',
       '2019-05-13T00:00:00.000000', '2019-05-20T00:00:00.000000',
       '2019-05-27T00:00:00.000000', '2019-06-03T00:00:00.000000',
       '2019-06-10T00:00:00.000000', '2019-06-17T00:00:00.000000',
       '2019-06-24T00:00:00.000000', '2019-07-01T00:00:00.000000',
       '2019-07-08T00:00:00.000000', '2019-07-15T00:00:00.000000',
       '2019-07-22T00:00:00.000000', '2019-07-29T00:00:00.000000',
       '2019-08-05T00:00:00.000000', '2019-08-12T00:00:00.000000',
       '2019-08-19T00:00:00.000000', '2019-08-26T00:00:00.000000',
       '2019-09-02T00:00:00.000000', '2019-09-09T00:00:00.000000',
       '2019-09-16T00:00:00.000000', '2019-09-23T00:00:00.000000',
       '2019-09-30T00:00:00.000000', '2019-10-07T00:00:00.000000',
       '2019-10-14T00:00:00.000000', '2019-10-21T00:00:00.000000',
       '2019-10-28T00:00:00.000000', '2019-11-04T00:00:00.000000',
       '2019-11-11T00:00:00.000000', '2019-11-18T00:00:00.000000',
       '2019-11-25T00:00:00.000000', '2019-12-02T00:00:00.000000',
       '2019-12-09T00:00:00.000000', '2019-12-16T00:00:00.000000',
       '2019-12-23T00:00:00.000000', '2019-12-30T00:00:00.000000',
       '2020-01-06T00:00:00.000000', '2020-01-13T00:00:00.000000',
       '2020-01-20T00:00:00.000000', '2020-01-27T00:00:00.000000',
       '2020-02-03T00:00:00.000000', '2020-02-10T00:00:00.000000',
       '2020-02-17T00:00:00.000000', '2020-02-24T00:00:00.000000',
       '2020-03-02T00:00:00.000000', '2020-03-09T00:00:00.000000',
       '2020-03-16T00:00:00.000000', '2020-03-23T00:00:00.000000',
       '2020-03-30T00:00:00.000000', '2020-04-06T00:00:00.000000',
       '2020-04-13T00:00:00.000000', '2020-04-20T00:00:00.000000',
       '2020-04-27T00:00:00.000000', '2020-05-04T00:00:00.000000',
       '2020-05-11T00:00:00.000000', '2020-05-18T00:00:00.000000',
       '2020-05-25T00:00:00.000000', '2020-06-01T00:00:00.000000',
       '2020-06-08T00:00:00.000000', '2020-06-15T00:00:00.000000',
       '2020-06-22T00:00:00.000000', '2020-06-29T00:00:00.000000',
       '2020-07-06T00:00:00.000000', '2020-07-13T00:00:00.000000',
       '2020-07-20T00:00:00.000000', '2020-07-27T00:00:00.000000',
       '2020-08-03T00:00:00.000000', '2020-08-10T00:00:00.000000',
       '2020-08-17T00:00:00.000000', '2020-08-24T00:00:00.000000',
       '2020-08-31T00:00:00.000000', '2020-09-07T00:00:00.000000',
       '2020-09-14T00:00:00.000000', '2020-09-21T00:00:00.000000',
       '2020-09-28T00:00:00.000000', '2020-10-05T00:00:00.000000',
       '2020-10-12T00:00:00.000000', '2020-10-19T00:00:00.000000',
       '2020-10-26T00:00:00.000000', '2020-11-02T00:00:00.000000',
       '2020-11-09T00:00:00.000000', '2020-11-16T00:00:00.000000',
       '2020-11-23T00:00:00.000000', '2020-11-30T00:00:00.000000',
       '2020-12-07T00:00:00.000000', '2020-12-14T00:00:00.000000',
       '2020-12-21T00:00:00.000000', '2020-12-28T00:00:00.000000',
       '2021-01-04T00:00:00.000000', '2021-01-11T00:00:00.000000',
       '2021-01-18T00:00:00.000000', '2021-01-25T00:00:00.000000',
       '2021-02-01T00:00:00.000000', '2021-02-08T00:00:00.000000',
       '2021-02-15T00:00:00.000000', '2021-02-22T00:00:00.000000',
       '2021-03-01T00:00:00.000000', '2021-03-08T00:00:00.000000',
       '2021-03-15T00:00:00.000000', '2021-03-22T00:00:00.000000',
       '2021-03-29T00:00:00.000000', '2021-04-05T00:00:00.000000',
       '2021-04-12T00:00:00.000000', '2021-04-19T00:00:00.000000',
       '2021-04-26T00:00:00.000000', '2021-05-03T00:00:00.000000',
       '2021-05-10T00:00:00.000000', '2021-05-17T00:00:00.000000',
       '2021-05-24T00:00:00.000000', '2021-05-31T00:00:00.000000',
       '2021-06-07T00:00:00.000000', '2021-06-14T00:00:00.000000',
       '2021-06-21T00:00:00.000000', '2021-06-28T00:00:00.000000',
       '2021-07-05T00:00:00.000000', '2021-07-12T00:00:00.000000',
       '2021-07-19T00:00:00.000000', '2021-07-26T00:00:00.000000',
       '2021-08-02T00:00:00.000000', '2021-08-09T00:00:00.000000',
       '2021-08-16T00:00:00.000000', '2021-08-23T00:00:00.000000',
       '2021-08-30T00:00:00.000000', '2021-09-06T00:00:00.000000',
       '2021-09-13T00:00:00.000000', '2021-09-20T00:00:00.000000',
       '2021-09-27T00:00:00.000000', '2021-10-04T00:00:00.000000',
       '2021-10-11T00:00:00.000000', '2021-10-18T00:00:00.000000',
       '2021-10-25T00:00:00.000000', '2021-11-01T00:00:00.000000',
       '2021-11-08T00:00:00.000000', '2021-11-15T00:00:00.000000',
       '2021-11-22T00:00:00.000000', '2021-11-29T00:00:00.000000',
       '2021-12-06T00:00:00.000000', '2021-12-13T00:00:00.000000',
       '2021-12-20T00:00:00.000000', '2021-12-27T00:00:00.000000',
       '2022-01-03T00:00:00.000000', '2022-01-10T00:00:00.000000',
       '2022-01-17T00:00:00.000000', '2022-01-24T00:00:00.000000',
       '2022-01-31T00:00:00.000000', '2022-02-07T00:00:00.000000',
       '2022-02-14T00:00:00.000000', '2022-02-21T00:00:00.000000',
       '2022-02-28T00:00:00.000000', '2022-03-07T00:00:00.000000',
       '2022-03-14T00:00:00.000000', '2022-03-21T00:00:00.000000',
       '2022-03-28T00:00:00.000000', '2022-04-04T00:00:00.000000',
       '2022-04-11T00:00:00.000000', '2022-04-18T00:00:00.000000',
       '2022-04-25T00:00:00.000000', '2022-05-02T00:00:00.000000',
       '2022-05-09T00:00:00.000000', '2022-05-16T00:00:00.000000',
       '2022-05-23T00:00:00.000000', '2022-05-30T00:00:00.000000',
       '2022-06-06T00:00:00.000000', '2022-06-13T00:00:00.000000',
       '2022-06-20T00:00:00.000000', '2022-06-27T00:00:00.000000',
       '2022-07-04T00:00:00.000000', '2022-07-11T00:00:00.000000',
       '2022-07-18T00:00:00.000000', '2022-07-25T00:00:00.000000',
       '2022-08-01T00:00:00.000000', '2022-08-08T00:00:00.000000',
       '2022-08-15T00:00:00.000000', '2022-08-22T00:00:00.000000',
       '2022-08-29T00:00:00.000000', '2022-09-05T00:00:00.000000',
       '2022-09-12T00:00:00.000000', '2022-09-19T00:00:00.000000',
       '2022-09-26T00:00:00.000000', '2022-10-03T00:00:00.000000',
       '2022-10-10T00:00:00.000000', '2022-10-17T00:00:00.000000',
       '2022-10-24T00:00:00.000000', '2022-10-31T00:00:00.000000',
       '2022-11-07T00:00:00.000000', '2022-11-14T00:00:00.000000',
       '2022-11-21T00:00:00.000000', '2022-11-28T00:00:00.000000',
       '2022-12-05T00:00:00.000000', '2022-12-12T00:00:00.000000',
       '2022-12-19T00:00:00.000000', '2022-12-26T00:00:00.000000',
       '2023-01-02T00:00:00.000000', '2023-01-09T00:00:00.000000',
       '2023-01-16T00:00:00.000000', '2023-01-23T00:00:00.000000',
       '2023-01-30T00:00:00.000000', '2023-02-06T00:00:00.000000',
       '2023-02-13T00:00:00.000000', '2023-02-20T00:00:00.000000',
       '2023-02-27T00:00:00.000000', '2023-03-06T00:00:00.000000',
       '2023-03-13T00:00:00.000000', '2023-03-20T00:00:00.000000',
       '2023-03-27T00:00:00.000000', '2023-04-03T00:00:00.000000',
       '2023-04-10T00:00:00.000000', '2023-04-17T00:00:00.000000',
       '2023-04-24T00:00:00.000000', '2023-05-01T00:00:00.000000',
       '2023-05-08T00:00:00.000000', '2023-05-15T00:00:00.000000',
       '2023-05-22T00:00:00.000000', '2023-05-29T00:00:00.000000',
       '2023-06-05T00:00:00.000000', '2023-06-12T00:00:00.000000',
       '2023-06-19T00:00:00.000000', '2023-06-26T00:00:00.000000',
       '2023-07-03T00:00:00.000000', '2023-07-10T00:00:00.000000',
       '2023-07-17T00:00:00.000000', '2023-07-24T00:00:00.000000',
       '2023-07-31T00:00:00.000000', '2023-08-07T00:00:00.000000',
       '2023-08-14T00:00:00.000000', '2023-08-21T00:00:00.000000',
       '2023-08-28T00:00:00.000000', '2023-09-04T00:00:00.000000',
       '2023-09-11T00:00:00.000000', '2023-09-18T00:00:00.000000',
       '2023-09-25T00:00:00.000000', '2023-10-02T00:00:00.000000',
       '2023-10-09T00:00:00.000000', '2023-10-16T00:00:00.000000',
       '2023-10-23T00:00:00.000000', '2023-10-30T00:00:00.000000',
       '2023-11-06T00:00:00.000000', '2023-11-13T00:00:00.000000',
       '2023-11-20T00:00:00.000000', '2023-11-27T00:00:00.000000',
       '2023-12-04T00:00:00.000000', '2023-12-11T00:00:00.000000',
       '2023-12-18T00:00:00.000000', '2023-12-25T00:00:00.000000',
       '2024-01-01T00:00:00.000000', '2024-01-08T00:00:00.000000',
       '2024-01-15T00:00:00.000000', '2024-01-22T00:00:00.000000',
       '2024-01-29T00:00:00.000000', '2024-02-05T00:00:00.000000',
       '2024-02-12T00:00:00.000000', '2024-02-19T00:00:00.000000',
       '2024-02-26T00:00:00.000000', '2024-03-04T00:00:00.000000',
       '2024-03-11T00:00:00.000000', '2024-03-18T00:00:00.000000',
       '2024-03-25T00:00:00.000000', '2024-04-01T00:00:00.000000',
       '2024-04-08T00:00:00.000000', '2024-04-15T00:00:00.000000',
       '2024-04-22T00:00:00.000000', '2024-04-29T00:00:00.000000',
       '2024-05-06T00:00:00.000000', '2024-05-13T00:00:00.000000',
       '2024-05-20T00:00:00.000000', '2024-05-27T00:00:00.000000',
       '2024-06-03T00:00:00.000000', '2024-06-10T00:00:00.000000',
       '2024-06-17T00:00:00.000000', '2024-06-24T00:00:00.000000',
       '2024-07-01T00:00:00.000000', '2024-07-08T00:00:00.000000',
       '2024-07-15T00:00:00.000000', '2024-07-22T00:00:00.000000',
       '2024-07-29T00:00:00.000000', '2024-08-05T00:00:00.000000',
       '2024-08-12T00:00:00.000000', '2024-08-19T00:00:00.000000',
       '2024-08-26T00:00:00.000000', '2024-09-02T00:00:00.000000',
       '2024-09-09T00:00:00.000000', '2024-09-16T00:00:00.000000',
       '2024-09-23T00:00:00.000000', '2024-09-30T00:00:00.000000',
       '2024-10-07T00:00:00.000000', '2024-10-14T00:00:00.000000',
       '2024-10-21T00:00:00.000000', '2024-10-28T00:00:00.000000',
       '2024-11-04T00:00:00.000000', '2024-11-11T00:00:00.000000',
       '2024-11-18T00:00:00.000000', '2024-11-25T00:00:00.000000',
       '2024-12-02T00:00:00.000000', '2024-12-09T00:00:00.000000',
       '2024-12-16T00:00:00.000000', '2024-12-23T00:00:00.000000',
       '2024-12-30T00:00:00.000000', '2025-01-06T00:00:00.000000',
       '2025-01-13T00:00:00.000000', '2025-01-20T00:00:00.000000',
       '2025-01-27T00:00:00.000000', '2025-02-03T00:00:00.000000',
       '2025-02-10T00:00:00.000000', '2025-02-17T00:00:00.000000',
       '2025-02-24T00:00:00.000000', '2025-03-03T00:00:00.000000',
       '2025-03-10T00:00:00.000000', '2025-03-17T00:00:00.000000',
       '2025-03-24T00:00:00.000000', '2025-03-31T00:00:00.000000',
       '2025-04-07T00:00:00.000000', '2025-04-14T00:00:00.000000',
       '2025-04-21T00:00:00.000000', '2025-04-28T00:00:00.000000',
       '2025-05-05T00:00:00.000000', '2025-05-12T00:00:00.000000',
       '2025-05-19T00:00:00.000000', '2025-05-26T00:00:00.000000',
       '2025-06-02T00:00:00.000000', '2025-06-09T00:00:00.000000',
       '2025-06-16T00:00:00.000000', '2025-06-23T00:00:00.000000',
       '2025-06-30T00:00:00.000000', '2025-07-07T00:00:00.000000',
       '2025-07-14T00:00:00.000000', '2025-07-21T00:00:00.000000',
       '2025-07-28T00:00:00.000000', '2025-08-04T00:00:00.000000',
       '2025-08-11T00:00:00.000000', '2025-08-18T00:00:00.000000',
       '2025-08-25T00:00:00.000000', '2025-09-01T00:00:00.000000',
       '2025-09-08T00:00:00.000000', '2025-09-15T00:00:00.000000',
       '2025-09-22T00:00:00.000000', '2025-09-29T00:00:00.000000',
       '2025-10-06T00:00:00.000000', '2025-10-13T00:00:00.000000',
       '2025-10-20T00:00:00.000000', '2025-10-27T00:00:00.000000',
       '2025-11-03T00:00:00.000000', '2025-11-10T00:00:00.000000',
       '2025-11-17T00:00:00.000000', '2025-11-24T00:00:00.000000',
       '2025-12-01T00:00:00.000000', '2025-12-08T00:00:00.000000',
       '2025-12-15T00:00:00.000000', '2025-12-22T00:00:00.000000',
       '2025-12-29T00:00:00.000000', '2026-01-05T00:00:00.000000',
       '2026-01-12T00:00:00.000000', '2026-01-19T00:00:00.000000',
       '2026-01-26T00:00:00.000000', '2026-02-02T00:00:00.000000',
       '2026-02-09T00:00:00.000000', '2026-02-16T00:00:00.000000',
       '2026-02-23T00:00:00.000000', '2026-03-02T00:00:00.000000',
       '2026-03-09T00:00:00.000000', '2026-03-16T00:00:00.000000',
       '2026-03-23T00:00:00.000000', '2026-03-30T00:00:00.000000',
       '2026-04-06T00:00:00.000000', '2026-04-13T00:00:00.000000',
       '2026-04-20T00:00:00.000000', '2026-04-27T00:00:00.000000',
       '2026-05-04T00:00:00.000000', '2026-05-11T00:00:00.000000',
       '2026-05-18T00:00:00.000000', '2026-05-25T00:00:00.000000',
       '2026-06-01T00:00:00.000000'], dtype='datetime64[us]'))
2026-07-04 06:06:33.729 | DEBUG    | __main__:forecast_holt_winters:131 -     Holt-Winters forecast failed: positive() got an unexpected keyword argument 'lower'
2026-07-04 06:06:33.733 | DEBUG    | __main__:forecast_tree:163 -     Tree forecast failed: Feature shape mismatch, expected: 18, got 16
2026-07-04 06:06:33.733 | INFO     | __main__:forecast_commodity:294 -   daily        -> N   4,282,521/MT  -0.5%  (2026-07-06)
2026-07-04 06:06:33.734 | INFO     | __main__:forecast_commodity:294 -   weekly       -> N   4,282,521/MT  -0.5%  (2026-07-13)
2026-07-04 06:06:33.735 | INFO     | __main__:forecast_commodity:294 -   2_weeks      -> N   4,262,049/MT  -1.0%  (2026-07-20)
2026-07-04 06:06:33.735 | INFO     | __main__:forecast_commodity:294 -   monthly      -> N   4,302,583/MT  -0.1%  (2026-08-03)
2026-07-04 06:06:33.736 | INFO     | __main__:forecast_commodity:294 -   3_months     -> N   4,305,249/MT  -0.0%  (2026-10-05)
2026-07-04 06:06:33.738 | INFO     | __main__:forecast_commodity:294 -   6_months     -> N   4,297,541/MT  -0.2%  (2027-01-04)
2026-07-04 06:06:33.739 | INFO     | __main__:run_forecasting:359 -   Meat (beef)
2026-07-04 06:06:33.809 | INFO     | __main__:run_forecasting:375 - 
  Forecast JSON saved -> C:\Users\USER\Downloads\agrolinking-intel-structure\agrolinking-intel\outputs\forecasts\forecast_2026-07-04.json
2026-07-04 06:06:33.813 | INFO     | __main__:run_forecasting:401 -   Daily alert saved -> C:\Users\USER\Downloads\agrolinking-intel-structure\agrolinking-intel\outputs\daily_alerts\alert_2026-07-04.txt
2026-07-04 06:06:33.814 | INFO     | __main__:run_forecasting:402 - 
=================================================================
2026-07-04 06:06:33.814 | INFO     | __main__:run_forecasting:403 -   DAILY PRICE ALERT
2026-07-04 06:06:33.814 | INFO     | __main__:run_forecasting:404 - =================================================================
2026-07-04 06:06:33.815 | INFO     | __main__:run_forecasting:406 -   AGROLINKING COMMODITY INTELLIGENCE ALERT
2026-07-04 06:06:33.816 | INFO     | __main__:run_forecasting:406 -   Saturday, 04 July 2026
2026-07-04 06:06:33.816 | INFO     | __main__:run_forecasting:406 -   ─────────────────────────────────────────────
2026-07-04 06:06:33.816 | INFO     | __main__:run_forecasting:406 -   Hibiscus               N   2,254,948/MT  -1.4%
2026-07-04 06:06:33.817 | INFO     | __main__:run_forecasting:406 -   Sesame                 N   1,598,120/MT  -1.4%
2026-07-04 06:06:33.817 | INFO     | __main__:run_forecasting:406 -   Ginger                 N  12,406,403/MT  +0.9%
2026-07-04 06:06:33.818 | INFO     | __main__:run_forecasting:406 -   Cocoa                  N   5,712,386/MT  -1.0%
2026-07-04 06:06:33.818 | INFO     | __main__:run_forecasting:406 -   Soybeans               N     749,110/MT  -0.2%
2026-07-04 06:06:33.819 | INFO     | __main__:run_forecasting:406 -   Cashew Nuts            N   1,991,209/MT  +0.9%
2026-07-04 06:06:33.819 | INFO     | __main__:run_forecasting:406 -   Sorghum                N     434,468/MT  +1.1%
2026-07-04 06:06:33.820 | INFO     | __main__:run_forecasting:406 -   Beans (white)          N     815,854/MT  -1.4%
2026-07-04 06:06:33.821 | INFO     | __main__:run_forecasting:406 -   Beans (red)            N     902,582/MT  -1.1%
2026-07-04 06:06:33.822 | INFO     | __main__:run_forecasting:406 -   Maize (white)          N     371,127/MT  +0.2%
2026-07-04 06:06:33.822 | INFO     | __main__:run_forecasting:406 -   Maize (yellow)         N     410,811/MT  +1.1%
2026-07-04 06:06:33.823 | INFO     | __main__:run_forecasting:406 -   Wheat                  N     720,236/MT  +0.3%
2026-07-04 06:06:33.823 | INFO     | __main__:run_forecasting:406 -   Rice                   N   1,556,334/MT  -1.8%
2026-07-04 06:06:33.824 | INFO     | __main__:run_forecasting:406 -   Eggs                   N       7,157/MT  -0.3%
2026-07-04 06:06:33.824 | INFO     | __main__:run_forecasting:406 -   Fish (dried)           N   2,720,860/MT  -0.1%
2026-07-04 06:06:33.824 | INFO     | __main__:run_forecasting:406 -   Meat (goat)            N   4,551,388/MT  -1.2%
2026-07-04 06:06:33.825 | INFO     | __main__:run_forecasting:406 -   Meat (beef)            N   4,282,521/MT  -0.5%
2026-07-04 06:06:33.825 | INFO     | __main__:run_forecasting:406 -   ─────────────────────────────────────────────
2026-07-04 06:06:33.826 | INFO     | __main__:run_forecasting:406 -   Source: Agrolinking Intelligence Platform
2026-07-04 06:06:33.826 | INFO     | __main__:run_forecasting:406 -   Next update: 05 Jul 2026
2026-07-04 06:06:33.827 | INFO     | __main__:run_forecasting:409 - 
======================================================================
2026-07-04 06:06:33.827 | INFO     | __main__:run_forecasting:410 -   FORECAST SUMMARY
2026-07-04 06:06:33.827 | INFO     | __main__:run_forecasting:411 - ======================================================================
2026-07-04 06:06:33.828 | INFO     | __main__:run_forecasting:413 -   Commodity                      daily        weekly       monthly      3_months      6_months
2026-07-04 06:06:33.828 | INFO     | __main__:run_forecasting:414 -   ---------------------------------------------------------------------------
2026-07-04 06:06:33.829 | INFO     | __main__:run_forecasting:420 -   Hibiscus                N 2,254,948  N 2,254,948  N 2,260,215  N 2,296,253  N 2,275,891
2026-07-04 06:06:33.829 | INFO     | __main__:run_forecasting:420 -   Sesame                  N 1,598,120  N 1,598,120  N 1,626,353  N 1,628,685  N 1,625,394
2026-07-04 06:06:33.830 | INFO     | __main__:run_forecasting:420 -   Ginger                  N12,406,403  N12,406,403  N12,122,608  N12,389,672  N12,356,661
2026-07-04 06:06:33.830 | INFO     | __main__:run_forecasting:420 -   Cocoa                   N 5,712,386  N 5,712,386  N 5,772,505  N 5,709,221  N 5,786,823
2026-07-04 06:06:33.830 | INFO     | __main__:run_forecasting:420 -   Soybeans                N   749,110  N   749,110  N   743,916  N   744,232  N   754,523
2026-07-04 06:06:33.831 | INFO     | __main__:run_forecasting:420 -   Cashew Nuts             N 1,991,209  N 1,991,209  N 1,998,707  N 1,954,122  N 1,975,593
2026-07-04 06:06:33.831 | INFO     | __main__:run_forecasting:420 -   Sorghum                 N   434,468  N   434,468  N   433,392  N   431,140  N   430,517
2026-07-04 06:06:33.832 | INFO     | __main__:run_forecasting:420 -   Beans (white)           N   815,854  N   815,854  N   833,043  N   826,229  N   831,255
2026-07-04 06:06:33.832 | INFO     | __main__:run_forecasting:420 -   Beans (red)             N   902,582  N   902,582  N   911,901  N   914,705  N   908,652
2026-07-04 06:06:33.833 | INFO     | __main__:run_forecasting:420 -   Maize (white)           N   371,127  N   371,127  N   375,981  N   373,980  N   371,464
2026-07-04 06:06:33.833 | INFO     | __main__:run_forecasting:420 -   Maize (yellow)          N   410,811  N   410,811  N   402,915  N   406,149  N   408,045
2026-07-04 06:06:33.834 | INFO     | __main__:run_forecasting:420 -   Wheat                   N   720,236  N   720,236  N   720,009  N   718,138  N   717,243
2026-07-04 06:06:33.834 | INFO     | __main__:run_forecasting:420 -   Rice                    N 1,556,334  N 1,556,334  N 1,587,359  N 1,601,193  N 1,585,237
2026-07-04 06:06:33.835 | INFO     | __main__:run_forecasting:420 -   Eggs                    N     7,157  N     7,157  N     7,275  N     7,226  N     7,220
2026-07-04 06:06:33.835 | INFO     | __main__:run_forecasting:420 -   Fish (dried)            N 2,720,860  N 2,720,860  N 2,680,836  N 2,743,415  N 2,709,430
2026-07-04 06:06:33.835 | INFO     | __main__:run_forecasting:420 -   Meat (goat)             N 4,551,388  N 4,551,388  N 4,653,903  N 4,580,314  N 4,580,235
2026-07-04 06:06:33.836 | INFO     | __main__:run_forecasting:420 -   Meat (beef)             N 4,282,521  N 4,282,521  N 4,302,583  N 4,305,249  N 4,297,541
2026-07-04 06:06:33.836 | INFO     | __main__:run_forecasting:421 - ======================================================================
2026-07-04 06:06:33.837 | SUCCESS  | __main__:run_forecasting:425 - FORECASTING COMPLETE — 17/17 commodities
2026-07-04 06:18:44.944 | INFO     | __main__:run_forecasting:330 - =================================================================
2026-07-04 06:18:44.944 | INFO     | __main__:run_forecasting:331 - STEP 5 — FORECASTING ENGINE
2026-07-04 06:18:44.944 | INFO     | __main__:run_forecasting:332 -   Run date   : Saturday, 04 July 2026
2026-07-04 06:18:44.944 | INFO     | __main__:run_forecasting:333 -   Commodities: 17
2026-07-04 06:18:44.950 | INFO     | __main__:run_forecasting:334 -   Horizons   : ['daily', 'weekly', '2_weeks', 'monthly', '3_months', '6_months']
2026-07-04 06:18:44.951 | INFO     | __main__:run_forecasting:335 -   Ensemble   : ARIMA + Prophet + Holt-Winters + XGBoost + LightGBM
2026-07-04 06:18:44.951 | INFO     | __main__:run_forecasting:336 - =================================================================
2026-07-04 06:18:45.434 | INFO     | __main__:run_forecasting:353 - 
[1/17] Forecasting Hibiscus...
2026-07-04 06:19:11.737 | DEBUG    | __main__:forecast_holt_winters:131 -     Holt-Winters forecast failed: positive() got an unexpected keyword argument 'lower'
2026-07-04 06:19:11.738 | DEBUG    | __main__:forecast_tree:163 -     Tree forecast failed: Feature shape mismatch, expected: 18, got 16
2026-07-04 06:19:11.744 | INFO     | __main__:forecast_commodity:294 -   daily        -> N   2,177,458/MT  -5.2%  (2026-07-06)
2026-07-04 06:19:11.744 | INFO     | __main__:forecast_commodity:294 -   weekly       -> N   2,177,458/MT  -5.2%  (2026-07-13)
2026-07-04 06:19:11.744 | INFO     | __main__:forecast_commodity:294 -   2_weeks      -> N   2,122,846/MT  -7.6%  (2026-07-20)
2026-07-04 06:19:11.746 | INFO     | __main__:forecast_commodity:294 -   monthly      -> N   2,128,475/MT  -7.3%  (2026-08-03)
2026-07-04 06:19:11.746 | INFO     | __main__:forecast_commodity:294 -   3_months     -> N   2,054,070/MT  -10.6%  (2026-10-05)
2026-07-04 06:19:11.748 | INFO     | __main__:forecast_commodity:294 -   6_months     -> N   1,942,670/MT  -15.4%  (2027-01-04)
2026-07-04 06:19:11.750 | INFO     | __main__:run_forecasting:359 -   Hibiscus
2026-07-04 06:19:11.750 | INFO     | __main__:run_forecasting:353 - 
[2/17] Forecasting Sesame...
2026-07-04 06:19:11.878 | DEBUG    | __main__:forecast_holt_winters:131 -     Holt-Winters forecast failed: positive() got an unexpected keyword argument 'lower'
2026-07-04 06:19:11.882 | DEBUG    | __main__:forecast_tree:163 -     Tree forecast failed: Feature shape mismatch, expected: 18, got 16
2026-07-04 06:19:11.883 | INFO     | __main__:forecast_commodity:294 -   daily        -> N   1,630,236/MT  -0.8%  (2026-07-06)
2026-07-04 06:19:11.883 | INFO     | __main__:forecast_commodity:294 -   weekly       -> N   1,630,236/MT  -0.8%  (2026-07-13)
2026-07-04 06:19:11.883 | INFO     | __main__:forecast_commodity:294 -   2_weeks      -> N   1,580,903/MT  -3.8%  (2026-07-20)
2026-07-04 06:19:11.883 | INFO     | __main__:forecast_commodity:294 -   monthly      -> N   1,532,786/MT  -6.7%  (2026-08-03)
2026-07-04 06:19:11.885 | INFO     | __main__:forecast_commodity:294 -   3_months     -> N   1,485,195/MT  -9.6%  (2026-10-05)
2026-07-04 06:19:11.885 | INFO     | __main__:forecast_commodity:294 -   6_months     -> N   1,480,402/MT  -9.9%  (2027-01-04)
2026-07-04 06:19:11.887 | INFO     | __main__:run_forecasting:359 -   Sesame
2026-07-04 06:19:11.887 | INFO     | __main__:run_forecasting:353 - 
[3/17] Forecasting Ginger...
2026-07-04 06:19:12.024 | DEBUG    | __main__:forecast_holt_winters:131 -     Holt-Winters forecast failed: positive() got an unexpected keyword argument 'lower'
2026-07-04 06:19:12.028 | DEBUG    | __main__:forecast_tree:163 -     Tree forecast failed: Feature shape mismatch, expected: 18, got 16
2026-07-04 06:19:12.028 | INFO     | __main__:forecast_commodity:294 -   daily        -> N  13,069,602/MT  +7.6%  (2026-07-06)
2026-07-04 06:19:12.028 | INFO     | __main__:forecast_commodity:294 -   weekly       -> N  13,069,602/MT  +7.6%  (2026-07-13)
2026-07-04 06:19:12.030 | INFO     | __main__:forecast_commodity:294 -   2_weeks      -> N  12,763,287/MT  +5.1%  (2026-07-20)
2026-07-04 06:19:12.030 | INFO     | __main__:forecast_commodity:294 -   monthly      -> N  12,655,462/MT  +4.2%  (2026-08-03)
2026-07-04 06:19:12.030 | INFO     | __main__:forecast_commodity:294 -   3_months     -> N  11,641,355/MT  -4.2%  (2026-10-05)
2026-07-04 06:19:12.032 | INFO     | __main__:forecast_commodity:294 -   6_months     -> N  11,145,186/MT  -8.3%  (2027-01-04)
2026-07-04 06:19:12.034 | INFO     | __main__:run_forecasting:359 -   Ginger
2026-07-04 06:19:12.034 | INFO     | __main__:run_forecasting:353 - 
[4/17] Forecasting Cocoa...
2026-07-04 06:19:12.176 | DEBUG    | __main__:forecast_holt_winters:131 -     Holt-Winters forecast failed: positive() got an unexpected keyword argument 'lower'
2026-07-04 06:19:12.179 | DEBUG    | __main__:forecast_tree:163 -     Tree forecast failed: Feature shape mismatch, expected: 18, got 16
2026-07-04 06:19:12.181 | INFO     | __main__:forecast_commodity:294 -   daily        -> N   9,014,608/MT  +57.8%  (2026-07-06)
2026-07-04 06:19:12.181 | INFO     | __main__:forecast_commodity:294 -   weekly       -> N   9,014,608/MT  +57.8%  (2026-07-13)
2026-07-04 06:19:12.181 | INFO     | __main__:forecast_commodity:294 -   2_weeks      -> N   9,792,667/MT  +71.4%  (2026-07-20)
2026-07-04 06:19:12.183 | INFO     | __main__:forecast_commodity:294 -   monthly      -> N   9,608,137/MT  +68.2%  (2026-08-03)
2026-07-04 06:19:12.183 | INFO     | __main__:forecast_commodity:294 -   3_months     -> N   8,819,807/MT  +54.4%  (2026-10-05)
2026-07-04 06:19:12.184 | INFO     | __main__:forecast_commodity:294 -   6_months     -> N   9,039,190/MT  +58.2%  (2027-01-04)
2026-07-04 06:19:12.187 | INFO     | __main__:run_forecasting:359 -   Cocoa
2026-07-04 06:19:12.187 | INFO     | __main__:run_forecasting:353 - 
[5/17] Forecasting Soybeans...
2026-07-04 06:19:12.363 | DEBUG    | __main__:forecast_holt_winters:131 -     Holt-Winters forecast failed: positive() got an unexpected keyword argument 'lower'
2026-07-04 06:19:12.363 | DEBUG    | __main__:forecast_tree:163 -     Tree forecast failed: Feature shape mismatch, expected: 18, got 16
2026-07-04 06:19:12.366 | INFO     | __main__:forecast_commodity:294 -   daily        -> N     863,273/MT  +15.2%  (2026-07-06)
2026-07-04 06:19:12.366 | INFO     | __main__:forecast_commodity:294 -   weekly       -> N     863,273/MT  +15.2%  (2026-07-13)
2026-07-04 06:19:12.366 | INFO     | __main__:forecast_commodity:294 -   2_weeks      -> N     862,056/MT  +15.1%  (2026-07-20)
2026-07-04 06:19:12.366 | INFO     | __main__:forecast_commodity:294 -   monthly      -> N     855,210/MT  +14.2%  (2026-08-03)
2026-07-04 06:19:12.368 | INFO     | __main__:forecast_commodity:294 -   3_months     -> N     838,467/MT  +11.9%  (2026-10-05)
2026-07-04 06:19:12.368 | INFO     | __main__:forecast_commodity:294 -   6_months     -> N     819,902/MT  +9.4%  (2027-01-04)
2026-07-04 06:19:12.371 | INFO     | __main__:run_forecasting:359 -   Soybeans
2026-07-04 06:19:12.371 | INFO     | __main__:run_forecasting:353 - 
[6/17] Forecasting Cashew Nuts...
2026-07-04 06:19:12.586 | DEBUG    | __main__:forecast_holt_winters:131 -     Holt-Winters forecast failed: positive() got an unexpected keyword argument 'lower'
2026-07-04 06:19:12.586 | DEBUG    | __main__:forecast_tree:163 -     Tree forecast failed: Feature shape mismatch, expected: 18, got 16
2026-07-04 06:19:12.586 | INFO     | __main__:forecast_commodity:294 -   daily        -> N   2,135,946/MT  +7.3%  (2026-07-06)
2026-07-04 06:19:12.589 | INFO     | __main__:forecast_commodity:294 -   weekly       -> N   2,135,946/MT  +7.3%  (2026-07-13)
2026-07-04 06:19:12.589 | INFO     | __main__:forecast_commodity:294 -   2_weeks      -> N   2,162,328/MT  +8.6%  (2026-07-20)
2026-07-04 06:19:12.589 | INFO     | __main__:forecast_commodity:294 -   monthly      -> N   2,144,514/MT  +7.7%  (2026-08-03)
2026-07-04 06:19:12.591 | INFO     | __main__:forecast_commodity:294 -   3_months     -> N   2,205,902/MT  +10.8%  (2026-10-05)
2026-07-04 06:19:12.592 | INFO     | __main__:forecast_commodity:294 -   6_months     -> N   2,085,013/MT  +4.7%  (2027-01-04)
2026-07-04 06:19:12.594 | INFO     | __main__:run_forecasting:359 -   Cashew Nuts
2026-07-04 06:19:12.594 | INFO     | __main__:run_forecasting:353 - 
[7/17] Forecasting Sorghum...
2026-07-04 06:19:12.758 | DEBUG    | __main__:forecast_holt_winters:131 -     Holt-Winters forecast failed: positive() got an unexpected keyword argument 'lower'
2026-07-04 06:19:12.768 | DEBUG    | __main__:forecast_tree:163 -     Tree forecast failed: Feature shape mismatch, expected: 18, got 16
2026-07-04 06:19:12.769 | INFO     | __main__:forecast_commodity:294 -   daily        -> N     463,506/MT  +10.0%  (2026-07-06)
2026-07-04 06:19:12.769 | INFO     | __main__:forecast_commodity:294 -   weekly       -> N     463,506/MT  +10.0%  (2026-07-13)
2026-07-04 06:19:12.771 | INFO     | __main__:forecast_commodity:294 -   2_weeks      -> N     481,904/MT  +14.4%  (2026-07-20)
2026-07-04 06:19:12.771 | INFO     | __main__:forecast_commodity:294 -   monthly      -> N     493,507/MT  +17.1%  (2026-08-03)
2026-07-04 06:19:12.771 | INFO     | __main__:forecast_commodity:294 -   3_months     -> N     489,796/MT  +16.3%  (2026-10-05)
2026-07-04 06:19:12.773 | INFO     | __main__:forecast_commodity:294 -   6_months     -> N     441,378/MT  +4.8%  (2027-01-04)
2026-07-04 06:19:12.777 | INFO     | __main__:run_forecasting:359 -   Sorghum
2026-07-04 06:19:12.777 | INFO     | __main__:run_forecasting:353 - 
[8/17] Forecasting Beans (white)...
2026-07-04 06:19:12.936 | DEBUG    | __main__:forecast_holt_winters:131 -     Holt-Winters forecast failed: positive() got an unexpected keyword argument 'lower'
2026-07-04 06:19:12.938 | DEBUG    | __main__:forecast_tree:163 -     Tree forecast failed: Feature shape mismatch, expected: 18, got 16
2026-07-04 06:19:12.938 | INFO     | __main__:forecast_commodity:294 -   daily        -> N     990,123/MT  +21.4%  (2026-07-06)
2026-07-04 06:19:12.940 | INFO     | __main__:forecast_commodity:294 -   weekly       -> N     990,123/MT  +21.4%  (2026-07-13)
2026-07-04 06:19:12.940 | INFO     | __main__:forecast_commodity:294 -   2_weeks      -> N   1,011,396/MT  +24.0%  (2026-07-20)
2026-07-04 06:19:12.942 | INFO     | __main__:forecast_commodity:294 -   monthly      -> N   1,009,194/MT  +23.7%  (2026-08-03)
2026-07-04 06:19:12.942 | INFO     | __main__:forecast_commodity:294 -   3_months     -> N   1,047,618/MT  +28.4%  (2026-10-05)
2026-07-04 06:19:12.944 | INFO     | __main__:forecast_commodity:294 -   6_months     -> N   1,068,773/MT  +31.0%  (2027-01-04)
2026-07-04 06:19:12.948 | INFO     | __main__:run_forecasting:359 -   Beans (white)
2026-07-04 06:19:12.948 | INFO     | __main__:run_forecasting:353 - 
[9/17] Forecasting Beans (red)...
2026-07-04 06:19:13.087 | DEBUG    | __main__:forecast_holt_winters:131 -     Holt-Winters forecast failed: positive() got an unexpected keyword argument 'lower'
2026-07-04 06:19:13.090 | DEBUG    | __main__:forecast_tree:163 -     Tree forecast failed: Feature shape mismatch, expected: 18, got 16
2026-07-04 06:19:13.092 | INFO     | __main__:forecast_commodity:294 -   daily        -> N     889,110/MT  -1.5%  (2026-07-06)
2026-07-04 06:19:13.092 | INFO     | __main__:forecast_commodity:294 -   weekly       -> N     889,110/MT  -1.5%  (2026-07-13)
2026-07-04 06:19:13.092 | INFO     | __main__:forecast_commodity:294 -   2_weeks      -> N     920,485/MT  +2.0%  (2026-07-20)
2026-07-04 06:19:13.092 | INFO     | __main__:forecast_commodity:294 -   monthly      -> N     938,122/MT  +3.9%  (2026-08-03)
2026-07-04 06:19:13.094 | INFO     | __main__:forecast_commodity:294 -   3_months     -> N     898,490/MT  -0.5%  (2026-10-05)
2026-07-04 06:19:13.095 | INFO     | __main__:forecast_commodity:294 -   6_months     -> N     769,272/MT  -14.8%  (2027-01-04)
2026-07-04 06:19:13.097 | INFO     | __main__:run_forecasting:359 -   Beans (red)
2026-07-04 06:19:13.097 | INFO     | __main__:run_forecasting:353 - 
[10/17] Forecasting Maize (white)...
2026-07-04 06:19:13.259 | DEBUG    | __main__:forecast_holt_winters:131 -     Holt-Winters forecast failed: positive() got an unexpected keyword argument 'lower'
2026-07-04 06:19:13.259 | DEBUG    | __main__:forecast_tree:163 -     Tree forecast failed: Feature shape mismatch, expected: 18, got 16
2026-07-04 06:19:13.259 | INFO     | __main__:forecast_commodity:294 -   daily        -> N     377,516/MT  +1.7%  (2026-07-06)
2026-07-04 06:19:13.265 | INFO     | __main__:forecast_commodity:294 -   weekly       -> N     377,516/MT  +1.7%  (2026-07-13)
2026-07-04 06:19:13.265 | INFO     | __main__:forecast_commodity:294 -   2_weeks      -> N     375,905/MT  +1.3%  (2026-07-20)
2026-07-04 06:19:13.265 | INFO     | __main__:forecast_commodity:294 -   monthly      -> N     371,445/MT  +0.1%  (2026-08-03)
2026-07-04 06:19:13.267 | INFO     | __main__:forecast_commodity:294 -   3_months     -> N     367,926/MT  -0.9%  (2026-10-05)
2026-07-04 06:19:13.267 | INFO     | __main__:forecast_commodity:294 -   6_months     -> N     368,584/MT  -0.7%  (2027-01-04)
2026-07-04 06:19:13.271 | INFO     | __main__:run_forecasting:359 -   Maize (white)
2026-07-04 06:19:13.271 | INFO     | __main__:run_forecasting:353 - 
[11/17] Forecasting Maize (yellow)...
2026-07-04 06:19:13.412 | DEBUG    | __main__:forecast_holt_winters:131 -     Holt-Winters forecast failed: positive() got an unexpected keyword argument 'lower'
2026-07-04 06:19:13.415 | DEBUG    | __main__:forecast_tree:163 -     Tree forecast failed: Feature shape mismatch, expected: 18, got 16
2026-07-04 06:19:13.415 | INFO     | __main__:forecast_commodity:294 -   daily        -> N     406,290/MT  +1.0%  (2026-07-06)
2026-07-04 06:19:13.415 | INFO     | __main__:forecast_commodity:294 -   weekly       -> N     406,290/MT  +1.0%  (2026-07-13)
2026-07-04 06:19:13.417 | INFO     | __main__:forecast_commodity:294 -   2_weeks      -> N     420,978/MT  +4.7%  (2026-07-20)
2026-07-04 06:19:13.417 | INFO     | __main__:forecast_commodity:294 -   monthly      -> N     409,593/MT  +1.9%  (2026-08-03)
2026-07-04 06:19:13.417 | INFO     | __main__:forecast_commodity:294 -   3_months     -> N     419,231/MT  +4.2%  (2026-10-05)
2026-07-04 06:19:13.419 | INFO     | __main__:forecast_commodity:294 -   6_months     -> N     415,767/MT  +3.4%  (2027-01-04)
2026-07-04 06:19:13.420 | INFO     | __main__:run_forecasting:359 -   Maize (yellow)
2026-07-04 06:19:13.420 | INFO     | __main__:run_forecasting:353 - 
[12/17] Forecasting Wheat...
2026-07-04 06:19:13.570 | DEBUG    | __main__:forecast_holt_winters:131 -     Holt-Winters forecast failed: positive() got an unexpected keyword argument 'lower'
2026-07-04 06:19:13.572 | DEBUG    | __main__:forecast_tree:163 -     Tree forecast failed: Feature shape mismatch, expected: 18, got 16
2026-07-04 06:19:13.574 | INFO     | __main__:forecast_commodity:294 -   daily        -> N     745,678/MT  +5.3%  (2026-07-06)
2026-07-04 06:19:13.574 | INFO     | __main__:forecast_commodity:294 -   weekly       -> N     745,678/MT  +5.3%  (2026-07-13)
2026-07-04 06:19:13.574 | INFO     | __main__:forecast_commodity:294 -   2_weeks      -> N     747,982/MT  +5.6%  (2026-07-20)
2026-07-04 06:19:13.574 | INFO     | __main__:forecast_commodity:294 -   monthly      -> N     756,018/MT  +6.7%  (2026-08-03)
2026-07-04 06:19:13.576 | INFO     | __main__:forecast_commodity:294 -   3_months     -> N     748,181/MT  +5.6%  (2026-10-05)
2026-07-04 06:19:13.578 | INFO     | __main__:forecast_commodity:294 -   6_months     -> N     767,880/MT  +8.4%  (2027-01-04)
2026-07-04 06:19:13.580 | INFO     | __main__:run_forecasting:359 -   Wheat
2026-07-04 06:19:13.580 | INFO     | __main__:run_forecasting:353 - 
[13/17] Forecasting Rice...
2026-07-04 06:19:13.728 | DEBUG    | __main__:forecast_holt_winters:131 -     Holt-Winters forecast failed: positive() got an unexpected keyword argument 'lower'
2026-07-04 06:19:13.728 | DEBUG    | __main__:forecast_tree:163 -     Tree forecast failed: Feature shape mismatch, expected: 18, got 16
2026-07-04 06:19:13.736 | INFO     | __main__:forecast_commodity:294 -   daily        -> N   1,688,659/MT  +8.5%  (2026-07-06)
2026-07-04 06:19:13.736 | INFO     | __main__:forecast_commodity:294 -   weekly       -> N   1,688,659/MT  +8.5%  (2026-07-13)
2026-07-04 06:19:13.736 | INFO     | __main__:forecast_commodity:294 -   2_weeks      -> N   1,697,155/MT  +9.1%  (2026-07-20)
2026-07-04 06:19:13.736 | INFO     | __main__:forecast_commodity:294 -   monthly      -> N   1,693,870/MT  +8.8%  (2026-08-03)
2026-07-04 06:19:13.736 | INFO     | __main__:forecast_commodity:294 -   3_months     -> N   1,699,564/MT  +9.2%  (2026-10-05)
2026-07-04 06:19:13.739 | INFO     | __main__:forecast_commodity:294 -   6_months     -> N   1,723,748/MT  +10.8%  (2027-01-04)
2026-07-04 06:19:13.744 | INFO     | __main__:run_forecasting:359 -   Rice
2026-07-04 06:19:13.744 | INFO     | __main__:run_forecasting:353 - 
[14/17] Forecasting Eggs...
2026-07-04 06:19:13.899 | DEBUG    | __main__:forecast_holt_winters:131 -     Holt-Winters forecast failed: positive() got an unexpected keyword argument 'lower'
2026-07-04 06:19:13.899 | DEBUG    | __main__:forecast_tree:163 -     Tree forecast failed: Feature shape mismatch, expected: 18, got 16
2026-07-04 06:19:13.899 | INFO     | __main__:forecast_commodity:294 -   daily        -> N       7,213/MT  +0.8%  (2026-07-06)
2026-07-04 06:19:13.902 | INFO     | __main__:forecast_commodity:294 -   weekly       -> N       7,213/MT  +0.8%  (2026-07-13)
2026-07-04 06:19:13.902 | INFO     | __main__:forecast_commodity:294 -   2_weeks      -> N       7,067/MT  -1.3%  (2026-07-20)
2026-07-04 06:19:13.902 | INFO     | __main__:forecast_commodity:294 -   monthly      -> N       7,143/MT  -0.2%  (2026-08-03)
2026-07-04 06:19:13.902 | INFO     | __main__:forecast_commodity:294 -   3_months     -> N       7,340/MT  +2.5%  (2026-10-05)
2026-07-04 06:19:13.905 | INFO     | __main__:forecast_commodity:294 -   6_months     -> N       7,715/MT  +7.8%  (2027-01-04)
2026-07-04 06:19:13.907 | INFO     | __main__:run_forecasting:359 -   Eggs
2026-07-04 06:19:13.907 | INFO     | __main__:run_forecasting:353 - 
[15/17] Forecasting Fish (dried)...
2026-07-04 06:19:14.051 | DEBUG    | __main__:forecast_holt_winters:131 -     Holt-Winters forecast failed: positive() got an unexpected keyword argument 'lower'
2026-07-04 06:19:14.053 | DEBUG    | __main__:forecast_tree:163 -     Tree forecast failed: Feature shape mismatch, expected: 18, got 16
2026-07-04 06:19:14.055 | INFO     | __main__:forecast_commodity:294 -   daily        -> N   2,212,593/MT  -20.4%  (2026-07-06)
2026-07-04 06:19:14.055 | INFO     | __main__:forecast_commodity:294 -   weekly       -> N   2,212,593/MT  -20.4%  (2026-07-13)
2026-07-04 06:19:14.055 | INFO     | __main__:forecast_commodity:294 -   2_weeks      -> N   2,167,197/MT  -22.0%  (2026-07-20)
2026-07-04 06:19:14.057 | INFO     | __main__:forecast_commodity:294 -   monthly      -> N   2,258,099/MT  -18.7%  (2026-08-03)
2026-07-04 06:19:14.057 | INFO     | __main__:forecast_commodity:294 -   3_months     -> N   2,413,876/MT  -13.1%  (2026-10-05)
2026-07-04 06:19:14.059 | INFO     | __main__:forecast_commodity:294 -   6_months     -> N   2,387,950/MT  -14.1%  (2027-01-04)
2026-07-04 06:19:14.062 | INFO     | __main__:run_forecasting:359 -   Fish (dried)
2026-07-04 06:19:14.062 | INFO     | __main__:run_forecasting:353 - 
[16/17] Forecasting Meat (goat)...
2026-07-04 06:19:14.211 | DEBUG    | __main__:forecast_holt_winters:131 -     Holt-Winters forecast failed: positive() got an unexpected keyword argument 'lower'
2026-07-04 06:19:14.211 | DEBUG    | __main__:forecast_tree:163 -     Tree forecast failed: Feature shape mismatch, expected: 18, got 16
2026-07-04 06:19:14.211 | INFO     | __main__:forecast_commodity:294 -   daily        -> N   5,638,656/MT  +23.9%  (2026-07-06)
2026-07-04 06:19:14.211 | INFO     | __main__:forecast_commodity:294 -   weekly       -> N   5,638,656/MT  +23.9%  (2026-07-13)
2026-07-04 06:19:14.217 | INFO     | __main__:forecast_commodity:294 -   2_weeks      -> N   5,640,772/MT  +23.9%  (2026-07-20)
2026-07-04 06:19:14.217 | INFO     | __main__:forecast_commodity:294 -   monthly      -> N   5,723,061/MT  +25.7%  (2026-08-03)
2026-07-04 06:19:14.219 | INFO     | __main__:forecast_commodity:294 -   3_months     -> N   6,007,717/MT  +32.0%  (2026-10-05)
2026-07-04 06:19:14.219 | INFO     | __main__:forecast_commodity:294 -   6_months     -> N   6,197,565/MT  +36.2%  (2027-01-04)
2026-07-04 06:19:14.221 | INFO     | __main__:run_forecasting:359 -   Meat (goat)
2026-07-04 06:19:14.221 | INFO     | __main__:run_forecasting:353 - 
[17/17] Forecasting Meat (beef)...
2026-07-04 06:19:14.367 | DEBUG    | __main__:forecast_holt_winters:131 -     Holt-Winters forecast failed: positive() got an unexpected keyword argument 'lower'
2026-07-04 06:19:14.369 | DEBUG    | __main__:forecast_tree:163 -     Tree forecast failed: Feature shape mismatch, expected: 18, got 16
2026-07-04 06:19:14.371 | INFO     | __main__:forecast_commodity:294 -   daily        -> N   5,348,530/MT  +24.9%  (2026-07-06)
2026-07-04 06:19:14.371 | INFO     | __main__:forecast_commodity:294 -   weekly       -> N   5,348,530/MT  +24.9%  (2026-07-13)
2026-07-04 06:19:14.371 | INFO     | __main__:forecast_commodity:294 -   2_weeks      -> N   5,605,686/MT  +30.9%  (2026-07-20)
2026-07-04 06:19:14.371 | INFO     | __main__:forecast_commodity:294 -   monthly      -> N   5,575,392/MT  +30.2%  (2026-08-03)
2026-07-04 06:19:14.373 | INFO     | __main__:forecast_commodity:294 -   3_months     -> N   5,748,017/MT  +34.2%  (2026-10-05)
2026-07-04 06:19:14.373 | INFO     | __main__:forecast_commodity:294 -   6_months     -> N   5,825,861/MT  +36.0%  (2027-01-04)
2026-07-04 06:19:14.375 | INFO     | __main__:run_forecasting:359 -   Meat (beef)
2026-07-04 06:19:14.435 | INFO     | __main__:run_forecasting:375 - 
  Forecast JSON saved -> C:\Users\USER\Downloads\agrolinking-intel-structure\agrolinking-intel\outputs\forecasts\forecast_2026-07-04.json
2026-07-04 06:19:14.438 | INFO     | __main__:run_forecasting:401 -   Daily alert saved -> C:\Users\USER\Downloads\agrolinking-intel-structure\agrolinking-intel\outputs\daily_alerts\alert_2026-07-04.txt
2026-07-04 06:19:14.438 | INFO     | __main__:run_forecasting:402 - 
=================================================================
2026-07-04 06:19:14.438 | INFO     | __main__:run_forecasting:403 -   DAILY PRICE ALERT
2026-07-04 06:19:14.438 | INFO     | __main__:run_forecasting:404 - =================================================================
2026-07-04 06:19:14.438 | INFO     | __main__:run_forecasting:406 -   AGROLINKING COMMODITY INTELLIGENCE ALERT
2026-07-04 06:19:14.440 | INFO     | __main__:run_forecasting:406 -   Saturday, 04 July 2026
2026-07-04 06:19:14.440 | INFO     | __main__:run_forecasting:406 -   ─────────────────────────────────────────────
2026-07-04 06:19:14.440 | INFO     | __main__:run_forecasting:406 -   Hibiscus               N   2,177,458/MT  -5.2%
2026-07-04 06:19:14.440 | INFO     | __main__:run_forecasting:406 -   Sesame                 N   1,630,236/MT  -0.8%
2026-07-04 06:19:14.442 | INFO     | __main__:run_forecasting:406 -   Ginger                 N  13,069,602/MT  +7.6%
2026-07-04 06:19:14.442 | INFO     | __main__:run_forecasting:406 -   Cocoa                  N   9,014,608/MT  +57.8%
2026-07-04 06:19:14.442 | INFO     | __main__:run_forecasting:406 -   Soybeans               N     863,273/MT  +15.2%
2026-07-04 06:19:14.442 | INFO     | __main__:run_forecasting:406 -   Cashew Nuts            N   2,135,946/MT  +7.3%
2026-07-04 06:19:14.442 | INFO     | __main__:run_forecasting:406 -   Sorghum                N     463,506/MT  +10.0%
2026-07-04 06:19:14.444 | INFO     | __main__:run_forecasting:406 -   Beans (white)          N     990,123/MT  +21.4%
2026-07-04 06:19:14.444 | INFO     | __main__:run_forecasting:406 -   Beans (red)            N     889,110/MT  -1.5%
2026-07-04 06:19:14.444 | INFO     | __main__:run_forecasting:406 -   Maize (white)          N     377,516/MT  +1.7%
2026-07-04 06:19:14.444 | INFO     | __main__:run_forecasting:406 -   Maize (yellow)         N     406,290/MT  +1.0%
2026-07-04 06:19:14.444 | INFO     | __main__:run_forecasting:406 -   Wheat                  N     745,678/MT  +5.3%
2026-07-04 06:19:14.444 | INFO     | __main__:run_forecasting:406 -   Rice                   N   1,688,659/MT  +8.5%
2026-07-04 06:19:14.444 | INFO     | __main__:run_forecasting:406 -   Eggs                   N       7,213/MT  +0.8%
2026-07-04 06:19:14.446 | INFO     | __main__:run_forecasting:406 -   Fish (dried)           N   2,212,593/MT  -20.4%
2026-07-04 06:19:14.446 | INFO     | __main__:run_forecasting:406 -   Meat (goat)            N   5,638,656/MT  +23.9%
2026-07-04 06:19:14.446 | INFO     | __main__:run_forecasting:406 -   Meat (beef)            N   5,348,530/MT  +24.9%
2026-07-04 06:19:14.446 | INFO     | __main__:run_forecasting:406 -   ─────────────────────────────────────────────
2026-07-04 06:19:14.448 | INFO     | __main__:run_forecasting:406 -   Source: Agrolinking Intelligence Platform
2026-07-04 06:19:14.448 | INFO     | __main__:run_forecasting:406 -   Next update: 05 Jul 2026
2026-07-04 06:19:14.448 | INFO     | __main__:run_forecasting:409 - 
======================================================================
2026-07-04 06:19:14.448 | INFO     | __main__:run_forecasting:410 -   FORECAST SUMMARY
2026-07-04 06:19:14.448 | INFO     | __main__:run_forecasting:411 - ======================================================================
2026-07-04 06:19:14.448 | INFO     | __main__:run_forecasting:413 -   Commodity                      daily        weekly       monthly      3_months      6_months
2026-07-04 06:19:14.450 | INFO     | __main__:run_forecasting:414 -   ---------------------------------------------------------------------------
2026-07-04 06:19:14.450 | INFO     | __main__:run_forecasting:420 -   Hibiscus                N 2,177,458  N 2,177,458  N 2,128,475  N 2,054,070  N 1,942,670
2026-07-04 06:19:14.450 | INFO     | __main__:run_forecasting:420 -   Sesame                  N 1,630,236  N 1,630,236  N 1,532,786  N 1,485,195  N 1,480,402
2026-07-04 06:19:14.450 | INFO     | __main__:run_forecasting:420 -   Ginger                  N13,069,602  N13,069,602  N12,655,462  N11,641,355  N11,145,186
2026-07-04 06:19:14.450 | INFO     | __main__:run_forecasting:420 -   Cocoa                   N 9,014,608  N 9,014,608  N 9,608,137  N 8,819,807  N 9,039,190
2026-07-04 06:19:14.450 | INFO     | __main__:run_forecasting:420 -   Soybeans                N   863,273  N   863,273  N   855,210  N   838,467  N   819,902
2026-07-04 06:19:14.452 | INFO     | __main__:run_forecasting:420 -   Cashew Nuts             N 2,135,946  N 2,135,946  N 2,144,514  N 2,205,902  N 2,085,013
2026-07-04 06:19:14.452 | INFO     | __main__:run_forecasting:420 -   Sorghum                 N   463,506  N   463,506  N   493,507  N   489,796  N   441,378
2026-07-04 06:19:14.454 | INFO     | __main__:run_forecasting:420 -   Beans (white)           N   990,123  N   990,123  N 1,009,194  N 1,047,618  N 1,068,773
2026-07-04 06:19:14.454 | INFO     | __main__:run_forecasting:420 -   Beans (red)             N   889,110  N   889,110  N   938,122  N   898,490  N   769,272
2026-07-04 06:19:14.454 | INFO     | __main__:run_forecasting:420 -   Maize (white)           N   377,516  N   377,516  N   371,445  N   367,926  N   368,584
2026-07-04 06:19:14.454 | INFO     | __main__:run_forecasting:420 -   Maize (yellow)          N   406,290  N   406,290  N   409,593  N   419,231  N   415,767
2026-07-04 06:19:14.454 | INFO     | __main__:run_forecasting:420 -   Wheat                   N   745,678  N   745,678  N   756,018  N   748,181  N   767,880
2026-07-04 06:19:14.456 | INFO     | __main__:run_forecasting:420 -   Rice                    N 1,688,659  N 1,688,659  N 1,693,870  N 1,699,564  N 1,723,748
2026-07-04 06:19:14.456 | INFO     | __main__:run_forecasting:420 -   Eggs                    N     7,213  N     7,213  N     7,143  N     7,340  N     7,715
2026-07-04 06:19:14.456 | INFO     | __main__:run_forecasting:420 -   Fish (dried)            N 2,212,593  N 2,212,593  N 2,258,099  N 2,413,876  N 2,387,950
2026-07-04 06:19:14.456 | INFO     | __main__:run_forecasting:420 -   Meat (goat)             N 5,638,656  N 5,638,656  N 5,723,061  N 6,007,717  N 6,197,565
2026-07-04 06:19:14.458 | INFO     | __main__:run_forecasting:420 -   Meat (beef)             N 5,348,530  N 5,348,530  N 5,575,392  N 5,748,017  N 5,825,861
2026-07-04 06:19:14.461 | INFO     | __main__:run_forecasting:421 - ======================================================================
2026-07-04 06:19:14.461 | SUCCESS  | __main__:run_forecasting:425 - FORECASTING COMPLETE — 17/17 commodities
