2026-06-11 06:17:18.414 | INFO     | __main__:run_forecasting:302 - =================================================================
2026-06-11 06:17:18.521 | INFO     | __main__:run_forecasting:303 - STEP 5 — FORECASTING ENGINE
2026-06-11 06:17:18.523 | INFO     | __main__:run_forecasting:304 -   Run date   : Thursday, 11 June 2026
2026-06-11 06:17:18.524 | INFO     | __main__:run_forecasting:305 -   Commodities: 13
2026-06-11 06:17:18.525 | INFO     | __main__:run_forecasting:306 -   Horizons   : ['daily', 'weekly', '2_weeks', 'monthly', '3_months', '6_months']
2026-06-11 06:17:18.525 | INFO     | __main__:run_forecasting:307 -   Ensemble   : ARIMA + Prophet + Holt-Winters + XGBoost + LightGBM
2026-06-11 06:17:18.533 | INFO     | __main__:run_forecasting:308 - =================================================================
2026-06-11 06:17:19.553 | INFO     | __main__:run_forecasting:325 - 
[1/13] Forecasting Hibiscus...
2026-06-11 06:17:19.886 | WARNING  | __main__:load_models_and_meta:87 -   Could not load arima for Hibiscus: No module named 'pmdarima'
2026-06-11 06:18:07.399 | WARNING  | __main__:load_models_and_meta:87 -   Could not load prophet for Hibiscus: (dtype('<M8[us]'), array(['2010-01-04T00:00:00.000000', '2010-01-11T00:00:00.000000',
       '2010-01-18T00:00:00.000000', '2010-01-25T00:00:00.000000',
       '2010-02-01T00:00:00.000000', '2010-02-08T00:00:00.000000',
       '2010-02-15T00:00:00.000000', '2010-02-22T00:00:00.000000',
       '2010-03-01T00:00:00.000000', '2010-03-08T00:00:00.000000',
       '2010-03-15T00:00:00.000000', '2010-03-22T00:00:00.000000',
       '2010-03-29T00:00:00.000000', '2010-04-05T00:00:00.000000',
       '2010-04-12T00:00:00.000000', '2010-04-19T00:00:00.000000',
       '2010-04-26T00:00:00.000000', '2010-05-03T00:00:00.000000',
       '2010-05-10T00:00:00.000000', '2010-05-17T00:00:00.000000',
       '2010-05-24T00:00:00.000000', '2010-05-31T00:00:00.000000',
       '2010-06-07T00:00:00.000000', '2010-06-14T00:00:00.000000',
       '2010-06-21T00:00:00.000000', '2010-06-28T00:00:00.000000',
       '2010-07-05T00:00:00.000000', '2010-07-12T00:00:00.000000',
       '2010-07-19T00:00:00.000000', '2010-07-26T00:00:00.000000',
       '2010-08-02T00:00:00.000000', '2010-08-09T00:00:00.000000',
       '2010-08-16T00:00:00.000000', '2010-08-23T00:00:00.000000',
       '2010-08-30T00:00:00.000000', '2010-09-06T00:00:00.000000',
       '2010-09-13T00:00:00.000000', '2010-09-20T00:00:00.000000',
       '2010-09-27T00:00:00.000000', '2010-10-04T00:00:00.000000',
       '2010-10-11T00:00:00.000000', '2010-10-18T00:00:00.000000',
       '2010-10-25T00:00:00.000000', '2010-11-01T00:00:00.000000',
       '2010-11-08T00:00:00.000000', '2010-11-15T00:00:00.000000',
       '2010-11-22T00:00:00.000000', '2010-11-29T00:00:00.000000',
       '2010-12-06T00:00:00.000000', '2010-12-13T00:00:00.000000',
       '2010-12-20T00:00:00.000000', '2010-12-27T00:00:00.000000',
       '2011-01-03T00:00:00.000000', '2011-01-10T00:00:00.000000',
       '2011-01-17T00:00:00.000000', '2011-01-24T00:00:00.000000',
       '2011-01-31T00:00:00.000000', '2011-02-07T00:00:00.000000',
       '2011-02-14T00:00:00.000000', '2011-02-21T00:00:00.000000',
       '2011-02-28T00:00:00.000000', '2011-03-07T00:00:00.000000',
       '2011-03-14T00:00:00.000000', '2011-03-21T00:00:00.000000',
       '2011-03-28T00:00:00.000000', '2011-04-04T00:00:00.000000',
       '2011-04-11T00:00:00.000000', '2011-04-18T00:00:00.000000',
       '2011-04-25T00:00:00.000000', '2011-05-02T00:00:00.000000',
       '2011-05-09T00:00:00.000000', '2011-05-16T00:00:00.000000',
       '2011-05-23T00:00:00.000000', '2011-05-30T00:00:00.000000',
       '2011-06-06T00:00:00.000000', '2011-06-13T00:00:00.000000',
       '2011-06-20T00:00:00.000000', '2011-06-27T00:00:00.000000',
       '2011-07-04T00:00:00.000000', '2011-07-11T00:00:00.000000',
       '2011-07-18T00:00:00.000000', '2011-07-25T00:00:00.000000',
       '2011-08-01T00:00:00.000000', '2011-08-08T00:00:00.000000',
       '2011-08-15T00:00:00.000000', '2011-08-22T00:00:00.000000',
       '2011-08-29T00:00:00.000000', '2011-09-05T00:00:00.000000',
       '2011-09-12T00:00:00.000000', '2011-09-19T00:00:00.000000',
       '2011-09-26T00:00:00.000000', '2011-10-03T00:00:00.000000',
       '2011-10-10T00:00:00.000000', '2011-10-17T00:00:00.000000',
       '2011-10-24T00:00:00.000000', '2011-10-31T00:00:00.000000',
       '2011-11-07T00:00:00.000000', '2011-11-14T00:00:00.000000',
       '2011-11-21T00:00:00.000000', '2011-11-28T00:00:00.000000',
       '2011-12-05T00:00:00.000000', '2011-12-12T00:00:00.000000',
       '2011-12-19T00:00:00.000000', '2011-12-26T00:00:00.000000',
       '2012-01-02T00:00:00.000000', '2012-01-09T00:00:00.000000',
       '2012-01-16T00:00:00.000000', '2012-01-23T00:00:00.000000',
       '2012-01-30T00:00:00.000000', '2012-02-06T00:00:00.000000',
       '2012-02-13T00:00:00.000000', '2012-02-20T00:00:00.000000',
       '2012-02-27T00:00:00.000000', '2012-03-05T00:00:00.000000',
       '2012-03-12T00:00:00.000000', '2012-03-19T00:00:00.000000',
       '2012-03-26T00:00:00.000000', '2012-04-02T00:00:00.000000',
       '2012-04-09T00:00:00.000000', '2012-04-16T00:00:00.000000',
       '2012-04-23T00:00:00.000000', '2012-04-30T00:00:00.000000',
       '2012-05-07T00:00:00.000000', '2012-05-14T00:00:00.000000',
       '2012-05-21T00:00:00.000000', '2012-05-28T00:00:00.000000',
       '2012-06-04T00:00:00.000000', '2012-06-11T00:00:00.000000',
       '2012-06-18T00:00:00.000000', '2012-06-25T00:00:00.000000',
       '2012-07-02T00:00:00.000000', '2012-07-09T00:00:00.000000',
       '2012-07-16T00:00:00.000000', '2012-07-23T00:00:00.000000',
       '2012-07-30T00:00:00.000000', '2012-08-06T00:00:00.000000',
       '2012-08-13T00:00:00.000000', '2012-08-20T00:00:00.000000',
       '2012-08-27T00:00:00.000000', '2012-09-03T00:00:00.000000',
       '2012-09-10T00:00:00.000000', '2012-09-17T00:00:00.000000',
       '2012-09-24T00:00:00.000000', '2012-10-01T00:00:00.000000',
       '2012-10-08T00:00:00.000000', '2012-10-15T00:00:00.000000',
       '2012-10-22T00:00:00.000000', '2012-10-29T00:00:00.000000',
       '2012-11-05T00:00:00.000000', '2012-11-12T00:00:00.000000',
       '2012-11-19T00:00:00.000000', '2012-11-26T00:00:00.000000',
       '2012-12-03T00:00:00.000000', '2012-12-10T00:00:00.000000',
       '2012-12-17T00:00:00.000000', '2012-12-24T00:00:00.000000',
       '2012-12-31T00:00:00.000000', '2013-01-07T00:00:00.000000',
       '2013-01-14T00:00:00.000000', '2013-01-21T00:00:00.000000',
       '2013-01-28T00:00:00.000000', '2013-02-04T00:00:00.000000',
       '2013-02-11T00:00:00.000000', '2013-02-18T00:00:00.000000',
       '2013-02-25T00:00:00.000000', '2013-03-04T00:00:00.000000',
       '2013-03-11T00:00:00.000000', '2013-03-18T00:00:00.000000',
       '2013-03-25T00:00:00.000000', '2013-04-01T00:00:00.000000',
       '2013-04-08T00:00:00.000000', '2013-04-15T00:00:00.000000',
       '2013-04-22T00:00:00.000000', '2013-04-29T00:00:00.000000',
       '2013-05-06T00:00:00.000000', '2013-05-13T00:00:00.000000',
       '2013-05-20T00:00:00.000000', '2013-05-27T00:00:00.000000',
       '2013-06-03T00:00:00.000000', '2013-06-10T00:00:00.000000',
       '2013-06-17T00:00:00.000000', '2013-06-24T00:00:00.000000',
       '2013-07-01T00:00:00.000000', '2013-07-08T00:00:00.000000',
       '2013-07-15T00:00:00.000000', '2013-07-22T00:00:00.000000',
       '2013-07-29T00:00:00.000000', '2013-08-05T00:00:00.000000',
       '2013-08-12T00:00:00.000000', '2013-08-19T00:00:00.000000',
       '2013-08-26T00:00:00.000000', '2013-09-02T00:00:00.000000',
       '2013-09-09T00:00:00.000000', '2013-09-16T00:00:00.000000',
       '2013-09-23T00:00:00.000000', '2013-09-30T00:00:00.000000',
       '2013-10-07T00:00:00.000000', '2013-10-14T00:00:00.000000',
       '2013-10-21T00:00:00.000000', '2013-10-28T00:00:00.000000',
       '2013-11-04T00:00:00.000000', '2013-11-11T00:00:00.000000',
       '2013-11-18T00:00:00.000000', '2013-11-25T00:00:00.000000',
       '2013-12-02T00:00:00.000000', '2013-12-09T00:00:00.000000',
       '2013-12-16T00:00:00.000000', '2013-12-23T00:00:00.000000',
       '2013-12-30T00:00:00.000000', '2014-01-06T00:00:00.000000',
       '2014-01-13T00:00:00.000000', '2014-01-20T00:00:00.000000',
       '2014-01-27T00:00:00.000000', '2014-02-03T00:00:00.000000',
       '2014-02-10T00:00:00.000000', '2014-02-17T00:00:00.000000',
       '2014-02-24T00:00:00.000000', '2014-03-03T00:00:00.000000',
       '2014-03-10T00:00:00.000000', '2014-03-17T00:00:00.000000',
       '2014-03-24T00:00:00.000000', '2014-03-31T00:00:00.000000',
       '2014-04-07T00:00:00.000000', '2014-04-14T00:00:00.000000',
       '2014-04-21T00:00:00.000000', '2014-04-28T00:00:00.000000',
       '2014-05-05T00:00:00.000000', '2014-05-12T00:00:00.000000',
       '2014-05-19T00:00:00.000000', '2014-05-26T00:00:00.000000',
       '2014-06-02T00:00:00.000000', '2014-06-09T00:00:00.000000',
       '2014-06-16T00:00:00.000000', '2014-06-23T00:00:00.000000',
       '2014-06-30T00:00:00.000000', '2014-07-07T00:00:00.000000',
       '2014-07-14T00:00:00.000000', '2014-07-21T00:00:00.000000',
       '2014-07-28T00:00:00.000000', '2014-08-04T00:00:00.000000',
       '2014-08-11T00:00:00.000000', '2014-08-18T00:00:00.000000',
       '2014-08-25T00:00:00.000000', '2014-09-01T00:00:00.000000',
       '2014-09-08T00:00:00.000000', '2014-09-15T00:00:00.000000',
       '2014-09-22T00:00:00.000000', '2014-09-29T00:00:00.000000',
       '2014-10-06T00:00:00.000000', '2014-10-13T00:00:00.000000',
       '2014-10-20T00:00:00.000000', '2014-10-27T00:00:00.000000',
       '2014-11-03T00:00:00.000000', '2014-11-10T00:00:00.000000',
       '2014-11-17T00:00:00.000000', '2014-11-24T00:00:00.000000',
       '2014-12-01T00:00:00.000000', '2014-12-08T00:00:00.000000',
       '2014-12-15T00:00:00.000000', '2014-12-22T00:00:00.000000',
       '2014-12-29T00:00:00.000000', '2015-01-05T00:00:00.000000',
       '2015-01-12T00:00:00.000000', '2015-01-19T00:00:00.000000',
       '2015-01-26T00:00:00.000000', '2015-02-02T00:00:00.000000',
       '2015-02-09T00:00:00.000000', '2015-02-16T00:00:00.000000',
       '2015-02-23T00:00:00.000000', '2015-03-02T00:00:00.000000',
       '2015-03-09T00:00:00.000000', '2015-03-16T00:00:00.000000',
       '2015-03-23T00:00:00.000000', '2015-03-30T00:00:00.000000',
       '2015-04-06T00:00:00.000000', '2015-04-13T00:00:00.000000',
       '2015-04-20T00:00:00.000000', '2015-04-27T00:00:00.000000',
       '2015-05-04T00:00:00.000000', '2015-05-11T00:00:00.000000',
       '2015-05-18T00:00:00.000000', '2015-05-25T00:00:00.000000',
       '2015-06-01T00:00:00.000000', '2015-06-08T00:00:00.000000',
       '2015-06-15T00:00:00.000000', '2015-06-22T00:00:00.000000',
       '2015-06-29T00:00:00.000000', '2015-07-06T00:00:00.000000',
       '2015-07-13T00:00:00.000000', '2015-07-20T00:00:00.000000',
       '2015-07-27T00:00:00.000000', '2015-08-03T00:00:00.000000',
       '2015-08-10T00:00:00.000000', '2015-08-17T00:00:00.000000',
       '2015-08-24T00:00:00.000000', '2015-08-31T00:00:00.000000',
       '2015-09-07T00:00:00.000000', '2015-09-14T00:00:00.000000',
       '2015-09-21T00:00:00.000000', '2015-09-28T00:00:00.000000',
       '2015-10-05T00:00:00.000000', '2015-10-12T00:00:00.000000',
       '2015-10-19T00:00:00.000000', '2015-10-26T00:00:00.000000',
       '2015-11-02T00:00:00.000000', '2015-11-09T00:00:00.000000',
       '2015-11-16T00:00:00.000000', '2015-11-23T00:00:00.000000',
       '2015-11-30T00:00:00.000000', '2015-12-07T00:00:00.000000',
       '2015-12-14T00:00:00.000000', '2015-12-21T00:00:00.000000',
       '2015-12-28T00:00:00.000000', '2016-01-04T00:00:00.000000',
       '2016-01-11T00:00:00.000000', '2016-01-18T00:00:00.000000',
       '2016-01-25T00:00:00.000000', '2016-02-01T00:00:00.000000',
       '2016-02-08T00:00:00.000000', '2016-02-15T00:00:00.000000',
       '2016-02-22T00:00:00.000000', '2016-02-29T00:00:00.000000',
       '2016-03-07T00:00:00.000000', '2016-03-14T00:00:00.000000',
       '2016-03-21T00:00:00.000000', '2016-03-28T00:00:00.000000',
       '2016-04-04T00:00:00.000000', '2016-04-11T00:00:00.000000',
       '2016-04-18T00:00:00.000000', '2016-04-25T00:00:00.000000',
       '2016-05-02T00:00:00.000000', '2016-05-09T00:00:00.000000',
       '2016-05-16T00:00:00.000000', '2016-05-23T00:00:00.000000',
       '2016-05-30T00:00:00.000000', '2016-06-06T00:00:00.000000',
       '2016-06-13T00:00:00.000000', '2016-06-20T00:00:00.000000',
       '2016-06-27T00:00:00.000000', '2016-07-04T00:00:00.000000',
       '2016-07-11T00:00:00.000000', '2016-07-18T00:00:00.000000',
       '2016-07-25T00:00:00.000000', '2016-08-01T00:00:00.000000',
       '2016-08-08T00:00:00.000000', '2016-08-15T00:00:00.000000',
       '2016-08-22T00:00:00.000000', '2016-08-29T00:00:00.000000',
       '2016-09-05T00:00:00.000000', '2016-09-12T00:00:00.000000',
       '2016-09-19T00:00:00.000000', '2016-09-26T00:00:00.000000',
       '2016-10-03T00:00:00.000000', '2016-10-10T00:00:00.000000',
       '2016-10-17T00:00:00.000000', '2016-10-24T00:00:00.000000',
       '2016-10-31T00:00:00.000000', '2016-11-07T00:00:00.000000',
       '2016-11-14T00:00:00.000000', '2016-11-21T00:00:00.000000',
       '2016-11-28T00:00:00.000000', '2016-12-05T00:00:00.000000',
       '2016-12-12T00:00:00.000000', '2016-12-19T00:00:00.000000',
       '2016-12-26T00:00:00.000000', '2017-01-02T00:00:00.000000',
       '2017-01-09T00:00:00.000000', '2017-01-16T00:00:00.000000',
       '2017-01-23T00:00:00.000000', '2017-01-30T00:00:00.000000',
       '2017-02-06T00:00:00.000000', '2017-02-13T00:00:00.000000',
       '2017-02-20T00:00:00.000000', '2017-02-27T00:00:00.000000',
       '2017-03-06T00:00:00.000000', '2017-03-13T00:00:00.000000',
       '2017-03-20T00:00:00.000000', '2017-03-27T00:00:00.000000',
       '2017-04-03T00:00:00.000000', '2017-04-10T00:00:00.000000',
       '2017-04-17T00:00:00.000000', '2017-04-24T00:00:00.000000',
       '2017-05-01T00:00:00.000000', '2017-05-08T00:00:00.000000',
       '2017-05-15T00:00:00.000000', '2017-05-22T00:00:00.000000',
       '2017-05-29T00:00:00.000000', '2017-06-05T00:00:00.000000',
       '2017-06-12T00:00:00.000000', '2017-06-19T00:00:00.000000',
       '2017-06-26T00:00:00.000000', '2017-07-03T00:00:00.000000',
       '2017-07-10T00:00:00.000000', '2017-07-17T00:00:00.000000',
       '2017-07-24T00:00:00.000000', '2017-07-31T00:00:00.000000',
       '2017-08-07T00:00:00.000000', '2017-08-14T00:00:00.000000',
       '2017-08-21T00:00:00.000000', '2017-08-28T00:00:00.000000',
       '2017-09-04T00:00:00.000000', '2017-09-11T00:00:00.000000',
       '2017-09-18T00:00:00.000000', '2017-09-25T00:00:00.000000',
       '2017-10-02T00:00:00.000000', '2017-10-09T00:00:00.000000',
       '2017-10-16T00:00:00.000000', '2017-10-23T00:00:00.000000',
       '2017-10-30T00:00:00.000000', '2017-11-06T00:00:00.000000',
       '2017-11-13T00:00:00.000000', '2017-11-20T00:00:00.000000',
       '2017-11-27T00:00:00.000000', '2017-12-04T00:00:00.000000',
       '2017-12-11T00:00:00.000000', '2017-12-18T00:00:00.000000',
       '2017-12-25T00:00:00.000000', '2018-01-01T00:00:00.000000',
       '2018-01-08T00:00:00.000000', '2018-01-15T00:00:00.000000',
       '2018-01-22T00:00:00.000000', '2018-01-29T00:00:00.000000',
       '2018-02-05T00:00:00.000000', '2018-02-12T00:00:00.000000',
       '2018-02-19T00:00:00.000000', '2018-02-26T00:00:00.000000',
       '2018-03-05T00:00:00.000000', '2018-03-12T00:00:00.000000',
       '2018-03-19T00:00:00.000000', '2018-03-26T00:00:00.000000',
       '2018-04-02T00:00:00.000000', '2018-04-09T00:00:00.000000',
       '2018-04-16T00:00:00.000000', '2018-04-23T00:00:00.000000',
       '2018-04-30T00:00:00.000000', '2018-05-07T00:00:00.000000',
       '2018-05-14T00:00:00.000000', '2018-05-21T00:00:00.000000',
       '2018-05-28T00:00:00.000000', '2018-06-04T00:00:00.000000',
       '2018-06-11T00:00:00.000000', '2018-06-18T00:00:00.000000',
       '2018-06-25T00:00:00.000000', '2018-07-02T00:00:00.000000',
       '2018-07-09T00:00:00.000000', '2018-07-16T00:00:00.000000',
       '2018-07-23T00:00:00.000000', '2018-07-30T00:00:00.000000',
       '2018-08-06T00:00:00.000000', '2018-08-13T00:00:00.000000',
       '2018-08-20T00:00:00.000000', '2018-08-27T00:00:00.000000',
       '2018-09-03T00:00:00.000000', '2018-09-10T00:00:00.000000',
       '2018-09-17T00:00:00.000000', '2018-09-24T00:00:00.000000',
       '2018-10-01T00:00:00.000000', '2018-10-08T00:00:00.000000',
       '2018-10-15T00:00:00.000000', '2018-10-22T00:00:00.000000',
       '2018-10-29T00:00:00.000000', '2018-11-05T00:00:00.000000',
       '2018-11-12T00:00:00.000000', '2018-11-19T00:00:00.000000',
       '2018-11-26T00:00:00.000000', '2018-12-03T00:00:00.000000',
       '2018-12-10T00:00:00.000000', '2018-12-17T00:00:00.000000',
       '2018-12-24T00:00:00.000000', '2018-12-31T00:00:00.000000',
       '2019-01-07T00:00:00.000000', '2019-01-14T00:00:00.000000',
       '2019-01-21T00:00:00.000000', '2019-01-28T00:00:00.000000',
       '2019-02-04T00:00:00.000000', '2019-02-11T00:00:00.000000',
       '2019-02-18T00:00:00.000000', '2019-02-25T00:00:00.000000',
       '2019-03-04T00:00:00.000000', '2019-03-11T00:00:00.000000',
       '2019-03-18T00:00:00.000000', '2019-03-25T00:00:00.000000',
       '2019-04-01T00:00:00.000000', '2019-04-08T00:00:00.000000',
       '2019-04-15T00:00:00.000000', '2019-04-22T00:00:00.000000',
       '2019-04-29T00:00:00.000000', '2019-05-06T00:00:00.000000',
       '2019-05-13T00:00:00.000000', '2019-05-20T00:00:00.000000',
       '2019-05-27T00:00:00.000000', '2019-06-03T00:00:00.000000',
       '2019-06-10T00:00:00.000000', '2019-06-17T00:00:00.000000',
       '2019-06-24T00:00:00.000000', '2019-07-01T00:00:00.000000',
       '2019-07-08T00:00:00.000000', '2019-07-15T00:00:00.000000',
       '2019-07-22T00:00:00.000000', '2019-07-29T00:00:00.000000',
       '2019-08-05T00:00:00.000000', '2019-08-12T00:00:00.000000',
       '2019-08-19T00:00:00.000000', '2019-08-26T00:00:00.000000',
       '2019-09-02T00:00:00.000000', '2019-09-09T00:00:00.000000',
       '2019-09-16T00:00:00.000000', '2019-09-23T00:00:00.000000',
       '2019-09-30T00:00:00.000000', '2019-10-07T00:00:00.000000',
       '2019-10-14T00:00:00.000000', '2019-10-21T00:00:00.000000',
       '2019-10-28T00:00:00.000000', '2019-11-04T00:00:00.000000',
       '2019-11-11T00:00:00.000000', '2019-11-18T00:00:00.000000',
       '2019-11-25T00:00:00.000000', '2019-12-02T00:00:00.000000',
       '2019-12-09T00:00:00.000000', '2019-12-16T00:00:00.000000',
       '2019-12-23T00:00:00.000000', '2019-12-30T00:00:00.000000',
       '2020-01-06T00:00:00.000000', '2020-01-13T00:00:00.000000',
       '2020-01-20T00:00:00.000000', '2020-01-27T00:00:00.000000',
       '2020-02-03T00:00:00.000000', '2020-02-10T00:00:00.000000',
       '2020-02-17T00:00:00.000000', '2020-02-24T00:00:00.000000',
       '2020-03-02T00:00:00.000000', '2020-03-09T00:00:00.000000',
       '2020-03-16T00:00:00.000000', '2020-03-23T00:00:00.000000',
       '2020-03-30T00:00:00.000000', '2020-04-06T00:00:00.000000',
       '2020-04-13T00:00:00.000000', '2020-04-20T00:00:00.000000',
       '2020-04-27T00:00:00.000000', '2020-05-04T00:00:00.000000',
       '2020-05-11T00:00:00.000000', '2020-05-18T00:00:00.000000',
       '2020-05-25T00:00:00.000000', '2020-06-01T00:00:00.000000',
       '2020-06-08T00:00:00.000000', '2020-06-15T00:00:00.000000',
       '2020-06-22T00:00:00.000000', '2020-06-29T00:00:00.000000',
       '2020-07-06T00:00:00.000000', '2020-07-13T00:00:00.000000',
       '2020-07-20T00:00:00.000000', '2020-07-27T00:00:00.000000',
       '2020-08-03T00:00:00.000000', '2020-08-10T00:00:00.000000',
       '2020-08-17T00:00:00.000000', '2020-08-24T00:00:00.000000',
       '2020-08-31T00:00:00.000000', '2020-09-07T00:00:00.000000',
       '2020-09-14T00:00:00.000000', '2020-09-21T00:00:00.000000',
       '2020-09-28T00:00:00.000000', '2020-10-05T00:00:00.000000',
       '2020-10-12T00:00:00.000000', '2020-10-19T00:00:00.000000',
       '2020-10-26T00:00:00.000000', '2020-11-02T00:00:00.000000',
       '2020-11-09T00:00:00.000000', '2020-11-16T00:00:00.000000',
       '2020-11-23T00:00:00.000000', '2020-11-30T00:00:00.000000',
       '2020-12-07T00:00:00.000000', '2020-12-14T00:00:00.000000',
       '2020-12-21T00:00:00.000000', '2020-12-28T00:00:00.000000',
       '2021-01-04T00:00:00.000000', '2021-01-11T00:00:00.000000',
       '2021-01-18T00:00:00.000000', '2021-01-25T00:00:00.000000',
       '2021-02-01T00:00:00.000000', '2021-02-08T00:00:00.000000',
       '2021-02-15T00:00:00.000000', '2021-02-22T00:00:00.000000',
       '2021-03-01T00:00:00.000000', '2021-03-08T00:00:00.000000',
       '2021-03-15T00:00:00.000000', '2021-03-22T00:00:00.000000',
       '2021-03-29T00:00:00.000000', '2021-04-05T00:00:00.000000',
       '2021-04-12T00:00:00.000000', '2021-04-19T00:00:00.000000',
       '2021-04-26T00:00:00.000000', '2021-05-03T00:00:00.000000',
       '2021-05-10T00:00:00.000000', '2021-05-17T00:00:00.000000',
       '2021-05-24T00:00:00.000000', '2021-05-31T00:00:00.000000',
       '2021-06-07T00:00:00.000000', '2021-06-14T00:00:00.000000',
       '2021-06-21T00:00:00.000000', '2021-06-28T00:00:00.000000',
       '2021-07-05T00:00:00.000000', '2021-07-12T00:00:00.000000',
       '2021-07-19T00:00:00.000000', '2021-07-26T00:00:00.000000',
       '2021-08-02T00:00:00.000000', '2021-08-09T00:00:00.000000',
       '2021-08-16T00:00:00.000000', '2021-08-23T00:00:00.000000',
       '2021-08-30T00:00:00.000000', '2021-09-06T00:00:00.000000',
       '2021-09-13T00:00:00.000000', '2021-09-20T00:00:00.000000',
       '2021-09-27T00:00:00.000000', '2021-10-04T00:00:00.000000',
       '2021-10-11T00:00:00.000000', '2021-10-18T00:00:00.000000',
       '2021-10-25T00:00:00.000000', '2021-11-01T00:00:00.000000',
       '2021-11-08T00:00:00.000000', '2021-11-15T00:00:00.000000',
       '2021-11-22T00:00:00.000000', '2021-11-29T00:00:00.000000',
       '2021-12-06T00:00:00.000000', '2021-12-13T00:00:00.000000',
       '2021-12-20T00:00:00.000000', '2021-12-27T00:00:00.000000',
       '2022-01-03T00:00:00.000000', '2022-01-10T00:00:00.000000',
       '2022-01-17T00:00:00.000000', '2022-01-24T00:00:00.000000',
       '2022-01-31T00:00:00.000000', '2022-02-07T00:00:00.000000',
       '2022-02-14T00:00:00.000000', '2022-02-21T00:00:00.000000',
       '2022-02-28T00:00:00.000000', '2022-03-07T00:00:00.000000',
       '2022-03-14T00:00:00.000000', '2022-03-21T00:00:00.000000',
       '2022-03-28T00:00:00.000000', '2022-04-04T00:00:00.000000',
       '2022-04-11T00:00:00.000000', '2022-04-18T00:00:00.000000',
       '2022-04-25T00:00:00.000000', '2022-05-02T00:00:00.000000',
       '2022-05-09T00:00:00.000000', '2022-05-16T00:00:00.000000',
       '2022-05-23T00:00:00.000000', '2022-05-30T00:00:00.000000',
       '2022-06-06T00:00:00.000000', '2022-06-13T00:00:00.000000',
       '2022-06-20T00:00:00.000000', '2022-06-27T00:00:00.000000',
       '2022-07-04T00:00:00.000000', '2022-07-11T00:00:00.000000',
       '2022-07-18T00:00:00.000000', '2022-07-25T00:00:00.000000',
       '2022-08-01T00:00:00.000000', '2022-08-08T00:00:00.000000',
       '2022-08-15T00:00:00.000000', '2022-08-22T00:00:00.000000',
       '2022-08-29T00:00:00.000000', '2022-09-05T00:00:00.000000',
       '2022-09-12T00:00:00.000000', '2022-09-19T00:00:00.000000',
       '2022-09-26T00:00:00.000000', '2022-10-03T00:00:00.000000',
       '2022-10-10T00:00:00.000000', '2022-10-17T00:00:00.000000',
       '2022-10-24T00:00:00.000000', '2022-10-31T00:00:00.000000',
       '2022-11-07T00:00:00.000000', '2022-11-14T00:00:00.000000',
       '2022-11-21T00:00:00.000000', '2022-11-28T00:00:00.000000',
       '2022-12-05T00:00:00.000000', '2022-12-12T00:00:00.000000',
       '2022-12-19T00:00:00.000000', '2022-12-26T00:00:00.000000',
       '2023-01-02T00:00:00.000000', '2023-01-09T00:00:00.000000',
       '2023-01-16T00:00:00.000000', '2023-01-23T00:00:00.000000',
       '2023-01-30T00:00:00.000000', '2023-02-06T00:00:00.000000',
       '2023-02-13T00:00:00.000000', '2023-02-20T00:00:00.000000',
       '2023-02-27T00:00:00.000000', '2023-03-06T00:00:00.000000',
       '2023-03-13T00:00:00.000000', '2023-03-20T00:00:00.000000',
       '2023-03-27T00:00:00.000000', '2023-04-03T00:00:00.000000',
       '2023-04-10T00:00:00.000000', '2023-04-17T00:00:00.000000',
       '2023-04-24T00:00:00.000000', '2023-05-01T00:00:00.000000',
       '2023-05-08T00:00:00.000000', '2023-05-15T00:00:00.000000',
       '2023-05-22T00:00:00.000000', '2023-05-29T00:00:00.000000',
       '2023-06-05T00:00:00.000000', '2023-06-12T00:00:00.000000',
       '2023-06-19T00:00:00.000000', '2023-06-26T00:00:00.000000',
       '2023-07-03T00:00:00.000000', '2023-07-10T00:00:00.000000',
       '2023-07-17T00:00:00.000000', '2023-07-24T00:00:00.000000',
       '2023-07-31T00:00:00.000000', '2023-08-07T00:00:00.000000',
       '2023-08-14T00:00:00.000000', '2023-08-21T00:00:00.000000',
       '2023-08-28T00:00:00.000000', '2023-09-04T00:00:00.000000',
       '2023-09-11T00:00:00.000000', '2023-09-18T00:00:00.000000',
       '2023-09-25T00:00:00.000000', '2023-10-02T00:00:00.000000',
       '2023-10-09T00:00:00.000000', '2023-10-16T00:00:00.000000',
       '2023-10-23T00:00:00.000000', '2023-10-30T00:00:00.000000',
       '2023-11-06T00:00:00.000000', '2023-11-13T00:00:00.000000',
       '2023-11-20T00:00:00.000000', '2023-11-27T00:00:00.000000',
       '2023-12-04T00:00:00.000000', '2023-12-11T00:00:00.000000',
       '2023-12-18T00:00:00.000000', '2023-12-25T00:00:00.000000',
       '2024-01-01T00:00:00.000000', '2024-01-08T00:00:00.000000',
       '2024-01-15T00:00:00.000000', '2024-01-22T00:00:00.000000',
       '2024-01-29T00:00:00.000000', '2024-02-05T00:00:00.000000',
       '2024-02-12T00:00:00.000000', '2024-02-19T00:00:00.000000',
       '2024-02-26T00:00:00.000000', '2024-03-04T00:00:00.000000',
       '2024-03-11T00:00:00.000000', '2024-03-18T00:00:00.000000',
       '2024-03-25T00:00:00.000000', '2024-04-01T00:00:00.000000',
       '2024-04-08T00:00:00.000000', '2024-04-15T00:00:00.000000',
       '2024-04-22T00:00:00.000000', '2024-04-29T00:00:00.000000',
       '2024-05-06T00:00:00.000000', '2024-05-13T00:00:00.000000',
       '2024-05-20T00:00:00.000000', '2024-05-27T00:00:00.000000',
       '2024-06-03T00:00:00.000000', '2024-06-10T00:00:00.000000',
       '2024-06-17T00:00:00.000000', '2024-06-24T00:00:00.000000',
       '2024-07-01T00:00:00.000000', '2024-07-08T00:00:00.000000',
       '2024-07-15T00:00:00.000000', '2024-07-22T00:00:00.000000',
       '2024-07-29T00:00:00.000000', '2024-08-05T00:00:00.000000',
       '2024-08-12T00:00:00.000000', '2024-08-19T00:00:00.000000',
       '2024-08-26T00:00:00.000000', '2024-09-02T00:00:00.000000',
       '2024-09-09T00:00:00.000000', '2024-09-16T00:00:00.000000',
       '2024-09-23T00:00:00.000000', '2024-09-30T00:00:00.000000',
       '2024-10-07T00:00:00.000000', '2024-10-14T00:00:00.000000',
       '2024-10-21T00:00:00.000000', '2024-10-28T00:00:00.000000',
       '2024-11-04T00:00:00.000000', '2024-11-11T00:00:00.000000',
       '2024-11-18T00:00:00.000000', '2024-11-25T00:00:00.000000',
       '2024-12-02T00:00:00.000000', '2024-12-09T00:00:00.000000',
       '2024-12-16T00:00:00.000000', '2024-12-23T00:00:00.000000',
       '2024-12-30T00:00:00.000000', '2025-01-06T00:00:00.000000',
       '2025-01-13T00:00:00.000000', '2025-01-20T00:00:00.000000',
       '2025-01-27T00:00:00.000000', '2025-02-03T00:00:00.000000',
       '2025-02-10T00:00:00.000000', '2025-02-17T00:00:00.000000',
       '2025-02-24T00:00:00.000000', '2025-03-03T00:00:00.000000',
       '2025-03-10T00:00:00.000000', '2025-03-17T00:00:00.000000',
       '2025-03-24T00:00:00.000000', '2025-03-31T00:00:00.000000',
       '2025-04-07T00:00:00.000000', '2025-04-14T00:00:00.000000',
       '2025-04-21T00:00:00.000000', '2025-04-28T00:00:00.000000',
       '2025-05-05T00:00:00.000000', '2025-05-12T00:00:00.000000',
       '2025-05-19T00:00:00.000000', '2025-05-26T00:00:00.000000',
       '2025-06-02T00:00:00.000000', '2025-06-09T00:00:00.000000',
       '2025-06-16T00:00:00.000000', '2025-06-23T00:00:00.000000',
       '2025-06-30T00:00:00.000000', '2025-07-07T00:00:00.000000',
       '2025-07-14T00:00:00.000000', '2025-07-21T00:00:00.000000',
       '2025-07-28T00:00:00.000000', '2025-08-04T00:00:00.000000',
       '2025-08-11T00:00:00.000000', '2025-08-18T00:00:00.000000',
       '2025-08-25T00:00:00.000000', '2025-09-01T00:00:00.000000',
       '2025-09-08T00:00:00.000000', '2025-09-15T00:00:00.000000',
       '2025-09-22T00:00:00.000000', '2025-09-29T00:00:00.000000',
       '2025-10-06T00:00:00.000000', '2025-10-13T00:00:00.000000',
       '2025-10-20T00:00:00.000000', '2025-10-27T00:00:00.000000',
       '2025-11-03T00:00:00.000000', '2025-11-10T00:00:00.000000',
       '2025-11-17T00:00:00.000000', '2025-11-24T00:00:00.000000',
       '2025-12-01T00:00:00.000000', '2025-12-08T00:00:00.000000',
       '2025-12-15T00:00:00.000000', '2025-12-22T00:00:00.000000',
       '2025-12-29T00:00:00.000000', '2026-01-05T00:00:00.000000',
       '2026-01-12T00:00:00.000000', '2026-01-19T00:00:00.000000',
       '2026-01-26T00:00:00.000000', '2026-02-02T00:00:00.000000',
       '2026-02-09T00:00:00.000000', '2026-02-16T00:00:00.000000',
       '2026-02-23T00:00:00.000000', '2026-03-02T00:00:00.000000',
       '2026-03-09T00:00:00.000000', '2026-03-16T00:00:00.000000',
       '2026-03-23T00:00:00.000000', '2026-03-30T00:00:00.000000',
       '2026-04-06T00:00:00.000000', '2026-04-13T00:00:00.000000',
       '2026-05-25T00:00:00.000000', '2026-06-01T00:00:00.000000',
       '2026-06-02T00:00:00.000000', '2026-06-03T00:00:00.000000',
       '2026-06-04T00:00:00.000000', '2026-06-05T00:00:00.000000',
       '2026-06-06T00:00:00.000000', '2026-06-08T00:00:00.000000',
       '2026-06-09T00:00:00.000000'], dtype='datetime64[us]'))
2026-06-11 06:22:18.479 | DEBUG    | __main__:forecast_holt_winters:131 -     Holt-Winters forecast failed: positive() got an unexpected keyword argument 'lower'
2026-06-11 06:22:18.575 | DEBUG    | __main__:forecast_tree:163 -     Tree forecast failed: Feature shape mismatch, expected: 18, got 16
2026-06-11 06:22:18.576 | INFO     | __main__:forecast_commodity:266 -   daily        -> N   2,290,942/MT  +0.0%  (2026-06-15)
2026-06-11 06:22:18.600 | INFO     | __main__:forecast_commodity:266 -   weekly       -> N   2,290,942/MT  +0.0%  (2026-06-22)
2026-06-11 06:22:18.601 | INFO     | __main__:forecast_commodity:266 -   2_weeks      -> N   2,290,942/MT  +0.0%  (2026-06-29)
2026-06-11 06:22:18.603 | INFO     | __main__:forecast_commodity:266 -   monthly      -> N   2,290,942/MT  +0.0%  (2026-07-13)
2026-06-11 06:22:18.605 | INFO     | __main__:forecast_commodity:266 -   3_months     -> N   2,290,942/MT  +0.0%  (2026-09-14)
2026-06-11 06:22:18.607 | INFO     | __main__:forecast_commodity:266 -   6_months     -> N   2,290,942/MT  +0.0%  (2026-12-14)
2026-06-11 06:22:18.638 | INFO     | __main__:run_forecasting:331 -   Hibiscus
2026-06-11 06:22:18.655 | INFO     | __main__:run_forecasting:325 - 
[2/13] Forecasting Sesame...
2026-06-11 06:22:19.454 | WARNING  | __main__:load_models_and_meta:87 -   Could not load arima for Sesame: No module named 'pmdarima'
2026-06-11 06:22:20.360 | WARNING  | __main__:load_models_and_meta:87 -   Could not load prophet for Sesame: (dtype('<M8[us]'), array(['2010-01-04T00:00:00.000000', '2010-01-11T00:00:00.000000',
       '2010-01-18T00:00:00.000000', '2010-01-25T00:00:00.000000',
       '2010-02-01T00:00:00.000000', '2010-02-08T00:00:00.000000',
       '2010-02-15T00:00:00.000000', '2010-02-22T00:00:00.000000',
       '2010-03-01T00:00:00.000000', '2010-03-08T00:00:00.000000',
       '2010-03-15T00:00:00.000000', '2010-03-22T00:00:00.000000',
       '2010-03-29T00:00:00.000000', '2010-04-05T00:00:00.000000',
       '2010-04-12T00:00:00.000000', '2010-04-19T00:00:00.000000',
       '2010-04-26T00:00:00.000000', '2010-05-03T00:00:00.000000',
       '2010-05-10T00:00:00.000000', '2010-05-17T00:00:00.000000',
       '2010-05-24T00:00:00.000000', '2010-05-31T00:00:00.000000',
       '2010-06-07T00:00:00.000000', '2010-06-14T00:00:00.000000',
       '2010-06-21T00:00:00.000000', '2010-06-28T00:00:00.000000',
       '2010-07-05T00:00:00.000000', '2010-07-12T00:00:00.000000',
       '2010-07-19T00:00:00.000000', '2010-07-26T00:00:00.000000',
       '2010-08-02T00:00:00.000000', '2010-08-09T00:00:00.000000',
       '2010-08-16T00:00:00.000000', '2010-08-23T00:00:00.000000',
       '2010-08-30T00:00:00.000000', '2010-09-06T00:00:00.000000',
       '2010-09-13T00:00:00.000000', '2010-09-20T00:00:00.000000',
       '2010-09-27T00:00:00.000000', '2010-10-04T00:00:00.000000',
       '2010-10-11T00:00:00.000000', '2010-10-18T00:00:00.000000',
       '2010-10-25T00:00:00.000000', '2010-11-01T00:00:00.000000',
       '2010-11-08T00:00:00.000000', '2010-11-15T00:00:00.000000',
       '2010-11-22T00:00:00.000000', '2010-11-29T00:00:00.000000',
       '2010-12-06T00:00:00.000000', '2010-12-13T00:00:00.000000',
       '2010-12-20T00:00:00.000000', '2010-12-27T00:00:00.000000',
       '2011-01-03T00:00:00.000000', '2011-01-10T00:00:00.000000',
       '2011-01-17T00:00:00.000000', '2011-01-24T00:00:00.000000',
       '2011-01-31T00:00:00.000000', '2011-02-07T00:00:00.000000',
       '2011-02-14T00:00:00.000000', '2011-02-21T00:00:00.000000',
       '2011-02-28T00:00:00.000000', '2011-03-07T00:00:00.000000',
       '2011-03-14T00:00:00.000000', '2011-03-21T00:00:00.000000',
       '2011-03-28T00:00:00.000000', '2011-04-04T00:00:00.000000',
       '2011-04-11T00:00:00.000000', '2011-04-18T00:00:00.000000',
       '2011-04-25T00:00:00.000000', '2011-05-02T00:00:00.000000',
       '2011-05-09T00:00:00.000000', '2011-05-16T00:00:00.000000',
       '2011-05-23T00:00:00.000000', '2011-05-30T00:00:00.000000',
       '2011-06-06T00:00:00.000000', '2011-06-13T00:00:00.000000',
       '2011-06-20T00:00:00.000000', '2011-06-27T00:00:00.000000',
       '2011-07-04T00:00:00.000000', '2011-07-11T00:00:00.000000',
       '2011-07-18T00:00:00.000000', '2011-07-25T00:00:00.000000',
       '2011-08-01T00:00:00.000000', '2011-08-08T00:00:00.000000',
       '2011-08-15T00:00:00.000000', '2011-08-22T00:00:00.000000',
       '2011-08-29T00:00:00.000000', '2011-09-05T00:00:00.000000',
       '2011-09-12T00:00:00.000000', '2011-09-19T00:00:00.000000',
       '2011-09-26T00:00:00.000000', '2011-10-03T00:00:00.000000',
       '2011-10-10T00:00:00.000000', '2011-10-17T00:00:00.000000',
       '2011-10-24T00:00:00.000000', '2011-10-31T00:00:00.000000',
       '2011-11-07T00:00:00.000000', '2011-11-14T00:00:00.000000',
       '2011-11-21T00:00:00.000000', '2011-11-28T00:00:00.000000',
       '2011-12-05T00:00:00.000000', '2011-12-12T00:00:00.000000',
       '2011-12-19T00:00:00.000000', '2011-12-26T00:00:00.000000',
       '2012-01-02T00:00:00.000000', '2012-01-09T00:00:00.000000',
       '2012-01-16T00:00:00.000000', '2012-01-23T00:00:00.000000',
       '2012-01-30T00:00:00.000000', '2012-02-06T00:00:00.000000',
       '2012-02-13T00:00:00.000000', '2012-02-20T00:00:00.000000',
       '2012-02-27T00:00:00.000000', '2012-03-05T00:00:00.000000',
       '2012-03-12T00:00:00.000000', '2012-03-19T00:00:00.000000',
       '2012-03-26T00:00:00.000000', '2012-04-02T00:00:00.000000',
       '2012-04-09T00:00:00.000000', '2012-04-16T00:00:00.000000',
       '2012-04-23T00:00:00.000000', '2012-04-30T00:00:00.000000',
       '2012-05-07T00:00:00.000000', '2012-05-14T00:00:00.000000',
       '2012-05-21T00:00:00.000000', '2012-05-28T00:00:00.000000',
       '2012-06-04T00:00:00.000000', '2012-06-11T00:00:00.000000',
       '2012-06-18T00:00:00.000000', '2012-06-25T00:00:00.000000',
       '2012-07-02T00:00:00.000000', '2012-07-09T00:00:00.000000',
       '2012-07-16T00:00:00.000000', '2012-07-23T00:00:00.000000',
       '2012-07-30T00:00:00.000000', '2012-08-06T00:00:00.000000',
       '2012-08-13T00:00:00.000000', '2012-08-20T00:00:00.000000',
       '2012-08-27T00:00:00.000000', '2012-09-03T00:00:00.000000',
       '2012-09-10T00:00:00.000000', '2012-09-17T00:00:00.000000',
       '2012-09-24T00:00:00.000000', '2012-10-01T00:00:00.000000',
       '2012-10-08T00:00:00.000000', '2012-10-15T00:00:00.000000',
       '2012-10-22T00:00:00.000000', '2012-10-29T00:00:00.000000',
       '2012-11-05T00:00:00.000000', '2012-11-12T00:00:00.000000',
       '2012-11-19T00:00:00.000000', '2012-11-26T00:00:00.000000',
       '2012-12-03T00:00:00.000000', '2012-12-10T00:00:00.000000',
       '2012-12-17T00:00:00.000000', '2012-12-24T00:00:00.000000',
       '2012-12-31T00:00:00.000000', '2013-01-07T00:00:00.000000',
       '2013-01-14T00:00:00.000000', '2013-01-21T00:00:00.000000',
       '2013-01-28T00:00:00.000000', '2013-02-04T00:00:00.000000',
       '2013-02-11T00:00:00.000000', '2013-02-18T00:00:00.000000',
       '2013-02-25T00:00:00.000000', '2013-03-04T00:00:00.000000',
       '2013-03-11T00:00:00.000000', '2013-03-18T00:00:00.000000',
       '2013-03-25T00:00:00.000000', '2013-04-01T00:00:00.000000',
       '2013-04-08T00:00:00.000000', '2013-04-15T00:00:00.000000',
       '2013-04-22T00:00:00.000000', '2013-04-29T00:00:00.000000',
       '2013-05-06T00:00:00.000000', '2013-05-13T00:00:00.000000',
       '2013-05-20T00:00:00.000000', '2013-05-27T00:00:00.000000',
       '2013-06-03T00:00:00.000000', '2013-06-10T00:00:00.000000',
       '2013-06-17T00:00:00.000000', '2013-06-24T00:00:00.000000',
       '2013-07-01T00:00:00.000000', '2013-07-08T00:00:00.000000',
       '2013-07-15T00:00:00.000000', '2013-07-22T00:00:00.000000',
       '2013-07-29T00:00:00.000000', '2013-08-05T00:00:00.000000',
       '2013-08-12T00:00:00.000000', '2013-08-19T00:00:00.000000',
       '2013-08-26T00:00:00.000000', '2013-09-02T00:00:00.000000',
       '2013-09-09T00:00:00.000000', '2013-09-16T00:00:00.000000',
       '2013-09-23T00:00:00.000000', '2013-09-30T00:00:00.000000',
       '2013-10-07T00:00:00.000000', '2013-10-14T00:00:00.000000',
       '2013-10-21T00:00:00.000000', '2013-10-28T00:00:00.000000',
       '2013-11-04T00:00:00.000000', '2013-11-11T00:00:00.000000',
       '2013-11-18T00:00:00.000000', '2013-11-25T00:00:00.000000',
       '2013-12-02T00:00:00.000000', '2013-12-09T00:00:00.000000',
       '2013-12-16T00:00:00.000000', '2013-12-23T00:00:00.000000',
       '2013-12-30T00:00:00.000000', '2014-01-06T00:00:00.000000',
       '2014-01-13T00:00:00.000000', '2014-01-20T00:00:00.000000',
       '2014-01-27T00:00:00.000000', '2014-02-03T00:00:00.000000',
       '2014-02-10T00:00:00.000000', '2014-02-17T00:00:00.000000',
       '2014-02-24T00:00:00.000000', '2014-03-03T00:00:00.000000',
       '2014-03-10T00:00:00.000000', '2014-03-17T00:00:00.000000',
       '2014-03-24T00:00:00.000000', '2014-03-31T00:00:00.000000',
       '2014-04-07T00:00:00.000000', '2014-04-14T00:00:00.000000',
       '2014-04-21T00:00:00.000000', '2014-04-28T00:00:00.000000',
       '2014-05-05T00:00:00.000000', '2014-05-12T00:00:00.000000',
       '2014-05-19T00:00:00.000000', '2014-05-26T00:00:00.000000',
       '2014-06-02T00:00:00.000000', '2014-06-09T00:00:00.000000',
       '2014-06-16T00:00:00.000000', '2014-06-23T00:00:00.000000',
       '2014-06-30T00:00:00.000000', '2014-07-07T00:00:00.000000',
       '2014-07-14T00:00:00.000000', '2014-07-21T00:00:00.000000',
       '2014-07-28T00:00:00.000000', '2014-08-04T00:00:00.000000',
       '2014-08-11T00:00:00.000000', '2014-08-18T00:00:00.000000',
       '2014-08-25T00:00:00.000000', '2014-09-01T00:00:00.000000',
       '2014-09-08T00:00:00.000000', '2014-09-15T00:00:00.000000',
       '2014-09-22T00:00:00.000000', '2014-09-29T00:00:00.000000',
       '2014-10-06T00:00:00.000000', '2014-10-13T00:00:00.000000',
       '2014-10-20T00:00:00.000000', '2014-10-27T00:00:00.000000',
       '2014-11-03T00:00:00.000000', '2014-11-10T00:00:00.000000',
       '2014-11-17T00:00:00.000000', '2014-11-24T00:00:00.000000',
       '2014-12-01T00:00:00.000000', '2014-12-08T00:00:00.000000',
       '2014-12-15T00:00:00.000000', '2014-12-22T00:00:00.000000',
       '2014-12-29T00:00:00.000000', '2015-01-05T00:00:00.000000',
       '2015-01-12T00:00:00.000000', '2015-01-19T00:00:00.000000',
       '2015-01-26T00:00:00.000000', '2015-02-02T00:00:00.000000',
       '2015-02-09T00:00:00.000000', '2015-02-16T00:00:00.000000',
       '2015-02-23T00:00:00.000000', '2015-03-02T00:00:00.000000',
       '2015-03-09T00:00:00.000000', '2015-03-16T00:00:00.000000',
       '2015-03-23T00:00:00.000000', '2015-03-30T00:00:00.000000',
       '2015-04-06T00:00:00.000000', '2015-04-13T00:00:00.000000',
       '2015-04-20T00:00:00.000000', '2015-04-27T00:00:00.000000',
       '2015-05-04T00:00:00.000000', '2015-05-11T00:00:00.000000',
       '2015-05-18T00:00:00.000000', '2015-05-25T00:00:00.000000',
       '2015-06-01T00:00:00.000000', '2015-06-08T00:00:00.000000',
       '2015-06-15T00:00:00.000000', '2015-06-22T00:00:00.000000',
       '2015-06-29T00:00:00.000000', '2015-07-06T00:00:00.000000',
       '2015-07-13T00:00:00.000000', '2015-07-20T00:00:00.000000',
       '2015-07-27T00:00:00.000000', '2015-08-03T00:00:00.000000',
       '2015-08-10T00:00:00.000000', '2015-08-17T00:00:00.000000',
       '2015-08-24T00:00:00.000000', '2015-08-31T00:00:00.000000',
       '2015-09-07T00:00:00.000000', '2015-09-14T00:00:00.000000',
       '2015-09-21T00:00:00.000000', '2015-09-28T00:00:00.000000',
       '2015-10-05T00:00:00.000000', '2015-10-12T00:00:00.000000',
       '2015-10-19T00:00:00.000000', '2015-10-26T00:00:00.000000',
       '2015-11-02T00:00:00.000000', '2015-11-09T00:00:00.000000',
       '2015-11-16T00:00:00.000000', '2015-11-23T00:00:00.000000',
       '2015-11-30T00:00:00.000000', '2015-12-07T00:00:00.000000',
       '2015-12-14T00:00:00.000000', '2015-12-21T00:00:00.000000',
       '2015-12-28T00:00:00.000000', '2016-01-04T00:00:00.000000',
       '2016-01-11T00:00:00.000000', '2016-01-18T00:00:00.000000',
       '2016-01-25T00:00:00.000000', '2016-02-01T00:00:00.000000',
       '2016-02-08T00:00:00.000000', '2016-02-15T00:00:00.000000',
       '2016-02-22T00:00:00.000000', '2016-02-29T00:00:00.000000',
       '2016-03-07T00:00:00.000000', '2016-03-14T00:00:00.000000',
       '2016-03-21T00:00:00.000000', '2016-03-28T00:00:00.000000',
       '2016-04-04T00:00:00.000000', '2016-04-11T00:00:00.000000',
       '2016-04-18T00:00:00.000000', '2016-04-25T00:00:00.000000',
       '2016-05-02T00:00:00.000000', '2016-05-09T00:00:00.000000',
       '2016-05-16T00:00:00.000000', '2016-05-23T00:00:00.000000',
       '2016-05-30T00:00:00.000000', '2016-06-06T00:00:00.000000',
       '2016-06-13T00:00:00.000000', '2016-06-20T00:00:00.000000',
       '2016-06-27T00:00:00.000000', '2016-07-04T00:00:00.000000',
       '2016-07-11T00:00:00.000000', '2016-07-18T00:00:00.000000',
       '2016-07-25T00:00:00.000000', '2016-08-01T00:00:00.000000',
       '2016-08-08T00:00:00.000000', '2016-08-15T00:00:00.000000',
       '2016-08-22T00:00:00.000000', '2016-08-29T00:00:00.000000',
       '2016-09-05T00:00:00.000000', '2016-09-12T00:00:00.000000',
       '2016-09-19T00:00:00.000000', '2016-09-26T00:00:00.000000',
       '2016-10-03T00:00:00.000000', '2016-10-10T00:00:00.000000',
       '2016-10-17T00:00:00.000000', '2016-10-24T00:00:00.000000',
       '2016-10-31T00:00:00.000000', '2016-11-07T00:00:00.000000',
       '2016-11-14T00:00:00.000000', '2016-11-21T00:00:00.000000',
       '2016-11-28T00:00:00.000000', '2016-12-05T00:00:00.000000',
       '2016-12-12T00:00:00.000000', '2016-12-19T00:00:00.000000',
       '2016-12-26T00:00:00.000000', '2017-01-02T00:00:00.000000',
       '2017-01-09T00:00:00.000000', '2017-01-16T00:00:00.000000',
       '2017-01-23T00:00:00.000000', '2017-01-30T00:00:00.000000',
       '2017-02-06T00:00:00.000000', '2017-02-13T00:00:00.000000',
       '2017-02-20T00:00:00.000000', '2017-02-27T00:00:00.000000',
       '2017-03-06T00:00:00.000000', '2017-03-13T00:00:00.000000',
       '2017-03-20T00:00:00.000000', '2017-03-27T00:00:00.000000',
       '2017-04-03T00:00:00.000000', '2017-04-10T00:00:00.000000',
       '2017-04-17T00:00:00.000000', '2017-04-24T00:00:00.000000',
       '2017-05-01T00:00:00.000000', '2017-05-08T00:00:00.000000',
       '2017-05-15T00:00:00.000000', '2017-05-22T00:00:00.000000',
       '2017-05-29T00:00:00.000000', '2017-06-05T00:00:00.000000',
       '2017-06-12T00:00:00.000000', '2017-06-19T00:00:00.000000',
       '2017-06-26T00:00:00.000000', '2017-07-03T00:00:00.000000',
       '2017-07-10T00:00:00.000000', '2017-07-17T00:00:00.000000',
       '2017-07-24T00:00:00.000000', '2017-07-31T00:00:00.000000',
       '2017-08-07T00:00:00.000000', '2017-08-14T00:00:00.000000',
       '2017-08-21T00:00:00.000000', '2017-08-28T00:00:00.000000',
       '2017-09-04T00:00:00.000000', '2017-09-11T00:00:00.000000',
       '2017-09-18T00:00:00.000000', '2017-09-25T00:00:00.000000',
       '2017-10-02T00:00:00.000000', '2017-10-09T00:00:00.000000',
       '2017-10-16T00:00:00.000000', '2017-10-23T00:00:00.000000',
       '2017-10-30T00:00:00.000000', '2017-11-06T00:00:00.000000',
       '2017-11-13T00:00:00.000000', '2017-11-20T00:00:00.000000',
       '2017-11-27T00:00:00.000000', '2017-12-04T00:00:00.000000',
       '2017-12-11T00:00:00.000000', '2017-12-18T00:00:00.000000',
       '2017-12-25T00:00:00.000000', '2018-01-01T00:00:00.000000',
       '2018-01-08T00:00:00.000000', '2018-01-15T00:00:00.000000',
       '2018-01-22T00:00:00.000000', '2018-01-29T00:00:00.000000',
       '2018-02-05T00:00:00.000000', '2018-02-12T00:00:00.000000',
       '2018-02-19T00:00:00.000000', '2018-02-26T00:00:00.000000',
       '2018-03-05T00:00:00.000000', '2018-03-12T00:00:00.000000',
       '2018-03-19T00:00:00.000000', '2018-03-26T00:00:00.000000',
       '2018-04-02T00:00:00.000000', '2018-04-09T00:00:00.000000',
       '2018-04-16T00:00:00.000000', '2018-04-23T00:00:00.000000',
       '2018-04-30T00:00:00.000000', '2018-05-07T00:00:00.000000',
       '2018-05-14T00:00:00.000000', '2018-05-21T00:00:00.000000',
       '2018-05-28T00:00:00.000000', '2018-06-04T00:00:00.000000',
       '2018-06-11T00:00:00.000000', '2018-06-18T00:00:00.000000',
       '2018-06-25T00:00:00.000000', '2018-07-02T00:00:00.000000',
       '2018-07-09T00:00:00.000000', '2018-07-16T00:00:00.000000',
       '2018-07-23T00:00:00.000000', '2018-07-30T00:00:00.000000',
       '2018-08-06T00:00:00.000000', '2018-08-13T00:00:00.000000',
       '2018-08-20T00:00:00.000000', '2018-08-27T00:00:00.000000',
       '2018-09-03T00:00:00.000000', '2018-09-10T00:00:00.000000',
       '2018-09-17T00:00:00.000000', '2018-09-24T00:00:00.000000',
       '2018-10-01T00:00:00.000000', '2018-10-08T00:00:00.000000',
       '2018-10-15T00:00:00.000000', '2018-10-22T00:00:00.000000',
       '2018-10-29T00:00:00.000000', '2018-11-05T00:00:00.000000',
       '2018-11-12T00:00:00.000000', '2018-11-19T00:00:00.000000',
       '2018-11-26T00:00:00.000000', '2018-12-03T00:00:00.000000',
       '2018-12-10T00:00:00.000000', '2018-12-17T00:00:00.000000',
       '2018-12-24T00:00:00.000000', '2018-12-31T00:00:00.000000',
       '2019-01-07T00:00:00.000000', '2019-01-14T00:00:00.000000',
       '2019-01-21T00:00:00.000000', '2019-01-28T00:00:00.000000',
       '2019-02-04T00:00:00.000000', '2019-02-11T00:00:00.000000',
       '2019-02-18T00:00:00.000000', '2019-02-25T00:00:00.000000',
       '2019-03-04T00:00:00.000000', '2019-03-11T00:00:00.000000',
       '2019-03-18T00:00:00.000000', '2019-03-25T00:00:00.000000',
       '2019-04-01T00:00:00.000000', '2019-04-08T00:00:00.000000',
       '2019-04-15T00:00:00.000000', '2019-04-22T00:00:00.000000',
       '2019-04-29T00:00:00.000000', '2019-05-06T00:00:00.000000',
       '2019-05-13T00:00:00.000000', '2019-05-20T00:00:00.000000',
       '2019-05-27T00:00:00.000000', '2019-06-03T00:00:00.000000',
       '2019-06-10T00:00:00.000000', '2019-06-17T00:00:00.000000',
       '2019-06-24T00:00:00.000000', '2019-07-01T00:00:00.000000',
       '2019-07-08T00:00:00.000000', '2019-07-15T00:00:00.000000',
       '2019-07-22T00:00:00.000000', '2019-07-29T00:00:00.000000',
       '2019-08-05T00:00:00.000000', '2019-08-12T00:00:00.000000',
       '2019-08-19T00:00:00.000000', '2019-08-26T00:00:00.000000',
       '2019-09-02T00:00:00.000000', '2019-09-09T00:00:00.000000',
       '2019-09-16T00:00:00.000000', '2019-09-23T00:00:00.000000',
       '2019-09-30T00:00:00.000000', '2019-10-07T00:00:00.000000',
       '2019-10-14T00:00:00.000000', '2019-10-21T00:00:00.000000',
       '2019-10-28T00:00:00.000000', '2019-11-04T00:00:00.000000',
       '2019-11-11T00:00:00.000000', '2019-11-18T00:00:00.000000',
       '2019-11-25T00:00:00.000000', '2019-12-02T00:00:00.000000',
       '2019-12-09T00:00:00.000000', '2019-12-16T00:00:00.000000',
       '2019-12-23T00:00:00.000000', '2019-12-30T00:00:00.000000',
       '2020-01-06T00:00:00.000000', '2020-01-13T00:00:00.000000',
       '2020-01-20T00:00:00.000000', '2020-01-27T00:00:00.000000',
       '2020-02-03T00:00:00.000000', '2020-02-10T00:00:00.000000',
       '2020-02-17T00:00:00.000000', '2020-02-24T00:00:00.000000',
       '2020-03-02T00:00:00.000000', '2020-03-09T00:00:00.000000',
       '2020-03-16T00:00:00.000000', '2020-03-23T00:00:00.000000',
       '2020-03-30T00:00:00.000000', '2020-04-06T00:00:00.000000',
       '2020-04-13T00:00:00.000000', '2020-04-20T00:00:00.000000',
       '2020-04-27T00:00:00.000000', '2020-05-04T00:00:00.000000',
       '2020-05-11T00:00:00.000000', '2020-05-18T00:00:00.000000',
       '2020-05-25T00:00:00.000000', '2020-06-01T00:00:00.000000',
       '2020-06-08T00:00:00.000000', '2020-06-15T00:00:00.000000',
       '2020-06-22T00:00:00.000000', '2020-06-29T00:00:00.000000',
       '2020-07-06T00:00:00.000000', '2020-07-13T00:00:00.000000',
       '2020-07-20T00:00:00.000000', '2020-07-27T00:00:00.000000',
       '2020-08-03T00:00:00.000000', '2020-08-10T00:00:00.000000',
       '2020-08-17T00:00:00.000000', '2020-08-24T00:00:00.000000',
       '2020-08-31T00:00:00.000000', '2020-09-07T00:00:00.000000',
       '2020-09-14T00:00:00.000000', '2020-09-21T00:00:00.000000',
       '2020-09-28T00:00:00.000000', '2020-10-05T00:00:00.000000',
       '2020-10-12T00:00:00.000000', '2020-10-19T00:00:00.000000',
       '2020-10-26T00:00:00.000000', '2020-11-02T00:00:00.000000',
       '2020-11-09T00:00:00.000000', '2020-11-16T00:00:00.000000',
       '2020-11-23T00:00:00.000000', '2020-11-30T00:00:00.000000',
       '2020-12-07T00:00:00.000000', '2020-12-14T00:00:00.000000',
       '2020-12-21T00:00:00.000000', '2020-12-28T00:00:00.000000',
       '2021-01-04T00:00:00.000000', '2021-01-11T00:00:00.000000',
       '2021-01-18T00:00:00.000000', '2021-01-25T00:00:00.000000',
       '2021-02-01T00:00:00.000000', '2021-02-08T00:00:00.000000',
       '2021-02-15T00:00:00.000000', '2021-02-22T00:00:00.000000',
       '2021-03-01T00:00:00.000000', '2021-03-08T00:00:00.000000',
       '2021-03-15T00:00:00.000000', '2021-03-22T00:00:00.000000',
       '2021-03-29T00:00:00.000000', '2021-04-05T00:00:00.000000',
       '2021-04-12T00:00:00.000000', '2021-04-19T00:00:00.000000',
       '2021-04-26T00:00:00.000000', '2021-05-03T00:00:00.000000',
       '2021-05-10T00:00:00.000000', '2021-05-17T00:00:00.000000',
       '2021-05-24T00:00:00.000000', '2021-05-31T00:00:00.000000',
       '2021-06-07T00:00:00.000000', '2021-06-14T00:00:00.000000',
       '2021-06-21T00:00:00.000000', '2021-06-28T00:00:00.000000',
       '2021-07-05T00:00:00.000000', '2021-07-12T00:00:00.000000',
       '2021-07-19T00:00:00.000000', '2021-07-26T00:00:00.000000',
       '2021-08-02T00:00:00.000000', '2021-08-09T00:00:00.000000',
       '2021-08-16T00:00:00.000000', '2021-08-23T00:00:00.000000',
       '2021-08-30T00:00:00.000000', '2021-09-06T00:00:00.000000',
       '2021-09-13T00:00:00.000000', '2021-09-20T00:00:00.000000',
       '2021-09-27T00:00:00.000000', '2021-10-04T00:00:00.000000',
       '2021-10-11T00:00:00.000000', '2021-10-18T00:00:00.000000',
       '2021-10-25T00:00:00.000000', '2021-11-01T00:00:00.000000',
       '2021-11-08T00:00:00.000000', '2021-11-15T00:00:00.000000',
       '2021-11-22T00:00:00.000000', '2021-11-29T00:00:00.000000',
       '2021-12-06T00:00:00.000000', '2021-12-13T00:00:00.000000',
       '2021-12-20T00:00:00.000000', '2021-12-27T00:00:00.000000',
       '2022-01-03T00:00:00.000000', '2022-01-10T00:00:00.000000',
       '2022-01-17T00:00:00.000000', '2022-01-24T00:00:00.000000',
       '2022-01-31T00:00:00.000000', '2022-02-07T00:00:00.000000',
       '2022-02-14T00:00:00.000000', '2022-02-21T00:00:00.000000',
       '2022-02-28T00:00:00.000000', '2022-03-07T00:00:00.000000',
       '2022-03-14T00:00:00.000000', '2022-03-21T00:00:00.000000',
       '2022-03-28T00:00:00.000000', '2022-04-04T00:00:00.000000',
       '2022-04-11T00:00:00.000000', '2022-04-18T00:00:00.000000',
       '2022-04-25T00:00:00.000000', '2022-05-02T00:00:00.000000',
       '2022-05-09T00:00:00.000000', '2022-05-16T00:00:00.000000',
       '2022-05-23T00:00:00.000000', '2022-05-30T00:00:00.000000',
       '2022-06-06T00:00:00.000000', '2022-06-13T00:00:00.000000',
       '2022-06-20T00:00:00.000000', '2022-06-27T00:00:00.000000',
       '2022-07-04T00:00:00.000000', '2022-07-11T00:00:00.000000',
       '2022-07-18T00:00:00.000000', '2022-07-25T00:00:00.000000',
       '2022-08-01T00:00:00.000000', '2022-08-08T00:00:00.000000',
       '2022-08-15T00:00:00.000000', '2022-08-22T00:00:00.000000',
       '2022-08-29T00:00:00.000000', '2022-09-05T00:00:00.000000',
       '2022-09-12T00:00:00.000000', '2022-09-19T00:00:00.000000',
       '2022-09-26T00:00:00.000000', '2022-10-03T00:00:00.000000',
       '2022-10-10T00:00:00.000000', '2022-10-17T00:00:00.000000',
       '2022-10-24T00:00:00.000000', '2022-10-31T00:00:00.000000',
       '2022-11-07T00:00:00.000000', '2022-11-14T00:00:00.000000',
       '2022-11-21T00:00:00.000000', '2022-11-28T00:00:00.000000',
       '2022-12-05T00:00:00.000000', '2022-12-12T00:00:00.000000',
       '2022-12-19T00:00:00.000000', '2022-12-26T00:00:00.000000',
       '2023-01-02T00:00:00.000000', '2023-01-09T00:00:00.000000',
       '2023-01-16T00:00:00.000000', '2023-01-23T00:00:00.000000',
       '2023-01-30T00:00:00.000000', '2023-02-06T00:00:00.000000',
       '2023-02-13T00:00:00.000000', '2023-02-20T00:00:00.000000',
       '2023-02-27T00:00:00.000000', '2023-03-06T00:00:00.000000',
       '2023-03-13T00:00:00.000000', '2023-03-20T00:00:00.000000',
       '2023-03-27T00:00:00.000000', '2023-04-03T00:00:00.000000',
       '2023-04-10T00:00:00.000000', '2023-04-17T00:00:00.000000',
       '2023-04-24T00:00:00.000000', '2023-05-01T00:00:00.000000',
       '2023-05-08T00:00:00.000000', '2023-05-15T00:00:00.000000',
       '2023-05-22T00:00:00.000000', '2023-05-29T00:00:00.000000',
       '2023-06-05T00:00:00.000000', '2023-06-12T00:00:00.000000',
       '2023-06-19T00:00:00.000000', '2023-06-26T00:00:00.000000',
       '2023-07-03T00:00:00.000000', '2023-07-10T00:00:00.000000',
       '2023-07-17T00:00:00.000000', '2023-07-24T00:00:00.000000',
       '2023-07-31T00:00:00.000000', '2023-08-07T00:00:00.000000',
       '2023-08-14T00:00:00.000000', '2023-08-21T00:00:00.000000',
       '2023-08-28T00:00:00.000000', '2023-09-04T00:00:00.000000',
       '2023-09-11T00:00:00.000000', '2023-09-18T00:00:00.000000',
       '2023-09-25T00:00:00.000000', '2023-10-02T00:00:00.000000',
       '2023-10-09T00:00:00.000000', '2023-10-16T00:00:00.000000',
       '2023-10-23T00:00:00.000000', '2023-10-30T00:00:00.000000',
       '2023-11-06T00:00:00.000000', '2023-11-13T00:00:00.000000',
       '2023-11-20T00:00:00.000000', '2023-11-27T00:00:00.000000',
       '2023-12-04T00:00:00.000000', '2023-12-11T00:00:00.000000',
       '2023-12-18T00:00:00.000000', '2023-12-25T00:00:00.000000',
       '2024-01-01T00:00:00.000000', '2024-01-08T00:00:00.000000',
       '2024-01-15T00:00:00.000000', '2024-01-22T00:00:00.000000',
       '2024-01-29T00:00:00.000000', '2024-02-05T00:00:00.000000',
       '2024-02-12T00:00:00.000000', '2024-02-19T00:00:00.000000',
       '2024-02-26T00:00:00.000000', '2024-03-04T00:00:00.000000',
       '2024-03-11T00:00:00.000000', '2024-03-18T00:00:00.000000',
       '2024-03-25T00:00:00.000000', '2024-04-01T00:00:00.000000',
       '2024-04-08T00:00:00.000000', '2024-04-15T00:00:00.000000',
       '2024-04-22T00:00:00.000000', '2024-04-29T00:00:00.000000',
       '2024-05-06T00:00:00.000000', '2024-05-13T00:00:00.000000',
       '2024-05-20T00:00:00.000000', '2024-05-27T00:00:00.000000',
       '2024-06-03T00:00:00.000000', '2024-06-10T00:00:00.000000',
       '2024-06-17T00:00:00.000000', '2024-06-24T00:00:00.000000',
       '2024-07-01T00:00:00.000000', '2024-07-08T00:00:00.000000',
       '2024-07-15T00:00:00.000000', '2024-07-22T00:00:00.000000',
       '2024-07-29T00:00:00.000000', '2024-08-05T00:00:00.000000',
       '2024-08-12T00:00:00.000000', '2024-08-19T00:00:00.000000',
       '2024-08-26T00:00:00.000000', '2024-09-02T00:00:00.000000',
       '2024-09-09T00:00:00.000000', '2024-09-16T00:00:00.000000',
       '2024-09-23T00:00:00.000000', '2024-09-30T00:00:00.000000',
       '2024-10-07T00:00:00.000000', '2024-10-14T00:00:00.000000',
       '2024-10-21T00:00:00.000000', '2024-10-28T00:00:00.000000',
       '2024-11-04T00:00:00.000000', '2024-11-11T00:00:00.000000',
       '2024-11-18T00:00:00.000000', '2024-11-25T00:00:00.000000',
       '2024-12-02T00:00:00.000000', '2024-12-09T00:00:00.000000',
       '2024-12-16T00:00:00.000000', '2024-12-23T00:00:00.000000',
       '2024-12-30T00:00:00.000000', '2025-06-09T00:00:00.000000',
       '2025-06-16T00:00:00.000000', '2025-06-23T00:00:00.000000',
       '2025-06-30T00:00:00.000000', '2025-07-07T00:00:00.000000',
       '2025-07-14T00:00:00.000000', '2025-07-21T00:00:00.000000',
       '2025-07-28T00:00:00.000000', '2025-08-04T00:00:00.000000',
       '2025-08-11T00:00:00.000000', '2025-08-18T00:00:00.000000',
       '2025-08-25T00:00:00.000000', '2025-09-01T00:00:00.000000',
       '2025-09-08T00:00:00.000000', '2025-09-15T00:00:00.000000',
       '2025-09-22T00:00:00.000000', '2025-09-29T00:00:00.000000',
       '2025-10-06T00:00:00.000000', '2025-10-13T00:00:00.000000',
       '2025-10-20T00:00:00.000000', '2025-10-27T00:00:00.000000',
       '2025-11-03T00:00:00.000000', '2025-11-10T00:00:00.000000',
       '2025-11-17T00:00:00.000000', '2025-11-24T00:00:00.000000',
       '2025-12-01T00:00:00.000000', '2025-12-08T00:00:00.000000',
       '2025-12-15T00:00:00.000000', '2025-12-22T00:00:00.000000',
       '2025-12-29T00:00:00.000000', '2026-01-05T00:00:00.000000',
       '2026-01-12T00:00:00.000000', '2026-01-19T00:00:00.000000',
       '2026-01-26T00:00:00.000000', '2026-02-02T00:00:00.000000',
       '2026-02-09T00:00:00.000000', '2026-02-16T00:00:00.000000',
       '2026-02-23T00:00:00.000000', '2026-03-02T00:00:00.000000',
       '2026-03-09T00:00:00.000000', '2026-03-16T00:00:00.000000',
       '2026-03-23T00:00:00.000000', '2026-03-30T00:00:00.000000',
       '2026-04-06T00:00:00.000000', '2026-04-13T00:00:00.000000',
       '2026-05-25T00:00:00.000000', '2026-06-01T00:00:00.000000',
       '2026-06-02T00:00:00.000000', '2026-06-03T00:00:00.000000',
       '2026-06-04T00:00:00.000000', '2026-06-05T00:00:00.000000',
       '2026-06-06T00:00:00.000000', '2026-06-08T00:00:00.000000',
       '2026-06-09T00:00:00.000000'], dtype='datetime64[us]'))
2026-06-11 06:22:21.921 | DEBUG    | __main__:forecast_holt_winters:131 -     Holt-Winters forecast failed: positive() got an unexpected keyword argument 'lower'
2026-06-11 06:22:22.028 | DEBUG    | __main__:forecast_tree:163 -     Tree forecast failed: Feature shape mismatch, expected: 18, got 16
2026-06-11 06:22:22.033 | INFO     | __main__:forecast_commodity:266 -   daily        -> N   1,639,048/MT  +0.0%  (2026-06-15)
2026-06-11 06:22:22.058 | INFO     | __main__:forecast_commodity:266 -   weekly       -> N   1,639,048/MT  +0.0%  (2026-06-22)
2026-06-11 06:22:22.123 | INFO     | __main__:forecast_commodity:266 -   2_weeks      -> N   1,639,048/MT  +0.0%  (2026-06-29)
2026-06-11 06:22:22.155 | INFO     | __main__:forecast_commodity:266 -   monthly      -> N   1,639,048/MT  +0.0%  (2026-07-13)
2026-06-11 06:22:22.187 | INFO     | __main__:forecast_commodity:266 -   3_months     -> N   1,639,048/MT  +0.0%  (2026-09-14)
2026-06-11 06:22:22.288 | INFO     | __main__:forecast_commodity:266 -   6_months     -> N   1,639,048/MT  +0.0%  (2026-12-14)
2026-06-11 06:22:22.328 | INFO     | __main__:run_forecasting:331 -   Sesame
2026-06-11 06:22:22.460 | INFO     | __main__:run_forecasting:325 - 
[3/13] Forecasting Ginger...
2026-06-11 06:22:24.329 | WARNING  | __main__:load_models_and_meta:87 -   Could not load arima for Ginger: No module named 'pmdarima'
2026-06-11 06:22:24.654 | WARNING  | __main__:load_models_and_meta:87 -   Could not load prophet for Ginger: (dtype('<M8[us]'), array(['2000-01-03T00:00:00.000000', '2000-01-10T00:00:00.000000',
       '2000-01-17T00:00:00.000000', ..., '2026-06-06T00:00:00.000000',
       '2026-06-08T00:00:00.000000', '2026-06-09T00:00:00.000000'],
      shape=(1381,), dtype='datetime64[us]'))
2026-06-11 06:22:26.236 | DEBUG    | __main__:forecast_holt_winters:131 -     Holt-Winters forecast failed: positive() got an unexpected keyword argument 'lower'
2026-06-11 06:22:26.319 | DEBUG    | __main__:forecast_tree:163 -     Tree forecast failed: Feature shape mismatch, expected: 18, got 16
2026-06-11 06:22:26.320 | INFO     | __main__:forecast_commodity:266 -   daily        -> N  12,112,644/MT  +0.0%  (2026-06-15)
2026-06-11 06:22:26.369 | INFO     | __main__:forecast_commodity:266 -   weekly       -> N  12,112,644/MT  +0.0%  (2026-06-22)
2026-06-11 06:22:26.395 | INFO     | __main__:forecast_commodity:266 -   2_weeks      -> N  12,112,644/MT  +0.0%  (2026-06-29)
2026-06-11 06:22:26.425 | INFO     | __main__:forecast_commodity:266 -   monthly      -> N  12,112,644/MT  +0.0%  (2026-07-13)
2026-06-11 06:22:26.516 | INFO     | __main__:forecast_commodity:266 -   3_months     -> N  12,112,644/MT  +0.0%  (2026-09-14)
2026-06-11 06:22:26.562 | INFO     | __main__:forecast_commodity:266 -   6_months     -> N  12,112,644/MT  +0.0%  (2026-12-14)
2026-06-11 06:22:26.760 | INFO     | __main__:run_forecasting:331 -   Ginger
2026-06-11 06:22:26.902 | INFO     | __main__:run_forecasting:325 - 
[4/13] Forecasting Cocoa...
2026-06-11 06:22:28.805 | WARNING  | __main__:load_models_and_meta:87 -   Could not load arima for Cocoa: No module named 'pmdarima'
2026-06-11 06:22:28.960 | WARNING  | __main__:load_models_and_meta:87 -   Could not load prophet for Cocoa: (dtype('<M8[us]'), array(['2000-01-03T00:00:00.000000', '2000-01-10T00:00:00.000000',
       '2000-01-17T00:00:00.000000', ..., '2026-06-06T00:00:00.000000',
       '2026-06-08T00:00:00.000000', '2026-06-09T00:00:00.000000'],
      shape=(1381,), dtype='datetime64[us]'))
2026-06-11 06:22:29.708 | DEBUG    | __main__:forecast_holt_winters:131 -     Holt-Winters forecast failed: positive() got an unexpected keyword argument 'lower'
2026-06-11 06:22:29.725 | DEBUG    | __main__:forecast_tree:163 -     Tree forecast failed: Feature shape mismatch, expected: 18, got 16
2026-06-11 06:22:29.725 | INFO     | __main__:forecast_commodity:266 -   daily        -> N   5,741,123/MT  +0.0%  (2026-06-15)
2026-06-11 06:22:29.758 | INFO     | __main__:forecast_commodity:266 -   weekly       -> N   5,741,123/MT  +0.0%  (2026-06-22)
2026-06-11 06:22:29.773 | INFO     | __main__:forecast_commodity:266 -   2_weeks      -> N   5,741,123/MT  +0.0%  (2026-06-29)
2026-06-11 06:22:29.790 | INFO     | __main__:forecast_commodity:266 -   monthly      -> N   5,741,123/MT  +0.0%  (2026-07-13)
2026-06-11 06:22:29.807 | INFO     | __main__:forecast_commodity:266 -   3_months     -> N   5,741,123/MT  +0.0%  (2026-09-14)
2026-06-11 06:22:29.828 | INFO     | __main__:forecast_commodity:266 -   6_months     -> N   5,741,123/MT  +0.0%  (2026-12-14)
2026-06-11 06:22:29.904 | INFO     | __main__:run_forecasting:331 -   Cocoa
2026-06-11 06:22:29.912 | INFO     | __main__:run_forecasting:325 - 
[5/13] Forecasting Soybeans...
2026-06-11 06:22:30.587 | WARNING  | __main__:load_models_and_meta:87 -   Could not load arima for Soybeans: No module named 'pmdarima'
2026-06-11 06:22:30.785 | WARNING  | __main__:load_models_and_meta:87 -   Could not load prophet for Soybeans: (dtype('<M8[us]'), array(['2000-01-03T00:00:00.000000', '2000-01-10T00:00:00.000000',
       '2000-01-17T00:00:00.000000', ..., '2026-06-06T00:00:00.000000',
       '2026-06-08T00:00:00.000000', '2026-06-09T00:00:00.000000'],
      shape=(1381,), dtype='datetime64[us]'))
2026-06-11 06:22:31.802 | DEBUG    | __main__:forecast_holt_winters:131 -     Holt-Winters forecast failed: positive() got an unexpected keyword argument 'lower'
2026-06-11 06:22:31.806 | DEBUG    | __main__:forecast_tree:163 -     Tree forecast failed: Feature shape mismatch, expected: 18, got 16
2026-06-11 06:22:31.806 | INFO     | __main__:forecast_commodity:266 -   daily        -> N     753,685/MT  +0.0%  (2026-06-15)
2026-06-11 06:22:31.812 | INFO     | __main__:forecast_commodity:266 -   weekly       -> N     753,685/MT  +0.0%  (2026-06-22)
2026-06-11 06:22:31.835 | INFO     | __main__:forecast_commodity:266 -   2_weeks      -> N     753,685/MT  +0.0%  (2026-06-29)
2026-06-11 06:22:31.846 | INFO     | __main__:forecast_commodity:266 -   monthly      -> N     753,685/MT  +0.0%  (2026-07-13)
2026-06-11 06:22:31.889 | INFO     | __main__:forecast_commodity:266 -   3_months     -> N     753,685/MT  +0.0%  (2026-09-14)
2026-06-11 06:22:31.923 | INFO     | __main__:forecast_commodity:266 -   6_months     -> N     753,685/MT  +0.0%  (2026-12-14)
2026-06-11 06:22:31.950 | INFO     | __main__:run_forecasting:331 -   Soybeans
2026-06-11 06:22:31.972 | INFO     | __main__:run_forecasting:325 - 
[6/13] Forecasting Cashew Nuts...
2026-06-11 06:22:32.228 | WARNING  | __main__:load_models_and_meta:87 -   Could not load arima for Cashew Nuts: No module named 'pmdarima'
2026-06-11 06:22:32.540 | WARNING  | __main__:load_models_and_meta:87 -   Could not load prophet for Cashew Nuts: (dtype('<M8[us]'), array(['2010-01-04T00:00:00.000000', '2010-01-11T00:00:00.000000',
       '2010-01-18T00:00:00.000000', '2010-01-25T00:00:00.000000',
       '2010-02-01T00:00:00.000000', '2010-02-08T00:00:00.000000',
       '2010-02-15T00:00:00.000000', '2010-02-22T00:00:00.000000',
       '2010-03-01T00:00:00.000000', '2010-03-08T00:00:00.000000',
       '2010-03-15T00:00:00.000000', '2010-03-22T00:00:00.000000',
       '2010-03-29T00:00:00.000000', '2010-04-05T00:00:00.000000',
       '2010-04-12T00:00:00.000000', '2010-04-19T00:00:00.000000',
       '2010-04-26T00:00:00.000000', '2010-05-03T00:00:00.000000',
       '2010-05-10T00:00:00.000000', '2010-05-17T00:00:00.000000',
       '2010-05-24T00:00:00.000000', '2010-05-31T00:00:00.000000',
       '2010-06-07T00:00:00.000000', '2010-06-14T00:00:00.000000',
       '2010-06-21T00:00:00.000000', '2010-06-28T00:00:00.000000',
       '2010-07-05T00:00:00.000000', '2010-07-12T00:00:00.000000',
       '2010-07-19T00:00:00.000000', '2010-07-26T00:00:00.000000',
       '2010-08-02T00:00:00.000000', '2010-08-09T00:00:00.000000',
       '2010-08-16T00:00:00.000000', '2010-08-23T00:00:00.000000',
       '2010-08-30T00:00:00.000000', '2010-09-06T00:00:00.000000',
       '2010-09-13T00:00:00.000000', '2010-09-20T00:00:00.000000',
       '2010-09-27T00:00:00.000000', '2010-10-04T00:00:00.000000',
       '2010-10-11T00:00:00.000000', '2010-10-18T00:00:00.000000',
       '2010-10-25T00:00:00.000000', '2010-11-01T00:00:00.000000',
       '2010-11-08T00:00:00.000000', '2010-11-15T00:00:00.000000',
       '2010-11-22T00:00:00.000000', '2010-11-29T00:00:00.000000',
       '2010-12-06T00:00:00.000000', '2010-12-13T00:00:00.000000',
       '2010-12-20T00:00:00.000000', '2010-12-27T00:00:00.000000',
       '2011-01-03T00:00:00.000000', '2011-01-10T00:00:00.000000',
       '2011-01-17T00:00:00.000000', '2011-01-24T00:00:00.000000',
       '2011-01-31T00:00:00.000000', '2011-02-07T00:00:00.000000',
       '2011-02-14T00:00:00.000000', '2011-02-21T00:00:00.000000',
       '2011-02-28T00:00:00.000000', '2011-03-07T00:00:00.000000',
       '2011-03-14T00:00:00.000000', '2011-03-21T00:00:00.000000',
       '2011-03-28T00:00:00.000000', '2011-04-04T00:00:00.000000',
       '2011-04-11T00:00:00.000000', '2011-04-18T00:00:00.000000',
       '2011-04-25T00:00:00.000000', '2011-05-02T00:00:00.000000',
       '2011-05-09T00:00:00.000000', '2011-05-16T00:00:00.000000',
       '2011-05-23T00:00:00.000000', '2011-05-30T00:00:00.000000',
       '2011-06-06T00:00:00.000000', '2011-06-13T00:00:00.000000',
       '2011-06-20T00:00:00.000000', '2011-06-27T00:00:00.000000',
       '2011-07-04T00:00:00.000000', '2011-07-11T00:00:00.000000',
       '2011-07-18T00:00:00.000000', '2011-07-25T00:00:00.000000',
       '2011-08-01T00:00:00.000000', '2011-08-08T00:00:00.000000',
       '2011-08-15T00:00:00.000000', '2011-08-22T00:00:00.000000',
       '2011-08-29T00:00:00.000000', '2011-09-05T00:00:00.000000',
       '2011-09-12T00:00:00.000000', '2011-09-19T00:00:00.000000',
       '2011-09-26T00:00:00.000000', '2011-10-03T00:00:00.000000',
       '2011-10-10T00:00:00.000000', '2011-10-17T00:00:00.000000',
       '2011-10-24T00:00:00.000000', '2011-10-31T00:00:00.000000',
       '2011-11-07T00:00:00.000000', '2011-11-14T00:00:00.000000',
       '2011-11-21T00:00:00.000000', '2011-11-28T00:00:00.000000',
       '2011-12-05T00:00:00.000000', '2011-12-12T00:00:00.000000',
       '2011-12-19T00:00:00.000000', '2011-12-26T00:00:00.000000',
       '2012-01-02T00:00:00.000000', '2012-01-09T00:00:00.000000',
       '2012-01-16T00:00:00.000000', '2012-01-23T00:00:00.000000',
       '2012-01-30T00:00:00.000000', '2012-02-06T00:00:00.000000',
       '2012-02-13T00:00:00.000000', '2012-02-20T00:00:00.000000',
       '2012-02-27T00:00:00.000000', '2012-03-05T00:00:00.000000',
       '2012-03-12T00:00:00.000000', '2012-03-19T00:00:00.000000',
       '2012-03-26T00:00:00.000000', '2012-04-02T00:00:00.000000',
       '2012-04-09T00:00:00.000000', '2012-04-16T00:00:00.000000',
       '2012-04-23T00:00:00.000000', '2012-04-30T00:00:00.000000',
       '2012-05-07T00:00:00.000000', '2012-05-14T00:00:00.000000',
       '2012-05-21T00:00:00.000000', '2012-05-28T00:00:00.000000',
       '2012-06-04T00:00:00.000000', '2012-06-11T00:00:00.000000',
       '2012-06-18T00:00:00.000000', '2012-06-25T00:00:00.000000',
       '2012-07-02T00:00:00.000000', '2012-07-09T00:00:00.000000',
       '2012-07-16T00:00:00.000000', '2012-07-23T00:00:00.000000',
       '2012-07-30T00:00:00.000000', '2012-08-06T00:00:00.000000',
       '2012-08-13T00:00:00.000000', '2012-08-20T00:00:00.000000',
       '2012-08-27T00:00:00.000000', '2012-09-03T00:00:00.000000',
       '2012-09-10T00:00:00.000000', '2012-09-17T00:00:00.000000',
       '2012-09-24T00:00:00.000000', '2012-10-01T00:00:00.000000',
       '2012-10-08T00:00:00.000000', '2012-10-15T00:00:00.000000',
       '2012-10-22T00:00:00.000000', '2012-10-29T00:00:00.000000',
       '2012-11-05T00:00:00.000000', '2012-11-12T00:00:00.000000',
       '2012-11-19T00:00:00.000000', '2012-11-26T00:00:00.000000',
       '2012-12-03T00:00:00.000000', '2012-12-10T00:00:00.000000',
       '2012-12-17T00:00:00.000000', '2012-12-24T00:00:00.000000',
       '2012-12-31T00:00:00.000000', '2013-01-07T00:00:00.000000',
       '2013-01-14T00:00:00.000000', '2013-01-21T00:00:00.000000',
       '2013-01-28T00:00:00.000000', '2013-02-04T00:00:00.000000',
       '2013-02-11T00:00:00.000000', '2013-02-18T00:00:00.000000',
       '2013-02-25T00:00:00.000000', '2013-03-04T00:00:00.000000',
       '2013-03-11T00:00:00.000000', '2013-03-18T00:00:00.000000',
       '2013-03-25T00:00:00.000000', '2013-04-01T00:00:00.000000',
       '2013-04-08T00:00:00.000000', '2013-04-15T00:00:00.000000',
       '2013-04-22T00:00:00.000000', '2013-04-29T00:00:00.000000',
       '2013-05-06T00:00:00.000000', '2013-05-13T00:00:00.000000',
       '2013-05-20T00:00:00.000000', '2013-05-27T00:00:00.000000',
       '2013-06-03T00:00:00.000000', '2013-06-10T00:00:00.000000',
       '2013-06-17T00:00:00.000000', '2013-06-24T00:00:00.000000',
       '2013-07-01T00:00:00.000000', '2013-07-08T00:00:00.000000',
       '2013-07-15T00:00:00.000000', '2013-07-22T00:00:00.000000',
       '2013-07-29T00:00:00.000000', '2013-08-05T00:00:00.000000',
       '2013-08-12T00:00:00.000000', '2013-08-19T00:00:00.000000',
       '2013-08-26T00:00:00.000000', '2013-09-02T00:00:00.000000',
       '2013-09-09T00:00:00.000000', '2013-09-16T00:00:00.000000',
       '2013-09-23T00:00:00.000000', '2013-09-30T00:00:00.000000',
       '2013-10-07T00:00:00.000000', '2013-10-14T00:00:00.000000',
       '2013-10-21T00:00:00.000000', '2013-10-28T00:00:00.000000',
       '2013-11-04T00:00:00.000000', '2013-11-11T00:00:00.000000',
       '2013-11-18T00:00:00.000000', '2013-11-25T00:00:00.000000',
       '2013-12-02T00:00:00.000000', '2013-12-09T00:00:00.000000',
       '2013-12-16T00:00:00.000000', '2013-12-23T00:00:00.000000',
       '2013-12-30T00:00:00.000000', '2014-01-06T00:00:00.000000',
       '2014-01-13T00:00:00.000000', '2014-01-20T00:00:00.000000',
       '2014-01-27T00:00:00.000000', '2014-02-03T00:00:00.000000',
       '2014-02-10T00:00:00.000000', '2014-02-17T00:00:00.000000',
       '2014-02-24T00:00:00.000000', '2014-03-03T00:00:00.000000',
       '2014-03-10T00:00:00.000000', '2014-03-17T00:00:00.000000',
       '2014-03-24T00:00:00.000000', '2014-03-31T00:00:00.000000',
       '2014-04-07T00:00:00.000000', '2014-04-14T00:00:00.000000',
       '2014-04-21T00:00:00.000000', '2014-04-28T00:00:00.000000',
       '2014-05-05T00:00:00.000000', '2014-05-12T00:00:00.000000',
       '2014-05-19T00:00:00.000000', '2014-05-26T00:00:00.000000',
       '2014-06-02T00:00:00.000000', '2014-06-09T00:00:00.000000',
       '2014-06-16T00:00:00.000000', '2014-06-23T00:00:00.000000',
       '2014-06-30T00:00:00.000000', '2014-07-07T00:00:00.000000',
       '2014-07-14T00:00:00.000000', '2014-07-21T00:00:00.000000',
       '2014-07-28T00:00:00.000000', '2014-08-04T00:00:00.000000',
       '2014-08-11T00:00:00.000000', '2014-08-18T00:00:00.000000',
       '2014-08-25T00:00:00.000000', '2014-09-01T00:00:00.000000',
       '2014-09-08T00:00:00.000000', '2014-09-15T00:00:00.000000',
       '2014-09-22T00:00:00.000000', '2014-09-29T00:00:00.000000',
       '2014-10-06T00:00:00.000000', '2014-10-13T00:00:00.000000',
       '2014-10-20T00:00:00.000000', '2014-10-27T00:00:00.000000',
       '2014-11-03T00:00:00.000000', '2014-11-10T00:00:00.000000',
       '2014-11-17T00:00:00.000000', '2014-11-24T00:00:00.000000',
       '2014-12-01T00:00:00.000000', '2014-12-08T00:00:00.000000',
       '2014-12-15T00:00:00.000000', '2014-12-22T00:00:00.000000',
       '2014-12-29T00:00:00.000000', '2015-01-05T00:00:00.000000',
       '2015-01-12T00:00:00.000000', '2015-01-19T00:00:00.000000',
       '2015-01-26T00:00:00.000000', '2015-02-02T00:00:00.000000',
       '2015-02-09T00:00:00.000000', '2015-02-16T00:00:00.000000',
       '2015-02-23T00:00:00.000000', '2015-03-02T00:00:00.000000',
       '2015-03-09T00:00:00.000000', '2015-03-16T00:00:00.000000',
       '2015-03-23T00:00:00.000000', '2015-03-30T00:00:00.000000',
       '2015-04-06T00:00:00.000000', '2015-04-13T00:00:00.000000',
       '2015-04-20T00:00:00.000000', '2015-04-27T00:00:00.000000',
       '2015-05-04T00:00:00.000000', '2015-05-11T00:00:00.000000',
       '2015-05-18T00:00:00.000000', '2015-05-25T00:00:00.000000',
       '2015-06-01T00:00:00.000000', '2015-06-08T00:00:00.000000',
       '2015-06-15T00:00:00.000000', '2015-06-22T00:00:00.000000',
       '2015-06-29T00:00:00.000000', '2015-07-06T00:00:00.000000',
       '2015-07-13T00:00:00.000000', '2015-07-20T00:00:00.000000',
       '2015-07-27T00:00:00.000000', '2015-08-03T00:00:00.000000',
       '2015-08-10T00:00:00.000000', '2015-08-17T00:00:00.000000',
       '2015-08-24T00:00:00.000000', '2015-08-31T00:00:00.000000',
       '2015-09-07T00:00:00.000000', '2015-09-14T00:00:00.000000',
       '2015-09-21T00:00:00.000000', '2015-09-28T00:00:00.000000',
       '2015-10-05T00:00:00.000000', '2015-10-12T00:00:00.000000',
       '2015-10-19T00:00:00.000000', '2015-10-26T00:00:00.000000',
       '2015-11-02T00:00:00.000000', '2015-11-09T00:00:00.000000',
       '2015-11-16T00:00:00.000000', '2015-11-23T00:00:00.000000',
       '2015-11-30T00:00:00.000000', '2015-12-07T00:00:00.000000',
       '2015-12-14T00:00:00.000000', '2015-12-21T00:00:00.000000',
       '2015-12-28T00:00:00.000000', '2016-01-04T00:00:00.000000',
       '2016-01-11T00:00:00.000000', '2016-01-18T00:00:00.000000',
       '2016-01-25T00:00:00.000000', '2016-02-01T00:00:00.000000',
       '2016-02-08T00:00:00.000000', '2016-02-15T00:00:00.000000',
       '2016-02-22T00:00:00.000000', '2016-02-29T00:00:00.000000',
       '2016-03-07T00:00:00.000000', '2016-03-14T00:00:00.000000',
       '2016-03-21T00:00:00.000000', '2016-03-28T00:00:00.000000',
       '2016-04-04T00:00:00.000000', '2016-04-11T00:00:00.000000',
       '2016-04-18T00:00:00.000000', '2016-04-25T00:00:00.000000',
       '2016-05-02T00:00:00.000000', '2016-05-09T00:00:00.000000',
       '2016-05-16T00:00:00.000000', '2016-05-23T00:00:00.000000',
       '2016-05-30T00:00:00.000000', '2016-06-06T00:00:00.000000',
       '2016-06-13T00:00:00.000000', '2016-06-20T00:00:00.000000',
       '2016-06-27T00:00:00.000000', '2016-07-04T00:00:00.000000',
       '2016-07-11T00:00:00.000000', '2016-07-18T00:00:00.000000',
       '2016-07-25T00:00:00.000000', '2016-08-01T00:00:00.000000',
       '2016-08-08T00:00:00.000000', '2016-08-15T00:00:00.000000',
       '2016-08-22T00:00:00.000000', '2016-08-29T00:00:00.000000',
       '2016-09-05T00:00:00.000000', '2016-09-12T00:00:00.000000',
       '2016-09-19T00:00:00.000000', '2016-09-26T00:00:00.000000',
       '2016-10-03T00:00:00.000000', '2016-10-10T00:00:00.000000',
       '2016-10-17T00:00:00.000000', '2016-10-24T00:00:00.000000',
       '2016-10-31T00:00:00.000000', '2016-11-07T00:00:00.000000',
       '2016-11-14T00:00:00.000000', '2016-11-21T00:00:00.000000',
       '2016-11-28T00:00:00.000000', '2016-12-05T00:00:00.000000',
       '2016-12-12T00:00:00.000000', '2016-12-19T00:00:00.000000',
       '2016-12-26T00:00:00.000000', '2017-01-02T00:00:00.000000',
       '2017-01-09T00:00:00.000000', '2017-01-16T00:00:00.000000',
       '2017-01-23T00:00:00.000000', '2017-01-30T00:00:00.000000',
       '2017-02-06T00:00:00.000000', '2017-02-13T00:00:00.000000',
       '2017-02-20T00:00:00.000000', '2017-02-27T00:00:00.000000',
       '2017-03-06T00:00:00.000000', '2017-03-13T00:00:00.000000',
       '2017-03-20T00:00:00.000000', '2017-03-27T00:00:00.000000',
       '2017-04-03T00:00:00.000000', '2017-04-10T00:00:00.000000',
       '2017-04-17T00:00:00.000000', '2017-04-24T00:00:00.000000',
       '2017-05-01T00:00:00.000000', '2017-05-08T00:00:00.000000',
       '2017-05-15T00:00:00.000000', '2017-05-22T00:00:00.000000',
       '2017-05-29T00:00:00.000000', '2017-06-05T00:00:00.000000',
       '2017-06-12T00:00:00.000000', '2017-06-19T00:00:00.000000',
       '2017-06-26T00:00:00.000000', '2017-07-03T00:00:00.000000',
       '2017-07-10T00:00:00.000000', '2017-07-17T00:00:00.000000',
       '2017-07-24T00:00:00.000000', '2017-07-31T00:00:00.000000',
       '2017-08-07T00:00:00.000000', '2017-08-14T00:00:00.000000',
       '2017-08-21T00:00:00.000000', '2017-08-28T00:00:00.000000',
       '2017-09-04T00:00:00.000000', '2017-09-11T00:00:00.000000',
       '2017-09-18T00:00:00.000000', '2017-09-25T00:00:00.000000',
       '2017-10-02T00:00:00.000000', '2017-10-09T00:00:00.000000',
       '2017-10-16T00:00:00.000000', '2017-10-23T00:00:00.000000',
       '2017-10-30T00:00:00.000000', '2017-11-06T00:00:00.000000',
       '2017-11-13T00:00:00.000000', '2017-11-20T00:00:00.000000',
       '2017-11-27T00:00:00.000000', '2017-12-04T00:00:00.000000',
       '2017-12-11T00:00:00.000000', '2017-12-18T00:00:00.000000',
       '2017-12-25T00:00:00.000000', '2018-01-01T00:00:00.000000',
       '2018-01-08T00:00:00.000000', '2018-01-15T00:00:00.000000',
       '2018-01-22T00:00:00.000000', '2018-01-29T00:00:00.000000',
       '2018-02-05T00:00:00.000000', '2018-02-12T00:00:00.000000',
       '2018-02-19T00:00:00.000000', '2018-02-26T00:00:00.000000',
       '2018-03-05T00:00:00.000000', '2018-03-12T00:00:00.000000',
       '2018-03-19T00:00:00.000000', '2018-03-26T00:00:00.000000',
       '2018-04-02T00:00:00.000000', '2018-04-09T00:00:00.000000',
       '2018-04-16T00:00:00.000000', '2018-04-23T00:00:00.000000',
       '2018-04-30T00:00:00.000000', '2018-05-07T00:00:00.000000',
       '2018-05-14T00:00:00.000000', '2018-05-21T00:00:00.000000',
       '2018-05-28T00:00:00.000000', '2018-06-04T00:00:00.000000',
       '2018-06-11T00:00:00.000000', '2018-06-18T00:00:00.000000',
       '2018-06-25T00:00:00.000000', '2018-07-02T00:00:00.000000',
       '2018-07-09T00:00:00.000000', '2018-07-16T00:00:00.000000',
       '2018-07-23T00:00:00.000000', '2018-07-30T00:00:00.000000',
       '2018-08-06T00:00:00.000000', '2018-08-13T00:00:00.000000',
       '2018-08-20T00:00:00.000000', '2018-08-27T00:00:00.000000',
       '2018-09-03T00:00:00.000000', '2018-09-10T00:00:00.000000',
       '2018-09-17T00:00:00.000000', '2018-09-24T00:00:00.000000',
       '2018-10-01T00:00:00.000000', '2018-10-08T00:00:00.000000',
       '2018-10-15T00:00:00.000000', '2018-10-22T00:00:00.000000',
       '2018-10-29T00:00:00.000000', '2018-11-05T00:00:00.000000',
       '2018-11-12T00:00:00.000000', '2018-11-19T00:00:00.000000',
       '2018-11-26T00:00:00.000000', '2018-12-03T00:00:00.000000',
       '2018-12-10T00:00:00.000000', '2018-12-17T00:00:00.000000',
       '2018-12-24T00:00:00.000000', '2018-12-31T00:00:00.000000',
       '2019-01-07T00:00:00.000000', '2019-01-14T00:00:00.000000',
       '2019-01-21T00:00:00.000000', '2019-01-28T00:00:00.000000',
       '2019-02-04T00:00:00.000000', '2019-02-11T00:00:00.000000',
       '2019-02-18T00:00:00.000000', '2019-02-25T00:00:00.000000',
       '2019-03-04T00:00:00.000000', '2019-03-11T00:00:00.000000',
       '2019-03-18T00:00:00.000000', '2019-03-25T00:00:00.000000',
       '2019-04-01T00:00:00.000000', '2019-04-08T00:00:00.000000',
       '2019-04-15T00:00:00.000000', '2019-04-22T00:00:00.000000',
       '2019-04-29T00:00:00.000000', '2019-05-06T00:00:00.000000',
       '2019-05-13T00:00:00.000000', '2019-05-20T00:00:00.000000',
       '2019-05-27T00:00:00.000000', '2019-06-03T00:00:00.000000',
       '2019-06-10T00:00:00.000000', '2019-06-17T00:00:00.000000',
       '2019-06-24T00:00:00.000000', '2019-07-01T00:00:00.000000',
       '2019-07-08T00:00:00.000000', '2019-07-15T00:00:00.000000',
       '2019-07-22T00:00:00.000000', '2019-07-29T00:00:00.000000',
       '2019-08-05T00:00:00.000000', '2019-08-12T00:00:00.000000',
       '2019-08-19T00:00:00.000000', '2019-08-26T00:00:00.000000',
       '2019-09-02T00:00:00.000000', '2019-09-09T00:00:00.000000',
       '2019-09-16T00:00:00.000000', '2019-09-23T00:00:00.000000',
       '2019-09-30T00:00:00.000000', '2019-10-07T00:00:00.000000',
       '2019-10-14T00:00:00.000000', '2019-10-21T00:00:00.000000',
       '2019-10-28T00:00:00.000000', '2019-11-04T00:00:00.000000',
       '2019-11-11T00:00:00.000000', '2019-11-18T00:00:00.000000',
       '2019-11-25T00:00:00.000000', '2019-12-02T00:00:00.000000',
       '2019-12-09T00:00:00.000000', '2019-12-16T00:00:00.000000',
       '2019-12-23T00:00:00.000000', '2019-12-30T00:00:00.000000',
       '2020-01-06T00:00:00.000000', '2020-01-13T00:00:00.000000',
       '2020-01-20T00:00:00.000000', '2020-01-27T00:00:00.000000',
       '2020-02-03T00:00:00.000000', '2020-02-10T00:00:00.000000',
       '2020-02-17T00:00:00.000000', '2020-02-24T00:00:00.000000',
       '2020-03-02T00:00:00.000000', '2020-03-09T00:00:00.000000',
       '2020-03-16T00:00:00.000000', '2020-03-23T00:00:00.000000',
       '2020-03-30T00:00:00.000000', '2020-04-06T00:00:00.000000',
       '2020-04-13T00:00:00.000000', '2020-04-20T00:00:00.000000',
       '2020-04-27T00:00:00.000000', '2020-05-04T00:00:00.000000',
       '2020-05-11T00:00:00.000000', '2020-05-18T00:00:00.000000',
       '2020-05-25T00:00:00.000000', '2020-06-01T00:00:00.000000',
       '2020-06-08T00:00:00.000000', '2020-06-15T00:00:00.000000',
       '2020-06-22T00:00:00.000000', '2020-06-29T00:00:00.000000',
       '2020-07-06T00:00:00.000000', '2020-07-13T00:00:00.000000',
       '2020-07-20T00:00:00.000000', '2020-07-27T00:00:00.000000',
       '2020-08-03T00:00:00.000000', '2020-08-10T00:00:00.000000',
       '2020-08-17T00:00:00.000000', '2020-08-24T00:00:00.000000',
       '2020-08-31T00:00:00.000000', '2020-09-07T00:00:00.000000',
       '2020-09-14T00:00:00.000000', '2020-09-21T00:00:00.000000',
       '2020-09-28T00:00:00.000000', '2020-10-05T00:00:00.000000',
       '2020-10-12T00:00:00.000000', '2020-10-19T00:00:00.000000',
       '2020-10-26T00:00:00.000000', '2020-11-02T00:00:00.000000',
       '2020-11-09T00:00:00.000000', '2020-11-16T00:00:00.000000',
       '2020-11-23T00:00:00.000000', '2020-11-30T00:00:00.000000',
       '2020-12-07T00:00:00.000000', '2020-12-14T00:00:00.000000',
       '2020-12-21T00:00:00.000000', '2020-12-28T00:00:00.000000',
       '2021-01-04T00:00:00.000000', '2021-01-11T00:00:00.000000',
       '2021-01-18T00:00:00.000000', '2021-01-25T00:00:00.000000',
       '2021-02-01T00:00:00.000000', '2021-02-08T00:00:00.000000',
       '2021-02-15T00:00:00.000000', '2021-02-22T00:00:00.000000',
       '2021-03-01T00:00:00.000000', '2021-03-08T00:00:00.000000',
       '2021-03-15T00:00:00.000000', '2021-03-22T00:00:00.000000',
       '2021-03-29T00:00:00.000000', '2021-04-05T00:00:00.000000',
       '2021-04-12T00:00:00.000000', '2021-04-19T00:00:00.000000',
       '2021-04-26T00:00:00.000000', '2021-05-03T00:00:00.000000',
       '2021-05-10T00:00:00.000000', '2021-05-17T00:00:00.000000',
       '2021-05-24T00:00:00.000000', '2021-05-31T00:00:00.000000',
       '2021-06-07T00:00:00.000000', '2021-06-14T00:00:00.000000',
       '2021-06-21T00:00:00.000000', '2021-06-28T00:00:00.000000',
       '2021-07-05T00:00:00.000000', '2021-07-12T00:00:00.000000',
       '2021-07-19T00:00:00.000000', '2021-07-26T00:00:00.000000',
       '2021-08-02T00:00:00.000000', '2021-08-09T00:00:00.000000',
       '2021-08-16T00:00:00.000000', '2021-08-23T00:00:00.000000',
       '2021-08-30T00:00:00.000000', '2021-09-06T00:00:00.000000',
       '2021-09-13T00:00:00.000000', '2021-09-20T00:00:00.000000',
       '2021-09-27T00:00:00.000000', '2021-10-04T00:00:00.000000',
       '2021-10-11T00:00:00.000000', '2021-10-18T00:00:00.000000',
       '2021-10-25T00:00:00.000000', '2021-11-01T00:00:00.000000',
       '2021-11-08T00:00:00.000000', '2021-11-15T00:00:00.000000',
       '2021-11-22T00:00:00.000000', '2021-11-29T00:00:00.000000',
       '2021-12-06T00:00:00.000000', '2021-12-13T00:00:00.000000',
       '2021-12-20T00:00:00.000000', '2021-12-27T00:00:00.000000',
       '2022-01-03T00:00:00.000000', '2022-01-10T00:00:00.000000',
       '2022-01-17T00:00:00.000000', '2022-01-24T00:00:00.000000',
       '2022-01-31T00:00:00.000000', '2022-02-07T00:00:00.000000',
       '2022-02-14T00:00:00.000000', '2022-02-21T00:00:00.000000',
       '2022-02-28T00:00:00.000000', '2022-03-07T00:00:00.000000',
       '2022-03-14T00:00:00.000000', '2022-03-21T00:00:00.000000',
       '2022-03-28T00:00:00.000000', '2022-04-04T00:00:00.000000',
       '2022-04-11T00:00:00.000000', '2022-04-18T00:00:00.000000',
       '2022-04-25T00:00:00.000000', '2022-05-02T00:00:00.000000',
       '2022-05-09T00:00:00.000000', '2022-05-16T00:00:00.000000',
       '2022-05-23T00:00:00.000000', '2022-05-30T00:00:00.000000',
       '2022-06-06T00:00:00.000000', '2022-06-13T00:00:00.000000',
       '2022-06-20T00:00:00.000000', '2022-06-27T00:00:00.000000',
       '2022-07-04T00:00:00.000000', '2022-07-11T00:00:00.000000',
       '2022-07-18T00:00:00.000000', '2022-07-25T00:00:00.000000',
       '2022-08-01T00:00:00.000000', '2022-08-08T00:00:00.000000',
       '2022-08-15T00:00:00.000000', '2022-08-22T00:00:00.000000',
       '2022-08-29T00:00:00.000000', '2022-09-05T00:00:00.000000',
       '2022-09-12T00:00:00.000000', '2022-09-19T00:00:00.000000',
       '2022-09-26T00:00:00.000000', '2022-10-03T00:00:00.000000',
       '2022-10-10T00:00:00.000000', '2022-10-17T00:00:00.000000',
       '2022-10-24T00:00:00.000000', '2022-10-31T00:00:00.000000',
       '2022-11-07T00:00:00.000000', '2022-11-14T00:00:00.000000',
       '2022-11-21T00:00:00.000000', '2022-11-28T00:00:00.000000',
       '2022-12-05T00:00:00.000000', '2022-12-12T00:00:00.000000',
       '2022-12-19T00:00:00.000000', '2022-12-26T00:00:00.000000',
       '2023-01-02T00:00:00.000000', '2023-01-09T00:00:00.000000',
       '2023-01-16T00:00:00.000000', '2023-01-23T00:00:00.000000',
       '2023-01-30T00:00:00.000000', '2023-02-06T00:00:00.000000',
       '2023-02-13T00:00:00.000000', '2023-02-20T00:00:00.000000',
       '2023-02-27T00:00:00.000000', '2023-03-06T00:00:00.000000',
       '2023-03-13T00:00:00.000000', '2023-03-20T00:00:00.000000',
       '2023-03-27T00:00:00.000000', '2023-04-03T00:00:00.000000',
       '2023-04-10T00:00:00.000000', '2023-04-17T00:00:00.000000',
       '2023-04-24T00:00:00.000000', '2023-05-01T00:00:00.000000',
       '2023-05-08T00:00:00.000000', '2023-05-15T00:00:00.000000',
       '2023-05-22T00:00:00.000000', '2023-05-29T00:00:00.000000',
       '2023-06-05T00:00:00.000000', '2023-06-12T00:00:00.000000',
       '2023-06-19T00:00:00.000000', '2023-06-26T00:00:00.000000',
       '2023-07-03T00:00:00.000000', '2023-07-10T00:00:00.000000',
       '2023-07-17T00:00:00.000000', '2023-07-24T00:00:00.000000',
       '2023-07-31T00:00:00.000000', '2023-08-07T00:00:00.000000',
       '2023-08-14T00:00:00.000000', '2023-08-21T00:00:00.000000',
       '2023-08-28T00:00:00.000000', '2023-09-04T00:00:00.000000',
       '2023-09-11T00:00:00.000000', '2023-09-18T00:00:00.000000',
       '2023-09-25T00:00:00.000000', '2023-10-02T00:00:00.000000',
       '2023-10-09T00:00:00.000000', '2023-10-16T00:00:00.000000',
       '2023-10-23T00:00:00.000000', '2023-10-30T00:00:00.000000',
       '2023-11-06T00:00:00.000000', '2023-11-13T00:00:00.000000',
       '2023-11-20T00:00:00.000000', '2023-11-27T00:00:00.000000',
       '2023-12-04T00:00:00.000000', '2023-12-11T00:00:00.000000',
       '2023-12-18T00:00:00.000000', '2023-12-25T00:00:00.000000',
       '2024-01-01T00:00:00.000000', '2024-01-08T00:00:00.000000',
       '2024-01-15T00:00:00.000000', '2024-01-22T00:00:00.000000',
       '2024-01-29T00:00:00.000000', '2024-02-05T00:00:00.000000',
       '2024-02-12T00:00:00.000000', '2024-02-19T00:00:00.000000',
       '2024-02-26T00:00:00.000000', '2024-03-04T00:00:00.000000',
       '2024-03-11T00:00:00.000000', '2024-03-18T00:00:00.000000',
       '2024-03-25T00:00:00.000000', '2024-04-01T00:00:00.000000',
       '2024-04-08T00:00:00.000000', '2024-04-15T00:00:00.000000',
       '2024-04-22T00:00:00.000000', '2024-04-29T00:00:00.000000',
       '2024-05-06T00:00:00.000000', '2024-05-13T00:00:00.000000',
       '2024-05-20T00:00:00.000000', '2024-05-27T00:00:00.000000',
       '2024-06-03T00:00:00.000000', '2024-06-10T00:00:00.000000',
       '2024-06-17T00:00:00.000000', '2024-06-24T00:00:00.000000',
       '2024-07-01T00:00:00.000000', '2024-07-08T00:00:00.000000',
       '2024-07-15T00:00:00.000000', '2024-07-22T00:00:00.000000',
       '2024-07-29T00:00:00.000000', '2024-08-05T00:00:00.000000',
       '2024-08-12T00:00:00.000000', '2024-08-19T00:00:00.000000',
       '2024-08-26T00:00:00.000000', '2024-09-02T00:00:00.000000',
       '2024-09-09T00:00:00.000000', '2024-09-16T00:00:00.000000',
       '2024-09-23T00:00:00.000000', '2024-09-30T00:00:00.000000',
       '2024-10-07T00:00:00.000000', '2024-10-14T00:00:00.000000',
       '2024-10-21T00:00:00.000000', '2024-10-28T00:00:00.000000',
       '2024-11-04T00:00:00.000000', '2024-11-11T00:00:00.000000',
       '2024-11-18T00:00:00.000000', '2024-11-25T00:00:00.000000',
       '2024-12-02T00:00:00.000000', '2024-12-09T00:00:00.000000',
       '2024-12-16T00:00:00.000000', '2024-12-23T00:00:00.000000',
       '2024-12-30T00:00:00.000000', '2025-01-06T00:00:00.000000',
       '2025-01-13T00:00:00.000000', '2025-01-20T00:00:00.000000',
       '2025-01-27T00:00:00.000000', '2025-02-03T00:00:00.000000',
       '2025-02-10T00:00:00.000000', '2025-02-17T00:00:00.000000',
       '2025-02-24T00:00:00.000000', '2025-03-03T00:00:00.000000',
       '2025-03-10T00:00:00.000000', '2025-03-17T00:00:00.000000',
       '2025-03-24T00:00:00.000000', '2025-03-31T00:00:00.000000',
       '2025-04-07T00:00:00.000000', '2025-04-14T00:00:00.000000',
       '2025-04-21T00:00:00.000000', '2025-04-28T00:00:00.000000',
       '2025-05-05T00:00:00.000000', '2025-05-12T00:00:00.000000',
       '2025-05-19T00:00:00.000000', '2025-05-26T00:00:00.000000',
       '2025-06-02T00:00:00.000000', '2025-06-09T00:00:00.000000',
       '2025-06-16T00:00:00.000000', '2025-06-23T00:00:00.000000',
       '2025-06-30T00:00:00.000000', '2025-07-07T00:00:00.000000',
       '2025-07-14T00:00:00.000000', '2025-07-21T00:00:00.000000',
       '2025-07-28T00:00:00.000000', '2025-08-04T00:00:00.000000',
       '2025-08-11T00:00:00.000000', '2025-08-18T00:00:00.000000',
       '2025-08-25T00:00:00.000000', '2025-09-01T00:00:00.000000',
       '2025-09-08T00:00:00.000000', '2025-09-15T00:00:00.000000',
       '2025-09-22T00:00:00.000000', '2025-09-29T00:00:00.000000',
       '2025-10-06T00:00:00.000000', '2025-10-13T00:00:00.000000',
       '2025-10-20T00:00:00.000000', '2025-10-27T00:00:00.000000',
       '2025-11-03T00:00:00.000000', '2025-11-10T00:00:00.000000',
       '2025-11-17T00:00:00.000000', '2025-11-24T00:00:00.000000',
       '2025-12-01T00:00:00.000000', '2025-12-08T00:00:00.000000',
       '2025-12-15T00:00:00.000000', '2025-12-22T00:00:00.000000',
       '2025-12-29T00:00:00.000000', '2026-01-05T00:00:00.000000',
       '2026-01-12T00:00:00.000000', '2026-01-19T00:00:00.000000',
       '2026-01-26T00:00:00.000000', '2026-02-02T00:00:00.000000',
       '2026-02-09T00:00:00.000000', '2026-02-16T00:00:00.000000',
       '2026-02-23T00:00:00.000000', '2026-03-02T00:00:00.000000',
       '2026-03-09T00:00:00.000000', '2026-03-16T00:00:00.000000',
       '2026-03-23T00:00:00.000000', '2026-03-30T00:00:00.000000',
       '2026-04-06T00:00:00.000000', '2026-04-13T00:00:00.000000',
       '2026-05-25T00:00:00.000000', '2026-06-01T00:00:00.000000',
       '2026-06-02T00:00:00.000000', '2026-06-03T00:00:00.000000',
       '2026-06-04T00:00:00.000000', '2026-06-05T00:00:00.000000',
       '2026-06-06T00:00:00.000000', '2026-06-08T00:00:00.000000',
       '2026-06-09T00:00:00.000000'], dtype='datetime64[us]'))
2026-06-11 06:22:33.028 | DEBUG    | __main__:forecast_holt_winters:131 -     Holt-Winters forecast failed: positive() got an unexpected keyword argument 'lower'
2026-06-11 06:22:33.038 | DEBUG    | __main__:forecast_tree:163 -     Tree forecast failed: Feature shape mismatch, expected: 18, got 16
2026-06-11 06:22:33.039 | INFO     | __main__:forecast_commodity:266 -   daily        -> N   1,980,394/MT  +0.0%  (2026-06-15)
2026-06-11 06:22:33.046 | INFO     | __main__:forecast_commodity:266 -   weekly       -> N   1,980,394/MT  +0.0%  (2026-06-22)
2026-06-11 06:22:33.057 | INFO     | __main__:forecast_commodity:266 -   2_weeks      -> N   1,980,394/MT  +0.0%  (2026-06-29)
2026-06-11 06:22:33.065 | INFO     | __main__:forecast_commodity:266 -   monthly      -> N   1,980,394/MT  +0.0%  (2026-07-13)
2026-06-11 06:22:33.108 | INFO     | __main__:forecast_commodity:266 -   3_months     -> N   1,980,394/MT  +0.0%  (2026-09-14)
2026-06-11 06:22:33.135 | INFO     | __main__:forecast_commodity:266 -   6_months     -> N   1,980,394/MT  +0.0%  (2026-12-14)
2026-06-11 06:22:33.145 | INFO     | __main__:run_forecasting:331 -   Cashew Nuts
2026-06-11 06:22:33.153 | INFO     | __main__:run_forecasting:325 - 
[7/13] Forecasting Sorghum...
2026-06-11 06:22:33.383 | WARNING  | __main__:load_models_and_meta:87 -   Could not load arima for Sorghum: No module named 'pmdarima'
2026-06-11 06:22:33.712 | WARNING  | __main__:load_models_and_meta:87 -   Could not load prophet for Sorghum: (dtype('<M8[us]'), array(['2002-01-14T00:00:00.000000', '2002-01-21T00:00:00.000000',
       '2002-01-28T00:00:00.000000', ..., '2026-06-06T00:00:00.000000',
       '2026-06-08T00:00:00.000000', '2026-06-09T00:00:00.000000'],
      shape=(1275,), dtype='datetime64[us]'))
2026-06-11 06:22:34.358 | DEBUG    | __main__:forecast_holt_winters:131 -     Holt-Winters forecast failed: positive() got an unexpected keyword argument 'lower'
2026-06-11 06:22:34.427 | DEBUG    | __main__:forecast_tree:163 -     Tree forecast failed: Feature shape mismatch, expected: 18, got 16
2026-06-11 06:22:34.441 | INFO     | __main__:forecast_commodity:266 -   daily        -> N     428,722/MT  +0.0%  (2026-06-15)
2026-06-11 06:22:34.464 | INFO     | __main__:forecast_commodity:266 -   weekly       -> N     428,722/MT  +0.0%  (2026-06-22)
2026-06-11 06:22:34.477 | INFO     | __main__:forecast_commodity:266 -   2_weeks      -> N     428,722/MT  +0.0%  (2026-06-29)
2026-06-11 06:22:34.495 | INFO     | __main__:forecast_commodity:266 -   monthly      -> N     428,722/MT  +0.0%  (2026-07-13)
2026-06-11 06:22:34.524 | INFO     | __main__:forecast_commodity:266 -   3_months     -> N     428,722/MT  +0.0%  (2026-09-14)
2026-06-11 06:22:34.545 | INFO     | __main__:forecast_commodity:266 -   6_months     -> N     428,722/MT  +0.0%  (2026-12-14)
2026-06-11 06:22:34.618 | INFO     | __main__:run_forecasting:331 -   Sorghum
2026-06-11 06:22:34.635 | INFO     | __main__:run_forecasting:325 - 
[8/13] Forecasting Beans (white)...
2026-06-11 06:22:35.039 | WARNING  | __main__:load_models_and_meta:87 -   Could not load arima for Beans (white): No module named 'pmdarima'
2026-06-11 06:22:35.206 | WARNING  | __main__:load_models_and_meta:87 -   Could not load prophet for Beans (white): (dtype('<M8[us]'), array(['2002-01-14T00:00:00.000000', '2002-01-21T00:00:00.000000',
       '2002-01-28T00:00:00.000000', ..., '2026-06-06T00:00:00.000000',
       '2026-06-08T00:00:00.000000', '2026-06-09T00:00:00.000000'],
      shape=(1271,), dtype='datetime64[us]'))
2026-06-11 06:22:35.823 | DEBUG    | __main__:forecast_holt_winters:131 -     Holt-Winters forecast failed: positive() got an unexpected keyword argument 'lower'
2026-06-11 06:22:35.827 | DEBUG    | __main__:forecast_tree:163 -     Tree forecast failed: Feature shape mismatch, expected: 18, got 16
2026-06-11 06:22:35.828 | INFO     | __main__:forecast_commodity:266 -   daily        -> N     828,606/MT  +0.0%  (2026-06-15)
2026-06-11 06:22:35.840 | INFO     | __main__:forecast_commodity:266 -   weekly       -> N     828,606/MT  +0.0%  (2026-06-22)
2026-06-11 06:22:35.856 | INFO     | __main__:forecast_commodity:266 -   2_weeks      -> N     828,606/MT  +0.0%  (2026-06-29)
2026-06-11 06:22:35.870 | INFO     | __main__:forecast_commodity:266 -   monthly      -> N     828,606/MT  +0.0%  (2026-07-13)
2026-06-11 06:22:35.888 | INFO     | __main__:forecast_commodity:266 -   3_months     -> N     828,606/MT  +0.0%  (2026-09-14)
2026-06-11 06:22:35.909 | INFO     | __main__:forecast_commodity:266 -   6_months     -> N     828,606/MT  +0.0%  (2026-12-14)
2026-06-11 06:22:35.920 | INFO     | __main__:run_forecasting:331 -   Beans (white)
2026-06-11 06:22:35.935 | INFO     | __main__:run_forecasting:325 - 
[9/13] Forecasting Beans (red)...
2026-06-11 06:22:36.290 | WARNING  | __main__:load_models_and_meta:87 -   Could not load arima for Beans (red): No module named 'pmdarima'
2026-06-11 06:22:36.790 | WARNING  | __main__:load_models_and_meta:87 -   Could not load prophet for Beans (red): (dtype('<M8[us]'), array(['2016-01-11T00:00:00.000000', '2016-01-18T00:00:00.000000',
       '2016-01-25T00:00:00.000000', '2016-02-01T00:00:00.000000',
       '2016-02-08T00:00:00.000000', '2016-02-15T00:00:00.000000',
       '2016-02-22T00:00:00.000000', '2016-02-29T00:00:00.000000',
       '2016-03-07T00:00:00.000000', '2016-03-14T00:00:00.000000',
       '2016-03-21T00:00:00.000000', '2016-03-28T00:00:00.000000',
       '2016-04-04T00:00:00.000000', '2016-04-11T00:00:00.000000',
       '2016-04-18T00:00:00.000000', '2016-04-25T00:00:00.000000',
       '2016-05-02T00:00:00.000000', '2016-05-09T00:00:00.000000',
       '2016-05-16T00:00:00.000000', '2016-05-23T00:00:00.000000',
       '2016-05-30T00:00:00.000000', '2016-06-06T00:00:00.000000',
       '2016-06-13T00:00:00.000000', '2016-06-20T00:00:00.000000',
       '2016-06-27T00:00:00.000000', '2016-07-04T00:00:00.000000',
       '2016-07-11T00:00:00.000000', '2016-07-18T00:00:00.000000',
       '2016-07-25T00:00:00.000000', '2016-08-01T00:00:00.000000',
       '2016-08-08T00:00:00.000000', '2016-08-15T00:00:00.000000',
       '2016-08-22T00:00:00.000000', '2016-08-29T00:00:00.000000',
       '2016-09-05T00:00:00.000000', '2016-09-12T00:00:00.000000',
       '2016-09-19T00:00:00.000000', '2016-09-26T00:00:00.000000',
       '2016-10-03T00:00:00.000000', '2016-10-10T00:00:00.000000',
       '2016-10-17T00:00:00.000000', '2016-10-24T00:00:00.000000',
       '2016-10-31T00:00:00.000000', '2016-11-07T00:00:00.000000',
       '2016-11-14T00:00:00.000000', '2016-11-21T00:00:00.000000',
       '2016-11-28T00:00:00.000000', '2016-12-05T00:00:00.000000',
       '2016-12-12T00:00:00.000000', '2016-12-19T00:00:00.000000',
       '2016-12-26T00:00:00.000000', '2017-01-02T00:00:00.000000',
       '2017-01-09T00:00:00.000000', '2017-01-16T00:00:00.000000',
       '2017-01-23T00:00:00.000000', '2017-01-30T00:00:00.000000',
       '2017-02-06T00:00:00.000000', '2017-02-13T00:00:00.000000',
       '2017-02-20T00:00:00.000000', '2017-02-27T00:00:00.000000',
       '2017-03-06T00:00:00.000000', '2017-03-13T00:00:00.000000',
       '2017-03-20T00:00:00.000000', '2017-03-27T00:00:00.000000',
       '2017-04-03T00:00:00.000000', '2017-04-10T00:00:00.000000',
       '2017-04-17T00:00:00.000000', '2017-04-24T00:00:00.000000',
       '2017-05-01T00:00:00.000000', '2017-05-08T00:00:00.000000',
       '2017-05-15T00:00:00.000000', '2017-05-22T00:00:00.000000',
       '2017-05-29T00:00:00.000000', '2017-06-05T00:00:00.000000',
       '2017-06-12T00:00:00.000000', '2017-06-19T00:00:00.000000',
       '2017-06-26T00:00:00.000000', '2017-07-03T00:00:00.000000',
       '2017-07-10T00:00:00.000000', '2017-07-17T00:00:00.000000',
       '2017-07-24T00:00:00.000000', '2017-07-31T00:00:00.000000',
       '2017-08-07T00:00:00.000000', '2017-08-14T00:00:00.000000',
       '2017-08-21T00:00:00.000000', '2017-08-28T00:00:00.000000',
       '2017-09-04T00:00:00.000000', '2017-09-11T00:00:00.000000',
       '2017-09-18T00:00:00.000000', '2017-09-25T00:00:00.000000',
       '2017-10-02T00:00:00.000000', '2017-10-09T00:00:00.000000',
       '2017-10-16T00:00:00.000000', '2017-10-23T00:00:00.000000',
       '2017-10-30T00:00:00.000000', '2017-11-06T00:00:00.000000',
       '2017-11-13T00:00:00.000000', '2017-11-20T00:00:00.000000',
       '2017-11-27T00:00:00.000000', '2017-12-04T00:00:00.000000',
       '2017-12-11T00:00:00.000000', '2017-12-18T00:00:00.000000',
       '2017-12-25T00:00:00.000000', '2018-01-01T00:00:00.000000',
       '2018-01-08T00:00:00.000000', '2018-01-15T00:00:00.000000',
       '2018-01-22T00:00:00.000000', '2018-01-29T00:00:00.000000',
       '2018-02-05T00:00:00.000000', '2018-02-12T00:00:00.000000',
       '2018-02-19T00:00:00.000000', '2018-02-26T00:00:00.000000',
       '2018-03-05T00:00:00.000000', '2018-03-12T00:00:00.000000',
       '2018-03-19T00:00:00.000000', '2018-03-26T00:00:00.000000',
       '2018-04-02T00:00:00.000000', '2018-04-09T00:00:00.000000',
       '2018-04-16T00:00:00.000000', '2018-04-23T00:00:00.000000',
       '2018-04-30T00:00:00.000000', '2018-05-07T00:00:00.000000',
       '2018-05-14T00:00:00.000000', '2018-05-21T00:00:00.000000',
       '2018-05-28T00:00:00.000000', '2018-06-04T00:00:00.000000',
       '2018-06-11T00:00:00.000000', '2018-06-18T00:00:00.000000',
       '2018-06-25T00:00:00.000000', '2018-07-02T00:00:00.000000',
       '2018-07-09T00:00:00.000000', '2018-07-16T00:00:00.000000',
       '2018-07-23T00:00:00.000000', '2018-07-30T00:00:00.000000',
       '2018-08-06T00:00:00.000000', '2018-08-13T00:00:00.000000',
       '2018-08-20T00:00:00.000000', '2018-08-27T00:00:00.000000',
       '2018-09-03T00:00:00.000000', '2018-09-10T00:00:00.000000',
       '2018-09-17T00:00:00.000000', '2018-09-24T00:00:00.000000',
       '2018-10-01T00:00:00.000000', '2018-10-08T00:00:00.000000',
       '2018-10-15T00:00:00.000000', '2018-10-22T00:00:00.000000',
       '2018-10-29T00:00:00.000000', '2018-11-05T00:00:00.000000',
       '2018-11-12T00:00:00.000000', '2018-11-19T00:00:00.000000',
       '2018-11-26T00:00:00.000000', '2018-12-03T00:00:00.000000',
       '2018-12-10T00:00:00.000000', '2018-12-17T00:00:00.000000',
       '2018-12-24T00:00:00.000000', '2018-12-31T00:00:00.000000',
       '2019-01-07T00:00:00.000000', '2019-01-14T00:00:00.000000',
       '2019-01-21T00:00:00.000000', '2019-01-28T00:00:00.000000',
       '2019-02-04T00:00:00.000000', '2019-02-11T00:00:00.000000',
       '2019-02-18T00:00:00.000000', '2019-02-25T00:00:00.000000',
       '2019-03-04T00:00:00.000000', '2019-03-11T00:00:00.000000',
       '2019-03-18T00:00:00.000000', '2019-03-25T00:00:00.000000',
       '2019-04-01T00:00:00.000000', '2019-04-08T00:00:00.000000',
       '2019-04-15T00:00:00.000000', '2019-04-22T00:00:00.000000',
       '2019-04-29T00:00:00.000000', '2019-05-06T00:00:00.000000',
       '2019-05-13T00:00:00.000000', '2019-05-20T00:00:00.000000',
       '2019-05-27T00:00:00.000000', '2019-06-03T00:00:00.000000',
       '2019-06-10T00:00:00.000000', '2019-06-17T00:00:00.000000',
       '2019-06-24T00:00:00.000000', '2019-07-01T00:00:00.000000',
       '2019-07-08T00:00:00.000000', '2019-07-15T00:00:00.000000',
       '2019-07-22T00:00:00.000000', '2019-07-29T00:00:00.000000',
       '2019-08-05T00:00:00.000000', '2019-08-12T00:00:00.000000',
       '2019-08-19T00:00:00.000000', '2019-08-26T00:00:00.000000',
       '2019-09-02T00:00:00.000000', '2019-09-09T00:00:00.000000',
       '2019-09-16T00:00:00.000000', '2019-09-23T00:00:00.000000',
       '2019-09-30T00:00:00.000000', '2019-10-07T00:00:00.000000',
       '2019-10-14T00:00:00.000000', '2019-10-21T00:00:00.000000',
       '2019-10-28T00:00:00.000000', '2019-11-04T00:00:00.000000',
       '2019-11-11T00:00:00.000000', '2019-11-18T00:00:00.000000',
       '2019-11-25T00:00:00.000000', '2019-12-02T00:00:00.000000',
       '2019-12-09T00:00:00.000000', '2019-12-16T00:00:00.000000',
       '2019-12-23T00:00:00.000000', '2019-12-30T00:00:00.000000',
       '2020-01-06T00:00:00.000000', '2020-01-13T00:00:00.000000',
       '2020-01-20T00:00:00.000000', '2020-01-27T00:00:00.000000',
       '2020-02-03T00:00:00.000000', '2020-02-10T00:00:00.000000',
       '2020-02-17T00:00:00.000000', '2020-02-24T00:00:00.000000',
       '2020-03-02T00:00:00.000000', '2020-03-09T00:00:00.000000',
       '2020-03-16T00:00:00.000000', '2020-03-23T00:00:00.000000',
       '2020-03-30T00:00:00.000000', '2020-04-06T00:00:00.000000',
       '2020-04-13T00:00:00.000000', '2020-04-20T00:00:00.000000',
       '2020-04-27T00:00:00.000000', '2020-05-04T00:00:00.000000',
       '2020-05-11T00:00:00.000000', '2020-05-18T00:00:00.000000',
       '2020-05-25T00:00:00.000000', '2020-06-01T00:00:00.000000',
       '2020-06-08T00:00:00.000000', '2020-06-15T00:00:00.000000',
       '2020-06-22T00:00:00.000000', '2020-06-29T00:00:00.000000',
       '2020-07-06T00:00:00.000000', '2020-07-13T00:00:00.000000',
       '2020-07-20T00:00:00.000000', '2020-07-27T00:00:00.000000',
       '2020-08-03T00:00:00.000000', '2020-08-10T00:00:00.000000',
       '2020-08-17T00:00:00.000000', '2020-08-24T00:00:00.000000',
       '2020-08-31T00:00:00.000000', '2020-09-07T00:00:00.000000',
       '2020-09-14T00:00:00.000000', '2020-09-21T00:00:00.000000',
       '2020-09-28T00:00:00.000000', '2020-10-05T00:00:00.000000',
       '2020-10-12T00:00:00.000000', '2020-10-19T00:00:00.000000',
       '2020-10-26T00:00:00.000000', '2020-11-02T00:00:00.000000',
       '2020-11-09T00:00:00.000000', '2020-11-16T00:00:00.000000',
       '2020-11-23T00:00:00.000000', '2020-11-30T00:00:00.000000',
       '2020-12-07T00:00:00.000000', '2020-12-14T00:00:00.000000',
       '2020-12-21T00:00:00.000000', '2020-12-28T00:00:00.000000',
       '2021-01-04T00:00:00.000000', '2021-01-11T00:00:00.000000',
       '2021-01-18T00:00:00.000000', '2021-01-25T00:00:00.000000',
       '2021-02-01T00:00:00.000000', '2021-02-08T00:00:00.000000',
       '2021-02-15T00:00:00.000000', '2021-02-22T00:00:00.000000',
       '2021-03-01T00:00:00.000000', '2021-03-08T00:00:00.000000',
       '2021-03-15T00:00:00.000000', '2021-03-22T00:00:00.000000',
       '2021-03-29T00:00:00.000000', '2021-04-05T00:00:00.000000',
       '2021-04-12T00:00:00.000000', '2021-04-19T00:00:00.000000',
       '2021-04-26T00:00:00.000000', '2021-05-03T00:00:00.000000',
       '2021-05-10T00:00:00.000000', '2021-05-17T00:00:00.000000',
       '2021-05-24T00:00:00.000000', '2021-05-31T00:00:00.000000',
       '2021-06-07T00:00:00.000000', '2021-06-14T00:00:00.000000',
       '2021-06-21T00:00:00.000000', '2021-06-28T00:00:00.000000',
       '2021-07-05T00:00:00.000000', '2021-07-12T00:00:00.000000',
       '2021-07-19T00:00:00.000000', '2021-07-26T00:00:00.000000',
       '2021-08-02T00:00:00.000000', '2021-08-09T00:00:00.000000',
       '2021-08-16T00:00:00.000000', '2021-08-23T00:00:00.000000',
       '2021-08-30T00:00:00.000000', '2021-09-06T00:00:00.000000',
       '2021-09-13T00:00:00.000000', '2021-09-20T00:00:00.000000',
       '2021-09-27T00:00:00.000000', '2021-10-04T00:00:00.000000',
       '2021-10-11T00:00:00.000000', '2021-10-18T00:00:00.000000',
       '2021-10-25T00:00:00.000000', '2021-11-01T00:00:00.000000',
       '2021-11-08T00:00:00.000000', '2021-11-15T00:00:00.000000',
       '2021-11-22T00:00:00.000000', '2021-11-29T00:00:00.000000',
       '2021-12-06T00:00:00.000000', '2021-12-13T00:00:00.000000',
       '2021-12-20T00:00:00.000000', '2021-12-27T00:00:00.000000',
       '2022-01-03T00:00:00.000000', '2022-01-10T00:00:00.000000',
       '2022-01-17T00:00:00.000000', '2022-01-24T00:00:00.000000',
       '2022-01-31T00:00:00.000000', '2022-02-07T00:00:00.000000',
       '2022-02-14T00:00:00.000000', '2022-02-21T00:00:00.000000',
       '2022-02-28T00:00:00.000000', '2022-03-07T00:00:00.000000',
       '2022-03-14T00:00:00.000000', '2022-03-21T00:00:00.000000',
       '2022-03-28T00:00:00.000000', '2022-04-04T00:00:00.000000',
       '2022-04-11T00:00:00.000000', '2022-04-18T00:00:00.000000',
       '2022-04-25T00:00:00.000000', '2022-05-02T00:00:00.000000',
       '2022-05-09T00:00:00.000000', '2022-05-16T00:00:00.000000',
       '2022-05-23T00:00:00.000000', '2022-05-30T00:00:00.000000',
       '2022-06-06T00:00:00.000000', '2022-06-13T00:00:00.000000',
       '2022-06-20T00:00:00.000000', '2022-06-27T00:00:00.000000',
       '2022-07-04T00:00:00.000000', '2022-07-11T00:00:00.000000',
       '2022-07-18T00:00:00.000000', '2022-07-25T00:00:00.000000',
       '2022-08-01T00:00:00.000000', '2022-08-08T00:00:00.000000',
       '2022-08-15T00:00:00.000000', '2022-08-22T00:00:00.000000',
       '2022-08-29T00:00:00.000000', '2022-09-05T00:00:00.000000',
       '2022-09-12T00:00:00.000000', '2022-09-19T00:00:00.000000',
       '2022-09-26T00:00:00.000000', '2022-10-03T00:00:00.000000',
       '2022-10-10T00:00:00.000000', '2022-10-17T00:00:00.000000',
       '2022-10-24T00:00:00.000000', '2022-10-31T00:00:00.000000',
       '2022-11-07T00:00:00.000000', '2022-11-14T00:00:00.000000',
       '2022-11-21T00:00:00.000000', '2022-11-28T00:00:00.000000',
       '2022-12-05T00:00:00.000000', '2022-12-12T00:00:00.000000',
       '2022-12-19T00:00:00.000000', '2022-12-26T00:00:00.000000',
       '2023-01-02T00:00:00.000000', '2023-01-09T00:00:00.000000',
       '2023-01-16T00:00:00.000000', '2023-01-23T00:00:00.000000',
       '2023-01-30T00:00:00.000000', '2023-02-06T00:00:00.000000',
       '2023-02-13T00:00:00.000000', '2023-02-20T00:00:00.000000',
       '2023-02-27T00:00:00.000000', '2023-03-06T00:00:00.000000',
       '2023-03-13T00:00:00.000000', '2023-03-20T00:00:00.000000',
       '2023-03-27T00:00:00.000000', '2023-04-03T00:00:00.000000',
       '2023-04-10T00:00:00.000000', '2023-04-17T00:00:00.000000',
       '2023-04-24T00:00:00.000000', '2023-05-01T00:00:00.000000',
       '2023-05-08T00:00:00.000000', '2023-05-15T00:00:00.000000',
       '2023-05-22T00:00:00.000000', '2023-05-29T00:00:00.000000',
       '2023-06-05T00:00:00.000000', '2023-06-12T00:00:00.000000',
       '2023-06-19T00:00:00.000000', '2023-06-26T00:00:00.000000',
       '2023-07-03T00:00:00.000000', '2023-07-10T00:00:00.000000',
       '2023-07-17T00:00:00.000000', '2023-07-24T00:00:00.000000',
       '2023-07-31T00:00:00.000000', '2023-08-07T00:00:00.000000',
       '2023-08-14T00:00:00.000000', '2023-08-21T00:00:00.000000',
       '2023-08-28T00:00:00.000000', '2023-09-04T00:00:00.000000',
       '2023-09-11T00:00:00.000000', '2023-09-18T00:00:00.000000',
       '2023-09-25T00:00:00.000000', '2023-10-02T00:00:00.000000',
       '2023-10-09T00:00:00.000000', '2023-10-16T00:00:00.000000',
       '2023-10-23T00:00:00.000000', '2023-10-30T00:00:00.000000',
       '2023-11-06T00:00:00.000000', '2023-11-13T00:00:00.000000',
       '2023-11-20T00:00:00.000000', '2023-11-27T00:00:00.000000',
       '2023-12-04T00:00:00.000000', '2023-12-11T00:00:00.000000',
       '2023-12-18T00:00:00.000000', '2023-12-25T00:00:00.000000',
       '2024-01-01T00:00:00.000000', '2024-01-08T00:00:00.000000',
       '2024-01-15T00:00:00.000000', '2024-01-22T00:00:00.000000',
       '2024-01-29T00:00:00.000000', '2024-02-05T00:00:00.000000',
       '2024-02-12T00:00:00.000000', '2024-02-19T00:00:00.000000',
       '2024-02-26T00:00:00.000000', '2024-03-04T00:00:00.000000',
       '2024-03-11T00:00:00.000000', '2024-03-18T00:00:00.000000',
       '2024-03-25T00:00:00.000000', '2024-04-01T00:00:00.000000',
       '2024-04-08T00:00:00.000000', '2024-04-15T00:00:00.000000',
       '2024-04-22T00:00:00.000000', '2024-04-29T00:00:00.000000',
       '2024-05-06T00:00:00.000000', '2024-05-13T00:00:00.000000',
       '2024-05-20T00:00:00.000000', '2024-05-27T00:00:00.000000',
       '2024-06-03T00:00:00.000000', '2024-06-10T00:00:00.000000',
       '2024-06-17T00:00:00.000000', '2024-06-24T00:00:00.000000',
       '2024-07-01T00:00:00.000000', '2024-07-08T00:00:00.000000',
       '2024-07-15T00:00:00.000000', '2024-07-22T00:00:00.000000',
       '2024-07-29T00:00:00.000000', '2024-08-05T00:00:00.000000',
       '2024-08-12T00:00:00.000000', '2024-08-19T00:00:00.000000',
       '2024-08-26T00:00:00.000000', '2024-09-02T00:00:00.000000',
       '2024-09-09T00:00:00.000000', '2024-09-16T00:00:00.000000',
       '2024-09-23T00:00:00.000000', '2024-09-30T00:00:00.000000',
       '2024-10-07T00:00:00.000000', '2024-10-14T00:00:00.000000',
       '2024-10-21T00:00:00.000000', '2024-10-28T00:00:00.000000',
       '2024-11-04T00:00:00.000000', '2024-11-11T00:00:00.000000',
       '2024-11-18T00:00:00.000000', '2024-11-25T00:00:00.000000',
       '2024-12-02T00:00:00.000000', '2024-12-09T00:00:00.000000',
       '2024-12-16T00:00:00.000000', '2024-12-23T00:00:00.000000',
       '2024-12-30T00:00:00.000000', '2025-01-06T00:00:00.000000',
       '2025-01-13T00:00:00.000000', '2025-01-20T00:00:00.000000',
       '2025-01-27T00:00:00.000000', '2025-02-03T00:00:00.000000',
       '2025-02-10T00:00:00.000000', '2025-02-17T00:00:00.000000',
       '2025-02-24T00:00:00.000000', '2025-03-03T00:00:00.000000',
       '2025-03-10T00:00:00.000000', '2025-03-17T00:00:00.000000',
       '2025-03-24T00:00:00.000000', '2025-03-31T00:00:00.000000',
       '2025-04-07T00:00:00.000000', '2025-04-14T00:00:00.000000',
       '2025-04-21T00:00:00.000000', '2025-04-28T00:00:00.000000',
       '2025-05-05T00:00:00.000000', '2025-05-12T00:00:00.000000',
       '2025-05-19T00:00:00.000000', '2025-05-26T00:00:00.000000',
       '2025-06-02T00:00:00.000000', '2025-06-09T00:00:00.000000',
       '2025-06-16T00:00:00.000000', '2025-06-23T00:00:00.000000',
       '2025-06-30T00:00:00.000000', '2025-07-07T00:00:00.000000',
       '2025-07-14T00:00:00.000000', '2025-07-21T00:00:00.000000',
       '2025-07-28T00:00:00.000000', '2025-08-04T00:00:00.000000',
       '2025-08-11T00:00:00.000000', '2025-08-18T00:00:00.000000',
       '2025-08-25T00:00:00.000000', '2025-09-01T00:00:00.000000',
       '2025-09-08T00:00:00.000000', '2025-09-15T00:00:00.000000',
       '2025-09-22T00:00:00.000000', '2025-09-29T00:00:00.000000',
       '2025-10-06T00:00:00.000000', '2025-10-13T00:00:00.000000',
       '2025-10-20T00:00:00.000000', '2025-10-27T00:00:00.000000',
       '2025-11-03T00:00:00.000000', '2025-11-10T00:00:00.000000',
       '2025-11-17T00:00:00.000000', '2025-11-24T00:00:00.000000',
       '2025-12-01T00:00:00.000000', '2025-12-08T00:00:00.000000',
       '2025-12-15T00:00:00.000000', '2025-12-22T00:00:00.000000',
       '2025-12-29T00:00:00.000000', '2026-01-05T00:00:00.000000',
       '2026-01-12T00:00:00.000000', '2026-01-19T00:00:00.000000',
       '2026-01-26T00:00:00.000000', '2026-02-02T00:00:00.000000',
       '2026-02-09T00:00:00.000000', '2026-02-16T00:00:00.000000',
       '2026-02-23T00:00:00.000000', '2026-03-02T00:00:00.000000',
       '2026-03-09T00:00:00.000000', '2026-03-16T00:00:00.000000',
       '2026-05-25T00:00:00.000000', '2026-06-01T00:00:00.000000',
       '2026-06-02T00:00:00.000000', '2026-06-03T00:00:00.000000',
       '2026-06-04T00:00:00.000000', '2026-06-05T00:00:00.000000',
       '2026-06-06T00:00:00.000000', '2026-06-08T00:00:00.000000',
       '2026-06-09T00:00:00.000000'], dtype='datetime64[us]'))
2026-06-11 06:22:38.134 | DEBUG    | __main__:forecast_holt_winters:131 -     Holt-Winters forecast failed: positive() got an unexpected keyword argument 'lower'
2026-06-11 06:22:38.189 | DEBUG    | __main__:forecast_tree:163 -     Tree forecast failed: Feature shape mismatch, expected: 18, got 16
2026-06-11 06:22:38.216 | INFO     | __main__:forecast_commodity:266 -   daily        -> N     895,281/MT  +0.0%  (2026-06-15)
2026-06-11 06:22:38.240 | INFO     | __main__:forecast_commodity:266 -   weekly       -> N     895,281/MT  +0.0%  (2026-06-22)
2026-06-11 06:22:38.276 | INFO     | __main__:forecast_commodity:266 -   2_weeks      -> N     895,281/MT  +0.0%  (2026-06-29)
2026-06-11 06:22:38.292 | INFO     | __main__:forecast_commodity:266 -   monthly      -> N     895,281/MT  +0.0%  (2026-07-13)
2026-06-11 06:22:38.342 | INFO     | __main__:forecast_commodity:266 -   3_months     -> N     895,281/MT  +0.0%  (2026-09-14)
2026-06-11 06:22:38.446 | INFO     | __main__:forecast_commodity:266 -   6_months     -> N     895,281/MT  +0.0%  (2026-12-14)
2026-06-11 06:22:38.477 | INFO     | __main__:run_forecasting:331 -   Beans (red)
2026-06-11 06:22:38.497 | INFO     | __main__:run_forecasting:325 - 
[10/13] Forecasting Maize (white)...
2026-06-11 06:22:38.758 | WARNING  | __main__:load_models_and_meta:87 -   Could not load arima for Maize (white): No module named 'pmdarima'
2026-06-11 06:22:38.910 | WARNING  | __main__:load_models_and_meta:87 -   Could not load prophet for Maize (white): (dtype('<M8[us]'), array(['2002-01-14T00:00:00.000000', '2002-01-21T00:00:00.000000',
       '2002-01-28T00:00:00.000000', ..., '2026-06-06T00:00:00.000000',
       '2026-06-08T00:00:00.000000', '2026-06-09T00:00:00.000000'],
      shape=(1274,), dtype='datetime64[us]'))
2026-06-11 06:22:39.272 | DEBUG    | __main__:forecast_holt_winters:131 -     Holt-Winters forecast failed: positive() got an unexpected keyword argument 'lower'
2026-06-11 06:22:39.276 | DEBUG    | __main__:forecast_tree:163 -     Tree forecast failed: Feature shape mismatch, expected: 18, got 16
2026-06-11 06:22:39.276 | INFO     | __main__:forecast_commodity:266 -   daily        -> N     375,078/MT  +0.0%  (2026-06-15)
2026-06-11 06:22:39.316 | INFO     | __main__:forecast_commodity:266 -   weekly       -> N     375,078/MT  +0.0%  (2026-06-22)
2026-06-11 06:22:39.340 | INFO     | __main__:forecast_commodity:266 -   2_weeks      -> N     375,078/MT  +0.0%  (2026-06-29)
2026-06-11 06:22:39.369 | INFO     | __main__:forecast_commodity:266 -   monthly      -> N     375,078/MT  +0.0%  (2026-07-13)
2026-06-11 06:22:39.392 | INFO     | __main__:forecast_commodity:266 -   3_months     -> N     375,078/MT  +0.0%  (2026-09-14)
2026-06-11 06:22:39.444 | INFO     | __main__:forecast_commodity:266 -   6_months     -> N     375,078/MT  +0.0%  (2026-12-14)
2026-06-11 06:22:39.469 | INFO     | __main__:run_forecasting:331 -   Maize (white)
2026-06-11 06:22:39.503 | INFO     | __main__:run_forecasting:325 - 
[11/13] Forecasting Maize (yellow)...
2026-06-11 06:22:39.954 | WARNING  | __main__:load_models_and_meta:87 -   Could not load arima for Maize (yellow): No module named 'pmdarima'
2026-06-11 06:22:40.175 | WARNING  | __main__:load_models_and_meta:87 -   Could not load prophet for Maize (yellow): (dtype('<M8[us]'), array(['2014-05-12T00:00:00.000000', '2014-05-19T00:00:00.000000',
       '2014-05-26T00:00:00.000000', '2014-06-02T00:00:00.000000',
       '2014-06-09T00:00:00.000000', '2014-06-16T00:00:00.000000',
       '2014-06-23T00:00:00.000000', '2014-06-30T00:00:00.000000',
       '2014-07-07T00:00:00.000000', '2014-07-14T00:00:00.000000',
       '2014-07-21T00:00:00.000000', '2014-07-28T00:00:00.000000',
       '2014-08-04T00:00:00.000000', '2014-08-11T00:00:00.000000',
       '2014-08-18T00:00:00.000000', '2014-08-25T00:00:00.000000',
       '2014-09-01T00:00:00.000000', '2014-09-08T00:00:00.000000',
       '2014-09-15T00:00:00.000000', '2014-09-22T00:00:00.000000',
       '2014-09-29T00:00:00.000000', '2014-10-06T00:00:00.000000',
       '2014-10-13T00:00:00.000000', '2014-10-20T00:00:00.000000',
       '2014-10-27T00:00:00.000000', '2014-11-03T00:00:00.000000',
       '2014-11-10T00:00:00.000000', '2014-11-17T00:00:00.000000',
       '2014-11-24T00:00:00.000000', '2014-12-01T00:00:00.000000',
       '2014-12-08T00:00:00.000000', '2014-12-15T00:00:00.000000',
       '2014-12-22T00:00:00.000000', '2014-12-29T00:00:00.000000',
       '2015-01-05T00:00:00.000000', '2015-01-12T00:00:00.000000',
       '2015-01-19T00:00:00.000000', '2015-01-26T00:00:00.000000',
       '2015-02-02T00:00:00.000000', '2015-02-09T00:00:00.000000',
       '2015-02-16T00:00:00.000000', '2015-02-23T00:00:00.000000',
       '2015-03-02T00:00:00.000000', '2015-03-09T00:00:00.000000',
       '2015-03-16T00:00:00.000000', '2015-03-23T00:00:00.000000',
       '2015-03-30T00:00:00.000000', '2015-04-06T00:00:00.000000',
       '2015-04-13T00:00:00.000000', '2015-04-20T00:00:00.000000',
       '2015-04-27T00:00:00.000000', '2015-05-04T00:00:00.000000',
       '2015-05-11T00:00:00.000000', '2015-05-18T00:00:00.000000',
       '2015-05-25T00:00:00.000000', '2015-06-01T00:00:00.000000',
       '2015-06-08T00:00:00.000000', '2015-06-15T00:00:00.000000',
       '2015-06-22T00:00:00.000000', '2015-06-29T00:00:00.000000',
       '2015-07-06T00:00:00.000000', '2015-07-13T00:00:00.000000',
       '2015-07-20T00:00:00.000000', '2015-07-27T00:00:00.000000',
       '2015-08-03T00:00:00.000000', '2015-08-10T00:00:00.000000',
       '2015-08-17T00:00:00.000000', '2015-08-24T00:00:00.000000',
       '2015-08-31T00:00:00.000000', '2015-09-07T00:00:00.000000',
       '2015-09-14T00:00:00.000000', '2015-09-21T00:00:00.000000',
       '2015-09-28T00:00:00.000000', '2015-10-05T00:00:00.000000',
       '2015-10-12T00:00:00.000000', '2015-10-19T00:00:00.000000',
       '2015-10-26T00:00:00.000000', '2015-11-02T00:00:00.000000',
       '2015-11-09T00:00:00.000000', '2015-11-16T00:00:00.000000',
       '2015-11-23T00:00:00.000000', '2015-11-30T00:00:00.000000',
       '2015-12-07T00:00:00.000000', '2015-12-14T00:00:00.000000',
       '2015-12-21T00:00:00.000000', '2015-12-28T00:00:00.000000',
       '2016-01-04T00:00:00.000000', '2016-01-11T00:00:00.000000',
       '2016-01-18T00:00:00.000000', '2016-01-25T00:00:00.000000',
       '2016-02-01T00:00:00.000000', '2016-02-08T00:00:00.000000',
       '2016-02-15T00:00:00.000000', '2016-02-22T00:00:00.000000',
       '2016-02-29T00:00:00.000000', '2016-03-07T00:00:00.000000',
       '2016-03-14T00:00:00.000000', '2016-03-21T00:00:00.000000',
       '2016-03-28T00:00:00.000000', '2016-04-04T00:00:00.000000',
       '2016-04-11T00:00:00.000000', '2016-04-18T00:00:00.000000',
       '2016-04-25T00:00:00.000000', '2016-05-02T00:00:00.000000',
       '2016-05-09T00:00:00.000000', '2016-05-16T00:00:00.000000',
       '2016-05-23T00:00:00.000000', '2016-05-30T00:00:00.000000',
       '2016-06-06T00:00:00.000000', '2016-06-13T00:00:00.000000',
       '2016-06-20T00:00:00.000000', '2016-06-27T00:00:00.000000',
       '2016-07-04T00:00:00.000000', '2016-07-11T00:00:00.000000',
       '2016-07-18T00:00:00.000000', '2016-07-25T00:00:00.000000',
       '2016-08-01T00:00:00.000000', '2016-08-08T00:00:00.000000',
       '2016-08-15T00:00:00.000000', '2016-08-22T00:00:00.000000',
       '2016-08-29T00:00:00.000000', '2016-09-05T00:00:00.000000',
       '2016-09-12T00:00:00.000000', '2016-09-19T00:00:00.000000',
       '2016-09-26T00:00:00.000000', '2016-10-03T00:00:00.000000',
       '2016-10-10T00:00:00.000000', '2016-10-17T00:00:00.000000',
       '2016-10-24T00:00:00.000000', '2016-10-31T00:00:00.000000',
       '2016-11-07T00:00:00.000000', '2016-11-14T00:00:00.000000',
       '2016-11-21T00:00:00.000000', '2016-11-28T00:00:00.000000',
       '2016-12-05T00:00:00.000000', '2016-12-12T00:00:00.000000',
       '2016-12-19T00:00:00.000000', '2016-12-26T00:00:00.000000',
       '2017-01-02T00:00:00.000000', '2017-01-09T00:00:00.000000',
       '2017-01-16T00:00:00.000000', '2017-01-23T00:00:00.000000',
       '2017-01-30T00:00:00.000000', '2017-02-06T00:00:00.000000',
       '2017-02-13T00:00:00.000000', '2017-02-20T00:00:00.000000',
       '2017-02-27T00:00:00.000000', '2017-03-06T00:00:00.000000',
       '2017-03-13T00:00:00.000000', '2017-03-20T00:00:00.000000',
       '2017-03-27T00:00:00.000000', '2017-04-03T00:00:00.000000',
       '2017-04-10T00:00:00.000000', '2017-04-17T00:00:00.000000',
       '2017-04-24T00:00:00.000000', '2017-05-01T00:00:00.000000',
       '2017-05-08T00:00:00.000000', '2017-05-15T00:00:00.000000',
       '2017-05-22T00:00:00.000000', '2017-05-29T00:00:00.000000',
       '2017-06-05T00:00:00.000000', '2017-06-12T00:00:00.000000',
       '2017-06-19T00:00:00.000000', '2017-06-26T00:00:00.000000',
       '2017-07-03T00:00:00.000000', '2017-07-10T00:00:00.000000',
       '2017-07-17T00:00:00.000000', '2017-07-24T00:00:00.000000',
       '2017-07-31T00:00:00.000000', '2017-08-07T00:00:00.000000',
       '2017-08-14T00:00:00.000000', '2017-08-21T00:00:00.000000',
       '2017-08-28T00:00:00.000000', '2017-09-04T00:00:00.000000',
       '2017-09-11T00:00:00.000000', '2017-09-18T00:00:00.000000',
       '2017-09-25T00:00:00.000000', '2017-10-02T00:00:00.000000',
       '2017-10-09T00:00:00.000000', '2017-10-16T00:00:00.000000',
       '2017-10-23T00:00:00.000000', '2017-10-30T00:00:00.000000',
       '2017-11-06T00:00:00.000000', '2017-11-13T00:00:00.000000',
       '2017-11-20T00:00:00.000000', '2017-11-27T00:00:00.000000',
       '2017-12-04T00:00:00.000000', '2017-12-11T00:00:00.000000',
       '2017-12-18T00:00:00.000000', '2017-12-25T00:00:00.000000',
       '2018-01-01T00:00:00.000000', '2018-01-08T00:00:00.000000',
       '2018-01-15T00:00:00.000000', '2018-01-22T00:00:00.000000',
       '2018-01-29T00:00:00.000000', '2018-02-05T00:00:00.000000',
       '2018-02-12T00:00:00.000000', '2018-02-19T00:00:00.000000',
       '2018-02-26T00:00:00.000000', '2018-03-05T00:00:00.000000',
       '2018-03-12T00:00:00.000000', '2018-03-19T00:00:00.000000',
       '2018-03-26T00:00:00.000000', '2018-04-02T00:00:00.000000',
       '2018-04-09T00:00:00.000000', '2018-04-16T00:00:00.000000',
       '2018-04-23T00:00:00.000000', '2018-04-30T00:00:00.000000',
       '2018-05-07T00:00:00.000000', '2018-05-14T00:00:00.000000',
       '2018-05-21T00:00:00.000000', '2018-05-28T00:00:00.000000',
       '2018-06-04T00:00:00.000000', '2018-06-11T00:00:00.000000',
       '2018-06-18T00:00:00.000000', '2018-06-25T00:00:00.000000',
       '2018-07-02T00:00:00.000000', '2018-07-09T00:00:00.000000',
       '2018-07-16T00:00:00.000000', '2018-07-23T00:00:00.000000',
       '2018-07-30T00:00:00.000000', '2018-08-06T00:00:00.000000',
       '2018-08-13T00:00:00.000000', '2018-08-20T00:00:00.000000',
       '2018-08-27T00:00:00.000000', '2018-09-03T00:00:00.000000',
       '2018-09-10T00:00:00.000000', '2018-09-17T00:00:00.000000',
       '2018-09-24T00:00:00.000000', '2018-10-01T00:00:00.000000',
       '2018-10-08T00:00:00.000000', '2018-10-15T00:00:00.000000',
       '2018-10-22T00:00:00.000000', '2018-10-29T00:00:00.000000',
       '2018-11-05T00:00:00.000000', '2018-11-12T00:00:00.000000',
       '2018-11-19T00:00:00.000000', '2018-11-26T00:00:00.000000',
       '2018-12-03T00:00:00.000000', '2018-12-10T00:00:00.000000',
       '2018-12-17T00:00:00.000000', '2018-12-24T00:00:00.000000',
       '2018-12-31T00:00:00.000000', '2019-01-07T00:00:00.000000',
       '2019-01-14T00:00:00.000000', '2019-01-21T00:00:00.000000',
       '2019-01-28T00:00:00.000000', '2019-02-04T00:00:00.000000',
       '2019-02-11T00:00:00.000000', '2019-02-18T00:00:00.000000',
       '2019-02-25T00:00:00.000000', '2019-03-04T00:00:00.000000',
       '2019-03-11T00:00:00.000000', '2019-03-18T00:00:00.000000',
       '2019-03-25T00:00:00.000000', '2019-04-01T00:00:00.000000',
       '2019-04-08T00:00:00.000000', '2019-04-15T00:00:00.000000',
       '2019-04-22T00:00:00.000000', '2019-04-29T00:00:00.000000',
       '2019-05-06T00:00:00.000000', '2019-05-13T00:00:00.000000',
       '2019-05-20T00:00:00.000000', '2019-05-27T00:00:00.000000',
       '2019-06-03T00:00:00.000000', '2019-06-10T00:00:00.000000',
       '2019-06-17T00:00:00.000000', '2019-06-24T00:00:00.000000',
       '2019-07-01T00:00:00.000000', '2019-07-08T00:00:00.000000',
       '2019-07-15T00:00:00.000000', '2019-07-22T00:00:00.000000',
       '2019-07-29T00:00:00.000000', '2019-08-05T00:00:00.000000',
       '2019-08-12T00:00:00.000000', '2019-08-19T00:00:00.000000',
       '2019-08-26T00:00:00.000000', '2019-09-02T00:00:00.000000',
       '2019-09-09T00:00:00.000000', '2019-09-16T00:00:00.000000',
       '2019-09-23T00:00:00.000000', '2019-09-30T00:00:00.000000',
       '2019-10-07T00:00:00.000000', '2019-10-14T00:00:00.000000',
       '2019-10-21T00:00:00.000000', '2019-10-28T00:00:00.000000',
       '2019-11-04T00:00:00.000000', '2019-11-11T00:00:00.000000',
       '2019-11-18T00:00:00.000000', '2019-11-25T00:00:00.000000',
       '2019-12-02T00:00:00.000000', '2019-12-09T00:00:00.000000',
       '2019-12-16T00:00:00.000000', '2019-12-23T00:00:00.000000',
       '2019-12-30T00:00:00.000000', '2020-01-06T00:00:00.000000',
       '2020-01-13T00:00:00.000000', '2020-01-20T00:00:00.000000',
       '2020-01-27T00:00:00.000000', '2020-02-03T00:00:00.000000',
       '2020-02-10T00:00:00.000000', '2020-02-17T00:00:00.000000',
       '2020-02-24T00:00:00.000000', '2020-03-02T00:00:00.000000',
       '2020-03-09T00:00:00.000000', '2020-03-16T00:00:00.000000',
       '2020-03-23T00:00:00.000000', '2020-03-30T00:00:00.000000',
       '2020-04-06T00:00:00.000000', '2020-04-13T00:00:00.000000',
       '2020-04-20T00:00:00.000000', '2020-04-27T00:00:00.000000',
       '2020-05-04T00:00:00.000000', '2020-05-11T00:00:00.000000',
       '2020-05-18T00:00:00.000000', '2020-05-25T00:00:00.000000',
       '2020-06-01T00:00:00.000000', '2020-06-08T00:00:00.000000',
       '2020-06-15T00:00:00.000000', '2020-06-22T00:00:00.000000',
       '2020-06-29T00:00:00.000000', '2020-07-06T00:00:00.000000',
       '2020-07-13T00:00:00.000000', '2020-07-20T00:00:00.000000',
       '2020-07-27T00:00:00.000000', '2020-08-03T00:00:00.000000',
       '2020-08-10T00:00:00.000000', '2020-08-17T00:00:00.000000',
       '2020-08-24T00:00:00.000000', '2020-08-31T00:00:00.000000',
       '2020-09-07T00:00:00.000000', '2020-09-14T00:00:00.000000',
       '2020-09-21T00:00:00.000000', '2020-09-28T00:00:00.000000',
       '2020-10-05T00:00:00.000000', '2020-10-12T00:00:00.000000',
       '2020-10-19T00:00:00.000000', '2020-10-26T00:00:00.000000',
       '2020-11-02T00:00:00.000000', '2020-11-09T00:00:00.000000',
       '2020-11-16T00:00:00.000000', '2020-11-23T00:00:00.000000',
       '2020-11-30T00:00:00.000000', '2020-12-07T00:00:00.000000',
       '2020-12-14T00:00:00.000000', '2020-12-21T00:00:00.000000',
       '2020-12-28T00:00:00.000000', '2021-01-04T00:00:00.000000',
       '2021-01-11T00:00:00.000000', '2021-01-18T00:00:00.000000',
       '2021-01-25T00:00:00.000000', '2021-02-01T00:00:00.000000',
       '2021-02-08T00:00:00.000000', '2021-02-15T00:00:00.000000',
       '2021-02-22T00:00:00.000000', '2021-03-01T00:00:00.000000',
       '2021-03-08T00:00:00.000000', '2021-03-15T00:00:00.000000',
       '2021-03-22T00:00:00.000000', '2021-03-29T00:00:00.000000',
       '2021-04-05T00:00:00.000000', '2021-04-12T00:00:00.000000',
       '2021-04-19T00:00:00.000000', '2021-04-26T00:00:00.000000',
       '2021-05-03T00:00:00.000000', '2021-05-10T00:00:00.000000',
       '2021-05-17T00:00:00.000000', '2021-05-24T00:00:00.000000',
       '2021-05-31T00:00:00.000000', '2021-06-07T00:00:00.000000',
       '2021-06-14T00:00:00.000000', '2021-06-21T00:00:00.000000',
       '2021-06-28T00:00:00.000000', '2021-07-05T00:00:00.000000',
       '2021-07-12T00:00:00.000000', '2021-07-19T00:00:00.000000',
       '2021-07-26T00:00:00.000000', '2021-08-02T00:00:00.000000',
       '2021-08-09T00:00:00.000000', '2021-08-16T00:00:00.000000',
       '2021-08-23T00:00:00.000000', '2021-08-30T00:00:00.000000',
       '2021-09-06T00:00:00.000000', '2021-09-13T00:00:00.000000',
       '2021-09-20T00:00:00.000000', '2021-09-27T00:00:00.000000',
       '2021-10-04T00:00:00.000000', '2021-10-11T00:00:00.000000',
       '2021-10-18T00:00:00.000000', '2021-10-25T00:00:00.000000',
       '2021-11-01T00:00:00.000000', '2021-11-08T00:00:00.000000',
       '2021-11-15T00:00:00.000000', '2021-11-22T00:00:00.000000',
       '2021-11-29T00:00:00.000000', '2021-12-06T00:00:00.000000',
       '2021-12-13T00:00:00.000000', '2021-12-20T00:00:00.000000',
       '2021-12-27T00:00:00.000000', '2022-01-03T00:00:00.000000',
       '2022-01-10T00:00:00.000000', '2022-01-17T00:00:00.000000',
       '2022-01-24T00:00:00.000000', '2022-01-31T00:00:00.000000',
       '2022-02-07T00:00:00.000000', '2022-02-14T00:00:00.000000',
       '2022-02-21T00:00:00.000000', '2022-02-28T00:00:00.000000',
       '2022-03-07T00:00:00.000000', '2022-03-14T00:00:00.000000',
       '2022-03-21T00:00:00.000000', '2022-03-28T00:00:00.000000',
       '2022-04-04T00:00:00.000000', '2022-04-11T00:00:00.000000',
       '2022-04-18T00:00:00.000000', '2022-04-25T00:00:00.000000',
       '2022-05-02T00:00:00.000000', '2022-05-09T00:00:00.000000',
       '2022-05-16T00:00:00.000000', '2022-05-23T00:00:00.000000',
       '2022-05-30T00:00:00.000000', '2022-06-06T00:00:00.000000',
       '2022-06-13T00:00:00.000000', '2022-06-20T00:00:00.000000',
       '2022-06-27T00:00:00.000000', '2022-07-04T00:00:00.000000',
       '2022-07-11T00:00:00.000000', '2022-07-18T00:00:00.000000',
       '2022-07-25T00:00:00.000000', '2022-08-01T00:00:00.000000',
       '2022-08-08T00:00:00.000000', '2022-08-15T00:00:00.000000',
       '2022-08-22T00:00:00.000000', '2022-08-29T00:00:00.000000',
       '2022-09-05T00:00:00.000000', '2022-09-12T00:00:00.000000',
       '2022-09-19T00:00:00.000000', '2022-09-26T00:00:00.000000',
       '2022-10-03T00:00:00.000000', '2022-10-10T00:00:00.000000',
       '2022-10-17T00:00:00.000000', '2022-10-24T00:00:00.000000',
       '2022-10-31T00:00:00.000000', '2022-11-07T00:00:00.000000',
       '2022-11-14T00:00:00.000000', '2022-11-21T00:00:00.000000',
       '2022-11-28T00:00:00.000000', '2022-12-05T00:00:00.000000',
       '2022-12-12T00:00:00.000000', '2022-12-19T00:00:00.000000',
       '2022-12-26T00:00:00.000000', '2023-01-02T00:00:00.000000',
       '2023-01-09T00:00:00.000000', '2023-01-16T00:00:00.000000',
       '2023-01-23T00:00:00.000000', '2023-01-30T00:00:00.000000',
       '2023-02-06T00:00:00.000000', '2023-02-13T00:00:00.000000',
       '2023-02-20T00:00:00.000000', '2023-02-27T00:00:00.000000',
       '2023-03-06T00:00:00.000000', '2023-03-13T00:00:00.000000',
       '2023-03-20T00:00:00.000000', '2023-03-27T00:00:00.000000',
       '2023-04-03T00:00:00.000000', '2023-04-10T00:00:00.000000',
       '2023-04-17T00:00:00.000000', '2023-04-24T00:00:00.000000',
       '2023-05-01T00:00:00.000000', '2023-05-08T00:00:00.000000',
       '2023-05-15T00:00:00.000000', '2023-05-22T00:00:00.000000',
       '2023-05-29T00:00:00.000000', '2023-06-05T00:00:00.000000',
       '2023-06-12T00:00:00.000000', '2023-06-19T00:00:00.000000',
       '2023-06-26T00:00:00.000000', '2023-07-03T00:00:00.000000',
       '2023-07-10T00:00:00.000000', '2023-07-17T00:00:00.000000',
       '2023-07-24T00:00:00.000000', '2023-07-31T00:00:00.000000',
       '2023-08-07T00:00:00.000000', '2023-08-14T00:00:00.000000',
       '2023-08-21T00:00:00.000000', '2023-08-28T00:00:00.000000',
       '2023-09-04T00:00:00.000000', '2023-09-11T00:00:00.000000',
       '2023-09-18T00:00:00.000000', '2023-09-25T00:00:00.000000',
       '2023-10-02T00:00:00.000000', '2023-10-09T00:00:00.000000',
       '2023-10-16T00:00:00.000000', '2023-10-23T00:00:00.000000',
       '2023-10-30T00:00:00.000000', '2023-11-06T00:00:00.000000',
       '2023-11-13T00:00:00.000000', '2023-11-20T00:00:00.000000',
       '2023-11-27T00:00:00.000000', '2023-12-04T00:00:00.000000',
       '2023-12-11T00:00:00.000000', '2023-12-18T00:00:00.000000',
       '2023-12-25T00:00:00.000000', '2024-01-01T00:00:00.000000',
       '2024-01-08T00:00:00.000000', '2024-01-15T00:00:00.000000',
       '2024-01-22T00:00:00.000000', '2024-01-29T00:00:00.000000',
       '2024-02-05T00:00:00.000000', '2024-02-12T00:00:00.000000',
       '2024-02-19T00:00:00.000000', '2024-02-26T00:00:00.000000',
       '2024-03-04T00:00:00.000000', '2024-03-11T00:00:00.000000',
       '2024-03-18T00:00:00.000000', '2024-03-25T00:00:00.000000',
       '2024-04-01T00:00:00.000000', '2024-04-08T00:00:00.000000',
       '2024-04-15T00:00:00.000000', '2024-04-22T00:00:00.000000',
       '2024-04-29T00:00:00.000000', '2024-05-06T00:00:00.000000',
       '2024-05-13T00:00:00.000000', '2024-05-20T00:00:00.000000',
       '2024-05-27T00:00:00.000000', '2024-06-03T00:00:00.000000',
       '2024-06-10T00:00:00.000000', '2024-06-17T00:00:00.000000',
       '2024-06-24T00:00:00.000000', '2024-07-01T00:00:00.000000',
       '2024-07-08T00:00:00.000000', '2024-07-15T00:00:00.000000',
       '2024-07-22T00:00:00.000000', '2024-07-29T00:00:00.000000',
       '2024-08-05T00:00:00.000000', '2024-08-12T00:00:00.000000',
       '2024-08-19T00:00:00.000000', '2024-08-26T00:00:00.000000',
       '2024-09-02T00:00:00.000000', '2024-09-09T00:00:00.000000',
       '2024-09-16T00:00:00.000000', '2024-09-23T00:00:00.000000',
       '2024-09-30T00:00:00.000000', '2024-10-07T00:00:00.000000',
       '2024-10-14T00:00:00.000000', '2024-10-21T00:00:00.000000',
       '2024-10-28T00:00:00.000000', '2024-11-04T00:00:00.000000',
       '2024-11-11T00:00:00.000000', '2024-11-18T00:00:00.000000',
       '2024-11-25T00:00:00.000000', '2024-12-02T00:00:00.000000',
       '2024-12-09T00:00:00.000000', '2024-12-16T00:00:00.000000',
       '2024-12-23T00:00:00.000000', '2024-12-30T00:00:00.000000',
       '2025-01-06T00:00:00.000000', '2025-01-13T00:00:00.000000',
       '2025-01-20T00:00:00.000000', '2025-01-27T00:00:00.000000',
       '2025-02-03T00:00:00.000000', '2025-02-10T00:00:00.000000',
       '2025-02-17T00:00:00.000000', '2025-02-24T00:00:00.000000',
       '2025-03-03T00:00:00.000000', '2025-03-10T00:00:00.000000',
       '2025-03-17T00:00:00.000000', '2025-03-24T00:00:00.000000',
       '2025-03-31T00:00:00.000000', '2025-04-07T00:00:00.000000',
       '2025-04-14T00:00:00.000000', '2025-04-21T00:00:00.000000',
       '2025-04-28T00:00:00.000000', '2025-05-05T00:00:00.000000',
       '2025-05-12T00:00:00.000000', '2025-05-19T00:00:00.000000',
       '2025-05-26T00:00:00.000000', '2025-06-02T00:00:00.000000',
       '2025-06-09T00:00:00.000000', '2025-06-16T00:00:00.000000',
       '2025-06-23T00:00:00.000000', '2025-06-30T00:00:00.000000',
       '2025-07-07T00:00:00.000000', '2025-07-14T00:00:00.000000',
       '2025-07-21T00:00:00.000000', '2025-07-28T00:00:00.000000',
       '2025-08-04T00:00:00.000000', '2025-08-11T00:00:00.000000',
       '2025-08-18T00:00:00.000000', '2025-08-25T00:00:00.000000',
       '2025-09-01T00:00:00.000000', '2025-09-08T00:00:00.000000',
       '2025-09-15T00:00:00.000000', '2025-09-22T00:00:00.000000',
       '2025-09-29T00:00:00.000000', '2025-10-06T00:00:00.000000',
       '2025-10-13T00:00:00.000000', '2025-10-20T00:00:00.000000',
       '2025-10-27T00:00:00.000000', '2025-11-03T00:00:00.000000',
       '2025-11-10T00:00:00.000000', '2025-11-17T00:00:00.000000',
       '2025-11-24T00:00:00.000000', '2025-12-01T00:00:00.000000',
       '2025-12-08T00:00:00.000000', '2025-12-15T00:00:00.000000',
       '2025-12-22T00:00:00.000000', '2025-12-29T00:00:00.000000',
       '2026-01-05T00:00:00.000000', '2026-01-12T00:00:00.000000',
       '2026-01-19T00:00:00.000000', '2026-01-26T00:00:00.000000',
       '2026-02-02T00:00:00.000000', '2026-02-09T00:00:00.000000',
       '2026-02-16T00:00:00.000000', '2026-02-23T00:00:00.000000',
       '2026-03-02T00:00:00.000000', '2026-03-09T00:00:00.000000',
       '2026-03-16T00:00:00.000000', '2026-03-23T00:00:00.000000',
       '2026-03-30T00:00:00.000000', '2026-04-06T00:00:00.000000',
       '2026-05-25T00:00:00.000000', '2026-06-01T00:00:00.000000',
       '2026-06-02T00:00:00.000000', '2026-06-03T00:00:00.000000',
       '2026-06-04T00:00:00.000000', '2026-06-05T00:00:00.000000',
       '2026-06-06T00:00:00.000000', '2026-06-08T00:00:00.000000',
       '2026-06-09T00:00:00.000000'], dtype='datetime64[us]'))
2026-06-11 06:22:40.890 | DEBUG    | __main__:forecast_holt_winters:131 -     Holt-Winters forecast failed: positive() got an unexpected keyword argument 'lower'
2026-06-11 06:22:40.894 | DEBUG    | __main__:forecast_tree:163 -     Tree forecast failed: Feature shape mismatch, expected: 18, got 16
2026-06-11 06:22:40.894 | INFO     | __main__:forecast_commodity:266 -   daily        -> N     402,598/MT  +0.0%  (2026-06-15)
2026-06-11 06:22:40.941 | INFO     | __main__:forecast_commodity:266 -   weekly       -> N     402,598/MT  +0.0%  (2026-06-22)
2026-06-11 06:22:40.989 | INFO     | __main__:forecast_commodity:266 -   2_weeks      -> N     402,598/MT  +0.0%  (2026-06-29)
2026-06-11 06:22:41.020 | INFO     | __main__:forecast_commodity:266 -   monthly      -> N     402,598/MT  +0.0%  (2026-07-13)
2026-06-11 06:22:41.037 | INFO     | __main__:forecast_commodity:266 -   3_months     -> N     402,598/MT  +0.0%  (2026-09-14)
2026-06-11 06:22:41.058 | INFO     | __main__:forecast_commodity:266 -   6_months     -> N     402,598/MT  +0.0%  (2026-12-14)
2026-06-11 06:22:41.095 | INFO     | __main__:run_forecasting:331 -   Maize (yellow)
2026-06-11 06:22:41.144 | INFO     | __main__:run_forecasting:325 - 
[12/13] Forecasting Wheat...
2026-06-11 06:22:41.398 | WARNING  | __main__:load_models_and_meta:87 -   Could not load arima for Wheat: No module named 'pmdarima'
2026-06-11 06:22:41.798 | WARNING  | __main__:load_models_and_meta:87 -   Could not load prophet for Wheat: (dtype('<M8[us]'), array(['2010-01-04T00:00:00.000000', '2010-01-11T00:00:00.000000',
       '2010-01-18T00:00:00.000000', '2010-01-25T00:00:00.000000',
       '2010-02-01T00:00:00.000000', '2010-02-08T00:00:00.000000',
       '2010-02-15T00:00:00.000000', '2010-02-22T00:00:00.000000',
       '2010-03-01T00:00:00.000000', '2010-03-08T00:00:00.000000',
       '2010-03-15T00:00:00.000000', '2010-03-22T00:00:00.000000',
       '2010-03-29T00:00:00.000000', '2010-04-05T00:00:00.000000',
       '2010-04-12T00:00:00.000000', '2010-04-19T00:00:00.000000',
       '2010-04-26T00:00:00.000000', '2010-05-03T00:00:00.000000',
       '2010-05-10T00:00:00.000000', '2010-05-17T00:00:00.000000',
       '2010-05-24T00:00:00.000000', '2010-05-31T00:00:00.000000',
       '2010-06-07T00:00:00.000000', '2010-06-14T00:00:00.000000',
       '2010-06-21T00:00:00.000000', '2010-06-28T00:00:00.000000',
       '2010-07-05T00:00:00.000000', '2010-07-12T00:00:00.000000',
       '2010-07-19T00:00:00.000000', '2010-07-26T00:00:00.000000',
       '2010-08-02T00:00:00.000000', '2010-08-09T00:00:00.000000',
       '2010-08-16T00:00:00.000000', '2010-08-23T00:00:00.000000',
       '2010-08-30T00:00:00.000000', '2010-09-06T00:00:00.000000',
       '2010-09-13T00:00:00.000000', '2010-09-20T00:00:00.000000',
       '2010-09-27T00:00:00.000000', '2010-10-04T00:00:00.000000',
       '2010-10-11T00:00:00.000000', '2010-10-18T00:00:00.000000',
       '2010-10-25T00:00:00.000000', '2010-11-01T00:00:00.000000',
       '2010-11-08T00:00:00.000000', '2010-11-15T00:00:00.000000',
       '2010-11-22T00:00:00.000000', '2010-11-29T00:00:00.000000',
       '2010-12-06T00:00:00.000000', '2010-12-13T00:00:00.000000',
       '2010-12-20T00:00:00.000000', '2010-12-27T00:00:00.000000',
       '2011-01-03T00:00:00.000000', '2011-01-10T00:00:00.000000',
       '2011-01-17T00:00:00.000000', '2011-01-24T00:00:00.000000',
       '2011-01-31T00:00:00.000000', '2011-02-07T00:00:00.000000',
       '2011-02-14T00:00:00.000000', '2011-02-21T00:00:00.000000',
       '2011-02-28T00:00:00.000000', '2011-03-07T00:00:00.000000',
       '2011-03-14T00:00:00.000000', '2011-03-21T00:00:00.000000',
       '2011-03-28T00:00:00.000000', '2011-04-04T00:00:00.000000',
       '2011-04-11T00:00:00.000000', '2011-04-18T00:00:00.000000',
       '2011-04-25T00:00:00.000000', '2011-05-02T00:00:00.000000',
       '2011-05-09T00:00:00.000000', '2011-05-16T00:00:00.000000',
       '2011-05-23T00:00:00.000000', '2011-05-30T00:00:00.000000',
       '2011-06-06T00:00:00.000000', '2011-06-13T00:00:00.000000',
       '2011-06-20T00:00:00.000000', '2011-06-27T00:00:00.000000',
       '2011-07-04T00:00:00.000000', '2011-07-11T00:00:00.000000',
       '2011-07-18T00:00:00.000000', '2011-07-25T00:00:00.000000',
       '2011-08-01T00:00:00.000000', '2011-08-08T00:00:00.000000',
       '2011-08-15T00:00:00.000000', '2011-08-22T00:00:00.000000',
       '2011-08-29T00:00:00.000000', '2011-09-05T00:00:00.000000',
       '2011-09-12T00:00:00.000000', '2011-09-19T00:00:00.000000',
       '2011-09-26T00:00:00.000000', '2011-10-03T00:00:00.000000',
       '2011-10-10T00:00:00.000000', '2011-10-17T00:00:00.000000',
       '2011-10-24T00:00:00.000000', '2011-10-31T00:00:00.000000',
       '2011-11-07T00:00:00.000000', '2011-11-14T00:00:00.000000',
       '2011-11-21T00:00:00.000000', '2011-11-28T00:00:00.000000',
       '2011-12-05T00:00:00.000000', '2011-12-12T00:00:00.000000',
       '2011-12-19T00:00:00.000000', '2011-12-26T00:00:00.000000',
       '2012-01-02T00:00:00.000000', '2012-01-09T00:00:00.000000',
       '2012-01-16T00:00:00.000000', '2012-01-23T00:00:00.000000',
       '2012-01-30T00:00:00.000000', '2012-02-06T00:00:00.000000',
       '2012-02-13T00:00:00.000000', '2012-02-20T00:00:00.000000',
       '2012-02-27T00:00:00.000000', '2012-03-05T00:00:00.000000',
       '2012-03-12T00:00:00.000000', '2012-03-19T00:00:00.000000',
       '2012-03-26T00:00:00.000000', '2012-04-02T00:00:00.000000',
       '2012-04-09T00:00:00.000000', '2012-04-16T00:00:00.000000',
       '2012-04-23T00:00:00.000000', '2012-04-30T00:00:00.000000',
       '2012-05-07T00:00:00.000000', '2012-05-14T00:00:00.000000',
       '2012-05-21T00:00:00.000000', '2012-05-28T00:00:00.000000',
       '2012-06-04T00:00:00.000000', '2012-06-11T00:00:00.000000',
       '2012-06-18T00:00:00.000000', '2012-06-25T00:00:00.000000',
       '2012-07-02T00:00:00.000000', '2012-07-09T00:00:00.000000',
       '2012-07-16T00:00:00.000000', '2012-07-23T00:00:00.000000',
       '2012-07-30T00:00:00.000000', '2012-08-06T00:00:00.000000',
       '2012-08-13T00:00:00.000000', '2012-08-20T00:00:00.000000',
       '2012-08-27T00:00:00.000000', '2012-09-03T00:00:00.000000',
       '2012-09-10T00:00:00.000000', '2012-09-17T00:00:00.000000',
       '2012-09-24T00:00:00.000000', '2012-10-01T00:00:00.000000',
       '2012-10-08T00:00:00.000000', '2012-10-15T00:00:00.000000',
       '2012-10-22T00:00:00.000000', '2012-10-29T00:00:00.000000',
       '2012-11-05T00:00:00.000000', '2012-11-12T00:00:00.000000',
       '2012-11-19T00:00:00.000000', '2012-11-26T00:00:00.000000',
       '2012-12-03T00:00:00.000000', '2012-12-10T00:00:00.000000',
       '2012-12-17T00:00:00.000000', '2012-12-24T00:00:00.000000',
       '2012-12-31T00:00:00.000000', '2013-01-07T00:00:00.000000',
       '2013-01-14T00:00:00.000000', '2013-01-21T00:00:00.000000',
       '2013-01-28T00:00:00.000000', '2013-02-04T00:00:00.000000',
       '2013-02-11T00:00:00.000000', '2013-02-18T00:00:00.000000',
       '2013-02-25T00:00:00.000000', '2013-03-04T00:00:00.000000',
       '2013-03-11T00:00:00.000000', '2013-03-18T00:00:00.000000',
       '2013-03-25T00:00:00.000000', '2013-04-01T00:00:00.000000',
       '2013-04-08T00:00:00.000000', '2013-04-15T00:00:00.000000',
       '2013-04-22T00:00:00.000000', '2013-04-29T00:00:00.000000',
       '2013-05-06T00:00:00.000000', '2013-05-13T00:00:00.000000',
       '2013-05-20T00:00:00.000000', '2013-05-27T00:00:00.000000',
       '2013-06-03T00:00:00.000000', '2013-06-10T00:00:00.000000',
       '2013-06-17T00:00:00.000000', '2013-06-24T00:00:00.000000',
       '2013-07-01T00:00:00.000000', '2013-07-08T00:00:00.000000',
       '2013-07-15T00:00:00.000000', '2013-07-22T00:00:00.000000',
       '2013-07-29T00:00:00.000000', '2013-08-05T00:00:00.000000',
       '2013-08-12T00:00:00.000000', '2013-08-19T00:00:00.000000',
       '2013-08-26T00:00:00.000000', '2013-09-02T00:00:00.000000',
       '2013-09-09T00:00:00.000000', '2013-09-16T00:00:00.000000',
       '2013-09-23T00:00:00.000000', '2013-09-30T00:00:00.000000',
       '2013-10-07T00:00:00.000000', '2013-10-14T00:00:00.000000',
       '2013-10-21T00:00:00.000000', '2013-10-28T00:00:00.000000',
       '2013-11-04T00:00:00.000000', '2013-11-11T00:00:00.000000',
       '2013-11-18T00:00:00.000000', '2013-11-25T00:00:00.000000',
       '2013-12-02T00:00:00.000000', '2013-12-09T00:00:00.000000',
       '2013-12-16T00:00:00.000000', '2013-12-23T00:00:00.000000',
       '2013-12-30T00:00:00.000000', '2014-01-06T00:00:00.000000',
       '2014-01-13T00:00:00.000000', '2014-01-20T00:00:00.000000',
       '2014-01-27T00:00:00.000000', '2014-02-03T00:00:00.000000',
       '2014-02-10T00:00:00.000000', '2014-02-17T00:00:00.000000',
       '2014-02-24T00:00:00.000000', '2014-03-03T00:00:00.000000',
       '2014-03-10T00:00:00.000000', '2014-03-17T00:00:00.000000',
       '2014-03-24T00:00:00.000000', '2014-03-31T00:00:00.000000',
       '2014-04-07T00:00:00.000000', '2014-04-14T00:00:00.000000',
       '2014-04-21T00:00:00.000000', '2014-04-28T00:00:00.000000',
       '2014-05-05T00:00:00.000000', '2014-05-12T00:00:00.000000',
       '2014-05-19T00:00:00.000000', '2014-05-26T00:00:00.000000',
       '2014-06-02T00:00:00.000000', '2014-06-09T00:00:00.000000',
       '2014-06-16T00:00:00.000000', '2014-06-23T00:00:00.000000',
       '2014-06-30T00:00:00.000000', '2014-07-07T00:00:00.000000',
       '2014-07-14T00:00:00.000000', '2014-07-21T00:00:00.000000',
       '2014-07-28T00:00:00.000000', '2014-08-04T00:00:00.000000',
       '2014-08-11T00:00:00.000000', '2014-08-18T00:00:00.000000',
       '2014-08-25T00:00:00.000000', '2014-09-01T00:00:00.000000',
       '2014-09-08T00:00:00.000000', '2014-09-15T00:00:00.000000',
       '2014-09-22T00:00:00.000000', '2014-09-29T00:00:00.000000',
       '2014-10-06T00:00:00.000000', '2014-10-13T00:00:00.000000',
       '2014-10-20T00:00:00.000000', '2014-10-27T00:00:00.000000',
       '2014-11-03T00:00:00.000000', '2014-11-10T00:00:00.000000',
       '2014-11-17T00:00:00.000000', '2014-11-24T00:00:00.000000',
       '2014-12-01T00:00:00.000000', '2014-12-08T00:00:00.000000',
       '2014-12-15T00:00:00.000000', '2014-12-22T00:00:00.000000',
       '2014-12-29T00:00:00.000000', '2015-01-05T00:00:00.000000',
       '2015-01-12T00:00:00.000000', '2015-01-19T00:00:00.000000',
       '2015-01-26T00:00:00.000000', '2015-02-02T00:00:00.000000',
       '2015-02-09T00:00:00.000000', '2015-02-16T00:00:00.000000',
       '2015-02-23T00:00:00.000000', '2015-03-02T00:00:00.000000',
       '2015-03-09T00:00:00.000000', '2015-03-16T00:00:00.000000',
       '2015-03-23T00:00:00.000000', '2015-03-30T00:00:00.000000',
       '2015-04-06T00:00:00.000000', '2015-04-13T00:00:00.000000',
       '2015-04-20T00:00:00.000000', '2015-04-27T00:00:00.000000',
       '2015-05-04T00:00:00.000000', '2015-05-11T00:00:00.000000',
       '2015-05-18T00:00:00.000000', '2015-05-25T00:00:00.000000',
       '2015-06-01T00:00:00.000000', '2015-06-08T00:00:00.000000',
       '2015-06-15T00:00:00.000000', '2015-06-22T00:00:00.000000',
       '2015-06-29T00:00:00.000000', '2015-07-06T00:00:00.000000',
       '2015-07-13T00:00:00.000000', '2015-07-20T00:00:00.000000',
       '2015-07-27T00:00:00.000000', '2015-08-03T00:00:00.000000',
       '2015-08-10T00:00:00.000000', '2015-08-17T00:00:00.000000',
       '2015-08-24T00:00:00.000000', '2015-08-31T00:00:00.000000',
       '2015-09-07T00:00:00.000000', '2015-09-14T00:00:00.000000',
       '2015-09-21T00:00:00.000000', '2015-09-28T00:00:00.000000',
       '2015-10-05T00:00:00.000000', '2015-10-12T00:00:00.000000',
       '2015-10-19T00:00:00.000000', '2015-10-26T00:00:00.000000',
       '2015-11-02T00:00:00.000000', '2015-11-09T00:00:00.000000',
       '2015-11-16T00:00:00.000000', '2015-11-23T00:00:00.000000',
       '2015-11-30T00:00:00.000000', '2015-12-07T00:00:00.000000',
       '2015-12-14T00:00:00.000000', '2015-12-21T00:00:00.000000',
       '2015-12-28T00:00:00.000000', '2016-01-04T00:00:00.000000',
       '2016-01-11T00:00:00.000000', '2016-01-18T00:00:00.000000',
       '2016-01-25T00:00:00.000000', '2016-02-01T00:00:00.000000',
       '2016-02-08T00:00:00.000000', '2016-02-15T00:00:00.000000',
       '2016-02-22T00:00:00.000000', '2016-02-29T00:00:00.000000',
       '2016-03-07T00:00:00.000000', '2016-03-14T00:00:00.000000',
       '2016-03-21T00:00:00.000000', '2016-03-28T00:00:00.000000',
       '2016-04-04T00:00:00.000000', '2016-04-11T00:00:00.000000',
       '2016-04-18T00:00:00.000000', '2016-04-25T00:00:00.000000',
       '2016-05-02T00:00:00.000000', '2016-05-09T00:00:00.000000',
       '2016-05-16T00:00:00.000000', '2016-05-23T00:00:00.000000',
       '2016-05-30T00:00:00.000000', '2016-06-06T00:00:00.000000',
       '2016-06-13T00:00:00.000000', '2016-06-20T00:00:00.000000',
       '2016-06-27T00:00:00.000000', '2016-07-04T00:00:00.000000',
       '2016-07-11T00:00:00.000000', '2016-07-18T00:00:00.000000',
       '2016-07-25T00:00:00.000000', '2016-08-01T00:00:00.000000',
       '2016-08-08T00:00:00.000000', '2016-08-15T00:00:00.000000',
       '2016-08-22T00:00:00.000000', '2016-08-29T00:00:00.000000',
       '2016-09-05T00:00:00.000000', '2016-09-12T00:00:00.000000',
       '2016-09-19T00:00:00.000000', '2016-09-26T00:00:00.000000',
       '2016-10-03T00:00:00.000000', '2016-10-10T00:00:00.000000',
       '2016-10-17T00:00:00.000000', '2016-10-24T00:00:00.000000',
       '2016-10-31T00:00:00.000000', '2016-11-07T00:00:00.000000',
       '2016-11-14T00:00:00.000000', '2016-11-21T00:00:00.000000',
       '2016-11-28T00:00:00.000000', '2016-12-05T00:00:00.000000',
       '2016-12-12T00:00:00.000000', '2016-12-19T00:00:00.000000',
       '2016-12-26T00:00:00.000000', '2017-01-02T00:00:00.000000',
       '2017-01-09T00:00:00.000000', '2017-01-16T00:00:00.000000',
       '2017-01-23T00:00:00.000000', '2017-01-30T00:00:00.000000',
       '2017-02-06T00:00:00.000000', '2017-02-13T00:00:00.000000',
       '2017-02-20T00:00:00.000000', '2017-02-27T00:00:00.000000',
       '2017-03-06T00:00:00.000000', '2017-03-13T00:00:00.000000',
       '2017-03-20T00:00:00.000000', '2017-03-27T00:00:00.000000',
       '2017-04-03T00:00:00.000000', '2017-04-10T00:00:00.000000',
       '2017-04-17T00:00:00.000000', '2017-04-24T00:00:00.000000',
       '2017-05-01T00:00:00.000000', '2017-05-08T00:00:00.000000',
       '2017-05-15T00:00:00.000000', '2017-05-22T00:00:00.000000',
       '2017-05-29T00:00:00.000000', '2017-06-05T00:00:00.000000',
       '2017-06-12T00:00:00.000000', '2017-06-19T00:00:00.000000',
       '2017-06-26T00:00:00.000000', '2017-07-03T00:00:00.000000',
       '2017-07-10T00:00:00.000000', '2017-07-17T00:00:00.000000',
       '2017-07-24T00:00:00.000000', '2017-07-31T00:00:00.000000',
       '2017-08-07T00:00:00.000000', '2017-08-14T00:00:00.000000',
       '2017-08-21T00:00:00.000000', '2017-08-28T00:00:00.000000',
       '2017-09-04T00:00:00.000000', '2017-09-11T00:00:00.000000',
       '2017-09-18T00:00:00.000000', '2017-09-25T00:00:00.000000',
       '2017-10-02T00:00:00.000000', '2017-10-09T00:00:00.000000',
       '2017-10-16T00:00:00.000000', '2017-10-23T00:00:00.000000',
       '2017-10-30T00:00:00.000000', '2017-11-06T00:00:00.000000',
       '2017-11-13T00:00:00.000000', '2017-11-20T00:00:00.000000',
       '2017-11-27T00:00:00.000000', '2017-12-04T00:00:00.000000',
       '2017-12-11T00:00:00.000000', '2017-12-18T00:00:00.000000',
       '2017-12-25T00:00:00.000000', '2018-01-01T00:00:00.000000',
       '2018-01-08T00:00:00.000000', '2018-01-15T00:00:00.000000',
       '2018-01-22T00:00:00.000000', '2018-01-29T00:00:00.000000',
       '2018-02-05T00:00:00.000000', '2018-02-12T00:00:00.000000',
       '2018-02-19T00:00:00.000000', '2018-02-26T00:00:00.000000',
       '2018-03-05T00:00:00.000000', '2018-03-12T00:00:00.000000',
       '2018-03-19T00:00:00.000000', '2018-03-26T00:00:00.000000',
       '2018-04-02T00:00:00.000000', '2018-04-09T00:00:00.000000',
       '2018-04-16T00:00:00.000000', '2018-04-23T00:00:00.000000',
       '2018-04-30T00:00:00.000000', '2018-05-07T00:00:00.000000',
       '2018-05-14T00:00:00.000000', '2018-05-21T00:00:00.000000',
       '2018-05-28T00:00:00.000000', '2018-06-04T00:00:00.000000',
       '2018-06-11T00:00:00.000000', '2018-06-18T00:00:00.000000',
       '2018-06-25T00:00:00.000000', '2018-07-02T00:00:00.000000',
       '2018-07-09T00:00:00.000000', '2018-07-16T00:00:00.000000',
       '2018-07-23T00:00:00.000000', '2018-07-30T00:00:00.000000',
       '2018-08-06T00:00:00.000000', '2018-08-13T00:00:00.000000',
       '2018-08-20T00:00:00.000000', '2018-08-27T00:00:00.000000',
       '2018-09-03T00:00:00.000000', '2018-09-10T00:00:00.000000',
       '2018-09-17T00:00:00.000000', '2018-09-24T00:00:00.000000',
       '2018-10-01T00:00:00.000000', '2018-10-08T00:00:00.000000',
       '2018-10-15T00:00:00.000000', '2018-10-22T00:00:00.000000',
       '2018-10-29T00:00:00.000000', '2018-11-05T00:00:00.000000',
       '2018-11-12T00:00:00.000000', '2018-11-19T00:00:00.000000',
       '2018-11-26T00:00:00.000000', '2018-12-03T00:00:00.000000',
       '2018-12-10T00:00:00.000000', '2018-12-17T00:00:00.000000',
       '2018-12-24T00:00:00.000000', '2018-12-31T00:00:00.000000',
       '2019-01-07T00:00:00.000000', '2019-01-14T00:00:00.000000',
       '2019-01-21T00:00:00.000000', '2019-01-28T00:00:00.000000',
       '2019-02-04T00:00:00.000000', '2019-02-11T00:00:00.000000',
       '2019-02-18T00:00:00.000000', '2019-02-25T00:00:00.000000',
       '2019-03-04T00:00:00.000000', '2019-03-11T00:00:00.000000',
       '2019-03-18T00:00:00.000000', '2019-03-25T00:00:00.000000',
       '2019-04-01T00:00:00.000000', '2019-04-08T00:00:00.000000',
       '2019-04-15T00:00:00.000000', '2019-04-22T00:00:00.000000',
       '2019-04-29T00:00:00.000000', '2019-05-06T00:00:00.000000',
       '2019-05-13T00:00:00.000000', '2019-05-20T00:00:00.000000',
       '2019-05-27T00:00:00.000000', '2019-06-03T00:00:00.000000',
       '2019-06-10T00:00:00.000000', '2019-06-17T00:00:00.000000',
       '2019-06-24T00:00:00.000000', '2019-07-01T00:00:00.000000',
       '2019-07-08T00:00:00.000000', '2019-07-15T00:00:00.000000',
       '2019-07-22T00:00:00.000000', '2019-07-29T00:00:00.000000',
       '2019-08-05T00:00:00.000000', '2019-08-12T00:00:00.000000',
       '2019-08-19T00:00:00.000000', '2019-08-26T00:00:00.000000',
       '2019-09-02T00:00:00.000000', '2019-09-09T00:00:00.000000',
       '2019-09-16T00:00:00.000000', '2019-09-23T00:00:00.000000',
       '2019-09-30T00:00:00.000000', '2019-10-07T00:00:00.000000',
       '2019-10-14T00:00:00.000000', '2019-10-21T00:00:00.000000',
       '2019-10-28T00:00:00.000000', '2019-11-04T00:00:00.000000',
       '2019-11-11T00:00:00.000000', '2019-11-18T00:00:00.000000',
       '2019-11-25T00:00:00.000000', '2019-12-02T00:00:00.000000',
       '2019-12-09T00:00:00.000000', '2019-12-16T00:00:00.000000',
       '2019-12-23T00:00:00.000000', '2019-12-30T00:00:00.000000',
       '2020-01-06T00:00:00.000000', '2020-01-13T00:00:00.000000',
       '2020-01-20T00:00:00.000000', '2020-01-27T00:00:00.000000',
       '2020-02-03T00:00:00.000000', '2020-02-10T00:00:00.000000',
       '2020-02-17T00:00:00.000000', '2020-02-24T00:00:00.000000',
       '2020-03-02T00:00:00.000000', '2020-03-09T00:00:00.000000',
       '2020-03-16T00:00:00.000000', '2020-03-23T00:00:00.000000',
       '2020-03-30T00:00:00.000000', '2020-04-06T00:00:00.000000',
       '2020-04-13T00:00:00.000000', '2020-04-20T00:00:00.000000',
       '2020-04-27T00:00:00.000000', '2020-05-04T00:00:00.000000',
       '2020-05-11T00:00:00.000000', '2020-05-18T00:00:00.000000',
       '2020-05-25T00:00:00.000000', '2020-06-01T00:00:00.000000',
       '2020-06-08T00:00:00.000000', '2020-06-15T00:00:00.000000',
       '2020-06-22T00:00:00.000000', '2020-06-29T00:00:00.000000',
       '2020-07-06T00:00:00.000000', '2020-07-13T00:00:00.000000',
       '2020-07-20T00:00:00.000000', '2020-07-27T00:00:00.000000',
       '2020-08-03T00:00:00.000000', '2020-08-10T00:00:00.000000',
       '2020-08-17T00:00:00.000000', '2020-08-24T00:00:00.000000',
       '2020-08-31T00:00:00.000000', '2020-09-07T00:00:00.000000',
       '2020-09-14T00:00:00.000000', '2020-09-21T00:00:00.000000',
       '2020-09-28T00:00:00.000000', '2020-10-05T00:00:00.000000',
       '2020-10-12T00:00:00.000000', '2020-10-19T00:00:00.000000',
       '2020-10-26T00:00:00.000000', '2020-11-02T00:00:00.000000',
       '2020-11-09T00:00:00.000000', '2020-11-16T00:00:00.000000',
       '2020-11-23T00:00:00.000000', '2020-11-30T00:00:00.000000',
       '2020-12-07T00:00:00.000000', '2020-12-14T00:00:00.000000',
       '2020-12-21T00:00:00.000000', '2020-12-28T00:00:00.000000',
       '2021-01-04T00:00:00.000000', '2021-01-11T00:00:00.000000',
       '2021-01-18T00:00:00.000000', '2021-01-25T00:00:00.000000',
       '2021-02-01T00:00:00.000000', '2021-02-08T00:00:00.000000',
       '2021-02-15T00:00:00.000000', '2021-02-22T00:00:00.000000',
       '2021-03-01T00:00:00.000000', '2021-03-08T00:00:00.000000',
       '2021-03-15T00:00:00.000000', '2021-03-22T00:00:00.000000',
       '2021-03-29T00:00:00.000000', '2021-04-05T00:00:00.000000',
       '2021-04-12T00:00:00.000000', '2021-04-19T00:00:00.000000',
       '2021-04-26T00:00:00.000000', '2021-05-03T00:00:00.000000',
       '2021-05-10T00:00:00.000000', '2021-05-17T00:00:00.000000',
       '2021-05-24T00:00:00.000000', '2021-05-31T00:00:00.000000',
       '2021-06-07T00:00:00.000000', '2021-06-14T00:00:00.000000',
       '2021-06-21T00:00:00.000000', '2021-06-28T00:00:00.000000',
       '2021-07-05T00:00:00.000000', '2021-07-12T00:00:00.000000',
       '2021-07-19T00:00:00.000000', '2021-07-26T00:00:00.000000',
       '2021-08-02T00:00:00.000000', '2021-08-09T00:00:00.000000',
       '2021-08-16T00:00:00.000000', '2021-08-23T00:00:00.000000',
       '2021-08-30T00:00:00.000000', '2021-09-06T00:00:00.000000',
       '2021-09-13T00:00:00.000000', '2021-09-20T00:00:00.000000',
       '2021-09-27T00:00:00.000000', '2021-10-04T00:00:00.000000',
       '2021-10-11T00:00:00.000000', '2021-10-18T00:00:00.000000',
       '2021-10-25T00:00:00.000000', '2021-11-01T00:00:00.000000',
       '2021-11-08T00:00:00.000000', '2021-11-15T00:00:00.000000',
       '2021-11-22T00:00:00.000000', '2021-11-29T00:00:00.000000',
       '2021-12-06T00:00:00.000000', '2021-12-13T00:00:00.000000',
       '2021-12-20T00:00:00.000000', '2021-12-27T00:00:00.000000',
       '2022-01-03T00:00:00.000000', '2022-01-10T00:00:00.000000',
       '2022-01-17T00:00:00.000000', '2022-01-24T00:00:00.000000',
       '2022-01-31T00:00:00.000000', '2022-02-07T00:00:00.000000',
       '2022-02-14T00:00:00.000000', '2022-02-21T00:00:00.000000',
       '2022-02-28T00:00:00.000000', '2022-03-07T00:00:00.000000',
       '2022-03-14T00:00:00.000000', '2022-03-21T00:00:00.000000',
       '2022-03-28T00:00:00.000000', '2022-04-04T00:00:00.000000',
       '2022-04-11T00:00:00.000000', '2022-04-18T00:00:00.000000',
       '2022-04-25T00:00:00.000000', '2022-05-02T00:00:00.000000',
       '2022-05-09T00:00:00.000000', '2022-05-16T00:00:00.000000',
       '2022-05-23T00:00:00.000000', '2022-05-30T00:00:00.000000',
       '2022-06-06T00:00:00.000000', '2022-06-13T00:00:00.000000',
       '2022-06-20T00:00:00.000000', '2022-06-27T00:00:00.000000',
       '2022-07-04T00:00:00.000000', '2022-07-11T00:00:00.000000',
       '2022-07-18T00:00:00.000000', '2022-07-25T00:00:00.000000',
       '2022-08-01T00:00:00.000000', '2022-08-08T00:00:00.000000',
       '2022-08-15T00:00:00.000000', '2022-08-22T00:00:00.000000',
       '2022-08-29T00:00:00.000000', '2022-09-05T00:00:00.000000',
       '2022-09-12T00:00:00.000000', '2022-09-19T00:00:00.000000',
       '2022-09-26T00:00:00.000000', '2022-10-03T00:00:00.000000',
       '2022-10-10T00:00:00.000000', '2022-10-17T00:00:00.000000',
       '2022-10-24T00:00:00.000000', '2022-10-31T00:00:00.000000',
       '2022-11-07T00:00:00.000000', '2022-11-14T00:00:00.000000',
       '2022-11-21T00:00:00.000000', '2022-11-28T00:00:00.000000',
       '2022-12-05T00:00:00.000000', '2022-12-12T00:00:00.000000',
       '2022-12-19T00:00:00.000000', '2022-12-26T00:00:00.000000',
       '2023-01-02T00:00:00.000000', '2023-01-09T00:00:00.000000',
       '2023-01-16T00:00:00.000000', '2023-01-23T00:00:00.000000',
       '2023-01-30T00:00:00.000000', '2023-02-06T00:00:00.000000',
       '2023-02-13T00:00:00.000000', '2023-02-20T00:00:00.000000',
       '2023-02-27T00:00:00.000000', '2023-03-06T00:00:00.000000',
       '2023-03-13T00:00:00.000000', '2023-03-20T00:00:00.000000',
       '2023-03-27T00:00:00.000000', '2023-04-03T00:00:00.000000',
       '2023-04-10T00:00:00.000000', '2023-04-17T00:00:00.000000',
       '2023-04-24T00:00:00.000000', '2023-05-01T00:00:00.000000',
       '2023-05-08T00:00:00.000000', '2023-05-15T00:00:00.000000',
       '2023-05-22T00:00:00.000000', '2023-05-29T00:00:00.000000',
       '2023-06-05T00:00:00.000000', '2023-06-12T00:00:00.000000',
       '2023-06-19T00:00:00.000000', '2023-06-26T00:00:00.000000',
       '2023-07-03T00:00:00.000000', '2023-07-10T00:00:00.000000',
       '2023-07-17T00:00:00.000000', '2023-07-24T00:00:00.000000',
       '2023-07-31T00:00:00.000000', '2023-08-07T00:00:00.000000',
       '2023-08-14T00:00:00.000000', '2023-08-21T00:00:00.000000',
       '2023-08-28T00:00:00.000000', '2023-09-04T00:00:00.000000',
       '2023-09-11T00:00:00.000000', '2023-09-18T00:00:00.000000',
       '2023-09-25T00:00:00.000000', '2023-10-02T00:00:00.000000',
       '2023-10-09T00:00:00.000000', '2023-10-16T00:00:00.000000',
       '2023-10-23T00:00:00.000000', '2023-10-30T00:00:00.000000',
       '2023-11-06T00:00:00.000000', '2023-11-13T00:00:00.000000',
       '2023-11-20T00:00:00.000000', '2023-11-27T00:00:00.000000',
       '2023-12-04T00:00:00.000000', '2023-12-11T00:00:00.000000',
       '2023-12-18T00:00:00.000000', '2023-12-25T00:00:00.000000',
       '2024-01-01T00:00:00.000000', '2024-01-08T00:00:00.000000',
       '2024-01-15T00:00:00.000000', '2024-01-22T00:00:00.000000',
       '2024-01-29T00:00:00.000000', '2024-02-05T00:00:00.000000',
       '2024-02-12T00:00:00.000000', '2024-02-19T00:00:00.000000',
       '2024-02-26T00:00:00.000000', '2024-03-04T00:00:00.000000',
       '2024-03-11T00:00:00.000000', '2024-03-18T00:00:00.000000',
       '2024-03-25T00:00:00.000000', '2024-04-01T00:00:00.000000',
       '2024-04-08T00:00:00.000000', '2024-04-15T00:00:00.000000',
       '2024-04-22T00:00:00.000000', '2024-04-29T00:00:00.000000',
       '2024-05-06T00:00:00.000000', '2024-05-13T00:00:00.000000',
       '2024-05-20T00:00:00.000000', '2024-05-27T00:00:00.000000',
       '2024-06-03T00:00:00.000000', '2024-06-10T00:00:00.000000',
       '2024-06-17T00:00:00.000000', '2024-06-24T00:00:00.000000',
       '2024-07-01T00:00:00.000000', '2024-07-08T00:00:00.000000',
       '2024-07-15T00:00:00.000000', '2024-07-22T00:00:00.000000',
       '2024-07-29T00:00:00.000000', '2024-08-05T00:00:00.000000',
       '2024-08-12T00:00:00.000000', '2024-08-19T00:00:00.000000',
       '2024-08-26T00:00:00.000000', '2024-09-02T00:00:00.000000',
       '2024-09-09T00:00:00.000000', '2024-09-16T00:00:00.000000',
       '2024-09-23T00:00:00.000000', '2024-09-30T00:00:00.000000',
       '2024-10-07T00:00:00.000000', '2024-10-14T00:00:00.000000',
       '2024-10-21T00:00:00.000000', '2024-10-28T00:00:00.000000',
       '2024-11-04T00:00:00.000000', '2024-11-11T00:00:00.000000',
       '2024-11-18T00:00:00.000000', '2024-11-25T00:00:00.000000',
       '2024-12-02T00:00:00.000000', '2024-12-09T00:00:00.000000',
       '2024-12-16T00:00:00.000000', '2024-12-23T00:00:00.000000',
       '2024-12-30T00:00:00.000000', '2025-01-06T00:00:00.000000',
       '2025-01-13T00:00:00.000000', '2025-01-20T00:00:00.000000',
       '2025-01-27T00:00:00.000000', '2025-02-03T00:00:00.000000',
       '2025-02-10T00:00:00.000000', '2025-02-17T00:00:00.000000',
       '2025-02-24T00:00:00.000000', '2025-03-03T00:00:00.000000',
       '2025-03-10T00:00:00.000000', '2025-03-17T00:00:00.000000',
       '2025-03-24T00:00:00.000000', '2025-03-31T00:00:00.000000',
       '2025-04-07T00:00:00.000000', '2025-04-14T00:00:00.000000',
       '2025-04-21T00:00:00.000000', '2025-04-28T00:00:00.000000',
       '2025-05-05T00:00:00.000000', '2025-05-12T00:00:00.000000',
       '2025-05-19T00:00:00.000000', '2025-05-26T00:00:00.000000',
       '2025-06-02T00:00:00.000000', '2025-06-09T00:00:00.000000',
       '2025-06-16T00:00:00.000000', '2025-06-23T00:00:00.000000',
       '2025-06-30T00:00:00.000000', '2025-07-07T00:00:00.000000',
       '2025-07-14T00:00:00.000000', '2025-07-21T00:00:00.000000',
       '2025-07-28T00:00:00.000000', '2025-08-04T00:00:00.000000',
       '2025-08-11T00:00:00.000000', '2025-08-18T00:00:00.000000',
       '2025-08-25T00:00:00.000000', '2025-09-01T00:00:00.000000',
       '2025-09-08T00:00:00.000000', '2025-09-15T00:00:00.000000',
       '2025-09-22T00:00:00.000000', '2025-09-29T00:00:00.000000',
       '2025-10-06T00:00:00.000000', '2025-10-13T00:00:00.000000',
       '2025-10-20T00:00:00.000000', '2025-10-27T00:00:00.000000',
       '2025-11-03T00:00:00.000000', '2025-11-10T00:00:00.000000',
       '2025-11-17T00:00:00.000000', '2025-11-24T00:00:00.000000',
       '2025-12-01T00:00:00.000000', '2025-12-08T00:00:00.000000',
       '2025-12-15T00:00:00.000000', '2025-12-22T00:00:00.000000',
       '2025-12-29T00:00:00.000000', '2026-01-05T00:00:00.000000',
       '2026-01-12T00:00:00.000000', '2026-01-19T00:00:00.000000',
       '2026-01-26T00:00:00.000000', '2026-02-02T00:00:00.000000',
       '2026-02-09T00:00:00.000000', '2026-02-16T00:00:00.000000',
       '2026-02-23T00:00:00.000000', '2026-03-02T00:00:00.000000',
       '2026-03-09T00:00:00.000000', '2026-03-16T00:00:00.000000',
       '2026-03-23T00:00:00.000000', '2026-03-30T00:00:00.000000',
       '2026-04-06T00:00:00.000000', '2026-04-13T00:00:00.000000',
       '2026-05-25T00:00:00.000000', '2026-06-01T00:00:00.000000',
       '2026-06-02T00:00:00.000000', '2026-06-03T00:00:00.000000',
       '2026-06-04T00:00:00.000000', '2026-06-05T00:00:00.000000',
       '2026-06-06T00:00:00.000000', '2026-06-08T00:00:00.000000',
       '2026-06-09T00:00:00.000000'], dtype='datetime64[us]'))
2026-06-11 06:22:45.484 | DEBUG    | __main__:forecast_holt_winters:131 -     Holt-Winters forecast failed: positive() got an unexpected keyword argument 'lower'
2026-06-11 06:22:45.488 | DEBUG    | __main__:forecast_tree:163 -     Tree forecast failed: Feature shape mismatch, expected: 18, got 16
2026-06-11 06:22:45.489 | INFO     | __main__:forecast_commodity:266 -   daily        -> N     715,836/MT  +0.0%  (2026-06-15)
2026-06-11 06:22:45.538 | INFO     | __main__:forecast_commodity:266 -   weekly       -> N     715,836/MT  +0.0%  (2026-06-22)
2026-06-11 06:22:45.553 | INFO     | __main__:forecast_commodity:266 -   2_weeks      -> N     715,836/MT  +0.0%  (2026-06-29)
2026-06-11 06:22:45.561 | INFO     | __main__:forecast_commodity:266 -   monthly      -> N     715,836/MT  +0.0%  (2026-07-13)
2026-06-11 06:22:45.576 | INFO     | __main__:forecast_commodity:266 -   3_months     -> N     715,836/MT  +0.0%  (2026-09-14)
2026-06-11 06:22:45.707 | INFO     | __main__:forecast_commodity:266 -   6_months     -> N     715,836/MT  +0.0%  (2026-12-14)
2026-06-11 06:22:45.727 | INFO     | __main__:run_forecasting:331 -   Wheat
2026-06-11 06:22:45.738 | INFO     | __main__:run_forecasting:325 - 
[13/13] Forecasting Rice...
2026-06-11 06:22:46.091 | WARNING  | __main__:load_models_and_meta:87 -   Could not load arima for Rice: No module named 'pmdarima'
2026-06-11 06:22:46.245 | WARNING  | __main__:load_models_and_meta:87 -   Could not load prophet for Rice: (dtype('<M8[us]'), array(['2002-01-20T00:00:00.000000', '2002-01-27T00:00:00.000000',
       '2002-02-03T00:00:00.000000', ..., '2026-06-06T00:00:00.000000',
       '2026-06-08T00:00:00.000000', '2026-06-09T00:00:00.000000'],
      shape=(1278,), dtype='datetime64[us]'))
2026-06-11 06:22:46.953 | DEBUG    | __main__:forecast_holt_winters:131 -     Holt-Winters forecast failed: positive() got an unexpected keyword argument 'lower'
2026-06-11 06:22:46.957 | DEBUG    | __main__:forecast_tree:163 -     Tree forecast failed: Feature shape mismatch, expected: 18, got 16
2026-06-11 06:22:46.958 | INFO     | __main__:forecast_commodity:266 -   daily        -> N   1,580,310/MT  +0.0%  (2026-06-15)
2026-06-11 06:22:46.988 | INFO     | __main__:forecast_commodity:266 -   weekly       -> N   1,580,310/MT  +0.0%  (2026-06-22)
2026-06-11 06:22:47.002 | INFO     | __main__:forecast_commodity:266 -   2_weeks      -> N   1,580,310/MT  +0.0%  (2026-06-29)
2026-06-11 06:22:47.025 | INFO     | __main__:forecast_commodity:266 -   monthly      -> N   1,580,310/MT  +0.0%  (2026-07-13)
2026-06-11 06:22:47.045 | INFO     | __main__:forecast_commodity:266 -   3_months     -> N   1,580,310/MT  +0.0%  (2026-09-14)
2026-06-11 06:22:47.069 | INFO     | __main__:forecast_commodity:266 -   6_months     -> N   1,580,310/MT  +0.0%  (2026-12-14)
2026-06-11 06:22:47.094 | INFO     | __main__:run_forecasting:331 -   Rice
2026-06-11 06:22:47.321 | INFO     | __main__:run_forecasting:347 - 
  Forecast JSON saved -> C:\Users\USER\Downloads\agrolinking-intel-structure\agrolinking-intel\outputs\forecasts\forecast_2026-06-11.json
2026-06-11 06:22:47.344 | INFO     | __main__:run_forecasting:373 -   Daily alert saved -> C:\Users\USER\Downloads\agrolinking-intel-structure\agrolinking-intel\outputs\daily_alerts\alert_2026-06-11.txt
2026-06-11 06:22:47.355 | INFO     | __main__:run_forecasting:374 - 
=================================================================
2026-06-11 06:22:47.371 | INFO     | __main__:run_forecasting:375 -   DAILY PRICE ALERT
2026-06-11 06:22:47.391 | INFO     | __main__:run_forecasting:376 - =================================================================
2026-06-11 06:22:47.403 | INFO     | __main__:run_forecasting:378 -   AGROLINKING COMMODITY INTELLIGENCE ALERT
2026-06-11 06:22:47.420 | INFO     | __main__:run_forecasting:378 -   Thursday, 11 June 2026
2026-06-11 06:22:47.428 | INFO     | __main__:run_forecasting:378 -   ─────────────────────────────────────────────
2026-06-11 06:22:47.438 | INFO     | __main__:run_forecasting:378 -   Hibiscus               N   2,290,942/MT  +0.0%
2026-06-11 06:22:47.445 | INFO     | __main__:run_forecasting:378 -   Sesame                 N   1,639,048/MT  +0.0%
2026-06-11 06:22:47.471 | INFO     | __main__:run_forecasting:378 -   Ginger                 N  12,112,644/MT  +0.0%
2026-06-11 06:22:47.481 | INFO     | __main__:run_forecasting:378 -   Cocoa                  N   5,741,123/MT  +0.0%
2026-06-11 06:22:47.500 | INFO     | __main__:run_forecasting:378 -   Soybeans               N     753,685/MT  +0.0%
2026-06-11 06:22:47.523 | INFO     | __main__:run_forecasting:378 -   Cashew Nuts            N   1,980,394/MT  +0.0%
2026-06-11 06:22:47.536 | INFO     | __main__:run_forecasting:378 -   Sorghum                N     428,722/MT  +0.0%
2026-06-11 06:22:47.555 | INFO     | __main__:run_forecasting:378 -   Beans (white)          N     828,606/MT  +0.0%
2026-06-11 06:22:47.567 | INFO     | __main__:run_forecasting:378 -   Beans (red)            N     895,281/MT  +0.0%
2026-06-11 06:22:47.577 | INFO     | __main__:run_forecasting:378 -   Maize (white)          N     375,078/MT  +0.0%
2026-06-11 06:22:47.589 | INFO     | __main__:run_forecasting:378 -   Maize (yellow)         N     402,598/MT  +0.0%
2026-06-11 06:22:47.603 | INFO     | __main__:run_forecasting:378 -   Wheat                  N     715,836/MT  +0.0%
2026-06-11 06:22:47.611 | INFO     | __main__:run_forecasting:378 -   Rice                   N   1,580,310/MT  +0.0%
2026-06-11 06:22:47.625 | INFO     | __main__:run_forecasting:378 -   ─────────────────────────────────────────────
2026-06-11 06:22:47.656 | INFO     | __main__:run_forecasting:378 -   Source: Agrolinking Intelligence Platform
2026-06-11 06:22:47.677 | INFO     | __main__:run_forecasting:378 -   Next update: 12 Jun 2026
2026-06-11 06:22:47.700 | INFO     | __main__:run_forecasting:381 - 
======================================================================
2026-06-11 06:22:47.720 | INFO     | __main__:run_forecasting:382 -   FORECAST SUMMARY
2026-06-11 06:22:47.761 | INFO     | __main__:run_forecasting:383 - ======================================================================
2026-06-11 06:22:47.793 | INFO     | __main__:run_forecasting:385 -   Commodity                      daily        weekly       monthly      3_months      6_months
2026-06-11 06:22:47.810 | INFO     | __main__:run_forecasting:386 -   ---------------------------------------------------------------------------
2026-06-11 06:22:47.853 | INFO     | __main__:run_forecasting:392 -   Hibiscus                N 2,290,942  N 2,290,942  N 2,290,942  N 2,290,942  N 2,290,942
2026-06-11 06:22:47.920 | INFO     | __main__:run_forecasting:392 -   Sesame                  N 1,639,048  N 1,639,048  N 1,639,048  N 1,639,048  N 1,639,048
2026-06-11 06:22:47.993 | INFO     | __main__:run_forecasting:392 -   Ginger                  N12,112,644  N12,112,644  N12,112,644  N12,112,644  N12,112,644
2026-06-11 06:22:48.086 | INFO     | __main__:run_forecasting:392 -   Cocoa                   N 5,741,123  N 5,741,123  N 5,741,123  N 5,741,123  N 5,741,123
2026-06-11 06:22:48.111 | INFO     | __main__:run_forecasting:392 -   Soybeans                N   753,685  N   753,685  N   753,685  N   753,685  N   753,685
2026-06-11 06:22:48.134 | INFO     | __main__:run_forecasting:392 -   Cashew Nuts             N 1,980,394  N 1,980,394  N 1,980,394  N 1,980,394  N 1,980,394
2026-06-11 06:22:48.216 | INFO     | __main__:run_forecasting:392 -   Sorghum                 N   428,722  N   428,722  N   428,722  N   428,722  N   428,722
2026-06-11 06:22:48.272 | INFO     | __main__:run_forecasting:392 -   Beans (white)           N   828,606  N   828,606  N   828,606  N   828,606  N   828,606
2026-06-11 06:22:48.292 | INFO     | __main__:run_forecasting:392 -   Beans (red)             N   895,281  N   895,281  N   895,281  N   895,281  N   895,281
2026-06-11 06:22:48.305 | INFO     | __main__:run_forecasting:392 -   Maize (white)           N   375,078  N   375,078  N   375,078  N   375,078  N   375,078
2026-06-11 06:22:48.331 | INFO     | __main__:run_forecasting:392 -   Maize (yellow)          N   402,598  N   402,598  N   402,598  N   402,598  N   402,598
2026-06-11 06:22:48.360 | INFO     | __main__:run_forecasting:392 -   Wheat                   N   715,836  N   715,836  N   715,836  N   715,836  N   715,836
2026-06-11 06:22:48.405 | INFO     | __main__:run_forecasting:392 -   Rice                    N 1,580,310  N 1,580,310  N 1,580,310  N 1,580,310  N 1,580,310
2026-06-11 06:22:48.439 | INFO     | __main__:run_forecasting:393 - ======================================================================
2026-06-11 06:22:48.512 | SUCCESS  | __main__:run_forecasting:397 - FORECASTING COMPLETE — 13/13 commodities
2026-06-11 06:26:38.726 | INFO     | __main__:run_forecasting:302 - =================================================================
2026-06-11 06:26:38.730 | INFO     | __main__:run_forecasting:303 - STEP 5 — FORECASTING ENGINE
2026-06-11 06:26:38.732 | INFO     | __main__:run_forecasting:304 -   Run date   : Thursday, 11 June 2026
2026-06-11 06:26:38.747 | INFO     | __main__:run_forecasting:305 -   Commodities: 13
2026-06-11 06:26:38.761 | INFO     | __main__:run_forecasting:306 -   Horizons   : ['daily', 'weekly', '2_weeks', 'monthly', '3_months', '6_months']
2026-06-11 06:26:38.761 | INFO     | __main__:run_forecasting:307 -   Ensemble   : ARIMA + Prophet + Holt-Winters + XGBoost + LightGBM
2026-06-11 06:26:38.763 | INFO     | __main__:run_forecasting:308 - =================================================================
2026-06-11 06:26:39.208 | INFO     | __main__:run_forecasting:325 - 
[1/13] Forecasting Hibiscus...
2026-06-11 06:27:39.809 | DEBUG    | __main__:forecast_holt_winters:131 -     Holt-Winters forecast failed: positive() got an unexpected keyword argument 'lower'
2026-06-11 06:27:39.823 | DEBUG    | __main__:forecast_tree:163 -     Tree forecast failed: Feature shape mismatch, expected: 18, got 16
2026-06-11 06:27:39.824 | INFO     | __main__:forecast_commodity:266 -   daily        -> N   2,188,767/MT  -4.5%  (2026-06-15)
2026-06-11 06:27:39.826 | INFO     | __main__:forecast_commodity:266 -   weekly       -> N   2,188,767/MT  -4.5%  (2026-06-22)
2026-06-11 06:27:39.826 | INFO     | __main__:forecast_commodity:266 -   2_weeks      -> N   2,173,619/MT  -5.1%  (2026-06-29)
2026-06-11 06:27:39.826 | INFO     | __main__:forecast_commodity:266 -   monthly      -> N   2,189,318/MT  -4.4%  (2026-07-13)
2026-06-11 06:27:39.828 | INFO     | __main__:forecast_commodity:266 -   3_months     -> N   2,119,055/MT  -7.5%  (2026-09-14)
2026-06-11 06:27:39.831 | INFO     | __main__:forecast_commodity:266 -   6_months     -> N   2,008,861/MT  -12.3%  (2026-12-14)
2026-06-11 06:27:39.836 | INFO     | __main__:run_forecasting:331 -   Hibiscus
2026-06-11 06:27:39.837 | INFO     | __main__:run_forecasting:325 - 
[2/13] Forecasting Sesame...
2026-06-11 06:27:40.088 | DEBUG    | __main__:forecast_holt_winters:131 -     Holt-Winters forecast failed: positive() got an unexpected keyword argument 'lower'
2026-06-11 06:27:40.090 | DEBUG    | __main__:forecast_tree:163 -     Tree forecast failed: Feature shape mismatch, expected: 18, got 16
2026-06-11 06:27:40.092 | INFO     | __main__:forecast_commodity:266 -   daily        -> N   1,606,193/MT  -2.0%  (2026-06-15)
2026-06-11 06:27:40.098 | INFO     | __main__:forecast_commodity:266 -   weekly       -> N   1,606,193/MT  -2.0%  (2026-06-22)
2026-06-11 06:27:40.107 | INFO     | __main__:forecast_commodity:266 -   2_weeks      -> N   1,621,244/MT  -1.1%  (2026-06-29)
2026-06-11 06:27:40.111 | INFO     | __main__:forecast_commodity:266 -   monthly      -> N   1,547,501/MT  -5.6%  (2026-07-13)
2026-06-11 06:27:40.113 | INFO     | __main__:forecast_commodity:266 -   3_months     -> N   1,523,681/MT  -7.0%  (2026-09-14)
2026-06-11 06:27:40.125 | INFO     | __main__:forecast_commodity:266 -   6_months     -> N   1,509,408/MT  -7.9%  (2026-12-14)
2026-06-11 06:27:40.127 | INFO     | __main__:run_forecasting:331 -   Sesame
2026-06-11 06:27:40.129 | INFO     | __main__:run_forecasting:325 - 
[3/13] Forecasting Ginger...
2026-06-11 06:27:40.400 | DEBUG    | __main__:forecast_holt_winters:131 -     Holt-Winters forecast failed: positive() got an unexpected keyword argument 'lower'
2026-06-11 06:27:40.405 | DEBUG    | __main__:forecast_tree:163 -     Tree forecast failed: Feature shape mismatch, expected: 18, got 16
2026-06-11 06:27:40.407 | INFO     | __main__:forecast_commodity:266 -   daily        -> N  12,450,577/MT  +2.8%  (2026-06-15)
2026-06-11 06:27:40.407 | INFO     | __main__:forecast_commodity:266 -   weekly       -> N  12,450,577/MT  +2.8%  (2026-06-22)
2026-06-11 06:27:40.409 | INFO     | __main__:forecast_commodity:266 -   2_weeks      -> N  13,039,776/MT  +7.7%  (2026-06-29)
2026-06-11 06:27:40.411 | INFO     | __main__:forecast_commodity:266 -   monthly      -> N  12,929,504/MT  +6.7%  (2026-07-13)
2026-06-11 06:27:40.412 | INFO     | __main__:forecast_commodity:266 -   3_months     -> N  12,018,898/MT  -0.8%  (2026-09-14)
2026-06-11 06:27:40.419 | INFO     | __main__:forecast_commodity:266 -   6_months     -> N  11,470,895/MT  -5.3%  (2026-12-14)
2026-06-11 06:27:40.421 | INFO     | __main__:run_forecasting:331 -   Ginger
2026-06-11 06:27:40.423 | INFO     | __main__:run_forecasting:325 - 
[4/13] Forecasting Cocoa...
2026-06-11 06:27:40.776 | DEBUG    | __main__:forecast_holt_winters:131 -     Holt-Winters forecast failed: positive() got an unexpected keyword argument 'lower'
2026-06-11 06:27:40.779 | DEBUG    | __main__:forecast_tree:163 -     Tree forecast failed: Feature shape mismatch, expected: 18, got 16
2026-06-11 06:27:40.781 | INFO     | __main__:forecast_commodity:266 -   daily        -> N   7,928,068/MT  +38.1%  (2026-06-15)
2026-06-11 06:27:40.796 | INFO     | __main__:forecast_commodity:266 -   weekly       -> N   7,928,068/MT  +38.1%  (2026-06-22)
2026-06-11 06:27:40.806 | INFO     | __main__:forecast_commodity:266 -   2_weeks      -> N   9,579,426/MT  +66.9%  (2026-06-29)
2026-06-11 06:27:40.809 | INFO     | __main__:forecast_commodity:266 -   monthly      -> N   9,767,612/MT  +70.1%  (2026-07-13)
2026-06-11 06:27:40.813 | INFO     | __main__:forecast_commodity:266 -   3_months     -> N   9,040,845/MT  +57.5%  (2026-09-14)
2026-06-11 06:27:40.825 | INFO     | __main__:forecast_commodity:266 -   6_months     -> N   9,087,073/MT  +58.3%  (2026-12-14)
2026-06-11 06:27:40.845 | INFO     | __main__:run_forecasting:331 -   Cocoa
2026-06-11 06:27:40.870 | INFO     | __main__:run_forecasting:325 - 
[5/13] Forecasting Soybeans...
2026-06-11 06:27:41.133 | DEBUG    | __main__:forecast_holt_winters:131 -     Holt-Winters forecast failed: positive() got an unexpected keyword argument 'lower'
2026-06-11 06:27:41.137 | DEBUG    | __main__:forecast_tree:163 -     Tree forecast failed: Feature shape mismatch, expected: 18, got 16
2026-06-11 06:27:41.137 | INFO     | __main__:forecast_commodity:266 -   daily        -> N     831,846/MT  +10.4%  (2026-06-15)
2026-06-11 06:27:41.140 | INFO     | __main__:forecast_commodity:266 -   weekly       -> N     831,846/MT  +10.4%  (2026-06-22)
2026-06-11 06:27:41.142 | INFO     | __main__:forecast_commodity:266 -   2_weeks      -> N     872,388/MT  +15.8%  (2026-06-29)
2026-06-11 06:27:41.142 | INFO     | __main__:forecast_commodity:266 -   monthly      -> N     878,569/MT  +16.6%  (2026-07-13)
2026-06-11 06:27:41.153 | INFO     | __main__:forecast_commodity:266 -   3_months     -> N     846,268/MT  +12.3%  (2026-09-14)
2026-06-11 06:27:41.158 | INFO     | __main__:forecast_commodity:266 -   6_months     -> N     821,802/MT  +9.0%  (2026-12-14)
2026-06-11 06:27:41.188 | INFO     | __main__:run_forecasting:331 -   Soybeans
2026-06-11 06:27:41.193 | INFO     | __main__:run_forecasting:325 - 
[6/13] Forecasting Cashew Nuts...
2026-06-11 06:27:41.443 | DEBUG    | __main__:forecast_holt_winters:131 -     Holt-Winters forecast failed: positive() got an unexpected keyword argument 'lower'
2026-06-11 06:27:41.449 | DEBUG    | __main__:forecast_tree:163 -     Tree forecast failed: Feature shape mismatch, expected: 18, got 16
2026-06-11 06:27:41.451 | INFO     | __main__:forecast_commodity:266 -   daily        -> N   2,071,577/MT  +4.6%  (2026-06-15)
2026-06-11 06:27:41.452 | INFO     | __main__:forecast_commodity:266 -   weekly       -> N   2,071,577/MT  +4.6%  (2026-06-22)
2026-06-11 06:27:41.454 | INFO     | __main__:forecast_commodity:266 -   2_weeks      -> N   2,138,084/MT  +8.0%  (2026-06-29)
2026-06-11 06:27:41.455 | INFO     | __main__:forecast_commodity:266 -   monthly      -> N   2,131,155/MT  +7.6%  (2026-07-13)
2026-06-11 06:27:41.459 | INFO     | __main__:forecast_commodity:266 -   3_months     -> N   2,182,983/MT  +10.2%  (2026-09-14)
2026-06-11 06:27:41.469 | INFO     | __main__:forecast_commodity:266 -   6_months     -> N   2,108,165/MT  +6.5%  (2026-12-14)
2026-06-11 06:27:41.479 | INFO     | __main__:run_forecasting:331 -   Cashew Nuts
2026-06-11 06:27:41.480 | INFO     | __main__:run_forecasting:325 - 
[7/13] Forecasting Sorghum...
2026-06-11 06:27:41.738 | DEBUG    | __main__:forecast_holt_winters:131 -     Holt-Winters forecast failed: positive() got an unexpected keyword argument 'lower'
2026-06-11 06:27:41.760 | DEBUG    | __main__:forecast_tree:163 -     Tree forecast failed: Feature shape mismatch, expected: 18, got 16
2026-06-11 06:27:41.760 | INFO     | __main__:forecast_commodity:266 -   daily        -> N     507,218/MT  +18.3%  (2026-06-15)
2026-06-11 06:27:41.830 | INFO     | __main__:forecast_commodity:266 -   weekly       -> N     507,218/MT  +18.3%  (2026-06-22)
2026-06-11 06:27:41.945 | INFO     | __main__:forecast_commodity:266 -   2_weeks      -> N     526,144/MT  +22.7%  (2026-06-29)
2026-06-11 06:27:41.993 | INFO     | __main__:forecast_commodity:266 -   monthly      -> N     515,852/MT  +20.3%  (2026-07-13)
2026-06-11 06:27:42.013 | INFO     | __main__:forecast_commodity:266 -   3_months     -> N     514,187/MT  +19.9%  (2026-09-14)
2026-06-11 06:27:42.035 | INFO     | __main__:forecast_commodity:266 -   6_months     -> N     468,819/MT  +9.3%  (2026-12-14)
2026-06-11 06:27:42.046 | INFO     | __main__:run_forecasting:331 -   Sorghum
2026-06-11 06:27:42.052 | INFO     | __main__:run_forecasting:325 - 
[8/13] Forecasting Beans (white)...
2026-06-11 06:27:42.283 | DEBUG    | __main__:forecast_holt_winters:131 -     Holt-Winters forecast failed: positive() got an unexpected keyword argument 'lower'
2026-06-11 06:27:42.286 | DEBUG    | __main__:forecast_tree:163 -     Tree forecast failed: Feature shape mismatch, expected: 18, got 16
2026-06-11 06:27:42.288 | INFO     | __main__:forecast_commodity:266 -   daily        -> N     969,063/MT  +16.9%  (2026-06-15)
2026-06-11 06:27:42.296 | INFO     | __main__:forecast_commodity:266 -   weekly       -> N     969,063/MT  +16.9%  (2026-06-22)
2026-06-11 06:27:42.313 | INFO     | __main__:forecast_commodity:266 -   2_weeks      -> N     984,515/MT  +18.8%  (2026-06-29)
2026-06-11 06:27:42.325 | INFO     | __main__:forecast_commodity:266 -   monthly      -> N     996,644/MT  +20.3%  (2026-07-13)
2026-06-11 06:27:42.401 | INFO     | __main__:forecast_commodity:266 -   3_months     -> N   1,015,185/MT  +22.5%  (2026-09-14)
2026-06-11 06:27:42.453 | INFO     | __main__:forecast_commodity:266 -   6_months     -> N   1,010,353/MT  +21.9%  (2026-12-14)
2026-06-11 06:27:42.479 | INFO     | __main__:run_forecasting:331 -   Beans (white)
2026-06-11 06:27:42.493 | INFO     | __main__:run_forecasting:325 - 
[9/13] Forecasting Beans (red)...
2026-06-11 06:27:42.715 | DEBUG    | __main__:forecast_holt_winters:131 -     Holt-Winters forecast failed: positive() got an unexpected keyword argument 'lower'
2026-06-11 06:27:42.723 | DEBUG    | __main__:forecast_tree:163 -     Tree forecast failed: Feature shape mismatch, expected: 18, got 16
2026-06-11 06:27:42.724 | INFO     | __main__:forecast_commodity:266 -   daily        -> N     836,122/MT  -6.6%  (2026-06-15)
2026-06-11 06:27:42.730 | INFO     | __main__:forecast_commodity:266 -   weekly       -> N     836,122/MT  -6.6%  (2026-06-22)
2026-06-11 06:27:42.734 | INFO     | __main__:forecast_commodity:266 -   2_weeks      -> N     817,282/MT  -8.7%  (2026-06-29)
2026-06-11 06:27:42.738 | INFO     | __main__:forecast_commodity:266 -   monthly      -> N     823,519/MT  -8.0%  (2026-07-13)
2026-06-11 06:27:42.742 | INFO     | __main__:forecast_commodity:266 -   3_months     -> N     802,470/MT  -10.4%  (2026-09-14)
2026-06-11 06:27:42.751 | INFO     | __main__:forecast_commodity:266 -   6_months     -> N     676,589/MT  -24.4%  (2026-12-14)
2026-06-11 06:27:42.757 | INFO     | __main__:run_forecasting:331 -   Beans (red)
2026-06-11 06:27:42.761 | INFO     | __main__:run_forecasting:325 - 
[10/13] Forecasting Maize (white)...
2026-06-11 06:27:42.997 | DEBUG    | __main__:forecast_holt_winters:131 -     Holt-Winters forecast failed: positive() got an unexpected keyword argument 'lower'
2026-06-11 06:27:43.002 | DEBUG    | __main__:forecast_tree:163 -     Tree forecast failed: Feature shape mismatch, expected: 18, got 16
2026-06-11 06:27:43.002 | INFO     | __main__:forecast_commodity:266 -   daily        -> N     375,078/MT  +0.0%  (2026-06-15)
2026-06-11 06:27:43.005 | INFO     | __main__:forecast_commodity:266 -   weekly       -> N     375,078/MT  +0.0%  (2026-06-22)
2026-06-11 06:27:43.007 | INFO     | __main__:forecast_commodity:266 -   2_weeks      -> N     380,225/MT  +1.4%  (2026-06-29)
2026-06-11 06:27:43.009 | INFO     | __main__:forecast_commodity:266 -   monthly      -> N     374,985/MT  -0.0%  (2026-07-13)
2026-06-11 06:27:43.012 | INFO     | __main__:forecast_commodity:266 -   3_months     -> N     369,101/MT  -1.6%  (2026-09-14)
2026-06-11 06:27:43.015 | INFO     | __main__:forecast_commodity:266 -   6_months     -> N     368,108/MT  -1.9%  (2026-12-14)
2026-06-11 06:27:43.023 | INFO     | __main__:run_forecasting:331 -   Maize (white)
2026-06-11 06:27:43.025 | INFO     | __main__:run_forecasting:325 - 
[11/13] Forecasting Maize (yellow)...
2026-06-11 06:27:43.374 | DEBUG    | __main__:forecast_holt_winters:131 -     Holt-Winters forecast failed: positive() got an unexpected keyword argument 'lower'
2026-06-11 06:27:43.378 | DEBUG    | __main__:forecast_tree:163 -     Tree forecast failed: Feature shape mismatch, expected: 18, got 16
2026-06-11 06:27:43.378 | INFO     | __main__:forecast_commodity:266 -   daily        -> N     410,392/MT  +1.9%  (2026-06-15)
2026-06-11 06:27:43.430 | INFO     | __main__:forecast_commodity:266 -   weekly       -> N     410,392/MT  +1.9%  (2026-06-22)
2026-06-11 06:27:43.440 | INFO     | __main__:forecast_commodity:266 -   2_weeks      -> N     412,643/MT  +2.5%  (2026-06-29)
2026-06-11 06:27:43.452 | INFO     | __main__:forecast_commodity:266 -   monthly      -> N     414,642/MT  +3.0%  (2026-07-13)
2026-06-11 06:27:43.490 | INFO     | __main__:forecast_commodity:266 -   3_months     -> N     419,448/MT  +4.2%  (2026-09-14)
2026-06-11 06:27:43.496 | INFO     | __main__:forecast_commodity:266 -   6_months     -> N     420,880/MT  +4.5%  (2026-12-14)
2026-06-11 06:27:43.506 | INFO     | __main__:run_forecasting:331 -   Maize (yellow)
2026-06-11 06:27:43.512 | INFO     | __main__:run_forecasting:325 - 
[12/13] Forecasting Wheat...
2026-06-11 06:27:43.750 | DEBUG    | __main__:forecast_holt_winters:131 -     Holt-Winters forecast failed: positive() got an unexpected keyword argument 'lower'
2026-06-11 06:27:43.754 | DEBUG    | __main__:forecast_tree:163 -     Tree forecast failed: Feature shape mismatch, expected: 18, got 16
2026-06-11 06:27:43.754 | INFO     | __main__:forecast_commodity:266 -   daily        -> N     742,846/MT  +3.8%  (2026-06-15)
2026-06-11 06:27:43.759 | INFO     | __main__:forecast_commodity:266 -   weekly       -> N     742,846/MT  +3.8%  (2026-06-22)
2026-06-11 06:27:43.761 | INFO     | __main__:forecast_commodity:266 -   2_weeks      -> N     752,348/MT  +5.1%  (2026-06-29)
2026-06-11 06:27:43.763 | INFO     | __main__:forecast_commodity:266 -   monthly      -> N     759,537/MT  +6.1%  (2026-07-13)
2026-06-11 06:27:43.778 | INFO     | __main__:forecast_commodity:266 -   3_months     -> N     752,159/MT  +5.1%  (2026-09-14)
2026-06-11 06:27:43.793 | INFO     | __main__:forecast_commodity:266 -   6_months     -> N     763,277/MT  +6.6%  (2026-12-14)
2026-06-11 06:27:43.813 | INFO     | __main__:run_forecasting:331 -   Wheat
2026-06-11 06:27:43.829 | INFO     | __main__:run_forecasting:325 - 
[13/13] Forecasting Rice...
2026-06-11 06:27:44.073 | DEBUG    | __main__:forecast_holt_winters:131 -     Holt-Winters forecast failed: positive() got an unexpected keyword argument 'lower'
2026-06-11 06:27:44.078 | DEBUG    | __main__:forecast_tree:163 -     Tree forecast failed: Feature shape mismatch, expected: 18, got 16
2026-06-11 06:27:44.078 | INFO     | __main__:forecast_commodity:266 -   daily        -> N   1,671,239/MT  +5.8%  (2026-06-15)
2026-06-11 06:27:44.081 | INFO     | __main__:forecast_commodity:266 -   weekly       -> N   1,671,239/MT  +5.8%  (2026-06-22)
2026-06-11 06:27:44.088 | INFO     | __main__:forecast_commodity:266 -   2_weeks      -> N   1,686,024/MT  +6.7%  (2026-06-29)
2026-06-11 06:27:44.095 | INFO     | __main__:forecast_commodity:266 -   monthly      -> N   1,691,491/MT  +7.0%  (2026-07-13)
2026-06-11 06:27:44.123 | INFO     | __main__:forecast_commodity:266 -   3_months     -> N   1,708,016/MT  +8.1%  (2026-09-14)
2026-06-11 06:27:44.128 | INFO     | __main__:forecast_commodity:266 -   6_months     -> N   1,725,797/MT  +9.2%  (2026-12-14)
2026-06-11 06:27:44.134 | INFO     | __main__:run_forecasting:331 -   Rice
2026-06-11 06:27:44.194 | INFO     | __main__:run_forecasting:347 - 
  Forecast JSON saved -> C:\Users\USER\Downloads\agrolinking-intel-structure\agrolinking-intel\outputs\forecasts\forecast_2026-06-11.json
2026-06-11 06:27:44.200 | INFO     | __main__:run_forecasting:373 -   Daily alert saved -> C:\Users\USER\Downloads\agrolinking-intel-structure\agrolinking-intel\outputs\daily_alerts\alert_2026-06-11.txt
2026-06-11 06:27:44.201 | INFO     | __main__:run_forecasting:374 - 
=================================================================
2026-06-11 06:27:44.201 | INFO     | __main__:run_forecasting:375 -   DAILY PRICE ALERT
2026-06-11 06:27:44.202 | INFO     | __main__:run_forecasting:376 - =================================================================
2026-06-11 06:27:44.204 | INFO     | __main__:run_forecasting:378 -   AGROLINKING COMMODITY INTELLIGENCE ALERT
2026-06-11 06:27:44.205 | INFO     | __main__:run_forecasting:378 -   Thursday, 11 June 2026
2026-06-11 06:27:44.207 | INFO     | __main__:run_forecasting:378 -   ─────────────────────────────────────────────
2026-06-11 06:27:44.207 | INFO     | __main__:run_forecasting:378 -   Hibiscus               N   2,188,767/MT  -4.5%
2026-06-11 06:27:44.209 | INFO     | __main__:run_forecasting:378 -   Sesame                 N   1,606,193/MT  -2.0%
2026-06-11 06:27:44.212 | INFO     | __main__:run_forecasting:378 -   Ginger                 N  12,450,577/MT  +2.8%
2026-06-11 06:27:44.217 | INFO     | __main__:run_forecasting:378 -   Cocoa                  N   7,928,068/MT  +38.1%
2026-06-11 06:27:44.219 | INFO     | __main__:run_forecasting:378 -   Soybeans               N     831,846/MT  +10.4%
2026-06-11 06:27:44.225 | INFO     | __main__:run_forecasting:378 -   Cashew Nuts            N   2,071,577/MT  +4.6%
2026-06-11 06:27:44.227 | INFO     | __main__:run_forecasting:378 -   Sorghum                N     507,218/MT  +18.3%
2026-06-11 06:27:44.229 | INFO     | __main__:run_forecasting:378 -   Beans (white)          N     969,063/MT  +16.9%
2026-06-11 06:27:44.236 | INFO     | __main__:run_forecasting:378 -   Beans (red)            N     836,122/MT  -6.6%
2026-06-11 06:27:44.243 | INFO     | __main__:run_forecasting:378 -   Maize (white)          N     375,078/MT  +0.0%
2026-06-11 06:27:44.244 | INFO     | __main__:run_forecasting:378 -   Maize (yellow)         N     410,392/MT  +1.9%
2026-06-11 06:27:44.244 | INFO     | __main__:run_forecasting:378 -   Wheat                  N     742,846/MT  +3.8%
2026-06-11 06:27:44.244 | INFO     | __main__:run_forecasting:378 -   Rice                   N   1,671,239/MT  +5.8%
2026-06-11 06:27:44.244 | INFO     | __main__:run_forecasting:378 -   ─────────────────────────────────────────────
2026-06-11 06:27:44.247 | INFO     | __main__:run_forecasting:378 -   Source: Agrolinking Intelligence Platform
2026-06-11 06:27:44.247 | INFO     | __main__:run_forecasting:378 -   Next update: 12 Jun 2026
2026-06-11 06:27:44.247 | INFO     | __main__:run_forecasting:381 - 
======================================================================
2026-06-11 06:27:44.249 | INFO     | __main__:run_forecasting:382 -   FORECAST SUMMARY
2026-06-11 06:27:44.253 | INFO     | __main__:run_forecasting:383 - ======================================================================
2026-06-11 06:27:44.253 | INFO     | __main__:run_forecasting:385 -   Commodity                      daily        weekly       monthly      3_months      6_months
2026-06-11 06:27:44.255 | INFO     | __main__:run_forecasting:386 -   ---------------------------------------------------------------------------
2026-06-11 06:27:44.257 | INFO     | __main__:run_forecasting:392 -   Hibiscus                N 2,188,767  N 2,188,767  N 2,189,318  N 2,119,055  N 2,008,861
2026-06-11 06:27:44.261 | INFO     | __main__:run_forecasting:392 -   Sesame                  N 1,606,193  N 1,606,193  N 1,547,501  N 1,523,681  N 1,509,408
2026-06-11 06:27:44.263 | INFO     | __main__:run_forecasting:392 -   Ginger                  N12,450,577  N12,450,577  N12,929,504  N12,018,898  N11,470,895
2026-06-11 06:27:44.263 | INFO     | __main__:run_forecasting:392 -   Cocoa                   N 7,928,068  N 7,928,068  N 9,767,612  N 9,040,845  N 9,087,073
2026-06-11 06:27:44.263 | INFO     | __main__:run_forecasting:392 -   Soybeans                N   831,846  N   831,846  N   878,569  N   846,268  N   821,802
2026-06-11 06:27:44.265 | INFO     | __main__:run_forecasting:392 -   Cashew Nuts             N 2,071,577  N 2,071,577  N 2,131,155  N 2,182,983  N 2,108,165
2026-06-11 06:27:44.265 | INFO     | __main__:run_forecasting:392 -   Sorghum                 N   507,218  N   507,218  N   515,852  N   514,187  N   468,819
2026-06-11 06:27:44.269 | INFO     | __main__:run_forecasting:392 -   Beans (white)           N   969,063  N   969,063  N   996,644  N 1,015,185  N 1,010,353
2026-06-11 06:27:44.275 | INFO     | __main__:run_forecasting:392 -   Beans (red)             N   836,122  N   836,122  N   823,519  N   802,470  N   676,589
2026-06-11 06:27:44.275 | INFO     | __main__:run_forecasting:392 -   Maize (white)           N   375,078  N   375,078  N   374,985  N   369,101  N   368,108
2026-06-11 06:27:44.278 | INFO     | __main__:run_forecasting:392 -   Maize (yellow)          N   410,392  N   410,392  N   414,642  N   419,448  N   420,880
2026-06-11 06:27:44.280 | INFO     | __main__:run_forecasting:392 -   Wheat                   N   742,846  N   742,846  N   759,537  N   752,159  N   763,277
2026-06-11 06:27:44.280 | INFO     | __main__:run_forecasting:392 -   Rice                    N 1,671,239  N 1,671,239  N 1,691,491  N 1,708,016  N 1,725,797
2026-06-11 06:27:44.282 | INFO     | __main__:run_forecasting:393 - ======================================================================
2026-06-11 06:27:44.282 | SUCCESS  | __main__:run_forecasting:397 - FORECASTING COMPLETE — 13/13 commodities
