2026-04-16 13:35:46.252 | INFO     | __main__:run_step:29 - 
════════════════════════════════════════════════════════════
2026-04-16 13:35:46.255 | INFO     | __main__:run_step:30 -   RUNNING: Step 5 — Forecasting
2026-04-16 13:35:46.255 | INFO     | __main__:run_step:31 - ════════════════════════════════════════════════════════════
2026-04-16 13:35:46.256 | INFO     | forecast:run_forecasting:636 - ============================================================
2026-04-16 13:35:46.257 | INFO     | forecast:run_forecasting:637 - STEP 5 — FORECASTING ENGINE
2026-04-16 13:35:46.258 | INFO     | forecast:run_forecasting:638 -   Run date  : Thursday, 16 April 2026
2026-04-16 13:35:46.259 | INFO     | forecast:run_forecasting:639 -   Commodities: 11
2026-04-16 13:35:46.260 | INFO     | forecast:run_forecasting:640 -   Horizons  : ['daily', 'weekly', '2_weeks', 'monthly', '3_months', '6_months']
2026-04-16 13:35:46.260 | INFO     | forecast:run_forecasting:641 - ============================================================
2026-04-16 13:35:46.262 | INFO     | forecast:run_forecasting:644 - 
[1/11] Forecasting Hibiscus...
2026-04-16 13:36:28.751 | DEBUG    | forecast:forecast_commodity:553 -   [Hibiscus] 3/3 models generated forecasts
2026-04-16 13:36:28.759 | INFO     | forecast:run_forecasting:654 -   daily        → ₦    1,659,054/MT  ↓ -31.8%  (2026-04-20)
2026-04-16 13:36:28.760 | INFO     | forecast:run_forecasting:654 -   weekly       → ₦    1,659,054/MT  ↓ -31.8%  (2026-04-20)
2026-04-16 13:36:28.760 | INFO     | forecast:run_forecasting:654 -   2_weeks      → ₦    1,530,802/MT  ↓ -37.0%  (2026-04-27)
2026-04-16 13:36:28.762 | INFO     | forecast:run_forecasting:654 -   monthly      → ₦    1,508,016/MT  ↓ -38.0%  (2026-05-11)
2026-04-16 13:36:28.763 | INFO     | forecast:run_forecasting:654 -   3_months     → ₦    1,553,558/MT  ↓ -36.1%  (2026-07-13)
2026-04-16 13:36:28.763 | INFO     | forecast:run_forecasting:654 -   6_months     → ₦    1,495,462/MT  ↓ -38.5%  (2026-10-12)
2026-04-16 13:36:28.764 | INFO     | forecast:run_forecasting:660 -   ✅ Hibiscus
2026-04-16 13:36:28.765 | INFO     | forecast:run_forecasting:644 - 
[2/11] Forecasting Sesame...
2026-04-16 13:36:30.524 | DEBUG    | forecast:forecast_commodity:553 -   [Sesame] 3/3 models generated forecasts
2026-04-16 13:36:30.531 | INFO     | forecast:run_forecasting:654 -   daily        → ₦    8,283,798/MT  ↑ +379.3%  (2026-04-20)
2026-04-16 13:36:30.532 | INFO     | forecast:run_forecasting:654 -   weekly       → ₦    8,283,798/MT  ↑ +379.3%  (2026-04-20)
2026-04-16 13:36:30.532 | INFO     | forecast:run_forecasting:654 -   2_weeks      → ₦    8,359,576/MT  ↑ +383.7%  (2026-04-27)
2026-04-16 13:36:30.532 | INFO     | forecast:run_forecasting:654 -   monthly      → ₦    8,390,028/MT  ↑ +385.5%  (2026-05-11)
2026-04-16 13:36:30.534 | INFO     | forecast:run_forecasting:654 -   3_months     → ₦    8,812,214/MT  ↑ +409.9%  (2026-07-13)
2026-04-16 13:36:30.534 | INFO     | forecast:run_forecasting:654 -   6_months     → ₦    9,421,981/MT  ↑ +445.2%  (2026-10-12)
2026-04-16 13:36:30.536 | INFO     | forecast:run_forecasting:660 -   ✅ Sesame
2026-04-16 13:36:30.536 | INFO     | forecast:run_forecasting:644 - 
[3/11] Forecasting Ginger...
2026-04-16 13:36:32.464 | DEBUG    | forecast:forecast_commodity:553 -   [Ginger] 3/3 models generated forecasts
2026-04-16 13:36:32.470 | INFO     | forecast:run_forecasting:654 -   daily        → ₦   10,005,005/MT  ↑ +0.2%  (2026-04-20)
2026-04-16 13:36:32.472 | INFO     | forecast:run_forecasting:654 -   weekly       → ₦   10,005,005/MT  ↑ +0.2%  (2026-04-20)
2026-04-16 13:36:32.472 | INFO     | forecast:run_forecasting:654 -   2_weeks      → ₦   10,106,090/MT  ↑ +1.2%  (2026-04-27)
2026-04-16 13:36:32.472 | INFO     | forecast:run_forecasting:654 -   monthly      → ₦   10,107,265/MT  ↑ +1.2%  (2026-05-11)
2026-04-16 13:36:32.474 | INFO     | forecast:run_forecasting:654 -   3_months     → ₦    9,523,419/MT  ↓ -4.6%  (2026-07-13)
2026-04-16 13:36:32.474 | INFO     | forecast:run_forecasting:654 -   6_months     → ₦    9,109,903/MT  ↓ -8.8%  (2026-10-12)
2026-04-16 13:36:32.474 | INFO     | forecast:run_forecasting:660 -   ✅ Ginger
2026-04-16 13:36:32.474 | INFO     | forecast:run_forecasting:644 - 
[4/11] Forecasting Cocoa...
2026-04-16 13:36:34.671 | DEBUG    | forecast:forecast_commodity:553 -   [Cocoa] 3/3 models generated forecasts
2026-04-16 13:36:34.680 | INFO     | forecast:run_forecasting:654 -   daily        → ₦   12,838,150/MT  ↑ +101.3%  (2026-04-20)
2026-04-16 13:36:34.681 | INFO     | forecast:run_forecasting:654 -   weekly       → ₦   12,838,150/MT  ↑ +101.3%  (2026-04-20)
2026-04-16 13:36:34.683 | INFO     | forecast:run_forecasting:654 -   2_weeks      → ₦   13,471,357/MT  ↑ +111.2%  (2026-04-27)
2026-04-16 13:36:34.684 | INFO     | forecast:run_forecasting:654 -   monthly      → ₦   14,306,698/MT  ↑ +124.3%  (2026-05-11)
2026-04-16 13:36:34.685 | INFO     | forecast:run_forecasting:654 -   3_months     → ₦   13,072,624/MT  ↑ +105.0%  (2026-07-13)
2026-04-16 13:36:34.685 | INFO     | forecast:run_forecasting:654 -   6_months     → ₦   11,876,449/MT  ↑ +86.2%  (2026-10-12)
2026-04-16 13:36:34.687 | INFO     | forecast:run_forecasting:660 -   ✅ Cocoa
2026-04-16 13:36:34.689 | INFO     | forecast:run_forecasting:644 - 
[5/11] Forecasting Soybeans...
2026-04-16 13:36:36.466 | DEBUG    | forecast:forecast_commodity:553 -   [Soybeans] 3/3 models generated forecasts
2026-04-16 13:36:36.473 | INFO     | forecast:run_forecasting:654 -   daily        → ₦      623,340/MT  ↓ -4.6%  (2026-04-20)
2026-04-16 13:36:36.474 | INFO     | forecast:run_forecasting:654 -   weekly       → ₦      623,340/MT  ↓ -4.6%  (2026-04-20)
2026-04-16 13:36:36.475 | INFO     | forecast:run_forecasting:654 -   2_weeks      → ₦      617,704/MT  ↓ -5.5%  (2026-04-27)
2026-04-16 13:36:36.475 | INFO     | forecast:run_forecasting:654 -   monthly      → ₦      617,572/MT  ↓ -5.5%  (2026-05-11)
2026-04-16 13:36:36.476 | INFO     | forecast:run_forecasting:654 -   3_months     → ₦      600,014/MT  ↓ -8.2%  (2026-07-13)
2026-04-16 13:36:36.477 | INFO     | forecast:run_forecasting:654 -   6_months     → ₦      601,283/MT  ↓ -8.0%  (2026-10-12)
2026-04-16 13:36:36.477 | INFO     | forecast:run_forecasting:660 -   ✅ Soybeans
2026-04-16 13:36:36.478 | INFO     | forecast:run_forecasting:644 - 
[6/11] Forecasting Cashew Nuts...
2026-04-16 13:36:38.503 | DEBUG    | forecast:forecast_commodity:553 -   [Cashew Nuts] 3/3 models generated forecasts
2026-04-16 13:36:38.512 | INFO     | forecast:run_forecasting:654 -   daily        → ₦    1,351,800/MT  ↓ -20.9%  (2026-04-20)
2026-04-16 13:36:38.513 | INFO     | forecast:run_forecasting:654 -   weekly       → ₦    1,351,800/MT  ↓ -20.9%  (2026-04-20)
2026-04-16 13:36:38.514 | INFO     | forecast:run_forecasting:654 -   2_weeks      → ₦    1,348,793/MT  ↓ -21.1%  (2026-04-27)
2026-04-16 13:36:38.515 | INFO     | forecast:run_forecasting:654 -   monthly      → ₦    1,343,330/MT  ↓ -21.4%  (2026-05-11)
2026-04-16 13:36:38.516 | INFO     | forecast:run_forecasting:654 -   3_months     → ₦    1,478,389/MT  ↓ -13.5%  (2026-07-13)
2026-04-16 13:36:38.516 | INFO     | forecast:run_forecasting:654 -   6_months     → ₦    2,689,839/MT  ↑ +57.3%  (2026-10-12)
2026-04-16 13:36:38.516 | INFO     | forecast:run_forecasting:660 -   ✅ Cashew Nuts
2026-04-16 13:36:38.516 | INFO     | forecast:run_forecasting:644 - 
[7/11] Forecasting Sorghum...
2026-04-16 13:36:40.541 | DEBUG    | forecast:forecast_commodity:553 -   [Sorghum] 3/3 models generated forecasts
2026-04-16 13:36:40.551 | INFO     | forecast:run_forecasting:654 -   daily        → ₦      367,976/MT  ↑ +22.4%  (2026-04-20)
2026-04-16 13:36:40.553 | INFO     | forecast:run_forecasting:654 -   weekly       → ₦      367,976/MT  ↑ +22.4%  (2026-04-20)
2026-04-16 13:36:40.553 | INFO     | forecast:run_forecasting:654 -   2_weeks      → ₦      362,243/MT  ↑ +20.5%  (2026-04-27)
2026-04-16 13:36:40.553 | INFO     | forecast:run_forecasting:654 -   monthly      → ₦      358,827/MT  ↑ +19.4%  (2026-05-11)
2026-04-16 13:36:40.555 | INFO     | forecast:run_forecasting:654 -   3_months     → ₦      317,473/MT  ↑ +5.6%  (2026-07-13)
2026-04-16 13:36:40.555 | INFO     | forecast:run_forecasting:654 -   6_months     → ₦      233,583/MT  ↓ -22.3%  (2026-10-12)
2026-04-16 13:36:40.555 | INFO     | forecast:run_forecasting:660 -   ✅ Sorghum
2026-04-16 13:36:40.557 | INFO     | forecast:run_forecasting:644 - 
[8/11] Forecasting Beans (white)...
2026-04-16 13:36:42.765 | DEBUG    | forecast:forecast_commodity:553 -   [Beans (white)] 3/3 models generated forecasts
2026-04-16 13:36:42.771 | INFO     | forecast:run_forecasting:654 -   daily        → ₦      645,245/MT  ↓ -17.7%  (2026-04-20)
2026-04-16 13:36:42.773 | INFO     | forecast:run_forecasting:654 -   weekly       → ₦      645,245/MT  ↓ -17.7%  (2026-04-20)
2026-04-16 13:36:42.773 | INFO     | forecast:run_forecasting:654 -   2_weeks      → ₦      633,202/MT  ↓ -19.2%  (2026-04-27)
2026-04-16 13:36:42.773 | INFO     | forecast:run_forecasting:654 -   monthly      → ₦      641,382/MT  ↓ -18.2%  (2026-05-11)
2026-04-16 13:36:42.775 | INFO     | forecast:run_forecasting:654 -   3_months     → ₦      594,616/MT  ↓ -24.1%  (2026-07-13)
2026-04-16 13:36:42.775 | INFO     | forecast:run_forecasting:654 -   6_months     → ₦      542,513/MT  ↓ -30.8%  (2026-10-12)
2026-04-16 13:36:42.775 | INFO     | forecast:run_forecasting:660 -   ✅ Beans (white)
2026-04-16 13:36:42.775 | INFO     | forecast:run_forecasting:644 - 
[9/11] Forecasting Beans (red)...
2026-04-16 13:36:45.235 | DEBUG    | forecast:forecast_commodity:553 -   [Beans (red)] 3/3 models generated forecasts
2026-04-16 13:36:45.242 | INFO     | forecast:run_forecasting:654 -   daily        → ₦      720,781/MT  ↓ -17.7%  (2026-04-20)
2026-04-16 13:36:45.244 | INFO     | forecast:run_forecasting:654 -   weekly       → ₦      720,781/MT  ↓ -17.7%  (2026-04-20)
2026-04-16 13:36:45.245 | INFO     | forecast:run_forecasting:654 -   2_weeks      → ₦      713,451/MT  ↓ -18.6%  (2026-04-27)
2026-04-16 13:36:45.245 | INFO     | forecast:run_forecasting:654 -   monthly      → ₦      696,546/MT  ↓ -20.5%  (2026-05-11)
2026-04-16 13:36:45.245 | INFO     | forecast:run_forecasting:654 -   3_months     → ₦      575,253/MT  ↓ -34.3%  (2026-07-13)
2026-04-16 13:36:45.245 | INFO     | forecast:run_forecasting:654 -   6_months     → ₦      468,713/MT  ↓ -46.5%  (2026-10-12)
2026-04-16 13:36:45.247 | INFO     | forecast:run_forecasting:660 -   ✅ Beans (red)
2026-04-16 13:36:45.247 | INFO     | forecast:run_forecasting:644 - 
[10/11] Forecasting Maize (white)...
2026-04-16 13:36:47.364 | DEBUG    | forecast:forecast_commodity:553 -   [Maize (white)] 3/3 models generated forecasts
2026-04-16 13:36:47.372 | INFO     | forecast:run_forecasting:654 -   daily        → ₦      155,026/MT  ↓ -27.5%  (2026-04-20)
2026-04-16 13:36:47.374 | INFO     | forecast:run_forecasting:654 -   weekly       → ₦      155,026/MT  ↓ -27.5%  (2026-04-20)
2026-04-16 13:36:47.374 | INFO     | forecast:run_forecasting:654 -   2_weeks      → ₦      155,271/MT  ↓ -27.4%  (2026-04-27)
2026-04-16 13:36:47.374 | INFO     | forecast:run_forecasting:654 -   monthly      → ₦      155,999/MT  ↓ -27.1%  (2026-05-11)
2026-04-16 13:36:47.377 | INFO     | forecast:run_forecasting:654 -   3_months     → ₦      157,115/MT  ↓ -26.6%  (2026-07-13)
2026-04-16 13:36:47.379 | INFO     | forecast:run_forecasting:654 -   6_months     → ₦      154,491/MT  ↓ -27.8%  (2026-10-12)
2026-04-16 13:36:47.380 | INFO     | forecast:run_forecasting:660 -   ✅ Maize (white)
2026-04-16 13:36:47.384 | INFO     | forecast:run_forecasting:644 - 
[11/11] Forecasting Maize (yellow)...
2026-04-16 13:36:49.592 | DEBUG    | forecast:forecast_commodity:553 -   [Maize (yellow)] 3/3 models generated forecasts
2026-04-16 13:36:49.599 | INFO     | forecast:run_forecasting:654 -   daily        → ₦      172,301/MT  ↓ -25.3%  (2026-04-20)
2026-04-16 13:36:49.600 | INFO     | forecast:run_forecasting:654 -   weekly       → ₦      172,301/MT  ↓ -25.3%  (2026-04-20)
2026-04-16 13:36:49.601 | INFO     | forecast:run_forecasting:654 -   2_weeks      → ₦      172,278/MT  ↓ -25.3%  (2026-04-27)
2026-04-16 13:36:49.602 | INFO     | forecast:run_forecasting:654 -   monthly      → ₦      172,269/MT  ↓ -25.3%  (2026-05-11)
2026-04-16 13:36:49.602 | INFO     | forecast:run_forecasting:654 -   3_months     → ₦      172,619/MT  ↓ -25.1%  (2026-07-13)
2026-04-16 13:36:49.603 | INFO     | forecast:run_forecasting:654 -   6_months     → ₦      171,990/MT  ↓ -25.4%  (2026-10-12)
2026-04-16 13:36:49.604 | INFO     | forecast:run_forecasting:660 -   ✅ Maize (yellow)
2026-04-16 13:36:49.894 | INFO     | forecast:run_forecasting:669 - 
  Forecast JSON saved → c:\Users\USER\Downloads\agrolinking-intel-structure\agrolinking-intel\outputs\forecasts\forecast_2026-04-16.json
2026-04-16 13:36:49.899 | INFO     | forecast:run_forecasting:677 -   Daily alert saved → c:\Users\USER\Downloads\agrolinking-intel-structure\agrolinking-intel\outputs\daily_alerts\alert_2026-04-16.txt
2026-04-16 13:36:49.901 | INFO     | forecast:run_forecasting:680 - 
============================================================
2026-04-16 13:36:49.902 | INFO     | forecast:run_forecasting:681 -   DAILY PRICE ALERT
2026-04-16 13:36:49.904 | INFO     | forecast:run_forecasting:682 - ============================================================
2026-04-16 13:36:49.905 | INFO     | forecast:run_forecasting:684 -   📊 AGROLINKING COMMODITY INTELLIGENCE ALERT
2026-04-16 13:36:49.906 | INFO     | forecast:run_forecasting:684 -   📅 Thursday, 16 April 2026
2026-04-16 13:36:49.907 | INFO     | forecast:run_forecasting:684 -   ─────────────────────────────────────────────
2026-04-16 13:36:49.909 | INFO     | forecast:run_forecasting:684 -   ▼ Hibiscus           ₦    1,659,054/MT  -31.8%
2026-04-16 13:36:49.914 | INFO     | forecast:run_forecasting:684 -   ▲ Sesame             ₦    8,283,798/MT  ++379.3%
2026-04-16 13:36:49.916 | INFO     | forecast:run_forecasting:684 -   → Ginger             ₦   10,005,005/MT  ++0.2%
2026-04-16 13:36:49.917 | INFO     | forecast:run_forecasting:684 -   ▲ Cocoa              ₦   12,838,150/MT  ++101.3%
2026-04-16 13:36:49.918 | INFO     | forecast:run_forecasting:684 -   ▼ Soybeans           ₦      623,340/MT  -4.6%
2026-04-16 13:36:49.919 | INFO     | forecast:run_forecasting:684 -   ▼ Cashew Nuts        ₦    1,351,800/MT  -20.9%
2026-04-16 13:36:49.919 | INFO     | forecast:run_forecasting:684 -   ▲ Sorghum            ₦      367,976/MT  ++22.4%
2026-04-16 13:36:49.921 | INFO     | forecast:run_forecasting:684 -   ▼ Beans (white)      ₦      645,245/MT  -17.7%
2026-04-16 13:36:49.921 | INFO     | forecast:run_forecasting:684 -   ▼ Beans (red)        ₦      720,781/MT  -17.7%
2026-04-16 13:36:49.922 | INFO     | forecast:run_forecasting:684 -   ▼ Maize (white)      ₦      155,026/MT  -27.5%
2026-04-16 13:36:49.923 | INFO     | forecast:run_forecasting:684 -   ▼ Maize (yellow)     ₦      172,301/MT  -25.3%
2026-04-16 13:36:49.924 | INFO     | forecast:run_forecasting:684 -   ─────────────────────────────────────────────
2026-04-16 13:36:49.925 | INFO     | forecast:run_forecasting:684 -   Source: Agrolinking Intelligence Platform
2026-04-16 13:36:49.926 | INFO     | forecast:run_forecasting:684 -   Next update: 17 Apr 2026
2026-04-16 13:36:49.928 | INFO     | forecast:run_forecasting:688 - 
  Note: master append handled by 06_validate.py (corrected prices).
2026-04-16 13:36:49.929 | INFO     | forecast:run_forecasting:692 - 
======================================================================
2026-04-16 13:36:49.931 | INFO     | forecast:run_forecasting:693 -   FORECAST SUMMARY — ALL COMMODITIES
2026-04-16 13:36:49.932 | INFO     | forecast:run_forecasting:694 - ======================================================================
2026-04-16 13:36:49.934 | INFO     | forecast:run_forecasting:695 -   Commodity                     Today         1 Week        1 Month       3 Months       6 Months
2026-04-16 13:36:49.937 | INFO     | forecast:run_forecasting:700 -   ----------------------------------------------------------------------------------
2026-04-16 13:36:49.938 | INFO     | forecast:run_forecasting:713 -   Hibiscus             ₦   1,659,054  ₦   1,659,054  ₦   1,508,016  ₦   1,553,558  ₦   1,495,462
2026-04-16 13:36:49.939 | INFO     | forecast:run_forecasting:713 -   Sesame               ₦   8,283,798  ₦   8,283,798  ₦   8,390,028  ₦   8,812,214  ₦   9,421,981
2026-04-16 13:36:49.940 | INFO     | forecast:run_forecasting:713 -   Ginger               ₦  10,005,005  ₦  10,005,005  ₦  10,107,265  ₦   9,523,419  ₦   9,109,903
2026-04-16 13:36:49.942 | INFO     | forecast:run_forecasting:713 -   Cocoa                ₦  12,838,150  ₦  12,838,150  ₦  14,306,698  ₦  13,072,624  ₦  11,876,449
2026-04-16 13:36:49.942 | INFO     | forecast:run_forecasting:713 -   Soybeans             ₦     623,340  ₦     623,340  ₦     617,572  ₦     600,014  ₦     601,283
2026-04-16 13:36:49.944 | INFO     | forecast:run_forecasting:713 -   Cashew Nuts          ₦   1,351,800  ₦   1,351,800  ₦   1,343,330  ₦   1,478,389  ₦   2,689,839
2026-04-16 13:36:49.945 | INFO     | forecast:run_forecasting:713 -   Sorghum              ₦     367,976  ₦     367,976  ₦     358,827  ₦     317,473  ₦     233,583
2026-04-16 13:36:49.946 | INFO     | forecast:run_forecasting:713 -   Beans (white)        ₦     645,245  ₦     645,245  ₦     641,382  ₦     594,616  ₦     542,513
2026-04-16 13:36:49.947 | INFO     | forecast:run_forecasting:713 -   Beans (red)          ₦     720,781  ₦     720,781  ₦     696,546  ₦     575,253  ₦     468,713
2026-04-16 13:36:49.949 | INFO     | forecast:run_forecasting:713 -   Maize (white)        ₦     155,026  ₦     155,026  ₦     155,999  ₦     157,115  ₦     154,491
2026-04-16 13:36:49.958 | INFO     | forecast:run_forecasting:713 -   Maize (yellow)       ₦     172,301  ₦     172,301  ₦     172,269  ₦     172,619  ₦     171,990
2026-04-16 13:36:49.959 | INFO     | forecast:run_forecasting:722 - ======================================================================
2026-04-16 13:36:49.963 | SUCCESS  | forecast:run_forecasting:723 - FORECASTING COMPLETE — 11/11 commodities
2026-04-16 13:36:49.964 | INFO     | forecast:run_forecasting:727 - ======================================================================
2026-04-16 13:36:49.966 | SUCCESS  | __main__:run_step:36 -   ✅ Step 5 — Forecasting completed in 63.7s
2026-04-16 14:54:02.468 | INFO     | __main__:run_forecasting:636 - ============================================================
2026-04-16 14:54:02.470 | INFO     | __main__:run_forecasting:637 - STEP 5 — FORECASTING ENGINE
2026-04-16 14:54:02.472 | INFO     | __main__:run_forecasting:638 -   Run date  : Thursday, 16 April 2026
2026-04-16 14:54:02.472 | INFO     | __main__:run_forecasting:639 -   Commodities: 12
2026-04-16 14:54:02.472 | INFO     | __main__:run_forecasting:640 -   Horizons  : ['daily', 'weekly', '2_weeks', 'monthly', '3_months', '6_months']
2026-04-16 14:54:02.472 | INFO     | __main__:run_forecasting:641 - ============================================================
2026-04-16 14:54:02.474 | INFO     | __main__:run_forecasting:644 - 
[1/12] Forecasting Hibiscus...
2026-04-16 14:54:13.584 | DEBUG    | __main__:forecast_commodity:553 -   [Hibiscus] 3/3 models generated forecasts
2026-04-16 14:54:13.592 | INFO     | __main__:run_forecasting:654 -   daily        → ₦    1,736,591/MT  ↓ -32.8%  (2026-04-20)
2026-04-16 14:54:13.594 | INFO     | __main__:run_forecasting:654 -   weekly       → ₦    1,736,591/MT  ↓ -32.8%  (2026-04-20)
2026-04-16 14:54:13.594 | INFO     | __main__:run_forecasting:654 -   2_weeks      → ₦    1,628,427/MT  ↓ -36.9%  (2026-04-27)
2026-04-16 14:54:13.594 | INFO     | __main__:run_forecasting:654 -   monthly      → ₦    1,467,604/MT  ↓ -43.2%  (2026-05-11)
2026-04-16 14:54:13.596 | INFO     | __main__:run_forecasting:654 -   3_months     → ₦    1,442,474/MT  ↓ -44.1%  (2026-07-13)
2026-04-16 14:54:13.596 | INFO     | __main__:run_forecasting:654 -   6_months     → ₦    1,426,670/MT  ↓ -44.8%  (2026-10-12)
2026-04-16 14:54:13.597 | INFO     | __main__:run_forecasting:660 -   ✅ Hibiscus
2026-04-16 14:54:13.598 | INFO     | __main__:run_forecasting:644 - 
[2/12] Forecasting Sesame...
2026-04-16 14:54:15.650 | DEBUG    | __main__:forecast_commodity:553 -   [Sesame] 3/3 models generated forecasts
2026-04-16 14:54:15.658 | INFO     | __main__:run_forecasting:654 -   daily        → ₦    1,322,397/MT  ↑ +5.9%  (2026-04-20)
2026-04-16 14:54:15.658 | INFO     | __main__:run_forecasting:654 -   weekly       → ₦    1,322,397/MT  ↑ +5.9%  (2026-04-20)
2026-04-16 14:54:15.660 | INFO     | __main__:run_forecasting:654 -   2_weeks      → ₦    1,305,259/MT  ↑ +4.5%  (2026-04-27)
2026-04-16 14:54:15.660 | INFO     | __main__:run_forecasting:654 -   monthly      → ₦    1,298,287/MT  ↑ +3.9%  (2026-05-11)
2026-04-16 14:54:15.660 | INFO     | __main__:run_forecasting:654 -   3_months     → ₦    1,315,276/MT  ↑ +5.3%  (2026-07-13)
2026-04-16 14:54:15.660 | INFO     | __main__:run_forecasting:654 -   6_months     → ₦    1,304,672/MT  ↑ +4.4%  (2026-10-12)
2026-04-16 14:54:15.662 | INFO     | __main__:run_forecasting:660 -   ✅ Sesame
2026-04-16 14:54:15.662 | INFO     | __main__:run_forecasting:644 - 
[3/12] Forecasting Ginger...
2026-04-16 14:54:17.287 | DEBUG    | __main__:forecast_commodity:553 -   [Ginger] 3/3 models generated forecasts
2026-04-16 14:54:17.293 | INFO     | __main__:run_forecasting:654 -   daily        → ₦   11,748,570/MT  ↑ +21.4%  (2026-04-20)
2026-04-16 14:54:17.293 | INFO     | __main__:run_forecasting:654 -   weekly       → ₦   11,748,570/MT  ↑ +21.4%  (2026-04-20)
2026-04-16 14:54:17.293 | INFO     | __main__:run_forecasting:654 -   2_weeks      → ₦   11,314,589/MT  ↑ +16.9%  (2026-04-27)
2026-04-16 14:54:17.293 | INFO     | __main__:run_forecasting:654 -   monthly      → ₦   10,667,618/MT  ↑ +10.2%  (2026-05-11)
2026-04-16 14:54:17.295 | INFO     | __main__:run_forecasting:654 -   3_months     → ₦   10,148,081/MT  ↑ +4.8%  (2026-07-13)
2026-04-16 14:54:17.295 | INFO     | __main__:run_forecasting:654 -   6_months     → ₦   10,190,002/MT  ↑ +5.2%  (2026-10-12)
2026-04-16 14:54:17.295 | INFO     | __main__:run_forecasting:660 -   ✅ Ginger
2026-04-16 14:54:17.297 | INFO     | __main__:run_forecasting:644 - 
[4/12] Forecasting Cocoa...
2026-04-16 14:54:18.923 | DEBUG    | __main__:forecast_commodity:553 -   [Cocoa] 3/3 models generated forecasts
2026-04-16 14:54:18.929 | INFO     | __main__:run_forecasting:654 -   daily        → ₦    8,519,231/MT  ↑ +50.0%  (2026-04-20)
2026-04-16 14:54:18.929 | INFO     | __main__:run_forecasting:654 -   weekly       → ₦    8,519,231/MT  ↑ +50.0%  (2026-04-20)
2026-04-16 14:54:18.929 | INFO     | __main__:run_forecasting:654 -   2_weeks      → ₦    8,192,850/MT  ↑ +44.3%  (2026-04-27)
2026-04-16 14:54:18.931 | INFO     | __main__:run_forecasting:654 -   monthly      → ₦    7,778,555/MT  ↑ +37.0%  (2026-05-11)
2026-04-16 14:54:18.931 | INFO     | __main__:run_forecasting:654 -   3_months     → ₦    7,875,315/MT  ↑ +38.7%  (2026-07-13)
2026-04-16 14:54:18.931 | INFO     | __main__:run_forecasting:654 -   6_months     → ₦    8,045,718/MT  ↑ +41.7%  (2026-10-12)
2026-04-16 14:54:18.933 | INFO     | __main__:run_forecasting:660 -   ✅ Cocoa
2026-04-16 14:54:18.933 | INFO     | __main__:run_forecasting:644 - 
[5/12] Forecasting Soybeans...
2026-04-16 14:54:20.835 | DEBUG    | __main__:forecast_commodity:553 -   [Soybeans] 3/3 models generated forecasts
2026-04-16 14:54:20.841 | INFO     | __main__:run_forecasting:654 -   daily        → ₦      847,707/MT  ↑ +24.0%  (2026-04-20)
2026-04-16 14:54:20.841 | INFO     | __main__:run_forecasting:654 -   weekly       → ₦      847,707/MT  ↑ +24.0%  (2026-04-20)
2026-04-16 14:54:20.841 | INFO     | __main__:run_forecasting:654 -   2_weeks      → ₦      824,240/MT  ↑ +20.6%  (2026-04-27)
2026-04-16 14:54:20.841 | INFO     | __main__:run_forecasting:654 -   monthly      → ₦      777,286/MT  ↑ +13.7%  (2026-05-11)
2026-04-16 14:54:20.843 | INFO     | __main__:run_forecasting:654 -   3_months     → ₦      757,812/MT  ↑ +10.9%  (2026-07-13)
2026-04-16 14:54:20.843 | INFO     | __main__:run_forecasting:654 -   6_months     → ₦      852,512/MT  ↑ +24.7%  (2026-10-12)
2026-04-16 14:54:20.843 | INFO     | __main__:run_forecasting:660 -   ✅ Soybeans
2026-04-16 14:54:20.843 | INFO     | __main__:run_forecasting:644 - 
[6/12] Forecasting Cashew Nuts...
2026-04-16 14:54:22.319 | DEBUG    | __main__:forecast_commodity:553 -   [Cashew Nuts] 3/3 models generated forecasts
2026-04-16 14:54:22.323 | INFO     | __main__:run_forecasting:654 -   daily        → ₦    2,190,164/MT  ↑ +19.9%  (2026-04-20)
2026-04-16 14:54:22.325 | INFO     | __main__:run_forecasting:654 -   weekly       → ₦    2,190,164/MT  ↑ +19.9%  (2026-04-20)
2026-04-16 14:54:22.325 | INFO     | __main__:run_forecasting:654 -   2_weeks      → ₦    2,064,968/MT  ↑ +13.1%  (2026-04-27)
2026-04-16 14:54:22.325 | INFO     | __main__:run_forecasting:654 -   monthly      → ₦    1,985,032/MT  ↑ +8.7%  (2026-05-11)
2026-04-16 14:54:22.325 | INFO     | __main__:run_forecasting:654 -   3_months     → ₦    2,004,866/MT  ↑ +9.8%  (2026-07-13)
2026-04-16 14:54:22.327 | INFO     | __main__:run_forecasting:654 -   6_months     → ₦    2,012,613/MT  ↑ +10.2%  (2026-10-12)
2026-04-16 14:54:22.327 | INFO     | __main__:run_forecasting:660 -   ✅ Cashew Nuts
2026-04-16 14:54:22.327 | INFO     | __main__:run_forecasting:644 - 
[7/12] Forecasting Sorghum...
2026-04-16 14:54:24.081 | DEBUG    | __main__:forecast_commodity:553 -   [Sorghum] 3/3 models generated forecasts
2026-04-16 14:54:24.087 | INFO     | __main__:run_forecasting:654 -   daily        → ₦      292,435/MT  ↑ +5.7%  (2026-04-20)
2026-04-16 14:54:24.087 | INFO     | __main__:run_forecasting:654 -   weekly       → ₦      292,435/MT  ↑ +5.7%  (2026-04-20)
2026-04-16 14:54:24.089 | INFO     | __main__:run_forecasting:654 -   2_weeks      → ₦      290,599/MT  ↑ +5.1%  (2026-04-27)
2026-04-16 14:54:24.089 | INFO     | __main__:run_forecasting:654 -   monthly      → ₦      296,297/MT  ↑ +7.1%  (2026-05-11)
2026-04-16 14:54:24.091 | INFO     | __main__:run_forecasting:654 -   3_months     → ₦      337,438/MT  ↑ +22.0%  (2026-07-13)
2026-04-16 14:54:24.091 | INFO     | __main__:run_forecasting:654 -   6_months     → ₦      347,475/MT  ↑ +25.6%  (2026-10-12)
2026-04-16 14:54:24.093 | INFO     | __main__:run_forecasting:660 -   ✅ Sorghum
2026-04-16 14:54:24.097 | INFO     | __main__:run_forecasting:644 - 
[8/12] Forecasting Beans (white)...
2026-04-16 14:54:25.982 | DEBUG    | __main__:forecast_commodity:553 -   [Beans (white)] 3/3 models generated forecasts
2026-04-16 14:54:25.986 | INFO     | __main__:run_forecasting:654 -   daily        → ₦      603,056/MT  ↓ -44.9%  (2026-04-20)
2026-04-16 14:54:25.988 | INFO     | __main__:run_forecasting:654 -   weekly       → ₦      603,056/MT  ↓ -44.9%  (2026-04-20)
2026-04-16 14:54:25.988 | INFO     | __main__:run_forecasting:654 -   2_weeks      → ₦      545,830/MT  ↓ -50.1%  (2026-04-27)
2026-04-16 14:54:25.990 | INFO     | __main__:run_forecasting:654 -   monthly      → ₦      505,273/MT  ↓ -53.8%  (2026-05-11)
2026-04-16 14:54:25.990 | INFO     | __main__:run_forecasting:654 -   3_months     → ₦      479,787/MT  ↓ -56.1%  (2026-07-13)
2026-04-16 14:54:25.990 | INFO     | __main__:run_forecasting:654 -   6_months     → ₦      436,080/MT  ↓ -60.1%  (2026-10-12)
2026-04-16 14:54:25.992 | INFO     | __main__:run_forecasting:660 -   ✅ Beans (white)
2026-04-16 14:54:25.992 | INFO     | __main__:run_forecasting:644 - 
[9/12] Forecasting Beans (red)...
2026-04-16 14:54:27.654 | DEBUG    | __main__:forecast_commodity:553 -   [Beans (red)] 3/3 models generated forecasts
2026-04-16 14:54:27.658 | INFO     | __main__:run_forecasting:654 -   daily        → ₦      800,121/MT  ↓ -35.8%  (2026-04-20)
2026-04-16 14:54:27.660 | INFO     | __main__:run_forecasting:654 -   weekly       → ₦      800,121/MT  ↓ -35.8%  (2026-04-20)
2026-04-16 14:54:27.660 | INFO     | __main__:run_forecasting:654 -   2_weeks      → ₦      786,925/MT  ↓ -36.8%  (2026-04-27)
2026-04-16 14:54:27.660 | INFO     | __main__:run_forecasting:654 -   monthly      → ₦      778,254/MT  ↓ -37.5%  (2026-05-11)
2026-04-16 14:54:27.661 | INFO     | __main__:run_forecasting:654 -   3_months     → ₦      691,942/MT  ↓ -44.5%  (2026-07-13)
2026-04-16 14:54:27.661 | INFO     | __main__:run_forecasting:654 -   6_months     → ₦      634,420/MT  ↓ -49.1%  (2026-10-12)
2026-04-16 14:54:27.661 | INFO     | __main__:run_forecasting:660 -   ✅ Beans (red)
2026-04-16 14:54:27.663 | INFO     | __main__:run_forecasting:644 - 
[10/12] Forecasting Maize (white)...
2026-04-16 14:54:30.386 | DEBUG    | __main__:forecast_commodity:553 -   [Maize (white)] 3/3 models generated forecasts
2026-04-16 14:54:30.394 | INFO     | __main__:run_forecasting:654 -   daily        → ₦      186,657/MT  ↓ -42.7%  (2026-04-20)
2026-04-16 14:54:30.398 | INFO     | __main__:run_forecasting:654 -   weekly       → ₦      186,657/MT  ↓ -42.7%  (2026-04-20)
2026-04-16 14:54:30.403 | INFO     | __main__:run_forecasting:654 -   2_weeks      → ₦      163,781/MT  ↓ -49.7%  (2026-04-27)
2026-04-16 14:54:30.405 | INFO     | __main__:run_forecasting:654 -   monthly      → ₦      163,931/MT  ↓ -49.7%  (2026-05-11)
2026-04-16 14:54:30.407 | INFO     | __main__:run_forecasting:654 -   3_months     → ₦      165,565/MT  ↓ -49.2%  (2026-07-13)
2026-04-16 14:54:30.407 | INFO     | __main__:run_forecasting:654 -   6_months     → ₦      161,308/MT  ↓ -50.5%  (2026-10-12)
2026-04-16 14:54:30.409 | INFO     | __main__:run_forecasting:660 -   ✅ Maize (white)
2026-04-16 14:54:30.409 | INFO     | __main__:run_forecasting:644 - 
[11/12] Forecasting Maize (yellow)...
2026-04-16 14:54:32.528 | DEBUG    | __main__:forecast_commodity:553 -   [Maize (yellow)] 3/3 models generated forecasts
2026-04-16 14:54:32.536 | INFO     | __main__:run_forecasting:654 -   daily        → ₦      206,243/MT  ↓ -40.8%  (2026-04-20)
2026-04-16 14:54:32.540 | INFO     | __main__:run_forecasting:654 -   weekly       → ₦      206,243/MT  ↓ -40.8%  (2026-04-20)
2026-04-16 14:54:32.549 | INFO     | __main__:run_forecasting:654 -   2_weeks      → ₦      185,745/MT  ↓ -46.7%  (2026-04-27)
2026-04-16 14:54:32.556 | INFO     | __main__:run_forecasting:654 -   monthly      → ₦      185,676/MT  ↓ -46.7%  (2026-05-11)
2026-04-16 14:54:32.560 | INFO     | __main__:run_forecasting:654 -   3_months     → ₦      186,382/MT  ↓ -46.5%  (2026-07-13)
2026-04-16 14:54:32.573 | INFO     | __main__:run_forecasting:654 -   6_months     → ₦      185,262/MT  ↓ -46.8%  (2026-10-12)
2026-04-16 14:54:32.577 | INFO     | __main__:run_forecasting:660 -   ✅ Maize (yellow)
2026-04-16 14:54:32.581 | INFO     | __main__:run_forecasting:644 - 
[12/12] Forecasting Wheat...
2026-04-16 14:54:32.587 | ERROR    | __main__:run_forecasting:662 -   ❌ Wheat: [Errno 2] No such file or directory: 'c:\\Users\\USER\\Downloads\\agrolinking-intel-structure\\agrolinking-intel\\data\\processed\\features\\features_wheat.csv'
2026-04-16 14:54:33.022 | INFO     | __main__:run_forecasting:669 - 
  Forecast JSON saved → c:\Users\USER\Downloads\agrolinking-intel-structure\agrolinking-intel\outputs\forecasts\forecast_2026-04-16.json
2026-04-16 14:54:33.034 | INFO     | __main__:run_forecasting:677 -   Daily alert saved → c:\Users\USER\Downloads\agrolinking-intel-structure\agrolinking-intel\outputs\daily_alerts\alert_2026-04-16.txt
2026-04-16 14:54:33.036 | INFO     | __main__:run_forecasting:680 - 
============================================================
2026-04-16 14:54:33.044 | INFO     | __main__:run_forecasting:681 -   DAILY PRICE ALERT
2026-04-16 14:54:33.050 | INFO     | __main__:run_forecasting:682 - ============================================================
2026-04-16 14:54:33.052 | INFO     | __main__:run_forecasting:684 -   📊 AGROLINKING COMMODITY INTELLIGENCE ALERT
2026-04-16 14:54:33.052 | INFO     | __main__:run_forecasting:684 -   📅 Thursday, 16 April 2026
2026-04-16 14:54:33.054 | INFO     | __main__:run_forecasting:684 -   ─────────────────────────────────────────────
2026-04-16 14:54:33.056 | INFO     | __main__:run_forecasting:684 -   ▼ Hibiscus           ₦    1,736,591/MT  -32.8%
2026-04-16 14:54:33.058 | INFO     | __main__:run_forecasting:684 -   ▲ Sesame             ₦    1,322,397/MT  ++5.9%
2026-04-16 14:54:33.060 | INFO     | __main__:run_forecasting:684 -   ▲ Ginger             ₦   11,748,570/MT  ++21.3%
2026-04-16 14:54:33.060 | INFO     | __main__:run_forecasting:684 -   ▲ Cocoa              ₦    8,519,231/MT  ++50.0%
2026-04-16 14:54:33.072 | INFO     | __main__:run_forecasting:684 -   ▲ Soybeans           ₦      847,707/MT  ++24.0%
2026-04-16 14:54:33.081 | INFO     | __main__:run_forecasting:684 -   ▲ Cashew Nuts        ₦    2,190,164/MT  ++19.9%
2026-04-16 14:54:33.083 | INFO     | __main__:run_forecasting:684 -   ▲ Sorghum            ₦      292,435/MT  ++5.7%
2026-04-16 14:54:33.094 | INFO     | __main__:run_forecasting:684 -   ▼ Beans (white)      ₦      603,056/MT  -44.9%
2026-04-16 14:54:33.098 | INFO     | __main__:run_forecasting:684 -   ▼ Beans (red)        ₦      800,121/MT  -35.8%
2026-04-16 14:54:33.100 | INFO     | __main__:run_forecasting:684 -   ▼ Maize (white)      ₦      186,657/MT  -42.7%
2026-04-16 14:54:33.104 | INFO     | __main__:run_forecasting:684 -   ▼ Maize (yellow)     ₦      206,243/MT  -40.8%
2026-04-16 14:54:33.117 | INFO     | __main__:run_forecasting:684 -   ─────────────────────────────────────────────
2026-04-16 14:54:33.121 | INFO     | __main__:run_forecasting:684 -   Source: Agrolinking Intelligence Platform
2026-04-16 14:54:33.125 | INFO     | __main__:run_forecasting:684 -   Next update: 17 Apr 2026
2026-04-16 14:54:33.127 | INFO     | __main__:run_forecasting:688 - 
  Note: master append handled by 06_validate.py (corrected prices).
2026-04-16 14:54:33.137 | INFO     | __main__:run_forecasting:692 - 
======================================================================
2026-04-16 14:54:33.143 | INFO     | __main__:run_forecasting:693 -   FORECAST SUMMARY — ALL COMMODITIES
2026-04-16 14:54:33.147 | INFO     | __main__:run_forecasting:694 - ======================================================================
2026-04-16 14:54:33.154 | INFO     | __main__:run_forecasting:695 -   Commodity                     Today         1 Week        1 Month       3 Months       6 Months
2026-04-16 14:54:33.160 | INFO     | __main__:run_forecasting:700 -   ----------------------------------------------------------------------------------
2026-04-16 14:54:33.164 | INFO     | __main__:run_forecasting:713 -   Hibiscus             ₦   1,736,591  ₦   1,736,591  ₦   1,467,604  ₦   1,442,474  ₦   1,426,670
2026-04-16 14:54:33.168 | INFO     | __main__:run_forecasting:713 -   Sesame               ₦   1,322,397  ₦   1,322,397  ₦   1,298,287  ₦   1,315,276  ₦   1,304,672
2026-04-16 14:54:33.176 | INFO     | __main__:run_forecasting:713 -   Ginger               ₦  11,748,570  ₦  11,748,570  ₦  10,667,618  ₦  10,148,081  ₦  10,190,002
2026-04-16 14:54:33.179 | INFO     | __main__:run_forecasting:713 -   Cocoa                ₦   8,519,231  ₦   8,519,231  ₦   7,778,555  ₦   7,875,315  ₦   8,045,718
2026-04-16 14:54:33.181 | INFO     | __main__:run_forecasting:713 -   Soybeans             ₦     847,707  ₦     847,707  ₦     777,286  ₦     757,812  ₦     852,512
2026-04-16 14:54:33.185 | INFO     | __main__:run_forecasting:713 -   Cashew Nuts          ₦   2,190,164  ₦   2,190,164  ₦   1,985,032  ₦   2,004,866  ₦   2,012,613
2026-04-16 14:54:33.188 | INFO     | __main__:run_forecasting:713 -   Sorghum              ₦     292,435  ₦     292,435  ₦     296,297  ₦     337,438  ₦     347,475
2026-04-16 14:54:33.193 | INFO     | __main__:run_forecasting:713 -   Beans (white)        ₦     603,056  ₦     603,056  ₦     505,273  ₦     479,787  ₦     436,080
2026-04-16 14:54:33.199 | INFO     | __main__:run_forecasting:713 -   Beans (red)          ₦     800,121  ₦     800,121  ₦     778,254  ₦     691,942  ₦     634,420
2026-04-16 14:54:33.207 | INFO     | __main__:run_forecasting:713 -   Maize (white)        ₦     186,657  ₦     186,657  ₦     163,931  ₦     165,565  ₦     161,308
2026-04-16 14:54:33.212 | INFO     | __main__:run_forecasting:713 -   Maize (yellow)       ₦     206,243  ₦     206,243  ₦     185,676  ₦     186,382  ₦     185,262
2026-04-16 14:54:33.218 | INFO     | __main__:run_forecasting:722 - ======================================================================
2026-04-16 14:54:33.223 | SUCCESS  | __main__:run_forecasting:723 - FORECASTING COMPLETE — 11/12 commodities
2026-04-16 14:54:33.229 | INFO     | __main__:run_forecasting:727 - ======================================================================
2026-04-16 15:11:13.887 | INFO     | __main__:run_step:29 - 
════════════════════════════════════════════════════════════
2026-04-16 15:11:13.890 | INFO     | __main__:run_step:30 -   RUNNING: Step 5 — Forecasting
2026-04-16 15:11:13.890 | INFO     | __main__:run_step:31 - ════════════════════════════════════════════════════════════
2026-04-16 15:11:13.890 | INFO     | forecast:run_forecasting:636 - ============================================================
2026-04-16 15:11:13.890 | INFO     | forecast:run_forecasting:637 - STEP 5 — FORECASTING ENGINE
2026-04-16 15:11:13.890 | INFO     | forecast:run_forecasting:638 -   Run date  : Thursday, 16 April 2026
2026-04-16 15:11:13.890 | INFO     | forecast:run_forecasting:639 -   Commodities: 12
2026-04-16 15:11:13.890 | INFO     | forecast:run_forecasting:640 -   Horizons  : ['daily', 'weekly', '2_weeks', 'monthly', '3_months', '6_months']
2026-04-16 15:11:13.890 | INFO     | forecast:run_forecasting:641 - ============================================================
2026-04-16 15:11:13.895 | INFO     | forecast:run_forecasting:644 - 
[1/12] Forecasting Hibiscus...
2026-04-16 15:11:27.081 | DEBUG    | forecast:forecast_commodity:553 -   [Hibiscus] 3/3 models generated forecasts
2026-04-16 15:11:27.088 | INFO     | forecast:run_forecasting:654 -   daily        → ₦    1,664,187/MT  ↓ -25.6%  (2026-04-20)
2026-04-16 15:11:27.088 | INFO     | forecast:run_forecasting:654 -   weekly       → ₦    1,664,187/MT  ↓ -25.6%  (2026-04-20)
2026-04-16 15:11:27.088 | INFO     | forecast:run_forecasting:654 -   2_weeks      → ₦    1,570,503/MT  ↓ -29.8%  (2026-04-27)
2026-04-16 15:11:27.088 | INFO     | forecast:run_forecasting:654 -   monthly      → ₦    1,430,533/MT  ↓ -36.1%  (2026-05-11)
2026-04-16 15:11:27.090 | INFO     | forecast:run_forecasting:654 -   3_months     → ₦    1,441,672/MT  ↓ -35.6%  (2026-07-13)
2026-04-16 15:11:27.090 | INFO     | forecast:run_forecasting:654 -   6_months     → ₦    1,425,846/MT  ↓ -36.3%  (2026-10-12)
2026-04-16 15:11:27.090 | INFO     | forecast:run_forecasting:660 -   ✅ Hibiscus
2026-04-16 15:11:27.090 | INFO     | forecast:run_forecasting:644 - 
[2/12] Forecasting Sesame...
2026-04-16 15:11:28.582 | DEBUG    | forecast:forecast_commodity:553 -   [Sesame] 3/3 models generated forecasts
2026-04-16 15:11:28.589 | INFO     | forecast:run_forecasting:654 -   daily        → ₦    1,333,094/MT  ↑ +3.8%  (2026-04-20)
2026-04-16 15:11:28.589 | INFO     | forecast:run_forecasting:654 -   weekly       → ₦    1,333,094/MT  ↑ +3.8%  (2026-04-20)
2026-04-16 15:11:28.589 | INFO     | forecast:run_forecasting:654 -   2_weeks      → ₦    1,283,995/MT  ↓ -0.1%  (2026-04-27)
2026-04-16 15:11:28.591 | INFO     | forecast:run_forecasting:654 -   monthly      → ₦    1,271,693/MT  ↓ -1.0%  (2026-05-11)
2026-04-16 15:11:28.591 | INFO     | forecast:run_forecasting:654 -   3_months     → ₦    1,311,840/MT  ↑ +2.1%  (2026-07-13)
2026-04-16 15:11:28.591 | INFO     | forecast:run_forecasting:654 -   6_months     → ₦    1,304,821/MT  ↑ +1.6%  (2026-10-12)
2026-04-16 15:11:28.593 | INFO     | forecast:run_forecasting:660 -   ✅ Sesame
2026-04-16 15:11:28.593 | INFO     | forecast:run_forecasting:644 - 
[3/12] Forecasting Ginger...
2026-04-16 15:11:30.067 | DEBUG    | forecast:forecast_commodity:553 -   [Ginger] 3/3 models generated forecasts
2026-04-16 15:11:30.075 | INFO     | forecast:run_forecasting:654 -   daily        → ₦   11,854,153/MT  ↑ +16.8%  (2026-04-20)
2026-04-16 15:11:30.075 | INFO     | forecast:run_forecasting:654 -   weekly       → ₦   11,854,153/MT  ↑ +16.8%  (2026-04-20)
2026-04-16 15:11:30.077 | INFO     | forecast:run_forecasting:654 -   2_weeks      → ₦   11,399,055/MT  ↑ +12.3%  (2026-04-27)
2026-04-16 15:11:30.077 | INFO     | forecast:run_forecasting:654 -   monthly      → ₦   10,721,677/MT  ↑ +5.6%  (2026-05-11)
2026-04-16 15:11:30.077 | INFO     | forecast:run_forecasting:654 -   3_months     → ₦   10,148,081/MT  ↓ -0.0%  (2026-07-13)
2026-04-16 15:11:30.077 | INFO     | forecast:run_forecasting:654 -   6_months     → ₦   10,190,002/MT  ↑ +0.4%  (2026-10-12)
2026-04-16 15:11:30.079 | INFO     | forecast:run_forecasting:660 -   ✅ Ginger
2026-04-16 15:11:30.079 | INFO     | forecast:run_forecasting:644 - 
[4/12] Forecasting Cocoa...
2026-04-16 15:11:31.430 | DEBUG    | forecast:forecast_commodity:553 -   [Cocoa] 3/3 models generated forecasts
2026-04-16 15:11:31.436 | INFO     | forecast:run_forecasting:654 -   daily        → ₦    8,694,859/MT  ↑ +38.8%  (2026-04-20)
2026-04-16 15:11:31.436 | INFO     | forecast:run_forecasting:654 -   weekly       → ₦    8,694,859/MT  ↑ +38.8%  (2026-04-20)
2026-04-16 15:11:31.436 | INFO     | forecast:run_forecasting:654 -   2_weeks      → ₦    8,333,352/MT  ↑ +33.0%  (2026-04-27)
2026-04-16 15:11:31.439 | INFO     | forecast:run_forecasting:654 -   monthly      → ₦    7,813,824/MT  ↑ +24.7%  (2026-05-11)
2026-04-16 15:11:31.439 | INFO     | forecast:run_forecasting:654 -   3_months     → ₦    7,875,315/MT  ↑ +25.7%  (2026-07-13)
2026-04-16 15:11:31.439 | INFO     | forecast:run_forecasting:654 -   6_months     → ₦    8,045,718/MT  ↑ +28.4%  (2026-10-12)
2026-04-16 15:11:31.440 | INFO     | forecast:run_forecasting:660 -   ✅ Cocoa
2026-04-16 15:11:31.440 | INFO     | forecast:run_forecasting:644 - 
[5/12] Forecasting Soybeans...
2026-04-16 15:11:33.034 | DEBUG    | forecast:forecast_commodity:553 -   [Soybeans] 3/3 models generated forecasts
2026-04-16 15:11:33.041 | INFO     | forecast:run_forecasting:654 -   daily        → ₦      866,020/MT  ↑ +11.7%  (2026-04-20)
2026-04-16 15:11:33.041 | INFO     | forecast:run_forecasting:654 -   weekly       → ₦      866,020/MT  ↑ +11.7%  (2026-04-20)
2026-04-16 15:11:33.041 | INFO     | forecast:run_forecasting:654 -   2_weeks      → ₦      838,891/MT  ↑ +8.2%  (2026-04-27)
2026-04-16 15:11:33.043 | INFO     | forecast:run_forecasting:654 -   monthly      → ₦      786,662/MT  ↑ +1.5%  (2026-05-11)
2026-04-16 15:11:33.043 | INFO     | forecast:run_forecasting:654 -   3_months     → ₦      758,033/MT  ↓ -2.2%  (2026-07-13)
2026-04-16 15:11:33.043 | INFO     | forecast:run_forecasting:654 -   6_months     → ₦      852,669/MT  ↑ +10.0%  (2026-10-12)
2026-04-16 15:11:33.043 | INFO     | forecast:run_forecasting:660 -   ✅ Soybeans
2026-04-16 15:11:33.045 | INFO     | forecast:run_forecasting:644 - 
[6/12] Forecasting Cashew Nuts...
2026-04-16 15:11:34.545 | DEBUG    | forecast:forecast_commodity:553 -   [Cashew Nuts] 3/3 models generated forecasts
2026-04-16 15:11:34.552 | INFO     | forecast:run_forecasting:654 -   daily        → ₦    2,249,854/MT  ↑ +11.6%  (2026-04-20)
2026-04-16 15:11:34.552 | INFO     | forecast:run_forecasting:654 -   weekly       → ₦    2,249,854/MT  ↑ +11.6%  (2026-04-20)
2026-04-16 15:11:34.552 | INFO     | forecast:run_forecasting:654 -   2_weeks      → ₦    2,112,720/MT  ↑ +4.8%  (2026-04-27)
2026-04-16 15:11:34.555 | INFO     | forecast:run_forecasting:654 -   monthly      → ₦    1,988,769/MT  ↓ -1.4%  (2026-05-11)
2026-04-16 15:11:34.555 | INFO     | forecast:run_forecasting:654 -   3_months     → ₦    2,007,851/MT  ↓ -0.4%  (2026-07-13)
2026-04-16 15:11:34.555 | INFO     | forecast:run_forecasting:654 -   6_months     → ₦    2,015,586/MT  ↓ -0.0%  (2026-10-12)
2026-04-16 15:11:34.555 | INFO     | forecast:run_forecasting:660 -   ✅ Cashew Nuts
2026-04-16 15:11:34.557 | INFO     | forecast:run_forecasting:644 - 
[7/12] Forecasting Sorghum...
2026-04-16 15:11:36.555 | DEBUG    | forecast:forecast_commodity:553 -   [Sorghum] 3/3 models generated forecasts
2026-04-16 15:11:36.561 | INFO     | forecast:run_forecasting:654 -   daily        → ₦      302,377/MT  ↓ -2.1%  (2026-04-20)
2026-04-16 15:11:36.561 | INFO     | forecast:run_forecasting:654 -   weekly       → ₦      302,377/MT  ↓ -2.1%  (2026-04-20)
2026-04-16 15:11:36.561 | INFO     | forecast:run_forecasting:654 -   2_weeks      → ₦      292,636/MT  ↓ -5.3%  (2026-04-27)
2026-04-16 15:11:36.563 | INFO     | forecast:run_forecasting:654 -   monthly      → ₦      299,404/MT  ↓ -3.1%  (2026-05-11)
2026-04-16 15:11:36.563 | INFO     | forecast:run_forecasting:654 -   3_months     → ₦      343,985/MT  ↑ +11.3%  (2026-07-13)
2026-04-16 15:11:36.563 | INFO     | forecast:run_forecasting:654 -   6_months     → ₦      355,040/MT  ↑ +14.9%  (2026-10-12)
2026-04-16 15:11:36.564 | INFO     | forecast:run_forecasting:660 -   ✅ Sorghum
2026-04-16 15:11:36.564 | INFO     | forecast:run_forecasting:644 - 
[8/12] Forecasting Beans (white)...
2026-04-16 15:11:38.173 | DEBUG    | forecast:forecast_commodity:553 -   [Beans (white)] 3/3 models generated forecasts
2026-04-16 15:11:38.182 | INFO     | forecast:run_forecasting:654 -   daily        → ₦      531,976/MT  ↓ -32.9%  (2026-04-20)
2026-04-16 15:11:38.182 | INFO     | forecast:run_forecasting:654 -   weekly       → ₦      531,976/MT  ↓ -32.9%  (2026-04-20)
2026-04-16 15:11:38.183 | INFO     | forecast:run_forecasting:654 -   2_weeks      → ₦      514,991/MT  ↓ -35.1%  (2026-04-27)
2026-04-16 15:11:38.183 | INFO     | forecast:run_forecasting:654 -   monthly      → ₦      504,338/MT  ↓ -36.4%  (2026-05-11)
2026-04-16 15:11:38.183 | INFO     | forecast:run_forecasting:654 -   3_months     → ₦      471,358/MT  ↓ -40.6%  (2026-07-13)
2026-04-16 15:11:38.184 | INFO     | forecast:run_forecasting:654 -   6_months     → ₦      433,777/MT  ↓ -45.3%  (2026-10-12)
2026-04-16 15:11:38.184 | INFO     | forecast:run_forecasting:660 -   ✅ Beans (white)
2026-04-16 15:11:38.184 | INFO     | forecast:run_forecasting:644 - 
[9/12] Forecasting Beans (red)...
2026-04-16 15:11:39.760 | DEBUG    | forecast:forecast_commodity:553 -   [Beans (red)] 3/3 models generated forecasts
2026-04-16 15:11:39.768 | INFO     | forecast:run_forecasting:654 -   daily        → ₦      792,345/MT  ↓ -13.2%  (2026-04-20)
2026-04-16 15:11:39.770 | INFO     | forecast:run_forecasting:654 -   weekly       → ₦      792,345/MT  ↓ -13.2%  (2026-04-20)
2026-04-16 15:11:39.770 | INFO     | forecast:run_forecasting:654 -   2_weeks      → ₦      782,812/MT  ↓ -14.3%  (2026-04-27)
2026-04-16 15:11:39.770 | INFO     | forecast:run_forecasting:654 -   monthly      → ₦      774,653/MT  ↓ -15.2%  (2026-05-11)
2026-04-16 15:11:39.770 | INFO     | forecast:run_forecasting:654 -   3_months     → ₦      692,168/MT  ↓ -24.2%  (2026-07-13)
2026-04-16 15:11:39.772 | INFO     | forecast:run_forecasting:654 -   6_months     → ₦      637,150/MT  ↓ -30.2%  (2026-10-12)
2026-04-16 15:11:39.772 | INFO     | forecast:run_forecasting:660 -   ✅ Beans (red)
2026-04-16 15:11:39.772 | INFO     | forecast:run_forecasting:644 - 
[10/12] Forecasting Maize (white)...
2026-04-16 15:11:41.246 | DEBUG    | forecast:forecast_commodity:553 -   [Maize (white)] 3/3 models generated forecasts
2026-04-16 15:11:41.253 | INFO     | forecast:run_forecasting:654 -   daily        → ₦      148,197/MT  ↓ -30.5%  (2026-04-20)
2026-04-16 15:11:41.254 | INFO     | forecast:run_forecasting:654 -   weekly       → ₦      148,197/MT  ↓ -30.5%  (2026-04-20)
2026-04-16 15:11:41.254 | INFO     | forecast:run_forecasting:654 -   2_weeks      → ₦      148,376/MT  ↓ -30.4%  (2026-04-27)
2026-04-16 15:11:41.254 | INFO     | forecast:run_forecasting:654 -   monthly      → ₦      148,128/MT  ↓ -30.6%  (2026-05-11)
2026-04-16 15:11:41.254 | INFO     | forecast:run_forecasting:654 -   3_months     → ₦      150,500/MT  ↓ -29.4%  (2026-07-13)
2026-04-16 15:11:41.256 | INFO     | forecast:run_forecasting:654 -   6_months     → ₦      146,762/MT  ↓ -31.2%  (2026-10-12)
2026-04-16 15:11:41.256 | INFO     | forecast:run_forecasting:660 -   ✅ Maize (white)
2026-04-16 15:11:41.257 | INFO     | forecast:run_forecasting:644 - 
[11/12] Forecasting Maize (yellow)...
2026-04-16 15:11:42.798 | DEBUG    | forecast:forecast_commodity:553 -   [Maize (yellow)] 3/3 models generated forecasts
2026-04-16 15:11:42.807 | INFO     | forecast:run_forecasting:654 -   daily        → ₦      169,456/MT  ↓ -26.3%  (2026-04-20)
2026-04-16 15:11:42.809 | INFO     | forecast:run_forecasting:654 -   weekly       → ₦      169,456/MT  ↓ -26.3%  (2026-04-20)
2026-04-16 15:11:42.809 | INFO     | forecast:run_forecasting:654 -   2_weeks      → ₦      169,261/MT  ↓ -26.4%  (2026-04-27)
2026-04-16 15:11:42.809 | INFO     | forecast:run_forecasting:654 -   monthly      → ₦      169,183/MT  ↓ -26.4%  (2026-05-11)
2026-04-16 15:11:42.811 | INFO     | forecast:run_forecasting:654 -   3_months     → ₦      169,561/MT  ↓ -26.3%  (2026-07-13)
2026-04-16 15:11:42.811 | INFO     | forecast:run_forecasting:654 -   6_months     → ₦      168,402/MT  ↓ -26.8%  (2026-10-12)
2026-04-16 15:11:42.811 | INFO     | forecast:run_forecasting:660 -   ✅ Maize (yellow)
2026-04-16 15:11:42.811 | INFO     | forecast:run_forecasting:644 - 
[12/12] Forecasting Wheat...
2026-04-16 15:11:42.813 | ERROR    | forecast:run_forecasting:662 -   ❌ Wheat: [Errno 2] No such file or directory: 'c:\\Users\\USER\\Downloads\\agrolinking-intel-structure\\agrolinking-intel\\data\\processed\\features\\features_wheat.csv'
2026-04-16 15:11:42.975 | INFO     | forecast:run_forecasting:669 - 
  Forecast JSON saved → c:\Users\USER\Downloads\agrolinking-intel-structure\agrolinking-intel\outputs\forecasts\forecast_2026-04-16.json
2026-04-16 15:11:42.975 | INFO     | forecast:run_forecasting:677 -   Daily alert saved → c:\Users\USER\Downloads\agrolinking-intel-structure\agrolinking-intel\outputs\daily_alerts\alert_2026-04-16.txt
2026-04-16 15:11:42.975 | INFO     | forecast:run_forecasting:680 - 
============================================================
2026-04-16 15:11:42.975 | INFO     | forecast:run_forecasting:681 -   DAILY PRICE ALERT
2026-04-16 15:11:42.975 | INFO     | forecast:run_forecasting:682 - ============================================================
2026-04-16 15:11:42.975 | INFO     | forecast:run_forecasting:684 -   📊 AGROLINKING COMMODITY INTELLIGENCE ALERT
2026-04-16 15:11:42.975 | INFO     | forecast:run_forecasting:684 -   📅 Thursday, 16 April 2026
2026-04-16 15:11:42.975 | INFO     | forecast:run_forecasting:684 -   ─────────────────────────────────────────────
2026-04-16 15:11:42.986 | INFO     | forecast:run_forecasting:684 -   ▼ Hibiscus           ₦    1,664,187/MT  -25.6%
2026-04-16 15:11:42.986 | INFO     | forecast:run_forecasting:684 -   ▲ Sesame             ₦    1,333,094/MT  ++3.7%
2026-04-16 15:11:42.986 | INFO     | forecast:run_forecasting:684 -   ▲ Ginger             ₦   11,854,153/MT  ++16.8%
2026-04-16 15:11:42.988 | INFO     | forecast:run_forecasting:684 -   ▲ Cocoa              ₦    8,694,859/MT  ++38.8%
2026-04-16 15:11:42.988 | INFO     | forecast:run_forecasting:684 -   ▲ Soybeans           ₦      866,020/MT  ++11.7%
2026-04-16 15:11:42.988 | INFO     | forecast:run_forecasting:684 -   ▲ Cashew Nuts        ₦    2,249,854/MT  ++11.6%
2026-04-16 15:11:42.989 | INFO     | forecast:run_forecasting:684 -   ▼ Sorghum            ₦      302,377/MT  -2.1%
2026-04-16 15:11:42.989 | INFO     | forecast:run_forecasting:684 -   ▼ Beans (white)      ₦      531,976/MT  -32.9%
2026-04-16 15:11:42.989 | INFO     | forecast:run_forecasting:684 -   ▼ Beans (red)        ₦      792,345/MT  -13.2%
2026-04-16 15:11:42.989 | INFO     | forecast:run_forecasting:684 -   ▼ Maize (white)      ₦      148,197/MT  -30.5%
2026-04-16 15:11:42.989 | INFO     | forecast:run_forecasting:684 -   ▼ Maize (yellow)     ₦      169,456/MT  -26.3%
2026-04-16 15:11:42.989 | INFO     | forecast:run_forecasting:684 -   ─────────────────────────────────────────────
2026-04-16 15:11:42.989 | INFO     | forecast:run_forecasting:684 -   Source: Agrolinking Intelligence Platform
2026-04-16 15:11:42.989 | INFO     | forecast:run_forecasting:684 -   Next update: 17 Apr 2026
2026-04-16 15:11:42.994 | INFO     | forecast:run_forecasting:688 - 
  Note: master append handled by 06_validate.py (corrected prices).
2026-04-16 15:11:42.994 | INFO     | forecast:run_forecasting:692 - 
======================================================================
2026-04-16 15:11:42.994 | INFO     | forecast:run_forecasting:693 -   FORECAST SUMMARY — ALL COMMODITIES
2026-04-16 15:11:42.994 | INFO     | forecast:run_forecasting:694 - ======================================================================
2026-04-16 15:11:42.994 | INFO     | forecast:run_forecasting:695 -   Commodity                     Today         1 Week        1 Month       3 Months       6 Months
2026-04-16 15:11:42.994 | INFO     | forecast:run_forecasting:700 -   ----------------------------------------------------------------------------------
2026-04-16 15:11:42.994 | INFO     | forecast:run_forecasting:713 -   Hibiscus             ₦   1,664,187  ₦   1,664,187  ₦   1,430,533  ₦   1,441,672  ₦   1,425,846
2026-04-16 15:11:42.994 | INFO     | forecast:run_forecasting:713 -   Sesame               ₦   1,333,094  ₦   1,333,094  ₦   1,271,693  ₦   1,311,840  ₦   1,304,821
2026-04-16 15:11:42.994 | INFO     | forecast:run_forecasting:713 -   Ginger               ₦  11,854,153  ₦  11,854,153  ₦  10,721,677  ₦  10,148,081  ₦  10,190,002
2026-04-16 15:11:43.000 | INFO     | forecast:run_forecasting:713 -   Cocoa                ₦   8,694,859  ₦   8,694,859  ₦   7,813,824  ₦   7,875,315  ₦   8,045,718
2026-04-16 15:11:43.000 | INFO     | forecast:run_forecasting:713 -   Soybeans             ₦     866,020  ₦     866,020  ₦     786,662  ₦     758,033  ₦     852,669
2026-04-16 15:11:43.000 | INFO     | forecast:run_forecasting:713 -   Cashew Nuts          ₦   2,249,854  ₦   2,249,854  ₦   1,988,769  ₦   2,007,851  ₦   2,015,586
2026-04-16 15:11:43.000 | INFO     | forecast:run_forecasting:713 -   Sorghum              ₦     302,377  ₦     302,377  ₦     299,404  ₦     343,985  ₦     355,040
2026-04-16 15:11:43.002 | INFO     | forecast:run_forecasting:713 -   Beans (white)        ₦     531,976  ₦     531,976  ₦     504,338  ₦     471,358  ₦     433,777
2026-04-16 15:11:43.003 | INFO     | forecast:run_forecasting:713 -   Beans (red)          ₦     792,345  ₦     792,345  ₦     774,653  ₦     692,168  ₦     637,150
2026-04-16 15:11:43.003 | INFO     | forecast:run_forecasting:713 -   Maize (white)        ₦     148,197  ₦     148,197  ₦     148,128  ₦     150,500  ₦     146,762
2026-04-16 15:11:43.004 | INFO     | forecast:run_forecasting:713 -   Maize (yellow)       ₦     169,456  ₦     169,456  ₦     169,183  ₦     169,561  ₦     168,402
2026-04-16 15:11:43.004 | INFO     | forecast:run_forecasting:722 - ======================================================================
2026-04-16 15:11:43.004 | SUCCESS  | forecast:run_forecasting:723 - FORECASTING COMPLETE — 11/12 commodities
2026-04-16 15:11:43.004 | INFO     | forecast:run_forecasting:727 - ======================================================================
2026-04-16 15:11:43.004 | SUCCESS  | __main__:run_step:36 -   ✅ Step 5 — Forecasting completed in 29.1s
2026-04-16 19:07:36.840 | INFO     | __main__:run_step:29 - 
════════════════════════════════════════════════════════════
2026-04-16 19:07:36.842 | INFO     | __main__:run_step:30 -   RUNNING: Step 5 — Forecasting
2026-04-16 19:07:36.842 | INFO     | __main__:run_step:31 - ════════════════════════════════════════════════════════════
2026-04-16 19:07:36.842 | INFO     | forecast:run_forecasting:636 - ============================================================
2026-04-16 19:07:36.842 | INFO     | forecast:run_forecasting:637 - STEP 5 — FORECASTING ENGINE
2026-04-16 19:07:36.842 | INFO     | forecast:run_forecasting:638 -   Run date  : Thursday, 16 April 2026
2026-04-16 19:07:36.842 | INFO     | forecast:run_forecasting:639 -   Commodities: 12
2026-04-16 19:07:36.842 | INFO     | forecast:run_forecasting:640 -   Horizons  : ['daily', 'weekly', '2_weeks', 'monthly', '3_months', '6_months']
2026-04-16 19:07:36.842 | INFO     | forecast:run_forecasting:641 - ============================================================
2026-04-16 19:07:36.842 | INFO     | forecast:run_forecasting:644 - 
[1/12] Forecasting Hibiscus...
2026-04-16 19:08:08.321 | DEBUG    | forecast:forecast_commodity:553 -   [Hibiscus] 3/3 models generated forecasts
2026-04-16 19:08:08.327 | INFO     | forecast:run_forecasting:654 -   daily        → ₦    1,661,148/MT  ↓ -25.3%  (2026-04-20)
2026-04-16 19:08:08.327 | INFO     | forecast:run_forecasting:654 -   weekly       → ₦    1,661,148/MT  ↓ -25.3%  (2026-04-20)
2026-04-16 19:08:08.327 | INFO     | forecast:run_forecasting:654 -   2_weeks      → ₦    1,568,072/MT  ↓ -29.5%  (2026-04-27)
2026-04-16 19:08:08.329 | INFO     | forecast:run_forecasting:654 -   monthly      → ₦    1,428,977/MT  ↓ -35.7%  (2026-05-11)
2026-04-16 19:08:08.329 | INFO     | forecast:run_forecasting:654 -   3_months     → ₦    1,441,686/MT  ↓ -35.1%  (2026-07-13)
2026-04-16 19:08:08.329 | INFO     | forecast:run_forecasting:654 -   6_months     → ₦    1,425,860/MT  ↓ -35.9%  (2026-10-12)
2026-04-16 19:08:08.329 | INFO     | forecast:run_forecasting:660 -   ✅ Hibiscus
2026-04-16 19:08:08.329 | INFO     | forecast:run_forecasting:644 - 
[2/12] Forecasting Sesame...
2026-04-16 19:08:10.450 | DEBUG    | forecast:forecast_commodity:553 -   [Sesame] 3/3 models generated forecasts
2026-04-16 19:08:10.458 | INFO     | forecast:run_forecasting:654 -   daily        → ₦    1,334,374/MT  ↑ +3.5%  (2026-04-20)
2026-04-16 19:08:10.458 | INFO     | forecast:run_forecasting:654 -   weekly       → ₦    1,334,374/MT  ↑ +3.5%  (2026-04-20)
2026-04-16 19:08:10.458 | INFO     | forecast:run_forecasting:654 -   2_weeks      → ₦    1,283,995/MT  ↓ -0.4%  (2026-04-27)
2026-04-16 19:08:10.458 | INFO     | forecast:run_forecasting:654 -   monthly      → ₦    1,271,693/MT  ↓ -1.4%  (2026-05-11)
2026-04-16 19:08:10.460 | INFO     | forecast:run_forecasting:654 -   3_months     → ₦    1,311,840/MT  ↑ +1.8%  (2026-07-13)
2026-04-16 19:08:10.460 | INFO     | forecast:run_forecasting:654 -   6_months     → ₦    1,304,821/MT  ↑ +1.2%  (2026-10-12)
2026-04-16 19:08:10.461 | INFO     | forecast:run_forecasting:660 -   ✅ Sesame
2026-04-16 19:08:10.461 | INFO     | forecast:run_forecasting:644 - 
[3/12] Forecasting Ginger...
2026-04-16 19:08:11.858 | DEBUG    | forecast:forecast_commodity:553 -   [Ginger] 3/3 models generated forecasts
2026-04-16 19:08:11.866 | INFO     | forecast:run_forecasting:654 -   daily        → ₦   11,858,917/MT  ↑ +16.6%  (2026-04-20)
2026-04-16 19:08:11.868 | INFO     | forecast:run_forecasting:654 -   weekly       → ₦   11,858,917/MT  ↑ +16.6%  (2026-04-20)
2026-04-16 19:08:11.869 | INFO     | forecast:run_forecasting:654 -   2_weeks      → ₦   11,402,867/MT  ↑ +12.1%  (2026-04-27)
2026-04-16 19:08:11.869 | INFO     | forecast:run_forecasting:654 -   monthly      → ₦   10,724,116/MT  ↑ +5.4%  (2026-05-11)
2026-04-16 19:08:11.871 | INFO     | forecast:run_forecasting:654 -   3_months     → ₦   10,148,081/MT  ↓ -0.2%  (2026-07-13)
2026-04-16 19:08:11.871 | INFO     | forecast:run_forecasting:654 -   6_months     → ₦   10,190,002/MT  ↑ +0.2%  (2026-10-12)
2026-04-16 19:08:11.872 | INFO     | forecast:run_forecasting:660 -   ✅ Ginger
2026-04-16 19:08:11.872 | INFO     | forecast:run_forecasting:644 - 
[4/12] Forecasting Cocoa...
2026-04-16 19:08:13.258 | DEBUG    | forecast:forecast_commodity:553 -   [Cocoa] 3/3 models generated forecasts
2026-04-16 19:08:13.264 | INFO     | forecast:run_forecasting:654 -   daily        → ₦    8,583,158/MT  ↑ +45.7%  (2026-04-20)
2026-04-16 19:08:13.264 | INFO     | forecast:run_forecasting:654 -   weekly       → ₦    8,583,158/MT  ↑ +45.7%  (2026-04-20)
2026-04-16 19:08:13.266 | INFO     | forecast:run_forecasting:654 -   2_weeks      → ₦    8,243,992/MT  ↑ +39.9%  (2026-04-27)
2026-04-16 19:08:13.266 | INFO     | forecast:run_forecasting:654 -   monthly      → ₦    7,778,555/MT  ↑ +32.0%  (2026-05-11)
2026-04-16 19:08:13.267 | INFO     | forecast:run_forecasting:654 -   3_months     → ₦    7,875,315/MT  ↑ +33.7%  (2026-07-13)
2026-04-16 19:08:13.267 | INFO     | forecast:run_forecasting:654 -   6_months     → ₦    8,045,718/MT  ↑ +36.6%  (2026-10-12)
2026-04-16 19:08:13.267 | INFO     | forecast:run_forecasting:660 -   ✅ Cocoa
2026-04-16 19:08:13.267 | INFO     | forecast:run_forecasting:644 - 
[5/12] Forecasting Soybeans...
2026-04-16 19:08:14.701 | DEBUG    | forecast:forecast_commodity:553 -   [Soybeans] 3/3 models generated forecasts
2026-04-16 19:08:14.707 | INFO     | forecast:run_forecasting:654 -   daily        → ₦      862,845/MT  ↑ +13.7%  (2026-04-20)
2026-04-16 19:08:14.709 | INFO     | forecast:run_forecasting:654 -   weekly       → ₦      862,845/MT  ↑ +13.7%  (2026-04-20)
2026-04-16 19:08:14.709 | INFO     | forecast:run_forecasting:654 -   2_weeks      → ₦      836,351/MT  ↑ +10.2%  (2026-04-27)
2026-04-16 19:08:14.709 | INFO     | forecast:run_forecasting:654 -   monthly      → ₦      785,036/MT  ↑ +3.4%  (2026-05-11)
2026-04-16 19:08:14.711 | INFO     | forecast:run_forecasting:654 -   3_months     → ₦      757,944/MT  ↓ -0.2%  (2026-07-13)
2026-04-16 19:08:14.711 | INFO     | forecast:run_forecasting:654 -   6_months     → ₦      852,613/MT  ↑ +12.3%  (2026-10-12)
2026-04-16 19:08:14.711 | INFO     | forecast:run_forecasting:660 -   ✅ Soybeans
2026-04-16 19:08:14.713 | INFO     | forecast:run_forecasting:644 - 
[6/12] Forecasting Cashew Nuts...
2026-04-16 19:08:16.113 | DEBUG    | forecast:forecast_commodity:553 -   [Cashew Nuts] 3/3 models generated forecasts
2026-04-16 19:08:16.119 | INFO     | forecast:run_forecasting:654 -   daily        → ₦    2,238,494/MT  ↑ +13.1%  (2026-04-20)
2026-04-16 19:08:16.119 | INFO     | forecast:run_forecasting:654 -   weekly       → ₦    2,238,494/MT  ↑ +13.1%  (2026-04-20)
2026-04-16 19:08:16.119 | INFO     | forecast:run_forecasting:654 -   2_weeks      → ₦    2,103,632/MT  ↑ +6.2%  (2026-04-27)
2026-04-16 19:08:16.121 | INFO     | forecast:run_forecasting:654 -   monthly      → ₦    1,988,769/MT  ↑ +0.4%  (2026-05-11)
2026-04-16 19:08:16.121 | INFO     | forecast:run_forecasting:654 -   3_months     → ₦    2,007,851/MT  ↑ +1.4%  (2026-07-13)
2026-04-16 19:08:16.121 | INFO     | forecast:run_forecasting:654 -   6_months     → ₦    2,015,586/MT  ↑ +1.8%  (2026-10-12)
2026-04-16 19:08:16.121 | INFO     | forecast:run_forecasting:660 -   ✅ Cashew Nuts
2026-04-16 19:08:16.123 | INFO     | forecast:run_forecasting:644 - 
[7/12] Forecasting Sorghum...
2026-04-16 19:08:17.570 | DEBUG    | forecast:forecast_commodity:553 -   [Sorghum] 3/3 models generated forecasts
2026-04-16 19:08:17.576 | INFO     | forecast:run_forecasting:654 -   daily        → ₦      303,599/MT  ↓ -3.0%  (2026-04-20)
2026-04-16 19:08:17.576 | INFO     | forecast:run_forecasting:654 -   weekly       → ₦      303,599/MT  ↓ -3.0%  (2026-04-20)
2026-04-16 19:08:17.576 | INFO     | forecast:run_forecasting:654 -   2_weeks      → ₦      292,907/MT  ↓ -6.4%  (2026-04-27)
2026-04-16 19:08:17.578 | INFO     | forecast:run_forecasting:654 -   monthly      → ₦      299,674/MT  ↓ -4.2%  (2026-05-11)
2026-04-16 19:08:17.579 | INFO     | forecast:run_forecasting:654 -   3_months     → ₦      344,053/MT  ↑ +9.9%  (2026-07-13)
2026-04-16 19:08:17.579 | INFO     | forecast:run_forecasting:654 -   6_months     → ₦      355,083/MT  ↑ +13.5%  (2026-10-12)
2026-04-16 19:08:17.579 | INFO     | forecast:run_forecasting:660 -   ✅ Sorghum
2026-04-16 19:08:17.579 | INFO     | forecast:run_forecasting:644 - 
[8/12] Forecasting Beans (white)...
2026-04-16 19:08:19.147 | DEBUG    | forecast:forecast_commodity:553 -   [Beans (white)] 3/3 models generated forecasts
2026-04-16 19:08:19.153 | INFO     | forecast:run_forecasting:654 -   daily        → ₦      528,613/MT  ↓ -32.1%  (2026-04-20)
2026-04-16 19:08:19.155 | INFO     | forecast:run_forecasting:654 -   weekly       → ₦      528,613/MT  ↓ -32.1%  (2026-04-20)
2026-04-16 19:08:19.155 | INFO     | forecast:run_forecasting:654 -   2_weeks      → ₦      513,133/MT  ↓ -34.1%  (2026-04-27)
2026-04-16 19:08:19.155 | INFO     | forecast:run_forecasting:654 -   monthly      → ₦      495,962/MT  ↓ -36.3%  (2026-05-11)
2026-04-16 19:08:19.155 | INFO     | forecast:run_forecasting:654 -   3_months     → ₦      469,839/MT  ↓ -39.7%  (2026-07-13)
2026-04-16 19:08:19.155 | INFO     | forecast:run_forecasting:654 -   6_months     → ₦      431,928/MT  ↓ -44.6%  (2026-10-12)
2026-04-16 19:08:19.157 | INFO     | forecast:run_forecasting:660 -   ✅ Beans (white)
2026-04-16 19:08:19.157 | INFO     | forecast:run_forecasting:644 - 
[9/12] Forecasting Beans (red)...
2026-04-16 19:08:20.740 | DEBUG    | forecast:forecast_commodity:553 -   [Beans (red)] 3/3 models generated forecasts
2026-04-16 19:08:20.747 | INFO     | forecast:run_forecasting:654 -   daily        → ₦      792,345/MT  ↓ -13.1%  (2026-04-20)
2026-04-16 19:08:20.747 | INFO     | forecast:run_forecasting:654 -   weekly       → ₦      792,345/MT  ↓ -13.1%  (2026-04-20)
2026-04-16 19:08:20.749 | INFO     | forecast:run_forecasting:654 -   2_weeks      → ₦      782,812/MT  ↓ -14.1%  (2026-04-27)
2026-04-16 19:08:20.749 | INFO     | forecast:run_forecasting:654 -   monthly      → ₦      774,653/MT  ↓ -15.0%  (2026-05-11)
2026-04-16 19:08:20.749 | INFO     | forecast:run_forecasting:654 -   3_months     → ₦      692,168/MT  ↓ -24.1%  (2026-07-13)
2026-04-16 19:08:20.749 | INFO     | forecast:run_forecasting:654 -   6_months     → ₦      637,150/MT  ↓ -30.1%  (2026-10-12)
2026-04-16 19:08:20.751 | INFO     | forecast:run_forecasting:660 -   ✅ Beans (red)
2026-04-16 19:08:20.751 | INFO     | forecast:run_forecasting:644 - 
[10/12] Forecasting Maize (white)...
2026-04-16 19:08:22.433 | DEBUG    | forecast:forecast_commodity:553 -   [Maize (white)] 3/3 models generated forecasts
2026-04-16 19:08:22.439 | INFO     | forecast:run_forecasting:654 -   daily        → ₦      148,197/MT  ↓ -30.7%  (2026-04-20)
2026-04-16 19:08:22.439 | INFO     | forecast:run_forecasting:654 -   weekly       → ₦      148,197/MT  ↓ -30.7%  (2026-04-20)
2026-04-16 19:08:22.441 | INFO     | forecast:run_forecasting:654 -   2_weeks      → ₦      148,376/MT  ↓ -30.6%  (2026-04-27)
2026-04-16 19:08:22.441 | INFO     | forecast:run_forecasting:654 -   monthly      → ₦      148,624/MT  ↓ -30.5%  (2026-05-11)
2026-04-16 19:08:22.441 | INFO     | forecast:run_forecasting:654 -   3_months     → ₦      150,500/MT  ↓ -29.6%  (2026-07-13)
2026-04-16 19:08:22.441 | INFO     | forecast:run_forecasting:654 -   6_months     → ₦      146,762/MT  ↓ -31.4%  (2026-10-12)
2026-04-16 19:08:22.443 | INFO     | forecast:run_forecasting:660 -   ✅ Maize (white)
2026-04-16 19:08:22.443 | INFO     | forecast:run_forecasting:644 - 
[11/12] Forecasting Maize (yellow)...
2026-04-16 19:08:23.881 | DEBUG    | forecast:forecast_commodity:553 -   [Maize (yellow)] 3/3 models generated forecasts
2026-04-16 19:08:23.888 | INFO     | forecast:run_forecasting:654 -   daily        → ₦      169,430/MT  ↓ -26.5%  (2026-04-20)
2026-04-16 19:08:23.888 | INFO     | forecast:run_forecasting:654 -   weekly       → ₦      169,430/MT  ↓ -26.5%  (2026-04-20)
2026-04-16 19:08:23.888 | INFO     | forecast:run_forecasting:654 -   2_weeks      → ₦      169,201/MT  ↓ -26.6%  (2026-04-27)
2026-04-16 19:08:23.888 | INFO     | forecast:run_forecasting:654 -   monthly      → ₦      169,106/MT  ↓ -26.7%  (2026-05-11)
2026-04-16 19:08:23.890 | INFO     | forecast:run_forecasting:654 -   3_months     → ₦      169,548/MT  ↓ -26.5%  (2026-07-13)
2026-04-16 19:08:23.890 | INFO     | forecast:run_forecasting:654 -   6_months     → ₦      168,402/MT  ↓ -27.0%  (2026-10-12)
2026-04-16 19:08:23.890 | INFO     | forecast:run_forecasting:660 -   ✅ Maize (yellow)
2026-04-16 19:08:23.890 | INFO     | forecast:run_forecasting:644 - 
[12/12] Forecasting Wheat...
2026-04-16 19:08:23.892 | ERROR    | forecast:run_forecasting:662 -   ❌ Wheat: [Errno 2] No such file or directory: 'c:\\Users\\USER\\Downloads\\agrolinking-intel-structure\\agrolinking-intel\\data\\processed\\features\\features_wheat.csv'
2026-04-16 19:08:24.062 | INFO     | forecast:run_forecasting:669 - 
  Forecast JSON saved → c:\Users\USER\Downloads\agrolinking-intel-structure\agrolinking-intel\outputs\forecasts\forecast_2026-04-16.json
2026-04-16 19:08:24.067 | INFO     | forecast:run_forecasting:677 -   Daily alert saved → c:\Users\USER\Downloads\agrolinking-intel-structure\agrolinking-intel\outputs\daily_alerts\alert_2026-04-16.txt
2026-04-16 19:08:24.067 | INFO     | forecast:run_forecasting:680 - 
============================================================
2026-04-16 19:08:24.067 | INFO     | forecast:run_forecasting:681 -   DAILY PRICE ALERT
2026-04-16 19:08:24.067 | INFO     | forecast:run_forecasting:682 - ============================================================
2026-04-16 19:08:24.067 | INFO     | forecast:run_forecasting:684 -   📊 AGROLINKING COMMODITY INTELLIGENCE ALERT
2026-04-16 19:08:24.067 | INFO     | forecast:run_forecasting:684 -   📅 Thursday, 16 April 2026
2026-04-16 19:08:24.070 | INFO     | forecast:run_forecasting:684 -   ─────────────────────────────────────────────
2026-04-16 19:08:24.070 | INFO     | forecast:run_forecasting:684 -   ▼ Hibiscus           ₦    1,661,148/MT  -25.3%
2026-04-16 19:08:24.070 | INFO     | forecast:run_forecasting:684 -   ▲ Sesame             ₦    1,334,374/MT  ++3.5%
2026-04-16 19:08:24.070 | INFO     | forecast:run_forecasting:684 -   ▲ Ginger             ₦   11,858,917/MT  ++16.6%
2026-04-16 19:08:24.070 | INFO     | forecast:run_forecasting:684 -   ▲ Cocoa              ₦    8,583,158/MT  ++45.7%
2026-04-16 19:08:24.070 | INFO     | forecast:run_forecasting:684 -   ▲ Soybeans           ₦      862,845/MT  ++13.7%
2026-04-16 19:08:24.070 | INFO     | forecast:run_forecasting:684 -   ▲ Cashew Nuts        ₦    2,238,494/MT  ++13.1%
2026-04-16 19:08:24.070 | INFO     | forecast:run_forecasting:684 -   ▼ Sorghum            ₦      303,599/MT  -3.0%
2026-04-16 19:08:24.070 | INFO     | forecast:run_forecasting:684 -   ▼ Beans (white)      ₦      528,613/MT  -32.1%
2026-04-16 19:08:24.070 | INFO     | forecast:run_forecasting:684 -   ▼ Beans (red)        ₦      792,345/MT  -13.1%
2026-04-16 19:08:24.074 | INFO     | forecast:run_forecasting:684 -   ▼ Maize (white)      ₦      148,197/MT  -30.7%
2026-04-16 19:08:24.074 | INFO     | forecast:run_forecasting:684 -   ▼ Maize (yellow)     ₦      169,430/MT  -26.5%
2026-04-16 19:08:24.074 | INFO     | forecast:run_forecasting:684 -   ─────────────────────────────────────────────
2026-04-16 19:08:24.075 | INFO     | forecast:run_forecasting:684 -   Source: Agrolinking Intelligence Platform
2026-04-16 19:08:24.075 | INFO     | forecast:run_forecasting:684 -   Next update: 17 Apr 2026
2026-04-16 19:08:24.075 | INFO     | forecast:run_forecasting:688 - 
  Note: master append handled by 06_validate.py (corrected prices).
2026-04-16 19:08:24.075 | INFO     | forecast:run_forecasting:692 - 
======================================================================
2026-04-16 19:08:24.075 | INFO     | forecast:run_forecasting:693 -   FORECAST SUMMARY — ALL COMMODITIES
2026-04-16 19:08:24.077 | INFO     | forecast:run_forecasting:694 - ======================================================================
2026-04-16 19:08:24.077 | INFO     | forecast:run_forecasting:695 -   Commodity                     Today         1 Week        1 Month       3 Months       6 Months
2026-04-16 19:08:24.078 | INFO     | forecast:run_forecasting:700 -   ----------------------------------------------------------------------------------
2026-04-16 19:08:24.078 | INFO     | forecast:run_forecasting:713 -   Hibiscus             ₦   1,661,148  ₦   1,661,148  ₦   1,428,977  ₦   1,441,686  ₦   1,425,860
2026-04-16 19:08:24.078 | INFO     | forecast:run_forecasting:713 -   Sesame               ₦   1,334,374  ₦   1,334,374  ₦   1,271,693  ₦   1,311,840  ₦   1,304,821
2026-04-16 19:08:24.080 | INFO     | forecast:run_forecasting:713 -   Ginger               ₦  11,858,917  ₦  11,858,917  ₦  10,724,116  ₦  10,148,081  ₦  10,190,002
2026-04-16 19:08:24.080 | INFO     | forecast:run_forecasting:713 -   Cocoa                ₦   8,583,158  ₦   8,583,158  ₦   7,778,555  ₦   7,875,315  ₦   8,045,718
2026-04-16 19:08:24.080 | INFO     | forecast:run_forecasting:713 -   Soybeans             ₦     862,845  ₦     862,845  ₦     785,036  ₦     757,944  ₦     852,613
2026-04-16 19:08:24.080 | INFO     | forecast:run_forecasting:713 -   Cashew Nuts          ₦   2,238,494  ₦   2,238,494  ₦   1,988,769  ₦   2,007,851  ₦   2,015,586
2026-04-16 19:08:24.081 | INFO     | forecast:run_forecasting:713 -   Sorghum              ₦     303,599  ₦     303,599  ₦     299,674  ₦     344,053  ₦     355,083
2026-04-16 19:08:24.081 | INFO     | forecast:run_forecasting:713 -   Beans (white)        ₦     528,613  ₦     528,613  ₦     495,962  ₦     469,839  ₦     431,928
2026-04-16 19:08:24.082 | INFO     | forecast:run_forecasting:713 -   Beans (red)          ₦     792,345  ₦     792,345  ₦     774,653  ₦     692,168  ₦     637,150
2026-04-16 19:08:24.082 | INFO     | forecast:run_forecasting:713 -   Maize (white)        ₦     148,197  ₦     148,197  ₦     148,624  ₦     150,500  ₦     146,762
2026-04-16 19:08:24.082 | INFO     | forecast:run_forecasting:713 -   Maize (yellow)       ₦     169,430  ₦     169,430  ₦     169,106  ₦     169,548  ₦     168,402
2026-04-16 19:08:24.082 | INFO     | forecast:run_forecasting:722 - ======================================================================
2026-04-16 19:08:24.082 | SUCCESS  | forecast:run_forecasting:723 - FORECASTING COMPLETE — 11/12 commodities
2026-04-16 19:08:24.084 | INFO     | forecast:run_forecasting:727 - ======================================================================
2026-04-16 19:08:24.084 | SUCCESS  | __main__:run_step:36 -   ✅ Step 5 — Forecasting completed in 47.2s
2026-04-16 19:09:23.433 | INFO     | __main__:run_step:29 - 
════════════════════════════════════════════════════════════
2026-04-16 19:09:23.435 | INFO     | __main__:run_step:30 -   RUNNING: Step 5 — Forecasting
2026-04-16 19:09:23.435 | INFO     | __main__:run_step:31 - ════════════════════════════════════════════════════════════
2026-04-16 19:09:23.435 | INFO     | forecast:run_forecasting:636 - ============================================================
2026-04-16 19:09:23.437 | INFO     | forecast:run_forecasting:637 - STEP 5 — FORECASTING ENGINE
2026-04-16 19:09:23.437 | INFO     | forecast:run_forecasting:638 -   Run date  : Thursday, 16 April 2026
2026-04-16 19:09:23.439 | INFO     | forecast:run_forecasting:639 -   Commodities: 12
2026-04-16 19:09:23.439 | INFO     | forecast:run_forecasting:640 -   Horizons  : ['daily', 'weekly', '2_weeks', 'monthly', '3_months', '6_months']
2026-04-16 19:09:23.439 | INFO     | forecast:run_forecasting:641 - ============================================================
2026-04-16 19:09:23.441 | INFO     | forecast:run_forecasting:644 - 
[1/12] Forecasting Hibiscus...
2026-04-16 19:09:33.126 | DEBUG    | forecast:forecast_commodity:553 -   [Hibiscus] 3/3 models generated forecasts
2026-04-16 19:09:33.132 | INFO     | forecast:run_forecasting:654 -   daily        → ₦    1,661,021/MT  ↓ -25.2%  (2026-04-20)
2026-04-16 19:09:33.133 | INFO     | forecast:run_forecasting:654 -   weekly       → ₦    1,661,021/MT  ↓ -25.2%  (2026-04-20)
2026-04-16 19:09:33.133 | INFO     | forecast:run_forecasting:654 -   2_weeks      → ₦    1,567,970/MT  ↓ -29.4%  (2026-04-27)
2026-04-16 19:09:33.133 | INFO     | forecast:run_forecasting:654 -   monthly      → ₦    1,428,912/MT  ↓ -35.7%  (2026-05-11)
2026-04-16 19:09:33.133 | INFO     | forecast:run_forecasting:654 -   3_months     → ₦    1,441,686/MT  ↓ -35.1%  (2026-07-13)
2026-04-16 19:09:33.135 | INFO     | forecast:run_forecasting:654 -   6_months     → ₦    1,425,860/MT  ↓ -35.8%  (2026-10-12)
2026-04-16 19:09:33.135 | INFO     | forecast:run_forecasting:660 -   ✅ Hibiscus
2026-04-16 19:09:33.135 | INFO     | forecast:run_forecasting:644 - 
[2/12] Forecasting Sesame...
2026-04-16 19:09:34.306 | DEBUG    | forecast:forecast_commodity:553 -   [Sesame] 3/3 models generated forecasts
2026-04-16 19:09:34.312 | INFO     | forecast:run_forecasting:654 -   daily        → ₦    1,334,527/MT  ↑ +3.5%  (2026-04-20)
2026-04-16 19:09:34.314 | INFO     | forecast:run_forecasting:654 -   weekly       → ₦    1,334,527/MT  ↑ +3.5%  (2026-04-20)
2026-04-16 19:09:34.314 | INFO     | forecast:run_forecasting:654 -   2_weeks      → ₦    1,283,995/MT  ↓ -0.5%  (2026-04-27)
2026-04-16 19:09:34.314 | INFO     | forecast:run_forecasting:654 -   monthly      → ₦    1,271,693/MT  ↓ -1.4%  (2026-05-11)
2026-04-16 19:09:34.316 | INFO     | forecast:run_forecasting:654 -   3_months     → ₦    1,311,840/MT  ↑ +1.7%  (2026-07-13)
2026-04-16 19:09:34.316 | INFO     | forecast:run_forecasting:654 -   6_months     → ₦    1,304,821/MT  ↑ +1.2%  (2026-10-12)
2026-04-16 19:09:34.316 | INFO     | forecast:run_forecasting:660 -   ✅ Sesame
2026-04-16 19:09:34.316 | INFO     | forecast:run_forecasting:644 - 
[3/12] Forecasting Ginger...
2026-04-16 19:09:35.422 | DEBUG    | forecast:forecast_commodity:553 -   [Ginger] 3/3 models generated forecasts
2026-04-16 19:09:35.428 | INFO     | forecast:run_forecasting:654 -   daily        → ₦   11,859,132/MT  ↑ +16.6%  (2026-04-20)
2026-04-16 19:09:35.430 | INFO     | forecast:run_forecasting:654 -   weekly       → ₦   11,859,132/MT  ↑ +16.6%  (2026-04-20)
2026-04-16 19:09:35.431 | INFO     | forecast:run_forecasting:654 -   2_weeks      → ₦   11,403,039/MT  ↑ +12.1%  (2026-04-27)
2026-04-16 19:09:35.431 | INFO     | forecast:run_forecasting:654 -   monthly      → ₦   10,724,226/MT  ↑ +5.4%  (2026-05-11)
2026-04-16 19:09:35.431 | INFO     | forecast:run_forecasting:654 -   3_months     → ₦   10,148,081/MT  ↓ -0.2%  (2026-07-13)
2026-04-16 19:09:35.431 | INFO     | forecast:run_forecasting:654 -   6_months     → ₦   10,190,002/MT  ↑ +0.2%  (2026-10-12)
2026-04-16 19:09:35.433 | INFO     | forecast:run_forecasting:660 -   ✅ Ginger
2026-04-16 19:09:35.433 | INFO     | forecast:run_forecasting:644 - 
[4/12] Forecasting Cocoa...
2026-04-16 19:09:36.406 | DEBUG    | forecast:forecast_commodity:553 -   [Cocoa] 3/3 models generated forecasts
2026-04-16 19:09:36.410 | INFO     | forecast:run_forecasting:654 -   daily        → ₦    8,581,012/MT  ↑ +45.8%  (2026-04-20)
2026-04-16 19:09:36.412 | INFO     | forecast:run_forecasting:654 -   weekly       → ₦    8,581,012/MT  ↑ +45.8%  (2026-04-20)
2026-04-16 19:09:36.412 | INFO     | forecast:run_forecasting:654 -   2_weeks      → ₦    8,242,275/MT  ↑ +40.1%  (2026-04-27)
2026-04-16 19:09:36.412 | INFO     | forecast:run_forecasting:654 -   monthly      → ₦    7,778,555/MT  ↑ +32.2%  (2026-05-11)
2026-04-16 19:09:36.412 | INFO     | forecast:run_forecasting:654 -   3_months     → ₦    7,875,315/MT  ↑ +33.8%  (2026-07-13)
2026-04-16 19:09:36.412 | INFO     | forecast:run_forecasting:654 -   6_months     → ₦    8,045,718/MT  ↑ +36.7%  (2026-10-12)
2026-04-16 19:09:36.412 | INFO     | forecast:run_forecasting:660 -   ✅ Cocoa
2026-04-16 19:09:36.412 | INFO     | forecast:run_forecasting:644 - 
[5/12] Forecasting Soybeans...
2026-04-16 19:09:37.580 | DEBUG    | forecast:forecast_commodity:553 -   [Soybeans] 3/3 models generated forecasts
2026-04-16 19:09:37.586 | INFO     | forecast:run_forecasting:654 -   daily        → ₦      862,718/MT  ↑ +13.7%  (2026-04-20)
2026-04-16 19:09:37.586 | INFO     | forecast:run_forecasting:654 -   weekly       → ₦      862,718/MT  ↑ +13.7%  (2026-04-20)
2026-04-16 19:09:37.588 | INFO     | forecast:run_forecasting:654 -   2_weeks      → ₦      836,249/MT  ↑ +10.2%  (2026-04-27)
2026-04-16 19:09:37.588 | INFO     | forecast:run_forecasting:654 -   monthly      → ₦      784,971/MT  ↑ +3.5%  (2026-05-11)
2026-04-16 19:09:37.588 | INFO     | forecast:run_forecasting:654 -   3_months     → ₦      757,944/MT  ↓ -0.1%  (2026-07-13)
2026-04-16 19:09:37.588 | INFO     | forecast:run_forecasting:654 -   6_months     → ₦      852,613/MT  ↑ +12.4%  (2026-10-12)
2026-04-16 19:09:37.588 | INFO     | forecast:run_forecasting:660 -   ✅ Soybeans
2026-04-16 19:09:37.590 | INFO     | forecast:run_forecasting:644 - 
[6/12] Forecasting Cashew Nuts...
2026-04-16 19:09:38.674 | DEBUG    | forecast:forecast_commodity:553 -   [Cashew Nuts] 3/3 models generated forecasts
2026-04-16 19:09:38.682 | INFO     | forecast:run_forecasting:654 -   daily        → ₦    2,255,938/MT  ↑ +10.8%  (2026-04-20)
2026-04-16 19:09:38.683 | INFO     | forecast:run_forecasting:654 -   weekly       → ₦    2,255,938/MT  ↑ +10.8%  (2026-04-20)
2026-04-16 19:09:38.683 | INFO     | forecast:run_forecasting:654 -   2_weeks      → ₦    2,117,587/MT  ↑ +4.0%  (2026-04-27)
2026-04-16 19:09:38.683 | INFO     | forecast:run_forecasting:654 -   monthly      → ₦    1,988,839/MT  ↓ -2.3%  (2026-05-11)
2026-04-16 19:09:38.683 | INFO     | forecast:run_forecasting:654 -   3_months     → ₦    2,007,822/MT  ↓ -1.4%  (2026-07-13)
2026-04-16 19:09:38.683 | INFO     | forecast:run_forecasting:654 -   6_months     → ₦    2,015,557/MT  ↓ -1.0%  (2026-10-12)
2026-04-16 19:09:38.685 | INFO     | forecast:run_forecasting:660 -   ✅ Cashew Nuts
2026-04-16 19:09:38.685 | INFO     | forecast:run_forecasting:644 - 
[7/12] Forecasting Sorghum...
2026-04-16 19:09:39.802 | DEBUG    | forecast:forecast_commodity:553 -   [Sorghum] 3/3 models generated forecasts
2026-04-16 19:09:39.807 | INFO     | forecast:run_forecasting:654 -   daily        → ₦      303,749/MT  ↓ -3.1%  (2026-04-20)
2026-04-16 19:09:39.807 | INFO     | forecast:run_forecasting:654 -   weekly       → ₦      303,749/MT  ↓ -3.1%  (2026-04-20)
2026-04-16 19:09:39.807 | INFO     | forecast:run_forecasting:654 -   2_weeks      → ₦      292,907/MT  ↓ -6.5%  (2026-04-27)
2026-04-16 19:09:39.807 | INFO     | forecast:run_forecasting:654 -   monthly      → ₦      299,674/MT  ↓ -4.4%  (2026-05-11)
2026-04-16 19:09:39.809 | INFO     | forecast:run_forecasting:654 -   3_months     → ₦      344,053/MT  ↑ +9.8%  (2026-07-13)
2026-04-16 19:09:39.809 | INFO     | forecast:run_forecasting:654 -   6_months     → ₦      355,083/MT  ↑ +13.3%  (2026-10-12)
2026-04-16 19:09:39.809 | INFO     | forecast:run_forecasting:660 -   ✅ Sorghum
2026-04-16 19:09:39.809 | INFO     | forecast:run_forecasting:644 - 
[8/12] Forecasting Beans (white)...
2026-04-16 19:09:40.686 | DEBUG    | forecast:forecast_commodity:553 -   [Beans (white)] 3/3 models generated forecasts
2026-04-16 19:09:40.690 | INFO     | forecast:run_forecasting:654 -   daily        → ₦      528,453/MT  ↓ -32.1%  (2026-04-20)
2026-04-16 19:09:40.690 | INFO     | forecast:run_forecasting:654 -   weekly       → ₦      528,453/MT  ↓ -32.1%  (2026-04-20)
2026-04-16 19:09:40.690 | INFO     | forecast:run_forecasting:654 -   2_weeks      → ₦      512,541/MT  ↓ -34.1%  (2026-04-27)
2026-04-16 19:09:40.690 | INFO     | forecast:run_forecasting:654 -   monthly      → ₦      495,927/MT  ↓ -36.3%  (2026-05-11)
2026-04-16 19:09:40.690 | INFO     | forecast:run_forecasting:654 -   3_months     → ₦      469,819/MT  ↓ -39.6%  (2026-07-13)
2026-04-16 19:09:40.692 | INFO     | forecast:run_forecasting:654 -   6_months     → ₦      431,908/MT  ↓ -44.5%  (2026-10-12)
2026-04-16 19:09:40.692 | INFO     | forecast:run_forecasting:660 -   ✅ Beans (white)
2026-04-16 19:09:40.692 | INFO     | forecast:run_forecasting:644 - 
[9/12] Forecasting Beans (red)...
2026-04-16 19:09:41.917 | DEBUG    | forecast:forecast_commodity:553 -   [Beans (red)] 3/3 models generated forecasts
2026-04-16 19:09:41.921 | INFO     | forecast:run_forecasting:654 -   daily        → ₦      792,345/MT  ↓ -13.1%  (2026-04-20)
2026-04-16 19:09:41.921 | INFO     | forecast:run_forecasting:654 -   weekly       → ₦      792,345/MT  ↓ -13.1%  (2026-04-20)
2026-04-16 19:09:41.921 | INFO     | forecast:run_forecasting:654 -   2_weeks      → ₦      782,812/MT  ↓ -14.1%  (2026-04-27)
2026-04-16 19:09:41.923 | INFO     | forecast:run_forecasting:654 -   monthly      → ₦      774,653/MT  ↓ -15.0%  (2026-05-11)
2026-04-16 19:09:41.923 | INFO     | forecast:run_forecasting:654 -   3_months     → ₦      692,168/MT  ↓ -24.1%  (2026-07-13)
2026-04-16 19:09:41.923 | INFO     | forecast:run_forecasting:654 -   6_months     → ₦      637,150/MT  ↓ -30.1%  (2026-10-12)
2026-04-16 19:09:41.923 | INFO     | forecast:run_forecasting:660 -   ✅ Beans (red)
2026-04-16 19:09:41.923 | INFO     | forecast:run_forecasting:644 - 
[10/12] Forecasting Maize (white)...
2026-04-16 19:09:42.812 | DEBUG    | forecast:forecast_commodity:553 -   [Maize (white)] 3/3 models generated forecasts
2026-04-16 19:09:42.816 | INFO     | forecast:run_forecasting:654 -   daily        → ₦      148,197/MT  ↓ -30.7%  (2026-04-20)
2026-04-16 19:09:42.818 | INFO     | forecast:run_forecasting:654 -   weekly       → ₦      148,197/MT  ↓ -30.7%  (2026-04-20)
2026-04-16 19:09:42.818 | INFO     | forecast:run_forecasting:654 -   2_weeks      → ₦      148,376/MT  ↓ -30.6%  (2026-04-27)
2026-04-16 19:09:42.818 | INFO     | forecast:run_forecasting:654 -   monthly      → ₦      148,624/MT  ↓ -30.5%  (2026-05-11)
2026-04-16 19:09:42.818 | INFO     | forecast:run_forecasting:654 -   3_months     → ₦      150,500/MT  ↓ -29.6%  (2026-07-13)
2026-04-16 19:09:42.818 | INFO     | forecast:run_forecasting:654 -   6_months     → ₦      146,762/MT  ↓ -31.4%  (2026-10-12)
2026-04-16 19:09:42.818 | INFO     | forecast:run_forecasting:660 -   ✅ Maize (white)
2026-04-16 19:09:42.820 | INFO     | forecast:run_forecasting:644 - 
[11/12] Forecasting Maize (yellow)...
2026-04-16 19:09:43.619 | DEBUG    | forecast:forecast_commodity:553 -   [Maize (yellow)] 3/3 models generated forecasts
2026-04-16 19:09:43.625 | INFO     | forecast:run_forecasting:654 -   daily        → ₦      169,430/MT  ↓ -26.5%  (2026-04-20)
2026-04-16 19:09:43.625 | INFO     | forecast:run_forecasting:654 -   weekly       → ₦      169,430/MT  ↓ -26.5%  (2026-04-20)
2026-04-16 19:09:43.625 | INFO     | forecast:run_forecasting:654 -   2_weeks      → ₦      169,201/MT  ↓ -26.6%  (2026-04-27)
2026-04-16 19:09:43.627 | INFO     | forecast:run_forecasting:654 -   monthly      → ₦      169,106/MT  ↓ -26.7%  (2026-05-11)
2026-04-16 19:09:43.627 | INFO     | forecast:run_forecasting:654 -   3_months     → ₦      169,548/MT  ↓ -26.5%  (2026-07-13)
2026-04-16 19:09:43.627 | INFO     | forecast:run_forecasting:654 -   6_months     → ₦      168,402/MT  ↓ -27.0%  (2026-10-12)
2026-04-16 19:09:43.627 | INFO     | forecast:run_forecasting:660 -   ✅ Maize (yellow)
2026-04-16 19:09:43.627 | INFO     | forecast:run_forecasting:644 - 
[12/12] Forecasting Wheat...
2026-04-16 19:09:43.629 | ERROR    | forecast:run_forecasting:662 -   ❌ Wheat: [Errno 2] No such file or directory: 'c:\\Users\\USER\\Downloads\\agrolinking-intel-structure\\agrolinking-intel\\data\\processed\\features\\features_wheat.csv'
2026-04-16 19:09:43.741 | INFO     | forecast:run_forecasting:669 - 
  Forecast JSON saved → c:\Users\USER\Downloads\agrolinking-intel-structure\agrolinking-intel\outputs\forecasts\forecast_2026-04-16.json
2026-04-16 19:09:43.741 | INFO     | forecast:run_forecasting:677 -   Daily alert saved → c:\Users\USER\Downloads\agrolinking-intel-structure\agrolinking-intel\outputs\daily_alerts\alert_2026-04-16.txt
2026-04-16 19:09:43.741 | INFO     | forecast:run_forecasting:680 - 
============================================================
2026-04-16 19:09:43.743 | INFO     | forecast:run_forecasting:681 -   DAILY PRICE ALERT
2026-04-16 19:09:43.743 | INFO     | forecast:run_forecasting:682 - ============================================================
2026-04-16 19:09:43.743 | INFO     | forecast:run_forecasting:684 -   📊 AGROLINKING COMMODITY INTELLIGENCE ALERT
2026-04-16 19:09:43.743 | INFO     | forecast:run_forecasting:684 -   📅 Thursday, 16 April 2026
2026-04-16 19:09:43.743 | INFO     | forecast:run_forecasting:684 -   ─────────────────────────────────────────────
2026-04-16 19:09:43.743 | INFO     | forecast:run_forecasting:684 -   ▼ Hibiscus           ₦    1,661,021/MT  -25.3%
2026-04-16 19:09:43.743 | INFO     | forecast:run_forecasting:684 -   ▲ Sesame             ₦    1,334,527/MT  ++3.5%
2026-04-16 19:09:43.743 | INFO     | forecast:run_forecasting:684 -   ▲ Ginger             ₦   11,859,132/MT  ++16.6%
2026-04-16 19:09:43.743 | INFO     | forecast:run_forecasting:684 -   ▲ Cocoa              ₦    8,581,012/MT  ++45.8%
2026-04-16 19:09:43.743 | INFO     | forecast:run_forecasting:684 -   ▲ Soybeans           ₦      862,718/MT  ++13.7%
2026-04-16 19:09:43.743 | INFO     | forecast:run_forecasting:684 -   ▲ Cashew Nuts        ₦    2,255,938/MT  ++10.8%
2026-04-16 19:09:43.747 | INFO     | forecast:run_forecasting:684 -   ▼ Sorghum            ₦      303,749/MT  -3.1%
2026-04-16 19:09:43.747 | INFO     | forecast:run_forecasting:684 -   ▼ Beans (white)      ₦      528,453/MT  -32.1%
2026-04-16 19:09:43.747 | INFO     | forecast:run_forecasting:684 -   ▼ Beans (red)        ₦      792,345/MT  -13.1%
2026-04-16 19:09:43.748 | INFO     | forecast:run_forecasting:684 -   ▼ Maize (white)      ₦      148,197/MT  -30.7%
2026-04-16 19:09:43.748 | INFO     | forecast:run_forecasting:684 -   ▼ Maize (yellow)     ₦      169,430/MT  -26.5%
2026-04-16 19:09:43.748 | INFO     | forecast:run_forecasting:684 -   ─────────────────────────────────────────────
2026-04-16 19:09:43.748 | INFO     | forecast:run_forecasting:684 -   Source: Agrolinking Intelligence Platform
2026-04-16 19:09:43.748 | INFO     | forecast:run_forecasting:684 -   Next update: 17 Apr 2026
2026-04-16 19:09:43.750 | INFO     | forecast:run_forecasting:688 - 
  Note: master append handled by 06_validate.py (corrected prices).
2026-04-16 19:09:43.750 | INFO     | forecast:run_forecasting:692 - 
======================================================================
2026-04-16 19:09:43.750 | INFO     | forecast:run_forecasting:693 -   FORECAST SUMMARY — ALL COMMODITIES
2026-04-16 19:09:43.751 | INFO     | forecast:run_forecasting:694 - ======================================================================
2026-04-16 19:09:43.751 | INFO     | forecast:run_forecasting:695 -   Commodity                     Today         1 Week        1 Month       3 Months       6 Months
2026-04-16 19:09:43.752 | INFO     | forecast:run_forecasting:700 -   ----------------------------------------------------------------------------------
2026-04-16 19:09:43.752 | INFO     | forecast:run_forecasting:713 -   Hibiscus             ₦   1,661,021  ₦   1,661,021  ₦   1,428,912  ₦   1,441,686  ₦   1,425,860
2026-04-16 19:09:43.752 | INFO     | forecast:run_forecasting:713 -   Sesame               ₦   1,334,527  ₦   1,334,527  ₦   1,271,693  ₦   1,311,840  ₦   1,304,821
2026-04-16 19:09:43.752 | INFO     | forecast:run_forecasting:713 -   Ginger               ₦  11,859,132  ₦  11,859,132  ₦  10,724,226  ₦  10,148,081  ₦  10,190,002
2026-04-16 19:09:43.752 | INFO     | forecast:run_forecasting:713 -   Cocoa                ₦   8,581,012  ₦   8,581,012  ₦   7,778,555  ₦   7,875,315  ₦   8,045,718
2026-04-16 19:09:43.752 | INFO     | forecast:run_forecasting:713 -   Soybeans             ₦     862,718  ₦     862,718  ₦     784,971  ₦     757,944  ₦     852,613
2026-04-16 19:09:43.752 | INFO     | forecast:run_forecasting:713 -   Cashew Nuts          ₦   2,255,938  ₦   2,255,938  ₦   1,988,839  ₦   2,007,822  ₦   2,015,557
2026-04-16 19:09:43.755 | INFO     | forecast:run_forecasting:713 -   Sorghum              ₦     303,749  ₦     303,749  ₦     299,674  ₦     344,053  ₦     355,083
2026-04-16 19:09:43.755 | INFO     | forecast:run_forecasting:713 -   Beans (white)        ₦     528,453  ₦     528,453  ₦     495,927  ₦     469,819  ₦     431,908
2026-04-16 19:09:43.755 | INFO     | forecast:run_forecasting:713 -   Beans (red)          ₦     792,345  ₦     792,345  ₦     774,653  ₦     692,168  ₦     637,150
2026-04-16 19:09:43.755 | INFO     | forecast:run_forecasting:713 -   Maize (white)        ₦     148,197  ₦     148,197  ₦     148,624  ₦     150,500  ₦     146,762
2026-04-16 19:09:43.755 | INFO     | forecast:run_forecasting:713 -   Maize (yellow)       ₦     169,430  ₦     169,430  ₦     169,106  ₦     169,548  ₦     168,402
2026-04-16 19:09:43.757 | INFO     | forecast:run_forecasting:722 - ======================================================================
2026-04-16 19:09:43.757 | SUCCESS  | forecast:run_forecasting:723 - FORECASTING COMPLETE — 11/12 commodities
2026-04-16 19:09:43.757 | INFO     | forecast:run_forecasting:727 - ======================================================================
2026-04-16 19:09:43.757 | SUCCESS  | __main__:run_step:36 -   ✅ Step 5 — Forecasting completed in 20.3s
2026-04-16 19:24:28.419 | INFO     | __main__:run_step:29 - 
════════════════════════════════════════════════════════════
2026-04-16 19:24:28.427 | INFO     | __main__:run_step:30 -   RUNNING: Step 5 — Forecasting
2026-04-16 19:24:28.427 | INFO     | __main__:run_step:31 - ════════════════════════════════════════════════════════════
2026-04-16 19:24:28.427 | INFO     | forecast:run_forecasting:637 - ============================================================
2026-04-16 19:24:28.427 | INFO     | forecast:run_forecasting:638 - STEP 5 — FORECASTING ENGINE
2026-04-16 19:24:28.427 | INFO     | forecast:run_forecasting:639 -   Run date  : Thursday, 16 April 2026
2026-04-16 19:24:28.427 | INFO     | forecast:run_forecasting:640 -   Commodities: 12
2026-04-16 19:24:28.427 | INFO     | forecast:run_forecasting:641 -   Horizons  : ['daily', 'weekly', '2_weeks', 'monthly', '3_months', '6_months']
2026-04-16 19:24:28.427 | INFO     | forecast:run_forecasting:642 - ============================================================
2026-04-16 19:24:28.427 | INFO     | forecast:run_forecasting:645 - 
[1/12] Forecasting Hibiscus...
2026-04-16 19:24:58.627 | DEBUG    | forecast:forecast_commodity:554 -   [Hibiscus] 3/3 models generated forecasts
2026-04-16 19:24:58.635 | INFO     | forecast:run_forecasting:655 -   daily        → ₦    1,661,015/MT  ↓ -25.2%  (2026-04-20)
2026-04-16 19:24:58.635 | INFO     | forecast:run_forecasting:655 -   weekly       → ₦    1,661,015/MT  ↓ -25.2%  (2026-04-20)
2026-04-16 19:24:58.635 | INFO     | forecast:run_forecasting:655 -   2_weeks      → ₦    1,567,966/MT  ↓ -29.4%  (2026-04-27)
2026-04-16 19:24:58.637 | INFO     | forecast:run_forecasting:655 -   monthly      → ₦    1,428,909/MT  ↓ -35.7%  (2026-05-11)
2026-04-16 19:24:58.637 | INFO     | forecast:run_forecasting:655 -   3_months     → ₦    1,441,686/MT  ↓ -35.1%  (2026-07-13)
2026-04-16 19:24:58.637 | INFO     | forecast:run_forecasting:655 -   6_months     → ₦    1,425,860/MT  ↓ -35.8%  (2026-10-12)
2026-04-16 19:24:58.637 | INFO     | forecast:run_forecasting:661 -   ✅ Hibiscus
2026-04-16 19:24:58.637 | INFO     | forecast:run_forecasting:645 - 
[2/12] Forecasting Sesame...
2026-04-16 19:25:00.187 | DEBUG    | forecast:forecast_commodity:554 -   [Sesame] 3/3 models generated forecasts
2026-04-16 19:25:00.197 | INFO     | forecast:run_forecasting:655 -   daily        → ₦    1,334,546/MT  ↑ +3.5%  (2026-04-20)
2026-04-16 19:25:00.197 | INFO     | forecast:run_forecasting:655 -   weekly       → ₦    1,334,546/MT  ↑ +3.5%  (2026-04-20)
2026-04-16 19:25:00.199 | INFO     | forecast:run_forecasting:655 -   2_weeks      → ₦    1,283,995/MT  ↓ -0.5%  (2026-04-27)
2026-04-16 19:25:00.199 | INFO     | forecast:run_forecasting:655 -   monthly      → ₦    1,271,693/MT  ↓ -1.4%  (2026-05-11)
2026-04-16 19:25:00.199 | INFO     | forecast:run_forecasting:655 -   3_months     → ₦    1,311,840/MT  ↑ +1.7%  (2026-07-13)
2026-04-16 19:25:00.200 | INFO     | forecast:run_forecasting:655 -   6_months     → ₦    1,304,821/MT  ↑ +1.2%  (2026-10-12)
2026-04-16 19:25:00.200 | INFO     | forecast:run_forecasting:661 -   ✅ Sesame
2026-04-16 19:25:00.200 | INFO     | forecast:run_forecasting:645 - 
[3/12] Forecasting Ginger...
2026-04-16 19:25:02.047 | DEBUG    | forecast:forecast_commodity:554 -   [Ginger] 3/3 models generated forecasts
2026-04-16 19:25:02.054 | INFO     | forecast:run_forecasting:655 -   daily        → ₦   11,859,142/MT  ↑ +16.6%  (2026-04-20)
2026-04-16 19:25:02.056 | INFO     | forecast:run_forecasting:655 -   weekly       → ₦   11,859,142/MT  ↑ +16.6%  (2026-04-20)
2026-04-16 19:25:02.056 | INFO     | forecast:run_forecasting:655 -   2_weeks      → ₦   11,403,046/MT  ↑ +12.1%  (2026-04-27)
2026-04-16 19:25:02.056 | INFO     | forecast:run_forecasting:655 -   monthly      → ₦   10,724,231/MT  ↑ +5.4%  (2026-05-11)
2026-04-16 19:25:02.058 | INFO     | forecast:run_forecasting:655 -   3_months     → ₦   10,148,081/MT  ↓ -0.2%  (2026-07-13)
2026-04-16 19:25:02.058 | INFO     | forecast:run_forecasting:655 -   6_months     → ₦   10,190,002/MT  ↑ +0.2%  (2026-10-12)
2026-04-16 19:25:02.058 | INFO     | forecast:run_forecasting:661 -   ✅ Ginger
2026-04-16 19:25:02.060 | INFO     | forecast:run_forecasting:645 - 
[4/12] Forecasting Cocoa...
2026-04-16 19:25:03.558 | DEBUG    | forecast:forecast_commodity:554 -   [Cocoa] 3/3 models generated forecasts
2026-04-16 19:25:03.564 | INFO     | forecast:run_forecasting:655 -   daily        → ₦    8,580,971/MT  ↑ +45.8%  (2026-04-20)
2026-04-16 19:25:03.564 | INFO     | forecast:run_forecasting:655 -   weekly       → ₦    8,580,971/MT  ↑ +45.8%  (2026-04-20)
2026-04-16 19:25:03.564 | INFO     | forecast:run_forecasting:655 -   2_weeks      → ₦    8,242,242/MT  ↑ +40.1%  (2026-04-27)
2026-04-16 19:25:03.566 | INFO     | forecast:run_forecasting:655 -   monthly      → ₦    7,778,555/MT  ↑ +32.2%  (2026-05-11)
2026-04-16 19:25:03.566 | INFO     | forecast:run_forecasting:655 -   3_months     → ₦    7,875,315/MT  ↑ +33.8%  (2026-07-13)
2026-04-16 19:25:03.566 | INFO     | forecast:run_forecasting:655 -   6_months     → ₦    8,045,718/MT  ↑ +36.7%  (2026-10-12)
2026-04-16 19:25:03.566 | INFO     | forecast:run_forecasting:661 -   ✅ Cocoa
2026-04-16 19:25:03.566 | INFO     | forecast:run_forecasting:645 - 
[5/12] Forecasting Soybeans...
2026-04-16 19:25:05.110 | DEBUG    | forecast:forecast_commodity:554 -   [Soybeans] 3/3 models generated forecasts
2026-04-16 19:25:05.117 | INFO     | forecast:run_forecasting:655 -   daily        → ₦      862,713/MT  ↑ +13.7%  (2026-04-20)
2026-04-16 19:25:05.119 | INFO     | forecast:run_forecasting:655 -   weekly       → ₦      862,713/MT  ↑ +13.7%  (2026-04-20)
2026-04-16 19:25:05.119 | INFO     | forecast:run_forecasting:655 -   2_weeks      → ₦      836,245/MT  ↑ +10.2%  (2026-04-27)
2026-04-16 19:25:05.119 | INFO     | forecast:run_forecasting:655 -   monthly      → ₦      784,969/MT  ↑ +3.5%  (2026-05-11)
2026-04-16 19:25:05.119 | INFO     | forecast:run_forecasting:655 -   3_months     → ₦      757,944/MT  ↓ -0.1%  (2026-07-13)
2026-04-16 19:25:05.121 | INFO     | forecast:run_forecasting:655 -   6_months     → ₦      852,613/MT  ↑ +12.4%  (2026-10-12)
2026-04-16 19:25:05.121 | INFO     | forecast:run_forecasting:661 -   ✅ Soybeans
2026-04-16 19:25:05.121 | INFO     | forecast:run_forecasting:645 - 
[6/12] Forecasting Cashew Nuts...
2026-04-16 19:25:07.306 | DEBUG    | forecast:forecast_commodity:554 -   [Cashew Nuts] 3/3 models generated forecasts
2026-04-16 19:25:07.315 | INFO     | forecast:run_forecasting:655 -   daily        → ₦    2,238,877/MT  ↑ +13.0%  (2026-04-20)
2026-04-16 19:25:07.315 | INFO     | forecast:run_forecasting:655 -   weekly       → ₦    2,238,877/MT  ↑ +13.0%  (2026-04-20)
2026-04-16 19:25:07.317 | INFO     | forecast:run_forecasting:655 -   2_weeks      → ₦    2,103,938/MT  ↑ +6.2%  (2026-04-27)
2026-04-16 19:25:07.317 | INFO     | forecast:run_forecasting:655 -   monthly      → ₦    1,988,769/MT  ↑ +0.4%  (2026-05-11)
2026-04-16 19:25:07.317 | INFO     | forecast:run_forecasting:655 -   3_months     → ₦    2,007,851/MT  ↑ +1.4%  (2026-07-13)
2026-04-16 19:25:07.320 | INFO     | forecast:run_forecasting:655 -   6_months     → ₦    2,015,586/MT  ↑ +1.7%  (2026-10-12)
2026-04-16 19:25:07.321 | INFO     | forecast:run_forecasting:661 -   ✅ Cashew Nuts
2026-04-16 19:25:07.321 | INFO     | forecast:run_forecasting:645 - 
[7/12] Forecasting Sorghum...
2026-04-16 19:25:09.341 | DEBUG    | forecast:forecast_commodity:554 -   [Sorghum] 3/3 models generated forecasts
2026-04-16 19:25:09.350 | INFO     | forecast:run_forecasting:655 -   daily        → ₦      303,767/MT  ↓ -3.1%  (2026-04-20)
2026-04-16 19:25:09.350 | INFO     | forecast:run_forecasting:655 -   weekly       → ₦      303,767/MT  ↓ -3.1%  (2026-04-20)
2026-04-16 19:25:09.352 | INFO     | forecast:run_forecasting:655 -   2_weeks      → ₦      292,907/MT  ↓ -6.6%  (2026-04-27)
2026-04-16 19:25:09.352 | INFO     | forecast:run_forecasting:655 -   monthly      → ₦      299,674/MT  ↓ -4.4%  (2026-05-11)
2026-04-16 19:25:09.352 | INFO     | forecast:run_forecasting:655 -   3_months     → ₦      344,053/MT  ↑ +9.8%  (2026-07-13)
2026-04-16 19:25:09.354 | INFO     | forecast:run_forecasting:655 -   6_months     → ₦      355,083/MT  ↑ +13.3%  (2026-10-12)
2026-04-16 19:25:09.354 | INFO     | forecast:run_forecasting:661 -   ✅ Sorghum
2026-04-16 19:25:09.354 | INFO     | forecast:run_forecasting:645 - 
[8/12] Forecasting Beans (white)...
2026-04-16 19:25:11.778 | DEBUG    | forecast:forecast_commodity:554 -   [Beans (white)] 3/3 models generated forecasts
2026-04-16 19:25:11.785 | INFO     | forecast:run_forecasting:655 -   daily        → ₦      528,446/MT  ↓ -32.1%  (2026-04-20)
2026-04-16 19:25:11.786 | INFO     | forecast:run_forecasting:655 -   weekly       → ₦      528,446/MT  ↓ -32.1%  (2026-04-20)
2026-04-16 19:25:11.786 | INFO     | forecast:run_forecasting:655 -   2_weeks      → ₦      512,541/MT  ↓ -34.1%  (2026-04-27)
2026-04-16 19:25:11.787 | INFO     | forecast:run_forecasting:655 -   monthly      → ₦      495,927/MT  ↓ -36.3%  (2026-05-11)
2026-04-16 19:25:11.787 | INFO     | forecast:run_forecasting:655 -   3_months     → ₦      469,819/MT  ↓ -39.6%  (2026-07-13)
2026-04-16 19:25:11.787 | INFO     | forecast:run_forecasting:655 -   6_months     → ₦      431,908/MT  ↓ -44.5%  (2026-10-12)
2026-04-16 19:25:11.787 | INFO     | forecast:run_forecasting:661 -   ✅ Beans (white)
2026-04-16 19:25:11.789 | INFO     | forecast:run_forecasting:645 - 
[9/12] Forecasting Beans (red)...
2026-04-16 19:25:13.816 | DEBUG    | forecast:forecast_commodity:554 -   [Beans (red)] 3/3 models generated forecasts
2026-04-16 19:25:13.826 | INFO     | forecast:run_forecasting:655 -   daily        → ₦      792,345/MT  ↓ -13.1%  (2026-04-20)
2026-04-16 19:25:13.826 | INFO     | forecast:run_forecasting:655 -   weekly       → ₦      792,345/MT  ↓ -13.1%  (2026-04-20)
2026-04-16 19:25:13.826 | INFO     | forecast:run_forecasting:655 -   2_weeks      → ₦      782,812/MT  ↓ -14.1%  (2026-04-27)
2026-04-16 19:25:13.828 | INFO     | forecast:run_forecasting:655 -   monthly      → ₦      774,653/MT  ↓ -15.0%  (2026-05-11)
2026-04-16 19:25:13.828 | INFO     | forecast:run_forecasting:655 -   3_months     → ₦      692,168/MT  ↓ -24.1%  (2026-07-13)
2026-04-16 19:25:13.828 | INFO     | forecast:run_forecasting:655 -   6_months     → ₦      637,150/MT  ↓ -30.1%  (2026-10-12)
2026-04-16 19:25:13.828 | INFO     | forecast:run_forecasting:661 -   ✅ Beans (red)
2026-04-16 19:25:13.830 | INFO     | forecast:run_forecasting:645 - 
[10/12] Forecasting Maize (white)...
2026-04-16 19:25:15.784 | DEBUG    | forecast:forecast_commodity:554 -   [Maize (white)] 3/3 models generated forecasts
2026-04-16 19:25:15.794 | INFO     | forecast:run_forecasting:655 -   daily        → ₦      148,197/MT  ↓ -30.7%  (2026-04-20)
2026-04-16 19:25:15.794 | INFO     | forecast:run_forecasting:655 -   weekly       → ₦      148,197/MT  ↓ -30.7%  (2026-04-20)
2026-04-16 19:25:15.794 | INFO     | forecast:run_forecasting:655 -   2_weeks      → ₦      148,376/MT  ↓ -30.6%  (2026-04-27)
2026-04-16 19:25:15.794 | INFO     | forecast:run_forecasting:655 -   monthly      → ₦      148,624/MT  ↓ -30.5%  (2026-05-11)
2026-04-16 19:25:15.794 | INFO     | forecast:run_forecasting:655 -   3_months     → ₦      150,500/MT  ↓ -29.6%  (2026-07-13)
2026-04-16 19:25:15.798 | INFO     | forecast:run_forecasting:655 -   6_months     → ₦      146,762/MT  ↓ -31.4%  (2026-10-12)
2026-04-16 19:25:15.799 | INFO     | forecast:run_forecasting:661 -   ✅ Maize (white)
2026-04-16 19:25:15.799 | INFO     | forecast:run_forecasting:645 - 
[11/12] Forecasting Maize (yellow)...
2026-04-16 19:25:17.475 | DEBUG    | forecast:forecast_commodity:554 -   [Maize (yellow)] 3/3 models generated forecasts
2026-04-16 19:25:17.478 | INFO     | forecast:run_forecasting:655 -   daily        → ₦      169,430/MT  ↓ -26.5%  (2026-04-20)
2026-04-16 19:25:17.481 | INFO     | forecast:run_forecasting:655 -   weekly       → ₦      169,430/MT  ↓ -26.5%  (2026-04-20)
2026-04-16 19:25:17.481 | INFO     | forecast:run_forecasting:655 -   2_weeks      → ₦      169,201/MT  ↓ -26.6%  (2026-04-27)
2026-04-16 19:25:17.481 | INFO     | forecast:run_forecasting:655 -   monthly      → ₦      169,106/MT  ↓ -26.7%  (2026-05-11)
2026-04-16 19:25:17.481 | INFO     | forecast:run_forecasting:655 -   3_months     → ₦      169,548/MT  ↓ -26.5%  (2026-07-13)
2026-04-16 19:25:17.481 | INFO     | forecast:run_forecasting:655 -   6_months     → ₦      168,402/MT  ↓ -27.0%  (2026-10-12)
2026-04-16 19:25:17.481 | INFO     | forecast:run_forecasting:661 -   ✅ Maize (yellow)
2026-04-16 19:25:17.481 | INFO     | forecast:run_forecasting:645 - 
[12/12] Forecasting Wheat...
2026-04-16 19:25:17.483 | ERROR    | forecast:run_forecasting:663 -   ❌ Wheat: [Errno 2] No such file or directory: 'c:\\Users\\USER\\Downloads\\agrolinking-intel-structure\\agrolinking-intel\\data\\processed\\features\\features_wheat.csv'
2026-04-16 19:25:17.684 | INFO     | forecast:run_forecasting:670 - 
  Forecast JSON saved → c:\Users\USER\Downloads\agrolinking-intel-structure\agrolinking-intel\outputs\forecasts\forecast_2026-04-16.json
2026-04-16 19:25:17.700 | INFO     | forecast:run_forecasting:678 -   Daily alert saved → c:\Users\USER\Downloads\agrolinking-intel-structure\agrolinking-intel\outputs\daily_alerts\alert_2026-04-16.txt
2026-04-16 19:25:17.700 | INFO     | forecast:run_forecasting:681 - 
============================================================
2026-04-16 19:25:17.700 | INFO     | forecast:run_forecasting:682 -   DAILY PRICE ALERT
2026-04-16 19:25:17.700 | INFO     | forecast:run_forecasting:683 - ============================================================
2026-04-16 19:25:17.700 | INFO     | forecast:run_forecasting:685 -   📊 AGROLINKING COMMODITY INTELLIGENCE ALERT
2026-04-16 19:25:17.700 | INFO     | forecast:run_forecasting:685 -   📅 Thursday, 16 April 2026
2026-04-16 19:25:17.700 | INFO     | forecast:run_forecasting:685 -   ─────────────────────────────────────────────
2026-04-16 19:25:17.700 | INFO     | forecast:run_forecasting:685 -   ▼ Hibiscus           ₦    1,661,015/MT  -25.3%
2026-04-16 19:25:17.700 | INFO     | forecast:run_forecasting:685 -   ▲ Sesame             ₦    1,334,546/MT  ++3.5%
2026-04-16 19:25:17.700 | INFO     | forecast:run_forecasting:685 -   ▲ Ginger             ₦   11,859,142/MT  ++16.6%
2026-04-16 19:25:17.706 | INFO     | forecast:run_forecasting:685 -   ▲ Cocoa              ₦    8,580,971/MT  ++45.8%
2026-04-16 19:25:17.706 | INFO     | forecast:run_forecasting:685 -   ▲ Soybeans           ₦      862,713/MT  ++13.7%
2026-04-16 19:25:17.706 | INFO     | forecast:run_forecasting:685 -   ▲ Cashew Nuts        ₦    2,238,877/MT  ++13.0%
2026-04-16 19:25:17.708 | INFO     | forecast:run_forecasting:685 -   ▼ Sorghum            ₦      303,767/MT  -3.1%
2026-04-16 19:25:17.708 | INFO     | forecast:run_forecasting:685 -   ▼ Beans (white)      ₦      528,446/MT  -32.1%
2026-04-16 19:25:17.708 | INFO     | forecast:run_forecasting:685 -   ▼ Beans (red)        ₦      792,345/MT  -13.1%
2026-04-16 19:25:17.708 | INFO     | forecast:run_forecasting:685 -   ▼ Maize (white)      ₦      148,197/MT  -30.7%
2026-04-16 19:25:17.708 | INFO     | forecast:run_forecasting:685 -   ▼ Maize (yellow)     ₦      169,430/MT  -26.5%
2026-04-16 19:25:17.708 | INFO     | forecast:run_forecasting:685 -   ─────────────────────────────────────────────
2026-04-16 19:25:17.708 | INFO     | forecast:run_forecasting:685 -   Source: Agrolinking Intelligence Platform
2026-04-16 19:25:17.708 | INFO     | forecast:run_forecasting:685 -   Next update: 17 Apr 2026
2026-04-16 19:25:17.708 | INFO     | forecast:run_forecasting:689 - 
  Note: master append handled by 06_validate.py (corrected prices).
2026-04-16 19:25:17.708 | INFO     | forecast:run_forecasting:693 - 
======================================================================
2026-04-16 19:25:17.708 | INFO     | forecast:run_forecasting:694 -   FORECAST SUMMARY — ALL COMMODITIES
2026-04-16 19:25:17.708 | INFO     | forecast:run_forecasting:695 - ======================================================================
2026-04-16 19:25:17.716 | INFO     | forecast:run_forecasting:696 -   Commodity                     Today         1 Week        1 Month       3 Months       6 Months
2026-04-16 19:25:17.716 | INFO     | forecast:run_forecasting:701 -   ----------------------------------------------------------------------------------
2026-04-16 19:25:17.716 | INFO     | forecast:run_forecasting:714 -   Hibiscus             ₦   1,661,015  ₦   1,661,015  ₦   1,428,909  ₦   1,441,686  ₦   1,425,860
2026-04-16 19:25:17.716 | INFO     | forecast:run_forecasting:714 -   Sesame               ₦   1,334,546  ₦   1,334,546  ₦   1,271,693  ₦   1,311,840  ₦   1,304,821
2026-04-16 19:25:17.716 | INFO     | forecast:run_forecasting:714 -   Ginger               ₦  11,859,142  ₦  11,859,142  ₦  10,724,231  ₦  10,148,081  ₦  10,190,002
2026-04-16 19:25:17.716 | INFO     | forecast:run_forecasting:714 -   Cocoa                ₦   8,580,971  ₦   8,580,971  ₦   7,778,555  ₦   7,875,315  ₦   8,045,718
2026-04-16 19:25:17.720 | INFO     | forecast:run_forecasting:714 -   Soybeans             ₦     862,713  ₦     862,713  ₦     784,969  ₦     757,944  ₦     852,613
2026-04-16 19:25:17.720 | INFO     | forecast:run_forecasting:714 -   Cashew Nuts          ₦   2,238,877  ₦   2,238,877  ₦   1,988,769  ₦   2,007,851  ₦   2,015,586
2026-04-16 19:25:17.720 | INFO     | forecast:run_forecasting:714 -   Sorghum              ₦     303,767  ₦     303,767  ₦     299,674  ₦     344,053  ₦     355,083
2026-04-16 19:25:17.720 | INFO     | forecast:run_forecasting:714 -   Beans (white)        ₦     528,446  ₦     528,446  ₦     495,927  ₦     469,819  ₦     431,908
2026-04-16 19:25:17.723 | INFO     | forecast:run_forecasting:714 -   Beans (red)          ₦     792,345  ₦     792,345  ₦     774,653  ₦     692,168  ₦     637,150
2026-04-16 19:25:17.723 | INFO     | forecast:run_forecasting:714 -   Maize (white)        ₦     148,197  ₦     148,197  ₦     148,624  ₦     150,500  ₦     146,762
2026-04-16 19:25:17.723 | INFO     | forecast:run_forecasting:714 -   Maize (yellow)       ₦     169,430  ₦     169,430  ₦     169,106  ₦     169,548  ₦     168,402
2026-04-16 19:25:17.723 | INFO     | forecast:run_forecasting:723 - ======================================================================
2026-04-16 19:25:17.726 | SUCCESS  | forecast:run_forecasting:724 - FORECASTING COMPLETE — 11/12 commodities
2026-04-16 19:25:17.726 | INFO     | forecast:run_forecasting:728 - ======================================================================
2026-04-16 19:25:17.726 | SUCCESS  | __main__:run_step:36 -   ✅ Step 5 — Forecasting completed in 49.3s
2026-04-16 19:34:44.871 | INFO     | __main__:run_forecasting:637 - ============================================================
2026-04-16 19:34:44.878 | INFO     | __main__:run_forecasting:638 - STEP 5 — FORECASTING ENGINE
2026-04-16 19:34:44.879 | INFO     | __main__:run_forecasting:639 -   Run date  : Thursday, 16 April 2026
2026-04-16 19:34:44.880 | INFO     | __main__:run_forecasting:640 -   Commodities: 12
2026-04-16 19:34:44.880 | INFO     | __main__:run_forecasting:641 -   Horizons  : ['daily', 'weekly', '2_weeks', 'monthly', '3_months', '6_months']
2026-04-16 19:34:44.880 | INFO     | __main__:run_forecasting:642 - ============================================================
2026-04-16 19:34:44.880 | INFO     | __main__:run_forecasting:645 - 
[1/12] Forecasting Hibiscus...
2026-04-16 19:34:51.075 | DEBUG    | __main__:forecast_commodity:554 -   [Hibiscus] 3/3 models generated forecasts
2026-04-16 19:34:51.079 | INFO     | __main__:run_forecasting:655 -   daily        → ₦    1,661,015/MT  ↓ -22.4%  (2026-04-20)
2026-04-16 19:34:51.081 | INFO     | __main__:run_forecasting:655 -   weekly       → ₦    1,661,015/MT  ↓ -22.4%  (2026-04-20)
2026-04-16 19:34:51.081 | INFO     | __main__:run_forecasting:655 -   2_weeks      → ₦    1,567,966/MT  ↓ -26.7%  (2026-04-27)
2026-04-16 19:34:51.081 | INFO     | __main__:run_forecasting:655 -   monthly      → ₦    1,428,909/MT  ↓ -33.2%  (2026-05-11)
2026-04-16 19:34:51.081 | INFO     | __main__:run_forecasting:655 -   3_months     → ₦    1,441,686/MT  ↓ -32.6%  (2026-07-13)
2026-04-16 19:34:51.081 | INFO     | __main__:run_forecasting:655 -   6_months     → ₦    1,425,860/MT  ↓ -33.4%  (2026-10-12)
2026-04-16 19:34:51.081 | INFO     | __main__:run_forecasting:661 -   ✅ Hibiscus
2026-04-16 19:34:51.083 | INFO     | __main__:run_forecasting:645 - 
[2/12] Forecasting Sesame...
2026-04-16 19:34:51.967 | DEBUG    | __main__:forecast_commodity:554 -   [Sesame] 3/3 models generated forecasts
2026-04-16 19:34:51.971 | INFO     | __main__:run_forecasting:655 -   daily        → ₦    1,334,546/MT  ↑ +3.3%  (2026-04-20)
2026-04-16 19:34:51.973 | INFO     | __main__:run_forecasting:655 -   weekly       → ₦    1,334,546/MT  ↑ +3.3%  (2026-04-20)
2026-04-16 19:34:51.973 | INFO     | __main__:run_forecasting:655 -   2_weeks      → ₦    1,283,995/MT  ↓ -0.6%  (2026-04-27)
2026-04-16 19:34:51.973 | INFO     | __main__:run_forecasting:655 -   monthly      → ₦    1,271,693/MT  ↓ -1.6%  (2026-05-11)
2026-04-16 19:34:51.973 | INFO     | __main__:run_forecasting:655 -   3_months     → ₦    1,311,840/MT  ↑ +1.5%  (2026-07-13)
2026-04-16 19:34:51.973 | INFO     | __main__:run_forecasting:655 -   6_months     → ₦    1,304,821/MT  ↑ +1.0%  (2026-10-12)
2026-04-16 19:34:51.975 | INFO     | __main__:run_forecasting:661 -   ✅ Sesame
2026-04-16 19:34:51.975 | INFO     | __main__:run_forecasting:645 - 
[3/12] Forecasting Ginger...
2026-04-16 19:34:52.793 | DEBUG    | __main__:forecast_commodity:554 -   [Ginger] 3/3 models generated forecasts
2026-04-16 19:34:52.797 | INFO     | __main__:run_forecasting:655 -   daily        → ₦   11,859,142/MT  ↑ +15.8%  (2026-04-20)
2026-04-16 19:34:52.799 | INFO     | __main__:run_forecasting:655 -   weekly       → ₦   11,859,142/MT  ↑ +15.8%  (2026-04-20)
2026-04-16 19:34:52.799 | INFO     | __main__:run_forecasting:655 -   2_weeks      → ₦   11,403,046/MT  ↑ +11.4%  (2026-04-27)
2026-04-16 19:34:52.799 | INFO     | __main__:run_forecasting:655 -   monthly      → ₦   10,724,231/MT  ↑ +4.7%  (2026-05-11)
2026-04-16 19:34:52.799 | INFO     | __main__:run_forecasting:655 -   3_months     → ₦   10,148,081/MT  ↓ -0.9%  (2026-07-13)
2026-04-16 19:34:52.799 | INFO     | __main__:run_forecasting:655 -   6_months     → ₦   10,190,002/MT  ↓ -0.5%  (2026-10-12)
2026-04-16 19:34:52.799 | INFO     | __main__:run_forecasting:661 -   ✅ Ginger
2026-04-16 19:34:52.801 | INFO     | __main__:run_forecasting:645 - 
[4/12] Forecasting Cocoa...
2026-04-16 19:34:53.630 | DEBUG    | __main__:forecast_commodity:554 -   [Cocoa] 3/3 models generated forecasts
2026-04-16 19:34:53.634 | INFO     | __main__:run_forecasting:655 -   daily        → ₦    8,580,971/MT  ↑ +44.7%  (2026-04-20)
2026-04-16 19:34:53.634 | INFO     | __main__:run_forecasting:655 -   weekly       → ₦    8,580,971/MT  ↑ +44.7%  (2026-04-20)
2026-04-16 19:34:53.636 | INFO     | __main__:run_forecasting:655 -   2_weeks      → ₦    8,242,242/MT  ↑ +39.0%  (2026-04-27)
2026-04-16 19:34:53.636 | INFO     | __main__:run_forecasting:655 -   monthly      → ₦    7,778,555/MT  ↑ +31.2%  (2026-05-11)
2026-04-16 19:34:53.636 | INFO     | __main__:run_forecasting:655 -   3_months     → ₦    7,875,315/MT  ↑ +32.8%  (2026-07-13)
2026-04-16 19:34:53.636 | INFO     | __main__:run_forecasting:655 -   6_months     → ₦    8,045,718/MT  ↑ +35.7%  (2026-10-12)
2026-04-16 19:34:53.636 | INFO     | __main__:run_forecasting:661 -   ✅ Cocoa
2026-04-16 19:34:53.636 | INFO     | __main__:run_forecasting:645 - 
[5/12] Forecasting Soybeans...
2026-04-16 19:34:54.550 | DEBUG    | __main__:forecast_commodity:554 -   [Soybeans] 3/3 models generated forecasts
2026-04-16 19:34:54.556 | INFO     | __main__:run_forecasting:655 -   daily        → ₦      862,713/MT  ↑ +10.9%  (2026-04-20)
2026-04-16 19:34:54.556 | INFO     | __main__:run_forecasting:655 -   weekly       → ₦      862,713/MT  ↑ +10.9%  (2026-04-20)
2026-04-16 19:34:54.556 | INFO     | __main__:run_forecasting:655 -   2_weeks      → ₦      836,245/MT  ↑ +7.5%  (2026-04-27)
2026-04-16 19:34:54.558 | INFO     | __main__:run_forecasting:655 -   monthly      → ₦      784,969/MT  ↑ +0.9%  (2026-05-11)
2026-04-16 19:34:54.558 | INFO     | __main__:run_forecasting:655 -   3_months     → ₦      757,944/MT  ↓ -2.6%  (2026-07-13)
2026-04-16 19:34:54.558 | INFO     | __main__:run_forecasting:655 -   6_months     → ₦      852,613/MT  ↑ +9.6%  (2026-10-12)
2026-04-16 19:34:54.558 | INFO     | __main__:run_forecasting:661 -   ✅ Soybeans
2026-04-16 19:34:54.558 | INFO     | __main__:run_forecasting:645 - 
[6/12] Forecasting Cashew Nuts...
2026-04-16 19:34:55.400 | DEBUG    | __main__:forecast_commodity:554 -   [Cashew Nuts] 3/3 models generated forecasts
2026-04-16 19:34:55.409 | INFO     | __main__:run_forecasting:655 -   daily        → ₦    2,238,877/MT  ↑ +6.9%  (2026-04-20)
2026-04-16 19:34:55.409 | INFO     | __main__:run_forecasting:655 -   weekly       → ₦    2,238,877/MT  ↑ +6.9%  (2026-04-20)
2026-04-16 19:34:55.409 | INFO     | __main__:run_forecasting:655 -   2_weeks      → ₦    2,103,938/MT  ↑ +0.5%  (2026-04-27)
2026-04-16 19:34:55.409 | INFO     | __main__:run_forecasting:655 -   monthly      → ₦    1,988,769/MT  ↓ -5.0%  (2026-05-11)
2026-04-16 19:34:55.409 | INFO     | __main__:run_forecasting:655 -   3_months     → ₦    2,007,851/MT  ↓ -4.1%  (2026-07-13)
2026-04-16 19:34:55.411 | INFO     | __main__:run_forecasting:655 -   6_months     → ₦    2,015,586/MT  ↓ -3.8%  (2026-10-12)
2026-04-16 19:34:55.411 | INFO     | __main__:run_forecasting:661 -   ✅ Cashew Nuts
2026-04-16 19:34:55.411 | INFO     | __main__:run_forecasting:645 - 
[7/12] Forecasting Sorghum...
2026-04-16 19:34:56.342 | DEBUG    | __main__:forecast_commodity:554 -   [Sorghum] 3/3 models generated forecasts
2026-04-16 19:34:56.348 | INFO     | __main__:run_forecasting:655 -   daily        → ₦      303,767/MT  ↓ -5.6%  (2026-04-20)
2026-04-16 19:34:56.348 | INFO     | __main__:run_forecasting:655 -   weekly       → ₦      303,767/MT  ↓ -5.6%  (2026-04-20)
2026-04-16 19:34:56.348 | INFO     | __main__:run_forecasting:655 -   2_weeks      → ₦      292,907/MT  ↓ -9.0%  (2026-04-27)
2026-04-16 19:34:56.350 | INFO     | __main__:run_forecasting:655 -   monthly      → ₦      299,674/MT  ↓ -6.9%  (2026-05-11)
2026-04-16 19:34:56.350 | INFO     | __main__:run_forecasting:655 -   3_months     → ₦      344,053/MT  ↑ +6.9%  (2026-07-13)
2026-04-16 19:34:56.350 | INFO     | __main__:run_forecasting:655 -   6_months     → ₦      355,083/MT  ↑ +10.3%  (2026-10-12)
2026-04-16 19:34:56.350 | INFO     | __main__:run_forecasting:661 -   ✅ Sorghum
2026-04-16 19:34:56.350 | INFO     | __main__:run_forecasting:645 - 
[8/12] Forecasting Beans (white)...
2026-04-16 19:34:57.204 | DEBUG    | __main__:forecast_commodity:554 -   [Beans (white)] 3/3 models generated forecasts
2026-04-16 19:34:57.208 | INFO     | __main__:run_forecasting:655 -   daily        → ₦      528,446/MT  ↓ -31.3%  (2026-04-20)
2026-04-16 19:34:57.208 | INFO     | __main__:run_forecasting:655 -   weekly       → ₦      528,446/MT  ↓ -31.3%  (2026-04-20)
2026-04-16 19:34:57.210 | INFO     | __main__:run_forecasting:655 -   2_weeks      → ₦      512,541/MT  ↓ -33.4%  (2026-04-27)
2026-04-16 19:34:57.210 | INFO     | __main__:run_forecasting:655 -   monthly      → ₦      495,927/MT  ↓ -35.6%  (2026-05-11)
2026-04-16 19:34:57.210 | INFO     | __main__:run_forecasting:655 -   3_months     → ₦      469,819/MT  ↓ -39.0%  (2026-07-13)
2026-04-16 19:34:57.210 | INFO     | __main__:run_forecasting:655 -   6_months     → ₦      431,908/MT  ↓ -43.9%  (2026-10-12)
2026-04-16 19:34:57.210 | INFO     | __main__:run_forecasting:661 -   ✅ Beans (white)
2026-04-16 19:34:57.210 | INFO     | __main__:run_forecasting:645 - 
[9/12] Forecasting Beans (red)...
2026-04-16 19:34:58.067 | DEBUG    | __main__:forecast_commodity:554 -   [Beans (red)] 3/3 models generated forecasts
2026-04-16 19:34:58.071 | INFO     | __main__:run_forecasting:655 -   daily        → ₦      792,345/MT  ↓ -13.0%  (2026-04-20)
2026-04-16 19:34:58.071 | INFO     | __main__:run_forecasting:655 -   weekly       → ₦      792,345/MT  ↓ -13.0%  (2026-04-20)
2026-04-16 19:34:58.073 | INFO     | __main__:run_forecasting:655 -   2_weeks      → ₦      782,812/MT  ↓ -14.0%  (2026-04-27)
2026-04-16 19:34:58.073 | INFO     | __main__:run_forecasting:655 -   monthly      → ₦      774,653/MT  ↓ -14.9%  (2026-05-11)
2026-04-16 19:34:58.073 | INFO     | __main__:run_forecasting:655 -   3_months     → ₦      692,168/MT  ↓ -24.0%  (2026-07-13)
2026-04-16 19:34:58.073 | INFO     | __main__:run_forecasting:655 -   6_months     → ₦      637,150/MT  ↓ -30.0%  (2026-10-12)
2026-04-16 19:34:58.073 | INFO     | __main__:run_forecasting:661 -   ✅ Beans (red)
2026-04-16 19:34:58.073 | INFO     | __main__:run_forecasting:645 - 
[10/12] Forecasting Maize (white)...
2026-04-16 19:34:59.070 | DEBUG    | __main__:forecast_commodity:554 -   [Maize (white)] 3/3 models generated forecasts
2026-04-16 19:34:59.076 | INFO     | __main__:run_forecasting:655 -   daily        → ₦      148,197/MT  ↓ -55.6%  (2026-04-20)
2026-04-16 19:34:59.076 | INFO     | __main__:run_forecasting:655 -   weekly       → ₦      148,197/MT  ↓ -55.6%  (2026-04-20)
2026-04-16 19:34:59.076 | INFO     | __main__:run_forecasting:655 -   2_weeks      → ₦      148,376/MT  ↓ -55.6%  (2026-04-27)
2026-04-16 19:34:59.076 | INFO     | __main__:run_forecasting:655 -   monthly      → ₦      148,624/MT  ↓ -55.5%  (2026-05-11)
2026-04-16 19:34:59.076 | INFO     | __main__:run_forecasting:655 -   3_months     → ₦      150,500/MT  ↓ -54.9%  (2026-07-13)
2026-04-16 19:34:59.078 | INFO     | __main__:run_forecasting:655 -   6_months     → ₦      146,762/MT  ↓ -56.0%  (2026-10-12)
2026-04-16 19:34:59.078 | INFO     | __main__:run_forecasting:661 -   ✅ Maize (white)
2026-04-16 19:34:59.078 | INFO     | __main__:run_forecasting:645 - 
[11/12] Forecasting Maize (yellow)...
2026-04-16 19:35:00.024 | DEBUG    | __main__:forecast_commodity:554 -   [Maize (yellow)] 3/3 models generated forecasts
2026-04-16 19:35:00.030 | INFO     | __main__:run_forecasting:655 -   daily        → ₦      169,430/MT  ↓ -53.3%  (2026-04-20)
2026-04-16 19:35:00.030 | INFO     | __main__:run_forecasting:655 -   weekly       → ₦      169,430/MT  ↓ -53.3%  (2026-04-20)
2026-04-16 19:35:00.030 | INFO     | __main__:run_forecasting:655 -   2_weeks      → ₦      169,201/MT  ↓ -53.4%  (2026-04-27)
2026-04-16 19:35:00.030 | INFO     | __main__:run_forecasting:655 -   monthly      → ₦      169,106/MT  ↓ -53.4%  (2026-05-11)
2026-04-16 19:35:00.030 | INFO     | __main__:run_forecasting:655 -   3_months     → ₦      169,548/MT  ↓ -53.3%  (2026-07-13)
2026-04-16 19:35:00.032 | INFO     | __main__:run_forecasting:655 -   6_months     → ₦      168,402/MT  ↓ -53.6%  (2026-10-12)
2026-04-16 19:35:00.032 | INFO     | __main__:run_forecasting:661 -   ✅ Maize (yellow)
2026-04-16 19:35:00.032 | INFO     | __main__:run_forecasting:645 - 
[12/12] Forecasting Wheat...
2026-04-16 19:35:00.032 | ERROR    | __main__:run_forecasting:663 -   ❌ Wheat: [Errno 2] No such file or directory: 'c:\\Users\\USER\\Downloads\\agrolinking-intel-structure\\agrolinking-intel\\data\\processed\\features\\features_wheat.csv'
2026-04-16 19:35:00.189 | INFO     | __main__:run_forecasting:670 - 
  Forecast JSON saved → c:\Users\USER\Downloads\agrolinking-intel-structure\agrolinking-intel\outputs\forecasts\forecast_2026-04-16.json
2026-04-16 19:35:00.191 | INFO     | __main__:run_forecasting:678 -   Daily alert saved → c:\Users\USER\Downloads\agrolinking-intel-structure\agrolinking-intel\outputs\daily_alerts\alert_2026-04-16.txt
2026-04-16 19:35:00.192 | INFO     | __main__:run_forecasting:681 - 
============================================================
2026-04-16 19:35:00.192 | INFO     | __main__:run_forecasting:682 -   DAILY PRICE ALERT
2026-04-16 19:35:00.193 | INFO     | __main__:run_forecasting:683 - ============================================================
2026-04-16 19:35:00.194 | INFO     | __main__:run_forecasting:685 -   📊 AGROLINKING COMMODITY INTELLIGENCE ALERT
2026-04-16 19:35:00.194 | INFO     | __main__:run_forecasting:685 -   📅 Thursday, 16 April 2026
2026-04-16 19:35:00.196 | INFO     | __main__:run_forecasting:685 -   ─────────────────────────────────────────────
2026-04-16 19:35:00.198 | INFO     | __main__:run_forecasting:685 -   ▼ Hibiscus           ₦    1,661,015/MT  -22.4%
2026-04-16 19:35:00.198 | INFO     | __main__:run_forecasting:685 -   ▲ Sesame             ₦    1,334,546/MT  ++3.3%
2026-04-16 19:35:00.199 | INFO     | __main__:run_forecasting:685 -   ▲ Ginger             ₦   11,859,142/MT  ++15.8%
2026-04-16 19:35:00.199 | INFO     | __main__:run_forecasting:685 -   ▲ Cocoa              ₦    8,580,971/MT  ++44.7%
2026-04-16 19:35:00.200 | INFO     | __main__:run_forecasting:685 -   ▲ Soybeans           ₦      862,713/MT  ++10.9%
2026-04-16 19:35:00.200 | INFO     | __main__:run_forecasting:685 -   ▲ Cashew Nuts        ₦    2,238,877/MT  ++6.9%
2026-04-16 19:35:00.201 | INFO     | __main__:run_forecasting:685 -   ▼ Sorghum            ₦      303,767/MT  -5.6%
2026-04-16 19:35:00.203 | INFO     | __main__:run_forecasting:685 -   ▼ Beans (white)      ₦      528,446/MT  -31.3%
2026-04-16 19:35:00.203 | INFO     | __main__:run_forecasting:685 -   ▼ Beans (red)        ₦      792,345/MT  -13.0%
2026-04-16 19:35:00.205 | INFO     | __main__:run_forecasting:685 -   ▼ Maize (white)      ₦      148,197/MT  -55.6%
2026-04-16 19:35:00.205 | INFO     | __main__:run_forecasting:685 -   ▼ Maize (yellow)     ₦      169,430/MT  -53.3%
2026-04-16 19:35:00.205 | INFO     | __main__:run_forecasting:685 -   ─────────────────────────────────────────────
2026-04-16 19:35:00.253 | INFO     | __main__:run_forecasting:685 -   Source: Agrolinking Intelligence Platform
2026-04-16 19:35:00.290 | INFO     | __main__:run_forecasting:685 -   Next update: 17 Apr 2026
2026-04-16 19:35:00.301 | INFO     | __main__:run_forecasting:689 - 
  Note: master append handled by 06_validate.py (corrected prices).
2026-04-16 19:35:00.301 | INFO     | __main__:run_forecasting:693 - 
======================================================================
2026-04-16 19:35:00.301 | INFO     | __main__:run_forecasting:694 -   FORECAST SUMMARY — ALL COMMODITIES
2026-04-16 19:35:00.303 | INFO     | __main__:run_forecasting:695 - ======================================================================
2026-04-16 19:35:00.303 | INFO     | __main__:run_forecasting:696 -   Commodity                     Today         1 Week        1 Month       3 Months       6 Months
2026-04-16 19:35:00.305 | INFO     | __main__:run_forecasting:701 -   ----------------------------------------------------------------------------------
2026-04-16 19:35:00.305 | INFO     | __main__:run_forecasting:714 -   Hibiscus             ₦   1,661,015  ₦   1,661,015  ₦   1,428,909  ₦   1,441,686  ₦   1,425,860
2026-04-16 19:35:00.307 | INFO     | __main__:run_forecasting:714 -   Sesame               ₦   1,334,546  ₦   1,334,546  ₦   1,271,693  ₦   1,311,840  ₦   1,304,821
2026-04-16 19:35:00.307 | INFO     | __main__:run_forecasting:714 -   Ginger               ₦  11,859,142  ₦  11,859,142  ₦  10,724,231  ₦  10,148,081  ₦  10,190,002
2026-04-16 19:35:00.308 | INFO     | __main__:run_forecasting:714 -   Cocoa                ₦   8,580,971  ₦   8,580,971  ₦   7,778,555  ₦   7,875,315  ₦   8,045,718
2026-04-16 19:35:00.309 | INFO     | __main__:run_forecasting:714 -   Soybeans             ₦     862,713  ₦     862,713  ₦     784,969  ₦     757,944  ₦     852,613
2026-04-16 19:35:00.309 | INFO     | __main__:run_forecasting:714 -   Cashew Nuts          ₦   2,238,877  ₦   2,238,877  ₦   1,988,769  ₦   2,007,851  ₦   2,015,586
2026-04-16 19:35:00.311 | INFO     | __main__:run_forecasting:714 -   Sorghum              ₦     303,767  ₦     303,767  ₦     299,674  ₦     344,053  ₦     355,083
2026-04-16 19:35:00.311 | INFO     | __main__:run_forecasting:714 -   Beans (white)        ₦     528,446  ₦     528,446  ₦     495,927  ₦     469,819  ₦     431,908
2026-04-16 19:35:00.311 | INFO     | __main__:run_forecasting:714 -   Beans (red)          ₦     792,345  ₦     792,345  ₦     774,653  ₦     692,168  ₦     637,150
2026-04-16 19:35:00.312 | INFO     | __main__:run_forecasting:714 -   Maize (white)        ₦     148,197  ₦     148,197  ₦     148,624  ₦     150,500  ₦     146,762
2026-04-16 19:35:00.312 | INFO     | __main__:run_forecasting:714 -   Maize (yellow)       ₦     169,430  ₦     169,430  ₦     169,106  ₦     169,548  ₦     168,402
2026-04-16 19:35:00.313 | INFO     | __main__:run_forecasting:723 - ======================================================================
2026-04-16 19:35:00.313 | SUCCESS  | __main__:run_forecasting:724 - FORECASTING COMPLETE — 11/12 commodities
2026-04-16 19:35:00.315 | INFO     | __main__:run_forecasting:728 - ======================================================================
