2026-09-18 06:19:24.532 | INFO     | __main__:run_training:305 - ============================================================
2026-09-18 06:19:24.538 | INFO     | __main__:run_training:306 - STEP 4 — MODEL TRAINING
2026-09-18 06:19:24.538 | INFO     | __main__:run_training:307 -   Commodities : 17
2026-09-18 06:19:24.538 | INFO     | __main__:run_training:308 -   Models      : ARIMA + Prophet + XGBoost
2026-09-18 06:19:24.538 | INFO     | __main__:run_training:309 - ============================================================
2026-09-18 06:19:24.543 | INFO     | __main__:run_training:313 - 
[1/17] Starting Hibiscus...
2026-09-18 06:19:24.718 | DEBUG    | __main__:train_commodity:260 -   [Hibiscus] Real-data-only mode: 45 rows
2026-09-18 06:19:24.718 | INFO     | __main__:train_commodity:263 - 
───────────────────────────────────────────────────────
2026-09-18 06:19:24.723 | INFO     | __main__:train_commodity:264 -   Hibiscus  (45 rows | last: 2026-04-13)
2026-09-18 06:19:24.723 | INFO     | __main__:train_commodity:265 - ───────────────────────────────────────────────────────
2026-09-18 06:19:24.723 | INFO     | __main__:train_commodity:269 -   [1/3] ARIMA...
2026-09-18 06:19:59.972 | DEBUG    | __main__:train_arima:109 -   [Hibiscus] ARIMA order=(0, 1, 0) MAPE=21.0%
2026-09-18 06:19:59.972 | INFO     | __main__:train_commodity:272 -   [2/3] Prophet...
2026-09-18 06:20:14.405 | DEBUG    | __main__:train_prophet:159 -   [Hibiscus] Prophet MAPE=36.7%
2026-09-18 06:20:14.407 | INFO     | __main__:train_commodity:275 -   [3/3] XGBoost...
2026-09-18 06:20:24.553 | DEBUG    | __main__:train_xgboost:215 -   [Hibiscus] XGBoost MAPE=23.8% | top: pct_change_52w
2026-09-18 06:20:24.563 | INFO     | __main__:train_commodity:281 -   Ensemble weights: arima: 0.408 | prophet: 0.233 | xgboost: 0.359
2026-09-18 06:20:24.563 | INFO     | __main__:train_commodity:283 -   Model          MAPE               MAE    Weight
2026-09-18 06:20:24.565 | INFO     | __main__:train_commodity:284 -   --------------------------------------------------
2026-09-18 06:20:24.569 | INFO     | __main__:train_commodity:291 -   arima         21.0%  ₦     525,000     0.408
2026-09-18 06:20:24.571 | INFO     | __main__:train_commodity:291 -   prophet       36.7%  ₦     908,482     0.233
2026-09-18 06:20:24.579 | INFO     | __main__:train_commodity:291 -   xgboost       23.8%  ₦     595,832     0.359
2026-09-18 06:20:24.599 | INFO     | __main__:run_training:313 - 
[2/17] Starting Sesame...
2026-09-18 06:20:24.757 | INFO     | __main__:train_commodity:263 - 
───────────────────────────────────────────────────────
2026-09-18 06:20:24.759 | INFO     | __main__:train_commodity:264 -   Sesame  (828 rows | last: 2026-04-13)
2026-09-18 06:20:24.760 | INFO     | __main__:train_commodity:265 - ───────────────────────────────────────────────────────
2026-09-18 06:20:24.760 | INFO     | __main__:train_commodity:269 -   [1/3] ARIMA...
2026-09-18 06:22:45.180 | DEBUG    | __main__:train_arima:109 -   [Sesame] ARIMA order=(1, 1, 0) MAPE=13.0%
2026-09-18 06:22:45.180 | INFO     | __main__:train_commodity:272 -   [2/3] Prophet...
2026-09-18 06:22:46.750 | DEBUG    | __main__:train_prophet:159 -   [Sesame] Prophet MAPE=37.2%
2026-09-18 06:22:46.750 | INFO     | __main__:train_commodity:275 -   [3/3] XGBoost...
2026-09-18 06:22:48.452 | DEBUG    | __main__:train_xgboost:215 -   [Sesame] XGBoost MAPE=17.1% | top: weeks_since_start
2026-09-18 06:22:48.456 | INFO     | __main__:train_commodity:281 -   Ensemble weights: arima: 0.473 | prophet: 0.166 | xgboost: 0.361
2026-09-18 06:22:48.456 | INFO     | __main__:train_commodity:283 -   Model          MAPE               MAE    Weight
2026-09-18 06:22:48.460 | INFO     | __main__:train_commodity:284 -   --------------------------------------------------
2026-09-18 06:22:48.461 | INFO     | __main__:train_commodity:291 -   arima         13.0%  ₦     158,499     0.473
2026-09-18 06:22:48.461 | INFO     | __main__:train_commodity:291 -   prophet       37.2%  ₦     457,208     0.166
2026-09-18 06:22:48.463 | INFO     | __main__:train_commodity:291 -   xgboost       17.1%  ₦     219,236     0.361
2026-09-18 06:22:48.489 | INFO     | __main__:run_training:313 - 
[3/17] Starting Ginger...
2026-09-18 06:22:48.621 | DEBUG    | __main__:train_commodity:260 -   [Ginger] Real-data-only mode: 44 rows
2026-09-18 06:22:48.621 | INFO     | __main__:train_commodity:263 - 
───────────────────────────────────────────────────────
2026-09-18 06:22:48.621 | INFO     | __main__:train_commodity:264 -   Ginger  (44 rows | last: 2026-04-13)
2026-09-18 06:22:48.624 | INFO     | __main__:train_commodity:265 - ───────────────────────────────────────────────────────
2026-09-18 06:22:48.624 | INFO     | __main__:train_commodity:269 -   [1/3] ARIMA...
2026-09-18 06:22:49.586 | DEBUG    | __main__:train_arima:109 -   [Ginger] ARIMA order=(1, 1, 0) MAPE=22.6%
2026-09-18 06:22:49.586 | INFO     | __main__:train_commodity:272 -   [2/3] Prophet...
2026-09-18 06:22:50.434 | DEBUG    | __main__:train_prophet:159 -   [Ginger] Prophet MAPE=33.4%
2026-09-18 06:22:50.435 | INFO     | __main__:train_commodity:275 -   [3/3] XGBoost...
2026-09-18 06:22:51.216 | DEBUG    | __main__:train_xgboost:215 -   [Ginger] XGBoost MAPE=2.3% | top: rolling_max_12w
2026-09-18 06:22:51.218 | INFO     | __main__:train_commodity:281 -   Ensemble weights: arima: 0.087 | prophet: 0.059 | xgboost: 0.854
2026-09-18 06:22:51.220 | INFO     | __main__:train_commodity:283 -   Model          MAPE               MAE    Weight
2026-09-18 06:22:51.220 | INFO     | __main__:train_commodity:284 -   --------------------------------------------------
2026-09-18 06:22:51.220 | INFO     | __main__:train_commodity:291 -   arima         22.6%  ₦   2,279,849     0.087
2026-09-18 06:22:51.220 | INFO     | __main__:train_commodity:291 -   prophet       33.4%  ₦   3,360,407     0.059
2026-09-18 06:22:51.222 | INFO     | __main__:train_commodity:291 -   xgboost        2.3%  ₦     237,743     0.854
2026-09-18 06:22:51.224 | INFO     | __main__:run_training:313 - 
[4/17] Starting Cocoa...
2026-09-18 06:22:51.361 | DEBUG    | __main__:train_commodity:260 -   [Cocoa] Real-data-only mode: 48 rows
2026-09-18 06:22:51.361 | INFO     | __main__:train_commodity:263 - 
───────────────────────────────────────────────────────
2026-09-18 06:22:51.363 | INFO     | __main__:train_commodity:264 -   Cocoa  (48 rows | last: 2026-04-13)
2026-09-18 06:22:51.363 | INFO     | __main__:train_commodity:265 - ───────────────────────────────────────────────────────
2026-09-18 06:22:51.364 | INFO     | __main__:train_commodity:269 -   [1/3] ARIMA...
2026-09-18 06:22:52.562 | DEBUG    | __main__:train_arima:109 -   [Cocoa] ARIMA order=(0, 1, 0) MAPE=36.3%
2026-09-18 06:22:52.562 | INFO     | __main__:train_commodity:272 -   [2/3] Prophet...
2026-09-18 06:22:53.774 | DEBUG    | __main__:train_prophet:159 -   [Cocoa] Prophet MAPE=30.8%
2026-09-18 06:22:53.776 | INFO     | __main__:train_commodity:275 -   [3/3] XGBoost...
2026-09-18 06:22:54.896 | DEBUG    | __main__:train_xgboost:215 -   [Cocoa] XGBoost MAPE=41.6% | top: pct_change_52w
2026-09-18 06:22:54.899 | INFO     | __main__:train_commodity:281 -   Ensemble weights: arima: 0.328 | prophet: 0.386 | xgboost: 0.286
2026-09-18 06:22:54.900 | INFO     | __main__:train_commodity:283 -   Model          MAPE               MAE    Weight
2026-09-18 06:22:54.901 | INFO     | __main__:train_commodity:284 -   --------------------------------------------------
2026-09-18 06:22:54.901 | INFO     | __main__:train_commodity:291 -   arima         36.3%  ₦   2,165,000     0.328
2026-09-18 06:22:54.901 | INFO     | __main__:train_commodity:291 -   prophet       30.8%  ₦   1,868,354     0.386
2026-09-18 06:22:54.902 | INFO     | __main__:train_commodity:291 -   xgboost       41.6%  ₦   2,491,368     0.286
2026-09-18 06:22:54.905 | INFO     | __main__:run_training:313 - 
[5/17] Starting Soybeans...
2026-09-18 06:22:55.032 | INFO     | __main__:train_commodity:263 - 
───────────────────────────────────────────────────────
2026-09-18 06:22:55.032 | INFO     | __main__:train_commodity:264 -   Soybeans  (1372 rows | last: 2026-04-13)
2026-09-18 06:22:55.032 | INFO     | __main__:train_commodity:265 - ───────────────────────────────────────────────────────
2026-09-18 06:22:55.032 | INFO     | __main__:train_commodity:269 -   [1/3] ARIMA...
2026-09-18 06:23:46.826 | DEBUG    | __main__:train_arima:109 -   [Soybeans] ARIMA order=(1, 2, 1) MAPE=18.5%
2026-09-18 06:23:46.826 | INFO     | __main__:train_commodity:272 -   [2/3] Prophet...
2026-09-18 06:23:49.332 | DEBUG    | __main__:train_prophet:159 -   [Soybeans] Prophet MAPE=44.5%
2026-09-18 06:23:49.341 | INFO     | __main__:train_commodity:275 -   [3/3] XGBoost...
2026-09-18 06:23:51.663 | DEBUG    | __main__:train_xgboost:215 -   [Soybeans] XGBoost MAPE=53.0% | top: rolling_max_4w
2026-09-18 06:23:51.665 | INFO     | __main__:train_commodity:281 -   Ensemble weights: arima: 0.567 | prophet: 0.235 | xgboost: 0.198
2026-09-18 06:23:51.667 | INFO     | __main__:train_commodity:283 -   Model          MAPE               MAE    Weight
2026-09-18 06:23:51.667 | INFO     | __main__:train_commodity:284 -   --------------------------------------------------
2026-09-18 06:23:51.667 | INFO     | __main__:train_commodity:291 -   arima         18.5%  ₦     108,015     0.567
2026-09-18 06:23:51.667 | INFO     | __main__:train_commodity:291 -   prophet       44.5%  ₦     266,688     0.235
2026-09-18 06:23:51.669 | INFO     | __main__:train_commodity:291 -   xgboost       53.0%  ₦     323,800     0.198
2026-09-18 06:23:51.677 | INFO     | __main__:run_training:313 - 
[6/17] Starting Cashew Nuts...
2026-09-18 06:23:51.801 | DEBUG    | __main__:train_commodity:260 -   [Cashew Nuts] Real-data-only mode: 48 rows
2026-09-18 06:23:51.801 | INFO     | __main__:train_commodity:263 - 
───────────────────────────────────────────────────────
2026-09-18 06:23:51.801 | INFO     | __main__:train_commodity:264 -   Cashew Nuts  (48 rows | last: 2026-04-13)
2026-09-18 06:23:51.801 | INFO     | __main__:train_commodity:265 - ───────────────────────────────────────────────────────
2026-09-18 06:23:51.801 | INFO     | __main__:train_commodity:269 -   [1/3] ARIMA...
2026-09-18 06:23:53.021 | DEBUG    | __main__:train_arima:109 -   [Cashew Nuts] ARIMA order=(2, 0, 0) MAPE=16.3%
2026-09-18 06:23:53.021 | INFO     | __main__:train_commodity:272 -   [2/3] Prophet...
2026-09-18 06:23:54.182 | DEBUG    | __main__:train_prophet:159 -   [Cashew Nuts] Prophet MAPE=68.7%
2026-09-18 06:23:54.182 | INFO     | __main__:train_commodity:275 -   [3/3] XGBoost...
2026-09-18 06:23:54.447 | DEBUG    | __main__:train_xgboost:215 -   [Cashew Nuts] XGBoost MAPE=3.6% | top: pct_change_52w
2026-09-18 06:23:54.451 | INFO     | __main__:train_commodity:281 -   Ensemble weights: arima: 0.180 | xgboost: 0.820
2026-09-18 06:23:54.451 | INFO     | __main__:train_commodity:283 -   Model          MAPE               MAE    Weight
2026-09-18 06:23:54.451 | INFO     | __main__:train_commodity:284 -   --------------------------------------------------
2026-09-18 06:23:54.453 | INFO     | __main__:train_commodity:291 -   arima         16.3%  ₦     301,076     0.180
2026-09-18 06:23:54.453 | INFO     | __main__:train_commodity:291 -   prophet       68.7%  ₦   1,293,976     0.000
2026-09-18 06:23:54.453 | INFO     | __main__:train_commodity:291 -   xgboost        3.6%  ₦      65,354     0.820
2026-09-18 06:23:54.456 | INFO     | __main__:run_training:313 - 
[7/17] Starting Sorghum...
2026-09-18 06:23:54.663 | INFO     | __main__:train_commodity:263 - 
───────────────────────────────────────────────────────
2026-09-18 06:23:54.667 | INFO     | __main__:train_commodity:264 -   Sorghum  (1266 rows | last: 2026-04-13)
2026-09-18 06:23:54.669 | INFO     | __main__:train_commodity:265 - ───────────────────────────────────────────────────────
2026-09-18 06:23:54.673 | INFO     | __main__:train_commodity:269 -   [1/3] ARIMA...
2026-09-18 06:24:53.343 | DEBUG    | __main__:train_arima:109 -   [Sorghum] ARIMA order=(2, 1, 2) MAPE=42.6%
2026-09-18 06:24:53.343 | INFO     | __main__:train_commodity:272 -   [2/3] Prophet...
2026-09-18 06:24:55.281 | DEBUG    | __main__:train_prophet:159 -   [Sorghum] Prophet MAPE=31.2%
2026-09-18 06:24:55.285 | INFO     | __main__:train_commodity:275 -   [3/3] XGBoost...
2026-09-18 06:24:56.845 | DEBUG    | __main__:train_xgboost:215 -   [Sorghum] XGBoost MAPE=34.9% | top: rolling_mean_4w
2026-09-18 06:24:56.847 | INFO     | __main__:train_commodity:281 -   Ensemble weights: arima: 0.279 | prophet: 0.381 | xgboost: 0.341
2026-09-18 06:24:56.847 | INFO     | __main__:train_commodity:283 -   Model          MAPE               MAE    Weight
2026-09-18 06:24:56.847 | INFO     | __main__:train_commodity:284 -   --------------------------------------------------
2026-09-18 06:24:56.849 | INFO     | __main__:train_commodity:291 -   arima         42.6%  ₦     135,520     0.279
2026-09-18 06:24:56.849 | INFO     | __main__:train_commodity:291 -   prophet       31.2%  ₦     101,165     0.381
2026-09-18 06:24:56.849 | INFO     | __main__:train_commodity:291 -   xgboost       34.9%  ₦     178,026     0.341
2026-09-18 06:24:56.854 | INFO     | __main__:run_training:313 - 
[8/17] Starting Beans (white)...
2026-09-18 06:24:56.978 | INFO     | __main__:train_commodity:263 - 
───────────────────────────────────────────────────────
2026-09-18 06:24:56.982 | INFO     | __main__:train_commodity:264 -   Beans (white)  (1262 rows | last: 2026-03-16)
2026-09-18 06:24:56.982 | INFO     | __main__:train_commodity:265 - ───────────────────────────────────────────────────────
2026-09-18 06:24:56.982 | INFO     | __main__:train_commodity:269 -   [1/3] ARIMA...
2026-09-18 06:25:45.306 | DEBUG    | __main__:train_arima:109 -   [Beans (white)] ARIMA order=(1, 2, 2) MAPE=13.2%
2026-09-18 06:25:45.306 | INFO     | __main__:train_commodity:272 -   [2/3] Prophet...
2026-09-18 06:25:48.152 | DEBUG    | __main__:train_prophet:159 -   [Beans (white)] Prophet MAPE=24.3%
2026-09-18 06:25:48.153 | INFO     | __main__:train_commodity:275 -   [3/3] XGBoost...
2026-09-18 06:25:49.328 | DEBUG    | __main__:train_xgboost:215 -   [Beans (white)] XGBoost MAPE=4.8% | top: rolling_min_4w
2026-09-18 06:25:49.335 | INFO     | __main__:train_commodity:281 -   Ensemble weights: arima: 0.231 | prophet: 0.126 | xgboost: 0.643
2026-09-18 06:25:49.335 | INFO     | __main__:train_commodity:283 -   Model          MAPE               MAE    Weight
2026-09-18 06:25:49.335 | INFO     | __main__:train_commodity:284 -   --------------------------------------------------
2026-09-18 06:25:49.337 | INFO     | __main__:train_commodity:291 -   arima         13.2%  ₦      84,774     0.231
2026-09-18 06:25:49.337 | INFO     | __main__:train_commodity:291 -   prophet       24.3%  ₦     155,030     0.126
2026-09-18 06:25:49.339 | INFO     | __main__:train_commodity:291 -   xgboost        4.8%  ₦      44,455     0.643
2026-09-18 06:25:49.351 | INFO     | __main__:run_training:313 - 
[9/17] Starting Beans (red)...
2026-09-18 06:25:49.497 | INFO     | __main__:train_commodity:263 - 
───────────────────────────────────────────────────────
2026-09-18 06:25:49.500 | INFO     | __main__:train_commodity:264 -   Beans (red)  (532 rows | last: 2026-03-16)
2026-09-18 06:25:49.503 | INFO     | __main__:train_commodity:265 - ───────────────────────────────────────────────────────
2026-09-18 06:25:49.519 | INFO     | __main__:train_commodity:269 -   [1/3] ARIMA...
2026-09-18 06:26:46.418 | DEBUG    | __main__:train_arima:109 -   [Beans (red)] ARIMA order=(1, 1, 2) MAPE=33.8%
2026-09-18 06:26:46.418 | INFO     | __main__:train_commodity:272 -   [2/3] Prophet...
2026-09-18 06:26:47.936 | DEBUG    | __main__:train_prophet:159 -   [Beans (red)] Prophet MAPE=38.5%
2026-09-18 06:26:47.936 | INFO     | __main__:train_commodity:275 -   [3/3] XGBoost...
2026-09-18 06:26:49.366 | DEBUG    | __main__:train_xgboost:215 -   [Beans (red)] XGBoost MAPE=20.2% | top: price_lag_1w
2026-09-18 06:26:49.370 | INFO     | __main__:train_commodity:281 -   Ensemble weights: arima: 0.282 | prophet: 0.247 | xgboost: 0.471
2026-09-18 06:26:49.370 | INFO     | __main__:train_commodity:283 -   Model          MAPE               MAE    Weight
2026-09-18 06:26:49.371 | INFO     | __main__:train_commodity:284 -   --------------------------------------------------
2026-09-18 06:26:49.371 | INFO     | __main__:train_commodity:291 -   arima         33.8%  ₦     239,054     0.282
2026-09-18 06:26:49.372 | INFO     | __main__:train_commodity:291 -   prophet       38.5%  ₦     304,534     0.247
2026-09-18 06:26:49.372 | INFO     | __main__:train_commodity:291 -   xgboost       20.2%  ₦     321,246     0.471
2026-09-18 06:26:49.378 | INFO     | __main__:run_training:313 - 
[10/17] Starting Maize (white)...
2026-09-18 06:26:49.544 | INFO     | __main__:train_commodity:263 - 
───────────────────────────────────────────────────────
2026-09-18 06:26:49.546 | INFO     | __main__:train_commodity:264 -   Maize (white)  (1265 rows | last: 2026-04-06)
2026-09-18 06:26:49.546 | INFO     | __main__:train_commodity:265 - ───────────────────────────────────────────────────────
2026-09-18 06:26:49.548 | INFO     | __main__:train_commodity:269 -   [1/3] ARIMA...
2026-09-18 06:27:26.930 | DEBUG    | __main__:train_arima:109 -   [Maize (white)] ARIMA order=(0, 1, 1) MAPE=0.8%
2026-09-18 06:27:26.935 | INFO     | __main__:train_commodity:272 -   [2/3] Prophet...
2026-09-18 06:27:29.360 | DEBUG    | __main__:train_prophet:159 -   [Maize (white)] Prophet MAPE=25.7%
2026-09-18 06:27:29.360 | INFO     | __main__:train_commodity:275 -   [3/3] XGBoost...
2026-09-18 06:27:31.304 | DEBUG    | __main__:train_xgboost:215 -   [Maize (white)] XGBoost MAPE=17.2% | top: rolling_mean_4w
2026-09-18 06:27:31.307 | INFO     | __main__:train_commodity:281 -   Ensemble weights: arima: 0.931 | prophet: 0.028 | xgboost: 0.041
2026-09-18 06:27:31.307 | INFO     | __main__:train_commodity:283 -   Model          MAPE               MAE    Weight
2026-09-18 06:27:31.308 | INFO     | __main__:train_commodity:284 -   --------------------------------------------------
2026-09-18 06:27:31.308 | INFO     | __main__:train_commodity:291 -   arima          0.8%  ₦       2,735     0.931
2026-09-18 06:27:31.308 | INFO     | __main__:train_commodity:291 -   prophet       25.7%  ₦      92,545     0.028
2026-09-18 06:27:31.308 | INFO     | __main__:train_commodity:291 -   xgboost       17.2%  ₦      52,536     0.041
2026-09-18 06:27:31.330 | INFO     | __main__:run_training:313 - 
[11/17] Starting Maize (yellow)...
2026-09-18 06:27:31.466 | INFO     | __main__:train_commodity:263 - 
───────────────────────────────────────────────────────
2026-09-18 06:27:31.466 | INFO     | __main__:train_commodity:264 -   Maize (yellow)  (622 rows | last: 2026-04-06)
2026-09-18 06:27:31.470 | INFO     | __main__:train_commodity:265 - ───────────────────────────────────────────────────────
2026-09-18 06:27:31.470 | INFO     | __main__:train_commodity:269 -   [1/3] ARIMA...
2026-09-18 06:28:15.363 | DEBUG    | __main__:train_arima:109 -   [Maize (yellow)] ARIMA order=(0, 1, 1) MAPE=0.8%
2026-09-18 06:28:15.363 | INFO     | __main__:train_commodity:272 -   [2/3] Prophet...
2026-09-18 06:28:16.790 | DEBUG    | __main__:train_prophet:159 -   [Maize (yellow)] Prophet MAPE=6.3%
2026-09-18 06:28:16.790 | INFO     | __main__:train_commodity:275 -   [3/3] XGBoost...
2026-09-18 06:28:19.306 | DEBUG    | __main__:train_xgboost:215 -   [Maize (yellow)] XGBoost MAPE=19.5% | top: price_lag_1w
2026-09-18 06:28:19.309 | INFO     | __main__:train_commodity:281 -   Ensemble weights: arima: 0.863 | prophet: 0.103 | xgboost: 0.034
2026-09-18 06:28:19.311 | INFO     | __main__:train_commodity:283 -   Model          MAPE               MAE    Weight
2026-09-18 06:28:19.311 | INFO     | __main__:train_commodity:284 -   --------------------------------------------------
2026-09-18 06:28:19.311 | INFO     | __main__:train_commodity:291 -   arima          0.8%  ₦       2,949     0.863
2026-09-18 06:28:19.313 | INFO     | __main__:train_commodity:291 -   prophet        6.3%  ₦      24,604     0.103
2026-09-18 06:28:19.313 | INFO     | __main__:train_commodity:291 -   xgboost       19.5%  ₦      68,905     0.034
2026-09-18 06:28:19.336 | INFO     | __main__:run_training:313 - 
[12/17] Starting Wheat...
2026-09-18 06:28:19.439 | INFO     | __main__:train_commodity:263 - 
───────────────────────────────────────────────────────
2026-09-18 06:28:19.439 | INFO     | __main__:train_commodity:264 -   Wheat  (850 rows | last: 2026-04-13)
2026-09-18 06:28:19.439 | INFO     | __main__:train_commodity:265 - ───────────────────────────────────────────────────────
2026-09-18 06:28:19.439 | INFO     | __main__:train_commodity:269 -   [1/3] ARIMA...
2026-09-18 06:28:42.329 | DEBUG    | __main__:train_arima:109 -   [Wheat] ARIMA order=(0, 1, 0) MAPE=2.4%
2026-09-18 06:28:42.332 | INFO     | __main__:train_commodity:272 -   [2/3] Prophet...
2026-09-18 06:28:43.818 | DEBUG    | __main__:train_prophet:159 -   [Wheat] Prophet MAPE=6.4%
2026-09-18 06:28:43.818 | INFO     | __main__:train_commodity:275 -   [3/3] XGBoost...
2026-09-18 06:28:45.406 | DEBUG    | __main__:train_xgboost:215 -   [Wheat] XGBoost MAPE=29.3% | top: pct_change_52w
2026-09-18 06:28:45.410 | INFO     | __main__:train_commodity:281 -   Ensemble weights: arima: 0.684 | prophet: 0.259 | xgboost: 0.057
2026-09-18 06:28:45.410 | INFO     | __main__:train_commodity:283 -   Model          MAPE               MAE    Weight
2026-09-18 06:28:45.411 | INFO     | __main__:train_commodity:284 -   --------------------------------------------------
2026-09-18 06:28:45.412 | INFO     | __main__:train_commodity:291 -   arima          2.4%  ₦      17,023     0.684
2026-09-18 06:28:45.412 | INFO     | __main__:train_commodity:291 -   prophet        6.4%  ₦      43,620     0.259
2026-09-18 06:28:45.413 | INFO     | __main__:train_commodity:291 -   xgboost       29.3%  ₦     199,079     0.057
2026-09-18 06:28:45.417 | INFO     | __main__:run_training:313 - 
[13/17] Starting Rice...
2026-09-18 06:28:45.536 | INFO     | __main__:train_commodity:263 - 
───────────────────────────────────────────────────────
2026-09-18 06:28:45.536 | INFO     | __main__:train_commodity:264 -   Rice  (1271 rows | last: 2026-05-18)
2026-09-18 06:28:45.536 | INFO     | __main__:train_commodity:265 - ───────────────────────────────────────────────────────
2026-09-18 06:28:45.536 | INFO     | __main__:train_commodity:269 -   [1/3] ARIMA...
2026-09-18 06:29:04.670 | DEBUG    | __main__:train_arima:109 -   [Rice] ARIMA order=(0, 2, 0) MAPE=25.8%
2026-09-18 06:29:04.671 | INFO     | __main__:train_commodity:272 -   [2/3] Prophet...
2026-09-18 06:29:07.723 | DEBUG    | __main__:train_prophet:159 -   [Rice] Prophet MAPE=3.8%
2026-09-18 06:29:07.723 | INFO     | __main__:train_commodity:275 -   [3/3] XGBoost...
2026-09-18 06:29:13.432 | DEBUG    | __main__:train_xgboost:215 -   [Rice] XGBoost MAPE=40.4% | top: price_lag_1w
2026-09-18 06:29:13.435 | INFO     | __main__:train_commodity:281 -   Ensemble weights: arima: 0.119 | prophet: 0.806 | xgboost: 0.076
2026-09-18 06:29:13.436 | INFO     | __main__:train_commodity:283 -   Model          MAPE               MAE    Weight
2026-09-18 06:29:13.436 | INFO     | __main__:train_commodity:284 -   --------------------------------------------------
2026-09-18 06:29:13.437 | INFO     | __main__:train_commodity:291 -   arima         25.8%  ₦     400,738     0.119
2026-09-18 06:29:13.437 | INFO     | __main__:train_commodity:291 -   prophet        3.8%  ₦      59,022     0.806
2026-09-18 06:29:13.437 | INFO     | __main__:train_commodity:291 -   xgboost       40.4%  ₦     535,646     0.076
2026-09-18 06:29:13.446 | INFO     | __main__:run_training:313 - 
[14/17] Starting Meat (beef)...
2026-09-18 06:29:13.590 | INFO     | __main__:train_commodity:263 - 
───────────────────────────────────────────────────────
2026-09-18 06:29:13.592 | INFO     | __main__:train_commodity:264 -   Meat (beef)  (521 rows | last: 2026-06-01)
2026-09-18 06:29:13.592 | INFO     | __main__:train_commodity:265 - ───────────────────────────────────────────────────────
2026-09-18 06:29:13.594 | INFO     | __main__:train_commodity:269 -   [1/3] ARIMA...
2026-09-18 06:29:39.252 | DEBUG    | __main__:train_arima:109 -   [Meat (beef)] ARIMA order=(0, 1, 1) MAPE=23.9%
2026-09-18 06:29:39.252 | INFO     | __main__:train_commodity:272 -   [2/3] Prophet...
2026-09-18 06:29:42.554 | DEBUG    | __main__:train_prophet:159 -   [Meat (beef)] Prophet MAPE=44.0%
2026-09-18 06:29:42.555 | INFO     | __main__:train_commodity:275 -   [3/3] XGBoost...
2026-09-18 06:29:57.469 | DEBUG    | __main__:train_xgboost:215 -   [Meat (beef)] XGBoost MAPE=31.8% | top: food_inflation_yoy
2026-09-18 06:29:57.473 | INFO     | __main__:train_commodity:281 -   Ensemble weights: arima: 0.436 | prophet: 0.236 | xgboost: 0.327
2026-09-18 06:29:57.474 | INFO     | __main__:train_commodity:283 -   Model          MAPE               MAE    Weight
2026-09-18 06:29:57.474 | INFO     | __main__:train_commodity:284 -   --------------------------------------------------
2026-09-18 06:29:57.475 | INFO     | __main__:train_commodity:291 -   arima         23.9%  ₦   1,013,499     0.436
2026-09-18 06:29:57.476 | INFO     | __main__:train_commodity:291 -   prophet       44.0%  ₦   1,973,757     0.236
2026-09-18 06:29:57.476 | INFO     | __main__:train_commodity:291 -   xgboost       31.8%  ₦   1,778,099     0.327
2026-09-18 06:29:57.481 | INFO     | __main__:run_training:313 - 
[15/17] Starting Meat (goat)...
2026-09-18 06:29:57.596 | INFO     | __main__:train_commodity:263 - 
───────────────────────────────────────────────────────
2026-09-18 06:29:57.598 | INFO     | __main__:train_commodity:264 -   Meat (goat)  (543 rows | last: 2026-06-01)
2026-09-18 06:29:57.598 | INFO     | __main__:train_commodity:265 - ───────────────────────────────────────────────────────
2026-09-18 06:29:57.599 | INFO     | __main__:train_commodity:269 -   [1/3] ARIMA...
2026-09-18 06:31:28.719 | DEBUG    | __main__:train_arima:109 -   [Meat (goat)] ARIMA order=(0, 1, 2) MAPE=22.1%
2026-09-18 06:31:28.720 | INFO     | __main__:train_commodity:272 -   [2/3] Prophet...
2026-09-18 06:31:32.439 | DEBUG    | __main__:train_prophet:159 -   [Meat (goat)] Prophet MAPE=31.8%
2026-09-18 06:31:32.440 | INFO     | __main__:train_commodity:275 -   [3/3] XGBoost...
2026-09-18 06:31:35.445 | DEBUG    | __main__:train_xgboost:215 -   [Meat (goat)] XGBoost MAPE=22.0% | top: rolling_min_4w
2026-09-18 06:31:35.458 | INFO     | __main__:train_commodity:281 -   Ensemble weights: arima: 0.371 | prophet: 0.258 | xgboost: 0.372
2026-09-18 06:31:35.466 | INFO     | __main__:train_commodity:283 -   Model          MAPE               MAE    Weight
2026-09-18 06:31:35.485 | INFO     | __main__:train_commodity:284 -   --------------------------------------------------
2026-09-18 06:31:35.507 | INFO     | __main__:train_commodity:291 -   arima         22.1%  ₦   1,024,283     0.371
2026-09-18 06:31:35.519 | INFO     | __main__:train_commodity:291 -   prophet       31.8%  ₦   1,553,658     0.258
2026-09-18 06:31:35.520 | INFO     | __main__:train_commodity:291 -   xgboost       22.0%  ₦   1,216,705     0.372
2026-09-18 06:31:35.546 | INFO     | __main__:run_training:313 - 
[16/17] Starting Fish (dried)...
2026-09-18 06:31:35.737 | INFO     | __main__:train_commodity:263 - 
───────────────────────────────────────────────────────
2026-09-18 06:31:35.739 | INFO     | __main__:train_commodity:264 -   Fish (dried)  (543 rows | last: 2026-06-01)
2026-09-18 06:31:35.744 | INFO     | __main__:train_commodity:265 - ───────────────────────────────────────────────────────
2026-09-18 06:31:35.749 | INFO     | __main__:train_commodity:269 -   [1/3] ARIMA...
2026-09-18 06:33:02.970 | DEBUG    | __main__:train_arima:109 -   [Fish (dried)] ARIMA order=(1, 1, 0) MAPE=22.0%
2026-09-18 06:33:02.973 | INFO     | __main__:train_commodity:272 -   [2/3] Prophet...
2026-09-18 06:33:04.148 | DEBUG    | __main__:train_prophet:159 -   [Fish (dried)] Prophet MAPE=50.1%
2026-09-18 06:33:04.148 | INFO     | __main__:train_commodity:275 -   [3/3] XGBoost...
2026-09-18 06:33:05.580 | DEBUG    | __main__:train_xgboost:215 -   [Fish (dried)] XGBoost MAPE=29.3% | top: rolling_min_4w
2026-09-18 06:33:05.584 | INFO     | __main__:train_commodity:281 -   Ensemble weights: arima: 0.457 | prophet: 0.200 | xgboost: 0.343
2026-09-18 06:33:05.585 | INFO     | __main__:train_commodity:283 -   Model          MAPE               MAE    Weight
2026-09-18 06:33:05.586 | INFO     | __main__:train_commodity:284 -   --------------------------------------------------
2026-09-18 06:33:05.586 | INFO     | __main__:train_commodity:291 -   arima         22.0%  ₦     586,958     0.457
2026-09-18 06:33:05.587 | INFO     | __main__:train_commodity:291 -   prophet       50.1%  ₦   1,310,216     0.200
2026-09-18 06:33:05.587 | INFO     | __main__:train_commodity:291 -   xgboost       29.3%  ₦     526,398     0.343
2026-09-18 06:33:05.610 | INFO     | __main__:run_training:313 - 
[17/17] Starting Eggs...
2026-09-18 06:33:05.711 | INFO     | __main__:train_commodity:263 - 
───────────────────────────────────────────────────────
2026-09-18 06:33:05.713 | INFO     | __main__:train_commodity:264 -   Eggs  (517 rows | last: 2026-06-01)
2026-09-18 06:33:05.713 | INFO     | __main__:train_commodity:265 - ───────────────────────────────────────────────────────
2026-09-18 06:33:05.714 | INFO     | __main__:train_commodity:269 -   [1/3] ARIMA...
2026-09-18 06:35:13.491 | DEBUG    | __main__:train_arima:109 -   [Eggs] ARIMA order=(1, 1, 0) MAPE=6.2%
2026-09-18 06:35:13.491 | INFO     | __main__:train_commodity:272 -   [2/3] Prophet...
2026-09-18 06:35:15.467 | DEBUG    | __main__:train_prophet:159 -   [Eggs] Prophet MAPE=19.3%
2026-09-18 06:35:15.467 | INFO     | __main__:train_commodity:275 -   [3/3] XGBoost...
2026-09-18 06:35:22.592 | DEBUG    | __main__:train_xgboost:215 -   [Eggs] XGBoost MAPE=34.5% | top: food_inflation_yoy
2026-09-18 06:35:22.597 | INFO     | __main__:train_commodity:281 -   Ensemble weights: arima: 0.668 | prophet: 0.213 | xgboost: 0.119
2026-09-18 06:35:22.598 | INFO     | __main__:train_commodity:283 -   Model          MAPE               MAE    Weight
2026-09-18 06:35:22.598 | INFO     | __main__:train_commodity:284 -   --------------------------------------------------
2026-09-18 06:35:22.600 | INFO     | __main__:train_commodity:291 -   arima          6.2%  ₦         428     0.668
2026-09-18 06:35:22.602 | INFO     | __main__:train_commodity:291 -   prophet       19.3%  ₦       1,305     0.213
2026-09-18 06:35:22.603 | INFO     | __main__:train_commodity:291 -   xgboost       34.5%  ₦       2,184     0.119
2026-09-18 06:35:22.664 | INFO     | __main__:run_training:324 - 
======================================================================
2026-09-18 06:35:22.664 | INFO     | __main__:run_training:325 -   FINAL TRAINING SUMMARY
2026-09-18 06:35:22.665 | INFO     | __main__:run_training:326 - ======================================================================
2026-09-18 06:35:22.666 | INFO     | __main__:run_training:327 -   Commodity                 ARIMA   Prophet   XGBoost       Best
2026-09-18 06:35:22.666 | INFO     | __main__:run_training:328 -   --------------------------------------------------------------
2026-09-18 06:35:22.667 | INFO     | __main__:run_training:341 -   Hibiscus                  21.0%     36.7%     23.8%      arima
2026-09-18 06:35:22.668 | INFO     | __main__:run_training:341 -   Sesame                    13.0%     37.2%     17.1%      arima
2026-09-18 06:35:22.669 | INFO     | __main__:run_training:341 -   Ginger                    22.6%     33.4%      2.3%    xgboost
2026-09-18 06:35:22.669 | INFO     | __main__:run_training:341 -   Cocoa                     36.3%     30.8%     41.6%    prophet
2026-09-18 06:35:22.671 | INFO     | __main__:run_training:341 -   Soybeans                  18.5%     44.5%     53.0%      arima
2026-09-18 06:35:22.671 | INFO     | __main__:run_training:341 -   Cashew Nuts               16.3%     68.7%      3.6%    xgboost
2026-09-18 06:35:22.672 | INFO     | __main__:run_training:341 -   Sorghum                   42.6%     31.2%     34.9%    prophet
2026-09-18 06:35:22.673 | INFO     | __main__:run_training:341 -   Beans (white)             13.2%     24.3%      4.8%    xgboost
2026-09-18 06:35:22.674 | INFO     | __main__:run_training:341 -   Beans (red)               33.8%     38.5%     20.2%    xgboost
2026-09-18 06:35:22.675 | INFO     | __main__:run_training:341 -   Maize (white)              0.8%     25.7%     17.2%      arima
2026-09-18 06:35:22.676 | INFO     | __main__:run_training:341 -   Maize (yellow)             0.8%      6.3%     19.5%      arima
2026-09-18 06:35:22.676 | INFO     | __main__:run_training:341 -   Wheat                      2.4%      6.4%     29.3%      arima
2026-09-18 06:35:22.677 | INFO     | __main__:run_training:341 -   Rice                      25.8%      3.8%     40.4%    prophet
2026-09-18 06:35:22.687 | INFO     | __main__:run_training:341 -   Meat (beef)               23.9%     44.0%     31.8%      arima
2026-09-18 06:35:22.688 | INFO     | __main__:run_training:341 -   Meat (goat)               22.1%     31.8%     22.0%    xgboost
2026-09-18 06:35:22.689 | INFO     | __main__:run_training:341 -   Fish (dried)              22.0%     50.1%     29.3%      arima
2026-09-18 06:35:22.690 | INFO     | __main__:run_training:341 -   Eggs                       6.2%     19.3%     34.5%      arima
2026-09-18 06:35:22.691 | INFO     | __main__:run_training:343 - ======================================================================
2026-09-18 06:35:22.693 | SUCCESS  | __main__:run_training:345 - TRAINING COMPLETE — 17/17 commodities
2026-09-18 06:35:22.693 | INFO     | __main__:run_training:346 - ======================================================================
2026-09-18 16:03:38.160 | INFO     | __main__:run_training:305 - ============================================================
2026-09-18 16:03:38.375 | INFO     | __main__:run_training:306 - STEP 4 — MODEL TRAINING
2026-09-18 16:03:38.379 | INFO     | __main__:run_training:307 -   Commodities : 17
2026-09-18 16:03:38.503 | INFO     | __main__:run_training:308 -   Models      : ARIMA + Prophet + XGBoost
2026-09-18 16:03:38.539 | INFO     | __main__:run_training:309 - ============================================================
2026-09-18 16:03:38.649 | INFO     | __main__:run_training:313 - 
[1/17] Starting Hibiscus...
2026-09-18 16:03:44.206 | DEBUG    | __main__:train_commodity:260 -   [Hibiscus] Real-data-only mode: 45 rows
2026-09-18 16:03:44.206 | INFO     | __main__:train_commodity:263 - 
───────────────────────────────────────────────────────
2026-09-18 16:03:44.311 | INFO     | __main__:train_commodity:264 -   Hibiscus  (45 rows | last: 2026-04-13)
2026-09-18 16:03:44.313 | INFO     | __main__:train_commodity:265 - ───────────────────────────────────────────────────────
2026-09-18 16:03:44.313 | INFO     | __main__:train_commodity:269 -   [1/3] ARIMA...
2026-09-18 16:04:16.834 | DEBUG    | __main__:train_arima:109 -   [Hibiscus] ARIMA order=(0, 1, 0) MAPE=21.0%
2026-09-18 16:04:16.835 | INFO     | __main__:train_commodity:272 -   [2/3] Prophet...
2026-09-18 16:04:38.948 | DEBUG    | __main__:train_prophet:159 -   [Hibiscus] Prophet MAPE=36.7%
2026-09-18 16:04:38.956 | INFO     | __main__:train_commodity:275 -   [3/3] XGBoost...
2026-09-18 16:04:52.741 | DEBUG    | __main__:train_xgboost:215 -   [Hibiscus] XGBoost MAPE=23.8% | top: pct_change_52w
2026-09-18 16:04:52.745 | INFO     | __main__:train_commodity:281 -   Ensemble weights: arima: 0.408 | prophet: 0.233 | xgboost: 0.359
2026-09-18 16:04:52.747 | INFO     | __main__:train_commodity:283 -   Model          MAPE               MAE    Weight
2026-09-18 16:04:52.747 | INFO     | __main__:train_commodity:284 -   --------------------------------------------------
2026-09-18 16:04:52.748 | INFO     | __main__:train_commodity:291 -   arima         21.0%  ₦     525,000     0.408
2026-09-18 16:04:52.750 | INFO     | __main__:train_commodity:291 -   prophet       36.7%  ₦     908,482     0.233
2026-09-18 16:04:52.751 | INFO     | __main__:train_commodity:291 -   xgboost       23.8%  ₦     595,832     0.359
2026-09-18 16:04:52.767 | INFO     | __main__:run_training:313 - 
[2/17] Starting Sesame...
2026-09-18 16:04:52.883 | INFO     | __main__:train_commodity:263 - 
───────────────────────────────────────────────────────
2026-09-18 16:04:52.886 | INFO     | __main__:train_commodity:264 -   Sesame  (828 rows | last: 2026-04-13)
2026-09-18 16:04:52.886 | INFO     | __main__:train_commodity:265 - ───────────────────────────────────────────────────────
2026-09-18 16:04:52.886 | INFO     | __main__:train_commodity:269 -   [1/3] ARIMA...
2026-09-18 16:11:38.319 | DEBUG    | __main__:train_arima:109 -   [Sesame] ARIMA order=(1, 1, 0) MAPE=13.0%
2026-09-18 16:11:38.347 | INFO     | __main__:train_commodity:272 -   [2/3] Prophet...
2026-09-18 16:11:41.772 | DEBUG    | __main__:train_prophet:159 -   [Sesame] Prophet MAPE=37.2%
2026-09-18 16:11:41.773 | INFO     | __main__:train_commodity:275 -   [3/3] XGBoost...
2026-09-18 16:11:46.101 | DEBUG    | __main__:train_xgboost:215 -   [Sesame] XGBoost MAPE=17.1% | top: weeks_since_start
2026-09-18 16:11:46.111 | INFO     | __main__:train_commodity:281 -   Ensemble weights: arima: 0.473 | prophet: 0.166 | xgboost: 0.361
2026-09-18 16:11:46.111 | INFO     | __main__:train_commodity:283 -   Model          MAPE               MAE    Weight
2026-09-18 16:11:46.111 | INFO     | __main__:train_commodity:284 -   --------------------------------------------------
2026-09-18 16:11:46.115 | INFO     | __main__:train_commodity:291 -   arima         13.0%  ₦     158,499     0.473
2026-09-18 16:11:46.115 | INFO     | __main__:train_commodity:291 -   prophet       37.2%  ₦     457,208     0.166
2026-09-18 16:11:46.117 | INFO     | __main__:train_commodity:291 -   xgboost       17.1%  ₦     219,236     0.361
2026-09-18 16:11:46.191 | INFO     | __main__:run_training:313 - 
[3/17] Starting Ginger...
2026-09-18 16:11:46.411 | DEBUG    | __main__:train_commodity:260 -   [Ginger] Real-data-only mode: 44 rows
2026-09-18 16:11:46.411 | INFO     | __main__:train_commodity:263 - 
───────────────────────────────────────────────────────
2026-09-18 16:11:46.416 | INFO     | __main__:train_commodity:264 -   Ginger  (44 rows | last: 2026-04-13)
2026-09-18 16:11:46.418 | INFO     | __main__:train_commodity:265 - ───────────────────────────────────────────────────────
2026-09-18 16:11:46.420 | INFO     | __main__:train_commodity:269 -   [1/3] ARIMA...
2026-09-18 16:11:47.893 | DEBUG    | __main__:train_arima:109 -   [Ginger] ARIMA order=(1, 1, 0) MAPE=22.6%
2026-09-18 16:11:47.893 | INFO     | __main__:train_commodity:272 -   [2/3] Prophet...
2026-09-18 16:11:49.665 | DEBUG    | __main__:train_prophet:159 -   [Ginger] Prophet MAPE=33.4%
2026-09-18 16:11:49.666 | INFO     | __main__:train_commodity:275 -   [3/3] XGBoost...
2026-09-18 16:11:51.499 | DEBUG    | __main__:train_xgboost:215 -   [Ginger] XGBoost MAPE=2.3% | top: rolling_max_12w
2026-09-18 16:11:51.503 | INFO     | __main__:train_commodity:281 -   Ensemble weights: arima: 0.087 | prophet: 0.059 | xgboost: 0.854
2026-09-18 16:11:51.505 | INFO     | __main__:train_commodity:283 -   Model          MAPE               MAE    Weight
2026-09-18 16:11:51.507 | INFO     | __main__:train_commodity:284 -   --------------------------------------------------
2026-09-18 16:11:51.508 | INFO     | __main__:train_commodity:291 -   arima         22.6%  ₦   2,279,849     0.087
2026-09-18 16:11:51.508 | INFO     | __main__:train_commodity:291 -   prophet       33.4%  ₦   3,360,407     0.059
2026-09-18 16:11:51.509 | INFO     | __main__:train_commodity:291 -   xgboost        2.3%  ₦     237,743     0.854
2026-09-18 16:11:51.517 | INFO     | __main__:run_training:313 - 
[4/17] Starting Cocoa...
2026-09-18 16:11:51.714 | DEBUG    | __main__:train_commodity:260 -   [Cocoa] Real-data-only mode: 48 rows
2026-09-18 16:11:51.714 | INFO     | __main__:train_commodity:263 - 
───────────────────────────────────────────────────────
2026-09-18 16:11:51.716 | INFO     | __main__:train_commodity:264 -   Cocoa  (48 rows | last: 2026-04-13)
2026-09-18 16:11:51.718 | INFO     | __main__:train_commodity:265 - ───────────────────────────────────────────────────────
2026-09-18 16:11:51.719 | INFO     | __main__:train_commodity:269 -   [1/3] ARIMA...
2026-09-18 16:11:54.278 | DEBUG    | __main__:train_arima:109 -   [Cocoa] ARIMA order=(0, 1, 0) MAPE=36.3%
2026-09-18 16:11:54.280 | INFO     | __main__:train_commodity:272 -   [2/3] Prophet...
2026-09-18 16:11:56.825 | DEBUG    | __main__:train_prophet:159 -   [Cocoa] Prophet MAPE=30.8%
2026-09-18 16:11:56.826 | INFO     | __main__:train_commodity:275 -   [3/3] XGBoost...
2026-09-18 16:12:10.110 | DEBUG    | __main__:train_xgboost:215 -   [Cocoa] XGBoost MAPE=41.6% | top: pct_change_52w
2026-09-18 16:12:10.113 | INFO     | __main__:train_commodity:281 -   Ensemble weights: arima: 0.328 | prophet: 0.386 | xgboost: 0.286
2026-09-18 16:12:10.116 | INFO     | __main__:train_commodity:283 -   Model          MAPE               MAE    Weight
2026-09-18 16:12:10.116 | INFO     | __main__:train_commodity:284 -   --------------------------------------------------
2026-09-18 16:12:10.118 | INFO     | __main__:train_commodity:291 -   arima         36.3%  ₦   2,165,000     0.328
2026-09-18 16:12:10.119 | INFO     | __main__:train_commodity:291 -   prophet       30.8%  ₦   1,868,354     0.386
2026-09-18 16:12:10.119 | INFO     | __main__:train_commodity:291 -   xgboost       41.6%  ₦   2,491,368     0.286
2026-09-18 16:12:10.123 | INFO     | __main__:run_training:313 - 
[5/17] Starting Soybeans...
2026-09-18 16:12:10.384 | INFO     | __main__:train_commodity:263 - 
───────────────────────────────────────────────────────
2026-09-18 16:12:10.388 | INFO     | __main__:train_commodity:264 -   Soybeans  (1372 rows | last: 2026-04-13)
2026-09-18 16:12:10.390 | INFO     | __main__:train_commodity:265 - ───────────────────────────────────────────────────────
2026-09-18 16:12:10.390 | INFO     | __main__:train_commodity:269 -   [1/3] ARIMA...
2026-09-18 16:14:02.819 | DEBUG    | __main__:train_arima:109 -   [Soybeans] ARIMA order=(1, 2, 1) MAPE=18.5%
2026-09-18 16:14:02.820 | INFO     | __main__:train_commodity:272 -   [2/3] Prophet...
2026-09-18 16:14:07.203 | DEBUG    | __main__:train_prophet:159 -   [Soybeans] Prophet MAPE=44.5%
2026-09-18 16:14:07.205 | INFO     | __main__:train_commodity:275 -   [3/3] XGBoost...
2026-09-18 16:14:20.259 | DEBUG    | __main__:train_xgboost:215 -   [Soybeans] XGBoost MAPE=53.0% | top: rolling_max_4w
2026-09-18 16:14:20.266 | INFO     | __main__:train_commodity:281 -   Ensemble weights: arima: 0.567 | prophet: 0.235 | xgboost: 0.198
2026-09-18 16:14:20.266 | INFO     | __main__:train_commodity:283 -   Model          MAPE               MAE    Weight
2026-09-18 16:14:20.268 | INFO     | __main__:train_commodity:284 -   --------------------------------------------------
2026-09-18 16:14:20.269 | INFO     | __main__:train_commodity:291 -   arima         18.5%  ₦     108,015     0.567
2026-09-18 16:14:20.272 | INFO     | __main__:train_commodity:291 -   prophet       44.5%  ₦     266,688     0.235
2026-09-18 16:14:20.277 | INFO     | __main__:train_commodity:291 -   xgboost       53.0%  ₦     323,800     0.198
2026-09-18 16:14:20.313 | INFO     | __main__:run_training:313 - 
[6/17] Starting Cashew Nuts...
2026-09-18 16:14:20.459 | DEBUG    | __main__:train_commodity:260 -   [Cashew Nuts] Real-data-only mode: 48 rows
2026-09-18 16:14:20.461 | INFO     | __main__:train_commodity:263 - 
───────────────────────────────────────────────────────
2026-09-18 16:14:20.463 | INFO     | __main__:train_commodity:264 -   Cashew Nuts  (48 rows | last: 2026-04-13)
2026-09-18 16:14:20.467 | INFO     | __main__:train_commodity:265 - ───────────────────────────────────────────────────────
2026-09-18 16:14:20.475 | INFO     | __main__:train_commodity:269 -   [1/3] ARIMA...
2026-09-18 16:14:22.913 | DEBUG    | __main__:train_arima:109 -   [Cashew Nuts] ARIMA order=(2, 0, 0) MAPE=16.3%
2026-09-18 16:14:22.913 | INFO     | __main__:train_commodity:272 -   [2/3] Prophet...
2026-09-18 16:14:25.109 | DEBUG    | __main__:train_prophet:159 -   [Cashew Nuts] Prophet MAPE=68.7%
2026-09-18 16:14:25.109 | INFO     | __main__:train_commodity:275 -   [3/3] XGBoost...
2026-09-18 16:14:25.607 | DEBUG    | __main__:train_xgboost:215 -   [Cashew Nuts] XGBoost MAPE=3.6% | top: pct_change_52w
2026-09-18 16:14:25.619 | INFO     | __main__:train_commodity:281 -   Ensemble weights: arima: 0.180 | xgboost: 0.820
2026-09-18 16:14:25.619 | INFO     | __main__:train_commodity:283 -   Model          MAPE               MAE    Weight
2026-09-18 16:14:25.623 | INFO     | __main__:train_commodity:284 -   --------------------------------------------------
2026-09-18 16:14:25.623 | INFO     | __main__:train_commodity:291 -   arima         16.3%  ₦     301,076     0.180
2026-09-18 16:14:25.625 | INFO     | __main__:train_commodity:291 -   prophet       68.7%  ₦   1,293,976     0.000
2026-09-18 16:14:25.625 | INFO     | __main__:train_commodity:291 -   xgboost        3.6%  ₦      65,354     0.820
2026-09-18 16:14:25.627 | INFO     | __main__:run_training:313 - 
[7/17] Starting Sorghum...
2026-09-18 16:14:25.826 | INFO     | __main__:train_commodity:263 - 
───────────────────────────────────────────────────────
2026-09-18 16:14:25.829 | INFO     | __main__:train_commodity:264 -   Sorghum  (1266 rows | last: 2026-04-13)
2026-09-18 16:14:25.832 | INFO     | __main__:train_commodity:265 - ───────────────────────────────────────────────────────
2026-09-18 16:14:25.833 | INFO     | __main__:train_commodity:269 -   [1/3] ARIMA...
2026-09-18 16:16:31.389 | DEBUG    | __main__:train_arima:109 -   [Sorghum] ARIMA order=(2, 1, 2) MAPE=42.6%
2026-09-18 16:16:31.390 | INFO     | __main__:train_commodity:272 -   [2/3] Prophet...
2026-09-18 16:16:33.477 | DEBUG    | __main__:train_prophet:159 -   [Sorghum] Prophet MAPE=31.2%
2026-09-18 16:16:33.477 | INFO     | __main__:train_commodity:275 -   [3/3] XGBoost...
2026-09-18 16:16:35.912 | DEBUG    | __main__:train_xgboost:215 -   [Sorghum] XGBoost MAPE=34.9% | top: rolling_mean_4w
2026-09-18 16:16:35.916 | INFO     | __main__:train_commodity:281 -   Ensemble weights: arima: 0.279 | prophet: 0.381 | xgboost: 0.341
2026-09-18 16:16:35.916 | INFO     | __main__:train_commodity:283 -   Model          MAPE               MAE    Weight
2026-09-18 16:16:35.919 | INFO     | __main__:train_commodity:284 -   --------------------------------------------------
2026-09-18 16:16:35.919 | INFO     | __main__:train_commodity:291 -   arima         42.6%  ₦     135,520     0.279
2026-09-18 16:16:35.921 | INFO     | __main__:train_commodity:291 -   prophet       31.2%  ₦     101,165     0.381
2026-09-18 16:16:35.921 | INFO     | __main__:train_commodity:291 -   xgboost       34.9%  ₦     178,026     0.341
2026-09-18 16:16:35.936 | INFO     | __main__:run_training:313 - 
[8/17] Starting Beans (white)...
2026-09-18 16:16:36.056 | INFO     | __main__:train_commodity:263 - 
───────────────────────────────────────────────────────
2026-09-18 16:16:36.058 | INFO     | __main__:train_commodity:264 -   Beans (white)  (1262 rows | last: 2026-03-16)
2026-09-18 16:16:36.058 | INFO     | __main__:train_commodity:265 - ───────────────────────────────────────────────────────
2026-09-18 16:16:36.058 | INFO     | __main__:train_commodity:269 -   [1/3] ARIMA...
2026-09-18 16:17:58.438 | DEBUG    | __main__:train_arima:109 -   [Beans (white)] ARIMA order=(1, 2, 2) MAPE=13.2%
2026-09-18 16:17:58.438 | INFO     | __main__:train_commodity:272 -   [2/3] Prophet...
2026-09-18 16:18:03.055 | DEBUG    | __main__:train_prophet:159 -   [Beans (white)] Prophet MAPE=24.3%
2026-09-18 16:18:03.057 | INFO     | __main__:train_commodity:275 -   [3/3] XGBoost...
2026-09-18 16:18:09.373 | DEBUG    | __main__:train_xgboost:215 -   [Beans (white)] XGBoost MAPE=4.8% | top: rolling_min_4w
2026-09-18 16:18:09.378 | INFO     | __main__:train_commodity:281 -   Ensemble weights: arima: 0.231 | prophet: 0.126 | xgboost: 0.643
2026-09-18 16:18:09.380 | INFO     | __main__:train_commodity:283 -   Model          MAPE               MAE    Weight
2026-09-18 16:18:09.380 | INFO     | __main__:train_commodity:284 -   --------------------------------------------------
2026-09-18 16:18:09.381 | INFO     | __main__:train_commodity:291 -   arima         13.2%  ₦      84,774     0.231
2026-09-18 16:18:09.382 | INFO     | __main__:train_commodity:291 -   prophet       24.3%  ₦     155,030     0.126
2026-09-18 16:18:09.383 | INFO     | __main__:train_commodity:291 -   xgboost        4.8%  ₦      44,455     0.643
2026-09-18 16:18:09.389 | INFO     | __main__:run_training:313 - 
[9/17] Starting Beans (red)...
2026-09-18 16:18:09.481 | INFO     | __main__:train_commodity:263 - 
───────────────────────────────────────────────────────
2026-09-18 16:18:09.483 | INFO     | __main__:train_commodity:264 -   Beans (red)  (532 rows | last: 2026-03-16)
2026-09-18 16:18:09.483 | INFO     | __main__:train_commodity:265 - ───────────────────────────────────────────────────────
2026-09-18 16:18:09.485 | INFO     | __main__:train_commodity:269 -   [1/3] ARIMA...
2026-09-18 16:19:20.425 | DEBUG    | __main__:train_arima:109 -   [Beans (red)] ARIMA order=(1, 1, 2) MAPE=33.8%
2026-09-18 16:19:20.426 | INFO     | __main__:train_commodity:272 -   [2/3] Prophet...
2026-09-18 16:19:22.987 | DEBUG    | __main__:train_prophet:159 -   [Beans (red)] Prophet MAPE=38.5%
2026-09-18 16:19:22.987 | INFO     | __main__:train_commodity:275 -   [3/3] XGBoost...
2026-09-18 16:19:30.512 | DEBUG    | __main__:train_xgboost:215 -   [Beans (red)] XGBoost MAPE=20.2% | top: price_lag_1w
2026-09-18 16:19:30.515 | INFO     | __main__:train_commodity:281 -   Ensemble weights: arima: 0.282 | prophet: 0.247 | xgboost: 0.471
2026-09-18 16:19:30.515 | INFO     | __main__:train_commodity:283 -   Model          MAPE               MAE    Weight
2026-09-18 16:19:30.517 | INFO     | __main__:train_commodity:284 -   --------------------------------------------------
2026-09-18 16:19:30.517 | INFO     | __main__:train_commodity:291 -   arima         33.8%  ₦     239,054     0.282
2026-09-18 16:19:30.517 | INFO     | __main__:train_commodity:291 -   prophet       38.5%  ₦     304,534     0.247
2026-09-18 16:19:30.519 | INFO     | __main__:train_commodity:291 -   xgboost       20.2%  ₦     321,246     0.471
2026-09-18 16:19:30.528 | INFO     | __main__:run_training:313 - 
[10/17] Starting Maize (white)...
2026-09-18 16:19:30.675 | INFO     | __main__:train_commodity:263 - 
───────────────────────────────────────────────────────
2026-09-18 16:19:30.677 | INFO     | __main__:train_commodity:264 -   Maize (white)  (1265 rows | last: 2026-04-06)
2026-09-18 16:19:30.679 | INFO     | __main__:train_commodity:265 - ───────────────────────────────────────────────────────
2026-09-18 16:19:30.680 | INFO     | __main__:train_commodity:269 -   [1/3] ARIMA...
2026-09-18 16:20:20.697 | DEBUG    | __main__:train_arima:109 -   [Maize (white)] ARIMA order=(0, 1, 1) MAPE=0.8%
2026-09-18 16:20:20.698 | INFO     | __main__:train_commodity:272 -   [2/3] Prophet...
2026-09-18 16:20:26.461 | DEBUG    | __main__:train_prophet:159 -   [Maize (white)] Prophet MAPE=25.7%
2026-09-18 16:20:26.461 | INFO     | __main__:train_commodity:275 -   [3/3] XGBoost...
2026-09-18 16:20:30.482 | DEBUG    | __main__:train_xgboost:215 -   [Maize (white)] XGBoost MAPE=17.2% | top: rolling_mean_4w
2026-09-18 16:20:30.486 | INFO     | __main__:train_commodity:281 -   Ensemble weights: arima: 0.931 | prophet: 0.028 | xgboost: 0.041
2026-09-18 16:20:30.492 | INFO     | __main__:train_commodity:283 -   Model          MAPE               MAE    Weight
2026-09-18 16:20:30.492 | INFO     | __main__:train_commodity:284 -   --------------------------------------------------
2026-09-18 16:20:30.494 | INFO     | __main__:train_commodity:291 -   arima          0.8%  ₦       2,735     0.931
2026-09-18 16:20:30.494 | INFO     | __main__:train_commodity:291 -   prophet       25.7%  ₦      92,545     0.028
2026-09-18 16:20:30.495 | INFO     | __main__:train_commodity:291 -   xgboost       17.2%  ₦      52,536     0.041
2026-09-18 16:20:30.537 | INFO     | __main__:run_training:313 - 
[11/17] Starting Maize (yellow)...
2026-09-18 16:20:30.624 | INFO     | __main__:train_commodity:263 - 
───────────────────────────────────────────────────────
2026-09-18 16:20:30.626 | INFO     | __main__:train_commodity:264 -   Maize (yellow)  (622 rows | last: 2026-04-06)
2026-09-18 16:20:30.626 | INFO     | __main__:train_commodity:265 - ───────────────────────────────────────────────────────
2026-09-18 16:20:30.626 | INFO     | __main__:train_commodity:269 -   [1/3] ARIMA...
2026-09-18 16:21:23.336 | DEBUG    | __main__:train_arima:109 -   [Maize (yellow)] ARIMA order=(0, 1, 1) MAPE=0.8%
2026-09-18 16:21:23.339 | INFO     | __main__:train_commodity:272 -   [2/3] Prophet...
2026-09-18 16:21:24.717 | DEBUG    | __main__:train_prophet:159 -   [Maize (yellow)] Prophet MAPE=6.3%
2026-09-18 16:21:24.724 | INFO     | __main__:train_commodity:275 -   [3/3] XGBoost...
2026-09-18 16:21:30.039 | DEBUG    | __main__:train_xgboost:215 -   [Maize (yellow)] XGBoost MAPE=19.5% | top: price_lag_1w
2026-09-18 16:21:30.043 | INFO     | __main__:train_commodity:281 -   Ensemble weights: arima: 0.863 | prophet: 0.103 | xgboost: 0.034
2026-09-18 16:21:30.045 | INFO     | __main__:train_commodity:283 -   Model          MAPE               MAE    Weight
2026-09-18 16:21:30.045 | INFO     | __main__:train_commodity:284 -   --------------------------------------------------
2026-09-18 16:21:30.046 | INFO     | __main__:train_commodity:291 -   arima          0.8%  ₦       2,949     0.863
2026-09-18 16:21:30.046 | INFO     | __main__:train_commodity:291 -   prophet        6.3%  ₦      24,604     0.103
2026-09-18 16:21:30.046 | INFO     | __main__:train_commodity:291 -   xgboost       19.5%  ₦      68,905     0.034
2026-09-18 16:21:30.080 | INFO     | __main__:run_training:313 - 
[12/17] Starting Wheat...
2026-09-18 16:21:30.171 | INFO     | __main__:train_commodity:263 - 
───────────────────────────────────────────────────────
2026-09-18 16:21:30.177 | INFO     | __main__:train_commodity:264 -   Wheat  (850 rows | last: 2026-04-13)
2026-09-18 16:21:30.177 | INFO     | __main__:train_commodity:265 - ───────────────────────────────────────────────────────
2026-09-18 16:21:30.180 | INFO     | __main__:train_commodity:269 -   [1/3] ARIMA...
2026-09-18 16:22:00.008 | DEBUG    | __main__:train_arima:109 -   [Wheat] ARIMA order=(0, 1, 0) MAPE=2.4%
2026-09-18 16:22:00.008 | INFO     | __main__:train_commodity:272 -   [2/3] Prophet...
2026-09-18 16:22:02.365 | DEBUG    | __main__:train_prophet:159 -   [Wheat] Prophet MAPE=6.4%
2026-09-18 16:22:02.365 | INFO     | __main__:train_commodity:275 -   [3/3] XGBoost...
2026-09-18 16:22:08.338 | DEBUG    | __main__:train_xgboost:215 -   [Wheat] XGBoost MAPE=29.3% | top: pct_change_52w
2026-09-18 16:22:08.346 | INFO     | __main__:train_commodity:281 -   Ensemble weights: arima: 0.684 | prophet: 0.259 | xgboost: 0.057
2026-09-18 16:22:08.350 | INFO     | __main__:train_commodity:283 -   Model          MAPE               MAE    Weight
2026-09-18 16:22:08.350 | INFO     | __main__:train_commodity:284 -   --------------------------------------------------
2026-09-18 16:22:08.352 | INFO     | __main__:train_commodity:291 -   arima          2.4%  ₦      17,023     0.684
2026-09-18 16:22:08.354 | INFO     | __main__:train_commodity:291 -   prophet        6.4%  ₦      43,620     0.259
2026-09-18 16:22:08.356 | INFO     | __main__:train_commodity:291 -   xgboost       29.3%  ₦     199,079     0.057
2026-09-18 16:22:08.375 | INFO     | __main__:run_training:313 - 
[13/17] Starting Rice...
2026-09-18 16:22:08.527 | INFO     | __main__:train_commodity:263 - 
───────────────────────────────────────────────────────
2026-09-18 16:22:08.529 | INFO     | __main__:train_commodity:264 -   Rice  (1271 rows | last: 2026-05-18)
2026-09-18 16:22:08.531 | INFO     | __main__:train_commodity:265 - ───────────────────────────────────────────────────────
2026-09-18 16:22:08.539 | INFO     | __main__:train_commodity:269 -   [1/3] ARIMA...
2026-09-18 16:22:32.906 | DEBUG    | __main__:train_arima:109 -   [Rice] ARIMA order=(0, 2, 0) MAPE=25.8%
2026-09-18 16:22:32.908 | INFO     | __main__:train_commodity:272 -   [2/3] Prophet...
2026-09-18 16:22:36.134 | DEBUG    | __main__:train_prophet:159 -   [Rice] Prophet MAPE=3.8%
2026-09-18 16:22:36.135 | INFO     | __main__:train_commodity:275 -   [3/3] XGBoost...
2026-09-18 16:22:44.664 | DEBUG    | __main__:train_xgboost:215 -   [Rice] XGBoost MAPE=40.4% | top: price_lag_1w
2026-09-18 16:22:44.670 | INFO     | __main__:train_commodity:281 -   Ensemble weights: arima: 0.119 | prophet: 0.806 | xgboost: 0.076
2026-09-18 16:22:44.672 | INFO     | __main__:train_commodity:283 -   Model          MAPE               MAE    Weight
2026-09-18 16:22:44.672 | INFO     | __main__:train_commodity:284 -   --------------------------------------------------
2026-09-18 16:22:44.679 | INFO     | __main__:train_commodity:291 -   arima         25.8%  ₦     400,738     0.119
2026-09-18 16:22:44.687 | INFO     | __main__:train_commodity:291 -   prophet        3.8%  ₦      59,022     0.806
2026-09-18 16:22:44.700 | INFO     | __main__:train_commodity:291 -   xgboost       40.4%  ₦     535,646     0.076
2026-09-18 16:22:44.726 | INFO     | __main__:run_training:313 - 
[14/17] Starting Meat (beef)...
2026-09-18 16:22:44.789 | INFO     | __main__:train_commodity:263 - 
───────────────────────────────────────────────────────
2026-09-18 16:22:44.791 | INFO     | __main__:train_commodity:264 -   Meat (beef)  (521 rows | last: 2026-06-01)
2026-09-18 16:22:44.791 | INFO     | __main__:train_commodity:265 - ───────────────────────────────────────────────────────
2026-09-18 16:22:44.791 | INFO     | __main__:train_commodity:269 -   [1/3] ARIMA...
2026-09-18 16:23:07.750 | DEBUG    | __main__:train_arima:109 -   [Meat (beef)] ARIMA order=(0, 1, 1) MAPE=23.9%
2026-09-18 16:23:07.750 | INFO     | __main__:train_commodity:272 -   [2/3] Prophet...
2026-09-18 16:23:09.438 | DEBUG    | __main__:train_prophet:159 -   [Meat (beef)] Prophet MAPE=44.0%
2026-09-18 16:23:09.438 | INFO     | __main__:train_commodity:275 -   [3/3] XGBoost...
2026-09-18 16:23:12.676 | DEBUG    | __main__:train_xgboost:215 -   [Meat (beef)] XGBoost MAPE=31.8% | top: food_inflation_yoy
2026-09-18 16:23:12.681 | INFO     | __main__:train_commodity:281 -   Ensemble weights: arima: 0.436 | prophet: 0.236 | xgboost: 0.327
2026-09-18 16:23:12.683 | INFO     | __main__:train_commodity:283 -   Model          MAPE               MAE    Weight
2026-09-18 16:23:12.684 | INFO     | __main__:train_commodity:284 -   --------------------------------------------------
2026-09-18 16:23:12.684 | INFO     | __main__:train_commodity:291 -   arima         23.9%  ₦   1,013,499     0.436
2026-09-18 16:23:12.684 | INFO     | __main__:train_commodity:291 -   prophet       44.0%  ₦   1,973,757     0.236
2026-09-18 16:23:12.684 | INFO     | __main__:train_commodity:291 -   xgboost       31.8%  ₦   1,778,099     0.327
2026-09-18 16:23:12.689 | INFO     | __main__:run_training:313 - 
[15/17] Starting Meat (goat)...
2026-09-18 16:23:12.796 | INFO     | __main__:train_commodity:263 - 
───────────────────────────────────────────────────────
2026-09-18 16:23:12.798 | INFO     | __main__:train_commodity:264 -   Meat (goat)  (543 rows | last: 2026-06-01)
2026-09-18 16:23:12.798 | INFO     | __main__:train_commodity:265 - ───────────────────────────────────────────────────────
2026-09-18 16:23:12.798 | INFO     | __main__:train_commodity:269 -   [1/3] ARIMA...
2026-09-18 16:24:39.853 | DEBUG    | __main__:train_arima:109 -   [Meat (goat)] ARIMA order=(0, 1, 2) MAPE=22.1%
2026-09-18 16:24:39.854 | INFO     | __main__:train_commodity:272 -   [2/3] Prophet...
2026-09-18 16:24:42.013 | DEBUG    | __main__:train_prophet:159 -   [Meat (goat)] Prophet MAPE=31.8%
2026-09-18 16:24:42.013 | INFO     | __main__:train_commodity:275 -   [3/3] XGBoost...
2026-09-18 16:24:44.484 | DEBUG    | __main__:train_xgboost:215 -   [Meat (goat)] XGBoost MAPE=22.0% | top: rolling_min_4w
2026-09-18 16:24:44.491 | INFO     | __main__:train_commodity:281 -   Ensemble weights: arima: 0.371 | prophet: 0.258 | xgboost: 0.372
2026-09-18 16:24:44.491 | INFO     | __main__:train_commodity:283 -   Model          MAPE               MAE    Weight
2026-09-18 16:24:44.493 | INFO     | __main__:train_commodity:284 -   --------------------------------------------------
2026-09-18 16:24:44.494 | INFO     | __main__:train_commodity:291 -   arima         22.1%  ₦   1,024,283     0.371
2026-09-18 16:24:44.495 | INFO     | __main__:train_commodity:291 -   prophet       31.8%  ₦   1,553,658     0.258
2026-09-18 16:24:44.500 | INFO     | __main__:train_commodity:291 -   xgboost       22.0%  ₦   1,216,705     0.372
2026-09-18 16:24:44.544 | INFO     | __main__:run_training:313 - 
[16/17] Starting Fish (dried)...
2026-09-18 16:24:44.617 | INFO     | __main__:train_commodity:263 - 
───────────────────────────────────────────────────────
2026-09-18 16:24:44.617 | INFO     | __main__:train_commodity:264 -   Fish (dried)  (543 rows | last: 2026-06-01)
2026-09-18 16:24:44.621 | INFO     | __main__:train_commodity:265 - ───────────────────────────────────────────────────────
2026-09-18 16:24:44.621 | INFO     | __main__:train_commodity:269 -   [1/3] ARIMA...
2026-09-18 16:26:10.523 | DEBUG    | __main__:train_arima:109 -   [Fish (dried)] ARIMA order=(1, 1, 0) MAPE=22.0%
2026-09-18 16:26:10.524 | INFO     | __main__:train_commodity:272 -   [2/3] Prophet...
2026-09-18 16:26:11.881 | DEBUG    | __main__:train_prophet:159 -   [Fish (dried)] Prophet MAPE=50.1%
2026-09-18 16:26:11.881 | INFO     | __main__:train_commodity:275 -   [3/3] XGBoost...
2026-09-18 16:26:16.029 | DEBUG    | __main__:train_xgboost:215 -   [Fish (dried)] XGBoost MAPE=29.3% | top: rolling_min_4w
2026-09-18 16:26:16.031 | INFO     | __main__:train_commodity:281 -   Ensemble weights: arima: 0.457 | prophet: 0.200 | xgboost: 0.343
2026-09-18 16:26:16.033 | INFO     | __main__:train_commodity:283 -   Model          MAPE               MAE    Weight
2026-09-18 16:26:16.033 | INFO     | __main__:train_commodity:284 -   --------------------------------------------------
2026-09-18 16:26:16.033 | INFO     | __main__:train_commodity:291 -   arima         22.0%  ₦     586,958     0.457
2026-09-18 16:26:16.033 | INFO     | __main__:train_commodity:291 -   prophet       50.1%  ₦   1,310,216     0.200
2026-09-18 16:26:16.035 | INFO     | __main__:train_commodity:291 -   xgboost       29.3%  ₦     526,398     0.343
2026-09-18 16:26:16.051 | INFO     | __main__:run_training:313 - 
[17/17] Starting Eggs...
2026-09-18 16:26:16.198 | INFO     | __main__:train_commodity:263 - 
───────────────────────────────────────────────────────
2026-09-18 16:26:16.230 | INFO     | __main__:train_commodity:264 -   Eggs  (517 rows | last: 2026-06-01)
2026-09-18 16:26:16.232 | INFO     | __main__:train_commodity:265 - ───────────────────────────────────────────────────────
2026-09-18 16:26:16.233 | INFO     | __main__:train_commodity:269 -   [1/3] ARIMA...
2026-09-18 16:28:35.247 | DEBUG    | __main__:train_arima:109 -   [Eggs] ARIMA order=(1, 1, 0) MAPE=6.2%
2026-09-18 16:28:35.249 | INFO     | __main__:train_commodity:272 -   [2/3] Prophet...
2026-09-18 16:28:37.440 | DEBUG    | __main__:train_prophet:159 -   [Eggs] Prophet MAPE=19.3%
2026-09-18 16:28:37.440 | INFO     | __main__:train_commodity:275 -   [3/3] XGBoost...
2026-09-18 16:28:52.346 | DEBUG    | __main__:train_xgboost:215 -   [Eggs] XGBoost MAPE=34.5% | top: food_inflation_yoy
2026-09-18 16:28:52.351 | INFO     | __main__:train_commodity:281 -   Ensemble weights: arima: 0.668 | prophet: 0.213 | xgboost: 0.119
2026-09-18 16:28:52.352 | INFO     | __main__:train_commodity:283 -   Model          MAPE               MAE    Weight
2026-09-18 16:28:52.352 | INFO     | __main__:train_commodity:284 -   --------------------------------------------------
2026-09-18 16:28:52.352 | INFO     | __main__:train_commodity:291 -   arima          6.2%  ₦         428     0.668
2026-09-18 16:28:52.354 | INFO     | __main__:train_commodity:291 -   prophet       19.3%  ₦       1,305     0.213
2026-09-18 16:28:52.354 | INFO     | __main__:train_commodity:291 -   xgboost       34.5%  ₦       2,184     0.119
2026-09-18 16:28:52.404 | INFO     | __main__:run_training:324 - 
======================================================================
2026-09-18 16:28:52.404 | INFO     | __main__:run_training:325 -   FINAL TRAINING SUMMARY
2026-09-18 16:28:52.405 | INFO     | __main__:run_training:326 - ======================================================================
2026-09-18 16:28:52.405 | INFO     | __main__:run_training:327 -   Commodity                 ARIMA   Prophet   XGBoost       Best
2026-09-18 16:28:52.406 | INFO     | __main__:run_training:328 -   --------------------------------------------------------------
2026-09-18 16:28:52.407 | INFO     | __main__:run_training:341 -   Hibiscus                  21.0%     36.7%     23.8%      arima
2026-09-18 16:28:52.407 | INFO     | __main__:run_training:341 -   Sesame                    13.0%     37.2%     17.1%      arima
2026-09-18 16:28:52.407 | INFO     | __main__:run_training:341 -   Ginger                    22.6%     33.4%      2.3%    xgboost
2026-09-18 16:28:52.407 | INFO     | __main__:run_training:341 -   Cocoa                     36.3%     30.8%     41.6%    prophet
2026-09-18 16:28:52.409 | INFO     | __main__:run_training:341 -   Soybeans                  18.5%     44.5%     53.0%      arima
2026-09-18 16:28:52.409 | INFO     | __main__:run_training:341 -   Cashew Nuts               16.3%     68.7%      3.6%    xgboost
2026-09-18 16:28:52.411 | INFO     | __main__:run_training:341 -   Sorghum                   42.6%     31.2%     34.9%    prophet
2026-09-18 16:28:52.416 | INFO     | __main__:run_training:341 -   Beans (white)             13.2%     24.3%      4.8%    xgboost
2026-09-18 16:28:52.422 | INFO     | __main__:run_training:341 -   Beans (red)               33.8%     38.5%     20.2%    xgboost
2026-09-18 16:28:52.425 | INFO     | __main__:run_training:341 -   Maize (white)              0.8%     25.7%     17.2%      arima
2026-09-18 16:28:52.426 | INFO     | __main__:run_training:341 -   Maize (yellow)             0.8%      6.3%     19.5%      arima
2026-09-18 16:28:52.426 | INFO     | __main__:run_training:341 -   Wheat                      2.4%      6.4%     29.3%      arima
2026-09-18 16:28:52.428 | INFO     | __main__:run_training:341 -   Rice                      25.8%      3.8%     40.4%    prophet
2026-09-18 16:28:52.428 | INFO     | __main__:run_training:341 -   Meat (beef)               23.9%     44.0%     31.8%      arima
2026-09-18 16:28:52.430 | INFO     | __main__:run_training:341 -   Meat (goat)               22.1%     31.8%     22.0%    xgboost
2026-09-18 16:28:52.430 | INFO     | __main__:run_training:341 -   Fish (dried)              22.0%     50.1%     29.3%      arima
2026-09-18 16:28:52.432 | INFO     | __main__:run_training:341 -   Eggs                       6.2%     19.3%     34.5%      arima
2026-09-18 16:28:52.433 | INFO     | __main__:run_training:343 - ======================================================================
2026-09-18 16:28:52.435 | SUCCESS  | __main__:run_training:345 - TRAINING COMPLETE — 17/17 commodities
2026-09-18 16:28:52.437 | INFO     | __main__:run_training:346 - ======================================================================
2026-09-18 21:16:12.228 | INFO     | __main__:run_training:305 - ============================================================
2026-09-18 21:16:12.232 | INFO     | __main__:run_training:306 - STEP 4 — MODEL TRAINING
2026-09-18 21:16:12.233 | INFO     | __main__:run_training:307 -   Commodities : 17
2026-09-18 21:16:12.234 | INFO     | __main__:run_training:308 -   Models      : ARIMA + Prophet + XGBoost
2026-09-18 21:16:12.234 | INFO     | __main__:run_training:309 - ============================================================
2026-09-18 21:16:12.235 | INFO     | __main__:run_training:313 - 
[1/17] Starting Hibiscus...
2026-09-18 21:16:12.479 | DEBUG    | __main__:train_commodity:260 -   [Hibiscus] Real-data-only mode: 49 rows
2026-09-18 21:16:12.480 | INFO     | __main__:train_commodity:263 - 
───────────────────────────────────────────────────────
2026-09-18 21:16:12.486 | INFO     | __main__:train_commodity:264 -   Hibiscus  (49 rows | last: 2026-08-24)
2026-09-18 21:16:12.487 | INFO     | __main__:train_commodity:265 - ───────────────────────────────────────────────────────
2026-09-18 21:16:12.488 | INFO     | __main__:train_commodity:269 -   [1/3] ARIMA...
2026-09-18 21:17:14.755 | DEBUG    | __main__:train_arima:109 -   [Hibiscus] ARIMA order=(2, 0, 2) MAPE=36.7%
2026-09-18 21:17:14.755 | INFO     | __main__:train_commodity:272 -   [2/3] Prophet...
2026-09-18 21:17:51.543 | DEBUG    | __main__:train_prophet:159 -   [Hibiscus] Prophet MAPE=58.2%
2026-09-18 21:17:51.544 | INFO     | __main__:train_commodity:275 -   [3/3] XGBoost...
2026-09-18 21:17:58.480 | DEBUG    | __main__:train_xgboost:215 -   [Hibiscus] XGBoost MAPE=7.7% | top: price_lag_8w
2026-09-18 21:17:58.486 | INFO     | __main__:train_commodity:281 -   Ensemble weights: arima: 0.156 | prophet: 0.099 | xgboost: 0.745
2026-09-18 21:17:58.487 | INFO     | __main__:train_commodity:283 -   Model          MAPE               MAE    Weight
2026-09-18 21:17:58.488 | INFO     | __main__:train_commodity:284 -   --------------------------------------------------
2026-09-18 21:17:58.488 | INFO     | __main__:train_commodity:291 -   arima         36.7%  ₦     892,959     0.156
2026-09-18 21:17:58.489 | INFO     | __main__:train_commodity:291 -   prophet       58.2%  ₦   1,405,021     0.099
2026-09-18 21:17:58.490 | INFO     | __main__:train_commodity:291 -   xgboost        7.7%  ₦     191,909     0.745
2026-09-18 21:17:58.493 | INFO     | __main__:run_training:313 - 
[2/17] Starting Sesame...
2026-09-18 21:17:58.691 | INFO     | __main__:train_commodity:263 - 
───────────────────────────────────────────────────────
2026-09-18 21:17:58.694 | INFO     | __main__:train_commodity:264 -   Sesame  (849 rows | last: 2026-08-24)
2026-09-18 21:17:58.694 | INFO     | __main__:train_commodity:265 - ───────────────────────────────────────────────────────
2026-09-18 21:17:58.695 | INFO     | __main__:train_commodity:269 -   [1/3] ARIMA...
2026-09-18 21:41:29.316 | DEBUG    | __main__:train_arima:109 -   [Sesame] ARIMA order=(2, 0, 1) MAPE=26.5%
2026-09-18 21:41:29.360 | INFO     | __main__:train_commodity:272 -   [2/3] Prophet...
2026-09-18 21:41:36.274 | DEBUG    | __main__:train_prophet:159 -   [Sesame] Prophet MAPE=13.8%
2026-09-18 21:41:36.275 | INFO     | __main__:train_commodity:275 -   [3/3] XGBoost...
2026-09-18 21:42:09.442 | DEBUG    | __main__:train_xgboost:215 -   [Sesame] XGBoost MAPE=12.5% | top: fuel_diesel_ngn_litre
2026-09-18 21:42:09.462 | INFO     | __main__:train_commodity:281 -   Ensemble weights: arima: 0.198 | prophet: 0.381 | xgboost: 0.421
2026-09-18 21:42:09.472 | INFO     | __main__:train_commodity:283 -   Model          MAPE               MAE    Weight
2026-09-18 21:42:09.476 | INFO     | __main__:train_commodity:284 -   --------------------------------------------------
2026-09-18 21:42:09.489 | INFO     | __main__:train_commodity:291 -   arima         26.5%  ₦     347,507     0.198
2026-09-18 21:42:09.490 | INFO     | __main__:train_commodity:291 -   prophet       13.8%  ₦     175,555     0.381
2026-09-18 21:42:09.494 | INFO     | __main__:train_commodity:291 -   xgboost       12.5%  ₦     170,552     0.421
2026-09-18 21:42:09.610 | INFO     | __main__:run_training:313 - 
[3/17] Starting Ginger...
2026-09-18 21:42:10.506 | DEBUG    | __main__:train_commodity:260 -   [Ginger] Real-data-only mode: 48 rows
2026-09-18 21:42:10.507 | INFO     | __main__:train_commodity:263 - 
───────────────────────────────────────────────────────
2026-09-18 21:42:10.524 | INFO     | __main__:train_commodity:264 -   Ginger  (48 rows | last: 2026-08-24)
2026-09-18 21:42:10.526 | INFO     | __main__:train_commodity:265 - ───────────────────────────────────────────────────────
2026-09-18 21:42:10.543 | INFO     | __main__:train_commodity:269 -   [1/3] ARIMA...
2026-09-18 21:42:13.760 | DEBUG    | __main__:train_arima:109 -   [Ginger] ARIMA order=(0, 1, 0) MAPE=5.0%
2026-09-18 21:42:13.761 | INFO     | __main__:train_commodity:272 -   [2/3] Prophet...
2026-09-18 21:42:17.426 | DEBUG    | __main__:train_prophet:159 -   [Ginger] Prophet MAPE=19.7%
2026-09-18 21:42:17.429 | INFO     | __main__:train_commodity:275 -   [3/3] XGBoost...
2026-09-18 21:42:22.288 | DEBUG    | __main__:train_xgboost:215 -   [Ginger] XGBoost MAPE=4.6% | top: rolling_max_12w
2026-09-18 21:42:22.309 | INFO     | __main__:train_commodity:281 -   Ensemble weights: arima: 0.427 | prophet: 0.109 | xgboost: 0.464
2026-09-18 21:42:22.324 | INFO     | __main__:train_commodity:283 -   Model          MAPE               MAE    Weight
2026-09-18 21:42:22.338 | INFO     | __main__:train_commodity:284 -   --------------------------------------------------
2026-09-18 21:42:22.349 | INFO     | __main__:train_commodity:291 -   arima          5.0%  ₦     530,000     0.427
2026-09-18 21:42:22.354 | INFO     | __main__:train_commodity:291 -   prophet       19.7%  ₦   1,997,536     0.109
2026-09-18 21:42:22.358 | INFO     | __main__:train_commodity:291 -   xgboost        4.6%  ₦     489,022     0.464
2026-09-18 21:42:22.388 | INFO     | __main__:run_training:313 - 
[4/17] Starting Cocoa...
2026-09-18 21:42:22.736 | DEBUG    | __main__:train_commodity:260 -   [Cocoa] Real-data-only mode: 52 rows
2026-09-18 21:42:22.736 | INFO     | __main__:train_commodity:263 - 
───────────────────────────────────────────────────────
2026-09-18 21:42:22.744 | INFO     | __main__:train_commodity:264 -   Cocoa  (52 rows | last: 2026-08-24)
2026-09-18 21:42:22.751 | INFO     | __main__:train_commodity:265 - ───────────────────────────────────────────────────────
2026-09-18 21:42:22.759 | INFO     | __main__:train_commodity:269 -   [1/3] ARIMA...
2026-09-18 21:42:27.657 | DEBUG    | __main__:train_arima:109 -   [Cocoa] ARIMA order=(0, 1, 0) MAPE=12.1%
2026-09-18 21:42:27.658 | INFO     | __main__:train_commodity:272 -   [2/3] Prophet...
2026-09-18 21:42:31.544 | DEBUG    | __main__:train_prophet:159 -   [Cocoa] Prophet MAPE=20.1%
2026-09-18 21:42:31.547 | INFO     | __main__:train_commodity:275 -   [3/3] XGBoost...
2026-09-18 21:42:43.180 | DEBUG    | __main__:train_xgboost:215 -   [Cocoa] XGBoost MAPE=31.6% | top: pct_change_52w
2026-09-18 21:42:43.186 | INFO     | __main__:train_commodity:281 -   Ensemble weights: arima: 0.504 | prophet: 0.303 | xgboost: 0.193
2026-09-18 21:42:43.187 | INFO     | __main__:train_commodity:283 -   Model          MAPE               MAE    Weight
2026-09-18 21:42:43.188 | INFO     | __main__:train_commodity:284 -   --------------------------------------------------
2026-09-18 21:42:43.188 | INFO     | __main__:train_commodity:291 -   arima         12.1%  ₦     622,727     0.504
2026-09-18 21:42:43.189 | INFO     | __main__:train_commodity:291 -   prophet       20.1%  ₦   1,161,096     0.303
2026-09-18 21:42:43.190 | INFO     | __main__:train_commodity:291 -   xgboost       31.6%  ₦   1,644,600     0.193
2026-09-18 21:42:43.196 | INFO     | __main__:run_training:313 - 
[5/17] Starting Soybeans...
2026-09-18 21:42:43.416 | INFO     | __main__:train_commodity:263 - 
───────────────────────────────────────────────────────
2026-09-18 21:42:43.419 | INFO     | __main__:train_commodity:264 -   Soybeans  (1393 rows | last: 2026-08-24)
2026-09-18 21:42:43.419 | INFO     | __main__:train_commodity:265 - ───────────────────────────────────────────────────────
2026-09-18 21:42:43.420 | INFO     | __main__:train_commodity:269 -   [1/3] ARIMA...
2026-09-18 21:43:34.000 | DEBUG    | __main__:train_arima:109 -   [Soybeans] ARIMA order=(1, 2, 1) MAPE=15.8%
2026-09-18 21:43:34.001 | INFO     | __main__:train_commodity:272 -   [2/3] Prophet...
2026-09-18 21:43:36.811 | DEBUG    | __main__:train_prophet:159 -   [Soybeans] Prophet MAPE=30.6%
2026-09-18 21:43:36.812 | INFO     | __main__:train_commodity:275 -   [3/3] XGBoost...
2026-09-18 21:43:41.625 | DEBUG    | __main__:train_xgboost:215 -   [Soybeans] XGBoost MAPE=45.1% | top: fx_rate_usd_ngn
2026-09-18 21:43:41.630 | INFO     | __main__:train_commodity:281 -   Ensemble weights: arima: 0.535 | prophet: 0.277 | xgboost: 0.188
2026-09-18 21:43:41.632 | INFO     | __main__:train_commodity:283 -   Model          MAPE               MAE    Weight
2026-09-18 21:43:41.632 | INFO     | __main__:train_commodity:284 -   --------------------------------------------------
2026-09-18 21:43:41.634 | INFO     | __main__:train_commodity:291 -   arima         15.8%  ₦     123,905     0.535
2026-09-18 21:43:41.634 | INFO     | __main__:train_commodity:291 -   prophet       30.6%  ₦     235,623     0.277
2026-09-18 21:43:41.636 | INFO     | __main__:train_commodity:291 -   xgboost       45.1%  ₦     323,168     0.188
2026-09-18 21:43:41.650 | INFO     | __main__:run_training:313 - 
[6/17] Starting Cashew Nuts...
2026-09-18 21:43:41.812 | DEBUG    | __main__:train_commodity:260 -   [Cashew Nuts] Real-data-only mode: 52 rows
2026-09-18 21:43:41.813 | INFO     | __main__:train_commodity:263 - 
───────────────────────────────────────────────────────
2026-09-18 21:43:41.815 | INFO     | __main__:train_commodity:264 -   Cashew Nuts  (52 rows | last: 2026-08-24)
2026-09-18 21:43:41.816 | INFO     | __main__:train_commodity:265 - ───────────────────────────────────────────────────────
2026-09-18 21:43:41.817 | INFO     | __main__:train_commodity:269 -   [1/3] ARIMA...
2026-09-18 21:43:44.240 | DEBUG    | __main__:train_arima:109 -   [Cashew Nuts] ARIMA order=(2, 0, 0) MAPE=3.7%
2026-09-18 21:43:44.241 | INFO     | __main__:train_commodity:272 -   [2/3] Prophet...
2026-09-18 21:43:45.470 | DEBUG    | __main__:train_prophet:159 -   [Cashew Nuts] Prophet MAPE=83.6%
2026-09-18 21:43:45.471 | INFO     | __main__:train_commodity:275 -   [3/3] XGBoost...
2026-09-18 21:43:46.107 | DEBUG    | __main__:train_xgboost:215 -   [Cashew Nuts] XGBoost MAPE=3.4% | top: pct_change_52w
2026-09-18 21:43:46.114 | INFO     | __main__:train_commodity:281 -   Ensemble weights: arima: 0.480 | xgboost: 0.520
2026-09-18 21:43:46.116 | INFO     | __main__:train_commodity:283 -   Model          MAPE               MAE    Weight
2026-09-18 21:43:46.116 | INFO     | __main__:train_commodity:284 -   --------------------------------------------------
2026-09-18 21:43:46.117 | INFO     | __main__:train_commodity:291 -   arima          3.7%  ₦      68,924     0.480
2026-09-18 21:43:46.118 | INFO     | __main__:train_commodity:291 -   prophet       83.6%  ₦   1,588,009     0.000
2026-09-18 21:43:46.119 | INFO     | __main__:train_commodity:291 -   xgboost        3.4%  ₦      65,364     0.520
2026-09-18 21:43:46.125 | INFO     | __main__:run_training:313 - 
[7/17] Starting Sorghum...
2026-09-18 21:43:46.300 | INFO     | __main__:train_commodity:263 - 
───────────────────────────────────────────────────────
2026-09-18 21:43:46.301 | INFO     | __main__:train_commodity:264 -   Sorghum  (1287 rows | last: 2026-08-24)
2026-09-18 21:43:46.302 | INFO     | __main__:train_commodity:265 - ───────────────────────────────────────────────────────
2026-09-18 21:43:46.303 | INFO     | __main__:train_commodity:269 -   [1/3] ARIMA...
2026-09-18 21:44:23.771 | DEBUG    | __main__:train_arima:109 -   [Sorghum] ARIMA order=(1, 2, 1) MAPE=32.6%
2026-09-18 21:44:23.772 | INFO     | __main__:train_commodity:272 -   [2/3] Prophet...
2026-09-18 21:44:26.184 | DEBUG    | __main__:train_prophet:159 -   [Sorghum] Prophet MAPE=93.1%
2026-09-18 21:44:26.185 | INFO     | __main__:train_commodity:275 -   [3/3] XGBoost...
2026-09-18 21:44:30.447 | DEBUG    | __main__:train_xgboost:215 -   [Sorghum] XGBoost MAPE=30.5% | top: price_lag_1w
2026-09-18 21:44:30.452 | INFO     | __main__:train_commodity:281 -   Ensemble weights: arima: 0.484 | xgboost: 0.516
2026-09-18 21:44:30.454 | INFO     | __main__:train_commodity:283 -   Model          MAPE               MAE    Weight
2026-09-18 21:44:30.457 | INFO     | __main__:train_commodity:284 -   --------------------------------------------------
2026-09-18 21:44:30.462 | INFO     | __main__:train_commodity:291 -   arima         32.6%  ₦     118,083     0.484
2026-09-18 21:44:30.474 | INFO     | __main__:train_commodity:291 -   prophet       93.1%  ₦     328,303     0.000
2026-09-18 21:44:30.478 | INFO     | __main__:train_commodity:291 -   xgboost       30.5%  ₦     164,795     0.516
2026-09-18 21:44:30.509 | INFO     | __main__:run_training:313 - 
[8/17] Starting Beans (white)...
2026-09-18 21:44:30.731 | INFO     | __main__:train_commodity:263 - 
───────────────────────────────────────────────────────
2026-09-18 21:44:30.733 | INFO     | __main__:train_commodity:264 -   Beans (white)  (1281 rows | last: 2026-07-13)
2026-09-18 21:44:30.734 | INFO     | __main__:train_commodity:265 - ───────────────────────────────────────────────────────
2026-09-18 21:44:30.735 | INFO     | __main__:train_commodity:269 -   [1/3] ARIMA...
2026-09-18 21:45:01.112 | DEBUG    | __main__:train_arima:109 -   [Beans (white)] ARIMA order=(0, 2, 1) MAPE=30.6%
2026-09-18 21:45:01.113 | INFO     | __main__:train_commodity:272 -   [2/3] Prophet...
2026-09-18 21:45:03.459 | DEBUG    | __main__:train_prophet:159 -   [Beans (white)] Prophet MAPE=84.7%
2026-09-18 21:45:03.460 | INFO     | __main__:train_commodity:275 -   [3/3] XGBoost...
2026-09-18 21:45:06.888 | DEBUG    | __main__:train_xgboost:215 -   [Beans (white)] XGBoost MAPE=6.2% | top: rolling_min_12w
2026-09-18 21:45:06.899 | INFO     | __main__:train_commodity:281 -   Ensemble weights: arima: 0.169 | xgboost: 0.831
2026-09-18 21:45:06.900 | INFO     | __main__:train_commodity:283 -   Model          MAPE               MAE    Weight
2026-09-18 21:45:06.908 | INFO     | __main__:train_commodity:284 -   --------------------------------------------------
2026-09-18 21:45:06.913 | INFO     | __main__:train_commodity:291 -   arima         30.6%  ₦     283,175     0.169
2026-09-18 21:45:06.923 | INFO     | __main__:train_commodity:291 -   prophet       84.7%  ₦     785,249     0.000
2026-09-18 21:45:06.925 | INFO     | __main__:train_commodity:291 -   xgboost        6.2%  ₦      69,026     0.831
2026-09-18 21:45:06.959 | INFO     | __main__:run_training:313 - 
[9/17] Starting Beans (red)...
2026-09-18 21:45:07.102 | INFO     | __main__:train_commodity:263 - 
───────────────────────────────────────────────────────
2026-09-18 21:45:07.104 | INFO     | __main__:train_commodity:264 -   Beans (red)  (551 rows | last: 2026-07-13)
2026-09-18 21:45:07.105 | INFO     | __main__:train_commodity:265 - ───────────────────────────────────────────────────────
2026-09-18 21:45:07.106 | INFO     | __main__:train_commodity:269 -   [1/3] ARIMA...
2026-09-18 21:45:34.444 | DEBUG    | __main__:train_arima:109 -   [Beans (red)] ARIMA order=(0, 2, 1) MAPE=37.1%
2026-09-18 21:45:34.445 | INFO     | __main__:train_commodity:272 -   [2/3] Prophet...
2026-09-18 21:45:35.725 | DEBUG    | __main__:train_prophet:159 -   [Beans (red)] Prophet MAPE=84.0%
2026-09-18 21:45:35.726 | INFO     | __main__:train_commodity:275 -   [3/3] XGBoost...
2026-09-18 21:45:37.107 | DEBUG    | __main__:train_xgboost:215 -   [Beans (red)] XGBoost MAPE=7.7% | top: rolling_min_4w
2026-09-18 21:45:37.111 | INFO     | __main__:train_commodity:281 -   Ensemble weights: arima: 0.172 | xgboost: 0.828
2026-09-18 21:45:37.113 | INFO     | __main__:train_commodity:283 -   Model          MAPE               MAE    Weight
2026-09-18 21:45:37.115 | INFO     | __main__:train_commodity:284 -   --------------------------------------------------
2026-09-18 21:45:37.116 | INFO     | __main__:train_commodity:291 -   arima         37.1%  ₦     365,168     0.172
2026-09-18 21:45:37.118 | INFO     | __main__:train_commodity:291 -   prophet       84.0%  ₦     829,429     0.000
2026-09-18 21:45:37.119 | INFO     | __main__:train_commodity:291 -   xgboost        7.7%  ₦     117,952     0.828
2026-09-18 21:45:37.190 | INFO     | __main__:run_training:313 - 
[10/17] Starting Maize (white)...
2026-09-18 21:45:37.386 | INFO     | __main__:train_commodity:263 - 
───────────────────────────────────────────────────────
2026-09-18 21:45:37.387 | INFO     | __main__:train_commodity:264 -   Maize (white)  (1283 rows | last: 2026-07-27)
2026-09-18 21:45:37.388 | INFO     | __main__:train_commodity:265 - ───────────────────────────────────────────────────────
2026-09-18 21:45:37.389 | INFO     | __main__:train_commodity:269 -   [1/3] ARIMA...
2026-09-18 21:46:45.920 | DEBUG    | __main__:train_arima:109 -   [Maize (white)] ARIMA order=(1, 2, 2) MAPE=1.9%
2026-09-18 21:46:45.921 | INFO     | __main__:train_commodity:272 -   [2/3] Prophet...
2026-09-18 21:46:49.957 | DEBUG    | __main__:train_prophet:159 -   [Maize (white)] Prophet MAPE=20.8%
2026-09-18 21:46:49.958 | INFO     | __main__:train_commodity:275 -   [3/3] XGBoost...
2026-09-18 21:46:55.213 | DEBUG    | __main__:train_xgboost:215 -   [Maize (white)] XGBoost MAPE=43.7% | top: rolling_mean_4w
2026-09-18 21:46:55.220 | INFO     | __main__:train_commodity:281 -   Ensemble weights: arima: 0.883 | prophet: 0.079 | xgboost: 0.038
2026-09-18 21:46:55.224 | INFO     | __main__:train_commodity:283 -   Model          MAPE               MAE    Weight
2026-09-18 21:46:55.226 | INFO     | __main__:train_commodity:284 -   --------------------------------------------------
2026-09-18 21:46:55.227 | INFO     | __main__:train_commodity:291 -   arima          1.9%  ₦      11,356     0.883
2026-09-18 21:46:55.231 | INFO     | __main__:train_commodity:291 -   prophet       20.8%  ₦     124,537     0.079
2026-09-18 21:46:55.246 | INFO     | __main__:train_commodity:291 -   xgboost       43.7%  ₦     304,985     0.038
2026-09-18 21:46:55.276 | INFO     | __main__:run_training:313 - 
[11/17] Starting Maize (yellow)...
2026-09-18 21:46:55.452 | INFO     | __main__:train_commodity:263 - 
───────────────────────────────────────────────────────
2026-09-18 21:46:55.453 | INFO     | __main__:train_commodity:264 -   Maize (yellow)  (640 rows | last: 2026-07-27)
2026-09-18 21:46:55.454 | INFO     | __main__:train_commodity:265 - ───────────────────────────────────────────────────────
2026-09-18 21:46:55.456 | INFO     | __main__:train_commodity:269 -   [1/3] ARIMA...
2026-09-18 21:47:40.752 | DEBUG    | __main__:train_arima:109 -   [Maize (yellow)] ARIMA order=(1, 2, 2) MAPE=1.9%
2026-09-18 21:47:40.752 | INFO     | __main__:train_commodity:272 -   [2/3] Prophet...
2026-09-18 21:47:42.441 | DEBUG    | __main__:train_prophet:159 -   [Maize (yellow)] Prophet MAPE=31.2%
2026-09-18 21:47:42.443 | INFO     | __main__:train_commodity:275 -   [3/3] XGBoost...
2026-09-18 21:47:48.055 | DEBUG    | __main__:train_xgboost:215 -   [Maize (yellow)] XGBoost MAPE=18.9% | top: price_lag_1w
2026-09-18 21:47:48.060 | INFO     | __main__:train_commodity:281 -   Ensemble weights: arima: 0.863 | prophet: 0.052 | xgboost: 0.085
2026-09-18 21:47:48.063 | INFO     | __main__:train_commodity:283 -   Model          MAPE               MAE    Weight
2026-09-18 21:47:48.069 | INFO     | __main__:train_commodity:284 -   --------------------------------------------------
2026-09-18 21:47:48.072 | INFO     | __main__:train_commodity:291 -   arima          1.9%  ₦      12,377     0.863
2026-09-18 21:47:48.077 | INFO     | __main__:train_commodity:291 -   prophet       31.2%  ₦     201,690     0.052
2026-09-18 21:47:48.086 | INFO     | __main__:train_commodity:291 -   xgboost       18.9%  ₦     174,277     0.085
2026-09-18 21:47:48.114 | INFO     | __main__:run_training:313 - 
[12/17] Starting Wheat...
2026-09-18 21:47:48.307 | INFO     | __main__:train_commodity:263 - 
───────────────────────────────────────────────────────
2026-09-18 21:47:48.308 | INFO     | __main__:train_commodity:264 -   Wheat  (850 rows | last: 2026-04-13)
2026-09-18 21:47:48.310 | INFO     | __main__:train_commodity:265 - ───────────────────────────────────────────────────────
2026-09-18 21:47:48.311 | INFO     | __main__:train_commodity:269 -   [1/3] ARIMA...
2026-09-18 21:48:06.534 | DEBUG    | __main__:train_arima:109 -   [Wheat] ARIMA order=(0, 1, 0) MAPE=2.6%
2026-09-18 21:48:06.535 | INFO     | __main__:train_commodity:272 -   [2/3] Prophet...
2026-09-18 21:48:07.969 | DEBUG    | __main__:train_prophet:159 -   [Wheat] Prophet MAPE=8.8%
2026-09-18 21:48:07.970 | INFO     | __main__:train_commodity:275 -   [3/3] XGBoost...
2026-09-18 21:48:09.652 | DEBUG    | __main__:train_xgboost:215 -   [Wheat] XGBoost MAPE=28.8% | top: pct_change_52w
2026-09-18 21:48:09.661 | INFO     | __main__:train_commodity:281 -   Ensemble weights: arima: 0.723 | prophet: 0.212 | xgboost: 0.065
2026-09-18 21:48:09.666 | INFO     | __main__:train_commodity:283 -   Model          MAPE               MAE    Weight
2026-09-18 21:48:09.669 | INFO     | __main__:train_commodity:284 -   --------------------------------------------------
2026-09-18 21:48:09.672 | INFO     | __main__:train_commodity:291 -   arima          2.6%  ₦      17,439     0.723
2026-09-18 21:48:09.679 | INFO     | __main__:train_commodity:291 -   prophet        8.8%  ₦      59,570     0.212
2026-09-18 21:48:09.691 | INFO     | __main__:train_commodity:291 -   xgboost       28.8%  ₦     185,500     0.065
2026-09-18 21:48:09.717 | INFO     | __main__:run_training:313 - 
[13/17] Starting Rice...
2026-09-18 21:48:09.909 | INFO     | __main__:train_commodity:263 - 
───────────────────────────────────────────────────────
2026-09-18 21:48:09.913 | INFO     | __main__:train_commodity:264 -   Rice  (1283 rows | last: 2026-07-27)
2026-09-18 21:48:09.915 | INFO     | __main__:train_commodity:265 - ───────────────────────────────────────────────────────
2026-09-18 21:48:09.918 | INFO     | __main__:train_commodity:269 -   [1/3] ARIMA...
2026-09-18 21:48:27.793 | DEBUG    | __main__:train_arima:109 -   [Rice] ARIMA order=(0, 2, 0) MAPE=6.9%
2026-09-18 21:48:27.794 | INFO     | __main__:train_commodity:272 -   [2/3] Prophet...
2026-09-18 21:48:30.285 | DEBUG    | __main__:train_prophet:159 -   [Rice] Prophet MAPE=15.6%
2026-09-18 21:48:30.285 | INFO     | __main__:train_commodity:275 -   [3/3] XGBoost...
2026-09-18 21:48:33.733 | DEBUG    | __main__:train_xgboost:215 -   [Rice] XGBoost MAPE=47.6% | top: rolling_mean_4w
2026-09-18 21:48:33.737 | INFO     | __main__:train_commodity:281 -   Ensemble weights: arima: 0.631 | prophet: 0.278 | xgboost: 0.091
2026-09-18 21:48:33.738 | INFO     | __main__:train_commodity:283 -   Model          MAPE               MAE    Weight
2026-09-18 21:48:33.740 | INFO     | __main__:train_commodity:284 -   --------------------------------------------------
2026-09-18 21:48:33.742 | INFO     | __main__:train_commodity:291 -   arima          6.9%  ₦     125,992     0.631
2026-09-18 21:48:33.745 | INFO     | __main__:train_commodity:291 -   prophet       15.6%  ₦     282,178     0.278
2026-09-18 21:48:33.751 | INFO     | __main__:train_commodity:291 -   xgboost       47.6%  ₦     845,269     0.091
2026-09-18 21:48:33.771 | INFO     | __main__:run_training:313 - 
[14/17] Starting Meat (beef)...
2026-09-18 21:48:33.946 | INFO     | __main__:train_commodity:263 - 
───────────────────────────────────────────────────────
2026-09-18 21:48:33.947 | INFO     | __main__:train_commodity:264 -   Meat (beef)  (531 rows | last: 2026-07-27)
2026-09-18 21:48:33.948 | INFO     | __main__:train_commodity:265 - ───────────────────────────────────────────────────────
2026-09-18 21:48:33.949 | INFO     | __main__:train_commodity:269 -   [1/3] ARIMA...
2026-09-18 21:48:58.626 | DEBUG    | __main__:train_arima:109 -   [Meat (beef)] ARIMA order=(0, 1, 0) MAPE=7.9%
2026-09-18 21:48:58.626 | INFO     | __main__:train_commodity:272 -   [2/3] Prophet...
2026-09-18 21:49:00.400 | DEBUG    | __main__:train_prophet:159 -   [Meat (beef)] Prophet MAPE=26.2%
2026-09-18 21:49:00.400 | INFO     | __main__:train_commodity:275 -   [3/3] XGBoost...
2026-09-18 21:49:03.830 | DEBUG    | __main__:train_xgboost:215 -   [Meat (beef)] XGBoost MAPE=34.2% | top: headline_inflation_yoy
2026-09-18 21:49:03.835 | INFO     | __main__:train_commodity:281 -   Ensemble weights: arima: 0.653 | prophet: 0.197 | xgboost: 0.150
2026-09-18 21:49:03.837 | INFO     | __main__:train_commodity:283 -   Model          MAPE               MAE    Weight
2026-09-18 21:49:03.838 | INFO     | __main__:train_commodity:284 -   --------------------------------------------------
2026-09-18 21:49:03.838 | INFO     | __main__:train_commodity:291 -   arima          7.9%  ₦     448,331     0.653
2026-09-18 21:49:03.839 | INFO     | __main__:train_commodity:291 -   prophet       26.2%  ₦   1,490,896     0.197
2026-09-18 21:49:03.840 | INFO     | __main__:train_commodity:291 -   xgboost       34.2%  ₦   1,958,969     0.150
2026-09-18 21:49:03.851 | INFO     | __main__:run_training:313 - 
[15/17] Starting Meat (goat)...
2026-09-18 21:49:03.965 | INFO     | __main__:train_commodity:263 - 
───────────────────────────────────────────────────────
2026-09-18 21:49:03.966 | INFO     | __main__:train_commodity:264 -   Meat (goat)  (553 rows | last: 2026-07-27)
2026-09-18 21:49:03.967 | INFO     | __main__:train_commodity:265 - ───────────────────────────────────────────────────────
2026-09-18 21:49:03.967 | INFO     | __main__:train_commodity:269 -   [1/3] ARIMA...
2026-09-18 21:49:45.977 | DEBUG    | __main__:train_arima:109 -   [Meat (goat)] ARIMA order=(0, 1, 2) MAPE=1.7%
2026-09-18 21:49:45.978 | INFO     | __main__:train_commodity:272 -   [2/3] Prophet...
2026-09-18 21:49:48.117 | DEBUG    | __main__:train_prophet:159 -   [Meat (goat)] Prophet MAPE=8.5%
2026-09-18 21:49:48.118 | INFO     | __main__:train_commodity:275 -   [3/3] XGBoost...
2026-09-18 21:49:49.751 | DEBUG    | __main__:train_xgboost:215 -   [Meat (goat)] XGBoost MAPE=16.1% | top: rolling_min_4w
2026-09-18 21:49:49.757 | INFO     | __main__:train_commodity:281 -   Ensemble weights: arima: 0.763 | prophet: 0.155 | xgboost: 0.082
2026-09-18 21:49:49.758 | INFO     | __main__:train_commodity:283 -   Model          MAPE               MAE    Weight
2026-09-18 21:49:49.760 | INFO     | __main__:train_commodity:284 -   --------------------------------------------------
2026-09-18 21:49:49.760 | INFO     | __main__:train_commodity:291 -   arima          1.7%  ₦      98,040     0.763
2026-09-18 21:49:49.761 | INFO     | __main__:train_commodity:291 -   prophet        8.5%  ₦     485,757     0.155
2026-09-18 21:49:49.762 | INFO     | __main__:train_commodity:291 -   xgboost       16.1%  ₦     919,348     0.082
2026-09-18 21:49:49.766 | INFO     | __main__:run_training:313 - 
[16/17] Starting Fish (dried)...
2026-09-18 21:49:49.883 | INFO     | __main__:train_commodity:263 - 
───────────────────────────────────────────────────────
2026-09-18 21:49:49.884 | INFO     | __main__:train_commodity:264 -   Fish (dried)  (553 rows | last: 2026-07-27)
2026-09-18 21:49:49.885 | INFO     | __main__:train_commodity:265 - ───────────────────────────────────────────────────────
2026-09-18 21:49:49.886 | INFO     | __main__:train_commodity:269 -   [1/3] ARIMA...
2026-09-18 21:50:44.967 | DEBUG    | __main__:train_arima:109 -   [Fish (dried)] ARIMA order=(1, 1, 0) MAPE=15.2%
2026-09-18 21:50:44.968 | INFO     | __main__:train_commodity:272 -   [2/3] Prophet...
2026-09-18 21:50:46.225 | DEBUG    | __main__:train_prophet:159 -   [Fish (dried)] Prophet MAPE=71.3%
2026-09-18 21:50:46.226 | INFO     | __main__:train_commodity:275 -   [3/3] XGBoost...
2026-09-18 21:50:49.628 | DEBUG    | __main__:train_xgboost:215 -   [Fish (dried)] XGBoost MAPE=13.6% | top: rolling_min_4w
2026-09-18 21:50:49.632 | INFO     | __main__:train_commodity:281 -   Ensemble weights: arima: 0.473 | xgboost: 0.527
2026-09-18 21:50:49.635 | INFO     | __main__:train_commodity:283 -   Model          MAPE               MAE    Weight
2026-09-18 21:50:49.635 | INFO     | __main__:train_commodity:284 -   --------------------------------------------------
2026-09-18 21:50:49.638 | INFO     | __main__:train_commodity:291 -   arima         15.2%  ₦     232,947     0.473
2026-09-18 21:50:49.641 | INFO     | __main__:train_commodity:291 -   prophet       71.3%  ₦   1,094,976     0.000
2026-09-18 21:50:49.645 | INFO     | __main__:train_commodity:291 -   xgboost       13.6%  ₦     206,515     0.527
2026-09-18 21:50:49.685 | INFO     | __main__:run_training:313 - 
[17/17] Starting Eggs...
2026-09-18 21:50:49.970 | INFO     | __main__:train_commodity:263 - 
───────────────────────────────────────────────────────
2026-09-18 21:50:49.971 | INFO     | __main__:train_commodity:264 -   Eggs  (527 rows | last: 2026-07-27)
2026-09-18 21:50:49.972 | INFO     | __main__:train_commodity:265 - ───────────────────────────────────────────────────────
2026-09-18 21:50:49.972 | INFO     | __main__:train_commodity:269 -   [1/3] ARIMA...
2026-09-18 21:51:20.646 | DEBUG    | __main__:train_arima:109 -   [Eggs] ARIMA order=(0, 2, 0) MAPE=6.4%
2026-09-18 21:51:20.647 | INFO     | __main__:train_commodity:272 -   [2/3] Prophet...
2026-09-18 21:51:22.206 | DEBUG    | __main__:train_prophet:159 -   [Eggs] Prophet MAPE=17.6%
2026-09-18 21:51:22.206 | INFO     | __main__:train_commodity:275 -   [3/3] XGBoost...
2026-09-18 21:51:28.608 | DEBUG    | __main__:train_xgboost:215 -   [Eggs] XGBoost MAPE=30.9% | top: rolling_max_12w
2026-09-18 21:51:28.617 | INFO     | __main__:train_commodity:281 -   Ensemble weights: arima: 0.637 | prophet: 0.231 | xgboost: 0.132
2026-09-18 21:51:28.617 | INFO     | __main__:train_commodity:283 -   Model          MAPE               MAE    Weight
2026-09-18 21:51:28.618 | INFO     | __main__:train_commodity:284 -   --------------------------------------------------
2026-09-18 21:51:28.626 | INFO     | __main__:train_commodity:291 -   arima          6.4%  ₦         417     0.637
2026-09-18 21:51:28.638 | INFO     | __main__:train_commodity:291 -   prophet       17.6%  ₦       1,153     0.231
2026-09-18 21:51:28.655 | INFO     | __main__:train_commodity:291 -   xgboost       30.9%  ₦       1,960     0.132
2026-09-18 21:51:28.736 | INFO     | __main__:run_training:324 - 
======================================================================
2026-09-18 21:51:28.739 | INFO     | __main__:run_training:325 -   FINAL TRAINING SUMMARY
2026-09-18 21:51:28.742 | INFO     | __main__:run_training:326 - ======================================================================
2026-09-18 21:51:28.744 | INFO     | __main__:run_training:327 -   Commodity                 ARIMA   Prophet   XGBoost       Best
2026-09-18 21:51:28.746 | INFO     | __main__:run_training:328 -   --------------------------------------------------------------
2026-09-18 21:51:28.752 | INFO     | __main__:run_training:341 -   Hibiscus                  36.7%     58.2%      7.7%    xgboost
2026-09-18 21:51:28.755 | INFO     | __main__:run_training:341 -   Sesame                    26.5%     13.8%     12.5%    xgboost
2026-09-18 21:51:28.759 | INFO     | __main__:run_training:341 -   Ginger                     5.0%     19.7%      4.6%    xgboost
2026-09-18 21:51:28.767 | INFO     | __main__:run_training:341 -   Cocoa                     12.1%     20.1%     31.6%      arima
2026-09-18 21:51:28.768 | INFO     | __main__:run_training:341 -   Soybeans                  15.8%     30.6%     45.1%      arima
2026-09-18 21:51:28.774 | INFO     | __main__:run_training:341 -   Cashew Nuts                3.7%     83.6%      3.4%    xgboost
2026-09-18 21:51:28.778 | INFO     | __main__:run_training:341 -   Sorghum                   32.6%     93.1%     30.5%    xgboost
2026-09-18 21:51:28.780 | INFO     | __main__:run_training:341 -   Beans (white)             30.6%     84.7%      6.2%    xgboost
2026-09-18 21:51:28.783 | INFO     | __main__:run_training:341 -   Beans (red)               37.1%     84.0%      7.7%    xgboost
2026-09-18 21:51:28.789 | INFO     | __main__:run_training:341 -   Maize (white)              1.9%     20.8%     43.7%      arima
2026-09-18 21:51:28.794 | INFO     | __main__:run_training:341 -   Maize (yellow)             1.9%     31.2%     18.9%      arima
2026-09-18 21:51:28.798 | INFO     | __main__:run_training:341 -   Wheat                      2.6%      8.8%     28.8%      arima
2026-09-18 21:51:28.804 | INFO     | __main__:run_training:341 -   Rice                       6.9%     15.6%     47.6%      arima
2026-09-18 21:51:28.810 | INFO     | __main__:run_training:341 -   Meat (beef)                7.9%     26.2%     34.2%      arima
2026-09-18 21:51:28.813 | INFO     | __main__:run_training:341 -   Meat (goat)                1.7%      8.5%     16.1%      arima
2026-09-18 21:51:28.819 | INFO     | __main__:run_training:341 -   Fish (dried)              15.2%     71.3%     13.6%    xgboost
2026-09-18 21:51:28.823 | INFO     | __main__:run_training:341 -   Eggs                       6.4%     17.6%     30.9%      arima
2026-09-18 21:51:28.828 | INFO     | __main__:run_training:343 - ======================================================================
2026-09-18 21:51:28.834 | SUCCESS  | __main__:run_training:345 - TRAINING COMPLETE — 17/17 commodities
2026-09-18 21:51:28.844 | INFO     | __main__:run_training:346 - ======================================================================
