2026-08-08 05:56:30.148 | INFO     | __main__:run_zonal_forecast:464 - =================================================================
2026-08-08 05:56:30.154 | INFO     | __main__:run_zonal_forecast:465 - STEP 7 — ZONAL & STATE-LEVEL FORECASTING
2026-08-08 05:56:30.156 | INFO     | __main__:run_zonal_forecast:466 -   Date  : Saturday, 08 August 2026  05:56
2026-08-08 05:56:30.157 | INFO     | __main__:run_zonal_forecast:467 -   Anchor: DAILY INTERPOLATED (from last_known_date, drifts daily)
2026-08-08 05:56:30.159 | INFO     | __main__:run_zonal_forecast:468 - =================================================================
2026-08-08 05:56:30.516 | INFO     | __main__:run_zonal_forecast:471 -   Source: forecast_validated_2026-08-08.json
2026-08-08 05:56:30.518 | INFO     | __main__:run_zonal_forecast:478 -   Maize (white): last_known=2026-08-08, days_elapsed=0
2026-08-08 05:56:30.519 | INFO     | __main__:run_zonal_forecast:478 -   Hibiscus: last_known=2026-08-08, days_elapsed=0
2026-08-08 05:56:30.520 | INFO     | __main__:run_zonal_forecast:478 -   Sesame: last_known=2026-08-08, days_elapsed=0
2026-08-08 05:56:30.521 | INFO     | __main__:build_zonal_output:285 - 
2026-08-08 05:56:30.522 | INFO     | __main__:build_zonal_output:286 -   NATIONAL ANCHORS (interpolated from last_known_date to today):
2026-08-08 05:56:30.522 | INFO     | __main__:build_zonal_output:287 -   Commodity                 Today Price   Day Chg    vs Ref  Source
2026-08-08 05:56:30.523 | INFO     | __main__:build_zonal_output:288 -   --------------------------------------------------------------------------------
2026-08-08 05:56:30.526 | DEBUG    | __main__:get_daily_price:116 -   last_known=2026-08-08, run=2026-08-08, elapsed=7d
2026-08-08 05:56:30.531 | DEBUG    | __main__:get_daily_price:82 -   last_known_date 2026-08-08 is in future. Capping to 7 days ago.
2026-08-08 05:56:30.531 | DEBUG    | __main__:get_daily_price:116 -   last_known=2026-08-08, run=2026-08-07, elapsed=7d
2026-08-08 05:56:30.534 | INFO     | __main__:build_zonal_output:318 -   Hibiscus               N   2,419,482    -0.09%   -1.25%  interp d7 (weekly series | -1.25% v
2026-08-08 05:56:30.535 | DEBUG    | __main__:get_daily_price:116 -   last_known=2026-08-08, run=2026-08-08, elapsed=7d
2026-08-08 05:56:30.539 | DEBUG    | __main__:get_daily_price:82 -   last_known_date 2026-08-08 is in future. Capping to 7 days ago.
2026-08-08 05:56:30.539 | DEBUG    | __main__:get_daily_price:116 -   last_known=2026-08-08, run=2026-08-07, elapsed=7d
2026-08-08 05:56:30.542 | INFO     | __main__:build_zonal_output:318 -   Sesame                 N   1,470,897    +0.05%  + +0.75%  interp d7 (weekly series | +0.75% v
2026-08-08 05:56:30.547 | DEBUG    | __main__:get_daily_price:116 -   last_known=2026-08-08, run=2026-08-08, elapsed=7d
2026-08-08 05:56:30.550 | DEBUG    | __main__:get_daily_price:82 -   last_known_date 2026-08-08 is in future. Capping to 7 days ago.
2026-08-08 05:56:30.550 | DEBUG    | __main__:get_daily_price:116 -   last_known=2026-08-08, run=2026-08-07, elapsed=7d
2026-08-08 05:56:30.553 | INFO     | __main__:build_zonal_output:318 -   Ginger                 N   9,849,883    +0.11%  + +1.55%  interp d7 (weekly series | +1.55% v
2026-08-08 05:56:30.554 | DEBUG    | __main__:get_daily_price:116 -   last_known=2026-08-08, run=2026-08-08, elapsed=7d
2026-08-08 05:56:30.559 | DEBUG    | __main__:get_daily_price:82 -   last_known_date 2026-08-08 is in future. Capping to 7 days ago.
2026-08-08 05:56:30.560 | DEBUG    | __main__:get_daily_price:116 -   last_known=2026-08-08, run=2026-08-07, elapsed=7d
2026-08-08 05:56:30.564 | INFO     | __main__:build_zonal_output:318 -   Cocoa                  N   4,766,266    +0.10%  + +1.41%  interp d7 (weekly series | +1.41% v
2026-08-08 05:56:30.564 | DEBUG    | __main__:get_daily_price:116 -   last_known=2026-08-08, run=2026-08-08, elapsed=7d
2026-08-08 05:56:30.568 | DEBUG    | __main__:get_daily_price:82 -   last_known_date 2026-08-08 is in future. Capping to 7 days ago.
2026-08-08 05:56:30.568 | DEBUG    | __main__:get_daily_price:116 -   last_known=2026-08-08, run=2026-08-07, elapsed=7d
2026-08-08 05:56:30.571 | INFO     | __main__:build_zonal_output:318 -   Soybeans               N     782,742    +0.03%  + +0.35%  interp d7 (weekly series | +0.35% v
2026-08-08 05:56:30.572 | DEBUG    | __main__:get_daily_price:116 -   last_known=2026-08-08, run=2026-08-08, elapsed=7d
2026-08-08 05:56:30.576 | DEBUG    | __main__:get_daily_price:82 -   last_known_date 2026-08-08 is in future. Capping to 7 days ago.
2026-08-08 05:56:30.576 | DEBUG    | __main__:get_daily_price:116 -   last_known=2026-08-08, run=2026-08-07, elapsed=7d
2026-08-08 05:56:30.581 | INFO     | __main__:build_zonal_output:318 -   Cashew Nuts            N   1,911,505    +0.04%  + +0.61%  interp d7 (weekly series | +0.61% v
2026-08-08 05:56:30.582 | DEBUG    | __main__:get_daily_price:116 -   last_known=2026-08-08, run=2026-08-08, elapsed=7d
2026-08-08 05:56:30.586 | DEBUG    | __main__:get_daily_price:82 -   last_known_date 2026-08-08 is in future. Capping to 7 days ago.
2026-08-08 05:56:30.586 | DEBUG    | __main__:get_daily_price:116 -   last_known=2026-08-08, run=2026-08-07, elapsed=7d
2026-08-08 05:56:30.589 | INFO     | __main__:build_zonal_output:318 -   Sorghum                N     357,761    +0.06%  + +0.78%  interp d7 (weekly series | +0.78% v
2026-08-08 05:56:30.592 | DEBUG    | __main__:get_daily_price:116 -   last_known=2026-08-08, run=2026-08-08, elapsed=7d
2026-08-08 05:56:30.596 | DEBUG    | __main__:get_daily_price:82 -   last_known_date 2026-08-08 is in future. Capping to 7 days ago.
2026-08-08 05:56:30.597 | DEBUG    | __main__:get_daily_price:116 -   last_known=2026-08-08, run=2026-08-07, elapsed=7d
2026-08-08 05:56:30.599 | INFO     | __main__:build_zonal_output:318 -   Beans (white)          N     754,975    +0.05%  + +0.66%  interp d7 (weekly series | +0.66% v
2026-08-08 05:56:30.600 | DEBUG    | __main__:get_daily_price:116 -   last_known=2026-08-08, run=2026-08-08, elapsed=7d
2026-08-08 05:56:30.606 | DEBUG    | __main__:get_daily_price:82 -   last_known_date 2026-08-08 is in future. Capping to 7 days ago.
2026-08-08 05:56:30.607 | DEBUG    | __main__:get_daily_price:116 -   last_known=2026-08-08, run=2026-08-07, elapsed=7d
2026-08-08 05:56:30.610 | INFO     | __main__:build_zonal_output:318 -   Beans (red)            N     846,489    -0.03%   -0.41%  interp d7 (weekly series | -0.41% v
2026-08-08 05:56:30.613 | DEBUG    | __main__:get_daily_price:116 -   last_known=2026-08-08, run=2026-08-08, elapsed=7d
2026-08-08 05:56:30.619 | DEBUG    | __main__:get_daily_price:82 -   last_known_date 2026-08-08 is in future. Capping to 7 days ago.
2026-08-08 05:56:30.619 | DEBUG    | __main__:get_daily_price:116 -   last_known=2026-08-08, run=2026-08-07, elapsed=7d
2026-08-08 05:56:30.623 | INFO     | __main__:build_zonal_output:318 -   Maize (white)          N     392,323    -0.05%   -0.68%  interp d7 (weekly series | -0.68% v
2026-08-08 05:56:30.624 | DEBUG    | __main__:get_daily_price:116 -   last_known=2026-08-08, run=2026-08-08, elapsed=7d
2026-08-08 05:56:30.631 | DEBUG    | __main__:get_daily_price:82 -   last_known_date 2026-08-08 is in future. Capping to 7 days ago.
2026-08-08 05:56:30.631 | DEBUG    | __main__:get_daily_price:116 -   last_known=2026-08-08, run=2026-08-07, elapsed=7d
2026-08-08 05:56:30.637 | INFO     | __main__:build_zonal_output:318 -   Maize (yellow)         N     418,862    -0.04%   -0.51%  interp d7 (weekly series | -0.51% v
2026-08-08 05:56:30.638 | DEBUG    | __main__:get_daily_price:116 -   last_known=2026-08-08, run=2026-08-08, elapsed=7d
2026-08-08 05:56:30.643 | DEBUG    | __main__:get_daily_price:82 -   last_known_date 2026-08-08 is in future. Capping to 7 days ago.
2026-08-08 05:56:30.643 | DEBUG    | __main__:get_daily_price:116 -   last_known=2026-08-08, run=2026-08-07, elapsed=7d
2026-08-08 05:56:30.651 | INFO     | __main__:build_zonal_output:318 -   Wheat                  N     986,575    -0.10%   -1.34%  interp d7 (weekly series | -1.34% v
2026-08-08 05:56:30.654 | DEBUG    | __main__:get_daily_price:116 -   last_known=2026-08-08, run=2026-08-08, elapsed=7d
2026-08-08 05:56:30.658 | DEBUG    | __main__:get_daily_price:82 -   last_known_date 2026-08-08 is in future. Capping to 7 days ago.
2026-08-08 05:56:30.659 | DEBUG    | __main__:get_daily_price:116 -   last_known=2026-08-08, run=2026-08-07, elapsed=7d
2026-08-08 05:56:30.667 | INFO     | __main__:build_zonal_output:318 -   Rice                   N   1,336,355    +0.09%  + +1.24%  interp d7 (weekly series | +1.24% v
2026-08-08 05:56:30.668 | DEBUG    | __main__:get_daily_price:116 -   last_known=2026-08-08, run=2026-08-08, elapsed=7d
2026-08-08 05:56:30.674 | DEBUG    | __main__:get_daily_price:82 -   last_known_date 2026-08-08 is in future. Capping to 7 days ago.
2026-08-08 05:56:30.675 | DEBUG    | __main__:get_daily_price:116 -   last_known=2026-08-08, run=2026-08-07, elapsed=7d
2026-08-08 05:56:30.678 | INFO     | __main__:build_zonal_output:318 -   Eggs                   N       7,872    -0.04%   -0.61%  interp d7 (weekly series | -0.61% v
2026-08-08 05:56:30.683 | DEBUG    | __main__:get_daily_price:116 -   last_known=2026-08-08, run=2026-08-08, elapsed=7d
2026-08-08 05:56:30.692 | DEBUG    | __main__:get_daily_price:82 -   last_known_date 2026-08-08 is in future. Capping to 7 days ago.
2026-08-08 05:56:30.693 | DEBUG    | __main__:get_daily_price:116 -   last_known=2026-08-08, run=2026-08-07, elapsed=7d
2026-08-08 05:56:30.708 | INFO     | __main__:build_zonal_output:318 -   Fish (dried)           N   2,938,840    -0.07%   -0.98%  interp d7 (weekly series | -0.98% v
2026-08-08 05:56:30.709 | DEBUG    | __main__:get_daily_price:116 -   last_known=2026-08-08, run=2026-08-08, elapsed=7d
2026-08-08 05:56:30.718 | DEBUG    | __main__:get_daily_price:82 -   last_known_date 2026-08-08 is in future. Capping to 7 days ago.
2026-08-08 05:56:30.719 | DEBUG    | __main__:get_daily_price:116 -   last_known=2026-08-08, run=2026-08-07, elapsed=7d
2026-08-08 05:56:30.721 | INFO     | __main__:build_zonal_output:318 -   Meat (goat)            N   4,914,938    +0.08%  + +1.13%  interp d7 (weekly series | +1.13% v
2026-08-08 05:56:30.723 | DEBUG    | __main__:get_daily_price:116 -   last_known=2026-08-08, run=2026-08-08, elapsed=7d
2026-08-08 05:56:30.726 | DEBUG    | __main__:get_daily_price:82 -   last_known_date 2026-08-08 is in future. Capping to 7 days ago.
2026-08-08 05:56:30.726 | DEBUG    | __main__:get_daily_price:116 -   last_known=2026-08-08, run=2026-08-07, elapsed=7d
2026-08-08 05:56:30.729 | INFO     | __main__:build_zonal_output:318 -   Meat (beef)            N   4,587,942    +0.08%  + +1.15%  interp d7 (weekly series | +1.15% v
2026-08-08 05:56:30.732 | INFO     | __main__:build_zonal_output:321 - 
2026-08-08 05:56:30.836 | INFO     | __main__:run_zonal_forecast:484 - 
2026-08-08 05:56:30.839 | INFO     | __main__:run_zonal_forecast:485 -   Zone             State        Commodity                 State Price  Day Chg
2026-08-08 05:56:30.842 | INFO     | __main__:run_zonal_forecast:486 -   ------------------------------------------------------------------------
2026-08-08 05:56:30.847 | INFO     | __main__:run_zonal_forecast:493 -   North West       Kano         * Sesame                N   1,220,844/MT  +0.05%
2026-08-08 05:56:30.849 | INFO     | __main__:run_zonal_forecast:493 -   North West       Kano         * Sorghum               N     279,054/MT  +0.06%
2026-08-08 05:56:30.850 | INFO     | __main__:run_zonal_forecast:493 -   North West       Kano         * Beans (white)         N     656,828/MT  +0.05%
2026-08-08 05:56:30.852 | INFO     | __main__:run_zonal_forecast:493 -   North West       Kano         * Maize (white)         N     313,858/MT  -0.05%
2026-08-08 05:56:30.853 | INFO     | __main__:run_zonal_forecast:493 -   North West       Kano         * Maize (yellow)        N     335,090/MT  -0.04%
2026-08-08 05:56:30.855 | INFO     | __main__:run_zonal_forecast:493 -   North West       Kano         * Wheat                 N     878,051/MT  -0.10%
2026-08-08 05:56:30.856 | INFO     | __main__:run_zonal_forecast:493 -   North West       Kaduna       * Ginger                N   7,091,915/MT  +0.11%
2026-08-08 05:56:30.856 | INFO     | __main__:run_zonal_forecast:493 -   North West       Kaduna       * Soybeans              N     657,503/MT  +0.03%
2026-08-08 05:56:30.858 | INFO     | __main__:run_zonal_forecast:493 -   North West       Kaduna       * Sorghum               N     286,209/MT  +0.06%
2026-08-08 05:56:30.859 | INFO     | __main__:run_zonal_forecast:493 -   North West       Kaduna       * Maize (white)         N     317,782/MT  -0.05%
2026-08-08 05:56:30.865 | INFO     | __main__:run_zonal_forecast:493 -   North West       Kaduna       * Maize (yellow)        N     339,278/MT  -0.04%
2026-08-08 05:56:30.866 | INFO     | __main__:run_zonal_forecast:493 -   North West       Kaduna       * Wheat                 N     858,320/MT  -0.10%
2026-08-08 05:56:30.867 | INFO     | __main__:run_zonal_forecast:493 -   North West       Kaduna       * Rice                  N   1,242,810/MT  +0.09%
2026-08-08 05:56:30.869 | INFO     | __main__:run_zonal_forecast:493 -   North Central    Plateau      * Ginger                N   7,387,412/MT  +0.11%
2026-08-08 05:56:30.870 | INFO     | __main__:run_zonal_forecast:493 -   North Central    Plateau      * Soybeans              N     649,676/MT  +0.03%
2026-08-08 05:56:30.871 | INFO     | __main__:run_zonal_forecast:493 -   North Central    Plateau      * Beans (white)         N     679,478/MT  +0.05%
2026-08-08 05:56:30.873 | INFO     | __main__:run_zonal_forecast:493 -   North Central    Plateau      * Maize (white)         N     341,321/MT  -0.05%
2026-08-08 05:56:30.874 | INFO     | __main__:run_zonal_forecast:493 -   North Central    Plateau      * Wheat                 N     897,783/MT  -0.10%
2026-08-08 05:56:30.876 | INFO     | __main__:run_zonal_forecast:493 -   North Central    Plateau      * Rice                  N   1,202,719/MT  +0.09%
2026-08-08 05:56:30.879 | INFO     | __main__:run_zonal_forecast:493 -   North Central    Kogi         * Cocoa                 N   4,194,314/MT  +0.10%
2026-08-08 05:56:30.881 | INFO     | __main__:run_zonal_forecast:493 -   North Central    Kogi         * Soybeans              N     680,985/MT  +0.03%
2026-08-08 05:56:30.882 | INFO     | __main__:run_zonal_forecast:493 -   North Central    Kogi         * Cashew Nuts           N   1,529,204/MT  +0.04%
2026-08-08 05:56:30.883 | INFO     | __main__:run_zonal_forecast:493 -   North Central    Kogi         * Sorghum               N     325,563/MT  +0.06%
2026-08-08 05:56:30.884 | INFO     | __main__:run_zonal_forecast:493 -   North Central    Kogi         * Beans (white)         N     694,577/MT  +0.05%
2026-08-08 05:56:30.885 | INFO     | __main__:run_zonal_forecast:493 -   North Central    Kogi         * Maize (white)         N     353,091/MT  -0.05%
2026-08-08 05:56:30.887 | INFO     | __main__:run_zonal_forecast:493 -   North East       Adamawa      * Sesame                N   1,264,971/MT  +0.05%
2026-08-08 05:56:30.891 | INFO     | __main__:run_zonal_forecast:493 -   North East       Adamawa      * Ginger                N   8,175,403/MT  +0.11%
2026-08-08 05:56:30.892 | INFO     | __main__:run_zonal_forecast:493 -   North East       Adamawa      * Soybeans              N     696,640/MT  +0.03%
2026-08-08 05:56:30.895 | INFO     | __main__:run_zonal_forecast:493 -   North East       Adamawa      * Sorghum               N     311,252/MT  +0.06%
2026-08-08 05:56:30.897 | INFO     | __main__:run_zonal_forecast:493 -   North East       Adamawa      * Beans (white)         N     694,577/MT  +0.05%
2026-08-08 05:56:30.898 | INFO     | __main__:run_zonal_forecast:493 -   North East       Adamawa      * Maize (white)         N     345,244/MT  -0.05%
2026-08-08 05:56:30.901 | INFO     | __main__:run_zonal_forecast:493 -   North East       Borno        * Sesame                N   1,309,098/MT  +0.05%
2026-08-08 05:56:30.903 | INFO     | __main__:run_zonal_forecast:493 -   North East       Borno        * Sorghum               N     329,140/MT  +0.06%
2026-08-08 05:56:30.905 | INFO     | __main__:run_zonal_forecast:493 -   North East       Borno        * Beans (white)         N     800,274/MT  +0.05%
2026-08-08 05:56:30.907 | INFO     | __main__:run_zonal_forecast:493 -   North East       Borno        * Maize (white)         N     423,709/MT  -0.05%
2026-08-08 05:56:30.912 | INFO     | __main__:run_zonal_forecast:493 -   North East       Borno        * Wheat                 N   1,104,964/MT  -0.10%
2026-08-08 05:56:30.918 | INFO     | __main__:run_zonal_forecast:493 -   South West       Oyo          * Hibiscus              N   2,492,067/MT  -0.09%
2026-08-08 05:56:30.921 | INFO     | __main__:run_zonal_forecast:493 -   South West       Oyo          * Cocoa                 N   4,241,977/MT  +0.10%
2026-08-08 05:56:30.926 | INFO     | __main__:run_zonal_forecast:493 -   South West       Oyo          * Soybeans              N     814,051/MT  +0.03%
2026-08-08 05:56:30.931 | INFO     | __main__:run_zonal_forecast:493 -   South West       Oyo          * Cashew Nuts           N   1,643,894/MT  +0.04%
2026-08-08 05:56:30.933 | INFO     | __main__:run_zonal_forecast:493 -   South West       Oyo          * Beans (white)         N     830,473/MT  +0.05%
2026-08-08 05:56:30.943 | INFO     | __main__:run_zonal_forecast:493 -   South West       Oyo          * Maize (white)         N     423,709/MT  -0.05%
2026-08-08 05:56:30.949 | INFO     | __main__:run_zonal_forecast:493 -   South West       Lagos        * Hibiscus              N   2,782,404/MT  -0.09%
2026-08-08 05:56:30.952 | INFO     | __main__:run_zonal_forecast:493 -   South West       Lagos        * Sesame                N   1,735,658/MT  +0.05%
2026-08-08 05:56:30.953 | INFO     | __main__:run_zonal_forecast:493 -   South West       Lagos        * Cocoa                 N   5,147,568/MT  +0.10%
2026-08-08 05:56:30.954 | INFO     | __main__:run_zonal_forecast:493 -   South West       Lagos        * Soybeans              N     954,945/MT  +0.03%
2026-08-08 05:56:30.960 | INFO     | __main__:run_zonal_forecast:493 -   South West       Lagos        * Beans (white)         N     966,368/MT  +0.05%
2026-08-08 05:56:30.963 | INFO     | __main__:run_zonal_forecast:493 -   South West       Lagos        * Beans (red)           N   1,058,111/MT  -0.03%
2026-08-08 05:56:30.964 | INFO     | __main__:run_zonal_forecast:493 -   South West       Lagos        * Maize (white)         N     510,020/MT  -0.05%
2026-08-08 05:56:30.966 | INFO     | __main__:run_zonal_forecast:493 -   South West       Lagos        * Maize (yellow)        N     544,521/MT  -0.04%
2026-08-08 05:56:30.967 | INFO     | __main__:run_zonal_forecast:493 -   South East       Anambra      * Cocoa                 N   5,004,580/MT  +0.10%
2026-08-08 05:56:30.968 | INFO     | __main__:run_zonal_forecast:493 -   South East       Anambra      * Cashew Nuts           N   2,102,655/MT  +0.04%
2026-08-08 05:56:30.969 | INFO     | __main__:run_zonal_forecast:493 -   South East       Anambra      * Beans (white)         N     890,871/MT  +0.05%
2026-08-08 05:56:30.971 | INFO     | __main__:run_zonal_forecast:493 -   South East       Anambra      * Beans (red)           N     973,462/MT  -0.03%
2026-08-08 05:56:30.972 | INFO     | __main__:run_zonal_forecast:493 -   South East       Anambra      * Maize (white)         N     470,787/MT  -0.05%
2026-08-08 05:56:30.974 | INFO     | __main__:run_zonal_forecast:493 -   South East       Imo          * Cocoa                 N   4,337,302/MT  +0.10%
2026-08-08 05:56:30.978 | INFO     | __main__:run_zonal_forecast:493 -   South East       Imo          * Cashew Nuts           N   2,026,195/MT  +0.04%
2026-08-08 05:56:30.979 | INFO     | __main__:run_zonal_forecast:493 -   South East       Imo          * Beans (white)         N     868,222/MT  +0.05%
2026-08-08 05:56:30.980 | INFO     | __main__:run_zonal_forecast:493 -   South East       Imo          * Maize (white)         N     459,018/MT  -0.05%
2026-08-08 05:56:30.981 | INFO     | __main__:run_zonal_forecast:493 -   South South      Rivers       * Hibiscus              N   2,709,820/MT  -0.09%
2026-08-08 05:56:30.983 | INFO     | __main__:run_zonal_forecast:493 -   South South      Rivers       * Sesame                N   1,735,658/MT  +0.05%
2026-08-08 05:56:30.985 | INFO     | __main__:run_zonal_forecast:493 -   South South      Rivers       * Cocoa                 N   5,004,580/MT  +0.10%
2026-08-08 05:56:30.988 | INFO     | __main__:run_zonal_forecast:493 -   South South      Rivers       * Beans (white)         N     921,070/MT  +0.05%
2026-08-08 05:56:30.991 | INFO     | __main__:run_zonal_forecast:493 -   South South      Rivers       * Beans (red)           N   1,015,787/MT  -0.03%
2026-08-08 05:56:30.993 | INFO     | __main__:run_zonal_forecast:493 -   South South      Rivers       * Maize (white)         N     490,404/MT  -0.05%
2026-08-08 05:56:30.999 | INFO     | __main__:run_zonal_forecast:493 -   South South      Delta        * Hibiscus              N   2,613,041/MT  -0.09%
2026-08-08 05:56:31.000 | INFO     | __main__:run_zonal_forecast:493 -   South South      Delta        * Sesame                N   1,706,240/MT  +0.05%
2026-08-08 05:56:31.002 | INFO     | __main__:run_zonal_forecast:493 -   South South      Delta        * Cocoa                 N   4,432,628/MT  +0.10%
2026-08-08 05:56:31.003 | INFO     | __main__:run_zonal_forecast:493 -   South South      Delta        * Soybeans              N     892,325/MT  +0.03%
2026-08-08 05:56:31.004 | INFO     | __main__:run_zonal_forecast:493 -   South South      Delta        * Beans (white)         N     883,321/MT  +0.05%
2026-08-08 05:56:31.007 | INFO     | __main__:run_zonal_forecast:493 -   South South      Delta        * Maize (white)         N     470,787/MT  -0.05%
2026-08-08 05:56:31.784 | SUCCESS  | __main__:run_zonal_forecast:507 -   Zonal JSON  -> C:\Users\USER\Downloads\agrolinking-intel-structure\agrolinking-intel\outputs\forecasts\zonal\zonal_forecast_2026-08-08.json
2026-08-08 05:56:31.791 | SUCCESS  | __main__:run_zonal_forecast:513 -   Zonal alert -> C:\Users\USER\Downloads\agrolinking-intel-structure\agrolinking-intel\outputs\daily_alerts\alert_zonal_2026-08-08.txt
2026-08-08 05:56:31.800 | INFO     | __main__:run_zonal_forecast:515 - 
2026-08-08 05:56:31.802 | INFO     | __main__:run_zonal_forecast:516 - =================================================================
2026-08-08 05:56:31.803 | INFO     | __main__:run_zonal_forecast:518 -   ================================================
2026-08-08 05:56:31.803 | INFO     | __main__:run_zonal_forecast:518 -   AGROLINKING ZONAL COMMODITY INTELLIGENCE
2026-08-08 05:56:31.804 | INFO     | __main__:run_zonal_forecast:518 -   Date: Saturday, 08 August 2026
2026-08-08 05:56:31.805 | INFO     | __main__:run_zonal_forecast:518 -   6 Zones | 12 States | 12 Commodities
2026-08-08 05:56:31.806 | INFO     | __main__:run_zonal_forecast:518 -   ================================================
2026-08-08 05:56:31.808 | INFO     | __main__:run_zonal_forecast:518 -   
2026-08-08 05:56:31.814 | INFO     | __main__:run_zonal_forecast:518 -   NORTH WEST (Kano & Kaduna)
2026-08-08 05:56:31.816 | INFO     | __main__:run_zonal_forecast:518 -   Nigeria's main grain belt. Highest Maize, Sorghum, Sesame, Wheat production.
2026-08-08 05:56:31.818 | INFO     | __main__:run_zonal_forecast:518 -   
2026-08-08 05:56:31.819 | INFO     | __main__:run_zonal_forecast:518 -     Commodity           Kano                Kaduna            
2026-08-08 05:56:31.821 | INFO     | __main__:run_zonal_forecast:518 -     ------------------------------------------------------------
2026-08-08 05:56:31.824 | INFO     | __main__:run_zonal_forecast:518 -     Hibiscus                N2.299M    (-0.1%)    N2.250M    (-0.1%)
2026-08-08 05:56:31.825 | INFO     | __main__:run_zonal_forecast:518 -     Sesame                * N1.221M    (+0.1%)    N1.250M    (+0.1%)
2026-08-08 05:56:31.829 | INFO     | __main__:run_zonal_forecast:518 -     Ginger                  N9.653M    (+0.1%)  * N7.092M    (+0.1%)
2026-08-08 05:56:31.832 | INFO     | __main__:run_zonal_forecast:518 -     Cocoa                   N4.862M    (+0.1%)    N5.005M    (+0.1%)
2026-08-08 05:56:31.834 | INFO     | __main__:run_zonal_forecast:518 -     Soybeans                N704K      (+0.0%)  * N658K      (+0.0%)
2026-08-08 05:56:31.836 | INFO     | __main__:run_zonal_forecast:518 -     Cashew Nuts             N1.912M    (+0.0%)    N1.950M    (+0.0%)
2026-08-08 05:56:31.836 | INFO     | __main__:run_zonal_forecast:518 -     Sorghum               * N279K      (+0.1%)  * N286K      (+0.1%)
2026-08-08 05:56:31.837 | INFO     | __main__:run_zonal_forecast:518 -     Beans (white)         * N657K      (+0.1%)    N664K      (+0.1%)
2026-08-08 05:56:31.838 | INFO     | __main__:run_zonal_forecast:518 -     Beans (red)             N762K      (-0.0%)    N770K      (-0.0%)
2026-08-08 05:56:31.840 | INFO     | __main__:run_zonal_forecast:518 -     Maize (white)         * N314K      (-0.1%)  * N318K      (-0.1%)
2026-08-08 05:56:31.841 | INFO     | __main__:run_zonal_forecast:518 -     Maize (yellow)        * N335K      (-0.0%)  * N339K      (-0.0%)
2026-08-08 05:56:31.847 | INFO     | __main__:run_zonal_forecast:518 -     Wheat                 * N878K      (-0.1%)  * N858K      (-0.1%)
2026-08-08 05:56:31.848 | INFO     | __main__:run_zonal_forecast:518 -     Rice                    N1.270M    (+0.1%)  * N1.243M    (+0.1%)
2026-08-08 05:56:31.848 | INFO     | __main__:run_zonal_forecast:518 -     Eggs                    N7K        (-0.0%)    N7K        (-0.0%)
2026-08-08 05:56:31.849 | INFO     | __main__:run_zonal_forecast:518 -     Fish (dried)            N3.233M    (-0.1%)    N3.174M    (-0.1%)
2026-08-08 05:56:31.850 | INFO     | __main__:run_zonal_forecast:518 -     Meat (goat)             N4.276M    (+0.1%)    N4.374M    (+0.1%)
2026-08-08 05:56:31.852 | INFO     | __main__:run_zonal_forecast:518 -     Meat (beef)             N4.037M    (+0.1%)    N4.129M    (+0.1%)
2026-08-08 05:56:31.853 | INFO     | __main__:run_zonal_forecast:518 -   
2026-08-08 05:56:31.853 | INFO     | __main__:run_zonal_forecast:518 -   NORTH CENTRAL (Plateau & Kogi)
2026-08-08 05:56:31.854 | INFO     | __main__:run_zonal_forecast:518 -   Middle Belt. Ginger heartland (Plateau), Cashew/Cocoa belt (Kogi).
2026-08-08 05:56:31.856 | INFO     | __main__:run_zonal_forecast:518 -   
2026-08-08 05:56:31.857 | INFO     | __main__:run_zonal_forecast:518 -     Commodity           Plateau             Kogi              
2026-08-08 05:56:31.859 | INFO     | __main__:run_zonal_forecast:518 -     ------------------------------------------------------------
2026-08-08 05:56:31.860 | INFO     | __main__:run_zonal_forecast:518 -     Hibiscus                N2.347M    (-0.1%)    N2.323M    (-0.1%)
2026-08-08 05:56:31.863 | INFO     | __main__:run_zonal_forecast:518 -     Sesame                  N1.412M    (+0.1%)    N1.427M    (+0.1%)
2026-08-08 05:56:31.870 | INFO     | __main__:run_zonal_forecast:518 -     Ginger                * N7.387M    (+0.1%)    N9.259M    (+0.1%)
2026-08-08 05:56:31.871 | INFO     | __main__:run_zonal_forecast:518 -     Cocoa                   N5.148M    (+0.1%)  * N4.194M    (+0.1%)
2026-08-08 05:56:31.872 | INFO     | __main__:run_zonal_forecast:518 -     Soybeans              * N650K      (+0.0%)  * N681K      (+0.0%)
2026-08-08 05:56:31.873 | INFO     | __main__:run_zonal_forecast:518 -     Cashew Nuts             N2.007M    (+0.0%)  * N1.529M    (+0.0%)
2026-08-08 05:56:31.874 | INFO     | __main__:run_zonal_forecast:518 -     Sorghum                 N329K      (+0.1%)  * N326K      (+0.1%)
2026-08-08 05:56:31.876 | INFO     | __main__:run_zonal_forecast:518 -     Beans (white)         * N679K      (+0.1%)  * N695K      (+0.1%)
2026-08-08 05:56:31.876 | INFO     | __main__:run_zonal_forecast:518 -     Beans (red)             N804K      (-0.0%)    N796K      (-0.0%)
2026-08-08 05:56:31.876 | INFO     | __main__:run_zonal_forecast:518 -     Maize (white)         * N341K      (-0.1%)  * N353K      (-0.1%)
2026-08-08 05:56:31.880 | INFO     | __main__:run_zonal_forecast:518 -     Maize (yellow)          N369K      (-0.0%)    N381K      (-0.0%)
2026-08-08 05:56:31.882 | INFO     | __main__:run_zonal_forecast:518 -     Wheat                 * N898K      (-0.1%)    N957K      (-0.1%)
2026-08-08 05:56:31.884 | INFO     | __main__:run_zonal_forecast:518 -     Rice                  * N1.203M    (+0.1%)    N1.296M    (+0.1%)
2026-08-08 05:56:31.886 | INFO     | __main__:run_zonal_forecast:518 -     Eggs                    N7K        (-0.0%)    N8K        (-0.0%)
2026-08-08 05:56:31.887 | INFO     | __main__:run_zonal_forecast:518 -     Fish (dried)            N3.086M    (-0.1%)    N2.998M    (-0.1%)
2026-08-08 05:56:31.888 | INFO     | __main__:run_zonal_forecast:518 -     Meat (goat)             N4.473M    (+0.1%)    N4.620M    (+0.1%)
2026-08-08 05:56:31.889 | INFO     | __main__:run_zonal_forecast:518 -     Meat (beef)             N4.221M    (+0.1%)    N4.359M    (+0.1%)
2026-08-08 05:56:31.892 | INFO     | __main__:run_zonal_forecast:518 -   
2026-08-08 05:56:31.897 | INFO     | __main__:run_zonal_forecast:518 -   NORTH EAST (Adamawa & Borno)
2026-08-08 05:56:31.898 | INFO     | __main__:run_zonal_forecast:518 -   Semi-arid. Sorghum, Maize. Conflict premium on imports in Borno.
2026-08-08 05:56:31.899 | INFO     | __main__:run_zonal_forecast:518 -   
2026-08-08 05:56:31.900 | INFO     | __main__:run_zonal_forecast:518 -     Commodity           Adamawa             Borno             
2026-08-08 05:56:31.901 | INFO     | __main__:run_zonal_forecast:518 -     ------------------------------------------------------------
2026-08-08 05:56:31.904 | INFO     | __main__:run_zonal_forecast:518 -     Hibiscus                N2.371M    (-0.1%)    N2.540M    (-0.1%)
2026-08-08 05:56:31.906 | INFO     | __main__:run_zonal_forecast:518 -     Sesame                * N1.265M    (+0.1%)  * N1.309M    (+0.1%)
2026-08-08 05:56:31.906 | INFO     | __main__:run_zonal_forecast:518 -     Ginger                * N8.175M    (+0.1%)    N11.327M   (+0.1%)
2026-08-08 05:56:31.907 | INFO     | __main__:run_zonal_forecast:518 -     Cocoa                   N5.005M    (+0.1%)    N5.624M    (+0.1%)
2026-08-08 05:56:31.908 | INFO     | __main__:run_zonal_forecast:518 -     Soybeans              * N697K      (+0.0%)    N845K      (+0.0%)
2026-08-08 05:56:31.912 | INFO     | __main__:run_zonal_forecast:518 -     Cashew Nuts             N1.988M    (+0.0%)    N2.198M    (+0.0%)
2026-08-08 05:56:31.913 | INFO     | __main__:run_zonal_forecast:518 -     Sorghum               * N311K      (+0.1%)  * N329K      (+0.1%)
2026-08-08 05:56:31.914 | INFO     | __main__:run_zonal_forecast:518 -     Beans (white)         * N695K      (+0.1%)  * N800K      (+0.1%)
2026-08-08 05:56:31.914 | INFO     | __main__:run_zonal_forecast:518 -     Beans (red)             N804K      (-0.0%)    N931K      (-0.0%)
2026-08-08 05:56:31.915 | INFO     | __main__:run_zonal_forecast:518 -     Maize (white)         * N345K      (-0.1%)  * N424K      (-0.1%)
2026-08-08 05:56:31.916 | INFO     | __main__:run_zonal_forecast:518 -     Maize (yellow)          N373K      (-0.0%)    N452K      (-0.0%)
2026-08-08 05:56:31.918 | INFO     | __main__:run_zonal_forecast:518 -     Wheat                   N967K      (-0.1%)  * N1.105M    (-0.1%)
2026-08-08 05:56:31.919 | INFO     | __main__:run_zonal_forecast:518 -     Rice                    N1.363M    (+0.1%)    N1.470M    (+0.1%)
2026-08-08 05:56:31.921 | INFO     | __main__:run_zonal_forecast:518 -     Eggs                    N8K        (-0.0%)    N8K        (-0.0%)
2026-08-08 05:56:31.922 | INFO     | __main__:run_zonal_forecast:518 -     Fish (dried)            N3.292M    (-0.1%)    N3.468M    (-0.1%)
2026-08-08 05:56:31.922 | INFO     | __main__:run_zonal_forecast:518 -     Meat (goat)             N4.522M    (+0.1%)    N5.112M    (+0.1%)
2026-08-08 05:56:31.923 | INFO     | __main__:run_zonal_forecast:518 -     Meat (beef)             N4.267M    (+0.1%)    N4.817M    (+0.1%)
2026-08-08 05:56:31.925 | INFO     | __main__:run_zonal_forecast:518 -   
2026-08-08 05:56:31.926 | INFO     | __main__:run_zonal_forecast:518 -   SOUTH WEST (Oyo & Lagos)
2026-08-08 05:56:31.926 | INFO     | __main__:run_zonal_forecast:518 -   Commercial capital. Lagos is the price-setter for consumer markets.
2026-08-08 05:56:31.929 | INFO     | __main__:run_zonal_forecast:518 -   
2026-08-08 05:56:31.930 | INFO     | __main__:run_zonal_forecast:518 -     Commodity           Oyo                 Lagos             
2026-08-08 05:56:31.931 | INFO     | __main__:run_zonal_forecast:518 -     ------------------------------------------------------------
2026-08-08 05:56:31.933 | INFO     | __main__:run_zonal_forecast:518 -     Hibiscus              * N2.492M    (-0.1%)  * N2.782M    (-0.1%)
2026-08-08 05:56:31.933 | INFO     | __main__:run_zonal_forecast:518 -     Sesame                  N1.559M    (+0.1%)  * N1.736M    (+0.1%)
2026-08-08 05:56:31.934 | INFO     | __main__:run_zonal_forecast:518 -     Ginger                  N10.638M   (+0.1%)    N11.820M   (+0.1%)
2026-08-08 05:56:31.936 | INFO     | __main__:run_zonal_forecast:518 -     Cocoa                 * N4.242M    (+0.1%)  * N5.148M    (+0.1%)
2026-08-08 05:56:31.937 | INFO     | __main__:run_zonal_forecast:518 -     Soybeans              * N814K      (+0.0%)  * N955K      (+0.0%)
2026-08-08 05:56:31.937 | INFO     | __main__:run_zonal_forecast:518 -     Cashew Nuts           * N1.644M    (+0.0%)    N2.103M    (+0.0%)
2026-08-08 05:56:31.940 | INFO     | __main__:run_zonal_forecast:518 -     Sorghum                 N376K      (+0.1%)    N422K      (+0.1%)
2026-08-08 05:56:31.949 | INFO     | __main__:run_zonal_forecast:518 -     Beans (white)         * N830K      (+0.1%)  * N966K      (+0.1%)
2026-08-08 05:56:31.951 | INFO     | __main__:run_zonal_forecast:518 -     Beans (red)             N948K      (-0.0%)  * N1.058M    (-0.0%)
2026-08-08 05:56:31.952 | INFO     | __main__:run_zonal_forecast:518 -     Maize (white)         * N424K      (-0.1%)  * N510K      (-0.1%)
2026-08-08 05:56:31.953 | INFO     | __main__:run_zonal_forecast:518 -     Maize (yellow)          N452K      (-0.0%)  * N545K      (-0.0%)
2026-08-08 05:56:31.955 | INFO     | __main__:run_zonal_forecast:518 -     Wheat                   N1.085M    (-0.1%)    N1.135M    (-0.1%)
2026-08-08 05:56:31.958 | INFO     | __main__:run_zonal_forecast:518 -     Rice                    N1.443M    (+0.1%)    N1.577M    (+0.1%)
2026-08-08 05:56:31.959 | INFO     | __main__:run_zonal_forecast:518 -     Eggs                    N8K        (-0.0%)    N9K        (-0.0%)
2026-08-08 05:56:31.963 | INFO     | __main__:run_zonal_forecast:518 -     Fish (dried)            N2.880M    (-0.1%)    N3.174M    (-0.1%)
2026-08-08 05:56:31.964 | INFO     | __main__:run_zonal_forecast:518 -     Meat (goat)             N5.210M    (+0.1%)    N5.849M    (+0.1%)
2026-08-08 05:56:31.968 | INFO     | __main__:run_zonal_forecast:518 -     Meat (beef)             N4.817M    (+0.1%)    N5.414M    (+0.1%)
2026-08-08 05:56:31.970 | INFO     | __main__:run_zonal_forecast:518 -   
2026-08-08 05:56:31.975 | INFO     | __main__:run_zonal_forecast:518 -   SOUTH EAST (Anambra & Imo)
2026-08-08 05:56:31.976 | INFO     | __main__:run_zonal_forecast:518 -   High consumption, low production of traded commodities. Import-dependent.
2026-08-08 05:56:31.980 | INFO     | __main__:run_zonal_forecast:518 -   
2026-08-08 05:56:31.981 | INFO     | __main__:run_zonal_forecast:518 -     Commodity           Anambra             Imo               
2026-08-08 05:56:31.983 | INFO     | __main__:run_zonal_forecast:518 -     ------------------------------------------------------------
2026-08-08 05:56:31.984 | INFO     | __main__:run_zonal_forecast:518 -     Hibiscus                N2.710M    (-0.1%)    N2.661M    (-0.1%)
2026-08-08 05:56:31.985 | INFO     | __main__:run_zonal_forecast:518 -     Sesame                  N1.706M    (+0.1%)    N1.677M    (+0.1%)
2026-08-08 05:56:31.987 | INFO     | __main__:run_zonal_forecast:518 -     Ginger                  N11.327M   (+0.1%)    N11.032M   (+0.1%)
2026-08-08 05:56:31.988 | INFO     | __main__:run_zonal_forecast:518 -     Cocoa                 * N5.005M    (+0.1%)  * N4.337M    (+0.1%)
2026-08-08 05:56:31.989 | INFO     | __main__:run_zonal_forecast:518 -     Soybeans                N892K      (+0.0%)    N877K      (+0.0%)
2026-08-08 05:56:31.990 | INFO     | __main__:run_zonal_forecast:518 -     Cashew Nuts           * N2.103M    (+0.0%)  * N2.026M    (+0.0%)
2026-08-08 05:56:31.990 | INFO     | __main__:run_zonal_forecast:518 -     Sorghum                 N408K      (+0.1%)    N401K      (+0.1%)
2026-08-08 05:56:31.992 | INFO     | __main__:run_zonal_forecast:518 -     Beans (white)         * N891K      (+0.1%)  * N868K      (+0.1%)
2026-08-08 05:56:31.993 | INFO     | __main__:run_zonal_forecast:518 -     Beans (red)           * N973K      (-0.0%)    N957K      (-0.0%)
2026-08-08 05:56:31.994 | INFO     | __main__:run_zonal_forecast:518 -     Maize (white)         * N471K      (-0.1%)  * N459K      (-0.1%)
2026-08-08 05:56:31.996 | INFO     | __main__:run_zonal_forecast:518 -     Maize (yellow)          N503K      (-0.0%)    N490K      (-0.0%)
2026-08-08 05:56:32.000 | INFO     | __main__:run_zonal_forecast:518 -     Wheat                   N1.164M    (-0.1%)    N1.144M    (-0.1%)
2026-08-08 05:56:32.001 | INFO     | __main__:run_zonal_forecast:518 -     Rice                    N1.497M    (+0.1%)    N1.470M    (+0.1%)
2026-08-08 05:56:32.002 | INFO     | __main__:run_zonal_forecast:518 -     Eggs                    N8K        (-0.0%)    N8K        (-0.0%)
2026-08-08 05:56:32.003 | INFO     | __main__:run_zonal_forecast:518 -     Fish (dried)            N2.792M    (-0.1%)    N2.733M    (-0.1%)
2026-08-08 05:56:32.003 | INFO     | __main__:run_zonal_forecast:518 -     Meat (goat)             N5.357M    (+0.1%)    N5.259M    (+0.1%)
2026-08-08 05:56:32.005 | INFO     | __main__:run_zonal_forecast:518 -     Meat (beef)             N4.955M    (+0.1%)    N4.863M    (+0.1%)
2026-08-08 05:56:32.006 | INFO     | __main__:run_zonal_forecast:518 -   
2026-08-08 05:56:32.007 | INFO     | __main__:run_zonal_forecast:518 -   SOUTH SOUTH (Rivers & Delta)
2026-08-08 05:56:32.008 | INFO     | __main__:run_zonal_forecast:518 -   Oil belt. High purchasing power. Cocoa producer (Delta).
2026-08-08 05:56:32.008 | INFO     | __main__:run_zonal_forecast:518 -   
2026-08-08 05:56:32.009 | INFO     | __main__:run_zonal_forecast:518 -     Commodity           Rivers              Delta             
2026-08-08 05:56:32.010 | INFO     | __main__:run_zonal_forecast:518 -     ------------------------------------------------------------
2026-08-08 05:56:32.010 | INFO     | __main__:run_zonal_forecast:518 -     Hibiscus              * N2.710M    (-0.1%)  * N2.613M    (-0.1%)
2026-08-08 05:56:32.013 | INFO     | __main__:run_zonal_forecast:518 -     Sesame                * N1.736M    (+0.1%)  * N1.706M    (+0.1%)
2026-08-08 05:56:32.015 | INFO     | __main__:run_zonal_forecast:518 -     Ginger                  N11.820M   (+0.1%)    N11.327M   (+0.1%)
2026-08-08 05:56:32.016 | INFO     | __main__:run_zonal_forecast:518 -     Cocoa                 * N5.005M    (+0.1%)  * N4.433M    (+0.1%)
2026-08-08 05:56:32.016 | INFO     | __main__:run_zonal_forecast:518 -     Soybeans                N924K      (+0.0%)  * N892K      (+0.0%)
2026-08-08 05:56:32.018 | INFO     | __main__:run_zonal_forecast:518 -     Cashew Nuts             N2.198M    (+0.0%)    N2.103M    (+0.0%)
2026-08-08 05:56:32.018 | INFO     | __main__:run_zonal_forecast:518 -     Sorghum                 N429K      (+0.1%)    N422K      (+0.1%)
2026-08-08 05:56:32.021 | INFO     | __main__:run_zonal_forecast:518 -     Beans (white)         * N921K      (+0.1%)  * N883K      (+0.1%)
2026-08-08 05:56:32.022 | INFO     | __main__:run_zonal_forecast:518 -     Beans (red)           * N1.016M    (-0.0%)    N973K      (-0.0%)
2026-08-08 05:56:32.023 | INFO     | __main__:run_zonal_forecast:518 -     Maize (white)         * N490K      (-0.1%)  * N471K      (-0.1%)
2026-08-08 05:56:32.023 | INFO     | __main__:run_zonal_forecast:518 -     Maize (yellow)          N524K      (-0.0%)    N503K      (-0.0%)
2026-08-08 05:56:32.024 | INFO     | __main__:run_zonal_forecast:518 -     Wheat                   N1.204M    (-0.1%)    N1.184M    (-0.1%)
2026-08-08 05:56:32.025 | INFO     | __main__:run_zonal_forecast:518 -     Rice                    N1.537M    (+0.1%)    N1.497M    (+0.1%)
2026-08-08 05:56:32.026 | INFO     | __main__:run_zonal_forecast:518 -     Eggs                    N9K        (-0.0%)    N8K        (-0.0%)
2026-08-08 05:56:32.026 | INFO     | __main__:run_zonal_forecast:518 -     Fish (dried)            N2.586M    (-0.1%)    N2.645M    (-0.1%)
2026-08-08 05:56:32.031 | INFO     | __main__:run_zonal_forecast:518 -     Meat (goat)             N5.554M    (+0.1%)    N5.456M    (+0.1%)
2026-08-08 05:56:32.032 | INFO     | __main__:run_zonal_forecast:518 -     Meat (beef)             N5.138M    (+0.1%)    N5.047M    (+0.1%)
2026-08-08 05:56:32.032 | INFO     | __main__:run_zonal_forecast:518 -   
2026-08-08 05:56:32.033 | INFO     | __main__:run_zonal_forecast:518 -   ==========================================================
2026-08-08 05:56:32.034 | INFO     | __main__:run_zonal_forecast:518 -   * = primary commodity  (+/-%) = day-on-day change
2026-08-08 05:56:32.034 | INFO     | __main__:run_zonal_forecast:518 -   
2026-08-08 05:56:32.035 | INFO     | __main__:run_zonal_forecast:518 -   NATIONAL PRICE CHANGES TODAY:
2026-08-08 05:56:32.037 | INFO     | __main__:run_zonal_forecast:518 -     Commodity                   Price   Day Chg    vs Ref
2026-08-08 05:56:32.037 | INFO     | __main__:run_zonal_forecast:518 -     ------------------------------------------------------
2026-08-08 05:56:32.038 | INFO     | __main__:run_zonal_forecast:518 -     Hibiscus                  N2.419M    -0.09%    -1.25%
2026-08-08 05:56:32.039 | INFO     | __main__:run_zonal_forecast:518 -     Sesame                    N1.471M    +0.05%    +0.75%
2026-08-08 05:56:32.039 | INFO     | __main__:run_zonal_forecast:518 -     Ginger                    N9.850M    +0.11%    +1.55%
2026-08-08 05:56:32.040 | INFO     | __main__:run_zonal_forecast:518 -     Cocoa                     N4.766M    +0.10%    +1.41%
2026-08-08 05:56:32.040 | INFO     | __main__:run_zonal_forecast:518 -     Soybeans                    N783K    +0.03%    +0.35%
2026-08-08 05:56:32.041 | INFO     | __main__:run_zonal_forecast:518 -     Cashew Nuts               N1.912M    +0.04%    +0.61%
2026-08-08 05:56:32.041 | INFO     | __main__:run_zonal_forecast:518 -     Sorghum                     N358K    +0.06%    +0.78%
2026-08-08 05:56:32.043 | INFO     | __main__:run_zonal_forecast:518 -     Beans (white)               N755K    +0.05%    +0.66%
2026-08-08 05:56:32.045 | INFO     | __main__:run_zonal_forecast:518 -     Beans (red)                 N846K    -0.03%    -0.41%
2026-08-08 05:56:32.047 | INFO     | __main__:run_zonal_forecast:518 -     Maize (white)               N392K    -0.05%    -0.68%
2026-08-08 05:56:32.048 | INFO     | __main__:run_zonal_forecast:518 -     Maize (yellow)              N419K    -0.04%    -0.51%
2026-08-08 05:56:32.052 | INFO     | __main__:run_zonal_forecast:518 -     Wheat                       N987K    -0.10%    -1.34%
2026-08-08 05:56:32.053 | INFO     | __main__:run_zonal_forecast:518 -     Rice                      N1.336M    +0.09%    +1.24%
2026-08-08 05:56:32.054 | INFO     | __main__:run_zonal_forecast:518 -     Eggs                          N8K    -0.04%    -0.61%
2026-08-08 05:56:32.055 | INFO     | __main__:run_zonal_forecast:518 -     Fish (dried)              N2.939M    -0.07%    -0.98%
2026-08-08 05:56:32.056 | INFO     | __main__:run_zonal_forecast:518 -     Meat (goat)               N4.915M    +0.08%    +1.13%
2026-08-08 05:56:32.056 | INFO     | __main__:run_zonal_forecast:518 -     Meat (beef)               N4.588M    +0.08%    +1.15%
2026-08-08 05:56:32.057 | INFO     | __main__:run_zonal_forecast:518 -   
2026-08-08 05:56:32.058 | INFO     | __main__:run_zonal_forecast:518 -   BEST SOURCING NATIONALLY:
2026-08-08 05:56:32.059 | INFO     | __main__:run_zonal_forecast:518 -     Commodity              Best State           Price  Spread
2026-08-08 05:56:32.060 | INFO     | __main__:run_zonal_forecast:518 -     ------------------------------------------------------------
2026-08-08 05:56:32.061 | INFO     | __main__:run_zonal_forecast:518 -     Hibiscus               Kaduna             N2.250M  24% vs Lagos
2026-08-08 05:56:32.062 | INFO     | __main__:run_zonal_forecast:518 -     Sesame                 Kano               N1.221M  42% vs Lagos
2026-08-08 05:56:32.063 | INFO     | __main__:run_zonal_forecast:518 -     Ginger                 Kaduna             N7.092M  67% vs Lagos
2026-08-08 05:56:32.064 | INFO     | __main__:run_zonal_forecast:518 -     Cocoa                  Kogi               N4.194M  34% vs Borno
2026-08-08 05:56:32.065 | INFO     | __main__:run_zonal_forecast:518 -     Soybeans               Plateau              N650K  47% vs Lagos
2026-08-08 05:56:32.066 | INFO     | __main__:run_zonal_forecast:518 -     Cashew Nuts            Kogi               N1.529M  44% vs Borno
2026-08-08 05:56:32.067 | INFO     | __main__:run_zonal_forecast:518 -     Sorghum                Kano                 N279K  54% vs Rivers
2026-08-08 05:56:32.068 | INFO     | __main__:run_zonal_forecast:518 -     Beans (white)          Kano                 N657K  47% vs Lagos
2026-08-08 05:56:32.069 | INFO     | __main__:run_zonal_forecast:518 -     Beans (red)            Kano                 N762K  39% vs Lagos
2026-08-08 05:56:32.070 | INFO     | __main__:run_zonal_forecast:518 -     Maize (white)          Kano                 N314K  62% vs Lagos
2026-08-08 05:56:32.071 | INFO     | __main__:run_zonal_forecast:518 -     Maize (yellow)         Kano                 N335K  62% vs Lagos
2026-08-08 05:56:32.072 | INFO     | __main__:run_zonal_forecast:518 -     Wheat                  Kaduna               N858K  40% vs Rivers
2026-08-08 05:56:32.073 | INFO     | __main__:run_zonal_forecast:518 -     Rice                   Plateau            N1.203M  31% vs Lagos
2026-08-08 05:56:32.074 | INFO     | __main__:run_zonal_forecast:518 -     Eggs                   Kano                   N7K  22% vs Lagos
2026-08-08 05:56:32.076 | INFO     | __main__:run_zonal_forecast:518 -     Fish (dried)           Rivers             N2.586M  34% vs Borno
2026-08-08 05:56:32.077 | INFO     | __main__:run_zonal_forecast:518 -     Meat (goat)            Kano               N4.276M  37% vs Lagos
2026-08-08 05:56:32.081 | INFO     | __main__:run_zonal_forecast:518 -     Meat (beef)            Kano               N4.037M  34% vs Lagos
2026-08-08 05:56:32.082 | INFO     | __main__:run_zonal_forecast:518 -   
2026-08-08 05:56:32.083 | INFO     | __main__:run_zonal_forecast:518 -   ==========================================================
2026-08-08 05:56:32.084 | INFO     | __main__:run_zonal_forecast:518 -   Source: Agrolinking Intelligence Platform
2026-08-08 05:56:32.085 | INFO     | __main__:run_zonal_forecast:518 -   Next update: 09 Aug 2026
2026-08-08 05:56:32.088 | INFO     | __main__:run_zonal_forecast:519 - =================================================================
2026-08-08 05:56:32.091 | SUCCESS  | __main__:run_zonal_forecast:520 - ZONAL FORECASTING COMPLETE — 6 zones | 12 states | 17 commodities
2026-08-08 06:07:48.835 | INFO     | __main__:run_zonal_forecast:464 - =================================================================
2026-08-08 06:07:48.837 | INFO     | __main__:run_zonal_forecast:465 - STEP 7 — ZONAL & STATE-LEVEL FORECASTING
2026-08-08 06:07:48.838 | INFO     | __main__:run_zonal_forecast:466 -   Date  : Saturday, 08 August 2026  06:07
2026-08-08 06:07:48.838 | INFO     | __main__:run_zonal_forecast:467 -   Anchor: DAILY INTERPOLATED (from last_known_date, drifts daily)
2026-08-08 06:07:48.839 | INFO     | __main__:run_zonal_forecast:468 - =================================================================
2026-08-08 06:07:48.920 | INFO     | __main__:run_zonal_forecast:471 -   Source: forecast_validated_2026-08-08.json
2026-08-08 06:07:48.920 | INFO     | __main__:run_zonal_forecast:478 -   Maize (white): last_known=2026-08-08, days_elapsed=0
2026-08-08 06:07:48.921 | INFO     | __main__:run_zonal_forecast:478 -   Hibiscus: last_known=2026-08-08, days_elapsed=0
2026-08-08 06:07:48.922 | INFO     | __main__:run_zonal_forecast:478 -   Sesame: last_known=2026-08-08, days_elapsed=0
2026-08-08 06:07:48.922 | INFO     | __main__:build_zonal_output:285 - 
2026-08-08 06:07:48.922 | INFO     | __main__:build_zonal_output:286 -   NATIONAL ANCHORS (interpolated from last_known_date to today):
2026-08-08 06:07:48.923 | INFO     | __main__:build_zonal_output:287 -   Commodity                 Today Price   Day Chg    vs Ref  Source
2026-08-08 06:07:48.923 | INFO     | __main__:build_zonal_output:288 -   --------------------------------------------------------------------------------
2026-08-08 06:07:48.924 | DEBUG    | __main__:get_daily_price:116 -   last_known=2026-08-08, run=2026-08-08, elapsed=7d
2026-08-08 06:07:48.924 | DEBUG    | __main__:get_daily_price:82 -   last_known_date 2026-08-08 is in future. Capping to 7 days ago.
2026-08-08 06:07:48.924 | DEBUG    | __main__:get_daily_price:116 -   last_known=2026-08-08, run=2026-08-07, elapsed=7d
2026-08-08 06:07:48.925 | INFO     | __main__:build_zonal_output:318 -   Hibiscus               N   2,472,946    -0.08%   -1.08%  interp d7 (weekly series | -1.08% v
2026-08-08 06:07:48.926 | DEBUG    | __main__:get_daily_price:116 -   last_known=2026-08-08, run=2026-08-08, elapsed=7d
2026-08-08 06:07:48.928 | DEBUG    | __main__:get_daily_price:82 -   last_known_date 2026-08-08 is in future. Capping to 7 days ago.
2026-08-08 06:07:48.928 | DEBUG    | __main__:get_daily_price:116 -   last_known=2026-08-08, run=2026-08-07, elapsed=7d
2026-08-08 06:07:48.929 | INFO     | __main__:build_zonal_output:318 -   Sesame                 N   1,428,640    +0.04%  + +0.61%  interp d7 (weekly series | +0.61% v
2026-08-08 06:07:48.929 | DEBUG    | __main__:get_daily_price:116 -   last_known=2026-08-08, run=2026-08-08, elapsed=7d
2026-08-08 06:07:48.931 | DEBUG    | __main__:get_daily_price:82 -   last_known_date 2026-08-08 is in future. Capping to 7 days ago.
2026-08-08 06:07:48.931 | DEBUG    | __main__:get_daily_price:116 -   last_known=2026-08-08, run=2026-08-07, elapsed=7d
2026-08-08 06:07:48.932 | INFO     | __main__:build_zonal_output:318 -   Ginger                 N   9,469,469    +0.05%  + +0.74%  interp d7 (weekly series | +0.74% v
2026-08-08 06:07:48.933 | DEBUG    | __main__:get_daily_price:116 -   last_known=2026-08-08, run=2026-08-08, elapsed=7d
2026-08-08 06:07:48.936 | DEBUG    | __main__:get_daily_price:82 -   last_known_date 2026-08-08 is in future. Capping to 7 days ago.
2026-08-08 06:07:48.936 | DEBUG    | __main__:get_daily_price:116 -   last_known=2026-08-08, run=2026-08-07, elapsed=7d
2026-08-08 06:07:48.938 | INFO     | __main__:build_zonal_output:318 -   Cocoa                  N   4,569,872    +0.11%  + +1.55%  interp d7 (weekly series | +1.55% v
2026-08-08 06:07:48.941 | DEBUG    | __main__:get_daily_price:116 -   last_known=2026-08-08, run=2026-08-08, elapsed=7d
2026-08-08 06:07:48.943 | DEBUG    | __main__:get_daily_price:82 -   last_known_date 2026-08-08 is in future. Capping to 7 days ago.
2026-08-08 06:07:48.943 | DEBUG    | __main__:get_daily_price:116 -   last_known=2026-08-08, run=2026-08-07, elapsed=7d
2026-08-08 06:07:48.946 | INFO     | __main__:build_zonal_output:318 -   Soybeans               N     793,312    +0.03%  + +0.42%  interp d7 (weekly series | +0.42% v
2026-08-08 06:07:48.946 | DEBUG    | __main__:get_daily_price:116 -   last_known=2026-08-08, run=2026-08-08, elapsed=7d
2026-08-08 06:07:48.948 | DEBUG    | __main__:get_daily_price:82 -   last_known_date 2026-08-08 is in future. Capping to 7 days ago.
2026-08-08 06:07:48.949 | DEBUG    | __main__:get_daily_price:116 -   last_known=2026-08-08, run=2026-08-07, elapsed=7d
2026-08-08 06:07:48.950 | INFO     | __main__:build_zonal_output:318 -   Cashew Nuts            N   1,946,380    +0.06%  + +0.85%  interp d7 (weekly series | +0.85% v
2026-08-08 06:07:48.953 | DEBUG    | __main__:get_daily_price:116 -   last_known=2026-08-08, run=2026-08-08, elapsed=7d
2026-08-08 06:07:48.956 | DEBUG    | __main__:get_daily_price:82 -   last_known_date 2026-08-08 is in future. Capping to 7 days ago.
2026-08-08 06:07:48.956 | DEBUG    | __main__:get_daily_price:116 -   last_known=2026-08-08, run=2026-08-07, elapsed=7d
2026-08-08 06:07:48.957 | INFO     | __main__:build_zonal_output:318 -   Sorghum                N     348,048    +0.06%  + +0.88%  interp d7 (weekly series | +0.88% v
2026-08-08 06:07:48.958 | DEBUG    | __main__:get_daily_price:116 -   last_known=2026-08-08, run=2026-08-08, elapsed=7d
2026-08-08 06:07:48.960 | DEBUG    | __main__:get_daily_price:82 -   last_known_date 2026-08-08 is in future. Capping to 7 days ago.
2026-08-08 06:07:48.960 | DEBUG    | __main__:get_daily_price:116 -   last_known=2026-08-08, run=2026-08-07, elapsed=7d
2026-08-08 06:07:48.962 | INFO     | __main__:build_zonal_output:318 -   Beans (white)          N     755,090    +0.05%  + +0.68%  interp d7 (weekly series | +0.68% v
2026-08-08 06:07:48.963 | DEBUG    | __main__:get_daily_price:116 -   last_known=2026-08-08, run=2026-08-08, elapsed=7d
2026-08-08 06:07:48.965 | DEBUG    | __main__:get_daily_price:82 -   last_known_date 2026-08-08 is in future. Capping to 7 days ago.
2026-08-08 06:07:48.965 | DEBUG    | __main__:get_daily_price:116 -   last_known=2026-08-08, run=2026-08-07, elapsed=7d
2026-08-08 06:07:48.970 | INFO     | __main__:build_zonal_output:318 -   Beans (red)            N     847,693    -0.02%   -0.27%  interp d7 (weekly series | -0.27% v
2026-08-08 06:07:48.971 | DEBUG    | __main__:get_daily_price:116 -   last_known=2026-08-08, run=2026-08-08, elapsed=7d
2026-08-08 06:07:48.973 | DEBUG    | __main__:get_daily_price:82 -   last_known_date 2026-08-08 is in future. Capping to 7 days ago.
2026-08-08 06:07:48.973 | DEBUG    | __main__:get_daily_price:116 -   last_known=2026-08-08, run=2026-08-07, elapsed=7d
2026-08-08 06:07:48.975 | INFO     | __main__:build_zonal_output:318 -   Maize (white)          N     391,456    -0.06%   -0.90%  interp d7 (weekly series | -0.90% v
2026-08-08 06:07:48.979 | DEBUG    | __main__:get_daily_price:116 -   last_known=2026-08-08, run=2026-08-08, elapsed=7d
2026-08-08 06:07:48.982 | DEBUG    | __main__:get_daily_price:82 -   last_known_date 2026-08-08 is in future. Capping to 7 days ago.
2026-08-08 06:07:48.982 | DEBUG    | __main__:get_daily_price:116 -   last_known=2026-08-08, run=2026-08-07, elapsed=7d
2026-08-08 06:07:48.985 | INFO     | __main__:build_zonal_output:318 -   Maize (yellow)         N     418,974    -0.03%   -0.48%  interp d7 (weekly series | -0.48% v
2026-08-08 06:07:48.988 | DEBUG    | __main__:get_daily_price:116 -   last_known=2026-08-08, run=2026-08-08, elapsed=7d
2026-08-08 06:07:48.990 | DEBUG    | __main__:get_daily_price:82 -   last_known_date 2026-08-08 is in future. Capping to 7 days ago.
2026-08-08 06:07:48.991 | DEBUG    | __main__:get_daily_price:116 -   last_known=2026-08-08, run=2026-08-07, elapsed=7d
2026-08-08 06:07:48.992 | INFO     | __main__:build_zonal_output:318 -   Wheat                  N     985,960    -0.10%   -1.40%  interp d7 (weekly series | -1.40% v
2026-08-08 06:07:48.993 | DEBUG    | __main__:get_daily_price:116 -   last_known=2026-08-08, run=2026-08-08, elapsed=7d
2026-08-08 06:07:48.994 | DEBUG    | __main__:get_daily_price:82 -   last_known_date 2026-08-08 is in future. Capping to 7 days ago.
2026-08-08 06:07:48.995 | DEBUG    | __main__:get_daily_price:116 -   last_known=2026-08-08, run=2026-08-07, elapsed=7d
2026-08-08 06:07:48.995 | INFO     | __main__:build_zonal_output:318 -   Rice                   N   1,338,940    +0.10%  + +1.43%  interp d7 (weekly series | +1.43% v
2026-08-08 06:07:48.997 | DEBUG    | __main__:get_daily_price:116 -   last_known=2026-08-08, run=2026-08-08, elapsed=7d
2026-08-08 06:07:48.998 | DEBUG    | __main__:get_daily_price:82 -   last_known_date 2026-08-08 is in future. Capping to 7 days ago.
2026-08-08 06:07:48.999 | DEBUG    | __main__:get_daily_price:116 -   last_known=2026-08-08, run=2026-08-07, elapsed=7d
2026-08-08 06:07:49.001 | INFO     | __main__:build_zonal_output:318 -   Eggs                   N       7,861    -0.05%   -0.74%  interp d7 (weekly series | -0.74% v
2026-08-08 06:07:49.002 | DEBUG    | __main__:get_daily_price:116 -   last_known=2026-08-08, run=2026-08-08, elapsed=7d
2026-08-08 06:07:49.003 | DEBUG    | __main__:get_daily_price:82 -   last_known_date 2026-08-08 is in future. Capping to 7 days ago.
2026-08-08 06:07:49.003 | DEBUG    | __main__:get_daily_price:116 -   last_known=2026-08-08, run=2026-08-07, elapsed=7d
2026-08-08 06:07:49.005 | INFO     | __main__:build_zonal_output:318 -   Fish (dried)           N   2,936,742    -0.08%   -1.05%  interp d7 (weekly series | -1.05% v
2026-08-08 06:07:49.006 | DEBUG    | __main__:get_daily_price:116 -   last_known=2026-08-08, run=2026-08-08, elapsed=7d
2026-08-08 06:07:49.009 | DEBUG    | __main__:get_daily_price:82 -   last_known_date 2026-08-08 is in future. Capping to 7 days ago.
2026-08-08 06:07:49.009 | DEBUG    | __main__:get_daily_price:116 -   last_known=2026-08-08, run=2026-08-07, elapsed=7d
2026-08-08 06:07:49.011 | INFO     | __main__:build_zonal_output:318 -   Meat (goat)            N   4,918,832    +0.09%  + +1.21%  interp d7 (weekly series | +1.21% v
2026-08-08 06:07:49.011 | DEBUG    | __main__:get_daily_price:116 -   last_known=2026-08-08, run=2026-08-08, elapsed=7d
2026-08-08 06:07:49.013 | DEBUG    | __main__:get_daily_price:82 -   last_known_date 2026-08-08 is in future. Capping to 7 days ago.
2026-08-08 06:07:49.013 | DEBUG    | __main__:get_daily_price:116 -   last_known=2026-08-08, run=2026-08-07, elapsed=7d
2026-08-08 06:07:49.015 | INFO     | __main__:build_zonal_output:318 -   Meat (beef)            N   4,589,245    +0.08%  + +1.17%  interp d7 (weekly series | +1.17% v
2026-08-08 06:07:49.015 | INFO     | __main__:build_zonal_output:321 - 
2026-08-08 06:07:49.067 | INFO     | __main__:run_zonal_forecast:484 - 
2026-08-08 06:07:49.068 | INFO     | __main__:run_zonal_forecast:485 -   Zone             State        Commodity                 State Price  Day Chg
2026-08-08 06:07:49.068 | INFO     | __main__:run_zonal_forecast:486 -   ------------------------------------------------------------------------
2026-08-08 06:07:49.069 | INFO     | __main__:run_zonal_forecast:493 -   North West       Kano         * Sesame                N   1,185,771/MT  +0.04%
2026-08-08 06:07:49.069 | INFO     | __main__:run_zonal_forecast:493 -   North West       Kano         * Sorghum               N     271,478/MT  +0.06%
2026-08-08 06:07:49.069 | INFO     | __main__:run_zonal_forecast:493 -   North West       Kano         * Beans (white)         N     656,928/MT  +0.05%
2026-08-08 06:07:49.070 | INFO     | __main__:run_zonal_forecast:493 -   North West       Kano         * Maize (white)         N     313,165/MT  -0.06%
2026-08-08 06:07:49.070 | INFO     | __main__:run_zonal_forecast:493 -   North West       Kano         * Maize (yellow)        N     335,179/MT  -0.03%
2026-08-08 06:07:49.070 | INFO     | __main__:run_zonal_forecast:493 -   North West       Kano         * Wheat                 N     877,504/MT  -0.10%
2026-08-08 06:07:49.071 | INFO     | __main__:run_zonal_forecast:493 -   North West       Kaduna       * Ginger                N   6,818,018/MT  +0.05%
2026-08-08 06:07:49.071 | INFO     | __main__:run_zonal_forecast:493 -   North West       Kaduna       * Soybeans              N     666,382/MT  +0.03%
2026-08-08 06:07:49.071 | INFO     | __main__:run_zonal_forecast:493 -   North West       Kaduna       * Sorghum               N     278,439/MT  +0.06%
2026-08-08 06:07:49.072 | INFO     | __main__:run_zonal_forecast:493 -   North West       Kaduna       * Maize (white)         N     317,080/MT  -0.06%
2026-08-08 06:07:49.072 | INFO     | __main__:run_zonal_forecast:493 -   North West       Kaduna       * Maize (yellow)        N     339,369/MT  -0.03%
2026-08-08 06:07:49.073 | INFO     | __main__:run_zonal_forecast:493 -   North West       Kaduna       * Wheat                 N     857,785/MT  -0.10%
2026-08-08 06:07:49.073 | INFO     | __main__:run_zonal_forecast:493 -   North West       Kaduna       * Rice                  N   1,245,214/MT  +0.10%
2026-08-08 06:07:49.074 | INFO     | __main__:run_zonal_forecast:493 -   North Central    Plateau      * Ginger                N   7,102,102/MT  +0.05%
2026-08-08 06:07:49.074 | INFO     | __main__:run_zonal_forecast:493 -   North Central    Plateau      * Soybeans              N     658,449/MT  +0.03%
2026-08-08 06:07:49.074 | INFO     | __main__:run_zonal_forecast:493 -   North Central    Plateau      * Beans (white)         N     679,581/MT  +0.05%
2026-08-08 06:07:49.075 | INFO     | __main__:run_zonal_forecast:493 -   North Central    Plateau      * Maize (white)         N     340,567/MT  -0.06%
2026-08-08 06:07:49.075 | INFO     | __main__:run_zonal_forecast:493 -   North Central    Plateau      * Wheat                 N     897,224/MT  -0.10%
2026-08-08 06:07:49.076 | INFO     | __main__:run_zonal_forecast:493 -   North Central    Plateau      * Rice                  N   1,205,046/MT  +0.10%
2026-08-08 06:07:49.076 | INFO     | __main__:run_zonal_forecast:493 -   North Central    Kogi         * Cocoa                 N   4,021,487/MT  +0.11%
2026-08-08 06:07:49.076 | INFO     | __main__:run_zonal_forecast:493 -   North Central    Kogi         * Soybeans              N     690,182/MT  +0.03%
2026-08-08 06:07:49.077 | INFO     | __main__:run_zonal_forecast:493 -   North Central    Kogi         * Cashew Nuts           N   1,557,104/MT  +0.06%
2026-08-08 06:07:49.077 | INFO     | __main__:run_zonal_forecast:493 -   North Central    Kogi         * Sorghum               N     316,724/MT  +0.06%
2026-08-08 06:07:49.077 | INFO     | __main__:run_zonal_forecast:493 -   North Central    Kogi         * Beans (white)         N     694,683/MT  +0.05%
2026-08-08 06:07:49.077 | INFO     | __main__:run_zonal_forecast:493 -   North Central    Kogi         * Maize (white)         N     352,311/MT  -0.06%
2026-08-08 06:07:49.079 | INFO     | __main__:run_zonal_forecast:493 -   North East       Adamawa      * Sesame                N   1,228,630/MT  +0.04%
2026-08-08 06:07:49.079 | INFO     | __main__:run_zonal_forecast:493 -   North East       Adamawa      * Ginger                N   7,859,660/MT  +0.05%
2026-08-08 06:07:49.080 | INFO     | __main__:run_zonal_forecast:493 -   North East       Adamawa      * Soybeans              N     706,048/MT  +0.03%
2026-08-08 06:07:49.080 | INFO     | __main__:run_zonal_forecast:493 -   North East       Adamawa      * Sorghum               N     302,802/MT  +0.06%
2026-08-08 06:07:49.081 | INFO     | __main__:run_zonal_forecast:493 -   North East       Adamawa      * Beans (white)         N     694,683/MT  +0.05%
2026-08-08 06:07:49.081 | INFO     | __main__:run_zonal_forecast:493 -   North East       Adamawa      * Maize (white)         N     344,481/MT  -0.06%
2026-08-08 06:07:49.081 | INFO     | __main__:run_zonal_forecast:493 -   North East       Borno        * Sesame                N   1,271,490/MT  +0.04%
2026-08-08 06:07:49.082 | INFO     | __main__:run_zonal_forecast:493 -   North East       Borno        * Sorghum               N     320,205/MT  +0.06%
2026-08-08 06:07:49.082 | INFO     | __main__:run_zonal_forecast:493 -   North East       Borno        * Beans (white)         N     800,395/MT  +0.05%
2026-08-08 06:07:49.083 | INFO     | __main__:run_zonal_forecast:493 -   North East       Borno        * Maize (white)         N     422,773/MT  -0.06%
2026-08-08 06:07:49.083 | INFO     | __main__:run_zonal_forecast:493 -   North East       Borno        * Wheat                 N   1,104,275/MT  -0.10%
2026-08-08 06:07:49.083 | INFO     | __main__:run_zonal_forecast:493 -   South West       Oyo          * Hibiscus              N   2,547,135/MT  -0.08%
2026-08-08 06:07:49.084 | INFO     | __main__:run_zonal_forecast:493 -   South West       Oyo          * Cocoa                 N   4,067,186/MT  +0.11%
2026-08-08 06:07:49.084 | INFO     | __main__:run_zonal_forecast:493 -   South West       Oyo          * Soybeans              N     825,045/MT  +0.03%
2026-08-08 06:07:49.084 | INFO     | __main__:run_zonal_forecast:493 -   South West       Oyo          * Cashew Nuts           N   1,673,887/MT  +0.06%
2026-08-08 06:07:49.085 | INFO     | __main__:run_zonal_forecast:493 -   South West       Oyo          * Beans (white)         N     830,599/MT  +0.05%
2026-08-08 06:07:49.086 | INFO     | __main__:run_zonal_forecast:493 -   South West       Oyo          * Maize (white)         N     422,773/MT  -0.06%
2026-08-08 06:07:49.087 | INFO     | __main__:run_zonal_forecast:493 -   South West       Lagos        * Hibiscus              N   2,843,888/MT  -0.08%
2026-08-08 06:07:49.087 | INFO     | __main__:run_zonal_forecast:493 -   South West       Lagos        * Sesame                N   1,685,795/MT  +0.04%
2026-08-08 06:07:49.088 | INFO     | __main__:run_zonal_forecast:493 -   South West       Lagos        * Cocoa                 N   4,935,462/MT  +0.11%
2026-08-08 06:07:49.088 | INFO     | __main__:run_zonal_forecast:493 -   South West       Lagos        * Soybeans              N     967,841/MT  +0.03%
2026-08-08 06:07:49.088 | INFO     | __main__:run_zonal_forecast:493 -   South West       Lagos        * Beans (white)         N     966,515/MT  +0.05%
2026-08-08 06:07:49.089 | INFO     | __main__:run_zonal_forecast:493 -   South West       Lagos        * Beans (red)           N   1,059,617/MT  -0.02%
2026-08-08 06:07:49.089 | INFO     | __main__:run_zonal_forecast:493 -   South West       Lagos        * Maize (white)         N     508,893/MT  -0.06%
2026-08-08 06:07:49.089 | INFO     | __main__:run_zonal_forecast:493 -   South West       Lagos        * Maize (yellow)        N     544,666/MT  -0.03%
2026-08-08 06:07:49.090 | INFO     | __main__:run_zonal_forecast:493 -   South East       Anambra      * Cocoa                 N   4,798,366/MT  +0.11%
2026-08-08 06:07:49.090 | INFO     | __main__:run_zonal_forecast:493 -   South East       Anambra      * Cashew Nuts           N   2,141,018/MT  +0.06%
2026-08-08 06:07:49.091 | INFO     | __main__:run_zonal_forecast:493 -   South East       Anambra      * Beans (white)         N     891,006/MT  +0.05%
2026-08-08 06:07:49.091 | INFO     | __main__:run_zonal_forecast:493 -   South East       Anambra      * Beans (red)           N     974,847/MT  -0.02%
2026-08-08 06:07:49.092 | INFO     | __main__:run_zonal_forecast:493 -   South East       Anambra      * Maize (white)         N     469,747/MT  -0.06%
2026-08-08 06:07:49.092 | INFO     | __main__:run_zonal_forecast:493 -   South East       Imo          * Cocoa                 N   4,158,583/MT  +0.11%
2026-08-08 06:07:49.092 | INFO     | __main__:run_zonal_forecast:493 -   South East       Imo          * Cashew Nuts           N   2,063,163/MT  +0.06%
2026-08-08 06:07:49.093 | INFO     | __main__:run_zonal_forecast:493 -   South East       Imo          * Beans (white)         N     868,353/MT  +0.05%
2026-08-08 06:07:49.094 | INFO     | __main__:run_zonal_forecast:493 -   South East       Imo          * Maize (white)         N     458,004/MT  -0.06%
2026-08-08 06:07:49.094 | INFO     | __main__:run_zonal_forecast:493 -   South South      Rivers       * Hibiscus              N   2,769,700/MT  -0.08%
2026-08-08 06:07:49.095 | INFO     | __main__:run_zonal_forecast:493 -   South South      Rivers       * Sesame                N   1,685,795/MT  +0.04%
2026-08-08 06:07:49.095 | INFO     | __main__:run_zonal_forecast:493 -   South South      Rivers       * Cocoa                 N   4,798,366/MT  +0.11%
2026-08-08 06:07:49.096 | INFO     | __main__:run_zonal_forecast:493 -   South South      Rivers       * Beans (white)         N     921,210/MT  +0.05%
2026-08-08 06:07:49.097 | INFO     | __main__:run_zonal_forecast:493 -   South South      Rivers       * Beans (red)           N   1,017,232/MT  -0.02%
2026-08-08 06:07:49.097 | INFO     | __main__:run_zonal_forecast:493 -   South South      Rivers       * Maize (white)         N     489,320/MT  -0.06%
2026-08-08 06:07:49.098 | INFO     | __main__:run_zonal_forecast:493 -   South South      Delta        * Hibiscus              N   2,670,782/MT  -0.08%
2026-08-08 06:07:49.098 | INFO     | __main__:run_zonal_forecast:493 -   South South      Delta        * Sesame                N   1,657,222/MT  +0.04%
2026-08-08 06:07:49.099 | INFO     | __main__:run_zonal_forecast:493 -   South South      Delta        * Cocoa                 N   4,249,981/MT  +0.11%
2026-08-08 06:07:49.099 | INFO     | __main__:run_zonal_forecast:493 -   South South      Delta        * Soybeans              N     904,376/MT  +0.03%
2026-08-08 06:07:49.100 | INFO     | __main__:run_zonal_forecast:493 -   South South      Delta        * Beans (white)         N     883,455/MT  +0.05%
2026-08-08 06:07:49.100 | INFO     | __main__:run_zonal_forecast:493 -   South South      Delta        * Maize (white)         N     469,747/MT  -0.06%
2026-08-08 06:07:49.369 | SUCCESS  | __main__:run_zonal_forecast:507 -   Zonal JSON  -> C:\Users\USER\Downloads\agrolinking-intel-structure\agrolinking-intel\outputs\forecasts\zonal\zonal_forecast_2026-08-08.json
2026-08-08 06:07:49.372 | SUCCESS  | __main__:run_zonal_forecast:513 -   Zonal alert -> C:\Users\USER\Downloads\agrolinking-intel-structure\agrolinking-intel\outputs\daily_alerts\alert_zonal_2026-08-08.txt
2026-08-08 06:07:49.373 | INFO     | __main__:run_zonal_forecast:515 - 
2026-08-08 06:07:49.373 | INFO     | __main__:run_zonal_forecast:516 - =================================================================
2026-08-08 06:07:49.374 | INFO     | __main__:run_zonal_forecast:518 -   ================================================
2026-08-08 06:07:49.374 | INFO     | __main__:run_zonal_forecast:518 -   AGROLINKING ZONAL COMMODITY INTELLIGENCE
2026-08-08 06:07:49.374 | INFO     | __main__:run_zonal_forecast:518 -   Date: Saturday, 08 August 2026
2026-08-08 06:07:49.375 | INFO     | __main__:run_zonal_forecast:518 -   6 Zones | 12 States | 12 Commodities
2026-08-08 06:07:49.376 | INFO     | __main__:run_zonal_forecast:518 -   ================================================
2026-08-08 06:07:49.376 | INFO     | __main__:run_zonal_forecast:518 -   
2026-08-08 06:07:49.377 | INFO     | __main__:run_zonal_forecast:518 -   NORTH WEST (Kano & Kaduna)
2026-08-08 06:07:49.377 | INFO     | __main__:run_zonal_forecast:518 -   Nigeria's main grain belt. Highest Maize, Sorghum, Sesame, Wheat production.
2026-08-08 06:07:49.377 | INFO     | __main__:run_zonal_forecast:518 -   
2026-08-08 06:07:49.378 | INFO     | __main__:run_zonal_forecast:518 -     Commodity           Kano                Kaduna            
2026-08-08 06:07:49.378 | INFO     | __main__:run_zonal_forecast:518 -     ------------------------------------------------------------
2026-08-08 06:07:49.378 | INFO     | __main__:run_zonal_forecast:518 -     Hibiscus                N2.349M    (-0.1%)    N2.300M    (-0.1%)
2026-08-08 06:07:49.379 | INFO     | __main__:run_zonal_forecast:518 -     Sesame                * N1.186M    (+0.0%)    N1.214M    (+0.0%)
2026-08-08 06:07:49.379 | INFO     | __main__:run_zonal_forecast:518 -     Ginger                  N9.280M    (+0.1%)  * N6.818M    (+0.1%)
2026-08-08 06:07:49.380 | INFO     | __main__:run_zonal_forecast:518 -     Cocoa                   N4.661M    (+0.1%)    N4.798M    (+0.1%)
2026-08-08 06:07:49.380 | INFO     | __main__:run_zonal_forecast:518 -     Soybeans                N714K      (+0.0%)  * N666K      (+0.0%)
2026-08-08 06:07:49.380 | INFO     | __main__:run_zonal_forecast:518 -     Cashew Nuts             N1.946M    (+0.1%)    N1.985M    (+0.1%)
2026-08-08 06:07:49.381 | INFO     | __main__:run_zonal_forecast:518 -     Sorghum               * N271K      (+0.1%)  * N278K      (+0.1%)
2026-08-08 06:07:49.381 | INFO     | __main__:run_zonal_forecast:518 -     Beans (white)         * N657K      (+0.1%)    N664K      (+0.1%)
2026-08-08 06:07:49.382 | INFO     | __main__:run_zonal_forecast:518 -     Beans (red)             N763K      (-0.0%)    N771K      (-0.0%)
2026-08-08 06:07:49.383 | INFO     | __main__:run_zonal_forecast:518 -     Maize (white)         * N313K      (-0.1%)  * N317K      (-0.1%)
2026-08-08 06:07:49.383 | INFO     | __main__:run_zonal_forecast:518 -     Maize (yellow)        * N335K      (-0.0%)  * N339K      (-0.0%)
2026-08-08 06:07:49.384 | INFO     | __main__:run_zonal_forecast:518 -     Wheat                 * N878K      (-0.1%)  * N858K      (-0.1%)
2026-08-08 06:07:49.385 | INFO     | __main__:run_zonal_forecast:518 -     Rice                    N1.272M    (+0.1%)  * N1.245M    (+0.1%)
2026-08-08 06:07:49.386 | INFO     | __main__:run_zonal_forecast:518 -     Eggs                    N7K        (-0.1%)    N7K        (-0.1%)
2026-08-08 06:07:49.386 | INFO     | __main__:run_zonal_forecast:518 -     Fish (dried)            N3.230M    (-0.1%)    N3.172M    (-0.1%)
2026-08-08 06:07:49.386 | INFO     | __main__:run_zonal_forecast:518 -     Meat (goat)             N4.279M    (+0.1%)    N4.378M    (+0.1%)
2026-08-08 06:07:49.387 | INFO     | __main__:run_zonal_forecast:518 -     Meat (beef)             N4.039M    (+0.1%)    N4.130M    (+0.1%)
2026-08-08 06:07:49.387 | INFO     | __main__:run_zonal_forecast:518 -   
2026-08-08 06:07:49.387 | INFO     | __main__:run_zonal_forecast:518 -   NORTH CENTRAL (Plateau & Kogi)
2026-08-08 06:07:49.388 | INFO     | __main__:run_zonal_forecast:518 -   Middle Belt. Ginger heartland (Plateau), Cashew/Cocoa belt (Kogi).
2026-08-08 06:07:49.388 | INFO     | __main__:run_zonal_forecast:518 -   
2026-08-08 06:07:49.389 | INFO     | __main__:run_zonal_forecast:518 -     Commodity           Plateau             Kogi              
2026-08-08 06:07:49.389 | INFO     | __main__:run_zonal_forecast:518 -     ------------------------------------------------------------
2026-08-08 06:07:49.390 | INFO     | __main__:run_zonal_forecast:518 -     Hibiscus                N2.399M    (-0.1%)    N2.374M    (-0.1%)
2026-08-08 06:07:49.390 | INFO     | __main__:run_zonal_forecast:518 -     Sesame                  N1.371M    (+0.0%)    N1.386M    (+0.0%)
2026-08-08 06:07:49.390 | INFO     | __main__:run_zonal_forecast:518 -     Ginger                * N7.102M    (+0.1%)    N8.901M    (+0.1%)
2026-08-08 06:07:49.391 | INFO     | __main__:run_zonal_forecast:518 -     Cocoa                   N4.935M    (+0.1%)  * N4.021M    (+0.1%)
2026-08-08 06:07:49.391 | INFO     | __main__:run_zonal_forecast:518 -     Soybeans              * N658K      (+0.0%)  * N690K      (+0.0%)
2026-08-08 06:07:49.391 | INFO     | __main__:run_zonal_forecast:518 -     Cashew Nuts             N2.044M    (+0.1%)  * N1.557M    (+0.1%)
2026-08-08 06:07:49.392 | INFO     | __main__:run_zonal_forecast:518 -     Sorghum                 N320K      (+0.1%)  * N317K      (+0.1%)
2026-08-08 06:07:49.393 | INFO     | __main__:run_zonal_forecast:518 -     Beans (white)         * N680K      (+0.1%)  * N695K      (+0.1%)
2026-08-08 06:07:49.393 | INFO     | __main__:run_zonal_forecast:518 -     Beans (red)             N805K      (-0.0%)    N797K      (-0.0%)
2026-08-08 06:07:49.394 | INFO     | __main__:run_zonal_forecast:518 -     Maize (white)         * N341K      (-0.1%)  * N352K      (-0.1%)
2026-08-08 06:07:49.395 | INFO     | __main__:run_zonal_forecast:518 -     Maize (yellow)          N369K      (-0.0%)    N381K      (-0.0%)
2026-08-08 06:07:49.395 | INFO     | __main__:run_zonal_forecast:518 -     Wheat                 * N897K      (-0.1%)    N956K      (-0.1%)
2026-08-08 06:07:49.396 | INFO     | __main__:run_zonal_forecast:518 -     Rice                  * N1.205M    (+0.1%)    N1.299M    (+0.1%)
2026-08-08 06:07:49.396 | INFO     | __main__:run_zonal_forecast:518 -     Eggs                    N7K        (-0.1%)    N8K        (-0.1%)
2026-08-08 06:07:49.396 | INFO     | __main__:run_zonal_forecast:518 -     Fish (dried)            N3.084M    (-0.1%)    N2.995M    (-0.1%)
2026-08-08 06:07:49.397 | INFO     | __main__:run_zonal_forecast:518 -     Meat (goat)             N4.476M    (+0.1%)    N4.624M    (+0.1%)
2026-08-08 06:07:49.397 | INFO     | __main__:run_zonal_forecast:518 -     Meat (beef)             N4.222M    (+0.1%)    N4.360M    (+0.1%)
2026-08-08 06:07:49.397 | INFO     | __main__:run_zonal_forecast:518 -   
2026-08-08 06:07:49.397 | INFO     | __main__:run_zonal_forecast:518 -   NORTH EAST (Adamawa & Borno)
2026-08-08 06:07:49.398 | INFO     | __main__:run_zonal_forecast:518 -   Semi-arid. Sorghum, Maize. Conflict premium on imports in Borno.
2026-08-08 06:07:49.398 | INFO     | __main__:run_zonal_forecast:518 -   
2026-08-08 06:07:49.399 | INFO     | __main__:run_zonal_forecast:518 -     Commodity           Adamawa             Borno             
2026-08-08 06:07:49.399 | INFO     | __main__:run_zonal_forecast:518 -     ------------------------------------------------------------
2026-08-08 06:07:49.399 | INFO     | __main__:run_zonal_forecast:518 -     Hibiscus                N2.423M    (-0.1%)    N2.597M    (-0.1%)
2026-08-08 06:07:49.400 | INFO     | __main__:run_zonal_forecast:518 -     Sesame                * N1.229M    (+0.0%)  * N1.271M    (+0.0%)
2026-08-08 06:07:49.400 | INFO     | __main__:run_zonal_forecast:518 -     Ginger                * N7.860M    (+0.1%)    N10.890M   (+0.1%)
2026-08-08 06:07:49.400 | INFO     | __main__:run_zonal_forecast:518 -     Cocoa                   N4.798M    (+0.1%)    N5.392M    (+0.1%)
2026-08-08 06:07:49.401 | INFO     | __main__:run_zonal_forecast:518 -     Soybeans              * N706K      (+0.0%)    N857K      (+0.0%)
2026-08-08 06:07:49.401 | INFO     | __main__:run_zonal_forecast:518 -     Cashew Nuts             N2.024M    (+0.1%)    N2.238M    (+0.1%)
2026-08-08 06:07:49.401 | INFO     | __main__:run_zonal_forecast:518 -     Sorghum               * N303K      (+0.1%)  * N320K      (+0.1%)
2026-08-08 06:07:49.402 | INFO     | __main__:run_zonal_forecast:518 -     Beans (white)         * N695K      (+0.1%)  * N800K      (+0.1%)
2026-08-08 06:07:49.402 | INFO     | __main__:run_zonal_forecast:518 -     Beans (red)             N805K      (-0.0%)    N932K      (-0.0%)
2026-08-08 06:07:49.402 | INFO     | __main__:run_zonal_forecast:518 -     Maize (white)         * N344K      (-0.1%)  * N423K      (-0.1%)
2026-08-08 06:07:49.403 | INFO     | __main__:run_zonal_forecast:518 -     Maize (yellow)          N373K      (-0.0%)    N452K      (-0.0%)
2026-08-08 06:07:49.403 | INFO     | __main__:run_zonal_forecast:518 -     Wheat                   N966K      (-0.1%)  * N1.104M    (-0.1%)
2026-08-08 06:07:49.403 | INFO     | __main__:run_zonal_forecast:518 -     Rice                    N1.366M    (+0.1%)    N1.473M    (+0.1%)
2026-08-08 06:07:49.404 | INFO     | __main__:run_zonal_forecast:518 -     Eggs                    N8K        (-0.1%)    N8K        (-0.1%)
2026-08-08 06:07:49.404 | INFO     | __main__:run_zonal_forecast:518 -     Fish (dried)            N3.289M    (-0.1%)    N3.465M    (-0.1%)
2026-08-08 06:07:49.404 | INFO     | __main__:run_zonal_forecast:518 -     Meat (goat)             N4.525M    (+0.1%)    N5.116M    (+0.1%)
2026-08-08 06:07:49.405 | INFO     | __main__:run_zonal_forecast:518 -     Meat (beef)             N4.268M    (+0.1%)    N4.819M    (+0.1%)
2026-08-08 06:07:49.405 | INFO     | __main__:run_zonal_forecast:518 -   
2026-08-08 06:07:49.406 | INFO     | __main__:run_zonal_forecast:518 -   SOUTH WEST (Oyo & Lagos)
2026-08-08 06:07:49.406 | INFO     | __main__:run_zonal_forecast:518 -   Commercial capital. Lagos is the price-setter for consumer markets.
2026-08-08 06:07:49.407 | INFO     | __main__:run_zonal_forecast:518 -   
2026-08-08 06:07:49.407 | INFO     | __main__:run_zonal_forecast:518 -     Commodity           Oyo                 Lagos             
2026-08-08 06:07:49.407 | INFO     | __main__:run_zonal_forecast:518 -     ------------------------------------------------------------
2026-08-08 06:07:49.408 | INFO     | __main__:run_zonal_forecast:518 -     Hibiscus              * N2.547M    (-0.1%)  * N2.844M    (-0.1%)
2026-08-08 06:07:49.408 | INFO     | __main__:run_zonal_forecast:518 -     Sesame                  N1.514M    (+0.0%)  * N1.686M    (+0.0%)
2026-08-08 06:07:49.409 | INFO     | __main__:run_zonal_forecast:518 -     Ginger                  N10.227M   (+0.1%)    N11.363M   (+0.1%)
2026-08-08 06:07:49.409 | INFO     | __main__:run_zonal_forecast:518 -     Cocoa                 * N4.067M    (+0.1%)  * N4.935M    (+0.1%)
2026-08-08 06:07:49.410 | INFO     | __main__:run_zonal_forecast:518 -     Soybeans              * N825K      (+0.0%)  * N968K      (+0.0%)
2026-08-08 06:07:49.410 | INFO     | __main__:run_zonal_forecast:518 -     Cashew Nuts           * N1.674M    (+0.1%)    N2.141M    (+0.1%)
2026-08-08 06:07:49.410 | INFO     | __main__:run_zonal_forecast:518 -     Sorghum                 N365K      (+0.1%)    N411K      (+0.1%)
2026-08-08 06:07:49.411 | INFO     | __main__:run_zonal_forecast:518 -     Beans (white)         * N831K      (+0.1%)  * N967K      (+0.1%)
2026-08-08 06:07:49.411 | INFO     | __main__:run_zonal_forecast:518 -     Beans (red)             N949K      (-0.0%)  * N1.060M    (-0.0%)
2026-08-08 06:07:49.411 | INFO     | __main__:run_zonal_forecast:518 -     Maize (white)         * N423K      (-0.1%)  * N509K      (-0.1%)
2026-08-08 06:07:49.412 | INFO     | __main__:run_zonal_forecast:518 -     Maize (yellow)          N452K      (-0.0%)  * N545K      (-0.0%)
2026-08-08 06:07:49.412 | INFO     | __main__:run_zonal_forecast:518 -     Wheat                   N1.085M    (-0.1%)    N1.134M    (-0.1%)
2026-08-08 06:07:49.412 | INFO     | __main__:run_zonal_forecast:518 -     Rice                    N1.446M    (+0.1%)    N1.580M    (+0.1%)
2026-08-08 06:07:49.412 | INFO     | __main__:run_zonal_forecast:518 -     Eggs                    N8K        (-0.1%)    N9K        (-0.1%)
2026-08-08 06:07:49.413 | INFO     | __main__:run_zonal_forecast:518 -     Fish (dried)            N2.878M    (-0.1%)    N3.172M    (-0.1%)
2026-08-08 06:07:49.413 | INFO     | __main__:run_zonal_forecast:518 -     Meat (goat)             N5.214M    (+0.1%)    N5.853M    (+0.1%)
2026-08-08 06:07:49.413 | INFO     | __main__:run_zonal_forecast:518 -     Meat (beef)             N4.819M    (+0.1%)    N5.415M    (+0.1%)
2026-08-08 06:07:49.413 | INFO     | __main__:run_zonal_forecast:518 -   
2026-08-08 06:07:49.414 | INFO     | __main__:run_zonal_forecast:518 -   SOUTH EAST (Anambra & Imo)
2026-08-08 06:07:49.414 | INFO     | __main__:run_zonal_forecast:518 -   High consumption, low production of traded commodities. Import-dependent.
2026-08-08 06:07:49.414 | INFO     | __main__:run_zonal_forecast:518 -   
2026-08-08 06:07:49.415 | INFO     | __main__:run_zonal_forecast:518 -     Commodity           Anambra             Imo               
2026-08-08 06:07:49.415 | INFO     | __main__:run_zonal_forecast:518 -     ------------------------------------------------------------
2026-08-08 06:07:49.415 | INFO     | __main__:run_zonal_forecast:518 -     Hibiscus                N2.770M    (-0.1%)    N2.720M    (-0.1%)
2026-08-08 06:07:49.416 | INFO     | __main__:run_zonal_forecast:518 -     Sesame                  N1.657M    (+0.0%)    N1.629M    (+0.0%)
2026-08-08 06:07:49.416 | INFO     | __main__:run_zonal_forecast:518 -     Ginger                  N10.890M   (+0.1%)    N10.606M   (+0.1%)
2026-08-08 06:07:49.416 | INFO     | __main__:run_zonal_forecast:518 -     Cocoa                 * N4.798M    (+0.1%)  * N4.159M    (+0.1%)
2026-08-08 06:07:49.417 | INFO     | __main__:run_zonal_forecast:518 -     Soybeans                N904K      (+0.0%)    N889K      (+0.0%)
2026-08-08 06:07:49.417 | INFO     | __main__:run_zonal_forecast:518 -     Cashew Nuts           * N2.141M    (+0.1%)  * N2.063M    (+0.1%)
2026-08-08 06:07:49.417 | INFO     | __main__:run_zonal_forecast:518 -     Sorghum                 N397K      (+0.1%)    N390K      (+0.1%)
2026-08-08 06:07:49.417 | INFO     | __main__:run_zonal_forecast:518 -     Beans (white)         * N891K      (+0.1%)  * N868K      (+0.1%)
2026-08-08 06:07:49.418 | INFO     | __main__:run_zonal_forecast:518 -     Beans (red)           * N975K      (-0.0%)    N958K      (-0.0%)
2026-08-08 06:07:49.418 | INFO     | __main__:run_zonal_forecast:518 -     Maize (white)         * N470K      (-0.1%)  * N458K      (-0.1%)
2026-08-08 06:07:49.419 | INFO     | __main__:run_zonal_forecast:518 -     Maize (yellow)          N503K      (-0.0%)    N490K      (-0.0%)
2026-08-08 06:07:49.419 | INFO     | __main__:run_zonal_forecast:518 -     Wheat                   N1.163M    (-0.1%)    N1.144M    (-0.1%)
2026-08-08 06:07:49.419 | INFO     | __main__:run_zonal_forecast:518 -     Rice                    N1.500M    (+0.1%)    N1.473M    (+0.1%)
2026-08-08 06:07:49.420 | INFO     | __main__:run_zonal_forecast:518 -     Eggs                    N8K        (-0.1%)    N8K        (-0.1%)
2026-08-08 06:07:49.420 | INFO     | __main__:run_zonal_forecast:518 -     Fish (dried)            N2.790M    (-0.1%)    N2.731M    (-0.1%)
2026-08-08 06:07:49.420 | INFO     | __main__:run_zonal_forecast:518 -     Meat (goat)             N5.362M    (+0.1%)    N5.263M    (+0.1%)
2026-08-08 06:07:49.421 | INFO     | __main__:run_zonal_forecast:518 -     Meat (beef)             N4.956M    (+0.1%)    N4.865M    (+0.1%)
2026-08-08 06:07:49.422 | INFO     | __main__:run_zonal_forecast:518 -   
2026-08-08 06:07:49.422 | INFO     | __main__:run_zonal_forecast:518 -   SOUTH SOUTH (Rivers & Delta)
2026-08-08 06:07:49.423 | INFO     | __main__:run_zonal_forecast:518 -   Oil belt. High purchasing power. Cocoa producer (Delta).
2026-08-08 06:07:49.423 | INFO     | __main__:run_zonal_forecast:518 -   
2026-08-08 06:07:49.423 | INFO     | __main__:run_zonal_forecast:518 -     Commodity           Rivers              Delta             
2026-08-08 06:07:49.424 | INFO     | __main__:run_zonal_forecast:518 -     ------------------------------------------------------------
2026-08-08 06:07:49.424 | INFO     | __main__:run_zonal_forecast:518 -     Hibiscus              * N2.770M    (-0.1%)  * N2.671M    (-0.1%)
2026-08-08 06:07:49.424 | INFO     | __main__:run_zonal_forecast:518 -     Sesame                * N1.686M    (+0.0%)  * N1.657M    (+0.0%)
2026-08-08 06:07:49.425 | INFO     | __main__:run_zonal_forecast:518 -     Ginger                  N11.363M   (+0.1%)    N10.890M   (+0.1%)
2026-08-08 06:07:49.425 | INFO     | __main__:run_zonal_forecast:518 -     Cocoa                 * N4.798M    (+0.1%)  * N4.250M    (+0.1%)
2026-08-08 06:07:49.425 | INFO     | __main__:run_zonal_forecast:518 -     Soybeans                N936K      (+0.0%)  * N904K      (+0.0%)
2026-08-08 06:07:49.426 | INFO     | __main__:run_zonal_forecast:518 -     Cashew Nuts             N2.238M    (+0.1%)    N2.141M    (+0.1%)
2026-08-08 06:07:49.426 | INFO     | __main__:run_zonal_forecast:518 -     Sorghum                 N418K      (+0.1%)    N411K      (+0.1%)
2026-08-08 06:07:49.426 | INFO     | __main__:run_zonal_forecast:518 -     Beans (white)         * N921K      (+0.1%)  * N883K      (+0.1%)
2026-08-08 06:07:49.427 | INFO     | __main__:run_zonal_forecast:518 -     Beans (red)           * N1.017M    (-0.0%)    N975K      (-0.0%)
2026-08-08 06:07:49.427 | INFO     | __main__:run_zonal_forecast:518 -     Maize (white)         * N489K      (-0.1%)  * N470K      (-0.1%)
2026-08-08 06:07:49.428 | INFO     | __main__:run_zonal_forecast:518 -     Maize (yellow)          N524K      (-0.0%)    N503K      (-0.0%)
2026-08-08 06:07:49.428 | INFO     | __main__:run_zonal_forecast:518 -     Wheat                   N1.203M    (-0.1%)    N1.183M    (-0.1%)
2026-08-08 06:07:49.428 | INFO     | __main__:run_zonal_forecast:518 -     Rice                    N1.540M    (+0.1%)    N1.500M    (+0.1%)
2026-08-08 06:07:49.428 | INFO     | __main__:run_zonal_forecast:518 -     Eggs                    N8K        (-0.1%)    N8K        (-0.1%)
2026-08-08 06:07:49.429 | INFO     | __main__:run_zonal_forecast:518 -     Fish (dried)            N2.584M    (-0.1%)    N2.643M    (-0.1%)
2026-08-08 06:07:49.429 | INFO     | __main__:run_zonal_forecast:518 -     Meat (goat)             N5.558M    (+0.1%)    N5.460M    (+0.1%)
2026-08-08 06:07:49.429 | INFO     | __main__:run_zonal_forecast:518 -     Meat (beef)             N5.140M    (+0.1%)    N5.048M    (+0.1%)
2026-08-08 06:07:49.430 | INFO     | __main__:run_zonal_forecast:518 -   
2026-08-08 06:07:49.430 | INFO     | __main__:run_zonal_forecast:518 -   ==========================================================
2026-08-08 06:07:49.431 | INFO     | __main__:run_zonal_forecast:518 -   * = primary commodity  (+/-%) = day-on-day change
2026-08-08 06:07:49.431 | INFO     | __main__:run_zonal_forecast:518 -   
2026-08-08 06:07:49.431 | INFO     | __main__:run_zonal_forecast:518 -   NATIONAL PRICE CHANGES TODAY:
2026-08-08 06:07:49.431 | INFO     | __main__:run_zonal_forecast:518 -     Commodity                   Price   Day Chg    vs Ref
2026-08-08 06:07:49.432 | INFO     | __main__:run_zonal_forecast:518 -     ------------------------------------------------------
2026-08-08 06:07:49.432 | INFO     | __main__:run_zonal_forecast:518 -     Hibiscus                  N2.473M    -0.08%    -1.08%
2026-08-08 06:07:49.433 | INFO     | __main__:run_zonal_forecast:518 -     Sesame                    N1.429M    +0.04%    +0.61%
2026-08-08 06:07:49.433 | INFO     | __main__:run_zonal_forecast:518 -     Ginger                    N9.469M    +0.05%    +0.74%
2026-08-08 06:07:49.433 | INFO     | __main__:run_zonal_forecast:518 -     Cocoa                     N4.570M    +0.11%    +1.55%
2026-08-08 06:07:49.434 | INFO     | __main__:run_zonal_forecast:518 -     Soybeans                    N793K    +0.03%    +0.42%
2026-08-08 06:07:49.434 | INFO     | __main__:run_zonal_forecast:518 -     Cashew Nuts               N1.946M    +0.06%    +0.85%
2026-08-08 06:07:49.435 | INFO     | __main__:run_zonal_forecast:518 -     Sorghum                     N348K    +0.06%    +0.88%
2026-08-08 06:07:49.435 | INFO     | __main__:run_zonal_forecast:518 -     Beans (white)               N755K    +0.05%    +0.68%
2026-08-08 06:07:49.435 | INFO     | __main__:run_zonal_forecast:518 -     Beans (red)                 N848K    -0.02%    -0.27%
2026-08-08 06:07:49.436 | INFO     | __main__:run_zonal_forecast:518 -     Maize (white)               N391K    -0.06%    -0.90%
2026-08-08 06:07:49.436 | INFO     | __main__:run_zonal_forecast:518 -     Maize (yellow)              N419K    -0.03%    -0.48%
2026-08-08 06:07:49.436 | INFO     | __main__:run_zonal_forecast:518 -     Wheat                       N986K    -0.10%    -1.40%
2026-08-08 06:07:49.437 | INFO     | __main__:run_zonal_forecast:518 -     Rice                      N1.339M    +0.10%    +1.43%
2026-08-08 06:07:49.437 | INFO     | __main__:run_zonal_forecast:518 -     Eggs                          N8K    -0.05%    -0.74%
2026-08-08 06:07:49.437 | INFO     | __main__:run_zonal_forecast:518 -     Fish (dried)              N2.937M    -0.08%    -1.05%
2026-08-08 06:07:49.438 | INFO     | __main__:run_zonal_forecast:518 -     Meat (goat)               N4.919M    +0.09%    +1.21%
2026-08-08 06:07:49.439 | INFO     | __main__:run_zonal_forecast:518 -     Meat (beef)               N4.589M    +0.08%    +1.17%
2026-08-08 06:07:49.439 | INFO     | __main__:run_zonal_forecast:518 -   
2026-08-08 06:07:49.440 | INFO     | __main__:run_zonal_forecast:518 -   BEST SOURCING NATIONALLY:
2026-08-08 06:07:49.440 | INFO     | __main__:run_zonal_forecast:518 -     Commodity              Best State           Price  Spread
2026-08-08 06:07:49.441 | INFO     | __main__:run_zonal_forecast:518 -     ------------------------------------------------------------
2026-08-08 06:07:49.441 | INFO     | __main__:run_zonal_forecast:518 -     Hibiscus               Kaduna             N2.300M  24% vs Lagos
2026-08-08 06:07:49.441 | INFO     | __main__:run_zonal_forecast:518 -     Sesame                 Kano               N1.186M  42% vs Lagos
2026-08-08 06:07:49.442 | INFO     | __main__:run_zonal_forecast:518 -     Ginger                 Kaduna             N6.818M  67% vs Lagos
2026-08-08 06:07:49.442 | INFO     | __main__:run_zonal_forecast:518 -     Cocoa                  Kogi               N4.021M  34% vs Borno
2026-08-08 06:07:49.442 | INFO     | __main__:run_zonal_forecast:518 -     Soybeans               Plateau              N658K  47% vs Lagos
2026-08-08 06:07:49.442 | INFO     | __main__:run_zonal_forecast:518 -     Cashew Nuts            Kogi               N1.557M  44% vs Borno
2026-08-08 06:07:49.443 | INFO     | __main__:run_zonal_forecast:518 -     Sorghum                Kano                 N271K  54% vs Rivers
2026-08-08 06:07:49.443 | INFO     | __main__:run_zonal_forecast:518 -     Beans (white)          Kano                 N657K  47% vs Lagos
2026-08-08 06:07:49.444 | INFO     | __main__:run_zonal_forecast:518 -     Beans (red)            Kano                 N763K  39% vs Lagos
2026-08-08 06:07:49.444 | INFO     | __main__:run_zonal_forecast:518 -     Maize (white)          Kano                 N313K  62% vs Lagos
2026-08-08 06:07:49.444 | INFO     | __main__:run_zonal_forecast:518 -     Maize (yellow)         Kano                 N335K  62% vs Lagos
2026-08-08 06:07:49.444 | INFO     | __main__:run_zonal_forecast:518 -     Wheat                  Kaduna               N858K  40% vs Rivers
2026-08-08 06:07:49.445 | INFO     | __main__:run_zonal_forecast:518 -     Rice                   Plateau            N1.205M  31% vs Lagos
2026-08-08 06:07:49.445 | INFO     | __main__:run_zonal_forecast:518 -     Eggs                   Kano                   N7K  22% vs Lagos
2026-08-08 06:07:49.446 | INFO     | __main__:run_zonal_forecast:518 -     Fish (dried)           Rivers             N2.584M  34% vs Borno
2026-08-08 06:07:49.446 | INFO     | __main__:run_zonal_forecast:518 -     Meat (goat)            Kano               N4.279M  37% vs Lagos
2026-08-08 06:07:49.446 | INFO     | __main__:run_zonal_forecast:518 -     Meat (beef)            Kano               N4.039M  34% vs Lagos
2026-08-08 06:07:49.447 | INFO     | __main__:run_zonal_forecast:518 -   
2026-08-08 06:07:49.447 | INFO     | __main__:run_zonal_forecast:518 -   ==========================================================
2026-08-08 06:07:49.447 | INFO     | __main__:run_zonal_forecast:518 -   Source: Agrolinking Intelligence Platform
2026-08-08 06:07:49.448 | INFO     | __main__:run_zonal_forecast:518 -   Next update: 09 Aug 2026
2026-08-08 06:07:49.448 | INFO     | __main__:run_zonal_forecast:519 - =================================================================
2026-08-08 06:07:49.448 | SUCCESS  | __main__:run_zonal_forecast:520 - ZONAL FORECASTING COMPLETE — 6 zones | 12 states | 17 commodities
2026-08-08 21:12:35.483 | INFO     | __main__:run_zonal_forecast:464 - =================================================================
2026-08-08 21:12:35.485 | INFO     | __main__:run_zonal_forecast:465 - STEP 7 — ZONAL & STATE-LEVEL FORECASTING
2026-08-08 21:12:35.485 | INFO     | __main__:run_zonal_forecast:466 -   Date  : Saturday, 08 August 2026  21:12
2026-08-08 21:12:35.486 | INFO     | __main__:run_zonal_forecast:467 -   Anchor: DAILY INTERPOLATED (from last_known_date, drifts daily)
2026-08-08 21:12:35.486 | INFO     | __main__:run_zonal_forecast:468 - =================================================================
2026-08-08 21:12:35.606 | INFO     | __main__:run_zonal_forecast:471 -   Source: forecast_validated_2026-08-08.json
2026-08-08 21:12:35.608 | INFO     | __main__:run_zonal_forecast:478 -   Maize (white): last_known=2026-08-08, days_elapsed=0
2026-08-08 21:12:35.608 | INFO     | __main__:run_zonal_forecast:478 -   Hibiscus: last_known=2026-08-08, days_elapsed=0
2026-08-08 21:12:35.608 | INFO     | __main__:run_zonal_forecast:478 -   Sesame: last_known=2026-08-08, days_elapsed=0
2026-08-08 21:12:35.609 | INFO     | __main__:build_zonal_output:285 - 
2026-08-08 21:12:35.609 | INFO     | __main__:build_zonal_output:286 -   NATIONAL ANCHORS (interpolated from last_known_date to today):
2026-08-08 21:12:35.609 | INFO     | __main__:build_zonal_output:287 -   Commodity                 Today Price   Day Chg    vs Ref  Source
2026-08-08 21:12:35.610 | INFO     | __main__:build_zonal_output:288 -   --------------------------------------------------------------------------------
2026-08-08 21:12:35.610 | DEBUG    | __main__:get_daily_price:116 -   last_known=2026-08-08, run=2026-08-08, elapsed=7d
2026-08-08 21:12:35.613 | DEBUG    | __main__:get_daily_price:82 -   last_known_date 2026-08-08 is in future. Capping to 7 days ago.
2026-08-08 21:12:35.613 | DEBUG    | __main__:get_daily_price:116 -   last_known=2026-08-08, run=2026-08-07, elapsed=7d
2026-08-08 21:12:35.615 | INFO     | __main__:build_zonal_output:318 -   Hibiscus               N   2,485,069    -0.04%   -0.60%  interp d7 (weekly series | -0.60% v
2026-08-08 21:12:35.615 | DEBUG    | __main__:get_daily_price:116 -   last_known=2026-08-08, run=2026-08-08, elapsed=7d
2026-08-08 21:12:35.617 | DEBUG    | __main__:get_daily_price:82 -   last_known_date 2026-08-08 is in future. Capping to 7 days ago.
2026-08-08 21:12:35.617 | DEBUG    | __main__:get_daily_price:116 -   last_known=2026-08-08, run=2026-08-07, elapsed=7d
2026-08-08 21:12:35.619 | INFO     | __main__:build_zonal_output:318 -   Sesame                 N   1,428,368    +0.04%  + +0.59%  interp d7 (weekly series | +0.59% v
2026-08-08 21:12:35.620 | DEBUG    | __main__:get_daily_price:116 -   last_known=2026-08-08, run=2026-08-08, elapsed=7d
2026-08-08 21:12:35.620 | DEBUG    | __main__:get_daily_price:82 -   last_known_date 2026-08-08 is in future. Capping to 7 days ago.
2026-08-08 21:12:35.620 | DEBUG    | __main__:get_daily_price:116 -   last_known=2026-08-08, run=2026-08-07, elapsed=7d
2026-08-08 21:12:35.622 | INFO     | __main__:build_zonal_output:318 -   Ginger                 N   9,464,605    +0.05%  + +0.69%  interp d7 (weekly series | +0.69% v
2026-08-08 21:12:35.623 | DEBUG    | __main__:get_daily_price:116 -   last_known=2026-08-08, run=2026-08-08, elapsed=7d
2026-08-08 21:12:35.624 | DEBUG    | __main__:get_daily_price:82 -   last_known_date 2026-08-08 is in future. Capping to 7 days ago.
2026-08-08 21:12:35.625 | DEBUG    | __main__:get_daily_price:116 -   last_known=2026-08-08, run=2026-08-07, elapsed=7d
2026-08-08 21:12:35.625 | INFO     | __main__:build_zonal_output:318 -   Cocoa                  N   4,569,864    +0.11%  + +1.55%  interp d7 (weekly series | +1.55% v
2026-08-08 21:12:35.626 | DEBUG    | __main__:get_daily_price:116 -   last_known=2026-08-08, run=2026-08-08, elapsed=7d
2026-08-08 21:12:35.627 | DEBUG    | __main__:get_daily_price:82 -   last_known_date 2026-08-08 is in future. Capping to 7 days ago.
2026-08-08 21:12:35.627 | DEBUG    | __main__:get_daily_price:116 -   last_known=2026-08-08, run=2026-08-07, elapsed=7d
2026-08-08 21:12:35.628 | INFO     | __main__:build_zonal_output:318 -   Soybeans               N     793,420    +0.03%  + +0.43%  interp d7 (weekly series | +0.43% v
2026-08-08 21:12:35.628 | DEBUG    | __main__:get_daily_price:116 -   last_known=2026-08-08, run=2026-08-08, elapsed=7d
2026-08-08 21:12:35.629 | DEBUG    | __main__:get_daily_price:82 -   last_known_date 2026-08-08 is in future. Capping to 7 days ago.
2026-08-08 21:12:35.629 | DEBUG    | __main__:get_daily_price:116 -   last_known=2026-08-08, run=2026-08-07, elapsed=7d
2026-08-08 21:12:35.630 | INFO     | __main__:build_zonal_output:318 -   Cashew Nuts            N   1,955,840    +0.09%  + +1.34%  interp d7 (weekly series | +1.34% v
2026-08-08 21:12:35.630 | DEBUG    | __main__:get_daily_price:116 -   last_known=2026-08-08, run=2026-08-08, elapsed=7d
2026-08-08 21:12:35.631 | DEBUG    | __main__:get_daily_price:82 -   last_known_date 2026-08-08 is in future. Capping to 7 days ago.
2026-08-08 21:12:35.631 | DEBUG    | __main__:get_daily_price:116 -   last_known=2026-08-08, run=2026-08-07, elapsed=7d
2026-08-08 21:12:35.632 | INFO     | __main__:build_zonal_output:318 -   Sorghum                N     348,079    +0.06%  + +0.89%  interp d7 (weekly series | +0.89% v
2026-08-08 21:12:35.632 | DEBUG    | __main__:get_daily_price:116 -   last_known=2026-08-08, run=2026-08-08, elapsed=7d
2026-08-08 21:12:35.634 | DEBUG    | __main__:get_daily_price:82 -   last_known_date 2026-08-08 is in future. Capping to 7 days ago.
2026-08-08 21:12:35.634 | DEBUG    | __main__:get_daily_price:116 -   last_known=2026-08-08, run=2026-08-07, elapsed=7d
2026-08-08 21:12:35.635 | INFO     | __main__:build_zonal_output:318 -   Beans (white)          N     754,948    +0.05%  + +0.66%  interp d7 (weekly series | +0.66% v
2026-08-08 21:12:35.635 | DEBUG    | __main__:get_daily_price:116 -   last_known=2026-08-08, run=2026-08-08, elapsed=7d
2026-08-08 21:12:35.636 | DEBUG    | __main__:get_daily_price:82 -   last_known_date 2026-08-08 is in future. Capping to 7 days ago.
2026-08-08 21:12:35.636 | DEBUG    | __main__:get_daily_price:116 -   last_known=2026-08-08, run=2026-08-07, elapsed=7d
2026-08-08 21:12:35.637 | INFO     | __main__:build_zonal_output:318 -   Beans (red)            N     847,336    -0.02%   -0.31%  interp d7 (weekly series | -0.31% v
2026-08-08 21:12:35.637 | DEBUG    | __main__:get_daily_price:116 -   last_known=2026-08-08, run=2026-08-08, elapsed=7d
2026-08-08 21:12:35.638 | DEBUG    | __main__:get_daily_price:82 -   last_known_date 2026-08-08 is in future. Capping to 7 days ago.
2026-08-08 21:12:35.638 | DEBUG    | __main__:get_daily_price:116 -   last_known=2026-08-08, run=2026-08-07, elapsed=7d
2026-08-08 21:12:35.639 | INFO     | __main__:build_zonal_output:318 -   Maize (white)          N     391,355    -0.07%   -0.92%  interp d7 (weekly series | -0.92% v
2026-08-08 21:12:35.639 | DEBUG    | __main__:get_daily_price:116 -   last_known=2026-08-08, run=2026-08-08, elapsed=7d
2026-08-08 21:12:35.642 | DEBUG    | __main__:get_daily_price:82 -   last_known_date 2026-08-08 is in future. Capping to 7 days ago.
2026-08-08 21:12:35.642 | DEBUG    | __main__:get_daily_price:116 -   last_known=2026-08-08, run=2026-08-07, elapsed=7d
2026-08-08 21:12:35.643 | INFO     | __main__:build_zonal_output:318 -   Maize (yellow)         N     417,608    -0.06%   -0.81%  interp d7 (weekly series | -0.81% v
2026-08-08 21:12:35.644 | DEBUG    | __main__:get_daily_price:116 -   last_known=2026-08-08, run=2026-08-08, elapsed=7d
2026-08-08 21:12:35.645 | DEBUG    | __main__:get_daily_price:82 -   last_known_date 2026-08-08 is in future. Capping to 7 days ago.
2026-08-08 21:12:35.645 | DEBUG    | __main__:get_daily_price:116 -   last_known=2026-08-08, run=2026-08-07, elapsed=7d
2026-08-08 21:12:35.646 | INFO     | __main__:build_zonal_output:318 -   Wheat                  N     986,639    -0.10%   -1.34%  interp d7 (weekly series | -1.34% v
2026-08-08 21:12:35.646 | DEBUG    | __main__:get_daily_price:116 -   last_known=2026-08-08, run=2026-08-08, elapsed=7d
2026-08-08 21:12:35.647 | DEBUG    | __main__:get_daily_price:82 -   last_known_date 2026-08-08 is in future. Capping to 7 days ago.
2026-08-08 21:12:35.647 | DEBUG    | __main__:get_daily_price:116 -   last_known=2026-08-08, run=2026-08-07, elapsed=7d
2026-08-08 21:12:35.648 | INFO     | __main__:build_zonal_output:318 -   Rice                   N   1,338,886    +0.10%  + +1.43%  interp d7 (weekly series | +1.43% v
2026-08-08 21:12:35.648 | DEBUG    | __main__:get_daily_price:116 -   last_known=2026-08-08, run=2026-08-08, elapsed=7d
2026-08-08 21:12:35.651 | DEBUG    | __main__:get_daily_price:82 -   last_known_date 2026-08-08 is in future. Capping to 7 days ago.
2026-08-08 21:12:35.651 | DEBUG    | __main__:get_daily_price:116 -   last_known=2026-08-08, run=2026-08-07, elapsed=7d
2026-08-08 21:12:35.653 | INFO     | __main__:build_zonal_output:318 -   Eggs                   N       7,861    -0.05%   -0.74%  interp d7 (weekly series | -0.74% v
2026-08-08 21:12:35.653 | DEBUG    | __main__:get_daily_price:116 -   last_known=2026-08-08, run=2026-08-08, elapsed=7d
2026-08-08 21:12:35.655 | DEBUG    | __main__:get_daily_price:82 -   last_known_date 2026-08-08 is in future. Capping to 7 days ago.
2026-08-08 21:12:35.655 | DEBUG    | __main__:get_daily_price:116 -   last_known=2026-08-08, run=2026-08-07, elapsed=7d
2026-08-08 21:12:35.656 | INFO     | __main__:build_zonal_output:318 -   Fish (dried)           N   2,937,946    -0.07%   -1.01%  interp d7 (weekly series | -1.01% v
2026-08-08 21:12:35.657 | DEBUG    | __main__:get_daily_price:116 -   last_known=2026-08-08, run=2026-08-08, elapsed=7d
2026-08-08 21:12:35.658 | DEBUG    | __main__:get_daily_price:82 -   last_known_date 2026-08-08 is in future. Capping to 7 days ago.
2026-08-08 21:12:35.658 | DEBUG    | __main__:get_daily_price:116 -   last_known=2026-08-08, run=2026-08-07, elapsed=7d
2026-08-08 21:12:35.659 | INFO     | __main__:build_zonal_output:318 -   Meat (goat)            N   4,922,035    +0.09%  + +1.28%  interp d7 (weekly series | +1.28% v
2026-08-08 21:12:35.660 | DEBUG    | __main__:get_daily_price:116 -   last_known=2026-08-08, run=2026-08-08, elapsed=7d
2026-08-08 21:12:35.661 | DEBUG    | __main__:get_daily_price:82 -   last_known_date 2026-08-08 is in future. Capping to 7 days ago.
2026-08-08 21:12:35.661 | DEBUG    | __main__:get_daily_price:116 -   last_known=2026-08-08, run=2026-08-07, elapsed=7d
2026-08-08 21:12:35.662 | INFO     | __main__:build_zonal_output:318 -   Meat (beef)            N   4,585,001    +0.08%  + +1.08%  interp d7 (weekly series | +1.08% v
2026-08-08 21:12:35.662 | INFO     | __main__:build_zonal_output:321 - 
2026-08-08 21:12:35.744 | INFO     | __main__:run_zonal_forecast:484 - 
2026-08-08 21:12:35.746 | INFO     | __main__:run_zonal_forecast:485 -   Zone             State        Commodity                 State Price  Day Chg
2026-08-08 21:12:35.747 | INFO     | __main__:run_zonal_forecast:486 -   ------------------------------------------------------------------------
2026-08-08 21:12:35.749 | INFO     | __main__:run_zonal_forecast:493 -   North West       Kano         * Sesame                N   1,185,545/MT  +0.04%
2026-08-08 21:12:35.749 | INFO     | __main__:run_zonal_forecast:493 -   North West       Kano         * Sorghum               N     271,502/MT  +0.06%
2026-08-08 21:12:35.751 | INFO     | __main__:run_zonal_forecast:493 -   North West       Kano         * Beans (white)         N     656,805/MT  +0.05%
2026-08-08 21:12:35.752 | INFO     | __main__:run_zonal_forecast:493 -   North West       Kano         * Maize (white)         N     313,084/MT  -0.07%
2026-08-08 21:12:35.754 | INFO     | __main__:run_zonal_forecast:493 -   North West       Kano         * Maize (yellow)        N     334,086/MT  -0.06%
2026-08-08 21:12:35.758 | INFO     | __main__:run_zonal_forecast:493 -   North West       Kano         * Wheat                 N     878,109/MT  -0.10%
2026-08-08 21:12:35.764 | INFO     | __main__:run_zonal_forecast:493 -   North West       Kaduna       * Ginger                N   6,814,515/MT  +0.05%
2026-08-08 21:12:35.769 | INFO     | __main__:run_zonal_forecast:493 -   North West       Kaduna       * Soybeans              N     666,473/MT  +0.03%
2026-08-08 21:12:35.775 | INFO     | __main__:run_zonal_forecast:493 -   North West       Kaduna       * Sorghum               N     278,463/MT  +0.06%
2026-08-08 21:12:35.778 | INFO     | __main__:run_zonal_forecast:493 -   North West       Kaduna       * Maize (white)         N     316,998/MT  -0.07%
2026-08-08 21:12:35.779 | INFO     | __main__:run_zonal_forecast:493 -   North West       Kaduna       * Maize (yellow)        N     338,262/MT  -0.06%
2026-08-08 21:12:35.781 | INFO     | __main__:run_zonal_forecast:493 -   North West       Kaduna       * Wheat                 N     858,376/MT  -0.10%
2026-08-08 21:12:35.785 | INFO     | __main__:run_zonal_forecast:493 -   North West       Kaduna       * Rice                  N   1,245,164/MT  +0.10%
2026-08-08 21:12:35.787 | INFO     | __main__:run_zonal_forecast:493 -   North Central    Plateau      * Ginger                N   7,098,454/MT  +0.05%
2026-08-08 21:12:35.788 | INFO     | __main__:run_zonal_forecast:493 -   North Central    Plateau      * Soybeans              N     658,538/MT  +0.03%
2026-08-08 21:12:35.789 | INFO     | __main__:run_zonal_forecast:493 -   North Central    Plateau      * Beans (white)         N     679,453/MT  +0.05%
2026-08-08 21:12:35.790 | INFO     | __main__:run_zonal_forecast:493 -   North Central    Plateau      * Maize (white)         N     340,479/MT  -0.07%
2026-08-08 21:12:35.791 | INFO     | __main__:run_zonal_forecast:493 -   North Central    Plateau      * Wheat                 N     897,842/MT  -0.10%
2026-08-08 21:12:35.794 | INFO     | __main__:run_zonal_forecast:493 -   North Central    Plateau      * Rice                  N   1,204,998/MT  +0.10%
2026-08-08 21:12:35.796 | INFO     | __main__:run_zonal_forecast:493 -   North Central    Kogi         * Cocoa                 N   4,021,480/MT  +0.11%
2026-08-08 21:12:35.797 | INFO     | __main__:run_zonal_forecast:493 -   North Central    Kogi         * Soybeans              N     690,275/MT  +0.03%
2026-08-08 21:12:35.797 | INFO     | __main__:run_zonal_forecast:493 -   North Central    Kogi         * Cashew Nuts           N   1,564,672/MT  +0.09%
2026-08-08 21:12:35.801 | INFO     | __main__:run_zonal_forecast:493 -   North Central    Kogi         * Sorghum               N     316,752/MT  +0.06%
2026-08-08 21:12:35.805 | INFO     | __main__:run_zonal_forecast:493 -   North Central    Kogi         * Beans (white)         N     694,552/MT  +0.05%
2026-08-08 21:12:35.809 | INFO     | __main__:run_zonal_forecast:493 -   North Central    Kogi         * Maize (white)         N     352,220/MT  -0.07%
2026-08-08 21:12:35.813 | INFO     | __main__:run_zonal_forecast:493 -   North East       Adamawa      * Sesame                N   1,228,397/MT  +0.04%
2026-08-08 21:12:35.814 | INFO     | __main__:run_zonal_forecast:493 -   North East       Adamawa      * Ginger                N   7,855,622/MT  +0.05%
2026-08-08 21:12:35.817 | INFO     | __main__:run_zonal_forecast:493 -   North East       Adamawa      * Soybeans              N     706,144/MT  +0.03%
2026-08-08 21:12:35.821 | INFO     | __main__:run_zonal_forecast:493 -   North East       Adamawa      * Sorghum               N     302,829/MT  +0.06%
2026-08-08 21:12:35.823 | INFO     | __main__:run_zonal_forecast:493 -   North East       Adamawa      * Beans (white)         N     694,552/MT  +0.05%
2026-08-08 21:12:35.828 | INFO     | __main__:run_zonal_forecast:493 -   North East       Adamawa      * Maize (white)         N     344,393/MT  -0.07%
2026-08-08 21:12:35.830 | INFO     | __main__:run_zonal_forecast:493 -   North East       Borno        * Sesame                N   1,271,248/MT  +0.04%
2026-08-08 21:12:35.832 | INFO     | __main__:run_zonal_forecast:493 -   North East       Borno        * Sorghum               N     320,233/MT  +0.06%
2026-08-08 21:12:35.833 | INFO     | __main__:run_zonal_forecast:493 -   North East       Borno        * Beans (white)         N     800,245/MT  +0.05%
2026-08-08 21:12:35.837 | INFO     | __main__:run_zonal_forecast:493 -   North East       Borno        * Maize (white)         N     422,664/MT  -0.07%
2026-08-08 21:12:35.844 | INFO     | __main__:run_zonal_forecast:493 -   North East       Borno        * Wheat                 N   1,105,036/MT  -0.10%
2026-08-08 21:12:35.847 | INFO     | __main__:run_zonal_forecast:493 -   South West       Oyo          * Hibiscus              N   2,559,621/MT  -0.04%
2026-08-08 21:12:35.850 | INFO     | __main__:run_zonal_forecast:493 -   South West       Oyo          * Cocoa                 N   4,067,179/MT  +0.11%
2026-08-08 21:12:35.853 | INFO     | __main__:run_zonal_forecast:493 -   South West       Oyo          * Soybeans              N     825,157/MT  +0.03%
2026-08-08 21:12:35.858 | INFO     | __main__:run_zonal_forecast:493 -   South West       Oyo          * Cashew Nuts           N   1,682,022/MT  +0.09%
2026-08-08 21:12:35.863 | INFO     | __main__:run_zonal_forecast:493 -   South West       Oyo          * Beans (white)         N     830,442/MT  +0.05%
2026-08-08 21:12:35.867 | INFO     | __main__:run_zonal_forecast:493 -   South West       Oyo          * Maize (white)         N     422,664/MT  -0.07%
2026-08-08 21:12:35.873 | INFO     | __main__:run_zonal_forecast:493 -   South West       Lagos        * Hibiscus              N   2,857,829/MT  -0.04%
2026-08-08 21:12:35.883 | INFO     | __main__:run_zonal_forecast:493 -   South West       Lagos        * Sesame                N   1,685,474/MT  +0.04%
2026-08-08 21:12:35.885 | INFO     | __main__:run_zonal_forecast:493 -   South West       Lagos        * Cocoa                 N   4,935,453/MT  +0.11%
2026-08-08 21:12:35.887 | INFO     | __main__:run_zonal_forecast:493 -   South West       Lagos        * Soybeans              N     967,972/MT  +0.03%
2026-08-08 21:12:35.887 | INFO     | __main__:run_zonal_forecast:493 -   South West       Lagos        * Beans (white)         N     966,333/MT  +0.05%
2026-08-08 21:12:35.889 | INFO     | __main__:run_zonal_forecast:493 -   South West       Lagos        * Beans (red)           N   1,059,169/MT  -0.02%
2026-08-08 21:12:35.890 | INFO     | __main__:run_zonal_forecast:493 -   South West       Lagos        * Maize (white)         N     508,762/MT  -0.07%
2026-08-08 21:12:35.894 | INFO     | __main__:run_zonal_forecast:493 -   South West       Lagos        * Maize (yellow)        N     542,890/MT  -0.06%
2026-08-08 21:12:35.895 | INFO     | __main__:run_zonal_forecast:493 -   South East       Anambra      * Cocoa                 N   4,798,357/MT  +0.11%
2026-08-08 21:12:35.901 | INFO     | __main__:run_zonal_forecast:493 -   South East       Anambra      * Cashew Nuts           N   2,151,424/MT  +0.09%
2026-08-08 21:12:35.902 | INFO     | __main__:run_zonal_forecast:493 -   South East       Anambra      * Beans (white)         N     890,838/MT  +0.05%
2026-08-08 21:12:35.903 | INFO     | __main__:run_zonal_forecast:493 -   South East       Anambra      * Beans (red)           N     974,436/MT  -0.02%
2026-08-08 21:12:35.904 | INFO     | __main__:run_zonal_forecast:493 -   South East       Anambra      * Maize (white)         N     469,626/MT  -0.07%
2026-08-08 21:12:35.904 | INFO     | __main__:run_zonal_forecast:493 -   South East       Imo          * Cocoa                 N   4,158,576/MT  +0.11%
2026-08-08 21:12:35.905 | INFO     | __main__:run_zonal_forecast:493 -   South East       Imo          * Cashew Nuts           N   2,073,190/MT  +0.09%
2026-08-08 21:12:35.905 | INFO     | __main__:run_zonal_forecast:493 -   South East       Imo          * Beans (white)         N     868,190/MT  +0.05%
2026-08-08 21:12:35.906 | INFO     | __main__:run_zonal_forecast:493 -   South East       Imo          * Maize (white)         N     457,886/MT  -0.07%
2026-08-08 21:12:35.910 | INFO     | __main__:run_zonal_forecast:493 -   South South      Rivers       * Hibiscus              N   2,783,277/MT  -0.04%
2026-08-08 21:12:35.911 | INFO     | __main__:run_zonal_forecast:493 -   South South      Rivers       * Sesame                N   1,685,474/MT  +0.04%
2026-08-08 21:12:35.912 | INFO     | __main__:run_zonal_forecast:493 -   South South      Rivers       * Cocoa                 N   4,798,357/MT  +0.11%
2026-08-08 21:12:35.913 | INFO     | __main__:run_zonal_forecast:493 -   South South      Rivers       * Beans (white)         N     921,036/MT  +0.05%
2026-08-08 21:12:35.913 | INFO     | __main__:run_zonal_forecast:493 -   South South      Rivers       * Beans (red)           N   1,016,803/MT  -0.02%
2026-08-08 21:12:35.914 | INFO     | __main__:run_zonal_forecast:493 -   South South      Rivers       * Maize (white)         N     489,194/MT  -0.07%
2026-08-08 21:12:35.914 | INFO     | __main__:run_zonal_forecast:493 -   South South      Delta        * Hibiscus              N   2,683,874/MT  -0.04%
2026-08-08 21:12:35.915 | INFO     | __main__:run_zonal_forecast:493 -   South South      Delta        * Sesame                N   1,656,907/MT  +0.04%
2026-08-08 21:12:35.918 | INFO     | __main__:run_zonal_forecast:493 -   South South      Delta        * Cocoa                 N   4,249,973/MT  +0.11%
2026-08-08 21:12:35.919 | INFO     | __main__:run_zonal_forecast:493 -   South South      Delta        * Soybeans              N     904,499/MT  +0.03%
2026-08-08 21:12:35.919 | INFO     | __main__:run_zonal_forecast:493 -   South South      Delta        * Beans (white)         N     883,289/MT  +0.05%
2026-08-08 21:12:35.919 | INFO     | __main__:run_zonal_forecast:493 -   South South      Delta        * Maize (white)         N     469,626/MT  -0.07%
2026-08-08 21:12:36.295 | SUCCESS  | __main__:run_zonal_forecast:507 -   Zonal JSON  -> C:\Users\USER\Downloads\agrolinking-intel-structure\agrolinking-intel\outputs\forecasts\zonal\zonal_forecast_2026-08-08.json
2026-08-08 21:12:36.299 | SUCCESS  | __main__:run_zonal_forecast:513 -   Zonal alert -> C:\Users\USER\Downloads\agrolinking-intel-structure\agrolinking-intel\outputs\daily_alerts\alert_zonal_2026-08-08.txt
2026-08-08 21:12:36.299 | INFO     | __main__:run_zonal_forecast:515 - 
2026-08-08 21:12:36.300 | INFO     | __main__:run_zonal_forecast:516 - =================================================================
2026-08-08 21:12:36.300 | INFO     | __main__:run_zonal_forecast:518 -   ================================================
2026-08-08 21:12:36.301 | INFO     | __main__:run_zonal_forecast:518 -   AGROLINKING ZONAL COMMODITY INTELLIGENCE
2026-08-08 21:12:36.301 | INFO     | __main__:run_zonal_forecast:518 -   Date: Saturday, 08 August 2026
2026-08-08 21:12:36.302 | INFO     | __main__:run_zonal_forecast:518 -   6 Zones | 12 States | 12 Commodities
2026-08-08 21:12:36.303 | INFO     | __main__:run_zonal_forecast:518 -   ================================================
2026-08-08 21:12:36.304 | INFO     | __main__:run_zonal_forecast:518 -   
2026-08-08 21:12:36.304 | INFO     | __main__:run_zonal_forecast:518 -   NORTH WEST (Kano & Kaduna)
2026-08-08 21:12:36.305 | INFO     | __main__:run_zonal_forecast:518 -   Nigeria's main grain belt. Highest Maize, Sorghum, Sesame, Wheat production.
2026-08-08 21:12:36.305 | INFO     | __main__:run_zonal_forecast:518 -   
2026-08-08 21:12:36.306 | INFO     | __main__:run_zonal_forecast:518 -     Commodity           Kano                Kaduna            
2026-08-08 21:12:36.306 | INFO     | __main__:run_zonal_forecast:518 -     ------------------------------------------------------------
2026-08-08 21:12:36.306 | INFO     | __main__:run_zonal_forecast:518 -     Hibiscus                N2.361M    (-0.0%)    N2.311M    (-0.0%)
2026-08-08 21:12:36.307 | INFO     | __main__:run_zonal_forecast:518 -     Sesame                * N1.186M    (+0.0%)    N1.214M    (+0.0%)
2026-08-08 21:12:36.308 | INFO     | __main__:run_zonal_forecast:518 -     Ginger                  N9.275M    (+0.1%)  * N6.815M    (+0.1%)
2026-08-08 21:12:36.309 | INFO     | __main__:run_zonal_forecast:518 -     Cocoa                   N4.661M    (+0.1%)    N4.798M    (+0.1%)
2026-08-08 21:12:36.310 | INFO     | __main__:run_zonal_forecast:518 -     Soybeans                N714K      (+0.0%)  * N666K      (+0.0%)
2026-08-08 21:12:36.310 | INFO     | __main__:run_zonal_forecast:518 -     Cashew Nuts             N1.956M    (+0.1%)    N1.995M    (+0.1%)
2026-08-08 21:12:36.311 | INFO     | __main__:run_zonal_forecast:518 -     Sorghum               * N272K      (+0.1%)  * N278K      (+0.1%)
2026-08-08 21:12:36.311 | INFO     | __main__:run_zonal_forecast:518 -     Beans (white)         * N657K      (+0.1%)    N664K      (+0.1%)
2026-08-08 21:12:36.312 | INFO     | __main__:run_zonal_forecast:518 -     Beans (red)             N763K      (-0.0%)    N771K      (-0.0%)
2026-08-08 21:12:36.312 | INFO     | __main__:run_zonal_forecast:518 -     Maize (white)         * N313K      (-0.1%)  * N317K      (-0.1%)
2026-08-08 21:12:36.313 | INFO     | __main__:run_zonal_forecast:518 -     Maize (yellow)        * N334K      (-0.1%)  * N338K      (-0.1%)
2026-08-08 21:12:36.313 | INFO     | __main__:run_zonal_forecast:518 -     Wheat                 * N878K      (-0.1%)  * N858K      (-0.1%)
2026-08-08 21:12:36.313 | INFO     | __main__:run_zonal_forecast:518 -     Rice                    N1.272M    (+0.1%)  * N1.245M    (+0.1%)
2026-08-08 21:12:36.314 | INFO     | __main__:run_zonal_forecast:518 -     Eggs                    N7K        (-0.1%)    N7K        (-0.1%)
2026-08-08 21:12:36.314 | INFO     | __main__:run_zonal_forecast:518 -     Fish (dried)            N3.232M    (-0.1%)    N3.173M    (-0.1%)
2026-08-08 21:12:36.314 | INFO     | __main__:run_zonal_forecast:518 -     Meat (goat)             N4.282M    (+0.1%)    N4.381M    (+0.1%)
2026-08-08 21:12:36.315 | INFO     | __main__:run_zonal_forecast:518 -     Meat (beef)             N4.035M    (+0.1%)    N4.127M    (+0.1%)
2026-08-08 21:12:36.316 | INFO     | __main__:run_zonal_forecast:518 -   
2026-08-08 21:12:36.316 | INFO     | __main__:run_zonal_forecast:518 -   NORTH CENTRAL (Plateau & Kogi)
2026-08-08 21:12:36.317 | INFO     | __main__:run_zonal_forecast:518 -   Middle Belt. Ginger heartland (Plateau), Cashew/Cocoa belt (Kogi).
2026-08-08 21:12:36.328 | INFO     | __main__:run_zonal_forecast:518 -   
2026-08-08 21:12:36.333 | INFO     | __main__:run_zonal_forecast:518 -     Commodity           Plateau             Kogi              
2026-08-08 21:12:36.337 | INFO     | __main__:run_zonal_forecast:518 -     ------------------------------------------------------------
2026-08-08 21:12:36.344 | INFO     | __main__:run_zonal_forecast:518 -     Hibiscus                N2.411M    (-0.0%)    N2.386M    (-0.0%)
2026-08-08 21:12:36.346 | INFO     | __main__:run_zonal_forecast:518 -     Sesame                  N1.371M    (+0.0%)    N1.386M    (+0.0%)
2026-08-08 21:12:36.353 | INFO     | __main__:run_zonal_forecast:518 -     Ginger                * N7.098M    (+0.1%)    N8.897M    (+0.1%)
2026-08-08 21:12:36.360 | INFO     | __main__:run_zonal_forecast:518 -     Cocoa                   N4.935M    (+0.1%)  * N4.021M    (+0.1%)
2026-08-08 21:12:36.365 | INFO     | __main__:run_zonal_forecast:518 -     Soybeans              * N659K      (+0.0%)  * N690K      (+0.0%)
2026-08-08 21:12:36.367 | INFO     | __main__:run_zonal_forecast:518 -     Cashew Nuts             N2.054M    (+0.1%)  * N1.565M    (+0.1%)
2026-08-08 21:12:36.381 | INFO     | __main__:run_zonal_forecast:518 -     Sorghum                 N320K      (+0.1%)  * N317K      (+0.1%)
2026-08-08 21:12:36.387 | INFO     | __main__:run_zonal_forecast:518 -     Beans (white)         * N679K      (+0.1%)  * N695K      (+0.1%)
2026-08-08 21:12:36.401 | INFO     | __main__:run_zonal_forecast:518 -     Beans (red)             N805K      (-0.0%)    N796K      (-0.0%)
2026-08-08 21:12:36.433 | INFO     | __main__:run_zonal_forecast:518 -     Maize (white)         * N340K      (-0.1%)  * N352K      (-0.1%)
2026-08-08 21:12:36.444 | INFO     | __main__:run_zonal_forecast:518 -     Maize (yellow)          N367K      (-0.1%)    N380K      (-0.1%)
2026-08-08 21:12:36.451 | INFO     | __main__:run_zonal_forecast:518 -     Wheat                 * N898K      (-0.1%)    N957K      (-0.1%)
2026-08-08 21:12:36.464 | INFO     | __main__:run_zonal_forecast:518 -     Rice                  * N1.205M    (+0.1%)    N1.299M    (+0.1%)
2026-08-08 21:12:36.467 | INFO     | __main__:run_zonal_forecast:518 -     Eggs                    N7K        (-0.1%)    N8K        (-0.1%)
2026-08-08 21:12:36.479 | INFO     | __main__:run_zonal_forecast:518 -     Fish (dried)            N3.085M    (-0.1%)    N2.997M    (-0.1%)
2026-08-08 21:12:36.483 | INFO     | __main__:run_zonal_forecast:518 -     Meat (goat)             N4.479M    (+0.1%)    N4.627M    (+0.1%)
2026-08-08 21:12:36.492 | INFO     | __main__:run_zonal_forecast:518 -     Meat (beef)             N4.218M    (+0.1%)    N4.356M    (+0.1%)
2026-08-08 21:12:36.498 | INFO     | __main__:run_zonal_forecast:518 -   
2026-08-08 21:12:36.502 | INFO     | __main__:run_zonal_forecast:518 -   NORTH EAST (Adamawa & Borno)
2026-08-08 21:12:36.505 | INFO     | __main__:run_zonal_forecast:518 -   Semi-arid. Sorghum, Maize. Conflict premium on imports in Borno.
2026-08-08 21:12:36.508 | INFO     | __main__:run_zonal_forecast:518 -   
2026-08-08 21:12:36.509 | INFO     | __main__:run_zonal_forecast:518 -     Commodity           Adamawa             Borno             
2026-08-08 21:12:36.514 | INFO     | __main__:run_zonal_forecast:518 -     ------------------------------------------------------------
2026-08-08 21:12:36.515 | INFO     | __main__:run_zonal_forecast:518 -     Hibiscus                N2.435M    (-0.0%)    N2.609M    (-0.0%)
2026-08-08 21:12:36.516 | INFO     | __main__:run_zonal_forecast:518 -     Sesame                * N1.228M    (+0.0%)  * N1.271M    (+0.0%)
2026-08-08 21:12:36.518 | INFO     | __main__:run_zonal_forecast:518 -     Ginger                * N7.856M    (+0.1%)    N10.884M   (+0.1%)
2026-08-08 21:12:36.519 | INFO     | __main__:run_zonal_forecast:518 -     Cocoa                   N4.798M    (+0.1%)    N5.392M    (+0.1%)
2026-08-08 21:12:36.519 | INFO     | __main__:run_zonal_forecast:518 -     Soybeans              * N706K      (+0.0%)    N857K      (+0.0%)
2026-08-08 21:12:36.521 | INFO     | __main__:run_zonal_forecast:518 -     Cashew Nuts             N2.034M    (+0.1%)    N2.249M    (+0.1%)
2026-08-08 21:12:36.525 | INFO     | __main__:run_zonal_forecast:518 -     Sorghum               * N303K      (+0.1%)  * N320K      (+0.1%)
2026-08-08 21:12:36.528 | INFO     | __main__:run_zonal_forecast:518 -     Beans (white)         * N695K      (+0.1%)  * N800K      (+0.1%)
2026-08-08 21:12:36.528 | INFO     | __main__:run_zonal_forecast:518 -     Beans (red)             N805K      (-0.0%)    N932K      (-0.0%)
2026-08-08 21:12:36.529 | INFO     | __main__:run_zonal_forecast:518 -     Maize (white)         * N344K      (-0.1%)  * N423K      (-0.1%)
2026-08-08 21:12:36.529 | INFO     | __main__:run_zonal_forecast:518 -     Maize (yellow)          N372K      (-0.1%)    N451K      (-0.1%)
2026-08-08 21:12:36.539 | INFO     | __main__:run_zonal_forecast:518 -     Wheat                   N967K      (-0.1%)  * N1.105M    (-0.1%)
2026-08-08 21:12:36.573 | INFO     | __main__:run_zonal_forecast:518 -     Rice                    N1.366M    (+0.1%)    N1.473M    (+0.1%)
2026-08-08 21:12:36.577 | INFO     | __main__:run_zonal_forecast:518 -     Eggs                    N8K        (-0.1%)    N8K        (-0.1%)
2026-08-08 21:12:36.584 | INFO     | __main__:run_zonal_forecast:518 -     Fish (dried)            N3.290M    (-0.1%)    N3.467M    (-0.1%)
2026-08-08 21:12:36.586 | INFO     | __main__:run_zonal_forecast:518 -     Meat (goat)             N4.528M    (+0.1%)    N5.119M    (+0.1%)
2026-08-08 21:12:36.589 | INFO     | __main__:run_zonal_forecast:518 -     Meat (beef)             N4.264M    (+0.1%)    N4.814M    (+0.1%)
2026-08-08 21:12:36.589 | INFO     | __main__:run_zonal_forecast:518 -   
2026-08-08 21:12:36.590 | INFO     | __main__:run_zonal_forecast:518 -   SOUTH WEST (Oyo & Lagos)
2026-08-08 21:12:36.591 | INFO     | __main__:run_zonal_forecast:518 -   Commercial capital. Lagos is the price-setter for consumer markets.
2026-08-08 21:12:36.592 | INFO     | __main__:run_zonal_forecast:518 -   
2026-08-08 21:12:36.592 | INFO     | __main__:run_zonal_forecast:518 -     Commodity           Oyo                 Lagos             
2026-08-08 21:12:36.594 | INFO     | __main__:run_zonal_forecast:518 -     ------------------------------------------------------------
2026-08-08 21:12:36.595 | INFO     | __main__:run_zonal_forecast:518 -     Hibiscus              * N2.560M    (-0.0%)  * N2.858M    (-0.0%)
2026-08-08 21:12:36.595 | INFO     | __main__:run_zonal_forecast:518 -     Sesame                  N1.514M    (+0.0%)  * N1.685M    (+0.0%)
2026-08-08 21:12:36.596 | INFO     | __main__:run_zonal_forecast:518 -     Ginger                  N10.222M   (+0.1%)    N11.358M   (+0.1%)
2026-08-08 21:12:36.597 | INFO     | __main__:run_zonal_forecast:518 -     Cocoa                 * N4.067M    (+0.1%)  * N4.935M    (+0.1%)
2026-08-08 21:12:36.598 | INFO     | __main__:run_zonal_forecast:518 -     Soybeans              * N825K      (+0.0%)  * N968K      (+0.0%)
2026-08-08 21:12:36.599 | INFO     | __main__:run_zonal_forecast:518 -     Cashew Nuts           * N1.682M    (+0.1%)    N2.151M    (+0.1%)
2026-08-08 21:12:36.601 | INFO     | __main__:run_zonal_forecast:518 -     Sorghum                 N365K      (+0.1%)    N411K      (+0.1%)
2026-08-08 21:12:36.602 | INFO     | __main__:run_zonal_forecast:518 -     Beans (white)         * N830K      (+0.1%)  * N966K      (+0.1%)
2026-08-08 21:12:36.603 | INFO     | __main__:run_zonal_forecast:518 -     Beans (red)             N949K      (-0.0%)  * N1.059M    (-0.0%)
2026-08-08 21:12:36.605 | INFO     | __main__:run_zonal_forecast:518 -     Maize (white)         * N423K      (-0.1%)  * N509K      (-0.1%)
2026-08-08 21:12:36.606 | INFO     | __main__:run_zonal_forecast:518 -     Maize (yellow)          N451K      (-0.1%)  * N543K      (-0.1%)
2026-08-08 21:12:36.607 | INFO     | __main__:run_zonal_forecast:518 -     Wheat                   N1.085M    (-0.1%)    N1.135M    (-0.1%)
2026-08-08 21:12:36.608 | INFO     | __main__:run_zonal_forecast:518 -     Rice                    N1.446M    (+0.1%)    N1.580M    (+0.1%)
2026-08-08 21:12:36.609 | INFO     | __main__:run_zonal_forecast:518 -     Eggs                    N8K        (-0.1%)    N9K        (-0.1%)
2026-08-08 21:12:36.610 | INFO     | __main__:run_zonal_forecast:518 -     Fish (dried)            N2.879M    (-0.1%)    N3.173M    (-0.1%)
2026-08-08 21:12:36.611 | INFO     | __main__:run_zonal_forecast:518 -     Meat (goat)             N5.217M    (+0.1%)    N5.857M    (+0.1%)
2026-08-08 21:12:36.613 | INFO     | __main__:run_zonal_forecast:518 -     Meat (beef)             N4.814M    (+0.1%)    N5.410M    (+0.1%)
2026-08-08 21:12:36.615 | INFO     | __main__:run_zonal_forecast:518 -   
2026-08-08 21:12:36.616 | INFO     | __main__:run_zonal_forecast:518 -   SOUTH EAST (Anambra & Imo)
2026-08-08 21:12:36.616 | INFO     | __main__:run_zonal_forecast:518 -   High consumption, low production of traded commodities. Import-dependent.
2026-08-08 21:12:36.617 | INFO     | __main__:run_zonal_forecast:518 -   
2026-08-08 21:12:36.618 | INFO     | __main__:run_zonal_forecast:518 -     Commodity           Anambra             Imo               
2026-08-08 21:12:36.618 | INFO     | __main__:run_zonal_forecast:518 -     ------------------------------------------------------------
2026-08-08 21:12:36.619 | INFO     | __main__:run_zonal_forecast:518 -     Hibiscus                N2.783M    (-0.0%)    N2.734M    (-0.0%)
2026-08-08 21:12:36.620 | INFO     | __main__:run_zonal_forecast:518 -     Sesame                  N1.657M    (+0.0%)    N1.628M    (+0.0%)
2026-08-08 21:12:36.622 | INFO     | __main__:run_zonal_forecast:518 -     Ginger                  N10.884M   (+0.1%)    N10.600M   (+0.1%)
2026-08-08 21:12:36.623 | INFO     | __main__:run_zonal_forecast:518 -     Cocoa                 * N4.798M    (+0.1%)  * N4.159M    (+0.1%)
2026-08-08 21:12:36.624 | INFO     | __main__:run_zonal_forecast:518 -     Soybeans                N904K      (+0.0%)    N889K      (+0.0%)
2026-08-08 21:12:36.627 | INFO     | __main__:run_zonal_forecast:518 -     Cashew Nuts           * N2.151M    (+0.1%)  * N2.073M    (+0.1%)
2026-08-08 21:12:36.628 | INFO     | __main__:run_zonal_forecast:518 -     Sorghum                 N397K      (+0.1%)    N390K      (+0.1%)
2026-08-08 21:12:36.630 | INFO     | __main__:run_zonal_forecast:518 -     Beans (white)         * N891K      (+0.1%)  * N868K      (+0.1%)
2026-08-08 21:12:36.630 | INFO     | __main__:run_zonal_forecast:518 -     Beans (red)           * N974K      (-0.0%)    N957K      (-0.0%)
2026-08-08 21:12:36.631 | INFO     | __main__:run_zonal_forecast:518 -     Maize (white)         * N470K      (-0.1%)  * N458K      (-0.1%)
2026-08-08 21:12:36.632 | INFO     | __main__:run_zonal_forecast:518 -     Maize (yellow)          N501K      (-0.1%)    N489K      (-0.1%)
2026-08-08 21:12:36.634 | INFO     | __main__:run_zonal_forecast:518 -     Wheat                   N1.164M    (-0.1%)    N1.145M    (-0.1%)
2026-08-08 21:12:36.635 | INFO     | __main__:run_zonal_forecast:518 -     Rice                    N1.500M    (+0.1%)    N1.473M    (+0.1%)
2026-08-08 21:12:36.635 | INFO     | __main__:run_zonal_forecast:518 -     Eggs                    N8K        (-0.1%)    N8K        (-0.1%)
2026-08-08 21:12:36.636 | INFO     | __main__:run_zonal_forecast:518 -     Fish (dried)            N2.791M    (-0.1%)    N2.732M    (-0.1%)
2026-08-08 21:12:36.637 | INFO     | __main__:run_zonal_forecast:518 -     Meat (goat)             N5.365M    (+0.1%)    N5.267M    (+0.1%)
2026-08-08 21:12:36.639 | INFO     | __main__:run_zonal_forecast:518 -     Meat (beef)             N4.952M    (+0.1%)    N4.860M    (+0.1%)
2026-08-08 21:12:36.640 | INFO     | __main__:run_zonal_forecast:518 -   
2026-08-08 21:12:36.642 | INFO     | __main__:run_zonal_forecast:518 -   SOUTH SOUTH (Rivers & Delta)
2026-08-08 21:12:36.646 | INFO     | __main__:run_zonal_forecast:518 -   Oil belt. High purchasing power. Cocoa producer (Delta).
2026-08-08 21:12:36.648 | INFO     | __main__:run_zonal_forecast:518 -   
2026-08-08 21:12:36.649 | INFO     | __main__:run_zonal_forecast:518 -     Commodity           Rivers              Delta             
2026-08-08 21:12:36.649 | INFO     | __main__:run_zonal_forecast:518 -     ------------------------------------------------------------
2026-08-08 21:12:36.650 | INFO     | __main__:run_zonal_forecast:518 -     Hibiscus              * N2.783M    (-0.0%)  * N2.684M    (-0.0%)
2026-08-08 21:12:36.651 | INFO     | __main__:run_zonal_forecast:518 -     Sesame                * N1.685M    (+0.0%)  * N1.657M    (+0.0%)
2026-08-08 21:12:36.651 | INFO     | __main__:run_zonal_forecast:518 -     Ginger                  N11.358M   (+0.1%)    N10.884M   (+0.1%)
2026-08-08 21:12:36.652 | INFO     | __main__:run_zonal_forecast:518 -     Cocoa                 * N4.798M    (+0.1%)  * N4.250M    (+0.1%)
2026-08-08 21:12:36.652 | INFO     | __main__:run_zonal_forecast:518 -     Soybeans                N936K      (+0.0%)  * N904K      (+0.0%)
2026-08-08 21:12:36.652 | INFO     | __main__:run_zonal_forecast:518 -     Cashew Nuts             N2.249M    (+0.1%)    N2.151M    (+0.1%)
2026-08-08 21:12:36.654 | INFO     | __main__:run_zonal_forecast:518 -     Sorghum                 N418K      (+0.1%)    N411K      (+0.1%)
2026-08-08 21:12:36.654 | INFO     | __main__:run_zonal_forecast:518 -     Beans (white)         * N921K      (+0.1%)  * N883K      (+0.1%)
2026-08-08 21:12:36.656 | INFO     | __main__:run_zonal_forecast:518 -     Beans (red)           * N1.017M    (-0.0%)    N974K      (-0.0%)
2026-08-08 21:12:36.656 | INFO     | __main__:run_zonal_forecast:518 -     Maize (white)         * N489K      (-0.1%)  * N470K      (-0.1%)
2026-08-08 21:12:36.657 | INFO     | __main__:run_zonal_forecast:518 -     Maize (yellow)          N522K      (-0.1%)    N501K      (-0.1%)
2026-08-08 21:12:36.657 | INFO     | __main__:run_zonal_forecast:518 -     Wheat                   N1.204M    (-0.1%)    N1.184M    (-0.1%)
2026-08-08 21:12:36.658 | INFO     | __main__:run_zonal_forecast:518 -     Rice                    N1.540M    (+0.1%)    N1.500M    (+0.1%)
2026-08-08 21:12:36.658 | INFO     | __main__:run_zonal_forecast:518 -     Eggs                    N8K        (-0.1%)    N8K        (-0.1%)
2026-08-08 21:12:36.659 | INFO     | __main__:run_zonal_forecast:518 -     Fish (dried)            N2.585M    (-0.1%)    N2.644M    (-0.1%)
2026-08-08 21:12:36.659 | INFO     | __main__:run_zonal_forecast:518 -     Meat (goat)             N5.562M    (+0.1%)    N5.463M    (+0.1%)
2026-08-08 21:12:36.660 | INFO     | __main__:run_zonal_forecast:518 -     Meat (beef)             N5.135M    (+0.1%)    N5.044M    (+0.1%)
2026-08-08 21:12:36.661 | INFO     | __main__:run_zonal_forecast:518 -   
2026-08-08 21:12:36.663 | INFO     | __main__:run_zonal_forecast:518 -   ==========================================================
2026-08-08 21:12:36.665 | INFO     | __main__:run_zonal_forecast:518 -   * = primary commodity  (+/-%) = day-on-day change
2026-08-08 21:12:36.665 | INFO     | __main__:run_zonal_forecast:518 -   
2026-08-08 21:12:36.665 | INFO     | __main__:run_zonal_forecast:518 -   NATIONAL PRICE CHANGES TODAY:
2026-08-08 21:12:36.666 | INFO     | __main__:run_zonal_forecast:518 -     Commodity                   Price   Day Chg    vs Ref
2026-08-08 21:12:36.666 | INFO     | __main__:run_zonal_forecast:518 -     ------------------------------------------------------
2026-08-08 21:12:36.667 | INFO     | __main__:run_zonal_forecast:518 -     Hibiscus                  N2.485M    -0.04%    -0.60%
2026-08-08 21:12:36.668 | INFO     | __main__:run_zonal_forecast:518 -     Sesame                    N1.428M    +0.04%    +0.59%
2026-08-08 21:12:36.669 | INFO     | __main__:run_zonal_forecast:518 -     Ginger                    N9.465M    +0.05%    +0.69%
2026-08-08 21:12:36.669 | INFO     | __main__:run_zonal_forecast:518 -     Cocoa                     N4.570M    +0.11%    +1.55%
2026-08-08 21:12:36.670 | INFO     | __main__:run_zonal_forecast:518 -     Soybeans                    N793K    +0.03%    +0.43%
2026-08-08 21:12:36.670 | INFO     | __main__:run_zonal_forecast:518 -     Cashew Nuts               N1.956M    +0.09%    +1.34%
2026-08-08 21:12:36.671 | INFO     | __main__:run_zonal_forecast:518 -     Sorghum                     N348K    +0.06%    +0.89%
2026-08-08 21:12:36.672 | INFO     | __main__:run_zonal_forecast:518 -     Beans (white)               N755K    +0.05%    +0.66%
2026-08-08 21:12:36.677 | INFO     | __main__:run_zonal_forecast:518 -     Beans (red)                 N847K    -0.02%    -0.31%
2026-08-08 21:12:36.688 | INFO     | __main__:run_zonal_forecast:518 -     Maize (white)               N391K    -0.07%    -0.92%
2026-08-08 21:12:36.692 | INFO     | __main__:run_zonal_forecast:518 -     Maize (yellow)              N418K    -0.06%    -0.81%
2026-08-08 21:12:36.701 | INFO     | __main__:run_zonal_forecast:518 -     Wheat                       N987K    -0.10%    -1.34%
2026-08-08 21:12:36.702 | INFO     | __main__:run_zonal_forecast:518 -     Rice                      N1.339M    +0.10%    +1.43%
2026-08-08 21:12:36.703 | INFO     | __main__:run_zonal_forecast:518 -     Eggs                          N8K    -0.05%    -0.74%
2026-08-08 21:12:36.703 | INFO     | __main__:run_zonal_forecast:518 -     Fish (dried)              N2.938M    -0.07%    -1.01%
2026-08-08 21:12:36.704 | INFO     | __main__:run_zonal_forecast:518 -     Meat (goat)               N4.922M    +0.09%    +1.28%
2026-08-08 21:12:36.705 | INFO     | __main__:run_zonal_forecast:518 -     Meat (beef)               N4.585M    +0.08%    +1.08%
2026-08-08 21:12:36.706 | INFO     | __main__:run_zonal_forecast:518 -   
2026-08-08 21:12:36.706 | INFO     | __main__:run_zonal_forecast:518 -   BEST SOURCING NATIONALLY:
2026-08-08 21:12:36.708 | INFO     | __main__:run_zonal_forecast:518 -     Commodity              Best State           Price  Spread
2026-08-08 21:12:36.721 | INFO     | __main__:run_zonal_forecast:518 -     ------------------------------------------------------------
2026-08-08 21:12:36.727 | INFO     | __main__:run_zonal_forecast:518 -     Hibiscus               Kaduna             N2.311M  24% vs Lagos
2026-08-08 21:12:36.728 | INFO     | __main__:run_zonal_forecast:518 -     Sesame                 Kano               N1.186M  42% vs Lagos
2026-08-08 21:12:36.730 | INFO     | __main__:run_zonal_forecast:518 -     Ginger                 Kaduna             N6.815M  67% vs Lagos
2026-08-08 21:12:36.730 | INFO     | __main__:run_zonal_forecast:518 -     Cocoa                  Kogi               N4.021M  34% vs Borno
2026-08-08 21:12:36.731 | INFO     | __main__:run_zonal_forecast:518 -     Soybeans               Plateau              N659K  47% vs Lagos
2026-08-08 21:12:36.731 | INFO     | __main__:run_zonal_forecast:518 -     Cashew Nuts            Kogi               N1.565M  44% vs Borno
2026-08-08 21:12:36.733 | INFO     | __main__:run_zonal_forecast:518 -     Sorghum                Kano                 N272K  54% vs Rivers
2026-08-08 21:12:36.734 | INFO     | __main__:run_zonal_forecast:518 -     Beans (white)          Kano                 N657K  47% vs Lagos
2026-08-08 21:12:36.734 | INFO     | __main__:run_zonal_forecast:518 -     Beans (red)            Kano                 N763K  39% vs Lagos
2026-08-08 21:12:36.735 | INFO     | __main__:run_zonal_forecast:518 -     Maize (white)          Kano                 N313K  62% vs Lagos
2026-08-08 21:12:36.735 | INFO     | __main__:run_zonal_forecast:518 -     Maize (yellow)         Kano                 N334K  62% vs Lagos
2026-08-08 21:12:36.737 | INFO     | __main__:run_zonal_forecast:518 -     Wheat                  Kaduna               N858K  40% vs Rivers
2026-08-08 21:12:36.738 | INFO     | __main__:run_zonal_forecast:518 -     Rice                   Plateau            N1.205M  31% vs Lagos
2026-08-08 21:12:36.738 | INFO     | __main__:run_zonal_forecast:518 -     Eggs                   Kano                   N7K  22% vs Lagos
2026-08-08 21:12:36.739 | INFO     | __main__:run_zonal_forecast:518 -     Fish (dried)           Rivers             N2.585M  34% vs Borno
2026-08-08 21:12:36.740 | INFO     | __main__:run_zonal_forecast:518 -     Meat (goat)            Kano               N4.282M  37% vs Lagos
2026-08-08 21:12:36.741 | INFO     | __main__:run_zonal_forecast:518 -     Meat (beef)            Kano               N4.035M  34% vs Lagos
2026-08-08 21:12:36.741 | INFO     | __main__:run_zonal_forecast:518 -   
2026-08-08 21:12:36.742 | INFO     | __main__:run_zonal_forecast:518 -   ==========================================================
2026-08-08 21:12:36.744 | INFO     | __main__:run_zonal_forecast:518 -   Source: Agrolinking Intelligence Platform
2026-08-08 21:12:36.745 | INFO     | __main__:run_zonal_forecast:518 -   Next update: 09 Aug 2026
2026-08-08 21:12:36.745 | INFO     | __main__:run_zonal_forecast:519 - =================================================================
2026-08-08 21:12:36.746 | SUCCESS  | __main__:run_zonal_forecast:520 - ZONAL FORECASTING COMPLETE — 6 zones | 12 states | 17 commodities
2026-08-08 21:22:42.467 | INFO     | __main__:run_zonal_forecast:464 - =================================================================
2026-08-08 21:22:42.471 | INFO     | __main__:run_zonal_forecast:465 - STEP 7 — ZONAL & STATE-LEVEL FORECASTING
2026-08-08 21:22:42.471 | INFO     | __main__:run_zonal_forecast:466 -   Date  : Saturday, 08 August 2026  21:22
2026-08-08 21:22:42.472 | INFO     | __main__:run_zonal_forecast:467 -   Anchor: DAILY INTERPOLATED (from last_known_date, drifts daily)
2026-08-08 21:22:42.473 | INFO     | __main__:run_zonal_forecast:468 - =================================================================
2026-08-08 21:22:43.134 | INFO     | __main__:run_zonal_forecast:471 -   Source: forecast_validated_2026-08-08.json
2026-08-08 21:22:43.137 | INFO     | __main__:build_zonal_output:285 - 
2026-08-08 21:22:43.139 | INFO     | __main__:build_zonal_output:286 -   NATIONAL ANCHORS (interpolated from last_known_date to today):
2026-08-08 21:22:43.141 | INFO     | __main__:build_zonal_output:287 -   Commodity                 Today Price   Day Chg    vs Ref  Source
2026-08-08 21:22:43.143 | INFO     | __main__:build_zonal_output:288 -   --------------------------------------------------------------------------------
2026-08-08 21:22:43.148 | INFO     | __main__:build_zonal_output:321 - 
2026-08-08 21:22:43.152 | INFO     | __main__:run_zonal_forecast:484 - 
2026-08-08 21:22:43.158 | INFO     | __main__:run_zonal_forecast:485 -   Zone             State        Commodity                 State Price  Day Chg
2026-08-08 21:22:43.167 | INFO     | __main__:run_zonal_forecast:486 -   ------------------------------------------------------------------------
2026-08-08 21:22:43.180 | SUCCESS  | __main__:run_zonal_forecast:507 -   Zonal JSON  -> C:\Users\USER\Downloads\agrolinking-intel-structure\agrolinking-intel\outputs\forecasts\zonal\zonal_forecast_2026-08-08.json
2026-08-08 21:22:43.193 | SUCCESS  | __main__:run_zonal_forecast:513 -   Zonal alert -> C:\Users\USER\Downloads\agrolinking-intel-structure\agrolinking-intel\outputs\daily_alerts\alert_zonal_2026-08-08.txt
2026-08-08 21:22:43.201 | INFO     | __main__:run_zonal_forecast:515 - 
2026-08-08 21:22:43.216 | INFO     | __main__:run_zonal_forecast:516 - =================================================================
2026-08-08 21:22:43.240 | INFO     | __main__:run_zonal_forecast:518 -   ================================================
2026-08-08 21:22:43.268 | INFO     | __main__:run_zonal_forecast:518 -   AGROLINKING ZONAL COMMODITY INTELLIGENCE
2026-08-08 21:22:43.309 | INFO     | __main__:run_zonal_forecast:518 -   Date: Saturday, 08 August 2026
2026-08-08 21:22:43.338 | INFO     | __main__:run_zonal_forecast:518 -   6 Zones | 12 States | 12 Commodities
2026-08-08 21:22:43.351 | INFO     | __main__:run_zonal_forecast:518 -   ================================================
2026-08-08 21:22:43.353 | INFO     | __main__:run_zonal_forecast:518 -   
2026-08-08 21:22:43.366 | INFO     | __main__:run_zonal_forecast:518 -   NORTH WEST (Kano & Kaduna)
2026-08-08 21:22:43.372 | INFO     | __main__:run_zonal_forecast:518 -   Nigeria's main grain belt. Highest Maize, Sorghum, Sesame, Wheat production.
2026-08-08 21:22:43.381 | INFO     | __main__:run_zonal_forecast:518 -   
2026-08-08 21:22:43.388 | INFO     | __main__:run_zonal_forecast:518 -     Commodity           Kano                Kaduna            
2026-08-08 21:22:43.402 | INFO     | __main__:run_zonal_forecast:518 -     ------------------------------------------------------------
2026-08-08 21:22:43.409 | INFO     | __main__:run_zonal_forecast:518 -     Hibiscus              --                  --                
2026-08-08 21:22:43.411 | INFO     | __main__:run_zonal_forecast:518 -     Sesame                --                  --                
2026-08-08 21:22:43.415 | INFO     | __main__:run_zonal_forecast:518 -     Ginger                --                  --                
2026-08-08 21:22:43.418 | INFO     | __main__:run_zonal_forecast:518 -     Cocoa                 --                  --                
2026-08-08 21:22:43.420 | INFO     | __main__:run_zonal_forecast:518 -     Soybeans              --                  --                
2026-08-08 21:22:43.426 | INFO     | __main__:run_zonal_forecast:518 -     Cashew Nuts           --                  --                
2026-08-08 21:22:43.429 | INFO     | __main__:run_zonal_forecast:518 -     Sorghum               --                  --                
2026-08-08 21:22:43.431 | INFO     | __main__:run_zonal_forecast:518 -     Beans (white)         --                  --                
2026-08-08 21:22:43.432 | INFO     | __main__:run_zonal_forecast:518 -     Beans (red)           --                  --                
2026-08-08 21:22:43.443 | INFO     | __main__:run_zonal_forecast:518 -     Maize (white)         --                  --                
2026-08-08 21:22:43.444 | INFO     | __main__:run_zonal_forecast:518 -     Maize (yellow)        --                  --                
2026-08-08 21:22:43.448 | INFO     | __main__:run_zonal_forecast:518 -     Wheat                 --                  --                
2026-08-08 21:22:43.451 | INFO     | __main__:run_zonal_forecast:518 -     Rice                  --                  --                
2026-08-08 21:22:43.455 | INFO     | __main__:run_zonal_forecast:518 -   
2026-08-08 21:22:43.464 | INFO     | __main__:run_zonal_forecast:518 -   NORTH CENTRAL (Plateau & Kogi)
2026-08-08 21:22:43.466 | INFO     | __main__:run_zonal_forecast:518 -   Middle Belt. Ginger heartland (Plateau), Cashew/Cocoa belt (Kogi).
2026-08-08 21:22:43.467 | INFO     | __main__:run_zonal_forecast:518 -   
2026-08-08 21:22:43.477 | INFO     | __main__:run_zonal_forecast:518 -     Commodity           Plateau             Kogi              
2026-08-08 21:22:43.482 | INFO     | __main__:run_zonal_forecast:518 -     ------------------------------------------------------------
2026-08-08 21:22:43.485 | INFO     | __main__:run_zonal_forecast:518 -     Hibiscus              --                  --                
2026-08-08 21:22:43.490 | INFO     | __main__:run_zonal_forecast:518 -     Sesame                --                  --                
2026-08-08 21:22:43.503 | INFO     | __main__:run_zonal_forecast:518 -     Ginger                --                  --                
2026-08-08 21:22:43.510 | INFO     | __main__:run_zonal_forecast:518 -     Cocoa                 --                  --                
2026-08-08 21:22:43.521 | INFO     | __main__:run_zonal_forecast:518 -     Soybeans              --                  --                
2026-08-08 21:22:43.525 | INFO     | __main__:run_zonal_forecast:518 -     Cashew Nuts           --                  --                
2026-08-08 21:22:43.543 | INFO     | __main__:run_zonal_forecast:518 -     Sorghum               --                  --                
2026-08-08 21:22:43.544 | INFO     | __main__:run_zonal_forecast:518 -     Beans (white)         --                  --                
2026-08-08 21:22:43.545 | INFO     | __main__:run_zonal_forecast:518 -     Beans (red)           --                  --                
2026-08-08 21:22:43.549 | INFO     | __main__:run_zonal_forecast:518 -     Maize (white)         --                  --                
2026-08-08 21:22:43.557 | INFO     | __main__:run_zonal_forecast:518 -     Maize (yellow)        --                  --                
2026-08-08 21:22:43.558 | INFO     | __main__:run_zonal_forecast:518 -     Wheat                 --                  --                
2026-08-08 21:22:43.559 | INFO     | __main__:run_zonal_forecast:518 -     Rice                  --                  --                
2026-08-08 21:22:43.560 | INFO     | __main__:run_zonal_forecast:518 -   
2026-08-08 21:22:43.561 | INFO     | __main__:run_zonal_forecast:518 -   NORTH EAST (Adamawa & Borno)
2026-08-08 21:22:43.564 | INFO     | __main__:run_zonal_forecast:518 -   Semi-arid. Sorghum, Maize. Conflict premium on imports in Borno.
2026-08-08 21:22:43.565 | INFO     | __main__:run_zonal_forecast:518 -   
2026-08-08 21:22:43.567 | INFO     | __main__:run_zonal_forecast:518 -     Commodity           Adamawa             Borno             
2026-08-08 21:22:43.576 | INFO     | __main__:run_zonal_forecast:518 -     ------------------------------------------------------------
2026-08-08 21:22:43.582 | INFO     | __main__:run_zonal_forecast:518 -     Hibiscus              --                  --                
2026-08-08 21:22:43.600 | INFO     | __main__:run_zonal_forecast:518 -     Sesame                --                  --                
2026-08-08 21:22:43.608 | INFO     | __main__:run_zonal_forecast:518 -     Ginger                --                  --                
2026-08-08 21:22:43.610 | INFO     | __main__:run_zonal_forecast:518 -     Cocoa                 --                  --                
2026-08-08 21:22:43.610 | INFO     | __main__:run_zonal_forecast:518 -     Soybeans              --                  --                
2026-08-08 21:22:43.611 | INFO     | __main__:run_zonal_forecast:518 -     Cashew Nuts           --                  --                
2026-08-08 21:22:43.613 | INFO     | __main__:run_zonal_forecast:518 -     Sorghum               --                  --                
2026-08-08 21:22:43.615 | INFO     | __main__:run_zonal_forecast:518 -     Beans (white)         --                  --                
2026-08-08 21:22:43.616 | INFO     | __main__:run_zonal_forecast:518 -     Beans (red)           --                  --                
2026-08-08 21:22:43.619 | INFO     | __main__:run_zonal_forecast:518 -     Maize (white)         --                  --                
2026-08-08 21:22:43.625 | INFO     | __main__:run_zonal_forecast:518 -     Maize (yellow)        --                  --                
2026-08-08 21:22:43.627 | INFO     | __main__:run_zonal_forecast:518 -     Wheat                 --                  --                
2026-08-08 21:22:43.627 | INFO     | __main__:run_zonal_forecast:518 -     Rice                  --                  --                
2026-08-08 21:22:43.630 | INFO     | __main__:run_zonal_forecast:518 -   
2026-08-08 21:22:43.632 | INFO     | __main__:run_zonal_forecast:518 -   SOUTH WEST (Oyo & Lagos)
2026-08-08 21:22:43.633 | INFO     | __main__:run_zonal_forecast:518 -   Commercial capital. Lagos is the price-setter for consumer markets.
2026-08-08 21:22:43.633 | INFO     | __main__:run_zonal_forecast:518 -   
2026-08-08 21:22:43.635 | INFO     | __main__:run_zonal_forecast:518 -     Commodity           Oyo                 Lagos             
2026-08-08 21:22:43.636 | INFO     | __main__:run_zonal_forecast:518 -     ------------------------------------------------------------
2026-08-08 21:22:43.638 | INFO     | __main__:run_zonal_forecast:518 -     Hibiscus              --                  --                
2026-08-08 21:22:43.640 | INFO     | __main__:run_zonal_forecast:518 -     Sesame                --                  --                
2026-08-08 21:22:43.640 | INFO     | __main__:run_zonal_forecast:518 -     Ginger                --                  --                
2026-08-08 21:22:43.641 | INFO     | __main__:run_zonal_forecast:518 -     Cocoa                 --                  --                
2026-08-08 21:22:43.642 | INFO     | __main__:run_zonal_forecast:518 -     Soybeans              --                  --                
2026-08-08 21:22:43.643 | INFO     | __main__:run_zonal_forecast:518 -     Cashew Nuts           --                  --                
2026-08-08 21:22:43.643 | INFO     | __main__:run_zonal_forecast:518 -     Sorghum               --                  --                
2026-08-08 21:22:43.644 | INFO     | __main__:run_zonal_forecast:518 -     Beans (white)         --                  --                
2026-08-08 21:22:43.646 | INFO     | __main__:run_zonal_forecast:518 -     Beans (red)           --                  --                
2026-08-08 21:22:43.647 | INFO     | __main__:run_zonal_forecast:518 -     Maize (white)         --                  --                
2026-08-08 21:22:43.648 | INFO     | __main__:run_zonal_forecast:518 -     Maize (yellow)        --                  --                
2026-08-08 21:22:43.649 | INFO     | __main__:run_zonal_forecast:518 -     Wheat                 --                  --                
2026-08-08 21:22:43.649 | INFO     | __main__:run_zonal_forecast:518 -     Rice                  --                  --                
2026-08-08 21:22:43.650 | INFO     | __main__:run_zonal_forecast:518 -   
2026-08-08 21:22:43.651 | INFO     | __main__:run_zonal_forecast:518 -   SOUTH EAST (Anambra & Imo)
2026-08-08 21:22:43.652 | INFO     | __main__:run_zonal_forecast:518 -   High consumption, low production of traded commodities. Import-dependent.
2026-08-08 21:22:43.654 | INFO     | __main__:run_zonal_forecast:518 -   
2026-08-08 21:22:43.655 | INFO     | __main__:run_zonal_forecast:518 -     Commodity           Anambra             Imo               
2026-08-08 21:22:43.655 | INFO     | __main__:run_zonal_forecast:518 -     ------------------------------------------------------------
2026-08-08 21:22:43.657 | INFO     | __main__:run_zonal_forecast:518 -     Hibiscus              --                  --                
2026-08-08 21:22:43.658 | INFO     | __main__:run_zonal_forecast:518 -     Sesame                --                  --                
2026-08-08 21:22:43.659 | INFO     | __main__:run_zonal_forecast:518 -     Ginger                --                  --                
2026-08-08 21:22:43.660 | INFO     | __main__:run_zonal_forecast:518 -     Cocoa                 --                  --                
2026-08-08 21:22:43.661 | INFO     | __main__:run_zonal_forecast:518 -     Soybeans              --                  --                
2026-08-08 21:22:43.662 | INFO     | __main__:run_zonal_forecast:518 -     Cashew Nuts           --                  --                
2026-08-08 21:22:43.664 | INFO     | __main__:run_zonal_forecast:518 -     Sorghum               --                  --                
2026-08-08 21:22:43.665 | INFO     | __main__:run_zonal_forecast:518 -     Beans (white)         --                  --                
2026-08-08 21:22:43.667 | INFO     | __main__:run_zonal_forecast:518 -     Beans (red)           --                  --                
2026-08-08 21:22:43.668 | INFO     | __main__:run_zonal_forecast:518 -     Maize (white)         --                  --                
2026-08-08 21:22:43.669 | INFO     | __main__:run_zonal_forecast:518 -     Maize (yellow)        --                  --                
2026-08-08 21:22:43.670 | INFO     | __main__:run_zonal_forecast:518 -     Wheat                 --                  --                
2026-08-08 21:22:43.670 | INFO     | __main__:run_zonal_forecast:518 -     Rice                  --                  --                
2026-08-08 21:22:43.671 | INFO     | __main__:run_zonal_forecast:518 -   
2026-08-08 21:22:43.672 | INFO     | __main__:run_zonal_forecast:518 -   SOUTH SOUTH (Rivers & Delta)
2026-08-08 21:22:43.673 | INFO     | __main__:run_zonal_forecast:518 -   Oil belt. High purchasing power. Cocoa producer (Delta).
2026-08-08 21:22:43.673 | INFO     | __main__:run_zonal_forecast:518 -   
2026-08-08 21:22:43.674 | INFO     | __main__:run_zonal_forecast:518 -     Commodity           Rivers              Delta             
2026-08-08 21:22:43.675 | INFO     | __main__:run_zonal_forecast:518 -     ------------------------------------------------------------
2026-08-08 21:22:43.676 | INFO     | __main__:run_zonal_forecast:518 -     Hibiscus              --                  --                
2026-08-08 21:22:43.676 | INFO     | __main__:run_zonal_forecast:518 -     Sesame                --                  --                
2026-08-08 21:22:43.676 | INFO     | __main__:run_zonal_forecast:518 -     Ginger                --                  --                
2026-08-08 21:22:43.677 | INFO     | __main__:run_zonal_forecast:518 -     Cocoa                 --                  --                
2026-08-08 21:22:43.678 | INFO     | __main__:run_zonal_forecast:518 -     Soybeans              --                  --                
2026-08-08 21:22:43.680 | INFO     | __main__:run_zonal_forecast:518 -     Cashew Nuts           --                  --                
2026-08-08 21:22:43.681 | INFO     | __main__:run_zonal_forecast:518 -     Sorghum               --                  --                
2026-08-08 21:22:43.681 | INFO     | __main__:run_zonal_forecast:518 -     Beans (white)         --                  --                
2026-08-08 21:22:43.683 | INFO     | __main__:run_zonal_forecast:518 -     Beans (red)           --                  --                
2026-08-08 21:22:43.683 | INFO     | __main__:run_zonal_forecast:518 -     Maize (white)         --                  --                
2026-08-08 21:22:43.684 | INFO     | __main__:run_zonal_forecast:518 -     Maize (yellow)        --                  --                
2026-08-08 21:22:43.685 | INFO     | __main__:run_zonal_forecast:518 -     Wheat                 --                  --                
2026-08-08 21:22:43.687 | INFO     | __main__:run_zonal_forecast:518 -     Rice                  --                  --                
2026-08-08 21:22:43.688 | INFO     | __main__:run_zonal_forecast:518 -   
2026-08-08 21:22:43.689 | INFO     | __main__:run_zonal_forecast:518 -   ==========================================================
2026-08-08 21:22:43.690 | INFO     | __main__:run_zonal_forecast:518 -   * = primary commodity  (+/-%) = day-on-day change
2026-08-08 21:22:43.691 | INFO     | __main__:run_zonal_forecast:518 -   
2026-08-08 21:22:43.691 | INFO     | __main__:run_zonal_forecast:518 -   NATIONAL PRICE CHANGES TODAY:
2026-08-08 21:22:43.693 | INFO     | __main__:run_zonal_forecast:518 -     Commodity                   Price   Day Chg    vs Ref
2026-08-08 21:22:43.694 | INFO     | __main__:run_zonal_forecast:518 -     ------------------------------------------------------
2026-08-08 21:22:43.694 | INFO     | __main__:run_zonal_forecast:518 -     Hibiscus                      N0K    +0.00%    +0.00%
2026-08-08 21:22:43.696 | INFO     | __main__:run_zonal_forecast:518 -     Sesame                        N0K    +0.00%    +0.00%
2026-08-08 21:22:43.698 | INFO     | __main__:run_zonal_forecast:518 -     Ginger                        N0K    +0.00%    +0.00%
2026-08-08 21:22:43.700 | INFO     | __main__:run_zonal_forecast:518 -     Cocoa                         N0K    +0.00%    +0.00%
2026-08-08 21:22:43.701 | INFO     | __main__:run_zonal_forecast:518 -     Soybeans                      N0K    +0.00%    +0.00%
2026-08-08 21:22:43.704 | INFO     | __main__:run_zonal_forecast:518 -     Cashew Nuts                   N0K    +0.00%    +0.00%
2026-08-08 21:22:43.705 | INFO     | __main__:run_zonal_forecast:518 -     Sorghum                       N0K    +0.00%    +0.00%
2026-08-08 21:22:43.707 | INFO     | __main__:run_zonal_forecast:518 -     Beans (white)                 N0K    +0.00%    +0.00%
2026-08-08 21:22:43.708 | INFO     | __main__:run_zonal_forecast:518 -     Beans (red)                   N0K    +0.00%    +0.00%
2026-08-08 21:22:43.709 | INFO     | __main__:run_zonal_forecast:518 -     Maize (white)                 N0K    +0.00%    +0.00%
2026-08-08 21:22:43.710 | INFO     | __main__:run_zonal_forecast:518 -     Maize (yellow)                N0K    +0.00%    +0.00%
2026-08-08 21:22:43.711 | INFO     | __main__:run_zonal_forecast:518 -     Wheat                         N0K    +0.00%    +0.00%
2026-08-08 21:22:43.712 | INFO     | __main__:run_zonal_forecast:518 -     Rice                          N0K    +0.00%    +0.00%
2026-08-08 21:22:43.712 | INFO     | __main__:run_zonal_forecast:518 -   
2026-08-08 21:22:43.714 | INFO     | __main__:run_zonal_forecast:518 -   BEST SOURCING NATIONALLY:
2026-08-08 21:22:43.714 | INFO     | __main__:run_zonal_forecast:518 -     Commodity              Best State           Price  Spread
2026-08-08 21:22:43.716 | INFO     | __main__:run_zonal_forecast:518 -     ------------------------------------------------------------
2026-08-08 21:22:43.717 | INFO     | __main__:run_zonal_forecast:518 -   
2026-08-08 21:22:43.718 | INFO     | __main__:run_zonal_forecast:518 -   ==========================================================
2026-08-08 21:22:43.723 | INFO     | __main__:run_zonal_forecast:518 -   Source: Agrolinking Intelligence Platform
2026-08-08 21:22:43.726 | INFO     | __main__:run_zonal_forecast:518 -   Next update: 09 Aug 2026
2026-08-08 21:22:43.727 | INFO     | __main__:run_zonal_forecast:519 - =================================================================
2026-08-08 21:22:43.730 | SUCCESS  | __main__:run_zonal_forecast:520 - ZONAL FORECASTING COMPLETE — 6 zones | 12 states | 13 commodities
2026-08-08 21:26:28.672 | INFO     | __main__:run_zonal_forecast:464 - =================================================================
2026-08-08 21:26:28.675 | INFO     | __main__:run_zonal_forecast:465 - STEP 7 — ZONAL & STATE-LEVEL FORECASTING
2026-08-08 21:26:28.675 | INFO     | __main__:run_zonal_forecast:466 -   Date  : Saturday, 08 August 2026  21:26
2026-08-08 21:26:28.676 | INFO     | __main__:run_zonal_forecast:467 -   Anchor: DAILY INTERPOLATED (from last_known_date, drifts daily)
2026-08-08 21:26:28.677 | INFO     | __main__:run_zonal_forecast:468 - =================================================================
2026-08-08 21:26:28.748 | INFO     | __main__:run_zonal_forecast:471 -   Source: forecast_validated_2026-08-08.json
2026-08-08 21:26:28.750 | INFO     | __main__:run_zonal_forecast:478 -   Maize (white): last_known=2023-01-16, days_elapsed=1300
2026-08-08 21:26:28.750 | INFO     | __main__:run_zonal_forecast:478 -   Hibiscus: last_known=2026-04-13, days_elapsed=117
2026-08-08 21:26:28.750 | INFO     | __main__:run_zonal_forecast:478 -   Sesame: last_known=2026-04-13, days_elapsed=117
2026-08-08 21:26:28.751 | INFO     | __main__:build_zonal_output:285 - 
2026-08-08 21:26:28.751 | INFO     | __main__:build_zonal_output:286 -   NATIONAL ANCHORS (interpolated from last_known_date to today):
2026-08-08 21:26:28.751 | INFO     | __main__:build_zonal_output:287 -   Commodity                 Today Price   Day Chg    vs Ref  Source
2026-08-08 21:26:28.751 | INFO     | __main__:build_zonal_output:288 -   --------------------------------------------------------------------------------
2026-08-08 21:26:28.752 | DEBUG    | __main__:get_daily_price:116 -   last_known=2026-04-13, run=2026-08-08, elapsed=117d
2026-08-08 21:26:28.753 | DEBUG    | __main__:get_daily_price:116 -   last_known=2026-04-13, run=2026-08-07, elapsed=116d
2026-08-08 21:26:28.754 | INFO     | __main__:build_zonal_output:318 -   Hibiscus               N   2,465,569    -0.01%   -1.38%  interp d117 (weekly series | -1.38%
2026-08-08 21:26:28.754 | DEBUG    | __main__:get_daily_price:116 -   last_known=2026-04-13, run=2026-08-08, elapsed=117d
2026-08-08 21:26:28.756 | DEBUG    | __main__:get_daily_price:116 -   last_known=2026-04-13, run=2026-08-07, elapsed=116d
2026-08-08 21:26:28.757 | INFO     | __main__:build_zonal_output:318 -   Sesame                 N   1,385,733    -0.02%   -2.41%  interp d117 (weekly series | -2.41%
2026-08-08 21:26:28.758 | DEBUG    | __main__:get_daily_price:116 -   last_known=2026-04-13, run=2026-08-08, elapsed=117d
2026-08-08 21:26:28.759 | DEBUG    | __main__:get_daily_price:116 -   last_known=2026-04-13, run=2026-08-07, elapsed=116d
2026-08-08 21:26:28.760 | INFO     | __main__:build_zonal_output:318 -   Ginger                 N   9,341,264    -0.01%   -0.62%  interp d117 (weekly series | -0.62%
2026-08-08 21:26:28.761 | DEBUG    | __main__:get_daily_price:116 -   last_known=2026-04-13, run=2026-08-08, elapsed=117d
2026-08-08 21:26:28.762 | DEBUG    | __main__:get_daily_price:116 -   last_known=2026-04-13, run=2026-08-07, elapsed=116d
2026-08-08 21:26:28.762 | INFO     | __main__:build_zonal_output:318 -   Cocoa                  N   4,575,602    +0.01%  + +1.68%  interp d117 (weekly series | +1.68%
2026-08-08 21:26:28.763 | DEBUG    | __main__:get_daily_price:116 -   last_known=2026-04-13, run=2026-08-08, elapsed=117d
2026-08-08 21:26:28.764 | DEBUG    | __main__:get_daily_price:116 -   last_known=2026-04-13, run=2026-08-07, elapsed=116d
2026-08-08 21:26:28.765 | INFO     | __main__:build_zonal_output:318 -   Soybeans               N     784,224    -0.01%   -0.73%  interp d117 (weekly series | -0.73%
2026-08-08 21:26:28.766 | DEBUG    | __main__:get_daily_price:116 -   last_known=2026-04-13, run=2026-08-08, elapsed=117d
2026-08-08 21:26:28.767 | DEBUG    | __main__:get_daily_price:116 -   last_known=2026-04-13, run=2026-08-07, elapsed=116d
2026-08-08 21:26:28.768 | INFO     | __main__:build_zonal_output:318 -   Cashew Nuts            N   1,885,030    -0.02%   -2.33%  interp d117 (weekly series | -2.33%
2026-08-08 21:26:28.768 | DEBUG    | __main__:get_daily_price:116 -   last_known=2026-04-13, run=2026-08-08, elapsed=117d
2026-08-08 21:26:28.770 | DEBUG    | __main__:get_daily_price:116 -   last_known=2026-04-13, run=2026-08-07, elapsed=116d
2026-08-08 21:26:28.772 | INFO     | __main__:build_zonal_output:318 -   Sorghum                N     353,127    +0.02%  + +2.36%  interp d117 (weekly series | +2.36%
2026-08-08 21:26:28.772 | DEBUG    | __main__:get_daily_price:116 -   last_known=2026-03-16, run=2026-08-08, elapsed=145d
2026-08-08 21:26:28.773 | DEBUG    | __main__:get_daily_price:116 -   last_known=2026-03-16, run=2026-08-07, elapsed=144d
2026-08-08 21:26:28.774 | INFO     | __main__:build_zonal_output:318 -   Beans (white)          N     741,645    -0.01%   -1.11%  interp d145 (weekly series | -1.11%
2026-08-08 21:26:28.774 | DEBUG    | __main__:get_daily_price:116 -   last_known=2026-03-16, run=2026-08-08, elapsed=145d
2026-08-08 21:26:28.776 | DEBUG    | __main__:get_daily_price:116 -   last_known=2026-03-16, run=2026-08-07, elapsed=144d
2026-08-08 21:26:28.777 | INFO     | __main__:build_zonal_output:318 -   Beans (red)            N     826,082    -0.02%   -2.81%  interp d145 (weekly series | -2.81%
2026-08-08 21:26:28.777 | DEBUG    | __main__:get_daily_price:88 -   last_known_date 2023-01-16 is stale (>2yr). Using forecast_start as anchor.
2026-08-08 21:26:28.777 | DEBUG    | __main__:get_daily_price:116 -   last_known=2023-01-16, run=2026-08-08, elapsed=7d
2026-08-08 21:26:28.778 | DEBUG    | __main__:get_daily_price:88 -   last_known_date 2023-01-16 is stale (>2yr). Using forecast_start as anchor.
2026-08-08 21:26:28.778 | DEBUG    | __main__:get_daily_price:116 -   last_known=2023-01-16, run=2026-08-07, elapsed=7d
2026-08-08 21:26:28.780 | INFO     | __main__:build_zonal_output:318 -   Maize (white)          N     390,469    -0.13%   -1.15%  interp d7 (weekly series | -1.15% v
2026-08-08 21:26:28.780 | DEBUG    | __main__:get_daily_price:88 -   last_known_date 2023-01-16 is stale (>2yr). Using forecast_start as anchor.
2026-08-08 21:26:28.780 | DEBUG    | __main__:get_daily_price:116 -   last_known=2023-01-16, run=2026-08-08, elapsed=7d
2026-08-08 21:26:28.782 | DEBUG    | __main__:get_daily_price:88 -   last_known_date 2023-01-16 is stale (>2yr). Using forecast_start as anchor.
2026-08-08 21:26:28.783 | DEBUG    | __main__:get_daily_price:116 -   last_known=2023-01-16, run=2026-08-07, elapsed=7d
2026-08-08 21:26:28.784 | INFO     | __main__:build_zonal_output:318 -   Maize (yellow)         N     417,168    -0.10%   -0.91%  interp d7 (weekly series | -0.91% v
2026-08-08 21:26:28.786 | DEBUG    | __main__:get_daily_price:116 -   last_known=2026-04-13, run=2026-08-08, elapsed=117d
2026-08-08 21:26:28.787 | DEBUG    | __main__:get_daily_price:116 -   last_known=2026-04-13, run=2026-08-07, elapsed=116d
2026-08-08 21:26:28.788 | INFO     | __main__:build_zonal_output:318 -   Wheat                  N     986,827    -0.01%   -1.32%  interp d117 (weekly series | -1.32%
2026-08-08 21:26:28.789 | INFO     | __main__:build_zonal_output:321 - 
2026-08-08 21:26:28.831 | INFO     | __main__:run_zonal_forecast:484 - 
2026-08-08 21:26:28.833 | INFO     | __main__:run_zonal_forecast:485 -   Zone             State        Commodity                 State Price  Day Chg
2026-08-08 21:26:28.833 | INFO     | __main__:run_zonal_forecast:486 -   ------------------------------------------------------------------------
2026-08-08 21:26:28.834 | INFO     | __main__:run_zonal_forecast:493 -   North West       Kano         * Sesame                N   1,150,158/MT  -0.02%
2026-08-08 21:26:28.835 | INFO     | __main__:run_zonal_forecast:493 -   North West       Kano         * Sorghum               N     275,439/MT  +0.02%
2026-08-08 21:26:28.835 | INFO     | __main__:run_zonal_forecast:493 -   North West       Kano         * Beans (white)         N     645,231/MT  -0.01%
2026-08-08 21:26:28.836 | INFO     | __main__:run_zonal_forecast:493 -   North West       Kano         * Maize (white)         N     312,375/MT  -0.13%
2026-08-08 21:26:28.836 | INFO     | __main__:run_zonal_forecast:493 -   North West       Kano         * Maize (yellow)        N     333,734/MT  -0.10%
2026-08-08 21:26:28.838 | INFO     | __main__:run_zonal_forecast:493 -   North West       Kano         * Wheat                 N     878,276/MT  -0.01%
2026-08-08 21:26:28.839 | INFO     | __main__:run_zonal_forecast:493 -   North West       Kaduna       * Ginger                N   6,725,710/MT  -0.01%
2026-08-08 21:26:28.840 | INFO     | __main__:run_zonal_forecast:493 -   North West       Kaduna       * Soybeans              N     658,748/MT  -0.01%
2026-08-08 21:26:28.840 | INFO     | __main__:run_zonal_forecast:493 -   North West       Kaduna       * Sorghum               N     282,502/MT  +0.02%
2026-08-08 21:26:28.841 | INFO     | __main__:run_zonal_forecast:493 -   North West       Kaduna       * Maize (white)         N     316,280/MT  -0.13%
2026-08-08 21:26:28.842 | INFO     | __main__:run_zonal_forecast:493 -   North West       Kaduna       * Maize (yellow)        N     337,906/MT  -0.10%
2026-08-08 21:26:28.842 | INFO     | __main__:run_zonal_forecast:493 -   North West       Kaduna       * Wheat                 N     858,540/MT  -0.01%
2026-08-08 21:26:28.843 | INFO     | __main__:run_zonal_forecast:493 -   North Central    Plateau      * Ginger                N   7,005,948/MT  -0.01%
2026-08-08 21:26:28.843 | INFO     | __main__:run_zonal_forecast:493 -   North Central    Plateau      * Soybeans              N     650,906/MT  -0.01%
2026-08-08 21:26:28.843 | INFO     | __main__:run_zonal_forecast:493 -   North Central    Plateau      * Beans (white)         N     667,480/MT  -0.01%
2026-08-08 21:26:28.844 | INFO     | __main__:run_zonal_forecast:493 -   North Central    Plateau      * Maize (white)         N     339,708/MT  -0.13%
2026-08-08 21:26:28.846 | INFO     | __main__:run_zonal_forecast:493 -   North Central    Plateau      * Wheat                 N     898,013/MT  -0.01%
2026-08-08 21:26:28.849 | INFO     | __main__:run_zonal_forecast:493 -   North Central    Kogi         * Cocoa                 N   4,026,530/MT  +0.01%
2026-08-08 21:26:28.849 | INFO     | __main__:run_zonal_forecast:493 -   North Central    Kogi         * Soybeans              N     682,275/MT  -0.01%
2026-08-08 21:26:28.851 | INFO     | __main__:run_zonal_forecast:493 -   North Central    Kogi         * Cashew Nuts           N   1,508,024/MT  -0.02%
2026-08-08 21:26:28.852 | INFO     | __main__:run_zonal_forecast:493 -   North Central    Kogi         * Sorghum               N     321,346/MT  +0.02%
2026-08-08 21:26:28.852 | INFO     | __main__:run_zonal_forecast:493 -   North Central    Kogi         * Beans (white)         N     682,313/MT  -0.01%
2026-08-08 21:26:28.854 | INFO     | __main__:run_zonal_forecast:493 -   North Central    Kogi         * Maize (white)         N     351,422/MT  -0.13%
2026-08-08 21:26:28.855 | INFO     | __main__:run_zonal_forecast:493 -   North East       Adamawa      * Sesame                N   1,191,730/MT  -0.02%
2026-08-08 21:26:28.855 | INFO     | __main__:run_zonal_forecast:493 -   North East       Adamawa      * Ginger                N   7,753,249/MT  -0.01%
2026-08-08 21:26:28.857 | INFO     | __main__:run_zonal_forecast:493 -   North East       Adamawa      * Soybeans              N     697,960/MT  -0.01%
2026-08-08 21:26:28.859 | INFO     | __main__:run_zonal_forecast:493 -   North East       Adamawa      * Sorghum               N     307,221/MT  +0.02%
2026-08-08 21:26:28.859 | INFO     | __main__:run_zonal_forecast:493 -   North East       Adamawa      * Beans (white)         N     682,313/MT  -0.01%
2026-08-08 21:26:28.860 | INFO     | __main__:run_zonal_forecast:493 -   North East       Adamawa      * Maize (white)         N     343,613/MT  -0.13%
2026-08-08 21:26:28.860 | INFO     | __main__:run_zonal_forecast:493 -   North East       Borno        * Sesame                N   1,233,302/MT  -0.02%
2026-08-08 21:26:28.861 | INFO     | __main__:run_zonal_forecast:493 -   North East       Borno        * Sorghum               N     324,877/MT  +0.02%
2026-08-08 21:26:28.862 | INFO     | __main__:run_zonal_forecast:493 -   North East       Borno        * Beans (white)         N     786,143/MT  -0.01%
2026-08-08 21:26:28.862 | INFO     | __main__:run_zonal_forecast:493 -   North East       Borno        * Maize (white)         N     421,707/MT  -0.13%
2026-08-08 21:26:28.863 | INFO     | __main__:run_zonal_forecast:493 -   North East       Borno        * Wheat                 N   1,105,247/MT  -0.01%
2026-08-08 21:26:28.863 | INFO     | __main__:run_zonal_forecast:493 -   South West       Oyo          * Hibiscus              N   2,539,536/MT  -0.01%
2026-08-08 21:26:28.864 | INFO     | __main__:run_zonal_forecast:493 -   South West       Oyo          * Cocoa                 N   4,072,286/MT  +0.01%
2026-08-08 21:26:28.864 | INFO     | __main__:run_zonal_forecast:493 -   South West       Oyo          * Soybeans              N     815,593/MT  -0.01%
2026-08-08 21:26:28.865 | INFO     | __main__:run_zonal_forecast:493 -   South West       Oyo          * Cashew Nuts           N   1,621,126/MT  -0.02%
2026-08-08 21:26:28.865 | INFO     | __main__:run_zonal_forecast:493 -   South West       Oyo          * Beans (white)         N     815,809/MT  -0.01%
2026-08-08 21:26:28.865 | INFO     | __main__:run_zonal_forecast:493 -   South West       Oyo          * Maize (white)         N     421,707/MT  -0.13%
2026-08-08 21:26:28.866 | INFO     | __main__:run_zonal_forecast:493 -   South West       Lagos        * Hibiscus              N   2,835,404/MT  -0.01%
2026-08-08 21:26:28.866 | INFO     | __main__:run_zonal_forecast:493 -   South West       Lagos        * Sesame                N   1,635,165/MT  -0.02%
2026-08-08 21:26:28.867 | INFO     | __main__:run_zonal_forecast:493 -   South West       Lagos        * Cocoa                 N   4,941,650/MT  +0.01%
2026-08-08 21:26:28.868 | INFO     | __main__:run_zonal_forecast:493 -   South West       Lagos        * Soybeans              N     956,754/MT  -0.01%
2026-08-08 21:26:28.871 | INFO     | __main__:run_zonal_forecast:493 -   South West       Lagos        * Beans (white)         N     949,305/MT  -0.01%
2026-08-08 21:26:28.872 | INFO     | __main__:run_zonal_forecast:493 -   South West       Lagos        * Beans (red)           N   1,032,603/MT  -0.02%
2026-08-08 21:26:28.873 | INFO     | __main__:run_zonal_forecast:493 -   South West       Lagos        * Maize (white)         N     507,610/MT  -0.13%
2026-08-08 21:26:28.873 | INFO     | __main__:run_zonal_forecast:493 -   South West       Lagos        * Maize (yellow)        N     542,318/MT  -0.10%
2026-08-08 21:26:28.874 | INFO     | __main__:run_zonal_forecast:493 -   South East       Anambra      * Cocoa                 N   4,804,382/MT  +0.01%
2026-08-08 21:26:28.874 | INFO     | __main__:run_zonal_forecast:493 -   South East       Anambra      * Cashew Nuts           N   2,073,533/MT  -0.02%
2026-08-08 21:26:28.875 | INFO     | __main__:run_zonal_forecast:493 -   South East       Anambra      * Beans (white)         N     875,141/MT  -0.01%
2026-08-08 21:26:28.876 | INFO     | __main__:run_zonal_forecast:493 -   South East       Anambra      * Beans (red)           N     949,994/MT  -0.02%
2026-08-08 21:26:28.877 | INFO     | __main__:run_zonal_forecast:493 -   South East       Anambra      * Maize (white)         N     468,563/MT  -0.13%
2026-08-08 21:26:28.877 | INFO     | __main__:run_zonal_forecast:493 -   South East       Imo          * Cocoa                 N   4,163,798/MT  +0.01%
2026-08-08 21:26:28.878 | INFO     | __main__:run_zonal_forecast:493 -   South East       Imo          * Cashew Nuts           N   1,998,132/MT  -0.02%
2026-08-08 21:26:28.879 | INFO     | __main__:run_zonal_forecast:493 -   South East       Imo          * Beans (white)         N     852,891/MT  -0.01%
2026-08-08 21:26:28.879 | INFO     | __main__:run_zonal_forecast:493 -   South East       Imo          * Maize (white)         N     456,849/MT  -0.13%
2026-08-08 21:26:28.879 | INFO     | __main__:run_zonal_forecast:493 -   South South      Rivers       * Hibiscus              N   2,761,437/MT  -0.01%
2026-08-08 21:26:28.880 | INFO     | __main__:run_zonal_forecast:493 -   South South      Rivers       * Sesame                N   1,635,165/MT  -0.02%
2026-08-08 21:26:28.880 | INFO     | __main__:run_zonal_forecast:493 -   South South      Rivers       * Cocoa                 N   4,804,382/MT  +0.01%
2026-08-08 21:26:28.881 | INFO     | __main__:run_zonal_forecast:493 -   South South      Rivers       * Beans (white)         N     904,807/MT  -0.01%
2026-08-08 21:26:28.881 | INFO     | __main__:run_zonal_forecast:493 -   South South      Rivers       * Beans (red)           N     991,298/MT  -0.02%
2026-08-08 21:26:28.882 | INFO     | __main__:run_zonal_forecast:493 -   South South      Rivers       * Maize (white)         N     488,087/MT  -0.13%
2026-08-08 21:26:28.883 | INFO     | __main__:run_zonal_forecast:493 -   South South      Delta        * Hibiscus              N   2,662,814/MT  -0.01%
2026-08-08 21:26:28.883 | INFO     | __main__:run_zonal_forecast:493 -   South South      Delta        * Sesame                N   1,607,450/MT  -0.02%
2026-08-08 21:26:28.888 | INFO     | __main__:run_zonal_forecast:493 -   South South      Delta        * Cocoa                 N   4,255,310/MT  +0.01%
2026-08-08 21:26:28.890 | INFO     | __main__:run_zonal_forecast:493 -   South South      Delta        * Soybeans              N     894,016/MT  -0.01%
2026-08-08 21:26:28.892 | INFO     | __main__:run_zonal_forecast:493 -   South South      Delta        * Beans (white)         N     867,724/MT  -0.01%
2026-08-08 21:26:28.892 | INFO     | __main__:run_zonal_forecast:493 -   South South      Delta        * Maize (white)         N     468,563/MT  -0.13%
2026-08-08 21:26:29.143 | SUCCESS  | __main__:run_zonal_forecast:507 -   Zonal JSON  -> C:\Users\USER\Downloads\agrolinking-intel-structure\agrolinking-intel\outputs\forecasts\zonal\zonal_forecast_2026-08-08.json
2026-08-08 21:26:29.147 | SUCCESS  | __main__:run_zonal_forecast:513 -   Zonal alert -> C:\Users\USER\Downloads\agrolinking-intel-structure\agrolinking-intel\outputs\daily_alerts\alert_zonal_2026-08-08.txt
2026-08-08 21:26:29.147 | INFO     | __main__:run_zonal_forecast:515 - 
2026-08-08 21:26:29.148 | INFO     | __main__:run_zonal_forecast:516 - =================================================================
2026-08-08 21:26:29.149 | INFO     | __main__:run_zonal_forecast:518 -   ================================================
2026-08-08 21:26:29.149 | INFO     | __main__:run_zonal_forecast:518 -   AGROLINKING ZONAL COMMODITY INTELLIGENCE
2026-08-08 21:26:29.150 | INFO     | __main__:run_zonal_forecast:518 -   Date: Saturday, 08 August 2026
2026-08-08 21:26:29.150 | INFO     | __main__:run_zonal_forecast:518 -   6 Zones | 12 States | 12 Commodities
2026-08-08 21:26:29.151 | INFO     | __main__:run_zonal_forecast:518 -   ================================================
2026-08-08 21:26:29.152 | INFO     | __main__:run_zonal_forecast:518 -   
2026-08-08 21:26:29.152 | INFO     | __main__:run_zonal_forecast:518 -   NORTH WEST (Kano & Kaduna)
2026-08-08 21:26:29.152 | INFO     | __main__:run_zonal_forecast:518 -   Nigeria's main grain belt. Highest Maize, Sorghum, Sesame, Wheat production.
2026-08-08 21:26:29.153 | INFO     | __main__:run_zonal_forecast:518 -   
2026-08-08 21:26:29.153 | INFO     | __main__:run_zonal_forecast:518 -     Commodity           Kano                Kaduna            
2026-08-08 21:26:29.153 | INFO     | __main__:run_zonal_forecast:518 -     ------------------------------------------------------------
2026-08-08 21:26:29.154 | INFO     | __main__:run_zonal_forecast:518 -     Hibiscus                N2.342M    (-0.0%)    N2.293M    (-0.0%)
2026-08-08 21:26:29.154 | INFO     | __main__:run_zonal_forecast:518 -     Sesame                * N1.150M    (-0.0%)    N1.178M    (-0.0%)
2026-08-08 21:26:29.155 | INFO     | __main__:run_zonal_forecast:518 -     Ginger                  N9.154M    (-0.0%)  * N6.726M    (-0.0%)
2026-08-08 21:26:29.155 | INFO     | __main__:run_zonal_forecast:518 -     Cocoa                   N4.667M    (+0.0%)    N4.804M    (+0.0%)
2026-08-08 21:26:29.156 | INFO     | __main__:run_zonal_forecast:518 -     Soybeans                N706K      (-0.0%)  * N659K      (-0.0%)
2026-08-08 21:26:29.156 | INFO     | __main__:run_zonal_forecast:518 -     Cashew Nuts             N1.885M    (-0.0%)    N1.923M    (-0.0%)
2026-08-08 21:26:29.156 | INFO     | __main__:run_zonal_forecast:518 -     Sorghum               * N275K      (+0.0%)  * N283K      (+0.0%)
2026-08-08 21:26:29.157 | INFO     | __main__:run_zonal_forecast:518 -     Beans (white)         * N645K      (-0.0%)    N653K      (-0.0%)
2026-08-08 21:26:29.157 | INFO     | __main__:run_zonal_forecast:518 -     Beans (red)             N743K      (-0.0%)    N752K      (-0.0%)
2026-08-08 21:26:29.158 | INFO     | __main__:run_zonal_forecast:518 -     Maize (white)         * N312K      (-0.1%)  * N316K      (-0.1%)
2026-08-08 21:26:29.158 | INFO     | __main__:run_zonal_forecast:518 -     Maize (yellow)        * N334K      (-0.1%)  * N338K      (-0.1%)
2026-08-08 21:26:29.158 | INFO     | __main__:run_zonal_forecast:518 -     Wheat                 * N878K      (-0.0%)  * N859K      (-0.0%)
2026-08-08 21:26:29.159 | INFO     | __main__:run_zonal_forecast:518 -     Rice                  --                  --                
2026-08-08 21:26:29.159 | INFO     | __main__:run_zonal_forecast:518 -   
2026-08-08 21:26:29.160 | INFO     | __main__:run_zonal_forecast:518 -   NORTH CENTRAL (Plateau & Kogi)
2026-08-08 21:26:29.160 | INFO     | __main__:run_zonal_forecast:518 -   Middle Belt. Ginger heartland (Plateau), Cashew/Cocoa belt (Kogi).
2026-08-08 21:26:29.161 | INFO     | __main__:run_zonal_forecast:518 -   
2026-08-08 21:26:29.161 | INFO     | __main__:run_zonal_forecast:518 -     Commodity           Plateau             Kogi              
2026-08-08 21:26:29.161 | INFO     | __main__:run_zonal_forecast:518 -     ------------------------------------------------------------
2026-08-08 21:26:29.161 | INFO     | __main__:run_zonal_forecast:518 -     Hibiscus                N2.392M    (-0.0%)    N2.367M    (-0.0%)
2026-08-08 21:26:29.162 | INFO     | __main__:run_zonal_forecast:518 -     Sesame                  N1.330M    (-0.0%)    N1.344M    (-0.0%)
2026-08-08 21:26:29.162 | INFO     | __main__:run_zonal_forecast:518 -     Ginger                * N7.006M    (-0.0%)    N8.781M    (-0.0%)
2026-08-08 21:26:29.163 | INFO     | __main__:run_zonal_forecast:518 -     Cocoa                   N4.942M    (+0.0%)  * N4.027M    (+0.0%)
2026-08-08 21:26:29.163 | INFO     | __main__:run_zonal_forecast:518 -     Soybeans              * N651K      (-0.0%)  * N682K      (-0.0%)
2026-08-08 21:26:29.164 | INFO     | __main__:run_zonal_forecast:518 -     Cashew Nuts             N1.979M    (-0.0%)  * N1.508M    (-0.0%)
2026-08-08 21:26:29.164 | INFO     | __main__:run_zonal_forecast:518 -     Sorghum                 N325K      (+0.0%)  * N321K      (+0.0%)
2026-08-08 21:26:29.164 | INFO     | __main__:run_zonal_forecast:518 -     Beans (white)         * N667K      (-0.0%)  * N682K      (-0.0%)
2026-08-08 21:26:29.165 | INFO     | __main__:run_zonal_forecast:518 -     Beans (red)             N785K      (-0.0%)    N777K      (-0.0%)
2026-08-08 21:26:29.165 | INFO     | __main__:run_zonal_forecast:518 -     Maize (white)         * N340K      (-0.1%)  * N351K      (-0.1%)
2026-08-08 21:26:29.166 | INFO     | __main__:run_zonal_forecast:518 -     Maize (yellow)          N367K      (-0.1%)    N380K      (-0.1%)
2026-08-08 21:26:29.167 | INFO     | __main__:run_zonal_forecast:518 -     Wheat                 * N898K      (-0.0%)    N957K      (-0.0%)
2026-08-08 21:26:29.167 | INFO     | __main__:run_zonal_forecast:518 -     Rice                  --                  --                
2026-08-08 21:26:29.167 | INFO     | __main__:run_zonal_forecast:518 -   
2026-08-08 21:26:29.168 | INFO     | __main__:run_zonal_forecast:518 -   NORTH EAST (Adamawa & Borno)
2026-08-08 21:26:29.168 | INFO     | __main__:run_zonal_forecast:518 -   Semi-arid. Sorghum, Maize. Conflict premium on imports in Borno.
2026-08-08 21:26:29.169 | INFO     | __main__:run_zonal_forecast:518 -   
2026-08-08 21:26:29.169 | INFO     | __main__:run_zonal_forecast:518 -     Commodity           Adamawa             Borno             
2026-08-08 21:26:29.170 | INFO     | __main__:run_zonal_forecast:518 -     ------------------------------------------------------------
2026-08-08 21:26:29.170 | INFO     | __main__:run_zonal_forecast:518 -     Hibiscus                N2.416M    (-0.0%)    N2.589M    (-0.0%)
2026-08-08 21:26:29.172 | INFO     | __main__:run_zonal_forecast:518 -     Sesame                * N1.192M    (-0.0%)  * N1.233M    (-0.0%)
2026-08-08 21:26:29.172 | INFO     | __main__:run_zonal_forecast:518 -     Ginger                * N7.753M    (-0.0%)    N10.742M   (-0.0%)
2026-08-08 21:26:29.173 | INFO     | __main__:run_zonal_forecast:518 -     Cocoa                   N4.804M    (+0.0%)    N5.399M    (+0.0%)
2026-08-08 21:26:29.174 | INFO     | __main__:run_zonal_forecast:518 -     Soybeans              * N698K      (-0.0%)    N847K      (-0.0%)
2026-08-08 21:26:29.174 | INFO     | __main__:run_zonal_forecast:518 -     Cashew Nuts             N1.960M    (-0.0%)    N2.168M    (-0.0%)
2026-08-08 21:26:29.175 | INFO     | __main__:run_zonal_forecast:518 -     Sorghum               * N307K      (+0.0%)  * N325K      (+0.0%)
2026-08-08 21:26:29.175 | INFO     | __main__:run_zonal_forecast:518 -     Beans (white)         * N682K      (-0.0%)  * N786K      (-0.0%)
2026-08-08 21:26:29.175 | INFO     | __main__:run_zonal_forecast:518 -     Beans (red)             N785K      (-0.0%)    N909K      (-0.0%)
2026-08-08 21:26:29.176 | INFO     | __main__:run_zonal_forecast:518 -     Maize (white)         * N344K      (-0.1%)  * N422K      (-0.1%)
2026-08-08 21:26:29.176 | INFO     | __main__:run_zonal_forecast:518 -     Maize (yellow)          N371K      (-0.1%)    N451K      (-0.1%)
2026-08-08 21:26:29.176 | INFO     | __main__:run_zonal_forecast:518 -     Wheat                   N967K      (-0.0%)  * N1.105M    (-0.0%)
2026-08-08 21:26:29.177 | INFO     | __main__:run_zonal_forecast:518 -     Rice                  --                  --                
2026-08-08 21:26:29.177 | INFO     | __main__:run_zonal_forecast:518 -   
2026-08-08 21:26:29.177 | INFO     | __main__:run_zonal_forecast:518 -   SOUTH WEST (Oyo & Lagos)
2026-08-08 21:26:29.179 | INFO     | __main__:run_zonal_forecast:518 -   Commercial capital. Lagos is the price-setter for consumer markets.
2026-08-08 21:26:29.179 | INFO     | __main__:run_zonal_forecast:518 -   
2026-08-08 21:26:29.180 | INFO     | __main__:run_zonal_forecast:518 -     Commodity           Oyo                 Lagos             
2026-08-08 21:26:29.180 | INFO     | __main__:run_zonal_forecast:518 -     ------------------------------------------------------------
2026-08-08 21:26:29.181 | INFO     | __main__:run_zonal_forecast:518 -     Hibiscus              * N2.540M    (-0.0%)  * N2.835M    (-0.0%)
2026-08-08 21:26:29.181 | INFO     | __main__:run_zonal_forecast:518 -     Sesame                  N1.469M    (-0.0%)  * N1.635M    (-0.0%)
2026-08-08 21:26:29.181 | INFO     | __main__:run_zonal_forecast:518 -     Ginger                  N10.089M   (-0.0%)    N11.210M   (-0.0%)
2026-08-08 21:26:29.182 | INFO     | __main__:run_zonal_forecast:518 -     Cocoa                 * N4.072M    (+0.0%)  * N4.942M    (+0.0%)
2026-08-08 21:26:29.182 | INFO     | __main__:run_zonal_forecast:518 -     Soybeans              * N816K      (-0.0%)  * N957K      (-0.0%)
2026-08-08 21:26:29.183 | INFO     | __main__:run_zonal_forecast:518 -     Cashew Nuts           * N1.621M    (-0.0%)    N2.074M    (-0.0%)
2026-08-08 21:26:29.183 | INFO     | __main__:run_zonal_forecast:518 -     Sorghum                 N371K      (+0.0%)    N417K      (+0.0%)
2026-08-08 21:26:29.183 | INFO     | __main__:run_zonal_forecast:518 -     Beans (white)         * N816K      (-0.0%)  * N949K      (-0.0%)
2026-08-08 21:26:29.184 | INFO     | __main__:run_zonal_forecast:518 -     Beans (red)             N925K      (-0.0%)  * N1.033M    (-0.0%)
2026-08-08 21:26:29.185 | INFO     | __main__:run_zonal_forecast:518 -     Maize (white)         * N422K      (-0.1%)  * N508K      (-0.1%)
2026-08-08 21:26:29.185 | INFO     | __main__:run_zonal_forecast:518 -     Maize (yellow)          N451K      (-0.1%)  * N542K      (-0.1%)
2026-08-08 21:26:29.185 | INFO     | __main__:run_zonal_forecast:518 -     Wheat                   N1.086M    (-0.0%)    N1.135M    (-0.0%)
2026-08-08 21:26:29.186 | INFO     | __main__:run_zonal_forecast:518 -     Rice                  --                  --                
2026-08-08 21:26:29.187 | INFO     | __main__:run_zonal_forecast:518 -   
2026-08-08 21:26:29.188 | INFO     | __main__:run_zonal_forecast:518 -   SOUTH EAST (Anambra & Imo)
2026-08-08 21:26:29.188 | INFO     | __main__:run_zonal_forecast:518 -   High consumption, low production of traded commodities. Import-dependent.
2026-08-08 21:26:29.189 | INFO     | __main__:run_zonal_forecast:518 -   
2026-08-08 21:26:29.190 | INFO     | __main__:run_zonal_forecast:518 -     Commodity           Anambra             Imo               
2026-08-08 21:26:29.190 | INFO     | __main__:run_zonal_forecast:518 -     ------------------------------------------------------------
2026-08-08 21:26:29.191 | INFO     | __main__:run_zonal_forecast:518 -     Hibiscus                N2.761M    (-0.0%)    N2.712M    (-0.0%)
2026-08-08 21:26:29.191 | INFO     | __main__:run_zonal_forecast:518 -     Sesame                  N1.607M    (-0.0%)    N1.580M    (-0.0%)
2026-08-08 21:26:29.192 | INFO     | __main__:run_zonal_forecast:518 -     Ginger                  N10.742M   (-0.0%)    N10.462M   (-0.0%)
2026-08-08 21:26:29.192 | INFO     | __main__:run_zonal_forecast:518 -     Cocoa                 * N4.804M    (+0.0%)  * N4.164M    (+0.0%)
2026-08-08 21:26:29.193 | INFO     | __main__:run_zonal_forecast:518 -     Soybeans                N894K      (-0.0%)    N878K      (-0.0%)
2026-08-08 21:26:29.193 | INFO     | __main__:run_zonal_forecast:518 -     Cashew Nuts           * N2.074M    (-0.0%)  * N1.998M    (-0.0%)
2026-08-08 21:26:29.194 | INFO     | __main__:run_zonal_forecast:518 -     Sorghum                 N403K      (+0.0%)    N396K      (+0.0%)
2026-08-08 21:26:29.194 | INFO     | __main__:run_zonal_forecast:518 -     Beans (white)         * N875K      (-0.0%)  * N853K      (-0.0%)
2026-08-08 21:26:29.195 | INFO     | __main__:run_zonal_forecast:518 -     Beans (red)           * N950K      (-0.0%)    N933K      (-0.0%)
2026-08-08 21:26:29.195 | INFO     | __main__:run_zonal_forecast:518 -     Maize (white)         * N469K      (-0.1%)  * N457K      (-0.1%)
2026-08-08 21:26:29.196 | INFO     | __main__:run_zonal_forecast:518 -     Maize (yellow)          N501K      (-0.1%)    N488K      (-0.1%)
2026-08-08 21:26:29.197 | INFO     | __main__:run_zonal_forecast:518 -     Wheat                   N1.164M    (-0.0%)    N1.145M    (-0.0%)
2026-08-08 21:26:29.197 | INFO     | __main__:run_zonal_forecast:518 -     Rice                  --                  --                
2026-08-08 21:26:29.198 | INFO     | __main__:run_zonal_forecast:518 -   
2026-08-08 21:26:29.198 | INFO     | __main__:run_zonal_forecast:518 -   SOUTH SOUTH (Rivers & Delta)
2026-08-08 21:26:29.199 | INFO     | __main__:run_zonal_forecast:518 -   Oil belt. High purchasing power. Cocoa producer (Delta).
2026-08-08 21:26:29.199 | INFO     | __main__:run_zonal_forecast:518 -   
2026-08-08 21:26:29.200 | INFO     | __main__:run_zonal_forecast:518 -     Commodity           Rivers              Delta             
2026-08-08 21:26:29.200 | INFO     | __main__:run_zonal_forecast:518 -     ------------------------------------------------------------
2026-08-08 21:26:29.201 | INFO     | __main__:run_zonal_forecast:518 -     Hibiscus              * N2.761M    (-0.0%)  * N2.663M    (-0.0%)
2026-08-08 21:26:29.201 | INFO     | __main__:run_zonal_forecast:518 -     Sesame                * N1.635M    (-0.0%)  * N1.607M    (-0.0%)
2026-08-08 21:26:29.202 | INFO     | __main__:run_zonal_forecast:518 -     Ginger                  N11.210M   (-0.0%)    N10.742M   (-0.0%)
2026-08-08 21:26:29.202 | INFO     | __main__:run_zonal_forecast:518 -     Cocoa                 * N4.804M    (+0.0%)  * N4.255M    (+0.0%)
2026-08-08 21:26:29.202 | INFO     | __main__:run_zonal_forecast:518 -     Soybeans                N925K      (-0.0%)  * N894K      (-0.0%)
2026-08-08 21:26:29.202 | INFO     | __main__:run_zonal_forecast:518 -     Cashew Nuts             N2.168M    (-0.0%)    N2.074M    (-0.0%)
2026-08-08 21:26:29.203 | INFO     | __main__:run_zonal_forecast:518 -     Sorghum                 N424K      (+0.0%)    N417K      (+0.0%)
2026-08-08 21:26:29.203 | INFO     | __main__:run_zonal_forecast:518 -     Beans (white)         * N905K      (-0.0%)  * N868K      (-0.0%)
2026-08-08 21:26:29.204 | INFO     | __main__:run_zonal_forecast:518 -     Beans (red)           * N991K      (-0.0%)    N950K      (-0.0%)
2026-08-08 21:26:29.204 | INFO     | __main__:run_zonal_forecast:518 -     Maize (white)         * N488K      (-0.1%)  * N469K      (-0.1%)
2026-08-08 21:26:29.205 | INFO     | __main__:run_zonal_forecast:518 -     Maize (yellow)          N521K      (-0.1%)    N501K      (-0.1%)
2026-08-08 21:26:29.205 | INFO     | __main__:run_zonal_forecast:518 -     Wheat                   N1.204M    (-0.0%)    N1.184M    (-0.0%)
2026-08-08 21:26:29.206 | INFO     | __main__:run_zonal_forecast:518 -     Rice                  --                  --                
2026-08-08 21:26:29.206 | INFO     | __main__:run_zonal_forecast:518 -   
2026-08-08 21:26:29.208 | INFO     | __main__:run_zonal_forecast:518 -   ==========================================================
2026-08-08 21:26:29.208 | INFO     | __main__:run_zonal_forecast:518 -   * = primary commodity  (+/-%) = day-on-day change
2026-08-08 21:26:29.208 | INFO     | __main__:run_zonal_forecast:518 -   
2026-08-08 21:26:29.209 | INFO     | __main__:run_zonal_forecast:518 -   NATIONAL PRICE CHANGES TODAY:
2026-08-08 21:26:29.209 | INFO     | __main__:run_zonal_forecast:518 -     Commodity                   Price   Day Chg    vs Ref
2026-08-08 21:26:29.210 | INFO     | __main__:run_zonal_forecast:518 -     ------------------------------------------------------
2026-08-08 21:26:29.210 | INFO     | __main__:run_zonal_forecast:518 -     Hibiscus                  N2.466M    -0.01%    -1.38%
2026-08-08 21:26:29.211 | INFO     | __main__:run_zonal_forecast:518 -     Sesame                    N1.386M    -0.02%    -2.41%
2026-08-08 21:26:29.212 | INFO     | __main__:run_zonal_forecast:518 -     Ginger                    N9.341M    -0.01%    -0.62%
2026-08-08 21:26:29.212 | INFO     | __main__:run_zonal_forecast:518 -     Cocoa                     N4.576M    +0.01%    +1.68%
2026-08-08 21:26:29.213 | INFO     | __main__:run_zonal_forecast:518 -     Soybeans                    N784K    -0.01%    -0.73%
2026-08-08 21:26:29.213 | INFO     | __main__:run_zonal_forecast:518 -     Cashew Nuts               N1.885M    -0.02%    -2.33%
2026-08-08 21:26:29.214 | INFO     | __main__:run_zonal_forecast:518 -     Sorghum                     N353K    +0.02%    +2.36%
2026-08-08 21:26:29.214 | INFO     | __main__:run_zonal_forecast:518 -     Beans (white)               N742K    -0.01%    -1.11%
2026-08-08 21:26:29.215 | INFO     | __main__:run_zonal_forecast:518 -     Beans (red)                 N826K    -0.02%    -2.81%
2026-08-08 21:26:29.215 | INFO     | __main__:run_zonal_forecast:518 -     Maize (white)               N390K    -0.13%    -1.15%
2026-08-08 21:26:29.216 | INFO     | __main__:run_zonal_forecast:518 -     Maize (yellow)              N417K    -0.10%    -0.91%
2026-08-08 21:26:29.216 | INFO     | __main__:run_zonal_forecast:518 -     Wheat                       N987K    -0.01%    -1.32%
2026-08-08 21:26:29.219 | INFO     | __main__:run_zonal_forecast:518 -     Rice                          N0K    +0.00%    +0.00%
2026-08-08 21:26:29.223 | INFO     | __main__:run_zonal_forecast:518 -   
2026-08-08 21:26:29.224 | INFO     | __main__:run_zonal_forecast:518 -   BEST SOURCING NATIONALLY:
2026-08-08 21:26:29.225 | INFO     | __main__:run_zonal_forecast:518 -     Commodity              Best State           Price  Spread
2026-08-08 21:26:29.225 | INFO     | __main__:run_zonal_forecast:518 -     ------------------------------------------------------------
2026-08-08 21:26:29.226 | INFO     | __main__:run_zonal_forecast:518 -     Hibiscus               Kaduna             N2.293M  24% vs Lagos
2026-08-08 21:26:29.227 | INFO     | __main__:run_zonal_forecast:518 -     Sesame                 Kano               N1.150M  42% vs Lagos
2026-08-08 21:26:29.227 | INFO     | __main__:run_zonal_forecast:518 -     Ginger                 Kaduna             N6.726M  67% vs Lagos
2026-08-08 21:26:29.228 | INFO     | __main__:run_zonal_forecast:518 -     Cocoa                  Kogi               N4.027M  34% vs Borno
2026-08-08 21:26:29.228 | INFO     | __main__:run_zonal_forecast:518 -     Soybeans               Plateau              N651K  47% vs Lagos
2026-08-08 21:26:29.229 | INFO     | __main__:run_zonal_forecast:518 -     Cashew Nuts            Kogi               N1.508M  44% vs Borno
2026-08-08 21:26:29.229 | INFO     | __main__:run_zonal_forecast:518 -     Sorghum                Kano                 N275K  54% vs Rivers
2026-08-08 21:26:29.230 | INFO     | __main__:run_zonal_forecast:518 -     Beans (white)          Kano                 N645K  47% vs Lagos
2026-08-08 21:26:29.230 | INFO     | __main__:run_zonal_forecast:518 -     Beans (red)            Kano                 N743K  39% vs Lagos
2026-08-08 21:26:29.231 | INFO     | __main__:run_zonal_forecast:518 -     Maize (white)          Kano                 N312K  62% vs Lagos
2026-08-08 21:26:29.231 | INFO     | __main__:run_zonal_forecast:518 -     Maize (yellow)         Kano                 N334K  62% vs Lagos
2026-08-08 21:26:29.232 | INFO     | __main__:run_zonal_forecast:518 -     Wheat                  Kaduna               N859K  40% vs Rivers
2026-08-08 21:26:29.232 | INFO     | __main__:run_zonal_forecast:518 -   
2026-08-08 21:26:29.233 | INFO     | __main__:run_zonal_forecast:518 -   ==========================================================
2026-08-08 21:26:29.233 | INFO     | __main__:run_zonal_forecast:518 -   Source: Agrolinking Intelligence Platform
2026-08-08 21:26:29.233 | INFO     | __main__:run_zonal_forecast:518 -   Next update: 09 Aug 2026
2026-08-08 21:26:29.234 | INFO     | __main__:run_zonal_forecast:519 - =================================================================
2026-08-08 21:26:29.235 | SUCCESS  | __main__:run_zonal_forecast:520 - ZONAL FORECASTING COMPLETE — 6 zones | 12 states | 13 commodities
2026-08-08 21:28:54.963 | INFO     | __main__:run_zonal_forecast:464 - =================================================================
2026-08-08 21:28:54.965 | INFO     | __main__:run_zonal_forecast:465 - STEP 7 — ZONAL & STATE-LEVEL FORECASTING
2026-08-08 21:28:54.965 | INFO     | __main__:run_zonal_forecast:466 -   Date  : Saturday, 08 August 2026  21:28
2026-08-08 21:28:54.966 | INFO     | __main__:run_zonal_forecast:467 -   Anchor: DAILY INTERPOLATED (from last_known_date, drifts daily)
2026-08-08 21:28:54.967 | INFO     | __main__:run_zonal_forecast:468 - =================================================================
2026-08-08 21:28:55.025 | INFO     | __main__:run_zonal_forecast:471 -   Source: forecast_validated_2026-08-08.json
2026-08-08 21:28:55.027 | INFO     | __main__:run_zonal_forecast:478 -   Maize (white): last_known=2023-01-16, days_elapsed=1300
2026-08-08 21:28:55.027 | INFO     | __main__:run_zonal_forecast:478 -   Hibiscus: last_known=2026-04-13, days_elapsed=117
2026-08-08 21:28:55.027 | INFO     | __main__:run_zonal_forecast:478 -   Sesame: last_known=2026-04-13, days_elapsed=117
2026-08-08 21:28:55.029 | INFO     | __main__:build_zonal_output:285 - 
2026-08-08 21:28:55.029 | INFO     | __main__:build_zonal_output:286 -   NATIONAL ANCHORS (interpolated from last_known_date to today):
2026-08-08 21:28:55.029 | INFO     | __main__:build_zonal_output:287 -   Commodity                 Today Price   Day Chg    vs Ref  Source
2026-08-08 21:28:55.030 | INFO     | __main__:build_zonal_output:288 -   --------------------------------------------------------------------------------
2026-08-08 21:28:55.030 | DEBUG    | __main__:get_daily_price:116 -   last_known=2026-04-13, run=2026-08-08, elapsed=117d
2026-08-08 21:28:55.031 | DEBUG    | __main__:get_daily_price:116 -   last_known=2026-04-13, run=2026-08-07, elapsed=116d
2026-08-08 21:28:55.032 | INFO     | __main__:build_zonal_output:318 -   Hibiscus               N   2,465,569    -0.01%   -1.38%  interp d117 (weekly series | -1.38%
2026-08-08 21:28:55.032 | DEBUG    | __main__:get_daily_price:116 -   last_known=2026-04-13, run=2026-08-08, elapsed=117d
2026-08-08 21:28:55.034 | DEBUG    | __main__:get_daily_price:116 -   last_known=2026-04-13, run=2026-08-07, elapsed=116d
2026-08-08 21:28:55.036 | INFO     | __main__:build_zonal_output:318 -   Sesame                 N   1,385,733    -0.02%   -2.41%  interp d117 (weekly series | -2.41%
2026-08-08 21:28:55.036 | DEBUG    | __main__:get_daily_price:116 -   last_known=2026-04-13, run=2026-08-08, elapsed=117d
2026-08-08 21:28:55.037 | DEBUG    | __main__:get_daily_price:116 -   last_known=2026-04-13, run=2026-08-07, elapsed=116d
2026-08-08 21:28:55.038 | INFO     | __main__:build_zonal_output:318 -   Ginger                 N   9,341,264    -0.01%   -0.62%  interp d117 (weekly series | -0.62%
2026-08-08 21:28:55.038 | DEBUG    | __main__:get_daily_price:116 -   last_known=2026-04-13, run=2026-08-08, elapsed=117d
2026-08-08 21:28:55.039 | DEBUG    | __main__:get_daily_price:116 -   last_known=2026-04-13, run=2026-08-07, elapsed=116d
2026-08-08 21:28:55.040 | INFO     | __main__:build_zonal_output:318 -   Cocoa                  N   4,575,602    +0.01%  + +1.68%  interp d117 (weekly series | +1.68%
2026-08-08 21:28:55.040 | DEBUG    | __main__:get_daily_price:116 -   last_known=2026-04-13, run=2026-08-08, elapsed=117d
2026-08-08 21:28:55.041 | DEBUG    | __main__:get_daily_price:116 -   last_known=2026-04-13, run=2026-08-07, elapsed=116d
2026-08-08 21:28:55.042 | INFO     | __main__:build_zonal_output:318 -   Soybeans               N     784,224    -0.01%   -0.73%  interp d117 (weekly series | -0.73%
2026-08-08 21:28:55.042 | DEBUG    | __main__:get_daily_price:116 -   last_known=2026-04-13, run=2026-08-08, elapsed=117d
2026-08-08 21:28:55.045 | DEBUG    | __main__:get_daily_price:116 -   last_known=2026-04-13, run=2026-08-07, elapsed=116d
2026-08-08 21:28:55.048 | INFO     | __main__:build_zonal_output:318 -   Cashew Nuts            N   1,885,030    -0.02%   -2.33%  interp d117 (weekly series | -2.33%
2026-08-08 21:28:55.049 | DEBUG    | __main__:get_daily_price:116 -   last_known=2026-04-13, run=2026-08-08, elapsed=117d
2026-08-08 21:28:55.050 | DEBUG    | __main__:get_daily_price:116 -   last_known=2026-04-13, run=2026-08-07, elapsed=116d
2026-08-08 21:28:55.052 | INFO     | __main__:build_zonal_output:318 -   Sorghum                N     353,127    +0.02%  + +2.36%  interp d117 (weekly series | +2.36%
2026-08-08 21:28:55.053 | DEBUG    | __main__:get_daily_price:116 -   last_known=2026-03-16, run=2026-08-08, elapsed=145d
2026-08-08 21:28:55.055 | DEBUG    | __main__:get_daily_price:116 -   last_known=2026-03-16, run=2026-08-07, elapsed=144d
2026-08-08 21:28:55.057 | INFO     | __main__:build_zonal_output:318 -   Beans (white)          N     741,645    -0.01%   -1.11%  interp d145 (weekly series | -1.11%
2026-08-08 21:28:55.058 | DEBUG    | __main__:get_daily_price:116 -   last_known=2026-03-16, run=2026-08-08, elapsed=145d
2026-08-08 21:28:55.059 | DEBUG    | __main__:get_daily_price:116 -   last_known=2026-03-16, run=2026-08-07, elapsed=144d
2026-08-08 21:28:55.060 | INFO     | __main__:build_zonal_output:318 -   Beans (red)            N     826,082    -0.02%   -2.81%  interp d145 (weekly series | -2.81%
2026-08-08 21:28:55.060 | DEBUG    | __main__:get_daily_price:88 -   last_known_date 2023-01-16 is stale (>2yr). Using forecast_start as anchor.
2026-08-08 21:28:55.061 | DEBUG    | __main__:get_daily_price:116 -   last_known=2023-01-16, run=2026-08-08, elapsed=7d
2026-08-08 21:28:55.062 | DEBUG    | __main__:get_daily_price:88 -   last_known_date 2023-01-16 is stale (>2yr). Using forecast_start as anchor.
2026-08-08 21:28:55.063 | DEBUG    | __main__:get_daily_price:116 -   last_known=2023-01-16, run=2026-08-07, elapsed=7d
2026-08-08 21:28:55.065 | INFO     | __main__:build_zonal_output:318 -   Maize (white)          N     390,469    -0.13%   -1.15%  interp d7 (weekly series | -1.15% v
2026-08-08 21:28:55.065 | DEBUG    | __main__:get_daily_price:88 -   last_known_date 2023-01-16 is stale (>2yr). Using forecast_start as anchor.
2026-08-08 21:28:55.065 | DEBUG    | __main__:get_daily_price:116 -   last_known=2023-01-16, run=2026-08-08, elapsed=7d
2026-08-08 21:28:55.067 | DEBUG    | __main__:get_daily_price:88 -   last_known_date 2023-01-16 is stale (>2yr). Using forecast_start as anchor.
2026-08-08 21:28:55.067 | DEBUG    | __main__:get_daily_price:116 -   last_known=2023-01-16, run=2026-08-07, elapsed=7d
2026-08-08 21:28:55.068 | INFO     | __main__:build_zonal_output:318 -   Maize (yellow)         N     417,168    -0.10%   -0.91%  interp d7 (weekly series | -0.91% v
2026-08-08 21:28:55.069 | DEBUG    | __main__:get_daily_price:116 -   last_known=2026-04-13, run=2026-08-08, elapsed=117d
2026-08-08 21:28:55.070 | DEBUG    | __main__:get_daily_price:116 -   last_known=2026-04-13, run=2026-08-07, elapsed=116d
2026-08-08 21:28:55.071 | INFO     | __main__:build_zonal_output:318 -   Wheat                  N     986,827    -0.01%   -1.32%  interp d117 (weekly series | -1.32%
2026-08-08 21:28:55.072 | INFO     | __main__:build_zonal_output:321 - 
2026-08-08 21:28:55.120 | INFO     | __main__:run_zonal_forecast:484 - 
2026-08-08 21:28:55.121 | INFO     | __main__:run_zonal_forecast:485 -   Zone             State        Commodity                 State Price  Day Chg
2026-08-08 21:28:55.121 | INFO     | __main__:run_zonal_forecast:486 -   ------------------------------------------------------------------------
2026-08-08 21:28:55.122 | INFO     | __main__:run_zonal_forecast:493 -   North West       Kano         * Sesame                N   1,150,158/MT  -0.02%
2026-08-08 21:28:55.122 | INFO     | __main__:run_zonal_forecast:493 -   North West       Kano         * Sorghum               N     275,439/MT  +0.02%
2026-08-08 21:28:55.123 | INFO     | __main__:run_zonal_forecast:493 -   North West       Kano         * Beans (white)         N     645,231/MT  -0.01%
2026-08-08 21:28:55.123 | INFO     | __main__:run_zonal_forecast:493 -   North West       Kano         * Maize (white)         N     312,375/MT  -0.13%
2026-08-08 21:28:55.123 | INFO     | __main__:run_zonal_forecast:493 -   North West       Kano         * Maize (yellow)        N     333,734/MT  -0.10%
2026-08-08 21:28:55.123 | INFO     | __main__:run_zonal_forecast:493 -   North West       Kano         * Wheat                 N     878,276/MT  -0.01%
2026-08-08 21:28:55.124 | INFO     | __main__:run_zonal_forecast:493 -   North West       Kaduna       * Ginger                N   6,725,710/MT  -0.01%
2026-08-08 21:28:55.124 | INFO     | __main__:run_zonal_forecast:493 -   North West       Kaduna       * Soybeans              N     658,748/MT  -0.01%
2026-08-08 21:28:55.124 | INFO     | __main__:run_zonal_forecast:493 -   North West       Kaduna       * Sorghum               N     282,502/MT  +0.02%
2026-08-08 21:28:55.125 | INFO     | __main__:run_zonal_forecast:493 -   North West       Kaduna       * Maize (white)         N     316,280/MT  -0.13%
2026-08-08 21:28:55.125 | INFO     | __main__:run_zonal_forecast:493 -   North West       Kaduna       * Maize (yellow)        N     337,906/MT  -0.10%
2026-08-08 21:28:55.126 | INFO     | __main__:run_zonal_forecast:493 -   North West       Kaduna       * Wheat                 N     858,540/MT  -0.01%
2026-08-08 21:28:55.126 | INFO     | __main__:run_zonal_forecast:493 -   North Central    Plateau      * Ginger                N   7,005,948/MT  -0.01%
2026-08-08 21:28:55.127 | INFO     | __main__:run_zonal_forecast:493 -   North Central    Plateau      * Soybeans              N     650,906/MT  -0.01%
2026-08-08 21:28:55.127 | INFO     | __main__:run_zonal_forecast:493 -   North Central    Plateau      * Beans (white)         N     667,480/MT  -0.01%
2026-08-08 21:28:55.127 | INFO     | __main__:run_zonal_forecast:493 -   North Central    Plateau      * Maize (white)         N     339,708/MT  -0.13%
2026-08-08 21:28:55.128 | INFO     | __main__:run_zonal_forecast:493 -   North Central    Plateau      * Wheat                 N     898,013/MT  -0.01%
2026-08-08 21:28:55.128 | INFO     | __main__:run_zonal_forecast:493 -   North Central    Kogi         * Cocoa                 N   4,026,530/MT  +0.01%
2026-08-08 21:28:55.128 | INFO     | __main__:run_zonal_forecast:493 -   North Central    Kogi         * Soybeans              N     682,275/MT  -0.01%
2026-08-08 21:28:55.129 | INFO     | __main__:run_zonal_forecast:493 -   North Central    Kogi         * Cashew Nuts           N   1,508,024/MT  -0.02%
2026-08-08 21:28:55.129 | INFO     | __main__:run_zonal_forecast:493 -   North Central    Kogi         * Sorghum               N     321,346/MT  +0.02%
2026-08-08 21:28:55.129 | INFO     | __main__:run_zonal_forecast:493 -   North Central    Kogi         * Beans (white)         N     682,313/MT  -0.01%
2026-08-08 21:28:55.130 | INFO     | __main__:run_zonal_forecast:493 -   North Central    Kogi         * Maize (white)         N     351,422/MT  -0.13%
2026-08-08 21:28:55.130 | INFO     | __main__:run_zonal_forecast:493 -   North East       Adamawa      * Sesame                N   1,191,730/MT  -0.02%
2026-08-08 21:28:55.130 | INFO     | __main__:run_zonal_forecast:493 -   North East       Adamawa      * Ginger                N   7,753,249/MT  -0.01%
2026-08-08 21:28:55.130 | INFO     | __main__:run_zonal_forecast:493 -   North East       Adamawa      * Soybeans              N     697,960/MT  -0.01%
2026-08-08 21:28:55.131 | INFO     | __main__:run_zonal_forecast:493 -   North East       Adamawa      * Sorghum               N     307,221/MT  +0.02%
2026-08-08 21:28:55.131 | INFO     | __main__:run_zonal_forecast:493 -   North East       Adamawa      * Beans (white)         N     682,313/MT  -0.01%
2026-08-08 21:28:55.132 | INFO     | __main__:run_zonal_forecast:493 -   North East       Adamawa      * Maize (white)         N     343,613/MT  -0.13%
2026-08-08 21:28:55.132 | INFO     | __main__:run_zonal_forecast:493 -   North East       Borno        * Sesame                N   1,233,302/MT  -0.02%
2026-08-08 21:28:55.133 | INFO     | __main__:run_zonal_forecast:493 -   North East       Borno        * Sorghum               N     324,877/MT  +0.02%
2026-08-08 21:28:55.133 | INFO     | __main__:run_zonal_forecast:493 -   North East       Borno        * Beans (white)         N     786,143/MT  -0.01%
2026-08-08 21:28:55.134 | INFO     | __main__:run_zonal_forecast:493 -   North East       Borno        * Maize (white)         N     421,707/MT  -0.13%
2026-08-08 21:28:55.134 | INFO     | __main__:run_zonal_forecast:493 -   North East       Borno        * Wheat                 N   1,105,247/MT  -0.01%
2026-08-08 21:28:55.134 | INFO     | __main__:run_zonal_forecast:493 -   South West       Oyo          * Hibiscus              N   2,539,536/MT  -0.01%
2026-08-08 21:28:55.135 | INFO     | __main__:run_zonal_forecast:493 -   South West       Oyo          * Cocoa                 N   4,072,286/MT  +0.01%
2026-08-08 21:28:55.135 | INFO     | __main__:run_zonal_forecast:493 -   South West       Oyo          * Soybeans              N     815,593/MT  -0.01%
2026-08-08 21:28:55.137 | INFO     | __main__:run_zonal_forecast:493 -   South West       Oyo          * Cashew Nuts           N   1,621,126/MT  -0.02%
2026-08-08 21:28:55.137 | INFO     | __main__:run_zonal_forecast:493 -   South West       Oyo          * Beans (white)         N     815,809/MT  -0.01%
2026-08-08 21:28:55.138 | INFO     | __main__:run_zonal_forecast:493 -   South West       Oyo          * Maize (white)         N     421,707/MT  -0.13%
2026-08-08 21:28:55.138 | INFO     | __main__:run_zonal_forecast:493 -   South West       Lagos        * Hibiscus              N   2,835,404/MT  -0.01%
2026-08-08 21:28:55.138 | INFO     | __main__:run_zonal_forecast:493 -   South West       Lagos        * Sesame                N   1,635,165/MT  -0.02%
2026-08-08 21:28:55.139 | INFO     | __main__:run_zonal_forecast:493 -   South West       Lagos        * Cocoa                 N   4,941,650/MT  +0.01%
2026-08-08 21:28:55.139 | INFO     | __main__:run_zonal_forecast:493 -   South West       Lagos        * Soybeans              N     956,754/MT  -0.01%
2026-08-08 21:28:55.139 | INFO     | __main__:run_zonal_forecast:493 -   South West       Lagos        * Beans (white)         N     949,305/MT  -0.01%
2026-08-08 21:28:55.140 | INFO     | __main__:run_zonal_forecast:493 -   South West       Lagos        * Beans (red)           N   1,032,603/MT  -0.02%
2026-08-08 21:28:55.140 | INFO     | __main__:run_zonal_forecast:493 -   South West       Lagos        * Maize (white)         N     507,610/MT  -0.13%
2026-08-08 21:28:55.140 | INFO     | __main__:run_zonal_forecast:493 -   South West       Lagos        * Maize (yellow)        N     542,318/MT  -0.10%
2026-08-08 21:28:55.140 | INFO     | __main__:run_zonal_forecast:493 -   South East       Anambra      * Cocoa                 N   4,804,382/MT  +0.01%
2026-08-08 21:28:55.142 | INFO     | __main__:run_zonal_forecast:493 -   South East       Anambra      * Cashew Nuts           N   2,073,533/MT  -0.02%
2026-08-08 21:28:55.142 | INFO     | __main__:run_zonal_forecast:493 -   South East       Anambra      * Beans (white)         N     875,141/MT  -0.01%
2026-08-08 21:28:55.142 | INFO     | __main__:run_zonal_forecast:493 -   South East       Anambra      * Beans (red)           N     949,994/MT  -0.02%
2026-08-08 21:28:55.143 | INFO     | __main__:run_zonal_forecast:493 -   South East       Anambra      * Maize (white)         N     468,563/MT  -0.13%
2026-08-08 21:28:55.143 | INFO     | __main__:run_zonal_forecast:493 -   South East       Imo          * Cocoa                 N   4,163,798/MT  +0.01%
2026-08-08 21:28:55.144 | INFO     | __main__:run_zonal_forecast:493 -   South East       Imo          * Cashew Nuts           N   1,998,132/MT  -0.02%
2026-08-08 21:28:55.144 | INFO     | __main__:run_zonal_forecast:493 -   South East       Imo          * Beans (white)         N     852,891/MT  -0.01%
2026-08-08 21:28:55.145 | INFO     | __main__:run_zonal_forecast:493 -   South East       Imo          * Maize (white)         N     456,849/MT  -0.13%
2026-08-08 21:28:55.145 | INFO     | __main__:run_zonal_forecast:493 -   South South      Rivers       * Hibiscus              N   2,761,437/MT  -0.01%
2026-08-08 21:28:55.145 | INFO     | __main__:run_zonal_forecast:493 -   South South      Rivers       * Sesame                N   1,635,165/MT  -0.02%
2026-08-08 21:28:55.146 | INFO     | __main__:run_zonal_forecast:493 -   South South      Rivers       * Cocoa                 N   4,804,382/MT  +0.01%
2026-08-08 21:28:55.146 | INFO     | __main__:run_zonal_forecast:493 -   South South      Rivers       * Beans (white)         N     904,807/MT  -0.01%
2026-08-08 21:28:55.146 | INFO     | __main__:run_zonal_forecast:493 -   South South      Rivers       * Beans (red)           N     991,298/MT  -0.02%
2026-08-08 21:28:55.147 | INFO     | __main__:run_zonal_forecast:493 -   South South      Rivers       * Maize (white)         N     488,087/MT  -0.13%
2026-08-08 21:28:55.147 | INFO     | __main__:run_zonal_forecast:493 -   South South      Delta        * Hibiscus              N   2,662,814/MT  -0.01%
2026-08-08 21:28:55.147 | INFO     | __main__:run_zonal_forecast:493 -   South South      Delta        * Sesame                N   1,607,450/MT  -0.02%
2026-08-08 21:28:55.148 | INFO     | __main__:run_zonal_forecast:493 -   South South      Delta        * Cocoa                 N   4,255,310/MT  +0.01%
2026-08-08 21:28:55.148 | INFO     | __main__:run_zonal_forecast:493 -   South South      Delta        * Soybeans              N     894,016/MT  -0.01%
2026-08-08 21:28:55.149 | INFO     | __main__:run_zonal_forecast:493 -   South South      Delta        * Beans (white)         N     867,724/MT  -0.01%
2026-08-08 21:28:55.149 | INFO     | __main__:run_zonal_forecast:493 -   South South      Delta        * Maize (white)         N     468,563/MT  -0.13%
2026-08-08 21:28:55.380 | SUCCESS  | __main__:run_zonal_forecast:507 -   Zonal JSON  -> C:\Users\USER\Downloads\agrolinking-intel-structure\agrolinking-intel\outputs\forecasts\zonal\zonal_forecast_2026-08-08.json
2026-08-08 21:28:55.383 | SUCCESS  | __main__:run_zonal_forecast:513 -   Zonal alert -> C:\Users\USER\Downloads\agrolinking-intel-structure\agrolinking-intel\outputs\daily_alerts\alert_zonal_2026-08-08.txt
2026-08-08 21:28:55.383 | INFO     | __main__:run_zonal_forecast:515 - 
2026-08-08 21:28:55.384 | INFO     | __main__:run_zonal_forecast:516 - =================================================================
2026-08-08 21:28:55.384 | INFO     | __main__:run_zonal_forecast:518 -   ================================================
2026-08-08 21:28:55.384 | INFO     | __main__:run_zonal_forecast:518 -   AGROLINKING ZONAL COMMODITY INTELLIGENCE
2026-08-08 21:28:55.385 | INFO     | __main__:run_zonal_forecast:518 -   Date: Saturday, 08 August 2026
2026-08-08 21:28:55.386 | INFO     | __main__:run_zonal_forecast:518 -   6 Zones | 12 States | 12 Commodities
2026-08-08 21:28:55.386 | INFO     | __main__:run_zonal_forecast:518 -   ================================================
2026-08-08 21:28:55.386 | INFO     | __main__:run_zonal_forecast:518 -   
2026-08-08 21:28:55.387 | INFO     | __main__:run_zonal_forecast:518 -   NORTH WEST (Kano & Kaduna)
2026-08-08 21:28:55.387 | INFO     | __main__:run_zonal_forecast:518 -   Nigeria's main grain belt. Highest Maize, Sorghum, Sesame, Wheat production.
2026-08-08 21:28:55.388 | INFO     | __main__:run_zonal_forecast:518 -   
2026-08-08 21:28:55.388 | INFO     | __main__:run_zonal_forecast:518 -     Commodity           Kano                Kaduna            
2026-08-08 21:28:55.389 | INFO     | __main__:run_zonal_forecast:518 -     ------------------------------------------------------------
2026-08-08 21:28:55.389 | INFO     | __main__:run_zonal_forecast:518 -     Hibiscus                N2.342M    (-0.0%)    N2.293M    (-0.0%)
2026-08-08 21:28:55.389 | INFO     | __main__:run_zonal_forecast:518 -     Sesame                * N1.150M    (-0.0%)    N1.178M    (-0.0%)
2026-08-08 21:28:55.390 | INFO     | __main__:run_zonal_forecast:518 -     Ginger                  N9.154M    (-0.0%)  * N6.726M    (-0.0%)
2026-08-08 21:28:55.390 | INFO     | __main__:run_zonal_forecast:518 -     Cocoa                   N4.667M    (+0.0%)    N4.804M    (+0.0%)
2026-08-08 21:28:55.391 | INFO     | __main__:run_zonal_forecast:518 -     Soybeans                N706K      (-0.0%)  * N659K      (-0.0%)
2026-08-08 21:28:55.391 | INFO     | __main__:run_zonal_forecast:518 -     Cashew Nuts             N1.885M    (-0.0%)    N1.923M    (-0.0%)
2026-08-08 21:28:55.392 | INFO     | __main__:run_zonal_forecast:518 -     Sorghum               * N275K      (+0.0%)  * N283K      (+0.0%)
2026-08-08 21:28:55.392 | INFO     | __main__:run_zonal_forecast:518 -     Beans (white)         * N645K      (-0.0%)    N653K      (-0.0%)
2026-08-08 21:28:55.393 | INFO     | __main__:run_zonal_forecast:518 -     Beans (red)             N743K      (-0.0%)    N752K      (-0.0%)
2026-08-08 21:28:55.394 | INFO     | __main__:run_zonal_forecast:518 -     Maize (white)         * N312K      (-0.1%)  * N316K      (-0.1%)
2026-08-08 21:28:55.394 | INFO     | __main__:run_zonal_forecast:518 -     Maize (yellow)        * N334K      (-0.1%)  * N338K      (-0.1%)
2026-08-08 21:28:55.394 | INFO     | __main__:run_zonal_forecast:518 -     Wheat                 * N878K      (-0.0%)  * N859K      (-0.0%)
2026-08-08 21:28:55.395 | INFO     | __main__:run_zonal_forecast:518 -     Rice                  --                  --                
2026-08-08 21:28:55.396 | INFO     | __main__:run_zonal_forecast:518 -   
2026-08-08 21:28:55.396 | INFO     | __main__:run_zonal_forecast:518 -   NORTH CENTRAL (Plateau & Kogi)
2026-08-08 21:28:55.397 | INFO     | __main__:run_zonal_forecast:518 -   Middle Belt. Ginger heartland (Plateau), Cashew/Cocoa belt (Kogi).
2026-08-08 21:28:55.397 | INFO     | __main__:run_zonal_forecast:518 -   
2026-08-08 21:28:55.397 | INFO     | __main__:run_zonal_forecast:518 -     Commodity           Plateau             Kogi              
2026-08-08 21:28:55.398 | INFO     | __main__:run_zonal_forecast:518 -     ------------------------------------------------------------
2026-08-08 21:28:55.398 | INFO     | __main__:run_zonal_forecast:518 -     Hibiscus                N2.392M    (-0.0%)    N2.367M    (-0.0%)
2026-08-08 21:28:55.398 | INFO     | __main__:run_zonal_forecast:518 -     Sesame                  N1.330M    (-0.0%)    N1.344M    (-0.0%)
2026-08-08 21:28:55.399 | INFO     | __main__:run_zonal_forecast:518 -     Ginger                * N7.006M    (-0.0%)    N8.781M    (-0.0%)
2026-08-08 21:28:55.400 | INFO     | __main__:run_zonal_forecast:518 -     Cocoa                   N4.942M    (+0.0%)  * N4.027M    (+0.0%)
2026-08-08 21:28:55.400 | INFO     | __main__:run_zonal_forecast:518 -     Soybeans              * N651K      (-0.0%)  * N682K      (-0.0%)
2026-08-08 21:28:55.401 | INFO     | __main__:run_zonal_forecast:518 -     Cashew Nuts             N1.979M    (-0.0%)  * N1.508M    (-0.0%)
2026-08-08 21:28:55.401 | INFO     | __main__:run_zonal_forecast:518 -     Sorghum                 N325K      (+0.0%)  * N321K      (+0.0%)
2026-08-08 21:28:55.401 | INFO     | __main__:run_zonal_forecast:518 -     Beans (white)         * N667K      (-0.0%)  * N682K      (-0.0%)
2026-08-08 21:28:55.401 | INFO     | __main__:run_zonal_forecast:518 -     Beans (red)             N785K      (-0.0%)    N777K      (-0.0%)
2026-08-08 21:28:55.402 | INFO     | __main__:run_zonal_forecast:518 -     Maize (white)         * N340K      (-0.1%)  * N351K      (-0.1%)
2026-08-08 21:28:55.403 | INFO     | __main__:run_zonal_forecast:518 -     Maize (yellow)          N367K      (-0.1%)    N380K      (-0.1%)
2026-08-08 21:28:55.403 | INFO     | __main__:run_zonal_forecast:518 -     Wheat                 * N898K      (-0.0%)    N957K      (-0.0%)
2026-08-08 21:28:55.403 | INFO     | __main__:run_zonal_forecast:518 -     Rice                  --                  --                
2026-08-08 21:28:55.405 | INFO     | __main__:run_zonal_forecast:518 -   
2026-08-08 21:28:55.405 | INFO     | __main__:run_zonal_forecast:518 -   NORTH EAST (Adamawa & Borno)
2026-08-08 21:28:55.405 | INFO     | __main__:run_zonal_forecast:518 -   Semi-arid. Sorghum, Maize. Conflict premium on imports in Borno.
2026-08-08 21:28:55.405 | INFO     | __main__:run_zonal_forecast:518 -   
2026-08-08 21:28:55.406 | INFO     | __main__:run_zonal_forecast:518 -     Commodity           Adamawa             Borno             
2026-08-08 21:28:55.407 | INFO     | __main__:run_zonal_forecast:518 -     ------------------------------------------------------------
2026-08-08 21:28:55.407 | INFO     | __main__:run_zonal_forecast:518 -     Hibiscus                N2.416M    (-0.0%)    N2.589M    (-0.0%)
2026-08-08 21:28:55.409 | INFO     | __main__:run_zonal_forecast:518 -     Sesame                * N1.192M    (-0.0%)  * N1.233M    (-0.0%)
2026-08-08 21:28:55.409 | INFO     | __main__:run_zonal_forecast:518 -     Ginger                * N7.753M    (-0.0%)    N10.742M   (-0.0%)
2026-08-08 21:28:55.409 | INFO     | __main__:run_zonal_forecast:518 -     Cocoa                   N4.804M    (+0.0%)    N5.399M    (+0.0%)
2026-08-08 21:28:55.411 | INFO     | __main__:run_zonal_forecast:518 -     Soybeans              * N698K      (-0.0%)    N847K      (-0.0%)
2026-08-08 21:28:55.411 | INFO     | __main__:run_zonal_forecast:518 -     Cashew Nuts             N1.960M    (-0.0%)    N2.168M    (-0.0%)
2026-08-08 21:28:55.411 | INFO     | __main__:run_zonal_forecast:518 -     Sorghum               * N307K      (+0.0%)  * N325K      (+0.0%)
2026-08-08 21:28:55.412 | INFO     | __main__:run_zonal_forecast:518 -     Beans (white)         * N682K      (-0.0%)  * N786K      (-0.0%)
2026-08-08 21:28:55.412 | INFO     | __main__:run_zonal_forecast:518 -     Beans (red)             N785K      (-0.0%)    N909K      (-0.0%)
2026-08-08 21:28:55.413 | INFO     | __main__:run_zonal_forecast:518 -     Maize (white)         * N344K      (-0.1%)  * N422K      (-0.1%)
2026-08-08 21:28:55.413 | INFO     | __main__:run_zonal_forecast:518 -     Maize (yellow)          N371K      (-0.1%)    N451K      (-0.1%)
2026-08-08 21:28:55.413 | INFO     | __main__:run_zonal_forecast:518 -     Wheat                   N967K      (-0.0%)  * N1.105M    (-0.0%)
2026-08-08 21:28:55.414 | INFO     | __main__:run_zonal_forecast:518 -     Rice                  --                  --                
2026-08-08 21:28:55.414 | INFO     | __main__:run_zonal_forecast:518 -   
2026-08-08 21:28:55.415 | INFO     | __main__:run_zonal_forecast:518 -   SOUTH WEST (Oyo & Lagos)
2026-08-08 21:28:55.415 | INFO     | __main__:run_zonal_forecast:518 -   Commercial capital. Lagos is the price-setter for consumer markets.
2026-08-08 21:28:55.415 | INFO     | __main__:run_zonal_forecast:518 -   
2026-08-08 21:28:55.416 | INFO     | __main__:run_zonal_forecast:518 -     Commodity           Oyo                 Lagos             
2026-08-08 21:28:55.416 | INFO     | __main__:run_zonal_forecast:518 -     ------------------------------------------------------------
2026-08-08 21:28:55.417 | INFO     | __main__:run_zonal_forecast:518 -     Hibiscus              * N2.540M    (-0.0%)  * N2.835M    (-0.0%)
2026-08-08 21:28:55.417 | INFO     | __main__:run_zonal_forecast:518 -     Sesame                  N1.469M    (-0.0%)  * N1.635M    (-0.0%)
2026-08-08 21:28:55.417 | INFO     | __main__:run_zonal_forecast:518 -     Ginger                  N10.089M   (-0.0%)    N11.210M   (-0.0%)
2026-08-08 21:28:55.418 | INFO     | __main__:run_zonal_forecast:518 -     Cocoa                 * N4.072M    (+0.0%)  * N4.942M    (+0.0%)
2026-08-08 21:28:55.418 | INFO     | __main__:run_zonal_forecast:518 -     Soybeans              * N816K      (-0.0%)  * N957K      (-0.0%)
2026-08-08 21:28:55.419 | INFO     | __main__:run_zonal_forecast:518 -     Cashew Nuts           * N1.621M    (-0.0%)    N2.074M    (-0.0%)
2026-08-08 21:28:55.419 | INFO     | __main__:run_zonal_forecast:518 -     Sorghum                 N371K      (+0.0%)    N417K      (+0.0%)
2026-08-08 21:28:55.419 | INFO     | __main__:run_zonal_forecast:518 -     Beans (white)         * N816K      (-0.0%)  * N949K      (-0.0%)
2026-08-08 21:28:55.420 | INFO     | __main__:run_zonal_forecast:518 -     Beans (red)             N925K      (-0.0%)  * N1.033M    (-0.0%)
2026-08-08 21:28:55.420 | INFO     | __main__:run_zonal_forecast:518 -     Maize (white)         * N422K      (-0.1%)  * N508K      (-0.1%)
2026-08-08 21:28:55.420 | INFO     | __main__:run_zonal_forecast:518 -     Maize (yellow)          N451K      (-0.1%)  * N542K      (-0.1%)
2026-08-08 21:28:55.420 | INFO     | __main__:run_zonal_forecast:518 -     Wheat                   N1.086M    (-0.0%)    N1.135M    (-0.0%)
2026-08-08 21:28:55.422 | INFO     | __main__:run_zonal_forecast:518 -     Rice                  --                  --                
2026-08-08 21:28:55.422 | INFO     | __main__:run_zonal_forecast:518 -   
2026-08-08 21:28:55.423 | INFO     | __main__:run_zonal_forecast:518 -   SOUTH EAST (Anambra & Imo)
2026-08-08 21:28:55.423 | INFO     | __main__:run_zonal_forecast:518 -   High consumption, low production of traded commodities. Import-dependent.
2026-08-08 21:28:55.424 | INFO     | __main__:run_zonal_forecast:518 -   
2026-08-08 21:28:55.424 | INFO     | __main__:run_zonal_forecast:518 -     Commodity           Anambra             Imo               
2026-08-08 21:28:55.425 | INFO     | __main__:run_zonal_forecast:518 -     ------------------------------------------------------------
2026-08-08 21:28:55.427 | INFO     | __main__:run_zonal_forecast:518 -     Hibiscus                N2.761M    (-0.0%)    N2.712M    (-0.0%)
2026-08-08 21:28:55.427 | INFO     | __main__:run_zonal_forecast:518 -     Sesame                  N1.607M    (-0.0%)    N1.580M    (-0.0%)
2026-08-08 21:28:55.427 | INFO     | __main__:run_zonal_forecast:518 -     Ginger                  N10.742M   (-0.0%)    N10.462M   (-0.0%)
2026-08-08 21:28:55.428 | INFO     | __main__:run_zonal_forecast:518 -     Cocoa                 * N4.804M    (+0.0%)  * N4.164M    (+0.0%)
2026-08-08 21:28:55.428 | INFO     | __main__:run_zonal_forecast:518 -     Soybeans                N894K      (-0.0%)    N878K      (-0.0%)
2026-08-08 21:28:55.429 | INFO     | __main__:run_zonal_forecast:518 -     Cashew Nuts           * N2.074M    (-0.0%)  * N1.998M    (-0.0%)
2026-08-08 21:28:55.429 | INFO     | __main__:run_zonal_forecast:518 -     Sorghum                 N403K      (+0.0%)    N396K      (+0.0%)
2026-08-08 21:28:55.430 | INFO     | __main__:run_zonal_forecast:518 -     Beans (white)         * N875K      (-0.0%)  * N853K      (-0.0%)
2026-08-08 21:28:55.430 | INFO     | __main__:run_zonal_forecast:518 -     Beans (red)           * N950K      (-0.0%)    N933K      (-0.0%)
2026-08-08 21:28:55.430 | INFO     | __main__:run_zonal_forecast:518 -     Maize (white)         * N469K      (-0.1%)  * N457K      (-0.1%)
2026-08-08 21:28:55.431 | INFO     | __main__:run_zonal_forecast:518 -     Maize (yellow)          N501K      (-0.1%)    N488K      (-0.1%)
2026-08-08 21:28:55.431 | INFO     | __main__:run_zonal_forecast:518 -     Wheat                   N1.164M    (-0.0%)    N1.145M    (-0.0%)
2026-08-08 21:28:55.432 | INFO     | __main__:run_zonal_forecast:518 -     Rice                  --                  --                
2026-08-08 21:28:55.432 | INFO     | __main__:run_zonal_forecast:518 -   
2026-08-08 21:28:55.432 | INFO     | __main__:run_zonal_forecast:518 -   SOUTH SOUTH (Rivers & Delta)
2026-08-08 21:28:55.433 | INFO     | __main__:run_zonal_forecast:518 -   Oil belt. High purchasing power. Cocoa producer (Delta).
2026-08-08 21:28:55.433 | INFO     | __main__:run_zonal_forecast:518 -   
2026-08-08 21:28:55.434 | INFO     | __main__:run_zonal_forecast:518 -     Commodity           Rivers              Delta             
2026-08-08 21:28:55.434 | INFO     | __main__:run_zonal_forecast:518 -     ------------------------------------------------------------
2026-08-08 21:28:55.434 | INFO     | __main__:run_zonal_forecast:518 -     Hibiscus              * N2.761M    (-0.0%)  * N2.663M    (-0.0%)
2026-08-08 21:28:55.434 | INFO     | __main__:run_zonal_forecast:518 -     Sesame                * N1.635M    (-0.0%)  * N1.607M    (-0.0%)
2026-08-08 21:28:55.435 | INFO     | __main__:run_zonal_forecast:518 -     Ginger                  N11.210M   (-0.0%)    N10.742M   (-0.0%)
2026-08-08 21:28:55.436 | INFO     | __main__:run_zonal_forecast:518 -     Cocoa                 * N4.804M    (+0.0%)  * N4.255M    (+0.0%)
2026-08-08 21:28:55.436 | INFO     | __main__:run_zonal_forecast:518 -     Soybeans                N925K      (-0.0%)  * N894K      (-0.0%)
2026-08-08 21:28:55.436 | INFO     | __main__:run_zonal_forecast:518 -     Cashew Nuts             N2.168M    (-0.0%)    N2.074M    (-0.0%)
2026-08-08 21:28:55.437 | INFO     | __main__:run_zonal_forecast:518 -     Sorghum                 N424K      (+0.0%)    N417K      (+0.0%)
2026-08-08 21:28:55.437 | INFO     | __main__:run_zonal_forecast:518 -     Beans (white)         * N905K      (-0.0%)  * N868K      (-0.0%)
2026-08-08 21:28:55.438 | INFO     | __main__:run_zonal_forecast:518 -     Beans (red)           * N991K      (-0.0%)    N950K      (-0.0%)
2026-08-08 21:28:55.438 | INFO     | __main__:run_zonal_forecast:518 -     Maize (white)         * N488K      (-0.1%)  * N469K      (-0.1%)
2026-08-08 21:28:55.439 | INFO     | __main__:run_zonal_forecast:518 -     Maize (yellow)          N521K      (-0.1%)    N501K      (-0.1%)
2026-08-08 21:28:55.439 | INFO     | __main__:run_zonal_forecast:518 -     Wheat                   N1.204M    (-0.0%)    N1.184M    (-0.0%)
2026-08-08 21:28:55.440 | INFO     | __main__:run_zonal_forecast:518 -     Rice                  --                  --                
2026-08-08 21:28:55.441 | INFO     | __main__:run_zonal_forecast:518 -   
2026-08-08 21:28:55.441 | INFO     | __main__:run_zonal_forecast:518 -   ==========================================================
2026-08-08 21:28:55.443 | INFO     | __main__:run_zonal_forecast:518 -   * = primary commodity  (+/-%) = day-on-day change
2026-08-08 21:28:55.443 | INFO     | __main__:run_zonal_forecast:518 -   
2026-08-08 21:28:55.443 | INFO     | __main__:run_zonal_forecast:518 -   NATIONAL PRICE CHANGES TODAY:
2026-08-08 21:28:55.444 | INFO     | __main__:run_zonal_forecast:518 -     Commodity                   Price   Day Chg    vs Ref
2026-08-08 21:28:55.444 | INFO     | __main__:run_zonal_forecast:518 -     ------------------------------------------------------
2026-08-08 21:28:55.444 | INFO     | __main__:run_zonal_forecast:518 -     Hibiscus                  N2.466M    -0.01%    -1.38%
2026-08-08 21:28:55.445 | INFO     | __main__:run_zonal_forecast:518 -     Sesame                    N1.386M    -0.02%    -2.41%
2026-08-08 21:28:55.445 | INFO     | __main__:run_zonal_forecast:518 -     Ginger                    N9.341M    -0.01%    -0.62%
2026-08-08 21:28:55.445 | INFO     | __main__:run_zonal_forecast:518 -     Cocoa                     N4.576M    +0.01%    +1.68%
2026-08-08 21:28:55.446 | INFO     | __main__:run_zonal_forecast:518 -     Soybeans                    N784K    -0.01%    -0.73%
2026-08-08 21:28:55.446 | INFO     | __main__:run_zonal_forecast:518 -     Cashew Nuts               N1.885M    -0.02%    -2.33%
2026-08-08 21:28:55.446 | INFO     | __main__:run_zonal_forecast:518 -     Sorghum                     N353K    +0.02%    +2.36%
2026-08-08 21:28:55.447 | INFO     | __main__:run_zonal_forecast:518 -     Beans (white)               N742K    -0.01%    -1.11%
2026-08-08 21:28:55.448 | INFO     | __main__:run_zonal_forecast:518 -     Beans (red)                 N826K    -0.02%    -2.81%
2026-08-08 21:28:55.448 | INFO     | __main__:run_zonal_forecast:518 -     Maize (white)               N390K    -0.13%    -1.15%
2026-08-08 21:28:55.448 | INFO     | __main__:run_zonal_forecast:518 -     Maize (yellow)              N417K    -0.10%    -0.91%
2026-08-08 21:28:55.449 | INFO     | __main__:run_zonal_forecast:518 -     Wheat                       N987K    -0.01%    -1.32%
2026-08-08 21:28:55.449 | INFO     | __main__:run_zonal_forecast:518 -     Rice                          N0K    +0.00%    +0.00%
2026-08-08 21:28:55.449 | INFO     | __main__:run_zonal_forecast:518 -   
2026-08-08 21:28:55.450 | INFO     | __main__:run_zonal_forecast:518 -   BEST SOURCING NATIONALLY:
2026-08-08 21:28:55.450 | INFO     | __main__:run_zonal_forecast:518 -     Commodity              Best State           Price  Spread
2026-08-08 21:28:55.450 | INFO     | __main__:run_zonal_forecast:518 -     ------------------------------------------------------------
2026-08-08 21:28:55.451 | INFO     | __main__:run_zonal_forecast:518 -     Hibiscus               Kaduna             N2.293M  24% vs Lagos
2026-08-08 21:28:55.451 | INFO     | __main__:run_zonal_forecast:518 -     Sesame                 Kano               N1.150M  42% vs Lagos
2026-08-08 21:28:55.452 | INFO     | __main__:run_zonal_forecast:518 -     Ginger                 Kaduna             N6.726M  67% vs Lagos
2026-08-08 21:28:55.452 | INFO     | __main__:run_zonal_forecast:518 -     Cocoa                  Kogi               N4.027M  34% vs Borno
2026-08-08 21:28:55.452 | INFO     | __main__:run_zonal_forecast:518 -     Soybeans               Plateau              N651K  47% vs Lagos
2026-08-08 21:28:55.453 | INFO     | __main__:run_zonal_forecast:518 -     Cashew Nuts            Kogi               N1.508M  44% vs Borno
2026-08-08 21:28:55.453 | INFO     | __main__:run_zonal_forecast:518 -     Sorghum                Kano                 N275K  54% vs Rivers
2026-08-08 21:28:55.453 | INFO     | __main__:run_zonal_forecast:518 -     Beans (white)          Kano                 N645K  47% vs Lagos
2026-08-08 21:28:55.454 | INFO     | __main__:run_zonal_forecast:518 -     Beans (red)            Kano                 N743K  39% vs Lagos
2026-08-08 21:28:55.454 | INFO     | __main__:run_zonal_forecast:518 -     Maize (white)          Kano                 N312K  62% vs Lagos
2026-08-08 21:28:55.455 | INFO     | __main__:run_zonal_forecast:518 -     Maize (yellow)         Kano                 N334K  62% vs Lagos
2026-08-08 21:28:55.455 | INFO     | __main__:run_zonal_forecast:518 -     Wheat                  Kaduna               N859K  40% vs Rivers
2026-08-08 21:28:55.455 | INFO     | __main__:run_zonal_forecast:518 -   
2026-08-08 21:28:55.456 | INFO     | __main__:run_zonal_forecast:518 -   ==========================================================
2026-08-08 21:28:55.456 | INFO     | __main__:run_zonal_forecast:518 -   Source: Agrolinking Intelligence Platform
2026-08-08 21:28:55.457 | INFO     | __main__:run_zonal_forecast:518 -   Next update: 09 Aug 2026
2026-08-08 21:28:55.457 | INFO     | __main__:run_zonal_forecast:519 - =================================================================
2026-08-08 21:28:55.458 | SUCCESS  | __main__:run_zonal_forecast:520 - ZONAL FORECASTING COMPLETE — 6 zones | 12 states | 13 commodities
