2026-05-31 13:15:57.410 | INFO     | __main__:run_zonal_forecast:360 - =================================================================
2026-05-31 13:15:57.413 | INFO     | __main__:run_zonal_forecast:361 - STEP 7 — ZONAL & STATE-LEVEL FORECASTING
2026-05-31 13:15:57.415 | INFO     | __main__:run_zonal_forecast:362 -   Date  : Sunday, 31 May 2026  13:15
2026-05-31 13:15:57.417 | INFO     | __main__:run_zonal_forecast:363 -   Anchor: DAILY INTERPOLATED (from last_known_date, drifts daily)
2026-05-31 13:15:57.418 | INFO     | __main__:run_zonal_forecast:364 - =================================================================
2026-05-31 13:15:57.530 | INFO     | __main__:run_zonal_forecast:367 -   Source: forecast_validated_2026-05-30.json
2026-05-31 13:15:57.534 | INFO     | __main__:run_zonal_forecast:374 -   Maize (white): last_known=2026-06-05, days_elapsed=-5
2026-05-31 13:15:57.536 | INFO     | __main__:run_zonal_forecast:374 -   Hibiscus: last_known=2026-06-05, days_elapsed=-5
2026-05-31 13:15:57.538 | INFO     | __main__:run_zonal_forecast:374 -   Sesame: last_known=2026-06-05, days_elapsed=-5
2026-05-31 13:15:57.538 | INFO     | __main__:build_zonal_output:176 - 
2026-05-31 13:15:57.540 | INFO     | __main__:build_zonal_output:177 -   NATIONAL ANCHORS (interpolated from last_known_date to today):
2026-05-31 13:15:57.540 | INFO     | __main__:build_zonal_output:178 -   Commodity                 Today Price   Day Chg    vs Ref  Source
2026-05-31 13:15:57.542 | INFO     | __main__:build_zonal_output:179 -   --------------------------------------------------------------------------------
2026-05-31 13:15:57.622 | DEBUG    | __main__:get_daily_price:81 -   last_known_date 2026-06-05 is in future. Capping to 7 days ago.
2026-05-31 13:15:57.623 | DEBUG    | __main__:get_daily_price:108 -   last_known=2026-06-05, run=2026-05-31, elapsed=7d
2026-05-31 13:15:57.624 | INFO     | __main__:build_zonal_output:215 -   Hibiscus               N   2,244,767    +0.24%   -3.45%  interp d7 (daily..weekly | -3.45% v
2026-05-31 13:15:57.627 | DEBUG    | __main__:get_daily_price:81 -   last_known_date 2026-06-05 is in future. Capping to 7 days ago.
2026-05-31 13:15:57.627 | DEBUG    | __main__:get_daily_price:108 -   last_known=2026-06-05, run=2026-05-31, elapsed=7d
2026-05-31 13:15:57.631 | INFO     | __main__:build_zonal_output:215 -   Sesame                 N   1,581,989    +3.00%   -4.12%  interp d7 (daily..weekly | -4.12% v
2026-05-31 13:15:57.633 | DEBUG    | __main__:get_daily_price:81 -   last_known_date 2026-06-05 is in future. Capping to 7 days ago.
2026-05-31 13:15:57.634 | DEBUG    | __main__:get_daily_price:108 -   last_known=2026-06-05, run=2026-05-31, elapsed=7d
2026-05-31 13:15:57.635 | INFO     | __main__:build_zonal_output:215 -   Ginger                 N  11,943,696    +3.33%   -0.47%  interp d7 (daily..weekly | -0.47% v
2026-05-31 13:15:57.636 | DEBUG    | __main__:get_daily_price:81 -   last_known_date 2026-06-05 is in future. Capping to 7 days ago.
2026-05-31 13:15:57.637 | DEBUG    | __main__:get_daily_price:108 -   last_known=2026-06-05, run=2026-05-31, elapsed=7d
2026-05-31 13:15:57.638 | INFO     | __main__:build_zonal_output:215 -   Cocoa                  N   6,176,407    -1.08%  + +9.32%  interp d7 (daily..weekly | +9.32% v
2026-05-31 13:15:57.639 | DEBUG    | __main__:get_daily_price:81 -   last_known_date 2026-06-05 is in future. Capping to 7 days ago.
2026-05-31 13:15:57.640 | DEBUG    | __main__:get_daily_price:108 -   last_known=2026-06-05, run=2026-05-31, elapsed=7d
2026-05-31 13:15:57.640 | INFO     | __main__:build_zonal_output:215 -   Soybeans               N     793,307    -0.47%  + +6.48%  interp d7 (daily..weekly | +6.48% v
2026-05-31 13:15:57.642 | DEBUG    | __main__:get_daily_price:81 -   last_known_date 2026-06-05 is in future. Capping to 7 days ago.
2026-05-31 13:15:57.643 | DEBUG    | __main__:get_daily_price:108 -   last_known=2026-06-05, run=2026-05-31, elapsed=7d
2026-05-31 13:15:57.643 | INFO     | __main__:build_zonal_output:215 -   Cashew Nuts            N   2,024,782    -0.28%  + +3.83%  interp d7 (daily..weekly | +3.83% v
2026-05-31 13:15:57.644 | DEBUG    | __main__:get_daily_price:81 -   last_known_date 2026-06-05 is in future. Capping to 7 days ago.
2026-05-31 13:15:57.645 | DEBUG    | __main__:get_daily_price:108 -   last_known=2026-06-05, run=2026-05-31, elapsed=7d
2026-05-31 13:15:57.646 | INFO     | __main__:build_zonal_output:215 -   Sorghum                N     443,188    +1.88%  + +5.52%  interp d7 (daily..weekly | +5.52% v
2026-05-31 13:15:57.650 | DEBUG    | __main__:get_daily_price:81 -   last_known_date 2026-06-05 is in future. Capping to 7 days ago.
2026-05-31 13:15:57.654 | DEBUG    | __main__:get_daily_price:108 -   last_known=2026-06-05, run=2026-05-31, elapsed=7d
2026-05-31 13:15:57.655 | INFO     | __main__:build_zonal_output:215 -   Beans (white)          N     854,993    -0.12%  + +5.17%  interp d7 (daily..weekly | +5.17% v
2026-05-31 13:15:57.658 | DEBUG    | __main__:get_daily_price:81 -   last_known_date 2026-06-05 is in future. Capping to 7 days ago.
2026-05-31 13:15:57.659 | DEBUG    | __main__:get_daily_price:108 -   last_known=2026-06-05, run=2026-05-31, elapsed=7d
2026-05-31 13:15:57.659 | INFO     | __main__:build_zonal_output:215 -   Beans (red)            N     878,207    -1.42%   -4.02%  interp d7 (daily..weekly | -4.02% v
2026-05-31 13:15:57.661 | DEBUG    | __main__:get_daily_price:81 -   last_known_date 2026-06-05 is in future. Capping to 7 days ago.
2026-05-31 13:15:57.661 | DEBUG    | __main__:get_daily_price:108 -   last_known=2026-06-05, run=2026-05-31, elapsed=7d
2026-05-31 13:15:57.661 | INFO     | __main__:build_zonal_output:215 -   Maize (white)          N     373,330    +0.24%  + +0.90%  interp d7 (daily..weekly | +0.90% v
2026-05-31 13:15:57.665 | DEBUG    | __main__:get_daily_price:81 -   last_known_date 2026-06-05 is in future. Capping to 7 days ago.
2026-05-31 13:15:57.665 | DEBUG    | __main__:get_daily_price:108 -   last_known=2026-06-05, run=2026-05-31, elapsed=7d
2026-05-31 13:15:57.666 | INFO     | __main__:build_zonal_output:215 -   Maize (yellow)         N     418,388    +0.20%  + +4.60%  interp d7 (daily..weekly | +4.60% v
2026-05-31 13:15:57.668 | DEBUG    | __main__:get_daily_price:81 -   last_known_date 2026-06-05 is in future. Capping to 7 days ago.
2026-05-31 13:15:57.668 | DEBUG    | __main__:get_daily_price:108 -   last_known=2026-06-05, run=2026-05-31, elapsed=7d
2026-05-31 13:15:57.670 | INFO     | __main__:build_zonal_output:215 -   Wheat                  N     729,471    -0.21%  + +3.20%  interp d7 (daily..weekly | +3.20% v
2026-05-31 13:15:57.672 | DEBUG    | __main__:get_daily_price:81 -   last_known_date 2026-06-05 is in future. Capping to 7 days ago.
2026-05-31 13:15:57.672 | DEBUG    | __main__:get_daily_price:108 -   last_known=2026-06-05, run=2026-05-31, elapsed=7d
2026-05-31 13:15:57.672 | INFO     | __main__:build_zonal_output:215 -   Rice                   N   1,625,255    -0.33%  + +4.86%  interp d7 (daily..weekly | +4.86% v
2026-05-31 13:15:57.674 | INFO     | __main__:build_zonal_output:218 - 
2026-05-31 13:15:57.786 | INFO     | __main__:run_zonal_forecast:380 - 
2026-05-31 13:15:57.787 | INFO     | __main__:run_zonal_forecast:381 -   Zone             State        Commodity                 State Price  Day Chg
2026-05-31 13:15:57.788 | INFO     | __main__:run_zonal_forecast:382 -   ------------------------------------------------------------------------
2026-05-31 13:15:57.788 | INFO     | __main__:run_zonal_forecast:389 -   North West       Kano         * Sesame                N   1,313,051/MT  +3.00%
2026-05-31 13:15:57.789 | INFO     | __main__:run_zonal_forecast:389 -   North West       Kano         * Sorghum               N     345,687/MT  +1.88%
2026-05-31 13:15:57.790 | INFO     | __main__:run_zonal_forecast:389 -   North West       Kano         * Beans (white)         N     743,844/MT  -0.12%
2026-05-31 13:15:57.791 | INFO     | __main__:run_zonal_forecast:389 -   North West       Kano         * Maize (white)         N     298,664/MT  +0.24%
2026-05-31 13:15:57.792 | INFO     | __main__:run_zonal_forecast:389 -   North West       Kano         * Maize (yellow)        N     334,710/MT  +0.20%
2026-05-31 13:15:57.793 | INFO     | __main__:run_zonal_forecast:389 -   North West       Kano         * Wheat                 N     649,229/MT  -0.21%
2026-05-31 13:15:57.795 | INFO     | __main__:run_zonal_forecast:389 -   North West       Kaduna       * Ginger                N   8,599,461/MT  +3.33%
2026-05-31 13:15:57.796 | INFO     | __main__:run_zonal_forecast:389 -   North West       Kaduna       * Soybeans              N     666,378/MT  -0.47%
2026-05-31 13:15:57.797 | INFO     | __main__:run_zonal_forecast:389 -   North West       Kaduna       * Sorghum               N     354,550/MT  +1.88%
2026-05-31 13:15:57.800 | INFO     | __main__:run_zonal_forecast:389 -   North West       Kaduna       * Maize (white)         N     302,397/MT  +0.24%
2026-05-31 13:15:57.801 | INFO     | __main__:run_zonal_forecast:389 -   North West       Kaduna       * Maize (yellow)        N     338,894/MT  +0.20%
2026-05-31 13:15:57.802 | INFO     | __main__:run_zonal_forecast:389 -   North West       Kaduna       * Wheat                 N     634,640/MT  -0.21%
2026-05-31 13:15:57.805 | INFO     | __main__:run_zonal_forecast:389 -   North West       Kaduna       * Rice                  N   1,511,487/MT  -0.33%
2026-05-31 13:15:57.807 | INFO     | __main__:run_zonal_forecast:389 -   North Central    Plateau      * Ginger                N   8,957,772/MT  +3.33%
2026-05-31 13:15:57.809 | INFO     | __main__:run_zonal_forecast:389 -   North Central    Plateau      * Soybeans              N     658,445/MT  -0.47%
2026-05-31 13:15:57.810 | INFO     | __main__:run_zonal_forecast:389 -   North Central    Plateau      * Beans (white)         N     769,494/MT  -0.12%
2026-05-31 13:15:57.811 | INFO     | __main__:run_zonal_forecast:389 -   North Central    Plateau      * Maize (white)         N     324,797/MT  +0.24%
2026-05-31 13:15:57.812 | INFO     | __main__:run_zonal_forecast:389 -   North Central    Plateau      * Wheat                 N     663,819/MT  -0.21%
2026-05-31 13:15:57.814 | INFO     | __main__:run_zonal_forecast:389 -   North Central    Plateau      * Rice                  N   1,462,729/MT  -0.33%
2026-05-31 13:15:57.817 | INFO     | __main__:run_zonal_forecast:389 -   North Central    Kogi         * Cocoa                 N   5,435,238/MT  -1.08%
2026-05-31 13:15:57.818 | INFO     | __main__:run_zonal_forecast:389 -   North Central    Kogi         * Soybeans              N     690,177/MT  -0.47%
2026-05-31 13:15:57.822 | INFO     | __main__:run_zonal_forecast:389 -   North Central    Kogi         * Cashew Nuts           N   1,619,826/MT  -0.28%
2026-05-31 13:15:57.825 | INFO     | __main__:run_zonal_forecast:389 -   North Central    Kogi         * Sorghum               N     403,301/MT  +1.88%
2026-05-31 13:15:57.826 | INFO     | __main__:run_zonal_forecast:389 -   North Central    Kogi         * Beans (white)         N     786,594/MT  -0.12%
2026-05-31 13:15:57.826 | INFO     | __main__:run_zonal_forecast:389 -   North Central    Kogi         * Maize (white)         N     335,997/MT  +0.24%
2026-05-31 13:15:57.828 | INFO     | __main__:run_zonal_forecast:389 -   North East       Adamawa      * Sesame                N   1,360,511/MT  +3.00%
2026-05-31 13:15:57.829 | INFO     | __main__:run_zonal_forecast:389 -   North East       Adamawa      * Ginger                N   9,913,268/MT  +3.33%
2026-05-31 13:15:57.831 | INFO     | __main__:run_zonal_forecast:389 -   North East       Adamawa      * Soybeans              N     706,044/MT  -0.47%
2026-05-31 13:15:57.833 | INFO     | __main__:run_zonal_forecast:389 -   North East       Adamawa      * Sorghum               N     385,574/MT  +1.88%
2026-05-31 13:15:57.834 | INFO     | __main__:run_zonal_forecast:389 -   North East       Adamawa      * Beans (white)         N     786,594/MT  -0.12%
2026-05-31 13:15:57.836 | INFO     | __main__:run_zonal_forecast:389 -   North East       Adamawa      * Maize (white)         N     328,530/MT  +0.24%
2026-05-31 13:15:57.837 | INFO     | __main__:run_zonal_forecast:389 -   North East       Borno        * Sesame                N   1,407,970/MT  +3.00%
2026-05-31 13:15:57.838 | INFO     | __main__:run_zonal_forecast:389 -   North East       Borno        * Sorghum               N     407,733/MT  +1.88%
2026-05-31 13:15:57.840 | INFO     | __main__:run_zonal_forecast:389 -   North East       Borno        * Beans (white)         N     906,293/MT  -0.12%
2026-05-31 13:15:57.840 | INFO     | __main__:run_zonal_forecast:389 -   North East       Borno        * Maize (white)         N     403,196/MT  +0.24%
2026-05-31 13:15:57.842 | INFO     | __main__:run_zonal_forecast:389 -   North East       Borno        * Wheat                 N     817,008/MT  -0.21%
2026-05-31 13:15:57.842 | INFO     | __main__:run_zonal_forecast:389 -   South West       Oyo          * Hibiscus              N   2,312,110/MT  +0.24%
2026-05-31 13:15:57.844 | INFO     | __main__:run_zonal_forecast:389 -   South West       Oyo          * Cocoa                 N   5,497,002/MT  -1.08%
2026-05-31 13:15:57.844 | INFO     | __main__:run_zonal_forecast:389 -   South West       Oyo          * Soybeans              N     825,040/MT  -0.47%
2026-05-31 13:15:57.848 | INFO     | __main__:run_zonal_forecast:389 -   South West       Oyo          * Cashew Nuts           N   1,741,313/MT  -0.28%
2026-05-31 13:15:57.849 | INFO     | __main__:run_zonal_forecast:389 -   South West       Oyo          * Beans (white)         N     940,493/MT  -0.12%
2026-05-31 13:15:57.850 | INFO     | __main__:run_zonal_forecast:389 -   South West       Oyo          * Maize (white)         N     403,196/MT  +0.24%
2026-05-31 13:15:57.851 | INFO     | __main__:run_zonal_forecast:389 -   South West       Lagos        * Hibiscus              N   2,581,482/MT  +0.24%
2026-05-31 13:15:57.852 | INFO     | __main__:run_zonal_forecast:389 -   South West       Lagos        * Sesame                N   1,866,747/MT  +3.00%
2026-05-31 13:15:57.852 | INFO     | __main__:run_zonal_forecast:389 -   South West       Lagos        * Cocoa                 N   6,670,520/MT  -1.08%
2026-05-31 13:15:57.854 | INFO     | __main__:run_zonal_forecast:389 -   South West       Lagos        * Soybeans              N     967,835/MT  -0.47%
2026-05-31 13:15:57.855 | INFO     | __main__:run_zonal_forecast:389 -   South West       Lagos        * Beans (white)         N   1,094,391/MT  -0.12%
2026-05-31 13:15:57.860 | INFO     | __main__:run_zonal_forecast:389 -   South West       Lagos        * Beans (red)           N   1,097,759/MT  -1.42%
2026-05-31 13:15:57.862 | INFO     | __main__:run_zonal_forecast:389 -   South West       Lagos        * Maize (white)         N     485,328/MT  +0.24%
2026-05-31 13:15:57.865 | INFO     | __main__:run_zonal_forecast:389 -   South West       Lagos        * Maize (yellow)        N     543,904/MT  +0.20%
2026-05-31 13:15:57.870 | INFO     | __main__:run_zonal_forecast:389 -   South East       Anambra      * Cocoa                 N   6,485,228/MT  -1.08%
2026-05-31 13:15:57.871 | INFO     | __main__:run_zonal_forecast:389 -   South East       Anambra      * Cashew Nuts           N   2,227,261/MT  -0.28%
2026-05-31 13:15:57.874 | INFO     | __main__:run_zonal_forecast:389 -   South East       Anambra      * Beans (white)         N   1,008,892/MT  -0.12%
2026-05-31 13:15:57.875 | INFO     | __main__:run_zonal_forecast:389 -   South East       Anambra      * Beans (red)           N   1,009,938/MT  -1.42%
2026-05-31 13:15:57.877 | INFO     | __main__:run_zonal_forecast:389 -   South East       Anambra      * Maize (white)         N     447,995/MT  +0.24%
2026-05-31 13:15:57.878 | INFO     | __main__:run_zonal_forecast:389 -   South East       Imo          * Cocoa                 N   5,620,531/MT  -1.08%
2026-05-31 13:15:57.879 | INFO     | __main__:run_zonal_forecast:389 -   South East       Imo          * Cashew Nuts           N   2,146,269/MT  -0.28%
2026-05-31 13:15:57.880 | INFO     | __main__:run_zonal_forecast:389 -   South East       Imo          * Beans (white)         N     983,242/MT  -0.12%
2026-05-31 13:15:57.881 | INFO     | __main__:run_zonal_forecast:389 -   South East       Imo          * Maize (white)         N     436,796/MT  +0.24%
2026-05-31 13:15:57.884 | INFO     | __main__:run_zonal_forecast:389 -   South South      Rivers       * Hibiscus              N   2,514,139/MT  +0.24%
2026-05-31 13:15:57.885 | INFO     | __main__:run_zonal_forecast:389 -   South South      Rivers       * Sesame                N   1,866,747/MT  +3.00%
2026-05-31 13:15:57.887 | INFO     | __main__:run_zonal_forecast:389 -   South South      Rivers       * Cocoa                 N   6,485,228/MT  -1.08%
2026-05-31 13:15:57.891 | INFO     | __main__:run_zonal_forecast:389 -   South South      Rivers       * Beans (white)         N   1,043,092/MT  -0.12%
2026-05-31 13:15:57.893 | INFO     | __main__:run_zonal_forecast:389 -   South South      Rivers       * Beans (red)           N   1,053,849/MT  -1.42%
2026-05-31 13:15:57.893 | INFO     | __main__:run_zonal_forecast:389 -   South South      Rivers       * Maize (white)         N     466,662/MT  +0.24%
2026-05-31 13:15:57.895 | INFO     | __main__:run_zonal_forecast:389 -   South South      Delta        * Hibiscus              N   2,424,348/MT  +0.24%
2026-05-31 13:15:57.898 | INFO     | __main__:run_zonal_forecast:389 -   South South      Delta        * Sesame                N   1,835,107/MT  +3.00%
2026-05-31 13:15:57.900 | INFO     | __main__:run_zonal_forecast:389 -   South South      Delta        * Cocoa                 N   5,744,059/MT  -1.08%
2026-05-31 13:15:57.901 | INFO     | __main__:run_zonal_forecast:389 -   South South      Delta        * Soybeans              N     904,370/MT  -0.47%
2026-05-31 13:15:57.902 | INFO     | __main__:run_zonal_forecast:389 -   South South      Delta        * Beans (white)         N   1,000,342/MT  -0.12%
2026-05-31 13:15:57.908 | INFO     | __main__:run_zonal_forecast:389 -   South South      Delta        * Maize (white)         N     447,995/MT  +0.24%
2026-05-31 13:15:58.607 | SUCCESS  | __main__:run_zonal_forecast:403 -   Zonal JSON  -> C:\Users\USER\Downloads\agrolinking-intel-structure\agrolinking-intel\outputs\forecasts\zonal\zonal_forecast_2026-05-31.json
2026-05-31 13:15:58.612 | SUCCESS  | __main__:run_zonal_forecast:409 -   Zonal alert -> C:\Users\USER\Downloads\agrolinking-intel-structure\agrolinking-intel\outputs\daily_alerts\alert_zonal_2026-05-31.txt
2026-05-31 13:15:58.613 | INFO     | __main__:run_zonal_forecast:411 - 
2026-05-31 13:15:58.616 | INFO     | __main__:run_zonal_forecast:412 - =================================================================
2026-05-31 13:15:58.617 | INFO     | __main__:run_zonal_forecast:414 -   ================================================
2026-05-31 13:15:58.618 | INFO     | __main__:run_zonal_forecast:414 -   AGROLINKING ZONAL COMMODITY INTELLIGENCE
2026-05-31 13:15:58.620 | INFO     | __main__:run_zonal_forecast:414 -   Date: Sunday, 31 May 2026
2026-05-31 13:15:58.621 | INFO     | __main__:run_zonal_forecast:414 -   6 Zones | 12 States | 12 Commodities
2026-05-31 13:15:58.622 | INFO     | __main__:run_zonal_forecast:414 -   ================================================
2026-05-31 13:15:58.623 | INFO     | __main__:run_zonal_forecast:414 -   
2026-05-31 13:15:58.624 | INFO     | __main__:run_zonal_forecast:414 -   NORTH WEST (Kano & Kaduna)
2026-05-31 13:15:58.625 | INFO     | __main__:run_zonal_forecast:414 -   Nigeria's main grain belt. Highest Maize, Sorghum, Sesame, Wheat production.
2026-05-31 13:15:58.626 | INFO     | __main__:run_zonal_forecast:414 -   
2026-05-31 13:15:58.627 | INFO     | __main__:run_zonal_forecast:414 -     Commodity           Kano                Kaduna            
2026-05-31 13:15:58.627 | INFO     | __main__:run_zonal_forecast:414 -     ------------------------------------------------------------
2026-05-31 13:15:58.628 | INFO     | __main__:run_zonal_forecast:414 -     Hibiscus                N2.13M     (+0.2%)    N2.09M     (+0.2%)
2026-05-31 13:15:58.629 | INFO     | __main__:run_zonal_forecast:414 -     Sesame                * N1.31M     (+3.0%)    N1.34M     (+3.0%)
2026-05-31 13:15:58.629 | INFO     | __main__:run_zonal_forecast:414 -     Ginger                  N11.70M    (+3.3%)  * N8.60M     (+3.3%)
2026-05-31 13:15:58.630 | INFO     | __main__:run_zonal_forecast:414 -     Cocoa                   N6.30M     (-1.1%)    N6.49M     (-1.1%)
2026-05-31 13:15:58.631 | INFO     | __main__:run_zonal_forecast:414 -     Soybeans                N714K      (-0.5%)  * N666K      (-0.5%)
2026-05-31 13:15:58.631 | INFO     | __main__:run_zonal_forecast:414 -     Cashew Nuts             N2.02M     (-0.3%)    N2.07M     (-0.3%)
2026-05-31 13:15:58.633 | INFO     | __main__:run_zonal_forecast:414 -     Sorghum               * N346K      (+1.9%)  * N355K      (+1.9%)
2026-05-31 13:15:58.633 | INFO     | __main__:run_zonal_forecast:414 -     Beans (white)         * N744K      (-0.1%)    N752K      (-0.1%)
2026-05-31 13:15:58.635 | INFO     | __main__:run_zonal_forecast:414 -     Beans (red)             N790K      (-1.4%)    N799K      (-1.4%)
2026-05-31 13:15:58.635 | INFO     | __main__:run_zonal_forecast:414 -     Maize (white)         * N299K      (+0.2%)  * N302K      (+0.2%)
2026-05-31 13:15:58.635 | INFO     | __main__:run_zonal_forecast:414 -     Maize (yellow)        * N335K      (+0.2%)  * N339K      (+0.2%)
2026-05-31 13:15:58.637 | INFO     | __main__:run_zonal_forecast:414 -     Wheat                 * N649K      (-0.2%)  * N635K      (-0.2%)
2026-05-31 13:15:58.639 | INFO     | __main__:run_zonal_forecast:414 -     Rice                    N1.54M     (-0.3%)  * N1.51M     (-0.3%)
2026-05-31 13:15:58.639 | INFO     | __main__:run_zonal_forecast:414 -   
2026-05-31 13:15:58.641 | INFO     | __main__:run_zonal_forecast:414 -   NORTH CENTRAL (Plateau & Kogi)
2026-05-31 13:15:58.641 | INFO     | __main__:run_zonal_forecast:414 -   Middle Belt. Ginger heartland (Plateau), Cashew/Cocoa belt (Kogi).
2026-05-31 13:15:58.641 | INFO     | __main__:run_zonal_forecast:414 -   
2026-05-31 13:15:58.643 | INFO     | __main__:run_zonal_forecast:414 -     Commodity           Plateau             Kogi              
2026-05-31 13:15:58.643 | INFO     | __main__:run_zonal_forecast:414 -     ------------------------------------------------------------
2026-05-31 13:15:58.643 | INFO     | __main__:run_zonal_forecast:414 -     Hibiscus                N2.18M     (+0.2%)    N2.15M     (+0.2%)
2026-05-31 13:15:58.643 | INFO     | __main__:run_zonal_forecast:414 -     Sesame                  N1.52M     (+3.0%)    N1.53M     (+3.0%)
2026-05-31 13:15:58.646 | INFO     | __main__:run_zonal_forecast:414 -     Ginger                * N8.96M     (+3.3%)    N11.23M    (+3.3%)
2026-05-31 13:15:58.647 | INFO     | __main__:run_zonal_forecast:414 -     Cocoa                   N6.67M     (-1.1%)  * N5.44M     (-1.1%)
2026-05-31 13:15:58.649 | INFO     | __main__:run_zonal_forecast:414 -     Soybeans              * N658K      (-0.5%)  * N690K      (-0.5%)
2026-05-31 13:15:58.649 | INFO     | __main__:run_zonal_forecast:414 -     Cashew Nuts             N2.13M     (-0.3%)  * N1.62M     (-0.3%)
2026-05-31 13:15:58.650 | INFO     | __main__:run_zonal_forecast:414 -     Sorghum                 N408K      (+1.9%)  * N403K      (+1.9%)
2026-05-31 13:15:58.651 | INFO     | __main__:run_zonal_forecast:414 -     Beans (white)         * N769K      (-0.1%)  * N787K      (-0.1%)
2026-05-31 13:15:58.652 | INFO     | __main__:run_zonal_forecast:414 -     Beans (red)             N834K      (-1.4%)    N826K      (-1.4%)
2026-05-31 13:15:58.652 | INFO     | __main__:run_zonal_forecast:414 -     Maize (white)         * N325K      (+0.2%)  * N336K      (+0.2%)
2026-05-31 13:15:58.653 | INFO     | __main__:run_zonal_forecast:414 -     Maize (yellow)          N368K      (+0.2%)    N381K      (+0.2%)
2026-05-31 13:15:58.654 | INFO     | __main__:run_zonal_forecast:414 -     Wheat                 * N664K      (-0.2%)    N708K      (-0.2%)
2026-05-31 13:15:58.654 | INFO     | __main__:run_zonal_forecast:414 -     Rice                  * N1.46M     (-0.3%)    N1.58M     (-0.3%)
2026-05-31 13:15:58.656 | INFO     | __main__:run_zonal_forecast:414 -   
2026-05-31 13:15:58.656 | INFO     | __main__:run_zonal_forecast:414 -   NORTH EAST (Adamawa & Borno)
2026-05-31 13:15:58.660 | INFO     | __main__:run_zonal_forecast:414 -   Semi-arid. Sorghum, Maize. Conflict premium on imports in Borno.
2026-05-31 13:15:58.662 | INFO     | __main__:run_zonal_forecast:414 -   
2026-05-31 13:15:58.667 | INFO     | __main__:run_zonal_forecast:414 -     Commodity           Adamawa             Borno             
2026-05-31 13:15:58.668 | INFO     | __main__:run_zonal_forecast:414 -     ------------------------------------------------------------
2026-05-31 13:15:58.671 | INFO     | __main__:run_zonal_forecast:414 -     Hibiscus                N2.20M     (+0.2%)    N2.36M     (+0.2%)
2026-05-31 13:15:58.671 | INFO     | __main__:run_zonal_forecast:414 -     Sesame                * N1.36M     (+3.0%)  * N1.41M     (+3.0%)
2026-05-31 13:15:58.671 | INFO     | __main__:run_zonal_forecast:414 -     Ginger                * N9.91M     (+3.3%)    N13.74M    (+3.3%)
2026-05-31 13:15:58.673 | INFO     | __main__:run_zonal_forecast:414 -     Cocoa                   N6.49M     (-1.1%)    N7.29M     (-1.1%)
2026-05-31 13:15:58.673 | INFO     | __main__:run_zonal_forecast:414 -     Soybeans              * N706K      (-0.5%)    N857K      (-0.5%)
2026-05-31 13:15:58.673 | INFO     | __main__:run_zonal_forecast:414 -     Cashew Nuts             N2.11M     (-0.3%)    N2.33M     (-0.3%)
2026-05-31 13:15:58.676 | INFO     | __main__:run_zonal_forecast:414 -     Sorghum               * N386K      (+1.9%)  * N408K      (+1.9%)
2026-05-31 13:15:58.676 | INFO     | __main__:run_zonal_forecast:414 -     Beans (white)         * N787K      (-0.1%)  * N906K      (-0.1%)
2026-05-31 13:15:58.676 | INFO     | __main__:run_zonal_forecast:414 -     Beans (red)             N834K      (-1.4%)    N966K      (-1.4%)
2026-05-31 13:15:58.678 | INFO     | __main__:run_zonal_forecast:414 -     Maize (white)         * N329K      (+0.2%)  * N403K      (+0.2%)
2026-05-31 13:15:58.678 | INFO     | __main__:run_zonal_forecast:414 -     Maize (yellow)          N372K      (+0.2%)    N452K      (+0.2%)
2026-05-31 13:15:58.678 | INFO     | __main__:run_zonal_forecast:414 -     Wheat                   N715K      (-0.2%)  * N817K      (-0.2%)
2026-05-31 13:15:58.678 | INFO     | __main__:run_zonal_forecast:414 -     Rice                    N1.66M     (-0.3%)    N1.79M     (-0.3%)
2026-05-31 13:15:58.681 | INFO     | __main__:run_zonal_forecast:414 -   
2026-05-31 13:15:58.681 | INFO     | __main__:run_zonal_forecast:414 -   SOUTH WEST (Oyo & Lagos)
2026-05-31 13:15:58.683 | INFO     | __main__:run_zonal_forecast:414 -   Commercial capital. Lagos is the price-setter for consumer markets.
2026-05-31 13:15:58.683 | INFO     | __main__:run_zonal_forecast:414 -   
2026-05-31 13:15:58.684 | INFO     | __main__:run_zonal_forecast:414 -     Commodity           Oyo                 Lagos             
2026-05-31 13:15:58.685 | INFO     | __main__:run_zonal_forecast:414 -     ------------------------------------------------------------
2026-05-31 13:15:58.686 | INFO     | __main__:run_zonal_forecast:414 -     Hibiscus              * N2.31M     (+0.2%)  * N2.58M     (+0.2%)
2026-05-31 13:15:58.686 | INFO     | __main__:run_zonal_forecast:414 -     Sesame                  N1.68M     (+3.0%)  * N1.87M     (+3.0%)
2026-05-31 13:15:58.688 | INFO     | __main__:run_zonal_forecast:414 -     Ginger                  N12.90M    (+3.3%)    N14.33M    (+3.3%)
2026-05-31 13:15:58.688 | INFO     | __main__:run_zonal_forecast:414 -     Cocoa                 * N5.50M     (-1.1%)  * N6.67M     (-1.1%)
2026-05-31 13:15:58.690 | INFO     | __main__:run_zonal_forecast:414 -     Soybeans              * N825K      (-0.5%)  * N968K      (-0.5%)
2026-05-31 13:15:58.690 | INFO     | __main__:run_zonal_forecast:414 -     Cashew Nuts           * N1.74M     (-0.3%)    N2.23M     (-0.3%)
2026-05-31 13:15:58.690 | INFO     | __main__:run_zonal_forecast:414 -     Sorghum                 N465K      (+1.9%)    N523K      (+1.9%)
2026-05-31 13:15:58.690 | INFO     | __main__:run_zonal_forecast:414 -     Beans (white)         * N940K      (-0.1%)  * N1.09M     (-0.1%)
2026-05-31 13:15:58.690 | INFO     | __main__:run_zonal_forecast:414 -     Beans (red)             N984K      (-1.4%)  * N1.10M     (-1.4%)
2026-05-31 13:15:58.694 | INFO     | __main__:run_zonal_forecast:414 -     Maize (white)         * N403K      (+0.2%)  * N485K      (+0.2%)
2026-05-31 13:15:58.694 | INFO     | __main__:run_zonal_forecast:414 -     Maize (yellow)          N452K      (+0.2%)  * N544K      (+0.2%)
2026-05-31 13:15:58.694 | INFO     | __main__:run_zonal_forecast:414 -     Wheat                   N802K      (-0.2%)    N839K      (-0.2%)
2026-05-31 13:15:58.696 | INFO     | __main__:run_zonal_forecast:414 -     Rice                    N1.76M     (-0.3%)    N1.92M     (-0.3%)
2026-05-31 13:15:58.697 | INFO     | __main__:run_zonal_forecast:414 -   
2026-05-31 13:15:58.698 | INFO     | __main__:run_zonal_forecast:414 -   SOUTH EAST (Anambra & Imo)
2026-05-31 13:15:58.699 | INFO     | __main__:run_zonal_forecast:414 -   High consumption, low production of traded commodities. Import-dependent.
2026-05-31 13:15:58.700 | INFO     | __main__:run_zonal_forecast:414 -   
2026-05-31 13:15:58.701 | INFO     | __main__:run_zonal_forecast:414 -     Commodity           Anambra             Imo               
2026-05-31 13:15:58.703 | INFO     | __main__:run_zonal_forecast:414 -     ------------------------------------------------------------
2026-05-31 13:15:58.706 | INFO     | __main__:run_zonal_forecast:414 -     Hibiscus                N2.51M     (+0.2%)    N2.47M     (+0.2%)
2026-05-31 13:15:58.708 | INFO     | __main__:run_zonal_forecast:414 -     Sesame                  N1.84M     (+3.0%)    N1.80M     (+3.0%)
2026-05-31 13:15:58.708 | INFO     | __main__:run_zonal_forecast:414 -     Ginger                  N13.74M    (+3.3%)    N13.38M    (+3.3%)
2026-05-31 13:15:58.710 | INFO     | __main__:run_zonal_forecast:414 -     Cocoa                 * N6.49M     (-1.1%)  * N5.62M     (-1.1%)
2026-05-31 13:15:58.710 | INFO     | __main__:run_zonal_forecast:414 -     Soybeans                N904K      (-0.5%)    N889K      (-0.5%)
2026-05-31 13:15:58.712 | INFO     | __main__:run_zonal_forecast:414 -     Cashew Nuts           * N2.23M     (-0.3%)  * N2.15M     (-0.3%)
2026-05-31 13:15:58.714 | INFO     | __main__:run_zonal_forecast:414 -     Sorghum                 N505K      (+1.9%)    N496K      (+1.9%)
2026-05-31 13:15:58.715 | INFO     | __main__:run_zonal_forecast:414 -     Beans (white)         * N1.01M     (-0.1%)  * N983K      (-0.1%)
2026-05-31 13:15:58.717 | INFO     | __main__:run_zonal_forecast:414 -     Beans (red)           * N1.01M     (-1.4%)    N992K      (-1.4%)
2026-05-31 13:15:58.722 | INFO     | __main__:run_zonal_forecast:414 -     Maize (white)         * N448K      (+0.2%)  * N437K      (+0.2%)
2026-05-31 13:15:58.726 | INFO     | __main__:run_zonal_forecast:414 -     Maize (yellow)          N502K      (+0.2%)    N490K      (+0.2%)
2026-05-31 13:15:58.728 | INFO     | __main__:run_zonal_forecast:414 -     Wheat                   N861K      (-0.2%)    N846K      (-0.2%)
2026-05-31 13:15:58.728 | INFO     | __main__:run_zonal_forecast:414 -     Rice                    N1.82M     (-0.3%)    N1.79M     (-0.3%)
2026-05-31 13:15:58.728 | INFO     | __main__:run_zonal_forecast:414 -   
2026-05-31 13:15:58.733 | INFO     | __main__:run_zonal_forecast:414 -   SOUTH SOUTH (Rivers & Delta)
2026-05-31 13:15:58.734 | INFO     | __main__:run_zonal_forecast:414 -   Oil belt. High purchasing power. Cocoa producer (Delta).
2026-05-31 13:15:58.744 | INFO     | __main__:run_zonal_forecast:414 -   
2026-05-31 13:15:58.749 | INFO     | __main__:run_zonal_forecast:414 -     Commodity           Rivers              Delta             
2026-05-31 13:15:58.750 | INFO     | __main__:run_zonal_forecast:414 -     ------------------------------------------------------------
2026-05-31 13:15:58.756 | INFO     | __main__:run_zonal_forecast:414 -     Hibiscus              * N2.51M     (+0.2%)  * N2.42M     (+0.2%)
2026-05-31 13:15:58.760 | INFO     | __main__:run_zonal_forecast:414 -     Sesame                * N1.87M     (+3.0%)  * N1.84M     (+3.0%)
2026-05-31 13:15:58.760 | INFO     | __main__:run_zonal_forecast:414 -     Ginger                  N14.33M    (+3.3%)    N13.74M    (+3.3%)
2026-05-31 13:15:58.762 | INFO     | __main__:run_zonal_forecast:414 -     Cocoa                 * N6.49M     (-1.1%)  * N5.74M     (-1.1%)
2026-05-31 13:15:58.767 | INFO     | __main__:run_zonal_forecast:414 -     Soybeans                N936K      (-0.5%)  * N904K      (-0.5%)
2026-05-31 13:15:58.771 | INFO     | __main__:run_zonal_forecast:414 -     Cashew Nuts             N2.33M     (-0.3%)    N2.23M     (-0.3%)
2026-05-31 13:15:58.773 | INFO     | __main__:run_zonal_forecast:414 -     Sorghum                 N532K      (+1.9%)    N523K      (+1.9%)
2026-05-31 13:15:58.773 | INFO     | __main__:run_zonal_forecast:414 -     Beans (white)         * N1.04M     (-0.1%)  * N1.00M     (-0.1%)
2026-05-31 13:15:58.777 | INFO     | __main__:run_zonal_forecast:414 -     Beans (red)           * N1.05M     (-1.4%)    N1.01M     (-1.4%)
2026-05-31 13:15:58.780 | INFO     | __main__:run_zonal_forecast:414 -     Maize (white)         * N467K      (+0.2%)  * N448K      (+0.2%)
2026-05-31 13:15:58.781 | INFO     | __main__:run_zonal_forecast:414 -     Maize (yellow)          N523K      (+0.2%)    N502K      (+0.2%)
2026-05-31 13:15:58.784 | INFO     | __main__:run_zonal_forecast:414 -     Wheat                   N890K      (-0.2%)    N875K      (-0.2%)
2026-05-31 13:15:58.789 | INFO     | __main__:run_zonal_forecast:414 -     Rice                    N1.87M     (-0.3%)    N1.82M     (-0.3%)
2026-05-31 13:15:58.789 | INFO     | __main__:run_zonal_forecast:414 -   
2026-05-31 13:15:58.791 | INFO     | __main__:run_zonal_forecast:414 -   ==========================================================
2026-05-31 13:15:58.791 | INFO     | __main__:run_zonal_forecast:414 -   * = primary commodity  (+/-%) = day-on-day change
2026-05-31 13:15:58.793 | INFO     | __main__:run_zonal_forecast:414 -   
2026-05-31 13:15:58.793 | INFO     | __main__:run_zonal_forecast:414 -   NATIONAL PRICE CHANGES TODAY:
2026-05-31 13:15:58.795 | INFO     | __main__:run_zonal_forecast:414 -     Commodity                   Price   Day Chg    vs Ref
2026-05-31 13:15:58.795 | INFO     | __main__:run_zonal_forecast:414 -     ------------------------------------------------------
2026-05-31 13:15:58.797 | INFO     | __main__:run_zonal_forecast:414 -     Hibiscus                   N2.24M    +0.24%    -3.45%
2026-05-31 13:15:58.798 | INFO     | __main__:run_zonal_forecast:414 -     Sesame                     N1.58M    +3.00%    -4.12%
2026-05-31 13:15:58.799 | INFO     | __main__:run_zonal_forecast:414 -     Ginger                    N11.94M    +3.33%    -0.47%
2026-05-31 13:15:58.799 | INFO     | __main__:run_zonal_forecast:414 -     Cocoa                      N6.18M    -1.08%    +9.32%
2026-05-31 13:15:58.800 | INFO     | __main__:run_zonal_forecast:414 -     Soybeans                    N793K    -0.47%    +6.48%
2026-05-31 13:15:58.800 | INFO     | __main__:run_zonal_forecast:414 -     Cashew Nuts                N2.02M    -0.28%    +3.83%
2026-05-31 13:15:58.803 | INFO     | __main__:run_zonal_forecast:414 -     Sorghum                     N443K    +1.88%    +5.52%
2026-05-31 13:15:58.805 | INFO     | __main__:run_zonal_forecast:414 -     Beans (white)               N855K    -0.12%    +5.17%
2026-05-31 13:15:58.807 | INFO     | __main__:run_zonal_forecast:414 -     Beans (red)                 N878K    -1.42%    -4.02%
2026-05-31 13:15:58.807 | INFO     | __main__:run_zonal_forecast:414 -     Maize (white)               N373K    +0.24%    +0.90%
2026-05-31 13:15:58.809 | INFO     | __main__:run_zonal_forecast:414 -     Maize (yellow)              N418K    +0.20%    +4.60%
2026-05-31 13:15:58.809 | INFO     | __main__:run_zonal_forecast:414 -     Wheat                       N729K    -0.21%    +3.20%
2026-05-31 13:15:58.809 | INFO     | __main__:run_zonal_forecast:414 -     Rice                       N1.63M    -0.33%    +4.86%
2026-05-31 13:15:58.809 | INFO     | __main__:run_zonal_forecast:414 -   
2026-05-31 13:15:58.812 | INFO     | __main__:run_zonal_forecast:414 -   BEST SOURCING NATIONALLY:
2026-05-31 13:15:58.812 | INFO     | __main__:run_zonal_forecast:414 -     Commodity              Best State           Price  Spread
2026-05-31 13:15:58.812 | INFO     | __main__:run_zonal_forecast:414 -     ------------------------------------------------------------
2026-05-31 13:15:58.814 | INFO     | __main__:run_zonal_forecast:414 -     Hibiscus               Kaduna              N2.09M  24% vs Lagos
2026-05-31 13:15:58.815 | INFO     | __main__:run_zonal_forecast:414 -     Sesame                 Kano                N1.31M  42% vs Lagos
2026-05-31 13:15:58.816 | INFO     | __main__:run_zonal_forecast:414 -     Ginger                 Kaduna              N8.60M  67% vs Lagos
2026-05-31 13:15:58.817 | INFO     | __main__:run_zonal_forecast:414 -     Cocoa                  Kogi                N5.44M  34% vs Borno
2026-05-31 13:15:58.817 | INFO     | __main__:run_zonal_forecast:414 -     Soybeans               Plateau              N658K  47% vs Lagos
2026-05-31 13:15:58.818 | INFO     | __main__:run_zonal_forecast:414 -     Cashew Nuts            Kogi                N1.62M  44% vs Borno
2026-05-31 13:15:58.819 | INFO     | __main__:run_zonal_forecast:414 -     Sorghum                Kano                 N346K  54% vs Rivers
2026-05-31 13:15:58.821 | INFO     | __main__:run_zonal_forecast:414 -     Beans (white)          Kano                 N744K  47% vs Lagos
2026-05-31 13:15:58.821 | INFO     | __main__:run_zonal_forecast:414 -     Beans (red)            Kano                 N790K  39% vs Lagos
2026-05-31 13:15:58.821 | INFO     | __main__:run_zonal_forecast:414 -     Maize (white)          Kano                 N299K  62% vs Lagos
2026-05-31 13:15:58.821 | INFO     | __main__:run_zonal_forecast:414 -     Maize (yellow)         Kano                 N335K  62% vs Lagos
2026-05-31 13:15:58.821 | INFO     | __main__:run_zonal_forecast:414 -     Wheat                  Kaduna               N635K  40% vs Rivers
2026-05-31 13:15:58.821 | INFO     | __main__:run_zonal_forecast:414 -     Rice                   Plateau             N1.46M  31% vs Lagos
2026-05-31 13:15:58.821 | INFO     | __main__:run_zonal_forecast:414 -   
2026-05-31 13:15:58.821 | INFO     | __main__:run_zonal_forecast:414 -   ==========================================================
2026-05-31 13:15:58.821 | INFO     | __main__:run_zonal_forecast:414 -   Source: Agrolinking Intelligence Platform
2026-05-31 13:15:58.821 | INFO     | __main__:run_zonal_forecast:414 -   Next update: 01 Jun 2026
2026-05-31 13:15:58.827 | INFO     | __main__:run_zonal_forecast:415 - =================================================================
2026-05-31 13:15:58.827 | SUCCESS  | __main__:run_zonal_forecast:416 - ZONAL FORECASTING COMPLETE — 6 zones | 12 states | 13 commodities
2026-05-31 13:21:09.827 | INFO     | __main__:run_zonal_forecast:360 - =================================================================
2026-05-31 13:21:09.827 | INFO     | __main__:run_zonal_forecast:361 - STEP 7 — ZONAL & STATE-LEVEL FORECASTING
2026-05-31 13:21:09.827 | INFO     | __main__:run_zonal_forecast:362 -   Date  : Sunday, 31 May 2026  13:21
2026-05-31 13:21:09.827 | INFO     | __main__:run_zonal_forecast:363 -   Anchor: DAILY INTERPOLATED (from last_known_date, drifts daily)
2026-05-31 13:21:09.827 | INFO     | __main__:run_zonal_forecast:364 - =================================================================
2026-05-31 13:21:09.901 | INFO     | __main__:run_zonal_forecast:367 -   Source: forecast_validated_2026-05-30.json
2026-05-31 13:21:09.901 | INFO     | __main__:run_zonal_forecast:374 -   Maize (white): last_known=2026-06-05, days_elapsed=-5
2026-05-31 13:21:09.901 | INFO     | __main__:run_zonal_forecast:374 -   Hibiscus: last_known=2026-06-05, days_elapsed=-5
2026-05-31 13:21:09.901 | INFO     | __main__:run_zonal_forecast:374 -   Sesame: last_known=2026-06-05, days_elapsed=-5
2026-05-31 13:21:09.901 | INFO     | __main__:build_zonal_output:176 - 
2026-05-31 13:21:09.901 | INFO     | __main__:build_zonal_output:177 -   NATIONAL ANCHORS (interpolated from last_known_date to today):
2026-05-31 13:21:09.901 | INFO     | __main__:build_zonal_output:178 -   Commodity                 Today Price   Day Chg    vs Ref  Source
2026-05-31 13:21:09.901 | INFO     | __main__:build_zonal_output:179 -   --------------------------------------------------------------------------------
2026-05-31 13:21:09.960 | DEBUG    | __main__:get_daily_price:81 -   last_known_date 2026-06-05 is in future. Capping to 7 days ago.
2026-05-31 13:21:09.960 | DEBUG    | __main__:get_daily_price:108 -   last_known=2026-06-05, run=2026-05-31, elapsed=7d
2026-05-31 13:21:09.961 | INFO     | __main__:build_zonal_output:215 -   Hibiscus               N   2,244,767    +0.00%   -3.45%  interp d7 (daily..weekly | -3.45% v
2026-05-31 13:21:09.961 | DEBUG    | __main__:get_daily_price:81 -   last_known_date 2026-06-05 is in future. Capping to 7 days ago.
2026-05-31 13:21:09.961 | DEBUG    | __main__:get_daily_price:108 -   last_known=2026-06-05, run=2026-05-31, elapsed=7d
2026-05-31 13:21:09.961 | INFO     | __main__:build_zonal_output:215 -   Sesame                 N   1,581,989    +0.00%   -4.12%  interp d7 (daily..weekly | -4.12% v
2026-05-31 13:21:09.962 | DEBUG    | __main__:get_daily_price:81 -   last_known_date 2026-06-05 is in future. Capping to 7 days ago.
2026-05-31 13:21:09.962 | DEBUG    | __main__:get_daily_price:108 -   last_known=2026-06-05, run=2026-05-31, elapsed=7d
2026-05-31 13:21:09.962 | INFO     | __main__:build_zonal_output:215 -   Ginger                 N  11,943,696    +0.00%   -0.47%  interp d7 (daily..weekly | -0.47% v
2026-05-31 13:21:09.962 | DEBUG    | __main__:get_daily_price:81 -   last_known_date 2026-06-05 is in future. Capping to 7 days ago.
2026-05-31 13:21:09.963 | DEBUG    | __main__:get_daily_price:108 -   last_known=2026-06-05, run=2026-05-31, elapsed=7d
2026-05-31 13:21:09.963 | INFO     | __main__:build_zonal_output:215 -   Cocoa                  N   6,176,407    +0.00%  + +9.32%  interp d7 (daily..weekly | +9.32% v
2026-05-31 13:21:09.963 | DEBUG    | __main__:get_daily_price:81 -   last_known_date 2026-06-05 is in future. Capping to 7 days ago.
2026-05-31 13:21:09.963 | DEBUG    | __main__:get_daily_price:108 -   last_known=2026-06-05, run=2026-05-31, elapsed=7d
2026-05-31 13:21:09.963 | INFO     | __main__:build_zonal_output:215 -   Soybeans               N     793,307    +0.00%  + +6.48%  interp d7 (daily..weekly | +6.48% v
2026-05-31 13:21:09.964 | DEBUG    | __main__:get_daily_price:81 -   last_known_date 2026-06-05 is in future. Capping to 7 days ago.
2026-05-31 13:21:09.964 | DEBUG    | __main__:get_daily_price:108 -   last_known=2026-06-05, run=2026-05-31, elapsed=7d
2026-05-31 13:21:09.964 | INFO     | __main__:build_zonal_output:215 -   Cashew Nuts            N   2,024,782    +0.00%  + +3.83%  interp d7 (daily..weekly | +3.83% v
2026-05-31 13:21:09.964 | DEBUG    | __main__:get_daily_price:81 -   last_known_date 2026-06-05 is in future. Capping to 7 days ago.
2026-05-31 13:21:09.964 | DEBUG    | __main__:get_daily_price:108 -   last_known=2026-06-05, run=2026-05-31, elapsed=7d
2026-05-31 13:21:09.965 | INFO     | __main__:build_zonal_output:215 -   Sorghum                N     443,188    +0.00%  + +5.52%  interp d7 (daily..weekly | +5.52% v
2026-05-31 13:21:09.965 | DEBUG    | __main__:get_daily_price:81 -   last_known_date 2026-06-05 is in future. Capping to 7 days ago.
2026-05-31 13:21:09.965 | DEBUG    | __main__:get_daily_price:108 -   last_known=2026-06-05, run=2026-05-31, elapsed=7d
2026-05-31 13:21:09.965 | INFO     | __main__:build_zonal_output:215 -   Beans (white)          N     854,993    +0.00%  + +5.17%  interp d7 (daily..weekly | +5.17% v
2026-05-31 13:21:09.965 | DEBUG    | __main__:get_daily_price:81 -   last_known_date 2026-06-05 is in future. Capping to 7 days ago.
2026-05-31 13:21:09.966 | DEBUG    | __main__:get_daily_price:108 -   last_known=2026-06-05, run=2026-05-31, elapsed=7d
2026-05-31 13:21:09.966 | INFO     | __main__:build_zonal_output:215 -   Beans (red)            N     878,207    +0.00%   -4.02%  interp d7 (daily..weekly | -4.02% v
2026-05-31 13:21:09.966 | DEBUG    | __main__:get_daily_price:81 -   last_known_date 2026-06-05 is in future. Capping to 7 days ago.
2026-05-31 13:21:09.966 | DEBUG    | __main__:get_daily_price:108 -   last_known=2026-06-05, run=2026-05-31, elapsed=7d
2026-05-31 13:21:09.966 | INFO     | __main__:build_zonal_output:215 -   Maize (white)          N     373,330    +0.00%  + +0.90%  interp d7 (daily..weekly | +0.90% v
2026-05-31 13:21:09.967 | DEBUG    | __main__:get_daily_price:81 -   last_known_date 2026-06-05 is in future. Capping to 7 days ago.
2026-05-31 13:21:09.967 | DEBUG    | __main__:get_daily_price:108 -   last_known=2026-06-05, run=2026-05-31, elapsed=7d
2026-05-31 13:21:09.967 | INFO     | __main__:build_zonal_output:215 -   Maize (yellow)         N     418,388    +0.00%  + +4.60%  interp d7 (daily..weekly | +4.60% v
2026-05-31 13:21:09.968 | DEBUG    | __main__:get_daily_price:81 -   last_known_date 2026-06-05 is in future. Capping to 7 days ago.
2026-05-31 13:21:09.968 | DEBUG    | __main__:get_daily_price:108 -   last_known=2026-06-05, run=2026-05-31, elapsed=7d
2026-05-31 13:21:09.968 | INFO     | __main__:build_zonal_output:215 -   Wheat                  N     729,471    +0.00%  + +3.20%  interp d7 (daily..weekly | +3.20% v
2026-05-31 13:21:09.969 | DEBUG    | __main__:get_daily_price:81 -   last_known_date 2026-06-05 is in future. Capping to 7 days ago.
2026-05-31 13:21:09.969 | DEBUG    | __main__:get_daily_price:108 -   last_known=2026-06-05, run=2026-05-31, elapsed=7d
2026-05-31 13:21:09.969 | INFO     | __main__:build_zonal_output:215 -   Rice                   N   1,625,255    +0.00%  + +4.86%  interp d7 (daily..weekly | +4.86% v
2026-05-31 13:21:09.969 | INFO     | __main__:build_zonal_output:218 - 
2026-05-31 13:21:09.991 | INFO     | __main__:run_zonal_forecast:380 - 
2026-05-31 13:21:09.991 | INFO     | __main__:run_zonal_forecast:381 -   Zone             State        Commodity                 State Price  Day Chg
2026-05-31 13:21:09.991 | INFO     | __main__:run_zonal_forecast:382 -   ------------------------------------------------------------------------
2026-05-31 13:21:09.991 | INFO     | __main__:run_zonal_forecast:389 -   North West       Kano         * Sesame                N   1,313,051/MT  +0.00%
2026-05-31 13:21:09.991 | INFO     | __main__:run_zonal_forecast:389 -   North West       Kano         * Sorghum               N     345,687/MT  +0.00%
2026-05-31 13:21:09.991 | INFO     | __main__:run_zonal_forecast:389 -   North West       Kano         * Beans (white)         N     743,844/MT  +0.00%
2026-05-31 13:21:10.000 | INFO     | __main__:run_zonal_forecast:389 -   North West       Kano         * Maize (white)         N     298,664/MT  +0.00%
2026-05-31 13:21:10.000 | INFO     | __main__:run_zonal_forecast:389 -   North West       Kano         * Maize (yellow)        N     334,710/MT  +0.00%
2026-05-31 13:21:10.000 | INFO     | __main__:run_zonal_forecast:389 -   North West       Kano         * Wheat                 N     649,229/MT  +0.00%
2026-05-31 13:21:10.002 | INFO     | __main__:run_zonal_forecast:389 -   North West       Kaduna       * Ginger                N   8,599,461/MT  +0.00%
2026-05-31 13:21:10.002 | INFO     | __main__:run_zonal_forecast:389 -   North West       Kaduna       * Soybeans              N     666,378/MT  +0.00%
2026-05-31 13:21:10.002 | INFO     | __main__:run_zonal_forecast:389 -   North West       Kaduna       * Sorghum               N     354,550/MT  +0.00%
2026-05-31 13:21:10.003 | INFO     | __main__:run_zonal_forecast:389 -   North West       Kaduna       * Maize (white)         N     302,397/MT  +0.00%
2026-05-31 13:21:10.003 | INFO     | __main__:run_zonal_forecast:389 -   North West       Kaduna       * Maize (yellow)        N     338,894/MT  +0.00%
2026-05-31 13:21:10.004 | INFO     | __main__:run_zonal_forecast:389 -   North West       Kaduna       * Wheat                 N     634,640/MT  +0.00%
2026-05-31 13:21:10.004 | INFO     | __main__:run_zonal_forecast:389 -   North West       Kaduna       * Rice                  N   1,511,487/MT  +0.00%
2026-05-31 13:21:10.004 | INFO     | __main__:run_zonal_forecast:389 -   North Central    Plateau      * Ginger                N   8,957,772/MT  +0.00%
2026-05-31 13:21:10.005 | INFO     | __main__:run_zonal_forecast:389 -   North Central    Plateau      * Soybeans              N     658,445/MT  +0.00%
2026-05-31 13:21:10.005 | INFO     | __main__:run_zonal_forecast:389 -   North Central    Plateau      * Beans (white)         N     769,494/MT  +0.00%
2026-05-31 13:21:10.005 | INFO     | __main__:run_zonal_forecast:389 -   North Central    Plateau      * Maize (white)         N     324,797/MT  +0.00%
2026-05-31 13:21:10.006 | INFO     | __main__:run_zonal_forecast:389 -   North Central    Plateau      * Wheat                 N     663,819/MT  +0.00%
2026-05-31 13:21:10.006 | INFO     | __main__:run_zonal_forecast:389 -   North Central    Plateau      * Rice                  N   1,462,729/MT  +0.00%
2026-05-31 13:21:10.007 | INFO     | __main__:run_zonal_forecast:389 -   North Central    Kogi         * Cocoa                 N   5,435,238/MT  +0.00%
2026-05-31 13:21:10.007 | INFO     | __main__:run_zonal_forecast:389 -   North Central    Kogi         * Soybeans              N     690,177/MT  +0.00%
2026-05-31 13:21:10.007 | INFO     | __main__:run_zonal_forecast:389 -   North Central    Kogi         * Cashew Nuts           N   1,619,826/MT  +0.00%
2026-05-31 13:21:10.008 | INFO     | __main__:run_zonal_forecast:389 -   North Central    Kogi         * Sorghum               N     403,301/MT  +0.00%
2026-05-31 13:21:10.008 | INFO     | __main__:run_zonal_forecast:389 -   North Central    Kogi         * Beans (white)         N     786,594/MT  +0.00%
2026-05-31 13:21:10.008 | INFO     | __main__:run_zonal_forecast:389 -   North Central    Kogi         * Maize (white)         N     335,997/MT  +0.00%
2026-05-31 13:21:10.008 | INFO     | __main__:run_zonal_forecast:389 -   North East       Adamawa      * Sesame                N   1,360,511/MT  +0.00%
2026-05-31 13:21:10.009 | INFO     | __main__:run_zonal_forecast:389 -   North East       Adamawa      * Ginger                N   9,913,268/MT  +0.00%
2026-05-31 13:21:10.010 | INFO     | __main__:run_zonal_forecast:389 -   North East       Adamawa      * Soybeans              N     706,044/MT  +0.00%
2026-05-31 13:21:10.010 | INFO     | __main__:run_zonal_forecast:389 -   North East       Adamawa      * Sorghum               N     385,574/MT  +0.00%
2026-05-31 13:21:10.010 | INFO     | __main__:run_zonal_forecast:389 -   North East       Adamawa      * Beans (white)         N     786,594/MT  +0.00%
2026-05-31 13:21:10.011 | INFO     | __main__:run_zonal_forecast:389 -   North East       Adamawa      * Maize (white)         N     328,530/MT  +0.00%
2026-05-31 13:21:10.011 | INFO     | __main__:run_zonal_forecast:389 -   North East       Borno        * Sesame                N   1,407,970/MT  +0.00%
2026-05-31 13:21:10.011 | INFO     | __main__:run_zonal_forecast:389 -   North East       Borno        * Sorghum               N     407,733/MT  +0.00%
2026-05-31 13:21:10.011 | INFO     | __main__:run_zonal_forecast:389 -   North East       Borno        * Beans (white)         N     906,293/MT  +0.00%
2026-05-31 13:21:10.012 | INFO     | __main__:run_zonal_forecast:389 -   North East       Borno        * Maize (white)         N     403,196/MT  +0.00%
2026-05-31 13:21:10.012 | INFO     | __main__:run_zonal_forecast:389 -   North East       Borno        * Wheat                 N     817,008/MT  +0.00%
2026-05-31 13:21:10.012 | INFO     | __main__:run_zonal_forecast:389 -   South West       Oyo          * Hibiscus              N   2,312,110/MT  +0.00%
2026-05-31 13:21:10.013 | INFO     | __main__:run_zonal_forecast:389 -   South West       Oyo          * Cocoa                 N   5,497,002/MT  +0.00%
2026-05-31 13:21:10.013 | INFO     | __main__:run_zonal_forecast:389 -   South West       Oyo          * Soybeans              N     825,040/MT  +0.00%
2026-05-31 13:21:10.013 | INFO     | __main__:run_zonal_forecast:389 -   South West       Oyo          * Cashew Nuts           N   1,741,313/MT  +0.00%
2026-05-31 13:21:10.013 | INFO     | __main__:run_zonal_forecast:389 -   South West       Oyo          * Beans (white)         N     940,493/MT  +0.00%
2026-05-31 13:21:10.014 | INFO     | __main__:run_zonal_forecast:389 -   South West       Oyo          * Maize (white)         N     403,196/MT  +0.00%
2026-05-31 13:21:10.014 | INFO     | __main__:run_zonal_forecast:389 -   South West       Lagos        * Hibiscus              N   2,581,482/MT  +0.00%
2026-05-31 13:21:10.015 | INFO     | __main__:run_zonal_forecast:389 -   South West       Lagos        * Sesame                N   1,866,747/MT  +0.00%
2026-05-31 13:21:10.015 | INFO     | __main__:run_zonal_forecast:389 -   South West       Lagos        * Cocoa                 N   6,670,520/MT  +0.00%
2026-05-31 13:21:10.015 | INFO     | __main__:run_zonal_forecast:389 -   South West       Lagos        * Soybeans              N     967,835/MT  +0.00%
2026-05-31 13:21:10.015 | INFO     | __main__:run_zonal_forecast:389 -   South West       Lagos        * Beans (white)         N   1,094,391/MT  +0.00%
2026-05-31 13:21:10.015 | INFO     | __main__:run_zonal_forecast:389 -   South West       Lagos        * Beans (red)           N   1,097,759/MT  +0.00%
2026-05-31 13:21:10.015 | INFO     | __main__:run_zonal_forecast:389 -   South West       Lagos        * Maize (white)         N     485,328/MT  +0.00%
2026-05-31 13:21:10.015 | INFO     | __main__:run_zonal_forecast:389 -   South West       Lagos        * Maize (yellow)        N     543,904/MT  +0.00%
2026-05-31 13:21:10.017 | INFO     | __main__:run_zonal_forecast:389 -   South East       Anambra      * Cocoa                 N   6,485,228/MT  +0.00%
2026-05-31 13:21:10.017 | INFO     | __main__:run_zonal_forecast:389 -   South East       Anambra      * Cashew Nuts           N   2,227,261/MT  +0.00%
2026-05-31 13:21:10.018 | INFO     | __main__:run_zonal_forecast:389 -   South East       Anambra      * Beans (white)         N   1,008,892/MT  +0.00%
2026-05-31 13:21:10.018 | INFO     | __main__:run_zonal_forecast:389 -   South East       Anambra      * Beans (red)           N   1,009,938/MT  +0.00%
2026-05-31 13:21:10.019 | INFO     | __main__:run_zonal_forecast:389 -   South East       Anambra      * Maize (white)         N     447,995/MT  +0.00%
2026-05-31 13:21:10.019 | INFO     | __main__:run_zonal_forecast:389 -   South East       Imo          * Cocoa                 N   5,620,531/MT  +0.00%
2026-05-31 13:21:10.020 | INFO     | __main__:run_zonal_forecast:389 -   South East       Imo          * Cashew Nuts           N   2,146,269/MT  +0.00%
2026-05-31 13:21:10.021 | INFO     | __main__:run_zonal_forecast:389 -   South East       Imo          * Beans (white)         N     983,242/MT  +0.00%
2026-05-31 13:21:10.021 | INFO     | __main__:run_zonal_forecast:389 -   South East       Imo          * Maize (white)         N     436,796/MT  +0.00%
2026-05-31 13:21:10.021 | INFO     | __main__:run_zonal_forecast:389 -   South South      Rivers       * Hibiscus              N   2,514,139/MT  +0.00%
2026-05-31 13:21:10.022 | INFO     | __main__:run_zonal_forecast:389 -   South South      Rivers       * Sesame                N   1,866,747/MT  +0.00%
2026-05-31 13:21:10.022 | INFO     | __main__:run_zonal_forecast:389 -   South South      Rivers       * Cocoa                 N   6,485,228/MT  +0.00%
2026-05-31 13:21:10.022 | INFO     | __main__:run_zonal_forecast:389 -   South South      Rivers       * Beans (white)         N   1,043,092/MT  +0.00%
2026-05-31 13:21:10.023 | INFO     | __main__:run_zonal_forecast:389 -   South South      Rivers       * Beans (red)           N   1,053,849/MT  +0.00%
2026-05-31 13:21:10.023 | INFO     | __main__:run_zonal_forecast:389 -   South South      Rivers       * Maize (white)         N     466,662/MT  +0.00%
2026-05-31 13:21:10.024 | INFO     | __main__:run_zonal_forecast:389 -   South South      Delta        * Hibiscus              N   2,424,348/MT  +0.00%
2026-05-31 13:21:10.024 | INFO     | __main__:run_zonal_forecast:389 -   South South      Delta        * Sesame                N   1,835,107/MT  +0.00%
2026-05-31 13:21:10.025 | INFO     | __main__:run_zonal_forecast:389 -   South South      Delta        * Cocoa                 N   5,744,059/MT  +0.00%
2026-05-31 13:21:10.025 | INFO     | __main__:run_zonal_forecast:389 -   South South      Delta        * Soybeans              N     904,370/MT  +0.00%
2026-05-31 13:21:10.025 | INFO     | __main__:run_zonal_forecast:389 -   South South      Delta        * Beans (white)         N   1,000,342/MT  +0.00%
2026-05-31 13:21:10.025 | INFO     | __main__:run_zonal_forecast:389 -   South South      Delta        * Maize (white)         N     447,995/MT  +0.00%
2026-05-31 13:21:10.219 | SUCCESS  | __main__:run_zonal_forecast:403 -   Zonal JSON  -> C:\Users\USER\Downloads\agrolinking-intel-structure\agrolinking-intel\outputs\forecasts\zonal\zonal_forecast_2026-05-31.json
2026-05-31 13:21:10.219 | SUCCESS  | __main__:run_zonal_forecast:409 -   Zonal alert -> C:\Users\USER\Downloads\agrolinking-intel-structure\agrolinking-intel\outputs\daily_alerts\alert_zonal_2026-05-31.txt
2026-05-31 13:21:10.225 | INFO     | __main__:run_zonal_forecast:411 - 
2026-05-31 13:21:10.225 | INFO     | __main__:run_zonal_forecast:412 - =================================================================
2026-05-31 13:21:10.225 | INFO     | __main__:run_zonal_forecast:414 -   ================================================
2026-05-31 13:21:10.225 | INFO     | __main__:run_zonal_forecast:414 -   AGROLINKING ZONAL COMMODITY INTELLIGENCE
2026-05-31 13:21:10.225 | INFO     | __main__:run_zonal_forecast:414 -   Date: Sunday, 31 May 2026
2026-05-31 13:21:10.225 | INFO     | __main__:run_zonal_forecast:414 -   6 Zones | 12 States | 12 Commodities
2026-05-31 13:21:10.225 | INFO     | __main__:run_zonal_forecast:414 -   ================================================
2026-05-31 13:21:10.228 | INFO     | __main__:run_zonal_forecast:414 -   
2026-05-31 13:21:10.228 | INFO     | __main__:run_zonal_forecast:414 -   NORTH WEST (Kano & Kaduna)
2026-05-31 13:21:10.228 | INFO     | __main__:run_zonal_forecast:414 -   Nigeria's main grain belt. Highest Maize, Sorghum, Sesame, Wheat production.
2026-05-31 13:21:10.230 | INFO     | __main__:run_zonal_forecast:414 -   
2026-05-31 13:21:10.230 | INFO     | __main__:run_zonal_forecast:414 -     Commodity           Kano                Kaduna            
2026-05-31 13:21:10.230 | INFO     | __main__:run_zonal_forecast:414 -     ------------------------------------------------------------
2026-05-31 13:21:10.231 | INFO     | __main__:run_zonal_forecast:414 -     Hibiscus                N2.13M                N2.09M            
2026-05-31 13:21:10.231 | INFO     | __main__:run_zonal_forecast:414 -     Sesame                * N1.31M                N1.34M            
2026-05-31 13:21:10.231 | INFO     | __main__:run_zonal_forecast:414 -     Ginger                  N11.70M             * N8.60M            
2026-05-31 13:21:10.231 | INFO     | __main__:run_zonal_forecast:414 -     Cocoa                   N6.30M                N6.49M            
2026-05-31 13:21:10.232 | INFO     | __main__:run_zonal_forecast:414 -     Soybeans                N714K               * N666K             
2026-05-31 13:21:10.233 | INFO     | __main__:run_zonal_forecast:414 -     Cashew Nuts             N2.02M                N2.07M            
2026-05-31 13:21:10.233 | INFO     | __main__:run_zonal_forecast:414 -     Sorghum               * N346K               * N355K             
2026-05-31 13:21:10.235 | INFO     | __main__:run_zonal_forecast:414 -     Beans (white)         * N744K                 N752K             
2026-05-31 13:21:10.236 | INFO     | __main__:run_zonal_forecast:414 -     Beans (red)             N790K                 N799K             
2026-05-31 13:21:10.237 | INFO     | __main__:run_zonal_forecast:414 -     Maize (white)         * N299K               * N302K             
2026-05-31 13:21:10.237 | INFO     | __main__:run_zonal_forecast:414 -     Maize (yellow)        * N335K               * N339K             
2026-05-31 13:21:10.240 | INFO     | __main__:run_zonal_forecast:414 -     Wheat                 * N649K               * N635K             
2026-05-31 13:21:10.240 | INFO     | __main__:run_zonal_forecast:414 -     Rice                    N1.54M              * N1.51M            
2026-05-31 13:21:10.240 | INFO     | __main__:run_zonal_forecast:414 -   
2026-05-31 13:21:10.240 | INFO     | __main__:run_zonal_forecast:414 -   NORTH CENTRAL (Plateau & Kogi)
2026-05-31 13:21:10.241 | INFO     | __main__:run_zonal_forecast:414 -   Middle Belt. Ginger heartland (Plateau), Cashew/Cocoa belt (Kogi).
2026-05-31 13:21:10.241 | INFO     | __main__:run_zonal_forecast:414 -   
2026-05-31 13:21:10.242 | INFO     | __main__:run_zonal_forecast:414 -     Commodity           Plateau             Kogi              
2026-05-31 13:21:10.242 | INFO     | __main__:run_zonal_forecast:414 -     ------------------------------------------------------------
2026-05-31 13:21:10.242 | INFO     | __main__:run_zonal_forecast:414 -     Hibiscus                N2.18M                N2.15M            
2026-05-31 13:21:10.243 | INFO     | __main__:run_zonal_forecast:414 -     Sesame                  N1.52M                N1.53M            
2026-05-31 13:21:10.243 | INFO     | __main__:run_zonal_forecast:414 -     Ginger                * N8.96M                N11.23M           
2026-05-31 13:21:10.243 | INFO     | __main__:run_zonal_forecast:414 -     Cocoa                   N6.67M              * N5.44M            
2026-05-31 13:21:10.244 | INFO     | __main__:run_zonal_forecast:414 -     Soybeans              * N658K               * N690K             
2026-05-31 13:21:10.244 | INFO     | __main__:run_zonal_forecast:414 -     Cashew Nuts             N2.13M              * N1.62M            
2026-05-31 13:21:10.244 | INFO     | __main__:run_zonal_forecast:414 -     Sorghum                 N408K               * N403K             
2026-05-31 13:21:10.244 | INFO     | __main__:run_zonal_forecast:414 -     Beans (white)         * N769K               * N787K             
2026-05-31 13:21:10.246 | INFO     | __main__:run_zonal_forecast:414 -     Beans (red)             N834K                 N826K             
2026-05-31 13:21:10.246 | INFO     | __main__:run_zonal_forecast:414 -     Maize (white)         * N325K               * N336K             
2026-05-31 13:21:10.246 | INFO     | __main__:run_zonal_forecast:414 -     Maize (yellow)          N368K                 N381K             
2026-05-31 13:21:10.247 | INFO     | __main__:run_zonal_forecast:414 -     Wheat                 * N664K                 N708K             
2026-05-31 13:21:10.247 | INFO     | __main__:run_zonal_forecast:414 -     Rice                  * N1.46M                N1.58M            
2026-05-31 13:21:10.247 | INFO     | __main__:run_zonal_forecast:414 -   
2026-05-31 13:21:10.248 | INFO     | __main__:run_zonal_forecast:414 -   NORTH EAST (Adamawa & Borno)
2026-05-31 13:21:10.248 | INFO     | __main__:run_zonal_forecast:414 -   Semi-arid. Sorghum, Maize. Conflict premium on imports in Borno.
2026-05-31 13:21:10.249 | INFO     | __main__:run_zonal_forecast:414 -   
2026-05-31 13:21:10.249 | INFO     | __main__:run_zonal_forecast:414 -     Commodity           Adamawa             Borno             
2026-05-31 13:21:10.250 | INFO     | __main__:run_zonal_forecast:414 -     ------------------------------------------------------------
2026-05-31 13:21:10.250 | INFO     | __main__:run_zonal_forecast:414 -     Hibiscus                N2.20M                N2.36M            
2026-05-31 13:21:10.250 | INFO     | __main__:run_zonal_forecast:414 -     Sesame                * N1.36M              * N1.41M            
2026-05-31 13:21:10.251 | INFO     | __main__:run_zonal_forecast:414 -     Ginger                * N9.91M                N13.74M           
2026-05-31 13:21:10.253 | INFO     | __main__:run_zonal_forecast:414 -     Cocoa                   N6.49M                N7.29M            
2026-05-31 13:21:10.253 | INFO     | __main__:run_zonal_forecast:414 -     Soybeans              * N706K                 N857K             
2026-05-31 13:21:10.253 | INFO     | __main__:run_zonal_forecast:414 -     Cashew Nuts             N2.11M                N2.33M            
2026-05-31 13:21:10.253 | INFO     | __main__:run_zonal_forecast:414 -     Sorghum               * N386K               * N408K             
2026-05-31 13:21:10.255 | INFO     | __main__:run_zonal_forecast:414 -     Beans (white)         * N787K               * N906K             
2026-05-31 13:21:10.256 | INFO     | __main__:run_zonal_forecast:414 -     Beans (red)             N834K                 N966K             
2026-05-31 13:21:10.256 | INFO     | __main__:run_zonal_forecast:414 -     Maize (white)         * N329K               * N403K             
2026-05-31 13:21:10.256 | INFO     | __main__:run_zonal_forecast:414 -     Maize (yellow)          N372K                 N452K             
2026-05-31 13:21:10.257 | INFO     | __main__:run_zonal_forecast:414 -     Wheat                   N715K               * N817K             
2026-05-31 13:21:10.257 | INFO     | __main__:run_zonal_forecast:414 -     Rice                    N1.66M                N1.79M            
2026-05-31 13:21:10.258 | INFO     | __main__:run_zonal_forecast:414 -   
2026-05-31 13:21:10.258 | INFO     | __main__:run_zonal_forecast:414 -   SOUTH WEST (Oyo & Lagos)
2026-05-31 13:21:10.259 | INFO     | __main__:run_zonal_forecast:414 -   Commercial capital. Lagos is the price-setter for consumer markets.
2026-05-31 13:21:10.259 | INFO     | __main__:run_zonal_forecast:414 -   
2026-05-31 13:21:10.259 | INFO     | __main__:run_zonal_forecast:414 -     Commodity           Oyo                 Lagos             
2026-05-31 13:21:10.260 | INFO     | __main__:run_zonal_forecast:414 -     ------------------------------------------------------------
2026-05-31 13:21:10.260 | INFO     | __main__:run_zonal_forecast:414 -     Hibiscus              * N2.31M              * N2.58M            
2026-05-31 13:21:10.260 | INFO     | __main__:run_zonal_forecast:414 -     Sesame                  N1.68M              * N1.87M            
2026-05-31 13:21:10.260 | INFO     | __main__:run_zonal_forecast:414 -     Ginger                  N12.90M               N14.33M           
2026-05-31 13:21:10.262 | INFO     | __main__:run_zonal_forecast:414 -     Cocoa                 * N5.50M              * N6.67M            
2026-05-31 13:21:10.263 | INFO     | __main__:run_zonal_forecast:414 -     Soybeans              * N825K               * N968K             
2026-05-31 13:21:10.263 | INFO     | __main__:run_zonal_forecast:414 -     Cashew Nuts           * N1.74M                N2.23M            
2026-05-31 13:21:10.263 | INFO     | __main__:run_zonal_forecast:414 -     Sorghum                 N465K                 N523K             
2026-05-31 13:21:10.264 | INFO     | __main__:run_zonal_forecast:414 -     Beans (white)         * N940K               * N1.09M            
2026-05-31 13:21:10.264 | INFO     | __main__:run_zonal_forecast:414 -     Beans (red)             N984K               * N1.10M            
2026-05-31 13:21:10.265 | INFO     | __main__:run_zonal_forecast:414 -     Maize (white)         * N403K               * N485K             
2026-05-31 13:21:10.265 | INFO     | __main__:run_zonal_forecast:414 -     Maize (yellow)          N452K               * N544K             
2026-05-31 13:21:10.266 | INFO     | __main__:run_zonal_forecast:414 -     Wheat                   N802K                 N839K             
2026-05-31 13:21:10.266 | INFO     | __main__:run_zonal_forecast:414 -     Rice                    N1.76M                N1.92M            
2026-05-31 13:21:10.267 | INFO     | __main__:run_zonal_forecast:414 -   
2026-05-31 13:21:10.268 | INFO     | __main__:run_zonal_forecast:414 -   SOUTH EAST (Anambra & Imo)
2026-05-31 13:21:10.268 | INFO     | __main__:run_zonal_forecast:414 -   High consumption, low production of traded commodities. Import-dependent.
2026-05-31 13:21:10.269 | INFO     | __main__:run_zonal_forecast:414 -   
2026-05-31 13:21:10.270 | INFO     | __main__:run_zonal_forecast:414 -     Commodity           Anambra             Imo               
2026-05-31 13:21:10.270 | INFO     | __main__:run_zonal_forecast:414 -     ------------------------------------------------------------
2026-05-31 13:21:10.272 | INFO     | __main__:run_zonal_forecast:414 -     Hibiscus                N2.51M                N2.47M            
2026-05-31 13:21:10.272 | INFO     | __main__:run_zonal_forecast:414 -     Sesame                  N1.84M                N1.80M            
2026-05-31 13:21:10.272 | INFO     | __main__:run_zonal_forecast:414 -     Ginger                  N13.74M               N13.38M           
2026-05-31 13:21:10.274 | INFO     | __main__:run_zonal_forecast:414 -     Cocoa                 * N6.49M              * N5.62M            
2026-05-31 13:21:10.274 | INFO     | __main__:run_zonal_forecast:414 -     Soybeans                N904K                 N889K             
2026-05-31 13:21:10.274 | INFO     | __main__:run_zonal_forecast:414 -     Cashew Nuts           * N2.23M              * N2.15M            
2026-05-31 13:21:10.275 | INFO     | __main__:run_zonal_forecast:414 -     Sorghum                 N505K                 N496K             
2026-05-31 13:21:10.275 | INFO     | __main__:run_zonal_forecast:414 -     Beans (white)         * N1.01M              * N983K             
2026-05-31 13:21:10.275 | INFO     | __main__:run_zonal_forecast:414 -     Beans (red)           * N1.01M                N992K             
2026-05-31 13:21:10.276 | INFO     | __main__:run_zonal_forecast:414 -     Maize (white)         * N448K               * N437K             
2026-05-31 13:21:10.277 | INFO     | __main__:run_zonal_forecast:414 -     Maize (yellow)          N502K                 N490K             
2026-05-31 13:21:10.277 | INFO     | __main__:run_zonal_forecast:414 -     Wheat                   N861K                 N846K             
2026-05-31 13:21:10.277 | INFO     | __main__:run_zonal_forecast:414 -     Rice                    N1.82M                N1.79M            
2026-05-31 13:21:10.277 | INFO     | __main__:run_zonal_forecast:414 -   
2026-05-31 13:21:10.277 | INFO     | __main__:run_zonal_forecast:414 -   SOUTH SOUTH (Rivers & Delta)
2026-05-31 13:21:10.277 | INFO     | __main__:run_zonal_forecast:414 -   Oil belt. High purchasing power. Cocoa producer (Delta).
2026-05-31 13:21:10.277 | INFO     | __main__:run_zonal_forecast:414 -   
2026-05-31 13:21:10.277 | INFO     | __main__:run_zonal_forecast:414 -     Commodity           Rivers              Delta             
2026-05-31 13:21:10.277 | INFO     | __main__:run_zonal_forecast:414 -     ------------------------------------------------------------
2026-05-31 13:21:10.277 | INFO     | __main__:run_zonal_forecast:414 -     Hibiscus              * N2.51M              * N2.42M            
2026-05-31 13:21:10.277 | INFO     | __main__:run_zonal_forecast:414 -     Sesame                * N1.87M              * N1.84M            
2026-05-31 13:21:10.277 | INFO     | __main__:run_zonal_forecast:414 -     Ginger                  N14.33M               N13.74M           
2026-05-31 13:21:10.277 | INFO     | __main__:run_zonal_forecast:414 -     Cocoa                 * N6.49M              * N5.74M            
2026-05-31 13:21:10.277 | INFO     | __main__:run_zonal_forecast:414 -     Soybeans                N936K               * N904K             
2026-05-31 13:21:10.283 | INFO     | __main__:run_zonal_forecast:414 -     Cashew Nuts             N2.33M                N2.23M            
2026-05-31 13:21:10.283 | INFO     | __main__:run_zonal_forecast:414 -     Sorghum                 N532K                 N523K             
2026-05-31 13:21:10.283 | INFO     | __main__:run_zonal_forecast:414 -     Beans (white)         * N1.04M              * N1.00M            
2026-05-31 13:21:10.284 | INFO     | __main__:run_zonal_forecast:414 -     Beans (red)           * N1.05M                N1.01M            
2026-05-31 13:21:10.285 | INFO     | __main__:run_zonal_forecast:414 -     Maize (white)         * N467K               * N448K             
2026-05-31 13:21:10.285 | INFO     | __main__:run_zonal_forecast:414 -     Maize (yellow)          N523K                 N502K             
2026-05-31 13:21:10.286 | INFO     | __main__:run_zonal_forecast:414 -     Wheat                   N890K                 N875K             
2026-05-31 13:21:10.287 | INFO     | __main__:run_zonal_forecast:414 -     Rice                    N1.87M                N1.82M            
2026-05-31 13:21:10.287 | INFO     | __main__:run_zonal_forecast:414 -   
2026-05-31 13:21:10.288 | INFO     | __main__:run_zonal_forecast:414 -   ==========================================================
2026-05-31 13:21:10.288 | INFO     | __main__:run_zonal_forecast:414 -   * = primary commodity  (+/-%) = day-on-day change
2026-05-31 13:21:10.289 | INFO     | __main__:run_zonal_forecast:414 -   
2026-05-31 13:21:10.290 | INFO     | __main__:run_zonal_forecast:414 -   NATIONAL PRICE CHANGES TODAY:
2026-05-31 13:21:10.291 | INFO     | __main__:run_zonal_forecast:414 -     Commodity                   Price   Day Chg    vs Ref
2026-05-31 13:21:10.291 | INFO     | __main__:run_zonal_forecast:414 -     ------------------------------------------------------
2026-05-31 13:21:10.291 | INFO     | __main__:run_zonal_forecast:414 -     Hibiscus                   N2.24M    +0.00%    -3.45%
2026-05-31 13:21:10.292 | INFO     | __main__:run_zonal_forecast:414 -     Sesame                     N1.58M    +0.00%    -4.12%
2026-05-31 13:21:10.292 | INFO     | __main__:run_zonal_forecast:414 -     Ginger                    N11.94M    +0.00%    -0.47%
2026-05-31 13:21:10.293 | INFO     | __main__:run_zonal_forecast:414 -     Cocoa                      N6.18M    +0.00%    +9.32%
2026-05-31 13:21:10.293 | INFO     | __main__:run_zonal_forecast:414 -     Soybeans                    N793K    +0.00%    +6.48%
2026-05-31 13:21:10.293 | INFO     | __main__:run_zonal_forecast:414 -     Cashew Nuts                N2.02M    +0.00%    +3.83%
2026-05-31 13:21:10.294 | INFO     | __main__:run_zonal_forecast:414 -     Sorghum                     N443K    +0.00%    +5.52%
2026-05-31 13:21:10.294 | INFO     | __main__:run_zonal_forecast:414 -     Beans (white)               N855K    +0.00%    +5.17%
2026-05-31 13:21:10.295 | INFO     | __main__:run_zonal_forecast:414 -     Beans (red)                 N878K    +0.00%    -4.02%
2026-05-31 13:21:10.295 | INFO     | __main__:run_zonal_forecast:414 -     Maize (white)               N373K    +0.00%    +0.90%
2026-05-31 13:21:10.295 | INFO     | __main__:run_zonal_forecast:414 -     Maize (yellow)              N418K    +0.00%    +4.60%
2026-05-31 13:21:10.296 | INFO     | __main__:run_zonal_forecast:414 -     Wheat                       N729K    +0.00%    +3.20%
2026-05-31 13:21:10.296 | INFO     | __main__:run_zonal_forecast:414 -     Rice                       N1.63M    +0.00%    +4.86%
2026-05-31 13:21:10.296 | INFO     | __main__:run_zonal_forecast:414 -   
2026-05-31 13:21:10.297 | INFO     | __main__:run_zonal_forecast:414 -   BEST SOURCING NATIONALLY:
2026-05-31 13:21:10.298 | INFO     | __main__:run_zonal_forecast:414 -     Commodity              Best State           Price  Spread
2026-05-31 13:21:10.298 | INFO     | __main__:run_zonal_forecast:414 -     ------------------------------------------------------------
2026-05-31 13:21:10.298 | INFO     | __main__:run_zonal_forecast:414 -     Hibiscus               Kaduna              N2.09M  24% vs Lagos
2026-05-31 13:21:10.299 | INFO     | __main__:run_zonal_forecast:414 -     Sesame                 Kano                N1.31M  42% vs Lagos
2026-05-31 13:21:10.299 | INFO     | __main__:run_zonal_forecast:414 -     Ginger                 Kaduna              N8.60M  67% vs Lagos
2026-05-31 13:21:10.299 | INFO     | __main__:run_zonal_forecast:414 -     Cocoa                  Kogi                N5.44M  34% vs Borno
2026-05-31 13:21:10.299 | INFO     | __main__:run_zonal_forecast:414 -     Soybeans               Plateau              N658K  47% vs Lagos
2026-05-31 13:21:10.300 | INFO     | __main__:run_zonal_forecast:414 -     Cashew Nuts            Kogi                N1.62M  44% vs Borno
2026-05-31 13:21:10.300 | INFO     | __main__:run_zonal_forecast:414 -     Sorghum                Kano                 N346K  54% vs Rivers
2026-05-31 13:21:10.301 | INFO     | __main__:run_zonal_forecast:414 -     Beans (white)          Kano                 N744K  47% vs Lagos
2026-05-31 13:21:10.302 | INFO     | __main__:run_zonal_forecast:414 -     Beans (red)            Kano                 N790K  39% vs Lagos
2026-05-31 13:21:10.303 | INFO     | __main__:run_zonal_forecast:414 -     Maize (white)          Kano                 N299K  62% vs Lagos
2026-05-31 13:21:10.303 | INFO     | __main__:run_zonal_forecast:414 -     Maize (yellow)         Kano                 N335K  62% vs Lagos
2026-05-31 13:21:10.304 | INFO     | __main__:run_zonal_forecast:414 -     Wheat                  Kaduna               N635K  40% vs Rivers
2026-05-31 13:21:10.304 | INFO     | __main__:run_zonal_forecast:414 -     Rice                   Plateau             N1.46M  31% vs Lagos
2026-05-31 13:21:10.305 | INFO     | __main__:run_zonal_forecast:414 -   
2026-05-31 13:21:10.305 | INFO     | __main__:run_zonal_forecast:414 -   ==========================================================
2026-05-31 13:21:10.306 | INFO     | __main__:run_zonal_forecast:414 -   Source: Agrolinking Intelligence Platform
2026-05-31 13:21:10.307 | INFO     | __main__:run_zonal_forecast:414 -   Next update: 01 Jun 2026
2026-05-31 13:21:10.308 | INFO     | __main__:run_zonal_forecast:415 - =================================================================
2026-05-31 13:21:10.308 | SUCCESS  | __main__:run_zonal_forecast:416 - ZONAL FORECASTING COMPLETE — 6 zones | 12 states | 13 commodities
2026-05-31 18:04:46.622 | INFO     | __main__:run_zonal_forecast:360 - =================================================================
2026-05-31 18:04:46.622 | INFO     | __main__:run_zonal_forecast:361 - STEP 7 — ZONAL & STATE-LEVEL FORECASTING
2026-05-31 18:04:46.622 | INFO     | __main__:run_zonal_forecast:362 -   Date  : Sunday, 31 May 2026  18:04
2026-05-31 18:04:46.622 | INFO     | __main__:run_zonal_forecast:363 -   Anchor: DAILY INTERPOLATED (from last_known_date, drifts daily)
2026-05-31 18:04:46.622 | INFO     | __main__:run_zonal_forecast:364 - =================================================================
2026-05-31 18:04:46.718 | INFO     | __main__:run_zonal_forecast:367 -   Source: forecast_validated_2026-05-30.json
2026-05-31 18:04:46.718 | INFO     | __main__:run_zonal_forecast:374 -   Maize (white): last_known=2026-06-05, days_elapsed=-5
2026-05-31 18:04:46.718 | INFO     | __main__:run_zonal_forecast:374 -   Hibiscus: last_known=2026-06-05, days_elapsed=-5
2026-05-31 18:04:46.718 | INFO     | __main__:run_zonal_forecast:374 -   Sesame: last_known=2026-06-05, days_elapsed=-5
2026-05-31 18:04:46.718 | INFO     | __main__:build_zonal_output:176 - 
2026-05-31 18:04:46.718 | INFO     | __main__:build_zonal_output:177 -   NATIONAL ANCHORS (interpolated from last_known_date to today):
2026-05-31 18:04:46.718 | INFO     | __main__:build_zonal_output:178 -   Commodity                 Today Price   Day Chg    vs Ref  Source
2026-05-31 18:04:46.718 | INFO     | __main__:build_zonal_output:179 -   --------------------------------------------------------------------------------
2026-05-31 18:04:46.789 | DEBUG    | __main__:get_daily_price:81 -   last_known_date 2026-06-05 is in future. Capping to 7 days ago.
2026-05-31 18:04:46.789 | DEBUG    | __main__:get_daily_price:108 -   last_known=2026-06-05, run=2026-05-31, elapsed=7d
2026-05-31 18:04:46.789 | INFO     | __main__:build_zonal_output:215 -   Hibiscus               N   2,244,767    +0.00%   -3.45%  interp d7 (daily..weekly | -3.45% v
2026-05-31 18:04:46.789 | DEBUG    | __main__:get_daily_price:81 -   last_known_date 2026-06-05 is in future. Capping to 7 days ago.
2026-05-31 18:04:46.798 | DEBUG    | __main__:get_daily_price:108 -   last_known=2026-06-05, run=2026-05-31, elapsed=7d
2026-05-31 18:04:46.798 | INFO     | __main__:build_zonal_output:215 -   Sesame                 N   1,581,989    +0.00%   -4.12%  interp d7 (daily..weekly | -4.12% v
2026-05-31 18:04:46.799 | DEBUG    | __main__:get_daily_price:81 -   last_known_date 2026-06-05 is in future. Capping to 7 days ago.
2026-05-31 18:04:46.799 | DEBUG    | __main__:get_daily_price:108 -   last_known=2026-06-05, run=2026-05-31, elapsed=7d
2026-05-31 18:04:46.799 | INFO     | __main__:build_zonal_output:215 -   Ginger                 N  11,943,696    +0.00%   -0.47%  interp d7 (daily..weekly | -0.47% v
2026-05-31 18:04:46.800 | DEBUG    | __main__:get_daily_price:81 -   last_known_date 2026-06-05 is in future. Capping to 7 days ago.
2026-05-31 18:04:46.800 | DEBUG    | __main__:get_daily_price:108 -   last_known=2026-06-05, run=2026-05-31, elapsed=7d
2026-05-31 18:04:46.800 | INFO     | __main__:build_zonal_output:215 -   Cocoa                  N   6,176,407    +0.00%  + +9.32%  interp d7 (daily..weekly | +9.32% v
2026-05-31 18:04:46.800 | DEBUG    | __main__:get_daily_price:81 -   last_known_date 2026-06-05 is in future. Capping to 7 days ago.
2026-05-31 18:04:46.800 | DEBUG    | __main__:get_daily_price:108 -   last_known=2026-06-05, run=2026-05-31, elapsed=7d
2026-05-31 18:04:46.800 | INFO     | __main__:build_zonal_output:215 -   Soybeans               N     793,307    +0.00%  + +6.48%  interp d7 (daily..weekly | +6.48% v
2026-05-31 18:04:46.800 | DEBUG    | __main__:get_daily_price:81 -   last_known_date 2026-06-05 is in future. Capping to 7 days ago.
2026-05-31 18:04:46.800 | DEBUG    | __main__:get_daily_price:108 -   last_known=2026-06-05, run=2026-05-31, elapsed=7d
2026-05-31 18:04:46.800 | INFO     | __main__:build_zonal_output:215 -   Cashew Nuts            N   2,024,782    +0.00%  + +3.83%  interp d7 (daily..weekly | +3.83% v
2026-05-31 18:04:46.803 | DEBUG    | __main__:get_daily_price:81 -   last_known_date 2026-06-05 is in future. Capping to 7 days ago.
2026-05-31 18:04:46.803 | DEBUG    | __main__:get_daily_price:108 -   last_known=2026-06-05, run=2026-05-31, elapsed=7d
2026-05-31 18:04:46.803 | INFO     | __main__:build_zonal_output:215 -   Sorghum                N     443,188    +0.00%  + +5.52%  interp d7 (daily..weekly | +5.52% v
2026-05-31 18:04:46.803 | DEBUG    | __main__:get_daily_price:81 -   last_known_date 2026-06-05 is in future. Capping to 7 days ago.
2026-05-31 18:04:46.803 | DEBUG    | __main__:get_daily_price:108 -   last_known=2026-06-05, run=2026-05-31, elapsed=7d
2026-05-31 18:04:46.803 | INFO     | __main__:build_zonal_output:215 -   Beans (white)          N     854,993    +0.00%  + +5.17%  interp d7 (daily..weekly | +5.17% v
2026-05-31 18:04:46.803 | DEBUG    | __main__:get_daily_price:81 -   last_known_date 2026-06-05 is in future. Capping to 7 days ago.
2026-05-31 18:04:46.803 | DEBUG    | __main__:get_daily_price:108 -   last_known=2026-06-05, run=2026-05-31, elapsed=7d
2026-05-31 18:04:46.803 | INFO     | __main__:build_zonal_output:215 -   Beans (red)            N     878,207    +0.00%   -4.02%  interp d7 (daily..weekly | -4.02% v
2026-05-31 18:04:46.806 | DEBUG    | __main__:get_daily_price:81 -   last_known_date 2026-06-05 is in future. Capping to 7 days ago.
2026-05-31 18:04:46.806 | DEBUG    | __main__:get_daily_price:108 -   last_known=2026-06-05, run=2026-05-31, elapsed=7d
2026-05-31 18:04:46.806 | INFO     | __main__:build_zonal_output:215 -   Maize (white)          N     373,330    +0.00%  + +0.90%  interp d7 (daily..weekly | +0.90% v
2026-05-31 18:04:46.806 | DEBUG    | __main__:get_daily_price:81 -   last_known_date 2026-06-05 is in future. Capping to 7 days ago.
2026-05-31 18:04:46.806 | DEBUG    | __main__:get_daily_price:108 -   last_known=2026-06-05, run=2026-05-31, elapsed=7d
2026-05-31 18:04:46.806 | INFO     | __main__:build_zonal_output:215 -   Maize (yellow)         N     418,388    +0.00%  + +4.60%  interp d7 (daily..weekly | +4.60% v
2026-05-31 18:04:46.806 | DEBUG    | __main__:get_daily_price:81 -   last_known_date 2026-06-05 is in future. Capping to 7 days ago.
2026-05-31 18:04:46.806 | DEBUG    | __main__:get_daily_price:108 -   last_known=2026-06-05, run=2026-05-31, elapsed=7d
2026-05-31 18:04:46.806 | INFO     | __main__:build_zonal_output:215 -   Wheat                  N     729,471    +0.00%  + +3.20%  interp d7 (daily..weekly | +3.20% v
2026-05-31 18:04:46.806 | DEBUG    | __main__:get_daily_price:81 -   last_known_date 2026-06-05 is in future. Capping to 7 days ago.
2026-05-31 18:04:46.806 | DEBUG    | __main__:get_daily_price:108 -   last_known=2026-06-05, run=2026-05-31, elapsed=7d
2026-05-31 18:04:46.811 | INFO     | __main__:build_zonal_output:215 -   Rice                   N   1,625,255    +0.00%  + +4.86%  interp d7 (daily..weekly | +4.86% v
2026-05-31 18:04:46.811 | INFO     | __main__:build_zonal_output:218 - 
2026-05-31 18:04:46.857 | INFO     | __main__:run_zonal_forecast:380 - 
2026-05-31 18:04:46.857 | INFO     | __main__:run_zonal_forecast:381 -   Zone             State        Commodity                 State Price  Day Chg
2026-05-31 18:04:46.857 | INFO     | __main__:run_zonal_forecast:382 -   ------------------------------------------------------------------------
2026-05-31 18:04:46.857 | INFO     | __main__:run_zonal_forecast:389 -   North West       Kano         * Sesame                N   1,313,051/MT  +0.00%
2026-05-31 18:04:46.857 | INFO     | __main__:run_zonal_forecast:389 -   North West       Kano         * Sorghum               N     345,687/MT  +0.00%
2026-05-31 18:04:46.857 | INFO     | __main__:run_zonal_forecast:389 -   North West       Kano         * Beans (white)         N     743,844/MT  +0.00%
2026-05-31 18:04:46.857 | INFO     | __main__:run_zonal_forecast:389 -   North West       Kano         * Maize (white)         N     298,664/MT  +0.00%
2026-05-31 18:04:46.857 | INFO     | __main__:run_zonal_forecast:389 -   North West       Kano         * Maize (yellow)        N     334,710/MT  +0.00%
2026-05-31 18:04:46.857 | INFO     | __main__:run_zonal_forecast:389 -   North West       Kano         * Wheat                 N     649,229/MT  +0.00%
2026-05-31 18:04:46.862 | INFO     | __main__:run_zonal_forecast:389 -   North West       Kaduna       * Ginger                N   8,599,461/MT  +0.00%
2026-05-31 18:04:46.862 | INFO     | __main__:run_zonal_forecast:389 -   North West       Kaduna       * Soybeans              N     666,378/MT  +0.00%
2026-05-31 18:04:46.862 | INFO     | __main__:run_zonal_forecast:389 -   North West       Kaduna       * Sorghum               N     354,550/MT  +0.00%
2026-05-31 18:04:46.862 | INFO     | __main__:run_zonal_forecast:389 -   North West       Kaduna       * Maize (white)         N     302,397/MT  +0.00%
2026-05-31 18:04:46.862 | INFO     | __main__:run_zonal_forecast:389 -   North West       Kaduna       * Maize (yellow)        N     338,894/MT  +0.00%
2026-05-31 18:04:46.862 | INFO     | __main__:run_zonal_forecast:389 -   North West       Kaduna       * Wheat                 N     634,640/MT  +0.00%
2026-05-31 18:04:46.862 | INFO     | __main__:run_zonal_forecast:389 -   North West       Kaduna       * Rice                  N   1,511,487/MT  +0.00%
2026-05-31 18:04:46.865 | INFO     | __main__:run_zonal_forecast:389 -   North Central    Plateau      * Ginger                N   8,957,772/MT  +0.00%
2026-05-31 18:04:46.865 | INFO     | __main__:run_zonal_forecast:389 -   North Central    Plateau      * Soybeans              N     658,445/MT  +0.00%
2026-05-31 18:04:46.865 | INFO     | __main__:run_zonal_forecast:389 -   North Central    Plateau      * Beans (white)         N     769,494/MT  +0.00%
2026-05-31 18:04:46.865 | INFO     | __main__:run_zonal_forecast:389 -   North Central    Plateau      * Maize (white)         N     324,797/MT  +0.00%
2026-05-31 18:04:46.865 | INFO     | __main__:run_zonal_forecast:389 -   North Central    Plateau      * Wheat                 N     663,819/MT  +0.00%
2026-05-31 18:04:46.865 | INFO     | __main__:run_zonal_forecast:389 -   North Central    Plateau      * Rice                  N   1,462,729/MT  +0.00%
2026-05-31 18:04:46.869 | INFO     | __main__:run_zonal_forecast:389 -   North Central    Kogi         * Cocoa                 N   5,435,238/MT  +0.00%
2026-05-31 18:04:46.869 | INFO     | __main__:run_zonal_forecast:389 -   North Central    Kogi         * Soybeans              N     690,177/MT  +0.00%
2026-05-31 18:04:46.869 | INFO     | __main__:run_zonal_forecast:389 -   North Central    Kogi         * Cashew Nuts           N   1,619,826/MT  +0.00%
2026-05-31 18:04:46.869 | INFO     | __main__:run_zonal_forecast:389 -   North Central    Kogi         * Sorghum               N     403,301/MT  +0.00%
2026-05-31 18:04:46.869 | INFO     | __main__:run_zonal_forecast:389 -   North Central    Kogi         * Beans (white)         N     786,594/MT  +0.00%
2026-05-31 18:04:46.872 | INFO     | __main__:run_zonal_forecast:389 -   North Central    Kogi         * Maize (white)         N     335,997/MT  +0.00%
2026-05-31 18:04:46.872 | INFO     | __main__:run_zonal_forecast:389 -   North East       Adamawa      * Sesame                N   1,360,511/MT  +0.00%
2026-05-31 18:04:46.872 | INFO     | __main__:run_zonal_forecast:389 -   North East       Adamawa      * Ginger                N   9,913,268/MT  +0.00%
2026-05-31 18:04:46.874 | INFO     | __main__:run_zonal_forecast:389 -   North East       Adamawa      * Soybeans              N     706,044/MT  +0.00%
2026-05-31 18:04:46.874 | INFO     | __main__:run_zonal_forecast:389 -   North East       Adamawa      * Sorghum               N     385,574/MT  +0.00%
2026-05-31 18:04:46.874 | INFO     | __main__:run_zonal_forecast:389 -   North East       Adamawa      * Beans (white)         N     786,594/MT  +0.00%
2026-05-31 18:04:46.874 | INFO     | __main__:run_zonal_forecast:389 -   North East       Adamawa      * Maize (white)         N     328,530/MT  +0.00%
2026-05-31 18:04:46.874 | INFO     | __main__:run_zonal_forecast:389 -   North East       Borno        * Sesame                N   1,407,970/MT  +0.00%
2026-05-31 18:04:46.874 | INFO     | __main__:run_zonal_forecast:389 -   North East       Borno        * Sorghum               N     407,733/MT  +0.00%
2026-05-31 18:04:46.877 | INFO     | __main__:run_zonal_forecast:389 -   North East       Borno        * Beans (white)         N     906,293/MT  +0.00%
2026-05-31 18:04:46.877 | INFO     | __main__:run_zonal_forecast:389 -   North East       Borno        * Maize (white)         N     403,196/MT  +0.00%
2026-05-31 18:04:46.877 | INFO     | __main__:run_zonal_forecast:389 -   North East       Borno        * Wheat                 N     817,008/MT  +0.00%
2026-05-31 18:04:46.879 | INFO     | __main__:run_zonal_forecast:389 -   South West       Oyo          * Hibiscus              N   2,312,110/MT  +0.00%
2026-05-31 18:04:46.879 | INFO     | __main__:run_zonal_forecast:389 -   South West       Oyo          * Cocoa                 N   5,497,002/MT  +0.00%
2026-05-31 18:04:46.879 | INFO     | __main__:run_zonal_forecast:389 -   South West       Oyo          * Soybeans              N     825,040/MT  +0.00%
2026-05-31 18:04:46.879 | INFO     | __main__:run_zonal_forecast:389 -   South West       Oyo          * Cashew Nuts           N   1,741,313/MT  +0.00%
2026-05-31 18:04:46.879 | INFO     | __main__:run_zonal_forecast:389 -   South West       Oyo          * Beans (white)         N     940,493/MT  +0.00%
2026-05-31 18:04:46.882 | INFO     | __main__:run_zonal_forecast:389 -   South West       Oyo          * Maize (white)         N     403,196/MT  +0.00%
2026-05-31 18:04:46.882 | INFO     | __main__:run_zonal_forecast:389 -   South West       Lagos        * Hibiscus              N   2,581,482/MT  +0.00%
2026-05-31 18:04:46.884 | INFO     | __main__:run_zonal_forecast:389 -   South West       Lagos        * Sesame                N   1,866,747/MT  +0.00%
2026-05-31 18:04:46.884 | INFO     | __main__:run_zonal_forecast:389 -   South West       Lagos        * Cocoa                 N   6,670,520/MT  +0.00%
2026-05-31 18:04:46.884 | INFO     | __main__:run_zonal_forecast:389 -   South West       Lagos        * Soybeans              N     967,835/MT  +0.00%
2026-05-31 18:04:46.884 | INFO     | __main__:run_zonal_forecast:389 -   South West       Lagos        * Beans (white)         N   1,094,391/MT  +0.00%
2026-05-31 18:04:46.884 | INFO     | __main__:run_zonal_forecast:389 -   South West       Lagos        * Beans (red)           N   1,097,759/MT  +0.00%
2026-05-31 18:04:46.884 | INFO     | __main__:run_zonal_forecast:389 -   South West       Lagos        * Maize (white)         N     485,328/MT  +0.00%
2026-05-31 18:04:46.884 | INFO     | __main__:run_zonal_forecast:389 -   South West       Lagos        * Maize (yellow)        N     543,904/MT  +0.00%
2026-05-31 18:04:46.884 | INFO     | __main__:run_zonal_forecast:389 -   South East       Anambra      * Cocoa                 N   6,485,228/MT  +0.00%
2026-05-31 18:04:46.884 | INFO     | __main__:run_zonal_forecast:389 -   South East       Anambra      * Cashew Nuts           N   2,227,261/MT  +0.00%
2026-05-31 18:04:46.884 | INFO     | __main__:run_zonal_forecast:389 -   South East       Anambra      * Beans (white)         N   1,008,892/MT  +0.00%
2026-05-31 18:04:46.884 | INFO     | __main__:run_zonal_forecast:389 -   South East       Anambra      * Beans (red)           N   1,009,938/MT  +0.00%
2026-05-31 18:04:46.884 | INFO     | __main__:run_zonal_forecast:389 -   South East       Anambra      * Maize (white)         N     447,995/MT  +0.00%
2026-05-31 18:04:46.891 | INFO     | __main__:run_zonal_forecast:389 -   South East       Imo          * Cocoa                 N   5,620,531/MT  +0.00%
2026-05-31 18:04:46.891 | INFO     | __main__:run_zonal_forecast:389 -   South East       Imo          * Cashew Nuts           N   2,146,269/MT  +0.00%
2026-05-31 18:04:46.891 | INFO     | __main__:run_zonal_forecast:389 -   South East       Imo          * Beans (white)         N     983,242/MT  +0.00%
2026-05-31 18:04:46.891 | INFO     | __main__:run_zonal_forecast:389 -   South East       Imo          * Maize (white)         N     436,796/MT  +0.00%
2026-05-31 18:04:46.891 | INFO     | __main__:run_zonal_forecast:389 -   South South      Rivers       * Hibiscus              N   2,514,139/MT  +0.00%
2026-05-31 18:04:46.893 | INFO     | __main__:run_zonal_forecast:389 -   South South      Rivers       * Sesame                N   1,866,747/MT  +0.00%
2026-05-31 18:04:46.893 | INFO     | __main__:run_zonal_forecast:389 -   South South      Rivers       * Cocoa                 N   6,485,228/MT  +0.00%
2026-05-31 18:04:46.893 | INFO     | __main__:run_zonal_forecast:389 -   South South      Rivers       * Beans (white)         N   1,043,092/MT  +0.00%
2026-05-31 18:04:46.893 | INFO     | __main__:run_zonal_forecast:389 -   South South      Rivers       * Beans (red)           N   1,053,849/MT  +0.00%
2026-05-31 18:04:46.893 | INFO     | __main__:run_zonal_forecast:389 -   South South      Rivers       * Maize (white)         N     466,662/MT  +0.00%
2026-05-31 18:04:46.893 | INFO     | __main__:run_zonal_forecast:389 -   South South      Delta        * Hibiscus              N   2,424,348/MT  +0.00%
2026-05-31 18:04:46.893 | INFO     | __main__:run_zonal_forecast:389 -   South South      Delta        * Sesame                N   1,835,107/MT  +0.00%
2026-05-31 18:04:46.899 | INFO     | __main__:run_zonal_forecast:389 -   South South      Delta        * Cocoa                 N   5,744,059/MT  +0.00%
2026-05-31 18:04:46.899 | INFO     | __main__:run_zonal_forecast:389 -   South South      Delta        * Soybeans              N     904,370/MT  +0.00%
2026-05-31 18:04:46.899 | INFO     | __main__:run_zonal_forecast:389 -   South South      Delta        * Beans (white)         N   1,000,342/MT  +0.00%
2026-05-31 18:04:46.901 | INFO     | __main__:run_zonal_forecast:389 -   South South      Delta        * Maize (white)         N     447,995/MT  +0.00%
2026-05-31 18:04:47.162 | SUCCESS  | __main__:run_zonal_forecast:403 -   Zonal JSON  -> C:\Users\USER\Downloads\agrolinking-intel-structure\agrolinking-intel\outputs\forecasts\zonal\zonal_forecast_2026-05-31.json
2026-05-31 18:04:47.168 | SUCCESS  | __main__:run_zonal_forecast:409 -   Zonal alert -> C:\Users\USER\Downloads\agrolinking-intel-structure\agrolinking-intel\outputs\daily_alerts\alert_zonal_2026-05-31.txt
2026-05-31 18:04:47.168 | INFO     | __main__:run_zonal_forecast:411 - 
2026-05-31 18:04:47.168 | INFO     | __main__:run_zonal_forecast:412 - =================================================================
2026-05-31 18:04:47.168 | INFO     | __main__:run_zonal_forecast:414 -   ================================================
2026-05-31 18:04:47.168 | INFO     | __main__:run_zonal_forecast:414 -   AGROLINKING ZONAL COMMODITY INTELLIGENCE
2026-05-31 18:04:47.168 | INFO     | __main__:run_zonal_forecast:414 -   Date: Sunday, 31 May 2026
2026-05-31 18:04:47.168 | INFO     | __main__:run_zonal_forecast:414 -   6 Zones | 12 States | 12 Commodities
2026-05-31 18:04:47.168 | INFO     | __main__:run_zonal_forecast:414 -   ================================================
2026-05-31 18:04:47.168 | INFO     | __main__:run_zonal_forecast:414 -   
2026-05-31 18:04:47.168 | INFO     | __main__:run_zonal_forecast:414 -   NORTH WEST (Kano & Kaduna)
2026-05-31 18:04:47.168 | INFO     | __main__:run_zonal_forecast:414 -   Nigeria's main grain belt. Highest Maize, Sorghum, Sesame, Wheat production.
2026-05-31 18:04:47.174 | INFO     | __main__:run_zonal_forecast:414 -   
2026-05-31 18:04:47.174 | INFO     | __main__:run_zonal_forecast:414 -     Commodity           Kano                Kaduna            
2026-05-31 18:04:47.174 | INFO     | __main__:run_zonal_forecast:414 -     ------------------------------------------------------------
2026-05-31 18:04:47.174 | INFO     | __main__:run_zonal_forecast:414 -     Hibiscus                N2.13M                N2.09M            
2026-05-31 18:04:47.174 | INFO     | __main__:run_zonal_forecast:414 -     Sesame                * N1.31M                N1.34M            
2026-05-31 18:04:47.174 | INFO     | __main__:run_zonal_forecast:414 -     Ginger                  N11.70M             * N8.60M            
2026-05-31 18:04:47.176 | INFO     | __main__:run_zonal_forecast:414 -     Cocoa                   N6.30M                N6.49M            
2026-05-31 18:04:47.176 | INFO     | __main__:run_zonal_forecast:414 -     Soybeans                N714K               * N666K             
2026-05-31 18:04:47.176 | INFO     | __main__:run_zonal_forecast:414 -     Cashew Nuts             N2.02M                N2.07M            
2026-05-31 18:04:47.177 | INFO     | __main__:run_zonal_forecast:414 -     Sorghum               * N346K               * N355K             
2026-05-31 18:04:47.177 | INFO     | __main__:run_zonal_forecast:414 -     Beans (white)         * N744K                 N752K             
2026-05-31 18:04:47.177 | INFO     | __main__:run_zonal_forecast:414 -     Beans (red)             N790K                 N799K             
2026-05-31 18:04:47.177 | INFO     | __main__:run_zonal_forecast:414 -     Maize (white)         * N299K               * N302K             
2026-05-31 18:04:47.177 | INFO     | __main__:run_zonal_forecast:414 -     Maize (yellow)        * N335K               * N339K             
2026-05-31 18:04:47.177 | INFO     | __main__:run_zonal_forecast:414 -     Wheat                 * N649K               * N635K             
2026-05-31 18:04:47.177 | INFO     | __main__:run_zonal_forecast:414 -     Rice                    N1.54M              * N1.51M            
2026-05-31 18:04:47.177 | INFO     | __main__:run_zonal_forecast:414 -   
2026-05-31 18:04:47.180 | INFO     | __main__:run_zonal_forecast:414 -   NORTH CENTRAL (Plateau & Kogi)
2026-05-31 18:04:47.180 | INFO     | __main__:run_zonal_forecast:414 -   Middle Belt. Ginger heartland (Plateau), Cashew/Cocoa belt (Kogi).
2026-05-31 18:04:47.180 | INFO     | __main__:run_zonal_forecast:414 -   
2026-05-31 18:04:47.180 | INFO     | __main__:run_zonal_forecast:414 -     Commodity           Plateau             Kogi              
2026-05-31 18:04:47.182 | INFO     | __main__:run_zonal_forecast:414 -     ------------------------------------------------------------
2026-05-31 18:04:47.182 | INFO     | __main__:run_zonal_forecast:414 -     Hibiscus                N2.18M                N2.15M            
2026-05-31 18:04:47.182 | INFO     | __main__:run_zonal_forecast:414 -     Sesame                  N1.52M                N1.53M            
2026-05-31 18:04:47.182 | INFO     | __main__:run_zonal_forecast:414 -     Ginger                * N8.96M                N11.23M           
2026-05-31 18:04:47.182 | INFO     | __main__:run_zonal_forecast:414 -     Cocoa                   N6.67M              * N5.44M            
2026-05-31 18:04:47.182 | INFO     | __main__:run_zonal_forecast:414 -     Soybeans              * N658K               * N690K             
2026-05-31 18:04:47.182 | INFO     | __main__:run_zonal_forecast:414 -     Cashew Nuts             N2.13M              * N1.62M            
2026-05-31 18:04:47.182 | INFO     | __main__:run_zonal_forecast:414 -     Sorghum                 N408K               * N403K             
2026-05-31 18:04:47.182 | INFO     | __main__:run_zonal_forecast:414 -     Beans (white)         * N769K               * N787K             
2026-05-31 18:04:47.182 | INFO     | __main__:run_zonal_forecast:414 -     Beans (red)             N834K                 N826K             
2026-05-31 18:04:47.182 | INFO     | __main__:run_zonal_forecast:414 -     Maize (white)         * N325K               * N336K             
2026-05-31 18:04:47.182 | INFO     | __main__:run_zonal_forecast:414 -     Maize (yellow)          N368K                 N381K             
2026-05-31 18:04:47.182 | INFO     | __main__:run_zonal_forecast:414 -     Wheat                 * N664K                 N708K             
2026-05-31 18:04:47.182 | INFO     | __main__:run_zonal_forecast:414 -     Rice                  * N1.46M                N1.58M            
2026-05-31 18:04:47.182 | INFO     | __main__:run_zonal_forecast:414 -   
2026-05-31 18:04:47.182 | INFO     | __main__:run_zonal_forecast:414 -   NORTH EAST (Adamawa & Borno)
2026-05-31 18:04:47.182 | INFO     | __main__:run_zonal_forecast:414 -   Semi-arid. Sorghum, Maize. Conflict premium on imports in Borno.
2026-05-31 18:04:47.182 | INFO     | __main__:run_zonal_forecast:414 -   
2026-05-31 18:04:47.182 | INFO     | __main__:run_zonal_forecast:414 -     Commodity           Adamawa             Borno             
2026-05-31 18:04:47.182 | INFO     | __main__:run_zonal_forecast:414 -     ------------------------------------------------------------
2026-05-31 18:04:47.182 | INFO     | __main__:run_zonal_forecast:414 -     Hibiscus                N2.20M                N2.36M            
2026-05-31 18:04:47.182 | INFO     | __main__:run_zonal_forecast:414 -     Sesame                * N1.36M              * N1.41M            
2026-05-31 18:04:47.191 | INFO     | __main__:run_zonal_forecast:414 -     Ginger                * N9.91M                N13.74M           
2026-05-31 18:04:47.191 | INFO     | __main__:run_zonal_forecast:414 -     Cocoa                   N6.49M                N7.29M            
2026-05-31 18:04:47.192 | INFO     | __main__:run_zonal_forecast:414 -     Soybeans              * N706K                 N857K             
2026-05-31 18:04:47.192 | INFO     | __main__:run_zonal_forecast:414 -     Cashew Nuts             N2.11M                N2.33M            
2026-05-31 18:04:47.192 | INFO     | __main__:run_zonal_forecast:414 -     Sorghum               * N386K               * N408K             
2026-05-31 18:04:47.192 | INFO     | __main__:run_zonal_forecast:414 -     Beans (white)         * N787K               * N906K             
2026-05-31 18:04:47.192 | INFO     | __main__:run_zonal_forecast:414 -     Beans (red)             N834K                 N966K             
2026-05-31 18:04:47.192 | INFO     | __main__:run_zonal_forecast:414 -     Maize (white)         * N329K               * N403K             
2026-05-31 18:04:47.192 | INFO     | __main__:run_zonal_forecast:414 -     Maize (yellow)          N372K                 N452K             
2026-05-31 18:04:47.192 | INFO     | __main__:run_zonal_forecast:414 -     Wheat                   N715K               * N817K             
2026-05-31 18:04:47.192 | INFO     | __main__:run_zonal_forecast:414 -     Rice                    N1.66M                N1.79M            
2026-05-31 18:04:47.196 | INFO     | __main__:run_zonal_forecast:414 -   
2026-05-31 18:04:47.196 | INFO     | __main__:run_zonal_forecast:414 -   SOUTH WEST (Oyo & Lagos)
2026-05-31 18:04:47.196 | INFO     | __main__:run_zonal_forecast:414 -   Commercial capital. Lagos is the price-setter for consumer markets.
2026-05-31 18:04:47.196 | INFO     | __main__:run_zonal_forecast:414 -   
2026-05-31 18:04:47.196 | INFO     | __main__:run_zonal_forecast:414 -     Commodity           Oyo                 Lagos             
2026-05-31 18:04:47.196 | INFO     | __main__:run_zonal_forecast:414 -     ------------------------------------------------------------
2026-05-31 18:04:47.196 | INFO     | __main__:run_zonal_forecast:414 -     Hibiscus              * N2.31M              * N2.58M            
2026-05-31 18:04:47.199 | INFO     | __main__:run_zonal_forecast:414 -     Sesame                  N1.68M              * N1.87M            
2026-05-31 18:04:47.199 | INFO     | __main__:run_zonal_forecast:414 -     Ginger                  N12.90M               N14.33M           
2026-05-31 18:04:47.199 | INFO     | __main__:run_zonal_forecast:414 -     Cocoa                 * N5.50M              * N6.67M            
2026-05-31 18:04:47.199 | INFO     | __main__:run_zonal_forecast:414 -     Soybeans              * N825K               * N968K             
2026-05-31 18:04:47.199 | INFO     | __main__:run_zonal_forecast:414 -     Cashew Nuts           * N1.74M                N2.23M            
2026-05-31 18:04:47.199 | INFO     | __main__:run_zonal_forecast:414 -     Sorghum                 N465K                 N523K             
2026-05-31 18:04:47.199 | INFO     | __main__:run_zonal_forecast:414 -     Beans (white)         * N940K               * N1.09M            
2026-05-31 18:04:47.199 | INFO     | __main__:run_zonal_forecast:414 -     Beans (red)             N984K               * N1.10M            
2026-05-31 18:04:47.199 | INFO     | __main__:run_zonal_forecast:414 -     Maize (white)         * N403K               * N485K             
2026-05-31 18:04:47.199 | INFO     | __main__:run_zonal_forecast:414 -     Maize (yellow)          N452K               * N544K             
2026-05-31 18:04:47.199 | INFO     | __main__:run_zonal_forecast:414 -     Wheat                   N802K                 N839K             
2026-05-31 18:04:47.199 | INFO     | __main__:run_zonal_forecast:414 -     Rice                    N1.76M                N1.92M            
2026-05-31 18:04:47.199 | INFO     | __main__:run_zonal_forecast:414 -   
2026-05-31 18:04:47.199 | INFO     | __main__:run_zonal_forecast:414 -   SOUTH EAST (Anambra & Imo)
2026-05-31 18:04:47.199 | INFO     | __main__:run_zonal_forecast:414 -   High consumption, low production of traded commodities. Import-dependent.
2026-05-31 18:04:47.199 | INFO     | __main__:run_zonal_forecast:414 -   
2026-05-31 18:04:47.199 | INFO     | __main__:run_zonal_forecast:414 -     Commodity           Anambra             Imo               
2026-05-31 18:04:47.199 | INFO     | __main__:run_zonal_forecast:414 -     ------------------------------------------------------------
2026-05-31 18:04:47.199 | INFO     | __main__:run_zonal_forecast:414 -     Hibiscus                N2.51M                N2.47M            
2026-05-31 18:04:47.199 | INFO     | __main__:run_zonal_forecast:414 -     Sesame                  N1.84M                N1.80M            
2026-05-31 18:04:47.199 | INFO     | __main__:run_zonal_forecast:414 -     Ginger                  N13.74M               N13.38M           
2026-05-31 18:04:47.207 | INFO     | __main__:run_zonal_forecast:414 -     Cocoa                 * N6.49M              * N5.62M            
2026-05-31 18:04:47.209 | INFO     | __main__:run_zonal_forecast:414 -     Soybeans                N904K                 N889K             
2026-05-31 18:04:47.209 | INFO     | __main__:run_zonal_forecast:414 -     Cashew Nuts           * N2.23M              * N2.15M            
2026-05-31 18:04:47.209 | INFO     | __main__:run_zonal_forecast:414 -     Sorghum                 N505K                 N496K             
2026-05-31 18:04:47.209 | INFO     | __main__:run_zonal_forecast:414 -     Beans (white)         * N1.01M              * N983K             
2026-05-31 18:04:47.211 | INFO     | __main__:run_zonal_forecast:414 -     Beans (red)           * N1.01M                N992K             
2026-05-31 18:04:47.211 | INFO     | __main__:run_zonal_forecast:414 -     Maize (white)         * N448K               * N437K             
2026-05-31 18:04:47.211 | INFO     | __main__:run_zonal_forecast:414 -     Maize (yellow)          N502K                 N490K             
2026-05-31 18:04:47.211 | INFO     | __main__:run_zonal_forecast:414 -     Wheat                   N861K                 N846K             
2026-05-31 18:04:47.211 | INFO     | __main__:run_zonal_forecast:414 -     Rice                    N1.82M                N1.79M            
2026-05-31 18:04:47.211 | INFO     | __main__:run_zonal_forecast:414 -   
2026-05-31 18:04:47.211 | INFO     | __main__:run_zonal_forecast:414 -   SOUTH SOUTH (Rivers & Delta)
2026-05-31 18:04:47.211 | INFO     | __main__:run_zonal_forecast:414 -   Oil belt. High purchasing power. Cocoa producer (Delta).
2026-05-31 18:04:47.211 | INFO     | __main__:run_zonal_forecast:414 -   
2026-05-31 18:04:47.211 | INFO     | __main__:run_zonal_forecast:414 -     Commodity           Rivers              Delta             
2026-05-31 18:04:47.215 | INFO     | __main__:run_zonal_forecast:414 -     ------------------------------------------------------------
2026-05-31 18:04:47.215 | INFO     | __main__:run_zonal_forecast:414 -     Hibiscus              * N2.51M              * N2.42M            
2026-05-31 18:04:47.215 | INFO     | __main__:run_zonal_forecast:414 -     Sesame                * N1.87M              * N1.84M            
2026-05-31 18:04:47.215 | INFO     | __main__:run_zonal_forecast:414 -     Ginger                  N14.33M               N13.74M           
2026-05-31 18:04:47.215 | INFO     | __main__:run_zonal_forecast:414 -     Cocoa                 * N6.49M              * N5.74M            
2026-05-31 18:04:47.215 | INFO     | __main__:run_zonal_forecast:414 -     Soybeans                N936K               * N904K             
2026-05-31 18:04:47.215 | INFO     | __main__:run_zonal_forecast:414 -     Cashew Nuts             N2.33M                N2.23M            
2026-05-31 18:04:47.220 | INFO     | __main__:run_zonal_forecast:414 -     Sorghum                 N532K                 N523K             
2026-05-31 18:04:47.220 | INFO     | __main__:run_zonal_forecast:414 -     Beans (white)         * N1.04M              * N1.00M            
2026-05-31 18:04:47.220 | INFO     | __main__:run_zonal_forecast:414 -     Beans (red)           * N1.05M                N1.01M            
2026-05-31 18:04:47.220 | INFO     | __main__:run_zonal_forecast:414 -     Maize (white)         * N467K               * N448K             
2026-05-31 18:04:47.220 | INFO     | __main__:run_zonal_forecast:414 -     Maize (yellow)          N523K                 N502K             
2026-05-31 18:04:47.222 | INFO     | __main__:run_zonal_forecast:414 -     Wheat                   N890K                 N875K             
2026-05-31 18:04:47.222 | INFO     | __main__:run_zonal_forecast:414 -     Rice                    N1.87M                N1.82M            
2026-05-31 18:04:47.223 | INFO     | __main__:run_zonal_forecast:414 -   
2026-05-31 18:04:47.223 | INFO     | __main__:run_zonal_forecast:414 -   ==========================================================
2026-05-31 18:04:47.223 | INFO     | __main__:run_zonal_forecast:414 -   * = primary commodity  (+/-%) = day-on-day change
2026-05-31 18:04:47.223 | INFO     | __main__:run_zonal_forecast:414 -   
2026-05-31 18:04:47.223 | INFO     | __main__:run_zonal_forecast:414 -   NATIONAL PRICE CHANGES TODAY:
2026-05-31 18:04:47.225 | INFO     | __main__:run_zonal_forecast:414 -     Commodity                   Price   Day Chg    vs Ref
2026-05-31 18:04:47.227 | INFO     | __main__:run_zonal_forecast:414 -     ------------------------------------------------------
2026-05-31 18:04:47.227 | INFO     | __main__:run_zonal_forecast:414 -     Hibiscus                   N2.24M    +0.00%    -3.45%
2026-05-31 18:04:47.227 | INFO     | __main__:run_zonal_forecast:414 -     Sesame                     N1.58M    +0.00%    -4.12%
2026-05-31 18:04:47.227 | INFO     | __main__:run_zonal_forecast:414 -     Ginger                    N11.94M    +0.00%    -0.47%
2026-05-31 18:04:47.230 | INFO     | __main__:run_zonal_forecast:414 -     Cocoa                      N6.18M    +0.00%    +9.32%
2026-05-31 18:04:47.230 | INFO     | __main__:run_zonal_forecast:414 -     Soybeans                    N793K    +0.00%    +6.48%
2026-05-31 18:04:47.230 | INFO     | __main__:run_zonal_forecast:414 -     Cashew Nuts                N2.02M    +0.00%    +3.83%
2026-05-31 18:04:47.230 | INFO     | __main__:run_zonal_forecast:414 -     Sorghum                     N443K    +0.00%    +5.52%
2026-05-31 18:04:47.230 | INFO     | __main__:run_zonal_forecast:414 -     Beans (white)               N855K    +0.00%    +5.17%
2026-05-31 18:04:47.232 | INFO     | __main__:run_zonal_forecast:414 -     Beans (red)                 N878K    +0.00%    -4.02%
2026-05-31 18:04:47.232 | INFO     | __main__:run_zonal_forecast:414 -     Maize (white)               N373K    +0.00%    +0.90%
2026-05-31 18:04:47.232 | INFO     | __main__:run_zonal_forecast:414 -     Maize (yellow)              N418K    +0.00%    +4.60%
2026-05-31 18:04:47.232 | INFO     | __main__:run_zonal_forecast:414 -     Wheat                       N729K    +0.00%    +3.20%
2026-05-31 18:04:47.234 | INFO     | __main__:run_zonal_forecast:414 -     Rice                       N1.63M    +0.00%    +4.86%
2026-05-31 18:04:47.234 | INFO     | __main__:run_zonal_forecast:414 -   
2026-05-31 18:04:47.234 | INFO     | __main__:run_zonal_forecast:414 -   BEST SOURCING NATIONALLY:
2026-05-31 18:04:47.234 | INFO     | __main__:run_zonal_forecast:414 -     Commodity              Best State           Price  Spread
2026-05-31 18:04:47.234 | INFO     | __main__:run_zonal_forecast:414 -     ------------------------------------------------------------
2026-05-31 18:04:47.236 | INFO     | __main__:run_zonal_forecast:414 -     Hibiscus               Kaduna              N2.09M  24% vs Lagos
2026-05-31 18:04:47.236 | INFO     | __main__:run_zonal_forecast:414 -     Sesame                 Kano                N1.31M  42% vs Lagos
2026-05-31 18:04:47.236 | INFO     | __main__:run_zonal_forecast:414 -     Ginger                 Kaduna              N8.60M  67% vs Lagos
2026-05-31 18:04:47.236 | INFO     | __main__:run_zonal_forecast:414 -     Cocoa                  Kogi                N5.44M  34% vs Borno
2026-05-31 18:04:47.236 | INFO     | __main__:run_zonal_forecast:414 -     Soybeans               Plateau              N658K  47% vs Lagos
2026-05-31 18:04:47.236 | INFO     | __main__:run_zonal_forecast:414 -     Cashew Nuts            Kogi                N1.62M  44% vs Borno
2026-05-31 18:04:47.236 | INFO     | __main__:run_zonal_forecast:414 -     Sorghum                Kano                 N346K  54% vs Rivers
2026-05-31 18:04:47.236 | INFO     | __main__:run_zonal_forecast:414 -     Beans (white)          Kano                 N744K  47% vs Lagos
2026-05-31 18:04:47.240 | INFO     | __main__:run_zonal_forecast:414 -     Beans (red)            Kano                 N790K  39% vs Lagos
2026-05-31 18:04:47.240 | INFO     | __main__:run_zonal_forecast:414 -     Maize (white)          Kano                 N299K  62% vs Lagos
2026-05-31 18:04:47.240 | INFO     | __main__:run_zonal_forecast:414 -     Maize (yellow)         Kano                 N335K  62% vs Lagos
2026-05-31 18:04:47.240 | INFO     | __main__:run_zonal_forecast:414 -     Wheat                  Kaduna               N635K  40% vs Rivers
2026-05-31 18:04:47.240 | INFO     | __main__:run_zonal_forecast:414 -     Rice                   Plateau             N1.46M  31% vs Lagos
2026-05-31 18:04:47.243 | INFO     | __main__:run_zonal_forecast:414 -   
2026-05-31 18:04:47.243 | INFO     | __main__:run_zonal_forecast:414 -   ==========================================================
2026-05-31 18:04:47.243 | INFO     | __main__:run_zonal_forecast:414 -   Source: Agrolinking Intelligence Platform
2026-05-31 18:04:47.243 | INFO     | __main__:run_zonal_forecast:414 -   Next update: 01 Jun 2026
2026-05-31 18:04:47.245 | INFO     | __main__:run_zonal_forecast:415 - =================================================================
2026-05-31 18:04:47.245 | SUCCESS  | __main__:run_zonal_forecast:416 - ZONAL FORECASTING COMPLETE — 6 zones | 12 states | 13 commodities
2026-05-31 18:16:59.943 | INFO     | __main__:run_zonal_forecast:355 - =================================================================
2026-05-31 18:16:59.946 | INFO     | __main__:run_zonal_forecast:356 - STEP 7 — ZONAL & STATE-LEVEL FORECASTING
2026-05-31 18:16:59.947 | INFO     | __main__:run_zonal_forecast:357 -   Date  : Sunday, 31 May 2026  18:16
2026-05-31 18:16:59.948 | INFO     | __main__:run_zonal_forecast:358 -   Anchor: DAILY INTERPOLATED (from last_known_date, drifts daily)
2026-05-31 18:16:59.948 | INFO     | __main__:run_zonal_forecast:359 - =================================================================
2026-05-31 18:17:00.049 | INFO     | __main__:run_zonal_forecast:362 -   Source: forecast_validated_2026-05-30.json
2026-05-31 18:17:00.049 | INFO     | __main__:run_zonal_forecast:369 -   Maize (white): last_known=2026-06-05, days_elapsed=-5
2026-05-31 18:17:00.057 | INFO     | __main__:run_zonal_forecast:369 -   Hibiscus: last_known=2026-06-05, days_elapsed=-5
2026-05-31 18:17:00.059 | INFO     | __main__:run_zonal_forecast:369 -   Sesame: last_known=2026-06-05, days_elapsed=-5
2026-05-31 18:17:00.059 | INFO     | __main__:build_zonal_output:176 - 
2026-05-31 18:17:00.059 | INFO     | __main__:build_zonal_output:177 -   NATIONAL ANCHORS (interpolated from last_known_date to today):
2026-05-31 18:17:00.059 | INFO     | __main__:build_zonal_output:178 -   Commodity                 Today Price   Day Chg    vs Ref  Source
2026-05-31 18:17:00.059 | INFO     | __main__:build_zonal_output:179 -   --------------------------------------------------------------------------------
2026-05-31 18:17:00.059 | DEBUG    | __main__:get_daily_price:81 -   last_known_date 2026-06-05 is in future. Capping to 7 days ago.
2026-05-31 18:17:00.059 | DEBUG    | __main__:get_daily_price:108 -   last_known=2026-06-05, run=2026-05-31, elapsed=7d
2026-05-31 18:17:00.063 | DEBUG    | __main__:get_daily_price:81 -   last_known_date 2026-06-05 is in future. Capping to 7 days ago.
2026-05-31 18:17:00.063 | DEBUG    | __main__:get_daily_price:108 -   last_known=2026-06-05, run=2026-05-30, elapsed=7d
2026-05-31 18:17:00.063 | INFO     | __main__:build_zonal_output:209 -   Hibiscus               N   2,244,767    +0.00%   -3.45%  interp d7 (daily..weekly | -3.45% v
2026-05-31 18:17:00.063 | DEBUG    | __main__:get_daily_price:81 -   last_known_date 2026-06-05 is in future. Capping to 7 days ago.
2026-05-31 18:17:00.063 | DEBUG    | __main__:get_daily_price:108 -   last_known=2026-06-05, run=2026-05-31, elapsed=7d
2026-05-31 18:17:00.065 | DEBUG    | __main__:get_daily_price:81 -   last_known_date 2026-06-05 is in future. Capping to 7 days ago.
2026-05-31 18:17:00.065 | DEBUG    | __main__:get_daily_price:108 -   last_known=2026-06-05, run=2026-05-30, elapsed=7d
2026-05-31 18:17:00.066 | INFO     | __main__:build_zonal_output:209 -   Sesame                 N   1,581,989    +0.00%   -4.12%  interp d7 (daily..weekly | -4.12% v
2026-05-31 18:17:00.066 | DEBUG    | __main__:get_daily_price:81 -   last_known_date 2026-06-05 is in future. Capping to 7 days ago.
2026-05-31 18:17:00.066 | DEBUG    | __main__:get_daily_price:108 -   last_known=2026-06-05, run=2026-05-31, elapsed=7d
2026-05-31 18:17:00.067 | DEBUG    | __main__:get_daily_price:81 -   last_known_date 2026-06-05 is in future. Capping to 7 days ago.
2026-05-31 18:17:00.067 | DEBUG    | __main__:get_daily_price:108 -   last_known=2026-06-05, run=2026-05-30, elapsed=7d
2026-05-31 18:17:00.068 | INFO     | __main__:build_zonal_output:209 -   Ginger                 N  11,943,696    +0.00%   -0.47%  interp d7 (daily..weekly | -0.47% v
2026-05-31 18:17:00.068 | DEBUG    | __main__:get_daily_price:81 -   last_known_date 2026-06-05 is in future. Capping to 7 days ago.
2026-05-31 18:17:00.068 | DEBUG    | __main__:get_daily_price:108 -   last_known=2026-06-05, run=2026-05-31, elapsed=7d
2026-05-31 18:17:00.068 | DEBUG    | __main__:get_daily_price:81 -   last_known_date 2026-06-05 is in future. Capping to 7 days ago.
2026-05-31 18:17:00.068 | DEBUG    | __main__:get_daily_price:108 -   last_known=2026-06-05, run=2026-05-30, elapsed=7d
2026-05-31 18:17:00.071 | INFO     | __main__:build_zonal_output:209 -   Cocoa                  N   6,176,407    +0.00%  + +9.32%  interp d7 (daily..weekly | +9.32% v
2026-05-31 18:17:00.071 | DEBUG    | __main__:get_daily_price:81 -   last_known_date 2026-06-05 is in future. Capping to 7 days ago.
2026-05-31 18:17:00.071 | DEBUG    | __main__:get_daily_price:108 -   last_known=2026-06-05, run=2026-05-31, elapsed=7d
2026-05-31 18:17:00.072 | DEBUG    | __main__:get_daily_price:81 -   last_known_date 2026-06-05 is in future. Capping to 7 days ago.
2026-05-31 18:17:00.072 | DEBUG    | __main__:get_daily_price:108 -   last_known=2026-06-05, run=2026-05-30, elapsed=7d
2026-05-31 18:17:00.072 | INFO     | __main__:build_zonal_output:209 -   Soybeans               N     793,307    +0.00%  + +6.48%  interp d7 (daily..weekly | +6.48% v
2026-05-31 18:17:00.072 | DEBUG    | __main__:get_daily_price:81 -   last_known_date 2026-06-05 is in future. Capping to 7 days ago.
2026-05-31 18:17:00.072 | DEBUG    | __main__:get_daily_price:108 -   last_known=2026-06-05, run=2026-05-31, elapsed=7d
2026-05-31 18:17:00.072 | DEBUG    | __main__:get_daily_price:81 -   last_known_date 2026-06-05 is in future. Capping to 7 days ago.
2026-05-31 18:17:00.072 | DEBUG    | __main__:get_daily_price:108 -   last_known=2026-06-05, run=2026-05-30, elapsed=7d
2026-05-31 18:17:00.072 | INFO     | __main__:build_zonal_output:209 -   Cashew Nuts            N   2,024,782    +0.00%  + +3.83%  interp d7 (daily..weekly | +3.83% v
2026-05-31 18:17:00.074 | DEBUG    | __main__:get_daily_price:81 -   last_known_date 2026-06-05 is in future. Capping to 7 days ago.
2026-05-31 18:17:00.074 | DEBUG    | __main__:get_daily_price:108 -   last_known=2026-06-05, run=2026-05-31, elapsed=7d
2026-05-31 18:17:00.074 | DEBUG    | __main__:get_daily_price:81 -   last_known_date 2026-06-05 is in future. Capping to 7 days ago.
2026-05-31 18:17:00.075 | DEBUG    | __main__:get_daily_price:108 -   last_known=2026-06-05, run=2026-05-30, elapsed=7d
2026-05-31 18:17:00.075 | INFO     | __main__:build_zonal_output:209 -   Sorghum                N     443,188    +0.00%  + +5.52%  interp d7 (daily..weekly | +5.52% v
2026-05-31 18:17:00.075 | DEBUG    | __main__:get_daily_price:81 -   last_known_date 2026-06-05 is in future. Capping to 7 days ago.
2026-05-31 18:17:00.075 | DEBUG    | __main__:get_daily_price:108 -   last_known=2026-06-05, run=2026-05-31, elapsed=7d
2026-05-31 18:17:00.075 | DEBUG    | __main__:get_daily_price:81 -   last_known_date 2026-06-05 is in future. Capping to 7 days ago.
2026-05-31 18:17:00.075 | DEBUG    | __main__:get_daily_price:108 -   last_known=2026-06-05, run=2026-05-30, elapsed=7d
2026-05-31 18:17:00.075 | INFO     | __main__:build_zonal_output:209 -   Beans (white)          N     854,993    +0.00%  + +5.17%  interp d7 (daily..weekly | +5.17% v
2026-05-31 18:17:00.077 | DEBUG    | __main__:get_daily_price:81 -   last_known_date 2026-06-05 is in future. Capping to 7 days ago.
2026-05-31 18:17:00.078 | DEBUG    | __main__:get_daily_price:108 -   last_known=2026-06-05, run=2026-05-31, elapsed=7d
2026-05-31 18:17:00.078 | DEBUG    | __main__:get_daily_price:81 -   last_known_date 2026-06-05 is in future. Capping to 7 days ago.
2026-05-31 18:17:00.078 | DEBUG    | __main__:get_daily_price:108 -   last_known=2026-06-05, run=2026-05-30, elapsed=7d
2026-05-31 18:17:00.079 | INFO     | __main__:build_zonal_output:209 -   Beans (red)            N     878,207    +0.00%   -4.02%  interp d7 (daily..weekly | -4.02% v
2026-05-31 18:17:00.079 | DEBUG    | __main__:get_daily_price:81 -   last_known_date 2026-06-05 is in future. Capping to 7 days ago.
2026-05-31 18:17:00.079 | DEBUG    | __main__:get_daily_price:108 -   last_known=2026-06-05, run=2026-05-31, elapsed=7d
2026-05-31 18:17:00.079 | DEBUG    | __main__:get_daily_price:81 -   last_known_date 2026-06-05 is in future. Capping to 7 days ago.
2026-05-31 18:17:00.079 | DEBUG    | __main__:get_daily_price:108 -   last_known=2026-06-05, run=2026-05-30, elapsed=7d
2026-05-31 18:17:00.081 | INFO     | __main__:build_zonal_output:209 -   Maize (white)          N     373,330    +0.00%  + +0.90%  interp d7 (daily..weekly | +0.90% v
2026-05-31 18:17:00.081 | DEBUG    | __main__:get_daily_price:81 -   last_known_date 2026-06-05 is in future. Capping to 7 days ago.
2026-05-31 18:17:00.083 | DEBUG    | __main__:get_daily_price:108 -   last_known=2026-06-05, run=2026-05-31, elapsed=7d
2026-05-31 18:17:00.083 | DEBUG    | __main__:get_daily_price:81 -   last_known_date 2026-06-05 is in future. Capping to 7 days ago.
2026-05-31 18:17:00.083 | DEBUG    | __main__:get_daily_price:108 -   last_known=2026-06-05, run=2026-05-30, elapsed=7d
2026-05-31 18:17:00.083 | INFO     | __main__:build_zonal_output:209 -   Maize (yellow)         N     418,388    +0.00%  + +4.60%  interp d7 (daily..weekly | +4.60% v
2026-05-31 18:17:00.083 | DEBUG    | __main__:get_daily_price:81 -   last_known_date 2026-06-05 is in future. Capping to 7 days ago.
2026-05-31 18:17:00.083 | DEBUG    | __main__:get_daily_price:108 -   last_known=2026-06-05, run=2026-05-31, elapsed=7d
2026-05-31 18:17:00.083 | DEBUG    | __main__:get_daily_price:81 -   last_known_date 2026-06-05 is in future. Capping to 7 days ago.
2026-05-31 18:17:00.083 | DEBUG    | __main__:get_daily_price:108 -   last_known=2026-06-05, run=2026-05-30, elapsed=7d
2026-05-31 18:17:00.083 | INFO     | __main__:build_zonal_output:209 -   Wheat                  N     729,471    +0.00%  + +3.20%  interp d7 (daily..weekly | +3.20% v
2026-05-31 18:17:00.086 | DEBUG    | __main__:get_daily_price:81 -   last_known_date 2026-06-05 is in future. Capping to 7 days ago.
2026-05-31 18:17:00.086 | DEBUG    | __main__:get_daily_price:108 -   last_known=2026-06-05, run=2026-05-31, elapsed=7d
2026-05-31 18:17:00.086 | DEBUG    | __main__:get_daily_price:81 -   last_known_date 2026-06-05 is in future. Capping to 7 days ago.
2026-05-31 18:17:00.086 | DEBUG    | __main__:get_daily_price:108 -   last_known=2026-06-05, run=2026-05-30, elapsed=7d
2026-05-31 18:17:00.086 | INFO     | __main__:build_zonal_output:209 -   Rice                   N   1,625,255    +0.00%  + +4.86%  interp d7 (daily..weekly | +4.86% v
2026-05-31 18:17:00.086 | INFO     | __main__:build_zonal_output:212 - 
2026-05-31 18:17:00.140 | INFO     | __main__:run_zonal_forecast:375 - 
2026-05-31 18:17:00.141 | INFO     | __main__:run_zonal_forecast:376 -   Zone             State        Commodity                 State Price  Day Chg
2026-05-31 18:17:00.141 | INFO     | __main__:run_zonal_forecast:377 -   ------------------------------------------------------------------------
2026-05-31 18:17:00.142 | INFO     | __main__:run_zonal_forecast:384 -   North West       Kano         * Sesame                N   1,313,051/MT  +0.00%
2026-05-31 18:17:00.142 | INFO     | __main__:run_zonal_forecast:384 -   North West       Kano         * Sorghum               N     345,687/MT  +0.00%
2026-05-31 18:17:00.142 | INFO     | __main__:run_zonal_forecast:384 -   North West       Kano         * Beans (white)         N     743,844/MT  +0.00%
2026-05-31 18:17:00.142 | INFO     | __main__:run_zonal_forecast:384 -   North West       Kano         * Maize (white)         N     298,664/MT  +0.00%
2026-05-31 18:17:00.142 | INFO     | __main__:run_zonal_forecast:384 -   North West       Kano         * Maize (yellow)        N     334,710/MT  +0.00%
2026-05-31 18:17:00.145 | INFO     | __main__:run_zonal_forecast:384 -   North West       Kano         * Wheat                 N     649,229/MT  +0.00%
2026-05-31 18:17:00.145 | INFO     | __main__:run_zonal_forecast:384 -   North West       Kaduna       * Ginger                N   8,599,461/MT  +0.00%
2026-05-31 18:17:00.145 | INFO     | __main__:run_zonal_forecast:384 -   North West       Kaduna       * Soybeans              N     666,378/MT  +0.00%
2026-05-31 18:17:00.145 | INFO     | __main__:run_zonal_forecast:384 -   North West       Kaduna       * Sorghum               N     354,550/MT  +0.00%
2026-05-31 18:17:00.145 | INFO     | __main__:run_zonal_forecast:384 -   North West       Kaduna       * Maize (white)         N     302,397/MT  +0.00%
2026-05-31 18:17:00.145 | INFO     | __main__:run_zonal_forecast:384 -   North West       Kaduna       * Maize (yellow)        N     338,894/MT  +0.00%
2026-05-31 18:17:00.145 | INFO     | __main__:run_zonal_forecast:384 -   North West       Kaduna       * Wheat                 N     634,640/MT  +0.00%
2026-05-31 18:17:00.148 | INFO     | __main__:run_zonal_forecast:384 -   North West       Kaduna       * Rice                  N   1,511,487/MT  +0.00%
2026-05-31 18:17:00.148 | INFO     | __main__:run_zonal_forecast:384 -   North Central    Plateau      * Ginger                N   8,957,772/MT  +0.00%
2026-05-31 18:17:00.148 | INFO     | __main__:run_zonal_forecast:384 -   North Central    Plateau      * Soybeans              N     658,445/MT  +0.00%
2026-05-31 18:17:00.148 | INFO     | __main__:run_zonal_forecast:384 -   North Central    Plateau      * Beans (white)         N     769,494/MT  +0.00%
2026-05-31 18:17:00.151 | INFO     | __main__:run_zonal_forecast:384 -   North Central    Plateau      * Maize (white)         N     324,797/MT  +0.00%
2026-05-31 18:17:00.151 | INFO     | __main__:run_zonal_forecast:384 -   North Central    Plateau      * Wheat                 N     663,819/MT  +0.00%
2026-05-31 18:17:00.151 | INFO     | __main__:run_zonal_forecast:384 -   North Central    Plateau      * Rice                  N   1,462,729/MT  +0.00%
2026-05-31 18:17:00.151 | INFO     | __main__:run_zonal_forecast:384 -   North Central    Kogi         * Cocoa                 N   5,435,238/MT  +0.00%
2026-05-31 18:17:00.154 | INFO     | __main__:run_zonal_forecast:384 -   North Central    Kogi         * Soybeans              N     690,177/MT  +0.00%
2026-05-31 18:17:00.154 | INFO     | __main__:run_zonal_forecast:384 -   North Central    Kogi         * Cashew Nuts           N   1,619,826/MT  +0.00%
2026-05-31 18:17:00.154 | INFO     | __main__:run_zonal_forecast:384 -   North Central    Kogi         * Sorghum               N     403,301/MT  +0.00%
2026-05-31 18:17:00.156 | INFO     | __main__:run_zonal_forecast:384 -   North Central    Kogi         * Beans (white)         N     786,594/MT  +0.00%
2026-05-31 18:17:00.156 | INFO     | __main__:run_zonal_forecast:384 -   North Central    Kogi         * Maize (white)         N     335,997/MT  +0.00%
2026-05-31 18:17:00.157 | INFO     | __main__:run_zonal_forecast:384 -   North East       Adamawa      * Sesame                N   1,360,511/MT  +0.00%
2026-05-31 18:17:00.157 | INFO     | __main__:run_zonal_forecast:384 -   North East       Adamawa      * Ginger                N   9,913,268/MT  +0.00%
2026-05-31 18:17:00.157 | INFO     | __main__:run_zonal_forecast:384 -   North East       Adamawa      * Soybeans              N     706,044/MT  +0.00%
2026-05-31 18:17:00.157 | INFO     | __main__:run_zonal_forecast:384 -   North East       Adamawa      * Sorghum               N     385,574/MT  +0.00%
2026-05-31 18:17:00.157 | INFO     | __main__:run_zonal_forecast:384 -   North East       Adamawa      * Beans (white)         N     786,594/MT  +0.00%
2026-05-31 18:17:00.160 | INFO     | __main__:run_zonal_forecast:384 -   North East       Adamawa      * Maize (white)         N     328,530/MT  +0.00%
2026-05-31 18:17:00.162 | INFO     | __main__:run_zonal_forecast:384 -   North East       Borno        * Sesame                N   1,407,970/MT  +0.00%
2026-05-31 18:17:00.162 | INFO     | __main__:run_zonal_forecast:384 -   North East       Borno        * Sorghum               N     407,733/MT  +0.00%
2026-05-31 18:17:00.163 | INFO     | __main__:run_zonal_forecast:384 -   North East       Borno        * Beans (white)         N     906,293/MT  +0.00%
2026-05-31 18:17:00.163 | INFO     | __main__:run_zonal_forecast:384 -   North East       Borno        * Maize (white)         N     403,196/MT  +0.00%
2026-05-31 18:17:00.163 | INFO     | __main__:run_zonal_forecast:384 -   North East       Borno        * Wheat                 N     817,008/MT  +0.00%
2026-05-31 18:17:00.163 | INFO     | __main__:run_zonal_forecast:384 -   South West       Oyo          * Hibiscus              N   2,312,110/MT  +0.00%
2026-05-31 18:17:00.166 | INFO     | __main__:run_zonal_forecast:384 -   South West       Oyo          * Cocoa                 N   5,497,002/MT  +0.00%
2026-05-31 18:17:00.167 | INFO     | __main__:run_zonal_forecast:384 -   South West       Oyo          * Soybeans              N     825,040/MT  +0.00%
2026-05-31 18:17:00.167 | INFO     | __main__:run_zonal_forecast:384 -   South West       Oyo          * Cashew Nuts           N   1,741,313/MT  +0.00%
2026-05-31 18:17:00.167 | INFO     | __main__:run_zonal_forecast:384 -   South West       Oyo          * Beans (white)         N     940,493/MT  +0.00%
2026-05-31 18:17:00.169 | INFO     | __main__:run_zonal_forecast:384 -   South West       Oyo          * Maize (white)         N     403,196/MT  +0.00%
2026-05-31 18:17:00.169 | INFO     | __main__:run_zonal_forecast:384 -   South West       Lagos        * Hibiscus              N   2,581,482/MT  +0.00%
2026-05-31 18:17:00.170 | INFO     | __main__:run_zonal_forecast:384 -   South West       Lagos        * Sesame                N   1,866,747/MT  +0.00%
2026-05-31 18:17:00.170 | INFO     | __main__:run_zonal_forecast:384 -   South West       Lagos        * Cocoa                 N   6,670,520/MT  +0.00%
2026-05-31 18:17:00.170 | INFO     | __main__:run_zonal_forecast:384 -   South West       Lagos        * Soybeans              N     967,835/MT  +0.00%
2026-05-31 18:17:00.170 | INFO     | __main__:run_zonal_forecast:384 -   South West       Lagos        * Beans (white)         N   1,094,391/MT  +0.00%
2026-05-31 18:17:00.172 | INFO     | __main__:run_zonal_forecast:384 -   South West       Lagos        * Beans (red)           N   1,097,759/MT  +0.00%
2026-05-31 18:17:00.172 | INFO     | __main__:run_zonal_forecast:384 -   South West       Lagos        * Maize (white)         N     485,328/MT  +0.00%
2026-05-31 18:17:00.172 | INFO     | __main__:run_zonal_forecast:384 -   South West       Lagos        * Maize (yellow)        N     543,904/MT  +0.00%
2026-05-31 18:17:00.174 | INFO     | __main__:run_zonal_forecast:384 -   South East       Anambra      * Cocoa                 N   6,485,228/MT  +0.00%
2026-05-31 18:17:00.174 | INFO     | __main__:run_zonal_forecast:384 -   South East       Anambra      * Cashew Nuts           N   2,227,261/MT  +0.00%
2026-05-31 18:17:00.174 | INFO     | __main__:run_zonal_forecast:384 -   South East       Anambra      * Beans (white)         N   1,008,892/MT  +0.00%
2026-05-31 18:17:00.174 | INFO     | __main__:run_zonal_forecast:384 -   South East       Anambra      * Beans (red)           N   1,009,938/MT  +0.00%
2026-05-31 18:17:00.174 | INFO     | __main__:run_zonal_forecast:384 -   South East       Anambra      * Maize (white)         N     447,995/MT  +0.00%
2026-05-31 18:17:00.174 | INFO     | __main__:run_zonal_forecast:384 -   South East       Imo          * Cocoa                 N   5,620,531/MT  +0.00%
2026-05-31 18:17:00.174 | INFO     | __main__:run_zonal_forecast:384 -   South East       Imo          * Cashew Nuts           N   2,146,269/MT  +0.00%
2026-05-31 18:17:00.178 | INFO     | __main__:run_zonal_forecast:384 -   South East       Imo          * Beans (white)         N     983,242/MT  +0.00%
2026-05-31 18:17:00.178 | INFO     | __main__:run_zonal_forecast:384 -   South East       Imo          * Maize (white)         N     436,796/MT  +0.00%
2026-05-31 18:17:00.180 | INFO     | __main__:run_zonal_forecast:384 -   South South      Rivers       * Hibiscus              N   2,514,139/MT  +0.00%
2026-05-31 18:17:00.180 | INFO     | __main__:run_zonal_forecast:384 -   South South      Rivers       * Sesame                N   1,866,747/MT  +0.00%
2026-05-31 18:17:00.180 | INFO     | __main__:run_zonal_forecast:384 -   South South      Rivers       * Cocoa                 N   6,485,228/MT  +0.00%
2026-05-31 18:17:00.182 | INFO     | __main__:run_zonal_forecast:384 -   South South      Rivers       * Beans (white)         N   1,043,092/MT  +0.00%
2026-05-31 18:17:00.182 | INFO     | __main__:run_zonal_forecast:384 -   South South      Rivers       * Beans (red)           N   1,053,849/MT  +0.00%
2026-05-31 18:17:00.182 | INFO     | __main__:run_zonal_forecast:384 -   South South      Rivers       * Maize (white)         N     466,662/MT  +0.00%
2026-05-31 18:17:00.184 | INFO     | __main__:run_zonal_forecast:384 -   South South      Delta        * Hibiscus              N   2,424,348/MT  +0.00%
2026-05-31 18:17:00.184 | INFO     | __main__:run_zonal_forecast:384 -   South South      Delta        * Sesame                N   1,835,107/MT  +0.00%
2026-05-31 18:17:00.184 | INFO     | __main__:run_zonal_forecast:384 -   South South      Delta        * Cocoa                 N   5,744,059/MT  +0.00%
2026-05-31 18:17:00.184 | INFO     | __main__:run_zonal_forecast:384 -   South South      Delta        * Soybeans              N     904,370/MT  +0.00%
2026-05-31 18:17:00.185 | INFO     | __main__:run_zonal_forecast:384 -   South South      Delta        * Beans (white)         N   1,000,342/MT  +0.00%
2026-05-31 18:17:00.185 | INFO     | __main__:run_zonal_forecast:384 -   South South      Delta        * Maize (white)         N     447,995/MT  +0.00%
2026-05-31 18:17:00.508 | SUCCESS  | __main__:run_zonal_forecast:398 -   Zonal JSON  -> C:\Users\USER\Downloads\agrolinking-intel-structure\agrolinking-intel\outputs\forecasts\zonal\zonal_forecast_2026-05-31.json
2026-05-31 18:17:00.513 | SUCCESS  | __main__:run_zonal_forecast:404 -   Zonal alert -> C:\Users\USER\Downloads\agrolinking-intel-structure\agrolinking-intel\outputs\daily_alerts\alert_zonal_2026-05-31.txt
2026-05-31 18:17:00.513 | INFO     | __main__:run_zonal_forecast:406 - 
2026-05-31 18:17:00.513 | INFO     | __main__:run_zonal_forecast:407 - =================================================================
2026-05-31 18:17:00.513 | INFO     | __main__:run_zonal_forecast:409 -   ================================================
2026-05-31 18:17:00.515 | INFO     | __main__:run_zonal_forecast:409 -   AGROLINKING ZONAL COMMODITY INTELLIGENCE
2026-05-31 18:17:00.515 | INFO     | __main__:run_zonal_forecast:409 -   Date: Sunday, 31 May 2026
2026-05-31 18:17:00.515 | INFO     | __main__:run_zonal_forecast:409 -   6 Zones | 12 States | 12 Commodities
2026-05-31 18:17:00.517 | INFO     | __main__:run_zonal_forecast:409 -   ================================================
2026-05-31 18:17:00.517 | INFO     | __main__:run_zonal_forecast:409 -   
2026-05-31 18:17:00.518 | INFO     | __main__:run_zonal_forecast:409 -   NORTH WEST (Kano & Kaduna)
2026-05-31 18:17:00.518 | INFO     | __main__:run_zonal_forecast:409 -   Nigeria's main grain belt. Highest Maize, Sorghum, Sesame, Wheat production.
2026-05-31 18:17:00.518 | INFO     | __main__:run_zonal_forecast:409 -   
2026-05-31 18:17:00.518 | INFO     | __main__:run_zonal_forecast:409 -     Commodity           Kano                Kaduna            
2026-05-31 18:17:00.520 | INFO     | __main__:run_zonal_forecast:409 -     ------------------------------------------------------------
2026-05-31 18:17:00.520 | INFO     | __main__:run_zonal_forecast:409 -     Hibiscus                N2.13M                N2.09M            
2026-05-31 18:17:00.521 | INFO     | __main__:run_zonal_forecast:409 -     Sesame                * N1.31M                N1.34M            
2026-05-31 18:17:00.521 | INFO     | __main__:run_zonal_forecast:409 -     Ginger                  N11.70M             * N8.60M            
2026-05-31 18:17:00.522 | INFO     | __main__:run_zonal_forecast:409 -     Cocoa                   N6.30M                N6.49M            
2026-05-31 18:17:00.522 | INFO     | __main__:run_zonal_forecast:409 -     Soybeans                N714K               * N666K             
2026-05-31 18:17:00.522 | INFO     | __main__:run_zonal_forecast:409 -     Cashew Nuts             N2.02M                N2.07M            
2026-05-31 18:17:00.524 | INFO     | __main__:run_zonal_forecast:409 -     Sorghum               * N346K               * N355K             
2026-05-31 18:17:00.524 | INFO     | __main__:run_zonal_forecast:409 -     Beans (white)         * N744K                 N752K             
2026-05-31 18:17:00.524 | INFO     | __main__:run_zonal_forecast:409 -     Beans (red)             N790K                 N799K             
2026-05-31 18:17:00.524 | INFO     | __main__:run_zonal_forecast:409 -     Maize (white)         * N299K               * N302K             
2026-05-31 18:17:00.528 | INFO     | __main__:run_zonal_forecast:409 -     Maize (yellow)        * N335K               * N339K             
2026-05-31 18:17:00.529 | INFO     | __main__:run_zonal_forecast:409 -     Wheat                 * N649K               * N635K             
2026-05-31 18:17:00.529 | INFO     | __main__:run_zonal_forecast:409 -     Rice                    N1.54M              * N1.51M            
2026-05-31 18:17:00.531 | INFO     | __main__:run_zonal_forecast:409 -   
2026-05-31 18:17:00.531 | INFO     | __main__:run_zonal_forecast:409 -   NORTH CENTRAL (Plateau & Kogi)
2026-05-31 18:17:00.531 | INFO     | __main__:run_zonal_forecast:409 -   Middle Belt. Ginger heartland (Plateau), Cashew/Cocoa belt (Kogi).
2026-05-31 18:17:00.531 | INFO     | __main__:run_zonal_forecast:409 -   
2026-05-31 18:17:00.532 | INFO     | __main__:run_zonal_forecast:409 -     Commodity           Plateau             Kogi              
2026-05-31 18:17:00.532 | INFO     | __main__:run_zonal_forecast:409 -     ------------------------------------------------------------
2026-05-31 18:17:00.532 | INFO     | __main__:run_zonal_forecast:409 -     Hibiscus                N2.18M                N2.15M            
2026-05-31 18:17:00.532 | INFO     | __main__:run_zonal_forecast:409 -     Sesame                  N1.52M                N1.53M            
2026-05-31 18:17:00.532 | INFO     | __main__:run_zonal_forecast:409 -     Ginger                * N8.96M                N11.23M           
2026-05-31 18:17:00.532 | INFO     | __main__:run_zonal_forecast:409 -     Cocoa                   N6.67M              * N5.44M            
2026-05-31 18:17:00.535 | INFO     | __main__:run_zonal_forecast:409 -     Soybeans              * N658K               * N690K             
2026-05-31 18:17:00.535 | INFO     | __main__:run_zonal_forecast:409 -     Cashew Nuts             N2.13M              * N1.62M            
2026-05-31 18:17:00.535 | INFO     | __main__:run_zonal_forecast:409 -     Sorghum                 N408K               * N403K             
2026-05-31 18:17:00.535 | INFO     | __main__:run_zonal_forecast:409 -     Beans (white)         * N769K               * N787K             
2026-05-31 18:17:00.535 | INFO     | __main__:run_zonal_forecast:409 -     Beans (red)             N834K                 N826K             
2026-05-31 18:17:00.535 | INFO     | __main__:run_zonal_forecast:409 -     Maize (white)         * N325K               * N336K             
2026-05-31 18:17:00.535 | INFO     | __main__:run_zonal_forecast:409 -     Maize (yellow)          N368K                 N381K             
2026-05-31 18:17:00.535 | INFO     | __main__:run_zonal_forecast:409 -     Wheat                 * N664K                 N708K             
2026-05-31 18:17:00.538 | INFO     | __main__:run_zonal_forecast:409 -     Rice                  * N1.46M                N1.58M            
2026-05-31 18:17:00.539 | INFO     | __main__:run_zonal_forecast:409 -   
2026-05-31 18:17:00.539 | INFO     | __main__:run_zonal_forecast:409 -   NORTH EAST (Adamawa & Borno)
2026-05-31 18:17:00.539 | INFO     | __main__:run_zonal_forecast:409 -   Semi-arid. Sorghum, Maize. Conflict premium on imports in Borno.
2026-05-31 18:17:00.539 | INFO     | __main__:run_zonal_forecast:409 -   
2026-05-31 18:17:00.542 | INFO     | __main__:run_zonal_forecast:409 -     Commodity           Adamawa             Borno             
2026-05-31 18:17:00.542 | INFO     | __main__:run_zonal_forecast:409 -     ------------------------------------------------------------
2026-05-31 18:17:00.544 | INFO     | __main__:run_zonal_forecast:409 -     Hibiscus                N2.20M                N2.36M            
2026-05-31 18:17:00.545 | INFO     | __main__:run_zonal_forecast:409 -     Sesame                * N1.36M              * N1.41M            
2026-05-31 18:17:00.546 | INFO     | __main__:run_zonal_forecast:409 -     Ginger                * N9.91M                N13.74M           
2026-05-31 18:17:00.546 | INFO     | __main__:run_zonal_forecast:409 -     Cocoa                   N6.49M                N7.29M            
2026-05-31 18:17:00.546 | INFO     | __main__:run_zonal_forecast:409 -     Soybeans              * N706K                 N857K             
2026-05-31 18:17:00.546 | INFO     | __main__:run_zonal_forecast:409 -     Cashew Nuts             N2.11M                N2.33M            
2026-05-31 18:17:00.546 | INFO     | __main__:run_zonal_forecast:409 -     Sorghum               * N386K               * N408K             
2026-05-31 18:17:00.546 | INFO     | __main__:run_zonal_forecast:409 -     Beans (white)         * N787K               * N906K             
2026-05-31 18:17:00.546 | INFO     | __main__:run_zonal_forecast:409 -     Beans (red)             N834K                 N966K             
2026-05-31 18:17:00.546 | INFO     | __main__:run_zonal_forecast:409 -     Maize (white)         * N329K               * N403K             
2026-05-31 18:17:00.549 | INFO     | __main__:run_zonal_forecast:409 -     Maize (yellow)          N372K                 N452K             
2026-05-31 18:17:00.549 | INFO     | __main__:run_zonal_forecast:409 -     Wheat                   N715K               * N817K             
2026-05-31 18:17:00.549 | INFO     | __main__:run_zonal_forecast:409 -     Rice                    N1.66M                N1.79M            
2026-05-31 18:17:00.549 | INFO     | __main__:run_zonal_forecast:409 -   
2026-05-31 18:17:00.549 | INFO     | __main__:run_zonal_forecast:409 -   SOUTH WEST (Oyo & Lagos)
2026-05-31 18:17:00.549 | INFO     | __main__:run_zonal_forecast:409 -   Commercial capital. Lagos is the price-setter for consumer markets.
2026-05-31 18:17:00.549 | INFO     | __main__:run_zonal_forecast:409 -   
2026-05-31 18:17:00.549 | INFO     | __main__:run_zonal_forecast:409 -     Commodity           Oyo                 Lagos             
2026-05-31 18:17:00.549 | INFO     | __main__:run_zonal_forecast:409 -     ------------------------------------------------------------
2026-05-31 18:17:00.549 | INFO     | __main__:run_zonal_forecast:409 -     Hibiscus              * N2.31M              * N2.58M            
2026-05-31 18:17:00.549 | INFO     | __main__:run_zonal_forecast:409 -     Sesame                  N1.68M              * N1.87M            
2026-05-31 18:17:00.549 | INFO     | __main__:run_zonal_forecast:409 -     Ginger                  N12.90M               N14.33M           
2026-05-31 18:17:00.549 | INFO     | __main__:run_zonal_forecast:409 -     Cocoa                 * N5.50M              * N6.67M            
2026-05-31 18:17:00.555 | INFO     | __main__:run_zonal_forecast:409 -     Soybeans              * N825K               * N968K             
2026-05-31 18:17:00.555 | INFO     | __main__:run_zonal_forecast:409 -     Cashew Nuts           * N1.74M                N2.23M            
2026-05-31 18:17:00.555 | INFO     | __main__:run_zonal_forecast:409 -     Sorghum                 N465K                 N523K             
2026-05-31 18:17:00.555 | INFO     | __main__:run_zonal_forecast:409 -     Beans (white)         * N940K               * N1.09M            
2026-05-31 18:17:00.556 | INFO     | __main__:run_zonal_forecast:409 -     Beans (red)             N984K               * N1.10M            
2026-05-31 18:17:00.556 | INFO     | __main__:run_zonal_forecast:409 -     Maize (white)         * N403K               * N485K             
2026-05-31 18:17:00.556 | INFO     | __main__:run_zonal_forecast:409 -     Maize (yellow)          N452K               * N544K             
2026-05-31 18:17:00.556 | INFO     | __main__:run_zonal_forecast:409 -     Wheat                   N802K                 N839K             
2026-05-31 18:17:00.559 | INFO     | __main__:run_zonal_forecast:409 -     Rice                    N1.76M                N1.92M            
2026-05-31 18:17:00.559 | INFO     | __main__:run_zonal_forecast:409 -   
2026-05-31 18:17:00.561 | INFO     | __main__:run_zonal_forecast:409 -   SOUTH EAST (Anambra & Imo)
2026-05-31 18:17:00.561 | INFO     | __main__:run_zonal_forecast:409 -   High consumption, low production of traded commodities. Import-dependent.
2026-05-31 18:17:00.562 | INFO     | __main__:run_zonal_forecast:409 -   
2026-05-31 18:17:00.562 | INFO     | __main__:run_zonal_forecast:409 -     Commodity           Anambra             Imo               
2026-05-31 18:17:00.562 | INFO     | __main__:run_zonal_forecast:409 -     ------------------------------------------------------------
2026-05-31 18:17:00.564 | INFO     | __main__:run_zonal_forecast:409 -     Hibiscus                N2.51M                N2.47M            
2026-05-31 18:17:00.564 | INFO     | __main__:run_zonal_forecast:409 -     Sesame                  N1.84M                N1.80M            
2026-05-31 18:17:00.564 | INFO     | __main__:run_zonal_forecast:409 -     Ginger                  N13.74M               N13.38M           
2026-05-31 18:17:00.564 | INFO     | __main__:run_zonal_forecast:409 -     Cocoa                 * N6.49M              * N5.62M            
2026-05-31 18:17:00.564 | INFO     | __main__:run_zonal_forecast:409 -     Soybeans                N904K                 N889K             
2026-05-31 18:17:00.564 | INFO     | __main__:run_zonal_forecast:409 -     Cashew Nuts           * N2.23M              * N2.15M            
2026-05-31 18:17:00.566 | INFO     | __main__:run_zonal_forecast:409 -     Sorghum                 N505K                 N496K             
2026-05-31 18:17:00.566 | INFO     | __main__:run_zonal_forecast:409 -     Beans (white)         * N1.01M              * N983K             
2026-05-31 18:17:00.566 | INFO     | __main__:run_zonal_forecast:409 -     Beans (red)           * N1.01M                N992K             
2026-05-31 18:17:00.566 | INFO     | __main__:run_zonal_forecast:409 -     Maize (white)         * N448K               * N437K             
2026-05-31 18:17:00.568 | INFO     | __main__:run_zonal_forecast:409 -     Maize (yellow)          N502K                 N490K             
2026-05-31 18:17:00.568 | INFO     | __main__:run_zonal_forecast:409 -     Wheat                   N861K                 N846K             
2026-05-31 18:17:00.568 | INFO     | __main__:run_zonal_forecast:409 -     Rice                    N1.82M                N1.79M            
2026-05-31 18:17:00.568 | INFO     | __main__:run_zonal_forecast:409 -   
2026-05-31 18:17:00.568 | INFO     | __main__:run_zonal_forecast:409 -   SOUTH SOUTH (Rivers & Delta)
2026-05-31 18:17:00.570 | INFO     | __main__:run_zonal_forecast:409 -   Oil belt. High purchasing power. Cocoa producer (Delta).
2026-05-31 18:17:00.570 | INFO     | __main__:run_zonal_forecast:409 -   
2026-05-31 18:17:00.570 | INFO     | __main__:run_zonal_forecast:409 -     Commodity           Rivers              Delta             
2026-05-31 18:17:00.572 | INFO     | __main__:run_zonal_forecast:409 -     ------------------------------------------------------------
2026-05-31 18:17:00.572 | INFO     | __main__:run_zonal_forecast:409 -     Hibiscus              * N2.51M              * N2.42M            
2026-05-31 18:17:00.572 | INFO     | __main__:run_zonal_forecast:409 -     Sesame                * N1.87M              * N1.84M            
2026-05-31 18:17:00.572 | INFO     | __main__:run_zonal_forecast:409 -     Ginger                  N14.33M               N13.74M           
2026-05-31 18:17:00.574 | INFO     | __main__:run_zonal_forecast:409 -     Cocoa                 * N6.49M              * N5.74M            
2026-05-31 18:17:00.574 | INFO     | __main__:run_zonal_forecast:409 -     Soybeans                N936K               * N904K             
2026-05-31 18:17:00.574 | INFO     | __main__:run_zonal_forecast:409 -     Cashew Nuts             N2.33M                N2.23M            
2026-05-31 18:17:00.576 | INFO     | __main__:run_zonal_forecast:409 -     Sorghum                 N532K                 N523K             
2026-05-31 18:17:00.578 | INFO     | __main__:run_zonal_forecast:409 -     Beans (white)         * N1.04M              * N1.00M            
2026-05-31 18:17:00.579 | INFO     | __main__:run_zonal_forecast:409 -     Beans (red)           * N1.05M                N1.01M            
2026-05-31 18:17:00.579 | INFO     | __main__:run_zonal_forecast:409 -     Maize (white)         * N467K               * N448K             
2026-05-31 18:17:00.579 | INFO     | __main__:run_zonal_forecast:409 -     Maize (yellow)          N523K                 N502K             
2026-05-31 18:17:00.580 | INFO     | __main__:run_zonal_forecast:409 -     Wheat                   N890K                 N875K             
2026-05-31 18:17:00.580 | INFO     | __main__:run_zonal_forecast:409 -     Rice                    N1.87M                N1.82M            
2026-05-31 18:17:00.580 | INFO     | __main__:run_zonal_forecast:409 -   
2026-05-31 18:17:00.581 | INFO     | __main__:run_zonal_forecast:409 -   ==========================================================
2026-05-31 18:17:00.581 | INFO     | __main__:run_zonal_forecast:409 -   * = primary commodity  (+/-%) = day-on-day change
2026-05-31 18:17:00.581 | INFO     | __main__:run_zonal_forecast:409 -   
2026-05-31 18:17:00.581 | INFO     | __main__:run_zonal_forecast:409 -   NATIONAL PRICE CHANGES TODAY:
2026-05-31 18:17:00.583 | INFO     | __main__:run_zonal_forecast:409 -     Commodity                   Price   Day Chg    vs Ref
2026-05-31 18:17:00.583 | INFO     | __main__:run_zonal_forecast:409 -     ------------------------------------------------------
2026-05-31 18:17:00.583 | INFO     | __main__:run_zonal_forecast:409 -     Hibiscus                   N2.24M    +0.00%    -3.45%
2026-05-31 18:17:00.585 | INFO     | __main__:run_zonal_forecast:409 -     Sesame                     N1.58M    +0.00%    -4.12%
2026-05-31 18:17:00.585 | INFO     | __main__:run_zonal_forecast:409 -     Ginger                    N11.94M    +0.00%    -0.47%
2026-05-31 18:17:00.585 | INFO     | __main__:run_zonal_forecast:409 -     Cocoa                      N6.18M    +0.00%    +9.32%
2026-05-31 18:17:00.585 | INFO     | __main__:run_zonal_forecast:409 -     Soybeans                    N793K    +0.00%    +6.48%
2026-05-31 18:17:00.585 | INFO     | __main__:run_zonal_forecast:409 -     Cashew Nuts                N2.02M    +0.00%    +3.83%
2026-05-31 18:17:00.585 | INFO     | __main__:run_zonal_forecast:409 -     Sorghum                     N443K    +0.00%    +5.52%
2026-05-31 18:17:00.585 | INFO     | __main__:run_zonal_forecast:409 -     Beans (white)               N855K    +0.00%    +5.17%
2026-05-31 18:17:00.585 | INFO     | __main__:run_zonal_forecast:409 -     Beans (red)                 N878K    +0.00%    -4.02%
2026-05-31 18:17:00.588 | INFO     | __main__:run_zonal_forecast:409 -     Maize (white)               N373K    +0.00%    +0.90%
2026-05-31 18:17:00.588 | INFO     | __main__:run_zonal_forecast:409 -     Maize (yellow)              N418K    +0.00%    +4.60%
2026-05-31 18:17:00.588 | INFO     | __main__:run_zonal_forecast:409 -     Wheat                       N729K    +0.00%    +3.20%
2026-05-31 18:17:00.588 | INFO     | __main__:run_zonal_forecast:409 -     Rice                       N1.63M    +0.00%    +4.86%
2026-05-31 18:17:00.591 | INFO     | __main__:run_zonal_forecast:409 -   
2026-05-31 18:17:00.591 | INFO     | __main__:run_zonal_forecast:409 -   BEST SOURCING NATIONALLY:
2026-05-31 18:17:00.591 | INFO     | __main__:run_zonal_forecast:409 -     Commodity              Best State           Price  Spread
2026-05-31 18:17:00.594 | INFO     | __main__:run_zonal_forecast:409 -     ------------------------------------------------------------
2026-05-31 18:17:00.595 | INFO     | __main__:run_zonal_forecast:409 -     Hibiscus               Kaduna              N2.09M  24% vs Lagos
2026-05-31 18:17:00.595 | INFO     | __main__:run_zonal_forecast:409 -     Sesame                 Kano                N1.31M  42% vs Lagos
2026-05-31 18:17:00.596 | INFO     | __main__:run_zonal_forecast:409 -     Ginger                 Kaduna              N8.60M  67% vs Lagos
2026-05-31 18:17:00.596 | INFO     | __main__:run_zonal_forecast:409 -     Cocoa                  Kogi                N5.44M  34% vs Borno
2026-05-31 18:17:00.596 | INFO     | __main__:run_zonal_forecast:409 -     Soybeans               Plateau              N658K  47% vs Lagos
2026-05-31 18:17:00.597 | INFO     | __main__:run_zonal_forecast:409 -     Cashew Nuts            Kogi                N1.62M  44% vs Borno
2026-05-31 18:17:00.598 | INFO     | __main__:run_zonal_forecast:409 -     Sorghum                Kano                 N346K  54% vs Rivers
2026-05-31 18:17:00.598 | INFO     | __main__:run_zonal_forecast:409 -     Beans (white)          Kano                 N744K  47% vs Lagos
2026-05-31 18:17:00.598 | INFO     | __main__:run_zonal_forecast:409 -     Beans (red)            Kano                 N790K  39% vs Lagos
2026-05-31 18:17:00.599 | INFO     | __main__:run_zonal_forecast:409 -     Maize (white)          Kano                 N299K  62% vs Lagos
2026-05-31 18:17:00.599 | INFO     | __main__:run_zonal_forecast:409 -     Maize (yellow)         Kano                 N335K  62% vs Lagos
2026-05-31 18:17:00.599 | INFO     | __main__:run_zonal_forecast:409 -     Wheat                  Kaduna               N635K  40% vs Rivers
2026-05-31 18:17:00.599 | INFO     | __main__:run_zonal_forecast:409 -     Rice                   Plateau             N1.46M  31% vs Lagos
2026-05-31 18:17:00.601 | INFO     | __main__:run_zonal_forecast:409 -   
2026-05-31 18:17:00.602 | INFO     | __main__:run_zonal_forecast:409 -   ==========================================================
2026-05-31 18:17:00.602 | INFO     | __main__:run_zonal_forecast:409 -   Source: Agrolinking Intelligence Platform
2026-05-31 18:17:00.602 | INFO     | __main__:run_zonal_forecast:409 -   Next update: 01 Jun 2026
2026-05-31 18:17:00.602 | INFO     | __main__:run_zonal_forecast:410 - =================================================================
2026-05-31 18:17:00.602 | SUCCESS  | __main__:run_zonal_forecast:411 - ZONAL FORECASTING COMPLETE — 6 zones | 12 states | 13 commodities
