2026-05-26 06:29:14.715 | INFO     | __main__:run_zonal_forecast:348 - =================================================================
2026-05-26 06:29:14.715 | INFO     | __main__:run_zonal_forecast:349 - STEP 7 — ZONAL & STATE-LEVEL FORECASTING
2026-05-26 06:29:14.715 | INFO     | __main__:run_zonal_forecast:350 -   Date  : Tuesday, 26 May 2026  06:29
2026-05-26 06:29:14.715 | INFO     | __main__:run_zonal_forecast:351 -   Anchor: DAILY INTERPOLATED (from last_known_date, drifts daily)
2026-05-26 06:29:14.715 | INFO     | __main__:run_zonal_forecast:352 - =================================================================
2026-05-26 06:29:14.962 | INFO     | __main__:run_zonal_forecast:355 -   Source: forecast_validated_2026-05-26.json
2026-05-26 06:29:14.978 | INFO     | __main__:run_zonal_forecast:362 -   Maize (white): last_known=2026-06-01, days_elapsed=-6
2026-05-26 06:29:14.981 | INFO     | __main__:run_zonal_forecast:362 -   Hibiscus: last_known=2026-06-01, days_elapsed=-6
2026-05-26 06:29:14.981 | INFO     | __main__:run_zonal_forecast:362 -   Sesame: last_known=2026-06-01, days_elapsed=-6
2026-05-26 06:29:14.983 | INFO     | __main__:build_zonal_output:164 - 
2026-05-26 06:29:14.983 | INFO     | __main__:build_zonal_output:165 -   NATIONAL ANCHORS (interpolated from last_known_date to today):
2026-05-26 06:29:14.985 | INFO     | __main__:build_zonal_output:166 -   Commodity                 Today Price   Day Chg    vs Ref  Source
2026-05-26 06:29:14.985 | INFO     | __main__:build_zonal_output:167 -   --------------------------------------------------------------------------------
2026-05-26 06:29:15.112 | DEBUG    | __main__:get_daily_price:96 -   last_known=2026-06-01, run=2026-05-26, elapsed=-6d
2026-05-26 06:29:15.112 | INFO     | __main__:build_zonal_output:203 -   Hibiscus               N   2,325,000    +0.00%  + +0.00%  ref_price (day 0, last_known=2026-0
2026-05-26 06:29:15.115 | DEBUG    | __main__:get_daily_price:96 -   last_known=2026-06-01, run=2026-05-26, elapsed=-6d
2026-05-26 06:29:15.115 | INFO     | __main__:build_zonal_output:203 -   Sesame                 N   1,245,000    +0.00%  + +0.00%  ref_price (day 0, last_known=2026-0
2026-05-26 06:29:15.115 | DEBUG    | __main__:get_daily_price:96 -   last_known=2026-06-01, run=2026-05-26, elapsed=-6d
2026-05-26 06:29:15.115 | INFO     | __main__:build_zonal_output:203 -   Ginger                 N   9,700,000    +0.00%  + +0.00%  ref_price (day 0, last_known=2026-0
2026-05-26 06:29:15.115 | DEBUG    | __main__:get_daily_price:96 -   last_known=2026-06-01, run=2026-05-26, elapsed=-6d
2026-05-26 06:29:15.118 | INFO     | __main__:build_zonal_output:203 -   Cocoa                  N   5,650,000    +0.00%  + +0.00%  ref_price (day 0, last_known=2026-0
2026-05-26 06:29:15.118 | DEBUG    | __main__:get_daily_price:96 -   last_known=2026-06-01, run=2026-05-26, elapsed=-6d
2026-05-26 06:29:15.118 | INFO     | __main__:build_zonal_output:203 -   Soybeans               N     745,000    +0.00%  + +0.00%  ref_price (day 0, last_known=2026-0
2026-05-26 06:29:15.118 | DEBUG    | __main__:get_daily_price:96 -   last_known=2026-06-01, run=2026-05-26, elapsed=-6d
2026-05-26 06:29:15.118 | INFO     | __main__:build_zonal_output:203 -   Cashew Nuts            N   1,950,000    +0.00%  + +0.00%  ref_price (day 0, last_known=2026-0
2026-05-26 06:29:15.118 | DEBUG    | __main__:get_daily_price:96 -   last_known=2026-06-01, run=2026-05-26, elapsed=-6d
2026-05-26 06:29:15.123 | INFO     | __main__:build_zonal_output:203 -   Sorghum                N     335,000    +0.00%  + +0.00%  ref_price (day 0, last_known=2026-0
2026-05-26 06:29:15.124 | DEBUG    | __main__:get_daily_price:96 -   last_known=2026-06-01, run=2026-05-26, elapsed=-6d
2026-05-26 06:29:15.124 | INFO     | __main__:build_zonal_output:203 -   Beans (white)          N     813,000    +0.00%  + +0.00%  ref_price (day 0, last_known=2026-0
2026-05-26 06:29:15.124 | DEBUG    | __main__:get_daily_price:96 -   last_known=2026-06-01, run=2026-05-26, elapsed=-6d
2026-05-26 06:29:15.128 | INFO     | __main__:build_zonal_output:203 -   Beans (red)            N     915,000    +0.00%  + +0.00%  ref_price (day 0, last_known=2026-0
2026-05-26 06:29:15.132 | DEBUG    | __main__:get_daily_price:96 -   last_known=2026-06-01, run=2026-05-26, elapsed=-6d
2026-05-26 06:29:15.132 | INFO     | __main__:build_zonal_output:203 -   Maize (white)          N     370,000    +0.00%  + +0.00%  ref_price (day 0, last_known=2026-0
2026-05-26 06:29:15.134 | DEBUG    | __main__:get_daily_price:96 -   last_known=2026-06-01, run=2026-05-26, elapsed=-6d
2026-05-26 06:29:15.134 | INFO     | __main__:build_zonal_output:203 -   Maize (yellow)         N     400,000    +0.00%  + +0.00%  ref_price (day 0, last_known=2026-0
2026-05-26 06:29:15.135 | DEBUG    | __main__:get_daily_price:96 -   last_known=2026-06-01, run=2026-05-26, elapsed=-6d
2026-05-26 06:29:15.135 | INFO     | __main__:build_zonal_output:203 -   Wheat                  N     706,833    +0.00%  + +0.00%  ref_price (day 0, last_known=2026-0
2026-05-26 06:29:15.135 | INFO     | __main__:build_zonal_output:206 - 
2026-05-26 06:29:15.283 | INFO     | __main__:run_zonal_forecast:368 - 
2026-05-26 06:29:15.283 | INFO     | __main__:run_zonal_forecast:369 -   Zone             State        Commodity                 State Price  Day Chg
2026-05-26 06:29:15.283 | INFO     | __main__:run_zonal_forecast:370 -   ------------------------------------------------------------------------
2026-05-26 06:29:15.283 | INFO     | __main__:run_zonal_forecast:377 -   North West       Kano         * Sesame                N   1,033,350/MT  +0.00%
2026-05-26 06:29:15.297 | INFO     | __main__:run_zonal_forecast:377 -   North West       Kano         * Sorghum               N     261,300/MT  +0.00%
2026-05-26 06:29:15.299 | INFO     | __main__:run_zonal_forecast:377 -   North West       Kano         * Beans (white)         N     707,310/MT  +0.00%
2026-05-26 06:29:15.300 | INFO     | __main__:run_zonal_forecast:377 -   North West       Kano         * Maize (white)         N     296,000/MT  +0.00%
2026-05-26 06:29:15.301 | INFO     | __main__:run_zonal_forecast:377 -   North West       Kano         * Maize (yellow)        N     320,000/MT  +0.00%
2026-05-26 06:29:15.301 | INFO     | __main__:run_zonal_forecast:377 -   North West       Kano         * Wheat                 N     629,081/MT  +0.00%
2026-05-26 06:29:15.301 | INFO     | __main__:run_zonal_forecast:377 -   North West       Kaduna       * Ginger                N   6,984,000/MT  +0.00%
2026-05-26 06:29:15.301 | INFO     | __main__:run_zonal_forecast:377 -   North West       Kaduna       * Soybeans              N     625,800/MT  +0.00%
2026-05-26 06:29:15.301 | INFO     | __main__:run_zonal_forecast:377 -   North West       Kaduna       * Sorghum               N     268,000/MT  +0.00%
2026-05-26 06:29:15.307 | INFO     | __main__:run_zonal_forecast:377 -   North West       Kaduna       * Maize (white)         N     299,700/MT  +0.00%
2026-05-26 06:29:15.309 | INFO     | __main__:run_zonal_forecast:377 -   North West       Kaduna       * Maize (yellow)        N     324,000/MT  +0.00%
2026-05-26 06:29:15.311 | INFO     | __main__:run_zonal_forecast:377 -   North West       Kaduna       * Wheat                 N     614,945/MT  +0.00%
2026-05-26 06:29:15.313 | INFO     | __main__:run_zonal_forecast:377 -   North Central    Plateau      * Ginger                N   7,275,000/MT  +0.00%
2026-05-26 06:29:15.313 | INFO     | __main__:run_zonal_forecast:377 -   North Central    Plateau      * Soybeans              N     618,350/MT  +0.00%
2026-05-26 06:29:15.314 | INFO     | __main__:run_zonal_forecast:377 -   North Central    Plateau      * Beans (white)         N     731,700/MT  +0.00%
2026-05-26 06:29:15.319 | INFO     | __main__:run_zonal_forecast:377 -   North Central    Plateau      * Maize (white)         N     321,900/MT  +0.00%
2026-05-26 06:29:15.319 | INFO     | __main__:run_zonal_forecast:377 -   North Central    Plateau      * Wheat                 N     643,218/MT  +0.00%
2026-05-26 06:29:15.322 | INFO     | __main__:run_zonal_forecast:377 -   North Central    Kogi         * Cocoa                 N   4,972,000/MT  +0.00%
2026-05-26 06:29:15.322 | INFO     | __main__:run_zonal_forecast:377 -   North Central    Kogi         * Soybeans              N     648,150/MT  +0.00%
2026-05-26 06:29:15.322 | INFO     | __main__:run_zonal_forecast:377 -   North Central    Kogi         * Cashew Nuts           N   1,560,000/MT  +0.00%
2026-05-26 06:29:15.324 | INFO     | __main__:run_zonal_forecast:377 -   North Central    Kogi         * Sorghum               N     304,850/MT  +0.00%
2026-05-26 06:29:15.329 | INFO     | __main__:run_zonal_forecast:377 -   North Central    Kogi         * Beans (white)         N     747,960/MT  +0.00%
2026-05-26 06:29:15.336 | INFO     | __main__:run_zonal_forecast:377 -   North Central    Kogi         * Maize (white)         N     333,000/MT  +0.00%
2026-05-26 06:29:15.336 | INFO     | __main__:run_zonal_forecast:377 -   North East       Adamawa      * Sesame                N   1,070,700/MT  +0.00%
2026-05-26 06:29:15.336 | INFO     | __main__:run_zonal_forecast:377 -   North East       Adamawa      * Ginger                N   8,051,000/MT  +0.00%
2026-05-26 06:29:15.338 | INFO     | __main__:run_zonal_forecast:377 -   North East       Adamawa      * Soybeans              N     663,050/MT  +0.00%
2026-05-26 06:29:15.339 | INFO     | __main__:run_zonal_forecast:377 -   North East       Adamawa      * Sorghum               N     291,450/MT  +0.00%
2026-05-26 06:29:15.339 | INFO     | __main__:run_zonal_forecast:377 -   North East       Adamawa      * Beans (white)         N     747,960/MT  +0.00%
2026-05-26 06:29:15.339 | INFO     | __main__:run_zonal_forecast:377 -   North East       Adamawa      * Maize (white)         N     325,600/MT  +0.00%
2026-05-26 06:29:15.339 | INFO     | __main__:run_zonal_forecast:377 -   North East       Borno        * Sesame                N   1,108,050/MT  +0.00%
2026-05-26 06:29:15.342 | INFO     | __main__:run_zonal_forecast:377 -   North East       Borno        * Sorghum               N     308,200/MT  +0.00%
2026-05-26 06:29:15.345 | INFO     | __main__:run_zonal_forecast:377 -   North East       Borno        * Beans (white)         N     861,780/MT  +0.00%
2026-05-26 06:29:15.346 | INFO     | __main__:run_zonal_forecast:377 -   North East       Borno        * Maize (white)         N     399,600/MT  +0.00%
2026-05-26 06:29:15.347 | INFO     | __main__:run_zonal_forecast:377 -   North East       Borno        * Wheat                 N     791,653/MT  +0.00%
2026-05-26 06:29:15.348 | INFO     | __main__:run_zonal_forecast:377 -   South West       Oyo          * Hibiscus              N   2,394,750/MT  +0.00%
2026-05-26 06:29:15.348 | INFO     | __main__:run_zonal_forecast:377 -   South West       Oyo          * Cocoa                 N   5,028,500/MT  +0.00%
2026-05-26 06:29:15.350 | INFO     | __main__:run_zonal_forecast:377 -   South West       Oyo          * Soybeans              N     774,800/MT  +0.00%
2026-05-26 06:29:15.352 | INFO     | __main__:run_zonal_forecast:377 -   South West       Oyo          * Cashew Nuts           N   1,677,000/MT  +0.00%
2026-05-26 06:29:15.352 | INFO     | __main__:run_zonal_forecast:377 -   South West       Oyo          * Beans (white)         N     894,300/MT  +0.00%
2026-05-26 06:29:15.353 | INFO     | __main__:run_zonal_forecast:377 -   South West       Oyo          * Maize (white)         N     399,600/MT  +0.00%
2026-05-26 06:29:15.353 | INFO     | __main__:run_zonal_forecast:377 -   South West       Lagos        * Hibiscus              N   2,673,750/MT  +0.00%
2026-05-26 06:29:15.354 | INFO     | __main__:run_zonal_forecast:377 -   South West       Lagos        * Sesame                N   1,469,100/MT  +0.00%
2026-05-26 06:29:15.354 | INFO     | __main__:run_zonal_forecast:377 -   South West       Lagos        * Cocoa                 N   6,102,000/MT  +0.00%
2026-05-26 06:29:15.354 | INFO     | __main__:run_zonal_forecast:377 -   South West       Lagos        * Soybeans              N     908,900/MT  +0.00%
2026-05-26 06:29:15.354 | INFO     | __main__:run_zonal_forecast:377 -   South West       Lagos        * Beans (white)         N   1,040,640/MT  +0.00%
2026-05-26 06:29:15.354 | INFO     | __main__:run_zonal_forecast:377 -   South West       Lagos        * Beans (red)           N   1,143,750/MT  +0.00%
2026-05-26 06:29:15.357 | INFO     | __main__:run_zonal_forecast:377 -   South West       Lagos        * Maize (white)         N     481,000/MT  +0.00%
2026-05-26 06:29:15.357 | INFO     | __main__:run_zonal_forecast:377 -   South West       Lagos        * Maize (yellow)        N     520,000/MT  +0.00%
2026-05-26 06:29:15.357 | INFO     | __main__:run_zonal_forecast:377 -   South East       Anambra      * Cocoa                 N   5,932,500/MT  +0.00%
2026-05-26 06:29:15.359 | INFO     | __main__:run_zonal_forecast:377 -   South East       Anambra      * Cashew Nuts           N   2,145,000/MT  +0.00%
2026-05-26 06:29:15.361 | INFO     | __main__:run_zonal_forecast:377 -   South East       Anambra      * Beans (white)         N     959,340/MT  +0.00%
2026-05-26 06:29:15.366 | INFO     | __main__:run_zonal_forecast:377 -   South East       Anambra      * Beans (red)           N   1,052,250/MT  +0.00%
2026-05-26 06:29:15.366 | INFO     | __main__:run_zonal_forecast:377 -   South East       Anambra      * Maize (white)         N     444,000/MT  +0.00%
2026-05-26 06:29:15.367 | INFO     | __main__:run_zonal_forecast:377 -   South East       Imo          * Cocoa                 N   5,141,500/MT  +0.00%
2026-05-26 06:29:15.368 | INFO     | __main__:run_zonal_forecast:377 -   South East       Imo          * Cashew Nuts           N   2,067,000/MT  +0.00%
2026-05-26 06:29:15.370 | INFO     | __main__:run_zonal_forecast:377 -   South East       Imo          * Beans (white)         N     934,950/MT  +0.00%
2026-05-26 06:29:15.371 | INFO     | __main__:run_zonal_forecast:377 -   South East       Imo          * Maize (white)         N     432,900/MT  +0.00%
2026-05-26 06:29:15.372 | INFO     | __main__:run_zonal_forecast:377 -   South South      Rivers       * Hibiscus              N   2,604,000/MT  +0.00%
2026-05-26 06:29:15.372 | INFO     | __main__:run_zonal_forecast:377 -   South South      Rivers       * Sesame                N   1,469,100/MT  +0.00%
2026-05-26 06:29:15.373 | INFO     | __main__:run_zonal_forecast:377 -   South South      Rivers       * Cocoa                 N   5,932,500/MT  +0.00%
2026-05-26 06:29:15.374 | INFO     | __main__:run_zonal_forecast:377 -   South South      Rivers       * Beans (white)         N     991,860/MT  +0.00%
2026-05-26 06:29:15.374 | INFO     | __main__:run_zonal_forecast:377 -   South South      Rivers       * Beans (red)           N   1,098,000/MT  +0.00%
2026-05-26 06:29:15.374 | INFO     | __main__:run_zonal_forecast:377 -   South South      Rivers       * Maize (white)         N     462,500/MT  +0.00%
2026-05-26 06:29:15.375 | INFO     | __main__:run_zonal_forecast:377 -   South South      Delta        * Hibiscus              N   2,511,000/MT  +0.00%
2026-05-26 06:29:15.375 | INFO     | __main__:run_zonal_forecast:377 -   South South      Delta        * Sesame                N   1,444,200/MT  +0.00%
2026-05-26 06:29:15.375 | INFO     | __main__:run_zonal_forecast:377 -   South South      Delta        * Cocoa                 N   5,254,500/MT  +0.00%
2026-05-26 06:29:15.376 | INFO     | __main__:run_zonal_forecast:377 -   South South      Delta        * Soybeans              N     849,300/MT  +0.00%
2026-05-26 06:29:15.378 | INFO     | __main__:run_zonal_forecast:377 -   South South      Delta        * Beans (white)         N     951,210/MT  +0.00%
2026-05-26 06:29:15.381 | INFO     | __main__:run_zonal_forecast:377 -   South South      Delta        * Maize (white)         N     444,000/MT  +0.00%
2026-05-26 06:29:15.731 | SUCCESS  | __main__:run_zonal_forecast:391 -   Zonal JSON  -> C:\Users\USER\Downloads\agrolinking-intel-structure\agrolinking-intel\outputs\forecasts\zonal\zonal_forecast_2026-05-26.json
2026-05-26 06:29:15.750 | SUCCESS  | __main__:run_zonal_forecast:397 -   Zonal alert -> C:\Users\USER\Downloads\agrolinking-intel-structure\agrolinking-intel\outputs\daily_alerts\alert_zonal_2026-05-26.txt
2026-05-26 06:29:15.752 | INFO     | __main__:run_zonal_forecast:399 - 
2026-05-26 06:29:15.752 | INFO     | __main__:run_zonal_forecast:400 - =================================================================
2026-05-26 06:29:15.755 | INFO     | __main__:run_zonal_forecast:402 -   ================================================
2026-05-26 06:29:15.755 | INFO     | __main__:run_zonal_forecast:402 -   AGROLINKING ZONAL COMMODITY INTELLIGENCE
2026-05-26 06:29:15.757 | INFO     | __main__:run_zonal_forecast:402 -   Date: Tuesday, 26 May 2026
2026-05-26 06:29:15.757 | INFO     | __main__:run_zonal_forecast:402 -   6 Zones | 12 States | 12 Commodities
2026-05-26 06:29:15.757 | INFO     | __main__:run_zonal_forecast:402 -   ================================================
2026-05-26 06:29:15.761 | INFO     | __main__:run_zonal_forecast:402 -   
2026-05-26 06:29:15.763 | INFO     | __main__:run_zonal_forecast:402 -   NORTH WEST (Kano & Kaduna)
2026-05-26 06:29:15.765 | INFO     | __main__:run_zonal_forecast:402 -   Nigeria's main grain belt. Highest Maize, Sorghum, Sesame, Wheat production.
2026-05-26 06:29:15.767 | INFO     | __main__:run_zonal_forecast:402 -   
2026-05-26 06:29:15.767 | INFO     | __main__:run_zonal_forecast:402 -     Commodity           Kano                Kaduna            
2026-05-26 06:29:15.769 | INFO     | __main__:run_zonal_forecast:402 -     ------------------------------------------------------------
2026-05-26 06:29:15.771 | INFO     | __main__:run_zonal_forecast:402 -     Hibiscus                N2.21M                N2.16M            
2026-05-26 06:29:15.774 | INFO     | __main__:run_zonal_forecast:402 -     Sesame                * N1.03M                N1.06M            
2026-05-26 06:29:15.774 | INFO     | __main__:run_zonal_forecast:402 -     Ginger                  N9.51M              * N6.98M            
2026-05-26 06:29:15.776 | INFO     | __main__:run_zonal_forecast:402 -     Cocoa                   N5.76M                N5.93M            
2026-05-26 06:29:15.784 | INFO     | __main__:run_zonal_forecast:402 -     Soybeans                N670K               * N626K             
2026-05-26 06:29:15.786 | INFO     | __main__:run_zonal_forecast:402 -     Cashew Nuts             N1.95M                N1.99M            
2026-05-26 06:29:15.787 | INFO     | __main__:run_zonal_forecast:402 -     Sorghum               * N261K               * N268K             
2026-05-26 06:29:15.787 | INFO     | __main__:run_zonal_forecast:402 -     Beans (white)         * N707K                 N715K             
2026-05-26 06:29:15.787 | INFO     | __main__:run_zonal_forecast:402 -     Beans (red)             N824K                 N833K             
2026-05-26 06:29:15.787 | INFO     | __main__:run_zonal_forecast:402 -     Maize (white)         * N296K               * N300K             
2026-05-26 06:29:15.787 | INFO     | __main__:run_zonal_forecast:402 -     Maize (yellow)        * N320K               * N324K             
2026-05-26 06:29:15.797 | INFO     | __main__:run_zonal_forecast:402 -     Wheat                 * N629K               * N615K             
2026-05-26 06:29:15.800 | INFO     | __main__:run_zonal_forecast:402 -   
2026-05-26 06:29:15.801 | INFO     | __main__:run_zonal_forecast:402 -   NORTH CENTRAL (Plateau & Kogi)
2026-05-26 06:29:15.803 | INFO     | __main__:run_zonal_forecast:402 -   Middle Belt. Ginger heartland (Plateau), Cashew/Cocoa belt (Kogi).
2026-05-26 06:29:15.805 | INFO     | __main__:run_zonal_forecast:402 -   
2026-05-26 06:29:15.805 | INFO     | __main__:run_zonal_forecast:402 -     Commodity           Plateau             Kogi              
2026-05-26 06:29:15.805 | INFO     | __main__:run_zonal_forecast:402 -     ------------------------------------------------------------
2026-05-26 06:29:15.805 | INFO     | __main__:run_zonal_forecast:402 -     Hibiscus                N2.26M                N2.23M            
2026-05-26 06:29:15.805 | INFO     | __main__:run_zonal_forecast:402 -     Sesame                  N1.20M                N1.21M            
2026-05-26 06:29:15.818 | INFO     | __main__:run_zonal_forecast:402 -     Ginger                * N7.28M                N9.12M            
2026-05-26 06:29:15.820 | INFO     | __main__:run_zonal_forecast:402 -     Cocoa                   N6.10M              * N4.97M            
2026-05-26 06:29:15.820 | INFO     | __main__:run_zonal_forecast:402 -     Soybeans              * N618K               * N648K             
2026-05-26 06:29:15.820 | INFO     | __main__:run_zonal_forecast:402 -     Cashew Nuts             N2.05M              * N1.56M            
2026-05-26 06:29:15.820 | INFO     | __main__:run_zonal_forecast:402 -     Sorghum                 N308K               * N305K             
2026-05-26 06:29:15.820 | INFO     | __main__:run_zonal_forecast:402 -     Beans (white)         * N732K               * N748K             
2026-05-26 06:29:15.825 | INFO     | __main__:run_zonal_forecast:402 -     Beans (red)             N869K                 N860K             
2026-05-26 06:29:15.825 | INFO     | __main__:run_zonal_forecast:402 -     Maize (white)         * N322K               * N333K             
2026-05-26 06:29:15.828 | INFO     | __main__:run_zonal_forecast:402 -     Maize (yellow)          N352K                 N364K             
2026-05-26 06:29:15.828 | INFO     | __main__:run_zonal_forecast:402 -     Wheat                 * N643K                 N686K             
2026-05-26 06:29:15.830 | INFO     | __main__:run_zonal_forecast:402 -   
2026-05-26 06:29:15.832 | INFO     | __main__:run_zonal_forecast:402 -   NORTH EAST (Adamawa & Borno)
2026-05-26 06:29:15.835 | INFO     | __main__:run_zonal_forecast:402 -   Semi-arid. Sorghum, Maize. Conflict premium on imports in Borno.
2026-05-26 06:29:15.835 | INFO     | __main__:run_zonal_forecast:402 -   
2026-05-26 06:29:15.835 | INFO     | __main__:run_zonal_forecast:402 -     Commodity           Adamawa             Borno             
2026-05-26 06:29:15.838 | INFO     | __main__:run_zonal_forecast:402 -     ------------------------------------------------------------
2026-05-26 06:29:15.838 | INFO     | __main__:run_zonal_forecast:402 -     Hibiscus                N2.28M                N2.44M            
2026-05-26 06:29:15.840 | INFO     | __main__:run_zonal_forecast:402 -     Sesame                * N1.07M              * N1.11M            
2026-05-26 06:29:15.840 | INFO     | __main__:run_zonal_forecast:402 -     Ginger                * N8.05M                N11.15M           
2026-05-26 06:29:15.840 | INFO     | __main__:run_zonal_forecast:402 -     Cocoa                   N5.93M                N6.67M            
2026-05-26 06:29:15.840 | INFO     | __main__:run_zonal_forecast:402 -     Soybeans              * N663K                 N805K             
2026-05-26 06:29:15.848 | INFO     | __main__:run_zonal_forecast:402 -     Cashew Nuts             N2.03M                N2.24M            
2026-05-26 06:29:15.850 | INFO     | __main__:run_zonal_forecast:402 -     Sorghum               * N291K               * N308K             
2026-05-26 06:29:15.850 | INFO     | __main__:run_zonal_forecast:402 -     Beans (white)         * N748K               * N862K             
2026-05-26 06:29:15.850 | INFO     | __main__:run_zonal_forecast:402 -     Beans (red)             N869K                 N1.01M            
2026-05-26 06:29:15.850 | INFO     | __main__:run_zonal_forecast:402 -     Maize (white)         * N326K               * N400K             
2026-05-26 06:29:15.850 | INFO     | __main__:run_zonal_forecast:402 -     Maize (yellow)          N356K                 N432K             
2026-05-26 06:29:15.850 | INFO     | __main__:run_zonal_forecast:402 -     Wheat                   N693K               * N792K             
2026-05-26 06:29:15.850 | INFO     | __main__:run_zonal_forecast:402 -   
2026-05-26 06:29:15.857 | INFO     | __main__:run_zonal_forecast:402 -   SOUTH WEST (Oyo & Lagos)
2026-05-26 06:29:15.857 | INFO     | __main__:run_zonal_forecast:402 -   Commercial capital. Lagos is the price-setter for consumer markets.
2026-05-26 06:29:15.857 | INFO     | __main__:run_zonal_forecast:402 -   
2026-05-26 06:29:15.862 | INFO     | __main__:run_zonal_forecast:402 -     Commodity           Oyo                 Lagos             
2026-05-26 06:29:15.864 | INFO     | __main__:run_zonal_forecast:402 -     ------------------------------------------------------------
2026-05-26 06:29:15.868 | INFO     | __main__:run_zonal_forecast:402 -     Hibiscus              * N2.39M              * N2.67M            
2026-05-26 06:29:15.868 | INFO     | __main__:run_zonal_forecast:402 -     Sesame                  N1.32M              * N1.47M            
2026-05-26 06:29:15.868 | INFO     | __main__:run_zonal_forecast:402 -     Ginger                  N10.48M               N11.64M           
2026-05-26 06:29:15.868 | INFO     | __main__:run_zonal_forecast:402 -     Cocoa                 * N5.03M              * N6.10M            
2026-05-26 06:29:15.868 | INFO     | __main__:run_zonal_forecast:402 -     Soybeans              * N775K               * N909K             
2026-05-26 06:29:15.868 | INFO     | __main__:run_zonal_forecast:402 -     Cashew Nuts           * N1.68M                N2.15M            
2026-05-26 06:29:15.868 | INFO     | __main__:run_zonal_forecast:402 -     Sorghum                 N352K                 N395K             
2026-05-26 06:29:15.875 | INFO     | __main__:run_zonal_forecast:402 -     Beans (white)         * N894K               * N1.04M            
2026-05-26 06:29:15.876 | INFO     | __main__:run_zonal_forecast:402 -     Beans (red)             N1.02M              * N1.14M            
2026-05-26 06:29:15.878 | INFO     | __main__:run_zonal_forecast:402 -     Maize (white)         * N400K               * N481K             
2026-05-26 06:29:15.880 | INFO     | __main__:run_zonal_forecast:402 -     Maize (yellow)          N432K               * N520K             
2026-05-26 06:29:15.880 | INFO     | __main__:run_zonal_forecast:402 -     Wheat                   N778K                 N813K             
2026-05-26 06:29:15.882 | INFO     | __main__:run_zonal_forecast:402 -   
2026-05-26 06:29:15.884 | INFO     | __main__:run_zonal_forecast:402 -   SOUTH EAST (Anambra & Imo)
2026-05-26 06:29:15.885 | INFO     | __main__:run_zonal_forecast:402 -   High consumption, low production of traded commodities. Import-dependent.
2026-05-26 06:29:15.887 | INFO     | __main__:run_zonal_forecast:402 -   
2026-05-26 06:29:15.889 | INFO     | __main__:run_zonal_forecast:402 -     Commodity           Anambra             Imo               
2026-05-26 06:29:15.889 | INFO     | __main__:run_zonal_forecast:402 -     ------------------------------------------------------------
2026-05-26 06:29:15.889 | INFO     | __main__:run_zonal_forecast:402 -     Hibiscus                N2.60M                N2.56M            
2026-05-26 06:29:15.889 | INFO     | __main__:run_zonal_forecast:402 -     Sesame                  N1.44M                N1.42M            
2026-05-26 06:29:15.902 | INFO     | __main__:run_zonal_forecast:402 -     Ginger                  N11.15M               N10.86M           
2026-05-26 06:29:15.907 | INFO     | __main__:run_zonal_forecast:402 -     Cocoa                 * N5.93M              * N5.14M            
2026-05-26 06:29:15.907 | INFO     | __main__:run_zonal_forecast:402 -     Soybeans                N849K                 N834K             
2026-05-26 06:29:15.907 | INFO     | __main__:run_zonal_forecast:402 -     Cashew Nuts           * N2.15M              * N2.07M            
2026-05-26 06:29:15.912 | INFO     | __main__:run_zonal_forecast:402 -     Sorghum                 N382K                 N375K             
2026-05-26 06:29:15.912 | INFO     | __main__:run_zonal_forecast:402 -     Beans (white)         * N959K               * N935K             
2026-05-26 06:29:15.912 | INFO     | __main__:run_zonal_forecast:402 -     Beans (red)           * N1.05M                N1.03M            
2026-05-26 06:29:15.912 | INFO     | __main__:run_zonal_forecast:402 -     Maize (white)         * N444K               * N433K             
2026-05-26 06:29:15.916 | INFO     | __main__:run_zonal_forecast:402 -     Maize (yellow)          N480K                 N468K             
2026-05-26 06:29:15.916 | INFO     | __main__:run_zonal_forecast:402 -     Wheat                   N834K                 N820K             
2026-05-26 06:29:15.918 | INFO     | __main__:run_zonal_forecast:402 -   
2026-05-26 06:29:15.919 | INFO     | __main__:run_zonal_forecast:402 -   SOUTH SOUTH (Rivers & Delta)
2026-05-26 06:29:15.919 | INFO     | __main__:run_zonal_forecast:402 -   Oil belt. High purchasing power. Cocoa producer (Delta).
2026-05-26 06:29:15.919 | INFO     | __main__:run_zonal_forecast:402 -   
2026-05-26 06:29:15.921 | INFO     | __main__:run_zonal_forecast:402 -     Commodity           Rivers              Delta             
2026-05-26 06:29:15.921 | INFO     | __main__:run_zonal_forecast:402 -     ------------------------------------------------------------
2026-05-26 06:29:15.921 | INFO     | __main__:run_zonal_forecast:402 -     Hibiscus              * N2.60M              * N2.51M            
2026-05-26 06:29:15.921 | INFO     | __main__:run_zonal_forecast:402 -     Sesame                * N1.47M              * N1.44M            
2026-05-26 06:29:15.921 | INFO     | __main__:run_zonal_forecast:402 -     Ginger                  N11.64M               N11.15M           
2026-05-26 06:29:15.921 | INFO     | __main__:run_zonal_forecast:402 -     Cocoa                 * N5.93M              * N5.25M            
2026-05-26 06:29:15.921 | INFO     | __main__:run_zonal_forecast:402 -     Soybeans                N879K               * N849K             
2026-05-26 06:29:15.921 | INFO     | __main__:run_zonal_forecast:402 -     Cashew Nuts             N2.24M                N2.15M            
2026-05-26 06:29:15.921 | INFO     | __main__:run_zonal_forecast:402 -     Sorghum                 N402K                 N395K             
2026-05-26 06:29:15.921 | INFO     | __main__:run_zonal_forecast:402 -     Beans (white)         * N992K               * N951K             
2026-05-26 06:29:15.921 | INFO     | __main__:run_zonal_forecast:402 -     Beans (red)           * N1.10M                N1.05M            
2026-05-26 06:29:15.921 | INFO     | __main__:run_zonal_forecast:402 -     Maize (white)         * N462K               * N444K             
2026-05-26 06:29:15.928 | INFO     | __main__:run_zonal_forecast:402 -     Maize (yellow)          N500K                 N480K             
2026-05-26 06:29:15.930 | INFO     | __main__:run_zonal_forecast:402 -     Wheat                   N862K                 N848K             
2026-05-26 06:29:15.930 | INFO     | __main__:run_zonal_forecast:402 -   
2026-05-26 06:29:15.930 | INFO     | __main__:run_zonal_forecast:402 -   ==========================================================
2026-05-26 06:29:15.930 | INFO     | __main__:run_zonal_forecast:402 -   * = primary commodity  (+/-%) = day-on-day change
2026-05-26 06:29:15.932 | INFO     | __main__:run_zonal_forecast:402 -   
2026-05-26 06:29:15.932 | INFO     | __main__:run_zonal_forecast:402 -   NATIONAL PRICE CHANGES TODAY:
2026-05-26 06:29:15.933 | INFO     | __main__:run_zonal_forecast:402 -     Commodity                   Price   Day Chg    vs Ref
2026-05-26 06:29:15.933 | INFO     | __main__:run_zonal_forecast:402 -     ------------------------------------------------------
2026-05-26 06:29:15.933 | INFO     | __main__:run_zonal_forecast:402 -     Hibiscus                   N2.33M    +0.00%    +0.00%
2026-05-26 06:29:15.933 | INFO     | __main__:run_zonal_forecast:402 -     Sesame                     N1.25M    +0.00%    +0.00%
2026-05-26 06:29:15.933 | INFO     | __main__:run_zonal_forecast:402 -     Ginger                     N9.70M    +0.00%    +0.00%
2026-05-26 06:29:15.933 | INFO     | __main__:run_zonal_forecast:402 -     Cocoa                      N5.65M    +0.00%    +0.00%
2026-05-26 06:29:15.935 | INFO     | __main__:run_zonal_forecast:402 -     Soybeans                    N745K    +0.00%    +0.00%
2026-05-26 06:29:15.935 | INFO     | __main__:run_zonal_forecast:402 -     Cashew Nuts                N1.95M    +0.00%    +0.00%
2026-05-26 06:29:15.935 | INFO     | __main__:run_zonal_forecast:402 -     Sorghum                     N335K    +0.00%    +0.00%
2026-05-26 06:29:15.935 | INFO     | __main__:run_zonal_forecast:402 -     Beans (white)               N813K    +0.00%    +0.00%
2026-05-26 06:29:15.937 | INFO     | __main__:run_zonal_forecast:402 -     Beans (red)                 N915K    +0.00%    +0.00%
2026-05-26 06:29:15.937 | INFO     | __main__:run_zonal_forecast:402 -     Maize (white)               N370K    +0.00%    +0.00%
2026-05-26 06:29:15.937 | INFO     | __main__:run_zonal_forecast:402 -     Maize (yellow)              N400K    +0.00%    +0.00%
2026-05-26 06:29:15.937 | INFO     | __main__:run_zonal_forecast:402 -     Wheat                       N707K    +0.00%    +0.00%
2026-05-26 06:29:15.937 | INFO     | __main__:run_zonal_forecast:402 -   
2026-05-26 06:29:15.937 | INFO     | __main__:run_zonal_forecast:402 -   BEST SOURCING NATIONALLY:
2026-05-26 06:29:15.940 | INFO     | __main__:run_zonal_forecast:402 -     Commodity              Best State           Price  Spread
2026-05-26 06:29:15.940 | INFO     | __main__:run_zonal_forecast:402 -     ------------------------------------------------------------
2026-05-26 06:29:15.940 | INFO     | __main__:run_zonal_forecast:402 -     Hibiscus               Kaduna              N2.16M  24% vs Lagos
2026-05-26 06:29:15.940 | INFO     | __main__:run_zonal_forecast:402 -     Sesame                 Kano                N1.03M  42% vs Lagos
2026-05-26 06:29:15.940 | INFO     | __main__:run_zonal_forecast:402 -     Ginger                 Kaduna              N6.98M  67% vs Lagos
2026-05-26 06:29:15.940 | INFO     | __main__:run_zonal_forecast:402 -     Cocoa                  Kogi                N4.97M  34% vs Borno
2026-05-26 06:29:15.940 | INFO     | __main__:run_zonal_forecast:402 -     Soybeans               Plateau              N618K  47% vs Lagos
2026-05-26 06:29:15.943 | INFO     | __main__:run_zonal_forecast:402 -     Cashew Nuts            Kogi                N1.56M  44% vs Borno
2026-05-26 06:29:15.943 | INFO     | __main__:run_zonal_forecast:402 -     Sorghum                Kano                 N261K  54% vs Rivers
2026-05-26 06:29:15.944 | INFO     | __main__:run_zonal_forecast:402 -     Beans (white)          Kano                 N707K  47% vs Lagos
2026-05-26 06:29:15.946 | INFO     | __main__:run_zonal_forecast:402 -     Beans (red)            Kano                 N824K  39% vs Lagos
2026-05-26 06:29:15.947 | INFO     | __main__:run_zonal_forecast:402 -     Maize (white)          Kano                 N296K  62% vs Lagos
2026-05-26 06:29:15.947 | INFO     | __main__:run_zonal_forecast:402 -     Maize (yellow)         Kano                 N320K  62% vs Lagos
2026-05-26 06:29:15.948 | INFO     | __main__:run_zonal_forecast:402 -     Wheat                  Kaduna               N615K  40% vs Rivers
2026-05-26 06:29:15.948 | INFO     | __main__:run_zonal_forecast:402 -   
2026-05-26 06:29:15.948 | INFO     | __main__:run_zonal_forecast:402 -   ==========================================================
2026-05-26 06:29:15.948 | INFO     | __main__:run_zonal_forecast:402 -   Source: Agrolinking Intelligence Platform
2026-05-26 06:29:15.948 | INFO     | __main__:run_zonal_forecast:402 -   Next update: 27 May 2026
2026-05-26 06:29:15.948 | INFO     | __main__:run_zonal_forecast:403 - =================================================================
2026-05-26 06:29:15.948 | SUCCESS  | __main__:run_zonal_forecast:404 - ZONAL FORECASTING COMPLETE — 6 zones | 12 states | 12 commodities
2026-05-26 06:45:00.132 | INFO     | __main__:run_zonal_forecast:348 - =================================================================
2026-05-26 06:45:00.134 | INFO     | __main__:run_zonal_forecast:349 - STEP 7 — ZONAL & STATE-LEVEL FORECASTING
2026-05-26 06:45:00.136 | INFO     | __main__:run_zonal_forecast:350 -   Date  : Tuesday, 26 May 2026  06:45
2026-05-26 06:45:00.136 | INFO     | __main__:run_zonal_forecast:351 -   Anchor: DAILY INTERPOLATED (from last_known_date, drifts daily)
2026-05-26 06:45:00.136 | INFO     | __main__:run_zonal_forecast:352 - =================================================================
2026-05-26 06:45:00.267 | INFO     | __main__:run_zonal_forecast:355 -   Source: forecast_validated_2026-05-26.json
2026-05-26 06:45:00.268 | INFO     | __main__:run_zonal_forecast:362 -   Maize (white): last_known=2026-06-01, days_elapsed=-6
2026-05-26 06:45:00.270 | INFO     | __main__:run_zonal_forecast:362 -   Hibiscus: last_known=2026-06-01, days_elapsed=-6
2026-05-26 06:45:00.270 | INFO     | __main__:run_zonal_forecast:362 -   Sesame: last_known=2026-06-01, days_elapsed=-6
2026-05-26 06:45:00.270 | INFO     | __main__:build_zonal_output:164 - 
2026-05-26 06:45:00.271 | INFO     | __main__:build_zonal_output:165 -   NATIONAL ANCHORS (interpolated from last_known_date to today):
2026-05-26 06:45:00.271 | INFO     | __main__:build_zonal_output:166 -   Commodity                 Today Price   Day Chg    vs Ref  Source
2026-05-26 06:45:00.271 | INFO     | __main__:build_zonal_output:167 -   --------------------------------------------------------------------------------
2026-05-26 06:45:00.336 | DEBUG    | __main__:get_daily_price:96 -   last_known=2026-06-01, run=2026-05-26, elapsed=-6d
2026-05-26 06:45:00.337 | INFO     | __main__:build_zonal_output:203 -   Hibiscus               N   2,325,000    +0.00%  + +0.00%  ref_price (day 0, last_known=2026-0
2026-05-26 06:45:00.337 | DEBUG    | __main__:get_daily_price:96 -   last_known=2026-06-01, run=2026-05-26, elapsed=-6d
2026-05-26 06:45:00.337 | INFO     | __main__:build_zonal_output:203 -   Sesame                 N   1,245,000    +0.00%  + +0.00%  ref_price (day 0, last_known=2026-0
2026-05-26 06:45:00.337 | DEBUG    | __main__:get_daily_price:96 -   last_known=2026-06-01, run=2026-05-26, elapsed=-6d
2026-05-26 06:45:00.339 | INFO     | __main__:build_zonal_output:203 -   Ginger                 N   9,700,000    +0.00%  + +0.00%  ref_price (day 0, last_known=2026-0
2026-05-26 06:45:00.339 | DEBUG    | __main__:get_daily_price:96 -   last_known=2026-06-01, run=2026-05-26, elapsed=-6d
2026-05-26 06:45:00.339 | INFO     | __main__:build_zonal_output:203 -   Cocoa                  N   5,650,000    +0.00%  + +0.00%  ref_price (day 0, last_known=2026-0
2026-05-26 06:45:00.339 | DEBUG    | __main__:get_daily_price:96 -   last_known=2026-06-01, run=2026-05-26, elapsed=-6d
2026-05-26 06:45:00.339 | INFO     | __main__:build_zonal_output:203 -   Soybeans               N     745,000    +0.00%  + +0.00%  ref_price (day 0, last_known=2026-0
2026-05-26 06:45:00.339 | DEBUG    | __main__:get_daily_price:96 -   last_known=2026-06-01, run=2026-05-26, elapsed=-6d
2026-05-26 06:45:00.339 | INFO     | __main__:build_zonal_output:203 -   Cashew Nuts            N   1,950,000    +0.00%  + +0.00%  ref_price (day 0, last_known=2026-0
2026-05-26 06:45:00.339 | DEBUG    | __main__:get_daily_price:96 -   last_known=2026-06-01, run=2026-05-26, elapsed=-6d
2026-05-26 06:45:00.339 | INFO     | __main__:build_zonal_output:203 -   Sorghum                N     335,000    +0.00%  + +0.00%  ref_price (day 0, last_known=2026-0
2026-05-26 06:45:00.342 | DEBUG    | __main__:get_daily_price:96 -   last_known=2026-06-01, run=2026-05-26, elapsed=-6d
2026-05-26 06:45:00.343 | INFO     | __main__:build_zonal_output:203 -   Beans (white)          N     813,000    +0.00%  + +0.00%  ref_price (day 0, last_known=2026-0
2026-05-26 06:45:00.343 | DEBUG    | __main__:get_daily_price:96 -   last_known=2026-06-01, run=2026-05-26, elapsed=-6d
2026-05-26 06:45:00.343 | INFO     | __main__:build_zonal_output:203 -   Beans (red)            N     915,000    +0.00%  + +0.00%  ref_price (day 0, last_known=2026-0
2026-05-26 06:45:00.343 | DEBUG    | __main__:get_daily_price:96 -   last_known=2026-06-01, run=2026-05-26, elapsed=-6d
2026-05-26 06:45:00.343 | INFO     | __main__:build_zonal_output:203 -   Maize (white)          N     370,000    +0.00%  + +0.00%  ref_price (day 0, last_known=2026-0
2026-05-26 06:45:00.346 | DEBUG    | __main__:get_daily_price:96 -   last_known=2026-06-01, run=2026-05-26, elapsed=-6d
2026-05-26 06:45:00.346 | INFO     | __main__:build_zonal_output:203 -   Maize (yellow)         N     400,000    +0.00%  + +0.00%  ref_price (day 0, last_known=2026-0
2026-05-26 06:45:00.346 | DEBUG    | __main__:get_daily_price:96 -   last_known=2026-06-01, run=2026-05-26, elapsed=-6d
2026-05-26 06:45:00.347 | INFO     | __main__:build_zonal_output:203 -   Wheat                  N     706,833    +0.00%  + +0.00%  ref_price (day 0, last_known=2026-0
2026-05-26 06:45:00.347 | INFO     | __main__:build_zonal_output:206 - 
2026-05-26 06:45:00.407 | INFO     | __main__:run_zonal_forecast:368 - 
2026-05-26 06:45:00.407 | INFO     | __main__:run_zonal_forecast:369 -   Zone             State        Commodity                 State Price  Day Chg
2026-05-26 06:45:00.407 | INFO     | __main__:run_zonal_forecast:370 -   ------------------------------------------------------------------------
2026-05-26 06:45:00.407 | INFO     | __main__:run_zonal_forecast:377 -   North West       Kano         * Sesame                N   1,033,350/MT  +0.00%
2026-05-26 06:45:00.407 | INFO     | __main__:run_zonal_forecast:377 -   North West       Kano         * Sorghum               N     261,300/MT  +0.00%
2026-05-26 06:45:00.407 | INFO     | __main__:run_zonal_forecast:377 -   North West       Kano         * Beans (white)         N     707,310/MT  +0.00%
2026-05-26 06:45:00.410 | INFO     | __main__:run_zonal_forecast:377 -   North West       Kano         * Maize (white)         N     296,000/MT  +0.00%
2026-05-26 06:45:00.410 | INFO     | __main__:run_zonal_forecast:377 -   North West       Kano         * Maize (yellow)        N     320,000/MT  +0.00%
2026-05-26 06:45:00.411 | INFO     | __main__:run_zonal_forecast:377 -   North West       Kano         * Wheat                 N     629,081/MT  +0.00%
2026-05-26 06:45:00.411 | INFO     | __main__:run_zonal_forecast:377 -   North West       Kaduna       * Ginger                N   6,984,000/MT  +0.00%
2026-05-26 06:45:00.411 | INFO     | __main__:run_zonal_forecast:377 -   North West       Kaduna       * Soybeans              N     625,800/MT  +0.00%
2026-05-26 06:45:00.411 | INFO     | __main__:run_zonal_forecast:377 -   North West       Kaduna       * Sorghum               N     268,000/MT  +0.00%
2026-05-26 06:45:00.411 | INFO     | __main__:run_zonal_forecast:377 -   North West       Kaduna       * Maize (white)         N     299,700/MT  +0.00%
2026-05-26 06:45:00.411 | INFO     | __main__:run_zonal_forecast:377 -   North West       Kaduna       * Maize (yellow)        N     324,000/MT  +0.00%
2026-05-26 06:45:00.411 | INFO     | __main__:run_zonal_forecast:377 -   North West       Kaduna       * Wheat                 N     614,945/MT  +0.00%
2026-05-26 06:45:00.411 | INFO     | __main__:run_zonal_forecast:377 -   North Central    Plateau      * Ginger                N   7,275,000/MT  +0.00%
2026-05-26 06:45:00.411 | INFO     | __main__:run_zonal_forecast:377 -   North Central    Plateau      * Soybeans              N     618,350/MT  +0.00%
2026-05-26 06:45:00.416 | INFO     | __main__:run_zonal_forecast:377 -   North Central    Plateau      * Beans (white)         N     731,700/MT  +0.00%
2026-05-26 06:45:00.416 | INFO     | __main__:run_zonal_forecast:377 -   North Central    Plateau      * Maize (white)         N     321,900/MT  +0.00%
2026-05-26 06:45:00.416 | INFO     | __main__:run_zonal_forecast:377 -   North Central    Plateau      * Wheat                 N     643,218/MT  +0.00%
2026-05-26 06:45:00.416 | INFO     | __main__:run_zonal_forecast:377 -   North Central    Kogi         * Cocoa                 N   4,972,000/MT  +0.00%
2026-05-26 06:45:00.416 | INFO     | __main__:run_zonal_forecast:377 -   North Central    Kogi         * Soybeans              N     648,150/MT  +0.00%
2026-05-26 06:45:00.418 | INFO     | __main__:run_zonal_forecast:377 -   North Central    Kogi         * Cashew Nuts           N   1,560,000/MT  +0.00%
2026-05-26 06:45:00.418 | INFO     | __main__:run_zonal_forecast:377 -   North Central    Kogi         * Sorghum               N     304,850/MT  +0.00%
2026-05-26 06:45:00.418 | INFO     | __main__:run_zonal_forecast:377 -   North Central    Kogi         * Beans (white)         N     747,960/MT  +0.00%
2026-05-26 06:45:00.420 | INFO     | __main__:run_zonal_forecast:377 -   North Central    Kogi         * Maize (white)         N     333,000/MT  +0.00%
2026-05-26 06:45:00.420 | INFO     | __main__:run_zonal_forecast:377 -   North East       Adamawa      * Sesame                N   1,070,700/MT  +0.00%
2026-05-26 06:45:00.420 | INFO     | __main__:run_zonal_forecast:377 -   North East       Adamawa      * Ginger                N   8,051,000/MT  +0.00%
2026-05-26 06:45:00.420 | INFO     | __main__:run_zonal_forecast:377 -   North East       Adamawa      * Soybeans              N     663,050/MT  +0.00%
2026-05-26 06:45:00.420 | INFO     | __main__:run_zonal_forecast:377 -   North East       Adamawa      * Sorghum               N     291,450/MT  +0.00%
2026-05-26 06:45:00.420 | INFO     | __main__:run_zonal_forecast:377 -   North East       Adamawa      * Beans (white)         N     747,960/MT  +0.00%
2026-05-26 06:45:00.420 | INFO     | __main__:run_zonal_forecast:377 -   North East       Adamawa      * Maize (white)         N     325,600/MT  +0.00%
2026-05-26 06:45:00.420 | INFO     | __main__:run_zonal_forecast:377 -   North East       Borno        * Sesame                N   1,108,050/MT  +0.00%
2026-05-26 06:45:00.420 | INFO     | __main__:run_zonal_forecast:377 -   North East       Borno        * Sorghum               N     308,200/MT  +0.00%
2026-05-26 06:45:00.420 | INFO     | __main__:run_zonal_forecast:377 -   North East       Borno        * Beans (white)         N     861,780/MT  +0.00%
2026-05-26 06:45:00.420 | INFO     | __main__:run_zonal_forecast:377 -   North East       Borno        * Maize (white)         N     399,600/MT  +0.00%
2026-05-26 06:45:00.420 | INFO     | __main__:run_zonal_forecast:377 -   North East       Borno        * Wheat                 N     791,653/MT  +0.00%
2026-05-26 06:45:00.426 | INFO     | __main__:run_zonal_forecast:377 -   South West       Oyo          * Hibiscus              N   2,394,750/MT  +0.00%
2026-05-26 06:45:00.426 | INFO     | __main__:run_zonal_forecast:377 -   South West       Oyo          * Cocoa                 N   5,028,500/MT  +0.00%
2026-05-26 06:45:00.426 | INFO     | __main__:run_zonal_forecast:377 -   South West       Oyo          * Soybeans              N     774,800/MT  +0.00%
2026-05-26 06:45:00.426 | INFO     | __main__:run_zonal_forecast:377 -   South West       Oyo          * Cashew Nuts           N   1,677,000/MT  +0.00%
2026-05-26 06:45:00.428 | INFO     | __main__:run_zonal_forecast:377 -   South West       Oyo          * Beans (white)         N     894,300/MT  +0.00%
2026-05-26 06:45:00.428 | INFO     | __main__:run_zonal_forecast:377 -   South West       Oyo          * Maize (white)         N     399,600/MT  +0.00%
2026-05-26 06:45:00.428 | INFO     | __main__:run_zonal_forecast:377 -   South West       Lagos        * Hibiscus              N   2,673,750/MT  +0.00%
2026-05-26 06:45:00.428 | INFO     | __main__:run_zonal_forecast:377 -   South West       Lagos        * Sesame                N   1,469,100/MT  +0.00%
2026-05-26 06:45:00.428 | INFO     | __main__:run_zonal_forecast:377 -   South West       Lagos        * Cocoa                 N   6,102,000/MT  +0.00%
2026-05-26 06:45:00.428 | INFO     | __main__:run_zonal_forecast:377 -   South West       Lagos        * Soybeans              N     908,900/MT  +0.00%
2026-05-26 06:45:00.431 | INFO     | __main__:run_zonal_forecast:377 -   South West       Lagos        * Beans (white)         N   1,040,640/MT  +0.00%
2026-05-26 06:45:00.431 | INFO     | __main__:run_zonal_forecast:377 -   South West       Lagos        * Beans (red)           N   1,143,750/MT  +0.00%
2026-05-26 06:45:00.431 | INFO     | __main__:run_zonal_forecast:377 -   South West       Lagos        * Maize (white)         N     481,000/MT  +0.00%
2026-05-26 06:45:00.435 | INFO     | __main__:run_zonal_forecast:377 -   South West       Lagos        * Maize (yellow)        N     520,000/MT  +0.00%
2026-05-26 06:45:00.435 | INFO     | __main__:run_zonal_forecast:377 -   South East       Anambra      * Cocoa                 N   5,932,500/MT  +0.00%
2026-05-26 06:45:00.436 | INFO     | __main__:run_zonal_forecast:377 -   South East       Anambra      * Cashew Nuts           N   2,145,000/MT  +0.00%
2026-05-26 06:45:00.436 | INFO     | __main__:run_zonal_forecast:377 -   South East       Anambra      * Beans (white)         N     959,340/MT  +0.00%
2026-05-26 06:45:00.436 | INFO     | __main__:run_zonal_forecast:377 -   South East       Anambra      * Beans (red)           N   1,052,250/MT  +0.00%
2026-05-26 06:45:00.436 | INFO     | __main__:run_zonal_forecast:377 -   South East       Anambra      * Maize (white)         N     444,000/MT  +0.00%
2026-05-26 06:45:00.436 | INFO     | __main__:run_zonal_forecast:377 -   South East       Imo          * Cocoa                 N   5,141,500/MT  +0.00%
2026-05-26 06:45:00.436 | INFO     | __main__:run_zonal_forecast:377 -   South East       Imo          * Cashew Nuts           N   2,067,000/MT  +0.00%
2026-05-26 06:45:00.436 | INFO     | __main__:run_zonal_forecast:377 -   South East       Imo          * Beans (white)         N     934,950/MT  +0.00%
2026-05-26 06:45:00.436 | INFO     | __main__:run_zonal_forecast:377 -   South East       Imo          * Maize (white)         N     432,900/MT  +0.00%
2026-05-26 06:45:00.436 | INFO     | __main__:run_zonal_forecast:377 -   South South      Rivers       * Hibiscus              N   2,604,000/MT  +0.00%
2026-05-26 06:45:00.436 | INFO     | __main__:run_zonal_forecast:377 -   South South      Rivers       * Sesame                N   1,469,100/MT  +0.00%
2026-05-26 06:45:00.436 | INFO     | __main__:run_zonal_forecast:377 -   South South      Rivers       * Cocoa                 N   5,932,500/MT  +0.00%
2026-05-26 06:45:00.436 | INFO     | __main__:run_zonal_forecast:377 -   South South      Rivers       * Beans (white)         N     991,860/MT  +0.00%
2026-05-26 06:45:00.436 | INFO     | __main__:run_zonal_forecast:377 -   South South      Rivers       * Beans (red)           N   1,098,000/MT  +0.00%
2026-05-26 06:45:00.436 | INFO     | __main__:run_zonal_forecast:377 -   South South      Rivers       * Maize (white)         N     462,500/MT  +0.00%
2026-05-26 06:45:00.443 | INFO     | __main__:run_zonal_forecast:377 -   South South      Delta        * Hibiscus              N   2,511,000/MT  +0.00%
2026-05-26 06:45:00.444 | INFO     | __main__:run_zonal_forecast:377 -   South South      Delta        * Sesame                N   1,444,200/MT  +0.00%
2026-05-26 06:45:00.445 | INFO     | __main__:run_zonal_forecast:377 -   South South      Delta        * Cocoa                 N   5,254,500/MT  +0.00%
2026-05-26 06:45:00.445 | INFO     | __main__:run_zonal_forecast:377 -   South South      Delta        * Soybeans              N     849,300/MT  +0.00%
2026-05-26 06:45:00.445 | INFO     | __main__:run_zonal_forecast:377 -   South South      Delta        * Beans (white)         N     951,210/MT  +0.00%
2026-05-26 06:45:00.445 | INFO     | __main__:run_zonal_forecast:377 -   South South      Delta        * Maize (white)         N     444,000/MT  +0.00%
2026-05-26 06:45:00.799 | SUCCESS  | __main__:run_zonal_forecast:391 -   Zonal JSON  -> C:\Users\USER\Downloads\agrolinking-intel-structure\agrolinking-intel\outputs\forecasts\zonal\zonal_forecast_2026-05-26.json
2026-05-26 06:45:00.801 | SUCCESS  | __main__:run_zonal_forecast:397 -   Zonal alert -> C:\Users\USER\Downloads\agrolinking-intel-structure\agrolinking-intel\outputs\daily_alerts\alert_zonal_2026-05-26.txt
2026-05-26 06:45:00.803 | INFO     | __main__:run_zonal_forecast:399 - 
2026-05-26 06:45:00.803 | INFO     | __main__:run_zonal_forecast:400 - =================================================================
2026-05-26 06:45:00.803 | INFO     | __main__:run_zonal_forecast:402 -   ================================================
2026-05-26 06:45:00.803 | INFO     | __main__:run_zonal_forecast:402 -   AGROLINKING ZONAL COMMODITY INTELLIGENCE
2026-05-26 06:45:00.806 | INFO     | __main__:run_zonal_forecast:402 -   Date: Tuesday, 26 May 2026
2026-05-26 06:45:00.806 | INFO     | __main__:run_zonal_forecast:402 -   6 Zones | 12 States | 12 Commodities
2026-05-26 06:45:00.806 | INFO     | __main__:run_zonal_forecast:402 -   ================================================
2026-05-26 06:45:00.808 | INFO     | __main__:run_zonal_forecast:402 -   
2026-05-26 06:45:00.808 | INFO     | __main__:run_zonal_forecast:402 -   NORTH WEST (Kano & Kaduna)
2026-05-26 06:45:00.809 | INFO     | __main__:run_zonal_forecast:402 -   Nigeria's main grain belt. Highest Maize, Sorghum, Sesame, Wheat production.
2026-05-26 06:45:00.810 | INFO     | __main__:run_zonal_forecast:402 -   
2026-05-26 06:45:00.810 | INFO     | __main__:run_zonal_forecast:402 -     Commodity           Kano                Kaduna            
2026-05-26 06:45:00.810 | INFO     | __main__:run_zonal_forecast:402 -     ------------------------------------------------------------
2026-05-26 06:45:00.810 | INFO     | __main__:run_zonal_forecast:402 -     Hibiscus                N2.21M                N2.16M            
2026-05-26 06:45:00.810 | INFO     | __main__:run_zonal_forecast:402 -     Sesame                * N1.03M                N1.06M            
2026-05-26 06:45:00.810 | INFO     | __main__:run_zonal_forecast:402 -     Ginger                  N9.51M              * N6.98M            
2026-05-26 06:45:00.810 | INFO     | __main__:run_zonal_forecast:402 -     Cocoa                   N5.76M                N5.93M            
2026-05-26 06:45:00.813 | INFO     | __main__:run_zonal_forecast:402 -     Soybeans                N670K               * N626K             
2026-05-26 06:45:00.813 | INFO     | __main__:run_zonal_forecast:402 -     Cashew Nuts             N1.95M                N1.99M            
2026-05-26 06:45:00.813 | INFO     | __main__:run_zonal_forecast:402 -     Sorghum               * N261K               * N268K             
2026-05-26 06:45:00.816 | INFO     | __main__:run_zonal_forecast:402 -     Beans (white)         * N707K                 N715K             
2026-05-26 06:45:00.816 | INFO     | __main__:run_zonal_forecast:402 -     Beans (red)             N824K                 N833K             
2026-05-26 06:45:00.816 | INFO     | __main__:run_zonal_forecast:402 -     Maize (white)         * N296K               * N300K             
2026-05-26 06:45:00.817 | INFO     | __main__:run_zonal_forecast:402 -     Maize (yellow)        * N320K               * N324K             
2026-05-26 06:45:00.817 | INFO     | __main__:run_zonal_forecast:402 -     Wheat                 * N629K               * N615K             
2026-05-26 06:45:00.817 | INFO     | __main__:run_zonal_forecast:402 -     Rice                  --                  --                
2026-05-26 06:45:00.817 | INFO     | __main__:run_zonal_forecast:402 -   
2026-05-26 06:45:00.819 | INFO     | __main__:run_zonal_forecast:402 -   NORTH CENTRAL (Plateau & Kogi)
2026-05-26 06:45:00.819 | INFO     | __main__:run_zonal_forecast:402 -   Middle Belt. Ginger heartland (Plateau), Cashew/Cocoa belt (Kogi).
2026-05-26 06:45:00.819 | INFO     | __main__:run_zonal_forecast:402 -   
2026-05-26 06:45:00.819 | INFO     | __main__:run_zonal_forecast:402 -     Commodity           Plateau             Kogi              
2026-05-26 06:45:00.819 | INFO     | __main__:run_zonal_forecast:402 -     ------------------------------------------------------------
2026-05-26 06:45:00.819 | INFO     | __main__:run_zonal_forecast:402 -     Hibiscus                N2.26M                N2.23M            
2026-05-26 06:45:00.819 | INFO     | __main__:run_zonal_forecast:402 -     Sesame                  N1.20M                N1.21M            
2026-05-26 06:45:00.819 | INFO     | __main__:run_zonal_forecast:402 -     Ginger                * N7.28M                N9.12M            
2026-05-26 06:45:00.819 | INFO     | __main__:run_zonal_forecast:402 -     Cocoa                   N6.10M              * N4.97M            
2026-05-26 06:45:00.819 | INFO     | __main__:run_zonal_forecast:402 -     Soybeans              * N618K               * N648K             
2026-05-26 06:45:00.819 | INFO     | __main__:run_zonal_forecast:402 -     Cashew Nuts             N2.05M              * N1.56M            
2026-05-26 06:45:00.819 | INFO     | __main__:run_zonal_forecast:402 -     Sorghum                 N308K               * N305K             
2026-05-26 06:45:00.819 | INFO     | __main__:run_zonal_forecast:402 -     Beans (white)         * N732K               * N748K             
2026-05-26 06:45:00.826 | INFO     | __main__:run_zonal_forecast:402 -     Beans (red)             N869K                 N860K             
2026-05-26 06:45:00.826 | INFO     | __main__:run_zonal_forecast:402 -     Maize (white)         * N322K               * N333K             
2026-05-26 06:45:00.826 | INFO     | __main__:run_zonal_forecast:402 -     Maize (yellow)          N352K                 N364K             
2026-05-26 06:45:00.826 | INFO     | __main__:run_zonal_forecast:402 -     Wheat                 * N643K                 N686K             
2026-05-26 06:45:00.828 | INFO     | __main__:run_zonal_forecast:402 -     Rice                  --                  --                
2026-05-26 06:45:00.828 | INFO     | __main__:run_zonal_forecast:402 -   
2026-05-26 06:45:00.828 | INFO     | __main__:run_zonal_forecast:402 -   NORTH EAST (Adamawa & Borno)
2026-05-26 06:45:00.830 | INFO     | __main__:run_zonal_forecast:402 -   Semi-arid. Sorghum, Maize. Conflict premium on imports in Borno.
2026-05-26 06:45:00.830 | INFO     | __main__:run_zonal_forecast:402 -   
2026-05-26 06:45:00.830 | INFO     | __main__:run_zonal_forecast:402 -     Commodity           Adamawa             Borno             
2026-05-26 06:45:00.830 | INFO     | __main__:run_zonal_forecast:402 -     ------------------------------------------------------------
2026-05-26 06:45:00.830 | INFO     | __main__:run_zonal_forecast:402 -     Hibiscus                N2.28M                N2.44M            
2026-05-26 06:45:00.830 | INFO     | __main__:run_zonal_forecast:402 -     Sesame                * N1.07M              * N1.11M            
2026-05-26 06:45:00.830 | INFO     | __main__:run_zonal_forecast:402 -     Ginger                * N8.05M                N11.15M           
2026-05-26 06:45:00.830 | INFO     | __main__:run_zonal_forecast:402 -     Cocoa                   N5.93M                N6.67M            
2026-05-26 06:45:00.834 | INFO     | __main__:run_zonal_forecast:402 -     Soybeans              * N663K                 N805K             
2026-05-26 06:45:00.834 | INFO     | __main__:run_zonal_forecast:402 -     Cashew Nuts             N2.03M                N2.24M            
2026-05-26 06:45:00.834 | INFO     | __main__:run_zonal_forecast:402 -     Sorghum               * N291K               * N308K             
2026-05-26 06:45:00.834 | INFO     | __main__:run_zonal_forecast:402 -     Beans (white)         * N748K               * N862K             
2026-05-26 06:45:00.834 | INFO     | __main__:run_zonal_forecast:402 -     Beans (red)             N869K                 N1.01M            
2026-05-26 06:45:00.834 | INFO     | __main__:run_zonal_forecast:402 -     Maize (white)         * N326K               * N400K             
2026-05-26 06:45:00.834 | INFO     | __main__:run_zonal_forecast:402 -     Maize (yellow)          N356K                 N432K             
2026-05-26 06:45:00.834 | INFO     | __main__:run_zonal_forecast:402 -     Wheat                   N693K               * N792K             
2026-05-26 06:45:00.834 | INFO     | __main__:run_zonal_forecast:402 -     Rice                  --                  --                
2026-05-26 06:45:00.834 | INFO     | __main__:run_zonal_forecast:402 -   
2026-05-26 06:45:00.834 | INFO     | __main__:run_zonal_forecast:402 -   SOUTH WEST (Oyo & Lagos)
2026-05-26 06:45:00.834 | INFO     | __main__:run_zonal_forecast:402 -   Commercial capital. Lagos is the price-setter for consumer markets.
2026-05-26 06:45:00.834 | INFO     | __main__:run_zonal_forecast:402 -   
2026-05-26 06:45:00.834 | INFO     | __main__:run_zonal_forecast:402 -     Commodity           Oyo                 Lagos             
2026-05-26 06:45:00.834 | INFO     | __main__:run_zonal_forecast:402 -     ------------------------------------------------------------
2026-05-26 06:45:00.834 | INFO     | __main__:run_zonal_forecast:402 -     Hibiscus              * N2.39M              * N2.67M            
2026-05-26 06:45:00.834 | INFO     | __main__:run_zonal_forecast:402 -     Sesame                  N1.32M              * N1.47M            
2026-05-26 06:45:00.842 | INFO     | __main__:run_zonal_forecast:402 -     Ginger                  N10.48M               N11.64M           
2026-05-26 06:45:00.842 | INFO     | __main__:run_zonal_forecast:402 -     Cocoa                 * N5.03M              * N6.10M            
2026-05-26 06:45:00.842 | INFO     | __main__:run_zonal_forecast:402 -     Soybeans              * N775K               * N909K             
2026-05-26 06:45:00.844 | INFO     | __main__:run_zonal_forecast:402 -     Cashew Nuts           * N1.68M                N2.15M            
2026-05-26 06:45:00.844 | INFO     | __main__:run_zonal_forecast:402 -     Sorghum                 N352K                 N395K             
2026-05-26 06:45:00.845 | INFO     | __main__:run_zonal_forecast:402 -     Beans (white)         * N894K               * N1.04M            
2026-05-26 06:45:00.845 | INFO     | __main__:run_zonal_forecast:402 -     Beans (red)             N1.02M              * N1.14M            
2026-05-26 06:45:00.845 | INFO     | __main__:run_zonal_forecast:402 -     Maize (white)         * N400K               * N481K             
2026-05-26 06:45:00.845 | INFO     | __main__:run_zonal_forecast:402 -     Maize (yellow)          N432K               * N520K             
2026-05-26 06:45:00.845 | INFO     | __main__:run_zonal_forecast:402 -     Wheat                   N778K                 N813K             
2026-05-26 06:45:00.845 | INFO     | __main__:run_zonal_forecast:402 -     Rice                  --                  --                
2026-05-26 06:45:00.845 | INFO     | __main__:run_zonal_forecast:402 -   
2026-05-26 06:45:00.845 | INFO     | __main__:run_zonal_forecast:402 -   SOUTH EAST (Anambra & Imo)
2026-05-26 06:45:00.845 | INFO     | __main__:run_zonal_forecast:402 -   High consumption, low production of traded commodities. Import-dependent.
2026-05-26 06:45:00.850 | INFO     | __main__:run_zonal_forecast:402 -   
2026-05-26 06:45:00.850 | INFO     | __main__:run_zonal_forecast:402 -     Commodity           Anambra             Imo               
2026-05-26 06:45:00.850 | INFO     | __main__:run_zonal_forecast:402 -     ------------------------------------------------------------
2026-05-26 06:45:00.850 | INFO     | __main__:run_zonal_forecast:402 -     Hibiscus                N2.60M                N2.56M            
2026-05-26 06:45:00.850 | INFO     | __main__:run_zonal_forecast:402 -     Sesame                  N1.44M                N1.42M            
2026-05-26 06:45:00.850 | INFO     | __main__:run_zonal_forecast:402 -     Ginger                  N11.15M               N10.86M           
2026-05-26 06:45:00.850 | INFO     | __main__:run_zonal_forecast:402 -     Cocoa                 * N5.93M              * N5.14M            
2026-05-26 06:45:00.850 | INFO     | __main__:run_zonal_forecast:402 -     Soybeans                N849K                 N834K             
2026-05-26 06:45:00.850 | INFO     | __main__:run_zonal_forecast:402 -     Cashew Nuts           * N2.15M              * N2.07M            
2026-05-26 06:45:00.854 | INFO     | __main__:run_zonal_forecast:402 -     Sorghum                 N382K                 N375K             
2026-05-26 06:45:00.854 | INFO     | __main__:run_zonal_forecast:402 -     Beans (white)         * N959K               * N935K             
2026-05-26 06:45:00.854 | INFO     | __main__:run_zonal_forecast:402 -     Beans (red)           * N1.05M                N1.03M            
2026-05-26 06:45:00.854 | INFO     | __main__:run_zonal_forecast:402 -     Maize (white)         * N444K               * N433K             
2026-05-26 06:45:00.854 | INFO     | __main__:run_zonal_forecast:402 -     Maize (yellow)          N480K                 N468K             
2026-05-26 06:45:00.854 | INFO     | __main__:run_zonal_forecast:402 -     Wheat                   N834K                 N820K             
2026-05-26 06:45:00.854 | INFO     | __main__:run_zonal_forecast:402 -     Rice                  --                  --                
2026-05-26 06:45:00.854 | INFO     | __main__:run_zonal_forecast:402 -   
2026-05-26 06:45:00.854 | INFO     | __main__:run_zonal_forecast:402 -   SOUTH SOUTH (Rivers & Delta)
2026-05-26 06:45:00.858 | INFO     | __main__:run_zonal_forecast:402 -   Oil belt. High purchasing power. Cocoa producer (Delta).
2026-05-26 06:45:00.858 | INFO     | __main__:run_zonal_forecast:402 -   
2026-05-26 06:45:00.859 | INFO     | __main__:run_zonal_forecast:402 -     Commodity           Rivers              Delta             
2026-05-26 06:45:00.860 | INFO     | __main__:run_zonal_forecast:402 -     ------------------------------------------------------------
2026-05-26 06:45:00.860 | INFO     | __main__:run_zonal_forecast:402 -     Hibiscus              * N2.60M              * N2.51M            
2026-05-26 06:45:00.862 | INFO     | __main__:run_zonal_forecast:402 -     Sesame                * N1.47M              * N1.44M            
2026-05-26 06:45:00.862 | INFO     | __main__:run_zonal_forecast:402 -     Ginger                  N11.64M               N11.15M           
2026-05-26 06:45:00.862 | INFO     | __main__:run_zonal_forecast:402 -     Cocoa                 * N5.93M              * N5.25M            
2026-05-26 06:45:00.865 | INFO     | __main__:run_zonal_forecast:402 -     Soybeans                N879K               * N849K             
2026-05-26 06:45:00.865 | INFO     | __main__:run_zonal_forecast:402 -     Cashew Nuts             N2.24M                N2.15M            
2026-05-26 06:45:00.866 | INFO     | __main__:run_zonal_forecast:402 -     Sorghum                 N402K                 N395K             
2026-05-26 06:45:00.866 | INFO     | __main__:run_zonal_forecast:402 -     Beans (white)         * N992K               * N951K             
2026-05-26 06:45:00.866 | INFO     | __main__:run_zonal_forecast:402 -     Beans (red)           * N1.10M                N1.05M            
2026-05-26 06:45:00.866 | INFO     | __main__:run_zonal_forecast:402 -     Maize (white)         * N462K               * N444K             
2026-05-26 06:45:00.866 | INFO     | __main__:run_zonal_forecast:402 -     Maize (yellow)          N500K                 N480K             
2026-05-26 06:45:00.866 | INFO     | __main__:run_zonal_forecast:402 -     Wheat                   N862K                 N848K             
2026-05-26 06:45:00.866 | INFO     | __main__:run_zonal_forecast:402 -     Rice                  --                  --                
2026-05-26 06:45:00.866 | INFO     | __main__:run_zonal_forecast:402 -   
2026-05-26 06:45:00.866 | INFO     | __main__:run_zonal_forecast:402 -   ==========================================================
2026-05-26 06:45:00.866 | INFO     | __main__:run_zonal_forecast:402 -   * = primary commodity  (+/-%) = day-on-day change
2026-05-26 06:45:00.873 | INFO     | __main__:run_zonal_forecast:402 -   
2026-05-26 06:45:00.873 | INFO     | __main__:run_zonal_forecast:402 -   NATIONAL PRICE CHANGES TODAY:
2026-05-26 06:45:00.874 | INFO     | __main__:run_zonal_forecast:402 -     Commodity                   Price   Day Chg    vs Ref
2026-05-26 06:45:00.874 | INFO     | __main__:run_zonal_forecast:402 -     ------------------------------------------------------
2026-05-26 06:45:00.874 | INFO     | __main__:run_zonal_forecast:402 -     Hibiscus                   N2.33M    +0.00%    +0.00%
2026-05-26 06:45:00.877 | INFO     | __main__:run_zonal_forecast:402 -     Sesame                     N1.25M    +0.00%    +0.00%
2026-05-26 06:45:00.881 | INFO     | __main__:run_zonal_forecast:402 -     Ginger                     N9.70M    +0.00%    +0.00%
2026-05-26 06:45:00.882 | INFO     | __main__:run_zonal_forecast:402 -     Cocoa                      N5.65M    +0.00%    +0.00%
2026-05-26 06:45:00.882 | INFO     | __main__:run_zonal_forecast:402 -     Soybeans                    N745K    +0.00%    +0.00%
2026-05-26 06:45:00.883 | INFO     | __main__:run_zonal_forecast:402 -     Cashew Nuts                N1.95M    +0.00%    +0.00%
2026-05-26 06:45:00.884 | INFO     | __main__:run_zonal_forecast:402 -     Sorghum                     N335K    +0.00%    +0.00%
2026-05-26 06:45:00.884 | INFO     | __main__:run_zonal_forecast:402 -     Beans (white)               N813K    +0.00%    +0.00%
2026-05-26 06:45:00.884 | INFO     | __main__:run_zonal_forecast:402 -     Beans (red)                 N915K    +0.00%    +0.00%
2026-05-26 06:45:00.884 | INFO     | __main__:run_zonal_forecast:402 -     Maize (white)               N370K    +0.00%    +0.00%
2026-05-26 06:45:00.884 | INFO     | __main__:run_zonal_forecast:402 -     Maize (yellow)              N400K    +0.00%    +0.00%
2026-05-26 06:45:00.888 | INFO     | __main__:run_zonal_forecast:402 -     Wheat                       N707K    +0.00%    +0.00%
2026-05-26 06:45:00.888 | INFO     | __main__:run_zonal_forecast:402 -     Rice                          N0K    +0.00%    +0.00%
2026-05-26 06:45:00.888 | INFO     | __main__:run_zonal_forecast:402 -   
2026-05-26 06:45:00.888 | INFO     | __main__:run_zonal_forecast:402 -   BEST SOURCING NATIONALLY:
2026-05-26 06:45:00.888 | INFO     | __main__:run_zonal_forecast:402 -     Commodity              Best State           Price  Spread
2026-05-26 06:45:00.891 | INFO     | __main__:run_zonal_forecast:402 -     ------------------------------------------------------------
2026-05-26 06:45:00.891 | INFO     | __main__:run_zonal_forecast:402 -     Hibiscus               Kaduna              N2.16M  24% vs Lagos
2026-05-26 06:45:00.891 | INFO     | __main__:run_zonal_forecast:402 -     Sesame                 Kano                N1.03M  42% vs Lagos
2026-05-26 06:45:00.893 | INFO     | __main__:run_zonal_forecast:402 -     Ginger                 Kaduna              N6.98M  67% vs Lagos
2026-05-26 06:45:00.895 | INFO     | __main__:run_zonal_forecast:402 -     Cocoa                  Kogi                N4.97M  34% vs Borno
2026-05-26 06:45:00.895 | INFO     | __main__:run_zonal_forecast:402 -     Soybeans               Plateau              N618K  47% vs Lagos
2026-05-26 06:45:00.897 | INFO     | __main__:run_zonal_forecast:402 -     Cashew Nuts            Kogi                N1.56M  44% vs Borno
2026-05-26 06:45:00.897 | INFO     | __main__:run_zonal_forecast:402 -     Sorghum                Kano                 N261K  54% vs Rivers
2026-05-26 06:45:00.899 | INFO     | __main__:run_zonal_forecast:402 -     Beans (white)          Kano                 N707K  47% vs Lagos
2026-05-26 06:45:00.901 | INFO     | __main__:run_zonal_forecast:402 -     Beans (red)            Kano                 N824K  39% vs Lagos
2026-05-26 06:45:00.901 | INFO     | __main__:run_zonal_forecast:402 -     Maize (white)          Kano                 N296K  62% vs Lagos
2026-05-26 06:45:00.901 | INFO     | __main__:run_zonal_forecast:402 -     Maize (yellow)         Kano                 N320K  62% vs Lagos
2026-05-26 06:45:00.901 | INFO     | __main__:run_zonal_forecast:402 -     Wheat                  Kaduna               N615K  40% vs Rivers
2026-05-26 06:45:00.904 | INFO     | __main__:run_zonal_forecast:402 -   
2026-05-26 06:45:00.906 | INFO     | __main__:run_zonal_forecast:402 -   ==========================================================
2026-05-26 06:45:00.907 | INFO     | __main__:run_zonal_forecast:402 -   Source: Agrolinking Intelligence Platform
2026-05-26 06:45:00.907 | INFO     | __main__:run_zonal_forecast:402 -   Next update: 27 May 2026
2026-05-26 06:45:00.907 | INFO     | __main__:run_zonal_forecast:403 - =================================================================
2026-05-26 06:45:00.907 | SUCCESS  | __main__:run_zonal_forecast:404 - ZONAL FORECASTING COMPLETE — 6 zones | 12 states | 13 commodities
2026-05-26 12:05:50.033 | INFO     | __main__:run_zonal_forecast:348 - =================================================================
2026-05-26 12:05:50.036 | INFO     | __main__:run_zonal_forecast:349 - STEP 7 — ZONAL & STATE-LEVEL FORECASTING
2026-05-26 12:05:50.037 | INFO     | __main__:run_zonal_forecast:350 -   Date  : Tuesday, 26 May 2026  12:05
2026-05-26 12:05:50.037 | INFO     | __main__:run_zonal_forecast:351 -   Anchor: DAILY INTERPOLATED (from last_known_date, drifts daily)
2026-05-26 12:05:50.037 | INFO     | __main__:run_zonal_forecast:352 - =================================================================
2026-05-26 12:05:50.125 | INFO     | __main__:run_zonal_forecast:355 -   Source: forecast_validated_2026-05-26.json
2026-05-26 12:05:50.126 | INFO     | __main__:run_zonal_forecast:362 -   Maize (white): last_known=2026-06-02, days_elapsed=-7
2026-05-26 12:05:50.126 | INFO     | __main__:run_zonal_forecast:362 -   Hibiscus: last_known=2026-06-02, days_elapsed=-7
2026-05-26 12:05:50.127 | INFO     | __main__:run_zonal_forecast:362 -   Sesame: last_known=2026-06-02, days_elapsed=-7
2026-05-26 12:05:50.127 | INFO     | __main__:build_zonal_output:164 - 
2026-05-26 12:05:50.127 | INFO     | __main__:build_zonal_output:165 -   NATIONAL ANCHORS (interpolated from last_known_date to today):
2026-05-26 12:05:50.127 | INFO     | __main__:build_zonal_output:166 -   Commodity                 Today Price   Day Chg    vs Ref  Source
2026-05-26 12:05:50.128 | INFO     | __main__:build_zonal_output:167 -   --------------------------------------------------------------------------------
2026-05-26 12:05:50.180 | DEBUG    | __main__:get_daily_price:96 -   last_known=2026-06-02, run=2026-05-26, elapsed=-7d
2026-05-26 12:05:50.180 | INFO     | __main__:build_zonal_output:203 -   Hibiscus               N   2,325,000    +0.00%  + +0.00%  ref_price (day 0, last_known=2026-0
2026-05-26 12:05:50.181 | DEBUG    | __main__:get_daily_price:96 -   last_known=2026-06-02, run=2026-05-26, elapsed=-7d
2026-05-26 12:05:50.181 | INFO     | __main__:build_zonal_output:203 -   Sesame                 N   1,245,000    +0.00%  + +0.00%  ref_price (day 0, last_known=2026-0
2026-05-26 12:05:50.182 | DEBUG    | __main__:get_daily_price:96 -   last_known=2026-06-02, run=2026-05-26, elapsed=-7d
2026-05-26 12:05:50.182 | INFO     | __main__:build_zonal_output:203 -   Ginger                 N   9,700,000    +0.00%  + +0.00%  ref_price (day 0, last_known=2026-0
2026-05-26 12:05:50.182 | DEBUG    | __main__:get_daily_price:96 -   last_known=2026-06-02, run=2026-05-26, elapsed=-7d
2026-05-26 12:05:50.183 | INFO     | __main__:build_zonal_output:203 -   Cocoa                  N   5,650,000    +0.00%  + +0.00%  ref_price (day 0, last_known=2026-0
2026-05-26 12:05:50.183 | DEBUG    | __main__:get_daily_price:96 -   last_known=2026-06-02, run=2026-05-26, elapsed=-7d
2026-05-26 12:05:50.183 | INFO     | __main__:build_zonal_output:203 -   Soybeans               N     745,000    +0.00%  + +0.00%  ref_price (day 0, last_known=2026-0
2026-05-26 12:05:50.183 | DEBUG    | __main__:get_daily_price:96 -   last_known=2026-06-02, run=2026-05-26, elapsed=-7d
2026-05-26 12:05:50.184 | INFO     | __main__:build_zonal_output:203 -   Cashew Nuts            N   1,950,000    +0.00%  + +0.00%  ref_price (day 0, last_known=2026-0
2026-05-26 12:05:50.184 | DEBUG    | __main__:get_daily_price:96 -   last_known=2026-06-02, run=2026-05-26, elapsed=-7d
2026-05-26 12:05:50.184 | INFO     | __main__:build_zonal_output:203 -   Sorghum                N     335,000    +0.00%  + +0.00%  ref_price (day 0, last_known=2026-0
2026-05-26 12:05:50.185 | DEBUG    | __main__:get_daily_price:96 -   last_known=2026-06-02, run=2026-05-26, elapsed=-7d
2026-05-26 12:05:50.185 | INFO     | __main__:build_zonal_output:203 -   Beans (white)          N     813,000    +0.00%  + +0.00%  ref_price (day 0, last_known=2026-0
2026-05-26 12:05:50.186 | DEBUG    | __main__:get_daily_price:96 -   last_known=2026-06-02, run=2026-05-26, elapsed=-7d
2026-05-26 12:05:50.186 | INFO     | __main__:build_zonal_output:203 -   Beans (red)            N     915,000    +0.00%  + +0.00%  ref_price (day 0, last_known=2026-0
2026-05-26 12:05:50.186 | DEBUG    | __main__:get_daily_price:96 -   last_known=2026-06-02, run=2026-05-26, elapsed=-7d
2026-05-26 12:05:50.187 | INFO     | __main__:build_zonal_output:203 -   Maize (white)          N     370,000    +0.00%  + +0.00%  ref_price (day 0, last_known=2026-0
2026-05-26 12:05:50.187 | DEBUG    | __main__:get_daily_price:96 -   last_known=2026-06-02, run=2026-05-26, elapsed=-7d
2026-05-26 12:05:50.187 | INFO     | __main__:build_zonal_output:203 -   Maize (yellow)         N     400,000    +0.00%  + +0.00%  ref_price (day 0, last_known=2026-0
2026-05-26 12:05:50.188 | DEBUG    | __main__:get_daily_price:96 -   last_known=2026-06-02, run=2026-05-26, elapsed=-7d
2026-05-26 12:05:50.189 | INFO     | __main__:build_zonal_output:203 -   Wheat                  N     706,833    +0.00%  + +0.00%  ref_price (day 0, last_known=2026-0
2026-05-26 12:05:50.189 | DEBUG    | __main__:get_daily_price:96 -   last_known=2026-05-24, run=2026-05-26, elapsed=2d
2026-05-26 12:05:50.189 | INFO     | __main__:build_zonal_output:203 -   Rice                   N   1,613,955    +0.00%  + +4.13%  interp d2 (daily..weekly | +4.13% v
2026-05-26 12:05:50.190 | INFO     | __main__:build_zonal_output:206 - 
2026-05-26 12:05:50.222 | INFO     | __main__:run_zonal_forecast:368 - 
2026-05-26 12:05:50.222 | INFO     | __main__:run_zonal_forecast:369 -   Zone             State        Commodity                 State Price  Day Chg
2026-05-26 12:05:50.223 | INFO     | __main__:run_zonal_forecast:370 -   ------------------------------------------------------------------------
2026-05-26 12:05:50.223 | INFO     | __main__:run_zonal_forecast:377 -   North West       Kano         * Sesame                N   1,033,350/MT  +0.00%
2026-05-26 12:05:50.224 | INFO     | __main__:run_zonal_forecast:377 -   North West       Kano         * Sorghum               N     261,300/MT  +0.00%
2026-05-26 12:05:50.224 | INFO     | __main__:run_zonal_forecast:377 -   North West       Kano         * Beans (white)         N     707,310/MT  +0.00%
2026-05-26 12:05:50.224 | INFO     | __main__:run_zonal_forecast:377 -   North West       Kano         * Maize (white)         N     296,000/MT  +0.00%
2026-05-26 12:05:50.225 | INFO     | __main__:run_zonal_forecast:377 -   North West       Kano         * Maize (yellow)        N     320,000/MT  +0.00%
2026-05-26 12:05:50.225 | INFO     | __main__:run_zonal_forecast:377 -   North West       Kano         * Wheat                 N     629,081/MT  +0.00%
2026-05-26 12:05:50.225 | INFO     | __main__:run_zonal_forecast:377 -   North West       Kaduna       * Ginger                N   6,984,000/MT  +0.00%
2026-05-26 12:05:50.226 | INFO     | __main__:run_zonal_forecast:377 -   North West       Kaduna       * Soybeans              N     625,800/MT  +0.00%
2026-05-26 12:05:50.226 | INFO     | __main__:run_zonal_forecast:377 -   North West       Kaduna       * Sorghum               N     268,000/MT  +0.00%
2026-05-26 12:05:50.227 | INFO     | __main__:run_zonal_forecast:377 -   North West       Kaduna       * Maize (white)         N     299,700/MT  +0.00%
2026-05-26 12:05:50.227 | INFO     | __main__:run_zonal_forecast:377 -   North West       Kaduna       * Maize (yellow)        N     324,000/MT  +0.00%
2026-05-26 12:05:50.227 | INFO     | __main__:run_zonal_forecast:377 -   North West       Kaduna       * Wheat                 N     614,945/MT  +0.00%
2026-05-26 12:05:50.227 | INFO     | __main__:run_zonal_forecast:377 -   North West       Kaduna       * Rice                  N   1,500,978/MT  +0.00%
2026-05-26 12:05:50.228 | INFO     | __main__:run_zonal_forecast:377 -   North Central    Plateau      * Ginger                N   7,275,000/MT  +0.00%
2026-05-26 12:05:50.229 | INFO     | __main__:run_zonal_forecast:377 -   North Central    Plateau      * Soybeans              N     618,350/MT  +0.00%
2026-05-26 12:05:50.229 | INFO     | __main__:run_zonal_forecast:377 -   North Central    Plateau      * Beans (white)         N     731,700/MT  +0.00%
2026-05-26 12:05:50.230 | INFO     | __main__:run_zonal_forecast:377 -   North Central    Plateau      * Maize (white)         N     321,900/MT  +0.00%
2026-05-26 12:05:50.231 | INFO     | __main__:run_zonal_forecast:377 -   North Central    Plateau      * Wheat                 N     643,218/MT  +0.00%
2026-05-26 12:05:50.231 | INFO     | __main__:run_zonal_forecast:377 -   North Central    Plateau      * Rice                  N   1,452,559/MT  +0.00%
2026-05-26 12:05:50.231 | INFO     | __main__:run_zonal_forecast:377 -   North Central    Kogi         * Cocoa                 N   4,972,000/MT  +0.00%
2026-05-26 12:05:50.231 | INFO     | __main__:run_zonal_forecast:377 -   North Central    Kogi         * Soybeans              N     648,150/MT  +0.00%
2026-05-26 12:05:50.232 | INFO     | __main__:run_zonal_forecast:377 -   North Central    Kogi         * Cashew Nuts           N   1,560,000/MT  +0.00%
2026-05-26 12:05:50.232 | INFO     | __main__:run_zonal_forecast:377 -   North Central    Kogi         * Sorghum               N     304,850/MT  +0.00%
2026-05-26 12:05:50.233 | INFO     | __main__:run_zonal_forecast:377 -   North Central    Kogi         * Beans (white)         N     747,960/MT  +0.00%
2026-05-26 12:05:50.233 | INFO     | __main__:run_zonal_forecast:377 -   North Central    Kogi         * Maize (white)         N     333,000/MT  +0.00%
2026-05-26 12:05:50.234 | INFO     | __main__:run_zonal_forecast:377 -   North East       Adamawa      * Sesame                N   1,070,700/MT  +0.00%
2026-05-26 12:05:50.235 | INFO     | __main__:run_zonal_forecast:377 -   North East       Adamawa      * Ginger                N   8,051,000/MT  +0.00%
2026-05-26 12:05:50.235 | INFO     | __main__:run_zonal_forecast:377 -   North East       Adamawa      * Soybeans              N     663,050/MT  +0.00%
2026-05-26 12:05:50.236 | INFO     | __main__:run_zonal_forecast:377 -   North East       Adamawa      * Sorghum               N     291,450/MT  +0.00%
2026-05-26 12:05:50.236 | INFO     | __main__:run_zonal_forecast:377 -   North East       Adamawa      * Beans (white)         N     747,960/MT  +0.00%
2026-05-26 12:05:50.237 | INFO     | __main__:run_zonal_forecast:377 -   North East       Adamawa      * Maize (white)         N     325,600/MT  +0.00%
2026-05-26 12:05:50.237 | INFO     | __main__:run_zonal_forecast:377 -   North East       Borno        * Sesame                N   1,108,050/MT  +0.00%
2026-05-26 12:05:50.237 | INFO     | __main__:run_zonal_forecast:377 -   North East       Borno        * Sorghum               N     308,200/MT  +0.00%
2026-05-26 12:05:50.237 | INFO     | __main__:run_zonal_forecast:377 -   North East       Borno        * Beans (white)         N     861,780/MT  +0.00%
2026-05-26 12:05:50.238 | INFO     | __main__:run_zonal_forecast:377 -   North East       Borno        * Maize (white)         N     399,600/MT  +0.00%
2026-05-26 12:05:50.239 | INFO     | __main__:run_zonal_forecast:377 -   North East       Borno        * Wheat                 N     791,653/MT  +0.00%
2026-05-26 12:05:50.240 | INFO     | __main__:run_zonal_forecast:377 -   South West       Oyo          * Hibiscus              N   2,394,750/MT  +0.00%
2026-05-26 12:05:50.240 | INFO     | __main__:run_zonal_forecast:377 -   South West       Oyo          * Cocoa                 N   5,028,500/MT  +0.00%
2026-05-26 12:05:50.241 | INFO     | __main__:run_zonal_forecast:377 -   South West       Oyo          * Soybeans              N     774,800/MT  +0.00%
2026-05-26 12:05:50.241 | INFO     | __main__:run_zonal_forecast:377 -   South West       Oyo          * Cashew Nuts           N   1,677,000/MT  +0.00%
2026-05-26 12:05:50.242 | INFO     | __main__:run_zonal_forecast:377 -   South West       Oyo          * Beans (white)         N     894,300/MT  +0.00%
2026-05-26 12:05:50.242 | INFO     | __main__:run_zonal_forecast:377 -   South West       Oyo          * Maize (white)         N     399,600/MT  +0.00%
2026-05-26 12:05:50.243 | INFO     | __main__:run_zonal_forecast:377 -   South West       Lagos        * Hibiscus              N   2,673,750/MT  +0.00%
2026-05-26 12:05:50.243 | INFO     | __main__:run_zonal_forecast:377 -   South West       Lagos        * Sesame                N   1,469,100/MT  +0.00%
2026-05-26 12:05:50.244 | INFO     | __main__:run_zonal_forecast:377 -   South West       Lagos        * Cocoa                 N   6,102,000/MT  +0.00%
2026-05-26 12:05:50.244 | INFO     | __main__:run_zonal_forecast:377 -   South West       Lagos        * Soybeans              N     908,900/MT  +0.00%
2026-05-26 12:05:50.244 | INFO     | __main__:run_zonal_forecast:377 -   South West       Lagos        * Beans (white)         N   1,040,640/MT  +0.00%
2026-05-26 12:05:50.245 | INFO     | __main__:run_zonal_forecast:377 -   South West       Lagos        * Beans (red)           N   1,143,750/MT  +0.00%
2026-05-26 12:05:50.245 | INFO     | __main__:run_zonal_forecast:377 -   South West       Lagos        * Maize (white)         N     481,000/MT  +0.00%
2026-05-26 12:05:50.246 | INFO     | __main__:run_zonal_forecast:377 -   South West       Lagos        * Maize (yellow)        N     520,000/MT  +0.00%
2026-05-26 12:05:50.247 | INFO     | __main__:run_zonal_forecast:377 -   South East       Anambra      * Cocoa                 N   5,932,500/MT  +0.00%
2026-05-26 12:05:50.247 | INFO     | __main__:run_zonal_forecast:377 -   South East       Anambra      * Cashew Nuts           N   2,145,000/MT  +0.00%
2026-05-26 12:05:50.247 | INFO     | __main__:run_zonal_forecast:377 -   South East       Anambra      * Beans (white)         N     959,340/MT  +0.00%
2026-05-26 12:05:50.248 | INFO     | __main__:run_zonal_forecast:377 -   South East       Anambra      * Beans (red)           N   1,052,250/MT  +0.00%
2026-05-26 12:05:50.249 | INFO     | __main__:run_zonal_forecast:377 -   South East       Anambra      * Maize (white)         N     444,000/MT  +0.00%
2026-05-26 12:05:50.249 | INFO     | __main__:run_zonal_forecast:377 -   South East       Imo          * Cocoa                 N   5,141,500/MT  +0.00%
2026-05-26 12:05:50.249 | INFO     | __main__:run_zonal_forecast:377 -   South East       Imo          * Cashew Nuts           N   2,067,000/MT  +0.00%
2026-05-26 12:05:50.249 | INFO     | __main__:run_zonal_forecast:377 -   South East       Imo          * Beans (white)         N     934,950/MT  +0.00%
2026-05-26 12:05:50.251 | INFO     | __main__:run_zonal_forecast:377 -   South East       Imo          * Maize (white)         N     432,900/MT  +0.00%
2026-05-26 12:05:50.251 | INFO     | __main__:run_zonal_forecast:377 -   South South      Rivers       * Hibiscus              N   2,604,000/MT  +0.00%
2026-05-26 12:05:50.252 | INFO     | __main__:run_zonal_forecast:377 -   South South      Rivers       * Sesame                N   1,469,100/MT  +0.00%
2026-05-26 12:05:50.253 | INFO     | __main__:run_zonal_forecast:377 -   South South      Rivers       * Cocoa                 N   5,932,500/MT  +0.00%
2026-05-26 12:05:50.253 | INFO     | __main__:run_zonal_forecast:377 -   South South      Rivers       * Beans (white)         N     991,860/MT  +0.00%
2026-05-26 12:05:50.254 | INFO     | __main__:run_zonal_forecast:377 -   South South      Rivers       * Beans (red)           N   1,098,000/MT  +0.00%
2026-05-26 12:05:50.254 | INFO     | __main__:run_zonal_forecast:377 -   South South      Rivers       * Maize (white)         N     462,500/MT  +0.00%
2026-05-26 12:05:50.255 | INFO     | __main__:run_zonal_forecast:377 -   South South      Delta        * Hibiscus              N   2,511,000/MT  +0.00%
2026-05-26 12:05:50.255 | INFO     | __main__:run_zonal_forecast:377 -   South South      Delta        * Sesame                N   1,444,200/MT  +0.00%
2026-05-26 12:05:50.255 | INFO     | __main__:run_zonal_forecast:377 -   South South      Delta        * Cocoa                 N   5,254,500/MT  +0.00%
2026-05-26 12:05:50.256 | INFO     | __main__:run_zonal_forecast:377 -   South South      Delta        * Soybeans              N     849,300/MT  +0.00%
2026-05-26 12:05:50.256 | INFO     | __main__:run_zonal_forecast:377 -   South South      Delta        * Beans (white)         N     951,210/MT  +0.00%
2026-05-26 12:05:50.257 | INFO     | __main__:run_zonal_forecast:377 -   South South      Delta        * Maize (white)         N     444,000/MT  +0.00%
2026-05-26 12:05:50.491 | SUCCESS  | __main__:run_zonal_forecast:391 -   Zonal JSON  -> C:\Users\USER\Downloads\agrolinking-intel-structure\agrolinking-intel\outputs\forecasts\zonal\zonal_forecast_2026-05-26.json
2026-05-26 12:05:50.491 | SUCCESS  | __main__:run_zonal_forecast:397 -   Zonal alert -> C:\Users\USER\Downloads\agrolinking-intel-structure\agrolinking-intel\outputs\daily_alerts\alert_zonal_2026-05-26.txt
2026-05-26 12:05:50.491 | INFO     | __main__:run_zonal_forecast:399 - 
2026-05-26 12:05:50.491 | INFO     | __main__:run_zonal_forecast:400 - =================================================================
2026-05-26 12:05:50.498 | INFO     | __main__:run_zonal_forecast:402 -   ================================================
2026-05-26 12:05:50.498 | INFO     | __main__:run_zonal_forecast:402 -   AGROLINKING ZONAL COMMODITY INTELLIGENCE
2026-05-26 12:05:50.499 | INFO     | __main__:run_zonal_forecast:402 -   Date: Tuesday, 26 May 2026
2026-05-26 12:05:50.499 | INFO     | __main__:run_zonal_forecast:402 -   6 Zones | 12 States | 12 Commodities
2026-05-26 12:05:50.499 | INFO     | __main__:run_zonal_forecast:402 -   ================================================
2026-05-26 12:05:50.500 | INFO     | __main__:run_zonal_forecast:402 -   
2026-05-26 12:05:50.500 | INFO     | __main__:run_zonal_forecast:402 -   NORTH WEST (Kano & Kaduna)
2026-05-26 12:05:50.501 | INFO     | __main__:run_zonal_forecast:402 -   Nigeria's main grain belt. Highest Maize, Sorghum, Sesame, Wheat production.
2026-05-26 12:05:50.501 | INFO     | __main__:run_zonal_forecast:402 -   
2026-05-26 12:05:50.502 | INFO     | __main__:run_zonal_forecast:402 -     Commodity           Kano                Kaduna            
2026-05-26 12:05:50.502 | INFO     | __main__:run_zonal_forecast:402 -     ------------------------------------------------------------
2026-05-26 12:05:50.503 | INFO     | __main__:run_zonal_forecast:402 -     Hibiscus                N2.21M                N2.16M            
2026-05-26 12:05:50.503 | INFO     | __main__:run_zonal_forecast:402 -     Sesame                * N1.03M                N1.06M            
2026-05-26 12:05:50.503 | INFO     | __main__:run_zonal_forecast:402 -     Ginger                  N9.51M              * N6.98M            
2026-05-26 12:05:50.504 | INFO     | __main__:run_zonal_forecast:402 -     Cocoa                   N5.76M                N5.93M            
2026-05-26 12:05:50.504 | INFO     | __main__:run_zonal_forecast:402 -     Soybeans                N670K               * N626K             
2026-05-26 12:05:50.504 | INFO     | __main__:run_zonal_forecast:402 -     Cashew Nuts             N1.95M                N1.99M            
2026-05-26 12:05:50.504 | INFO     | __main__:run_zonal_forecast:402 -     Sorghum               * N261K               * N268K             
2026-05-26 12:05:50.504 | INFO     | __main__:run_zonal_forecast:402 -     Beans (white)         * N707K                 N715K             
2026-05-26 12:05:50.504 | INFO     | __main__:run_zonal_forecast:402 -     Beans (red)             N824K                 N833K             
2026-05-26 12:05:50.504 | INFO     | __main__:run_zonal_forecast:402 -     Maize (white)         * N296K               * N300K             
2026-05-26 12:05:50.504 | INFO     | __main__:run_zonal_forecast:402 -     Maize (yellow)        * N320K               * N324K             
2026-05-26 12:05:50.504 | INFO     | __main__:run_zonal_forecast:402 -     Wheat                 * N629K               * N615K             
2026-05-26 12:05:50.504 | INFO     | __main__:run_zonal_forecast:402 -     Rice                    N1.53M              * N1.50M            
2026-05-26 12:05:50.504 | INFO     | __main__:run_zonal_forecast:402 -   
2026-05-26 12:05:50.504 | INFO     | __main__:run_zonal_forecast:402 -   NORTH CENTRAL (Plateau & Kogi)
2026-05-26 12:05:50.504 | INFO     | __main__:run_zonal_forecast:402 -   Middle Belt. Ginger heartland (Plateau), Cashew/Cocoa belt (Kogi).
2026-05-26 12:05:50.504 | INFO     | __main__:run_zonal_forecast:402 -   
2026-05-26 12:05:50.504 | INFO     | __main__:run_zonal_forecast:402 -     Commodity           Plateau             Kogi              
2026-05-26 12:05:50.504 | INFO     | __main__:run_zonal_forecast:402 -     ------------------------------------------------------------
2026-05-26 12:05:50.504 | INFO     | __main__:run_zonal_forecast:402 -     Hibiscus                N2.26M                N2.23M            
2026-05-26 12:05:50.504 | INFO     | __main__:run_zonal_forecast:402 -     Sesame                  N1.20M                N1.21M            
2026-05-26 12:05:50.504 | INFO     | __main__:run_zonal_forecast:402 -     Ginger                * N7.28M                N9.12M            
2026-05-26 12:05:50.504 | INFO     | __main__:run_zonal_forecast:402 -     Cocoa                   N6.10M              * N4.97M            
2026-05-26 12:05:50.510 | INFO     | __main__:run_zonal_forecast:402 -     Soybeans              * N618K               * N648K             
2026-05-26 12:05:50.510 | INFO     | __main__:run_zonal_forecast:402 -     Cashew Nuts             N2.05M              * N1.56M            
2026-05-26 12:05:50.512 | INFO     | __main__:run_zonal_forecast:402 -     Sorghum                 N308K               * N305K             
2026-05-26 12:05:50.512 | INFO     | __main__:run_zonal_forecast:402 -     Beans (white)         * N732K               * N748K             
2026-05-26 12:05:50.512 | INFO     | __main__:run_zonal_forecast:402 -     Beans (red)             N869K                 N860K             
2026-05-26 12:05:50.512 | INFO     | __main__:run_zonal_forecast:402 -     Maize (white)         * N322K               * N333K             
2026-05-26 12:05:50.512 | INFO     | __main__:run_zonal_forecast:402 -     Maize (yellow)          N352K                 N364K             
2026-05-26 12:05:50.512 | INFO     | __main__:run_zonal_forecast:402 -     Wheat                 * N643K                 N686K             
2026-05-26 12:05:50.514 | INFO     | __main__:run_zonal_forecast:402 -     Rice                  * N1.45M                N1.57M            
2026-05-26 12:05:50.514 | INFO     | __main__:run_zonal_forecast:402 -   
2026-05-26 12:05:50.514 | INFO     | __main__:run_zonal_forecast:402 -   NORTH EAST (Adamawa & Borno)
2026-05-26 12:05:50.515 | INFO     | __main__:run_zonal_forecast:402 -   Semi-arid. Sorghum, Maize. Conflict premium on imports in Borno.
2026-05-26 12:05:50.515 | INFO     | __main__:run_zonal_forecast:402 -   
2026-05-26 12:05:50.516 | INFO     | __main__:run_zonal_forecast:402 -     Commodity           Adamawa             Borno             
2026-05-26 12:05:50.516 | INFO     | __main__:run_zonal_forecast:402 -     ------------------------------------------------------------
2026-05-26 12:05:50.517 | INFO     | __main__:run_zonal_forecast:402 -     Hibiscus                N2.28M                N2.44M            
2026-05-26 12:05:50.518 | INFO     | __main__:run_zonal_forecast:402 -     Sesame                * N1.07M              * N1.11M            
2026-05-26 12:05:50.518 | INFO     | __main__:run_zonal_forecast:402 -     Ginger                * N8.05M                N11.15M           
2026-05-26 12:05:50.519 | INFO     | __main__:run_zonal_forecast:402 -     Cocoa                   N5.93M                N6.67M            
2026-05-26 12:05:50.519 | INFO     | __main__:run_zonal_forecast:402 -     Soybeans              * N663K                 N805K             
2026-05-26 12:05:50.520 | INFO     | __main__:run_zonal_forecast:402 -     Cashew Nuts             N2.03M                N2.24M            
2026-05-26 12:05:50.521 | INFO     | __main__:run_zonal_forecast:402 -     Sorghum               * N291K               * N308K             
2026-05-26 12:05:50.521 | INFO     | __main__:run_zonal_forecast:402 -     Beans (white)         * N748K               * N862K             
2026-05-26 12:05:50.522 | INFO     | __main__:run_zonal_forecast:402 -     Beans (red)             N869K                 N1.01M            
2026-05-26 12:05:50.522 | INFO     | __main__:run_zonal_forecast:402 -     Maize (white)         * N326K               * N400K             
2026-05-26 12:05:50.522 | INFO     | __main__:run_zonal_forecast:402 -     Maize (yellow)          N356K                 N432K             
2026-05-26 12:05:50.523 | INFO     | __main__:run_zonal_forecast:402 -     Wheat                   N693K               * N792K             
2026-05-26 12:05:50.523 | INFO     | __main__:run_zonal_forecast:402 -     Rice                    N1.65M                N1.78M            
2026-05-26 12:05:50.523 | INFO     | __main__:run_zonal_forecast:402 -   
2026-05-26 12:05:50.524 | INFO     | __main__:run_zonal_forecast:402 -   SOUTH WEST (Oyo & Lagos)
2026-05-26 12:05:50.524 | INFO     | __main__:run_zonal_forecast:402 -   Commercial capital. Lagos is the price-setter for consumer markets.
2026-05-26 12:05:50.524 | INFO     | __main__:run_zonal_forecast:402 -   
2026-05-26 12:05:50.525 | INFO     | __main__:run_zonal_forecast:402 -     Commodity           Oyo                 Lagos             
2026-05-26 12:05:50.525 | INFO     | __main__:run_zonal_forecast:402 -     ------------------------------------------------------------
2026-05-26 12:05:50.525 | INFO     | __main__:run_zonal_forecast:402 -     Hibiscus              * N2.39M              * N2.67M            
2026-05-26 12:05:50.526 | INFO     | __main__:run_zonal_forecast:402 -     Sesame                  N1.32M              * N1.47M            
2026-05-26 12:05:50.526 | INFO     | __main__:run_zonal_forecast:402 -     Ginger                  N10.48M               N11.64M           
2026-05-26 12:05:50.526 | INFO     | __main__:run_zonal_forecast:402 -     Cocoa                 * N5.03M              * N6.10M            
2026-05-26 12:05:50.528 | INFO     | __main__:run_zonal_forecast:402 -     Soybeans              * N775K               * N909K             
2026-05-26 12:05:50.529 | INFO     | __main__:run_zonal_forecast:402 -     Cashew Nuts           * N1.68M                N2.15M            
2026-05-26 12:05:50.529 | INFO     | __main__:run_zonal_forecast:402 -     Sorghum                 N352K                 N395K             
2026-05-26 12:05:50.529 | INFO     | __main__:run_zonal_forecast:402 -     Beans (white)         * N894K               * N1.04M            
2026-05-26 12:05:50.531 | INFO     | __main__:run_zonal_forecast:402 -     Beans (red)             N1.02M              * N1.14M            
2026-05-26 12:05:50.531 | INFO     | __main__:run_zonal_forecast:402 -     Maize (white)         * N400K               * N481K             
2026-05-26 12:05:50.531 | INFO     | __main__:run_zonal_forecast:402 -     Maize (yellow)          N432K               * N520K             
2026-05-26 12:05:50.531 | INFO     | __main__:run_zonal_forecast:402 -     Wheat                   N778K                 N813K             
2026-05-26 12:05:50.531 | INFO     | __main__:run_zonal_forecast:402 -     Rice                    N1.74M                N1.90M            
2026-05-26 12:05:50.531 | INFO     | __main__:run_zonal_forecast:402 -   
2026-05-26 12:05:50.531 | INFO     | __main__:run_zonal_forecast:402 -   SOUTH EAST (Anambra & Imo)
2026-05-26 12:05:50.531 | INFO     | __main__:run_zonal_forecast:402 -   High consumption, low production of traded commodities. Import-dependent.
2026-05-26 12:05:50.535 | INFO     | __main__:run_zonal_forecast:402 -   
2026-05-26 12:05:50.535 | INFO     | __main__:run_zonal_forecast:402 -     Commodity           Anambra             Imo               
2026-05-26 12:05:50.536 | INFO     | __main__:run_zonal_forecast:402 -     ------------------------------------------------------------
2026-05-26 12:05:50.536 | INFO     | __main__:run_zonal_forecast:402 -     Hibiscus                N2.60M                N2.56M            
2026-05-26 12:05:50.537 | INFO     | __main__:run_zonal_forecast:402 -     Sesame                  N1.44M                N1.42M            
2026-05-26 12:05:50.537 | INFO     | __main__:run_zonal_forecast:402 -     Ginger                  N11.15M               N10.86M           
2026-05-26 12:05:50.538 | INFO     | __main__:run_zonal_forecast:402 -     Cocoa                 * N5.93M              * N5.14M            
2026-05-26 12:05:50.538 | INFO     | __main__:run_zonal_forecast:402 -     Soybeans                N849K                 N834K             
2026-05-26 12:05:50.538 | INFO     | __main__:run_zonal_forecast:402 -     Cashew Nuts           * N2.15M              * N2.07M            
2026-05-26 12:05:50.539 | INFO     | __main__:run_zonal_forecast:402 -     Sorghum                 N382K                 N375K             
2026-05-26 12:05:50.539 | INFO     | __main__:run_zonal_forecast:402 -     Beans (white)         * N959K               * N935K             
2026-05-26 12:05:50.539 | INFO     | __main__:run_zonal_forecast:402 -     Beans (red)           * N1.05M                N1.03M            
2026-05-26 12:05:50.539 | INFO     | __main__:run_zonal_forecast:402 -     Maize (white)         * N444K               * N433K             
2026-05-26 12:05:50.540 | INFO     | __main__:run_zonal_forecast:402 -     Maize (yellow)          N480K                 N468K             
2026-05-26 12:05:50.540 | INFO     | __main__:run_zonal_forecast:402 -     Wheat                   N834K                 N820K             
2026-05-26 12:05:50.541 | INFO     | __main__:run_zonal_forecast:402 -     Rice                    N1.81M                N1.78M            
2026-05-26 12:05:50.541 | INFO     | __main__:run_zonal_forecast:402 -   
2026-05-26 12:05:50.541 | INFO     | __main__:run_zonal_forecast:402 -   SOUTH SOUTH (Rivers & Delta)
2026-05-26 12:05:50.543 | INFO     | __main__:run_zonal_forecast:402 -   Oil belt. High purchasing power. Cocoa producer (Delta).
2026-05-26 12:05:50.543 | INFO     | __main__:run_zonal_forecast:402 -   
2026-05-26 12:05:50.543 | INFO     | __main__:run_zonal_forecast:402 -     Commodity           Rivers              Delta             
2026-05-26 12:05:50.543 | INFO     | __main__:run_zonal_forecast:402 -     ------------------------------------------------------------
2026-05-26 12:05:50.543 | INFO     | __main__:run_zonal_forecast:402 -     Hibiscus              * N2.60M              * N2.51M            
2026-05-26 12:05:50.543 | INFO     | __main__:run_zonal_forecast:402 -     Sesame                * N1.47M              * N1.44M            
2026-05-26 12:05:50.543 | INFO     | __main__:run_zonal_forecast:402 -     Ginger                  N11.64M               N11.15M           
2026-05-26 12:05:50.543 | INFO     | __main__:run_zonal_forecast:402 -     Cocoa                 * N5.93M              * N5.25M            
2026-05-26 12:05:50.543 | INFO     | __main__:run_zonal_forecast:402 -     Soybeans                N879K               * N849K             
2026-05-26 12:05:50.543 | INFO     | __main__:run_zonal_forecast:402 -     Cashew Nuts             N2.24M                N2.15M            
2026-05-26 12:05:50.543 | INFO     | __main__:run_zonal_forecast:402 -     Sorghum                 N402K                 N395K             
2026-05-26 12:05:50.548 | INFO     | __main__:run_zonal_forecast:402 -     Beans (white)         * N992K               * N951K             
2026-05-26 12:05:50.549 | INFO     | __main__:run_zonal_forecast:402 -     Beans (red)           * N1.10M                N1.05M            
2026-05-26 12:05:50.549 | INFO     | __main__:run_zonal_forecast:402 -     Maize (white)         * N462K               * N444K             
2026-05-26 12:05:50.549 | INFO     | __main__:run_zonal_forecast:402 -     Maize (yellow)          N500K                 N480K             
2026-05-26 12:05:50.551 | INFO     | __main__:run_zonal_forecast:402 -     Wheat                   N862K                 N848K             
2026-05-26 12:05:50.551 | INFO     | __main__:run_zonal_forecast:402 -     Rice                    N1.86M                N1.81M            
2026-05-26 12:05:50.551 | INFO     | __main__:run_zonal_forecast:402 -   
2026-05-26 12:05:50.552 | INFO     | __main__:run_zonal_forecast:402 -   ==========================================================
2026-05-26 12:05:50.552 | INFO     | __main__:run_zonal_forecast:402 -   * = primary commodity  (+/-%) = day-on-day change
2026-05-26 12:05:50.553 | INFO     | __main__:run_zonal_forecast:402 -   
2026-05-26 12:05:50.553 | INFO     | __main__:run_zonal_forecast:402 -   NATIONAL PRICE CHANGES TODAY:
2026-05-26 12:05:50.554 | INFO     | __main__:run_zonal_forecast:402 -     Commodity                   Price   Day Chg    vs Ref
2026-05-26 12:05:50.554 | INFO     | __main__:run_zonal_forecast:402 -     ------------------------------------------------------
2026-05-26 12:05:50.554 | INFO     | __main__:run_zonal_forecast:402 -     Hibiscus                   N2.33M    +0.00%    +0.00%
2026-05-26 12:05:50.555 | INFO     | __main__:run_zonal_forecast:402 -     Sesame                     N1.25M    +0.00%    +0.00%
2026-05-26 12:05:50.555 | INFO     | __main__:run_zonal_forecast:402 -     Ginger                     N9.70M    +0.00%    +0.00%
2026-05-26 12:05:50.556 | INFO     | __main__:run_zonal_forecast:402 -     Cocoa                      N5.65M    +0.00%    +0.00%
2026-05-26 12:05:50.556 | INFO     | __main__:run_zonal_forecast:402 -     Soybeans                    N745K    +0.00%    +0.00%
2026-05-26 12:05:50.557 | INFO     | __main__:run_zonal_forecast:402 -     Cashew Nuts                N1.95M    +0.00%    +0.00%
2026-05-26 12:05:50.557 | INFO     | __main__:run_zonal_forecast:402 -     Sorghum                     N335K    +0.00%    +0.00%
2026-05-26 12:05:50.557 | INFO     | __main__:run_zonal_forecast:402 -     Beans (white)               N813K    +0.00%    +0.00%
2026-05-26 12:05:50.558 | INFO     | __main__:run_zonal_forecast:402 -     Beans (red)                 N915K    +0.00%    +0.00%
2026-05-26 12:05:50.559 | INFO     | __main__:run_zonal_forecast:402 -     Maize (white)               N370K    +0.00%    +0.00%
2026-05-26 12:05:50.559 | INFO     | __main__:run_zonal_forecast:402 -     Maize (yellow)              N400K    +0.00%    +0.00%
2026-05-26 12:05:50.560 | INFO     | __main__:run_zonal_forecast:402 -     Wheat                       N707K    +0.00%    +0.00%
2026-05-26 12:05:50.560 | INFO     | __main__:run_zonal_forecast:402 -     Rice                       N1.61M    +0.00%    +4.13%
2026-05-26 12:05:50.560 | INFO     | __main__:run_zonal_forecast:402 -   
2026-05-26 12:05:50.560 | INFO     | __main__:run_zonal_forecast:402 -   BEST SOURCING NATIONALLY:
2026-05-26 12:05:50.560 | INFO     | __main__:run_zonal_forecast:402 -     Commodity              Best State           Price  Spread
2026-05-26 12:05:50.560 | INFO     | __main__:run_zonal_forecast:402 -     ------------------------------------------------------------
2026-05-26 12:05:50.560 | INFO     | __main__:run_zonal_forecast:402 -     Hibiscus               Kaduna              N2.16M  24% vs Lagos
2026-05-26 12:05:50.560 | INFO     | __main__:run_zonal_forecast:402 -     Sesame                 Kano                N1.03M  42% vs Lagos
2026-05-26 12:05:50.560 | INFO     | __main__:run_zonal_forecast:402 -     Ginger                 Kaduna              N6.98M  67% vs Lagos
2026-05-26 12:05:50.560 | INFO     | __main__:run_zonal_forecast:402 -     Cocoa                  Kogi                N4.97M  34% vs Borno
2026-05-26 12:05:50.564 | INFO     | __main__:run_zonal_forecast:402 -     Soybeans               Plateau              N618K  47% vs Lagos
2026-05-26 12:05:50.564 | INFO     | __main__:run_zonal_forecast:402 -     Cashew Nuts            Kogi                N1.56M  44% vs Borno
2026-05-26 12:05:50.564 | INFO     | __main__:run_zonal_forecast:402 -     Sorghum                Kano                 N261K  54% vs Rivers
2026-05-26 12:05:50.564 | INFO     | __main__:run_zonal_forecast:402 -     Beans (white)          Kano                 N707K  47% vs Lagos
2026-05-26 12:05:50.564 | INFO     | __main__:run_zonal_forecast:402 -     Beans (red)            Kano                 N824K  39% vs Lagos
2026-05-26 12:05:50.564 | INFO     | __main__:run_zonal_forecast:402 -     Maize (white)          Kano                 N296K  62% vs Lagos
2026-05-26 12:05:50.564 | INFO     | __main__:run_zonal_forecast:402 -     Maize (yellow)         Kano                 N320K  62% vs Lagos
2026-05-26 12:05:50.564 | INFO     | __main__:run_zonal_forecast:402 -     Wheat                  Kaduna               N615K  40% vs Rivers
2026-05-26 12:05:50.568 | INFO     | __main__:run_zonal_forecast:402 -     Rice                   Plateau             N1.45M  31% vs Lagos
2026-05-26 12:05:50.568 | INFO     | __main__:run_zonal_forecast:402 -   
2026-05-26 12:05:50.569 | INFO     | __main__:run_zonal_forecast:402 -   ==========================================================
2026-05-26 12:05:50.569 | INFO     | __main__:run_zonal_forecast:402 -   Source: Agrolinking Intelligence Platform
2026-05-26 12:05:50.569 | INFO     | __main__:run_zonal_forecast:402 -   Next update: 27 May 2026
2026-05-26 12:05:50.570 | INFO     | __main__:run_zonal_forecast:403 - =================================================================
2026-05-26 12:05:50.571 | SUCCESS  | __main__:run_zonal_forecast:404 - ZONAL FORECASTING COMPLETE — 6 zones | 12 states | 13 commodities
